year,raw_precinct_key,canonical_precinct_key
2008,ALAMANCE - ALBRIGHT,ALAMANCE - 07
2008,ALAMANCE - BOONE 5,ALAMANCE - 035
2008,ALAMANCE - BURLINGTON 10,ALAMANCE - 1210
2008,ALAMANCE - BURLINGTON 4,ALAMANCE - 124
2008,ALAMANCE - BURLINGTON 5,ALAMANCE - 125
2008,ALAMANCE - BURLINGTON 6,ALAMANCE - 126
2008,ALAMANCE - BURLINGTON 7,ALAMANCE - 127
2008,ALAMANCE - BURLINGTON 8,ALAMANCE - 128
2008,ALAMANCE - BURLINGTON 9,ALAMANCE - 129
2008,ALAMANCE - CENTRAL BOONE,ALAMANCE - 03C
2008,ALAMANCE - COBLE,ALAMANCE - 02
2008,ALAMANCE - EAST BURLINGTON,ALAMANCE - 12E
2008,ALAMANCE - EAST GRAHAM,ALAMANCE - 06E
2008,ALAMANCE - FAUCETTE,ALAMANCE - 05
2008,ALAMANCE - GRAHAM 3,ALAMANCE - 063
2008,ALAMANCE - GRAHAM 4,ALAMANCE - 064
2008,ALAMANCE - HAW RIVER,ALAMANCE - 13
2008,ALAMANCE - MELVILLE 3,ALAMANCE - 103
2008,ALAMANCE - MORTON,ALAMANCE - 04
2008,ALAMANCE - NORTH BOONE,ALAMANCE - 03N
2008,ALAMANCE - NORTH BURLINGTON,ALAMANCE - 12N
2008,ALAMANCE - NORTH GRAHAM,ALAMANCE - 06N
2008,ALAMANCE - NORTH MELVILLE,ALAMANCE - 10N
2008,ALAMANCE - NORTH NEWLIN,ALAMANCE - 08N
2008,ALAMANCE - NORTH THOMPSON,ALAMANCE - 09N
2008,ALAMANCE - PATTERSON,ALAMANCE - 01
2008,ALAMANCE - PLEASANT GROVE,ALAMANCE - 11
2008,ALAMANCE - SOUTH BOONE,ALAMANCE - 03SE
2008,ALAMANCE - SOUTH BURLINGTON,ALAMANCE - 12S
2008,ALAMANCE - SOUTH GRAHAM,ALAMANCE - 06S
2008,ALAMANCE - SOUTH MELVILLE,ALAMANCE - 10S1
2008,ALAMANCE - SOUTH NEWLIN,ALAMANCE - 08S
2008,ALAMANCE - SOUTH THOMPSON,ALAMANCE - 09S
2008,ALAMANCE - WEST BOONE,ALAMANCE - 03W
2008,ALAMANCE - WEST BURLINGTON,ALAMANCE - 12W
2008,ALAMANCE - WEST GRAHAM,ALAMANCE - 06W
2008,ALEXANDER - BETHLEHEM #1,ALEXANDER - B1
2008,ALEXANDER - BETHLEHEM #2,ALEXANDER - B2
2008,ALEXANDER - ELLENDALE,ALEXANDER - E
2008,ALEXANDER - GWALTNEY #1,ALEXANDER - G1G2
2008,ALEXANDER - GWALTNEY #2,ALEXANDER - G1G2
2008,ALEXANDER - LITTLE RIVER,ALEXANDER - LRSL
2008,ALEXANDER - MILLERS,ALEXANDER - M
2008,ALEXANDER - SHARPES #1,ALEXANDER - S1S2
2008,ALEXANDER - SHARPES #2,ALEXANDER - S1S2
2008,ALEXANDER - SUGAR LOAF,ALEXANDER - LRSL
2008,ALEXANDER - TAYLORSVILLE #1,ALEXANDER - T1T4T5
2008,ALEXANDER - TAYLORSVILLE #2,ALEXANDER - T2T3
2008,ALEXANDER - TAYLORSVILLE #3,ALEXANDER - T2T3
2008,ALEXANDER - TAYLORSVILLE #4,ALEXANDER - T1T4T5
2008,ALEXANDER - TAYLORSVILLE #5,ALEXANDER - T1T4T5
2008,ALEXANDER - WITTENBURG,ALEXANDER - W
2008,ALLEGHANY - CHERRY LANE,ALLEGHANY - 01
2008,ALLEGHANY - CRANBERRY,ALLEGHANY - 06A
2008,ALLEGHANY - GAP CIVIL,ALLEGHANY - 03A
2008,ALLEGHANY - GLADE CREEK,ALLEGHANY - 04
2008,ALLEGHANY - PINEY CREEK,ALLEGHANY - 06A
2008,ALLEGHANY - PRATHERS CREEK,ALLEGHANY - 06A
2008,ALLEGHANY - WHITEHEAD,ALLEGHANY - 03A
2008,ANSON - ANSONVILLE,ANSON - ANS
2008,ANSON - BURNSVILLE,ANSON - BURN
2008,ANSON - GULLEDGE,ANSON - GULL
2008,ANSON - LILESVILLE,ANSON - LILE
2008,ANSON - MORVEN/MCFARLAN,ANSON - MM
2008,ANSON - PEACHLAND,ANSON - PEAC
2008,ANSON - POLKTON,ANSON - POLK
2008,ANSON - WADESBORO 1,ANSON - WADES
2008,ANSON - WADESBORO 2,ANSON - WADES
2008,ANSON - WADESBORO 3,ANSON - WADES
2008,ANSON - WHITE STORE,ANSON - WS
2008,ASHE - CLIFTON,ASHE - 02
2008,ASHE - CRESTON,ASHE - 03
2008,ASHE - ELK,ASHE - 04
2008,ASHE - HELTON,ASHE - 06
2008,ASHE - HORSE CREEK,ASHE - 07
2008,ASHE - HURRICANE,ASHE - 08
2008,ASHE - JEFFERSON,ASHE - 09
2008,ASHE - LAUREL,ASHE - 10
2008,ASHE - NEW RIVER,ASHE - 11
2008,ASHE - NORTH FORK,ASHE - 12
2008,ASHE - OBIDS,ASHE - 13
2008,ASHE - OLD FIELDS,ASHE - 14
2008,ASHE - PEAK CREEK,ASHE - 15
2008,ASHE - PINE SWAMP,ASHE - 16
2008,ASHE - PINEY CREEK,ASHE - 17
2008,ASHE - POND MOUNTAIN,ASHE - 18
2008,ASHE - WEST JEFFERSON,ASHE - 20
2008,AVERY - ALTAMONT,AVERY - 01
2008,AVERY - BANNER ELK,AVERY - 02
2008,AVERY - BEECH MOUNTAIN,AVERY - 03
2008,AVERY - CAREYS FLAT,AVERY - 04
2008,AVERY - CRANBERRY,AVERY - 05
2008,AVERY - ELK PARK,AVERY - 06
2008,AVERY - FRANK,AVERY - 07
2008,AVERY - HEATON,AVERY - 08
2008,AVERY - HUGHES,AVERY - 09
2008,AVERY - INGALLS,AVERY - 10
2008,AVERY - LINVILLE,AVERY - 11
2008,AVERY - MINNEAPOLIS,AVERY - 12
2008,AVERY - MONTEZUMA,AVERY - 13
2008,AVERY - NEWLAND # 1,AVERY - 14
2008,AVERY - NEWLAND # 2,AVERY - 15
2008,AVERY - PINEOLA,AVERY - 16
2008,AVERY - PLUMTREE,AVERY - 17
2008,AVERY - PYATTE,AVERY - 18
2008,AVERY - ROARING CREEK,AVERY - 19
2008,BEAUFORT - AURORA,BEAUFORT - AUROR
2008,BEAUFORT - BEAVER DAM,BEAUFORT - BEADM
2008,BEAUFORT - BELHAVEN,BEAUFORT - BELHV
2008,BEAUFORT - BLOUNTS CREEK,BEAUFORT - BLCK
2008,BEAUFORT - CHOCOWINITY,BEAUFORT - CHOCO
2008,BEAUFORT - EDWARD,BEAUFORT - EDWAR
2008,BEAUFORT - GILEAD,BEAUFORT - GILEA
2008,BEAUFORT - HUNTERS BRIDGE,BEAUFORT - HB
2008,BEAUFORT - NORTH CREEK,BEAUFORT - NCRK
2008,BEAUFORT - OLD FORD,BEAUFORT - OLDF
2008,BEAUFORT - P S JONES-WASH W3,BEAUFORT - PSJW3
2008,BEAUFORT - PANTEGO,BEAUFORT - PANTE
2008,BEAUFORT - PINETOWN,BEAUFORT - PINET
2008,BEAUFORT - RIVER ROAD,BEAUFORT - RVRD
2008,BEAUFORT - SURRY-BATH,BEAUFORT - SURBA
2008,BEAUFORT - TRANTERS CREEK,BEAUFORT - TCRK
2008,BEAUFORT - WASHINGTON PARK,BEAUFORT - WASHP
2008,BEAUFORT - WASHINGTON WARD 1,BEAUFORT - WASH1
2008,BEAUFORT - WASHINGTON WARD 2,BEAUFORT - WASH2
2008,BEAUFORT - WASHINGTON WARD 4,BEAUFORT - WASH4
2008,BEAUFORT - WOODARDS POND,BEAUFORT - WDPD
2008,BERTIE - COLERAIN 1,BERTIE - C1
2008,BERTIE - COLERAIN 2,BERTIE - C2
2008,BERTIE - INDIAN WOODS,BERTIE - IW
2008,BERTIE - MERRY HILL,BERTIE - MH
2008,BERTIE - MITCHELLS 1,BERTIE - M1
2008,BERTIE - MITCHELLS 2,BERTIE - M2
2008,BERTIE - ROXOBEL,BERTIE - RX
2008,BERTIE - SNAKEBITE,BERTIE - SN
2008,BERTIE - WHITES,BERTIE - WH
2008,BERTIE - WINDSOR 1,BERTIE - W1
2008,BERTIE - WINDSOR 2,BERTIE - W2
2008,BERTIE - WOODVILLE,BERTIE - WD
2008,BLADEN - ABBOTTS,BLADEN - P10
2008,BLADEN - BETHEL,BLADEN - P15
2008,BLADEN - BLADENBORO #1,BLADEN - P201
2008,BLADEN - BLADENBORO #2,BLADEN - P202
2008,BLADEN - BROWN MARSH,BLADEN - P25
2008,BLADEN - CARVERS CREEK,BLADEN - P30
2008,BLADEN - CENTRAL,BLADEN - P35
2008,BLADEN - COLLY,BLADEN - P40
2008,BLADEN - CYPRESS CREEK,BLADEN - P45
2008,BLADEN - ELIZABETHTOWN #1,BLADEN - P501
2008,BLADEN - ELIZABETHTOWN #2,BLADEN - P502
2008,BLADEN - FRENCHES CREEK,BLADEN - P55
2008,BLADEN - HOLLOW,BLADEN - P60
2008,BLADEN - LAKE CREEK,BLADEN - P65
2008,BLADEN - TURNBULL,BLADEN - P70
2008,BLADEN - WHITE OAK,BLADEN - P80
2008,BLADEN - WHITES CREEK,BLADEN - P75
2008,BRUNSWICK - BOILING SPRING LAKES,BRUNSWICK - SB02
2008,BRUNSWICK - BOLIVIA,BRUNSWICK - SB01
2008,BRUNSWICK - FRYING PAN,BRUNSWICK - CB03
2008,BRUNSWICK - GRISSETTOWN,BRUNSWICK - WB06
2008,BRUNSWICK - HOOD CREEK,BRUNSWICK - NB01
2008,BRUNSWICK - LELAND,BRUNSWICK - NB02
2008,BRUNSWICK - LONGWOOD,BRUNSWICK - WB03
2008,BRUNSWICK - OAK ISLAND 1,BRUNSWICK - SB08
2008,BRUNSWICK - OAK ISLAND 2,BRUNSWICK - SB07
2008,BRUNSWICK - OAK ISLAND 3,BRUNSWICK - SB06
2008,BRUNSWICK - SECESSION 1,BRUNSWICK - CB05
2008,BRUNSWICK - SECESSION 2,BRUNSWICK - CB04
2008,BRUNSWICK - SHALLOTTE,BRUNSWICK - CB02
2008,BRUNSWICK - SHINGLETREE 2,BRUNSWICK - WB04
2008,BRUNSWICK - SOUTHPORT 1,BRUNSWICK - SB04
2008,BRUNSWICK - SOUTHPORT 2,BRUNSWICK - SB05
2008,BRUNSWICK - SUPPLY,BRUNSWICK - CB01
2008,BRUNSWICK - TOWNCREEK,BRUNSWICK - NB03
2008,BRUNSWICK - WACCAMAW,BRUNSWICK - WB01
2008,BRUNSWICK - WOODBURN,BRUNSWICK - NB05
2008,BUNCOMBE - 01.1 - STEPHENS LEE COMMUNITY CENTER,BUNCOMBE - 01.1
2008,BUNCOMBE - 02.1 - MONTFORD COMMUNITY CENTER,BUNCOMBE - 02.1
2008,BUNCOMBE - 03.1 - ST MARKS LUTHERAN CHURCH,BUNCOMBE - 03.1
2008,BUNCOMBE - 04.1 - NORTH ASHEVILLE COMMUNITY CENTER,BUNCOMBE - 04.1
2008,BUNCOMBE - 05.1 - ST EUGENES CHURCH,BUNCOMBE - 05.1
2008,BUNCOMBE - 06.1 - TRINITY PRESBYTERIAN CHURCH,BUNCOMBE - 06.1
2008,BUNCOMBE - 07.1 - KENILWORTH PRESBYTERIAN CHURCH,BUNCOMBE - 07.1
2008,BUNCOMBE - 09.1 - MURPHY-OAKLEY COMMUNITY CENTER,BUNCOMBE - 09.1
2008,BUNCOMBE - 10.1 - W C REID RECREATION CENTER,BUNCOMBE - 10.1
2008,BUNCOMBE - 11.1 - ASHEVILLE SENIOR OPPORTUNITY CENTER,BUNCOMBE - 11.1
2008,BUNCOMBE - 12.1 - HALL FLETCHER SCHOOL,BUNCOMBE - 12.1
2008,BUNCOMBE - 13.1 - GRACE BAPTIST CHURCH,BUNCOMBE - 13.1
2008,BUNCOMBE - 14.2 - ASHEVILLE PRE-SCHOOL,BUNCOMBE - 14.2
2008,BUNCOMBE - 14.3 - ELIADA HOME - PAUL AMOS REC CENTER,BUNCOMBE - 14.3
2008,BUNCOMBE - 15.1 - VANCE ELEMENTARY SCHOOL,BUNCOMBE - 15.1
2008,BUNCOMBE - 16.2 - WEST ASHEVILLE LIBRARY,BUNCOMBE - 16.2
2008,BUNCOMBE - 17.1 - BETH ISRAEL SYNAGOGUE,BUNCOMBE - 17.1
2008,BUNCOMBE - 18.2 - TC ROBERSON HIGH SCHOOL,BUNCOMBE - 18.2
2008,BUNCOMBE - 19.1 - SKYLAND FIRE DEPARTMENT,BUNCOMBE - 19.1
2008,BUNCOMBE - 20.1 - ASHEVILLE APOSTOLIC CHURCH,BUNCOMBE - 20.1
2008,BUNCOMBE - 21.1 - HAW CREEK ELEMENTARY SCHOOL,BUNCOMBE - 21.1
2008,BUNCOMBE - 24.1 - CROSSROADS ASSEMBLY,BUNCOMBE - 24.1
2008,BUNCOMBE - 25.1 - CHARLES C BELL SCHOOL,BUNCOMBE - 25.1
2008,BUNCOMBE - 26.1 - ASHEVILLE SCHOOL ATHLETIC CENTER,BUNCOMBE - 26.1
2008,BUNCOMBE - 28.1 - COVENANT REFORMED PRESBYTERIAN,BUNCOMBE - 28.1
2008,BUNCOMBE - 29.2 - NEW HOPE PRESBYTERIAN,BUNCOMBE - 29.2
2008,BUNCOMBE - 30.2 - AVERYS CREEK ELEMENTARY SCHOOL,BUNCOMBE - 30.2
2008,BUNCOMBE - 30.3 - AVERYS CREEK COMMUNITY CENTER,BUNCOMBE - 30.3
2008,BUNCOMBE - 31.1 - BILTMORE FOREST TOWN HALL,BUNCOMBE - 31.1
2008,BUNCOMBE - 32.1 - BLACK MOUNTAIN 1 OWEN MIDDLE SCHOOL,BUNCOMBE - 32.1
2008,BUNCOMBE - 33.2 - BLACK MOUNTAIN PRIMARY SCHOOL,BUNCOMBE - 33.2
2008,BUNCOMBE - 33.3 - BLACK MOUNTAIN ELEMENTARY SCHOOL,BUNCOMBE - 33.3
2008,BUNCOMBE - 34.1 - BLACK MOUNTAIN 3 LAKE TOMAHAWK,BUNCOMBE - 34.1
2008,BUNCOMBE - 35.1 - BLACK MTN 4 CARVER COMMUNITY CENTER,BUNCOMBE - 35.1
2008,BUNCOMBE - 36.1 - BLACK MTN 5-WALKUP BLDG MONTREAT CONF CTR,BUNCOMBE - 36.1
2008,BUNCOMBE - 37.1 - BROAD RIVER COMMUNITY CENTER,BUNCOMBE - 37.1
2008,BUNCOMBE - 38.2 - CANE CREEK MIDDLE SCHOOL,BUNCOMBE - 38.2
2008,BUNCOMBE - 38.3 - TRINITY OF FAIRVIEW CHURCH,BUNCOMBE - 38.3
2008,BUNCOMBE - 39.2 - FAIRVIEW VOLUNTEER FIRE DEPT,BUNCOMBE - 39.2
2008,BUNCOMBE - 39.3 - FAIRVIEW COMMUNITY CENTER,BUNCOMBE - 39.3
2008,BUNCOMBE - 41.1 - FRENCH BROAD FIRE DEPT,BUNCOMBE - 41.1
2008,BUNCOMBE - 42.1 - HAZEL 1-EMMA ELEMENTARY SCHOOL,BUNCOMBE - 42.1
2008,BUNCOMBE - 43.2 - HAZEL 2-JOHNSTON SCHOOL,BUNCOMBE - 43.2
2008,BUNCOMBE - 44.1 - LOWER HOMINY 1-OAK FOREST PRES CH,BUNCOMBE - 44.1
2008,BUNCOMBE - 45.1 - ENKA MIDDLE SCHOOL,BUNCOMBE - 45.1
2008,BUNCOMBE - 46.1 - LOWER HOMINY 3-ARBORETUM MAIN BLDG - CLASS RM 1,BUNCOMBE - 46.1
2008,BUNCOMBE - 47.1 - UPPER HOMINY 1-PISGAH ELEMENTARY,BUNCOMBE - 47.1
2008,BUNCOMBE - 48.1 - HOMINY VALLEY ELEMENTARY,BUNCOMBE - 48.1
2008,BUNCOMBE - 49.1 - UPPER HOMINY 3-POLE CREEK BAPTIST,BUNCOMBE - 49.1
2008,BUNCOMBE - 50.1 - IVY 1-BARNARDSVILLE SCHOOL,BUNCOMBE - 50.1
2008,BUNCOMBE - 52.1 - LEICESTER 1-LEICESTER SCHOOL,BUNCOMBE - 52.1
2008,BUNCOMBE - 53.1 - LEICESTER 2 COMMUNITY CENTER,BUNCOMBE - 53.1
2008,BUNCOMBE - 54.2 - LUTHERAN CHURCH OF THE NATIVITY,BUNCOMBE - 54.2
2008,BUNCOMBE - 55.1 - LIMESTONE 2-GLEN ARDEN SCHOOL,BUNCOMBE - 55.1
2008,BUNCOMBE - 56.2 - LIMESTONE 3-ARDEN FIRST BAPTIST,BUNCOMBE - 56.2
2008,BUNCOMBE - 57.1 - LIMESTONE 4-SKYLAND FIRE BISHOP SUBSTATION,BUNCOMBE - 57.1
2008,BUNCOMBE - 58.1 - NORTH BUNCOMBE-MIDDLE SCHOOL,BUNCOMBE - 58.1
2008,BUNCOMBE - 59.1 - REEMS CREEK FIRE DEPARTMENT,BUNCOMBE - 59.1
2008,BUNCOMBE - 60.2 - REYNOLDS FIRE DEPARTMENT,BUNCOMBE - 60.2
2008,BUNCOMBE - 61.1 - RICEVILLE 1 - RICEVILLE COMMUNITY CENTER,BUNCOMBE - 61.1
2008,BUNCOMBE - 62.1 - RICEVILLE 2-GRASSY BRANCH BAPTIST,BUNCOMBE - 62.1
2008,BUNCOMBE - 63.1 - SANDY MUSH COMMUNITY CENTER,BUNCOMBE - 63.1
2008,BUNCOMBE - 64.1 - FIRST BAPTIST OF SWANNANOA,BUNCOMBE - 64.1
2008,BUNCOMBE - 65.1 - SWANNANOA 2-WILLIAMS ELEMENTARY,BUNCOMBE - 65.1
2008,BUNCOMBE - 66.1 - SWANNANOA 3-WWC-KITTRIDGE THEATRE,BUNCOMBE - 66.1
2008,BUNCOMBE - 67.1 - WEAVERVILLE TOWN HALL,BUNCOMBE - 67.1
2008,BUNCOMBE - 68.1 - WEST BUNCOMBE 1-WEST BUNCOMBE SCH,BUNCOMBE - 68.1
2008,BUNCOMBE - 681 - W BUNCOMBE 1-B-COMMUNITY CENTER,BUNCOMBE - 68.1
2008,BUNCOMBE - 69.1 - WEST BUNCOMBE 2-FIRE TRAIN CNTR,BUNCOMBE - 69.1
2008,BUNCOMBE - 70.1 - WOODFIN COMMUNITY CENTER,BUNCOMBE - 70.1
2008,BUNCOMBE - 71.1 - WOODLAND HILLS-BAPTIST CHURCH,BUNCOMBE - 71.1
2008,BURKE - 0001 - DREXEL 01,BURKE - 0001
2008,BURKE - 0003 - DREXEL 03,BURKE - 0003
2008,BURKE - 0011 - ICARD 01,BURKE - 0011
2008,BURKE - 0012 - ICARD 02,BURKE - 0012
2008,BURKE - 0013 - ICARD 03,BURKE - 0013
2008,BURKE - 0014 - ICARD 04,BURKE - 0014
2008,BURKE - 0015 - ICARD 05,BURKE - 0015
2008,BURKE - 0018 - JONAS RIDGE,BURKE - 0018
2008,BURKE - 0019 - LINVILLE 01,BURKE - 0019
2008,BURKE - 0020 - LINVILLE 02,BURKE - 0020
2008,BURKE - 0021 - LOVELADY 01,BURKE - 0021
2008,BURKE - 0022 - LOVELADY 02,BURKE - 0022
2008,BURKE - 0024 - LOVELADY 04,BURKE - 0024
2008,BURKE - 0029-A - LOWER FORK-A,BURKE - 0071
2008,BURKE - 0029-B - LOWER FORK-B,BURKE - 0071
2008,BURKE - 0031 - MORGANTON 01,BURKE - 0031
2008,BURKE - 0034 - MORGANTON 04,BURKE - 0034
2008,BURKE - 0035 - MORGANTON 05,BURKE - 0035
2008,BURKE - 0036 - MORGANTON 06,BURKE - 0036
2008,BURKE - 0038 - MORGANTON 08,BURKE - 0038
2008,BURKE - 0039 - MORGANTON 09,BURKE - 0039
2008,BURKE - 0040 - MORGANTON 10,BURKE - 0040
2008,BURKE - 0047-A - QUAKER MEADOWS #1-A,BURKE - 0047-A
2008,BURKE - 0047-B - QUAKER MEADOWS #1-B,BURKE - 0047-B
2008,BURKE - 0048 - QUAKER MEADOWS 02,BURKE - 0048
2008,BURKE - 0051 - SILVER CREEK 01,BURKE - 0051
2008,BURKE - 0052 - SILVER CREEK 02,BURKE - 0052
2008,BURKE - 0053 - SILVER CREEK 03,BURKE - 0072
2008,BURKE - 0062 - UPPER CREEK,BURKE - 0062
2008,BURKE - 0064 - UPPER FORK,BURKE - 0064
2008,BURKE - 0065 - BURKEMONT,BURKE - 0072
2008,BURKE - 0066 - CHESTERFIELD,BURKE - 0066
2008,BURKE - 0070 - SALEM,BURKE - 0070
2008,CABARRUS - 01-02,CABARRUS - 01-02
2008,CABARRUS - 01-04,CABARRUS - 01-04
2008,CABARRUS - 01-06,CABARRUS - 01-11
2008,CABARRUS - 01-07,CABARRUS - 01-07
2008,CABARRUS - 01-08,CABARRUS - 01-08
2008,CABARRUS - 01-09,CABARRUS - 01-11
2008,CABARRUS - 01-10,CABARRUS - 01-10
2008,CABARRUS - 02-01,CABARRUS - 02-01
2008,CABARRUS - 02-02,CABARRUS - 02-02
2008,CABARRUS - 02-03,CABARRUS - 02-03
2008,CABARRUS - 02-05,CABARRUS - 02-05
2008,CABARRUS - 02-06,CABARRUS - 02-06
2008,CABARRUS - 02-07,CABARRUS - 02-07
2008,CABARRUS - 02-08,CABARRUS - 02-08
2008,CABARRUS - 02-09,CABARRUS - 02-09
2008,CABARRUS - 03-00,CABARRUS - 03-00
2008,CABARRUS - 04-01,CABARRUS - 04-01
2008,CABARRUS - 04-02,CABARRUS - 04-12
2008,CABARRUS - 04-03,CABARRUS - 04-03
2008,CABARRUS - 04-04,CABARRUS - 04-11
2008,CABARRUS - 04-05,CABARRUS - 04-11
2008,CABARRUS - 04-06,CABARRUS - 04-12
2008,CABARRUS - 04-07,CABARRUS - 04-13
2008,CABARRUS - 04-08,CABARRUS - 04-08
2008,CABARRUS - 04-09,CABARRUS - 04-09
2008,CABARRUS - 04-10,CABARRUS - 04-13
2008,CABARRUS - 05-00,CABARRUS - 05-00
2008,CABARRUS - 06-00,CABARRUS - 06-00
2008,CABARRUS - 07-00,CABARRUS - 07-00
2008,CABARRUS - 08-00,CABARRUS - 08-00
2008,CABARRUS - 09-00,CABARRUS - 09-00
2008,CABARRUS - 10-00,CABARRUS - 10-00
2008,CABARRUS - 11-01,CABARRUS - 11-01
2008,CABARRUS - 11-02,CABARRUS - 11-02
2008,CABARRUS - 12-01,CABARRUS - 12-13
2008,CABARRUS - 12-02,CABARRUS - 12-13
2008,CABARRUS - 12-03,CABARRUS - 12-03
2008,CABARRUS - 12-04,CABARRUS - 12-04
2008,CABARRUS - 12-05,CABARRUS - 12-05
2008,CABARRUS - 12-06,CABARRUS - 12-14
2008,CABARRUS - 12-07,CABARRUS - 12-13
2008,CABARRUS - 12-08,CABARRUS - 12-08
2008,CABARRUS - 12-09,CABARRUS - 12-09
2008,CABARRUS - 12-10,CABARRUS - 12-14
2008,CABARRUS - 12-11,CABARRUS - 12-11
2008,CABARRUS - 12-12,CABARRUS - 12-12
2008,CALDWELL - GAMEWELL #1,CALDWELL - 1
2008,CALDWELL - GAMEWELL #2,CALDWELL - 1
2008,CALDWELL - GLOBE/JOHNS RIVER/MULBERRY/WILSON CREEK,CALDWELL - 2
2008,CALDWELL - HUDSON #1,CALDWELL - 13
2008,CALDWELL - HUDSON #2,CALDWELL - 13
2008,CALDWELL - KINGS CREEK,CALDWELL - 3
2008,CALDWELL - LENOIR #29,CALDWELL - 7
2008,CALDWELL - LITTLE RIVER,CALDWELL - 4
2008,CALDWELL - LOVELADY-ONE,CALDWELL - 15
2008,CALDWELL - LOVELADY-RHODHISS,CALDWELL - 5
2008,CALDWELL - LOVELADY-TWO,CALDWELL - 14
2008,CALDWELL - LOWER CREEK #1,CALDWELL - 6
2008,CALDWELL - LOWER CREEK #2,CALDWELL - 7
2008,CALDWELL - LOWER CREEK #3,CALDWELL - 8
2008,CALDWELL - NORTH CATAWBA,CALDWELL - 9
2008,CALDWELL - NORTH CATAWBA #2,CALDWELL - 10
2008,CALDWELL - PATTERSON,CALDWELL - 12
2008,CALDWELL - SAWMILLS #1,CALDWELL - 11
2008,CALDWELL - SAWMILLS #2,CALDWELL - 11
2008,CAMDEN - COURTHOUSE,CAMDEN - CH
2008,CAMDEN - SHILOH,CAMDEN - SH
2008,CAMDEN - SOUTH MILLS,CAMDEN - SM
2008,CARTERET - ATLANTIC BEACH,CARTERET - ABCH
2008,CARTERET - BEAUFORT 1,CARTERET - BFT1
2008,CARTERET - BEAUFORT 2,CARTERET - BFT2
2008,CARTERET - BOGUE,CARTERET - BOGE
2008,CARTERET - BROAD CREEK,CARTERET - BCRK
2008,CARTERET - CAPE CARTERET/CEDAR POINT,CARTERET - CAPE
2008,CARTERET - EMERALD ISLE,CARTERET - ISLE
2008,CARTERET - HARKERS ISLAND,CARTERET - HAIS
2008,CARTERET - INDIAN BEACH/SALTER PATH,CARTERET - IBPK
2008,CARTERET - MERRIMON,CARTERET - MERR
2008,CARTERET - MILL CREEK,CARTERET - MCRK
2008,CARTERET - MOREHEAD 1,CARTERET - MHD1
2008,CARTERET - MOREHEAD 2,CARTERET - MHD2
2008,CARTERET - MOREHEAD 3,CARTERET - MHD3
2008,CARTERET - MOREHEAD 4,CARTERET - MHD4
2008,CARTERET - NEWPORT 1,CARTERET - NPT1
2008,CARTERET - NEWPORT 2,CARTERET - NPT2
2008,CARTERET - NORTH RIVER,CARTERET - NRIV
2008,CARTERET - PELETIER,CARTERET - PELE
2008,CARTERET - PINE KNOLL SHORES,CARTERET - IBPK
2008,CARTERET - STELLA,CARTERET - STEL
2008,CARTERET - WILDWOOD,CARTERET - WILD
2008,CASWELL - ANDERSON,CASWELL - ANDE
2008,CASWELL - HIGHTOWERS,CASWELL - PH
2008,CASWELL - LEASBURG,CASWELL - LEAS
2008,CASWELL - LOCUST HILL,CASWELL - LOCU
2008,CASWELL - MILTON,CASWELL - MILT
2008,CASWELL - PELHAM,CASWELL - PELH
2008,CASWELL - PROSPECT HILL,CASWELL - PH
2008,CASWELL - PROVIDENCE,CASWELL - PROVI
2008,CASWELL - STONEY CREEK,CASWELL - STON
2008,CASWELL - YANCEYVILLE 2,CASWELL - YANC
2008,CATAWBA - BALLS CREEK,CATAWBA - 01
2008,CATAWBA - BANOAK,CATAWBA - 02
2008,CATAWBA - BLACKBURN,CATAWBA - 03
2008,CATAWBA - BROOKFORD,CATAWBA - 04
2008,CATAWBA - CATAWBA,CATAWBA - 05
2008,CATAWBA - CLAREMONT,CATAWBA - 06
2008,CATAWBA - COLLEGE PARK,CATAWBA - 11
2008,CATAWBA - CONOVER EAST,CATAWBA - 08
2008,CATAWBA - CONOVER WEST,CATAWBA - 07
2008,CATAWBA - EAST MAIDEN,CATAWBA - 09
2008,CATAWBA - EAST NEWTON,CATAWBA - 10
2008,CATAWBA - FALLING CREEK,CATAWBA - 38
2008,CATAWBA - GREENMONT,CATAWBA - 13
2008,CATAWBA - HIGHLAND,CATAWBA - 16
2008,CATAWBA - KENWORTH,CATAWBA - 12
2008,CATAWBA - LAKE NORMAN,CATAWBA - 41
2008,CATAWBA - LONGVIEW NORTH,CATAWBA - 17
2008,CATAWBA - LONGVIEW SOUTH,CATAWBA - 19
2008,CATAWBA - MAIDEN,CATAWBA - 20
2008,CATAWBA - MONOGRAM,CATAWBA - 21
2008,CATAWBA - MOUNT OLIVE,CATAWBA - 22
2008,CATAWBA - MOUNTAIN VIEW #1,CATAWBA - 23
2008,CATAWBA - MOUNTAIN VIEW #2,CATAWBA - 24
2008,CATAWBA - NORTH NEWTON,CATAWBA - 25
2008,CATAWBA - NORTHWEST,CATAWBA - 39
2008,CATAWBA - OAKLAND HEIGHTS,CATAWBA - 26
2008,CATAWBA - OAKWOOD,CATAWBA - 14
2008,CATAWBA - OXFORD,CATAWBA - 27
2008,CATAWBA - RIDGEVIEW,CATAWBA - 15
2008,CATAWBA - SANDY RIDGE,CATAWBA - 30
2008,CATAWBA - SHERRILLS FORD,CATAWBA - 31
2008,CATAWBA - SOUTH NEWTON,CATAWBA - 32
2008,CATAWBA - SPRINGS,CATAWBA - 33
2008,CATAWBA - ST STEPHENS #1,CATAWBA - 28
2008,CATAWBA - ST STEPHENS #2,CATAWBA - 29
2008,CATAWBA - STARTOWN,CATAWBA - 34
2008,CATAWBA - SWEETWATER,CATAWBA - 35
2008,CATAWBA - VIEWMONT #1,CATAWBA - 36
2008,CATAWBA - VIEWMONT #2,CATAWBA - 37
2008,CATAWBA - WEST NEWTON,CATAWBA - 40
2008,CHATHAM - ALBRIGHT,CHATHAM - 3
2008,CHATHAM - BENNETT,CHATHAM - CRD118
2008,CHATHAM - BONLEE,CHATHAM - 9
2008,CHATHAM - BYNUM,CHATHAM - 15
2008,CHATHAM - EAST SILER CITY,CHATHAM - ESC114
2008,CHATHAM - EAST WILLIAMS,CHATHAM - 75
2008,CHATHAM - GOLDSTON,CHATHAM - GLD118
2008,CHATHAM - HADLEY,CHATHAM - 21
2008,CHATHAM - HARPERS CROSSROADS,CHATHAM - CRD118
2008,CHATHAM - HICKORY MOUNTAIN,CHATHAM - 30
2008,CHATHAM - MANNS CHAPEL,CHATHAM - WCL108
2008,CHATHAM - NEW HOPE,CHATHAM - 42
2008,CHATHAM - NORTH WILLIAMS,CHATHAM - NWM117
2008,CHATHAM - OAKLAND,CHATHAM - GLD118
2008,CHATHAM - PITTSBORO,CHATHAM - WPP114
2008,CHATHAM - THREE RIVERS,CHATHAM - MON113
2008,CHATHAM - WEST SILER CITY,CHATHAM - 85
2008,CHATHAM - WEST WILLIAMS,CHATHAM - 78
2008,CHEROKEE - ANDREWS NORTH WARD,CHEROKEE - ANNW
2008,CHEROKEE - ANDREWS SOUTH WARD,CHEROKEE - ANSW
2008,CHEROKEE - BELLVIEW,CHEROKEE - BELL
2008,CHEROKEE - BRASSTOWN,CHEROKEE - BRAS
2008,CHEROKEE - HANGING DOG,CHEROKEE - HANG
2008,CHEROKEE - HIWASSEE DAM,CHEROKEE - HIWA
2008,CHEROKEE - HOT HOUSE,CHEROKEE - HOTH
2008,CHEROKEE - MARBLE,CHEROKEE - MARB
2008,CHEROKEE - MURPHY NORTH,CHEROKEE - MURN
2008,CHEROKEE - MURPHY SOUTH,CHEROKEE - MURS
2008,CHEROKEE - PEACHTREE,CHEROKEE - PCHT
2008,CHEROKEE - TOPTON,CHEROKEE - TOPT
2008,CHOWAN - CENTER HILL,CHOWAN - 4
2008,CHOWAN - EAST EDENTON,CHOWAN - 1
2008,CHOWAN - ROCKY HOCK,CHOWAN - 3
2008,CHOWAN - WARDVILLE,CHOWAN - 5
2008,CHOWAN - WEST EDENTON,CHOWAN - 2
2008,CHOWAN - YEOPIM,CHOWAN - 6
2008,CLAY - BRASSTOWN,CLAY - BRAS
2008,CLAY - HAYESVILLE CENTRAL,CLAY - HAYC
2008,CLAY - HAYESVILLE ONE,CLAY - HAY1
2008,CLAY - HAYESVILLE TWO,CLAY - HAY2
2008,CLAY - HIAWASSEE,CLAY - HIAW
2008,CLAY - SHOOTING CREEK,CLAY - SHCR
2008,CLAY - SWEETWATER,CLAY - SWEE
2008,CLAY - TUSQUITTEE,CLAY - TUSQ
2008,CLAY - WARNE,CLAY - WARN
2008,CLEVELAND - BETHWARE,CLEVELAND - BETHWR
2008,CLEVELAND - BOILING SPRINGS,CLEVELAND - BR
2008,CLEVELAND - CASAR,CLEVELAND - CASAR
2008,CLEVELAND - FALLSTON,CLEVELAND - FALSTN
2008,CLEVELAND - GROVER,CLEVELAND - GROVER
2008,CLEVELAND - HOLLY SPRINGS,CLEVELAND - BR
2008,CLEVELAND - KINGSTOWN,CLEVELAND - KINGST
2008,CLEVELAND - LATTIMORE,CLEVELAND - LATT
2008,CLEVELAND - LAWNDALE,CLEVELAND - LAWNDL
2008,CLEVELAND - MOORESBORO-YOUNG,CLEVELAND - MRB-YO
2008,CLEVELAND - MULLS,CLEVELAND - MULLS
2008,CLEVELAND - OAK GROVE,CLEVELAND - OAKGRV
2008,CLEVELAND - POLKVILLE,CLEVELAND - POLKVL
2008,CLEVELAND - RIPPY,CLEVELAND - RIPPY
2008,CLEVELAND - SHANGHAI,CLEVELAND - SHANGI
2008,CLEVELAND - SHELBY #1,CLEVELAND - S C
2008,CLEVELAND - SHELBY #2,CLEVELAND - S C
2008,CLEVELAND - SHELBY #3,CLEVELAND - S C
2008,CLEVELAND - SHELBY #4,CLEVELAND - S 4A
2008,CLEVELAND - SHELBY #5,CLEVELAND - S 5
2008,CLEVELAND - SHELBY #6,CLEVELAND - S S
2008,CLEVELAND - SHELBY #7,CLEVELAND - S S
2008,CLEVELAND - SHELBY #8,CLEVELAND - S 4A
2008,CLEVELAND - WACO,CLEVELAND - WACO
2008,COLUMBUS - P01A,COLUMBUS - P01A
2008,COLUMBUS - P02A,COLUMBUS - P02B
2008,COLUMBUS - P03,COLUMBUS - P34
2008,COLUMBUS - P04,COLUMBUS - P34
2008,COLUMBUS - P05,COLUMBUS - P513
2008,COLUMBUS - P06,COLUMBUS - P06
2008,COLUMBUS - P07,COLUMBUS - P07
2008,COLUMBUS - P08,COLUMBUS - P89
2008,COLUMBUS - P09,COLUMBUS - P89
2008,COLUMBUS - P10,COLUMBUS - P112
2008,COLUMBUS - P11,COLUMBUS - P11
2008,COLUMBUS - P12,COLUMBUS - P112
2008,COLUMBUS - P13,COLUMBUS - P513
2008,COLUMBUS - P14,COLUMBUS - P14
2008,COLUMBUS - P15,COLUMBUS - P15
2008,COLUMBUS - P16A,COLUMBUS - P16B
2008,COLUMBUS - P17,COLUMBUS - P17
2008,COLUMBUS - P18,COLUMBUS - P82
2008,COLUMBUS - P19,COLUMBUS - P19
2008,COLUMBUS - P20,COLUMBUS - P20A
2008,COLUMBUS - P21,COLUMBUS - P82
2008,COLUMBUS - P22,COLUMBUS - P22A
2008,COLUMBUS - P23,COLUMBUS - P23
2008,COLUMBUS - P24,COLUMBUS - P24
2008,COLUMBUS - P25A,COLUMBUS - P25B
2008,COLUMBUS - P26A,COLUMBUS - P26B
2008,CRAVEN - BRICES CREEK,CRAVEN - 21
2008,CRAVEN - BRIDGETON,CRAVEN - 11
2008,CRAVEN - CLARKS,CRAVEN - CLR4
2008,CRAVEN - COVE CITY,CRAVEN - CFB8
2008,CRAVEN - CROATAN,CRAVEN - 17
2008,CRAVEN - DOVER,CRAVEN - DFB9
2008,CRAVEN - EAST HAVELOCK,CRAVEN - 02
2008,CRAVEN - EPWORTH,CRAVEN - VE14
2008,CRAVEN - ERNUL,CRAVEN - TE13
2008,CRAVEN - FAIRFIELD HARBOUR,CRAVEN - 20
2008,CRAVEN - FORT BARNWELL,CRAVEN - DFB9
2008,CRAVEN - FORT TOTTEN,CRAVEN - N2
2008,CRAVEN - GEORGE STREET,CRAVEN - N1
2008,CRAVEN - GLENBURNIE PARK,CRAVEN - N3N5
2008,CRAVEN - GRANTHAM 1A,CRAVEN - 16
2008,CRAVEN - GRANTHAM 2B,CRAVEN - 23
2008,CRAVEN - GROVER C. FIELDS,CRAVEN - N3N5
2008,CRAVEN - H.J. MACDONALD,CRAVEN - N4
2008,CRAVEN - HARLOWE,CRAVEN - 19
2008,CRAVEN - JASPER,CRAVEN - 07
2008,CRAVEN - RHEMS,CRAVEN - CLR4
2008,CRAVEN - RIVER BEND,CRAVEN - 05
2008,CRAVEN - TRENT WOODS,CRAVEN - 03
2008,CRAVEN - TRUITT,CRAVEN - TE13
2008,CRAVEN - VANCEBORO,CRAVEN - VE14
2008,CRAVEN - WEST HAVELOCK,CRAVEN - 02
2008,CRAVEN - WEST NEW BERN,CRAVEN - N6
2008,CUMBERLAND - ARRAN HILLS,CUMBERLAND - AH49
2008,CUMBERLAND - BEAVER DAM-G6,CUMBERLAND - G6B
2008,CUMBERLAND - BLACK RIVER-G7,CUMBERLAND - G7A
2008,CUMBERLAND - BRENTWOOD-G5,CUMBERLAND - G5C
2008,CUMBERLAND - CEDAR CREEK-G6,CUMBERLAND - G6C
2008,CUMBERLAND - CROSS CREEK #01,CUMBERLAND - CC01
2008,CUMBERLAND - CROSS CREEK #02-G1,CUMBERLAND - G1A
2008,CUMBERLAND - CROSS CREEK #03,CUMBERLAND - CC03
2008,CUMBERLAND - CROSS CREEK #04,CUMBERLAND - CC04
2008,CUMBERLAND - CROSS CREEK #05,CUMBERLAND - CC519
2008,CUMBERLAND - CROSS CREEK #06,CUMBERLAND - CC06
2008,CUMBERLAND - CROSS CREEK #07,CUMBERLAND - CC07
2008,CUMBERLAND - CROSS CREEK #08,CUMBERLAND - CC08
2008,CUMBERLAND - CROSS CREEK #09-G2,CUMBERLAND - G2A
2008,CUMBERLAND - CROSS CREEK #10,CUMBERLAND - CC10
2008,CUMBERLAND - CROSS CREEK #11-G3,CUMBERLAND - G3B
2008,CUMBERLAND - CROSS CREEK #12,CUMBERLAND - CC12
2008,CUMBERLAND - CROSS CREEK #13,CUMBERLAND - CC13
2008,CUMBERLAND - CROSS CREEK #14,CUMBERLAND - CC14
2008,CUMBERLAND - CROSS CREEK #15,CUMBERLAND - CC15
2008,CUMBERLAND - CROSS CREEK #16,CUMBERLAND - CC16
2008,CUMBERLAND - CROSS CREEK #17,CUMBERLAND - CC17
2008,CUMBERLAND - CROSS CREEK #18,CUMBERLAND - CC18
2008,CUMBERLAND - CROSS CREEK #19,CUMBERLAND - CC519
2008,CUMBERLAND - CROSS CREEK #20-G4,CUMBERLAND - G4B
2008,CUMBERLAND - CROSS CREEK #21,CUMBERLAND - CC21
2008,CUMBERLAND - CROSS CREEK #22-G2,CUMBERLAND - CC22A
2008,CUMBERLAND - CROSS CREEK #24,CUMBERLAND - CC24
2008,CUMBERLAND - CROSS CREEK #25,CUMBERLAND - CC25
2008,CUMBERLAND - CROSS CREEK #26,CUMBERLAND - CC26
2008,CUMBERLAND - CROSS CREEK #27,CUMBERLAND - CC27
2008,CUMBERLAND - CROSS CREEK #29,CUMBERLAND - CC29
2008,CUMBERLAND - CROSS CREEK #30-G4,CUMBERLAND - G4A
2008,CUMBERLAND - CROSS CREEK #31,CUMBERLAND - CC31
2008,CUMBERLAND - CROSS CREEK #32,CUMBERLAND - CC32
2008,CUMBERLAND - CROSS CREEK #33,CUMBERLAND - CC33
2008,CUMBERLAND - CROSS CREEK #34,CUMBERLAND - CC34
2008,CUMBERLAND - CUMBERLAND #1A-G8,CUMBERLAND - G8B
2008,CUMBERLAND - CUMBERLAND #2,CUMBERLAND - CU02
2008,CUMBERLAND - CUMBERLAND #3-G8,CUMBERLAND - G8C
2008,CUMBERLAND - CUMBERLAND #4-G8,CUMBERLAND - G8A
2008,CUMBERLAND - EASTOVER #1,CUMBERLAND - EO01
2008,CUMBERLAND - EASTOVER #2,CUMBERLAND - EO02
2008,CUMBERLAND - HOPE MILLS #1A-G8,CUMBERLAND - G8D
2008,CUMBERLAND - HOPE MILLS #3-G9,CUMBERLAND - G9A-3
2008,CUMBERLAND - HOPE MILLS #4-G10,CUMBERLAND - G10B
2008,CUMBERLAND - JUDSON-VANDER-G1,CUMBERLAND - G1B
2008,CUMBERLAND - LAKE RIM,CUMBERLAND - LR63
2008,CUMBERLAND - LINDEN,CUMBERLAND - LI65
2008,CUMBERLAND - LONGHILL-G2,CUMBERLAND - LO66A
2008,CUMBERLAND - MANCHESTER-G11,CUMBERLAND - G11B
2008,CUMBERLAND - MONTIBELLO,CUMBERLAND - MB62
2008,CUMBERLAND - MORGANTON RD #2,CUMBERLAND - MR02
2008,CUMBERLAND - PEARCES MILL #3-G3,CUMBERLAND - G3C
2008,CUMBERLAND - PEARCES MILL #4-G4,CUMBERLAND - G4C
2008,CUMBERLAND - SHERWOOD,CUMBERLAND - SH77
2008,CUMBERLAND - SPRING LAKE-G11,CUMBERLAND - SL78-3
2008,CUMBERLAND - STEDMAN-G6,CUMBERLAND - G6A
2008,CUMBERLAND - STONEY POINT #1-G10,CUMBERLAND - G10C
2008,CUMBERLAND - STONEY POINT #2-G10,CUMBERLAND - G10A
2008,CUMBERLAND - WADE-G7,CUMBERLAND - G7B
2008,CURRITUCK - CAROVA BEACH,CURRITUCK - CB
2008,CURRITUCK - CHURCHS ISLAND,CURRITUCK - CO
2008,CURRITUCK - COINJOCK,CURRITUCK - CO
2008,CURRITUCK - COURTHOUSE,CURRITUCK - CH
2008,CURRITUCK - GIBBS WOODS,CURRITUCK - GW
2008,CURRITUCK - INDIAN RIDGE,CURRITUCK - IR
2008,CURRITUCK - KNOTTS ISLAND,CURRITUCK - KI
2008,CURRITUCK - MOYOCK,CURRITUCK - WM
2008,CURRITUCK - POPLAR BRANCH,CURRITUCK - PB
2008,CURRITUCK - POWELLS POINT,CURRITUCK - PP
2008,CURRITUCK - WHALEHEAD,CURRITUCK - WH
2008,DARE - AVON,DARE - AVON
2008,DARE - BUXTON,DARE - BUX
2008,DARE - CHICAMACOMICO,DARE - CHCA
2008,DARE - COLINGTON,DARE - COL
2008,DARE - DUCK,DARE - DUCK
2008,DARE - EAST LAKE,DARE - EL
2008,DARE - FRISCO,DARE - FRCO
2008,DARE - HATTERAS,DARE - HAT
2008,DARE - KILL DEVIL HILLS,DARE - KDH
2008,DARE - KITTY HAWK,DARE - KTHK
2008,DARE - MANNS HARBOR,DARE - MH
2008,DARE - MANTEO,DARE - MATO
2008,DARE - NAGS HEAD,DARE - NGHD
2008,DARE - SOUTHERN SHORES,DARE - SOSH
2008,DARE - STUMPY POINT,DARE - STPT
2008,DARE - WANCHESE,DARE - WAN
2008,DAVIDSON - ABBOTTS CREEK 2 #88,DAVIDSON - 88
2008,DAVIDSON - ARCADIA #04,DAVIDSON - 04
2008,DAVIDSON - BOONE #06,DAVIDSON - 06
2008,DAVIDSON - CENTRAL #08,DAVIDSON - 08
2008,DAVIDSON - COTTON GROVE #10,DAVIDSON - 10
2008,DAVIDSON - DENTON #12,DAVIDSON - 12
2008,DAVIDSON - EMMONS #14,DAVIDSON - 14
2008,DAVIDSON - GUMTREE #16,DAVIDSON - 16
2008,DAVIDSON - HEALING SPRINGS #18,DAVIDSON - 18
2008,DAVIDSON - HOLLY GROVE #20,DAVIDSON - 20
2008,DAVIDSON - LEXINGTON 1 #22,DAVIDSON - 22
2008,DAVIDSON - LEXINGTON 2 #24,DAVIDSON - 24
2008,DAVIDSON - LEXINGTON 3 #26,DAVIDSON - 26
2008,DAVIDSON - LEXINGTON 4 #28,DAVIDSON - 28
2008,DAVIDSON - LIBERTY #42,DAVIDSON - 42
2008,DAVIDSON - MIDWAY #44,DAVIDSON - 44
2008,DAVIDSON - NORTH DAVIDSON #46,DAVIDSON - 46
2008,DAVIDSON - REEDS/YADKIN COLLEGE #48,DAVIDSON - 48
2008,DAVIDSON - REEDY CREEK #50,DAVIDSON - 50
2008,DAVIDSON - SILVER HILL #52,DAVIDSON - 52
2008,DAVIDSON - SILVER VALLEY #54,DAVIDSON - 54
2008,DAVIDSON - SOUTH DAVIDSON #56,DAVIDSON - 56
2008,DAVIDSON - SOUTHMONT #58,DAVIDSON - 58
2008,DAVIDSON - THOMASVILLE 1 #60,DAVIDSON - 60
2008,DAVIDSON - THOMASVILLE 10 #76,DAVIDSON - 76
2008,DAVIDSON - THOMASVILLE 2 #62,DAVIDSON - 62
2008,DAVIDSON - THOMASVILLE 3 #64,DAVIDSON - 64
2008,DAVIDSON - THOMASVILLE 4 #66,DAVIDSON - 66
2008,DAVIDSON - THOMASVILLE 5 #68,DAVIDSON - 68
2008,DAVIDSON - THOMASVILLE 7 #70,DAVIDSON - 70
2008,DAVIDSON - THOMASVILLE 8 #72,DAVIDSON - 72
2008,DAVIDSON - THOMASVILLE 9 #74,DAVIDSON - 74
2008,DAVIDSON - TYRO #78,DAVIDSON - 78
2008,DAVIDSON - WARD 1 #30,DAVIDSON - 30
2008,DAVIDSON - WARD 2 #32,DAVIDSON - 32
2008,DAVIDSON - WARD 3 #34,DAVIDSON - 34
2008,DAVIDSON - WARD 4 #36,DAVIDSON - 36
2008,DAVIDSON - WARD 5 #38,DAVIDSON - 38
2008,DAVIDSON - WARD 6 #40,DAVIDSON - 40
2008,DAVIDSON - WELCOME #82,DAVIDSON - 82
2008,DAVIDSON - WEST ARCADIA #84,DAVIDSON - 84
2008,DAVIE - CLARKSVILLE,DAVIE - 03
2008,DAVIE - COOLEEMEE,DAVIE - 04
2008,DAVIE - EAST SHADY GROVE,DAVIE - 10
2008,DAVIE - FARMINGTON,DAVIE - 05
2008,DAVIE - FULTON,DAVIE - 06
2008,DAVIE - HILLSDALE,DAVIE - 13
2008,DAVIE - JERUSALEM,DAVIE - 07
2008,DAVIE - NORTH CALAHALN,DAVIE - 01
2008,DAVIE - NORTH MOCKS-CITY,DAVIE - 08
2008,DAVIE - NORTH MOCKS-COUNTY,DAVIE - 14
2008,DAVIE - SMITH GROVE,DAVIE - 12
2008,DAVIE - SOUTH CALAHALN,DAVIE - 02
2008,DAVIE - SOUTH MOCKSVILLE,DAVIE - 09
2008,DAVIE - WEST SHADY GROVE,DAVIE - 11
2008,DUPLIN - ALBERTSON,DUPLIN - ALBE
2008,DUPLIN - BEULAVILLE,DUPLIN - BEUL
2008,DUPLIN - CALYPSO,DUPLIN - CALY
2008,DUPLIN - CEDAR FORK,DUPLIN - CFRK
2008,DUPLIN - CHARITY,DUPLIN - CHAR
2008,DUPLIN - CHINQUAPIN,DUPLIN - CHIN
2008,DUPLIN - CYPRESS CREEK,DUPLIN - CYCK
2008,DUPLIN - FAISON,DUPLIN - FAIS
2008,DUPLIN - GLISSON,DUPLIN - GLIS
2008,DUPLIN - HALLSVILLE,DUPLIN - HALL
2008,DUPLIN - KENANSVILLE,DUPLIN - KENA
2008,DUPLIN - LOCKLIN,DUPLIN - LOCK
2008,DUPLIN - MAGNOLIA,DUPLIN - MAGN
2008,DUPLIN - ROCKFISH,DUPLIN - ROCK
2008,DUPLIN - ROSE HILL,DUPLIN - ROSE
2008,DUPLIN - SMITH/CABIN,DUPLIN - SMCA
2008,DUPLIN - WALLACE,DUPLIN - WALL
2008,DUPLIN - WARSAW,DUPLIN - WARS
2008,DUPLIN - WOLFSCRAPE,DUPLIN - WOLF
2008,DURHAM - 01 - BROGDEN MIDDLE SCHOOL,DURHAM - 01
2008,DURHAM - 02 - GEORGE WATTS ELEMENTARY,DURHAM - 02
2008,DURHAM - 03 - E  K  POWE ELEMENTARY,DURHAM - 03
2008,DURHAM - 04 - SCHOOL OF SCIENCE AND MATH,DURHAM - 04
2008,DURHAM - 05 - PATTERSON REC CENTER,DURHAM - 05
2008,DURHAM - 06 - LAKEWOOD SCHOOL,DURHAM - 06
2008,DURHAM - 07 - SCHOOL OF THE ARTS,DURHAM - 07
2008,DURHAM - 08 - MOREHEAD MONTESSORI,DURHAM - 08
2008,DURHAM - 09 - FOREST HILLS CLUB HOUSE,DURHAM - 09
2008,DURHAM - 10 - C C SPAULDING SCHOOL,DURHAM - 10
2008,DURHAM - 12 - MONUMENT OF FAITH CHURCH,DURHAM - 12
2008,DURHAM - 13 - BURTON ELEMENTARY,DURHAM - 13
2008,DURHAM - 14 - Y E SMITH SCHOOL,DURHAM - 14
2008,DURHAM - 15 - MT CALVARY CHURCH,DURHAM - 15
2008,DURHAM - 16 - HOLY INFANT CATHOLIC,DURHAM - 16
2008,DURHAM - 17 - COUNTY MAIN LIBRARY,DURHAM - 17
2008,DURHAM - 18 - FIRST UNITED ANTIOCH,DURHAM - 18
2008,DURHAM - 19 - AMERICAN LEGION POST #7,DURHAM - 19
2008,DURHAM - 20 - COUNTY AGRICULTURAL BUILD,DURHAM - 20
2008,DURHAM - 21 - CLUB BOULEVARD SCHOOL,DURHAM - 21
2008,DURHAM - 22 - VFW POST 2740,DURHAM - 22
2008,DURHAM - 23 - THE RIVER CHURCH,DURHAM - 23
2008,DURHAM - 24 - DPS STAFF DEVELOPMENT CEN,DURHAM - 24
2008,DURHAM - 25 - NORTHERN HIGH SCHOOL,DURHAM - 25
2008,DURHAM - 26 - ROUGEMONT STA - BAHAMA VF,DURHAM - 26
2008,DURHAM - 27 - CREEKSIDE ELEMENTARY,DURHAM - 27
2008,DURHAM - 28 - BAHAMA RURITAN CLUB,DURHAM - 28
2008,DURHAM - 29 - GLENN ELEMENTARY,DURHAM - 29
2008,DURHAM - 30-1 - OAK GROVE ELEMENTARY,DURHAM - 30-4
2008,DURHAM - 30-2 - SOUTHERN HIGH SCHOOL,DURHAM - 30-2
2008,DURHAM - 31 - BETHESDA RURITAN CLUB,DURHAM - 31
2008,DURHAM - 32 - NEAL MIDDLE SCHOOL,DURHAM - 32
2008,DURHAM - 33 - LOWES GROVE BAPTIST,DURHAM - 33-2
2008,DURHAM - 36 - YATES BAPTIST CHURCH,DURHAM - 36
2008,DURHAM - 37 - COLE MILL CHURCH,DURHAM - 37
2008,DURHAM - 38 - HOPE VALLEY BAPTIST,DURHAM - 38
2008,DURHAM - 39 - ST. STEPHENS EPIS.,DURHAM - 56
2008,DURHAM - 40 - ROGERS-HERR MIDDLE SCHOOL,DURHAM - 40
2008,DURHAM - 41 - WHITE ROCK BAPTIST CHURCH,DURHAM - 41
2008,DURHAM - 42 - SHEPHARD MAGNET SCHOOL,DURHAM - 42
2008,DURHAM - 43 - FOREST VIEW ELEMENTARY,DURHAM - 43
2008,DURHAM - 44 - CARRINGTON MIDDLE SCHOOL,DURHAM - 44
2008,DURHAM - 45 - TEMPLE BAPTIST CHURCH,DURHAM - 45
2008,DURHAM - 46 - EDISON JOHNSON CENTER,DURHAM - 46
2008,DURHAM - 47 - HOLMES REC CTR - CAMPUS H,DURHAM - 47
2008,DURHAM - 48 - CHRIST THE KING MORAVIAN,DURHAM - 56
2008,DURHAM - 50 - MCMANNEN UNITED METHODIST,DURHAM - 50
2008,DURHAM - 51 - SOUTHWEST ELEMENTARY,DURHAM - 51
2008,DURHAM - 52 - EVANGEL ASSEMBLY OF GOD,DURHAM - 52
2008,DURHAM - 53-1 - TRIANGLE PRESBYTERIAN,DURHAM - 53-1
2008,DURHAM - 53-2 - TRIANGLE CHURCH,DURHAM - 53-2
2008,DURHAM - 54 - WATERFORD VILLAGE APTS,DURHAM - 54
2008,EDGECOMBE - BATTLEBORO,EDGECOMBE - 0701
2008,EDGECOMBE - CONETOE,EDGECOMBE - 0201
2008,EDGECOMBE - LAWRENCE,EDGECOMBE - 0401
2008,EDGECOMBE - LEGGETT,EDGECOMBE - 0501
2008,EDGECOMBE - LEWIS,EDGECOMBE - 1101
2008,EDGECOMBE - MACCLESFIELD,EDGECOMBE - 0901
2008,EDGECOMBE - OLD SPARTA,EDGECOMBE - 0801
2008,EDGECOMBE - PINETOPS,EDGECOMBE - 1001
2008,EDGECOMBE - ROCKY MOUNT 1,EDGECOMBE - 1201
2008,EDGECOMBE - ROCKY MOUNT 2,EDGECOMBE - 1202
2008,EDGECOMBE - ROCKY MOUNT 4,EDGECOMBE - 1204
2008,EDGECOMBE - ROCKY MOUNT 5,EDGECOMBE - 1205
2008,EDGECOMBE - SHARPSBURG,EDGECOMBE - 1401
2008,EDGECOMBE - SPEED,EDGECOMBE - 0301
2008,EDGECOMBE - TARBORO 1,EDGECOMBE - 0101
2008,EDGECOMBE - TARBORO 2,EDGECOMBE - 0102
2008,EDGECOMBE - TARBORO 3,EDGECOMBE - 0103
2008,EDGECOMBE - TARBORO 4,EDGECOMBE - 0104
2008,EDGECOMBE - TEMPERANCE HALL,EDGECOMBE - 1301
2008,EDGECOMBE - WEST EDGECOMBE,EDGECOMBE - 1203
2008,EDGECOMBE - WHITAKERS,EDGECOMBE - 0601
2008,FORSYTH - 011 - GLENN HIGH SCHOOL,FORSYTH - 017
2008,FORSYTH - 012 - UNION CROSS ELE,FORSYTH - 012
2008,FORSYTH - 013 - SEDGE GARDEN ELE,FORSYTH - 013
2008,FORSYTH - 014 - BEESONS CROSSROADS,FORSYTH - 014
2008,FORSYTH - 015 - SOUTHEAST MIDDLE SCH,FORSYTH - 015
2008,FORSYTH - 021 - BELEWS CREEK FIRE,FORSYTH - 021
2008,FORSYTH - 031 - RURAL HALL ELE,FORSYTH - 031
2008,FORSYTH - 032 - NORTHWEST MIDDLE SCH,FORSYTH - 032
2008,FORSYTH - 033 - ST ANDREWS PRES,FORSYTH - 033
2008,FORSYTH - 034 - KINGSWOOD UNITED METH,FORSYTH - 034
2008,FORSYTH - 042 - FELLOWSHIP BAPTIST,FORSYTH - 042
2008,FORSYTH - 043 - FRIEDLAND MORAVIAN,FORSYTH - 043
2008,FORSYTH - 051 - CLEMMONS ELE,FORSYTH - 051
2008,FORSYTH - 052 - CLEMMONS PRESBYTERIAN,FORSYTH - 052
2008,FORSYTH - 053 - VFW POST 9010,FORSYTH - 053
2008,FORSYTH - 054 - CLEMMONS CIVIC CTR,FORSYTH - 054
2008,FORSYTH - 055 - HOLY FAMILY CATHOLIC,FORSYTH - 055
2008,FORSYTH - 061 - KERNERSVILLE LIBRARY,FORSYTH - 061
2008,FORSYTH - 062 - PINEY GROVE FIRE,FORSYTH - 062
2008,FORSYTH - 063 - CASH ELEMENTARY,FORSYTH - 063
2008,FORSYTH - 064 - KERNERSVILLE ELE,FORSYTH - 064
2008,FORSYTH - 065 - KERNERSVILLE 7TH DAY,FORSYTH - 065
2008,FORSYTH - 066 - PINEY GROVE ELE,FORSYTH - 066
2008,FORSYTH - 067 - KERNERSVILLE REC,FORSYTH - 067
2008,FORSYTH - 068 - GOOD SHEP MORAVIAN,FORSYTH - 068
2008,FORSYTH - 071 - LEWISVILLE ELE,FORSYTH - 071
2008,FORSYTH - 072 - SOUTHWEST ELE,FORSYTH - 076
2008,FORSYTH - 073 - UNITY MORAVIAN,FORSYTH - 073
2008,FORSYTH - 074 - MEADOWLARK MIDDLE,FORSYTH - 074
2008,FORSYTH - 075 - NEW HOPE AMEZ,FORSYTH - 075
2008,FORSYTH - 081 - OAK SUMMIT UNITED,FORSYTH - 081
2008,FORSYTH - 082 - EAST FORSYTH HIGH,FORSYTH - 085
2008,FORSYTH - 083 - IBRAHAM ELE,FORSYTH - 083
2008,FORSYTH - 091 - TOBACCOVILLE COMM,FORSYTH - 091
2008,FORSYTH - 092 - MACEDONIA BAPTIST,FORSYTH - 092
2008,FORSYTH - 101 - BETHANIA MORAVIAN,FORSYTH - 101
2008,FORSYTH - 111 - PROVIDENCE MORAVIAN,FORSYTH - 111
2008,FORSYTH - 112 - WALKERTOWN LIBRARY,FORSYTH - 112
2008,FORSYTH - 122 - GRIFFITH FIRE,FORSYTH - 121
2008,FORSYTH - 123 - FORSYTH FRIENDS,FORSYTH - 123
2008,FORSYTH - 131 - VIENNA ELE,FORSYTH - 131
2008,FORSYTH - 132 - PFAFFTOWN CHRISTIAN,FORSYTH - 132
2008,FORSYTH - 133 - SHILOH LUTHERAN,FORSYTH - 134
2008,FORSYTH - 201 - BROWN-DOUGLAS REC,FORSYTH - 208
2008,FORSYTH - 203 - MARTIN LUTHER KING REC,FORSYTH - 203
2008,FORSYTH - 204 - HOME AND GARDEN,FORSYTH - 204
2008,FORSYTH - 205 - PAISLEY MIDDLE SCHOOL,FORSYTH - 205
2008,FORSYTH - 206 - NORTH HILLS ELE,FORSYTH - 206
2008,FORSYTH - 207 - NEW HOPE UNITED METHO,FORSYTH - 207
2008,FORSYTH - 301 - ASHLEY ELE,FORSYTH - 301
2008,FORSYTH - 302 - HANES-LOWRANCE MIDDLE,FORSYTH - 302
2008,FORSYTH - 303 - JOHN WESLEY AME,FORSYTH - 303
2008,FORSYTH - 304 - FORSYTH TECH WOODRUFF,FORSYTH - 304
2008,FORSYTH - 305 - CARVER HIGH,FORSYTH - 305
2008,FORSYTH - 306 - MINERAL SPRINGS ELEM,FORSYTH - 306
2008,FORSYTH - 401 - WINSTON LAKE YMCA,FORSYTH - 401
2008,FORSYTH - 402 - 14TH STREET REC,FORSYTH - 402
2008,FORSYTH - 403 - LEAP ACADEMY,FORSYTH - 403
2008,FORSYTH - 404 - EAST WINSTON HERITAGE,FORSYTH - 404
2008,FORSYTH - 405 - SIMS RECREATION CTR,FORSYTH - 405
2008,FORSYTH - 501 - ST ANDREWS METHODIST,FORSYTH - 501
2008,FORSYTH - 502 - FOREST PARK ELE,FORSYTH - 502
2008,FORSYTH - 503 - TRINITY MORAVIAN,FORSYTH - 503
2008,FORSYTH - 504 - HILL MIDDLE SCHOOL,FORSYTH - 504
2008,FORSYTH - 505 - EASTON ELEMENTARY,FORSYTH - 505
2008,FORSYTH - 506 - COVENANT PRES,FORSYTH - 506
2008,FORSYTH - 507 - SEDGE GARDEN REC,FORSYTH - 508
2008,FORSYTH - 601 - PIEDMONT BAPTIST COLL,FORSYTH - 601
2008,FORSYTH - 602 - FIRST ALLIANCE CHURCH,FORSYTH - 602
2008,FORSYTH - 603 - LATHAM ELE,FORSYTH - 603
2008,FORSYTH - 604 - WSFC SCHOOLS ADMIN,FORSYTH - 604
2008,FORSYTH - 605 - PARKLAND HIGH,FORSYTH - 605
2008,FORSYTH - 606 - PHILO MIDDLE,FORSYTH - 606
2008,FORSYTH - 607 - WESTVIEW BAPTIST,FORSYTH - 607
2008,FORSYTH - 701 - FIRST CHRISTIAN,FORSYTH - 701
2008,FORSYTH - 702 - MILLER PARK REC,FORSYTH - 702
2008,FORSYTH - 703 - ARDMORE BAPTIST,FORSYTH - 703
2008,FORSYTH - 704 - PARKWAY UNITED CHURCH,FORSYTH - 704
2008,FORSYTH - 705 - FORSYTH TECH WEST,FORSYTH - 705
2008,FORSYTH - 706 - SOUTH FORK ELE,FORSYTH - 706
2008,FORSYTH - 707 - GREEK ORTHODOX,FORSYTH - 707
2008,FORSYTH - 708 - LITTLE CREEK REC,FORSYTH - 708
2008,FORSYTH - 709 - WARD ELE,FORSYTH - 709
2008,FORSYTH - 801 - POLO PARK REC CTR,FORSYTH - 801
2008,FORSYTH - 802 - SUMMIT SCHOOL,FORSYTH - 802
2008,FORSYTH - 803 - WHITAKER ELEMENTARY,FORSYTH - 803
2008,FORSYTH - 804 - SHERWOOD FOREST ELE,FORSYTH - 804
2008,FORSYTH - 805 - MESSIAH MORAVIAN,FORSYTH - 805
2008,FORSYTH - 806 - TRINITY UNITED MET,FORSYTH - 806
2008,FORSYTH - 807 - CALVARY BAPTIST,FORSYTH - 807
2008,FORSYTH - 808 - 1ST 7TH DAY ADVENTIST,FORSYTH - 808
2008,FORSYTH - 809 - JEFFERSON MIDDLE,FORSYTH - 809
2008,FORSYTH - 901 - REYNOLDS HIGH,FORSYTH - 901
2008,FORSYTH - 902 - BRUNSON ELE,FORSYTH - 902
2008,FORSYTH - 903 - HANES COMM CTR,FORSYTH - 903
2008,FORSYTH - 904 - MISSION HISPANA,FORSYTH - 904
2008,FORSYTH - 905 - BETHABARA MORAVIAN,FORSYTH - 905
2008,FORSYTH - 906 - MT TABOR HIGH,FORSYTH - 906
2008,FORSYTH - 907 - ST ANNES EPIS,FORSYTH - 907
2008,FORSYTH - 908 - OLD TOWN BAPTIST,FORSYTH - 908
2008,FORSYTH - 909 - OLD TOWN REC CTR,FORSYTH - 909
2008,FRANKLIN - BUNN,FRANKLIN - 06
2008,FRANKLIN - CEDAR ROCK,FRANKLIN - 09
2008,FRANKLIN - CYPRESS CREEK,FRANKLIN - 08
2008,FRANKLIN - EAST FRANKLINTON,FRANKLIN - 15
2008,FRANKLIN - EAST HARRIS,FRANKLIN - 05
2008,FRANKLIN - EAST LOUISBURG COUNTRY,FRANKLIN - 16
2008,FRANKLIN - EAST YOUNGSVILLE,FRANKLIN - 14
2008,FRANKLIN - GOLD MINE,FRANKLIN - 10
2008,FRANKLIN - HAYESVILLE,FRANKLIN - 12
2008,FRANKLIN - LOUISBURG CITY,FRANKLIN - 01
2008,FRANKLIN - PEARCES,FRANKLIN - 07
2008,FRANKLIN - PILOT,FRANKLIN - 13
2008,FRANKLIN - SANDY CREEK,FRANKLIN - 11
2008,FRANKLIN - WEST FRANKLINTON,FRANKLIN - 03
2008,FRANKLIN - WEST HARRIS,FRANKLIN - 17
2008,FRANKLIN - WEST LOUISBURG COUNTRY,FRANKLIN - 02
2008,FRANKLIN - WEST YOUNGSVILLE 1,FRANKLIN - 18
2008,FRANKLIN - WEST YOUNGSVILLE 2,FRANKLIN - 19
2008,GASTON - ALEXIS,GASTON - 39
2008,GASTON - ARMSTRONG,GASTON - 11
2008,GASTON - ASHBROOK,GASTON - 18-1
2008,GASTON - BELMONT #1,GASTON - 23
2008,GASTON - BELMONT #2,GASTON - 24
2008,GASTON - BELMONT #3,GASTON - 25-1
2008,GASTON - BESSEMER CITY #1,GASTON - 20
2008,GASTON - BESSEMER CITY #2,GASTON - 21-1
2008,GASTON - CATAWBA HEIGHTS,GASTON - 26-1
2008,GASTON - CHERRYVILLE #1,GASTON - 35
2008,GASTON - CHERRYVILLE #2,GASTON - 36
2008,GASTON - CHERRYVILLE #3,GASTON - 37
2008,GASTON - CRAMERTON,GASTON - 28-1
2008,GASTON - CROWDERS MOUNTAIN,GASTON - 22
2008,GASTON - DALLAS #1,GASTON - 40
2008,GASTON - DALLAS #2,GASTON - 41
2008,GASTON - FLINT GROVES,GASTON - 12
2008,GASTON - FOREST HEIGHTS,GASTON - 04-1
2008,GASTON - GARDNER PARK,GASTON - 14-1
2008,GASTON - GASTON DAY,GASTON - 16
2008,GASTON - GRIER,GASTON - 09
2008,GASTON - HEALTH CENTER,GASTON - 05
2008,GASTON - HIGH SHOALS,GASTON - 38
2008,GASTON - HIGHLAND,GASTON - 07
2008,GASTON - LANDERS CHAPEL,GASTON - 34
2008,GASTON - LOWELL,GASTON - 32-1
2008,GASTON - LUCIA,GASTON - 42
2008,GASTON - MCADENVILLE,GASTON - 30-1
2008,GASTON - MOUNT HOLLY #1,GASTON - 45
2008,GASTON - MOUNT HOLLY #2,GASTON - 46
2008,GASTON - MYRTLE,GASTON - 06-1
2008,GASTON - NEW HOPE,GASTON - 29-1
2008,GASTON - PLEASANT RIDGE,GASTON - 03
2008,GASTON - RANLO,GASTON - 13
2008,GASTON - ROBINSON #1,GASTON - 15
2008,GASTON - ROBINSON #2,GASTON - 17
2008,GASTON - SHERWOOD,GASTON - 10
2008,GASTON - SOUTH GASTONIA,GASTON - 19-1
2008,GASTON - SOUTH POINT,GASTON - 27
2008,GASTON - STANLEY #1,GASTON - 43
2008,GASTON - STANLEY #2,GASTON - 44
2008,GASTON - TRYON,GASTON - 33
2008,GASTON - UNION,GASTON - 31
2008,GASTON - VICTORY,GASTON - 02
2008,GASTON - WOODHILL,GASTON - 08
2008,GASTON - YORK CHESTER,GASTON - 01
2008,GATES - PRECINCT #1,GATES - 1
2008,GATES - PRECINCT #2,GATES - 2
2008,GATES - PRECINCT #3,GATES - 3
2008,GATES - PRECINCT #4 NORTH,GATES - 4N
2008,GATES - PRECINCT #4 SOUTH,GATES - 4S
2008,GATES - PRECINCT #5,GATES - 5
2008,GRAHAM - EAST WARD,GRAHAM - EAST
2008,GRAHAM - STECOAH,GRAHAM - STEC
2008,GRAHAM - TAPOCO,GRAHAM - TAPO
2008,GRAHAM - WEST WARD,GRAHAM - WEST
2008,GRANVILLE - ANTIOCH,GRANVILLE - ANTI
2008,GRANVILLE - BEREA,GRANVILLE - BERE
2008,GRANVILLE - BUTNER,GRANVILLE - BTNR
2008,GRANVILLE - CORINTH,GRANVILLE - CORI
2008,GRANVILLE - CREDLE,GRANVILLE - CRDL
2008,GRANVILLE - CREEDMOOR,GRANVILLE - CRDM
2008,GRANVILLE - EAST OXFORD,GRANVILLE - EAOX
2008,GRANVILLE - MT ENERGY,GRANVILLE - MTEN
2008,GRANVILLE - OAK HILL,GRANVILLE - OKHL
2008,GRANVILLE - SALEM,GRANVILLE - SALM
2008,GRANVILLE - SASSAFRAS FORK,GRANVILLE - SASS
2008,GRANVILLE - SOUTH OXFORD,GRANVILLE - SOOX
2008,GRANVILLE - TALLY HO,GRANVILLE - TYHO
2008,GRANVILLE - WEST OXFORD ELEM.,GRANVILLE - WOEL
2008,GRANVILLE - WILTON,GRANVILLE - WILT
2008,GREENE - ARBA,GREENE - ARBA
2008,GREENE - BEAR GARDEN,GREENE - BEAR
2008,GREENE - BULL HEAD,GREENE - BULL
2008,GREENE - CASTORIA,GREENE - CAST
2008,GREENE - HOOKERTON,GREENE - HOOK
2008,GREENE - MAURY,GREENE - MAUR
2008,GREENE - SHINE,GREENE - SHIN
2008,GREENE - SNOW HILL 1,GREENE - SH#1
2008,GREENE - SUGG,GREENE - SUGG
2008,GREENE - WALSTONBURG,GREENE - WALS
2008,GUILFORD - CG1,GUILFORD - CG1
2008,GUILFORD - CG2,GUILFORD - CG2
2008,GUILFORD - CG3A,GUILFORD - CG3A
2008,GUILFORD - CG3B,GUILFORD - CG3B
2008,GUILFORD - FEN1,GUILFORD - FEN1
2008,GUILFORD - FEN2,GUILFORD - FEN2
2008,GUILFORD - FR1,GUILFORD - FR1
2008,GUILFORD - FR2,GUILFORD - FR2
2008,GUILFORD - FR3,GUILFORD - FR3
2008,GUILFORD - FR4,GUILFORD - FR4
2008,GUILFORD - G01,GUILFORD - G01
2008,GUILFORD - G02,GUILFORD - G02
2008,GUILFORD - G03,GUILFORD - G03
2008,GUILFORD - G04,GUILFORD - G04
2008,GUILFORD - G05,GUILFORD - G05
2008,GUILFORD - G06,GUILFORD - G06
2008,GUILFORD - G07,GUILFORD - G07
2008,GUILFORD - G08,GUILFORD - G08
2008,GUILFORD - G09,GUILFORD - G09
2008,GUILFORD - G10,GUILFORD - G10
2008,GUILFORD - G11,GUILFORD - G11
2008,GUILFORD - G12,GUILFORD - G12
2008,GUILFORD - G13,GUILFORD - G13
2008,GUILFORD - G14,GUILFORD - G14
2008,GUILFORD - G15,GUILFORD - G15
2008,GUILFORD - G16,GUILFORD - G16
2008,GUILFORD - G17,GUILFORD - G17
2008,GUILFORD - G18,GUILFORD - G18
2008,GUILFORD - G19,GUILFORD - G19
2008,GUILFORD - G20,GUILFORD - G20
2008,GUILFORD - G21,GUILFORD - G21
2008,GUILFORD - G22,GUILFORD - G22
2008,GUILFORD - G23,GUILFORD - G23
2008,GUILFORD - G24,GUILFORD - G24
2008,GUILFORD - G25,GUILFORD - G25
2008,GUILFORD - G26,GUILFORD - G26
2008,GUILFORD - G27,GUILFORD - G27
2008,GUILFORD - G28,GUILFORD - G28
2008,GUILFORD - G29,GUILFORD - G29
2008,GUILFORD - G30,GUILFORD - G30
2008,GUILFORD - G31,GUILFORD - G31
2008,GUILFORD - G32,GUILFORD - G32
2008,GUILFORD - G33,GUILFORD - G33
2008,GUILFORD - G34,GUILFORD - G34
2008,GUILFORD - G35,GUILFORD - G35
2008,GUILFORD - G36,GUILFORD - G36
2008,GUILFORD - G37,GUILFORD - G37
2008,GUILFORD - G38,GUILFORD - G38
2008,GUILFORD - G39,GUILFORD - G39
2008,GUILFORD - G40A1,GUILFORD - G40A1
2008,GUILFORD - G40A2,GUILFORD - G40A2
2008,GUILFORD - G40B,GUILFORD - G40B
2008,GUILFORD - G42,GUILFORD - G42A
2008,GUILFORD - G43,GUILFORD - G43
2008,GUILFORD - G44,GUILFORD - G44
2008,GUILFORD - G45,GUILFORD - G45
2008,GUILFORD - G46,GUILFORD - G46
2008,GUILFORD - G47,GUILFORD - G47
2008,GUILFORD - G48,GUILFORD - G48
2008,GUILFORD - G49,GUILFORD - G49
2008,GUILFORD - G50,GUILFORD - G50
2008,GUILFORD - G51,GUILFORD - G51
2008,GUILFORD - G52,GUILFORD - G52
2008,GUILFORD - G53,GUILFORD - G53
2008,GUILFORD - G54,GUILFORD - G54
2008,GUILFORD - G55,GUILFORD - G55
2008,GUILFORD - G56,GUILFORD - G56
2008,GUILFORD - G57,GUILFORD - G57
2008,GUILFORD - G58,GUILFORD - G58
2008,GUILFORD - G59,GUILFORD - G59
2008,GUILFORD - G60,GUILFORD - G60
2008,GUILFORD - G61,GUILFORD - G61
2008,GUILFORD - G62,GUILFORD - G62
2008,GUILFORD - G63,GUILFORD - G63
2008,GUILFORD - G64,GUILFORD - G64
2008,GUILFORD - G65,GUILFORD - G65
2008,GUILFORD - G66,GUILFORD - G66
2008,GUILFORD - G67,GUILFORD - G67
2008,GUILFORD - G68,GUILFORD - G68
2008,GUILFORD - G69,GUILFORD - G69
2008,GUILFORD - G70,GUILFORD - G70
2008,GUILFORD - G71,GUILFORD - G71
2008,GUILFORD - G72,GUILFORD - G72
2008,GUILFORD - G73,GUILFORD - G73
2008,GUILFORD - G74,GUILFORD - G74
2008,GUILFORD - G75,GUILFORD - G75
2008,GUILFORD - GIB,GUILFORD - GIB
2008,GUILFORD - GR,GUILFORD - GR
2008,GUILFORD - H01,GUILFORD - H01
2008,GUILFORD - H02,GUILFORD - H02
2008,GUILFORD - H03,GUILFORD - H03
2008,GUILFORD - H04,GUILFORD - H04
2008,GUILFORD - H05,GUILFORD - H05
2008,GUILFORD - H06,GUILFORD - H06
2008,GUILFORD - H07,GUILFORD - H07
2008,GUILFORD - H08,GUILFORD - H08
2008,GUILFORD - H09,GUILFORD - H09
2008,GUILFORD - H10,GUILFORD - H10
2008,GUILFORD - H11,GUILFORD - H11
2008,GUILFORD - H12,GUILFORD - H12
2008,GUILFORD - H13,GUILFORD - H13
2008,GUILFORD - H14,GUILFORD - H14
2008,GUILFORD - H15,GUILFORD - H15
2008,GUILFORD - H16,GUILFORD - H16
2008,GUILFORD - H17,GUILFORD - H17
2008,GUILFORD - H18,GUILFORD - H18
2008,GUILFORD - H19A,GUILFORD - H19A
2008,GUILFORD - H19B,GUILFORD - H19B
2008,GUILFORD - H20A,GUILFORD - H20A
2008,GUILFORD - H20B,GUILFORD - H20B
2008,GUILFORD - H21,GUILFORD - H21
2008,GUILFORD - H22,GUILFORD - H22
2008,GUILFORD - H23,GUILFORD - H23
2008,GUILFORD - H24,GUILFORD - H24
2008,GUILFORD - H25,GUILFORD - H25
2008,GUILFORD - H26,GUILFORD - H26
2008,GUILFORD - H27,GUILFORD - H27-A
2008,GUILFORD - H28,GUILFORD - H28
2008,GUILFORD - H29A,GUILFORD - H29A
2008,GUILFORD - H29B,GUILFORD - H29B
2008,GUILFORD - JAM1,GUILFORD - JAM1
2008,GUILFORD - JAM2,GUILFORD - JAM2
2008,GUILFORD - JAM3,GUILFORD - JAM3
2008,GUILFORD - JAM4,GUILFORD - JAM4
2008,GUILFORD - JAM5,GUILFORD - JAM5
2008,GUILFORD - JEF1,GUILFORD - JEF1
2008,GUILFORD - JEF2,GUILFORD - JEF2
2008,GUILFORD - JEF3,GUILFORD - JEF3
2008,GUILFORD - JEF4,GUILFORD - JEF4
2008,GUILFORD - MON1,GUILFORD - MON1
2008,GUILFORD - MON2A,GUILFORD - MON2A
2008,GUILFORD - MON2B,GUILFORD - MON2B
2008,GUILFORD - MON3,GUILFORD - MON3
2008,GUILFORD - NCGR1,GUILFORD - NCGR1
2008,GUILFORD - NCGR2,GUILFORD - NCGR2
2008,GUILFORD - NCLAY1,GUILFORD - NCLAY1
2008,GUILFORD - NCLAY2,GUILFORD - NCLAY2
2008,GUILFORD - NDRI,GUILFORD - NDRI
2008,GUILFORD - NMAD,GUILFORD - NMAD
2008,GUILFORD - NWASH,GUILFORD - NWASH
2008,GUILFORD - OR1,GUILFORD - OR1
2008,GUILFORD - OR2,GUILFORD - OR2
2008,GUILFORD - PG1,GUILFORD - PG1
2008,GUILFORD - PG2,GUILFORD - PG2
2008,GUILFORD - RC1,GUILFORD - RC1
2008,GUILFORD - RC2,GUILFORD - RC2
2008,GUILFORD - SCLAY,GUILFORD - SCLAY
2008,GUILFORD - SDRI,GUILFORD - SDRI
2008,GUILFORD - SF1,GUILFORD - SF1
2008,GUILFORD - SF2,GUILFORD - SF2
2008,GUILFORD - SF3,GUILFORD - SF3
2008,GUILFORD - SF4,GUILFORD - SF4
2008,GUILFORD - SMAD,GUILFORD - SMAD
2008,GUILFORD - STOK,GUILFORD - STOK
2008,GUILFORD - SUM1,GUILFORD - SUM1
2008,GUILFORD - SUM2,GUILFORD - SUM2
2008,GUILFORD - SUM3,GUILFORD - SUM3
2008,GUILFORD - SUM4,GUILFORD - SUM4
2008,GUILFORD - SWASH,GUILFORD - SWASH
2008,HALIFAX - BUTTERWOOD,HALIFAX - BUTWD
2008,HALIFAX - CONOCONNARA,HALIFAX - CONC
2008,HALIFAX - ENFIELD 1,HALIFAX - ENF1
2008,HALIFAX - ENFIELD 2,HALIFAX - ENF 2
2008,HALIFAX - FAUCETT,HALIFAX - FAUCT
2008,HALIFAX - HALIFAX,HALIFAX - HAL
2008,HALIFAX - HOBGOOD,HALIFAX - HPR
2008,HALIFAX - HOLLISTER,HALIFAX - HOL
2008,HALIFAX - LITTLETON 1,HALIFAX - LIT
2008,HALIFAX - LITTLETON 2,HALIFAX - LIT
2008,HALIFAX - RINGWOOD,HALIFAX - RINGW
2008,HALIFAX - ROANOKE RAPIDS 10,HALIFAX - RR 10
2008,HALIFAX - ROANOKE RAPIDS 11,HALIFAX - RR 11
2008,HALIFAX - ROANOKE RAPIDS 3,HALIFAX - RR3-4
2008,HALIFAX - ROANOKE RAPIDS 4,HALIFAX - RR3-4
2008,HALIFAX - ROANOKE RAPIDS 5,HALIFAX - RRCE
2008,HALIFAX - ROANOKE RAPIDS 6,HALIFAX - RRCE
2008,HALIFAX - ROANOKE RAPIDS 7,HALIFAX - RR7-9
2008,HALIFAX - ROANOKE RAPIDS 8,HALIFAX - RRCE
2008,HALIFAX - ROANOKE RAPIDS 9,HALIFAX - RR7-9
2008,HALIFAX - WELDON 1,HALIFAX - WEL1-2
2008,HALIFAX - WELDON 2,HALIFAX - WEL1-2
2008,HALIFAX - WELDON 3,HALIFAX - WEL 3
2008,HARNETT - ANDERSON CREEK,HARNETT - PR01
2008,HARNETT - BARBECUE,HARNETT - PR07
2008,HARNETT - BLACK RIVER,HARNETT - PR08
2008,HARNETT - BOONE TRAIL,HARNETT - PR23
2008,HARNETT - COATS/GROVE,HARNETT - PR24
2008,HARNETT - EAST AVERASBORO,HARNETT - PR25
2008,HARNETT - ERWIN/DUKE,HARNETT - PR26
2008,HARNETT - JOHNSONVILLE,HARNETT - PR16
2008,HARNETT - NORTHWEST HARNETT,HARNETT - PR28
2008,HARNETT - STEWARTS CREEK,HARNETT - PR20
2008,HARNETT - WEST AVERASBORO,HARNETT - PR29
2008,HAYWOOD - ALLENS CREEK,HAYWOOD - AC
2008,HAYWOOD - BEAVERDAM 1,HAYWOOD - BE1
2008,HAYWOOD - BEAVERDAM 2,HAYWOOD - BE2
2008,HAYWOOD - BEAVERDAM 3,HAYWOOD - BE3
2008,HAYWOOD - BEAVERDAM 4,HAYWOOD - BE4
2008,HAYWOOD - BEAVERDAM 5/6,HAYWOOD - BE5-6
2008,HAYWOOD - BEAVERDAM 7,HAYWOOD - BE7
2008,HAYWOOD - BIG CREEK,HAYWOOD - BC
2008,HAYWOOD - CECIL,HAYWOOD - CE
2008,HAYWOOD - CLYDE NORTH,HAYWOOD - CLN
2008,HAYWOOD - CLYDE SOUTH,HAYWOOD - CLS
2008,HAYWOOD - CRABTREE,HAYWOOD - CR
2008,HAYWOOD - EAST FORK,HAYWOOD - EF
2008,HAYWOOD - FINES CREEK 1,HAYWOOD - FC-1
2008,HAYWOOD - FINES CREEK 2,HAYWOOD - FC-2
2008,HAYWOOD - HAZELWOOD,HAYWOOD - HA
2008,HAYWOOD - IRON DUFF,HAYWOOD - ID
2008,HAYWOOD - IVY HILL,HAYWOOD - IH
2008,HAYWOOD - JONATHAN CREEK,HAYWOOD - JC
2008,HAYWOOD - LAKE JUNALUSKA,HAYWOOD - LJ
2008,HAYWOOD - PIGEON,HAYWOOD - P
2008,HAYWOOD - PIGEON CENTER,HAYWOOD - PC
2008,HAYWOOD - SAUNOOK,HAYWOOD - SA
2008,HAYWOOD - WAYNESVILLE CENTER,HAYWOOD - WC
2008,HAYWOOD - WAYNESVILLE EAST,HAYWOOD - WE
2008,HAYWOOD - WAYNESVILLE SOUTH 1,HAYWOOD - WS-1
2008,HAYWOOD - WAYNESVILLE SOUTH 2,HAYWOOD - WS-2
2008,HAYWOOD - WAYNESVILLE WEST,HAYWOOD - WW
2008,HAYWOOD - WHITE OAK,HAYWOOD - WO
2008,HENDERSON - ARMORY,HENDERSON - AR
2008,HENDERSON - ATKINSON,HENDERSON - AT
2008,HENDERSON - BAT CAVE,HENDERSON - BC
2008,HENDERSON - BRICKTON,HENDERSON - BK
2008,HENDERSON - CLEAR CREEK,HENDERSON - CC
2008,HENDERSON - CRAB CREEK,HENDERSON - CB
2008,HENDERSON - EAST FLAT ROCK,HENDERSON - EF
2008,HENDERSON - EDNEYVILLE,HENDERSON - ED
2008,HENDERSON - ETOWAH SOUTH,HENDERSON - ES
2008,HENDERSON - ETOWAH VALLEY,HENDERSON - EV
2008,HENDERSON - FLAT ROCK,HENDERSON - FR
2008,HENDERSON - FLETCHER,HENDERSON - FL
2008,HENDERSON - GREEN RIVER,HENDERSON - GR
2008,HENDERSON - GRIMESDALE,HENDERSON - GM
2008,HENDERSON - HENDERSONVILLE-1,HENDERSON - HV-1
2008,HENDERSON - HENDERSONVILLE-2,HENDERSON - HV-2
2008,HENDERSON - HENDERSONVILLE-3,HENDERSON - HV-3
2008,HENDERSON - HOOPERS CREEK,HENDERSON - HC
2008,HENDERSON - HORSE SHOE,HENDERSON - HS
2008,HENDERSON - LAUREL PARK,HENDERSON - LP
2008,HENDERSON - LONG JOHN MOUNTAIN,HENDERSON - LJ
2008,HENDERSON - MOORES GROVE,HENDERSON - MG
2008,HENDERSON - NORTH BLUE RIDGE,HENDERSON - NB
2008,HENDERSON - NORTH MILLS RIVER,HENDERSON - NM
2008,HENDERSON - NORTHEAST,HENDERSON - NE
2008,HENDERSON - NORTHWEST,HENDERSON - NW
2008,HENDERSON - PARK RIDGE,HENDERSON - PR
2008,HENDERSON - PISGAH VIEW,HENDERSON - PV
2008,HENDERSON - RAVEN ROCK,HENDERSON - RR
2008,HENDERSON - RUGBY,HENDERSON - RG
2008,HENDERSON - SOUTH BLUE RIDGE,HENDERSON - SB
2008,HENDERSON - SOUTH MILLS RIVER,HENDERSON - SM
2008,HENDERSON - SOUTHEAST,HENDERSON - SE
2008,HENDERSON - SOUTHWEST,HENDERSON - SW
2008,HERTFORD - AHOSKIE 1,HERTFORD - A1
2008,HERTFORD - AHOSKIE 2,HERTFORD - A2
2008,HERTFORD - AHOSKIE 3,HERTFORD - A3
2008,HERTFORD - BRYANTVILLE,HERTFORD - BR
2008,HERTFORD - COFIELD,HERTFORD - CO
2008,HERTFORD - COMO,HERTFORD - CM
2008,HERTFORD - HARRELLSVILLE,HERTFORD - HV
2008,HERTFORD - MILLENNIUM,HERTFORD - ML
2008,HERTFORD - MURFREESBORO 1,HERTFORD - M1
2008,HERTFORD - MURFREESBORO 2,HERTFORD - M2
2008,HERTFORD - ST JOHN,HERTFORD - SJ
2008,HERTFORD - UNION,HERTFORD - UN
2008,HERTFORD - WINTON,HERTFORD - WN
2008,HOKE - ALLENDALE,HOKE - 01
2008,HOKE - ANTIOCH,HOKE - 02
2008,HOKE - BLUE SPRINGS,HOKE - 03
2008,HOKE - BUCHAN,HOKE - 04
2008,HOKE - MCCAIN,HOKE - 05
2008,HOKE - PUPPY CREEK,HOKE - 06B
2008,HOKE - RAEFORD #1,HOKE - 61
2008,HOKE - RAEFORD #2,HOKE - 62
2008,HOKE - RAEFORD #3,HOKE - 63
2008,HOKE - RAEFORD #4,HOKE - 64
2008,HOKE - RAEFORD #5,HOKE - 65
2008,HOKE - ROCKFISH,HOKE - 12
2008,HOKE - STONEWALL,HOKE - 13
2008,HOKE - WAYSIDE,HOKE - 14
2008,HYDE - BURGESS MILL,HYDE - BM
2008,HYDE - ENGELHARD,HYDE - ENG
2008,HYDE - FAIRFIELD,HYDE - FF
2008,HYDE - LAKE LANDING,HYDE - LL
2008,HYDE - OCRACOKE,HYDE - OCK
2008,HYDE - SLADESVILLE,HYDE - SLAD
2008,HYDE - SWAN QUARTER,HYDE - SQ
2008,IREDELL - BARRINGER,IREDELL - BA-1
2008,IREDELL - BETHANY,IREDELL - BE
2008,IREDELL - CHAMBERSBURG-A,IREDELL - CH-A
2008,IREDELL - CHAMBERSBURG-B,IREDELL - CH-B
2008,IREDELL - CODDLE CREEK #1,IREDELL - CC1
2008,IREDELL - CODDLE CREEK #2,IREDELL - CC2
2008,IREDELL - CODDLE CREEK #3,IREDELL - CC3-1
2008,IREDELL - CODDLE CREEK #4,IREDELL - CC4-1
2008,IREDELL - CONCORD,IREDELL - CD
2008,IREDELL - COOL SPRINGS,IREDELL - CS
2008,IREDELL - DAVIDSON #1-A,IREDELL - DV1A1A
2008,IREDELL - DAVIDSON #1-B,IREDELL - DV1B-1
2008,IREDELL - DAVIDSON #2-A,IREDELL - DV2A-1
2008,IREDELL - DAVIDSON #2-B,IREDELL - DV2B-1
2008,IREDELL - EAGLE MILLS,IREDELL - EM
2008,IREDELL - FALLSTOWN,IREDELL - FT
2008,IREDELL - NEW HOPE,IREDELL - NH
2008,IREDELL - OLIN,IREDELL - OL
2008,IREDELL - SHARPESBURG,IREDELL - SB
2008,IREDELL - SHILOH-A,IREDELL - SH-A
2008,IREDELL - SHILOH-B,IREDELL - SH-B
2008,IREDELL - STATESVILLE #1,IREDELL - ST1
2008,IREDELL - STATESVILLE #2,IREDELL - ST2
2008,IREDELL - STATESVILLE #3,IREDELL - ST3
2008,IREDELL - STATESVILLE #4,IREDELL - ST4
2008,IREDELL - STATESVILLE #5,IREDELL - ST5
2008,IREDELL - STATESVILLE #6,IREDELL - ST6
2008,IREDELL - TURNERSBURG,IREDELL - TB
2008,IREDELL - UNION GROVE,IREDELL - UG
2008,JACKSON - BARKERS CREEK,JACKSON - BCK
2008,JACKSON - CANADA,JACKSON - CAN
2008,JACKSON - CANEY FORK,JACKSON - CFK
2008,JACKSON - CASHIERS,JACKSON - CAS
2008,JACKSON - CULLOWHEE,JACKSON - CUL
2008,JACKSON - DILLSBORO,JACKSON - SDC
2008,JACKSON - GREENS CREEK,JACKSON - GCK
2008,JACKSON - QUALLA,JACKSON - QUA
2008,JACKSON - RIVER,JACKSON - RIV
2008,JACKSON - SAVANNAH,JACKSON - SAV
2008,JACKSON - SYLVA-NORTH WD,JACKSON - SDC
2008,JACKSON - SYLVA-SOUTH WD,JACKSON - SDC
2008,JACKSON - WEBSTER,JACKSON - WEB
2008,JOHNSTON - ARCHERS LODGE,JOHNSTON - PR29A
2008,JOHNSTON - BENTONVILLE,JOHNSTON - PR04
2008,JOHNSTON - EAST CLAYTON,JOHNSTON - PR09
2008,JOHNSTON - EAST SELMA,JOHNSTON - PR24
2008,JOHNSTON - EAST SMITHFIELD,JOHNSTON - PR26
2008,JOHNSTON - FLOWERS PLANTATION,JOHNSTON - PR29B
2008,JOHNSTON - MICRO,JOHNSTON - PR19
2008,JOHNSTON - NORTH BOON HILL,JOHNSTON - PR07
2008,JOHNSTON - NORTH CLAYTON 1,JOHNSTON - PR10A
2008,JOHNSTON - NORTH CLAYTON 2,JOHNSTON - PR10B
2008,JOHNSTON - NORTH ELEVATION,JOHNSTON - PR13
2008,JOHNSTON - NORTH ONEALS,JOHNSTON - PR20
2008,JOHNSTON - NORTH PLEASANT GROVE 1,JOHNSTON - PR23A
2008,JOHNSTON - NORTH PLEASANT GROVE 2,JOHNSTON - PR23B
2008,JOHNSTON - NORTH SMITHFIELD 1,JOHNSTON - PR27A
2008,JOHNSTON - NORTH SMITHFIELD 2,JOHNSTON - PR27B
2008,JOHNSTON - NORTH WILDERS,JOHNSTON - PR32
2008,JOHNSTON - PINE LEVEL,JOHNSTON - PR22
2008,JOHNSTON - SOUTH BOON HILL,JOHNSTON - PR08
2008,JOHNSTON - SOUTH CLAYTON,JOHNSTON - PR34
2008,JOHNSTON - SOUTH ELEVATION,JOHNSTON - PR14
2008,JOHNSTON - SOUTH ONEALS,JOHNSTON - PR21
2008,JOHNSTON - SOUTH PLEASANT GROVE,JOHNSTON - PR33
2008,JOHNSTON - SOUTH SMITHFIELD,JOHNSTON - PR28
2008,JOHNSTON - SOUTHEAST CLEVELAND,JOHNSTON - PR31A
2008,JOHNSTON - SOUTHWEST CLEVELAND,JOHNSTON - PR31B
2008,JOHNSTON - WEST CLAYTON 1,JOHNSTON - PR11A
2008,JOHNSTON - WEST CLAYTON 2,JOHNSTON - PR11B
2008,JOHNSTON - WEST SELMA,JOHNSTON - PR25
2008,JOHNSTON - WILSONS MILLS,JOHNSTON - PR30
2008,JONES - BEAVER CREEK,JONES - P01
2008,JONES - CHINQUAPIN,JONES - P02
2008,JONES - CYPRESS CREEK,JONES - P03
2008,JONES - POLLOCKSVILLE,JONES - P04
2008,JONES - TRENTON,JONES - P05
2008,JONES - TUCKAHOE,JONES - P06
2008,JONES - WHITE OAK,JONES - P07
2008,LEE - A1,LEE - A1
2008,LEE - A2,LEE - A2
2008,LEE - B1,LEE - B1
2008,LEE - B2,LEE - B2
2008,LEE - C1,LEE - C1
2008,LEE - C2,LEE - C2
2008,LEE - D1,LEE - D1
2008,LEE - D2,LEE - D2
2008,LEE - E1,LEE - E1
2008,LEE - E2,LEE - E2
2008,LENOIR - CONTENTNEA,LENOIR - C
2008,LENOIR - FALLING CREEK,LENOIR - FC
2008,LENOIR - INSTITUTE,LENOIR - I
2008,LENOIR - KINSTON-1,LENOIR - K1
2008,LENOIR - KINSTON-2,LENOIR - K2
2008,LENOIR - KINSTON-3,LENOIR - K3
2008,LENOIR - KINSTON-4,LENOIR - K4
2008,LENOIR - KINSTON-5,LENOIR - K5
2008,LENOIR - KINSTON-6,LENOIR - K6
2008,LENOIR - KINSTON-7,LENOIR - K7
2008,LENOIR - KINSTON-8,LENOIR - K8
2008,LENOIR - KINSTON-9,LENOIR - K9
2008,LENOIR - MOSELEY HALL,LENOIR - MH
2008,LENOIR - NEUSE,LENOIR - N
2008,LENOIR - PINK HILL-1,LENOIR - PH1
2008,LENOIR - PINK HILL-2,LENOIR - PH2
2008,LENOIR - SANDHILL,LENOIR - SH
2008,LENOIR - SOUTHWEST,LENOIR - SW
2008,LENOIR - TRENT-1,LENOIR - T1
2008,LENOIR - TRENT-2,LENOIR - T2
2008,LENOIR - VANCE,LENOIR - V
2008,LENOIR - WOODINGTON,LENOIR - W
2008,LINCOLN - ASBURY,LINCOLN - AS25
2008,LINCOLN - BOGER CITY,LINCOLN - BC13
2008,LINCOLN - BUFFALO SHOALS,LINCOLN - BS26
2008,LINCOLN - COWANS FORD,LINCOLN - CF19
2008,LINCOLN - CROUSE,LINCOLN - HC33
2008,LINCOLN - DANIELS/VALE,LINCOLN - DV08
2008,LINCOLN - DENVER,LINCOLN - DN29
2008,LINCOLN - DENVER WEST,LINCOLN - DW28
2008,LINCOLN - HEAVNERS,LINCOLN - HC33
2008,LINCOLN - HICKORY GROVE,LINCOLN - ST36
2008,LINCOLN - IRON STATION,LINCOLN - IS23
2008,LINCOLN - IRON STATION SOUTH,LINCOLN - IS20
2008,LINCOLN - LINCOLNTON/NORTH,LINCOLN - LN11
2008,LINCOLN - LINCOLNTON/SOUTH,LINCOLN - LS12
2008,LINCOLN - LITHIA,LINCOLN - LI14
2008,LINCOLN - LONG SHOALS,LINCOLN - LB34
2008,LINCOLN - LOVE MEMORIAL,LINCOLN - LB34
2008,LINCOLN - LOWESVILLE,LINCOLN - LW31
2008,LINCOLN - LOWESVILLE WEST,LINCOLN - LW18
2008,LINCOLN - NORTH BROOK,LINCOLN - NB35
2008,LINCOLN - NORTH BROOK III,LINCOLN - NB35
2008,LINCOLN - OAK GROVE,LINCOLN - ST36
2008,LINCOLN - ORE BANK,LINCOLN - OB21
2008,LINCOLN - PUMPKIN CENTER,LINCOLN - PC22
2008,LINCOLN - SALEM,LINCOLN - SL24
2008,LINCOLN - TRIANGLE,LINCOLN - TA37
2008,LINCOLN - TRIANGLE EAST,LINCOLN - TA37
2008,LINCOLN - WESTPORT,LINCOLN - WP32
2008,MACON - BURNINGTOWN,MACON - 14
2008,MACON - CARTOOGECHAYE,MACON - 12
2008,MACON - COWEE,MACON - 15
2008,MACON - EAST FRANKLIN,MACON - 03
2008,MACON - ELLIJAY,MACON - 07
2008,MACON - FLATS,MACON - 10
2008,MACON - HIGHLANDS,MACON - 09
2008,MACON - IOTLA,MACON - 04
2008,MACON - MILLSHOAL,MACON - 06
2008,MACON - NANTAHALA,MACON - 13
2008,MACON - NORTH FRANKLIN,MACON - 01
2008,MACON - SMITHBRIDGE,MACON - 11
2008,MACON - SOUTH FRANKLIN,MACON - 02
2008,MACON - SUGARFORK,MACON - 08
2008,MACON - UNION,MACON - 05
2008,MADISON - BEECH GLEN,MADISON - BEECH
2008,MADISON - EBBS CHAPEL,MADISON - EBBS C
2008,MADISON - GRAPEVINE,MADISON - GRAPEV
2008,MADISON - HOT SPRINGS,MADISON - HOT SP
2008,MADISON - LAUREL,MADISON - LAUREL
2008,MADISON - MARS HILL,MADISON - MARS H
2008,MADISON - NORTH MARSHALL,MADISON - NORTH
2008,MADISON - REVERE-RICE COVE,MADISON - REVERE
2008,MADISON - SANDY MUSH,MADISON - SANDY
2008,MADISON - SOUTH MARSHALL,MADISON - SOUTH
2008,MADISON - SPRING CREEK,MADISON - SPRING
2008,MADISON - WALNUT,MADISON - WALNUT
2008,MARTIN - BEAR GRASS,MARTIN - BG
2008,MARTIN - CROSS ROADS,MARTIN - CR
2008,MARTIN - GOOSENEST,MARTIN - GSN
2008,MARTIN - GRIFFINS,MARTIN - GRF
2008,MARTIN - HAMILTON,MARTIN - HMT
2008,MARTIN - HASSELL,MARTIN - GSN
2008,MARTIN - JAMESVILLE,MARTIN - JMV
2008,MARTIN - POPLAR POINT,MARTIN - HMT
2008,MARTIN - ROBERSONVILLE 1,MARTIN - RBV
2008,MARTIN - ROBERSONVILLE 2,MARTIN - RBV
2008,MARTIN - WILLIAMS,MARTIN - JMV
2008,MARTIN - WILLIAMSTON 1,MARTIN - WM1
2008,MARTIN - WILLIAMSTON 2,MARTIN - WM2
2008,MCDOWELL - CROOKED CREEK,MCDOWELL - CCREEK
2008,MCDOWELL - DYSARTSVILLE,MCDOWELL - DYSART
2008,MCDOWELL - GLENWOOD,MCDOWELL - GLENWD
2008,MCDOWELL - HIGGINS,MCDOWELL - HIGGIN
2008,MCDOWELL - MARION #1,MCDOWELL - MAR 1
2008,MCDOWELL - MARION #2,MCDOWELL - MAR 2
2008,MCDOWELL - MARION #3,MCDOWELL - MAR 3
2008,MCDOWELL - MARION #4,MCDOWELL - MAR 4
2008,MCDOWELL - MARION #5,MCDOWELL - MAR 5
2008,MCDOWELL - MONTFORD COVE,MCDOWELL - M.COVE
2008,MCDOWELL - NEBO,MCDOWELL - NEBO
2008,MCDOWELL - NORTH COVE,MCDOWELL - N.COVE
2008,MCDOWELL - OLD FORT #1,MCDOWELL - FORT 1
2008,MCDOWELL - OLD FORT #2,MCDOWELL - FORT 2
2008,MCDOWELL - PLEASANT GARDENS,MCDOWELL - PLEASA
2008,MCDOWELL - TURKEY COVE #17,MCDOWELL - T.COVE
2008,MCDOWELL - WEST MARION #7,MCDOWELL - WEST M
2008,MECKLENBURG - PCT 10,MECKLENBURG - 010
2008,MECKLENBURG - PCT 100,MECKLENBURG - 100
2008,MECKLENBURG - PCT 101,MECKLENBURG - 101
2008,MECKLENBURG - PCT 102,MECKLENBURG - 102
2008,MECKLENBURG - PCT 103,MECKLENBURG - 103
2008,MECKLENBURG - PCT 104,MECKLENBURG - 104
2008,MECKLENBURG - PCT 105,MECKLENBURG - 105
2008,MECKLENBURG - PCT 106,MECKLENBURG - 106
2008,MECKLENBURG - PCT 108,MECKLENBURG - 108
2008,MECKLENBURG - PCT 109,MECKLENBURG - 109
2008,MECKLENBURG - PCT 11,MECKLENBURG - 011
2008,MECKLENBURG - PCT 110,MECKLENBURG - 110
2008,MECKLENBURG - PCT 111,MECKLENBURG - 111
2008,MECKLENBURG - PCT 112,MECKLENBURG - 112
2008,MECKLENBURG - PCT 113,MECKLENBURG - 113
2008,MECKLENBURG - PCT 114,MECKLENBURG - 114
2008,MECKLENBURG - PCT 115,MECKLENBURG - 115
2008,MECKLENBURG - PCT 116,MECKLENBURG - 116
2008,MECKLENBURG - PCT 117,MECKLENBURG - 117
2008,MECKLENBURG - PCT 118,MECKLENBURG - 118
2008,MECKLENBURG - PCT 119,MECKLENBURG - 119
2008,MECKLENBURG - PCT 12,MECKLENBURG - 012
2008,MECKLENBURG - PCT 120,MECKLENBURG - 120
2008,MECKLENBURG - PCT 121,MECKLENBURG - 121
2008,MECKLENBURG - PCT 122,MECKLENBURG - 122
2008,MECKLENBURG - PCT 123,MECKLENBURG - 123
2008,MECKLENBURG - PCT 124,MECKLENBURG - 124
2008,MECKLENBURG - PCT 125,MECKLENBURG - 125
2008,MECKLENBURG - PCT 126,MECKLENBURG - 126
2008,MECKLENBURG - PCT 127,MECKLENBURG - 127
2008,MECKLENBURG - PCT 128,MECKLENBURG - 128
2008,MECKLENBURG - PCT 129,MECKLENBURG - 129
2008,MECKLENBURG - PCT 13,MECKLENBURG - 013
2008,MECKLENBURG - PCT 130,MECKLENBURG - 130
2008,MECKLENBURG - PCT 131,MECKLENBURG - 131
2008,MECKLENBURG - PCT 132,MECKLENBURG - 132
2008,MECKLENBURG - PCT 133,MECKLENBURG - 133
2008,MECKLENBURG - PCT 134,MECKLENBURG - 134
2008,MECKLENBURG - PCT 135,MECKLENBURG - 135
2008,MECKLENBURG - PCT 136,MECKLENBURG - 136
2008,MECKLENBURG - PCT 137,MECKLENBURG - 137
2008,MECKLENBURG - PCT 138,MECKLENBURG - 138
2008,MECKLENBURG - PCT 14,MECKLENBURG - 014
2008,MECKLENBURG - PCT 140,MECKLENBURG - 140
2008,MECKLENBURG - PCT 141,MECKLENBURG - 141
2008,MECKLENBURG - PCT 142,MECKLENBURG - 142
2008,MECKLENBURG - PCT 143,MECKLENBURG - 143
2008,MECKLENBURG - PCT 144,MECKLENBURG - 144
2008,MECKLENBURG - PCT 145,MECKLENBURG - 145
2008,MECKLENBURG - PCT 146,MECKLENBURG - 146
2008,MECKLENBURG - PCT 147,MECKLENBURG - 147
2008,MECKLENBURG - PCT 148,MECKLENBURG - 148
2008,MECKLENBURG - PCT 149,MECKLENBURG - 149
2008,MECKLENBURG - PCT 15,MECKLENBURG - 015
2008,MECKLENBURG - PCT 150,MECKLENBURG - 150
2008,MECKLENBURG - PCT 151,MECKLENBURG - 151
2008,MECKLENBURG - PCT 16,MECKLENBURG - 016
2008,MECKLENBURG - PCT 17,MECKLENBURG - 017
2008,MECKLENBURG - PCT 18,MECKLENBURG - 018
2008,MECKLENBURG - PCT 19,MECKLENBURG - 019
2008,MECKLENBURG - PCT 2,MECKLENBURG - 002
2008,MECKLENBURG - PCT 20,MECKLENBURG - 020
2008,MECKLENBURG - PCT 200,MECKLENBURG - 200
2008,MECKLENBURG - PCT 201,MECKLENBURG - 201
2008,MECKLENBURG - PCT 202,MECKLENBURG - 202
2008,MECKLENBURG - PCT 203,MECKLENBURG - 203
2008,MECKLENBURG - PCT 205,MECKLENBURG - 205
2008,MECKLENBURG - PCT 206,MECKLENBURG - 206
2008,MECKLENBURG - PCT 207,MECKLENBURG - 207
2008,MECKLENBURG - PCT 208,MECKLENBURG - 208
2008,MECKLENBURG - PCT 209,MECKLENBURG - 209
2008,MECKLENBURG - PCT 21,MECKLENBURG - 021
2008,MECKLENBURG - PCT 210,MECKLENBURG - 210
2008,MECKLENBURG - PCT 211,MECKLENBURG - 211
2008,MECKLENBURG - PCT 212,MECKLENBURG - 212
2008,MECKLENBURG - PCT 213,MECKLENBURG - 213
2008,MECKLENBURG - PCT 214,MECKLENBURG - 214
2008,MECKLENBURG - PCT 215,MECKLENBURG - 215
2008,MECKLENBURG - PCT 216,MECKLENBURG - 216
2008,MECKLENBURG - PCT 217,MECKLENBURG - 217
2008,MECKLENBURG - PCT 218,MECKLENBURG - 218
2008,MECKLENBURG - PCT 219,MECKLENBURG - 219
2008,MECKLENBURG - PCT 22,MECKLENBURG - 022
2008,MECKLENBURG - PCT 220,MECKLENBURG - 220
2008,MECKLENBURG - PCT 221,MECKLENBURG - 221
2008,MECKLENBURG - PCT 222,MECKLENBURG - 222
2008,MECKLENBURG - PCT 224,MECKLENBURG - 224
2008,MECKLENBURG - PCT 225,MECKLENBURG - 225
2008,MECKLENBURG - PCT 226,MECKLENBURG - 226
2008,MECKLENBURG - PCT 227,MECKLENBURG - 227
2008,MECKLENBURG - PCT 228,MECKLENBURG - 228
2008,MECKLENBURG - PCT 229,MECKLENBURG - 229
2008,MECKLENBURG - PCT 23,MECKLENBURG - 023
2008,MECKLENBURG - PCT 230,MECKLENBURG - 230
2008,MECKLENBURG - PCT 231,MECKLENBURG - 231
2008,MECKLENBURG - PCT 232,MECKLENBURG - 232
2008,MECKLENBURG - PCT 233,MECKLENBURG - 233
2008,MECKLENBURG - PCT 234,MECKLENBURG - 234
2008,MECKLENBURG - PCT 235,MECKLENBURG - 235
2008,MECKLENBURG - PCT 236,MECKLENBURG - 236
2008,MECKLENBURG - PCT 237,MECKLENBURG - 237
2008,MECKLENBURG - PCT 239,MECKLENBURG - 239
2008,MECKLENBURG - PCT 24,MECKLENBURG - 024
2008,MECKLENBURG - PCT 240,MECKLENBURG - 240
2008,MECKLENBURG - PCT 241,MECKLENBURG - 241
2008,MECKLENBURG - PCT 242,MECKLENBURG - 242
2008,MECKLENBURG - PCT 243,MECKLENBURG - 243
2008,MECKLENBURG - PCT 25,MECKLENBURG - 025
2008,MECKLENBURG - PCT 26,MECKLENBURG - 026
2008,MECKLENBURG - PCT 27,MECKLENBURG - 027
2008,MECKLENBURG - PCT 28,MECKLENBURG - 028
2008,MECKLENBURG - PCT 29,MECKLENBURG - 029
2008,MECKLENBURG - PCT 3,MECKLENBURG - 003
2008,MECKLENBURG - PCT 30,MECKLENBURG - 030
2008,MECKLENBURG - PCT 31,MECKLENBURG - 031
2008,MECKLENBURG - PCT 32,MECKLENBURG - 032
2008,MECKLENBURG - PCT 33,MECKLENBURG - 033
2008,MECKLENBURG - PCT 34,MECKLENBURG - 034
2008,MECKLENBURG - PCT 35,MECKLENBURG - 035
2008,MECKLENBURG - PCT 36,MECKLENBURG - 036
2008,MECKLENBURG - PCT 37,MECKLENBURG - 037
2008,MECKLENBURG - PCT 38,MECKLENBURG - 038
2008,MECKLENBURG - PCT 39,MECKLENBURG - 039
2008,MECKLENBURG - PCT 4,MECKLENBURG - 004
2008,MECKLENBURG - PCT 40,MECKLENBURG - 040
2008,MECKLENBURG - PCT 41,MECKLENBURG - 041
2008,MECKLENBURG - PCT 42,MECKLENBURG - 042
2008,MECKLENBURG - PCT 43,MECKLENBURG - 043
2008,MECKLENBURG - PCT 44,MECKLENBURG - 044
2008,MECKLENBURG - PCT 45,MECKLENBURG - 045
2008,MECKLENBURG - PCT 46,MECKLENBURG - 046
2008,MECKLENBURG - PCT 47,MECKLENBURG - 047
2008,MECKLENBURG - PCT 48,MECKLENBURG - 048
2008,MECKLENBURG - PCT 49,MECKLENBURG - 049
2008,MECKLENBURG - PCT 5,MECKLENBURG - 005
2008,MECKLENBURG - PCT 50,MECKLENBURG - 050
2008,MECKLENBURG - PCT 51,MECKLENBURG - 051
2008,MECKLENBURG - PCT 52,MECKLENBURG - 052
2008,MECKLENBURG - PCT 53,MECKLENBURG - 053
2008,MECKLENBURG - PCT 54,MECKLENBURG - 054
2008,MECKLENBURG - PCT 55,MECKLENBURG - 055
2008,MECKLENBURG - PCT 56,MECKLENBURG - 056
2008,MECKLENBURG - PCT 57,MECKLENBURG - 057
2008,MECKLENBURG - PCT 58,MECKLENBURG - 058
2008,MECKLENBURG - PCT 59,MECKLENBURG - 059
2008,MECKLENBURG - PCT 6,MECKLENBURG - 006
2008,MECKLENBURG - PCT 60,MECKLENBURG - 060
2008,MECKLENBURG - PCT 61,MECKLENBURG - 061
2008,MECKLENBURG - PCT 62,MECKLENBURG - 062
2008,MECKLENBURG - PCT 63,MECKLENBURG - 063
2008,MECKLENBURG - PCT 64,MECKLENBURG - 064
2008,MECKLENBURG - PCT 65,MECKLENBURG - 065
2008,MECKLENBURG - PCT 66,MECKLENBURG - 066
2008,MECKLENBURG - PCT 67,MECKLENBURG - 067
2008,MECKLENBURG - PCT 68,MECKLENBURG - 068
2008,MECKLENBURG - PCT 69,MECKLENBURG - 069
2008,MECKLENBURG - PCT 7,MECKLENBURG - 007
2008,MECKLENBURG - PCT 70,MECKLENBURG - 070
2008,MECKLENBURG - PCT 71,MECKLENBURG - 071
2008,MECKLENBURG - PCT 72,MECKLENBURG - 072
2008,MECKLENBURG - PCT 73,MECKLENBURG - 073
2008,MECKLENBURG - PCT 74,MECKLENBURG - 074
2008,MECKLENBURG - PCT 75,MECKLENBURG - 075
2008,MECKLENBURG - PCT 76,MECKLENBURG - 076
2008,MECKLENBURG - PCT 77,MECKLENBURG - 077
2008,MECKLENBURG - PCT 79,MECKLENBURG - 079
2008,MECKLENBURG - PCT 8,MECKLENBURG - 008
2008,MECKLENBURG - PCT 80,MECKLENBURG - 080
2008,MECKLENBURG - PCT 81,MECKLENBURG - 081
2008,MECKLENBURG - PCT 82,MECKLENBURG - 082
2008,MECKLENBURG - PCT 83,MECKLENBURG - 083
2008,MECKLENBURG - PCT 84,MECKLENBURG - 084
2008,MECKLENBURG - PCT 85,MECKLENBURG - 085
2008,MECKLENBURG - PCT 86,MECKLENBURG - 086
2008,MECKLENBURG - PCT 87,MECKLENBURG - 087
2008,MECKLENBURG - PCT 88,MECKLENBURG - 088
2008,MECKLENBURG - PCT 89,MECKLENBURG - 089
2008,MECKLENBURG - PCT 9,MECKLENBURG - 009
2008,MECKLENBURG - PCT 90,MECKLENBURG - 090
2008,MECKLENBURG - PCT 91,MECKLENBURG - 091
2008,MECKLENBURG - PCT 92,MECKLENBURG - 092
2008,MECKLENBURG - PCT 93,MECKLENBURG - 093
2008,MECKLENBURG - PCT 94,MECKLENBURG - 094
2008,MECKLENBURG - PCT 95,MECKLENBURG - 095
2008,MECKLENBURG - PCT 96,MECKLENBURG - 096
2008,MECKLENBURG - PCT 97,MECKLENBURG - 097
2008,MECKLENBURG - PCT 98,MECKLENBURG - 098
2008,MECKLENBURG - PCT 99,MECKLENBURG - 099
2008,MITCHELL - BAKERSVILLE,MITCHELL - 01
2008,MITCHELL - BRADSHAW,MITCHELL - 02
2008,MITCHELL - CANE CREEK,MITCHELL - 03
2008,MITCHELL - GRASSY CREEK,MITCHELL - 04
2008,MITCHELL - HARRELL,MITCHELL - 05
2008,MITCHELL - LITTLE ROCK CREEK,MITCHELL - 06
2008,MITCHELL - POPLAR,MITCHELL - 07
2008,MITCHELL - RED HILL,MITCHELL - 08
2008,MITCHELL - SNOW CREEK,MITCHELL - 09
2008,MONTGOMERY - BISCOE,MONTGOMERY - BIS
2008,MONTGOMERY - CANDOR,MONTGOMERY - CAN
2008,MONTGOMERY - CHEEKS CREEK,MONTGOMERY - CHE
2008,MONTGOMERY - ELDORADO,MONTGOMERY - ELD
2008,MONTGOMERY - LITTLE RIVER,MONTGOMERY - LIT
2008,MONTGOMERY - MT GILEAD,MONTGOMERY - MTG
2008,MONTGOMERY - OPHIR,MONTGOMERY - OPH
2008,MONTGOMERY - PEE DEE,MONTGOMERY - PEE
2008,MONTGOMERY - ROCKY SPRINGS,MONTGOMERY - ROC
2008,MONTGOMERY - STAR,MONTGOMERY - STA
2008,MONTGOMERY - TROY 1,MONTGOMERY - T1
2008,MONTGOMERY - TROY 2,MONTGOMERY - T2
2008,MONTGOMERY - UWHARRIE,MONTGOMERY - UWH
2008,MONTGOMERY - WADEVILLE,MONTGOMERY - WAD
2008,MOORE - BEN - BENSALEM,MOORE - BEN
2008,MOORE - CAM - CAMERON,MOORE - CAM
2008,MOORE - CAR - CARTHAGE,MOORE - CAR
2008,MOORE - DHR - DEEP RIVER/HIGH FALLS/RITTER,MOORE - DHR
2008,MOORE - EAB - EAST ABERDEEN,MOORE - EAB
2008,MOORE - EKWD - EAST KNOLLWOOD,MOORE - EKWD
2008,MOORE - EUR - EUREKA,MOORE - EUR-WP
2008,MOORE - EWD - EASTWOOD,MOORE - EWD
2008,MOORE - LTR - LITTLE RIVER,MOORE - LTR
2008,MOORE - NSP - NORTH SOUTHERN PINES,MOORE - NSP
2008,MOORE - PBF - PINEBLUFF,MOORE - PBF
2008,MOORE - PDN - PINEDENE,MOORE - PDN
2008,MOORE - PHB1 - PINEHURST B1,MOORE - PHB1A
2008,MOORE - PHB2 - PINEHURST B2,MOORE - PHB2
2008,MOORE - PHC - PINEHURST C,MOORE - PHC
2008,MOORE - RBN - ROBBINS,MOORE - RBN
2008,MOORE - SLS - SEVEN LAKES,MOORE - SLS
2008,MOORE - SSP - SOUTH SOUTHERN PINES,MOORE - SSP
2008,MOORE - TLT - TAYLORTOWN,MOORE - TLT
2008,MOORE - VSS - VASS,MOORE - VSS
2008,MOORE - WAB - WEST ABERDEEN,MOORE - WAB
2008,MOORE - WEM - WESTMOORE,MOORE - WEM
2008,MOORE - WKWD - WEST KNOLLWOOD,MOORE - WKWD1
2008,MOORE - WND - WEST END,MOORE - WND
2008,NASH - BAILEY,NASH - P01A
2008,NASH - CASTALIA,NASH - P09A
2008,NASH - COOPERS,NASH - P05A
2008,NASH - DRYWELLS,NASH - P02A
2008,NASH - FERRELLS,NASH - P03A
2008,NASH - GRIFFINS,NASH - P10A
2008,NASH - JACKSONS,NASH - P04A
2008,NASH - NASHVILLE,NASH - P08A
2008,NASH - OAK LEVEL,NASH - P15A
2008,NASH - RED OAK,NASH - P11A
2008,NASH - SOUTH WHITAKERS,NASH - P16A
2008,NASH - STONY CREEK,NASH - P14A
2008,NEW HANOVER - CF01,NEW HANOVER - CF01
2008,NEW HANOVER - CF02,NEW HANOVER - CF02
2008,NEW HANOVER - FP03,NEW HANOVER - FP03
2008,NEW HANOVER - FP04,NEW HANOVER - FP04
2008,NEW HANOVER - H01,NEW HANOVER - H01
2008,NEW HANOVER - H04,NEW HANOVER - H04
2008,NEW HANOVER - H05,NEW HANOVER - H05
2008,NEW HANOVER - H06,NEW HANOVER - H06
2008,NEW HANOVER - M02,NEW HANOVER - M02
2008,NEW HANOVER - M03,NEW HANOVER - M03
2008,NEW HANOVER - M04,NEW HANOVER - M04
2008,NEW HANOVER - W03,NEW HANOVER - W03
2008,NEW HANOVER - W08,NEW HANOVER - W08
2008,NEW HANOVER - W12,NEW HANOVER - W12
2008,NEW HANOVER - W15,NEW HANOVER - W15
2008,NEW HANOVER - W16,NEW HANOVER - W16
2008,NEW HANOVER - W17,NEW HANOVER - W17
2008,NEW HANOVER - W21,NEW HANOVER - W21
2008,NEW HANOVER - WB,NEW HANOVER - WB
2008,NORTHAMPTON - CONWAY,NORTHAMPTON - COMIPE
2008,NORTHAMPTON - CREEKSVILLE,NORTHAMPTON - CREEKS
2008,NORTHAMPTON - GALATIA,NORTHAMPTON - GALATI
2008,NORTHAMPTON - GARYSBURG,NORTHAMPTON - GAPL
2008,NORTHAMPTON - GASTON,NORTHAMPTON - GASTON
2008,NORTHAMPTON - JACKSON,NORTHAMPTON - JARE
2008,NORTHAMPTON - LAKE GASTON,NORTHAMPTON - LAKE G
2008,NORTHAMPTON - LASKER,NORTHAMPTON - LASKER
2008,NORTHAMPTON - MILWAUKEE,NORTHAMPTON - COMIPE
2008,NORTHAMPTON - NEWTOWN,NORTHAMPTON - NEWTOW
2008,NORTHAMPTON - PENDLETON,NORTHAMPTON - COMIPE
2008,NORTHAMPTON - PLEASANT HILL,NORTHAMPTON - GAPL
2008,NORTHAMPTON - POTECASI,NORTHAMPTON - WOPO
2008,NORTHAMPTON - REHOBETH,NORTHAMPTON - JARE
2008,NORTHAMPTON - RICH SQUARE,NORTHAMPTON - RICH S
2008,NORTHAMPTON - SEABOARD,NORTHAMPTON - SEABOA
2008,NORTHAMPTON - SEVERN,NORTHAMPTON - SEVERN
2008,NORTHAMPTON - WOODLAND,NORTHAMPTON - WOPO
2008,ONSLOW - BC21,ONSLOW - BC21
2008,ONSLOW - BM08,ONSLOW - BM08
2008,ONSLOW - CL10,ONSLOW - CL10
2008,ONSLOW - CR07,ONSLOW - CR07
2008,ONSLOW - EN03,ONSLOW - EN03
2008,ONSLOW - FS16,ONSLOW - FS16
2008,ONSLOW - GB12,ONSLOW - GB12
2008,ONSLOW - HM05,ONSLOW - HM05
2008,ONSLOW - HN14,ONSLOW - HN14
2008,ONSLOW - HR17,ONSLOW - HR17
2008,ONSLOW - HU20,ONSLOW - HU20
2008,ONSLOW - JA01,ONSLOW - JA01
2008,ONSLOW - ML23,ONSLOW - ML23
2008,ONSLOW - MT24,ONSLOW - MT24
2008,ONSLOW - NM13,ONSLOW - NM13
2008,ONSLOW - NR02,ONSLOW - NR02
2008,ONSLOW - RL09,ONSLOW - RL09
2008,ONSLOW - SF18,ONSLOW - SF18
2008,ONSLOW - SW19,ONSLOW - SW19
2008,ONSLOW - TL06,ONSLOW - TL06
2008,ONSLOW - VR15,ONSLOW - VR15
2008,ONSLOW - WN04,ONSLOW - WN04
2008,ORANGE - BATTLE PARK,ORANGE - EA1
2008,ORANGE - BOOKER CREEK,ORANGE - CF1
2008,ORANGE - CALDWELL,ORANGE - CW
2008,ORANGE - CAMERON PARK,ORANGE - HN
2008,ORANGE - CARR,ORANGE - CA
2008,ORANGE - CARRBORO,ORANGE - CB1
2008,ORANGE - CEDAR FALLS,ORANGE - CF1
2008,ORANGE - CEDAR GROVE,ORANGE - CG
2008,ORANGE - CHEEKS,ORANGE - CX
2008,ORANGE - COKER HILLS,ORANGE - CH
2008,ORANGE - COLES STORE,ORANGE - CS1
2008,ORANGE - COLONIAL HEIGHTS,ORANGE - CO
2008,ORANGE - COUNTRY CLUB,ORANGE - UNC
2008,ORANGE - DAMASCUS,ORANGE - DM
2008,ORANGE - DOGWOOD ACRES,ORANGE - DA
2008,ORANGE - EAST FRANKLIN,ORANGE - EA1
2008,ORANGE - EASTSIDE,ORANGE - ES
2008,ORANGE - EFLAND,ORANGE - EF
2008,ORANGE - ENO,ORANGE - ENO
2008,ORANGE - ESTES HILLS,ORANGE - EH
2008,ORANGE - GLENWOOD,ORANGE - GL
2008,ORANGE - GRADY BROWN,ORANGE - GB
2008,ORANGE - GREENWOOD,ORANGE - UNC
2008,ORANGE - HILLSBOROUGH,ORANGE - H
2008,ORANGE - HOGAN FARMS,ORANGE - HF
2008,ORANGE - KINGS MILL,ORANGE - KM
2008,ORANGE - LINCOLN,ORANGE - WW1
2008,ORANGE - LIONS CLUB,ORANGE - CB1
2008,ORANGE - MASON FARM,ORANGE - UNC
2008,ORANGE - NORTH CARRBORO,ORANGE - NC
2008,ORANGE - NORTHSIDE,ORANGE - NS
2008,ORANGE - ORANGE GROVE,ORANGE - OG
2008,ORANGE - OWASA,ORANGE - OW1
2008,ORANGE - PATTERSON,ORANGE - PA
2008,ORANGE - RIDGEFIELD,ORANGE - RF
2008,ORANGE - ST JOHN,ORANGE - SJ
2008,ORANGE - ST MARYS,ORANGE - SM
2008,ORANGE - TOLARS,ORANGE - TO
2008,ORANGE - TOWN HALL,ORANGE - TH1
2008,ORANGE - WEAVER DAIRY,ORANGE - WD
2008,ORANGE - WEST HILLSBOROUGH,ORANGE - WH
2008,ORANGE - WESTWOOD,ORANGE - WW1
2008,ORANGE - WHITE CROSS,ORANGE - WC
2008,PAMLICO - ALLIANCE,PAMLICO - 1CR
2008,PAMLICO - ARAPAHOE,PAMLICO - 5AP
2008,PAMLICO - BAYBORO,PAMLICO - 3CH
2008,PAMLICO - GRANTSBORO,PAMLICO - 1CR
2008,PAMLICO - HOBUCKEN,PAMLICO - 4BR
2008,PAMLICO - MESIC,PAMLICO - 4BR
2008,PAMLICO - ORIENTAL,PAMLICO - 2OT
2008,PAMLICO - REELSBORO,PAMLICO - 1RB
2008,PAMLICO - STONEWALL,PAMLICO - 3CH
2008,PAMLICO - VANDEMERE,PAMLICO - 4BR
2008,PASQUOTANK - 1-A ELIZABETH CITY,PASQUOTANK - EAST
2008,PASQUOTANK - 1-B ELIZABETH CITY,PASQUOTANK - EAST
2008,PASQUOTANK - 2-A ELIZABETH CITY,PASQUOTANK - NORTH
2008,PASQUOTANK - 2-B ELIZABETH CITY,PASQUOTANK - NORTH
2008,PASQUOTANK - 3-A ELIZABETH CITY,PASQUOTANK - WEST
2008,PASQUOTANK - 3-B ELIZABETH CITY,PASQUOTANK - WEST
2008,PASQUOTANK - 4-A ELIZABETH CITY,PASQUOTANK - SOUTH
2008,PASQUOTANK - 4-B ELIZABETH CITY,PASQUOTANK - SOUTH
2008,PASQUOTANK - MT  HERMON,PASQUOTANK - MH
2008,PASQUOTANK - NEWLAND,PASQUOTANK - NEW
2008,PASQUOTANK - NIXONTON,PASQUOTANK - NIX
2008,PASQUOTANK - PROVIDENCE,PASQUOTANK - PRO
2008,PASQUOTANK - SALEM,PASQUOTANK - SAL
2008,PENDER - CANETUCK,PENDER - CT03
2008,PENDER - CAPE FEAR,PENDER - CF11
2008,PENDER - CASWELL,PENDER - CS04
2008,PENDER - COLUMBIA,PENDER - CL05
2008,PENDER - GRADY,PENDER - GR06
2008,PENDER - LONG CREEK,PENDER - LC09
2008,PENDER - LOWER TOPSAIL,PENDER - LT18
2008,PENDER - LOWER UNION,PENDER - LU16
2008,PENDER - MIDDLE HOLLY,PENDER - NB02
2008,PENDER - MIDDLE TOPSAIL,PENDER - MT19
2008,PENDER - NORTH BURGAW,PENDER - NB02
2008,PENDER - PENDERLEA,PENDER - UU18
2008,PENDER - ROCKY POINT,PENDER - RP20
2008,PENDER - SCOTTS HILL,PENDER - SH12
2008,PENDER - SLOOP POINT,PENDER - SP15
2008,PENDER - SOUTH BURGAW,PENDER - SB02
2008,PENDER - SURF CITY,PENDER - SC13
2008,PENDER - UPPER HOLLY,PENDER - UH08
2008,PENDER - UPPER TOPSAIL,PENDER - UT14
2008,PENDER - UPPER UNION,PENDER - UU18
2008,PERQUIMANS - BELVIDERE,PERQUIMANS - BELVID
2008,PERQUIMANS - BETHEL,PERQUIMANS - BETHEL
2008,PERQUIMANS - EAST HERTFORD,PERQUIMANS - EAST H
2008,PERQUIMANS - NEW HOPE,PERQUIMANS - NEW HO
2008,PERQUIMANS - NICANOR,PERQUIMANS - NICANO
2008,PERQUIMANS - PARKVILLE,PERQUIMANS - PARKVI
2008,PERQUIMANS - WEST HERTFORD,PERQUIMANS - WEST H
2008,PERSON - ALLENSVILLE,PERSON - ALVI
2008,PERSON - BUSHY FORK,PERSON - SWST
2008,PERSON - CUNNINGHAM/CHUB LAKE,PERSON - CUCL
2008,PERSON - FLAT RIVER,PERSON - FLHE
2008,PERSON - HOLLOWAY,PERSON - HLWY
2008,PERSON - HURDLE MILLS,PERSON - SWST
2008,PERSON - MT TIRZAH,PERSON - MTTZ
2008,PERSON - OLIVE HILL,PERSON - OLHI
2008,PERSON - ROXBORO 1,PERSON - RCOB
2008,PERSON - ROXBORO 1A,PERSON - RCOB
2008,PERSON - ROXBORO 2,PERSON - PNTH
2008,PERSON - ROXBORO 3,PERSON - PNTH
2008,PERSON - ROXBORO 4,PERSON - ROXL
2008,PERSON - WOODSDALE,PERSON - WDSD
2008,PITT - ARTHUR,PITT - 0101
2008,PITT - AYDEN A,PITT - 0200A
2008,PITT - AYDEN B,PITT - 0200B
2008,PITT - BELVOIR,PITT - 0301
2008,PITT - BETHEL,PITT - 0401
2008,PITT - CAROLINA,PITT - 0501
2008,PITT - CHICOD,PITT - 0601
2008,PITT - FALKLAND,PITT - 0701
2008,PITT - FARMVILLE A,PITT - 0800A
2008,PITT - FARMVILLE B,PITT - 0800B
2008,PITT - FOUNTAIN,PITT - 0901
2008,PITT - GREENVILLE #1,PITT - 1501
2008,PITT - GREENVILLE #10A,PITT - 1510A
2008,PITT - GREENVILLE #10B,PITT - 1510B
2008,PITT - GREENVILLE #11A,PITT - 1511A
2008,PITT - GREENVILLE #11B,PITT - 1511B
2008,PITT - GREENVILLE #12A,PITT - 1512A
2008,PITT - GREENVILLE #12B,PITT - 1512B
2008,PITT - GREENVILLE #3,PITT - 1503
2008,PITT - GREENVILLE #5A,PITT - 1505A
2008,PITT - GREENVILLE #5B,PITT - 1505B
2008,PITT - GREENVILLE #6,PITT - 1506
2008,PITT - GREENVILLE #7,PITT - 1507
2008,PITT - GREENVILLE #7B,PITT - 1507B
2008,PITT - GREENVILLE #8A,PITT - 1508A
2008,PITT - GREENVILLE #8B,PITT - 1508B
2008,PITT - GREENVILLE #9,PITT - 1509
2008,PITT - GRIFTON,PITT - 1001
2008,PITT - GRIMESLAND,PITT - 1101
2008,PITT - PACTOLUS,PITT - 1201
2008,PITT - SIMPSON A,PITT - 1102A
2008,PITT - SIMPSON B,PITT - 1102B
2008,PITT - SWIFT CREEK,PITT - 1301
2008,PITT - WINTERVILLE CENTRAL B,PITT - 1403B
2008,POLK - COLUMBUS-1,POLK - CL07
2008,POLK - COLUMBUS-2,POLK - CL08
2008,POLK - COOPERS GAP,POLK - CG05
2008,POLK - GREEN CREEK,POLK - GC09
2008,POLK - SALUDA,POLK - SA04
2008,POLK - TRYON,POLK - TR123
2008,POLK - WHITE OAK,POLK - WO06
2008,RANDOLPH - ARCHDALE 1,RANDOLPH - AR
2008,RANDOLPH - ARCHDALE 2,RANDOLPH - AR
2008,RANDOLPH - ARCHDALE 3,RANDOLPH - AR
2008,RANDOLPH - ASHEBORO ARMORY,RANDOLPH - AS
2008,RANDOLPH - ASHEBORO EASTSIDE,RANDOLPH - AE
2008,RANDOLPH - ASHEBORO LINDLEY PARK,RANDOLPH - AE
2008,RANDOLPH - ASHEBORO LOFLIN,RANDOLPH - AW
2008,RANDOLPH - ASHEBORO MCCRARY,RANDOLPH - AW
2008,RANDOLPH - ASHEBORO NORTH 1,RANDOLPH - AN
2008,RANDOLPH - ASHEBORO NORTH 2,RANDOLPH - AN
2008,RANDOLPH - ASHEBORO SOUTHPOINTE,RANDOLPH - AS
2008,RANDOLPH - ASHEBORO WESTSIDE,RANDOLPH - AW
2008,RANDOLPH - BACK CREEK,RANDOLPH - BC
2008,RANDOLPH - BROWER,RANDOLPH - SO
2008,RANDOLPH - CEDAR GROVE EAST,RANDOLPH - UG
2008,RANDOLPH - CEDAR GROVE WEST,RANDOLPH - UG
2008,RANDOLPH - COLERIDGE,RANDOLPH - SE
2008,RANDOLPH - CONCORD,RANDOLPH - SW
2008,RANDOLPH - FALLS,RANDOLPH - DR
2008,RANDOLPH - FRANKLINVILLE,RANDOLPH - DR
2008,RANDOLPH - GRANT,RANDOLPH - GR
2008,RANDOLPH - LEVEL CROSS,RANDOLPH - LC
2008,RANDOLPH - LIBERTY,RANDOLPH - LB
2008,RANDOLPH - NEW HOPE,RANDOLPH - SW
2008,RANDOLPH - NEW MARKET NORTH,RANDOLPH - NM
2008,RANDOLPH - NEW MARKET SOUTH,RANDOLPH - NM
2008,RANDOLPH - PLEASANT GROVE,RANDOLPH - SE
2008,RANDOLPH - PROSPECT,RANDOLPH - TR
2008,RANDOLPH - PROVIDENCE 1,RANDOLPH - PR
2008,RANDOLPH - PROVIDENCE 2,RANDOLPH - PR
2008,RANDOLPH - RAMSEUR,RANDOLPH - RM
2008,RANDOLPH - RANDLEMAN EAST,RANDOLPH - RN
2008,RANDOLPH - RANDLEMAN WEST,RANDOLPH - RN
2008,RANDOLPH - RICHLAND,RANDOLPH - SO
2008,RANDOLPH - STALEY,RANDOLPH - ST
2008,RANDOLPH - TABERNACLE,RANDOLPH - TB
2008,RANDOLPH - TRINITY EAST,RANDOLPH - TR
2008,RANDOLPH - TRINITY TABERNACLE,RANDOLPH - TT
2008,RANDOLPH - TRINITY WEST,RANDOLPH - TR
2008,RANDOLPH - UNION,RANDOLPH - UG
2008,RICHMOND - BEAVER DAM #1,RICHMOND - 10
2008,RICHMOND - BEAVER DAM #2,RICHMOND - 11
2008,RICHMOND - BLACK JACK #1,RICHMOND - 16
2008,RICHMOND - MARKS CREEK #1,RICHMOND - 08
2008,RICHMOND - MARKS CREEK #2,RICHMOND - 09
2008,RICHMOND - MINERAL SPRINGS #1,RICHMOND - 12
2008,RICHMOND - MINERAL SPRINGS #2,RICHMOND - 13
2008,RICHMOND - ROCKINGHAM #1,RICHMOND - 01
2008,RICHMOND - ROCKINGHAM #2,RICHMOND - 02
2008,RICHMOND - ROCKINGHAM #3,RICHMOND - 03
2008,RICHMOND - STEELES #1,RICHMOND - 14
2008,RICHMOND - STEELES #2,RICHMOND - 15
2008,RICHMOND - WOLF PIT #1,RICHMOND - 04
2008,RICHMOND - WOLF PIT #2,RICHMOND - 05
2008,RICHMOND - WOLF PIT #3,RICHMOND - 06
2008,RICHMOND - WOLF PIT #4,RICHMOND - 07
2008,ROBESON - ALFORDSVILLE,ROBESON - 01
2008,ROBESON - BACK SWAMP,ROBESON - 02
2008,ROBESON - BRITTS,ROBESON - 03
2008,ROBESON - BURNT SWAMP,ROBESON - 04
2008,ROBESON - EAST HOWELLSVILLE,ROBESON - 08
2008,ROBESON - FAIRMONT #1,ROBESON - 05A
2008,ROBESON - FAIRMONT #2,ROBESON - 05A
2008,ROBESON - GADDYS,ROBESON - 07
2008,ROBESON - LUMBER BRIDGE,ROBESON - 10
2008,ROBESON - LUMBERTON #1,ROBESON - 11
2008,ROBESON - LUMBERTON #2,ROBESON - 12
2008,ROBESON - LUMBERTON #3,ROBESON - 13
2008,ROBESON - LUMBERTON #4,ROBESON - 14
2008,ROBESON - LUMBERTON #5,ROBESON - 15
2008,ROBESON - LUMBERTON #6,ROBESON - 16
2008,ROBESON - LUMBERTON #7,ROBESON - 17
2008,ROBESON - LUMBERTON #8A,ROBESON - 18A
2008,ROBESON - MAXTON,ROBESON - 19
2008,ROBESON - NORTH PEMBROKE,ROBESON - 22
2008,ROBESON - NORTH ST PAULS,ROBESON - 32A
2008,ROBESON - ORRUM,ROBESON - 20
2008,ROBESON - OXENDINE,ROBESON - 34
2008,ROBESON - PARKTON,ROBESON - 21
2008,ROBESON - PHILADELPHUS,ROBESON - 24
2008,ROBESON - PROSPECT,ROBESON - 35
2008,ROBESON - RAFT SWAMP,ROBESON - 25
2008,ROBESON - RED SPRINGS #1,ROBESON - 26A
2008,ROBESON - RED SPRINGS #2,ROBESON - 26A
2008,ROBESON - RENNERT,ROBESON - 28
2008,ROBESON - ROWLAND,ROBESON - 29
2008,ROBESON - SADDLETREE,ROBESON - 30
2008,ROBESON - SHANNON,ROBESON - 33
2008,ROBESON - SMYRNA,ROBESON - 36
2008,ROBESON - SOUTH PEMBROKE,ROBESON - 23
2008,ROBESON - SOUTH ST PAULS,ROBESON - 32A
2008,ROBESON - STERLINGS,ROBESON - 37
2008,ROBESON - THOMPSON,ROBESON - 38
2008,ROBESON - UNION,ROBESON - 39
2008,ROBESON - WEST HOWELLSVILLE,ROBESON - 09
2008,ROBESON - WHITEHOUSE,ROBESON - 40
2008,ROBESON - WISHARTS,ROBESON - 41
2008,ROCKINGHAM - DRAPER,ROCKINGHAM - DR
2008,ROCKINGHAM - EDEN CENTRAL,ROCKINGHAM - EC
2008,ROCKINGHAM - EDEN-1,ROCKINGHAM - ED-1
2008,ROCKINGHAM - HOGANS,ROCKINGHAM - HO
2008,ROCKINGHAM - HUNTSVILLE,ROCKINGHAM - HU
2008,ROCKINGHAM - IRONWORKS,ROCKINGHAM - IR
2008,ROCKINGHAM - LEAKSVILLE #2,ROCKINGHAM - LK-2
2008,ROCKINGHAM - LINCOLN,ROCKINGHAM - LI
2008,ROCKINGHAM - MATRIMONY,ROCKINGHAM - MA
2008,ROCKINGHAM - MCCOY,ROCKINGHAM - MC
2008,ROCKINGHAM - NEW BETHEL,ROCKINGHAM - NB
2008,ROCKINGHAM - ROCK CENTRAL,ROCKINGHAM - RC
2008,ROCKINGHAM - SOUTHEAST,ROCKINGHAM - SE
2008,ROWAN - BARNHARDT MILL,ROWAN - 01
2008,ROWAN - BLACKWELDER PARK,ROWAN - 02
2008,ROWAN - BOSTIAN CROSS ROAD,ROWAN - 03
2008,ROWAN - BOSTIAN SCHOOL,ROWAN - 33
2008,ROWAN - BRADSHAW,ROWAN - 04
2008,ROWAN - CLEVELAND,ROWAN - 07
2008,ROWAN - EAST ENOCHVILLE,ROWAN - 09
2008,ROWAN - EAST KANNAPOLIS,ROWAN - 17
2008,ROWAN - EAST SPENCER,ROWAN - 18
2008,ROWAN - EAST WARD,ROWAN - 38
2008,ROWAN - ELLIS,ROWAN - 45
2008,ROWAN - FAITH,ROWAN - 10
2008,ROWAN - FRANKLIN,ROWAN - 11
2008,ROWAN - GOLD KNOB,ROWAN - 26
2008,ROWAN - HATTERS SHOP,ROWAN - 15
2008,ROWAN - MILFORD HILLS CITY,ROWAN - 41
2008,ROWAN - MILFORD HILLS COUNTY,ROWAN - 12
2008,ROWAN - MORGAN #1,ROWAN - 22
2008,ROWAN - MORGAN #2,ROWAN - 23
2008,ROWAN - MT. ULLA,ROWAN - 24
2008,ROWAN - NORTH LOCKE,ROWAN - 21
2008,ROWAN - NORTH WARD,ROWAN - 40
2008,ROWAN - ROCK GROVE,ROWAN - 13
2008,ROWAN - ROCKWELL,ROWAN - 25
2008,ROWAN - SCOTCH IRISH,ROWAN - 27
2008,ROWAN - SOUTH LOCKE,ROWAN - 08
2008,ROWAN - SOUTH WARD,ROWAN - 36
2008,ROWAN - SPENCER,ROWAN - 28
2008,ROWAN - STEELE,ROWAN - 29
2008,ROWAN - SUMNER,ROWAN - 30
2008,ROWAN - TRADING FORD,ROWAN - 31
2008,ROWAN - UNITY,ROWAN - 32
2008,ROWAN - WEST ENOCHVILLE,ROWAN - 44
2008,ROWAN - WEST INNES,ROWAN - 39
2008,ROWAN - WEST KANNAPOLIS,ROWAN - 16
2008,ROWAN - WEST WARD #1,ROWAN - 35
2008,ROWAN - WEST WARD #2,ROWAN - 34
2008,ROWAN - WEST WARD #3,ROWAN - 42
2008,RUTHERFORD - BOSTIC-SUNSHINE,RUTHERFORD - 03A
2008,RUTHERFORD - CAMP CREEK-MT VERNON,RUTHERFORD - 04A
2008,RUTHERFORD - CAROLEEN-CLIFFSIDE,RUTHERFORD - 05A
2008,RUTHERFORD - CHIMNEY ROCK,RUTHERFORD - 06A
2008,RUTHERFORD - ELLENBORO,RUTHERFORD - 11
2008,RUTHERFORD - FOREST CITY #1,RUTHERFORD - 13
2008,RUTHERFORD - FOREST CITY #2,RUTHERFORD - 14
2008,RUTHERFORD - GILKEY-MORGAN,RUTHERFORD - 16A
2008,RUTHERFORD - GREEN HILL,RUTHERFORD - 18
2008,RUTHERFORD - HAYNES,RUTHERFORD - 19
2008,RUTHERFORD - RUTHERFORDTON #1,RUTHERFORD - 27
2008,RUTHERFORD - RUTHERFORDTON #2,RUTHERFORD - 28
2008,RUTHERFORD - SANDY MUSH,RUTHERFORD - 29
2008,RUTHERFORD - SPINDALE,RUTHERFORD - 30
2008,RUTHERFORD - UNION,RUTHERFORD - 34
2008,SAMPSON - AUTRYVILLE,SAMPSON - AUTR
2008,SAMPSON - CLEMENT,SAMPSON - CLEM
2008,"SAMPSON - CLINTON, CENTRAL",SAMPSON - CLCE
2008,"SAMPSON - CLINTON, EAST",SAMPSON - CLEA
2008,"SAMPSON - CLINTON, NORTHEAST",SAMPSON - CLNE
2008,"SAMPSON - CLINTON, SOUTHWEST",SAMPSON - CLSW
2008,"SAMPSON - CLINTON, WEST",SAMPSON - CLWE
2008,SAMPSON - GARLAND,SAMPSON - GARL
2008,SAMPSON - GIDDENSVILLE,SAMPSON - GIDD
2008,SAMPSON - HARRELLS,SAMPSON - HARR
2008,SAMPSON - HERRING,SAMPSON - HERR
2008,SAMPSON - INGOLD,SAMPSON - INGO
2008,SAMPSON - KEENER,SAMPSON - KEEN
2008,SAMPSON - KITTY FORK,SAMPSON - KFRK
2008,SAMPSON - LAKEWOOD,SAMPSON - LAKE
2008,SAMPSON - MINGO,SAMPSON - MING
2008,SAMPSON - NEWTON GROVE,SAMPSON - NGRV
2008,SAMPSON - PLAINVIEW,SAMPSON - PLVW
2008,SAMPSON - ROSEBORO,SAMPSON - ROSE
2008,SAMPSON - ROWAN,SAMPSON - ROWA
2008,SAMPSON - SALEMBURG,SAMPSON - SBRG
2008,SAMPSON - TURKEY,SAMPSON - TURK
2008,SAMPSON - WESTBROOK,SAMPSON - WBRK
2008,SCOTLAND - 01,SCOTLAND - 01-16
2008,SCOTLAND - 02,SCOTLAND - 02-25
2008,SCOTLAND - 03,SCOTLAND - 03
2008,SCOTLAND - 04,SCOTLAND - 04
2008,SCOTLAND - 05,SCOTLAND - 02-25
2008,SCOTLAND - 06,SCOTLAND - 01-16
2008,SCOTLAND - 07,SCOTLAND - 07
2008,SCOTLAND - 08,SCOTLAND - 06-89
2008,SCOTLAND - 09,SCOTLAND - 06-89
2008,SCOTLAND - 10,SCOTLAND - 05-10
2008,STANLY - ALBEMARLE NUMBER 10,STANLY - 0110
2008,STANLY - ALBEMARLE NUMBER 11,STANLY - 0011
2008,STANLY - ALBEMARLE NUMBER 2,STANLY - 0212
2008,STANLY - ALBEMARLE NUMBER 3,STANLY - 0003
2008,STANLY - ALBEMARLE NUMBER 7,STANLY - 0107
2008,STANLY - ALBEMARLE NUMBER 8,STANLY - 0108
2008,STANLY - ALMOND,STANLY - 0120
2008,STANLY - BADIN,STANLY - 0015
2008,STANLY - BIG LICK NUMBER 1,STANLY - 0022
2008,STANLY - BIG LICK NUMBER 2,STANLY - 0023
2008,STANLY - EAST ALBEMARLE,STANLY - 0014
2008,STANLY - EAST CENTER,STANLY - 0027
2008,STANLY - ENDY,STANLY - 0021
2008,STANLY - FURR NUMBER 1,STANLY - 0024
2008,STANLY - FURR NUMBER 2,STANLY - 0025
2008,STANLY - NEW LONDON,STANLY - 0017
2008,STANLY - NORTH ALBEMARLE,STANLY - 0212
2008,STANLY - PALMERVILLE,STANLY - 0016
2008,STANLY - RICHFIELD,STANLY - 0018
2008,STANLY - RIDENHOUR,STANLY - 0019
2008,STANLY - SOUTH ALBEMARLE,STANLY - 0113
2008,STANLY - TYSON,STANLY - 0026
2008,STANLY - WEST CENTER,STANLY - 0028
2008,STOKES - CHESTNUT GROVE,STOKES - 04
2008,STOKES - DANBURY,STOKES - 01
2008,STOKES - EAST KING,STOKES - 10
2008,STOKES - EAST WALNUT COVE,STOKES - 1618
2008,STOKES - FLINTY KNOLL,STOKES - 08
2008,STOKES - FRANCISCO,STOKES - 0506
2008,STOKES - FRANS,STOKES - 0506
2008,STOKES - FREEMAN,STOKES - 1819
2008,STOKES - GERMANTON,STOKES - 150
2008,STOKES - LAWSONVILLE,STOKES - 03
2008,STOKES - MITCHELL,STOKES - 20
2008,STOKES - MIZPAH,STOKES - 13
2008,STOKES - MOUNT OLIVE,STOKES - 12
2008,STOKES - PINE HALL,STOKES - 1819
2008,STOKES - PINNACLE,STOKES - 09
2008,STOKES - REYNOLDS,STOKES - 07
2008,STOKES - SANDY RIDGE,STOKES - 02
2008,STOKES - WEST KING,STOKES - 11
2008,STOKES - WEST WALNUT COVE,STOKES - 17
2008,STOKES - WILSON ST.,STOKES - 140
2008,SURRY - BRYAN,SURRY - 01
2008,SURRY - DOBSON #1,SURRY - 29
2008,SURRY - DOBSON #2,SURRY - 29
2008,SURRY - DOBSON #3,SURRY - 04
2008,SURRY - ELDORA,SURRY - 05
2008,SURRY - ELKIN #1,SURRY - 30
2008,SURRY - ELKIN #2,SURRY - 30
2008,SURRY - ELKIN #3,SURRY - 30
2008,SURRY - FRANKLIN,SURRY - 09
2008,SURRY - LONGHILL,SURRY - 10
2008,SURRY - MARSH,SURRY - 11
2008,SURRY - MT AIRY #1,SURRY - 12
2008,SURRY - MT AIRY #2,SURRY - 34
2008,SURRY - MT AIRY #3,SURRY - 34
2008,SURRY - MT AIRY #4,SURRY - 34
2008,SURRY - MT AIRY #5,SURRY - 15
2008,SURRY - MT AIRY #6,SURRY - 16
2008,SURRY - MT AIRY #7,SURRY - 17
2008,SURRY - MT AIRY #8,SURRY - 18
2008,SURRY - MT AIRY #9,SURRY - 19
2008,SURRY - NORTH WESTFIELD,SURRY - 27
2008,SURRY - PILOT #1,SURRY - 32
2008,SURRY - PILOT #2,SURRY - 32
2008,SURRY - ROCKFORD,SURRY - 22
2008,SURRY - SHOALS,SURRY - 23
2008,SURRY - SILOAM,SURRY - 24
2008,SURRY - SOUTH WESTFIELD,SURRY - 28
2008,SURRY - STEWARTS CREEK #1,SURRY - 25
2008,SURRY - STEWARTS CREEK #2,SURRY - 26
2008,SWAIN - ALARKA,SWAIN - ALARKA
2008,SWAIN - ALMOND,SWAIN - ALMOND
2008,SWAIN - BC1,SWAIN - BC1
2008,SWAIN - BC2,SWAIN - BC2
2008,SWAIN - WHCH,SWAIN - WHCH
2008,TRANSYLVANIA - BOYD,TRANSYLVANIA - BD
2008,TRANSYLVANIA - BREVARD #1,TRANSYLVANIA - B1
2008,TRANSYLVANIA - BREVARD #2,TRANSYLVANIA - B2
2008,TRANSYLVANIA - BREVARD #3,TRANSYLVANIA - B3
2008,TRANSYLVANIA - BREVARD #4,TRANSYLVANIA - B4
2008,TRANSYLVANIA - CATHEYS CREEK,TRANSYLVANIA - CC.1
2008,TRANSYLVANIA - CEDAR MOUNTAIN,TRANSYLVANIA - CM
2008,TRANSYLVANIA - DUNNS ROCK,TRANSYLVANIA - DR
2008,TRANSYLVANIA - EAST FORK,TRANSYLVANIA - EF
2008,TRANSYLVANIA - LITTLE RIVER,TRANSYLVANIA - LR
2008,TRANSYLVANIA - PISGAH FOREST,TRANSYLVANIA - PF
2008,TRANSYLVANIA - ROSMAN EASTATOE,TRANSYLVANIA - RE.1
2008,TRANSYLVANIA - WILLIAMSON CREEK,TRANSYLVANIA - WC
2008,TYRRELL - ALLIGATOR,TYRRELL - 1
2008,TYRRELL - COLUMBIA,TYRRELL - 2
2008,TYRRELL - GUMNECK,TYRRELL - 3
2008,TYRRELL - KILKENNY,TYRRELL - 14
2008,TYRRELL - SCUPPERNONG,TYRRELL - 15
2008,TYRRELL - SOUTH FORK,TYRRELL - 16
2008,UNION - 001 - BENTON HEIGHTS CHURCH OF GOD,UNION - 001
2008,UNION - 002 - MONROE MIDDLE SCHOOL,UNION - 002
2008,UNION - 003 - ST. LUKES LUTHERAN CHURCH,UNION - 003
2008,UNION - 004 - SUTTON PARK RECREATION CENTER,UNION - 004
2008,UNION - 005 - SPCC CONFERENCE CENTER,UNION - 0005
2008,UNION - 006 - BENTON HEIGHTS PRESBYTERIAN CHURCH,UNION - 006
2008,UNION - 007 - MT. CARMEL METHODIST CHURCH,UNION - 007
2008,UNION - 008 - WINGATE COMMUNITY CENTER,UNION - 008
2008,UNION - 009 - BEAVER LANE VFD,UNION - 009
2008,UNION - 010 - ELLEN FITZGERALD SENIOR CENTER,UNION - 010
2008,UNION - 011 - EUTO BAPTIST CHURCH,UNION - 011
2008,UNION - 012 - BETHLEHEM PRESBYTERIAN CHURCH,UNION - 012
2008,UNION - 013 - UNIONVILLE VFD,UNION - 013
2008,UNION - 014 - INDIAN TRAIL LIBRARY,UNION - 014
2008,UNION - 015 - STALLINGS UNITED METHODIST CHURCH,UNION - 015
2008,UNION - 016 - HEMBY BRIDGE ELEMENTARY SCHOOL,UNION - 016
2008,UNION - 017A - WESLEY CHAPEL ELEMENTARY SCHOOL,UNION - 017A
2008,UNION - 017B - SILER PRESBYTERIAN CHURCH,UNION - 017B
2008,UNION - 018 - PROVIDENCE VFD,UNION - 018
2008,UNION - 019 - MINERAL SPRINGS VFD,UNION - 0019
2008,UNION - 020A - WAXHAW VFD,UNION - 0020A
2008,UNION - 020B - WAXHAW BIBLE CHURCH,UNION - 0020B
2008,UNION - 021 - WALKERSVILLE PRESBYTERIAN CHURCH,UNION - 021
2008,UNION - 022 - TIRZAH PRESBYTERIAN CHURCH,UNION - 022
2008,UNION - 023 - GRIFFITH ROAD VFD,UNION - 023
2008,UNION - 024 - PROSPECT ELEMENTARY SCHOOL,UNION - 024
2008,UNION - 025 - ROCK REST ELEMENTARY SCHOOL,UNION - 025
2008,UNION - 026 - UNION BAPTIST CHURCH,UNION - 026
2008,UNION - 027 - ALLENS CROSSROADS VFD,UNION - 027
2008,UNION - 028Y - SANDY RIDGE ELEMENTARY SCHOOL,UNION - 028A
2008,UNION - 028Z - MARVIN ELEMENTARY SCHOOL,UNION - 028B
2008,UNION - 029A - SHILOH ELEMENTARY SCHOOL,UNION - 029A
2008,UNION - 029B - BRANDON OAKS CLUBHOUSE,UNION - 029B
2008,UNION - 029C - STALLINGS VFD,UNION - 029C
2008,UNION - 030 - GRACE UNITED METHODIST CHURCH,UNION - 0030
2008,UNION - 031 - GRACE BAPTIST CHURCH,UNION - 031
2008,UNION - 032 - FAIRVIEW ELEMENTARY SCHOOL,UNION - 032
2008,UNION - 033 - WAXHAW ELEMENTARY SCHOOL,UNION - 033
2008,UNION - 034 - MIDWAY BAPTIST CHURCH,UNION - 034
2008,UNION - 035 - ROCK HILL AME ZION CHURCH,UNION - 035
2008,UNION - 036 - CROSSROADS AME ZION CHURCH,UNION - 036
2008,UNION - 037A - NEXT LEVEL CHURCH,UNION - 037A
2008,UNION - 037B - LIFELINE COMMUNITY CHURCH,UNION - 037B
2008,UNION - 038A - SARDIS ELEMENTARY SCHOOL,UNION - 038A
2008,UNION - 038B - LAKE PARK COMMUNITY CENTER,UNION - 038B
2008,UNION - 039 - PORTER RIDGE ELEMENTARY SCHOOL,UNION - 039
2008,UNION - 040 - SPIRIT OF JOY LUTHERAN CHURCH,UNION - 040
2008,UNION - 041 - WEDDINGTON ELEMENTARY SCHOOL,UNION - 041
2008,UNION - 042 - NEW SALEM BAPTIST CHURCH,UNION - 042
2008,UNION - 043 - THE BAZEMORE CENTER,UNION - 043
2008,VANCE - EH1,VANCE - EH1
2008,VANCE - HTOP,VANCE - HTOP
2008,VANCE - KITT,VANCE - KITT
2008,VANCE - MIDD,VANCE - MIDD
2008,VANCE - NH1,VANCE - NH1
2008,VANCE - SCRK,VANCE - SCRK
2008,VANCE - SH1,VANCE - SH1
2008,VANCE - SH2,VANCE - SH2
2008,WAKE - PRECINCT 01-22,WAKE - 01-22
2008,WAKE - PRECINCT 01-23,WAKE - 01-23
2008,WAKE - PRECINCT 01-25,WAKE - 01-25
2008,WAKE - PRECINCT 01-26,WAKE - 01-26
2008,WAKE - PRECINCT 01-27,WAKE - 01-27
2008,WAKE - PRECINCT 01-28,WAKE - 01-28
2008,WAKE - PRECINCT 01-29,WAKE - 01-29
2008,WAKE - PRECINCT 01-30,WAKE - 01-30
2008,WAKE - PRECINCT 01-31,WAKE - 01-31
2008,WAKE - PRECINCT 01-32,WAKE - 01-32
2008,WAKE - PRECINCT 01-33,WAKE - 01-33
2008,WAKE - PRECINCT 01-34,WAKE - 01-34
2008,WAKE - PRECINCT 01-35,WAKE - 01-35
2008,WAKE - PRECINCT 01-36,WAKE - 01-36
2008,WAKE - PRECINCT 01-37,WAKE - 01-37
2008,WAKE - PRECINCT 01-38,WAKE - 01-38
2008,WAKE - PRECINCT 01-39,WAKE - 01-39
2008,WAKE - PRECINCT 01-40,WAKE - 01-40
2008,WAKE - PRECINCT 01-41,WAKE - 01-41
2008,WAKE - PRECINCT 01-42,WAKE - 01-42
2008,WAKE - PRECINCT 01-43,WAKE - 01-43
2008,WAKE - PRECINCT 01-44,WAKE - 01-44
2008,WAKE - PRECINCT 01-45,WAKE - 01-45
2008,WAKE - PRECINCT 01-46,WAKE - 01-46
2008,WAKE - PRECINCT 01-47,WAKE - 01-47
2008,WAKE - PRECINCT 01-48,WAKE - 01-48
2008,WAKE - PRECINCT 01-49,WAKE - 01-49
2008,WAKE - PRECINCT 01-50,WAKE - 01-50
2008,WAKE - PRECINCT 01-51,WAKE - 01-51
2008,WAKE - PRECINCT 03-00,WAKE - 03-02
2008,WAKE - PRECINCT 20-06A,WAKE - 20-06A
2008,WAKE - PRECINCT 20-06B,WAKE - 20-06B
2008,WARREN - EAST WARRENTON,WARREN - 014
2008,WARREN - FISHING CREEK,WARREN - 008
2008,WARREN - FORK,WARREN - 011
2008,WARREN - HAWTREE,WARREN - 003
2008,WARREN - JUDKINS,WARREN - 009
2008,WARREN - NORLINA,WARREN - 013
2008,WARREN - NUTBUSH,WARREN - 005
2008,WARREN - RIVER,WARREN - 001
2008,WARREN - ROANOKE,WARREN - 012
2008,WARREN - SANDY CREEK,WARREN - 006
2008,WARREN - SHOCCO,WARREN - 007
2008,WARREN - SIXPOUND,WARREN - 002
2008,WARREN - SMITH CREEK,WARREN - 004
2008,WARREN - WEST WARRENTON,WARREN - 010
2008,WASHINGTON - LEES MILL,WASHINGTON - LM
2008,WASHINGTON - PLYMOUTH 1,WASHINGTON - P1
2008,WASHINGTON - PLYMOUTH 2,WASHINGTON - P2
2008,WASHINGTON - PLYMOUTH 3,WASHINGTON - P3
2008,WASHINGTON - SCUPPERNONG,WASHINGTON - SC
2008,WASHINGTON - SKINNERSVILLE,WASHINGTON - SK
2008,WATAUGA - BALD MOUNTAIN,WATAUGA - 01
2008,WATAUGA - BEAVER DAM,WATAUGA - 02
2008,WATAUGA - BEECH MOUNTAIN,WATAUGA - 20
2008,WATAUGA - BLOWING ROCK,WATAUGA - 03
2008,WATAUGA - BLUE RIDGE,WATAUGA - 04
2008,WATAUGA - BOONE 1,WATAUGA - 05
2008,WATAUGA - BOONE 2,WATAUGA - 06
2008,WATAUGA - BOONE 3,WATAUGA - 12
2008,WATAUGA - BRUSHY FORK,WATAUGA - 07
2008,WATAUGA - COVE CREEK,WATAUGA - 08
2008,WATAUGA - ELK,WATAUGA - 09
2008,WATAUGA - LAUREL CREEK,WATAUGA - 10
2008,WATAUGA - MEAT CAMP,WATAUGA - 11
2008,WATAUGA - NEW RIVER I,WATAUGA - 13
2008,WATAUGA - NEW RIVER II,WATAUGA - 14
2008,WATAUGA - NEW RIVER III,WATAUGA - 15
2008,WATAUGA - NORTH FORK,WATAUGA - 16
2008,WATAUGA - SHAWNEEHAW,WATAUGA - 17
2008,WATAUGA - STONY FORK,WATAUGA - 18
2008,WATAUGA - WATAUGA,WATAUGA - 19
2008,WAYNE - 01,WAYNE - 01
2008,WAYNE - 02,WAYNE - 02
2008,WAYNE - 03,WAYNE - 03
2008,WAYNE - 04,WAYNE - 04
2008,WAYNE - 05,WAYNE - 05
2008,WAYNE - 06,WAYNE - 06
2008,WAYNE - 07,WAYNE - 07
2008,WAYNE - 08,WAYNE - 08
2008,WAYNE - 09,WAYNE - 09
2008,WAYNE - 10,WAYNE - 10
2008,WAYNE - 11,WAYNE - 11
2008,WAYNE - 12,WAYNE - 12
2008,WAYNE - 13,WAYNE - 13
2008,WAYNE - 14,WAYNE - 14
2008,WAYNE - 15,WAYNE - 15
2008,WAYNE - 16,WAYNE - 16
2008,WAYNE - 17,WAYNE - 17
2008,WAYNE - 18,WAYNE - 18
2008,WAYNE - 19,WAYNE - 1920
2008,WAYNE - 20,WAYNE - 1920
2008,WAYNE - 21,WAYNE - 21
2008,WAYNE - 22,WAYNE - 22
2008,WAYNE - 23,WAYNE - 23
2008,WAYNE - 24,WAYNE - 24
2008,WAYNE - 25,WAYNE - 2530
2008,WAYNE - 26,WAYNE - 26
2008,WAYNE - 27,WAYNE - 27
2008,WAYNE - 28,WAYNE - 28
2008,WAYNE - 29,WAYNE - 29
2008,WAYNE - 30,WAYNE - 2530
2008,WILKES - ANTIOCH,WILKES - 101
2008,WILKES - BOOMER,WILKES - 102
2008,WILKES - BRUSHY MOUNTAIN,WILKES - 103
2008,WILKES - CRICKET,WILKES - 104
2008,WILKES - EDWARDS #1,WILKES - 105
2008,WILKES - EDWARDS #2,WILKES - 106
2008,WILKES - EDWARDS #3,WILKES - 107
2008,WILKES - FAIRPLAINS,WILKES - 108
2008,WILKES - FERGUSON,WILKES - 109
2008,WILKES - JOBS CABIN,WILKES - 113A
2008,WILKES - MILLERS CREEK,WILKES - 111
2008,WILKES - MORAVIAN FALLS,WILKES - 112
2008,WILKES - MOUNT PLEASANT,WILKES - 113A
2008,WILKES - MULBERRY,WILKES - 115A
2008,WILKES - MULBERRY #1,WILKES - 114
2008,WILKES - NEW CASTLE,WILKES - 117
2008,WILKES - NORTH WILKESBORO,WILKES - 118
2008,WILKES - REDDIES RIVER,WILKES - 119
2008,WILKES - ROCK CREEK #1,WILKES - 120A
2008,WILKES - ROCK CREEK #2,WILKES - 120A
2008,WILKES - SOMERS,WILKES - 122
2008,WILKES - TRAPHILL #1,WILKES - 123A
2008,WILKES - TRAPHILL #2,WILKES - 123A
2008,WILKES - UNION,WILKES - 125
2008,WILKES - WALNUT GROVE,WILKES - 126
2008,WILKES - WILKESBORO #1,WILKES - 127
2008,WILKES - WILKESBORO #2,WILKES - 128
2008,WILKES - WILKESBORO #3,WILKES - 129
2008,WILSON - BLACK CREEK,WILSON - PRBL
2008,WILSON - CROSSROADS,WILSON - PRCR
2008,WILSON - GARDNERS,WILSON - PRGA
2008,WILSON - OLDFIELDS,WILSON - PROL
2008,WILSON - SARATOGA,WILSON - PRSA
2008,WILSON - SPRING HILL,WILSON - PRSP
2008,WILSON - STANTONSBURG,WILSON - PRST
2008,WILSON - TAYLORS,WILSON - PRTA
2008,WILSON - TOISNOT,WILSON - PRTO
2008,WILSON - WILSON A,WILSON - PRWA
2008,WILSON - WILSON B,WILSON - PRWB
2008,WILSON - WILSON C,WILSON - PRWC
2008,WILSON - WILSON D,WILSON - PRWD
2008,WILSON - WILSON E,WILSON - PRWE
2008,WILSON - WILSON H,WILSON - PRWH
2008,WILSON - WILSON I,WILSON - PRWI
2008,WILSON - WILSON J,WILSON - PRWJ
2008,WILSON - WILSON K,WILSON - PRWK
2008,WILSON - WILSON L,WILSON - PRWL
2008,WILSON - WILSON M,WILSON - PRWM
2008,WILSON - WILSON N,WILSON - PRWN
2008,WILSON - WILSON P,WILSON - PRWP
2008,WILSON - WILSON Q,WILSON - PRWQ
2008,WILSON - WILSON R,WILSON - PRWR
2008,YADKIN - BOONVILLE,YADKIN - BNVL
2008,YADKIN - DEEP CREEK,YADKIN - DCRK
2008,YADKIN - EAST BEND,YADKIN - EBND
2008,YADKIN - FORBUSH,YADKIN - FBSH
2008,YADKIN - NORTH BUCK SHOALS,YADKIN - NBCK
2008,YADKIN - NORTH FALL CREEK,YADKIN - NFAL
2008,YADKIN - NORTH KNOBS,YADKIN - NKNB
2008,YADKIN - NORTH LIBERTY,YADKIN - NLIB
2008,YADKIN - SOUTH BUCK SHOALS,YADKIN - SBCK
2008,YADKIN - SOUTH FALL CREEK,YADKIN - SFAL
2008,YADKIN - SOUTH KNOBS,YADKIN - SKNB
2008,YADKIN - SOUTH LIBERTY,YADKIN - SLIB
2008,YANCEY - BRUSH CREEK,YANCEY - 07 BRU
2008,YANCEY - BURNSVILLE,YANCEY - 01 BUR
2008,YANCEY - CANE RIVER,YANCEY - 02 CAN
2008,YANCEY - CRABTREE,YANCEY - 08 CRA
2008,YANCEY - EGYPT,YANCEY - 03 EGY
2008,YANCEY - GREEN MOUNTAIN,YANCEY - 05 GRE
2008,YANCEY - JACKS CREEK,YANCEY - 06 JAC
2008,YANCEY - PENSACOLA,YANCEY - 10 PEN
2008,YANCEY - PRICES CREEK,YANCEY - 11 PRI
2008,YANCEY - RAMSEYTOWN,YANCEY - 04 RAM
2008,YANCEY - SOUTH TOE,YANCEY - 09 SOU
