year,raw_precinct_key,vtd00_key,canonical_precinct_key,old_share,status
2008,ALAMANCE - ALBRIGHT,ALAMANCE - 07,ALAMANCE - 07,0.999834,auto_accept
2008,ALAMANCE - BOONE 5,ALAMANCE - 035,ALAMANCE - 035,0.997149,auto_accept
2008,ALAMANCE - BURLINGTON 10,ALAMANCE - 1210,ALAMANCE - 1210,0.999041,auto_accept
2008,ALAMANCE - BURLINGTON 4,ALAMANCE - 124,ALAMANCE - 124,0.980985,auto_accept
2008,ALAMANCE - BURLINGTON 5,ALAMANCE - 125,ALAMANCE - 125,0.999252,auto_accept
2008,ALAMANCE - BURLINGTON 6,ALAMANCE - 126,ALAMANCE - 126,0.999271,auto_accept
2008,ALAMANCE - BURLINGTON 7,ALAMANCE - 127,ALAMANCE - 127,0.996560,auto_accept
2008,ALAMANCE - BURLINGTON 8,ALAMANCE - 128,ALAMANCE - 128,0.999265,auto_accept
2008,ALAMANCE - BURLINGTON 9,ALAMANCE - 129,ALAMANCE - 129,0.996475,auto_accept
2008,ALAMANCE - CENTRAL BOONE,ALAMANCE - 03C,ALAMANCE - 03C,0.993832,auto_accept
2008,ALAMANCE - COBLE,ALAMANCE - 02,ALAMANCE - 02,0.984079,auto_accept
2008,ALAMANCE - EAST BURLINGTON,ALAMANCE - 12E,ALAMANCE - 12E,0.999442,auto_accept
2008,ALAMANCE - EAST GRAHAM,ALAMANCE - 06E,ALAMANCE - 06E,0.995833,auto_accept
2008,ALAMANCE - FAUCETTE,ALAMANCE - 05,ALAMANCE - 05,0.987999,auto_accept
2008,ALAMANCE - GRAHAM 3,ALAMANCE - 063,ALAMANCE - 063,0.994871,auto_accept
2008,ALAMANCE - GRAHAM 4,ALAMANCE - 064,ALAMANCE - 064,0.999505,auto_accept
2008,ALAMANCE - HAW RIVER,ALAMANCE - 13,ALAMANCE - 13,0.932568,auto_accept
2008,ALAMANCE - MELVILLE 3,ALAMANCE - 103,ALAMANCE - 103,0.998151,auto_accept
2008,ALAMANCE - MORTON,ALAMANCE - 04,ALAMANCE - 04,0.993071,auto_accept
2008,ALAMANCE - NORTH BOONE,ALAMANCE - 03N,,,no_crosswalk_hit
2008,ALAMANCE - NORTH BURLINGTON,ALAMANCE - 12N,ALAMANCE - 12N,0.999553,auto_accept
2008,ALAMANCE - NORTH GRAHAM,ALAMANCE - 06N,ALAMANCE - 06N,0.979169,auto_accept
2008,ALAMANCE - NORTH MELVILLE,ALAMANCE - 10N,ALAMANCE - 10N,0.980187,auto_accept
2008,ALAMANCE - NORTH NEWLIN,ALAMANCE - 08N,ALAMANCE - 08N,0.994771,auto_accept
2008,ALAMANCE - NORTH THOMPSON,ALAMANCE - 09N,ALAMANCE - 09N,0.988549,auto_accept
2008,ALAMANCE - PATTERSON,ALAMANCE - 01,ALAMANCE - 01,0.985121,auto_accept
2008,ALAMANCE - PLEASANT GROVE,ALAMANCE - 11,ALAMANCE - 11,0.993454,auto_accept
2008,ALAMANCE - SOUTH BOONE,ALAMANCE - 03S,,,no_crosswalk_hit
2008,ALAMANCE - SOUTH BURLINGTON,ALAMANCE - 12S,ALAMANCE - 12S,0.999268,auto_accept
2008,ALAMANCE - SOUTH GRAHAM,ALAMANCE - 06S,ALAMANCE - 06S,0.999301,auto_accept
2008,ALAMANCE - SOUTH MELVILLE,ALAMANCE - 10S,,,no_crosswalk_hit
2008,ALAMANCE - SOUTH NEWLIN,ALAMANCE - 08S,ALAMANCE - 08S,0.994043,auto_accept
2008,ALAMANCE - SOUTH THOMPSON,ALAMANCE - 09S,ALAMANCE - 09S,0.996149,auto_accept
2008,ALAMANCE - WEST BOONE,ALAMANCE - 03W,ALAMANCE - 03W,0.991357,auto_accept
2008,ALAMANCE - WEST BOONE SAT,,,,unmatched_vtd_name
2008,ALAMANCE - WEST BURLINGTON,ALAMANCE - 12W,ALAMANCE - 12W,0.999315,auto_accept
2008,ALAMANCE - WEST GRAHAM,ALAMANCE - 06W,ALAMANCE - 06W,0.996626,auto_accept
2008,ALEXANDER - BETHLEHEM #1,ALEXANDER - B1,ALEXANDER - B1,0.999658,auto_accept
2008,ALEXANDER - BETHLEHEM #2,ALEXANDER - B2,ALEXANDER - B2,0.999816,auto_accept
2008,ALEXANDER - ELLENDALE,ALEXANDER - E,ALEXANDER - E,0.999424,auto_accept
2008,ALEXANDER - GWALTNEY #1,ALEXANDER - G1,ALEXANDER - G1G2,0.998141,auto_accept
2008,ALEXANDER - GWALTNEY #2,ALEXANDER - G2,ALEXANDER - G1G2,0.997320,auto_accept
2008,ALEXANDER - LITTLE RIVER,ALEXANDER - LR,ALEXANDER - LRSL,0.999070,auto_accept
2008,ALEXANDER - MILLERS,ALEXANDER - M,ALEXANDER - M,0.999890,auto_accept
2008,ALEXANDER - SHARPES #1,ALEXANDER - S1,ALEXANDER - S1S2,0.999881,auto_accept
2008,ALEXANDER - SHARPES #2,ALEXANDER - S2,ALEXANDER - S1S2,0.999161,auto_accept
2008,ALEXANDER - SUGAR LOAF,ALEXANDER - SL,ALEXANDER - LRSL,0.998699,auto_accept
2008,ALEXANDER - TAYLORSVILLE #1,ALEXANDER - T1,ALEXANDER - T1T4T5,0.999809,auto_accept
2008,ALEXANDER - TAYLORSVILLE #2,ALEXANDER - T2,ALEXANDER - T2T3,0.999865,auto_accept
2008,ALEXANDER - TAYLORSVILLE #3,ALEXANDER - T3,ALEXANDER - T2T3,0.999728,auto_accept
2008,ALEXANDER - TAYLORSVILLE #4,ALEXANDER - T4,ALEXANDER - T1T4T5,0.999911,auto_accept
2008,ALEXANDER - TAYLORSVILLE #5,ALEXANDER - T5,ALEXANDER - T1T4T5,0.999800,auto_accept
2008,ALEXANDER - WITTENBURG,ALEXANDER - W,ALEXANDER - W,0.999691,auto_accept
2008,ALLEGHANY - CHERRY LANE,ALLEGHANY - CHLANE,ALLEGHANY - 01,0.982078,auto_accept
2008,ALLEGHANY - CRANBERRY,ALLEGHANY - CRANB,ALLEGHANY - 06A,0.996112,auto_accept
2008,ALLEGHANY - GAP CIVIL,ALLEGHANY - GAPC,ALLEGHANY - 03A,0.997420,auto_accept
2008,ALLEGHANY - GLADE CREEK,ALLEGHANY - GLACK,ALLEGHANY - 04,0.996409,auto_accept
2008,ALLEGHANY - PINEY CREEK,ALLEGHANY - PINCK,ALLEGHANY - 06A,0.994813,auto_accept
2008,ALLEGHANY - PRATHERS CREEK,ALLEGHANY - PRACK,ALLEGHANY - 06A,0.973484,auto_accept
2008,ALLEGHANY - WHITEHEAD,ALLEGHANY - WHEAD,ALLEGHANY - 03A,0.990079,auto_accept
2008,ANSON - ANSONVILLE,ANSON - ANS,ANSON - ANS,0.938239,auto_accept
2008,ANSON - BURNSVILLE,ANSON - BURN,ANSON - BURN,0.995765,auto_accept
2008,ANSON - GULLEDGE,ANSON - GULL,,,no_crosswalk_hit
2008,ANSON - LILESVILLE,ANSON - LILE,ANSON - LILE,0.986942,auto_accept
2008,ANSON - MORVEN/MCFARLAN,ANSON - MM,ANSON - MM,0.884926,auto_accept
2008,ANSON - PEACHLAND,ANSON - PEAC,ANSON - PEAC,0.985957,auto_accept
2008,ANSON - POLKTON,ANSON - POLK,ANSON - POLK,0.897556,auto_accept
2008,ANSON - WADESBORO 1,ANSON - W1,ANSON - WADES,0.978829,auto_accept
2008,ANSON - WADESBORO 2,ANSON - W2,ANSON - WADES,0.999993,auto_accept
2008,ANSON - WADESBORO 3,ANSON - W3,ANSON - WADES,0.999888,auto_accept
2008,ANSON - WHITE STORE,ANSON - WS,ANSON - WS,0.992825,auto_accept
2008,ASHE - CLIFTON,ASHE - 2,,,no_crosswalk_hit
2008,ASHE - CRESTON,ASHE - 3,ASHE - 03,0.900084,auto_accept
2008,ASHE - ELK,ASHE - 4,,,no_crosswalk_hit
2008,ASHE - HELTON,ASHE - 6,ASHE - 06,0.873527,auto_accept
2008,ASHE - HORSE CREEK,ASHE - 7,,,no_crosswalk_hit
2008,ASHE - HURRICANE,ASHE - 8,,,no_crosswalk_hit
2008,ASHE - JEFFERSON,ASHE - 9,ASHE - 09,0.887843,auto_accept
2008,ASHE - LAUREL,ASHE - 10,,,no_crosswalk_hit
2008,ASHE - NEW RIVER,ASHE - 11,ASHE - 11,0.927484,auto_accept
2008,ASHE - NORTH FORK,ASHE - 12,ASHE - 12,0.935264,auto_accept
2008,ASHE - OBIDS,ASHE - 13,ASHE - 13,0.864815,auto_accept
2008,ASHE - OLD FIELDS,ASHE - 14,ASHE - 14,0.851250,auto_accept
2008,ASHE - PEAK CREEK,ASHE - 15,ASHE - 15,0.920201,auto_accept
2008,ASHE - PINE SWAMP,ASHE - 16,ASHE - 16,0.961718,auto_accept
2008,ASHE - PINEY CREEK,ASHE - 17,ASHE - 17,0.887312,auto_accept
2008,ASHE - POND MOUNTAIN,ASHE - 18,ASHE - 18,0.869386,auto_accept
2008,ASHE - WEST JEFFERSON,ASHE - 20,,,no_crosswalk_hit
2008,AVERY - ALTAMONT,AVERY - 1,AVERY - 01,0.995728,auto_accept
2008,AVERY - BANNER ELK,AVERY - 2,AVERY - 02,0.993788,auto_accept
2008,AVERY - BEECH MOUNTAIN,AVERY - 3,AVERY - 03,0.998228,auto_accept
2008,AVERY - CAREYS FLAT,AVERY - 4,AVERY - 04,0.997375,auto_accept
2008,AVERY - CRANBERRY,AVERY - 5,AVERY - 05,0.998280,auto_accept
2008,AVERY - ELK PARK,AVERY - 6,AVERY - 06,0.956235,auto_accept
2008,AVERY - FRANK,AVERY - 7,AVERY - 07,0.999642,auto_accept
2008,AVERY - HEATON,AVERY - 8,AVERY - 08,0.996265,auto_accept
2008,AVERY - HUGHES,AVERY - 9,AVERY - 09,0.999540,auto_accept
2008,AVERY - INGALLS,AVERY - 10,AVERY - 10,0.999341,auto_accept
2008,AVERY - LINVILLE,AVERY - 11,AVERY - 11,0.965648,auto_accept
2008,AVERY - MINNEAPOLIS,AVERY - 12,AVERY - 12,0.942275,auto_accept
2008,AVERY - MONTEZUMA,AVERY - 13,AVERY - 13,0.991644,auto_accept
2008,AVERY - NEWLAND # 1,AVERY - 14,AVERY - 14,0.999202,auto_accept
2008,AVERY - NEWLAND # 2,AVERY - 15,AVERY - 15,0.999625,auto_accept
2008,AVERY - PINEOLA,AVERY - 16,AVERY - 16,0.991924,auto_accept
2008,AVERY - PLUMTREE,AVERY - 17,AVERY - 17,0.999548,auto_accept
2008,AVERY - PYATTE,AVERY - 18,AVERY - 18,0.975481,auto_accept
2008,AVERY - ROARING CREEK,AVERY - 19,AVERY - 19,0.995478,auto_accept
2008,BEAUFORT - AURORA,BEAUFORT - AUROR,BEAUFORT - AUROR,0.999163,auto_accept
2008,BEAUFORT - BEAVER DAM,BEAUFORT - BEADM,BEAUFORT - BEADM,0.999590,auto_accept
2008,BEAUFORT - BELHAVEN,BEAUFORT - BELH,BEAUFORT - BELHV,0.997985,auto_accept
2008,BEAUFORT - BLOUNTS CREEK,BEAUFORT - BLCK,BEAUFORT - BLCK,0.998231,auto_accept
2008,BEAUFORT - CHOCOWINITY,BEAUFORT - CHOCO,BEAUFORT - CHOCO,0.996456,auto_accept
2008,BEAUFORT - EDWARD,BEAUFORT - EDWAR,BEAUFORT - EDWAR,0.999215,auto_accept
2008,BEAUFORT - GILEAD,BEAUFORT - GILEAD,BEAUFORT - GILEA,0.995634,auto_accept
2008,BEAUFORT - HUNTERS BRIDGE,BEAUFORT - HB,BEAUFORT - HB,0.999436,auto_accept
2008,BEAUFORT - NORTH CREEK,BEAUFORT - NCRK,BEAUFORT - NCRK,0.999844,auto_accept
2008,BEAUFORT - OLD FORD,BEAUFORT - OLDF,BEAUFORT - OLDF,0.999049,auto_accept
2008,BEAUFORT - P S JONES-WASH W3,,,,unmatched_vtd_name
2008,BEAUFORT - PANTEGO,BEAUFORT - PANTE,BEAUFORT - PANTE,0.997876,auto_accept
2008,BEAUFORT - PINETOWN,BEAUFORT - PINET,BEAUFORT - PINET,0.997567,auto_accept
2008,BEAUFORT - RIVER ROAD,BEAUFORT - RVRD,BEAUFORT - RVRD,0.999765,auto_accept
2008,BEAUFORT - SURRY-BATH,BEAUFORT - SURBA,BEAUFORT - SURBA,0.981950,auto_accept
2008,BEAUFORT - TRANTERS CREEK,BEAUFORT - TCRK,BEAUFORT - TCRK,0.996967,auto_accept
2008,BEAUFORT - WASHINGTON PARK,BEAUFORT - WASHP,BEAUFORT - WASHP,0.999401,auto_accept
2008,BEAUFORT - WASHINGTON WARD 1,BEAUFORT - WASH1,BEAUFORT - WASH1,0.998804,auto_accept
2008,BEAUFORT - WASHINGTON WARD 2,BEAUFORT - WASH2,BEAUFORT - WASH2,0.998068,auto_accept
2008,BEAUFORT - WASHINGTON WARD 4,BEAUFORT - WASH4,BEAUFORT - WASH4,0.999431,auto_accept
2008,BEAUFORT - WOODARDS POND,BEAUFORT - WDPD,BEAUFORT - WDPD,0.999729,auto_accept
2008,BERTIE - COLERAIN 1,BERTIE - COL1,BERTIE - C1,0.998765,auto_accept
2008,BERTIE - COLERAIN 2,BERTIE - COL2,BERTIE - C2,0.949318,auto_accept
2008,BERTIE - INDIAN WOODS,BERTIE - IW,BERTIE - IW,0.957992,auto_accept
2008,BERTIE - MERRY HILL,BERTIE - MH,BERTIE - MH,0.989175,auto_accept
2008,BERTIE - MITCHELLS 1,,,,unmatched_vtd_name
2008,BERTIE - MITCHELLS 2,,,,unmatched_vtd_name
2008,BERTIE - ROXOBEL,BERTIE - ROX,BERTIE - RX,0.997116,auto_accept
2008,BERTIE - SNAKEBITE,BERTIE - SB,BERTIE - SN,0.987730,auto_accept
2008,BERTIE - WHITES,BERTIE - WHITES,BERTIE - WH,0.976995,auto_accept
2008,BERTIE - WINDSOR 1,BERTIE - WIN1,BERTIE - W1,0.995526,auto_accept
2008,BERTIE - WINDSOR 2,BERTIE - WIN2,BERTIE - W2,0.936427,auto_accept
2008,BERTIE - WOODVILLE,BERTIE - WOOD,BERTIE - WD,0.985854,auto_accept
2008,BLADEN - ABBOTTS,BLADEN - P10,BLADEN - P10,0.973758,auto_accept
2008,BLADEN - BETHEL,BLADEN - P15,BLADEN - P15,0.996165,auto_accept
2008,BLADEN - BLADENBORO #1,BLADEN - P201,BLADEN - P201,0.986301,auto_accept
2008,BLADEN - BLADENBORO #2,BLADEN - P202,BLADEN - P202,0.998988,auto_accept
2008,BLADEN - BROWN MARSH,BLADEN - P25,BLADEN - P25,0.928434,auto_accept
2008,BLADEN - CARVERS CREEK,BLADEN - P30,BLADEN - P30,0.992202,auto_accept
2008,BLADEN - CENTRAL,BLADEN - P35,BLADEN - P35,0.957232,auto_accept
2008,BLADEN - COLLY,BLADEN - P40,BLADEN - P40,0.983080,auto_accept
2008,BLADEN - CYPRESS CREEK,BLADEN - P45,BLADEN - P45,0.994753,auto_accept
2008,BLADEN - ELIZABETHTOWN #1,BLADEN - P501,BLADEN - P501,0.977286,auto_accept
2008,BLADEN - ELIZABETHTOWN #2,BLADEN - P502,,,no_crosswalk_hit
2008,BLADEN - FRENCHES CREEK,BLADEN - P55,BLADEN - P55,0.976898,auto_accept
2008,BLADEN - HOLLOW,BLADEN - P60,BLADEN - P60,0.997615,auto_accept
2008,BLADEN - LAKE CREEK,BLADEN - P65,BLADEN - P65,0.979823,auto_accept
2008,BLADEN - TURNBULL,BLADEN - P70,BLADEN - P70,0.995559,auto_accept
2008,BLADEN - WHITE OAK,BLADEN - P80,BLADEN - P80,0.999820,auto_accept
2008,BLADEN - WHITES CREEK,BLADEN - P75,BLADEN - P75,0.986649,auto_accept
2008,BRUNSWICK - BELVILLE,BRUNSWICK - BEL,,,no_crosswalk_hit
2008,BRUNSWICK - BOILING SPRING LAKES,BRUNSWICK - BSL,BRUNSWICK - SB02,0.991336,auto_accept
2008,BRUNSWICK - BOLIVIA,BRUNSWICK - BOL,BRUNSWICK - SB01,0.991213,auto_accept
2008,BRUNSWICK - FRYING PAN,BRUNSWICK - FP,,,no_crosswalk_hit
2008,BRUNSWICK - GRISSETTOWN,BRUNSWICK - GT,BRUNSWICK - WB06,0.935464,auto_accept
2008,BRUNSWICK - HOOD CREEK,,,,unmatched_vtd_name
2008,BRUNSWICK - LELAND,BRUNSWICK - LEL,BRUNSWICK - NB02,0.943393,auto_accept
2008,BRUNSWICK - LONGWOOD,BRUNSWICK - LWD,,,no_crosswalk_hit
2008,BRUNSWICK - MOSQUITO,BRUNSWICK - MOS,,,no_crosswalk_hit
2008,BRUNSWICK - OAK ISLAND 1,BRUNSWICK - OI1,,,no_crosswalk_hit
2008,BRUNSWICK - OAK ISLAND 2,BRUNSWICK - OI2,,,no_crosswalk_hit
2008,BRUNSWICK - OAK ISLAND 3,BRUNSWICK - OI3,BRUNSWICK - SB06,0.994966,auto_accept
2008,BRUNSWICK - SECESSION 1,BRUNSWICK - SEC1,BRUNSWICK - CB05,0.998042,auto_accept
2008,BRUNSWICK - SECESSION 2,BRUNSWICK - SEC2,BRUNSWICK - CB04,0.999697,auto_accept
2008,BRUNSWICK - SHALLOTTE,BRUNSWICK - SHAL,BRUNSWICK - CB02,0.999842,auto_accept
2008,BRUNSWICK - SHINGLETREE 2,BRUNSWICK - ST2,BRUNSWICK - WB04,0.999951,auto_accept
2008,BRUNSWICK - SHINGLETREE I,,,,unmatched_vtd_name
2008,BRUNSWICK - SOUTHPORT 1,BRUNSWICK - SP1,BRUNSWICK - SB04,0.998077,auto_accept
2008,BRUNSWICK - SOUTHPORT 2,BRUNSWICK - SP2,,,no_crosswalk_hit
2008,BRUNSWICK - SUPPLY,BRUNSWICK - SUP,BRUNSWICK - CB01,0.892834,auto_accept
2008,BRUNSWICK - TOWNCREEK,BRUNSWICK - TC,BRUNSWICK - NB03,0.974240,auto_accept
2008,BRUNSWICK - WACCAMAW,BRUNSWICK - WAC,BRUNSWICK - WB01,0.998534,auto_accept
2008,BRUNSWICK - WOODBURN,BRUNSWICK - WB,BRUNSWICK - NB05,0.889084,auto_accept
2008,BUNCOMBE - 01.1 - STEPHENS LEE COMMUNITY CENTER,,,,ambiguous_extracted_code
2008,BUNCOMBE - 02.1 - MONTFORD COMMUNITY CENTER,,,,ambiguous_extracted_code
2008,BUNCOMBE - 03.1 - ST MARKS LUTHERAN CHURCH,,,,ambiguous_extracted_code
2008,BUNCOMBE - 04.1 - NORTH ASHEVILLE COMMUNITY CENTER,,,,ambiguous_extracted_code
2008,BUNCOMBE - 05.1 - ST EUGENES CHURCH,,,,ambiguous_extracted_code
2008,BUNCOMBE - 06.1 - TRINITY PRESBYTERIAN CHURCH,,,,ambiguous_extracted_code
2008,BUNCOMBE - 07.1 - KENILWORTH PRESBYTERIAN CHURCH,BUNCOMBE - 7,BUNCOMBE - 07.1,0.993763,auto_accept
2008,BUNCOMBE - 08.1 - SHILOH COMMUNITY CENTER,BUNCOMBE - 8,,,no_crosswalk_hit
2008,BUNCOMBE - 09.1 - MURPHY-OAKLEY COMMUNITY CENTER,BUNCOMBE - 9,BUNCOMBE - 09.1,0.999190,auto_accept
2008,BUNCOMBE - 10.1 - W C REID RECREATION CENTER,BUNCOMBE - 10,BUNCOMBE - 10.1,0.995128,auto_accept
2008,BUNCOMBE - 11.1 - ASHEVILLE SENIOR OPPORTUNITY CENTER,BUNCOMBE - 11,BUNCOMBE - 11.1,0.998722,auto_accept
2008,BUNCOMBE - 12.1 - HALL FLETCHER SCHOOL,BUNCOMBE - 12,BUNCOMBE - 12.1,0.989059,auto_accept
2008,BUNCOMBE - 13.1 - GRACE BAPTIST CHURCH,BUNCOMBE - 13,BUNCOMBE - 13.1,0.957879,auto_accept
2008,BUNCOMBE - 14.2 - ASHEVILLE PRE-SCHOOL,BUNCOMBE - 14,,,no_crosswalk_hit
2008,BUNCOMBE - 14.3 - ELIADA HOME - PAUL AMOS REC CENTER,BUNCOMBE - 14,,,no_crosswalk_hit
2008,BUNCOMBE - 15.1 - VANCE ELEMENTARY SCHOOL,BUNCOMBE - 15,,,no_crosswalk_hit
2008,BUNCOMBE - 16.2 - WEST ASHEVILLE LIBRARY,BUNCOMBE - 16,BUNCOMBE - 16.2,0.993638,auto_accept
2008,BUNCOMBE - 17.1 - BETH ISRAEL SYNAGOGUE,BUNCOMBE - 17,BUNCOMBE - 17.1,0.975712,auto_accept
2008,BUNCOMBE - 18.2 - TC ROBERSON HIGH SCHOOL,BUNCOMBE - 18,BUNCOMBE - 18.2,0.979724,auto_accept
2008,BUNCOMBE - 19.1 - SKYLAND FIRE DEPARTMENT,BUNCOMBE - 19,,,no_crosswalk_hit
2008,BUNCOMBE - 20.1 - ASHEVILLE APOSTOLIC CHURCH,BUNCOMBE - 20,BUNCOMBE - 20.1,0.967364,auto_accept
2008,BUNCOMBE - 21.1 - HAW CREEK ELEMENTARY SCHOOL,BUNCOMBE - 21,BUNCOMBE - 21.1,0.975348,auto_accept
2008,BUNCOMBE - 22.1 - BEAVERDAM COMMUNITY CENTER,BUNCOMBE - 22,,,no_crosswalk_hit
2008,BUNCOMBE - 23.1 - EVERGREEN CHARTER SCHOOL,BUNCOMBE - 23,,,no_crosswalk_hit
2008,BUNCOMBE - 24.1 - CROSSROADS ASSEMBLY,BUNCOMBE - 24,BUNCOMBE - 24.1,0.932294,auto_accept
2008,BUNCOMBE - 25.1 - CHARLES C BELL SCHOOL,BUNCOMBE - 25,BUNCOMBE - 25.1,0.984283,auto_accept
2008,BUNCOMBE - 26.1 - ASHEVILLE SCHOOL ATHLETIC CENTER,BUNCOMBE - 26,,,no_crosswalk_hit
2008,BUNCOMBE - 27.1 - IRA B JONES SCHOOL-AUDITORIUM,BUNCOMBE - 27,BUNCOMBE - 31.1,0.993372,auto_accept
2008,BUNCOMBE - 28.1 - COVENANT REFORMED PRESBYTERIAN,BUNCOMBE - 28,BUNCOMBE - 32.1,0.994344,auto_accept
2008,BUNCOMBE - 29.2 - NEW HOPE PRESBYTERIAN,BUNCOMBE - 29,,,no_crosswalk_hit
2008,BUNCOMBE - 30.2 - AVERYS CREEK ELEMENTARY SCHOOL,BUNCOMBE - 30,,,no_crosswalk_hit
2008,BUNCOMBE - 30.3 - AVERYS CREEK COMMUNITY CENTER,BUNCOMBE - 30,,,no_crosswalk_hit
2008,BUNCOMBE - 31.1 - BILTMORE FOREST TOWN HALL,BUNCOMBE - 31,BUNCOMBE - 36.1,0.986947,auto_accept
2008,BUNCOMBE - 32.1 - BLACK MOUNTAIN 1 OWEN MIDDLE SCHOOL,BUNCOMBE - 32,BUNCOMBE - 37.1,0.996700,auto_accept
2008,BUNCOMBE - 33.2 - BLACK MOUNTAIN PRIMARY SCHOOL,BUNCOMBE - 33,,,no_crosswalk_hit
2008,BUNCOMBE - 33.3 - BLACK MOUNTAIN ELEMENTARY SCHOOL,BUNCOMBE - 33,,,no_crosswalk_hit
2008,BUNCOMBE - 34.1 - BLACK MOUNTAIN 3 LAKE TOMAHAWK,BUNCOMBE - 34,,,no_crosswalk_hit
2008,BUNCOMBE - 35.1 - BLACK MTN 4 CARVER COMMUNITY CENTER,BUNCOMBE - 35,,,no_crosswalk_hit
2008,BUNCOMBE - 36.1 - BLACK MTN 5-WALKUP BLDG MONTREAT CONF CTR,BUNCOMBE - 36,BUNCOMBE - 41.1,0.999621,auto_accept
2008,BUNCOMBE - 37.1 - BROAD RIVER COMMUNITY CENTER,BUNCOMBE - 37,BUNCOMBE - 42.1,0.976091,auto_accept
2008,BUNCOMBE - 38.2 - CANE CREEK MIDDLE SCHOOL,BUNCOMBE - 38,BUNCOMBE - 43.2,0.943952,auto_accept
2008,BUNCOMBE - 38.3 - TRINITY OF FAIRVIEW CHURCH,BUNCOMBE - 38,BUNCOMBE - 43.2,0.943952,auto_accept
2008,BUNCOMBE - 39.2 - FAIRVIEW VOLUNTEER FIRE DEPT,BUNCOMBE - 39,BUNCOMBE - 44.1,0.991571,auto_accept
2008,BUNCOMBE - 39.3 - FAIRVIEW COMMUNITY CENTER,BUNCOMBE - 39,BUNCOMBE - 44.1,0.991571,auto_accept
2008,BUNCOMBE - 40.1 - FLAT CREEK-N BUNCOMBE ELEMENTARY,BUNCOMBE - 40,BUNCOMBE - 45.1,0.992304,auto_accept
2008,BUNCOMBE - 41.1 - FRENCH BROAD FIRE DEPT,BUNCOMBE - 41,BUNCOMBE - 46.1,0.985143,auto_accept
2008,BUNCOMBE - 42.1 - HAZEL 1-EMMA ELEMENTARY SCHOOL,,,,unmatched_vtd_name
2008,BUNCOMBE - 43.2 - HAZEL 2-JOHNSTON SCHOOL,BUNCOMBE - 43,BUNCOMBE - 48.1,0.996566,auto_accept
2008,BUNCOMBE - 44.1 - LOWER HOMINY 1-OAK FOREST PRES CH,,,,unmatched_vtd_name
2008,BUNCOMBE - 45.1 - ENKA MIDDLE SCHOOL,,,,unmatched_vtd_name
2008,BUNCOMBE - 46.1 - LOWER HOMINY 3-ARBORETUM MAIN BLDG - CLASS RM 1,,,,unmatched_vtd_name
2008,BUNCOMBE - 47.1 - UPPER HOMINY 1-PISGAH ELEMENTARY,BUNCOMBE - 47,BUNCOMBE - 52.1,0.999407,auto_accept
2008,BUNCOMBE - 48.1 - HOMINY VALLEY ELEMENTARY,,,,unmatched_vtd_name
2008,BUNCOMBE - 49.1 - UPPER HOMINY 3-POLE CREEK BAPTIST,BUNCOMBE - 49,BUNCOMBE - 54.2,0.929789,auto_accept
2008,BUNCOMBE - 50.1 - IVY 1-BARNARDSVILLE SCHOOL,BUNCOMBE - 50,BUNCOMBE - 55.1,0.997657,auto_accept
2008,BUNCOMBE - 51.1 - IVY 2-STOCKTON FARM COUNTRY STORE,BUNCOMBE - 51,,,no_crosswalk_hit
2008,BUNCOMBE - 52.1 - LEICESTER 1-LEICESTER SCHOOL,BUNCOMBE - 52,BUNCOMBE - 57.1,0.973372,auto_accept
2008,BUNCOMBE - 53.1 - LEICESTER 2 COMMUNITY CENTER,BUNCOMBE - 53,BUNCOMBE - 58.1,0.982914,auto_accept
2008,BUNCOMBE - 54.2 - LUTHERAN CHURCH OF THE NATIVITY,BUNCOMBE - 54,BUNCOMBE - 59.1,0.995014,auto_accept
2008,BUNCOMBE - 55.1 - LIMESTONE 2-GLEN ARDEN SCHOOL,BUNCOMBE - 55,,,no_crosswalk_hit
2008,BUNCOMBE - 56.2 - LIMESTONE 3-ARDEN FIRST BAPTIST,,,,unmatched_vtd_name
2008,BUNCOMBE - 57.1 - LIMESTONE 4-SKYLAND FIRE BISHOP SUBSTATION,,,,unmatched_vtd_name
2008,BUNCOMBE - 58.1 - NORTH BUNCOMBE-MIDDLE SCHOOL,BUNCOMBE - 58,BUNCOMBE - 64.1,0.996285,auto_accept
2008,BUNCOMBE - 59.1 - REEMS CREEK FIRE DEPARTMENT,,,,unmatched_vtd_name
2008,BUNCOMBE - 60.2 - REYNOLDS FIRE DEPARTMENT,BUNCOMBE - 60,BUNCOMBE - 67.1,0.909956,auto_accept
2008,BUNCOMBE - 60.3 - COVENANT COMMUNITY CHURCH,BUNCOMBE - 60,BUNCOMBE - 67.1,0.909956,auto_accept
2008,BUNCOMBE - 61.1 - RICEVILLE 1 - RICEVILLE COMMUNITY CENTER,BUNCOMBE - 61,,,no_crosswalk_hit
2008,BUNCOMBE - 62.1 - RICEVILLE 2-GRASSY BRANCH BAPTIST,BUNCOMBE - 62,BUNCOMBE - 69.1,0.998678,auto_accept
2008,BUNCOMBE - 63.1 - SANDY MUSH COMMUNITY CENTER,BUNCOMBE - 63,BUNCOMBE - 70.1,0.987366,auto_accept
2008,BUNCOMBE - 64.1 - FIRST BAPTIST OF SWANNANOA,BUNCOMBE - 64,BUNCOMBE - 71.1,0.985332,auto_accept
2008,BUNCOMBE - 65.1 - SWANNANOA 2-WILLIAMS ELEMENTARY,,,,unmatched_vtd_name
2008,BUNCOMBE - 66.1 - SWANNANOA 3-WWC-KITTRIDGE THEATRE,,,,unmatched_vtd_name
2008,BUNCOMBE - 67.1 - WEAVERVILLE TOWN HALL,,,,unmatched_vtd_name
2008,BUNCOMBE - 68.1 - WEST BUNCOMBE 1-WEST BUNCOMBE SCH,,,,unmatched_vtd_name
2008,BUNCOMBE - 681 - W BUNCOMBE 1-B-COMMUNITY CENTER,,,,unmatched_vtd_name
2008,BUNCOMBE - 69.1 - WEST BUNCOMBE 2-FIRE TRAIN CNTR,,,,unmatched_vtd_name
2008,BUNCOMBE - 70.1 - WOODFIN COMMUNITY CENTER,,,,unmatched_vtd_name
2008,BUNCOMBE - 71.1 - WOODLAND HILLS-BAPTIST CHURCH,,,,unmatched_vtd_name
2008,BURKE - 0001 - DREXEL 01,BURKE - 01,BURKE - 0001,0.989114,auto_accept
2008,BURKE - 0003 - DREXEL 03,BURKE - 03,BURKE - 0003,0.999549,auto_accept
2008,BURKE - 0011 - ICARD 01,BURKE - 11,BURKE - 0011,0.999720,auto_accept
2008,BURKE - 0012 - ICARD 02,BURKE - 12,BURKE - 0012,0.992199,auto_accept
2008,BURKE - 0013 - ICARD 03,BURKE - 13,BURKE - 0013,0.985825,auto_accept
2008,BURKE - 0014 - ICARD 04,BURKE - 14,BURKE - 0014,0.993379,auto_accept
2008,BURKE - 0015 - ICARD 05,BURKE - 15,BURKE - 0015,0.988745,auto_accept
2008,BURKE - 0018 - JONAS RIDGE,BURKE - 18,,,no_crosswalk_hit
2008,BURKE - 0019 - LINVILLE 01,BURKE - 19,BURKE - 0019,0.998318,auto_accept
2008,BURKE - 0020 - LINVILLE 02,BURKE - 20,BURKE - 0020,0.999780,auto_accept
2008,BURKE - 0021 - LOVELADY 01,BURKE - 21,BURKE - 0021,0.999618,auto_accept
2008,BURKE - 0022 - LOVELADY 02,BURKE - 22,BURKE - 0022,0.996034,auto_accept
2008,BURKE - 0024 - LOVELADY 04,BURKE - 24,BURKE - 0024,0.996609,auto_accept
2008,BURKE - 0029-A - LOWER FORK-A,,,,unmatched_vtd_name
2008,BURKE - 0029-B - LOWER FORK-B,,,,unmatched_vtd_name
2008,BURKE - 0031 - MORGANTON 01,BURKE - 31,BURKE - 0031,0.999055,auto_accept
2008,BURKE - 0034 - MORGANTON 04,BURKE - 34,BURKE - 0034,0.998997,auto_accept
2008,BURKE - 0035 - MORGANTON 05,BURKE - 35,BURKE - 0035,0.998586,auto_accept
2008,BURKE - 0036 - MORGANTON 06,BURKE - 36,BURKE - 0036,0.991700,auto_accept
2008,BURKE - 0038 - MORGANTON 08,BURKE - 38,BURKE - 0038,0.999493,auto_accept
2008,BURKE - 0039 - MORGANTON 09,BURKE - 39,BURKE - 0039,0.999389,auto_accept
2008,BURKE - 0040 - MORGANTON 10,BURKE - 40,BURKE - 0040,0.995752,auto_accept
2008,BURKE - 0047-A - QUAKER MEADOWS #1-A,,,,unmatched_vtd_name
2008,BURKE - 0047-B - QUAKER MEADOWS #1-B,,,,unmatched_vtd_name
2008,BURKE - 0048 - QUAKER MEADOWS 02,BURKE - 48,BURKE - 0048,0.998294,auto_accept
2008,BURKE - 0051 - SILVER CREEK 01,BURKE - 51,BURKE - 0051,0.997299,auto_accept
2008,BURKE - 0052 - SILVER CREEK 02,BURKE - 52,BURKE - 0052,0.997994,auto_accept
2008,BURKE - 0053 - SILVER CREEK 03,BURKE - 53,BURKE - 0072,0.998995,auto_accept
2008,BURKE - 0062 - UPPER CREEK,BURKE - 62,BURKE - 0062,0.992415,auto_accept
2008,BURKE - 0064 - UPPER FORK,BURKE - 64,BURKE - 0064,0.989756,auto_accept
2008,BURKE - 0065 - BURKEMONT,,,,unmatched_vtd_name
2008,BURKE - 0066 - CHESTERFIELD,,,,unmatched_vtd_name
2008,BURKE - 0070 - SALEM,,,,unmatched_vtd_name
2008,CABARRUS - 01-02,CABARRUS - 0102,CABARRUS - 01-02,0.996590,auto_accept
2008,CABARRUS - 01-04,CABARRUS - 0104,CABARRUS - 01-04,0.997400,auto_accept
2008,CABARRUS - 01-06,,,,unmatched_vtd_name
2008,CABARRUS - 01-07,,,,unmatched_vtd_name
2008,CABARRUS - 01-08,,,,unmatched_vtd_name
2008,CABARRUS - 01-09,,,,unmatched_vtd_name
2008,CABARRUS - 01-10,,,,unmatched_vtd_name
2008,CABARRUS - 02-01,CABARRUS - 0201,CABARRUS - 02-01,0.986379,auto_accept
2008,CABARRUS - 02-02,CABARRUS - 0202,,,no_crosswalk_hit
2008,CABARRUS - 02-03,CABARRUS - 0203,CABARRUS - 02-03,0.980533,auto_accept
2008,CABARRUS - 02-05,CABARRUS - 0205,CABARRUS - 02-05,0.999258,auto_accept
2008,CABARRUS - 02-06,CABARRUS - 0206,CABARRUS - 02-06,0.991992,auto_accept
2008,CABARRUS - 02-07,,,,unmatched_vtd_name
2008,CABARRUS - 02-08,,,,unmatched_vtd_name
2008,CABARRUS - 02-09,,,,unmatched_vtd_name
2008,CABARRUS - 03-00,CABARRUS - 0300,CABARRUS - 03-00,0.971007,auto_accept
2008,CABARRUS - 04-01,CABARRUS - 0401,CABARRUS - 04-01,0.991934,auto_accept
2008,CABARRUS - 04-02,CABARRUS - 0402,CABARRUS - 04-12,0.995997,auto_accept
2008,CABARRUS - 04-03,CABARRUS - 0403,CABARRUS - 04-03,0.998818,auto_accept
2008,CABARRUS - 04-04,CABARRUS - 0404,CABARRUS - 04-11,0.998871,auto_accept
2008,CABARRUS - 04-05,CABARRUS - 0405,CABARRUS - 04-11,0.967244,auto_accept
2008,CABARRUS - 04-06,CABARRUS - 0406,CABARRUS - 04-12,0.999053,auto_accept
2008,CABARRUS - 04-07,CABARRUS - 0407,CABARRUS - 04-13,0.999873,auto_accept
2008,CABARRUS - 04-08,CABARRUS - 0408,CABARRUS - 04-08,0.997232,auto_accept
2008,CABARRUS - 04-09,CABARRUS - 0409,CABARRUS - 04-09,0.993873,auto_accept
2008,CABARRUS - 04-10,CABARRUS - 0410,CABARRUS - 04-13,0.999591,auto_accept
2008,CABARRUS - 05-00,CABARRUS - 0500,CABARRUS - 05-00,0.998933,auto_accept
2008,CABARRUS - 06-00,CABARRUS - 0600,CABARRUS - 06-00,0.999408,auto_accept
2008,CABARRUS - 07-00,CABARRUS - 0700,CABARRUS - 07-00,0.998665,auto_accept
2008,CABARRUS - 08-00,CABARRUS - 0800,CABARRUS - 08-00,0.996427,auto_accept
2008,CABARRUS - 09-00,CABARRUS - 0900,CABARRUS - 09-00,0.999825,auto_accept
2008,CABARRUS - 10-00,CABARRUS - 1000,CABARRUS - 10-00,0.996677,auto_accept
2008,CABARRUS - 11-01,CABARRUS - 1101,CABARRUS - 11-01,0.998903,auto_accept
2008,CABARRUS - 11-02,CABARRUS - 1102,CABARRUS - 11-02,0.999785,auto_accept
2008,CABARRUS - 12-01,CABARRUS - 1201,CABARRUS - 12-13,0.999844,auto_accept
2008,CABARRUS - 12-02,CABARRUS - 1202,CABARRUS - 12-13,0.999742,auto_accept
2008,CABARRUS - 12-03,CABARRUS - 1203,CABARRUS - 12-03,0.991586,auto_accept
2008,CABARRUS - 12-04,CABARRUS - 1204,CABARRUS - 12-04,0.998459,auto_accept
2008,CABARRUS - 12-05,CABARRUS - 1205,CABARRUS - 12-05,0.996421,auto_accept
2008,CABARRUS - 12-06,CABARRUS - 1206,CABARRUS - 12-14,0.999705,auto_accept
2008,CABARRUS - 12-07,CABARRUS - 1207,CABARRUS - 12-13,0.999186,auto_accept
2008,CABARRUS - 12-08,CABARRUS - 1208,CABARRUS - 12-08,0.997642,auto_accept
2008,CABARRUS - 12-09,CABARRUS - 1209,,,no_crosswalk_hit
2008,CABARRUS - 12-10,CABARRUS - 1210,CABARRUS - 12-14,0.985829,auto_accept
2008,CABARRUS - 12-11,CABARRUS - 1211,CABARRUS - 12-11,0.999350,auto_accept
2008,CABARRUS - 12-12,,,,unmatched_vtd_name
2008,CABARRUS - TRANSFERS,,,,unmatched_vtd_name
2008,CALDWELL - GAMEWELL #1,CALDWELL - PR01,CALDWELL - 1,0.993592,auto_accept
2008,CALDWELL - GAMEWELL #2,CALDWELL - PR02,CALDWELL - 1,0.970014,auto_accept
2008,CALDWELL - GLOBE/JOHNS RIVER/MULBERRY/WILSON CREEK,,,,unmatched_vtd_name
2008,CALDWELL - HUDSON #1,CALDWELL - PR05,CALDWELL - 13,0.955025,auto_accept
2008,CALDWELL - HUDSON #2,CALDWELL - PR06,CALDWELL - 13,0.881849,auto_accept
2008,CALDWELL - KINGS CREEK,CALDWELL - PR08,CALDWELL - 3,0.978840,auto_accept
2008,CALDWELL - LENOIR #1,CALDWELL - PR09,CALDWELL - 6,0.998868,auto_accept
2008,CALDWELL - LENOIR #29,,,,unmatched_vtd_name
2008,CALDWELL - LENOIR #4,CALDWELL - PR12,CALDWELL - 6,0.999642,auto_accept
2008,CALDWELL - LITTLE RIVER,CALDWELL - PR13,CALDWELL - 4,0.988203,auto_accept
2008,CALDWELL - LOVELADY-ONE,,,,unmatched_vtd_name
2008,CALDWELL - LOVELADY-RHODHISS,,,,unmatched_vtd_name
2008,CALDWELL - LOVELADY-TWO,,,,unmatched_vtd_name
2008,CALDWELL - LOWER CREEK #1,CALDWELL - PR16,CALDWELL - 6,0.999383,auto_accept
2008,CALDWELL - LOWER CREEK #2,CALDWELL - PR17,CALDWELL - 7,0.999448,auto_accept
2008,CALDWELL - LOWER CREEK #3,CALDWELL - PR18,,,no_crosswalk_hit
2008,CALDWELL - LOWER CREEK #4,CALDWELL - PR19,CALDWELL - 6,0.984026,auto_accept
2008,CALDWELL - NORTH CATAWBA,,,,unmatched_vtd_name
2008,CALDWELL - NORTH CATAWBA #2,CALDWELL - PR21B,CALDWELL - 10,0.962323,auto_accept
2008,CALDWELL - PATTERSON,CALDWELL - PR23,CALDWELL - 12,0.999683,auto_accept
2008,CALDWELL - SAWMILLS #1,CALDWELL - PR25A,CALDWELL - 11,0.997551,auto_accept
2008,CALDWELL - SAWMILLS #2,CALDWELL - PR25B,CALDWELL - 11,0.986507,auto_accept
2008,CALDWELL - YADKIN VALLEY,CALDWELL - PR27,CALDWELL - 12,0.998394,auto_accept
2008,CAMDEN - COURTHOUSE,CAMDEN - CH,CAMDEN - CH,0.996768,auto_accept
2008,CAMDEN - SHILOH,CAMDEN - SH,CAMDEN - SH,0.999414,auto_accept
2008,CAMDEN - SOUTH MILLS,CAMDEN - SM,CAMDEN - SM,0.998419,auto_accept
2008,CARTERET - ATLANTIC,CARTERET - ATLN,CARTERET - ASCI,0.999962,auto_accept
2008,CARTERET - ATLANTIC BEACH,CARTERET - ABCH,CARTERET - ABCH,0.999572,auto_accept
2008,CARTERET - BEAUFORT 1,CARTERET - BFT1,CARTERET - BFT1,0.999665,auto_accept
2008,CARTERET - BEAUFORT 2,CARTERET - BFT2,CARTERET - BFT2,0.927580,auto_accept
2008,CARTERET - BETTIE,CARTERET - BETT,CARTERET - OTBEG,0.980712,auto_accept
2008,CARTERET - BOGUE,CARTERET - BOGU,CARTERET - BOGE,0.992644,auto_accept
2008,CARTERET - BROAD CREEK,CARTERET - BRCK,CARTERET - BCRK,0.998455,auto_accept
2008,CARTERET - CAPE CARTERET/CEDAR POINT,,,,unmatched_vtd_name
2008,CARTERET - CEDAR ISLAND,CARTERET - CDIS,CARTERET - ASCI,0.968508,auto_accept
2008,CARTERET - DAVIS,CARTERET - DAVI,CARTERET - DASW,0.999949,auto_accept
2008,CARTERET - EMERALD ISLE,CARTERET - EMIS,CARTERET - ISLE,0.992827,auto_accept
2008,CARTERET - HARKERS ISLAND,CARTERET - HAIS,CARTERET - HAIS,0.999932,auto_accept
2008,CARTERET - HARLOWE,CARTERET - HARL,CARTERET - WIHA,0.999312,auto_accept
2008,CARTERET - INDIAN BEACH/SALTER PATH,,,,unmatched_vtd_name
2008,CARTERET - MARSHALLBERG,CARTERET - MARSH,CARTERET - MASM,0.999958,auto_accept
2008,CARTERET - MERRIMON,CARTERET - MERR,CARTERET - MERR,0.993490,auto_accept
2008,CARTERET - MILL CREEK,CARTERET - MCRK,CARTERET - MCRK,0.999762,auto_accept
2008,CARTERET - MOREHEAD 1,CARTERET - MHD1,CARTERET - MHD1,0.999770,auto_accept
2008,CARTERET - MOREHEAD 2,CARTERET - MHD2,CARTERET - MHD2,0.997183,auto_accept
2008,CARTERET - MOREHEAD 3,CARTERET - MHD3,CARTERET - MHD3,0.995605,auto_accept
2008,CARTERET - MOREHEAD 4,CARTERET - MHD4,CARTERET - MHD4,0.998291,auto_accept
2008,CARTERET - NEWPORT 1,CARTERET - NPT1,CARTERET - NPT1,0.978451,auto_accept
2008,CARTERET - NEWPORT 2,CARTERET - NPT2,,,no_crosswalk_hit
2008,CARTERET - NORTH RIVER,CARTERET - NRIV,CARTERET - NRIV,0.999491,auto_accept
2008,CARTERET - OTWAY/STRAITS,,,,unmatched_vtd_name
2008,CARTERET - PELETIER,CARTERET - PELE,CARTERET - PELE,0.998966,auto_accept
2008,CARTERET - PINE KNOLL SHORES,CARTERET - PKS,CARTERET - IBPK,0.999879,auto_accept
2008,CARTERET - SEA LEVEL,CARTERET - SLVL,CARTERET - ASCI,0.999883,auto_accept
2008,CARTERET - SMYRNA,CARTERET - SMYRNA,CARTERET - MASM,0.987103,auto_accept
2008,CARTERET - STACY,CARTERET - STAC,CARTERET - DASW,0.999961,auto_accept
2008,CARTERET - STELLA,CARTERET - STEL,CARTERET - STEL,0.996376,auto_accept
2008,CARTERET - WILDWOOD,CARTERET - WILD,CARTERET - WILD,0.996336,auto_accept
2008,CARTERET - WILLISTON,CARTERET - WILL,CARTERET - DASW,0.999451,auto_accept
2008,CARTERET - WIREGRASS,CARTERET - WIRE,CARTERET - WIHA,0.997022,auto_accept
2008,CASWELL - ANDERSON,CASWELL - ANDE,CASWELL - ANDE,0.999927,auto_accept
2008,CASWELL - HIGHTOWERS,CASWELL - HIGH,CASWELL - PH,0.999906,auto_accept
2008,CASWELL - LEASBURG,CASWELL - LEAS,CASWELL - LEAS,0.999893,auto_accept
2008,CASWELL - LOCUST HILL,CASWELL - LOCU,CASWELL - LOCU,0.992558,auto_accept
2008,CASWELL - MILTON,CASWELL - MILT,CASWELL - MILT,0.998489,auto_accept
2008,CASWELL - PELHAM,CASWELL - PELH,CASWELL - PELH,0.998451,auto_accept
2008,CASWELL - PROSPECT HILL,CASWELL - PROS,CASWELL - PH,0.976850,auto_accept
2008,CASWELL - PROVIDENCE,CASWELL - PROV,CASWELL - PROVI,0.986700,auto_accept
2008,CASWELL - STONEY CREEK,CASWELL - STON,CASWELL - STON,0.995519,auto_accept
2008,CASWELL - YANCEYVILLE 2,CASWELL - YAN2,CASWELL - YANC,0.996414,auto_accept
2008,CASWELL - YANCEYVILLE 4,CASWELL - YAN4,CASWELL - YANC,0.999879,auto_accept
2008,CATAWBA - BALLS CREEK,CATAWBA - 1,CATAWBA - 01,0.999857,auto_accept
2008,CATAWBA - BANOAK,CATAWBA - 2,CATAWBA - 02,0.999934,auto_accept
2008,CATAWBA - BLACKBURN,CATAWBA - 3,CATAWBA - 03,0.999828,auto_accept
2008,CATAWBA - BROOKFORD,CATAWBA - 4,CATAWBA - 04,0.992486,auto_accept
2008,CATAWBA - CATAWBA,CATAWBA - 5,CATAWBA - 05,0.999500,auto_accept
2008,CATAWBA - CLAREMONT,CATAWBA - 6,CATAWBA - 06,0.999763,auto_accept
2008,CATAWBA - COLLEGE PARK,CATAWBA - 11,CATAWBA - 11,0.998878,auto_accept
2008,CATAWBA - CONOVER EAST,CATAWBA - 8,CATAWBA - 08,0.999104,auto_accept
2008,CATAWBA - CONOVER WEST,CATAWBA - 7,CATAWBA - 07,0.992530,auto_accept
2008,CATAWBA - EAST MAIDEN,CATAWBA - 9,CATAWBA - 09,0.999955,auto_accept
2008,CATAWBA - EAST NEWTON,CATAWBA - 10,CATAWBA - 10,0.999034,auto_accept
2008,CATAWBA - FALLING CREEK,CATAWBA - 38,CATAWBA - 38,0.999378,auto_accept
2008,CATAWBA - GREENMONT,CATAWBA - 13,CATAWBA - 13,0.904750,auto_accept
2008,CATAWBA - HIGHLAND,,,,unmatched_vtd_name
2008,CATAWBA - KENWORTH,CATAWBA - 12,CATAWBA - 12,0.999328,auto_accept
2008,CATAWBA - LAKE NORMAN,CATAWBA - 41,CATAWBA - 41,0.990092,auto_accept
2008,CATAWBA - LONGVIEW NORTH,CATAWBA - 17,CATAWBA - 17,0.906543,auto_accept
2008,CATAWBA - LONGVIEW SOUTH,CATAWBA - 19,CATAWBA - 19,0.999157,auto_accept
2008,CATAWBA - MAIDEN,CATAWBA - 20,CATAWBA - 20,0.995916,auto_accept
2008,CATAWBA - MONOGRAM,CATAWBA - 21,CATAWBA - 21,0.998554,auto_accept
2008,CATAWBA - MOUNT OLIVE,,,,unmatched_vtd_name
2008,CATAWBA - MOUNTAIN VIEW #1,CATAWBA - 1,CATAWBA - 01,0.999857,auto_accept
2008,CATAWBA - MOUNTAIN VIEW #2,CATAWBA - 2,CATAWBA - 02,0.999934,auto_accept
2008,CATAWBA - NORTH NEWTON,CATAWBA - 25,CATAWBA - 25,0.998264,auto_accept
2008,CATAWBA - NORTHWEST,CATAWBA - 39,CATAWBA - 39,0.994493,auto_accept
2008,CATAWBA - OAKLAND HEIGHTS,CATAWBA - 26,CATAWBA - 26,0.990320,auto_accept
2008,CATAWBA - OAKWOOD,CATAWBA - 14,CATAWBA - 14,0.997909,auto_accept
2008,CATAWBA - OXFORD,CATAWBA - 27,CATAWBA - 27,0.999654,auto_accept
2008,CATAWBA - RIDGEVIEW,CATAWBA - 15,CATAWBA - 15,0.998851,auto_accept
2008,CATAWBA - SANDY RIDGE,CATAWBA - 30,CATAWBA - 30,0.999562,auto_accept
2008,CATAWBA - SHERRILLS FORD,CATAWBA - 31,CATAWBA - 31,0.988958,auto_accept
2008,CATAWBA - SOUTH NEWTON,CATAWBA - 32,CATAWBA - 32,0.999725,auto_accept
2008,CATAWBA - SPRINGS,CATAWBA - 33,,,no_crosswalk_hit
2008,CATAWBA - ST STEPHENS #1,CATAWBA - 28,CATAWBA - 28,0.999701,auto_accept
2008,CATAWBA - ST STEPHENS #2,CATAWBA - 29,CATAWBA - 29,0.999827,auto_accept
2008,CATAWBA - STARTOWN,CATAWBA - 34,CATAWBA - 34,0.913952,auto_accept
2008,CATAWBA - SWEETWATER,CATAWBA - 35,CATAWBA - 35,0.999925,auto_accept
2008,CATAWBA - VIEWMONT #1,CATAWBA - 36,CATAWBA - 36,0.994220,auto_accept
2008,CATAWBA - VIEWMONT #2,CATAWBA - 37,CATAWBA - 37,0.999293,auto_accept
2008,CATAWBA - WEST NEWTON,CATAWBA - 40,,,no_crosswalk_hit
2008,CHATHAM - ALBRIGHT,CHATHAM - 3,CHATHAM - 3,0.998159,auto_accept
2008,CHATHAM - BENNETT,CHATHAM - 6,CHATHAM - CRD118,0.998705,auto_accept
2008,CHATHAM - BONLEE,CHATHAM - 9,CHATHAM - 9,0.999810,auto_accept
2008,CHATHAM - BYNUM,CHATHAM - 15,CHATHAM - 15,0.999640,auto_accept
2008,CHATHAM - CAROLINA MEADOWS,,,,unmatched_vtd_name
2008,CHATHAM - EAST SILER CITY,CHATHAM - 60,CHATHAM - ESC114,0.999757,auto_accept
2008,CHATHAM - EAST WILLIAMS,CHATHAM - 75,,,no_crosswalk_hit
2008,CHATHAM - GOLDSTON,CHATHAM - 18,CHATHAM - GLD118,0.998974,auto_accept
2008,CHATHAM - HADLEY,CHATHAM - 21,CHATHAM - 21,0.998668,auto_accept
2008,CHATHAM - HARPERS CROSSROADS,CHATHAM - 24,CHATHAM - CRD118,0.998455,auto_accept
2008,CHATHAM - HICKORY MOUNTAIN,CHATHAM - 30,CHATHAM - 30,0.999898,auto_accept
2008,CHATHAM - MANNS CHAPEL,,,,unmatched_vtd_name
2008,CHATHAM - NEW HOPE,CHATHAM - 42,CHATHAM - 42,0.930230,auto_accept
2008,CHATHAM - NORTH WILLIAMS,CHATHAM - 76,CHATHAM - NWM117,0.999502,auto_accept
2008,CHATHAM - OAKLAND,CHATHAM - 45,,,no_crosswalk_hit
2008,CHATHAM - PITTSBORO,,,,unmatched_vtd_name
2008,CHATHAM - THREE RIVERS,CHATHAM - 20,CHATHAM - MON113,0.994602,auto_accept
2008,CHATHAM - WEST SILER CITY,CHATHAM - 62,CHATHAM - 85,0.987421,auto_accept
2008,CHATHAM - WEST WILLIAMS,CHATHAM - 78,CHATHAM - 78,0.892642,auto_accept
2008,CHEROKEE - ANDREWS NORTH WARD,,,,unmatched_vtd_name
2008,CHEROKEE - ANDREWS SOUTH WARD,,,,unmatched_vtd_name
2008,CHEROKEE - BEAVERDAM Y,,,,unmatched_vtd_name
2008,CHEROKEE - BEAVERDAM Z,,,,unmatched_vtd_name
2008,CHEROKEE - BELLVIEW,CHEROKEE - BELL,CHEROKEE - BELL,0.981762,auto_accept
2008,CHEROKEE - BRASSTOWN,,,,unmatched_vtd_name
2008,CHEROKEE - HANGING DOG,,,,unmatched_vtd_name
2008,CHEROKEE - HIWASSEE DAM,CHEROKEE - HIDAM,CHEROKEE - HIWA,0.999220,auto_accept
2008,CHEROKEE - HOT HOUSE,CHEROKEE - HOTH,CHEROKEE - HOTH,0.997019,auto_accept
2008,CHEROKEE - MARBLE,CHEROKEE - MAR,CHEROKEE - MARB,0.998830,auto_accept
2008,CHEROKEE - MURPHY NORTH,,,,unmatched_vtd_name
2008,CHEROKEE - MURPHY SOUTH,,,,unmatched_vtd_name
2008,CHEROKEE - NOTLA Y,,,,unmatched_vtd_name
2008,CHEROKEE - NOTLA Z,,,,unmatched_vtd_name
2008,CHEROKEE - PEACHTREE,CHEROKEE - PEAT,CHEROKEE - PCHT,0.998811,auto_accept
2008,CHEROKEE - TOPTON,CHEROKEE - TOPTN,CHEROKEE - TOPT,0.868118,auto_accept
2008,CHOWAN - CENTER HILL,CHOWAN - CH,CHOWAN - 4,0.999629,auto_accept
2008,CHOWAN - EAST EDENTON,CHOWAN - EE,CHOWAN - 1,0.999835,auto_accept
2008,CHOWAN - ROCKY HOCK,CHOWAN - RH,CHOWAN - 3,0.998379,auto_accept
2008,CHOWAN - WARDVILLE,CHOWAN - W,CHOWAN - 5,0.999171,auto_accept
2008,CHOWAN - WEST EDENTON,CHOWAN - WE,CHOWAN - 2,0.999525,auto_accept
2008,CHOWAN - YEOPIM,CHOWAN - Y,CHOWAN - 6,0.999262,auto_accept
2008,CLAY - BRASSTOWN,CLAY - BRAS,CLAY - BRAS,0.999004,auto_accept
2008,CLAY - HAYESVILLE CENTRAL,CLAY - HAYC,CLAY - HAYC,0.999229,auto_accept
2008,CLAY - HAYESVILLE ONE,,,,unmatched_vtd_name
2008,CLAY - HAYESVILLE TWO,,,,unmatched_vtd_name
2008,CLAY - HIAWASSEE,CLAY - HIAW,CLAY - HIAW,0.998462,auto_accept
2008,CLAY - SHOOTING CREEK,CLAY - SHCR,CLAY - SHCR,0.999185,auto_accept
2008,CLAY - SWEETWATER,CLAY - SWEE,CLAY - SWEE,0.999211,auto_accept
2008,CLAY - TUSQUITTEE,CLAY - TUSQ,CLAY - TUSQ,0.999351,auto_accept
2008,CLAY - WARNE,CLAY - WARN,CLAY - WARN,0.999038,auto_accept
2008,CLEVELAND - BETHWARE,CLEVELAND - BETHWR,CLEVELAND - BETHWR,0.999584,auto_accept
2008,CLEVELAND - BOILING SPRINGS,CLEVELAND - BSPGS,CLEVELAND - BR,0.998072,auto_accept
2008,CLEVELAND - CASAR,CLEVELAND - CASAR,CLEVELAND - CASAR,0.982513,auto_accept
2008,CLEVELAND - FALLSTON,CLEVELAND - FALSTN,CLEVELAND - FALSTN,0.998805,auto_accept
2008,CLEVELAND - GROVER,CLEVELAND - GROVER,CLEVELAND - GROVER,0.993608,auto_accept
2008,CLEVELAND - HOLLY SPRINGS,,,,unmatched_vtd_name
2008,CLEVELAND - KINGS MOUNTAIN #1,CLEVELAND - KM1,CLEVELAND - KM N,0.973943,auto_accept
2008,CLEVELAND - KINGS MOUNTAIN #2,CLEVELAND - KM2,CLEVELAND - KM N,0.995159,auto_accept
2008,CLEVELAND - KINGS MOUNTAIN #3,CLEVELAND - KM3,CLEVELAND - KM S,0.998177,auto_accept
2008,CLEVELAND - KINGS MOUNTAIN #4,CLEVELAND - KM4,CLEVELAND - KM S,0.984313,auto_accept
2008,CLEVELAND - KINGSTOWN,CLEVELAND - KINGST,CLEVELAND - KINGST,0.991924,auto_accept
2008,CLEVELAND - LATTIMORE,CLEVELAND - LATT,CLEVELAND - LATT,0.989894,auto_accept
2008,CLEVELAND - LAWNDALE,CLEVELAND - LAWNDL,CLEVELAND - LAWNDL,0.993467,auto_accept
2008,CLEVELAND - MOORESBORO-YOUNG,,,,unmatched_vtd_name
2008,CLEVELAND - MULLS,CLEVELAND - MULLS,CLEVELAND - MULLS,0.994197,auto_accept
2008,CLEVELAND - OAK GROVE,CLEVELAND - OAKGR,CLEVELAND - OAKGRV,0.999946,auto_accept
2008,CLEVELAND - POLKVILLE,CLEVELAND - POLKVL,CLEVELAND - POLKVL,0.992368,auto_accept
2008,CLEVELAND - RIPPY,CLEVELAND - RIPPY,CLEVELAND - RIPPY,0.999622,auto_accept
2008,CLEVELAND - SHANGHAI,CLEVELAND - SHANGI,CLEVELAND - SHANGI,0.988021,auto_accept
2008,CLEVELAND - SHELBY #1,CLEVELAND - S1,CLEVELAND - S C,0.999999,auto_accept
2008,CLEVELAND - SHELBY #2,CLEVELAND - S2,CLEVELAND - S C,1.000000,auto_accept
2008,CLEVELAND - SHELBY #3,CLEVELAND - S3,CLEVELAND - S C,0.999937,auto_accept
2008,CLEVELAND - SHELBY #4,CLEVELAND - S4,CLEVELAND - S 4A,0.996892,auto_accept
2008,CLEVELAND - SHELBY #5,CLEVELAND - S5,CLEVELAND - S 5,0.999015,auto_accept
2008,CLEVELAND - SHELBY #6,CLEVELAND - S6,CLEVELAND - S S,0.997859,auto_accept
2008,CLEVELAND - SHELBY #7,CLEVELAND - S7,CLEVELAND - S S,0.995938,auto_accept
2008,CLEVELAND - SHELBY #8,CLEVELAND - S8,CLEVELAND - S 4A,0.999941,auto_accept
2008,CLEVELAND - TRANSFERS,,,,unmatched_vtd_name
2008,CLEVELAND - WACO,CLEVELAND - WACO,CLEVELAND - WACO,0.981756,auto_accept
2008,COLUMBUS - P01A,,,,unmatched_vtd_name
2008,COLUMBUS - P02A,,,,unmatched_vtd_name
2008,COLUMBUS - P03,,,,unmatched_vtd_name
2008,COLUMBUS - P04,,,,unmatched_vtd_name
2008,COLUMBUS - P05,,,,unmatched_vtd_name
2008,COLUMBUS - P06,,,,unmatched_vtd_name
2008,COLUMBUS - P07,,,,unmatched_vtd_name
2008,COLUMBUS - P08,,,,unmatched_vtd_name
2008,COLUMBUS - P09,,,,unmatched_vtd_name
2008,COLUMBUS - P10,,,,unmatched_vtd_name
2008,COLUMBUS - P11,,,,unmatched_vtd_name
2008,COLUMBUS - P12,,,,unmatched_vtd_name
2008,COLUMBUS - P13,,,,unmatched_vtd_name
2008,COLUMBUS - P14,,,,unmatched_vtd_name
2008,COLUMBUS - P15,,,,unmatched_vtd_name
2008,COLUMBUS - P16A,,,,unmatched_vtd_name
2008,COLUMBUS - P17,,,,unmatched_vtd_name
2008,COLUMBUS - P18,,,,unmatched_vtd_name
2008,COLUMBUS - P19,,,,unmatched_vtd_name
2008,COLUMBUS - P20,,,,unmatched_vtd_name
2008,COLUMBUS - P21,,,,unmatched_vtd_name
2008,COLUMBUS - P22,,,,unmatched_vtd_name
2008,COLUMBUS - P23,,,,unmatched_vtd_name
2008,COLUMBUS - P24,,,,unmatched_vtd_name
2008,COLUMBUS - P25A,,,,unmatched_vtd_name
2008,COLUMBUS - P26A,,,,unmatched_vtd_name
2008,CRAVEN - BRICES CREEK,CRAVEN - 21,CRAVEN - 21,0.998687,auto_accept
2008,CRAVEN - BRIDGETON,CRAVEN - 11,CRAVEN - 11,0.999402,auto_accept
2008,CRAVEN - CLARKS,CRAVEN - 6,CRAVEN - CLR4,0.983655,auto_accept
2008,CRAVEN - COVE CITY,CRAVEN - 8,CRAVEN - CFB8,0.997453,auto_accept
2008,CRAVEN - CROATAN,CRAVEN - 17,CRAVEN - 17,0.989906,auto_accept
2008,CRAVEN - DOVER,CRAVEN - 9,CRAVEN - DFB9,0.997238,auto_accept
2008,CRAVEN - EAST HAVELOCK,,,,unmatched_vtd_name
2008,CRAVEN - EPWORTH,CRAVEN - 15,CRAVEN - VE14,0.985833,auto_accept
2008,CRAVEN - ERNUL,CRAVEN - 13,CRAVEN - TE13,0.995124,auto_accept
2008,CRAVEN - FAIRFIELD HARBOUR,CRAVEN - 20,CRAVEN - 20,0.996373,auto_accept
2008,CRAVEN - FORT BARNWELL,CRAVEN - 10,,,no_crosswalk_hit
2008,CRAVEN - FORT TOTTEN,CRAVEN - N2,CRAVEN - N2,0.993864,auto_accept
2008,CRAVEN - GEORGE STREET,CRAVEN - N1,CRAVEN - N1,0.999507,auto_accept
2008,CRAVEN - GLENBURNIE PARK,CRAVEN - N5,CRAVEN - N3N5,0.999640,auto_accept
2008,CRAVEN - GRANTHAM 1A,,,,unmatched_vtd_name
2008,CRAVEN - GRANTHAM 2B,,,,unmatched_vtd_name
2008,CRAVEN - GROVER C. FIELDS,CRAVEN - N3,CRAVEN - N3N5,0.999579,auto_accept
2008,CRAVEN - H.J. MACDONALD,,,,unmatched_vtd_name
2008,CRAVEN - HARLOWE,CRAVEN - 19,CRAVEN - 19,0.999228,auto_accept
2008,CRAVEN - JASPER,CRAVEN - 7,CRAVEN - 07,0.999319,auto_accept
2008,CRAVEN - RHEMS,CRAVEN - 4,CRAVEN - CLR4,0.994116,auto_accept
2008,CRAVEN - RIVER BEND,CRAVEN - 5,CRAVEN - 05,0.999811,auto_accept
2008,CRAVEN - TRENT WOODS,CRAVEN - 3,CRAVEN - 03,0.999453,auto_accept
2008,CRAVEN - TRUITT,CRAVEN - 12,CRAVEN - TE13,0.996915,auto_accept
2008,CRAVEN - VANCEBORO,CRAVEN - 14,CRAVEN - VE14,0.994953,auto_accept
2008,CRAVEN - WEST HAVELOCK,,,,unmatched_vtd_name
2008,CRAVEN - WEST NEW BERN,CRAVEN - N6,CRAVEN - N6,0.985559,auto_accept
2008,CUMBERLAND - ALDERMAN,CUMBERLAND - AL51,,,no_crosswalk_hit
2008,CUMBERLAND - ARRAN HILLS,CUMBERLAND - AR49,CUMBERLAND - AH49,0.992437,auto_accept
2008,CUMBERLAND - AUMAN-G5,,,,unmatched_vtd_name
2008,CUMBERLAND - BEAVER DAM-G6,,,,unmatched_vtd_name
2008,CUMBERLAND - BLACK RIVER-G7,,,,unmatched_vtd_name
2008,CUMBERLAND - BRENTWOOD-G5,,,,unmatched_vtd_name
2008,CUMBERLAND - CEDAR CREEK-G6,,,,unmatched_vtd_name
2008,CUMBERLAND - CLIFFDALE WEST,CUMBERLAND - CL57,,,no_crosswalk_hit
2008,CUMBERLAND - CROSS CREEK #01,,,,unmatched_vtd_name
2008,CUMBERLAND - CROSS CREEK #02-G1,,,,unmatched_vtd_name
2008,CUMBERLAND - CROSS CREEK #03,,,,unmatched_vtd_name
2008,CUMBERLAND - CROSS CREEK #04,,,,unmatched_vtd_name
2008,CUMBERLAND - CROSS CREEK #05,,,,unmatched_vtd_name
2008,CUMBERLAND - CROSS CREEK #06,,,,unmatched_vtd_name
2008,CUMBERLAND - CROSS CREEK #07,,,,unmatched_vtd_name
2008,CUMBERLAND - CROSS CREEK #08,,,,unmatched_vtd_name
2008,CUMBERLAND - CROSS CREEK #09-G2,,,,unmatched_vtd_name
2008,CUMBERLAND - CROSS CREEK #10,CUMBERLAND - CC10,CUMBERLAND - CC10,0.998970,auto_accept
2008,CUMBERLAND - CROSS CREEK #11-G3,,,,unmatched_vtd_name
2008,CUMBERLAND - CROSS CREEK #12,CUMBERLAND - CC12,CUMBERLAND - CC12,0.999043,auto_accept
2008,CUMBERLAND - CROSS CREEK #13,CUMBERLAND - CC13,CUMBERLAND - CC13,0.999296,auto_accept
2008,CUMBERLAND - CROSS CREEK #14,CUMBERLAND - CC14,CUMBERLAND - CC14,0.999436,auto_accept
2008,CUMBERLAND - CROSS CREEK #15,CUMBERLAND - CC15,CUMBERLAND - CC15,0.999029,auto_accept
2008,CUMBERLAND - CROSS CREEK #16,CUMBERLAND - CC16,CUMBERLAND - CC16,0.999371,auto_accept
2008,CUMBERLAND - CROSS CREEK #17,CUMBERLAND - CC17,CUMBERLAND - CC17,0.992746,auto_accept
2008,CUMBERLAND - CROSS CREEK #18,CUMBERLAND - CC18,CUMBERLAND - CC18,0.999162,auto_accept
2008,CUMBERLAND - CROSS CREEK #19,CUMBERLAND - CC19,CUMBERLAND - CC519,0.999614,auto_accept
2008,CUMBERLAND - CROSS CREEK #20-G4,,,,unmatched_vtd_name
2008,CUMBERLAND - CROSS CREEK #21,CUMBERLAND - CC21,CUMBERLAND - CC21,0.999537,auto_accept
2008,CUMBERLAND - CROSS CREEK #22-G2,,,,unmatched_vtd_name
2008,CUMBERLAND - CROSS CREEK #23-G2,,,,unmatched_vtd_name
2008,CUMBERLAND - CROSS CREEK #24,CUMBERLAND - CC24,CUMBERLAND - CC24,0.999093,auto_accept
2008,CUMBERLAND - CROSS CREEK #25,CUMBERLAND - CC25,CUMBERLAND - CC25,0.953316,auto_accept
2008,CUMBERLAND - CROSS CREEK #26,CUMBERLAND - CC26,CUMBERLAND - CC26,0.971286,auto_accept
2008,CUMBERLAND - CROSS CREEK #27,CUMBERLAND - CC27,CUMBERLAND - CC27,0.992358,auto_accept
2008,CUMBERLAND - CROSS CREEK #28-G5,,,,unmatched_vtd_name
2008,CUMBERLAND - CROSS CREEK #29,CUMBERLAND - CC29,CUMBERLAND - CC29,0.991409,auto_accept
2008,CUMBERLAND - CROSS CREEK #30-G4,,,,unmatched_vtd_name
2008,CUMBERLAND - CROSS CREEK #31,CUMBERLAND - CC31,CUMBERLAND - CC31,0.980685,auto_accept
2008,CUMBERLAND - CROSS CREEK #32,CUMBERLAND - CC32,CUMBERLAND - CC32,0.999508,auto_accept
2008,CUMBERLAND - CROSS CREEK #33,CUMBERLAND - CC33,CUMBERLAND - CC33,0.997602,auto_accept
2008,CUMBERLAND - CROSS CREEK #34,CUMBERLAND - CC34,CUMBERLAND - CC34,0.999112,auto_accept
2008,CUMBERLAND - CUMBERLAND #1A-G8,,,,unmatched_vtd_name
2008,CUMBERLAND - CUMBERLAND #2,CUMBERLAND - CU2,CUMBERLAND - CU02,0.967277,auto_accept
2008,CUMBERLAND - CUMBERLAND #3-G8,,,,unmatched_vtd_name
2008,CUMBERLAND - CUMBERLAND #4-G8,,,,unmatched_vtd_name
2008,CUMBERLAND - EASTOVER #1,,,,unmatched_vtd_name
2008,CUMBERLAND - EASTOVER #2,,,,unmatched_vtd_name
2008,CUMBERLAND - HOPE MILLS #1A-G8,,,,unmatched_vtd_name
2008,CUMBERLAND - HOPE MILLS #2-G9,,,,unmatched_vtd_name
2008,CUMBERLAND - HOPE MILLS #3-G9,,,,unmatched_vtd_name
2008,CUMBERLAND - HOPE MILLS #4-G10,,,,unmatched_vtd_name
2008,CUMBERLAND - JUDSON-VANDER-G1,,,,unmatched_vtd_name
2008,CUMBERLAND - LAKE RIM,CUMBERLAND - LR63,CUMBERLAND - LR63,0.999548,auto_accept
2008,CUMBERLAND - LINDEN,CUMBERLAND - LI65,CUMBERLAND - LI65,0.999362,auto_accept
2008,CUMBERLAND - LONGHILL-G2,,,,unmatched_vtd_name
2008,CUMBERLAND - MANCHESTER-G11,,,,unmatched_vtd_name
2008,CUMBERLAND - MONTIBELLO,CUMBERLAND - MB62,CUMBERLAND - MB62,0.985686,auto_accept
2008,CUMBERLAND - MORGANTON RD #2,,,,unmatched_vtd_name
2008,CUMBERLAND - PEARCES MILL #2-G3,,,,unmatched_vtd_name
2008,CUMBERLAND - PEARCES MILL #3-G3,,,,unmatched_vtd_name
2008,CUMBERLAND - PEARCES MILL #4-G4,,,,unmatched_vtd_name
2008,CUMBERLAND - SHERWOOD,CUMBERLAND - SH77,CUMBERLAND - SH77,0.999778,auto_accept
2008,CUMBERLAND - SPRING LAKE-G11,,,,unmatched_vtd_name
2008,CUMBERLAND - STEDMAN-G6,,,,unmatched_vtd_name
2008,CUMBERLAND - STONEY POINT #1-G10,,,,unmatched_vtd_name
2008,CUMBERLAND - STONEY POINT #2-G10,,,,unmatched_vtd_name
2008,CUMBERLAND - WADE-G7,,,,unmatched_vtd_name
2008,CUMBERLAND - WESTAREA-G2,,,,unmatched_vtd_name
2008,CURRITUCK - CAROVA BEACH,,,,unmatched_vtd_name
2008,CURRITUCK - CHURCHS ISLAND,CURRITUCK - CI,CURRITUCK - CO,0.999791,auto_accept
2008,CURRITUCK - COINJOCK,CURRITUCK - CJ,CURRITUCK - CO,0.999893,auto_accept
2008,CURRITUCK - COURTHOUSE,CURRITUCK - CH,CURRITUCK - CH,0.993433,auto_accept
2008,CURRITUCK - GIBBS WOODS,CURRITUCK - GW,CURRITUCK - GW,0.998477,auto_accept
2008,CURRITUCK - INDIAN RIDGE,CURRITUCK - IR,CURRITUCK - IR,0.998911,auto_accept
2008,CURRITUCK - KNOTTS ISLAND,CURRITUCK - KI,CURRITUCK - KI,0.999288,auto_accept
2008,CURRITUCK - MOYOCK,CURRITUCK - MY,,,no_crosswalk_hit
2008,CURRITUCK - POPLAR BRANCH,CURRITUCK - PB,CURRITUCK - PB,0.999701,auto_accept
2008,CURRITUCK - POWELLS POINT,CURRITUCK - PP,CURRITUCK - PP,0.993775,auto_accept
2008,CURRITUCK - WHALEHEAD,CURRITUCK - WH,CURRITUCK - WH,0.999928,auto_accept
2008,DARE - AVON,DARE - AVON,,,no_crosswalk_hit
2008,DARE - BUXTON,DARE - BUX,DARE - BUX,0.998445,auto_accept
2008,DARE - CHICAMACOMICO,DARE - CHICA,DARE - CHCA,1.000000,auto_accept
2008,DARE - COLINGTON,DARE - COL,,,no_crosswalk_hit
2008,DARE - DUCK,DARE - DUCK,DARE - DUCK,0.999862,auto_accept
2008,DARE - EAST LAKE,DARE - EL,DARE - EL,0.992034,auto_accept
2008,DARE - FRISCO,DARE - FR,DARE - FRCO,0.996285,auto_accept
2008,DARE - HATTERAS,DARE - HAT,,,no_crosswalk_hit
2008,DARE - KILL DEVIL HILLS,DARE - KDH,DARE - KDH,0.998339,auto_accept
2008,DARE - KITTY HAWK,DARE - KH,DARE - KTHK,0.999854,auto_accept
2008,DARE - MANNS HARBOR,DARE - MH,,,no_crosswalk_hit
2008,DARE - MANTEO,,,,ambiguous_vtd_name
2008,DARE - NAGS HEAD,DARE - NH,DARE - NGHD,0.999975,auto_accept
2008,DARE - SOUTHERN SHORES,DARE - SOSHS,,,no_crosswalk_hit
2008,DARE - STUMPY POINT,DARE - STPT,DARE - STPT,0.999892,auto_accept
2008,DARE - WANCHESE,DARE - WAN,DARE - WAN,1.000000,auto_accept
2008,DAVIDSON - ABBOTTS CREEK 1 #86,,,,unmatched_vtd_name
2008,DAVIDSON - ABBOTTS CREEK 2 #88,,,,unmatched_vtd_name
2008,DAVIDSON - ARCADIA #04,DAVIDSON - 04,DAVIDSON - 04,0.999301,auto_accept
2008,DAVIDSON - BOONE #06,DAVIDSON - 06,DAVIDSON - 06,0.996972,auto_accept
2008,DAVIDSON - CENTRAL #08,DAVIDSON - 08,DAVIDSON - 08,0.989199,auto_accept
2008,DAVIDSON - COTTON GROVE #10,DAVIDSON - 10,DAVIDSON - 10,0.998072,auto_accept
2008,DAVIDSON - DENTON #12,DAVIDSON - 12,DAVIDSON - 12,0.998407,auto_accept
2008,DAVIDSON - EMMONS #14,DAVIDSON - 14,DAVIDSON - 14,0.991647,auto_accept
2008,DAVIDSON - GUMTREE #16,DAVIDSON - 16,DAVIDSON - 16,0.998350,auto_accept
2008,DAVIDSON - HEALING SPRINGS #18,DAVIDSON - 18,DAVIDSON - 18,0.997077,auto_accept
2008,DAVIDSON - HOLLY GROVE #20,DAVIDSON - 20,DAVIDSON - 20,0.999291,auto_accept
2008,DAVIDSON - LEXINGTON 1 #22,DAVIDSON - 22,DAVIDSON - 22,0.989036,auto_accept
2008,DAVIDSON - LEXINGTON 2 #24,DAVIDSON - 24,DAVIDSON - 24,0.991212,auto_accept
2008,DAVIDSON - LEXINGTON 3 #26,DAVIDSON - 26,DAVIDSON - 26,0.995940,auto_accept
2008,DAVIDSON - LEXINGTON 4 #28,DAVIDSON - 28,DAVIDSON - 28,0.997530,auto_accept
2008,DAVIDSON - LIBERTY #42,DAVIDSON - 42,DAVIDSON - 42,0.994839,auto_accept
2008,DAVIDSON - MIDWAY #44,DAVIDSON - 44,DAVIDSON - 44,0.999668,auto_accept
2008,DAVIDSON - NORTH DAVIDSON #46,DAVIDSON - 46,DAVIDSON - 46,0.999716,auto_accept
2008,DAVIDSON - REEDS/YADKIN COLLEGE #48,DAVIDSON - 48,DAVIDSON - 48,0.998812,auto_accept
2008,DAVIDSON - REEDY CREEK #50,DAVIDSON - 50,DAVIDSON - 50,0.999490,auto_accept
2008,DAVIDSON - SILVER HILL #52,DAVIDSON - 52,DAVIDSON - 52,0.982055,auto_accept
2008,DAVIDSON - SILVER VALLEY #54,DAVIDSON - 54,DAVIDSON - 54,0.995389,auto_accept
2008,DAVIDSON - SOUTH DAVIDSON #56,DAVIDSON - 56,DAVIDSON - 56,0.998649,auto_accept
2008,DAVIDSON - SOUTHMONT #58,DAVIDSON - 58,DAVIDSON - 58,0.996036,auto_accept
2008,DAVIDSON - THOMASVILLE 1 #60,DAVIDSON - 60,DAVIDSON - 60,0.997262,auto_accept
2008,DAVIDSON - THOMASVILLE 10 #76,DAVIDSON - 76,DAVIDSON - 76,0.994713,auto_accept
2008,DAVIDSON - THOMASVILLE 2 #62,DAVIDSON - 62,DAVIDSON - 62,0.999656,auto_accept
2008,DAVIDSON - THOMASVILLE 3 #64,DAVIDSON - 64,DAVIDSON - 64,0.996466,auto_accept
2008,DAVIDSON - THOMASVILLE 4 #66,DAVIDSON - 66,DAVIDSON - 66,0.990731,auto_accept
2008,DAVIDSON - THOMASVILLE 5 #68,DAVIDSON - 68,DAVIDSON - 68,0.996998,auto_accept
2008,DAVIDSON - THOMASVILLE 7 #70,DAVIDSON - 70,DAVIDSON - 70,0.999189,auto_accept
2008,DAVIDSON - THOMASVILLE 8 #72,DAVIDSON - 72,DAVIDSON - 72,0.998050,auto_accept
2008,DAVIDSON - THOMASVILLE 9 #74,DAVIDSON - 74,DAVIDSON - 74,0.999688,auto_accept
2008,DAVIDSON - TYRO #78,DAVIDSON - 78,DAVIDSON - 78,0.998390,auto_accept
2008,DAVIDSON - WALLBURG #80,DAVIDSON - 80,DAVIDSON - 80A,0.999733,auto_accept
2008,DAVIDSON - WARD 1 #30,DAVIDSON - 30,DAVIDSON - 30,0.994863,auto_accept
2008,DAVIDSON - WARD 2 #32,DAVIDSON - 32,DAVIDSON - 32,0.985471,auto_accept
2008,DAVIDSON - WARD 3 #34,DAVIDSON - 34,DAVIDSON - 34,0.959882,auto_accept
2008,DAVIDSON - WARD 4 #36,DAVIDSON - 36,DAVIDSON - 36,0.988715,auto_accept
2008,DAVIDSON - WARD 5 #38,DAVIDSON - 38,DAVIDSON - 38,0.983062,auto_accept
2008,DAVIDSON - WARD 6 #40,DAVIDSON - 40,DAVIDSON - 40,0.985413,auto_accept
2008,DAVIDSON - WELCOME #82,DAVIDSON - 82,DAVIDSON - 82,0.999227,auto_accept
2008,DAVIDSON - WEST ARCADIA #84,DAVIDSON - 84,DAVIDSON - 84,0.997796,auto_accept
2008,DAVIE - CLARKSVILLE,DAVIE - CLARKS,DAVIE - 03,0.994988,auto_accept
2008,DAVIE - COOLEEMEE,DAVIE - COOL,DAVIE - 04,0.994581,auto_accept
2008,DAVIE - EAST SHADY GROVE,DAVIE - ESG,DAVIE - 11,0.991892,auto_accept
2008,DAVIE - FARMINGTON,DAVIE - FARM,DAVIE - 05,0.995024,auto_accept
2008,DAVIE - FULTON,DAVIE - FUL,DAVIE - 06,0.997624,auto_accept
2008,DAVIE - HILLSDALE,DAVIE - HILLS,DAVIE - 13,0.997062,auto_accept
2008,DAVIE - JERUSALEM,DAVIE - JER,DAVIE - 07,0.996207,auto_accept
2008,DAVIE - NORTH CALAHALN,DAVIE - NCAL,DAVIE - 01,0.986544,auto_accept
2008,DAVIE - NORTH MOCKS-CITY,,,,unmatched_vtd_name
2008,DAVIE - NORTH MOCKS-COUNTY,,,,unmatched_vtd_name
2008,DAVIE - SMITH GROVE,DAVIE - SG,DAVIE - 12,0.991347,auto_accept
2008,DAVIE - SOUTH CALAHALN,DAVIE - SCAL,DAVIE - 02,0.994469,auto_accept
2008,DAVIE - SOUTH MOCKSVILLE,DAVIE - SM,DAVIE - 09,0.999136,auto_accept
2008,DAVIE - WEST SHADY GROVE,DAVIE - WSG,DAVIE - 10,0.996989,auto_accept
2008,DUPLIN - ALBERTSON,DUPLIN - ALBE,DUPLIN - ALBE,0.990864,auto_accept
2008,DUPLIN - BEULAVILLE,DUPLIN - BEUL,DUPLIN - BEUL,0.999258,auto_accept
2008,DUPLIN - CALYPSO,DUPLIN - CALY,DUPLIN - CALY,0.997798,auto_accept
2008,DUPLIN - CEDAR FORK,DUPLIN - CFRK,DUPLIN - CFRK,0.992217,auto_accept
2008,DUPLIN - CHARITY,DUPLIN - CHAR,DUPLIN - CHAR,1.000000,auto_accept
2008,DUPLIN - CHINQUAPIN,DUPLIN - CHIN,DUPLIN - CHIN,0.988842,auto_accept
2008,DUPLIN - CYPRESS CREEK,DUPLIN - CCRK,DUPLIN - CYCK,0.993668,auto_accept
2008,DUPLIN - FAISON,DUPLIN - FAIS,DUPLIN - FAIS,0.995436,auto_accept
2008,DUPLIN - GLISSON,DUPLIN - GLIS,DUPLIN - GLIS,0.999970,auto_accept
2008,DUPLIN - HALLSVILLE,DUPLIN - HALL,DUPLIN - HALL,1.000000,auto_accept
2008,DUPLIN - KENANSVILLE,DUPLIN - KENA,DUPLIN - KENA,1.000000,auto_accept
2008,DUPLIN - LOCKLIN,DUPLIN - LOCK,DUPLIN - LOCK,0.994179,auto_accept
2008,DUPLIN - MAGNOLIA,DUPLIN - MAGN,DUPLIN - MAGN,0.993305,auto_accept
2008,DUPLIN - ROCKFISH,DUPLIN - ROCK,DUPLIN - ROCK,0.986163,auto_accept
2008,DUPLIN - ROSE HILL,DUPLIN - ROSE,DUPLIN - ROSE,0.999921,auto_accept
2008,DUPLIN - SMITH/CABIN,DUPLIN - SMCA,DUPLIN - SMCA,0.998373,auto_accept
2008,DUPLIN - WALLACE,DUPLIN - WALL,DUPLIN - WALL,0.998406,auto_accept
2008,DUPLIN - WARSAW,DUPLIN - WARS,DUPLIN - WARS,0.996450,auto_accept
2008,DUPLIN - WOLFSCRAPE,DUPLIN - WOLF,DUPLIN - WOLF,0.999121,auto_accept
2008,DURHAM - 01 - BROGDEN MIDDLE SCHOOL,DURHAM - 1,DURHAM - 01,0.995465,auto_accept
2008,DURHAM - 02 - GEORGE WATTS ELEMENTARY,DURHAM - 2,DURHAM - 02,0.999974,auto_accept
2008,DURHAM - 03 - E  K  POWE ELEMENTARY,DURHAM - 3,DURHAM - 03,0.999999,auto_accept
2008,DURHAM - 04 - SCHOOL OF SCIENCE AND MATH,DURHAM - 4,DURHAM - 04,0.997772,auto_accept
2008,DURHAM - 05 - PATTERSON REC CENTER,DURHAM - 5,DURHAM - 05,1.000000,auto_accept
2008,DURHAM - 06 - LAKEWOOD SCHOOL,DURHAM - 6,DURHAM - 06,0.999999,auto_accept
2008,DURHAM - 07 - SCHOOL OF THE ARTS,DURHAM - 7,DURHAM - 07,0.999999,auto_accept
2008,DURHAM - 08 - MOREHEAD MONTESSORI,DURHAM - 8,DURHAM - 08,0.997122,auto_accept
2008,DURHAM - 09 - FOREST HILLS CLUB HOUSE,DURHAM - 9,DURHAM - 09,0.990443,auto_accept
2008,DURHAM - 10 - C C SPAULDING SCHOOL,DURHAM - 10,DURHAM - 10,0.999485,auto_accept
2008,DURHAM - 12 - MONUMENT OF FAITH CHURCH,DURHAM - 12,DURHAM - 12,0.999998,auto_accept
2008,DURHAM - 13 - BURTON ELEMENTARY,DURHAM - 13,DURHAM - 13,0.999132,auto_accept
2008,DURHAM - 14 - Y E SMITH SCHOOL,DURHAM - 14,DURHAM - 14,0.965969,auto_accept
2008,DURHAM - 15 - MT CALVARY CHURCH,DURHAM - 15,DURHAM - 15,0.999999,auto_accept
2008,DURHAM - 16 - HOLY INFANT CATHOLIC,DURHAM - 16,DURHAM - 16,0.999999,auto_accept
2008,DURHAM - 17 - COUNTY MAIN LIBRARY,DURHAM - 17,DURHAM - 17,0.999999,auto_accept
2008,DURHAM - 18 - FIRST UNITED ANTIOCH,DURHAM - 18,DURHAM - 18,0.999997,auto_accept
2008,DURHAM - 19 - AMERICAN LEGION POST #7,,,,ambiguous_extracted_code
2008,DURHAM - 20 - COUNTY AGRICULTURAL BUILD,DURHAM - 20,DURHAM - 20,0.999998,auto_accept
2008,DURHAM - 21 - CLUB BOULEVARD SCHOOL,DURHAM - 21,DURHAM - 21,0.999344,auto_accept
2008,DURHAM - 22 - VFW POST 2740,DURHAM - 22,DURHAM - 22,0.999373,auto_accept
2008,DURHAM - 23 - THE RIVER CHURCH,DURHAM - 23,DURHAM - 23,0.999867,auto_accept
2008,DURHAM - 24 - DPS STAFF DEVELOPMENT CEN,DURHAM - 24,DURHAM - 24,0.999904,auto_accept
2008,DURHAM - 25 - NORTHERN HIGH SCHOOL,DURHAM - 25,DURHAM - 25,0.999635,auto_accept
2008,DURHAM - 26 - ROUGEMONT STA - BAHAMA VF,DURHAM - 26,DURHAM - 26,0.999633,auto_accept
2008,DURHAM - 27 - CREEKSIDE ELEMENTARY,DURHAM - 27,DURHAM - 27,0.967283,auto_accept
2008,DURHAM - 28 - BAHAMA RURITAN CLUB,DURHAM - 28,DURHAM - 28,0.999538,auto_accept
2008,DURHAM - 29 - GLENN ELEMENTARY,DURHAM - 29,DURHAM - 29,0.994540,auto_accept
2008,DURHAM - 30-1 - OAK GROVE ELEMENTARY,DURHAM - 30,,,no_crosswalk_hit
2008,DURHAM - 30-2 - SOUTHERN HIGH SCHOOL,DURHAM - 30,,,no_crosswalk_hit
2008,DURHAM - 31 - BETHESDA RURITAN CLUB,DURHAM - 31,DURHAM - 31,0.998170,auto_accept
2008,DURHAM - 32 - NEAL MIDDLE SCHOOL,DURHAM - 32,DURHAM - 32,0.982547,auto_accept
2008,DURHAM - 33 - LOWES GROVE BAPTIST,DURHAM - 33,,,no_crosswalk_hit
2008,DURHAM - 34 - PEARSONTOWN ELEMENTARY,DURHAM - 34,,,no_crosswalk_hit
2008,DURHAM - 35-1 - PARKWOOD VOL FIRE DEPT,DURHAM - 35,,,no_crosswalk_hit
2008,DURHAM - 35-2 - SOUTHPOINT VILLAGE APT,DURHAM - 35,,,no_crosswalk_hit
2008,DURHAM - 36 - YATES BAPTIST CHURCH,DURHAM - 36,DURHAM - 36,0.999999,auto_accept
2008,DURHAM - 37 - COLE MILL CHURCH,DURHAM - 37,DURHAM - 37,0.988653,auto_accept
2008,DURHAM - 38 - HOPE VALLEY BAPTIST,DURHAM - 38,DURHAM - 38,0.999460,auto_accept
2008,DURHAM - 39 - ST. STEPHENS EPIS.,DURHAM - 39,DURHAM - 56,1.000000,auto_accept
2008,DURHAM - 40 - ROGERS-HERR MIDDLE SCHOOL,DURHAM - 40,DURHAM - 40,0.999997,auto_accept
2008,DURHAM - 41 - WHITE ROCK BAPTIST CHURCH,DURHAM - 41,DURHAM - 41,0.999999,auto_accept
2008,DURHAM - 42 - SHEPHARD MAGNET SCHOOL,DURHAM - 42,DURHAM - 42,0.999945,auto_accept
2008,DURHAM - 43 - FOREST VIEW ELEMENTARY,DURHAM - 43,DURHAM - 43,0.989153,auto_accept
2008,DURHAM - 44 - CARRINGTON MIDDLE SCHOOL,DURHAM - 44,DURHAM - 44,0.998920,auto_accept
2008,DURHAM - 45 - TEMPLE BAPTIST CHURCH,DURHAM - 45,DURHAM - 45,0.999888,auto_accept
2008,DURHAM - 46 - EDISON JOHNSON CENTER,DURHAM - 46,DURHAM - 46,0.999999,auto_accept
2008,DURHAM - 47 - HOLMES REC CTR - CAMPUS H,DURHAM - 47,DURHAM - 47,0.999240,auto_accept
2008,DURHAM - 48 - CHRIST THE KING MORAVIAN,DURHAM - 48,DURHAM - 56,1.000000,auto_accept
2008,DURHAM - 50 - MCMANNEN UNITED METHODIST,DURHAM - 50,DURHAM - 50,0.998299,auto_accept
2008,DURHAM - 51 - SOUTHWEST ELEMENTARY,DURHAM - 51,DURHAM - 51,0.999921,auto_accept
2008,DURHAM - 52 - EVANGEL ASSEMBLY OF GOD,DURHAM - 52,DURHAM - 52,0.999997,auto_accept
2008,DURHAM - 53-1 - TRIANGLE PRESBYTERIAN,DURHAM - 53,,,no_crosswalk_hit
2008,DURHAM - 53-2 - TRIANGLE CHURCH,DURHAM - 53,,,no_crosswalk_hit
2008,DURHAM - 54 - WATERFORD VILLAGE APTS,DURHAM - 54,DURHAM - 54,0.999999,auto_accept
2008,DURHAM - 55-11 - WEAVER STREET CENTER,,,,unmatched_vtd_name
2008,DURHAM - 55-49 - NCCU HOLY CROSS,,,,unmatched_vtd_name
2008,EDGECOMBE - BATTLEBORO,,,,unmatched_vtd_name
2008,EDGECOMBE - CONETOE,,,,unmatched_vtd_name
2008,EDGECOMBE - LAWRENCE,,,,unmatched_vtd_name
2008,EDGECOMBE - LEGGETT,,,,unmatched_vtd_name
2008,EDGECOMBE - LEWIS,,,,unmatched_vtd_name
2008,EDGECOMBE - MACCLESFIELD,,,,unmatched_vtd_name
2008,EDGECOMBE - OLD SPARTA,,,,unmatched_vtd_name
2008,EDGECOMBE - PINETOPS,,,,unmatched_vtd_name
2008,EDGECOMBE - ROCKY MOUNT 1,,,,unmatched_vtd_name
2008,EDGECOMBE - ROCKY MOUNT 2,,,,unmatched_vtd_name
2008,EDGECOMBE - ROCKY MOUNT 4,,,,unmatched_vtd_name
2008,EDGECOMBE - ROCKY MOUNT 5,,,,unmatched_vtd_name
2008,EDGECOMBE - SHARPSBURG,,,,unmatched_vtd_name
2008,EDGECOMBE - SPEED,,,,unmatched_vtd_name
2008,EDGECOMBE - TARBORO 1,,,,unmatched_vtd_name
2008,EDGECOMBE - TARBORO 2,,,,unmatched_vtd_name
2008,EDGECOMBE - TARBORO 3,,,,unmatched_vtd_name
2008,EDGECOMBE - TARBORO 4,,,,unmatched_vtd_name
2008,EDGECOMBE - TEMPERANCE HALL,,,,unmatched_vtd_name
2008,EDGECOMBE - WEST EDGECOMBE,,,,unmatched_vtd_name
2008,EDGECOMBE - WHITAKERS,,,,unmatched_vtd_name
2008,FORSYTH - 011 - GLENN HIGH SCHOOL,FORSYTH - 011,,,no_crosswalk_hit
2008,FORSYTH - 012 - UNION CROSS ELE,FORSYTH - 012,FORSYTH - 012,0.993974,auto_accept
2008,FORSYTH - 013 - SEDGE GARDEN ELE,FORSYTH - 013,FORSYTH - 013,0.999500,auto_accept
2008,FORSYTH - 014 - BEESONS CROSSROADS,FORSYTH - 014,FORSYTH - 014,0.998761,auto_accept
2008,FORSYTH - 015 - SOUTHEAST MIDDLE SCH,FORSYTH - 015,FORSYTH - 015,0.999721,auto_accept
2008,FORSYTH - 021 - BELEWS CREEK FIRE,FORSYTH - 021,FORSYTH - 021,0.998624,auto_accept
2008,FORSYTH - 031 - RURAL HALL ELE,FORSYTH - 031,FORSYTH - 031,0.997127,auto_accept
2008,FORSYTH - 032 - NORTHWEST MIDDLE SCH,FORSYTH - 032,FORSYTH - 032,0.996514,auto_accept
2008,FORSYTH - 033 - ST ANDREWS PRES,FORSYTH - 033,FORSYTH - 033,0.992868,auto_accept
2008,FORSYTH - 034 - KINGSWOOD UNITED METH,FORSYTH - 034,FORSYTH - 034,0.997977,auto_accept
2008,FORSYTH - 042 - FELLOWSHIP BAPTIST,FORSYTH - 042,FORSYTH - 042,0.996855,auto_accept
2008,FORSYTH - 043 - FRIEDLAND MORAVIAN,FORSYTH - 043,FORSYTH - 043,0.998539,auto_accept
2008,FORSYTH - 051 - CLEMMONS ELE,FORSYTH - 051,FORSYTH - 051,0.999049,auto_accept
2008,FORSYTH - 052 - CLEMMONS PRESBYTERIAN,FORSYTH - 052,FORSYTH - 052,0.998265,auto_accept
2008,FORSYTH - 053 - VFW POST 9010,FORSYTH - 053,FORSYTH - 053,0.978859,auto_accept
2008,FORSYTH - 054 - CLEMMONS CIVIC CTR,FORSYTH - 054,FORSYTH - 054,0.999051,auto_accept
2008,FORSYTH - 055 - HOLY FAMILY CATHOLIC,FORSYTH - 055,FORSYTH - 055,0.990805,auto_accept
2008,FORSYTH - 061 - KERNERSVILLE LIBRARY,FORSYTH - 061,FORSYTH - 061,0.997237,auto_accept
2008,FORSYTH - 062 - PINEY GROVE FIRE,FORSYTH - 062,FORSYTH - 062,0.999643,auto_accept
2008,FORSYTH - 063 - CASH ELEMENTARY,FORSYTH - 063,FORSYTH - 063,0.999700,auto_accept
2008,FORSYTH - 064 - KERNERSVILLE ELE,FORSYTH - 064,FORSYTH - 064,0.999172,auto_accept
2008,FORSYTH - 065 - KERNERSVILLE 7TH DAY,FORSYTH - 065,FORSYTH - 065,0.999481,auto_accept
2008,FORSYTH - 066 - PINEY GROVE ELE,FORSYTH - 066,FORSYTH - 066,0.998817,auto_accept
2008,FORSYTH - 067 - KERNERSVILLE REC,FORSYTH - 067,FORSYTH - 067,0.998064,auto_accept
2008,FORSYTH - 068 - GOOD SHEP MORAVIAN,FORSYTH - 068,FORSYTH - 068,0.999549,auto_accept
2008,FORSYTH - 071 - LEWISVILLE ELE,FORSYTH - 071,FORSYTH - 071,0.999509,auto_accept
2008,FORSYTH - 072 - SOUTHWEST ELE,FORSYTH - 072,,,no_crosswalk_hit
2008,FORSYTH - 073 - UNITY MORAVIAN,FORSYTH - 073,FORSYTH - 073,0.997249,auto_accept
2008,FORSYTH - 074 - MEADOWLARK MIDDLE,FORSYTH - 074,FORSYTH - 074,0.995808,auto_accept
2008,FORSYTH - 075 - NEW HOPE AMEZ,FORSYTH - 075,FORSYTH - 075,0.999254,auto_accept
2008,FORSYTH - 081 - OAK SUMMIT UNITED,FORSYTH - 081,FORSYTH - 081,0.999712,auto_accept
2008,FORSYTH - 082 - EAST FORSYTH HIGH,FORSYTH - 082,,,no_crosswalk_hit
2008,FORSYTH - 083 - IBRAHAM ELE,FORSYTH - 083,FORSYTH - 083,0.999600,auto_accept
2008,FORSYTH - 091 - TOBACCOVILLE COMM,FORSYTH - 091,FORSYTH - 091,0.998386,auto_accept
2008,FORSYTH - 092 - MACEDONIA BAPTIST,FORSYTH - 092,FORSYTH - 092,0.998141,auto_accept
2008,FORSYTH - 101 - BETHANIA MORAVIAN,FORSYTH - 101,FORSYTH - 101,0.988127,auto_accept
2008,FORSYTH - 111 - PROVIDENCE MORAVIAN,FORSYTH - 111,FORSYTH - 111,0.998866,auto_accept
2008,FORSYTH - 112 - WALKERTOWN LIBRARY,FORSYTH - 112,FORSYTH - 112,0.998514,auto_accept
2008,FORSYTH - 122 - GRIFFITH FIRE,FORSYTH - 122,,,no_crosswalk_hit
2008,FORSYTH - 123 - FORSYTH FRIENDS,FORSYTH - 123,FORSYTH - 123,0.991267,auto_accept
2008,FORSYTH - 131 - VIENNA ELE,FORSYTH - 131,FORSYTH - 131,0.999229,auto_accept
2008,FORSYTH - 132 - PFAFFTOWN CHRISTIAN,FORSYTH - 132,FORSYTH - 132,0.997692,auto_accept
2008,FORSYTH - 133 - SHILOH LUTHERAN,FORSYTH - 133,,,no_crosswalk_hit
2008,FORSYTH - 201 - BROWN-DOUGLAS REC,FORSYTH - 201,,,no_crosswalk_hit
2008,FORSYTH - 203 - MARTIN LUTHER KING REC,FORSYTH - 203,FORSYTH - 203,0.999081,auto_accept
2008,FORSYTH - 204 - HOME AND GARDEN,FORSYTH - 204,FORSYTH - 204,0.999439,auto_accept
2008,FORSYTH - 205 - PAISLEY MIDDLE SCHOOL,FORSYTH - 205,FORSYTH - 205,0.999232,auto_accept
2008,FORSYTH - 206 - NORTH HILLS ELE,FORSYTH - 206,FORSYTH - 206,0.999593,auto_accept
2008,FORSYTH - 207 - NEW HOPE UNITED METHO,FORSYTH - 207,FORSYTH - 207,0.999459,auto_accept
2008,FORSYTH - 301 - ASHLEY ELE,FORSYTH - 301,FORSYTH - 301,0.998679,auto_accept
2008,FORSYTH - 302 - HANES-LOWRANCE MIDDLE,FORSYTH - 302,FORSYTH - 302,0.999261,auto_accept
2008,FORSYTH - 303 - JOHN WESLEY AME,FORSYTH - 303,FORSYTH - 303,0.995750,auto_accept
2008,FORSYTH - 304 - FORSYTH TECH WOODRUFF,FORSYTH - 304,FORSYTH - 304,0.998707,auto_accept
2008,FORSYTH - 305 - CARVER HIGH,FORSYTH - 305,FORSYTH - 305,0.999326,auto_accept
2008,FORSYTH - 306 - MINERAL SPRINGS ELEM,FORSYTH - 306,FORSYTH - 306,0.996381,auto_accept
2008,FORSYTH - 401 - WINSTON LAKE YMCA,FORSYTH - 401,FORSYTH - 401,0.978675,auto_accept
2008,FORSYTH - 402 - 14TH STREET REC,FORSYTH - 402,FORSYTH - 402,0.999002,auto_accept
2008,FORSYTH - 403 - LEAP ACADEMY,FORSYTH - 403,FORSYTH - 403,0.998996,auto_accept
2008,FORSYTH - 404 - EAST WINSTON HERITAGE,FORSYTH - 404,FORSYTH - 404,0.997770,auto_accept
2008,FORSYTH - 405 - SIMS RECREATION CTR,FORSYTH - 405,FORSYTH - 405,0.999028,auto_accept
2008,FORSYTH - 501 - ST ANDREWS METHODIST,FORSYTH - 501,FORSYTH - 501,0.999349,auto_accept
2008,FORSYTH - 502 - FOREST PARK ELE,FORSYTH - 502,FORSYTH - 502,0.998790,auto_accept
2008,FORSYTH - 503 - TRINITY MORAVIAN,FORSYTH - 503,FORSYTH - 503,0.994466,auto_accept
2008,FORSYTH - 504 - HILL MIDDLE SCHOOL,FORSYTH - 504,FORSYTH - 504,0.999052,auto_accept
2008,FORSYTH - 505 - EASTON ELEMENTARY,FORSYTH - 505,FORSYTH - 505,0.999490,auto_accept
2008,FORSYTH - 506 - COVENANT PRES,FORSYTH - 506,FORSYTH - 506,0.999192,auto_accept
2008,FORSYTH - 507 - SEDGE GARDEN REC,FORSYTH - 507,,,no_crosswalk_hit
2008,FORSYTH - 601 - PIEDMONT BAPTIST COLL,FORSYTH - 601,FORSYTH - 601,0.950162,auto_accept
2008,FORSYTH - 602 - FIRST ALLIANCE CHURCH,FORSYTH - 602,FORSYTH - 602,0.999276,auto_accept
2008,FORSYTH - 603 - LATHAM ELE,FORSYTH - 603,FORSYTH - 603,0.999379,auto_accept
2008,FORSYTH - 604 - WSFC SCHOOLS ADMIN,FORSYTH - 604,FORSYTH - 604,0.999168,auto_accept
2008,FORSYTH - 605 - PARKLAND HIGH,FORSYTH - 605,FORSYTH - 605,0.998549,auto_accept
2008,FORSYTH - 606 - PHILO MIDDLE,FORSYTH - 606,FORSYTH - 606,0.999319,auto_accept
2008,FORSYTH - 607 - WESTVIEW BAPTIST,FORSYTH - 607,FORSYTH - 607,0.999246,auto_accept
2008,FORSYTH - 701 - FIRST CHRISTIAN,FORSYTH - 701,FORSYTH - 701,0.999021,auto_accept
2008,FORSYTH - 702 - MILLER PARK REC,FORSYTH - 702,FORSYTH - 702,0.996942,auto_accept
2008,FORSYTH - 703 - ARDMORE BAPTIST,FORSYTH - 703,FORSYTH - 703,0.992312,auto_accept
2008,FORSYTH - 704 - PARKWAY UNITED CHURCH,FORSYTH - 704,FORSYTH - 704,0.998974,auto_accept
2008,FORSYTH - 705 - FORSYTH TECH WEST,FORSYTH - 705,FORSYTH - 705,0.997021,auto_accept
2008,FORSYTH - 706 - SOUTH FORK ELE,FORSYTH - 706,FORSYTH - 706,0.997098,auto_accept
2008,FORSYTH - 707 - GREEK ORTHODOX,FORSYTH - 707,FORSYTH - 707,0.998931,auto_accept
2008,FORSYTH - 708 - LITTLE CREEK REC,FORSYTH - 708,FORSYTH - 708,0.998970,auto_accept
2008,FORSYTH - 709 - WARD ELE,FORSYTH - 709,FORSYTH - 709,0.999253,auto_accept
2008,FORSYTH - 801 - POLO PARK REC CTR,FORSYTH - 801,FORSYTH - 801,0.999040,auto_accept
2008,FORSYTH - 802 - SUMMIT SCHOOL,FORSYTH - 802,FORSYTH - 802,0.999177,auto_accept
2008,FORSYTH - 803 - WHITAKER ELEMENTARY,FORSYTH - 803,FORSYTH - 803,0.999217,auto_accept
2008,FORSYTH - 804 - SHERWOOD FOREST ELE,FORSYTH - 804,FORSYTH - 804,0.987550,auto_accept
2008,FORSYTH - 805 - MESSIAH MORAVIAN,FORSYTH - 805,FORSYTH - 805,0.999123,auto_accept
2008,FORSYTH - 806 - TRINITY UNITED MET,FORSYTH - 806,FORSYTH - 806,0.998475,auto_accept
2008,FORSYTH - 807 - CALVARY BAPTIST,FORSYTH - 807,FORSYTH - 807,0.998891,auto_accept
2008,FORSYTH - 808 - 1ST 7TH DAY ADVENTIST,FORSYTH - 808,FORSYTH - 808,0.999133,auto_accept
2008,FORSYTH - 809 - JEFFERSON MIDDLE,FORSYTH - 809,FORSYTH - 809,0.998434,auto_accept
2008,FORSYTH - 901 - REYNOLDS HIGH,FORSYTH - 901,FORSYTH - 901,0.999295,auto_accept
2008,FORSYTH - 902 - BRUNSON ELE,FORSYTH - 902,FORSYTH - 902,0.998945,auto_accept
2008,FORSYTH - 903 - HANES COMM CTR,FORSYTH - 903,FORSYTH - 903,0.999232,auto_accept
2008,FORSYTH - 904 - MISSION HISPANA,FORSYTH - 904,FORSYTH - 904,0.999322,auto_accept
2008,FORSYTH - 905 - BETHABARA MORAVIAN,FORSYTH - 905,FORSYTH - 905,0.998685,auto_accept
2008,FORSYTH - 906 - MT TABOR HIGH,FORSYTH - 906,FORSYTH - 906,0.997154,auto_accept
2008,FORSYTH - 907 - ST ANNES EPIS,FORSYTH - 907,FORSYTH - 907,0.999345,auto_accept
2008,FORSYTH - 908 - OLD TOWN BAPTIST,FORSYTH - 908,FORSYTH - 908,0.999256,auto_accept
2008,FORSYTH - 909 - OLD TOWN REC CTR,FORSYTH - 909,FORSYTH - 909,0.999205,auto_accept
2008,FRANKLIN - BUNN,,,,unmatched_vtd_name
2008,FRANKLIN - CEDAR ROCK,FRANKLIN - 9.01,FRANKLIN - 09,0.993988,auto_accept
2008,FRANKLIN - CYPRESS CREEK,FRANKLIN - 8.01,FRANKLIN - 08,0.994580,auto_accept
2008,FRANKLIN - EAST FRANKLINTON,FRANKLIN - 15.01,FRANKLIN - 15,0.984581,auto_accept
2008,FRANKLIN - EAST HARRIS,,,,unmatched_vtd_name
2008,FRANKLIN - EAST LOUISBURG COUNTRY,,,,unmatched_vtd_name
2008,FRANKLIN - EAST YOUNGSVILLE,FRANKLIN - 14.01,FRANKLIN - 14,0.977469,auto_accept
2008,FRANKLIN - GOLD MINE,FRANKLIN - 10.01,FRANKLIN - 10,0.979534,auto_accept
2008,FRANKLIN - HAYESVILLE,FRANKLIN - 12.01,FRANKLIN - 12,0.983003,auto_accept
2008,FRANKLIN - LOUISBURG CITY,,,,unmatched_vtd_name
2008,FRANKLIN - PEARCES,FRANKLIN - 7.01,FRANKLIN - 07,0.997232,auto_accept
2008,FRANKLIN - PILOT,FRANKLIN - 13.01,FRANKLIN - 13,0.991511,auto_accept
2008,FRANKLIN - SANDY CREEK,FRANKLIN - 11.01,FRANKLIN - 11,0.989486,auto_accept
2008,FRANKLIN - WEST FRANKLINTON,FRANKLIN - 3.01,FRANKLIN - 03,0.990587,auto_accept
2008,FRANKLIN - WEST HARRIS,,,,unmatched_vtd_name
2008,FRANKLIN - WEST LOUISBURG COUNTRY,,,,unmatched_vtd_name
2008,FRANKLIN - WEST YOUNGSVILLE 1,,,,unmatched_vtd_name
2008,FRANKLIN - WEST YOUNGSVILLE 2,,,,unmatched_vtd_name
2008,GASTON - ALEXIS,GASTON - 39,GASTON - 39,0.962433,auto_accept
2008,GASTON - ARMSTRONG,GASTON - 11,GASTON - 11,0.999997,auto_accept
2008,GASTON - ASHBROOK,GASTON - 18,,,no_crosswalk_hit
2008,GASTON - BELMONT #1,GASTON - 23,GASTON - 23,0.957983,auto_accept
2008,GASTON - BELMONT #2,GASTON - 24,GASTON - 24,0.992851,auto_accept
2008,GASTON - BELMONT #3,GASTON - 25,GASTON - 25-1,0.922500,auto_accept
2008,GASTON - BESSEMER CITY #1,GASTON - 20,GASTON - 20,0.999245,auto_accept
2008,GASTON - BESSEMER CITY #2,GASTON - 21,GASTON - 21-1,0.919907,auto_accept
2008,GASTON - CATAWBA HEIGHTS,GASTON - 26,GASTON - 26-1,0.991742,auto_accept
2008,GASTON - CHERRYVILLE #1,GASTON - 35,GASTON - 35,0.997920,auto_accept
2008,GASTON - CHERRYVILLE #2,GASTON - 36,GASTON - 36,0.991112,auto_accept
2008,GASTON - CHERRYVILLE #3,GASTON - 37,GASTON - 37,0.991821,auto_accept
2008,GASTON - CRAMERTON,GASTON - 28,GASTON - 28-1,0.981371,auto_accept
2008,GASTON - CROWDERS MOUNTAIN,GASTON - 22,GASTON - 22,0.996726,auto_accept
2008,GASTON - DALLAS #1,GASTON - 40,GASTON - 40,0.991784,auto_accept
2008,GASTON - DALLAS #2,GASTON - 41,GASTON - 41,0.999999,auto_accept
2008,GASTON - FLINT GROVES,,,,unmatched_vtd_name
2008,GASTON - FOREST HEIGHTS,GASTON - 4,GASTON - 04-1,0.997146,auto_accept
2008,GASTON - GARDNER PARK,GASTON - 14,GASTON - 14-1,0.999992,auto_accept
2008,GASTON - GASTON DAY,GASTON - 16,GASTON - 16,0.973417,auto_accept
2008,GASTON - GRIER,GASTON - 9,GASTON - 09,0.999999,auto_accept
2008,GASTON - HEALTH CENTER,GASTON - 5,GASTON - 05,0.995813,auto_accept
2008,GASTON - HIGH SHOALS,GASTON - 38,GASTON - 38,0.983926,auto_accept
2008,GASTON - HIGHLAND,GASTON - 7,GASTON - 07,0.999999,auto_accept
2008,GASTON - LANDERS CHAPEL,GASTON - 34,GASTON - 34,0.994795,auto_accept
2008,GASTON - LOWELL,GASTON - 32,GASTON - 32-1,0.993519,auto_accept
2008,GASTON - LUCIA,GASTON - 42,GASTON - 42,0.989430,auto_accept
2008,GASTON - MCADENVILLE,GASTON - 30,GASTON - 30-1,0.878519,auto_accept
2008,GASTON - MOUNT HOLLY #1,GASTON - 1,GASTON - 01,0.999999,auto_accept
2008,GASTON - MOUNT HOLLY #2,GASTON - 2,GASTON - 02,0.993626,auto_accept
2008,GASTON - MYRTLE,GASTON - 6,GASTON - 06-1,0.987069,auto_accept
2008,GASTON - NEW HOPE,GASTON - 29,GASTON - 29-1,0.988223,auto_accept
2008,GASTON - PLEASANT RIDGE,,,,unmatched_vtd_name
2008,GASTON - PROVISIONALS,,,,unmatched_vtd_name
2008,GASTON - RANLO,GASTON - 13,GASTON - 13,0.993797,auto_accept
2008,GASTON - ROBINSON #1,GASTON - 15,GASTON - 15,0.999775,auto_accept
2008,GASTON - ROBINSON #2,GASTON - 17,GASTON - 17,0.997624,auto_accept
2008,GASTON - SHERWOOD,GASTON - 10,GASTON - 10,1.000000,auto_accept
2008,GASTON - SOUTH GASTONIA,GASTON - 19,GASTON - 19-1,0.954498,auto_accept
2008,GASTON - SOUTH POINT,GASTON - 27,GASTON - 27,0.988422,auto_accept
2008,GASTON - STANLEY #1,GASTON - 43,GASTON - 43,0.999934,auto_accept
2008,GASTON - STANLEY #2,GASTON - 44,GASTON - 44,0.985436,auto_accept
2008,GASTON - TRANSFERS,,,,unmatched_vtd_name
2008,GASTON - TRYON,GASTON - 33,GASTON - 33,0.999143,auto_accept
2008,GASTON - UNION,GASTON - 31,GASTON - 31,0.997535,auto_accept
2008,GASTON - VICTORY,GASTON - 2,GASTON - 02,0.993626,auto_accept
2008,GASTON - WOODHILL,GASTON - 8,GASTON - 08,0.999999,auto_accept
2008,GASTON - YORK CHESTER,GASTON - 1,GASTON - 01,0.999999,auto_accept
2008,GATES - PRECINCT #1,GATES - 1,GATES - 1,0.999510,auto_accept
2008,GATES - PRECINCT #2,GATES - 2,GATES - 2,0.998673,auto_accept
2008,GATES - PRECINCT #3,GATES - 3,GATES - 3,0.998503,auto_accept
2008,GATES - PRECINCT #4 NORTH,,,,unmatched_vtd_name
2008,GATES - PRECINCT #4 SOUTH,,,,unmatched_vtd_name
2008,GATES - PRECINCT #5,GATES - 5,GATES - 5,0.996503,auto_accept
2008,GRAHAM - EAST WARD,,,,unmatched_vtd_name
2008,GRAHAM - STECOAH,GRAHAM - STEC,GRAHAM - STEC,0.998629,auto_accept
2008,GRAHAM - TAPOCO,GRAHAM - TAPO,GRAHAM - TAPO,0.997162,auto_accept
2008,GRAHAM - WEST WARD,,,,unmatched_vtd_name
2008,GRANVILLE - ANTIOCH,GRANVILLE - ANTI,GRANVILLE - ANTI,0.976635,auto_accept
2008,GRANVILLE - BEREA,GRANVILLE - BERE,GRANVILLE - BERE,0.999493,auto_accept
2008,GRANVILLE - BUTNER,GRANVILLE - BTNR,GRANVILLE - BTNR,0.996824,auto_accept
2008,GRANVILLE - CORINTH,GRANVILLE - CORI,GRANVILLE - CORI,0.997234,auto_accept
2008,GRANVILLE - CREDLE,GRANVILLE - CRDL,GRANVILLE - CRDL,0.999143,auto_accept
2008,GRANVILLE - CREEDMOOR,GRANVILLE - CRDM,GRANVILLE - CRDM,0.994025,auto_accept
2008,GRANVILLE - EAST OXFORD,GRANVILLE - EAOX,GRANVILLE - EAOX,0.957042,auto_accept
2008,GRANVILLE - MT ENERGY,,,,unmatched_vtd_name
2008,GRANVILLE - OAK HILL,GRANVILLE - OKHL,GRANVILLE - OKHL,0.998377,auto_accept
2008,GRANVILLE - SALEM,GRANVILLE - SALM,GRANVILLE - SALM,0.992153,auto_accept
2008,GRANVILLE - SASSAFRAS FORK,GRANVILLE - SASS,GRANVILLE - SASS,0.999444,auto_accept
2008,GRANVILLE - SOUTH OXFORD,GRANVILLE - SOOX,GRANVILLE - SOOX,0.991121,auto_accept
2008,GRANVILLE - TALLY HO,GRANVILLE - TYHO,GRANVILLE - TYHO,0.999579,auto_accept
2008,GRANVILLE - WEST OXFORD ELEM.,,,,unmatched_vtd_name
2008,GRANVILLE - WILTON,,,,unmatched_vtd_name
2008,GREENE - ARBA,GREENE - ARBA,GREENE - ARBA,0.997953,auto_accept
2008,GREENE - BEAR GARDEN,,,,unmatched_vtd_name
2008,GREENE - BULL HEAD,GREENE - BULL,GREENE - BULL,0.996132,auto_accept
2008,GREENE - CASTORIA,GREENE - CAST,GREENE - CAST,0.997827,auto_accept
2008,GREENE - HOOKERTON,GREENE - HOOK,GREENE - HOOK,0.994246,auto_accept
2008,GREENE - MAURY,GREENE - MAUR,GREENE - MAUR,0.998417,auto_accept
2008,GREENE - SHINE,GREENE - SHIN,GREENE - SHIN,0.994999,auto_accept
2008,GREENE - SNOW HILL 1,GREENE - SH1,GREENE - SH#1,0.999635,auto_accept
2008,GREENE - SUGG,GREENE - SUGG,GREENE - SUGG,0.999035,auto_accept
2008,GREENE - WALSTONBURG,GREENE - WALS,GREENE - WALS,0.999284,auto_accept
2008,GUILFORD - CG1,GUILFORD - CG1,GUILFORD - CG1,0.908530,auto_accept
2008,GUILFORD - CG2,GUILFORD - CG2,GUILFORD - CG2,0.990105,auto_accept
2008,GUILFORD - CG3A,,,,unmatched_vtd_name
2008,GUILFORD - CG3B,,,,unmatched_vtd_name
2008,GUILFORD - FEN1,GUILFORD - FEN1,GUILFORD - FEN1,0.999233,auto_accept
2008,GUILFORD - FEN2,GUILFORD - FEN2,GUILFORD - FEN2,0.989187,auto_accept
2008,GUILFORD - FR1,GUILFORD - FR1,GUILFORD - FR1,0.996525,auto_accept
2008,GUILFORD - FR2,GUILFORD - FR2,GUILFORD - FR2,0.974787,auto_accept
2008,GUILFORD - FR3,GUILFORD - FR3,,,no_crosswalk_hit
2008,GUILFORD - FR4,GUILFORD - FR4,GUILFORD - FR4,0.972904,auto_accept
2008,GUILFORD - FR5,GUILFORD - FR5,,,no_crosswalk_hit
2008,GUILFORD - G01,GUILFORD - G01,GUILFORD - G01,0.998449,auto_accept
2008,GUILFORD - G02,GUILFORD - G02,GUILFORD - G02,0.998143,auto_accept
2008,GUILFORD - G03,GUILFORD - G03,GUILFORD - G03,0.982276,auto_accept
2008,GUILFORD - G04,GUILFORD - G04,GUILFORD - G04,0.999081,auto_accept
2008,GUILFORD - G05,GUILFORD - G05,GUILFORD - G05,0.998896,auto_accept
2008,GUILFORD - G06,GUILFORD - G06,GUILFORD - G06,0.887717,auto_accept
2008,GUILFORD - G07,GUILFORD - G07,GUILFORD - G07,0.993680,auto_accept
2008,GUILFORD - G08,,,,unmatched_vtd_name
2008,GUILFORD - G09,GUILFORD - G09,GUILFORD - G09,0.998541,auto_accept
2008,GUILFORD - G10,GUILFORD - G10,GUILFORD - G10,0.990992,auto_accept
2008,GUILFORD - G11,GUILFORD - G11,GUILFORD - G11,0.999252,auto_accept
2008,GUILFORD - G12,GUILFORD - G12,GUILFORD - G12,0.998495,auto_accept
2008,GUILFORD - G13,GUILFORD - G13,GUILFORD - G13,0.998918,auto_accept
2008,GUILFORD - G14,GUILFORD - G14,GUILFORD - G14,0.998951,auto_accept
2008,GUILFORD - G15,GUILFORD - G15,GUILFORD - G15,0.998506,auto_accept
2008,GUILFORD - G16,GUILFORD - G16,GUILFORD - G16,0.999106,auto_accept
2008,GUILFORD - G17,GUILFORD - G17,GUILFORD - G17,0.964631,auto_accept
2008,GUILFORD - G18,GUILFORD - G18,GUILFORD - G18,0.998988,auto_accept
2008,GUILFORD - G19,GUILFORD - G19,GUILFORD - G19,0.999207,auto_accept
2008,GUILFORD - G20,GUILFORD - G20,GUILFORD - G20,0.998988,auto_accept
2008,GUILFORD - G21,GUILFORD - G21,GUILFORD - G21,0.993430,auto_accept
2008,GUILFORD - G22,GUILFORD - G22,GUILFORD - G22,0.999225,auto_accept
2008,GUILFORD - G23,GUILFORD - G23,GUILFORD - G23,0.998857,auto_accept
2008,GUILFORD - G24,GUILFORD - G24,GUILFORD - G24,0.998973,auto_accept
2008,GUILFORD - G25,GUILFORD - G25,GUILFORD - G25,0.999015,auto_accept
2008,GUILFORD - G26,GUILFORD - G26,GUILFORD - G26,0.982504,auto_accept
2008,GUILFORD - G27,GUILFORD - G27,GUILFORD - G27,0.993660,auto_accept
2008,GUILFORD - G28,GUILFORD - G28,GUILFORD - G28,0.998927,auto_accept
2008,GUILFORD - G29,GUILFORD - G29,GUILFORD - G29,0.992888,auto_accept
2008,GUILFORD - G30,GUILFORD - G30,GUILFORD - G30,0.989336,auto_accept
2008,GUILFORD - G31,GUILFORD - G31,GUILFORD - G31,0.996299,auto_accept
2008,GUILFORD - G32,GUILFORD - G32,GUILFORD - G32,0.999206,auto_accept
2008,GUILFORD - G33,GUILFORD - G33,GUILFORD - G33,0.999290,auto_accept
2008,GUILFORD - G34,GUILFORD - G34,GUILFORD - G34,0.999213,auto_accept
2008,GUILFORD - G35,GUILFORD - G35,GUILFORD - G35,0.999050,auto_accept
2008,GUILFORD - G36,GUILFORD - G36,GUILFORD - G36,0.999210,auto_accept
2008,GUILFORD - G37,GUILFORD - G37,GUILFORD - G37,0.998874,auto_accept
2008,GUILFORD - G38,GUILFORD - G38,GUILFORD - G38,0.999206,auto_accept
2008,GUILFORD - G39,GUILFORD - G39,GUILFORD - G39,0.981833,auto_accept
2008,GUILFORD - G40A1,,,,unmatched_vtd_name
2008,GUILFORD - G40A2,,,,unmatched_vtd_name
2008,GUILFORD - G40B,,,,unmatched_vtd_name
2008,GUILFORD - G41,GUILFORD - G41,,,no_crosswalk_hit
2008,GUILFORD - G42,GUILFORD - G42,,,no_crosswalk_hit
2008,GUILFORD - G43,GUILFORD - G43,GUILFORD - G43,0.970257,auto_accept
2008,GUILFORD - G44,GUILFORD - G44,GUILFORD - G44,0.998803,auto_accept
2008,GUILFORD - G45,GUILFORD - G45,GUILFORD - G45,0.995683,auto_accept
2008,GUILFORD - G46,GUILFORD - G46,GUILFORD - G46,0.994058,auto_accept
2008,GUILFORD - G47,GUILFORD - G47,GUILFORD - G47,0.999297,auto_accept
2008,GUILFORD - G48,GUILFORD - G48,GUILFORD - G48,0.996002,auto_accept
2008,GUILFORD - G49,GUILFORD - G49,GUILFORD - G49,0.998970,auto_accept
2008,GUILFORD - G50,GUILFORD - G50,GUILFORD - G50,0.999471,auto_accept
2008,GUILFORD - G51,GUILFORD - G51,GUILFORD - G51,0.999424,auto_accept
2008,GUILFORD - G52,GUILFORD - G52,GUILFORD - G52,0.998581,auto_accept
2008,GUILFORD - G53,GUILFORD - G53,GUILFORD - G53,0.976302,auto_accept
2008,GUILFORD - G54,GUILFORD - G54,GUILFORD - G54,0.999346,auto_accept
2008,GUILFORD - G55,GUILFORD - G55,GUILFORD - G55,0.996040,auto_accept
2008,GUILFORD - G56,GUILFORD - G56,GUILFORD - G56,0.989515,auto_accept
2008,GUILFORD - G57,GUILFORD - G57,GUILFORD - G57,0.984277,auto_accept
2008,GUILFORD - G58,GUILFORD - G58,GUILFORD - G58,0.999322,auto_accept
2008,GUILFORD - G59,GUILFORD - G59,GUILFORD - G59,0.989782,auto_accept
2008,GUILFORD - G60,GUILFORD - G60,GUILFORD - G60,0.983587,auto_accept
2008,GUILFORD - G61,GUILFORD - G61,GUILFORD - G61,0.992658,auto_accept
2008,GUILFORD - G62,GUILFORD - G62,GUILFORD - G62,0.995598,auto_accept
2008,GUILFORD - G63,GUILFORD - G63,GUILFORD - G63,0.999094,auto_accept
2008,GUILFORD - G64,GUILFORD - G64,GUILFORD - G64,0.994532,auto_accept
2008,GUILFORD - G65,GUILFORD - G65,GUILFORD - G65,0.980288,auto_accept
2008,GUILFORD - G66,GUILFORD - G66,GUILFORD - G66,0.969634,auto_accept
2008,GUILFORD - G67,GUILFORD - G67,GUILFORD - G67,0.998006,auto_accept
2008,GUILFORD - G68,GUILFORD - G68,GUILFORD - G68,0.999024,auto_accept
2008,GUILFORD - G69,GUILFORD - G69,GUILFORD - G69,0.999250,auto_accept
2008,GUILFORD - G70,GUILFORD - G70,GUILFORD - G70,0.999126,auto_accept
2008,GUILFORD - G71,GUILFORD - G71,GUILFORD - G71,0.997109,auto_accept
2008,GUILFORD - G72,GUILFORD - G72,GUILFORD - G72,0.968885,auto_accept
2008,GUILFORD - G73,GUILFORD - G73,GUILFORD - G73,0.969156,auto_accept
2008,GUILFORD - G74,GUILFORD - G74,GUILFORD - G74,0.995005,auto_accept
2008,GUILFORD - G75,GUILFORD - G75,GUILFORD - G75,0.991290,auto_accept
2008,GUILFORD - GIB,GUILFORD - GIB,GUILFORD - GIB,0.998287,auto_accept
2008,GUILFORD - GR,GUILFORD - GR,GUILFORD - GR,0.988501,auto_accept
2008,GUILFORD - H01,GUILFORD - H01,GUILFORD - H01,0.995210,auto_accept
2008,GUILFORD - H02,GUILFORD - H02,GUILFORD - H02,0.997133,auto_accept
2008,GUILFORD - H03,GUILFORD - H03,GUILFORD - H03,0.999325,auto_accept
2008,GUILFORD - H04,GUILFORD - H04,GUILFORD - H04,0.976788,auto_accept
2008,GUILFORD - H05,GUILFORD - H05,GUILFORD - H05,0.994559,auto_accept
2008,GUILFORD - H06,GUILFORD - H06,GUILFORD - H06,0.990866,auto_accept
2008,GUILFORD - H07,GUILFORD - H07,GUILFORD - H07,0.988536,auto_accept
2008,GUILFORD - H08,GUILFORD - H08,GUILFORD - H08,0.999369,auto_accept
2008,GUILFORD - H09,GUILFORD - H09,GUILFORD - H09,0.992641,auto_accept
2008,GUILFORD - H10,GUILFORD - H10,GUILFORD - H10,0.998189,auto_accept
2008,GUILFORD - H11,GUILFORD - H11,GUILFORD - H11,0.998506,auto_accept
2008,GUILFORD - H12,GUILFORD - H12,GUILFORD - H12,0.999329,auto_accept
2008,GUILFORD - H13,GUILFORD - H13,GUILFORD - H13,0.999362,auto_accept
2008,GUILFORD - H14,GUILFORD - H14,GUILFORD - H14,0.998318,auto_accept
2008,GUILFORD - H15,GUILFORD - H15,GUILFORD - H15,0.993475,auto_accept
2008,GUILFORD - H16,GUILFORD - H16,GUILFORD - H16,0.999229,auto_accept
2008,GUILFORD - H17,GUILFORD - H17,GUILFORD - H17,0.998683,auto_accept
2008,GUILFORD - H18,GUILFORD - H18,GUILFORD - H18,0.989039,auto_accept
2008,GUILFORD - H19A,,,,unmatched_vtd_name
2008,GUILFORD - H19B,,,,unmatched_vtd_name
2008,GUILFORD - H20A,,,,unmatched_vtd_name
2008,GUILFORD - H20B,,,,unmatched_vtd_name
2008,GUILFORD - H21,GUILFORD - H21,GUILFORD - H21,0.984444,auto_accept
2008,GUILFORD - H22,GUILFORD - H22,GUILFORD - H22,0.884611,auto_accept
2008,GUILFORD - H23,GUILFORD - H23,GUILFORD - H23,0.988788,auto_accept
2008,GUILFORD - H24,GUILFORD - H24,GUILFORD - H24,0.981826,auto_accept
2008,GUILFORD - H25,GUILFORD - H25,GUILFORD - H25,0.920412,auto_accept
2008,GUILFORD - H26,GUILFORD - H26,GUILFORD - H26,0.971745,auto_accept
2008,GUILFORD - H27,GUILFORD - H27,,,no_crosswalk_hit
2008,GUILFORD - H28,,,,unmatched_vtd_name
2008,GUILFORD - H29A,,,,unmatched_vtd_name
2008,GUILFORD - H29B,,,,unmatched_vtd_name
2008,GUILFORD - JAM1,GUILFORD - JAM1,GUILFORD - JAM1,0.965280,auto_accept
2008,GUILFORD - JAM2,GUILFORD - JAM2,GUILFORD - JAM2,0.936891,auto_accept
2008,GUILFORD - JAM3,GUILFORD - JAM3,GUILFORD - JAM3,0.994617,auto_accept
2008,GUILFORD - JAM4,GUILFORD - JAM4,GUILFORD - JAM4,0.993367,auto_accept
2008,GUILFORD - JAM5,GUILFORD - JAM5,GUILFORD - JAM5,0.991448,auto_accept
2008,GUILFORD - JEF1,GUILFORD - JEF1,GUILFORD - JEF1,0.936664,auto_accept
2008,GUILFORD - JEF2,GUILFORD - JEF2,GUILFORD - JEF2,0.995923,auto_accept
2008,GUILFORD - JEF3,GUILFORD - JEF3,GUILFORD - JEF3,0.994721,auto_accept
2008,GUILFORD - JEF4,GUILFORD - JEF4,GUILFORD - JEF4,0.962057,auto_accept
2008,GUILFORD - MON1,GUILFORD - MON1,GUILFORD - MON1,0.991247,auto_accept
2008,GUILFORD - MON2A,,,,unmatched_vtd_name
2008,GUILFORD - MON2B,,,,unmatched_vtd_name
2008,GUILFORD - MON3,GUILFORD - MON3,GUILFORD - MON3,0.997029,auto_accept
2008,GUILFORD - NCGR1,,,,unmatched_vtd_name
2008,GUILFORD - NCGR2,,,,unmatched_vtd_name
2008,GUILFORD - NCLAY1,,,,unmatched_vtd_name
2008,GUILFORD - NCLAY2,,,,unmatched_vtd_name
2008,GUILFORD - NDRI,GUILFORD - NDRI,GUILFORD - NDRI,0.997307,auto_accept
2008,GUILFORD - NMAD,GUILFORD - NMAD,GUILFORD - NMAD,0.975003,auto_accept
2008,GUILFORD - NWASH,GUILFORD - NWASH,GUILFORD - NWASH,0.999849,auto_accept
2008,GUILFORD - OR1,GUILFORD - OR1,GUILFORD - OR1,0.986627,auto_accept
2008,GUILFORD - OR2,GUILFORD - OR2,GUILFORD - OR2,0.993081,auto_accept
2008,GUILFORD - PG1,GUILFORD - PG1,GUILFORD - PG1,0.999651,auto_accept
2008,GUILFORD - PG2,GUILFORD - PG2,GUILFORD - PG2,0.999408,auto_accept
2008,GUILFORD - RC1,GUILFORD - RC1,GUILFORD - RC1,0.977780,auto_accept
2008,GUILFORD - RC2,GUILFORD - RC2,GUILFORD - RC2,0.989527,auto_accept
2008,GUILFORD - SCLAY,GUILFORD - SCLAY,GUILFORD - SCLAY,0.938411,auto_accept
2008,GUILFORD - SDRI,GUILFORD - SDRI,GUILFORD - SDRI,0.969492,auto_accept
2008,GUILFORD - SF1,GUILFORD - SF1,GUILFORD - SF1,0.998263,auto_accept
2008,GUILFORD - SF2,GUILFORD - SF2,GUILFORD - SF2,0.984627,auto_accept
2008,GUILFORD - SF3,GUILFORD - SF3,GUILFORD - SF3,0.959300,auto_accept
2008,GUILFORD - SF4,GUILFORD - SF4,GUILFORD - SF4,0.996521,auto_accept
2008,GUILFORD - SMAD,GUILFORD - SMAD,GUILFORD - SMAD,0.984217,auto_accept
2008,GUILFORD - STOK,GUILFORD - STOK,GUILFORD - STOK,0.976637,auto_accept
2008,GUILFORD - SUM1,GUILFORD - SUM1,GUILFORD - SUM1,0.987718,auto_accept
2008,GUILFORD - SUM2,GUILFORD - SUM2,GUILFORD - SUM2,0.955631,auto_accept
2008,GUILFORD - SUM3,GUILFORD - SUM3,GUILFORD - SUM3,0.999669,auto_accept
2008,GUILFORD - SUM4,GUILFORD - SUM4,GUILFORD - SUM4,0.998962,auto_accept
2008,GUILFORD - SWASH,GUILFORD - SWASH,GUILFORD - SWASH,0.979547,auto_accept
2008,HALIFAX - BUTTERWOOD,HALIFAX - BUT,HALIFAX - BUTWD,0.976691,auto_accept
2008,HALIFAX - CONOCONNARA,HALIFAX - CON,HALIFAX - CONC,0.999900,auto_accept
2008,HALIFAX - ENFIELD 1,HALIFAX - ENF1,HALIFAX - ENF1,0.999137,auto_accept
2008,HALIFAX - ENFIELD 2,HALIFAX - ENF2,HALIFAX - ENF 2,0.999143,auto_accept
2008,HALIFAX - ENFIELD 3,HALIFAX - ENF3,HALIFAX - ENF1,0.981373,auto_accept
2008,HALIFAX - FAUCETT,HALIFAX - FAUCT,HALIFAX - FAUCT,0.989401,auto_accept
2008,HALIFAX - HALIFAX,HALIFAX - HAL,HALIFAX - HAL,0.988299,auto_accept
2008,HALIFAX - HOBGOOD,HALIFAX - HOB,HALIFAX - HPR,0.998961,auto_accept
2008,HALIFAX - HOLLISTER,HALIFAX - HOL,HALIFAX - HOL,0.989566,auto_accept
2008,HALIFAX - LITTLETON 1,HALIFAX - LIT1,HALIFAX - LIT,0.976028,auto_accept
2008,HALIFAX - LITTLETON 2,HALIFAX - LIT2,HALIFAX - LIT,0.984838,auto_accept
2008,HALIFAX - PALMYRA,HALIFAX - PAL,HALIFAX - HPR,0.989326,auto_accept
2008,HALIFAX - RINGWOOD,HALIFAX - RING,HALIFAX - RINGW,0.999673,auto_accept
2008,HALIFAX - ROANOKE RAPIDS 1,,,,unmatched_vtd_name
2008,HALIFAX - ROANOKE RAPIDS 10,HALIFAX - RR10,HALIFAX - RR 10,0.995431,auto_accept
2008,HALIFAX - ROANOKE RAPIDS 11,,,,ambiguous_vtd_name
2008,HALIFAX - ROANOKE RAPIDS 2,HALIFAX - RR2,HALIFAX - RR1-2,0.992058,auto_accept
2008,HALIFAX - ROANOKE RAPIDS 3,HALIFAX - RR3,HALIFAX - RR3-4,0.994200,auto_accept
2008,HALIFAX - ROANOKE RAPIDS 4,HALIFAX - RR4,HALIFAX - RR3-4,0.998699,auto_accept
2008,HALIFAX - ROANOKE RAPIDS 5,HALIFAX - RR5,HALIFAX - RRCE,0.997333,auto_accept
2008,HALIFAX - ROANOKE RAPIDS 6,HALIFAX - RR6,HALIFAX - RRCE,0.999651,auto_accept
2008,HALIFAX - ROANOKE RAPIDS 7,HALIFAX - RR7,HALIFAX - RR7-9,0.999925,auto_accept
2008,HALIFAX - ROANOKE RAPIDS 8,HALIFAX - RR8,HALIFAX - RRCE,0.999293,auto_accept
2008,HALIFAX - ROANOKE RAPIDS 9,HALIFAX - RR9,HALIFAX - RR7-9,0.999669,auto_accept
2008,HALIFAX - ROSENEATH,HALIFAX - ROS,HALIFAX - HPR,0.960531,auto_accept
2008,HALIFAX - SCOTLAND NECK 1,HALIFAX - SN1,HALIFAX - SN,0.999384,auto_accept
2008,HALIFAX - SCOTLAND NECK 2,HALIFAX - SN2,HALIFAX - SN,0.999189,auto_accept
2008,HALIFAX - WELDON 1,HALIFAX - WEL1,HALIFAX - WEL1-2,0.997972,auto_accept
2008,HALIFAX - WELDON 2,HALIFAX - WEL2,HALIFAX - WEL1-2,0.996795,auto_accept
2008,HALIFAX - WELDON 3,HALIFAX - WEL3,HALIFAX - WEL 3,0.994189,auto_accept
2008,HARNETT - ANDERSON CREEK,HARNETT - 101,HARNETT - PR01,0.992540,auto_accept
2008,HARNETT - BARBECUE,HARNETT - 301,HARNETT - PR07,0.999481,auto_accept
2008,HARNETT - BLACK RIVER,HARNETT - 401,HARNETT - PR08,0.999562,auto_accept
2008,HARNETT - BOONE TRAIL,,,,unmatched_vtd_name
2008,HARNETT - COATS/GROVE,,,,unmatched_vtd_name
2008,HARNETT - EAST AVERASBORO,,,,unmatched_vtd_name
2008,HARNETT - ERWIN/DUKE,,,,unmatched_vtd_name
2008,HARNETT - JOHNSONVILLE,HARNETT - 901,HARNETT - PR16,0.999040,auto_accept
2008,HARNETT - LILLINGTON,HARNETT - 1001,HARNETT - PR31,0.999996,auto_accept
2008,HARNETT - NEILLS CREEK,,,,unmatched_vtd_name
2008,HARNETT - NORTHWEST HARNETT,,,,unmatched_vtd_name
2008,HARNETT - STEWARTS CREEK,HARNETT - 1201,HARNETT - PR20,0.999493,auto_accept
2008,HARNETT - WEST AVERASBORO,,,,unmatched_vtd_name
2008,HAYWOOD - ALLENS CREEK,HAYWOOD - AC,HAYWOOD - AC,0.996831,auto_accept
2008,HAYWOOD - BEAVERDAM 1,HAYWOOD - BE1,HAYWOOD - BE1,0.992139,auto_accept
2008,HAYWOOD - BEAVERDAM 2,HAYWOOD - BE2,HAYWOOD - BE2,0.963248,auto_accept
2008,HAYWOOD - BEAVERDAM 3,HAYWOOD - BE3,HAYWOOD - BE3,0.992243,auto_accept
2008,HAYWOOD - BEAVERDAM 4,HAYWOOD - BE4,HAYWOOD - BE4,0.997952,auto_accept
2008,HAYWOOD - BEAVERDAM 5/6,HAYWOOD - BE5-6,HAYWOOD - BE5-6,0.999099,auto_accept
2008,HAYWOOD - BEAVERDAM 7,HAYWOOD - BE7,HAYWOOD - BE7,0.998038,auto_accept
2008,HAYWOOD - BIG CREEK,HAYWOOD - BC,HAYWOOD - BC,0.997813,auto_accept
2008,HAYWOOD - CECIL,HAYWOOD - CE,HAYWOOD - CE,0.972960,auto_accept
2008,HAYWOOD - CLYDE NORTH,,,,unmatched_vtd_name
2008,HAYWOOD - CLYDE SOUTH,,,,unmatched_vtd_name
2008,HAYWOOD - CRABTREE,HAYWOOD - CR,HAYWOOD - CR,0.988725,auto_accept
2008,HAYWOOD - EAST FORK,HAYWOOD - EF,HAYWOOD - EF,0.990412,auto_accept
2008,HAYWOOD - FINES CREEK 1,HAYWOOD - FC1,HAYWOOD - FC-1,0.999113,auto_accept
2008,HAYWOOD - FINES CREEK 2,HAYWOOD - FC2,HAYWOOD - FC-2,0.999534,auto_accept
2008,HAYWOOD - HAZELWOOD,HAYWOOD - HA,HAYWOOD - HA,0.995663,auto_accept
2008,HAYWOOD - IRON DUFF,HAYWOOD - ID,HAYWOOD - ID,0.999615,auto_accept
2008,HAYWOOD - IVY HILL,HAYWOOD - IH,HAYWOOD - IH,0.993263,auto_accept
2008,HAYWOOD - JONATHAN CREEK,HAYWOOD - JC,HAYWOOD - JC,0.999153,auto_accept
2008,HAYWOOD - LAKE JUNALUSKA,HAYWOOD - LJ,HAYWOOD - LJ,0.996924,auto_accept
2008,HAYWOOD - PIGEON,HAYWOOD - PI,HAYWOOD - P,0.941670,auto_accept
2008,HAYWOOD - PIGEON CENTER,,,,unmatched_vtd_name
2008,HAYWOOD - SAUNOOK,HAYWOOD - SA,HAYWOOD - SA,0.979279,auto_accept
2008,HAYWOOD - WAYNESVILLE CENTER,,,,unmatched_vtd_name
2008,HAYWOOD - WAYNESVILLE EAST,,,,unmatched_vtd_name
2008,HAYWOOD - WAYNESVILLE SOUTH 1,,,,unmatched_vtd_name
2008,HAYWOOD - WAYNESVILLE SOUTH 2,,,,unmatched_vtd_name
2008,HAYWOOD - WAYNESVILLE WEST,,,,unmatched_vtd_name
2008,HAYWOOD - WHITE OAK,HAYWOOD - WO,HAYWOOD - WO,0.999789,auto_accept
2008,HENDERSON - ARMORY,HENDERSON - AR,HENDERSON - AR,0.982147,auto_accept
2008,HENDERSON - ATKINSON,HENDERSON - AT,HENDERSON - AT,0.992529,auto_accept
2008,HENDERSON - BAT CAVE,HENDERSON - BC,HENDERSON - BC,0.997913,auto_accept
2008,HENDERSON - BRICKTON,HENDERSON - BK,HENDERSON - BK,0.996170,auto_accept
2008,HENDERSON - CAROLINA VILLAGE,,,,unmatched_vtd_name
2008,HENDERSON - CLEAR CREEK,HENDERSON - CC,HENDERSON - CC,0.998601,auto_accept
2008,HENDERSON - CRAB CREEK,HENDERSON - CB,HENDERSON - CB,0.999674,auto_accept
2008,HENDERSON - EAST FLAT ROCK,HENDERSON - EF,HENDERSON - EF,0.996475,auto_accept
2008,HENDERSON - EDNEYVILLE,HENDERSON - ED,HENDERSON - ED,0.977565,auto_accept
2008,HENDERSON - ETOWAH SOUTH,HENDERSON - ES,HENDERSON - ES,0.999442,auto_accept
2008,HENDERSON - ETOWAH VALLEY,HENDERSON - EV,HENDERSON - EV,0.999457,auto_accept
2008,HENDERSON - FLAT ROCK,HENDERSON - FR,HENDERSON - FR,0.979935,auto_accept
2008,HENDERSON - FLETCHER,HENDERSON - FL,HENDERSON - FL,0.992157,auto_accept
2008,HENDERSON - GREEN RIVER,HENDERSON - GR,HENDERSON - GR,0.995330,auto_accept
2008,HENDERSON - GRIMESDALE,HENDERSON - GM,HENDERSON - GM,0.998479,auto_accept
2008,HENDERSON - HENDERSONVILLE-1,HENDERSON - HV1,HENDERSON - HV-1,0.953863,auto_accept
2008,HENDERSON - HENDERSONVILLE-2,HENDERSON - HV2,HENDERSON - HV-2,0.940966,auto_accept
2008,HENDERSON - HENDERSONVILLE-3,HENDERSON - HV3,HENDERSON - HV-3,0.987799,auto_accept
2008,HENDERSON - HOOPERS CREEK,HENDERSON - HC,HENDERSON - HC,0.997746,auto_accept
2008,HENDERSON - HORSE SHOE,HENDERSON - HS,HENDERSON - HS,0.993981,auto_accept
2008,HENDERSON - LAUREL PARK,HENDERSON - LP,HENDERSON - LP,0.915709,auto_accept
2008,HENDERSON - LONG JOHN MOUNTAIN,HENDERSON - LJ,HENDERSON - LJ,0.991080,auto_accept
2008,HENDERSON - MOORES GROVE,HENDERSON - MG,HENDERSON - MG,0.993022,auto_accept
2008,HENDERSON - NORTH BLUE RIDGE,HENDERSON - NB,HENDERSON - NB,0.994169,auto_accept
2008,HENDERSON - NORTH MILLS RIVER,HENDERSON - NM,HENDERSON - NM,0.997030,auto_accept
2008,HENDERSON - NORTHEAST,HENDERSON - NE,HENDERSON - NE,0.980343,auto_accept
2008,HENDERSON - NORTHWEST,HENDERSON - NW,HENDERSON - NW,0.992479,auto_accept
2008,HENDERSON - PARK RIDGE,HENDERSON - PR,HENDERSON - PR,0.998827,auto_accept
2008,HENDERSON - PISGAH VIEW,HENDERSON - PV,HENDERSON - PV,0.995615,auto_accept
2008,HENDERSON - RAVEN ROCK,HENDERSON - RR,HENDERSON - RR,0.993052,auto_accept
2008,HENDERSON - RUGBY,HENDERSON - RG,HENDERSON - RG,0.998748,auto_accept
2008,HENDERSON - SOUTH BLUE RIDGE,HENDERSON - SB,HENDERSON - SB,0.998402,auto_accept
2008,HENDERSON - SOUTH MILLS RIVER,HENDERSON - SM,HENDERSON - SM,0.999638,auto_accept
2008,HENDERSON - SOUTHEAST,HENDERSON - SE,HENDERSON - SE,0.988923,auto_accept
2008,HENDERSON - SOUTHWEST,HENDERSON - SW,HENDERSON - SW,0.983065,auto_accept
2008,HERTFORD - AHOSKIE 1,HERTFORD - 01,HERTFORD - A1,0.999662,auto_accept
2008,HERTFORD - AHOSKIE 2,,,,unmatched_vtd_name
2008,HERTFORD - AHOSKIE 3,HERTFORD - 03,HERTFORD - A3,0.999658,auto_accept
2008,HERTFORD - BRYANTVILLE,HERTFORD - 04,HERTFORD - BR,0.997692,auto_accept
2008,HERTFORD - COFIELD,HERTFORD - 05,HERTFORD - CO,0.991414,auto_accept
2008,HERTFORD - COMO,HERTFORD - 06,HERTFORD - CM,0.998353,auto_accept
2008,HERTFORD - HARRELLSVILLE,HERTFORD - 07,HERTFORD - HV,0.998728,auto_accept
2008,HERTFORD - MILLENNIUM,,,,unmatched_vtd_name
2008,HERTFORD - MURFREESBORO 1,HERTFORD - 09,HERTFORD - M1,0.994644,auto_accept
2008,HERTFORD - MURFREESBORO 2,HERTFORD - 10,HERTFORD - M2,0.999751,auto_accept
2008,HERTFORD - ST JOHN,,,,unmatched_vtd_name
2008,HERTFORD - UNION,HERTFORD - 13,HERTFORD - UN,0.983021,auto_accept
2008,HERTFORD - WINTON,HERTFORD - 14,HERTFORD - WN,0.996260,auto_accept
2008,HOKE - ALLENDALE,HOKE - 01,HOKE - 01,0.998054,auto_accept
2008,HOKE - ANTIOCH,HOKE - 02,HOKE - 02,0.997666,auto_accept
2008,HOKE - BLUE SPRINGS,HOKE - 03,HOKE - 03,0.999034,auto_accept
2008,HOKE - BUCHAN,HOKE - 04,HOKE - 04,0.996098,auto_accept
2008,HOKE - MCCAIN,HOKE - 05,HOKE - 05,0.999866,auto_accept
2008,HOKE - PUPPY CREEK,HOKE - 06,,,no_crosswalk_hit
2008,HOKE - RAEFORD #1,HOKE - 61,HOKE - 61,0.997822,auto_accept
2008,HOKE - RAEFORD #2,HOKE - 62,HOKE - 62,0.996304,auto_accept
2008,HOKE - RAEFORD #3,HOKE - 63,HOKE - 63,0.998980,auto_accept
2008,HOKE - RAEFORD #4,HOKE - 64,HOKE - 64,0.999691,auto_accept
2008,HOKE - RAEFORD #5,HOKE - 65,HOKE - 65,0.995958,auto_accept
2008,HOKE - ROCKFISH,HOKE - 12,HOKE - 12,0.999086,auto_accept
2008,HOKE - STONEWALL,HOKE - 13,HOKE - 13,0.984757,auto_accept
2008,HOKE - WAYSIDE,,,,unmatched_vtd_name
2008,HYDE - BURGESS MILL,HYDE - BM,HYDE - BM,0.997343,auto_accept
2008,HYDE - ENGELHARD,,,,unmatched_vtd_name
2008,HYDE - FAIRFIELD,HYDE - FF,HYDE - FF,0.999348,auto_accept
2008,HYDE - LAKE LANDING,HYDE - LL,HYDE - LL,0.999651,auto_accept
2008,HYDE - OCRACOKE,HYDE - OCK,HYDE - OCK,0.999771,auto_accept
2008,HYDE - SLADESVILLE,HYDE - SLAD,HYDE - SLAD,0.999463,auto_accept
2008,HYDE - SWAN QUARTER,HYDE - SQ,HYDE - SQ,0.999930,auto_accept
2008,IREDELL - BARRINGER,IREDELL - BA1,IREDELL - BA-1,0.985727,auto_accept
2008,IREDELL - BETHANY,IREDELL - BE1,IREDELL - BE,0.993818,auto_accept
2008,IREDELL - CHAMBERSBURG-A,,,,unmatched_vtd_name
2008,IREDELL - CHAMBERSBURG-B,,,,unmatched_vtd_name
2008,IREDELL - CODDLE CREEK #1,IREDELL - CC1,IREDELL - CC1,0.964954,auto_accept
2008,IREDELL - CODDLE CREEK #2,IREDELL - CC2,,,no_crosswalk_hit
2008,IREDELL - CODDLE CREEK #3,IREDELL - CC3,IREDELL - CC3-1,0.979458,auto_accept
2008,IREDELL - CODDLE CREEK #4,IREDELL - CC4,IREDELL - CC4-1,0.857344,auto_accept
2008,IREDELL - CONCORD,IREDELL - CD1,IREDELL - CD,0.996183,auto_accept
2008,IREDELL - COOL SPRINGS,IREDELL - CS1,IREDELL - CS,0.991961,auto_accept
2008,IREDELL - DAVIDSON #1-A,,,,unmatched_vtd_name
2008,IREDELL - DAVIDSON #1-B,,,,unmatched_vtd_name
2008,IREDELL - DAVIDSON #2-A,,,,unmatched_vtd_name
2008,IREDELL - DAVIDSON #2-B,,,,unmatched_vtd_name
2008,IREDELL - EAGLE MILLS,IREDELL - EM1,IREDELL - EM,0.997619,auto_accept
2008,IREDELL - FALLSTOWN,IREDELL - FT1,IREDELL - FT,0.982315,auto_accept
2008,IREDELL - NEW HOPE,IREDELL - NH1,IREDELL - NH,0.982675,auto_accept
2008,IREDELL - OLIN,IREDELL - OL1,IREDELL - OL,0.995271,auto_accept
2008,IREDELL - SHARPESBURG,IREDELL - SB1,IREDELL - SB,0.991755,auto_accept
2008,IREDELL - SHILOH-A,,,,unmatched_vtd_name
2008,IREDELL - SHILOH-B,,,,unmatched_vtd_name
2008,IREDELL - STATESVILLE #1,IREDELL - ST1,IREDELL - ST1,0.990087,auto_accept
2008,IREDELL - STATESVILLE #2,IREDELL - ST2,IREDELL - ST2,0.884992,auto_accept
2008,IREDELL - STATESVILLE #3,IREDELL - ST3,IREDELL - ST3,0.954829,auto_accept
2008,IREDELL - STATESVILLE #4,IREDELL - ST4,,,no_crosswalk_hit
2008,IREDELL - STATESVILLE #5,IREDELL - ST5,IREDELL - ST5,0.889275,auto_accept
2008,IREDELL - STATESVILLE #6,IREDELL - ST6,IREDELL - ST6,0.982536,auto_accept
2008,IREDELL - TURNERSBURG,IREDELL - TB1,IREDELL - TB,0.998814,auto_accept
2008,IREDELL - UNION GROVE,IREDELL - UG1,IREDELL - UG,0.988275,auto_accept
2008,JACKSON - BARKERS CREEK,JACKSON - BCK,JACKSON - BCK,0.997009,auto_accept
2008,JACKSON - CANADA,JACKSON - CAN,JACKSON - CAN,0.975321,auto_accept
2008,JACKSON - CANEY FORK,JACKSON - CFK,JACKSON - CFK,0.975558,auto_accept
2008,JACKSON - CASHIERS,JACKSON - CAS,JACKSON - CAS,0.980135,auto_accept
2008,JACKSON - CULLOWHEE,JACKSON - CUL,JACKSON - CUL,0.924102,auto_accept
2008,JACKSON - DILLSBORO,JACKSON - DIL,JACKSON - SDC,0.911130,auto_accept
2008,JACKSON - GREENS CREEK,JACKSON - GCK,JACKSON - GCK,0.906644,auto_accept
2008,JACKSON - HAMBURG,JACKSON - HAM,JACKSON - GLV,0.975918,auto_accept
2008,JACKSON - MOUNTAIN,JACKSON - MNT,JACKSON - GLV,0.980988,auto_accept
2008,JACKSON - QUALLA,JACKSON - QUA,JACKSON - QUA,0.995748,auto_accept
2008,JACKSON - RIVER,JACKSON - RIV,JACKSON - RIV,0.987548,auto_accept
2008,JACKSON - SAVANNAH,JACKSON - SAV,JACKSON - SAV,0.973655,auto_accept
2008,JACKSON - SCOTTS CREEK 1,,,,unmatched_vtd_name
2008,JACKSON - SCOTTS CREEK 2,,,,unmatched_vtd_name
2008,JACKSON - SCOTTS CREEK 3,,,,unmatched_vtd_name
2008,JACKSON - SYLVA-NORTH WD,,,,unmatched_vtd_name
2008,JACKSON - SYLVA-SOUTH WD,,,,unmatched_vtd_name
2008,JACKSON - WEBSTER,JACKSON - WEB,JACKSON - WEB,0.947748,auto_accept
2008,JOHNSTON - ARCHERS LODGE,,,,unmatched_vtd_name
2008,JOHNSTON - BENTONVILLE,JOHNSTON - PR04,JOHNSTON - PR04,0.984390,auto_accept
2008,JOHNSTON - EAST CLAYTON,JOHNSTON - PR09,,,no_crosswalk_hit
2008,JOHNSTON - EAST INGRAMS,JOHNSTON - PR15,JOHNSTON - PR37,0.997882,auto_accept
2008,JOHNSTON - EAST SELMA,JOHNSTON - PR24,JOHNSTON - PR24,0.995165,auto_accept
2008,JOHNSTON - EAST SMITHFIELD,JOHNSTON - PR26,JOHNSTON - PR26,0.997079,auto_accept
2008,JOHNSTON - FLOWERS PLANTATION,,,,unmatched_vtd_name
2008,JOHNSTON - MICRO,JOHNSTON - PR19,JOHNSTON - PR19,0.993641,auto_accept
2008,JOHNSTON - NORTH BANNER,JOHNSTON - PR01,JOHNSTON - PR35,0.997097,auto_accept
2008,JOHNSTON - NORTH BEULAH,JOHNSTON - PR05,JOHNSTON - PR36,0.990875,auto_accept
2008,JOHNSTON - NORTH BOON HILL,JOHNSTON - PR07,JOHNSTON - PR07,0.991756,auto_accept
2008,JOHNSTON - NORTH CLAYTON 1,,,,unmatched_vtd_name
2008,JOHNSTON - NORTH CLAYTON 2,,,,unmatched_vtd_name
2008,JOHNSTON - NORTH CLEVELAND,JOHNSTON - PR12,,,no_crosswalk_hit
2008,JOHNSTON - NORTH ELEVATION,JOHNSTON - PR13,JOHNSTON - PR13,0.999348,auto_accept
2008,JOHNSTON - NORTH MEADOW,JOHNSTON - PR17,JOHNSTON - PR38,0.990138,auto_accept
2008,JOHNSTON - NORTH ONEALS,JOHNSTON - PR20,JOHNSTON - PR20,0.993922,auto_accept
2008,JOHNSTON - NORTH PLEASANT GROVE 1,,,,unmatched_vtd_name
2008,JOHNSTON - NORTH PLEASANT GROVE 2,,,,unmatched_vtd_name
2008,JOHNSTON - NORTH SMITHFIELD 1,,,,unmatched_vtd_name
2008,JOHNSTON - NORTH SMITHFIELD 2,,,,unmatched_vtd_name
2008,JOHNSTON - NORTH WILDERS,,,,unmatched_vtd_name
2008,JOHNSTON - PINE LEVEL,JOHNSTON - PR22,JOHNSTON - PR22,0.999795,auto_accept
2008,JOHNSTON - SOUTH BANNER,JOHNSTON - PR02,JOHNSTON - PR35,0.979120,auto_accept
2008,JOHNSTON - SOUTH BEULAH,JOHNSTON - PR06,JOHNSTON - PR36,0.997807,auto_accept
2008,JOHNSTON - SOUTH BOON HILL,JOHNSTON - PR08,JOHNSTON - PR08,0.999114,auto_accept
2008,JOHNSTON - SOUTH CLAYTON,,,,unmatched_vtd_name
2008,JOHNSTON - SOUTH ELEVATION,JOHNSTON - PR14,JOHNSTON - PR14,0.978532,auto_accept
2008,JOHNSTON - SOUTH MEADOW,JOHNSTON - PR18,JOHNSTON - PR38,0.984891,auto_accept
2008,JOHNSTON - SOUTH ONEALS,JOHNSTON - PR21,JOHNSTON - PR21,0.994674,auto_accept
2008,JOHNSTON - SOUTH PLEASANT GROVE,,,,unmatched_vtd_name
2008,JOHNSTON - SOUTH SMITHFIELD,JOHNSTON - PR28,JOHNSTON - PR28,0.993421,auto_accept
2008,JOHNSTON - SOUTHEAST CLEVELAND,,,,unmatched_vtd_name
2008,JOHNSTON - SOUTHWEST CLEVELAND,,,,unmatched_vtd_name
2008,JOHNSTON - WEST BANNER,JOHNSTON - PR03,JOHNSTON - PR35,0.992860,auto_accept
2008,JOHNSTON - WEST CLAYTON 1,,,,unmatched_vtd_name
2008,JOHNSTON - WEST CLAYTON 2,,,,unmatched_vtd_name
2008,JOHNSTON - WEST INGRAMS,JOHNSTON - PR16,JOHNSTON - PR37,0.999351,auto_accept
2008,JOHNSTON - WEST SELMA,JOHNSTON - PR25,JOHNSTON - PR25,0.998865,auto_accept
2008,JOHNSTON - WILSONS MILLS,JOHNSTON - PR30,JOHNSTON - PR30,0.959418,auto_accept
2008,JONES - BEAVER CREEK,JONES - BC,JONES - P01,0.991364,auto_accept
2008,JONES - CHINQUAPIN,JONES - CH,JONES - P02,0.994221,auto_accept
2008,JONES - CYPRESS CREEK,JONES - CC,JONES - P03,0.988341,auto_accept
2008,JONES - POLLOCKSVILLE,JONES - PL,JONES - P04,0.974970,auto_accept
2008,JONES - TRENTON,JONES - TR,JONES - P05,0.992121,auto_accept
2008,JONES - TUCKAHOE,JONES - TU,JONES - P06,0.980942,auto_accept
2008,JONES - WHITE OAK,JONES - WO,JONES - P07,0.976045,auto_accept
2008,LEE - A1,,,,unmatched_vtd_name
2008,LEE - A2,,,,unmatched_vtd_name
2008,LEE - B1,,,,unmatched_vtd_name
2008,LEE - B2,,,,unmatched_vtd_name
2008,LEE - C1,,,,unmatched_vtd_name
2008,LEE - C2,,,,unmatched_vtd_name
2008,LEE - D1,,,,unmatched_vtd_name
2008,LEE - D2,,,,unmatched_vtd_name
2008,LEE - E1,,,,unmatched_vtd_name
2008,LEE - E2,,,,unmatched_vtd_name
2008,LENOIR - CONTENTNEA,LENOIR - C,LENOIR - C,0.993681,auto_accept
2008,LENOIR - FALLING CREEK,LENOIR - FC,LENOIR - FC,0.997635,auto_accept
2008,LENOIR - INSTITUTE,LENOIR - I,LENOIR - I,0.974240,auto_accept
2008,LENOIR - KINSTON-1,LENOIR - K1,LENOIR - K1,0.971917,auto_accept
2008,LENOIR - KINSTON-2,LENOIR - K2,LENOIR - K2,0.998860,auto_accept
2008,LENOIR - KINSTON-3,LENOIR - K3,LENOIR - K3,0.999008,auto_accept
2008,LENOIR - KINSTON-4,LENOIR - K4,LENOIR - K4,0.999629,auto_accept
2008,LENOIR - KINSTON-5,LENOIR - K5,LENOIR - K5,0.999245,auto_accept
2008,LENOIR - KINSTON-6,LENOIR - K6,LENOIR - K6,0.999584,auto_accept
2008,LENOIR - KINSTON-7,LENOIR - K7,LENOIR - K7,0.999662,auto_accept
2008,LENOIR - KINSTON-8,LENOIR - K8,LENOIR - K8,0.998452,auto_accept
2008,LENOIR - KINSTON-9,LENOIR - K9,LENOIR - K9,0.999488,auto_accept
2008,LENOIR - MOSELEY HALL,LENOIR - MH,LENOIR - MH,0.991923,auto_accept
2008,LENOIR - NEUSE,LENOIR - N,LENOIR - N,0.999795,auto_accept
2008,LENOIR - PINK HILL-1,LENOIR - PH1,LENOIR - PH1,0.999952,auto_accept
2008,LENOIR - PINK HILL-2,LENOIR - PH2,LENOIR - PH2,0.999546,auto_accept
2008,LENOIR - SANDHILL,LENOIR - SH,LENOIR - SH,0.993036,auto_accept
2008,LENOIR - SOUTHWEST,LENOIR - SW,LENOIR - SW,0.992427,auto_accept
2008,LENOIR - TRENT-1,LENOIR - T1,LENOIR - T1,0.998705,auto_accept
2008,LENOIR - TRENT-2,LENOIR - T2,LENOIR - T2,0.999016,auto_accept
2008,LENOIR - VANCE,LENOIR - V,LENOIR - V,0.994823,auto_accept
2008,LENOIR - WOODINGTON,LENOIR - W,LENOIR - W,0.999944,auto_accept
2008,LINCOLN - ASBURY,LINCOLN - AS25,LINCOLN - AS25,0.998873,auto_accept
2008,LINCOLN - BOGER CITY,LINCOLN - BC13,LINCOLN - BC13,0.989332,auto_accept
2008,LINCOLN - BUFFALO SHOALS,LINCOLN - BS26,LINCOLN - BS26,0.984687,auto_accept
2008,LINCOLN - COWANS FORD,,,,unmatched_vtd_name
2008,LINCOLN - CROUSE,LINCOLN - CR06,LINCOLN - HC33,1.000000,auto_accept
2008,LINCOLN - DANIELS/VALE,LINCOLN - DV08,LINCOLN - DV08,0.990525,auto_accept
2008,LINCOLN - DENVER,LINCOLN - DN29,,,no_crosswalk_hit
2008,LINCOLN - DENVER WEST,,,,unmatched_vtd_name
2008,LINCOLN - HEAVNERS,LINCOLN - HV07,LINCOLN - HC33,0.999960,auto_accept
2008,LINCOLN - HICKORY GROVE,LINCOLN - HG17,LINCOLN - ST36,0.966688,auto_accept
2008,LINCOLN - IRON STATION,LINCOLN - IS23,,,no_crosswalk_hit
2008,LINCOLN - IRON STATION SOUTH,,,,unmatched_vtd_name
2008,LINCOLN - LINCOLNTON/NORTH,LINCOLN - LN11,LINCOLN - LN11,0.997124,auto_accept
2008,LINCOLN - LINCOLNTON/SOUTH,LINCOLN - LS12,LINCOLN - LS12,0.999023,auto_accept
2008,LINCOLN - LITHIA,LINCOLN - LI14,LINCOLN - LI14,0.990928,auto_accept
2008,LINCOLN - LONG SHOALS,LINCOLN - LS15,LINCOLN - LB34,0.999107,auto_accept
2008,LINCOLN - LOVE MEMORIAL,LINCOLN - LM16,LINCOLN - LB34,0.967498,auto_accept
2008,LINCOLN - LOWESVILLE,LINCOLN - LW31,,,no_crosswalk_hit
2008,LINCOLN - LOWESVILLE WEST,,,,unmatched_vtd_name
2008,LINCOLN - NORTH BROOK,,,,unmatched_vtd_name
2008,LINCOLN - NORTH BROOK III,,,,ambiguous_vtd_name
2008,LINCOLN - OAK GROVE,,,,unmatched_vtd_name
2008,LINCOLN - ORE BANK,,,,unmatched_vtd_name
2008,LINCOLN - PUMPKIN CENTER,LINCOLN - PC22,,,no_crosswalk_hit
2008,LINCOLN - SALEM,LINCOLN - SL24,LINCOLN - SL24,0.983750,auto_accept
2008,LINCOLN - TRANSFERS,,,,unmatched_vtd_name
2008,LINCOLN - TRIANGLE,LINCOLN - TR30,,,no_crosswalk_hit
2008,LINCOLN - TRIANGLE EAST,,,,unmatched_vtd_name
2008,LINCOLN - WESTPORT,LINCOLN - WP32,LINCOLN - WP32,0.994437,auto_accept
2008,MACON - BURNINGTOWN,MACON - 14,MACON - 14,0.993878,auto_accept
2008,MACON - CARTOOGECHAYE,MACON - 12,MACON - 12,0.996597,auto_accept
2008,MACON - COWEE,MACON - 15,MACON - 15,0.989559,auto_accept
2008,MACON - EAST FRANKLIN,MACON - 3,MACON - 03,0.982325,auto_accept
2008,MACON - ELLIJAY,MACON - 7,MACON - 07,0.982110,auto_accept
2008,MACON - FLATS,MACON - 10,MACON - 10,0.981415,auto_accept
2008,MACON - HIGHLANDS,MACON - 9,MACON - 09,0.994534,auto_accept
2008,MACON - IOTLA,MACON - 4,MACON - 04,0.938966,auto_accept
2008,MACON - MILLSHOAL,MACON - 6,MACON - 06,0.984189,auto_accept
2008,MACON - NANTAHALA,MACON - 13,MACON - 13,0.998572,auto_accept
2008,MACON - NORTH FRANKLIN,MACON - 1,MACON - 01,0.999501,auto_accept
2008,MACON - SMITHBRIDGE,MACON - 11,MACON - 11,0.993517,auto_accept
2008,MACON - SOUTH FRANKLIN,MACON - 2,MACON - 02,0.995478,auto_accept
2008,MACON - SUGARFORK,MACON - 8,MACON - 08,0.992017,auto_accept
2008,MACON - UNION,MACON - 5,MACON - 05,0.947738,auto_accept
2008,MADISON - BEECH GLEN,,,,unmatched_vtd_name
2008,MADISON - EBBS CHAPEL,MADISON - 7,MADISON - EBBS C,0.996120,auto_accept
2008,MADISON - GRAPEVINE,MADISON - 10,MADISON - GRAPEV,0.995789,auto_accept
2008,MADISON - HOT SPRINGS,MADISON - 6,MADISON - HOT SP,0.863779,auto_accept
2008,MADISON - LAUREL,MADISON - 2,MADISON - LAUREL,0.996288,auto_accept
2008,MADISON - MARS HILL,MADISON - 3,MADISON - MARS H,0.995979,auto_accept
2008,MADISON - NORTH MARSHALL,MADISON - 1N,MADISON - NORTH,0.992597,auto_accept
2008,MADISON - REVERE-RICE COVE,MADISON - 11,,,no_crosswalk_hit
2008,MADISON - SANDY MUSH,MADISON - 9,MADISON - SANDY,0.950435,auto_accept
2008,MADISON - SOUTH MARSHALL,MADISON - 1S,MADISON - SOUTH,0.995096,auto_accept
2008,MADISON - SPRING CREEK,MADISON - 8,MADISON - SPRING,0.979993,auto_accept
2008,MADISON - WALNUT,MADISON - 5,,,no_crosswalk_hit
2008,MARTIN - BEAR GRASS,MARTIN - BG,MARTIN - BG,0.998543,auto_accept
2008,MARTIN - CROSS ROADS,MARTIN - CR,MARTIN - CR,0.998426,auto_accept
2008,MARTIN - GOOSENEST,MARTIN - GN,MARTIN - GSN,0.995675,auto_accept
2008,MARTIN - GRIFFINS,MARTIN - GR,MARTIN - GRF,0.923981,auto_accept
2008,MARTIN - HAMILTON,MARTIN - HM,MARTIN - HMT,0.999251,auto_accept
2008,MARTIN - HASSELL,MARTIN - HS,MARTIN - GSN,0.998952,auto_accept
2008,MARTIN - JAMESVILLE,MARTIN - J,MARTIN - JMV,0.989557,auto_accept
2008,MARTIN - POPLAR POINT,MARTIN - PP,MARTIN - HMT,0.999800,auto_accept
2008,MARTIN - ROBERSONVILLE 1,MARTIN - R1,MARTIN - RBV,0.997544,auto_accept
2008,MARTIN - ROBERSONVILLE 2,MARTIN - R2,MARTIN - RBV,0.999135,auto_accept
2008,MARTIN - WILLIAMS,MARTIN - W,,,no_crosswalk_hit
2008,MARTIN - WILLIAMSTON 1,MARTIN - W1,MARTIN - WM1,0.999185,auto_accept
2008,MARTIN - WILLIAMSTON 2,MARTIN - W2,MARTIN - WM2,0.999415,auto_accept
2008,MCDOWELL - CROOKED CREEK,MCDOWELL - 8,,,no_crosswalk_hit
2008,MCDOWELL - DYSARTSVILLE,MCDOWELL - 9,MCDOWELL - DYSART,0.980197,auto_accept
2008,MCDOWELL - GLENWOOD,MCDOWELL - 10,MCDOWELL - GLENWD,0.919282,auto_accept
2008,MCDOWELL - HIGGINS,MCDOWELL - 11,MCDOWELL - HIGGIN,0.956290,auto_accept
2008,MCDOWELL - MARION #1,MCDOWELL - 1,MCDOWELL - MAR 1,0.947277,auto_accept
2008,MCDOWELL - MARION #2,MCDOWELL - 2,,,no_crosswalk_hit
2008,MCDOWELL - MARION #3,MCDOWELL - 3,,,no_crosswalk_hit
2008,MCDOWELL - MARION #4,MCDOWELL - 4,MCDOWELL - MAR 4,0.938474,auto_accept
2008,MCDOWELL - MARION #5,MCDOWELL - 5,MCDOWELL - MAR 5,0.993304,auto_accept
2008,MCDOWELL - MONTFORD COVE,MCDOWELL - 12,MCDOWELL - M.COVE,0.958799,auto_accept
2008,MCDOWELL - NEBO,MCDOWELL - 13,,,no_crosswalk_hit
2008,MCDOWELL - NORTH COVE,MCDOWELL - 14,MCDOWELL - N.COVE,0.972783,auto_accept
2008,MCDOWELL - OLD FORT #1,MCDOWELL - 15,MCDOWELL - FORT 1,0.919540,auto_accept
2008,MCDOWELL - OLD FORT #2,MCDOWELL - 16,MCDOWELL - FORT 2,0.859553,auto_accept
2008,MCDOWELL - PLEASANT GARDENS,MCDOWELL - 6,MCDOWELL - PLEASA,0.965190,auto_accept
2008,MCDOWELL - TURKEY COVE #17,MCDOWELL - 17,MCDOWELL - T.COVE,0.889352,auto_accept
2008,MCDOWELL - WEST MARION #7,MCDOWELL - 7,MCDOWELL - WEST M,0.931778,auto_accept
2008,MECKLENBURG - PCT 1,MECKLENBURG - 001,MECKLENBURG - 001,0.998912,auto_accept
2008,MECKLENBURG - PCT 10,MECKLENBURG - 010,MECKLENBURG - 010,0.998972,auto_accept
2008,MECKLENBURG - PCT 100,MECKLENBURG - 100,MECKLENBURG - 100,0.998979,auto_accept
2008,MECKLENBURG - PCT 101,MECKLENBURG - 101,MECKLENBURG - 101,0.998976,auto_accept
2008,MECKLENBURG - PCT 102,MECKLENBURG - 102,MECKLENBURG - 102,0.977819,auto_accept
2008,MECKLENBURG - PCT 103,MECKLENBURG - 103,MECKLENBURG - 103,0.988998,auto_accept
2008,MECKLENBURG - PCT 104,MECKLENBURG - 104,MECKLENBURG - 104,0.998910,auto_accept
2008,MECKLENBURG - PCT 105,MECKLENBURG - 105,MECKLENBURG - 105,0.996190,auto_accept
2008,MECKLENBURG - PCT 106,MECKLENBURG - 106,MECKLENBURG - 106,0.999299,auto_accept
2008,MECKLENBURG - PCT 107,MECKLENBURG - 107,,,no_crosswalk_hit
2008,MECKLENBURG - PCT 108,MECKLENBURG - 108,MECKLENBURG - 108,0.999353,auto_accept
2008,MECKLENBURG - PCT 109,MECKLENBURG - 109,MECKLENBURG - 109,0.976886,auto_accept
2008,MECKLENBURG - PCT 11,MECKLENBURG - 011,MECKLENBURG - 011,0.999318,auto_accept
2008,MECKLENBURG - PCT 110,MECKLENBURG - 110,MECKLENBURG - 110,0.998936,auto_accept
2008,MECKLENBURG - PCT 111,MECKLENBURG - 111,MECKLENBURG - 111,0.998979,auto_accept
2008,MECKLENBURG - PCT 112,MECKLENBURG - 112,MECKLENBURG - 112,0.999336,auto_accept
2008,MECKLENBURG - PCT 113,MECKLENBURG - 113,MECKLENBURG - 113,0.983502,auto_accept
2008,MECKLENBURG - PCT 114,MECKLENBURG - 114,MECKLENBURG - 114,0.984047,auto_accept
2008,MECKLENBURG - PCT 115,MECKLENBURG - 115,MECKLENBURG - 115,0.999124,auto_accept
2008,MECKLENBURG - PCT 116,MECKLENBURG - 116,MECKLENBURG - 116,0.992141,auto_accept
2008,MECKLENBURG - PCT 117,MECKLENBURG - 117,MECKLENBURG - 117,0.999325,auto_accept
2008,MECKLENBURG - PCT 118,MECKLENBURG - 118,MECKLENBURG - 118,0.999281,auto_accept
2008,MECKLENBURG - PCT 119,MECKLENBURG - 119,MECKLENBURG - 119,0.999301,auto_accept
2008,MECKLENBURG - PCT 12,MECKLENBURG - 012,MECKLENBURG - 012,0.995868,auto_accept
2008,MECKLENBURG - PCT 120,MECKLENBURG - 120,MECKLENBURG - 120,0.998993,auto_accept
2008,MECKLENBURG - PCT 121,MECKLENBURG - 121,MECKLENBURG - 121,0.999743,auto_accept
2008,MECKLENBURG - PCT 122,MECKLENBURG - 122,MECKLENBURG - 122,0.998347,auto_accept
2008,MECKLENBURG - PCT 123,MECKLENBURG - 123,MECKLENBURG - 123,0.999252,auto_accept
2008,MECKLENBURG - PCT 124,MECKLENBURG - 124,MECKLENBURG - 124,0.998876,auto_accept
2008,MECKLENBURG - PCT 125,MECKLENBURG - 125,MECKLENBURG - 125,0.999236,auto_accept
2008,MECKLENBURG - PCT 126,MECKLENBURG - 126,MECKLENBURG - 126,0.997297,auto_accept
2008,MECKLENBURG - PCT 127,MECKLENBURG - 127,MECKLENBURG - 127,0.997267,auto_accept
2008,MECKLENBURG - PCT 128,MECKLENBURG - 128,MECKLENBURG - 128,0.997083,auto_accept
2008,MECKLENBURG - PCT 129,MECKLENBURG - 129,MECKLENBURG - 129,0.969408,auto_accept
2008,MECKLENBURG - PCT 13,MECKLENBURG - 013,MECKLENBURG - 013,0.997984,auto_accept
2008,MECKLENBURG - PCT 130,MECKLENBURG - 130,MECKLENBURG - 130,0.993974,auto_accept
2008,MECKLENBURG - PCT 131,MECKLENBURG - 131,MECKLENBURG - 131,0.998896,auto_accept
2008,MECKLENBURG - PCT 132,MECKLENBURG - 132,MECKLENBURG - 132,0.999105,auto_accept
2008,MECKLENBURG - PCT 133,MECKLENBURG - 133,MECKLENBURG - 133,0.992502,auto_accept
2008,MECKLENBURG - PCT 134,MECKLENBURG - 134,MECKLENBURG - 134,0.999623,auto_accept
2008,MECKLENBURG - PCT 135,MECKLENBURG - 135,MECKLENBURG - 135,0.998649,auto_accept
2008,MECKLENBURG - PCT 136,MECKLENBURG - 136,MECKLENBURG - 136,0.998810,auto_accept
2008,MECKLENBURG - PCT 137,MECKLENBURG - 137,MECKLENBURG - 137,0.994437,auto_accept
2008,MECKLENBURG - PCT 138,MECKLENBURG - 138,MECKLENBURG - 138,0.913283,auto_accept
2008,MECKLENBURG - PCT 139,MECKLENBURG - 139,,,no_crosswalk_hit
2008,MECKLENBURG - PCT 14,MECKLENBURG - 014,MECKLENBURG - 014,0.998636,auto_accept
2008,MECKLENBURG - PCT 140,MECKLENBURG - 140,,,no_crosswalk_hit
2008,MECKLENBURG - PCT 141,MECKLENBURG - 141,MECKLENBURG - 141,0.994560,auto_accept
2008,MECKLENBURG - PCT 142,MECKLENBURG - 142,,,no_crosswalk_hit
2008,MECKLENBURG - PCT 143,MECKLENBURG - 143,,,no_crosswalk_hit
2008,MECKLENBURG - PCT 144,MECKLENBURG - 144,MECKLENBURG - 121,0.999392,auto_accept
2008,MECKLENBURG - PCT 145,,,,unmatched_vtd_name
2008,MECKLENBURG - PCT 146,,,,unmatched_vtd_name
2008,MECKLENBURG - PCT 147,,,,unmatched_vtd_name
2008,MECKLENBURG - PCT 148,,,,unmatched_vtd_name
2008,MECKLENBURG - PCT 149,,,,unmatched_vtd_name
2008,MECKLENBURG - PCT 15,MECKLENBURG - 015,MECKLENBURG - 015,0.999201,auto_accept
2008,MECKLENBURG - PCT 150,,,,unmatched_vtd_name
2008,MECKLENBURG - PCT 151,,,,unmatched_vtd_name
2008,MECKLENBURG - PCT 16,MECKLENBURG - 016,MECKLENBURG - 016,0.986777,auto_accept
2008,MECKLENBURG - PCT 17,MECKLENBURG - 017,MECKLENBURG - 017,0.998748,auto_accept
2008,MECKLENBURG - PCT 18,MECKLENBURG - 018,MECKLENBURG - 018,0.999242,auto_accept
2008,MECKLENBURG - PCT 19,MECKLENBURG - 019,MECKLENBURG - 019,0.999121,auto_accept
2008,MECKLENBURG - PCT 2,MECKLENBURG - 002,MECKLENBURG - 002,0.965769,auto_accept
2008,MECKLENBURG - PCT 20,MECKLENBURG - 020,MECKLENBURG - 020,0.999363,auto_accept
2008,MECKLENBURG - PCT 200,MECKLENBURG - 200,MECKLENBURG - 200,0.997232,auto_accept
2008,MECKLENBURG - PCT 201,MECKLENBURG - 201,MECKLENBURG - 201,0.999744,auto_accept
2008,MECKLENBURG - PCT 202,MECKLENBURG - 202,MECKLENBURG - 202,0.947187,auto_accept
2008,MECKLENBURG - PCT 203,MECKLENBURG - 203,MECKLENBURG - 203,0.999523,auto_accept
2008,MECKLENBURG - PCT 204,MECKLENBURG - 204,,,no_crosswalk_hit
2008,MECKLENBURG - PCT 205,MECKLENBURG - 205,MECKLENBURG - 205,0.998470,auto_accept
2008,MECKLENBURG - PCT 206,MECKLENBURG - 206,MECKLENBURG - 206,0.986073,auto_accept
2008,MECKLENBURG - PCT 207,MECKLENBURG - 207,MECKLENBURG - 207,0.999607,auto_accept
2008,MECKLENBURG - PCT 208,MECKLENBURG - 208,MECKLENBURG - 208,0.931423,auto_accept
2008,MECKLENBURG - PCT 209,MECKLENBURG - 209,MECKLENBURG - 209,0.999353,auto_accept
2008,MECKLENBURG - PCT 21,MECKLENBURG - 021,MECKLENBURG - 021,0.999140,auto_accept
2008,MECKLENBURG - PCT 210,MECKLENBURG - 210,MECKLENBURG - 210,0.999669,auto_accept
2008,MECKLENBURG - PCT 211,MECKLENBURG - 211,MECKLENBURG - 211,0.997269,auto_accept
2008,MECKLENBURG - PCT 212,MECKLENBURG - 212,MECKLENBURG - 212,0.999142,auto_accept
2008,MECKLENBURG - PCT 213,MECKLENBURG - 213,MECKLENBURG - 213,0.994743,auto_accept
2008,MECKLENBURG - PCT 214,MECKLENBURG - 214,MECKLENBURG - 214,0.997171,auto_accept
2008,MECKLENBURG - PCT 215,MECKLENBURG - 215,MECKLENBURG - 215,0.999422,auto_accept
2008,MECKLENBURG - PCT 216,MECKLENBURG - 216,MECKLENBURG - 216,0.995379,auto_accept
2008,MECKLENBURG - PCT 217,MECKLENBURG - 217,MECKLENBURG - 217,0.990863,auto_accept
2008,MECKLENBURG - PCT 218,MECKLENBURG - 218,MECKLENBURG - 218,0.998964,auto_accept
2008,MECKLENBURG - PCT 219,MECKLENBURG - 219,MECKLENBURG - 219,0.990679,auto_accept
2008,MECKLENBURG - PCT 22,MECKLENBURG - 022,MECKLENBURG - 022,0.999369,auto_accept
2008,MECKLENBURG - PCT 220,MECKLENBURG - 220,MECKLENBURG - 220,0.999510,auto_accept
2008,MECKLENBURG - PCT 221,MECKLENBURG - 221,MECKLENBURG - 221,0.997998,auto_accept
2008,MECKLENBURG - PCT 222,MECKLENBURG - 222,MECKLENBURG - 222,0.986008,auto_accept
2008,MECKLENBURG - PCT 223,MECKLENBURG - 223,,,no_crosswalk_hit
2008,MECKLENBURG - PCT 224,MECKLENBURG - 224,MECKLENBURG - 224,0.998709,auto_accept
2008,MECKLENBURG - PCT 225,MECKLENBURG - 225,MECKLENBURG - 225,0.998278,auto_accept
2008,MECKLENBURG - PCT 226,MECKLENBURG - 226,MECKLENBURG - 226,0.999202,auto_accept
2008,MECKLENBURG - PCT 227,MECKLENBURG - 227,MECKLENBURG - 227,0.997305,auto_accept
2008,MECKLENBURG - PCT 228,MECKLENBURG - 228,MECKLENBURG - 228,0.999708,auto_accept
2008,MECKLENBURG - PCT 229,MECKLENBURG - 229,MECKLENBURG - 229,0.993382,auto_accept
2008,MECKLENBURG - PCT 23,MECKLENBURG - 023,MECKLENBURG - 023,0.992005,auto_accept
2008,MECKLENBURG - PCT 230,MECKLENBURG - 230,MECKLENBURG - 230,0.975065,auto_accept
2008,MECKLENBURG - PCT 231,MECKLENBURG - 231,MECKLENBURG - 231,0.997952,auto_accept
2008,MECKLENBURG - PCT 232,MECKLENBURG - 232,MECKLENBURG - 232,0.999499,auto_accept
2008,MECKLENBURG - PCT 233,MECKLENBURG - 233,MECKLENBURG - 233,0.966752,auto_accept
2008,MECKLENBURG - PCT 234,MECKLENBURG - 234,MECKLENBURG - 234,0.992551,auto_accept
2008,MECKLENBURG - PCT 235,MECKLENBURG - 235,MECKLENBURG - 235,0.999379,auto_accept
2008,MECKLENBURG - PCT 236,MECKLENBURG - 236,MECKLENBURG - 236,0.999798,auto_accept
2008,MECKLENBURG - PCT 237,MECKLENBURG - 237,MECKLENBURG - 237,0.993904,auto_accept
2008,MECKLENBURG - PCT 238,MECKLENBURG - 238,,,no_crosswalk_hit
2008,MECKLENBURG - PCT 239,MECKLENBURG - 239,,,no_crosswalk_hit
2008,MECKLENBURG - PCT 24,MECKLENBURG - 024,MECKLENBURG - 024,0.990865,auto_accept
2008,MECKLENBURG - PCT 240,MECKLENBURG - 240,,,no_crosswalk_hit
2008,MECKLENBURG - PCT 241,MECKLENBURG - 241,MECKLENBURG - 241,0.999604,auto_accept
2008,MECKLENBURG - PCT 242,MECKLENBURG - 242,,,no_crosswalk_hit
2008,MECKLENBURG - PCT 243,MECKLENBURG - 243,MECKLENBURG - 243,0.994937,auto_accept
2008,MECKLENBURG - PCT 25,MECKLENBURG - 025,MECKLENBURG - 025,0.999530,auto_accept
2008,MECKLENBURG - PCT 26,MECKLENBURG - 026,MECKLENBURG - 026,0.999497,auto_accept
2008,MECKLENBURG - PCT 27,MECKLENBURG - 027,MECKLENBURG - 027,0.999393,auto_accept
2008,MECKLENBURG - PCT 28,MECKLENBURG - 028,MECKLENBURG - 028,0.999206,auto_accept
2008,MECKLENBURG - PCT 29,MECKLENBURG - 029,MECKLENBURG - 029,0.979689,auto_accept
2008,MECKLENBURG - PCT 3,MECKLENBURG - 003,MECKLENBURG - 003,0.999220,auto_accept
2008,MECKLENBURG - PCT 30,MECKLENBURG - 030,MECKLENBURG - 030,0.999361,auto_accept
2008,MECKLENBURG - PCT 31,MECKLENBURG - 031,MECKLENBURG - 031,0.999309,auto_accept
2008,MECKLENBURG - PCT 32,MECKLENBURG - 032,MECKLENBURG - 032,0.999330,auto_accept
2008,MECKLENBURG - PCT 33,MECKLENBURG - 033,MECKLENBURG - 033,0.999087,auto_accept
2008,MECKLENBURG - PCT 34,MECKLENBURG - 034,MECKLENBURG - 034,0.999491,auto_accept
2008,MECKLENBURG - PCT 35,MECKLENBURG - 035,MECKLENBURG - 035,0.999364,auto_accept
2008,MECKLENBURG - PCT 36,MECKLENBURG - 036,MECKLENBURG - 036,0.999353,auto_accept
2008,MECKLENBURG - PCT 37,MECKLENBURG - 037,MECKLENBURG - 037,0.999064,auto_accept
2008,MECKLENBURG - PCT 38,MECKLENBURG - 038,MECKLENBURG - 038,0.999245,auto_accept
2008,MECKLENBURG - PCT 39,MECKLENBURG - 039,MECKLENBURG - 039,0.998977,auto_accept
2008,MECKLENBURG - PCT 4,MECKLENBURG - 004,MECKLENBURG - 004,0.999276,auto_accept
2008,MECKLENBURG - PCT 40,MECKLENBURG - 040,MECKLENBURG - 040,0.999362,auto_accept
2008,MECKLENBURG - PCT 41,MECKLENBURG - 041,MECKLENBURG - 041,0.999307,auto_accept
2008,MECKLENBURG - PCT 42,MECKLENBURG - 042,MECKLENBURG - 042,0.999282,auto_accept
2008,MECKLENBURG - PCT 43,MECKLENBURG - 043,MECKLENBURG - 043,0.995781,auto_accept
2008,MECKLENBURG - PCT 44,MECKLENBURG - 044,MECKLENBURG - 044,0.999157,auto_accept
2008,MECKLENBURG - PCT 45,MECKLENBURG - 045,MECKLENBURG - 045,0.999228,auto_accept
2008,MECKLENBURG - PCT 46,MECKLENBURG - 046,MECKLENBURG - 046,0.982778,auto_accept
2008,MECKLENBURG - PCT 47,MECKLENBURG - 047,MECKLENBURG - 047,0.999441,auto_accept
2008,MECKLENBURG - PCT 48,MECKLENBURG - 048,MECKLENBURG - 048,0.999448,auto_accept
2008,MECKLENBURG - PCT 49,MECKLENBURG - 049,MECKLENBURG - 049,0.999182,auto_accept
2008,MECKLENBURG - PCT 5,MECKLENBURG - 005,MECKLENBURG - 005,0.999072,auto_accept
2008,MECKLENBURG - PCT 50,MECKLENBURG - 050,MECKLENBURG - 050,0.999269,auto_accept
2008,MECKLENBURG - PCT 51,MECKLENBURG - 051,MECKLENBURG - 051,0.999278,auto_accept
2008,MECKLENBURG - PCT 52,MECKLENBURG - 052,MECKLENBURG - 052,0.999521,auto_accept
2008,MECKLENBURG - PCT 53,MECKLENBURG - 053,MECKLENBURG - 053,0.996617,auto_accept
2008,MECKLENBURG - PCT 54,MECKLENBURG - 054,MECKLENBURG - 054,0.998098,auto_accept
2008,MECKLENBURG - PCT 55,MECKLENBURG - 055,MECKLENBURG - 055,0.998930,auto_accept
2008,MECKLENBURG - PCT 56,MECKLENBURG - 056,MECKLENBURG - 056,0.999425,auto_accept
2008,MECKLENBURG - PCT 57,MECKLENBURG - 057,MECKLENBURG - 057,0.999141,auto_accept
2008,MECKLENBURG - PCT 58,MECKLENBURG - 058,MECKLENBURG - 058,0.998994,auto_accept
2008,MECKLENBURG - PCT 59,MECKLENBURG - 059,MECKLENBURG - 059,0.998959,auto_accept
2008,MECKLENBURG - PCT 6,MECKLENBURG - 006,MECKLENBURG - 006,0.996995,auto_accept
2008,MECKLENBURG - PCT 60,MECKLENBURG - 060,MECKLENBURG - 060,0.999049,auto_accept
2008,MECKLENBURG - PCT 61,MECKLENBURG - 061,MECKLENBURG - 061,0.999189,auto_accept
2008,MECKLENBURG - PCT 62,MECKLENBURG - 062,MECKLENBURG - 062,0.999284,auto_accept
2008,MECKLENBURG - PCT 63,MECKLENBURG - 063,MECKLENBURG - 063,0.999325,auto_accept
2008,MECKLENBURG - PCT 64,MECKLENBURG - 064,MECKLENBURG - 064,0.999182,auto_accept
2008,MECKLENBURG - PCT 65,MECKLENBURG - 065,MECKLENBURG - 065,0.999293,auto_accept
2008,MECKLENBURG - PCT 66,MECKLENBURG - 066,MECKLENBURG - 066,0.999193,auto_accept
2008,MECKLENBURG - PCT 67,MECKLENBURG - 067,MECKLENBURG - 067,0.999463,auto_accept
2008,MECKLENBURG - PCT 68,MECKLENBURG - 068,MECKLENBURG - 068,0.999307,auto_accept
2008,MECKLENBURG - PCT 69,MECKLENBURG - 069,MECKLENBURG - 069,0.999172,auto_accept
2008,MECKLENBURG - PCT 7,MECKLENBURG - 007,MECKLENBURG - 007,0.999380,auto_accept
2008,MECKLENBURG - PCT 70,MECKLENBURG - 070,MECKLENBURG - 070,0.999389,auto_accept
2008,MECKLENBURG - PCT 71,MECKLENBURG - 071,MECKLENBURG - 071,0.999147,auto_accept
2008,MECKLENBURG - PCT 72,MECKLENBURG - 072,MECKLENBURG - 072,0.999192,auto_accept
2008,MECKLENBURG - PCT 73,MECKLENBURG - 073,MECKLENBURG - 073,0.999082,auto_accept
2008,MECKLENBURG - PCT 74,MECKLENBURG - 074,MECKLENBURG - 074,0.999254,auto_accept
2008,MECKLENBURG - PCT 75,MECKLENBURG - 075,MECKLENBURG - 075,0.999453,auto_accept
2008,MECKLENBURG - PCT 76,MECKLENBURG - 076,MECKLENBURG - 076,0.999291,auto_accept
2008,MECKLENBURG - PCT 77,MECKLENBURG - 077,,,no_crosswalk_hit
2008,MECKLENBURG - PCT 78,MECKLENBURG - 078,,,no_crosswalk_hit
2008,MECKLENBURG - PCT 79,MECKLENBURG - 079,MECKLENBURG - 079,0.987290,auto_accept
2008,MECKLENBURG - PCT 8,MECKLENBURG - 008,MECKLENBURG - 008,0.949894,auto_accept
2008,MECKLENBURG - PCT 80,MECKLENBURG - 080,MECKLENBURG - 080,0.996682,auto_accept
2008,MECKLENBURG - PCT 81,MECKLENBURG - 081,MECKLENBURG - 081,0.999290,auto_accept
2008,MECKLENBURG - PCT 82,MECKLENBURG - 082,MECKLENBURG - 082,0.997490,auto_accept
2008,MECKLENBURG - PCT 83,MECKLENBURG - 083,MECKLENBURG - 083,0.994318,auto_accept
2008,MECKLENBURG - PCT 84,MECKLENBURG - 084,MECKLENBURG - 084,0.991757,auto_accept
2008,MECKLENBURG - PCT 85,MECKLENBURG - 085,MECKLENBURG - 085,0.999509,auto_accept
2008,MECKLENBURG - PCT 86,MECKLENBURG - 086,MECKLENBURG - 086,0.999186,auto_accept
2008,MECKLENBURG - PCT 87,MECKLENBURG - 087,MECKLENBURG - 087,0.991039,auto_accept
2008,MECKLENBURG - PCT 88,MECKLENBURG - 088,MECKLENBURG - 088,0.999093,auto_accept
2008,MECKLENBURG - PCT 89,MECKLENBURG - 089,MECKLENBURG - 089,0.989630,auto_accept
2008,MECKLENBURG - PCT 9,MECKLENBURG - 009,MECKLENBURG - 009,0.999400,auto_accept
2008,MECKLENBURG - PCT 90,MECKLENBURG - 090,MECKLENBURG - 090,0.995737,auto_accept
2008,MECKLENBURG - PCT 91,MECKLENBURG - 091,MECKLENBURG - 091,0.971430,auto_accept
2008,MECKLENBURG - PCT 92,MECKLENBURG - 092,MECKLENBURG - 092,0.999371,auto_accept
2008,MECKLENBURG - PCT 93,MECKLENBURG - 093,MECKLENBURG - 093,0.999277,auto_accept
2008,MECKLENBURG - PCT 94,MECKLENBURG - 094,MECKLENBURG - 094,0.981742,auto_accept
2008,MECKLENBURG - PCT 95,MECKLENBURG - 095,MECKLENBURG - 095,0.999134,auto_accept
2008,MECKLENBURG - PCT 96,MECKLENBURG - 096,MECKLENBURG - 096,0.934645,auto_accept
2008,MECKLENBURG - PCT 97,MECKLENBURG - 097,,,no_crosswalk_hit
2008,MECKLENBURG - PCT 98,MECKLENBURG - 098,MECKLENBURG - 098,0.997115,auto_accept
2008,MECKLENBURG - PCT 99,MECKLENBURG - 099,MECKLENBURG - 099,0.982030,auto_accept
2008,MITCHELL - BAKERSVILLE,MITCHELL - 1,MITCHELL - 01,0.925511,auto_accept
2008,MITCHELL - BRADSHAW,MITCHELL - 2,MITCHELL - 02,0.983983,auto_accept
2008,MITCHELL - CANE CREEK,MITCHELL - 3,MITCHELL - 03,0.982043,auto_accept
2008,MITCHELL - GRASSY CREEK,MITCHELL - 4,MITCHELL - 04,0.996832,auto_accept
2008,MITCHELL - HARRELL,MITCHELL - 5,MITCHELL - 05,0.969403,auto_accept
2008,MITCHELL - LITTLE ROCK CREEK,MITCHELL - 6,MITCHELL - 06,0.947742,auto_accept
2008,MITCHELL - POPLAR,MITCHELL - 7,MITCHELL - 07,0.894896,auto_accept
2008,MITCHELL - RED HILL,MITCHELL - 8,MITCHELL - 08,0.911046,auto_accept
2008,MITCHELL - SNOW CREEK,MITCHELL - 9,MITCHELL - 09,0.984023,auto_accept
2008,MONTGOMERY - BISCOE,MONTGOMERY - BIS,MONTGOMERY - BIS,0.997406,auto_accept
2008,MONTGOMERY - CANDOR,MONTGOMERY - CAN,MONTGOMERY - CAN,0.999587,auto_accept
2008,MONTGOMERY - CHEEKS CREEK,MONTGOMERY - CHE,MONTGOMERY - CHE,0.999314,auto_accept
2008,MONTGOMERY - ELDORADO,MONTGOMERY - ELD,MONTGOMERY - ELD,0.997764,auto_accept
2008,MONTGOMERY - LITTLE RIVER,MONTGOMERY - LIT,MONTGOMERY - LIT,0.999872,auto_accept
2008,MONTGOMERY - MT GILEAD,MONTGOMERY - MTG,MONTGOMERY - MTG,0.998845,auto_accept
2008,MONTGOMERY - OPHIR,MONTGOMERY - OPH,MONTGOMERY - OPH,0.999848,auto_accept
2008,MONTGOMERY - PEE DEE,MONTGOMERY - PEE,MONTGOMERY - PEE,0.999735,auto_accept
2008,MONTGOMERY - ROCKY SPRINGS,MONTGOMERY - ROC,MONTGOMERY - ROC,0.994564,auto_accept
2008,MONTGOMERY - STAR,MONTGOMERY - STA,MONTGOMERY - STA,0.997889,auto_accept
2008,MONTGOMERY - TROY 1,MONTGOMERY - T1,MONTGOMERY - T1,0.999882,auto_accept
2008,MONTGOMERY - TROY 2,MONTGOMERY - T2,MONTGOMERY - T2,0.999842,auto_accept
2008,MONTGOMERY - UWHARRIE,MONTGOMERY - UWH,MONTGOMERY - UWH,0.999867,auto_accept
2008,MONTGOMERY - WADEVILLE,MONTGOMERY - WAD,MONTGOMERY - WAD,0.999787,auto_accept
2008,MOORE - BEN - BENSALEM,MOORE - BEN,MOORE - BEN,0.998935,auto_accept
2008,MOORE - CAM - CAMERON,MOORE - CAM,MOORE - CAM,0.997890,auto_accept
2008,MOORE - CAR - CARTHAGE,MOORE - CAR,MOORE - CAR,0.998232,auto_accept
2008,MOORE - DHR - DEEP RIVER/HIGH FALLS/RITTER,MOORE - D-H-R,MOORE - DHR,0.999166,auto_accept
2008,MOORE - EAB - EAST ABERDEEN,MOORE - EAB,MOORE - EAB,0.984931,auto_accept
2008,MOORE - EKWD - EAST KNOLLWOOD,,,,unmatched_vtd_name
2008,MOORE - EUR - EUREKA,MOORE - EUR,MOORE - EUR-WP,0.972643,auto_accept
2008,MOORE - EWD - EASTWOOD,MOORE - EWD,MOORE - EWD,0.984351,auto_accept
2008,MOORE - LTR - LITTLE RIVER,MOORE - LTR,MOORE - LTR,0.997313,auto_accept
2008,MOORE - NSP - NORTH SOUTHERN PINES,MOORE - NSP,MOORE - NSP,0.997737,auto_accept
2008,MOORE - PBF - PINEBLUFF,MOORE - PBF,MOORE - PBF,0.993562,auto_accept
2008,MOORE - PDN - PINEDENE,MOORE - PDN,MOORE - PDN,0.994509,auto_accept
2008,MOORE - PHA - PINEHURST A,MOORE - PH-A,,,no_crosswalk_hit
2008,MOORE - PHB1 - PINEHURST B1,,,,unmatched_vtd_name
2008,MOORE - PHB2 - PINEHURST B2,,,,unmatched_vtd_name
2008,MOORE - PHC - PINEHURST C,MOORE - PH-C,MOORE - PHC,0.990889,auto_accept
2008,MOORE - RBN - ROBBINS,MOORE - RBN,MOORE - RBN,0.994784,auto_accept
2008,MOORE - SLS - SEVEN LAKES,MOORE - SLS,MOORE - SLS,0.993526,auto_accept
2008,MOORE - SSP - SOUTH SOUTHERN PINES,MOORE - SSP,MOORE - SSP,0.978685,auto_accept
2008,MOORE - TLT - TAYLORTOWN,MOORE - TLT,MOORE - TLT,0.909497,auto_accept
2008,MOORE - VSS - VASS,MOORE - VSS,MOORE - VSS,0.992021,auto_accept
2008,MOORE - WAB - WEST ABERDEEN,MOORE - WAB,,,no_crosswalk_hit
2008,MOORE - WEM - WESTMOORE,MOORE - WEM,MOORE - WEM,0.997996,auto_accept
2008,MOORE - WKWD - WEST KNOLLWOOD,,,,unmatched_vtd_name
2008,MOORE - WND - WEST END,MOORE - WND,MOORE - WND,0.991195,auto_accept
2008,NASH - BAILEY,NASH - BAILEY,NASH - P01A,0.999195,auto_accept
2008,NASH - CASTALIA,NASH - CASTAL,NASH - P09A,0.991222,auto_accept
2008,NASH - COOPERS,NASH - COOPER,NASH - P05A,0.998775,auto_accept
2008,NASH - DRYWELLS,NASH - DRYWEL,NASH - P02A,0.995271,auto_accept
2008,NASH - FERRELLS,NASH - FERREL,NASH - P03A,0.971853,auto_accept
2008,NASH - GRIFFINS,NASH - GRIFF,NASH - P10A,0.999267,auto_accept
2008,NASH - JACKSONS,NASH - JACKS,NASH - P04A,0.998519,auto_accept
2008,NASH - MANNINGS NO 1,,,,unmatched_vtd_name
2008,NASH - MANNINGS NO 2,,,,unmatched_vtd_name
2008,NASH - NASHVILLE,NASH - NASH,NASH - P08A,0.977012,auto_accept
2008,NASH - NORTH WHITAKERS NO 1,,,,unmatched_vtd_name
2008,NASH - NORTH WHITAKERS NO 2,,,,unmatched_vtd_name
2008,NASH - OAK LEVEL,NASH - OAKLEV,NASH - P15A,0.981565,auto_accept
2008,NASH - RED OAK,NASH - REDOAK,NASH - P11A,0.994316,auto_accept
2008,NASH - ROCKY MOUNT NO 1,,,,unmatched_vtd_name
2008,NASH - ROCKY MOUNT NO 10,,,,unmatched_vtd_name
2008,NASH - ROCKY MOUNT NO 2,,,,unmatched_vtd_name
2008,NASH - ROCKY MOUNT NO 3,,,,unmatched_vtd_name
2008,NASH - ROCKY MOUNT NO 4,,,,unmatched_vtd_name
2008,NASH - ROCKY MOUNT NO 5,,,,unmatched_vtd_name
2008,NASH - ROCKY MOUNT NO 6,,,,unmatched_vtd_name
2008,NASH - ROCKY MOUNT NO 7,,,,unmatched_vtd_name
2008,NASH - ROCKY MOUNT NO 8,,,,unmatched_vtd_name
2008,NASH - ROCKY MOUNT NO 9,,,,unmatched_vtd_name
2008,NASH - SOUTH WHITAKERS,NASH - SWHIT,NASH - P16A,0.983012,auto_accept
2008,NASH - STONY CREEK,NASH - SC,NASH - P14A,0.997256,auto_accept
2008,NEW HANOVER - CF01,NEW HANOVER - CF01,NEW HANOVER - CF01,0.998675,auto_accept
2008,NEW HANOVER - CF02,NEW HANOVER - CF02,NEW HANOVER - CF02,0.997687,auto_accept
2008,NEW HANOVER - CF05,,,,unmatched_vtd_name
2008,NEW HANOVER - CF06,,,,unmatched_vtd_name
2008,NEW HANOVER - FP02,NEW HANOVER - FP02,NEW HANOVER - FP08,0.999013,auto_accept
2008,NEW HANOVER - FP03,NEW HANOVER - FP03,NEW HANOVER - FP03,0.990771,auto_accept
2008,NEW HANOVER - FP04,NEW HANOVER - FP04,NEW HANOVER - FP04,0.999718,auto_accept
2008,NEW HANOVER - FP05,NEW HANOVER - FP05,NEW HANOVER - FP08,0.904851,auto_accept
2008,NEW HANOVER - FP06,,,,unmatched_vtd_name
2008,NEW HANOVER - FP07,,,,unmatched_vtd_name
2008,NEW HANOVER - H01,NEW HANOVER - H01,NEW HANOVER - H01,0.982507,auto_accept
2008,NEW HANOVER - H02,NEW HANOVER - H02,NEW HANOVER - H02,0.998572,auto_accept
2008,NEW HANOVER - H03,NEW HANOVER - H03,NEW HANOVER - W33,0.999619,auto_accept
2008,NEW HANOVER - H04,NEW HANOVER - H04,NEW HANOVER - H04,0.997376,auto_accept
2008,NEW HANOVER - H05,NEW HANOVER - H05,NEW HANOVER - H05,0.999408,auto_accept
2008,NEW HANOVER - H06,NEW HANOVER - H06,NEW HANOVER - H06,0.997874,auto_accept
2008,NEW HANOVER - H08,NEW HANOVER - H08,NEW HANOVER - H08,0.986009,auto_accept
2008,NEW HANOVER - H09,NEW HANOVER - H09,,,no_crosswalk_hit
2008,NEW HANOVER - H10,,,,unmatched_vtd_name
2008,NEW HANOVER - H11,,,,unmatched_vtd_name
2008,NEW HANOVER - M02,NEW HANOVER - M02,NEW HANOVER - M02,0.996914,auto_accept
2008,NEW HANOVER - M03,NEW HANOVER - M03,NEW HANOVER - M03,0.998382,auto_accept
2008,NEW HANOVER - M04,NEW HANOVER - M04,NEW HANOVER - M04,0.991527,auto_accept
2008,NEW HANOVER - M06,,,,unmatched_vtd_name
2008,NEW HANOVER - M07,,,,unmatched_vtd_name
2008,NEW HANOVER - W03,NEW HANOVER - W03,NEW HANOVER - W03,0.999393,auto_accept
2008,NEW HANOVER - W08,NEW HANOVER - W08,NEW HANOVER - W08,0.999316,auto_accept
2008,NEW HANOVER - W12,NEW HANOVER - W12,NEW HANOVER - W12,0.996978,auto_accept
2008,NEW HANOVER - W13,NEW HANOVER - W13,NEW HANOVER - W34,0.999842,auto_accept
2008,NEW HANOVER - W15,NEW HANOVER - W15,NEW HANOVER - W15,0.971397,auto_accept
2008,NEW HANOVER - W16,NEW HANOVER - W16,NEW HANOVER - W16,0.994407,auto_accept
2008,NEW HANOVER - W17,NEW HANOVER - W17,NEW HANOVER - W17,0.983464,auto_accept
2008,NEW HANOVER - W18,NEW HANOVER - W18,NEW HANOVER - W35,0.928705,auto_accept
2008,NEW HANOVER - W21,NEW HANOVER - W21,NEW HANOVER - W21,0.976033,auto_accept
2008,NEW HANOVER - W24,NEW HANOVER - W24,NEW HANOVER - W34,0.999375,auto_accept
2008,NEW HANOVER - W25,,,,unmatched_vtd_name
2008,NEW HANOVER - W26,,,,unmatched_vtd_name
2008,NEW HANOVER - W27,,,,unmatched_vtd_name
2008,NEW HANOVER - W28,,,,unmatched_vtd_name
2008,NEW HANOVER - W29,,,,unmatched_vtd_name
2008,NEW HANOVER - W30,,,,unmatched_vtd_name
2008,NEW HANOVER - W31,,,,unmatched_vtd_name
2008,NEW HANOVER - WB,NEW HANOVER - WB,NEW HANOVER - WB,0.999651,auto_accept
2008,NORTHAMPTON - CONWAY,NORTHAMPTON - CON,NORTHAMPTON - COMIPE,0.999889,auto_accept
2008,NORTHAMPTON - CREEKSVILLE,NORTHAMPTON - CRE,NORTHAMPTON - CREEKS,0.999841,auto_accept
2008,NORTHAMPTON - GALATIA,NORTHAMPTON - GAL,NORTHAMPTON - GALATI,0.999645,auto_accept
2008,NORTHAMPTON - GARYSBURG,NORTHAMPTON - GAR,NORTHAMPTON - GAPL,0.998516,auto_accept
2008,NORTHAMPTON - GASTON,NORTHAMPTON - GAS,NORTHAMPTON - GASTON,0.999393,auto_accept
2008,NORTHAMPTON - JACKSON,NORTHAMPTON - JAC,NORTHAMPTON - JARE,0.991326,auto_accept
2008,NORTHAMPTON - LAKE GASTON,NORTHAMPTON - LG,NORTHAMPTON - LAKE G,0.997713,auto_accept
2008,NORTHAMPTON - LASKER,NORTHAMPTON - LAS,NORTHAMPTON - LASKER,0.999707,auto_accept
2008,NORTHAMPTON - MILWAUKEE,NORTHAMPTON - MIL,NORTHAMPTON - COMIPE,0.999686,auto_accept
2008,NORTHAMPTON - NEWTOWN,NORTHAMPTON - NEW,NORTHAMPTON - NEWTOW,0.998810,auto_accept
2008,NORTHAMPTON - PENDLETON,NORTHAMPTON - PEN,NORTHAMPTON - COMIPE,0.999928,auto_accept
2008,NORTHAMPTON - PLEASANT HILL,NORTHAMPTON - PHILL,NORTHAMPTON - GAPL,0.999841,auto_accept
2008,NORTHAMPTON - POTECASI,NORTHAMPTON - POT,NORTHAMPTON - WOPO,0.999912,auto_accept
2008,NORTHAMPTON - REHOBETH,NORTHAMPTON - REH,NORTHAMPTON - JARE,0.998387,auto_accept
2008,NORTHAMPTON - RICH SQUARE,NORTHAMPTON - RS,NORTHAMPTON - RICH S,0.997508,auto_accept
2008,NORTHAMPTON - SEABOARD,NORTHAMPTON - SEA,NORTHAMPTON - SEABOA,0.999783,auto_accept
2008,NORTHAMPTON - SEVERN,NORTHAMPTON - SEV,NORTHAMPTON - SEVERN,0.997208,auto_accept
2008,NORTHAMPTON - WOODLAND,NORTHAMPTON - WL,NORTHAMPTON - WOPO,0.998288,auto_accept
2008,ONSLOW - BC21,ONSLOW - BC21,ONSLOW - BC21,0.994103,auto_accept
2008,ONSLOW - BM08,ONSLOW - BM08,ONSLOW - BM08,0.999804,auto_accept
2008,ONSLOW - CL10,ONSLOW - CL10,ONSLOW - CL10,0.999172,auto_accept
2008,ONSLOW - CR07,ONSLOW - CR07,ONSLOW - CR07,0.999798,auto_accept
2008,ONSLOW - EN03,ONSLOW - EN03,ONSLOW - EN03,0.997341,auto_accept
2008,ONSLOW - FS16,ONSLOW - FS16,ONSLOW - FS16,0.996883,auto_accept
2008,ONSLOW - GB12,ONSLOW - GB12,ONSLOW - GB12,0.999863,auto_accept
2008,ONSLOW - HM05,ONSLOW - HM05,ONSLOW - HM05,0.987038,auto_accept
2008,ONSLOW - HN14,ONSLOW - HN14,ONSLOW - HN14,0.993140,auto_accept
2008,ONSLOW - HR17,ONSLOW - HR17,ONSLOW - HR17,0.978052,auto_accept
2008,ONSLOW - HU20,ONSLOW - HU20,ONSLOW - HU20,0.999448,auto_accept
2008,ONSLOW - JA01,ONSLOW - JA01,ONSLOW - JA01,0.998120,auto_accept
2008,ONSLOW - ML23,ONSLOW - ML23,ONSLOW - ML23,0.995607,auto_accept
2008,ONSLOW - MT24,ONSLOW - MT24,ONSLOW - MT24,0.998933,auto_accept
2008,ONSLOW - NE22A,,,,unmatched_vtd_name
2008,ONSLOW - NE22B,,,,unmatched_vtd_name
2008,ONSLOW - NM13,ONSLOW - NM13,ONSLOW - NM13,0.981998,auto_accept
2008,ONSLOW - NR02,ONSLOW - NR02,ONSLOW - NR02,0.999707,auto_accept
2008,ONSLOW - RL09,ONSLOW - RL09,ONSLOW - RL09,0.994464,auto_accept
2008,ONSLOW - SF18,ONSLOW - SF18,ONSLOW - SF18,0.999709,auto_accept
2008,ONSLOW - SW19,ONSLOW - SW19,ONSLOW - SW19,0.987035,auto_accept
2008,ONSLOW - TL06,ONSLOW - TL06,ONSLOW - TL06,0.999813,auto_accept
2008,ONSLOW - VR15,ONSLOW - VR15,ONSLOW - VR15,0.999651,auto_accept
2008,ONSLOW - WN04,ONSLOW - WN04,ONSLOW - WN04,0.999489,auto_accept
2008,ORANGE - BATTLE PARK,ORANGE - BP,ORANGE - EA1,0.998940,auto_accept
2008,ORANGE - BOOKER CREEK,ORANGE - BC,ORANGE - CF1,0.858304,auto_accept
2008,ORANGE - CALDWELL,ORANGE - CW,ORANGE - CW,0.989593,auto_accept
2008,ORANGE - CAMERON PARK,ORANGE - CP,,,no_crosswalk_hit
2008,ORANGE - CARR,ORANGE - CARR,ORANGE - CA,0.988342,auto_accept
2008,ORANGE - CARRBORO,,,,ambiguous_vtd_name
2008,ORANGE - CEDAR FALLS,ORANGE - CF,ORANGE - CF1,0.996394,auto_accept
2008,ORANGE - CEDAR GROVE,ORANGE - CG,ORANGE - CG,0.987132,auto_accept
2008,ORANGE - CHEEKS,ORANGE - CX,ORANGE - CX,0.975362,auto_accept
2008,ORANGE - COKER HILLS,ORANGE - CH,ORANGE - CH,0.999022,auto_accept
2008,ORANGE - COLES STORE,ORANGE - CS,,,no_crosswalk_hit
2008,ORANGE - COLONIAL HEIGHTS,ORANGE - CO,ORANGE - CO,0.999204,auto_accept
2008,ORANGE - COUNTRY CLUB,,,,unmatched_vtd_name
2008,ORANGE - DAMASCUS,,,,unmatched_vtd_name
2008,ORANGE - DOGWOOD ACRES,ORANGE - DA,,,no_crosswalk_hit
2008,ORANGE - EAST FRANKLIN,ORANGE - EA,,,no_crosswalk_hit
2008,ORANGE - EASTSIDE,ORANGE - ES,ORANGE - ES,0.999451,auto_accept
2008,ORANGE - EFLAND,ORANGE - EF,ORANGE - EF,0.973203,auto_accept
2008,ORANGE - ENO,ORANGE - E,ORANGE - ENO,0.954936,auto_accept
2008,ORANGE - ESTES HILLS,ORANGE - EH,ORANGE - EH,0.965577,auto_accept
2008,ORANGE - GLENWOOD,ORANGE - GL,ORANGE - GL,0.997474,auto_accept
2008,ORANGE - GRADY BROWN,ORANGE - GB,ORANGE - GB,0.917985,auto_accept
2008,ORANGE - GREENWOOD,ORANGE - GR,ORANGE - UNC,0.999746,auto_accept
2008,ORANGE - HILLSBOROUGH,ORANGE - H,,,no_crosswalk_hit
2008,ORANGE - HOGAN FARMS,,,,unmatched_vtd_name
2008,ORANGE - KINGS MILL,ORANGE - KM,ORANGE - KM,0.994370,auto_accept
2008,ORANGE - LINCOLN,ORANGE - LI,ORANGE - WW1,0.878959,auto_accept
2008,ORANGE - LIONS CLUB,ORANGE - LC,,,no_crosswalk_hit
2008,ORANGE - MASON FARM,ORANGE - MF,ORANGE - UNC,0.995281,auto_accept
2008,ORANGE - NORTH CARRBORO,ORANGE - NC,ORANGE - NC,0.993162,auto_accept
2008,ORANGE - NORTHSIDE,ORANGE - NS,ORANGE - NS,0.991737,auto_accept
2008,ORANGE - ORANGE GROVE,ORANGE - OG,ORANGE - OG,0.999269,auto_accept
2008,ORANGE - OWASA,ORANGE - OW,ORANGE - OW1,0.998794,auto_accept
2008,ORANGE - PATTERSON,ORANGE - PA,ORANGE - PA,0.927388,auto_accept
2008,ORANGE - RIDGEFIELD,ORANGE - RF,ORANGE - RF,0.998852,auto_accept
2008,ORANGE - ST JOHN,,,,unmatched_vtd_name
2008,ORANGE - ST MARYS,ORANGE - SM,ORANGE - SM,0.966278,auto_accept
2008,ORANGE - TOLARS,ORANGE - TO,ORANGE - TO,0.985347,auto_accept
2008,ORANGE - TOWN HALL,ORANGE - TH,ORANGE - TH1,0.987443,auto_accept
2008,ORANGE - WEAVER DAIRY,,,,ambiguous_vtd_name
2008,ORANGE - WEAVER DAIRY SAT,,,,unmatched_vtd_name
2008,ORANGE - WEST HILLSBOROUGH,ORANGE - WH,,,no_crosswalk_hit
2008,ORANGE - WESTWOOD,ORANGE - WW,ORANGE - WW1,0.997194,auto_accept
2008,ORANGE - WHITE CROSS,ORANGE - WC,ORANGE - WC,0.992283,auto_accept
2008,PAMLICO - ALLIANCE,PAMLICO - 1AL,PAMLICO - 1CR,0.999043,auto_accept
2008,PAMLICO - ARAPAHOE,PAMLICO - 5AP,PAMLICO - 5AP,0.999923,auto_accept
2008,PAMLICO - BAYBORO,PAMLICO - 3BY,PAMLICO - 3CH,0.999910,auto_accept
2008,PAMLICO - GRANTSBORO,,,,unmatched_vtd_name
2008,PAMLICO - HOBUCKEN,PAMLICO - 4HB,PAMLICO - 4BR,0.975367,auto_accept
2008,PAMLICO - MESIC,,,,unmatched_vtd_name
2008,PAMLICO - ORIENTAL,PAMLICO - 2OT,PAMLICO - 2OT,0.999901,auto_accept
2008,PAMLICO - REELSBORO,PAMLICO - 1RB,PAMLICO - 1RB,0.982385,auto_accept
2008,PAMLICO - STONEWALL,PAMLICO - 2SW,PAMLICO - 3CH,0.999869,auto_accept
2008,PAMLICO - VANDEMERE,PAMLICO - 4VM,PAMLICO - 4BR,0.999847,auto_accept
2008,PASQUOTANK - 1-A ELIZABETH CITY,,,,unmatched_vtd_name
2008,PASQUOTANK - 1-B ELIZABETH CITY,,,,unmatched_vtd_name
2008,PASQUOTANK - 2-A ELIZABETH CITY,,,,unmatched_vtd_name
2008,PASQUOTANK - 2-B ELIZABETH CITY,,,,unmatched_vtd_name
2008,PASQUOTANK - 3-A ELIZABETH CITY,,,,unmatched_vtd_name
2008,PASQUOTANK - 3-B ELIZABETH CITY,,,,unmatched_vtd_name
2008,PASQUOTANK - 4-A ELIZABETH CITY,,,,unmatched_vtd_name
2008,PASQUOTANK - 4-B ELIZABETH CITY,,,,unmatched_vtd_name
2008,PASQUOTANK - MT  HERMON,,,,unmatched_vtd_name
2008,PASQUOTANK - NEWLAND,PASQUOTANK - NEW,PASQUOTANK - NEW,0.999274,auto_accept
2008,PASQUOTANK - NIXONTON,PASQUOTANK - NIX,PASQUOTANK - NIX,0.997570,auto_accept
2008,PASQUOTANK - PROVIDENCE,PASQUOTANK - PRO,PASQUOTANK - PRO,0.994378,auto_accept
2008,PASQUOTANK - SALEM,PASQUOTANK - SAL,PASQUOTANK - SAL,0.997726,auto_accept
2008,PENDER - CANETUCK,PENDER - CT03,PENDER - CT03,0.998269,auto_accept
2008,PENDER - CAPE FEAR,,,,unmatched_vtd_name
2008,PENDER - CASWELL,PENDER - CS04,PENDER - CS04,0.998720,auto_accept
2008,PENDER - COLUMBIA,PENDER - CL05,PENDER - CL05,0.999873,auto_accept
2008,PENDER - GRADY,PENDER - GR06,PENDER - GR06,0.996379,auto_accept
2008,PENDER - LONG CREEK,PENDER - LC09,PENDER - LC09,0.999985,auto_accept
2008,PENDER - LOWER TOPSAIL,PENDER - LT14,PENDER - LT18,0.863465,auto_accept
2008,PENDER - LOWER UNION,PENDER - LU16,PENDER - LU16,0.996937,auto_accept
2008,PENDER - MIDDLE HOLLY,PENDER - MH07,PENDER - NB02,0.999991,auto_accept
2008,PENDER - MIDDLE TOPSAIL,,,,unmatched_vtd_name
2008,PENDER - NORTH BURGAW,PENDER - NB01,PENDER - NB02,0.999999,auto_accept
2008,PENDER - PENDERLEA,PENDER - PL10,PENDER - UU18,1.000000,auto_accept
2008,PENDER - ROCKY POINT,PENDER - RP11,,,no_crosswalk_hit
2008,PENDER - SCOTTS HILL,PENDER - SH12,PENDER - SH12,0.974757,auto_accept
2008,PENDER - SLOOP POINT,,,,unmatched_vtd_name
2008,PENDER - SOUTH BURGAW,PENDER - SB02,PENDER - SB02,1.000000,auto_accept
2008,PENDER - SURF CITY,PENDER - SC13,PENDER - SC13,0.999233,auto_accept
2008,PENDER - UPPER HOLLY,PENDER - UH08,PENDER - UH08,0.997116,auto_accept
2008,PENDER - UPPER TOPSAIL,PENDER - UT15,,,no_crosswalk_hit
2008,PENDER - UPPER UNION,PENDER - UU17,PENDER - UU18,0.995256,auto_accept
2008,PERQUIMANS - BELVIDERE,PERQUIMANS - BELVID,PERQUIMANS - BELVID,0.999647,auto_accept
2008,PERQUIMANS - BETHEL,PERQUIMANS - BETHEL,PERQUIMANS - BETHEL,0.999416,auto_accept
2008,PERQUIMANS - EAST HERTFORD,PERQUIMANS - EHERTF,PERQUIMANS - EAST H,0.982650,auto_accept
2008,PERQUIMANS - NEW HOPE,PERQUIMANS - NEWHOP,PERQUIMANS - NEW HO,0.999803,auto_accept
2008,PERQUIMANS - NICANOR,PERQUIMANS - NICANO,PERQUIMANS - NICANO,0.999592,auto_accept
2008,PERQUIMANS - PARKVILLE,PERQUIMANS - PARKVI,PERQUIMANS - PARKVI,0.999575,auto_accept
2008,PERQUIMANS - WEST HERTFORD,PERQUIMANS - WHERTF,PERQUIMANS - WEST H,0.997282,auto_accept
2008,PERSON - ALLENSVILLE,PERSON - ALVI,PERSON - ALVI,0.989997,auto_accept
2008,PERSON - BUSHY FORK,,,,unmatched_vtd_name
2008,PERSON - CUNNINGHAM/CHUB LAKE,PERSON - CUCL,PERSON - CUCL,0.996856,auto_accept
2008,PERSON - FLAT RIVER,PERSON - FLRI,PERSON - FLHE,0.970882,auto_accept
2008,PERSON - HOLLOWAY,PERSON - HLWY,PERSON - HLWY,0.971860,auto_accept
2008,PERSON - HURDLE MILLS,PERSON - HUML,PERSON - SWST,0.934475,auto_accept
2008,PERSON - MT TIRZAH,PERSON - MTTZ,PERSON - MTTZ,0.969525,auto_accept
2008,PERSON - OLIVE HILL,PERSON - OLHI,PERSON - OLHI,0.982266,auto_accept
2008,PERSON - ROXBORO 1,PERSON - ROX1,PERSON - RCOB,0.984537,auto_accept
2008,PERSON - ROXBORO 1A,PERSON - RX1A,PERSON - RCOB,0.997478,auto_accept
2008,PERSON - ROXBORO 2,PERSON - ROX2,PERSON - PNTH,0.957604,auto_accept
2008,PERSON - ROXBORO 3,PERSON - ROX3,PERSON - PNTH,0.937520,auto_accept
2008,PERSON - ROXBORO 4,PERSON - ROX4,PERSON - ROXL,0.999949,auto_accept
2008,PERSON - WOODSDALE,PERSON - WDSD,PERSON - WDSD,0.999439,auto_accept
2008,PITT - ARTHUR,,,,unmatched_vtd_name
2008,PITT - AYDEN A,,,,unmatched_vtd_name
2008,PITT - AYDEN B,,,,unmatched_vtd_name
2008,PITT - BELVOIR,,,,unmatched_vtd_name
2008,PITT - BETHEL,,,,unmatched_vtd_name
2008,PITT - CAROLINA,,,,unmatched_vtd_name
2008,PITT - CHICOD,,,,unmatched_vtd_name
2008,PITT - FALKLAND,,,,unmatched_vtd_name
2008,PITT - FARMVILLE A,,,,unmatched_vtd_name
2008,PITT - FARMVILLE B,,,,unmatched_vtd_name
2008,PITT - FOUNTAIN,,,,unmatched_vtd_name
2008,PITT - GREENVILLE #1,,,,unmatched_vtd_name
2008,PITT - GREENVILLE #10A,,,,unmatched_vtd_name
2008,PITT - GREENVILLE #10B,,,,unmatched_vtd_name
2008,PITT - GREENVILLE #11A,,,,unmatched_vtd_name
2008,PITT - GREENVILLE #11B,,,,unmatched_vtd_name
2008,PITT - GREENVILLE #12A,,,,unmatched_vtd_name
2008,PITT - GREENVILLE #12B,,,,unmatched_vtd_name
2008,PITT - GREENVILLE #3,,,,unmatched_vtd_name
2008,PITT - GREENVILLE #4,,,,unmatched_vtd_name
2008,PITT - GREENVILLE #5A,,,,unmatched_vtd_name
2008,PITT - GREENVILLE #5B,,,,unmatched_vtd_name
2008,PITT - GREENVILLE #6,,,,unmatched_vtd_name
2008,PITT - GREENVILLE #7,,,,unmatched_vtd_name
2008,PITT - GREENVILLE #7B,,,,unmatched_vtd_name
2008,PITT - GREENVILLE #8A,,,,unmatched_vtd_name
2008,PITT - GREENVILLE #8B,,,,unmatched_vtd_name
2008,PITT - GREENVILLE #9,,,,unmatched_vtd_name
2008,PITT - GRIFTON,,,,unmatched_vtd_name
2008,PITT - GRIMESLAND,,,,unmatched_vtd_name
2008,PITT - PACTOLUS,,,,unmatched_vtd_name
2008,PITT - SIMPSON A,,,,unmatched_vtd_name
2008,PITT - SIMPSON B,,,,unmatched_vtd_name
2008,PITT - SWIFT CREEK,,,,unmatched_vtd_name
2008,PITT - WINTERVILLE CENTRAL A,,,,unmatched_vtd_name
2008,PITT - WINTERVILLE CENTRAL B,,,,unmatched_vtd_name
2008,PITT - WINTERVILLE EAST A,,,,unmatched_vtd_name
2008,PITT - WINTERVILLE EAST B,,,,unmatched_vtd_name
2008,POLK - COLUMBUS-1,POLK - 07,POLK - CL07,0.985494,auto_accept
2008,POLK - COLUMBUS-2,POLK - 08,POLK - CL08,0.973731,auto_accept
2008,POLK - COOPERS GAP,,,,unmatched_vtd_name
2008,POLK - GREEN CREEK,POLK - 09,POLK - GC09,0.997581,auto_accept
2008,POLK - SALUDA,POLK - 04,POLK - SA04,0.977417,auto_accept
2008,POLK - TRYON,,,,unmatched_vtd_name
2008,POLK - WHITE OAK,POLK - 06,POLK - WO06,0.987698,auto_accept
2008,RANDOLPH - ARCHDALE 1,RANDOLPH - 1,RANDOLPH - AR,0.987356,auto_accept
2008,RANDOLPH - ARCHDALE 2,RANDOLPH - 2,RANDOLPH - AR,0.992820,auto_accept
2008,RANDOLPH - ARCHDALE 3,RANDOLPH - 3,RANDOLPH - AR,0.991184,auto_accept
2008,RANDOLPH - ASHEBORO ARMORY,RANDOLPH - 4,RANDOLPH - AS,0.999656,auto_accept
2008,RANDOLPH - ASHEBORO EASTSIDE,RANDOLPH - 5,RANDOLPH - AE,0.999709,auto_accept
2008,RANDOLPH - ASHEBORO LINDLEY PARK,RANDOLPH - 6,RANDOLPH - AE,0.999218,auto_accept
2008,RANDOLPH - ASHEBORO LOFLIN,RANDOLPH - 7,RANDOLPH - AW,0.999387,auto_accept
2008,RANDOLPH - ASHEBORO MCCRARY,RANDOLPH - 8,RANDOLPH - AW,0.999661,auto_accept
2008,RANDOLPH - ASHEBORO NORTH 1,RANDOLPH - 9,RANDOLPH - AN,0.994751,auto_accept
2008,RANDOLPH - ASHEBORO NORTH 2,RANDOLPH - 10,RANDOLPH - AN,0.995316,auto_accept
2008,RANDOLPH - ASHEBORO SOUTHPOINTE,RANDOLPH - 11,RANDOLPH - AS,0.980767,auto_accept
2008,RANDOLPH - ASHEBORO WESTSIDE,RANDOLPH - 12,RANDOLPH - AW,0.999951,auto_accept
2008,RANDOLPH - BACK CREEK,RANDOLPH - 13,RANDOLPH - BC,0.998918,auto_accept
2008,RANDOLPH - BROWER,RANDOLPH - 14,RANDOLPH - SO,0.999937,auto_accept
2008,RANDOLPH - CEDAR GROVE EAST,RANDOLPH - 15,RANDOLPH - UG,0.999937,auto_accept
2008,RANDOLPH - CEDAR GROVE WEST,RANDOLPH - 16,RANDOLPH - UG,0.999915,auto_accept
2008,RANDOLPH - COLERIDGE,RANDOLPH - 17,RANDOLPH - SE,0.998941,auto_accept
2008,RANDOLPH - CONCORD,RANDOLPH - 18,RANDOLPH - SW,0.999151,auto_accept
2008,RANDOLPH - FALLS,RANDOLPH - 19,RANDOLPH - DR,0.999667,auto_accept
2008,RANDOLPH - FRANKLINVILLE,RANDOLPH - 20,RANDOLPH - DR,0.999474,auto_accept
2008,RANDOLPH - GRANT,RANDOLPH - 21,RANDOLPH - GR,0.999333,auto_accept
2008,RANDOLPH - LEVEL CROSS,RANDOLPH - 22,RANDOLPH - LC,0.998176,auto_accept
2008,RANDOLPH - LIBERTY,RANDOLPH - 23,RANDOLPH - LB,0.998551,auto_accept
2008,RANDOLPH - NEW HOPE,RANDOLPH - 24,RANDOLPH - SW,0.999307,auto_accept
2008,RANDOLPH - NEW MARKET NORTH,RANDOLPH - 25,RANDOLPH - NM,0.999556,auto_accept
2008,RANDOLPH - NEW MARKET SOUTH,RANDOLPH - 26,RANDOLPH - NM,0.999083,auto_accept
2008,RANDOLPH - PLEASANT GROVE,RANDOLPH - 27,RANDOLPH - SE,0.998480,auto_accept
2008,RANDOLPH - PROSPECT,RANDOLPH - 28,RANDOLPH - TR,0.993088,auto_accept
2008,RANDOLPH - PROVIDENCE 1,RANDOLPH - 29,RANDOLPH - PR,0.998020,auto_accept
2008,RANDOLPH - PROVIDENCE 2,RANDOLPH - 30,RANDOLPH - PR,0.998788,auto_accept
2008,RANDOLPH - RAMSEUR,RANDOLPH - 31,RANDOLPH - RM,0.999477,auto_accept
2008,RANDOLPH - RANDLEMAN EAST,RANDOLPH - 32,RANDOLPH - RN,0.992025,auto_accept
2008,RANDOLPH - RANDLEMAN WEST,RANDOLPH - 33,RANDOLPH - RN,0.999821,auto_accept
2008,RANDOLPH - RICHLAND,RANDOLPH - 34,RANDOLPH - SO,0.999806,auto_accept
2008,RANDOLPH - STALEY,RANDOLPH - 35,RANDOLPH - ST,0.999535,auto_accept
2008,RANDOLPH - TABERNACLE,RANDOLPH - 36,RANDOLPH - TB,0.999850,auto_accept
2008,RANDOLPH - TRINITY EAST,RANDOLPH - 37,RANDOLPH - TR,0.997425,auto_accept
2008,RANDOLPH - TRINITY TABERNACLE,RANDOLPH - 38,RANDOLPH - TT,0.999731,auto_accept
2008,RANDOLPH - TRINITY WEST,RANDOLPH - 39,RANDOLPH - TR,0.999607,auto_accept
2008,RANDOLPH - UNION,RANDOLPH - 40,RANDOLPH - UG,0.999286,auto_accept
2008,RICHMOND - BEAVER DAM #1,RICHMOND - BD1,RICHMOND - 10,0.996174,auto_accept
2008,RICHMOND - BEAVER DAM #2,RICHMOND - BD2,RICHMOND - 11,1.000000,auto_accept
2008,RICHMOND - BLACK JACK #1,,,,unmatched_vtd_name
2008,RICHMOND - MARKS CREEK #1,RICHMOND - MC1,RICHMOND - 08,0.997187,auto_accept
2008,RICHMOND - MARKS CREEK #2,RICHMOND - MC2,RICHMOND - 09,0.997862,auto_accept
2008,RICHMOND - MINERAL SPRINGS #1,RICHMOND - MS1,RICHMOND - 12,0.999213,auto_accept
2008,RICHMOND - MINERAL SPRINGS #2,RICHMOND - MS2,RICHMOND - 13,0.999156,auto_accept
2008,RICHMOND - ROCKINGHAM #1,RICHMOND - R1,RICHMOND - 01,0.997438,auto_accept
2008,RICHMOND - ROCKINGHAM #2,RICHMOND - R2,RICHMOND - 02,0.995626,auto_accept
2008,RICHMOND - ROCKINGHAM #3,RICHMOND - R3,RICHMOND - 03,0.999740,auto_accept
2008,RICHMOND - STEELES #1,RICHMOND - S1,RICHMOND - 14,0.996514,auto_accept
2008,RICHMOND - STEELES #2,RICHMOND - S2,RICHMOND - 15,0.999281,auto_accept
2008,RICHMOND - WOLF PIT #1,RICHMOND - WP1,RICHMOND - 04,0.995518,auto_accept
2008,RICHMOND - WOLF PIT #2,RICHMOND - WP2,RICHMOND - 05,0.990894,auto_accept
2008,RICHMOND - WOLF PIT #3,RICHMOND - WP3,RICHMOND - 06,0.991593,auto_accept
2008,RICHMOND - WOLF PIT #4,RICHMOND - WP4,RICHMOND - 07,0.992632,auto_accept
2008,ROBESON - ALFORDSVILLE,ROBESON - 1,ROBESON - 01,0.997183,auto_accept
2008,ROBESON - BACK SWAMP,,,,unmatched_vtd_name
2008,ROBESON - BRITTS,ROBESON - 3,ROBESON - 03,0.999334,auto_accept
2008,ROBESON - BURNT SWAMP,ROBESON - 4,ROBESON - 04,0.996044,auto_accept
2008,ROBESON - EAST HOWELLSVILLE,ROBESON - 8,ROBESON - 08,0.992372,auto_accept
2008,ROBESON - FAIRMONT #1,ROBESON - 5,ROBESON - 05A,0.999854,auto_accept
2008,ROBESON - FAIRMONT #2,ROBESON - 6,ROBESON - 05A,0.999870,auto_accept
2008,ROBESON - GADDYS,,,,unmatched_vtd_name
2008,ROBESON - LUMBER BRIDGE,ROBESON - 10,ROBESON - 10,0.999820,auto_accept
2008,ROBESON - LUMBERTON #1,ROBESON - 11,ROBESON - 11,0.999014,auto_accept
2008,ROBESON - LUMBERTON #11A,,,,unmatched_vtd_name
2008,ROBESON - LUMBERTON #2,ROBESON - 12,ROBESON - 12,0.999476,auto_accept
2008,ROBESON - LUMBERTON #3,ROBESON - 13,ROBESON - 13,0.999384,auto_accept
2008,ROBESON - LUMBERTON #4,ROBESON - 14,ROBESON - 14,0.999546,auto_accept
2008,ROBESON - LUMBERTON #5,ROBESON - 15,ROBESON - 15,0.999446,auto_accept
2008,ROBESON - LUMBERTON #6,ROBESON - 16,ROBESON - 16,0.993082,auto_accept
2008,ROBESON - LUMBERTON #7,ROBESON - 17,ROBESON - 17,0.999403,auto_accept
2008,ROBESON - LUMBERTON #8A,,,,unmatched_vtd_name
2008,ROBESON - MAXTON,ROBESON - 19,ROBESON - 19,0.995795,auto_accept
2008,ROBESON - NORTH PEMBROKE,ROBESON - 22,ROBESON - 22,0.999652,auto_accept
2008,ROBESON - NORTH ST PAULS,ROBESON - 31,ROBESON - 32A,0.996784,auto_accept
2008,ROBESON - ORRUM,ROBESON - 20,ROBESON - 20,0.997091,auto_accept
2008,ROBESON - OXENDINE,ROBESON - 34,ROBESON - 34,0.999093,auto_accept
2008,ROBESON - PARKTON,ROBESON - 21,ROBESON - 21,0.984647,auto_accept
2008,ROBESON - PHILADELPHUS,,,,unmatched_vtd_name
2008,ROBESON - PROSPECT,ROBESON - 35,ROBESON - 35,0.999835,auto_accept
2008,ROBESON - RAFT SWAMP,ROBESON - 25,ROBESON - 25,0.999748,auto_accept
2008,ROBESON - RED SPRINGS #1,ROBESON - 26,ROBESON - 26A,0.999253,auto_accept
2008,ROBESON - RED SPRINGS #2,ROBESON - 27,ROBESON - 26A,0.999739,auto_accept
2008,ROBESON - RENNERT,ROBESON - 28,ROBESON - 28,0.999664,auto_accept
2008,ROBESON - ROWLAND,ROBESON - 29,ROBESON - 29,0.999691,auto_accept
2008,ROBESON - SADDLETREE,ROBESON - 30,ROBESON - 30,0.999858,auto_accept
2008,ROBESON - SHANNON,ROBESON - 33,ROBESON - 33,0.999743,auto_accept
2008,ROBESON - SMYRNA,ROBESON - 36,ROBESON - 36,0.999678,auto_accept
2008,ROBESON - SOUTH PEMBROKE,ROBESON - 23,ROBESON - 23,0.999549,auto_accept
2008,ROBESON - SOUTH ST PAULS,ROBESON - 32,ROBESON - 32A,0.995919,auto_accept
2008,ROBESON - STERLINGS,ROBESON - 37,ROBESON - 37,0.999210,auto_accept
2008,ROBESON - THOMPSON,ROBESON - 38,ROBESON - 38,0.999850,auto_accept
2008,ROBESON - UNION,ROBESON - 39,ROBESON - 39,0.999834,auto_accept
2008,ROBESON - WEST HOWELLSVILLE,ROBESON - 9,ROBESON - 09,0.981940,auto_accept
2008,ROBESON - WHITEHOUSE,ROBESON - 40,ROBESON - 40,0.998013,auto_accept
2008,ROBESON - WISHARTS,ROBESON - 41,ROBESON - 41,0.982695,auto_accept
2008,ROCKINGHAM - AYERS VALLEY,,,,unmatched_vtd_name
2008,ROCKINGHAM - COURTLAND,,,,unmatched_vtd_name
2008,ROCKINGHAM - DRAPER,ROCKINGHAM - DR,ROCKINGHAM - DR,0.998494,auto_accept
2008,ROCKINGHAM - EDEN CENTRAL,,,,unmatched_vtd_name
2008,ROCKINGHAM - EDEN-1,,,,unmatched_vtd_name
2008,ROCKINGHAM - HOGANS,ROCKINGHAM - HO,ROCKINGHAM - HO,1.000000,auto_accept
2008,ROCKINGHAM - HUNTSVILLE,ROCKINGHAM - HU,ROCKINGHAM - HU,0.998987,auto_accept
2008,ROCKINGHAM - IRONWORKS,ROCKINGHAM - IR,ROCKINGHAM - IR,0.998667,auto_accept
2008,ROCKINGHAM - LEAKSVILLE #2,ROCKINGHAM - LK-2,ROCKINGHAM - LK-2,1.000000,auto_accept
2008,ROCKINGHAM - LINCOLN,,,,unmatched_vtd_name
2008,ROCKINGHAM - MADISON,,,,unmatched_vtd_name
2008,ROCKINGHAM - MATRIMONY,,,,unmatched_vtd_name
2008,ROCKINGHAM - MCCOY,,,,unmatched_vtd_name
2008,ROCKINGHAM - NEW BETHEL,ROCKINGHAM - NB,ROCKINGHAM - NB,0.999229,auto_accept
2008,ROCKINGHAM - ROCK CENTRAL,,,,unmatched_vtd_name
2008,ROCKINGHAM - SOUTHEAST,,,,unmatched_vtd_name
2008,ROCKINGHAM - VANCE,,,,unmatched_vtd_name
2008,ROWAN - BARNHARDT MILL,ROWAN - 01,ROWAN - 01,0.998076,auto_accept
2008,ROWAN - BLACKWELDER PARK,ROWAN - 02,ROWAN - 02,0.973323,auto_accept
2008,ROWAN - BOSTIAN CROSS ROAD,,,,unmatched_vtd_name
2008,ROWAN - BOSTIAN SCHOOL,ROWAN - 33,ROWAN - 33,0.999038,auto_accept
2008,ROWAN - BRADSHAW,,,,unmatched_vtd_name
2008,ROWAN - CLEVELAND,ROWAN - 07,ROWAN - 07,0.996045,auto_accept
2008,ROWAN - EAST ENOCHVILLE,,,,unmatched_vtd_name
2008,ROWAN - EAST KANNAPOLIS,ROWAN - 17,ROWAN - 17,0.998169,auto_accept
2008,ROWAN - EAST LANDIS,ROWAN - 20,ROWAN - 19A,0.998654,auto_accept
2008,ROWAN - EAST SPENCER,ROWAN - 18,ROWAN - 18,0.975885,auto_accept
2008,ROWAN - EAST WARD,,,,unmatched_vtd_name
2008,ROWAN - ELLIS,,,,unmatched_vtd_name
2008,ROWAN - FAITH,ROWAN - 10,ROWAN - 10,0.993941,auto_accept
2008,ROWAN - FRANKLIN,ROWAN - 11,,,no_crosswalk_hit
2008,ROWAN - GOLD KNOB,ROWAN - 26,ROWAN - 26,0.999460,auto_accept
2008,ROWAN - HATTERS SHOP,ROWAN - 15,ROWAN - 15,0.997882,auto_accept
2008,ROWAN - MILFORD HILLS CITY,ROWAN - 41,ROWAN - 41,0.983559,auto_accept
2008,ROWAN - MILFORD HILLS COUNTY,ROWAN - 12,ROWAN - 12,0.995107,auto_accept
2008,ROWAN - MORGAN #1,ROWAN - 01,ROWAN - 01,0.998076,auto_accept
2008,ROWAN - MORGAN #2,ROWAN - 02,ROWAN - 02,0.973323,auto_accept
2008,ROWAN - MT. ULLA,,,,unmatched_vtd_name
2008,ROWAN - NORTH CHINA GROVE,ROWAN - 05,ROWAN - 05A,0.970538,auto_accept
2008,ROWAN - NORTH GRANITE QUARRY,,,,unmatched_vtd_name
2008,ROWAN - NORTH LOCKE,ROWAN - 21,ROWAN - 21,0.993887,auto_accept
2008,ROWAN - NORTH WARD,,,,unmatched_vtd_name
2008,ROWAN - ROCK GROVE,,,,unmatched_vtd_name
2008,ROWAN - ROCKWELL,ROWAN - 25,ROWAN - 25,0.999777,auto_accept
2008,ROWAN - SCOTCH IRISH,ROWAN - 27,ROWAN - 27,0.996809,auto_accept
2008,ROWAN - SOUTH CHINA GROVE,ROWAN - 06,ROWAN - 05A,0.999615,auto_accept
2008,ROWAN - SOUTH GRANITE QUARRY,,,,unmatched_vtd_name
2008,ROWAN - SOUTH LOCKE,ROWAN - 08,ROWAN - 08,0.996957,auto_accept
2008,ROWAN - SOUTH WARD,ROWAN - 36,ROWAN - 36,0.990861,auto_accept
2008,ROWAN - SPENCER,ROWAN - 28,ROWAN - 28,0.987011,auto_accept
2008,ROWAN - STEELE,ROWAN - 29,ROWAN - 29,0.994162,auto_accept
2008,ROWAN - SUMNER,ROWAN - 30,ROWAN - 30,0.996999,auto_accept
2008,ROWAN - TRADING FORD,ROWAN - 31,ROWAN - 31,0.993538,auto_accept
2008,ROWAN - UNITY,ROWAN - 32,ROWAN - 32,0.991925,auto_accept
2008,ROWAN - WEST ENOCHVILLE,,,,unmatched_vtd_name
2008,ROWAN - WEST INNES,ROWAN - 39,ROWAN - 39,0.981501,auto_accept
2008,ROWAN - WEST KANNAPOLIS,ROWAN - 16,ROWAN - 16,0.993955,auto_accept
2008,ROWAN - WEST LANDIS,ROWAN - 19,ROWAN - 19A,0.930268,auto_accept
2008,ROWAN - WEST WARD #1,ROWAN - 01,ROWAN - 01,0.998076,auto_accept
2008,ROWAN - WEST WARD #2,ROWAN - 02,ROWAN - 02,0.973323,auto_accept
2008,ROWAN - WEST WARD #3,ROWAN - 03,,,no_crosswalk_hit
2008,RUTHERFORD - BOSTIC-SUNSHINE,,,,unmatched_vtd_name
2008,RUTHERFORD - CAMP CREEK-MT VERNON,,,,unmatched_vtd_name
2008,RUTHERFORD - CAROLEEN-CLIFFSIDE,,,,unmatched_vtd_name
2008,RUTHERFORD - CHIMNEY ROCK,,,,unmatched_vtd_name
2008,RUTHERFORD - DANIELTOWN-SULPHUR SPRING,,,,unmatched_vtd_name
2008,RUTHERFORD - DUNCAN CREEK-GOLDEN VALLE,,,,unmatched_vtd_name
2008,RUTHERFORD - ELLENBORO,RUTHERFORD - 11,RUTHERFORD - 11,0.998442,auto_accept
2008,RUTHERFORD - FOREST CITY #1,RUTHERFORD - 13,RUTHERFORD - 13,0.995904,auto_accept
2008,RUTHERFORD - FOREST CITY #2,RUTHERFORD - 14,RUTHERFORD - 14,0.993659,auto_accept
2008,RUTHERFORD - GILKEY-MORGAN,,,,unmatched_vtd_name
2008,RUTHERFORD - GREEN HILL,RUTHERFORD - 18,RUTHERFORD - 18,0.996083,auto_accept
2008,RUTHERFORD - HAYNES,RUTHERFORD - 19,RUTHERFORD - 19,0.993039,auto_accept
2008,RUTHERFORD - RUTHERFORDTON #1,RUTHERFORD - 27,RUTHERFORD - 27,0.978189,auto_accept
2008,RUTHERFORD - RUTHERFORDTON #2,RUTHERFORD - 28,RUTHERFORD - 28,0.988377,auto_accept
2008,RUTHERFORD - SANDY MUSH,RUTHERFORD - 29,RUTHERFORD - 29,0.991538,auto_accept
2008,RUTHERFORD - SPINDALE,RUTHERFORD - 30,RUTHERFORD - 30,0.967531,auto_accept
2008,RUTHERFORD - UNION,RUTHERFORD - 34,RUTHERFORD - 34,0.998436,auto_accept
2008,SAMPSON - AUTRYVILLE,SAMPSON - AUTR,SAMPSON - AUTR,0.999824,auto_accept
2008,SAMPSON - CLEMENT,SAMPSON - CLEM,SAMPSON - CLEM,0.998326,auto_accept
2008,"SAMPSON - CLINTON, CENTRAL",,,,unmatched_vtd_name
2008,"SAMPSON - CLINTON, EAST",,,,unmatched_vtd_name
2008,"SAMPSON - CLINTON, NORTHEAST",,,,unmatched_vtd_name
2008,"SAMPSON - CLINTON, SOUTHWEST",,,,unmatched_vtd_name
2008,"SAMPSON - CLINTON, WEST",,,,unmatched_vtd_name
2008,SAMPSON - GARLAND,SAMPSON - GARL,SAMPSON - GARL,0.999334,auto_accept
2008,SAMPSON - GIDDENSVILLE,SAMPSON - GIDD,SAMPSON - GIDD,0.998773,auto_accept
2008,SAMPSON - HARRELLS,SAMPSON - HARR,SAMPSON - HARR,0.997051,auto_accept
2008,SAMPSON - HERRING,SAMPSON - HERR,SAMPSON - HERR,0.999644,auto_accept
2008,SAMPSON - INGOLD,SAMPSON - INGO,SAMPSON - INGO,0.999396,auto_accept
2008,SAMPSON - KEENER,SAMPSON - KEEN,SAMPSON - KEEN,0.999856,auto_accept
2008,SAMPSON - KITTY FORK,SAMPSON - KFRK,SAMPSON - KFRK,0.999698,auto_accept
2008,SAMPSON - LAKEWOOD,SAMPSON - LAKE,SAMPSON - LAKE,0.998967,auto_accept
2008,SAMPSON - MINGO,SAMPSON - MING,SAMPSON - MING,0.999439,auto_accept
2008,SAMPSON - NEWTON GROVE,SAMPSON - NGRV,SAMPSON - NGRV,0.996309,auto_accept
2008,SAMPSON - PLAINVIEW,SAMPSON - PLVW,SAMPSON - PLVW,0.995742,auto_accept
2008,SAMPSON - ROSEBORO,SAMPSON - ROSE,SAMPSON - ROSE,0.996519,auto_accept
2008,SAMPSON - ROWAN,SAMPSON - ROWA,SAMPSON - ROWA,0.999869,auto_accept
2008,SAMPSON - SALEMBURG,SAMPSON - SBRG,SAMPSON - SBRG,0.999120,auto_accept
2008,SAMPSON - TURKEY,SAMPSON - TURK,SAMPSON - TURK,0.991523,auto_accept
2008,SAMPSON - WESTBROOK,SAMPSON - WBRK,SAMPSON - WBRK,0.994310,auto_accept
2008,SCOTLAND - 01,SCOTLAND - 1,SCOTLAND - 01-16,0.999761,auto_accept
2008,SCOTLAND - 02,SCOTLAND - 2,SCOTLAND - 02-25,1.000000,auto_accept
2008,SCOTLAND - 03,SCOTLAND - 3,SCOTLAND - 03,0.999330,auto_accept
2008,SCOTLAND - 04,SCOTLAND - 4,SCOTLAND - 04,0.999704,auto_accept
2008,SCOTLAND - 05,SCOTLAND - 5,SCOTLAND - 02-25,0.998630,auto_accept
2008,SCOTLAND - 06,SCOTLAND - 6,SCOTLAND - 01-16,0.999073,auto_accept
2008,SCOTLAND - 07,SCOTLAND - 7,SCOTLAND - 07,0.999024,auto_accept
2008,SCOTLAND - 08,SCOTLAND - 8,SCOTLAND - 06-89,0.994956,auto_accept
2008,SCOTLAND - 09,SCOTLAND - 9,SCOTLAND - 06-89,0.998934,auto_accept
2008,SCOTLAND - 10,SCOTLAND - 10,SCOTLAND - 05-10,0.999269,auto_accept
2008,STANLY - ALBEMARLE NUMBER 10,,,,unmatched_vtd_name
2008,STANLY - ALBEMARLE NUMBER 11,,,,unmatched_vtd_name
2008,STANLY - ALBEMARLE NUMBER 2,,,,unmatched_vtd_name
2008,STANLY - ALBEMARLE NUMBER 3,,,,unmatched_vtd_name
2008,STANLY - ALBEMARLE NUMBER 7,,,,unmatched_vtd_name
2008,STANLY - ALBEMARLE NUMBER 8,,,,unmatched_vtd_name
2008,STANLY - ALMOND,STANLY - ALMOND,STANLY - 0120,0.999802,auto_accept
2008,STANLY - BADIN,STANLY - BADIN,STANLY - 0015,0.997597,auto_accept
2008,STANLY - BIG LICK NUMBER 1,,,,unmatched_vtd_name
2008,STANLY - BIG LICK NUMBER 2,,,,unmatched_vtd_name
2008,STANLY - EAST ALBEMARLE,STANLY - EA,STANLY - 0014,0.995748,auto_accept
2008,STANLY - EAST CENTER,STANLY - EC,STANLY - 0027,1.000000,auto_accept
2008,STANLY - ENDY,STANLY - ENDY,STANLY - 0021,0.999969,auto_accept
2008,STANLY - FURR NUMBER 1,,,,unmatched_vtd_name
2008,STANLY - FURR NUMBER 2,,,,unmatched_vtd_name
2008,STANLY - NEW LONDON,STANLY - NL,STANLY - 0017,0.999119,auto_accept
2008,STANLY - NORTH ALBEMARLE,STANLY - NA,STANLY - 0212,0.999134,auto_accept
2008,STANLY - PALMERVILLE,STANLY - PALM,STANLY - 0016,0.999470,auto_accept
2008,STANLY - RICHFIELD,STANLY - RICH,STANLY - 0018,0.992030,auto_accept
2008,STANLY - RIDENHOUR,STANLY - RID,STANLY - 0019,0.999447,auto_accept
2008,STANLY - SOUTH ALBEMARLE,STANLY - SA,,,no_crosswalk_hit
2008,STANLY - TYSON,STANLY - TYSON,STANLY - 0026,0.998772,auto_accept
2008,STANLY - WEST CENTER,STANLY - WC,STANLY - 0028,0.998837,auto_accept
2008,STOKES - CHESTNUT GROVE,STOKES - 4,STOKES - 04,0.999636,auto_accept
2008,STOKES - DANBURY,STOKES - 1,STOKES - 01,0.974183,auto_accept
2008,STOKES - EAST KING,STOKES - 10,STOKES - 10,0.999890,auto_accept
2008,STOKES - EAST WALNUT COVE,STOKES - 16,STOKES - 1618,0.999113,auto_accept
2008,STOKES - FLINTY KNOLL,STOKES - 8,STOKES - 08,0.999628,auto_accept
2008,STOKES - FRANCISCO,STOKES - 5,STOKES - 0506,0.999848,auto_accept
2008,STOKES - FRANS,STOKES - 6,STOKES - 0506,0.997763,auto_accept
2008,STOKES - FREEMAN,STOKES - 18,,,no_crosswalk_hit
2008,STOKES - GERMANTON,STOKES - 15,STOKES - 150,0.999798,auto_accept
2008,STOKES - LAWSONVILLE,STOKES - 3,STOKES - 03,0.999508,auto_accept
2008,STOKES - MITCHELL,STOKES - 20,STOKES - 20,0.999327,auto_accept
2008,STOKES - MIZPAH,STOKES - 13,STOKES - 13,0.999364,auto_accept
2008,STOKES - MOUNT OLIVE,STOKES - 12,STOKES - 12,0.999684,auto_accept
2008,STOKES - PINE HALL,STOKES - 19,STOKES - 1819,0.990083,auto_accept
2008,STOKES - PINNACLE,STOKES - 9,STOKES - 09,0.999624,auto_accept
2008,STOKES - REYNOLDS,STOKES - 7,STOKES - 07,0.999692,auto_accept
2008,STOKES - SANDY RIDGE,STOKES - 2,STOKES - 02,0.999864,auto_accept
2008,STOKES - WEST KING,STOKES - 11,STOKES - 11,0.998783,auto_accept
2008,STOKES - WEST WALNUT COVE,STOKES - 17,STOKES - 17,0.982533,auto_accept
2008,STOKES - WILSON ST.,,,,unmatched_vtd_name
2008,SURRY - BRYAN,SURRY - 01,SURRY - 01,0.996409,auto_accept
2008,SURRY - DOBSON #1,SURRY - 02,SURRY - 29,0.979766,auto_accept
2008,SURRY - DOBSON #2,SURRY - 03,SURRY - 29,0.991457,auto_accept
2008,SURRY - DOBSON #3,SURRY - 04,SURRY - 04,0.906889,auto_accept
2008,SURRY - ELDORA,SURRY - 05,SURRY - 05,0.999463,auto_accept
2008,SURRY - ELKIN #1,SURRY - 06,SURRY - 30,0.996244,auto_accept
2008,SURRY - ELKIN #2,SURRY - 07,SURRY - 30,0.999904,auto_accept
2008,SURRY - ELKIN #3,SURRY - 08,SURRY - 30,0.997509,auto_accept
2008,SURRY - FRANKLIN,SURRY - 09,SURRY - 09,0.969265,auto_accept
2008,SURRY - LONGHILL,SURRY - 10,SURRY - 10,0.996433,auto_accept
2008,SURRY - MARSH,SURRY - 11,SURRY - 11,0.992417,auto_accept
2008,SURRY - MT AIRY #1,SURRY - 01,SURRY - 01,0.996409,auto_accept
2008,SURRY - MT AIRY #2,SURRY - 02,SURRY - 29,0.979766,auto_accept
2008,SURRY - MT AIRY #3,SURRY - 03,SURRY - 29,0.991457,auto_accept
2008,SURRY - MT AIRY #4,SURRY - 04,SURRY - 04,0.906889,auto_accept
2008,SURRY - MT AIRY #5,SURRY - 05,SURRY - 05,0.999463,auto_accept
2008,SURRY - MT AIRY #6,SURRY - 06,SURRY - 30,0.996244,auto_accept
2008,SURRY - MT AIRY #7,SURRY - 07,SURRY - 30,0.999904,auto_accept
2008,SURRY - MT AIRY #8,SURRY - 08,SURRY - 30,0.997509,auto_accept
2008,SURRY - MT AIRY #9,SURRY - 09,SURRY - 09,0.969265,auto_accept
2008,SURRY - NORTH WESTFIELD,SURRY - 27,SURRY - 27,0.985694,auto_accept
2008,SURRY - PILOT #1,SURRY - 20,SURRY - 32,1.000000,auto_accept
2008,SURRY - PILOT #2,SURRY - 21,SURRY - 32,0.980636,auto_accept
2008,SURRY - ROCKFORD,SURRY - 22,SURRY - 22,0.997058,auto_accept
2008,SURRY - SHOALS,SURRY - 23,SURRY - 23,0.996591,auto_accept
2008,SURRY - SILOAM,SURRY - 24,SURRY - 24,0.998134,auto_accept
2008,SURRY - SOUTH WESTFIELD,SURRY - 28,SURRY - 28,0.968622,auto_accept
2008,SURRY - STEWARTS CREEK #1,SURRY - 25,,,no_crosswalk_hit
2008,SURRY - STEWARTS CREEK #2,SURRY - 26,SURRY - 26,0.901586,auto_accept
2008,SWAIN - ALARKA,,,,unmatched_vtd_name
2008,SWAIN - ALMOND,,,,unmatched_vtd_name
2008,SWAIN - BC1,,,,unmatched_vtd_name
2008,SWAIN - BC2,,,,unmatched_vtd_name
2008,SWAIN - WHCH,,,,unmatched_vtd_name
2008,TRANSYLVANIA - BALSAM GROVE,,,,unmatched_vtd_name
2008,TRANSYLVANIA - BOYD,TRANSYLVANIA - BD,TRANSYLVANIA - BD,0.998660,auto_accept
2008,TRANSYLVANIA - BREVARD #1,TRANSYLVANIA - B1,TRANSYLVANIA - B1,0.988341,auto_accept
2008,TRANSYLVANIA - BREVARD #2,TRANSYLVANIA - B2,TRANSYLVANIA - B2,0.999677,auto_accept
2008,TRANSYLVANIA - BREVARD #3,TRANSYLVANIA - B3,TRANSYLVANIA - B3,0.974968,auto_accept
2008,TRANSYLVANIA - BREVARD #4,TRANSYLVANIA - B4,TRANSYLVANIA - B4,0.999224,auto_accept
2008,TRANSYLVANIA - CATHEYS CREEK,TRANSYLVANIA - CC,TRANSYLVANIA - CC.1,0.997050,auto_accept
2008,TRANSYLVANIA - CEDAR MOUNTAIN,TRANSYLVANIA - CM,TRANSYLVANIA - CM,0.995041,auto_accept
2008,TRANSYLVANIA - DUNNS ROCK,TRANSYLVANIA - DR,TRANSYLVANIA - DR,0.975994,auto_accept
2008,TRANSYLVANIA - EAST FORK,,,,unmatched_vtd_name
2008,TRANSYLVANIA - GLOUCESTER,,,,unmatched_vtd_name
2008,TRANSYLVANIA - LAKE TOXAWAY,,,,unmatched_vtd_name
2008,TRANSYLVANIA - LITTLE RIVER,TRANSYLVANIA - LR,TRANSYLVANIA - LR,0.998948,auto_accept
2008,TRANSYLVANIA - PISGAH FOREST,TRANSYLVANIA - PF,TRANSYLVANIA - PF,0.997699,auto_accept
2008,TRANSYLVANIA - QUEBEC,,,,unmatched_vtd_name
2008,TRANSYLVANIA - ROSMAN EASTATOE,,,,unmatched_vtd_name
2008,TRANSYLVANIA - SAPPHIRE WHITEWATER,,,,unmatched_vtd_name
2008,TRANSYLVANIA - WILLIAMSON CREEK,TRANSYLVANIA - WC,TRANSYLVANIA - WC,0.999681,auto_accept
2008,TYRRELL - ALLIGATOR,TYRRELL - 101,TYRRELL - 1,0.998623,auto_accept
2008,TYRRELL - COLUMBIA,TYRRELL - 200,TYRRELL - 2,0.999916,auto_accept
2008,TYRRELL - GUMNECK,TYRRELL - 301,TYRRELL - 3,0.997050,auto_accept
2008,TYRRELL - KILKENNY,TYRRELL - 1401,TYRRELL - 14,0.996392,auto_accept
2008,TYRRELL - SCUPPERNONG,TYRRELL - 1501,TYRRELL - 15,0.999642,auto_accept
2008,TYRRELL - SOUTH FORK,TYRRELL - 1601,TYRRELL - 16,0.999796,auto_accept
2008,UNION - 001 - BENTON HEIGHTS CHURCH OF GOD,UNION - 01,UNION - 001,0.998140,auto_accept
2008,UNION - 002 - MONROE MIDDLE SCHOOL,UNION - 02,UNION - 002,0.992361,auto_accept
2008,UNION - 003 - ST. LUKES LUTHERAN CHURCH,UNION - 03,UNION - 003,0.995705,auto_accept
2008,UNION - 004 - SUTTON PARK RECREATION CENTER,UNION - 04,UNION - 004,0.993438,auto_accept
2008,UNION - 005 - SPCC CONFERENCE CENTER,UNION - 05,UNION - 0005,0.994944,auto_accept
2008,UNION - 006 - BENTON HEIGHTS PRESBYTERIAN CHURCH,UNION - 06,UNION - 006,0.999764,auto_accept
2008,UNION - 007 - MT. CARMEL METHODIST CHURCH,UNION - 07,UNION - 007,0.999731,auto_accept
2008,UNION - 008 - WINGATE COMMUNITY CENTER,UNION - 08,UNION - 008,0.999431,auto_accept
2008,UNION - 009 - BEAVER LANE VFD,UNION - 09,UNION - 009,0.907735,auto_accept
2008,UNION - 010 - ELLEN FITZGERALD SENIOR CENTER,UNION - 10,UNION - 010,0.998946,auto_accept
2008,UNION - 011 - EUTO BAPTIST CHURCH,UNION - 11,UNION - 011,0.998351,auto_accept
2008,UNION - 012 - BETHLEHEM PRESBYTERIAN CHURCH,UNION - 12,UNION - 012,0.998298,auto_accept
2008,UNION - 013 - UNIONVILLE VFD,UNION - 13,UNION - 013,0.999809,auto_accept
2008,UNION - 014 - INDIAN TRAIL LIBRARY,UNION - 14,UNION - 014,0.996158,auto_accept
2008,UNION - 015 - STALLINGS UNITED METHODIST CHURCH,UNION - 15,UNION - 015,0.978545,auto_accept
2008,UNION - 016 - HEMBY BRIDGE ELEMENTARY SCHOOL,UNION - 16,UNION - 016,0.998182,auto_accept
2008,UNION - 017A - WESLEY CHAPEL ELEMENTARY SCHOOL,,,,unmatched_vtd_name
2008,UNION - 017B - SILER PRESBYTERIAN CHURCH,,,,unmatched_vtd_name
2008,UNION - 018 - PROVIDENCE VFD,UNION - 18,UNION - 018,0.995447,auto_accept
2008,UNION - 019 - MINERAL SPRINGS VFD,UNION - 19,UNION - 0019,0.866616,auto_accept
2008,UNION - 020A - WAXHAW VFD,,,,unmatched_vtd_name
2008,UNION - 020B - WAXHAW BIBLE CHURCH,,,,unmatched_vtd_name
2008,UNION - 021 - WALKERSVILLE PRESBYTERIAN CHURCH,UNION - 21,UNION - 021,0.999910,auto_accept
2008,UNION - 022 - TIRZAH PRESBYTERIAN CHURCH,UNION - 22,UNION - 022,0.934805,auto_accept
2008,UNION - 023 - GRIFFITH ROAD VFD,UNION - 23,UNION - 023,0.999717,auto_accept
2008,UNION - 024 - PROSPECT ELEMENTARY SCHOOL,UNION - 24,UNION - 024,0.999741,auto_accept
2008,UNION - 025 - ROCK REST ELEMENTARY SCHOOL,UNION - 25,UNION - 025,0.999483,auto_accept
2008,UNION - 026 - UNION BAPTIST CHURCH,UNION - 26,UNION - 026,0.997715,auto_accept
2008,UNION - 027 - ALLENS CROSSROADS VFD,UNION - 27,UNION - 027,0.998561,auto_accept
2008,UNION - 028Y - SANDY RIDGE ELEMENTARY SCHOOL,,,,unmatched_vtd_name
2008,UNION - 028Z - MARVIN ELEMENTARY SCHOOL,,,,unmatched_vtd_name
2008,UNION - 029A - SHILOH ELEMENTARY SCHOOL,,,,unmatched_vtd_name
2008,UNION - 029B - BRANDON OAKS CLUBHOUSE,,,,unmatched_vtd_name
2008,UNION - 029C - STALLINGS VFD,,,,unmatched_vtd_name
2008,UNION - 030 - GRACE UNITED METHODIST CHURCH,UNION - 30,UNION - 0030,0.890318,auto_accept
2008,UNION - 031 - GRACE BAPTIST CHURCH,UNION - 31,UNION - 031,0.999664,auto_accept
2008,UNION - 032 - FAIRVIEW ELEMENTARY SCHOOL,UNION - 32,UNION - 032,0.998834,auto_accept
2008,UNION - 033 - WAXHAW ELEMENTARY SCHOOL,UNION - 33,UNION - 033,0.999744,auto_accept
2008,UNION - 034 - MIDWAY BAPTIST CHURCH,UNION - 34,UNION - 034,0.999664,auto_accept
2008,UNION - 035 - ROCK HILL AME ZION CHURCH,UNION - 35,UNION - 035,0.995350,auto_accept
2008,UNION - 036 - CROSSROADS AME ZION CHURCH,UNION - 36,UNION - 036,0.999003,auto_accept
2008,UNION - 037A - NEXT LEVEL CHURCH,,,,unmatched_vtd_name
2008,UNION - 037B - LIFELINE COMMUNITY CHURCH,,,,unmatched_vtd_name
2008,UNION - 038A - SARDIS ELEMENTARY SCHOOL,,,,unmatched_vtd_name
2008,UNION - 038B - LAKE PARK COMMUNITY CENTER,,,,unmatched_vtd_name
2008,UNION - 039 - PORTER RIDGE ELEMENTARY SCHOOL,UNION - 39,UNION - 039,0.999830,auto_accept
2008,UNION - 040 - SPIRIT OF JOY LUTHERAN CHURCH,UNION - 40,UNION - 040,0.998340,auto_accept
2008,UNION - 041 - WEDDINGTON ELEMENTARY SCHOOL,UNION - 41,UNION - 041,0.982123,auto_accept
2008,UNION - 042 - NEW SALEM BAPTIST CHURCH,UNION - 42,UNION - 042,0.995793,auto_accept
2008,UNION - 043 - THE BAZEMORE CENTER,UNION - 43,UNION - 043,0.999389,auto_accept
2008,VANCE - DABN,VANCE - DABN,VANCE - CC,0.987082,auto_accept
2008,VANCE - EH1,VANCE - EH1,VANCE - EH1,0.988927,auto_accept
2008,VANCE - EH2,VANCE - EH2,VANCE - NV,0.983545,auto_accept
2008,VANCE - HTOP,VANCE - HTOP,VANCE - HTOP,0.999282,auto_accept
2008,VANCE - KITT,VANCE - KITT,VANCE - KITT,0.994008,auto_accept
2008,VANCE - MIDD,VANCE - MIDD,VANCE - MIDD,0.998269,auto_accept
2008,VANCE - NH1,VANCE - NH1,VANCE - NH1,0.998883,auto_accept
2008,VANCE - NH2,VANCE - NH2,VANCE - NV,0.998734,auto_accept
2008,VANCE - SCRK,VANCE - SCRK,VANCE - SCRK,0.994953,auto_accept
2008,VANCE - SH1,VANCE - SH1,VANCE - SH1,0.941982,auto_accept
2008,VANCE - SH2,VANCE - SH2,VANCE - SH2,0.983115,auto_accept
2008,VANCE - TWNS,VANCE - TWNS,VANCE - NH,0.995860,auto_accept
2008,VANCE - WATK,VANCE - WATK,VANCE - CC,0.959068,auto_accept
2008,VANCE - WH1,VANCE - WH1,VANCE - WH,0.999962,auto_accept
2008,VANCE - WH2,VANCE - WH2,VANCE - WH,0.999513,auto_accept
2008,VANCE - WMSB,VANCE - WMSB,VANCE - NH,0.996713,auto_accept
2008,WAKE - PRECINCT 01-01,,,,ambiguous_vtd_name
2008,WAKE - PRECINCT 01-02,,,,ambiguous_vtd_name
2008,WAKE - PRECINCT 01-03,,,,ambiguous_vtd_name
2008,WAKE - PRECINCT 01-04,,,,ambiguous_vtd_name
2008,WAKE - PRECINCT 01-05,,,,ambiguous_vtd_name
2008,WAKE - PRECINCT 01-06,,,,ambiguous_vtd_name
2008,WAKE - PRECINCT 01-07,,,,ambiguous_vtd_name
2008,WAKE - PRECINCT 01-07A,WAKE - 0107,WAKE - 01-07,0.999572,auto_accept
2008,WAKE - PRECINCT 01-09,,,,ambiguous_vtd_name
2008,WAKE - PRECINCT 01-10,,,,ambiguous_vtd_name
2008,WAKE - PRECINCT 01-11,,,,ambiguous_vtd_name
2008,WAKE - PRECINCT 01-12,,,,ambiguous_vtd_name
2008,WAKE - PRECINCT 01-13,,,,ambiguous_vtd_name
2008,WAKE - PRECINCT 01-14,,,,ambiguous_vtd_name
2008,WAKE - PRECINCT 01-15,,,,ambiguous_vtd_name
2008,WAKE - PRECINCT 01-16,,,,ambiguous_vtd_name
2008,WAKE - PRECINCT 01-17,,,,ambiguous_vtd_name
2008,WAKE - PRECINCT 01-18,,,,ambiguous_vtd_name
2008,WAKE - PRECINCT 01-19,,,,ambiguous_vtd_name
2008,WAKE - PRECINCT 01-20,WAKE - 0120,WAKE - 01-20,0.999086,auto_accept
2008,WAKE - PRECINCT 01-21,WAKE - 0121,WAKE - 01-21,0.982387,auto_accept
2008,WAKE - PRECINCT 01-22,WAKE - 0122,,,no_crosswalk_hit
2008,WAKE - PRECINCT 01-23,WAKE - 0123,WAKE - 01-23,0.999820,auto_accept
2008,WAKE - PRECINCT 01-25,WAKE - 0125,WAKE - 01-25,0.990404,auto_accept
2008,WAKE - PRECINCT 01-26,WAKE - 0126,WAKE - 01-26,0.999998,auto_accept
2008,WAKE - PRECINCT 01-27,WAKE - 0127,WAKE - 01-27,0.993212,auto_accept
2008,WAKE - PRECINCT 01-28,WAKE - 0128,WAKE - 01-28,0.999997,auto_accept
2008,WAKE - PRECINCT 01-29,WAKE - 0129,WAKE - 01-29,0.998001,auto_accept
2008,WAKE - PRECINCT 01-30,WAKE - 0130,WAKE - 01-30,0.999995,auto_accept
2008,WAKE - PRECINCT 01-31,WAKE - 0131,WAKE - 01-31,0.988344,auto_accept
2008,WAKE - PRECINCT 01-32,WAKE - 0132,,,no_crosswalk_hit
2008,WAKE - PRECINCT 01-33,WAKE - 0133,WAKE - 01-33,0.993314,auto_accept
2008,WAKE - PRECINCT 01-34,WAKE - 0134,WAKE - 01-34,0.999994,auto_accept
2008,WAKE - PRECINCT 01-35,WAKE - 0135,WAKE - 01-35,0.999077,auto_accept
2008,WAKE - PRECINCT 01-36,WAKE - 0136,WAKE - 01-36,0.999432,auto_accept
2008,WAKE - PRECINCT 01-37,WAKE - 0137,WAKE - 01-37,0.999966,auto_accept
2008,WAKE - PRECINCT 01-38,WAKE - 0138,WAKE - 01-38,0.999999,auto_accept
2008,WAKE - PRECINCT 01-39,WAKE - 0139,WAKE - 01-39,0.999992,auto_accept
2008,WAKE - PRECINCT 01-40,WAKE - 0140,WAKE - 01-40,0.999974,auto_accept
2008,WAKE - PRECINCT 01-41,WAKE - 0141,WAKE - 01-41,0.999675,auto_accept
2008,WAKE - PRECINCT 01-42,WAKE - 0142,WAKE - 01-42,0.999836,auto_accept
2008,WAKE - PRECINCT 01-43,WAKE - 0143,,,no_crosswalk_hit
2008,WAKE - PRECINCT 01-44,WAKE - 0144,WAKE - 01-44,0.999999,auto_accept
2008,WAKE - PRECINCT 01-45,WAKE - 0145,WAKE - 01-45,0.999998,auto_accept
2008,WAKE - PRECINCT 01-46,WAKE - 0146,WAKE - 01-46,0.999957,auto_accept
2008,WAKE - PRECINCT 01-47,WAKE - 0147,WAKE - 01-47,0.999986,auto_accept
2008,WAKE - PRECINCT 01-48,WAKE - 0148,WAKE - 01-48,0.998536,auto_accept
2008,WAKE - PRECINCT 01-49,,,,unmatched_vtd_name
2008,WAKE - PRECINCT 01-50,,,,unmatched_vtd_name
2008,WAKE - PRECINCT 01-51,,,,unmatched_vtd_name
2008,WAKE - PRECINCT 02-01,,,,ambiguous_vtd_name
2008,WAKE - PRECINCT 02-02,,,,ambiguous_vtd_name
2008,WAKE - PRECINCT 02-03,,,,ambiguous_vtd_name
2008,WAKE - PRECINCT 02-04,,,,ambiguous_vtd_name
2008,WAKE - PRECINCT 02-05,,,,ambiguous_vtd_name
2008,WAKE - PRECINCT 02-06,,,,ambiguous_vtd_name
2008,WAKE - PRECINCT 03-00,,,,ambiguous_vtd_name
2008,WAKE - PRECINCT 04-01,,,,ambiguous_vtd_name
2008,WAKE - PRECINCT 04-02,,,,ambiguous_vtd_name
2008,WAKE - PRECINCT 04-03,,,,ambiguous_vtd_name
2008,WAKE - PRECINCT 04-04,,,,ambiguous_vtd_name
2008,WAKE - PRECINCT 04-05,,,,ambiguous_vtd_name
2008,WAKE - PRECINCT 04-06,,,,ambiguous_vtd_name
2008,WAKE - PRECINCT 04-07,,,,ambiguous_vtd_name
2008,WAKE - PRECINCT 04-08,WAKE - 0408,WAKE - 04-08,0.995367,auto_accept
2008,WAKE - PRECINCT 04-09,,,,ambiguous_vtd_name
2008,WAKE - PRECINCT 04-10,,,,ambiguous_vtd_name
2008,WAKE - PRECINCT 04-11,,,,ambiguous_vtd_name
2008,WAKE - PRECINCT 04-12,,,,ambiguous_vtd_name
2008,WAKE - PRECINCT 04-13,,,,ambiguous_vtd_name
2008,WAKE - PRECINCT 04-14,,,,ambiguous_vtd_name
2008,WAKE - PRECINCT 04-15,,,,ambiguous_vtd_name
2008,WAKE - PRECINCT 04-16,,,,ambiguous_vtd_name
2008,WAKE - PRECINCT 04-17,,,,ambiguous_vtd_name
2008,WAKE - PRECINCT 04-18,,,,ambiguous_vtd_name
2008,WAKE - PRECINCT 04-19,,,,ambiguous_vtd_name
2008,WAKE - PRECINCT 04-20,WAKE - 0120,WAKE - 01-20,0.999086,auto_accept
2008,WAKE - PRECINCT 04-21,WAKE - 0121,WAKE - 01-21,0.982387,auto_accept
2008,WAKE - PRECINCT 05-01,,,,ambiguous_vtd_name
2008,WAKE - PRECINCT 05-03,,,,ambiguous_vtd_name
2008,WAKE - PRECINCT 05-04,,,,ambiguous_vtd_name
2008,WAKE - PRECINCT 05-05,,,,ambiguous_vtd_name
2008,WAKE - PRECINCT 05-06,,,,ambiguous_vtd_name
2008,WAKE - PRECINCT 06-04,,,,ambiguous_vtd_name
2008,WAKE - PRECINCT 06-05,,,,ambiguous_vtd_name
2008,WAKE - PRECINCT 06-06,,,,ambiguous_vtd_name
2008,WAKE - PRECINCT 06-07,,,,ambiguous_vtd_name
2008,WAKE - PRECINCT 06-08,WAKE - 0408,WAKE - 04-08,0.995367,auto_accept
2008,WAKE - PRECINCT 06-09,,,,ambiguous_vtd_name
2008,WAKE - PRECINCT 06-10,,,,ambiguous_vtd_name
2008,WAKE - PRECINCT 07-01,,,,ambiguous_vtd_name
2008,WAKE - PRECINCT 07-02,,,,ambiguous_vtd_name
2008,WAKE - PRECINCT 07-03,,,,ambiguous_vtd_name
2008,WAKE - PRECINCT 07-04,,,,ambiguous_vtd_name
2008,WAKE - PRECINCT 07-05,,,,ambiguous_vtd_name
2008,WAKE - PRECINCT 07-06,,,,ambiguous_vtd_name
2008,WAKE - PRECINCT 07-07,,,,ambiguous_vtd_name
2008,WAKE - PRECINCT 07-07A,WAKE - 0707,WAKE - 07-07,0.999993,auto_accept
2008,WAKE - PRECINCT 07-09,,,,ambiguous_vtd_name
2008,WAKE - PRECINCT 07-10,,,,ambiguous_vtd_name
2008,WAKE - PRECINCT 07-11,,,,ambiguous_vtd_name
2008,WAKE - PRECINCT 07-12,,,,ambiguous_vtd_name
2008,WAKE - PRECINCT 07-13,,,,ambiguous_vtd_name
2008,WAKE - PRECINCT 08-02,,,,ambiguous_vtd_name
2008,WAKE - PRECINCT 08-03,,,,ambiguous_vtd_name
2008,WAKE - PRECINCT 08-04,,,,ambiguous_vtd_name
2008,WAKE - PRECINCT 08-05,,,,ambiguous_vtd_name
2008,WAKE - PRECINCT 08-06,,,,ambiguous_vtd_name
2008,WAKE - PRECINCT 08-07,,,,ambiguous_vtd_name
2008,WAKE - PRECINCT 08-08,WAKE - 0408,WAKE - 04-08,0.995367,auto_accept
2008,WAKE - PRECINCT 08-09,,,,ambiguous_vtd_name
2008,WAKE - PRECINCT 08-10,,,,ambiguous_vtd_name
2008,WAKE - PRECINCT 08-11,,,,ambiguous_vtd_name
2008,WAKE - PRECINCT 09-01,,,,ambiguous_vtd_name
2008,WAKE - PRECINCT 09-02,,,,ambiguous_vtd_name
2008,WAKE - PRECINCT 09-03,,,,ambiguous_vtd_name
2008,WAKE - PRECINCT 10-01,,,,ambiguous_vtd_name
2008,WAKE - PRECINCT 10-02,,,,ambiguous_vtd_name
2008,WAKE - PRECINCT 10-03,,,,ambiguous_vtd_name
2008,WAKE - PRECINCT 10-04,,,,ambiguous_vtd_name
2008,WAKE - PRECINCT 11-01,,,,ambiguous_vtd_name
2008,WAKE - PRECINCT 11-02,,,,ambiguous_vtd_name
2008,WAKE - PRECINCT 12-01,,,,ambiguous_vtd_name
2008,WAKE - PRECINCT 12-02,,,,ambiguous_vtd_name
2008,WAKE - PRECINCT 12-04,,,,ambiguous_vtd_name
2008,WAKE - PRECINCT 12-05,,,,ambiguous_vtd_name
2008,WAKE - PRECINCT 12-06,,,,ambiguous_vtd_name
2008,WAKE - PRECINCT 12-07,,,,ambiguous_vtd_name
2008,WAKE - PRECINCT 12-08,WAKE - 0408,WAKE - 04-08,0.995367,auto_accept
2008,WAKE - PRECINCT 12-09,,,,ambiguous_vtd_name
2008,WAKE - PRECINCT 13-01,,,,ambiguous_vtd_name
2008,WAKE - PRECINCT 13-02,,,,ambiguous_vtd_name
2008,WAKE - PRECINCT 13-05,,,,ambiguous_vtd_name
2008,WAKE - PRECINCT 13-06,,,,ambiguous_vtd_name
2008,WAKE - PRECINCT 13-07,,,,ambiguous_vtd_name
2008,WAKE - PRECINCT 13-08,WAKE - 0408,WAKE - 04-08,0.995367,auto_accept
2008,WAKE - PRECINCT 13-09,,,,ambiguous_vtd_name
2008,WAKE - PRECINCT 13-10,,,,ambiguous_vtd_name
2008,WAKE - PRECINCT 13-11,,,,ambiguous_vtd_name
2008,WAKE - PRECINCT 14-01,,,,ambiguous_vtd_name
2008,WAKE - PRECINCT 14-02,,,,ambiguous_vtd_name
2008,WAKE - PRECINCT 15-01,,,,ambiguous_vtd_name
2008,WAKE - PRECINCT 15-02,,,,ambiguous_vtd_name
2008,WAKE - PRECINCT 15-03,,,,ambiguous_vtd_name
2008,WAKE - PRECINCT 15-04,,,,ambiguous_vtd_name
2008,WAKE - PRECINCT 16-01,,,,ambiguous_vtd_name
2008,WAKE - PRECINCT 16-02,,,,ambiguous_vtd_name
2008,WAKE - PRECINCT 16-03,,,,ambiguous_vtd_name
2008,WAKE - PRECINCT 16-04,,,,ambiguous_vtd_name
2008,WAKE - PRECINCT 16-05,,,,ambiguous_vtd_name
2008,WAKE - PRECINCT 16-06,,,,ambiguous_vtd_name
2008,WAKE - PRECINCT 16-07,,,,ambiguous_vtd_name
2008,WAKE - PRECINCT 16-08,WAKE - 0408,WAKE - 04-08,0.995367,auto_accept
2008,WAKE - PRECINCT 16-09,,,,ambiguous_vtd_name
2008,WAKE - PRECINCT 17-01,,,,ambiguous_vtd_name
2008,WAKE - PRECINCT 17-02,,,,ambiguous_vtd_name
2008,WAKE - PRECINCT 17-03,,,,ambiguous_vtd_name
2008,WAKE - PRECINCT 17-04,,,,ambiguous_vtd_name
2008,WAKE - PRECINCT 17-05,,,,ambiguous_vtd_name
2008,WAKE - PRECINCT 17-06,,,,ambiguous_vtd_name
2008,WAKE - PRECINCT 17-07,,,,ambiguous_vtd_name
2008,WAKE - PRECINCT 17-08,WAKE - 0408,WAKE - 04-08,0.995367,auto_accept
2008,WAKE - PRECINCT 17-09,,,,ambiguous_vtd_name
2008,WAKE - PRECINCT 17-10,,,,ambiguous_vtd_name
2008,WAKE - PRECINCT 17-11,,,,ambiguous_vtd_name
2008,WAKE - PRECINCT 18-01,,,,ambiguous_vtd_name
2008,WAKE - PRECINCT 18-02,,,,ambiguous_vtd_name
2008,WAKE - PRECINCT 18-03,,,,ambiguous_vtd_name
2008,WAKE - PRECINCT 18-04,,,,ambiguous_vtd_name
2008,WAKE - PRECINCT 18-05,,,,ambiguous_vtd_name
2008,WAKE - PRECINCT 18-06,,,,ambiguous_vtd_name
2008,WAKE - PRECINCT 18-07,,,,ambiguous_vtd_name
2008,WAKE - PRECINCT 18-08,WAKE - 0408,WAKE - 04-08,0.995367,auto_accept
2008,WAKE - PRECINCT 19-03,,,,ambiguous_vtd_name
2008,WAKE - PRECINCT 19-04,,,,ambiguous_vtd_name
2008,WAKE - PRECINCT 19-05,,,,ambiguous_vtd_name
2008,WAKE - PRECINCT 19-07,,,,ambiguous_vtd_name
2008,WAKE - PRECINCT 19-09,,,,ambiguous_vtd_name
2008,WAKE - PRECINCT 19-10,,,,ambiguous_vtd_name
2008,WAKE - PRECINCT 19-11,,,,ambiguous_vtd_name
2008,WAKE - PRECINCT 19-12,,,,ambiguous_vtd_name
2008,WAKE - PRECINCT 19-13,,,,ambiguous_vtd_name
2008,WAKE - PRECINCT 19-14,,,,ambiguous_vtd_name
2008,WAKE - PRECINCT 19-15,,,,ambiguous_vtd_name
2008,WAKE - PRECINCT 19-16,,,,ambiguous_vtd_name
2008,WAKE - PRECINCT 19-17,,,,ambiguous_vtd_name
2008,WAKE - PRECINCT 20-01,,,,ambiguous_vtd_name
2008,WAKE - PRECINCT 20-02,,,,ambiguous_vtd_name
2008,WAKE - PRECINCT 20-03,,,,ambiguous_vtd_name
2008,WAKE - PRECINCT 20-04,,,,ambiguous_vtd_name
2008,WAKE - PRECINCT 20-05,,,,ambiguous_vtd_name
2008,WAKE - PRECINCT 20-06A,WAKE - 2006,,,no_crosswalk_hit
2008,WAKE - PRECINCT 20-06B,WAKE - 2006,,,no_crosswalk_hit
2008,WAKE - PRECINCT 20-08,WAKE - 0408,WAKE - 04-08,0.995367,auto_accept
2008,WAKE - PRECINCT 20-09,,,,ambiguous_vtd_name
2008,WAKE - PRECINCT 20-10,,,,ambiguous_vtd_name
2008,WAKE - PRECINCT 20-11,,,,ambiguous_vtd_name
2008,WAKE - PRECINCT 20-12,,,,ambiguous_vtd_name
2008,WARREN - EAST WARRENTON,WARREN - 14,WARREN - 014,0.999811,auto_accept
2008,WARREN - FISHING CREEK,WARREN - 8,WARREN - 008,0.999916,auto_accept
2008,WARREN - FORK,WARREN - 11,WARREN - 011,0.999041,auto_accept
2008,WARREN - HAWTREE,WARREN - 3,WARREN - 003,0.999747,auto_accept
2008,WARREN - JUDKINS,WARREN - 9,WARREN - 009,0.999782,auto_accept
2008,WARREN - NORLINA,WARREN - 13,WARREN - 013,0.999413,auto_accept
2008,WARREN - NUTBUSH,WARREN - 5,WARREN - 005,0.999844,auto_accept
2008,WARREN - RIVER,WARREN - 1,WARREN - 001,0.999372,auto_accept
2008,WARREN - ROANOKE,WARREN - 12,WARREN - 012,0.990005,auto_accept
2008,WARREN - SANDY CREEK,WARREN - 6,WARREN - 006,0.998138,auto_accept
2008,WARREN - SHOCCO,WARREN - 7,WARREN - 007,0.999578,auto_accept
2008,WARREN - SIXPOUND,WARREN - 2,WARREN - 002,0.997579,auto_accept
2008,WARREN - SMITH CREEK,WARREN - 4,WARREN - 004,0.999864,auto_accept
2008,WARREN - WEST WARRENTON,,,,unmatched_vtd_name
2008,WASHINGTON - LEES MILL,WASHINGTON - LM,WASHINGTON - LM,0.999340,auto_accept
2008,WASHINGTON - PLYMOUTH 1,WASHINGTON - P1,WASHINGTON - P1,0.995011,auto_accept
2008,WASHINGTON - PLYMOUTH 2,WASHINGTON - P2,WASHINGTON - P2,0.996674,auto_accept
2008,WASHINGTON - PLYMOUTH 3,WASHINGTON - P3,WASHINGTON - P3,0.994105,auto_accept
2008,WASHINGTON - SCUPPERNONG,WASHINGTON - SC,WASHINGTON - SC,0.976512,auto_accept
2008,WASHINGTON - SKINNERSVILLE,WASHINGTON - SK,WASHINGTON - SK,0.998918,auto_accept
2008,WATAUGA - BALD MOUNTAIN,,,,unmatched_vtd_name
2008,WATAUGA - BEAVER DAM,WATAUGA - 2,WATAUGA - 02,0.995369,auto_accept
2008,WATAUGA - BEECH MOUNTAIN,,,,unmatched_vtd_name
2008,WATAUGA - BLOWING ROCK,WATAUGA - 3,WATAUGA - 03,0.992168,auto_accept
2008,WATAUGA - BLUE RIDGE,WATAUGA - 4,WATAUGA - 04,0.989909,auto_accept
2008,WATAUGA - BOONE 1,WATAUGA - 5,WATAUGA - 05,0.961748,auto_accept
2008,WATAUGA - BOONE 2,WATAUGA - 6,WATAUGA - 06,0.998994,auto_accept
2008,WATAUGA - BOONE 3,WATAUGA - 12,WATAUGA - 12,0.940229,auto_accept
2008,WATAUGA - BRUSHY FORK,WATAUGA - 7,WATAUGA - 07,0.967290,auto_accept
2008,WATAUGA - COVE CREEK,WATAUGA - 8,WATAUGA - 08,0.988332,auto_accept
2008,WATAUGA - ELK,WATAUGA - 9,WATAUGA - 09,0.992308,auto_accept
2008,WATAUGA - LAUREL CREEK,WATAUGA - 10,WATAUGA - 10,0.988390,auto_accept
2008,WATAUGA - MEAT CAMP,WATAUGA - 11,WATAUGA - 11,0.988958,auto_accept
2008,WATAUGA - NEW RIVER I,,,,unmatched_vtd_name
2008,WATAUGA - NEW RIVER II,,,,unmatched_vtd_name
2008,WATAUGA - NEW RIVER III,,,,unmatched_vtd_name
2008,WATAUGA - NORTH FORK,WATAUGA - 16,WATAUGA - 16,0.991220,auto_accept
2008,WATAUGA - SHAWNEEHAW,WATAUGA - 17,WATAUGA - 17,0.953085,auto_accept
2008,WATAUGA - STONY FORK,WATAUGA - 18,WATAUGA - 18,0.982168,auto_accept
2008,WATAUGA - WATAUGA,WATAUGA - 19,WATAUGA - 19,0.990210,auto_accept
2008,WAYNE - 01,WAYNE - 1,WAYNE - 01,0.999532,auto_accept
2008,WAYNE - 02,WAYNE - 2,WAYNE - 02,0.999422,auto_accept
2008,WAYNE - 03,WAYNE - 3,WAYNE - 03,0.999604,auto_accept
2008,WAYNE - 04,WAYNE - 4,WAYNE - 04,0.999858,auto_accept
2008,WAYNE - 05,WAYNE - 5,WAYNE - 05,0.993424,auto_accept
2008,WAYNE - 06,WAYNE - 6,WAYNE - 06,0.999630,auto_accept
2008,WAYNE - 07,WAYNE - 7,WAYNE - 07,0.998850,auto_accept
2008,WAYNE - 08,WAYNE - 8,WAYNE - 08,0.988290,auto_accept
2008,WAYNE - 09,WAYNE - 9,WAYNE - 09,0.999541,auto_accept
2008,WAYNE - 10,WAYNE - 10,WAYNE - 10,0.999531,auto_accept
2008,WAYNE - 11,WAYNE - 11,WAYNE - 11,0.999633,auto_accept
2008,WAYNE - 12,WAYNE - 12,WAYNE - 12,0.999479,auto_accept
2008,WAYNE - 13,WAYNE - 13,WAYNE - 13,0.999670,auto_accept
2008,WAYNE - 14,WAYNE - 14,WAYNE - 14,0.999146,auto_accept
2008,WAYNE - 15,WAYNE - 15,WAYNE - 15,0.999051,auto_accept
2008,WAYNE - 16,WAYNE - 16,WAYNE - 16,0.999703,auto_accept
2008,WAYNE - 17,WAYNE - 17,WAYNE - 17,0.999468,auto_accept
2008,WAYNE - 18,WAYNE - 18,WAYNE - 18,0.998641,auto_accept
2008,WAYNE - 19,WAYNE - 19,WAYNE - 1920,0.994200,auto_accept
2008,WAYNE - 20,WAYNE - 20,WAYNE - 1920,0.999357,auto_accept
2008,WAYNE - 21,WAYNE - 21,WAYNE - 21,0.998290,auto_accept
2008,WAYNE - 22,WAYNE - 22,WAYNE - 22,0.999452,auto_accept
2008,WAYNE - 23,WAYNE - 23,WAYNE - 23,0.997111,auto_accept
2008,WAYNE - 24,WAYNE - 24,WAYNE - 24,0.996448,auto_accept
2008,WAYNE - 25,WAYNE - 25,WAYNE - 2530,0.992150,auto_accept
2008,WAYNE - 26,WAYNE - 26,WAYNE - 26,0.999644,auto_accept
2008,WAYNE - 27,WAYNE - 27,WAYNE - 27,0.996430,auto_accept
2008,WAYNE - 28,WAYNE - 28,WAYNE - 28,0.997921,auto_accept
2008,WAYNE - 29,WAYNE - 29,WAYNE - 29,0.999130,auto_accept
2008,WAYNE - 30,WAYNE - 30,WAYNE - 2530,0.955760,auto_accept
2008,WAYNE - UNIVERSAL,,,,unmatched_vtd_name
2008,WILKES - ANTIOCH,WILKES - 1,WILKES - 101,0.999705,auto_accept
2008,WILKES - BOOMER,WILKES - 2,WILKES - 102,0.996972,auto_accept
2008,WILKES - BRUSHY MOUNTAIN,WILKES - 3,WILKES - 103,0.998912,auto_accept
2008,WILKES - CRICKET,WILKES - 4,WILKES - 104,0.997596,auto_accept
2008,WILKES - EDWARDS #1,WILKES - 5,WILKES - 105,0.999753,auto_accept
2008,WILKES - EDWARDS #2,WILKES - 6,WILKES - 106,0.999795,auto_accept
2008,WILKES - EDWARDS #3,WILKES - 7,WILKES - 107,0.998945,auto_accept
2008,WILKES - FAIRPLAINS,WILKES - 8,WILKES - 108,0.997888,auto_accept
2008,WILKES - FERGUSON,,,,unmatched_vtd_name
2008,WILKES - JOBS CABIN,WILKES - 10,WILKES - 113A,0.986907,auto_accept
2008,WILKES - MILLERS CREEK,WILKES - 11,WILKES - 111,0.998061,auto_accept
2008,WILKES - MORAVIAN FALLS,WILKES - 12,WILKES - 112,0.998613,auto_accept
2008,WILKES - MOUNT PLEASANT,,,,unmatched_vtd_name
2008,WILKES - MULBERRY,,,,unmatched_vtd_name
2008,WILKES - MULBERRY #1,WILKES - 14,WILKES - 114,0.998822,auto_accept
2008,WILKES - NEW CASTLE,WILKES - 17,WILKES - 117,0.998288,auto_accept
2008,WILKES - NORTH WILKESBORO,WILKES - 18,WILKES - 118,0.998992,auto_accept
2008,WILKES - REDDIES RIVER,WILKES - 19,WILKES - 119,0.999723,auto_accept
2008,WILKES - ROCK CREEK #1,WILKES - 20,WILKES - 120A,0.999537,auto_accept
2008,WILKES - ROCK CREEK #2,WILKES - 21,WILKES - 120A,0.999817,auto_accept
2008,WILKES - SOMERS,WILKES - 22,WILKES - 122,0.997162,auto_accept
2008,WILKES - TRAPHILL #1,WILKES - 23,WILKES - 123A,0.999282,auto_accept
2008,WILKES - TRAPHILL #2,WILKES - 24,WILKES - 123A,0.965508,auto_accept
2008,WILKES - UNION,WILKES - 25,WILKES - 125,0.997401,auto_accept
2008,WILKES - WALNUT GROVE,WILKES - 26,WILKES - 126,0.998803,auto_accept
2008,WILKES - WILKESBORO #1,WILKES - 27,WILKES - 127,0.981701,auto_accept
2008,WILKES - WILKESBORO #2,WILKES - 28,WILKES - 128,0.993582,auto_accept
2008,WILKES - WILKESBORO #3,WILKES - 29,WILKES - 129,0.995031,auto_accept
2008,WILSON - BLACK CREEK,WILSON - BL,WILSON - PRBL,0.995309,auto_accept
2008,WILSON - CROSSROADS,WILSON - CR,WILSON - PRCR,0.999824,auto_accept
2008,WILSON - GARDNERS,WILSON - GA,WILSON - PRGA,0.999899,auto_accept
2008,WILSON - OLDFIELDS,WILSON - OL,WILSON - PROL,0.995337,auto_accept
2008,WILSON - SARATOGA,WILSON - SA,WILSON - PRSA,0.994210,auto_accept
2008,WILSON - SPRING HILL,WILSON - SP,WILSON - PRSP,0.996545,auto_accept
2008,WILSON - STANTONSBURG,WILSON - ST,WILSON - PRST,0.963042,auto_accept
2008,WILSON - TAYLORS,WILSON - TA,WILSON - PRTA,0.998728,auto_accept
2008,WILSON - TOISNOT,WILSON - TO,WILSON - PRTO,0.998542,auto_accept
2008,WILSON - WILSON A,WILSON - WA,WILSON - PRWA,0.998822,auto_accept
2008,WILSON - WILSON B,WILSON - WB,WILSON - PRWB,0.998896,auto_accept
2008,WILSON - WILSON C,WILSON - WC,WILSON - PRWC,0.999195,auto_accept
2008,WILSON - WILSON D,WILSON - WD,WILSON - PRWD,0.999336,auto_accept
2008,WILSON - WILSON E,WILSON - WE,WILSON - PRWE,0.999569,auto_accept
2008,WILSON - WILSON H,WILSON - WH,WILSON - PRWH,0.999467,auto_accept
2008,WILSON - WILSON I,WILSON - WI,WILSON - PRWI,0.999590,auto_accept
2008,WILSON - WILSON J,WILSON - WJ,WILSON - PRWJ,0.991950,auto_accept
2008,WILSON - WILSON K,WILSON - WK,WILSON - PRWK,0.999189,auto_accept
2008,WILSON - WILSON L,WILSON - WL,WILSON - PRWL,0.999408,auto_accept
2008,WILSON - WILSON M,WILSON - WM,WILSON - PRWM,0.998020,auto_accept
2008,WILSON - WILSON N,WILSON - WN,WILSON - PRWN,0.999756,auto_accept
2008,WILSON - WILSON P,WILSON - WP,WILSON - PRWP,0.986499,auto_accept
2008,WILSON - WILSON Q,WILSON - WQ,WILSON - PRWQ,0.997992,auto_accept
2008,WILSON - WILSON R,,,,unmatched_vtd_name
2008,YADKIN - BOONVILLE,YADKIN - BNVL,YADKIN - BNVL,0.999818,auto_accept
2008,YADKIN - DEEP CREEK,YADKIN - DCRK,YADKIN - DCRK,0.999491,auto_accept
2008,YADKIN - EAST BEND,YADKIN - EBND,YADKIN - EBND,0.998522,auto_accept
2008,YADKIN - FORBUSH,YADKIN - FBSH,YADKIN - FBSH,0.998257,auto_accept
2008,YADKIN - NORTH BUCK SHOALS,YADKIN - NBCK,YADKIN - NBCK,0.998094,auto_accept
2008,YADKIN - NORTH FALL CREEK,YADKIN - NFAL,YADKIN - NFAL,0.999002,auto_accept
2008,YADKIN - NORTH KNOBS,YADKIN - NKNB,YADKIN - NKNB,0.998365,auto_accept
2008,YADKIN - NORTH LIBERTY,YADKIN - NLIB,YADKIN - NLIB,0.999743,auto_accept
2008,YADKIN - SOUTH BUCK SHOALS,YADKIN - SBCK,YADKIN - SBCK,0.997724,auto_accept
2008,YADKIN - SOUTH FALL CREEK,YADKIN - SFAL,YADKIN - SFAL,0.999857,auto_accept
2008,YADKIN - SOUTH KNOBS,YADKIN - SKNB,YADKIN - SKNB,0.998694,auto_accept
2008,YADKIN - SOUTH LIBERTY,YADKIN - SLIB,YADKIN - SLIB,0.999786,auto_accept
2008,YANCEY - BRUSH CREEK,YANCEY - 7,YANCEY - 07 BRU,0.946564,auto_accept
2008,YANCEY - BURNSVILLE,YANCEY - 1,YANCEY - 01 BUR,0.970362,auto_accept
2008,YANCEY - CANE RIVER,YANCEY - 2,YANCEY - 02 CAN,0.991313,auto_accept
2008,YANCEY - CRABTREE,YANCEY - 8,YANCEY - 08 CRA,0.992355,auto_accept
2008,YANCEY - EGYPT,YANCEY - 3,YANCEY - 03 EGY,0.973734,auto_accept
2008,YANCEY - GREEN MOUNTAIN,YANCEY - 5,YANCEY - 05 GRE,0.977361,auto_accept
2008,YANCEY - JACKS CREEK,YANCEY - 6,YANCEY - 06 JAC,0.931849,auto_accept
2008,YANCEY - PENSACOLA,YANCEY - 10,YANCEY - 10 PEN,0.976590,auto_accept
2008,YANCEY - PRICES CREEK,,,,unmatched_vtd_name
2008,YANCEY - RAMSEYTOWN,YANCEY - 4,YANCEY - 04 RAM,0.989312,auto_accept
2008,YANCEY - SOUTH TOE,YANCEY - 9,YANCEY - 09 SOU,0.987501,auto_accept
