{"type":"FeatureCollection","name":"sbe2006_precinct_centroids","features":[{"type":"Feature","properties":{"county_nam":"ALAMANCE","prec_id":"ALBRIGHT","precinct_norm":"ALAMANCE - ALBRIGHT","name":"Albright","label":"Albright","seims_code":"07","seims_desc":"ALBRIGHT","source_vintage":"sbe_2006"},"geometry":{"type":"Point","coordinates":[-79.38917531296599,35.98687450017495]}},{"type":"Feature","properties":{"county_nam":"ALAMANCE","prec_id":"BOONE 5","precinct_norm":"ALAMANCE - BOONE 5","name":"Boone 5","label":"Boone 5","seims_code":"035","seims_desc":"BOONE 5","source_vintage":"sbe_2006"},"geometry":{"type":"Point","coordinates":[-79.4986315654846,36.134520000777314]}},{"type":"Feature","properties":{"county_nam":"ALAMANCE","prec_id":"BOONE CENTRAL","precinct_norm":"ALAMANCE - BOONE CENTRAL","name":"Boone Central","label":"Boone Central","seims_code":"03C","seims_desc":"CENTRAL BOONE","source_vintage":"sbe_2006"},"geometry":{"type":"Point","coordinates":[-79.4858446753745,36.09640100016442]}},{"type":"Feature","properties":{"county_nam":"ALAMANCE","prec_id":"BOONE NORTH","precinct_norm":"ALAMANCE - BOONE NORTH","name":"Boone North","label":"Boone North","seims_code":"03N","seims_desc":"NORTH BOONE","source_vintage":"sbe_2006"},"geometry":{"type":"Point","coordinates":[-79.5084729484612,36.09365600144211]}},{"type":"Feature","properties":{"county_nam":"ALAMANCE","prec_id":"BOONE SOUTH","precinct_norm":"ALAMANCE - BOONE SOUTH","name":"Boone South","label":"Boone South","seims_code":"03S","seims_desc":"SOUTH BOONE","source_vintage":"sbe_2006"},"geometry":{"type":"Point","coordinates":[-79.51179515118346,36.06233650104904]}},{"type":"Feature","properties":{"county_nam":"ALAMANCE","prec_id":"BOONE WEST","precinct_norm":"ALAMANCE - BOONE WEST","name":"Boone West","label":"Boone West","seims_code":"03W","seims_desc":"WEST BOONE","source_vintage":"sbe_2006"},"geometry":{"type":"Point","coordinates":[-79.53471618173288,36.108384999326844]}},{"type":"Feature","properties":{"county_nam":"ALAMANCE","prec_id":"BURLINGTON 04","precinct_norm":"ALAMANCE - BURLINGTON 04","name":"Burlington 04","label":"Burlington 04","seims_code":"124","seims_desc":"BURLINGTON 4","source_vintage":"sbe_2006"},"geometry":{"type":"Point","coordinates":[-79.46472699920412,36.10423499906207]}},{"type":"Feature","properties":{"county_nam":"ALAMANCE","prec_id":"BURLINGTON 05","precinct_norm":"ALAMANCE - BURLINGTON 05","name":"Burlington 05","label":"Burlington 05","seims_code":"125","seims_desc":"BURLINGTON 5","source_vintage":"sbe_2006"},"geometry":{"type":"Point","coordinates":[-79.46918946425338,36.073836000427065]}},{"type":"Feature","properties":{"county_nam":"ALAMANCE","prec_id":"BURLINGTON 06","precinct_norm":"ALAMANCE - BURLINGTON 06","name":"Burlington 06","label":"Burlington 06","seims_code":"126","seims_desc":"BURLINGTON 6","source_vintage":"sbe_2006"},"geometry":{"type":"Point","coordinates":[-79.46755635051936,36.088980500210525]}},{"type":"Feature","properties":{"county_nam":"ALAMANCE","prec_id":"BURLINGTON 07","precinct_norm":"ALAMANCE - BURLINGTON 07","name":"Burlington 07","label":"Burlington 07","seims_code":"127","seims_desc":"BURLINGTON 7","source_vintage":"sbe_2006"},"geometry":{"type":"Point","coordinates":[-79.448004769428,36.119660501965896]}},{"type":"Feature","properties":{"county_nam":"ALAMANCE","prec_id":"BURLINGTON 08","precinct_norm":"ALAMANCE - BURLINGTON 08","name":"Burlington 08","label":"Burlington 08","seims_code":"128","seims_desc":"BURLINGTON 8","source_vintage":"sbe_2006"},"geometry":{"type":"Point","coordinates":[-79.44716522098152,36.082336000881234]}},{"type":"Feature","properties":{"county_nam":"ALAMANCE","prec_id":"BURLINGTON 09","precinct_norm":"ALAMANCE - BURLINGTON 09","name":"Burlington 09","label":"Burlington 09","seims_code":"129","seims_desc":"BURLINGTON 9","source_vintage":"sbe_2006"},"geometry":{"type":"Point","coordinates":[-79.46115034613159,36.04891800111497]}},{"type":"Feature","properties":{"county_nam":"ALAMANCE","prec_id":"BURLINGTON 10","precinct_norm":"ALAMANCE - BURLINGTON 10","name":"Burlington 10","label":"Burlington 10","seims_code":"1210","seims_desc":"BURLINGTON 10","source_vintage":"sbe_2006"},"geometry":{"type":"Point","coordinates":[-79.44998905350468,36.07128600011241]}},{"type":"Feature","properties":{"county_nam":"ALAMANCE","prec_id":"BURLINGTON EAST","precinct_norm":"ALAMANCE - BURLINGTON EAST","name":"Burlington East","label":"Burlington East","seims_code":"12E","seims_desc":"EAST BURLINGTON","source_vintage":"sbe_2006"},"geometry":{"type":"Point","coordinates":[-79.41889000118361,36.09003599967053]}},{"type":"Feature","properties":{"county_nam":"ALAMANCE","prec_id":"BURLINGTON NORTH","precinct_norm":"ALAMANCE - BURLINGTON NORTH","name":"Burlington North","label":"Burlington North","seims_code":"12N","seims_desc":"NORTH BURLINGTON","source_vintage":"sbe_2006"},"geometry":{"type":"Point","coordinates":[-79.41787900040327,36.10935100092108]}},{"type":"Feature","properties":{"county_nam":"ALAMANCE","prec_id":"BURLINGTON SOUTH","precinct_norm":"ALAMANCE - BURLINGTON SOUTH","name":"Burlington South","label":"Burlington South","seims_code":"12S","seims_desc":"SOUTH BURLINGTON","source_vintage":"sbe_2006"},"geometry":{"type":"Point","coordinates":[-79.42649430978787,36.078986000596764]}},{"type":"Feature","properties":{"county_nam":"ALAMANCE","prec_id":"BURLINGTON WEST","precinct_norm":"ALAMANCE - BURLINGTON WEST","name":"Burlington West","label":"Burlington West","seims_code":"12W","seims_desc":"WEST BURLINGTON","source_vintage":"sbe_2006"},"geometry":{"type":"Point","coordinates":[-79.44639204511427,36.09388600175936]}},{"type":"Feature","properties":{"county_nam":"ALAMANCE","prec_id":"COBLE","precinct_norm":"ALAMANCE - COBLE","name":"Coble","label":"Coble","seims_code":"02","seims_desc":"COBLE","source_vintage":"sbe_2006"},"geometry":{"type":"Point","coordinates":[-79.48347338672077,36.00597849925694]}},{"type":"Feature","properties":{"county_nam":"ALAMANCE","prec_id":"FAUCETTE","precinct_norm":"ALAMANCE - FAUCETTE","name":"Faucette","label":"Faucette","seims_code":"05","seims_desc":"FAUCETTE","source_vintage":"sbe_2006"},"geometry":{"type":"Point","coordinates":[-79.40350001230775,36.17907599818534]}},{"type":"Feature","properties":{"county_nam":"ALAMANCE","prec_id":"GRAHAM 3","precinct_norm":"ALAMANCE - GRAHAM 3","name":"Graham 3","label":"Graham 3","seims_code":"063","seims_desc":"GRAHAM 3","source_vintage":"sbe_2006"},"geometry":{"type":"Point","coordinates":[-79.3946695961121,36.10395650027293]}},{"type":"Feature","properties":{"county_nam":"ALAMANCE","prec_id":"GRAHAM 4","precinct_norm":"ALAMANCE - GRAHAM 4","name":"Graham 4","label":"Graham 4","seims_code":"064","seims_desc":"GRAHAM 4","source_vintage":"sbe_2006"},"geometry":{"type":"Point","coordinates":[-79.4151246802582,36.0397864991808]}},{"type":"Feature","properties":{"county_nam":"ALAMANCE","prec_id":"GRAHAM EAST","precinct_norm":"ALAMANCE - GRAHAM EAST","name":"Graham East","label":"Graham East","seims_code":"06E","seims_desc":"EAST GRAHAM","source_vintage":"sbe_2006"},"geometry":{"type":"Point","coordinates":[-79.37526897738252,36.072950501158715]}},{"type":"Feature","properties":{"county_nam":"ALAMANCE","prec_id":"GRAHAM NORTH","precinct_norm":"ALAMANCE - GRAHAM NORTH","name":"Graham North","label":"Graham North","seims_code":"06N","seims_desc":"NORTH GRAHAM","source_vintage":"sbe_2006"},"geometry":{"type":"Point","coordinates":[-79.3996538247697,36.080484499191705]}},{"type":"Feature","properties":{"county_nam":"ALAMANCE","prec_id":"GRAHAM SOUTH","precinct_norm":"ALAMANCE - GRAHAM SOUTH","name":"Graham South","label":"Graham South","seims_code":"06S","seims_desc":"SOUTH GRAHAM","source_vintage":"sbe_2006"},"geometry":{"type":"Point","coordinates":[-79.38141897150251,36.04305199960163]}},{"type":"Feature","properties":{"county_nam":"ALAMANCE","prec_id":"GRAHAM WEST","precinct_norm":"ALAMANCE - GRAHAM WEST","name":"Graham West","label":"Graham West","seims_code":"06W","seims_desc":"WEST GRAHAM","source_vintage":"sbe_2006"},"geometry":{"type":"Point","coordinates":[-79.41821607368203,36.07458600077462]}},{"type":"Feature","properties":{"county_nam":"ALAMANCE","prec_id":"HAW RIVER","precinct_norm":"ALAMANCE - HAW RIVER","name":"Haw River","label":"Haw River","seims_code":"13","seims_desc":"HAW RIVER","source_vintage":"sbe_2006"},"geometry":{"type":"Point","coordinates":[-79.3592021382292,36.09151049902472]}},{"type":"Feature","properties":{"county_nam":"ALAMANCE","prec_id":"MELVILLE 3","precinct_norm":"ALAMANCE - MELVILLE 3","name":"Melville 3","label":"Melville 3","seims_code":"103","seims_desc":"MELVILLE 3","source_vintage":"sbe_2006"},"geometry":{"type":"Point","coordinates":[-79.32924048701831,36.06028700034767]}},{"type":"Feature","properties":{"county_nam":"ALAMANCE","prec_id":"MELVILLE NORTH","precinct_norm":"ALAMANCE - MELVILLE NORTH","name":"Melville North","label":"Melville North","seims_code":"10N","seims_desc":"NORTH MELVILLE","source_vintage":"sbe_2006"},"geometry":{"type":"Point","coordinates":[-79.28507456211267,36.11464650029476]}},{"type":"Feature","properties":{"county_nam":"ALAMANCE","prec_id":"MELVILLE SOUTH","precinct_norm":"ALAMANCE - MELVILLE SOUTH","name":"Melville South","label":"Melville South","seims_code":"10S","seims_desc":"SOUTH MELVILLE","source_vintage":"sbe_2006"},"geometry":{"type":"Point","coordinates":[-79.29225467367104,36.07791100083009]}},{"type":"Feature","properties":{"county_nam":"ALAMANCE","prec_id":"MORTON","precinct_norm":"ALAMANCE - MORTON","name":"Morton","label":"Morton","seims_code":"04","seims_desc":"MORTON","source_vintage":"sbe_2006"},"geometry":{"type":"Point","coordinates":[-79.48818388401918,36.191258500529095]}},{"type":"Feature","properties":{"county_nam":"ALAMANCE","prec_id":"NEWLIN NORTH","precinct_norm":"ALAMANCE - NEWLIN NORTH","name":"Newlin North","label":"Newlin North","seims_code":"08N","seims_desc":"NORTH NEWLIN","source_vintage":"sbe_2006"},"geometry":{"type":"Point","coordinates":[-79.36229628132676,35.91857549942583]}},{"type":"Feature","properties":{"county_nam":"ALAMANCE","prec_id":"NEWLIN SOUTH","precinct_norm":"ALAMANCE - NEWLIN SOUTH","name":"Newlin South","label":"Newlin South","seims_code":"08S","seims_desc":"SOUTH NEWLIN","source_vintage":"sbe_2006"},"geometry":{"type":"Point","coordinates":[-79.34112535232488,35.87358950282177]}},{"type":"Feature","properties":{"county_nam":"ALAMANCE","prec_id":"PATTERSON","precinct_norm":"ALAMANCE - PATTERSON","name":"Patterson","label":"Patterson","seims_code":"01","seims_desc":"PATTERSON","source_vintage":"sbe_2006"},"geometry":{"type":"Point","coordinates":[-79.48651076255675,35.90442500267764]}},{"type":"Feature","properties":{"county_nam":"ALAMANCE","prec_id":"PLEASANT GROVE","precinct_norm":"ALAMANCE - PLEASANT GROVE","name":"Pleasant Grove","label":"Pleasant Grove","seims_code":"11","seims_desc":"PLEASANT GROVE","source_vintage":"sbe_2006"},"geometry":{"type":"Point","coordinates":[-79.31208267362004,36.19186200100471]}},{"type":"Feature","properties":{"county_nam":"ALAMANCE","prec_id":"THOMPSON NORTH","precinct_norm":"ALAMANCE - THOMPSON NORTH","name":"Thompson North","label":"Thompson North","seims_code":"09N","seims_desc":"NORTH THOMPSON","source_vintage":"sbe_2006"},"geometry":{"type":"Point","coordinates":[-79.35147772104133,36.014178500077236]}},{"type":"Feature","properties":{"county_nam":"ALAMANCE","prec_id":"THOMPSON SOUTH","precinct_norm":"ALAMANCE - THOMPSON SOUTH","name":"Thompson South","label":"Thompson South","seims_code":"09S","seims_desc":"SOUTH THOMPSON","source_vintage":"sbe_2006"},"geometry":{"type":"Point","coordinates":[-79.3034918184265,35.97208099693926]}},{"type":"Feature","properties":{"county_nam":"ALEXANDER","prec_id":"BETHLEHEM 1","precinct_norm":"ALEXANDER - BETHLEHEM 1","name":"Bethlehem 1","label":"Bethlehem 1","seims_code":"B1","seims_desc":"BETHLEHEM #1","source_vintage":"sbe_2006"},"geometry":{"type":"Point","coordinates":[-81.32477042210553,35.84448749970077]}},{"type":"Feature","properties":{"county_nam":"ALEXANDER","prec_id":"BETHLEHEM 2","precinct_norm":"ALEXANDER - BETHLEHEM 2","name":"Bethlehem 2","label":"Bethlehem 2","seims_code":"B2","seims_desc":"BETHLEHEM #2","source_vintage":"sbe_2006"},"geometry":{"type":"Point","coordinates":[-81.28367601611257,35.84851199950768]}},{"type":"Feature","properties":{"county_nam":"ALEXANDER","prec_id":"ELLENDALE","precinct_norm":"ALEXANDER - ELLENDALE","name":"Ellendale","label":"Ellendale","seims_code":"E","seims_desc":"ELLENDALE","source_vintage":"sbe_2006"},"geometry":{"type":"Point","coordinates":[-81.28204383858414,35.92817349807531]}},{"type":"Feature","properties":{"county_nam":"ALEXANDER","prec_id":"GWALTNEY 1","precinct_norm":"ALEXANDER - GWALTNEY 1","name":"Gwaltney 1","label":"Gwaltney 1","seims_code":"G1","seims_desc":"GWALTNEY #1","source_vintage":"sbe_2006"},"geometry":{"type":"Point","coordinates":[-81.06621936701859,36.002414000920865]}},{"type":"Feature","properties":{"county_nam":"ALEXANDER","prec_id":"GWALTNEY 2","precinct_norm":"ALEXANDER - GWALTNEY 2","name":"Gwaltney 2","label":"Gwaltney 2","seims_code":"G2","seims_desc":"GWALTNEY #2","source_vintage":"sbe_2006"},"geometry":{"type":"Point","coordinates":[-81.04230021489045,35.937499000772775]}},{"type":"Feature","properties":{"county_nam":"ALEXANDER","prec_id":"LITTLE RIVER","precinct_norm":"ALEXANDER - LITTLE RIVER","name":"Little River","label":"Little River","seims_code":"L","seims_desc":"LITTLE RIVER","source_vintage":"sbe_2006"},"geometry":{"type":"Point","coordinates":[-81.24550529525501,35.981719501485344]}},{"type":"Feature","properties":{"county_nam":"ALEXANDER","prec_id":"MILLERS","precinct_norm":"ALEXANDER - MILLERS","name":"Millers","label":"Millers","seims_code":"M","seims_desc":"MILLERS","source_vintage":"sbe_2006"},"geometry":{"type":"Point","coordinates":[-81.09871703790496,35.83231599978093]}},{"type":"Feature","properties":{"county_nam":"ALEXANDER","prec_id":"SHARPES 1","precinct_norm":"ALEXANDER - SHARPES 1","name":"Sharpes 1","label":"Sharpes 1","seims_code":"S1","seims_desc":"SHARPES #1","source_vintage":"sbe_2006"},"geometry":{"type":"Point","coordinates":[-81.09444518875742,35.93150800065881]}},{"type":"Feature","properties":{"county_nam":"ALEXANDER","prec_id":"SHARPES 2","precinct_norm":"ALEXANDER - SHARPES 2","name":"Sharpes 2","label":"Sharpes 2","seims_code":"S2","seims_desc":"SHARPES #2","source_vintage":"sbe_2006"},"geometry":{"type":"Point","coordinates":[-81.05305749885005,35.86661099975504]}},{"type":"Feature","properties":{"county_nam":"ALEXANDER","prec_id":"SUGAR LOAF","precinct_norm":"ALEXANDER - SUGAR LOAF","name":"Sugar Loaf","label":"Sugar Loaf","seims_code":"SL","seims_desc":"SUGAR LOAF","source_vintage":"sbe_2006"},"geometry":{"type":"Point","coordinates":[-81.15198997760554,35.993799500429205]}},{"type":"Feature","properties":{"county_nam":"ALEXANDER","prec_id":"TAYLORSVILLE 1","precinct_norm":"ALEXANDER - TAYLORSVILLE 1","name":"Taylorsville 1","label":"Taylorsville 1","seims_code":"T1","seims_desc":"TAYLORSVILLE #1","source_vintage":"sbe_2006"},"geometry":{"type":"Point","coordinates":[-81.16435939330226,35.87284150006204]}},{"type":"Feature","properties":{"county_nam":"ALEXANDER","prec_id":"TAYLORSVILLE 2","precinct_norm":"ALEXANDER - TAYLORSVILLE 2","name":"Taylorsville 2","label":"Taylorsville 2","seims_code":"T2","seims_desc":"TAYLORSVILLE #2","source_vintage":"sbe_2006"},"geometry":{"type":"Point","coordinates":[-81.15748577419541,35.94030700121679]}},{"type":"Feature","properties":{"county_nam":"ALEXANDER","prec_id":"TAYLORSVILLE 3","precinct_norm":"ALEXANDER - TAYLORSVILLE 3","name":"Taylorsville 3","label":"Taylorsville 3","seims_code":"T3","seims_desc":"TAYLORSVILLE #3","source_vintage":"sbe_2006"},"geometry":{"type":"Point","coordinates":[-81.1429727787174,35.900625501283]}},{"type":"Feature","properties":{"county_nam":"ALEXANDER","prec_id":"TAYLORSVILLE 4","precinct_norm":"ALEXANDER - TAYLORSVILLE 4","name":"Taylorsville 4","label":"Taylorsville 4","seims_code":"T4","seims_desc":"TAYLORSVILLE #4","source_vintage":"sbe_2006"},"geometry":{"type":"Point","coordinates":[-81.19632538731759,35.92704250035354]}},{"type":"Feature","properties":{"county_nam":"ALEXANDER","prec_id":"TAYLORSVILLE 5","precinct_norm":"ALEXANDER - TAYLORSVILLE 5","name":"Taylorsville 5","label":"Taylorsville 5","seims_code":"T5","seims_desc":"TAYLORSVILLE #5","source_vintage":"sbe_2006"},"geometry":{"type":"Point","coordinates":[-81.1943440843371,35.8812529993489]}},{"type":"Feature","properties":{"county_nam":"ALEXANDER","prec_id":"WITTENBURG","precinct_norm":"ALEXANDER - WITTENBURG","name":"Wittenburg","label":"Wittenburg","seims_code":"W","seims_desc":"WITTENBURG","source_vintage":"sbe_2006"},"geometry":{"type":"Point","coordinates":[-81.22925989880406,35.85347450126534]}},{"type":"Feature","properties":{"county_nam":"ALLEGHANY","prec_id":"CHERRY LANE","precinct_norm":"ALLEGHANY - CHERRY LANE","name":"Cherry Lane","label":"Cherry Lane","seims_code":"01","seims_desc":"CHERRY LANE","source_vintage":"sbe_2006"},"geometry":{"type":"Point","coordinates":[-81.02620005022172,36.438315999949694]}},{"type":"Feature","properties":{"county_nam":"ALLEGHANY","prec_id":"CRANBERRY","precinct_norm":"ALLEGHANY - CRANBERRY","name":"Cranberry","label":"Cranberry","seims_code":"02","seims_desc":"CRANBERRY","source_vintage":"sbe_2006"},"geometry":{"type":"Point","coordinates":[-81.22196514160558,36.4180525001219]}},{"type":"Feature","properties":{"county_nam":"ALLEGHANY","prec_id":"GAP CIVIL","precinct_norm":"ALLEGHANY - GAP CIVIL","name":"Gap Civil","label":"Gap Civil","seims_code":"03","seims_desc":"GAP CIVIL","source_vintage":"sbe_2006"},"geometry":{"type":"Point","coordinates":[-81.11812090613793,36.52127749973231]}},{"type":"Feature","properties":{"county_nam":"ALLEGHANY","prec_id":"GLADE CREEK","precinct_norm":"ALLEGHANY - GLADE CREEK","name":"Glade Creek","label":"Glade Creek","seims_code":"04","seims_desc":"GLADE CREEK","source_vintage":"sbe_2006"},"geometry":{"type":"Point","coordinates":[-80.97590482225695,36.513511499112525]}},{"type":"Feature","properties":{"county_nam":"ALLEGHANY","prec_id":"PINEY CREEK","precinct_norm":"ALLEGHANY - PINEY CREEK","name":"Piney Creek","label":"Piney Creek","seims_code":"05","seims_desc":"PINEY CREEK","source_vintage":"sbe_2006"},"geometry":{"type":"Point","coordinates":[-81.27519573855875,36.54267899855889]}},{"type":"Feature","properties":{"county_nam":"ALLEGHANY","prec_id":"PRATHERS CREEK","precinct_norm":"ALLEGHANY - PRATHERS CREEK","name":"Prathers Creek","label":"Prathers Creek","seims_code":"06","seims_desc":"PRATHERS CREEK","source_vintage":"sbe_2006"},"geometry":{"type":"Point","coordinates":[-81.25497797335677,36.493759997892425]}},{"type":"Feature","properties":{"county_nam":"ALLEGHANY","prec_id":"WHITEHEAD","precinct_norm":"ALLEGHANY - WHITEHEAD","name":"Whitehead","label":"Whitehead","seims_code":"07","seims_desc":"WHITEHEAD","source_vintage":"sbe_2006"},"geometry":{"type":"Point","coordinates":[-81.13427626213436,36.45106700058879]}},{"type":"Feature","properties":{"county_nam":"ANSON","prec_id":"ANSONVILLE","precinct_norm":"ANSON - ANSONVILLE","name":"Ansonville","label":"Ansonville","seims_code":"ANS","seims_desc":"ANSONVILLE","source_vintage":"sbe_2006"},"geometry":{"type":"Point","coordinates":[-80.12710859747764,35.117602001082176]}},{"type":"Feature","properties":{"county_nam":"ANSON","prec_id":"BURNSVILLE","precinct_norm":"ANSON - BURNSVILLE","name":"Burnsville","label":"Burnsville","seims_code":"BURN","seims_desc":"BURNSVILLE","source_vintage":"sbe_2006"},"geometry":{"type":"Point","coordinates":[-80.23593865425636,35.130716000213056]}},{"type":"Feature","properties":{"county_nam":"ANSON","prec_id":"GULLEDGE","precinct_norm":"ANSON - GULLEDGE","name":"Gulledge","label":"Gulledge","seims_code":"GULL","seims_desc":"GULLEDGE","source_vintage":"sbe_2006"},"geometry":{"type":"Point","coordinates":[-80.10851281632671,34.86404999981977]}},{"type":"Feature","properties":{"county_nam":"ANSON","prec_id":"LILESVILLE","precinct_norm":"ANSON - LILESVILLE","name":"Lilesville","label":"Lilesville","seims_code":"LILE","seims_desc":"LILESVILLE","source_vintage":"sbe_2006"},"geometry":{"type":"Point","coordinates":[-79.94954410142273,34.99018750097261]}},{"type":"Feature","properties":{"county_nam":"ANSON","prec_id":"MORVEN/MCFARLAN","precinct_norm":"ANSON - MORVEN/MCFARLAN","name":"Morven/Mcfarlan","label":"Morven/Mcfarlan","seims_code":"MM","seims_desc":"MORVEN/MCFARLAN","source_vintage":"sbe_2006"},"geometry":{"type":"Point","coordinates":[-79.96651007328362,34.859214501091806]}},{"type":"Feature","properties":{"county_nam":"ANSON","prec_id":"PEACHLAND","precinct_norm":"ANSON - PEACHLAND","name":"Peachland","label":"Peachland","seims_code":"PEAC","seims_desc":"PEACHLAND","source_vintage":"sbe_2006"},"geometry":{"type":"Point","coordinates":[-80.25405003024207,34.99239700054729]}},{"type":"Feature","properties":{"county_nam":"ANSON","prec_id":"POLKTON","precinct_norm":"ANSON - POLKTON","name":"Polkton","label":"Polkton","seims_code":"POLK","seims_desc":"POLKTON","source_vintage":"sbe_2006"},"geometry":{"type":"Point","coordinates":[-80.20105726476866,34.99736449760163]}},{"type":"Feature","properties":{"county_nam":"ANSON","prec_id":"WADESBORO 1","precinct_norm":"ANSON - WADESBORO 1","name":"Wadesboro 1","label":"Wadesboro 1","seims_code":"W1","seims_desc":"WADESBORO 1","source_vintage":"sbe_2006"},"geometry":{"type":"Point","coordinates":[-80.09427582010557,35.00538849916224]}},{"type":"Feature","properties":{"county_nam":"ANSON","prec_id":"WADESBORO 2","precinct_norm":"ANSON - WADESBORO 2","name":"Wadesboro 2","label":"Wadesboro 2","seims_code":"W2","seims_desc":"WADESBORO 2","source_vintage":"sbe_2006"},"geometry":{"type":"Point","coordinates":[-80.13606815381144,34.93172250022751]}},{"type":"Feature","properties":{"county_nam":"ANSON","prec_id":"WADESBORO 3","precinct_norm":"ANSON - WADESBORO 3","name":"Wadesboro 3","label":"Wadesboro 3","seims_code":"W3","seims_desc":"WADESBORO 3","source_vintage":"sbe_2006"},"geometry":{"type":"Point","coordinates":[-80.05831072981267,34.93103349921208]}},{"type":"Feature","properties":{"county_nam":"ANSON","prec_id":"WHITE STORE","precinct_norm":"ANSON - WHITE STORE","name":"White Store","label":"White Store","seims_code":"WS","seims_desc":"WHITE STORE","source_vintage":"sbe_2006"},"geometry":{"type":"Point","coordinates":[-80.24741360880111,34.87417450034765]}},{"type":"Feature","properties":{"county_nam":"ASHE","prec_id":"CLIFTON","precinct_norm":"ASHE - CLIFTON","name":"Clifton","label":"Clifton","seims_code":"02","seims_desc":"CLIFTON","source_vintage":"sbe_2006"},"geometry":{"type":"Point","coordinates":[-81.5553339560505,36.46412950088042]}},{"type":"Feature","properties":{"county_nam":"ASHE","prec_id":"CRESTON","precinct_norm":"ASHE - CRESTON","name":"Creston","label":"Creston","seims_code":"03","seims_desc":"CRESTON","source_vintage":"sbe_2006"},"geometry":{"type":"Point","coordinates":[-81.61086571130784,36.411683499147095]}},{"type":"Feature","properties":{"county_nam":"ASHE","prec_id":"ELK","precinct_norm":"ASHE - ELK","name":"Elk","label":"Elk","seims_code":"04","seims_desc":"ELK","source_vintage":"sbe_2006"},"geometry":{"type":"Point","coordinates":[-81.58326997817089,36.32140650092267]}},{"type":"Feature","properties":{"county_nam":"ASHE","prec_id":"HELTON","precinct_norm":"ASHE - HELTON","name":"Helton","label":"Helton","seims_code":"06","seims_desc":"HELTON","source_vintage":"sbe_2006"},"geometry":{"type":"Point","coordinates":[-81.4735258659919,36.54724600006722]}},{"type":"Feature","properties":{"county_nam":"ASHE","prec_id":"HORSE CREEK","precinct_norm":"ASHE - HORSE CREEK","name":"Horse Creek","label":"Horse Creek","seims_code":"07","seims_desc":"HORSE CREEK","source_vintage":"sbe_2006"},"geometry":{"type":"Point","coordinates":[-81.5816571953508,36.52197549913939]}},{"type":"Feature","properties":{"county_nam":"ASHE","prec_id":"HURRICANE","precinct_norm":"ASHE - HURRICANE","name":"Hurricane","label":"Hurricane","seims_code":"08","seims_desc":"HURRICANE","source_vintage":"sbe_2006"},"geometry":{"type":"Point","coordinates":[-81.58572024868266,36.56263049898577]}},{"type":"Feature","properties":{"county_nam":"ASHE","prec_id":"JEFFERSON","precinct_norm":"ASHE - JEFFERSON","name":"Jefferson","label":"Jefferson","seims_code":"09","seims_desc":"JEFFERSON","source_vintage":"sbe_2006"},"geometry":{"type":"Point","coordinates":[-81.4212371223806,36.4095239978581]}},{"type":"Feature","properties":{"county_nam":"ASHE","prec_id":"LAUREL","precinct_norm":"ASHE - LAUREL","name":"Laurel","label":"Laurel","seims_code":"10","seims_desc":"LAUREL","source_vintage":"sbe_2006"},"geometry":{"type":"Point","coordinates":[-81.66292485463381,36.49379500068761]}},{"type":"Feature","properties":{"county_nam":"ASHE","prec_id":"NEW RIVER","precinct_norm":"ASHE - NEW RIVER","name":"New River","label":"New River","seims_code":"11","seims_desc":"NEW RIVER","source_vintage":"sbe_2006"},"geometry":{"type":"Point","coordinates":[-81.38810026629164,36.51094000080242]}},{"type":"Feature","properties":{"county_nam":"ASHE","prec_id":"NORTH FORK","precinct_norm":"ASHE - NORTH FORK","name":"North Fork","label":"North Fork","seims_code":"12","seims_desc":"NORTH FORK","source_vintage":"sbe_2006"},"geometry":{"type":"Point","coordinates":[-81.6923100822203,36.408783999805024]}},{"type":"Feature","properties":{"county_nam":"ASHE","prec_id":"OBIDS","precinct_norm":"ASHE - OBIDS","name":"Obids","label":"Obids","seims_code":"13","seims_desc":"0BIDS","source_vintage":"sbe_2006"},"geometry":{"type":"Point","coordinates":[-81.40071357717557,36.33065349841189]}},{"type":"Feature","properties":{"county_nam":"ASHE","prec_id":"OLD FIELDS","precinct_norm":"ASHE - OLD FIELDS","name":"Old Fields","label":"Old Fields","seims_code":"14","seims_desc":"OLD FIELDS","source_vintage":"sbe_2006"},"geometry":{"type":"Point","coordinates":[-81.53006045436159,36.33188249754939]}},{"type":"Feature","properties":{"county_nam":"ASHE","prec_id":"PEAK CREEK","precinct_norm":"ASHE - PEAK CREEK","name":"Peak Creek","label":"Peak Creek","seims_code":"15","seims_desc":"PEAK CREEK","source_vintage":"sbe_2006"},"geometry":{"type":"Point","coordinates":[-81.31363416984331,36.41369299975912]}},{"type":"Feature","properties":{"county_nam":"ASHE","prec_id":"PINE SWAMP","precinct_norm":"ASHE - PINE SWAMP","name":"Pine Swamp","label":"Pine Swamp","seims_code":"16","seims_desc":"PINE SWAMP","source_vintage":"sbe_2006"},"geometry":{"type":"Point","coordinates":[-81.46811570267157,36.296253999172386]}},{"type":"Feature","properties":{"county_nam":"ASHE","prec_id":"PINEY CREEK","precinct_norm":"ASHE - PINEY CREEK","name":"Piney Creek","label":"Piney Creek","seims_code":"17","seims_desc":"PINEY CREEK","source_vintage":"sbe_2006"},"geometry":{"type":"Point","coordinates":[-81.49845561280783,36.515916499406835]}},{"type":"Feature","properties":{"county_nam":"ASHE","prec_id":"POND MOUNTAIN","precinct_norm":"ASHE - POND MOUNTAIN","name":"Pond Mountain","label":"Pond Mountain","seims_code":"18","seims_desc":"POND MOUNTAIN","source_vintage":"sbe_2006"},"geometry":{"type":"Point","coordinates":[-81.66479879490818,36.538569000755146]}},{"type":"Feature","properties":{"county_nam":"ASHE","prec_id":"WEST JEFFERSON","precinct_norm":"ASHE - WEST JEFFERSON","name":"West Jefferson","label":"West Jefferson","seims_code":"20","seims_desc":"WEST JEFFERSON","source_vintage":"sbe_2006"},"geometry":{"type":"Point","coordinates":[-81.50868266712683,36.39499550130411]}},{"type":"Feature","properties":{"county_nam":"AVERY","prec_id":"ALTAMONT","precinct_norm":"AVERY - ALTAMONT","name":"Altamont","label":"Altamont","seims_code":"01","seims_desc":"ALTAMONT","source_vintage":"sbe_2006"},"geometry":{"type":"Point","coordinates":[-81.92956970821763,36.00105399995169]}},{"type":"Feature","properties":{"county_nam":"AVERY","prec_id":"BANNER ELK","precinct_norm":"AVERY - BANNER ELK","name":"Banner Elk","label":"Banner Elk","seims_code":"02","seims_desc":"BANNER ELK","source_vintage":"sbe_2006"},"geometry":{"type":"Point","coordinates":[-81.88479567459751,36.17593899939013]}},{"type":"Feature","properties":{"county_nam":"AVERY","prec_id":"BEECH MOUNTAIN","precinct_norm":"AVERY - BEECH MOUNTAIN","name":"Beech Mountain","label":"Beech Mountain","seims_code":"03","seims_desc":"BEECH MOUNTAIN","source_vintage":"sbe_2006"},"geometry":{"type":"Point","coordinates":[-81.93344813897741,36.23837850005338]}},{"type":"Feature","properties":{"county_nam":"AVERY","prec_id":"CAREYS FLAT","precinct_norm":"AVERY - CAREYS FLAT","name":"Careys Flat","label":"Careys Flat","seims_code":"04","seims_desc":"CAREYS FLAT","source_vintage":"sbe_2006"},"geometry":{"type":"Point","coordinates":[-81.81598908838376,36.03051199941005]}},{"type":"Feature","properties":{"county_nam":"AVERY","prec_id":"CRANBERRY","precinct_norm":"AVERY - CRANBERRY","name":"Cranberry","label":"Cranberry","seims_code":"05","seims_desc":"CRANBERRY","source_vintage":"sbe_2006"},"geometry":{"type":"Point","coordinates":[-81.9765906199764,36.13353900106402]}},{"type":"Feature","properties":{"county_nam":"AVERY","prec_id":"ELK PARK","precinct_norm":"AVERY - ELK PARK","name":"Elk Park","label":"Elk Park","seims_code":"06","seims_desc":"ELK PARK","source_vintage":"sbe_2006"},"geometry":{"type":"Point","coordinates":[-81.97579192879881,36.176311000089655]}},{"type":"Feature","properties":{"county_nam":"AVERY","prec_id":"FRANK","precinct_norm":"AVERY - FRANK","name":"Frank","label":"Frank","seims_code":"07","seims_desc":"FRANK","source_vintage":"sbe_2006"},"geometry":{"type":"Point","coordinates":[-82.00517517642653,36.070729499791895]}},{"type":"Feature","properties":{"county_nam":"AVERY","prec_id":"HEATON","precinct_norm":"AVERY - HEATON","name":"Heaton","label":"Heaton","seims_code":"08","seims_desc":"HEATON","source_vintage":"sbe_2006"},"geometry":{"type":"Point","coordinates":[-81.94145378565193,36.168732000192605]}},{"type":"Feature","properties":{"county_nam":"AVERY","prec_id":"HUGHES","precinct_norm":"AVERY - HUGHES","name":"Hughes","label":"Hughes","seims_code":"09","seims_desc":"HUGHES","source_vintage":"sbe_2006"},"geometry":{"type":"Point","coordinates":[-81.96703032116105,36.05995350007811]}},{"type":"Feature","properties":{"county_nam":"AVERY","prec_id":"INGALLS","precinct_norm":"AVERY - INGALLS","name":"Ingalls","label":"Ingalls","seims_code":"10","seims_desc":"INGALLS","source_vintage":"sbe_2006"},"geometry":{"type":"Point","coordinates":[-82.0048625865504,35.960494498696875]}},{"type":"Feature","properties":{"county_nam":"AVERY","prec_id":"LINVILLE","precinct_norm":"AVERY - LINVILLE","name":"Linville","label":"Linville","seims_code":"11","seims_desc":"LINVILLE","source_vintage":"sbe_2006"},"geometry":{"type":"Point","coordinates":[-81.85323715120074,36.0896024996279]}},{"type":"Feature","properties":{"county_nam":"AVERY","prec_id":"MINNEAPOLIS","precinct_norm":"AVERY - MINNEAPOLIS","name":"Minneapolis","label":"Minneapolis","seims_code":"12","seims_desc":"MINNEAPOLIS","source_vintage":"sbe_2006"},"geometry":{"type":"Point","coordinates":[-82.00528883234674,36.11034149940682]}},{"type":"Feature","properties":{"county_nam":"AVERY","prec_id":"MONTEZUMA","precinct_norm":"AVERY - MONTEZUMA","name":"Montezuma","label":"Montezuma","seims_code":"13","seims_desc":"MONTEZUMA","source_vintage":"sbe_2006"},"geometry":{"type":"Point","coordinates":[-81.89930799763209,36.09187099940153]}},{"type":"Feature","properties":{"county_nam":"AVERY","prec_id":"NEWLAND 1","precinct_norm":"AVERY - NEWLAND 1","name":"Newland 1","label":"Newland 1","seims_code":"14","seims_desc":"NEWLAND # 1","source_vintage":"sbe_2006"},"geometry":{"type":"Point","coordinates":[-81.94278520925981,36.107532000052515]}},{"type":"Feature","properties":{"county_nam":"AVERY","prec_id":"NEWLAND 2","precinct_norm":"AVERY - NEWLAND 2","name":"Newland 2","label":"Newland 2","seims_code":"15","seims_desc":"NEWLAND # 2","source_vintage":"sbe_2006"},"geometry":{"type":"Point","coordinates":[-81.94931753559135,36.07545650085797]}},{"type":"Feature","properties":{"county_nam":"AVERY","prec_id":"PINEOLA","precinct_norm":"AVERY - PINEOLA","name":"Pineola","label":"Pineola","seims_code":"16","seims_desc":"PINEOLA","source_vintage":"sbe_2006"},"geometry":{"type":"Point","coordinates":[-81.88471095931853,36.0159085009421]}},{"type":"Feature","properties":{"county_nam":"AVERY","prec_id":"PLUMTREE","precinct_norm":"AVERY - PLUMTREE","name":"Plumtree","label":"Plumtree","seims_code":"17","seims_desc":"PLUMTREE","source_vintage":"sbe_2006"},"geometry":{"type":"Point","coordinates":[-82.01754850745897,36.0208260003933]}},{"type":"Feature","properties":{"county_nam":"AVERY","prec_id":"PYATTE","precinct_norm":"AVERY - PYATTE","name":"Pyatte","label":"Pyatte","seims_code":"18","seims_desc":"PYATTE","source_vintage":"sbe_2006"},"geometry":{"type":"Point","coordinates":[-81.97159388083782,36.018532001890414]}},{"type":"Feature","properties":{"county_nam":"AVERY","prec_id":"ROARING CREEK","precinct_norm":"AVERY - ROARING CREEK","name":"Roaring Creek","label":"Roaring Creek","seims_code":"19","seims_desc":"ROARING CREEK","source_vintage":"sbe_2006"},"geometry":{"type":"Point","coordinates":[-82.04951523990677,36.085977499933584]}},{"type":"Feature","properties":{"county_nam":"BEAUFORT","prec_id":"AURORA","precinct_norm":"BEAUFORT - AURORA","name":"Aurora","label":"Aurora","seims_code":"AUROR","seims_desc":"AURORA","source_vintage":"sbe_2006"},"geometry":{"type":"Point","coordinates":[-76.73726404308258,35.321024500783935]}},{"type":"Feature","properties":{"county_nam":"BEAUFORT","prec_id":"BEAVER DAM","precinct_norm":"BEAUFORT - BEAVER DAM","name":"Beaver Dam","label":"Beaver Dam","seims_code":"BEADM","seims_desc":"BEAVER DAM","source_vintage":"sbe_2006"},"geometry":{"type":"Point","coordinates":[-76.9515292796587,35.562799997840465]}},{"type":"Feature","properties":{"county_nam":"BEAUFORT","prec_id":"BELHAVEN","precinct_norm":"BEAUFORT - BELHAVEN","name":"Belhaven","label":"Belhaven","seims_code":"BELHV","seims_desc":"BELHAVEN","source_vintage":"sbe_2006"},"geometry":{"type":"Point","coordinates":[-76.57292343134309,35.572428999756234]}},{"type":"Feature","properties":{"county_nam":"BEAUFORT","prec_id":"BLOUNTS CREEK","precinct_norm":"BEAUFORT - BLOUNTS CREEK","name":"Blounts Creek","label":"Blounts Creek","seims_code":"BLCK","seims_desc":"BLOUNTS CREEK","source_vintage":"sbe_2006"},"geometry":{"type":"Point","coordinates":[-76.97236087742151,35.377571999803294]}},{"type":"Feature","properties":{"county_nam":"BEAUFORT","prec_id":"CHOCOWINITY","precinct_norm":"BEAUFORT - CHOCOWINITY","name":"Chocowinity","label":"Chocowinity","seims_code":"CHOCO","seims_desc":"CHOCOWINITY","source_vintage":"sbe_2006"},"geometry":{"type":"Point","coordinates":[-77.11880107247919,35.4489304991212]}},{"type":"Feature","properties":{"county_nam":"BEAUFORT","prec_id":"EDWARD","precinct_norm":"BEAUFORT - EDWARD","name":"Edward","label":"Edward","seims_code":"EDWAR","seims_desc":"EDWARD","source_vintage":"sbe_2006"},"geometry":{"type":"Point","coordinates":[-76.8910348284191,35.332080001541705]}},{"type":"Feature","properties":{"county_nam":"BEAUFORT","prec_id":"GILEAD","precinct_norm":"BEAUFORT - GILEAD","name":"Gilead","label":"Gilead","seims_code":"GILEA","seims_desc":"GILEAD","source_vintage":"sbe_2006"},"geometry":{"type":"Point","coordinates":[-77.00700401571714,35.45632650003793]}},{"type":"Feature","properties":{"county_nam":"BEAUFORT","prec_id":"HUNTERS BRIDGE","precinct_norm":"BEAUFORT - HUNTERS BRIDGE","name":"Hunters Bridge","label":"Hunters Bridge","seims_code":"HB","seims_desc":"HUNTERS BRIDGE","source_vintage":"sbe_2006"},"geometry":{"type":"Point","coordinates":[-76.7969697451434,35.546487499423975]}},{"type":"Feature","properties":{"county_nam":"BEAUFORT","prec_id":"NORTH CREEK","precinct_norm":"BEAUFORT - NORTH CREEK","name":"North Creek","label":"North Creek","seims_code":"NCRK","seims_desc":"NORTH CREEK","source_vintage":"sbe_2006"},"geometry":{"type":"Point","coordinates":[-76.6638994396808,35.44351049901553]}},{"type":"Feature","properties":{"county_nam":"BEAUFORT","prec_id":"OLD FORD","precinct_norm":"BEAUFORT - OLD FORD","name":"Old Ford","label":"Old Ford","seims_code":"OLDF","seims_desc":"OLD FORD","source_vintage":"sbe_2006"},"geometry":{"type":"Point","coordinates":[-77.0378338975353,35.632819000654365]}},{"type":"Feature","properties":{"county_nam":"BEAUFORT","prec_id":"P S JONES-WASH W3","precinct_norm":"BEAUFORT - P S JONES-WASH W3","name":"P S Jones-Wash W3","label":"P S Jones-Wash W3","seims_code":"PSJW3","seims_desc":"P S JONES-WASH W3","source_vintage":"sbe_2006"},"geometry":{"type":"Point","coordinates":[-77.05202960437077,35.568028499741615]}},{"type":"Feature","properties":{"county_nam":"BEAUFORT","prec_id":"PANTEGO","precinct_norm":"BEAUFORT - PANTEGO","name":"Pantego","label":"Pantego","seims_code":"PANTE","seims_desc":"PANTEGO","source_vintage":"sbe_2006"},"geometry":{"type":"Point","coordinates":[-76.72933804268115,35.61219799988682]}},{"type":"Feature","properties":{"county_nam":"BEAUFORT","prec_id":"PINETOWN","precinct_norm":"BEAUFORT - PINETOWN","name":"Pinetown","label":"Pinetown","seims_code":"PINET","seims_desc":"PINETOWN","source_vintage":"sbe_2006"},"geometry":{"type":"Point","coordinates":[-76.88387850221245,35.63089749991482]}},{"type":"Feature","properties":{"county_nam":"BEAUFORT","prec_id":"RIVER ROAD","precinct_norm":"BEAUFORT - RIVER ROAD","name":"River Road","label":"River Road","seims_code":"RVRD","seims_desc":"RIVER ROAD","source_vintage":"sbe_2006"},"geometry":{"type":"Point","coordinates":[-76.97929765231171,35.498981499264104]}},{"type":"Feature","properties":{"county_nam":"BEAUFORT","prec_id":"SURRY-BATH","precinct_norm":"BEAUFORT - SURRY-BATH","name":"Surry-Bath","label":"Surry-Bath","seims_code":"SURBA","seims_desc":"SURRY-BATH","source_vintage":"sbe_2006"},"geometry":{"type":"Point","coordinates":[-76.81296285370229,35.4619709988235]}},{"type":"Feature","properties":{"county_nam":"BEAUFORT","prec_id":"WASHINGTON PARK","precinct_norm":"BEAUFORT - WASHINGTON PARK","name":"Washington Park","label":"Washington Park","seims_code":"WASHP","seims_desc":"WASHINGTON PARK","source_vintage":"sbe_2006"},"geometry":{"type":"Point","coordinates":[-77.01524018020103,35.52828800018265]}},{"type":"Feature","properties":{"county_nam":"BEAUFORT","prec_id":"WASHINGTON WARD 1","precinct_norm":"BEAUFORT - WASHINGTON WARD 1","name":"Washington Ward 1","label":"Washington Ward 1","seims_code":"WASH1","seims_desc":"WASHINGTON WARD 1","source_vintage":"sbe_2006"},"geometry":{"type":"Point","coordinates":[-77.04498430175458,35.53912499963684]}},{"type":"Feature","properties":{"county_nam":"BEAUFORT","prec_id":"WASHINGTON WARD 4","precinct_norm":"BEAUFORT - WASHINGTON WARD 4","name":"Washington Ward 4","label":"Washington Ward 4","seims_code":"WASH4","seims_desc":"WASHINGTON WARD 4","source_vintage":"sbe_2006"},"geometry":{"type":"Point","coordinates":[-77.02116343870075,35.561756499929075]}},{"type":"Feature","properties":{"county_nam":"BEAUFORT","prec_id":"WOODARDS POND","precinct_norm":"BEAUFORT - WOODARDS POND","name":"Woodards Pond","label":"Woodards Pond","seims_code":"WDPD","seims_desc":"WOODARDS POND","source_vintage":"sbe_2006"},"geometry":{"type":"Point","coordinates":[-76.91658304123894,35.50369350012262]}},{"type":"Feature","properties":{"county_nam":"BEAUFORT","prec_id":"TRANTERS CREEK","precinct_norm":"BEAUFORT - TRANTERS CREEK","name":"Tranters Creek","label":"Tranters Creek","seims_code":"TCRK","seims_desc":"TRANTERS CREEK","source_vintage":"sbe_2006"},"geometry":{"type":"Point","coordinates":[-77.13256824054866,35.6515290011548]}},{"type":"Feature","properties":{"county_nam":"BEAUFORT","prec_id":"WASHINGTON WARD 2","precinct_norm":"BEAUFORT - WASHINGTON WARD 2","name":"Washington Ward 2","label":"Washington Ward 2","seims_code":"WASH2","seims_desc":"WASHINGTON WARD 2","source_vintage":"sbe_2006"},"geometry":{"type":"Point","coordinates":[-77.07448584307562,35.56324049982632]}},{"type":"Feature","properties":{"county_nam":"BERTIE","prec_id":"COLERAIN 1","precinct_norm":"BERTIE - COLERAIN 1","name":"Colerain 1","label":"Colerain 1","seims_code":"C1","seims_desc":"COLERAIN 1","source_vintage":"sbe_2006"},"geometry":{"type":"Point","coordinates":[-76.79573849581499,36.189335000445645]}},{"type":"Feature","properties":{"county_nam":"BERTIE","prec_id":"COLERAIN 2","precinct_norm":"BERTIE - COLERAIN 2","name":"Colerain 2","label":"Colerain 2","seims_code":"C2","seims_desc":"COLERAIN 2","source_vintage":"sbe_2006"},"geometry":{"type":"Point","coordinates":[-76.90565807050521,36.164082500358916]}},{"type":"Feature","properties":{"county_nam":"BERTIE","prec_id":"INDIAN WOODS","precinct_norm":"BERTIE - INDIAN WOODS","name":"Indian Woods","label":"Indian Woods","seims_code":"IW","seims_desc":"INDIAN WOODS","source_vintage":"sbe_2006"},"geometry":{"type":"Point","coordinates":[-77.07284052529789,35.976509000718835]}},{"type":"Feature","properties":{"county_nam":"BERTIE","prec_id":"MERRY HILL","precinct_norm":"BERTIE - MERRY HILL","name":"Merry Hill","label":"Merry Hill","seims_code":"MH","seims_desc":"MERRY HILL","source_vintage":"sbe_2006"},"geometry":{"type":"Point","coordinates":[-76.76698681939546,35.95068649846712]}},{"type":"Feature","properties":{"county_nam":"BERTIE","prec_id":"MITCHELLS 1","precinct_norm":"BERTIE - MITCHELLS 1","name":"Mitchells 1","label":"Mitchells 1","seims_code":"M1","seims_desc":"MITCHELLS 1","source_vintage":"sbe_2006"},"geometry":{"type":"Point","coordinates":[-77.00109359165901,36.175915999737924]}},{"type":"Feature","properties":{"county_nam":"BERTIE","prec_id":"MITCHELLS 2","precinct_norm":"BERTIE - MITCHELLS 2","name":"Mitchells 2","label":"Mitchells 2","seims_code":"M2","seims_desc":"MITCHELLS 2","source_vintage":"sbe_2006"},"geometry":{"type":"Point","coordinates":[-77.07738214272723,36.19222700073213]}},{"type":"Feature","properties":{"county_nam":"BERTIE","prec_id":"ROXOBEL","precinct_norm":"BERTIE - ROXOBEL","name":"Roxobel","label":"Roxobel","seims_code":"RX","seims_desc":"ROXOBEL","source_vintage":"sbe_2006"},"geometry":{"type":"Point","coordinates":[-77.19734360220812,36.18495599956375]}},{"type":"Feature","properties":{"county_nam":"BERTIE","prec_id":"SNAKEBITE","precinct_norm":"BERTIE - SNAKEBITE","name":"Snakebite","label":"Snakebite","seims_code":"SN","seims_desc":"SNAKEBITE","source_vintage":"sbe_2006"},"geometry":{"type":"Point","coordinates":[-77.04099582905812,36.09083300094869]}},{"type":"Feature","properties":{"county_nam":"BERTIE","prec_id":"WHITES","precinct_norm":"BERTIE - WHITES","name":"Whites","label":"Whites","seims_code":"WH","seims_desc":"WHITES","source_vintage":"sbe_2006"},"geometry":{"type":"Point","coordinates":[-76.79269983134249,36.08258149986767]}},{"type":"Feature","properties":{"county_nam":"BERTIE","prec_id":"WINDSOR 1","precinct_norm":"BERTIE - WINDSOR 1","name":"Windsor 1","label":"Windsor 1","seims_code":"W1","seims_desc":"WINDSOR 1","source_vintage":"sbe_2006"},"geometry":{"type":"Point","coordinates":[-76.90966042958576,35.94417099769478]}},{"type":"Feature","properties":{"county_nam":"BERTIE","prec_id":"WINDSOR 2","precinct_norm":"BERTIE - WINDSOR 2","name":"Windsor 2","label":"Windsor 2","seims_code":"W2","seims_desc":"WINDSOR 2","source_vintage":"sbe_2006"},"geometry":{"type":"Point","coordinates":[-76.9214819472574,36.08372599881749]}},{"type":"Feature","properties":{"county_nam":"BERTIE","prec_id":"WOODVILLE","precinct_norm":"BERTIE - WOODVILLE","name":"Woodville","label":"Woodville","seims_code":"WD","seims_desc":"WOODVILLE","source_vintage":"sbe_2006"},"geometry":{"type":"Point","coordinates":[-77.19076311147947,36.04087899788918]}},{"type":"Feature","properties":{"county_nam":"BLADEN","prec_id":"ABBOTTS","precinct_norm":"BLADEN - ABBOTTS","name":"Abbotts","label":"Abbotts","seims_code":"P10","seims_desc":"ABBOTTS","source_vintage":"sbe_2006"},"geometry":{"type":"Point","coordinates":[-78.7206786021435,34.51237950220097]}},{"type":"Feature","properties":{"county_nam":"BLADEN","prec_id":"BETHEL","precinct_norm":"BLADEN - BETHEL","name":"Bethel","label":"Bethel","seims_code":"P15","seims_desc":"BETHEL","source_vintage":"sbe_2006"},"geometry":{"type":"Point","coordinates":[-78.73747479033973,34.662416998415765]}},{"type":"Feature","properties":{"county_nam":"BLADEN","prec_id":"BLADENBORO 1","precinct_norm":"BLADEN - BLADENBORO 1","name":"Bladenboro 1","label":"Bladenboro 1","seims_code":"P201","seims_desc":"BLADENBORO #1","source_vintage":"sbe_2006"},"geometry":{"type":"Point","coordinates":[-78.80896165555887,34.51751700030711]}},{"type":"Feature","properties":{"county_nam":"BLADEN","prec_id":"BLADENBORO 2","precinct_norm":"BLADEN - BLADENBORO 2","name":"Bladenboro 2","label":"Bladenboro 2","seims_code":"P202","seims_desc":"BLADENBORO #2","source_vintage":"sbe_2006"},"geometry":{"type":"Point","coordinates":[-78.78085341916737,34.57526699852626]}},{"type":"Feature","properties":{"county_nam":"BLADEN","prec_id":"BROWN MARSH","precinct_norm":"BLADEN - BROWN MARSH","name":"Brown Marsh","label":"Brown Marsh","seims_code":"P25","seims_desc":"BROWN MARSH","source_vintage":"sbe_2006"},"geometry":{"type":"Point","coordinates":[-78.62256813834851,34.50708999870618]}},{"type":"Feature","properties":{"county_nam":"BLADEN","prec_id":"CARVERS CREEK","precinct_norm":"BLADEN - CARVERS CREEK","name":"Carvers Creek","label":"Carvers Creek","seims_code":"P30","seims_desc":"CARVERS CREEK","source_vintage":"sbe_2006"},"geometry":{"type":"Point","coordinates":[-78.42385365980782,34.441897999846276]}},{"type":"Feature","properties":{"county_nam":"BLADEN","prec_id":"CENTRAL","precinct_norm":"BLADEN - CENTRAL","name":"Central","label":"Central","seims_code":"P35","seims_desc":"CENTRAL","source_vintage":"sbe_2006"},"geometry":{"type":"Point","coordinates":[-78.62329572937062,34.682546999674]}},{"type":"Feature","properties":{"county_nam":"BLADEN","prec_id":"COLLY","precinct_norm":"BLADEN - COLLY","name":"Colly","label":"Colly","seims_code":"P40","seims_desc":"COLLY","source_vintage":"sbe_2006"},"geometry":{"type":"Point","coordinates":[-78.48649083907972,34.66655050094899]}},{"type":"Feature","properties":{"county_nam":"BLADEN","prec_id":"CYPRESS CREEK","precinct_norm":"BLADEN - CYPRESS CREEK","name":"Cypress Creek","label":"Cypress Creek","seims_code":"P45","seims_desc":"CYPRESS CREEK","source_vintage":"sbe_2006"},"geometry":{"type":"Point","coordinates":[-78.46678229538654,34.76631900145692]}},{"type":"Feature","properties":{"county_nam":"BLADEN","prec_id":"ELIZABETHTOWN 1","precinct_norm":"BLADEN - ELIZABETHTOWN 1","name":"Elizabethtown 1","label":"Elizabethtown 1","seims_code":"P501","seims_desc":"ELIZABETHTOWN #1","source_vintage":"sbe_2006"},"geometry":{"type":"Point","coordinates":[-78.66861836017543,34.607507999636134]}},{"type":"Feature","properties":{"county_nam":"BLADEN","prec_id":"ELIZABETHTOWN 2","precinct_norm":"BLADEN - ELIZABETHTOWN 2","name":"Elizabethtown 2","label":"Elizabethtown 2","seims_code":"P502","seims_desc":"ELIZABETHTOWN #2","source_vintage":"sbe_2006"},"geometry":{"type":"Point","coordinates":[-78.56285500297511,34.580055500730495]}},{"type":"Feature","properties":{"county_nam":"BLADEN","prec_id":"FRENCHES CREEK","precinct_norm":"BLADEN - FRENCHES CREEK","name":"Frenches Creek","label":"Frenches Creek","seims_code":"P55","seims_desc":"FRENCHES CREEK","source_vintage":"sbe_2006"},"geometry":{"type":"Point","coordinates":[-78.30593040703465,34.4797630015469]}},{"type":"Feature","properties":{"county_nam":"BLADEN","prec_id":"HOLLOW","precinct_norm":"BLADEN - HOLLOW","name":"Hollow","label":"Hollow","seims_code":"P60","seims_desc":"HOLLOW","source_vintage":"sbe_2006"},"geometry":{"type":"Point","coordinates":[-78.82932838217042,34.7615659986415]}},{"type":"Feature","properties":{"county_nam":"BLADEN","prec_id":"LAKE CREEK","precinct_norm":"BLADEN - LAKE CREEK","name":"Lake Creek","label":"Lake Creek","seims_code":"P65","seims_desc":"LAKE CREEK","source_vintage":"sbe_2006"},"geometry":{"type":"Point","coordinates":[-78.37536219690045,34.61068350012073]}},{"type":"Feature","properties":{"county_nam":"BLADEN","prec_id":"TURNBULL","precinct_norm":"BLADEN - TURNBULL","name":"Turnbull","label":"Turnbull","seims_code":"P70","seims_desc":"TURNBULL","source_vintage":"sbe_2006"},"geometry":{"type":"Point","coordinates":[-78.59417600461848,34.79334850002742]}},{"type":"Feature","properties":{"county_nam":"BLADEN","prec_id":"WHITE OAK","precinct_norm":"BLADEN - WHITE OAK","name":"White Oak","label":"White Oak","seims_code":"P80","seims_desc":"WHITE OAK","source_vintage":"sbe_2006"},"geometry":{"type":"Point","coordinates":[-78.72117186836121,34.773659500769526]}},{"type":"Feature","properties":{"county_nam":"BLADEN","prec_id":"WHITES CREEK","precinct_norm":"BLADEN - WHITES CREEK","name":"Whites Creek","label":"Whites Creek","seims_code":"P75","seims_desc":"WHITES CREEK","source_vintage":"sbe_2006"},"geometry":{"type":"Point","coordinates":[-78.53324658194487,34.48626350052774]}},{"type":"Feature","properties":{"county_nam":"BRUNSWICK","prec_id":"BELVILLE","precinct_norm":"BRUNSWICK - BELVILLE","name":"Belville","label":"Belville","seims_code":"04","seims_desc":"BELVILLE","source_vintage":"sbe_2006"},"geometry":{"type":"Point","coordinates":[-77.99562072552945,34.149628499809296]}},{"type":"Feature","properties":{"county_nam":"BRUNSWICK","prec_id":"BOILING SPRING LAKES","precinct_norm":"BRUNSWICK - BOILING SPRING LAKES","name":"Boiling Spring Lakes","label":"Boiling Spring Lakes","seims_code":"21","seims_desc":"BOILING SPRING LAKES","source_vintage":"sbe_2006"},"geometry":{"type":"Point","coordinates":[-78.066423249891,34.04431900165231]}},{"type":"Feature","properties":{"county_nam":"BRUNSWICK","prec_id":"BOLIVIA","precinct_norm":"BRUNSWICK - BOLIVIA","name":"Bolivia","label":"Bolivia","seims_code":"06","seims_desc":"BOLIVIA","source_vintage":"sbe_2006"},"geometry":{"type":"Point","coordinates":[-78.14488561817333,34.069551500250746]}},{"type":"Feature","properties":{"county_nam":"BRUNSWICK","prec_id":"FRYING PAN","precinct_norm":"BRUNSWICK - FRYING PAN","name":"Frying Pan","label":"Frying Pan","seims_code":"14","seims_desc":"FRYING PAN","source_vintage":"sbe_2006"},"geometry":{"type":"Point","coordinates":[-78.39189990399551,33.93669749945372]}},{"type":"Feature","properties":{"county_nam":"BRUNSWICK","prec_id":"GRISSETTOWN","precinct_norm":"BRUNSWICK - GRISSETTOWN","name":"Grissettown","label":"Grissettown","seims_code":"15","seims_desc":"GRISSETTOWN","source_vintage":"sbe_2006"},"geometry":{"type":"Point","coordinates":[-78.45285598264726,33.90330199944052]}},{"type":"Feature","properties":{"county_nam":"BRUNSWICK","prec_id":"HOOD CREEK","precinct_norm":"BRUNSWICK - HOOD CREEK","name":"Hood Creek","label":"Hood Creek","seims_code":"01","seims_desc":"HOOD CREEK","source_vintage":"sbe_2006"},"geometry":{"type":"Point","coordinates":[-78.15550721742295,34.309651499966535]}},{"type":"Feature","properties":{"county_nam":"BRUNSWICK","prec_id":"LELAND","precinct_norm":"BRUNSWICK - LELAND","name":"Leland","label":"Leland","seims_code":"02","seims_desc":"LELAND","source_vintage":"sbe_2006"},"geometry":{"type":"Point","coordinates":[-78.06609044139793,34.291200000390546]}},{"type":"Feature","properties":{"county_nam":"BRUNSWICK","prec_id":"LONGWOOD","precinct_norm":"BRUNSWICK - LONGWOOD","name":"Longwood","label":"Longwood","seims_code":"17","seims_desc":"LONGWOOD","source_vintage":"sbe_2006"},"geometry":{"type":"Point","coordinates":[-78.55307396926653,33.95278349999275]}},{"type":"Feature","properties":{"county_nam":"BRUNSWICK","prec_id":"MOSQUITO","precinct_norm":"BRUNSWICK - MOSQUITO","name":"Mosquito","label":"Mosquito","seims_code":"10","seims_desc":"MOSQUITO","source_vintage":"sbe_2006"},"geometry":{"type":"Point","coordinates":[-78.16626243594327,33.97684899964335]}},{"type":"Feature","properties":{"county_nam":"BRUNSWICK","prec_id":"OAK ISLAND 1","precinct_norm":"BRUNSWICK - OAK ISLAND 1","name":"Oak Island 1","label":"Oak Island 1","seims_code":"09","seims_desc":"OAK ISLAND 1","source_vintage":"sbe_2006"},"geometry":{"type":"Point","coordinates":[-78.04364605811159,33.9031730010354]}},{"type":"Feature","properties":{"county_nam":"BRUNSWICK","prec_id":"OAK ISLAND 2","precinct_norm":"BRUNSWICK - OAK ISLAND 2","name":"Oak Island 2","label":"Oak Island 2","seims_code":"22","seims_desc":"OAK ISLAND 2","source_vintage":"sbe_2006"},"geometry":{"type":"Point","coordinates":[-78.02170444910294,33.840959497336556]}},{"type":"Feature","properties":{"county_nam":"BRUNSWICK","prec_id":"OAK ISLAND 3","precinct_norm":"BRUNSWICK - OAK ISLAND 3","name":"Oak Island 3","label":"Oak Island 3","seims_code":"23","seims_desc":"OAK ISLAND 3","source_vintage":"sbe_2006"},"geometry":{"type":"Point","coordinates":[-78.16863142778135,33.92038450090514]}},{"type":"Feature","properties":{"county_nam":"BRUNSWICK","prec_id":"SECESSION 1","precinct_norm":"BRUNSWICK - SECESSION 1","name":"Secession 1","label":"Secession 1","seims_code":"12","seims_desc":"SECESSION 1","source_vintage":"sbe_2006"},"geometry":{"type":"Point","coordinates":[-78.2590083866803,33.939870499963995]}},{"type":"Feature","properties":{"county_nam":"BRUNSWICK","prec_id":"SECESSION 2","precinct_norm":"BRUNSWICK - SECESSION 2","name":"Secession 2","label":"Secession 2","seims_code":"20","seims_desc":"SECESSION 2","source_vintage":"sbe_2006"},"geometry":{"type":"Point","coordinates":[-78.30582794457925,33.889058001303965]}},{"type":"Feature","properties":{"county_nam":"BRUNSWICK","prec_id":"SHALLOTTE","precinct_norm":"BRUNSWICK - SHALLOTTE","name":"Shallotte","label":"Shallotte","seims_code":"13","seims_desc":"SHALLOTTE","source_vintage":"sbe_2006"},"geometry":{"type":"Point","coordinates":[-78.3770905105469,34.00910599865273]}},{"type":"Feature","properties":{"county_nam":"BRUNSWICK","prec_id":"SHINGLETREE 1","precinct_norm":"BRUNSWICK - SHINGLETREE 1","name":"Shingletree 1","label":"Shingletree 1","seims_code":"16","seims_desc":"SHINGLETREE I","source_vintage":"sbe_2006"},"geometry":{"type":"Point","coordinates":[-78.5250063268715,33.87991299908363]}},{"type":"Feature","properties":{"county_nam":"BRUNSWICK","prec_id":"SHINGLETREE 2","precinct_norm":"BRUNSWICK - SHINGLETREE 2","name":"Shingletree 2","label":"Shingletree 2","seims_code":"19","seims_desc":"SHINGLETREE 2","source_vintage":"sbe_2006"},"geometry":{"type":"Point","coordinates":[-78.57097621658176,33.90893249984019]}},{"type":"Feature","properties":{"county_nam":"BRUNSWICK","prec_id":"SOUTHPORT 1","precinct_norm":"BRUNSWICK - SOUTHPORT 1","name":"Southport 1","label":"Southport 1","seims_code":"07","seims_desc":"SOUTHPORT 1","source_vintage":"sbe_2006"},"geometry":{"type":"Point","coordinates":[-77.99866239324564,33.95361850006038]}},{"type":"Feature","properties":{"county_nam":"BRUNSWICK","prec_id":"SOUTHPORT 2","precinct_norm":"BRUNSWICK - SOUTHPORT 2","name":"Southport 2","label":"Southport 2","seims_code":"08","seims_desc":"SOUTHPORT 2","source_vintage":"sbe_2006"},"geometry":{"type":"Point","coordinates":[-78.06000437258442,33.93868000040406]}},{"type":"Feature","properties":{"county_nam":"BRUNSWICK","prec_id":"SUPPLY","precinct_norm":"BRUNSWICK - SUPPLY","name":"Supply","label":"Supply","seims_code":"11","seims_desc":"SUPPLY","source_vintage":"sbe_2006"},"geometry":{"type":"Point","coordinates":[-78.28487377733268,34.085365501085626]}},{"type":"Feature","properties":{"county_nam":"BRUNSWICK","prec_id":"TOWNCREEK","precinct_norm":"BRUNSWICK - TOWNCREEK","name":"Towncreek","label":"Towncreek","seims_code":"05","seims_desc":"TOWNCREEK","source_vintage":"sbe_2006"},"geometry":{"type":"Point","coordinates":[-78.14699631904688,34.18299999927328]}},{"type":"Feature","properties":{"county_nam":"BRUNSWICK","prec_id":"WACCAMAW","precinct_norm":"BRUNSWICK - WACCAMAW","name":"Waccamaw","label":"Waccamaw","seims_code":"18","seims_desc":"WACCAMAW","source_vintage":"sbe_2006"},"geometry":{"type":"Point","coordinates":[-78.46327422706962,34.09823900022176]}},{"type":"Feature","properties":{"county_nam":"BRUNSWICK","prec_id":"WOODBURN","precinct_norm":"BRUNSWICK - WOODBURN","name":"Woodburn","label":"Woodburn","seims_code":"03","seims_desc":"WOODBURN","source_vintage":"sbe_2006"},"geometry":{"type":"Point","coordinates":[-77.99600427667191,34.248573000181494]}},{"type":"Feature","properties":{"county_nam":"BUNCOMBE","prec_id":"ASHEVILLE 01","precinct_norm":"BUNCOMBE - ASHEVILLE 01","name":"Asheville 01","label":"Asheville 01","seims_code":"01.1","seims_desc":"ASHEVILLE 1","source_vintage":"sbe_2006"},"geometry":{"type":"Point","coordinates":[-82.54532200073626,35.589511999976565]}},{"type":"Feature","properties":{"county_nam":"BUNCOMBE","prec_id":"ASHEVILLE 02","precinct_norm":"BUNCOMBE - ASHEVILLE 02","name":"Asheville 02","label":"Asheville 02","seims_code":"02.1","seims_desc":"ASHEVILLE 2","source_vintage":"sbe_2006"},"geometry":{"type":"Point","coordinates":[-82.56510201665881,35.602939998917684]}},{"type":"Feature","properties":{"county_nam":"BUNCOMBE","prec_id":"ASHEVILLE 03","precinct_norm":"BUNCOMBE - ASHEVILLE 03","name":"Asheville 03","label":"Asheville 03","seims_code":"03.1","seims_desc":"ASHEVILLE 3","source_vintage":"sbe_2006"},"geometry":{"type":"Point","coordinates":[-82.55402876944248,35.60701099954166]}},{"type":"Feature","properties":{"county_nam":"BUNCOMBE","prec_id":"ASHEVILLE 06","precinct_norm":"BUNCOMBE - ASHEVILLE 06","name":"Asheville 06","label":"Asheville 06","seims_code":"06.1","seims_desc":"ASHEVILLE 6","source_vintage":"sbe_2006"},"geometry":{"type":"Point","coordinates":[-82.50833636595095,35.582786000235465]}},{"type":"Feature","properties":{"county_nam":"BUNCOMBE","prec_id":"ASHEVILLE 07","precinct_norm":"BUNCOMBE - ASHEVILLE 07","name":"Asheville 07","label":"Asheville 07","seims_code":"07.1","seims_desc":"ASHEVILLE 7","source_vintage":"sbe_2006"},"geometry":{"type":"Point","coordinates":[-82.52842359645666,35.57931499878974]}},{"type":"Feature","properties":{"county_nam":"BUNCOMBE","prec_id":"ASHEVILLE 08","precinct_norm":"BUNCOMBE - ASHEVILLE 08","name":"Asheville 08","label":"Asheville 08","seims_code":"08.1","seims_desc":"ASHEVILLE 8","source_vintage":"sbe_2006"},"geometry":{"type":"Point","coordinates":[-82.5258829834975,35.543369000500334]}},{"type":"Feature","properties":{"county_nam":"BUNCOMBE","prec_id":"ASHEVILLE 09","precinct_norm":"BUNCOMBE - ASHEVILLE 09","name":"Asheville 09","label":"Asheville 09","seims_code":"09.1","seims_desc":"ASHEVILLE 9","source_vintage":"sbe_2006"},"geometry":{"type":"Point","coordinates":[-82.51765013740368,35.56901549839179]}},{"type":"Feature","properties":{"county_nam":"BUNCOMBE","prec_id":"ASHEVILLE 10","precinct_norm":"BUNCOMBE - ASHEVILLE 10","name":"Asheville 10","label":"Asheville 10","seims_code":"10.1","seims_desc":"ASHEVILLE 10","source_vintage":"sbe_2006"},"geometry":{"type":"Point","coordinates":[-82.5576790618849,35.575961999682804]}},{"type":"Feature","properties":{"county_nam":"BUNCOMBE","prec_id":"ASHEVILLE 11","precinct_norm":"BUNCOMBE - ASHEVILLE 11","name":"Asheville 11","label":"Asheville 11","seims_code":"11.1","seims_desc":"ASHEVILLE 11","source_vintage":"sbe_2006"},"geometry":{"type":"Point","coordinates":[-82.56105780387966,35.58876200009065]}},{"type":"Feature","properties":{"county_nam":"BUNCOMBE","prec_id":"ASHEVILLE 12","precinct_norm":"BUNCOMBE - ASHEVILLE 12","name":"Asheville 12","label":"Asheville 12","seims_code":"12.1","seims_desc":"ASHEVILLE 12","source_vintage":"sbe_2006"},"geometry":{"type":"Point","coordinates":[-82.57387553086826,35.57717450030981]}},{"type":"Feature","properties":{"county_nam":"BUNCOMBE","prec_id":"ASHEVILLE 13","precinct_norm":"BUNCOMBE - ASHEVILLE 13","name":"Asheville 13","label":"Asheville 13","seims_code":"13.1","seims_desc":"ASHEVILLE 13","source_vintage":"sbe_2006"},"geometry":{"type":"Point","coordinates":[-82.58344603016204,35.56621849832396]}},{"type":"Feature","properties":{"county_nam":"BUNCOMBE","prec_id":"ASHEVILLE 14","precinct_norm":"BUNCOMBE - ASHEVILLE 14","name":"Asheville 14","label":"Asheville 14","seims_code":"14.1","seims_desc":"ASHEVILLE 14","source_vintage":"sbe_2006"},"geometry":{"type":"Point","coordinates":[-82.61214871633877,35.59775199901745]}},{"type":"Feature","properties":{"county_nam":"BUNCOMBE","prec_id":"ASHEVILLE 15","precinct_norm":"BUNCOMBE - ASHEVILLE 15","name":"Asheville 15","label":"Asheville 15","seims_code":"15.1","seims_desc":"ASHEVILLE 15","source_vintage":"sbe_2006"},"geometry":{"type":"Point","coordinates":[-82.59809939115118,35.57165199924737]}},{"type":"Feature","properties":{"county_nam":"BUNCOMBE","prec_id":"ASHEVILLE 16","precinct_norm":"BUNCOMBE - ASHEVILLE 16","name":"Asheville 16","label":"Asheville 16","seims_code":"16.1","seims_desc":"ASHEVILLE 16","source_vintage":"sbe_2006"},"geometry":{"type":"Point","coordinates":[-82.6076169709357,35.58535299864671]}},{"type":"Feature","properties":{"county_nam":"BUNCOMBE","prec_id":"ASHEVILLE 17","precinct_norm":"BUNCOMBE - ASHEVILLE 17","name":"Asheville 17","label":"Asheville 17","seims_code":"17.1","seims_desc":"ASHEVILLE 17","source_vintage":"sbe_2006"},"geometry":{"type":"Point","coordinates":[-82.53830697817563,35.61388249935143]}},{"type":"Feature","properties":{"county_nam":"BUNCOMBE","prec_id":"ASHEVILLE 18","precinct_norm":"BUNCOMBE - ASHEVILLE 18","name":"Asheville 18","label":"Asheville 18","seims_code":"18.1","seims_desc":"ASHEVILLE 18","source_vintage":"sbe_2006"},"geometry":{"type":"Point","coordinates":[-82.52991938587935,35.49578599650628]}},{"type":"Feature","properties":{"county_nam":"BUNCOMBE","prec_id":"ASHEVILLE 19","precinct_norm":"BUNCOMBE - ASHEVILLE 19","name":"Asheville 19","label":"Asheville 19","seims_code":"19.1","seims_desc":"ASHEVILLE 19","source_vintage":"sbe_2006"},"geometry":{"type":"Point","coordinates":[-82.52033903806571,35.49734199874146]}},{"type":"Feature","properties":{"county_nam":"BUNCOMBE","prec_id":"ASHEVILLE 20","precinct_norm":"BUNCOMBE - ASHEVILLE 20","name":"Asheville 20","label":"Asheville 20","seims_code":"20.1","seims_desc":"ASHEVILLE 20","source_vintage":"sbe_2006"},"geometry":{"type":"Point","coordinates":[-82.53500561563114,35.593428498851566]}},{"type":"Feature","properties":{"county_nam":"BUNCOMBE","prec_id":"ASHEVILLE 21","precinct_norm":"BUNCOMBE - ASHEVILLE 21","name":"Asheville 21","label":"Asheville 21","seims_code":"21.1","seims_desc":"ASHEVILLE 21","source_vintage":"sbe_2006"},"geometry":{"type":"Point","coordinates":[-82.50966562729275,35.59898199742221]}},{"type":"Feature","properties":{"county_nam":"BUNCOMBE","prec_id":"ASHEVILLE 22","precinct_norm":"BUNCOMBE - ASHEVILLE 22","name":"Asheville 22","label":"Asheville 22","seims_code":"22.1","seims_desc":"ASHEVILLE 22","source_vintage":"sbe_2006"},"geometry":{"type":"Point","coordinates":[-82.52041026640066,35.651688499051005]}},{"type":"Feature","properties":{"county_nam":"BUNCOMBE","prec_id":"ASHEVILLE 24","precinct_norm":"BUNCOMBE - ASHEVILLE 24","name":"Asheville 24","label":"Asheville 24","seims_code":"24.1","seims_desc":"ASHEVILLE 24","source_vintage":"sbe_2006"},"geometry":{"type":"Point","coordinates":[-82.6574450197042,35.55151850034882]}},{"type":"Feature","properties":{"county_nam":"BUNCOMBE","prec_id":"ASHEVILLE 26","precinct_norm":"BUNCOMBE - ASHEVILLE 26","name":"Asheville 26","label":"Asheville 26","seims_code":"26.1","seims_desc":"ASHEVILLE 26","source_vintage":"sbe_2006"},"geometry":{"type":"Point","coordinates":[-82.61536566621967,35.57300999983764]}},{"type":"Feature","properties":{"county_nam":"BUNCOMBE","prec_id":"ASHEVILLE 27","precinct_norm":"BUNCOMBE - ASHEVILLE 27","name":"Asheville 27","label":"Asheville 27","seims_code":"27.1","seims_desc":"ASHEVILLE 27","source_vintage":"sbe_2006"},"geometry":{"type":"Point","coordinates":[-82.52084519950381,35.63756750117617]}},{"type":"Feature","properties":{"county_nam":"BUNCOMBE","prec_id":"ASHEVILLE 28","precinct_norm":"BUNCOMBE - ASHEVILLE 28","name":"Asheville 28","label":"Asheville 28","seims_code":"28.1","seims_desc":"ASHEVILLE 28","source_vintage":"sbe_2006"},"geometry":{"type":"Point","coordinates":[-82.55532734487926,35.61836100042793]}},{"type":"Feature","properties":{"county_nam":"BUNCOMBE","prec_id":"ASHEVILLE 29","precinct_norm":"BUNCOMBE - ASHEVILLE 29","name":"Asheville 29","label":"Asheville 29","seims_code":"29.1","seims_desc":"ASHEVILLE 29","source_vintage":"sbe_2006"},"geometry":{"type":"Point","coordinates":[-82.52008894111184,35.49483400087421]}},{"type":"Feature","properties":{"county_nam":"BUNCOMBE","prec_id":"AVERYS CREEK","precinct_norm":"BUNCOMBE - AVERYS CREEK","name":"Averys Creek","label":"Averys Creek","seims_code":"30.1","seims_desc":"AVERYS CREEK","source_vintage":"sbe_2006"},"geometry":{"type":"Point","coordinates":[-82.58685295420815,35.46523999892977]}},{"type":"Feature","properties":{"county_nam":"BUNCOMBE","prec_id":"BILTMORE","precinct_norm":"BUNCOMBE - BILTMORE","name":"Biltmore","label":"Biltmore","seims_code":"31.1","seims_desc":"BILTMORE FOREST","source_vintage":"sbe_2006"},"geometry":{"type":"Point","coordinates":[-82.53623654319968,35.53925700108286]}},{"type":"Feature","properties":{"county_nam":"BUNCOMBE","prec_id":"BLACK MOUNTAIN 1","precinct_norm":"BUNCOMBE - BLACK MOUNTAIN 1","name":"Black Mountain 1","label":"Black Mountain 1","seims_code":"32.1","seims_desc":"BLACK MOUNTAIN 1","source_vintage":"sbe_2006"},"geometry":{"type":"Point","coordinates":[-82.36141221758399,35.65610949928568]}},{"type":"Feature","properties":{"county_nam":"BUNCOMBE","prec_id":"33.2","precinct_norm":"BUNCOMBE - 33.2","name":"33.2","label":"33.2","seims_code":"33.2","seims_desc":"33.2","source_vintage":"sbe_2006"},"geometry":{"type":"Point","coordinates":[-82.32215762491799,35.60839299876105]}},{"type":"Feature","properties":{"county_nam":"BUNCOMBE","prec_id":"33.3","precinct_norm":"BUNCOMBE - 33.3","name":"33.3","label":"33.3","seims_code":"33.3","seims_desc":"33.3","source_vintage":"sbe_2006"},"geometry":{"type":"Point","coordinates":[-82.31470294398531,35.6283819995668]}},{"type":"Feature","properties":{"county_nam":"BUNCOMBE","prec_id":"BLACK MOUNTAIN 3","precinct_norm":"BUNCOMBE - BLACK MOUNTAIN 3","name":"Black Mountain 3","label":"Black Mountain 3","seims_code":"34.1","seims_desc":"BLACK MOUNTAIN 3","source_vintage":"sbe_2006"},"geometry":{"type":"Point","coordinates":[-82.32672883934276,35.61907750000019]}},{"type":"Feature","properties":{"county_nam":"BUNCOMBE","prec_id":"BLACK MOUNTAIN 4","precinct_norm":"BUNCOMBE - BLACK MOUNTAIN 4","name":"Black Mountain 4","label":"Black Mountain 4","seims_code":"35.1","seims_desc":"BLACK MOUNTAIN 4","source_vintage":"sbe_2006"},"geometry":{"type":"Point","coordinates":[-82.33732275040853,35.618994499873494]}},{"type":"Feature","properties":{"county_nam":"BUNCOMBE","prec_id":"BLACK MOUNTAIN 5","precinct_norm":"BUNCOMBE - BLACK MOUNTAIN 5","name":"Black Mountain 5","label":"Black Mountain 5","seims_code":"36.1","seims_desc":"BLACK MOUNTAIN 5","source_vintage":"sbe_2006"},"geometry":{"type":"Point","coordinates":[-82.31235297154932,35.666710000408614]}},{"type":"Feature","properties":{"county_nam":"BUNCOMBE","prec_id":"BROAD RIVER","precinct_norm":"BUNCOMBE - BROAD RIVER","name":"Broad River","label":"Broad River","seims_code":"37.1","seims_desc":"BROAD RIVER","source_vintage":"sbe_2006"},"geometry":{"type":"Point","coordinates":[-82.26261539989406,35.52618999930421]}},{"type":"Feature","properties":{"county_nam":"BUNCOMBE","prec_id":"38.2","precinct_norm":"BUNCOMBE - 38.2","name":"38.2","label":"38.2","seims_code":"38.2","seims_desc":"38.2","source_vintage":"sbe_2006"},"geometry":{"type":"Point","coordinates":[-82.3962075322651,35.48798249989086]}},{"type":"Feature","properties":{"county_nam":"BUNCOMBE","prec_id":"38.3","precinct_norm":"BUNCOMBE - 38.3","name":"38.3","label":"38.3","seims_code":"38.3","seims_desc":"38.3","source_vintage":"sbe_2006"},"geometry":{"type":"Point","coordinates":[-82.43907431368464,35.50545549813778]}},{"type":"Feature","properties":{"county_nam":"BUNCOMBE","prec_id":"FAIRVIEW 2","precinct_norm":"BUNCOMBE - FAIRVIEW 2","name":"Fairview 2","label":"Fairview 2","seims_code":"39.1","seims_desc":"FAIRVIEW 2","source_vintage":"sbe_2006"},"geometry":{"type":"Point","coordinates":[-82.38613156471826,35.53299949981524]}},{"type":"Feature","properties":{"county_nam":"BUNCOMBE","prec_id":"FLAT CREEK","precinct_norm":"BUNCOMBE - FLAT CREEK","name":"Flat Creek","label":"Flat Creek","seims_code":"40.1","seims_desc":"FLAT CREEK","source_vintage":"sbe_2006"},"geometry":{"type":"Point","coordinates":[-82.56263821685839,35.7588754991731]}},{"type":"Feature","properties":{"county_nam":"BUNCOMBE","prec_id":"FRENCH BROAD","precinct_norm":"BUNCOMBE - FRENCH BROAD","name":"French Broad","label":"French Broad","seims_code":"41.1","seims_desc":"FRENCH BROAD","source_vintage":"sbe_2006"},"geometry":{"type":"Point","coordinates":[-82.6350324296643,35.71247650037088]}},{"type":"Feature","properties":{"county_nam":"BUNCOMBE","prec_id":"HAZEL 1","precinct_norm":"BUNCOMBE - HAZEL 1","name":"Hazel 1","label":"Hazel 1","seims_code":"42.1","seims_desc":"HAZEL 1","source_vintage":"sbe_2006"},"geometry":{"type":"Point","coordinates":[-82.60268825440488,35.60919799956483]}},{"type":"Feature","properties":{"county_nam":"BUNCOMBE","prec_id":"HAZEL 2","precinct_norm":"BUNCOMBE - HAZEL 2","name":"Hazel 2","label":"Hazel 2","seims_code":"43.1","seims_desc":"HAZEL 2","source_vintage":"sbe_2006"},"geometry":{"type":"Point","coordinates":[-82.63407392910463,35.59296400058345]}},{"type":"Feature","properties":{"county_nam":"BUNCOMBE","prec_id":"IVY 1 & 2","precinct_norm":"BUNCOMBE - IVY 1 & 2","name":"Ivy 1 & 2","label":"Ivy 1 & 2","seims_code":"50.1 & 51.1","seims_desc":"IVY 1 & 2","source_vintage":"sbe_2006"},"geometry":{"type":"Point","coordinates":[-82.42637182209005,35.75989300049582]}},{"type":"Feature","properties":{"county_nam":"BUNCOMBE","prec_id":"LEICESTER 1","precinct_norm":"BUNCOMBE - LEICESTER 1","name":"Leicester 1","label":"Leicester 1","seims_code":"52.1","seims_desc":"LEICESTER 1","source_vintage":"sbe_2006"},"geometry":{"type":"Point","coordinates":[-82.69565136301637,35.68913750149849]}},{"type":"Feature","properties":{"county_nam":"BUNCOMBE","prec_id":"LEICESTER 2 & SANDY MUSH","precinct_norm":"BUNCOMBE - LEICESTER 2 & SANDY MUSH","name":"Leicester 2 & Sandy Mush","label":"Leicester 2 & Sandy Mush","seims_code":"53.1 & 63.1","seims_desc":"LEICESTER 2 & SANDY MUSH","source_vintage":"sbe_2006"},"geometry":{"type":"Point","coordinates":[-82.77139440150273,35.641100500093366]}},{"type":"Feature","properties":{"county_nam":"BUNCOMBE","prec_id":"LIMESTONE 1","precinct_norm":"BUNCOMBE - LIMESTONE 1","name":"Limestone 1","label":"Limestone 1","seims_code":"54.1","seims_desc":"LIMESTONE 1","source_vintage":"sbe_2006"},"geometry":{"type":"Point","coordinates":[-82.55717238166517,35.492400999556146]}},{"type":"Feature","properties":{"county_nam":"BUNCOMBE","prec_id":"LIMESTONE 2","precinct_norm":"BUNCOMBE - LIMESTONE 2","name":"Limestone 2","label":"Limestone 2","seims_code":"55.1","seims_desc":"LIMESTONE 2","source_vintage":"sbe_2006"},"geometry":{"type":"Point","coordinates":[-82.49647509717857,35.465866497953044]}},{"type":"Feature","properties":{"county_nam":"BUNCOMBE","prec_id":"LIMESTONE 3","precinct_norm":"BUNCOMBE - LIMESTONE 3","name":"Limestone 3","label":"Limestone 3","seims_code":"56.1","seims_desc":"LIMESTONE 3","source_vintage":"sbe_2006"},"geometry":{"type":"Point","coordinates":[-82.50738528051042,35.4788669996349]}},{"type":"Feature","properties":{"county_nam":"BUNCOMBE","prec_id":"LIMESTONE 4","precinct_norm":"BUNCOMBE - LIMESTONE 4","name":"Limestone 4","label":"Limestone 4","seims_code":"57.1","seims_desc":"LIMESTONE 4","source_vintage":"sbe_2006"},"geometry":{"type":"Point","coordinates":[-82.48288045471159,35.488742501071286]}},{"type":"Feature","properties":{"county_nam":"BUNCOMBE","prec_id":"LOWER HOMINY 1","precinct_norm":"BUNCOMBE - LOWER HOMINY 1","name":"Lower Hominy 1","label":"Lower Hominy 1","seims_code":"44.1","seims_desc":"LOWER HOMINY 1","source_vintage":"sbe_2006"},"geometry":{"type":"Point","coordinates":[-82.64156095099767,35.52854999983196]}},{"type":"Feature","properties":{"county_nam":"BUNCOMBE","prec_id":"LOWER HOMINY 2","precinct_norm":"BUNCOMBE - LOWER HOMINY 2","name":"Lower Hominy 2","label":"Lower Hominy 2","seims_code":"45.1","seims_desc":"LOWER HOMINY 2","source_vintage":"sbe_2006"},"geometry":{"type":"Point","coordinates":[-82.65217677897004,35.57036000047502]}},{"type":"Feature","properties":{"county_nam":"BUNCOMBE","prec_id":"LOWER HOMINY 3","precinct_norm":"BUNCOMBE - LOWER HOMINY 3","name":"Lower Hominy 3","label":"Lower Hominy 3","seims_code":"46.1","seims_desc":"LOWER HOMINY 3","source_vintage":"sbe_2006"},"geometry":{"type":"Point","coordinates":[-82.62425087414553,35.49509800004435]}},{"type":"Feature","properties":{"county_nam":"BUNCOMBE","prec_id":"NORTH BUNCOMBE","precinct_norm":"BUNCOMBE - NORTH BUNCOMBE","name":"North Buncombe","label":"North Buncombe","seims_code":"58.1","seims_desc":"NORTH BUNCOMBE","source_vintage":"sbe_2006"},"geometry":{"type":"Point","coordinates":[-82.55150294719104,35.71220599983879]}},{"type":"Feature","properties":{"county_nam":"BUNCOMBE","prec_id":"REEMS CREEK","precinct_norm":"BUNCOMBE - REEMS CREEK","name":"Reems Creek","label":"Reems Creek","seims_code":"59.1","seims_desc":"REEMS CREEK","source_vintage":"sbe_2006"},"geometry":{"type":"Point","coordinates":[-82.4666431542664,35.69580799956134]}},{"type":"Feature","properties":{"county_nam":"BUNCOMBE","prec_id":"RICEVILLE 1 & SWANNANOA 2","precinct_norm":"BUNCOMBE - RICEVILLE 1 & SWANNANOA 2","name":"Riceville 1 & Swannanoa 2","label":"Riceville 1 & Swannanoa 2","seims_code":"61.1 & 65.1","seims_desc":"RICEVILLE 1 & SWANNANOA 2","source_vintage":"sbe_2006"},"geometry":{"type":"Point","coordinates":[-82.43526143138347,35.64664800041788]}},{"type":"Feature","properties":{"county_nam":"BUNCOMBE","prec_id":"RICEVILLE 2 & SWANNANOA 3","precinct_norm":"BUNCOMBE - RICEVILLE 2 & SWANNANOA 3","name":"Riceville 2 & Swannanoa 3","label":"Riceville 2 & Swannanoa 3","seims_code":"62.1 & 66.1","seims_desc":"RICEVILLE 2 & SWANNANOA 3","source_vintage":"sbe_2006"},"geometry":{"type":"Point","coordinates":[-82.4468632012516,35.608266003196306]}},{"type":"Feature","properties":{"county_nam":"BUNCOMBE","prec_id":"UPPER HOMINY 1 & 3","precinct_norm":"BUNCOMBE - UPPER HOMINY 1 & 3","name":"Upper Hominy 1 & 3","label":"Upper Hominy 1 & 3","seims_code":"47.1 & 49.1","seims_desc":"UPPER HOMINY 1 & 3","source_vintage":"sbe_2006"},"geometry":{"type":"Point","coordinates":[-82.72957435549563,35.50780500034035]}},{"type":"Feature","properties":{"county_nam":"BUNCOMBE","prec_id":"UPPER HOMINY 2","precinct_norm":"BUNCOMBE - UPPER HOMINY 2","name":"Upper Hominy 2","label":"Upper Hominy 2","seims_code":"48.1","seims_desc":"UPPER HOMINY 2","source_vintage":"sbe_2006"},"geometry":{"type":"Point","coordinates":[-82.69336640751331,35.56064749957251]}},{"type":"Feature","properties":{"county_nam":"BUNCOMBE","prec_id":"WEAVERVILLE","precinct_norm":"BUNCOMBE - WEAVERVILLE","name":"Weaverville","label":"Weaverville","seims_code":"67.1","seims_desc":"WEAVERVILLE","source_vintage":"sbe_2006"},"geometry":{"type":"Point","coordinates":[-82.56639382742037,35.69683149970001]}},{"type":"Feature","properties":{"county_nam":"BUNCOMBE","prec_id":"WEST BUNCOMBE 1","precinct_norm":"BUNCOMBE - WEST BUNCOMBE 1","name":"West Buncombe 1","label":"West Buncombe 1","seims_code":"68.1","seims_desc":"WEST BUNCOMBE 1","source_vintage":"sbe_2006"},"geometry":{"type":"Point","coordinates":[-82.67167429012261,35.61077900075837]}},{"type":"Feature","properties":{"county_nam":"BUNCOMBE","prec_id":"WEST BUNCOMBE 2","precinct_norm":"BUNCOMBE - WEST BUNCOMBE 2","name":"West Buncombe 2","label":"West Buncombe 2","seims_code":"69.1","seims_desc":"WEST BUNCOMBE 2","source_vintage":"sbe_2006"},"geometry":{"type":"Point","coordinates":[-82.6242844600239,35.641851998907306]}},{"type":"Feature","properties":{"county_nam":"BUNCOMBE","prec_id":"WOODFIN","precinct_norm":"BUNCOMBE - WOODFIN","name":"Woodfin","label":"Woodfin","seims_code":"70.1","seims_desc":"WOODFIN","source_vintage":"sbe_2006"},"geometry":{"type":"Point","coordinates":[-82.58799628866025,35.638525999323626]}},{"type":"Feature","properties":{"county_nam":"BUNCOMBE","prec_id":"WOODLAND HILLS","precinct_norm":"BUNCOMBE - WOODLAND HILLS","name":"Woodland Hills","label":"Woodland Hills","seims_code":"71.1","seims_desc":"WOODLAND HILLS","source_vintage":"sbe_2006"},"geometry":{"type":"Point","coordinates":[-82.57901050126895,35.66656700105645]}},{"type":"Feature","properties":{"county_nam":"BUNCOMBE","prec_id":"ASHEVILLE 23","precinct_norm":"BUNCOMBE - ASHEVILLE 23","name":"Asheville 23","label":"Asheville 23","seims_code":"23.1","seims_desc":"ASHEVILLE 23","source_vintage":"sbe_2006"},"geometry":{"type":"Point","coordinates":[-82.521701683537,35.61224600028483]}},{"type":"Feature","properties":{"county_nam":"BUNCOMBE","prec_id":"ASHEVILLE 25","precinct_norm":"BUNCOMBE - ASHEVILLE 25","name":"Asheville 25","label":"Asheville 25","seims_code":"25.1","seims_desc":"ASHEVILLE 25","source_vintage":"sbe_2006"},"geometry":{"type":"Point","coordinates":[-82.49364133636124,35.59005350022621]}},{"type":"Feature","properties":{"county_nam":"BUNCOMBE","prec_id":"60.2","precinct_norm":"BUNCOMBE - 60.2","name":"60.2","label":"60.2","seims_code":"60.2","seims_desc":"60.2","source_vintage":"sbe_2006"},"geometry":{"type":"Point","coordinates":[-82.47645326439799,35.563494999782904]}},{"type":"Feature","properties":{"county_nam":"BUNCOMBE","prec_id":"60.3","precinct_norm":"BUNCOMBE - 60.3","name":"60.3","label":"60.3","seims_code":"60.3","seims_desc":"60.3","source_vintage":"sbe_2006"},"geometry":{"type":"Point","coordinates":[-82.48649141204393,35.54282899915374]}},{"type":"Feature","properties":{"county_nam":"BUNCOMBE","prec_id":"SWANNANOA 1","precinct_norm":"BUNCOMBE - SWANNANOA 1","name":"Swannanoa 1","label":"Swannanoa 1","seims_code":"64.1","seims_desc":"SWANNANOA 1","source_vintage":"sbe_2006"},"geometry":{"type":"Point","coordinates":[-82.42068589455258,35.5800979988653]}},{"type":"Feature","properties":{"county_nam":"BUNCOMBE","prec_id":"ASHEVILLE 04","precinct_norm":"BUNCOMBE - ASHEVILLE 04","name":"Asheville 04","label":"Asheville 04","seims_code":"04.1","seims_desc":"ASHEVILLE 4","source_vintage":"sbe_2006"},"geometry":{"type":"Point","coordinates":[-82.55383967379154,35.6257485014838]}},{"type":"Feature","properties":{"county_nam":"BUNCOMBE","prec_id":"ASHEVILLE 05","precinct_norm":"BUNCOMBE - ASHEVILLE 05","name":"Asheville 05","label":"Asheville 05","seims_code":"05.1","seims_desc":"ASHEVILLE 5","source_vintage":"sbe_2006"},"geometry":{"type":"Point","coordinates":[-82.56162237582208,35.636296498539565]}},{"type":"Feature","properties":{"county_nam":"BURKE","prec_id":"DREXEL 1","precinct_norm":"BURKE - DREXEL 1","name":"Drexel 1","label":"Drexel 1","seims_code":"0001","seims_desc":"DREXEL 01","source_vintage":"sbe_2006"},"geometry":{"type":"Point","coordinates":[-81.5965907690623,35.76643749838672]}},{"type":"Feature","properties":{"county_nam":"BURKE","prec_id":"DREXEL 3","precinct_norm":"BURKE - DREXEL 3","name":"Drexel 3","label":"Drexel 3","seims_code":"0003","seims_desc":"DREXEL 03","source_vintage":"sbe_2006"},"geometry":{"type":"Point","coordinates":[-81.60626913045846,35.7324474995968]}},{"type":"Feature","properties":{"county_nam":"BURKE","prec_id":"ICARD 1","precinct_norm":"BURKE - ICARD 1","name":"Icard 1","label":"Icard 1","seims_code":"0011","seims_desc":"ICARD 01","source_vintage":"sbe_2006"},"geometry":{"type":"Point","coordinates":[-81.44970287830994,35.76148749984962]}},{"type":"Feature","properties":{"county_nam":"BURKE","prec_id":"ICARD 2","precinct_norm":"BURKE - ICARD 2","name":"Icard 2","label":"Icard 2","seims_code":"0012","seims_desc":"ICARD 02","source_vintage":"sbe_2006"},"geometry":{"type":"Point","coordinates":[-81.50100392954451,35.67619549757666]}},{"type":"Feature","properties":{"county_nam":"BURKE","prec_id":"ICARD 3","precinct_norm":"BURKE - ICARD 3","name":"Icard 3","label":"Icard 3","seims_code":"0013","seims_desc":"ICARD 03","source_vintage":"sbe_2006"},"geometry":{"type":"Point","coordinates":[-81.44350883806192,35.70159300121608]}},{"type":"Feature","properties":{"county_nam":"BURKE","prec_id":"ICARD 4","precinct_norm":"BURKE - ICARD 4","name":"Icard 4","label":"Icard 4","seims_code":"0014","seims_desc":"ICARD 04","source_vintage":"sbe_2006"},"geometry":{"type":"Point","coordinates":[-81.48778820801441,35.71489450050722]}},{"type":"Feature","properties":{"county_nam":"BURKE","prec_id":"ICARD 5","precinct_norm":"BURKE - ICARD 5","name":"Icard 5","label":"Icard 5","seims_code":"0015","seims_desc":"ICARD 05","source_vintage":"sbe_2006"},"geometry":{"type":"Point","coordinates":[-81.40111664270832,35.74266150020286]}},{"type":"Feature","properties":{"county_nam":"BURKE","prec_id":"JONAS RIDGE","precinct_norm":"BURKE - JONAS RIDGE","name":"Jonas Ridge","label":"Jonas Ridge","seims_code":"0018","seims_desc":"JONAS RIDGE","source_vintage":"sbe_2006"},"geometry":{"type":"Point","coordinates":[-81.86874349250746,35.952767500105]}},{"type":"Feature","properties":{"county_nam":"BURKE","prec_id":"LINVILLE 1","precinct_norm":"BURKE - LINVILLE 1","name":"Linville 1","label":"Linville 1","seims_code":"0019","seims_desc":"LINVILLE 01","source_vintage":"sbe_2006"},"geometry":{"type":"Point","coordinates":[-81.90596958994782,35.78028699941727]}},{"type":"Feature","properties":{"county_nam":"BURKE","prec_id":"LINVILLE 2","precinct_norm":"BURKE - LINVILLE 2","name":"Linville 2","label":"Linville 2","seims_code":"0020","seims_desc":"LINVILLE 02","source_vintage":"sbe_2006"},"geometry":{"type":"Point","coordinates":[-81.83573512561745,35.784008997718985]}},{"type":"Feature","properties":{"county_nam":"BURKE","prec_id":"LOVELADY 1","precinct_norm":"BURKE - LOVELADY 1","name":"Lovelady 1","label":"Lovelady 1","seims_code":"0021","seims_desc":"LOVELADY 01","source_vintage":"sbe_2006"},"geometry":{"type":"Point","coordinates":[-81.5774363339209,35.73873850062101]}},{"type":"Feature","properties":{"county_nam":"BURKE","prec_id":"LOVELADY 2","precinct_norm":"BURKE - LOVELADY 2","name":"Lovelady 2","label":"Lovelady 2","seims_code":"0022","seims_desc":"LOVELADY 02","source_vintage":"sbe_2006"},"geometry":{"type":"Point","coordinates":[-81.5167833045127,35.746620499709024]}},{"type":"Feature","properties":{"county_nam":"BURKE","prec_id":"LOVELADY 4","precinct_norm":"BURKE - LOVELADY 4","name":"Lovelady 4","label":"Lovelady 4","seims_code":"0024","seims_desc":"LOVELADY 04","source_vintage":"sbe_2006"},"geometry":{"type":"Point","coordinates":[-81.55632812703749,35.739824500599]}},{"type":"Feature","properties":{"county_nam":"BURKE","prec_id":"LOWER FORK","precinct_norm":"BURKE - LOWER FORK","name":"Lower Fork","label":"Lower Fork","seims_code":"0029","seims_desc":"LOWER FORK","source_vintage":"sbe_2006"},"geometry":{"type":"Point","coordinates":[-81.54772331374203,35.63662600048206]}},{"type":"Feature","properties":{"county_nam":"BURKE","prec_id":"MORGANTON 01","precinct_norm":"BURKE - MORGANTON 01","name":"Morganton 01","label":"Morganton 01","seims_code":"0031","seims_desc":"MORGANTON 01","source_vintage":"sbe_2006"},"geometry":{"type":"Point","coordinates":[-81.68098279524561,35.74534450006102]}},{"type":"Feature","properties":{"county_nam":"BURKE","prec_id":"MORGANTON 04","precinct_norm":"BURKE - MORGANTON 04","name":"Morganton 04","label":"Morganton 04","seims_code":"0034","seims_desc":"MORGANTON 04","source_vintage":"sbe_2006"},"geometry":{"type":"Point","coordinates":[-81.70336490138499,35.733471499983615]}},{"type":"Feature","properties":{"county_nam":"BURKE","prec_id":"MORGANTON 05","precinct_norm":"BURKE - MORGANTON 05","name":"Morganton 05","label":"Morganton 05","seims_code":"0035","seims_desc":"MORGANTON 05","source_vintage":"sbe_2006"},"geometry":{"type":"Point","coordinates":[-81.6765239332631,35.766028999873065]}},{"type":"Feature","properties":{"county_nam":"BURKE","prec_id":"MORGANTON 06","precinct_norm":"BURKE - MORGANTON 06","name":"Morganton 06","label":"Morganton 06","seims_code":"0036","seims_desc":"MORGANTON 06","source_vintage":"sbe_2006"},"geometry":{"type":"Point","coordinates":[-81.63944673540135,35.700469501025836]}},{"type":"Feature","properties":{"county_nam":"BURKE","prec_id":"MORGANTON 07","precinct_norm":"BURKE - MORGANTON 07","name":"Morganton 07","label":"Morganton 07","seims_code":"0037","seims_desc":"MORGANTON 07","source_vintage":"sbe_2006"},"geometry":{"type":"Point","coordinates":[-81.70317989147608,35.66829800098819]}},{"type":"Feature","properties":{"county_nam":"BURKE","prec_id":"MORGANTON 08","precinct_norm":"BURKE - MORGANTON 08","name":"Morganton 08","label":"Morganton 08","seims_code":"0038","seims_desc":"MORGANTON 08","source_vintage":"sbe_2006"},"geometry":{"type":"Point","coordinates":[-81.65024650595242,35.756610999208846]}},{"type":"Feature","properties":{"county_nam":"BURKE","prec_id":"MORGANTON 09","precinct_norm":"BURKE - MORGANTON 09","name":"Morganton 09","label":"Morganton 09","seims_code":"0039","seims_desc":"MORGANTON 09","source_vintage":"sbe_2006"},"geometry":{"type":"Point","coordinates":[-81.65905624616525,35.72810249788384]}},{"type":"Feature","properties":{"county_nam":"BURKE","prec_id":"MORGANTON 10","precinct_norm":"BURKE - MORGANTON 10","name":"Morganton 10","label":"Morganton 10","seims_code":"0040","seims_desc":"MORGANTON 10","source_vintage":"sbe_2006"},"geometry":{"type":"Point","coordinates":[-81.74730340570022,35.70295900032278]}},{"type":"Feature","properties":{"county_nam":"BURKE","prec_id":"QUAKER MEADOW 1","precinct_norm":"BURKE - QUAKER MEADOW 1","name":"Quaker Meadow 1","label":"Quaker Meadow 1","seims_code":"0047","seims_desc":"QUAKER MEADOWS 01","source_vintage":"sbe_2006"},"geometry":{"type":"Point","coordinates":[-81.76975222259358,35.7877390009522]}},{"type":"Feature","properties":{"county_nam":"BURKE","prec_id":"QUAKER MEADOW 2","precinct_norm":"BURKE - QUAKER MEADOW 2","name":"Quaker Meadow 2","label":"Quaker Meadow 2","seims_code":"0048","seims_desc":"QUAKER MEADOWS 02","source_vintage":"sbe_2006"},"geometry":{"type":"Point","coordinates":[-81.70432953997802,35.79914549872903]}},{"type":"Feature","properties":{"county_nam":"BURKE","prec_id":"SILVER CREEK 1","precinct_norm":"BURKE - SILVER CREEK 1","name":"Silver Creek 1","label":"Silver Creek 1","seims_code":"0051","seims_desc":"SILVER CREEK 01","source_vintage":"sbe_2006"},"geometry":{"type":"Point","coordinates":[-81.79356013982495,35.716451500746075]}},{"type":"Feature","properties":{"county_nam":"BURKE","prec_id":"SILVER CREEK 2","precinct_norm":"BURKE - SILVER CREEK 2","name":"Silver Creek 2","label":"Silver Creek 2","seims_code":"0052","seims_desc":"SILVER CREEK 02","source_vintage":"sbe_2006"},"geometry":{"type":"Point","coordinates":[-81.83804352475448,35.65028999997244]}},{"type":"Feature","properties":{"county_nam":"BURKE","prec_id":"SILVER CREEK 3","precinct_norm":"BURKE - SILVER CREEK 3","name":"Silver Creek 3","label":"Silver Creek 3","seims_code":"0053","seims_desc":"SILVER CREEK 03","source_vintage":"sbe_2006"},"geometry":{"type":"Point","coordinates":[-81.79069223775365,35.6432230007312]}},{"type":"Feature","properties":{"county_nam":"BURKE","prec_id":"UPPER CREEK","precinct_norm":"BURKE - UPPER CREEK","name":"Upper Creek","label":"Upper Creek","seims_code":"0062","seims_desc":"UPPER CREEK","source_vintage":"sbe_2006"},"geometry":{"type":"Point","coordinates":[-81.82087230633223,35.86732549974308]}},{"type":"Feature","properties":{"county_nam":"BURKE","prec_id":"UPPER FORK","precinct_norm":"BURKE - UPPER FORK","name":"Upper Fork","label":"Upper Fork","seims_code":"0064","seims_desc":"UPPER FORK","source_vintage":"sbe_2006"},"geometry":{"type":"Point","coordinates":[-81.66333551073407,35.63572950134706]}},{"type":"Feature","properties":{"county_nam":"BURKE","prec_id":"CHESTERFIELD","precinct_norm":"BURKE - CHESTERFIELD","name":"Chesterfield","label":"Chesterfield","seims_code":"0066","seims_desc":"CHESTERFIELD","source_vintage":"sbe_2006"},"geometry":{"type":"Point","coordinates":[-81.66969164174475,35.82966499938943]}},{"type":"Feature","properties":{"county_nam":"CABARRUS","prec_id":"01-01","precinct_norm":"CABARRUS - 01-01","name":"01-01","label":"01-01","seims_code":"01-01","seims_desc":"01-01","source_vintage":"sbe_2006"},"geometry":{"type":"Point","coordinates":[-80.60092217895071,35.32222350204359]}},{"type":"Feature","properties":{"county_nam":"CABARRUS","prec_id":"01-02","precinct_norm":"CABARRUS - 01-02","name":"01-02","label":"01-02","seims_code":"01-02","seims_desc":"01-02","source_vintage":"sbe_2006"},"geometry":{"type":"Point","coordinates":[-80.59971995657808,35.27296249830058]}},{"type":"Feature","properties":{"county_nam":"CABARRUS","prec_id":"01-05","precinct_norm":"CABARRUS - 01-05","name":"01-05","label":"01-05","seims_code":"01-05","seims_desc":"01-05","source_vintage":"sbe_2006"},"geometry":{"type":"Point","coordinates":[-80.62393944089642,35.33732599982926]}},{"type":"Feature","properties":{"county_nam":"CABARRUS","prec_id":"01-06","precinct_norm":"CABARRUS - 01-06","name":"01-06","label":"01-06","seims_code":"01-06","seims_desc":"01-06","source_vintage":"sbe_2006"},"geometry":{"type":"Point","coordinates":[-80.66736014798815,35.30436600059252]}},{"type":"Feature","properties":{"county_nam":"CABARRUS","prec_id":"01-04","precinct_norm":"CABARRUS - 01-04","name":"01-04","label":"01-04","seims_code":"01-04","seims_desc":"01-04","source_vintage":"sbe_2006"},"geometry":{"type":"Point","coordinates":[-80.64744064738446,35.281620499604415]}},{"type":"Feature","properties":{"county_nam":"CABARRUS","prec_id":"02-01","precinct_norm":"CABARRUS - 02-01","name":"02-01","label":"02-01","seims_code":"02-01","seims_desc":"02-01","source_vintage":"sbe_2006"},"geometry":{"type":"Point","coordinates":[-80.62607169795251,35.41173599965719]}},{"type":"Feature","properties":{"county_nam":"CABARRUS","prec_id":"02-02","precinct_norm":"CABARRUS - 02-02","name":"02-02","label":"02-02","seims_code":"02-02","seims_desc":"02-02","source_vintage":"sbe_2006"},"geometry":{"type":"Point","coordinates":[-80.6820481962591,35.3799484972114]}},{"type":"Feature","properties":{"county_nam":"CABARRUS","prec_id":"02-03","precinct_norm":"CABARRUS - 02-03","name":"02-03","label":"02-03","seims_code":"02-03","seims_desc":"02-03","source_vintage":"sbe_2006"},"geometry":{"type":"Point","coordinates":[-80.6709563574176,35.356566500706876]}},{"type":"Feature","properties":{"county_nam":"CABARRUS","prec_id":"02-04","precinct_norm":"CABARRUS - 02-04","name":"02-04","label":"02-04","seims_code":"02-04","seims_desc":"02-04","source_vintage":"sbe_2006"},"geometry":{"type":"Point","coordinates":[-80.73197015021607,35.402854496746755]}},{"type":"Feature","properties":{"county_nam":"CABARRUS","prec_id":"02-05","precinct_norm":"CABARRUS - 02-05","name":"02-05","label":"02-05","seims_code":"02-05","seims_desc":"02-05","source_vintage":"sbe_2006"},"geometry":{"type":"Point","coordinates":[-80.64125657839563,35.39627000009446]}},{"type":"Feature","properties":{"county_nam":"CABARRUS","prec_id":"02-06","precinct_norm":"CABARRUS - 02-06","name":"02-06","label":"02-06","seims_code":"02-06","seims_desc":"02-06","source_vintage":"sbe_2006"},"geometry":{"type":"Point","coordinates":[-80.63945821193391,35.431821999617696]}},{"type":"Feature","properties":{"county_nam":"CABARRUS","prec_id":"02-07","precinct_norm":"CABARRUS - 02-07","name":"02-07","label":"02-07","seims_code":"02-07","seims_desc":"02-07","source_vintage":"sbe_2006"},"geometry":{"type":"Point","coordinates":[-80.67815950526163,35.401675498266414]}},{"type":"Feature","properties":{"county_nam":"CABARRUS","prec_id":"03-00","precinct_norm":"CABARRUS - 03-00","name":"03-00","label":"03-00","seims_code":"03-00","seims_desc":"03-00","source_vintage":"sbe_2006"},"geometry":{"type":"Point","coordinates":[-80.74069244659671,35.47199600086391]}},{"type":"Feature","properties":{"county_nam":"CABARRUS","prec_id":"04-01","precinct_norm":"CABARRUS - 04-01","name":"04-01","label":"04-01","seims_code":"04-01","seims_desc":"04-01","source_vintage":"sbe_2006"},"geometry":{"type":"Point","coordinates":[-80.60794752460069,35.46358499981166]}},{"type":"Feature","properties":{"county_nam":"CABARRUS","prec_id":"04-02","precinct_norm":"CABARRUS - 04-02","name":"04-02","label":"04-02","seims_code":"04-02","seims_desc":"04-02","source_vintage":"sbe_2006"},"geometry":{"type":"Point","coordinates":[-80.60181399900104,35.4825664995877]}},{"type":"Feature","properties":{"county_nam":"CABARRUS","prec_id":"04-03","precinct_norm":"CABARRUS - 04-03","name":"04-03","label":"04-03","seims_code":"04-03","seims_desc":"04-03","source_vintage":"sbe_2006"},"geometry":{"type":"Point","coordinates":[-80.59249797393579,35.49278899967253]}},{"type":"Feature","properties":{"county_nam":"CABARRUS","prec_id":"04-07","precinct_norm":"CABARRUS - 04-07","name":"04-07","label":"04-07","seims_code":"04-07","seims_desc":"04-07","source_vintage":"sbe_2006"},"geometry":{"type":"Point","coordinates":[-80.64623128950493,35.47529699931305]}},{"type":"Feature","properties":{"county_nam":"CABARRUS","prec_id":"04-08","precinct_norm":"CABARRUS - 04-08","name":"04-08","label":"04-08","seims_code":"04-08","seims_desc":"04-08","source_vintage":"sbe_2006"},"geometry":{"type":"Point","coordinates":[-80.66952660654059,35.43790400024104]}},{"type":"Feature","properties":{"county_nam":"CABARRUS","prec_id":"04-09","precinct_norm":"CABARRUS - 04-09","name":"04-09","label":"04-09","seims_code":"04-09","seims_desc":"04-09","source_vintage":"sbe_2006"},"geometry":{"type":"Point","coordinates":[-80.6786262255205,35.47367949934167]}},{"type":"Feature","properties":{"county_nam":"CABARRUS","prec_id":"04-10","precinct_norm":"CABARRUS - 04-10","name":"04-10","label":"04-10","seims_code":"04-10","seims_desc":"04-10","source_vintage":"sbe_2006"},"geometry":{"type":"Point","coordinates":[-80.63556340672538,35.46013249833585]}},{"type":"Feature","properties":{"county_nam":"CABARRUS","prec_id":"05-00","precinct_norm":"CABARRUS - 05-00","name":"05-00","label":"05-00","seims_code":"05-00","seims_desc":"05-00","source_vintage":"sbe_2006"},"geometry":{"type":"Point","coordinates":[-80.53764198005467,35.45947599920863]}},{"type":"Feature","properties":{"county_nam":"CABARRUS","prec_id":"06-00","precinct_norm":"CABARRUS - 06-00","name":"06-00","label":"06-00","seims_code":"06-00","seims_desc":"06-00","source_vintage":"sbe_2006"},"geometry":{"type":"Point","coordinates":[-80.45298409687243,35.46558250125682]}},{"type":"Feature","properties":{"county_nam":"CABARRUS","prec_id":"07-00","precinct_norm":"CABARRUS - 07-00","name":"07-00","label":"07-00","seims_code":"07-00","seims_desc":"07-00","source_vintage":"sbe_2006"},"geometry":{"type":"Point","coordinates":[-80.36480300790565,35.46157150007903]}},{"type":"Feature","properties":{"county_nam":"CABARRUS","prec_id":"08-00","precinct_norm":"CABARRUS - 08-00","name":"08-00","label":"08-00","seims_code":"08-00","seims_desc":"08-00","source_vintage":"sbe_2006"},"geometry":{"type":"Point","coordinates":[-80.43149511222538,35.395661999908256]}},{"type":"Feature","properties":{"county_nam":"CABARRUS","prec_id":"09-00","precinct_norm":"CABARRUS - 09-00","name":"09-00","label":"09-00","seims_code":"09-00","seims_desc":"09-00","source_vintage":"sbe_2006"},"geometry":{"type":"Point","coordinates":[-80.45710062954807,35.32932649785731]}},{"type":"Feature","properties":{"county_nam":"CABARRUS","prec_id":"10-00","precinct_norm":"CABARRUS - 10-00","name":"10-00","label":"10-00","seims_code":"10-00","seims_desc":"10-00","source_vintage":"sbe_2006"},"geometry":{"type":"Point","coordinates":[-80.51570425010652,35.256225001095444]}},{"type":"Feature","properties":{"county_nam":"CABARRUS","prec_id":"11-01","precinct_norm":"CABARRUS - 11-01","name":"11-01","label":"11-01","seims_code":"11-01","seims_desc":"11-01","source_vintage":"sbe_2006"},"geometry":{"type":"Point","coordinates":[-80.55492943588814,35.35020799932476]}},{"type":"Feature","properties":{"county_nam":"CABARRUS","prec_id":"11-02","precinct_norm":"CABARRUS - 11-02","name":"11-02","label":"11-02","seims_code":"11-02","seims_desc":"11-02","source_vintage":"sbe_2006"},"geometry":{"type":"Point","coordinates":[-80.52719200577764,35.37123699983184]}},{"type":"Feature","properties":{"county_nam":"CABARRUS","prec_id":"12-01","precinct_norm":"CABARRUS - 12-01","name":"12-01","label":"12-01","seims_code":"12-01","seims_desc":"12-01","source_vintage":"sbe_2006"},"geometry":{"type":"Point","coordinates":[-80.58663800352687,35.40949649986277]}},{"type":"Feature","properties":{"county_nam":"CABARRUS","prec_id":"12-02","precinct_norm":"CABARRUS - 12-02","name":"12-02","label":"12-02","seims_code":"12-02","seims_desc":"12-02","source_vintage":"sbe_2006"},"geometry":{"type":"Point","coordinates":[-80.60208536290399,35.41546149989049]}},{"type":"Feature","properties":{"county_nam":"CABARRUS","prec_id":"12-03","precinct_norm":"CABARRUS - 12-03","name":"12-03","label":"12-03","seims_code":"12-03","seims_desc":"12-03","source_vintage":"sbe_2006"},"geometry":{"type":"Point","coordinates":[-80.58440268336409,35.4555090013261]}},{"type":"Feature","properties":{"county_nam":"CABARRUS","prec_id":"12-04","precinct_norm":"CABARRUS - 12-04","name":"12-04","label":"12-04","seims_code":"12-04","seims_desc":"12-04","source_vintage":"sbe_2006"},"geometry":{"type":"Point","coordinates":[-80.57981599987812,35.42228999998424]}},{"type":"Feature","properties":{"county_nam":"CABARRUS","prec_id":"12-05","precinct_norm":"CABARRUS - 12-05","name":"12-05","label":"12-05","seims_code":"12-05","seims_desc":"12-05","source_vintage":"sbe_2006"},"geometry":{"type":"Point","coordinates":[-80.55777441843021,35.409597000686645]}},{"type":"Feature","properties":{"county_nam":"CABARRUS","prec_id":"12-06","precinct_norm":"CABARRUS - 12-06","name":"12-06","label":"12-06","seims_code":"12-06","seims_desc":"12-06","source_vintage":"sbe_2006"},"geometry":{"type":"Point","coordinates":[-80.57246299787923,35.39298999914255]}},{"type":"Feature","properties":{"county_nam":"CABARRUS","prec_id":"12-07","precinct_norm":"CABARRUS - 12-07","name":"12-07","label":"12-07","seims_code":"12-07","seims_desc":"12-07","source_vintage":"sbe_2006"},"geometry":{"type":"Point","coordinates":[-80.5840514958968,35.39449000045083]}},{"type":"Feature","properties":{"county_nam":"CABARRUS","prec_id":"12-08","precinct_norm":"CABARRUS - 12-08","name":"12-08","label":"12-08","seims_code":"12-08","seims_desc":"12-08","source_vintage":"sbe_2006"},"geometry":{"type":"Point","coordinates":[-80.59928799287925,35.39784000005811]}},{"type":"Feature","properties":{"county_nam":"CABARRUS","prec_id":"12-09","precinct_norm":"CABARRUS - 12-09","name":"12-09","label":"12-09","seims_code":"12-09","seims_desc":"12-09","source_vintage":"sbe_2006"},"geometry":{"type":"Point","coordinates":[-80.61931609724404,35.37592650083204]}},{"type":"Feature","properties":{"county_nam":"CABARRUS","prec_id":"12-10","precinct_norm":"CABARRUS - 12-10","name":"12-10","label":"12-10","seims_code":"12-10","seims_desc":"12-10","source_vintage":"sbe_2006"},"geometry":{"type":"Point","coordinates":[-80.55411262502392,35.38784049868436]}},{"type":"Feature","properties":{"county_nam":"CABARRUS","prec_id":"12-11","precinct_norm":"CABARRUS - 12-11","name":"12-11","label":"12-11","seims_code":"12-11","seims_desc":"12-11","source_vintage":"sbe_2006"},"geometry":{"type":"Point","coordinates":[-80.60155295996987,35.43317950011026]}},{"type":"Feature","properties":{"county_nam":"CABARRUS","prec_id":"12-12","precinct_norm":"CABARRUS - 12-12","name":"12-12","label":"12-12","seims_code":"12-12","seims_desc":"12-12","source_vintage":"sbe_2006"},"geometry":{"type":"Point","coordinates":[-80.58595879450834,35.3645460014483]}},{"type":"Feature","properties":{"county_nam":"CABARRUS","prec_id":"04-04","precinct_norm":"CABARRUS - 04-04","name":"04-04","label":"04-04","seims_code":"04-04","seims_desc":"04-04","source_vintage":"sbe_2006"},"geometry":{"type":"Point","coordinates":[-80.61762575122788,35.49483850012188]}},{"type":"Feature","properties":{"county_nam":"CABARRUS","prec_id":"04-05","precinct_norm":"CABARRUS - 04-05","name":"04-05","label":"04-05","seims_code":"04-05","seims_desc":"04-05","source_vintage":"sbe_2006"},"geometry":{"type":"Point","coordinates":[-80.63853102157327,35.49688799985159]}},{"type":"Feature","properties":{"county_nam":"CABARRUS","prec_id":"04-06","precinct_norm":"CABARRUS - 04-06","name":"04-06","label":"04-06","seims_code":"04-06","seims_desc":"04-06","source_vintage":"sbe_2006"},"geometry":{"type":"Point","coordinates":[-80.63657458694797,35.488138001237935]}},{"type":"Feature","properties":{"county_nam":"CALDWELL","prec_id":"GAMEWELL 1","precinct_norm":"CALDWELL - GAMEWELL 1","name":"Gamewell 1","label":"Gamewell 1","seims_code":"PR01","seims_desc":"GAMEWELL #1","source_vintage":"sbe_2006"},"geometry":{"type":"Point","coordinates":[-81.58439946779782,35.871437001428575]}},{"type":"Feature","properties":{"county_nam":"CALDWELL","prec_id":"GAMEWELL 2","precinct_norm":"CALDWELL - GAMEWELL 2","name":"Gamewell 2","label":"Gamewell 2","seims_code":"PR02","seims_desc":"GAMEWELL #2","source_vintage":"sbe_2006"},"geometry":{"type":"Point","coordinates":[-81.63761532569946,35.86975349928426]}},{"type":"Feature","properties":{"county_nam":"CALDWELL","prec_id":"HUDSON 1","precinct_norm":"CALDWELL - HUDSON 1","name":"Hudson 1","label":"Hudson 1","seims_code":"PR05","seims_desc":"HUDSON #1","source_vintage":"sbe_2006"},"geometry":{"type":"Point","coordinates":[-81.47265231638124,35.85987449808948]}},{"type":"Feature","properties":{"county_nam":"CALDWELL","prec_id":"HUDSON 2","precinct_norm":"CALDWELL - HUDSON 2","name":"Hudson 2","label":"Hudson 2","seims_code":"PR06","seims_desc":"HUDSON #2","source_vintage":"sbe_2006"},"geometry":{"type":"Point","coordinates":[-81.50571150338061,35.83708849979917]}},{"type":"Feature","properties":{"county_nam":"CALDWELL","prec_id":"KINGS CREEK","precinct_norm":"CALDWELL - KINGS CREEK","name":"Kings Creek","label":"Kings Creek","seims_code":"PR08","seims_desc":"KINGS CREEK","source_vintage":"sbe_2006"},"geometry":{"type":"Point","coordinates":[-81.40352212192093,36.016152501166474]}},{"type":"Feature","properties":{"county_nam":"CALDWELL","prec_id":"LENOIR 1","precinct_norm":"CALDWELL - LENOIR 1","name":"Lenoir 1","label":"Lenoir 1","seims_code":"PR09","seims_desc":"LENOIR #1","source_vintage":"sbe_2006"},"geometry":{"type":"Point","coordinates":[-81.55926062413462,35.93814999943925]}},{"type":"Feature","properties":{"county_nam":"CALDWELL","prec_id":"LENOIR 4","precinct_norm":"CALDWELL - LENOIR 4","name":"Lenoir 4","label":"Lenoir 4","seims_code":"PR12","seims_desc":"LENOIR #4","source_vintage":"sbe_2006"},"geometry":{"type":"Point","coordinates":[-81.5778026278609,35.91295500035009]}},{"type":"Feature","properties":{"county_nam":"CALDWELL","prec_id":"LITTLE RIVER","precinct_norm":"CALDWELL - LITTLE RIVER","name":"Little River","label":"Little River","seims_code":"PR13","seims_desc":"LITTLE RIVER","source_vintage":"sbe_2006"},"geometry":{"type":"Point","coordinates":[-81.40012203356468,35.90987850083276]}},{"type":"Feature","properties":{"county_nam":"CALDWELL","prec_id":"LOVELADY 2","precinct_norm":"CALDWELL - LOVELADY 2","name":"Lovelady 2","label":"Lovelady 2","seims_code":"PR15","seims_desc":"LOVELADY-TWO","source_vintage":"sbe_2006"},"geometry":{"type":"Point","coordinates":[-81.38669517225611,35.789565499713376]}},{"type":"Feature","properties":{"county_nam":"CALDWELL","prec_id":"LOVELADY 1","precinct_norm":"CALDWELL - LOVELADY 1","name":"Lovelady 1","label":"Lovelady 1","seims_code":"PR28","seims_desc":"LOVELADY-ONE","source_vintage":"sbe_2006"},"geometry":{"type":"Point","coordinates":[-81.39484217391151,35.82553649954034]}},{"type":"Feature","properties":{"county_nam":"CALDWELL","prec_id":"LOVELADY-RHODHISS","precinct_norm":"CALDWELL - LOVELADY-RHODHISS","name":"Lovelady-Rhodhiss","label":"Lovelady-Rhodhiss","seims_code":"PR14","seims_desc":"LOVELADY-RHODHISS","source_vintage":"sbe_2006"},"geometry":{"type":"Point","coordinates":[-81.43232320470969,35.78747700020846]}},{"type":"Feature","properties":{"county_nam":"CALDWELL","prec_id":"LOWER CREEK 1","precinct_norm":"CALDWELL - LOWER CREEK 1","name":"Lower Creek 1","label":"Lower Creek 1","seims_code":"PR16","seims_desc":"LOWER CREEK #1","source_vintage":"sbe_2006"},"geometry":{"type":"Point","coordinates":[-81.52349787645474,35.924250998358275]}},{"type":"Feature","properties":{"county_nam":"CALDWELL","prec_id":"LOWER CREEK 2","precinct_norm":"CALDWELL - LOWER CREEK 2","name":"Lower Creek 2","label":"Lower Creek 2","seims_code":"PR17","seims_desc":"LOWER CREEK #2","source_vintage":"sbe_2006"},"geometry":{"type":"Point","coordinates":[-81.51727010624708,35.88936300061721]}},{"type":"Feature","properties":{"county_nam":"CALDWELL","prec_id":"LOWER CREEK 3","precinct_norm":"CALDWELL - LOWER CREEK 3","name":"Lower Creek 3","label":"Lower Creek 3","seims_code":"PR18","seims_desc":"LOWER CREEK #3","source_vintage":"sbe_2006"},"geometry":{"type":"Point","coordinates":[-81.48698269375643,35.932858499484155]}},{"type":"Feature","properties":{"county_nam":"CALDWELL","prec_id":"LOWER CREEK 4","precinct_norm":"CALDWELL - LOWER CREEK 4","name":"Lower Creek 4","label":"Lower Creek 4","seims_code":"PR19","seims_desc":"LOWER CREEK #4","source_vintage":"sbe_2006"},"geometry":{"type":"Point","coordinates":[-81.53410868873414,35.95868150127071]}},{"type":"Feature","properties":{"county_nam":"CALDWELL","prec_id":"NORTH CATAWBA 1","precinct_norm":"CALDWELL - NORTH CATAWBA 1","name":"North Catawba 1","label":"North Catawba 1","seims_code":"PR21","seims_desc":"NORTH CATAWBA","source_vintage":"sbe_2006"},"geometry":{"type":"Point","coordinates":[-81.54789374270754,35.80933199918987]}},{"type":"Feature","properties":{"county_nam":"CALDWELL","prec_id":"NORTH CATAWBA 2","precinct_norm":"CALDWELL - NORTH CATAWBA 2","name":"North Catawba 2","label":"North Catawba 2","seims_code":"PR22","seims_desc":"NORTH CATAWBA #2","source_vintage":"sbe_2006"},"geometry":{"type":"Point","coordinates":[-81.55000712696861,35.845709001464]}},{"type":"Feature","properties":{"county_nam":"CALDWELL","prec_id":"PATTERSON","precinct_norm":"CALDWELL - PATTERSON","name":"Patterson","label":"Patterson","seims_code":"PR23","seims_desc":"PATTERSON","source_vintage":"sbe_2006"},"geometry":{"type":"Point","coordinates":[-81.58513310302172,36.03827200057525]}},{"type":"Feature","properties":{"county_nam":"CALDWELL","prec_id":"SAWMILLS 2","precinct_norm":"CALDWELL - SAWMILLS 2","name":"Sawmills 2","label":"Sawmills 2","seims_code":"PR25","seims_desc":"SAWMILLS #2","source_vintage":"sbe_2006"},"geometry":{"type":"Point","coordinates":[-81.4950885826708,35.808456499664985]}},{"type":"Feature","properties":{"county_nam":"CALDWELL","prec_id":"SAWMILLS 1","precinct_norm":"CALDWELL - SAWMILLS 1","name":"Sawmills 1","label":"Sawmills 1","seims_code":"PR24","seims_desc":"SAWMILLS #1","source_vintage":"sbe_2006"},"geometry":{"type":"Point","coordinates":[-81.4659189830292,35.809855999314465]}},{"type":"Feature","properties":{"county_nam":"CALDWELL","prec_id":"YADKIN VALLEY","precinct_norm":"CALDWELL - YADKIN VALLEY","name":"Yadkin Valley","label":"Yadkin Valley","seims_code":"PR27","seims_desc":"YADKIN VALLEY","source_vintage":"sbe_2006"},"geometry":{"type":"Point","coordinates":[-81.49978377765089,36.044821500301396]}},{"type":"Feature","properties":{"county_nam":"CALDWELL","prec_id":"GLOBE JOHN'S RIVER / MULBERRY / WILSON CREEK","precinct_norm":"CALDWELL - GLOBE JOHN'S RIVER / MULBERRY / WILSON CREEK","name":"Globe John's River / Mulberry / Wilson Creek","label":"Globe John's River / Mulberry / Wilson Creek","seims_code":"PR07","seims_desc":"GLOBE/JOHNS RIVER/MULBERRY/WILSON CREEK","source_vintage":"sbe_2006"},"geometry":{"type":"Point","coordinates":[-81.68677188378334,35.99344299852999]}},{"type":"Feature","properties":{"county_nam":"CALDWELL","prec_id":"LENOIR 29","precinct_norm":"CALDWELL - LENOIR 29","name":"Lenoir 29","label":"Lenoir 29","seims_code":"PR29","seims_desc":"LENOIR #29","source_vintage":"sbe_2006"},"geometry":{"type":"Point","coordinates":[-81.54759132499203,35.88704399917924]}},{"type":"Feature","properties":{"county_nam":"CAMDEN","prec_id":"COURTHOUSE","precinct_norm":"CAMDEN - COURTHOUSE","name":"Courthouse","label":"Courthouse","seims_code":"CH","seims_desc":"COURTHOUSE","source_vintage":"sbe_2006"},"geometry":{"type":"Point","coordinates":[-76.17448586742533,36.362618500020545]}},{"type":"Feature","properties":{"county_nam":"CAMDEN","prec_id":"SHILOH","precinct_norm":"CAMDEN - SHILOH","name":"Shiloh","label":"Shiloh","seims_code":"SH","seims_desc":"SHILOH","source_vintage":"sbe_2006"},"geometry":{"type":"Point","coordinates":[-76.01534699086666,36.22874099969802]}},{"type":"Feature","properties":{"county_nam":"CAMDEN","prec_id":"SOUTH MILLS","precinct_norm":"CAMDEN - SOUTH MILLS","name":"South Mills","label":"South Mills","seims_code":"SM","seims_desc":"SOUTH MILLS","source_vintage":"sbe_2006"},"geometry":{"type":"Point","coordinates":[-76.303916111522,36.45680749963479]}},{"type":"Feature","properties":{"county_nam":"CARTERET","prec_id":"ATLANTIC","precinct_norm":"CARTERET - ATLANTIC","name":"Atlantic","label":"Atlantic","seims_code":"ATLN","seims_desc":"ATLANTIC","source_vintage":"sbe_2006"},"geometry":{"type":"Point","coordinates":[-76.31985420166995,34.876097000131054]}},{"type":"Feature","properties":{"county_nam":"CARTERET","prec_id":"ATLANTIC BEACH","precinct_norm":"CARTERET - ATLANTIC BEACH","name":"Atlantic Beach","label":"Atlantic Beach","seims_code":"ABCH","seims_desc":"ATLANTIC BEACH","source_vintage":"sbe_2006"},"geometry":{"type":"Point","coordinates":[-76.72916782684587,34.67806350036355]}},{"type":"Feature","properties":{"county_nam":"CARTERET","prec_id":"BEAUFORT 1","precinct_norm":"CARTERET - BEAUFORT 1","name":"Beaufort 1","label":"Beaufort 1","seims_code":"BFT1","seims_desc":"BEAUFORT 1","source_vintage":"sbe_2006"},"geometry":{"type":"Point","coordinates":[-76.66695951815421,34.71259949949629]}},{"type":"Feature","properties":{"county_nam":"CARTERET","prec_id":"BEAUFORT 2","precinct_norm":"CARTERET - BEAUFORT 2","name":"Beaufort 2","label":"Beaufort 2","seims_code":"BFT2","seims_desc":"BEAUFORT 2","source_vintage":"sbe_2006"},"geometry":{"type":"Point","coordinates":[-76.63640341960449,34.740672499864246]}},{"type":"Feature","properties":{"county_nam":"CARTERET","prec_id":"BETTIE","precinct_norm":"CARTERET - BETTIE","name":"Bettie","label":"Bettie","seims_code":"BETT","seims_desc":"BETTIE","source_vintage":"sbe_2006"},"geometry":{"type":"Point","coordinates":[-76.59288914831568,34.8059740008218]}},{"type":"Feature","properties":{"county_nam":"CARTERET","prec_id":"BOGUE","precinct_norm":"CARTERET - BOGUE","name":"Bogue","label":"Bogue","seims_code":"BOGU","seims_desc":"BOGUE","source_vintage":"sbe_2006"},"geometry":{"type":"Point","coordinates":[-76.99386087531185,34.72337550056184]}},{"type":"Feature","properties":{"county_nam":"CARTERET","prec_id":"BROAD CREEK","precinct_norm":"CARTERET - BROAD CREEK","name":"Broad Creek","label":"Broad Creek","seims_code":"BCRK","seims_desc":"BROAD CREEK","source_vintage":"sbe_2006"},"geometry":{"type":"Point","coordinates":[-76.90983638014949,34.740908499797555]}},{"type":"Feature","properties":{"county_nam":"CARTERET","prec_id":"CAPE CARTERET/CEDAR POINT","precinct_norm":"CARTERET - CAPE CARTERET/CEDAR POINT","name":"Cape Carteret/Cedar Point","label":"Cape Carteret/Cedar Point","seims_code":"CCCP","seims_desc":"CAPE CARTERET/CEDAR POINT","source_vintage":"sbe_2006"},"geometry":{"type":"Point","coordinates":[-77.07534879945285,34.692604500073664]}},{"type":"Feature","properties":{"county_nam":"CARTERET","prec_id":"CEDAR ISLAND","precinct_norm":"CARTERET - CEDAR ISLAND","name":"Cedar Island","label":"Cedar Island","seims_code":"CDIS","seims_desc":"CEDAR ISLAND","source_vintage":"sbe_2006"},"geometry":{"type":"Point","coordinates":[-76.2025024798298,35.01934850063968]}},{"type":"Feature","properties":{"county_nam":"CARTERET","prec_id":"DAVIS","precinct_norm":"CARTERET - DAVIS","name":"Davis","label":"Davis","seims_code":"DAVI","seims_desc":"DAVIS","source_vintage":"sbe_2006"},"geometry":{"type":"Point","coordinates":[-76.50532963769325,34.94385350021683]}},{"type":"Feature","properties":{"county_nam":"CARTERET","prec_id":"EMERALD ISLE","precinct_norm":"CARTERET - EMERALD ISLE","name":"Emerald Isle","label":"Emerald Isle","seims_code":"EMIS","seims_desc":"EMERALD ISLE","source_vintage":"sbe_2006"},"geometry":{"type":"Point","coordinates":[-77.00830646056481,34.649833500655625]}},{"type":"Feature","properties":{"county_nam":"CARTERET","prec_id":"HARKERS ISLAND","precinct_norm":"CARTERET - HARKERS ISLAND","name":"Harkers Island","label":"Harkers Island","seims_code":"HAIS","seims_desc":"HARKERS ISLAND","source_vintage":"sbe_2006"},"geometry":{"type":"Point","coordinates":[-76.54624580074321,34.62593749876946]}},{"type":"Feature","properties":{"county_nam":"CARTERET","prec_id":"HARLOWE","precinct_norm":"CARTERET - HARLOWE","name":"Harlowe","label":"Harlowe","seims_code":"HARL","seims_desc":"HARLOWE","source_vintage":"sbe_2006"},"geometry":{"type":"Point","coordinates":[-76.73380003894047,34.808015499338495]}},{"type":"Feature","properties":{"county_nam":"CARTERET","prec_id":"INDIAN BEACH/SALTER PATH","precinct_norm":"CARTERET - INDIAN BEACH/SALTER PATH","name":"Indian Beach/Salter Path","label":"Indian Beach/Salter Path","seims_code":"IBSP","seims_desc":"INDIAN BEACH/SALTER PATH","source_vintage":"sbe_2006"},"geometry":{"type":"Point","coordinates":[-76.8886462093154,34.67843249993758]}},{"type":"Feature","properties":{"county_nam":"CARTERET","prec_id":"MARSHALLBERG","precinct_norm":"CARTERET - MARSHALLBERG","name":"Marshallberg","label":"Marshallberg","seims_code":"MARS","seims_desc":"MARSHALLBERG","source_vintage":"sbe_2006"},"geometry":{"type":"Point","coordinates":[-76.51049502603632,34.7325259993122]}},{"type":"Feature","properties":{"county_nam":"CARTERET","prec_id":"MERRIMON","precinct_norm":"CARTERET - MERRIMON","name":"Merrimon","label":"Merrimon","seims_code":"MERR","seims_desc":"MERRIMON","source_vintage":"sbe_2006"},"geometry":{"type":"Point","coordinates":[-76.60115088915515,34.93032849754471]}},{"type":"Feature","properties":{"county_nam":"CARTERET","prec_id":"MILL CREEK","precinct_norm":"CARTERET - MILL CREEK","name":"Mill Creek","label":"Mill Creek","seims_code":"MCRK","seims_desc":"MILL CREEK","source_vintage":"sbe_2006"},"geometry":{"type":"Point","coordinates":[-76.76477760015675,34.778627002637634]}},{"type":"Feature","properties":{"county_nam":"CARTERET","prec_id":"MOREHEAD 1","precinct_norm":"CARTERET - MOREHEAD 1","name":"Morehead 1","label":"Morehead 1","seims_code":"MHD1","seims_desc":"MOREHEAD 1","source_vintage":"sbe_2006"},"geometry":{"type":"Point","coordinates":[-76.702648455998,34.74094200016741]}},{"type":"Feature","properties":{"county_nam":"CARTERET","prec_id":"MOREHEAD 2","precinct_norm":"CARTERET - MOREHEAD 2","name":"Morehead 2","label":"Morehead 2","seims_code":"MHD2","seims_desc":"MOREHEAD 2","source_vintage":"sbe_2006"},"geometry":{"type":"Point","coordinates":[-76.74535554429622,34.72682699954645]}},{"type":"Feature","properties":{"county_nam":"CARTERET","prec_id":"MOREHEAD 3","precinct_norm":"CARTERET - MOREHEAD 3","name":"Morehead 3","label":"Morehead 3","seims_code":"MHD3","seims_desc":"MOREHEAD 3","source_vintage":"sbe_2006"},"geometry":{"type":"Point","coordinates":[-76.75526999832928,34.74749250037207]}},{"type":"Feature","properties":{"county_nam":"CARTERET","prec_id":"MOREHEAD 4","precinct_norm":"CARTERET - MOREHEAD 4","name":"Morehead 4","label":"Morehead 4","seims_code":"MHD4","seims_desc":"MOREHEAD 4","source_vintage":"sbe_2006"},"geometry":{"type":"Point","coordinates":[-76.83557627071403,34.72756999804644]}},{"type":"Feature","properties":{"county_nam":"CARTERET","prec_id":"NORTH RIVER","precinct_norm":"CARTERET - NORTH RIVER","name":"North River","label":"North River","seims_code":"NRIV","seims_desc":"NORTH RIVER","source_vintage":"sbe_2006"},"geometry":{"type":"Point","coordinates":[-76.64909827856943,34.83596499906041]}},{"type":"Feature","properties":{"county_nam":"CARTERET","prec_id":"OTWAY/STRAITS","precinct_norm":"CARTERET - OTWAY/STRAITS","name":"Otway/Straits","label":"Otway/Straits","seims_code":"OTST","seims_desc":"OTWAY/STRAITS","source_vintage":"sbe_2006"},"geometry":{"type":"Point","coordinates":[-76.55608342234753,34.77006850278485]}},{"type":"Feature","properties":{"county_nam":"CARTERET","prec_id":"PELETIER","precinct_norm":"CARTERET - PELETIER","name":"Peletier","label":"Peletier","seims_code":"PELE","seims_desc":"PELETIER","source_vintage":"sbe_2006"},"geometry":{"type":"Point","coordinates":[-77.07849630770744,34.733387500568654]}},{"type":"Feature","properties":{"county_nam":"CARTERET","prec_id":"PINE KNOLL SHORES","precinct_norm":"CARTERET - PINE KNOLL SHORES","name":"Pine Knoll Shores","label":"Pine Knoll Shores","seims_code":"PKNL","seims_desc":"PINE KNOLL SHORES","source_vintage":"sbe_2006"},"geometry":{"type":"Point","coordinates":[-76.824463287759,34.67654150006109]}},{"type":"Feature","properties":{"county_nam":"CARTERET","prec_id":"SEA LEVEL","precinct_norm":"CARTERET - SEA LEVEL","name":"Sea Level","label":"Sea Level","seims_code":"SLVL","seims_desc":"SEA LEVEL","source_vintage":"sbe_2006"},"geometry":{"type":"Point","coordinates":[-76.38975843062454,34.88727500025682]}},{"type":"Feature","properties":{"county_nam":"CARTERET","prec_id":"SMYRNA","precinct_norm":"CARTERET - SMYRNA","name":"Smyrna","label":"Smyrna","seims_code":"SMYR","seims_desc":"SMYRNA","source_vintage":"sbe_2006"},"geometry":{"type":"Point","coordinates":[-76.44905130201778,34.71402699827931]}},{"type":"Feature","properties":{"county_nam":"CARTERET","prec_id":"STACY","precinct_norm":"CARTERET - STACY","name":"Stacy","label":"Stacy","seims_code":"STAC","seims_desc":"STACY","source_vintage":"sbe_2006"},"geometry":{"type":"Point","coordinates":[-76.427920606551,34.83692799985479]}},{"type":"Feature","properties":{"county_nam":"CARTERET","prec_id":"STELLA","precinct_norm":"CARTERET - STELLA","name":"Stella","label":"Stella","seims_code":"STEL","seims_desc":"STELLA","source_vintage":"sbe_2006"},"geometry":{"type":"Point","coordinates":[-77.0550615662905,34.77247200028272]}},{"type":"Feature","properties":{"county_nam":"CARTERET","prec_id":"WILDWOOD","precinct_norm":"CARTERET - WILDWOOD","name":"Wildwood","label":"Wildwood","seims_code":"WILD","seims_desc":"WILDWOOD","source_vintage":"sbe_2006"},"geometry":{"type":"Point","coordinates":[-76.8332013047361,34.755160501988485]}},{"type":"Feature","properties":{"county_nam":"CARTERET","prec_id":"WILLISTON","precinct_norm":"CARTERET - WILLISTON","name":"Williston","label":"Williston","seims_code":"WILL","seims_desc":"WILLISTON","source_vintage":"sbe_2006"},"geometry":{"type":"Point","coordinates":[-76.51399643120212,34.8268680005597]}},{"type":"Feature","properties":{"county_nam":"CARTERET","prec_id":"WIREGRASS","precinct_norm":"CARTERET - WIREGRASS","name":"Wiregrass","label":"Wiregrass","seims_code":"WIRE","seims_desc":"WIREGRASS","source_vintage":"sbe_2006"},"geometry":{"type":"Point","coordinates":[-76.67915462604321,34.83491100170373]}},{"type":"Feature","properties":{"county_nam":"CARTERET","prec_id":"NEWPORT 1","precinct_norm":"CARTERET - NEWPORT 1","name":"Newport 1","label":"Newport 1","seims_code":"NPT1","seims_desc":"NEWPORT 1","source_vintage":"sbe_2006"},"geometry":{"type":"Point","coordinates":[-76.829772013472,34.804708999827916]}},{"type":"Feature","properties":{"county_nam":"CARTERET","prec_id":"NEWPORT 2","precinct_norm":"CARTERET - NEWPORT 2","name":"Newport 2","label":"Newport 2","seims_code":"NPT2","seims_desc":"NEWPORT 2","source_vintage":"sbe_2006"},"geometry":{"type":"Point","coordinates":[-76.9162753606471,34.78565450017375]}},{"type":"Feature","properties":{"county_nam":"CASWELL","prec_id":"ANDERSON","precinct_norm":"CASWELL - ANDERSON","name":"Anderson","label":"Anderson","seims_code":"ANDE","seims_desc":"ANDERSON","source_vintage":"sbe_2006"},"geometry":{"type":"Point","coordinates":[-79.33356903094884,36.29489450117109]}},{"type":"Feature","properties":{"county_nam":"CASWELL","prec_id":"HIGHTOWERS","precinct_norm":"CASWELL - HIGHTOWERS","name":"Hightowers","label":"Hightowers","seims_code":"HIGH","seims_desc":"HIGHTOWERS","source_vintage":"sbe_2006"},"geometry":{"type":"Point","coordinates":[-79.26703081926541,36.32954900054672]}},{"type":"Feature","properties":{"county_nam":"CASWELL","prec_id":"LEASBURG","precinct_norm":"CASWELL - LEASBURG","name":"Leasburg","label":"Leasburg","seims_code":"LEAS","seims_desc":"LEASBURG","source_vintage":"sbe_2006"},"geometry":{"type":"Point","coordinates":[-79.18157763161989,36.40026250035405]}},{"type":"Feature","properties":{"county_nam":"CASWELL","prec_id":"LOCUST HILL","precinct_norm":"CASWELL - LOCUST HILL","name":"Locust Hill","label":"Locust Hill","seims_code":"LOCU","seims_desc":"LOCUST HILL","source_vintage":"sbe_2006"},"geometry":{"type":"Point","coordinates":[-79.46087029587369,36.377580500963454]}},{"type":"Feature","properties":{"county_nam":"CASWELL","prec_id":"MILTON","precinct_norm":"CASWELL - MILTON","name":"Milton","label":"Milton","seims_code":"MILT","seims_desc":"MILTON","source_vintage":"sbe_2006"},"geometry":{"type":"Point","coordinates":[-79.22952633742548,36.490165499722224]}},{"type":"Feature","properties":{"county_nam":"CASWELL","prec_id":"PELHAM","precinct_norm":"CASWELL - PELHAM","name":"Pelham","label":"Pelham","seims_code":"PELH","seims_desc":"PELHAM","source_vintage":"sbe_2006"},"geometry":{"type":"Point","coordinates":[-79.45415502815469,36.473473999511604]}},{"type":"Feature","properties":{"county_nam":"CASWELL","prec_id":"PROSPECT HILL","precinct_norm":"CASWELL - PROSPECT HILL","name":"Prospect Hill","label":"Prospect Hill","seims_code":"PROS","seims_desc":"PROSPECT HILL","source_vintage":"sbe_2006"},"geometry":{"type":"Point","coordinates":[-79.19763059111526,36.297332999602546]}},{"type":"Feature","properties":{"county_nam":"CASWELL","prec_id":"PROVIDENCE","precinct_norm":"CASWELL - PROVIDENCE","name":"Providence","label":"Providence","seims_code":"PROVI","seims_desc":"PROVIDENCE","source_vintage":"sbe_2006"},"geometry":{"type":"Point","coordinates":[-79.35949927503455,36.480956999479574]}},{"type":"Feature","properties":{"county_nam":"CASWELL","prec_id":"STONEY CREEK","precinct_norm":"CASWELL - STONEY CREEK","name":"Stoney Creek","label":"Stoney Creek","seims_code":"STON","seims_desc":"STONEY CREEK","source_vintage":"sbe_2006"},"geometry":{"type":"Point","coordinates":[-79.46065818693357,36.30131549951772]}},{"type":"Feature","properties":{"county_nam":"CASWELL","prec_id":"YANCEYVILLE 2 & 4","precinct_norm":"CASWELL - YANCEYVILLE 2 & 4","name":"Yanceyville 2 & 4","label":"Yanceyville 2 & 4","seims_code":"YAN2 & YAN4","seims_desc":"YANCEYVILLE 2 & 4","source_vintage":"sbe_2006"},"geometry":{"type":"Point","coordinates":[-79.33218661243959,36.362506999342756]}},{"type":"Feature","properties":{"county_nam":"CATAWBA","prec_id":"BALLS CREEK","precinct_norm":"CATAWBA - BALLS CREEK","name":"Balls Creek","label":"Balls Creek","seims_code":"01","seims_desc":"BALLS CREEK","source_vintage":"sbe_2006"},"geometry":{"type":"Point","coordinates":[-81.10503353675682,35.61760449869564]}},{"type":"Feature","properties":{"county_nam":"CATAWBA","prec_id":"BANOAK","precinct_norm":"CATAWBA - BANOAK","name":"Banoak","label":"Banoak","seims_code":"02","seims_desc":"BANOAK","source_vintage":"sbe_2006"},"geometry":{"type":"Point","coordinates":[-81.45597566328055,35.6023154990058]}},{"type":"Feature","properties":{"county_nam":"CATAWBA","prec_id":"BLACKBURN","precinct_norm":"CATAWBA - BLACKBURN","name":"Blackburn","label":"Blackburn","seims_code":"03","seims_desc":"BLACKBURN","source_vintage":"sbe_2006"},"geometry":{"type":"Point","coordinates":[-81.33890445476531,35.6048864985336]}},{"type":"Feature","properties":{"county_nam":"CATAWBA","prec_id":"BROOKFORD","precinct_norm":"CATAWBA - BROOKFORD","name":"Brookford","label":"Brookford","seims_code":"04","seims_desc":"BROOKFORD","source_vintage":"sbe_2006"},"geometry":{"type":"Point","coordinates":[-81.33736379954684,35.703058500207035]}},{"type":"Feature","properties":{"county_nam":"CATAWBA","prec_id":"CATAWBA","precinct_norm":"CATAWBA - CATAWBA","name":"Catawba","label":"Catawba","seims_code":"05","seims_desc":"CATAWBA","source_vintage":"sbe_2006"},"geometry":{"type":"Point","coordinates":[-81.10055873290428,35.69232400232555]}},{"type":"Feature","properties":{"county_nam":"CATAWBA","prec_id":"CLAREMONT","precinct_norm":"CATAWBA - CLAREMONT","name":"Claremont","label":"Claremont","seims_code":"06","seims_desc":"CLAREMONT","source_vintage":"sbe_2006"},"geometry":{"type":"Point","coordinates":[-81.1539966878637,35.71832600012688]}},{"type":"Feature","properties":{"county_nam":"CATAWBA","prec_id":"COLLEGE PARK","precinct_norm":"CATAWBA - COLLEGE PARK","name":"College Park","label":"College Park","seims_code":"11","seims_desc":"COLLEGE PARK","source_vintage":"sbe_2006"},"geometry":{"type":"Point","coordinates":[-81.33159962419953,35.73905699936087]}},{"type":"Feature","properties":{"county_nam":"CATAWBA","prec_id":"CONOVER EAST","precinct_norm":"CATAWBA - CONOVER EAST","name":"Conover East","label":"Conover East","seims_code":"08","seims_desc":"CONOVER EAST","source_vintage":"sbe_2006"},"geometry":{"type":"Point","coordinates":[-81.20239956362676,35.70851500005935]}},{"type":"Feature","properties":{"county_nam":"CATAWBA","prec_id":"CONOVER WEST","precinct_norm":"CATAWBA - CONOVER WEST","name":"Conover West","label":"Conover West","seims_code":"07","seims_desc":"CONOVER WEST","source_vintage":"sbe_2006"},"geometry":{"type":"Point","coordinates":[-81.22804820124799,35.72367150161155]}},{"type":"Feature","properties":{"county_nam":"CATAWBA","prec_id":"FALLING CREEK","precinct_norm":"CATAWBA - FALLING CREEK","name":"Falling Creek","label":"Falling Creek","seims_code":"38","seims_desc":"FALLING CREEK","source_vintage":"sbe_2006"},"geometry":{"type":"Point","coordinates":[-81.30608945439116,35.785806999015264]}},{"type":"Feature","properties":{"county_nam":"CATAWBA","prec_id":"GREENMONT","precinct_norm":"CATAWBA - GREENMONT","name":"Greenmont","label":"Greenmont","seims_code":"13","seims_desc":"GREENMONT","source_vintage":"sbe_2006"},"geometry":{"type":"Point","coordinates":[-81.36451131334667,35.73758249915787]}},{"type":"Feature","properties":{"county_nam":"CATAWBA","prec_id":"HIGHLAND","precinct_norm":"CATAWBA - HIGHLAND","name":"Highland","label":"Highland","seims_code":"16","seims_desc":"HIGHLAND","source_vintage":"sbe_2006"},"geometry":{"type":"Point","coordinates":[-81.31516396312298,35.74626250130753]}},{"type":"Feature","properties":{"county_nam":"CATAWBA","prec_id":"KENWORTH","precinct_norm":"CATAWBA - KENWORTH","name":"Kenworth","label":"Kenworth","seims_code":"12","seims_desc":"KENWORTH","source_vintage":"sbe_2006"},"geometry":{"type":"Point","coordinates":[-81.32580163851432,35.72510000031836]}},{"type":"Feature","properties":{"county_nam":"CATAWBA","prec_id":"LAKE NORMAN","precinct_norm":"CATAWBA - LAKE NORMAN","name":"Lake Norman","label":"Lake Norman","seims_code":"41","seims_desc":"LAKE NORMAN","source_vintage":"sbe_2006"},"geometry":{"type":"Point","coordinates":[-80.97843738747687,35.57678650032392]}},{"type":"Feature","properties":{"county_nam":"CATAWBA","prec_id":"LONGVIEW NORTH","precinct_norm":"CATAWBA - LONGVIEW NORTH","name":"Longview North","label":"Longview North","seims_code":"17","seims_desc":"LONGVIEW NORTH","source_vintage":"sbe_2006"},"geometry":{"type":"Point","coordinates":[-81.379140229898,35.73648149974821]}},{"type":"Feature","properties":{"county_nam":"CATAWBA","prec_id":"LONGVIEW SOUTH","precinct_norm":"CATAWBA - LONGVIEW SOUTH","name":"Longview South","label":"Longview South","seims_code":"19","seims_desc":"LONGVIEW SOUTH","source_vintage":"sbe_2006"},"geometry":{"type":"Point","coordinates":[-81.39252459398969,35.702886499480314]}},{"type":"Feature","properties":{"county_nam":"CATAWBA","prec_id":"MAIDEN","precinct_norm":"CATAWBA - MAIDEN","name":"Maiden","label":"Maiden","seims_code":"20","seims_desc":"MAIDEN","source_vintage":"sbe_2006"},"geometry":{"type":"Point","coordinates":[-81.21025528893861,35.59747949914664]}},{"type":"Feature","properties":{"county_nam":"CATAWBA","prec_id":"MAIDEN EAST","precinct_norm":"CATAWBA - MAIDEN EAST","name":"Maiden East","label":"Maiden East","seims_code":"09","seims_desc":"EAST MAIDEN","source_vintage":"sbe_2006"},"geometry":{"type":"Point","coordinates":[-81.15765799410461,35.58870850020281]}},{"type":"Feature","properties":{"county_nam":"CATAWBA","prec_id":"MONOGRAM","precinct_norm":"CATAWBA - MONOGRAM","name":"Monogram","label":"Monogram","seims_code":"21","seims_desc":"MONOGRAM","source_vintage":"sbe_2006"},"geometry":{"type":"Point","coordinates":[-81.01718700669065,35.673044001541015]}},{"type":"Feature","properties":{"county_nam":"CATAWBA","prec_id":"MOUNT OLIVE","precinct_norm":"CATAWBA - MOUNT OLIVE","name":"Mount Olive","label":"Mount Olive","seims_code":"22","seims_desc":"MOUNT OLIVE","source_vintage":"sbe_2006"},"geometry":{"type":"Point","coordinates":[-81.17986827771632,35.6703825003087]}},{"type":"Feature","properties":{"county_nam":"CATAWBA","prec_id":"MOUNTAIN VIEW 1","precinct_norm":"CATAWBA - MOUNTAIN VIEW 1","name":"Mountain View 1","label":"Mountain View 1","seims_code":"23","seims_desc":"MOUNTAIN VIEW #1","source_vintage":"sbe_2006"},"geometry":{"type":"Point","coordinates":[-81.33687181462012,35.6680270021037]}},{"type":"Feature","properties":{"county_nam":"CATAWBA","prec_id":"MOUNTAIN VIEW 2","precinct_norm":"CATAWBA - MOUNTAIN VIEW 2","name":"Mountain View 2","label":"Mountain View 2","seims_code":"24","seims_desc":"MOUNTAIN VIEW #2","source_vintage":"sbe_2006"},"geometry":{"type":"Point","coordinates":[-81.40455858337054,35.66758600348592]}},{"type":"Feature","properties":{"county_nam":"CATAWBA","prec_id":"NEWTON EAST","precinct_norm":"CATAWBA - NEWTON EAST","name":"Newton East","label":"Newton East","seims_code":"10","seims_desc":"EAST NEWTON","source_vintage":"sbe_2006"},"geometry":{"type":"Point","coordinates":[-81.21783415624364,35.664132500529306]}},{"type":"Feature","properties":{"county_nam":"CATAWBA","prec_id":"NEWTON NORTH","precinct_norm":"CATAWBA - NEWTON NORTH","name":"Newton North","label":"Newton North","seims_code":"25","seims_desc":"NORTH NEWTON","source_vintage":"sbe_2006"},"geometry":{"type":"Point","coordinates":[-81.226335166784,35.684287997820974]}},{"type":"Feature","properties":{"county_nam":"CATAWBA","prec_id":"NEWTON SOUTH","precinct_norm":"CATAWBA - NEWTON SOUTH","name":"Newton South","label":"Newton South","seims_code":"32","seims_desc":"SOUTH NEWTON","source_vintage":"sbe_2006"},"geometry":{"type":"Point","coordinates":[-81.20104335479553,35.63294149968608]}},{"type":"Feature","properties":{"county_nam":"CATAWBA","prec_id":"NEWTON WEST","precinct_norm":"CATAWBA - NEWTON WEST","name":"Newton West","label":"Newton West","seims_code":"40","seims_desc":"WEST NEWTON","source_vintage":"sbe_2006"},"geometry":{"type":"Point","coordinates":[-81.2448646520179,35.67459400037207]}},{"type":"Feature","properties":{"county_nam":"CATAWBA","prec_id":"NORTHWEST","precinct_norm":"CATAWBA - NORTHWEST","name":"Northwest","label":"Northwest","seims_code":"39","seims_desc":"NORTHWEST","source_vintage":"sbe_2006"},"geometry":{"type":"Point","coordinates":[-81.33380678098328,35.78656950089365]}},{"type":"Feature","properties":{"county_nam":"CATAWBA","prec_id":"OAKLAND HEIGHTS","precinct_norm":"CATAWBA - OAKLAND HEIGHTS","name":"Oakland Heights","label":"Oakland Heights","seims_code":"26","seims_desc":"OAKLAND HEIGHTS","source_vintage":"sbe_2006"},"geometry":{"type":"Point","coordinates":[-81.36104823419583,35.75710800112802]}},{"type":"Feature","properties":{"county_nam":"CATAWBA","prec_id":"OAKWOOD","precinct_norm":"CATAWBA - OAKWOOD","name":"Oakwood","label":"Oakwood","seims_code":"14","seims_desc":"OAKWOOD","source_vintage":"sbe_2006"},"geometry":{"type":"Point","coordinates":[-81.34887296365511,35.73988199763768]}},{"type":"Feature","properties":{"county_nam":"CATAWBA","prec_id":"OXFORD","precinct_norm":"CATAWBA - OXFORD","name":"Oxford","label":"Oxford","seims_code":"27","seims_desc":"OXFORD","source_vintage":"sbe_2006"},"geometry":{"type":"Point","coordinates":[-81.14891088240626,35.77716699997241]}},{"type":"Feature","properties":{"county_nam":"CATAWBA","prec_id":"RIDGEVIEW","precinct_norm":"CATAWBA - RIDGEVIEW","name":"Ridgeview","label":"Ridgeview","seims_code":"15","seims_desc":"RIDGEVIEW","source_vintage":"sbe_2006"},"geometry":{"type":"Point","coordinates":[-81.34094254822125,35.72437550073447]}},{"type":"Feature","properties":{"county_nam":"CATAWBA","prec_id":"SANDY RIDGE","precinct_norm":"CATAWBA - SANDY RIDGE","name":"Sandy Ridge","label":"Sandy Ridge","seims_code":"30","seims_desc":"SANDY RIDGE","source_vintage":"sbe_2006"},"geometry":{"type":"Point","coordinates":[-81.28786624330509,35.762063999860814]}},{"type":"Feature","properties":{"county_nam":"CATAWBA","prec_id":"SHERRILLS FORD","precinct_norm":"CATAWBA - SHERRILLS FORD","name":"Sherrills Ford","label":"Sherrills Ford","seims_code":"31","seims_desc":"SHERRILLS FORD","source_vintage":"sbe_2006"},"geometry":{"type":"Point","coordinates":[-81.01256698714786,35.6032565008029]}},{"type":"Feature","properties":{"county_nam":"CATAWBA","prec_id":"SPRINGS","precinct_norm":"CATAWBA - SPRINGS","name":"Springs","label":"Springs","seims_code":"33","seims_desc":"SPRINGS","source_vintage":"sbe_2006"},"geometry":{"type":"Point","coordinates":[-81.2241769619998,35.77548450031938]}},{"type":"Feature","properties":{"county_nam":"CATAWBA","prec_id":"ST STEPHENS 1","precinct_norm":"CATAWBA - ST STEPHENS 1","name":"St Stephens 1","label":"St Stephens 1","seims_code":"28","seims_desc":"ST STEPHENS #1","source_vintage":"sbe_2006"},"geometry":{"type":"Point","coordinates":[-81.27397803515402,35.73968699907862]}},{"type":"Feature","properties":{"county_nam":"CATAWBA","prec_id":"ST STEPHENS 2","precinct_norm":"CATAWBA - ST STEPHENS 2","name":"St Stephens 2","label":"St Stephens 2","seims_code":"29","seims_desc":"ST STEPHENS #2","source_vintage":"sbe_2006"},"geometry":{"type":"Point","coordinates":[-81.2773361267259,35.78588699797612]}},{"type":"Feature","properties":{"county_nam":"CATAWBA","prec_id":"STARTOWN","precinct_norm":"CATAWBA - STARTOWN","name":"Startown","label":"Startown","seims_code":"34","seims_desc":"STARTOWN","source_vintage":"sbe_2006"},"geometry":{"type":"Point","coordinates":[-81.2647883885575,35.62591500090559]}},{"type":"Feature","properties":{"county_nam":"CATAWBA","prec_id":"SWEETWATER","precinct_norm":"CATAWBA - SWEETWATER","name":"Sweetwater","label":"Sweetwater","seims_code":"35","seims_desc":"SWEETWATER","source_vintage":"sbe_2006"},"geometry":{"type":"Point","coordinates":[-81.29414644980085,35.69744300079071]}},{"type":"Feature","properties":{"county_nam":"CATAWBA","prec_id":"VIEWMONT 1","precinct_norm":"CATAWBA - VIEWMONT 1","name":"Viewmont 1","label":"Viewmont 1","seims_code":"36","seims_desc":"VIEWMONT #1","source_vintage":"sbe_2006"},"geometry":{"type":"Point","coordinates":[-81.34413349868727,35.76078199987478]}},{"type":"Feature","properties":{"county_nam":"CATAWBA","prec_id":"VIEWMONT 2","precinct_norm":"CATAWBA - VIEWMONT 2","name":"Viewmont 2","label":"Viewmont 2","seims_code":"37","seims_desc":"VIEWMONT #2","source_vintage":"sbe_2006"},"geometry":{"type":"Point","coordinates":[-81.32234222997191,35.7590764999284]}},{"type":"Feature","properties":{"county_nam":"CHATHAM","prec_id":"ALBRIGHT","precinct_norm":"CHATHAM - ALBRIGHT","name":"Albright","label":"Albright","seims_code":"3","seims_desc":"ALBRIGHT","source_vintage":"sbe_2006"},"geometry":{"type":"Point","coordinates":[-79.45253249678674,35.805323998917196]}},{"type":"Feature","properties":{"county_nam":"CHATHAM","prec_id":"BENNETT","precinct_norm":"CHATHAM - BENNETT","name":"Bennett","label":"Bennett","seims_code":"6","seims_desc":"BENNETT","source_vintage":"sbe_2006"},"geometry":{"type":"Point","coordinates":[-79.51198409140352,35.57503249796551]}},{"type":"Feature","properties":{"county_nam":"CHATHAM","prec_id":"BONLEE","precinct_norm":"CHATHAM - BONLEE","name":"Bonlee","label":"Bonlee","seims_code":"9","seims_desc":"BONLEE","source_vintage":"sbe_2006"},"geometry":{"type":"Point","coordinates":[-79.43237696073686,35.63541999878541]}},{"type":"Feature","properties":{"county_nam":"CHATHAM","prec_id":"BYNUM","precinct_norm":"CHATHAM - BYNUM","name":"Bynum","label":"Bynum","seims_code":"15","seims_desc":"BYNUM","source_vintage":"sbe_2006"},"geometry":{"type":"Point","coordinates":[-79.12214529271724,35.7764885002434]}},{"type":"Feature","properties":{"county_nam":"CHATHAM","prec_id":"GOLDSTON","precinct_norm":"CHATHAM - GOLDSTON","name":"Goldston","label":"Goldston","seims_code":"18","seims_desc":"GOLDSTON","source_vintage":"sbe_2006"},"geometry":{"type":"Point","coordinates":[-79.32133464990638,35.5980870007474]}},{"type":"Feature","properties":{"county_nam":"CHATHAM","prec_id":"HADLEY","precinct_norm":"CHATHAM - HADLEY","name":"Hadley","label":"Hadley","seims_code":"21","seims_desc":"HADLEY","source_vintage":"sbe_2006"},"geometry":{"type":"Point","coordinates":[-79.27234397779054,35.806891999242424]}},{"type":"Feature","properties":{"county_nam":"CHATHAM","prec_id":"HARPERS CROSSROADS","precinct_norm":"CHATHAM - HARPERS CROSSROADS","name":"Harpers Crossroads","label":"Harpers Crossroads","seims_code":"24","seims_desc":"HARPERS CROSSROADS","source_vintage":"sbe_2006"},"geometry":{"type":"Point","coordinates":[-79.4370134372083,35.561290999161116]}},{"type":"Feature","properties":{"county_nam":"CHATHAM","prec_id":"HICKORY MOUNTAIN","precinct_norm":"CHATHAM - HICKORY MOUNTAIN","name":"Hickory Mountain","label":"Hickory Mountain","seims_code":"30","seims_desc":"HICKORY MOUNTAIN","source_vintage":"sbe_2006"},"geometry":{"type":"Point","coordinates":[-79.3137494122744,35.719681499640735]}},{"type":"Feature","properties":{"county_nam":"CHATHAM","prec_id":"NEW HOPE","precinct_norm":"CHATHAM - NEW HOPE","name":"New Hope","label":"New Hope","seims_code":"42","seims_desc":"NEW HOPE","source_vintage":"sbe_2006"},"geometry":{"type":"Point","coordinates":[-79.02603467769762,35.71802899973527]}},{"type":"Feature","properties":{"county_nam":"CHATHAM","prec_id":"OAKLAND","precinct_norm":"CHATHAM - OAKLAND","name":"Oakland","label":"Oakland","seims_code":"45","seims_desc":"OAKLAND","source_vintage":"sbe_2006"},"geometry":{"type":"Point","coordinates":[-79.19329794036143,35.614325999403704]}},{"type":"Feature","properties":{"county_nam":"CHATHAM","prec_id":"SILER CITY WEST","precinct_norm":"CHATHAM - SILER CITY WEST","name":"Siler City West","label":"Siler City West","seims_code":"85","seims_desc":"WEST SILER CITY","source_vintage":"sbe_2006"},"geometry":{"type":"Point","coordinates":[-79.50950457808376,35.706987999082784]}},{"type":"Feature","properties":{"county_nam":"CHATHAM","prec_id":"THREE RIVERS","precinct_norm":"CHATHAM - THREE RIVERS","name":"Three Rivers","label":"Three Rivers","seims_code":"20","seims_desc":"THREE RIVERS","source_vintage":"sbe_2006"},"geometry":{"type":"Point","coordinates":[-79.03396480306532,35.611070001015236]}},{"type":"Feature","properties":{"county_nam":"CHATHAM","prec_id":"WILLIAMS EAST","precinct_norm":"CHATHAM - WILLIAMS EAST","name":"Williams East","label":"Williams East","seims_code":"75","seims_desc":"EAST WILLIAMS","source_vintage":"sbe_2006"},"geometry":{"type":"Point","coordinates":[-78.95934507300652,35.82600549928425]}},{"type":"Feature","properties":{"county_nam":"CHATHAM","prec_id":"WILLIAMS WEST","precinct_norm":"CHATHAM - WILLIAMS WEST","name":"Williams West","label":"Williams West","seims_code":"78","seims_desc":"WEST WILLIAMS","source_vintage":"sbe_2006"},"geometry":{"type":"Point","coordinates":[-79.05673405814022,35.7764489991396]}},{"type":"Feature","properties":{"county_nam":"CHATHAM","prec_id":"EAST SILER CITY","precinct_norm":"CHATHAM - EAST SILER CITY","name":"East Siler City","label":"East Siler City","seims_code":"ESC114","seims_desc":"East Siler City","source_vintage":"sbe_2006"},"geometry":{"type":"Point","coordinates":[-79.42707804383022,35.71196349949494]}},{"type":"Feature","properties":{"county_nam":"CHATHAM","prec_id":"PITTSBORO","precinct_norm":"CHATHAM - PITTSBORO","name":"Pittsboro","label":"Pittsboro","seims_code":"PIT113","seims_desc":"Pittsboro","source_vintage":"sbe_2006"},"geometry":{"type":"Point","coordinates":[-79.17537287712992,35.72744299922846]}},{"type":"Feature","properties":{"county_nam":"CHATHAM","prec_id":"MANNS CHAPEL","precinct_norm":"CHATHAM - MANNS CHAPEL","name":"Manns Chapel","label":"Manns Chapel","seims_code":"MCH110","seims_desc":"Manns Chapel","source_vintage":"sbe_2006"},"geometry":{"type":"Point","coordinates":[-79.14797123235944,35.82959999991332]}},{"type":"Feature","properties":{"county_nam":"CHATHAM","prec_id":"NORTH WILLIAMS","precinct_norm":"CHATHAM - NORTH WILLIAMS","name":"North Williams","label":"North Williams","seims_code":"NWM117","seims_desc":"North Williams","source_vintage":"sbe_2006"},"geometry":{"type":"Point","coordinates":[-79.0458640958165,35.830389001232234]}},{"type":"Feature","properties":{"county_nam":"CHEROKEE","prec_id":"ANDREWS NORTH WARD","precinct_norm":"CHEROKEE - ANDREWS NORTH WARD","name":"Andrews North Ward","label":"Andrews North Ward","seims_code":"ANNW","seims_desc":"ANDREWS NORTH WARD","source_vintage":"sbe_2006"},"geometry":{"type":"Point","coordinates":[-83.83109347914328,35.21570849912954]}},{"type":"Feature","properties":{"county_nam":"CHEROKEE","prec_id":"ANDREWS SOUTH WARD","precinct_norm":"CHEROKEE - ANDREWS SOUTH WARD","name":"Andrews South Ward","label":"Andrews South Ward","seims_code":"ANSW","seims_desc":"ANDREWS SOUTH WARD","source_vintage":"sbe_2006"},"geometry":{"type":"Point","coordinates":[-83.80366397406141,35.17011599953519]}},{"type":"Feature","properties":{"county_nam":"CHEROKEE","prec_id":"BELLVIEW","precinct_norm":"CHEROKEE - BELLVIEW","name":"Bellview","label":"Bellview","seims_code":"BELL","seims_desc":"BELLVIEW","source_vintage":"sbe_2006"},"geometry":{"type":"Point","coordinates":[-84.07096762122907,35.0085870008853]}},{"type":"Feature","properties":{"county_nam":"CHEROKEE","prec_id":"BRASSTOWN & MURPHY SOUTH","precinct_norm":"CHEROKEE - BRASSTOWN & MURPHY SOUTH","name":"Brasstown & Murphy South","label":"Brasstown & Murphy South","seims_code":"BRAS & MURS","seims_desc":"BRASSTOWN & MURPHY SOUTH","source_vintage":"sbe_2006"},"geometry":{"type":"Point","coordinates":[-84.01195015887302,35.07784550085942]}},{"type":"Feature","properties":{"county_nam":"CHEROKEE","prec_id":"HANGING DOG & MURPHY NORTH","precinct_norm":"CHEROKEE - HANGING DOG & MURPHY NORTH","name":"Hanging Dog & Murphy North","label":"Hanging Dog & Murphy North","seims_code":"HANG & MURN","seims_desc":"HANGING DOG & MURPHY NORTH","source_vintage":"sbe_2006"},"geometry":{"type":"Point","coordinates":[-84.02544313106274,35.16830599920614]}},{"type":"Feature","properties":{"county_nam":"CHEROKEE","prec_id":"HIWASSEE DAM","precinct_norm":"CHEROKEE - HIWASSEE DAM","name":"Hiwassee Dam","label":"Hiwassee Dam","seims_code":"HIWA","seims_desc":"HIWASSEE DAM","source_vintage":"sbe_2006"},"geometry":{"type":"Point","coordinates":[-84.21183649893952,35.1029030028626]}},{"type":"Feature","properties":{"county_nam":"CHEROKEE","prec_id":"HOT HOUSE","precinct_norm":"CHEROKEE - HOT HOUSE","name":"Hot House","label":"Hot House","seims_code":"HOTH","seims_desc":"HOT HOUSE","source_vintage":"sbe_2006"},"geometry":{"type":"Point","coordinates":[-84.25201373109226,35.02978300032471]}},{"type":"Feature","properties":{"county_nam":"CHEROKEE","prec_id":"MARBLE","precinct_norm":"CHEROKEE - MARBLE","name":"Marble","label":"Marble","seims_code":"MARB","seims_desc":"MARBLE","source_vintage":"sbe_2006"},"geometry":{"type":"Point","coordinates":[-83.92212370495169,35.18305149888468]}},{"type":"Feature","properties":{"county_nam":"CHEROKEE","prec_id":"PEACHTREE","precinct_norm":"CHEROKEE - PEACHTREE","name":"Peachtree","label":"Peachtree","seims_code":"PCHT","seims_desc":"PEACHTREE","source_vintage":"sbe_2006"},"geometry":{"type":"Point","coordinates":[-83.94457412892191,35.09416450194516]}},{"type":"Feature","properties":{"county_nam":"CHEROKEE","prec_id":"TOPTON","precinct_norm":"CHEROKEE - TOPTON","name":"Topton","label":"Topton","seims_code":"TOPT","seims_desc":"TOPTON","source_vintage":"sbe_2006"},"geometry":{"type":"Point","coordinates":[-83.74221570681652,35.21465700053468]}},{"type":"Feature","properties":{"county_nam":"CHEROKEE","prec_id":"NOTLA","precinct_norm":"CHEROKEE - NOTLA","name":"Notla","label":"Notla","seims_code":"NOTL","seims_desc":"NOTLA","source_vintage":"sbe_2006"},"geometry":{"type":"Point","coordinates":[-84.11436652986663,35.04358599997709]}},{"type":"Feature","properties":{"county_nam":"CHEROKEE","prec_id":"BEAVERDAM","precinct_norm":"CHEROKEE - BEAVERDAM","name":"Beaverdam","label":"Beaverdam","seims_code":"BEAV","seims_desc":"BEAVERDAM","source_vintage":"sbe_2006"},"geometry":{"type":"Point","coordinates":[-84.17427840584426,35.17656549835699]}},{"type":"Feature","properties":{"county_nam":"CHOWAN","prec_id":"CENTER HILL","precinct_norm":"CHOWAN - CENTER HILL","name":"Center Hill","label":"Center Hill","seims_code":"4","seims_desc":"CENTER HILL","source_vintage":"sbe_2006"},"geometry":{"type":"Point","coordinates":[-76.62247828991354,36.19610149984928]}},{"type":"Feature","properties":{"county_nam":"CHOWAN","prec_id":"EDENTON EAST","precinct_norm":"CHOWAN - EDENTON EAST","name":"Edenton East","label":"Edenton East","seims_code":"1","seims_desc":"EAST EDENTON","source_vintage":"sbe_2006"},"geometry":{"type":"Point","coordinates":[-76.5831508135459,36.06451250023605]}},{"type":"Feature","properties":{"county_nam":"CHOWAN","prec_id":"EDENTON WEST","precinct_norm":"CHOWAN - EDENTON WEST","name":"Edenton West","label":"Edenton West","seims_code":"2","seims_desc":"WEST EDENTON","source_vintage":"sbe_2006"},"geometry":{"type":"Point","coordinates":[-76.65716283224609,36.06891800027361]}},{"type":"Feature","properties":{"county_nam":"CHOWAN","prec_id":"ROCKY HOCK","precinct_norm":"CHOWAN - ROCKY HOCK","name":"Rocky Hock","label":"Rocky Hock","seims_code":"3","seims_desc":"ROCKY HOCK","source_vintage":"sbe_2006"},"geometry":{"type":"Point","coordinates":[-76.69799842649975,36.17007499931589]}},{"type":"Feature","properties":{"county_nam":"CHOWAN","prec_id":"WARDVILLE","precinct_norm":"CHOWAN - WARDVILLE","name":"Wardville","label":"Wardville","seims_code":"5","seims_desc":"WARDVILLE","source_vintage":"sbe_2006"},"geometry":{"type":"Point","coordinates":[-76.63142458169867,36.28872300177554]}},{"type":"Feature","properties":{"county_nam":"CHOWAN","prec_id":"YEOPIM","precinct_norm":"CHOWAN - YEOPIM","name":"Yeopim","label":"Yeopim","seims_code":"6","seims_desc":"YEOPIM","source_vintage":"sbe_2006"},"geometry":{"type":"Point","coordinates":[-76.49231018057004,36.038851001004566]}},{"type":"Feature","properties":{"county_nam":"CLAY","prec_id":"BRASSTOWN","precinct_norm":"CLAY - BRASSTOWN","name":"Brasstown","label":"Brasstown","seims_code":"BRAS","seims_desc":"BRASSTOWN","source_vintage":"sbe_2006"},"geometry":{"type":"Point","coordinates":[-83.92986443632071,35.02838550023108]}},{"type":"Feature","properties":{"county_nam":"CLAY","prec_id":"HAYESVILLE 1","precinct_norm":"CLAY - HAYESVILLE 1","name":"Hayesville 1","label":"Hayesville 1","seims_code":"HAY1","seims_desc":"HAYESVILLE ONE","source_vintage":"sbe_2006"},"geometry":{"type":"Point","coordinates":[-83.81765132969267,35.066789498693225]}},{"type":"Feature","properties":{"county_nam":"CLAY","prec_id":"HAYESVILLE 2","precinct_norm":"CLAY - HAYESVILLE 2","name":"Hayesville 2","label":"Hayesville 2","seims_code":"HAY2","seims_desc":"HAYESVILLE TWO","source_vintage":"sbe_2006"},"geometry":{"type":"Point","coordinates":[-83.81485659005494,35.02125549958381]}},{"type":"Feature","properties":{"county_nam":"CLAY","prec_id":"HAYESVILLE CENTRAL","precinct_norm":"CLAY - HAYESVILLE CENTRAL","name":"Hayesville Central","label":"Hayesville Central","seims_code":"HAYC","seims_desc":"HAYESVILLE CENTRAL","source_vintage":"sbe_2006"},"geometry":{"type":"Point","coordinates":[-83.82941864223321,35.0348459987317]}},{"type":"Feature","properties":{"county_nam":"CLAY","prec_id":"HIAWASSEE","precinct_norm":"CLAY - HIAWASSEE","name":"Hiawassee","label":"Hiawassee","seims_code":"HIAW","seims_desc":"HIAWASSEE","source_vintage":"sbe_2006"},"geometry":{"type":"Point","coordinates":[-83.75485113732191,35.021527499880676]}},{"type":"Feature","properties":{"county_nam":"CLAY","prec_id":"SHOOTING CREEK","precinct_norm":"CLAY - SHOOTING CREEK","name":"Shooting Creek","label":"Shooting Creek","seims_code":"SHCR","seims_desc":"SHOOTING CREEK","source_vintage":"sbe_2006"},"geometry":{"type":"Point","coordinates":[-83.61285496400106,35.070159000585356]}},{"type":"Feature","properties":{"county_nam":"CLAY","prec_id":"SWEETWATER","precinct_norm":"CLAY - SWEETWATER","name":"Sweetwater","label":"Sweetwater","seims_code":"SWEE","seims_desc":"SWEETWATER","source_vintage":"sbe_2006"},"geometry":{"type":"Point","coordinates":[-83.88955820324841,35.06764250023229]}},{"type":"Feature","properties":{"county_nam":"CLAY","prec_id":"TUSQUITTEE","precinct_norm":"CLAY - TUSQUITTEE","name":"Tusquittee","label":"Tusquittee","seims_code":"TUSQ","seims_desc":"TUSQUITTEE","source_vintage":"sbe_2006"},"geometry":{"type":"Point","coordinates":[-83.75476507174177,35.10275299950478]}},{"type":"Feature","properties":{"county_nam":"CLAY","prec_id":"WARNE","precinct_norm":"CLAY - WARNE","name":"Warne","label":"Warne","seims_code":"WARN","seims_desc":"WARNE","source_vintage":"sbe_2006"},"geometry":{"type":"Point","coordinates":[-83.8948865288751,35.00960100089834]}},{"type":"Feature","properties":{"county_nam":"CLEVELAND","prec_id":"BETHWARE","precinct_norm":"CLEVELAND - BETHWARE","name":"Bethware","label":"Bethware","seims_code":"BETHWR","seims_desc":"BETHWARE","source_vintage":"sbe_2006"},"geometry":{"type":"Point","coordinates":[-81.43352329745014,35.229348001201224]}},{"type":"Feature","properties":{"county_nam":"CLEVELAND","prec_id":"BOILING SPRINGS","precinct_norm":"CLEVELAND - BOILING SPRINGS","name":"Boiling Springs","label":"Boiling Springs","seims_code":"B SPGS","seims_desc":"BOILING SPRINGS","source_vintage":"sbe_2006"},"geometry":{"type":"Point","coordinates":[-81.65944516540927,35.239744500343136]}},{"type":"Feature","properties":{"county_nam":"CLEVELAND","prec_id":"CASAR","precinct_norm":"CLEVELAND - CASAR","name":"Casar","label":"Casar","seims_code":"CASAR","seims_desc":"CASAR","source_vintage":"sbe_2006"},"geometry":{"type":"Point","coordinates":[-81.64394987190335,35.529896999505524]}},{"type":"Feature","properties":{"county_nam":"CLEVELAND","prec_id":"FALLSTON","precinct_norm":"CLEVELAND - FALLSTON","name":"Fallston","label":"Fallston","seims_code":"FALSTN","seims_desc":"FALLSTON","source_vintage":"sbe_2006"},"geometry":{"type":"Point","coordinates":[-81.49253698624301,35.41567899879611]}},{"type":"Feature","properties":{"county_nam":"CLEVELAND","prec_id":"GROVER","precinct_norm":"CLEVELAND - GROVER","name":"Grover","label":"Grover","seims_code":"GROVER","seims_desc":"GROVER","source_vintage":"sbe_2006"},"geometry":{"type":"Point","coordinates":[-81.44009462619078,35.194913999356075]}},{"type":"Feature","properties":{"county_nam":"CLEVELAND","prec_id":"HOLLY SPRINGS","precinct_norm":"CLEVELAND - HOLLY SPRINGS","name":"Holly Springs","label":"Holly Springs","seims_code":"H SPGS","seims_desc":"HOLLY SPRINGS","source_vintage":"sbe_2006"},"geometry":{"type":"Point","coordinates":[-81.70511765795726,35.19796449999705]}},{"type":"Feature","properties":{"county_nam":"CLEVELAND","prec_id":"KINGS MOUNTAIN 1","precinct_norm":"CLEVELAND - KINGS MOUNTAIN 1","name":"Kings Mountain 1","label":"Kings Mountain 1","seims_code":"KM 1","seims_desc":"KINGS MOUNTAIN #1","source_vintage":"sbe_2006"},"geometry":{"type":"Point","coordinates":[-81.37264868088575,35.27628199884725]}},{"type":"Feature","properties":{"county_nam":"CLEVELAND","prec_id":"KINGS MOUNTAIN 2","precinct_norm":"CLEVELAND - KINGS MOUNTAIN 2","name":"Kings Mountain 2","label":"Kings Mountain 2","seims_code":"KM 2","seims_desc":"KINGS MOUNTAIN #2","source_vintage":"sbe_2006"},"geometry":{"type":"Point","coordinates":[-81.36911816111282,35.248650499709484]}},{"type":"Feature","properties":{"county_nam":"CLEVELAND","prec_id":"KINGS MOUNTAIN 3","precinct_norm":"CLEVELAND - KINGS MOUNTAIN 3","name":"Kings Mountain 3","label":"Kings Mountain 3","seims_code":"KM 3","seims_desc":"KINGS MOUNTAIN #3","source_vintage":"sbe_2006"},"geometry":{"type":"Point","coordinates":[-81.3766848105897,35.22143749878548]}},{"type":"Feature","properties":{"county_nam":"CLEVELAND","prec_id":"KINGS MOUNTAIN 4","precinct_norm":"CLEVELAND - KINGS MOUNTAIN 4","name":"Kings Mountain 4","label":"Kings Mountain 4","seims_code":"KM 4","seims_desc":"KINGS MOUNTAIN #4","source_vintage":"sbe_2006"},"geometry":{"type":"Point","coordinates":[-81.35596997160206,35.20252049949853]}},{"type":"Feature","properties":{"county_nam":"CLEVELAND","prec_id":"KINGSTOWN","precinct_norm":"CLEVELAND - KINGSTOWN","name":"Kingstown","label":"Kingstown","seims_code":"KINGST","seims_desc":"KINGSTOWN","source_vintage":"sbe_2006"},"geometry":{"type":"Point","coordinates":[-81.61975576236517,35.353064000118664]}},{"type":"Feature","properties":{"county_nam":"CLEVELAND","prec_id":"LATTIMORE","precinct_norm":"CLEVELAND - LATTIMORE","name":"Lattimore","label":"Lattimore","seims_code":"LATT","seims_desc":"LATTIMORE","source_vintage":"sbe_2006"},"geometry":{"type":"Point","coordinates":[-81.64289629759949,35.3237835007058]}},{"type":"Feature","properties":{"county_nam":"CLEVELAND","prec_id":"LAWNDALE","precinct_norm":"CLEVELAND - LAWNDALE","name":"Lawndale","label":"Lawndale","seims_code":"LAWNDL","seims_desc":"LAWNDALE","source_vintage":"sbe_2006"},"geometry":{"type":"Point","coordinates":[-81.55456635053011,35.41691550078434]}},{"type":"Feature","properties":{"county_nam":"CLEVELAND","prec_id":"MOORESBORO-YOUNG","precinct_norm":"CLEVELAND - MOORESBORO-YOUNG","name":"Mooresboro-Young","label":"Mooresboro-Young","seims_code":"MRB-YO","seims_desc":"MOORESBORO-YOUNG","source_vintage":"sbe_2006"},"geometry":{"type":"Point","coordinates":[-81.71010501683651,35.2790084999409]}},{"type":"Feature","properties":{"county_nam":"CLEVELAND","prec_id":"MULLS","precinct_norm":"CLEVELAND - MULLS","name":"Mulls","label":"Mulls","seims_code":"MULLS","seims_desc":"MULLS","source_vintage":"sbe_2006"},"geometry":{"type":"Point","coordinates":[-81.54337108745464,35.50393300015398]}},{"type":"Feature","properties":{"county_nam":"CLEVELAND","prec_id":"OAK GROVE","precinct_norm":"CLEVELAND - OAK GROVE","name":"Oak Grove","label":"Oak Grove","seims_code":"OAKGRV","seims_desc":"OAK GROVE","source_vintage":"sbe_2006"},"geometry":{"type":"Point","coordinates":[-81.41762472808944,35.291553002527564]}},{"type":"Feature","properties":{"county_nam":"CLEVELAND","prec_id":"POLKVILLE","precinct_norm":"CLEVELAND - POLKVILLE","name":"Polkville","label":"Polkville","seims_code":"POLKVL","seims_desc":"POLKVILLE","source_vintage":"sbe_2006"},"geometry":{"type":"Point","coordinates":[-81.64140868462958,35.4268834989779]}},{"type":"Feature","properties":{"county_nam":"CLEVELAND","prec_id":"RIPPY","precinct_norm":"CLEVELAND - RIPPY","name":"Rippy","label":"Rippy","seims_code":"RIPPY","seims_desc":"RIPPY","source_vintage":"sbe_2006"},"geometry":{"type":"Point","coordinates":[-81.52297927794223,35.21330749993984]}},{"type":"Feature","properties":{"county_nam":"CLEVELAND","prec_id":"SHANGHAI","precinct_norm":"CLEVELAND - SHANGHAI","name":"Shanghai","label":"Shanghai","seims_code":"SHANGI","seims_desc":"SHANGHAI","source_vintage":"sbe_2006"},"geometry":{"type":"Point","coordinates":[-81.5989673274053,35.234050500776675]}},{"type":"Feature","properties":{"county_nam":"CLEVELAND","prec_id":"SHELBY 1","precinct_norm":"CLEVELAND - SHELBY 1","name":"Shelby 1","label":"Shelby 1","seims_code":"S 1","seims_desc":"SHELBY #1","source_vintage":"sbe_2006"},"geometry":{"type":"Point","coordinates":[-81.51283145144703,35.29822899976017]}},{"type":"Feature","properties":{"county_nam":"CLEVELAND","prec_id":"SHELBY 2","precinct_norm":"CLEVELAND - SHELBY 2","name":"Shelby 2","label":"Shelby 2","seims_code":"S 2","seims_desc":"SHELBY #2","source_vintage":"sbe_2006"},"geometry":{"type":"Point","coordinates":[-81.51645995330367,35.284135001039644]}},{"type":"Feature","properties":{"county_nam":"CLEVELAND","prec_id":"SHELBY 3","precinct_norm":"CLEVELAND - SHELBY 3","name":"Shelby 3","label":"Shelby 3","seims_code":"S 3","seims_desc":"SHELBY #3","source_vintage":"sbe_2006"},"geometry":{"type":"Point","coordinates":[-81.55284632280885,35.29160649956731]}},{"type":"Feature","properties":{"county_nam":"CLEVELAND","prec_id":"SHELBY 4","precinct_norm":"CLEVELAND - SHELBY 4","name":"Shelby 4","label":"Shelby 4","seims_code":"S 4","seims_desc":"SHELBY #4","source_vintage":"sbe_2006"},"geometry":{"type":"Point","coordinates":[-81.56032403979113,35.334744002154764]}},{"type":"Feature","properties":{"county_nam":"CLEVELAND","prec_id":"SHELBY 5","precinct_norm":"CLEVELAND - SHELBY 5","name":"Shelby 5","label":"Shelby 5","seims_code":"S 5","seims_desc":"SHELBY #5","source_vintage":"sbe_2006"},"geometry":{"type":"Point","coordinates":[-81.48133851090927,35.31439650083037]}},{"type":"Feature","properties":{"county_nam":"CLEVELAND","prec_id":"SHELBY 6","precinct_norm":"CLEVELAND - SHELBY 6","name":"Shelby 6","label":"Shelby 6","seims_code":"S 6","seims_desc":"SHELBY #6","source_vintage":"sbe_2006"},"geometry":{"type":"Point","coordinates":[-81.51784661750492,35.256961998323504]}},{"type":"Feature","properties":{"county_nam":"CLEVELAND","prec_id":"SHELBY 7","precinct_norm":"CLEVELAND - SHELBY 7","name":"Shelby 7","label":"Shelby 7","seims_code":"S 7","seims_desc":"SHELBY #7","source_vintage":"sbe_2006"},"geometry":{"type":"Point","coordinates":[-81.56295366357098,35.27394799974632]}},{"type":"Feature","properties":{"county_nam":"CLEVELAND","prec_id":"SHELBY 8","precinct_norm":"CLEVELAND - SHELBY 8","name":"Shelby 8","label":"Shelby 8","seims_code":"S 8","seims_desc":"SHELBY #8","source_vintage":"sbe_2006"},"geometry":{"type":"Point","coordinates":[-81.51883997737377,35.3372469971474]}},{"type":"Feature","properties":{"county_nam":"CLEVELAND","prec_id":"WACO","precinct_norm":"CLEVELAND - WACO","name":"Waco","label":"Waco","seims_code":"WACO","seims_desc":"WACO","source_vintage":"sbe_2006"},"geometry":{"type":"Point","coordinates":[-81.43543519904117,35.349196999566004]}},{"type":"Feature","properties":{"county_nam":"COLUMBUS","prec_id":"BOGUE","precinct_norm":"COLUMBUS - BOGUE","name":"Bogue","label":"Bogue","seims_code":"P01","seims_desc":"BOGUE","source_vintage":"sbe_2006"},"geometry":{"type":"Point","coordinates":[-78.60509754785164,34.28313299978524]}},{"type":"Feature","properties":{"county_nam":"COLUMBUS","prec_id":"BOLTON","precinct_norm":"COLUMBUS - BOLTON","name":"Bolton","label":"Bolton","seims_code":"P02","seims_desc":"BOLTON","source_vintage":"sbe_2006"},"geometry":{"type":"Point","coordinates":[-78.40973920966698,34.257268000656765]}},{"type":"Feature","properties":{"county_nam":"COLUMBUS","prec_id":"BUG HILL 1","precinct_norm":"COLUMBUS - BUG HILL 1","name":"Bug Hill 1","label":"Bug Hill 1","seims_code":"P03","seims_desc":"BUG HILL 1","source_vintage":"sbe_2006"},"geometry":{"type":"Point","coordinates":[-78.68241037883638,34.00716149981849]}},{"type":"Feature","properties":{"county_nam":"COLUMBUS","prec_id":"BUG HILL 2","precinct_norm":"COLUMBUS - BUG HILL 2","name":"Bug Hill 2","label":"Bug Hill 2","seims_code":"P04","seims_desc":"BUG HILL 2","source_vintage":"sbe_2006"},"geometry":{"type":"Point","coordinates":[-78.74992636627309,34.055778997980426]}},{"type":"Feature","properties":{"county_nam":"COLUMBUS","prec_id":"BUG HILL 3","precinct_norm":"COLUMBUS - BUG HILL 3","name":"Bug Hill 3","label":"Bug Hill 3","seims_code":"P05","seims_desc":"BUG HILL 3","source_vintage":"sbe_2006"},"geometry":{"type":"Point","coordinates":[-78.62140624537463,34.06336100043646]}},{"type":"Feature","properties":{"county_nam":"COLUMBUS","prec_id":"CERRO GORDO","precinct_norm":"COLUMBUS - CERRO GORDO","name":"Cerro Gordo","label":"Cerro Gordo","seims_code":"P06","seims_desc":"CERRO GORDO","source_vintage":"sbe_2006"},"geometry":{"type":"Point","coordinates":[-78.93065824969531,34.31778699891172]}},{"type":"Feature","properties":{"county_nam":"COLUMBUS","prec_id":"CHADBOURN","precinct_norm":"COLUMBUS - CHADBOURN","name":"Chadbourn","label":"Chadbourn","seims_code":"P07","seims_desc":"CHADBOURN","source_vintage":"sbe_2006"},"geometry":{"type":"Point","coordinates":[-78.83913245908009,34.32071299995102]}},{"type":"Feature","properties":{"county_nam":"COLUMBUS","prec_id":"CHERRY GROVE","precinct_norm":"COLUMBUS - CHERRY GROVE","name":"Cherry Grove","label":"Cherry Grove","seims_code":"P08","seims_desc":"CHERRY GROVE","source_vintage":"sbe_2006"},"geometry":{"type":"Point","coordinates":[-78.9259157637151,34.242297501245474]}},{"type":"Feature","properties":{"county_nam":"COLUMBUS","prec_id":"FAIR BLUFF","precinct_norm":"COLUMBUS - FAIR BLUFF","name":"Fair Bluff","label":"Fair Bluff","seims_code":"P09","seims_desc":"FAIR BLUFF","source_vintage":"sbe_2006"},"geometry":{"type":"Point","coordinates":[-79.0151656504649,34.2910279969515]}},{"type":"Feature","properties":{"county_nam":"COLUMBUS","prec_id":"LEES EAST","precinct_norm":"COLUMBUS - LEES EAST","name":"Lees East","label":"Lees East","seims_code":"P10","seims_desc":"EAST LEES","source_vintage":"sbe_2006"},"geometry":{"type":"Point","coordinates":[-78.6037155882733,34.15477599802979]}},{"type":"Feature","properties":{"county_nam":"COLUMBUS","prec_id":"LEES NORTH","precinct_norm":"COLUMBUS - LEES NORTH","name":"Lees North","label":"Lees North","seims_code":"P11","seims_desc":"NORTH LEES","source_vintage":"sbe_2006"},"geometry":{"type":"Point","coordinates":[-78.68672642096433,34.23085799879608]}},{"type":"Feature","properties":{"county_nam":"COLUMBUS","prec_id":"LEES SOUTH","precinct_norm":"COLUMBUS - LEES SOUTH","name":"Lees South","label":"Lees South","seims_code":"P12","seims_desc":"SOUTH LEES","source_vintage":"sbe_2006"},"geometry":{"type":"Point","coordinates":[-78.52183574395733,34.19996700045748]}},{"type":"Feature","properties":{"county_nam":"COLUMBUS","prec_id":"LEES WEST","precinct_norm":"COLUMBUS - LEES WEST","name":"Lees West","label":"Lees West","seims_code":"P13","seims_desc":"WEST LEES","source_vintage":"sbe_2006"},"geometry":{"type":"Point","coordinates":[-78.66463694414449,34.137702500151576]}},{"type":"Feature","properties":{"county_nam":"COLUMBUS","prec_id":"RANSOM","precinct_norm":"COLUMBUS - RANSOM","name":"Ransom","label":"Ransom","seims_code":"P14","seims_desc":"RANSOM","source_vintage":"sbe_2006"},"geometry":{"type":"Point","coordinates":[-78.26289910852678,34.30360900108222]}},{"type":"Feature","properties":{"county_nam":"COLUMBUS","prec_id":"TATUM","precinct_norm":"COLUMBUS - TATUM","name":"Tatum","label":"Tatum","seims_code":"P15","seims_desc":"TATUM","source_vintage":"sbe_2006"},"geometry":{"type":"Point","coordinates":[-78.8804420109079,34.402995502200596]}},{"type":"Feature","properties":{"county_nam":"COLUMBUS","prec_id":"WACCAMAW","precinct_norm":"COLUMBUS - WACCAMAW","name":"Waccamaw","label":"Waccamaw","seims_code":"P16","seims_desc":"WACCAMAW","source_vintage":"sbe_2006"},"geometry":{"type":"Point","coordinates":[-78.49346997728648,34.34006050119548]}},{"type":"Feature","properties":{"county_nam":"COLUMBUS","prec_id":"WELCHES CREEK","precinct_norm":"COLUMBUS - WELCHES CREEK","name":"Welches Creek","label":"Welches Creek","seims_code":"P17","seims_desc":"WELCHES CREEK","source_vintage":"sbe_2006"},"geometry":{"type":"Point","coordinates":[-78.64368472203523,34.400906499382515]}},{"type":"Feature","properties":{"county_nam":"COLUMBUS","prec_id":"WESTERN PRONG","precinct_norm":"COLUMBUS - WESTERN PRONG","name":"Western Prong","label":"Western Prong","seims_code":"P18","seims_desc":"WESTERN PRONG","source_vintage":"sbe_2006"},"geometry":{"type":"Point","coordinates":[-78.73599634893993,34.44229699992195]}},{"type":"Feature","properties":{"county_nam":"COLUMBUS","prec_id":"WHITEVILLE NORTH","precinct_norm":"COLUMBUS - WHITEVILLE NORTH","name":"Whiteville North","label":"Whiteville North","seims_code":"P21","seims_desc":"NORTH WHITEVILLE","source_vintage":"sbe_2006"},"geometry":{"type":"Point","coordinates":[-78.75284365936892,34.39110000036341]}},{"type":"Feature","properties":{"county_nam":"COLUMBUS","prec_id":"WHITEVILLE SOUTH","precinct_norm":"COLUMBUS - WHITEVILLE SOUTH","name":"Whiteville South","label":"Whiteville South","seims_code":"P22","seims_desc":"SOUTH WHITEVILLE","source_vintage":"sbe_2006"},"geometry":{"type":"Point","coordinates":[-78.75736462747068,34.27795850038887]}},{"type":"Feature","properties":{"county_nam":"COLUMBUS","prec_id":"WHITEVILLE WEST","precinct_norm":"COLUMBUS - WHITEVILLE WEST","name":"Whiteville West","label":"Whiteville West","seims_code":"P23","seims_desc":"WEST WHITEVILLE","source_vintage":"sbe_2006"},"geometry":{"type":"Point","coordinates":[-78.75546015455922,34.34330900063909]}},{"type":"Feature","properties":{"county_nam":"COLUMBUS","prec_id":"WILLIAMS 1","precinct_norm":"COLUMBUS - WILLIAMS 1","name":"Williams 1","label":"Williams 1","seims_code":"P24","seims_desc":"WILLIAMS 1","source_vintage":"sbe_2006"},"geometry":{"type":"Point","coordinates":[-78.8299448030933,34.21213599842082]}},{"type":"Feature","properties":{"county_nam":"COLUMBUS","prec_id":"WILLIAMS 2","precinct_norm":"COLUMBUS - WILLIAMS 2","name":"Williams 2","label":"Williams 2","seims_code":"P25","seims_desc":"WILLIAMS 2","source_vintage":"sbe_2006"},"geometry":{"type":"Point","coordinates":[-78.77918724268503,34.15899350024924]}},{"type":"Feature","properties":{"county_nam":"COLUMBUS","prec_id":"WILLIAMS SOUTH","precinct_norm":"COLUMBUS - WILLIAMS SOUTH","name":"Williams South","label":"Williams South","seims_code":"P26","seims_desc":"SOUTH WILLIAMS","source_vintage":"sbe_2006"},"geometry":{"type":"Point","coordinates":[-78.8205919227343,34.13642149961528]}},{"type":"Feature","properties":{"county_nam":"COLUMBUS","prec_id":"WHITEVILLE 1","precinct_norm":"COLUMBUS - WHITEVILLE 1","name":"Whiteville 1","label":"Whiteville 1","seims_code":"P19","seims_desc":"WHITEVILLE 1","source_vintage":"sbe_2006"},"geometry":{"type":"Point","coordinates":[-78.699445677407,34.33894350272551]}},{"type":"Feature","properties":{"county_nam":"COLUMBUS","prec_id":"WHITEVILLE 2","precinct_norm":"COLUMBUS - WHITEVILLE 2","name":"Whiteville 2","label":"Whiteville 2","seims_code":"P20","seims_desc":"WHITEVILLE 2","source_vintage":"sbe_2006"},"geometry":{"type":"Point","coordinates":[-78.70788160651205,34.312458999009735]}},{"type":"Feature","properties":{"county_nam":"CRAVEN","prec_id":"BRICES CREEK","precinct_norm":"CRAVEN - BRICES CREEK","name":"Brices Creek","label":"Brices Creek","seims_code":"21","seims_desc":"BRICES CREEK","source_vintage":"sbe_2006"},"geometry":{"type":"Point","coordinates":[-77.07450443911002,35.03957299857607]}},{"type":"Feature","properties":{"county_nam":"CRAVEN","prec_id":"BRIDGETON","precinct_norm":"CRAVEN - BRIDGETON","name":"Bridgeton","label":"Bridgeton","seims_code":"11","seims_desc":"BRIDGETON","source_vintage":"sbe_2006"},"geometry":{"type":"Point","coordinates":[-77.03685134562247,35.163148500657556]}},{"type":"Feature","properties":{"county_nam":"CRAVEN","prec_id":"CLARKS","precinct_norm":"CRAVEN - CLARKS","name":"Clarks","label":"Clarks","seims_code":"06","seims_desc":"CLARKS","source_vintage":"sbe_2006"},"geometry":{"type":"Point","coordinates":[-77.16539735706209,35.14828799893051]}},{"type":"Feature","properties":{"county_nam":"CRAVEN","prec_id":"COVE CITY","precinct_norm":"CRAVEN - COVE CITY","name":"Cove City","label":"Cove City","seims_code":"08","seims_desc":"COVE CITY","source_vintage":"sbe_2006"},"geometry":{"type":"Point","coordinates":[-77.33920620277239,35.203552003027085]}},{"type":"Feature","properties":{"county_nam":"CRAVEN","prec_id":"CROATAN","precinct_norm":"CRAVEN - CROATAN","name":"Croatan","label":"Croatan","seims_code":"17","seims_desc":"CROATAN","source_vintage":"sbe_2006"},"geometry":{"type":"Point","coordinates":[-77.01437094646593,34.95673999950347]}},{"type":"Feature","properties":{"county_nam":"CRAVEN","prec_id":"DOVER","precinct_norm":"CRAVEN - DOVER","name":"Dover","label":"Dover","seims_code":"09","seims_desc":"DOVER","source_vintage":"sbe_2006"},"geometry":{"type":"Point","coordinates":[-77.42939690185983,35.2384375001574]}},{"type":"Feature","properties":{"county_nam":"CRAVEN","prec_id":"EPWORTH","precinct_norm":"CRAVEN - EPWORTH","name":"Epworth","label":"Epworth","seims_code":"15","seims_desc":"EPWORTH","source_vintage":"sbe_2006"},"geometry":{"type":"Point","coordinates":[-77.27226759607943,35.330099499002046]}},{"type":"Feature","properties":{"county_nam":"CRAVEN","prec_id":"ERNUL","precinct_norm":"CRAVEN - ERNUL","name":"Ernul","label":"Ernul","seims_code":"13","seims_desc":"ERNUL","source_vintage":"sbe_2006"},"geometry":{"type":"Point","coordinates":[-77.03613901438786,35.277765000152726]}},{"type":"Feature","properties":{"county_nam":"CRAVEN","prec_id":"FAIRFIELD HARBOUR","precinct_norm":"CRAVEN - FAIRFIELD HARBOUR","name":"Fairfield Harbour","label":"Fairfield Harbour","seims_code":"20","seims_desc":"FAIRFIELD HARBOUR","source_vintage":"sbe_2006"},"geometry":{"type":"Point","coordinates":[-76.97459451529113,35.08354100051376]}},{"type":"Feature","properties":{"county_nam":"CRAVEN","prec_id":"FORT BARNWELL","precinct_norm":"CRAVEN - FORT BARNWELL","name":"Fort Barnwell","label":"Fort Barnwell","seims_code":"10","seims_desc":"FORT BARNWELL","source_vintage":"sbe_2006"},"geometry":{"type":"Point","coordinates":[-77.31865135114418,35.278356001266054]}},{"type":"Feature","properties":{"county_nam":"CRAVEN","prec_id":"GLENBURNIE PARK","precinct_norm":"CRAVEN - GLENBURNIE PARK","name":"Glenburnie Park","label":"Glenburnie Park","seims_code":"N5","seims_desc":"GLENBURNIE PARK","source_vintage":"sbe_2006"},"geometry":{"type":"Point","coordinates":[-77.0537307875157,35.13088400035355]}},{"type":"Feature","properties":{"county_nam":"CRAVEN","prec_id":"GRANTHAM 1","precinct_norm":"CRAVEN - GRANTHAM 1","name":"Grantham 1","label":"Grantham 1","seims_code":"16","seims_desc":"GRANTHAM 1A","source_vintage":"sbe_2006"},"geometry":{"type":"Point","coordinates":[-76.98412488349211,35.034968499700454]}},{"type":"Feature","properties":{"county_nam":"CRAVEN","prec_id":"GRANTHAM 2","precinct_norm":"CRAVEN - GRANTHAM 2","name":"Grantham 2","label":"Grantham 2","seims_code":"23","seims_desc":"GRANTHAM 2B","source_vintage":"sbe_2006"},"geometry":{"type":"Point","coordinates":[-77.0265643722989,35.041427997744236]}},{"type":"Feature","properties":{"county_nam":"CRAVEN","prec_id":"GROVER C. FIELDS","precinct_norm":"CRAVEN - GROVER C. FIELDS","name":"Grover C. Fields","label":"Grover C. Fields","seims_code":"N3","seims_desc":"GROVER C. FIELDS","source_vintage":"sbe_2006"},"geometry":{"type":"Point","coordinates":[-77.07456110782708,35.11976149921889]}},{"type":"Feature","properties":{"county_nam":"CRAVEN","prec_id":"H.J. MACDONALD","precinct_norm":"CRAVEN - H.J. MACDONALD","name":"H.J. Macdonald","label":"H.J. Macdonald","seims_code":"N4","seims_desc":"H.J. MACDONALD","source_vintage":"sbe_2006"},"geometry":{"type":"Point","coordinates":[-77.09525905109005,35.131606499515556]}},{"type":"Feature","properties":{"county_nam":"CRAVEN","prec_id":"HARLOWE","precinct_norm":"CRAVEN - HARLOWE","name":"Harlowe","label":"Harlowe","seims_code":"19","seims_desc":"HARLOWE","source_vintage":"sbe_2006"},"geometry":{"type":"Point","coordinates":[-76.76039480108392,34.913632997963646]}},{"type":"Feature","properties":{"county_nam":"CRAVEN","prec_id":"HAVELOCK EAST","precinct_norm":"CRAVEN - HAVELOCK EAST","name":"Havelock East","label":"Havelock East","seims_code":"18","seims_desc":"EAST HAVELOCK","source_vintage":"sbe_2006"},"geometry":{"type":"Point","coordinates":[-76.89621121700233,34.85644650029743]}},{"type":"Feature","properties":{"county_nam":"CRAVEN","prec_id":"HAVELOCK WEST","precinct_norm":"CRAVEN - HAVELOCK WEST","name":"Havelock West","label":"Havelock West","seims_code":"22","seims_desc":"WEST HAVELOCK","source_vintage":"sbe_2006"},"geometry":{"type":"Point","coordinates":[-76.98059735694612,34.89219650014358]}},{"type":"Feature","properties":{"county_nam":"CRAVEN","prec_id":"JASPER","precinct_norm":"CRAVEN - JASPER","name":"Jasper","label":"Jasper","seims_code":"07","seims_desc":"JASPER","source_vintage":"sbe_2006"},"geometry":{"type":"Point","coordinates":[-77.20110150125728,35.19249199919655]}},{"type":"Feature","properties":{"county_nam":"CRAVEN","prec_id":"NEW BERN WEST","precinct_norm":"CRAVEN - NEW BERN WEST","name":"New Bern West","label":"New Bern West","seims_code":"N6","seims_desc":"WEST NEW BERN","source_vintage":"sbe_2006"},"geometry":{"type":"Point","coordinates":[-77.10153242582692,35.10563099956172]}},{"type":"Feature","properties":{"county_nam":"CRAVEN","prec_id":"RHEMS","precinct_norm":"CRAVEN - RHEMS","name":"Rhems","label":"Rhems","seims_code":"04","seims_desc":"RHEMS","source_vintage":"sbe_2006"},"geometry":{"type":"Point","coordinates":[-77.17012849597913,35.09258199951603]}},{"type":"Feature","properties":{"county_nam":"CRAVEN","prec_id":"RIVER BEND","precinct_norm":"CRAVEN - RIVER BEND","name":"River Bend","label":"River Bend","seims_code":"05","seims_desc":"RIVER BEND","source_vintage":"sbe_2006"},"geometry":{"type":"Point","coordinates":[-77.15075547328654,35.07248700124012]}},{"type":"Feature","properties":{"county_nam":"CRAVEN","prec_id":"TRENT WOODS","precinct_norm":"CRAVEN - TRENT WOODS","name":"Trent Woods","label":"Trent Woods","seims_code":"03","seims_desc":"TRENT WOODS","source_vintage":"sbe_2006"},"geometry":{"type":"Point","coordinates":[-77.09824593231528,35.08249950010901]}},{"type":"Feature","properties":{"county_nam":"CRAVEN","prec_id":"TRUITT","precinct_norm":"CRAVEN - TRUITT","name":"Truitt","label":"Truitt","seims_code":"12","seims_desc":"TRUITT","source_vintage":"sbe_2006"},"geometry":{"type":"Point","coordinates":[-76.99601272656459,35.22601749964872]}},{"type":"Feature","properties":{"county_nam":"CRAVEN","prec_id":"VANCEBORO","precinct_norm":"CRAVEN - VANCEBORO","name":"Vanceboro","label":"Vanceboro","seims_code":"14","seims_desc":"VANCEBORO","source_vintage":"sbe_2006"},"geometry":{"type":"Point","coordinates":[-77.13910677725669,35.31488450004362]}},{"type":"Feature","properties":{"county_nam":"CRAVEN","prec_id":"FORT TOTTEN","precinct_norm":"CRAVEN - FORT TOTTEN","name":"Fort Totten","label":"Fort Totten","seims_code":"N2","seims_desc":"FORT TOTTEN","source_vintage":"sbe_2006"},"geometry":{"type":"Point","coordinates":[-77.06655379102665,35.10206499873098]}},{"type":"Feature","properties":{"county_nam":"CRAVEN","prec_id":"GEORGE STREET","precinct_norm":"CRAVEN - GEORGE STREET","name":"George Street","label":"George Street","seims_code":"N1","seims_desc":"GEORGE STREET","source_vintage":"sbe_2006"},"geometry":{"type":"Point","coordinates":[-77.05074560823928,35.099542499762116]}},{"type":"Feature","properties":{"county_nam":"CUMBERLAND","prec_id":"ALDERMAN","precinct_norm":"CUMBERLAND - ALDERMAN","name":"Alderman","label":"Alderman","seims_code":"AL51","seims_desc":"ALDERMAN","source_vintage":"sbe_2006"},"geometry":{"type":"Point","coordinates":[-78.8705176021236,34.881421999135426]}},{"type":"Feature","properties":{"county_nam":"CUMBERLAND","prec_id":"ARRAN HILLS","precinct_norm":"CUMBERLAND - ARRAN HILLS","name":"Arran Hills","label":"Arran Hills","seims_code":"AH49","seims_desc":"ARRAN HILLS","source_vintage":"sbe_2006"},"geometry":{"type":"Point","coordinates":[-78.98381567648504,35.02121800005302]}},{"type":"Feature","properties":{"county_nam":"CUMBERLAND","prec_id":"AUMAN","precinct_norm":"CUMBERLAND - AUMAN","name":"Auman","label":"Auman","seims_code":"AU50","seims_desc":"AUMAN","source_vintage":"sbe_2006"},"geometry":{"type":"Point","coordinates":[-79.04054407527946,35.028834000762686]}},{"type":"Feature","properties":{"county_nam":"CUMBERLAND","prec_id":"BLACK RIVER","precinct_norm":"CUMBERLAND - BLACK RIVER","name":"Black River","label":"Black River","seims_code":"BR54","seims_desc":"BLACK RIVER","source_vintage":"sbe_2006"},"geometry":{"type":"Point","coordinates":[-78.68230912042151,35.188885999877456]}},{"type":"Feature","properties":{"county_nam":"CUMBERLAND","prec_id":"BRENTWOOD","precinct_norm":"CUMBERLAND - BRENTWOOD","name":"Brentwood","label":"Brentwood","seims_code":"BW55","seims_desc":"BRENTWOOD","source_vintage":"sbe_2006"},"geometry":{"type":"Point","coordinates":[-78.97825331760683,35.032567498803665]}},{"type":"Feature","properties":{"county_nam":"CUMBERLAND","prec_id":"CLIFFDALE WEST","precinct_norm":"CUMBERLAND - CLIFFDALE WEST","name":"Cliffdale West","label":"Cliffdale West","seims_code":"CL57","seims_desc":"CLIFFDALE WEST","source_vintage":"sbe_2006"},"geometry":{"type":"Point","coordinates":[-79.07743875409159,35.055329499903735]}},{"type":"Feature","properties":{"county_nam":"CUMBERLAND","prec_id":"CROSS CREEK 01","precinct_norm":"CUMBERLAND - CROSS CREEK 01","name":"Cross Creek 01","label":"Cross Creek 01","seims_code":"CC01","seims_desc":"CROSS CREEK #01","source_vintage":"sbe_2006"},"geometry":{"type":"Point","coordinates":[-78.88082117522396,35.043753499912555]}},{"type":"Feature","properties":{"county_nam":"CUMBERLAND","prec_id":"CROSS CREEK 03","precinct_norm":"CUMBERLAND - CROSS CREEK 03","name":"Cross Creek 03","label":"Cross Creek 03","seims_code":"CC03","seims_desc":"CROSS CREEK #03","source_vintage":"sbe_2006"},"geometry":{"type":"Point","coordinates":[-78.960904744191,35.096212998832215]}},{"type":"Feature","properties":{"county_nam":"CUMBERLAND","prec_id":"CROSS CREEK 04","precinct_norm":"CUMBERLAND - CROSS CREEK 04","name":"Cross Creek 04","label":"Cross Creek 04","seims_code":"CC04","seims_desc":"CROSS CREEK #04","source_vintage":"sbe_2006"},"geometry":{"type":"Point","coordinates":[-78.89431812646498,35.06102499961551]}},{"type":"Feature","properties":{"county_nam":"CUMBERLAND","prec_id":"CROSS CREEK 05","precinct_norm":"CUMBERLAND - CROSS CREEK 05","name":"Cross Creek 05","label":"Cross Creek 05","seims_code":"CC05","seims_desc":"CROSS CREEK #05","source_vintage":"sbe_2006"},"geometry":{"type":"Point","coordinates":[-78.87589981843968,35.08506300048933]}},{"type":"Feature","properties":{"county_nam":"CUMBERLAND","prec_id":"CROSS CREEK 06","precinct_norm":"CUMBERLAND - CROSS CREEK 06","name":"Cross Creek 06","label":"Cross Creek 06","seims_code":"CC06","seims_desc":"CROSS CREEK #06","source_vintage":"sbe_2006"},"geometry":{"type":"Point","coordinates":[-78.91423219528775,35.074213001036824]}},{"type":"Feature","properties":{"county_nam":"CUMBERLAND","prec_id":"CROSS CREEK 07","precinct_norm":"CUMBERLAND - CROSS CREEK 07","name":"Cross Creek 07","label":"Cross Creek 07","seims_code":"CC07","seims_desc":"CROSS CREEK #07","source_vintage":"sbe_2006"},"geometry":{"type":"Point","coordinates":[-78.90783629235554,35.06289249967331]}},{"type":"Feature","properties":{"county_nam":"CUMBERLAND","prec_id":"CROSS CREEK 08","precinct_norm":"CUMBERLAND - CROSS CREEK 08","name":"Cross Creek 08","label":"Cross Creek 08","seims_code":"CC08","seims_desc":"CROSS CREEK #08","source_vintage":"sbe_2006"},"geometry":{"type":"Point","coordinates":[-78.90679653024799,35.05131299936323]}},{"type":"Feature","properties":{"county_nam":"CUMBERLAND","prec_id":"CROSS CREEK 09","precinct_norm":"CUMBERLAND - CROSS CREEK 09","name":"Cross Creek 09","label":"Cross Creek 09","seims_code":"CC09","seims_desc":"CROSS CREEK #09","source_vintage":"sbe_2006"},"geometry":{"type":"Point","coordinates":[-78.89479870050641,35.107017000693546]}},{"type":"Feature","properties":{"county_nam":"CUMBERLAND","prec_id":"CROSS CREEK 10","precinct_norm":"CUMBERLAND - CROSS CREEK 10","name":"Cross Creek 10","label":"Cross Creek 10","seims_code":"CC10","seims_desc":"CROSS CREEK #10","source_vintage":"sbe_2006"},"geometry":{"type":"Point","coordinates":[-78.91778193284699,35.02719700104694]}},{"type":"Feature","properties":{"county_nam":"CUMBERLAND","prec_id":"CROSS CREEK 12","precinct_norm":"CUMBERLAND - CROSS CREEK 12","name":"Cross Creek 12","label":"Cross Creek 12","seims_code":"CC12","seims_desc":"CROSS CREEK #12","source_vintage":"sbe_2006"},"geometry":{"type":"Point","coordinates":[-78.92693235063734,35.05810600224245]}},{"type":"Feature","properties":{"county_nam":"CUMBERLAND","prec_id":"CROSS CREEK 13","precinct_norm":"CUMBERLAND - CROSS CREEK 13","name":"Cross Creek 13","label":"Cross Creek 13","seims_code":"CC13","seims_desc":"CROSS CREEK #13","source_vintage":"sbe_2006"},"geometry":{"type":"Point","coordinates":[-78.90643635450462,35.07909199936889]}},{"type":"Feature","properties":{"county_nam":"CUMBERLAND","prec_id":"CROSS CREEK 14","precinct_norm":"CUMBERLAND - CROSS CREEK 14","name":"Cross Creek 14","label":"Cross Creek 14","seims_code":"CC14","seims_desc":"CROSS CREEK #14","source_vintage":"sbe_2006"},"geometry":{"type":"Point","coordinates":[-78.94163499545053,35.073376499531676]}},{"type":"Feature","properties":{"county_nam":"CUMBERLAND","prec_id":"CROSS CREEK 15","precinct_norm":"CUMBERLAND - CROSS CREEK 15","name":"Cross Creek 15","label":"Cross Creek 15","seims_code":"CC15","seims_desc":"CROSS CREEK #15","source_vintage":"sbe_2006"},"geometry":{"type":"Point","coordinates":[-78.91490839034022,35.0382635012903]}},{"type":"Feature","properties":{"county_nam":"CUMBERLAND","prec_id":"CROSS CREEK 16","precinct_norm":"CUMBERLAND - CROSS CREEK 16","name":"Cross Creek 16","label":"Cross Creek 16","seims_code":"CC16","seims_desc":"CROSS CREEK #16","source_vintage":"sbe_2006"},"geometry":{"type":"Point","coordinates":[-78.89509465825881,35.0893629994455]}},{"type":"Feature","properties":{"county_nam":"CUMBERLAND","prec_id":"CROSS CREEK 17","precinct_norm":"CUMBERLAND - CROSS CREEK 17","name":"Cross Creek 17","label":"Cross Creek 17","seims_code":"CC17","seims_desc":"CROSS CREEK #17","source_vintage":"sbe_2006"},"geometry":{"type":"Point","coordinates":[-78.92205932772401,35.102753499655385]}},{"type":"Feature","properties":{"county_nam":"CUMBERLAND","prec_id":"CROSS CREEK 18","precinct_norm":"CUMBERLAND - CROSS CREEK 18","name":"Cross Creek 18","label":"Cross Creek 18","seims_code":"CC18","seims_desc":"CROSS CREEK #18","source_vintage":"sbe_2006"},"geometry":{"type":"Point","coordinates":[-78.92643248812563,35.05036299863478]}},{"type":"Feature","properties":{"county_nam":"CUMBERLAND","prec_id":"CROSS CREEK 19","precinct_norm":"CUMBERLAND - CROSS CREEK 19","name":"Cross Creek 19","label":"Cross Creek 19","seims_code":"CC19","seims_desc":"CROSS CREEK #19","source_vintage":"sbe_2006"},"geometry":{"type":"Point","coordinates":[-78.87339881710821,35.06556300157592]}},{"type":"Feature","properties":{"county_nam":"CUMBERLAND","prec_id":"CROSS CREEK 20","precinct_norm":"CUMBERLAND - CROSS CREEK 20","name":"Cross Creek 20","label":"Cross Creek 20","seims_code":"CC20","seims_desc":"CROSS CREEK #20","source_vintage":"sbe_2006"},"geometry":{"type":"Point","coordinates":[-78.93245656361248,35.02944500020436]}},{"type":"Feature","properties":{"county_nam":"CUMBERLAND","prec_id":"CROSS CREEK 21","precinct_norm":"CUMBERLAND - CROSS CREEK 21","name":"Cross Creek 21","label":"Cross Creek 21","seims_code":"CC21","seims_desc":"CROSS CREEK #21","source_vintage":"sbe_2006"},"geometry":{"type":"Point","coordinates":[-78.93589318995791,35.08581300028908]}},{"type":"Feature","properties":{"county_nam":"CUMBERLAND","prec_id":"CROSS CREEK 22","precinct_norm":"CUMBERLAND - CROSS CREEK 22","name":"Cross Creek 22","label":"Cross Creek 22","seims_code":"CC22","seims_desc":"CROSS CREEK #22","source_vintage":"sbe_2006"},"geometry":{"type":"Point","coordinates":[-78.87701576564424,35.12035049913421]}},{"type":"Feature","properties":{"county_nam":"CUMBERLAND","prec_id":"CROSS CREEK 23","precinct_norm":"CUMBERLAND - CROSS CREEK 23","name":"Cross Creek 23","label":"Cross Creek 23","seims_code":"CC23","seims_desc":"CROSS CREEK #23","source_vintage":"sbe_2006"},"geometry":{"type":"Point","coordinates":[-78.88714190644832,35.144982499627076]}},{"type":"Feature","properties":{"county_nam":"CUMBERLAND","prec_id":"CROSS CREEK 24","precinct_norm":"CUMBERLAND - CROSS CREEK 24","name":"Cross Creek 24","label":"Cross Creek 24","seims_code":"CC24","seims_desc":"CROSS CREEK #24","source_vintage":"sbe_2006"},"geometry":{"type":"Point","coordinates":[-78.96793772207343,35.070345999662834]}},{"type":"Feature","properties":{"county_nam":"CUMBERLAND","prec_id":"CROSS CREEK 25","precinct_norm":"CUMBERLAND - CROSS CREEK 25","name":"Cross Creek 25","label":"Cross Creek 25","seims_code":"CC25","seims_desc":"CROSS CREEK #25","source_vintage":"sbe_2006"},"geometry":{"type":"Point","coordinates":[-79.00257201025622,35.07412499965685]}},{"type":"Feature","properties":{"county_nam":"CUMBERLAND","prec_id":"CROSS CREEK 26","precinct_norm":"CUMBERLAND - CROSS CREEK 26","name":"Cross Creek 26","label":"Cross Creek 26","seims_code":"CC26","seims_desc":"CROSS CREEK #26","source_vintage":"sbe_2006"},"geometry":{"type":"Point","coordinates":[-78.98399224769298,35.07464449954267]}},{"type":"Feature","properties":{"county_nam":"CUMBERLAND","prec_id":"CROSS CREEK 27","precinct_norm":"CUMBERLAND - CROSS CREEK 27","name":"Cross Creek 27","label":"Cross Creek 27","seims_code":"CC27","seims_desc":"CROSS CREEK #27","source_vintage":"sbe_2006"},"geometry":{"type":"Point","coordinates":[-79.00968308859825,35.06869650048583]}},{"type":"Feature","properties":{"county_nam":"CUMBERLAND","prec_id":"CROSS CREEK 28","precinct_norm":"CUMBERLAND - CROSS CREEK 28","name":"Cross Creek 28","label":"Cross Creek 28","seims_code":"CC28","seims_desc":"CROSS CREEK #28","source_vintage":"sbe_2006"},"geometry":{"type":"Point","coordinates":[-78.99244320557247,35.04709050077004]}},{"type":"Feature","properties":{"county_nam":"CUMBERLAND","prec_id":"CROSS CREEK 29","precinct_norm":"CUMBERLAND - CROSS CREEK 29","name":"Cross Creek 29","label":"Cross Creek 29","seims_code":"CC29","seims_desc":"CROSS CREEK #29","source_vintage":"sbe_2006"},"geometry":{"type":"Point","coordinates":[-78.96649156258327,35.0506109998575]}},{"type":"Feature","properties":{"county_nam":"CUMBERLAND","prec_id":"CROSS CREEK 30","precinct_norm":"CUMBERLAND - CROSS CREEK 30","name":"Cross Creek 30","label":"Cross Creek 30","seims_code":"CC30","seims_desc":"CROSS CREEK #30","source_vintage":"sbe_2006"},"geometry":{"type":"Point","coordinates":[-78.94407685753521,35.031706001475854]}},{"type":"Feature","properties":{"county_nam":"CUMBERLAND","prec_id":"CROSS CREEK 31","precinct_norm":"CUMBERLAND - CROSS CREEK 31","name":"Cross Creek 31","label":"Cross Creek 31","seims_code":"CC31","seims_desc":"CROSS CREEK #31","source_vintage":"sbe_2006"},"geometry":{"type":"Point","coordinates":[-78.96225474751489,35.03491300164071]}},{"type":"Feature","properties":{"county_nam":"CUMBERLAND","prec_id":"CROSS CREEK 32","precinct_norm":"CUMBERLAND - CROSS CREEK 32","name":"Cross Creek 32","label":"Cross Creek 32","seims_code":"CC32","seims_desc":"CROSS CREEK #32","source_vintage":"sbe_2006"},"geometry":{"type":"Point","coordinates":[-78.9910034369139,35.092532500181875]}},{"type":"Feature","properties":{"county_nam":"CUMBERLAND","prec_id":"CROSS CREEK 33","precinct_norm":"CUMBERLAND - CROSS CREEK 33","name":"Cross Creek 33","label":"Cross Creek 33","seims_code":"CC33","seims_desc":"CROSS CREEK #33","source_vintage":"sbe_2006"},"geometry":{"type":"Point","coordinates":[-78.98164711624258,35.096855998948676]}},{"type":"Feature","properties":{"county_nam":"CUMBERLAND","prec_id":"CROSS CREEK 34","precinct_norm":"CUMBERLAND - CROSS CREEK 34","name":"Cross Creek 34","label":"Cross Creek 34","seims_code":"CC34","seims_desc":"CROSS CREEK #34","source_vintage":"sbe_2006"},"geometry":{"type":"Point","coordinates":[-78.9522777103496,35.056094501276476]}},{"type":"Feature","properties":{"county_nam":"CUMBERLAND","prec_id":"CUMBERLAND 2","precinct_norm":"CUMBERLAND - CUMBERLAND 2","name":"Cumberland 2","label":"Cumberland 2","seims_code":"CU02","seims_desc":"CUMBERLAND #2","source_vintage":"sbe_2006"},"geometry":{"type":"Point","coordinates":[-78.96213729679974,35.020660501504224]}},{"type":"Feature","properties":{"county_nam":"CUMBERLAND","prec_id":"CUMBERLAND 3","precinct_norm":"CUMBERLAND - CUMBERLAND 3","name":"Cumberland 3","label":"Cumberland 3","seims_code":"CU03","seims_desc":"CUMBERLAND #3","source_vintage":"sbe_2006"},"geometry":{"type":"Point","coordinates":[-78.95229021055728,34.99830900021671]}},{"type":"Feature","properties":{"county_nam":"CUMBERLAND","prec_id":"EASTOVER 1","precinct_norm":"CUMBERLAND - EASTOVER 1","name":"Eastover 1","label":"Eastover 1","seims_code":"EO61-1","seims_desc":"EASTOVER #1","source_vintage":"sbe_2006"},"geometry":{"type":"Point","coordinates":[-78.81434940608378,35.103035999938214]}},{"type":"Feature","properties":{"county_nam":"CUMBERLAND","prec_id":"EASTOVER 2","precinct_norm":"CUMBERLAND - EASTOVER 2","name":"Eastover 2","label":"Eastover 2","seims_code":"EO61-2","seims_desc":"EASTOVER #2","source_vintage":"sbe_2006"},"geometry":{"type":"Point","coordinates":[-78.73123338855166,35.08542800078211]}},{"type":"Feature","properties":{"county_nam":"CUMBERLAND","prec_id":"HOPE MILLS 2","precinct_norm":"CUMBERLAND - HOPE MILLS 2","name":"Hope Mills 2","label":"Hope Mills 2","seims_code":"HM02","seims_desc":"HOPE MILLS #2","source_vintage":"sbe_2006"},"geometry":{"type":"Point","coordinates":[-78.94485284139972,34.93663150056725]}},{"type":"Feature","properties":{"county_nam":"CUMBERLAND","prec_id":"HOPE MILLS 3","precinct_norm":"CUMBERLAND - HOPE MILLS 3","name":"Hope Mills 3","label":"Hope Mills 3","seims_code":"HM03","seims_desc":"HOPE MILLS #3","source_vintage":"sbe_2006"},"geometry":{"type":"Point","coordinates":[-78.93624815651938,34.97247249923397]}},{"type":"Feature","properties":{"county_nam":"CUMBERLAND","prec_id":"LAKE RIM","precinct_norm":"CUMBERLAND - LAKE RIM","name":"Lake Rim","label":"Lake Rim","seims_code":"LR63","seims_desc":"LAKE RIM","source_vintage":"sbe_2006"},"geometry":{"type":"Point","coordinates":[-79.06692900272161,35.04320500065904]}},{"type":"Feature","properties":{"county_nam":"CUMBERLAND","prec_id":"LINDEN","precinct_norm":"CUMBERLAND - LINDEN","name":"Linden","label":"Linden","seims_code":"LI65","seims_desc":"LINDEN","source_vintage":"sbe_2006"},"geometry":{"type":"Point","coordinates":[-78.7854247200672,35.21581650017629]}},{"type":"Feature","properties":{"county_nam":"CUMBERLAND","prec_id":"LONG HILL","precinct_norm":"CUMBERLAND - LONG HILL","name":"Long Hill","label":"Long Hill","seims_code":"LO66","seims_desc":"LONG HILL","source_vintage":"sbe_2006"},"geometry":{"type":"Point","coordinates":[-78.86781524908994,35.17130700173796]}},{"type":"Feature","properties":{"county_nam":"CUMBERLAND","prec_id":"MANCHESTER","precinct_norm":"CUMBERLAND - MANCHESTER","name":"Manchester","label":"Manchester","seims_code":"MA67","seims_desc":"MANCHESTER","source_vintage":"sbe_2006"},"geometry":{"type":"Point","coordinates":[-79.01026956195926,35.13794549975094]}},{"type":"Feature","properties":{"county_nam":"CUMBERLAND","prec_id":"MONTIBELLO","precinct_norm":"CUMBERLAND - MONTIBELLO","name":"Montibello","label":"Montibello","seims_code":"MB62","seims_desc":"MONTIBELLO","source_vintage":"sbe_2006"},"geometry":{"type":"Point","coordinates":[-79.03840277460529,35.049318998654726]}},{"type":"Feature","properties":{"county_nam":"CUMBERLAND","prec_id":"MORGANTON RD 2","precinct_norm":"CUMBERLAND - MORGANTON RD 2","name":"Morganton Rd 2","label":"Morganton Rd 2","seims_code":"MR02","seims_desc":"MORGANTON RD #2","source_vintage":"sbe_2006"},"geometry":{"type":"Point","coordinates":[-79.01223809477258,35.08977699998053]}},{"type":"Feature","properties":{"county_nam":"CUMBERLAND","prec_id":"PEARCES MILL 4","precinct_norm":"CUMBERLAND - PEARCES MILL 4","name":"Pearces Mill 4","label":"Pearces Mill 4","seims_code":"PM04","seims_desc":"PEARCES MILL #4","source_vintage":"sbe_2006"},"geometry":{"type":"Point","coordinates":[-78.93864424311624,35.01031749804544]}},{"type":"Feature","properties":{"county_nam":"CUMBERLAND","prec_id":"SHERWOOD","precinct_norm":"CUMBERLAND - SHERWOOD","name":"Sherwood","label":"Sherwood","seims_code":"SH77","seims_desc":"SHERWOOD","source_vintage":"sbe_2006"},"geometry":{"type":"Point","coordinates":[-78.83895829593243,34.934805999628]}},{"type":"Feature","properties":{"county_nam":"CUMBERLAND","prec_id":"SPRING LAKE","precinct_norm":"CUMBERLAND - SPRING LAKE","name":"Spring Lake","label":"Spring Lake","seims_code":"SL78","seims_desc":"SPRING LAKE","source_vintage":"sbe_2006"},"geometry":{"type":"Point","coordinates":[-78.98180662897727,35.17706850075088]}},{"type":"Feature","properties":{"county_nam":"CUMBERLAND","prec_id":"STEDMAN","precinct_norm":"CUMBERLAND - STEDMAN","name":"Stedman","label":"Stedman","seims_code":"ST79","seims_desc":"STEDMAN","source_vintage":"sbe_2006"},"geometry":{"type":"Point","coordinates":[-78.718021734713,35.0188809996195]}},{"type":"Feature","properties":{"county_nam":"CUMBERLAND","prec_id":"WADE","precinct_norm":"CUMBERLAND - WADE","name":"Wade","label":"Wade","seims_code":"WA81","seims_desc":"WADE","source_vintage":"sbe_2006"},"geometry":{"type":"Point","coordinates":[-78.72646301224823,35.13631350097077]}},{"type":"Feature","properties":{"county_nam":"CUMBERLAND","prec_id":"WESTAREA","precinct_norm":"CUMBERLAND - WESTAREA","name":"Westarea","label":"Westarea","seims_code":"WE82","seims_desc":"WESTAREA","source_vintage":"sbe_2006"},"geometry":{"type":"Point","coordinates":[-78.90653410855346,35.131730999977975]}},{"type":"Feature","properties":{"county_nam":"CUMBERLAND","prec_id":"BEAVER DAM & CEDAR CREEK","precinct_norm":"CUMBERLAND - BEAVER DAM & CEDAR CREEK","name":"Beaver Dam & Cedar Creek","label":"Beaver Dam & Cedar Creek","seims_code":"BD52 & CC56","seims_desc":"BEAVER DAM & CEDAR CREEK","source_vintage":"sbe_2006"},"geometry":{"type":"Point","coordinates":[-78.68158933236575,34.91638400091789]}},{"type":"Feature","properties":{"county_nam":"CUMBERLAND","prec_id":"STONEY POINT 1","precinct_norm":"CUMBERLAND - STONEY POINT 1","name":"Stoney Point 1","label":"Stoney Point 1","seims_code":"SP80-1","seims_desc":"STONEY POINT #1","source_vintage":"sbe_2006"},"geometry":{"type":"Point","coordinates":[-79.0272577157924,34.98013699856209]}},{"type":"Feature","properties":{"county_nam":"CUMBERLAND","prec_id":"STONEY POINT 2","precinct_norm":"CUMBERLAND - STONEY POINT 2","name":"Stoney Point 2","label":"Stoney Point 2","seims_code":"SP80-2","seims_desc":"STONEY POINT #2","source_vintage":"sbe_2006"},"geometry":{"type":"Point","coordinates":[-79.01820433797971,34.99211549937985]}},{"type":"Feature","properties":{"county_nam":"CUMBERLAND","prec_id":"CUMBERLAND 1A","precinct_norm":"CUMBERLAND - CUMBERLAND 1A","name":"Cumberland 1A","label":"Cumberland 1A","seims_code":"CU01A","seims_desc":"CUMBERLAND #1A","source_vintage":"sbe_2006"},"geometry":{"type":"Point","coordinates":[-78.99258842924229,35.000500001028485]}},{"type":"Feature","properties":{"county_nam":"CUMBERLAND","prec_id":"CUMBERLAND 4","precinct_norm":"CUMBERLAND - CUMBERLAND 4","name":"Cumberland 4","label":"Cumberland 4","seims_code":"CU04","seims_desc":"CUMBERLAND #4","source_vintage":"sbe_2006"},"geometry":{"type":"Point","coordinates":[-78.98260182254415,35.004610500666374]}},{"type":"Feature","properties":{"county_nam":"CUMBERLAND","prec_id":"HOPE MILLS 1A","precinct_norm":"CUMBERLAND - HOPE MILLS 1A","name":"Hope Mills 1A","label":"Hope Mills 1A","seims_code":"HM01A","seims_desc":"HOPE MILLS #1A","source_vintage":"sbe_2006"},"geometry":{"type":"Point","coordinates":[-78.96192422995331,34.97960350051598]}},{"type":"Feature","properties":{"county_nam":"CUMBERLAND","prec_id":"HOPE MILLS 4","precinct_norm":"CUMBERLAND - HOPE MILLS 4","name":"Hope Mills 4","label":"Hope Mills 4","seims_code":"HM04","seims_desc":"HOPE MILLS #4","source_vintage":"sbe_2006"},"geometry":{"type":"Point","coordinates":[-78.97568421799099,34.970156999574414]}},{"type":"Feature","properties":{"county_nam":"CUMBERLAND","prec_id":"CROSS CREEK 02","precinct_norm":"CUMBERLAND - CROSS CREEK 02","name":"Cross Creek 02","label":"Cross Creek 02","seims_code":"CC02","seims_desc":"CROSS CREEK #02","source_vintage":"sbe_2006"},"geometry":{"type":"Point","coordinates":[-78.85240455983835,35.03311049900568]}},{"type":"Feature","properties":{"county_nam":"CUMBERLAND","prec_id":"JUDSON-VANDER","precinct_norm":"CUMBERLAND - JUDSON-VANDER","name":"Judson-Vander","label":"Judson-Vander","seims_code":"JV64","seims_desc":"JUDSON-VANDER","source_vintage":"sbe_2006"},"geometry":{"type":"Point","coordinates":[-78.81554081839899,35.02600650029349]}},{"type":"Feature","properties":{"county_nam":"CUMBERLAND","prec_id":"CROSS CREEK 11","precinct_norm":"CUMBERLAND - CROSS CREEK 11","name":"Cross Creek 11","label":"Cross Creek 11","seims_code":"CC11","seims_desc":"CROSS CREEK #11","source_vintage":"sbe_2006"},"geometry":{"type":"Point","coordinates":[-78.9025129141906,35.02543849748213]}},{"type":"Feature","properties":{"county_nam":"CUMBERLAND","prec_id":"PEARCES MILL 2","precinct_norm":"CUMBERLAND - PEARCES MILL 2","name":"Pearces Mill 2","label":"Pearces Mill 2","seims_code":"PM02","seims_desc":"PEARCES MILL #2","source_vintage":"sbe_2006"},"geometry":{"type":"Point","coordinates":[-78.92220316657861,34.994100000959705]}},{"type":"Feature","properties":{"county_nam":"CUMBERLAND","prec_id":"PEARCES MILL 3","precinct_norm":"CUMBERLAND - PEARCES MILL 3","name":"Pearces Mill 3","label":"Pearces Mill 3","seims_code":"PM03","seims_desc":"PEARCES MILL #3","source_vintage":"sbe_2006"},"geometry":{"type":"Point","coordinates":[-78.87631681837942,34.992980499845316]}},{"type":"Feature","properties":{"county_nam":"CURRITUCK","prec_id":"CAROVA BEACH","precinct_norm":"CURRITUCK - CAROVA BEACH","name":"Carova Beach","label":"Carova Beach","seims_code":"CB","seims_desc":"CAROVA BEACH","source_vintage":"sbe_2006"},"geometry":{"type":"Point","coordinates":[-75.84342524257573,36.483562500884375]}},{"type":"Feature","properties":{"county_nam":"CURRITUCK","prec_id":"CHURCHS ISLAND","precinct_norm":"CURRITUCK - CHURCHS ISLAND","name":"Churchs Island","label":"Churchs Island","seims_code":"CI","seims_desc":"CHURCHS ISLAND","source_vintage":"sbe_2006"},"geometry":{"type":"Point","coordinates":[-75.93352869169203,36.3857060001363]}},{"type":"Feature","properties":{"county_nam":"CURRITUCK","prec_id":"COINJOCK","precinct_norm":"CURRITUCK - COINJOCK","name":"Coinjock","label":"Coinjock","seims_code":"CJ","seims_desc":"COINJOCK","source_vintage":"sbe_2006"},"geometry":{"type":"Point","coordinates":[-75.99621043868811,36.36138549889971]}},{"type":"Feature","properties":{"county_nam":"CURRITUCK","prec_id":"COURTHOUSE","precinct_norm":"CURRITUCK - COURTHOUSE","name":"Courthouse","label":"Courthouse","seims_code":"CH","seims_desc":"COURTHOUSE","source_vintage":"sbe_2006"},"geometry":{"type":"Point","coordinates":[-76.01050403667794,36.4446085006598]}},{"type":"Feature","properties":{"county_nam":"CURRITUCK","prec_id":"GIBBS WOODS","precinct_norm":"CURRITUCK - GIBBS WOODS","name":"Gibbs Woods","label":"Gibbs Woods","seims_code":"GW","seims_desc":"GIBBS WOODS","source_vintage":"sbe_2006"},"geometry":{"type":"Point","coordinates":[-76.06003446714294,36.5272219991171]}},{"type":"Feature","properties":{"county_nam":"CURRITUCK","prec_id":"INDIAN RIDGE","precinct_norm":"CURRITUCK - INDIAN RIDGE","name":"Indian Ridge","label":"Indian Ridge","seims_code":"IR","seims_desc":"INDIAN RIDGE","source_vintage":"sbe_2006"},"geometry":{"type":"Point","coordinates":[-76.10999719331969,36.41327300070776]}},{"type":"Feature","properties":{"county_nam":"CURRITUCK","prec_id":"KNOTTS ISLAND","precinct_norm":"CURRITUCK - KNOTTS ISLAND","name":"Knotts Island","label":"Knotts Island","seims_code":"KI","seims_desc":"KNOTTS ISLAND","source_vintage":"sbe_2006"},"geometry":{"type":"Point","coordinates":[-75.95399853581749,36.50287450102483]}},{"type":"Feature","properties":{"county_nam":"CURRITUCK","prec_id":"MOYOCK","precinct_norm":"CURRITUCK - MOYOCK","name":"Moyock","label":"Moyock","seims_code":"MY","seims_desc":"MOYOCK","source_vintage":"sbe_2006"},"geometry":{"type":"Point","coordinates":[-76.16766451821817,36.48989299852797]}},{"type":"Feature","properties":{"county_nam":"CURRITUCK","prec_id":"POPLAR BRANCH","precinct_norm":"CURRITUCK - POPLAR BRANCH","name":"Poplar Branch","label":"Poplar Branch","seims_code":"PB","seims_desc":"POPLAR BRANCH","source_vintage":"sbe_2006"},"geometry":{"type":"Point","coordinates":[-75.91624274864267,36.312330997570754]}},{"type":"Feature","properties":{"county_nam":"CURRITUCK","prec_id":"POWELLS POINT","precinct_norm":"CURRITUCK - POWELLS POINT","name":"Powells Point","label":"Powells Point","seims_code":"PP","seims_desc":"POWELLS POINT","source_vintage":"sbe_2006"},"geometry":{"type":"Point","coordinates":[-75.836018668192,36.126655498581975]}},{"type":"Feature","properties":{"county_nam":"CURRITUCK","prec_id":"WHALEHEAD","precinct_norm":"CURRITUCK - WHALEHEAD","name":"Whalehead","label":"Whalehead","seims_code":"WH","seims_desc":"WHALEHEAD","source_vintage":"sbe_2006"},"geometry":{"type":"Point","coordinates":[-75.8098350237517,36.34441149834623]}},{"type":"Feature","properties":{"county_nam":"DARE","prec_id":"AVON","precinct_norm":"DARE - AVON","name":"Avon","label":"Avon","seims_code":"AVON","seims_desc":"AVON","source_vintage":"sbe_2006"},"geometry":{"type":"Point","coordinates":[-75.4585023293022,35.53574700109426]}},{"type":"Feature","properties":{"county_nam":"DARE","prec_id":"BUXTON","precinct_norm":"DARE - BUXTON","name":"Buxton","label":"Buxton","seims_code":"BUX","seims_desc":"BUXTON","source_vintage":"sbe_2006"},"geometry":{"type":"Point","coordinates":[-75.55376194629697,35.24554350046157]}},{"type":"Feature","properties":{"county_nam":"DARE","prec_id":"CHICAMACOMICO","precinct_norm":"DARE - CHICAMACOMICO","name":"Chicamacomico","label":"Chicamacomico","seims_code":"CHCA","seims_desc":"CHICAMACOMICO","source_vintage":"sbe_2006"},"geometry":{"type":"Point","coordinates":[-75.48398523572908,35.65788199978128]}},{"type":"Feature","properties":{"county_nam":"DARE","prec_id":"COLINGTON","precinct_norm":"DARE - COLINGTON","name":"Colington","label":"Colington","seims_code":"COL","seims_desc":"COLINGTON","source_vintage":"sbe_2006"},"geometry":{"type":"Point","coordinates":[-75.72386429483998,36.02695549987989]}},{"type":"Feature","properties":{"county_nam":"DARE","prec_id":"DUCK","precinct_norm":"DARE - DUCK","name":"Duck","label":"Duck","seims_code":"DUCK","seims_desc":"DUCK","source_vintage":"sbe_2006"},"geometry":{"type":"Point","coordinates":[-75.75868260970066,36.19138900025652]}},{"type":"Feature","properties":{"county_nam":"DARE","prec_id":"EAST LAKE","precinct_norm":"DARE - EAST LAKE","name":"East Lake","label":"East Lake","seims_code":"EL","seims_desc":"EAST LAKE","source_vintage":"sbe_2006"},"geometry":{"type":"Point","coordinates":[-75.92904561611046,35.84550150128895]}},{"type":"Feature","properties":{"county_nam":"DARE","prec_id":"FRISCO","precinct_norm":"DARE - FRISCO","name":"Frisco","label":"Frisco","seims_code":"FRCO","seims_desc":"FRISCO","source_vintage":"sbe_2006"},"geometry":{"type":"Point","coordinates":[-75.60115399806219,35.24679849975859]}},{"type":"Feature","properties":{"county_nam":"DARE","prec_id":"HATTERAS","precinct_norm":"DARE - HATTERAS","name":"Hatteras","label":"Hatteras","seims_code":"HAT","seims_desc":"HATTERAS","source_vintage":"sbe_2006"},"geometry":{"type":"Point","coordinates":[-75.646359167745,35.22016699906666]}},{"type":"Feature","properties":{"county_nam":"DARE","prec_id":"KILL DEVIL HILLS","precinct_norm":"DARE - KILL DEVIL HILLS","name":"Kill Devil Hills","label":"Kill Devil Hills","seims_code":"KDH","seims_desc":"KILL DEVIL HILLS","source_vintage":"sbe_2006"},"geometry":{"type":"Point","coordinates":[-75.66986200448729,36.019929002040584]}},{"type":"Feature","properties":{"county_nam":"DARE","prec_id":"KITTY HAWK","precinct_norm":"DARE - KITTY HAWK","name":"Kitty Hawk","label":"Kitty Hawk","seims_code":"KTHK","seims_desc":"KITTY HAWK","source_vintage":"sbe_2006"},"geometry":{"type":"Point","coordinates":[-75.71546625901428,36.069930000132906]}},{"type":"Feature","properties":{"county_nam":"DARE","prec_id":"MANNS HARBOR","precinct_norm":"DARE - MANNS HARBOR","name":"Manns Harbor","label":"Manns Harbor","seims_code":"MH","seims_desc":"MANNS HARBOR","source_vintage":"sbe_2006"},"geometry":{"type":"Point","coordinates":[-75.64425406770081,35.644759499085225]}},{"type":"Feature","properties":{"county_nam":"DARE","prec_id":"MANTEO","precinct_norm":"DARE - MANTEO","name":"Manteo","label":"Manteo","seims_code":"MATO","seims_desc":"MANTEO","source_vintage":"sbe_2006"},"geometry":{"type":"Point","coordinates":[-75.66382865892243,35.878701499729786]}},{"type":"Feature","properties":{"county_nam":"DARE","prec_id":"NAGS HEAD","precinct_norm":"DARE - NAGS HEAD","name":"Nags Head","label":"Nags Head","seims_code":"NGHD","seims_desc":"NAGS HEAD","source_vintage":"sbe_2006"},"geometry":{"type":"Point","coordinates":[-75.5926040848216,35.88473600023092]}},{"type":"Feature","properties":{"county_nam":"DARE","prec_id":"PRECINCTS NOT DEFINED","precinct_norm":"DARE - PRECINCTS NOT DEFINED","name":"precincts not defined","label":"precincts not defined","seims_code":"055PND","seims_desc":"PRECINCTS NOT DEFINED","source_vintage":"sbe_2006"},"geometry":{"type":"Point","coordinates":[-75.62113305730117,36.01181850021033]}},{"type":"Feature","properties":{"county_nam":"DARE","prec_id":"SOUTHERN SHORES","precinct_norm":"DARE - SOUTHERN SHORES","name":"Southern Shores","label":"Southern Shores","seims_code":"SOSH","seims_desc":"SOUTHERN SHORES","source_vintage":"sbe_2006"},"geometry":{"type":"Point","coordinates":[-75.77141447788901,36.158846499467636]}},{"type":"Feature","properties":{"county_nam":"DARE","prec_id":"STUMPY POINT","precinct_norm":"DARE - STUMPY POINT","name":"Stumpy Point","label":"Stumpy Point","seims_code":"STPT","seims_desc":"STUMPY POINT","source_vintage":"sbe_2006"},"geometry":{"type":"Point","coordinates":[-75.80223532706776,35.720913500207]}},{"type":"Feature","properties":{"county_nam":"DARE","prec_id":"WANCHESE","precinct_norm":"DARE - WANCHESE","name":"Wanchese","label":"Wanchese","seims_code":"WAN","seims_desc":"WANCHESE","source_vintage":"sbe_2006"},"geometry":{"type":"Point","coordinates":[-75.63724788543342,35.83901449844339]}},{"type":"Feature","properties":{"county_nam":"DAVIDSON","prec_id":"ABBOTTS CREEK","precinct_norm":"DAVIDSON - ABBOTTS CREEK","name":"Abbotts Creek","label":"Abbotts Creek","seims_code":"02","seims_desc":"ABBOTTS CREEK #02","source_vintage":"sbe_2006"},"geometry":{"type":"Point","coordinates":[-80.0695270694288,35.98172649999255]}},{"type":"Feature","properties":{"county_nam":"DAVIDSON","prec_id":"ARCADIA","precinct_norm":"DAVIDSON - ARCADIA","name":"Arcadia","label":"Arcadia","seims_code":"04","seims_desc":"ARCADIA #04","source_vintage":"sbe_2006"},"geometry":{"type":"Point","coordinates":[-80.2654099337764,35.966165001093046]}},{"type":"Feature","properties":{"county_nam":"DAVIDSON","prec_id":"BOONE","precinct_norm":"DAVIDSON - BOONE","name":"Boone","label":"Boone","seims_code":"06","seims_desc":"BOONE #06","source_vintage":"sbe_2006"},"geometry":{"type":"Point","coordinates":[-80.39944499075938,35.769037499571255]}},{"type":"Feature","properties":{"county_nam":"DAVIDSON","prec_id":"CENTRAL","precinct_norm":"DAVIDSON - CENTRAL","name":"Central","label":"Central","seims_code":"08","seims_desc":"CENTRAL #08","source_vintage":"sbe_2006"},"geometry":{"type":"Point","coordinates":[-80.21296145949964,35.80091900118752]}},{"type":"Feature","properties":{"county_nam":"DAVIDSON","prec_id":"COTTON GROVE","precinct_norm":"DAVIDSON - COTTON GROVE","name":"Cotton Grove","label":"Cotton Grove","seims_code":"10","seims_desc":"COTTON GROVE #10","source_vintage":"sbe_2006"},"geometry":{"type":"Point","coordinates":[-80.28644092081814,35.7265500003748]}},{"type":"Feature","properties":{"county_nam":"DAVIDSON","prec_id":"DENTON","precinct_norm":"DAVIDSON - DENTON","name":"Denton","label":"Denton","seims_code":"12","seims_desc":"DENTON #12","source_vintage":"sbe_2006"},"geometry":{"type":"Point","coordinates":[-80.11463177862036,35.6375155012786]}},{"type":"Feature","properties":{"county_nam":"DAVIDSON","prec_id":"EMMONS","precinct_norm":"DAVIDSON - EMMONS","name":"Emmons","label":"Emmons","seims_code":"14","seims_desc":"EMMONS # 14","source_vintage":"sbe_2006"},"geometry":{"type":"Point","coordinates":[-80.11055563249022,35.6710560001968]}},{"type":"Feature","properties":{"county_nam":"DAVIDSON","prec_id":"GUMTREE","precinct_norm":"DAVIDSON - GUMTREE","name":"Gumtree","label":"Gumtree","seims_code":"16","seims_desc":"GUMTREE # 16","source_vintage":"sbe_2006"},"geometry":{"type":"Point","coordinates":[-80.19199499976355,35.997648999842816]}},{"type":"Feature","properties":{"county_nam":"DAVIDSON","prec_id":"HEALING SPRINGS","precinct_norm":"DAVIDSON - HEALING SPRINGS","name":"Healing Springs","label":"Healing Springs","seims_code":"18","seims_desc":"HEALING SPRINGS #18","source_vintage":"sbe_2006"},"geometry":{"type":"Point","coordinates":[-80.19151755824845,35.62797499821731]}},{"type":"Feature","properties":{"county_nam":"DAVIDSON","prec_id":"HOLLY GROVE","precinct_norm":"DAVIDSON - HOLLY GROVE","name":"Holly Grove","label":"Holly Grove","seims_code":"20","seims_desc":"HOLLY GROVE #20","source_vintage":"sbe_2006"},"geometry":{"type":"Point","coordinates":[-80.1557004428637,35.79689500097264]}},{"type":"Feature","properties":{"county_nam":"DAVIDSON","prec_id":"LEXINGTON 1","precinct_norm":"DAVIDSON - LEXINGTON 1","name":"Lexington 1","label":"Lexington 1","seims_code":"22","seims_desc":"LEXINGTON 1 #22","source_vintage":"sbe_2006"},"geometry":{"type":"Point","coordinates":[-80.22503036487525,35.84531399974679]}},{"type":"Feature","properties":{"county_nam":"DAVIDSON","prec_id":"LEXINGTON 2","precinct_norm":"DAVIDSON - LEXINGTON 2","name":"Lexington 2","label":"Lexington 2","seims_code":"24","seims_desc":"LEXINGTON 2 #24","source_vintage":"sbe_2006"},"geometry":{"type":"Point","coordinates":[-80.27091820434048,35.86548299917105]}},{"type":"Feature","properties":{"county_nam":"DAVIDSON","prec_id":"LEXINGTON 3","precinct_norm":"DAVIDSON - LEXINGTON 3","name":"Lexington 3","label":"Lexington 3","seims_code":"26","seims_desc":"LEXINGTON 3 #26","source_vintage":"sbe_2006"},"geometry":{"type":"Point","coordinates":[-80.29303248915468,35.84996900112105]}},{"type":"Feature","properties":{"county_nam":"DAVIDSON","prec_id":"LEXINGTON 4","precinct_norm":"DAVIDSON - LEXINGTON 4","name":"Lexington 4","label":"Lexington 4","seims_code":"28","seims_desc":"LEXINGTON 4 #28","source_vintage":"sbe_2006"},"geometry":{"type":"Point","coordinates":[-80.31020601679171,35.79652999936539]}},{"type":"Feature","properties":{"county_nam":"DAVIDSON","prec_id":"LIBERTY","precinct_norm":"DAVIDSON - LIBERTY","name":"Liberty","label":"Liberty","seims_code":"42","seims_desc":"LIBERTY #42","source_vintage":"sbe_2006"},"geometry":{"type":"Point","coordinates":[-80.08735456726376,35.7872195008904]}},{"type":"Feature","properties":{"county_nam":"DAVIDSON","prec_id":"MIDWAY","precinct_norm":"DAVIDSON - MIDWAY","name":"Midway","label":"Midway","seims_code":"44","seims_desc":"MIDWAY #44","source_vintage":"sbe_2006"},"geometry":{"type":"Point","coordinates":[-80.1867782017838,35.9476490001635]}},{"type":"Feature","properties":{"county_nam":"DAVIDSON","prec_id":"NORTH DAVIDSON","precinct_norm":"DAVIDSON - NORTH DAVIDSON","name":"North Davidson","label":"North Davidson","seims_code":"46","seims_desc":"NORTH DAVIDSON # 46","source_vintage":"sbe_2006"},"geometry":{"type":"Point","coordinates":[-80.25294742799576,35.92361699778447]}},{"type":"Feature","properties":{"county_nam":"DAVIDSON","prec_id":"REEDS YADKIN COLLEGE","precinct_norm":"DAVIDSON - REEDS YADKIN COLLEGE","name":"Reeds Yadkin College","label":"Reeds Yadkin College","seims_code":"48","seims_desc":"REEDS/YADKIN COLLEGE #48","source_vintage":"sbe_2006"},"geometry":{"type":"Point","coordinates":[-80.34768975283762,35.85620200044502]}},{"type":"Feature","properties":{"county_nam":"DAVIDSON","prec_id":"REEDY CREEK","precinct_norm":"DAVIDSON - REEDY CREEK","name":"Reedy Creek","label":"Reedy Creek","seims_code":"50","seims_desc":"REEDY CREEK #50","source_vintage":"sbe_2006"},"geometry":{"type":"Point","coordinates":[-80.33188528974694,35.90597850248123]}},{"type":"Feature","properties":{"county_nam":"DAVIDSON","prec_id":"SILVER HILL","precinct_norm":"DAVIDSON - SILVER HILL","name":"Silver Hill","label":"Silver Hill","seims_code":"52","seims_desc":"SILVER HILL #52","source_vintage":"sbe_2006"},"geometry":{"type":"Point","coordinates":[-80.205827731548,35.73219049921185]}},{"type":"Feature","properties":{"county_nam":"DAVIDSON","prec_id":"SILVER VALLEY","precinct_norm":"DAVIDSON - SILVER VALLEY","name":"Silver Valley","label":"Silver Valley","seims_code":"54","seims_desc":"SILVER VALLEY #54","source_vintage":"sbe_2006"},"geometry":{"type":"Point","coordinates":[-80.11198893382613,35.72933049958855]}},{"type":"Feature","properties":{"county_nam":"DAVIDSON","prec_id":"SOUTH DAVIDSON","precinct_norm":"DAVIDSON - SOUTH DAVIDSON","name":"South Davidson","label":"South Davidson","seims_code":"56","seims_desc":"SOUTH DAVIDSON #56","source_vintage":"sbe_2006"},"geometry":{"type":"Point","coordinates":[-80.13680933550674,35.56255249931081]}},{"type":"Feature","properties":{"county_nam":"DAVIDSON","prec_id":"SOUTHMONT","precinct_norm":"DAVIDSON - SOUTHMONT","name":"Southmont","label":"Southmont","seims_code":"58","seims_desc":"SOUTHMONT #58","source_vintage":"sbe_2006"},"geometry":{"type":"Point","coordinates":[-80.28152932366794,35.67467600123889]}},{"type":"Feature","properties":{"county_nam":"DAVIDSON","prec_id":"THOMASVILLE 01","precinct_norm":"DAVIDSON - THOMASVILLE 01","name":"Thomasville 01","label":"Thomasville 01","seims_code":"60","seims_desc":"THOMASVILLE 1 #60","source_vintage":"sbe_2006"},"geometry":{"type":"Point","coordinates":[-80.06931058948692,35.90357600001711]}},{"type":"Feature","properties":{"county_nam":"DAVIDSON","prec_id":"THOMASVILLE 02","precinct_norm":"DAVIDSON - THOMASVILLE 02","name":"Thomasville 02","label":"Thomasville 02","seims_code":"62","seims_desc":"THOMASVILLE 2 #62","source_vintage":"sbe_2006"},"geometry":{"type":"Point","coordinates":[-80.07893634087122,35.88893600138202]}},{"type":"Feature","properties":{"county_nam":"DAVIDSON","prec_id":"THOMASVILLE 03","precinct_norm":"DAVIDSON - THOMASVILLE 03","name":"Thomasville 03","label":"Thomasville 03","seims_code":"64","seims_desc":"THOMASVILLE 3 #64","source_vintage":"sbe_2006"},"geometry":{"type":"Point","coordinates":[-80.0971465556951,35.88894800082588]}},{"type":"Feature","properties":{"county_nam":"DAVIDSON","prec_id":"THOMASVILLE 04","precinct_norm":"DAVIDSON - THOMASVILLE 04","name":"Thomasville 04","label":"Thomasville 04","seims_code":"66","seims_desc":"THOMASVILLE 4 #66","source_vintage":"sbe_2006"},"geometry":{"type":"Point","coordinates":[-80.0854980962508,35.86924799774246]}},{"type":"Feature","properties":{"county_nam":"DAVIDSON","prec_id":"THOMASVILLE 05","precinct_norm":"DAVIDSON - THOMASVILLE 05","name":"Thomasville 05","label":"Thomasville 05","seims_code":"68","seims_desc":"THOMASVILLE 5 #68","source_vintage":"sbe_2006"},"geometry":{"type":"Point","coordinates":[-80.06809981161668,35.87667000113649]}},{"type":"Feature","properties":{"county_nam":"DAVIDSON","prec_id":"THOMASVILLE 07","precinct_norm":"DAVIDSON - THOMASVILLE 07","name":"Thomasville 07","label":"Thomasville 07","seims_code":"70","seims_desc":"THOMASVILLE 7 #70","source_vintage":"sbe_2006"},"geometry":{"type":"Point","coordinates":[-80.14604945673089,35.890073999660146]}},{"type":"Feature","properties":{"county_nam":"DAVIDSON","prec_id":"THOMASVILLE 08","precinct_norm":"DAVIDSON - THOMASVILLE 08","name":"Thomasville 08","label":"Thomasville 08","seims_code":"72","seims_desc":"THOMASVILLE 8 #72","source_vintage":"sbe_2006"},"geometry":{"type":"Point","coordinates":[-80.11053367330848,35.92648450037022]}},{"type":"Feature","properties":{"county_nam":"DAVIDSON","prec_id":"THOMASVILLE 09","precinct_norm":"DAVIDSON - THOMASVILLE 09","name":"Thomasville 09","label":"Thomasville 09","seims_code":"74","seims_desc":"THOMASVILLE 9 #74","source_vintage":"sbe_2006"},"geometry":{"type":"Point","coordinates":[-80.12942977119205,35.84855300292334]}},{"type":"Feature","properties":{"county_nam":"DAVIDSON","prec_id":"THOMASVILLE 10","precinct_norm":"DAVIDSON - THOMASVILLE 10","name":"Thomasville 10","label":"Thomasville 10","seims_code":"76","seims_desc":"THOMASVILLE 10 #76","source_vintage":"sbe_2006"},"geometry":{"type":"Point","coordinates":[-80.07147661355955,35.84309599977655]}},{"type":"Feature","properties":{"county_nam":"DAVIDSON","prec_id":"TYRO","precinct_norm":"DAVIDSON - TYRO","name":"Tyro","label":"Tyro","seims_code":"78","seims_desc":"TYRO #78","source_vintage":"sbe_2006"},"geometry":{"type":"Point","coordinates":[-80.38108614211079,35.811085001187955]}},{"type":"Feature","properties":{"county_nam":"DAVIDSON","prec_id":"WALLBURG","precinct_norm":"DAVIDSON - WALLBURG","name":"Wallburg","label":"Wallburg","seims_code":"80","seims_desc":"WALLBURG #80","source_vintage":"sbe_2006"},"geometry":{"type":"Point","coordinates":[-80.12729467233916,35.98676899935869]}},{"type":"Feature","properties":{"county_nam":"DAVIDSON","prec_id":"WARD 1","precinct_norm":"DAVIDSON - WARD 1","name":"Ward 1","label":"Ward 1","seims_code":"30","seims_desc":"WARD # 1 #30","source_vintage":"sbe_2006"},"geometry":{"type":"Point","coordinates":[-80.28285101439869,35.793255500602186]}},{"type":"Feature","properties":{"county_nam":"DAVIDSON","prec_id":"WARD 2","precinct_norm":"DAVIDSON - WARD 2","name":"Ward 2","label":"Ward 2","seims_code":"32","seims_desc":"WARD # 2 #32","source_vintage":"sbe_2006"},"geometry":{"type":"Point","coordinates":[-80.27106795547935,35.813634999291764]}},{"type":"Feature","properties":{"county_nam":"DAVIDSON","prec_id":"WARD 3","precinct_norm":"DAVIDSON - WARD 3","name":"Ward 3","label":"Ward 3","seims_code":"34","seims_desc":"WARD # 3 #34","source_vintage":"sbe_2006"},"geometry":{"type":"Point","coordinates":[-80.25841384161112,35.8412759995906]}},{"type":"Feature","properties":{"county_nam":"DAVIDSON","prec_id":"WARD 4","precinct_norm":"DAVIDSON - WARD 4","name":"Ward 4","label":"Ward 4","seims_code":"36","seims_desc":"WARD # 4 #36","source_vintage":"sbe_2006"},"geometry":{"type":"Point","coordinates":[-80.25138983191619,35.833168998865894]}},{"type":"Feature","properties":{"county_nam":"DAVIDSON","prec_id":"WARD 5","precinct_norm":"DAVIDSON - WARD 5","name":"Ward 5","label":"Ward 5","seims_code":"38","seims_desc":"WARD # 5 #38","source_vintage":"sbe_2006"},"geometry":{"type":"Point","coordinates":[-80.23297409210053,35.819376999430844]}},{"type":"Feature","properties":{"county_nam":"DAVIDSON","prec_id":"WARD 6","precinct_norm":"DAVIDSON - WARD 6","name":"Ward 6","label":"Ward 6","seims_code":"40","seims_desc":"WARD # 6 #40","source_vintage":"sbe_2006"},"geometry":{"type":"Point","coordinates":[-80.24558192370458,35.79115749888106]}},{"type":"Feature","properties":{"county_nam":"DAVIDSON","prec_id":"WELCOME","precinct_norm":"DAVIDSON - WELCOME","name":"Welcome","label":"Welcome","seims_code":"82","seims_desc":"WELCOME #82","source_vintage":"sbe_2006"},"geometry":{"type":"Point","coordinates":[-80.23269602522876,35.88971150069649]}},{"type":"Feature","properties":{"county_nam":"DAVIDSON","prec_id":"WEST ARCADIA","precinct_norm":"DAVIDSON - WEST ARCADIA","name":"West Arcadia","label":"West Arcadia","seims_code":"84","seims_desc":"WEST ARCADIA #84","source_vintage":"sbe_2006"},"geometry":{"type":"Point","coordinates":[-80.3403938607954,35.96330950058805]}},{"type":"Feature","properties":{"county_nam":"DAVIE","prec_id":"CALAHALN NORTH","precinct_norm":"DAVIE - CALAHALN NORTH","name":"Calahaln North","label":"Calahaln North","seims_code":"01","seims_desc":"NORTH CALAHALN","source_vintage":"sbe_2006"},"geometry":{"type":"Point","coordinates":[-80.65707416968465,35.9188755005345]}},{"type":"Feature","properties":{"county_nam":"DAVIE","prec_id":"CALAHALN SOUTH","precinct_norm":"DAVIE - CALAHALN SOUTH","name":"Calahaln South","label":"Calahaln South","seims_code":"02","seims_desc":"SOUTH CALAHALN","source_vintage":"sbe_2006"},"geometry":{"type":"Point","coordinates":[-80.6555796267613,35.86842549772563]}},{"type":"Feature","properties":{"county_nam":"DAVIE","prec_id":"CLARKSVILLE","precinct_norm":"DAVIE - CLARKSVILLE","name":"Clarksville","label":"Clarksville","seims_code":"03","seims_desc":"CLARKSVILLE","source_vintage":"sbe_2006"},"geometry":{"type":"Point","coordinates":[-80.64042357874212,35.99733600141886]}},{"type":"Feature","properties":{"county_nam":"DAVIE","prec_id":"COOLEEMEE","precinct_norm":"DAVIE - COOLEEMEE","name":"Cooleemee","label":"Cooleemee","seims_code":"04","seims_desc":"COOLEEMEE","source_vintage":"sbe_2006"},"geometry":{"type":"Point","coordinates":[-80.5565520698785,35.82736250345154]}},{"type":"Feature","properties":{"county_nam":"DAVIE","prec_id":"FARMINGTON","precinct_norm":"DAVIE - FARMINGTON","name":"Farmington","label":"Farmington","seims_code":"05","seims_desc":"FARMINGTON","source_vintage":"sbe_2006"},"geometry":{"type":"Point","coordinates":[-80.53395028671414,36.00752249922036]}},{"type":"Feature","properties":{"county_nam":"DAVIE","prec_id":"FULTON","precinct_norm":"DAVIE - FULTON","name":"Fulton","label":"Fulton","seims_code":"06","seims_desc":"FULTON","source_vintage":"sbe_2006"},"geometry":{"type":"Point","coordinates":[-80.44774669349175,35.87352750038629]}},{"type":"Feature","properties":{"county_nam":"DAVIE","prec_id":"HILLSDALE","precinct_norm":"DAVIE - HILLSDALE","name":"Hillsdale","label":"Hillsdale","seims_code":"13","seims_desc":"HILLSDALE","source_vintage":"sbe_2006"},"geometry":{"type":"Point","coordinates":[-80.43036266054801,36.00028799937037]}},{"type":"Feature","properties":{"county_nam":"DAVIE","prec_id":"JERUSALEM","precinct_norm":"DAVIE - JERUSALEM","name":"Jerusalem","label":"Jerusalem","seims_code":"07","seims_desc":"JERUSALEM","source_vintage":"sbe_2006"},"geometry":{"type":"Point","coordinates":[-80.50054451540429,35.807249500238186]}},{"type":"Feature","properties":{"county_nam":"DAVIE","prec_id":"SHADY GROVE WEST","precinct_norm":"DAVIE - SHADY GROVE WEST","name":"Shady Grove West","label":"Shady Grove West","seims_code":"11","seims_desc":"WEST SHADY GROVE","source_vintage":"sbe_2006"},"geometry":{"type":"Point","coordinates":[-80.46673848552197,35.92922349983182]}},{"type":"Feature","properties":{"county_nam":"DAVIE","prec_id":"SHADY GROVE EAST","precinct_norm":"DAVIE - SHADY GROVE EAST","name":"Shady Grove East","label":"Shady Grove East","seims_code":"10","seims_desc":"EAST SHADY GROVE","source_vintage":"sbe_2006"},"geometry":{"type":"Point","coordinates":[-80.40730507337693,35.947553998804864]}},{"type":"Feature","properties":{"county_nam":"DAVIE","prec_id":"SMITH GROVE","precinct_norm":"DAVIE - SMITH GROVE","name":"Smith Grove","label":"Smith Grove","seims_code":"12","seims_desc":"SMITH GROVE","source_vintage":"sbe_2006"},"geometry":{"type":"Point","coordinates":[-80.4697065971427,35.974442999892574]}},{"type":"Feature","properties":{"county_nam":"DAVIE","prec_id":"MOCKSVILLE NORTH CITY","precinct_norm":"DAVIE - MOCKSVILLE NORTH CITY","name":"Mocksville North City","label":"Mocksville North City","seims_code":"08","seims_desc":"NORTH MOCKS-CITY","source_vintage":"sbe_2006"},"geometry":{"type":"Point","coordinates":[-80.54751341280515,35.903366500764584]}},{"type":"Feature","properties":{"county_nam":"DAVIE","prec_id":"MOCKSVILLE NORTH COUNTY","precinct_norm":"DAVIE - MOCKSVILLE NORTH COUNTY","name":"Mocksville North County","label":"Mocksville North County","seims_code":"14","seims_desc":"NORTH MOCKS-COUNTY","source_vintage":"sbe_2006"},"geometry":{"type":"Point","coordinates":[-80.56236174328265,35.93216100077886]}},{"type":"Feature","properties":{"county_nam":"DAVIE","prec_id":"MOCKSVILLE SOUTH","precinct_norm":"DAVIE - MOCKSVILLE SOUTH","name":"Mocksville South","label":"Mocksville South","seims_code":"09","seims_desc":"SOUTH MOCKSVILLE","source_vintage":"sbe_2006"},"geometry":{"type":"Point","coordinates":[-80.55040362384761,35.8753610002713]}},{"type":"Feature","properties":{"county_nam":"DUPLIN","prec_id":"ALBERTSON","precinct_norm":"DUPLIN - ALBERTSON","name":"Albertson","label":"Albertson","seims_code":"ALBE","seims_desc":"ALBERTSON","source_vintage":"sbe_2006"},"geometry":{"type":"Point","coordinates":[-77.79538879163883,35.11316249967756]}},{"type":"Feature","properties":{"county_nam":"DUPLIN","prec_id":"BEULAVILLE","precinct_norm":"DUPLIN - BEULAVILLE","name":"Beulaville","label":"Beulaville","seims_code":"BEUL","seims_desc":"BEULAVILLE","source_vintage":"sbe_2006"},"geometry":{"type":"Point","coordinates":[-77.72808509934808,34.929740000541074]}},{"type":"Feature","properties":{"county_nam":"DUPLIN","prec_id":"CALYPSO","precinct_norm":"DUPLIN - CALYPSO","name":"Calypso","label":"Calypso","seims_code":"CALY","seims_desc":"CALYPSO","source_vintage":"sbe_2006"},"geometry":{"type":"Point","coordinates":[-78.08378331120443,35.14640199887607]}},{"type":"Feature","properties":{"county_nam":"DUPLIN","prec_id":"CEDAR FORK","precinct_norm":"DUPLIN - CEDAR FORK","name":"Cedar Fork","label":"Cedar Fork","seims_code":"CFRK","seims_desc":"CEDAR FORK","source_vintage":"sbe_2006"},"geometry":{"type":"Point","coordinates":[-77.69636492408473,34.88237700081281]}},{"type":"Feature","properties":{"county_nam":"DUPLIN","prec_id":"CHARITY","precinct_norm":"DUPLIN - CHARITY","name":"Charity","label":"Charity","seims_code":"CHAR","seims_desc":"CHARITY","source_vintage":"sbe_2006"},"geometry":{"type":"Point","coordinates":[-77.91053255893888,34.8209025008617]}},{"type":"Feature","properties":{"county_nam":"DUPLIN","prec_id":"CHINQUAPIN","precinct_norm":"DUPLIN - CHINQUAPIN","name":"Chinquapin","label":"Chinquapin","seims_code":"CHIN","seims_desc":"CHINQUAPIN","source_vintage":"sbe_2006"},"geometry":{"type":"Point","coordinates":[-77.7131251653546,34.82941000025609]}},{"type":"Feature","properties":{"county_nam":"DUPLIN","prec_id":"CYPRESS CREEK","precinct_norm":"DUPLIN - CYPRESS CREEK","name":"Cypress Creek","label":"Cypress Creek","seims_code":"CYCK","seims_desc":"CYPRESS CREEK","source_vintage":"sbe_2006"},"geometry":{"type":"Point","coordinates":[-77.75660216628395,34.77506600158333]}},{"type":"Feature","properties":{"county_nam":"DUPLIN","prec_id":"FAISON","precinct_norm":"DUPLIN - FAISON","name":"Faison","label":"Faison","seims_code":"FAIS","seims_desc":"FAISON","source_vintage":"sbe_2006"},"geometry":{"type":"Point","coordinates":[-78.1135456240821,35.10200749879513]}},{"type":"Feature","properties":{"county_nam":"DUPLIN","prec_id":"GLISSON","precinct_norm":"DUPLIN - GLISSON","name":"Glisson","label":"Glisson","seims_code":"GLIS","seims_desc":"GLISSON","source_vintage":"sbe_2006"},"geometry":{"type":"Point","coordinates":[-77.86800250095817,35.0863885005956]}},{"type":"Feature","properties":{"county_nam":"DUPLIN","prec_id":"HALLSVILLE","precinct_norm":"DUPLIN - HALLSVILLE","name":"Hallsville","label":"Hallsville","seims_code":"HALL","seims_desc":"HALLSVILLE","source_vintage":"sbe_2006"},"geometry":{"type":"Point","coordinates":[-77.82052122209363,34.90678200025687]}},{"type":"Feature","properties":{"county_nam":"DUPLIN","prec_id":"KENANSVILLE","precinct_norm":"DUPLIN - KENANSVILLE","name":"Kenansville","label":"Kenansville","seims_code":"KENA","seims_desc":"KENANSVILLE","source_vintage":"sbe_2006"},"geometry":{"type":"Point","coordinates":[-77.94698021508825,34.957682000383905]}},{"type":"Feature","properties":{"county_nam":"DUPLIN","prec_id":"LOCKLIN","precinct_norm":"DUPLIN - LOCKLIN","name":"Locklin","label":"Locklin","seims_code":"LOCK","seims_desc":"LOCKLIN","source_vintage":"sbe_2006"},"geometry":{"type":"Point","coordinates":[-77.87379603997337,34.79355849836948]}},{"type":"Feature","properties":{"county_nam":"DUPLIN","prec_id":"MAGNOLIA","precinct_norm":"DUPLIN - MAGNOLIA","name":"Magnolia","label":"Magnolia","seims_code":"MAGN","seims_desc":"MAGNOLIA","source_vintage":"sbe_2006"},"geometry":{"type":"Point","coordinates":[-78.08149732505056,34.88075650003661]}},{"type":"Feature","properties":{"county_nam":"DUPLIN","prec_id":"ROCKFISH","precinct_norm":"DUPLIN - ROCKFISH","name":"Rockfish","label":"Rockfish","seims_code":"ROCK","seims_desc":"ROCKFISH","source_vintage":"sbe_2006"},"geometry":{"type":"Point","coordinates":[-78.1160791531224,34.7696854995299]}},{"type":"Feature","properties":{"county_nam":"DUPLIN","prec_id":"ROSE HILL","precinct_norm":"DUPLIN - ROSE HILL","name":"Rose Hill","label":"Rose Hill","seims_code":"ROSE","seims_desc":"ROSE HILL","source_vintage":"sbe_2006"},"geometry":{"type":"Point","coordinates":[-78.03019206822884,34.82105550022629]}},{"type":"Feature","properties":{"county_nam":"DUPLIN","prec_id":"SMITH/CABIN","precinct_norm":"DUPLIN - SMITH/CABIN","name":"Smith/Cabin","label":"Smith/Cabin","seims_code":"SMCA","seims_desc":"SMITH/CABIN","source_vintage":"sbe_2006"},"geometry":{"type":"Point","coordinates":[-77.79255054566104,35.01304650035466]}},{"type":"Feature","properties":{"county_nam":"DUPLIN","prec_id":"WALLACE","precinct_norm":"DUPLIN - WALLACE","name":"Wallace","label":"Wallace","seims_code":"WALL","seims_desc":"WALLACE","source_vintage":"sbe_2006"},"geometry":{"type":"Point","coordinates":[-77.97769912161269,34.76246999981964]}},{"type":"Feature","properties":{"county_nam":"DUPLIN","prec_id":"WARSAW","precinct_norm":"DUPLIN - WARSAW","name":"Warsaw","label":"Warsaw","seims_code":"WARS","seims_desc":"WARSAW","source_vintage":"sbe_2006"},"geometry":{"type":"Point","coordinates":[-78.08484894808434,34.97957649923379]}},{"type":"Feature","properties":{"county_nam":"DUPLIN","prec_id":"WOLFSCRAPE","precinct_norm":"DUPLIN - WOLFSCRAPE","name":"Wolfscrape","label":"Wolfscrape","seims_code":"WOLF","seims_desc":"WOLFSCRAPE","source_vintage":"sbe_2006"},"geometry":{"type":"Point","coordinates":[-77.97748155618783,35.12471249916677]}},{"type":"Feature","properties":{"county_nam":"DURHAM","prec_id":"01","precinct_norm":"DURHAM - 01","name":"01","label":"01","seims_code":"01","seims_desc":"01","source_vintage":"sbe_2006"},"geometry":{"type":"Point","coordinates":[-78.90908841119565,36.019442499225036]}},{"type":"Feature","properties":{"county_nam":"DURHAM","prec_id":"02","precinct_norm":"DURHAM - 02","name":"02","label":"02","seims_code":"02","seims_desc":"02","source_vintage":"sbe_2006"},"geometry":{"type":"Point","coordinates":[-78.91475894809626,36.01424300058585]}},{"type":"Feature","properties":{"county_nam":"DURHAM","prec_id":"03","precinct_norm":"DURHAM - 03","name":"03","label":"03","seims_code":"03","seims_desc":"03","source_vintage":"sbe_2006"},"geometry":{"type":"Point","coordinates":[-78.92586988141727,36.010993000982225]}},{"type":"Feature","properties":{"county_nam":"DURHAM","prec_id":"04","precinct_norm":"DURHAM - 04","name":"04","label":"04","seims_code":"04","seims_desc":"04","source_vintage":"sbe_2006"},"geometry":{"type":"Point","coordinates":[-78.9336434997185,36.02174200011618]}},{"type":"Feature","properties":{"county_nam":"DURHAM","prec_id":"05","precinct_norm":"DURHAM - 05","name":"05","label":"05","seims_code":"05","seims_desc":"05","source_vintage":"sbe_2006"},"geometry":{"type":"Point","coordinates":[-78.93840349099077,36.00484249950358]}},{"type":"Feature","properties":{"county_nam":"DURHAM","prec_id":"06","precinct_norm":"DURHAM - 06","name":"06","label":"06","seims_code":"06","seims_desc":"06","source_vintage":"sbe_2006"},"geometry":{"type":"Point","coordinates":[-78.94242350026293,35.98657099856082]}},{"type":"Feature","properties":{"county_nam":"DURHAM","prec_id":"07","precinct_norm":"DURHAM - 07","name":"07","label":"07","seims_code":"07","seims_desc":"07","source_vintage":"sbe_2006"},"geometry":{"type":"Point","coordinates":[-78.90687967073475,36.00319300105526]}},{"type":"Feature","properties":{"county_nam":"DURHAM","prec_id":"08","precinct_norm":"DURHAM - 08","name":"08","label":"08","seims_code":"08","seims_desc":"08","source_vintage":"sbe_2006"},"geometry":{"type":"Point","coordinates":[-78.9149949611583,35.99004300242713]}},{"type":"Feature","properties":{"county_nam":"DURHAM","prec_id":"09","precinct_norm":"DURHAM - 09","name":"09","label":"09","seims_code":"09","seims_desc":"09","source_vintage":"sbe_2006"},"geometry":{"type":"Point","coordinates":[-78.91945424151174,35.97236899827925]}},{"type":"Feature","properties":{"county_nam":"DURHAM","prec_id":"10","precinct_norm":"DURHAM - 10","name":"10","label":"10","seims_code":"10","seims_desc":"10","source_vintage":"sbe_2006"},"geometry":{"type":"Point","coordinates":[-78.90328053609305,35.985243998789784]}},{"type":"Feature","properties":{"county_nam":"DURHAM","prec_id":"12","precinct_norm":"DURHAM - 12","name":"12","label":"12","seims_code":"12","seims_desc":"12","source_vintage":"sbe_2006"},"geometry":{"type":"Point","coordinates":[-78.89395271439768,35.98319399822641]}},{"type":"Feature","properties":{"county_nam":"DURHAM","prec_id":"13","precinct_norm":"DURHAM - 13","name":"13","label":"13","seims_code":"13","seims_desc":"13","source_vintage":"sbe_2006"},"geometry":{"type":"Point","coordinates":[-78.883237063198,35.977393999593865]}},{"type":"Feature","properties":{"county_nam":"DURHAM","prec_id":"14","precinct_norm":"DURHAM - 14","name":"14","label":"14","seims_code":"14","seims_desc":"14","source_vintage":"sbe_2006"},"geometry":{"type":"Point","coordinates":[-78.8624737749933,35.97683850111503]}},{"type":"Feature","properties":{"county_nam":"DURHAM","prec_id":"15","precinct_norm":"DURHAM - 15","name":"15","label":"15","seims_code":"15","seims_desc":"15","source_vintage":"sbe_2006"},"geometry":{"type":"Point","coordinates":[-78.87526423597376,35.989543999569364]}},{"type":"Feature","properties":{"county_nam":"DURHAM","prec_id":"16","precinct_norm":"DURHAM - 16","name":"16","label":"16","seims_code":"16","seims_desc":"16","source_vintage":"sbe_2006"},"geometry":{"type":"Point","coordinates":[-78.94163796867787,35.91734650109328]}},{"type":"Feature","properties":{"county_nam":"DURHAM","prec_id":"17","precinct_norm":"DURHAM - 17","name":"17","label":"17","seims_code":"17","seims_desc":"17","source_vintage":"sbe_2006"},"geometry":{"type":"Point","coordinates":[-78.89317704966263,35.99389300023182]}},{"type":"Feature","properties":{"county_nam":"DURHAM","prec_id":"18","precinct_norm":"DURHAM - 18","name":"18","label":"18","seims_code":"18","seims_desc":"18","source_vintage":"sbe_2006"},"geometry":{"type":"Point","coordinates":[-78.868860029408,35.998128998153064]}},{"type":"Feature","properties":{"county_nam":"DURHAM","prec_id":"19","precinct_norm":"DURHAM - 19","name":"19","label":"19","seims_code":"19","seims_desc":"19","source_vintage":"sbe_2006"},"geometry":{"type":"Point","coordinates":[-78.85785423510623,36.015693499889466]}},{"type":"Feature","properties":{"county_nam":"DURHAM","prec_id":"20","precinct_norm":"DURHAM - 20","name":"20","label":"20","seims_code":"20","seims_desc":"20","source_vintage":"sbe_2006"},"geometry":{"type":"Point","coordinates":[-78.89816040745842,36.010492999478146]}},{"type":"Feature","properties":{"county_nam":"DURHAM","prec_id":"21","precinct_norm":"DURHAM - 21","name":"21","label":"21","seims_code":"21","seims_desc":"21","source_vintage":"sbe_2006"},"geometry":{"type":"Point","coordinates":[-78.89715257701349,36.025942999134955]}},{"type":"Feature","properties":{"county_nam":"DURHAM","prec_id":"22","precinct_norm":"DURHAM - 22","name":"22","label":"22","seims_code":"22","seims_desc":"22","source_vintage":"sbe_2006"},"geometry":{"type":"Point","coordinates":[-78.88160830922415,36.036243499079546]}},{"type":"Feature","properties":{"county_nam":"DURHAM","prec_id":"23","precinct_norm":"DURHAM - 23","name":"23","label":"23","seims_code":"23","seims_desc":"23","source_vintage":"sbe_2006"},"geometry":{"type":"Point","coordinates":[-78.89630295946549,36.060165497564014]}},{"type":"Feature","properties":{"county_nam":"DURHAM","prec_id":"24","precinct_norm":"DURHAM - 24","name":"24","label":"24","seims_code":"24","seims_desc":"24","source_vintage":"sbe_2006"},"geometry":{"type":"Point","coordinates":[-78.92887990297714,36.04094050050672]}},{"type":"Feature","properties":{"county_nam":"DURHAM","prec_id":"25","precinct_norm":"DURHAM - 25","name":"25","label":"25","seims_code":"25","seims_desc":"25","source_vintage":"sbe_2006"},"geometry":{"type":"Point","coordinates":[-78.91410520024817,36.132184499331316]}},{"type":"Feature","properties":{"county_nam":"DURHAM","prec_id":"26","precinct_norm":"DURHAM - 26","name":"26","label":"26","seims_code":"26","seims_desc":"26","source_vintage":"sbe_2006"},"geometry":{"type":"Point","coordinates":[-78.93121186969245,36.18826549973308]}},{"type":"Feature","properties":{"county_nam":"DURHAM","prec_id":"27","precinct_norm":"DURHAM - 27","name":"27","label":"27","seims_code":"27","seims_desc":"27","source_vintage":"sbe_2006"},"geometry":{"type":"Point","coordinates":[-79.0001592449346,35.92740800068908]}},{"type":"Feature","properties":{"county_nam":"DURHAM","prec_id":"28","precinct_norm":"DURHAM - 28","name":"28","label":"28","seims_code":"28","seims_desc":"28","source_vintage":"sbe_2006"},"geometry":{"type":"Point","coordinates":[-78.85484799550304,36.15475149913978]}},{"type":"Feature","properties":{"county_nam":"DURHAM","prec_id":"29","precinct_norm":"DURHAM - 29","name":"29","label":"29","seims_code":"29","seims_desc":"29","source_vintage":"sbe_2006"},"geometry":{"type":"Point","coordinates":[-78.8133529261752,36.050979498598124]}},{"type":"Feature","properties":{"county_nam":"DURHAM","prec_id":"30-1","precinct_norm":"DURHAM - 30-1","name":"30-1","label":"30-1","seims_code":"30-1","seims_desc":"30-1","source_vintage":"sbe_2006"},"geometry":{"type":"Point","coordinates":[-78.81442599766854,35.96174949952033]}},{"type":"Feature","properties":{"county_nam":"DURHAM","prec_id":"30-2","precinct_norm":"DURHAM - 30-2","name":"30-2","label":"30-2","seims_code":"30-2","seims_desc":"30-2","source_vintage":"sbe_2006"},"geometry":{"type":"Point","coordinates":[-78.80961889156289,36.00102499993784]}},{"type":"Feature","properties":{"county_nam":"DURHAM","prec_id":"31","precinct_norm":"DURHAM - 31","name":"31","label":"31","seims_code":"31","seims_desc":"31","source_vintage":"sbe_2006"},"geometry":{"type":"Point","coordinates":[-78.85987654890219,35.95204599860759]}},{"type":"Feature","properties":{"county_nam":"DURHAM","prec_id":"32","precinct_norm":"DURHAM - 32","name":"32","label":"32","seims_code":"32","seims_desc":"32","source_vintage":"sbe_2006"},"geometry":{"type":"Point","coordinates":[-78.74526423362356,35.993653999003044]}},{"type":"Feature","properties":{"county_nam":"DURHAM","prec_id":"33","precinct_norm":"DURHAM - 33","name":"33","label":"33","seims_code":"33","seims_desc":"33","source_vintage":"sbe_2006"},"geometry":{"type":"Point","coordinates":[-78.85427586682587,35.90586650001955]}},{"type":"Feature","properties":{"county_nam":"DURHAM","prec_id":"34","precinct_norm":"DURHAM - 34","name":"34","label":"34","seims_code":"34","seims_desc":"34","source_vintage":"sbe_2006"},"geometry":{"type":"Point","coordinates":[-78.90497353296828,35.93514949998898]}},{"type":"Feature","properties":{"county_nam":"DURHAM","prec_id":"35","precinct_norm":"DURHAM - 35","name":"35","label":"35","seims_code":"35","seims_desc":"35","source_vintage":"sbe_2006"},"geometry":{"type":"Point","coordinates":[-78.9189865731083,35.88831799867217]}},{"type":"Feature","properties":{"county_nam":"DURHAM","prec_id":"36","precinct_norm":"DURHAM - 36","name":"36","label":"36","seims_code":"36","seims_desc":"36","source_vintage":"sbe_2006"},"geometry":{"type":"Point","coordinates":[-78.9467364248379,35.965693502804534]}},{"type":"Feature","properties":{"county_nam":"DURHAM","prec_id":"37","precinct_norm":"DURHAM - 37","name":"37","label":"37","seims_code":"37","seims_desc":"37","source_vintage":"sbe_2006"},"geometry":{"type":"Point","coordinates":[-78.9624545526942,36.04899750146965]}},{"type":"Feature","properties":{"county_nam":"DURHAM","prec_id":"38","precinct_norm":"DURHAM - 38","name":"38","label":"38","seims_code":"38","seims_desc":"38","source_vintage":"sbe_2006"},"geometry":{"type":"Point","coordinates":[-78.9737859281932,35.937516500524254]}},{"type":"Feature","properties":{"county_nam":"DURHAM","prec_id":"39","precinct_norm":"DURHAM - 39","name":"39","label":"39","seims_code":"39","seims_desc":"39","source_vintage":"sbe_2006"},"geometry":{"type":"Point","coordinates":[-78.95415287525938,35.9394075017321]}},{"type":"Feature","properties":{"county_nam":"DURHAM","prec_id":"40","precinct_norm":"DURHAM - 40","name":"40","label":"40","seims_code":"40","seims_desc":"40","source_vintage":"sbe_2006"},"geometry":{"type":"Point","coordinates":[-78.92809740847622,35.97719349889721]}},{"type":"Feature","properties":{"county_nam":"DURHAM","prec_id":"41","precinct_norm":"DURHAM - 41","name":"41","label":"41","seims_code":"41","seims_desc":"41","source_vintage":"sbe_2006"},"geometry":{"type":"Point","coordinates":[-78.91447683809281,35.95489400196601]}},{"type":"Feature","properties":{"county_nam":"DURHAM","prec_id":"42","precinct_norm":"DURHAM - 42","name":"42","label":"42","seims_code":"42","seims_desc":"42","source_vintage":"sbe_2006"},"geometry":{"type":"Point","coordinates":[-78.90133495116017,35.959077499822726]}},{"type":"Feature","properties":{"county_nam":"DURHAM","prec_id":"43","precinct_norm":"DURHAM - 43","name":"43","label":"43","seims_code":"43","seims_desc":"43","source_vintage":"sbe_2006"},"geometry":{"type":"Point","coordinates":[-78.97628160155796,35.987507999974426]}},{"type":"Feature","properties":{"county_nam":"DURHAM","prec_id":"44","precinct_norm":"DURHAM - 44","name":"44","label":"44","seims_code":"44","seims_desc":"44","source_vintage":"sbe_2006"},"geometry":{"type":"Point","coordinates":[-78.94597009794583,36.10673250224417]}},{"type":"Feature","properties":{"county_nam":"DURHAM","prec_id":"45","precinct_norm":"DURHAM - 45","name":"45","label":"45","seims_code":"45","seims_desc":"45","source_vintage":"sbe_2006"},"geometry":{"type":"Point","coordinates":[-78.92887160983618,36.07726050159654]}},{"type":"Feature","properties":{"county_nam":"DURHAM","prec_id":"46","precinct_norm":"DURHAM - 46","name":"46","label":"46","seims_code":"46","seims_desc":"46","source_vintage":"sbe_2006"},"geometry":{"type":"Point","coordinates":[-78.90754141787014,36.0416835000989]}},{"type":"Feature","properties":{"county_nam":"DURHAM","prec_id":"47","precinct_norm":"DURHAM - 47","name":"47","label":"47","seims_code":"47","seims_desc":"47","source_vintage":"sbe_2006"},"geometry":{"type":"Point","coordinates":[-78.88485731491602,35.95114499958862]}},{"type":"Feature","properties":{"county_nam":"DURHAM","prec_id":"48","precinct_norm":"DURHAM - 48","name":"48","label":"48","seims_code":"48","seims_desc":"48","source_vintage":"sbe_2006"},"geometry":{"type":"Point","coordinates":[-78.94011794239407,35.940607500566045]}},{"type":"Feature","properties":{"county_nam":"DURHAM","prec_id":"50","precinct_norm":"DURHAM - 50","name":"50","label":"50","seims_code":"50","seims_desc":"50","source_vintage":"sbe_2006"},"geometry":{"type":"Point","coordinates":[-78.96632370698617,36.01826449883595]}},{"type":"Feature","properties":{"county_nam":"DURHAM","prec_id":"51","precinct_norm":"DURHAM - 51","name":"51","label":"51","seims_code":"51","seims_desc":"51","source_vintage":"sbe_2006"},"geometry":{"type":"Point","coordinates":[-78.93239510452287,35.934066500074216]}},{"type":"Feature","properties":{"county_nam":"DURHAM","prec_id":"52","precinct_norm":"DURHAM - 52","name":"52","label":"52","seims_code":"52","seims_desc":"52","source_vintage":"sbe_2006"},"geometry":{"type":"Point","coordinates":[-78.84846122712315,35.988410999581816]}},{"type":"Feature","properties":{"county_nam":"DURHAM","prec_id":"53-1","precinct_norm":"DURHAM - 53-1","name":"53-1","label":"53-1","seims_code":"53-1","seims_desc":"53-1","source_vintage":"sbe_2006"},"geometry":{"type":"Point","coordinates":[-78.9496986971631,35.89722000212027]}},{"type":"Feature","properties":{"county_nam":"DURHAM","prec_id":"53-2","precinct_norm":"DURHAM - 53-2","name":"53-2","label":"53-2","seims_code":"53-2","seims_desc":"53-2","source_vintage":"sbe_2006"},"geometry":{"type":"Point","coordinates":[-78.98434067950686,35.891321001139126]}},{"type":"Feature","properties":{"county_nam":"DURHAM","prec_id":"54","precinct_norm":"DURHAM - 54","name":"54","label":"54","seims_code":"54","seims_desc":"54","source_vintage":"sbe_2006"},"geometry":{"type":"Point","coordinates":[-78.91226746174146,35.91405499824042]}},{"type":"Feature","properties":{"county_nam":"DURHAM","prec_id":"55","precinct_norm":"DURHAM - 55","name":"55","label":"55","seims_code":"55","seims_desc":"55","source_vintage":"sbe_2006"},"geometry":{"type":"Point","coordinates":[-78.90488928433412,35.96945599899994]}},{"type":"Feature","properties":{"county_nam":"EDGECOMBE","prec_id":"BATTLEBORO","precinct_norm":"EDGECOMBE - BATTLEBORO","name":"Battleboro","label":"Battleboro","seims_code":"0701","seims_desc":"BATTLEBORO","source_vintage":"sbe_2006"},"geometry":{"type":"Point","coordinates":[-77.71239752760007,36.00792750296566]}},{"type":"Feature","properties":{"county_nam":"EDGECOMBE","prec_id":"CONETOE","precinct_norm":"EDGECOMBE - CONETOE","name":"Conetoe","label":"Conetoe","seims_code":"0201","seims_desc":"CONETOE","source_vintage":"sbe_2006"},"geometry":{"type":"Point","coordinates":[-77.48116315814724,35.82401400111]}},{"type":"Feature","properties":{"county_nam":"EDGECOMBE","prec_id":"LAWRENCE","precinct_norm":"EDGECOMBE - LAWRENCE","name":"Lawrence","label":"Lawrence","seims_code":"0401","seims_desc":"LAWRENCE","source_vintage":"sbe_2006"},"geometry":{"type":"Point","coordinates":[-77.49598124642424,35.97216199863027]}},{"type":"Feature","properties":{"county_nam":"EDGECOMBE","prec_id":"LEGGETT","precinct_norm":"EDGECOMBE - LEGGETT","name":"Leggett","label":"Leggett","seims_code":"0501","seims_desc":"LEGGETT","source_vintage":"sbe_2006"},"geometry":{"type":"Point","coordinates":[-77.57973454539064,35.991262500424]}},{"type":"Feature","properties":{"county_nam":"EDGECOMBE","prec_id":"LEWIS","precinct_norm":"EDGECOMBE - LEWIS","name":"Lewis","label":"Lewis","seims_code":"1101","seims_desc":"LEWIS","source_vintage":"sbe_2006"},"geometry":{"type":"Point","coordinates":[-77.63889545442117,35.88614400034702]}},{"type":"Feature","properties":{"county_nam":"EDGECOMBE","prec_id":"MACCLESFIELD","precinct_norm":"EDGECOMBE - MACCLESFIELD","name":"Macclesfield","label":"Macclesfield","seims_code":"0901","seims_desc":"MACCLESFIELD","source_vintage":"sbe_2006"},"geometry":{"type":"Point","coordinates":[-77.64872171014241,35.72221449964924]}},{"type":"Feature","properties":{"county_nam":"EDGECOMBE","prec_id":"OLD SPARTA","precinct_norm":"EDGECOMBE - OLD SPARTA","name":"Old Sparta","label":"Old Sparta","seims_code":"0801","seims_desc":"OLD SPARTA","source_vintage":"sbe_2006"},"geometry":{"type":"Point","coordinates":[-77.57603740409172,35.79851049964019]}},{"type":"Feature","properties":{"county_nam":"EDGECOMBE","prec_id":"PINETOPS","precinct_norm":"EDGECOMBE - PINETOPS","name":"Pinetops","label":"Pinetops","seims_code":"1001","seims_desc":"PINETOPS","source_vintage":"sbe_2006"},"geometry":{"type":"Point","coordinates":[-77.6680939808017,35.78761199914371]}},{"type":"Feature","properties":{"county_nam":"EDGECOMBE","prec_id":"ROCKY MOUNT 1","precinct_norm":"EDGECOMBE - ROCKY MOUNT 1","name":"Rocky Mount 1","label":"Rocky Mount 1","seims_code":"1201","seims_desc":"ROCKY MOUNT 1","source_vintage":"sbe_2006"},"geometry":{"type":"Point","coordinates":[-77.77544247642595,35.93558699887446]}},{"type":"Feature","properties":{"county_nam":"EDGECOMBE","prec_id":"ROCKY MOUNT 2","precinct_norm":"EDGECOMBE - ROCKY MOUNT 2","name":"Rocky Mount 2","label":"Rocky Mount 2","seims_code":"1202","seims_desc":"ROCKY MOUNT 2","source_vintage":"sbe_2006"},"geometry":{"type":"Point","coordinates":[-77.79491010017745,35.92889049966614]}},{"type":"Feature","properties":{"county_nam":"EDGECOMBE","prec_id":"ROCKY MOUNT 4","precinct_norm":"EDGECOMBE - ROCKY MOUNT 4","name":"Rocky Mount 4","label":"Rocky Mount 4","seims_code":"1204","seims_desc":"ROCKY MOUNT 4","source_vintage":"sbe_2006"},"geometry":{"type":"Point","coordinates":[-77.76246846913918,35.95543500110634]}},{"type":"Feature","properties":{"county_nam":"EDGECOMBE","prec_id":"ROCKY MOUNT 5","precinct_norm":"EDGECOMBE - ROCKY MOUNT 5","name":"Rocky Mount 5","label":"Rocky Mount 5","seims_code":"1205","seims_desc":"ROCKY MOUNT 5","source_vintage":"sbe_2006"},"geometry":{"type":"Point","coordinates":[-77.7837219611232,35.956259501197835]}},{"type":"Feature","properties":{"county_nam":"EDGECOMBE","prec_id":"SHARPSBURG","precinct_norm":"EDGECOMBE - SHARPSBURG","name":"Sharpsburg","label":"Sharpsburg","seims_code":"1401","seims_desc":"SHARPSBURG","source_vintage":"sbe_2006"},"geometry":{"type":"Point","coordinates":[-77.78579553117639,35.867045499413734]}},{"type":"Feature","properties":{"county_nam":"EDGECOMBE","prec_id":"SPEED","precinct_norm":"EDGECOMBE - SPEED","name":"Speed","label":"Speed","seims_code":"0301","seims_desc":"SPEED","source_vintage":"sbe_2006"},"geometry":{"type":"Point","coordinates":[-77.40684649478663,35.916955502663]}},{"type":"Feature","properties":{"county_nam":"EDGECOMBE","prec_id":"TARBORO 1","precinct_norm":"EDGECOMBE - TARBORO 1","name":"Tarboro 1","label":"Tarboro 1","seims_code":"0101","seims_desc":"TARBORO 1","source_vintage":"sbe_2006"},"geometry":{"type":"Point","coordinates":[-77.51074767256759,35.905245497475946]}},{"type":"Feature","properties":{"county_nam":"EDGECOMBE","prec_id":"TARBORO 2","precinct_norm":"EDGECOMBE - TARBORO 2","name":"Tarboro 2","label":"Tarboro 2","seims_code":"0102","seims_desc":"TARBORO 2","source_vintage":"sbe_2006"},"geometry":{"type":"Point","coordinates":[-77.55543523430168,35.876834500912665]}},{"type":"Feature","properties":{"county_nam":"EDGECOMBE","prec_id":"TARBORO 3","precinct_norm":"EDGECOMBE - TARBORO 3","name":"Tarboro 3","label":"Tarboro 3","seims_code":"0103","seims_desc":"TARBORO 3","source_vintage":"sbe_2006"},"geometry":{"type":"Point","coordinates":[-77.58030351432356,35.91032249875203]}},{"type":"Feature","properties":{"county_nam":"EDGECOMBE","prec_id":"TARBORO 4","precinct_norm":"EDGECOMBE - TARBORO 4","name":"Tarboro 4","label":"Tarboro 4","seims_code":"0104","seims_desc":"TARBORO 4","source_vintage":"sbe_2006"},"geometry":{"type":"Point","coordinates":[-77.58659360948262,35.92765849993031]}},{"type":"Feature","properties":{"county_nam":"EDGECOMBE","prec_id":"TEMPERANCE HALL","precinct_norm":"EDGECOMBE - TEMPERANCE HALL","name":"Temperance Hall","label":"Temperance Hall","seims_code":"1301","seims_desc":"TEMPERANCE HALL","source_vintage":"sbe_2006"},"geometry":{"type":"Point","coordinates":[-77.69739052377605,35.8387555008688]}},{"type":"Feature","properties":{"county_nam":"EDGECOMBE","prec_id":"WEST EDGECOMBE","precinct_norm":"EDGECOMBE - WEST EDGECOMBE","name":"West Edgecombe","label":"West Edgecombe","seims_code":"1203","seims_desc":"WEST EDGECOMBE","source_vintage":"sbe_2006"},"geometry":{"type":"Point","coordinates":[-77.71112189875572,35.92852600094754]}},{"type":"Feature","properties":{"county_nam":"EDGECOMBE","prec_id":"WHITAKERS","precinct_norm":"EDGECOMBE - WHITAKERS","name":"Whitakers","label":"Whitakers","seims_code":"0601","seims_desc":"WHITAKERS","source_vintage":"sbe_2006"},"geometry":{"type":"Point","coordinates":[-77.61901321521836,36.07289699939921]}},{"type":"Feature","properties":{"county_nam":"FORSYTH","prec_id":"011","precinct_norm":"FORSYTH - 011","name":"011","label":"011","seims_code":"011","seims_desc":"GLENN HIGH SCHOOL","source_vintage":"sbe_2006"},"geometry":{"type":"Point","coordinates":[-80.12126271189737,36.07056549836928]}},{"type":"Feature","properties":{"county_nam":"FORSYTH","prec_id":"012","precinct_norm":"FORSYTH - 012","name":"012","label":"012","seims_code":"012","seims_desc":"UNION CROSS ELEM SCHOOL","source_vintage":"sbe_2006"},"geometry":{"type":"Point","coordinates":[-80.06457344701087,36.04286449997845]}},{"type":"Feature","properties":{"county_nam":"FORSYTH","prec_id":"013","precinct_norm":"FORSYTH - 013","name":"013","label":"013","seims_code":"013","seims_desc":"SEDGE GARDEN ELEM SCH","source_vintage":"sbe_2006"},"geometry":{"type":"Point","coordinates":[-80.11786447639676,36.10035250086909]}},{"type":"Feature","properties":{"county_nam":"FORSYTH","prec_id":"014","precinct_norm":"FORSYTH - 014","name":"014","label":"014","seims_code":"014","seims_desc":"BEESONS CROSSROADS FIRE","source_vintage":"sbe_2006"},"geometry":{"type":"Point","coordinates":[-80.06795648257213,36.08972350024497]}},{"type":"Feature","properties":{"county_nam":"FORSYTH","prec_id":"015","precinct_norm":"FORSYTH - 015","name":"015","label":"015","seims_code":"015","seims_desc":"SOUTHEAST MIDDLE SCHOOL","source_vintage":"sbe_2006"},"geometry":{"type":"Point","coordinates":[-80.08767098188144,36.06362600019721]}},{"type":"Feature","properties":{"county_nam":"FORSYTH","prec_id":"021","precinct_norm":"FORSYTH - 021","name":"021","label":"021","seims_code":"021","seims_desc":"BELEWS CREEK FIRE STATION","source_vintage":"sbe_2006"},"geometry":{"type":"Point","coordinates":[-80.09053791609799,36.217287497609284]}},{"type":"Feature","properties":{"county_nam":"FORSYTH","prec_id":"031","precinct_norm":"FORSYTH - 031","name":"031","label":"031","seims_code":"031","seims_desc":"RURAL HALL ELEM SCHOOL","source_vintage":"sbe_2006"},"geometry":{"type":"Point","coordinates":[-80.26804458114994,36.23002250150142]}},{"type":"Feature","properties":{"county_nam":"FORSYTH","prec_id":"032","precinct_norm":"FORSYTH - 032","name":"032","label":"032","seims_code":"032","seims_desc":"NORTHWEST MIDDLE SCHOOL","source_vintage":"sbe_2006"},"geometry":{"type":"Point","coordinates":[-80.32694191083415,36.215784500254934]}},{"type":"Feature","properties":{"county_nam":"FORSYTH","prec_id":"033","precinct_norm":"FORSYTH - 033","name":"033","label":"033","seims_code":"033","seims_desc":"ST ANDREWS PRES CHURCH","source_vintage":"sbe_2006"},"geometry":{"type":"Point","coordinates":[-80.2547867082855,36.20846749927948]}},{"type":"Feature","properties":{"county_nam":"FORSYTH","prec_id":"034","precinct_norm":"FORSYTH - 034","name":"034","label":"034","seims_code":"034","seims_desc":"KINGSWOOD UNITED METH","source_vintage":"sbe_2006"},"geometry":{"type":"Point","coordinates":[-80.30885868922263,36.230837499884345]}},{"type":"Feature","properties":{"county_nam":"FORSYTH","prec_id":"042","precinct_norm":"FORSYTH - 042","name":"042","label":"042","seims_code":"042","seims_desc":"FELLOWSHIP BAPT CHURCH","source_vintage":"sbe_2006"},"geometry":{"type":"Point","coordinates":[-80.22917367259123,36.0211154996172]}},{"type":"Feature","properties":{"county_nam":"FORSYTH","prec_id":"043","precinct_norm":"FORSYTH - 043","name":"043","label":"043","seims_code":"043","seims_desc":"FRIEDLAND MORAV CHURCH","source_vintage":"sbe_2006"},"geometry":{"type":"Point","coordinates":[-80.16536035396493,36.050130499347176]}},{"type":"Feature","properties":{"county_nam":"FORSYTH","prec_id":"051","precinct_norm":"FORSYTH - 051","name":"051","label":"051","seims_code":"051","seims_desc":"CLEMMONS ELEM SCHOOL","source_vintage":"sbe_2006"},"geometry":{"type":"Point","coordinates":[-80.36917626694819,36.022903998844455]}},{"type":"Feature","properties":{"county_nam":"FORSYTH","prec_id":"052","precinct_norm":"FORSYTH - 052","name":"052","label":"052","seims_code":"052","seims_desc":"CLEMMONS PRES CHURCH","source_vintage":"sbe_2006"},"geometry":{"type":"Point","coordinates":[-80.40628438197777,36.01953099884081]}},{"type":"Feature","properties":{"county_nam":"FORSYTH","prec_id":"053","precinct_norm":"FORSYTH - 053","name":"053","label":"053","seims_code":"053","seims_desc":"VFW POST 9010","source_vintage":"sbe_2006"},"geometry":{"type":"Point","coordinates":[-80.36500798839083,35.99463450110318]}},{"type":"Feature","properties":{"county_nam":"FORSYTH","prec_id":"054","precinct_norm":"FORSYTH - 054","name":"054","label":"054","seims_code":"054","seims_desc":"CLEMMONS CIVIC CENTER","source_vintage":"sbe_2006"},"geometry":{"type":"Point","coordinates":[-80.40128219980068,35.99808650220268]}},{"type":"Feature","properties":{"county_nam":"FORSYTH","prec_id":"055","precinct_norm":"FORSYTH - 055","name":"055","label":"055","seims_code":"055","seims_desc":"HOLY FAMILY CATHOLIC CHURCH","source_vintage":"sbe_2006"},"geometry":{"type":"Point","coordinates":[-80.41605954298876,36.0299999997213]}},{"type":"Feature","properties":{"county_nam":"FORSYTH","prec_id":"061","precinct_norm":"FORSYTH - 061","name":"061","label":"061","seims_code":"061","seims_desc":"KERNERSVILLE LIBRARY","source_vintage":"sbe_2006"},"geometry":{"type":"Point","coordinates":[-80.05587432860939,36.120727999747075]}},{"type":"Feature","properties":{"county_nam":"FORSYTH","prec_id":"062","precinct_norm":"FORSYTH - 062","name":"062","label":"062","seims_code":"062","seims_desc":"PINEY GROVE FIRE STATION","source_vintage":"sbe_2006"},"geometry":{"type":"Point","coordinates":[-80.07270760213746,36.156978999853735]}},{"type":"Feature","properties":{"county_nam":"FORSYTH","prec_id":"063","precinct_norm":"FORSYTH - 063","name":"063","label":"063","seims_code":"063","seims_desc":"CASH ELEMENTARY SCHOOL","source_vintage":"sbe_2006"},"geometry":{"type":"Point","coordinates":[-80.11509158648946,36.138966498349845]}},{"type":"Feature","properties":{"county_nam":"FORSYTH","prec_id":"064","precinct_norm":"FORSYTH - 064","name":"064","label":"064","seims_code":"064","seims_desc":"KERNERSVILLE ELEM SCHOOL","source_vintage":"sbe_2006"},"geometry":{"type":"Point","coordinates":[-80.07937117005764,36.12868399912156]}},{"type":"Feature","properties":{"county_nam":"FORSYTH","prec_id":"065","precinct_norm":"FORSYTH - 065","name":"065","label":"065","seims_code":"065","seims_desc":"ROBINWOOD AT KERNERSVILLE","source_vintage":"sbe_2006"},"geometry":{"type":"Point","coordinates":[-80.098887813891,36.11973600000509]}},{"type":"Feature","properties":{"county_nam":"FORSYTH","prec_id":"066","precinct_norm":"FORSYTH - 066","name":"066","label":"066","seims_code":"066","seims_desc":"PINEY GROVE ELEMENTARY","source_vintage":"sbe_2006"},"geometry":{"type":"Point","coordinates":[-80.05005509693092,36.15068799967125]}},{"type":"Feature","properties":{"county_nam":"FORSYTH","prec_id":"067","precinct_norm":"FORSYTH - 067","name":"067","label":"067","seims_code":"067","seims_desc":"KERNERSVILLE RECREATION","source_vintage":"sbe_2006"},"geometry":{"type":"Point","coordinates":[-80.07883731579955,36.10364450005216]}},{"type":"Feature","properties":{"county_nam":"FORSYTH","prec_id":"068","precinct_norm":"FORSYTH - 068","name":"068","label":"068","seims_code":"068","seims_desc":"GOOD SHEPHERD MO","source_vintage":"sbe_2006"},"geometry":{"type":"Point","coordinates":[-80.10903293442183,36.1598800011396]}},{"type":"Feature","properties":{"county_nam":"FORSYTH","prec_id":"071","precinct_norm":"FORSYTH - 071","name":"071","label":"071","seims_code":"071","seims_desc":"LEWISVILLE ELEMENTARY","source_vintage":"sbe_2006"},"geometry":{"type":"Point","coordinates":[-80.4025477293448,36.08919500017916]}},{"type":"Feature","properties":{"county_nam":"FORSYTH","prec_id":"072","precinct_norm":"FORSYTH - 072","name":"072","label":"072","seims_code":"072","seims_desc":"SOUTHWEST ELEM SCHOOL","source_vintage":"sbe_2006"},"geometry":{"type":"Point","coordinates":[-80.39187600057065,36.06363699806853]}},{"type":"Feature","properties":{"county_nam":"FORSYTH","prec_id":"073","precinct_norm":"FORSYTH - 073","name":"073","label":"073","seims_code":"073","seims_desc":"UNITY MORAVIAN CHURCH","source_vintage":"sbe_2006"},"geometry":{"type":"Point","coordinates":[-80.46216704097013,36.07310199944241]}},{"type":"Feature","properties":{"county_nam":"FORSYTH","prec_id":"074","precinct_norm":"FORSYTH - 074","name":"074","label":"074","seims_code":"074","seims_desc":"MEADOWLARK MIDDLE SCHOOL","source_vintage":"sbe_2006"},"geometry":{"type":"Point","coordinates":[-80.36596918479802,36.08817249865608]}},{"type":"Feature","properties":{"county_nam":"FORSYTH","prec_id":"075","precinct_norm":"FORSYTH - 075","name":"075","label":"075","seims_code":"075","seims_desc":"LEWISVILLE LIBRARY","source_vintage":"sbe_2006"},"geometry":{"type":"Point","coordinates":[-80.48235674100297,36.1058485009653]}},{"type":"Feature","properties":{"county_nam":"FORSYTH","prec_id":"081","precinct_norm":"FORSYTH - 081","name":"081","label":"081","seims_code":"081","seims_desc":"OAK SUMMIT UNITED METHODIST","source_vintage":"sbe_2006"},"geometry":{"type":"Point","coordinates":[-80.2321038615182,36.172154499947965]}},{"type":"Feature","properties":{"county_nam":"FORSYTH","prec_id":"082","precinct_norm":"FORSYTH - 082","name":"082","label":"082","seims_code":"082","seims_desc":"EAST FORSYTH HIGH SCHOOL","source_vintage":"sbe_2006"},"geometry":{"type":"Point","coordinates":[-80.17087157202434,36.139180498668]}},{"type":"Feature","properties":{"county_nam":"FORSYTH","prec_id":"083","precinct_norm":"FORSYTH - 083","name":"083","label":"083","seims_code":"083","seims_desc":"IBRAHAM ELEM SCHOOL","source_vintage":"sbe_2006"},"geometry":{"type":"Point","coordinates":[-80.18820356482377,36.16098699991491]}},{"type":"Feature","properties":{"county_nam":"FORSYTH","prec_id":"091","precinct_norm":"FORSYTH - 091","name":"091","label":"091","seims_code":"091","seims_desc":"TOBACCOVILLE COMMUNITY CENTER","source_vintage":"sbe_2006"},"geometry":{"type":"Point","coordinates":[-80.41074212963608,36.221979501128985]}},{"type":"Feature","properties":{"county_nam":"FORSYTH","prec_id":"092","precinct_norm":"FORSYTH - 092","name":"092","label":"092","seims_code":"092","seims_desc":"MACEDONIA BAPT CHURCH","source_vintage":"sbe_2006"},"geometry":{"type":"Point","coordinates":[-80.36589747953838,36.22214200170436]}},{"type":"Feature","properties":{"county_nam":"FORSYTH","prec_id":"101","precinct_norm":"FORSYTH - 101","name":"101","label":"101","seims_code":"101","seims_desc":"BETHANIA MORAV CHURCH","source_vintage":"sbe_2006"},"geometry":{"type":"Point","coordinates":[-80.32617700177732,36.18321499845296]}},{"type":"Feature","properties":{"county_nam":"FORSYTH","prec_id":"111","precinct_norm":"FORSYTH - 111","name":"111","label":"111","seims_code":"111","seims_desc":"PROVIDENCE MORAVIAN CHURCH","source_vintage":"sbe_2006"},"geometry":{"type":"Point","coordinates":[-80.21185389646426,36.21613700124366]}},{"type":"Feature","properties":{"county_nam":"FORSYTH","prec_id":"112","precinct_norm":"FORSYTH - 112","name":"112","label":"112","seims_code":"112","seims_desc":"WALKERTOWN LIBRARY","source_vintage":"sbe_2006"},"geometry":{"type":"Point","coordinates":[-80.16267965443329,36.212120999173365]}},{"type":"Feature","properties":{"county_nam":"FORSYTH","prec_id":"122","precinct_norm":"FORSYTH - 122","name":"122","label":"122","seims_code":"122","seims_desc":"GRIFFITH FIRE STATION","source_vintage":"sbe_2006"},"geometry":{"type":"Point","coordinates":[-80.29629560403185,36.015687998170186]}},{"type":"Feature","properties":{"county_nam":"FORSYTH","prec_id":"123","precinct_norm":"FORSYTH - 123","name":"123","label":"123","seims_code":"123","seims_desc":"FORSYTH FRIENDS MTG HSE","source_vintage":"sbe_2006"},"geometry":{"type":"Point","coordinates":[-80.35110296980275,36.06591200063207]}},{"type":"Feature","properties":{"county_nam":"FORSYTH","prec_id":"131","precinct_norm":"FORSYTH - 131","name":"131","label":"131","seims_code":"131","seims_desc":"VIENNA ELEMENTARY SCHOOL","source_vintage":"sbe_2006"},"geometry":{"type":"Point","coordinates":[-80.38026749892589,36.136752001222945]}},{"type":"Feature","properties":{"county_nam":"FORSYTH","prec_id":"132","precinct_norm":"FORSYTH - 132","name":"132","label":"132","seims_code":"132","seims_desc":"PFAFFTOWN CHRISTIAN","source_vintage":"sbe_2006"},"geometry":{"type":"Point","coordinates":[-80.38181174757372,36.16023999941383]}},{"type":"Feature","properties":{"county_nam":"FORSYTH","prec_id":"133","precinct_norm":"FORSYTH - 133","name":"133","label":"133","seims_code":"133","seims_desc":"SHILOH LUTHERAN CHURCH","source_vintage":"sbe_2006"},"geometry":{"type":"Point","coordinates":[-80.42614450284354,36.14372549999881]}},{"type":"Feature","properties":{"county_nam":"FORSYTH","prec_id":"201","precinct_norm":"FORSYTH - 201","name":"201","label":"201","seims_code":"201","seims_desc":"BROWN DOUGLAS RECREATION","source_vintage":"sbe_2006"},"geometry":{"type":"Point","coordinates":[-80.27864890732637,36.154089500000524]}},{"type":"Feature","properties":{"county_nam":"FORSYTH","prec_id":"203","precinct_norm":"FORSYTH - 203","name":"203","label":"203","seims_code":"203","seims_desc":"MARTIN LUTHER KING REC","source_vintage":"sbe_2006"},"geometry":{"type":"Point","coordinates":[-80.24947578791051,36.115437000167034]}},{"type":"Feature","properties":{"county_nam":"FORSYTH","prec_id":"204","precinct_norm":"FORSYTH - 204","name":"204","label":"204","seims_code":"204","seims_desc":"JOEL/VETERANS COLISEUM","source_vintage":"sbe_2006"},"geometry":{"type":"Point","coordinates":[-80.25240150226739,36.13143700121637]}},{"type":"Feature","properties":{"county_nam":"FORSYTH","prec_id":"205","precinct_norm":"FORSYTH - 205","name":"205","label":"205","seims_code":"205","seims_desc":"PAISLEY MIDDLE SCHOOL","source_vintage":"sbe_2006"},"geometry":{"type":"Point","coordinates":[-80.26119692672243,36.112142498975466]}},{"type":"Feature","properties":{"county_nam":"FORSYTH","prec_id":"206","precinct_norm":"FORSYTH - 206","name":"206","label":"206","seims_code":"206","seims_desc":"NORTH HILLS ELEMENTARY SCHOOL","source_vintage":"sbe_2006"},"geometry":{"type":"Point","coordinates":[-80.25556119732579,36.154215000615345]}},{"type":"Feature","properties":{"county_nam":"FORSYTH","prec_id":"207","precinct_norm":"FORSYTH - 207","name":"207","label":"207","seims_code":"207","seims_desc":"NEW HOPE UNITED METH","source_vintage":"sbe_2006"},"geometry":{"type":"Point","coordinates":[-80.27941769552652,36.175776498138966]}},{"type":"Feature","properties":{"county_nam":"FORSYTH","prec_id":"301","precinct_norm":"FORSYTH - 301","name":"301","label":"301","seims_code":"301","seims_desc":"ASHLEY ELEMENTARY SCHOOL","source_vintage":"sbe_2006"},"geometry":{"type":"Point","coordinates":[-80.22823973152967,36.118986998912675]}},{"type":"Feature","properties":{"county_nam":"FORSYTH","prec_id":"302","precinct_norm":"FORSYTH - 302","name":"302","label":"302","seims_code":"302","seims_desc":"HANES/LOWRANCE MIDDLE SCHOOL","source_vintage":"sbe_2006"},"geometry":{"type":"Point","coordinates":[-80.2383704999891,36.129786997893774]}},{"type":"Feature","properties":{"county_nam":"FORSYTH","prec_id":"303","precinct_norm":"FORSYTH - 303","name":"303","label":"303","seims_code":"303","seims_desc":"JOHN WESLEY AME ZION CHURCH","source_vintage":"sbe_2006"},"geometry":{"type":"Point","coordinates":[-80.22829524811077,36.12423699903798]}},{"type":"Feature","properties":{"county_nam":"FORSYTH","prec_id":"304","precinct_norm":"FORSYTH - 304","name":"304","label":"304","seims_code":"304","seims_desc":"FORSYTH TECH CC WOODRUFF CTR","source_vintage":"sbe_2006"},"geometry":{"type":"Point","coordinates":[-80.21991999827344,36.13573699979624]}},{"type":"Feature","properties":{"county_nam":"FORSYTH","prec_id":"305","precinct_norm":"FORSYTH - 305","name":"305","label":"305","seims_code":"305","seims_desc":"CARVER HIGH SCHOOL","source_vintage":"sbe_2006"},"geometry":{"type":"Point","coordinates":[-80.2033952925405,36.140736999012574]}},{"type":"Feature","properties":{"county_nam":"FORSYTH","prec_id":"306","precinct_norm":"FORSYTH - 306","name":"306","label":"306","seims_code":"306","seims_desc":"MINERAL SPRINGS ELEM SCHOOL","source_vintage":"sbe_2006"},"geometry":{"type":"Point","coordinates":[-80.23593478708017,36.15338699999154]}},{"type":"Feature","properties":{"county_nam":"FORSYTH","prec_id":"401","precinct_norm":"FORSYTH - 401","name":"401","label":"401","seims_code":"401","seims_desc":"WINSTON LAKE FAM YMCA","source_vintage":"sbe_2006"},"geometry":{"type":"Point","coordinates":[-80.17722816139415,36.10898500090967]}},{"type":"Feature","properties":{"county_nam":"FORSYTH","prec_id":"402","precinct_norm":"FORSYTH - 402","name":"402","label":"402","seims_code":"402","seims_desc":"14TH STREET RECREATION","source_vintage":"sbe_2006"},"geometry":{"type":"Point","coordinates":[-80.21800684848182,36.11153699916022]}},{"type":"Feature","properties":{"county_nam":"FORSYTH","prec_id":"403","precinct_norm":"FORSYTH - 403","name":"403","label":"403","seims_code":"403","seims_desc":"LEAP ACADEMY AT KENNEDY","source_vintage":"sbe_2006"},"geometry":{"type":"Point","coordinates":[-80.23954254995161,36.10648900060235]}},{"type":"Feature","properties":{"county_nam":"FORSYTH","prec_id":"404","precinct_norm":"FORSYTH - 404","name":"404","label":"404","seims_code":"404","seims_desc":"EAST WINSTON HERITAGE CENTER","source_vintage":"sbe_2006"},"geometry":{"type":"Point","coordinates":[-80.23122471399807,36.09950299975941]}},{"type":"Feature","properties":{"county_nam":"FORSYTH","prec_id":"405","precinct_norm":"FORSYTH - 405","name":"405","label":"405","seims_code":"405","seims_desc":"SIMS RECREATION CENTER","source_vintage":"sbe_2006"},"geometry":{"type":"Point","coordinates":[-80.23014075148814,36.0829689968881]}},{"type":"Feature","properties":{"county_nam":"FORSYTH","prec_id":"501","precinct_norm":"FORSYTH - 501","name":"501","label":"501","seims_code":"501","seims_desc":"ST ANDREWS METHODIST CHURCH","source_vintage":"sbe_2006"},"geometry":{"type":"Point","coordinates":[-80.2004190207366,36.08282799904372]}},{"type":"Feature","properties":{"county_nam":"FORSYTH","prec_id":"502","precinct_norm":"FORSYTH - 502","name":"502","label":"502","seims_code":"502","seims_desc":"FOREST PARK ELEMENTARY","source_vintage":"sbe_2006"},"geometry":{"type":"Point","coordinates":[-80.21497750270805,36.079762998146556]}},{"type":"Feature","properties":{"county_nam":"FORSYTH","prec_id":"503","precinct_norm":"FORSYTH - 503","name":"503","label":"503","seims_code":"503","seims_desc":"TRINITY MORAV CHURCH","source_vintage":"sbe_2006"},"geometry":{"type":"Point","coordinates":[-80.23030918977173,36.067245999878054]}},{"type":"Feature","properties":{"county_nam":"FORSYTH","prec_id":"504","precinct_norm":"FORSYTH - 504","name":"504","label":"504","seims_code":"504","seims_desc":"HILL MIDDLE SCHOOL","source_vintage":"sbe_2006"},"geometry":{"type":"Point","coordinates":[-80.21097719134288,36.06443700141253]}},{"type":"Feature","properties":{"county_nam":"FORSYTH","prec_id":"505","precinct_norm":"FORSYTH - 505","name":"505","label":"505","seims_code":"505","seims_desc":"EASTON ELEMENTARY","source_vintage":"sbe_2006"},"geometry":{"type":"Point","coordinates":[-80.21674901874567,36.04458699900563]}},{"type":"Feature","properties":{"county_nam":"FORSYTH","prec_id":"506","precinct_norm":"FORSYTH - 506","name":"506","label":"506","seims_code":"506","seims_desc":"COVENANT PRESBYTERIAN","source_vintage":"sbe_2006"},"geometry":{"type":"Point","coordinates":[-80.24280808526616,36.03200100122129]}},{"type":"Feature","properties":{"county_nam":"FORSYTH","prec_id":"507","precinct_norm":"FORSYTH - 507","name":"507","label":"507","seims_code":"507","seims_desc":"SEDGE GARDEN RECREATION","source_vintage":"sbe_2006"},"geometry":{"type":"Point","coordinates":[-80.16342738341255,36.08561450130452]}},{"type":"Feature","properties":{"county_nam":"FORSYTH","prec_id":"601","precinct_norm":"FORSYTH - 601","name":"601","label":"601","seims_code":"601","seims_desc":"PIEDMONT BAPTIST COLLEGE","source_vintage":"sbe_2006"},"geometry":{"type":"Point","coordinates":[-80.2518630472336,36.08708250017586]}},{"type":"Feature","properties":{"county_nam":"FORSYTH","prec_id":"602","precinct_norm":"FORSYTH - 602","name":"602","label":"602","seims_code":"602","seims_desc":"FIRST ALLIANCE CHURCH","source_vintage":"sbe_2006"},"geometry":{"type":"Point","coordinates":[-80.28645749761753,36.03996700246563]}},{"type":"Feature","properties":{"county_nam":"FORSYTH","prec_id":"603","precinct_norm":"FORSYTH - 603","name":"603","label":"603","seims_code":"603","seims_desc":"LATHAM ELEMENTARY","source_vintage":"sbe_2006"},"geometry":{"type":"Point","coordinates":[-80.24914196173214,36.076599499612996]}},{"type":"Feature","properties":{"county_nam":"FORSYTH","prec_id":"604","precinct_norm":"FORSYTH - 604","name":"604","label":"604","seims_code":"604","seims_desc":"WSFC SCHOOLS ADMINISTRATION BLDG","source_vintage":"sbe_2006"},"geometry":{"type":"Point","coordinates":[-80.26108699828542,36.06988699896053]}},{"type":"Feature","properties":{"county_nam":"FORSYTH","prec_id":"605","precinct_norm":"FORSYTH - 605","name":"605","label":"605","seims_code":"605","seims_desc":"PARKLAND HIGH SCHOOL","source_vintage":"sbe_2006"},"geometry":{"type":"Point","coordinates":[-80.25821113159056,36.04127950133103]}},{"type":"Feature","properties":{"county_nam":"FORSYTH","prec_id":"606","precinct_norm":"FORSYTH - 606","name":"606","label":"606","seims_code":"606","seims_desc":"PHILO MIDDLE SCHOOL","source_vintage":"sbe_2006"},"geometry":{"type":"Point","coordinates":[-80.24673198403593,36.055187000124434]}},{"type":"Feature","properties":{"county_nam":"FORSYTH","prec_id":"607","precinct_norm":"FORSYTH - 607","name":"607","label":"607","seims_code":"607","seims_desc":"WESTVIEW BAPTIST CHURCH","source_vintage":"sbe_2006"},"geometry":{"type":"Point","coordinates":[-80.2889643782508,36.06169650029928]}},{"type":"Feature","properties":{"county_nam":"FORSYTH","prec_id":"701","precinct_norm":"FORSYTH - 701","name":"701","label":"701","seims_code":"701","seims_desc":"FIRST CHRISTIAN CHURCH","source_vintage":"sbe_2006"},"geometry":{"type":"Point","coordinates":[-80.2896940374479,36.09373699921595]}},{"type":"Feature","properties":{"county_nam":"FORSYTH","prec_id":"702","precinct_norm":"FORSYTH - 702","name":"702","label":"702","seims_code":"702","seims_desc":"MILLER PARK RECREATION","source_vintage":"sbe_2006"},"geometry":{"type":"Point","coordinates":[-80.2832683330499,36.0864369995922]}},{"type":"Feature","properties":{"county_nam":"FORSYTH","prec_id":"703","precinct_norm":"FORSYTH - 703","name":"703","label":"703","seims_code":"703","seims_desc":"ARDMORE BAPTIST CHURCH","source_vintage":"sbe_2006"},"geometry":{"type":"Point","coordinates":[-80.2716046912638,36.085186999414596]}},{"type":"Feature","properties":{"county_nam":"FORSYTH","prec_id":"704","precinct_norm":"FORSYTH - 704","name":"704","label":"704","seims_code":"704","seims_desc":"PARKWAY UNITED CHURCH","source_vintage":"sbe_2006"},"geometry":{"type":"Point","coordinates":[-80.2751448248913,36.074986999762764]}},{"type":"Feature","properties":{"county_nam":"FORSYTH","prec_id":"705","precinct_norm":"FORSYTH - 705","name":"705","label":"705","seims_code":"705","seims_desc":"FORSYTH TECH WEST","source_vintage":"sbe_2006"},"geometry":{"type":"Point","coordinates":[-80.31406253718782,36.06881499953144]}},{"type":"Feature","properties":{"county_nam":"FORSYTH","prec_id":"706","precinct_norm":"FORSYTH - 706","name":"706","label":"706","seims_code":"706","seims_desc":"SOUTH FORK ELEMENTARY","source_vintage":"sbe_2006"},"geometry":{"type":"Point","coordinates":[-80.31646074773133,36.084857000199605]}},{"type":"Feature","properties":{"county_nam":"FORSYTH","prec_id":"707","precinct_norm":"FORSYTH - 707","name":"707","label":"707","seims_code":"707","seims_desc":"GREEK ORTHODOX CHURCH","source_vintage":"sbe_2006"},"geometry":{"type":"Point","coordinates":[-80.29940427180509,36.08658700114505]}},{"type":"Feature","properties":{"county_nam":"FORSYTH","prec_id":"708","precinct_norm":"FORSYTH - 708","name":"708","label":"708","seims_code":"708","seims_desc":"LITTLE CREEEK REC CTR","source_vintage":"sbe_2006"},"geometry":{"type":"Point","coordinates":[-80.34703683307845,36.04599300013736]}},{"type":"Feature","properties":{"county_nam":"FORSYTH","prec_id":"709","precinct_norm":"FORSYTH - 709","name":"709","label":"709","seims_code":"709","seims_desc":"WARD ELEMENTARY SCHOOL","source_vintage":"sbe_2006"},"geometry":{"type":"Point","coordinates":[-80.32347569990227,36.03451950013885]}},{"type":"Feature","properties":{"county_nam":"FORSYTH","prec_id":"801","precinct_norm":"FORSYTH - 801","name":"801","label":"801","seims_code":"801","seims_desc":"POLO PARK RECREATION","source_vintage":"sbe_2006"},"geometry":{"type":"Point","coordinates":[-80.29967032197071,36.12438699991307]}},{"type":"Feature","properties":{"county_nam":"FORSYTH","prec_id":"802","precinct_norm":"FORSYTH - 802","name":"802","label":"802","seims_code":"802","seims_desc":"SUMMIT SCHOOL","source_vintage":"sbe_2006"},"geometry":{"type":"Point","coordinates":[-80.28805671043523,36.11897500064637]}},{"type":"Feature","properties":{"county_nam":"FORSYTH","prec_id":"803","precinct_norm":"FORSYTH - 803","name":"803","label":"803","seims_code":"803","seims_desc":"WHITAKER ELEMENTARY","source_vintage":"sbe_2006"},"geometry":{"type":"Point","coordinates":[-80.28692701495879,36.105286999799276]}},{"type":"Feature","properties":{"county_nam":"FORSYTH","prec_id":"804","precinct_norm":"FORSYTH - 804","name":"804","label":"804","seims_code":"804","seims_desc":"SHERWOOD FOREST ELEM SCHOOL","source_vintage":"sbe_2006"},"geometry":{"type":"Point","coordinates":[-80.31048152284326,36.10552099947903]}},{"type":"Feature","properties":{"county_nam":"FORSYTH","prec_id":"805","precinct_norm":"FORSYTH - 805","name":"805","label":"805","seims_code":"805","seims_desc":"MESSIAH MORAV CHURCH","source_vintage":"sbe_2006"},"geometry":{"type":"Point","coordinates":[-80.3328845001904,36.10349950016554]}},{"type":"Feature","properties":{"county_nam":"FORSYTH","prec_id":"806","precinct_norm":"FORSYTH - 806","name":"806","label":"806","seims_code":"806","seims_desc":"TRINITY UNITED METH","source_vintage":"sbe_2006"},"geometry":{"type":"Point","coordinates":[-80.31654594142998,36.09294200010628]}},{"type":"Feature","properties":{"county_nam":"FORSYTH","prec_id":"807","precinct_norm":"FORSYTH - 807","name":"807","label":"807","seims_code":"807","seims_desc":"CALVARY BAPTIST CHURCH - BOY SCOUT HUT","source_vintage":"sbe_2006"},"geometry":{"type":"Point","coordinates":[-80.35697253832825,36.084758500076084]}},{"type":"Feature","properties":{"county_nam":"FORSYTH","prec_id":"808","precinct_norm":"FORSYTH - 808","name":"808","label":"808","seims_code":"808","seims_desc":"COUNTRY CLUB FIRE","source_vintage":"sbe_2006"},"geometry":{"type":"Point","coordinates":[-80.33964574978033,36.08418199997353]}},{"type":"Feature","properties":{"county_nam":"FORSYTH","prec_id":"809","precinct_norm":"FORSYTH - 809","name":"809","label":"809","seims_code":"809","seims_desc":"JEFFERSON MIDDLE","source_vintage":"sbe_2006"},"geometry":{"type":"Point","coordinates":[-80.334278762364,36.11245449957033]}},{"type":"Feature","properties":{"county_nam":"FORSYTH","prec_id":"901","precinct_norm":"FORSYTH - 901","name":"901","label":"901","seims_code":"901","seims_desc":"REYNOLDS HIGH GIRLS GYM","source_vintage":"sbe_2006"},"geometry":{"type":"Point","coordinates":[-80.27004139753936,36.10368700075593]}},{"type":"Feature","properties":{"county_nam":"FORSYTH","prec_id":"902","precinct_norm":"FORSYTH - 902","name":"902","label":"902","seims_code":"902","seims_desc":"BRUNSON ELEMENTARY","source_vintage":"sbe_2006"},"geometry":{"type":"Point","coordinates":[-80.255994392756,36.09758299967514]}},{"type":"Feature","properties":{"county_nam":"FORSYTH","prec_id":"903","precinct_norm":"FORSYTH - 903","name":"903","label":"903","seims_code":"903","seims_desc":"HANES COMMUNITY CTR","source_vintage":"sbe_2006"},"geometry":{"type":"Point","coordinates":[-80.27065173466343,36.12332849996909]}},{"type":"Feature","properties":{"county_nam":"FORSYTH","prec_id":"904","precinct_norm":"FORSYTH - 904","name":"904","label":"904","seims_code":"904","seims_desc":"MISSION HISPANA","source_vintage":"sbe_2006"},"geometry":{"type":"Point","coordinates":[-80.31596119288977,36.15825049934881]}},{"type":"Feature","properties":{"county_nam":"FORSYTH","prec_id":"905","precinct_norm":"FORSYTH - 905","name":"905","label":"905","seims_code":"905","seims_desc":"BETHABARA MORAVIAN","source_vintage":"sbe_2006"},"geometry":{"type":"Point","coordinates":[-80.28915454197715,36.1444855010738]}},{"type":"Feature","properties":{"county_nam":"FORSYTH","prec_id":"906","precinct_norm":"FORSYTH - 906","name":"906","label":"906","seims_code":"906","seims_desc":"MT TABOR HIGH SCHOOL","source_vintage":"sbe_2006"},"geometry":{"type":"Point","coordinates":[-80.318998837478,36.1287869966697]}},{"type":"Feature","properties":{"county_nam":"FORSYTH","prec_id":"907","precinct_norm":"FORSYTH - 907","name":"907","label":"907","seims_code":"907","seims_desc":"ST ANNES EPISCOPAL","source_vintage":"sbe_2006"},"geometry":{"type":"Point","coordinates":[-80.31079489066389,36.14393699747163]}},{"type":"Feature","properties":{"county_nam":"FORSYTH","prec_id":"908","precinct_norm":"FORSYTH - 908","name":"908","label":"908","seims_code":"908","seims_desc":"OLD TOWN BAPTIST","source_vintage":"sbe_2006"},"geometry":{"type":"Point","coordinates":[-80.33737931060924,36.1398685020335]}},{"type":"Feature","properties":{"county_nam":"FORSYTH","prec_id":"909","precinct_norm":"FORSYTH - 909","name":"909","label":"909","seims_code":"909","seims_desc":"OLD TOWN RECREATION","source_vintage":"sbe_2006"},"geometry":{"type":"Point","coordinates":[-80.3391372520451,36.16220899993854]}},{"type":"Feature","properties":{"county_nam":"FRANKLIN","prec_id":"CEDAR ROCK","precinct_norm":"FRANKLIN - CEDAR ROCK","name":"Cedar Rock","label":"Cedar Rock","seims_code":"09","seims_desc":"CEDAR ROCK","source_vintage":"sbe_2006"},"geometry":{"type":"Point","coordinates":[-78.14229138349847,36.091463498933905]}},{"type":"Feature","properties":{"county_nam":"FRANKLIN","prec_id":"CYPRESS CREEK","precinct_norm":"FRANKLIN - CYPRESS CREEK","name":"Cypress Creek","label":"Cypress Creek","seims_code":"08","seims_desc":"CYPRESS CREEK","source_vintage":"sbe_2006"},"geometry":{"type":"Point","coordinates":[-78.19461610365602,35.99280800117643]}},{"type":"Feature","properties":{"county_nam":"FRANKLIN","prec_id":"DUNN","precinct_norm":"FRANKLIN - DUNN","name":"Dunn","label":"Dunn","seims_code":"06","seims_desc":"BUNN","source_vintage":"sbe_2006"},"geometry":{"type":"Point","coordinates":[-78.26252719058215,35.94809450131937]}},{"type":"Feature","properties":{"county_nam":"FRANKLIN","prec_id":"FRANKLINTON EAST","precinct_norm":"FRANKLIN - FRANKLINTON EAST","name":"Franklinton East","label":"Franklinton East","seims_code":"15","seims_desc":"EAST FRANKLINTON","source_vintage":"sbe_2006"},"geometry":{"type":"Point","coordinates":[-78.39373263200133,36.113119500032994]}},{"type":"Feature","properties":{"county_nam":"FRANKLIN","prec_id":"FRANKLINTON WEST","precinct_norm":"FRANKLIN - FRANKLINTON WEST","name":"Franklinton West","label":"Franklinton West","seims_code":"03","seims_desc":"WEST FRANKLINTON","source_vintage":"sbe_2006"},"geometry":{"type":"Point","coordinates":[-78.4867101609118,36.12679749948503]}},{"type":"Feature","properties":{"county_nam":"FRANKLIN","prec_id":"GOLD MINE","precinct_norm":"FRANKLIN - GOLD MINE","name":"Gold Mine","label":"Gold Mine","seims_code":"10","seims_desc":"GOLD MINE","source_vintage":"sbe_2006"},"geometry":{"type":"Point","coordinates":[-78.08594128561,36.189431501547276]}},{"type":"Feature","properties":{"county_nam":"FRANKLIN","prec_id":"HARRIS EAST & HARRIS WEST","precinct_norm":"FRANKLIN - HARRIS EAST & HARRIS WEST","name":"Harris East & Harris West","label":"Harris East & Harris West","seims_code":"05 & 17","seims_desc":"EAST HARRIS & WEST HARRIS","source_vintage":"sbe_2006"},"geometry":{"type":"Point","coordinates":[-78.31118509218429,35.99552200046882]}},{"type":"Feature","properties":{"county_nam":"FRANKLIN","prec_id":"HAYESVILLE","precinct_norm":"FRANKLIN - HAYESVILLE","name":"Hayesville","label":"Hayesville","seims_code":"12","seims_desc":"HAYESVILLE","source_vintage":"sbe_2006"},"geometry":{"type":"Point","coordinates":[-78.33687293555418,36.213510999609525]}},{"type":"Feature","properties":{"county_nam":"FRANKLIN","prec_id":"LOUISBURG CITY","precinct_norm":"FRANKLIN - LOUISBURG CITY","name":"Louisburg City","label":"Louisburg City","seims_code":"01","seims_desc":"LOUISBURG CITY","source_vintage":"sbe_2006"},"geometry":{"type":"Point","coordinates":[-78.29993867501054,36.098582000630216]}},{"type":"Feature","properties":{"county_nam":"FRANKLIN","prec_id":"LOUISBURG COUNTRY WEST","precinct_norm":"FRANKLIN - LOUISBURG COUNTRY WEST","name":"Louisburg Country West","label":"Louisburg Country West","seims_code":"02","seims_desc":"WEST LOUISBURG COUNTRY","source_vintage":"sbe_2006"},"geometry":{"type":"Point","coordinates":[-78.33159585117538,36.09049149979646]}},{"type":"Feature","properties":{"county_nam":"FRANKLIN","prec_id":"LOUISBURG COUNTRY EAST","precinct_norm":"FRANKLIN - LOUISBURG COUNTRY EAST","name":"Louisburg Country East","label":"Louisburg Country East","seims_code":"16","seims_desc":"EAST LOUISBURG COUNTRY","source_vintage":"sbe_2006"},"geometry":{"type":"Point","coordinates":[-78.24200482773726,36.116304999432145]}},{"type":"Feature","properties":{"county_nam":"FRANKLIN","prec_id":"PEARCES","precinct_norm":"FRANKLIN - PEARCES","name":"Pearces","label":"Pearces","seims_code":"07","seims_desc":"PEARCES","source_vintage":"sbe_2006"},"geometry":{"type":"Point","coordinates":[-78.30769783417878,35.917348500916646]}},{"type":"Feature","properties":{"county_nam":"FRANKLIN","prec_id":"PILOT","precinct_norm":"FRANKLIN - PILOT","name":"Pilot","label":"Pilot","seims_code":"13","seims_desc":"PILOT","source_vintage":"sbe_2006"},"geometry":{"type":"Point","coordinates":[-78.25272511180165,35.86747350024886]}},{"type":"Feature","properties":{"county_nam":"FRANKLIN","prec_id":"SANDY CREEK","precinct_norm":"FRANKLIN - SANDY CREEK","name":"Sandy Creek","label":"Sandy Creek","seims_code":"11","seims_desc":"SANDY CREEK","source_vintage":"sbe_2006"},"geometry":{"type":"Point","coordinates":[-78.2253895149449,36.191878000045854]}},{"type":"Feature","properties":{"county_nam":"FRANKLIN","prec_id":"YOUNGSVILLE EAST","precinct_norm":"FRANKLIN - YOUNGSVILLE EAST","name":"Youngsville East","label":"Youngsville East","seims_code":"14","seims_desc":"EAST YOUNGSVILLE","source_vintage":"sbe_2006"},"geometry":{"type":"Point","coordinates":[-78.42306558719201,36.022449499410286]}},{"type":"Feature","properties":{"county_nam":"FRANKLIN","prec_id":"YOUNGSVILLE WEST 1","precinct_norm":"FRANKLIN - YOUNGSVILLE WEST 1","name":"Youngsville West 1","label":"Youngsville West 1","seims_code":"18","seims_desc":"WEST YOUNGSVILLE 1","source_vintage":"sbe_2006"},"geometry":{"type":"Point","coordinates":[-78.46907984780889,36.02760350101788]}},{"type":"Feature","properties":{"county_nam":"FRANKLIN","prec_id":"YOUNGSVILLE WEST 2","precinct_norm":"FRANKLIN - YOUNGSVILLE WEST 2","name":"Youngsville West 2","label":"Youngsville West 2","seims_code":"19","seims_desc":"WEST YOUNGSVILLE 2","source_vintage":"sbe_2006"},"geometry":{"type":"Point","coordinates":[-78.5160802378629,36.03961699949901]}},{"type":"Feature","properties":{"county_nam":"GASTON","prec_id":"ALEXIS","precinct_norm":"GASTON - ALEXIS","name":"Alexis","label":"Alexis","seims_code":"39","seims_desc":"ALEXIS","source_vintage":"sbe_2006"},"geometry":{"type":"Point","coordinates":[-81.13746245105486,35.36348699884823]}},{"type":"Feature","properties":{"county_nam":"GASTON","prec_id":"ARMSTRONG","precinct_norm":"GASTON - ARMSTRONG","name":"Armstrong","label":"Armstrong","seims_code":"11","seims_desc":"ARMSTRONG","source_vintage":"sbe_2006"},"geometry":{"type":"Point","coordinates":[-81.17681607231196,35.25208700012878]}},{"type":"Feature","properties":{"county_nam":"GASTON","prec_id":"ASHBROOK","precinct_norm":"GASTON - ASHBROOK","name":"Ashbrook","label":"Ashbrook","seims_code":"18","seims_desc":"ASHBROOK","source_vintage":"sbe_2006"},"geometry":{"type":"Point","coordinates":[-81.11129091115995,35.24865850052929]}},{"type":"Feature","properties":{"county_nam":"GASTON","prec_id":"BELMONT 1","precinct_norm":"GASTON - BELMONT 1","name":"Belmont 1","label":"Belmont 1","seims_code":"23","seims_desc":"BELMONT #1","source_vintage":"sbe_2006"},"geometry":{"type":"Point","coordinates":[-81.05076965765696,35.22378000114167]}},{"type":"Feature","properties":{"county_nam":"GASTON","prec_id":"BELMONT 2","precinct_norm":"GASTON - BELMONT 2","name":"Belmont 2","label":"Belmont 2","seims_code":"24","seims_desc":"BELMONT #2","source_vintage":"sbe_2006"},"geometry":{"type":"Point","coordinates":[-81.02284385014445,35.24182350022454]}},{"type":"Feature","properties":{"county_nam":"GASTON","prec_id":"BELMONT 3","precinct_norm":"GASTON - BELMONT 3","name":"Belmont 3","label":"Belmont 3","seims_code":"25","seims_desc":"BELMONT #3","source_vintage":"sbe_2006"},"geometry":{"type":"Point","coordinates":[-81.05380452549794,35.27007050146909]}},{"type":"Feature","properties":{"county_nam":"GASTON","prec_id":"BESSEMER CITY 1","precinct_norm":"GASTON - BESSEMER CITY 1","name":"Bessemer City 1","label":"Bessemer City 1","seims_code":"20","seims_desc":"BESSEMER CITY #1","source_vintage":"sbe_2006"},"geometry":{"type":"Point","coordinates":[-81.29706362672096,35.293261501113975]}},{"type":"Feature","properties":{"county_nam":"GASTON","prec_id":"BESSEMER CITY 2","precinct_norm":"GASTON - BESSEMER CITY 2","name":"Bessemer City 2","label":"Bessemer City 2","seims_code":"21","seims_desc":"BESSEMER CITY #2","source_vintage":"sbe_2006"},"geometry":{"type":"Point","coordinates":[-81.28602733114585,35.265031999245245]}},{"type":"Feature","properties":{"county_nam":"GASTON","prec_id":"CATAWBA HEIGHTS","precinct_norm":"GASTON - CATAWBA HEIGHTS","name":"Catawba Heights","label":"Catawba Heights","seims_code":"26","seims_desc":"CATAWBA HEIGHTS","source_vintage":"sbe_2006"},"geometry":{"type":"Point","coordinates":[-81.02757652663183,35.27210700042461]}},{"type":"Feature","properties":{"county_nam":"GASTON","prec_id":"CHERRYVILLE 1","precinct_norm":"GASTON - CHERRYVILLE 1","name":"Cherryville 1","label":"Cherryville 1","seims_code":"35","seims_desc":"CHERRYVILLE #1","source_vintage":"sbe_2006"},"geometry":{"type":"Point","coordinates":[-81.34532606736238,35.38199799827004]}},{"type":"Feature","properties":{"county_nam":"GASTON","prec_id":"CHERRYVILLE 2","precinct_norm":"GASTON - CHERRYVILLE 2","name":"Cherryville 2","label":"Cherryville 2","seims_code":"36","seims_desc":"CHERRYVILLE #2","source_vintage":"sbe_2006"},"geometry":{"type":"Point","coordinates":[-81.39024267993025,35.393845500039106]}},{"type":"Feature","properties":{"county_nam":"GASTON","prec_id":"CHERRYVILLE 3","precinct_norm":"GASTON - CHERRYVILLE 3","name":"Cherryville 3","label":"Cherryville 3","seims_code":"37","seims_desc":"CHERRYVILLE #3","source_vintage":"sbe_2006"},"geometry":{"type":"Point","coordinates":[-81.37978805125033,35.35672950081377]}},{"type":"Feature","properties":{"county_nam":"GASTON","prec_id":"CRAMERTON","precinct_norm":"GASTON - CRAMERTON","name":"Cramerton","label":"Cramerton","seims_code":"28","seims_desc":"CRAMERTON","source_vintage":"sbe_2006"},"geometry":{"type":"Point","coordinates":[-81.07458366303817,35.23392300017323]}},{"type":"Feature","properties":{"county_nam":"GASTON","prec_id":"CROWDERS MOUNTAIN","precinct_norm":"GASTON - CROWDERS MOUNTAIN","name":"Crowders Mountain","label":"Crowders Mountain","seims_code":"22","seims_desc":"CROWDERS MOUNTAIN","source_vintage":"sbe_2006"},"geometry":{"type":"Point","coordinates":[-81.28755300100991,35.209881499492205]}},{"type":"Feature","properties":{"county_nam":"GASTON","prec_id":"DALLAS 1","precinct_norm":"GASTON - DALLAS 1","name":"Dallas 1","label":"Dallas 1","seims_code":"40","seims_desc":"DALLAS #1","source_vintage":"sbe_2006"},"geometry":{"type":"Point","coordinates":[-81.23025112743096,35.32018750161368]}},{"type":"Feature","properties":{"county_nam":"GASTON","prec_id":"DALLAS 2","precinct_norm":"GASTON - DALLAS 2","name":"Dallas 2","label":"Dallas 2","seims_code":"41","seims_desc":"DALLAS #2","source_vintage":"sbe_2006"},"geometry":{"type":"Point","coordinates":[-81.16502053924495,35.32946300058167]}},{"type":"Feature","properties":{"county_nam":"GASTON","prec_id":"FLINT GROVE","precinct_norm":"GASTON - FLINT GROVE","name":"Flint Grove","label":"Flint Grove","seims_code":"12","seims_desc":"FLINT GROVES","source_vintage":"sbe_2006"},"geometry":{"type":"Point","coordinates":[-81.15020560101371,35.28485700062593]}},{"type":"Feature","properties":{"county_nam":"GASTON","prec_id":"FOREST HEIGHTS","precinct_norm":"GASTON - FOREST HEIGHTS","name":"Forest Heights","label":"Forest Heights","seims_code":"04","seims_desc":"FOREST HEIGHTS","source_vintage":"sbe_2006"},"geometry":{"type":"Point","coordinates":[-81.23778776692271,35.21146050068446]}},{"type":"Feature","properties":{"county_nam":"GASTON","prec_id":"GARDNER PARK","precinct_norm":"GASTON - GARDNER PARK","name":"Gardner Park","label":"Gardner Park","seims_code":"14","seims_desc":"GARDNER PARK","source_vintage":"sbe_2006"},"geometry":{"type":"Point","coordinates":[-81.13755971485011,35.25798799913373]}},{"type":"Feature","properties":{"county_nam":"GASTON","prec_id":"GASTON DAY","precinct_norm":"GASTON - GASTON DAY","name":"Gaston Day","label":"Gaston Day","seims_code":"16","seims_desc":"GASTON DAY","source_vintage":"sbe_2006"},"geometry":{"type":"Point","coordinates":[-81.1408205642073,35.20048999853941]}},{"type":"Feature","properties":{"county_nam":"GASTON","prec_id":"GRIER","precinct_norm":"GASTON - GRIER","name":"Grier","label":"Grier","seims_code":"09","seims_desc":"GRIER","source_vintage":"sbe_2006"},"geometry":{"type":"Point","coordinates":[-81.16045503461294,35.26268700060684]}},{"type":"Feature","properties":{"county_nam":"GASTON","prec_id":"HEALTH CENTER","precinct_norm":"GASTON - HEALTH CENTER","name":"Health Center","label":"Health Center","seims_code":"05","seims_desc":"HEALTH CENTER","source_vintage":"sbe_2006"},"geometry":{"type":"Point","coordinates":[-81.21341616975118,35.28348949971742]}},{"type":"Feature","properties":{"county_nam":"GASTON","prec_id":"HIGH SHOALS","precinct_norm":"GASTON - HIGH SHOALS","name":"High Shoals","label":"High Shoals","seims_code":"38","seims_desc":"HIGH SHOALS","source_vintage":"sbe_2006"},"geometry":{"type":"Point","coordinates":[-81.20000776442207,35.371192000133235]}},{"type":"Feature","properties":{"county_nam":"GASTON","prec_id":"HIGHLAND","precinct_norm":"GASTON - HIGHLAND","name":"Highland","label":"Highland","seims_code":"07","seims_desc":"HIGHLAND","source_vintage":"sbe_2006"},"geometry":{"type":"Point","coordinates":[-81.18911875001147,35.28053699916893]}},{"type":"Feature","properties":{"county_nam":"GASTON","prec_id":"LANDERS CHAPEL","precinct_norm":"GASTON - LANDERS CHAPEL","name":"Landers Chapel","label":"Landers Chapel","seims_code":"34","seims_desc":"LANDERS CHAPEL","source_vintage":"sbe_2006"},"geometry":{"type":"Point","coordinates":[-81.27348271092703,35.38427399928085]}},{"type":"Feature","properties":{"county_nam":"GASTON","prec_id":"LOWELL","precinct_norm":"GASTON - LOWELL","name":"Lowell","label":"Lowell","seims_code":"32","seims_desc":"LOWELL","source_vintage":"sbe_2006"},"geometry":{"type":"Point","coordinates":[-81.10113482388925,35.269857999742655]}},{"type":"Feature","properties":{"county_nam":"GASTON","prec_id":"LUCIA","precinct_norm":"GASTON - LUCIA","name":"Lucia","label":"Lucia","seims_code":"42","seims_desc":"LUCIA","source_vintage":"sbe_2006"},"geometry":{"type":"Point","coordinates":[-81.00873586526455,35.369926498956715]}},{"type":"Feature","properties":{"county_nam":"GASTON","prec_id":"MCADENVILLE","precinct_norm":"GASTON - MCADENVILLE","name":"Mcadenville","label":"Mcadenville","seims_code":"30","seims_desc":"MCADENVILLE","source_vintage":"sbe_2006"},"geometry":{"type":"Point","coordinates":[-81.0764194693975,35.26814300113365]}},{"type":"Feature","properties":{"county_nam":"GASTON","prec_id":"MT HOLLY 1","precinct_norm":"GASTON - MT HOLLY 1","name":"Mt Holly 1","label":"Mt Holly 1","seims_code":"45","seims_desc":"MOUNT HOLLY #1","source_vintage":"sbe_2006"},"geometry":{"type":"Point","coordinates":[-81.0079425762236,35.31893599983377]}},{"type":"Feature","properties":{"county_nam":"GASTON","prec_id":"MT HOLLY 2","precinct_norm":"GASTON - MT HOLLY 2","name":"Mt Holly 2","label":"Mt Holly 2","seims_code":"46","seims_desc":"MOUNT HOLLY #2","source_vintage":"sbe_2006"},"geometry":{"type":"Point","coordinates":[-81.0481996392889,35.302598000020595]}},{"type":"Feature","properties":{"county_nam":"GASTON","prec_id":"MYRTLE","precinct_norm":"GASTON - MYRTLE","name":"Myrtle","label":"Myrtle","seims_code":"06","seims_desc":"MYRTLE","source_vintage":"sbe_2006"},"geometry":{"type":"Point","coordinates":[-81.23242366506935,35.27016400116857]}},{"type":"Feature","properties":{"county_nam":"GASTON","prec_id":"NEW HOPE","precinct_norm":"GASTON - NEW HOPE","name":"New Hope","label":"New Hope","seims_code":"29","seims_desc":"NEW HOPE","source_vintage":"sbe_2006"},"geometry":{"type":"Point","coordinates":[-81.0697097683473,35.19765150071365]}},{"type":"Feature","properties":{"county_nam":"GASTON","prec_id":"PLEASANT RIDGE","precinct_norm":"GASTON - PLEASANT RIDGE","name":"Pleasant Ridge","label":"Pleasant Ridge","seims_code":"03","seims_desc":"PLEASANT RIDGE","source_vintage":"sbe_2006"},"geometry":{"type":"Point","coordinates":[-81.203198437161,35.25238700008046]}},{"type":"Feature","properties":{"county_nam":"GASTON","prec_id":"RANLO","precinct_norm":"GASTON - RANLO","name":"Ranlo","label":"Ranlo","seims_code":"13","seims_desc":"RANLO","source_vintage":"sbe_2006"},"geometry":{"type":"Point","coordinates":[-81.11926619158717,35.29586199886978]}},{"type":"Feature","properties":{"county_nam":"GASTON","prec_id":"ROBINSON 1","precinct_norm":"GASTON - ROBINSON 1","name":"Robinson 1","label":"Robinson 1","seims_code":"15","seims_desc":"ROBINSON #1","source_vintage":"sbe_2006"},"geometry":{"type":"Point","coordinates":[-81.12801911796043,35.22209849969066]}},{"type":"Feature","properties":{"county_nam":"GASTON","prec_id":"ROBINSON 2","precinct_norm":"GASTON - ROBINSON 2","name":"Robinson 2","label":"Robinson 2","seims_code":"17","seims_desc":"ROBINSON #2","source_vintage":"sbe_2006"},"geometry":{"type":"Point","coordinates":[-81.17334233683749,35.21989799730552]}},{"type":"Feature","properties":{"county_nam":"GASTON","prec_id":"SHERWOOD","precinct_norm":"GASTON - SHERWOOD","name":"Sherwood","label":"Sherwood","seims_code":"10","seims_desc":"SHERWOOD","source_vintage":"sbe_2006"},"geometry":{"type":"Point","coordinates":[-81.15836517395722,35.24515200027078]}},{"type":"Feature","properties":{"county_nam":"GASTON","prec_id":"SOUTH GASTONIA","precinct_norm":"GASTON - SOUTH GASTONIA","name":"South Gastonia","label":"South Gastonia","seims_code":"19","seims_desc":"SOUTH GASTONIA","source_vintage":"sbe_2006"},"geometry":{"type":"Point","coordinates":[-81.19175731956409,35.19486499904704]}},{"type":"Feature","properties":{"county_nam":"GASTON","prec_id":"SOUTHPOINT","precinct_norm":"GASTON - SOUTHPOINT","name":"Southpoint","label":"Southpoint","seims_code":"27","seims_desc":"SOUTH POINT","source_vintage":"sbe_2006"},"geometry":{"type":"Point","coordinates":[-81.02184087527115,35.19007700165339]}},{"type":"Feature","properties":{"county_nam":"GASTON","prec_id":"STANLEY 1","precinct_norm":"GASTON - STANLEY 1","name":"Stanley 1","label":"Stanley 1","seims_code":"43","seims_desc":"STANLEY #1","source_vintage":"sbe_2006"},"geometry":{"type":"Point","coordinates":[-81.05842189466262,35.358996000369274]}},{"type":"Feature","properties":{"county_nam":"GASTON","prec_id":"STANLEY 2","precinct_norm":"GASTON - STANLEY 2","name":"Stanley 2","label":"Stanley 2","seims_code":"44","seims_desc":"STANLEY #2","source_vintage":"sbe_2006"},"geometry":{"type":"Point","coordinates":[-81.08689491997337,35.331524000762]}},{"type":"Feature","properties":{"county_nam":"GASTON","prec_id":"TRYON","precinct_norm":"GASTON - TRYON","name":"Tryon","label":"Tryon","seims_code":"33","seims_desc":"TRYON","source_vintage":"sbe_2006"},"geometry":{"type":"Point","coordinates":[-81.30406649364852,35.33490599957673]}},{"type":"Feature","properties":{"county_nam":"GASTON","prec_id":"UNION","precinct_norm":"GASTON - UNION","name":"Union","label":"Union","seims_code":"31","seims_desc":"UNION","source_vintage":"sbe_2006"},"geometry":{"type":"Point","coordinates":[-81.11742492724261,35.179454499503024]}},{"type":"Feature","properties":{"county_nam":"GASTON","prec_id":"VICTORY","precinct_norm":"GASTON - VICTORY","name":"Victory","label":"Victory","seims_code":"02","seims_desc":"VICTORY","source_vintage":"sbe_2006"},"geometry":{"type":"Point","coordinates":[-81.19521336677396,35.239745498557006]}},{"type":"Feature","properties":{"county_nam":"GASTON","prec_id":"WOOD HILL","precinct_norm":"GASTON - WOOD HILL","name":"Wood Hill","label":"Wood Hill","seims_code":"08","seims_desc":"WOODHILL","source_vintage":"sbe_2006"},"geometry":{"type":"Point","coordinates":[-81.17192773794886,35.28015350311872]}},{"type":"Feature","properties":{"county_nam":"GASTON","prec_id":"YORK CHESTER","precinct_norm":"GASTON - YORK CHESTER","name":"York Chester","label":"York Chester","seims_code":"01","seims_desc":"YORK CHESTER","source_vintage":"sbe_2006"},"geometry":{"type":"Point","coordinates":[-81.18759499937437,35.25663700189219]}},{"type":"Feature","properties":{"county_nam":"GATES","prec_id":"1","precinct_norm":"GATES - 1","name":"1","label":"1","seims_code":"1","seims_desc":"PRECINCT #1","source_vintage":"sbe_2006"},"geometry":{"type":"Point","coordinates":[-76.74198201340286,36.40708400025131]}},{"type":"Feature","properties":{"county_nam":"GATES","prec_id":"2","precinct_norm":"GATES - 2","name":"2","label":"2","seims_code":"2","seims_desc":"PRECINCT #2","source_vintage":"sbe_2006"},"geometry":{"type":"Point","coordinates":[-76.86293502116061,36.419112000406955]}},{"type":"Feature","properties":{"county_nam":"GATES","prec_id":"3","precinct_norm":"GATES - 3","name":"3","label":"3","seims_code":"3","seims_desc":"PRECINCT #3","source_vintage":"sbe_2006"},"geometry":{"type":"Point","coordinates":[-76.82604620222142,36.49935699823787]}},{"type":"Feature","properties":{"county_nam":"GATES","prec_id":"4 NORTH","precinct_norm":"GATES - 4 NORTH","name":"4 North","label":"4 North","seims_code":"4N","seims_desc":"PRECINCT #4 NORTH","source_vintage":"sbe_2006"},"geometry":{"type":"Point","coordinates":[-76.58459603432843,36.49164399856213]}},{"type":"Feature","properties":{"county_nam":"GATES","prec_id":"4 SOUTH","precinct_norm":"GATES - 4 SOUTH","name":"4 South","label":"4 South","seims_code":"4S","seims_desc":"PRECINCT #4 SOUTH","source_vintage":"sbe_2006"},"geometry":{"type":"Point","coordinates":[-76.63852367110118,36.4412350010592]}},{"type":"Feature","properties":{"county_nam":"GATES","prec_id":"5","precinct_norm":"GATES - 5","name":"5","label":"5","seims_code":"5","seims_desc":"PRECINCT #5","source_vintage":"sbe_2006"},"geometry":{"type":"Point","coordinates":[-76.58053447212907,36.37742349933442]}},{"type":"Feature","properties":{"county_nam":"GRAHAM","prec_id":"EAST WARD & WEST WARD","precinct_norm":"GRAHAM - EAST WARD & WEST WARD","name":"East Ward & West Ward","label":"East Ward & West Ward","seims_code":"EAST & WEST","seims_desc":"EAST WARD & WEST WARD","source_vintage":"sbe_2006"},"geometry":{"type":"Point","coordinates":[-83.85897849878506,35.30233299891249]}},{"type":"Feature","properties":{"county_nam":"GRAHAM","prec_id":"STECOAH","precinct_norm":"GRAHAM - STECOAH","name":"Stecoah","label":"Stecoah","seims_code":"STEC","seims_desc":"STECOAH","source_vintage":"sbe_2006"},"geometry":{"type":"Point","coordinates":[-83.67535027012974,35.38997649760358]}},{"type":"Feature","properties":{"county_nam":"GRAHAM","prec_id":"TAPOCO","precinct_norm":"GRAHAM - TAPOCO","name":"Tapoco","label":"Tapoco","seims_code":"TAPO","seims_desc":"TAPOCO","source_vintage":"sbe_2006"},"geometry":{"type":"Point","coordinates":[-83.89433129368825,35.406582000963716]}},{"type":"Feature","properties":{"county_nam":"GRANVILLE","prec_id":"ANTIOCH","precinct_norm":"GRANVILLE - ANTIOCH","name":"Antioch","label":"Antioch","seims_code":"ANTI","seims_desc":"ANTIOCH","source_vintage":"sbe_2006"},"geometry":{"type":"Point","coordinates":[-78.54159331130816,36.28920750061005]}},{"type":"Feature","properties":{"county_nam":"GRANVILLE","prec_id":"BEREA","precinct_norm":"GRANVILLE - BEREA","name":"Berea","label":"Berea","seims_code":"BERE","seims_desc":"BEREA","source_vintage":"sbe_2006"},"geometry":{"type":"Point","coordinates":[-78.7290922031914,36.37252649945057]}},{"type":"Feature","properties":{"county_nam":"GRANVILLE","prec_id":"BRASSFIELD","precinct_norm":"GRANVILLE - BRASSFIELD","name":"Brassfield","label":"Brassfield","seims_code":"BRAS","seims_desc":"BRASSFIELD","source_vintage":"sbe_2006"},"geometry":{"type":"Point","coordinates":[-78.59905377304608,36.111890999406626]}},{"type":"Feature","properties":{"county_nam":"GRANVILLE","prec_id":"BUTNER","precinct_norm":"GRANVILLE - BUTNER","name":"Butner","label":"Butner","seims_code":"BTNR","seims_desc":"BUTNER","source_vintage":"sbe_2006"},"geometry":{"type":"Point","coordinates":[-78.77331227278131,36.12618449937987]}},{"type":"Feature","properties":{"county_nam":"GRANVILLE","prec_id":"CORINTH","precinct_norm":"GRANVILLE - CORINTH","name":"Corinth","label":"Corinth","seims_code":"CORI","seims_desc":"CORINTH","source_vintage":"sbe_2006"},"geometry":{"type":"Point","coordinates":[-78.58659743572554,36.24631999978884]}},{"type":"Feature","properties":{"county_nam":"GRANVILLE","prec_id":"CREDLE","precinct_norm":"GRANVILLE - CREDLE","name":"Credle","label":"Credle","seims_code":"CRDL","seims_desc":"CREDLE","source_vintage":"sbe_2006"},"geometry":{"type":"Point","coordinates":[-78.60042728104384,36.32515500085863]}},{"type":"Feature","properties":{"county_nam":"GRANVILLE","prec_id":"CREEDMOOR","precinct_norm":"GRANVILLE - CREEDMOOR","name":"Creedmoor","label":"Creedmoor","seims_code":"CRDM","seims_desc":"CREEDMOOR","source_vintage":"sbe_2006"},"geometry":{"type":"Point","coordinates":[-78.70566549783075,36.1261374996976]}},{"type":"Feature","properties":{"county_nam":"GRANVILLE","prec_id":"OAK HILL","precinct_norm":"GRANVILLE - OAK HILL","name":"Oak Hill","label":"Oak Hill","seims_code":"OKHL","seims_desc":"OAK HILL","source_vintage":"sbe_2006"},"geometry":{"type":"Point","coordinates":[-78.72565525669765,36.491172000152616]}},{"type":"Feature","properties":{"county_nam":"GRANVILLE","prec_id":"OXFORD EAST","precinct_norm":"GRANVILLE - OXFORD EAST","name":"Oxford East","label":"Oxford East","seims_code":"EAOX","seims_desc":"EAST OXFORD","source_vintage":"sbe_2006"},"geometry":{"type":"Point","coordinates":[-78.58345770182504,36.31732149939765]}},{"type":"Feature","properties":{"county_nam":"GRANVILLE","prec_id":"OXFORD SOUTH","precinct_norm":"GRANVILLE - OXFORD SOUTH","name":"Oxford South","label":"Oxford South","seims_code":"SOOX","seims_desc":"SOUTH OXFORD","source_vintage":"sbe_2006"},"geometry":{"type":"Point","coordinates":[-78.59176001538674,36.30162949859302]}},{"type":"Feature","properties":{"county_nam":"GRANVILLE","prec_id":"SALEM","precinct_norm":"GRANVILLE - SALEM","name":"Salem","label":"Salem","seims_code":"SALM","seims_desc":"SALEM","source_vintage":"sbe_2006"},"geometry":{"type":"Point","coordinates":[-78.55237580466508,36.36986950092076]}},{"type":"Feature","properties":{"county_nam":"GRANVILLE","prec_id":"SASSAFRAS FORK","precinct_norm":"GRANVILLE - SASSAFRAS FORK","name":"Sassafras Fork","label":"Sassafras Fork","seims_code":"SASS","seims_desc":"SASSAFRAS FORK","source_vintage":"sbe_2006"},"geometry":{"type":"Point","coordinates":[-78.579685426301,36.486039998840894]}},{"type":"Feature","properties":{"county_nam":"GRANVILLE","prec_id":"TALLY HO","precinct_norm":"GRANVILLE - TALLY HO","name":"Tally Ho","label":"Tally Ho","seims_code":"TYHO","seims_desc":"TALLY HO","source_vintage":"sbe_2006"},"geometry":{"type":"Point","coordinates":[-78.73225040857487,36.24530700016615]}},{"type":"Feature","properties":{"county_nam":"GRANVILLE","prec_id":"OXFORD WEST","precinct_norm":"GRANVILLE - OXFORD WEST","name":"Oxford West","label":"Oxford West","seims_code":"WOEL","seims_desc":"WEST OXFORD ELEM.","source_vintage":"sbe_2006"},"geometry":{"type":"Point","coordinates":[-78.62645579421243,36.370102002145444]}},{"type":"Feature","properties":{"county_nam":"GREENE","prec_id":"ARBA","precinct_norm":"GREENE - ARBA","name":"Arba","label":"Arba","seims_code":"ARBA","seims_desc":"ARBA","source_vintage":"sbe_2006"},"geometry":{"type":"Point","coordinates":[-77.69834270921567,35.39084750122005]}},{"type":"Feature","properties":{"county_nam":"GREENE","prec_id":"BEAR GARDEN","precinct_norm":"GREENE - BEAR GARDEN","name":"Bear Garden","label":"Bear Garden","seims_code":"BEAR","seims_desc":"BEAR GARDEN","source_vintage":"sbe_2006"},"geometry":{"type":"Point","coordinates":[-77.68725981393253,35.48361850003931]}},{"type":"Feature","properties":{"county_nam":"GREENE","prec_id":"BULL HEAD","precinct_norm":"GREENE - BULL HEAD","name":"Bull Head","label":"Bull Head","seims_code":"BULL","seims_desc":"BULL HEAD","source_vintage":"sbe_2006"},"geometry":{"type":"Point","coordinates":[-77.78078390743934,35.518038500554695]}},{"type":"Feature","properties":{"county_nam":"GREENE","prec_id":"CASTORIA","precinct_norm":"GREENE - CASTORIA","name":"Castoria","label":"Castoria","seims_code":"CAST","seims_desc":"CASTORIA","source_vintage":"sbe_2006"},"geometry":{"type":"Point","coordinates":[-77.64049724740048,35.563852499451684]}},{"type":"Feature","properties":{"county_nam":"GREENE","prec_id":"HOOKERTON","precinct_norm":"GREENE - HOOKERTON","name":"Hookerton","label":"Hookerton","seims_code":"HOOK","seims_desc":"HOOKERTON","source_vintage":"sbe_2006"},"geometry":{"type":"Point","coordinates":[-77.57980291986354,35.40070950339853]}},{"type":"Feature","properties":{"county_nam":"GREENE","prec_id":"MAURY","precinct_norm":"GREENE - MAURY","name":"Maury","label":"Maury","seims_code":"MAUR","seims_desc":"MAURY","source_vintage":"sbe_2006"},"geometry":{"type":"Point","coordinates":[-77.57195868318313,35.472827500194434]}},{"type":"Feature","properties":{"county_nam":"GREENE","prec_id":"SHINE","precinct_norm":"GREENE - SHINE","name":"Shine","label":"Shine","seims_code":"SHIN","seims_desc":"SHINE","source_vintage":"sbe_2006"},"geometry":{"type":"Point","coordinates":[-77.77196862966952,35.42303399845592]}},{"type":"Feature","properties":{"county_nam":"GREENE","prec_id":"SNOW HILL 1","precinct_norm":"GREENE - SNOW HILL 1","name":"Snow Hill 1","label":"Snow Hill 1","seims_code":"SH#1","seims_desc":"SNOW HILL 1","source_vintage":"sbe_2006"},"geometry":{"type":"Point","coordinates":[-77.67016051484639,35.44331600110746]}},{"type":"Feature","properties":{"county_nam":"GREENE","prec_id":"SUGG","precinct_norm":"GREENE - SUGG","name":"Sugg","label":"Sugg","seims_code":"SUGG","seims_desc":"SUGG","source_vintage":"sbe_2006"},"geometry":{"type":"Point","coordinates":[-77.64287112752733,35.39901699916489]}},{"type":"Feature","properties":{"county_nam":"GREENE","prec_id":"WALSTONBURG","precinct_norm":"GREENE - WALSTONBURG","name":"Walstonburg","label":"Walstonburg","seims_code":"WALS","seims_desc":"WALSTONBURG","source_vintage":"sbe_2006"},"geometry":{"type":"Point","coordinates":[-77.7414289996222,35.57940400053258]}},{"type":"Feature","properties":{"county_nam":"GUILFORD","prec_id":"CENTER GROVE 1","precinct_norm":"GUILFORD - CENTER GROVE 1","name":"Center Grove 1","label":"Center Grove 1","seims_code":"CG1","seims_desc":"CG1","source_vintage":"sbe_2006"},"geometry":{"type":"Point","coordinates":[-79.86042235582929,36.15472100063418]}},{"type":"Feature","properties":{"county_nam":"GUILFORD","prec_id":"CENTER GROVE 2","precinct_norm":"GUILFORD - CENTER GROVE 2","name":"Center Grove 2","label":"Center Grove 2","seims_code":"CG2","seims_desc":"CG2","source_vintage":"sbe_2006"},"geometry":{"type":"Point","coordinates":[-79.8364481772184,36.15804699933578]}},{"type":"Feature","properties":{"county_nam":"GUILFORD","prec_id":"CENTER GROVE 3","precinct_norm":"GUILFORD - CENTER GROVE 3","name":"Center Grove 3","label":"Center Grove 3","seims_code":"CG3","seims_desc":"CG3","source_vintage":"sbe_2006"},"geometry":{"type":"Point","coordinates":[-79.80365542944423,36.154659499309986]}},{"type":"Feature","properties":{"county_nam":"GUILFORD","prec_id":"CENTER GROVE NORTH","precinct_norm":"GUILFORD - CENTER GROVE NORTH","name":"Center Grove North","label":"Center Grove North","seims_code":"NCGR","seims_desc":"NCGR","source_vintage":"sbe_2006"},"geometry":{"type":"Point","coordinates":[-79.82669883117887,36.209360501043506]}},{"type":"Feature","properties":{"county_nam":"GUILFORD","prec_id":"CLAY NORTH 1","precinct_norm":"GUILFORD - CLAY NORTH 1","name":"Clay North 1","label":"Clay North 1","seims_code":"NCLAY1","seims_desc":"NCLAY1","source_vintage":"sbe_2006"},"geometry":{"type":"Point","coordinates":[-79.69482471156954,35.98676149959413]}},{"type":"Feature","properties":{"county_nam":"GUILFORD","prec_id":"CLAY NORTH 2","precinct_norm":"GUILFORD - CLAY NORTH 2","name":"Clay North 2","label":"Clay North 2","seims_code":"NCLAY2","seims_desc":"NCLAY2","source_vintage":"sbe_2006"},"geometry":{"type":"Point","coordinates":[-79.64971977551386,35.989104001124076]}},{"type":"Feature","properties":{"county_nam":"GUILFORD","prec_id":"CLAY SOUTH","precinct_norm":"GUILFORD - CLAY SOUTH","name":"Clay South","label":"Clay South","seims_code":"SCLAY","seims_desc":"SCLAY","source_vintage":"sbe_2006"},"geometry":{"type":"Point","coordinates":[-79.66731729809675,35.935465501263074]}},{"type":"Feature","properties":{"county_nam":"GUILFORD","prec_id":"DEEP RIVER NORTH","precinct_norm":"GUILFORD - DEEP RIVER NORTH","name":"Deep River North","label":"Deep River North","seims_code":"NDRI","seims_desc":"NDRI","source_vintage":"sbe_2006"},"geometry":{"type":"Point","coordinates":[-80.00054220080894,36.11609600036915]}},{"type":"Feature","properties":{"county_nam":"GUILFORD","prec_id":"DEEP RIVER SOUTH","precinct_norm":"GUILFORD - DEEP RIVER SOUTH","name":"Deep River South","label":"Deep River South","seims_code":"SDRI","seims_desc":"SDRI","source_vintage":"sbe_2006"},"geometry":{"type":"Point","coordinates":[-79.99296715857871,36.06109199892048]}},{"type":"Feature","properties":{"county_nam":"GUILFORD","prec_id":"FENTRESS 1","precinct_norm":"GUILFORD - FENTRESS 1","name":"Fentress 1","label":"Fentress 1","seims_code":"FEN1","seims_desc":"FEN1","source_vintage":"sbe_2006"},"geometry":{"type":"Point","coordinates":[-79.7557835084194,36.00897750114079]}},{"type":"Feature","properties":{"county_nam":"GUILFORD","prec_id":"FENTRESS 2","precinct_norm":"GUILFORD - FENTRESS 2","name":"Fentress 2","label":"Fentress 2","seims_code":"FEN2","seims_desc":"FEN2","source_vintage":"sbe_2006"},"geometry":{"type":"Point","coordinates":[-79.72301147237626,35.99433500113558]}},{"type":"Feature","properties":{"county_nam":"GUILFORD","prec_id":"FRIENDSHIP 1","precinct_norm":"GUILFORD - FRIENDSHIP 1","name":"Friendship 1","label":"Friendship 1","seims_code":"FR1","seims_desc":"FR1","source_vintage":"sbe_2006"},"geometry":{"type":"Point","coordinates":[-79.90495469760037,36.040795499569754]}},{"type":"Feature","properties":{"county_nam":"GUILFORD","prec_id":"FRIENDSHIP 2","precinct_norm":"GUILFORD - FRIENDSHIP 2","name":"Friendship 2","label":"Friendship 2","seims_code":"FR2","seims_desc":"FR2","source_vintage":"sbe_2006"},"geometry":{"type":"Point","coordinates":[-79.92770993384673,36.04300800078212]}},{"type":"Feature","properties":{"county_nam":"GUILFORD","prec_id":"FRIENDSHIP 3","precinct_norm":"GUILFORD - FRIENDSHIP 3","name":"Friendship 3","label":"Friendship 3","seims_code":"FR3","seims_desc":"FR3","source_vintage":"sbe_2006"},"geometry":{"type":"Point","coordinates":[-79.89920237411644,36.13026550093761]}},{"type":"Feature","properties":{"county_nam":"GUILFORD","prec_id":"FRIENDSHIP 4","precinct_norm":"GUILFORD - FRIENDSHIP 4","name":"Friendship 4","label":"Friendship 4","seims_code":"FR4","seims_desc":"FR4","source_vintage":"sbe_2006"},"geometry":{"type":"Point","coordinates":[-79.92368038432653,36.110024499710136]}},{"type":"Feature","properties":{"county_nam":"GUILFORD","prec_id":"FRIENDSHIP 5","precinct_norm":"GUILFORD - FRIENDSHIP 5","name":"Friendship 5","label":"Friendship 5","seims_code":"FR5","seims_desc":"FR5","source_vintage":"sbe_2006"},"geometry":{"type":"Point","coordinates":[-79.94415821303161,36.124718001347944]}},{"type":"Feature","properties":{"county_nam":"GUILFORD","prec_id":"GB 01","precinct_norm":"GUILFORD - GB 01","name":"GB 01","label":"GB 01","seims_code":"G01","seims_desc":"G01","source_vintage":"sbe_2006"},"geometry":{"type":"Point","coordinates":[-79.7797042864457,36.08038500208387]}},{"type":"Feature","properties":{"county_nam":"GUILFORD","prec_id":"GB 02","precinct_norm":"GUILFORD - GB 02","name":"GB 02","label":"GB 02","seims_code":"G02","seims_desc":"G02","source_vintage":"sbe_2006"},"geometry":{"type":"Point","coordinates":[-79.7732030876512,36.09483499991964]}},{"type":"Feature","properties":{"county_nam":"GUILFORD","prec_id":"GB 03","precinct_norm":"GUILFORD - GB 03","name":"GB 03","label":"GB 03","seims_code":"G03","seims_desc":"G03","source_vintage":"sbe_2006"},"geometry":{"type":"Point","coordinates":[-79.75746496415837,36.097834998848256]}},{"type":"Feature","properties":{"county_nam":"GUILFORD","prec_id":"GB 04","precinct_norm":"GUILFORD - GB 04","name":"GB 04","label":"GB 04","seims_code":"G04","seims_desc":"G04","source_vintage":"sbe_2006"},"geometry":{"type":"Point","coordinates":[-79.74920428657273,36.08523499991487]}},{"type":"Feature","properties":{"county_nam":"GUILFORD","prec_id":"GB 05","precinct_norm":"GUILFORD - GB 05","name":"GB 05","label":"GB 05","seims_code":"G05","seims_desc":"G05","source_vintage":"sbe_2006"},"geometry":{"type":"Point","coordinates":[-79.7450317497837,36.100886499910835]}},{"type":"Feature","properties":{"county_nam":"GUILFORD","prec_id":"GB 06","precinct_norm":"GUILFORD - GB 06","name":"GB 06","label":"GB 06","seims_code":"G06","seims_desc":"G06","source_vintage":"sbe_2006"},"geometry":{"type":"Point","coordinates":[-79.73105559686327,36.10341449891257]}},{"type":"Feature","properties":{"county_nam":"GUILFORD","prec_id":"GB 07","precinct_norm":"GUILFORD - GB 07","name":"GB 07","label":"GB 07","seims_code":"G07","seims_desc":"G07","source_vintage":"sbe_2006"},"geometry":{"type":"Point","coordinates":[-79.76997943720374,36.107301002301355]}},{"type":"Feature","properties":{"county_nam":"GUILFORD","prec_id":"GB 08","precinct_norm":"GUILFORD - GB 08","name":"GB 08","label":"GB 08","seims_code":"G08","seims_desc":"G08","source_vintage":"sbe_2006"},"geometry":{"type":"Point","coordinates":[-79.77232286769598,36.11493500182062]}},{"type":"Feature","properties":{"county_nam":"GUILFORD","prec_id":"GB 09","precinct_norm":"GUILFORD - GB 09","name":"GB 09","label":"GB 09","seims_code":"G09","seims_desc":"G09","source_vintage":"sbe_2006"},"geometry":{"type":"Point","coordinates":[-79.77311333537538,36.135861000033756]}},{"type":"Feature","properties":{"county_nam":"GUILFORD","prec_id":"GB 10","precinct_norm":"GUILFORD - GB 10","name":"GB 10","label":"GB 10","seims_code":"G10","seims_desc":"G10","source_vintage":"sbe_2006"},"geometry":{"type":"Point","coordinates":[-79.75470565053676,36.13310099885895]}},{"type":"Feature","properties":{"county_nam":"GUILFORD","prec_id":"GB 11","precinct_norm":"GUILFORD - GB 11","name":"GB 11","label":"GB 11","seims_code":"G11","seims_desc":"G11","source_vintage":"sbe_2006"},"geometry":{"type":"Point","coordinates":[-79.79301014255495,36.080534998727416]}},{"type":"Feature","properties":{"county_nam":"GUILFORD","prec_id":"GB 12","precinct_norm":"GUILFORD - GB 12","name":"GB 12","label":"GB 12","seims_code":"G12","seims_desc":"G12","source_vintage":"sbe_2006"},"geometry":{"type":"Point","coordinates":[-79.80164871568938,36.08103499961135]}},{"type":"Feature","properties":{"county_nam":"GUILFORD","prec_id":"GB 13","precinct_norm":"GUILFORD - GB 13","name":"GB 13","label":"GB 13","seims_code":"G13","seims_desc":"G13","source_vintage":"sbe_2006"},"geometry":{"type":"Point","coordinates":[-79.81534492922745,36.08133499971318]}},{"type":"Feature","properties":{"county_nam":"GUILFORD","prec_id":"GB 14","precinct_norm":"GUILFORD - GB 14","name":"GB 14","label":"GB 14","seims_code":"G14","seims_desc":"G14","source_vintage":"sbe_2006"},"geometry":{"type":"Point","coordinates":[-79.81971318687081,36.07341850011582]}},{"type":"Feature","properties":{"county_nam":"GUILFORD","prec_id":"GB 15","precinct_norm":"GUILFORD - GB 15","name":"GB 15","label":"GB 15","seims_code":"G15","seims_desc":"G15","source_vintage":"sbe_2006"},"geometry":{"type":"Point","coordinates":[-79.82790725917036,36.075435001317246]}},{"type":"Feature","properties":{"county_nam":"GUILFORD","prec_id":"GB 16","precinct_norm":"GUILFORD - GB 16","name":"GB 16","label":"GB 16","seims_code":"G16","seims_desc":"G16","source_vintage":"sbe_2006"},"geometry":{"type":"Point","coordinates":[-79.8381353830654,36.07958500055948]}},{"type":"Feature","properties":{"county_nam":"GUILFORD","prec_id":"GB 17","precinct_norm":"GUILFORD - GB 17","name":"GB 17","label":"GB 17","seims_code":"G17","seims_desc":"G17","source_vintage":"sbe_2006"},"geometry":{"type":"Point","coordinates":[-79.82677213213073,36.09068499908834]}},{"type":"Feature","properties":{"county_nam":"GUILFORD","prec_id":"GB 18","precinct_norm":"GUILFORD - GB 18","name":"GB 18","label":"GB 18","seims_code":"G18","seims_desc":"G18","source_vintage":"sbe_2006"},"geometry":{"type":"Point","coordinates":[-79.80860430596752,36.09523499943556]}},{"type":"Feature","properties":{"county_nam":"GUILFORD","prec_id":"GB 19","precinct_norm":"GUILFORD - GB 19","name":"GB 19","label":"GB 19","seims_code":"G19","seims_desc":"G19","source_vintage":"sbe_2006"},"geometry":{"type":"Point","coordinates":[-79.79109088126218,36.09509099748382]}},{"type":"Feature","properties":{"county_nam":"GUILFORD","prec_id":"GB 20","precinct_norm":"GUILFORD - GB 20","name":"GB 20","label":"GB 20","seims_code":"G20","seims_desc":"G20","source_vintage":"sbe_2006"},"geometry":{"type":"Point","coordinates":[-79.80202527486082,36.10428699987823]}},{"type":"Feature","properties":{"county_nam":"GUILFORD","prec_id":"GB 21","precinct_norm":"GUILFORD - GB 21","name":"GB 21","label":"GB 21","seims_code":"G21","seims_desc":"G21","source_vintage":"sbe_2006"},"geometry":{"type":"Point","coordinates":[-79.79323019335091,36.11983200031294]}},{"type":"Feature","properties":{"county_nam":"GUILFORD","prec_id":"GB 22","precinct_norm":"GUILFORD - GB 22","name":"GB 22","label":"GB 22","seims_code":"G22","seims_desc":"G22","source_vintage":"sbe_2006"},"geometry":{"type":"Point","coordinates":[-79.80981979808254,36.11510100140006]}},{"type":"Feature","properties":{"county_nam":"GUILFORD","prec_id":"GB 23","precinct_norm":"GUILFORD - GB 23","name":"GB 23","label":"GB 23","seims_code":"G23","seims_desc":"G23","source_vintage":"sbe_2006"},"geometry":{"type":"Point","coordinates":[-79.82572204155048,36.11403500032245]}},{"type":"Feature","properties":{"county_nam":"GUILFORD","prec_id":"GB 24","precinct_norm":"GUILFORD - GB 24","name":"GB 24","label":"GB 24","seims_code":"G24","seims_desc":"G24","source_vintage":"sbe_2006"},"geometry":{"type":"Point","coordinates":[-79.82311897723315,36.12267900025662]}},{"type":"Feature","properties":{"county_nam":"GUILFORD","prec_id":"GB 25","precinct_norm":"GUILFORD - GB 25","name":"GB 25","label":"GB 25","seims_code":"G25","seims_desc":"G25","source_vintage":"sbe_2006"},"geometry":{"type":"Point","coordinates":[-79.82423532500002,36.132373999555696]}},{"type":"Feature","properties":{"county_nam":"GUILFORD","prec_id":"GB 26","precinct_norm":"GUILFORD - GB 26","name":"GB 26","label":"GB 26","seims_code":"G26","seims_desc":"G26","source_vintage":"sbe_2006"},"geometry":{"type":"Point","coordinates":[-79.79302709903394,36.13874150068884]}},{"type":"Feature","properties":{"county_nam":"GUILFORD","prec_id":"GB 27","precinct_norm":"GUILFORD - GB 27","name":"GB 27","label":"GB 27","seims_code":"G27","seims_desc":"G27","source_vintage":"sbe_2006"},"geometry":{"type":"Point","coordinates":[-79.8246610935451,36.14534150048185]}},{"type":"Feature","properties":{"county_nam":"GUILFORD","prec_id":"GB 28","precinct_norm":"GUILFORD - GB 28","name":"GB 28","label":"GB 28","seims_code":"G28","seims_desc":"G28","source_vintage":"sbe_2006"},"geometry":{"type":"Point","coordinates":[-79.83812216873316,36.14596300080905]}},{"type":"Feature","properties":{"county_nam":"GUILFORD","prec_id":"GB 29","precinct_norm":"GUILFORD - GB 29","name":"GB 29","label":"GB 29","seims_code":"G29","seims_desc":"G29","source_vintage":"sbe_2006"},"geometry":{"type":"Point","coordinates":[-79.84152545506271,36.127484999580105]}},{"type":"Feature","properties":{"county_nam":"GUILFORD","prec_id":"GB 30","precinct_norm":"GUILFORD - GB 30","name":"GB 30","label":"GB 30","seims_code":"G30","seims_desc":"G30","source_vintage":"sbe_2006"},"geometry":{"type":"Point","coordinates":[-79.84766291747553,36.116814000198396]}},{"type":"Feature","properties":{"county_nam":"GUILFORD","prec_id":"GB 31","precinct_norm":"GUILFORD - GB 31","name":"GB 31","label":"GB 31","seims_code":"G31","seims_desc":"G31","source_vintage":"sbe_2006"},"geometry":{"type":"Point","coordinates":[-79.83100605665518,36.1049350014206]}},{"type":"Feature","properties":{"county_nam":"GUILFORD","prec_id":"GB 32","precinct_norm":"GUILFORD - GB 32","name":"GB 32","label":"GB 32","seims_code":"G32","seims_desc":"G32","source_vintage":"sbe_2006"},"geometry":{"type":"Point","coordinates":[-79.85556265254175,36.10918499836758]}},{"type":"Feature","properties":{"county_nam":"GUILFORD","prec_id":"GB 33","precinct_norm":"GUILFORD - GB 33","name":"GB 33","label":"GB 33","seims_code":"G33","seims_desc":"G33","source_vintage":"sbe_2006"},"geometry":{"type":"Point","coordinates":[-79.84556884614187,36.09613500004757]}},{"type":"Feature","properties":{"county_nam":"GUILFORD","prec_id":"GB 34","precinct_norm":"GUILFORD - GB 34","name":"GB 34","label":"GB 34","seims_code":"G34","seims_desc":"G34","source_vintage":"sbe_2006"},"geometry":{"type":"Point","coordinates":[-79.86004121408703,36.097985000033106]}},{"type":"Feature","properties":{"county_nam":"GUILFORD","prec_id":"GB 35","precinct_norm":"GUILFORD - GB 35","name":"GB 35","label":"GB 35","seims_code":"G35","seims_desc":"G35","source_vintage":"sbe_2006"},"geometry":{"type":"Point","coordinates":[-79.85440354111913,36.08378499979827]}},{"type":"Feature","properties":{"county_nam":"GUILFORD","prec_id":"GB 36","precinct_norm":"GUILFORD - GB 36","name":"GB 36","label":"GB 36","seims_code":"G36","seims_desc":"G36","source_vintage":"sbe_2006"},"geometry":{"type":"Point","coordinates":[-79.86006655757356,36.08030499883395]}},{"type":"Feature","properties":{"county_nam":"GUILFORD","prec_id":"GB 37","precinct_norm":"GUILFORD - GB 37","name":"GB 37","label":"GB 37","seims_code":"G37","seims_desc":"G37","source_vintage":"sbe_2006"},"geometry":{"type":"Point","coordinates":[-79.87778365641927,36.07515949989207]}},{"type":"Feature","properties":{"county_nam":"GUILFORD","prec_id":"GB 38","precinct_norm":"GUILFORD - GB 38","name":"GB 38","label":"GB 38","seims_code":"G38","seims_desc":"G38","source_vintage":"sbe_2006"},"geometry":{"type":"Point","coordinates":[-79.88051663175116,36.08418100194794]}},{"type":"Feature","properties":{"county_nam":"GUILFORD","prec_id":"GB 39","precinct_norm":"GUILFORD - GB 39","name":"GB 39","label":"GB 39","seims_code":"G39","seims_desc":"G39","source_vintage":"sbe_2006"},"geometry":{"type":"Point","coordinates":[-79.88010756854058,36.098557000998085]}},{"type":"Feature","properties":{"county_nam":"GUILFORD","prec_id":"GB 40A","precinct_norm":"GUILFORD - GB 40A","name":"GB 40A","label":"GB 40A","seims_code":"G40A","seims_desc":"G40A","source_vintage":"sbe_2006"},"geometry":{"type":"Point","coordinates":[-79.87744429884425,36.12100050066107]}},{"type":"Feature","properties":{"county_nam":"GUILFORD","prec_id":"GB 40B","precinct_norm":"GUILFORD - GB 40B","name":"GB 40B","label":"GB 40B","seims_code":"G40B","seims_desc":"G40B","source_vintage":"sbe_2006"},"geometry":{"type":"Point","coordinates":[-79.86556301844874,36.12639850076457]}},{"type":"Feature","properties":{"county_nam":"GUILFORD","prec_id":"GB 41","precinct_norm":"GUILFORD - GB 41","name":"GB 41","label":"GB 41","seims_code":"G41","seims_desc":"G41","source_vintage":"sbe_2006"},"geometry":{"type":"Point","coordinates":[-79.89483303555491,36.11048650036951]}},{"type":"Feature","properties":{"county_nam":"GUILFORD","prec_id":"GB 42","precinct_norm":"GUILFORD - GB 42","name":"GB 42","label":"GB 42","seims_code":"G42","seims_desc":"G42","source_vintage":"sbe_2006"},"geometry":{"type":"Point","coordinates":[-79.91241639294287,36.0940509999902]}},{"type":"Feature","properties":{"county_nam":"GUILFORD","prec_id":"GB 43","precinct_norm":"GUILFORD - GB 43","name":"GB 43","label":"GB 43","seims_code":"G43","seims_desc":"G43","source_vintage":"sbe_2006"},"geometry":{"type":"Point","coordinates":[-79.91168186516057,36.082684998863584]}},{"type":"Feature","properties":{"county_nam":"GUILFORD","prec_id":"GB 44","precinct_norm":"GUILFORD - GB 44","name":"GB 44","label":"GB 44","seims_code":"G44","seims_desc":"G44","source_vintage":"sbe_2006"},"geometry":{"type":"Point","coordinates":[-79.79669520022495,36.06888149918581]}},{"type":"Feature","properties":{"county_nam":"GUILFORD","prec_id":"GB 45","precinct_norm":"GUILFORD - GB 45","name":"GB 45","label":"GB 45","seims_code":"G45","seims_desc":"G45","source_vintage":"sbe_2006"},"geometry":{"type":"Point","coordinates":[-79.81073529182285,36.06898499947475]}},{"type":"Feature","properties":{"county_nam":"GUILFORD","prec_id":"GB 46","precinct_norm":"GUILFORD - GB 46","name":"GB 46","label":"GB 46","seims_code":"G46","seims_desc":"G46","source_vintage":"sbe_2006"},"geometry":{"type":"Point","coordinates":[-79.79721520776388,36.05603499954412]}},{"type":"Feature","properties":{"county_nam":"GUILFORD","prec_id":"GB 47","precinct_norm":"GUILFORD - GB 47","name":"GB 47","label":"GB 47","seims_code":"G47","seims_desc":"G47","source_vintage":"sbe_2006"},"geometry":{"type":"Point","coordinates":[-79.8133534994609,36.05253500125224]}},{"type":"Feature","properties":{"county_nam":"GUILFORD","prec_id":"GB 48","precinct_norm":"GUILFORD - GB 48","name":"GB 48","label":"GB 48","seims_code":"G48","seims_desc":"G48","source_vintage":"sbe_2006"},"geometry":{"type":"Point","coordinates":[-79.83479149853429,36.064143000579364]}},{"type":"Feature","properties":{"county_nam":"GUILFORD","prec_id":"GB 49","precinct_norm":"GUILFORD - GB 49","name":"GB 49","label":"GB 49","seims_code":"G49","seims_desc":"G49","source_vintage":"sbe_2006"},"geometry":{"type":"Point","coordinates":[-79.86712763462671,36.06788499951313]}},{"type":"Feature","properties":{"county_nam":"GUILFORD","prec_id":"GB 50","precinct_norm":"GUILFORD - GB 50","name":"GB 50","label":"GB 50","seims_code":"G50","seims_desc":"G50","source_vintage":"sbe_2006"},"geometry":{"type":"Point","coordinates":[-79.85800772174014,36.05353499929558]}},{"type":"Feature","properties":{"county_nam":"GUILFORD","prec_id":"GB 51","precinct_norm":"GUILFORD - GB 51","name":"GB 51","label":"GB 51","seims_code":"G51","seims_desc":"G51","source_vintage":"sbe_2006"},"geometry":{"type":"Point","coordinates":[-79.82715400196801,36.04913500271546]}},{"type":"Feature","properties":{"county_nam":"GUILFORD","prec_id":"GB 52","precinct_norm":"GUILFORD - GB 52","name":"GB 52","label":"GB 52","seims_code":"G52","seims_desc":"G52","source_vintage":"sbe_2006"},"geometry":{"type":"Point","coordinates":[-79.80085249916797,36.040734999048766]}},{"type":"Feature","properties":{"county_nam":"GUILFORD","prec_id":"GB 53","precinct_norm":"GUILFORD - GB 53","name":"GB 53","label":"GB 53","seims_code":"G53","seims_desc":"G53","source_vintage":"sbe_2006"},"geometry":{"type":"Point","coordinates":[-79.79686668643456,36.01837949842353]}},{"type":"Feature","properties":{"county_nam":"GUILFORD","prec_id":"GB 54","precinct_norm":"GUILFORD - GB 54","name":"GB 54","label":"GB 54","seims_code":"G54","seims_desc":"G54","source_vintage":"sbe_2006"},"geometry":{"type":"Point","coordinates":[-79.81332827130143,36.027054499854685]}},{"type":"Feature","properties":{"county_nam":"GUILFORD","prec_id":"GB 55","precinct_norm":"GUILFORD - GB 55","name":"GB 55","label":"GB 55","seims_code":"G55","seims_desc":"G55","source_vintage":"sbe_2006"},"geometry":{"type":"Point","coordinates":[-79.8154079743734,36.01078499914041]}},{"type":"Feature","properties":{"county_nam":"GUILFORD","prec_id":"GB 56","precinct_norm":"GUILFORD - GB 56","name":"GB 56","label":"GB 56","seims_code":"G56","seims_desc":"G56","source_vintage":"sbe_2006"},"geometry":{"type":"Point","coordinates":[-79.83058862303919,36.03572200131629]}},{"type":"Feature","properties":{"county_nam":"GUILFORD","prec_id":"GB 57","precinct_norm":"GUILFORD - GB 57","name":"GB 57","label":"GB 57","seims_code":"G57","seims_desc":"G57","source_vintage":"sbe_2006"},"geometry":{"type":"Point","coordinates":[-79.83325797648337,36.01851100172746]}},{"type":"Feature","properties":{"county_nam":"GUILFORD","prec_id":"GB 58","precinct_norm":"GUILFORD - GB 58","name":"GB 58","label":"GB 58","seims_code":"G58","seims_desc":"G58","source_vintage":"sbe_2006"},"geometry":{"type":"Point","coordinates":[-79.84944910963753,36.035410501311205]}},{"type":"Feature","properties":{"county_nam":"GUILFORD","prec_id":"GB 59","precinct_norm":"GUILFORD - GB 59","name":"GB 59","label":"GB 59","seims_code":"G59","seims_desc":"G59","source_vintage":"sbe_2006"},"geometry":{"type":"Point","coordinates":[-79.84849628044373,36.02043499978408]}},{"type":"Feature","properties":{"county_nam":"GUILFORD","prec_id":"GB 60","precinct_norm":"GUILFORD - GB 60","name":"GB 60","label":"GB 60","seims_code":"G60","seims_desc":"G60","source_vintage":"sbe_2006"},"geometry":{"type":"Point","coordinates":[-79.85875499970982,36.03133499989324]}},{"type":"Feature","properties":{"county_nam":"GUILFORD","prec_id":"GB 61","precinct_norm":"GUILFORD - GB 61","name":"GB 61","label":"GB 61","seims_code":"G61","seims_desc":"G61","source_vintage":"sbe_2006"},"geometry":{"type":"Point","coordinates":[-79.87031599334239,36.0398349992285]}},{"type":"Feature","properties":{"county_nam":"GUILFORD","prec_id":"GB 62","precinct_norm":"GUILFORD - GB 62","name":"GB 62","label":"GB 62","seims_code":"G62","seims_desc":"G62","source_vintage":"sbe_2006"},"geometry":{"type":"Point","coordinates":[-79.88349979176895,36.0451359993137]}},{"type":"Feature","properties":{"county_nam":"GUILFORD","prec_id":"GB 63","precinct_norm":"GUILFORD - GB 63","name":"GB 63","label":"GB 63","seims_code":"G63","seims_desc":"G63","source_vintage":"sbe_2006"},"geometry":{"type":"Point","coordinates":[-79.88928575331772,36.06656199993189]}},{"type":"Feature","properties":{"county_nam":"GUILFORD","prec_id":"GB 64","precinct_norm":"GUILFORD - GB 64","name":"GB 64","label":"GB 64","seims_code":"G64","seims_desc":"G64","source_vintage":"sbe_2006"},"geometry":{"type":"Point","coordinates":[-79.94512708859904,36.0808574992158]}},{"type":"Feature","properties":{"county_nam":"GUILFORD","prec_id":"GB 65","precinct_norm":"GUILFORD - GB 65","name":"GB 65","label":"GB 65","seims_code":"G65","seims_desc":"G65","source_vintage":"sbe_2006"},"geometry":{"type":"Point","coordinates":[-79.89596193659195,36.02570550048026]}},{"type":"Feature","properties":{"county_nam":"GUILFORD","prec_id":"GB 66","precinct_norm":"GUILFORD - GB 66","name":"GB 66","label":"GB 66","seims_code":"G66","seims_desc":"G66","source_vintage":"sbe_2006"},"geometry":{"type":"Point","coordinates":[-79.90657748995756,36.02898599898337]}},{"type":"Feature","properties":{"county_nam":"GUILFORD","prec_id":"GB 67","precinct_norm":"GUILFORD - GB 67","name":"GB 67","label":"GB 67","seims_code":"G67","seims_desc":"G67","source_vintage":"sbe_2006"},"geometry":{"type":"Point","coordinates":[-79.77905519041158,36.07352249931687]}},{"type":"Feature","properties":{"county_nam":"GUILFORD","prec_id":"GB 68","precinct_norm":"GUILFORD - GB 68","name":"GB 68","label":"GB 68","seims_code":"G68","seims_desc":"G68","source_vintage":"sbe_2006"},"geometry":{"type":"Point","coordinates":[-79.76538654741309,36.07839600180478]}},{"type":"Feature","properties":{"county_nam":"GUILFORD","prec_id":"GB 69","precinct_norm":"GUILFORD - GB 69","name":"GB 69","label":"GB 69","seims_code":"G69","seims_desc":"G69","source_vintage":"sbe_2006"},"geometry":{"type":"Point","coordinates":[-79.78468978386002,36.06222300227894]}},{"type":"Feature","properties":{"county_nam":"GUILFORD","prec_id":"GB 70","precinct_norm":"GUILFORD - GB 70","name":"GB 70","label":"GB 70","seims_code":"G70","seims_desc":"G70","source_vintage":"sbe_2006"},"geometry":{"type":"Point","coordinates":[-79.77196967871811,36.064635000515935]}},{"type":"Feature","properties":{"county_nam":"GUILFORD","prec_id":"GB 71","precinct_norm":"GUILFORD - GB 71","name":"GB 71","label":"GB 71","seims_code":"G71","seims_desc":"G71","source_vintage":"sbe_2006"},"geometry":{"type":"Point","coordinates":[-79.75875276437961,36.06800700115304]}},{"type":"Feature","properties":{"county_nam":"GUILFORD","prec_id":"GB 72","precinct_norm":"GUILFORD - GB 72","name":"GB 72","label":"GB 72","seims_code":"G72","seims_desc":"G72","source_vintage":"sbe_2006"},"geometry":{"type":"Point","coordinates":[-79.74076604285025,36.07374100152428]}},{"type":"Feature","properties":{"county_nam":"GUILFORD","prec_id":"GB 73","precinct_norm":"GUILFORD - GB 73","name":"GB 73","label":"GB 73","seims_code":"G73","seims_desc":"G73","source_vintage":"sbe_2006"},"geometry":{"type":"Point","coordinates":[-79.7776854282303,36.047884999622816]}},{"type":"Feature","properties":{"county_nam":"GUILFORD","prec_id":"GB 74","precinct_norm":"GUILFORD - GB 74","name":"GB 74","label":"GB 74","seims_code":"G74","seims_desc":"G74","source_vintage":"sbe_2006"},"geometry":{"type":"Point","coordinates":[-79.75779425795383,36.05458599943286]}},{"type":"Feature","properties":{"county_nam":"GUILFORD","prec_id":"GB 75","precinct_norm":"GUILFORD - GB 75","name":"GB 75","label":"GB 75","seims_code":"G75","seims_desc":"G75","source_vintage":"sbe_2006"},"geometry":{"type":"Point","coordinates":[-79.77382260241458,36.03436899981571]}},{"type":"Feature","properties":{"county_nam":"GUILFORD","prec_id":"GIBSONVILLE","precinct_norm":"GUILFORD - GIBSONVILLE","name":"Gibsonville","label":"Gibsonville","seims_code":"GIB","seims_desc":"GIB","source_vintage":"sbe_2006"},"geometry":{"type":"Point","coordinates":[-79.55413851089679,36.102994998140375]}},{"type":"Feature","properties":{"county_nam":"GUILFORD","prec_id":"GREENE","precinct_norm":"GUILFORD - GREENE","name":"Greene","label":"Greene","seims_code":"GR","seims_desc":"GR","source_vintage":"sbe_2006"},"geometry":{"type":"Point","coordinates":[-79.58121316207479,35.95917799985712]}},{"type":"Feature","properties":{"county_nam":"GUILFORD","prec_id":"HP","precinct_norm":"GUILFORD - HP","name":"HP","label":"HP","seims_code":"HP","seims_desc":"HP","source_vintage":"sbe_2006"},"geometry":{"type":"Point","coordinates":[-79.9522976168463,36.03005799973448]}},{"type":"Feature","properties":{"county_nam":"GUILFORD","prec_id":"HP 01","precinct_norm":"GUILFORD - HP 01","name":"HP 01","label":"HP 01","seims_code":"H01","seims_desc":"H01","source_vintage":"sbe_2006"},"geometry":{"type":"Point","coordinates":[-80.03081871654487,35.93429600092456]}},{"type":"Feature","properties":{"county_nam":"GUILFORD","prec_id":"HP 02","precinct_norm":"GUILFORD - HP 02","name":"HP 02","label":"HP 02","seims_code":"H02","seims_desc":"H02","source_vintage":"sbe_2006"},"geometry":{"type":"Point","coordinates":[-80.03073808378977,35.95078600085328]}},{"type":"Feature","properties":{"county_nam":"GUILFORD","prec_id":"HP 03","precinct_norm":"GUILFORD - HP 03","name":"HP 03","label":"HP 03","seims_code":"H03","seims_desc":"H03","source_vintage":"sbe_2006"},"geometry":{"type":"Point","coordinates":[-79.99890525009334,35.940285999728246]}},{"type":"Feature","properties":{"county_nam":"GUILFORD","prec_id":"HP 04","precinct_norm":"GUILFORD - HP 04","name":"HP 04","label":"HP 04","seims_code":"H04","seims_desc":"H04","source_vintage":"sbe_2006"},"geometry":{"type":"Point","coordinates":[-79.97624499943586,35.934795498985]}},{"type":"Feature","properties":{"county_nam":"GUILFORD","prec_id":"HP 05","precinct_norm":"GUILFORD - HP 05","name":"HP 05","label":"HP 05","seims_code":"H05","seims_desc":"H05","source_vintage":"sbe_2006"},"geometry":{"type":"Point","coordinates":[-79.9613990325246,35.962384999660834]}},{"type":"Feature","properties":{"county_nam":"GUILFORD","prec_id":"HP 06","precinct_norm":"GUILFORD - HP 06","name":"HP 06","label":"HP 06","seims_code":"H06","seims_desc":"H06","source_vintage":"sbe_2006"},"geometry":{"type":"Point","coordinates":[-79.93693424730463,35.972685997282355]}},{"type":"Feature","properties":{"county_nam":"GUILFORD","prec_id":"HP 07","precinct_norm":"GUILFORD - HP 07","name":"HP 07","label":"HP 07","seims_code":"H07","seims_desc":"H07","source_vintage":"sbe_2006"},"geometry":{"type":"Point","coordinates":[-79.98365420965267,35.95503600047432]}},{"type":"Feature","properties":{"county_nam":"GUILFORD","prec_id":"HP 08","precinct_norm":"GUILFORD - HP 08","name":"HP 08","label":"HP 08","seims_code":"H08","seims_desc":"H08","source_vintage":"sbe_2006"},"geometry":{"type":"Point","coordinates":[-79.99838923888737,35.95135750071822]}},{"type":"Feature","properties":{"county_nam":"GUILFORD","prec_id":"HP 09","precinct_norm":"GUILFORD - HP 09","name":"HP 09","label":"HP 09","seims_code":"H09","seims_desc":"H09","source_vintage":"sbe_2006"},"geometry":{"type":"Point","coordinates":[-79.99418472863783,35.96461649918943]}},{"type":"Feature","properties":{"county_nam":"GUILFORD","prec_id":"HP 10","precinct_norm":"GUILFORD - HP 10","name":"HP 10","label":"HP 10","seims_code":"H10","seims_desc":"H10","source_vintage":"sbe_2006"},"geometry":{"type":"Point","coordinates":[-79.96686139776227,35.9780360003604]}},{"type":"Feature","properties":{"county_nam":"GUILFORD","prec_id":"HP 11","precinct_norm":"GUILFORD - HP 11","name":"HP 11","label":"HP 11","seims_code":"H11","seims_desc":"H11","source_vintage":"sbe_2006"},"geometry":{"type":"Point","coordinates":[-79.99048550121051,35.973986000455575]}},{"type":"Feature","properties":{"county_nam":"GUILFORD","prec_id":"HP 12","precinct_norm":"GUILFORD - HP 12","name":"HP 12","label":"HP 12","seims_code":"H12","seims_desc":"H12","source_vintage":"sbe_2006"},"geometry":{"type":"Point","coordinates":[-80.00801739369709,35.96737349711303]}},{"type":"Feature","properties":{"county_nam":"GUILFORD","prec_id":"HP 13","precinct_norm":"GUILFORD - HP 13","name":"HP 13","label":"HP 13","seims_code":"H13","seims_desc":"H13","source_vintage":"sbe_2006"},"geometry":{"type":"Point","coordinates":[-80.02143063716726,35.96208599945804]}},{"type":"Feature","properties":{"county_nam":"GUILFORD","prec_id":"HP 14","precinct_norm":"GUILFORD - HP 14","name":"HP 14","label":"HP 14","seims_code":"H14","seims_desc":"H14","source_vintage":"sbe_2006"},"geometry":{"type":"Point","coordinates":[-80.0393376312007,35.965107000231676]}},{"type":"Feature","properties":{"county_nam":"GUILFORD","prec_id":"HP 15","precinct_norm":"GUILFORD - HP 15","name":"HP 15","label":"HP 15","seims_code":"H15","seims_desc":"H15","source_vintage":"sbe_2006"},"geometry":{"type":"Point","coordinates":[-80.03663547295889,35.9868359999339]}},{"type":"Feature","properties":{"county_nam":"GUILFORD","prec_id":"HP 16","precinct_norm":"GUILFORD - HP 16","name":"HP 16","label":"HP 16","seims_code":"H16","seims_desc":"H16","source_vintage":"sbe_2006"},"geometry":{"type":"Point","coordinates":[-80.0241660705972,35.97963600099755]}},{"type":"Feature","properties":{"county_nam":"GUILFORD","prec_id":"HP 17","precinct_norm":"GUILFORD - HP 17","name":"HP 17","label":"HP 17","seims_code":"H17","seims_desc":"H17","source_vintage":"sbe_2006"},"geometry":{"type":"Point","coordinates":[-80.00869632177091,35.98168600077554]}},{"type":"Feature","properties":{"county_nam":"GUILFORD","prec_id":"HP 18","precinct_norm":"GUILFORD - HP 18","name":"HP 18","label":"HP 18","seims_code":"H18","seims_desc":"H18","source_vintage":"sbe_2006"},"geometry":{"type":"Point","coordinates":[-79.99185891779862,35.989235999433944]}},{"type":"Feature","properties":{"county_nam":"GUILFORD","prec_id":"HP 19A","precinct_norm":"GUILFORD - HP 19A","name":"HP 19A","label":"HP 19A","seims_code":"H19A","seims_desc":"H19A","source_vintage":"sbe_2006"},"geometry":{"type":"Point","coordinates":[-79.98193537740029,35.987568000476024]}},{"type":"Feature","properties":{"county_nam":"GUILFORD","prec_id":"HP 19B","precinct_norm":"GUILFORD - HP 19B","name":"HP 19B","label":"HP 19B","seims_code":"H19B","seims_desc":"H19B","source_vintage":"sbe_2006"},"geometry":{"type":"Point","coordinates":[-79.96753477225275,35.99088599821225]}},{"type":"Feature","properties":{"county_nam":"GUILFORD","prec_id":"HP 20A","precinct_norm":"GUILFORD - HP 20A","name":"HP 20A","label":"HP 20A","seims_code":"H20A","seims_desc":"H20A","source_vintage":"sbe_2006"},"geometry":{"type":"Point","coordinates":[-80.00633746148934,35.99948600104064]}},{"type":"Feature","properties":{"county_nam":"GUILFORD","prec_id":"HP 20B","precinct_norm":"GUILFORD - HP 20B","name":"HP 20B","label":"HP 20B","seims_code":"H20B","seims_desc":"H20B","source_vintage":"sbe_2006"},"geometry":{"type":"Point","coordinates":[-79.98863313219613,36.00361600205053]}},{"type":"Feature","properties":{"county_nam":"GUILFORD","prec_id":"HP 21","precinct_norm":"GUILFORD - HP 21","name":"HP 21","label":"HP 21","seims_code":"H21","seims_desc":"H21","source_vintage":"sbe_2006"},"geometry":{"type":"Point","coordinates":[-80.01650439922824,36.00163850339861]}},{"type":"Feature","properties":{"county_nam":"GUILFORD","prec_id":"HP 22","precinct_norm":"GUILFORD - HP 22","name":"HP 22","label":"HP 22","seims_code":"H22","seims_desc":"H22","source_vintage":"sbe_2006"},"geometry":{"type":"Point","coordinates":[-80.02480772109905,35.99706249932475]}},{"type":"Feature","properties":{"county_nam":"GUILFORD","prec_id":"HP 23","precinct_norm":"GUILFORD - HP 23","name":"HP 23","label":"HP 23","seims_code":"H23","seims_desc":"H23","source_vintage":"sbe_2006"},"geometry":{"type":"Point","coordinates":[-80.03146262628076,36.00905000199408]}},{"type":"Feature","properties":{"county_nam":"GUILFORD","prec_id":"HP 24","precinct_norm":"GUILFORD - HP 24","name":"HP 24","label":"HP 24","seims_code":"H24","seims_desc":"H24","source_vintage":"sbe_2006"},"geometry":{"type":"Point","coordinates":[-80.03078091471195,36.028939502059]}},{"type":"Feature","properties":{"county_nam":"GUILFORD","prec_id":"HP 25","precinct_norm":"GUILFORD - HP 25","name":"HP 25","label":"HP 25","seims_code":"H25","seims_desc":"H25","source_vintage":"sbe_2006"},"geometry":{"type":"Point","coordinates":[-80.00951044233298,36.03626550019236]}},{"type":"Feature","properties":{"county_nam":"GUILFORD","prec_id":"HP 26","precinct_norm":"GUILFORD - HP 26","name":"HP 26","label":"HP 26","seims_code":"H26","seims_desc":"H26","source_vintage":"sbe_2006"},"geometry":{"type":"Point","coordinates":[-79.9831965384924,36.01528600047781]}},{"type":"Feature","properties":{"county_nam":"GUILFORD","prec_id":"HP 27","precinct_norm":"GUILFORD - HP 27","name":"HP 27","label":"HP 27","seims_code":"H27","seims_desc":"H27","source_vintage":"sbe_2006"},"geometry":{"type":"Point","coordinates":[-79.98880492563626,36.04061600068022]}},{"type":"Feature","properties":{"county_nam":"GUILFORD","prec_id":"JAMESTOWN 1","precinct_norm":"GUILFORD - JAMESTOWN 1","name":"Jamestown 1","label":"Jamestown 1","seims_code":"JAM1","seims_desc":"JAM1","source_vintage":"sbe_2006"},"geometry":{"type":"Point","coordinates":[-79.93522330055876,35.99666350073305]}},{"type":"Feature","properties":{"county_nam":"GUILFORD","prec_id":"JAMESTOWN 2","precinct_norm":"GUILFORD - JAMESTOWN 2","name":"Jamestown 2","label":"Jamestown 2","seims_code":"JAM2","seims_desc":"JAM2","source_vintage":"sbe_2006"},"geometry":{"type":"Point","coordinates":[-79.91539826802554,36.01354699845068]}},{"type":"Feature","properties":{"county_nam":"GUILFORD","prec_id":"JAMESTOWN 3","precinct_norm":"GUILFORD - JAMESTOWN 3","name":"Jamestown 3","label":"Jamestown 3","seims_code":"JAM3","seims_desc":"JAM3","source_vintage":"sbe_2006"},"geometry":{"type":"Point","coordinates":[-79.88046791122588,36.017026998949234]}},{"type":"Feature","properties":{"county_nam":"GUILFORD","prec_id":"JAMESTOWN 4","precinct_norm":"GUILFORD - JAMESTOWN 4","name":"Jamestown 4","label":"Jamestown 4","seims_code":"JAM4","seims_desc":"JAM4","source_vintage":"sbe_2006"},"geometry":{"type":"Point","coordinates":[-79.90062926581797,35.97721599793238]}},{"type":"Feature","properties":{"county_nam":"GUILFORD","prec_id":"JAMESTOWN 5","precinct_norm":"GUILFORD - JAMESTOWN 5","name":"Jamestown 5","label":"Jamestown 5","seims_code":"JAM5","seims_desc":"JAM5","source_vintage":"sbe_2006"},"geometry":{"type":"Point","coordinates":[-79.91783481130886,35.943223500921754]}},{"type":"Feature","properties":{"county_nam":"GUILFORD","prec_id":"JEFFERSON 1","precinct_norm":"GUILFORD - JEFFERSON 1","name":"Jefferson 1","label":"Jefferson 1","seims_code":"JEF1","seims_desc":"JEF1","source_vintage":"sbe_2006"},"geometry":{"type":"Point","coordinates":[-79.65928437893095,36.114842000735194]}},{"type":"Feature","properties":{"county_nam":"GUILFORD","prec_id":"JEFFERSON 2","precinct_norm":"GUILFORD - JEFFERSON 2","name":"Jefferson 2","label":"Jefferson 2","seims_code":"JEF2","seims_desc":"JEF2","source_vintage":"sbe_2006"},"geometry":{"type":"Point","coordinates":[-79.68295764333658,36.068158500523765]}},{"type":"Feature","properties":{"county_nam":"GUILFORD","prec_id":"JEFFERSON 3","precinct_norm":"GUILFORD - JEFFERSON 3","name":"Jefferson 3","label":"Jefferson 3","seims_code":"JEF3","seims_desc":"JEF3","source_vintage":"sbe_2006"},"geometry":{"type":"Point","coordinates":[-79.72392449928813,36.04004700015321]}},{"type":"Feature","properties":{"county_nam":"GUILFORD","prec_id":"JEFFERSON 4","precinct_norm":"GUILFORD - JEFFERSON 4","name":"Jefferson 4","label":"Jefferson 4","seims_code":"JEF4","seims_desc":"JEF4","source_vintage":"sbe_2006"},"geometry":{"type":"Point","coordinates":[-79.65527421121679,36.038759002823554]}},{"type":"Feature","properties":{"county_nam":"GUILFORD","prec_id":"MADISON NORTH","precinct_norm":"GUILFORD - MADISON NORTH","name":"Madison North","label":"Madison North","seims_code":"NMAD","seims_desc":"NMAD","source_vintage":"sbe_2006"},"geometry":{"type":"Point","coordinates":[-79.65791849867966,36.20959099875983]}},{"type":"Feature","properties":{"county_nam":"GUILFORD","prec_id":"MADISON SOUTH","precinct_norm":"GUILFORD - MADISON SOUTH","name":"Madison South","label":"Madison South","seims_code":"SMAD","seims_desc":"SMAD","source_vintage":"sbe_2006"},"geometry":{"type":"Point","coordinates":[-79.65819873069873,36.159202998684684]}},{"type":"Feature","properties":{"county_nam":"GUILFORD","prec_id":"MONROE 1","precinct_norm":"GUILFORD - MONROE 1","name":"Monroe 1","label":"Monroe 1","seims_code":"MON1","seims_desc":"MON1","source_vintage":"sbe_2006"},"geometry":{"type":"Point","coordinates":[-79.72122013996614,36.13182350152594]}},{"type":"Feature","properties":{"county_nam":"GUILFORD","prec_id":"MONROE 2","precinct_norm":"GUILFORD - MONROE 2","name":"Monroe 2","label":"Monroe 2","seims_code":"MON2","seims_desc":"MON2","source_vintage":"sbe_2006"},"geometry":{"type":"Point","coordinates":[-79.7416374461438,36.16223450018866]}},{"type":"Feature","properties":{"county_nam":"GUILFORD","prec_id":"MONROE 3","precinct_norm":"GUILFORD - MONROE 3","name":"Monroe 3","label":"Monroe 3","seims_code":"MON3","seims_desc":"MON3","source_vintage":"sbe_2006"},"geometry":{"type":"Point","coordinates":[-79.74204210701689,36.2064269985613]}},{"type":"Feature","properties":{"county_nam":"GUILFORD","prec_id":"OAK RIDGE 1","precinct_norm":"GUILFORD - OAK RIDGE 1","name":"Oak Ridge 1","label":"Oak Ridge 1","seims_code":"OR1","seims_desc":"OR1","source_vintage":"sbe_2006"},"geometry":{"type":"Point","coordinates":[-80.01160778149642,36.18660099944371]}},{"type":"Feature","properties":{"county_nam":"GUILFORD","prec_id":"OAK RIDGE 2","precinct_norm":"GUILFORD - OAK RIDGE 2","name":"Oak Ridge 2","label":"Oak Ridge 2","seims_code":"OR2","seims_desc":"OR2","source_vintage":"sbe_2006"},"geometry":{"type":"Point","coordinates":[-79.97101573882028,36.17304149922315]}},{"type":"Feature","properties":{"county_nam":"GUILFORD","prec_id":"PLEASANT GARDEN 1","precinct_norm":"GUILFORD - PLEASANT GARDEN 1","name":"Pleasant Garden 1","label":"Pleasant Garden 1","seims_code":"PG1","seims_desc":"PG1","source_vintage":"sbe_2006"},"geometry":{"type":"Point","coordinates":[-79.76270952158004,35.97966299960812]}},{"type":"Feature","properties":{"county_nam":"GUILFORD","prec_id":"PLEASANT GARDEN 2","precinct_norm":"GUILFORD - PLEASANT GARDEN 2","name":"Pleasant Garden 2","label":"Pleasant Garden 2","seims_code":"PG2","seims_desc":"PG2","source_vintage":"sbe_2006"},"geometry":{"type":"Point","coordinates":[-79.75182226888421,35.9379539997593]}},{"type":"Feature","properties":{"county_nam":"GUILFORD","prec_id":"ROCK CREEK 1","precinct_norm":"GUILFORD - ROCK CREEK 1","name":"Rock Creek 1","label":"Rock Creek 1","seims_code":"RC1","seims_desc":"RC1","source_vintage":"sbe_2006"},"geometry":{"type":"Point","coordinates":[-79.60301426099139,36.09538700015288]}},{"type":"Feature","properties":{"county_nam":"GUILFORD","prec_id":"ROCK CREEK 2","precinct_norm":"GUILFORD - ROCK CREEK 2","name":"Rock Creek 2","label":"Rock Creek 2","seims_code":"RC2","seims_desc":"RC2","source_vintage":"sbe_2006"},"geometry":{"type":"Point","coordinates":[-79.57917444924863,36.057590499381504]}},{"type":"Feature","properties":{"county_nam":"GUILFORD","prec_id":"STOKESDALE","precinct_norm":"GUILFORD - STOKESDALE","name":"Stokesdale","label":"Stokesdale","seims_code":"STOK","seims_desc":"STOK","source_vintage":"sbe_2006"},"geometry":{"type":"Point","coordinates":[-79.97616112083678,36.227701500618835]}},{"type":"Feature","properties":{"county_nam":"GUILFORD","prec_id":"SUMMERFIELD 1","precinct_norm":"GUILFORD - SUMMERFIELD 1","name":"Summerfield 1","label":"Summerfield 1","seims_code":"SF1","seims_desc":"SF1","source_vintage":"sbe_2006"},"geometry":{"type":"Point","coordinates":[-79.92616341058098,36.200825500590824]}},{"type":"Feature","properties":{"county_nam":"GUILFORD","prec_id":"SUMMERFIELD 2","precinct_norm":"GUILFORD - SUMMERFIELD 2","name":"Summerfield 2","label":"Summerfield 2","seims_code":"SF2","seims_desc":"SF2","source_vintage":"sbe_2006"},"geometry":{"type":"Point","coordinates":[-79.8900197550899,36.224318996833105]}},{"type":"Feature","properties":{"county_nam":"GUILFORD","prec_id":"SUMMERFIELD 3","precinct_norm":"GUILFORD - SUMMERFIELD 3","name":"Summerfield 3","label":"Summerfield 3","seims_code":"SF3","seims_desc":"SF3","source_vintage":"sbe_2006"},"geometry":{"type":"Point","coordinates":[-79.89058803849463,36.15805900036675]}},{"type":"Feature","properties":{"county_nam":"GUILFORD","prec_id":"SUMMERFIELD 4","precinct_norm":"GUILFORD - SUMMERFIELD 4","name":"Summerfield 4","label":"Summerfield 4","seims_code":"SF4","seims_desc":"SF4","source_vintage":"sbe_2006"},"geometry":{"type":"Point","coordinates":[-79.93714640116667,36.15932999887108]}},{"type":"Feature","properties":{"county_nam":"GUILFORD","prec_id":"SUMNER 1","precinct_norm":"GUILFORD - SUMNER 1","name":"Sumner 1","label":"Sumner 1","seims_code":"SUM1","seims_desc":"SUM1","source_vintage":"sbe_2006"},"geometry":{"type":"Point","coordinates":[-79.85924652291334,35.992934998914976]}},{"type":"Feature","properties":{"county_nam":"GUILFORD","prec_id":"SUMNER 2","precinct_norm":"GUILFORD - SUMNER 2","name":"Sumner 2","label":"Sumner 2","seims_code":"SUM2","seims_desc":"SUM2","source_vintage":"sbe_2006"},"geometry":{"type":"Point","coordinates":[-79.80485301273478,35.984721999107435]}},{"type":"Feature","properties":{"county_nam":"GUILFORD","prec_id":"SUMNER 3","precinct_norm":"GUILFORD - SUMNER 3","name":"Sumner 3","label":"Sumner 3","seims_code":"SUM3","seims_desc":"SUM3","source_vintage":"sbe_2006"},"geometry":{"type":"Point","coordinates":[-79.8426594465535,35.972607000358195]}},{"type":"Feature","properties":{"county_nam":"GUILFORD","prec_id":"SUMNER 4","precinct_norm":"GUILFORD - SUMNER 4","name":"Sumner 4","label":"Sumner 4","seims_code":"SUM4","seims_desc":"SUM4","source_vintage":"sbe_2006"},"geometry":{"type":"Point","coordinates":[-79.83500964974735,35.936858000112906]}},{"type":"Feature","properties":{"county_nam":"GUILFORD","prec_id":"WASHINGTON NORTH","precinct_norm":"GUILFORD - WASHINGTON NORTH","name":"Washington North","label":"Washington North","seims_code":"NWASH","seims_desc":"NWASH","source_vintage":"sbe_2006"},"geometry":{"type":"Point","coordinates":[-79.57509332856856,36.20570600091334]}},{"type":"Feature","properties":{"county_nam":"GUILFORD","prec_id":"WASHINGTON SOUTH","precinct_norm":"GUILFORD - WASHINGTON SOUTH","name":"Washington South","label":"Washington South","seims_code":"SWASH","seims_desc":"SWASH","source_vintage":"sbe_2006"},"geometry":{"type":"Point","coordinates":[-79.5769158635033,36.15604400070095]}},{"type":"Feature","properties":{"county_nam":"HALIFAX","prec_id":"BUTTERWOOD","precinct_norm":"HALIFAX - BUTTERWOOD","name":"Butterwood","label":"Butterwood","seims_code":"BUTWD","seims_desc":"BUTTERWOOD","source_vintage":"sbe_2006"},"geometry":{"type":"Point","coordinates":[-77.8649108325873,36.3564234976764]}},{"type":"Feature","properties":{"county_nam":"HALIFAX","prec_id":"CONOCONNARA","precinct_norm":"HALIFAX - CONOCONNARA","name":"Conoconnara","label":"Conoconnara","seims_code":"CONC","seims_desc":"CONOCONNARA","source_vintage":"sbe_2006"},"geometry":{"type":"Point","coordinates":[-77.46651416212076,36.22116049948985]}},{"type":"Feature","properties":{"county_nam":"HALIFAX","prec_id":"ENFIELD 1","precinct_norm":"HALIFAX - ENFIELD 1","name":"Enfield 1","label":"Enfield 1","seims_code":"ENF 1","seims_desc":"ENFIELD 1","source_vintage":"sbe_2006"},"geometry":{"type":"Point","coordinates":[-77.73061913729369,36.1803340015072]}},{"type":"Feature","properties":{"county_nam":"HALIFAX","prec_id":"ENFIELD 2","precinct_norm":"HALIFAX - ENFIELD 2","name":"Enfield 2","label":"Enfield 2","seims_code":"ENF 2","seims_desc":"ENFIELD 2","source_vintage":"sbe_2006"},"geometry":{"type":"Point","coordinates":[-77.60457712064856,36.16489550016392]}},{"type":"Feature","properties":{"county_nam":"HALIFAX","prec_id":"ENFIELD 3","precinct_norm":"HALIFAX - ENFIELD 3","name":"Enfield 3","label":"Enfield 3","seims_code":"ENF 3","seims_desc":"ENFIELD 3","source_vintage":"sbe_2006"},"geometry":{"type":"Point","coordinates":[-77.71872333541887,36.23283550004544]}},{"type":"Feature","properties":{"county_nam":"HALIFAX","prec_id":"FAUCETT","precinct_norm":"HALIFAX - FAUCETT","name":"Faucett","label":"Faucett","seims_code":"FAUCT","seims_desc":"FAUCETT","source_vintage":"sbe_2006"},"geometry":{"type":"Point","coordinates":[-77.74349588383379,36.3400934986655]}},{"type":"Feature","properties":{"county_nam":"HALIFAX","prec_id":"HALIFAX","precinct_norm":"HALIFAX - HALIFAX","name":"Halifax","label":"Halifax","seims_code":"HAL","seims_desc":"HALIFAX","source_vintage":"sbe_2006"},"geometry":{"type":"Point","coordinates":[-77.52533280077051,36.286114500358295]}},{"type":"Feature","properties":{"county_nam":"HALIFAX","prec_id":"HOBGOOD","precinct_norm":"HALIFAX - HOBGOOD","name":"Hobgood","label":"Hobgood","seims_code":"HOB","seims_desc":"HOBGOOD","source_vintage":"sbe_2006"},"geometry":{"type":"Point","coordinates":[-77.39224382880131,36.054883499919]}},{"type":"Feature","properties":{"county_nam":"HALIFAX","prec_id":"HOLLISTER","precinct_norm":"HALIFAX - HOLLISTER","name":"Hollister","label":"Hollister","seims_code":"HOL","seims_desc":"HOLLISTER","source_vintage":"sbe_2006"},"geometry":{"type":"Point","coordinates":[-77.93907993234954,36.238778501277174]}},{"type":"Feature","properties":{"county_nam":"HALIFAX","prec_id":"LITTLETON 1","precinct_norm":"HALIFAX - LITTLETON 1","name":"Littleton 1","label":"Littleton 1","seims_code":"LIT 1","seims_desc":"LITTLETON 1","source_vintage":"sbe_2006"},"geometry":{"type":"Point","coordinates":[-77.83747385780876,36.422142999762656]}},{"type":"Feature","properties":{"county_nam":"HALIFAX","prec_id":"LITTLETON 2","precinct_norm":"HALIFAX - LITTLETON 2","name":"Littleton 2","label":"Littleton 2","seims_code":"LIT 2","seims_desc":"LITTLETON 2","source_vintage":"sbe_2006"},"geometry":{"type":"Point","coordinates":[-77.83152421706113,36.47146400188258]}},{"type":"Feature","properties":{"county_nam":"HALIFAX","prec_id":"PALMYRA","precinct_norm":"HALIFAX - PALMYRA","name":"Palmyra","label":"Palmyra","seims_code":"PAL","seims_desc":"PALMYRA","source_vintage":"sbe_2006"},"geometry":{"type":"Point","coordinates":[-77.33940231433169,36.112908499295]}},{"type":"Feature","properties":{"county_nam":"HALIFAX","prec_id":"RINGWOOD","precinct_norm":"HALIFAX - RINGWOOD","name":"Ringwood","label":"Ringwood","seims_code":"RINGW","seims_desc":"RINGWOOD","source_vintage":"sbe_2006"},"geometry":{"type":"Point","coordinates":[-77.83818543271897,36.210923001268924]}},{"type":"Feature","properties":{"county_nam":"HALIFAX","prec_id":"ROANOKE RAPIDS 01","precinct_norm":"HALIFAX - ROANOKE RAPIDS 01","name":"Roanoke Rapids 01","label":"Roanoke Rapids 01","seims_code":"RR 1","seims_desc":"ROANOKE RAPIDS 1","source_vintage":"sbe_2006"},"geometry":{"type":"Point","coordinates":[-77.65701018231567,36.47415500059376]}},{"type":"Feature","properties":{"county_nam":"HALIFAX","prec_id":"ROANOKE RAPIDS 02","precinct_norm":"HALIFAX - ROANOKE RAPIDS 02","name":"Roanoke Rapids 02","label":"Roanoke Rapids 02","seims_code":"RR 2","seims_desc":"ROANOKE RAPIDS 2","source_vintage":"sbe_2006"},"geometry":{"type":"Point","coordinates":[-77.64409147465358,36.47096499982135]}},{"type":"Feature","properties":{"county_nam":"HALIFAX","prec_id":"ROANOKE RAPIDS 03","precinct_norm":"HALIFAX - ROANOKE RAPIDS 03","name":"Roanoke Rapids 03","label":"Roanoke Rapids 03","seims_code":"RR 3","seims_desc":"ROANOKE RAPIDS 3","source_vintage":"sbe_2006"},"geometry":{"type":"Point","coordinates":[-77.668210606743,36.469690000197716]}},{"type":"Feature","properties":{"county_nam":"HALIFAX","prec_id":"ROANOKE RAPIDS 04","precinct_norm":"HALIFAX - ROANOKE RAPIDS 04","name":"Roanoke Rapids 04","label":"Roanoke Rapids 04","seims_code":"RR 4","seims_desc":"ROANOKE RAPIDS 4","source_vintage":"sbe_2006"},"geometry":{"type":"Point","coordinates":[-77.64744245900806,36.462561000281966]}},{"type":"Feature","properties":{"county_nam":"HALIFAX","prec_id":"ROANOKE RAPIDS 05","precinct_norm":"HALIFAX - ROANOKE RAPIDS 05","name":"Roanoke Rapids 05","label":"Roanoke Rapids 05","seims_code":"RR 5","seims_desc":"ROANOKE RAPIDS 5","source_vintage":"sbe_2006"},"geometry":{"type":"Point","coordinates":[-77.66486147549712,36.45846700149189]}},{"type":"Feature","properties":{"county_nam":"HALIFAX","prec_id":"ROANOKE RAPIDS 06","precinct_norm":"HALIFAX - ROANOKE RAPIDS 06","name":"Roanoke Rapids 06","label":"Roanoke Rapids 06","seims_code":"RR 6","seims_desc":"ROANOKE RAPIDS 6","source_vintage":"sbe_2006"},"geometry":{"type":"Point","coordinates":[-77.65140791035563,36.45031799979818]}},{"type":"Feature","properties":{"county_nam":"HALIFAX","prec_id":"ROANOKE RAPIDS 07","precinct_norm":"HALIFAX - ROANOKE RAPIDS 07","name":"Roanoke Rapids 07","label":"Roanoke Rapids 07","seims_code":"RR 7","seims_desc":"ROANOKE RAPIDS 7","source_vintage":"sbe_2006"},"geometry":{"type":"Point","coordinates":[-77.67992507809856,36.45100550027154]}},{"type":"Feature","properties":{"county_nam":"HALIFAX","prec_id":"ROANOKE RAPIDS 08","precinct_norm":"HALIFAX - ROANOKE RAPIDS 08","name":"Roanoke Rapids 08","label":"Roanoke Rapids 08","seims_code":"RR 8","seims_desc":"ROANOKE RAPIDS 8","source_vintage":"sbe_2006"},"geometry":{"type":"Point","coordinates":[-77.6553892339791,36.44269449933165]}},{"type":"Feature","properties":{"county_nam":"HALIFAX","prec_id":"ROANOKE RAPIDS 09","precinct_norm":"HALIFAX - ROANOKE RAPIDS 09","name":"Roanoke Rapids 09","label":"Roanoke Rapids 09","seims_code":"RR 9","seims_desc":"ROANOKE RAPIDS 9","source_vintage":"sbe_2006"},"geometry":{"type":"Point","coordinates":[-77.71557977614283,36.42842000078831]}},{"type":"Feature","properties":{"county_nam":"HALIFAX","prec_id":"ROANOKE RAPIDS 10","precinct_norm":"HALIFAX - ROANOKE RAPIDS 10","name":"Roanoke Rapids 10","label":"Roanoke Rapids 10","seims_code":"RR 10","seims_desc":"ROANOKE RAPIDS 10","source_vintage":"sbe_2006"},"geometry":{"type":"Point","coordinates":[-77.63523444649425,36.44111250085922]}},{"type":"Feature","properties":{"county_nam":"HALIFAX","prec_id":"ROANOKE RAPIDS 11","precinct_norm":"HALIFAX - ROANOKE RAPIDS 11","name":"Roanoke Rapids 11","label":"Roanoke Rapids 11","seims_code":"RR 11","seims_desc":"ROANOKE RAPIDS 11","source_vintage":"sbe_2006"},"geometry":{"type":"Point","coordinates":[-77.71479736965159,36.46657099892398]}},{"type":"Feature","properties":{"county_nam":"HALIFAX","prec_id":"ROSENEATH","precinct_norm":"HALIFAX - ROSENEATH","name":"Roseneath","label":"Roseneath","seims_code":"ROSEN","seims_desc":"ROSENEATH","source_vintage":"sbe_2006"},"geometry":{"type":"Point","coordinates":[-77.48072646830238,36.07876000032677]}},{"type":"Feature","properties":{"county_nam":"HALIFAX","prec_id":"SCOTLAND NECK 1","precinct_norm":"HALIFAX - SCOTLAND NECK 1","name":"Scotland Neck 1","label":"Scotland Neck 1","seims_code":"SN 1","seims_desc":"SCOTLAND NECK 1","source_vintage":"sbe_2006"},"geometry":{"type":"Point","coordinates":[-77.36255821135796,36.16210399862746]}},{"type":"Feature","properties":{"county_nam":"HALIFAX","prec_id":"SCOTLAND NECK 2","precinct_norm":"HALIFAX - SCOTLAND NECK 2","name":"Scotland Neck 2","label":"Scotland Neck 2","seims_code":"SN 2","seims_desc":"SCOTLAND NECK 2","source_vintage":"sbe_2006"},"geometry":{"type":"Point","coordinates":[-77.46226610669402,36.16053249789204]}},{"type":"Feature","properties":{"county_nam":"HALIFAX","prec_id":"WELDON 1","precinct_norm":"HALIFAX - WELDON 1","name":"Weldon 1","label":"Weldon 1","seims_code":"WEL 1","seims_desc":"WELDON 1","source_vintage":"sbe_2006"},"geometry":{"type":"Point","coordinates":[-77.57803250491057,36.4076089972204]}},{"type":"Feature","properties":{"county_nam":"HALIFAX","prec_id":"WELDON 2","precinct_norm":"HALIFAX - WELDON 2","name":"Weldon 2","label":"Weldon 2","seims_code":"WEL 2","seims_desc":"WELDON 2","source_vintage":"sbe_2006"},"geometry":{"type":"Point","coordinates":[-77.61351453065012,36.429105499137705]}},{"type":"Feature","properties":{"county_nam":"HALIFAX","prec_id":"WELDON 3","precinct_norm":"HALIFAX - WELDON 3","name":"Weldon 3","label":"Weldon 3","seims_code":"WEL 3","seims_desc":"WELDON 3","source_vintage":"sbe_2006"},"geometry":{"type":"Point","coordinates":[-77.66075373361103,36.39638249923411]}},{"type":"Feature","properties":{"county_nam":"HARNETT","prec_id":"ANDERSON CREEK","precinct_norm":"HARNETT - ANDERSON CREEK","name":"Anderson Creek","label":"Anderson Creek","seims_code":"PR01","seims_desc":"ANDERSON CREEK","source_vintage":"sbe_2006"},"geometry":{"type":"Point","coordinates":[-78.92065376610742,35.28878099876427]}},{"type":"Feature","properties":{"county_nam":"HARNETT","prec_id":"BARBEQUE","precinct_norm":"HARNETT - BARBEQUE","name":"Barbeque","label":"Barbeque","seims_code":"PR07","seims_desc":"BARBECUE","source_vintage":"sbe_2006"},"geometry":{"type":"Point","coordinates":[-79.0299323067778,35.32301650013622]}},{"type":"Feature","properties":{"county_nam":"HARNETT","prec_id":"BLACK RIVER","precinct_norm":"HARNETT - BLACK RIVER","name":"Black River","label":"Black River","seims_code":"PR08","seims_desc":"BLACK RIVER","source_vintage":"sbe_2006"},"geometry":{"type":"Point","coordinates":[-78.74256005021292,35.49767500036066]}},{"type":"Feature","properties":{"county_nam":"HARNETT","prec_id":"JOHNSONVILLE","precinct_norm":"HARNETT - JOHNSONVILLE","name":"Johnsonville","label":"Johnsonville","seims_code":"PR16","seims_desc":"JOHNSONVILLE","source_vintage":"sbe_2006"},"geometry":{"type":"Point","coordinates":[-79.14358957259758,35.286340001027604]}},{"type":"Feature","properties":{"county_nam":"HARNETT","prec_id":"LILLINGTON","precinct_norm":"HARNETT - LILLINGTON","name":"Lillington","label":"Lillington","seims_code":"PR17","seims_desc":"LILLINGTON","source_vintage":"sbe_2006"},"geometry":{"type":"Point","coordinates":[-78.80491677968465,35.37115500031341]}},{"type":"Feature","properties":{"county_nam":"HARNETT","prec_id":"STEWARTS CREEK","precinct_norm":"HARNETT - STEWARTS CREEK","name":"Stewarts Creek","label":"Stewarts Creek","seims_code":"PR20","seims_desc":"STEWARTS CREEK","source_vintage":"sbe_2006"},"geometry":{"type":"Point","coordinates":[-78.77260332978926,35.301638000588646]}},{"type":"Feature","properties":{"county_nam":"HARNETT","prec_id":"BOONE TRAIL","precinct_norm":"HARNETT - BOONE TRAIL","name":"Boone Trail","label":"Boone Trail","seims_code":"PR23","seims_desc":"BOONE TRAIL","source_vintage":"sbe_2006"},"geometry":{"type":"Point","coordinates":[-78.94817678991741,35.42325699964525]}},{"type":"Feature","properties":{"county_nam":"HARNETT","prec_id":"COATS/GROVE","precinct_norm":"HARNETT - COATS/GROVE","name":"Coats/Grove","label":"Coats/Grove","seims_code":"PR24","seims_desc":"COATS/GROVE","source_vintage":"sbe_2006"},"geometry":{"type":"Point","coordinates":[-78.65254906762868,35.417409000696985]}},{"type":"Feature","properties":{"county_nam":"HARNETT","prec_id":"EAST AVERASBORO","precinct_norm":"HARNETT - EAST AVERASBORO","name":"East Averasboro","label":"East Averasboro","seims_code":"PR25","seims_desc":"EAST AVERASBORO","source_vintage":"sbe_2006"},"geometry":{"type":"Point","coordinates":[-78.58554172708365,35.30484799965048]}},{"type":"Feature","properties":{"county_nam":"HARNETT","prec_id":"ERWIN/DUKE","precinct_norm":"HARNETT - ERWIN/DUKE","name":"Erwin/Duke","label":"Erwin/Duke","seims_code":"PR26","seims_desc":"ERWIN/DUKE","source_vintage":"sbe_2006"},"geometry":{"type":"Point","coordinates":[-78.66505971968314,35.30141049998373]}},{"type":"Feature","properties":{"county_nam":"HARNETT","prec_id":"NEILLS CREEK","precinct_norm":"HARNETT - NEILLS CREEK","name":"Neills Creek","label":"Neills Creek","seims_code":"PR27","seims_desc":"NEILLS CREEK","source_vintage":"sbe_2006"},"geometry":{"type":"Point","coordinates":[-78.76497871267267,35.41242699932443]}},{"type":"Feature","properties":{"county_nam":"HARNETT","prec_id":"NORTHWEST","precinct_norm":"HARNETT - NORTHWEST","name":"Northwest","label":"Northwest","seims_code":"PR28","seims_desc":"NORTHWEST HARNETT","source_vintage":"sbe_2006"},"geometry":{"type":"Point","coordinates":[-78.87842725880822,35.50209449952442]}},{"type":"Feature","properties":{"county_nam":"HARNETT","prec_id":"WEST AVERASBORO","precinct_norm":"HARNETT - WEST AVERASBORO","name":"West Averasboro","label":"West Averasboro","seims_code":"PR29","seims_desc":"WEST AVERASBORO","source_vintage":"sbe_2006"},"geometry":{"type":"Point","coordinates":[-78.61687116379144,35.326512999860356]}},{"type":"Feature","properties":{"county_nam":"HAYWOOD","prec_id":"ALLENS CREEK","precinct_norm":"HAYWOOD - ALLENS CREEK","name":"Allens Creek","label":"Allens Creek","seims_code":"AC","seims_desc":"ALLENS CREEK","source_vintage":"sbe_2006"},"geometry":{"type":"Point","coordinates":[-83.0063113066187,35.41974850053537]}},{"type":"Feature","properties":{"county_nam":"HAYWOOD","prec_id":"BEAVERDAM 1","precinct_norm":"HAYWOOD - BEAVERDAM 1","name":"Beaverdam 1","label":"Beaverdam 1","seims_code":"BE-1","seims_desc":"BEAVERDAM 1","source_vintage":"sbe_2006"},"geometry":{"type":"Point","coordinates":[-82.85328687023716,35.525887002802605]}},{"type":"Feature","properties":{"county_nam":"HAYWOOD","prec_id":"BEAVERDAM 2","precinct_norm":"HAYWOOD - BEAVERDAM 2","name":"Beaverdam 2","label":"Beaverdam 2","seims_code":"BE-2","seims_desc":"BEAVERDAM 2","source_vintage":"sbe_2006"},"geometry":{"type":"Point","coordinates":[-82.87194137029314,35.562831000799136]}},{"type":"Feature","properties":{"county_nam":"HAYWOOD","prec_id":"BEAVERDAM 3","precinct_norm":"HAYWOOD - BEAVERDAM 3","name":"Beaverdam 3","label":"Beaverdam 3","seims_code":"BE-3","seims_desc":"BEAVERDAM 3","source_vintage":"sbe_2006"},"geometry":{"type":"Point","coordinates":[-82.83055213412855,35.5798470000686]}},{"type":"Feature","properties":{"county_nam":"HAYWOOD","prec_id":"BEAVERDAM 4","precinct_norm":"HAYWOOD - BEAVERDAM 4","name":"Beaverdam 4","label":"Beaverdam 4","seims_code":"BE-4","seims_desc":"BEAVERDAM 4","source_vintage":"sbe_2006"},"geometry":{"type":"Point","coordinates":[-82.7861600516612,35.564374001957965]}},{"type":"Feature","properties":{"county_nam":"HAYWOOD","prec_id":"BEAVERDAM 5/6","precinct_norm":"HAYWOOD - BEAVERDAM 5/6","name":"Beaverdam 5/6","label":"Beaverdam 5/6","seims_code":"BE56","seims_desc":"BEAVERDAM 5/6","source_vintage":"sbe_2006"},"geometry":{"type":"Point","coordinates":[-82.83507898174965,35.521788499659785]}},{"type":"Feature","properties":{"county_nam":"HAYWOOD","prec_id":"BEAVERDAM 7","precinct_norm":"HAYWOOD - BEAVERDAM 7","name":"Beaverdam 7","label":"Beaverdam 7","seims_code":"BE-7","seims_desc":"BEAVERDAM 7","source_vintage":"sbe_2006"},"geometry":{"type":"Point","coordinates":[-82.81145970689778,35.49978899984155]}},{"type":"Feature","properties":{"county_nam":"HAYWOOD","prec_id":"BIG CREEK","precinct_norm":"HAYWOOD - BIG CREEK","name":"Big Creek","label":"Big Creek","seims_code":"BC","seims_desc":"BIG CREEK","source_vintage":"sbe_2006"},"geometry":{"type":"Point","coordinates":[-83.12649579747577,35.66223749996647]}},{"type":"Feature","properties":{"county_nam":"HAYWOOD","prec_id":"CECIL","precinct_norm":"HAYWOOD - CECIL","name":"Cecil","label":"Cecil","seims_code":"CE","seims_desc":"CECIL","source_vintage":"sbe_2006"},"geometry":{"type":"Point","coordinates":[-82.92597156260902,35.374918000565685]}},{"type":"Feature","properties":{"county_nam":"HAYWOOD","prec_id":"CLYDE NORTH","precinct_norm":"HAYWOOD - CLYDE NORTH","name":"Clyde North","label":"Clyde North","seims_code":"CL-N","seims_desc":"CLYDE NORTH","source_vintage":"sbe_2006"},"geometry":{"type":"Point","coordinates":[-82.91465223245103,35.55049300100178]}},{"type":"Feature","properties":{"county_nam":"HAYWOOD","prec_id":"CLYDE SOUTH","precinct_norm":"HAYWOOD - CLYDE SOUTH","name":"Clyde South","label":"Clyde South","seims_code":"CL-S","seims_desc":"CLYDE SOUTH","source_vintage":"sbe_2006"},"geometry":{"type":"Point","coordinates":[-82.91633725459886,35.51700100123881]}},{"type":"Feature","properties":{"county_nam":"HAYWOOD","prec_id":"CRABTREE","precinct_norm":"HAYWOOD - CRABTREE","name":"Crabtree","label":"Crabtree","seims_code":"CR","seims_desc":"CRABTREE","source_vintage":"sbe_2006"},"geometry":{"type":"Point","coordinates":[-82.90550515359534,35.61184900050415]}},{"type":"Feature","properties":{"county_nam":"HAYWOOD","prec_id":"EAST FORK","precinct_norm":"HAYWOOD - EAST FORK","name":"East Fork","label":"East Fork","seims_code":"EF","seims_desc":"EAST FORK","source_vintage":"sbe_2006"},"geometry":{"type":"Point","coordinates":[-82.81800826799038,35.394890999745364]}},{"type":"Feature","properties":{"county_nam":"HAYWOOD","prec_id":"FINES CREEK 1","precinct_norm":"HAYWOOD - FINES CREEK 1","name":"Fines Creek 1","label":"Fines Creek 1","seims_code":"FC-1","seims_desc":"FINES CREEK 1","source_vintage":"sbe_2006"},"geometry":{"type":"Point","coordinates":[-82.97261247696905,35.71580700003638]}},{"type":"Feature","properties":{"county_nam":"HAYWOOD","prec_id":"FINES CREEK 2","precinct_norm":"HAYWOOD - FINES CREEK 2","name":"Fines Creek 2","label":"Fines Creek 2","seims_code":"FC-2","seims_desc":"FINES CREEK 2","source_vintage":"sbe_2006"},"geometry":{"type":"Point","coordinates":[-82.9782584686501,35.64857850057359]}},{"type":"Feature","properties":{"county_nam":"HAYWOOD","prec_id":"HAZELWOOD","precinct_norm":"HAYWOOD - HAZELWOOD","name":"Hazelwood","label":"Hazelwood","seims_code":"HA","seims_desc":"HAZELWOOD","source_vintage":"sbe_2006"},"geometry":{"type":"Point","coordinates":[-83.00811282691492,35.47424499853905]}},{"type":"Feature","properties":{"county_nam":"HAYWOOD","prec_id":"IRON DUFF","precinct_norm":"HAYWOOD - IRON DUFF","name":"Iron Duff","label":"Iron Duff","seims_code":"ID","seims_desc":"IRON DUFF","source_vintage":"sbe_2006"},"geometry":{"type":"Point","coordinates":[-82.97027776519573,35.5866164997285]}},{"type":"Feature","properties":{"county_nam":"HAYWOOD","prec_id":"IVY HILL","precinct_norm":"HAYWOOD - IVY HILL","name":"Ivy Hill","label":"Ivy Hill","seims_code":"IH","seims_desc":"IVY HILL","source_vintage":"sbe_2006"},"geometry":{"type":"Point","coordinates":[-83.09918425753617,35.51786299944881]}},{"type":"Feature","properties":{"county_nam":"HAYWOOD","prec_id":"JONATHAN CREEK","precinct_norm":"HAYWOOD - JONATHAN CREEK","name":"Jonathan Creek","label":"Jonathan Creek","seims_code":"JC","seims_desc":"JONATHAN CREEK","source_vintage":"sbe_2006"},"geometry":{"type":"Point","coordinates":[-83.03191866641254,35.58259250013404]}},{"type":"Feature","properties":{"county_nam":"HAYWOOD","prec_id":"LAKE JUNALUSKA","precinct_norm":"HAYWOOD - LAKE JUNALUSKA","name":"Lake Junaluska","label":"Lake Junaluska","seims_code":"LJ","seims_desc":"LAKE JUNALUSKA","source_vintage":"sbe_2006"},"geometry":{"type":"Point","coordinates":[-82.96761765660469,35.531740499450265]}},{"type":"Feature","properties":{"county_nam":"HAYWOOD","prec_id":"PIGEON","precinct_norm":"HAYWOOD - PIGEON","name":"Pigeon","label":"Pigeon","seims_code":"P","seims_desc":"PIGEON","source_vintage":"sbe_2006"},"geometry":{"type":"Point","coordinates":[-82.90996847997594,35.459376999025956]}},{"type":"Feature","properties":{"county_nam":"HAYWOOD","prec_id":"PIGEON CENTER","precinct_norm":"HAYWOOD - PIGEON CENTER","name":"Pigeon Center","label":"Pigeon Center","seims_code":"PC","seims_desc":"PIGEON CENTER","source_vintage":"sbe_2006"},"geometry":{"type":"Point","coordinates":[-82.84794820560964,35.49178950118964]}},{"type":"Feature","properties":{"county_nam":"HAYWOOD","prec_id":"SAUNOOK","precinct_norm":"HAYWOOD - SAUNOOK","name":"Saunook","label":"Saunook","seims_code":"SA","seims_desc":"SAUNOOK","source_vintage":"sbe_2006"},"geometry":{"type":"Point","coordinates":[-83.048410459161,35.44758650215101]}},{"type":"Feature","properties":{"county_nam":"HAYWOOD","prec_id":"WAYNESVILLE CENTER","precinct_norm":"HAYWOOD - WAYNESVILLE CENTER","name":"Waynesville Center","label":"Waynesville Center","seims_code":"WC","seims_desc":"WAYNESVILLE CENTER","source_vintage":"sbe_2006"},"geometry":{"type":"Point","coordinates":[-82.98357228319188,35.493371001334616]}},{"type":"Feature","properties":{"county_nam":"HAYWOOD","prec_id":"WAYNESVILLE EAST","precinct_norm":"HAYWOOD - WAYNESVILLE EAST","name":"Waynesville East","label":"Waynesville East","seims_code":"WE","seims_desc":"WAYNESVILLE EAST","source_vintage":"sbe_2006"},"geometry":{"type":"Point","coordinates":[-82.94689050570346,35.49147549907825]}},{"type":"Feature","properties":{"county_nam":"HAYWOOD","prec_id":"WAYNESVILLE SOUTH 1","precinct_norm":"HAYWOOD - WAYNESVILLE SOUTH 1","name":"Waynesville South 1","label":"Waynesville South 1","seims_code":"WS-1","seims_desc":"WAYNESVILLE SOUTH 1","source_vintage":"sbe_2006"},"geometry":{"type":"Point","coordinates":[-83.03278067109486,35.487578500090635]}},{"type":"Feature","properties":{"county_nam":"HAYWOOD","prec_id":"WAYNESVILLE SOUTH 2","precinct_norm":"HAYWOOD - WAYNESVILLE SOUTH 2","name":"Waynesville South 2","label":"Waynesville South 2","seims_code":"WS-2","seims_desc":"WAYNESVILLE SOUTH 2","source_vintage":"sbe_2006"},"geometry":{"type":"Point","coordinates":[-82.97747123571096,35.473311000731904]}},{"type":"Feature","properties":{"county_nam":"HAYWOOD","prec_id":"WAYNESVILLE WEST","precinct_norm":"HAYWOOD - WAYNESVILLE WEST","name":"Waynesville West","label":"Waynesville West","seims_code":"WW","seims_desc":"WAYNESVILLE WEST","source_vintage":"sbe_2006"},"geometry":{"type":"Point","coordinates":[-82.9991241539764,35.50818349950933]}},{"type":"Feature","properties":{"county_nam":"HAYWOOD","prec_id":"WHITE OAK","precinct_norm":"HAYWOOD - WHITE OAK","name":"White Oak","label":"White Oak","seims_code":"WO","seims_desc":"WHITE OAK","source_vintage":"sbe_2006"},"geometry":{"type":"Point","coordinates":[-83.02602771707924,35.65440000190962]}},{"type":"Feature","properties":{"county_nam":"HENDERSON","prec_id":"ARMORY","precinct_norm":"HENDERSON - ARMORY","name":"Armory","label":"Armory","seims_code":"AR","seims_desc":"ARMORY","source_vintage":"sbe_2006"},"geometry":{"type":"Point","coordinates":[-82.4392024613125,35.288885002025935]}},{"type":"Feature","properties":{"county_nam":"HENDERSON","prec_id":"ATKINSON","precinct_norm":"HENDERSON - ATKINSON","name":"Atkinson","label":"Atkinson","seims_code":"AT","seims_desc":"ATKINSON","source_vintage":"sbe_2006"},"geometry":{"type":"Point","coordinates":[-82.52394160429324,35.27322899994492]}},{"type":"Feature","properties":{"county_nam":"HENDERSON","prec_id":"BAT CAVE","precinct_norm":"HENDERSON - BAT CAVE","name":"Bat Cave","label":"Bat Cave","seims_code":"BC","seims_desc":"BAT CAVE","source_vintage":"sbe_2006"},"geometry":{"type":"Point","coordinates":[-82.29980277457946,35.44575399990562]}},{"type":"Feature","properties":{"county_nam":"HENDERSON","prec_id":"BLUE RIDGE NORTH","precinct_norm":"HENDERSON - BLUE RIDGE NORTH","name":"Blue Ridge North","label":"Blue Ridge North","seims_code":"NB","seims_desc":"NORTH BLUE RIDGE","source_vintage":"sbe_2006"},"geometry":{"type":"Point","coordinates":[-82.37599107136467,35.350906000513746]}},{"type":"Feature","properties":{"county_nam":"HENDERSON","prec_id":"BLUE RIDGE SOUTH","precinct_norm":"HENDERSON - BLUE RIDGE SOUTH","name":"Blue Ridge South","label":"Blue Ridge South","seims_code":"SB","seims_desc":"SOUTH BLUE RIDGE","source_vintage":"sbe_2006"},"geometry":{"type":"Point","coordinates":[-82.37236077164044,35.30587500086771]}},{"type":"Feature","properties":{"county_nam":"HENDERSON","prec_id":"BRICKTON","precinct_norm":"HENDERSON - BRICKTON","name":"Brickton","label":"Brickton","seims_code":"BK","seims_desc":"BRICKTON","source_vintage":"sbe_2006"},"geometry":{"type":"Point","coordinates":[-82.5179407160328,35.40549750007135]}},{"type":"Feature","properties":{"county_nam":"HENDERSON","prec_id":"CLEAR CREEK","precinct_norm":"HENDERSON - CLEAR CREEK","name":"Clear Creek","label":"Clear Creek","seims_code":"CC","seims_desc":"CLEAR CREEK","source_vintage":"sbe_2006"},"geometry":{"type":"Point","coordinates":[-82.40672435287884,35.390415499431086]}},{"type":"Feature","properties":{"county_nam":"HENDERSON","prec_id":"CRAB CREEK","precinct_norm":"HENDERSON - CRAB CREEK","name":"Crab Creek","label":"Crab Creek","seims_code":"CB","seims_desc":"CRAB CREEK","source_vintage":"sbe_2006"},"geometry":{"type":"Point","coordinates":[-82.57608356501767,35.21418350029708]}},{"type":"Feature","properties":{"county_nam":"HENDERSON","prec_id":"EAST FLAT ROCK","precinct_norm":"HENDERSON - EAST FLAT ROCK","name":"East Flat Rock","label":"East Flat Rock","seims_code":"EF","seims_desc":"EAST FLAT ROCK","source_vintage":"sbe_2006"},"geometry":{"type":"Point","coordinates":[-82.40387130299268,35.27138650071825]}},{"type":"Feature","properties":{"county_nam":"HENDERSON","prec_id":"EDNEYVILLE","precinct_norm":"HENDERSON - EDNEYVILLE","name":"Edneyville","label":"Edneyville","seims_code":"ED","seims_desc":"EDNEYVILLE","source_vintage":"sbe_2006"},"geometry":{"type":"Point","coordinates":[-82.33774475373662,35.398880999193096]}},{"type":"Feature","properties":{"county_nam":"HENDERSON","prec_id":"ETOWAH SOUTH","precinct_norm":"HENDERSON - ETOWAH SOUTH","name":"Etowah South","label":"Etowah South","seims_code":"ES","seims_desc":"ETOWAH SOUTH","source_vintage":"sbe_2006"},"geometry":{"type":"Point","coordinates":[-82.58640124748156,35.29049350128276]}},{"type":"Feature","properties":{"county_nam":"HENDERSON","prec_id":"ETOWAH VALLEY","precinct_norm":"HENDERSON - ETOWAH VALLEY","name":"Etowah Valley","label":"Etowah Valley","seims_code":"EV","seims_desc":"ETOWAH VALLEY","source_vintage":"sbe_2006"},"geometry":{"type":"Point","coordinates":[-82.61357460617762,35.33080950078761]}},{"type":"Feature","properties":{"county_nam":"HENDERSON","prec_id":"FLAT ROCK","precinct_norm":"HENDERSON - FLAT ROCK","name":"Flat Rock","label":"Flat Rock","seims_code":"FR","seims_desc":"FLAT ROCK","source_vintage":"sbe_2006"},"geometry":{"type":"Point","coordinates":[-82.45931258630165,35.26916399746416]}},{"type":"Feature","properties":{"county_nam":"HENDERSON","prec_id":"FLETCHER","precinct_norm":"HENDERSON - FLETCHER","name":"Fletcher","label":"Fletcher","seims_code":"FL","seims_desc":"FLETCHER","source_vintage":"sbe_2006"},"geometry":{"type":"Point","coordinates":[-82.5081590056451,35.42891200046221]}},{"type":"Feature","properties":{"county_nam":"HENDERSON","prec_id":"GREEN RIVER","precinct_norm":"HENDERSON - GREEN RIVER","name":"Green River","label":"Green River","seims_code":"GR","seims_desc":"GREEN RIVER","source_vintage":"sbe_2006"},"geometry":{"type":"Point","coordinates":[-82.48036548620979,35.20107950027996]}},{"type":"Feature","properties":{"county_nam":"HENDERSON","prec_id":"GRIMESDALE","precinct_norm":"HENDERSON - GRIMESDALE","name":"Grimesdale","label":"Grimesdale","seims_code":"GM","seims_desc":"GRIMESDALE","source_vintage":"sbe_2006"},"geometry":{"type":"Point","coordinates":[-82.46924723242083,35.364677999364005]}},{"type":"Feature","properties":{"county_nam":"HENDERSON","prec_id":"HENDERSONVILLE 1","precinct_norm":"HENDERSON - HENDERSONVILLE 1","name":"Hendersonville 1","label":"Hendersonville 1","seims_code":"HV-1","seims_desc":"HENDERSONVILLE-1","source_vintage":"sbe_2006"},"geometry":{"type":"Point","coordinates":[-82.47858667740991,35.332245499635576]}},{"type":"Feature","properties":{"county_nam":"HENDERSON","prec_id":"HENDERSONVILLE 2","precinct_norm":"HENDERSON - HENDERSONVILLE 2","name":"Hendersonville 2","label":"Hendersonville 2","seims_code":"HV-2","seims_desc":"HENDERSONVILLE-2","source_vintage":"sbe_2006"},"geometry":{"type":"Point","coordinates":[-82.45596776518104,35.32110800002725]}},{"type":"Feature","properties":{"county_nam":"HENDERSON","prec_id":"HENDERSONVILLE 3","precinct_norm":"HENDERSON - HENDERSONVILLE 3","name":"Hendersonville 3","label":"Hendersonville 3","seims_code":"HV-3","seims_desc":"HENDERSONVILLE-3","source_vintage":"sbe_2006"},"geometry":{"type":"Point","coordinates":[-82.46678866598913,35.307326499059826]}},{"type":"Feature","properties":{"county_nam":"HENDERSON","prec_id":"HOOPERS CREEK","precinct_norm":"HENDERSON - HOOPERS CREEK","name":"Hoopers Creek","label":"Hoopers Creek","seims_code":"HC","seims_desc":"HOOPERS CREEK","source_vintage":"sbe_2006"},"geometry":{"type":"Point","coordinates":[-82.4333781207495,35.4358590005571]}},{"type":"Feature","properties":{"county_nam":"HENDERSON","prec_id":"HORSE SHOE","precinct_norm":"HENDERSON - HORSE SHOE","name":"Horse Shoe","label":"Horse Shoe","seims_code":"HS","seims_desc":"HORSE SHOE","source_vintage":"sbe_2006"},"geometry":{"type":"Point","coordinates":[-82.54752440132282,35.32884249916971]}},{"type":"Feature","properties":{"county_nam":"HENDERSON","prec_id":"LAUREL PARK","precinct_norm":"HENDERSON - LAUREL PARK","name":"Laurel Park","label":"Laurel Park","seims_code":"LP","seims_desc":"LAUREL PARK","source_vintage":"sbe_2006"},"geometry":{"type":"Point","coordinates":[-82.50809252163032,35.312371501241984]}},{"type":"Feature","properties":{"county_nam":"HENDERSON","prec_id":"LONG JOHN MOUNTAIN","precinct_norm":"HENDERSON - LONG JOHN MOUNTAIN","name":"Long John Mountain","label":"Long John Mountain","seims_code":"LJ","seims_desc":"LONG JOHN MOUNTAIN","source_vintage":"sbe_2006"},"geometry":{"type":"Point","coordinates":[-82.5115017774585,35.35122900043949]}},{"type":"Feature","properties":{"county_nam":"HENDERSON","prec_id":"MILLS RIVER NORTH","precinct_norm":"HENDERSON - MILLS RIVER NORTH","name":"Mills River North","label":"Mills River North","seims_code":"NM","seims_desc":"NORTH MILLS RIVER","source_vintage":"sbe_2006"},"geometry":{"type":"Point","coordinates":[-82.63954461637275,35.41692900023484]}},{"type":"Feature","properties":{"county_nam":"HENDERSON","prec_id":"MILLS RIVER SOUTH","precinct_norm":"HENDERSON - MILLS RIVER SOUTH","name":"Mills River South","label":"Mills River South","seims_code":"SM","seims_desc":"SOUTH MILLS RIVER","source_vintage":"sbe_2006"},"geometry":{"type":"Point","coordinates":[-82.61452793999862,35.36593500108149]}},{"type":"Feature","properties":{"county_nam":"HENDERSON","prec_id":"MOORES GROVE","precinct_norm":"HENDERSON - MOORES GROVE","name":"Moores Grove","label":"Moores Grove","seims_code":"MG","seims_desc":"MOORES GROVE","source_vintage":"sbe_2006"},"geometry":{"type":"Point","coordinates":[-82.43179441241615,35.33254499989577]}},{"type":"Feature","properties":{"county_nam":"HENDERSON","prec_id":"NORTHEAST","precinct_norm":"HENDERSON - NORTHEAST","name":"Northeast","label":"Northeast","seims_code":"NE","seims_desc":"NORTHEAST","source_vintage":"sbe_2006"},"geometry":{"type":"Point","coordinates":[-82.44627075667464,35.35374649825523]}},{"type":"Feature","properties":{"county_nam":"HENDERSON","prec_id":"NORTHWEST","precinct_norm":"HENDERSON - NORTHWEST","name":"Northwest","label":"Northwest","seims_code":"NW","seims_desc":"NORTHWEST","source_vintage":"sbe_2006"},"geometry":{"type":"Point","coordinates":[-82.48855956085075,35.351034999183256]}},{"type":"Feature","properties":{"county_nam":"HENDERSON","prec_id":"PARK RIDGE","precinct_norm":"HENDERSON - PARK RIDGE","name":"Park Ridge","label":"Park Ridge","seims_code":"PR","seims_desc":"PARK RIDGE","source_vintage":"sbe_2006"},"geometry":{"type":"Point","coordinates":[-82.47217006978636,35.395275000457204]}},{"type":"Feature","properties":{"county_nam":"HENDERSON","prec_id":"PISGAH VIEW","precinct_norm":"HENDERSON - PISGAH VIEW","name":"Pisgah View","label":"Pisgah View","seims_code":"PV","seims_desc":"PISGAH VIEW","source_vintage":"sbe_2006"},"geometry":{"type":"Point","coordinates":[-82.51380811399144,35.33424750024454]}},{"type":"Feature","properties":{"county_nam":"HENDERSON","prec_id":"RAVEN ROCK","precinct_norm":"HENDERSON - RAVEN ROCK","name":"Raven Rock","label":"Raven Rock","seims_code":"RR","seims_desc":"RAVEN ROCK","source_vintage":"sbe_2006"},"geometry":{"type":"Point","coordinates":[-82.3771308672149,35.23240999953761]}},{"type":"Feature","properties":{"county_nam":"HENDERSON","prec_id":"RUGBY","precinct_norm":"HENDERSON - RUGBY","name":"Rugby","label":"Rugby","seims_code":"RG","seims_desc":"RUGBY","source_vintage":"sbe_2006"},"geometry":{"type":"Point","coordinates":[-82.51685763648933,35.375295500670305]}},{"type":"Feature","properties":{"county_nam":"HENDERSON","prec_id":"SOUTHEAST","precinct_norm":"HENDERSON - SOUTHEAST","name":"Southeast","label":"Southeast","seims_code":"SE","seims_desc":"SOUTHEAST","source_vintage":"sbe_2006"},"geometry":{"type":"Point","coordinates":[-82.43191498269513,35.30818399976358]}},{"type":"Feature","properties":{"county_nam":"HENDERSON","prec_id":"SOUTHWEST","precinct_norm":"HENDERSON - SOUTHWEST","name":"Southwest","label":"Southwest","seims_code":"SW","seims_desc":"SOUTHWEST","source_vintage":"sbe_2006"},"geometry":{"type":"Point","coordinates":[-82.4813689981838,35.297894999905736]}},{"type":"Feature","properties":{"county_nam":"HERTFORD","prec_id":"AHOSKIE 1","precinct_norm":"HERTFORD - AHOSKIE 1","name":"Ahoskie 1","label":"Ahoskie 1","seims_code":"A1","seims_desc":"AHOSKIE 1","source_vintage":"sbe_2006"},"geometry":{"type":"Point","coordinates":[-76.99414949569514,36.30506599958717]}},{"type":"Feature","properties":{"county_nam":"HERTFORD","prec_id":"AHOSKIE 2","precinct_norm":"HERTFORD - AHOSKIE 2","name":"Ahoskie 2","label":"Ahoskie 2","seims_code":"A2","seims_desc":"AHOSKIE 2","source_vintage":"sbe_2006"},"geometry":{"type":"Point","coordinates":[-76.97667346989218,36.26692100019085]}},{"type":"Feature","properties":{"county_nam":"HERTFORD","prec_id":"AHOSKIE 3","precinct_norm":"HERTFORD - AHOSKIE 3","name":"Ahoskie 3","label":"Ahoskie 3","seims_code":"A3","seims_desc":"AHOSKIE 3","source_vintage":"sbe_2006"},"geometry":{"type":"Point","coordinates":[-76.93256824178496,36.303629500739014]}},{"type":"Feature","properties":{"county_nam":"HERTFORD","prec_id":"BRYANTVILLE","precinct_norm":"HERTFORD - BRYANTVILLE","name":"Bryantville","label":"Bryantville","seims_code":"BR","seims_desc":"BRYANTVILLE","source_vintage":"sbe_2006"},"geometry":{"type":"Point","coordinates":[-77.04848018738213,36.47874300152077]}},{"type":"Feature","properties":{"county_nam":"HERTFORD","prec_id":"COFIELD","precinct_norm":"HERTFORD - COFIELD","name":"Cofield","label":"Cofield","seims_code":"CO","seims_desc":"COFIELD","source_vintage":"sbe_2006"},"geometry":{"type":"Point","coordinates":[-76.86132988432101,36.35372750121495]}},{"type":"Feature","properties":{"county_nam":"HERTFORD","prec_id":"COMO","precinct_norm":"HERTFORD - COMO","name":"Como","label":"Como","seims_code":"CM","seims_desc":"COMO","source_vintage":"sbe_2006"},"geometry":{"type":"Point","coordinates":[-76.97797646731075,36.488762001290425]}},{"type":"Feature","properties":{"county_nam":"HERTFORD","prec_id":"HARRELLSVILLE","precinct_norm":"HERTFORD - HARRELLSVILLE","name":"Harrellsville","label":"Harrellsville","seims_code":"HV","seims_desc":"HARRELLSVILLE","source_vintage":"sbe_2006"},"geometry":{"type":"Point","coordinates":[-76.8085704572182,36.302920000750916]}},{"type":"Feature","properties":{"county_nam":"HERTFORD","prec_id":"MILLENNIUM","precinct_norm":"HERTFORD - MILLENNIUM","name":"Millennium","label":"Millennium","seims_code":"ML","seims_desc":"MILLENNIUM","source_vintage":"sbe_2006"},"geometry":{"type":"Point","coordinates":[-77.13731592233444,36.261300999203655]}},{"type":"Feature","properties":{"county_nam":"HERTFORD","prec_id":"MURFREESBORO 1","precinct_norm":"HERTFORD - MURFREESBORO 1","name":"Murfreesboro 1","label":"Murfreesboro 1","seims_code":"M1","seims_desc":"MURFREESBORO 1","source_vintage":"sbe_2006"},"geometry":{"type":"Point","coordinates":[-77.1133707184481,36.45074500124558]}},{"type":"Feature","properties":{"county_nam":"HERTFORD","prec_id":"MURFREESBORO 2","precinct_norm":"HERTFORD - MURFREESBORO 2","name":"Murfreesboro 2","label":"Murfreesboro 2","seims_code":"M2","seims_desc":"MURFREESBORO 2","source_vintage":"sbe_2006"},"geometry":{"type":"Point","coordinates":[-77.06657441089517,36.41447900121422]}},{"type":"Feature","properties":{"county_nam":"HERTFORD","prec_id":"ST JOHN","precinct_norm":"HERTFORD - ST JOHN","name":"St John","label":"St John","seims_code":"SJ","seims_desc":"ST JOHN","source_vintage":"sbe_2006"},"geometry":{"type":"Point","coordinates":[-77.12272258533325,36.32187200039243]}},{"type":"Feature","properties":{"county_nam":"HERTFORD","prec_id":"UNION","precinct_norm":"HERTFORD - UNION","name":"Union","label":"Union","seims_code":"UN","seims_desc":"UNION","source_vintage":"sbe_2006"},"geometry":{"type":"Point","coordinates":[-77.02332755525973,36.34241599951268]}},{"type":"Feature","properties":{"county_nam":"HERTFORD","prec_id":"WINTON","precinct_norm":"HERTFORD - WINTON","name":"Winton","label":"Winton","seims_code":"WN","seims_desc":"WINTON","source_vintage":"sbe_2006"},"geometry":{"type":"Point","coordinates":[-76.95647989751356,36.38401750076041]}},{"type":"Feature","properties":{"county_nam":"HOKE","prec_id":"ALLENDALE","precinct_norm":"HOKE - ALLENDALE","name":"Allendale","label":"Allendale","seims_code":"01","seims_desc":"ALLENDALE","source_vintage":"sbe_2006"},"geometry":{"type":"Point","coordinates":[-79.30145074645144,34.871521498347036]}},{"type":"Feature","properties":{"county_nam":"HOKE","prec_id":"ANTIOCH","precinct_norm":"HOKE - ANTIOCH","name":"Antioch","label":"Antioch","seims_code":"02","seims_desc":"ANTIOCH","source_vintage":"sbe_2006"},"geometry":{"type":"Point","coordinates":[-79.20563289994699,34.88908349978841]}},{"type":"Feature","properties":{"county_nam":"HOKE","prec_id":"BLUE SPRINGS","precinct_norm":"HOKE - BLUE SPRINGS","name":"Blue Springs","label":"Blue Springs","seims_code":"03","seims_desc":"BLUE SPRINGS","source_vintage":"sbe_2006"},"geometry":{"type":"Point","coordinates":[-79.29930821422596,34.93604449984381]}},{"type":"Feature","properties":{"county_nam":"HOKE","prec_id":"BUCHAN","precinct_norm":"HOKE - BUCHAN","name":"Buchan","label":"Buchan","seims_code":"04","seims_desc":"BUCHAN","source_vintage":"sbe_2006"},"geometry":{"type":"Point","coordinates":[-79.41594479560082,35.03775900043726]}},{"type":"Feature","properties":{"county_nam":"HOKE","prec_id":"MCCAIN","precinct_norm":"HOKE - MCCAIN","name":"McCain","label":"McCain","seims_code":"05","seims_desc":"MCCAIN","source_vintage":"sbe_2006"},"geometry":{"type":"Point","coordinates":[-79.32672729131392,35.04342999905162]}},{"type":"Feature","properties":{"county_nam":"HOKE","prec_id":"PRECINCTS NOT DEFINED","precinct_norm":"HOKE - PRECINCTS NOT DEFINED","name":"precincts not defined","label":"precincts not defined","seims_code":"093PND","seims_desc":"PRECINCTS NOT DEFINED","source_vintage":"sbe_2006"},"geometry":{"type":"Point","coordinates":[-79.24202680881889,35.126822500890924]}},{"type":"Feature","properties":{"county_nam":"HOKE","prec_id":"PUPPY CREEK","precinct_norm":"HOKE - PUPPY CREEK","name":"Puppy Creek","label":"Puppy Creek","seims_code":"06","seims_desc":"PUPPY CREEK","source_vintage":"sbe_2006"},"geometry":{"type":"Point","coordinates":[-79.11873077584062,35.01094349973369]}},{"type":"Feature","properties":{"county_nam":"HOKE","prec_id":"RAEFORD 1","precinct_norm":"HOKE - RAEFORD 1","name":"Raeford 1","label":"Raeford 1","seims_code":"61","seims_desc":"RAEFORD #1","source_vintage":"sbe_2006"},"geometry":{"type":"Point","coordinates":[-79.20569507081845,34.96810799927257]}},{"type":"Feature","properties":{"county_nam":"HOKE","prec_id":"RAEFORD 2","precinct_norm":"HOKE - RAEFORD 2","name":"Raeford 2","label":"Raeford 2","seims_code":"62","seims_desc":"RAEFORD #2","source_vintage":"sbe_2006"},"geometry":{"type":"Point","coordinates":[-79.2287092028213,34.981035500294155]}},{"type":"Feature","properties":{"county_nam":"HOKE","prec_id":"RAEFORD 3","precinct_norm":"HOKE - RAEFORD 3","name":"Raeford 3","label":"Raeford 3","seims_code":"63","seims_desc":"RAEFORD #3","source_vintage":"sbe_2006"},"geometry":{"type":"Point","coordinates":[-79.20121387032904,35.0076609978217]}},{"type":"Feature","properties":{"county_nam":"HOKE","prec_id":"RAEFORD 4","precinct_norm":"HOKE - RAEFORD 4","name":"Raeford 4","label":"Raeford 4","seims_code":"64","seims_desc":"RAEFORD #4","source_vintage":"sbe_2006"},"geometry":{"type":"Point","coordinates":[-79.25188230666151,34.974741499724495]}},{"type":"Feature","properties":{"county_nam":"HOKE","prec_id":"RAEFORD 5","precinct_norm":"HOKE - RAEFORD 5","name":"Raeford 5","label":"Raeford 5","seims_code":"65","seims_desc":"RAEFORD #5","source_vintage":"sbe_2006"},"geometry":{"type":"Point","coordinates":[-79.22961551095122,34.997987498974915]}},{"type":"Feature","properties":{"county_nam":"HOKE","prec_id":"ROCKFISH","precinct_norm":"HOKE - ROCKFISH","name":"Rockfish","label":"Rockfish","seims_code":"12","seims_desc":"ROCKFISH","source_vintage":"sbe_2006"},"geometry":{"type":"Point","coordinates":[-79.07683263038302,34.98130250098277]}},{"type":"Feature","properties":{"county_nam":"HOKE","prec_id":"STONEWALL","precinct_norm":"HOKE - STONEWALL","name":"Stonewall","label":"Stonewall","seims_code":"13","seims_desc":"STONEWALL","source_vintage":"sbe_2006"},"geometry":{"type":"Point","coordinates":[-79.13006427536874,34.92710300056552]}},{"type":"Feature","properties":{"county_nam":"HYDE","prec_id":"BURGESS MILL","precinct_norm":"HYDE - BURGESS MILL","name":"Burgess Mill","label":"Burgess Mill","seims_code":"BM","seims_desc":"BURGESS MILL","source_vintage":"sbe_2006"},"geometry":{"type":"Point","coordinates":[-76.44242437553928,35.62819049967474]}},{"type":"Feature","properties":{"county_nam":"HYDE","prec_id":"ENGELHARD","precinct_norm":"HYDE - ENGELHARD","name":"Engelhard","label":"Engelhard","seims_code":"ENG","seims_desc":"ENGELHARD","source_vintage":"sbe_2006"},"geometry":{"type":"Point","coordinates":[-75.99100522813657,35.56420099846679]}},{"type":"Feature","properties":{"county_nam":"HYDE","prec_id":"FAIRFIELD","precinct_norm":"HYDE - FAIRFIELD","name":"Fairfield","label":"Fairfield","seims_code":"FF","seims_desc":"FAIRFIELD","source_vintage":"sbe_2006"},"geometry":{"type":"Point","coordinates":[-76.2207881970359,35.58747699969746]}},{"type":"Feature","properties":{"county_nam":"HYDE","prec_id":"LAKE LANDING","precinct_norm":"HYDE - LAKE LANDING","name":"Lake Landing","label":"Lake Landing","seims_code":"LL","seims_desc":"LAKE LANDING","source_vintage":"sbe_2006"},"geometry":{"type":"Point","coordinates":[-76.00809895472227,35.321056000559736]}},{"type":"Feature","properties":{"county_nam":"HYDE","prec_id":"OCRACOKE","precinct_norm":"HYDE - OCRACOKE","name":"Ocracoke","label":"Ocracoke","seims_code":"OCK","seims_desc":"OCRACOKE","source_vintage":"sbe_2006"},"geometry":{"type":"Point","coordinates":[-75.89915432023382,35.135046998680025]}},{"type":"Feature","properties":{"county_nam":"HYDE","prec_id":"PRECINCTS NOT DEFINED","precinct_norm":"HYDE - PRECINCTS NOT DEFINED","name":"precincts not defined","label":"precincts not defined","seims_code":"095PND","seims_desc":"PRECINCTS NOT DEFINED","source_vintage":"sbe_2006"},"geometry":{"type":"Point","coordinates":[-76.18966294394252,35.507660500014296]}},{"type":"Feature","properties":{"county_nam":"HYDE","prec_id":"SLADESVILLE","precinct_norm":"HYDE - SLADESVILLE","name":"Sladesville","label":"Sladesville","seims_code":"SLAD","seims_desc":"SLADESVILLE","source_vintage":"sbe_2006"},"geometry":{"type":"Point","coordinates":[-76.50048072628394,35.4466154986182]}},{"type":"Feature","properties":{"county_nam":"HYDE","prec_id":"SWAN QUARTER","precinct_norm":"HYDE - SWAN QUARTER","name":"Swan Quarter","label":"Swan Quarter","seims_code":"SQ","seims_desc":"SWAN QUARTER","source_vintage":"sbe_2006"},"geometry":{"type":"Point","coordinates":[-76.31216597453769,35.301770500785054]}},{"type":"Feature","properties":{"county_nam":"IREDELL","prec_id":"BARRINGER","precinct_norm":"IREDELL - BARRINGER","name":"Barringer","label":"Barringer","seims_code":"BA","seims_desc":"BARRINGER","source_vintage":"sbe_2006"},"geometry":{"type":"Point","coordinates":[-80.82289977217931,35.6720620008852]}},{"type":"Feature","properties":{"county_nam":"IREDELL","prec_id":"BETHANY","precinct_norm":"IREDELL - BETHANY","name":"Bethany","label":"Bethany","seims_code":"BE","seims_desc":"BETHANY","source_vintage":"sbe_2006"},"geometry":{"type":"Point","coordinates":[-80.87602473723224,35.85265949992822]}},{"type":"Feature","properties":{"county_nam":"IREDELL","prec_id":"CHAMBERSBURG A","precinct_norm":"IREDELL - CHAMBERSBURG A","name":"Chambersburg A","label":"Chambersburg A","seims_code":"CH-A","seims_desc":"CHAMBERSBURG-A","source_vintage":"sbe_2006"},"geometry":{"type":"Point","coordinates":[-80.77191262398605,35.7824325001432]}},{"type":"Feature","properties":{"county_nam":"IREDELL","prec_id":"CHAMBERSBURG B","precinct_norm":"IREDELL - CHAMBERSBURG B","name":"Chambersburg B","label":"Chambersburg B","seims_code":"CH-B","seims_desc":"CHAMBERSBURG-B","source_vintage":"sbe_2006"},"geometry":{"type":"Point","coordinates":[-80.80554527784238,35.72685350013165]}},{"type":"Feature","properties":{"county_nam":"IREDELL","prec_id":"CODDLE CREEK 1","precinct_norm":"IREDELL - CODDLE CREEK 1","name":"Coddle Creek 1","label":"Coddle Creek 1","seims_code":"CC1","seims_desc":"CODDLE CREEK #1","source_vintage":"sbe_2006"},"geometry":{"type":"Point","coordinates":[-80.78341809671318,35.542772501342704]}},{"type":"Feature","properties":{"county_nam":"IREDELL","prec_id":"CODDLE CREEK 2","precinct_norm":"IREDELL - CODDLE CREEK 2","name":"Coddle Creek 2","label":"Coddle Creek 2","seims_code":"CC2","seims_desc":"CODDLE CREEK #2","source_vintage":"sbe_2006"},"geometry":{"type":"Point","coordinates":[-80.81532886386543,35.60860399979449]}},{"type":"Feature","properties":{"county_nam":"IREDELL","prec_id":"CODDLE CREEK 3","precinct_norm":"IREDELL - CODDLE CREEK 3","name":"Coddle Creek 3","label":"Coddle Creek 3","seims_code":"CC3","seims_desc":"CODDLE CREEK #3","source_vintage":"sbe_2006"},"geometry":{"type":"Point","coordinates":[-80.76646147375602,35.561800000195554]}},{"type":"Feature","properties":{"county_nam":"IREDELL","prec_id":"CODDLE CREEK 4","precinct_norm":"IREDELL - CODDLE CREEK 4","name":"Coddle Creek 4","label":"Coddle Creek 4","seims_code":"CC4","seims_desc":"CODDLE CREEK #4","source_vintage":"sbe_2006"},"geometry":{"type":"Point","coordinates":[-80.83139183338272,35.55874849958129]}},{"type":"Feature","properties":{"county_nam":"IREDELL","prec_id":"CONCORD","precinct_norm":"IREDELL - CONCORD","name":"Concord","label":"Concord","seims_code":"CD","seims_desc":"CONCORD","source_vintage":"sbe_2006"},"geometry":{"type":"Point","coordinates":[-80.98897489195738,35.84320000101097]}},{"type":"Feature","properties":{"county_nam":"IREDELL","prec_id":"COOL SPRINGS","precinct_norm":"IREDELL - COOL SPRINGS","name":"Cool Springs","label":"Cool Springs","seims_code":"CS","seims_desc":"COOL SPRINGS","source_vintage":"sbe_2006"},"geometry":{"type":"Point","coordinates":[-80.76747450088567,35.850972499993645]}},{"type":"Feature","properties":{"county_nam":"IREDELL","prec_id":"DAVIDSON 1A","precinct_norm":"IREDELL - DAVIDSON 1A","name":"Davidson 1A","label":"Davidson 1A","seims_code":"DV1-A","seims_desc":"DAVIDSON #1-A","source_vintage":"sbe_2006"},"geometry":{"type":"Point","coordinates":[-80.8944438801954,35.61102350011735]}},{"type":"Feature","properties":{"county_nam":"IREDELL","prec_id":"DAVIDSON 1B","precinct_norm":"IREDELL - DAVIDSON 1B","name":"Davidson 1B","label":"Davidson 1B","seims_code":"DV1-B","seims_desc":"DAVIDSON #1-B","source_vintage":"sbe_2006"},"geometry":{"type":"Point","coordinates":[-80.92143570811965,35.539410500111714]}},{"type":"Feature","properties":{"county_nam":"IREDELL","prec_id":"DAVIDSON 2A","precinct_norm":"IREDELL - DAVIDSON 2A","name":"Davidson 2A","label":"Davidson 2A","seims_code":"DV2-A","seims_desc":"DAVIDSON #2-A","source_vintage":"sbe_2006"},"geometry":{"type":"Point","coordinates":[-80.8785834297492,35.55877450026789]}},{"type":"Feature","properties":{"county_nam":"IREDELL","prec_id":"DAVIDSON 2B","precinct_norm":"IREDELL - DAVIDSON 2B","name":"Davidson 2B","label":"Davidson 2B","seims_code":"DV2-B","seims_desc":"DAVIDSON #2-B","source_vintage":"sbe_2006"},"geometry":{"type":"Point","coordinates":[-80.85036687042131,35.544753999919735]}},{"type":"Feature","properties":{"county_nam":"IREDELL","prec_id":"EAGLE MILLS","precinct_norm":"IREDELL - EAGLE MILLS","name":"Eagle Mills","label":"Eagle Mills","seims_code":"EM","seims_desc":"EAGLE MILLS","source_vintage":"sbe_2006"},"geometry":{"type":"Point","coordinates":[-80.75239588871982,35.999662498656974]}},{"type":"Feature","properties":{"county_nam":"IREDELL","prec_id":"FALLSTOWN","precinct_norm":"IREDELL - FALLSTOWN","name":"Fallstown","label":"Fallstown","seims_code":"FT","seims_desc":"FALLSTOWN","source_vintage":"sbe_2006"},"geometry":{"type":"Point","coordinates":[-80.92769307723104,35.6792495009791]}},{"type":"Feature","properties":{"county_nam":"IREDELL","prec_id":"NEW HOPE","precinct_norm":"IREDELL - NEW HOPE","name":"New Hope","label":"New Hope","seims_code":"NH","seims_desc":"NEW HOPE","source_vintage":"sbe_2006"},"geometry":{"type":"Point","coordinates":[-80.95781817662643,36.01434600027132]}},{"type":"Feature","properties":{"county_nam":"IREDELL","prec_id":"OLIN","precinct_norm":"IREDELL - OLIN","name":"Olin","label":"Olin","seims_code":"OL","seims_desc":"OLIN","source_vintage":"sbe_2006"},"geometry":{"type":"Point","coordinates":[-80.86275392994379,35.92763250056597]}},{"type":"Feature","properties":{"county_nam":"IREDELL","prec_id":"SHARPESBURG","precinct_norm":"IREDELL - SHARPESBURG","name":"Sharpesburg","label":"Sharpesburg","seims_code":"SB","seims_desc":"SHARPESBURG","source_vintage":"sbe_2006"},"geometry":{"type":"Point","coordinates":[-80.96467180263431,35.925249496699536]}},{"type":"Feature","properties":{"county_nam":"IREDELL","prec_id":"SHILOH A","precinct_norm":"IREDELL - SHILOH A","name":"Shiloh A","label":"Shiloh A","seims_code":"SH-A","seims_desc":"SHILOH-A","source_vintage":"sbe_2006"},"geometry":{"type":"Point","coordinates":[-81.01935456264891,35.7945790006048]}},{"type":"Feature","properties":{"county_nam":"IREDELL","prec_id":"SHILOH B","precinct_norm":"IREDELL - SHILOH B","name":"Shiloh B","label":"Shiloh B","seims_code":"SH-B","seims_desc":"SHILOH-B","source_vintage":"sbe_2006"},"geometry":{"type":"Point","coordinates":[-81.00785764968475,35.741232497153476]}},{"type":"Feature","properties":{"county_nam":"IREDELL","prec_id":"STATESVILLE 1","precinct_norm":"IREDELL - STATESVILLE 1","name":"Statesville 1","label":"Statesville 1","seims_code":"ST1","seims_desc":"STATESVILLE #1","source_vintage":"sbe_2006"},"geometry":{"type":"Point","coordinates":[-80.83252032411676,35.79695600032342]}},{"type":"Feature","properties":{"county_nam":"IREDELL","prec_id":"STATESVILLE 2","precinct_norm":"IREDELL - STATESVILLE 2","name":"Statesville 2","label":"Statesville 2","seims_code":"ST2","seims_desc":"STATESVILLE #2","source_vintage":"sbe_2006"},"geometry":{"type":"Point","coordinates":[-80.87039560204059,35.807518999956855]}},{"type":"Feature","properties":{"county_nam":"IREDELL","prec_id":"STATESVILLE 3","precinct_norm":"IREDELL - STATESVILLE 3","name":"Statesville 3","label":"Statesville 3","seims_code":"ST3","seims_desc":"STATESVILLE #3","source_vintage":"sbe_2006"},"geometry":{"type":"Point","coordinates":[-80.91957144959665,35.75579049751206]}},{"type":"Feature","properties":{"county_nam":"IREDELL","prec_id":"STATESVILLE 4","precinct_norm":"IREDELL - STATESVILLE 4","name":"Statesville 4","label":"Statesville 4","seims_code":"ST4","seims_desc":"STATESVILLE #4","source_vintage":"sbe_2006"},"geometry":{"type":"Point","coordinates":[-80.89491635834827,35.80157049929687]}},{"type":"Feature","properties":{"county_nam":"IREDELL","prec_id":"STATESVILLE 5","precinct_norm":"IREDELL - STATESVILLE 5","name":"Statesville 5","label":"Statesville 5","seims_code":"ST5","seims_desc":"STATESVILLE #5","source_vintage":"sbe_2006"},"geometry":{"type":"Point","coordinates":[-80.92051036275296,35.793189500404935]}},{"type":"Feature","properties":{"county_nam":"IREDELL","prec_id":"STATESVILLE 6","precinct_norm":"IREDELL - STATESVILLE 6","name":"Statesville 6","label":"Statesville 6","seims_code":"ST6","seims_desc":"STATESVILLE #6","source_vintage":"sbe_2006"},"geometry":{"type":"Point","coordinates":[-80.8745081319293,35.75713649877612]}},{"type":"Feature","properties":{"county_nam":"IREDELL","prec_id":"TURNERSBURG","precinct_norm":"IREDELL - TURNERSBURG","name":"Turnersburg","label":"Turnersburg","seims_code":"TB","seims_desc":"TURNERSBURG","source_vintage":"sbe_2006"},"geometry":{"type":"Point","coordinates":[-80.75567744609484,35.913020999340034]}},{"type":"Feature","properties":{"county_nam":"IREDELL","prec_id":"UNION GROVE","precinct_norm":"IREDELL - UNION GROVE","name":"Union Grove","label":"Union Grove","seims_code":"UG","seims_desc":"UNION GROVE","source_vintage":"sbe_2006"},"geometry":{"type":"Point","coordinates":[-80.85412983444658,36.01164550012254]}},{"type":"Feature","properties":{"county_nam":"JACKSON","prec_id":"BARKERS CREEK","precinct_norm":"JACKSON - BARKERS CREEK","name":"Barkers Creek","label":"Barkers Creek","seims_code":"BCK","seims_desc":"BARKERS CREEK","source_vintage":"sbe_2006"},"geometry":{"type":"Point","coordinates":[-83.29922887153745,35.39479300026874]}},{"type":"Feature","properties":{"county_nam":"JACKSON","prec_id":"CANADA","precinct_norm":"JACKSON - CANADA","name":"Canada","label":"Canada","seims_code":"CAN","seims_desc":"CANADA","source_vintage":"sbe_2006"},"geometry":{"type":"Point","coordinates":[-83.00418725445745,35.223345000036524]}},{"type":"Feature","properties":{"county_nam":"JACKSON","prec_id":"CANEY FORK","precinct_norm":"JACKSON - CANEY FORK","name":"Caney Fork","label":"Caney Fork","seims_code":"CFK","seims_desc":"CANEY FORK","source_vintage":"sbe_2006"},"geometry":{"type":"Point","coordinates":[-83.04742865599688,35.32886649983176]}},{"type":"Feature","properties":{"county_nam":"JACKSON","prec_id":"CASHIERS","precinct_norm":"JACKSON - CASHIERS","name":"Cashiers","label":"Cashiers","seims_code":"CAS","seims_desc":"CASHIERS","source_vintage":"sbe_2006"},"geometry":{"type":"Point","coordinates":[-83.09033943860953,35.080842501298385]}},{"type":"Feature","properties":{"county_nam":"JACKSON","prec_id":"CULLOWHEE","precinct_norm":"JACKSON - CULLOWHEE","name":"Cullowhee","label":"Cullowhee","seims_code":"CUL","seims_desc":"CULLOWHEE","source_vintage":"sbe_2006"},"geometry":{"type":"Point","coordinates":[-83.18670872955651,35.30419150046414]}},{"type":"Feature","properties":{"county_nam":"JACKSON","prec_id":"DILLSBORO","precinct_norm":"JACKSON - DILLSBORO","name":"Dillsboro","label":"Dillsboro","seims_code":"DIL","seims_desc":"DILLSBORO","source_vintage":"sbe_2006"},"geometry":{"type":"Point","coordinates":[-83.25796070365159,35.37668549987549]}},{"type":"Feature","properties":{"county_nam":"JACKSON","prec_id":"GREENS CREEK","precinct_norm":"JACKSON - GREENS CREEK","name":"Greens Creek","label":"Greens Creek","seims_code":"GCK","seims_desc":"GREENS CREEK","source_vintage":"sbe_2006"},"geometry":{"type":"Point","coordinates":[-83.28971342714868,35.32593700048203]}},{"type":"Feature","properties":{"county_nam":"JACKSON","prec_id":"HAMBURG","precinct_norm":"JACKSON - HAMBURG","name":"Hamburg","label":"Hamburg","seims_code":"HAM","seims_desc":"HAMBURG","source_vintage":"sbe_2006"},"geometry":{"type":"Point","coordinates":[-83.12770739970158,35.16465349934205]}},{"type":"Feature","properties":{"county_nam":"JACKSON","prec_id":"MOUNTAIN","precinct_norm":"JACKSON - MOUNTAIN","name":"Mountain","label":"Mountain","seims_code":"MNT","seims_desc":"MOUNTAIN","source_vintage":"sbe_2006"},"geometry":{"type":"Point","coordinates":[-83.18910212510694,35.20173950031973]}},{"type":"Feature","properties":{"county_nam":"JACKSON","prec_id":"QUALLA","precinct_norm":"JACKSON - QUALLA","name":"Qualla","label":"Qualla","seims_code":"QUA","seims_desc":"QUALLA","source_vintage":"sbe_2006"},"geometry":{"type":"Point","coordinates":[-83.2468731640303,35.462022502257255]}},{"type":"Feature","properties":{"county_nam":"JACKSON","prec_id":"RIVER","precinct_norm":"JACKSON - RIVER","name":"River","label":"River","seims_code":"RIV","seims_desc":"RIVER","source_vintage":"sbe_2006"},"geometry":{"type":"Point","coordinates":[-83.11191532338503,35.2720729996358]}},{"type":"Feature","properties":{"county_nam":"JACKSON","prec_id":"SAVANNAH","precinct_norm":"JACKSON - SAVANNAH","name":"Savannah","label":"Savannah","seims_code":"SAV","seims_desc":"SAVANNAH","source_vintage":"sbe_2006"},"geometry":{"type":"Point","coordinates":[-83.27122125279291,35.272066498272316]}},{"type":"Feature","properties":{"county_nam":"JACKSON","prec_id":"SCOTTS CREEK 1, 2, & 3","precinct_norm":"JACKSON - SCOTTS CREEK 1, 2, & 3","name":"Scotts Creek 1, 2, & 3","label":"Scotts Creek 1, 2, & 3","seims_code":"SC1, SC2, & SC3","seims_desc":"SCOTTS CREEK 1, 2, & 3","source_vintage":"sbe_2006"},"geometry":{"type":"Point","coordinates":[-83.10827355087605,35.41626399734045]}},{"type":"Feature","properties":{"county_nam":"JACKSON","prec_id":"SYLVA-NORTH WD","precinct_norm":"JACKSON - SYLVA-NORTH WD","name":"Sylva-North Wd","label":"Sylva-North Wd","seims_code":"SNW","seims_desc":"SYLVA-NORTH WD","source_vintage":"sbe_2006"},"geometry":{"type":"Point","coordinates":[-83.19734041004293,35.4093695007351]}},{"type":"Feature","properties":{"county_nam":"JACKSON","prec_id":"SYLVA-SOUTH WD","precinct_norm":"JACKSON - SYLVA-SOUTH WD","name":"Sylva-South Wd","label":"Sylva-South Wd","seims_code":"SSW","seims_desc":"SYLVA-SOUTH WD","source_vintage":"sbe_2006"},"geometry":{"type":"Point","coordinates":[-83.19781191419777,35.36314000002241]}},{"type":"Feature","properties":{"county_nam":"JACKSON","prec_id":"WEBSTER","precinct_norm":"JACKSON - WEBSTER","name":"Webster","label":"Webster","seims_code":"WEB","seims_desc":"WEBSTER","source_vintage":"sbe_2006"},"geometry":{"type":"Point","coordinates":[-83.21871786988851,35.331249501137215]}},{"type":"Feature","properties":{"county_nam":"JOHNSTON","prec_id":"BANNER NORTH","precinct_norm":"JOHNSTON - BANNER NORTH","name":"Banner North","label":"Banner North","seims_code":"PR01","seims_desc":"NORTH BANNER","source_vintage":"sbe_2006"},"geometry":{"type":"Point","coordinates":[-78.50812927832004,35.38368599991179]}},{"type":"Feature","properties":{"county_nam":"JOHNSTON","prec_id":"BANNER SOUTH","precinct_norm":"JOHNSTON - BANNER SOUTH","name":"Banner South","label":"Banner South","seims_code":"PR02","seims_desc":"SOUTH BANNER","source_vintage":"sbe_2006"},"geometry":{"type":"Point","coordinates":[-78.51177800988953,35.33302099930509]}},{"type":"Feature","properties":{"county_nam":"JOHNSTON","prec_id":"BANNER WEST","precinct_norm":"JOHNSTON - BANNER WEST","name":"Banner West","label":"Banner West","seims_code":"PR03","seims_desc":"WEST BANNER","source_vintage":"sbe_2006"},"geometry":{"type":"Point","coordinates":[-78.56167211713358,35.3972399996249]}},{"type":"Feature","properties":{"county_nam":"JOHNSTON","prec_id":"BENTONVILLE","precinct_norm":"JOHNSTON - BENTONVILLE","name":"Bentonville","label":"Bentonville","seims_code":"PR04","seims_desc":"BENTONVILLE","source_vintage":"sbe_2006"},"geometry":{"type":"Point","coordinates":[-78.29121875040246,35.33952049895086]}},{"type":"Feature","properties":{"county_nam":"JOHNSTON","prec_id":"BEULAH NORTH","precinct_norm":"JOHNSTON - BEULAH NORTH","name":"Beulah North","label":"Beulah North","seims_code":"PR05","seims_desc":"NORTH BEULAH","source_vintage":"sbe_2006"},"geometry":{"type":"Point","coordinates":[-78.17803375970388,35.623537498885995]}},{"type":"Feature","properties":{"county_nam":"JOHNSTON","prec_id":"BEULAH SOUTH","precinct_norm":"JOHNSTON - BEULAH SOUTH","name":"Beulah South","label":"Beulah South","seims_code":"PR06","seims_desc":"SOUTH BEULAH","source_vintage":"sbe_2006"},"geometry":{"type":"Point","coordinates":[-78.11579494138805,35.56021049916952]}},{"type":"Feature","properties":{"county_nam":"JOHNSTON","prec_id":"BOON HILL NORTH","precinct_norm":"JOHNSTON - BOON HILL NORTH","name":"Boon Hill North","label":"Boon Hill North","seims_code":"PR07","seims_desc":"NORTH BOON HILL","source_vintage":"sbe_2006"},"geometry":{"type":"Point","coordinates":[-78.16574706849607,35.44043499926299]}},{"type":"Feature","properties":{"county_nam":"JOHNSTON","prec_id":"BOON HILL SOUTH","precinct_norm":"JOHNSTON - BOON HILL SOUTH","name":"Boon Hill South","label":"Boon Hill South","seims_code":"PR08","seims_desc":"SOUTH BOON HILL","source_vintage":"sbe_2006"},"geometry":{"type":"Point","coordinates":[-78.23835078042299,35.42790549842451]}},{"type":"Feature","properties":{"county_nam":"JOHNSTON","prec_id":"CLAYTON EAST","precinct_norm":"JOHNSTON - CLAYTON EAST","name":"Clayton East","label":"Clayton East","seims_code":"PR09","seims_desc":"EAST CLAYTON","source_vintage":"sbe_2006"},"geometry":{"type":"Point","coordinates":[-78.41092864186479,35.61160349897753]}},{"type":"Feature","properties":{"county_nam":"JOHNSTON","prec_id":"CLAYTON NORTH","precinct_norm":"JOHNSTON - CLAYTON NORTH","name":"Clayton North","label":"Clayton North","seims_code":"PR10","seims_desc":"NORTH CLAYTON","source_vintage":"sbe_2006"},"geometry":{"type":"Point","coordinates":[-78.47196164752111,35.67251449949421]}},{"type":"Feature","properties":{"county_nam":"JOHNSTON","prec_id":"CLAYTON SOUTH","precinct_norm":"JOHNSTON - CLAYTON SOUTH","name":"Clayton South","label":"Clayton South","seims_code":"PR34","seims_desc":"SOUTH CLAYTON","source_vintage":"sbe_2006"},"geometry":{"type":"Point","coordinates":[-78.46084051160778,35.59861799945781]}},{"type":"Feature","properties":{"county_nam":"JOHNSTON","prec_id":"CLAYTON WEST 1","precinct_norm":"JOHNSTON - CLAYTON WEST 1","name":"Clayton West 1","label":"Clayton West 1","seims_code":"PR11A","seims_desc":"WEST CLAYTON 1","source_vintage":"sbe_2006"},"geometry":{"type":"Point","coordinates":[-78.50549755407464,35.60686400025282]}},{"type":"Feature","properties":{"county_nam":"JOHNSTON","prec_id":"CLAYTON WEST 2","precinct_norm":"JOHNSTON - CLAYTON WEST 2","name":"Clayton West 2","label":"Clayton West 2","seims_code":"PR11B","seims_desc":"WEST CLAYTON 2","source_vintage":"sbe_2006"},"geometry":{"type":"Point","coordinates":[-78.49205215557657,35.64476649947834]}},{"type":"Feature","properties":{"county_nam":"JOHNSTON","prec_id":"CLEVELAND NORTH","precinct_norm":"JOHNSTON - CLEVELAND NORTH","name":"Cleveland North","label":"Cleveland North","seims_code":"PR12","seims_desc":"NORTH CLEVELAND","source_vintage":"sbe_2006"},"geometry":{"type":"Point","coordinates":[-78.53255835628873,35.585709999509476]}},{"type":"Feature","properties":{"county_nam":"JOHNSTON","prec_id":"CLEVELAND SOUTHEAST","precinct_norm":"JOHNSTON - CLEVELAND SOUTHEAST","name":"Cleveland Southeast","label":"Cleveland Southeast","seims_code":"PR31A","seims_desc":"SOUTHEAST CLEVELAND","source_vintage":"sbe_2006"},"geometry":{"type":"Point","coordinates":[-78.5118025159764,35.547517998536726]}},{"type":"Feature","properties":{"county_nam":"JOHNSTON","prec_id":"CLEVELAND SOUTHWEST","precinct_norm":"JOHNSTON - CLEVELAND SOUTHWEST","name":"Cleveland Southwest","label":"Cleveland Southwest","seims_code":"PR31B","seims_desc":"SOUTHWEST CLEVELAND","source_vintage":"sbe_2006"},"geometry":{"type":"Point","coordinates":[-78.58762444217834,35.582127999585595]}},{"type":"Feature","properties":{"county_nam":"JOHNSTON","prec_id":"ELEVATION NORTH","precinct_norm":"JOHNSTON - ELEVATION NORTH","name":"Elevation North","label":"Elevation North","seims_code":"PR13","seims_desc":"NORTH ELEVATION","source_vintage":"sbe_2006"},"geometry":{"type":"Point","coordinates":[-78.51547711397953,35.49919699691013]}},{"type":"Feature","properties":{"county_nam":"JOHNSTON","prec_id":"ELEVATION SOUTH","precinct_norm":"JOHNSTON - ELEVATION SOUTH","name":"Elevation South","label":"Elevation South","seims_code":"PR14","seims_desc":"SOUTH ELEVATION","source_vintage":"sbe_2006"},"geometry":{"type":"Point","coordinates":[-78.5359732492179,35.440822002129984]}},{"type":"Feature","properties":{"county_nam":"JOHNSTON","prec_id":"INGRAMS EAST","precinct_norm":"JOHNSTON - INGRAMS EAST","name":"Ingrams East","label":"Ingrams East","seims_code":"PR15","seims_desc":"EAST INGRAMS","source_vintage":"sbe_2006"},"geometry":{"type":"Point","coordinates":[-78.35268996322911,35.40439399969106]}},{"type":"Feature","properties":{"county_nam":"JOHNSTON","prec_id":"INGRAMS WEST","precinct_norm":"JOHNSTON - INGRAMS WEST","name":"Ingrams West","label":"Ingrams West","seims_code":"PR16","seims_desc":"WEST INGRAMS","source_vintage":"sbe_2006"},"geometry":{"type":"Point","coordinates":[-78.43750048553102,35.410198001108206]}},{"type":"Feature","properties":{"county_nam":"JOHNSTON","prec_id":"MEADOW NORTH","precinct_norm":"JOHNSTON - MEADOW NORTH","name":"Meadow North","label":"Meadow North","seims_code":"PR17","seims_desc":"NORTH MEADOW","source_vintage":"sbe_2006"},"geometry":{"type":"Point","coordinates":[-78.4105505815088,35.31944850076164]}},{"type":"Feature","properties":{"county_nam":"JOHNSTON","prec_id":"MEADOW SOUTH","precinct_norm":"JOHNSTON - MEADOW SOUTH","name":"Meadow South","label":"Meadow South","seims_code":"PR18","seims_desc":"SOUTH MEADOW","source_vintage":"sbe_2006"},"geometry":{"type":"Point","coordinates":[-78.46631120309263,35.30287099945437]}},{"type":"Feature","properties":{"county_nam":"JOHNSTON","prec_id":"MICRO","precinct_norm":"JOHNSTON - MICRO","name":"Micro","label":"Micro","seims_code":"PR19","seims_desc":"MICRO","source_vintage":"sbe_2006"},"geometry":{"type":"Point","coordinates":[-78.20435664576279,35.57220550090377]}},{"type":"Feature","properties":{"county_nam":"JOHNSTON","prec_id":"ONEALS NORTH","precinct_norm":"JOHNSTON - ONEALS NORTH","name":"Oneals North","label":"Oneals North","seims_code":"PR20","seims_desc":"NORTH ONEALS","source_vintage":"sbe_2006"},"geometry":{"type":"Point","coordinates":[-78.26507377596019,35.75170300006984]}},{"type":"Feature","properties":{"county_nam":"JOHNSTON","prec_id":"ONEALS SOUTH","precinct_norm":"JOHNSTON - ONEALS SOUTH","name":"Oneals South","label":"Oneals South","seims_code":"PR21","seims_desc":"SOUTH ONEALS","source_vintage":"sbe_2006"},"geometry":{"type":"Point","coordinates":[-78.2455442160128,35.65308849986178]}},{"type":"Feature","properties":{"county_nam":"JOHNSTON","prec_id":"PINE LEVEL","precinct_norm":"JOHNSTON - PINE LEVEL","name":"Pine Level","label":"Pine Level","seims_code":"PR22","seims_desc":"PINE LEVEL","source_vintage":"sbe_2006"},"geometry":{"type":"Point","coordinates":[-78.23827691917838,35.51849100018507]}},{"type":"Feature","properties":{"county_nam":"JOHNSTON","prec_id":"PLEASANT GROVE NORTH","precinct_norm":"JOHNSTON - PLEASANT GROVE NORTH","name":"Pleasant Grove North","label":"Pleasant Grove North","seims_code":"PR23","seims_desc":"NORTH PLEASANT GROVE","source_vintage":"sbe_2006"},"geometry":{"type":"Point","coordinates":[-78.60719495925048,35.54293699874093]}},{"type":"Feature","properties":{"county_nam":"JOHNSTON","prec_id":"PLEASANT GROVE SOUTH","precinct_norm":"JOHNSTON - PLEASANT GROVE SOUTH","name":"Pleasant Grove South","label":"Pleasant Grove South","seims_code":"PR33","seims_desc":"SOUTH PLEASANT GROVE","source_vintage":"sbe_2006"},"geometry":{"type":"Point","coordinates":[-78.61292869460969,35.480485998859194]}},{"type":"Feature","properties":{"county_nam":"JOHNSTON","prec_id":"SELMA EAST","precinct_norm":"JOHNSTON - SELMA EAST","name":"Selma East","label":"Selma East","seims_code":"PR24","seims_desc":"EAST SELMA","source_vintage":"sbe_2006"},"geometry":{"type":"Point","coordinates":[-78.25063393326496,35.55738300010992]}},{"type":"Feature","properties":{"county_nam":"JOHNSTON","prec_id":"SELMA WEST","precinct_norm":"JOHNSTON - SELMA WEST","name":"Selma West","label":"Selma West","seims_code":"PR25","seims_desc":"WEST SELMA","source_vintage":"sbe_2006"},"geometry":{"type":"Point","coordinates":[-78.29462798304766,35.58249949824994]}},{"type":"Feature","properties":{"county_nam":"JOHNSTON","prec_id":"SMITHFIELD EAST","precinct_norm":"JOHNSTON - SMITHFIELD EAST","name":"Smithfield East","label":"Smithfield East","seims_code":"PR26","seims_desc":"EAST SMITHFIELD","source_vintage":"sbe_2006"},"geometry":{"type":"Point","coordinates":[-78.31185469166596,35.472658000065564]}},{"type":"Feature","properties":{"county_nam":"JOHNSTON","prec_id":"SMITHFIELD NORTH","precinct_norm":"JOHNSTON - SMITHFIELD NORTH","name":"Smithfield North","label":"Smithfield North","seims_code":"PR27","seims_desc":"NORTH SMITHFIELD","source_vintage":"sbe_2006"},"geometry":{"type":"Point","coordinates":[-78.39561116450356,35.543016000753894]}},{"type":"Feature","properties":{"county_nam":"JOHNSTON","prec_id":"SMITHFIELD SOUTH","precinct_norm":"JOHNSTON - SMITHFIELD SOUTH","name":"Smithfield South","label":"Smithfield South","seims_code":"PR28","seims_desc":"SOUTH SMITHFIELD","source_vintage":"sbe_2006"},"geometry":{"type":"Point","coordinates":[-78.40468286921488,35.50381900070667]}},{"type":"Feature","properties":{"county_nam":"JOHNSTON","prec_id":"WILDERS NORTH","precinct_norm":"JOHNSTON - WILDERS NORTH","name":"Wilders North","label":"Wilders North","seims_code":"PR32","seims_desc":"NORTH WILDERS","source_vintage":"sbe_2006"},"geometry":{"type":"Point","coordinates":[-78.32396521766898,35.705038501587005]}},{"type":"Feature","properties":{"county_nam":"JOHNSTON","prec_id":"ARCHER'S LODGE","precinct_norm":"JOHNSTON - ARCHER'S LODGE","name":"Archer's Lodge","label":"Archer's Lodge","seims_code":"PR29A","seims_desc":"ARCHER'S LODGE","source_vintage":"sbe_2006"},"geometry":{"type":"Point","coordinates":[-78.40199036830472,35.701828000540374]}},{"type":"Feature","properties":{"county_nam":"JOHNSTON","prec_id":"FLOWERS PLANTATION","precinct_norm":"JOHNSTON - FLOWERS PLANTATION","name":"Flowers Plantation","label":"Flowers Plantation","seims_code":"PR29B","seims_desc":"FLOWERS PLANTATION","source_vintage":"sbe_2006"},"geometry":{"type":"Point","coordinates":[-78.36593015930325,35.65191600043963]}},{"type":"Feature","properties":{"county_nam":"JOHNSTON","prec_id":"WILSONS MILLS","precinct_norm":"JOHNSTON - WILSONS MILLS","name":"Wilsons Mills","label":"Wilsons Mills","seims_code":"PR30","seims_desc":"WILSONS MILLS","source_vintage":"sbe_2006"},"geometry":{"type":"Point","coordinates":[-78.3630028295287,35.57941599913673]}},{"type":"Feature","properties":{"county_nam":"JONES","prec_id":"BEAVER CREEK","precinct_norm":"JONES - BEAVER CREEK","name":"Beaver Creek","label":"Beaver Creek","seims_code":"P01","seims_desc":"BEAVER CREEK","source_vintage":"sbe_2006"},"geometry":{"type":"Point","coordinates":[-77.43568225017756,35.16699300074163]}},{"type":"Feature","properties":{"county_nam":"JONES","prec_id":"CHINQUAPIN","precinct_norm":"JONES - CHINQUAPIN","name":"Chinquapin","label":"Chinquapin","seims_code":"P02","seims_desc":"CHINQUAPIN","source_vintage":"sbe_2006"},"geometry":{"type":"Point","coordinates":[-77.48890469013531,35.100046500469574]}},{"type":"Feature","properties":{"county_nam":"JONES","prec_id":"CYPRESS CREEK","precinct_norm":"JONES - CYPRESS CREEK","name":"Cypress Creek","label":"Cypress Creek","seims_code":"P03","seims_desc":"CYPRESS CREEK","source_vintage":"sbe_2006"},"geometry":{"type":"Point","coordinates":[-77.51003893237689,35.00970400063832]}},{"type":"Feature","properties":{"county_nam":"JONES","prec_id":"POLLOCKSVILLE","precinct_norm":"JONES - POLLOCKSVILLE","name":"Pollocksville","label":"Pollocksville","seims_code":"P04","seims_desc":"POLLOCKSVILLE","source_vintage":"sbe_2006"},"geometry":{"type":"Point","coordinates":[-77.20008146699627,35.0229744999389]}},{"type":"Feature","properties":{"county_nam":"JONES","prec_id":"TRENTON","precinct_norm":"JONES - TRENTON","name":"Trenton","label":"Trenton","seims_code":"P05","seims_desc":"TRENTON","source_vintage":"sbe_2006"},"geometry":{"type":"Point","coordinates":[-77.35676304678196,35.04572799945949]}},{"type":"Feature","properties":{"county_nam":"JONES","prec_id":"TUCKAHOE","precinct_norm":"JONES - TUCKAHOE","name":"Tuckahoe","label":"Tuckahoe","seims_code":"P06","seims_desc":"TUCKAHOE","source_vintage":"sbe_2006"},"geometry":{"type":"Point","coordinates":[-77.5928338379903,35.049083499810706]}},{"type":"Feature","properties":{"county_nam":"JONES","prec_id":"WHITE OAK","precinct_norm":"JONES - WHITE OAK","name":"White Oak","label":"White Oak","seims_code":"P07","seims_desc":"WHITE OAK","source_vintage":"sbe_2006"},"geometry":{"type":"Point","coordinates":[-77.16305972212295,34.87576950023757]}},{"type":"Feature","properties":{"county_nam":"LEE","prec_id":"CAPE FEAR","precinct_norm":"LEE - CAPE FEAR","name":"Cape Fear","label":"Cape Fear","seims_code":"06","seims_desc":"CAPE FEAR","source_vintage":"sbe_2006"},"geometry":{"type":"Point","coordinates":[-79.05493287179357,35.48958850001167]}},{"type":"Feature","properties":{"county_nam":"LEE","prec_id":"CUMNOCK","precinct_norm":"LEE - CUMNOCK","name":"Cumnock","label":"Cumnock","seims_code":"12","seims_desc":"CUMNOCK","source_vintage":"sbe_2006"},"geometry":{"type":"Point","coordinates":[-79.23313963327496,35.527054500736]}},{"type":"Feature","properties":{"county_nam":"LEE","prec_id":"DEEP RIVER","precinct_norm":"LEE - DEEP RIVER","name":"Deep River","label":"Deep River","seims_code":"11","seims_desc":"DEEP RIVER","source_vintage":"sbe_2006"},"geometry":{"type":"Point","coordinates":[-79.11760021659373,35.58028100141711]}},{"type":"Feature","properties":{"county_nam":"LEE","prec_id":"GREENWOOD","precinct_norm":"LEE - GREENWOOD","name":"Greenwood","label":"Greenwood","seims_code":"07","seims_desc":"GREENWOOD","source_vintage":"sbe_2006"},"geometry":{"type":"Point","coordinates":[-79.19966766929645,35.36316149988461]}},{"type":"Feature","properties":{"county_nam":"LEE","prec_id":"JONESBORO EAST","precinct_norm":"LEE - JONESBORO EAST","name":"Jonesboro East","label":"Jonesboro East","seims_code":"08","seims_desc":"EAST JONESBORO","source_vintage":"sbe_2006"},"geometry":{"type":"Point","coordinates":[-79.1175537568418,35.43474099897152]}},{"type":"Feature","properties":{"county_nam":"LEE","prec_id":"JONESBORO WEST","precinct_norm":"LEE - JONESBORO WEST","name":"Jonesboro West","label":"Jonesboro West","seims_code":"05","seims_desc":"WEST JONESBORO","source_vintage":"sbe_2006"},"geometry":{"type":"Point","coordinates":[-79.1717201179548,35.43352649934802]}},{"type":"Feature","properties":{"county_nam":"LEE","prec_id":"POCKET EAST","precinct_norm":"LEE - POCKET EAST","name":"Pocket East","label":"Pocket East","seims_code":"09","seims_desc":"EAST POCKET","source_vintage":"sbe_2006"},"geometry":{"type":"Point","coordinates":[-79.25724324079579,35.43705000048476]}},{"type":"Feature","properties":{"county_nam":"LEE","prec_id":"POCKET WEST","precinct_norm":"LEE - POCKET WEST","name":"Pocket West","label":"Pocket West","seims_code":"10","seims_desc":"WEST POCKET","source_vintage":"sbe_2006"},"geometry":{"type":"Point","coordinates":[-79.29930372756525,35.47878400049882]}},{"type":"Feature","properties":{"county_nam":"LEE","prec_id":"SANFORD EAST","precinct_norm":"LEE - SANFORD EAST","name":"Sanford East","label":"Sanford East","seims_code":"04","seims_desc":"EAST SANFORD","source_vintage":"sbe_2006"},"geometry":{"type":"Point","coordinates":[-79.14071081427926,35.505092999910914]}},{"type":"Feature","properties":{"county_nam":"LEE","prec_id":"SANFORD WEST 1","precinct_norm":"LEE - SANFORD WEST 1","name":"Sanford West 1","label":"Sanford West 1","seims_code":"01","seims_desc":"WEST SANFORD #1","source_vintage":"sbe_2006"},"geometry":{"type":"Point","coordinates":[-79.18831928954685,35.468016498962825]}},{"type":"Feature","properties":{"county_nam":"LEE","prec_id":"SANFORD WEST 2","precinct_norm":"LEE - SANFORD WEST 2","name":"Sanford West 2","label":"Sanford West 2","seims_code":"02","seims_desc":"WEST SANFORD #2","source_vintage":"sbe_2006"},"geometry":{"type":"Point","coordinates":[-79.21828953725452,35.4614859989356]}},{"type":"Feature","properties":{"county_nam":"LEE","prec_id":"SANFORD WEST 3","precinct_norm":"LEE - SANFORD WEST 3","name":"Sanford West 3","label":"Sanford West 3","seims_code":"03","seims_desc":"WEST SANFORD #3","source_vintage":"sbe_2006"},"geometry":{"type":"Point","coordinates":[-79.17500076305522,35.520284500534395]}},{"type":"Feature","properties":{"county_nam":"LEE","prec_id":"SANFORD WEST 4","precinct_norm":"LEE - SANFORD WEST 4","name":"Sanford West 4","label":"Sanford West 4","seims_code":"13","seims_desc":"WEST SANFORD #4","source_vintage":"sbe_2006"},"geometry":{"type":"Point","coordinates":[-79.21218793315734,35.49398099888802]}},{"type":"Feature","properties":{"county_nam":"LENOIR","prec_id":"CONTENTNEA","precinct_norm":"LENOIR - CONTENTNEA","name":"Contentnea","label":"Contentnea","seims_code":"C","seims_desc":"CONTENTNEA","source_vintage":"sbe_2006"},"geometry":{"type":"Point","coordinates":[-77.48245561095784,35.36398600050592]}},{"type":"Feature","properties":{"county_nam":"LENOIR","prec_id":"FALLING CREEK","precinct_norm":"LENOIR - FALLING CREEK","name":"Falling Creek","label":"Falling Creek","seims_code":"FC","seims_desc":"FALLING CREEK","source_vintage":"sbe_2006"},"geometry":{"type":"Point","coordinates":[-77.67346381912213,35.273732000487506]}},{"type":"Feature","properties":{"county_nam":"LENOIR","prec_id":"INSTITUTE","precinct_norm":"LENOIR - INSTITUTE","name":"Institute","label":"Institute","seims_code":"I","seims_desc":"INSTITUTE","source_vintage":"sbe_2006"},"geometry":{"type":"Point","coordinates":[-77.71372087523145,35.332966999363926]}},{"type":"Feature","properties":{"county_nam":"LENOIR","prec_id":"KINSTON 1","precinct_norm":"LENOIR - KINSTON 1","name":"Kinston 1","label":"Kinston 1","seims_code":"K1","seims_desc":"KINSTON -1","source_vintage":"sbe_2006"},"geometry":{"type":"Point","coordinates":[-77.57527327567021,35.2505665009223]}},{"type":"Feature","properties":{"county_nam":"LENOIR","prec_id":"KINSTON 2","precinct_norm":"LENOIR - KINSTON 2","name":"Kinston 2","label":"Kinston 2","seims_code":"K2","seims_desc":"KINSTON-2","source_vintage":"sbe_2006"},"geometry":{"type":"Point","coordinates":[-77.57458775968357,35.265701000369134]}},{"type":"Feature","properties":{"county_nam":"LENOIR","prec_id":"KINSTON 3","precinct_norm":"LENOIR - KINSTON 3","name":"Kinston 3","label":"Kinston 3","seims_code":"K3","seims_desc":"KINSTON-3","source_vintage":"sbe_2006"},"geometry":{"type":"Point","coordinates":[-77.59721480624373,35.26672000096795]}},{"type":"Feature","properties":{"county_nam":"LENOIR","prec_id":"KINSTON 4","precinct_norm":"LENOIR - KINSTON 4","name":"Kinston 4","label":"Kinston 4","seims_code":"K4","seims_desc":"KINSTON-4","source_vintage":"sbe_2006"},"geometry":{"type":"Point","coordinates":[-77.60812524754492,35.28337149977946]}},{"type":"Feature","properties":{"county_nam":"LENOIR","prec_id":"KINSTON 5","precinct_norm":"LENOIR - KINSTON 5","name":"Kinston 5","label":"Kinston 5","seims_code":"K5","seims_desc":"KINSTON-5","source_vintage":"sbe_2006"},"geometry":{"type":"Point","coordinates":[-77.58744462647522,35.27818150121091]}},{"type":"Feature","properties":{"county_nam":"LENOIR","prec_id":"KINSTON 6","precinct_norm":"LENOIR - KINSTON 6","name":"Kinston 6","label":"Kinston 6","seims_code":"K6","seims_desc":"KINSTON-6","source_vintage":"sbe_2006"},"geometry":{"type":"Point","coordinates":[-77.56086504922138,35.2942914996033]}},{"type":"Feature","properties":{"county_nam":"LENOIR","prec_id":"KINSTON 7","precinct_norm":"LENOIR - KINSTON 7","name":"Kinston 7","label":"Kinston 7","seims_code":"K7","seims_desc":"KINSTON-7","source_vintage":"sbe_2006"},"geometry":{"type":"Point","coordinates":[-77.52761511308717,35.282837999088585]}},{"type":"Feature","properties":{"county_nam":"LENOIR","prec_id":"KINSTON 8","precinct_norm":"LENOIR - KINSTON 8","name":"Kinston 8","label":"Kinston 8","seims_code":"K8","seims_desc":"KINSTON-8","source_vintage":"sbe_2006"},"geometry":{"type":"Point","coordinates":[-77.56016284655216,35.25753500035238]}},{"type":"Feature","properties":{"county_nam":"LENOIR","prec_id":"KINSTON 9","precinct_norm":"LENOIR - KINSTON 9","name":"Kinston 9","label":"Kinston 9","seims_code":"K9","seims_desc":"KINSTON-9","source_vintage":"sbe_2006"},"geometry":{"type":"Point","coordinates":[-77.6296328340448,35.29606600117333]}},{"type":"Feature","properties":{"county_nam":"LENOIR","prec_id":"MOSELEY HALL","precinct_norm":"LENOIR - MOSELEY HALL","name":"Moseley Hall","label":"Moseley Hall","seims_code":"MH","seims_desc":"MOSELEY HALL","source_vintage":"sbe_2006"},"geometry":{"type":"Point","coordinates":[-77.78003194394427,35.295492002410434]}},{"type":"Feature","properties":{"county_nam":"LENOIR","prec_id":"NEUSE","precinct_norm":"LENOIR - NEUSE","name":"Neuse","label":"Neuse","seims_code":"N","seims_desc":"NEUSE","source_vintage":"sbe_2006"},"geometry":{"type":"Point","coordinates":[-77.66134760353134,35.21240249808564]}},{"type":"Feature","properties":{"county_nam":"LENOIR","prec_id":"PINK HILL 1","precinct_norm":"LENOIR - PINK HILL 1","name":"Pink Hill 1","label":"Pink Hill 1","seims_code":"PH1","seims_desc":"PINK HILL-1","source_vintage":"sbe_2006"},"geometry":{"type":"Point","coordinates":[-77.65818775202102,35.07290549909264]}},{"type":"Feature","properties":{"county_nam":"LENOIR","prec_id":"PINK HILL 2","precinct_norm":"LENOIR - PINK HILL 2","name":"Pink Hill 2","label":"Pink Hill 2","seims_code":"PH2","seims_desc":"PINK HILL-2","source_vintage":"sbe_2006"},"geometry":{"type":"Point","coordinates":[-77.73003876984961,35.05887799970442]}},{"type":"Feature","properties":{"county_nam":"LENOIR","prec_id":"SANDHILL","precinct_norm":"LENOIR - SANDHILL","name":"Sandhill","label":"Sandhill","seims_code":"SH","seims_desc":"SANDHILL","source_vintage":"sbe_2006"},"geometry":{"type":"Point","coordinates":[-77.46846283669129,35.28367749912553]}},{"type":"Feature","properties":{"county_nam":"LENOIR","prec_id":"SOUTHWEST","precinct_norm":"LENOIR - SOUTHWEST","name":"Southwest","label":"Southwest","seims_code":"SW","seims_desc":"SOUTHWEST","source_vintage":"sbe_2006"},"geometry":{"type":"Point","coordinates":[-77.54524764466956,35.206051501155486]}},{"type":"Feature","properties":{"county_nam":"LENOIR","prec_id":"TRENT 1","precinct_norm":"LENOIR - TRENT 1","name":"Trent 1","label":"Trent 1","seims_code":"T1","seims_desc":"TRENT-1","source_vintage":"sbe_2006"},"geometry":{"type":"Point","coordinates":[-77.71915211402835,35.14101100067957]}},{"type":"Feature","properties":{"county_nam":"LENOIR","prec_id":"TRENT 2","precinct_norm":"LENOIR - TRENT 2","name":"Trent 2","label":"Trent 2","seims_code":"T2","seims_desc":"TRENT-2","source_vintage":"sbe_2006"},"geometry":{"type":"Point","coordinates":[-77.77586249847018,35.18847550152233]}},{"type":"Feature","properties":{"county_nam":"LENOIR","prec_id":"VANCE","precinct_norm":"LENOIR - VANCE","name":"Vance","label":"Vance","seims_code":"V","seims_desc":"VANCE","source_vintage":"sbe_2006"},"geometry":{"type":"Point","coordinates":[-77.60622923670874,35.35114000285155]}},{"type":"Feature","properties":{"county_nam":"LENOIR","prec_id":"WOODINGTON","precinct_norm":"LENOIR - WOODINGTON","name":"Woodington","label":"Woodington","seims_code":"W","seims_desc":"WOODINGTON","source_vintage":"sbe_2006"},"geometry":{"type":"Point","coordinates":[-77.60336377032124,35.14557399977939]}},{"type":"Feature","properties":{"county_nam":"LINCOLN","prec_id":"ASBURY","precinct_norm":"LINCOLN - ASBURY","name":"Asbury","label":"Asbury","seims_code":"AS25","seims_desc":"ASBURY","source_vintage":"sbe_2006"},"geometry":{"type":"Point","coordinates":[-81.1899988842334,35.48965749796413]}},{"type":"Feature","properties":{"county_nam":"LINCOLN","prec_id":"BOGER CITY","precinct_norm":"LINCOLN - BOGER CITY","name":"Boger City","label":"Boger City","seims_code":"BC13","seims_desc":"BOGER CITY","source_vintage":"sbe_2006"},"geometry":{"type":"Point","coordinates":[-81.22838454642695,35.49033849873893]}},{"type":"Feature","properties":{"county_nam":"LINCOLN","prec_id":"BUFFALO SHOALS","precinct_norm":"LINCOLN - BUFFALO SHOALS","name":"Buffalo Shoals","label":"Buffalo Shoals","seims_code":"BS26","seims_desc":"BUFFALO SHOALS","source_vintage":"sbe_2006"},"geometry":{"type":"Point","coordinates":[-81.18268451976063,35.52700999958759]}},{"type":"Feature","properties":{"county_nam":"LINCOLN","prec_id":"COWANS FORD","precinct_norm":"LINCOLN - COWANS FORD","name":"Cowans Ford","label":"Cowans Ford","seims_code":"CF19","seims_desc":"COWANS FORD","source_vintage":"sbe_2006"},"geometry":{"type":"Point","coordinates":[-80.96805406928922,35.45281100138851]}},{"type":"Feature","properties":{"county_nam":"LINCOLN","prec_id":"CROUSE","precinct_norm":"LINCOLN - CROUSE","name":"Crouse","label":"Crouse","seims_code":"CR06","seims_desc":"CROUSE","source_vintage":"sbe_2006"},"geometry":{"type":"Point","coordinates":[-81.30521366300029,35.43896599898267]}},{"type":"Feature","properties":{"county_nam":"LINCOLN","prec_id":"DANIELS/VALE","precinct_norm":"LINCOLN - DANIELS/VALE","name":"Daniels/Vale","label":"Daniels/Vale","seims_code":"DV08","seims_desc":"DANIELS/VALE","source_vintage":"sbe_2006"},"geometry":{"type":"Point","coordinates":[-81.35177899221802,35.5233465000624]}},{"type":"Feature","properties":{"county_nam":"LINCOLN","prec_id":"DENVER","precinct_norm":"LINCOLN - DENVER","name":"Denver","label":"Denver","seims_code":"DN29","seims_desc":"DENVER","source_vintage":"sbe_2006"},"geometry":{"type":"Point","coordinates":[-80.99028241835786,35.53442850048124]}},{"type":"Feature","properties":{"county_nam":"LINCOLN","prec_id":"DENVER WEST","precinct_norm":"LINCOLN - DENVER WEST","name":"Denver West","label":"Denver West","seims_code":"DW28","seims_desc":"DENVER WEST","source_vintage":"sbe_2006"},"geometry":{"type":"Point","coordinates":[-81.04719776243707,35.50341050095861]}},{"type":"Feature","properties":{"county_nam":"LINCOLN","prec_id":"HEAVNERS","precinct_norm":"LINCOLN - HEAVNERS","name":"Heavners","label":"Heavners","seims_code":"HV07","seims_desc":"HEAVNERS","source_vintage":"sbe_2006"},"geometry":{"type":"Point","coordinates":[-81.34630896604165,35.459629999044054]}},{"type":"Feature","properties":{"county_nam":"LINCOLN","prec_id":"HICKORY GROVE","precinct_norm":"LINCOLN - HICKORY GROVE","name":"Hickory Grove","label":"Hickory Grove","seims_code":"HG17","seims_desc":"HICKORY GROVE","source_vintage":"sbe_2006"},"geometry":{"type":"Point","coordinates":[-81.22592146639498,35.51917500020559]}},{"type":"Feature","properties":{"county_nam":"LINCOLN","prec_id":"IRON STATION","precinct_norm":"LINCOLN - IRON STATION","name":"Iron Station","label":"Iron Station","seims_code":"IS23","seims_desc":"IRON STATION","source_vintage":"sbe_2006"},"geometry":{"type":"Point","coordinates":[-81.13552326073226,35.46151049863292]}},{"type":"Feature","properties":{"county_nam":"LINCOLN","prec_id":"IRON STATION SOUTH","precinct_norm":"LINCOLN - IRON STATION SOUTH","name":"Iron Station South","label":"Iron Station South","seims_code":"IS20","seims_desc":"IRON STATION SOUTH","source_vintage":"sbe_2006"},"geometry":{"type":"Point","coordinates":[-81.13118868920431,35.429310500213205]}},{"type":"Feature","properties":{"county_nam":"LINCOLN","prec_id":"LINCOLNTON NORTH","precinct_norm":"LINCOLN - LINCOLNTON NORTH","name":"Lincolnton North","label":"Lincolnton North","seims_code":"LN11","seims_desc":"LINCOLNTON/NORTH","source_vintage":"sbe_2006"},"geometry":{"type":"Point","coordinates":[-81.25347154135756,35.4800920000003]}},{"type":"Feature","properties":{"county_nam":"LINCOLN","prec_id":"LINCOLNTON SOUTH","precinct_norm":"LINCOLN - LINCOLNTON SOUTH","name":"Lincolnton South","label":"Lincolnton South","seims_code":"LS12","seims_desc":"LINCOLNTON/SOUTH","source_vintage":"sbe_2006"},"geometry":{"type":"Point","coordinates":[-81.25353604323968,35.4614919981902]}},{"type":"Feature","properties":{"county_nam":"LINCOLN","prec_id":"LITHIA","precinct_norm":"LINCOLN - LITHIA","name":"Lithia","label":"Lithia","seims_code":"LI14","seims_desc":"LITHIA","source_vintage":"sbe_2006"},"geometry":{"type":"Point","coordinates":[-81.2280985333923,35.45611599997663]}},{"type":"Feature","properties":{"county_nam":"LINCOLN","prec_id":"LONG SHOALS","precinct_norm":"LINCOLN - LONG SHOALS","name":"Long Shoals","label":"Long Shoals","seims_code":"LS15","seims_desc":"LONG SHOALS","source_vintage":"sbe_2006"},"geometry":{"type":"Point","coordinates":[-81.23675717921539,35.43035549960122]}},{"type":"Feature","properties":{"county_nam":"LINCOLN","prec_id":"LOVE MEMORIAL","precinct_norm":"LINCOLN - LOVE MEMORIAL","name":"Love Memorial","label":"Love Memorial","seims_code":"LM16","seims_desc":"LOVE MEMORIAL","source_vintage":"sbe_2006"},"geometry":{"type":"Point","coordinates":[-81.27383972632022,35.44610350044658]}},{"type":"Feature","properties":{"county_nam":"LINCOLN","prec_id":"LOWESVILLE","precinct_norm":"LINCOLN - LOWESVILLE","name":"Lowesville","label":"Lowesville","seims_code":"LW31","seims_desc":"LOWESVILLE","source_vintage":"sbe_2006"},"geometry":{"type":"Point","coordinates":[-80.99118051623003,35.42726099949572]}},{"type":"Feature","properties":{"county_nam":"LINCOLN","prec_id":"LOWESVILLE WEST","precinct_norm":"LINCOLN - LOWESVILLE WEST","name":"Lowesville West","label":"Lowesville West","seims_code":"LW18","seims_desc":"LOWESVILLE WEST","source_vintage":"sbe_2006"},"geometry":{"type":"Point","coordinates":[-81.05679440617439,35.434096999829876]}},{"type":"Feature","properties":{"county_nam":"LINCOLN","prec_id":"NORTH BROOK III","precinct_norm":"LINCOLN - NORTH BROOK III","name":"North Brook III","label":"North Brook III","seims_code":"NB03","seims_desc":"NORTH BROOK III","source_vintage":"sbe_2006"},"geometry":{"type":"Point","coordinates":[-81.46231615348313,35.53871349970273]}},{"type":"Feature","properties":{"county_nam":"LINCOLN","prec_id":"OAK GROVE","precinct_norm":"LINCOLN - OAK GROVE","name":"Oak Grove","label":"Oak Grove","seims_code":"OG10","seims_desc":"OAK GROVE","source_vintage":"sbe_2006"},"geometry":{"type":"Point","coordinates":[-81.26593360750826,35.514528000565946]}},{"type":"Feature","properties":{"county_nam":"LINCOLN","prec_id":"ORE BANK","precinct_norm":"LINCOLN - ORE BANK","name":"Ore Bank","label":"Ore Bank","seims_code":"OB21","seims_desc":"ORE BANK","source_vintage":"sbe_2006"},"geometry":{"type":"Point","coordinates":[-81.13883794126804,35.50151649829108]}},{"type":"Feature","properties":{"county_nam":"LINCOLN","prec_id":"PUMPKIN CENTER","precinct_norm":"LINCOLN - PUMPKIN CENTER","name":"Pumpkin Center","label":"Pumpkin Center","seims_code":"PC22","seims_desc":"PUMPKIN CENTER","source_vintage":"sbe_2006"},"geometry":{"type":"Point","coordinates":[-81.1103729950333,35.52141499950207]}},{"type":"Feature","properties":{"county_nam":"LINCOLN","prec_id":"SALEM","precinct_norm":"LINCOLN - SALEM","name":"Salem","label":"Salem","seims_code":"SL24","seims_desc":"SALEM","source_vintage":"sbe_2006"},"geometry":{"type":"Point","coordinates":[-81.1988588177721,35.44437999991568]}},{"type":"Feature","properties":{"county_nam":"LINCOLN","prec_id":"TRIANGLE","precinct_norm":"LINCOLN - TRIANGLE","name":"Triangle","label":"Triangle","seims_code":"TR30","seims_desc":"TRIANGLE","source_vintage":"sbe_2006"},"geometry":{"type":"Point","coordinates":[-81.01298283588845,35.47182499983898]}},{"type":"Feature","properties":{"county_nam":"LINCOLN","prec_id":"TRIANGLE EAST","precinct_norm":"LINCOLN - TRIANGLE EAST","name":"Triangle East","label":"Triangle East","seims_code":"TE27","seims_desc":"TRIANGLE EAST","source_vintage":"sbe_2006"},"geometry":{"type":"Point","coordinates":[-80.97096281006236,35.4779549988873]}},{"type":"Feature","properties":{"county_nam":"LINCOLN","prec_id":"WESTPORT","precinct_norm":"LINCOLN - WESTPORT","name":"Westport","label":"Westport","seims_code":"WP32","seims_desc":"WESTPORT","source_vintage":"sbe_2006"},"geometry":{"type":"Point","coordinates":[-80.98791834860742,35.50398500009657]}},{"type":"Feature","properties":{"county_nam":"LINCOLN","prec_id":"NORTH BROOK","precinct_norm":"LINCOLN - NORTH BROOK","name":"North Brook","label":"North Brook","seims_code":"NB09","seims_desc":"NORTH BROOK","source_vintage":"sbe_2006"},"geometry":{"type":"Point","coordinates":[-81.44076878966807,35.477469499134386]}},{"type":"Feature","properties":{"county_nam":"MCDOWELL","prec_id":"CROOKED CREEK","precinct_norm":"MCDOWELL - CROOKED CREEK","name":"Crooked Creek","label":"Crooked Creek","seims_code":"CCREEK","seims_desc":"CROOKED CREEK","source_vintage":"sbe_2006"},"geometry":{"type":"Point","coordinates":[-82.17675442643181,35.57473749895784]}},{"type":"Feature","properties":{"county_nam":"MCDOWELL","prec_id":"DYSARTSVILLE","precinct_norm":"MCDOWELL - DYSARTSVILLE","name":"Dysartsville","label":"Dysartsville","seims_code":"DYSART","seims_desc":"DYSARTSVILLE","source_vintage":"sbe_2006"},"geometry":{"type":"Point","coordinates":[-81.88284637825305,35.61384899768416]}},{"type":"Feature","properties":{"county_nam":"MCDOWELL","prec_id":"GLENWOOD","precinct_norm":"MCDOWELL - GLENWOOD","name":"Glenwood","label":"Glenwood","seims_code":"GLENWD","seims_desc":"GLENWOOD","source_vintage":"sbe_2006"},"geometry":{"type":"Point","coordinates":[-81.96028947820646,35.58536900128567]}},{"type":"Feature","properties":{"county_nam":"MCDOWELL","prec_id":"HIGGINS","precinct_norm":"MCDOWELL - HIGGINS","name":"Higgins","label":"Higgins","seims_code":"HIGGIN","seims_desc":"HIGGINS","source_vintage":"sbe_2006"},"geometry":{"type":"Point","coordinates":[-81.93304306775681,35.649856998705935]}},{"type":"Feature","properties":{"county_nam":"MCDOWELL","prec_id":"MARION 1","precinct_norm":"MCDOWELL - MARION 1","name":"Marion 1","label":"Marion 1","seims_code":"MAR #1","seims_desc":"MARION #1","source_vintage":"sbe_2006"},"geometry":{"type":"Point","coordinates":[-82.01980445691845,35.72946900186325]}},{"type":"Feature","properties":{"county_nam":"MCDOWELL","prec_id":"MARION 2","precinct_norm":"MCDOWELL - MARION 2","name":"Marion 2","label":"Marion 2","seims_code":"MAR #2","seims_desc":"MARION #2","source_vintage":"sbe_2006"},"geometry":{"type":"Point","coordinates":[-81.99466102612824,35.66353150041068]}},{"type":"Feature","properties":{"county_nam":"MCDOWELL","prec_id":"MARION 3","precinct_norm":"MCDOWELL - MARION 3","name":"Marion 3","label":"Marion 3","seims_code":"MAR #3","seims_desc":"MARION #3","source_vintage":"sbe_2006"},"geometry":{"type":"Point","coordinates":[-81.97910712942958,35.72102649967911]}},{"type":"Feature","properties":{"county_nam":"MCDOWELL","prec_id":"MARION 4","precinct_norm":"MCDOWELL - MARION 4","name":"Marion 4","label":"Marion 4","seims_code":"MAR #4","seims_desc":"MARION #4","source_vintage":"sbe_2006"},"geometry":{"type":"Point","coordinates":[-81.97639065820424,35.67319400155361]}},{"type":"Feature","properties":{"county_nam":"MCDOWELL","prec_id":"MARION 5","precinct_norm":"MCDOWELL - MARION 5","name":"Marion 5","label":"Marion 5","seims_code":"MAR #5","seims_desc":"MARION #5","source_vintage":"sbe_2006"},"geometry":{"type":"Point","coordinates":[-82.02896917191224,35.68662749899758]}},{"type":"Feature","properties":{"county_nam":"MCDOWELL","prec_id":"MONTFORD COVE","precinct_norm":"MCDOWELL - MONTFORD COVE","name":"Montford Cove","label":"Montford Cove","seims_code":"M.COVE","seims_desc":"MONTFORD COVE","source_vintage":"sbe_2006"},"geometry":{"type":"Point","coordinates":[-82.04503919252218,35.57403450051456]}},{"type":"Feature","properties":{"county_nam":"MCDOWELL","prec_id":"NEBO","precinct_norm":"MCDOWELL - NEBO","name":"Nebo","label":"Nebo","seims_code":"NEBO","seims_desc":"NEBO","source_vintage":"sbe_2006"},"geometry":{"type":"Point","coordinates":[-81.93182156875696,35.73945150003002]}},{"type":"Feature","properties":{"county_nam":"MCDOWELL","prec_id":"NORTH COVE","precinct_norm":"MCDOWELL - NORTH COVE","name":"North Cove","label":"North Cove","seims_code":"N.COVE","seims_desc":"NORTH COVE","source_vintage":"sbe_2006"},"geometry":{"type":"Point","coordinates":[-81.95017123247617,35.878549499780746]}},{"type":"Feature","properties":{"county_nam":"MCDOWELL","prec_id":"OLD FORT 1","precinct_norm":"MCDOWELL - OLD FORT 1","name":"Old Fort 1","label":"Old Fort 1","seims_code":"FORT#1","seims_desc":"OLD FORT #1","source_vintage":"sbe_2006"},"geometry":{"type":"Point","coordinates":[-82.181737663263,35.678044000858655]}},{"type":"Feature","properties":{"county_nam":"MCDOWELL","prec_id":"OLD FORT 2","precinct_norm":"MCDOWELL - OLD FORT 2","name":"Old Fort 2","label":"Old Fort 2","seims_code":"FORT#2","seims_desc":"OLD FORT #2","source_vintage":"sbe_2006"},"geometry":{"type":"Point","coordinates":[-82.21690146449558,35.622823500519345]}},{"type":"Feature","properties":{"county_nam":"MCDOWELL","prec_id":"PLEASANT GARDENS","precinct_norm":"MCDOWELL - PLEASANT GARDENS","name":"Pleasant Gardens","label":"Pleasant Gardens","seims_code":"PLEASA","seims_desc":"PLEASANT GARDENS","source_vintage":"sbe_2006"},"geometry":{"type":"Point","coordinates":[-82.11972129657383,35.7304040001046]}},{"type":"Feature","properties":{"county_nam":"MCDOWELL","prec_id":"TURKEY COVE","precinct_norm":"MCDOWELL - TURKEY COVE","name":"Turkey Cove","label":"Turkey Cove","seims_code":"T.COVE","seims_desc":"TURKEY COVE #17","source_vintage":"sbe_2006"},"geometry":{"type":"Point","coordinates":[-82.08330904217334,35.80409899889467]}},{"type":"Feature","properties":{"county_nam":"MCDOWELL","prec_id":"WEST MARION","precinct_norm":"MCDOWELL - WEST MARION","name":"West Marion","label":"West Marion","seims_code":"WEST M","seims_desc":"WEST MARION #7","source_vintage":"sbe_2006"},"geometry":{"type":"Point","coordinates":[-82.05492933469554,35.64552700044469]}},{"type":"Feature","properties":{"county_nam":"MACON","prec_id":"BURNINGTOWN","precinct_norm":"MACON - BURNINGTOWN","name":"Burningtown","label":"Burningtown","seims_code":"14","seims_desc":"BURNINGTOWN","source_vintage":"sbe_2006"},"geometry":{"type":"Point","coordinates":[-83.50731253983383,35.24214349989772]}},{"type":"Feature","properties":{"county_nam":"MACON","prec_id":"CARTOOGECHAYE","precinct_norm":"MACON - CARTOOGECHAYE","name":"Cartoogechaye","label":"Cartoogechaye","seims_code":"12","seims_desc":"CARTOOGECHAYE","source_vintage":"sbe_2006"},"geometry":{"type":"Point","coordinates":[-83.5342564100622,35.11671550151372]}},{"type":"Feature","properties":{"county_nam":"MACON","prec_id":"COWEE","precinct_norm":"MACON - COWEE","name":"Cowee","label":"Cowee","seims_code":"15","seims_desc":"COWEE","source_vintage":"sbe_2006"},"geometry":{"type":"Point","coordinates":[-83.3919780328873,35.278682000959584]}},{"type":"Feature","properties":{"county_nam":"MACON","prec_id":"ELLIJAY","precinct_norm":"MACON - ELLIJAY","name":"Ellijay","label":"Ellijay","seims_code":"07","seims_desc":"ELLIJAY","source_vintage":"sbe_2006"},"geometry":{"type":"Point","coordinates":[-83.3106222713574,35.162849501216456]}},{"type":"Feature","properties":{"county_nam":"MACON","prec_id":"FLATS","precinct_norm":"MACON - FLATS","name":"Flats","label":"Flats","seims_code":"10","seims_desc":"FLATS","source_vintage":"sbe_2006"},"geometry":{"type":"Point","coordinates":[-83.31522529640387,35.02747899958655]}},{"type":"Feature","properties":{"county_nam":"MACON","prec_id":"FRANKLIN EAST","precinct_norm":"MACON - FRANKLIN EAST","name":"Franklin East","label":"Franklin East","seims_code":"03","seims_desc":"EAST FRANKLIN","source_vintage":"sbe_2006"},"geometry":{"type":"Point","coordinates":[-83.36373069199021,35.163663000449574]}},{"type":"Feature","properties":{"county_nam":"MACON","prec_id":"FRANKLIN NORTH","precinct_norm":"MACON - FRANKLIN NORTH","name":"Franklin North","label":"Franklin North","seims_code":"01","seims_desc":"NORTH FRANKLIN","source_vintage":"sbe_2006"},"geometry":{"type":"Point","coordinates":[-83.41453487506816,35.18820150094497]}},{"type":"Feature","properties":{"county_nam":"MACON","prec_id":"FRANKLIN SOUTH","precinct_norm":"MACON - FRANKLIN SOUTH","name":"Franklin South","label":"Franklin South","seims_code":"02","seims_desc":"SOUTH FRANKLIN","source_vintage":"sbe_2006"},"geometry":{"type":"Point","coordinates":[-83.39177362757309,35.1694630003866]}},{"type":"Feature","properties":{"county_nam":"MACON","prec_id":"HIGHLANDS","precinct_norm":"MACON - HIGHLANDS","name":"Highlands","label":"Highlands","seims_code":"09","seims_desc":"HIGHLANDS","source_vintage":"sbe_2006"},"geometry":{"type":"Point","coordinates":[-83.2274523679337,35.06589350041736]}},{"type":"Feature","properties":{"county_nam":"MACON","prec_id":"IOTLA","precinct_norm":"MACON - IOTLA","name":"Iotla","label":"Iotla","seims_code":"04","seims_desc":"IOTLA","source_vintage":"sbe_2006"},"geometry":{"type":"Point","coordinates":[-83.41662502351532,35.214791499511534]}},{"type":"Feature","properties":{"county_nam":"MACON","prec_id":"MILLSHOAL","precinct_norm":"MACON - MILLSHOAL","name":"Millshoal","label":"Millshoal","seims_code":"06","seims_desc":"MILLSHOAL","source_vintage":"sbe_2006"},"geometry":{"type":"Point","coordinates":[-83.29726034859071,35.22455300114126]}},{"type":"Feature","properties":{"county_nam":"MACON","prec_id":"NANTAHALA","precinct_norm":"MACON - NANTAHALA","name":"Nantahala","label":"Nantahala","seims_code":"13","seims_desc":"NANTAHALA","source_vintage":"sbe_2006"},"geometry":{"type":"Point","coordinates":[-83.6380427383489,35.21318299960749]}},{"type":"Feature","properties":{"county_nam":"MACON","prec_id":"SMITHBRIDGE","precinct_norm":"MACON - SMITHBRIDGE","name":"Smithbridge","label":"Smithbridge","seims_code":"11","seims_desc":"SMITHBRIDGE","source_vintage":"sbe_2006"},"geometry":{"type":"Point","coordinates":[-83.3998222415141,35.059236997248796]}},{"type":"Feature","properties":{"county_nam":"MACON","prec_id":"SUGARFORK","precinct_norm":"MACON - SUGARFORK","name":"Sugarfork","label":"Sugarfork","seims_code":"08","seims_desc":"SUGARFORK","source_vintage":"sbe_2006"},"geometry":{"type":"Point","coordinates":[-83.25407130985073,35.127873000153016]}},{"type":"Feature","properties":{"county_nam":"MACON","prec_id":"UNION","precinct_norm":"MACON - UNION","name":"Union","label":"Union","seims_code":"05","seims_desc":"UNION","source_vintage":"sbe_2006"},"geometry":{"type":"Point","coordinates":[-83.41639663272755,35.126848998726175]}},{"type":"Feature","properties":{"county_nam":"MADISON","prec_id":"BEECH GLEN","precinct_norm":"MADISON - BEECH GLEN","name":"Beech Glen","label":"Beech Glen","seims_code":"BEECH","seims_desc":"BEECH GLEN","source_vintage":"sbe_2006"},"geometry":{"type":"Point","coordinates":[-82.48053340236592,35.8503784989684]}},{"type":"Feature","properties":{"county_nam":"MADISON","prec_id":"EBBS CHAPEL","precinct_norm":"MADISON - EBBS CHAPEL","name":"Ebbs Chapel","label":"Ebbs Chapel","seims_code":"EBBS C","seims_desc":"EBBS CHAPEL","source_vintage":"sbe_2006"},"geometry":{"type":"Point","coordinates":[-82.56911116863797,35.931696998658175]}},{"type":"Feature","properties":{"county_nam":"MADISON","prec_id":"GRAPEVINE","precinct_norm":"MADISON - GRAPEVINE","name":"Grapevine","label":"Grapevine","seims_code":"GRAPEV","seims_desc":"GRAPEVINE","source_vintage":"sbe_2006"},"geometry":{"type":"Point","coordinates":[-82.60651836758419,35.856150497773584]}},{"type":"Feature","properties":{"county_nam":"MADISON","prec_id":"HOT SPRINGS","precinct_norm":"MADISON - HOT SPRINGS","name":"Hot Springs","label":"Hot Springs","seims_code":"HOT SP","seims_desc":"HOT SPRINGS","source_vintage":"sbe_2006"},"geometry":{"type":"Point","coordinates":[-82.83590651422843,35.89252450046053]}},{"type":"Feature","properties":{"county_nam":"MADISON","prec_id":"LAUREL","precinct_norm":"MADISON - LAUREL","name":"Laurel","label":"Laurel","seims_code":"LAUREL","seims_desc":"LAUREL","source_vintage":"sbe_2006"},"geometry":{"type":"Point","coordinates":[-82.69645190040248,35.9800670010297]}},{"type":"Feature","properties":{"county_nam":"MADISON","prec_id":"MARS HILL","precinct_norm":"MADISON - MARS HILL","name":"Mars Hill","label":"Mars Hill","seims_code":"MARS H","seims_desc":"MARS HILL","source_vintage":"sbe_2006"},"geometry":{"type":"Point","coordinates":[-82.57749243187413,35.81629700024571]}},{"type":"Feature","properties":{"county_nam":"MADISON","prec_id":"MARSHALL NORTH","precinct_norm":"MADISON - MARSHALL NORTH","name":"Marshall North","label":"Marshall North","seims_code":"NORTH","seims_desc":"NORTH MARSHALL","source_vintage":"sbe_2006"},"geometry":{"type":"Point","coordinates":[-82.65688827914096,35.81605249940286]}},{"type":"Feature","properties":{"county_nam":"MADISON","prec_id":"MARSHALL SOUTH","precinct_norm":"MADISON - MARSHALL SOUTH","name":"Marshall South","label":"Marshall South","seims_code":"SOUTH","seims_desc":"SOUTH MARSHALL","source_vintage":"sbe_2006"},"geometry":{"type":"Point","coordinates":[-82.72338174246715,35.772256997379074]}},{"type":"Feature","properties":{"county_nam":"MADISON","prec_id":"REVERE-RICE COVE","precinct_norm":"MADISON - REVERE-RICE COVE","name":"Revere-Rice Cove","label":"Revere-Rice Cove","seims_code":"REVERE","seims_desc":"REVERE-RICE COVE","source_vintage":"sbe_2006"},"geometry":{"type":"Point","coordinates":[-82.6933311992143,35.902361500256404]}},{"type":"Feature","properties":{"county_nam":"MADISON","prec_id":"SANDY MUSH","precinct_norm":"MADISON - SANDY MUSH","name":"Sandy Mush","label":"Sandy Mush","seims_code":"SANDY","seims_desc":"SANDY MUSH","source_vintage":"sbe_2006"},"geometry":{"type":"Point","coordinates":[-82.77929256872844,35.718876497674884]}},{"type":"Feature","properties":{"county_nam":"MADISON","prec_id":"SPRING CREEK","precinct_norm":"MADISON - SPRING CREEK","name":"Spring Creek","label":"Spring Creek","seims_code":"SPRING","seims_desc":"SPRING CREEK","source_vintage":"sbe_2006"},"geometry":{"type":"Point","coordinates":[-82.89580154564507,35.7676739987628]}},{"type":"Feature","properties":{"county_nam":"MADISON","prec_id":"WALNUT","precinct_norm":"MADISON - WALNUT","name":"Walnut","label":"Walnut","seims_code":"WALNUT","seims_desc":"WALNUT","source_vintage":"sbe_2006"},"geometry":{"type":"Point","coordinates":[-82.74728345739678,35.82958099836668]}},{"type":"Feature","properties":{"county_nam":"MARTIN","prec_id":"BEAR GRASS","precinct_norm":"MARTIN - BEAR GRASS","name":"Bear Grass","label":"Bear Grass","seims_code":"BG","seims_desc":"BEAR GRASS","source_vintage":"sbe_2006"},"geometry":{"type":"Point","coordinates":[-77.11251655044576,35.74878500033793]}},{"type":"Feature","properties":{"county_nam":"MARTIN","prec_id":"CROSS ROADS","precinct_norm":"MARTIN - CROSS ROADS","name":"Cross Roads","label":"Cross Roads","seims_code":"CR","seims_desc":"CROSS ROADS","source_vintage":"sbe_2006"},"geometry":{"type":"Point","coordinates":[-77.17258889937844,35.79290649978388]}},{"type":"Feature","properties":{"county_nam":"MARTIN","prec_id":"GOOSENEST","precinct_norm":"MARTIN - GOOSENEST","name":"Goosenest","label":"Goosenest","seims_code":"GN","seims_desc":"GOOSENEST","source_vintage":"sbe_2006"},"geometry":{"type":"Point","coordinates":[-77.3110056306233,35.99518999979949]}},{"type":"Feature","properties":{"county_nam":"MARTIN","prec_id":"GRIFFINS","precinct_norm":"MARTIN - GRIFFINS","name":"Griffins","label":"Griffins","seims_code":"GR","seims_desc":"GRIFFINS","source_vintage":"sbe_2006"},"geometry":{"type":"Point","coordinates":[-76.9814351682549,35.73023300060058]}},{"type":"Feature","properties":{"county_nam":"MARTIN","prec_id":"HAMILTON","precinct_norm":"MARTIN - HAMILTON","name":"Hamilton","label":"Hamilton","seims_code":"HM","seims_desc":"HAMILTON","source_vintage":"sbe_2006"},"geometry":{"type":"Point","coordinates":[-77.23086456587629,35.935928500135134]}},{"type":"Feature","properties":{"county_nam":"MARTIN","prec_id":"HASSELL","precinct_norm":"MARTIN - HASSELL","name":"Hassell","label":"Hassell","seims_code":"HS","seims_desc":"HASSELL","source_vintage":"sbe_2006"},"geometry":{"type":"Point","coordinates":[-77.28655291937274,35.896821498960136]}},{"type":"Feature","properties":{"county_nam":"MARTIN","prec_id":"JAMESVILLE","precinct_norm":"MARTIN - JAMESVILLE","name":"Jamesville","label":"Jamesville","seims_code":"J","seims_desc":"JAMESVILLE","source_vintage":"sbe_2006"},"geometry":{"type":"Point","coordinates":[-76.87247975683721,35.79630700002282]}},{"type":"Feature","properties":{"county_nam":"MARTIN","prec_id":"POPLAR POINT","precinct_norm":"MARTIN - POPLAR POINT","name":"Poplar Point","label":"Poplar Point","seims_code":"PP","seims_desc":"POPLAR POINT","source_vintage":"sbe_2006"},"geometry":{"type":"Point","coordinates":[-77.17223785950708,35.87872999753778]}},{"type":"Feature","properties":{"county_nam":"MARTIN","prec_id":"ROBERSONVILLE 1","precinct_norm":"MARTIN - ROBERSONVILLE 1","name":"Robersonville 1","label":"Robersonville 1","seims_code":"R1","seims_desc":"ROBERSONVILLE 1","source_vintage":"sbe_2006"},"geometry":{"type":"Point","coordinates":[-77.24352917252637,35.79409599766623]}},{"type":"Feature","properties":{"county_nam":"MARTIN","prec_id":"ROBERSONVILLE 2","precinct_norm":"MARTIN - ROBERSONVILLE 2","name":"Robersonville 2","label":"Robersonville 2","seims_code":"R2","seims_desc":"ROBERSONVILLE 2","source_vintage":"sbe_2006"},"geometry":{"type":"Point","coordinates":[-77.27520534764591,35.852114000019355]}},{"type":"Feature","properties":{"county_nam":"MARTIN","prec_id":"WILLIAMS","precinct_norm":"MARTIN - WILLIAMS","name":"Williams","label":"Williams","seims_code":"W","seims_desc":"WILLIAMS","source_vintage":"sbe_2006"},"geometry":{"type":"Point","coordinates":[-76.98732556300236,35.83268299986123]}},{"type":"Feature","properties":{"county_nam":"MARTIN","prec_id":"WILLIAMSTON 1","precinct_norm":"MARTIN - WILLIAMSTON 1","name":"Williamston 1","label":"Williamston 1","seims_code":"W1","seims_desc":"WILLIAMSTON 1","source_vintage":"sbe_2006"},"geometry":{"type":"Point","coordinates":[-77.09127416686292,35.82334949856848]}},{"type":"Feature","properties":{"county_nam":"MARTIN","prec_id":"WILLIAMSTON 2","precinct_norm":"MARTIN - WILLIAMSTON 2","name":"Williamston 2","label":"Williamston 2","seims_code":"W2","seims_desc":"WILLIAMSTON 2","source_vintage":"sbe_2006"},"geometry":{"type":"Point","coordinates":[-77.08793487911618,35.875374999364865]}},{"type":"Feature","properties":{"county_nam":"MECKLENBURG","prec_id":"001","precinct_norm":"MECKLENBURG - 001","name":"001","label":"001","seims_code":"001","seims_desc":"PCT 1","source_vintage":"sbe_2006"},"geometry":{"type":"Point","coordinates":[-80.82895500115956,35.202143001241346]}},{"type":"Feature","properties":{"county_nam":"MECKLENBURG","prec_id":"002","precinct_norm":"MECKLENBURG - 002","name":"002","label":"002","seims_code":"002","seims_desc":"PCT 2","source_vintage":"sbe_2006"},"geometry":{"type":"Point","coordinates":[-80.81745181314105,35.20959649997906]}},{"type":"Feature","properties":{"county_nam":"MECKLENBURG","prec_id":"003","precinct_norm":"MECKLENBURG - 003","name":"003","label":"003","seims_code":"003","seims_desc":"PCT 3","source_vintage":"sbe_2006"},"geometry":{"type":"Point","coordinates":[-80.75100974955089,35.24154300017959]}},{"type":"Feature","properties":{"county_nam":"MECKLENBURG","prec_id":"004","precinct_norm":"MECKLENBURG - 004","name":"004","label":"004","seims_code":"004","seims_desc":"PCT 4","source_vintage":"sbe_2006"},"geometry":{"type":"Point","coordinates":[-80.72296903063885,35.237519000781724]}},{"type":"Feature","properties":{"county_nam":"MECKLENBURG","prec_id":"005","precinct_norm":"MECKLENBURG - 005","name":"005","label":"005","seims_code":"005","seims_desc":"PCT 5","source_vintage":"sbe_2006"},"geometry":{"type":"Point","coordinates":[-80.77291077604548,35.223433999847146]}},{"type":"Feature","properties":{"county_nam":"MECKLENBURG","prec_id":"006","precinct_norm":"MECKLENBURG - 006","name":"006","label":"006","seims_code":"006","seims_desc":"PCT 6","source_vintage":"sbe_2006"},"geometry":{"type":"Point","coordinates":[-80.75245920495574,35.20037599978862]}},{"type":"Feature","properties":{"county_nam":"MECKLENBURG","prec_id":"007","precinct_norm":"MECKLENBURG - 007","name":"007","label":"007","seims_code":"007","seims_desc":"PCT 7","source_vintage":"sbe_2006"},"geometry":{"type":"Point","coordinates":[-80.78644615400563,35.18559400059993]}},{"type":"Feature","properties":{"county_nam":"MECKLENBURG","prec_id":"008","precinct_norm":"MECKLENBURG - 008","name":"008","label":"008","seims_code":"008","seims_desc":"PCT 8","source_vintage":"sbe_2006"},"geometry":{"type":"Point","coordinates":[-80.83367730734494,35.192184000867094]}},{"type":"Feature","properties":{"county_nam":"MECKLENBURG","prec_id":"009","precinct_norm":"MECKLENBURG - 009","name":"009","label":"009","seims_code":"009","seims_desc":"PCT 9","source_vintage":"sbe_2006"},"geometry":{"type":"Point","coordinates":[-80.84373687574995,35.20699200010651]}},{"type":"Feature","properties":{"county_nam":"MECKLENBURG","prec_id":"010","precinct_norm":"MECKLENBURG - 010","name":"010","label":"010","seims_code":"010","seims_desc":"PCT 10","source_vintage":"sbe_2006"},"geometry":{"type":"Point","coordinates":[-80.85567034168724,35.20384299873427]}},{"type":"Feature","properties":{"county_nam":"MECKLENBURG","prec_id":"011","precinct_norm":"MECKLENBURG - 011","name":"011","label":"011","seims_code":"011","seims_desc":"PCT 11","source_vintage":"sbe_2006"},"geometry":{"type":"Point","coordinates":[-80.85147729422036,35.23124199976262]}},{"type":"Feature","properties":{"county_nam":"MECKLENBURG","prec_id":"012","precinct_norm":"MECKLENBURG - 012","name":"012","label":"012","seims_code":"012","seims_desc":"PCT 12","source_vintage":"sbe_2006"},"geometry":{"type":"Point","coordinates":[-80.86334546223964,35.24499099944467]}},{"type":"Feature","properties":{"county_nam":"MECKLENBURG","prec_id":"013","precinct_norm":"MECKLENBURG - 013","name":"013","label":"013","seims_code":"013","seims_desc":"PCT 13","source_vintage":"sbe_2006"},"geometry":{"type":"Point","coordinates":[-80.83542425027417,35.22534199965053]}},{"type":"Feature","properties":{"county_nam":"MECKLENBURG","prec_id":"014","precinct_norm":"MECKLENBURG - 014","name":"014","label":"014","seims_code":"014","seims_desc":"PCT 14","source_vintage":"sbe_2006"},"geometry":{"type":"Point","coordinates":[-80.81321821298349,35.23484200048364]}},{"type":"Feature","properties":{"county_nam":"MECKLENBURG","prec_id":"015","precinct_norm":"MECKLENBURG - 015","name":"015","label":"015","seims_code":"015","seims_desc":"PCT 15","source_vintage":"sbe_2006"},"geometry":{"type":"Point","coordinates":[-80.8091923996265,35.22279250012306]}},{"type":"Feature","properties":{"county_nam":"MECKLENBURG","prec_id":"016","precinct_norm":"MECKLENBURG - 016","name":"016","label":"016","seims_code":"016","seims_desc":"PCT 16","source_vintage":"sbe_2006"},"geometry":{"type":"Point","coordinates":[-80.86200380924838,35.2809599998442]}},{"type":"Feature","properties":{"county_nam":"MECKLENBURG","prec_id":"017","precinct_norm":"MECKLENBURG - 017","name":"017","label":"017","seims_code":"017","seims_desc":"PCT 17","source_vintage":"sbe_2006"},"geometry":{"type":"Point","coordinates":[-80.80025499893176,35.19869300093694]}},{"type":"Feature","properties":{"county_nam":"MECKLENBURG","prec_id":"018","precinct_norm":"MECKLENBURG - 018","name":"018","label":"018","seims_code":"018","seims_desc":"PCT 18","source_vintage":"sbe_2006"},"geometry":{"type":"Point","coordinates":[-80.81960619187467,35.192907001806134]}},{"type":"Feature","properties":{"county_nam":"MECKLENBURG","prec_id":"019","precinct_norm":"MECKLENBURG - 019","name":"019","label":"019","seims_code":"019","seims_desc":"PCT 19","source_vintage":"sbe_2006"},"geometry":{"type":"Point","coordinates":[-80.82758413151315,35.16885849936166]}},{"type":"Feature","properties":{"county_nam":"MECKLENBURG","prec_id":"020","precinct_norm":"MECKLENBURG - 020","name":"020","label":"020","seims_code":"020","seims_desc":"PCT 20","source_vintage":"sbe_2006"},"geometry":{"type":"Point","coordinates":[-80.84668113081784,35.19014049961491]}},{"type":"Feature","properties":{"county_nam":"MECKLENBURG","prec_id":"021","precinct_norm":"MECKLENBURG - 021","name":"021","label":"021","seims_code":"021","seims_desc":"PCT 21","source_vintage":"sbe_2006"},"geometry":{"type":"Point","coordinates":[-80.861907435931,35.19434100021003]}},{"type":"Feature","properties":{"county_nam":"MECKLENBURG","prec_id":"022","precinct_norm":"MECKLENBURG - 022","name":"022","label":"022","seims_code":"022","seims_desc":"PCT 22","source_vintage":"sbe_2006"},"geometry":{"type":"Point","coordinates":[-80.8676797052864,35.20949199950818]}},{"type":"Feature","properties":{"county_nam":"MECKLENBURG","prec_id":"023","precinct_norm":"MECKLENBURG - 023","name":"023","label":"023","seims_code":"023","seims_desc":"PCT 23","source_vintage":"sbe_2006"},"geometry":{"type":"Point","coordinates":[-80.88860685724765,35.23554099952098]}},{"type":"Feature","properties":{"county_nam":"MECKLENBURG","prec_id":"024","precinct_norm":"MECKLENBURG - 024","name":"024","label":"024","seims_code":"024","seims_desc":"PCT 24","source_vintage":"sbe_2006"},"geometry":{"type":"Point","coordinates":[-80.88125734016076,35.24339099965222]}},{"type":"Feature","properties":{"county_nam":"MECKLENBURG","prec_id":"025","precinct_norm":"MECKLENBURG - 025","name":"025","label":"025","seims_code":"025","seims_desc":"PCT 25","source_vintage":"sbe_2006"},"geometry":{"type":"Point","coordinates":[-80.86176299882706,35.26024099949677]}},{"type":"Feature","properties":{"county_nam":"MECKLENBURG","prec_id":"026","precinct_norm":"MECKLENBURG - 026","name":"026","label":"026","seims_code":"026","seims_desc":"PCT 26","source_vintage":"sbe_2006"},"geometry":{"type":"Point","coordinates":[-80.80956742359086,35.28711900135136]}},{"type":"Feature","properties":{"county_nam":"MECKLENBURG","prec_id":"027","precinct_norm":"MECKLENBURG - 027","name":"027","label":"027","seims_code":"027","seims_desc":"PCT 27","source_vintage":"sbe_2006"},"geometry":{"type":"Point","coordinates":[-80.80985000988233,35.256892003349535]}},{"type":"Feature","properties":{"county_nam":"MECKLENBURG","prec_id":"028","precinct_norm":"MECKLENBURG - 028","name":"028","label":"028","seims_code":"028","seims_desc":"PCT 28","source_vintage":"sbe_2006"},"geometry":{"type":"Point","coordinates":[-80.78498977761839,35.2477990006237]}},{"type":"Feature","properties":{"county_nam":"MECKLENBURG","prec_id":"029","precinct_norm":"MECKLENBURG - 029","name":"029","label":"029","seims_code":"029","seims_desc":"PCT 29","source_vintage":"sbe_2006"},"geometry":{"type":"Point","coordinates":[-80.7846870480621,35.224710998419354]}},{"type":"Feature","properties":{"county_nam":"MECKLENBURG","prec_id":"030","precinct_norm":"MECKLENBURG - 030","name":"030","label":"030","seims_code":"030","seims_desc":"PCT 30","source_vintage":"sbe_2006"},"geometry":{"type":"Point","coordinates":[-80.80180653142875,35.2477990006237]}},{"type":"Feature","properties":{"county_nam":"MECKLENBURG","prec_id":"031","precinct_norm":"MECKLENBURG - 031","name":"031","label":"031","seims_code":"031","seims_desc":"PCT 31","source_vintage":"sbe_2006"},"geometry":{"type":"Point","coordinates":[-80.88947677750497,35.21434200044382]}},{"type":"Feature","properties":{"county_nam":"MECKLENBURG","prec_id":"032","precinct_norm":"MECKLENBURG - 032","name":"032","label":"032","seims_code":"032","seims_desc":"PCT 32","source_vintage":"sbe_2006"},"geometry":{"type":"Point","coordinates":[-80.8281181731768,35.184492999532694]}},{"type":"Feature","properties":{"county_nam":"MECKLENBURG","prec_id":"033","precinct_norm":"MECKLENBURG - 033","name":"033","label":"033","seims_code":"033","seims_desc":"PCT 33","source_vintage":"sbe_2006"},"geometry":{"type":"Point","coordinates":[-80.77085202192657,35.2071674969171]}},{"type":"Feature","properties":{"county_nam":"MECKLENBURG","prec_id":"034","precinct_norm":"MECKLENBURG - 034","name":"034","label":"034","seims_code":"034","seims_desc":"PCT 34","source_vintage":"sbe_2006"},"geometry":{"type":"Point","coordinates":[-80.77266416847166,35.18974399907137]}},{"type":"Feature","properties":{"county_nam":"MECKLENBURG","prec_id":"035","precinct_norm":"MECKLENBURG - 035","name":"035","label":"035","seims_code":"035","seims_desc":"PCT 35","source_vintage":"sbe_2006"},"geometry":{"type":"Point","coordinates":[-80.79973506290445,35.18361549882955]}},{"type":"Feature","properties":{"county_nam":"MECKLENBURG","prec_id":"036","precinct_norm":"MECKLENBURG - 036","name":"036","label":"036","seims_code":"036","seims_desc":"PCT 36","source_vintage":"sbe_2006"},"geometry":{"type":"Point","coordinates":[-80.78850535699864,35.16584400034393]}},{"type":"Feature","properties":{"county_nam":"MECKLENBURG","prec_id":"037","precinct_norm":"MECKLENBURG - 037","name":"037","label":"037","seims_code":"037","seims_desc":"PCT 37","source_vintage":"sbe_2006"},"geometry":{"type":"Point","coordinates":[-80.86344399931912,35.17024300081218]}},{"type":"Feature","properties":{"county_nam":"MECKLENBURG","prec_id":"038","precinct_norm":"MECKLENBURG - 038","name":"038","label":"038","seims_code":"038","seims_desc":"PCT 38","source_vintage":"sbe_2006"},"geometry":{"type":"Point","coordinates":[-80.87006226010435,35.180535999882906]}},{"type":"Feature","properties":{"county_nam":"MECKLENBURG","prec_id":"039","precinct_norm":"MECKLENBURG - 039","name":"039","label":"039","seims_code":"039","seims_desc":"PCT 39","source_vintage":"sbe_2006"},"geometry":{"type":"Point","coordinates":[-80.9332241236416,35.21064149937452]}},{"type":"Feature","properties":{"county_nam":"MECKLENBURG","prec_id":"040","precinct_norm":"MECKLENBURG - 040","name":"040","label":"040","seims_code":"040","seims_desc":"PCT 40","source_vintage":"sbe_2006"},"geometry":{"type":"Point","coordinates":[-80.89597625939132,35.26127849888758]}},{"type":"Feature","properties":{"county_nam":"MECKLENBURG","prec_id":"041","precinct_norm":"MECKLENBURG - 041","name":"041","label":"041","seims_code":"041","seims_desc":"PCT 41","source_vintage":"sbe_2006"},"geometry":{"type":"Point","coordinates":[-80.88080318680394,35.267334000800986]}},{"type":"Feature","properties":{"county_nam":"MECKLENBURG","prec_id":"042","precinct_norm":"MECKLENBURG - 042","name":"042","label":"042","seims_code":"042","seims_desc":"PCT 42","source_vintage":"sbe_2006"},"geometry":{"type":"Point","coordinates":[-80.78726135086112,35.26849199863202]}},{"type":"Feature","properties":{"county_nam":"MECKLENBURG","prec_id":"043","precinct_norm":"MECKLENBURG - 043","name":"043","label":"043","seims_code":"043","seims_desc":"PCT 43","source_vintage":"sbe_2006"},"geometry":{"type":"Point","coordinates":[-80.77043083956028,35.2425925002843]}},{"type":"Feature","properties":{"county_nam":"MECKLENBURG","prec_id":"044","precinct_norm":"MECKLENBURG - 044","name":"044","label":"044","seims_code":"044","seims_desc":"PCT 44","source_vintage":"sbe_2006"},"geometry":{"type":"Point","coordinates":[-80.7916100722496,35.22999300132538]}},{"type":"Feature","properties":{"county_nam":"MECKLENBURG","prec_id":"045","precinct_norm":"MECKLENBURG - 045","name":"045","label":"045","seims_code":"045","seims_desc":"PCT 45","source_vintage":"sbe_2006"},"geometry":{"type":"Point","coordinates":[-80.76213143282236,35.21809299872797]}},{"type":"Feature","properties":{"county_nam":"MECKLENBURG","prec_id":"046","precinct_norm":"MECKLENBURG - 046","name":"046","label":"046","seims_code":"046","seims_desc":"PCT 46","source_vintage":"sbe_2006"},"geometry":{"type":"Point","coordinates":[-80.79146434170019,35.21060249834854]}},{"type":"Feature","properties":{"county_nam":"MECKLENBURG","prec_id":"047","precinct_norm":"MECKLENBURG - 047","name":"047","label":"047","seims_code":"047","seims_desc":"PCT 47","source_vintage":"sbe_2006"},"geometry":{"type":"Point","coordinates":[-80.81310986636291,35.183565499577284]}},{"type":"Feature","properties":{"county_nam":"MECKLENBURG","prec_id":"048","precinct_norm":"MECKLENBURG - 048","name":"048","label":"048","seims_code":"048","seims_desc":"PCT 48","source_vintage":"sbe_2006"},"geometry":{"type":"Point","coordinates":[-80.81252905184039,35.16644399937309]}},{"type":"Feature","properties":{"county_nam":"MECKLENBURG","prec_id":"049","precinct_norm":"MECKLENBURG - 049","name":"049","label":"049","seims_code":"049","seims_desc":"PCT 49","source_vintage":"sbe_2006"},"geometry":{"type":"Point","coordinates":[-80.84610612324138,35.17024300081218]}},{"type":"Feature","properties":{"county_nam":"MECKLENBURG","prec_id":"050","precinct_norm":"MECKLENBURG - 050","name":"050","label":"050","seims_code":"050","seims_desc":"PCT 50","source_vintage":"sbe_2006"},"geometry":{"type":"Point","coordinates":[-80.86362000226286,35.15923149930709]}},{"type":"Feature","properties":{"county_nam":"MECKLENBURG","prec_id":"051","precinct_norm":"MECKLENBURG - 051","name":"051","label":"051","seims_code":"051","seims_desc":"PCT 51","source_vintage":"sbe_2006"},"geometry":{"type":"Point","coordinates":[-80.86014189711649,35.18391899947028]}},{"type":"Feature","properties":{"county_nam":"MECKLENBURG","prec_id":"052","precinct_norm":"MECKLENBURG - 052","name":"052","label":"052","seims_code":"052","seims_desc":"PCT 52","source_vintage":"sbe_2006"},"geometry":{"type":"Point","coordinates":[-80.89108094665079,35.192214998523085]}},{"type":"Feature","properties":{"county_nam":"MECKLENBURG","prec_id":"053","precinct_norm":"MECKLENBURG - 053","name":"053","label":"053","seims_code":"053","seims_desc":"PCT 53","source_vintage":"sbe_2006"},"geometry":{"type":"Point","coordinates":[-80.92262092786757,35.235740998195894]}},{"type":"Feature","properties":{"county_nam":"MECKLENBURG","prec_id":"054","precinct_norm":"MECKLENBURG - 054","name":"054","label":"054","seims_code":"054","seims_desc":"PCT 54","source_vintage":"sbe_2006"},"geometry":{"type":"Point","coordinates":[-80.8426640845125,35.249041999394294]}},{"type":"Feature","properties":{"county_nam":"MECKLENBURG","prec_id":"055","precinct_norm":"MECKLENBURG - 055","name":"055","label":"055","seims_code":"055","seims_desc":"PCT 55","source_vintage":"sbe_2006"},"geometry":{"type":"Point","coordinates":[-80.8482924946984,35.26477449972491]}},{"type":"Feature","properties":{"county_nam":"MECKLENBURG","prec_id":"056","precinct_norm":"MECKLENBURG - 056","name":"056","label":"056","seims_code":"056","seims_desc":"PCT 56","source_vintage":"sbe_2006"},"geometry":{"type":"Point","coordinates":[-80.82923744436312,35.26269100031783]}},{"type":"Feature","properties":{"county_nam":"MECKLENBURG","prec_id":"057","precinct_norm":"MECKLENBURG - 057","name":"057","label":"057","seims_code":"057","seims_desc":"PCT 57","source_vintage":"sbe_2006"},"geometry":{"type":"Point","coordinates":[-80.84271180129184,35.14722700315369]}},{"type":"Feature","properties":{"county_nam":"MECKLENBURG","prec_id":"058","precinct_norm":"MECKLENBURG - 058","name":"058","label":"058","seims_code":"058","seims_desc":"PCT 58","source_vintage":"sbe_2006"},"geometry":{"type":"Point","coordinates":[-80.869791400395,35.138035500071396]}},{"type":"Feature","properties":{"county_nam":"MECKLENBURG","prec_id":"059","precinct_norm":"MECKLENBURG - 059","name":"059","label":"059","seims_code":"059","seims_desc":"PCT 59","source_vintage":"sbe_2006"},"geometry":{"type":"Point","coordinates":[-80.8669739993108,35.14974400011289]}},{"type":"Feature","properties":{"county_nam":"MECKLENBURG","prec_id":"060","precinct_norm":"MECKLENBURG - 060","name":"060","label":"060","seims_code":"060","seims_desc":"PCT 60","source_vintage":"sbe_2006"},"geometry":{"type":"Point","coordinates":[-80.76158916878022,35.26034249920326]}},{"type":"Feature","properties":{"county_nam":"MECKLENBURG","prec_id":"061","precinct_norm":"MECKLENBURG - 061","name":"061","label":"061","seims_code":"061","seims_desc":"PCT 61","source_vintage":"sbe_2006"},"geometry":{"type":"Point","coordinates":[-80.75732824972589,35.22863099970591]}},{"type":"Feature","properties":{"county_nam":"MECKLENBURG","prec_id":"062","precinct_norm":"MECKLENBURG - 062","name":"062","label":"062","seims_code":"062","seims_desc":"PCT 62","source_vintage":"sbe_2006"},"geometry":{"type":"Point","coordinates":[-80.73431032066327,35.194399999630434]}},{"type":"Feature","properties":{"county_nam":"MECKLENBURG","prec_id":"063","precinct_norm":"MECKLENBURG - 063","name":"063","label":"063","seims_code":"063","seims_desc":"PCT 63","source_vintage":"sbe_2006"},"geometry":{"type":"Point","coordinates":[-80.74321411490828,35.17735849981054]}},{"type":"Feature","properties":{"county_nam":"MECKLENBURG","prec_id":"064","precinct_norm":"MECKLENBURG - 064","name":"064","label":"064","seims_code":"064","seims_desc":"PCT 64","source_vintage":"sbe_2006"},"geometry":{"type":"Point","coordinates":[-80.76172384343627,35.17494399925841]}},{"type":"Feature","properties":{"county_nam":"MECKLENBURG","prec_id":"065","precinct_norm":"MECKLENBURG - 065","name":"065","label":"065","seims_code":"065","seims_desc":"PCT 65","source_vintage":"sbe_2006"},"geometry":{"type":"Point","coordinates":[-80.76849588695103,35.15545200104414]}},{"type":"Feature","properties":{"county_nam":"MECKLENBURG","prec_id":"066","precinct_norm":"MECKLENBURG - 066","name":"066","label":"066","seims_code":"066","seims_desc":"PCT 66","source_vintage":"sbe_2006"},"geometry":{"type":"Point","coordinates":[-80.77940550419815,35.173985499903836]}},{"type":"Feature","properties":{"county_nam":"MECKLENBURG","prec_id":"067","precinct_norm":"MECKLENBURG - 067","name":"067","label":"067","seims_code":"067","seims_desc":"PCT 67","source_vintage":"sbe_2006"},"geometry":{"type":"Point","coordinates":[-80.78410636491309,35.15099549844659]}},{"type":"Feature","properties":{"county_nam":"MECKLENBURG","prec_id":"068","precinct_norm":"MECKLENBURG - 068","name":"068","label":"068","seims_code":"068","seims_desc":"PCT 68","source_vintage":"sbe_2006"},"geometry":{"type":"Point","coordinates":[-80.77729452876477,35.14074500066943]}},{"type":"Feature","properties":{"county_nam":"MECKLENBURG","prec_id":"069","precinct_norm":"MECKLENBURG - 069","name":"069","label":"069","seims_code":"069","seims_desc":"PCT 69","source_vintage":"sbe_2006"},"geometry":{"type":"Point","coordinates":[-80.81017004079145,35.10618200017899]}},{"type":"Feature","properties":{"county_nam":"MECKLENBURG","prec_id":"070","precinct_norm":"MECKLENBURG - 070","name":"070","label":"070","seims_code":"070","seims_desc":"PCT 70","source_vintage":"sbe_2006"},"geometry":{"type":"Point","coordinates":[-80.79801624992145,35.13449199954847]}},{"type":"Feature","properties":{"county_nam":"MECKLENBURG","prec_id":"071","precinct_norm":"MECKLENBURG - 071","name":"071","label":"071","seims_code":"071","seims_desc":"PCT 71","source_vintage":"sbe_2006"},"geometry":{"type":"Point","coordinates":[-80.81724559991753,35.154494000699586]}},{"type":"Feature","properties":{"county_nam":"MECKLENBURG","prec_id":"072","precinct_norm":"MECKLENBURG - 072","name":"072","label":"072","seims_code":"072","seims_desc":"PCT 72","source_vintage":"sbe_2006"},"geometry":{"type":"Point","coordinates":[-80.8104422798784,35.140426499443386]}},{"type":"Feature","properties":{"county_nam":"MECKLENBURG","prec_id":"073","precinct_norm":"MECKLENBURG - 073","name":"073","label":"073","seims_code":"073","seims_desc":"PCT 73","source_vintage":"sbe_2006"},"geometry":{"type":"Point","coordinates":[-80.82915077377378,35.12634849977884]}},{"type":"Feature","properties":{"county_nam":"MECKLENBURG","prec_id":"074","precinct_norm":"MECKLENBURG - 074","name":"074","label":"074","seims_code":"074","seims_desc":"PCT 74","source_vintage":"sbe_2006"},"geometry":{"type":"Point","coordinates":[-80.82994070296931,35.15867999879272]}},{"type":"Feature","properties":{"county_nam":"MECKLENBURG","prec_id":"075","precinct_norm":"MECKLENBURG - 075","name":"075","label":"075","seims_code":"075","seims_desc":"PCT 75","source_vintage":"sbe_2006"},"geometry":{"type":"Point","coordinates":[-80.8455759806908,35.12955100116109]}},{"type":"Feature","properties":{"county_nam":"MECKLENBURG","prec_id":"076","precinct_norm":"MECKLENBURG - 076","name":"076","label":"076","seims_code":"076","seims_desc":"PCT 76","source_vintage":"sbe_2006"},"geometry":{"type":"Point","coordinates":[-80.85929951544719,35.1325320004865]}},{"type":"Feature","properties":{"county_nam":"MECKLENBURG","prec_id":"078.1","precinct_norm":"MECKLENBURG - 078.1","name":"078.1","label":"078.1","seims_code":"078.1","seims_desc":"PCT 78","source_vintage":"sbe_2006"},"geometry":{"type":"Point","coordinates":[-80.90804011753896,35.179134499742815]}},{"type":"Feature","properties":{"county_nam":"MECKLENBURG","prec_id":"147","precinct_norm":"MECKLENBURG - 147","name":"147","label":"147","seims_code":"147","seims_desc":"PCT 147","source_vintage":"sbe_2006"},"geometry":{"type":"Point","coordinates":[-80.9086072641768,35.15330599974257]}},{"type":"Feature","properties":{"county_nam":"MECKLENBURG","prec_id":"079","precinct_norm":"MECKLENBURG - 079","name":"079","label":"079","seims_code":"079","seims_desc":"PCT 79","source_vintage":"sbe_2006"},"geometry":{"type":"Point","coordinates":[-80.94956629544373,35.24815400015875]}},{"type":"Feature","properties":{"county_nam":"MECKLENBURG","prec_id":"080","precinct_norm":"MECKLENBURG - 080","name":"080","label":"080","seims_code":"080","seims_desc":"PCT 80","source_vintage":"sbe_2006"},"geometry":{"type":"Point","coordinates":[-80.94890654187031,35.27296099993234]}},{"type":"Feature","properties":{"county_nam":"MECKLENBURG","prec_id":"081","precinct_norm":"MECKLENBURG - 081","name":"081","label":"081","seims_code":"081","seims_desc":"PCT 81","source_vintage":"sbe_2006"},"geometry":{"type":"Point","coordinates":[-80.92288299577056,35.26363999892344]}},{"type":"Feature","properties":{"county_nam":"MECKLENBURG","prec_id":"082","precinct_norm":"MECKLENBURG - 082","name":"082","label":"082","seims_code":"082","seims_desc":"PCT 82","source_vintage":"sbe_2006"},"geometry":{"type":"Point","coordinates":[-80.77225277250409,35.27161449988224]}},{"type":"Feature","properties":{"county_nam":"MECKLENBURG","prec_id":"083","precinct_norm":"MECKLENBURG - 083","name":"083","label":"083","seims_code":"083","seims_desc":"PCT 83","source_vintage":"sbe_2006"},"geometry":{"type":"Point","coordinates":[-80.70497195278745,35.202248499378214]}},{"type":"Feature","properties":{"county_nam":"MECKLENBURG","prec_id":"084","precinct_norm":"MECKLENBURG - 084","name":"084","label":"084","seims_code":"084","seims_desc":"PCT 84","source_vintage":"sbe_2006"},"geometry":{"type":"Point","coordinates":[-80.74625233708676,35.21369699930507]}},{"type":"Feature","properties":{"county_nam":"MECKLENBURG","prec_id":"085","precinct_norm":"MECKLENBURG - 085","name":"085","label":"085","seims_code":"085","seims_desc":"PCT 85","source_vintage":"sbe_2006"},"geometry":{"type":"Point","coordinates":[-80.75856579025987,35.147245998937436]}},{"type":"Feature","properties":{"county_nam":"MECKLENBURG","prec_id":"086","precinct_norm":"MECKLENBURG - 086","name":"086","label":"086","seims_code":"086","seims_desc":"PCT 86","source_vintage":"sbe_2006"},"geometry":{"type":"Point","coordinates":[-80.81192618233764,35.11909849949204]}},{"type":"Feature","properties":{"county_nam":"MECKLENBURG","prec_id":"087","precinct_norm":"MECKLENBURG - 087","name":"087","label":"087","seims_code":"087","seims_desc":"PCT 87","source_vintage":"sbe_2006"},"geometry":{"type":"Point","coordinates":[-80.86716541640624,35.07524199908168]}},{"type":"Feature","properties":{"county_nam":"MECKLENBURG","prec_id":"088","precinct_norm":"MECKLENBURG - 088","name":"088","label":"088","seims_code":"088","seims_desc":"PCT 88","source_vintage":"sbe_2006"},"geometry":{"type":"Point","coordinates":[-80.85050486581792,35.07410599952057]}},{"type":"Feature","properties":{"county_nam":"MECKLENBURG","prec_id":"089","precinct_norm":"MECKLENBURG - 089","name":"089","label":"089","seims_code":"089","seims_desc":"PCT 89","source_vintage":"sbe_2006"},"geometry":{"type":"Point","coordinates":[-80.95064834655582,35.29806699993494]}},{"type":"Feature","properties":{"county_nam":"MECKLENBURG","prec_id":"090","precinct_norm":"MECKLENBURG - 090","name":"090","label":"090","seims_code":"090","seims_desc":"PCT 90","source_vintage":"sbe_2006"},"geometry":{"type":"Point","coordinates":[-80.78207826185789,35.08778599830694]}},{"type":"Feature","properties":{"county_nam":"MECKLENBURG","prec_id":"091","precinct_norm":"MECKLENBURG - 091","name":"091","label":"091","seims_code":"091","seims_desc":"PCT 91","source_vintage":"sbe_2006"},"geometry":{"type":"Point","coordinates":[-80.7556488011688,35.0937860003079]}},{"type":"Feature","properties":{"county_nam":"MECKLENBURG","prec_id":"092","precinct_norm":"MECKLENBURG - 092","name":"092","label":"092","seims_code":"092","seims_desc":"PCT 92","source_vintage":"sbe_2006"},"geometry":{"type":"Point","coordinates":[-80.85121956532544,35.10486349932146]}},{"type":"Feature","properties":{"county_nam":"MECKLENBURG","prec_id":"093","precinct_norm":"MECKLENBURG - 093","name":"093","label":"093","seims_code":"093","seims_desc":"PCT 93","source_vintage":"sbe_2006"},"geometry":{"type":"Point","coordinates":[-80.82863149550252,35.09887150135931]}},{"type":"Feature","properties":{"county_nam":"MECKLENBURG","prec_id":"094","precinct_norm":"MECKLENBURG - 094","name":"094","label":"094","seims_code":"094","seims_desc":"PCT 94","source_vintage":"sbe_2006"},"geometry":{"type":"Point","coordinates":[-80.7241706268355,35.18738899930615]}},{"type":"Feature","properties":{"county_nam":"MECKLENBURG","prec_id":"095","precinct_norm":"MECKLENBURG - 095","name":"095","label":"095","seims_code":"095","seims_desc":"PCT 95","source_vintage":"sbe_2006"},"geometry":{"type":"Point","coordinates":[-80.71601629321259,35.21066650031112]}},{"type":"Feature","properties":{"county_nam":"MECKLENBURG","prec_id":"096","precinct_norm":"MECKLENBURG - 096","name":"096","label":"096","seims_code":"096","seims_desc":"PCT 96","source_vintage":"sbe_2006"},"geometry":{"type":"Point","coordinates":[-80.7474318500951,35.13621849991509]}},{"type":"Feature","properties":{"county_nam":"MECKLENBURG","prec_id":"098","precinct_norm":"MECKLENBURG - 098","name":"098","label":"098","seims_code":"098","seims_desc":"PCT 98","source_vintage":"sbe_2006"},"geometry":{"type":"Point","coordinates":[-80.88405035818661,35.157927498226485]}},{"type":"Feature","properties":{"county_nam":"MECKLENBURG","prec_id":"099","precinct_norm":"MECKLENBURG - 099","name":"099","label":"099","seims_code":"099","seims_desc":"PCT 99","source_vintage":"sbe_2006"},"geometry":{"type":"Point","coordinates":[-80.73502116285371,35.14774499925849]}},{"type":"Feature","properties":{"county_nam":"MECKLENBURG","prec_id":"100","precinct_norm":"MECKLENBURG - 100","name":"100","label":"100","seims_code":"100","seims_desc":"PCT 100","source_vintage":"sbe_2006"},"geometry":{"type":"Point","coordinates":[-80.79126770827824,35.10774200033992]}},{"type":"Feature","properties":{"county_nam":"MECKLENBURG","prec_id":"101","precinct_norm":"MECKLENBURG - 101","name":"101","label":"101","seims_code":"101","seims_desc":"PCT 101","source_vintage":"sbe_2006"},"geometry":{"type":"Point","coordinates":[-80.84090095342606,35.10216200035869]}},{"type":"Feature","properties":{"county_nam":"MECKLENBURG","prec_id":"102","precinct_norm":"MECKLENBURG - 102","name":"102","label":"102","seims_code":"102","seims_desc":"PCT 102","source_vintage":"sbe_2006"},"geometry":{"type":"Point","coordinates":[-80.72608503345214,35.159894997826086]}},{"type":"Feature","properties":{"county_nam":"MECKLENBURG","prec_id":"103","precinct_norm":"MECKLENBURG - 103","name":"103","label":"103","seims_code":"103","seims_desc":"PCT 103","source_vintage":"sbe_2006"},"geometry":{"type":"Point","coordinates":[-80.76521611958685,35.12594399906014]}},{"type":"Feature","properties":{"county_nam":"MECKLENBURG","prec_id":"104","precinct_norm":"MECKLENBURG - 104","name":"104","label":"104","seims_code":"104","seims_desc":"PCT 104","source_vintage":"sbe_2006"},"geometry":{"type":"Point","coordinates":[-80.74697514753599,35.25207649968969]}},{"type":"Feature","properties":{"county_nam":"MECKLENBURG","prec_id":"105","precinct_norm":"MECKLENBURG - 105","name":"105","label":"105","seims_code":"105","seims_desc":"PCT 105","source_vintage":"sbe_2006"},"geometry":{"type":"Point","coordinates":[-80.74141702933841,35.29394199903675]}},{"type":"Feature","properties":{"county_nam":"MECKLENBURG","prec_id":"106","precinct_norm":"MECKLENBURG - 106","name":"106","label":"106","seims_code":"106","seims_desc":"PCT 106","source_vintage":"sbe_2006"},"geometry":{"type":"Point","coordinates":[-80.76671198850599,35.16584400034393]}},{"type":"Feature","properties":{"county_nam":"MECKLENBURG","prec_id":"107.1","precinct_norm":"MECKLENBURG - 107.1","name":"107.1","label":"107.1","seims_code":"107.1","seims_desc":"PCT 107","source_vintage":"sbe_2006"},"geometry":{"type":"Point","coordinates":[-80.80374681840831,35.3166840013873]}},{"type":"Feature","properties":{"county_nam":"MECKLENBURG","prec_id":"146","precinct_norm":"MECKLENBURG - 146","name":"146","label":"146","seims_code":"146","seims_desc":"PCT 146","source_vintage":"sbe_2006"},"geometry":{"type":"Point","coordinates":[-80.77950640402705,35.31127699859684]}},{"type":"Feature","properties":{"county_nam":"MECKLENBURG","prec_id":"108","precinct_norm":"MECKLENBURG - 108","name":"108","label":"108","seims_code":"108","seims_desc":"PCT 108","source_vintage":"sbe_2006"},"geometry":{"type":"Point","coordinates":[-80.73152408050147,35.21278299982518]}},{"type":"Feature","properties":{"county_nam":"MECKLENBURG","prec_id":"109","precinct_norm":"MECKLENBURG - 109","name":"109","label":"109","seims_code":"109","seims_desc":"PCT 109","source_vintage":"sbe_2006"},"geometry":{"type":"Point","coordinates":[-80.81018323360355,35.21519300169524]}},{"type":"Feature","properties":{"county_nam":"MECKLENBURG","prec_id":"110","precinct_norm":"MECKLENBURG - 110","name":"110","label":"110","seims_code":"110","seims_desc":"PCT 110","source_vintage":"sbe_2006"},"geometry":{"type":"Point","coordinates":[-80.81811065557167,35.128370500384094]}},{"type":"Feature","properties":{"county_nam":"MECKLENBURG","prec_id":"111","precinct_norm":"MECKLENBURG - 111","name":"111","label":"111","seims_code":"111","seims_desc":"PCT 111","source_vintage":"sbe_2006"},"geometry":{"type":"Point","coordinates":[-80.82878003591586,35.13972199915102]}},{"type":"Feature","properties":{"county_nam":"MECKLENBURG","prec_id":"112","precinct_norm":"MECKLENBURG - 112","name":"112","label":"112","seims_code":"112","seims_desc":"PCT 112","source_vintage":"sbe_2006"},"geometry":{"type":"Point","coordinates":[-80.78314832236896,35.07244050000484]}},{"type":"Feature","properties":{"county_nam":"MECKLENBURG","prec_id":"113","precinct_norm":"MECKLENBURG - 113","name":"113","label":"113","seims_code":"113","seims_desc":"PCT 113","source_vintage":"sbe_2006"},"geometry":{"type":"Point","coordinates":[-80.75110064297745,35.077211000327225]}},{"type":"Feature","properties":{"county_nam":"MECKLENBURG","prec_id":"114","precinct_norm":"MECKLENBURG - 114","name":"114","label":"114","seims_code":"114","seims_desc":"PCT 114","source_vintage":"sbe_2006"},"geometry":{"type":"Point","coordinates":[-80.86588468329977,35.10613749963437]}},{"type":"Feature","properties":{"county_nam":"MECKLENBURG","prec_id":"115","precinct_norm":"MECKLENBURG - 115","name":"115","label":"115","seims_code":"115","seims_desc":"PCT 115","source_vintage":"sbe_2006"},"geometry":{"type":"Point","coordinates":[-80.71374765075967,35.18966799945396]}},{"type":"Feature","properties":{"county_nam":"MECKLENBURG","prec_id":"116","precinct_norm":"MECKLENBURG - 116","name":"116","label":"116","seims_code":"116","seims_desc":"PCT 116","source_vintage":"sbe_2006"},"geometry":{"type":"Point","coordinates":[-80.70338542248368,35.21908000013753]}},{"type":"Feature","properties":{"county_nam":"MECKLENBURG","prec_id":"117","precinct_norm":"MECKLENBURG - 117","name":"117","label":"117","seims_code":"117","seims_desc":"PCT 117","source_vintage":"sbe_2006"},"geometry":{"type":"Point","coordinates":[-80.75041560434634,35.16557450037119]}},{"type":"Feature","properties":{"county_nam":"MECKLENBURG","prec_id":"118","precinct_norm":"MECKLENBURG - 118","name":"118","label":"118","seims_code":"118","seims_desc":"PCT 118","source_vintage":"sbe_2006"},"geometry":{"type":"Point","coordinates":[-80.77000925073602,35.11049999796279]}},{"type":"Feature","properties":{"county_nam":"MECKLENBURG","prec_id":"119","precinct_norm":"MECKLENBURG - 119","name":"119","label":"119","seims_code":"119","seims_desc":"PCT 119","source_vintage":"sbe_2006"},"geometry":{"type":"Point","coordinates":[-80.78671860921885,35.13809700046876]}},{"type":"Feature","properties":{"county_nam":"MECKLENBURG","prec_id":"120","precinct_norm":"MECKLENBURG - 120","name":"120","label":"120","seims_code":"120","seims_desc":"PCT 120","source_vintage":"sbe_2006"},"geometry":{"type":"Point","coordinates":[-80.87070997812384,35.127693998953475]}},{"type":"Feature","properties":{"county_nam":"MECKLENBURG","prec_id":"121","precinct_norm":"MECKLENBURG - 121","name":"121","label":"121","seims_code":"121","seims_desc":"PCT 121","source_vintage":"sbe_2006"},"geometry":{"type":"Point","coordinates":[-80.80441935945905,35.07765000038281]}},{"type":"Feature","properties":{"county_nam":"MECKLENBURG","prec_id":"122","precinct_norm":"MECKLENBURG - 122","name":"122","label":"122","seims_code":"122","seims_desc":"PCT 122","source_vintage":"sbe_2006"},"geometry":{"type":"Point","coordinates":[-80.94773407092545,35.113794000802336]}},{"type":"Feature","properties":{"county_nam":"MECKLENBURG","prec_id":"123","precinct_norm":"MECKLENBURG - 123","name":"123","label":"123","seims_code":"123","seims_desc":"PCT 123","source_vintage":"sbe_2006"},"geometry":{"type":"Point","coordinates":[-80.72127516642736,35.248358999451185]}},{"type":"Feature","properties":{"county_nam":"MECKLENBURG","prec_id":"124","precinct_norm":"MECKLENBURG - 124","name":"124","label":"124","seims_code":"124","seims_desc":"PCT 124","source_vintage":"sbe_2006"},"geometry":{"type":"Point","coordinates":[-80.72856910730974,35.224598999178745]}},{"type":"Feature","properties":{"county_nam":"MECKLENBURG","prec_id":"125","precinct_norm":"MECKLENBURG - 125","name":"125","label":"125","seims_code":"125","seims_desc":"PCT 125","source_vintage":"sbe_2006"},"geometry":{"type":"Point","coordinates":[-80.73108050542447,35.17306350121545]}},{"type":"Feature","properties":{"county_nam":"MECKLENBURG","prec_id":"126","precinct_norm":"MECKLENBURG - 126","name":"126","label":"126","seims_code":"126","seims_desc":"PCT 126","source_vintage":"sbe_2006"},"geometry":{"type":"Point","coordinates":[-80.77226024768703,35.296332999512394]}},{"type":"Feature","properties":{"county_nam":"MECKLENBURG","prec_id":"127","precinct_norm":"MECKLENBURG - 127","name":"127","label":"127","seims_code":"127","seims_desc":"PCT 127","source_vintage":"sbe_2006"},"geometry":{"type":"Point","coordinates":[-80.79832284595133,35.47386949795799]}},{"type":"Feature","properties":{"county_nam":"MECKLENBURG","prec_id":"128","precinct_norm":"MECKLENBURG - 128","name":"128","label":"128","seims_code":"128","seims_desc":"PCT 128","source_vintage":"sbe_2006"},"geometry":{"type":"Point","coordinates":[-80.77912190872294,35.345870000415225]}},{"type":"Feature","properties":{"county_nam":"MECKLENBURG","prec_id":"129","precinct_norm":"MECKLENBURG - 129","name":"129","label":"129","seims_code":"129","seims_desc":"PCT 129","source_vintage":"sbe_2006"},"geometry":{"type":"Point","coordinates":[-80.87810481202025,35.08499300013645]}},{"type":"Feature","properties":{"county_nam":"MECKLENBURG","prec_id":"130","precinct_norm":"MECKLENBURG - 130","name":"130","label":"130","seims_code":"130","seims_desc":"PCT 130","source_vintage":"sbe_2006"},"geometry":{"type":"Point","coordinates":[-80.75049624938961,35.18969899984678]}},{"type":"Feature","properties":{"county_nam":"MECKLENBURG","prec_id":"131","precinct_norm":"MECKLENBURG - 131","name":"131","label":"131","seims_code":"131","seims_desc":"PCT 131","source_vintage":"sbe_2006"},"geometry":{"type":"Point","coordinates":[-80.79902098710842,35.09602799934278]}},{"type":"Feature","properties":{"county_nam":"MECKLENBURG","prec_id":"132","precinct_norm":"MECKLENBURG - 132","name":"132","label":"132","seims_code":"132","seims_desc":"PCT 132","source_vintage":"sbe_2006"},"geometry":{"type":"Point","coordinates":[-80.75240103644444,35.27584199990326]}},{"type":"Feature","properties":{"county_nam":"MECKLENBURG","prec_id":"133","precinct_norm":"MECKLENBURG - 133","name":"133","label":"133","seims_code":"133","seims_desc":"PCT 133","source_vintage":"sbe_2006"},"geometry":{"type":"Point","coordinates":[-80.8459068102446,35.43891050057211]}},{"type":"Feature","properties":{"county_nam":"MECKLENBURG","prec_id":"134","precinct_norm":"MECKLENBURG - 134","name":"134","label":"134","seims_code":"134","seims_desc":"PCT 134","source_vintage":"sbe_2006"},"geometry":{"type":"Point","coordinates":[-80.88898417529869,35.39470999950127]}},{"type":"Feature","properties":{"county_nam":"MECKLENBURG","prec_id":"135","precinct_norm":"MECKLENBURG - 135","name":"135","label":"135","seims_code":"135","seims_desc":"PCT 135","source_vintage":"sbe_2006"},"geometry":{"type":"Point","coordinates":[-80.82771235320392,35.31989200067693]}},{"type":"Feature","properties":{"county_nam":"MECKLENBURG","prec_id":"136","precinct_norm":"MECKLENBURG - 136","name":"136","label":"136","seims_code":"136","seims_desc":"PCT 136","source_vintage":"sbe_2006"},"geometry":{"type":"Point","coordinates":[-80.70351995725596,35.09778050200417]}},{"type":"Feature","properties":{"county_nam":"MECKLENBURG","prec_id":"137","precinct_norm":"MECKLENBURG - 137","name":"137","label":"137","seims_code":"137","seims_desc":"PCT 137","source_vintage":"sbe_2006"},"geometry":{"type":"Point","coordinates":[-80.78426483410541,35.04595350133275]}},{"type":"Feature","properties":{"county_nam":"MECKLENBURG","prec_id":"138","precinct_norm":"MECKLENBURG - 138","name":"138","label":"138","seims_code":"138","seims_desc":"PCT 138","source_vintage":"sbe_2006"},"geometry":{"type":"Point","coordinates":[-80.93290979999841,35.147951500460245]}},{"type":"Feature","properties":{"county_nam":"MECKLENBURG","prec_id":"139.1","precinct_norm":"MECKLENBURG - 139.1","name":"139.1","label":"139.1","seims_code":"139.1","seims_desc":"PCT 139","source_vintage":"sbe_2006"},"geometry":{"type":"Point","coordinates":[-80.81310850156264,35.034719000696846]}},{"type":"Feature","properties":{"county_nam":"MECKLENBURG","prec_id":"148","precinct_norm":"MECKLENBURG - 148","name":"148","label":"148","seims_code":"148","seims_desc":"PCT 148","source_vintage":"sbe_2006"},"geometry":{"type":"Point","coordinates":[-80.83486458358077,35.0222344996595]}},{"type":"Feature","properties":{"county_nam":"MECKLENBURG","prec_id":"140","precinct_norm":"MECKLENBURG - 140","name":"140","label":"140","seims_code":"140","seims_desc":"PCT 140","source_vintage":"sbe_2006"},"geometry":{"type":"Point","coordinates":[-80.85117171549967,35.05178600004357]}},{"type":"Feature","properties":{"county_nam":"MECKLENBURG","prec_id":"141","precinct_norm":"MECKLENBURG - 141","name":"141","label":"141","seims_code":"141","seims_desc":"PCT 141","source_vintage":"sbe_2006"},"geometry":{"type":"Point","coordinates":[-80.72665255405664,35.31576749948026]}},{"type":"Feature","properties":{"county_nam":"MECKLENBURG","prec_id":"142","precinct_norm":"MECKLENBURG - 142","name":"142","label":"142","seims_code":"142","seims_desc":"PCT 142","source_vintage":"sbe_2006"},"geometry":{"type":"Point","coordinates":[-80.92238711812102,35.42547199569483]}},{"type":"Feature","properties":{"county_nam":"MECKLENBURG","prec_id":"143","precinct_norm":"MECKLENBURG - 143","name":"143","label":"143","seims_code":"143","seims_desc":"PCT 143","source_vintage":"sbe_2006"},"geometry":{"type":"Point","coordinates":[-80.87634922860505,35.423393499193594]}},{"type":"Feature","properties":{"county_nam":"MECKLENBURG","prec_id":"144","precinct_norm":"MECKLENBURG - 144","name":"144","label":"144","seims_code":"144","seims_desc":"PCT 144","source_vintage":"sbe_2006"},"geometry":{"type":"Point","coordinates":[-80.82469301261025,35.05432150074172]}},{"type":"Feature","properties":{"county_nam":"MECKLENBURG","prec_id":"145","precinct_norm":"MECKLENBURG - 145","name":"145","label":"145","seims_code":"145","seims_desc":"PCT 145","source_vintage":"sbe_2006"},"geometry":{"type":"Point","coordinates":[-80.76403129493801,35.37936050035736]}},{"type":"Feature","properties":{"county_nam":"MECKLENBURG","prec_id":"200","precinct_norm":"MECKLENBURG - 200","name":"200","label":"200","seims_code":"200","seims_desc":"PCT 200","source_vintage":"sbe_2006"},"geometry":{"type":"Point","coordinates":[-80.98259270057544,35.208673000248226]}},{"type":"Feature","properties":{"county_nam":"MECKLENBURG","prec_id":"201","precinct_norm":"MECKLENBURG - 201","name":"201","label":"201","seims_code":"201","seims_desc":"PCT 201","source_vintage":"sbe_2006"},"geometry":{"type":"Point","coordinates":[-80.63628351652709,35.23475549868746]}},{"type":"Feature","properties":{"county_nam":"MECKLENBURG","prec_id":"202","precinct_norm":"MECKLENBURG - 202","name":"202","label":"202","seims_code":"202","seims_desc":"PCT 202","source_vintage":"sbe_2006"},"geometry":{"type":"Point","coordinates":[-80.84750040532465,35.45855649987565]}},{"type":"Feature","properties":{"county_nam":"MECKLENBURG","prec_id":"206","precinct_norm":"MECKLENBURG - 206","name":"206","label":"206","seims_code":"206","seims_desc":"PCT 206","source_vintage":"sbe_2006"},"geometry":{"type":"Point","coordinates":[-80.85112825045721,35.49569749913313]}},{"type":"Feature","properties":{"county_nam":"MECKLENBURG","prec_id":"203","precinct_norm":"MECKLENBURG - 203","name":"203","label":"203","seims_code":"203","seims_desc":"PCT 203","source_vintage":"sbe_2006"},"geometry":{"type":"Point","coordinates":[-80.68654293311636,35.241094999359]}},{"type":"Feature","properties":{"county_nam":"MECKLENBURG","prec_id":"204.1","precinct_norm":"MECKLENBURG - 204.1","name":"204.1","label":"204.1","seims_code":"204.1","seims_desc":"PCT 204","source_vintage":"sbe_2006"},"geometry":{"type":"Point","coordinates":[-80.69255285439243,35.29890999948141]}},{"type":"Feature","properties":{"county_nam":"MECKLENBURG","prec_id":"149","precinct_norm":"MECKLENBURG - 149","name":"149","label":"149","seims_code":"149","seims_desc":"PCT 149","source_vintage":"sbe_2006"},"geometry":{"type":"Point","coordinates":[-80.71546989689574,35.28808749901741]}},{"type":"Feature","properties":{"county_nam":"MECKLENBURG","prec_id":"205","precinct_norm":"MECKLENBURG - 205","name":"205","label":"205","seims_code":"205","seims_desc":"PCT 205","source_vintage":"sbe_2006"},"geometry":{"type":"Point","coordinates":[-80.68410401724151,35.277000000604104]}},{"type":"Feature","properties":{"county_nam":"MECKLENBURG","prec_id":"207","precinct_norm":"MECKLENBURG - 207","name":"207","label":"207","seims_code":"207","seims_desc":"PCT 207","source_vintage":"sbe_2006"},"geometry":{"type":"Point","coordinates":[-80.82338837181175,35.424516000223136]}},{"type":"Feature","properties":{"county_nam":"MECKLENBURG","prec_id":"208","precinct_norm":"MECKLENBURG - 208","name":"208","label":"208","seims_code":"208","seims_desc":"PCT 208","source_vintage":"sbe_2006"},"geometry":{"type":"Point","coordinates":[-80.90387151216426,35.49492149975821]}},{"type":"Feature","properties":{"county_nam":"MECKLENBURG","prec_id":"209","precinct_norm":"MECKLENBURG - 209","name":"209","label":"209","seims_code":"209","seims_desc":"PCT 209","source_vintage":"sbe_2006"},"geometry":{"type":"Point","coordinates":[-80.9024416476691,35.37476599976269]}},{"type":"Feature","properties":{"county_nam":"MECKLENBURG","prec_id":"210","precinct_norm":"MECKLENBURG - 210","name":"210","label":"210","seims_code":"210","seims_desc":"PCT 210","source_vintage":"sbe_2006"},"geometry":{"type":"Point","coordinates":[-80.86088019659994,35.308316000953496]}},{"type":"Feature","properties":{"county_nam":"MECKLENBURG","prec_id":"211","precinct_norm":"MECKLENBURG - 211","name":"211","label":"211","seims_code":"211","seims_desc":"PCT 211","source_vintage":"sbe_2006"},"geometry":{"type":"Point","coordinates":[-80.8548420814829,35.34693700008485]}},{"type":"Feature","properties":{"county_nam":"MECKLENBURG","prec_id":"212","precinct_norm":"MECKLENBURG - 212","name":"212","label":"212","seims_code":"212","seims_desc":"PCT 212","source_vintage":"sbe_2006"},"geometry":{"type":"Point","coordinates":[-80.73807622177813,35.33890549899715]}},{"type":"Feature","properties":{"county_nam":"MECKLENBURG","prec_id":"213","precinct_norm":"MECKLENBURG - 213","name":"213","label":"213","seims_code":"213","seims_desc":"PCT 213","source_vintage":"sbe_2006"},"geometry":{"type":"Point","coordinates":[-80.8337228438983,35.29311299888725]}},{"type":"Feature","properties":{"county_nam":"MECKLENBURG","prec_id":"214","precinct_norm":"MECKLENBURG - 214","name":"214","label":"214","seims_code":"214","seims_desc":"PCT 214","source_vintage":"sbe_2006"},"geometry":{"type":"Point","coordinates":[-80.78984210102558,35.34439900068881]}},{"type":"Feature","properties":{"county_nam":"MECKLENBURG","prec_id":"215","precinct_norm":"MECKLENBURG - 215","name":"215","label":"215","seims_code":"215","seims_desc":"PCT 215","source_vintage":"sbe_2006"},"geometry":{"type":"Point","coordinates":[-80.7204868714594,35.10360200199442]}},{"type":"Feature","properties":{"county_nam":"MECKLENBURG","prec_id":"216","precinct_norm":"MECKLENBURG - 216","name":"216","label":"216","seims_code":"216","seims_desc":"PCT 216","source_vintage":"sbe_2006"},"geometry":{"type":"Point","coordinates":[-80.70861380931707,35.146150500106984]}},{"type":"Feature","properties":{"county_nam":"MECKLENBURG","prec_id":"217","precinct_norm":"MECKLENBURG - 217","name":"217","label":"217","seims_code":"217","seims_desc":"PCT 217","source_vintage":"sbe_2006"},"geometry":{"type":"Point","coordinates":[-80.72555171408821,35.12956550224814]}},{"type":"Feature","properties":{"county_nam":"MECKLENBURG","prec_id":"218","precinct_norm":"MECKLENBURG - 218","name":"218","label":"218","seims_code":"218","seims_desc":"PCT 218","source_vintage":"sbe_2006"},"geometry":{"type":"Point","coordinates":[-80.6760391304264,35.12107000041452]}},{"type":"Feature","properties":{"county_nam":"MECKLENBURG","prec_id":"219","precinct_norm":"MECKLENBURG - 219","name":"219","label":"219","seims_code":"219","seims_desc":"PCT 219","source_vintage":"sbe_2006"},"geometry":{"type":"Point","coordinates":[-80.65040861541752,35.19815949964297]}},{"type":"Feature","properties":{"county_nam":"MECKLENBURG","prec_id":"220","precinct_norm":"MECKLENBURG - 220","name":"220","label":"220","seims_code":"220","seims_desc":"PCT 220","source_vintage":"sbe_2006"},"geometry":{"type":"Point","coordinates":[-80.68709448415723,35.15772350125621]}},{"type":"Feature","properties":{"county_nam":"MECKLENBURG","prec_id":"221","precinct_norm":"MECKLENBURG - 221","name":"221","label":"221","seims_code":"221","seims_desc":"PCT 221","source_vintage":"sbe_2006"},"geometry":{"type":"Point","coordinates":[-80.64867718314596,35.15279300323142]}},{"type":"Feature","properties":{"county_nam":"MECKLENBURG","prec_id":"222","precinct_norm":"MECKLENBURG - 222","name":"222","label":"222","seims_code":"222","seims_desc":"PCT 222","source_vintage":"sbe_2006"},"geometry":{"type":"Point","coordinates":[-80.89722323923192,35.30468900125404]}},{"type":"Feature","properties":{"county_nam":"MECKLENBURG","prec_id":"223.1","precinct_norm":"MECKLENBURG - 223.1","name":"223.1","label":"223.1","seims_code":"223.1","seims_desc":"PCT 223","source_vintage":"sbe_2006"},"geometry":{"type":"Point","coordinates":[-80.96571018644386,35.32442150012842]}},{"type":"Feature","properties":{"county_nam":"MECKLENBURG","prec_id":"150","precinct_norm":"MECKLENBURG - 150","name":"150","label":"150","seims_code":"150","seims_desc":"PCT 150","source_vintage":"sbe_2006"},"geometry":{"type":"Point","coordinates":[-80.92278179380386,35.31733000158456]}},{"type":"Feature","properties":{"county_nam":"MECKLENBURG","prec_id":"224","precinct_norm":"MECKLENBURG - 224","name":"224","label":"224","seims_code":"224","seims_desc":"PCT 224","source_vintage":"sbe_2006"},"geometry":{"type":"Point","coordinates":[-80.98780331044048,35.27050749902419]}},{"type":"Feature","properties":{"county_nam":"MECKLENBURG","prec_id":"225","precinct_norm":"MECKLENBURG - 225","name":"225","label":"225","seims_code":"225","seims_desc":"PCT 225","source_vintage":"sbe_2006"},"geometry":{"type":"Point","coordinates":[-80.90114502575892,35.095040999570145]}},{"type":"Feature","properties":{"county_nam":"MECKLENBURG","prec_id":"226","precinct_norm":"MECKLENBURG - 226","name":"226","label":"226","seims_code":"226","seims_desc":"PCT 226","source_vintage":"sbe_2006"},"geometry":{"type":"Point","coordinates":[-80.8319169860236,35.075477999995144]}},{"type":"Feature","properties":{"county_nam":"MECKLENBURG","prec_id":"227","precinct_norm":"MECKLENBURG - 227","name":"227","label":"227","seims_code":"227","seims_desc":"PCT 227","source_vintage":"sbe_2006"},"geometry":{"type":"Point","coordinates":[-80.75261564905145,35.060746000614316]}},{"type":"Feature","properties":{"county_nam":"MECKLENBURG","prec_id":"228","precinct_norm":"MECKLENBURG - 228","name":"228","label":"228","seims_code":"228","seims_desc":"PCT 228","source_vintage":"sbe_2006"},"geometry":{"type":"Point","coordinates":[-80.9415962783394,35.132887000336254]}},{"type":"Feature","properties":{"county_nam":"MECKLENBURG","prec_id":"229","precinct_norm":"MECKLENBURG - 229","name":"229","label":"229","seims_code":"229","seims_desc":"PCT 229","source_vintage":"sbe_2006"},"geometry":{"type":"Point","coordinates":[-81.02213581990674,35.07623249876686]}},{"type":"Feature","properties":{"county_nam":"MECKLENBURG","prec_id":"230","precinct_norm":"MECKLENBURG - 230","name":"230","label":"230","seims_code":"230","seims_desc":"PCT 230","source_vintage":"sbe_2006"},"geometry":{"type":"Point","coordinates":[-80.97940931352026,35.16318300105409]}},{"type":"Feature","properties":{"county_nam":"MECKLENBURG","prec_id":"231","precinct_norm":"MECKLENBURG - 231","name":"231","label":"231","seims_code":"231","seims_desc":"PCT 231","source_vintage":"sbe_2006"},"geometry":{"type":"Point","coordinates":[-80.88220275029394,35.05788800069064]}},{"type":"Feature","properties":{"county_nam":"MECKLENBURG","prec_id":"232","precinct_norm":"MECKLENBURG - 232","name":"232","label":"232","seims_code":"232","seims_desc":"PCT 232","source_vintage":"sbe_2006"},"geometry":{"type":"Point","coordinates":[-80.80572777854508,35.051782000021305]}},{"type":"Feature","properties":{"county_nam":"MECKLENBURG","prec_id":"233","precinct_norm":"MECKLENBURG - 233","name":"233","label":"233","seims_code":"233","seims_desc":"PCT 233","source_vintage":"sbe_2006"},"geometry":{"type":"Point","coordinates":[-80.74497396451343,35.10750949974211]}},{"type":"Feature","properties":{"county_nam":"MECKLENBURG","prec_id":"234","precinct_norm":"MECKLENBURG - 234","name":"234","label":"234","seims_code":"234","seims_desc":"PCT 234","source_vintage":"sbe_2006"},"geometry":{"type":"Point","coordinates":[-80.68216029856833,35.192681999098056]}},{"type":"Feature","properties":{"county_nam":"MECKLENBURG","prec_id":"235","precinct_norm":"MECKLENBURG - 235","name":"235","label":"235","seims_code":"235","seims_desc":"PCT 235","source_vintage":"sbe_2006"},"geometry":{"type":"Point","coordinates":[-80.68943908223616,35.17684049969711]}},{"type":"Feature","properties":{"county_nam":"MECKLENBURG","prec_id":"236","precinct_norm":"MECKLENBURG - 236","name":"236","label":"236","seims_code":"236","seims_desc":"PCT 236","source_vintage":"sbe_2006"},"geometry":{"type":"Point","coordinates":[-80.5961517765418,35.20160300029393]}},{"type":"Feature","properties":{"county_nam":"MECKLENBURG","prec_id":"237","precinct_norm":"MECKLENBURG - 237","name":"237","label":"237","seims_code":"237","seims_desc":"PCT 237","source_vintage":"sbe_2006"},"geometry":{"type":"Point","coordinates":[-80.7019075004357,35.32902250089549]}},{"type":"Feature","properties":{"county_nam":"MECKLENBURG","prec_id":"238.1","precinct_norm":"MECKLENBURG - 238.1","name":"238.1","label":"238.1","seims_code":"238.1","seims_desc":"PCT 238","source_vintage":"sbe_2006"},"geometry":{"type":"Point","coordinates":[-80.80986641768746,35.345665500634055]}},{"type":"Feature","properties":{"county_nam":"MECKLENBURG","prec_id":"151","precinct_norm":"MECKLENBURG - 151","name":"151","label":"151","seims_code":"151","seims_desc":"PCT 151","source_vintage":"sbe_2006"},"geometry":{"type":"Point","coordinates":[-80.80269521206928,35.365696499096835]}},{"type":"Feature","properties":{"county_nam":"MECKLENBURG","prec_id":"239","precinct_norm":"MECKLENBURG - 239","name":"239","label":"239","seims_code":"239","seims_desc":"PCT 239","source_vintage":"sbe_2006"},"geometry":{"type":"Point","coordinates":[-80.7682418694382,35.35814449974491]}},{"type":"Feature","properties":{"county_nam":"MECKLENBURG","prec_id":"240","precinct_norm":"MECKLENBURG - 240","name":"240","label":"240","seims_code":"240","seims_desc":"PCT 240","source_vintage":"sbe_2006"},"geometry":{"type":"Point","coordinates":[-80.88907111365998,35.45463199937221]}},{"type":"Feature","properties":{"county_nam":"MECKLENBURG","prec_id":"241","precinct_norm":"MECKLENBURG - 241","name":"241","label":"241","seims_code":"241","seims_desc":"PCT 241","source_vintage":"sbe_2006"},"geometry":{"type":"Point","coordinates":[-80.81338920742412,35.394747000433505]}},{"type":"Feature","properties":{"county_nam":"MECKLENBURG","prec_id":"242","precinct_norm":"MECKLENBURG - 242","name":"242","label":"242","seims_code":"242","seims_desc":"PCT 242","source_vintage":"sbe_2006"},"geometry":{"type":"Point","coordinates":[-80.92241272607515,35.4687965013143]}},{"type":"Feature","properties":{"county_nam":"MECKLENBURG","prec_id":"243","precinct_norm":"MECKLENBURG - 243","name":"243","label":"243","seims_code":"243","seims_desc":"PCT 243","source_vintage":"sbe_2006"},"geometry":{"type":"Point","coordinates":[-81.00913196019789,35.122960000562074]}},{"type":"Feature","properties":{"county_nam":"MECKLENBURG","prec_id":"077","precinct_norm":"MECKLENBURG - 077","name":"077","label":"077","seims_code":"077","seims_desc":"PCT 77","source_vintage":"sbe_2006"},"geometry":{"type":"Point","coordinates":[-80.89580869390127,35.124167498701816]}},{"type":"Feature","properties":{"county_nam":"MECKLENBURG","prec_id":"097","precinct_norm":"MECKLENBURG - 097","name":"097","label":"097","seims_code":"097","seims_desc":"PCT 97","source_vintage":"sbe_2006"},"geometry":{"type":"Point","coordinates":[-80.87766598239335,35.108592999499066]}},{"type":"Feature","properties":{"county_nam":"MITCHELL","prec_id":"BAKERSVILLE","precinct_norm":"MITCHELL - BAKERSVILLE","name":"Bakersville","label":"Bakersville","seims_code":"01","seims_desc":"BAKERSVILLE","source_vintage":"sbe_2006"},"geometry":{"type":"Point","coordinates":[-82.16042997868499,36.00924449911028]}},{"type":"Feature","properties":{"county_nam":"MITCHELL","prec_id":"BRADSHAW","precinct_norm":"MITCHELL - BRADSHAW","name":"Bradshaw","label":"Bradshaw","seims_code":"02","seims_desc":"BRADSHAW","source_vintage":"sbe_2006"},"geometry":{"type":"Point","coordinates":[-82.28184418286824,36.07496100144512]}},{"type":"Feature","properties":{"county_nam":"MITCHELL","prec_id":"CANE CREEK","precinct_norm":"MITCHELL - CANE CREEK","name":"Cane Creek","label":"Cane Creek","seims_code":"03","seims_desc":"CANE CREEK","source_vintage":"sbe_2006"},"geometry":{"type":"Point","coordinates":[-82.09028878595974,36.02692849936946]}},{"type":"Feature","properties":{"county_nam":"MITCHELL","prec_id":"GRASSY CREEK","precinct_norm":"MITCHELL - GRASSY CREEK","name":"Grassy Creek","label":"Grassy Creek","seims_code":"04","seims_desc":"GRASSY CREEK","source_vintage":"sbe_2006"},"geometry":{"type":"Point","coordinates":[-82.06187267400898,35.905892002151504]}},{"type":"Feature","properties":{"county_nam":"MITCHELL","prec_id":"HARRELL","precinct_norm":"MITCHELL - HARRELL","name":"Harrell","label":"Harrell","seims_code":"05","seims_desc":"HARRELL","source_vintage":"sbe_2006"},"geometry":{"type":"Point","coordinates":[-82.19113163269844,36.101680499901484]}},{"type":"Feature","properties":{"county_nam":"MITCHELL","prec_id":"LITTLE ROCK CREEK","precinct_norm":"MITCHELL - LITTLE ROCK CREEK","name":"Little Rock Creek","label":"Little Rock Creek","seims_code":"06","seims_desc":"LITTLE ROCK CREEK","source_vintage":"sbe_2006"},"geometry":{"type":"Point","coordinates":[-82.1213987786814,36.07172099977615]}},{"type":"Feature","properties":{"county_nam":"MITCHELL","prec_id":"POPLAR","precinct_norm":"MITCHELL - POPLAR","name":"Poplar","label":"Poplar","seims_code":"07","seims_desc":"POPLAR","source_vintage":"sbe_2006"},"geometry":{"type":"Point","coordinates":[-82.32698214074455,36.08129549955511]}},{"type":"Feature","properties":{"county_nam":"MITCHELL","prec_id":"RED HILL","precinct_norm":"MITCHELL - RED HILL","name":"Red Hill","label":"Red Hill","seims_code":"08","seims_desc":"RED HILL","source_vintage":"sbe_2006"},"geometry":{"type":"Point","coordinates":[-82.2277158462204,36.025397499955666]}},{"type":"Feature","properties":{"county_nam":"MITCHELL","prec_id":"SNOW CREEK","precinct_norm":"MITCHELL - SNOW CREEK","name":"Snow Creek","label":"Snow Creek","seims_code":"09","seims_desc":"SNOW CREEK","source_vintage":"sbe_2006"},"geometry":{"type":"Point","coordinates":[-82.13372542538053,35.96311150099278]}},{"type":"Feature","properties":{"county_nam":"MONTGOMERY","prec_id":"BISCOE","precinct_norm":"MONTGOMERY - BISCOE","name":"Biscoe","label":"Biscoe","seims_code":"BIS","seims_desc":"BISCOE","source_vintage":"sbe_2006"},"geometry":{"type":"Point","coordinates":[-79.78977897644138,35.352508000009834]}},{"type":"Feature","properties":{"county_nam":"MONTGOMERY","prec_id":"CANDOR","precinct_norm":"MONTGOMERY - CANDOR","name":"Candor","label":"Candor","seims_code":"CAN","seims_desc":"CANDOR","source_vintage":"sbe_2006"},"geometry":{"type":"Point","coordinates":[-79.79663447129572,35.294307999556395]}},{"type":"Feature","properties":{"county_nam":"MONTGOMERY","prec_id":"CHEEKS CREEK","precinct_norm":"MONTGOMERY - CHEEKS CREEK","name":"Cheeks Creek","label":"Cheeks Creek","seims_code":"CHE","seims_desc":"CHEEKS CREEK","source_vintage":"sbe_2006"},"geometry":{"type":"Point","coordinates":[-79.84119183607419,35.22876499936717]}},{"type":"Feature","properties":{"county_nam":"MONTGOMERY","prec_id":"ELDORADO","precinct_norm":"MONTGOMERY - ELDORADO","name":"Eldorado","label":"Eldorado","seims_code":"ELD","seims_desc":"ELDORADO","source_vintage":"sbe_2006"},"geometry":{"type":"Point","coordinates":[-80.05972168208753,35.444148001138174]}},{"type":"Feature","properties":{"county_nam":"MONTGOMERY","prec_id":"LITTLE RIVER","precinct_norm":"MONTGOMERY - LITTLE RIVER","name":"Little River","label":"Little River","seims_code":"LIT","seims_desc":"LITTLE RIVER","source_vintage":"sbe_2006"},"geometry":{"type":"Point","coordinates":[-79.85548807988039,35.44938900003072]}},{"type":"Feature","properties":{"county_nam":"MONTGOMERY","prec_id":"MT GILEAD","precinct_norm":"MONTGOMERY - MT GILEAD","name":"Mt Gilead","label":"Mt Gilead","seims_code":"MTG","seims_desc":"MT GILEAD","source_vintage":"sbe_2006"},"geometry":{"type":"Point","coordinates":[-79.99778840417159,35.196964500057106]}},{"type":"Feature","properties":{"county_nam":"MONTGOMERY","prec_id":"OPHIR","precinct_norm":"MONTGOMERY - OPHIR","name":"Ophir","label":"Ophir","seims_code":"OPH","seims_desc":"OPHIR","source_vintage":"sbe_2006"},"geometry":{"type":"Point","coordinates":[-79.95898502987887,35.463788000420195]}},{"type":"Feature","properties":{"county_nam":"MONTGOMERY","prec_id":"PEE DEE","precinct_norm":"MONTGOMERY - PEE DEE","name":"Pee Dee","label":"Pee Dee","seims_code":"PEE","seims_desc":"PEE DEE","source_vintage":"sbe_2006"},"geometry":{"type":"Point","coordinates":[-80.05001169467232,35.258374998242076]}},{"type":"Feature","properties":{"county_nam":"MONTGOMERY","prec_id":"ROCKY SPRINGS","precinct_norm":"MONTGOMERY - ROCKY SPRINGS","name":"Rocky Springs","label":"Rocky Springs","seims_code":"ROC","seims_desc":"ROCKY SPRINGS","source_vintage":"sbe_2006"},"geometry":{"type":"Point","coordinates":[-79.71882771051105,35.21402750285354]}},{"type":"Feature","properties":{"county_nam":"MONTGOMERY","prec_id":"STAR","precinct_norm":"MONTGOMERY - STAR","name":"Star","label":"Star","seims_code":"STA","seims_desc":"STAR","source_vintage":"sbe_2006"},"geometry":{"type":"Point","coordinates":[-79.779187357934,35.441260997061306]}},{"type":"Feature","properties":{"county_nam":"MONTGOMERY","prec_id":"TROY 1","precinct_norm":"MONTGOMERY - TROY 1","name":"Troy 1","label":"Troy 1","seims_code":"T1","seims_desc":"TROY 1","source_vintage":"sbe_2006"},"geometry":{"type":"Point","coordinates":[-79.92721044230615,35.36632049994057]}},{"type":"Feature","properties":{"county_nam":"MONTGOMERY","prec_id":"TROY 2","precinct_norm":"MONTGOMERY - TROY 2","name":"Troy 2","label":"Troy 2","seims_code":"T2","seims_desc":"TROY 2","source_vintage":"sbe_2006"},"geometry":{"type":"Point","coordinates":[-79.86860550797482,35.366012999069454]}},{"type":"Feature","properties":{"county_nam":"MONTGOMERY","prec_id":"UWHARRIE","precinct_norm":"MONTGOMERY - UWHARRIE","name":"Uwharrie","label":"Uwharrie","seims_code":"UWH","seims_desc":"UWHARRIE","source_vintage":"sbe_2006"},"geometry":{"type":"Point","coordinates":[-80.00679850939136,35.36619350047581]}},{"type":"Feature","properties":{"county_nam":"MONTGOMERY","prec_id":"WADEVILLE","precinct_norm":"MONTGOMERY - WADEVILLE","name":"Wadeville","label":"Wadeville","seims_code":"WAD","seims_desc":"WADEVILLE","source_vintage":"sbe_2006"},"geometry":{"type":"Point","coordinates":[-79.95403640459024,35.272246000675416]}},{"type":"Feature","properties":{"county_nam":"MOORE","prec_id":"ABERDEEN EAST","precinct_norm":"MOORE - ABERDEEN EAST","name":"Aberdeen East","label":"Aberdeen East","seims_code":"EAB","seims_desc":"EAST ABERDEEN","source_vintage":"sbe_2006"},"geometry":{"type":"Point","coordinates":[-79.41193756032996,35.11920099914617]}},{"type":"Feature","properties":{"county_nam":"MOORE","prec_id":"BENSALEM","precinct_norm":"MOORE - BENSALEM","name":"Bensalem","label":"Bensalem","seims_code":"BEN","seims_desc":"BENSALEM","source_vintage":"sbe_2006"},"geometry":{"type":"Point","coordinates":[-79.62852387983159,35.31358649891841]}},{"type":"Feature","properties":{"county_nam":"MOORE","prec_id":"CAMERON","precinct_norm":"MOORE - CAMERON","name":"Cameron","label":"Cameron","seims_code":"CAM","seims_desc":"CAMERON","source_vintage":"sbe_2006"},"geometry":{"type":"Point","coordinates":[-79.2886738219338,35.33881699944102]}},{"type":"Feature","properties":{"county_nam":"MOORE","prec_id":"CARTHAGE","precinct_norm":"MOORE - CARTHAGE","name":"Carthage","label":"Carthage","seims_code":"CAR","seims_desc":"CARTHAGE","source_vintage":"sbe_2006"},"geometry":{"type":"Point","coordinates":[-79.43812124266393,35.40348250073502]}},{"type":"Feature","properties":{"county_nam":"MOORE","prec_id":"DEEP RIVER/HIGH FALLS/RITTER","precinct_norm":"MOORE - DEEP RIVER/HIGH FALLS/RITTER","name":"Deep River/High Falls/Ritter","label":"Deep River/High Falls/Ritter","seims_code":"DHR","seims_desc":"DEEP RIVER/HIGH FALLS/RITTER","source_vintage":"sbe_2006"},"geometry":{"type":"Point","coordinates":[-79.48955063130886,35.465749500047686]}},{"type":"Feature","properties":{"county_nam":"MOORE","prec_id":"EASTWOOD","precinct_norm":"MOORE - EASTWOOD","name":"Eastwood","label":"Eastwood","seims_code":"EWD","seims_desc":"EASTWOOD","source_vintage":"sbe_2006"},"geometry":{"type":"Point","coordinates":[-79.45804813744999,35.25262000143042]}},{"type":"Feature","properties":{"county_nam":"MOORE","prec_id":"EUREKA","precinct_norm":"MOORE - EUREKA","name":"Eureka","label":"Eureka","seims_code":"EUR","seims_desc":"EUREKA","source_vintage":"sbe_2006"},"geometry":{"type":"Point","coordinates":[-79.37624195162365,35.2599485003244]}},{"type":"Feature","properties":{"county_nam":"MOORE","prec_id":"KNOLLWOOD","precinct_norm":"MOORE - KNOLLWOOD","name":"Knollwood","label":"Knollwood","seims_code":"KWD","seims_desc":"KNOLLWOOD","source_vintage":"sbe_2006"},"geometry":{"type":"Point","coordinates":[-79.38561107908032,35.2218524996808]}},{"type":"Feature","properties":{"county_nam":"MOORE","prec_id":"LITTLE RIVER","precinct_norm":"MOORE - LITTLE RIVER","name":"Little River","label":"Little River","seims_code":"LTR","seims_desc":"LITTLE RIVER","source_vintage":"sbe_2006"},"geometry":{"type":"Point","coordinates":[-79.2152928352399,35.214840499734535]}},{"type":"Feature","properties":{"county_nam":"MOORE","prec_id":"PINEBLUFF","precinct_norm":"MOORE - PINEBLUFF","name":"Pinebluff","label":"Pinebluff","seims_code":"PBF","seims_desc":"PINEBLUFF","source_vintage":"sbe_2006"},"geometry":{"type":"Point","coordinates":[-79.50495090228199,35.088581998763175]}},{"type":"Feature","properties":{"county_nam":"MOORE","prec_id":"PINEDENE","precinct_norm":"MOORE - PINEDENE","name":"Pinedene","label":"Pinedene","seims_code":"PDN","seims_desc":"PINEDENE","source_vintage":"sbe_2006"},"geometry":{"type":"Point","coordinates":[-79.37187683093083,35.14612199986588]}},{"type":"Feature","properties":{"county_nam":"MOORE","prec_id":"PINEHURST A","precinct_norm":"MOORE - PINEHURST A","name":"Pinehurst A","label":"Pinehurst A","seims_code":"PHA","seims_desc":"PINEHURST A","source_vintage":"sbe_2006"},"geometry":{"type":"Point","coordinates":[-79.50618934983649,35.202989999619135]}},{"type":"Feature","properties":{"county_nam":"MOORE","prec_id":"PINEHURST B-1","precinct_norm":"MOORE - PINEHURST B-1","name":"Pinehurst B-1","label":"Pinehurst B-1","seims_code":"PHB1","seims_desc":"PINEHURST B1","source_vintage":"sbe_2006"},"geometry":{"type":"Point","coordinates":[-79.44232090747332,35.214403999102544]}},{"type":"Feature","properties":{"county_nam":"MOORE","prec_id":"PINEHURST B-2","precinct_norm":"MOORE - PINEHURST B-2","name":"Pinehurst B-2","label":"Pinehurst B-2","seims_code":"PHB2","seims_desc":"PINEHURST B2","source_vintage":"sbe_2006"},"geometry":{"type":"Point","coordinates":[-79.45431694274441,35.17731049918893]}},{"type":"Feature","properties":{"county_nam":"MOORE","prec_id":"ROBBINS","precinct_norm":"MOORE - ROBBINS","name":"Robbins","label":"Robbins","seims_code":"RBN","seims_desc":"ROBBINS","source_vintage":"sbe_2006"},"geometry":{"type":"Point","coordinates":[-79.6073678334634,35.46212200085668]}},{"type":"Feature","properties":{"county_nam":"MOORE","prec_id":"SOUTHERN PINES NORTH","precinct_norm":"MOORE - SOUTHERN PINES NORTH","name":"Southern Pines North","label":"Southern Pines North","seims_code":"NSP","seims_desc":"NORTH SOUTHERN PINES","source_vintage":"sbe_2006"},"geometry":{"type":"Point","coordinates":[-79.3547974265016,35.181264999395225]}},{"type":"Feature","properties":{"county_nam":"MOORE","prec_id":"SOUTHERN PINES SOUTH","precinct_norm":"MOORE - SOUTHERN PINES SOUTH","name":"Southern Pines South","label":"Southern Pines South","seims_code":"SSP","seims_desc":"SOUTH SOUTHERN PINES","source_vintage":"sbe_2006"},"geometry":{"type":"Point","coordinates":[-79.41761769811322,35.18005149906182]}},{"type":"Feature","properties":{"county_nam":"MOORE","prec_id":"TAYLORTOWN","precinct_norm":"MOORE - TAYLORTOWN","name":"Taylortown","label":"Taylortown","seims_code":"TLT","seims_desc":"TAYLORTOWN","source_vintage":"sbe_2006"},"geometry":{"type":"Point","coordinates":[-79.49598931897688,35.21423200036499]}},{"type":"Feature","properties":{"county_nam":"MOORE","prec_id":"VASS","precinct_norm":"MOORE - VASS","name":"Vass","label":"Vass","seims_code":"VSS","seims_desc":"VASS","source_vintage":"sbe_2006"},"geometry":{"type":"Point","coordinates":[-79.29617807505696,35.243353500368634]}},{"type":"Feature","properties":{"county_nam":"MOORE","prec_id":"WESTMOORE","precinct_norm":"MOORE - WESTMOORE","name":"Westmoore","label":"Westmoore","seims_code":"WEM","seims_desc":"WESTMOORE","source_vintage":"sbe_2006"},"geometry":{"type":"Point","coordinates":[-79.70009433106044,35.46150550045054]}},{"type":"Feature","properties":{"county_nam":"MOORE","prec_id":"SEVEN LAKES","precinct_norm":"MOORE - SEVEN LAKES","name":"Seven Lakes","label":"Seven Lakes","seims_code":"SLS","seims_desc":"SEVEN LAKES","source_vintage":"sbe_2006"},"geometry":{"type":"Point","coordinates":[-79.56958052873837,35.26349349960499]}},{"type":"Feature","properties":{"county_nam":"MOORE","prec_id":"WEST END","precinct_norm":"MOORE - WEST END","name":"West End","label":"West End","seims_code":"WND","seims_desc":"WEST END","source_vintage":"sbe_2006"},"geometry":{"type":"Point","coordinates":[-79.61144066532506,35.22098800146876]}},{"type":"Feature","properties":{"county_nam":"MOORE","prec_id":"ABERDEEN WEST","precinct_norm":"MOORE - ABERDEEN WEST","name":"Aberdeen West","label":"Aberdeen West","seims_code":"WAB","seims_desc":"WEST ABERDEEN","source_vintage":"sbe_2006"},"geometry":{"type":"Point","coordinates":[-79.50521568605916,35.14291800078917]}},{"type":"Feature","properties":{"county_nam":"MOORE","prec_id":"PINEHURST C","precinct_norm":"MOORE - PINEHURST C","name":"Pinehurst C","label":"Pinehurst C","seims_code":"PHC","seims_desc":"PINEHURST C","source_vintage":"sbe_2006"},"geometry":{"type":"Point","coordinates":[-79.48981916859256,35.17478350161949]}},{"type":"Feature","properties":{"county_nam":"NASH","prec_id":"BAILEY","precinct_norm":"NASH - BAILEY","name":"Bailey","label":"Bailey","seims_code":"0001","seims_desc":"BAILEY","source_vintage":"sbe_2006"},"geometry":{"type":"Point","coordinates":[-78.10088838970633,35.78888449932987]}},{"type":"Feature","properties":{"county_nam":"NASH","prec_id":"CASTALIA","precinct_norm":"NASH - CASTALIA","name":"Castalia","label":"Castalia","seims_code":"0003","seims_desc":"CASTALIA","source_vintage":"sbe_2006"},"geometry":{"type":"Point","coordinates":[-78.0497190237354,36.081047000154854]}},{"type":"Feature","properties":{"county_nam":"NASH","prec_id":"COOPERS","precinct_norm":"NASH - COOPERS","name":"Coopers","label":"Coopers","seims_code":"0004","seims_desc":"COOPERS","source_vintage":"sbe_2006"},"geometry":{"type":"Point","coordinates":[-77.97703860636874,35.893080502802796]}},{"type":"Feature","properties":{"county_nam":"NASH","prec_id":"DRYWELLS","precinct_norm":"NASH - DRYWELLS","name":"Drywells","label":"Drywells","seims_code":"0005","seims_desc":"DRYWELLS","source_vintage":"sbe_2006"},"geometry":{"type":"Point","coordinates":[-78.20531611009778,35.79273799985218]}},{"type":"Feature","properties":{"county_nam":"NASH","prec_id":"FERRELLS","precinct_norm":"NASH - FERRELLS","name":"Ferrells","label":"Ferrells","seims_code":"0006","seims_desc":"FERRELLS","source_vintage":"sbe_2006"},"geometry":{"type":"Point","coordinates":[-78.1630083061259,35.88396599811092]}},{"type":"Feature","properties":{"county_nam":"NASH","prec_id":"GRIFFINS","precinct_norm":"NASH - GRIFFINS","name":"Griffins","label":"Griffins","seims_code":"0007","seims_desc":"GRIFFINS","source_vintage":"sbe_2006"},"geometry":{"type":"Point","coordinates":[-77.95671310552231,36.11628700064627]}},{"type":"Feature","properties":{"county_nam":"NASH","prec_id":"JACKSONS","precinct_norm":"NASH - JACKSONS","name":"Jacksons","label":"Jacksons","seims_code":"0008","seims_desc":"JACKSONS","source_vintage":"sbe_2006"},"geometry":{"type":"Point","coordinates":[-78.03006439212564,35.8440755004101]}},{"type":"Feature","properties":{"county_nam":"NASH","prec_id":"MANNINGS 1","precinct_norm":"NASH - MANNINGS 1","name":"Mannings 1","label":"Mannings 1","seims_code":"0011","seims_desc":"MANNINGS NO 1","source_vintage":"sbe_2006"},"geometry":{"type":"Point","coordinates":[-78.13224475257647,35.9531645012642]}},{"type":"Feature","properties":{"county_nam":"NASH","prec_id":"MANNINGS 2","precinct_norm":"NASH - MANNINGS 2","name":"Mannings 2","label":"Mannings 2","seims_code":"0012","seims_desc":"MANNINGS NO 2","source_vintage":"sbe_2006"},"geometry":{"type":"Point","coordinates":[-78.05795454659173,35.967738499376615]}},{"type":"Feature","properties":{"county_nam":"NASH","prec_id":"NASHVILLE","precinct_norm":"NASH - NASHVILLE","name":"Nashville","label":"Nashville","seims_code":"0015","seims_desc":"NASHVILLE","source_vintage":"sbe_2006"},"geometry":{"type":"Point","coordinates":[-77.97465713306937,35.972237499648855]}},{"type":"Feature","properties":{"county_nam":"NASH","prec_id":"OAK LEVEL","precinct_norm":"NASH - OAK LEVEL","name":"Oak Level","label":"Oak Level","seims_code":"0025","seims_desc":"OAK LEVEL","source_vintage":"sbe_2006"},"geometry":{"type":"Point","coordinates":[-77.89829563595441,35.937219501527025]}},{"type":"Feature","properties":{"county_nam":"NASH","prec_id":"RED OAK","precinct_norm":"NASH - RED OAK","name":"Red Oak","label":"Red Oak","seims_code":"0026","seims_desc":"RED OAK","source_vintage":"sbe_2006"},"geometry":{"type":"Point","coordinates":[-77.90704918579499,36.039966502687946]}},{"type":"Feature","properties":{"county_nam":"NASH","prec_id":"ROCKY MOUNT 01","precinct_norm":"NASH - ROCKY MOUNT 01","name":"Rocky Mount 01","label":"Rocky Mount 01","seims_code":"0031","seims_desc":"ROCKY MOUNT NO 1","source_vintage":"sbe_2006"},"geometry":{"type":"Point","coordinates":[-77.79493306424179,35.971944500169016]}},{"type":"Feature","properties":{"county_nam":"NASH","prec_id":"ROCKY MOUNT 02","precinct_norm":"NASH - ROCKY MOUNT 02","name":"Rocky Mount 02","label":"Rocky Mount 02","seims_code":"0032","seims_desc":"ROCKY MOUNT NO 2","source_vintage":"sbe_2006"},"geometry":{"type":"Point","coordinates":[-77.81228515678404,35.94333649884905]}},{"type":"Feature","properties":{"county_nam":"NASH","prec_id":"ROCKY MOUNT 03","precinct_norm":"NASH - ROCKY MOUNT 03","name":"Rocky Mount 03","label":"Rocky Mount 03","seims_code":"0033","seims_desc":"ROCKY MOUNT NO 3","source_vintage":"sbe_2006"},"geometry":{"type":"Point","coordinates":[-77.81161731863021,35.9340015011545]}},{"type":"Feature","properties":{"county_nam":"NASH","prec_id":"ROCKY MOUNT 04","precinct_norm":"NASH - ROCKY MOUNT 04","name":"Rocky Mount 04","label":"Rocky Mount 04","seims_code":"0034","seims_desc":"ROCKY MOUNT NO 4","source_vintage":"sbe_2006"},"geometry":{"type":"Point","coordinates":[-77.82102290558473,35.923838500890504]}},{"type":"Feature","properties":{"county_nam":"NASH","prec_id":"ROCKY MOUNT 05","precinct_norm":"NASH - ROCKY MOUNT 05","name":"Rocky Mount 05","label":"Rocky Mount 05","seims_code":"0035","seims_desc":"ROCKY MOUNT NO 5","source_vintage":"sbe_2006"},"geometry":{"type":"Point","coordinates":[-77.856147885344,35.87457350029952]}},{"type":"Feature","properties":{"county_nam":"NASH","prec_id":"ROCKY MOUNT 06","precinct_norm":"NASH - ROCKY MOUNT 06","name":"Rocky Mount 06","label":"Rocky Mount 06","seims_code":"0036","seims_desc":"ROCKY MOUNT NO 6","source_vintage":"sbe_2006"},"geometry":{"type":"Point","coordinates":[-77.82973759943258,35.954100499460125]}},{"type":"Feature","properties":{"county_nam":"NASH","prec_id":"ROCKY MOUNT 07","precinct_norm":"NASH - ROCKY MOUNT 07","name":"Rocky Mount 07","label":"Rocky Mount 07","seims_code":"0037","seims_desc":"ROCKY MOUNT NO 7","source_vintage":"sbe_2006"},"geometry":{"type":"Point","coordinates":[-77.86437944961035,35.9673149998276]}},{"type":"Feature","properties":{"county_nam":"NASH","prec_id":"ROCKY MOUNT 08","precinct_norm":"NASH - ROCKY MOUNT 08","name":"Rocky Mount 08","label":"Rocky Mount 08","seims_code":"0038","seims_desc":"ROCKY MOUNT NO 8","source_vintage":"sbe_2006"},"geometry":{"type":"Point","coordinates":[-77.82814343804569,35.97797450027288]}},{"type":"Feature","properties":{"county_nam":"NASH","prec_id":"ROCKY MOUNT 09","precinct_norm":"NASH - ROCKY MOUNT 09","name":"Rocky Mount 09","label":"Rocky Mount 09","seims_code":"0039","seims_desc":"ROCKY MOUNT NO 9","source_vintage":"sbe_2006"},"geometry":{"type":"Point","coordinates":[-77.85563509246506,35.948212001312505]}},{"type":"Feature","properties":{"county_nam":"NASH","prec_id":"ROCKY MOUNT 10","precinct_norm":"NASH - ROCKY MOUNT 10","name":"Rocky Mount 10","label":"Rocky Mount 10","seims_code":"0040","seims_desc":"ROCKY MOUNT NO 10","source_vintage":"sbe_2006"},"geometry":{"type":"Point","coordinates":[-77.78741583941559,36.00611549949119]}},{"type":"Feature","properties":{"county_nam":"NASH","prec_id":"STONY CREEK","precinct_norm":"NASH - STONY CREEK","name":"Stony Creek","label":"Stony Creek","seims_code":"0041","seims_desc":"STONY CREEK","source_vintage":"sbe_2006"},"geometry":{"type":"Point","coordinates":[-77.84654445516512,36.01010750008524]}},{"type":"Feature","properties":{"county_nam":"NASH","prec_id":"WHITAKERS NORTH 1","precinct_norm":"NASH - WHITAKERS NORTH 1","name":"Whitakers North 1","label":"Whitakers North 1","seims_code":"0021","seims_desc":"NORTH WHITAKERS NO 1","source_vintage":"sbe_2006"},"geometry":{"type":"Point","coordinates":[-77.76099162421511,36.1094049998764]}},{"type":"Feature","properties":{"county_nam":"NASH","prec_id":"WHITAKERS NORTH 2","precinct_norm":"NASH - WHITAKERS NORTH 2","name":"Whitakers North 2","label":"Whitakers North 2","seims_code":"0022","seims_desc":"NORTH WHITAKERS NO 2","source_vintage":"sbe_2006"},"geometry":{"type":"Point","coordinates":[-77.85871408896188,36.10753499959863]}},{"type":"Feature","properties":{"county_nam":"NASH","prec_id":"WHITAKERS SOUTH","precinct_norm":"NASH - WHITAKERS SOUTH","name":"Whitakers South","label":"Whitakers South","seims_code":"0002","seims_desc":"SOUTH WHITAKERS","source_vintage":"sbe_2006"},"geometry":{"type":"Point","coordinates":[-77.8063449990578,36.03907249973279]}},{"type":"Feature","properties":{"county_nam":"NEW HANOVER","prec_id":"CAPE FEAR 1","precinct_norm":"NEW HANOVER - CAPE FEAR 1","name":"Cape Fear 1","label":"Cape Fear 1","seims_code":"CF01","seims_desc":"CF01","source_vintage":"sbe_2006"},"geometry":{"type":"Point","coordinates":[-77.95296216626917,34.28346900049728]}},{"type":"Feature","properties":{"county_nam":"NEW HANOVER","prec_id":"CAPE FEAR 2","precinct_norm":"NEW HANOVER - CAPE FEAR 2","name":"Cape Fear 2","label":"Cape Fear 2","seims_code":"CF02","seims_desc":"CF02","source_vintage":"sbe_2006"},"geometry":{"type":"Point","coordinates":[-77.90282331209998,34.34587200065014]}},{"type":"Feature","properties":{"county_nam":"NEW HANOVER","prec_id":"CAPE FEAR 3","precinct_norm":"NEW HANOVER - CAPE FEAR 3","name":"Cape Fear 3","label":"Cape Fear 3","seims_code":"CF03","seims_desc":"CF03","source_vintage":"sbe_2006"},"geometry":{"type":"Point","coordinates":[-77.86885410046966,34.29643899852826]}},{"type":"Feature","properties":{"county_nam":"NEW HANOVER","prec_id":"FEDERAL POINT 1","precinct_norm":"NEW HANOVER - FEDERAL POINT 1","name":"Federal Point 1","label":"Federal Point 1","seims_code":"FP01","seims_desc":"FP01","source_vintage":"sbe_2006"},"geometry":{"type":"Point","coordinates":[-77.91571131108624,34.08965150082602]}},{"type":"Feature","properties":{"county_nam":"NEW HANOVER","prec_id":"FEDERAL POINT 4","precinct_norm":"NEW HANOVER - FEDERAL POINT 4","name":"Federal Point 4","label":"Federal Point 4","seims_code":"FP04","seims_desc":"FP04","source_vintage":"sbe_2006"},"geometry":{"type":"Point","coordinates":[-77.87447509893686,34.09801500017124]}},{"type":"Feature","properties":{"county_nam":"NEW HANOVER","prec_id":"FEDERAL POINT 5","precinct_norm":"NEW HANOVER - FEDERAL POINT 5","name":"Federal Point 5","label":"Federal Point 5","seims_code":"FP05","seims_desc":"FP05","source_vintage":"sbe_2006"},"geometry":{"type":"Point","coordinates":[-77.85997675049097,34.05073500147194]}},{"type":"Feature","properties":{"county_nam":"NEW HANOVER","prec_id":"HARNETT 3","precinct_norm":"NEW HANOVER - HARNETT 3","name":"Harnett 3","label":"Harnett 3","seims_code":"H03","seims_desc":"H03","source_vintage":"sbe_2006"},"geometry":{"type":"Point","coordinates":[-77.84040491368106,34.201814001716755]}},{"type":"Feature","properties":{"county_nam":"NEW HANOVER","prec_id":"HARNETT 4","precinct_norm":"NEW HANOVER - HARNETT 4","name":"Harnett 4","label":"Harnett 4","seims_code":"H04","seims_desc":"H04","source_vintage":"sbe_2006"},"geometry":{"type":"Point","coordinates":[-77.84261190411992,34.229051498957375]}},{"type":"Feature","properties":{"county_nam":"NEW HANOVER","prec_id":"HARNETT 5","precinct_norm":"NEW HANOVER - HARNETT 5","name":"Harnett 5","label":"Harnett 5","seims_code":"H05","seims_desc":"H05","source_vintage":"sbe_2006"},"geometry":{"type":"Point","coordinates":[-77.8492167085821,34.24637649958385]}},{"type":"Feature","properties":{"county_nam":"NEW HANOVER","prec_id":"HARNETT 6","precinct_norm":"NEW HANOVER - HARNETT 6","name":"Harnett 6","label":"Harnett 6","seims_code":"H06","seims_desc":"H06","source_vintage":"sbe_2006"},"geometry":{"type":"Point","coordinates":[-77.8510787177636,34.26221899736822]}},{"type":"Feature","properties":{"county_nam":"NEW HANOVER","prec_id":"HARNETT 7","precinct_norm":"NEW HANOVER - HARNETT 7","name":"Harnett 7","label":"Harnett 7","seims_code":"H07","seims_desc":"H07","source_vintage":"sbe_2006"},"geometry":{"type":"Point","coordinates":[-77.83285217761559,34.30573699972466]}},{"type":"Feature","properties":{"county_nam":"NEW HANOVER","prec_id":"HARNETT 9","precinct_norm":"NEW HANOVER - HARNETT 9","name":"Harnett 9","label":"Harnett 9","seims_code":"H09","seims_desc":"H09","source_vintage":"sbe_2006"},"geometry":{"type":"Point","coordinates":[-77.74093607919065,34.27843300046985]}},{"type":"Feature","properties":{"county_nam":"NEW HANOVER","prec_id":"MASONBORO 2","precinct_norm":"NEW HANOVER - MASONBORO 2","name":"Masonboro 2","label":"Masonboro 2","seims_code":"M02","seims_desc":"M02","source_vintage":"sbe_2006"},"geometry":{"type":"Point","coordinates":[-77.85831477500258,34.17741899959036]}},{"type":"Feature","properties":{"county_nam":"NEW HANOVER","prec_id":"MASONBORO 3","precinct_norm":"NEW HANOVER - MASONBORO 3","name":"Masonboro 3","label":"Masonboro 3","seims_code":"M03","seims_desc":"M03","source_vintage":"sbe_2006"},"geometry":{"type":"Point","coordinates":[-77.92578888584421,34.147636000258274]}},{"type":"Feature","properties":{"county_nam":"NEW HANOVER","prec_id":"MASONBORO 4","precinct_norm":"NEW HANOVER - MASONBORO 4","name":"Masonboro 4","label":"Masonboro 4","seims_code":"M04","seims_desc":"M04","source_vintage":"sbe_2006"},"geometry":{"type":"Point","coordinates":[-77.89347120048936,34.16583399970111]}},{"type":"Feature","properties":{"county_nam":"NEW HANOVER","prec_id":"MASONBORO 5","precinct_norm":"NEW HANOVER - MASONBORO 5","name":"Masonboro 5","label":"Masonboro 5","seims_code":"M05","seims_desc":"M05","source_vintage":"sbe_2006"},"geometry":{"type":"Point","coordinates":[-77.8259065315558,34.12810699978084]}},{"type":"Feature","properties":{"county_nam":"NEW HANOVER","prec_id":"WILMINGTON 01","precinct_norm":"NEW HANOVER - WILMINGTON 01","name":"Wilmington 01","label":"Wilmington 01","seims_code":"W01","seims_desc":"W01","source_vintage":"sbe_2006"},"geometry":{"type":"Point","coordinates":[-77.93829465374606,34.25333350059475]}},{"type":"Feature","properties":{"county_nam":"NEW HANOVER","prec_id":"WILMINGTON 02","precinct_norm":"NEW HANOVER - WILMINGTON 02","name":"Wilmington 02","label":"Wilmington 02","seims_code":"W02","seims_desc":"W02","source_vintage":"sbe_2006"},"geometry":{"type":"Point","coordinates":[-77.94477198272193,34.23621299972764]}},{"type":"Feature","properties":{"county_nam":"NEW HANOVER","prec_id":"WILMINGTON 03","precinct_norm":"NEW HANOVER - WILMINGTON 03","name":"Wilmington 03","label":"Wilmington 03","seims_code":"W03","seims_desc":"W03","source_vintage":"sbe_2006"},"geometry":{"type":"Point","coordinates":[-77.9468511657931,34.22037000022116]}},{"type":"Feature","properties":{"county_nam":"NEW HANOVER","prec_id":"WILMINGTON 04","precinct_norm":"NEW HANOVER - WILMINGTON 04","name":"Wilmington 04","label":"Wilmington 04","seims_code":"W04","seims_desc":"W04","source_vintage":"sbe_2006"},"geometry":{"type":"Point","coordinates":[-77.92992328152057,34.19848000013283]}},{"type":"Feature","properties":{"county_nam":"NEW HANOVER","prec_id":"WILMINGTON 05","precinct_norm":"NEW HANOVER - WILMINGTON 05","name":"Wilmington 05","label":"Wilmington 05","seims_code":"W05","seims_desc":"W05","source_vintage":"sbe_2006"},"geometry":{"type":"Point","coordinates":[-77.94083572988791,34.17345799923548]}},{"type":"Feature","properties":{"county_nam":"NEW HANOVER","prec_id":"WILMINGTON 06","precinct_norm":"NEW HANOVER - WILMINGTON 06","name":"Wilmington 06","label":"Wilmington 06","seims_code":"W06","seims_desc":"W06","source_vintage":"sbe_2006"},"geometry":{"type":"Point","coordinates":[-77.9324666492338,34.24176899983844]}},{"type":"Feature","properties":{"county_nam":"NEW HANOVER","prec_id":"WILMINGTON 07","precinct_norm":"NEW HANOVER - WILMINGTON 07","name":"Wilmington 07","label":"Wilmington 07","seims_code":"W07","seims_desc":"W07","source_vintage":"sbe_2006"},"geometry":{"type":"Point","coordinates":[-77.93220453556535,34.22582000052445]}},{"type":"Feature","properties":{"county_nam":"NEW HANOVER","prec_id":"WILMINGTON 08","precinct_norm":"NEW HANOVER - WILMINGTON 08","name":"Wilmington 08","label":"Wilmington 08","seims_code":"W08","seims_desc":"W08","source_vintage":"sbe_2006"},"geometry":{"type":"Point","coordinates":[-77.9353033082347,34.21094349998482]}},{"type":"Feature","properties":{"county_nam":"NEW HANOVER","prec_id":"WILMINGTON 09","precinct_norm":"NEW HANOVER - WILMINGTON 09","name":"Wilmington 09","label":"Wilmington 09","seims_code":"W09","seims_desc":"W09","source_vintage":"sbe_2006"},"geometry":{"type":"Point","coordinates":[-77.92403465463568,34.25047050064383]}},{"type":"Feature","properties":{"county_nam":"NEW HANOVER","prec_id":"WILMINGTON 10","precinct_norm":"NEW HANOVER - WILMINGTON 10","name":"Wilmington 10","label":"Wilmington 10","seims_code":"W10","seims_desc":"W10","source_vintage":"sbe_2006"},"geometry":{"type":"Point","coordinates":[-77.92177774901664,34.23036900248621]}},{"type":"Feature","properties":{"county_nam":"NEW HANOVER","prec_id":"WILMINGTON 11","precinct_norm":"NEW HANOVER - WILMINGTON 11","name":"Wilmington 11","label":"Wilmington 11","seims_code":"W11","seims_desc":"W11","source_vintage":"sbe_2006"},"geometry":{"type":"Point","coordinates":[-77.91701420224167,34.210159001128034]}},{"type":"Feature","properties":{"county_nam":"NEW HANOVER","prec_id":"WILMINGTON 12","precinct_norm":"NEW HANOVER - WILMINGTON 12","name":"Wilmington 12","label":"Wilmington 12","seims_code":"W12","seims_desc":"W12","source_vintage":"sbe_2006"},"geometry":{"type":"Point","coordinates":[-77.9113991251421,34.23031900042301]}},{"type":"Feature","properties":{"county_nam":"NEW HANOVER","prec_id":"WILMINGTON 13","precinct_norm":"NEW HANOVER - WILMINGTON 13","name":"Wilmington 13","label":"Wilmington 13","seims_code":"W13","seims_desc":"W13","source_vintage":"sbe_2006"},"geometry":{"type":"Point","coordinates":[-77.88202962527237,34.229946501544845]}},{"type":"Feature","properties":{"county_nam":"NEW HANOVER","prec_id":"WILMINGTON 14","precinct_norm":"NEW HANOVER - WILMINGTON 14","name":"Wilmington 14","label":"Wilmington 14","seims_code":"W14","seims_desc":"W14","source_vintage":"sbe_2006"},"geometry":{"type":"Point","coordinates":[-77.89813388782031,34.20791999970328]}},{"type":"Feature","properties":{"county_nam":"NEW HANOVER","prec_id":"WILMINGTON 16","precinct_norm":"NEW HANOVER - WILMINGTON 16","name":"Wilmington 16","label":"Wilmington 16","seims_code":"W16","seims_desc":"W16","source_vintage":"sbe_2006"},"geometry":{"type":"Point","coordinates":[-77.90399609797652,34.1862009988829]}},{"type":"Feature","properties":{"county_nam":"NEW HANOVER","prec_id":"WILMINGTON 17","precinct_norm":"NEW HANOVER - WILMINGTON 17","name":"Wilmington 17","label":"Wilmington 17","seims_code":"W17","seims_desc":"W17","source_vintage":"sbe_2006"},"geometry":{"type":"Point","coordinates":[-77.87601769654069,34.191185501167396]}},{"type":"Feature","properties":{"county_nam":"NEW HANOVER","prec_id":"WILMINGTON 18","precinct_norm":"NEW HANOVER - WILMINGTON 18","name":"Wilmington 18","label":"Wilmington 18","seims_code":"W18","seims_desc":"W18","source_vintage":"sbe_2006"},"geometry":{"type":"Point","coordinates":[-77.86912449849028,34.20785549951968]}},{"type":"Feature","properties":{"county_nam":"NEW HANOVER","prec_id":"WILMINGTON 19","precinct_norm":"NEW HANOVER - WILMINGTON 19","name":"Wilmington 19","label":"Wilmington 19","seims_code":"W19","seims_desc":"W19","source_vintage":"sbe_2006"},"geometry":{"type":"Point","coordinates":[-77.95039953012608,34.201970000774494]}},{"type":"Feature","properties":{"county_nam":"NEW HANOVER","prec_id":"WILMINGTON 20","precinct_norm":"NEW HANOVER - WILMINGTON 20","name":"Wilmington 20","label":"Wilmington 20","seims_code":"W20","seims_desc":"W20","source_vintage":"sbe_2006"},"geometry":{"type":"Point","coordinates":[-77.92491325359606,34.18814999931813]}},{"type":"Feature","properties":{"county_nam":"NEW HANOVER","prec_id":"WILMINGTON 21","precinct_norm":"NEW HANOVER - WILMINGTON 21","name":"Wilmington 21","label":"Wilmington 21","seims_code":"W21","seims_desc":"W21","source_vintage":"sbe_2006"},"geometry":{"type":"Point","coordinates":[-77.91000936391848,34.17230549818828]}},{"type":"Feature","properties":{"county_nam":"NEW HANOVER","prec_id":"WILMINGTON 22","precinct_norm":"NEW HANOVER - WILMINGTON 22","name":"Wilmington 22","label":"Wilmington 22","seims_code":"W22","seims_desc":"W22","source_vintage":"sbe_2006"},"geometry":{"type":"Point","coordinates":[-77.89626427264696,34.22871899905034]}},{"type":"Feature","properties":{"county_nam":"NEW HANOVER","prec_id":"WILMINGTON 23","precinct_norm":"NEW HANOVER - WILMINGTON 23","name":"Wilmington 23","label":"Wilmington 23","seims_code":"W23","seims_desc":"W23","source_vintage":"sbe_2006"},"geometry":{"type":"Point","coordinates":[-77.89396925074634,34.21712199936687]}},{"type":"Feature","properties":{"county_nam":"NEW HANOVER","prec_id":"WILMINGTON 24","precinct_norm":"NEW HANOVER - WILMINGTON 24","name":"Wilmington 24","label":"Wilmington 24","seims_code":"W24","seims_desc":"W24","source_vintage":"sbe_2006"},"geometry":{"type":"Point","coordinates":[-77.86880691865474,34.22437799823324]}},{"type":"Feature","properties":{"county_nam":"NEW HANOVER","prec_id":"WRIGHTSVILLE BEACH","precinct_norm":"NEW HANOVER - WRIGHTSVILLE BEACH","name":"Wrightsville Beach","label":"Wrightsville Beach","seims_code":"WB","seims_desc":"WB","source_vintage":"sbe_2006"},"geometry":{"type":"Point","coordinates":[-77.77314463851286,34.2023844988821]}},{"type":"Feature","properties":{"county_nam":"NEW HANOVER","prec_id":"FEDERAL POINT 2","precinct_norm":"NEW HANOVER - FEDERAL POINT 2","name":"Federal Point 2","label":"Federal Point 2","seims_code":"FP02","seims_desc":"FP02","source_vintage":"sbe_2006"},"geometry":{"type":"Point","coordinates":[-77.9152494396226,34.02271899916839]}},{"type":"Feature","properties":{"county_nam":"NEW HANOVER","prec_id":"FEDERAL POINT 3","precinct_norm":"NEW HANOVER - FEDERAL POINT 3","name":"Federal Point 3","label":"Federal Point 3","seims_code":"FP03","seims_desc":"FP03","source_vintage":"sbe_2006"},"geometry":{"type":"Point","coordinates":[-77.90712691879634,33.9038815008875]}},{"type":"Feature","properties":{"county_nam":"NEW HANOVER","prec_id":"HARNETT 1","precinct_norm":"NEW HANOVER - HARNETT 1","name":"Harnett 1","label":"Harnett 1","seims_code":"H01","seims_desc":"H01","source_vintage":"sbe_2006"},"geometry":{"type":"Point","coordinates":[-77.87819389431182,34.264931499267824]}},{"type":"Feature","properties":{"county_nam":"NEW HANOVER","prec_id":"WILMINGTON 15","precinct_norm":"NEW HANOVER - WILMINGTON 15","name":"Wilmington 15","label":"Wilmington 15","seims_code":"W15","seims_desc":"W15","source_vintage":"sbe_2006"},"geometry":{"type":"Point","coordinates":[-77.89270644303872,34.24656899922182]}},{"type":"Feature","properties":{"county_nam":"NEW HANOVER","prec_id":"HARNETT 2 & 8","precinct_norm":"NEW HANOVER - HARNETT 2 & 8","name":"Harnett 2 & 8","label":"Harnett 2 & 8","seims_code":"H02 & H08","seims_desc":"H02 & H08","source_vintage":"sbe_2006"},"geometry":{"type":"Point","coordinates":[-77.80530141655737,34.24840150045106]}},{"type":"Feature","properties":{"county_nam":"NORTHAMPTON","prec_id":"CONWAY","precinct_norm":"NORTHAMPTON - CONWAY","name":"Conway","label":"Conway","seims_code":"CONWAY","seims_desc":"CONWAY","source_vintage":"sbe_2006"},"geometry":{"type":"Point","coordinates":[-77.21740105860198,36.44688100040003]}},{"type":"Feature","properties":{"county_nam":"NORTHAMPTON","prec_id":"CREEKSVILLE","precinct_norm":"NORTHAMPTON - CREEKSVILLE","name":"Creeksville","label":"Creeksville","seims_code":"CREEKS","seims_desc":"CREEKSVILLE","source_vintage":"sbe_2006"},"geometry":{"type":"Point","coordinates":[-77.32329224818423,36.40815849908948]}},{"type":"Feature","properties":{"county_nam":"NORTHAMPTON","prec_id":"GALATIA","precinct_norm":"NORTHAMPTON - GALATIA","name":"Galatia","label":"Galatia","seims_code":"GALATI","seims_desc":"GALATIA","source_vintage":"sbe_2006"},"geometry":{"type":"Point","coordinates":[-77.32953394558257,36.48982149862958]}},{"type":"Feature","properties":{"county_nam":"NORTHAMPTON","prec_id":"GARYSBURG","precinct_norm":"NORTHAMPTON - GARYSBURG","name":"Garysburg","label":"Garysburg","seims_code":"GARYSB","seims_desc":"GARYSBURG","source_vintage":"sbe_2006"},"geometry":{"type":"Point","coordinates":[-77.49950191347989,36.400444999581154]}},{"type":"Feature","properties":{"county_nam":"NORTHAMPTON","prec_id":"GASTON","precinct_norm":"NORTHAMPTON - GASTON","name":"Gaston","label":"Gaston","seims_code":"GASTON","seims_desc":"GASTON","source_vintage":"sbe_2006"},"geometry":{"type":"Point","coordinates":[-77.6886822260904,36.495076999971005]}},{"type":"Feature","properties":{"county_nam":"NORTHAMPTON","prec_id":"JACKSON","precinct_norm":"NORTHAMPTON - JACKSON","name":"Jackson","label":"Jackson","seims_code":"JACKSO","seims_desc":"JACKSON","source_vintage":"sbe_2006"},"geometry":{"type":"Point","coordinates":[-77.42623458935526,36.39317850045585]}},{"type":"Feature","properties":{"county_nam":"NORTHAMPTON","prec_id":"LAKE GASTON","precinct_norm":"NORTHAMPTON - LAKE GASTON","name":"Lake Gaston","label":"Lake Gaston","seims_code":"LAKE G","seims_desc":"LAKE GASTON","source_vintage":"sbe_2006"},"geometry":{"type":"Point","coordinates":[-77.8334147698985,36.51477900012699]}},{"type":"Feature","properties":{"county_nam":"NORTHAMPTON","prec_id":"LASKER","precinct_norm":"NORTHAMPTON - LASKER","name":"Lasker","label":"Lasker","seims_code":"LASKER","seims_desc":"LASKER","source_vintage":"sbe_2006"},"geometry":{"type":"Point","coordinates":[-77.3012802896531,36.35922050025351]}},{"type":"Feature","properties":{"county_nam":"NORTHAMPTON","prec_id":"MILWAUKEE","precinct_norm":"NORTHAMPTON - MILWAUKEE","name":"Milwaukee","label":"Milwaukee","seims_code":"MILWAU","seims_desc":"MILWAUKEE","source_vintage":"sbe_2006"},"geometry":{"type":"Point","coordinates":[-77.22722128275596,36.39303999918987]}},{"type":"Feature","properties":{"county_nam":"NORTHAMPTON","prec_id":"NEWTOWN","precinct_norm":"NORTHAMPTON - NEWTOWN","name":"Newtown","label":"Newtown","seims_code":"NEWTOW","seims_desc":"NEWTOWN","source_vintage":"sbe_2006"},"geometry":{"type":"Point","coordinates":[-77.1671393472513,36.42577799825135]}},{"type":"Feature","properties":{"county_nam":"NORTHAMPTON","prec_id":"PENDLETON","precinct_norm":"NORTHAMPTON - PENDLETON","name":"Pendleton","label":"Pendleton","seims_code":"PENDLE","seims_desc":"PENDLETON","source_vintage":"sbe_2006"},"geometry":{"type":"Point","coordinates":[-77.18392628292031,36.47730049856789]}},{"type":"Feature","properties":{"county_nam":"NORTHAMPTON","prec_id":"PLEASANT HILL","precinct_norm":"NORTHAMPTON - PLEASANT HILL","name":"Pleasant Hill","label":"Pleasant Hill","seims_code":"PLEASA","seims_desc":"PLEASANT HILL","source_vintage":"sbe_2006"},"geometry":{"type":"Point","coordinates":[-77.54504265934358,36.509113501991806]}},{"type":"Feature","properties":{"county_nam":"NORTHAMPTON","prec_id":"POTECASI","precinct_norm":"NORTHAMPTON - POTECASI","name":"Potecasi","label":"Potecasi","seims_code":"POTECA","seims_desc":"POTECASI","source_vintage":"sbe_2006"},"geometry":{"type":"Point","coordinates":[-77.24278542363115,36.35626850226696]}},{"type":"Feature","properties":{"county_nam":"NORTHAMPTON","prec_id":"REHOBETH","precinct_norm":"NORTHAMPTON - REHOBETH","name":"Rehobeth","label":"Rehobeth","seims_code":"REHOBE","seims_desc":"REHOBETH","source_vintage":"sbe_2006"},"geometry":{"type":"Point","coordinates":[-77.3906679492608,36.33534100158296]}},{"type":"Feature","properties":{"county_nam":"NORTHAMPTON","prec_id":"RICH SQUARE","precinct_norm":"NORTHAMPTON - RICH SQUARE","name":"Rich Square","label":"Rich Square","seims_code":"RICH S","seims_desc":"RICH SQUARE","source_vintage":"sbe_2006"},"geometry":{"type":"Point","coordinates":[-77.29365008169755,36.245872999805925]}},{"type":"Feature","properties":{"county_nam":"NORTHAMPTON","prec_id":"SEABOARD","precinct_norm":"NORTHAMPTON - SEABOARD","name":"Seaboard","label":"Seaboard","seims_code":"SEABOA","seims_desc":"SEABOARD","source_vintage":"sbe_2006"},"geometry":{"type":"Point","coordinates":[-77.44986045151703,36.477303498682716]}},{"type":"Feature","properties":{"county_nam":"NORTHAMPTON","prec_id":"SEVERN","precinct_norm":"NORTHAMPTON - SEVERN","name":"Severn","label":"Severn","seims_code":"SEVERN","seims_desc":"SEVERN","source_vintage":"sbe_2006"},"geometry":{"type":"Point","coordinates":[-77.16752025116102,36.50950299995736]}},{"type":"Feature","properties":{"county_nam":"NORTHAMPTON","prec_id":"WOODLAND","precinct_norm":"NORTHAMPTON - WOODLAND","name":"Woodland","label":"Woodland","seims_code":"WOODLA","seims_desc":"WOODLAND","source_vintage":"sbe_2006"},"geometry":{"type":"Point","coordinates":[-77.21594775686549,36.324011499169714]}},{"type":"Feature","properties":{"county_nam":"ONSLOW","prec_id":"BEAR CREEK","precinct_norm":"ONSLOW - BEAR CREEK","name":"Bear Creek","label":"Bear Creek","seims_code":"BC21","seims_desc":"BEAR CREEK","source_vintage":"sbe_2006"},"geometry":{"type":"Point","coordinates":[-77.18288820081833,34.67136199900372]}},{"type":"Feature","properties":{"county_nam":"ONSLOW","prec_id":"BRYNN MARR","precinct_norm":"ONSLOW - BRYNN MARR","name":"Brynn Marr","label":"Brynn Marr","seims_code":"BM08","seims_desc":"BRYNN MARR","source_vintage":"sbe_2006"},"geometry":{"type":"Point","coordinates":[-77.37467951293274,34.77126049969066]}},{"type":"Feature","properties":{"county_nam":"ONSLOW","prec_id":"CATHERINE LAKE","precinct_norm":"ONSLOW - CATHERINE LAKE","name":"Catherine Lake","label":"Catherine Lake","seims_code":"CL10","seims_desc":"CATHERINE LAKE","source_vintage":"sbe_2006"},"geometry":{"type":"Point","coordinates":[-77.61448123105959,34.82983599903919]}},{"type":"Feature","properties":{"county_nam":"ONSLOW","prec_id":"CROSS ROADS","precinct_norm":"ONSLOW - CROSS ROADS","name":"Cross Roads","label":"Cross Roads","seims_code":"CR07","seims_desc":"CROSS ROADS","source_vintage":"sbe_2006"},"geometry":{"type":"Point","coordinates":[-77.53233275733179,34.75665649923368]}},{"type":"Feature","properties":{"county_nam":"ONSLOW","prec_id":"FOLKSTONE","precinct_norm":"ONSLOW - FOLKSTONE","name":"Folkstone","label":"Folkstone","seims_code":"FS16","seims_desc":"FOLKSTONE","source_vintage":"sbe_2006"},"geometry":{"type":"Point","coordinates":[-77.45447752439155,34.51446499968939]}},{"type":"Feature","properties":{"county_nam":"ONSLOW","prec_id":"GUM BRANCH","precinct_norm":"ONSLOW - GUM BRANCH","name":"Gum Branch","label":"Gum Branch","seims_code":"GB12","seims_desc":"GUM BRANCH","source_vintage":"sbe_2006"},"geometry":{"type":"Point","coordinates":[-77.50199834837869,34.86167300040812]}},{"type":"Feature","properties":{"county_nam":"ONSLOW","prec_id":"HALF MOON","precinct_norm":"ONSLOW - HALF MOON","name":"Half Moon","label":"Half Moon","seims_code":"HM05","seims_desc":"HALF MOON","source_vintage":"sbe_2006"},"geometry":{"type":"Point","coordinates":[-77.4399159764736,34.82719199874764]}},{"type":"Feature","properties":{"county_nam":"ONSLOW","prec_id":"HAWS RUN","precinct_norm":"ONSLOW - HAWS RUN","name":"Haws Run","label":"Haws Run","seims_code":"HN14","seims_desc":"HAWS RUN","source_vintage":"sbe_2006"},"geometry":{"type":"Point","coordinates":[-77.58515912317256,34.667719500474945]}},{"type":"Feature","properties":{"county_nam":"ONSLOW","prec_id":"HOLLY RIDGE","precinct_norm":"ONSLOW - HOLLY RIDGE","name":"Holly Ridge","label":"Holly Ridge","seims_code":"HR17","seims_desc":"HOLLY RIDGE","source_vintage":"sbe_2006"},"geometry":{"type":"Point","coordinates":[-77.55220766863323,34.54587499783953]}},{"type":"Feature","properties":{"county_nam":"ONSLOW","prec_id":"HUBERT","precinct_norm":"ONSLOW - HUBERT","name":"Hubert","label":"Hubert","seims_code":"HU20","seims_desc":"HUBERT","source_vintage":"sbe_2006"},"geometry":{"type":"Point","coordinates":[-77.23004902904606,34.702576999697634]}},{"type":"Feature","properties":{"county_nam":"ONSLOW","prec_id":"JACKSONVILLE","precinct_norm":"ONSLOW - JACKSONVILLE","name":"Jacksonville","label":"Jacksonville","seims_code":"JA01","seims_desc":"JACKSONVILLE","source_vintage":"sbe_2006"},"geometry":{"type":"Point","coordinates":[-77.35540677011859,34.702026000685464]}},{"type":"Feature","properties":{"county_nam":"ONSLOW","prec_id":"MILLS","precinct_norm":"ONSLOW - MILLS","name":"Mills","label":"Mills","seims_code":"ML23","seims_desc":"MILLS","source_vintage":"sbe_2006"},"geometry":{"type":"Point","coordinates":[-77.25555945411489,34.886908999772885]}},{"type":"Feature","properties":{"county_nam":"ONSLOW","prec_id":"MORTONS","precinct_norm":"ONSLOW - MORTONS","name":"Mortons","label":"Mortons","seims_code":"MT24","seims_desc":"MORTONS","source_vintage":"sbe_2006"},"geometry":{"type":"Point","coordinates":[-77.21203829953106,34.78991849972273]}},{"type":"Feature","properties":{"county_nam":"ONSLOW","prec_id":"NEW RIVER","precinct_norm":"ONSLOW - NEW RIVER","name":"New River","label":"New River","seims_code":"NR02","seims_desc":"NEW RIVER","source_vintage":"sbe_2006"},"geometry":{"type":"Point","coordinates":[-77.39961497077249,34.75961299998845]}},{"type":"Feature","properties":{"county_nam":"ONSLOW","prec_id":"NINE MILE","precinct_norm":"ONSLOW - NINE MILE","name":"Nine Mile","label":"Nine Mile","seims_code":"NM13","seims_desc":"NINE MILE","source_vintage":"sbe_2006"},"geometry":{"type":"Point","coordinates":[-77.62580214679573,34.74139350087421]}},{"type":"Feature","properties":{"county_nam":"ONSLOW","prec_id":"NORTHEAST","precinct_norm":"ONSLOW - NORTHEAST","name":"Northeast","label":"Northeast","seims_code":"NE22","seims_desc":"NE22","source_vintage":"sbe_2006"},"geometry":{"type":"Point","coordinates":[-77.31326557146888,34.77587849990675]}},{"type":"Feature","properties":{"county_nam":"ONSLOW","prec_id":"NORTHWOODS EAST","precinct_norm":"ONSLOW - NORTHWOODS EAST","name":"Northwoods East","label":"Northwoods East","seims_code":"EN03","seims_desc":"EAST NORTHWOODS","source_vintage":"sbe_2006"},"geometry":{"type":"Point","coordinates":[-77.40023447790388,34.801705500769934]}},{"type":"Feature","properties":{"county_nam":"ONSLOW","prec_id":"NORTHWOODS WEST","precinct_norm":"ONSLOW - NORTHWOODS WEST","name":"Northwoods West","label":"Northwoods West","seims_code":"WN04","seims_desc":"WEST NORTHWOODS","source_vintage":"sbe_2006"},"geometry":{"type":"Point","coordinates":[-77.44704109034369,34.78173750076516]}},{"type":"Feature","properties":{"county_nam":"ONSLOW","prec_id":"PRECINCTS NOT DEFINED 1","precinct_norm":"ONSLOW - PRECINCTS NOT DEFINED 1","name":"precincts not defined 1","label":"precincts not defined 1","seims_code":"133PND1","seims_desc":"PRECINCTS NOT DEFINED 1","source_vintage":"sbe_2006"},"geometry":{"type":"Point","coordinates":[-77.37258512782849,34.87366149991966]}},{"type":"Feature","properties":{"county_nam":"ONSLOW","prec_id":"PRECINCTS NOT DEFINED 2","precinct_norm":"ONSLOW - PRECINCTS NOT DEFINED 2","name":"precincts not defined 2","label":"precincts not defined 2","seims_code":"133PND2","seims_desc":"PRECINCTS NOT DEFINED 2","source_vintage":"sbe_2006"},"geometry":{"type":"Point","coordinates":[-77.25873634893082,34.571019500261954]}},{"type":"Feature","properties":{"county_nam":"ONSLOW","prec_id":"RICHLANDS","precinct_norm":"ONSLOW - RICHLANDS","name":"Richlands","label":"Richlands","seims_code":"RL09","seims_desc":"RICHLANDS","source_vintage":"sbe_2006"},"geometry":{"type":"Point","coordinates":[-77.58178900049097,34.91279949885525]}},{"type":"Feature","properties":{"county_nam":"ONSLOW","prec_id":"SNEADS FERRY","precinct_norm":"ONSLOW - SNEADS FERRY","name":"Sneads Ferry","label":"Sneads Ferry","seims_code":"SF18","seims_desc":"SNEADS FERRY","source_vintage":"sbe_2006"},"geometry":{"type":"Point","coordinates":[-77.39590402562303,34.54600399983603]}},{"type":"Feature","properties":{"county_nam":"ONSLOW","prec_id":"SWANSBORO","precinct_norm":"ONSLOW - SWANSBORO","name":"Swansboro","label":"Swansboro","seims_code":"SW19","seims_desc":"SWANSBORO","source_vintage":"sbe_2006"},"geometry":{"type":"Point","coordinates":[-77.13497923671173,34.6527000005344]}},{"type":"Feature","properties":{"county_nam":"ONSLOW","prec_id":"TAR LANDING","precinct_norm":"ONSLOW - TAR LANDING","name":"Tar Landing","label":"Tar Landing","seims_code":"TL06","seims_desc":"TAR LANDING","source_vintage":"sbe_2006"},"geometry":{"type":"Point","coordinates":[-77.50706213825978,34.78812150015244]}},{"type":"Feature","properties":{"county_nam":"ONSLOW","prec_id":"VERONA","precinct_norm":"ONSLOW - VERONA","name":"Verona","label":"Verona","seims_code":"VR15","seims_desc":"VERONA","source_vintage":"sbe_2006"},"geometry":{"type":"Point","coordinates":[-77.49263642924234,34.673126497907234]}},{"type":"Feature","properties":{"county_nam":"ORANGE","prec_id":"BATTLE PARK","precinct_norm":"ORANGE - BATTLE PARK","name":"Battle Park","label":"Battle Park","seims_code":"BP","seims_desc":"BATTLE PARK","source_vintage":"sbe_2006"},"geometry":{"type":"Point","coordinates":[-79.04415819468713,35.92238049914936]}},{"type":"Feature","properties":{"county_nam":"ORANGE","prec_id":"BOOKER CREEK","precinct_norm":"ORANGE - BOOKER CREEK","name":"Booker Creek","label":"Booker Creek","seims_code":"BC","seims_desc":"BOOKER CREEK","source_vintage":"sbe_2006"},"geometry":{"type":"Point","coordinates":[-79.02023732900022,35.94420050108794]}},{"type":"Feature","properties":{"county_nam":"ORANGE","prec_id":"CALDWELL","precinct_norm":"ORANGE - CALDWELL","name":"Caldwell","label":"Caldwell","seims_code":"CW","seims_desc":"CALDWELL","source_vintage":"sbe_2006"},"geometry":{"type":"Point","coordinates":[-79.01333122802185,36.187018998445275]}},{"type":"Feature","properties":{"county_nam":"ORANGE","prec_id":"CAMERON PARK","precinct_norm":"ORANGE - CAMERON PARK","name":"Cameron Park","label":"Cameron Park","seims_code":"CP","seims_desc":"CAMERON PARK","source_vintage":"sbe_2006"},"geometry":{"type":"Point","coordinates":[-79.08721594464356,36.09470049902985]}},{"type":"Feature","properties":{"county_nam":"ORANGE","prec_id":"CARR","precinct_norm":"ORANGE - CARR","name":"Carr","label":"Carr","seims_code":"CA","seims_desc":"CARR","source_vintage":"sbe_2006"},"geometry":{"type":"Point","coordinates":[-79.23077894875755,36.189362500100515]}},{"type":"Feature","properties":{"county_nam":"ORANGE","prec_id":"CARRBORO","precinct_norm":"ORANGE - CARRBORO","name":"Carrboro","label":"Carrboro","seims_code":"CB","seims_desc":"CARRBORO","source_vintage":"sbe_2006"},"geometry":{"type":"Point","coordinates":[-79.10911079704108,35.925034501252824]}},{"type":"Feature","properties":{"county_nam":"ORANGE","prec_id":"CARRBORO NORTH","precinct_norm":"ORANGE - CARRBORO NORTH","name":"Carrboro North","label":"Carrboro North","seims_code":"NC","seims_desc":"NORTH CARRBORO","source_vintage":"sbe_2006"},"geometry":{"type":"Point","coordinates":[-79.08905135891405,35.9340399997436]}},{"type":"Feature","properties":{"county_nam":"ORANGE","prec_id":"CEDAR FALLS","precinct_norm":"ORANGE - CEDAR FALLS","name":"Cedar Falls","label":"Cedar Falls","seims_code":"CF","seims_desc":"CEDAR FALLS","source_vintage":"sbe_2006"},"geometry":{"type":"Point","coordinates":[-79.02219869960042,35.95701749746381]}},{"type":"Feature","properties":{"county_nam":"ORANGE","prec_id":"CEDAR GROVE","precinct_norm":"ORANGE - CEDAR GROVE","name":"Cedar Grove","label":"Cedar Grove","seims_code":"CG","seims_desc":"CEDAR GROVE","source_vintage":"sbe_2006"},"geometry":{"type":"Point","coordinates":[-79.17100839357607,36.18922299986939]}},{"type":"Feature","properties":{"county_nam":"ORANGE","prec_id":"CHEEKS","precinct_norm":"ORANGE - CHEEKS","name":"Cheeks","label":"Cheeks","seims_code":"CX","seims_desc":"CHEEKS","source_vintage":"sbe_2006"},"geometry":{"type":"Point","coordinates":[-79.22626271984895,36.08352149889083]}},{"type":"Feature","properties":{"county_nam":"ORANGE","prec_id":"COKER HILLS","precinct_norm":"ORANGE - COKER HILLS","name":"Coker Hills","label":"Coker Hills","seims_code":"CH","seims_desc":"COKER HILLS","source_vintage":"sbe_2006"},"geometry":{"type":"Point","coordinates":[-79.0338604366451,35.936875998902835]}},{"type":"Feature","properties":{"county_nam":"ORANGE","prec_id":"COLES STORE","precinct_norm":"ORANGE - COLES STORE","name":"Coles Store","label":"Coles Store","seims_code":"CS1","seims_desc":"COLES STORE","source_vintage":"sbe_2006"},"geometry":{"type":"Point","coordinates":[-79.10162394721637,36.000832500311745]}},{"type":"Feature","properties":{"county_nam":"ORANGE","prec_id":"HOGAN FARM","precinct_norm":"ORANGE - HOGAN FARM","name":"Hogan Farm","label":"Hogan Farm","seims_code":"HF","seims_desc":"HOGAN FARM","source_vintage":"sbe_2006"},"geometry":{"type":"Point","coordinates":[-79.10602182352946,35.95699050057718]}},{"type":"Feature","properties":{"county_nam":"ORANGE","prec_id":"COLONIAL HEIGHTS","precinct_norm":"ORANGE - COLONIAL HEIGHTS","name":"Colonial Heights","label":"Colonial Heights","seims_code":"CO","seims_desc":"COLONIAL HEIGHTS","source_vintage":"sbe_2006"},"geometry":{"type":"Point","coordinates":[-79.0659582070407,35.934148498774235]}},{"type":"Feature","properties":{"county_nam":"ORANGE","prec_id":"COUNTRY CLUB","precinct_norm":"ORANGE - COUNTRY CLUB","name":"Country Club","label":"Country Club","seims_code":"CC","seims_desc":"COUNTRY CLUB","source_vintage":"sbe_2006"},"geometry":{"type":"Point","coordinates":[-79.0424119796338,35.90480349782244]}},{"type":"Feature","properties":{"county_nam":"ORANGE","prec_id":"DAMASCUS","precinct_norm":"ORANGE - DAMASCUS","name":"Damascus","label":"Damascus","seims_code":"DM","seims_desc":"DAMASCUS","source_vintage":"sbe_2006"},"geometry":{"type":"Point","coordinates":[-79.08909296992354,35.881934000988736]}},{"type":"Feature","properties":{"county_nam":"ORANGE","prec_id":"DOGWOOD ACRES","precinct_norm":"ORANGE - DOGWOOD ACRES","name":"Dogwood Acres","label":"Dogwood Acres","seims_code":"DA","seims_desc":"DOGWOOD ACRES","source_vintage":"sbe_2006"},"geometry":{"type":"Point","coordinates":[-79.07346375196512,35.877438002542675]}},{"type":"Feature","properties":{"county_nam":"ORANGE","prec_id":"EASTSIDE","precinct_norm":"ORANGE - EASTSIDE","name":"Eastside","label":"Eastside","seims_code":"ES","seims_desc":"EASTSIDE","source_vintage":"sbe_2006"},"geometry":{"type":"Point","coordinates":[-79.01067089295134,35.94096800040127]}},{"type":"Feature","properties":{"county_nam":"ORANGE","prec_id":"EFLAND","precinct_norm":"ORANGE - EFLAND","name":"Efland","label":"Efland","seims_code":"EF","seims_desc":"EFLAND","source_vintage":"sbe_2006"},"geometry":{"type":"Point","coordinates":[-79.16283320730845,36.08392450000692]}},{"type":"Feature","properties":{"county_nam":"ORANGE","prec_id":"ENO","precinct_norm":"ORANGE - ENO","name":"Eno","label":"Eno","seims_code":"ENO","seims_desc":"ENO","source_vintage":"sbe_2006"},"geometry":{"type":"Point","coordinates":[-79.02540790450357,36.05789249999982]}},{"type":"Feature","properties":{"county_nam":"ORANGE","prec_id":"ESTES HILLS","precinct_norm":"ORANGE - ESTES HILLS","name":"Estes Hills","label":"Estes Hills","seims_code":"EH","seims_desc":"ESTES HILLS","source_vintage":"sbe_2006"},"geometry":{"type":"Point","coordinates":[-79.04581903903362,35.94046750170989]}},{"type":"Feature","properties":{"county_nam":"ORANGE","prec_id":"FRANKLIN EAST","precinct_norm":"ORANGE - FRANKLIN EAST","name":"Franklin East","label":"Franklin East","seims_code":"EA","seims_desc":"EAST FRANKLIN","source_vintage":"sbe_2006"},"geometry":{"type":"Point","coordinates":[-79.05368988513251,35.91852049907864]}},{"type":"Feature","properties":{"county_nam":"ORANGE","prec_id":"GLENWOOD","precinct_norm":"ORANGE - GLENWOOD","name":"Glenwood","label":"Glenwood","seims_code":"GL","seims_desc":"GLENWOOD","source_vintage":"sbe_2006"},"geometry":{"type":"Point","coordinates":[-79.01893011817197,35.90731300110575]}},{"type":"Feature","properties":{"county_nam":"ORANGE","prec_id":"GRADY BROWN","precinct_norm":"ORANGE - GRADY BROWN","name":"Grady Brown","label":"Grady Brown","seims_code":"GB","seims_desc":"GRADY BROWN","source_vintage":"sbe_2006"},"geometry":{"type":"Point","coordinates":[-79.10269250371289,36.04649199919092]}},{"type":"Feature","properties":{"county_nam":"ORANGE","prec_id":"GREENWOOD","precinct_norm":"ORANGE - GREENWOOD","name":"Greenwood","label":"Greenwood","seims_code":"GR","seims_desc":"GREENWOOD","source_vintage":"sbe_2006"},"geometry":{"type":"Point","coordinates":[-79.03367324621283,35.91779599957981]}},{"type":"Feature","properties":{"county_nam":"ORANGE","prec_id":"HILLSBOROUGH","precinct_norm":"ORANGE - HILLSBOROUGH","name":"Hillsborough","label":"Hillsborough","seims_code":"H","seims_desc":"HILLSBOROUGH","source_vintage":"sbe_2006"},"geometry":{"type":"Point","coordinates":[-79.10833037617465,36.07119199939504]}},{"type":"Feature","properties":{"county_nam":"ORANGE","prec_id":"HILLSBOROUGH WEST","precinct_norm":"ORANGE - HILLSBOROUGH WEST","name":"Hillsborough West","label":"Hillsborough West","seims_code":"WH","seims_desc":"WEST HILLSBOROUGH","source_vintage":"sbe_2006"},"geometry":{"type":"Point","coordinates":[-79.11963321906029,36.096007500995846]}},{"type":"Feature","properties":{"county_nam":"ORANGE","prec_id":"KINGS MILL","precinct_norm":"ORANGE - KINGS MILL","name":"Kings Mill","label":"Kings Mill","seims_code":"KM","seims_desc":"KINGS MILL","source_vintage":"sbe_2006"},"geometry":{"type":"Point","coordinates":[-79.03755553666474,35.88111399930131]}},{"type":"Feature","properties":{"county_nam":"ORANGE","prec_id":"LINCOLN","precinct_norm":"ORANGE - LINCOLN","name":"Lincoln","label":"Lincoln","seims_code":"LI","seims_desc":"LINCOLN","source_vintage":"sbe_2006"},"geometry":{"type":"Point","coordinates":[-79.06554214121849,35.90529050099558]}},{"type":"Feature","properties":{"county_nam":"ORANGE","prec_id":"LIONS CLUB","precinct_norm":"ORANGE - LIONS CLUB","name":"Lions Club","label":"Lions Club","seims_code":"LC","seims_desc":"LIONS CLUB","source_vintage":"sbe_2006"},"geometry":{"type":"Point","coordinates":[-79.08550763044519,35.91160249959591]}},{"type":"Feature","properties":{"county_nam":"ORANGE","prec_id":"MASON FARM","precinct_norm":"ORANGE - MASON FARM","name":"Mason Farm","label":"Mason Farm","seims_code":"MF","seims_desc":"MASON FARM","source_vintage":"sbe_2006"},"geometry":{"type":"Point","coordinates":[-79.04725061889128,35.89881750193602]}},{"type":"Feature","properties":{"county_nam":"ORANGE","prec_id":"NORTHSIDE","precinct_norm":"ORANGE - NORTHSIDE","name":"Northside","label":"Northside","seims_code":"NS","seims_desc":"NORTHSIDE","source_vintage":"sbe_2006"},"geometry":{"type":"Point","coordinates":[-79.06173649271385,35.917564500057125]}},{"type":"Feature","properties":{"county_nam":"ORANGE","prec_id":"ORANGE GROVE","precinct_norm":"ORANGE - ORANGE GROVE","name":"Orange Grove","label":"Orange Grove","seims_code":"OG","seims_desc":"ORANGE GROVE","source_vintage":"sbe_2006"},"geometry":{"type":"Point","coordinates":[-79.20235493693457,35.97685200131909]}},{"type":"Feature","properties":{"county_nam":"ORANGE","prec_id":"OWASA","precinct_norm":"ORANGE - OWASA","name":"Owasa","label":"Owasa","seims_code":"OW","seims_desc":"OWASA","source_vintage":"sbe_2006"},"geometry":{"type":"Point","coordinates":[-79.0819720485257,35.90366149929875]}},{"type":"Feature","properties":{"county_nam":"ORANGE","prec_id":"PATTERSON","precinct_norm":"ORANGE - PATTERSON","name":"Patterson","label":"Patterson","seims_code":"PA","seims_desc":"PATTERSON","source_vintage":"sbe_2006"},"geometry":{"type":"Point","coordinates":[-79.03370963199063,35.98986699698082]}},{"type":"Feature","properties":{"county_nam":"ORANGE","prec_id":"RIDGEFIELD","precinct_norm":"ORANGE - RIDGEFIELD","name":"Ridgefield","label":"Ridgefield","seims_code":"RF","seims_desc":"RIDGEFIELD","source_vintage":"sbe_2006"},"geometry":{"type":"Point","coordinates":[-79.02013276295204,35.928552499945496]}},{"type":"Feature","properties":{"county_nam":"ORANGE","prec_id":"ST JOHN","precinct_norm":"ORANGE - ST JOHN","name":"St John","label":"St John","seims_code":"SJ","seims_desc":"ST JOHN","source_vintage":"sbe_2006"},"geometry":{"type":"Point","coordinates":[-79.11854077473362,35.90516599867287]}},{"type":"Feature","properties":{"county_nam":"ORANGE","prec_id":"ST MARYS","precinct_norm":"ORANGE - ST MARYS","name":"St Marys","label":"St Marys","seims_code":"SM","seims_desc":"ST MARYS","source_vintage":"sbe_2006"},"geometry":{"type":"Point","coordinates":[-79.02148331979157,36.101483997293116]}},{"type":"Feature","properties":{"county_nam":"ORANGE","prec_id":"TOLARS","precinct_norm":"ORANGE - TOLARS","name":"Tolars","label":"Tolars","seims_code":"TO","seims_desc":"TOLARS","source_vintage":"sbe_2006"},"geometry":{"type":"Point","coordinates":[-79.1026817038225,36.18779400047465]}},{"type":"Feature","properties":{"county_nam":"ORANGE","prec_id":"TOWN HALL","precinct_norm":"ORANGE - TOWN HALL","name":"Town Hall","label":"Town Hall","seims_code":"TH","seims_desc":"TOWN HALL","source_vintage":"sbe_2006"},"geometry":{"type":"Point","coordinates":[-79.07304379920744,35.91331400027471]}},{"type":"Feature","properties":{"county_nam":"ORANGE","prec_id":"WESTWOOD","precinct_norm":"ORANGE - WESTWOOD","name":"Westwood","label":"Westwood","seims_code":"WW","seims_desc":"WESTWOOD","source_vintage":"sbe_2006"},"geometry":{"type":"Point","coordinates":[-79.06046982519541,35.900113498987565]}},{"type":"Feature","properties":{"county_nam":"ORANGE","prec_id":"WHITE CROSS","precinct_norm":"ORANGE - WHITE CROSS","name":"White Cross","label":"White Cross","seims_code":"WC","seims_desc":"WHITE CROSS","source_vintage":"sbe_2006"},"geometry":{"type":"Point","coordinates":[-79.20481623924476,35.9112844996404]}},{"type":"Feature","properties":{"county_nam":"ORANGE","prec_id":"WEAVER DAIRY","precinct_norm":"ORANGE - WEAVER DAIRY","name":"Weaver Dairy","label":"Weaver Dairy","seims_code":"WD","seims_desc":"WEAVER DAIRY","source_vintage":"sbe_2006"},"geometry":{"type":"Point","coordinates":[-79.05125248802952,35.955647498070334]}},{"type":"Feature","properties":{"county_nam":"PAMLICO","prec_id":"ALLIANCE","precinct_norm":"PAMLICO - ALLIANCE","name":"Alliance","label":"Alliance","seims_code":"1AL","seims_desc":"ALLIANCE","source_vintage":"sbe_2006"},"geometry":{"type":"Point","coordinates":[-76.82724308398471,35.14902549918625]}},{"type":"Feature","properties":{"county_nam":"PAMLICO","prec_id":"ARAPAHOE","precinct_norm":"PAMLICO - ARAPAHOE","name":"Arapahoe","label":"Arapahoe","seims_code":"5AP","seims_desc":"ARAPAHOE","source_vintage":"sbe_2006"},"geometry":{"type":"Point","coordinates":[-76.81669429428567,35.01293899901914]}},{"type":"Feature","properties":{"county_nam":"PAMLICO","prec_id":"BAYBORO","precinct_norm":"PAMLICO - BAYBORO","name":"Bayboro","label":"Bayboro","seims_code":"3BY","seims_desc":"BAYBORO","source_vintage":"sbe_2006"},"geometry":{"type":"Point","coordinates":[-76.70722461054447,35.16796049897313]}},{"type":"Feature","properties":{"county_nam":"PAMLICO","prec_id":"HOBUCKEN","precinct_norm":"PAMLICO - HOBUCKEN","name":"Hobucken","label":"Hobucken","seims_code":"4HB","seims_desc":"HOBUCKEN","source_vintage":"sbe_2006"},"geometry":{"type":"Point","coordinates":[-76.48461264092097,35.24399599941876]}},{"type":"Feature","properties":{"county_nam":"PAMLICO","prec_id":"ORIENTAL","precinct_norm":"PAMLICO - ORIENTAL","name":"Oriental","label":"Oriental","seims_code":"2OT","seims_desc":"ORIENTAL","source_vintage":"sbe_2006"},"geometry":{"type":"Point","coordinates":[-76.57844528243986,35.09424100052131]}},{"type":"Feature","properties":{"county_nam":"PAMLICO","prec_id":"REELSBORO","precinct_norm":"PAMLICO - REELSBORO","name":"Reelsboro","label":"Reelsboro","seims_code":"1RB","seims_desc":"REELSBORO","source_vintage":"sbe_2006"},"geometry":{"type":"Point","coordinates":[-76.92405681060916,35.141565000368175]}},{"type":"Feature","properties":{"county_nam":"PAMLICO","prec_id":"STONEWALL","precinct_norm":"PAMLICO - STONEWALL","name":"Stonewall","label":"Stonewall","seims_code":"2SW","seims_desc":"STONEWALL","source_vintage":"sbe_2006"},"geometry":{"type":"Point","coordinates":[-76.73052496023897,35.09794750175766]}},{"type":"Feature","properties":{"county_nam":"PAMLICO","prec_id":"VANDEMERE","precinct_norm":"PAMLICO - VANDEMERE","name":"Vandemere","label":"Vandemere","seims_code":"4VM","seims_desc":"VANDEMERE","source_vintage":"sbe_2006"},"geometry":{"type":"Point","coordinates":[-76.63495773433624,35.20385700064792]}},{"type":"Feature","properties":{"county_nam":"PASQUOTANK","prec_id":"ELIZABETH CITY 1-A","precinct_norm":"PASQUOTANK - ELIZABETH CITY 1-A","name":"Elizabeth City 1-A","label":"Elizabeth City 1-A","seims_code":"1-A","seims_desc":"1-A ELIZABETH CITY","source_vintage":"sbe_2006"},"geometry":{"type":"Point","coordinates":[-76.22753964287512,36.297323500067385]}},{"type":"Feature","properties":{"county_nam":"PASQUOTANK","prec_id":"ELIZABETH CITY 1-B","precinct_norm":"PASQUOTANK - ELIZABETH CITY 1-B","name":"Elizabeth City 1-B","label":"Elizabeth City 1-B","seims_code":"1-B","seims_desc":"1-B ELIZABETH CITY","source_vintage":"sbe_2006"},"geometry":{"type":"Point","coordinates":[-76.19291403707146,36.28069799904661]}},{"type":"Feature","properties":{"county_nam":"PASQUOTANK","prec_id":"ELIZABETH CITY 2-A","precinct_norm":"PASQUOTANK - ELIZABETH CITY 2-A","name":"Elizabeth City 2-A","label":"Elizabeth City 2-A","seims_code":"2-A","seims_desc":"2-A ELIZABETH CITY","source_vintage":"sbe_2006"},"geometry":{"type":"Point","coordinates":[-76.22063712122737,36.3190075001607]}},{"type":"Feature","properties":{"county_nam":"PASQUOTANK","prec_id":"ELIZABETH CITY 2-B","precinct_norm":"PASQUOTANK - ELIZABETH CITY 2-B","name":"Elizabeth City 2-B","label":"Elizabeth City 2-B","seims_code":"2-B","seims_desc":"2-B ELIZABETH CITY","source_vintage":"sbe_2006"},"geometry":{"type":"Point","coordinates":[-76.22825081415877,36.30632449989888]}},{"type":"Feature","properties":{"county_nam":"PASQUOTANK","prec_id":"ELIZABETH CITY 3-A","precinct_norm":"PASQUOTANK - ELIZABETH CITY 3-A","name":"Elizabeth City 3-A","label":"Elizabeth City 3-A","seims_code":"3-A","seims_desc":"3-A ELIZABETH CITY","source_vintage":"sbe_2006"},"geometry":{"type":"Point","coordinates":[-76.25703804701998,36.28804250103488]}},{"type":"Feature","properties":{"county_nam":"PASQUOTANK","prec_id":"ELIZABETH CITY 3-B","precinct_norm":"PASQUOTANK - ELIZABETH CITY 3-B","name":"Elizabeth City 3-B","label":"Elizabeth City 3-B","seims_code":"3-B","seims_desc":"3-B ELIZABETH CITY","source_vintage":"sbe_2006"},"geometry":{"type":"Point","coordinates":[-76.2302891898816,36.28884899974517]}},{"type":"Feature","properties":{"county_nam":"PASQUOTANK","prec_id":"ELIZABETH CITY 4-A","precinct_norm":"PASQUOTANK - ELIZABETH CITY 4-A","name":"Elizabeth City 4-A","label":"Elizabeth City 4-A","seims_code":"4-A","seims_desc":"4-A ELIZABETH CITY","source_vintage":"sbe_2006"},"geometry":{"type":"Point","coordinates":[-76.22148213916095,36.27727750005032]}},{"type":"Feature","properties":{"county_nam":"PASQUOTANK","prec_id":"ELIZABETH CITY 4-B","precinct_norm":"PASQUOTANK - ELIZABETH CITY 4-B","name":"Elizabeth City 4-B","label":"Elizabeth City 4-B","seims_code":"4-B","seims_desc":"4-B ELIZABETH CITY","source_vintage":"sbe_2006"},"geometry":{"type":"Point","coordinates":[-76.20713770855164,36.27848300096285]}},{"type":"Feature","properties":{"county_nam":"PASQUOTANK","prec_id":"MT HERMON","precinct_norm":"PASQUOTANK - MT HERMON","name":"Mt Hermon","label":"Mt Hermon","seims_code":"MH","seims_desc":"MT HERMON","source_vintage":"sbe_2006"},"geometry":{"type":"Point","coordinates":[-76.31157067296263,36.26265200042987]}},{"type":"Feature","properties":{"county_nam":"PASQUOTANK","prec_id":"NEWLAND","precinct_norm":"PASQUOTANK - NEWLAND","name":"Newland","label":"Newland","seims_code":"NEW","seims_desc":"NEWLAND","source_vintage":"sbe_2006"},"geometry":{"type":"Point","coordinates":[-76.38743672662312,36.4038079999974]}},{"type":"Feature","properties":{"county_nam":"PASQUOTANK","prec_id":"NIXONTON","precinct_norm":"PASQUOTANK - NIXONTON","name":"Nixonton","label":"Nixonton","seims_code":"NIX","seims_desc":"NIXONTON","source_vintage":"sbe_2006"},"geometry":{"type":"Point","coordinates":[-76.17912764726938,36.22926950041373]}},{"type":"Feature","properties":{"county_nam":"PASQUOTANK","prec_id":"PROVIDENCE","precinct_norm":"PASQUOTANK - PROVIDENCE","name":"Providence","label":"Providence","seims_code":"PRO","seims_desc":"PROVIDENCE","source_vintage":"sbe_2006"},"geometry":{"type":"Point","coordinates":[-76.29610003507148,36.343766000113376]}},{"type":"Feature","properties":{"county_nam":"PASQUOTANK","prec_id":"SALEM","precinct_norm":"PASQUOTANK - SALEM","name":"Salem","label":"Salem","seims_code":"SAL","seims_desc":"SALEM","source_vintage":"sbe_2006"},"geometry":{"type":"Point","coordinates":[-76.12607371981451,36.14412749995003]}},{"type":"Feature","properties":{"county_nam":"PENDER","prec_id":"BURGAW NORTH","precinct_norm":"PENDER - BURGAW NORTH","name":"Burgaw North","label":"Burgaw North","seims_code":"NB01","seims_desc":"NORTH BURGAW","source_vintage":"sbe_2006"},"geometry":{"type":"Point","coordinates":[-77.9724967043677,34.569616500323875]}},{"type":"Feature","properties":{"county_nam":"PENDER","prec_id":"BURGAW SOUTH","precinct_norm":"PENDER - BURGAW SOUTH","name":"Burgaw South","label":"Burgaw South","seims_code":"SB02","seims_desc":"SOUTH BURGAW","source_vintage":"sbe_2006"},"geometry":{"type":"Point","coordinates":[-77.9306885092005,34.532057498339775]}},{"type":"Feature","properties":{"county_nam":"PENDER","prec_id":"CANETUCK","precinct_norm":"PENDER - CANETUCK","name":"Canetuck","label":"Canetuck","seims_code":"CT03","seims_desc":"CANETUCK","source_vintage":"sbe_2006"},"geometry":{"type":"Point","coordinates":[-78.16738017749836,34.38740149968148]}},{"type":"Feature","properties":{"county_nam":"PENDER","prec_id":"CASWELL","precinct_norm":"PENDER - CASWELL","name":"Caswell","label":"Caswell","seims_code":"CS04","seims_desc":"CASWELL","source_vintage":"sbe_2006"},"geometry":{"type":"Point","coordinates":[-78.18405080308952,34.50060550089242]}},{"type":"Feature","properties":{"county_nam":"PENDER","prec_id":"COLUMBIA","precinct_norm":"PENDER - COLUMBIA","name":"Columbia","label":"Columbia","seims_code":"CL05","seims_desc":"COLUMBIA","source_vintage":"sbe_2006"},"geometry":{"type":"Point","coordinates":[-78.12359636021608,34.603858498789165]}},{"type":"Feature","properties":{"county_nam":"PENDER","prec_id":"GRADY","precinct_norm":"PENDER - GRADY","name":"Grady","label":"Grady","seims_code":"GR06","seims_desc":"GRADY","source_vintage":"sbe_2006"},"geometry":{"type":"Point","coordinates":[-78.06785046832204,34.427836000997]}},{"type":"Feature","properties":{"county_nam":"PENDER","prec_id":"HOLLY MIDDLE","precinct_norm":"PENDER - HOLLY MIDDLE","name":"Holly Middle","label":"Holly Middle","seims_code":"MH07","seims_desc":"MIDDLE HOLLY","source_vintage":"sbe_2006"},"geometry":{"type":"Point","coordinates":[-77.78779284520212,34.592039500232026]}},{"type":"Feature","properties":{"county_nam":"PENDER","prec_id":"HOLLY UPPER","precinct_norm":"PENDER - HOLLY UPPER","name":"Holly Upper","label":"Holly Upper","seims_code":"UH08","seims_desc":"UPPER HOLLY","source_vintage":"sbe_2006"},"geometry":{"type":"Point","coordinates":[-77.71220299921839,34.62891399916202]}},{"type":"Feature","properties":{"county_nam":"PENDER","prec_id":"LONG CREEK","precinct_norm":"PENDER - LONG CREEK","name":"Long Creek","label":"Long Creek","seims_code":"LC09","seims_desc":"LONG CREEK","source_vintage":"sbe_2006"},"geometry":{"type":"Point","coordinates":[-77.98899082282337,34.45175449973086]}},{"type":"Feature","properties":{"county_nam":"PENDER","prec_id":"PENDERLEA","precinct_norm":"PENDER - PENDERLEA","name":"Penderlea","label":"Penderlea","seims_code":"PL10","seims_desc":"PENDERLEA","source_vintage":"sbe_2006"},"geometry":{"type":"Point","coordinates":[-78.03320955645135,34.64546450080408]}},{"type":"Feature","properties":{"county_nam":"PENDER","prec_id":"ROCKY POINT","precinct_norm":"PENDER - ROCKY POINT","name":"Rocky Point","label":"Rocky Point","seims_code":"RP11","seims_desc":"ROCKY POINT","source_vintage":"sbe_2006"},"geometry":{"type":"Point","coordinates":[-77.78974787498603,34.47456150180909]}},{"type":"Feature","properties":{"county_nam":"PENDER","prec_id":"SCOTTS HILL","precinct_norm":"PENDER - SCOTTS HILL","name":"Scotts Hill","label":"Scotts Hill","seims_code":"SH12","seims_desc":"SCOTTS HILL","source_vintage":"sbe_2006"},"geometry":{"type":"Point","coordinates":[-77.74049660204338,34.32809349994158]}},{"type":"Feature","properties":{"county_nam":"PENDER","prec_id":"SURF CITY","precinct_norm":"PENDER - SURF CITY","name":"Surf City","label":"Surf City","seims_code":"SC13","seims_desc":"SURF CITY","source_vintage":"sbe_2006"},"geometry":{"type":"Point","coordinates":[-77.55527908930043,34.39492700113927]}},{"type":"Feature","properties":{"county_nam":"PENDER","prec_id":"TOPSAIL LOWER","precinct_norm":"PENDER - TOPSAIL LOWER","name":"Topsail Lower","label":"Topsail Lower","seims_code":"LT14","seims_desc":"LOWER TOPSAIL","source_vintage":"sbe_2006"},"geometry":{"type":"Point","coordinates":[-77.7682107359249,34.346022000547876]}},{"type":"Feature","properties":{"county_nam":"PENDER","prec_id":"TOPSAIL UPPER","precinct_norm":"PENDER - TOPSAIL UPPER","name":"Topsail Upper","label":"Topsail Upper","seims_code":"UT15","seims_desc":"UPPER TOPSAIL","source_vintage":"sbe_2006"},"geometry":{"type":"Point","coordinates":[-77.65561055372962,34.48011850038724]}},{"type":"Feature","properties":{"county_nam":"PENDER","prec_id":"UNION LOWER","precinct_norm":"PENDER - UNION LOWER","name":"Union Lower","label":"Union Lower","seims_code":"LU16","seims_desc":"LOWER UNION","source_vintage":"sbe_2006"},"geometry":{"type":"Point","coordinates":[-77.93794130761731,34.64620750067086]}},{"type":"Feature","properties":{"county_nam":"PENDER","prec_id":"UNION UPPER","precinct_norm":"PENDER - UNION UPPER","name":"Union Upper","label":"Union Upper","seims_code":"UU17","seims_desc":"UPPER UNION","source_vintage":"sbe_2006"},"geometry":{"type":"Point","coordinates":[-78.06665555095569,34.69424799884426]}},{"type":"Feature","properties":{"county_nam":"PERQUIMANS","prec_id":"BELVIDERE","precinct_norm":"PERQUIMANS - BELVIDERE","name":"Belvidere","label":"Belvidere","seims_code":"BELVID","seims_desc":"BELVIDERE","source_vintage":"sbe_2006"},"geometry":{"type":"Point","coordinates":[-76.53422929437363,36.28525549957644]}},{"type":"Feature","properties":{"county_nam":"PERQUIMANS","prec_id":"BETHEL","precinct_norm":"PERQUIMANS - BETHEL","name":"Bethel","label":"Bethel","seims_code":"BETHEL","seims_desc":"BETHEL","source_vintage":"sbe_2006"},"geometry":{"type":"Point","coordinates":[-76.40535787246623,36.101196000075525]}},{"type":"Feature","properties":{"county_nam":"PERQUIMANS","prec_id":"HERTFORD EAST","precinct_norm":"PERQUIMANS - HERTFORD EAST","name":"Hertford East","label":"Hertford East","seims_code":"EAST H","seims_desc":"EAST HERTFORD","source_vintage":"sbe_2006"},"geometry":{"type":"Point","coordinates":[-76.50035856911086,36.15169050075374]}},{"type":"Feature","properties":{"county_nam":"PERQUIMANS","prec_id":"HERTFORD WEST","precinct_norm":"PERQUIMANS - HERTFORD WEST","name":"Hertford West","label":"Hertford West","seims_code":"WEST H","seims_desc":"WEST HERTFORD","source_vintage":"sbe_2006"},"geometry":{"type":"Point","coordinates":[-76.53554852223343,36.174600999731545]}},{"type":"Feature","properties":{"county_nam":"PERQUIMANS","prec_id":"NEW HOPE","precinct_norm":"PERQUIMANS - NEW HOPE","name":"New Hope","label":"New Hope","seims_code":"NEW HO","seims_desc":"NEW HOPE","source_vintage":"sbe_2006"},"geometry":{"type":"Point","coordinates":[-76.31067252216673,36.146690000707956]}},{"type":"Feature","properties":{"county_nam":"PERQUIMANS","prec_id":"NICANOR","precinct_norm":"PERQUIMANS - NICANOR","name":"Nicanor","label":"Nicanor","seims_code":"NICANO","seims_desc":"NICANOR","source_vintage":"sbe_2006"},"geometry":{"type":"Point","coordinates":[-76.47090013727765,36.32211100077954]}},{"type":"Feature","properties":{"county_nam":"PERQUIMANS","prec_id":"PARKVILLE","precinct_norm":"PERQUIMANS - PARKVILLE","name":"Parkville","label":"Parkville","seims_code":"PARKVI","seims_desc":"PARKVILLE","source_vintage":"sbe_2006"},"geometry":{"type":"Point","coordinates":[-76.44192585043986,36.220378999418244]}},{"type":"Feature","properties":{"county_nam":"PERSON","prec_id":"ALLENSVILLE","precinct_norm":"PERSON - ALLENSVILLE","name":"Allensville","label":"Allensville","seims_code":"ALVI","seims_desc":"ALLENSVILLE","source_vintage":"sbe_2006"},"geometry":{"type":"Point","coordinates":[-78.85922646918631,36.396530500874334]}},{"type":"Feature","properties":{"county_nam":"PERSON","prec_id":"BUSHY FORK","precinct_norm":"PERSON - BUSHY FORK","name":"Bushy Fork","label":"Bushy Fork","seims_code":"BFRK","seims_desc":"BUSHY FORK","source_vintage":"sbe_2006"},"geometry":{"type":"Point","coordinates":[-79.10190875341941,36.30750249973763]}},{"type":"Feature","properties":{"county_nam":"PERSON","prec_id":"CUNNINGHAM/CHUB LAKE","precinct_norm":"PERSON - CUNNINGHAM/CHUB LAKE","name":"Cunningham/Chub Lake","label":"Cunningham/Chub Lake","seims_code":"CUCL","seims_desc":"CUNNINGHAM/CHUB LAKE","source_vintage":"sbe_2006"},"geometry":{"type":"Point","coordinates":[-79.06124140419499,36.4928929996098]}},{"type":"Feature","properties":{"county_nam":"PERSON","prec_id":"FLAT RIVER","precinct_norm":"PERSON - FLAT RIVER","name":"Flat River","label":"Flat River","seims_code":"FLRI","seims_desc":"FLAT RIVER","source_vintage":"sbe_2006"},"geometry":{"type":"Point","coordinates":[-78.97584143842198,36.293922499877254]}},{"type":"Feature","properties":{"county_nam":"PERSON","prec_id":"HOLLOWAY","precinct_norm":"PERSON - HOLLOWAY","name":"Holloway","label":"Holloway","seims_code":"HLWY","seims_desc":"HOLLOWAY","source_vintage":"sbe_2006"},"geometry":{"type":"Point","coordinates":[-78.83897901542952,36.494225502963744]}},{"type":"Feature","properties":{"county_nam":"PERSON","prec_id":"HURDLE MILLS","precinct_norm":"PERSON - HURDLE MILLS","name":"Hurdle Mills","label":"Hurdle Mills","seims_code":"HUML","seims_desc":"HURDLE MILLS","source_vintage":"sbe_2006"},"geometry":{"type":"Point","coordinates":[-79.0421886767312,36.29013800078231]}},{"type":"Feature","properties":{"county_nam":"PERSON","prec_id":"MT TIRZAH","precinct_norm":"PERSON - MT TIRZAH","name":"Mt Tirzah","label":"Mt Tirzah","seims_code":"MTTZ","seims_desc":"MT TIRZAH","source_vintage":"sbe_2006"},"geometry":{"type":"Point","coordinates":[-78.86009634179834,36.28799799682003]}},{"type":"Feature","properties":{"county_nam":"PERSON","prec_id":"OLIVE HILL","precinct_norm":"PERSON - OLIVE HILL","name":"Olive Hill","label":"Olive Hill","seims_code":"OLHI","seims_desc":"OLIVE HILL","source_vintage":"sbe_2006"},"geometry":{"type":"Point","coordinates":[-79.09032737782675,36.39494400057448]}},{"type":"Feature","properties":{"county_nam":"PERSON","prec_id":"ROXBORO 1","precinct_norm":"PERSON - ROXBORO 1","name":"Roxboro 1","label":"Roxboro 1","seims_code":"ROX1","seims_desc":"ROXBORO 1","source_vintage":"sbe_2006"},"geometry":{"type":"Point","coordinates":[-79.00160610200314,36.37088250098052]}},{"type":"Feature","properties":{"county_nam":"PERSON","prec_id":"ROXBORO 1A","precinct_norm":"PERSON - ROXBORO 1A","name":"Roxboro 1A","label":"Roxboro 1A","seims_code":"RX1A","seims_desc":"ROXBORO 1A","source_vintage":"sbe_2006"},"geometry":{"type":"Point","coordinates":[-79.01312286374176,36.40275750083086]}},{"type":"Feature","properties":{"county_nam":"PERSON","prec_id":"ROXBORO 2","precinct_norm":"PERSON - ROXBORO 2","name":"Roxboro 2","label":"Roxboro 2","seims_code":"ROX2","seims_desc":"ROXBORO 2","source_vintage":"sbe_2006"},"geometry":{"type":"Point","coordinates":[-78.9847801372656,36.42006250155387]}},{"type":"Feature","properties":{"county_nam":"PERSON","prec_id":"ROXBORO 3","precinct_norm":"PERSON - ROXBORO 3","name":"Roxboro 3","label":"Roxboro 3","seims_code":"ROX3","seims_desc":"ROXBORO 3","source_vintage":"sbe_2006"},"geometry":{"type":"Point","coordinates":[-78.9446158394066,36.41679499961812]}},{"type":"Feature","properties":{"county_nam":"PERSON","prec_id":"ROXBORO 4","precinct_norm":"PERSON - ROXBORO 4","name":"Roxboro 4","label":"Roxboro 4","seims_code":"ROX4","seims_desc":"ROXBORO 4","source_vintage":"sbe_2006"},"geometry":{"type":"Point","coordinates":[-78.95128853186579,36.369141999784894]}},{"type":"Feature","properties":{"county_nam":"PERSON","prec_id":"WOODSDALE","precinct_norm":"PERSON - WOODSDALE","name":"Woodsdale","label":"Woodsdale","seims_code":"WDSD","seims_desc":"WOODSDALE","source_vintage":"sbe_2006"},"geometry":{"type":"Point","coordinates":[-78.93218110262424,36.49342099983332]}},{"type":"Feature","properties":{"county_nam":"PITT","prec_id":"ARTHUR","precinct_norm":"PITT - ARTHUR","name":"Arthur","label":"Arthur","seims_code":"0101","seims_desc":"ARTHUR","source_vintage":"sbe_2006"},"geometry":{"type":"Point","coordinates":[-77.48623334855964,35.58333650065376]}},{"type":"Feature","properties":{"county_nam":"PITT","prec_id":"AYDEN A","precinct_norm":"PITT - AYDEN A","name":"Ayden A","label":"Ayden A","seims_code":"0200A","seims_desc":"AYDEN A","source_vintage":"sbe_2006"},"geometry":{"type":"Point","coordinates":[-77.46332529344991,35.466305500676995]}},{"type":"Feature","properties":{"county_nam":"PITT","prec_id":"AYDEN B","precinct_norm":"PITT - AYDEN B","name":"Ayden B","label":"Ayden B","seims_code":"0200B","seims_desc":"AYDEN B","source_vintage":"sbe_2006"},"geometry":{"type":"Point","coordinates":[-77.39576269222614,35.46214299871073]}},{"type":"Feature","properties":{"county_nam":"PITT","prec_id":"BELVOIR","precinct_norm":"PITT - BELVOIR","name":"Belvoir","label":"Belvoir","seims_code":"0301","seims_desc":"BELVOIR","source_vintage":"sbe_2006"},"geometry":{"type":"Point","coordinates":[-77.4528996699556,35.719148500019294]}},{"type":"Feature","properties":{"county_nam":"PITT","prec_id":"BETHEL","precinct_norm":"PITT - BETHEL","name":"Bethel","label":"Bethel","seims_code":"0401","seims_desc":"BETHEL","source_vintage":"sbe_2006"},"geometry":{"type":"Point","coordinates":[-77.3776675470378,35.764791999567024]}},{"type":"Feature","properties":{"county_nam":"PITT","prec_id":"CAROLINA","precinct_norm":"PITT - CAROLINA","name":"Carolina","label":"Carolina","seims_code":"0501","seims_desc":"CAROLINA","source_vintage":"sbe_2006"},"geometry":{"type":"Point","coordinates":[-77.25322178938278,35.728731499490564]}},{"type":"Feature","properties":{"county_nam":"PITT","prec_id":"CHICOD","precinct_norm":"PITT - CHICOD","name":"Chicod","label":"Chicod","seims_code":"0601","seims_desc":"CHICOD","source_vintage":"sbe_2006"},"geometry":{"type":"Point","coordinates":[-77.24436883428618,35.476073500841125]}},{"type":"Feature","properties":{"county_nam":"PITT","prec_id":"FALKLAND","precinct_norm":"PITT - FALKLAND","name":"Falkland","label":"Falkland","seims_code":"0701","seims_desc":"FALKLAND","source_vintage":"sbe_2006"},"geometry":{"type":"Point","coordinates":[-77.5278126616392,35.685371000330576]}},{"type":"Feature","properties":{"county_nam":"PITT","prec_id":"FARMVILLE A","precinct_norm":"PITT - FARMVILLE A","name":"Farmville A","label":"Farmville A","seims_code":"0800A","seims_desc":"FARMVILLE A","source_vintage":"sbe_2006"},"geometry":{"type":"Point","coordinates":[-77.61339252048836,35.61067149901574]}},{"type":"Feature","properties":{"county_nam":"PITT","prec_id":"FARMVILLE B","precinct_norm":"PITT - FARMVILLE B","name":"Farmville B","label":"Farmville B","seims_code":"0800B","seims_desc":"FARMVILLE B","source_vintage":"sbe_2006"},"geometry":{"type":"Point","coordinates":[-77.5635040015176,35.58051499901242]}},{"type":"Feature","properties":{"county_nam":"PITT","prec_id":"FOUNTAIN","precinct_norm":"PITT - FOUNTAIN","name":"Fountain","label":"Fountain","seims_code":"0901","seims_desc":"FOUNTAIN","source_vintage":"sbe_2006"},"geometry":{"type":"Point","coordinates":[-77.61809389270115,35.67895900071495]}},{"type":"Feature","properties":{"county_nam":"PITT","prec_id":"GREENVILLE 01","precinct_norm":"PITT - GREENVILLE 01","name":"Greenville 01","label":"Greenville 01","seims_code":"1501","seims_desc":"GREENVILLE #1","source_vintage":"sbe_2006"},"geometry":{"type":"Point","coordinates":[-77.37535058821273,35.64159800000111]}},{"type":"Feature","properties":{"county_nam":"PITT","prec_id":"GREENVILLE 03","precinct_norm":"PITT - GREENVILLE 03","name":"Greenville 03","label":"Greenville 03","seims_code":"1503","seims_desc":"GREENVILLE #3","source_vintage":"sbe_2006"},"geometry":{"type":"Point","coordinates":[-77.4051018603809,35.62370950160311]}},{"type":"Feature","properties":{"county_nam":"PITT","prec_id":"GREENVILLE 04","precinct_norm":"PITT - GREENVILLE 04","name":"Greenville 04","label":"Greenville 04","seims_code":"1504","seims_desc":"GREENVILLE #4","source_vintage":"sbe_2006"},"geometry":{"type":"Point","coordinates":[-77.41676441921719,35.6000900010884]}},{"type":"Feature","properties":{"county_nam":"PITT","prec_id":"GREENVILLE 05A","precinct_norm":"PITT - GREENVILLE 05A","name":"Greenville 05A","label":"Greenville 05A","seims_code":"1505A","seims_desc":"GREENVILLE #5A","source_vintage":"sbe_2006"},"geometry":{"type":"Point","coordinates":[-77.40377472476058,35.58518199945402]}},{"type":"Feature","properties":{"county_nam":"PITT","prec_id":"GREENVILLE 05B","precinct_norm":"PITT - GREENVILLE 05B","name":"Greenville 05B","label":"Greenville 05B","seims_code":"1505B","seims_desc":"GREENVILLE #5B","source_vintage":"sbe_2006"},"geometry":{"type":"Point","coordinates":[-77.3892785183505,35.58857700075512]}},{"type":"Feature","properties":{"county_nam":"PITT","prec_id":"GREENVILLE 06","precinct_norm":"PITT - GREENVILLE 06","name":"Greenville 06","label":"Greenville 06","seims_code":"1506","seims_desc":"GREENVILLE #6","source_vintage":"sbe_2006"},"geometry":{"type":"Point","coordinates":[-77.37553422298559,35.59385899611402]}},{"type":"Feature","properties":{"county_nam":"PITT","prec_id":"GREENVILLE 07A","precinct_norm":"PITT - GREENVILLE 07A","name":"Greenville 07A","label":"Greenville 07A","seims_code":"1507A","seims_desc":"GREENVILLE #7A","source_vintage":"sbe_2006"},"geometry":{"type":"Point","coordinates":[-77.3563407684911,35.60542549673674]}},{"type":"Feature","properties":{"county_nam":"PITT","prec_id":"GREENVILLE 07B","precinct_norm":"PITT - GREENVILLE 07B","name":"Greenville 07B","label":"Greenville 07B","seims_code":"1507B","seims_desc":"GREENVILLE #7B","source_vintage":"sbe_2006"},"geometry":{"type":"Point","coordinates":[-77.36124600398716,35.600557000900466]}},{"type":"Feature","properties":{"county_nam":"PITT","prec_id":"GREENVILLE 07C","precinct_norm":"PITT - GREENVILLE 07C","name":"Greenville 07C","label":"Greenville 07C","seims_code":"1507C","seims_desc":"GREENVILLE #7C","source_vintage":"sbe_2006"},"geometry":{"type":"Point","coordinates":[-77.34608809273038,35.597063000872126]}},{"type":"Feature","properties":{"county_nam":"PITT","prec_id":"GREENVILLE 08A","precinct_norm":"PITT - GREENVILLE 08A","name":"Greenville 08A","label":"Greenville 08A","seims_code":"1508A","seims_desc":"GREENVILLE #8A","source_vintage":"sbe_2006"},"geometry":{"type":"Point","coordinates":[-77.36629259464405,35.61190450059517]}},{"type":"Feature","properties":{"county_nam":"PITT","prec_id":"GREENVILLE 08B","precinct_norm":"PITT - GREENVILLE 08B","name":"Greenville 08B","label":"Greenville 08B","seims_code":"1508B","seims_desc":"GREENVILLE #8B","source_vintage":"sbe_2006"},"geometry":{"type":"Point","coordinates":[-77.34522606536993,35.61074750073113]}},{"type":"Feature","properties":{"county_nam":"PITT","prec_id":"GREENVILLE 09","precinct_norm":"PITT - GREENVILLE 09","name":"Greenville 09","label":"Greenville 09","seims_code":"1509","seims_desc":"GREENVILLE #9","source_vintage":"sbe_2006"},"geometry":{"type":"Point","coordinates":[-77.31875478589774,35.60136350156596]}},{"type":"Feature","properties":{"county_nam":"PITT","prec_id":"GREENVILLE 10A","precinct_norm":"PITT - GREENVILLE 10A","name":"Greenville 10A","label":"Greenville 10A","seims_code":"1510A","seims_desc":"GREENVILLE #10A","source_vintage":"sbe_2006"},"geometry":{"type":"Point","coordinates":[-77.34948204857167,35.57841999936376]}},{"type":"Feature","properties":{"county_nam":"PITT","prec_id":"GREENVILLE 10B","precinct_norm":"PITT - GREENVILLE 10B","name":"Greenville 10B","label":"Greenville 10B","seims_code":"1510B","seims_desc":"GREENVILLE #10B","source_vintage":"sbe_2006"},"geometry":{"type":"Point","coordinates":[-77.32876117873147,35.58011950105794]}},{"type":"Feature","properties":{"county_nam":"PITT","prec_id":"GREENVILLE 11A","precinct_norm":"PITT - GREENVILLE 11A","name":"Greenville 11A","label":"Greenville 11A","seims_code":"1511A","seims_desc":"GREENVILLE #11A","source_vintage":"sbe_2006"},"geometry":{"type":"Point","coordinates":[-77.37749824561203,35.56569849855971]}},{"type":"Feature","properties":{"county_nam":"PITT","prec_id":"GREENVILLE 11B","precinct_norm":"PITT - GREENVILLE 11B","name":"Greenville 11B","label":"Greenville 11B","seims_code":"1511B","seims_desc":"GREENVILLE #11B","source_vintage":"sbe_2006"},"geometry":{"type":"Point","coordinates":[-77.3634212510571,35.57352250012376]}},{"type":"Feature","properties":{"county_nam":"PITT","prec_id":"GREENVILLE 12A","precinct_norm":"PITT - GREENVILLE 12A","name":"Greenville 12A","label":"Greenville 12A","seims_code":"1512A","seims_desc":"GREENVILLE #12A","source_vintage":"sbe_2006"},"geometry":{"type":"Point","coordinates":[-77.42680217155694,35.56011000001823]}},{"type":"Feature","properties":{"county_nam":"PITT","prec_id":"GREENVILLE 12B","precinct_norm":"PITT - GREENVILLE 12B","name":"Greenville 12B","label":"Greenville 12B","seims_code":"1512B","seims_desc":"GREENVILLE #12B","source_vintage":"sbe_2006"},"geometry":{"type":"Point","coordinates":[-77.39689230022762,35.56180599971391]}},{"type":"Feature","properties":{"county_nam":"PITT","prec_id":"GRIFTON","precinct_norm":"PITT - GRIFTON","name":"Grifton","label":"Grifton","seims_code":"1001","seims_desc":"GRIFTON","source_vintage":"sbe_2006"},"geometry":{"type":"Point","coordinates":[-77.3834405459036,35.388636500539626]}},{"type":"Feature","properties":{"county_nam":"PITT","prec_id":"GRIMESLAND","precinct_norm":"PITT - GRIMESLAND","name":"Grimesland","label":"Grimesland","seims_code":"1101","seims_desc":"GRIMESLAND","source_vintage":"sbe_2006"},"geometry":{"type":"Point","coordinates":[-77.19135503822417,35.53086549915989]}},{"type":"Feature","properties":{"county_nam":"PITT","prec_id":"PACTOLUS","precinct_norm":"PITT - PACTOLUS","name":"Pactolus","label":"Pactolus","seims_code":"1201","seims_desc":"PACTOLUS","source_vintage":"sbe_2006"},"geometry":{"type":"Point","coordinates":[-77.25454853086845,35.62323849999245]}},{"type":"Feature","properties":{"county_nam":"PITT","prec_id":"SIMPSON A","precinct_norm":"PITT - SIMPSON A","name":"Simpson A","label":"Simpson A","seims_code":"1102A","seims_desc":"SIMPSON A","source_vintage":"sbe_2006"},"geometry":{"type":"Point","coordinates":[-77.30268490264666,35.57602099951361]}},{"type":"Feature","properties":{"county_nam":"PITT","prec_id":"SIMPSON B","precinct_norm":"PITT - SIMPSON B","name":"Simpson B","label":"Simpson B","seims_code":"1102B","seims_desc":"SIMPSON B","source_vintage":"sbe_2006"},"geometry":{"type":"Point","coordinates":[-77.25660493173453,35.56536200035403]}},{"type":"Feature","properties":{"county_nam":"PITT","prec_id":"SWIFT CREEK","precinct_norm":"PITT - SWIFT CREEK","name":"Swift Creek","label":"Swift Creek","seims_code":"1301","seims_desc":"SWIFT CREEK","source_vintage":"sbe_2006"},"geometry":{"type":"Point","coordinates":[-77.31591361128324,35.42377599818464]}},{"type":"Feature","properties":{"county_nam":"PITT","prec_id":"WINTERVILLE CENTRAL A","precinct_norm":"PITT - WINTERVILLE CENTRAL A","name":"Winterville Central A","label":"Winterville Central A","seims_code":"1403A","seims_desc":"WINTERVILLE CENTRAL A","source_vintage":"sbe_2006"},"geometry":{"type":"Point","coordinates":[-77.43063062127703,35.51674050065423]}},{"type":"Feature","properties":{"county_nam":"PITT","prec_id":"WINTERVILLE CENTRAL B","precinct_norm":"PITT - WINTERVILLE CENTRAL B","name":"Winterville Central B","label":"Winterville Central B","seims_code":"1403B","seims_desc":"WINTERVILLE CENTRAL B","source_vintage":"sbe_2006"},"geometry":{"type":"Point","coordinates":[-77.38514032894518,35.53927949982254]}},{"type":"Feature","properties":{"county_nam":"PITT","prec_id":"WINTERVILLE EAST","precinct_norm":"PITT - WINTERVILLE EAST","name":"Winterville East","label":"Winterville East","seims_code":"1402","seims_desc":"WINTERVILLE EAST","source_vintage":"sbe_2006"},"geometry":{"type":"Point","coordinates":[-77.35538605868524,35.53239450019246]}},{"type":"Feature","properties":{"county_nam":"POLK","prec_id":"COLUMBUS 1","precinct_norm":"POLK - COLUMBUS 1","name":"Columbus 1","label":"Columbus 1","seims_code":"CL07","seims_desc":"COLUMBUS-1","source_vintage":"sbe_2006"},"geometry":{"type":"Point","coordinates":[-82.16699050783305,35.26366549960849]}},{"type":"Feature","properties":{"county_nam":"POLK","prec_id":"COLUMBUS 2","precinct_norm":"POLK - COLUMBUS 2","name":"Columbus 2","label":"Columbus 2","seims_code":"CL08","seims_desc":"COLUMBUS-2","source_vintage":"sbe_2006"},"geometry":{"type":"Point","coordinates":[-82.15486824483298,35.22971750304386]}},{"type":"Feature","properties":{"county_nam":"POLK","prec_id":"COOPERS GAP","precinct_norm":"POLK - COOPERS GAP","name":"Coopers Gap","label":"Coopers Gap","seims_code":"CG05","seims_desc":"COOPERS GAP","source_vintage":"sbe_2006"},"geometry":{"type":"Point","coordinates":[-82.19258037116994,35.35526750074783]}},{"type":"Feature","properties":{"county_nam":"POLK","prec_id":"GREEN CREEK","precinct_norm":"POLK - GREEN CREEK","name":"Green Creek","label":"Green Creek","seims_code":"GC09","seims_desc":"GREEN CREEK","source_vintage":"sbe_2006"},"geometry":{"type":"Point","coordinates":[-82.02561127452799,35.251928497805984]}},{"type":"Feature","properties":{"county_nam":"POLK","prec_id":"SALUDA","precinct_norm":"POLK - SALUDA","name":"Saluda","label":"Saluda","seims_code":"SA04","seims_desc":"SALUDA","source_vintage":"sbe_2006"},"geometry":{"type":"Point","coordinates":[-82.30100673567358,35.25673099958483]}},{"type":"Feature","properties":{"county_nam":"POLK","prec_id":"WHITE OAK","precinct_norm":"POLK - WHITE OAK","name":"White Oak","label":"White Oak","seims_code":"WO06","seims_desc":"WHITE OAK","source_vintage":"sbe_2006"},"geometry":{"type":"Point","coordinates":[-82.15668835782293,35.31171649994839]}},{"type":"Feature","properties":{"county_nam":"POLK","prec_id":"123","precinct_norm":"POLK - 123","name":"123","label":"123","seims_code":"TR123","seims_desc":"TRYON","source_vintage":"sbe_2006"},"geometry":{"type":"Point","coordinates":[-82.24807361874558,35.2296889997044]}},{"type":"Feature","properties":{"county_nam":"RANDOLPH","prec_id":"ARCHDALE 1","precinct_norm":"RANDOLPH - ARCHDALE 1","name":"Archdale 1","label":"Archdale 1","seims_code":"01","seims_desc":"ARCHDALE 1","source_vintage":"sbe_2006"},"geometry":{"type":"Point","coordinates":[-79.97032294559948,35.89407999947919]}},{"type":"Feature","properties":{"county_nam":"RANDOLPH","prec_id":"ARCHDALE 2","precinct_norm":"RANDOLPH - ARCHDALE 2","name":"Archdale 2","label":"Archdale 2","seims_code":"02","seims_desc":"ARCHDALE 2","source_vintage":"sbe_2006"},"geometry":{"type":"Point","coordinates":[-79.9539860241268,35.89662699956085]}},{"type":"Feature","properties":{"county_nam":"RANDOLPH","prec_id":"ARCHDALE 3","precinct_norm":"RANDOLPH - ARCHDALE 3","name":"Archdale 3","label":"Archdale 3","seims_code":"03","seims_desc":"ARCHDALE 3","source_vintage":"sbe_2006"},"geometry":{"type":"Point","coordinates":[-79.93375131769486,35.899895998579765]}},{"type":"Feature","properties":{"county_nam":"RANDOLPH","prec_id":"ASHEBORO ARMORY","precinct_norm":"RANDOLPH - ASHEBORO ARMORY","name":"Asheboro Armory","label":"Asheboro Armory","seims_code":"04","seims_desc":"ASHEBORO ARMORY","source_vintage":"sbe_2006"},"geometry":{"type":"Point","coordinates":[-79.7874618485266,35.687915999832455]}},{"type":"Feature","properties":{"county_nam":"RANDOLPH","prec_id":"ASHEBORO EASTSIDE","precinct_norm":"RANDOLPH - ASHEBORO EASTSIDE","name":"Asheboro Eastside","label":"Asheboro Eastside","seims_code":"05","seims_desc":"ASHEBORO EASTSIDE","source_vintage":"sbe_2006"},"geometry":{"type":"Point","coordinates":[-79.78152560435572,35.72588699939732]}},{"type":"Feature","properties":{"county_nam":"RANDOLPH","prec_id":"ASHEBORO LINDLEY PARK","precinct_norm":"RANDOLPH - ASHEBORO LINDLEY PARK","name":"Asheboro Lindley Park","label":"Asheboro Lindley Park","seims_code":"06","seims_desc":"ASHEBORO LINDLEY PARK","source_vintage":"sbe_2006"},"geometry":{"type":"Point","coordinates":[-79.80167275979468,35.69776100250517]}},{"type":"Feature","properties":{"county_nam":"RANDOLPH","prec_id":"ASHEBORO LOFLIN","precinct_norm":"RANDOLPH - ASHEBORO LOFLIN","name":"Asheboro Loflin","label":"Asheboro Loflin","seims_code":"07","seims_desc":"ASHEBORO LOFLIN","source_vintage":"sbe_2006"},"geometry":{"type":"Point","coordinates":[-79.8402369708862,35.70694000191823]}},{"type":"Feature","properties":{"county_nam":"RANDOLPH","prec_id":"ASHEBORO MCCRARY","precinct_norm":"RANDOLPH - ASHEBORO MCCRARY","name":"Asheboro Mccrary","label":"Asheboro Mccrary","seims_code":"08","seims_desc":"ASHEBORO MCCRARY","source_vintage":"sbe_2006"},"geometry":{"type":"Point","coordinates":[-79.81493061472057,35.71871500062193]}},{"type":"Feature","properties":{"county_nam":"RANDOLPH","prec_id":"ASHEBORO NORTH 1","precinct_norm":"RANDOLPH - ASHEBORO NORTH 1","name":"Asheboro North 1","label":"Asheboro North 1","seims_code":"09","seims_desc":"ASHEBORO NORTH 1","source_vintage":"sbe_2006"},"geometry":{"type":"Point","coordinates":[-79.81657189012842,35.760087998988304]}},{"type":"Feature","properties":{"county_nam":"RANDOLPH","prec_id":"ASHEBORO NORTH 2","precinct_norm":"RANDOLPH - ASHEBORO NORTH 2","name":"Asheboro North 2","label":"Asheboro North 2","seims_code":"10","seims_desc":"ASHEBORO NORTH 2","source_vintage":"sbe_2006"},"geometry":{"type":"Point","coordinates":[-79.79454899435056,35.75182900046532]}},{"type":"Feature","properties":{"county_nam":"RANDOLPH","prec_id":"ASHEBORO SOUTHPOINTE","precinct_norm":"RANDOLPH - ASHEBORO SOUTHPOINTE","name":"Asheboro Southpointe","label":"Asheboro Southpointe","seims_code":"11","seims_desc":"ASHEBORO SOUTHPOINTE","source_vintage":"sbe_2006"},"geometry":{"type":"Point","coordinates":[-79.81509307259478,35.66946899978466]}},{"type":"Feature","properties":{"county_nam":"RANDOLPH","prec_id":"ASHEBORO WESTSIDE","precinct_norm":"RANDOLPH - ASHEBORO WESTSIDE","name":"Asheboro Westside","label":"Asheboro Westside","seims_code":"12","seims_desc":"ASHEBORO WESTSIDE","source_vintage":"sbe_2006"},"geometry":{"type":"Point","coordinates":[-79.84315630238657,35.73594799877845]}},{"type":"Feature","properties":{"county_nam":"RANDOLPH","prec_id":"BACK CREEK","precinct_norm":"RANDOLPH - BACK CREEK","name":"Back Creek","label":"Back Creek","seims_code":"13","seims_desc":"BACK CREEK","source_vintage":"sbe_2006"},"geometry":{"type":"Point","coordinates":[-79.89175042452598,35.751714499659926]}},{"type":"Feature","properties":{"county_nam":"RANDOLPH","prec_id":"BROWER","precinct_norm":"RANDOLPH - BROWER","name":"Brower","label":"Brower","seims_code":"14","seims_desc":"BROWER","source_vintage":"sbe_2006"},"geometry":{"type":"Point","coordinates":[-79.63930158631234,35.5613600006926]}},{"type":"Feature","properties":{"county_nam":"RANDOLPH","prec_id":"CEDAR GROVE EAST","precinct_norm":"RANDOLPH - CEDAR GROVE EAST","name":"Cedar Grove East","label":"Cedar Grove East","seims_code":"15","seims_desc":"CEDAR GROVE EAST","source_vintage":"sbe_2006"},"geometry":{"type":"Point","coordinates":[-79.84732635230623,35.646834499629364]}},{"type":"Feature","properties":{"county_nam":"RANDOLPH","prec_id":"CEDAR GROVE WEST","precinct_norm":"RANDOLPH - CEDAR GROVE WEST","name":"Cedar Grove West","label":"Cedar Grove West","seims_code":"16","seims_desc":"CEDAR GROVE WEST","source_vintage":"sbe_2006"},"geometry":{"type":"Point","coordinates":[-79.90907193301518,35.66653850022323]}},{"type":"Feature","properties":{"county_nam":"RANDOLPH","prec_id":"COLERIDGE","precinct_norm":"RANDOLPH - COLERIDGE","name":"Coleridge","label":"Coleridge","seims_code":"17","seims_desc":"COLERIDGE","source_vintage":"sbe_2006"},"geometry":{"type":"Point","coordinates":[-79.61495878627191,35.64919049895354]}},{"type":"Feature","properties":{"county_nam":"RANDOLPH","prec_id":"CONCORD","precinct_norm":"RANDOLPH - CONCORD","name":"Concord","label":"Concord","seims_code":"18","seims_desc":"CONCORD","source_vintage":"sbe_2006"},"geometry":{"type":"Point","coordinates":[-79.99681936425014,35.66031550033961]}},{"type":"Feature","properties":{"county_nam":"RANDOLPH","prec_id":"FALLS","precinct_norm":"RANDOLPH - FALLS","name":"Falls","label":"Falls","seims_code":"19","seims_desc":"FALLS","source_vintage":"sbe_2006"},"geometry":{"type":"Point","coordinates":[-79.7488713580721,35.759037501957934]}},{"type":"Feature","properties":{"county_nam":"RANDOLPH","prec_id":"FRANKLINVILLE","precinct_norm":"RANDOLPH - FRANKLINVILLE","name":"Franklinville","label":"Franklinville","seims_code":"20","seims_desc":"FRANKLINVILLE","source_vintage":"sbe_2006"},"geometry":{"type":"Point","coordinates":[-79.69605730180052,35.757751499795575]}},{"type":"Feature","properties":{"county_nam":"RANDOLPH","prec_id":"GRANT","precinct_norm":"RANDOLPH - GRANT","name":"Grant","label":"Grant","seims_code":"21","seims_desc":"GRANT","source_vintage":"sbe_2006"},"geometry":{"type":"Point","coordinates":[-79.72820646171542,35.65895100134282]}},{"type":"Feature","properties":{"county_nam":"RANDOLPH","prec_id":"LEVEL CROSS","precinct_norm":"RANDOLPH - LEVEL CROSS","name":"Level Cross","label":"Level Cross","seims_code":"22","seims_desc":"LEVEL CROSS","source_vintage":"sbe_2006"},"geometry":{"type":"Point","coordinates":[-79.80101286632554,35.87881599924491]}},{"type":"Feature","properties":{"county_nam":"RANDOLPH","prec_id":"LIBERTY","precinct_norm":"RANDOLPH - LIBERTY","name":"Liberty","label":"Liberty","seims_code":"23","seims_desc":"LIBERTY","source_vintage":"sbe_2006"},"geometry":{"type":"Point","coordinates":[-79.58080494142558,35.86015200082072]}},{"type":"Feature","properties":{"county_nam":"RANDOLPH","prec_id":"NEW HOPE","precinct_norm":"RANDOLPH - NEW HOPE","name":"New Hope","label":"New Hope","seims_code":"24","seims_desc":"NEW HOPE","source_vintage":"sbe_2006"},"geometry":{"type":"Point","coordinates":[-80.00146183908572,35.556767997515635]}},{"type":"Feature","properties":{"county_nam":"RANDOLPH","prec_id":"NEW MARKET NORTH","precinct_norm":"RANDOLPH - NEW MARKET NORTH","name":"New Market North","label":"New Market North","seims_code":"25","seims_desc":"NEW MARKET NORTH","source_vintage":"sbe_2006"},"geometry":{"type":"Point","coordinates":[-79.87590842783405,35.881658499363624]}},{"type":"Feature","properties":{"county_nam":"RANDOLPH","prec_id":"NEW MARKET SOUTH","precinct_norm":"RANDOLPH - NEW MARKET SOUTH","name":"New Market South","label":"New Market South","seims_code":"26","seims_desc":"NEW MARKET SOUTH","source_vintage":"sbe_2006"},"geometry":{"type":"Point","coordinates":[-79.87473092638396,35.84219849980923]}},{"type":"Feature","properties":{"county_nam":"RANDOLPH","prec_id":"PLEASANT GROVE","precinct_norm":"RANDOLPH - PLEASANT GROVE","name":"Pleasant Grove","label":"Pleasant Grove","seims_code":"27","seims_desc":"PLEASANT GROVE","source_vintage":"sbe_2006"},"geometry":{"type":"Point","coordinates":[-79.57952830206142,35.573221499252654]}},{"type":"Feature","properties":{"county_nam":"RANDOLPH","prec_id":"PROSPECT","precinct_norm":"RANDOLPH - PROSPECT","name":"Prospect","label":"Prospect","seims_code":"28","seims_desc":"PROSPECT","source_vintage":"sbe_2006"},"geometry":{"type":"Point","coordinates":[-80.02123507554938,35.893824500462074]}},{"type":"Feature","properties":{"county_nam":"RANDOLPH","prec_id":"PROVIDENCE 1","precinct_norm":"RANDOLPH - PROVIDENCE 1","name":"Providence 1","label":"Providence 1","seims_code":"29","seims_desc":"PROVIDENCE 1","source_vintage":"sbe_2006"},"geometry":{"type":"Point","coordinates":[-79.7352844213255,35.85881599943053]}},{"type":"Feature","properties":{"county_nam":"RANDOLPH","prec_id":"PROVIDENCE 2","precinct_norm":"RANDOLPH - PROVIDENCE 2","name":"Providence 2","label":"Providence 2","seims_code":"30","seims_desc":"PROVIDENCE 2","source_vintage":"sbe_2006"},"geometry":{"type":"Point","coordinates":[-79.65863796636225,35.856871500395535]}},{"type":"Feature","properties":{"county_nam":"RANDOLPH","prec_id":"RAMSEUR","precinct_norm":"RANDOLPH - RAMSEUR","name":"Ramseur","label":"Ramseur","seims_code":"31","seims_desc":"RAMSEUR","source_vintage":"sbe_2006"},"geometry":{"type":"Point","coordinates":[-79.6473151391001,35.76141900265857]}},{"type":"Feature","properties":{"county_nam":"RANDOLPH","prec_id":"RANDLEMAN EAST","precinct_norm":"RANDOLPH - RANDLEMAN EAST","name":"Randleman East","label":"Randleman East","seims_code":"32","seims_desc":"RANDLEMAN EAST","source_vintage":"sbe_2006"},"geometry":{"type":"Point","coordinates":[-79.7908837208138,35.806375499430345]}},{"type":"Feature","properties":{"county_nam":"RANDOLPH","prec_id":"RANDLEMAN WEST","precinct_norm":"RANDOLPH - RANDLEMAN WEST","name":"Randleman West","label":"Randleman West","seims_code":"33","seims_desc":"RANDLEMAN WEST","source_vintage":"sbe_2006"},"geometry":{"type":"Point","coordinates":[-79.82120019395221,35.8213164988684]}},{"type":"Feature","properties":{"county_nam":"RANDOLPH","prec_id":"RICHLAND","precinct_norm":"RANDOLPH - RICHLAND","name":"Richland","label":"Richland","seims_code":"34","seims_desc":"RICHLAND","source_vintage":"sbe_2006"},"geometry":{"type":"Point","coordinates":[-79.74719255290881,35.56414699962984]}},{"type":"Feature","properties":{"county_nam":"RANDOLPH","prec_id":"STALEY","precinct_norm":"RANDOLPH - STALEY","name":"Staley","label":"Staley","seims_code":"35","seims_desc":"STALEY","source_vintage":"sbe_2006"},"geometry":{"type":"Point","coordinates":[-79.59352936193834,35.795329000418164]}},{"type":"Feature","properties":{"county_nam":"RANDOLPH","prec_id":"TABERNACLE","precinct_norm":"RANDOLPH - TABERNACLE","name":"Tabernacle","label":"Tabernacle","seims_code":"36","seims_desc":"TABERNACLE","source_vintage":"sbe_2006"},"geometry":{"type":"Point","coordinates":[-79.99223818385227,35.75782499873705]}},{"type":"Feature","properties":{"county_nam":"RANDOLPH","prec_id":"TRINITY EAST","precinct_norm":"RANDOLPH - TRINITY EAST","name":"Trinity East","label":"Trinity East","seims_code":"37","seims_desc":"TRINITY EAST","source_vintage":"sbe_2006"},"geometry":{"type":"Point","coordinates":[-79.95487830534672,35.86073550074822]}},{"type":"Feature","properties":{"county_nam":"RANDOLPH","prec_id":"TRINITY TABERNACLE","precinct_norm":"RANDOLPH - TRINITY TABERNACLE","name":"Trinity Tabernacle","label":"Trinity Tabernacle","seims_code":"38","seims_desc":"TRINITY TABERNACLE","source_vintage":"sbe_2006"},"geometry":{"type":"Point","coordinates":[-79.98911769159751,35.81102400111107]}},{"type":"Feature","properties":{"county_nam":"RANDOLPH","prec_id":"TRINITY WEST","precinct_norm":"RANDOLPH - TRINITY WEST","name":"Trinity West","label":"Trinity West","seims_code":"39","seims_desc":"TRINITY WEST","source_vintage":"sbe_2006"},"geometry":{"type":"Point","coordinates":[-80.01794929324082,35.85609600309782]}},{"type":"Feature","properties":{"county_nam":"RANDOLPH","prec_id":"UNION","precinct_norm":"RANDOLPH - UNION","name":"Union","label":"Union","seims_code":"40","seims_desc":"UNION","source_vintage":"sbe_2006"},"geometry":{"type":"Point","coordinates":[-79.87384466306392,35.57090749876056]}},{"type":"Feature","properties":{"county_nam":"RICHMOND","prec_id":"BEAVER DAM 1","precinct_norm":"RICHMOND - BEAVER DAM 1","name":"Beaver Dam 1","label":"Beaver Dam 1","seims_code":"10","seims_desc":"BEAVER DAM #1","source_vintage":"sbe_2006"},"geometry":{"type":"Point","coordinates":[-79.63069057322608,35.07141750001648]}},{"type":"Feature","properties":{"county_nam":"RICHMOND","prec_id":"BEAVER DAM 2","precinct_norm":"RICHMOND - BEAVER DAM 2","name":"Beaver Dam 2","label":"Beaver Dam 2","seims_code":"11","seims_desc":"BEAVER DAM #2","source_vintage":"sbe_2006"},"geometry":{"type":"Point","coordinates":[-79.68065690193116,35.00611050058952]}},{"type":"Feature","properties":{"county_nam":"RICHMOND","prec_id":"BLACK JACK 1","precinct_norm":"RICHMOND - BLACK JACK 1","name":"Black Jack 1","label":"Black Jack 1","seims_code":"16","seims_desc":"BLACK JACK #1","source_vintage":"sbe_2006"},"geometry":{"type":"Point","coordinates":[-79.82704665880246,35.029742000557434]}},{"type":"Feature","properties":{"county_nam":"RICHMOND","prec_id":"MARKS CREEK 1","precinct_norm":"RICHMOND - MARKS CREEK 1","name":"Marks Creek 1","label":"Marks Creek 1","seims_code":"08","seims_desc":"MARKS CREEK #1","source_vintage":"sbe_2006"},"geometry":{"type":"Point","coordinates":[-79.63514165663649,34.92598149948776]}},{"type":"Feature","properties":{"county_nam":"RICHMOND","prec_id":"MARKS CREEK 2","precinct_norm":"RICHMOND - MARKS CREEK 2","name":"Marks Creek 2","label":"Marks Creek 2","seims_code":"09","seims_desc":"MARKS CREEK #2","source_vintage":"sbe_2006"},"geometry":{"type":"Point","coordinates":[-79.69776218331506,34.85784199846711]}},{"type":"Feature","properties":{"county_nam":"RICHMOND","prec_id":"MINERAL SPRINGS 1","precinct_norm":"RICHMOND - MINERAL SPRINGS 1","name":"Mineral Springs 1","label":"Mineral Springs 1","seims_code":"12","seims_desc":"MINERAL SPRINGS #1","source_vintage":"sbe_2006"},"geometry":{"type":"Point","coordinates":[-79.75028520198501,35.07011100082149]}},{"type":"Feature","properties":{"county_nam":"RICHMOND","prec_id":"MINERAL SPRINGS 2","precinct_norm":"RICHMOND - MINERAL SPRINGS 2","name":"Mineral Springs 2","label":"Mineral Springs 2","seims_code":"13","seims_desc":"MINERAL SPRINGS #2","source_vintage":"sbe_2006"},"geometry":{"type":"Point","coordinates":[-79.7353786509104,35.132633001668964]}},{"type":"Feature","properties":{"county_nam":"RICHMOND","prec_id":"ROCKINGHAM 1","precinct_norm":"RICHMOND - ROCKINGHAM 1","name":"Rockingham 1","label":"Rockingham 1","seims_code":"01","seims_desc":"ROCKINGHAM #1","source_vintage":"sbe_2006"},"geometry":{"type":"Point","coordinates":[-79.81338641524586,34.930324999401336]}},{"type":"Feature","properties":{"county_nam":"RICHMOND","prec_id":"ROCKINGHAM 2","precinct_norm":"RICHMOND - ROCKINGHAM 2","name":"Rockingham 2","label":"Rockingham 2","seims_code":"02","seims_desc":"ROCKINGHAM #2","source_vintage":"sbe_2006"},"geometry":{"type":"Point","coordinates":[-79.8017814442789,34.98095300043676]}},{"type":"Feature","properties":{"county_nam":"RICHMOND","prec_id":"ROCKINGHAM 3","precinct_norm":"RICHMOND - ROCKINGHAM 3","name":"Rockingham 3","label":"Rockingham 3","seims_code":"03","seims_desc":"ROCKINGHAM #3","source_vintage":"sbe_2006"},"geometry":{"type":"Point","coordinates":[-79.74738261067527,34.99875300120049]}},{"type":"Feature","properties":{"county_nam":"RICHMOND","prec_id":"STEELES 1","precinct_norm":"RICHMOND - STEELES 1","name":"Steeles 1","label":"Steeles 1","seims_code":"14","seims_desc":"STEELES #1","source_vintage":"sbe_2006"},"geometry":{"type":"Point","coordinates":[-79.98495467304912,35.124671499048134]}},{"type":"Feature","properties":{"county_nam":"RICHMOND","prec_id":"STEELES 2","precinct_norm":"RICHMOND - STEELES 2","name":"Steeles 2","label":"Steeles 2","seims_code":"15","seims_desc":"STEELES #2","source_vintage":"sbe_2006"},"geometry":{"type":"Point","coordinates":[-79.85713197768135,35.117281001220476]}},{"type":"Feature","properties":{"county_nam":"RICHMOND","prec_id":"WOLF PIT 1","precinct_norm":"RICHMOND - WOLF PIT 1","name":"Wolf Pit 1","label":"Wolf Pit 1","seims_code":"04","seims_desc":"WOLF PIT #1","source_vintage":"sbe_2006"},"geometry":{"type":"Point","coordinates":[-79.76280582415605,34.899624000474]}},{"type":"Feature","properties":{"county_nam":"RICHMOND","prec_id":"WOLF PIT 2","precinct_norm":"RICHMOND - WOLF PIT 2","name":"Wolf Pit 2","label":"Wolf Pit 2","seims_code":"05","seims_desc":"WOLF PIT #2","source_vintage":"sbe_2006"},"geometry":{"type":"Point","coordinates":[-79.78699719620687,34.90735699944953]}},{"type":"Feature","properties":{"county_nam":"RICHMOND","prec_id":"WOLF PIT 3","precinct_norm":"RICHMOND - WOLF PIT 3","name":"Wolf Pit 3","label":"Wolf Pit 3","seims_code":"06","seims_desc":"WOLF PIT #3","source_vintage":"sbe_2006"},"geometry":{"type":"Point","coordinates":[-79.82553554009095,34.900697498767016]}},{"type":"Feature","properties":{"county_nam":"RICHMOND","prec_id":"WOLF PIT 4","precinct_norm":"RICHMOND - WOLF PIT 4","name":"Wolf Pit 4","label":"Wolf Pit 4","seims_code":"07","seims_desc":"WOLF PIT #4","source_vintage":"sbe_2006"},"geometry":{"type":"Point","coordinates":[-79.83701977365595,34.84837500059621]}},{"type":"Feature","properties":{"county_nam":"ROBESON","prec_id":"ALFORDSVILLE","precinct_norm":"ROBESON - ALFORDSVILLE","name":"Alfordsville","label":"Alfordsville","seims_code":"01","seims_desc":"ALFORDSVILLE","source_vintage":"sbe_2006"},"geometry":{"type":"Point","coordinates":[-79.35877218604475,34.62094550058843]}},{"type":"Feature","properties":{"county_nam":"ROBESON","prec_id":"BACK SWAMP","precinct_norm":"ROBESON - BACK SWAMP","name":"Back Swamp","label":"Back Swamp","seims_code":"02","seims_desc":"BACK SWAMP","source_vintage":"sbe_2006"},"geometry":{"type":"Point","coordinates":[-79.10144882444315,34.57826099962952]}},{"type":"Feature","properties":{"county_nam":"ROBESON","prec_id":"BRITTS","precinct_norm":"ROBESON - BRITTS","name":"Britts","label":"Britts","seims_code":"03","seims_desc":"BRITTS","source_vintage":"sbe_2006"},"geometry":{"type":"Point","coordinates":[-78.96861439866778,34.515972499361666]}},{"type":"Feature","properties":{"county_nam":"ROBESON","prec_id":"BURNT SWAMP","precinct_norm":"ROBESON - BURNT SWAMP","name":"Burnt Swamp","label":"Burnt Swamp","seims_code":"04","seims_desc":"BURNT SWAMP","source_vintage":"sbe_2006"},"geometry":{"type":"Point","coordinates":[-79.1167467384337,34.71593250274891]}},{"type":"Feature","properties":{"county_nam":"ROBESON","prec_id":"FAIRMONT 2","precinct_norm":"ROBESON - FAIRMONT 2","name":"Fairmont 2","label":"Fairmont 2","seims_code":"06","seims_desc":"FAIRMONT #2","source_vintage":"sbe_2006"},"geometry":{"type":"Point","coordinates":[-79.13321257931133,34.50366650024277]}},{"type":"Feature","properties":{"county_nam":"ROBESON","prec_id":"GADDYS","precinct_norm":"ROBESON - GADDYS","name":"Gaddys","label":"Gaddys","seims_code":"07","seims_desc":"GADDYS","source_vintage":"sbe_2006"},"geometry":{"type":"Point","coordinates":[-79.20772771025395,34.44888250051676]}},{"type":"Feature","properties":{"county_nam":"ROBESON","prec_id":"HOWELLSVILLE EAST","precinct_norm":"ROBESON - HOWELLSVILLE EAST","name":"Howellsville East","label":"Howellsville East","seims_code":"08","seims_desc":"EAST HOWELLSVILLE","source_vintage":"sbe_2006"},"geometry":{"type":"Point","coordinates":[-78.86379636872942,34.679717003183086]}},{"type":"Feature","properties":{"county_nam":"ROBESON","prec_id":"HOWELLSVILLE WEST","precinct_norm":"ROBESON - HOWELLSVILLE WEST","name":"Howellsville West","label":"Howellsville West","seims_code":"09","seims_desc":"WEST HOWELLSVILLE","source_vintage":"sbe_2006"},"geometry":{"type":"Point","coordinates":[-78.93530166034395,34.71276799949284]}},{"type":"Feature","properties":{"county_nam":"ROBESON","prec_id":"LUMBER BRIDGE","precinct_norm":"ROBESON - LUMBER BRIDGE","name":"Lumber Bridge","label":"Lumber Bridge","seims_code":"10","seims_desc":"LUMBER BRIDGE","source_vintage":"sbe_2006"},"geometry":{"type":"Point","coordinates":[-79.06771339975786,34.87651099990388]}},{"type":"Feature","properties":{"county_nam":"ROBESON","prec_id":"LUMBERTON 2","precinct_norm":"ROBESON - LUMBERTON 2","name":"Lumberton 2","label":"Lumberton 2","seims_code":"12","seims_desc":"LUMBERTON #2","source_vintage":"sbe_2006"},"geometry":{"type":"Point","coordinates":[-78.96345715075178,34.654040000520624]}},{"type":"Feature","properties":{"county_nam":"ROBESON","prec_id":"LUMBERTON 3","precinct_norm":"ROBESON - LUMBERTON 3","name":"Lumberton 3","label":"Lumberton 3","seims_code":"13","seims_desc":"LUMBERTON #3","source_vintage":"sbe_2006"},"geometry":{"type":"Point","coordinates":[-78.98224577216101,34.62706999928811]}},{"type":"Feature","properties":{"county_nam":"ROBESON","prec_id":"LUMBERTON 4","precinct_norm":"ROBESON - LUMBERTON 4","name":"Lumberton 4","label":"Lumberton 4","seims_code":"14","seims_desc":"LUMBERTON #4","source_vintage":"sbe_2006"},"geometry":{"type":"Point","coordinates":[-78.9880831467574,34.60012200036878]}},{"type":"Feature","properties":{"county_nam":"ROBESON","prec_id":"LUMBERTON 5","precinct_norm":"ROBESON - LUMBERTON 5","name":"Lumberton 5","label":"Lumberton 5","seims_code":"15","seims_desc":"LUMBERTON #5","source_vintage":"sbe_2006"},"geometry":{"type":"Point","coordinates":[-79.01018781425276,34.601345000008294]}},{"type":"Feature","properties":{"county_nam":"ROBESON","prec_id":"LUMBERTON 6","precinct_norm":"ROBESON - LUMBERTON 6","name":"Lumberton 6","label":"Lumberton 6","seims_code":"16","seims_desc":"LUMBERTON #6","source_vintage":"sbe_2006"},"geometry":{"type":"Point","coordinates":[-79.02846547934173,34.610597499606996]}},{"type":"Feature","properties":{"county_nam":"ROBESON","prec_id":"LUMBERTON 7","precinct_norm":"ROBESON - LUMBERTON 7","name":"Lumberton 7","label":"Lumberton 7","seims_code":"17","seims_desc":"LUMBERTON #7","source_vintage":"sbe_2006"},"geometry":{"type":"Point","coordinates":[-79.0463918238553,34.61929099947538]}},{"type":"Feature","properties":{"county_nam":"ROBESON","prec_id":"LUMBERTON 8A","precinct_norm":"ROBESON - LUMBERTON 8A","name":"Lumberton 8A","label":"Lumberton 8A","seims_code":"18A","seims_desc":"LUMBERTON #8A","source_vintage":"sbe_2006"},"geometry":{"type":"Point","coordinates":[-79.02089809743342,34.633210500933714]}},{"type":"Feature","properties":{"county_nam":"ROBESON","prec_id":"MAXTON","precinct_norm":"ROBESON - MAXTON","name":"Maxton","label":"Maxton","seims_code":"19","seims_desc":"MAXTON","source_vintage":"sbe_2006"},"geometry":{"type":"Point","coordinates":[-79.31447461289439,34.687032000935815]}},{"type":"Feature","properties":{"county_nam":"ROBESON","prec_id":"ORRUM","precinct_norm":"ROBESON - ORRUM","name":"Orrum","label":"Orrum","seims_code":"20","seims_desc":"ORRUM","source_vintage":"sbe_2006"},"geometry":{"type":"Point","coordinates":[-79.01067908754104,34.45160250011609]}},{"type":"Feature","properties":{"county_nam":"ROBESON","prec_id":"OXENDINE","precinct_norm":"ROBESON - OXENDINE","name":"Oxendine","label":"Oxendine","seims_code":"34","seims_desc":"OXENDINE","source_vintage":"sbe_2006"},"geometry":{"type":"Point","coordinates":[-79.27979452274157,34.794825000414356]}},{"type":"Feature","properties":{"county_nam":"ROBESON","prec_id":"PARKTON","precinct_norm":"ROBESON - PARKTON","name":"Parkton","label":"Parkton","seims_code":"21","seims_desc":"PARKTON","source_vintage":"sbe_2006"},"geometry":{"type":"Point","coordinates":[-78.98911137094917,34.902658999977845]}},{"type":"Feature","properties":{"county_nam":"ROBESON","prec_id":"PEMBROKE NORTH","precinct_norm":"ROBESON - PEMBROKE NORTH","name":"Pembroke North","label":"Pembroke North","seims_code":"22","seims_desc":"NORTH PEMBROKE","source_vintage":"sbe_2006"},"geometry":{"type":"Point","coordinates":[-79.18842640877372,34.69926799929862]}},{"type":"Feature","properties":{"county_nam":"ROBESON","prec_id":"PEMBROKE SOUTH","precinct_norm":"ROBESON - PEMBROKE SOUTH","name":"Pembroke South","label":"Pembroke South","seims_code":"23","seims_desc":"SOUTH PEMBROKE","source_vintage":"sbe_2006"},"geometry":{"type":"Point","coordinates":[-79.2041310914839,34.66182149781228]}},{"type":"Feature","properties":{"county_nam":"ROBESON","prec_id":"PHILADELPHUS","precinct_norm":"ROBESON - PHILADELPHUS","name":"Philadelphus","label":"Philadelphus","seims_code":"24","seims_desc":"PHILADELPHUS","source_vintage":"sbe_2006"},"geometry":{"type":"Point","coordinates":[-79.16082977287232,34.75619749993737]}},{"type":"Feature","properties":{"county_nam":"ROBESON","prec_id":"PROSPECT","precinct_norm":"ROBESON - PROSPECT","name":"Prospect","label":"Prospect","seims_code":"35","seims_desc":"PROSPECT","source_vintage":"sbe_2006"},"geometry":{"type":"Point","coordinates":[-79.2589696496062,34.74143300000043]}},{"type":"Feature","properties":{"county_nam":"ROBESON","prec_id":"RAFT SWAMP","precinct_norm":"ROBESON - RAFT SWAMP","name":"Raft Swamp","label":"Raft Swamp","seims_code":"25","seims_desc":"RAFT SWAMP","source_vintage":"sbe_2006"},"geometry":{"type":"Point","coordinates":[-79.10971642491452,34.66229400130531]}},{"type":"Feature","properties":{"county_nam":"ROBESON","prec_id":"RED SPRINGS 2","precinct_norm":"ROBESON - RED SPRINGS 2","name":"Red Springs 2","label":"Red Springs 2","seims_code":"27","seims_desc":"RED SPRINGS #2","source_vintage":"sbe_2006"},"geometry":{"type":"Point","coordinates":[-79.1968940340541,34.82938799963917]}},{"type":"Feature","properties":{"county_nam":"ROBESON","prec_id":"RED SPRINGS 1","precinct_norm":"ROBESON - RED SPRINGS 1","name":"Red Springs 1","label":"Red Springs 1","seims_code":"26","seims_desc":"RED SPRINGS #1","source_vintage":"sbe_2006"},"geometry":{"type":"Point","coordinates":[-79.16808554920019,34.80627250012833]}},{"type":"Feature","properties":{"county_nam":"ROBESON","prec_id":"RENNERT","precinct_norm":"ROBESON - RENNERT","name":"Rennert","label":"Rennert","seims_code":"28","seims_desc":"RENNERT","source_vintage":"sbe_2006"},"geometry":{"type":"Point","coordinates":[-79.07036411293055,34.81145299991133]}},{"type":"Feature","properties":{"county_nam":"ROBESON","prec_id":"ROWLAND","precinct_norm":"ROBESON - ROWLAND","name":"Rowland","label":"Rowland","seims_code":"29","seims_desc":"ROWLAND","source_vintage":"sbe_2006"},"geometry":{"type":"Point","coordinates":[-79.29571088050761,34.53640549894676]}},{"type":"Feature","properties":{"county_nam":"ROBESON","prec_id":"SADDLETREE","precinct_norm":"ROBESON - SADDLETREE","name":"Saddletree","label":"Saddletree","seims_code":"30","seims_desc":"SADDLETREE","source_vintage":"sbe_2006"},"geometry":{"type":"Point","coordinates":[-79.02110306381486,34.719356999051215]}},{"type":"Feature","properties":{"county_nam":"ROBESON","prec_id":"SHANNON","precinct_norm":"ROBESON - SHANNON","name":"Shannon","label":"Shannon","seims_code":"33","seims_desc":"SHANNON","source_vintage":"sbe_2006"},"geometry":{"type":"Point","coordinates":[-79.12736255301061,34.849511499276176]}},{"type":"Feature","properties":{"county_nam":"ROBESON","prec_id":"SMYRNA","precinct_norm":"ROBESON - SMYRNA","name":"Smyrna","label":"Smyrna","seims_code":"36","seims_desc":"SMYRNA","source_vintage":"sbe_2006"},"geometry":{"type":"Point","coordinates":[-79.03954550733351,34.54690800132665]}},{"type":"Feature","properties":{"county_nam":"ROBESON","prec_id":"ST PAULS NORTH","precinct_norm":"ROBESON - ST PAULS NORTH","name":"St Pauls North","label":"St Pauls North","seims_code":"31","seims_desc":"NORTH ST PAULS","source_vintage":"sbe_2006"},"geometry":{"type":"Point","coordinates":[-78.96640569920388,34.83710550121383]}},{"type":"Feature","properties":{"county_nam":"ROBESON","prec_id":"ST PAULS SOUTH","precinct_norm":"ROBESON - ST PAULS SOUTH","name":"St Pauls South","label":"St Pauls South","seims_code":"32","seims_desc":"SOUTH ST PAULS","source_vintage":"sbe_2006"},"geometry":{"type":"Point","coordinates":[-78.95266710193461,34.788765001106114]}},{"type":"Feature","properties":{"county_nam":"ROBESON","prec_id":"STERLINGS","precinct_norm":"ROBESON - STERLINGS","name":"Sterlings","label":"Sterlings","seims_code":"37","seims_desc":"STERLINGS","source_vintage":"sbe_2006"},"geometry":{"type":"Point","coordinates":[-79.05301333444521,34.38889349942552]}},{"type":"Feature","properties":{"county_nam":"ROBESON","prec_id":"THOMPSON","precinct_norm":"ROBESON - THOMPSON","name":"Thompson","label":"Thompson","seims_code":"38","seims_desc":"THOMPSON","source_vintage":"sbe_2006"},"geometry":{"type":"Point","coordinates":[-79.1872954491615,34.52623949989419]}},{"type":"Feature","properties":{"county_nam":"ROBESON","prec_id":"UNION","precinct_norm":"ROBESON - UNION","name":"Union","label":"Union","seims_code":"39","seims_desc":"UNION","source_vintage":"sbe_2006"},"geometry":{"type":"Point","coordinates":[-79.24933285200055,34.61087300054784]}},{"type":"Feature","properties":{"county_nam":"ROBESON","prec_id":"WHITEHOUSE","precinct_norm":"ROBESON - WHITEHOUSE","name":"Whitehouse","label":"Whitehouse","seims_code":"40","seims_desc":"WHITEHOUSE","source_vintage":"sbe_2006"},"geometry":{"type":"Point","coordinates":[-79.14024152502917,34.387881000429616]}},{"type":"Feature","properties":{"county_nam":"ROBESON","prec_id":"WISHARTS","precinct_norm":"ROBESON - WISHARTS","name":"Wisharts","label":"Wisharts","seims_code":"41","seims_desc":"WISHARTS","source_vintage":"sbe_2006"},"geometry":{"type":"Point","coordinates":[-78.90374792116002,34.54775649854173]}},{"type":"Feature","properties":{"county_nam":"ROBESON","prec_id":"FAIRMONT 1","precinct_norm":"ROBESON - FAIRMONT 1","name":"Fairmont 1","label":"Fairmont 1","seims_code":"05","seims_desc":"FAIRMONT #1","source_vintage":"sbe_2006"},"geometry":{"type":"Point","coordinates":[-79.13288215958309,34.478249999539685]}},{"type":"Feature","properties":{"county_nam":"ROBESON","prec_id":"LUMBERTON 1","precinct_norm":"ROBESON - LUMBERTON 1","name":"Lumberton 1","label":"Lumberton 1","seims_code":"11","seims_desc":"LUMBERTON #1","source_vintage":"sbe_2006"},"geometry":{"type":"Point","coordinates":[-78.9991547204142,34.670426499444794]}},{"type":"Feature","properties":{"county_nam":"ROCKINGHAM","prec_id":"DRAPER","precinct_norm":"ROCKINGHAM - DRAPER","name":"Draper","label":"Draper","seims_code":"DR","seims_desc":"DRAPER","source_vintage":"sbe_2006"},"geometry":{"type":"Point","coordinates":[-79.68566018668704,36.512661000348444]}},{"type":"Feature","properties":{"county_nam":"ROCKINGHAM","prec_id":"HOGANS","precinct_norm":"ROCKINGHAM - HOGANS","name":"Hogans","label":"Hogans","seims_code":"HO","seims_desc":"HOGANS","source_vintage":"sbe_2006"},"geometry":{"type":"Point","coordinates":[-79.91477973229314,36.34151999978895]}},{"type":"Feature","properties":{"county_nam":"ROCKINGHAM","prec_id":"HUNTSVILLE","precinct_norm":"ROCKINGHAM - HUNTSVILLE","name":"Huntsville","label":"Huntsville","seims_code":"HU","seims_desc":"HUNTSVILLE","source_vintage":"sbe_2006"},"geometry":{"type":"Point","coordinates":[-79.98888571421628,36.32193950004599]}},{"type":"Feature","properties":{"county_nam":"ROCKINGHAM","prec_id":"IRONWORKS","precinct_norm":"ROCKINGHAM - IRONWORKS","name":"Ironworks","label":"Ironworks","seims_code":"IR","seims_desc":"IRONWORKS","source_vintage":"sbe_2006"},"geometry":{"type":"Point","coordinates":[-79.74852885212795,36.2894734991053]}},{"type":"Feature","properties":{"county_nam":"ROCKINGHAM","prec_id":"LEAKSVILLE 1","precinct_norm":"ROCKINGHAM - LEAKSVILLE 1","name":"Leaksville 1","label":"Leaksville 1","seims_code":"LK-1","seims_desc":"LEAKSVILLE #1","source_vintage":"sbe_2006"},"geometry":{"type":"Point","coordinates":[-79.75882649102553,36.48281350029174]}},{"type":"Feature","properties":{"county_nam":"ROCKINGHAM","prec_id":"LEAKSVILLE 2","precinct_norm":"ROCKINGHAM - LEAKSVILLE 2","name":"Leaksville 2","label":"Leaksville 2","seims_code":"LK-2","seims_desc":"LEAKSVILLE #2","source_vintage":"sbe_2006"},"geometry":{"type":"Point","coordinates":[-79.80981204629273,36.48524450033616]}},{"type":"Feature","properties":{"county_nam":"ROCKINGHAM","prec_id":"LEAKSVILLE 3","precinct_norm":"ROCKINGHAM - LEAKSVILLE 3","name":"Leaksville 3","label":"Leaksville 3","seims_code":"LK-3","seims_desc":"LEAKSVILLE #3","source_vintage":"sbe_2006"},"geometry":{"type":"Point","coordinates":[-79.8034780764874,36.51857450338519]}},{"type":"Feature","properties":{"county_nam":"ROCKINGHAM","prec_id":"NEW BETHEL","precinct_norm":"ROCKINGHAM - NEW BETHEL","name":"New Bethel","label":"New Bethel","seims_code":"NB","seims_desc":"NEW BETHEL","source_vintage":"sbe_2006"},"geometry":{"type":"Point","coordinates":[-79.85612425639486,36.32183150046548]}},{"type":"Feature","properties":{"county_nam":"ROCKINGHAM","prec_id":"REIDSVILLE 1","precinct_norm":"ROCKINGHAM - REIDSVILLE 1","name":"Reidsville 1","label":"Reidsville 1","seims_code":"RD-1","seims_desc":"REIDSVILLE #1","source_vintage":"sbe_2006"},"geometry":{"type":"Point","coordinates":[-79.58706941664997,36.368962500596474]}},{"type":"Feature","properties":{"county_nam":"ROCKINGHAM","prec_id":"WILLIAMSBURG","precinct_norm":"ROCKINGHAM - WILLIAMSBURG","name":"Williamsburg","label":"Williamsburg","seims_code":"WM","seims_desc":"WILLIAMSBURG","source_vintage":"sbe_2006"},"geometry":{"type":"Point","coordinates":[-79.57892234026603,36.31603200011384]}},{"type":"Feature","properties":{"county_nam":"ROCKINGHAM","prec_id":"AYERS VALLEY","precinct_norm":"ROCKINGHAM - AYERS VALLEY","name":"Ayers Valley","label":"Ayers Valley","seims_code":"AV","seims_desc":"Ayers Valley","source_vintage":"sbe_2006"},"geometry":{"type":"Point","coordinates":[-79.98746559815302,36.4633444995023]}},{"type":"Feature","properties":{"county_nam":"ROCKINGHAM","prec_id":"MATRIMONY","precinct_norm":"ROCKINGHAM - MATRIMONY","name":"Matrimony","label":"Matrimony","seims_code":"MA","seims_desc":"Matrimony","source_vintage":"sbe_2006"},"geometry":{"type":"Point","coordinates":[-79.90450432858026,36.47611599737022]}},{"type":"Feature","properties":{"county_nam":"ROCKINGHAM","prec_id":"LINCOLN","precinct_norm":"ROCKINGHAM - LINCOLN","name":"Lincoln","label":"Lincoln","seims_code":"LI","seims_desc":"Lincoln","source_vintage":"sbe_2006"},"geometry":{"type":"Point","coordinates":[-79.60195252864398,36.464556000120325]}},{"type":"Feature","properties":{"county_nam":"ROCKINGHAM","prec_id":"ROCK CENTRAL","precinct_norm":"ROCKINGHAM - ROCK CENTRAL","name":"Rock Central","label":"Rock Central","seims_code":"RC","seims_desc":"Rock Central","source_vintage":"sbe_2006"},"geometry":{"type":"Point","coordinates":[-79.75646198518281,36.420775502615044]}},{"type":"Feature","properties":{"county_nam":"ROCKINGHAM","prec_id":"EDEN CENTRAL","precinct_norm":"ROCKINGHAM - EDEN CENTRAL","name":"Eden Central","label":"Eden Central","seims_code":"EC","seims_desc":"Eden Central","source_vintage":"sbe_2006"},"geometry":{"type":"Point","coordinates":[-79.73856080411522,36.506658999885815]}},{"type":"Feature","properties":{"county_nam":"ROCKINGHAM","prec_id":"MADISON","precinct_norm":"ROCKINGHAM - MADISON","name":"Madison","label":"Madison","seims_code":"MD","seims_desc":"Madison","source_vintage":"sbe_2006"},"geometry":{"type":"Point","coordinates":[-79.9929700868187,36.394526000533205]}},{"type":"Feature","properties":{"county_nam":"ROCKINGHAM","prec_id":"MCCOY","precinct_norm":"ROCKINGHAM - MCCOY","name":"McCoy","label":"McCoy","seims_code":"MC","seims_desc":"McCoy","source_vintage":"sbe_2006"},"geometry":{"type":"Point","coordinates":[-79.6793101875854,36.315683500813876]}},{"type":"Feature","properties":{"county_nam":"ROCKINGHAM","prec_id":"VANCE","precinct_norm":"ROCKINGHAM - VANCE","name":"Vance","label":"Vance","seims_code":"VA","seims_desc":"Vance","source_vintage":"sbe_2006"},"geometry":{"type":"Point","coordinates":[-79.71109560079576,36.3551749982615]}},{"type":"Feature","properties":{"county_nam":"ROCKINGHAM","prec_id":"COURTLAND","precinct_norm":"ROCKINGHAM - COURTLAND","name":"Courtland","label":"Courtland","seims_code":"CO","seims_desc":"Courtland","source_vintage":"sbe_2006"},"geometry":{"type":"Point","coordinates":[-79.6563233967813,36.34752699865297]}},{"type":"Feature","properties":{"county_nam":"ROWAN","prec_id":"BARNHARDT MILL","precinct_norm":"ROWAN - BARNHARDT MILL","name":"Barnhardt Mill","label":"Barnhardt Mill","seims_code":"01","seims_desc":"BARNHARDT MILL","source_vintage":"sbe_2006"},"geometry":{"type":"Point","coordinates":[-80.43618452531697,35.53737800041412]}},{"type":"Feature","properties":{"county_nam":"ROWAN","prec_id":"BLACKWELDER PARK","precinct_norm":"ROWAN - BLACKWELDER PARK","name":"Blackwelder Park","label":"Blackwelder Park","seims_code":"02","seims_desc":"BLACKWELDER PARK","source_vintage":"sbe_2006"},"geometry":{"type":"Point","coordinates":[-80.62075150925331,35.52895449637917]}},{"type":"Feature","properties":{"county_nam":"ROWAN","prec_id":"BOSTIAN CROSS ROAD","precinct_norm":"ROWAN - BOSTIAN CROSS ROAD","name":"Bostian Cross Road","label":"Bostian Cross Road","seims_code":"03","seims_desc":"BOSTIAN CROSS ROAD","source_vintage":"sbe_2006"},"geometry":{"type":"Point","coordinates":[-80.51409355046265,35.5647565004253]}},{"type":"Feature","properties":{"county_nam":"ROWAN","prec_id":"BOSTIAN SCHOOL","precinct_norm":"ROWAN - BOSTIAN SCHOOL","name":"Bostian School","label":"Bostian School","seims_code":"33","seims_desc":"BOSTIAN SCHOOL","source_vintage":"sbe_2006"},"geometry":{"type":"Point","coordinates":[-80.55391999628152,35.537686500024165]}},{"type":"Feature","properties":{"county_nam":"ROWAN","prec_id":"BRADSHAW","precinct_norm":"ROWAN - BRADSHAW","name":"Bradshaw","label":"Bradshaw","seims_code":"04","seims_desc":"BRADSHAW","source_vintage":"sbe_2006"},"geometry":{"type":"Point","coordinates":[-80.67867719042012,35.598021000515466]}},{"type":"Feature","properties":{"county_nam":"ROWAN","prec_id":"CHINA GROVE NORTH","precinct_norm":"ROWAN - CHINA GROVE NORTH","name":"China Grove North","label":"China Grove North","seims_code":"05","seims_desc":"NORTH CHINA GROVE","source_vintage":"sbe_2006"},"geometry":{"type":"Point","coordinates":[-80.58269498346883,35.583722499668255]}},{"type":"Feature","properties":{"county_nam":"ROWAN","prec_id":"CHINA GROVE SOUTH","precinct_norm":"ROWAN - CHINA GROVE SOUTH","name":"China Grove South","label":"China Grove South","seims_code":"06","seims_desc":"SOUTH CHINA GROVE","source_vintage":"sbe_2006"},"geometry":{"type":"Point","coordinates":[-80.58265603513658,35.55964049915628]}},{"type":"Feature","properties":{"county_nam":"ROWAN","prec_id":"CLEVELAND","precinct_norm":"ROWAN - CLEVELAND","name":"Cleveland","label":"Cleveland","seims_code":"07","seims_desc":"CLEVELAND","source_vintage":"sbe_2006"},"geometry":{"type":"Point","coordinates":[-80.6889311760285,35.73908949950719]}},{"type":"Feature","properties":{"county_nam":"ROWAN","prec_id":"ELLIS","precinct_norm":"ROWAN - ELLIS","name":"Ellis","label":"Ellis","seims_code":"45","seims_desc":"ELLIS","source_vintage":"sbe_2006"},"geometry":{"type":"Point","coordinates":[-80.4528810316659,35.71899049967518]}},{"type":"Feature","properties":{"county_nam":"ROWAN","prec_id":"ENOCHVILLE EAST","precinct_norm":"ROWAN - ENOCHVILLE EAST","name":"Enochville East","label":"Enochville East","seims_code":"09","seims_desc":"EAST ENOCHVILLE","source_vintage":"sbe_2006"},"geometry":{"type":"Point","coordinates":[-80.65516631205958,35.54107800123575]}},{"type":"Feature","properties":{"county_nam":"ROWAN","prec_id":"ENOCHVILLE WEST","precinct_norm":"ROWAN - ENOCHVILLE WEST","name":"Enochville West","label":"Enochville West","seims_code":"44","seims_desc":"WEST ENOCHVILLE","source_vintage":"sbe_2006"},"geometry":{"type":"Point","coordinates":[-80.70305066513623,35.53513750032084]}},{"type":"Feature","properties":{"county_nam":"ROWAN","prec_id":"FAITH","precinct_norm":"ROWAN - FAITH","name":"Faith","label":"Faith","seims_code":"10","seims_desc":"FAITH","source_vintage":"sbe_2006"},"geometry":{"type":"Point","coordinates":[-80.47613526318437,35.60052100019431]}},{"type":"Feature","properties":{"county_nam":"ROWAN","prec_id":"FRANKLIN","precinct_norm":"ROWAN - FRANKLIN","name":"Franklin","label":"Franklin","seims_code":"11","seims_desc":"FRANKLIN","source_vintage":"sbe_2006"},"geometry":{"type":"Point","coordinates":[-80.51845020667118,35.739617997836106]}},{"type":"Feature","properties":{"county_nam":"ROWAN","prec_id":"GOLD KNOB","precinct_norm":"ROWAN - GOLD KNOB","name":"Gold Knob","label":"Gold Knob","seims_code":"26","seims_desc":"GOLD KNOB","source_vintage":"sbe_2006"},"geometry":{"type":"Point","coordinates":[-80.38639224064733,35.582482000123946]}},{"type":"Feature","properties":{"county_nam":"ROWAN","prec_id":"GRANITE QUARRY NORTH","precinct_norm":"ROWAN - GRANITE QUARRY NORTH","name":"Granite Quarry North","label":"Granite Quarry North","seims_code":"14","seims_desc":"NORTH GRANITE QUARRY","source_vintage":"sbe_2006"},"geometry":{"type":"Point","coordinates":[-80.42365984225691,35.616977999407894]}},{"type":"Feature","properties":{"county_nam":"ROWAN","prec_id":"GRANITE QUARRY SOUTH","precinct_norm":"ROWAN - GRANITE QUARRY SOUTH","name":"Granite Quarry South","label":"Granite Quarry South","seims_code":"46","seims_desc":"SOUTH GRANITE QUARRY","source_vintage":"sbe_2006"},"geometry":{"type":"Point","coordinates":[-80.43890910378835,35.59740849942125]}},{"type":"Feature","properties":{"county_nam":"ROWAN","prec_id":"HATTERS SHOP","precinct_norm":"ROWAN - HATTERS SHOP","name":"Hatters Shop","label":"Hatters Shop","seims_code":"15","seims_desc":"HATTERS SHOP","source_vintage":"sbe_2006"},"geometry":{"type":"Point","coordinates":[-80.36146725688613,35.63439450074989]}},{"type":"Feature","properties":{"county_nam":"ROWAN","prec_id":"INNES WEST","precinct_norm":"ROWAN - INNES WEST","name":"Innes West","label":"Innes West","seims_code":"39","seims_desc":"WEST INNES","source_vintage":"sbe_2006"},"geometry":{"type":"Point","coordinates":[-80.47575859863737,35.69296850088254]}},{"type":"Feature","properties":{"county_nam":"ROWAN","prec_id":"KANNAPOLIS EAST","precinct_norm":"ROWAN - KANNAPOLIS EAST","name":"Kannapolis East","label":"Kannapolis East","seims_code":"17","seims_desc":"EAST KANNAPOLIS","source_vintage":"sbe_2006"},"geometry":{"type":"Point","coordinates":[-80.59273497534764,35.51283849885137]}},{"type":"Feature","properties":{"county_nam":"ROWAN","prec_id":"KANNAPOLIS WEST","precinct_norm":"ROWAN - KANNAPOLIS WEST","name":"Kannapolis West","label":"Kannapolis West","seims_code":"16","seims_desc":"WEST KANNAPOLIS","source_vintage":"sbe_2006"},"geometry":{"type":"Point","coordinates":[-80.63053489463942,35.51638800077187]}},{"type":"Feature","properties":{"county_nam":"ROWAN","prec_id":"LANDIS EAST","precinct_norm":"ROWAN - LANDIS EAST","name":"Landis East","label":"Landis East","seims_code":"20","seims_desc":"EAST LANDIS","source_vintage":"sbe_2006"},"geometry":{"type":"Point","coordinates":[-80.59475617588521,35.53573000000151]}},{"type":"Feature","properties":{"county_nam":"ROWAN","prec_id":"LANDIS WEST","precinct_norm":"ROWAN - LANDIS WEST","name":"Landis West","label":"Landis West","seims_code":"19","seims_desc":"WEST LANDIS","source_vintage":"sbe_2006"},"geometry":{"type":"Point","coordinates":[-80.61895052659051,35.559497499524255]}},{"type":"Feature","properties":{"county_nam":"ROWAN","prec_id":"LOCKE NORTH","precinct_norm":"ROWAN - LOCKE NORTH","name":"Locke North","label":"Locke North","seims_code":"21","seims_desc":"NORTH LOCKE","source_vintage":"sbe_2006"},"geometry":{"type":"Point","coordinates":[-80.55713866317268,35.68364400097006]}},{"type":"Feature","properties":{"county_nam":"ROWAN","prec_id":"LOCKE SOUTH","precinct_norm":"ROWAN - LOCKE SOUTH","name":"Locke South","label":"Locke South","seims_code":"08","seims_desc":"SOUTH LOCKE","source_vintage":"sbe_2006"},"geometry":{"type":"Point","coordinates":[-80.57229459991171,35.63328700062772]}},{"type":"Feature","properties":{"county_nam":"ROWAN","prec_id":"MILFORD HILLS CITY","precinct_norm":"ROWAN - MILFORD HILLS CITY","name":"Milford Hills City","label":"Milford Hills City","seims_code":"41","seims_desc":"MILFORD HILLS CITY","source_vintage":"sbe_2006"},"geometry":{"type":"Point","coordinates":[-80.49956279768374,35.69466550079846]}},{"type":"Feature","properties":{"county_nam":"ROWAN","prec_id":"MILFORD HILLS COUNTY","precinct_norm":"ROWAN - MILFORD HILLS COUNTY","name":"Milford Hills County","label":"Milford Hills County","seims_code":"12","seims_desc":"MILFORD HILLS COUNTY","source_vintage":"sbe_2006"},"geometry":{"type":"Point","coordinates":[-80.5644046672636,35.71479549987094]}},{"type":"Feature","properties":{"county_nam":"ROWAN","prec_id":"MORGAN 1","precinct_norm":"ROWAN - MORGAN 1","name":"Morgan 1","label":"Morgan 1","seims_code":"22","seims_desc":"MORGAN #1","source_vintage":"sbe_2006"},"geometry":{"type":"Point","coordinates":[-80.24736773118127,35.55762800037557]}},{"type":"Feature","properties":{"county_nam":"ROWAN","prec_id":"MORGAN 2","precinct_norm":"ROWAN - MORGAN 2","name":"Morgan 2","label":"Morgan 2","seims_code":"23","seims_desc":"MORGAN #2","source_vintage":"sbe_2006"},"geometry":{"type":"Point","coordinates":[-80.30839899743606,35.57864399935413]}},{"type":"Feature","properties":{"county_nam":"ROWAN","prec_id":"MT. ULLA","precinct_norm":"ROWAN - MT. ULLA","name":"Mt. Ulla","label":"Mt. Ulla","seims_code":"24","seims_desc":"MT. ULLA","source_vintage":"sbe_2006"},"geometry":{"type":"Point","coordinates":[-80.72910960728183,35.668715499054954]}},{"type":"Feature","properties":{"county_nam":"ROWAN","prec_id":"ROCK GROVE","precinct_norm":"ROWAN - ROCK GROVE","name":"Rock Grove","label":"Rock Grove","seims_code":"13","seims_desc":"ROCK GROVE","source_vintage":"sbe_2006"},"geometry":{"type":"Point","coordinates":[-80.48018607333489,35.539800498053296]}},{"type":"Feature","properties":{"county_nam":"ROWAN","prec_id":"ROCKWELL","precinct_norm":"ROWAN - ROCKWELL","name":"Rockwell","label":"Rockwell","seims_code":"25","seims_desc":"ROCKWELL","source_vintage":"sbe_2006"},"geometry":{"type":"Point","coordinates":[-80.39145228297375,35.54298900007512]}},{"type":"Feature","properties":{"county_nam":"ROWAN","prec_id":"SCOTCH IRISH","precinct_norm":"ROWAN - SCOTCH IRISH","name":"Scotch Irish","label":"Scotch Irish","seims_code":"27","seims_desc":"SCOTCH IRISH","source_vintage":"sbe_2006"},"geometry":{"type":"Point","coordinates":[-80.66334490345156,35.81202000136447]}},{"type":"Feature","properties":{"county_nam":"ROWAN","prec_id":"SPENCER","precinct_norm":"ROWAN - SPENCER","name":"Spencer","label":"Spencer","seims_code":"28","seims_desc":"SPENCER","source_vintage":"sbe_2006"},"geometry":{"type":"Point","coordinates":[-80.4261205482373,35.70200650092961]}},{"type":"Feature","properties":{"county_nam":"ROWAN","prec_id":"SPENCER EAST","precinct_norm":"ROWAN - SPENCER EAST","name":"Spencer East","label":"Spencer East","seims_code":"18","seims_desc":"EAST SPENCER","source_vintage":"sbe_2006"},"geometry":{"type":"Point","coordinates":[-80.42953330210156,35.68037050194566]}},{"type":"Feature","properties":{"county_nam":"ROWAN","prec_id":"STEELE","precinct_norm":"ROWAN - STEELE","name":"Steele","label":"Steele","seims_code":"29","seims_desc":"STEELE","source_vintage":"sbe_2006"},"geometry":{"type":"Point","coordinates":[-80.64532076786266,35.685372499525144]}},{"type":"Feature","properties":{"county_nam":"ROWAN","prec_id":"SUMNER","precinct_norm":"ROWAN - SUMNER","name":"Sumner","label":"Sumner","seims_code":"30","seims_desc":"SUMNER","source_vintage":"sbe_2006"},"geometry":{"type":"Point","coordinates":[-80.5145430098388,35.62952300087008]}},{"type":"Feature","properties":{"county_nam":"ROWAN","prec_id":"TRADING FORD","precinct_norm":"ROWAN - TRADING FORD","name":"Trading Ford","label":"Trading Ford","seims_code":"31","seims_desc":"TRADING FORD","source_vintage":"sbe_2006"},"geometry":{"type":"Point","coordinates":[-80.36979443883715,35.6869050014967]}},{"type":"Feature","properties":{"county_nam":"ROWAN","prec_id":"UNITY","precinct_norm":"ROWAN - UNITY","name":"Unity","label":"Unity","seims_code":"32","seims_desc":"UNITY","source_vintage":"sbe_2006"},"geometry":{"type":"Point","coordinates":[-80.57498428122636,35.77139100020521]}},{"type":"Feature","properties":{"county_nam":"ROWAN","prec_id":"WARD WEST 1","precinct_norm":"ROWAN - WARD WEST 1","name":"Ward West 1","label":"Ward West 1","seims_code":"35","seims_desc":"WEST WARD #1","source_vintage":"sbe_2006"},"geometry":{"type":"Point","coordinates":[-80.48931988002315,35.666039000111226]}},{"type":"Feature","properties":{"county_nam":"ROWAN","prec_id":"WARD WEST 2","precinct_norm":"ROWAN - WARD WEST 2","name":"Ward West 2","label":"Ward West 2","seims_code":"34","seims_desc":"WEST WARD #2","source_vintage":"sbe_2006"},"geometry":{"type":"Point","coordinates":[-80.49138769022626,35.649159999908406]}},{"type":"Feature","properties":{"county_nam":"ROWAN","prec_id":"WARD SOUTH","precinct_norm":"ROWAN - WARD SOUTH","name":"Ward South","label":"Ward South","seims_code":"36","seims_desc":"SOUTH WARD","source_vintage":"sbe_2006"},"geometry":{"type":"Point","coordinates":[-80.46965249729982,35.64751149962389]}},{"type":"Feature","properties":{"county_nam":"ROWAN","prec_id":"WARD WEST 3","precinct_norm":"ROWAN - WARD WEST 3","name":"Ward West 3","label":"Ward West 3","seims_code":"42","seims_desc":"WEST WARD #3","source_vintage":"sbe_2006"},"geometry":{"type":"Point","coordinates":[-80.49246434465701,35.67668149971131]}},{"type":"Feature","properties":{"county_nam":"ROWAN","prec_id":"WARD EAST","precinct_norm":"ROWAN - WARD EAST","name":"Ward East","label":"Ward East","seims_code":"38","seims_desc":"EAST WARD","source_vintage":"sbe_2006"},"geometry":{"type":"Point","coordinates":[-80.45001374962429,35.659628498762814]}},{"type":"Feature","properties":{"county_nam":"ROWAN","prec_id":"WARD NORTH","precinct_norm":"ROWAN - WARD NORTH","name":"Ward North","label":"Ward North","seims_code":"40","seims_desc":"NORTH WARD","source_vintage":"sbe_2006"},"geometry":{"type":"Point","coordinates":[-80.4650055001677,35.68018900098225]}},{"type":"Feature","properties":{"county_nam":"RUTHERFORD","prec_id":"BOSTIC","precinct_norm":"RUTHERFORD - BOSTIC","name":"Bostic","label":"Bostic","seims_code":"03","seims_desc":"BOSTIC","source_vintage":"sbe_2006"},"geometry":{"type":"Point","coordinates":[-81.83981878008754,35.36265950211498]}},{"type":"Feature","properties":{"county_nam":"RUTHERFORD","prec_id":"CAMP CREEK","precinct_norm":"RUTHERFORD - CAMP CREEK","name":"Camp Creek","label":"Camp Creek","seims_code":"04","seims_desc":"CAMP CREEK","source_vintage":"sbe_2006"},"geometry":{"type":"Point","coordinates":[-81.937365420867,35.48879000040286]}},{"type":"Feature","properties":{"county_nam":"RUTHERFORD","prec_id":"CAROLEEN","precinct_norm":"RUTHERFORD - CAROLEEN","name":"Caroleen","label":"Caroleen","seims_code":"05","seims_desc":"CAROLEEN","source_vintage":"sbe_2006"},"geometry":{"type":"Point","coordinates":[-81.80207534380857,35.276459997393744]}},{"type":"Feature","properties":{"county_nam":"RUTHERFORD","prec_id":"CHIMNEY ROCK 1","precinct_norm":"RUTHERFORD - CHIMNEY ROCK 1","name":"Chimney Rock 1","label":"Chimney Rock 1","seims_code":"06","seims_desc":"CHIMNEY ROCK #1","source_vintage":"sbe_2006"},"geometry":{"type":"Point","coordinates":[-82.14367184653771,35.45758000040865]}},{"type":"Feature","properties":{"county_nam":"RUTHERFORD","prec_id":"CHIMNEY ROCK 2","precinct_norm":"RUTHERFORD - CHIMNEY ROCK 2","name":"Chimney Rock 2","label":"Chimney Rock 2","seims_code":"07","seims_desc":"CHIMNEY ROCK #2","source_vintage":"sbe_2006"},"geometry":{"type":"Point","coordinates":[-82.22150206914034,35.43609099957527]}},{"type":"Feature","properties":{"county_nam":"RUTHERFORD","prec_id":"CLIFFSIDE","precinct_norm":"RUTHERFORD - CLIFFSIDE","name":"Cliffside","label":"Cliffside","seims_code":"08","seims_desc":"CLIFFSIDE","source_vintage":"sbe_2006"},"geometry":{"type":"Point","coordinates":[-81.7676657888104,35.22352900049836]}},{"type":"Feature","properties":{"county_nam":"RUTHERFORD","prec_id":"DANIELTOWN","precinct_norm":"RUTHERFORD - DANIELTOWN","name":"Danieltown","label":"Danieltown","seims_code":"09","seims_desc":"DANIELTOWN","source_vintage":"sbe_2006"},"geometry":{"type":"Point","coordinates":[-81.91095168444576,35.291438499777556]}},{"type":"Feature","properties":{"county_nam":"RUTHERFORD","prec_id":"DUNCAN CREEK","precinct_norm":"RUTHERFORD - DUNCAN CREEK","name":"Duncan Creek","label":"Duncan Creek","seims_code":"10","seims_desc":"DUNCAN CREEK","source_vintage":"sbe_2006"},"geometry":{"type":"Point","coordinates":[-81.73287032914212,35.457779500731796]}},{"type":"Feature","properties":{"county_nam":"RUTHERFORD","prec_id":"ELLENBORO","precinct_norm":"RUTHERFORD - ELLENBORO","name":"Ellenboro","label":"Ellenboro","seims_code":"11","seims_desc":"ELLENBORO","source_vintage":"sbe_2006"},"geometry":{"type":"Point","coordinates":[-81.76947408890682,35.33794399788839]}},{"type":"Feature","properties":{"county_nam":"RUTHERFORD","prec_id":"FOREST CITY 1","precinct_norm":"RUTHERFORD - FOREST CITY 1","name":"Forest City 1","label":"Forest City 1","seims_code":"13","seims_desc":"FOREST CITY #1","source_vintage":"sbe_2006"},"geometry":{"type":"Point","coordinates":[-81.8967798558792,35.338649500691915]}},{"type":"Feature","properties":{"county_nam":"RUTHERFORD","prec_id":"FOREST CITY 2","precinct_norm":"RUTHERFORD - FOREST CITY 2","name":"Forest City 2","label":"Forest City 2","seims_code":"14","seims_desc":"FOREST CITY #2","source_vintage":"sbe_2006"},"geometry":{"type":"Point","coordinates":[-81.85943601379253,35.340745499734396]}},{"type":"Feature","properties":{"county_nam":"RUTHERFORD","prec_id":"GILKEY","precinct_norm":"RUTHERFORD - GILKEY","name":"Gilkey","label":"Gilkey","seims_code":"16","seims_desc":"GILKEY","source_vintage":"sbe_2006"},"geometry":{"type":"Point","coordinates":[-81.98214490148708,35.43843450169902]}},{"type":"Feature","properties":{"county_nam":"RUTHERFORD","prec_id":"GOLDEN VALLEY","precinct_norm":"RUTHERFORD - GOLDEN VALLEY","name":"Golden Valley","label":"Golden Valley","seims_code":"17","seims_desc":"GOLDEN VALLEY","source_vintage":"sbe_2006"},"geometry":{"type":"Point","coordinates":[-81.7677574308693,35.53627400050564]}},{"type":"Feature","properties":{"county_nam":"RUTHERFORD","prec_id":"GREEN HILL","precinct_norm":"RUTHERFORD - GREEN HILL","name":"Green Hill","label":"Green Hill","seims_code":"18","seims_desc":"GREEN HILL","source_vintage":"sbe_2006"},"geometry":{"type":"Point","coordinates":[-82.04957145455569,35.393911999797275]}},{"type":"Feature","properties":{"county_nam":"RUTHERFORD","prec_id":"HAYNES","precinct_norm":"RUTHERFORD - HAYNES","name":"Haynes","label":"Haynes","seims_code":"19","seims_desc":"HAYNES","source_vintage":"sbe_2006"},"geometry":{"type":"Point","coordinates":[-81.83148002801099,35.24169499882059]}},{"type":"Feature","properties":{"county_nam":"RUTHERFORD","prec_id":"MORGAN","precinct_norm":"RUTHERFORD - MORGAN","name":"Morgan","label":"Morgan","seims_code":"22","seims_desc":"MORGAN","source_vintage":"sbe_2006"},"geometry":{"type":"Point","coordinates":[-82.06043147258609,35.497922501282694]}},{"type":"Feature","properties":{"county_nam":"RUTHERFORD","prec_id":"MT VERNON","precinct_norm":"RUTHERFORD - MT VERNON","name":"Mt Vernon","label":"Mt Vernon","seims_code":"23","seims_desc":"MT VERNON","source_vintage":"sbe_2006"},"geometry":{"type":"Point","coordinates":[-81.87394211024179,35.45853149883983]}},{"type":"Feature","properties":{"county_nam":"RUTHERFORD","prec_id":"RUTHERFORDTON 1","precinct_norm":"RUTHERFORD - RUTHERFORDTON 1","name":"Rutherfordton 1","label":"Rutherfordton 1","seims_code":"27","seims_desc":"RUTHERFORDTON #1","source_vintage":"sbe_2006"},"geometry":{"type":"Point","coordinates":[-81.98118051320664,35.368417999678925]}},{"type":"Feature","properties":{"county_nam":"RUTHERFORD","prec_id":"RUTHERFORDTON 2","precinct_norm":"RUTHERFORD - RUTHERFORDTON 2","name":"Rutherfordton 2","label":"Rutherfordton 2","seims_code":"28","seims_desc":"RUTHERFORDTON #2","source_vintage":"sbe_2006"},"geometry":{"type":"Point","coordinates":[-81.94842443955658,35.37432850022974]}},{"type":"Feature","properties":{"county_nam":"RUTHERFORD","prec_id":"SANDY MUSH","precinct_norm":"RUTHERFORD - SANDY MUSH","name":"Sandy Mush","label":"Sandy Mush","seims_code":"29","seims_desc":"SANDY MUSH","source_vintage":"sbe_2006"},"geometry":{"type":"Point","coordinates":[-81.84869869054299,35.29493650161312]}},{"type":"Feature","properties":{"county_nam":"RUTHERFORD","prec_id":"SPINDALE","precinct_norm":"RUTHERFORD - SPINDALE","name":"Spindale","label":"Spindale","seims_code":"30","seims_desc":"SPINDALE","source_vintage":"sbe_2006"},"geometry":{"type":"Point","coordinates":[-81.92779633146905,35.344507999181374]}},{"type":"Feature","properties":{"county_nam":"RUTHERFORD","prec_id":"SULPHER SPRINGS","precinct_norm":"RUTHERFORD - SULPHER SPRINGS","name":"Sulpher Springs","label":"Sulpher Springs","seims_code":"32","seims_desc":"SULPHER SPRINGS","source_vintage":"sbe_2006"},"geometry":{"type":"Point","coordinates":[-81.91499419889149,35.229968501678485]}},{"type":"Feature","properties":{"county_nam":"RUTHERFORD","prec_id":"SUNSHINE","precinct_norm":"RUTHERFORD - SUNSHINE","name":"Sunshine","label":"Sunshine","seims_code":"33","seims_desc":"SUNSHINE","source_vintage":"sbe_2006"},"geometry":{"type":"Point","coordinates":[-81.80922495283195,35.45964749913469]}},{"type":"Feature","properties":{"county_nam":"RUTHERFORD","prec_id":"UNION","precinct_norm":"RUTHERFORD - UNION","name":"Union","label":"Union","seims_code":"34","seims_desc":"UNION","source_vintage":"sbe_2006"},"geometry":{"type":"Point","coordinates":[-81.98405071418254,35.30043449975129]}},{"type":"Feature","properties":{"county_nam":"SAMPSON","prec_id":"AUTRYVILLE","precinct_norm":"SAMPSON - AUTRYVILLE","name":"Autryville","label":"Autryville","seims_code":"AUTR","seims_desc":"AUTRYVILLE","source_vintage":"sbe_2006"},"geometry":{"type":"Point","coordinates":[-78.57499617349532,35.04841049944558]}},{"type":"Feature","properties":{"county_nam":"SAMPSON","prec_id":"CLEMENT","precinct_norm":"SAMPSON - CLEMENT","name":"Clement","label":"Clement","seims_code":"CLEM","seims_desc":"CLEMENT","source_vintage":"sbe_2006"},"geometry":{"type":"Point","coordinates":[-78.64054305450398,35.084112499593736]}},{"type":"Feature","properties":{"county_nam":"SAMPSON","prec_id":"CLINTON CENTRAL","precinct_norm":"SAMPSON - CLINTON CENTRAL","name":"Clinton Central","label":"Clinton Central","seims_code":"CLCE","seims_desc":"CLINTON, CENTRAL","source_vintage":"sbe_2006"},"geometry":{"type":"Point","coordinates":[-78.32162681205904,34.99432399973035]}},{"type":"Feature","properties":{"county_nam":"SAMPSON","prec_id":"CLINTON EAST","precinct_norm":"SAMPSON - CLINTON EAST","name":"Clinton East","label":"Clinton East","seims_code":"CLEA","seims_desc":"CLINTON, EAST","source_vintage":"sbe_2006"},"geometry":{"type":"Point","coordinates":[-78.27475345694486,35.00160700125403]}},{"type":"Feature","properties":{"county_nam":"SAMPSON","prec_id":"CLINTON NORTHEAST","precinct_norm":"SAMPSON - CLINTON NORTHEAST","name":"Clinton Northeast","label":"Clinton Northeast","seims_code":"CLNE","seims_desc":"CLINTON, NORTHEAST","source_vintage":"sbe_2006"},"geometry":{"type":"Point","coordinates":[-78.32762072559584,35.028041000703354]}},{"type":"Feature","properties":{"county_nam":"SAMPSON","prec_id":"CLINTON SOUTHWEST","precinct_norm":"SAMPSON - CLINTON SOUTHWEST","name":"Clinton Southwest","label":"Clinton Southwest","seims_code":"CLSW","seims_desc":"CLINTON, SOUTHWEST","source_vintage":"sbe_2006"},"geometry":{"type":"Point","coordinates":[-78.33978653614815,34.94801449972898]}},{"type":"Feature","properties":{"county_nam":"SAMPSON","prec_id":"CLINTON WEST","precinct_norm":"SAMPSON - CLINTON WEST","name":"Clinton West","label":"Clinton West","seims_code":"CLWE","seims_desc":"CLINTON, WEST","source_vintage":"sbe_2006"},"geometry":{"type":"Point","coordinates":[-78.38570214009626,34.97716849980404]}},{"type":"Feature","properties":{"county_nam":"SAMPSON","prec_id":"GARLAND","precinct_norm":"SAMPSON - GARLAND","name":"Garland","label":"Garland","seims_code":"GARL","seims_desc":"GARLAND","source_vintage":"sbe_2006"},"geometry":{"type":"Point","coordinates":[-78.38176860907978,34.792886999946205]}},{"type":"Feature","properties":{"county_nam":"SAMPSON","prec_id":"GIDDENSVILLE","precinct_norm":"SAMPSON - GIDDENSVILLE","name":"Giddensville","label":"Giddensville","seims_code":"GIDD","seims_desc":"GIDDENSVILLE","source_vintage":"sbe_2006"},"geometry":{"type":"Point","coordinates":[-78.21526654255916,35.13457800108818]}},{"type":"Feature","properties":{"county_nam":"SAMPSON","prec_id":"HARRELLS","precinct_norm":"SAMPSON - HARRELLS","name":"Harrells","label":"Harrells","seims_code":"HARR","seims_desc":"HARRELLS","source_vintage":"sbe_2006"},"geometry":{"type":"Point","coordinates":[-78.24497577764832,34.686721501055395]}},{"type":"Feature","properties":{"county_nam":"SAMPSON","prec_id":"HERRING","precinct_norm":"SAMPSON - HERRING","name":"Herring","label":"Herring","seims_code":"HERR","seims_desc":"HERRING","source_vintage":"sbe_2006"},"geometry":{"type":"Point","coordinates":[-78.48541787910285,35.10073000129332]}},{"type":"Feature","properties":{"county_nam":"SAMPSON","prec_id":"INGOLD","precinct_norm":"SAMPSON - INGOLD","name":"Ingold","label":"Ingold","seims_code":"INGO","seims_desc":"INGOLD","source_vintage":"sbe_2006"},"geometry":{"type":"Point","coordinates":[-78.2707274125683,34.83473650039081]}},{"type":"Feature","properties":{"county_nam":"SAMPSON","prec_id":"KEENER","precinct_norm":"SAMPSON - KEENER","name":"Keener","label":"Keener","seims_code":"KEEN","seims_desc":"KEENER","source_vintage":"sbe_2006"},"geometry":{"type":"Point","coordinates":[-78.30464526759853,35.09876400135967]}},{"type":"Feature","properties":{"county_nam":"SAMPSON","prec_id":"KITTY FORK","precinct_norm":"SAMPSON - KITTY FORK","name":"Kitty Fork","label":"Kitty Fork","seims_code":"KFRK","seims_desc":"KITTY FORK","source_vintage":"sbe_2006"},"geometry":{"type":"Point","coordinates":[-78.40752113503879,35.082578498822826]}},{"type":"Feature","properties":{"county_nam":"SAMPSON","prec_id":"LAKEWOOD","precinct_norm":"SAMPSON - LAKEWOOD","name":"Lakewood","label":"Lakewood","seims_code":"LAKE","seims_desc":"LAKEWOOD","source_vintage":"sbe_2006"},"geometry":{"type":"Point","coordinates":[-78.46363552459724,34.936961001508394]}},{"type":"Feature","properties":{"county_nam":"SAMPSON","prec_id":"MINGO","precinct_norm":"SAMPSON - MINGO","name":"Mingo","label":"Mingo","seims_code":"MING","seims_desc":"MINGO","source_vintage":"sbe_2006"},"geometry":{"type":"Point","coordinates":[-78.56016479343091,35.186193500328514]}},{"type":"Feature","properties":{"county_nam":"SAMPSON","prec_id":"NEWTON GROVE","precinct_norm":"SAMPSON - NEWTON GROVE","name":"Newton Grove","label":"Newton Grove","seims_code":"NGRV","seims_desc":"NEWTON GROVE","source_vintage":"sbe_2006"},"geometry":{"type":"Point","coordinates":[-78.32194185287034,35.22660150068708]}},{"type":"Feature","properties":{"county_nam":"SAMPSON","prec_id":"PLAINVIEW","precinct_norm":"SAMPSON - PLAINVIEW","name":"Plainview","label":"Plainview","seims_code":"PLVW","seims_desc":"PLAINVIEW","source_vintage":"sbe_2006"},"geometry":{"type":"Point","coordinates":[-78.52245533936485,35.25351700156058]}},{"type":"Feature","properties":{"county_nam":"SAMPSON","prec_id":"ROSEBORO","precinct_norm":"SAMPSON - ROSEBORO","name":"Roseboro","label":"Roseboro","seims_code":"ROSE","seims_desc":"ROSEBORO","source_vintage":"sbe_2006"},"geometry":{"type":"Point","coordinates":[-78.56732462300491,34.951312500219586]}},{"type":"Feature","properties":{"county_nam":"SAMPSON","prec_id":"ROWAN","precinct_norm":"SAMPSON - ROWAN","name":"Rowan","label":"Rowan","seims_code":"ROWA","seims_desc":"ROWAN","source_vintage":"sbe_2006"},"geometry":{"type":"Point","coordinates":[-78.26964300462834,34.91278100146609]}},{"type":"Feature","properties":{"county_nam":"SAMPSON","prec_id":"SALEMBURG","precinct_norm":"SAMPSON - SALEMBURG","name":"Salemburg","label":"Salemburg","seims_code":"SBRG","seims_desc":"SALEMBURG","source_vintage":"sbe_2006"},"geometry":{"type":"Point","coordinates":[-78.44880717899426,35.01830149947257]}},{"type":"Feature","properties":{"county_nam":"SAMPSON","prec_id":"TURKEY","precinct_norm":"SAMPSON - TURKEY","name":"Turkey","label":"Turkey","seims_code":"TURK","seims_desc":"TURKEY","source_vintage":"sbe_2006"},"geometry":{"type":"Point","coordinates":[-78.19435714355919,34.99119599982727]}},{"type":"Feature","properties":{"county_nam":"SAMPSON","prec_id":"WESTBROOK","precinct_norm":"SAMPSON - WESTBROOK","name":"Westbrook","label":"Westbrook","seims_code":"WBRK","seims_desc":"WESTBROOK","source_vintage":"sbe_2006"},"geometry":{"type":"Point","coordinates":[-78.42364185561135,35.1871695003681]}},{"type":"Feature","properties":{"county_nam":"SCOTLAND","prec_id":"01","precinct_norm":"SCOTLAND - 01","name":"01","label":"01","seims_code":"01","seims_desc":"01","source_vintage":"sbe_2006"},"geometry":{"type":"Point","coordinates":[-79.44838335456441,34.787006500714504]}},{"type":"Feature","properties":{"county_nam":"SCOTLAND","prec_id":"02","precinct_norm":"SCOTLAND - 02","name":"02","label":"02","seims_code":"02","seims_desc":"02","source_vintage":"sbe_2006"},"geometry":{"type":"Point","coordinates":[-79.41884805584749,34.74660150030967]}},{"type":"Feature","properties":{"county_nam":"SCOTLAND","prec_id":"03","precinct_norm":"SCOTLAND - 03","name":"03","label":"03","seims_code":"03","seims_desc":"03","source_vintage":"sbe_2006"},"geometry":{"type":"Point","coordinates":[-79.50327346084057,34.76342500155992]}},{"type":"Feature","properties":{"county_nam":"SCOTLAND","prec_id":"04","precinct_norm":"SCOTLAND - 04","name":"04","label":"04","seims_code":"04","seims_desc":"04","source_vintage":"sbe_2006"},"geometry":{"type":"Point","coordinates":[-79.50713069781314,34.71510300028136]}},{"type":"Feature","properties":{"county_nam":"SCOTLAND","prec_id":"05","precinct_norm":"SCOTLAND - 05","name":"05","label":"05","seims_code":"05","seims_desc":"05","source_vintage":"sbe_2006"},"geometry":{"type":"Point","coordinates":[-79.458633573942,34.68736550064277]}},{"type":"Feature","properties":{"county_nam":"SCOTLAND","prec_id":"06","precinct_norm":"SCOTLAND - 06","name":"06","label":"06","seims_code":"06","seims_desc":"06","source_vintage":"sbe_2006"},"geometry":{"type":"Point","coordinates":[-79.38335680620511,34.78071999875068]}},{"type":"Feature","properties":{"county_nam":"SCOTLAND","prec_id":"07","precinct_norm":"SCOTLAND - 07","name":"07","label":"07","seims_code":"07","seims_desc":"07","source_vintage":"sbe_2006"},"geometry":{"type":"Point","coordinates":[-79.41480223139484,34.91539199891708]}},{"type":"Feature","properties":{"county_nam":"SCOTLAND","prec_id":"08","precinct_norm":"SCOTLAND - 08","name":"08","label":"08","seims_code":"08","seims_desc":"08","source_vintage":"sbe_2006"},"geometry":{"type":"Point","coordinates":[-79.51098702236169,34.90959450141348]}},{"type":"Feature","properties":{"county_nam":"SCOTLAND","prec_id":"09","precinct_norm":"SCOTLAND - 09","name":"09","label":"09","seims_code":"09","seims_desc":"09","source_vintage":"sbe_2006"},"geometry":{"type":"Point","coordinates":[-79.57619016864996,34.84640249867794]}},{"type":"Feature","properties":{"county_nam":"SCOTLAND","prec_id":"10","precinct_norm":"SCOTLAND - 10","name":"10","label":"10","seims_code":"10","seims_desc":"10","source_vintage":"sbe_2006"},"geometry":{"type":"Point","coordinates":[-79.57983601635796,34.7568359997282]}},{"type":"Feature","properties":{"county_nam":"STANLY","prec_id":"ALBEMARLE 01","precinct_norm":"STANLY - ALBEMARLE 01","name":"Albemarle 01","label":"Albemarle 01","seims_code":"0001","seims_desc":"ALBEMARLE NUMBER 1","source_vintage":"sbe_2006"},"geometry":{"type":"Point","coordinates":[-80.18734327739585,35.36610650074729]}},{"type":"Feature","properties":{"county_nam":"STANLY","prec_id":"ALBEMARLE 02","precinct_norm":"STANLY - ALBEMARLE 02","name":"Albemarle 02","label":"Albemarle 02","seims_code":"0002","seims_desc":"ALBEMARLE NUMBER 2","source_vintage":"sbe_2006"},"geometry":{"type":"Point","coordinates":[-80.2143395874291,35.362879000582296]}},{"type":"Feature","properties":{"county_nam":"STANLY","prec_id":"ALBEMARLE 06","precinct_norm":"STANLY - ALBEMARLE 06","name":"Albemarle 06","label":"Albemarle 06","seims_code":"0006","seims_desc":"ALBEMARLE NUMBER 6","source_vintage":"sbe_2006"},"geometry":{"type":"Point","coordinates":[-80.18787158235338,35.35487850083884]}},{"type":"Feature","properties":{"county_nam":"STANLY","prec_id":"ALBEMARLE 07","precinct_norm":"STANLY - ALBEMARLE 07","name":"Albemarle 07","label":"Albemarle 07","seims_code":"0007","seims_desc":"ALBEMARLE NUMBER 7","source_vintage":"sbe_2006"},"geometry":{"type":"Point","coordinates":[-80.16720422132646,35.358359501139965]}},{"type":"Feature","properties":{"county_nam":"STANLY","prec_id":"ALBEMARLE 08","precinct_norm":"STANLY - ALBEMARLE 08","name":"Albemarle 08","label":"Albemarle 08","seims_code":"0008","seims_desc":"ALBEMARLE NUMBER 8","source_vintage":"sbe_2006"},"geometry":{"type":"Point","coordinates":[-80.18674935151141,35.342634500053265]}},{"type":"Feature","properties":{"county_nam":"STANLY","prec_id":"ALBEMARLE 10","precinct_norm":"STANLY - ALBEMARLE 10","name":"Albemarle 10","label":"Albemarle 10","seims_code":"0010","seims_desc":"ALBEMARLE NUMBER 10","source_vintage":"sbe_2006"},"geometry":{"type":"Point","coordinates":[-80.21514794012629,35.338686499541396]}},{"type":"Feature","properties":{"county_nam":"STANLY","prec_id":"ALBEMARLE 11","precinct_norm":"STANLY - ALBEMARLE 11","name":"Albemarle 11","label":"Albemarle 11","seims_code":"0011","seims_desc":"ALBEMARLE NUMBER 11","source_vintage":"sbe_2006"},"geometry":{"type":"Point","coordinates":[-80.19655768928337,35.38850549806444]}},{"type":"Feature","properties":{"county_nam":"STANLY","prec_id":"ALBEMARLE EAST","precinct_norm":"STANLY - ALBEMARLE EAST","name":"Albemarle East","label":"Albemarle East","seims_code":"0014","seims_desc":"EAST ALBEMARLE","source_vintage":"sbe_2006"},"geometry":{"type":"Point","coordinates":[-80.11064002503349,35.32823750048162]}},{"type":"Feature","properties":{"county_nam":"STANLY","prec_id":"ALBEMARLE NORTH","precinct_norm":"STANLY - ALBEMARLE NORTH","name":"Albemarle North","label":"Albemarle North","seims_code":"0012","seims_desc":"NORTH ALBEMARLE","source_vintage":"sbe_2006"},"geometry":{"type":"Point","coordinates":[-80.23936481380564,35.387069500539994]}},{"type":"Feature","properties":{"county_nam":"STANLY","prec_id":"ALBEMARLE SOUTH","precinct_norm":"STANLY - ALBEMARLE SOUTH","name":"Albemarle South","label":"Albemarle South","seims_code":"0013","seims_desc":"SOUTH ALBEMARLE","source_vintage":"sbe_2006"},"geometry":{"type":"Point","coordinates":[-80.19495958424062,35.31660699939877]}},{"type":"Feature","properties":{"county_nam":"STANLY","prec_id":"ALMOND","precinct_norm":"STANLY - ALMOND","name":"Almond","label":"Almond","seims_code":"0020","seims_desc":"ALMOND","source_vintage":"sbe_2006"},"geometry":{"type":"Point","coordinates":[-80.33037465976,35.338799000318346]}},{"type":"Feature","properties":{"county_nam":"STANLY","prec_id":"BADIN","precinct_norm":"STANLY - BADIN","name":"Badin","label":"Badin","seims_code":"0015","seims_desc":"BADIN","source_vintage":"sbe_2006"},"geometry":{"type":"Point","coordinates":[-80.10035581238563,35.38070849784283]}},{"type":"Feature","properties":{"county_nam":"STANLY","prec_id":"BIG LICK 1","precinct_norm":"STANLY - BIG LICK 1","name":"Big Lick 1","label":"Big Lick 1","seims_code":"0022","seims_desc":"BIG LICK NUMBER 1","source_vintage":"sbe_2006"},"geometry":{"type":"Point","coordinates":[-80.29650758379576,35.213092000060755]}},{"type":"Feature","properties":{"county_nam":"STANLY","prec_id":"BIG LICK 2","precinct_norm":"STANLY - BIG LICK 2","name":"Big Lick 2","label":"Big Lick 2","seims_code":"0023","seims_desc":"BIG LICK NUMBER 2","source_vintage":"sbe_2006"},"geometry":{"type":"Point","coordinates":[-80.37128643808438,35.2398324998082]}},{"type":"Feature","properties":{"county_nam":"STANLY","prec_id":"CENTER EAST","precinct_norm":"STANLY - CENTER EAST","name":"Center East","label":"Center East","seims_code":"0027","seims_desc":"EAST CENTER","source_vintage":"sbe_2006"},"geometry":{"type":"Point","coordinates":[-80.1257859508668,35.24967399893647]}},{"type":"Feature","properties":{"county_nam":"STANLY","prec_id":"CENTER WEST","precinct_norm":"STANLY - CENTER WEST","name":"Center West","label":"Center West","seims_code":"0028","seims_desc":"WEST CENTER","source_vintage":"sbe_2006"},"geometry":{"type":"Point","coordinates":[-80.13293519196952,35.20715900233573]}},{"type":"Feature","properties":{"county_nam":"STANLY","prec_id":"ENDY","precinct_norm":"STANLY - ENDY","name":"Endy","label":"Endy","seims_code":"0021","seims_desc":"ENDY","source_vintage":"sbe_2006"},"geometry":{"type":"Point","coordinates":[-80.27509263264156,35.28480349987396]}},{"type":"Feature","properties":{"county_nam":"STANLY","prec_id":"FURR 1","precinct_norm":"STANLY - FURR 1","name":"Furr 1","label":"Furr 1","seims_code":"0024","seims_desc":"FURR NUMBER 1","source_vintage":"sbe_2006"},"geometry":{"type":"Point","coordinates":[-80.41070025065646,35.284812999486434]}},{"type":"Feature","properties":{"county_nam":"STANLY","prec_id":"FURR 2","precinct_norm":"STANLY - FURR 2","name":"Furr 2","label":"Furr 2","seims_code":"0025","seims_desc":"FURR NUMBER 2","source_vintage":"sbe_2006"},"geometry":{"type":"Point","coordinates":[-80.43623221285057,35.20805449935955]}},{"type":"Feature","properties":{"county_nam":"STANLY","prec_id":"NEW LONDON","precinct_norm":"STANLY - NEW LONDON","name":"New London","label":"New London","seims_code":"0017","seims_desc":"NEW LONDON","source_vintage":"sbe_2006"},"geometry":{"type":"Point","coordinates":[-80.18926600040245,35.455189999316005]}},{"type":"Feature","properties":{"county_nam":"STANLY","prec_id":"PALMERVILLE","precinct_norm":"STANLY - PALMERVILLE","name":"Palmerville","label":"Palmerville","seims_code":"0016","seims_desc":"PALMERVILLE","source_vintage":"sbe_2006"},"geometry":{"type":"Point","coordinates":[-80.1580981110786,35.419771497239616]}},{"type":"Feature","properties":{"county_nam":"STANLY","prec_id":"RICHFIELD","precinct_norm":"STANLY - RICHFIELD","name":"Richfield","label":"Richfield","seims_code":"0018","seims_desc":"RICHFIELD","source_vintage":"sbe_2006"},"geometry":{"type":"Point","coordinates":[-80.26329304890255,35.47481199819183]}},{"type":"Feature","properties":{"county_nam":"STANLY","prec_id":"RIDENHOUR","precinct_norm":"STANLY - RIDENHOUR","name":"Ridenhour","label":"Ridenhour","seims_code":"0019","seims_desc":"RIDENHOUR","source_vintage":"sbe_2006"},"geometry":{"type":"Point","coordinates":[-80.29393188621631,35.42048199999774]}},{"type":"Feature","properties":{"county_nam":"STANLY","prec_id":"TYSON","precinct_norm":"STANLY - TYSON","name":"Tyson","label":"Tyson","seims_code":"0026","seims_desc":"TYSON","source_vintage":"sbe_2006"},"geometry":{"type":"Point","coordinates":[-80.21617375668953,35.21840150083497]}},{"type":"Feature","properties":{"county_nam":"STOKES","prec_id":"CHESTNUT GROVE","precinct_norm":"STOKES - CHESTNUT GROVE","name":"Chestnut Grove","label":"Chestnut Grove","seims_code":"04","seims_desc":"CHESTNUT GROVE","source_vintage":"sbe_2006"},"geometry":{"type":"Point","coordinates":[-80.36676913302296,36.314127501453555]}},{"type":"Feature","properties":{"county_nam":"STOKES","prec_id":"DANBURY","precinct_norm":"STOKES - DANBURY","name":"Danbury","label":"Danbury","seims_code":"01","seims_desc":"DANBURY","source_vintage":"sbe_2006"},"geometry":{"type":"Point","coordinates":[-80.21109802329539,36.40986050108833]}},{"type":"Feature","properties":{"county_nam":"STOKES","prec_id":"FLINTY KNOLL","precinct_norm":"STOKES - FLINTY KNOLL","name":"Flinty Knoll","label":"Flinty Knoll","seims_code":"08","seims_desc":"FLINTY KNOLL","source_vintage":"sbe_2006"},"geometry":{"type":"Point","coordinates":[-80.36189127187097,36.41388050072689]}},{"type":"Feature","properties":{"county_nam":"STOKES","prec_id":"FRANCISCO","precinct_norm":"STOKES - FRANCISCO","name":"Francisco","label":"Francisco","seims_code":"05","seims_desc":"FRANCISCO","source_vintage":"sbe_2006"},"geometry":{"type":"Point","coordinates":[-80.33115218702389,36.49785649913193]}},{"type":"Feature","properties":{"county_nam":"STOKES","prec_id":"FRANS","precinct_norm":"STOKES - FRANS","name":"Frans","label":"Frans","seims_code":"06","seims_desc":"FRANS","source_vintage":"sbe_2006"},"geometry":{"type":"Point","coordinates":[-80.41345290541278,36.506717499227825]}},{"type":"Feature","properties":{"county_nam":"STOKES","prec_id":"FREEMAN","precinct_norm":"STOKES - FREEMAN","name":"Freeman","label":"Freeman","seims_code":"18","seims_desc":"FREEMAN","source_vintage":"sbe_2006"},"geometry":{"type":"Point","coordinates":[-80.07714620757253,36.293931498725755]}},{"type":"Feature","properties":{"county_nam":"STOKES","prec_id":"GERMANTON","precinct_norm":"STOKES - GERMANTON","name":"Germanton","label":"Germanton","seims_code":"15","seims_desc":"GERMANTON","source_vintage":"sbe_2006"},"geometry":{"type":"Point","coordinates":[-80.23596624996895,36.29588899938054]}},{"type":"Feature","properties":{"county_nam":"STOKES","prec_id":"KING EAST","precinct_norm":"STOKES - KING EAST","name":"King East","label":"King East","seims_code":"10","seims_desc":"EAST KING","source_vintage":"sbe_2006"},"geometry":{"type":"Point","coordinates":[-80.3387157682263,36.28540199926528]}},{"type":"Feature","properties":{"county_nam":"STOKES","prec_id":"KING WEST","precinct_norm":"STOKES - KING WEST","name":"King West","label":"King West","seims_code":"11","seims_desc":"WEST KING","source_vintage":"sbe_2006"},"geometry":{"type":"Point","coordinates":[-80.37431524706727,36.28349949967271]}},{"type":"Feature","properties":{"county_nam":"STOKES","prec_id":"LAWSONVILLE","precinct_norm":"STOKES - LAWSONVILLE","name":"Lawsonville","label":"Lawsonville","seims_code":"03","seims_desc":"LAWSONVILLE","source_vintage":"sbe_2006"},"geometry":{"type":"Point","coordinates":[-80.22541513551985,36.484177499157845]}},{"type":"Feature","properties":{"county_nam":"STOKES","prec_id":"MITCHELL","precinct_norm":"STOKES - MITCHELL","name":"Mitchell","label":"Mitchell","seims_code":"20","seims_desc":"MITCHELL","source_vintage":"sbe_2006"},"geometry":{"type":"Point","coordinates":[-80.0859997793446,36.40373250048384]}},{"type":"Feature","properties":{"county_nam":"STOKES","prec_id":"MIZPAH","precinct_norm":"STOKES - MIZPAH","name":"Mizpah","label":"Mizpah","seims_code":"13","seims_desc":"MIZPAH","source_vintage":"sbe_2006"},"geometry":{"type":"Point","coordinates":[-80.30304646620057,36.293633500499915]}},{"type":"Feature","properties":{"county_nam":"STOKES","prec_id":"MOUNT OLIVE","precinct_norm":"STOKES - MOUNT OLIVE","name":"Mount Olive","label":"Mount Olive","seims_code":"12","seims_desc":"MOUNT OLIVE","source_vintage":"sbe_2006"},"geometry":{"type":"Point","coordinates":[-80.33251227025076,36.36252249959483]}},{"type":"Feature","properties":{"county_nam":"STOKES","prec_id":"PINE HALL","precinct_norm":"STOKES - PINE HALL","name":"Pine Hall","label":"Pine Hall","seims_code":"19","seims_desc":"PINE HALL","source_vintage":"sbe_2006"},"geometry":{"type":"Point","coordinates":[-80.06884220542348,36.34194499889218]}},{"type":"Feature","properties":{"county_nam":"STOKES","prec_id":"PINNACLE","precinct_norm":"STOKES - PINNACLE","name":"Pinnacle","label":"Pinnacle","seims_code":"09","seims_desc":"PINNACLE","source_vintage":"sbe_2006"},"geometry":{"type":"Point","coordinates":[-80.41978529534738,36.333663001051505]}},{"type":"Feature","properties":{"county_nam":"STOKES","prec_id":"REYNOLDS","precinct_norm":"STOKES - REYNOLDS","name":"Reynolds","label":"Reynolds","seims_code":"07","seims_desc":"REYNOLDS","source_vintage":"sbe_2006"},"geometry":{"type":"Point","coordinates":[-80.36851134542533,36.452329998763105]}},{"type":"Feature","properties":{"county_nam":"STOKES","prec_id":"SANDY RIDGE","precinct_norm":"STOKES - SANDY RIDGE","name":"Sandy Ridge","label":"Sandy Ridge","seims_code":"02","seims_desc":"SANDY RIDGE","source_vintage":"sbe_2006"},"geometry":{"type":"Point","coordinates":[-80.1044430094982,36.48793750141843]}},{"type":"Feature","properties":{"county_nam":"STOKES","prec_id":"WALNUT COVE EAST","precinct_norm":"STOKES - WALNUT COVE EAST","name":"Walnut Cove East","label":"Walnut Cove East","seims_code":"16","seims_desc":"EAST WALNUT COVE","source_vintage":"sbe_2006"},"geometry":{"type":"Point","coordinates":[-80.11115013981953,36.313878000508524]}},{"type":"Feature","properties":{"county_nam":"STOKES","prec_id":"WALNUT COVE WEST","precinct_norm":"STOKES - WALNUT COVE WEST","name":"Walnut Cove West","label":"Walnut Cove West","seims_code":"17","seims_desc":"WEST WALNUT COVE","source_vintage":"sbe_2006"},"geometry":{"type":"Point","coordinates":[-80.16530234276829,36.29766499832729]}},{"type":"Feature","properties":{"county_nam":"STOKES","prec_id":"WILSON STORE","precinct_norm":"STOKES - WILSON STORE","name":"Wilson Store","label":"Wilson Store","seims_code":"14","seims_desc":"WILSON ST.","source_vintage":"sbe_2006"},"geometry":{"type":"Point","coordinates":[-80.21810728539751,36.3547109985502]}},{"type":"Feature","properties":{"county_nam":"SURRY","prec_id":"BRYAN","precinct_norm":"SURRY - BRYAN","name":"Bryan","label":"Bryan","seims_code":"01","seims_desc":"BRYAN","source_vintage":"sbe_2006"},"geometry":{"type":"Point","coordinates":[-80.88823133287173,36.41311199996835]}},{"type":"Feature","properties":{"county_nam":"SURRY","prec_id":"DOBSON 1","precinct_norm":"SURRY - DOBSON 1","name":"Dobson 1","label":"Dobson 1","seims_code":"02","seims_desc":"DOBSON #1","source_vintage":"sbe_2006"},"geometry":{"type":"Point","coordinates":[-80.71887371660034,36.39276549955518]}},{"type":"Feature","properties":{"county_nam":"SURRY","prec_id":"DOBSON 2","precinct_norm":"SURRY - DOBSON 2","name":"Dobson 2","label":"Dobson 2","seims_code":"03","seims_desc":"DOBSON #2","source_vintage":"sbe_2006"},"geometry":{"type":"Point","coordinates":[-80.72847944717961,36.4235400012057]}},{"type":"Feature","properties":{"county_nam":"SURRY","prec_id":"DOBSON 3","precinct_norm":"SURRY - DOBSON 3","name":"Dobson 3","label":"Dobson 3","seims_code":"04","seims_desc":"DOBSON #3","source_vintage":"sbe_2006"},"geometry":{"type":"Point","coordinates":[-80.72021814254433,36.36211499935021]}},{"type":"Feature","properties":{"county_nam":"SURRY","prec_id":"ELDORA","precinct_norm":"SURRY - ELDORA","name":"Eldora","label":"Eldora","seims_code":"05","seims_desc":"ELDORA","source_vintage":"sbe_2006"},"geometry":{"type":"Point","coordinates":[-80.60341205948808,36.39487050058783]}},{"type":"Feature","properties":{"county_nam":"SURRY","prec_id":"ELKIN 1","precinct_norm":"SURRY - ELKIN 1","name":"Elkin 1","label":"Elkin 1","seims_code":"06","seims_desc":"ELKIN #1","source_vintage":"sbe_2006"},"geometry":{"type":"Point","coordinates":[-80.8559482172052,36.26281649979204]}},{"type":"Feature","properties":{"county_nam":"SURRY","prec_id":"ELKIN 2","precinct_norm":"SURRY - ELKIN 2","name":"Elkin 2","label":"Elkin 2","seims_code":"07","seims_desc":"ELKIN #2","source_vintage":"sbe_2006"},"geometry":{"type":"Point","coordinates":[-80.82735435125731,36.26774149966418]}},{"type":"Feature","properties":{"county_nam":"SURRY","prec_id":"ELKIN 3","precinct_norm":"SURRY - ELKIN 3","name":"Elkin 3","label":"Elkin 3","seims_code":"08","seims_desc":"ELKIN #3","source_vintage":"sbe_2006"},"geometry":{"type":"Point","coordinates":[-80.83441796594917,36.29730650017387]}},{"type":"Feature","properties":{"county_nam":"SURRY","prec_id":"FRANKLIN","precinct_norm":"SURRY - FRANKLIN","name":"Franklin","label":"Franklin","seims_code":"09","seims_desc":"FRANKLIN","source_vintage":"sbe_2006"},"geometry":{"type":"Point","coordinates":[-80.86930356383189,36.48882999935294]}},{"type":"Feature","properties":{"county_nam":"SURRY","prec_id":"LONGHILL","precinct_norm":"SURRY - LONGHILL","name":"Longhill","label":"Longhill","seims_code":"10","seims_desc":"LONGHILL","source_vintage":"sbe_2006"},"geometry":{"type":"Point","coordinates":[-80.53751054394166,36.412772501850846]}},{"type":"Feature","properties":{"county_nam":"SURRY","prec_id":"MARSH","precinct_norm":"SURRY - MARSH","name":"Marsh","label":"Marsh","seims_code":"11","seims_desc":"MARSH","source_vintage":"sbe_2006"},"geometry":{"type":"Point","coordinates":[-80.7493826154847,36.30764699873025]}},{"type":"Feature","properties":{"county_nam":"SURRY","prec_id":"MT AIRY 1","precinct_norm":"SURRY - MT AIRY 1","name":"Mt Airy 1","label":"Mt Airy 1","seims_code":"12","seims_desc":"MT AIRY #1","source_vintage":"sbe_2006"},"geometry":{"type":"Point","coordinates":[-80.60150800527,36.48824399976013]}},{"type":"Feature","properties":{"county_nam":"SURRY","prec_id":"MT AIRY 2","precinct_norm":"SURRY - MT AIRY 2","name":"Mt Airy 2","label":"Mt Airy 2","seims_code":"13","seims_desc":"MT AIRY #2","source_vintage":"sbe_2006"},"geometry":{"type":"Point","coordinates":[-80.59598965414409,36.5199365005814]}},{"type":"Feature","properties":{"county_nam":"SURRY","prec_id":"MT AIRY 3","precinct_norm":"SURRY - MT AIRY 3","name":"Mt Airy 3","label":"Mt Airy 3","seims_code":"33","seims_desc":"MT AIRY #3","source_vintage":"sbe_2006"},"geometry":{"type":"Point","coordinates":[-80.6146839618446,36.51732950055725]}},{"type":"Feature","properties":{"county_nam":"SURRY","prec_id":"MT AIRY 4","precinct_norm":"SURRY - MT AIRY 4","name":"Mt Airy 4","label":"Mt Airy 4","seims_code":"14","seims_desc":"MT AIRY #4","source_vintage":"sbe_2006"},"geometry":{"type":"Point","coordinates":[-80.60547875808393,36.53911650135046]}},{"type":"Feature","properties":{"county_nam":"SURRY","prec_id":"MT AIRY 5","precinct_norm":"SURRY - MT AIRY 5","name":"Mt Airy 5","label":"Mt Airy 5","seims_code":"15","seims_desc":"MT AIRY #5","source_vintage":"sbe_2006"},"geometry":{"type":"Point","coordinates":[-80.55601073197526,36.52501350001302]}},{"type":"Feature","properties":{"county_nam":"SURRY","prec_id":"MT AIRY 6","precinct_norm":"SURRY - MT AIRY 6","name":"Mt Airy 6","label":"Mt Airy 6","seims_code":"16","seims_desc":"MT AIRY #6","source_vintage":"sbe_2006"},"geometry":{"type":"Point","coordinates":[-80.5644783951195,36.477707000647726]}},{"type":"Feature","properties":{"county_nam":"SURRY","prec_id":"MT AIRY 7","precinct_norm":"SURRY - MT AIRY 7","name":"Mt Airy 7","label":"Mt Airy 7","seims_code":"17","seims_desc":"MT AIRY #7","source_vintage":"sbe_2006"},"geometry":{"type":"Point","coordinates":[-80.6001678054033,36.45345499970473]}},{"type":"Feature","properties":{"county_nam":"SURRY","prec_id":"MT AIRY 8","precinct_norm":"SURRY - MT AIRY 8","name":"Mt Airy 8","label":"Mt Airy 8","seims_code":"18","seims_desc":"MT AIRY #8","source_vintage":"sbe_2006"},"geometry":{"type":"Point","coordinates":[-80.65512814604133,36.472338000043166]}},{"type":"Feature","properties":{"county_nam":"SURRY","prec_id":"MT AIRY 9","precinct_norm":"SURRY - MT AIRY 9","name":"Mt Airy 9","label":"Mt Airy 9","seims_code":"19","seims_desc":"MT AIRY #9","source_vintage":"sbe_2006"},"geometry":{"type":"Point","coordinates":[-80.65308413722929,36.52973600021605]}},{"type":"Feature","properties":{"county_nam":"SURRY","prec_id":"PILOT 1","precinct_norm":"SURRY - PILOT 1","name":"Pilot 1","label":"Pilot 1","seims_code":"20","seims_desc":"PILOT #1","source_vintage":"sbe_2006"},"geometry":{"type":"Point","coordinates":[-80.46769183495047,36.38476600063825]}},{"type":"Feature","properties":{"county_nam":"SURRY","prec_id":"PILOT 2","precinct_norm":"SURRY - PILOT 2","name":"Pilot 2","label":"Pilot 2","seims_code":"21","seims_desc":"PILOT #2","source_vintage":"sbe_2006"},"geometry":{"type":"Point","coordinates":[-80.50995030873844,36.38034050456683]}},{"type":"Feature","properties":{"county_nam":"SURRY","prec_id":"ROCKFORD","precinct_norm":"SURRY - ROCKFORD","name":"Rockford","label":"Rockford","seims_code":"22","seims_desc":"ROCKFORD","source_vintage":"sbe_2006"},"geometry":{"type":"Point","coordinates":[-80.6553554741018,36.301946001129]}},{"type":"Feature","properties":{"county_nam":"SURRY","prec_id":"SHOALS","precinct_norm":"SURRY - SHOALS","name":"Shoals","label":"Shoals","seims_code":"23","seims_desc":"SHOALS","source_vintage":"sbe_2006"},"geometry":{"type":"Point","coordinates":[-80.49025155270871,36.29847499977971]}},{"type":"Feature","properties":{"county_nam":"SURRY","prec_id":"SILOAM","precinct_norm":"SURRY - SILOAM","name":"Siloam","label":"Siloam","seims_code":"24","seims_desc":"SILOAM","source_vintage":"sbe_2006"},"geometry":{"type":"Point","coordinates":[-80.56950949626753,36.31594499983215]}},{"type":"Feature","properties":{"county_nam":"SURRY","prec_id":"STEWARTS CREEK 1","precinct_norm":"SURRY - STEWARTS CREEK 1","name":"Stewarts Creek 1","label":"Stewarts Creek 1","seims_code":"25","seims_desc":"STEWARTS CREEK #1","source_vintage":"sbe_2006"},"geometry":{"type":"Point","coordinates":[-80.77118603973884,36.50919950014208]}},{"type":"Feature","properties":{"county_nam":"SURRY","prec_id":"STEWARTS CREEK 2","precinct_norm":"SURRY - STEWARTS CREEK 2","name":"Stewarts Creek 2","label":"Stewarts Creek 2","seims_code":"26","seims_desc":"STEWARTS CREEK #2","source_vintage":"sbe_2006"},"geometry":{"type":"Point","coordinates":[-80.70067301114392,36.51265999993721]}},{"type":"Feature","properties":{"county_nam":"SURRY","prec_id":"WESTFIELD NORTH","precinct_norm":"SURRY - WESTFIELD NORTH","name":"Westfield North","label":"Westfield North","seims_code":"27","seims_desc":"NORTH WESTFIELD","source_vintage":"sbe_2006"},"geometry":{"type":"Point","coordinates":[-80.48786712344095,36.49476999764594]}},{"type":"Feature","properties":{"county_nam":"SURRY","prec_id":"WESTFIELD SOUTH","precinct_norm":"SURRY - WESTFIELD SOUTH","name":"Westfield South","label":"Westfield South","seims_code":"28","seims_desc":"SOUTH WESTFIELD","source_vintage":"sbe_2006"},"geometry":{"type":"Point","coordinates":[-80.5147862690269,36.45760150177195]}},{"type":"Feature","properties":{"county_nam":"SWAIN","prec_id":"ALARKA, ALMOND, BRYSON CITY 1, & WHITTIER","precinct_norm":"SWAIN - ALARKA, ALMOND, BRYSON CITY 1, & WHITTIER","name":"Alarka, Almond, Bryson City 1, & Whittier","label":"Alarka, Almond, Bryson City 1, & Whittier","seims_code":"ALARKA, ALMOND, BC1, & WHCH","seims_desc":"ALARKA, ALMOND, BC1, & WHCH","source_vintage":"sbe_2006"},"geometry":{"type":"Point","coordinates":[-83.54198079253212,35.436402999073394]}},{"type":"Feature","properties":{"county_nam":"SWAIN","prec_id":"BC2","precinct_norm":"SWAIN - BC2","name":"BC2","label":"BC2","seims_code":"BC2","seims_desc":"BC2","source_vintage":"sbe_2006"},"geometry":{"type":"Point","coordinates":[-83.53874423937077,35.5582919997983]}},{"type":"Feature","properties":{"county_nam":"TRANSYLVANIA","prec_id":"BALSAM GROVE & GLOUCESTER","precinct_norm":"TRANSYLVANIA - BALSAM GROVE & GLOUCESTER","name":"Balsam Grove & Gloucester","label":"Balsam Grove & Gloucester","seims_code":"BG & GL","seims_desc":"BALSAM GROVE & GLOUCESTER","source_vintage":"sbe_2006"},"geometry":{"type":"Point","coordinates":[-82.88779481174006,35.22656499986233]}},{"type":"Feature","properties":{"county_nam":"TRANSYLVANIA","prec_id":"BOYD","precinct_norm":"TRANSYLVANIA - BOYD","name":"Boyd","label":"Boyd","seims_code":"BD","seims_desc":"BOYD","source_vintage":"sbe_2006"},"geometry":{"type":"Point","coordinates":[-82.70434306099673,35.34117199905734]}},{"type":"Feature","properties":{"county_nam":"TRANSYLVANIA","prec_id":"BREVARD 1","precinct_norm":"TRANSYLVANIA - BREVARD 1","name":"Brevard 1","label":"Brevard 1","seims_code":"B1","seims_desc":"BREVARD #1","source_vintage":"sbe_2006"},"geometry":{"type":"Point","coordinates":[-82.73795082698669,35.217741501111576]}},{"type":"Feature","properties":{"county_nam":"TRANSYLVANIA","prec_id":"BREVARD 2","precinct_norm":"TRANSYLVANIA - BREVARD 2","name":"Brevard 2","label":"Brevard 2","seims_code":"B2","seims_desc":"BREVARD #2","source_vintage":"sbe_2006"},"geometry":{"type":"Point","coordinates":[-82.75559752834148,35.233056000686204]}},{"type":"Feature","properties":{"county_nam":"TRANSYLVANIA","prec_id":"BREVARD 3","precinct_norm":"TRANSYLVANIA - BREVARD 3","name":"Brevard 3","label":"Brevard 3","seims_code":"B3","seims_desc":"BREVARD #3","source_vintage":"sbe_2006"},"geometry":{"type":"Point","coordinates":[-82.75066627301578,35.25441149997401]}},{"type":"Feature","properties":{"county_nam":"TRANSYLVANIA","prec_id":"BREVARD 4","precinct_norm":"TRANSYLVANIA - BREVARD 4","name":"Brevard 4","label":"Brevard 4","seims_code":"B4","seims_desc":"BREVARD #4","source_vintage":"sbe_2006"},"geometry":{"type":"Point","coordinates":[-82.71892032148142,35.231835500215354]}},{"type":"Feature","properties":{"county_nam":"TRANSYLVANIA","prec_id":"CATHEYS CREEK","precinct_norm":"TRANSYLVANIA - CATHEYS CREEK","name":"Catheys Creek","label":"Catheys Creek","seims_code":"CC","seims_desc":"CATHEYS CREEK","source_vintage":"sbe_2006"},"geometry":{"type":"Point","coordinates":[-82.7885764301816,35.20496699838378]}},{"type":"Feature","properties":{"county_nam":"TRANSYLVANIA","prec_id":"CEDAR MOUNTAIN","precinct_norm":"TRANSYLVANIA - CEDAR MOUNTAIN","name":"Cedar Mountain","label":"Cedar Mountain","seims_code":"CM","seims_desc":"CEDAR MOUNTAIN","source_vintage":"sbe_2006"},"geometry":{"type":"Point","coordinates":[-82.63455386487412,35.171498501258114]}},{"type":"Feature","properties":{"county_nam":"TRANSYLVANIA","prec_id":"DUNNS ROCK","precinct_norm":"TRANSYLVANIA - DUNNS ROCK","name":"Dunns Rock","label":"Dunns Rock","seims_code":"DR","seims_desc":"DUNNS ROCK","source_vintage":"sbe_2006"},"geometry":{"type":"Point","coordinates":[-82.71989438945995,35.1761019993264]}},{"type":"Feature","properties":{"county_nam":"TRANSYLVANIA","prec_id":"EAST FORK & ROSMAN-EASTATOE","precinct_norm":"TRANSYLVANIA - EAST FORK & ROSMAN-EASTATOE","name":"East Fork & Rosman-Eastatoe","label":"East Fork & Rosman-Eastatoe","seims_code":"EF & RE","seims_desc":"EAST FORK & ROSMAN EASTATOE","source_vintage":"sbe_2006"},"geometry":{"type":"Point","coordinates":[-82.7933823191224,35.111343001127274]}},{"type":"Feature","properties":{"county_nam":"TRANSYLVANIA","prec_id":"LAKE TOXAWAY, QUEBEC, & SAPPHIRE-WHITEWATER","precinct_norm":"TRANSYLVANIA - LAKE TOXAWAY, QUEBEC, & SAPPHIRE-WHITEWATER","name":"Lake Toxaway, Quebec, & Sapphire-Whitewater","label":"Lake Toxaway, Quebec, & Sapphire-Whitewater","seims_code":"LT, QB, & SW","seims_desc":"LAKE TOXAWAY, QUEBEC, & SAPPHIRE WHITEWATER","source_vintage":"sbe_2006"},"geometry":{"type":"Point","coordinates":[-82.96080439559763,35.10053950263759]}},{"type":"Feature","properties":{"county_nam":"TRANSYLVANIA","prec_id":"LITTLE RIVER","precinct_norm":"TRANSYLVANIA - LITTLE RIVER","name":"Little River","label":"Little River","seims_code":"LR","seims_desc":"LITTLE RIVER","source_vintage":"sbe_2006"},"geometry":{"type":"Point","coordinates":[-82.63571558548136,35.23334450291273]}},{"type":"Feature","properties":{"county_nam":"TRANSYLVANIA","prec_id":"PISGAH FOREST","precinct_norm":"TRANSYLVANIA - PISGAH FOREST","name":"Pisgah Forest","label":"Pisgah Forest","seims_code":"PF","seims_desc":"PISGAH FOREST","source_vintage":"sbe_2006"},"geometry":{"type":"Point","coordinates":[-82.79600498116103,35.29915299888484]}},{"type":"Feature","properties":{"county_nam":"TRANSYLVANIA","prec_id":"WILLIAMSON CREEK","precinct_norm":"TRANSYLVANIA - WILLIAMSON CREEK","name":"Williamson Creek","label":"Williamson Creek","seims_code":"WC","seims_desc":"WILLIAMSON CREEK","source_vintage":"sbe_2006"},"geometry":{"type":"Point","coordinates":[-82.68771180023761,35.22243749952926]}},{"type":"Feature","properties":{"county_nam":"TYRRELL","prec_id":"ALLIGATOR","precinct_norm":"TYRRELL - ALLIGATOR","name":"Alligator","label":"Alligator","seims_code":"1","seims_desc":"ALLIGATOR","source_vintage":"sbe_2006"},"geometry":{"type":"Point","coordinates":[-76.08302799081565,35.95639300096694]}},{"type":"Feature","properties":{"county_nam":"TYRRELL","prec_id":"COLUMBIA","precinct_norm":"TYRRELL - COLUMBIA","name":"Columbia","label":"Columbia","seims_code":"2","seims_desc":"COLUMBIA","source_vintage":"sbe_2006"},"geometry":{"type":"Point","coordinates":[-76.24882837890738,35.9358219999155]}},{"type":"Feature","properties":{"county_nam":"TYRRELL","prec_id":"GUMNECK","precinct_norm":"TYRRELL - GUMNECK","name":"Gumneck","label":"Gumneck","seims_code":"3","seims_desc":"GUMNECK","source_vintage":"sbe_2006"},"geometry":{"type":"Point","coordinates":[-76.172478607144,35.75146950086165]}},{"type":"Feature","properties":{"county_nam":"TYRRELL","prec_id":"KILKENNY","precinct_norm":"TYRRELL - KILKENNY","name":"Kilkenny","label":"Kilkenny","seims_code":"14","seims_desc":"KILKENNY","source_vintage":"sbe_2006"},"geometry":{"type":"Point","coordinates":[-76.22973235076086,35.66556650260692]}},{"type":"Feature","properties":{"county_nam":"TYRRELL","prec_id":"SCUPPERNONG","precinct_norm":"TYRRELL - SCUPPERNONG","name":"Scuppernong","label":"Scuppernong","seims_code":"15","seims_desc":"SCUPPERNONG","source_vintage":"sbe_2006"},"geometry":{"type":"Point","coordinates":[-76.32848614181246,35.93216599971038]}},{"type":"Feature","properties":{"county_nam":"TYRRELL","prec_id":"SOUTH FORK","precinct_norm":"TYRRELL - SOUTH FORK","name":"South Fork","label":"South Fork","seims_code":"16","seims_desc":"SOUTH FORK","source_vintage":"sbe_2006"},"geometry":{"type":"Point","coordinates":[-76.36630795892205,35.78092850012631]}},{"type":"Feature","properties":{"county_nam":"UNION","prec_id":"01","precinct_norm":"UNION - 01","name":"01","label":"01","seims_code":"001","seims_desc":"001","source_vintage":"sbe_2006"},"geometry":{"type":"Point","coordinates":[-80.55636944066595,34.99910500031411]}},{"type":"Feature","properties":{"county_nam":"UNION","prec_id":"02","precinct_norm":"UNION - 02","name":"02","label":"02","seims_code":"002","seims_desc":"002","source_vintage":"sbe_2006"},"geometry":{"type":"Point","coordinates":[-80.55009578574683,34.96742800050165]}},{"type":"Feature","properties":{"county_nam":"UNION","prec_id":"03","precinct_norm":"UNION - 03","name":"03","label":"03","seims_code":"003","seims_desc":"003","source_vintage":"sbe_2006"},"geometry":{"type":"Point","coordinates":[-80.52375215022772,34.96684649899258]}},{"type":"Feature","properties":{"county_nam":"UNION","prec_id":"04","precinct_norm":"UNION - 04","name":"04","label":"04","seims_code":"004","seims_desc":"004","source_vintage":"sbe_2006"},"geometry":{"type":"Point","coordinates":[-80.50375605676669,34.9874644997916]}},{"type":"Feature","properties":{"county_nam":"UNION","prec_id":"05","precinct_norm":"UNION - 05","name":"05","label":"05","seims_code":"005","seims_desc":"005","source_vintage":"sbe_2006"},"geometry":{"type":"Point","coordinates":[-80.61195502961735,35.02178400042567]}},{"type":"Feature","properties":{"county_nam":"UNION","prec_id":"06","precinct_norm":"UNION - 06","name":"06","label":"06","seims_code":"006","seims_desc":"006","source_vintage":"sbe_2006"},"geometry":{"type":"Point","coordinates":[-80.53600791983112,35.02872599977904]}},{"type":"Feature","properties":{"county_nam":"UNION","prec_id":"07","precinct_norm":"UNION - 07","name":"07","label":"07","seims_code":"007","seims_desc":"007","source_vintage":"sbe_2006"},"geometry":{"type":"Point","coordinates":[-80.61644923059887,34.934860998574266]}},{"type":"Feature","properties":{"county_nam":"UNION","prec_id":"08","precinct_norm":"UNION - 08","name":"08","label":"08","seims_code":"008","seims_desc":"008","source_vintage":"sbe_2006"},"geometry":{"type":"Point","coordinates":[-80.46249411856829,34.9811350002751]}},{"type":"Feature","properties":{"county_nam":"UNION","prec_id":"09","precinct_norm":"UNION - 09","name":"09","label":"09","seims_code":"009","seims_desc":"009","source_vintage":"sbe_2006"},"geometry":{"type":"Point","coordinates":[-80.37410116835576,34.98686850019227]}},{"type":"Feature","properties":{"county_nam":"UNION","prec_id":"10","precinct_norm":"UNION - 10","name":"10","label":"10","seims_code":"010","seims_desc":"010","source_vintage":"sbe_2006"},"geometry":{"type":"Point","coordinates":[-80.55716080692001,34.98221200006274]}},{"type":"Feature","properties":{"county_nam":"UNION","prec_id":"11","precinct_norm":"UNION - 11","name":"11","label":"11","seims_code":"011","seims_desc":"011","source_vintage":"sbe_2006"},"geometry":{"type":"Point","coordinates":[-80.3590702840682,35.1263680004525]}},{"type":"Feature","properties":{"county_nam":"UNION","prec_id":"12","precinct_norm":"UNION - 12","name":"12","label":"12","seims_code":"012","seims_desc":"012","source_vintage":"sbe_2006"},"geometry":{"type":"Point","coordinates":[-80.49739846089813,35.146503001107305]}},{"type":"Feature","properties":{"county_nam":"UNION","prec_id":"13","precinct_norm":"UNION - 13","name":"13","label":"13","seims_code":"013","seims_desc":"013","source_vintage":"sbe_2006"},"geometry":{"type":"Point","coordinates":[-80.49559059801165,35.09225249952325]}},{"type":"Feature","properties":{"county_nam":"UNION","prec_id":"14","precinct_norm":"UNION - 14","name":"14","label":"14","seims_code":"014","seims_desc":"014","source_vintage":"sbe_2006"},"geometry":{"type":"Point","coordinates":[-80.6530650941102,35.06408300067638]}},{"type":"Feature","properties":{"county_nam":"UNION","prec_id":"15","precinct_norm":"UNION - 15","name":"15","label":"15","seims_code":"015","seims_desc":"015","source_vintage":"sbe_2006"},"geometry":{"type":"Point","coordinates":[-80.70029950959821,35.081555000452425]}},{"type":"Feature","properties":{"county_nam":"UNION","prec_id":"16","precinct_norm":"UNION - 16","name":"16","label":"16","seims_code":"016","seims_desc":"016","source_vintage":"sbe_2006"},"geometry":{"type":"Point","coordinates":[-80.62075030030465,35.099886499329585]}},{"type":"Feature","properties":{"county_nam":"UNION","prec_id":"17A","precinct_norm":"UNION - 17A","name":"17A","label":"17A","seims_code":"017A","seims_desc":"017A","source_vintage":"sbe_2006"},"geometry":{"type":"Point","coordinates":[-80.6739478498736,35.00735000088487]}},{"type":"Feature","properties":{"county_nam":"UNION","prec_id":"17B","precinct_norm":"UNION - 17B","name":"17B","label":"17B","seims_code":"017B","seims_desc":"017B","source_vintage":"sbe_2006"},"geometry":{"type":"Point","coordinates":[-80.70862154129875,35.00574850038448]}},{"type":"Feature","properties":{"county_nam":"UNION","prec_id":"18","precinct_norm":"UNION - 18","name":"18","label":"18","seims_code":"018","seims_desc":"018","source_vintage":"sbe_2006"},"geometry":{"type":"Point","coordinates":[-80.73596136773324,35.03947149931939]}},{"type":"Feature","properties":{"county_nam":"UNION","prec_id":"19","precinct_norm":"UNION - 19","name":"19","label":"19","seims_code":"019","seims_desc":"019","source_vintage":"sbe_2006"},"geometry":{"type":"Point","coordinates":[-80.67749318225583,34.94255950274889]}},{"type":"Feature","properties":{"county_nam":"UNION","prec_id":"20A","precinct_norm":"UNION - 20A","name":"20A","label":"20A","seims_code":"020A","seims_desc":"020A","source_vintage":"sbe_2006"},"geometry":{"type":"Point","coordinates":[-80.75405948032272,34.926286999910516]}},{"type":"Feature","properties":{"county_nam":"UNION","prec_id":"20B","precinct_norm":"UNION - 20B","name":"20B","label":"20B","seims_code":"020B","seims_desc":"020B","source_vintage":"sbe_2006"},"geometry":{"type":"Point","coordinates":[-80.72722170248977,34.95436650125092]}},{"type":"Feature","properties":{"county_nam":"UNION","prec_id":"21","precinct_norm":"UNION - 21","name":"21","label":"21","seims_code":"021","seims_desc":"021","source_vintage":"sbe_2006"},"geometry":{"type":"Point","coordinates":[-80.66121761148867,34.8652224996125]}},{"type":"Feature","properties":{"county_nam":"UNION","prec_id":"23","precinct_norm":"UNION - 23","name":"23","label":"23","seims_code":"023","seims_desc":"023","source_vintage":"sbe_2006"},"geometry":{"type":"Point","coordinates":[-80.54466054548075,34.929586500952496]}},{"type":"Feature","properties":{"county_nam":"UNION","prec_id":"24","precinct_norm":"UNION - 24","name":"24","label":"24","seims_code":"024","seims_desc":"024","source_vintage":"sbe_2006"},"geometry":{"type":"Point","coordinates":[-80.55441589192858,34.870902502053724]}},{"type":"Feature","properties":{"county_nam":"UNION","prec_id":"25","precinct_norm":"UNION - 25","name":"25","label":"25","seims_code":"025","seims_desc":"025","source_vintage":"sbe_2006"},"geometry":{"type":"Point","coordinates":[-80.47958160109519,34.92443100003794]}},{"type":"Feature","properties":{"county_nam":"UNION","prec_id":"26","precinct_norm":"UNION - 26","name":"26","label":"26","seims_code":"026","seims_desc":"026","source_vintage":"sbe_2006"},"geometry":{"type":"Point","coordinates":[-80.40139908768755,34.86048399861056]}},{"type":"Feature","properties":{"county_nam":"UNION","prec_id":"27","precinct_norm":"UNION - 27","name":"27","label":"27","seims_code":"027","seims_desc":"027","source_vintage":"sbe_2006"},"geometry":{"type":"Point","coordinates":[-80.37361119002998,34.9374059997248]}},{"type":"Feature","properties":{"county_nam":"UNION","prec_id":"28","precinct_norm":"UNION - 28","name":"28","label":"28","seims_code":"028","seims_desc":"028","source_vintage":"sbe_2006"},"geometry":{"type":"Point","coordinates":[-80.8050413802906,34.98456799990417]}},{"type":"Feature","properties":{"county_nam":"UNION","prec_id":"29A","precinct_norm":"UNION - 29A","name":"29A","label":"29A","seims_code":"029A","seims_desc":"029A","source_vintage":"sbe_2006"},"geometry":{"type":"Point","coordinates":[-80.66413956643655,35.036134000647095]}},{"type":"Feature","properties":{"county_nam":"UNION","prec_id":"29B","precinct_norm":"UNION - 29B","name":"29B","label":"29B","seims_code":"029B","seims_desc":"029B","source_vintage":"sbe_2006"},"geometry":{"type":"Point","coordinates":[-80.66747006735572,35.04684799849221]}},{"type":"Feature","properties":{"county_nam":"UNION","prec_id":"29C","precinct_norm":"UNION - 29C","name":"29C","label":"29C","seims_code":"029C","seims_desc":"029C","source_vintage":"sbe_2006"},"geometry":{"type":"Point","coordinates":[-80.67900970812433,35.0482795000731]}},{"type":"Feature","properties":{"county_nam":"UNION","prec_id":"30","precinct_norm":"UNION - 30","name":"30","label":"30","seims_code":"030","seims_desc":"030","source_vintage":"sbe_2006"},"geometry":{"type":"Point","coordinates":[-80.5782277979265,35.03189999699437]}},{"type":"Feature","properties":{"county_nam":"UNION","prec_id":"31","precinct_norm":"UNION - 31","name":"31","label":"31","seims_code":"031","seims_desc":"031","source_vintage":"sbe_2006"},"geometry":{"type":"Point","coordinates":[-80.61886010148567,34.98249000126897]}},{"type":"Feature","properties":{"county_nam":"UNION","prec_id":"32","precinct_norm":"UNION - 32","name":"32","label":"32","seims_code":"032","seims_desc":"032","source_vintage":"sbe_2006"},"geometry":{"type":"Point","coordinates":[-80.57423160887674,35.16056499967718]}},{"type":"Feature","properties":{"county_nam":"UNION","prec_id":"34","precinct_norm":"UNION - 34","name":"34","label":"34","seims_code":"034","seims_desc":"034","source_vintage":"sbe_2006"},"geometry":{"type":"Point","coordinates":[-80.45999763744514,35.039837999461696]}},{"type":"Feature","properties":{"county_nam":"UNION","prec_id":"35","precinct_norm":"UNION - 35","name":"35","label":"35","seims_code":"035","seims_desc":"035","source_vintage":"sbe_2006"},"geometry":{"type":"Point","coordinates":[-80.61617966849926,35.12999750158492]}},{"type":"Feature","properties":{"county_nam":"UNION","prec_id":"36","precinct_norm":"UNION - 36","name":"36","label":"36","seims_code":"036","seims_desc":"036","source_vintage":"sbe_2006"},"geometry":{"type":"Point","coordinates":[-80.35464631054899,35.04145499958464]}},{"type":"Feature","properties":{"county_nam":"UNION","prec_id":"37","precinct_norm":"UNION - 37","name":"37","label":"37","seims_code":"037","seims_desc":"037","source_vintage":"sbe_2006"},"geometry":{"type":"Point","coordinates":[-80.658369764735,35.11186150085943]}},{"type":"Feature","properties":{"county_nam":"UNION","prec_id":"38A","precinct_norm":"UNION - 38A","name":"38A","label":"38A","seims_code":"038A","seims_desc":"038A","source_vintage":"sbe_2006"},"geometry":{"type":"Point","coordinates":[-80.6260260445146,35.06952600005429]}},{"type":"Feature","properties":{"county_nam":"UNION","prec_id":"38B","precinct_norm":"UNION - 38B","name":"38B","label":"38B","seims_code":"038B","seims_desc":"038B","source_vintage":"sbe_2006"},"geometry":{"type":"Point","coordinates":[-80.63153073401071,35.08409350002147]}},{"type":"Feature","properties":{"county_nam":"UNION","prec_id":"39","precinct_norm":"UNION - 39","name":"39","label":"39","seims_code":"039","seims_desc":"039","source_vintage":"sbe_2006"},"geometry":{"type":"Point","coordinates":[-80.57018126264096,35.07998999781513]}},{"type":"Feature","properties":{"county_nam":"UNION","prec_id":"40","precinct_norm":"UNION - 40","name":"40","label":"40","seims_code":"040","seims_desc":"040","source_vintage":"sbe_2006"},"geometry":{"type":"Point","coordinates":[-80.69844025658935,35.04587400141678]}},{"type":"Feature","properties":{"county_nam":"UNION","prec_id":"41","precinct_norm":"UNION - 41","name":"41","label":"41","seims_code":"041","seims_desc":"041","source_vintage":"sbe_2006"},"geometry":{"type":"Point","coordinates":[-80.7516082793039,35.009955500951456]}},{"type":"Feature","properties":{"county_nam":"UNION","prec_id":"42","precinct_norm":"UNION - 42","name":"42","label":"42","seims_code":"042","seims_desc":"042","source_vintage":"sbe_2006"},"geometry":{"type":"Point","coordinates":[-80.60158644639334,34.9989204987355]}},{"type":"Feature","properties":{"county_nam":"UNION","prec_id":"43","precinct_norm":"UNION - 43","name":"43","label":"43","seims_code":"043","seims_desc":"043","source_vintage":"sbe_2006"},"geometry":{"type":"Point","coordinates":[-80.53920130709508,34.985898998501526]}},{"type":"Feature","properties":{"county_nam":"UNION","prec_id":"22 & 33","precinct_norm":"UNION - 22 & 33","name":"22 & 33","label":"22 & 33","seims_code":"022 & 033","seims_desc":"022 & 033","source_vintage":"sbe_2006"},"geometry":{"type":"Point","coordinates":[-80.74961347630307,34.87338549921813]}},{"type":"Feature","properties":{"county_nam":"VANCE","prec_id":"DABNEY","precinct_norm":"VANCE - DABNEY","name":"Dabney","label":"Dabney","seims_code":"DABN","seims_desc":"DABN","source_vintage":"sbe_2006"},"geometry":{"type":"Point","coordinates":[-78.47983855633913,36.34449250072704]}},{"type":"Feature","properties":{"county_nam":"VANCE","prec_id":"HENDERSON EAST 1","precinct_norm":"VANCE - HENDERSON EAST 1","name":"Henderson East 1","label":"Henderson East 1","seims_code":"EH1","seims_desc":"EH1","source_vintage":"sbe_2006"},"geometry":{"type":"Point","coordinates":[-78.3922810968204,36.3282779983045]}},{"type":"Feature","properties":{"county_nam":"VANCE","prec_id":"HENDERSON EAST 2","precinct_norm":"VANCE - HENDERSON EAST 2","name":"Henderson East 2","label":"Henderson East 2","seims_code":"EH2","seims_desc":"EH2","source_vintage":"sbe_2006"},"geometry":{"type":"Point","coordinates":[-78.37686375933956,36.33322899979575]}},{"type":"Feature","properties":{"county_nam":"VANCE","prec_id":"HENDERSON NORTH 1","precinct_norm":"VANCE - HENDERSON NORTH 1","name":"Henderson North 1","label":"Henderson North 1","seims_code":"NH1","seims_desc":"NH1","source_vintage":"sbe_2006"},"geometry":{"type":"Point","coordinates":[-78.40562635289454,36.336292499207545]}},{"type":"Feature","properties":{"county_nam":"VANCE","prec_id":"HENDERSON NORTH 2","precinct_norm":"VANCE - HENDERSON NORTH 2","name":"Henderson North 2","label":"Henderson North 2","seims_code":"NH2","seims_desc":"NH2","source_vintage":"sbe_2006"},"geometry":{"type":"Point","coordinates":[-78.38381709528747,36.363353498781876]}},{"type":"Feature","properties":{"county_nam":"VANCE","prec_id":"HENDERSON SOUTH 1","precinct_norm":"VANCE - HENDERSON SOUTH 1","name":"Henderson South 1","label":"Henderson South 1","seims_code":"SH1","seims_desc":"SH1","source_vintage":"sbe_2006"},"geometry":{"type":"Point","coordinates":[-78.39501161330742,36.31332649842048]}},{"type":"Feature","properties":{"county_nam":"VANCE","prec_id":"HENDERSON SOUTH 2","precinct_norm":"VANCE - HENDERSON SOUTH 2","name":"Henderson South 2","label":"Henderson South 2","seims_code":"SH2","seims_desc":"SH2","source_vintage":"sbe_2006"},"geometry":{"type":"Point","coordinates":[-78.39226289291477,36.29601950202846]}},{"type":"Feature","properties":{"county_nam":"VANCE","prec_id":"HENDERSON WEST 1","precinct_norm":"VANCE - HENDERSON WEST 1","name":"Henderson West 1","label":"Henderson West 1","seims_code":"WH1","seims_desc":"WH1","source_vintage":"sbe_2006"},"geometry":{"type":"Point","coordinates":[-78.43054723110899,36.32428550028161]}},{"type":"Feature","properties":{"county_nam":"VANCE","prec_id":"HENDERSON WEST 2","precinct_norm":"VANCE - HENDERSON WEST 2","name":"Henderson West 2","label":"Henderson West 2","seims_code":"WH2","seims_desc":"WH2","source_vintage":"sbe_2006"},"geometry":{"type":"Point","coordinates":[-78.43364607444423,36.339481001133194]}},{"type":"Feature","properties":{"county_nam":"VANCE","prec_id":"HILLTOP","precinct_norm":"VANCE - HILLTOP","name":"Hilltop","label":"Hilltop","seims_code":"HTOP","seims_desc":"HTOP","source_vintage":"sbe_2006"},"geometry":{"type":"Point","coordinates":[-78.43162830591477,36.29762600076212]}},{"type":"Feature","properties":{"county_nam":"VANCE","prec_id":"KITTRELL","precinct_norm":"VANCE - KITTRELL","name":"Kittrell","label":"Kittrell","seims_code":"KITT","seims_desc":"KITT","source_vintage":"sbe_2006"},"geometry":{"type":"Point","coordinates":[-78.44743306585184,36.22120249995518]}},{"type":"Feature","properties":{"county_nam":"VANCE","prec_id":"MIDDLEBURG","precinct_norm":"VANCE - MIDDLEBURG","name":"Middleburg","label":"Middleburg","seims_code":"MIDD","seims_desc":"MIDD","source_vintage":"sbe_2006"},"geometry":{"type":"Point","coordinates":[-78.34048043754075,36.44848000023384]}},{"type":"Feature","properties":{"county_nam":"VANCE","prec_id":"SANDY CREEK","precinct_norm":"VANCE - SANDY CREEK","name":"Sandy Creek","label":"Sandy Creek","seims_code":"SCRK","seims_desc":"SCRK","source_vintage":"sbe_2006"},"geometry":{"type":"Point","coordinates":[-78.33237280245277,36.29632749958549]}},{"type":"Feature","properties":{"county_nam":"VANCE","prec_id":"TOWNSVILLE","precinct_norm":"VANCE - TOWNSVILLE","name":"Townsville","label":"Townsville","seims_code":"TWNS","seims_desc":"TWNS","source_vintage":"sbe_2006"},"geometry":{"type":"Point","coordinates":[-78.4264070209358,36.505982000024005]}},{"type":"Feature","properties":{"county_nam":"VANCE","prec_id":"WATKINS","precinct_norm":"VANCE - WATKINS","name":"Watkins","label":"Watkins","seims_code":"WATK","seims_desc":"WATK","source_vintage":"sbe_2006"},"geometry":{"type":"Point","coordinates":[-78.49245117513345,36.27176199852642]}},{"type":"Feature","properties":{"county_nam":"VANCE","prec_id":"WILLIAMSBORO","precinct_norm":"VANCE - WILLIAMSBORO","name":"Williamsboro","label":"Williamsboro","seims_code":"WMSB","seims_desc":"WMSB","source_vintage":"sbe_2006"},"geometry":{"type":"Point","coordinates":[-78.44884695194247,36.42291949965037]}},{"type":"Feature","properties":{"county_nam":"WAKE","prec_id":"01-01","precinct_norm":"WAKE - 01-01","name":"01-01","label":"01-01","seims_code":"01-01","seims_desc":"PRECINCT 01-01","source_vintage":"sbe_2006"},"geometry":{"type":"Point","coordinates":[-78.66781559425446,35.79285949925155]}},{"type":"Feature","properties":{"county_nam":"WAKE","prec_id":"01-02","precinct_norm":"WAKE - 01-02","name":"01-02","label":"01-02","seims_code":"01-02","seims_desc":"PRECINCT 01-02","source_vintage":"sbe_2006"},"geometry":{"type":"Point","coordinates":[-78.68347152988142,35.796994501039265]}},{"type":"Feature","properties":{"county_nam":"WAKE","prec_id":"01-03","precinct_norm":"WAKE - 01-03","name":"01-03","label":"01-03","seims_code":"01-03","seims_desc":"PRECINCT 01-03","source_vintage":"sbe_2006"},"geometry":{"type":"Point","coordinates":[-78.66460017580604,35.80800499955961]}},{"type":"Feature","properties":{"county_nam":"WAKE","prec_id":"01-04","precinct_norm":"WAKE - 01-04","name":"01-04","label":"01-04","seims_code":"01-04","seims_desc":"PRECINCT 01-04","source_vintage":"sbe_2006"},"geometry":{"type":"Point","coordinates":[-78.65722174871925,35.81079099888049]}},{"type":"Feature","properties":{"county_nam":"WAKE","prec_id":"01-05","precinct_norm":"WAKE - 01-05","name":"01-05","label":"01-05","seims_code":"01-05","seims_desc":"PRECINCT 01-05","source_vintage":"sbe_2006"},"geometry":{"type":"Point","coordinates":[-78.65191883473886,35.802482999926106]}},{"type":"Feature","properties":{"county_nam":"WAKE","prec_id":"01-06","precinct_norm":"WAKE - 01-06","name":"01-06","label":"01-06","seims_code":"01-06","seims_desc":"PRECINCT 01-06","source_vintage":"sbe_2006"},"geometry":{"type":"Point","coordinates":[-78.65181039131795,35.79394700044651]}},{"type":"Feature","properties":{"county_nam":"WAKE","prec_id":"01-07","precinct_norm":"WAKE - 01-07","name":"01-07","label":"01-07","seims_code":"01-07","seims_desc":"PRECINCT 01-07","source_vintage":"sbe_2006"},"geometry":{"type":"Point","coordinates":[-78.6505748489925,35.78480100117885]}},{"type":"Feature","properties":{"county_nam":"WAKE","prec_id":"01-09","precinct_norm":"WAKE - 01-09","name":"01-09","label":"01-09","seims_code":"01-09","seims_desc":"PRECINCT 01-09","source_vintage":"sbe_2006"},"geometry":{"type":"Point","coordinates":[-78.64000999899123,35.80175100293328]}},{"type":"Feature","properties":{"county_nam":"WAKE","prec_id":"01-10","precinct_norm":"WAKE - 01-10","name":"01-10","label":"01-10","seims_code":"01-10","seims_desc":"PRECINCT 01-10","source_vintage":"sbe_2006"},"geometry":{"type":"Point","coordinates":[-78.64368055611516,35.81165100166365]}},{"type":"Feature","properties":{"county_nam":"WAKE","prec_id":"01-11","precinct_norm":"WAKE - 01-11","name":"01-11","label":"01-11","seims_code":"01-11","seims_desc":"PRECINCT 01-11","source_vintage":"sbe_2006"},"geometry":{"type":"Point","coordinates":[-78.65688401289299,35.825407499947374]}},{"type":"Feature","properties":{"county_nam":"WAKE","prec_id":"01-12","precinct_norm":"WAKE - 01-12","name":"01-12","label":"01-12","seims_code":"01-12","seims_desc":"PRECINCT 01-12","source_vintage":"sbe_2006"},"geometry":{"type":"Point","coordinates":[-78.62887656154675,35.81350099916108]}},{"type":"Feature","properties":{"county_nam":"WAKE","prec_id":"01-13","precinct_norm":"WAKE - 01-13","name":"01-13","label":"01-13","seims_code":"01-13","seims_desc":"PRECINCT 01-13","source_vintage":"sbe_2006"},"geometry":{"type":"Point","coordinates":[-78.61605303570732,35.802857502342164]}},{"type":"Feature","properties":{"county_nam":"WAKE","prec_id":"01-14","precinct_norm":"WAKE - 01-14","name":"01-14","label":"01-14","seims_code":"01-14","seims_desc":"PRECINCT 01-14","source_vintage":"sbe_2006"},"geometry":{"type":"Point","coordinates":[-78.63132941308058,35.79210099958757]}},{"type":"Feature","properties":{"county_nam":"WAKE","prec_id":"01-15","precinct_norm":"WAKE - 01-15","name":"01-15","label":"01-15","seims_code":"01-15","seims_desc":"PRECINCT 01-15","source_vintage":"sbe_2006"},"geometry":{"type":"Point","coordinates":[-78.63349896867823,35.83914300026182]}},{"type":"Feature","properties":{"county_nam":"WAKE","prec_id":"01-16","precinct_norm":"WAKE - 01-16","name":"01-16","label":"01-16","seims_code":"01-16","seims_desc":"PRECINCT 01-16","source_vintage":"sbe_2006"},"geometry":{"type":"Point","coordinates":[-78.69768364960564,35.816197999351566]}},{"type":"Feature","properties":{"county_nam":"WAKE","prec_id":"01-17","precinct_norm":"WAKE - 01-17","name":"01-17","label":"01-17","seims_code":"01-17","seims_desc":"PRECINCT 01-17","source_vintage":"sbe_2006"},"geometry":{"type":"Point","coordinates":[-78.64702263394335,35.84243949900316]}},{"type":"Feature","properties":{"county_nam":"WAKE","prec_id":"01-18","precinct_norm":"WAKE - 01-18","name":"01-18","label":"01-18","seims_code":"01-18","seims_desc":"PRECINCT 01-18","source_vintage":"sbe_2006"},"geometry":{"type":"Point","coordinates":[-78.61969708999592,35.83670349893849]}},{"type":"Feature","properties":{"county_nam":"WAKE","prec_id":"01-19","precinct_norm":"WAKE - 01-19","name":"01-19","label":"01-19","seims_code":"01-19","seims_desc":"PRECINCT 01-19","source_vintage":"sbe_2006"},"geometry":{"type":"Point","coordinates":[-78.60585671196115,35.77165099952376]}},{"type":"Feature","properties":{"county_nam":"WAKE","prec_id":"01-20","precinct_norm":"WAKE - 01-20","name":"01-20","label":"01-20","seims_code":"01-20","seims_desc":"PRECINCT 01-20","source_vintage":"sbe_2006"},"geometry":{"type":"Point","coordinates":[-78.6149461542292,35.76890100010628]}},{"type":"Feature","properties":{"county_nam":"WAKE","prec_id":"01-21","precinct_norm":"WAKE - 01-21","name":"01-21","label":"01-21","seims_code":"01-21","seims_desc":"PRECINCT 01-21","source_vintage":"sbe_2006"},"geometry":{"type":"Point","coordinates":[-78.64850219000954,35.73918999929927]}},{"type":"Feature","properties":{"county_nam":"WAKE","prec_id":"01-22","precinct_norm":"WAKE - 01-22","name":"01-22","label":"01-22","seims_code":"01-22","seims_desc":"PRECINCT 01-22","source_vintage":"sbe_2006"},"geometry":{"type":"Point","coordinates":[-78.60267943800287,35.742569000108894]}},{"type":"Feature","properties":{"county_nam":"WAKE","prec_id":"01-23","precinct_norm":"WAKE - 01-23","name":"01-23","label":"01-23","seims_code":"01-23","seims_desc":"PRECINCT 01-23","source_vintage":"sbe_2006"},"geometry":{"type":"Point","coordinates":[-78.66711686314217,35.77660100031856]}},{"type":"Feature","properties":{"county_nam":"WAKE","prec_id":"01-25","precinct_norm":"WAKE - 01-25","name":"01-25","label":"01-25","seims_code":"01-25","seims_desc":"PRECINCT 01-25","source_vintage":"sbe_2006"},"geometry":{"type":"Point","coordinates":[-78.64051547708166,35.76530100057413]}},{"type":"Feature","properties":{"county_nam":"WAKE","prec_id":"01-26","precinct_norm":"WAKE - 01-26","name":"01-26","label":"01-26","seims_code":"01-26","seims_desc":"PRECINCT 01-26","source_vintage":"sbe_2006"},"geometry":{"type":"Point","coordinates":[-78.61996307459032,35.76486449910852]}},{"type":"Feature","properties":{"county_nam":"WAKE","prec_id":"01-27","precinct_norm":"WAKE - 01-27","name":"01-27","label":"01-27","seims_code":"01-27","seims_desc":"PRECINCT 01-27","source_vintage":"sbe_2006"},"geometry":{"type":"Point","coordinates":[-78.65276543152619,35.76650099988366]}},{"type":"Feature","properties":{"county_nam":"WAKE","prec_id":"01-28","precinct_norm":"WAKE - 01-28","name":"01-28","label":"01-28","seims_code":"01-28","seims_desc":"PRECINCT 01-28","source_vintage":"sbe_2006"},"geometry":{"type":"Point","coordinates":[-78.59936796888128,35.80064600048216]}},{"type":"Feature","properties":{"county_nam":"WAKE","prec_id":"01-29","precinct_norm":"WAKE - 01-29","name":"01-29","label":"01-29","seims_code":"01-29","seims_desc":"PRECINCT 01-29","source_vintage":"sbe_2006"},"geometry":{"type":"Point","coordinates":[-78.67094997741654,35.82184049954755]}},{"type":"Feature","properties":{"county_nam":"WAKE","prec_id":"01-30","precinct_norm":"WAKE - 01-30","name":"01-30","label":"01-30","seims_code":"01-30","seims_desc":"PRECINCT 01-30","source_vintage":"sbe_2006"},"geometry":{"type":"Point","coordinates":[-78.6567953217507,35.84584949990419]}},{"type":"Feature","properties":{"county_nam":"WAKE","prec_id":"01-31","precinct_norm":"WAKE - 01-31","name":"01-31","label":"01-31","seims_code":"01-31","seims_desc":"PRECINCT 01-31","source_vintage":"sbe_2006"},"geometry":{"type":"Point","coordinates":[-78.69267820444877,35.78285149985123]}},{"type":"Feature","properties":{"county_nam":"WAKE","prec_id":"01-32","precinct_norm":"WAKE - 01-32","name":"01-32","label":"01-32","seims_code":"01-32","seims_desc":"PRECINCT 01-32","source_vintage":"sbe_2006"},"geometry":{"type":"Point","coordinates":[-78.72710650202798,35.7721509997761]}},{"type":"Feature","properties":{"county_nam":"WAKE","prec_id":"01-33","precinct_norm":"WAKE - 01-33","name":"01-33","label":"01-33","seims_code":"01-33","seims_desc":"PRECINCT 01-33","source_vintage":"sbe_2006"},"geometry":{"type":"Point","coordinates":[-78.68690824741401,35.81473999987952]}},{"type":"Feature","properties":{"county_nam":"WAKE","prec_id":"01-34","precinct_norm":"WAKE - 01-34","name":"01-34","label":"01-34","seims_code":"01-34","seims_desc":"PRECINCT 01-34","source_vintage":"sbe_2006"},"geometry":{"type":"Point","coordinates":[-78.61812321568064,35.78580100092254]}},{"type":"Feature","properties":{"county_nam":"WAKE","prec_id":"01-35","precinct_norm":"WAKE - 01-35","name":"01-35","label":"01-35","seims_code":"01-35","seims_desc":"PRECINCT 01-35","source_vintage":"sbe_2006"},"geometry":{"type":"Point","coordinates":[-78.63118905352525,35.754647499654865]}},{"type":"Feature","properties":{"county_nam":"WAKE","prec_id":"01-36","precinct_norm":"WAKE - 01-36","name":"01-36","label":"01-36","seims_code":"01-36","seims_desc":"PRECINCT 01-36","source_vintage":"sbe_2006"},"geometry":{"type":"Point","coordinates":[-78.63494283255446,35.82572300006018]}},{"type":"Feature","properties":{"county_nam":"WAKE","prec_id":"01-37","precinct_norm":"WAKE - 01-37","name":"01-37","label":"01-37","seims_code":"01-37","seims_desc":"PRECINCT 01-37","source_vintage":"sbe_2006"},"geometry":{"type":"Point","coordinates":[-78.63496408552055,35.84905900096551]}},{"type":"Feature","properties":{"county_nam":"WAKE","prec_id":"01-38","precinct_norm":"WAKE - 01-38","name":"01-38","label":"01-38","seims_code":"01-38","seims_desc":"PRECINCT 01-38","source_vintage":"sbe_2006"},"geometry":{"type":"Point","coordinates":[-78.5970984776623,35.825694999983575]}},{"type":"Feature","properties":{"county_nam":"WAKE","prec_id":"01-39","precinct_norm":"WAKE - 01-39","name":"01-39","label":"01-39","seims_code":"01-39","seims_desc":"PRECINCT 01-39","source_vintage":"sbe_2006"},"geometry":{"type":"Point","coordinates":[-78.64924331417981,35.86141500019369]}},{"type":"Feature","properties":{"county_nam":"WAKE","prec_id":"01-40","precinct_norm":"WAKE - 01-40","name":"01-40","label":"01-40","seims_code":"01-40","seims_desc":"PRECINCT 01-40","source_vintage":"sbe_2006"},"geometry":{"type":"Point","coordinates":[-78.58253663950289,35.77400050089543]}},{"type":"Feature","properties":{"county_nam":"WAKE","prec_id":"01-41","precinct_norm":"WAKE - 01-41","name":"01-41","label":"01-41","seims_code":"01-41","seims_desc":"PRECINCT 01-41","source_vintage":"sbe_2006"},"geometry":{"type":"Point","coordinates":[-78.69868327234664,35.77035100066547]}},{"type":"Feature","properties":{"county_nam":"WAKE","prec_id":"01-42","precinct_norm":"WAKE - 01-42","name":"01-42","label":"01-42","seims_code":"01-42","seims_desc":"PRECINCT 01-42","source_vintage":"sbe_2006"},"geometry":{"type":"Point","coordinates":[-78.60973894889486,35.87505349937888]}},{"type":"Feature","properties":{"county_nam":"WAKE","prec_id":"01-43","precinct_norm":"WAKE - 01-43","name":"01-43","label":"01-43","seims_code":"01-43","seims_desc":"PRECINCT 01-43","source_vintage":"sbe_2006"},"geometry":{"type":"Point","coordinates":[-78.62307895607518,35.86173150125295]}},{"type":"Feature","properties":{"county_nam":"WAKE","prec_id":"01-44","precinct_norm":"WAKE - 01-44","name":"01-44","label":"01-44","seims_code":"01-44","seims_desc":"PRECINCT 01-44","source_vintage":"sbe_2006"},"geometry":{"type":"Point","coordinates":[-78.60742869143482,35.859198999013294]}},{"type":"Feature","properties":{"county_nam":"WAKE","prec_id":"01-45","precinct_norm":"WAKE - 01-45","name":"01-45","label":"01-45","seims_code":"01-45","seims_desc":"PRECINCT 01-45","source_vintage":"sbe_2006"},"geometry":{"type":"Point","coordinates":[-78.63226299847449,35.87167500019807]}},{"type":"Feature","properties":{"county_nam":"WAKE","prec_id":"01-46","precinct_norm":"WAKE - 01-46","name":"01-46","label":"01-46","seims_code":"01-46","seims_desc":"PRECINCT 01-46","source_vintage":"sbe_2006"},"geometry":{"type":"Point","coordinates":[-78.59530561157004,35.841428500036564]}},{"type":"Feature","properties":{"county_nam":"WAKE","prec_id":"01-47","precinct_norm":"WAKE - 01-47","name":"01-47","label":"01-47","seims_code":"01-47","seims_desc":"PRECINCT 01-47","source_vintage":"sbe_2006"},"geometry":{"type":"Point","coordinates":[-78.61409934719734,35.89231600087]}},{"type":"Feature","properties":{"county_nam":"WAKE","prec_id":"01-48","precinct_norm":"WAKE - 01-48","name":"01-48","label":"01-48","seims_code":"01-48","seims_desc":"PRECINCT 01-48","source_vintage":"sbe_2006"},"geometry":{"type":"Point","coordinates":[-78.70874210581611,35.774179999218774]}},{"type":"Feature","properties":{"county_nam":"WAKE","prec_id":"01-49","precinct_norm":"WAKE - 01-49","name":"01-49","label":"01-49","seims_code":"01-49","seims_desc":"PRECINCT 01-49","source_vintage":"sbe_2006"},"geometry":{"type":"Point","coordinates":[-78.73881072532805,35.78010100081003]}},{"type":"Feature","properties":{"county_nam":"WAKE","prec_id":"01-50","precinct_norm":"WAKE - 01-50","name":"01-50","label":"01-50","seims_code":"01-50","seims_desc":"PRECINCT 01-50","source_vintage":"sbe_2006"},"geometry":{"type":"Point","coordinates":[-78.61874896480269,35.74086499985688]}},{"type":"Feature","properties":{"county_nam":"WAKE","prec_id":"01-51","precinct_norm":"WAKE - 01-51","name":"01-51","label":"01-51","seims_code":"01-51","seims_desc":"PRECINCT 01-51","source_vintage":"sbe_2006"},"geometry":{"type":"Point","coordinates":[-78.63227349431409,35.8584645002626]}},{"type":"Feature","properties":{"county_nam":"WAKE","prec_id":"02-01","precinct_norm":"WAKE - 02-01","name":"02-01","label":"02-01","seims_code":"02-01","seims_desc":"PRECINCT 02-01","source_vintage":"sbe_2006"},"geometry":{"type":"Point","coordinates":[-78.66704076492539,35.91718450113091]}},{"type":"Feature","properties":{"county_nam":"WAKE","prec_id":"02-02","precinct_norm":"WAKE - 02-02","name":"02-02","label":"02-02","seims_code":"02-02","seims_desc":"PRECINCT 02-02","source_vintage":"sbe_2006"},"geometry":{"type":"Point","coordinates":[-78.68401014912166,35.975334497573456]}},{"type":"Feature","properties":{"county_nam":"WAKE","prec_id":"02-03","precinct_norm":"WAKE - 02-03","name":"02-03","label":"02-03","seims_code":"02-03","seims_desc":"PRECINCT 02-03","source_vintage":"sbe_2006"},"geometry":{"type":"Point","coordinates":[-78.63318679775915,35.96677000063437]}},{"type":"Feature","properties":{"county_nam":"WAKE","prec_id":"02-04","precinct_norm":"WAKE - 02-04","name":"02-04","label":"02-04","seims_code":"02-04","seims_desc":"PRECINCT 02-04","source_vintage":"sbe_2006"},"geometry":{"type":"Point","coordinates":[-78.60170013685749,35.93381599807677]}},{"type":"Feature","properties":{"county_nam":"WAKE","prec_id":"02-05","precinct_norm":"WAKE - 02-05","name":"02-05","label":"02-05","seims_code":"02-05","seims_desc":"PRECINCT 02-05","source_vintage":"sbe_2006"},"geometry":{"type":"Point","coordinates":[-78.68146649290925,35.93582349903109]}},{"type":"Feature","properties":{"county_nam":"WAKE","prec_id":"02-06","precinct_norm":"WAKE - 02-06","name":"02-06","label":"02-06","seims_code":"02-06","seims_desc":"PRECINCT 02-06","source_vintage":"sbe_2006"},"geometry":{"type":"Point","coordinates":[-78.62716139409407,35.90826599934512]}},{"type":"Feature","properties":{"county_nam":"WAKE","prec_id":"03-00","precinct_norm":"WAKE - 03-00","name":"03-00","label":"03-00","seims_code":"03-00","seims_desc":"PRECINCT 03-00","source_vintage":"sbe_2006"},"geometry":{"type":"Point","coordinates":[-78.93318202595019,35.66098950044343]}},{"type":"Feature","properties":{"county_nam":"WAKE","prec_id":"04-01","precinct_norm":"WAKE - 04-01","name":"04-01","label":"04-01","seims_code":"04-01","seims_desc":"PRECINCT 04-01","source_vintage":"sbe_2006"},"geometry":{"type":"Point","coordinates":[-78.7893413755867,35.78008049919397]}},{"type":"Feature","properties":{"county_nam":"WAKE","prec_id":"04-02","precinct_norm":"WAKE - 04-02","name":"04-02","label":"04-02","seims_code":"04-02","seims_desc":"PRECINCT 04-02","source_vintage":"sbe_2006"},"geometry":{"type":"Point","coordinates":[-78.76359689328467,35.781726499411164]}},{"type":"Feature","properties":{"county_nam":"WAKE","prec_id":"04-03","precinct_norm":"WAKE - 04-03","name":"04-03","label":"04-03","seims_code":"04-03","seims_desc":"PRECINCT 04-03","source_vintage":"sbe_2006"},"geometry":{"type":"Point","coordinates":[-78.7499637366804,35.77119149984395]}},{"type":"Feature","properties":{"county_nam":"WAKE","prec_id":"04-04","precinct_norm":"WAKE - 04-04","name":"04-04","label":"04-04","seims_code":"04-04","seims_desc":"PRECINCT 04-04","source_vintage":"sbe_2006"},"geometry":{"type":"Point","coordinates":[-78.78670026715832,35.76880500053093]}},{"type":"Feature","properties":{"county_nam":"WAKE","prec_id":"04-05","precinct_norm":"WAKE - 04-05","name":"04-05","label":"04-05","seims_code":"04-05","seims_desc":"PRECINCT 04-05","source_vintage":"sbe_2006"},"geometry":{"type":"Point","coordinates":[-78.7512645191112,35.81960450107164]}},{"type":"Feature","properties":{"county_nam":"WAKE","prec_id":"04-06","precinct_norm":"WAKE - 04-06","name":"04-06","label":"04-06","seims_code":"04-06","seims_desc":"PRECINCT 04-06","source_vintage":"sbe_2006"},"geometry":{"type":"Point","coordinates":[-78.77315488581519,35.755879000760274]}},{"type":"Feature","properties":{"county_nam":"WAKE","prec_id":"04-07","precinct_norm":"WAKE - 04-07","name":"04-07","label":"04-07","seims_code":"04-07","seims_desc":"PRECINCT 04-07","source_vintage":"sbe_2006"},"geometry":{"type":"Point","coordinates":[-78.79732292940483,35.74742950156585]}},{"type":"Feature","properties":{"county_nam":"WAKE","prec_id":"04-08","precinct_norm":"WAKE - 04-08","name":"04-08","label":"04-08","seims_code":"04-08","seims_desc":"PRECINCT 04-08","source_vintage":"sbe_2006"},"geometry":{"type":"Point","coordinates":[-78.79823442068874,35.81295300089431]}},{"type":"Feature","properties":{"county_nam":"WAKE","prec_id":"04-09","precinct_norm":"WAKE - 04-09","name":"04-09","label":"04-09","seims_code":"04-09","seims_desc":"PRECINCT 04-09","source_vintage":"sbe_2006"},"geometry":{"type":"Point","coordinates":[-78.81637506138239,35.794802999978046]}},{"type":"Feature","properties":{"county_nam":"WAKE","prec_id":"04-10","precinct_norm":"WAKE - 04-10","name":"04-10","label":"04-10","seims_code":"04-10","seims_desc":"PRECINCT 04-10","source_vintage":"sbe_2006"},"geometry":{"type":"Point","coordinates":[-78.82336653020792,35.760377000165974]}},{"type":"Feature","properties":{"county_nam":"WAKE","prec_id":"04-11","precinct_norm":"WAKE - 04-11","name":"04-11","label":"04-11","seims_code":"04-11","seims_desc":"PRECINCT 04-11","source_vintage":"sbe_2006"},"geometry":{"type":"Point","coordinates":[-78.77694164877288,35.79441649869821]}},{"type":"Feature","properties":{"county_nam":"WAKE","prec_id":"04-12","precinct_norm":"WAKE - 04-12","name":"04-12","label":"04-12","seims_code":"04-12","seims_desc":"PRECINCT 04-12","source_vintage":"sbe_2006"},"geometry":{"type":"Point","coordinates":[-78.7554005883447,35.758369503462376]}},{"type":"Feature","properties":{"county_nam":"WAKE","prec_id":"04-13","precinct_norm":"WAKE - 04-13","name":"04-13","label":"04-13","seims_code":"04-13","seims_desc":"PRECINCT 04-13","source_vintage":"sbe_2006"},"geometry":{"type":"Point","coordinates":[-78.83866557838313,35.773707999521626]}},{"type":"Feature","properties":{"county_nam":"WAKE","prec_id":"04-14","precinct_norm":"WAKE - 04-14","name":"04-14","label":"04-14","seims_code":"04-14","seims_desc":"PRECINCT 04-14","source_vintage":"sbe_2006"},"geometry":{"type":"Point","coordinates":[-78.80687167113778,35.76613150069341]}},{"type":"Feature","properties":{"county_nam":"WAKE","prec_id":"04-15","precinct_norm":"WAKE - 04-15","name":"04-15","label":"04-15","seims_code":"04-15","seims_desc":"PRECINCT 04-15","source_vintage":"sbe_2006"},"geometry":{"type":"Point","coordinates":[-78.8129581638924,35.78119899939547]}},{"type":"Feature","properties":{"county_nam":"WAKE","prec_id":"04-16","precinct_norm":"WAKE - 04-16","name":"04-16","label":"04-16","seims_code":"04-16","seims_desc":"PRECINCT 04-16","source_vintage":"sbe_2006"},"geometry":{"type":"Point","coordinates":[-78.7978935881868,35.76371499993293]}},{"type":"Feature","properties":{"county_nam":"WAKE","prec_id":"04-17","precinct_norm":"WAKE - 04-17","name":"04-17","label":"04-17","seims_code":"04-17","seims_desc":"PRECINCT 04-17","source_vintage":"sbe_2006"},"geometry":{"type":"Point","coordinates":[-78.78570275613406,35.816246499845306]}},{"type":"Feature","properties":{"county_nam":"WAKE","prec_id":"04-18","precinct_norm":"WAKE - 04-18","name":"04-18","label":"04-18","seims_code":"04-18","seims_desc":"PRECINCT 04-18","source_vintage":"sbe_2006"},"geometry":{"type":"Point","coordinates":[-78.78859770210158,35.82835149956745]}},{"type":"Feature","properties":{"county_nam":"WAKE","prec_id":"04-19","precinct_norm":"WAKE - 04-19","name":"04-19","label":"04-19","seims_code":"04-19","seims_desc":"PRECINCT 04-19","source_vintage":"sbe_2006"},"geometry":{"type":"Point","coordinates":[-78.83151481724093,35.77920550068281]}},{"type":"Feature","properties":{"county_nam":"WAKE","prec_id":"04-20","precinct_norm":"WAKE - 04-20","name":"04-20","label":"04-20","seims_code":"04-20","seims_desc":"PRECINCT 04-20","source_vintage":"sbe_2006"},"geometry":{"type":"Point","coordinates":[-78.79241827497208,35.79350150049386]}},{"type":"Feature","properties":{"county_nam":"WAKE","prec_id":"04-21","precinct_norm":"WAKE - 04-21","name":"04-21","label":"04-21","seims_code":"04-21","seims_desc":"PRECINCT 04-21","source_vintage":"sbe_2006"},"geometry":{"type":"Point","coordinates":[-78.76904998481882,35.801518500982866]}},{"type":"Feature","properties":{"county_nam":"WAKE","prec_id":"05-01","precinct_norm":"WAKE - 05-01","name":"05-01","label":"05-01","seims_code":"05-01","seims_desc":"PRECINCT 05-01","source_vintage":"sbe_2006"},"geometry":{"type":"Point","coordinates":[-78.84254073487159,35.80755149988933]}},{"type":"Feature","properties":{"county_nam":"WAKE","prec_id":"05-04","precinct_norm":"WAKE - 05-04","name":"05-04","label":"05-04","seims_code":"05-04","seims_desc":"PRECINCT 05-04","source_vintage":"sbe_2006"},"geometry":{"type":"Point","coordinates":[-78.84179271313135,35.845062498673435]}},{"type":"Feature","properties":{"county_nam":"WAKE","prec_id":"05-05","precinct_norm":"WAKE - 05-05","name":"05-05","label":"05-05","seims_code":"05-05","seims_desc":"PRECINCT 05-05","source_vintage":"sbe_2006"},"geometry":{"type":"Point","coordinates":[-78.79671166091441,35.88266649732922]}},{"type":"Feature","properties":{"county_nam":"WAKE","prec_id":"05-06","precinct_norm":"WAKE - 05-06","name":"05-06","label":"05-06","seims_code":"05-06","seims_desc":"PRECINCT 05-06","source_vintage":"sbe_2006"},"geometry":{"type":"Point","coordinates":[-78.85887733511493,35.80696349896776]}},{"type":"Feature","properties":{"county_nam":"WAKE","prec_id":"05-03","precinct_norm":"WAKE - 05-03","name":"05-03","label":"05-03","seims_code":"05-03","seims_desc":"PRECINCT 05-03","source_vintage":"sbe_2006"},"geometry":{"type":"Point","coordinates":[-78.81365632154117,35.82050450043228]}},{"type":"Feature","properties":{"county_nam":"WAKE","prec_id":"06-01","precinct_norm":"WAKE - 06-01","name":"06-01","label":"06-01","seims_code":"06-01","seims_desc":"PRECINCT 06-01","source_vintage":"sbe_2006"},"geometry":{"type":"Point","coordinates":[-78.8657879741652,35.64012650074123]}},{"type":"Feature","properties":{"county_nam":"WAKE","prec_id":"06-04","precinct_norm":"WAKE - 06-04","name":"06-04","label":"06-04","seims_code":"06-04","seims_desc":"PRECINCT 06-04","source_vintage":"sbe_2006"},"geometry":{"type":"Point","coordinates":[-78.81889341202853,35.638126998169014]}},{"type":"Feature","properties":{"county_nam":"WAKE","prec_id":"06-05","precinct_norm":"WAKE - 06-05","name":"06-05","label":"06-05","seims_code":"06-05","seims_desc":"PRECINCT 06-05","source_vintage":"sbe_2006"},"geometry":{"type":"Point","coordinates":[-78.80122055792572,35.647537996763134]}},{"type":"Feature","properties":{"county_nam":"WAKE","prec_id":"06-07","precinct_norm":"WAKE - 06-07","name":"06-07","label":"06-07","seims_code":"06-06","seims_desc":"PRECINCT 06-06","source_vintage":"sbe_2006"},"geometry":{"type":"Point","coordinates":[-78.79469374802203,35.68424400003387]}},{"type":"Feature","properties":{"county_nam":"WAKE","prec_id":"06-06","precinct_norm":"WAKE - 06-06","name":"06-06","label":"06-06","seims_code":"06-07","seims_desc":"PRECINCT 06-07","source_vintage":"sbe_2006"},"geometry":{"type":"Point","coordinates":[-78.81760184072283,35.66922749979547]}},{"type":"Feature","properties":{"county_nam":"WAKE","prec_id":"07-01","precinct_norm":"WAKE - 07-01","name":"07-01","label":"07-01","seims_code":"07-01","seims_desc":"PRECINCT 07-01","source_vintage":"sbe_2006"},"geometry":{"type":"Point","coordinates":[-78.70222946860517,35.849653499665074]}},{"type":"Feature","properties":{"county_nam":"WAKE","prec_id":"07-02","precinct_norm":"WAKE - 07-02","name":"07-02","label":"07-02","seims_code":"07-02","seims_desc":"PRECINCT 07-02","source_vintage":"sbe_2006"},"geometry":{"type":"Point","coordinates":[-78.68916130765118,35.86661250057891]}},{"type":"Feature","properties":{"county_nam":"WAKE","prec_id":"07-03","precinct_norm":"WAKE - 07-03","name":"07-03","label":"07-03","seims_code":"07-03","seims_desc":"PRECINCT 07-03","source_vintage":"sbe_2006"},"geometry":{"type":"Point","coordinates":[-78.6750659771045,35.86450149930816]}},{"type":"Feature","properties":{"county_nam":"WAKE","prec_id":"07-04","precinct_norm":"WAKE - 07-04","name":"07-04","label":"07-04","seims_code":"07-04","seims_desc":"PRECINCT 07-04","source_vintage":"sbe_2006"},"geometry":{"type":"Point","coordinates":[-78.65227322821134,35.87206250051826]}},{"type":"Feature","properties":{"county_nam":"WAKE","prec_id":"07-05","precinct_norm":"WAKE - 07-05","name":"07-05","label":"07-05","seims_code":"07-05","seims_desc":"PRECINCT 07-05","source_vintage":"sbe_2006"},"geometry":{"type":"Point","coordinates":[-78.63462318975056,35.88691699904346]}},{"type":"Feature","properties":{"county_nam":"WAKE","prec_id":"07-06","precinct_norm":"WAKE - 07-06","name":"07-06","label":"07-06","seims_code":"07-06","seims_desc":"PRECINCT 07-06","source_vintage":"sbe_2006"},"geometry":{"type":"Point","coordinates":[-78.66338330428466,35.89363650094053]}},{"type":"Feature","properties":{"county_nam":"WAKE","prec_id":"07-07","precinct_norm":"WAKE - 07-07","name":"07-07","label":"07-07","seims_code":"07-07","seims_desc":"PRECINCT 07-07","source_vintage":"sbe_2006"},"geometry":{"type":"Point","coordinates":[-78.6806761289793,35.885361000415855]}},{"type":"Feature","properties":{"county_nam":"WAKE","prec_id":"07-09","precinct_norm":"WAKE - 07-09","name":"07-09","label":"07-09","seims_code":"07-09","seims_desc":"PRECINCT 07-09","source_vintage":"sbe_2006"},"geometry":{"type":"Point","coordinates":[-78.67072004320423,35.84765150068539]}},{"type":"Feature","properties":{"county_nam":"WAKE","prec_id":"07-10","precinct_norm":"WAKE - 07-10","name":"07-10","label":"07-10","seims_code":"07-10","seims_desc":"PRECINCT 07-10","source_vintage":"sbe_2006"},"geometry":{"type":"Point","coordinates":[-78.74339592361551,35.870315501876064]}},{"type":"Feature","properties":{"county_nam":"WAKE","prec_id":"07-11","precinct_norm":"WAKE - 07-11","name":"07-11","label":"07-11","seims_code":"07-11","seims_desc":"PRECINCT 07-11","source_vintage":"sbe_2006"},"geometry":{"type":"Point","coordinates":[-78.66798476414499,35.87872950049949]}},{"type":"Feature","properties":{"county_nam":"WAKE","prec_id":"07-12","precinct_norm":"WAKE - 07-12","name":"07-12","label":"07-12","seims_code":"07-12","seims_desc":"PRECINCT 07-12","source_vintage":"sbe_2006"},"geometry":{"type":"Point","coordinates":[-78.69188644907685,35.8566155002448]}},{"type":"Feature","properties":{"county_nam":"WAKE","prec_id":"07-13","precinct_norm":"WAKE - 07-13","name":"07-13","label":"07-13","seims_code":"07-13","seims_desc":"PRECINCT 07-13","source_vintage":"sbe_2006"},"geometry":{"type":"Point","coordinates":[-78.6492767355137,35.891066999983394]}},{"type":"Feature","properties":{"county_nam":"WAKE","prec_id":"08-01","precinct_norm":"WAKE - 08-01","name":"08-01","label":"08-01","seims_code":"08-01","seims_desc":"PRECINCT 08-01","source_vintage":"sbe_2006"},"geometry":{"type":"Point","coordinates":[-78.72814949710165,35.887638499602744]}},{"type":"Feature","properties":{"county_nam":"WAKE","prec_id":"08-02","precinct_norm":"WAKE - 08-02","name":"08-02","label":"08-02","seims_code":"08-02","seims_desc":"PRECINCT 08-02","source_vintage":"sbe_2006"},"geometry":{"type":"Point","coordinates":[-78.7030025940834,35.88923249955904]}},{"type":"Feature","properties":{"county_nam":"WAKE","prec_id":"08-03","precinct_norm":"WAKE - 08-03","name":"08-03","label":"08-03","seims_code":"08-03","seims_desc":"PRECINCT 08-03","source_vintage":"sbe_2006"},"geometry":{"type":"Point","coordinates":[-78.74515113028207,35.91415849935303]}},{"type":"Feature","properties":{"county_nam":"WAKE","prec_id":"08-04","precinct_norm":"WAKE - 08-04","name":"08-04","label":"08-04","seims_code":"08-04","seims_desc":"PRECINCT 08-04","source_vintage":"sbe_2006"},"geometry":{"type":"Point","coordinates":[-78.71445353192266,35.95063899998155]}},{"type":"Feature","properties":{"county_nam":"WAKE","prec_id":"08-05","precinct_norm":"WAKE - 08-05","name":"08-05","label":"08-05","seims_code":"08-05","seims_desc":"PRECINCT 08-05","source_vintage":"sbe_2006"},"geometry":{"type":"Point","coordinates":[-78.69053542010776,35.896432998417836]}},{"type":"Feature","properties":{"county_nam":"WAKE","prec_id":"08-06","precinct_norm":"WAKE - 08-06","name":"08-06","label":"08-06","seims_code":"08-06","seims_desc":"PRECINCT 08-06","source_vintage":"sbe_2006"},"geometry":{"type":"Point","coordinates":[-78.69351044936627,35.87861399938633]}},{"type":"Feature","properties":{"county_nam":"WAKE","prec_id":"08-07","precinct_norm":"WAKE - 08-07","name":"08-07","label":"08-07","seims_code":"08-07","seims_desc":"PRECINCT 08-07","source_vintage":"sbe_2006"},"geometry":{"type":"Point","coordinates":[-78.70125042117061,35.920691499783814]}},{"type":"Feature","properties":{"county_nam":"WAKE","prec_id":"08-08","precinct_norm":"WAKE - 08-08","name":"08-08","label":"08-08","seims_code":"08-08","seims_desc":"PRECINCT 08-08","source_vintage":"sbe_2006"},"geometry":{"type":"Point","coordinates":[-78.73031379714944,35.93385800109097]}},{"type":"Feature","properties":{"county_nam":"WAKE","prec_id":"08-09","precinct_norm":"WAKE - 08-09","name":"08-09","label":"08-09","seims_code":"08-09","seims_desc":"PRECINCT 08-09","source_vintage":"sbe_2006"},"geometry":{"type":"Point","coordinates":[-78.71130765456677,35.87079200097456]}},{"type":"Feature","properties":{"county_nam":"WAKE","prec_id":"09-01","precinct_norm":"WAKE - 09-01","name":"09-01","label":"09-01","seims_code":"09-01","seims_desc":"PRECINCT 09-01","source_vintage":"sbe_2006"},"geometry":{"type":"Point","coordinates":[-78.37559829835234,35.88664100055655]}},{"type":"Feature","properties":{"county_nam":"WAKE","prec_id":"09-02","precinct_norm":"WAKE - 09-02","name":"09-02","label":"09-02","seims_code":"09-02","seims_desc":"PRECINCT 09-02","source_vintage":"sbe_2006"},"geometry":{"type":"Point","coordinates":[-78.31032709345129,35.80704199929998]}},{"type":"Feature","properties":{"county_nam":"WAKE","prec_id":"09-03","precinct_norm":"WAKE - 09-03","name":"09-03","label":"09-03","seims_code":"09-03","seims_desc":"PRECINCT 09-03","source_vintage":"sbe_2006"},"geometry":{"type":"Point","coordinates":[-78.31467660170375,35.857197501193184]}},{"type":"Feature","properties":{"county_nam":"WAKE","prec_id":"10-01","precinct_norm":"WAKE - 10-01","name":"10-01","label":"10-01","seims_code":"10-01","seims_desc":"PRECINCT 10-01","source_vintage":"sbe_2006"},"geometry":{"type":"Point","coordinates":[-78.43412180732315,35.82480550084571]}},{"type":"Feature","properties":{"county_nam":"WAKE","prec_id":"10-02","precinct_norm":"WAKE - 10-02","name":"10-02","label":"10-02","seims_code":"10-02","seims_desc":"PRECINCT 10-02","source_vintage":"sbe_2006"},"geometry":{"type":"Point","coordinates":[-78.38323532921319,35.82210899981909]}},{"type":"Feature","properties":{"county_nam":"WAKE","prec_id":"10-03","precinct_norm":"WAKE - 10-03","name":"10-03","label":"10-03","seims_code":"10-03","seims_desc":"PRECINCT 10-03","source_vintage":"sbe_2006"},"geometry":{"type":"Point","coordinates":[-78.3558553598872,35.77937100099813]}},{"type":"Feature","properties":{"county_nam":"WAKE","prec_id":"10-04","precinct_norm":"WAKE - 10-04","name":"10-04","label":"10-04","seims_code":"10-04","seims_desc":"PRECINCT 10-04","source_vintage":"sbe_2006"},"geometry":{"type":"Point","coordinates":[-78.42154408329233,35.749650999874085]}},{"type":"Feature","properties":{"county_nam":"WAKE","prec_id":"11-01","precinct_norm":"WAKE - 11-01","name":"11-01","label":"11-01","seims_code":"11-01","seims_desc":"PRECINCT 11-01","source_vintage":"sbe_2006"},"geometry":{"type":"Point","coordinates":[-78.71933191640841,35.81558499928285]}},{"type":"Feature","properties":{"county_nam":"WAKE","prec_id":"11-02","precinct_norm":"WAKE - 11-02","name":"11-02","label":"11-02","seims_code":"11-02","seims_desc":"PRECINCT 11-02","source_vintage":"sbe_2006"},"geometry":{"type":"Point","coordinates":[-78.69595717760174,35.83301250009539]}},{"type":"Feature","properties":{"county_nam":"WAKE","prec_id":"12-01","precinct_norm":"WAKE - 12-01","name":"12-01","label":"12-01","seims_code":"12-01","seims_desc":"PRECINCT 12-01","source_vintage":"sbe_2006"},"geometry":{"type":"Point","coordinates":[-78.75570509854114,35.60516049948494]}},{"type":"Feature","properties":{"county_nam":"WAKE","prec_id":"12-02","precinct_norm":"WAKE - 12-02","name":"12-02","label":"12-02","seims_code":"12-02","seims_desc":"PRECINCT 12-02","source_vintage":"sbe_2006"},"geometry":{"type":"Point","coordinates":[-78.81677320404937,35.5620980002582]}},{"type":"Feature","properties":{"county_nam":"WAKE","prec_id":"12-08","precinct_norm":"WAKE - 12-08","name":"12-08","label":"12-08","seims_code":"12-08","seims_desc":"PRECINCT 12-08","source_vintage":"sbe_2006"},"geometry":{"type":"Point","coordinates":[-78.81701025379729,35.591296501293215]}},{"type":"Feature","properties":{"county_nam":"WAKE","prec_id":"12-09","precinct_norm":"WAKE - 12-09","name":"12-09","label":"12-09","seims_code":"12-09","seims_desc":"PRECINCT 12-09","source_vintage":"sbe_2006"},"geometry":{"type":"Point","coordinates":[-78.79451789308668,35.6167495009268]}},{"type":"Feature","properties":{"county_nam":"WAKE","prec_id":"12-04","precinct_norm":"WAKE - 12-04","name":"12-04","label":"12-04","seims_code":"12-04","seims_desc":"PRECINCT 12-04","source_vintage":"sbe_2006"},"geometry":{"type":"Point","coordinates":[-78.72314236193807,35.55728250004532]}},{"type":"Feature","properties":{"county_nam":"WAKE","prec_id":"12-05","precinct_norm":"WAKE - 12-05","name":"12-05","label":"12-05","seims_code":"12-05","seims_desc":"PRECINCT 12-05","source_vintage":"sbe_2006"},"geometry":{"type":"Point","coordinates":[-78.746349670933,35.64418600000782]}},{"type":"Feature","properties":{"county_nam":"WAKE","prec_id":"12-06","precinct_norm":"WAKE - 12-06","name":"12-06","label":"12-06","seims_code":"12-06","seims_desc":"PRECINCT 12-06","source_vintage":"sbe_2006"},"geometry":{"type":"Point","coordinates":[-78.77184736600569,35.56091799839888]}},{"type":"Feature","properties":{"county_nam":"WAKE","prec_id":"12-07","precinct_norm":"WAKE - 12-07","name":"12-07","label":"12-07","seims_code":"12-07","seims_desc":"PRECINCT 12-07","source_vintage":"sbe_2006"},"geometry":{"type":"Point","coordinates":[-78.70310100139099,35.62828299996987]}},{"type":"Feature","properties":{"county_nam":"WAKE","prec_id":"13-01","precinct_norm":"WAKE - 13-01","name":"13-01","label":"13-01","seims_code":"13-01","seims_desc":"PRECINCT 13-01","source_vintage":"sbe_2006"},"geometry":{"type":"Point","coordinates":[-78.54128047851009,35.85699699976706]}},{"type":"Feature","properties":{"county_nam":"WAKE","prec_id":"13-02","precinct_norm":"WAKE - 13-02","name":"13-02","label":"13-02","seims_code":"13-02","seims_desc":"PRECINCT 13-02","source_vintage":"sbe_2006"},"geometry":{"type":"Point","coordinates":[-78.59372505823143,35.900158500006555]}},{"type":"Feature","properties":{"county_nam":"WAKE","prec_id":"13-03","precinct_norm":"WAKE - 13-03","name":"13-03","label":"13-03","seims_code":"13-03","seims_desc":"PRECINCT 13-03","source_vintage":"sbe_2006"},"geometry":{"type":"Point","coordinates":[-78.55141001407074,35.88790149958975]}},{"type":"Feature","properties":{"county_nam":"WAKE","prec_id":"13-04","precinct_norm":"WAKE - 13-04","name":"13-04","label":"13-04","seims_code":"13-04","seims_desc":"PRECINCT 13-04","source_vintage":"sbe_2006"},"geometry":{"type":"Point","coordinates":[-78.57627046695023,35.9176800011024]}},{"type":"Feature","properties":{"county_nam":"WAKE","prec_id":"13-05","precinct_norm":"WAKE - 13-05","name":"13-05","label":"13-05","seims_code":"13-05","seims_desc":"PRECINCT 13-05","source_vintage":"sbe_2006"},"geometry":{"type":"Point","coordinates":[-78.58909672876285,35.87039449977179]}},{"type":"Feature","properties":{"county_nam":"WAKE","prec_id":"13-06","precinct_norm":"WAKE - 13-06","name":"13-06","label":"13-06","seims_code":"13-06","seims_desc":"PRECINCT 13-06","source_vintage":"sbe_2006"},"geometry":{"type":"Point","coordinates":[-78.58124853064186,35.89169449905394]}},{"type":"Feature","properties":{"county_nam":"WAKE","prec_id":"13-07","precinct_norm":"WAKE - 13-07","name":"13-07","label":"13-07","seims_code":"13-07","seims_desc":"PRECINCT 13-07","source_vintage":"sbe_2006"},"geometry":{"type":"Point","coordinates":[-78.5647018372717,35.864074998792226]}},{"type":"Feature","properties":{"county_nam":"WAKE","prec_id":"14-01","precinct_norm":"WAKE - 14-01","name":"14-01","label":"14-01","seims_code":"14-01","seims_desc":"PRECINCT 14-01","source_vintage":"sbe_2006"},"geometry":{"type":"Point","coordinates":[-78.69650745690683,36.03957900017133]}},{"type":"Feature","properties":{"county_nam":"WAKE","prec_id":"14-02","precinct_norm":"WAKE - 14-02","name":"14-02","label":"14-02","seims_code":"14-02","seims_desc":"PRECINCT 14-02","source_vintage":"sbe_2006"},"geometry":{"type":"Point","coordinates":[-78.60215618743705,35.99639400066584]}},{"type":"Feature","properties":{"county_nam":"WAKE","prec_id":"15-01","precinct_norm":"WAKE - 15-01","name":"15-01","label":"15-01","seims_code":"15-01","seims_desc":"PRECINCT 15-01","source_vintage":"sbe_2006"},"geometry":{"type":"Point","coordinates":[-78.60924294687277,35.61885949832441]}},{"type":"Feature","properties":{"county_nam":"WAKE","prec_id":"15-02","precinct_norm":"WAKE - 15-02","name":"15-02","label":"15-02","seims_code":"15-02","seims_desc":"PRECINCT 15-02","source_vintage":"sbe_2006"},"geometry":{"type":"Point","coordinates":[-78.67260267044253,35.6514994996953]}},{"type":"Feature","properties":{"county_nam":"WAKE","prec_id":"15-03","precinct_norm":"WAKE - 15-03","name":"15-03","label":"15-03","seims_code":"15-03","seims_desc":"PRECINCT 15-03","source_vintage":"sbe_2006"},"geometry":{"type":"Point","coordinates":[-78.6631805834957,35.58242500032752]}},{"type":"Feature","properties":{"county_nam":"WAKE","prec_id":"15-04","precinct_norm":"WAKE - 15-04","name":"15-04","label":"15-04","seims_code":"15-04","seims_desc":"PRECINCT 15-04","source_vintage":"sbe_2006"},"geometry":{"type":"Point","coordinates":[-78.6381413008623,35.65919250000026]}},{"type":"Feature","properties":{"county_nam":"WAKE","prec_id":"16-01","precinct_norm":"WAKE - 16-01","name":"16-01","label":"16-01","seims_code":"16-01","seims_desc":"PRECINCT 16-01","source_vintage":"sbe_2006"},"geometry":{"type":"Point","coordinates":[-78.53586211245259,35.688225998833126]}},{"type":"Feature","properties":{"county_nam":"WAKE","prec_id":"16-02","precinct_norm":"WAKE - 16-02","name":"16-02","label":"16-02","seims_code":"16-02","seims_desc":"PRECINCT 16-02","source_vintage":"sbe_2006"},"geometry":{"type":"Point","coordinates":[-78.61444428264858,35.727213500522694]}},{"type":"Feature","properties":{"county_nam":"WAKE","prec_id":"16-03","precinct_norm":"WAKE - 16-03","name":"16-03","label":"16-03","seims_code":"16-03","seims_desc":"PRECINCT 16-03","source_vintage":"sbe_2006"},"geometry":{"type":"Point","coordinates":[-78.63410803803026,35.70594649957958]}},{"type":"Feature","properties":{"county_nam":"WAKE","prec_id":"16-04","precinct_norm":"WAKE - 16-04","name":"16-04","label":"16-04","seims_code":"16-04","seims_desc":"PRECINCT 16-04","source_vintage":"sbe_2006"},"geometry":{"type":"Point","coordinates":[-78.61309766834292,35.67955200099055]}},{"type":"Feature","properties":{"county_nam":"WAKE","prec_id":"16-05","precinct_norm":"WAKE - 16-05","name":"16-05","label":"16-05","seims_code":"16-05","seims_desc":"PRECINCT 16-05","source_vintage":"sbe_2006"},"geometry":{"type":"Point","coordinates":[-78.6535687116058,35.70370899995267]}},{"type":"Feature","properties":{"county_nam":"WAKE","prec_id":"16-06","precinct_norm":"WAKE - 16-06","name":"16-06","label":"16-06","seims_code":"16-06","seims_desc":"PRECINCT 16-06","source_vintage":"sbe_2006"},"geometry":{"type":"Point","coordinates":[-78.6162036273361,35.703239999490755]}},{"type":"Feature","properties":{"county_nam":"WAKE","prec_id":"16-07","precinct_norm":"WAKE - 16-07","name":"16-07","label":"16-07","seims_code":"16-07","seims_desc":"PRECINCT 16-07","source_vintage":"sbe_2006"},"geometry":{"type":"Point","coordinates":[-78.63537739217173,35.68392899870768]}},{"type":"Feature","properties":{"county_nam":"WAKE","prec_id":"16-08","precinct_norm":"WAKE - 16-08","name":"16-08","label":"16-08","seims_code":"16-08","seims_desc":"PRECINCT 16-08","source_vintage":"sbe_2006"},"geometry":{"type":"Point","coordinates":[-78.55234588883593,35.72099750098752]}},{"type":"Feature","properties":{"county_nam":"WAKE","prec_id":"16-09","precinct_norm":"WAKE - 16-09","name":"16-09","label":"16-09","seims_code":"16-09","seims_desc":"PRECINCT 16-09","source_vintage":"sbe_2006"},"geometry":{"type":"Point","coordinates":[-78.58032671629559,35.66288799864067]}},{"type":"Feature","properties":{"county_nam":"WAKE","prec_id":"17-01","precinct_norm":"WAKE - 17-01","name":"17-01","label":"17-01","seims_code":"17-01","seims_desc":"PRECINCT 17-01","source_vintage":"sbe_2006"},"geometry":{"type":"Point","coordinates":[-78.58813460744832,35.8092510005369]}},{"type":"Feature","properties":{"county_nam":"WAKE","prec_id":"17-02","precinct_norm":"WAKE - 17-02","name":"17-02","label":"17-02","seims_code":"17-02","seims_desc":"PRECINCT 17-02","source_vintage":"sbe_2006"},"geometry":{"type":"Point","coordinates":[-78.47330203523488,35.785709501319886]}},{"type":"Feature","properties":{"county_nam":"WAKE","prec_id":"17-03","precinct_norm":"WAKE - 17-03","name":"17-03","label":"17-03","seims_code":"17-03","seims_desc":"PRECINCT 17-03","source_vintage":"sbe_2006"},"geometry":{"type":"Point","coordinates":[-78.54834021196848,35.815806500505374]}},{"type":"Feature","properties":{"county_nam":"WAKE","prec_id":"17-04","precinct_norm":"WAKE - 17-04","name":"17-04","label":"17-04","seims_code":"17-04","seims_desc":"PRECINCT 17-04","source_vintage":"sbe_2006"},"geometry":{"type":"Point","coordinates":[-78.49379420975671,35.83052299863986]}},{"type":"Feature","properties":{"county_nam":"WAKE","prec_id":"17-05","precinct_norm":"WAKE - 17-05","name":"17-05","label":"17-05","seims_code":"17-05","seims_desc":"PRECINCT 17-05","source_vintage":"sbe_2006"},"geometry":{"type":"Point","coordinates":[-78.56903551192708,35.81569249985076]}},{"type":"Feature","properties":{"county_nam":"WAKE","prec_id":"17-06","precinct_norm":"WAKE - 17-06","name":"17-06","label":"17-06","seims_code":"17-06","seims_desc":"PRECINCT 17-06","source_vintage":"sbe_2006"},"geometry":{"type":"Point","coordinates":[-78.49893300072557,35.75099749984508]}},{"type":"Feature","properties":{"county_nam":"WAKE","prec_id":"17-07","precinct_norm":"WAKE - 17-07","name":"17-07","label":"17-07","seims_code":"17-07","seims_desc":"PRECINCT 17-07","source_vintage":"sbe_2006"},"geometry":{"type":"Point","coordinates":[-78.55565908224185,35.776765999940906]}},{"type":"Feature","properties":{"county_nam":"WAKE","prec_id":"17-08","precinct_norm":"WAKE - 17-08","name":"17-08","label":"17-08","seims_code":"17-08","seims_desc":"PRECINCT 17-08","source_vintage":"sbe_2006"},"geometry":{"type":"Point","coordinates":[-78.51993412954504,35.77673450005436]}},{"type":"Feature","properties":{"county_nam":"WAKE","prec_id":"17-09","precinct_norm":"WAKE - 17-09","name":"17-09","label":"17-09","seims_code":"17-09","seims_desc":"PRECINCT 17-09","source_vintage":"sbe_2006"},"geometry":{"type":"Point","coordinates":[-78.56067014924955,35.75745100055168]}},{"type":"Feature","properties":{"county_nam":"WAKE","prec_id":"17-10","precinct_norm":"WAKE - 17-10","name":"17-10","label":"17-10","seims_code":"17-10","seims_desc":"PRECINCT 17-10","source_vintage":"sbe_2006"},"geometry":{"type":"Point","coordinates":[-78.57661704456677,35.83239500150426]}},{"type":"Feature","properties":{"county_nam":"WAKE","prec_id":"17-11","precinct_norm":"WAKE - 17-11","name":"17-11","label":"17-11","seims_code":"17-11","seims_desc":"PRECINCT 17-11","source_vintage":"sbe_2006"},"geometry":{"type":"Point","coordinates":[-78.55728826070491,35.842027501139434]}},{"type":"Feature","properties":{"county_nam":"WAKE","prec_id":"18-01","precinct_norm":"WAKE - 18-01","name":"18-01","label":"18-01","seims_code":"18-01","seims_desc":"PRECINCT 18-01","source_vintage":"sbe_2006"},"geometry":{"type":"Point","coordinates":[-78.6867527729771,35.74627499942105]}},{"type":"Feature","properties":{"county_nam":"WAKE","prec_id":"18-02","precinct_norm":"WAKE - 18-02","name":"18-02","label":"18-02","seims_code":"18-02","seims_desc":"PRECINCT 18-02","source_vintage":"sbe_2006"},"geometry":{"type":"Point","coordinates":[-78.75988009104387,35.68908300262601]}},{"type":"Feature","properties":{"county_nam":"WAKE","prec_id":"18-03","precinct_norm":"WAKE - 18-03","name":"18-03","label":"18-03","seims_code":"18-03","seims_desc":"PRECINCT 18-03","source_vintage":"sbe_2006"},"geometry":{"type":"Point","coordinates":[-78.76614111626931,35.736344002158646]}},{"type":"Feature","properties":{"county_nam":"WAKE","prec_id":"18-04","precinct_norm":"WAKE - 18-04","name":"18-04","label":"18-04","seims_code":"18-04","seims_desc":"PRECINCT 18-04","source_vintage":"sbe_2006"},"geometry":{"type":"Point","coordinates":[-78.7245083946448,35.7169165007857]}},{"type":"Feature","properties":{"county_nam":"WAKE","prec_id":"18-05","precinct_norm":"WAKE - 18-05","name":"18-05","label":"18-05","seims_code":"18-05","seims_desc":"PRECINCT 18-05","source_vintage":"sbe_2006"},"geometry":{"type":"Point","coordinates":[-78.77689405461938,35.70799299962411]}},{"type":"Feature","properties":{"county_nam":"WAKE","prec_id":"18-06","precinct_norm":"WAKE - 18-06","name":"18-06","label":"18-06","seims_code":"18-06","seims_desc":"PRECINCT 18-06","source_vintage":"sbe_2006"},"geometry":{"type":"Point","coordinates":[-78.71580914400263,35.742402002886635]}},{"type":"Feature","properties":{"county_nam":"WAKE","prec_id":"18-07","precinct_norm":"WAKE - 18-07","name":"18-07","label":"18-07","seims_code":"18-07","seims_desc":"PRECINCT 18-07","source_vintage":"sbe_2006"},"geometry":{"type":"Point","coordinates":[-78.71518715077042,35.677361000543044]}},{"type":"Feature","properties":{"county_nam":"WAKE","prec_id":"18-08","precinct_norm":"WAKE - 18-08","name":"18-08","label":"18-08","seims_code":"18-08","seims_desc":"PRECINCT 18-08","source_vintage":"sbe_2006"},"geometry":{"type":"Point","coordinates":[-78.74196504132246,35.745241499546054]}},{"type":"Feature","properties":{"county_nam":"WAKE","prec_id":"19-09","precinct_norm":"WAKE - 19-09","name":"19-09","label":"19-09","seims_code":"19-09","seims_desc":"PRECINCT 19-09","source_vintage":"sbe_2006"},"geometry":{"type":"Point","coordinates":[-78.42448677637702,35.93227000150901]}},{"type":"Feature","properties":{"county_nam":"WAKE","prec_id":"19-10","precinct_norm":"WAKE - 19-10","name":"19-10","label":"19-10","seims_code":"19-10","seims_desc":"PRECINCT 19-10","source_vintage":"sbe_2006"},"geometry":{"type":"Point","coordinates":[-78.48138147004514,35.945468998114876]}},{"type":"Feature","properties":{"county_nam":"WAKE","prec_id":"19-11","precinct_norm":"WAKE - 19-11","name":"19-11","label":"19-11","seims_code":"19-11","seims_desc":"PRECINCT 19-11","source_vintage":"sbe_2006"},"geometry":{"type":"Point","coordinates":[-78.53016408878904,35.96283149937591]}},{"type":"Feature","properties":{"county_nam":"WAKE","prec_id":"19-12","precinct_norm":"WAKE - 19-12","name":"19-12","label":"19-12","seims_code":"19-12","seims_desc":"PRECINCT 19-12","source_vintage":"sbe_2006"},"geometry":{"type":"Point","coordinates":[-78.526600420745,35.94229800088858]}},{"type":"Feature","properties":{"county_nam":"WAKE","prec_id":"19-03","precinct_norm":"WAKE - 19-03","name":"19-03","label":"19-03","seims_code":"19-03","seims_desc":"PRECINCT 19-03","source_vintage":"sbe_2006"},"geometry":{"type":"Point","coordinates":[-78.50779756837957,35.99509099790343]}},{"type":"Feature","properties":{"county_nam":"WAKE","prec_id":"19-04","precinct_norm":"WAKE - 19-04","name":"19-04","label":"19-04","seims_code":"19-04","seims_desc":"PRECINCT 19-04","source_vintage":"sbe_2006"},"geometry":{"type":"Point","coordinates":[-78.50447452499635,35.91438599673906]}},{"type":"Feature","properties":{"county_nam":"WAKE","prec_id":"19-05","precinct_norm":"WAKE - 19-05","name":"19-05","label":"19-05","seims_code":"19-05","seims_desc":"PRECINCT 19-05","source_vintage":"sbe_2006"},"geometry":{"type":"Point","coordinates":[-78.53844553695805,35.99987799738222]}},{"type":"Feature","properties":{"county_nam":"WAKE","prec_id":"19-06","precinct_norm":"WAKE - 19-06","name":"19-06","label":"19-06","seims_code":"19-06","seims_desc":"PRECINCT 19-06","source_vintage":"sbe_2006"},"geometry":{"type":"Point","coordinates":[-78.55971507948665,35.943203998881046]}},{"type":"Feature","properties":{"county_nam":"WAKE","prec_id":"19-07","precinct_norm":"WAKE - 19-07","name":"19-07","label":"19-07","seims_code":"19-07","seims_desc":"PRECINCT 19-07","source_vintage":"sbe_2006"},"geometry":{"type":"Point","coordinates":[-78.48384459874296,35.982827498689865]}},{"type":"Feature","properties":{"county_nam":"WAKE","prec_id":"19-08","precinct_norm":"WAKE - 19-08","name":"19-08","label":"19-08","seims_code":"19-08","seims_desc":"PRECINCT 19-08","source_vintage":"sbe_2006"},"geometry":{"type":"Point","coordinates":[-78.50121171657773,35.8811190007695]}},{"type":"Feature","properties":{"county_nam":"WAKE","prec_id":"20-01","precinct_norm":"WAKE - 20-01","name":"20-01","label":"20-01","seims_code":"20-01","seims_desc":"PRECINCT 20-01","source_vintage":"sbe_2006"},"geometry":{"type":"Point","coordinates":[-78.81991999479351,35.70540250065479]}},{"type":"Feature","properties":{"county_nam":"WAKE","prec_id":"20-02","precinct_norm":"WAKE - 20-02","name":"20-02","label":"20-02","seims_code":"20-02","seims_desc":"PRECINCT 20-02","source_vintage":"sbe_2006"},"geometry":{"type":"Point","coordinates":[-78.89596527776521,35.814126499948046]}},{"type":"Feature","properties":{"county_nam":"WAKE","prec_id":"20-03","precinct_norm":"WAKE - 20-03","name":"20-03","label":"20-03","seims_code":"20-03","seims_desc":"PRECINCT 20-03","source_vintage":"sbe_2006"},"geometry":{"type":"Point","coordinates":[-78.83544538374949,35.74564750045731]}},{"type":"Feature","properties":{"county_nam":"WAKE","prec_id":"20-04","precinct_norm":"WAKE - 20-04","name":"20-04","label":"20-04","seims_code":"20-04","seims_desc":"PRECINCT 20-04","source_vintage":"sbe_2006"},"geometry":{"type":"Point","coordinates":[-78.84945483747124,35.76728250144236]}},{"type":"Feature","properties":{"county_nam":"WAKE","prec_id":"20-05","precinct_norm":"WAKE - 20-05","name":"20-05","label":"20-05","seims_code":"20-05","seims_desc":"PRECINCT 20-05","source_vintage":"sbe_2006"},"geometry":{"type":"Point","coordinates":[-78.80227656546776,35.721478998396066]}},{"type":"Feature","properties":{"county_nam":"WAKE","prec_id":"20-06","precinct_norm":"WAKE - 20-06","name":"20-06","label":"20-06","seims_code":"20-06","seims_desc":"PRECINCT 20-06","source_vintage":"sbe_2006"},"geometry":{"type":"Point","coordinates":[-78.86462710479398,35.71528900005497]}},{"type":"Feature","properties":{"county_nam":"WAKE","prec_id":"20-07","precinct_norm":"WAKE - 20-07","name":"20-07","label":"20-07","seims_code":"20-07","seims_desc":"PRECINCT 20-07","source_vintage":"sbe_2006"},"geometry":{"type":"Point","coordinates":[-78.90962763027764,35.74773100013198]}},{"type":"Feature","properties":{"county_nam":"WAKE","prec_id":"20-08","precinct_norm":"WAKE - 20-08","name":"20-08","label":"20-08","seims_code":"20-08","seims_desc":"PRECINCT 20-08","source_vintage":"sbe_2006"},"geometry":{"type":"Point","coordinates":[-78.86323414697537,35.74751400012293]}},{"type":"Feature","properties":{"county_nam":"WAKE","prec_id":"20-09","precinct_norm":"WAKE - 20-09","name":"20-09","label":"20-09","seims_code":"20-09","seims_desc":"PRECINCT 20-09","source_vintage":"sbe_2006"},"geometry":{"type":"Point","coordinates":[-78.815694069539,35.73504549999458]}},{"type":"Feature","properties":{"county_nam":"WAKE","prec_id":"20-10","precinct_norm":"WAKE - 20-10","name":"20-10","label":"20-10","seims_code":"20-10","seims_desc":"PRECINCT 20-10","source_vintage":"sbe_2006"},"geometry":{"type":"Point","coordinates":[-78.85824154882448,35.788313499992]}},{"type":"Feature","properties":{"county_nam":"WARREN","prec_id":"FISHING CREEK","precinct_norm":"WARREN - FISHING CREEK","name":"Fishing Creek","label":"Fishing Creek","seims_code":"008","seims_desc":"FISHING CREEK","source_vintage":"sbe_2006"},"geometry":{"type":"Point","coordinates":[-77.99134710001985,36.28273100126597]}},{"type":"Feature","properties":{"county_nam":"WARREN","prec_id":"FORK","precinct_norm":"WARREN - FORK","name":"Fork","label":"Fork","seims_code":"011","seims_desc":"FORK","source_vintage":"sbe_2006"},"geometry":{"type":"Point","coordinates":[-78.07642936460626,36.27147450104968]}},{"type":"Feature","properties":{"county_nam":"WARREN","prec_id":"HAWTREE","precinct_norm":"WARREN - HAWTREE","name":"Hawtree","label":"Hawtree","seims_code":"003","seims_desc":"HAWTREE","source_vintage":"sbe_2006"},"geometry":{"type":"Point","coordinates":[-78.14648778446923,36.48914949975322]}},{"type":"Feature","properties":{"county_nam":"WARREN","prec_id":"JUDKINS","precinct_norm":"WARREN - JUDKINS","name":"Judkins","label":"Judkins","seims_code":"009","seims_desc":"JUDKINS","source_vintage":"sbe_2006"},"geometry":{"type":"Point","coordinates":[-78.00694550446363,36.37979749903161]}},{"type":"Feature","properties":{"county_nam":"WARREN","prec_id":"NORLINA","precinct_norm":"WARREN - NORLINA","name":"Norlina","label":"Norlina","seims_code":"013","seims_desc":"NORLINA","source_vintage":"sbe_2006"},"geometry":{"type":"Point","coordinates":[-78.19517463407954,36.44528599884147]}},{"type":"Feature","properties":{"county_nam":"WARREN","prec_id":"NUTBUSH","precinct_norm":"WARREN - NUTBUSH","name":"Nutbush","label":"Nutbush","seims_code":"005","seims_desc":"NUTBUSH","source_vintage":"sbe_2006"},"geometry":{"type":"Point","coordinates":[-78.27982182344695,36.46977650135919]}},{"type":"Feature","properties":{"county_nam":"WARREN","prec_id":"RIVER","precinct_norm":"WARREN - RIVER","name":"River","label":"River","seims_code":"001","seims_desc":"RIVER","source_vintage":"sbe_2006"},"geometry":{"type":"Point","coordinates":[-77.96613745467253,36.469026499924695]}},{"type":"Feature","properties":{"county_nam":"WARREN","prec_id":"ROANOKE","precinct_norm":"WARREN - ROANOKE","name":"Roanoke","label":"Roanoke","seims_code":"012","seims_desc":"ROANOKE","source_vintage":"sbe_2006"},"geometry":{"type":"Point","coordinates":[-77.95165679517042,36.52519350116666]}},{"type":"Feature","properties":{"county_nam":"WARREN","prec_id":"SANDY CREEK","precinct_norm":"WARREN - SANDY CREEK","name":"Sandy Creek","label":"Sandy Creek","seims_code":"006","seims_desc":"SANDY CREEK","source_vintage":"sbe_2006"},"geometry":{"type":"Point","coordinates":[-78.24757077048787,36.330189000557425]}},{"type":"Feature","properties":{"county_nam":"WARREN","prec_id":"SHOCCO","precinct_norm":"WARREN - SHOCCO","name":"Shocco","label":"Shocco","seims_code":"007","seims_desc":"SHOCCO","source_vintage":"sbe_2006"},"geometry":{"type":"Point","coordinates":[-78.17139640947804,36.302153499584826]}},{"type":"Feature","properties":{"county_nam":"WARREN","prec_id":"SIXPOUND","precinct_norm":"WARREN - SIXPOUND","name":"Sixpound","label":"Sixpound","seims_code":"002","seims_desc":"SIXPOUND","source_vintage":"sbe_2006"},"geometry":{"type":"Point","coordinates":[-78.05776332710127,36.48390350323305]}},{"type":"Feature","properties":{"county_nam":"WARREN","prec_id":"SMITH CREEK","precinct_norm":"WARREN - SMITH CREEK","name":"Smith Creek","label":"Smith Creek","seims_code":"004","seims_desc":"SMITH CREEK","source_vintage":"sbe_2006"},"geometry":{"type":"Point","coordinates":[-78.22077945563397,36.488069499408326]}},{"type":"Feature","properties":{"county_nam":"WARREN","prec_id":"WARRENTON EAST","precinct_norm":"WARREN - WARRENTON EAST","name":"Warrenton East","label":"Warrenton East","seims_code":"014","seims_desc":"EAST WARRENTON","source_vintage":"sbe_2006"},"geometry":{"type":"Point","coordinates":[-78.1308503947075,36.38200100080448]}},{"type":"Feature","properties":{"county_nam":"WARREN","prec_id":"WARRENTON WEST","precinct_norm":"WARREN - WARRENTON WEST","name":"Warrenton West","label":"Warrenton West","seims_code":"010","seims_desc":"WEST WARRENTON","source_vintage":"sbe_2006"},"geometry":{"type":"Point","coordinates":[-78.19570263343458,36.39643500121704]}},{"type":"Feature","properties":{"county_nam":"WASHINGTON","prec_id":"LEES MILL","precinct_norm":"WASHINGTON - LEES MILL","name":"Lees Mill","label":"Lees Mill","seims_code":"LM","seims_desc":"LEES MILL","source_vintage":"sbe_2006"},"geometry":{"type":"Point","coordinates":[-76.6258064794043,35.84187800059535]}},{"type":"Feature","properties":{"county_nam":"WASHINGTON","prec_id":"PLYMOUTH 1","precinct_norm":"WASHINGTON - PLYMOUTH 1","name":"Plymouth 1","label":"Plymouth 1","seims_code":"P1","seims_desc":"PLYMOUTH 1","source_vintage":"sbe_2006"},"geometry":{"type":"Point","coordinates":[-76.71598221125947,35.889898999123325]}},{"type":"Feature","properties":{"county_nam":"WASHINGTON","prec_id":"PLYMOUTH 2","precinct_norm":"WASHINGTON - PLYMOUTH 2","name":"Plymouth 2","label":"Plymouth 2","seims_code":"P2","seims_desc":"PLYMOUTH 2","source_vintage":"sbe_2006"},"geometry":{"type":"Point","coordinates":[-76.7664978814764,35.852785500450935]}},{"type":"Feature","properties":{"county_nam":"WASHINGTON","prec_id":"PLYMOUTH 3","precinct_norm":"WASHINGTON - PLYMOUTH 3","name":"Plymouth 3","label":"Plymouth 3","seims_code":"P3","seims_desc":"PLYMOUTH 3","source_vintage":"sbe_2006"},"geometry":{"type":"Point","coordinates":[-76.74642508036918,35.78935849942275]}},{"type":"Feature","properties":{"county_nam":"WASHINGTON","prec_id":"SCUPPERNONG","precinct_norm":"WASHINGTON - SCUPPERNONG","name":"Scuppernong","label":"Scuppernong","seims_code":"SC","seims_desc":"SCUPPERNONG","source_vintage":"sbe_2006"},"geometry":{"type":"Point","coordinates":[-76.45293257089045,35.80906549755987]}},{"type":"Feature","properties":{"county_nam":"WASHINGTON","prec_id":"SKINNERSVILLE","precinct_norm":"WASHINGTON - SKINNERSVILLE","name":"Skinnersville","label":"Skinnersville","seims_code":"SK","seims_desc":"SKINNERSVILLE","source_vintage":"sbe_2006"},"geometry":{"type":"Point","coordinates":[-76.512352815206,35.86546150305455]}},{"type":"Feature","properties":{"county_nam":"WATAUGA","prec_id":"BALD MOUNTAIN","precinct_norm":"WATAUGA - BALD MOUNTAIN","name":"Bald Mountain","label":"Bald Mountain","seims_code":"01","seims_desc":"BALD MOUNTAIN","source_vintage":"sbe_2006"},"geometry":{"type":"Point","coordinates":[-81.60252934457893,36.294871998499886]}},{"type":"Feature","properties":{"county_nam":"WATAUGA","prec_id":"BEAVER DAM","precinct_norm":"WATAUGA - BEAVER DAM","name":"Beaver Dam","label":"Beaver Dam","seims_code":"02","seims_desc":"BEAVER DAM","source_vintage":"sbe_2006"},"geometry":{"type":"Point","coordinates":[-81.83687935572334,36.31339099951622]}},{"type":"Feature","properties":{"county_nam":"WATAUGA","prec_id":"BEECH MOUNTAIN","precinct_norm":"WATAUGA - BEECH MOUNTAIN","name":"Beech Mountain","label":"Beech Mountain","seims_code":"20","seims_desc":"BEECH MOUNTAIN","source_vintage":"sbe_2006"},"geometry":{"type":"Point","coordinates":[-81.88509396786301,36.21164700032314]}},{"type":"Feature","properties":{"county_nam":"WATAUGA","prec_id":"BLOWING ROCK","precinct_norm":"WATAUGA - BLOWING ROCK","name":"Blowing Rock","label":"Blowing Rock","seims_code":"03","seims_desc":"BLOWING ROCK","source_vintage":"sbe_2006"},"geometry":{"type":"Point","coordinates":[-81.67787222084233,36.15331350044251]}},{"type":"Feature","properties":{"county_nam":"WATAUGA","prec_id":"BLUE RIDGE","precinct_norm":"WATAUGA - BLUE RIDGE","name":"Blue Ridge","label":"Blue Ridge","seims_code":"04","seims_desc":"BLUE RIDGE","source_vintage":"sbe_2006"},"geometry":{"type":"Point","coordinates":[-81.60438471906424,36.160639000644395]}},{"type":"Feature","properties":{"county_nam":"WATAUGA","prec_id":"BOONE 1","precinct_norm":"WATAUGA - BOONE 1","name":"Boone 1","label":"Boone 1","seims_code":"05","seims_desc":"BOONE 1","source_vintage":"sbe_2006"},"geometry":{"type":"Point","coordinates":[-81.67957993006061,36.2207929993217]}},{"type":"Feature","properties":{"county_nam":"WATAUGA","prec_id":"BOONE 2","precinct_norm":"WATAUGA - BOONE 2","name":"Boone 2","label":"Boone 2","seims_code":"06","seims_desc":"BOONE 2","source_vintage":"sbe_2006"},"geometry":{"type":"Point","coordinates":[-81.6741666568921,36.21239750043598]}},{"type":"Feature","properties":{"county_nam":"WATAUGA","prec_id":"BOONE 3","precinct_norm":"WATAUGA - BOONE 3","name":"Boone 3","label":"Boone 3","seims_code":"12","seims_desc":"BOONE 3","source_vintage":"sbe_2006"},"geometry":{"type":"Point","coordinates":[-81.68372143624154,36.212057499139334]}},{"type":"Feature","properties":{"county_nam":"WATAUGA","prec_id":"BRUSHY FORK","precinct_norm":"WATAUGA - BRUSHY FORK","name":"Brushy Fork","label":"Brushy Fork","seims_code":"07","seims_desc":"BRUSHY FORK","source_vintage":"sbe_2006"},"geometry":{"type":"Point","coordinates":[-81.7167733649388,36.21789300011734]}},{"type":"Feature","properties":{"county_nam":"WATAUGA","prec_id":"COVE CREEK","precinct_norm":"WATAUGA - COVE CREEK","name":"Cove Creek","label":"Cove Creek","seims_code":"08","seims_desc":"COVE CREEK","source_vintage":"sbe_2006"},"geometry":{"type":"Point","coordinates":[-81.75912981794497,36.3006340014751]}},{"type":"Feature","properties":{"county_nam":"WATAUGA","prec_id":"ELK","precinct_norm":"WATAUGA - ELK","name":"Elk","label":"Elk","seims_code":"09","seims_desc":"ELK","source_vintage":"sbe_2006"},"geometry":{"type":"Point","coordinates":[-81.5379613693343,36.17825749922176]}},{"type":"Feature","properties":{"county_nam":"WATAUGA","prec_id":"LAUREL CREEK","precinct_norm":"WATAUGA - LAUREL CREEK","name":"Laurel Creek","label":"Laurel Creek","seims_code":"10","seims_desc":"LAUREL CREEK","source_vintage":"sbe_2006"},"geometry":{"type":"Point","coordinates":[-81.83623179731984,36.24494949895698]}},{"type":"Feature","properties":{"county_nam":"WATAUGA","prec_id":"MEAT CAMP","precinct_norm":"WATAUGA - MEAT CAMP","name":"Meat Camp","label":"Meat Camp","seims_code":"11","seims_desc":"MEAT CAMP","source_vintage":"sbe_2006"},"geometry":{"type":"Point","coordinates":[-81.6719736303869,36.28448150097318]}},{"type":"Feature","properties":{"county_nam":"WATAUGA","prec_id":"NEW RIVER 1","precinct_norm":"WATAUGA - NEW RIVER 1","name":"New River 1","label":"New River 1","seims_code":"13","seims_desc":"NEW RIVER I","source_vintage":"sbe_2006"},"geometry":{"type":"Point","coordinates":[-81.6962382550316,36.18807449859749]}},{"type":"Feature","properties":{"county_nam":"WATAUGA","prec_id":"NEW RIVER 2","precinct_norm":"WATAUGA - NEW RIVER 2","name":"New River 2","label":"New River 2","seims_code":"14","seims_desc":"NEW RIVER II","source_vintage":"sbe_2006"},"geometry":{"type":"Point","coordinates":[-81.65744693531826,36.23743500245507]}},{"type":"Feature","properties":{"county_nam":"WATAUGA","prec_id":"NEW RIVER 3","precinct_norm":"WATAUGA - NEW RIVER 3","name":"New River 3","label":"New River 3","seims_code":"15","seims_desc":"NEW RIVER III","source_vintage":"sbe_2006"},"geometry":{"type":"Point","coordinates":[-81.62872515638206,36.20943150162967]}},{"type":"Feature","properties":{"county_nam":"WATAUGA","prec_id":"NORTH FORK","precinct_norm":"WATAUGA - NORTH FORK","name":"North Fork","label":"North Fork","seims_code":"16","seims_desc":"NORTH FORK","source_vintage":"sbe_2006"},"geometry":{"type":"Point","coordinates":[-81.68982274981548,36.357443499728475]}},{"type":"Feature","properties":{"county_nam":"WATAUGA","prec_id":"SHAWNEEHAW","precinct_norm":"WATAUGA - SHAWNEEHAW","name":"Shawneehaw","label":"Shawneehaw","seims_code":"17","seims_desc":"SHAWNEEHAW","source_vintage":"sbe_2006"},"geometry":{"type":"Point","coordinates":[-81.8149584124157,36.184823000009246]}},{"type":"Feature","properties":{"county_nam":"WATAUGA","prec_id":"STONY FORK","precinct_norm":"WATAUGA - STONY FORK","name":"Stony Fork","label":"Stony Fork","seims_code":"18","seims_desc":"STONY FORK","source_vintage":"sbe_2006"},"geometry":{"type":"Point","coordinates":[-81.49938889305614,36.21891450143488]}},{"type":"Feature","properties":{"county_nam":"WATAUGA","prec_id":"WATAUGA","precinct_norm":"WATAUGA - WATAUGA","name":"Watauga","label":"Watauga","seims_code":"19","seims_desc":"WATAUGA","source_vintage":"sbe_2006"},"geometry":{"type":"Point","coordinates":[-81.75401844529944,36.17785350162834]}},{"type":"Feature","properties":{"county_nam":"WAYNE","prec_id":"01","precinct_norm":"WAYNE - 01","name":"01","label":"01","seims_code":"01","seims_desc":"01 - FREMONT FIRE STATION","source_vintage":"sbe_2006"},"geometry":{"type":"Point","coordinates":[-78.02111091254355,35.55324449921517]}},{"type":"Feature","properties":{"county_nam":"WAYNE","prec_id":"02","precinct_norm":"WAYNE - 02","name":"02","label":"02","seims_code":"02","seims_desc":"02 - EUREKA UNITED METHODIST CHURCH","source_vintage":"sbe_2006"},"geometry":{"type":"Point","coordinates":[-77.88637277712866,35.51228350190455]}},{"type":"Feature","properties":{"county_nam":"WAYNE","prec_id":"03","precinct_norm":"WAYNE - 03","name":"03","label":"03","seims_code":"03","seims_desc":"03 - LITTLE RIVER FIRE STATION","source_vintage":"sbe_2006"},"geometry":{"type":"Point","coordinates":[-78.08951698998786,35.46042149852937]}},{"type":"Feature","properties":{"county_nam":"WAYNE","prec_id":"04","precinct_norm":"WAYNE - 04","name":"04","label":"04","seims_code":"04","seims_desc":"04 - PIKEVILLE FIRE STATION","source_vintage":"sbe_2006"},"geometry":{"type":"Point","coordinates":[-78.00990965013821,35.486998499919075]}},{"type":"Feature","properties":{"county_nam":"WAYNE","prec_id":"05","precinct_norm":"WAYNE - 05","name":"05","label":"05","seims_code":"05","seims_desc":"05 - BELFAST PENTECOSTAL HOLINESS CHURCH","source_vintage":"sbe_2006"},"geometry":{"type":"Point","coordinates":[-77.99531012452033,35.44228099992899]}},{"type":"Feature","properties":{"county_nam":"WAYNE","prec_id":"06","precinct_norm":"WAYNE - 06","name":"06","label":"06","seims_code":"06","seims_desc":"06 - SAULSTON FIRE STATION","source_vintage":"sbe_2006"},"geometry":{"type":"Point","coordinates":[-77.92589997674756,35.42549199911251]}},{"type":"Feature","properties":{"county_nam":"WAYNE","prec_id":"07","precinct_norm":"WAYNE - 07","name":"07","label":"07","seims_code":"07","seims_desc":"07 - NEW HOPE FIRE STATION","source_vintage":"sbe_2006"},"geometry":{"type":"Point","coordinates":[-77.85674782697441,35.424851500017574]}},{"type":"Feature","properties":{"county_nam":"WAYNE","prec_id":"08","precinct_norm":"WAYNE - 08","name":"08","label":"08","seims_code":"08","seims_desc":"08 - OAKLAND FIRE STATION","source_vintage":"sbe_2006"},"geometry":{"type":"Point","coordinates":[-78.11669032299739,35.38863350125202]}},{"type":"Feature","properties":{"county_nam":"WAYNE","prec_id":"09","precinct_norm":"WAYNE - 09","name":"09","label":"09","seims_code":"09","seims_desc":"09 - WESTWOOD UNITED METHODIST CHURCH","source_vintage":"sbe_2006"},"geometry":{"type":"Point","coordinates":[-78.0458860877643,35.39893750024238]}},{"type":"Feature","properties":{"county_nam":"WAYNE","prec_id":"10","precinct_norm":"WAYNE - 10","name":"10","label":"10","seims_code":"10","seims_desc":"10 - GOLDSBORO FRIENDS CHURCH","source_vintage":"sbe_2006"},"geometry":{"type":"Point","coordinates":[-77.99457455032245,35.409510999325704]}},{"type":"Feature","properties":{"county_nam":"WAYNE","prec_id":"11","precinct_norm":"WAYNE - 11","name":"11","label":"11","seims_code":"11","seims_desc":"11 - GREENLEAF CHRISTIAN CHURCH","source_vintage":"sbe_2006"},"geometry":{"type":"Point","coordinates":[-77.96447338552741,35.40656100293348]}},{"type":"Feature","properties":{"county_nam":"WAYNE","prec_id":"12","precinct_norm":"WAYNE - 12","name":"12","label":"12","seims_code":"12","seims_desc":"12 - FAMILY Y","source_vintage":"sbe_2006"},"geometry":{"type":"Point","coordinates":[-77.941010374254,35.39358999740007]}},{"type":"Feature","properties":{"county_nam":"WAYNE","prec_id":"13","precinct_norm":"WAYNE - 13","name":"13","label":"13","seims_code":"13","seims_desc":"13 - EASTERN WAYNE HIGH SCHOOL","source_vintage":"sbe_2006"},"geometry":{"type":"Point","coordinates":[-77.90804821771596,35.36842099996277]}},{"type":"Feature","properties":{"county_nam":"WAYNE","prec_id":"14","precinct_norm":"WAYNE - 14","name":"14","label":"14","seims_code":"14","seims_desc":"14 - NEW HOPE FRIENDS CHURCH","source_vintage":"sbe_2006"},"geometry":{"type":"Point","coordinates":[-77.88700461794983,35.3274640017086]}},{"type":"Feature","properties":{"county_nam":"WAYNE","prec_id":"15","precinct_norm":"WAYNE - 15","name":"15","label":"15","seims_code":"15","seims_desc":"15 - SPRING CREEK HIGH SCHOOL","source_vintage":"sbe_2006"},"geometry":{"type":"Point","coordinates":[-77.87017859706714,35.264654998950874]}},{"type":"Feature","properties":{"county_nam":"WAYNE","prec_id":"16","precinct_norm":"WAYNE - 16","name":"16","label":"16","seims_code":"16","seims_desc":"16 - AMER. LEGION POST 11","source_vintage":"sbe_2006"},"geometry":{"type":"Point","coordinates":[-78.09746691786134,35.312021500056005]}},{"type":"Feature","properties":{"county_nam":"WAYNE","prec_id":"17","precinct_norm":"WAYNE - 17","name":"17","label":"17","seims_code":"17","seims_desc":"17 - WAYNE CENTER","source_vintage":"sbe_2006"},"geometry":{"type":"Point","coordinates":[-78.01585313660306,35.35771299803079]}},{"type":"Feature","properties":{"county_nam":"WAYNE","prec_id":"18","precinct_norm":"WAYNE - 18","name":"18","label":"18","seims_code":"18","seims_desc":"18 - WAGES BUILDING","source_vintage":"sbe_2006"},"geometry":{"type":"Point","coordinates":[-77.99351964396845,35.38509200237252]}},{"type":"Feature","properties":{"county_nam":"WAYNE","prec_id":"19","precinct_norm":"WAYNE - 19","name":"19","label":"19","seims_code":"19","seims_desc":"19 - CARVER HEIGHTS SCHOOL","source_vintage":"sbe_2006"},"geometry":{"type":"Point","coordinates":[-77.99887893838104,35.36291199954562]}},{"type":"Feature","properties":{"county_nam":"WAYNE","prec_id":"20","precinct_norm":"WAYNE - 20","name":"20","label":"20","seims_code":"20","seims_desc":"20 - FIRST AFRICAN BAPTIST CHURCH","source_vintage":"sbe_2006"},"geometry":{"type":"Point","coordinates":[-77.98263350038602,35.37181199934422]}},{"type":"Feature","properties":{"county_nam":"WAYNE","prec_id":"21","precinct_norm":"WAYNE - 21","name":"21","label":"21","seims_code":"21","seims_desc":"21 - ST LUKE METHODIST CHURCH","source_vintage":"sbe_2006"},"geometry":{"type":"Point","coordinates":[-77.9688040503794,35.37251199928345]}},{"type":"Feature","properties":{"county_nam":"WAYNE","prec_id":"22","precinct_norm":"WAYNE - 22","name":"22","label":"22","seims_code":"22","seims_desc":"22 - GREENWOOD MIDDLE SCHOOL","source_vintage":"sbe_2006"},"geometry":{"type":"Point","coordinates":[-77.94552940748201,35.37391200080843]}},{"type":"Feature","properties":{"county_nam":"WAYNE","prec_id":"23","precinct_norm":"WAYNE - 23","name":"23","label":"23","seims_code":"23","seims_desc":"23 - GOLDSBORO WESLEYAN CHURCH","source_vintage":"sbe_2006"},"geometry":{"type":"Point","coordinates":[-77.93065928172999,35.341382999944955]}},{"type":"Feature","properties":{"county_nam":"WAYNE","prec_id":"24","precinct_norm":"WAYNE - 24","name":"24","label":"24","seims_code":"24","seims_desc":"24 - GRANTHAM FIRE STATION","source_vintage":"sbe_2006"},"geometry":{"type":"Point","coordinates":[-78.1954257644385,35.271264497570264]}},{"type":"Feature","properties":{"county_nam":"WAYNE","prec_id":"25","precinct_norm":"WAYNE - 25","name":"25","label":"25","seims_code":"25","seims_desc":"25 - MT. OLIVE CIVIC CENTER","source_vintage":"sbe_2006"},"geometry":{"type":"Point","coordinates":[-78.0967191613367,35.225314000080125]}},{"type":"Feature","properties":{"county_nam":"WAYNE","prec_id":"26","precinct_norm":"WAYNE - 26","name":"26","label":"26","seims_code":"26","seims_desc":"26 - DUDLEY FIRE STATION","source_vintage":"sbe_2006"},"geometry":{"type":"Point","coordinates":[-78.04224402060346,35.262559501325725]}},{"type":"Feature","properties":{"county_nam":"WAYNE","prec_id":"27","precinct_norm":"WAYNE - 27","name":"27","label":"27","seims_code":"27","seims_desc":"27 - BROGDEN MIDDLE SCHOOL","source_vintage":"sbe_2006"},"geometry":{"type":"Point","coordinates":[-78.02827486730513,35.31351849901156]}},{"type":"Feature","properties":{"county_nam":"WAYNE","prec_id":"28","precinct_norm":"WAYNE - 28","name":"28","label":"28","seims_code":"28","seims_desc":"28 - INDIAN SPRINGS FIRE STATION","source_vintage":"sbe_2006"},"geometry":{"type":"Point","coordinates":[-77.9678780539192,35.251701501242835]}},{"type":"Feature","properties":{"county_nam":"WAYNE","prec_id":"29","precinct_norm":"WAYNE - 29","name":"29","label":"29","seims_code":"29","seims_desc":"29 - WAYNE COUNTY LIBRARY","source_vintage":"sbe_2006"},"geometry":{"type":"Point","coordinates":[-77.97881748681786,35.38621100023365]}},{"type":"Feature","properties":{"county_nam":"WAYNE","prec_id":"30","precinct_norm":"WAYNE - 30","name":"30","label":"30","seims_code":"30","seims_desc":"30 - SOUTHERN ACADEMY","source_vintage":"sbe_2006"},"geometry":{"type":"Point","coordinates":[-78.06299851672256,35.19310999999467]}},{"type":"Feature","properties":{"county_nam":"WILKES","prec_id":"ANTIOCH","precinct_norm":"WILKES - ANTIOCH","name":"Antioch","label":"Antioch","seims_code":"101","seims_desc":"ANTIOCH","source_vintage":"sbe_2006"},"geometry":{"type":"Point","coordinates":[-81.00958538333394,36.17363049745932]}},{"type":"Feature","properties":{"county_nam":"WILKES","prec_id":"BOOMER","precinct_norm":"WILKES - BOOMER","name":"Boomer","label":"Boomer","seims_code":"102","seims_desc":"BOOMER","source_vintage":"sbe_2006"},"geometry":{"type":"Point","coordinates":[-81.2687081336716,36.06144449983579]}},{"type":"Feature","properties":{"county_nam":"WILKES","prec_id":"BRUSHY MOUNTAIN","precinct_norm":"WILKES - BRUSHY MOUNTAIN","name":"Brushy Mountain","label":"Brushy Mountain","seims_code":"103","seims_desc":"BRUSHY MOUNTAIN","source_vintage":"sbe_2006"},"geometry":{"type":"Point","coordinates":[-81.08502108594345,36.06901750016141]}},{"type":"Feature","properties":{"county_nam":"WILKES","prec_id":"CRICKET","precinct_norm":"WILKES - CRICKET","name":"Cricket","label":"Cricket","seims_code":"104","seims_desc":"CRICKET","source_vintage":"sbe_2006"},"geometry":{"type":"Point","coordinates":[-81.1910019251459,36.16734199765807]}},{"type":"Feature","properties":{"county_nam":"WILKES","prec_id":"EDWARDS 1","precinct_norm":"WILKES - EDWARDS 1","name":"Edwards 1","label":"Edwards 1","seims_code":"105","seims_desc":"EDWARDS #1","source_vintage":"sbe_2006"},"geometry":{"type":"Point","coordinates":[-80.96616449715295,36.254298000064225]}},{"type":"Feature","properties":{"county_nam":"WILKES","prec_id":"EDWARDS 2","precinct_norm":"WILKES - EDWARDS 2","name":"Edwards 2","label":"Edwards 2","seims_code":"106","seims_desc":"EDWARDS #2","source_vintage":"sbe_2006"},"geometry":{"type":"Point","coordinates":[-81.01614403419451,36.24980000048683]}},{"type":"Feature","properties":{"county_nam":"WILKES","prec_id":"EDWARDS 3","precinct_norm":"WILKES - EDWARDS 3","name":"Edwards 3","label":"Edwards 3","seims_code":"107","seims_desc":"EDWARDS #3","source_vintage":"sbe_2006"},"geometry":{"type":"Point","coordinates":[-80.91347061958106,36.287114497437486]}},{"type":"Feature","properties":{"county_nam":"WILKES","prec_id":"FAIRPLAINS","precinct_norm":"WILKES - FAIRPLAINS","name":"Fairplains","label":"Fairplains","seims_code":"108","seims_desc":"FAIRPLAINS","source_vintage":"sbe_2006"},"geometry":{"type":"Point","coordinates":[-81.10477991690739,36.19100150054106]}},{"type":"Feature","properties":{"county_nam":"WILKES","prec_id":"FERGUSON & MT. PLEASANT","precinct_norm":"WILKES - FERGUSON & MT. PLEASANT","name":"Ferguson & Mt. Pleasant","label":"Ferguson & Mt. Pleasant","seims_code":"109 & 113","seims_desc":"FERGUSON & MOUNT PLEASANT","source_vintage":"sbe_2006"},"geometry":{"type":"Point","coordinates":[-81.44322889643556,36.142268999529705]}},{"type":"Feature","properties":{"county_nam":"WILKES","prec_id":"JOBS CABIN","precinct_norm":"WILKES - JOBS CABIN","name":"Jobs Cabin","label":"Jobs Cabin","seims_code":"110","seims_desc":"JOBS CABIN","source_vintage":"sbe_2006"},"geometry":{"type":"Point","coordinates":[-81.42099938751343,36.21719899980585]}},{"type":"Feature","properties":{"county_nam":"WILKES","prec_id":"MILLERS CREEK","precinct_norm":"WILKES - MILLERS CREEK","name":"Millers Creek","label":"Millers Creek","seims_code":"111","seims_desc":"MILLERS CREEK","source_vintage":"sbe_2006"},"geometry":{"type":"Point","coordinates":[-81.22984389855674,36.172697500804986]}},{"type":"Feature","properties":{"county_nam":"WILKES","prec_id":"MORAVIAN FALLS","precinct_norm":"WILKES - MORAVIAN FALLS","name":"Moravian Falls","label":"Moravian Falls","seims_code":"112","seims_desc":"MORAVIAN FALLS","source_vintage":"sbe_2006"},"geometry":{"type":"Point","coordinates":[-81.18245791150272,36.08215050042326]}},{"type":"Feature","properties":{"county_nam":"WILKES","prec_id":"MULBERRY 1","precinct_norm":"WILKES - MULBERRY 1","name":"Mulberry 1","label":"Mulberry 1","seims_code":"114","seims_desc":"MULBERRY #1","source_vintage":"sbe_2006"},"geometry":{"type":"Point","coordinates":[-81.21410356652859,36.32620249946912]}},{"type":"Feature","properties":{"county_nam":"WILKES","prec_id":"NEW CASTLE","precinct_norm":"WILKES - NEW CASTLE","name":"New Castle","label":"New Castle","seims_code":"117","seims_desc":"NEW CASTLE","source_vintage":"sbe_2006"},"geometry":{"type":"Point","coordinates":[-80.92150209901928,36.17901599888815]}},{"type":"Feature","properties":{"county_nam":"WILKES","prec_id":"NORTH WILKESBORO","precinct_norm":"WILKES - NORTH WILKESBORO","name":"North Wilkesboro","label":"North Wilkesboro","seims_code":"118","seims_desc":"NORTH WILKESBORO","source_vintage":"sbe_2006"},"geometry":{"type":"Point","coordinates":[-81.14126351349796,36.177373999470646]}},{"type":"Feature","properties":{"county_nam":"WILKES","prec_id":"REDDIES RIVER","precinct_norm":"WILKES - REDDIES RIVER","name":"Reddies River","label":"Reddies River","seims_code":"119","seims_desc":"REDDIES RIVER","source_vintage":"sbe_2006"},"geometry":{"type":"Point","coordinates":[-81.26636017639532,36.17644649987649]}},{"type":"Feature","properties":{"county_nam":"WILKES","prec_id":"ROCK CREEK 1","precinct_norm":"WILKES - ROCK CREEK 1","name":"Rock Creek 1","label":"Rock Creek 1","seims_code":"120","seims_desc":"ROCK CREEK #1","source_vintage":"sbe_2006"},"geometry":{"type":"Point","coordinates":[-81.10818691958312,36.2428119980177]}},{"type":"Feature","properties":{"county_nam":"WILKES","prec_id":"ROCK CREEK 2","precinct_norm":"WILKES - ROCK CREEK 2","name":"Rock Creek 2","label":"Rock Creek 2","seims_code":"121","seims_desc":"ROCK CREEK #2","source_vintage":"sbe_2006"},"geometry":{"type":"Point","coordinates":[-81.06168435937008,36.24168599966575]}},{"type":"Feature","properties":{"county_nam":"WILKES","prec_id":"SOMERS","precinct_norm":"WILKES - SOMERS","name":"Somers","label":"Somers","seims_code":"122","seims_desc":"SOMERS","source_vintage":"sbe_2006"},"geometry":{"type":"Point","coordinates":[-80.93899295629659,36.096287498399136]}},{"type":"Feature","properties":{"county_nam":"WILKES","prec_id":"TRAPHILL 1","precinct_norm":"WILKES - TRAPHILL 1","name":"Traphill 1","label":"Traphill 1","seims_code":"123","seims_desc":"TRAPHILL #1","source_vintage":"sbe_2006"},"geometry":{"type":"Point","coordinates":[-81.03635457578918,36.363172500664575]}},{"type":"Feature","properties":{"county_nam":"WILKES","prec_id":"TRAPHILL 2","precinct_norm":"WILKES - TRAPHILL 2","name":"Traphill 2","label":"Traphill 2","seims_code":"124","seims_desc":"TRAPHILL #2","source_vintage":"sbe_2006"},"geometry":{"type":"Point","coordinates":[-80.94778255410475,36.348463999342265]}},{"type":"Feature","properties":{"county_nam":"WILKES","prec_id":"UNION","precinct_norm":"WILKES - UNION","name":"Union","label":"Union","seims_code":"125","seims_desc":"UNION","source_vintage":"sbe_2006"},"geometry":{"type":"Point","coordinates":[-81.31035962714256,36.29690350051592]}},{"type":"Feature","properties":{"county_nam":"WILKES","prec_id":"WALNUT GROVE","precinct_norm":"WILKES - WALNUT GROVE","name":"Walnut Grove","label":"Walnut Grove","seims_code":"126","seims_desc":"WALNUT GROVE","source_vintage":"sbe_2006"},"geometry":{"type":"Point","coordinates":[-81.13112675309105,36.3585009999948]}},{"type":"Feature","properties":{"county_nam":"WILKES","prec_id":"WILKESBORO 1","precinct_norm":"WILKES - WILKESBORO 1","name":"Wilkesboro 1","label":"Wilkesboro 1","seims_code":"127","seims_desc":"WILKESBORO #1","source_vintage":"sbe_2006"},"geometry":{"type":"Point","coordinates":[-81.17094722022047,36.13890250103949]}},{"type":"Feature","properties":{"county_nam":"WILKES","prec_id":"WILKESBORO 2","precinct_norm":"WILKES - WILKESBORO 2","name":"Wilkesboro 2","label":"Wilkesboro 2","seims_code":"128","seims_desc":"WILKESBORO #2","source_vintage":"sbe_2006"},"geometry":{"type":"Point","coordinates":[-81.04922030312972,36.119597002739624]}},{"type":"Feature","properties":{"county_nam":"WILKES","prec_id":"WILKESBORO 3","precinct_norm":"WILKES - WILKESBORO 3","name":"Wilkesboro 3","label":"Wilkesboro 3","seims_code":"129","seims_desc":"WILKESBORO #3","source_vintage":"sbe_2006"},"geometry":{"type":"Point","coordinates":[-81.12727994592811,36.12441150002152]}},{"type":"Feature","properties":{"county_nam":"WILKES","prec_id":"MULBERRY","precinct_norm":"WILKES - MULBERRY","name":"Mulberry","label":"Mulberry","seims_code":"115A","seims_desc":"MULBERRY","source_vintage":"sbe_2006"},"geometry":{"type":"Point","coordinates":[-81.18342418134499,36.23495900163009]}},{"type":"Feature","properties":{"county_nam":"WILSON","prec_id":"BLACK CREEK","precinct_norm":"WILSON - BLACK CREEK","name":"Black Creek","label":"Black Creek","seims_code":"PRBL","seims_desc":"BLACK CREEK","source_vintage":"sbe_2006"},"geometry":{"type":"Point","coordinates":[-77.93215068612209,35.65094649920107]}},{"type":"Feature","properties":{"county_nam":"WILSON","prec_id":"CROSSROADS","precinct_norm":"WILSON - CROSSROADS","name":"Crossroads","label":"Crossroads","seims_code":"PRCR","seims_desc":"CROSSROADS","source_vintage":"sbe_2006"},"geometry":{"type":"Point","coordinates":[-78.00989684864714,35.64856499895682]}},{"type":"Feature","properties":{"county_nam":"WILSON","prec_id":"GARDNERS","precinct_norm":"WILSON - GARDNERS","name":"Gardners","label":"Gardners","seims_code":"PRGA","seims_desc":"GARDNERS","source_vintage":"sbe_2006"},"geometry":{"type":"Point","coordinates":[-77.78934251279509,35.72576300021816]}},{"type":"Feature","properties":{"county_nam":"WILSON","prec_id":"OLDFIELDS","precinct_norm":"WILSON - OLDFIELDS","name":"Oldfields","label":"Oldfields","seims_code":"PROL","seims_desc":"OLDFIELDS","source_vintage":"sbe_2006"},"geometry":{"type":"Point","coordinates":[-78.07862637727379,35.73685150029088]}},{"type":"Feature","properties":{"county_nam":"WILSON","prec_id":"SARATOGA","precinct_norm":"WILSON - SARATOGA","name":"Saratoga","label":"Saratoga","seims_code":"PRSA","seims_desc":"SARATOGA","source_vintage":"sbe_2006"},"geometry":{"type":"Point","coordinates":[-77.7583532120691,35.65890749987574]}},{"type":"Feature","properties":{"county_nam":"WILSON","prec_id":"SPRING HILL","precinct_norm":"WILSON - SPRING HILL","name":"Spring Hill","label":"Spring Hill","seims_code":"PRSP","seims_desc":"SPRING HILL","source_vintage":"sbe_2006"},"geometry":{"type":"Point","coordinates":[-78.09794953638244,35.64963149888506]}},{"type":"Feature","properties":{"county_nam":"WILSON","prec_id":"STANTONSBURG","precinct_norm":"WILSON - STANTONSBURG","name":"Stantonsburg","label":"Stantonsburg","seims_code":"PRST","seims_desc":"STANTONSBURG","source_vintage":"sbe_2006"},"geometry":{"type":"Point","coordinates":[-77.84522308968573,35.62736749853289]}},{"type":"Feature","properties":{"county_nam":"WILSON","prec_id":"TAYLORS","precinct_norm":"WILSON - TAYLORS","name":"Taylors","label":"Taylors","seims_code":"PRTA","seims_desc":"TAYLORS","source_vintage":"sbe_2006"},"geometry":{"type":"Point","coordinates":[-77.97807150735886,35.78820200082677]}},{"type":"Feature","properties":{"county_nam":"WILSON","prec_id":"TOISNOT","precinct_norm":"WILSON - TOISNOT","name":"Toisnot","label":"Toisnot","seims_code":"PRTO","seims_desc":"TOISNOT","source_vintage":"sbe_2006"},"geometry":{"type":"Point","coordinates":[-77.83154120726402,35.811287000380844]}},{"type":"Feature","properties":{"county_nam":"WILSON","prec_id":"WILSON A","precinct_norm":"WILSON - WILSON A","name":"Wilson A","label":"Wilson A","seims_code":"PRWA","seims_desc":"WILSON A","source_vintage":"sbe_2006"},"geometry":{"type":"Point","coordinates":[-77.9158078325436,35.730771502554205]}},{"type":"Feature","properties":{"county_nam":"WILSON","prec_id":"WILSON B","precinct_norm":"WILSON - WILSON B","name":"Wilson B","label":"Wilson B","seims_code":"PRWB","seims_desc":"WILSON B","source_vintage":"sbe_2006"},"geometry":{"type":"Point","coordinates":[-77.91796518445969,35.7164814989672]}},{"type":"Feature","properties":{"county_nam":"WILSON","prec_id":"WILSON C","precinct_norm":"WILSON - WILSON C","name":"Wilson C","label":"Wilson C","seims_code":"PRWC","seims_desc":"WILSON C","source_vintage":"sbe_2006"},"geometry":{"type":"Point","coordinates":[-77.92768702934067,35.72760299929709]}},{"type":"Feature","properties":{"county_nam":"WILSON","prec_id":"WILSON D","precinct_norm":"WILSON - WILSON D","name":"Wilson D","label":"Wilson D","seims_code":"PRWD","seims_desc":"WILSON D","source_vintage":"sbe_2006"},"geometry":{"type":"Point","coordinates":[-77.9297631370972,35.74181299891248]}},{"type":"Feature","properties":{"county_nam":"WILSON","prec_id":"WILSON E","precinct_norm":"WILSON - WILSON E","name":"Wilson E","label":"Wilson E","seims_code":"PRWE","seims_desc":"WILSON E","source_vintage":"sbe_2006"},"geometry":{"type":"Point","coordinates":[-77.89566761743953,35.757817000278855]}},{"type":"Feature","properties":{"county_nam":"WILSON","prec_id":"WILSON F","precinct_norm":"WILSON - WILSON F","name":"Wilson F","label":"Wilson F","seims_code":"PRWF","seims_desc":"WILSON F","source_vintage":"sbe_2006"},"geometry":{"type":"Point","coordinates":[-77.87352488923767,35.75260300015341]}},{"type":"Feature","properties":{"county_nam":"WILSON","prec_id":"WILSON G","precinct_norm":"WILSON - WILSON G","name":"Wilson G","label":"Wilson G","seims_code":"PRWG","seims_desc":"WILSON G","source_vintage":"sbe_2006"},"geometry":{"type":"Point","coordinates":[-77.89956748672259,35.720287000982964]}},{"type":"Feature","properties":{"county_nam":"WILSON","prec_id":"WILSON H","precinct_norm":"WILSON - WILSON H","name":"Wilson H","label":"Wilson H","seims_code":"PRWH","seims_desc":"WILSON H","source_vintage":"sbe_2006"},"geometry":{"type":"Point","coordinates":[-77.9076612669426,35.684304999307614]}},{"type":"Feature","properties":{"county_nam":"WILSON","prec_id":"WILSON I","precinct_norm":"WILSON - WILSON I","name":"Wilson I","label":"Wilson I","seims_code":"PRWI","seims_desc":"WILSON I","source_vintage":"sbe_2006"},"geometry":{"type":"Point","coordinates":[-77.9425498496542,35.7011624989539]}},{"type":"Feature","properties":{"county_nam":"WILSON","prec_id":"WILSON J","precinct_norm":"WILSON - WILSON J","name":"Wilson J","label":"Wilson J","seims_code":"PRWJ","seims_desc":"WILSON J","source_vintage":"sbe_2006"},"geometry":{"type":"Point","coordinates":[-77.95386611510867,35.72419199907641]}},{"type":"Feature","properties":{"county_nam":"WILSON","prec_id":"WILSON K","precinct_norm":"WILSON - WILSON K","name":"Wilson K","label":"Wilson K","seims_code":"PRWK","seims_desc":"WILSON K","source_vintage":"sbe_2006"},"geometry":{"type":"Point","coordinates":[-77.9400440445158,35.740008002013454]}},{"type":"Feature","properties":{"county_nam":"WILSON","prec_id":"WILSON L","precinct_norm":"WILSON - WILSON L","name":"Wilson L","label":"Wilson L","seims_code":"PRWL","seims_desc":"WILSON L","source_vintage":"sbe_2006"},"geometry":{"type":"Point","coordinates":[-77.94353576719412,35.75993400002241]}},{"type":"Feature","properties":{"county_nam":"WILSON","prec_id":"WILSON M","precinct_norm":"WILSON - WILSON M","name":"Wilson M","label":"Wilson M","seims_code":"PRWM","seims_desc":"WILSON M","source_vintage":"sbe_2006"},"geometry":{"type":"Point","coordinates":[-77.91965136157367,35.76656399857228]}},{"type":"Feature","properties":{"county_nam":"WILSON","prec_id":"WILSON N","precinct_norm":"WILSON - WILSON N","name":"Wilson N","label":"Wilson N","seims_code":"PRWN","seims_desc":"WILSON N","source_vintage":"sbe_2006"},"geometry":{"type":"Point","coordinates":[-77.87900477387615,35.70585750028836]}},{"type":"Feature","properties":{"county_nam":"WILSON","prec_id":"WILSON P","precinct_norm":"WILSON - WILSON P","name":"Wilson P","label":"Wilson P","seims_code":"PRWP","seims_desc":"WILSON P","source_vintage":"sbe_2006"},"geometry":{"type":"Point","coordinates":[-77.95781897019847,35.74695949857252]}},{"type":"Feature","properties":{"county_nam":"WILSON","prec_id":"WILSON Q","precinct_norm":"WILSON - WILSON Q","name":"Wilson Q","label":"Wilson Q","seims_code":"PRWQ","seims_desc":"WILSON Q","source_vintage":"sbe_2006"},"geometry":{"type":"Point","coordinates":[-77.89950826813156,35.714332000101294]}},{"type":"Feature","properties":{"county_nam":"YADKIN","prec_id":"BOONVILLE","precinct_norm":"YADKIN - BOONVILLE","name":"Boonville","label":"Boonville","seims_code":"BNVL","seims_desc":"BOONVILLE","source_vintage":"sbe_2006"},"geometry":{"type":"Point","coordinates":[-80.71509442660172,36.21943649909849]}},{"type":"Feature","properties":{"county_nam":"YADKIN","prec_id":"BUCK SHOALS NORTH","precinct_norm":"YADKIN - BUCK SHOALS NORTH","name":"Buck Shoals North","label":"Buck Shoals North","seims_code":"NBCK","seims_desc":"NORTH BUCK SHOALS","source_vintage":"sbe_2006"},"geometry":{"type":"Point","coordinates":[-80.8268820096642,36.12617199944134]}},{"type":"Feature","properties":{"county_nam":"YADKIN","prec_id":"BUCK SHOALS SOUTH","precinct_norm":"YADKIN - BUCK SHOALS SOUTH","name":"Buck Shoals South","label":"Buck Shoals South","seims_code":"SBCK","seims_desc":"SOUTH BUCK SHOALS","source_vintage":"sbe_2006"},"geometry":{"type":"Point","coordinates":[-80.81799472679529,36.080079498554596]}},{"type":"Feature","properties":{"county_nam":"YADKIN","prec_id":"DEEP CREEK","precinct_norm":"YADKIN - DEEP CREEK","name":"Deep Creek","label":"Deep Creek","seims_code":"DCRK","seims_desc":"DEEP CREEK","source_vintage":"sbe_2006"},"geometry":{"type":"Point","coordinates":[-80.73263512160767,36.11424300115185]}},{"type":"Feature","properties":{"county_nam":"YADKIN","prec_id":"EAST BEND","precinct_norm":"YADKIN - EAST BEND","name":"East Bend","label":"East Bend","seims_code":"EBND","seims_desc":"EAST BEND","source_vintage":"sbe_2006"},"geometry":{"type":"Point","coordinates":[-80.49485899178154,36.217613000773895]}},{"type":"Feature","properties":{"county_nam":"YADKIN","prec_id":"FALL CREEK NORTH","precinct_norm":"YADKIN - FALL CREEK NORTH","name":"Fall Creek North","label":"Fall Creek North","seims_code":"NFAL","seims_desc":"NORTH FALL CREEK","source_vintage":"sbe_2006"},"geometry":{"type":"Point","coordinates":[-80.59544664528133,36.25379099976627]}},{"type":"Feature","properties":{"county_nam":"YADKIN","prec_id":"FALL CREEK SOUTH","precinct_norm":"YADKIN - FALL CREEK SOUTH","name":"Fall Creek South","label":"Fall Creek South","seims_code":"SFAL","seims_desc":"SOUTH FALL CREEK","source_vintage":"sbe_2006"},"geometry":{"type":"Point","coordinates":[-80.60276344661801,36.185904998673564]}},{"type":"Feature","properties":{"county_nam":"YADKIN","prec_id":"FORBUSH","precinct_norm":"YADKIN - FORBUSH","name":"Forbush","label":"Forbush","seims_code":"FBSH","seims_desc":"FORBUSH","source_vintage":"sbe_2006"},"geometry":{"type":"Point","coordinates":[-80.51294077885804,36.13796949853415]}},{"type":"Feature","properties":{"county_nam":"YADKIN","prec_id":"KNOBS NORTH","precinct_norm":"YADKIN - KNOBS NORTH","name":"Knobs North","label":"Knobs North","seims_code":"NKNB","seims_desc":"NORTH KNOBS","source_vintage":"sbe_2006"},"geometry":{"type":"Point","coordinates":[-80.82425942587537,36.215797002123395]}},{"type":"Feature","properties":{"county_nam":"YADKIN","prec_id":"KNOBS SOUTH","precinct_norm":"YADKIN - KNOBS SOUTH","name":"Knobs South","label":"Knobs South","seims_code":"SKNB","seims_desc":"SOUTH KNOBS","source_vintage":"sbe_2006"},"geometry":{"type":"Point","coordinates":[-80.81275319161976,36.17193699970656]}},{"type":"Feature","properties":{"county_nam":"YADKIN","prec_id":"LIBERTY NORTH","precinct_norm":"YADKIN - LIBERTY NORTH","name":"Liberty North","label":"Liberty North","seims_code":"NLIB","seims_desc":"NORTH LIBERTY","source_vintage":"sbe_2006"},"geometry":{"type":"Point","coordinates":[-80.65885336560518,36.14615300121734]}},{"type":"Feature","properties":{"county_nam":"YADKIN","prec_id":"LIBERTY SOUTH","precinct_norm":"YADKIN - LIBERTY SOUTH","name":"Liberty South","label":"Liberty South","seims_code":"SLIB","seims_desc":"SOUTH LIBERTY","source_vintage":"sbe_2006"},"geometry":{"type":"Point","coordinates":[-80.59511863406466,36.079597000012235]}},{"type":"Feature","properties":{"county_nam":"YANCEY","prec_id":"BRUSH CREEK","precinct_norm":"YANCEY - BRUSH CREEK","name":"Brush Creek","label":"Brush Creek","seims_code":"07 BRU","seims_desc":"BRUSH CREEK","source_vintage":"sbe_2006"},"geometry":{"type":"Point","coordinates":[-82.21867281666513,35.977989998887864]}},{"type":"Feature","properties":{"county_nam":"YANCEY","prec_id":"BURNSVILLE","precinct_norm":"YANCEY - BURNSVILLE","name":"Burnsville","label":"Burnsville","seims_code":"01 BUR","seims_desc":"BURNSVILLE","source_vintage":"sbe_2006"},"geometry":{"type":"Point","coordinates":[-82.28895725548799,35.89945699831409]}},{"type":"Feature","properties":{"county_nam":"YANCEY","prec_id":"CANE RIVER","precinct_norm":"YANCEY - CANE RIVER","name":"Cane River","label":"Cane River","seims_code":"02 CAN","seims_desc":"CANE RIVER","source_vintage":"sbe_2006"},"geometry":{"type":"Point","coordinates":[-82.43420199817156,35.924804999352915]}},{"type":"Feature","properties":{"county_nam":"YANCEY","prec_id":"CRABTREE","precinct_norm":"YANCEY - CRABTREE","name":"Crabtree","label":"Crabtree","seims_code":"08 CRA","seims_desc":"CRABTREE","source_vintage":"sbe_2006"},"geometry":{"type":"Point","coordinates":[-82.19992078705548,35.90582350127002]}},{"type":"Feature","properties":{"county_nam":"YANCEY","prec_id":"EGYPT","precinct_norm":"YANCEY - EGYPT","name":"Egypt","label":"Egypt","seims_code":"03 EGY","seims_desc":"EGYPT","source_vintage":"sbe_2006"},"geometry":{"type":"Point","coordinates":[-82.43305393075951,35.97359399997278]}},{"type":"Feature","properties":{"county_nam":"YANCEY","prec_id":"GREEN MOUNTAIN","precinct_norm":"YANCEY - GREEN MOUNTAIN","name":"Green Mountain","label":"Green Mountain","seims_code":"05 GRE","seims_desc":"GREEN MOUNTAIN","source_vintage":"sbe_2006"},"geometry":{"type":"Point","coordinates":[-82.2730318812902,35.9967124995369]}},{"type":"Feature","properties":{"county_nam":"YANCEY","prec_id":"JACKS CREEK","precinct_norm":"YANCEY - JACKS CREEK","name":"Jacks Creek","label":"Jacks Creek","seims_code":"06 JAC","seims_desc":"JACKS CREEK","source_vintage":"sbe_2006"},"geometry":{"type":"Point","coordinates":[-82.31728558736165,35.96335550055886]}},{"type":"Feature","properties":{"county_nam":"YANCEY","prec_id":"PENSACOLA","precinct_norm":"YANCEY - PENSACOLA","name":"Pensacola","label":"Pensacola","seims_code":"10 PEN","seims_desc":"PENSACOLA","source_vintage":"sbe_2006"},"geometry":{"type":"Point","coordinates":[-82.30077325435714,35.808440999348264]}},{"type":"Feature","properties":{"county_nam":"YANCEY","prec_id":"PRICES CREEK","precinct_norm":"YANCEY - PRICES CREEK","name":"Prices Creek","label":"Prices Creek","seims_code":"11 PRI","seims_desc":"PRICES CREEK","source_vintage":"sbe_2006"},"geometry":{"type":"Point","coordinates":[-82.38415219485805,35.86742700072567]}},{"type":"Feature","properties":{"county_nam":"YANCEY","prec_id":"RAMSEYTOWN","precinct_norm":"YANCEY - RAMSEYTOWN","name":"Ramseytown","label":"Ramseytown","seims_code":"04 RAM","seims_desc":"RAMSEYTOWN","source_vintage":"sbe_2006"},"geometry":{"type":"Point","coordinates":[-82.39146038338004,36.02972599932427]}},{"type":"Feature","properties":{"county_nam":"YANCEY","prec_id":"SOUTH TOE","precinct_norm":"YANCEY - SOUTH TOE","name":"South Toe","label":"South Toe","seims_code":"09 SOU","seims_desc":"SOUTH TOE","source_vintage":"sbe_2006"},"geometry":{"type":"Point","coordinates":[-82.21013528582256,35.793061001306526]}}]}
