year,status,precinct_key,count
2002,ambiguous,BUNCOMBE - 01.1 01,1
2002,ambiguous,BUNCOMBE - 08.1 08,1
2002,ambiguous,BUNCOMBE - 14.1 14,1
2002,ambiguous,BUNCOMBE - 21.1 21,1
2002,ambiguous,BUNCOMBE - 23.1 23,1
2002,ambiguous,BUNCOMBE - 30.1 30,1
2002,ambiguous,BUNCOMBE - 31.1 31,1
2002,ambiguous,BUNCOMBE - 33.1 33,1
2002,ambiguous,BUNCOMBE - 38.1 38,1
2002,ambiguous,BUNCOMBE - 39.1 39,1
2002,ambiguous,BUNCOMBE - 42.1 42,1
2002,ambiguous,BUNCOMBE - 43.1 43,1
2002,ambiguous,BUNCOMBE - 51.1 51,1
2002,ambiguous,BUNCOMBE - 60.1 60,1
2002,ambiguous,BUNCOMBE - 62.1 62,1
2002,ambiguous,BUNCOMBE - 71.1 71,1
2002,ambiguous,BURKE - 0047 QUAKER MEADOW 1,1
2002,ambiguous,CUMBERLAND - AL51 ALDERMAN,1
2002,ambiguous,CUMBERLAND - CL57 CLIFFDALE WEST,1
2002,ambiguous,DURHAM - 30 OAK GROVE SCHOOL,1
2002,ambiguous,DURHAM - 33 NELSON COMMUNITY CENTER,1
2002,ambiguous,DURHAM - 34 PEARSONTOWN SCHOOL,1
2002,ambiguous,DURHAM - 35 CROWN OF RIGHTEOUSNESS COMMUNITY CHURCH,1
2002,ambiguous,DURHAM - 53 TRIANGLE PRESBYTERIAN CHURCH,1
2002,ambiguous,GATES - 4 PRECINCT #4,1
2002,ambiguous,GUILFORD - H27 H27,1
2002,ambiguous,MECKLENBURG - 1 1,1
2002,ambiguous,MECKLENBURG - 2 2,1
2002,ambiguous,MECKLENBURG - 3 3,1
2002,ambiguous,MECKLENBURG - 4 4,1
2002,ambiguous,MECKLENBURG - 5 5,1
2002,ambiguous,MECKLENBURG - 6 6,1
2002,ambiguous,MECKLENBURG - 7 7,1
2002,ambiguous,MECKLENBURG - 8 8,1
2002,ambiguous,MECKLENBURG - 9 9,1
2002,ambiguous,ROWAN - 34 WEST WARD #2,1
2002,ambiguous,ROWAN - 35 WEST WARD #1,1
2002,ambiguous,ROWAN - 38 EAST WARD #1,1
2002,ambiguous,ROWAN - 40 NORTH WARD #2,1
2002,ambiguous,ROWAN - 42 WEST WARD #3,1
2002,ambiguous,WAKE - 01-07A 01-07A,1
2002,ambiguous,WAKE - 03-00 03-00,1
2002,ambiguous,WAKE - 05-02 05-02,1
2002,ambiguous,WAKE - 06-01 06-01,1
2002,ambiguous,WAKE - 06-02 06-02,1
2002,ambiguous,WAKE - 06-03 06-03,1
2002,ambiguous,WAKE - 07-07A 07-07A,1
2002,ambiguous,WAKE - 08-01 08-01,1
2002,ambiguous,WAKE - 10-04 10-04,1
2002,ambiguous,WAKE - 12-03 12-03,1
2002,ambiguous,WAKE - 12-05 12-05,1
2002,ambiguous,WAKE - 13-03 13-03,1
2002,ambiguous,WAKE - 13-04 13-04,1
2002,ambiguous,WAKE - 16-08 16-08,1
2002,ambiguous,WAKE - 17-04 17-04,1
2002,ambiguous,WAKE - 17-08 17-08,1
2002,ambiguous,WAKE - 19-01 19-01,1
2002,ambiguous,WAKE - 19-02 19-02,1
2002,ambiguous,WAKE - 19-04 19-04,1
2002,ambiguous,WAKE - 19-06 19-06,1
2002,ambiguous,WAKE - 19-08 19-08,1
2002,ambiguous,WAKE - 20-02 20-02,1
2002,ambiguous,WAKE - 20-06 20-06,1
2002,ambiguous,WAKE - 20-07 20-07,1
2002,non_geographic,ALAMANCE - ABSENTEE/PROVISIONAL,1
2002,non_geographic,ALEXANDER - ABSENTEE/PROVISIONAL,1
2002,non_geographic,ALLEGHANY - ABSENTEE/PROVISIONAL,1
2002,non_geographic,ANSON - ABSENTEE/PROVISIONAL,1
2002,non_geographic,ASHE - ABSENTEE/PROVISIONAL,1
2002,non_geographic,AVERY - ABSENTEE/PROVISIONAL,1
2002,non_geographic,BEAUFORT - ABSENTEE/PROVISIONAL,1
2002,non_geographic,BERTIE - ABSENTEE/PROVISIONAL,1
2002,non_geographic,BLADEN - ABSENTEE/PROVISIONAL,1
2002,non_geographic,BRUNSWICK - ABSENTEE/PROVISIONAL,1
2002,non_geographic,BUNCOMBE - ABSENTEE/PROVISIONAL,1
2002,non_geographic,BURKE - ABSENTEE/PROVISIONAL,1
2002,non_geographic,CABARRUS - ABSENTEE/PROVISIONAL,1
2002,non_geographic,CALDWELL - ABSENTEE/PROVISIONAL,1
2002,non_geographic,CAMDEN - ABSENTEE/PROVISIONAL,1
2002,non_geographic,CARTERET - ABSENTEE/PROVISIONAL,1
2002,non_geographic,CASWELL - ABSENTEE/PROVISIONAL,1
2002,non_geographic,CATAWBA - ABSENTEE/PROVISIONAL,1
2002,non_geographic,CHATHAM - ABSENTEE/PROVISIONAL,1
2002,non_geographic,CHEROKEE - ABSENTEE/PROVISIONAL,1
2002,non_geographic,CHOWAN - ABSENTEE/PROVISIONAL,1
2002,non_geographic,CLAY - ABSENTEE/PROVISIONAL,1
2002,non_geographic,CLEVELAND - ABSENTEE/PROVISIONAL,1
2002,non_geographic,COLUMBUS - ABSENTEE/PROVISIONAL,1
2002,non_geographic,CRAVEN - ABSENTEE/PROVISIONAL,1
2002,non_geographic,CUMBERLAND - ABSENTEE/PROVISIONAL,1
2002,non_geographic,CURRITUCK - ABSENTEE/PROVISIONAL,1
2002,non_geographic,DARE - ABSENTEE/PROVISIONAL,1
2002,non_geographic,DAVIDSON - ABSENTEE/PROVISIONAL,1
2002,non_geographic,DAVIE - ABSENTEE/PROVISIONAL,1
2002,non_geographic,DUPLIN - ABSENTEE/PROVISIONAL,1
2002,non_geographic,DURHAM - ABSENTEE/PROVISIONAL,1
2002,non_geographic,EDGECOMBE - ABSENTEE/PROVISIONAL,1
2002,non_geographic,FORSYTH - ABSENTEE/PROVISIONAL,1
2002,non_geographic,FRANKLIN - ABSENTEE/PROVISIONAL,1
2002,non_geographic,GASTON - ABSENTEE/PROVISIONAL,1
2002,non_geographic,GATES - ABSENTEE/PROVISIONAL,1
2002,non_geographic,GRAHAM - ABSENTEE/PROVISIONAL,1
2002,non_geographic,GRANVILLE - ABSENTEE/PROVISIONAL,1
2002,non_geographic,GREENE - ABSENTEE/PROVISIONAL,1
2002,non_geographic,GUILFORD - ABSENTEE/PROVISIONAL,1
2002,non_geographic,HALIFAX - ABSENTEE/PROVISIONAL,1
2002,non_geographic,HARNETT - ABSENTEE/PROVISIONAL,1
2002,non_geographic,HAYWOOD - ABSENTEE/PROVISIONAL,1
2002,non_geographic,HENDERSON - EV ETOWAH VALLEY,1
2002,non_geographic,HENDERSON - ABSENTEE/PROVISIONAL,1
2002,non_geographic,HERTFORD - ABSENTEE/PROVISIONAL,1
2002,non_geographic,HOKE - ABSENTEE/PROVISIONAL,1
2002,non_geographic,HYDE - ABSENTEE/PROVISIONAL,1
2002,non_geographic,IREDELL - ABSENTEE/PROVISIONAL,1
2002,non_geographic,JACKSON - ABSENTEE/PROVISIONAL,1
2002,non_geographic,JOHNSTON - ABSENTEE/PROVISIONAL,1
2002,non_geographic,JONES - ABSENTEE/PROVISIONAL,1
2002,non_geographic,LEE - ABSENTEE/PROVISIONAL,1
2002,non_geographic,LENOIR - ABSENTEE/PROVISIONAL,1
2002,non_geographic,LINCOLN - ABSENTEE/PROVISIONAL,1
2002,non_geographic,MACON - ABSENTEE/PROVISIONAL,1
2002,non_geographic,MADISON - ABSENTEE/PROVISIONAL,1
2002,non_geographic,MARTIN - ABSENTEE/PROVISIONAL,1
2002,non_geographic,MCDOWELL - ABSENTEE/PROVISIONAL,1
2002,non_geographic,MECKLENBURG - ABSENTEE/PROVISIONAL,1
2002,non_geographic,MITCHELL - ABSENTEE/PROVISIONAL,1
2002,non_geographic,MONTGOMERY - ABSENTEE/PROVISIONAL,1
2002,non_geographic,MOORE - ABSENTEE/PROVISIONAL,1
2002,non_geographic,NASH - ABSENTEE/PROVISIONAL,1
2002,non_geographic,NEW HANOVER - ABSENTEE/PROVISIONAL,1
2002,non_geographic,NORTHAMPTON - ABSENTEE/PROVISIONAL,1
2002,non_geographic,ONSLOW - ABSENTEE/PROVISIONAL,1
2002,non_geographic,ORANGE - ABSENTEE/PROVISIONAL,1
2002,non_geographic,PAMLICO - ABSENTEE/PROVISIONAL,1
2002,non_geographic,PASQUOTANK - ABSENTEE/PROVISIONAL,1
2002,non_geographic,PENDER - ABSENTEE/PROVISIONAL,1
2002,non_geographic,PERQUIMANS - ABSENTEE/PROVISIONAL,1
2002,non_geographic,PERSON - ABSENTEE/PROVISIONAL,1
2002,non_geographic,PITT - ABSENTEE/PROVISIONAL,1
2002,non_geographic,POLK - ABSENTEE/PROVISIONAL,1
2002,non_geographic,RANDOLPH - ABSENTEE/PROVISIONAL,1
2002,non_geographic,RICHMOND - ABSENTEE/PROVISIONAL,1
2002,non_geographic,ROBESON - ABSENTEE/PROVISIONAL,1
2002,non_geographic,ROCKINGHAM - ABSENTEE/PROVISIONAL,1
2002,non_geographic,ROWAN - ABSENTEE/PROVISIONAL,1
2002,non_geographic,RUTHERFORD - ABSENTEE/PROVISIONAL,1
2002,non_geographic,SAMPSON - ABSENTEE/PROVISIONAL,1
2002,non_geographic,SCOTLAND - ABSENTEE/PROVISIONAL,1
2002,non_geographic,STANLY - ABSENTEE/PROVISIONAL,1
2002,non_geographic,STOKES - ABSENTEE/PROVISIONAL,1
2002,non_geographic,SURRY - ABSENTEE/PROVISIONAL,1
2002,non_geographic,SWAIN - ABSENTEE/PROVISIONAL,1
2002,non_geographic,TRANSYLVANIA - ABSENTEE/PROVISIONAL,1
2002,non_geographic,TYRRELL - ABSENTEE/PROVISIONAL,1
2002,non_geographic,UNION - 044 ONE STOP,1
2002,non_geographic,UNION - ABSENTEE/PROVISIONAL,1
2002,non_geographic,VANCE - ABSENTEE/PROVISIONAL,1
2002,non_geographic,WAKE - ABSENTEE/PROVISIONAL,1
2002,non_geographic,WARREN - ABSENTEE/PROVISIONAL,1
2002,non_geographic,WASHINGTON - ABSENTEE/PROVISIONAL,1
2002,non_geographic,WATAUGA - ABSENTEE/PROVISIONAL,1
2002,non_geographic,WAYNE - ABSENTEE/PROVISIONAL,1
2002,non_geographic,WILKES - ABSENTEE/PROVISIONAL,1
2002,non_geographic,WILSON - ABSENTEE/PROVISIONAL,1
2002,non_geographic,YADKIN - ABSENTEE/PROVISIONAL,1
2002,non_geographic,YANCEY - ABSENTEE/PROVISIONAL,1
2002,unmatched,ALAMANCE - 03S SOUTH BOONE,1
2002,unmatched,ALAMANCE - 03WS WEST BOONE-SAT,1
2002,unmatched,ALEXANDER - G1 GWALTNEY #1,1
2002,unmatched,ALEXANDER - G2 GWALTNEY #2,1
2002,unmatched,ALEXANDER - L LITTLE RIVER,1
2002,unmatched,ALEXANDER - S1 SHARPES #1,1
2002,unmatched,ALEXANDER - S2 SHARPES #2,1
2002,unmatched,ALEXANDER - SL SUGAR LOAF,1
2002,unmatched,ALEXANDER - T1 TAYLORSVILLE #1,1
2002,unmatched,ALEXANDER - T2 TAYLORSVILLE #2,1
2002,unmatched,ALEXANDER - T3 TAYLORSVILLE #3,1
2002,unmatched,ALEXANDER - T4 TAYLORSVILLE #4,1
2002,unmatched,ALEXANDER - T5 TAYLORSVILLE #5,1
2002,unmatched,ALLEGHANY - 02 CRANBERRY,1
2002,unmatched,ALLEGHANY - 05 PINEY CREEK,1
2002,unmatched,ALLEGHANY - 07 WHITEHEAD,1
2002,unmatched,ANSON - W1 WADESBORO 1,1
2002,unmatched,ANSON - W2 WADESBORO 2,1
2002,unmatched,ANSON - W3 WADESBORO 3,1
2002,unmatched,BRUNSWICK - 04 BELVILLE,1
2002,unmatched,BRUNSWICK - 10 MOSQUITO,1
2002,unmatched,BURKE - 0028 LOWER CREEK,1
2002,unmatched,BURKE - 0037 MORGANTON 7,1
2002,unmatched,BURKE - 0053 SILVER CREEK 3,1
2002,unmatched,BURKE - 0060 SMOKEY CREEK,1
2002,unmatched,CABARRUS - 0101 0101,1
2002,unmatched,CABARRUS - 0103 0103,1
2002,unmatched,CABARRUS - 0204 0204,1
2002,unmatched,CABARRUS - 0402 0402,1
2002,unmatched,CABARRUS - 0404 0404,1
2002,unmatched,CABARRUS - 0405 0405,1
2002,unmatched,CABARRUS - 0406 0406,1
2002,unmatched,CABARRUS - 0407 0407,1
2002,unmatched,CABARRUS - 0410 0410,1
2002,unmatched,CABARRUS - 1201 1201,1
2002,unmatched,CABARRUS - 1202 1202,1
2002,unmatched,CABARRUS - 1206 1206,1
2002,unmatched,CABARRUS - 1207 1207,1
2002,unmatched,CABARRUS - 1210 1210,1
2002,unmatched,CALDWELL - PR01 GAMEWELL #1,1
2002,unmatched,CALDWELL - PR02 GAMEWELL #2,1
2002,unmatched,CALDWELL - PR05 HUDSON #1,1
2002,unmatched,CALDWELL - PR06 HUDSON #2,1
2002,unmatched,CALDWELL - PR07 GLOBE/JOHNS RIVER,1
2002,unmatched,CALDWELL - PR09 LENOIR #1,1
2002,unmatched,CALDWELL - PR10 LENOIR #2,1
2002,unmatched,CALDWELL - PR11 LENOIR #3,1
2002,unmatched,CALDWELL - PR12 LENOIR #4,1
2002,unmatched,CALDWELL - PR13 LITTLE RIVER,1
2002,unmatched,CALDWELL - PR14 LOVELADY-RHODHISS,1
2002,unmatched,CALDWELL - PR15 LOVELADY-TWO,1
2002,unmatched,CALDWELL - PR16 LOWER CREEK #1,1
2002,unmatched,CALDWELL - PR17 LOWER CREEK #2,1
2002,unmatched,CALDWELL - PR18 LOWER CREEK #3,1
2002,unmatched,CALDWELL - PR19 LOWER CREEK #4,1
2002,unmatched,CALDWELL - PR20 MULBERRY,1
2002,unmatched,CALDWELL - PR21 NORTH CATAWBA,1
2002,unmatched,CALDWELL - PR22 NORTH CATAWBA #2,1
2002,unmatched,CALDWELL - PR24 SAWMILLS #1,1
2002,unmatched,CALDWELL - PR25 SAWMILLS #2,1
2002,unmatched,CALDWELL - PR26 WILSON CREEK,1
2002,unmatched,CALDWELL - PR27 YADKIN VALLEY,1
2002,unmatched,CALDWELL - PR28 LOVELADY-ONE,1
2002,unmatched,CARTERET - ATLN ATLANTIC,1
2002,unmatched,CARTERET - BETT BETTIE,1
2002,unmatched,CARTERET - BOGU BOGUE,1
2002,unmatched,CARTERET - CCCP CAPE CARTERET/CEDAR POINT,1
2002,unmatched,CARTERET - CDIS CEDAR ISLAND,1
2002,unmatched,CARTERET - DAVI DAVIS,1
2002,unmatched,CARTERET - EMIS EMERALD ISLE,1
2002,unmatched,CARTERET - HARL HARLOWE,1
2002,unmatched,CARTERET - IBSP INDIAN BEACH/SALTER PATH,1
2002,unmatched,CARTERET - MARS MARSHALLBERG,1
2002,unmatched,CARTERET - OTST OTWAY/STRAITS,1
2002,unmatched,CARTERET - PKNL PINE KNOLL SHORES,1
2002,unmatched,CARTERET - SLVL SEA LEVEL,1
2002,unmatched,CARTERET - SMYR SMYRNA,1
2002,unmatched,CARTERET - STAC STACY,1
2002,unmatched,CARTERET - WILL WILLISTON,1
2002,unmatched,CARTERET - WIRE WIREGRASS,1
2002,unmatched,CASWELL - HIGH HIGHTOWERS,1
2002,unmatched,CASWELL - PROS PROSPECT HILL,1
2002,unmatched,CASWELL - YAN4 YANCEYVILLE 4,1
2002,unmatched,CHATHAM - 20 THREE RIVERS,1
2002,unmatched,CHATHAM - 24 HARPERS CROSSROADS,1
2002,unmatched,CHATHAM - 33 EAST MANNS CHAPEL,1
2002,unmatched,CHATHAM - 36 WEST MANNS CHAPEL,1
2002,unmatched,CHATHAM - 45 OAKLAND,1
2002,unmatched,CHATHAM - 6 BENNETT,1
2002,unmatched,CHATHAM - 73 CAROLINA MEADOWS,1
2002,unmatched,CHATHAM - 79 MERRITTS CHAPEL,1
2002,unmatched,CHATHAM - 83 CENTRAL SILER CITY,1
2002,unmatched,CHEROKEE - CULB CULBERSON,1
2002,unmatched,CHEROKEE - GRAP GRAPE CREEK,1
2002,unmatched,CHEROKEE - RANG RANGER,1
2002,unmatched,CHEROKEE - UNAK UNAKA,1
2002,unmatched,CLEVELAND - B SPGS BOILING SPRINGS,1
2002,unmatched,CLEVELAND - BETHWR BETHWARE,1
2002,unmatched,CLEVELAND - FALSTN FALLSTON,1
2002,unmatched,CLEVELAND - H SPGS HOLLY SPRINGS,1
2002,unmatched,CLEVELAND - KINGST KINGSTOWN,1
2002,unmatched,CLEVELAND - KM 1 KINGS MOUNTAIN #1,1
2002,unmatched,CLEVELAND - KM 2 KINGS MOUNTAIN #2,1
2002,unmatched,CLEVELAND - KM 3 KINGS MOUNTAIN #3,1
2002,unmatched,CLEVELAND - KM 4 KINGS MOUNTAIN #4,1
2002,unmatched,CLEVELAND - LATT LATTIMORE,1
2002,unmatched,CLEVELAND - LAWNDL LAWNDALE,1
2002,unmatched,CLEVELAND - MRB-YO MOORESBORO-YOUNG,1
2002,unmatched,CLEVELAND - OAKGRV OAK GROVE,1
2002,unmatched,CLEVELAND - POLKVL POLKVILLE,1
2002,unmatched,CLEVELAND - S 1 SHELBY #1,1
2002,unmatched,CLEVELAND - S 2 SHELBY #2,1
2002,unmatched,CLEVELAND - S 3 SHELBY #3,1
2002,unmatched,CLEVELAND - S 4 SHELBY #4,1
2002,unmatched,CLEVELAND - S 5 SHELBY #5,1
2002,unmatched,CLEVELAND - S 6 SHELBY #6,1
2002,unmatched,CLEVELAND - S 7 SHELBY #7,1
2002,unmatched,CLEVELAND - S 8 SHELBY #8,1
2002,unmatched,CLEVELAND - SHANGI SHANGHAI,1
2002,unmatched,COLUMBUS - P01 P01,1
2002,unmatched,COLUMBUS - P02 P02,1
2002,unmatched,COLUMBUS - P03 P03,1
2002,unmatched,COLUMBUS - P04 P04,1
2002,unmatched,COLUMBUS - P05 P05,1
2002,unmatched,COLUMBUS - P08 P08,1
2002,unmatched,COLUMBUS - P09 P09,1
2002,unmatched,COLUMBUS - P10 P10,1
2002,unmatched,COLUMBUS - P12 P12,1
2002,unmatched,COLUMBUS - P13 P13,1
2002,unmatched,COLUMBUS - P16 P16,1
2002,unmatched,COLUMBUS - P18 P18,1
2002,unmatched,COLUMBUS - P20 P20,1
2002,unmatched,COLUMBUS - P21 P21,1
2002,unmatched,COLUMBUS - P22 P22,1
2002,unmatched,COLUMBUS - P25 P25,1
2002,unmatched,COLUMBUS - P26 P26,1
2002,unmatched,CRAVEN - 04 RHEMS,1
2002,unmatched,CRAVEN - 06 CLARKS,1
2002,unmatched,CRAVEN - 08 COVE CITY,1
2002,unmatched,CRAVEN - 09 DOVER,1
2002,unmatched,CRAVEN - 10 FORT BARNWELL,1
2002,unmatched,CRAVEN - 12 TRUITT,1
2002,unmatched,CRAVEN - 13 ERNUL,1
2002,unmatched,CRAVEN - 14 VANCEBORO,1
2002,unmatched,CRAVEN - 15 EPWORTH,1
2002,unmatched,CRAVEN - 22 WEST HAVELOCK,1
2002,unmatched,CRAVEN - N3 GROVER C. FIELDS,1
2002,unmatched,CRAVEN - N5 GLENBURNIE PARK,1
2002,unmatched,CUMBERLAND - AU50 AUMAN,1
2002,unmatched,CUMBERLAND - BD52 BEAVER DAM,1
2002,unmatched,CUMBERLAND - BR54 BLACK RIVER,1
2002,unmatched,CUMBERLAND - BW55 BRENTWOOD,1
2002,unmatched,CUMBERLAND - CC02 CROSS CREEK #02,1
2002,unmatched,CUMBERLAND - CC05 CROSS CREEK #05,1
2002,unmatched,CUMBERLAND - CC09 CROSS CREEK #09,1
2002,unmatched,CUMBERLAND - CC11 CROSS CREEK #11,1
2002,unmatched,CUMBERLAND - CC19 CROSS CREEK #19,1
2002,unmatched,CUMBERLAND - CC20 CROSS CREEK #20,1
2002,unmatched,CUMBERLAND - CC28 CROSS CREEK #28,1
2002,unmatched,CUMBERLAND - CC30 CROSS CREEK #30,1
2002,unmatched,CUMBERLAND - CC56 CEDAR CREEK,1
2002,unmatched,CUMBERLAND - CU01 CUMBERLAND #1,1
2002,unmatched,CUMBERLAND - CU03 CUMBERLAND #3,1
2002,unmatched,CUMBERLAND - EO61 EASTOVER,1
2002,unmatched,CUMBERLAND - HM01 HOPE MILLS #1,1
2002,unmatched,CUMBERLAND - HM02 HOPE MILLS #2,1
2002,unmatched,CUMBERLAND - HM03 HOPE MILLS #3,1
2002,unmatched,CUMBERLAND - JV64 JUDSON-VANDER,1
2002,unmatched,CUMBERLAND - MA67 MANCHESTER,1
2002,unmatched,CUMBERLAND - PM02 PEARCES MILL #2,1
2002,unmatched,CUMBERLAND - PM03 PEARCES MILL #3,1
2002,unmatched,CUMBERLAND - PM04 PEARCES MILL #4,1
2002,unmatched,CUMBERLAND - SP80 STONEY POINT,1
2002,unmatched,CUMBERLAND - ST79 STEDMAN,1
2002,unmatched,CUMBERLAND - WA81 WADE,1
2002,unmatched,CUMBERLAND - WE82 WESTAREA,1
2002,unmatched,CURRITUCK - CI CHURCHS ISLAND,1
2002,unmatched,CURRITUCK - CJ COINJOCK,1
2002,unmatched,CURRITUCK - MY MOYOCK,1
2002,unmatched,DAVIDSON - 80 WALLBURG #80,1
2002,unmatched,DUPLIN - CCRK CYPRESS CREEK,1
2002,unmatched,DURHAM - 39 ST. STEPHENS EPIS. CH-PARRISH HALL,1
2002,unmatched,FORSYTH - 011 GLENN HIGH SCHOOL,1
2002,unmatched,FORSYTH - 072 SOUTHWEST ELEM SCHOOL,1
2002,unmatched,FORSYTH - 082 EAST FORSYTH HIGH SCHOOL,1
2002,unmatched,FORSYTH - 122 GRIFFITH FIRE STATION,1
2002,unmatched,FORSYTH - 201 BROWN DOUGLAS RECREATION,1
2002,unmatched,FORSYTH - 507 SEDGE GARDEN RECREATION,1
2002,unmatched,GRANVILLE - ANTI ANTIOCH,1
2002,unmatched,GRANVILLE - BERE BEREA,1
2002,unmatched,GRANVILLE - BRAS BRASSFIELD,1
2002,unmatched,GRANVILLE - BTNR BUTNER,1
2002,unmatched,GRANVILLE - CORI CORINTH,1
2002,unmatched,GRANVILLE - CRDL CREDLE,1
2002,unmatched,GRANVILLE - CRDM CREEDMOOR,1
2002,unmatched,GRANVILLE - EAOX EAST OXFORD,1
2002,unmatched,GRANVILLE - OKHL OAK HILL,1
2002,unmatched,GRANVILLE - SALM SALEM,1
2002,unmatched,GRANVILLE - SASS SASSAFRAS FORK,1
2002,unmatched,GRANVILLE - SOOX SOUTH OXFORD,1
2002,unmatched,GRANVILLE - TYHO TALLY HO,1
2002,unmatched,GRANVILLE - WOEL WEST OXFORD ELEM.,1
2002,unmatched,GREENE - BEAR BEAR GARDEN,1
2002,unmatched,GUILFORD - CG3 CG3,1
2002,unmatched,GUILFORD - FR5-1 FR5-1,1
2002,unmatched,GUILFORD - FR5-2 FR5-2,1
2002,unmatched,GUILFORD - G40A G40A,1
2002,unmatched,GUILFORD - G41-1 G41-1,1
2002,unmatched,GUILFORD - G41-2 G41-2,1
2002,unmatched,GUILFORD - G42-1 G42-1,1
2002,unmatched,GUILFORD - G42-2 G42-2,1
2002,unmatched,GUILFORD - H29 H29,1
2002,unmatched,GUILFORD - MON2 MON2,1
2002,unmatched,GUILFORD - NCGR NCGR,1
2002,unmatched,HALIFAX - ENF 3 ENFIELD 3,1
2002,unmatched,HALIFAX - HOB HOBGOOD,1
2002,unmatched,HALIFAX - LIT 1 LITTLETON 1,1
2002,unmatched,HALIFAX - LIT 2 LITTLETON 2,1
2002,unmatched,HALIFAX - PAL PALMYRA,1
2002,unmatched,HALIFAX - ROSEN ROSENEATH,1
2002,unmatched,HALIFAX - RR 1 ROANOKE RAPIDS 1,1
2002,unmatched,HALIFAX - RR 2 ROANOKE RAPIDS 2,1
2002,unmatched,HALIFAX - RR 3 ROANOKE RAPIDS 3,1
2002,unmatched,HALIFAX - RR 4 ROANOKE RAPIDS 4,1
2002,unmatched,HALIFAX - RR 5 ROANOKE RAPIDS 5,1
2002,unmatched,HALIFAX - RR 6 ROANOKE RAPIDS 6,1
2002,unmatched,HALIFAX - RR 7 ROANOKE RAPIDS 7,1
2002,unmatched,HALIFAX - RR 8 ROANOKE RAPIDS 8,1
2002,unmatched,HALIFAX - RR 9 ROANOKE RAPIDS 9,1
2002,unmatched,HALIFAX - SN 1 SCOTLAND NECK 1,1
2002,unmatched,HALIFAX - SN 2 SCOTLAND NECK 2,1
2002,unmatched,HALIFAX - WEL 1 WELDON 1,1
2002,unmatched,HALIFAX - WEL 2 WELDON 2,1
2002,unmatched,HARNETT - PR02 AVERASBORO # 1,1
2002,unmatched,HARNETT - PR03 AVERASBORO # 2,1
2002,unmatched,HARNETT - PR04 AVERASBORO # 3,1
2002,unmatched,HARNETT - PR05 AVERASBORO # 4,1
2002,unmatched,HARNETT - PR06 AVERASBORO # 5,1
2002,unmatched,HARNETT - PR09 BUCKHORN,1
2002,unmatched,HARNETT - PR10 DUKE # 1,1
2002,unmatched,HARNETT - PR11 DUKE # 2,1
2002,unmatched,HARNETT - PR12 DUKE # 3,1
2002,unmatched,HARNETT - PR13 GROVE # 1,1
2002,unmatched,HARNETT - PR14 GROVE # 2,1
2002,unmatched,HARNETT - PR15 HECTORS CREEK,1
2002,unmatched,HARNETT - PR17 LILLINGTON,1
2002,unmatched,HARNETT - PR18 NEILS CREEK # 1,1
2002,unmatched,HARNETT - PR19 NEILS CREEK # 2,1
2002,unmatched,HARNETT - PR21 U.L.R. # 1,1
2002,unmatched,HARNETT - PR22 U.L.R. # 2,1
2002,unmatched,HENDERSON - CV CAROLINA VILLAGE,1
2002,unmatched,IREDELL - CH1 CHAMBERSBURG,1
2002,unmatched,IREDELL - DV1 DAVIDSON #1,1
2002,unmatched,IREDELL - SH1 SHILOH,1
2002,unmatched,JACKSON - DIL DILLSBORO,1
2002,unmatched,JACKSON - HAM HAMBURG,1
2002,unmatched,JACKSON - MNT MOUNTAIN,1
2002,unmatched,JACKSON - SC1 SCOTTS CREEK 1,1
2002,unmatched,JACKSON - SC2 SCOTTS CREEK 2,1
2002,unmatched,JACKSON - SC3 SCOTTS CREEK 3,1
2002,unmatched,JACKSON - SNW SYLVA-NORTH WD,1
2002,unmatched,JACKSON - SSW SYLVA-SOUTH WD,1
2002,unmatched,JOHNSTON - PR01 NORTH BANNER,1
2002,unmatched,JOHNSTON - PR02 SOUTH BANNER,1
2002,unmatched,JOHNSTON - PR03 WEST BANNER,1
2002,unmatched,JOHNSTON - PR05 NORTH BEULAH,1
2002,unmatched,JOHNSTON - PR06 SOUTH BEULAH,1
2002,unmatched,JOHNSTON - PR10 NORTH CLAYTON,1
2002,unmatched,JOHNSTON - PR11 WEST CLAYTON,1
2002,unmatched,JOHNSTON - PR12 NORTH CLEVELAND,1
2002,unmatched,JOHNSTON - PR15 EAST INGRAMS,1
2002,unmatched,JOHNSTON - PR16 WEST INGRAMS,1
2002,unmatched,JOHNSTON - PR17 NORTH MEADOW,1
2002,unmatched,JOHNSTON - PR18 SOUTH MEADOW,1
2002,unmatched,JOHNSTON - PR23 NORTH PLEASANT GROVE,1
2002,unmatched,JOHNSTON - PR27 NORTH SMITHFIELD,1
2002,unmatched,JOHNSTON - PR29 SOUTH WILDERS,1
2002,unmatched,JOHNSTON - PR31 SOUTH CLEVELAND,1
2002,unmatched,LEE - 01 WEST SANFORD #1,1
2002,unmatched,LEE - 02 WEST SANFORD #2,1
2002,unmatched,LEE - 03 WEST SANFORD #3,1
2002,unmatched,LEE - 04 EAST SANFORD,1
2002,unmatched,LEE - 05 WEST JONESBORO,1
2002,unmatched,LEE - 06 CAPE FEAR,1
2002,unmatched,LEE - 07 GREENWOOD,1
2002,unmatched,LEE - 08 EAST JONESBORO,1
2002,unmatched,LEE - 09 EAST POCKET,1
2002,unmatched,LEE - 10 WEST POCKET,1
2002,unmatched,LEE - 11 DEEP RIVER,1
2002,unmatched,LEE - 12 CUMNOCK,1
2002,unmatched,LEE - 13 WEST SANFORD #4,1
2002,unmatched,LINCOLN - CR06 CROUSE,1
2002,unmatched,LINCOLN - HG17 HICKORY GROVE,1
2002,unmatched,LINCOLN - HV07 HEAVNERS,1
2002,unmatched,LINCOLN - LM16 LOVE MEMORIAL,1
2002,unmatched,LINCOLN - LS15 LONG SHOALS,1
2002,unmatched,LINCOLN - NB01 NORTH BROOK I,1
2002,unmatched,LINCOLN - NB02 NORTH BROOK II,1
2002,unmatched,LINCOLN - NB03 NORTH BROOK III,1
2002,unmatched,LINCOLN - OG10 OAK GROVE,1
2002,unmatched,LINCOLN - TE27 TRIANGLE EAST,1
2002,unmatched,LINCOLN - TR30 TRIANGLE,1
2002,unmatched,MADISON - REVERE REVERE-RICE COVE,1
2002,unmatched,MARTIN - GN GOOSENEST,1
2002,unmatched,MARTIN - GR GRIFFINS,1
2002,unmatched,MARTIN - HM HAMILTON,1
2002,unmatched,MARTIN - HS HASSELL,1
2002,unmatched,MARTIN - J JAMESVILLE,1
2002,unmatched,MARTIN - PP POPLAR POINT,1
2002,unmatched,MARTIN - R1 ROBERSONVILLE 1,1
2002,unmatched,MARTIN - R2 ROBERSONVILLE 2,1
2002,unmatched,MARTIN - W WILLIAMS,1
2002,unmatched,MOORE - EUR EUREKA,1
2002,unmatched,MOORE - KWD KNOLLWOOD,1
2002,unmatched,MOORE - PHA PINEHURST A,1
2002,unmatched,MOORE - PHB PINEHURST B,1
2002,unmatched,NASH - 0002 SOUTH WHITAKERS,1
2002,unmatched,NASH - 0005 DRYWELLS,1
2002,unmatched,NASH - 0006 FERRELLS,1
2002,unmatched,NASH - 0008 JACKSONS,1
2002,unmatched,NASH - 0011 MANNINGS NO 1,1
2002,unmatched,NASH - 0012 MANNINGS NO 2,1
2002,unmatched,NASH - 0021 NORTH WHITAKERS NO 1,1
2002,unmatched,NASH - 0022 NORTH WHITAKERS NO 2,1
2002,unmatched,NASH - 0031 ROCKY MOUNT NO 1,1
2002,unmatched,NASH - 0032 ROCKY MOUNT NO 2,1
2002,unmatched,NASH - 0033 ROCKY MOUNT NO 3,1
2002,unmatched,NASH - 0034 ROCKY MOUNT NO 4,1
2002,unmatched,NASH - 0035 ROCKY MOUNT NO 5,1
2002,unmatched,NASH - 0036 ROCKY MOUNT NO 6,1
2002,unmatched,NASH - 0037 ROCKY MOUNT NO 7,1
2002,unmatched,NASH - 0038 ROCKY MOUNT NO 8,1
2002,unmatched,NASH - 0039 ROCKY MOUNT NO 9,1
2002,unmatched,NASH - 0040 ROCKY MOUNT NO 10,1
2002,unmatched,NASH - 0041 STONY CREEK,1
2002,unmatched,NEW HANOVER - CF03 CF03,1
2002,unmatched,NEW HANOVER - FP01 FP01,1
2002,unmatched,NEW HANOVER - FP02 FP02,1
2002,unmatched,NEW HANOVER - FP05 FP05,1
2002,unmatched,NEW HANOVER - H03 H03,1
2002,unmatched,NEW HANOVER - H07 H07,1
2002,unmatched,NEW HANOVER - H09 H09,1
2002,unmatched,NEW HANOVER - M05 M05,1
2002,unmatched,NEW HANOVER - W01 W01,1
2002,unmatched,NEW HANOVER - W02 W02,1
2002,unmatched,NEW HANOVER - W04 W04,1
2002,unmatched,NEW HANOVER - W05 W05,1
2002,unmatched,NEW HANOVER - W06 W06,1
2002,unmatched,NEW HANOVER - W07 W07,1
2002,unmatched,NEW HANOVER - W09 W09,1
2002,unmatched,NEW HANOVER - W10 W10,1
2002,unmatched,NEW HANOVER - W11 W11,1
2002,unmatched,NEW HANOVER - W13 W13,1
2002,unmatched,NEW HANOVER - W14 W14,1
2002,unmatched,NEW HANOVER - W18 W18,1
2002,unmatched,NEW HANOVER - W19 W19,1
2002,unmatched,NEW HANOVER - W20 W20,1
2002,unmatched,NEW HANOVER - W22 W22,1
2002,unmatched,NEW HANOVER - W23 W23,1
2002,unmatched,NEW HANOVER - W24 W24,1
2002,unmatched,NORTHAMPTON - CONWAY CONWAY,1
2002,unmatched,NORTHAMPTON - GARYSB GARYSBURG,1
2002,unmatched,NORTHAMPTON - JACKSO JACKSON,1
2002,unmatched,NORTHAMPTON - MILWAU MILWAUKEE,1
2002,unmatched,NORTHAMPTON - PENDLE PENDLETON,1
2002,unmatched,NORTHAMPTON - PLEASA PLEASANT HILL,1
2002,unmatched,NORTHAMPTON - POTECA POTECASI,1
2002,unmatched,NORTHAMPTON - REHOBE REHOBETH,1
2002,unmatched,NORTHAMPTON - WOODLA WOODLAND,1
2002,unmatched,ONSLOW - NE22 NORTHEAST,1
2002,unmatched,ORANGE - BC BOOKER CREEK,1
2002,unmatched,ORANGE - BP BATTLE PARK,1
2002,unmatched,ORANGE - CB CARRBORO,1
2002,unmatched,ORANGE - CC COUNTRY CLUB,1
2002,unmatched,ORANGE - CF CEDAR FALLS,1
2002,unmatched,ORANGE - CP CAMERON PARK,1
2002,unmatched,ORANGE - CS COLES STORE,1
2002,unmatched,ORANGE - EA EAST FRANKLIN,1
2002,unmatched,ORANGE - GR GREENWOOD,1
2002,unmatched,ORANGE - LC LIONS CLUB,1
2002,unmatched,ORANGE - LI LINCOLN,1
2002,unmatched,ORANGE - MF MASON FARM,1
2002,unmatched,ORANGE - OW OWASA,1
2002,unmatched,ORANGE - TH TOWN HALL,1
2002,unmatched,ORANGE - WW WESTWOOD,1
2002,unmatched,PAMLICO - 1AL ALLIANCE,1
2002,unmatched,PAMLICO - 2SW STONEWALL,1
2002,unmatched,PAMLICO - 3BY BAYBORO,1
2002,unmatched,PAMLICO - 4HB HOBUCKEN,1
2002,unmatched,PAMLICO - 4VM VANDEMERE,1
2002,unmatched,PASQUOTANK - 1-A 1-A ELIZABETH CITY,1
2002,unmatched,PASQUOTANK - 1-B 1-B ELIZABETH CITY,1
2002,unmatched,PASQUOTANK - 2-A 2-A ELIZABETH CITY,1
2002,unmatched,PASQUOTANK - 2-B 2-B ELIZABETH CITY,1
2002,unmatched,PASQUOTANK - 3-A 3-A ELIZABETH CITY,1
2002,unmatched,PASQUOTANK - 3-B 3-B ELIZABETH CITY,1
2002,unmatched,PASQUOTANK - 4-A 4-A ELIZABETH CITY,1
2002,unmatched,PASQUOTANK - 4-B 4-B ELIZABETH CITY,1
2002,unmatched,PENDER - MH07 MIDDLE HOLLY,1
2002,unmatched,PENDER - PL10 PENDERLEA,1
2002,unmatched,PERSON - BFRK BUSHY FORK,1
2002,unmatched,PERSON - FLRI FLAT RIVER,1
2002,unmatched,PERSON - HUML HURDLE MILLS,1
2002,unmatched,PERSON - ROX1 ROXBORO 1,1
2002,unmatched,PERSON - ROX2 ROXBORO 2,1
2002,unmatched,PERSON - ROX3 ROXBORO 3,1
2002,unmatched,PERSON - RX1A ROXBORO 1A,1
2002,unmatched,PITT - 1402 WINTERVILLE EAST,1
2002,unmatched,PITT - 1507C GREENVILLE #7C,1
2002,unmatched,PITT - EDT ELECTIONS ANNEX,1
2002,unmatched,POLK - TR01 TRYON-1,1
2002,unmatched,POLK - TR02 TRYON-2,1
2002,unmatched,POLK - TR03 TRYON-3,1
2002,unmatched,RANDOLPH - 01 ARCHDALE 1,1
2002,unmatched,RANDOLPH - 02 ARCHDALE 2,1
2002,unmatched,RANDOLPH - 03 ARCHDALE 3,1
2002,unmatched,RANDOLPH - 04 ASHEBORO ARMORY,1
2002,unmatched,RANDOLPH - 05 ASHEBORO EASTSIDE,1
2002,unmatched,RANDOLPH - 06 ASHEBORO LINDLEY PARK,1
2002,unmatched,RANDOLPH - 07 ASHEBORO LOFLIN,1
2002,unmatched,RANDOLPH - 08 ASHEBORO MCCRARY,1
2002,unmatched,RANDOLPH - 09 ASHEBORO NORTH 1,1
2002,unmatched,RANDOLPH - 10 ASHEBORO NORTH 2,1
2002,unmatched,RANDOLPH - 11 ASHEBORO SOUTHPOINTE,1
2002,unmatched,RANDOLPH - 12 ASHEBORO WESTSIDE,1
2002,unmatched,RANDOLPH - 14 BROWER,1
2002,unmatched,RANDOLPH - 15 CEDAR GROVE EAST,1
2002,unmatched,RANDOLPH - 16 CEDAR GROVE WEST,1
2002,unmatched,RANDOLPH - 17 COLERIDGE,1
2002,unmatched,RANDOLPH - 18 CONCORD,1
2002,unmatched,RANDOLPH - 19 FALLS,1
2002,unmatched,RANDOLPH - 20 FRANKLINVILLE,1
2002,unmatched,RANDOLPH - 24 NEW HOPE,1
2002,unmatched,RANDOLPH - 25 NEW MARKET NORTH,1
2002,unmatched,RANDOLPH - 26 NEW MARKET SOUTH,1
2002,unmatched,RANDOLPH - 27 PLEASANT GROVE,1
2002,unmatched,RANDOLPH - 28 PROSPECT,1
2002,unmatched,RANDOLPH - 29 PROVIDENCE 1,1
2002,unmatched,RANDOLPH - 30 PROVIDENCE 2,1
2002,unmatched,RANDOLPH - 32 RANDLEMAN EAST,1
2002,unmatched,RANDOLPH - 33 RANDLEMAN WEST,1
2002,unmatched,RANDOLPH - 34 RICHLAND,1
2002,unmatched,RANDOLPH - 37 TRINITY EAST,1
2002,unmatched,RANDOLPH - 39 TRINITY WEST,1
2002,unmatched,RANDOLPH - 40 UNION,1
2002,unmatched,ROBESON - 05 FAIRMONT #1,1
2002,unmatched,ROBESON - 06 FAIRMONT #2,1
2002,unmatched,ROBESON - 18 LUMBERTON #8,1
2002,unmatched,ROBESON - 26 RED SPRINGS #1,1
2002,unmatched,ROBESON - 27 RED SPRINGS #2,1
2002,unmatched,ROBESON - 31 NORTH ST PAULS,1
2002,unmatched,ROBESON - 32 SOUTH ST PAULS,1
2002,unmatched,ROCKINGHAM - BE BETHLEHEM,1
2002,unmatched,ROCKINGHAM - CA CENTRAL AREA,1
2002,unmatched,ROCKINGHAM - DV DAN VALLEY,1
2002,unmatched,ROCKINGHAM - LK-1 LEAKSVILLE #1,1
2002,unmatched,ROCKINGHAM - LK-3 LEAKSVILLE #3,1
2002,unmatched,ROCKINGHAM - MD-1 MADISON #1,1
2002,unmatched,ROCKINGHAM - MD-2 MADISON #2,1
2002,unmatched,ROCKINGHAM - MF MAYFIELD,1
2002,unmatched,ROCKINGHAM - MN MAYODAN,1
2002,unmatched,ROCKINGHAM - MR MARTINS,1
2002,unmatched,ROCKINGHAM - OH OREGON HILL,1
2002,unmatched,ROCKINGHAM - PR PRICE,1
2002,unmatched,ROCKINGHAM - RD-1 REIDSVILLE #1,1
2002,unmatched,ROCKINGHAM - RD-2 REIDSVILLE #2,1
2002,unmatched,ROCKINGHAM - RD-3 REIDSVILLE #3,1
2002,unmatched,ROCKINGHAM - RD-4 REIDSVILLE #4,1
2002,unmatched,ROCKINGHAM - RD-5 REIDSVILLE #5,1
2002,unmatched,ROCKINGHAM - RD-6 REIDSVILLE #6,1
2002,unmatched,ROCKINGHAM - RU RUFFIN,1
2002,unmatched,ROCKINGHAM - SH SHILOH,1
2002,unmatched,ROCKINGHAM - SI SIMPSONVILLE,1
2002,unmatched,ROCKINGHAM - SP-1 SPRAY #1,1
2002,unmatched,ROCKINGHAM - ST STONEVILLE,1
2002,unmatched,ROCKINGHAM - WE WENTWORTH,1
2002,unmatched,ROCKINGHAM - WM WILLIAMSBURG,1
2002,unmatched,ROWAN - 05 NORTH CHINA GROVE,1
2002,unmatched,ROWAN - 06 SOUTH CHINA GROVE,1
2002,unmatched,ROWAN - 19 WEST LANDIS,1
2002,unmatched,ROWAN - 20 EAST LANDIS,1
2002,unmatched,ROWAN - 46 SOUTH GRANITE QUARRY,1
2002,unmatched,RUTHERFORD - 03 BOSTIC,1
2002,unmatched,RUTHERFORD - 04 CAMP CREEK,1
2002,unmatched,RUTHERFORD - 05 CAROLEEN,1
2002,unmatched,RUTHERFORD - 06 CHIMNEY ROCK #1,1
2002,unmatched,RUTHERFORD - 07 CHIMNEY ROCK #2,1
2002,unmatched,RUTHERFORD - 08 CLIFFSIDE,1
2002,unmatched,RUTHERFORD - 09 DANIELTOWN,1
2002,unmatched,RUTHERFORD - 10 DUNCAN CREEK,1
2002,unmatched,RUTHERFORD - 16 GILKEY,1
2002,unmatched,RUTHERFORD - 17 GOLDEN VALLEY,1
2002,unmatched,RUTHERFORD - 22 MORGAN,1
2002,unmatched,RUTHERFORD - 23 MT VERNON,1
2002,unmatched,RUTHERFORD - 32 SULPHER SPRINGS,1
2002,unmatched,RUTHERFORD - 33 SUNSHINE,1
2002,unmatched,SCOTLAND - 08 08,1
2002,unmatched,SCOTLAND - 09 09,1
2002,unmatched,STANLY - 0001 ALBEMARLE NUMBER 1,1
2002,unmatched,STANLY - 0002 ALBEMARLE NUMBER 2,1
2004,ambiguous,BUNCOMBE - 08.1 ASHEVILLE 8,1
2004,ambiguous,BUNCOMBE - 14.1 ASHEVILLE 14,1
2004,ambiguous,BUNCOMBE - 23.1 ASHEVILLE 23,1
2004,ambiguous,BUNCOMBE - 30.1 AVERYS CREEK,1
2004,ambiguous,BUNCOMBE - 33.1 BLACK MOUNTAIN 2,1
2004,ambiguous,BUNCOMBE - 38.1 FAIRVIEW 1,1
2004,ambiguous,BUNCOMBE - 39.1 FAIRVIEW 2,1
2004,ambiguous,BUNCOMBE - 60.1 REYNOLDS,1
2004,ambiguous,BURKE - 0047 QUAKER MEADOW 01,1
2004,ambiguous,CUMBERLAND - AL51 ALDERMAN,1
2004,ambiguous,CUMBERLAND - CL57 CLIFFDALE WEST,1
2004,ambiguous,DURHAM - 30 30A OAK GROVE SCHOOL,1
2004,ambiguous,DURHAM - 33 NELSON COMMUNITY CENTER,1
2004,ambiguous,DURHAM - 34 PEARSONTOWN SCHOOL,1
2004,ambiguous,DURHAM - 35 CROWN OF RIGHTEOUSNESS COMMUNITY CHURCH,1
2004,ambiguous,DURHAM - 53 TRIANGLE PRESBYTERIAN CHURCH,1
2004,ambiguous,GATES - 4 PRECINCT #4,1
2004,ambiguous,GUILFORD - H27 H27,1
2004,ambiguous,ROWAN - 34 WEST WARD #2,1
2004,ambiguous,ROWAN - 35 WEST WARD #1,1
2004,ambiguous,ROWAN - 38 EAST WARD #1,1
2004,ambiguous,ROWAN - 40 NORTH WARD #2,1
2004,ambiguous,ROWAN - 42 WEST WARD #3,1
2004,ambiguous,UNION - 014 STALLINGS VFD,1
2004,ambiguous,WAKE - 01-07A 01-07A,1
2004,ambiguous,WAKE - 03-00 03-00,1
2004,ambiguous,WAKE - 05-02 05-02,1
2004,ambiguous,WAKE - 05-02A 05-02A,1
2004,ambiguous,WAKE - 06-01 06-01,1
2004,ambiguous,WAKE - 06-02 06-02,1
2004,ambiguous,WAKE - 06-03 06-03,1
2004,ambiguous,WAKE - 07-07A 07-07A,1
2004,ambiguous,WAKE - 08-01 08-01,1
2004,ambiguous,WAKE - 10-04 10-04,1
2004,ambiguous,WAKE - 12-03 12-03,1
2004,ambiguous,WAKE - 12-05 12-05,1
2004,ambiguous,WAKE - 13-03 13-03,1
2004,ambiguous,WAKE - 13-04 13-04,1
2004,ambiguous,WAKE - 16-08 16-08,1
2004,ambiguous,WAKE - 17-04 17-04,1
2004,ambiguous,WAKE - 17-08 17-08,1
2004,ambiguous,WAKE - 19-01 19-01,1
2004,ambiguous,WAKE - 19-02 19-02,1
2004,ambiguous,WAKE - 19-04 19-04,1
2004,ambiguous,WAKE - 19-06 19-06,1
2004,ambiguous,WAKE - 19-08 19-08,1
2004,ambiguous,WAKE - 20-02 20-02,1
2004,ambiguous,WAKE - 20-06 20-06,1
2004,ambiguous,WAKE - 20-07 20-07,1
2004,non_geographic,ALAMANCE - A ABSENTEE,1
2004,non_geographic,ALEXANDER - A ABSENTEE,1
2004,non_geographic,ALLEGHANY - A ABSENTEE,1
2004,non_geographic,ALLEGHANY - C CURBSIDE,1
2004,non_geographic,ANSON - A ABSENTEE,1
2004,non_geographic,ASHE - A ABSENTEE,1
2004,non_geographic,AVERY - A ABSENTEE,1
2004,non_geographic,BEAUFORT - A ABSENTEE,1
2004,non_geographic,BERTIE - A ABSENTEE,1
2004,non_geographic,BERTIE - C CURBSIDE,1
2004,non_geographic,BLADEN - A ABSENTEE,1
2004,non_geographic,BLADEN - C CURBSIDE,1
2004,non_geographic,BRUNSWICK - A ABSENTEE,1
2004,non_geographic,BUNCOMBE - A ABSENTEE,1
2004,non_geographic,BUNCOMBE - T TRANSFER,1
2004,non_geographic,BURKE - A ABSENTEE,1
2004,non_geographic,BURKE - T TRANSFER,1
2004,non_geographic,CABARRUS - A ABSENTEE,1
2004,non_geographic,CABARRUS - T TRANSFER,1
2004,non_geographic,CALDWELL - A ABSENTEE,1
2004,non_geographic,CAMDEN - A ABSENTEE,1
2004,non_geographic,CARTERET - A ABSENTEE,1
2004,non_geographic,CARTERET - C CURBSIDE,1
2004,non_geographic,CASWELL - A ABSENTEE,1
2004,non_geographic,CHATHAM - A ABSENTEE,1
2004,non_geographic,CHEROKEE - A ABSENTEE,1
2004,non_geographic,CHOWAN - A ABSENTEE,1
2004,non_geographic,CLAY - A ABSENTEE,1
2004,non_geographic,CLEVELAND - A ABSENTEE,1
2004,non_geographic,CLEVELAND - T TRANSFER,1
2004,non_geographic,COLUMBUS - A ABSENTEE,1
2004,non_geographic,CRAVEN - A ABSENTEE,1
2004,non_geographic,CRAVEN - T TRANSFER,1
2004,non_geographic,CUMBERLAND - A ABSENTEE,1
2004,non_geographic,CUMBERLAND - T TRANSFER,1
2004,non_geographic,CURRITUCK - A ABSENTEE,1
2004,non_geographic,DARE - A ABSENTEE,1
2004,non_geographic,DAVIDSON - A ABSENTEE,1
2004,non_geographic,DAVIDSON - C CURBSIDE,1
2004,non_geographic,DAVIDSON - T TRANSFER,1
2004,non_geographic,DAVIE - A ABSENTEE,1
2004,non_geographic,DAVIE - T TRANSFER,1
2004,non_geographic,DUPLIN - A ABSENTEE,1
2004,non_geographic,DURHAM - A ABSENTEE,1
2004,non_geographic,EDGECOMBE - A ABSENTEE,1
2004,non_geographic,FORSYTH - A ABSENTEE,1
2004,non_geographic,FRANKLIN - A ABSENTEE,1
2004,non_geographic,FRANKLIN - T TRANSFER,1
2004,non_geographic,GASTON - A ABSENTEE,1
2004,non_geographic,GASTON - C CURBSIDE,1
2004,non_geographic,GASTON - T TRANSFER,1
2004,non_geographic,GATES - A ABSENTEE,1
2004,non_geographic,GRAHAM - A ABSENTEE,1
2004,non_geographic,GRANVILLE - A ABSENTEE,1
2004,non_geographic,GRANVILLE - T TRANSFER,1
2004,non_geographic,GREENE - A ABSENTEE,1
2004,non_geographic,GREENE - T TRANSFER,1
2004,non_geographic,GUILFORD - A ABSENTEE,1
2004,non_geographic,HALIFAX - A ABSENTEE,1
2004,non_geographic,HARNETT - A ABSENTEE,1
2004,non_geographic,HAYWOOD - A ABSENTEE,1
2004,non_geographic,HAYWOOD - T TRANSFER,1
2004,non_geographic,HENDERSON - A ABSENTEE,1
2004,non_geographic,HENDERSON - C CURBSIDE,1
2004,non_geographic,HENDERSON - EV ETOWAH VALLEY,1
2004,non_geographic,HENDERSON - T TRANSFER,1
2004,non_geographic,HERTFORD - A ABSENTEE,1
2004,non_geographic,HERTFORD - C CURBSIDE,1
2004,non_geographic,HOKE - A ABSENTEE,1
2004,non_geographic,HYDE - A ABSENTEE,1
2004,non_geographic,IREDELL - A ABSENTEE,1
2004,non_geographic,JACKSON - A ABSENTEE,1
2004,non_geographic,JACKSON - T TRANSFER,1
2004,non_geographic,JOHNSTON - A ABSENTEE,1
2004,non_geographic,JOHNSTON - OS\LOB ONE STOP,1
2004,non_geographic,JONES - A ABSENTEE,1
2004,non_geographic,LENOIR - A ABSENTEE,1
2004,non_geographic,LENOIR - C CURBSIDE,1
2004,non_geographic,LINCOLN - A ABSENTEE,1
2004,non_geographic,LINCOLN - T TRANSFER,1
2004,non_geographic,MACON - 16 PRECINCT TRANSFERS,1
2004,non_geographic,MACON - A ABSENTEE,1
2004,non_geographic,MACON - C CURBSIDE,1
2004,non_geographic,MADISON - A ABSENTEE,1
2004,non_geographic,MADISON - C CURBSIDE,1
2004,non_geographic,MARTIN - A ABSENTEE,1
2004,non_geographic,MCDOWELL - A ABSENTEE,1
2004,non_geographic,MECKLENBURG - A ABSENTEE,1
2004,non_geographic,MECKLENBURG - C CURBSIDE,1
2004,non_geographic,MITCHELL - A ABSENTEE,1
2004,non_geographic,MONTGOMERY - A ABSENTEE,1
2004,non_geographic,MOORE - A ABSENTEE,1
2004,non_geographic,MOORE - C CURBSIDE,1
2004,non_geographic,NASH - A ABSENTEE,1
2004,non_geographic,NEW HANOVER - A ABSENTEE,1
2004,non_geographic,NEW HANOVER - T TRANSFER,1
2004,non_geographic,NORTHAMPTON - A ABSENTEE,1
2004,non_geographic,ONSLOW - A ABSENTEE,1
2004,non_geographic,ORANGE - A ABSENTEE,1
2004,non_geographic,PAMLICO - A ABSENTEE,1
2004,non_geographic,PASQUOTANK - A ABSENTEE,1
2004,non_geographic,PENDER - A ABSENTEE,1
2004,non_geographic,PERQUIMANS - A ABSENTEE,1
2004,non_geographic,PERSON - A ABSENTEE,1
2004,non_geographic,PERSON - T TRANSFER,1
2004,non_geographic,PITT - A ABSENTEE,1
2004,non_geographic,PITT - T TRANSFER,1
2004,non_geographic,POLK - A ABSENTEE,1
2004,non_geographic,RANDOLPH - A ABSENTEE,1
2004,non_geographic,RANDOLPH - T TRANSFER,1
2004,non_geographic,RICHMOND - A ABSENTEE,1
2004,non_geographic,ROBESON - A ABSENTEE,1
2004,non_geographic,ROCKINGHAM - A ABSENTEE,1
2004,non_geographic,ROWAN - A ABSENTEE,1
2004,non_geographic,RUTHERFORD - A ABSENTEE,1
2004,non_geographic,SAMPSON - A ABSENTEE,1
2004,non_geographic,SAMPSON - C CURBSIDE,1
2004,non_geographic,SAMPSON - T TRANSFER,1
2004,non_geographic,SCOTLAND - A ABSENTEE,1
2004,non_geographic,STANLY - A ABSENTEE,1
2004,non_geographic,STANLY - T TRANSFER,1
2004,non_geographic,STOKES - A ABSENTEE,1
2004,non_geographic,SURRY - A ABSENTEE,1
2004,non_geographic,SURRY - C CURBSIDE,1
2004,non_geographic,SWAIN - A ABSENTEE,1
2004,non_geographic,TRANSYLVANIA - A ABSENTEE,1
2004,non_geographic,TRANSYLVANIA - T TRANSFER,1
2004,non_geographic,TYRRELL - A ABSENTEE,1
2004,non_geographic,UNION - A ABSENTEE,1
2004,non_geographic,UNION - T TRANSFER,1
2004,non_geographic,VANCE - A ABSENTEE,1
2004,non_geographic,VANCE - T TRANSFER,1
2004,non_geographic,WAKE - A ABSENTEE,1
2004,non_geographic,WAKE - T TRANSFER,1
2004,non_geographic,WARREN - A ABSENTEE,1
2004,non_geographic,WASHINGTON - A ABSENTEE,1
2004,non_geographic,WASHINGTON - T TRANSFER,1
2004,non_geographic,WATAUGA - A ABSENTEE,1
2004,non_geographic,WATAUGA - T TRANSFER,1
2004,non_geographic,WAYNE - A ABSENTEE,1
2004,non_geographic,WAYNE - T TRANSFER,1
2004,non_geographic,WILKES - A ABSENTEE,1
2004,non_geographic,WILKES - T TRANSFER,1
2004,non_geographic,WILSON - A ABSENTEE,1
2004,non_geographic,WILSON - C CURBSIDE,1
2004,non_geographic,YADKIN - A ABSENTEE,1
2004,non_geographic,YANCEY - A ABSENTEE,1
2004,unmatched,ALAMANCE - 03S SOUTH BOONE,1
2004,unmatched,ALAMANCE - 03WS WEST BOONE-SAT,1
2004,unmatched,ALAMANCE - P PROV,1
2004,unmatched,ALEXANDER - G1 GWALTNEY #1,1
2004,unmatched,ALEXANDER - G2 GWALTNEY #2,1
2004,unmatched,ALEXANDER - L LITTLE RIVER,1
2004,unmatched,ALEXANDER - P PROV,1
2004,unmatched,ALEXANDER - S1 SHARPES #1,1
2004,unmatched,ALEXANDER - S2 SHARPES #2,1
2004,unmatched,ALEXANDER - SL SUGAR LOAF,1
2004,unmatched,ALEXANDER - T1 TAYLORSVILLE #1,1
2004,unmatched,ALEXANDER - T2 TAYLORSVILLE #2,1
2004,unmatched,ALEXANDER - T3 TAYLORSVILLE #3,1
2004,unmatched,ALEXANDER - T4 TAYLORSVILLE #4,1
2004,unmatched,ALEXANDER - T5 TAYLORSVILLE #5,1
2004,unmatched,ALLEGHANY - 02 CRANBERRY,1
2004,unmatched,ALLEGHANY - 05 PINEY CREEK,1
2004,unmatched,ALLEGHANY - 07 WHITEHEAD,1
2004,unmatched,ALLEGHANY - P PROV,1
2004,unmatched,ANSON - P PROV,1
2004,unmatched,ANSON - W1 WADESBORO 1,1
2004,unmatched,ANSON - W2 WADESBORO 2,1
2004,unmatched,ANSON - W3 WADESBORO 3,1
2004,unmatched,ASHE - P PROV,1
2004,unmatched,AVERY - P PROV,1
2004,unmatched,BEAUFORT - P PROV,1
2004,unmatched,BERTIE - P PROV,1
2004,unmatched,BLADEN - P PROV,1
2004,unmatched,BRUNSWICK - 04 BELVILLE,1
2004,unmatched,BRUNSWICK - 10 MOSQUITO,1
2004,unmatched,BRUNSWICK - P PROV,1
2004,unmatched,BUNCOMBE - P PROV,1
2004,unmatched,BURKE - 0028 LOWER CREEK,1
2004,unmatched,BURKE - 0037 MORGANTON 07,1
2004,unmatched,BURKE - 0053 SILVER CREEK 03,1
2004,unmatched,BURKE - 0060 SMOKEY CREEK,1
2004,unmatched,BURKE - P PROV,1
2004,unmatched,CABARRUS - 0101 0101,1
2004,unmatched,CABARRUS - 0103 0103,1
2004,unmatched,CABARRUS - 0204 0204,1
2004,unmatched,CABARRUS - 0402 0402,1
2004,unmatched,CABARRUS - 0404 0404,1
2004,unmatched,CABARRUS - 0405 0405,1
2004,unmatched,CABARRUS - 0406 0406,1
2004,unmatched,CABARRUS - 0407 0407,1
2004,unmatched,CABARRUS - 0410 0410,1
2004,unmatched,CABARRUS - 1201 1201,1
2004,unmatched,CABARRUS - 1202 1202,1
2004,unmatched,CABARRUS - 1206 1206,1
2004,unmatched,CABARRUS - 1207 1207,1
2004,unmatched,CABARRUS - 1210 1210,1
2004,unmatched,CABARRUS - P PROV,1
2004,unmatched,CALDWELL - P PROV,1
2004,unmatched,CALDWELL - PR01 GAMEWELL #1,1
2004,unmatched,CALDWELL - PR02 GAMEWELL #2,1
2004,unmatched,CALDWELL - PR05 HUDSON #1,1
2004,unmatched,CALDWELL - PR06 HUDSON #2,1
2004,unmatched,CALDWELL - PR07 GLOBE/JOHNS RIVER/MULBERRY/WILSON CREEK,1
2004,unmatched,CALDWELL - PR09 LENOIR #1,1
2004,unmatched,CALDWELL - PR10 LENOIR #2,1
2004,unmatched,CALDWELL - PR11 LENOIR #3,1
2004,unmatched,CALDWELL - PR12 LENOIR #4,1
2004,unmatched,CALDWELL - PR13 LITTLE RIVER,1
2004,unmatched,CALDWELL - PR14 LOVELADY-RHODHISS,1
2004,unmatched,CALDWELL - PR15 LOVELADY-TWO,1
2004,unmatched,CALDWELL - PR16 LOWER CREEK #1,1
2004,unmatched,CALDWELL - PR17 LOWER CREEK #2,1
2004,unmatched,CALDWELL - PR18 LOWER CREEK #3,1
2004,unmatched,CALDWELL - PR19 LOWER CREEK #4,1
2004,unmatched,CALDWELL - PR21 NORTH CATAWBA,1
2004,unmatched,CALDWELL - PR22 NORTH CATAWBA #2,1
2004,unmatched,CALDWELL - PR24 SAWMILLS #1,1
2004,unmatched,CALDWELL - PR25 SAWMILLS #2,1
2004,unmatched,CALDWELL - PR27 YADKIN VALLEY,1
2004,unmatched,CALDWELL - PR28 LOVELADY-ONE,1
2004,unmatched,CAMDEN - P PROV,1
2004,unmatched,CARTERET - ATLN ATLANTIC,1
2004,unmatched,CARTERET - BETT BETTIE,1
2004,unmatched,CARTERET - BOGU BOGUE,1
2004,unmatched,CARTERET - CCCP CAPE CARTERET/CEDAR POINT,1
2004,unmatched,CARTERET - CDIS CEDAR ISLAND,1
2004,unmatched,CARTERET - DAVI DAVIS,1
2004,unmatched,CARTERET - EMIS EMERALD ISLE,1
2004,unmatched,CARTERET - HARL HARLOWE,1
2004,unmatched,CARTERET - IBSP INDIAN BEACH/SALTER PATH,1
2004,unmatched,CARTERET - MARS MARSHALLBERG,1
2004,unmatched,CARTERET - OTST OTWAY/STRAITS,1
2004,unmatched,CARTERET - P PROV,1
2004,unmatched,CARTERET - PKNL PINE KNOLL SHORES,1
2004,unmatched,CARTERET - SLVL SEA LEVEL,1
2004,unmatched,CARTERET - SMYR SMYRNA,1
2004,unmatched,CARTERET - STAC STACY,1
2004,unmatched,CARTERET - WILL WILLISTON,1
2004,unmatched,CARTERET - WIRE WIREGRASS,1
2004,unmatched,CASWELL - HIGH HIGHTOWERS,1
2004,unmatched,CASWELL - P PROV,1
2004,unmatched,CASWELL - PROS PROSPECT HILL,1
2004,unmatched,CASWELL - YAN4 YANCEYVILLE 4,1
2004,unmatched,CATAWBA - 42 CENTRAL,1
2004,unmatched,CHATHAM - 20 THREE RIVERS,1
2004,unmatched,CHATHAM - 24 HARPERS CROSSROADS,1
2004,unmatched,CHATHAM - 33 EAST MANNS CHAPEL,1
2004,unmatched,CHATHAM - 36 WEST MANNS CHAPEL,1
2004,unmatched,CHATHAM - 45 OAKLAND,1
2004,unmatched,CHATHAM - 6 BENNETT,1
2004,unmatched,CHATHAM - 73 CAROLINA MEADOWS,1
2004,unmatched,CHATHAM - 79 MERRITTS CHAPEL,1
2004,unmatched,CHATHAM - 83 CENTRAL SILER CITY,1
2004,unmatched,CHATHAM - P PROV,1
2004,unmatched,CHEROKEE - CULB CULBERSON,1
2004,unmatched,CHEROKEE - GRAP GRAPE CREEK,1
2004,unmatched,CHEROKEE - P PROV,1
2004,unmatched,CHEROKEE - RANG RANGER,1
2004,unmatched,CHEROKEE - UNAK UNAKA,1
2004,unmatched,CHOWAN - P PROV,1
2004,unmatched,CLAY - P PROV,1
2004,unmatched,CLEVELAND - B SPGS BOILING SPRINGS,1
2004,unmatched,CLEVELAND - BETHWR BETHWARE,1
2004,unmatched,CLEVELAND - FALSTN FALLSTON,1
2004,unmatched,CLEVELAND - H SPGS HOLLY SPRINGS,1
2004,unmatched,CLEVELAND - KINGST KINGSTOWN,1
2004,unmatched,CLEVELAND - KM 1 KINGS MOUNTAIN #1,1
2004,unmatched,CLEVELAND - KM 2 KINGS MOUNTAIN #2,1
2004,unmatched,CLEVELAND - KM 3 KINGS MOUNTAIN #3,1
2004,unmatched,CLEVELAND - KM 4 KINGS MOUNTAIN #4,1
2004,unmatched,CLEVELAND - LATT LATTIMORE,1
2004,unmatched,CLEVELAND - LAWNDL LAWNDALE,1
2004,unmatched,CLEVELAND - MRB-YO MOORESBORO-YOUNG,1
2004,unmatched,CLEVELAND - OAKGRV OAK GROVE,1
2004,unmatched,CLEVELAND - P PROV,1
2004,unmatched,CLEVELAND - POLKVL POLKVILLE,1
2004,unmatched,CLEVELAND - S 1 SHELBY #1,1
2004,unmatched,CLEVELAND - S 2 SHELBY #2,1
2004,unmatched,CLEVELAND - S 3 SHELBY #3,1
2004,unmatched,CLEVELAND - S 4 SHELBY #4,1
2004,unmatched,CLEVELAND - S 5 SHELBY #5,1
2004,unmatched,CLEVELAND - S 6 SHELBY #6,1
2004,unmatched,CLEVELAND - S 7 SHELBY #7,1
2004,unmatched,CLEVELAND - S 8 SHELBY #8,1
2004,unmatched,CLEVELAND - SHANGI SHANGHAI,1
2004,unmatched,COLUMBUS - P PROV,1
2004,unmatched,COLUMBUS - P03 BUG HILL 1,1
2004,unmatched,COLUMBUS - P04 BUG HILL 11,1
2004,unmatched,COLUMBUS - P05 BUG HILL 111,1
2004,unmatched,COLUMBUS - P08 CHERRY GROVE,1
2004,unmatched,COLUMBUS - P09 FAIR BLUFF,1
2004,unmatched,COLUMBUS - P10 EAST LEES,1
2004,unmatched,COLUMBUS - P12 SOUTH LEES,1
2004,unmatched,COLUMBUS - P13 WEST LEES,1
2004,unmatched,COLUMBUS - P18 WESTERN PRONG,1
2004,unmatched,COLUMBUS - P20 WHITEVILLE 11,1
2004,unmatched,COLUMBUS - P21 NORTH WHITEVILLE,1
2004,unmatched,COLUMBUS - P25 WILLIAMS 11,1
2004,unmatched,CRAVEN - 04 RHEMS,1
2004,unmatched,CRAVEN - 06 CLARKS,1
2004,unmatched,CRAVEN - 08 COVE CITY,1
2004,unmatched,CRAVEN - 09 DOVER,1
2004,unmatched,CRAVEN - 10 FORT BARNWELL,1
2004,unmatched,CRAVEN - 12 TRUITT,1
2004,unmatched,CRAVEN - 13 ERNUL,1
2004,unmatched,CRAVEN - 14 VANCEBORO,1
2004,unmatched,CRAVEN - 15 EPWORTH,1
2004,unmatched,CRAVEN - 22 WEST HAVELOCK,1
2004,unmatched,CRAVEN - N3 GROVER C. FIELDS,1
2004,unmatched,CRAVEN - N5 GLENBURNIE PARK,1
2004,unmatched,CRAVEN - P PROV,1
2004,unmatched,CUMBERLAND - AU50 AUMAN,1
2004,unmatched,CUMBERLAND - BD52 BEAVER DAM,1
2004,unmatched,CUMBERLAND - BR54 BLACK RIVER,1
2004,unmatched,CUMBERLAND - BW55 BRENTWOOD,1
2004,unmatched,CUMBERLAND - CC02 CROSS CREEK #02,1
2004,unmatched,CUMBERLAND - CC05 CROSS CREEK #05,1
2004,unmatched,CUMBERLAND - CC09 CROSS CREEK #09,1
2004,unmatched,CUMBERLAND - CC11 CROSS CREEK #11,1
2004,unmatched,CUMBERLAND - CC19 CROSS CREEK #19,1
2004,unmatched,CUMBERLAND - CC20 CROSS CREEK #20,1
2004,unmatched,CUMBERLAND - CC28 CROSS CREEK #28,1
2004,unmatched,CUMBERLAND - CC30 CROSS CREEK #30,1
2004,unmatched,CUMBERLAND - CC56 CEDAR CREEK,1
2004,unmatched,CUMBERLAND - CU01 CUMBERLAND #1,1
2004,unmatched,CUMBERLAND - CU03 CUMBERLAND #3,1
2004,unmatched,CUMBERLAND - EO61 EASTOVER,1
2004,unmatched,CUMBERLAND - HM01 HOPE MILLS #1,1
2004,unmatched,CUMBERLAND - HM02 HOPE MILLS #2,1
2004,unmatched,CUMBERLAND - HM03 HOPE MILLS #3,1
2004,unmatched,CUMBERLAND - JV64 JUDSON-VANDER,1
2004,unmatched,CUMBERLAND - MA67 MANCHESTER,1
2004,unmatched,CUMBERLAND - P PROV,1
2004,unmatched,CUMBERLAND - PM02 PEARCES MILL #2,1
2004,unmatched,CUMBERLAND - PM03 PEARCES MILL #3,1
2004,unmatched,CUMBERLAND - PM04 PEARCES MILL #4,1
2004,unmatched,CUMBERLAND - SP80 STONEY POINT,1
2004,unmatched,CUMBERLAND - ST79 STEDMAN,1
2004,unmatched,CUMBERLAND - WA81 WADE,1
2004,unmatched,CUMBERLAND - WE82 WESTAREA,1
2004,unmatched,CURRITUCK - CI CHURCHS ISLAND,1
2004,unmatched,CURRITUCK - CJ COINJOCK,1
2004,unmatched,CURRITUCK - MY MOYOCK,1
2004,unmatched,CURRITUCK - P PROV,1
2004,unmatched,DARE - P PROV,1
2004,unmatched,DAVIDSON - 80 WALLBURG #80,1
2004,unmatched,DAVIDSON - P PROV,1
2004,unmatched,DAVIE - P PROV,1
2004,unmatched,DUPLIN - P PROV,1
2004,unmatched,DURHAM - 300 30B SOUTHERN HIGH SCHOOL,1
2004,unmatched,DURHAM - 39 ST. STEPHENS EPIS. CH-PARRISH HALL,1
2004,unmatched,DURHAM - P PROV,1
2004,unmatched,EDGECOMBE - P PROV,1
2004,unmatched,FORSYTH - 011 GLENN HIGH SCHOOL,1
2004,unmatched,FORSYTH - 072 SOUTHWEST ELEM SCHOOL,1
2004,unmatched,FORSYTH - 082 EAST FORSYTH HIGH SCHOOL,1
2004,unmatched,FORSYTH - 122 GRIFFITH FIRE STATION,1
2004,unmatched,FORSYTH - 201 BROWN DOUGLAS RECREATION,1
2004,unmatched,FORSYTH - 507 SEDGE GARDEN RECREATION,1
2004,unmatched,FORSYTH - P PROV,1
2004,unmatched,FRANKLIN - P PROV,1
2004,unmatched,GASTON - P PROV,1
2004,unmatched,GATES - P PROV,1
2004,unmatched,GRAHAM - P PROV,1
2004,unmatched,GRANVILLE - ANTI ANTIOCH,1
2004,unmatched,GRANVILLE - BERE BEREA,1
2004,unmatched,GRANVILLE - BRAS BRASSFIELD,1
2004,unmatched,GRANVILLE - BTNR BUTNER,1
2004,unmatched,GRANVILLE - CORI CORINTH,1
2004,unmatched,GRANVILLE - CRDL CREDLE,1
2004,unmatched,GRANVILLE - CRDM CREEDMOOR,1
2004,unmatched,GRANVILLE - EAOX EAST OXFORD,1
2004,unmatched,GRANVILLE - OKHL OAK HILL,1
2004,unmatched,GRANVILLE - P PROV,1
2004,unmatched,GRANVILLE - SALM SALEM,1
2004,unmatched,GRANVILLE - SASS SASSAFRAS FORK,1
2004,unmatched,GRANVILLE - SOOX SOUTH OXFORD,1
2004,unmatched,GRANVILLE - TYHO TALLY HO,1
2004,unmatched,GRANVILLE - WOEL WEST OXFORD ELEM.,1
2004,unmatched,GREENE - BEAR BEAR GARDEN,1
2004,unmatched,GREENE - P PROV,1
2004,unmatched,GUILFORD - CG3 CG3,1
2004,unmatched,GUILFORD - FR5-1 FR5-1,1
2004,unmatched,GUILFORD - FR5-2 FR5-2,1
2004,unmatched,GUILFORD - G40A G40A,1
2004,unmatched,GUILFORD - G41-1 G41-1,1
2004,unmatched,GUILFORD - G41-2 G41-2,1
2004,unmatched,GUILFORD - G42-1 G42-1,1
2004,unmatched,GUILFORD - G42-2 G42-2,1
2004,unmatched,GUILFORD - H29 H29,1
2004,unmatched,GUILFORD - MON2 MON2,1
2004,unmatched,GUILFORD - NCGR NCGR,1
2004,unmatched,GUILFORD - P PROV,1
2004,unmatched,HALIFAX - ENF 3 ENFIELD 3,1
2004,unmatched,HALIFAX - HOB HOBGOOD,1
2004,unmatched,HALIFAX - LIT 1 LITTLETON 1,1
2004,unmatched,HALIFAX - LIT 2 LITTLETON 2,1
2004,unmatched,HALIFAX - P PROV,1
2004,unmatched,HALIFAX - PAL PALMYRA,1
2004,unmatched,HALIFAX - ROSEN ROSENEATH,1
2004,unmatched,HALIFAX - RR 1 ROANOKE RAPIDS 1,1
2004,unmatched,HALIFAX - RR 2 ROANOKE RAPIDS 2,1
2004,unmatched,HALIFAX - RR 3 ROANOKE RAPIDS 3,1
2004,unmatched,HALIFAX - RR 4 ROANOKE RAPIDS 4,1
2004,unmatched,HALIFAX - RR 5 ROANOKE RAPIDS 5,1
2004,unmatched,HALIFAX - RR 6 ROANOKE RAPIDS 6,1
2004,unmatched,HALIFAX - RR 7 ROANOKE RAPIDS 7,1
2004,unmatched,HALIFAX - RR 8 ROANOKE RAPIDS 8,1
2004,unmatched,HALIFAX - RR 9 ROANOKE RAPIDS 9,1
2004,unmatched,HALIFAX - SN 1 SCOTLAND NECK 1,1
2004,unmatched,HALIFAX - SN 2 SCOTLAND NECK 2,1
2004,unmatched,HALIFAX - WEL 1 WELDON 1,1
2004,unmatched,HALIFAX - WEL 2 WELDON 2,1
2004,unmatched,HARNETT - P PROV,1
2004,unmatched,HARNETT - PR02 AVERASBORO # 1,1
2004,unmatched,HARNETT - PR03 AVERASBORO # 2,1
2004,unmatched,HARNETT - PR04 AVERASBORO # 3,1
2004,unmatched,HARNETT - PR05 AVERASBORO # 4,1
2004,unmatched,HARNETT - PR06 AVERASBORO # 5,1
2004,unmatched,HARNETT - PR09 BUCKHORN,1
2004,unmatched,HARNETT - PR10 DUKE # 1,1
2004,unmatched,HARNETT - PR11 DUKE # 2,1
2004,unmatched,HARNETT - PR12 DUKE # 3,1
2004,unmatched,HARNETT - PR13 GROVE # 1,1
2004,unmatched,HARNETT - PR14 GROVE # 2,1
2004,unmatched,HARNETT - PR15 HECTORS CREEK,1
2004,unmatched,HARNETT - PR17 LILLINGTON,1
2004,unmatched,HARNETT - PR18 NEILS CREEK # 1,1
2004,unmatched,HARNETT - PR19 NEILS CREEK # 2,1
2004,unmatched,HARNETT - PR21 U.L.R. # 1,1
2004,unmatched,HARNETT - PR22 U.L.R. # 2,1
2004,unmatched,HAYWOOD - P PROV,1
2004,unmatched,HENDERSON - CV CAROLINA VILLAGE,1
2004,unmatched,HENDERSON - P PROV,1
2004,unmatched,HERTFORD - P PROV,1
2004,unmatched,HOKE - P PROV,1
2004,unmatched,HYDE - P PROV,1
2004,unmatched,IREDELL - BA BARRINGER,1
2004,unmatched,IREDELL - DV1-A DAVIDSON #1-A,1
2004,unmatched,IREDELL - DV1-B DAVIDSON #1-B,1
2004,unmatched,IREDELL - P PROV,1
2004,unmatched,JACKSON - DIL DILLSBORO,1
2004,unmatched,JACKSON - HAM HAMBURG,1
2004,unmatched,JACKSON - MNT MOUNTAIN,1
2004,unmatched,JACKSON - P PROV,1
2004,unmatched,JACKSON - SC1 SCOTTS CREEK 1,1
2004,unmatched,JACKSON - SC2 SCOTTS CREEK 2,1
2004,unmatched,JACKSON - SC3 SCOTTS CREEK 3,1
2004,unmatched,JACKSON - SNW SYLVA-NORTH WD,1
2004,unmatched,JACKSON - SSW SYLVA-SOUTH WD,1
2004,unmatched,JOHNSTON - P PROV,1
2004,unmatched,JOHNSTON - PR01 NORTH BANNER,1
2004,unmatched,JOHNSTON - PR02 SOUTH BANNER,1
2004,unmatched,JOHNSTON - PR03 WEST BANNER,1
2004,unmatched,JOHNSTON - PR05 NORTH BEULAH,1
2004,unmatched,JOHNSTON - PR06 SOUTH BEULAH,1
2004,unmatched,JOHNSTON - PR10 NORTH CLAYTON,1
2004,unmatched,JOHNSTON - PR11 WEST CLAYTON,1
2004,unmatched,JOHNSTON - PR12 NORTH CLEVELAND,1
2004,unmatched,JOHNSTON - PR15 EAST INGRAMS,1
2004,unmatched,JOHNSTON - PR16 WEST INGRAMS,1
2004,unmatched,JOHNSTON - PR17 NORTH MEADOW,1
2004,unmatched,JOHNSTON - PR18 SOUTH MEADOW,1
2004,unmatched,JOHNSTON - PR23 NORTH PLEASANT GROVE,1
2004,unmatched,JOHNSTON - PR27 NORTH SMITHFIELD,1
2004,unmatched,JOHNSTON - PR29 SOUTH WILDERS,1
2004,unmatched,JOHNSTON - PR31 SOUTH CLEVELAND,1
2004,unmatched,JONES - P PROV,1
2004,unmatched,LEE - 01 WEST SANFORD #1,1
2004,unmatched,LEE - 02 WEST SANFORD #2,1
2004,unmatched,LEE - 03 WEST SANFORD #3,1
2004,unmatched,LEE - 04 EAST SANFORD,1
2004,unmatched,LEE - 05 WEST JONESBORO,1
2004,unmatched,LEE - 06 CAPE FEAR,1
2004,unmatched,LEE - 07 GREENWOOD,1
2004,unmatched,LEE - 08 EAST JONESBORO,1
2004,unmatched,LEE - 09 EAST POCKET,1
2004,unmatched,LEE - 10 WEST POCKET,1
2004,unmatched,LEE - 11 DEEP RIVER,1
2004,unmatched,LEE - 12 CUMNOCK,1
2004,unmatched,LEE - 13 WEST SANFORD #4,1
2004,unmatched,LEE - P PROV,1
2004,unmatched,LENOIR - P PROV,1
2004,unmatched,LINCOLN - CR06 CROUSE,1
2004,unmatched,LINCOLN - HG17 HICKORY GROVE,1
2004,unmatched,LINCOLN - HV07 HEAVNERS,1
2004,unmatched,LINCOLN - LM16 LOVE MEMORIAL,1
2004,unmatched,LINCOLN - LS15 LONG SHOALS,1
2004,unmatched,LINCOLN - NB01 NORTH BROOK I,1
2004,unmatched,LINCOLN - NB02 NORTH BROOK II,1
2004,unmatched,LINCOLN - NB03 NORTH BROOK III,1
2004,unmatched,LINCOLN - OG10 OAK GROVE,1
2004,unmatched,LINCOLN - P PROV,1
2004,unmatched,LINCOLN - TE27 TRIANGLE EAST,1
2004,unmatched,LINCOLN - TR30 TRIANGLE,1
2004,unmatched,MACON - P PROV,1
2004,unmatched,MADISON - P PROV,1
2004,unmatched,MADISON - REVERE REVERE-RICE COVE,1
2004,unmatched,MARTIN - GN GOOSENEST,1
2004,unmatched,MARTIN - GR GRIFFINS,1
2004,unmatched,MARTIN - HM HAMILTON,1
2004,unmatched,MARTIN - HS HASSELL,1
2004,unmatched,MARTIN - J JAMESVILLE,1
2004,unmatched,MARTIN - P PROV,1
2004,unmatched,MARTIN - PP POPLAR POINT,1
2004,unmatched,MARTIN - R1 ROBERSONVILLE 1,1
2004,unmatched,MARTIN - R2 ROBERSONVILLE 2,1
2004,unmatched,MARTIN - W WILLIAMS,1
2004,unmatched,MCDOWELL - P PROV,1
2004,unmatched,MECKLENBURG - P PROV,1
2004,unmatched,MITCHELL - P PROV,1
2004,unmatched,MONTGOMERY - P PROV,1
2004,unmatched,MOORE - EUR EUREKA,1
2004,unmatched,MOORE - KWD KNOLLWOOD,1
2004,unmatched,MOORE - P PROV,1
2004,unmatched,MOORE - PHA PINEHURST A,1
2004,unmatched,NASH - 0002 SOUTH WHITAKERS,1
2004,unmatched,NASH - 0005 DRYWELLS,1
2004,unmatched,NASH - 0006 FERRELLS,1
2004,unmatched,NASH - 0008 JACKSONS,1
2004,unmatched,NASH - 0011 MANNINGS NO 1,1
2004,unmatched,NASH - 0012 MANNINGS NO 2,1
2004,unmatched,NASH - 0021 NORTH WHITAKERS NO 1,1
2004,unmatched,NASH - 0022 NORTH WHITAKERS NO 2,1
2004,unmatched,NASH - 0031 ROCKY MOUNT NO 1,1
2004,unmatched,NASH - 0032 ROCKY MOUNT NO 2,1
2004,unmatched,NASH - 0033 ROCKY MOUNT NO 3,1
2004,unmatched,NASH - 0034 ROCKY MOUNT NO 4,1
2004,unmatched,NASH - 0035 ROCKY MOUNT NO 5,1
2004,unmatched,NASH - 0036 ROCKY MOUNT NO 6,1
2004,unmatched,NASH - 0037 ROCKY MOUNT NO 7,1
2004,unmatched,NASH - 0038 ROCKY MOUNT NO 8,1
2004,unmatched,NASH - 0039 ROCKY MOUNT NO 9,1
2004,unmatched,NASH - 0040 ROCKY MOUNT NO 10,1
2004,unmatched,NASH - 0041 STONY CREEK,1
2004,unmatched,NASH - P PROV,1
2004,unmatched,NEW HANOVER - CF03 CF03,1
2004,unmatched,NEW HANOVER - FP01 FP01,1
2004,unmatched,NEW HANOVER - FP02 FP02,1
2004,unmatched,NEW HANOVER - FP05 FP05,1
2004,unmatched,NEW HANOVER - H03 H03,1
2004,unmatched,NEW HANOVER - H07 H07,1
2004,unmatched,NEW HANOVER - H09 H09,1
2004,unmatched,NEW HANOVER - M05 M05,1
2004,unmatched,NEW HANOVER - P PROV,1
2004,unmatched,NEW HANOVER - W01 W01,1
2004,unmatched,NEW HANOVER - W02 W02,1
2004,unmatched,NEW HANOVER - W04 W04,1
2004,unmatched,NEW HANOVER - W05 W05,1
2004,unmatched,NEW HANOVER - W06 W06,1
2004,unmatched,NEW HANOVER - W07 W07,1
2004,unmatched,NEW HANOVER - W09 W09,1
2004,unmatched,NEW HANOVER - W10 W10,1
2004,unmatched,NEW HANOVER - W11 W11,1
2004,unmatched,NEW HANOVER - W13 W13,1
2004,unmatched,NEW HANOVER - W14 W14,1
2004,unmatched,NEW HANOVER - W18 W18,1
2004,unmatched,NEW HANOVER - W19 W19,1
2004,unmatched,NEW HANOVER - W20 W20,1
2004,unmatched,NEW HANOVER - W22 W22,1
2004,unmatched,NEW HANOVER - W23 W23,1
2004,unmatched,NEW HANOVER - W24 W24,1
2004,unmatched,NORTHAMPTON - CONWAY CONWAY,1
2004,unmatched,NORTHAMPTON - GARYSB GARYSBURG,1
2004,unmatched,NORTHAMPTON - JACKSO JACKSON,1
2004,unmatched,NORTHAMPTON - MILWAU MILWAUKEE,1
2004,unmatched,NORTHAMPTON - P PROV,1
2004,unmatched,NORTHAMPTON - PENDLE PENDLETON,1
2004,unmatched,NORTHAMPTON - PLEASA PLEASANT HILL,1
2004,unmatched,NORTHAMPTON - POTECA POTECASI,1
2004,unmatched,NORTHAMPTON - REHOBE REHOBETH,1
2004,unmatched,NORTHAMPTON - WOODLA WOODLAND,1
2004,unmatched,ONSLOW - NE22 NORTHEAST,1
2004,unmatched,ONSLOW - P PROV,1
2004,unmatched,ORANGE - BC BOOKER CREEK,1
2004,unmatched,ORANGE - BP BATTLE PARK,1
2004,unmatched,ORANGE - CB CARRBORO,1
2004,unmatched,ORANGE - CC COUNTRY CLUB,1
2004,unmatched,ORANGE - CF CEDAR FALLS,1
2004,unmatched,ORANGE - CP CAMERON PARK,1
2004,unmatched,ORANGE - CS COLES STORE,1
2004,unmatched,ORANGE - EA EAST FRANKLIN,1
2004,unmatched,ORANGE - GR GREENWOOD,1
2004,unmatched,ORANGE - LC LIONS CLUB,1
2004,unmatched,ORANGE - LI LINCOLN,1
2004,unmatched,ORANGE - MF MASON FARM,1
2004,unmatched,ORANGE - OW OWASA,1
2004,unmatched,ORANGE - P PROV,1
2004,unmatched,ORANGE - TH TOWN HALL,1
2004,unmatched,ORANGE - WW WESTWOOD,1
2004,unmatched,PAMLICO - 1AL ALLIANCE,1
2004,unmatched,PAMLICO - 2SW STONEWALL,1
2004,unmatched,PAMLICO - 3BY BAYBORO,1
2004,unmatched,PAMLICO - 4HB HOBUCKEN,1
2004,unmatched,PAMLICO - 4VM VANDEMERE,1
2004,unmatched,PAMLICO - P PROV,1
2004,unmatched,PASQUOTANK - 1-A 1-A ELIZABETH CITY,1
2004,unmatched,PASQUOTANK - 1-B 1-B ELIZABETH CITY,1
2004,unmatched,PASQUOTANK - 2-A 2-A ELIZABETH CITY,1
2004,unmatched,PASQUOTANK - 2-B 2-B ELIZABETH CITY,1
2004,unmatched,PASQUOTANK - 3-A 3-A ELIZABETH CITY,1
2004,unmatched,PASQUOTANK - 3-B 3-B ELIZABETH CITY,1
2004,unmatched,PASQUOTANK - 4-A 4-A ELIZABETH CITY,1
2004,unmatched,PASQUOTANK - 4-B 4-B ELIZABETH CITY,1
2004,unmatched,PASQUOTANK - P PROV,1
2004,unmatched,PENDER - MH07 MIDDLE HOLLY,1
2004,unmatched,PENDER - P PROV,1
2004,unmatched,PENDER - PL10 PENDERLEA,1
2004,unmatched,PERQUIMANS - P PROV,1
2004,unmatched,PERSON - BFRK BUSHY FORK,1
2004,unmatched,PERSON - FLRI FLAT RIVER,1
2004,unmatched,PERSON - HUML HURDLE MILLS,1
2004,unmatched,PERSON - P PROV,1
2004,unmatched,PERSON - ROX1 ROXBORO 1,1
2004,unmatched,PERSON - ROX2 ROXBORO 2,1
2004,unmatched,PERSON - ROX3 ROXBORO 3,1
2004,unmatched,PERSON - RX1A ROXBORO 1A,1
2004,unmatched,PITT - 1402 WINTERVILLE EAST,1
2004,unmatched,PITT - 1507C GREENVILLE #7C,1
2004,unmatched,PITT - P PROV,1
2004,unmatched,POLK - P PROV,1
2004,unmatched,POLK - TR01 TRYON-1,1
2004,unmatched,POLK - TR02 TRYON-2,1
2004,unmatched,POLK - TR03 TRYON-3,1
2004,unmatched,RANDOLPH - 01 ARCHDALE 1,1
2004,unmatched,RANDOLPH - 02 ARCHDALE 2,1
2004,unmatched,RANDOLPH - 03 ARCHDALE 3,1
2004,unmatched,RANDOLPH - 04 ASHEBORO ARMORY,1
2004,unmatched,RANDOLPH - 05 ASHEBORO EASTSIDE,1
2004,unmatched,RANDOLPH - 06 ASHEBORO LINDLEY PARK,1
2004,unmatched,RANDOLPH - 07 ASHEBORO LOFLIN,1
2004,unmatched,RANDOLPH - 08 ASHEBORO MCCRARY,1
2004,unmatched,RANDOLPH - 09 ASHEBORO NORTH 1,1
2004,unmatched,RANDOLPH - 10 ASHEBORO NORTH 2,1
2004,unmatched,RANDOLPH - 11 ASHEBORO SOUTHPOINTE,1
2004,unmatched,RANDOLPH - 12 ASHEBORO WESTSIDE,1
2004,unmatched,RANDOLPH - 14 BROWER,1
2004,unmatched,RANDOLPH - 15 CEDAR GROVE EAST,1
2004,unmatched,RANDOLPH - 16 CEDAR GROVE WEST,1
2004,unmatched,RANDOLPH - 17 COLERIDGE,1
2004,unmatched,RANDOLPH - 18 CONCORD,1
2004,unmatched,RANDOLPH - 19 FALLS,1
2004,unmatched,RANDOLPH - 20 FRANKLINVILLE,1
2004,unmatched,RANDOLPH - 24 NEW HOPE,1
2004,unmatched,RANDOLPH - 25 NEW MARKET NORTH,1
2008,non_geographic,ALAMANCE - ABSENTEE BY MAIL,1
2008,non_geographic,ALAMANCE - CURBSIDE,1
2008,non_geographic,ALAMANCE - PROVISIONAL,1
2008,non_geographic,ALEXANDER - ABSENTEE BY MAIL,1
2008,non_geographic,ALEXANDER - CURBSIDE,1
2008,non_geographic,ALEXANDER - ONE STOP,1
2008,non_geographic,ALEXANDER - PROVISIONAL,1
2008,non_geographic,ALLEGHANY - ABSENTEE BY MAIL,1
2008,non_geographic,ALLEGHANY - CURBSIDE,1
2008,non_geographic,ALLEGHANY - ONE STOP,1
2008,non_geographic,ALLEGHANY - PROVISIONAL,1
2008,non_geographic,ASHE - ABSENTEE BY MAIL,1
2008,non_geographic,ASHE - CURBSIDE,1
2008,non_geographic,ASHE - ONE STOP,1
2008,non_geographic,ASHE - PROVISIONAL,1
2008,non_geographic,ASHE - TRANSFER,1
2008,non_geographic,AVERY - ABSENTEE BY MAIL,1
2008,non_geographic,AVERY - ONE STOP,1
2008,non_geographic,AVERY - PROVISIONAL,1
2008,non_geographic,BEAUFORT - ABSENTEE BY MAIL,1
2008,non_geographic,BEAUFORT - CURBSIDE,1
2008,non_geographic,BEAUFORT - ONE STOP,1
2008,non_geographic,BEAUFORT - PROVISIONAL,1
2008,non_geographic,BEAUFORT - TRANSFER,1
2008,non_geographic,BERTIE - ABSENTEE BY MAIL,1
2008,non_geographic,BERTIE - ONE STOP,1
2008,non_geographic,BERTIE - PROVISIONAL,1
2008,non_geographic,BERTIE - TRANSFER,1
2008,non_geographic,BLADEN - ABSENTEE BY MAIL,1
2008,non_geographic,BLADEN - CURBSIDE,1
2008,non_geographic,BLADEN - ONE STOP,1
2008,non_geographic,BLADEN - PROVISIONAL,1
2008,non_geographic,BRUNSWICK - ABSENTEE BY MAIL,1
2008,non_geographic,BRUNSWICK - CURBSIDE,1
2008,non_geographic,BRUNSWICK - PROVISIONAL,1
2008,non_geographic,BUNCOMBE - ABSENTEE BY MAIL,1
2008,non_geographic,BUNCOMBE - ONE STOP,1
2008,non_geographic,BUNCOMBE - PROVISIONAL,1
2008,non_geographic,BUNCOMBE - TRANSFER,1
2008,non_geographic,BURKE - ABSENTEE BY MAIL,1
2008,non_geographic,BURKE - CURBSIDE,1
2008,non_geographic,BURKE - ONE STOP,1
2008,non_geographic,BURKE - PROVISIONAL,1
2008,non_geographic,BURKE - TRANSFER,1
2008,non_geographic,CABARRUS - ABSENTEE BY MAIL,1
2008,non_geographic,CABARRUS - ONE STOP,1
2008,non_geographic,CABARRUS - PROVISIONAL,1
2008,non_geographic,CABARRUS - TRANSFERS,1
2008,non_geographic,CALDWELL - ABSENTEE BY MAIL,1
2008,non_geographic,CALDWELL - ONE STOP,1
2008,non_geographic,CALDWELL - PROVISIONAL,1
2008,non_geographic,CAMDEN - ABSENTEE BY MAIL,1
2008,non_geographic,CAMDEN - CURBSIDE,1
2008,non_geographic,CAMDEN - ONE STOP,1
2008,non_geographic,CAMDEN - PROVISIONAL,1
2008,non_geographic,CAMDEN - TRANSFER,1
2008,non_geographic,CARTERET - ABSENTEE BY MAIL,1
2008,non_geographic,CARTERET - CURBSIDE,1
2008,non_geographic,CARTERET - ONE STOP,1
2008,non_geographic,CARTERET - PROVISIONAL,1
2008,non_geographic,CARTERET - TRANSFER,1
2008,non_geographic,CASWELL - ABSENTEE BY MAIL,1
2008,non_geographic,CASWELL - CURBSIDE,1
2008,non_geographic,CASWELL - ONE STOP,1
2008,non_geographic,CASWELL - PROVISIONAL,1
2008,non_geographic,CATAWBA - ABSENTEE BY MAIL,1
2008,non_geographic,CATAWBA - ONE STOP,1
2008,non_geographic,CATAWBA - PROVISIONAL,1
2008,non_geographic,CHATHAM - ABSENTEE BY MAIL,1
2008,non_geographic,CHATHAM - ONE STOP,1
2008,non_geographic,CHATHAM - PROVISIONAL,1
2008,non_geographic,CHOWAN - ABSENTEE BY MAIL,1
2008,non_geographic,CHOWAN - CURBSIDE,1
2008,non_geographic,CHOWAN - ONE STOP,1
2008,non_geographic,CHOWAN - PROVISIONAL,1
2008,non_geographic,CHOWAN - TRANSFER,1
2008,non_geographic,CLEVELAND - ABSENTEE BY MAIL,1
2008,non_geographic,CLEVELAND - ONE STOP,1
2008,non_geographic,CLEVELAND - PROVISIONAL,1
2008,non_geographic,CLEVELAND - TRANSFERS,1
2008,non_geographic,COLUMBUS - ABSENTEE BY MAIL,1
2008,non_geographic,COLUMBUS - ONE STOP,1
2008,non_geographic,COLUMBUS - PROVISIONAL,1
2008,non_geographic,CRAVEN - ABSENTEE BY MAIL,1
2008,non_geographic,CRAVEN - CURBSIDE,1
2008,non_geographic,CRAVEN - ONE STOP,1
2008,non_geographic,CRAVEN - PROVISIONAL,1
2008,non_geographic,CRAVEN - TRANSFER,1
2008,non_geographic,CUMBERLAND - ABSENTEE BY MAIL,1
2008,non_geographic,CUMBERLAND - ONE STOP,1
2008,non_geographic,CUMBERLAND - PROVISIONAL,1
2008,non_geographic,CURRITUCK - ABSENTEE BY MAIL,1
2008,non_geographic,CURRITUCK - ONE STOP,1
2008,non_geographic,CURRITUCK - PROVISIONAL,1
2008,non_geographic,CURRITUCK - TRANSFER,1
2008,non_geographic,DARE - ABSENTEE BY MAIL,1
2008,non_geographic,DARE - ONE STOP,1
2008,non_geographic,DARE - PROVISIONAL,1
2008,non_geographic,DAVIDSON - ABSENTEE BY MAIL,1
2008,non_geographic,DAVIDSON - CURBSIDE,1
2008,non_geographic,DAVIDSON - PROVISIONAL,1
2008,non_geographic,DAVIDSON - TRANSFER,1
2008,non_geographic,DAVIE - ABSENTEE BY MAIL,1
2008,non_geographic,DAVIE - CURBSIDE,1
2008,non_geographic,DAVIE - ONE STOP,1
2008,non_geographic,DAVIE - PROVISIONAL,1
2008,non_geographic,DAVIE - TRANSFER,1
2008,non_geographic,DUPLIN - ABSENTEE BY MAIL,1
2008,non_geographic,DUPLIN - ONE STOP,1
2008,non_geographic,DUPLIN - PROVISIONAL,1
2008,non_geographic,DUPLIN - TRANSFER,1
2008,non_geographic,DURHAM - ABSENTEE BY MAIL,1
2008,non_geographic,DURHAM - ONE STOP,1
2008,non_geographic,DURHAM - PROVISIONAL,1
2008,non_geographic,EDGECOMBE - ABSENTEE BY MAIL,1
2008,non_geographic,EDGECOMBE - ONE STOP,1
2008,non_geographic,EDGECOMBE - PROVISIONAL,1
2008,non_geographic,EDGECOMBE - TRANSFER,1
2008,non_geographic,FORSYTH - ONE STOP,1
2008,non_geographic,GASTON - ABSENTEE BY MAIL,1
2008,non_geographic,GASTON - ONE STOP,1
2008,non_geographic,GASTON - PROVISIONALS,1
2008,non_geographic,GASTON - TRANSFERS,1
2008,non_geographic,GATES - ABSENTEE BY MAIL,1
2008,non_geographic,GATES - CURBSIDE,1
2008,non_geographic,GATES - ONE STOP,1
2008,non_geographic,GATES - PROVISIONAL,1
2008,non_geographic,GATES - TRANSFER,1
2008,non_geographic,GRANVILLE - ABSENTEE BY MAIL,1
2008,non_geographic,GRANVILLE - ONE STOP,1
2008,non_geographic,GRANVILLE - PROVISIONAL,1
2008,non_geographic,GRANVILLE - TRANSFER,1
2008,non_geographic,GREENE - ABSENTEE BY MAIL,1
2008,non_geographic,GREENE - ONE STOP,1
2008,non_geographic,GREENE - PROVISIONAL,1
2008,non_geographic,GREENE - TRANSFER,1
2008,non_geographic,GUILFORD - PROVISIONAL,1
2008,non_geographic,HALIFAX - ABSENTEE BY MAIL,1
2008,non_geographic,HALIFAX - ONE STOP,1
2008,non_geographic,HALIFAX - PROVISIONAL,1
2008,non_geographic,HALIFAX - TRANSFER,1
2008,non_geographic,HARNETT - ABSENTEE BY MAIL,1
2008,non_geographic,HARNETT - ONE STOP,1
2008,non_geographic,HARNETT - PROVISIONAL,1
2008,non_geographic,HAYWOOD - ABSENTEE BY MAIL,1
2008,non_geographic,HAYWOOD - CURBSIDE,1
2008,non_geographic,HAYWOOD - PROVISIONAL,1
2008,non_geographic,HENDERSON - ABSENTEE BY MAIL,1
2008,non_geographic,HENDERSON - CURBSIDE,1
2008,non_geographic,HENDERSON - PROVISIONAL,1
2008,non_geographic,HERTFORD - ABSENTEE BY MAIL,1
2008,non_geographic,HERTFORD - ONE STOP,1
2008,non_geographic,HERTFORD - PROVISIONAL,1
2008,non_geographic,HYDE - ABSENTEE BY MAIL,1
2008,non_geographic,HYDE - ONE STOP,1
2008,non_geographic,HYDE - PROVISIONAL,1
2008,non_geographic,IREDELL - ABSENTEE BY MAIL,1
2008,non_geographic,IREDELL - CURBSIDE,1
2008,non_geographic,IREDELL - ONE STOP,1
2008,non_geographic,IREDELL - PROVISIONAL,1
2008,non_geographic,IREDELL - TRANSFER,1
2008,non_geographic,JACKSON - ABSENTEE BY MAIL,1
2008,non_geographic,JACKSON - CURBSIDE,1
2008,non_geographic,JACKSON - PROVISIONAL,1
2008,non_geographic,JACKSON - TRANSFER,1
2008,non_geographic,JOHNSTON - ABSENTEE BY MAIL,1
2008,non_geographic,JOHNSTON - ONE STOP,1
2008,non_geographic,JOHNSTON - PROVISIONAL,1
2008,non_geographic,JONES - ABSENTEE BY MAIL,1
2008,non_geographic,JONES - ONE STOP,1
2008,non_geographic,JONES - PROVISIONAL,1
2008,non_geographic,LEE - ABSENTEE BY MAIL,1
2008,non_geographic,LEE - ONE STOP,1
2008,non_geographic,LEE - PROVISIONAL,1
2008,non_geographic,LENOIR - ABSENTEE BY MAIL,1
2008,non_geographic,LENOIR - CURBSIDE,1
2008,non_geographic,LENOIR - ONE STOP,1
2008,non_geographic,LENOIR - PROVISIONAL,1
2008,non_geographic,LENOIR - TRANSFER,1
2008,non_geographic,LINCOLN - ABSENTEE BY MAIL,1
2008,non_geographic,LINCOLN - ONE STOP,1
2008,non_geographic,LINCOLN - PROVISIONAL,1
2008,non_geographic,LINCOLN - TRANSFERS,1
2008,non_geographic,MACON - ABSENTEE BY MAIL,1
2008,non_geographic,MACON - ONE STOP,1
2008,non_geographic,MACON - PROVISIONAL,1
2008,non_geographic,MACON - TRANSFER,1
2008,non_geographic,MADISON - ABSENTEE BY MAIL,1
2008,non_geographic,MADISON - CURBSIDE,1
2008,non_geographic,MADISON - PROVISIONAL,1
2008,non_geographic,MADISON - TRANSFER,1
2008,non_geographic,MARTIN - ABSENTEE BY MAIL,1
2008,non_geographic,MARTIN - CURBSIDE,1
2008,non_geographic,MARTIN - ONE STOP,1
2008,non_geographic,MARTIN - PROVISIONAL,1
2008,non_geographic,MARTIN - TRANSFER,1
2008,non_geographic,MCDOWELL - ABSENTEE BY MAIL,1
2008,non_geographic,MCDOWELL - ONE STOP,1
2008,non_geographic,MCDOWELL - PROVISIONAL,1
2008,non_geographic,MCDOWELL - TRANSFER,1
2008,non_geographic,MECKLENBURG - ABSENTEE BY MAIL,1
2008,non_geographic,MECKLENBURG - CURBSIDE,1
2008,non_geographic,MECKLENBURG - PROVISIONAL,1
2008,non_geographic,MITCHELL - ABSENTEE BY MAIL,1
2008,non_geographic,MITCHELL - CURBSIDE,1
2008,non_geographic,MITCHELL - ONE STOP,1
2008,non_geographic,MITCHELL - PROVISIONAL,1
2008,non_geographic,MONTGOMERY - ABSENTEE BY MAIL,1
2008,non_geographic,MONTGOMERY - ONE STOP,1
2008,non_geographic,MONTGOMERY - PROVISIONAL,1
2008,non_geographic,MOORE - ABSENTEE BY MAIL,1
2008,non_geographic,MOORE - ONE STOP,1
2008,non_geographic,MOORE - PROVISIONAL,1
2008,non_geographic,NASH - ABSENTEE BY MAIL,1
2008,non_geographic,NASH - ONE STOP,1
2008,non_geographic,NASH - PROVISIONAL,1
2008,non_geographic,NASH - TRANSFER,1
2008,non_geographic,NEW HANOVER - ABSENTEE BY MAIL,1
2008,non_geographic,NEW HANOVER - CURBSIDE,1
2008,non_geographic,NEW HANOVER - ONE STOP,1
2008,non_geographic,NEW HANOVER - PROVISIONAL,1
2008,non_geographic,NEW HANOVER - TRANSFER,1
2008,non_geographic,NORTHAMPTON - ABSENTEE BY MAIL,1
2008,non_geographic,NORTHAMPTON - CURBSIDE,1
2008,non_geographic,NORTHAMPTON - ONE STOP,1
2008,non_geographic,NORTHAMPTON - PROVISIONAL,1
2008,non_geographic,NORTHAMPTON - TRANSFER,1
2008,non_geographic,ONSLOW - ABSENTEE BY MAIL,1
2008,non_geographic,ONSLOW - ONE STOP,1
2008,non_geographic,ONSLOW - PROVISIONAL,1
2008,non_geographic,ORANGE - ABSENTEE BY MAIL,1
2008,non_geographic,ORANGE - CURBSIDE,1
2008,non_geographic,ORANGE - ONE STOP,1
2008,non_geographic,ORANGE - PROVISIONAL,1
2008,non_geographic,ORANGE - TRANSFER,1
2008,non_geographic,PAMLICO - ABSENTEE BY MAIL,1
2008,non_geographic,PAMLICO - CURBSIDE,1
2008,non_geographic,PAMLICO - ONE STOP,1
2008,non_geographic,PAMLICO - PROVISIONAL,1
2008,non_geographic,PAMLICO - TRANSFER,1
2008,non_geographic,PASQUOTANK - ABSENTEE BY MAIL,1
2008,non_geographic,PASQUOTANK - CURBSIDE,1
2008,non_geographic,PASQUOTANK - ONE STOP,1
2008,non_geographic,PASQUOTANK - PROVISIONAL,1
2008,non_geographic,PASQUOTANK - TRANSFER,1
2008,non_geographic,PENDER - ABSENTEE BY MAIL,1
2008,non_geographic,PENDER - CURBSIDE,1
2008,non_geographic,PENDER - PROVISIONAL,1
2008,non_geographic,PITT - ABSENTEE BY MAIL,1
2008,non_geographic,PITT - CURBSIDE,1
2008,non_geographic,PITT - ONE STOP,1
2008,non_geographic,PITT - PROVISIONAL,1
2008,non_geographic,PITT - TRANSFER,1
2008,non_geographic,RANDOLPH - ABSENTEE BY MAIL,1
2008,non_geographic,RANDOLPH - CURBSIDE,1
2008,non_geographic,RANDOLPH - ONE STOP,1
2008,non_geographic,RANDOLPH - PROVISIONAL,1
2008,non_geographic,RANDOLPH - TRANSFER,1
2008,non_geographic,RICHMOND - ABSENTEE BY MAIL,1
2008,non_geographic,RICHMOND - ONE STOP,1
2008,non_geographic,RICHMOND - PROVISIONAL,1
2008,non_geographic,ROBESON - ABSENTEE BY MAIL,1
2008,non_geographic,ROBESON - CURBSIDE,1
2008,non_geographic,ROBESON - ONE STOP,1
2008,non_geographic,ROBESON - PROVISIONAL,1
2008,non_geographic,ROWAN - ABSENTEE BY MAIL,1
2008,non_geographic,ROWAN - ONE STOP,1
2008,non_geographic,ROWAN - PROVISIONAL,1
2008,non_geographic,ROWAN - TRANSFER,1
2008,non_geographic,RUTHERFORD - ABSENTEE BY MAIL,1
2008,non_geographic,RUTHERFORD - CURBSIDE,1
2008,non_geographic,RUTHERFORD - PROVISIONAL,1
2008,non_geographic,RUTHERFORD - TRANSFER,1
2008,non_geographic,SAMPSON - ABSENTEE BY MAIL,1
2008,non_geographic,SAMPSON - CURBSIDE ELECTION DAY,1
2008,non_geographic,SAMPSON - ONE STOP,1
2008,non_geographic,SAMPSON - PROVISIONAL,1
2008,non_geographic,SAMPSON - TRANSFER,1
2008,non_geographic,SCOTLAND - ABSENTEE BY MAIL,1
2008,non_geographic,SCOTLAND - CURBSIDE,1
2008,non_geographic,SCOTLAND - ONE STOP,1
2008,non_geographic,SCOTLAND - PROVISIONAL,1
2008,non_geographic,SCOTLAND - TRANSFER,1
2008,non_geographic,STANLY - ABSENTEE BY MAIL,1
2008,non_geographic,STANLY - ONE STOP,1
2008,non_geographic,STANLY - PROVISIONAL,1
2008,non_geographic,STANLY - TRANSFER,1
2008,non_geographic,STOKES - ABSENTEE BY MAIL,1
2008,non_geographic,STOKES - ONE STOP,1
2008,non_geographic,STOKES - PROVISIONAL,1
2008,non_geographic,SURRY - ABSENTEE BY MAIL,1
2008,non_geographic,SURRY - CURBSIDE,1
2008,non_geographic,SURRY - ONE STOP,1
2008,non_geographic,SURRY - PROVISIONAL,1
2008,non_geographic,SURRY - TRANSFER,1
2008,non_geographic,UNION - ABSENTEE BY MAIL,1
2008,non_geographic,UNION - CURBSIDE,1
2008,non_geographic,UNION - PROVISIONAL,1
2008,non_geographic,VANCE - ABSENTEE BY MAIL,1
2008,non_geographic,VANCE - CURBSIDE,1
2008,non_geographic,VANCE - ONE STOP,1
2008,non_geographic,VANCE - PROVISIONAL,1
2008,non_geographic,VANCE - TRANSFER,1
2008,non_geographic,WAKE - ABSENTEE BY MAIL,1
2008,non_geographic,WAKE - ONE STOP,1
2008,non_geographic,WAKE - PROVISIONAL,1
2008,non_geographic,WAKE - TRANSFER,1
2008,non_geographic,WASHINGTON - ABSENTEE BY MAIL,1
2008,non_geographic,WASHINGTON - ONE STOP,1
2008,non_geographic,WASHINGTON - PROVISIONAL,1
2008,non_geographic,WASHINGTON - TRANSFER,1
2008,non_geographic,WATAUGA - ABSENTEE BY MAIL,1
2008,non_geographic,WATAUGA - ONE STOP,1
2008,non_geographic,WATAUGA - PROVISIONAL,1
2008,non_geographic,WATAUGA - TRANSFER,1
2008,non_geographic,WAYNE - ABSENTEE BY MAIL,1
2008,non_geographic,WAYNE - ONE STOP,1
2008,non_geographic,WAYNE - PROVISIONAL,1
2008,non_geographic,WAYNE - TRANSFER,1
2008,non_geographic,WILKES - ABSENTEE BY MAIL,1
2008,non_geographic,WILKES - ONE STOP,1
2008,non_geographic,WILKES - PROVISIONAL,1
2008,non_geographic,WILKES - TRANSFER,1
2008,non_geographic,WILSON - ABSENTEE BY MAIL,1
2008,non_geographic,WILSON - CURBSIDE,1
2008,non_geographic,WILSON - PROVISIONAL,1
2008,non_geographic,WILSON - TRANSFER,1
2008,non_geographic,YADKIN - ABSENTEE BY MAIL,1
2008,non_geographic,YADKIN - ONE STOP,1
2008,non_geographic,YADKIN - PROVISIONAL,1
2008,non_geographic,YANCEY - ABSENTEE BY MAIL,1
2008,non_geographic,YANCEY - CURBSIDE,1
2008,non_geographic,YANCEY - ONE STOP,1
2008,non_geographic,YANCEY - PROVISIONAL,1
2008,non_geographic,YANCEY - TRANSFER,1
2008,unmatched,ALAMANCE - WEST BOONE SAT,1
2008,unmatched,BRUNSWICK - BELVILLE,1
2008,unmatched,BRUNSWICK - MOSQUITO,1
2008,unmatched,BRUNSWICK - SHINGLETREE I,1
2008,unmatched,CHATHAM - CAROLINA MEADOWS,1
2008,unmatched,CHEROKEE - BEAVERDAM Y,1
2008,unmatched,CHEROKEE - BEAVERDAM Z,1
2008,unmatched,CHEROKEE - NOTLA Y,1
2008,unmatched,CHEROKEE - NOTLA Z,1
2008,unmatched,CUMBERLAND - CLIFFDALE WEST,1
2008,unmatched,DAVIDSON - ABBOTTS CREEK 1 #86,1
2008,unmatched,GUILFORD - FR5,1
2008,unmatched,GUILFORD - G41,1
2008,unmatched,HARNETT - NEILLS CREEK,1
2008,unmatched,HENDERSON - CAROLINA VILLAGE,1
2008,unmatched,JACKSON - SCOTTS CREEK 1,1
2008,unmatched,JACKSON - SCOTTS CREEK 2,1
2008,unmatched,JACKSON - SCOTTS CREEK 3,1
2008,unmatched,JONES - TRANSERS,1
2008,unmatched,MOORE - PHA - PINEHURST A,1
2008,unmatched,NASH - MANNINGS NO 1,1
2008,unmatched,NASH - MANNINGS NO 2,1
2008,unmatched,NASH - NORTH WHITAKERS NO 1,1
2008,unmatched,NASH - NORTH WHITAKERS NO 2,1
2008,unmatched,NASH - ROCKY MOUNT NO 1,1
2008,unmatched,NASH - ROCKY MOUNT NO 10,1
2008,unmatched,NASH - ROCKY MOUNT NO 2,1
2008,unmatched,NASH - ROCKY MOUNT NO 3,1
2008,unmatched,NASH - ROCKY MOUNT NO 4,1
2008,unmatched,NASH - ROCKY MOUNT NO 5,1
2008,unmatched,NASH - ROCKY MOUNT NO 6,1
2008,unmatched,NASH - ROCKY MOUNT NO 7,1
2008,unmatched,NASH - ROCKY MOUNT NO 8,1
2008,unmatched,NASH - ROCKY MOUNT NO 9,1
2008,unmatched,PITT - GREENVILLE #4,1
2008,unmatched,PITT - WINTERVILLE CENTRAL A,1
2008,unmatched,PITT - WINTERVILLE EAST A,1
2008,unmatched,PITT - WINTERVILLE EAST B,1
2008,unmatched,ROBESON - LUMBERTON #11A,1
2008,unmatched,ROCKINGHAM - AYERS VALLEY,1
2008,unmatched,ROCKINGHAM - COURTLAND,1
2008,unmatched,ROCKINGHAM - MADISON,1
2008,unmatched,ROCKINGHAM - VANCE,1
2008,unmatched,ROWAN - NORTH GRANITE QUARRY,1
2008,unmatched,ROWAN - SOUTH GRANITE QUARRY,1
2008,unmatched,RUTHERFORD - DANIELTOWN-SULPHUR SPRING,1
2008,unmatched,RUTHERFORD - DUNCAN CREEK-GOLDEN VALLE,1
2008,unmatched,TRANSYLVANIA - BALSAM GROVE,1
2008,unmatched,TRANSYLVANIA - GLOUCESTER,1
2008,unmatched,TRANSYLVANIA - LAKE TOXAWAY,1
2008,unmatched,TRANSYLVANIA - QUEBEC,1
2008,unmatched,TRANSYLVANIA - SAPPHIRE WHITEWATER,1
2008,unmatched,WAYNE - UNIVERSAL,1
2010,non_geographic,ALEXANDER - ABSENTEE BY MAIL,1
2010,non_geographic,ALEXANDER - ONE STOP,1
2010,non_geographic,ALEXANDER - PROVISIONAL,1
2010,non_geographic,ALLEGHANY - ABSENTEE BY MAIL,1
2010,non_geographic,ALLEGHANY - CURBSIDE,1
2010,non_geographic,ALLEGHANY - ONE STOP,1
2010,non_geographic,ALLEGHANY - PROVISIONAL,1
2010,non_geographic,ASHE - ABSENTEE BY MAIL,1
2010,non_geographic,ASHE - ONE STOP,1
2010,non_geographic,ASHE - PROVISIONAL,1
2010,non_geographic,AVERY - ABSENTEE BY MAIL,1
2010,non_geographic,AVERY - ONE STOP,1
2010,non_geographic,AVERY - PROVISIONAL,1
2010,non_geographic,BEAUFORT - ABSENTEE BY MAIL,1
2010,non_geographic,BEAUFORT - ONE STOP,1
2010,non_geographic,BEAUFORT - PROVISIONAL,1
2010,non_geographic,BERTIE - ABSENTEE BY MAIL,1
2010,non_geographic,BERTIE - ONE STOP,1
2010,non_geographic,BERTIE - PROVISIONAL,1
2010,non_geographic,BLADEN - ABSENTEE BY MAIL,1
2010,non_geographic,BLADEN - CURBSIDE,1
2010,non_geographic,BLADEN - ONE STOP,1
2010,non_geographic,BLADEN - PROVISIONAL,1
2010,non_geographic,BRUNSWICK - ABSENTEE BY MAIL,1
2010,non_geographic,BRUNSWICK - CURBSIDE,1
2010,non_geographic,BRUNSWICK - PROVISIONAL,1
2010,non_geographic,BUNCOMBE - ABSENTEE BY MAIL,1
2010,non_geographic,BUNCOMBE - CURBSIDE,1
2010,non_geographic,BUNCOMBE - ONE STOP,1
2010,non_geographic,BUNCOMBE - PROVISIONAL,1
2010,non_geographic,BUNCOMBE - TRANSFER,1
2010,non_geographic,BURKE - ABSENTEE BY MAIL,1
2010,non_geographic,BURKE - ONE STOP,1
2010,non_geographic,BURKE - PROVISIONAL,1
2010,non_geographic,BURKE - TRANSFER,1
2010,non_geographic,CABARRUS - ABSENTEE BY MAIL,1
2010,non_geographic,CABARRUS - ONE STOP,1
2010,non_geographic,CABARRUS - PROVISIONAL,1
2010,non_geographic,CABARRUS - TRANSFER,1
2010,non_geographic,CALDWELL - ABSENTEE BY MAIL,1
2010,non_geographic,CALDWELL - ONE STOP,1
2010,non_geographic,CALDWELL - PROVISIONAL,1
2010,non_geographic,CAMDEN - ABSENTEE BY MAIL,1
2010,non_geographic,CAMDEN - ONE STOP,1
2010,non_geographic,CAMDEN - PROVISIONAL,1
2010,non_geographic,CAMDEN - TRANSFER,1
2010,non_geographic,CARTERET - ABSENTEE BY MAIL,1
2010,non_geographic,CARTERET - ONE STOP,1
2010,non_geographic,CARTERET - PROVISIONAL,1
2010,non_geographic,CARTERET - TRANSFER,1
2010,non_geographic,CASWELL - ABSENTEE BY MAIL,1
2010,non_geographic,CASWELL - CURBSIDE,1
2010,non_geographic,CASWELL - PROVISIONAL,1
2010,non_geographic,CATAWBA - ABSENTEE BY MAIL,1
2010,non_geographic,CATAWBA - CURBSIDE,1
2010,non_geographic,CATAWBA - PROVISIONAL,1
2010,non_geographic,CHATHAM - ABSENTEE BY MAIL,1
2010,non_geographic,CHATHAM - ONE STOP,1
2010,non_geographic,CHATHAM - PROVISIONAL,1
2010,non_geographic,CHEROKEE - ABSENTEE BY MAIL,1
2010,non_geographic,CHEROKEE - CURBSIDE,1
2010,non_geographic,CHEROKEE - PROVISIONAL,1
2010,non_geographic,CHEROKEE - TRANSFER,1
2010,non_geographic,CHOWAN - ABSENTEE BY MAIL,1
2010,non_geographic,CHOWAN - ONE STOP,1
2010,non_geographic,CHOWAN - PROVISIONAL,1
2010,non_geographic,CHOWAN - TRANSFER,1
2010,non_geographic,COLUMBUS - ABSENTEE BY MAIL,1
2010,non_geographic,COLUMBUS - ONE STOP,1
2010,non_geographic,COLUMBUS - PROVISIONAL,1
2010,non_geographic,CRAVEN - ABSENTEE BY MAIL,1
2010,non_geographic,CRAVEN - CURBSIDE,1
2010,non_geographic,CRAVEN - ONE STOP,1
2010,non_geographic,CRAVEN - PROVISIONAL,1
2010,non_geographic,CRAVEN - TRANSFER,1
2010,non_geographic,CUMBERLAND - ABSENTEE BY MAIL,1
2010,non_geographic,CUMBERLAND - ONE STOP,1
2010,non_geographic,CUMBERLAND - PROVISIONAL,1
2010,non_geographic,CUMBERLAND - TRANSFER,1
2010,non_geographic,CURRITUCK - ABSENTEE BY MAIL,1
2010,non_geographic,CURRITUCK - ONE STOP,1
2010,non_geographic,CURRITUCK - PROVISIONAL,1
2010,non_geographic,DARE - ABSENTEE BY MAIL,1
2010,non_geographic,DARE - CURBSIDE,1
2010,non_geographic,DARE - ONE STOP,1
2010,non_geographic,DARE - PROVISIONAL,1
2010,non_geographic,DAVIDSON - ABSENTEE BY MAIL,1
2010,non_geographic,DAVIDSON - CURBSIDE,1
2010,non_geographic,DAVIDSON - PROVISIONAL,1
2010,non_geographic,DAVIE - ABSENTEE BY MAIL,1
2010,non_geographic,DAVIE - CURBSIDE,1
2010,non_geographic,DAVIE - PROVISIONAL,1
2010,non_geographic,DUPLIN - ABSENTEE BY MAIL,1
2010,non_geographic,DUPLIN - ONE STOP,1
2010,non_geographic,DUPLIN - PROVISIONAL,1
2010,non_geographic,DUPLIN - TRANSFER,1
2010,non_geographic,DURHAM - ABSENTEE BY MAIL,1
2010,non_geographic,DURHAM - ONE STOP,1
2010,non_geographic,DURHAM - PROVISIONAL,1
2010,non_geographic,EDGECOMBE - ABSENTEE BY MAIL,1
2010,non_geographic,EDGECOMBE - ONE STOP,1
2010,non_geographic,EDGECOMBE - PROVISIONAL,1
2010,non_geographic,GASTON - ABSENTEE BY MAIL,1
2010,non_geographic,GASTON - ONE STOP,1
2010,non_geographic,GASTON - PROVISIONAL,1
2010,non_geographic,GASTON - TRANSFER,1
2010,non_geographic,GATES - ABSENTEE BY MAIL,1
2010,non_geographic,GATES - ONE STOP,1
2010,non_geographic,GATES - PROVISIONAL,1
2010,non_geographic,GREENE - ABSENTEE BY MAIL,1
2010,non_geographic,GREENE - ONE STOP,1
2010,non_geographic,GREENE - PROVISIONAL,1
2010,non_geographic,GREENE - TRANSFER,1
2010,non_geographic,GUILFORD - ABSENTEE BY MAIL,1
2010,non_geographic,HALIFAX - ABSENTEE BY MAIL,1
2010,non_geographic,HALIFAX - CURBSIDE,1
2010,non_geographic,HALIFAX - ONE STOP,1
2010,non_geographic,HALIFAX - PROVISIONAL,1
2010,non_geographic,HALIFAX - TRANSFER,1
2010,non_geographic,HARNETT - ABSENTEE BY MAIL,1
2010,non_geographic,HARNETT - ONE STOP,1
2010,non_geographic,HARNETT - PROVISIONAL,1
2010,non_geographic,HAYWOOD - ABSENTEE BY MAIL,1
2010,non_geographic,HAYWOOD - CURBSIDE,1
2010,non_geographic,HAYWOOD - PROVISIONAL,1
2010,non_geographic,HAYWOOD - TRANSFER,1
2010,non_geographic,HENDERSON - ABSENTEE BY MAIL,1
2010,non_geographic,HENDERSON - CURBSIDE,1
2010,non_geographic,HENDERSON - EV_ETOWAH VALLEY,1
2010,non_geographic,HENDERSON - PROVISIONAL,1
2010,non_geographic,HERTFORD - ABSENTEE BY MAIL,1
2010,non_geographic,HERTFORD - ONE STOP,1
2010,non_geographic,HERTFORD - PROVISIONAL,1
2010,non_geographic,HYDE - ABSENTEE BY MAIL,1
2010,non_geographic,HYDE - ONE STOP,1
2010,non_geographic,HYDE - PROVISIONAL,1
2010,non_geographic,IREDELL - ABSENTEE BY MAIL,1
2010,non_geographic,IREDELL - ONE STOP,1
2010,non_geographic,IREDELL - PROVISIONAL,1
2010,non_geographic,JACKSON - ABSENTEE BY MAIL,1
2010,non_geographic,JACKSON - CURBSIDE,1
2010,non_geographic,JACKSON - PROVISIONAL,1
2010,non_geographic,JACKSON - TRANSFER,1
2010,non_geographic,JOHNSTON - ABSENTEE BY MAIL,1
2010,non_geographic,JOHNSTON - ONE STOP,1
2010,non_geographic,JOHNSTON - PROVISIONAL,1
2010,non_geographic,JONES - ABSENTEE BY MAIL,1
2010,non_geographic,JONES - ONE STOP,1
2010,non_geographic,JONES - PROVISIONAL,1
2010,non_geographic,JONES - TRANSFER,1
2010,non_geographic,LEE - ABSENTEE BY MAIL,1
2010,non_geographic,LEE - CURBSIDE,1
2010,non_geographic,LEE - ONE STOP,1
2010,non_geographic,LEE - PROVISIONAL,1
2010,non_geographic,LENOIR - ABSENTEE BY MAIL,1
2010,non_geographic,LENOIR - CURBSIDE,1
2010,non_geographic,LENOIR - PROVISIONAL,1
2010,non_geographic,LINCOLN - ABSENTEE BY MAIL,1
2010,non_geographic,LINCOLN - ONE STOP,1
2010,non_geographic,LINCOLN - PROVISIONAL,1
2010,non_geographic,LINCOLN - TRANSFER,1
2010,non_geographic,MACON - ABSENTEE BY MAIL,1
2010,non_geographic,MACON - ONE STOP,1
2010,non_geographic,MACON - PROVISIONAL,1
2010,non_geographic,MACON - TRANSFER,1
2010,non_geographic,MADISON - ABSENTEE BY MAIL,1
2010,non_geographic,MADISON - CURBSIDE,1
2010,non_geographic,MADISON - PROVISIONAL,1
2010,non_geographic,MADISON - TRANSFER,1
2010,non_geographic,MARTIN - ABSENTEE BY MAIL,1
2010,non_geographic,MARTIN - ONE STOP,1
2010,non_geographic,MARTIN - PROVISIONAL,1
2010,non_geographic,MCDOWELL - ABSENTEE BY MAIL,1
2010,non_geographic,MCDOWELL - ONE STOP,1
2010,non_geographic,MCDOWELL - PROVISIONAL,1
2010,non_geographic,MECKLENBURG - ABSENTEE BY MAIL,1
2010,non_geographic,MECKLENBURG - CURBSIDE,1
2010,non_geographic,MECKLENBURG - PROVISIONAL,1
2010,non_geographic,MITCHELL - ABSENTEE BY MAIL,1
2010,non_geographic,MITCHELL - ONE STOP,1
2010,non_geographic,MITCHELL - PROVISIONAL,1
2010,non_geographic,MONTGOMERY - ABSENTEE BY MAIL,1
2010,non_geographic,MONTGOMERY - ONE STOP,1
2010,non_geographic,MONTGOMERY - PROVISIONAL,1
2010,non_geographic,MOORE - ABSENTEE BY MAIL,1
2010,non_geographic,MOORE - CURBSIDE,1
2010,non_geographic,MOORE - ONE STOP,1
2010,non_geographic,MOORE - PROVISIONAL,1
2010,non_geographic,NASH - ABSENTEE BY MAIL,1
2010,non_geographic,NASH - ONE STOP,1
2010,non_geographic,NASH - PROVISIONAL,1
2010,non_geographic,NEW HANOVER - ABSENTEE BY MAIL,1
2010,non_geographic,NEW HANOVER - PROVISIONAL,1
2010,non_geographic,NEW HANOVER - TRANSFER,1
2010,non_geographic,NORTHAMPTON - ABSENTEE BY MAIL,1
2010,non_geographic,NORTHAMPTON - ONE STOP,1
2010,non_geographic,NORTHAMPTON - PROVISIONAL,1
2010,non_geographic,ONSLOW - ABSENTEE BY MAIL,1
2010,non_geographic,ONSLOW - ONE STOP,1
2010,non_geographic,ONSLOW - PROVISIONAL,1
2010,non_geographic,ONSLOW - TRANSFER,1
2010,non_geographic,ORANGE - ABSENTEE BY MAIL,1
2010,non_geographic,ORANGE - ONE STOP,1
2010,non_geographic,ORANGE - PROVISIONAL,1
2010,non_geographic,PAMLICO - ABSENTEE BY MAIL,1
2010,non_geographic,PAMLICO - CURBSIDE,1
2010,non_geographic,PAMLICO - ONE STOP,1
2010,non_geographic,PAMLICO - PROVISIONAL,1
2010,non_geographic,PAMLICO - TRANSFER,1
2010,non_geographic,PASQUOTANK - ABSENTEE BY MAIL,1
2010,non_geographic,PASQUOTANK - ONE STOP,1
2010,non_geographic,PASQUOTANK - PROVISIONAL,1
2010,non_geographic,PENDER - ABSENTEE BY MAIL,1
2010,non_geographic,PENDER - CURBSIDE,1
2010,non_geographic,PENDER - PROVISIONAL,1
2010,non_geographic,PERQUIMANS - ABSENTEE BY MAIL,1
2010,non_geographic,PERQUIMANS - ONE STOP,1
2010,non_geographic,PERQUIMANS - PROVISIONAL,1
2010,non_geographic,PITT - ABSENTEE BY MAIL,1
2010,non_geographic,PITT - ONE STOP,1
2010,non_geographic,PITT - PROVISIONAL,1
2010,non_geographic,PITT - TRANSFER,1
2010,non_geographic,RANDOLPH - ABSENTEE BY MAIL,1
2010,non_geographic,RANDOLPH - ONE STOP,1
2010,non_geographic,RANDOLPH - PROVISIONAL,1
2010,non_geographic,RICHMOND - ABSENTEE BY MAIL,1
2010,non_geographic,RICHMOND - ONE STOP,1
2010,non_geographic,RICHMOND - PROVISIONAL,1
2010,non_geographic,ROBESON - ABSENTEE BY MAIL,1
2010,non_geographic,ROBESON - CURBSIDE,1
2010,non_geographic,ROBESON - ONE STOP,1
2010,non_geographic,ROBESON - PROVISIONAL,1
2010,non_geographic,ROBESON - TRANSFER,1
2010,non_geographic,ROWAN - ABSENTEE BY MAIL,1
2010,non_geographic,ROWAN - ONE STOP,1
2010,non_geographic,ROWAN - PROVISIONAL,1
2010,non_geographic,ROWAN - TRANSFER,1
2010,non_geographic,RUTHERFORD - ABSENTEE BY MAIL,1
2010,non_geographic,RUTHERFORD - CURBSIDE,1
2010,non_geographic,RUTHERFORD - PROVISIONAL,1
2010,non_geographic,SAMPSON - ABSENTEE BY MAIL,1
2010,non_geographic,SAMPSON - CURBSIDE,1
2010,non_geographic,SAMPSON - ONE STOP,1
2010,non_geographic,SAMPSON - PROVISIONAL,1
2010,non_geographic,SCOTLAND - ABSENTEE BY MAIL,1
2010,non_geographic,SCOTLAND - ONE STOP,1
2010,non_geographic,SCOTLAND - PROVISIONAL,1
2010,non_geographic,STANLY - ABSENTEE BY MAIL,1
2010,non_geographic,STANLY - ONE STOP,1
2010,non_geographic,STANLY - PROVISIONAL,1
2010,non_geographic,STANLY - TRANSFER,1
2010,non_geographic,STOKES - ABSENTEE BY MAIL,1
2010,non_geographic,STOKES - ONE STOP,1
2010,non_geographic,STOKES - PROVISIONAL,1
2010,non_geographic,SURRY - ABSENTEE BY MAIL,1
2010,non_geographic,SURRY - CURBSIDE,1
2010,non_geographic,SURRY - PROVISIONAL,1
2010,non_geographic,TYRRELL - ABSENTEE BY MAIL,1
2010,non_geographic,TYRRELL - CURBSIDE,1
2010,non_geographic,TYRRELL - ONE STOP,1
2010,non_geographic,TYRRELL - PROVISIONAL,1
2010,non_geographic,TYRRELL - TRANSFER,1
2010,non_geographic,UNION - ABSENTEE BY MAIL,1
2010,non_geographic,UNION - CURBSIDE,1
2010,non_geographic,UNION - PROVISIONAL,1
2010,non_geographic,UNION - TRANSFER,1
2010,non_geographic,WAKE - ABSENTEE BY MAIL,1
2010,non_geographic,WAKE - ONE STOP,1
2010,non_geographic,WAKE - PROVISIONAL,1
2010,non_geographic,WAKE - TRANSFER,1
2010,non_geographic,WASHINGTON - ABSENTEE BY MAIL,1
2010,non_geographic,WASHINGTON - ONE STOP,1
2010,non_geographic,WASHINGTON - PROVISIONAL,1
2010,non_geographic,WATAUGA - ABSENTEE BY MAIL,1
2010,non_geographic,WATAUGA - ONE STOP,1
2010,non_geographic,WATAUGA - PROVISIONAL,1
2010,non_geographic,WATAUGA - TRANSFER,1
2010,non_geographic,WAYNE - ABSENTEE BY MAIL,1
2010,non_geographic,WAYNE - ONE STOP,1
2010,non_geographic,WAYNE - PROVISIONAL,1
2010,non_geographic,WAYNE - TRANSFER,1
2010,non_geographic,WILKES - ABSENTEE BY MAIL,1
2010,non_geographic,WILKES - ONE STOP,1
2010,non_geographic,WILKES - PROVISIONAL,1
2010,non_geographic,WILKES - TRANSFER,1
2010,non_geographic,WILSON - ABSENTEE BY MAIL,1
2010,non_geographic,WILSON - CURBSIDE,1
2010,non_geographic,WILSON - ONE STOP,1
2010,non_geographic,WILSON - PROVISIONAL,1
2010,non_geographic,YADKIN - ABSENTEE BY MAIL,1
2010,non_geographic,YADKIN - ONE STOP,1
2010,non_geographic,YADKIN - PROVISIONAL,1
2010,non_geographic,YANCEY - ABSENTEE BY MAIL,1
2010,non_geographic,YANCEY - ONE STOP,1
2010,non_geographic,YANCEY - PROVISIONAL,1
2010,unmatched,UNION - 020B_WAXHAW BIBLE CHURCH,1
2012,ambiguous,BUNCOMBE - 01.1_STEPHENS LEE COMMUNITY CENTER,10
2012,ambiguous,BUNCOMBE - 02.1_WILLIAM RANDOLPH SCHOOL,10
2012,ambiguous,BUNCOMBE - 03.1_ST MARKS LUTHERAN CHURCH,10
2012,ambiguous,BUNCOMBE - 04.1_NORTH ASHEVILLE COMMUNITY CENTER,10
2012,ambiguous,BUNCOMBE - 05.1_ST EUGENES CHURCH,10
2012,ambiguous,BUNCOMBE - 06.1_TRINITY PRESBYTERIAN CHURCH,10
2012,ambiguous,BUNCOMBE - 07.1_KENILWORTH PRESBYTERIAN CHURCH,10
2012,ambiguous,BUNCOMBE - 09.1_MURPHY-OAKLEY COMMUNITY CENTER,10
2012,ambiguous,BUNCOMBE - 10.1_DR WESLEY GRANT SR SOUTHSIDE CENTER,10
2012,ambiguous,BUNCOMBE - 11.1_ASHEVILLE SENIOR OPPORTUNITY CENTER,10
2012,ambiguous,BUNCOMBE - 12.1_HALL FLETCHER SCHOOL,10
2012,ambiguous,BUNCOMBE - 13.1_WEST ASHEVILLE CHURCH OF GOD,10
2012,ambiguous,BUNCOMBE - 15.1_VANCE ELEMENTARY SCHOOL,10
2012,ambiguous,BUNCOMBE - 16.2_WEST ASHEVILLE LIBRARY,10
2012,ambiguous,BUNCOMBE - 17.1_BETH ISRAEL SYNAGOGUE,10
2012,ambiguous,BUNCOMBE - 18.2_TC ROBERSON HIGH SCHOOL,10
2012,ambiguous,BUNCOMBE - 19.1_SKYLAND FIRE DEPARTMENT,10
2012,ambiguous,BUNCOMBE - 20.1_BOARD OF ELECTIONS OFFICE,10
2012,ambiguous,BUNCOMBE - 21.1_HAW CREEK ELEMENTARY SCHOOL,10
2012,ambiguous,BUNCOMBE - 22.2_IRA B JONES SCHOOL AUDITORIUM,10
2012,ambiguous,BUNCOMBE - 24.1_CROSSROADS ASSEMBLY,10
2012,ambiguous,BUNCOMBE - 25.1_CHARLES C BELL SCHOOL,10
2012,ambiguous,BUNCOMBE - 26.1_ASHEVILLE SCHOOL ATHLETIC CENTER,10
2012,ambiguous,BUNCOMBE - 27.2_BEAVERDAM COMMUNITY CENTER,10
2012,ambiguous,BUNCOMBE - 28.1_COVENANT REFORMED PRESBYTERIAN,10
2012,ambiguous,BUNCOMBE - 29.2_NEW HOPE PRESBYTERIAN,10
2012,ambiguous,BUNCOMBE - 31.1_BILTMORE FOREST TOWN HALL,10
2012,ambiguous,BUNCOMBE - 32.1_OWEN MIDDLE SCHOOL,10
2012,ambiguous,BUNCOMBE - 34.1_LAKE TOMAHAWK,10
2012,ambiguous,BUNCOMBE - 35.1_CARVER COMMUNITY CENTER,10
2012,ambiguous,BUNCOMBE - 36.1_MONTREAT CONFERENCE CENTER - WALKUP BUILDING,10
2012,ambiguous,BUNCOMBE - 37.1_GARREN CREEK FIRE DEPARTMENT,10
2012,ambiguous,BUNCOMBE - 40.2_NORTH BUNCOMBE ELEMENTARY SCHOOL,10
2012,ambiguous,BUNCOMBE - 41.1_FRENCH BROAD FIRE DEPT,10
2012,ambiguous,BUNCOMBE - 42.1_EMMA ELEMENTARY SCHOOL,10
2012,ambiguous,BUNCOMBE - 43.2_JOHNSTON SCHOOL,10
2012,ambiguous,BUNCOMBE - 44.1_NEW MORGAN HILL BAPTIST CHURCH,10
2012,ambiguous,BUNCOMBE - 45.1_ENKA MIDDLE SCHOOL,10
2012,ambiguous,BUNCOMBE - 46.1_ARBORETUM,10
2012,ambiguous,BUNCOMBE - 47.1_PISGAH ELEMENTARY SCHOOL,10
2012,ambiguous,BUNCOMBE - 48.1_HOMINY VALLEY ELEMENTARY,10
2012,ambiguous,BUNCOMBE - 49.1_POLE CREEK BAPTIST CHURCH,10
2012,ambiguous,BUNCOMBE - 50.1_BARNARDSVILLE SCHOOL,10
2012,ambiguous,BUNCOMBE - 51.2_NORTH WINDY RIDGE SCHOOL,10
2012,ambiguous,BUNCOMBE - 52.1_LEICESTER SCHOOL,10
2012,ambiguous,BUNCOMBE - 53.1_LEICESTER COMMUNITY CENTER,10
2012,ambiguous,BUNCOMBE - 54.2_LUTHERAN CHURCH OF THE NATIVITY,10
2012,ambiguous,BUNCOMBE - 55.1_GLEN ARDEN SCHOOL,10
2012,ambiguous,BUNCOMBE - 56.2_ARDEN FIRST BAPTIST CHURCH,10
2012,ambiguous,BUNCOMBE - 57.1_SKYLAND FIRE DEPARTMENT BISHOP SUBSTATION,10
2012,ambiguous,BUNCOMBE - 58.1_NORTH BUNCOMBE MIDDLE SCHOOL,10
2012,ambiguous,BUNCOMBE - 59.1_FIRST BORN BAPTIST CHURCH,10
2012,ambiguous,BUNCOMBE - 61.1_RICEVILLE COMMUNITY CENTER,10
2012,ambiguous,BUNCOMBE - 62.1_GRASSY BRANCH BAPTIST,10
2012,ambiguous,BUNCOMBE - 63.1_SANDY MUSH COMMUNITY CENTER,10
2012,ambiguous,BUNCOMBE - 64.1_FIRST BAPTIST OF SWANNANOA,10
2012,ambiguous,BUNCOMBE - 65.1_WD WILLIAMS ELEMENTARY,10
2012,ambiguous,BUNCOMBE - 66.1_BEE TREE FIRE DEPARTMENT,10
2012,ambiguous,BUNCOMBE - 67.1_WEAVERVILLE TOWN HALL,10
2012,ambiguous,BUNCOMBE - 69.1_FIREMEN TRAINING CENTER,10
2012,ambiguous,BUNCOMBE - 70.1_WOODFIN COMMUNITY CENTER,10
2012,ambiguous,BUNCOMBE - 71.1_WOODLAND HILLS BAPTIST CHURCH,10
2012,ambiguous,BURKE - 0029-A_LOWER FORK-A,10
2012,ambiguous,BURKE - 0029-B_LOWER FORK-B,10
2012,ambiguous,CUMBERLAND - EO61-1_EASTOVER 1,10
2012,ambiguous,CUMBERLAND - EO61-2_EASTOVER 2,10
2012,ambiguous,CUMBERLAND - G11A-1_SPRING LAKE-1-G11,10
2012,ambiguous,CUMBERLAND - G11A-2_SPRING LAKE-2-G11,10
2012,ambiguous,CUMBERLAND - G2C-1_CROSS CREEK 23-1-G2,10
2012,ambiguous,CUMBERLAND - G2C-2_CROSS CREEK 23-2-G2,10
2012,ambiguous,DURHAM - 01_BROGDEN MIDDLE SCHOOL,10
2012,ambiguous,DURHAM - 02_GEORGE WATTS ELEMENTARY,10
2012,ambiguous,DURHAM - 03_E K POWE ELEMENTARY,10
2012,ambiguous,DURHAM - 04_SCHOOL OF SCIENCE AND MATH,10
2012,ambiguous,DURHAM - 05_PATTERSON REC CENTER,10
2012,ambiguous,GASTON - 01_YORK CHESTER,10
2012,ambiguous,HALIFAX - RR1-2_ROANOKE RAPIDS 1-2,10
2012,ambiguous,IREDELL - DV1-A_DAVIDSON #1-A,10
2012,ambiguous,IREDELL - DV1-B_DAVIDSON #1-B,10
2012,ambiguous,WAKE - 16-08,10
2012,ambiguous,WAKE - 17-08,10
2012,ambiguous,WAKE - 20-13,10
2012,non_geographic,ALAMANCE - ABSENTEE BY MAIL,10
2012,non_geographic,ALAMANCE - CURBSIDE,10
2012,non_geographic,ALAMANCE - PROVISIONAL,10
2012,non_geographic,ALEXANDER - ABSENTEE BY MAIL,10
2012,non_geographic,ALEXANDER - ONE STOP,10
2012,non_geographic,ALEXANDER - PROVISIONAL,10
2012,non_geographic,ALLEGHANY - ABSENTEE BY MAIL,10
2012,non_geographic,ALLEGHANY - CURBSIDE,10
2012,non_geographic,ALLEGHANY - PROVISIONAL,10
2012,non_geographic,ANSON - ABSENTEE BY MAIL,10
2012,non_geographic,ANSON - ONE STOP,10
2012,non_geographic,ANSON - PROVISIONAL,10
2012,non_geographic,ASHE - ABSENTEE BY MAIL,10
2012,non_geographic,ASHE - ONE STOP,10
2012,non_geographic,ASHE - PROVISIONAL,10
2012,non_geographic,AVERY - ABSENTEE BY MAIL,10
2012,non_geographic,AVERY - ONE STOP,10
2012,non_geographic,AVERY - PROVISIONAL,10
2012,non_geographic,BEAUFORT - ABSENTEE BY MAIL,10
2012,non_geographic,BEAUFORT - ONE STOP,10
2012,non_geographic,BEAUFORT - PROVISIONAL,10
2012,non_geographic,BERTIE - ABSENTEE BY MAIL,10
2012,non_geographic,BERTIE - ONE STOP,10
2012,non_geographic,BERTIE - PROVISIONAL,10
2012,non_geographic,BLADEN - ABSENTEE BY MAIL,10
2012,non_geographic,BLADEN - CURBSIDE,10
2012,non_geographic,BLADEN - ONE STOP,10
2012,non_geographic,BLADEN - PROVISIONAL,10
2012,non_geographic,BLADEN - TRANSFER,10
2012,non_geographic,BRUNSWICK - ABSENTEE BY MAIL,10
2012,non_geographic,BRUNSWICK - CURBSIDE,10
2012,non_geographic,BRUNSWICK - PROVISIONAL,10
2012,non_geographic,BUNCOMBE - ABSENTEE BY MAIL,10
2012,non_geographic,BUNCOMBE - ONE STOP,10
2012,non_geographic,BUNCOMBE - PROVISIONAL,10
2012,non_geographic,BUNCOMBE - TRANSFER,10
2012,non_geographic,BURKE - ABSENTEE BY MAIL,10
2012,non_geographic,BURKE - ONE STOP,10
2012,non_geographic,BURKE - PROVISIONAL,10
2012,non_geographic,CABARRUS - ABSENTEE BY MAIL,10
2012,non_geographic,CABARRUS - ONE STOP,10
2012,non_geographic,CABARRUS - PROVISIONAL,10
2012,non_geographic,CABARRUS - TRANSFER,10
2012,non_geographic,CALDWELL - ABSENTEE BY MAIL,10
2012,non_geographic,CALDWELL - ONE STOP,10
2012,non_geographic,CALDWELL - PROVISIONAL,10
2012,non_geographic,CAMDEN - ABSENTEE BY MAIL,10
2012,non_geographic,CAMDEN - ONE STOP,10
2012,non_geographic,CAMDEN - PROVISIONAL,10
2012,non_geographic,CARTERET - ABSENTEE BY MAIL,10
2012,non_geographic,CARTERET - ONE STOP,10
2012,non_geographic,CARTERET - PROVISIONAL,10
2012,non_geographic,CARTERET - TRANSFER,10
2012,non_geographic,CASWELL - ABSENTEE BY MAIL,10
2012,non_geographic,CASWELL - PROVISIONAL,10
2012,non_geographic,CATAWBA - ABSENTEE BY MAIL,10
2012,non_geographic,CATAWBA - CURBSIDE,10
2012,non_geographic,CATAWBA - PROVISIONAL,10
2012,non_geographic,CHATHAM - ABSENTEE BY MAIL,10
2012,non_geographic,CHATHAM - ONE STOP,10
2012,non_geographic,CHATHAM - PROVISIONAL,10
2012,non_geographic,CHOWAN - ABSENTEE BY MAIL,10
2012,non_geographic,CHOWAN - ONE STOP,10
2012,non_geographic,CHOWAN - PROVISIONAL,10
2012,non_geographic,CHOWAN - TRANSFER,10
2012,non_geographic,COLUMBUS - ABSENTEE BY MAIL,10
2012,non_geographic,COLUMBUS - ONE STOP,10
2012,non_geographic,COLUMBUS - PROVISIONAL,10
2012,non_geographic,CRAVEN - ABSENTEE BY MAIL,10
2012,non_geographic,CRAVEN - ONE STOP,10
2012,non_geographic,CRAVEN - PROVISIONAL,10
2012,non_geographic,CRAVEN - TRANSFER,10
2012,non_geographic,CUMBERLAND - ABSENTEE BY MAIL,10
2012,non_geographic,CUMBERLAND - ONE STOP,10
2012,non_geographic,CUMBERLAND - PROVISIONAL,10
2012,non_geographic,CUMBERLAND - TRANSFER,10
2012,non_geographic,CURRITUCK - ABSENTEE BY MAIL,10
2012,non_geographic,CURRITUCK - ONE STOP,10
2012,non_geographic,CURRITUCK - PROVISIONAL,10
2012,non_geographic,CURRITUCK - TRANSFER,10
2012,non_geographic,DARE - ABSENTEE BY MAIL,10
2012,non_geographic,DARE - CURBSIDE,10
2012,non_geographic,DARE - PROVISIONAL,10
2012,non_geographic,DAVIDSON - ABSENTEE BY MAIL,10
2012,non_geographic,DAVIDSON - CURBSIDE,10
2012,non_geographic,DAVIDSON - ONE STOP,10
2012,non_geographic,DAVIDSON - PROVISIONAL,10
2012,non_geographic,DAVIDSON - TRANSFER,10
2012,non_geographic,DAVIE - ABSENTEE BY MAIL,10
2012,non_geographic,DAVIE - CURBSIDE,10
2012,non_geographic,DAVIE - PROVISIONAL,10
2012,non_geographic,DUPLIN - ABSENTEE BY MAIL,10
2012,non_geographic,DUPLIN - ONE STOP,10
2012,non_geographic,DUPLIN - PROVISIONAL,10
2012,non_geographic,DUPLIN - TRANSFER,10
2012,non_geographic,DURHAM - ABSENTEE BY MAIL,10
2012,non_geographic,DURHAM - ONE STOP,10
2012,non_geographic,DURHAM - PROVISIONAL,10
2012,non_geographic,DURHAM - TRANSFER,10
2012,non_geographic,EDGECOMBE - ABSENTEE BY MAIL,10
2012,non_geographic,EDGECOMBE - ONE STOP,10
2012,non_geographic,EDGECOMBE - PROVISIONAL,10
2012,non_geographic,GASTON - ABSENTEE BY MAIL,10
2012,non_geographic,GASTON - ONE STOP,10
2012,non_geographic,GASTON - PROVISIONAL,10
2012,non_geographic,GATES - ABSENTEE BY MAIL,10
2012,non_geographic,GATES - ONE STOP,10
2012,non_geographic,GATES - PROVISIONAL,10
2012,non_geographic,GREENE - ABSENTEE BY MAIL,10
2012,non_geographic,GREENE - ONE STOP,10
2012,non_geographic,GREENE - PROVISIONAL,10
2012,non_geographic,GREENE - TRANSFER,10
2012,non_geographic,GUILFORD - CURBSIDE,10
2012,non_geographic,GUILFORD - PROVISIONAL,10
2012,non_geographic,HALIFAX - ABSENTEE BY MAIL,10
2012,non_geographic,HALIFAX - ONE STOP,10
2012,non_geographic,HALIFAX - PROVISIONAL,10
2012,non_geographic,HARNETT - ABSENTEE BY MAIL,10
2012,non_geographic,HARNETT - ONE STOP,10
2012,non_geographic,HARNETT - PROVISIONAL,10
2012,non_geographic,HAYWOOD - ABSENTEE BY MAIL,10
2012,non_geographic,HAYWOOD - PROVISIONAL,10
2012,non_geographic,HENDERSON - ABSENTEE BY MAIL,10
2012,non_geographic,HENDERSON - CURBSIDE,10
2012,non_geographic,HENDERSON - EV_ETOWAH VALLEY,10
2012,non_geographic,HENDERSON - PROVISIONAL,10
2012,non_geographic,HERTFORD - ABSENTEE BY MAIL,10
2012,non_geographic,HERTFORD - ONE STOP,10
2012,non_geographic,HERTFORD - PROVISIONAL,10
2012,non_geographic,HOKE - ABSENTEE BY MAIL,10
2012,non_geographic,HOKE - PROVISIONAL,10
2012,non_geographic,HYDE - ABSENTEE BY MAIL,10
2012,non_geographic,HYDE - ONE STOP,10
2012,non_geographic,HYDE - PROVISIONAL,10
2012,non_geographic,HYDE - TRANSFER,10
2012,non_geographic,IREDELL - ABSENTEE BY MAIL,10
2012,non_geographic,IREDELL - ONE STOP,10
2012,non_geographic,IREDELL - PROVISIONAL,10
2012,non_geographic,JACKSON - ABSENTEE BY MAIL,10
2012,non_geographic,JACKSON - CURBSIDE,10
2012,non_geographic,JACKSON - PROVISIONAL,10
2012,non_geographic,JACKSON - TRANSFER,10
2012,non_geographic,JOHNSTON - ABSENTEE BY MAIL,10
2012,non_geographic,JOHNSTON - ONE STOP,10
2012,non_geographic,JOHNSTON - PROVISIONAL,10
2012,non_geographic,JONES - ABSENTEE BY MAIL,10
2012,non_geographic,JONES - ONE STOP,10
2012,non_geographic,JONES - PROVISIONAL,10
2012,non_geographic,JONES - TRANSFER,10
2012,non_geographic,LEE - ABSENTEE BY MAIL,10
2012,non_geographic,LEE - ONE STOP,10
2012,non_geographic,LEE - PROVISIONAL,10
2012,non_geographic,LENOIR - ABSENTEE BY MAIL,10
2012,non_geographic,LENOIR - CURBSIDE,10
2012,non_geographic,LENOIR - PROVISIONAL,10
2012,non_geographic,LINCOLN - ABSENTEE BY MAIL,10
2012,non_geographic,LINCOLN - ONE STOP,10
2012,non_geographic,LINCOLN - PROVISIONAL,10
2012,non_geographic,LINCOLN - TRANSFER,10
2012,non_geographic,MACON - ABSENTEE BY MAIL,10
2012,non_geographic,MACON - ONE STOP,10
2012,non_geographic,MACON - PROVISIONAL,10
2012,non_geographic,MACON - TRANSFER,10
2012,non_geographic,MADISON - ABSENTEE BY MAIL,10
2012,non_geographic,MADISON - CURBSIDE,10
2012,non_geographic,MADISON - PROVISIONAL,10
2012,non_geographic,MARTIN - ABSENTEE BY MAIL,10
2012,non_geographic,MARTIN - ONE STOP,10
2012,non_geographic,MARTIN - PROVISIONAL,10
2012,non_geographic,MECKLENBURG - ABSENTEE BY MAIL,10
2012,non_geographic,MECKLENBURG - CURBSIDE,10
2012,non_geographic,MECKLENBURG - PROVISIONAL,10
2012,non_geographic,MITCHELL - ABSENTEE BY MAIL,10
2012,non_geographic,MITCHELL - ONE STOP,10
2012,non_geographic,MITCHELL - PROVISIONAL,10
2012,non_geographic,MONTGOMERY - ABSENTEE BY MAIL,10
2012,non_geographic,MONTGOMERY - ONE STOP,10
2012,non_geographic,MONTGOMERY - PROVISIONAL,10
2012,non_geographic,MOORE - ABSENTEE BY MAIL,10
2012,non_geographic,MOORE - ONE STOP,10
2012,non_geographic,MOORE - PROVISIONAL,10
2012,non_geographic,NASH - ABSENTEE BY MAIL,10
2012,non_geographic,NASH - ONE STOP,10
2012,non_geographic,NASH - PROVISIONAL,10
2012,non_geographic,NEW HANOVER - ABSENTEE BY MAIL,10
2012,non_geographic,NEW HANOVER - ONE STOP,10
2012,non_geographic,NEW HANOVER - PROVISIONAL,10
2012,non_geographic,NORTHAMPTON - ABSENTEE BY MAIL,10
2012,non_geographic,NORTHAMPTON - ONE STOP,10
2012,non_geographic,NORTHAMPTON - PROVISIONAL,10
2012,non_geographic,ONSLOW - ABSENTEE BY MAIL,10
2012,non_geographic,ONSLOW - ONE STOP,10
2012,non_geographic,ONSLOW - PROVISIONAL,10
2012,non_geographic,ONSLOW - TRANSFER,10
2012,non_geographic,ORANGE - ABSENTEE BY MAIL,10
2012,non_geographic,ORANGE - ONE STOP,10
2012,non_geographic,ORANGE - PROVISIONAL,10
2012,non_geographic,PAMLICO - ABSENTEE BY MAIL,10
2012,non_geographic,PAMLICO - CURBSIDE,10
2012,non_geographic,PAMLICO - PROVISIONAL,10
2012,non_geographic,PASQUOTANK - ABSENTEE BY MAIL,10
2012,non_geographic,PASQUOTANK - ONE STOP,10
2012,non_geographic,PASQUOTANK - PROVISIONAL,10
2012,non_geographic,PENDER - ABSENTEE BY MAIL,10
2012,non_geographic,PENDER - CURBSIDE,10
2012,non_geographic,PENDER - ONE STOP,10
2012,non_geographic,PENDER - PROVISIONAL,10
2012,non_geographic,PERQUIMANS - ABSENTEE BY MAIL,10
2012,non_geographic,PERQUIMANS - CURBSIDE,10
2012,non_geographic,PERQUIMANS - PROVISIONAL,10
2012,non_geographic,PITT - ABSENTEE BY MAIL,10
2012,non_geographic,PITT - ONE STOP,10
2012,non_geographic,PITT - PROVISIONAL,10
2012,non_geographic,PITT - TRANSFER,10
2012,non_geographic,RANDOLPH - ABSENTEE BY MAIL,10
2012,non_geographic,RANDOLPH - ONE STOP,10
2012,non_geographic,RANDOLPH - PROVISIONAL,10
2012,non_geographic,RICHMOND - ABSENTEE BY MAIL,10
2012,non_geographic,RICHMOND - ONE STOP,10
2012,non_geographic,RICHMOND - PROVISIONAL,10
2012,non_geographic,ROBESON - ABSENTEE BY MAIL,10
2012,non_geographic,ROBESON - CURBSIDE,10
2012,non_geographic,ROBESON - ONE STOP,10
2012,non_geographic,ROBESON - PROVISIONAL,10
2012,non_geographic,ROBESON - TRANSFER,10
2012,non_geographic,ROWAN - ABSENTEE BY MAIL,10
2012,non_geographic,ROWAN - ONE STOP,10
2012,non_geographic,ROWAN - PROVISIONAL,10
2012,non_geographic,ROWAN - TRANSFER,10
2012,non_geographic,RUTHERFORD - ABSENTEE BY MAIL,10
2012,non_geographic,RUTHERFORD - CURBSIDE,10
2012,non_geographic,RUTHERFORD - PROVISIONAL,10
2012,non_geographic,RUTHERFORD - TRANSFER,10
2012,non_geographic,SAMPSON - ABSENTEE BY MAIL,10
2012,non_geographic,SAMPSON - CURBSIDE,10
2012,non_geographic,SAMPSON - ONE STOP,10
2012,non_geographic,SAMPSON - PROVISIONAL,10
2012,non_geographic,SAMPSON - TRANSFER,10
2012,non_geographic,SCOTLAND - ABSENTEE BY MAIL,10
2012,non_geographic,SCOTLAND - ONE STOP,10
2012,non_geographic,SCOTLAND - PROVISIONAL,10
2012,non_geographic,STANLY - ABSENTEE BY MAIL,10
2012,non_geographic,STANLY - ONE STOP,10
2012,non_geographic,STANLY - PROVISIONAL,10
2012,non_geographic,STANLY - TRANSFER,10
2012,non_geographic,STOKES - ABSENTEE BY MAIL,10
2012,non_geographic,STOKES - ONE STOP,10
2012,non_geographic,STOKES - PROVISIONAL,10
2012,non_geographic,SURRY - ABSENTEE BY MAIL,10
2012,non_geographic,SURRY - CURBSIDE,10
2012,non_geographic,SURRY - PROVISIONAL,10
2012,non_geographic,TYRRELL - ABSENTEE BY MAIL,10
2012,non_geographic,TYRRELL - ONE STOP,10
2012,non_geographic,TYRRELL - PROVISIONAL,10
2012,non_geographic,UNION - ABSENTEE BY MAIL,10
2012,non_geographic,UNION - CURBSIDE,10
2012,non_geographic,UNION - PROVISIONAL,10
2012,non_geographic,UNION - TRANSFER,10
2012,non_geographic,WAKE - ABSENTEE BY MAIL,10
2012,non_geographic,WAKE - ONE STOP,10
2012,non_geographic,WAKE - PROVISIONAL,10
2012,non_geographic,WAKE - TRANSFER,10
2012,non_geographic,WASHINGTON - ABSENTEE BY MAIL,10
2012,non_geographic,WASHINGTON - ONE STOP,10
2012,non_geographic,WASHINGTON - PROVISIONAL,10
2012,non_geographic,WATAUGA - ABSENTEE BY MAIL,10
2012,non_geographic,WATAUGA - ONE STOP,10
2012,non_geographic,WATAUGA - PROVISIONAL,10
2012,non_geographic,WATAUGA - TRANSFER,10
2012,non_geographic,WAYNE - ABSENTEE BY MAIL,10
2012,non_geographic,WAYNE - ONE STOP,10
2012,non_geographic,WAYNE - PROVISIONAL,10
2012,non_geographic,WAYNE - TRANSFER,10
2012,non_geographic,WILKES - ABSENTEE BY MAIL,10
2012,non_geographic,WILKES - ONE STOP,10
2012,non_geographic,WILKES - PROVISIONAL,10
2012,non_geographic,WILKES - TRANSFER,10
2012,non_geographic,WILSON - ABSENTEE BY MAIL,10
2012,non_geographic,WILSON - CURBSIDE,10
2012,non_geographic,WILSON - PROVISIONAL,10
2012,non_geographic,YADKIN - ABSENTEE BY MAIL,10
2012,non_geographic,YADKIN - ONE STOP,10
2012,non_geographic,YADKIN - PROVISIONAL,10
2012,non_geographic,YANCEY - ABSENTEE BY MAIL,10
2012,non_geographic,YANCEY - ONE STOP,10
2012,non_geographic,YANCEY - PROVISIONAL,10
2012,unmatched,ALAMANCE - 03S_SOUTH BOONE,10
2012,unmatched,ALEXANDER - G1_GWALTNEY #1,10
2012,unmatched,ALEXANDER - G2_GWALTNEY #2,10
2012,unmatched,ALEXANDER - L_LITTLE RIVER,10
2012,unmatched,ALEXANDER - S1_SHARPES #1,10
2012,unmatched,ALEXANDER - S2_SHARPES #2,10
2012,unmatched,ALEXANDER - SL_SUGAR LOAF,10
2012,unmatched,ALEXANDER - T1_TAYLORSVILLE #1,10
2012,unmatched,ALEXANDER - T2_TAYLORSVILLE #2,10
2012,unmatched,ALEXANDER - T3_TAYLORSVILLE #3,10
2012,unmatched,ALEXANDER - T4_TAYLORSVILLE #4,10
2012,unmatched,ALEXANDER - T5_TAYLORSVILLE #5,10
2012,unmatched,ALLEGHANY - 02_CRANBERRY,10
2012,unmatched,ALLEGHANY - 05_PINEY CREEK,10
2012,unmatched,ALLEGHANY - 07_WHITEHEAD,10
2012,unmatched,ANSON - W1_WADESBORO 1,10
2012,unmatched,ANSON - W2_WADESBORO 2,10
2012,unmatched,ANSON - W3_WADESBORO 3,10
2012,unmatched,BRUNSWICK - 04C_BELVILLE 3,10
2012,unmatched,BURKE - 0053_SILVER CREEK 03,10
2012,unmatched,BURKE - 0065_BURKEMONT,10
2012,unmatched,CABARRUS - ACCUMULATED,10
2012,unmatched,CALDWELL - ACCUMULATED,10
2012,unmatched,CALDWELL - PR01_GAMEWELL #1,10
2012,unmatched,CALDWELL - PR02_GAMEWELL #2,10
2012,unmatched,CALDWELL - PR05_HUDSON #1,10
2012,unmatched,CALDWELL - PR06_HUDSON #2,10
2012,unmatched,CALDWELL - PR07_GLOBE/JOHNS RIVER/MULBERRY/WILSON CREEK,10
2012,unmatched,CALDWELL - PR13_LITTLE RIVER,10
2012,unmatched,CALDWELL - PR14_LOVELADY-RHODHISS,10
2012,unmatched,CALDWELL - PR15_LOVELADY-TWO,10
2012,unmatched,CALDWELL - PR16_LOWER CREEK #1,10
2012,unmatched,CALDWELL - PR17_LOWER CREEK #2,10
2012,unmatched,CALDWELL - PR18_LOWER CREEK #3,10
2012,unmatched,CALDWELL - PR21_NORTH CATAWBA,10
2012,unmatched,CALDWELL - PR22_NORTH CATAWBA #2,10
2012,unmatched,CALDWELL - PR24_SAWMILLS #1,10
2012,unmatched,CALDWELL - PR25_SAWMILLS #2,10
2012,unmatched,CALDWELL - PR28_LOVELADY-ONE,10
2012,unmatched,CALDWELL - PR29_LENOIR #29,10
2012,unmatched,CALDWELL - PR30_LENOIR #30,10
2012,unmatched,CALDWELL - PR31_LOWER CREEK #31,10
2012,unmatched,CARTERET - ATCS_ATLANTIC/CEDAR ISLAND/SEA LEVEL,10
2012,unmatched,CARTERET - IBSP_INDIAN BEACH/SALTER PATH,10
2012,unmatched,CARTERET - OTBE_OTWAY/STRAITS/BETTIE,10
2012,unmatched,CARTERET - PKNL_PINE KNOLL SHORES,10
2012,unmatched,CASWELL - HIGH_HIGHTOWERS,10
2012,unmatched,CHATHAM - 20_THREE RIVERS,10
2012,unmatched,CHATHAM - 24_HARPERS CROSSROADS,10
2012,unmatched,CHATHAM - 45_OAKLAND,10
2012,unmatched,CHATHAM - 6_BENNETT,10
2012,unmatched,CHATHAM - 73_CAROLINA MEADOWS,10
2012,unmatched,CHATHAM - MCH110_MANNS CHAPEL,10
2012,unmatched,CHATHAM - PIT113_PITTSBORO,10
2012,unmatched,CLEVELAND - B SPGS,10
2012,unmatched,CLEVELAND - H SPGS,10
2012,unmatched,CLEVELAND - S 1,10
2012,unmatched,CLEVELAND - S 2,10
2012,unmatched,CLEVELAND - S 3,10
2012,unmatched,CLEVELAND - S 6,10
2012,unmatched,CLEVELAND - S 7,10
2012,unmatched,CLEVELAND - S 8,10
2012,unmatched,COLUMBUS - P03_BUG HILL 1,10
2012,unmatched,COLUMBUS - P04_BUG HILL 2,10
2012,unmatched,COLUMBUS - P05_BUG HILL  3,10
2012,unmatched,COLUMBUS - P08_CHERRY GROVE,10
2012,unmatched,COLUMBUS - P09_FAIR BLUFF,10
2012,unmatched,COLUMBUS - P10_EAST LEES,10
2012,unmatched,COLUMBUS - P12_SOUTH LEES,10
2012,unmatched,COLUMBUS - P13_WEST LEES,10
2012,unmatched,COLUMBUS - P18_WESTERN PRONG,10
2012,unmatched,COLUMBUS - P21_NORTH WHITEVILLE,10
2012,unmatched,CRAVEN - 04_RHEMS,10
2012,unmatched,CRAVEN - 06_CLARKS,10
2012,unmatched,CRAVEN - 08_COVE CITY,10
2012,unmatched,CRAVEN - 09_DOVER,10
2012,unmatched,CRAVEN - 10_FORT BARNWELL,10
2012,unmatched,CRAVEN - 12_TRUITT,10
2012,unmatched,CRAVEN - 13_ERNUL,10
2012,unmatched,CRAVEN - 14_VANCEBORO,10
2012,unmatched,CRAVEN - 15_EPWORTH,10
2012,unmatched,CRAVEN - 22_WEST HAVELOCK,10
2012,unmatched,CRAVEN - N3_GROVER C. FIELDS,10
2012,unmatched,CRAVEN - N5_GLENBURNIE PARK,10
2012,unmatched,CUMBERLAND - CC05_CROSS CREEK 05,10
2012,unmatched,CUMBERLAND - CC19_CROSS CREEK 19,10
2012,unmatched,CUMBERLAND - G2B_CROSS CREEK 22-G2,10
2012,unmatched,CUMBERLAND - G2D_LONGHILL-G2,10
2012,unmatched,CURRITUCK - CI_CHURCHS ISLAND,10
2012,unmatched,CURRITUCK - MY_MOYOCK,10
2012,unmatched,DARE - ACCUMULATED,10
2012,unmatched,DURHAM - 39_ST. STEPHENS EPISCOPAL,10
2012,unmatched,FORSYTH - 011_GLENN HIGH SCHOOL,10
2012,unmatched,FORSYTH - 072_SOUTHWEST ELEMENTARY,10
2012,unmatched,FORSYTH - 082_EAST FORSYTH HIGH SCHOOL,10
2012,unmatched,FORSYTH - 122_GRIFFITH FIRE STATION,10
2012,unmatched,FORSYTH - 201_BROWN-DOUGLAS REC CTR,10
2012,unmatched,FORSYTH - 507_SEDGE GARDEN REC CTR,10
2012,unmatched,FORSYTH - ACCUMULATED,10
2012,unmatched,GASTON - ACCUMULATED,10
2012,unmatched,HALIFAX - LIT 1_LITTLETON 1,10
2012,unmatched,HALIFAX - LIT 2_LITTLETON 2,10
2012,unmatched,HALIFAX - RR 6_ROANOKE RAPIDS 6,10
2012,unmatched,HALIFAX - RR 8_ROANOKE RAPIDS 8,10
2012,unmatched,HALIFAX - RR 9_ROANOKE RAPIDS 9,10
2012,unmatched,HALIFAX - WEL 2_WELDON 2,10
2012,unmatched,HARNETT - PR30_CENTRAL HARNETT,10
2012,unmatched,HENDERSON - CV_CAROLINA VILLAGE,10
2012,unmatched,HOKE - ACCUMULATED,10
2012,unmatched,JACKSON - ACCUMULATED,10
2012,unmatched,JACKSON - DIL_DILLSBORO,10
2012,unmatched,JACKSON - SNW_SYLVA-NORTH WD,10
2012,unmatched,LEE - ACCUMULATED,10
2012,unmatched,LINCOLN - CR06_CROUSE,10
2012,unmatched,LINCOLN - HG17_HICKORY GROVE,10
2012,unmatched,LINCOLN - HV07_HEAVNERS,10
2012,unmatched,LINCOLN - LM16_LOVE MEMORIAL,10
2012,unmatched,LINCOLN - LS15_LONG SHOALS,10
2012,unmatched,LINCOLN - NB03_NORTH BROOK III,10
2012,unmatched,LINCOLN - NB09_NORTH BROOK,10
2012,unmatched,LINCOLN - OG10_OAK GROVE,10
2012,unmatched,LINCOLN - TE27_TRIANGLE EAST,10
2012,unmatched,LINCOLN - TR30_TRIANGLE,10
2012,unmatched,MARTIN - HS_HASSELL,10
2012,unmatched,MARTIN - PP_POPLAR POINT,10
2012,unmatched,MARTIN - R1_ROBERSONVILLE 1,10
2012,unmatched,MARTIN - R2_ROBERSONVILLE 2,10
2012,unmatched,MARTIN - W_WILLIAMS,10
2012,unmatched,MOORE - EUR_EUREKA,10
2012,unmatched,NASH - 0002_SOUTH WHITAKERS,10
2012,unmatched,NASH - 0005_DRYWELLS,10
2012,unmatched,NASH - 0006_FERRELLS,10
2012,unmatched,NASH - 0008_JACKSONS,10
2012,unmatched,NASH - 0011_MANNINGS #1,10
2012,unmatched,NASH - 0012_MANNINGS #2,10
2012,unmatched,NASH - 0021_NORTH WHITAKERS #1,10
2012,unmatched,NASH - 0022_NORTH WHITAKERS #2,10
2012,unmatched,NASH - 0031_ROCKY MOUNT #1,10
2012,unmatched,NASH - 0032_ROCKY MOUNT #2,10
2012,unmatched,NASH - 0033_ROCKY MOUNT #3,10
2012,unmatched,NASH - 0034_ROCKY MOUNT #4,10
2012,unmatched,NASH - 0035_ROCKY MOUNT #5,10
2012,unmatched,NASH - 0036_ROCKY MOUNT #6,10
2012,unmatched,NASH - 0037_ROCKY MOUNT #7,10
2012,unmatched,NASH - 0038_ROCKY MOUNT #8,10
2012,unmatched,NASH - 0039_ROCKY MOUNT #9,10
2012,unmatched,NASH - 0040A_ROCKY MOUNT #10,10
2012,unmatched,NASH - 0041_STONY CREEK,10
2012,unmatched,NASH - 0042_ROCKY MOUNT #11,10
2012,unmatched,NEW HANOVER - FP02,10
2012,unmatched,NEW HANOVER - FP05,10
2012,unmatched,NEW HANOVER - H03,10
2012,unmatched,NEW HANOVER - H09,10
2012,unmatched,NEW HANOVER - W13,10
2012,unmatched,NEW HANOVER - W18,10
2012,unmatched,NEW HANOVER - W24,10
2012,unmatched,NEW HANOVER - W28,10
2012,unmatched,NORTHAMPTON - CONWAY,10
2012,unmatched,NORTHAMPTON - GARYSB_URG,10
2012,unmatched,NORTHAMPTON - JACKSO_N,10
2012,unmatched,NORTHAMPTON - MILWAU_KEE,10
2012,unmatched,NORTHAMPTON - PENDLE_TON,10
2012,unmatched,NORTHAMPTON - POTECA_SI,10
2012,unmatched,NORTHAMPTON - REHOBE_OTH,10
2012,unmatched,NORTHAMPTON - WOODLA_ND,10
2012,unmatched,ORANGE - BC_BOOKER CREEK,10
2012,unmatched,ORANGE - BP_BATTLE PARK,10
2012,unmatched,ORANGE - CP_CAMERON PARK,10
2012,unmatched,ORANGE - GR_GREENWOOD,10
2012,unmatched,ORANGE - LC_LIONS CLUB,10
2012,unmatched,ORANGE - LI_LINCOLN,10
2012,unmatched,ORANGE - MF_MASON FARM,10
2012,unmatched,PAMLICO - 1AL A_ALLIANCE,10
2012,unmatched,PAMLICO - 1GB_GRANTSBORO,10
2012,unmatched,PAMLICO - 2SW_STONEWALL,10
2012,unmatched,PAMLICO - 3BY_BAYBORO,10
2012,unmatched,PAMLICO - 4HB_HOBUCKEN,10
2012,unmatched,PAMLICO - 4MSIC_MESIC,10
2012,unmatched,PAMLICO - 4VM A_VANDEMERE,10
2012,unmatched,PASQUOTANK - 1-A_ELIZABETH CITY,10
2012,unmatched,PASQUOTANK - 1-B_ELIZABETH CITY,10
2012,unmatched,PASQUOTANK - 2-A_ELIZABETH CITY,10
2012,unmatched,PASQUOTANK - 2-B_ELIZABETH CITY,10
2012,unmatched,PASQUOTANK - 3-A_ELIZABETH CITY,10
2012,unmatched,PASQUOTANK - 3-B_ELIZABETH CITY,10
2012,unmatched,PASQUOTANK - 4-A_ELIZABETH CITY,10
2012,unmatched,PASQUOTANK - 4-B_ELIZABETH CITY,10
2012,unmatched,PENDER - MH07_MIDDLE HOLLY,10
2012,unmatched,PENDER - PL10_PENDERLEA,10
2012,unmatched,PERSON - BFRK_BUSHY FORK,10
2012,unmatched,PERSON - HUML_HURDLE MILLS,10
2012,unmatched,PERSON - ROX1_ROXBORO 1,10
2012,unmatched,PERSON - ROX2_ROXBORO 2,10
2012,unmatched,PERSON - ROX3_ROXBORO 3,10
2012,unmatched,PERSON - RX1A_ROXBORO 1A,10
2012,unmatched,POLK - ACCUMULATED,10
2012,unmatched,RANDOLPH - 01_ARCHDALE 1,10
2012,unmatched,RANDOLPH - 02_ARCHDALE 2,10
2012,unmatched,RANDOLPH - 03_ARCHDALE 3,10
2012,unmatched,RANDOLPH - 04_ASHEBORO ARMORY,10
2012,unmatched,RANDOLPH - 05_ASHEBORO EASTSIDE,10
2012,unmatched,RANDOLPH - 06_ASHEBORO LINDLEY PARK,10
2012,unmatched,RANDOLPH - 07_ASHEBORO LOFLIN,10
2012,unmatched,RANDOLPH - 08_ASHEBORO MCCRARY,10
2012,unmatched,RANDOLPH - 09_ASHEBORO NORTH 1,10
2012,unmatched,RANDOLPH - 10_ASHEBORO NORTH 2,10
2012,unmatched,RANDOLPH - 11_ASHEBORO SOUTHPOINTE,10
2012,unmatched,RANDOLPH - 12_ASHEBORO WESTSIDE,10
2012,unmatched,RANDOLPH - 14_BROWER,10
2012,unmatched,RANDOLPH - 15_CEDAR GROVE EAST,10
2012,unmatched,RANDOLPH - 16_CEDAR GROVE WEST,10
2012,unmatched,RANDOLPH - 17_COLERIDGE,10
2012,unmatched,RANDOLPH - 18_CONCORD,10
2012,unmatched,RANDOLPH - 19_FALLS,10
2012,unmatched,RANDOLPH - 20_FRANKLINVILLE,10
2012,unmatched,RANDOLPH - 24_NEW HOPE,10
2012,unmatched,RANDOLPH - 25_NEW MARKET NORTH,10
2012,unmatched,RANDOLPH - 26_NEW MARKET SOUTH,10
2012,unmatched,RANDOLPH - 27_PLEASANT GROVE,10
2012,unmatched,RANDOLPH - 28_PROSPECT,10
2012,unmatched,RANDOLPH - 29_PROVIDENCE 1,10
2012,unmatched,RANDOLPH - 30_PROVIDENCE 2,10
2012,unmatched,RANDOLPH - 32_RANDLEMAN EAST,10
2012,unmatched,RANDOLPH - 33_RANDLEMAN WEST,10
2012,unmatched,RANDOLPH - 34_RICHLAND,10
2012,unmatched,RANDOLPH - 37_TRINITY EAST,10
2012,unmatched,RANDOLPH - 39_TRINITY WEST,10
2012,unmatched,RANDOLPH - 40_UNION,10
2012,unmatched,RICHMOND - ACCUMULATED,10
2012,unmatched,ROBESON - 05_FAIRMONT #1,10
2012,unmatched,ROBESON - 06_FAIRMONT #2,10
2012,unmatched,ROBESON - 26_RED SPRINGS #1,10
2012,unmatched,ROBESON - 27_RED SPRINGS #2,10
2012,unmatched,ROBESON - 31_NORTH ST PAULS,10
2012,unmatched,ROBESON - 32_SOUTH ST PAULS,10
2012,unmatched,ROBESON - ACCUMULATED,10
2012,unmatched,SCOTLAND - 08,10
2012,unmatched,SCOTLAND - 09,10
2012,unmatched,STANLY - 0002_ALBEMARLE NUMBER 2,10
2012,unmatched,STANLY - 0007_ALBEMARLE NUMBER 7,10
2012,unmatched,STANLY - 0008_ALBEMARLE NUMBER 8,10
2012,unmatched,STANLY - 0010_ALBEMARLE NUMBER 10,10
2012,unmatched,STANLY - 0012_NORTH ALBEMARLE,10
2012,unmatched,STANLY - 0013_SOUTH ALBEMARLE,10
2012,unmatched,STANLY - 0020_ALMOND,10
2012,unmatched,STOKES - 06_FRANS,10
2012,unmatched,STOKES - 18_FREEMAN,10
2012,unmatched,SURRY - 02_DOBSON #1,10
2012,unmatched,SURRY - 03_DOBSON #2,10
2012,unmatched,SURRY - 06_ELKIN #1,10
2012,unmatched,SURRY - 07_ELKIN #2,10
2012,unmatched,SURRY - 08_ELKIN #3,10
2012,unmatched,SURRY - 13_MT AIRY #2,10
2012,unmatched,SURRY - 14_MT AIRY #4,10
2012,unmatched,SURRY - 20_PILOT #1,10
2012,unmatched,SURRY - 21_PILOT #2,10
2012,unmatched,SURRY - 33_MT AIRY #3,10
2012,unmatched,SWAIN - ACCUMULATED,10
2012,unmatched,UNION - 020B_WAXHAW BIBLE CHURCH,10
2012,unmatched,WAYNE - 19,10
2012,unmatched,WAYNE - 20,10
2012,unmatched,WAYNE - 25,10
2012,unmatched,WAYNE - 30,10
2012,unmatched,WILKES - 110_JOBS CABIN,10
2012,unmatched,WILKES - 120_ROCK CREEK #1,10
2012,unmatched,WILKES - 121_ROCK CREEK #2,10
2012,unmatched,WILKES - 123_TRAPHILL #1,10
2012,unmatched,WILKES - 124_TRAPHILL #2,10
2012,unmatched,YANCEY - ACCUMULATED,10
2014,ambiguous,BUNCOMBE - 68.1,1
2014,ambiguous,BUNCOMBE - 681,1
2014,ambiguous,BURKE - 0029-A,1
2014,ambiguous,BURKE - 0029-B,1
2014,ambiguous,CABARRUS - 01-06,1
2014,ambiguous,CABARRUS - 01-09,1
2014,ambiguous,CABARRUS - 04-02,1
2014,ambiguous,CABARRUS - 04-04,1
2014,ambiguous,CABARRUS - 04-05,1
2014,ambiguous,CABARRUS - 04-06,1
2014,ambiguous,CABARRUS - 04-07,1
2014,ambiguous,CABARRUS - 04-10,1
2014,ambiguous,CABARRUS - 12-01,1
2014,ambiguous,CABARRUS - 12-02,1
2014,ambiguous,CABARRUS - 12-06,1
2014,ambiguous,CABARRUS - 12-07,1
2014,ambiguous,CABARRUS - 12-10,1
2014,ambiguous,CALDWELL - PR08,1
2014,ambiguous,CUMBERLAND - AL51,1
2014,ambiguous,CUMBERLAND - EO61-1,1
2014,ambiguous,CUMBERLAND - EO61-2,1
2014,ambiguous,CUMBERLAND - G11A-1,1
2014,ambiguous,CUMBERLAND - G11A-2,1
2014,ambiguous,CUMBERLAND - G2C-2,1
2014,ambiguous,CUMBERLAND - G3A-2,1
2014,ambiguous,DURHAM - 30-1,1
2014,ambiguous,DURHAM - 33,1
2014,ambiguous,DURHAM - 35.3,1
2014,ambiguous,GATES - 4N,1
2014,ambiguous,GATES - 4S,1
2014,ambiguous,ROBESON - 11A,1
2014,ambiguous,WAKE - 01-07A,1
2014,ambiguous,WAKE - 03-00,1
2014,ambiguous,WAKE - 06-09,1
2014,ambiguous,WAKE - 07-07A,1
2014,ambiguous,WAKE - 10-04,1
2014,ambiguous,WAKE - 12-05,1
2014,ambiguous,WAKE - 16-08,1
2014,ambiguous,WAKE - 17-04,1
2014,ambiguous,WAKE - 17-08,1
2014,ambiguous,WAKE - 19-04,1
2014,ambiguous,WAKE - 19-10,1
2014,ambiguous,WAKE - 19-12,1
2014,ambiguous,WAKE - 20-13,1
2014,non_geographic,ALAMANCE - ABSENTEE BY MAIL,1
2014,non_geographic,ALAMANCE - PROVISIONAL,1
2014,non_geographic,ALLEGHANY - ABSENTEE BY MAIL,1
2014,non_geographic,ALLEGHANY - CURBSIDE,1
2014,non_geographic,ALLEGHANY - PROVISIONAL,1
2014,non_geographic,ANSON - ABSENTEE BY MAIL,1
2014,non_geographic,ANSON - PROVISIONAL,1
2014,non_geographic,ASHE - ABSENTEE BY MAIL,1
2014,non_geographic,ASHE - PROVISIONAL,1
2014,non_geographic,AVERY - ABSENTEE BY MAIL,1
2014,non_geographic,AVERY - PROVISIONAL,1
2014,non_geographic,AVERY - TRANSFER,1
2014,non_geographic,BEAUFORT - ABSENTEE BY MAIL,1
2014,non_geographic,BEAUFORT - PROVISIONAL,1
2014,non_geographic,BEAUFORT - TRANSFER,1
2014,non_geographic,BERTIE - ABSENTEE BY MAIL,1
2014,non_geographic,BERTIE - PROVISIONAL,1
2014,non_geographic,BLADEN - ABSENTEE BY MAIL,1
2014,non_geographic,BLADEN - PROVISIONAL,1
2014,non_geographic,BRUNSWICK - ABSENTEE BY MAIL,1
2014,non_geographic,BRUNSWICK - CURBSIDE,1
2014,non_geographic,BRUNSWICK - PROVISIONAL,1
2014,non_geographic,BUNCOMBE - ABSENTEE BY MAIL,1
2014,non_geographic,BUNCOMBE - PROVISIONAL,1
2014,non_geographic,BUNCOMBE - TRANSFER,1
2014,non_geographic,BURKE - ABSENTEE BY MAIL,1
2014,non_geographic,BURKE - PROVISIONAL,1
2014,non_geographic,BURKE - TRANSFER,1
2014,non_geographic,CABARRUS - ABSENTEE BY MAIL,1
2014,non_geographic,CABARRUS - PROVISIONAL,1
2014,non_geographic,CABARRUS - TRANSFER,1
2014,non_geographic,CALDWELL - ABSENTEE BY MAIL,1
2014,non_geographic,CALDWELL - PROVISIONAL,1
2014,non_geographic,CAMDEN - ABSENTEE BY MAIL,1
2014,non_geographic,CAMDEN - PROVISIONAL,1
2014,non_geographic,CARTERET - ABSENTEE BY MAIL,1
2014,non_geographic,CARTERET - PROVISIONAL,1
2014,non_geographic,CARTERET - TRANSFER,1
2014,non_geographic,CATAWBA - ABSENTEE BY MAIL,1
2014,non_geographic,CATAWBA - PROVISIONAL,1
2014,non_geographic,CHATHAM - ABSENTEE BY MAIL,1
2014,non_geographic,CHATHAM - PROVISIONAL,1
2014,non_geographic,CHOWAN - ABSENTEE BY MAIL,1
2014,non_geographic,CHOWAN - PROVISIONAL,1
2014,non_geographic,CHOWAN - TRANSFER,1
2014,non_geographic,COLUMBUS - ABSENTEE BY MAIL,1
2014,non_geographic,COLUMBUS - PROVISIONAL,1
2014,non_geographic,CUMBERLAND - ABSENTEE BY MAIL,1
2014,non_geographic,CUMBERLAND - PROVISIONAL,1
2014,non_geographic,CUMBERLAND - TRANSFER,1
2014,non_geographic,CURRITUCK - ABSENTEE BY MAIL,1
2014,non_geographic,CURRITUCK - PROVISIONAL,1
2014,non_geographic,DARE - ABSENTEE BY MAIL,1
2014,non_geographic,DARE - CURBSIDE,1
2014,non_geographic,DARE - PROVISIONAL,1
2014,non_geographic,DARE - TRANSFER,1
2014,non_geographic,DAVIDSON - ABSENTEE BY MAIL,1
2014,non_geographic,DAVIDSON - CURBSIDE,1
2014,non_geographic,DAVIDSON - PROVISIONAL,1
2014,non_geographic,DAVIDSON - TRANSFER,1
2014,non_geographic,DAVIE - ABSENTEE BY MAIL,1
2014,non_geographic,DAVIE - PROVISIONAL,1
2014,non_geographic,DUPLIN - ABSENTEE BY MAIL,1
2014,non_geographic,DUPLIN - PROVISIONAL,1
2014,non_geographic,DUPLIN - TRANSFER,1
2014,non_geographic,DURHAM - ABSENTEE BY MAIL,1
2014,non_geographic,DURHAM - PROVISIONAL,1
2014,non_geographic,DURHAM - TRANSFER,1
2014,non_geographic,EDGECOMBE - ABSENTEE BY MAIL,1
2014,non_geographic,EDGECOMBE - PROVISIONAL,1
2014,non_geographic,EDGECOMBE - TRANSFER,1
2014,non_geographic,GASTON - ABSENTEE BY MAIL,1
2014,non_geographic,GASTON - PROVISIONAL,1
2014,non_geographic,GATES - ABSENTEE BY MAIL,1
2014,non_geographic,GATES - PROVISIONAL,1
2014,non_geographic,GREENE - ABSENTEE BY MAIL,1
2014,non_geographic,GREENE - PROVISIONAL,1
2014,non_geographic,GREENE - TRANSFER,1
2014,non_geographic,GUILFORD - CURBSIDE,1
2014,non_geographic,HALIFAX - ABSENTEE BY MAIL,1
2014,non_geographic,HALIFAX - PROVISIONAL,1
2014,non_geographic,HARNETT - ABSENTEE BY MAIL,1
2014,non_geographic,HARNETT - PROVISIONAL,1
2014,non_geographic,HAYWOOD - ABSENTEE BY MAIL,1
2014,non_geographic,HAYWOOD - CURBSIDE,1
2014,non_geographic,HAYWOOD - PROVISIONAL,1
2014,non_geographic,HENDERSON - ABSENTEE BY MAIL,1
2014,non_geographic,HENDERSON - PROVISIONAL,1
2014,non_geographic,HERTFORD - ABSENTEE BY MAIL,1
2014,non_geographic,HERTFORD - PROVISIONAL,1
2014,non_geographic,HYDE - ABSENTEE BY MAIL,1
2014,non_geographic,HYDE - PROVISIONAL,1
2014,non_geographic,HYDE - TRANSFER,1
2014,non_geographic,JACKSON - ABSENTEE BY MAIL,1
2014,non_geographic,JACKSON - CURBSIDE,1
2014,non_geographic,JACKSON - PROVISIONAL,1
2014,non_geographic,JACKSON - TRANSFER,1
2014,non_geographic,JONES - ABSENTEE BY MAIL,1
2014,non_geographic,JONES - PROVISIONAL,1
2014,non_geographic,JONES - TRANSFER,1
2014,non_geographic,LEE - ABSENTEE BY MAIL,1
2014,non_geographic,LEE - PROVISIONAL,1
2014,non_geographic,LEE - TRANSFER,1
2014,non_geographic,LENOIR - ABSENTEE BY MAIL,1
2014,non_geographic,LENOIR - CURBSIDE,1
2014,non_geographic,LENOIR - PROVISIONAL,1
2014,non_geographic,LINCOLN - ABSENTEE BY MAIL,1
2014,non_geographic,LINCOLN - PROVISIONAL,1
2014,non_geographic,LINCOLN - TRANSFER,1
2014,non_geographic,MACON - ABSENTEE BY MAIL,1
2014,non_geographic,MACON - PROVISIONAL,1
2014,non_geographic,MACON - TRANSFER,1
2014,non_geographic,MARTIN - ABSENTEE BY MAIL,1
2014,non_geographic,MARTIN - PROVISIONAL,1
2014,non_geographic,MARTIN - TRANSFER,1
2014,non_geographic,MECKLENBURG - ABSENTEE BY MAIL,1
2014,non_geographic,MECKLENBURG - CURBSIDE,1
2014,non_geographic,MECKLENBURG - PROVISIONAL,1
2014,non_geographic,MONTGOMERY - ABSENTEE BY MAIL,1
2014,non_geographic,MONTGOMERY - PROVISIONAL,1
2014,non_geographic,MOORE - ABSENTEE BY MAIL,1
2014,non_geographic,MOORE - PROVISIONAL,1
2014,non_geographic,NASH - ABSENTEE BY MAIL,1
2014,non_geographic,NASH - PROVISIONAL,1
2014,non_geographic,NASH - TRANSFER,1
2014,non_geographic,NEW HANOVER - ABSENTEE BY MAIL,1
2014,non_geographic,NEW HANOVER - PROVISIONAL,1
2014,non_geographic,NEW HANOVER - TRANSFER,1
2014,non_geographic,NORTHAMPTON - ABSENTEE BY MAIL,1
2014,non_geographic,NORTHAMPTON - PROVISIONAL,1
2014,non_geographic,NORTHAMPTON - TRANSFER,1
2014,non_geographic,ONSLOW - ABSENTEE BY MAIL,1
2014,non_geographic,ONSLOW - PROVISIONAL,1
2014,non_geographic,ONSLOW - TRANSFER,1
2014,non_geographic,ORANGE - ABSENTEE BY MAIL,1
2014,non_geographic,ORANGE - PROVISIONAL,1
2014,non_geographic,ORANGE - TRANSFER,1
2014,non_geographic,PAMLICO - ABSENTEE BY MAIL,1
2014,non_geographic,PAMLICO - CURBSIDE,1
2014,non_geographic,PAMLICO - PROVISIONAL,1
2014,non_geographic,PASQUOTANK - ABSENTEE BY MAIL,1
2014,non_geographic,PASQUOTANK - PROVISIONAL,1
2014,non_geographic,PASQUOTANK - TRANSFER,1
2014,non_geographic,PENDER - ABSENTEE BY MAIL,1
2014,non_geographic,PENDER - CURBSIDE,1
2014,non_geographic,PENDER - PROVISIONAL,1
2014,non_geographic,PERQUIMANS - ABSENTEE BY MAIL,1
2014,non_geographic,PERQUIMANS - PROVISIONAL,1
2014,non_geographic,PITT - ABSENTEE BY MAIL,1
2014,non_geographic,PITT - PROVISIONAL,1
2014,non_geographic,PITT - TRANSFER,1
2014,non_geographic,RICHMOND - ABSENTEE BY MAIL,1
2014,non_geographic,RICHMOND - PROVISIONAL,1
2014,non_geographic,RICHMOND - TRANSFER,1
2014,non_geographic,ROBESON - ABSENTEE BY MAIL,1
2014,non_geographic,ROBESON - PROVISIONAL,1
2014,non_geographic,RUTHERFORD - ABSENTEE BY MAIL,1
2014,non_geographic,RUTHERFORD - CURBSIDE,1
2014,non_geographic,RUTHERFORD - PROVISIONAL,1
2014,non_geographic,RUTHERFORD - TRANSFER,1
2014,non_geographic,SAMPSON - ABSENTEE BY MAIL,1
2014,non_geographic,SAMPSON - PROVISIONAL,1
2014,non_geographic,SAMPSON - TRANSFER,1
2014,non_geographic,SCOTLAND - ABSENTEE BY MAIL,1
2014,non_geographic,SCOTLAND - PROVISIONAL,1
2014,non_geographic,SCOTLAND - TRANSFER,1
2014,non_geographic,STANLY - ABSENTEE BY MAIL,1
2014,non_geographic,STANLY - PROVISIONAL,1
2014,non_geographic,STANLY - TRANSFER,1
2014,non_geographic,STOKES - ABSENTEE BY MAIL,1
2014,non_geographic,STOKES - PROVISIONAL,1
2014,non_geographic,SURRY - ABSENTEE BY MAIL,1
2014,non_geographic,SURRY - CURBSIDE,1
2014,non_geographic,SURRY - PROVISIONAL,1
2014,non_geographic,TYRRELL - ABSENTEE BY MAIL,1
2014,non_geographic,TYRRELL - PROVISIONAL,1
2014,non_geographic,TYRRELL - TRANSFER,1
2014,non_geographic,UNION - ABSENTEE BY MAIL,1
2014,non_geographic,UNION - PROVISIONAL,1
2014,non_geographic,WAKE - ABSENTEE BY MAIL,1
2014,non_geographic,WAKE - PROVISIONAL,1
2014,non_geographic,WAKE - TRANSFER,1
2014,non_geographic,WASHINGTON - ABSENTEE BY MAIL,1
2014,non_geographic,WASHINGTON - PROVISIONAL,1
2014,non_geographic,WATAUGA - ABSENTEE BY MAIL,1
2014,non_geographic,WATAUGA - PROVISIONAL,1
2014,non_geographic,WATAUGA - TRANSFER,1
2014,non_geographic,WAYNE - ABSENTEE BY MAIL,1
2014,non_geographic,WAYNE - PROVISIONAL,1
2014,non_geographic,WAYNE - TRANSFER,1
2014,non_geographic,WILKES - ABSENTEE BY MAIL,1
2014,non_geographic,WILKES - PROVISIONAL,1
2014,non_geographic,WILKES - TRANSFER,1
2014,non_geographic,WILSON - ABSENTEE BY MAIL,1
2014,non_geographic,WILSON - CURBSIDE,1
2014,non_geographic,WILSON - PROVISIONAL,1
2014,non_geographic,YADKIN - ABSENTEE BY MAIL,1
2014,non_geographic,YADKIN - PROVISIONAL,1
2014,unmatched,ALAMANCE - 03S,1
2014,unmatched,ALAMANCE - ONESTOP,1
2014,unmatched,ALEXANDER - G1,1
2014,unmatched,ALEXANDER - G2,1
2014,unmatched,ALEXANDER - L,1
2014,unmatched,ALEXANDER - S1,1
2014,unmatched,ALEXANDER - S2,1
2014,unmatched,ALEXANDER - SL,1
2014,unmatched,ALEXANDER - T1,1
2014,unmatched,ALEXANDER - T2,1
2014,unmatched,ALEXANDER - T3,1
2014,unmatched,ALEXANDER - T4,1
2014,unmatched,ALEXANDER - T5,1
2014,unmatched,ALLEGHANY - 02,1
2014,unmatched,ALLEGHANY - 03,1
2014,unmatched,ALLEGHANY - 05,1
2014,unmatched,ALLEGHANY - 06,1
2014,unmatched,ALLEGHANY - 07,1
2014,unmatched,ANSON - ONESTOP,1
2014,unmatched,ANSON - W1,1
2014,unmatched,ANSON - W2,1
2014,unmatched,ANSON - W3,1
2014,unmatched,ASHE - ONESTOP,1
2014,unmatched,AVERY - ONESTOP,1
2014,unmatched,BEAUFORT - ONESTOP,1
2014,unmatched,BERTIE - ONESTOP,1
2014,unmatched,BLADEN - ONESTOP,1
2014,unmatched,BRUNSWICK - 04A,1
2014,unmatched,BRUNSWICK - 04B1,1
2014,unmatched,BRUNSWICK - 04C1,1
2014,unmatched,BRUNSWICK - 10A,1
2014,unmatched,BRUNSWICK - 10B,1
2014,unmatched,BUNCOMBE - ONESTOP,1
2014,unmatched,BURKE - 0053,1
2014,unmatched,BURKE - 0065,1
2014,unmatched,BURKE - ONESTOP,1
2014,unmatched,CABARRUS - ONESTOP,1
2014,unmatched,CALDWELL - ONESTOP,1
2014,unmatched,CALDWELL - PR16,1
2014,unmatched,CALDWELL - PR17,1
2014,unmatched,CALDWELL - PR18,1
2014,unmatched,CALDWELL - PR21,1
2014,unmatched,CALDWELL - PR22,1
2014,unmatched,CALDWELL - PR24,1
2014,unmatched,CALDWELL - PR25,1
2014,unmatched,CALDWELL - PR28,1
2014,unmatched,CALDWELL - PR29,1
2014,unmatched,CALDWELL - PR30,1
2014,unmatched,CALDWELL - PR31,1
2014,unmatched,CALDWELL - PR32,1
2014,unmatched,CAMDEN - ONESTOP,1
2014,unmatched,CARTERET - ATSL,1
2014,unmatched,CARTERET - CCCP,1
2014,unmatched,CARTERET - CISL,1
2014,unmatched,CARTERET - IBSP,1
2014,unmatched,CARTERET - ONESTOP,1
2014,unmatched,CARTERET - OTBE,1
2014,unmatched,CARTERET - PKNL,1
2014,unmatched,CASWELL - HIGH,1
2014,unmatched,CATAWBA - ONESTOP,1
2014,unmatched,CHATHAM - 20,1
2014,unmatched,CHATHAM - 24,1
2014,unmatched,CHATHAM - 45,1
2014,unmatched,CHATHAM - 6,1
2014,unmatched,CHATHAM - 73,1
2014,unmatched,CHATHAM - MCH110,1
2014,unmatched,CHATHAM - ONESTOP,1
2014,unmatched,CHATHAM - PIT113,1
2014,unmatched,CHOWAN - ONESTOP,1
2014,unmatched,COLUMBUS - ONESTOP,1
2014,unmatched,COLUMBUS - P03,1
2014,unmatched,COLUMBUS - P04,1
2014,unmatched,COLUMBUS - P05,1
2014,unmatched,COLUMBUS - P08,1
2014,unmatched,COLUMBUS - P09,1
2014,unmatched,COLUMBUS - P10,1
2014,unmatched,COLUMBUS - P12,1
2014,unmatched,COLUMBUS - P13,1
2014,unmatched,COLUMBUS - P18,1
2014,unmatched,COLUMBUS - P21,1
2014,unmatched,CRAVEN - 04,1
2014,unmatched,CRAVEN - 06,1
2014,unmatched,CRAVEN - 08,1
2014,unmatched,CRAVEN - 09,1
2014,unmatched,CRAVEN - 10,1
2014,unmatched,CRAVEN - 12,1
2014,unmatched,CRAVEN - 13,1
2014,unmatched,CRAVEN - 14,1
2014,unmatched,CRAVEN - 15,1
2014,unmatched,CRAVEN - N3,1
2014,unmatched,CRAVEN - N5,1
2014,unmatched,CUMBERLAND - CC05,1
2014,unmatched,CUMBERLAND - CC19,1
2014,unmatched,CUMBERLAND - G2B,1
2014,unmatched,CUMBERLAND - G2D,1
2014,unmatched,CUMBERLAND - ONESTOP,1
2014,unmatched,CURRITUCK - CI,1
2014,unmatched,CURRITUCK - MY,1
2014,unmatched,CURRITUCK - ONESTOP,1
2014,unmatched,DAVIE - ONESTOP,1
2014,unmatched,DUPLIN - ONESTOP,1
2014,unmatched,DURHAM - 39,1
2014,unmatched,DURHAM - ONESTOP,1
2014,unmatched,EDGECOMBE - ONESTOP,1
2014,unmatched,FORSYTH - 011,1
2014,unmatched,FORSYTH - 072,1
2014,unmatched,FORSYTH - 082,1
2014,unmatched,FORSYTH - 122,1
2014,unmatched,FORSYTH - 201,1
2014,unmatched,FORSYTH - 507,1
2014,unmatched,GASTON - ONESTOP,1
2014,unmatched,GATES - ONESTOP,1
2014,unmatched,GREENE - ONESTOP,1
2014,unmatched,HALIFAX - LIT 1,1
2014,unmatched,HALIFAX - LIT 2,1
2014,unmatched,HALIFAX - ONESTOP,1
2014,unmatched,HALIFAX - RR 4,1
2014,unmatched,HALIFAX - RR 5,1
2014,unmatched,HALIFAX - RR 6,1
2014,unmatched,HALIFAX - RR 8,1
2014,unmatched,HALIFAX - RR 9,1
2014,unmatched,HALIFAX - WEL 2,1
2014,unmatched,HARNETT - ONESTOP,1
2014,unmatched,HENDERSON - CV,1
2014,unmatched,HENDERSON - ONESTOP,1
2014,unmatched,HERTFORD - ONESTOP,1
2014,unmatched,HYDE - ONESTOP,1
2014,unmatched,IREDELL - BA,1
2014,unmatched,JONES - ONESTOP,1
2014,unmatched,LEE - ONESTOP,1
2014,unmatched,LINCOLN - ONESTOP,1
2014,unmatched,MACON - ONESTOP,1
2014,unmatched,MARTIN - HS,1
2014,unmatched,MARTIN - ONESTOP,1
2014,unmatched,MARTIN - PP,1
2014,unmatched,MARTIN - R1,1
2014,unmatched,MARTIN - R2,1
2014,unmatched,MARTIN - W,1
2014,unmatched,MONTGOMERY - ONESTOP,1
2014,unmatched,MOORE - EUR,1
2014,unmatched,MOORE - ONESTOP,1
2014,unmatched,MOORE - PHB1,1
2014,unmatched,MOORE - WKWD,1
2014,unmatched,NASH - 0001,1
2014,unmatched,NASH - 0002,1
2014,unmatched,NASH - 0003,1
2014,unmatched,NASH - 0004,1
2014,unmatched,NASH - 0005,1
2014,unmatched,NASH - 0006,1
2014,unmatched,NASH - 0007,1
2014,unmatched,NASH - 0008,1
2014,unmatched,NASH - 0011,1
2014,unmatched,NASH - 0012,1
2014,unmatched,NASH - 0015,1
2014,unmatched,NASH - 0021,1
2014,unmatched,NASH - 0022,1
2014,unmatched,NASH - 0025,1
2014,unmatched,NASH - 0026,1
2014,unmatched,NASH - 0031,1
2014,unmatched,NASH - 0032,1
2014,unmatched,NASH - 0033,1
2014,unmatched,NASH - 0034,1
2014,unmatched,NASH - 0035,1
2014,unmatched,NASH - 0036,1
2014,unmatched,NASH - 0037,1
2014,unmatched,NASH - 0038,1
2014,unmatched,NASH - 0039,1
2014,unmatched,NASH - 0040A,1
2014,unmatched,NASH - 0041,1
2014,unmatched,NASH - 0042,1
2014,unmatched,NASH - ONESTOP,1
2014,unmatched,NEW HANOVER - FP02,1
2014,unmatched,NEW HANOVER - FP05,1
2014,unmatched,NEW HANOVER - H03,1
2014,unmatched,NEW HANOVER - H09,1
2014,unmatched,NEW HANOVER - ONESTOP,1
2014,unmatched,NEW HANOVER - W13,1
2014,unmatched,NEW HANOVER - W18,1
2014,unmatched,NEW HANOVER - W24,1
2014,unmatched,NEW HANOVER - W28,1
2014,unmatched,NORTHAMPTON - CONWAY,1
2014,unmatched,NORTHAMPTON - GARYSB,1
2014,unmatched,NORTHAMPTON - JACKSO,1
2014,unmatched,NORTHAMPTON - MILWAU,1
2014,unmatched,NORTHAMPTON - ONESTOP,1
2014,unmatched,NORTHAMPTON - PENDLE,1
2014,unmatched,NORTHAMPTON - PLEASA,1
2014,unmatched,NORTHAMPTON - POTECA,1
2014,unmatched,NORTHAMPTON - REHOBE,1
2014,unmatched,NORTHAMPTON - WOODLA,1
2014,unmatched,ONSLOW - ONESTOP,1
2014,unmatched,ORANGE - BC,1
2014,unmatched,ORANGE - BP,1
2014,unmatched,ORANGE - CB,1
2014,unmatched,ORANGE - CP,1
2014,unmatched,ORANGE - GR,1
2014,unmatched,ORANGE - LC,1
2014,unmatched,ORANGE - LI,1
2014,unmatched,ORANGE - MF,1
2014,unmatched,ORANGE - ONESTOP,1
2014,unmatched,PAMLICO - 1AL A,1
2014,unmatched,PAMLICO - 1GB,1
2014,unmatched,PAMLICO - 2SW,1
2014,unmatched,PAMLICO - 3BY,1
2014,unmatched,PAMLICO - 4HB,1
2014,unmatched,PAMLICO - 4MSIC,1
2014,unmatched,PAMLICO - 4VM A,1
2014,unmatched,PASQUOTANK - 1-A,1
2014,unmatched,PASQUOTANK - 1-B,1
2014,unmatched,PASQUOTANK - 2-A,1
2014,unmatched,PASQUOTANK - 2-B,1
2014,unmatched,PASQUOTANK - 3-A,1
2014,unmatched,PASQUOTANK - 3-B,1
2014,unmatched,PASQUOTANK - 4-A,1
2014,unmatched,PASQUOTANK - 4-B,1
2014,unmatched,PASQUOTANK - ONESTOP,1
2014,unmatched,PENDER - MH07,1
2014,unmatched,PENDER - PL10,1
2014,unmatched,PERQUIMANS - ONESTOP,1
2014,unmatched,PERSON - BFRK,1
2014,unmatched,PERSON - HUML,1
2014,unmatched,PERSON - ROX1,1
2014,unmatched,PERSON - ROX2,1
2014,unmatched,PERSON - ROX3,1
2014,unmatched,PERSON - RX1A,1
2014,unmatched,PITT - ONESTOP,1
2014,unmatched,RICHMOND - ONESTOP,1
2014,unmatched,ROBESON - ONESTOP,1
2014,unmatched,SAMPSON - ONESTOP,1
2014,unmatched,SCOTLAND - 08,1
2014,unmatched,SCOTLAND - 09,1
2014,unmatched,SCOTLAND - ONESTOP,1
2014,unmatched,STANLY - 0002,1
2014,unmatched,STANLY - 0007,1
2014,unmatched,STANLY - 0008,1
2014,unmatched,STANLY - 0010,1
2014,unmatched,STANLY - 0012,1
2014,unmatched,STANLY - 0013,1
2014,unmatched,STANLY - 0020,1
2014,unmatched,STANLY - ONESTOP,1
2014,unmatched,STOKES - 06,1
2014,unmatched,STOKES - 18,1
2014,unmatched,STOKES - ONESTOP,1
2014,unmatched,SURRY - 02,1
2014,unmatched,SURRY - 03,1
2014,unmatched,SURRY - 06,1
2014,unmatched,SURRY - 07,1
2014,unmatched,SURRY - 08,1
2014,unmatched,SURRY - 13,1
2014,unmatched,SURRY - 14,1
2014,unmatched,SURRY - 20,1
2014,unmatched,SURRY - 21,1
2014,unmatched,SURRY - 33,1
2014,unmatched,TRANSYLVANIA - RE,1
2014,unmatched,TYRRELL - ONESTOP,1
2014,unmatched,UNION - 020B,1
2014,unmatched,UNION - ONESTOP,1
2014,unmatched,WAKE - ONESTOP,1
2014,unmatched,WASHINGTON - ONESTOP,1
2014,unmatched,WATAUGA - ONESTOP,1
2014,unmatched,WAYNE - 19,1
2014,unmatched,WAYNE - 20,1
2014,unmatched,WAYNE - 25,1
2014,unmatched,WAYNE - 30,1
2014,unmatched,WAYNE - ONESTOP,1
2014,unmatched,WILKES - 110,1
2014,unmatched,WILKES - 113,1
2014,unmatched,WILKES - 120,1
2014,unmatched,WILKES - 121,1
2014,unmatched,WILKES - 123,1
2014,unmatched,WILKES - 124,1
2014,unmatched,WILKES - ONESTOP,1
2014,unmatched,YADKIN - ONESTOP,1
2016,ambiguous,BURKE - 0029-A,12
2016,ambiguous,BURKE - 0029-B,12
2016,ambiguous,ROBESON - 11A,12
2016,non_geographic,ALLEGHANY - ABSENTEE,12
2016,non_geographic,ALLEGHANY - CURBSIDE,12
2016,non_geographic,ALLEGHANY - PROVISIONAL,12
2016,non_geographic,ANSON - ABSENTEE,12
2016,non_geographic,ANSON - ONE STOP,12
2016,non_geographic,ANSON - PROVISIONAL,12
2016,non_geographic,ASHE - ABSENTEE,12
2016,non_geographic,ASHE - ONE STOP,12
2016,non_geographic,ASHE - PROVISIONAL,12
2016,non_geographic,AVERY - ABSENTEE,12
2016,non_geographic,AVERY - ONE STOP,12
2016,non_geographic,AVERY - PROVISIONAL,12
2016,non_geographic,BEAUFORT - ABSENTEE,12
2016,non_geographic,BEAUFORT - OS AUR,12
2016,non_geographic,BEAUFORT - OS BEL,12
2016,non_geographic,BEAUFORT - OS BOE,12
2016,non_geographic,BEAUFORT - OS CHO,12
2016,non_geographic,BEAUFORT - PROVISIONAL,12
2016,non_geographic,BERTIE - ABSENTEE,12
2016,non_geographic,BERTIE - OS-LOB,12
2016,non_geographic,BERTIE - OS-POW,12
2016,non_geographic,BERTIE - PROVISIONAL,12
2016,non_geographic,BLADEN - MAIL ABSENTEE,12
2016,non_geographic,BLADEN - ONE STOP B-BORO,12
2016,non_geographic,BLADEN - ONE STOP DUBLIN,12
2016,non_geographic,BLADEN - ONE STOP EA,12
2016,non_geographic,BLADEN - ONE STOP LIBRARY,12
2016,non_geographic,BLADEN - PROVISIONAL,12
2016,non_geographic,BLADEN - TRANSFER,12
2016,non_geographic,BRUNSWICK - ABSENTEE MAIL,12
2016,non_geographic,BRUNSWICK - CURBSIDE,12
2016,non_geographic,BRUNSWICK - PROVISIONAL,12
2016,non_geographic,BUNCOMBE - ABSENTEE,12
2016,non_geographic,BUNCOMBE - OS ABTC,12
2016,non_geographic,BUNCOMBE - OS ACCC,12
2016,non_geographic,BUNCOMBE - OS AVML,12
2016,non_geographic,BUNCOMBE - OS BMBL,12
2016,non_geographic,BUNCOMBE - OS BTFD,12
2016,non_geographic,BUNCOMBE - OS ECBL,12
2016,non_geographic,BUNCOMBE - OS FCAM,12
2016,non_geographic,BUNCOMBE - OS FVBL,12
2016,non_geographic,BUNCOMBE - OS LCBL,12
2016,non_geographic,BUNCOMBE - OS MORC,12
2016,non_geographic,BUNCOMBE - OS NABL,12
2016,non_geographic,BUNCOMBE - OS NHPC,12
2016,non_geographic,BUNCOMBE - OS PACK,12
2016,non_geographic,BUNCOMBE - OS PCBC,12
2016,non_geographic,BUNCOMBE - OS SBBL,12
2016,non_geographic,BUNCOMBE - OS UNCA,12
2016,non_geographic,BUNCOMBE - OS WABL,12
2016,non_geographic,BUNCOMBE - OS WGSC,12
2016,non_geographic,BUNCOMBE - OS WOCO,12
2016,non_geographic,BUNCOMBE - OS WVTH,12
2016,non_geographic,BUNCOMBE - PROVISIONAL,12
2016,non_geographic,BUNCOMBE - TRANSFER,12
2016,non_geographic,BURKE - ABSENTEE,12
2016,non_geographic,CABARRUS - ABSENTEE,12
2016,non_geographic,CABARRUS - OS-CBB,12
2016,non_geographic,CABARRUS - OS-CFS,12
2016,non_geographic,CABARRUS - OS-HBL,12
2016,non_geographic,CABARRUS - OS-LOB,12
2016,non_geographic,CABARRUS - PROVISIONAL,12
2016,non_geographic,CABARRUS - TRANSFER,12
2016,non_geographic,CALDWELL - ABSENTEE,12
2016,non_geographic,CALDWELL - ONE STOP GRANITE FALLS,12
2016,non_geographic,CALDWELL - ONE STOP LENOIR,12
2016,non_geographic,CALDWELL - PROVISIONAL,12
2016,non_geographic,CAMDEN - ABSENTEE,12
2016,non_geographic,CAMDEN - ONE STOP,12
2016,non_geographic,CAMDEN - PROVISIONAL,12
2016,non_geographic,CAMDEN - TRANSFER,12
2016,non_geographic,CARTERET - ABSENTEE,12
2016,non_geographic,CARTERET - OS-BOE,12
2016,non_geographic,CARTERET - OS-CEN,12
2016,non_geographic,CARTERET - OS-EAS,12
2016,non_geographic,CARTERET - OS-MHD,12
2016,non_geographic,CARTERET - OS-WES,12
2016,non_geographic,CARTERET - PROVISIONAL,12
2016,non_geographic,CARTERET - TRANSFER,12
2016,non_geographic,CASWELL - ABSENTEE,12
2016,non_geographic,CASWELL - CURBSIDE,12
2016,non_geographic,CASWELL - PROVISIONAL,12
2016,non_geographic,CATAWBA - ABSENTEE,12
2016,non_geographic,CATAWBA - CURBSIDE,12
2016,non_geographic,CATAWBA - PROVISIONAL,12
2016,non_geographic,CHATHAM - ABSENTEE,12
2016,non_geographic,CHATHAM - ONE STOP,12
2016,non_geographic,CHATHAM - PROVISIONAL,12
2016,non_geographic,CHOWAN - ABSENTEE,12
2016,non_geographic,CHOWAN - OS BOE,12
2016,non_geographic,CHOWAN - OS NCC,12
2016,non_geographic,CHOWAN - PROVISIONAL,12
2016,non_geographic,CHOWAN - TRANSFER,12
2016,non_geographic,COLUMBUS - ABSENTEE,12
2016,non_geographic,COLUMBUS - OS BOLTON,12
2016,non_geographic,COLUMBUS - OS CHADBOURN,12
2016,non_geographic,COLUMBUS - OS EAST COLUMBUS,12
2016,non_geographic,COLUMBUS - OS FAIR BLUFF,12
2016,non_geographic,COLUMBUS - OS LOBBY,12
2016,non_geographic,COLUMBUS - OS TABOR CITY,12
2016,non_geographic,COLUMBUS - PROVISIONAL,12
2016,non_geographic,CUMBERLAND - ABSENTEE 1-30,12
2016,non_geographic,CUMBERLAND - ABSENTEE 31-57,12
2016,non_geographic,CUMBERLAND - ONE STOP 100 A 1-30,12
2016,non_geographic,CUMBERLAND - ONE STOP 100 A 31-57,12
2016,non_geographic,CUMBERLAND - ONE STOP 100 B 1-30,12
2016,non_geographic,CUMBERLAND - ONE STOP 100 B 31-57,12
2016,non_geographic,CUMBERLAND - ONE STOP 100 C 1-30,12
2016,non_geographic,CUMBERLAND - ONE STOP 100 C 31-57,12
2016,non_geographic,CUMBERLAND - ONE STOP 100 D 1-30,12
2016,non_geographic,CUMBERLAND - ONE STOP 100 D 31-57,12
2016,non_geographic,CUMBERLAND - ONE STOP 100 E 1-30,12
2016,non_geographic,CUMBERLAND - ONE STOP 100 E 31-57,12
2016,non_geographic,CUMBERLAND - ONE STOP 100 G 1-30,12
2016,non_geographic,CUMBERLAND - ONE STOP 100 G 31-57,12
2016,non_geographic,CUMBERLAND - ONE STOP 100 H 1-30,12
2016,non_geographic,CUMBERLAND - ONE STOP 100 H 31-57,12
2016,non_geographic,CUMBERLAND - ONE STOP 100 I 1-30,12
2016,non_geographic,CUMBERLAND - ONE STOP 100 I 31-57,12
2016,non_geographic,CUMBERLAND - ONE STOP 100 J 1-30,12
2016,non_geographic,CUMBERLAND - ONE STOP 100 J 31-57,12
2016,non_geographic,CUMBERLAND - ONE STOP 100 L 1-30,12
2016,non_geographic,CUMBERLAND - ONE STOP 100 L 31-57,12
2016,non_geographic,CUMBERLAND - PROVISIONAL 1-30,12
2016,non_geographic,CUMBERLAND - PROVISIONAL 31-57,12
2016,non_geographic,CUMBERLAND - TRANSFER 1-30,12
2016,non_geographic,CUMBERLAND - TRANSFER 31-57,12
2016,non_geographic,CURRITUCK - ABSENTEE,12
2016,non_geographic,CURRITUCK - ONE STOP,12
2016,non_geographic,CURRITUCK - PROVISIONAL,12
2016,non_geographic,DARE - ABSENTEE,12
2016,non_geographic,DARE - CURBSIDE,12
2016,non_geographic,DARE - PROVISIONAL,12
2016,non_geographic,DAVIDSON - ABSENTEE,12
2016,non_geographic,DAVIDSON - CURBSIDE,12
2016,non_geographic,DAVIDSON - PROVISIONAL,12
2016,non_geographic,DAVIDSON - TRANSFER,12
2016,non_geographic,DAVIE - ABSENTEE,12
2016,non_geographic,DAVIE - CURBSIDE,12
2016,non_geographic,DAVIE - PROVISIONAL,12
2016,non_geographic,DUPLIN - ABSENTEE,12
2016,non_geographic,DUPLIN - ONE STOP,12
2016,non_geographic,DUPLIN - PROVISIONAL,12
2016,non_geographic,DURHAM - ABSENTEE,12
2016,non_geographic,DURHAM - OS-BOE,12
2016,non_geographic,DURHAM - OS-DTC,12
2016,non_geographic,DURHAM - OS-DTCN,12
2016,non_geographic,DURHAM - OS-DUKE,12
2016,non_geographic,DURHAM - OS-ENO,12
2016,non_geographic,DURHAM - OS-ERL,12
2016,non_geographic,DURHAM - OS-FRONT,12
2016,non_geographic,DURHAM - OS-GETG,12
2016,non_geographic,DURHAM - OS-IVY,12
2016,non_geographic,DURHAM - OS-NCCU,12
2016,non_geographic,DURHAM - OS-NJBC,12
2016,non_geographic,DURHAM - OS-NRL,12
2016,non_geographic,DURHAM - OS-SRL,12
2016,non_geographic,DURHAM - PROVISIONAL,12
2016,non_geographic,DURHAM - TRANSFER,12
2016,non_geographic,EDGECOMBE - ABSENTEE,12
2016,non_geographic,EDGECOMBE - CURBSIDE,12
2016,non_geographic,EDGECOMBE - ONE STOP 1,12
2016,non_geographic,EDGECOMBE - ONE STOP 2,12
2016,non_geographic,EDGECOMBE - ONE STOP 3,12
2016,non_geographic,EDGECOMBE - ONE STOP 4,12
2016,non_geographic,EDGECOMBE - ONE STOP 5,12
2016,non_geographic,EDGECOMBE - ONE STOP 6,12
2016,non_geographic,EDGECOMBE - PROVISIONAL,12
2016,non_geographic,EDGECOMBE - TRANSFER,12
2016,non_geographic,GASTON - ABSENTEE,12
2016,non_geographic,GASTON - OS-BOE,12
2016,non_geographic,GASTON - OS-CHERRYVILLE,12
2016,non_geographic,GASTON - OS-DALLAS,12
2016,non_geographic,GASTON - OS-FBC GASTONIA,12
2016,non_geographic,GASTON - OS-LIBRARY,12
2016,non_geographic,GASTON - OS-MOUNT HOLLY,12
2016,non_geographic,GASTON - PROVISIONAL,12
2016,non_geographic,GASTON - TRANSFER,12
2016,non_geographic,GATES - ABSENTEE,12
2016,non_geographic,GATES - ONE STOP 1,12
2016,non_geographic,GATES - ONE STOP 2,12
2016,non_geographic,GATES - PROVISIONAL,12
2016,non_geographic,GREENE - ABSENTEE,12
2016,non_geographic,GREENE - ONE STOP,12
2016,non_geographic,GREENE - PROVISIONAL,12
2016,non_geographic,GREENE - TRANSFER,12
2016,non_geographic,HALIFAX - ABSENTEE,12
2016,non_geographic,HALIFAX - ONE-STOP HALIFAX,12
2016,non_geographic,HALIFAX - ONE-STOP ROANOKE RAPIDS,12
2016,non_geographic,HALIFAX - ONE-STOP SCOTLAND NECK,12
2016,non_geographic,HALIFAX - PROVISIONAL,12
2016,non_geographic,HARNETT - ABSENTEE,12
2016,non_geographic,HARNETT - OS ANDERSON,12
2016,non_geographic,HARNETT - OS ANGIER,12
2016,non_geographic,HARNETT - OS ERWIN,12
2016,non_geographic,HARNETT - OS LOBBY,12
2016,non_geographic,HARNETT - OS WESTERN,12
2016,non_geographic,HARNETT - PROVISIONAL,12
2016,non_geographic,HAYWOOD - ABSENTEE,12
2016,non_geographic,HAYWOOD - CURBSIDE,12
2016,non_geographic,HAYWOOD - PROVISIONAL,12
2016,non_geographic,HENDERSON - ABSENTEE,12
2016,non_geographic,HENDERSON - CURBSIDE,12
2016,non_geographic,HENDERSON - PROVISIONAL,12
2016,non_geographic,HERTFORD - MAIL ABSENTEE,12
2016,non_geographic,HERTFORD - OS AHOSKIE,12
2016,non_geographic,HERTFORD - OS BOE,12
2016,non_geographic,HERTFORD - OS MBORO,12
2016,non_geographic,HERTFORD - PROVISIONAL,12
2016,non_geographic,HYDE - ABSENTEE,12
2016,non_geographic,HYDE - OS BOE,12
2016,non_geographic,HYDE - OS OCK,12
2016,non_geographic,HYDE - PROVISIONAL,12
2016,non_geographic,HYDE - TRANSFER,12
2016,non_geographic,JACKSON - ABSENTEE,12
2016,non_geographic,JACKSON - CURBSIDE ED,12
2016,non_geographic,JACKSON - CURBSIDE OS,12
2016,non_geographic,JACKSON - PROVISIONAL,12
2016,non_geographic,JACKSON - TRANSFER,12
2016,non_geographic,JOHNSTON - ABSENTEE BY MAIL,12
2016,non_geographic,JOHNSTON - ONE STOP ARCHER LODGE,12
2016,non_geographic,JOHNSTON - ONE STOP BENSON,12
2016,non_geographic,JOHNSTON - ONE STOP CLAYTON,12
2016,non_geographic,JOHNSTON - ONE STOP CLEVELAND,12
2016,non_geographic,JOHNSTON - ONE STOP SMITHFIELD,12
2016,non_geographic,JOHNSTON - PROVISIONAL,12
2016,non_geographic,JOHNSTON - TRANSFER,12
2016,non_geographic,JONES - ABSENTEE,12
2016,non_geographic,JONES - ONE STOP,12
2016,non_geographic,JONES - PROVISIONAL,12
2016,non_geographic,LEE - ABSENTEE,12
2016,non_geographic,LEE - OS-PAPER,12
2016,non_geographic,LEE - PROVISIONAL,12
2016,non_geographic,LENOIR - ABSENTEE,12
2016,non_geographic,LENOIR - CURBSIDE,12
2016,non_geographic,LENOIR - PROVISIONAL,12
2016,non_geographic,LINCOLN - ABSENTEE,12
2016,non_geographic,LINCOLN - OS-EAST,12
2016,non_geographic,LINCOLN - OS-LINCOLN,12
2016,non_geographic,LINCOLN - OS-WEST,12
2016,non_geographic,LINCOLN - PROVISIONAL,12
2016,non_geographic,LINCOLN - TRANSFER,12
2016,non_geographic,MACON - ABSENTEE,12
2016,non_geographic,MACON - PROVISIONAL,12
2016,non_geographic,MACON - TRANSFER,12
2016,non_geographic,MARTIN - ABSENTEE,12
2016,non_geographic,MARTIN - ONE STOP,12
2016,non_geographic,MARTIN - PROVISIONAL,12
2016,non_geographic,MECKLENBURG - ABSENTEE BY MAIL 1-20,12
2016,non_geographic,MECKLENBURG - ABSENTEE BY MAIL 21-40,12
2016,non_geographic,MECKLENBURG - ABSENTEE BY MAIL 41-60,12
2016,non_geographic,MECKLENBURG - ABSENTEE BY MAIL 61-80,12
2016,non_geographic,MECKLENBURG - ABSENTEE BY MAIL 81-96,12
2016,non_geographic,MECKLENBURG - CURBSIDE 1-20,12
2016,non_geographic,MECKLENBURG - CURBSIDE 21-40,12
2016,non_geographic,MECKLENBURG - CURBSIDE 41-60,12
2016,non_geographic,MECKLENBURG - CURBSIDE 61-80,12
2016,non_geographic,MECKLENBURG - CURBSIDE 81-96,12
2016,non_geographic,MECKLENBURG - PROVISIONAL 1-20,12
2016,non_geographic,MECKLENBURG - PROVISIONAL 21-40,12
2016,non_geographic,MECKLENBURG - PROVISIONAL 41-60,12
2016,non_geographic,MECKLENBURG - PROVISIONAL 61-80,12
2016,non_geographic,MECKLENBURG - PROVISIONAL 81-96,12
2016,non_geographic,MOORE - ABSENTEE,12
2016,non_geographic,MOORE - OS-AG PAPER,12
2016,non_geographic,MOORE - OS-DC PAPER,12
2016,non_geographic,MOORE - OS-PFD PAPER,12
2016,non_geographic,MOORE - OS-VRS PAPER,12
2016,non_geographic,MOORE - OS-WEG PAPER,12
2016,non_geographic,MOORE - PROVISIONAL,12
2016,non_geographic,NASH - ABSENTEE,12
2016,non_geographic,NASH - MT PLEASANT OS,12
2016,non_geographic,NASH - NASHVILLE OS,12
2016,non_geographic,NASH - PROVISIONAL,12
2016,non_geographic,NASH - ROCKY MOUNT OS,12
2016,non_geographic,NASH - SPRING HOPE OS,12
2016,non_geographic,NASH - TRANSFER,12
2016,non_geographic,NEW HANOVER - ABSENTEE,12
2016,non_geographic,NEW HANOVER - OS CAB PAPER,12
2016,non_geographic,NEW HANOVER - OS CFCC PAPER,12
2016,non_geographic,NEW HANOVER - OS GVT PAPER,12
2016,non_geographic,NEW HANOVER - OS NLB PAPER,12
2016,non_geographic,NEW HANOVER - OS SRC PAPER,12
2016,non_geographic,NEW HANOVER - PROVISIONAL,12
2016,non_geographic,NORTHAMPTON - ABSENTEE BY MAIL,12
2016,non_geographic,NORTHAMPTON - OS GASTON,12
2016,non_geographic,NORTHAMPTON - OS LAKE GASTON,12
2016,non_geographic,NORTHAMPTON - OS OFFICE,12
2016,non_geographic,NORTHAMPTON - OS RICH SQUARE,12
2016,non_geographic,NORTHAMPTON - PROVISIONAL,12
2016,non_geographic,NORTHAMPTON - TRANSFER,12
2016,non_geographic,ONSLOW - ABSENTEE,12
2016,non_geographic,ONSLOW - OS-COMMONS REC CTR,12
2016,non_geographic,ONSLOW - OS-ONSLOW OFFICE,12
2016,non_geographic,ONSLOW - OS-SWANSBORO ROTARY,12
2016,non_geographic,ONSLOW - OS-VERONA,12
2016,non_geographic,ONSLOW - PROVISIONAL,12
2016,non_geographic,ORANGE - ABSENTEE BY MAIL,12
2016,non_geographic,ORANGE - OS BOE,12
2016,non_geographic,ORANGE - OS COTC,12
2016,non_geographic,ORANGE - OS CTH,12
2016,non_geographic,ORANGE - OS EFLAND,12
2016,non_geographic,ORANGE - OS SEYMOUR,12
2016,non_geographic,ORANGE - PROVISIONAL,12
2016,non_geographic,PAMLICO - ABSENTEE,12
2016,non_geographic,PAMLICO - CURBSIDE,12
2016,non_geographic,PAMLICO - PROVISIONAL,12
2016,non_geographic,PASQUOTANK - ABSENTEE,12
2016,non_geographic,PASQUOTANK - ONE STOP,12
2016,non_geographic,PASQUOTANK - PROVISIONAL,12
2016,non_geographic,PASQUOTANK - TRANSFER,12
2016,non_geographic,PENDER - ABSENTEE BY MAIL,12
2016,non_geographic,PENDER - CURBSIDE,12
2016,non_geographic,PENDER - PROVISIONAL,12
2016,non_geographic,PERQUIMANS - ABSENTEE,12
2016,non_geographic,PERQUIMANS - CURBSIDE,12
2016,non_geographic,PERQUIMANS - PROVISIONAL,12
2016,non_geographic,PITT - ABSENTEE #1,12
2016,non_geographic,PITT - ABSENTEE #2,12
2016,non_geographic,PITT - OS AG CENTER 1,12
2016,non_geographic,PITT - OS AG CENTER 2,12
2016,non_geographic,PITT - OS AYDEN #1,12
2016,non_geographic,PITT - OS AYDEN #2,12
2016,non_geographic,PITT - OS COMMUNITY SCHOOLS 1,12
2016,non_geographic,PITT - OS COMMUNITY SCHOOLS 2,12
2016,non_geographic,PITT - OS COUNTY OFFICE 1,12
2016,non_geographic,PITT - OS COUNTY OFFICE 2,12
2016,non_geographic,PITT - OS ECU-WILLIS BLDG 1,12
2016,non_geographic,PITT - OS FARMVILLE 1,12
2016,non_geographic,PITT - OS FARMVILLE 2,12
2016,non_geographic,PITT - OS WILLIS BUILDING #2,12
2016,non_geographic,PITT - OS WINTERVILLE #1,12
2016,non_geographic,PITT - OS WINTERVILLE #2,12
2016,non_geographic,PITT - PROVISIONAL #1,12
2016,non_geographic,PITT - PROVISIONAL #2,12
2016,non_geographic,PITT - TRANSFER #1,12
2016,non_geographic,PITT - TRANSFER #2,12
2016,non_geographic,POLK - ABSENTEE,12
2016,non_geographic,POLK - CURBSIDE,12
2016,non_geographic,POLK - PROVISIONAL,12
2016,non_geographic,RICHMOND - ABSENTEE,12
2016,non_geographic,RICHMOND - ONE STOP 100 COLE,12
2016,non_geographic,RICHMOND - ONE STOP 100 COOP,12
2016,non_geographic,RICHMOND - ONE STOP 100 ELLERBE,12
2016,non_geographic,RICHMOND - ONE STOP 100 NORMAN,12
2016,non_geographic,RICHMOND - PROVISIONAL,12
2016,non_geographic,RICHMOND - TRANSFER,12
2016,non_geographic,ROBESON - ABSENTEE,12
2016,non_geographic,ROBESON - OS FAIRMONT,12
2016,non_geographic,ROBESON - OS LUMBERTON BOE,12
2016,non_geographic,ROBESON - OS MAXTON,12
2016,non_geographic,ROBESON - OS PEMBROKE,12
2016,non_geographic,ROBESON - OS RED SPRINGS,12
2016,non_geographic,ROBESON - OS ST PAULS,12
2016,non_geographic,ROBESON - PROVISIONAL,12
2016,non_geographic,RUTHERFORD - ABSENTEE,12
2016,non_geographic,RUTHERFORD - CURBSIDE,12
2016,non_geographic,RUTHERFORD - OS-ANNEX PAPER,12
2016,non_geographic,RUTHERFORD - OS-BOE PAPER,12
2016,non_geographic,RUTHERFORD - OS-ELLENBORO PAPER,12
2016,non_geographic,RUTHERFORD - PROVISIONAL,12
2016,non_geographic,SAMPSON - ABSENTEE,12
2016,non_geographic,SAMPSON - ONE STOP 1,12
2016,non_geographic,SAMPSON - ONE STOP 2,12
2016,non_geographic,SAMPSON - ONE STOP 3,12
2016,non_geographic,SAMPSON - ONE STOP 4,12
2016,non_geographic,SAMPSON - ONE STOP 5,12
2016,non_geographic,SAMPSON - PROVISIONAL,12
2016,non_geographic,SAMPSON - TRANSFER,12
2016,non_geographic,SCOTLAND - ABSENTEE,12
2016,non_geographic,SCOTLAND - ONE STOP,12
2016,non_geographic,SCOTLAND - PROVISIONAL,12
2016,non_geographic,SCOTLAND - TRANSFER,12
2016,non_geographic,STOKES - ABSENTEE,12
2016,non_geographic,STOKES - OS DANBURY,12
2016,non_geographic,STOKES - OS KING,12
2016,non_geographic,STOKES - OS WALNUT COVE,12
2016,non_geographic,STOKES - PROVISIONAL,12
2016,non_geographic,SURRY - ABSENTEE,12
2016,non_geographic,SURRY - CURBSIDE,12
2016,non_geographic,SURRY - PROVISIONAL,12
2016,non_geographic,TYRRELL - ABSENTEE,12
2016,non_geographic,TYRRELL - ONE STOP,12
2016,non_geographic,TYRRELL - PROVISIONAL,12
2016,non_geographic,TYRRELL - TRANSFER,12
2016,non_geographic,UNION - ABSENTEE,12
2016,non_geographic,UNION - CURBSIDE,12
2016,non_geographic,UNION - PROVISIONAL,12
2016,non_geographic,UNION - TRANSFER,12
2016,non_geographic,WASHINGTON - ABSENTEE,12
2016,non_geographic,WASHINGTON - ONE STOP,12
2016,non_geographic,WASHINGTON - PROVISIONAL,12
2016,non_geographic,WATAUGA - ABSENTEE MAIL,12
2016,non_geographic,WATAUGA - OS ADMIN,12
2016,non_geographic,WATAUGA - OS ASU,12
2016,non_geographic,WATAUGA - OS BLOWING ROCK,12
2016,non_geographic,WATAUGA - OS DEEP GAP,12
2016,non_geographic,WATAUGA - OS MEAT CAMP,12
2016,non_geographic,WATAUGA - OS WESTERN W,12
2016,non_geographic,WATAUGA - PROVISIONAL,12
2016,non_geographic,WATAUGA - TRANSFER,12
2016,non_geographic,WAYNE - ABSENTEE,12
2016,non_geographic,WAYNE - ONE STOP BOE,12
2016,non_geographic,WAYNE - ONE STOP FTH,12
2016,non_geographic,WAYNE - ONE STOP GWC,12
2016,non_geographic,WAYNE - ONE STOP LRS,12
2016,non_geographic,WAYNE - ONE STOP MOT,12
2016,non_geographic,WAYNE - ONE STOP NHF,12
2016,non_geographic,WAYNE - PROVISIONAL,12
2016,non_geographic,WAYNE - TRANSFER,12
2016,non_geographic,WILKES - ABSENTEE,12
2016,non_geographic,WILKES - OS MILLER CRK,12
2016,non_geographic,WILKES - OS MTN VIEW,12
2016,non_geographic,WILKES - OS MULBERRY,12
2016,non_geographic,WILKES - OS OFFICE,12
2016,non_geographic,WILKES - OS PLEASANT HILL,12
2016,non_geographic,WILKES - PROVISIONAL,12
2016,non_geographic,WILKES - TRANSFER,12
2016,non_geographic,WILSON - ABSENTEE,12
2016,non_geographic,WILSON - CURBSIDE,12
2016,non_geographic,WILSON - ONE STOP BOE PAPER,12
2016,non_geographic,WILSON - ONE STOP HD PAPER,12
2016,non_geographic,WILSON - PROVISIONAL,12
2016,non_geographic,YADKIN - ABSENTEE,12
2016,non_geographic,YADKIN - ONE STOP,12
2016,non_geographic,YADKIN - PROVISIONAL,12
2016,unmatched,ALAMANCE - 03S,12
2016,unmatched,ANSON - W1,12
2016,unmatched,ANSON - W2,12
2016,unmatched,ANSON - W3,12
2016,unmatched,BURKE - 0053,12
2016,unmatched,BURKE - 0065,12
2016,unmatched,CARTERET - ATSL,12
2016,unmatched,CARTERET - CCCP,12
2016,unmatched,CARTERET - CISL,12
2016,unmatched,CARTERET - IBSP,12
2016,unmatched,CARTERET - OTBE,12
2016,unmatched,CARTERET - PKNL,12
2016,unmatched,CHATHAM - 20,12
2016,unmatched,CHATHAM - 24,12
2016,unmatched,CHATHAM - 45,12
2016,unmatched,CHATHAM - 6,12
2016,unmatched,CHATHAM - MCH110,12
2016,unmatched,CHATHAM - PIT113,12
2016,unmatched,CURRITUCK - CI,12
2016,unmatched,CURRITUCK - MY,12
2016,unmatched,FORSYTH - 011,12
2016,unmatched,FORSYTH - 072,12
2016,unmatched,FORSYTH - 082,12
2016,unmatched,FORSYTH - 122,12
2016,unmatched,FORSYTH - 201,12
2016,unmatched,FORSYTH - 507,12
2016,unmatched,FORSYTH - ABS/PROV/CURB 1,12
2016,unmatched,FORSYTH - ABS/PROV/CURB 2,12
2016,unmatched,FORSYTH - ABS/PROV/CURB 3,12
2016,unmatched,FORSYTH - ABS/PROV/CURB 4,12
2016,unmatched,HENDERSON - CV,12
2016,unmatched,IREDELL - BA,12
2016,unmatched,MACON - OSBOE,12
2016,unmatched,MACON - OSHOS,12
2016,unmatched,MARTIN - HS,12
2016,unmatched,MARTIN - PP,12
2016,unmatched,MARTIN - R1,12
2016,unmatched,MARTIN - R2,12
2016,unmatched,MARTIN - W,12
2016,unmatched,MOORE - PHB1,12
2016,unmatched,MOORE - WKWD,12
2016,unmatched,NEW HANOVER - H03,12
2016,unmatched,NEW HANOVER - W13,12
2016,unmatched,NEW HANOVER - W18,12
2016,unmatched,NEW HANOVER - W24,12
2016,unmatched,NEW HANOVER - W28,12
2016,unmatched,NORTHAMPTON - REHOBE,12
2016,unmatched,ORANGE - BC,12
2016,unmatched,ORANGE - BP,12
2016,unmatched,ORANGE - CP,12
2016,unmatched,ORANGE - LC,12
2016,unmatched,ORANGE - MF,12
2016,unmatched,PENDER - MH07,12
2016,unmatched,PENDER - PL10,12
2016,unmatched,PERSON - RCTL,12
2016,unmatched,SCOTLAND - 08,12
2016,unmatched,SCOTLAND - 09,12
2016,unmatched,STANLY - 0002,12
2016,unmatched,STANLY - 0007,12
2016,unmatched,STANLY - 0008,12
2016,unmatched,STANLY - 0010,12
2016,unmatched,STANLY - 0012,12
2016,unmatched,STANLY - 0013,12
2016,unmatched,STANLY - 0020,12
2016,unmatched,STOKES - 06,12
2016,unmatched,SURRY - 02,12
2016,unmatched,SURRY - 03,12
2016,unmatched,SURRY - 06,12
2016,unmatched,SURRY - 07,12
2016,unmatched,SURRY - 08,12
2016,unmatched,SURRY - 13,12
2016,unmatched,SURRY - 14,12
2016,unmatched,SURRY - 20,12
2016,unmatched,SURRY - 21,12
2016,unmatched,SURRY - 33,12
2016,unmatched,TRANSYLVANIA - RE,12
2016,unmatched,UNION - 020B,12
2016,unmatched,WAKE - ABSEN 81-91,12
2016,unmatched,WAKE - OSAB 81-91,12
2016,unmatched,WAKE - OSAP 81-91,12
2016,unmatched,WAKE - OSAV 81-91,12
2016,unmatched,WAKE - OSCA 81-91,12
2016,unmatched,WAKE - OSCB 81-91,12
2016,unmatched,WAKE - OSCH 81-91,12
2016,unmatched,WAKE - OSFB 81-91,12
2016,unmatched,WAKE - OSFV 81-91,12
2016,unmatched,WAKE - OSGR 81-91,12
2016,unmatched,WAKE - OSHS 81-91,12
2016,unmatched,WAKE - OSKD 81-91,12
2016,unmatched,WAKE - OSLL 81-91,12
2016,unmatched,WAKE - OSLOB 81-91,12
2016,unmatched,WAKE - OSNB 81-91,12
2016,unmatched,WAKE - OSNR 81-91,12
2016,unmatched,WAKE - OSOP 81-91,12
2016,unmatched,WAKE - OSTC 81-91,12
2016,unmatched,WAKE - OSWA 81-91,12
2016,unmatched,WAKE - OSWD 81-91,12
2016,unmatched,WAKE - OSZB 81-91,12
2016,unmatched,WAKE - PROVI 81-91,12
2016,unmatched,WAKE - TRANS 81-91,12
2016,unmatched,WAYNE - 20,12
2016,unmatched,WAYNE - 30,12
2020,ambiguous,CALDWELL - PR08,12
2020,non_geographic,ALAMANCE - TRANSFER,12
2020,non_geographic,ALLEGHANY - ABSENTEE,12
2020,non_geographic,ALLEGHANY - ONE STOP,12
2020,non_geographic,ALLEGHANY - PROVISIONAL,12
2020,non_geographic,ASHE - ABSENTEE,12
2020,non_geographic,ASHE - ONE STOP,12
2020,non_geographic,ASHE - PROVISIONAL,12
2020,non_geographic,ASHE - TRANSFER,12
2020,non_geographic,AVERY - ABSENTEE,12
2020,non_geographic,AVERY - ABSENTEE SUPPLEMENTAL,12
2020,non_geographic,AVERY - ONE STOP,12
2020,non_geographic,AVERY - PROVISIONAL,12
2020,non_geographic,BEAUFORT - ABSENTEE,12
2020,non_geographic,BEAUFORT - AURORA OS,12
2020,non_geographic,BEAUFORT - BELHAVEN OS,12
2020,non_geographic,BEAUFORT - BOE OS,12
2020,non_geographic,BEAUFORT - CHOCO OS,12
2020,non_geographic,BEAUFORT - PROVISIONAL,12
2020,non_geographic,BEAUFORT - TRANSFER,12
2020,non_geographic,BERTIE - ABSENTEE BY MAIL,12
2020,non_geographic,BERTIE - OS LOB,12
2020,non_geographic,BERTIE - OS LW,12
2020,non_geographic,BERTIE - OS POW,12
2020,non_geographic,BERTIE - PROVISIONAL,12
2020,non_geographic,BERTIE - TRANSFER,12
2020,non_geographic,BLADEN - MAIL ABSENTEE,12
2020,non_geographic,BLADEN - PROVISIONAL,12
2020,non_geographic,BLADEN - TRANSFER,12
2020,non_geographic,BUNCOMBE - ABSENTEE,12
2020,non_geographic,BUNCOMBE - PROVISIONAL,12
2020,non_geographic,BUNCOMBE - TRANSFER,12
2020,non_geographic,CABARRUS - ABSENTEE,12
2020,non_geographic,CABARRUS - OS CAE,12
2020,non_geographic,CABARRUS - OS HAR,12
2020,non_geographic,CABARRUS - OS KTD,12
2020,non_geographic,CABARRUS - OS NTP,12
2020,non_geographic,CABARRUS - PROVISIONAL,12
2020,non_geographic,CABARRUS - TRANSFER,12
2020,non_geographic,CALDWELL - ABSENTEE,12
2020,non_geographic,CALDWELL - OS GRANITE REC,12
2020,non_geographic,CALDWELL - OS RESOURCE CENTER,12
2020,non_geographic,CALDWELL - PROVISIONAL,12
2020,non_geographic,CALDWELL - TRANSFER,12
2020,non_geographic,CAMDEN - ABSENTEE,12
2020,non_geographic,CAMDEN - ONE STOP,12
2020,non_geographic,CAMDEN - PROVISIONAL,12
2020,non_geographic,CAMDEN - TRANSFER,12
2020,non_geographic,CURRITUCK - ABSENTEE,12
2020,non_geographic,CURRITUCK - ONE STOP,12
2020,non_geographic,CURRITUCK - PROVISIONAL,12
2020,non_geographic,CURRITUCK - TRANSFER,12
2020,non_geographic,DARE - ABSENTEE,12
2020,non_geographic,DARE - ONE STOP ONE,12
2020,non_geographic,DARE - ONE STOP THREE,12
2020,non_geographic,DARE - ONE STOP TWO,12
2020,non_geographic,DARE - PROVISIONAL,12
2020,non_geographic,DARE - TRANSFER,12
2020,non_geographic,DAVIDSON - ABSENTEE,12
2020,non_geographic,DAVIDSON - OS ARCADIA COMM BLDG,12
2020,non_geographic,DAVIDSON - OS BOE,12
2020,non_geographic,DAVIDSON - OS DENTON LIBRARY,12
2020,non_geographic,DAVIDSON - OS MIDWAY FIRE DEPT,12
2020,non_geographic,DAVIDSON - OS TLIB,12
2020,non_geographic,DAVIDSON - PROVISIONAL,12
2020,non_geographic,DAVIDSON - TRANSFER,12
2020,non_geographic,DAVIE - ABSENTEE,12
2020,non_geographic,DAVIE - PROVISIONAL,12
2020,non_geographic,DAVIE - TRANSFER,12
2020,non_geographic,DUPLIN - ABSENTEE,12
2020,non_geographic,DUPLIN - OS KENANSVILLE,12
2020,non_geographic,DUPLIN - OS WALLACE,12
2020,non_geographic,DUPLIN - OS WARSAW,12
2020,non_geographic,DUPLIN - PROVISIONAL,12
2020,non_geographic,DUPLIN - TRANSFER,12
2020,non_geographic,DURHAM - ABSENTEE,12
2020,non_geographic,DURHAM - OS CJRC,12
2020,non_geographic,DURHAM - OS DTM,12
2020,non_geographic,DURHAM - OS DUKE,12
2020,non_geographic,DURHAM - OS ENO,12
2020,non_geographic,DURHAM - OS ERL,12
2020,non_geographic,DURHAM - OS GETG,12
2020,non_geographic,DURHAM - OS HVBC,12
2020,non_geographic,DURHAM - OS ML,12
2020,non_geographic,DURHAM - OS MSUMC,12
2020,non_geographic,DURHAM - OS NCCU,12
2020,non_geographic,DURHAM - OS NRL,12
2020,non_geographic,DURHAM - OS SHS,12
2020,non_geographic,DURHAM - OS SRL,12
2020,non_geographic,DURHAM - OS TRC,12
2020,non_geographic,DURHAM - PROVISIONAL,12
2020,non_geographic,DURHAM - TRANSFER,12
2020,non_geographic,EDGECOMBE - ABSENTEE,12
2020,non_geographic,EDGECOMBE - PROVISIONAL,12
2020,non_geographic,EDGECOMBE - TRANSFER,12
2020,non_geographic,GUILFORD - ABSENTEE,12
2020,non_geographic,GUILFORD - PROVISIONAL,12
2020,non_geographic,HALIFAX - ABSENTEE,12
2020,non_geographic,HALIFAX - OS HALIFAX,12
2020,non_geographic,HALIFAX - OS LITTLETON,12
2020,non_geographic,HALIFAX - OS RINGWOOD,12
2020,non_geographic,HALIFAX - OS SCOTLAND NECK,12
2020,non_geographic,HALIFAX - PROVISIONAL,12
2020,non_geographic,HALIFAX - TRANSFER,12
2020,non_geographic,HARNETT - ABSENTEE,12
2020,non_geographic,HARNETT - OS ANGIER,12
2020,non_geographic,HARNETT - OS ERWIN,12
2020,non_geographic,HARNETT - OS LOBBY,12
2020,non_geographic,HARNETT - OS WESTERN,12
2020,non_geographic,HARNETT - PROVISIONAL,12
2020,non_geographic,HARNETT - TRANSFER,12
2020,non_geographic,HAYWOOD - ABSENTEE,12
2020,non_geographic,HAYWOOD - PROVISIONAL,12
2020,non_geographic,HAYWOOD - TRANSFER,12
2020,non_geographic,HENDERSON - ABSENTEE,12
2020,non_geographic,HENDERSON - OS BOE,12
2020,non_geographic,HENDERSON - OS ETOWAH,12
2020,non_geographic,HENDERSON - OS FLAT ROCK,12
2020,non_geographic,HENDERSON - OS FLETCHER,12
2020,non_geographic,HENDERSON - PROVISIONAL,12
2020,non_geographic,HENDERSON - TRANSFER,12
2020,non_geographic,HERTFORD - ABSENTEE,12
2020,non_geographic,HERTFORD - PROVISIONAL,12
2020,non_geographic,HERTFORD - TRANSFER,12
2020,non_geographic,HYDE - ABSENTEE,12
2020,non_geographic,HYDE - OS BOE,12
2020,non_geographic,HYDE - OS OCK,12
2020,non_geographic,HYDE - PROVISIONAL,12
2020,non_geographic,HYDE - TRANSFER,12
2020,non_geographic,JOHNSTON - ABSENTEE,12
2020,non_geographic,JOHNSTON - PROVISIONAL,12
2020,non_geographic,JOHNSTON - TRANSFER,12
2020,non_geographic,JONES - ABSENTEE,12
2020,non_geographic,JONES - ONE STOP,12
2020,non_geographic,JONES - PROVISIONAL,12
2020,non_geographic,JONES - TRANSFER,12
2020,non_geographic,LEE - ABSENTEE,12
2020,non_geographic,LEE - OS HALES,12
2020,non_geographic,LEE - OS MCSWAIN,12
2020,non_geographic,LEE - PROVISIONAL,12
2020,non_geographic,LEE - TRANSFER,12
2020,non_geographic,LINCOLN - ABSENTEE MAIL,12
2020,non_geographic,LINCOLN - CITY OS,12
2020,non_geographic,LINCOLN - EAST OS,12
2020,non_geographic,LINCOLN - LINCOLN OS,12
2020,non_geographic,LINCOLN - PROVISIONAL,12
2020,non_geographic,LINCOLN - TRANSFER,12
2020,non_geographic,LINCOLN - WEST OS,12
2020,non_geographic,MACON - ABSENTEE,12
2020,non_geographic,MACON - ONE STOP BOE,12
2020,non_geographic,MACON - ONE STOP HOS,12
2020,non_geographic,MACON - PROVISIONAL,12
2020,non_geographic,MACON - TRANSFER,12
2020,non_geographic,MARTIN - ABSENTEE,12
2020,non_geographic,MARTIN - ONE STOP CBR,12
2020,non_geographic,MARTIN - ONE STOP EES,12
2020,non_geographic,MARTIN - PROVISIONAL,12
2020,non_geographic,MECKLENBURG - ABSENTEE BY MAIL,12
2020,non_geographic,MECKLENBURG - PROVISIONAL,12
2020,non_geographic,MOORE - ABSENTEE,12
2020,non_geographic,MOORE - ONE STOP AG,12
2020,non_geographic,MOORE - ONE STOP PCC,12
2020,non_geographic,MOORE - ONE STOP RS,12
2020,non_geographic,MOORE - ONE STOP VTH,12
2020,non_geographic,MOORE - PROVISIONAL,12
2020,non_geographic,MOORE - TRANSFER,12
2020,non_geographic,NASH - ABSENTEE,12
2020,non_geographic,NASH - MT. PLEASANT OS,12
2020,non_geographic,NASH - NASHVILLE OS,12
2020,non_geographic,NASH - PROVISIONAL,12
2020,non_geographic,NASH - RMT 301 OS,12
2020,non_geographic,NASH - RMT DOWNTOWN OS,12
2020,non_geographic,NASH - TRANSFER,12
2020,non_geographic,NEW HANOVER - ABSENTEE,12
2020,non_geographic,NEW HANOVER - ONE STOP ARB,12
2020,non_geographic,NEW HANOVER - ONE STOP CBC,12
2020,non_geographic,NEW HANOVER - ONE STOP CFC,12
2020,non_geographic,NEW HANOVER - ONE STOP CFN,12
2020,non_geographic,NEW HANOVER - ONE STOP GVT,12
2020,non_geographic,NEW HANOVER - ONE STOP MSL,12
2020,non_geographic,NEW HANOVER - ONE STOP NLB,12
2020,non_geographic,NEW HANOVER - ONE STOP PVL,12
2020,non_geographic,NEW HANOVER - ONE STOP SRC,12
2020,non_geographic,NEW HANOVER - PROVISIONAL,12
2020,non_geographic,NEW HANOVER - TRANSFER,12
2020,non_geographic,NORTHAMPTON - ABSENTEE,12
2020,non_geographic,NORTHAMPTON - OS GASTON,12
2020,non_geographic,NORTHAMPTON - OS JACKSON,12
2020,non_geographic,NORTHAMPTON - OS RICHSQUARE,12
2020,non_geographic,NORTHAMPTON - OS SEVERN,12
2020,non_geographic,NORTHAMPTON - PROVISIONAL,12
2020,non_geographic,NORTHAMPTON - TRANSFER,12
2020,non_geographic,ORANGE - ABSENTEE,12
2020,non_geographic,ORANGE - OS BOE,12
2020,non_geographic,ORANGE - OS CARRBORO,12
2020,non_geographic,ORANGE - OS COTC,12
2020,non_geographic,ORANGE - OS EFLAND,12
2020,non_geographic,ORANGE - OS SEYMOUR,12
2020,non_geographic,ORANGE - OS UM,12
2020,non_geographic,ORANGE - PROVISIONAL,12
2020,non_geographic,ORANGE - TRANSFER,12
2020,non_geographic,PASQUOTANK - ABSENTEE,12
2020,non_geographic,PASQUOTANK - ONE STOP,12
2020,non_geographic,PASQUOTANK - PROVISIONAL,12
2020,non_geographic,PASQUOTANK - TRANSFER,12
2020,non_geographic,PITT - ABSENTEE,12
2020,non_geographic,PITT - OS AG CENTER,12
2020,non_geographic,PITT - OS COMM SCHOOLS,12
2020,non_geographic,PITT - OS EPPES,12
2020,non_geographic,PITT - OS FARMVILLE,12
2020,non_geographic,PITT - OS STUDENT CENTER,12
2020,non_geographic,PITT - OS WILLIS BUILDING,12
2020,non_geographic,PITT - OS WINTERVILLE,12
2020,non_geographic,PITT - PROVISIONAL,12
2020,non_geographic,PITT - TRANSFER,12
2020,non_geographic,POLK - ABSENTEE,12
2020,non_geographic,POLK - ONE STOP,12
2020,non_geographic,POLK - PROVISIONAL,12
2020,non_geographic,POLK - TRANSFER,12
2020,non_geographic,RICHMOND - ABSENTEE MAIL,12
2020,non_geographic,RICHMOND - PROVISIONAL,12
2020,non_geographic,RICHMOND - TRANSFER,12
2020,non_geographic,SCOTLAND - ABSENTEE,12
2020,non_geographic,SCOTLAND - ONE STOP ANNEX CONF RM,12
2020,non_geographic,SCOTLAND - PROVISIONAL,12
2020,non_geographic,SCOTLAND - TRANSFER,12
2020,non_geographic,STOKES - ABSENTEE,12
2020,non_geographic,STOKES - ONE STOP DANBURY,12
2020,non_geographic,STOKES - ONE STOP KING,12
2020,non_geographic,STOKES - ONE STOP WALNUT COVE,12
2020,non_geographic,STOKES - PROVISIONAL,12
2020,non_geographic,STOKES - TRANSFER,12
2020,non_geographic,SURRY - ABSENTEE,12
2020,non_geographic,SURRY - DOB OS,12
2020,non_geographic,SURRY - ELK OS,12
2020,non_geographic,SURRY - MA OS,12
2020,non_geographic,SURRY - PM OS,12
2020,non_geographic,SURRY - PROVISIONAL,12
2020,non_geographic,SURRY - TRANSFER,12
2020,non_geographic,TYRRELL - ABSENTEE,12
2020,non_geographic,TYRRELL - ONE STOP,12
2020,non_geographic,TYRRELL - PROVISIONAL,12
2020,non_geographic,TYRRELL - TRANSFER,12
2020,non_geographic,WASHINGTON - ABSENTEE,12
2020,non_geographic,WASHINGTON - ONE STOP,12
2020,non_geographic,WASHINGTON - PROVISIONAL,12
2020,non_geographic,WASHINGTON - TRANSFER,12
2020,non_geographic,WATAUGA - ABSENTEE,12
2020,non_geographic,WATAUGA - OS ADMIN,12
2020,non_geographic,WATAUGA - OS ASU,12
2020,non_geographic,WATAUGA - OS BR,12
2020,non_geographic,WATAUGA - OS DG,12
2020,non_geographic,WATAUGA - OS FSCO,12
2020,non_geographic,WATAUGA - OS WW,12
2020,non_geographic,WATAUGA - PROVISIONAL,12
2020,non_geographic,WATAUGA - TRANSFER,12
2020,non_geographic,WAYNE - ABSENTEE,12
2020,non_geographic,WAYNE - OS BCR,12
2020,non_geographic,WAYNE - OS LIB,12
2020,non_geographic,WAYNE - OS MAX,12
2020,non_geographic,WAYNE - OS MOT,12
2020,non_geographic,WAYNE - OS PHL,12
2020,non_geographic,WAYNE - PROVISIONAL,12
2020,non_geographic,WAYNE - TRANSFER,12
2020,non_geographic,WILKES - ABSENTEE,12
2020,non_geographic,WILKES - MCGEE OS,12
2020,non_geographic,WILKES - OFFICE OS,12
2020,non_geographic,WILKES - PROVISIONAL,12
2020,non_geographic,WILKES - TRANSFER,12
2020,non_geographic,YADKIN - ABSENTEE,12
2020,non_geographic,YADKIN - ONE STOP,12
2020,non_geographic,YADKIN - PROVISIONAL,12
2020,non_geographic,YADKIN - TRANSFER,12
2020,unmatched,ALAMANCE - 03S,12
2020,unmatched,BLADEN - BAY TREE FIRE DEPT,12
2020,unmatched,BLADEN - BLAD COUNTY GYM,12
2020,unmatched,BLADEN - BOOK T. WASHINGTON,12
2020,unmatched,BLADEN - EAST ARCADIA,12
2020,unmatched,BLADEN - SPAULDING MONROE,12
2020,unmatched,BLADEN - TAR HEEL MUNI BLD,12
2020,unmatched,BRUNSWICK - 04A,12
2020,unmatched,BRUNSWICK - 04B2,12
2020,unmatched,BRUNSWICK - 10A,12
2020,unmatched,BRUNSWICK - 10B,12
2020,unmatched,BUNCOMBE - AVML,12
2020,unmatched,BUNCOMBE - AVOM,12
2020,unmatched,BUNCOMBE - BMBL,12
2020,unmatched,BUNCOMBE - BTFD,12
2020,unmatched,BUNCOMBE - ECBL,12
2020,unmatched,BUNCOMBE - FVCC,12
2020,unmatched,BUNCOMBE - HACC,12
2020,unmatched,BUNCOMBE - LECC,12
2020,unmatched,BUNCOMBE - LSKY,12
2020,unmatched,BUNCOMBE - REYV,12
2020,unmatched,BUNCOMBE - SBBL,12
2020,unmatched,BUNCOMBE - TCRK,12
2020,unmatched,BUNCOMBE - UNCA,12
2020,unmatched,BUNCOMBE - WACC,12
2020,unmatched,BUNCOMBE - WGSC,12
2020,unmatched,BUNCOMBE - WVTH,12
2020,unmatched,BURKE - 0053,12
2020,unmatched,BURKE - 0065,12
2020,unmatched,CALDWELL - PR16,12
2020,unmatched,CALDWELL - PR17,12
2020,unmatched,CALDWELL - PR18,12
2020,unmatched,CALDWELL - PR21,12
2020,unmatched,CALDWELL - PR22,12
2020,unmatched,CALDWELL - PR24,12
2020,unmatched,CALDWELL - PR25,12
2020,unmatched,CALDWELL - PR29,12
2020,unmatched,CALDWELL - PR30,12
2020,unmatched,CALDWELL - PR31,12
2020,unmatched,CALDWELL - PR32,12
2020,unmatched,CALDWELL - PR33,12
2020,unmatched,CALDWELL - PR34,12
2020,unmatched,CALDWELL - PR35,12
2020,unmatched,CARTERET - CCCP,12
2020,unmatched,CARTERET - ISPK,12
2020,unmatched,CHATHAM - 20,12
2020,unmatched,CHATHAM - 24,12
2020,unmatched,CHATHAM - 45,12
2020,unmatched,CHATHAM - 6,12
2020,unmatched,CHATHAM - MCH110,12
2020,unmatched,CHATHAM - PIT113,12
2020,unmatched,COLUMBUS - P03,12
2020,unmatched,COLUMBUS - P04,12
2020,unmatched,COLUMBUS - P05,12
2020,unmatched,COLUMBUS - P08,12
2020,unmatched,COLUMBUS - P09,12
2020,unmatched,COLUMBUS - P10,12
2020,unmatched,COLUMBUS - P12,12
2020,unmatched,COLUMBUS - P13,12
2020,unmatched,COLUMBUS - P18,12
2020,unmatched,COLUMBUS - P21,12
2020,unmatched,CUMBERLAND - G2B,12
2020,unmatched,CUMBERLAND - G2D,12
2020,unmatched,CURRITUCK - CI,12
2020,unmatched,CURRITUCK - MY,12
2020,unmatched,DURHAM - 39,12
2020,unmatched,EDGECOMBE - DET OF SOCIAL SERVICES,12
2020,unmatched,EDGECOMBE - PINES CHAP FELLSHIP HALL,12
2020,unmatched,FORSYTH - 011,12
2020,unmatched,FORSYTH - 072,12
2020,unmatched,FORSYTH - 082,12
2020,unmatched,FORSYTH - 122,12
2020,unmatched,FORSYTH - 201,12
2020,unmatched,FORSYTH - 507,12
2020,unmatched,GUILFORD - ONE-STOP,12
2020,unmatched,HENDERSON - CV,12
2020,unmatched,HERTFORD - BOE OFFICE,12
2020,unmatched,HERTFORD - MURFREE CNTR,12
2020,unmatched,IREDELL - BA,12
2020,unmatched,JOHNSTON - ARCHER LODGE,12
2020,unmatched,JOHNSTON - BENSON,12
2020,unmatched,JOHNSTON - CLAYTON,12
2020,unmatched,JOHNSTON - CLEVELAND,12
2020,unmatched,JOHNSTON - PROVIDENCE,12
2020,unmatched,JOHNSTON - SELMA,12
2020,unmatched,JOHNSTON - SMITHFIELD,12
2020,unmatched,MARTIN - HS,12
2020,unmatched,MARTIN - PP,12
2020,unmatched,MARTIN - R1,12
2020,unmatched,MARTIN - R2,12
2020,unmatched,MARTIN - W,12
2020,unmatched,MOORE - PHB1,12
2020,unmatched,MOORE - WKWD,12
2020,unmatched,NEW HANOVER - H03,12
2020,unmatched,NEW HANOVER - W13,12
2020,unmatched,NEW HANOVER - W18,12
2020,unmatched,NEW HANOVER - W24,12
2020,unmatched,NEW HANOVER - W28,12
2020,unmatched,ORANGE - CB,12
2020,unmatched,ORANGE - CP,12
2020,unmatched,ORANGE - LC,12
2020,unmatched,PAMLICO - 1AL A,12
2020,unmatched,PAMLICO - 1GB,12
2020,unmatched,PAMLICO - 2SW,12
2020,unmatched,PAMLICO - 3BY,12
2020,unmatched,PAMLICO - 4HB,12
2020,unmatched,PAMLICO - 4MSIC,12
2020,unmatched,PAMLICO - 4VM A,12
2020,unmatched,PENDER - PL10,12
2020,unmatched,PERSON - RCTL,12
2020,unmatched,RICHMOND - BROWDER,12
2020,unmatched,RICHMOND - CO OP,12
2020,unmatched,RICHMOND - ELLERBE,12
2020,unmatched,RICHMOND - HAMLET,12
2020,unmatched,STANLY - 0007,12
2020,unmatched,STANLY - 0008,12
2020,unmatched,STANLY - 0010,12
2020,unmatched,STANLY - 0013,12
2020,unmatched,STANLY - 0020,12
2020,unmatched,SURRY - 13,12
2020,unmatched,WAKE - ABSEN 81-120,12
2020,unmatched,WAKE - OSAB 81-120,12
2020,unmatched,WAKE - OSAP 81-120,12
2020,unmatched,WAKE - OSAV 81-120,12
2020,unmatched,WAKE - OSBR 81-120,12
2020,unmatched,WAKE - OSCA 81-120,12
2020,unmatched,WAKE - OSCM 81-120,12
2020,unmatched,WAKE - OSCS 81-120,12
2020,unmatched,WAKE - OSGR 81-120,12
2020,unmatched,WAKE - OSHS 81-120,12
2020,unmatched,WAKE - OSKD 81-120,12
2020,unmatched,WAKE - OSLH 81-120,12
2020,unmatched,WAKE - OSLL 81-120,12
2020,unmatched,WAKE - OSNR 81-120,12
2020,unmatched,WAKE - OSOP 81-120,12
2020,unmatched,WAKE - OSRB 81-120,12
2020,unmatched,WAKE - OSTA 81-120,12
2020,unmatched,WAKE - OSWA 81-120,12
2020,unmatched,WAKE - OSWN 81-120,12
2020,unmatched,WAKE - OSWO 81-120,12
2020,unmatched,WAKE - OSZB 81-120,12
2020,unmatched,WAKE - PROVI 81-120,12
2020,unmatched,WAKE - TRANS 81-120,12
2020,unmatched,WILKES - 120,12
2020,unmatched,WILKES - 121,12
2020,unmatched,WILKES - 123,12
2020,unmatched,WILKES - 124,12
2022,ambiguous,BUNCOMBE - 68.1,1
2022,ambiguous,BUNCOMBE - 681,1
2022,ambiguous,CUMBERLAND - AL51,1
2022,ambiguous,CUMBERLAND - G3A-2,1
2022,ambiguous,DURHAM - 30-1,1
2022,ambiguous,DURHAM - 33,1
2022,ambiguous,DURHAM - 35.3,1
2022,ambiguous,GATES - 4N,1
2022,ambiguous,GATES - 4S,1
2022,ambiguous,IREDELL - DV1A-1,1
2022,ambiguous,ROBESON - 11A,1
2022,ambiguous,WAKE - 01-07A,1
2022,ambiguous,WAKE - 03-00,1
2022,ambiguous,WAKE - 06-09,1
2022,ambiguous,WAKE - 07-07A,1
2022,ambiguous,WAKE - 17-04,1
2022,ambiguous,WAKE - 19-12,1
2022,non_geographic,ALLEGHANY - ABSENTEE BY MAIL,1
2022,non_geographic,ALLEGHANY - ONE STOP,1
2022,non_geographic,ALLEGHANY - PROVISIONAL,1
2022,non_geographic,AVERY - ABSENTEE,1
2022,non_geographic,AVERY - ONE STOP,1
2022,non_geographic,AVERY - PROVISIONAL,1
2022,non_geographic,AVERY - TRANSFER,1
2022,non_geographic,BEAUFORT - ABSENTEE,1
2022,non_geographic,BEAUFORT - OS-AURA,1
2022,non_geographic,BEAUFORT - OS-BELH,1
2022,non_geographic,BEAUFORT - OS-BOE,1
2022,non_geographic,BEAUFORT - OS-CHOCO,1
2022,non_geographic,BEAUFORT - PROVISIONAL,1
2022,non_geographic,BEAUFORT - TRANSFER,1
2022,non_geographic,BERTIE - ABSENTEE,1
2022,non_geographic,BERTIE - OS-LOB,1
2022,non_geographic,BERTIE - OS-POW,1
2022,non_geographic,BERTIE - PROVISIONAL,1
2022,non_geographic,BLADEN - ABSENTEE,1
2022,non_geographic,BLADEN - OS BOE,1
2022,non_geographic,BLADEN - OS EA,1
2022,non_geographic,BLADEN - OS SM,1
2022,non_geographic,BLADEN - OS T,1
2022,non_geographic,BLADEN - PROVISIONAL,1
2022,non_geographic,BUNCOMBE - ABSENTEE,1
2022,non_geographic,BUNCOMBE - OS-BMBL,1
2022,non_geographic,BUNCOMBE - OS-COXE,1
2022,non_geographic,BUNCOMBE - OS-EABL,1
2022,non_geographic,BUNCOMBE - OS-ECBL,1
2022,non_geographic,BUNCOMBE - OS-FCTR,1
2022,non_geographic,BUNCOMBE - OS-FVBL,1
2022,non_geographic,BUNCOMBE - OS-LECC,1
2022,non_geographic,BUNCOMBE - OS-NABL,1
2022,non_geographic,BUNCOMBE - OS-SBBL,1
2022,non_geographic,BUNCOMBE - OS-WABL,1
2022,non_geographic,BUNCOMBE - OS-WGSC,1
2022,non_geographic,BUNCOMBE - OS-WVCC,1
2022,non_geographic,BUNCOMBE - PROVISIONAL,1
2022,non_geographic,BUNCOMBE - TRANSFER,1
2022,non_geographic,CABARRUS - ABSENTEE,1
2022,non_geographic,CABARRUS - OS-HBG,1
2022,non_geographic,CABARRUS - OS-KTD,1
2022,non_geographic,CABARRUS - OS-LOB,1
2022,non_geographic,CABARRUS - PROVISIONAL,1
2022,non_geographic,CABARRUS - TRANSFER,1
2022,non_geographic,CALDWELL - ABSENTEE,1
2022,non_geographic,CALDWELL - ONE STOP RESOURCE CENTER,1
2022,non_geographic,CALDWELL - ONE STOP SHUFORD REC,1
2022,non_geographic,CALDWELL - PROVISIONAL,1
2022,non_geographic,CALDWELL - TRANSFER,1
2022,non_geographic,CAMDEN - ABSENTEE,1
2022,non_geographic,CAMDEN - ONE STOP,1
2022,non_geographic,CAMDEN - PROVISIONAL,1
2022,non_geographic,CAMDEN - TRANSFER,1
2022,non_geographic,CURRITUCK - ABSENTEE,1
2022,non_geographic,CURRITUCK - ONE STOP,1
2022,non_geographic,CURRITUCK - PROVISIONAL,1
2022,non_geographic,CURRITUCK - TRANSFER,1
2022,non_geographic,DARE - ABSENTEE MAIL,1
2022,non_geographic,DARE - ABSENTEE SUPPLEMENTAL,1
2022,non_geographic,DARE - OS BOE,1
2022,non_geographic,DARE - OS FANX,1
2022,non_geographic,DARE - OS KDH,1
2022,non_geographic,DARE - PROVISIONAL,1
2022,non_geographic,DARE - TRANSFER,1
2022,non_geographic,DAVIDSON - ABSENTEE BY MAIL,1
2022,non_geographic,DAVIDSON - OS ARCADIA,1
2022,non_geographic,DAVIDSON - OS BOE,1
2022,non_geographic,DAVIDSON - OS DENTON,1
2022,non_geographic,DAVIDSON - OS MIDWAY,1
2022,non_geographic,DAVIDSON - OS TLIB,1
2022,non_geographic,DAVIDSON - PROVISIONAL,1
2022,non_geographic,DAVIDSON - TRANSFER,1
2022,non_geographic,DAVIE - ABSENTEE,1
2022,non_geographic,DAVIE - OS BERMUDA RUN,1
2022,non_geographic,DAVIE - OS BOE,1
2022,non_geographic,DAVIE - OS JERUSALEM VFD,1
2022,non_geographic,DAVIE - PROVISIONAL,1
2022,non_geographic,DAVIE - TRANSFER,1
2022,non_geographic,DURHAM - OS DCML,1
2022,non_geographic,DURHAM - OS DUKE,1
2022,non_geographic,DURHAM - OS ERL,1
2022,non_geographic,DURHAM - OS ERUUF,1
2022,non_geographic,DURHAM - OS NCCU,1
2022,non_geographic,DURHAM - OS NRL,1
2022,non_geographic,DURHAM - OS SRL,1
2022,non_geographic,DURHAM - OS TRC,1
2022,non_geographic,DURHAM - TRANSFER,1
2022,non_geographic,EDGECOMBE - ABSENTEE,1
2022,non_geographic,EDGECOMBE - OS-CARMON,1
2022,non_geographic,EDGECOMBE - OS-PINETOPS,1
2022,non_geographic,EDGECOMBE - OS-ROCKY MT,1
2022,non_geographic,EDGECOMBE - PROVISIONAL,1
2022,non_geographic,EDGECOMBE - TRANSFER,1
2022,non_geographic,GUILFORD - ABSENTEE,1
2022,non_geographic,GUILFORD - PROVISIONAL,1
2022,non_geographic,HALIFAX - ABSENTEE,1
2022,non_geographic,HALIFAX - OS ENF,1
2022,non_geographic,HALIFAX - OS HAL,1
2022,non_geographic,HALIFAX - OS RRA,1
2022,non_geographic,HALIFAX - OS SN,1
2022,non_geographic,HALIFAX - PROVISIONAL,1
2022,non_geographic,HAYWOOD - ABSENTEE,1
2022,non_geographic,HAYWOOD - PROVISIONAL,1
2022,non_geographic,HAYWOOD - TRANSFER,1
2022,non_geographic,HENDERSON - ABSENTEE,1
2022,non_geographic,HENDERSON - ONE STOP 1,1
2022,non_geographic,HENDERSON - ONE STOP 2,1
2022,non_geographic,HENDERSON - ONE STOP 3,1
2022,non_geographic,HENDERSON - ONE STOP 4,1
2022,non_geographic,HENDERSON - PROVISIONAL,1
2022,non_geographic,HENDERSON - TRANSFER,1
2022,non_geographic,HOKE - ABSENTEE,1
2022,non_geographic,HOKE - ONE STOP BOE,1
2022,non_geographic,HOKE - ONE STOP ROCKFISH,1
2022,non_geographic,HOKE - PROVISIONAL,1
2022,non_geographic,HOKE - TRANSFER,1
2022,non_geographic,HYDE - ABSENTEE,1
2022,non_geographic,HYDE - OS-BOE,1
2022,non_geographic,HYDE - OS-OCK,1
2022,non_geographic,HYDE - PROVISIONAL,1
2022,non_geographic,HYDE - TRANSFER,1
2022,non_geographic,JOHNSTON - ABSENTEE 1,1
2022,non_geographic,JOHNSTON - OS-ARCHER LODGE,1
2022,non_geographic,JOHNSTON - OS-BENSON,1
2022,non_geographic,JOHNSTON - OS-CLAYTON,1
2022,non_geographic,JOHNSTON - OS-CLEVELAND,1
2022,non_geographic,JOHNSTON - OS-KENLY,1
2022,non_geographic,JOHNSTON - OS-SELMA,1
2022,non_geographic,JOHNSTON - OS-SMITHFIELD,1
2022,non_geographic,JOHNSTON - PROVISIONAL,1
2022,non_geographic,JOHNSTON - SUPPLEMENTAL ABSENTEE,1
2022,non_geographic,JOHNSTON - TRANSFER,1
2022,non_geographic,JONES - ABSENTEE MAIL,1
2022,non_geographic,JONES - ONE STOP,1
2022,non_geographic,JONES - PROVISIONAL,1
2022,non_geographic,JONES - TRANSFER,1
2022,non_geographic,LEE - ABSENTEE,1
2022,non_geographic,LEE - PROVISIONAL,1
2022,non_geographic,MACON - ABSENTEE,1
2022,non_geographic,MACON - ONE STOP BOE,1
2022,non_geographic,MACON - ONE STOP HOS,1
2022,non_geographic,MACON - PROVISIONAL,1
2022,non_geographic,MACON - TRANSFER,1
2022,non_geographic,MARTIN - ABSENTEE,1
2022,non_geographic,MARTIN - ONE STOP,1
2022,non_geographic,MARTIN - PROVISIONAL,1
2022,non_geographic,MECKLENBURG - ABSENTEE BY MAIL,1
2022,non_geographic,MECKLENBURG - PROVISIONAL,1
2022,non_geographic,MOORE - ABSENTEE,1
2022,non_geographic,MOORE - OS AG CENTER,1
2022,non_geographic,MOORE - OS PCC,1
2022,non_geographic,MOORE - PROVISIONAL,1
2022,non_geographic,NASH - ABSENTEE,1
2022,non_geographic,NASH - MT PLEASANT-OS,1
2022,non_geographic,NASH - NASHVILLE-OS,1
2022,non_geographic,NASH - PROVISIONAL,1
2022,non_geographic,NASH - ROCKY MOUNT-OS,1
2022,non_geographic,NASH - SUPP ABSENTEE,1
2022,non_geographic,NASH - TRANSFER,1
2022,non_geographic,NEW HANOVER - ABSENTEE,1
2022,non_geographic,NEW HANOVER - ONE STOP CB,1
2022,non_geographic,NEW HANOVER - ONE STOP CFCC,1
2022,non_geographic,NEW HANOVER - ONE STOP CFN,1
2022,non_geographic,NEW HANOVER - ONE STOP NLB,1
2022,non_geographic,NEW HANOVER - ONE STOP SRC,1
2022,non_geographic,NEW HANOVER - PROVISIONAL,1
2022,non_geographic,NEW HANOVER - TRANSFER,1
2022,non_geographic,NORTHAMPTON - ABSENTEE MAIL,1
2022,non_geographic,NORTHAMPTON - OS GASTON,1
2022,non_geographic,NORTHAMPTON - OS JACKSON,1
2022,non_geographic,NORTHAMPTON - OS RICH SQUARE,1
2022,non_geographic,NORTHAMPTON - PROVISIONAL,1
2022,non_geographic,ORANGE - ABSENTEE,1
2022,non_geographic,ORANGE - OS BOE,1
2022,non_geographic,ORANGE - OS CHL,1
2022,non_geographic,ORANGE - OS COTC,1
2022,non_geographic,ORANGE - OS CTH,1
2022,non_geographic,ORANGE - OS ERC,1
2022,non_geographic,ORANGE - OS SC,1
2022,non_geographic,ORANGE - PROVISIONAL,1
2022,non_geographic,ORANGE - TRANSFER,1
2022,non_geographic,PERQUIMANS - ABSENTEE,1
2022,non_geographic,PERQUIMANS - OS-BOE,1
2022,non_geographic,PERQUIMANS - PROVISIONAL,1
2022,non_geographic,PERQUIMANS - TRANSFER,1
2022,non_geographic,PITT - ABSENTEE,1
2022,non_geographic,PITT - OS AG CENTER,1
2022,non_geographic,PITT - OS COMMUNITY SCH,1
2022,non_geographic,PITT - OS COUNTY OFFICE,1
2022,non_geographic,PITT - OS STUDENT CENTER,1
2022,non_geographic,PITT - OS WINTERVILLE,1
2022,non_geographic,PITT - PROVISIONAL,1
2022,non_geographic,PITT - TRANSFER,1
2022,non_geographic,POLK - ABSENTEE,1
2022,non_geographic,POLK - ONE STOP,1
2022,non_geographic,POLK - PROVISIONAL,1
2022,non_geographic,POLK - TRANSFER,1
2022,non_geographic,RICHMOND - ABSENTEE,1
2022,non_geographic,RICHMOND - ONE STOP,1
2022,non_geographic,RICHMOND - PROVISIONAL,1
2022,non_geographic,SCOTLAND - ABSENTEE BY MAIL,1
2022,non_geographic,SCOTLAND - ONE STOP,1
2022,non_geographic,SCOTLAND - PROVISIONAL,1
2022,non_geographic,SCOTLAND - TRANSFER,1
2022,non_geographic,STOKES - ABSENTEE,1
2022,non_geographic,STOKES - ONE STOP DANBURY,1
2022,non_geographic,STOKES - ONE STOP KING,1
2022,non_geographic,STOKES - ONE STOP WALNUT COVE,1
2022,non_geographic,STOKES - PROVISIONAL,1
2022,non_geographic,SURRY - ABSENTEE BY MAIL,1
2022,non_geographic,SURRY - PROVISIONAL,1
2022,non_geographic,SURRY - SUPPLEMNTAL ABSENTEE,1
2022,non_geographic,SURRY - TRANSFER,1
2022,non_geographic,TYRRELL - ABSENTEE,1
2022,non_geographic,TYRRELL - ONE STOP,1
2022,non_geographic,TYRRELL - PROVISIONAL,1
2022,non_geographic,TYRRELL - TRANSFER,1
2022,non_geographic,WASHINGTON - ABSENTEE,1
2022,non_geographic,WASHINGTON - ONE STOP,1
2022,non_geographic,WASHINGTON - PROVISIONAL,1
2022,non_geographic,WASHINGTON - TRANSFER,1
2022,non_geographic,WATAUGA - ABSENTEE,1
2022,non_geographic,WATAUGA - OS ADMIN,1
2022,non_geographic,WATAUGA - OS ASU,1
2022,non_geographic,WATAUGA - OS BLOWING ROCK,1
2022,non_geographic,WATAUGA - OS DEEP GAP,1
2022,non_geographic,WATAUGA - OS MEAT CAMP,1
2022,non_geographic,WATAUGA - OS WWCC,1
2022,non_geographic,WATAUGA - PROVISIONAL,1
2022,non_geographic,WATAUGA - TRANSFER,1
2022,non_geographic,WILKES - ABSENTEE,1
2022,non_geographic,WILKES - ABSENTEE SUPPLEMENTAL,1
2022,non_geographic,WILKES - OS MCGEE,1
2022,non_geographic,WILKES - OS MILLERS CREEK,1
2022,non_geographic,WILKES - OS OFFICE,1
2022,non_geographic,WILKES - PROVISIONAL,1
2022,non_geographic,WILKES - TRANSFER,1
2022,non_geographic,YADKIN - ABSENTEE MAIL,1
2022,non_geographic,YADKIN - ONE STOP,1
2022,non_geographic,YADKIN - PROVISIONAL,1
2022,non_geographic,YADKIN - TRANSFER,1
2022,unmatched,ALAMANCE - 03S,1
2022,unmatched,BLADEN - OSDU,1
2022,unmatched,CALDWELL - PR016,1
2022,unmatched,CALDWELL - PR017,1
2022,unmatched,CALDWELL - PR018,1
2022,unmatched,CARTERET - CCCP,1
2022,unmatched,CARTERET - ISPK,1
2022,unmatched,CHATHAM - MCH110,1
2022,unmatched,CHATHAM - PIT113,1
2022,unmatched,DURHAM - 39,1
2022,unmatched,DURHAM - ABS,1
2022,unmatched,DURHAM - PROV,1
2022,unmatched,GUILFORD - ONESTOP,1
2022,unmatched,HENDERSON - CV,1
2022,unmatched,LEE - LEE COUNTY BOE,1
2022,unmatched,LEE - MCSWAIN CENTER,1
2022,unmatched,MOORE - PHB1,1
2022,unmatched,MOORE - WKWD,1
2022,unmatched,NEW HANOVER - W13,1
2022,unmatched,NEW HANOVER - W24,1
2022,unmatched,NEW HANOVER - W28,1
2022,unmatched,NEW HANOVER - W32,1
2022,unmatched,PAMLICO - 1AL A,1
2022,unmatched,PAMLICO - 1GB,1
2022,unmatched,PAMLICO - 2SW,1
2022,unmatched,PAMLICO - 3BY,1
2022,unmatched,PAMLICO - 4HB,1
2022,unmatched,PAMLICO - 4MSIC,1
2022,unmatched,PAMLICO - 4VM A,1
2022,unmatched,PENDER - PL10,1
2022,unmatched,PERSON - RCTL,1
2022,unmatched,STANLY - 0007,1
2022,unmatched,STANLY - 0008,1
2022,unmatched,STANLY - 0010,1
2022,unmatched,STANLY - 0013,1
2022,unmatched,STANLY - 0020,1
2022,unmatched,SURRY - DBOS,1
2022,unmatched,SURRY - MAOS,1
2022,unmatched,TRANSYLVANIA - RE,1
2022,unmatched,UNION - 020B,1
2022,unmatched,WAKE - ABSEN 81-120,1
2022,unmatched,WAKE - OSAV 81-120,1
2022,unmatched,WAKE - OSBOE 81-120,1
2022,unmatched,WAKE - OSCA 81-120,1
2022,unmatched,WAKE - OSCH 81-120,1
2022,unmatched,WAKE - OSCS 81-120,1
2022,unmatched,WAKE - OSGR 81-120,1
2022,unmatched,WAKE - OSHS 81-120,1
2022,unmatched,WAKE - OSHT 81-120,1
2022,unmatched,WAKE - OSJB 81-120,1
2022,unmatched,WAKE - OSLL 81-120,1
2022,unmatched,WAKE - OSNR 81-120,1
2022,unmatched,WAKE - OSOP 81-120,1
2022,unmatched,WAKE - OSSE 81-120,1
2022,unmatched,WAKE - OSTA 81-120,1
2022,unmatched,WAKE - OSWD 81-120,1
2022,unmatched,WAKE - PROVI 81-120,1
2022,unmatched,WAKE - TRANS 81-120,1
2022,unmatched,WILKES - 123,1
2022,unmatched,WILKES - 124,1
2024,ambiguous,GATES - 4N,11
2024,ambiguous,GATES - 4S,11
2024,ambiguous,ROBESON - 11A,11
2024,non_geographic,ALLEGHANY - ABSENTEE BY MAIL,11
2024,non_geographic,ALLEGHANY - EARLY VOTING,11
2024,non_geographic,ALLEGHANY - TRANSFER,11
2024,non_geographic,AVERY - ABSENTEE,11
2024,non_geographic,AVERY - EARLY VOTING,11
2024,non_geographic,AVERY - PROVISIONAL,11
2024,non_geographic,AVERY - TRANSFER,11
2024,non_geographic,BEAUFORT - ABSENTEE,11
2024,non_geographic,BEAUFORT - EV-AUR,11
2024,non_geographic,BEAUFORT - EV-BEL,11
2024,non_geographic,BEAUFORT - EV-BOE,11
2024,non_geographic,BEAUFORT - EV-CHO,11
2024,non_geographic,BEAUFORT - PROVISIONAL,11
2024,non_geographic,BEAUFORT - TRANSFER,11
2024,non_geographic,BERTIE - ABSENTEE,11
2024,non_geographic,BERTIE - EV-LOB,11
2024,non_geographic,BERTIE - EV-LW,11
2024,non_geographic,BERTIE - EV-POW,11
2024,non_geographic,BERTIE - PROVISIONAL,11
2024,non_geographic,BERTIE - TRANSFER,11
2024,non_geographic,BLADEN - ABSENTEE,11
2024,non_geographic,BLADEN - EV CENTRAL,11
2024,non_geographic,BLADEN - EV EAST ARCADIA,11
2024,non_geographic,BLADEN - EV NATIONAL GUARD,11
2024,non_geographic,BLADEN - EV SPAULDING MONROE,11
2024,non_geographic,BLADEN - EV TAR HEEL RESCUE,11
2024,non_geographic,BLADEN - PROVISIONAL,11
2024,non_geographic,BLADEN - TRANSFER,11
2024,non_geographic,CABARRUS - ABSENTEE,11
2024,non_geographic,CABARRUS - EV-CAE,11
2024,non_geographic,CABARRUS - EV-KTD,11
2024,non_geographic,CABARRUS - EV-LOB,11
2024,non_geographic,CABARRUS - EV-NGA,11
2024,non_geographic,CABARRUS - PROVISIONAL,11
2024,non_geographic,CABARRUS - TRANSFER,11
2024,non_geographic,CALDWELL - ABSENTEE,11
2024,non_geographic,CALDWELL - EV-CRC,11
2024,non_geographic,CALDWELL - EV-SRC,11
2024,non_geographic,CALDWELL - PROVISIONAL,11
2024,non_geographic,CALDWELL - TRANSFER,11
2024,non_geographic,CAMDEN - ABSENTEE,11
2024,non_geographic,CAMDEN - EARLY VOTING,11
2024,non_geographic,CAMDEN - PROVISIONAL,11
2024,non_geographic,CAMDEN - TRANSFER,11
2024,non_geographic,DARE - ABSENTEE BY MAIL,11
2024,non_geographic,DARE - ABSENTEE SUP,11
2024,non_geographic,DARE - EARLY VOTING BOE,11
2024,non_geographic,DARE - EARLY VOTING FANX,11
2024,non_geographic,DARE - EARLY VOTING KDH,11
2024,non_geographic,DARE - PROVISIONAL,11
2024,non_geographic,DARE - TRANSFER,11
2024,non_geographic,DAVIDSON - ABSENTEE,11
2024,non_geographic,DAVIDSON - CURBSIDE,11
2024,non_geographic,DAVIDSON - EV-ARC,11
2024,non_geographic,DAVIDSON - EV-BOE,11
2024,non_geographic,DAVIDSON - EV-DLIB,11
2024,non_geographic,DAVIDSON - EV-MID,11
2024,non_geographic,DAVIDSON - EV-TLIB,11
2024,non_geographic,DAVIDSON - EV-WEST,11
2024,non_geographic,DAVIDSON - PROVISIONAL,11
2024,non_geographic,DAVIDSON - TRANSFER,11
2024,non_geographic,DAVIE - ABSENTEE,11
2024,non_geographic,DAVIE - PROVISIONAL,11
2024,non_geographic,DAVIE - TRANSFER,11
2024,non_geographic,DURHAM - EV BOE,11
2024,non_geographic,DURHAM - EV CMCC,11
2024,non_geographic,DURHAM - EV DTCC,11
2024,non_geographic,DURHAM - EV DUKE,11
2024,non_geographic,DURHAM - EV EAST,11
2024,non_geographic,DURHAM - EV ENO,11
2024,non_geographic,DURHAM - EV MAIN,11
2024,non_geographic,DURHAM - EV NCCU,11
2024,non_geographic,DURHAM - EV NORTH,11
2024,non_geographic,DURHAM - EV SHS,11
2024,non_geographic,DURHAM - EV SOUTH,11
2024,non_geographic,DURHAM - EV ZAKAT,11
2024,non_geographic,DURHAM - TRANSFER,11
2024,non_geographic,EDGECOMBE - ABSENTEE,11
2024,non_geographic,EDGECOMBE - EARLY VOTING 1,11
2024,non_geographic,EDGECOMBE - EARLY VOTING 2,11
2024,non_geographic,EDGECOMBE - EARLY VOTING 3,11
2024,non_geographic,EDGECOMBE - PROVISIONAL,11
2024,non_geographic,EDGECOMBE - TRANSFER,11
2024,non_geographic,GUILFORD - ABSENTEE,11
2024,non_geographic,GUILFORD - PROVISIONAL,11
2024,non_geographic,GUILFORD - TRANSFER,11
2024,non_geographic,HALIFAX - ABSENTEE,11
2024,non_geographic,HALIFAX - EV HALIFAX,11
2024,non_geographic,HALIFAX - EV RINGWOOD,11
2024,non_geographic,HALIFAX - EV ROANOKE RAPIDS,11
2024,non_geographic,HALIFAX - EV SCOTLAND NECK,11
2024,non_geographic,HALIFAX - PROVISIONAL,11
2024,non_geographic,HALIFAX - TRANSFER,11
2024,non_geographic,HAYWOOD - ABSENTEE,11
2024,non_geographic,HAYWOOD - PROVISIONAL,11
2024,non_geographic,HAYWOOD - TRANSFER,11
2024,non_geographic,HOKE - ABSENTEE,11
2024,non_geographic,HOKE - PROVISIONAL,11
2024,non_geographic,HOKE - TRANSFER,11
2024,non_geographic,HYDE - ABSENTEE,11
2024,non_geographic,HYDE - EV BOE,11
2024,non_geographic,HYDE - EV OCK,11
2024,non_geographic,HYDE - PROVISIONAL,11
2024,non_geographic,HYDE - TRANSFER,11
2024,non_geographic,JOHNSTON - ABSENTEE,11
2024,non_geographic,JOHNSTON - EV-ARCHER LODGE,11
2024,non_geographic,JOHNSTON - EV-BENSON,11
2024,non_geographic,JOHNSTON - EV-CLAYTON,11
2024,non_geographic,JOHNSTON - EV-CLEVELAND,11
2024,non_geographic,JOHNSTON - EV-PRINCETON,11
2024,non_geographic,JOHNSTON - EV-PROVIDENCE,11
2024,non_geographic,JOHNSTON - EV-SELMA,11
2024,non_geographic,JOHNSTON - EV-SMITHFIELD,11
2024,non_geographic,JOHNSTON - EV-WATKINS,11
2024,non_geographic,JOHNSTON - PROVISIONAL,11
2024,non_geographic,JOHNSTON - TRANSFER,11
2024,non_geographic,JONES - ABSENTEE,11
2024,non_geographic,JONES - EARLY VOTING,11
2024,non_geographic,JONES - PROVISIONAL,11
2024,non_geographic,JONES - TRANSFER,11
2024,non_geographic,MARTIN - ABSENTEE,11
2024,non_geographic,MARTIN - EARLY VOTING,11
2024,non_geographic,MARTIN - PROVISIONAL,11
2024,non_geographic,MARTIN - TRANSFER,11
2024,non_geographic,MECKLENBURG - ABSENTEE BY MAIL,11
2024,non_geographic,MECKLENBURG - PROVISIONAL,11
2024,non_geographic,MECKLENBURG - TRANSFER,11
2024,non_geographic,MOORE - ABSENTEE,11
2024,non_geographic,MOORE - EV AG,11
2024,non_geographic,MOORE - EV RS,11
2024,non_geographic,MOORE - LATE ABSENTEE,11
2024,non_geographic,MOORE - PROVISIONAL,11
2024,non_geographic,MOORE - TRANSFER,11
2024,non_geographic,NEW HANOVER - ABSENTEE,11
2024,non_geographic,NEW HANOVER - EARLY VOTING BOE,11
2024,non_geographic,NEW HANOVER - EARLY VOTING CB,11
2024,non_geographic,NEW HANOVER - EARLY VOTING CFCC,11
2024,non_geographic,NEW HANOVER - EARLY VOTING NLB,11
2024,non_geographic,NEW HANOVER - EARLY VOTING SRC,11
2024,non_geographic,NEW HANOVER - PROVISIONAL,11
2024,non_geographic,NEW HANOVER - TRANSFER,11
2024,non_geographic,NORTHAMPTON - ABSENTEE,11
2024,non_geographic,NORTHAMPTON - EV COOL SPRING CC,11
2024,non_geographic,NORTHAMPTON - EV CREECY GYM,11
2024,non_geographic,NORTHAMPTON - EV CULTURE WELL CTN,11
2024,non_geographic,NORTHAMPTON - PROVISIONAL,11
2024,non_geographic,NORTHAMPTON - TRANSFER,11
2024,non_geographic,ORANGE - ABSENTEE,11
2024,non_geographic,ORANGE - EV CHL,11
2024,non_geographic,ORANGE - EV CL,11
2024,non_geographic,ORANGE - EV COTC,11
2024,non_geographic,ORANGE - EV ECC,11
2024,non_geographic,ORANGE - EV OW,11
2024,non_geographic,ORANGE - EV SCH,11
2024,non_geographic,ORANGE - PROVISIONAL,11
2024,non_geographic,ORANGE - TRANSFER,11
2024,non_geographic,PERQUIMANS - ABSENTEE,11
2024,non_geographic,PERQUIMANS - EARLY VOTING BOE,11
2024,non_geographic,PERQUIMANS - PROVISIONAL,11
2024,non_geographic,PERQUIMANS - TRANSFER,11
2024,non_geographic,PITT - ABSENTEE,11
2024,non_geographic,PITT - EV AG CENTER,11
2024,non_geographic,PITT - EV AYDEN,11
2024,non_geographic,PITT - EV BOYD LEE,11
2024,non_geographic,PITT - EV EPPES,11
2024,non_geographic,PITT - EV FARMVILLE,11
2024,non_geographic,PITT - EV STUDENT CENTER,11
2024,non_geographic,PITT - EV WINTERVILLE,11
2024,non_geographic,PITT - PROVISIONAL,11
2024,non_geographic,PITT - TRANSFER,11
2024,non_geographic,STANLY - ABS BY-MAIL,11
2024,non_geographic,STANLY - ADD ABS BY-MAIL,11
2024,non_geographic,STANLY - EV-BOE,11
2024,non_geographic,STANLY - EV-LOC,11
2024,non_geographic,STANLY - EV-NL,11
2024,non_geographic,STANLY - EV-NOR,11
2024,non_geographic,STANLY - PROVISIONAL,11
2024,non_geographic,STANLY - TRANSFER,11
2024,non_geographic,STOKES - ABSENTEE,11
2024,non_geographic,STOKES - EV DANBURY,11
2024,non_geographic,STOKES - EV KING,11
2024,non_geographic,STOKES - EV WALNUT COVE,11
2024,non_geographic,STOKES - PROVISIONAL,11
2024,non_geographic,STOKES - TRANSFER,11
2024,non_geographic,SURRY - ABSENTEE,11
2024,non_geographic,SURRY - EARLY VOTING 1,11
2024,non_geographic,SURRY - EARLY VOTING 2,11
2024,non_geographic,SURRY - EARLY VOTING 3,11
2024,non_geographic,SURRY - PROVISIONAL,11
2024,non_geographic,SURRY - TRANSFER,11
2024,non_geographic,TYRRELL - ABSENTEE,11
2024,non_geographic,TYRRELL - EARLY VOTING,11
2024,non_geographic,TYRRELL - PROVISIONAL,11
2024,non_geographic,TYRRELL - TRANSFER,11
2024,non_geographic,WASHINGTON - ABSENTEE,11
2024,non_geographic,WASHINGTON - EARLY VOTING,11
2024,non_geographic,WASHINGTON - PROVISIONAL,11
2024,non_geographic,WASHINGTON - TRANSFER,11
2024,non_geographic,WATAUGA - ABSENTEE,11
2024,non_geographic,WATAUGA - EV ADMIN,11
2024,non_geographic,WATAUGA - EV ASU,11
2024,non_geographic,WATAUGA - EV BRAL,11
2024,non_geographic,WATAUGA - EV DG,11
2024,non_geographic,WATAUGA - EV MC,11
2024,non_geographic,WATAUGA - EV WWCC,11
2024,non_geographic,WATAUGA - PROVISIONAL,11
2024,non_geographic,WATAUGA - TRANSFER,11
2024,non_geographic,WILKES - ABSENTEE,11
2024,non_geographic,WILKES - PROVISIONAL,11
2024,non_geographic,WILKES - SUPPLEMENTAL ABSENTEE,11
2024,non_geographic,WILKES - TRANSFER,11
2024,non_geographic,YADKIN - ABSENTEE,11
2024,non_geographic,YADKIN - EARLY VOTING,11
2024,non_geographic,YADKIN - PROVISIONAL,11
2024,non_geographic,YADKIN - TRANSFER,11
2024,unmatched,ALLEGHANY - PROVSIONAL,11
2024,unmatched,DURHAM - ABS,11
2024,unmatched,DURHAM - PROV,11
2024,unmatched,GUILFORD - EARLYVOTE,11
2024,unmatched,HENDERSON - CV,11
2024,unmatched,HOKE - BOE,11
2024,unmatched,JOHNSTON - ABS-SUPPLEMENTAL,11
2024,unmatched,TRANSYLVANIA - RE,11
2024,unmatched,WAKE - ABSEN,11
2024,unmatched,WAKE - EVAB,11
2024,unmatched,WAKE - EVAV,11
2024,unmatched,WAKE - EVBOE,11
2024,unmatched,WAKE - EVBR,11
2024,unmatched,WAKE - EVCA,11
2024,unmatched,WAKE - EVCH,11
2024,unmatched,WAKE - EVCS,11
2024,unmatched,WAKE - EVGR,11
2024,unmatched,WAKE - EVHS,11
2024,unmatched,WAKE - EVHT,11
2024,unmatched,WAKE - EVJB,11
2024,unmatched,WAKE - EVKD,11
2024,unmatched,WAKE - EVLH,11
2024,unmatched,WAKE - EVLL,11
2024,unmatched,WAKE - EVNR,11
2024,unmatched,WAKE - EVOP,11
2024,unmatched,WAKE - EVSE,11
2024,unmatched,WAKE - EVTA,11
2024,unmatched,WAKE - EVWA,11
2024,unmatched,WAKE - EVWD,11
2024,unmatched,WAKE - EVWN,11
2024,unmatched,WAKE - EVZB,11
2024,unmatched,WAKE - PROVI,11
2024,unmatched,WAKE - TRANS,11
2024,unmatched,WILKES - MILLERS CREEK EV,11
2024,unmatched,WILKES - OFFICE EV,11
2024,unmatched,WILKES - RONDA EV,11
