line_year,scope,contest_type,file,district,raw_statewide_votes,staged_statewide_votes,staged_minus_raw_votes,production_exists,production_margin_pct,staged_margin_pct,staged_minus_production_pp,production_winner,staged_winner,winner_flip
2022,congressional,agriculture_commissioner,congressional_agriculture_commissioner_2004.json,1,3330107,3330106,-1,True,-27.43,-27.43,0.0,DEM,DEM,False
2022,congressional,agriculture_commissioner,congressional_agriculture_commissioner_2004.json,2,3330107,3330106,-1,True,-10.09,-10.09,0.0,DEM,DEM,False
2022,congressional,agriculture_commissioner,congressional_agriculture_commissioner_2004.json,3,3330107,3330106,-1,True,4.7,4.7,0.0,REP,REP,False
2022,congressional,agriculture_commissioner,congressional_agriculture_commissioner_2004.json,4,3330107,3330106,-1,True,-28.75,-28.75,0.0,DEM,DEM,False
2022,congressional,agriculture_commissioner,congressional_agriculture_commissioner_2004.json,5,3330107,3330106,-1,True,18.56,18.56,0.0,REP,REP,False
2022,congressional,agriculture_commissioner,congressional_agriculture_commissioner_2004.json,6,3330107,3330106,-1,True,6.59,6.59,0.0,REP,REP,False
2022,congressional,agriculture_commissioner,congressional_agriculture_commissioner_2004.json,7,3330107,3330106,-1,True,-13.38,-13.38,0.0,DEM,DEM,False
2022,congressional,agriculture_commissioner,congressional_agriculture_commissioner_2004.json,8,3330107,3330106,-1,True,25.16,25.16,0.0,REP,REP,False
2022,congressional,agriculture_commissioner,congressional_agriculture_commissioner_2004.json,9,3330107,3330106,-1,True,3.28,3.28,0.0,REP,REP,False
2022,congressional,agriculture_commissioner,congressional_agriculture_commissioner_2004.json,10,3330107,3330106,-1,True,20.54,20.54,0.0,REP,REP,False
2022,congressional,agriculture_commissioner,congressional_agriculture_commissioner_2004.json,11,3330107,3330106,-1,True,4.21,4.21,0.0,REP,REP,False
2022,congressional,agriculture_commissioner,congressional_agriculture_commissioner_2004.json,12,3330107,3330106,-1,True,-8.57,-8.57,0.0,DEM,DEM,False
2022,congressional,agriculture_commissioner,congressional_agriculture_commissioner_2004.json,13,3330107,3330106,-1,True,-3.47,-3.47,0.0,DEM,DEM,False
2022,congressional,agriculture_commissioner,congressional_agriculture_commissioner_2004.json,14,3330107,3330106,-1,True,7.63,7.63,0.0,REP,REP,False
2022,congressional,attorney_general,congressional_attorney_general_2004.json,1,3366218,3366220,2,True,-35.62,-35.62,0.0,DEM,DEM,False
2022,congressional,attorney_general,congressional_attorney_general_2004.json,2,3366218,3366220,2,True,-15.31,-15.31,0.0,DEM,DEM,False
2022,congressional,attorney_general,congressional_attorney_general_2004.json,3,3366218,3366220,2,True,0.55,0.55,0.0,REP,REP,False
2022,congressional,attorney_general,congressional_attorney_general_2004.json,4,3366218,3366220,2,True,-35.17,-35.17,0.0,DEM,DEM,False
2022,congressional,attorney_general,congressional_attorney_general_2004.json,5,3366218,3366220,2,True,-0.03,-0.03,0.0,DEM,DEM,False
2022,congressional,attorney_general,congressional_attorney_general_2004.json,6,3366218,3366220,2,True,-17.87,-17.87,0.0,DEM,DEM,False
2022,congressional,attorney_general,congressional_attorney_general_2004.json,7,3366218,3366220,2,True,-16.65,-16.65,0.0,DEM,DEM,False
2022,congressional,attorney_general,congressional_attorney_general_2004.json,8,3366218,3366220,2,True,6.51,6.51,0.0,REP,REP,False
2022,congressional,attorney_general,congressional_attorney_general_2004.json,9,3366218,3366220,2,True,-11.0,-11.0,0.0,DEM,DEM,False
2022,congressional,attorney_general,congressional_attorney_general_2004.json,10,3366218,3366220,2,True,6.28,6.28,0.0,REP,REP,False
2022,congressional,attorney_general,congressional_attorney_general_2004.json,11,3366218,3366220,2,True,-4.32,-4.32,0.0,DEM,DEM,False
2022,congressional,attorney_general,congressional_attorney_general_2004.json,12,3366218,3366220,2,True,-17.68,-17.68,0.0,DEM,DEM,False
2022,congressional,attorney_general,congressional_attorney_general_2004.json,13,3366218,3366220,2,True,-13.81,-13.81,0.0,DEM,DEM,False
2022,congressional,attorney_general,congressional_attorney_general_2004.json,14,3366218,3366220,2,True,-2.49,-2.49,0.0,DEM,DEM,False
2022,congressional,auditor,congressional_auditor_2004.json,1,3295993,3295994,1,True,-21.79,-21.79,0.0,DEM,DEM,False
2022,congressional,auditor,congressional_auditor_2004.json,2,3295993,3295994,1,True,-4.8,-4.8,0.0,DEM,DEM,False
2022,congressional,auditor,congressional_auditor_2004.json,3,3295993,3295994,1,True,10.14,10.14,0.0,REP,REP,False
2022,congressional,auditor,congressional_auditor_2004.json,4,3295993,3295994,1,True,-27.84,-27.84,0.0,DEM,DEM,False
2022,congressional,auditor,congressional_auditor_2004.json,5,3295993,3295994,1,True,14.04,14.04,0.0,REP,REP,False
2022,congressional,auditor,congressional_auditor_2004.json,6,3295993,3295994,1,True,-5.25,-5.25,0.0,DEM,DEM,False
2022,congressional,auditor,congressional_auditor_2004.json,7,3295993,3295994,1,True,-5.09,-5.09,0.0,DEM,DEM,False
2022,congressional,auditor,congressional_auditor_2004.json,8,3295993,3295994,1,True,22.21,22.21,0.0,REP,REP,False
2022,congressional,auditor,congressional_auditor_2004.json,9,3295993,3295994,1,True,3.01,3.01,0.0,REP,REP,False
2022,congressional,auditor,congressional_auditor_2004.json,10,3295993,3295994,1,True,20.8,20.8,0.0,REP,REP,False
2022,congressional,auditor,congressional_auditor_2004.json,11,3295993,3295994,1,True,5.02,5.02,0.0,REP,REP,False
2022,congressional,auditor,congressional_auditor_2004.json,12,3295993,3295994,1,True,-7.4,-7.4,0.0,DEM,DEM,False
2022,congressional,auditor,congressional_auditor_2004.json,13,3295993,3295994,1,True,-0.01,-0.01,0.0,DEM,DEM,False
2022,congressional,auditor,congressional_auditor_2004.json,14,3295993,3295994,1,True,9.98,9.98,0.0,REP,REP,False
2022,congressional,governor,congressional_governor_2004.json,1,3486688,3486686,-2,True,-30.81,-30.81,0.0,DEM,DEM,False
2022,congressional,governor,congressional_governor_2004.json,2,3486688,3486686,-2,True,-19.46,-19.46,0.0,DEM,DEM,False
2022,congressional,governor,congressional_governor_2004.json,3,3486688,3486686,-2,True,-5.52,-5.52,0.0,DEM,DEM,False
2022,congressional,governor,congressional_governor_2004.json,4,3486688,3486686,-2,True,-34.91,-34.91,0.0,DEM,DEM,False
2022,congressional,governor,congressional_governor_2004.json,5,3486688,3486686,-2,True,-1.58,-1.58,0.0,DEM,DEM,False
2022,congressional,governor,congressional_governor_2004.json,6,3486688,3486686,-2,True,-19.75,-19.75,0.0,DEM,DEM,False
2022,congressional,governor,congressional_governor_2004.json,7,3486688,3486686,-2,True,-18.36,-18.36,0.0,DEM,DEM,False
2022,congressional,governor,congressional_governor_2004.json,8,3486688,3486686,-2,True,4.25,4.25,0.0,REP,REP,False
2022,congressional,governor,congressional_governor_2004.json,9,3486688,3486686,-2,True,-10.04,-10.04,0.0,DEM,DEM,False
2022,congressional,governor,congressional_governor_2004.json,10,3486688,3486686,-2,True,3.73,3.73,0.0,REP,REP,False
2022,congressional,governor,congressional_governor_2004.json,11,3486688,3486686,-2,True,-7.82,-7.82,0.0,DEM,DEM,False
2022,congressional,governor,congressional_governor_2004.json,12,3486688,3486686,-2,True,-21.07,-21.07,0.0,DEM,DEM,False
2022,congressional,governor,congressional_governor_2004.json,13,3486688,3486686,-2,True,-10.55,-10.55,0.0,DEM,DEM,False
2022,congressional,governor,congressional_governor_2004.json,14,3486688,3486686,-2,True,-6.36,-6.36,0.0,DEM,DEM,False
2022,congressional,insurance_commissioner,congressional_insurance_commissioner_2004.json,1,3355474,3355473,-1,True,-38.33,-38.33,0.0,DEM,DEM,False
2022,congressional,insurance_commissioner,congressional_insurance_commissioner_2004.json,2,3355474,3355473,-1,True,-22.72,-22.72,0.0,DEM,DEM,False
2022,congressional,insurance_commissioner,congressional_insurance_commissioner_2004.json,3,3355474,3355473,-1,True,-10.57,-10.57,0.0,DEM,DEM,False
2022,congressional,insurance_commissioner,congressional_insurance_commissioner_2004.json,4,3355474,3355473,-1,True,-43.72,-43.72,0.0,DEM,DEM,False
2022,congressional,insurance_commissioner,congressional_insurance_commissioner_2004.json,5,3355474,3355473,-1,True,-3.28,-3.28,0.0,DEM,DEM,False
2022,congressional,insurance_commissioner,congressional_insurance_commissioner_2004.json,6,3355474,3355473,-1,True,-21.88,-21.88,0.0,DEM,DEM,False
2022,congressional,insurance_commissioner,congressional_insurance_commissioner_2004.json,7,3355474,3355473,-1,True,-25.17,-25.17,0.0,DEM,DEM,False
2022,congressional,insurance_commissioner,congressional_insurance_commissioner_2004.json,8,3355474,3355473,-1,True,5.06,5.06,0.0,REP,REP,False
2022,congressional,insurance_commissioner,congressional_insurance_commissioner_2004.json,9,3355474,3355473,-1,True,-12.33,-12.33,0.0,DEM,DEM,False
2022,congressional,insurance_commissioner,congressional_insurance_commissioner_2004.json,10,3355474,3355473,-1,True,7.2,7.2,0.0,REP,REP,False
2022,congressional,insurance_commissioner,congressional_insurance_commissioner_2004.json,11,3355474,3355473,-1,True,-8.73,-8.73,0.0,DEM,DEM,False
2022,congressional,insurance_commissioner,congressional_insurance_commissioner_2004.json,12,3355474,3355473,-1,True,-16.49,-16.49,0.0,DEM,DEM,False
2022,congressional,insurance_commissioner,congressional_insurance_commissioner_2004.json,13,3355474,3355473,-1,True,-19.17,-19.17,0.0,DEM,DEM,False
2022,congressional,insurance_commissioner,congressional_insurance_commissioner_2004.json,14,3355474,3355473,-1,True,-2.17,-2.17,0.0,DEM,DEM,False
2022,congressional,labor_commissioner,congressional_labor_commissioner_2004.json,1,3307492,3307493,1,True,-19.49,-19.49,0.0,DEM,DEM,False
2022,congressional,labor_commissioner,congressional_labor_commissioner_2004.json,2,3307492,3307493,1,True,4.33,4.33,0.0,REP,REP,False
2022,congressional,labor_commissioner,congressional_labor_commissioner_2004.json,3,3307492,3307493,1,True,10.14,10.14,0.0,REP,REP,False
2022,congressional,labor_commissioner,congressional_labor_commissioner_2004.json,4,3307492,3307493,1,True,-24.06,-24.06,0.0,DEM,DEM,False
2022,congressional,labor_commissioner,congressional_labor_commissioner_2004.json,5,3307492,3307493,1,True,17.93,17.93,0.0,REP,REP,False
2022,congressional,labor_commissioner,congressional_labor_commissioner_2004.json,6,3307492,3307493,1,True,-2.96,-2.96,0.0,DEM,DEM,False
2022,congressional,labor_commissioner,congressional_labor_commissioner_2004.json,7,3307492,3307493,1,True,-3.79,-3.79,0.0,DEM,DEM,False
2022,congressional,labor_commissioner,congressional_labor_commissioner_2004.json,8,3307492,3307493,1,True,22.58,22.58,0.0,REP,REP,False
2022,congressional,labor_commissioner,congressional_labor_commissioner_2004.json,9,3307492,3307493,1,True,5.83,5.83,0.0,REP,REP,False
2022,congressional,labor_commissioner,congressional_labor_commissioner_2004.json,10,3307492,3307493,1,True,25.81,25.81,0.0,REP,REP,False
2022,congressional,labor_commissioner,congressional_labor_commissioner_2004.json,11,3307492,3307493,1,True,6.87,6.87,0.0,REP,REP,False
2022,congressional,labor_commissioner,congressional_labor_commissioner_2004.json,12,3307492,3307493,1,True,-5.14,-5.14,0.0,DEM,DEM,False
2022,congressional,labor_commissioner,congressional_labor_commissioner_2004.json,13,3307492,3307493,1,True,6.89,6.89,0.0,REP,REP,False
2022,congressional,labor_commissioner,congressional_labor_commissioner_2004.json,14,3307492,3307493,1,True,14.72,14.72,0.0,REP,REP,False
2022,congressional,lieutenant_governor,congressional_lieutenant_governor_2004.json,1,3398470,3398472,2,True,-35.57,-35.57,0.0,DEM,DEM,False
2022,congressional,lieutenant_governor,congressional_lieutenant_governor_2004.json,2,3398470,3398472,2,True,-21.11,-21.11,0.0,DEM,DEM,False
2022,congressional,lieutenant_governor,congressional_lieutenant_governor_2004.json,3,3398470,3398472,2,True,-16.57,-16.57,0.0,DEM,DEM,False
2022,congressional,lieutenant_governor,congressional_lieutenant_governor_2004.json,4,3398470,3398472,2,True,-38.39,-38.39,0.0,DEM,DEM,False
2022,congressional,lieutenant_governor,congressional_lieutenant_governor_2004.json,5,3398470,3398472,2,True,2.3,2.3,0.0,REP,REP,False
2022,congressional,lieutenant_governor,congressional_lieutenant_governor_2004.json,6,3398470,3398472,2,True,-14.69,-14.69,0.0,DEM,DEM,False
2022,congressional,lieutenant_governor,congressional_lieutenant_governor_2004.json,7,3398470,3398472,2,True,-22.41,-22.41,0.0,DEM,DEM,False
2022,congressional,lieutenant_governor,congressional_lieutenant_governor_2004.json,8,3398470,3398472,2,True,11.09,11.09,0.0,REP,REP,False
2022,congressional,lieutenant_governor,congressional_lieutenant_governor_2004.json,9,3398470,3398472,2,True,-11.46,-11.46,0.0,DEM,DEM,False
2022,congressional,lieutenant_governor,congressional_lieutenant_governor_2004.json,10,3398470,3398472,2,True,7.35,7.35,0.0,REP,REP,False
2022,congressional,lieutenant_governor,congressional_lieutenant_governor_2004.json,11,3398470,3398472,2,True,-4.27,-4.27,0.0,DEM,DEM,False
2022,congressional,lieutenant_governor,congressional_lieutenant_governor_2004.json,12,3398470,3398472,2,True,-17.7,-17.7,0.0,DEM,DEM,False
2022,congressional,lieutenant_governor,congressional_lieutenant_governor_2004.json,13,3398470,3398472,2,True,-15.89,-15.89,0.0,DEM,DEM,False
2022,congressional,lieutenant_governor,congressional_lieutenant_governor_2004.json,14,3398470,3398472,2,True,-2.77,-2.77,0.0,DEM,DEM,False
2022,congressional,nc_court_of_appeals_judge_seat_04,congressional_nc_court_of_appeals_judge_seat_04_2004.json,1,2632583,2632581,-2,True,-22.05,-22.05,0.0,DEM,DEM,False
2022,congressional,nc_court_of_appeals_judge_seat_04,congressional_nc_court_of_appeals_judge_seat_04_2004.json,2,2632583,2632581,-2,True,-18.21,-18.21,0.0,DEM,DEM,False
2022,congressional,nc_court_of_appeals_judge_seat_04,congressional_nc_court_of_appeals_judge_seat_04_2004.json,3,2632583,2632581,-2,True,-7.75,-7.75,0.0,DEM,DEM,False
2022,congressional,nc_court_of_appeals_judge_seat_04,congressional_nc_court_of_appeals_judge_seat_04_2004.json,4,2632583,2632581,-2,True,-36.73,-36.73,0.0,DEM,DEM,False
2022,congressional,nc_court_of_appeals_judge_seat_04,congressional_nc_court_of_appeals_judge_seat_04_2004.json,5,2632583,2632581,-2,True,-9.07,-9.07,0.0,DEM,DEM,False
2022,congressional,nc_court_of_appeals_judge_seat_04,congressional_nc_court_of_appeals_judge_seat_04_2004.json,6,2632583,2632581,-2,True,-23.19,-23.19,0.0,DEM,DEM,False
2022,congressional,nc_court_of_appeals_judge_seat_04,congressional_nc_court_of_appeals_judge_seat_04_2004.json,7,2632583,2632581,-2,True,-19.09,-19.09,0.0,DEM,DEM,False
2022,congressional,nc_court_of_appeals_judge_seat_04,congressional_nc_court_of_appeals_judge_seat_04_2004.json,8,2632583,2632581,-2,True,-3.05,-3.05,0.0,DEM,DEM,False
2022,congressional,nc_court_of_appeals_judge_seat_04,congressional_nc_court_of_appeals_judge_seat_04_2004.json,9,2632583,2632581,-2,True,-13.29,-13.29,0.0,DEM,DEM,False
2022,congressional,nc_court_of_appeals_judge_seat_04,congressional_nc_court_of_appeals_judge_seat_04_2004.json,10,2632583,2632581,-2,True,-2.65,-2.65,0.0,DEM,DEM,False
2022,congressional,nc_court_of_appeals_judge_seat_04,congressional_nc_court_of_appeals_judge_seat_04_2004.json,11,2632583,2632581,-2,True,-9.71,-9.71,0.0,DEM,DEM,False
2022,congressional,nc_court_of_appeals_judge_seat_04,congressional_nc_court_of_appeals_judge_seat_04_2004.json,12,2632583,2632581,-2,True,-27.58,-27.58,0.0,DEM,DEM,False
2022,congressional,nc_court_of_appeals_judge_seat_04,congressional_nc_court_of_appeals_judge_seat_04_2004.json,13,2632583,2632581,-2,True,-11.27,-11.27,0.0,DEM,DEM,False
2022,congressional,nc_court_of_appeals_judge_seat_04,congressional_nc_court_of_appeals_judge_seat_04_2004.json,14,2632583,2632581,-2,True,-15.14,-15.14,0.0,DEM,DEM,False
2022,congressional,nc_court_of_appeals_judge_seat_05,congressional_nc_court_of_appeals_judge_seat_05_2004.json,1,2600085,2600086,1,True,-24.07,-24.07,0.0,DEM,DEM,False
2022,congressional,nc_court_of_appeals_judge_seat_05,congressional_nc_court_of_appeals_judge_seat_05_2004.json,2,2600085,2600086,1,True,2.26,2.26,0.0,REP,REP,False
2022,congressional,nc_court_of_appeals_judge_seat_05,congressional_nc_court_of_appeals_judge_seat_05_2004.json,3,2600085,2600086,1,True,2.34,2.34,0.0,REP,REP,False
2022,congressional,nc_court_of_appeals_judge_seat_05,congressional_nc_court_of_appeals_judge_seat_05_2004.json,4,2600085,2600086,1,True,-28.9,-28.9,0.0,DEM,DEM,False
2022,congressional,nc_court_of_appeals_judge_seat_05,congressional_nc_court_of_appeals_judge_seat_05_2004.json,5,2600085,2600086,1,True,-5.37,-5.37,0.0,DEM,DEM,False
2022,congressional,nc_court_of_appeals_judge_seat_05,congressional_nc_court_of_appeals_judge_seat_05_2004.json,6,2600085,2600086,1,True,-19.29,-19.29,0.0,DEM,DEM,False
2022,congressional,nc_court_of_appeals_judge_seat_05,congressional_nc_court_of_appeals_judge_seat_05_2004.json,7,2600085,2600086,1,True,-17.86,-17.86,0.0,DEM,DEM,False
2022,congressional,nc_court_of_appeals_judge_seat_05,congressional_nc_court_of_appeals_judge_seat_05_2004.json,8,2600085,2600086,1,True,-0.55,-0.55,0.0,DEM,DEM,False
2022,congressional,nc_court_of_appeals_judge_seat_05,congressional_nc_court_of_appeals_judge_seat_05_2004.json,9,2600085,2600086,1,True,-12.54,-12.54,0.0,DEM,DEM,False
2022,congressional,nc_court_of_appeals_judge_seat_05,congressional_nc_court_of_appeals_judge_seat_05_2004.json,10,2600085,2600086,1,True,3.77,3.77,0.0,REP,REP,False
2022,congressional,nc_court_of_appeals_judge_seat_05,congressional_nc_court_of_appeals_judge_seat_05_2004.json,11,2600085,2600086,1,True,-9.16,-9.16,0.0,DEM,DEM,False
2022,congressional,nc_court_of_appeals_judge_seat_05,congressional_nc_court_of_appeals_judge_seat_05_2004.json,12,2600085,2600086,1,True,-12.1,-12.1,0.0,DEM,DEM,False
2022,congressional,nc_court_of_appeals_judge_seat_05,congressional_nc_court_of_appeals_judge_seat_05_2004.json,13,2600085,2600086,1,True,-1.75,-1.75,0.0,DEM,DEM,False
2022,congressional,nc_court_of_appeals_judge_seat_05,congressional_nc_court_of_appeals_judge_seat_05_2004.json,14,2600085,2600086,1,True,4.62,4.62,0.0,REP,REP,False
2022,congressional,nc_court_of_appeals_judge_seat_06,congressional_nc_court_of_appeals_judge_seat_06_2004.json,1,2541424,2541424,0,True,13.15,13.15,0.0,REP,REP,False
2022,congressional,nc_court_of_appeals_judge_seat_06,congressional_nc_court_of_appeals_judge_seat_06_2004.json,2,2541424,2541424,0,True,10.14,10.14,0.0,REP,REP,False
2022,congressional,nc_court_of_appeals_judge_seat_06,congressional_nc_court_of_appeals_judge_seat_06_2004.json,3,2541424,2541424,0,True,18.52,18.52,0.0,REP,REP,False
2022,congressional,nc_court_of_appeals_judge_seat_06,congressional_nc_court_of_appeals_judge_seat_06_2004.json,4,2541424,2541424,0,True,0.09,0.09,0.0,REP,REP,False
2022,congressional,nc_court_of_appeals_judge_seat_06,congressional_nc_court_of_appeals_judge_seat_06_2004.json,5,2541424,2541424,0,True,4.22,4.22,0.0,REP,REP,False
2022,congressional,nc_court_of_appeals_judge_seat_06,congressional_nc_court_of_appeals_judge_seat_06_2004.json,6,2541424,2541424,0,True,13.25,13.25,0.0,REP,REP,False
2022,congressional,nc_court_of_appeals_judge_seat_06,congressional_nc_court_of_appeals_judge_seat_06_2004.json,7,2541424,2541424,0,True,10.31,10.31,0.0,REP,REP,False
2022,congressional,nc_court_of_appeals_judge_seat_06,congressional_nc_court_of_appeals_judge_seat_06_2004.json,8,2541424,2541424,0,True,13.91,13.91,0.0,REP,REP,False
2022,congressional,nc_court_of_appeals_judge_seat_06,congressional_nc_court_of_appeals_judge_seat_06_2004.json,9,2541424,2541424,0,True,16.77,16.77,0.0,REP,REP,False
2022,congressional,nc_court_of_appeals_judge_seat_06,congressional_nc_court_of_appeals_judge_seat_06_2004.json,10,2541424,2541424,0,True,5.72,5.72,0.0,REP,REP,False
2022,congressional,nc_court_of_appeals_judge_seat_06,congressional_nc_court_of_appeals_judge_seat_06_2004.json,11,2541424,2541424,0,True,-7.21,-7.21,0.0,DEM,DEM,False
2022,congressional,nc_court_of_appeals_judge_seat_06,congressional_nc_court_of_appeals_judge_seat_06_2004.json,12,2541424,2541424,0,True,21.04,21.04,0.0,REP,REP,False
2022,congressional,nc_court_of_appeals_judge_seat_06,congressional_nc_court_of_appeals_judge_seat_06_2004.json,13,2541424,2541424,0,True,15.5,15.5,0.0,REP,REP,False
2022,congressional,nc_court_of_appeals_judge_seat_06,congressional_nc_court_of_appeals_judge_seat_06_2004.json,14,2541424,2541424,0,True,16.69,16.69,0.0,REP,REP,False
2022,congressional,nc_supreme_court_associate_justice_seat_02,congressional_nc_supreme_court_associate_justice_seat_02_2004.json,1,2579576,2579578,2,True,-10.29,-10.29,0.0,DEM,DEM,False
2022,congressional,nc_supreme_court_associate_justice_seat_02,congressional_nc_supreme_court_associate_justice_seat_02_2004.json,2,2579576,2579578,2,True,6.98,6.98,0.0,REP,REP,False
2022,congressional,nc_supreme_court_associate_justice_seat_02,congressional_nc_supreme_court_associate_justice_seat_02_2004.json,3,2579576,2579578,2,True,4.79,4.79,0.0,REP,REP,False
2022,congressional,nc_supreme_court_associate_justice_seat_02,congressional_nc_supreme_court_associate_justice_seat_02_2004.json,4,2579576,2579578,2,True,-20.56,-20.56,0.0,DEM,DEM,False
2022,congressional,nc_supreme_court_associate_justice_seat_02,congressional_nc_supreme_court_associate_justice_seat_02_2004.json,5,2579576,2579578,2,True,8.11,8.11,0.0,REP,REP,False
2022,congressional,nc_supreme_court_associate_justice_seat_02,congressional_nc_supreme_court_associate_justice_seat_02_2004.json,6,2579576,2579578,2,True,0.14,0.14,0.0,REP,REP,False
2022,congressional,nc_supreme_court_associate_justice_seat_02,congressional_nc_supreme_court_associate_justice_seat_02_2004.json,7,2579576,2579578,2,True,-3.14,-3.14,0.0,DEM,DEM,False
2022,congressional,nc_supreme_court_associate_justice_seat_02,congressional_nc_supreme_court_associate_justice_seat_02_2004.json,8,2579576,2579578,2,True,13.37,13.37,0.0,REP,REP,False
2022,congressional,nc_supreme_court_associate_justice_seat_02,congressional_nc_supreme_court_associate_justice_seat_02_2004.json,9,2579576,2579578,2,True,7.25,7.25,0.0,REP,REP,False
2022,congressional,nc_supreme_court_associate_justice_seat_02,congressional_nc_supreme_court_associate_justice_seat_02_2004.json,10,2579576,2579578,2,True,14.9,14.9,0.0,REP,REP,False
2022,congressional,nc_supreme_court_associate_justice_seat_02,congressional_nc_supreme_court_associate_justice_seat_02_2004.json,11,2579576,2579578,2,True,7.59,7.59,0.0,REP,REP,False
2022,congressional,nc_supreme_court_associate_justice_seat_02,congressional_nc_supreme_court_associate_justice_seat_02_2004.json,12,2579576,2579578,2,True,-0.01,-0.01,0.0,DEM,DEM,False
2022,congressional,nc_supreme_court_associate_justice_seat_02,congressional_nc_supreme_court_associate_justice_seat_02_2004.json,13,2579576,2579578,2,True,7.59,7.59,0.0,REP,REP,False
2022,congressional,nc_supreme_court_associate_justice_seat_02,congressional_nc_supreme_court_associate_justice_seat_02_2004.json,14,2579576,2579578,2,True,6.94,6.94,0.0,REP,REP,False
2022,congressional,nc_supreme_court_associate_justice_seat_04,congressional_nc_supreme_court_associate_justice_seat_04_2004.json,1,2710260,2710260,0,True,-37.63,-37.63,0.0,DEM,DEM,False
2022,congressional,nc_supreme_court_associate_justice_seat_04,congressional_nc_supreme_court_associate_justice_seat_04_2004.json,2,2710260,2710260,0,True,-31.11,-31.11,0.0,DEM,DEM,False
2022,congressional,nc_supreme_court_associate_justice_seat_04,congressional_nc_supreme_court_associate_justice_seat_04_2004.json,3,2710260,2710260,0,True,-22.47,-22.47,0.0,DEM,DEM,False
2022,congressional,nc_supreme_court_associate_justice_seat_04,congressional_nc_supreme_court_associate_justice_seat_04_2004.json,4,2710260,2710260,0,True,-46.9,-46.9,0.0,DEM,DEM,False
2022,congressional,nc_supreme_court_associate_justice_seat_04,congressional_nc_supreme_court_associate_justice_seat_04_2004.json,5,2710260,2710260,0,True,-23.49,-23.49,0.0,DEM,DEM,False
2022,congressional,nc_supreme_court_associate_justice_seat_04,congressional_nc_supreme_court_associate_justice_seat_04_2004.json,6,2710260,2710260,0,True,-37.49,-37.49,0.0,DEM,DEM,False
2022,congressional,nc_supreme_court_associate_justice_seat_04,congressional_nc_supreme_court_associate_justice_seat_04_2004.json,7,2710260,2710260,0,True,-22.79,-22.79,0.0,DEM,DEM,False
2022,congressional,nc_supreme_court_associate_justice_seat_04,congressional_nc_supreme_court_associate_justice_seat_04_2004.json,8,2710260,2710260,0,True,-17.96,-17.96,0.0,DEM,DEM,False
2022,congressional,nc_supreme_court_associate_justice_seat_04,congressional_nc_supreme_court_associate_justice_seat_04_2004.json,9,2710260,2710260,0,True,-19.81,-19.81,0.0,DEM,DEM,False
2022,congressional,nc_supreme_court_associate_justice_seat_04,congressional_nc_supreme_court_associate_justice_seat_04_2004.json,10,2710260,2710260,0,True,-18.66,-18.66,0.0,DEM,DEM,False
2022,congressional,nc_supreme_court_associate_justice_seat_04,congressional_nc_supreme_court_associate_justice_seat_04_2004.json,11,2710260,2710260,0,True,-22.49,-22.49,0.0,DEM,DEM,False
2022,congressional,nc_supreme_court_associate_justice_seat_04,congressional_nc_supreme_court_associate_justice_seat_04_2004.json,12,2710260,2710260,0,True,-34.52,-34.52,0.0,DEM,DEM,False
2022,congressional,nc_supreme_court_associate_justice_seat_04,congressional_nc_supreme_court_associate_justice_seat_04_2004.json,13,2710260,2710260,0,True,-24.96,-24.96,0.0,DEM,DEM,False
2022,congressional,nc_supreme_court_associate_justice_seat_04,congressional_nc_supreme_court_associate_justice_seat_04_2004.json,14,2710260,2710260,0,True,-27.87,-27.87,0.0,DEM,DEM,False
2022,congressional,president,congressional_president_2004.json,1,3501007,3501008,1,True,-1.68,-1.68,0.0,DEM,DEM,False
2022,congressional,president,congressional_president_2004.json,2,3501007,3501008,1,True,1.89,1.89,0.0,REP,REP,False
2022,congressional,president,congressional_president_2004.json,3,3501007,3501008,1,True,26.82,26.82,0.0,REP,REP,False
2022,congressional,president,congressional_president_2004.json,4,3501007,3501008,1,True,-17.66,-17.66,0.0,DEM,DEM,False
2022,congressional,president,congressional_president_2004.json,5,3501007,3501008,1,True,24.68,24.68,0.0,REP,REP,False
2022,congressional,president,congressional_president_2004.json,6,3501007,3501008,1,True,4.69,4.69,0.0,REP,REP,False
2022,congressional,president,congressional_president_2004.json,7,3501007,3501008,1,True,10.99,10.99,0.0,REP,REP,False
2022,congressional,president,congressional_president_2004.json,8,3501007,3501008,1,True,34.89,34.89,0.0,REP,REP,False
2022,congressional,president,congressional_president_2004.json,9,3501007,3501008,1,True,16.52,16.52,0.0,REP,REP,False
2022,congressional,president,congressional_president_2004.json,10,3501007,3501008,1,True,33.01,33.01,0.0,REP,REP,False
2022,congressional,president,congressional_president_2004.json,11,3501007,3501008,1,True,14.42,14.42,0.0,REP,REP,False
2022,congressional,president,congressional_president_2004.json,12,3501007,3501008,1,True,-3.21,-3.21,0.0,DEM,DEM,False
2022,congressional,president,congressional_president_2004.json,13,3501007,3501008,1,True,15.03,15.03,0.0,REP,REP,False
2022,congressional,president,congressional_president_2004.json,14,3501007,3501008,1,True,12.05,12.05,0.0,REP,REP,False
2022,congressional,secretary_of_state,congressional_secretary_of_state_2004.json,1,3334694,3334697,3,True,-36.49,-36.49,0.0,DEM,DEM,False
2022,congressional,secretary_of_state,congressional_secretary_of_state_2004.json,2,3334694,3334697,3,True,-21.96,-21.96,0.0,DEM,DEM,False
2022,congressional,secretary_of_state,congressional_secretary_of_state_2004.json,3,3334694,3334697,3,True,-8.78,-8.78,0.0,DEM,DEM,False
2022,congressional,secretary_of_state,congressional_secretary_of_state_2004.json,4,3334694,3334697,3,True,-41.27,-41.27,0.0,DEM,DEM,False
2022,congressional,secretary_of_state,congressional_secretary_of_state_2004.json,5,3334694,3334697,3,True,-1.68,-1.68,0.0,DEM,DEM,False
2022,congressional,secretary_of_state,congressional_secretary_of_state_2004.json,6,3334694,3334697,3,True,-19.65,-19.65,0.0,DEM,DEM,False
2022,congressional,secretary_of_state,congressional_secretary_of_state_2004.json,7,3334694,3334697,3,True,-24.48,-24.48,0.0,DEM,DEM,False
2022,congressional,secretary_of_state,congressional_secretary_of_state_2004.json,8,3334694,3334697,3,True,5.07,5.07,0.0,REP,REP,False
2022,congressional,secretary_of_state,congressional_secretary_of_state_2004.json,9,3334694,3334697,3,True,-13.11,-13.11,0.0,DEM,DEM,False
2022,congressional,secretary_of_state,congressional_secretary_of_state_2004.json,10,3334694,3334697,3,True,3.23,3.23,0.0,REP,REP,False
2022,congressional,secretary_of_state,congressional_secretary_of_state_2004.json,11,3334694,3334697,3,True,-6.08,-6.08,0.0,DEM,DEM,False
2022,congressional,secretary_of_state,congressional_secretary_of_state_2004.json,12,3334694,3334697,3,True,-18.37,-18.37,0.0,DEM,DEM,False
2022,congressional,secretary_of_state,congressional_secretary_of_state_2004.json,13,3334694,3334697,3,True,-18.76,-18.76,0.0,DEM,DEM,False
2022,congressional,secretary_of_state,congressional_secretary_of_state_2004.json,14,3334694,3334697,3,True,-2.44,-2.44,0.0,DEM,DEM,False
2022,congressional,superintendent,congressional_superintendent_2004.json,1,3302903,3302903,0,True,-21.91,-21.91,0.0,DEM,DEM,False
2022,congressional,superintendent,congressional_superintendent_2004.json,2,3302903,3302903,0,True,-3.2,-3.2,0.0,DEM,DEM,False
2022,congressional,superintendent,congressional_superintendent_2004.json,3,3302903,3302903,0,True,6.63,6.63,0.0,REP,REP,False
2022,congressional,superintendent,congressional_superintendent_2004.json,4,3302903,3302903,0,True,-25.94,-25.94,0.0,DEM,DEM,False
2022,congressional,superintendent,congressional_superintendent_2004.json,5,3302903,3302903,0,True,14.19,14.19,0.0,REP,REP,False
2022,congressional,superintendent,congressional_superintendent_2004.json,6,3302903,3302903,0,True,-5.91,-5.91,0.0,DEM,DEM,False
2022,congressional,superintendent,congressional_superintendent_2004.json,7,3302903,3302903,0,True,-9.5,-9.5,0.0,DEM,DEM,False
2022,congressional,superintendent,congressional_superintendent_2004.json,8,3302903,3302903,0,True,20.69,20.69,0.0,REP,REP,False
2022,congressional,superintendent,congressional_superintendent_2004.json,9,3302903,3302903,0,True,2.21,2.21,0.0,REP,REP,False
2022,congressional,superintendent,congressional_superintendent_2004.json,10,3302903,3302903,0,True,19.95,19.95,0.0,REP,REP,False
2022,congressional,superintendent,congressional_superintendent_2004.json,11,3302903,3302903,0,True,1.82,1.82,0.0,REP,REP,False
2022,congressional,superintendent,congressional_superintendent_2004.json,12,3302903,3302903,0,True,-10.9,-10.9,0.0,DEM,DEM,False
2022,congressional,superintendent,congressional_superintendent_2004.json,13,3302903,3302903,0,True,2.43,2.43,0.0,REP,REP,False
2022,congressional,superintendent,congressional_superintendent_2004.json,14,3302903,3302903,0,True,5.7,5.7,0.0,REP,REP,False
2022,congressional,treasurer,congressional_treasurer_2004.json,1,3324820,3324821,1,True,-33.32,-33.32,0.0,DEM,DEM,False
2022,congressional,treasurer,congressional_treasurer_2004.json,2,3324820,3324821,1,True,-19.03,-19.03,0.0,DEM,DEM,False
2022,congressional,treasurer,congressional_treasurer_2004.json,3,3324820,3324821,1,True,0.87,0.87,0.0,REP,REP,False
2022,congressional,treasurer,congressional_treasurer_2004.json,4,3324820,3324821,1,True,-38.77,-38.77,0.0,DEM,DEM,False
2022,congressional,treasurer,congressional_treasurer_2004.json,5,3324820,3324821,1,True,5.96,5.96,0.0,REP,REP,False
2022,congressional,treasurer,congressional_treasurer_2004.json,6,3324820,3324821,1,True,-12.44,-12.44,0.0,DEM,DEM,False
2022,congressional,treasurer,congressional_treasurer_2004.json,7,3324820,3324821,1,True,-15.22,-15.22,0.0,DEM,DEM,False
2022,congressional,treasurer,congressional_treasurer_2004.json,8,3324820,3324821,1,True,11.14,11.14,0.0,REP,REP,False
2022,congressional,treasurer,congressional_treasurer_2004.json,9,3324820,3324821,1,True,-8.07,-8.07,0.0,DEM,DEM,False
2022,congressional,treasurer,congressional_treasurer_2004.json,10,3324820,3324821,1,True,10.34,10.34,0.0,REP,REP,False
2022,congressional,treasurer,congressional_treasurer_2004.json,11,3324820,3324821,1,True,0.67,0.67,0.0,REP,REP,False
2022,congressional,treasurer,congressional_treasurer_2004.json,12,3324820,3324821,1,True,-15.9,-15.9,0.0,DEM,DEM,False
2022,congressional,treasurer,congressional_treasurer_2004.json,13,3324820,3324821,1,True,-14.07,-14.07,0.0,DEM,DEM,False
2022,congressional,treasurer,congressional_treasurer_2004.json,14,3324820,3324821,1,True,0.76,0.76,0.0,REP,REP,False
2022,congressional,us_senate,congressional_us_senate_2004.json,1,3472082,3472083,1,True,-11.23,-11.23,0.0,DEM,DEM,False
2022,congressional,us_senate,congressional_us_senate_2004.json,2,3472082,3472083,1,True,-4.22,-4.22,0.0,DEM,DEM,False
2022,congressional,us_senate,congressional_us_senate_2004.json,3,3472082,3472083,1,True,16.18,16.18,0.0,REP,REP,False
2022,congressional,us_senate,congressional_us_senate_2004.json,4,3472082,3472083,1,True,-22.79,-22.79,0.0,DEM,DEM,False
2022,congressional,us_senate,congressional_us_senate_2004.json,5,3472082,3472083,1,True,21.26,21.26,0.0,REP,REP,False
2022,congressional,us_senate,congressional_us_senate_2004.json,6,3472082,3472083,1,True,-2.2,-2.2,0.0,DEM,DEM,False
2022,congressional,us_senate,congressional_us_senate_2004.json,7,3472082,3472083,1,True,0.66,0.66,0.0,REP,REP,False
2022,congressional,us_senate,congressional_us_senate_2004.json,8,3472082,3472083,1,True,25.84,25.84,0.0,REP,REP,False
2022,congressional,us_senate,congressional_us_senate_2004.json,9,3472082,3472083,1,True,7.17,7.17,0.0,REP,REP,False
2022,congressional,us_senate,congressional_us_senate_2004.json,10,3472082,3472083,1,True,23.21,23.21,0.0,REP,REP,False
2022,congressional,us_senate,congressional_us_senate_2004.json,11,3472082,3472083,1,True,6.52,6.52,0.0,REP,REP,False
2022,congressional,us_senate,congressional_us_senate_2004.json,12,3472082,3472083,1,True,-9.25,-9.25,0.0,DEM,DEM,False
2022,congressional,us_senate,congressional_us_senate_2004.json,13,3472082,3472083,1,True,6.45,6.45,0.0,REP,REP,False
2022,congressional,us_senate,congressional_us_senate_2004.json,14,3472082,3472083,1,True,4.2,4.2,0.0,REP,REP,False
2022,state_house,agriculture_commissioner,state_house_agriculture_commissioner_2004.json,1,3330107,3330107,0,True,-6.62,-6.62,0.0,DEM,DEM,False
2022,state_house,agriculture_commissioner,state_house_agriculture_commissioner_2004.json,2,3330107,3330107,0,True,-18.32,-18.32,0.0,DEM,DEM,False
2022,state_house,agriculture_commissioner,state_house_agriculture_commissioner_2004.json,3,3330107,3330107,0,True,7.77,7.77,0.0,REP,REP,False
2022,state_house,agriculture_commissioner,state_house_agriculture_commissioner_2004.json,4,3330107,3330107,0,True,-7.09,-7.09,0.0,DEM,DEM,False
2022,state_house,agriculture_commissioner,state_house_agriculture_commissioner_2004.json,5,3330107,3330107,0,True,-29.43,-29.43,0.0,DEM,DEM,False
2022,state_house,agriculture_commissioner,state_house_agriculture_commissioner_2004.json,6,3330107,3330107,0,True,0.52,0.52,0.0,REP,REP,False
2022,state_house,agriculture_commissioner,state_house_agriculture_commissioner_2004.json,7,3330107,3330107,0,True,-13.14,-13.14,0.0,DEM,DEM,False
2022,state_house,agriculture_commissioner,state_house_agriculture_commissioner_2004.json,8,3330107,3330107,0,True,-18.17,-18.17,0.0,DEM,DEM,False
2022,state_house,agriculture_commissioner,state_house_agriculture_commissioner_2004.json,9,3330107,3330107,0,True,0.34,0.34,0.0,REP,REP,False
2022,state_house,agriculture_commissioner,state_house_agriculture_commissioner_2004.json,10,3330107,3330107,0,True,1.39,1.39,0.0,REP,REP,False
2022,state_house,agriculture_commissioner,state_house_agriculture_commissioner_2004.json,11,3330107,3330107,0,True,-11.4,-11.4,0.0,DEM,DEM,False
2022,state_house,agriculture_commissioner,state_house_agriculture_commissioner_2004.json,12,3330107,3330107,0,True,-10.33,-10.33,0.0,DEM,DEM,False
2022,state_house,agriculture_commissioner,state_house_agriculture_commissioner_2004.json,13,3330107,3330107,0,True,17.59,17.59,0.0,REP,REP,False
2022,state_house,agriculture_commissioner,state_house_agriculture_commissioner_2004.json,14,3330107,3330107,0,True,13.9,13.9,0.0,REP,REP,False
2022,state_house,agriculture_commissioner,state_house_agriculture_commissioner_2004.json,15,3330107,3330107,0,True,17.21,17.21,0.0,REP,REP,False
2022,state_house,agriculture_commissioner,state_house_agriculture_commissioner_2004.json,16,3330107,3330107,0,True,6.29,6.29,0.0,REP,REP,False
2022,state_house,agriculture_commissioner,state_house_agriculture_commissioner_2004.json,17,3330107,3330107,0,True,-0.14,-0.14,0.0,DEM,DEM,False
2022,state_house,agriculture_commissioner,state_house_agriculture_commissioner_2004.json,18,3330107,3330107,0,True,-12.78,-12.78,0.0,DEM,DEM,False
2022,state_house,agriculture_commissioner,state_house_agriculture_commissioner_2004.json,19,3330107,3330107,0,True,10.3,10.3,0.0,REP,REP,False
2022,state_house,agriculture_commissioner,state_house_agriculture_commissioner_2004.json,20,3330107,3330107,0,True,8.02,8.02,0.0,REP,REP,False
2022,state_house,agriculture_commissioner,state_house_agriculture_commissioner_2004.json,21,3330107,3330107,0,True,3.11,3.11,0.0,REP,REP,False
2022,state_house,agriculture_commissioner,state_house_agriculture_commissioner_2004.json,22,3330107,3330107,0,True,-18.54,-18.54,0.0,DEM,DEM,False
2022,state_house,agriculture_commissioner,state_house_agriculture_commissioner_2004.json,23,3330107,3330107,0,True,-47.79,-47.79,0.0,DEM,DEM,False
2022,state_house,agriculture_commissioner,state_house_agriculture_commissioner_2004.json,24,3330107,3330107,0,True,-22.65,-22.65,0.0,DEM,DEM,False
2022,state_house,agriculture_commissioner,state_house_agriculture_commissioner_2004.json,25,3330107,3330107,0,True,-11.92,-11.92,0.0,DEM,DEM,False
2022,state_house,agriculture_commissioner,state_house_agriculture_commissioner_2004.json,26,3330107,3330107,0,True,11.02,11.02,0.0,REP,REP,False
2022,state_house,agriculture_commissioner,state_house_agriculture_commissioner_2004.json,27,3330107,3330107,0,True,-49.14,-49.14,0.0,DEM,DEM,False
2022,state_house,agriculture_commissioner,state_house_agriculture_commissioner_2004.json,28,3330107,3330107,0,True,7.97,7.97,0.0,REP,REP,False
2022,state_house,agriculture_commissioner,state_house_agriculture_commissioner_2004.json,29,3330107,3330107,0,True,-45.56,-45.56,0.0,DEM,DEM,False
2022,state_house,agriculture_commissioner,state_house_agriculture_commissioner_2004.json,30,3330107,3330107,0,True,-51.71,-51.71,0.0,DEM,DEM,False
2022,state_house,agriculture_commissioner,state_house_agriculture_commissioner_2004.json,31,3330107,3330107,0,True,-54.83,-54.83,0.0,DEM,DEM,False
2022,state_house,agriculture_commissioner,state_house_agriculture_commissioner_2004.json,32,3330107,3330107,0,True,-33.87,-33.87,0.0,DEM,DEM,False
2022,state_house,agriculture_commissioner,state_house_agriculture_commissioner_2004.json,33,3330107,3330107,0,True,-11.58,-11.58,0.0,DEM,DEM,False
2022,state_house,agriculture_commissioner,state_house_agriculture_commissioner_2004.json,34,3330107,3330107,0,True,-12.47,-12.47,0.0,DEM,DEM,False
2022,state_house,agriculture_commissioner,state_house_agriculture_commissioner_2004.json,35,3330107,3330107,0,True,10.1,10.1,0.0,REP,REP,False
2022,state_house,agriculture_commissioner,state_house_agriculture_commissioner_2004.json,36,3330107,3330107,0,True,8.04,8.04,0.0,REP,REP,False
2022,state_house,agriculture_commissioner,state_house_agriculture_commissioner_2004.json,37,3330107,3330107,0,True,9.06,9.06,0.0,REP,REP,False
2022,state_house,agriculture_commissioner,state_house_agriculture_commissioner_2004.json,38,3330107,3330107,0,True,-68.9,-68.9,0.0,DEM,DEM,False
2022,state_house,agriculture_commissioner,state_house_agriculture_commissioner_2004.json,39,3330107,3330107,0,True,-15.63,-15.63,0.0,DEM,DEM,False
2022,state_house,agriculture_commissioner,state_house_agriculture_commissioner_2004.json,40,3330107,3330107,0,True,6.98,6.98,0.0,REP,REP,False
2022,state_house,agriculture_commissioner,state_house_agriculture_commissioner_2004.json,41,3330107,3330107,0,True,-3.42,-3.42,0.0,DEM,DEM,False
2022,state_house,agriculture_commissioner,state_house_agriculture_commissioner_2004.json,42,3330107,3330107,0,True,-22.69,-22.69,0.0,DEM,DEM,False
2022,state_house,agriculture_commissioner,state_house_agriculture_commissioner_2004.json,43,3330107,3330107,0,True,-11.04,-11.04,0.0,DEM,DEM,False
2022,state_house,agriculture_commissioner,state_house_agriculture_commissioner_2004.json,44,3330107,3330107,0,True,-21.54,-21.54,0.0,DEM,DEM,False
2022,state_house,agriculture_commissioner,state_house_agriculture_commissioner_2004.json,45,3330107,3330107,0,True,-6.61,-6.61,0.0,DEM,DEM,False
2022,state_house,agriculture_commissioner,state_house_agriculture_commissioner_2004.json,46,3330107,3330107,0,True,-39.59,-39.59,0.0,DEM,DEM,False
2022,state_house,agriculture_commissioner,state_house_agriculture_commissioner_2004.json,47,3330107,3330107,0,True,-56.79,-56.79,0.0,DEM,DEM,False
2022,state_house,agriculture_commissioner,state_house_agriculture_commissioner_2004.json,48,3330107,3330107,0,True,-26.54,-26.54,0.0,DEM,DEM,False
2022,state_house,agriculture_commissioner,state_house_agriculture_commissioner_2004.json,49,3330107,3330107,0,True,-15.35,-15.35,0.0,DEM,DEM,False
2022,state_house,agriculture_commissioner,state_house_agriculture_commissioner_2004.json,50,3330107,3330107,0,True,-30.35,-30.35,0.0,DEM,DEM,False
2022,state_house,agriculture_commissioner,state_house_agriculture_commissioner_2004.json,51,3330107,3330107,0,True,2.22,2.22,0.0,REP,REP,False
2022,state_house,agriculture_commissioner,state_house_agriculture_commissioner_2004.json,52,3330107,3330107,0,True,-2.41,-2.41,0.0,DEM,DEM,False
2022,state_house,agriculture_commissioner,state_house_agriculture_commissioner_2004.json,53,3330107,3330107,0,True,15.24,15.24,0.0,REP,REP,False
2022,state_house,agriculture_commissioner,state_house_agriculture_commissioner_2004.json,54,3330107,3330107,0,True,5.0,5.0,0.0,REP,REP,False
2022,state_house,agriculture_commissioner,state_house_agriculture_commissioner_2004.json,55,3330107,3330107,0,True,1.56,1.56,0.0,REP,REP,False
2022,state_house,agriculture_commissioner,state_house_agriculture_commissioner_2004.json,56,3330107,3330107,0,True,-39.59,-39.59,0.0,DEM,DEM,False
2022,state_house,agriculture_commissioner,state_house_agriculture_commissioner_2004.json,57,3330107,3330107,0,True,17.53,17.53,0.0,REP,REP,False
2022,state_house,agriculture_commissioner,state_house_agriculture_commissioner_2004.json,58,3330107,3330107,0,True,-20.27,-20.27,0.0,DEM,DEM,False
2022,state_house,agriculture_commissioner,state_house_agriculture_commissioner_2004.json,59,3330107,3330107,0,True,35.38,35.38,0.0,REP,REP,False
2022,state_house,agriculture_commissioner,state_house_agriculture_commissioner_2004.json,60,3330107,3330107,0,True,-4.25,-4.25,0.0,DEM,DEM,False
2022,state_house,agriculture_commissioner,state_house_agriculture_commissioner_2004.json,61,3330107,3330107,0,True,-38.16,-38.16,0.0,DEM,DEM,False
2022,state_house,agriculture_commissioner,state_house_agriculture_commissioner_2004.json,62,3330107,3330107,0,True,30.65,30.65,0.0,REP,REP,False
2022,state_house,agriculture_commissioner,state_house_agriculture_commissioner_2004.json,63,3330107,3330107,0,True,-4.68,-4.68,0.0,DEM,DEM,False
2022,state_house,agriculture_commissioner,state_house_agriculture_commissioner_2004.json,64,3330107,3330107,0,True,26.21,26.21,0.0,REP,REP,False
2022,state_house,agriculture_commissioner,state_house_agriculture_commissioner_2004.json,65,3330107,3330107,0,True,22.31,22.31,0.0,REP,REP,False
2022,state_house,agriculture_commissioner,state_house_agriculture_commissioner_2004.json,66,3330107,3330107,0,True,-22.46,-22.46,0.0,DEM,DEM,False
2022,state_house,agriculture_commissioner,state_house_agriculture_commissioner_2004.json,67,3330107,3330107,0,True,19.62,19.62,0.0,REP,REP,False
2022,state_house,agriculture_commissioner,state_house_agriculture_commissioner_2004.json,68,3330107,3330107,0,True,40.76,40.76,0.0,REP,REP,False
2022,state_house,agriculture_commissioner,state_house_agriculture_commissioner_2004.json,69,3330107,3330107,0,True,41.34,41.34,0.0,REP,REP,False
2022,state_house,agriculture_commissioner,state_house_agriculture_commissioner_2004.json,70,3330107,3330107,0,True,46.01,46.01,0.0,REP,REP,False
2022,state_house,agriculture_commissioner,state_house_agriculture_commissioner_2004.json,71,3330107,3330107,0,True,-19.01,-19.01,0.0,DEM,DEM,False
2022,state_house,agriculture_commissioner,state_house_agriculture_commissioner_2004.json,72,3330107,3330107,0,True,-30.49,-30.49,0.0,DEM,DEM,False
2022,state_house,agriculture_commissioner,state_house_agriculture_commissioner_2004.json,73,3330107,3330107,0,True,18.65,18.65,0.0,REP,REP,False
2022,state_house,agriculture_commissioner,state_house_agriculture_commissioner_2004.json,74,3330107,3330107,0,True,30.29,30.29,0.0,REP,REP,False
2022,state_house,agriculture_commissioner,state_house_agriculture_commissioner_2004.json,75,3330107,3330107,0,True,30.43,30.43,0.0,REP,REP,False
2022,state_house,agriculture_commissioner,state_house_agriculture_commissioner_2004.json,76,3330107,3330107,0,True,16.03,16.03,0.0,REP,REP,False
2022,state_house,agriculture_commissioner,state_house_agriculture_commissioner_2004.json,77,3330107,3330107,0,True,43.38,43.38,0.0,REP,REP,False
2022,state_house,agriculture_commissioner,state_house_agriculture_commissioner_2004.json,78,3330107,3330107,0,True,32.98,32.98,0.0,REP,REP,False
2022,state_house,agriculture_commissioner,state_house_agriculture_commissioner_2004.json,79,3330107,3330107,0,True,-1.47,-1.47,0.0,DEM,DEM,False
2022,state_house,agriculture_commissioner,state_house_agriculture_commissioner_2004.json,80,3330107,3330107,0,True,42.44,42.44,0.0,REP,REP,False
2022,state_house,agriculture_commissioner,state_house_agriculture_commissioner_2004.json,81,3330107,3330107,0,True,27.52,27.52,0.0,REP,REP,False
2022,state_house,agriculture_commissioner,state_house_agriculture_commissioner_2004.json,82,3330107,3330107,0,True,24.1,24.1,0.0,REP,REP,False
2022,state_house,agriculture_commissioner,state_house_agriculture_commissioner_2004.json,83,3330107,3330107,0,True,38.65,38.65,0.0,REP,REP,False
2022,state_house,agriculture_commissioner,state_house_agriculture_commissioner_2004.json,84,3330107,3330107,0,True,14.79,14.79,0.0,REP,REP,False
2022,state_house,agriculture_commissioner,state_house_agriculture_commissioner_2004.json,85,3330107,3330107,0,True,23.46,23.46,0.0,REP,REP,False
2022,state_house,agriculture_commissioner,state_house_agriculture_commissioner_2004.json,86,3330107,3330107,0,True,11.96,11.96,0.0,REP,REP,False
2022,state_house,agriculture_commissioner,state_house_agriculture_commissioner_2004.json,87,3330107,3330107,0,True,22.86,22.86,0.0,REP,REP,False
2022,state_house,agriculture_commissioner,state_house_agriculture_commissioner_2004.json,88,3330107,3330107,0,True,-28.61,-28.61,0.0,DEM,DEM,False
2022,state_house,agriculture_commissioner,state_house_agriculture_commissioner_2004.json,89,3330107,3330107,0,True,31.35,31.35,0.0,REP,REP,False
2022,state_house,agriculture_commissioner,state_house_agriculture_commissioner_2004.json,90,3330107,3330107,0,True,26.62,26.62,0.0,REP,REP,False
2022,state_house,agriculture_commissioner,state_house_agriculture_commissioner_2004.json,91,3330107,3330107,0,True,29.24,29.24,0.0,REP,REP,False
2022,state_house,agriculture_commissioner,state_house_agriculture_commissioner_2004.json,92,3330107,3330107,0,True,-13.13,-13.13,0.0,DEM,DEM,False
2022,state_house,agriculture_commissioner,state_house_agriculture_commissioner_2004.json,93,3330107,3330107,0,True,4.04,4.04,0.0,REP,REP,False
2022,state_house,agriculture_commissioner,state_house_agriculture_commissioner_2004.json,94,3330107,3330107,0,True,29.42,29.42,0.0,REP,REP,False
2022,state_house,agriculture_commissioner,state_house_agriculture_commissioner_2004.json,95,3330107,3330107,0,True,31.95,31.95,0.0,REP,REP,False
2022,state_house,agriculture_commissioner,state_house_agriculture_commissioner_2004.json,96,3330107,3330107,0,True,27.82,27.82,0.0,REP,REP,False
2022,state_house,agriculture_commissioner,state_house_agriculture_commissioner_2004.json,97,3330107,3330107,0,True,23.98,23.98,0.0,REP,REP,False
2022,state_house,agriculture_commissioner,state_house_agriculture_commissioner_2004.json,98,3330107,3330107,0,True,27.2,27.2,0.0,REP,REP,False
2022,state_house,agriculture_commissioner,state_house_agriculture_commissioner_2004.json,99,3330107,3330107,0,True,-51.87,-51.87,0.0,DEM,DEM,False
2022,state_house,agriculture_commissioner,state_house_agriculture_commissioner_2004.json,100,3330107,3330107,0,True,-34.46,-34.46,0.0,DEM,DEM,False
2022,state_house,agriculture_commissioner,state_house_agriculture_commissioner_2004.json,101,3330107,3330107,0,True,-30.3,-30.3,0.0,DEM,DEM,False
2022,state_house,agriculture_commissioner,state_house_agriculture_commissioner_2004.json,102,3330107,3330107,0,True,-51.13,-51.13,0.0,DEM,DEM,False
2022,state_house,agriculture_commissioner,state_house_agriculture_commissioner_2004.json,103,3330107,3330107,0,True,30.97,30.97,0.0,REP,REP,False
2022,state_house,agriculture_commissioner,state_house_agriculture_commissioner_2004.json,104,3330107,3330107,0,True,22.31,22.31,0.0,REP,REP,False
2022,state_house,agriculture_commissioner,state_house_agriculture_commissioner_2004.json,105,3330107,3330107,0,True,22.01,22.01,0.0,REP,REP,False
2022,state_house,agriculture_commissioner,state_house_agriculture_commissioner_2004.json,106,3330107,3330107,0,True,1.42,1.42,0.0,REP,REP,False
2022,state_house,agriculture_commissioner,state_house_agriculture_commissioner_2004.json,107,3330107,3330107,0,True,-39.07,-39.07,0.0,DEM,DEM,False
2022,state_house,agriculture_commissioner,state_house_agriculture_commissioner_2004.json,108,3330107,3330107,0,True,30.18,30.18,0.0,REP,REP,False
2022,state_house,agriculture_commissioner,state_house_agriculture_commissioner_2004.json,109,3330107,3330107,0,True,23.49,23.49,0.0,REP,REP,False
2022,state_house,agriculture_commissioner,state_house_agriculture_commissioner_2004.json,110,3330107,3330107,0,True,9.19,9.19,0.0,REP,REP,False
2022,state_house,agriculture_commissioner,state_house_agriculture_commissioner_2004.json,111,3330107,3330107,0,True,7.09,7.09,0.0,REP,REP,False
2022,state_house,agriculture_commissioner,state_house_agriculture_commissioner_2004.json,112,3330107,3330107,0,True,0.95,0.95,0.0,REP,REP,False
2022,state_house,agriculture_commissioner,state_house_agriculture_commissioner_2004.json,113,3330107,3330107,0,True,13.23,13.23,0.0,REP,REP,False
2022,state_house,agriculture_commissioner,state_house_agriculture_commissioner_2004.json,114,3330107,3330107,0,True,-15.23,-15.23,0.0,DEM,DEM,False
2022,state_house,agriculture_commissioner,state_house_agriculture_commissioner_2004.json,115,3330107,3330107,0,True,8.31,8.31,0.0,REP,REP,False
2022,state_house,agriculture_commissioner,state_house_agriculture_commissioner_2004.json,116,3330107,3330107,0,True,-14.43,-14.43,0.0,DEM,DEM,False
2022,state_house,agriculture_commissioner,state_house_agriculture_commissioner_2004.json,117,3330107,3330107,0,True,23.16,23.16,0.0,REP,REP,False
2022,state_house,agriculture_commissioner,state_house_agriculture_commissioner_2004.json,118,3330107,3330107,0,True,-3.37,-3.37,0.0,DEM,DEM,False
2022,state_house,agriculture_commissioner,state_house_agriculture_commissioner_2004.json,119,3330107,3330107,0,True,0.47,0.47,0.0,REP,REP,False
2022,state_house,agriculture_commissioner,state_house_agriculture_commissioner_2004.json,120,3330107,3330107,0,True,18.02,18.02,0.0,REP,REP,False
2022,state_house,attorney_general,state_house_attorney_general_2004.json,1,3366218,3366218,0,True,-4.79,-4.79,0.0,DEM,DEM,False
2022,state_house,attorney_general,state_house_attorney_general_2004.json,2,3366218,3366218,0,True,-28.62,-28.62,0.0,DEM,DEM,False
2022,state_house,attorney_general,state_house_attorney_general_2004.json,3,3366218,3366218,0,True,6.29,6.29,0.0,REP,REP,False
2022,state_house,attorney_general,state_house_attorney_general_2004.json,4,3366218,3366218,0,True,-14.77,-14.77,0.0,DEM,DEM,False
2022,state_house,attorney_general,state_house_attorney_general_2004.json,5,3366218,3366218,0,True,-24.83,-24.83,0.0,DEM,DEM,False
2022,state_house,attorney_general,state_house_attorney_general_2004.json,6,3366218,3366218,0,True,-11.85,-11.85,0.0,DEM,DEM,False
2022,state_house,attorney_general,state_house_attorney_general_2004.json,7,3366218,3366218,0,True,-24.16,-24.16,0.0,DEM,DEM,False
2022,state_house,attorney_general,state_house_attorney_general_2004.json,8,3366218,3366218,0,True,-21.91,-21.91,0.0,DEM,DEM,False
2022,state_house,attorney_general,state_house_attorney_general_2004.json,9,3366218,3366218,0,True,-7.46,-7.46,0.0,DEM,DEM,False
2022,state_house,attorney_general,state_house_attorney_general_2004.json,10,3366218,3366218,0,True,-9.61,-9.61,0.0,DEM,DEM,False
2022,state_house,attorney_general,state_house_attorney_general_2004.json,11,3366218,3366218,0,True,-17.18,-17.18,0.0,DEM,DEM,False
2022,state_house,attorney_general,state_house_attorney_general_2004.json,12,3366218,3366218,0,True,-16.89,-16.89,0.0,DEM,DEM,False
2022,state_house,attorney_general,state_house_attorney_general_2004.json,13,3366218,3366218,0,True,13.03,13.03,0.0,REP,REP,False
2022,state_house,attorney_general,state_house_attorney_general_2004.json,14,3366218,3366218,0,True,8.94,8.94,0.0,REP,REP,False
2022,state_house,attorney_general,state_house_attorney_general_2004.json,15,3366218,3366218,0,True,13.95,13.95,0.0,REP,REP,False
2022,state_house,attorney_general,state_house_attorney_general_2004.json,16,3366218,3366218,0,True,3.08,3.08,0.0,REP,REP,False
2022,state_house,attorney_general,state_house_attorney_general_2004.json,17,3366218,3366218,0,True,-3.38,-3.38,0.0,DEM,DEM,False
2022,state_house,attorney_general,state_house_attorney_general_2004.json,18,3366218,3366218,0,True,-16.28,-16.28,0.0,DEM,DEM,False
2022,state_house,attorney_general,state_house_attorney_general_2004.json,19,3366218,3366218,0,True,2.69,2.69,0.0,REP,REP,False
2022,state_house,attorney_general,state_house_attorney_general_2004.json,20,3366218,3366218,0,True,1.6,1.6,0.0,REP,REP,False
2022,state_house,attorney_general,state_house_attorney_general_2004.json,21,3366218,3366218,0,True,-6.63,-6.63,0.0,DEM,DEM,False
2022,state_house,attorney_general,state_house_attorney_general_2004.json,22,3366218,3366218,0,True,-24.12,-24.12,0.0,DEM,DEM,False
2022,state_house,attorney_general,state_house_attorney_general_2004.json,23,3366218,3366218,0,True,-53.02,-53.02,0.0,DEM,DEM,False
2022,state_house,attorney_general,state_house_attorney_general_2004.json,24,3366218,3366218,0,True,-26.25,-26.25,0.0,DEM,DEM,False
2022,state_house,attorney_general,state_house_attorney_general_2004.json,25,3366218,3366218,0,True,-41.49,-41.49,0.0,DEM,DEM,False
2022,state_house,attorney_general,state_house_attorney_general_2004.json,26,3366218,3366218,0,True,-1.33,-1.33,0.0,DEM,DEM,False
2022,state_house,attorney_general,state_house_attorney_general_2004.json,27,3366218,3366218,0,True,-56.86,-56.86,0.0,DEM,DEM,False
2022,state_house,attorney_general,state_house_attorney_general_2004.json,28,3366218,3366218,0,True,-8.39,-8.39,0.0,DEM,DEM,False
2022,state_house,attorney_general,state_house_attorney_general_2004.json,29,3366218,3366218,0,True,-47.94,-47.94,0.0,DEM,DEM,False
2022,state_house,attorney_general,state_house_attorney_general_2004.json,30,3366218,3366218,0,True,-52.0,-52.0,0.0,DEM,DEM,False
2022,state_house,attorney_general,state_house_attorney_general_2004.json,31,3366218,3366218,0,True,-59.13,-59.13,0.0,DEM,DEM,False
2022,state_house,attorney_general,state_house_attorney_general_2004.json,32,3366218,3366218,0,True,-38.06,-38.06,0.0,DEM,DEM,False
2022,state_house,attorney_general,state_house_attorney_general_2004.json,33,3366218,3366218,0,True,-19.15,-19.15,0.0,DEM,DEM,False
2022,state_house,attorney_general,state_house_attorney_general_2004.json,34,3366218,3366218,0,True,-15.61,-15.61,0.0,DEM,DEM,False
2022,state_house,attorney_general,state_house_attorney_general_2004.json,35,3366218,3366218,0,True,3.11,3.11,0.0,REP,REP,False
2022,state_house,attorney_general,state_house_attorney_general_2004.json,36,3366218,3366218,0,True,-2.02,-2.02,0.0,DEM,DEM,False
2022,state_house,attorney_general,state_house_attorney_general_2004.json,37,3366218,3366218,0,True,0.21,0.21,0.0,REP,REP,False
2022,state_house,attorney_general,state_house_attorney_general_2004.json,38,3366218,3366218,0,True,-70.0,-70.0,0.0,DEM,DEM,False
2022,state_house,attorney_general,state_house_attorney_general_2004.json,39,3366218,3366218,0,True,-17.82,-17.82,0.0,DEM,DEM,False
2022,state_house,attorney_general,state_house_attorney_general_2004.json,40,3366218,3366218,0,True,0.36,0.36,0.0,REP,REP,False
2022,state_house,attorney_general,state_house_attorney_general_2004.json,41,3366218,3366218,0,True,-13.24,-13.24,0.0,DEM,DEM,False
2022,state_house,attorney_general,state_house_attorney_general_2004.json,42,3366218,3366218,0,True,-29.03,-29.03,0.0,DEM,DEM,False
2022,state_house,attorney_general,state_house_attorney_general_2004.json,43,3366218,3366218,0,True,-20.87,-20.87,0.0,DEM,DEM,False
2022,state_house,attorney_general,state_house_attorney_general_2004.json,44,3366218,3366218,0,True,-29.92,-29.92,0.0,DEM,DEM,False
2022,state_house,attorney_general,state_house_attorney_general_2004.json,45,3366218,3366218,0,True,-16.59,-16.59,0.0,DEM,DEM,False
2022,state_house,attorney_general,state_house_attorney_general_2004.json,46,3366218,3366218,0,True,-35.57,-35.57,0.0,DEM,DEM,False
2022,state_house,attorney_general,state_house_attorney_general_2004.json,47,3366218,3366218,0,True,-52.23,-52.23,0.0,DEM,DEM,False
2022,state_house,attorney_general,state_house_attorney_general_2004.json,48,3366218,3366218,0,True,-32.81,-32.81,0.0,DEM,DEM,False
2022,state_house,attorney_general,state_house_attorney_general_2004.json,49,3366218,3366218,0,True,-20.6,-20.6,0.0,DEM,DEM,False
2022,state_house,attorney_general,state_house_attorney_general_2004.json,50,3366218,3366218,0,True,-38.65,-38.65,0.0,DEM,DEM,False
2022,state_house,attorney_general,state_house_attorney_general_2004.json,51,3366218,3366218,0,True,-14.18,-14.18,0.0,DEM,DEM,False
2022,state_house,attorney_general,state_house_attorney_general_2004.json,52,3366218,3366218,0,True,-18.1,-18.1,0.0,DEM,DEM,False
2022,state_house,attorney_general,state_house_attorney_general_2004.json,53,3366218,3366218,0,True,0.57,0.57,0.0,REP,REP,False
2022,state_house,attorney_general,state_house_attorney_general_2004.json,54,3366218,3366218,0,True,-14.36,-14.36,0.0,DEM,DEM,False
2022,state_house,attorney_general,state_house_attorney_general_2004.json,55,3366218,3366218,0,True,-10.81,-10.81,0.0,DEM,DEM,False
2022,state_house,attorney_general,state_house_attorney_general_2004.json,56,3366218,3366218,0,True,-41.52,-41.52,0.0,DEM,DEM,False
2022,state_house,attorney_general,state_house_attorney_general_2004.json,57,3366218,3366218,0,True,-8.97,-8.97,0.0,DEM,DEM,False
2022,state_house,attorney_general,state_house_attorney_general_2004.json,58,3366218,3366218,0,True,-36.92,-36.92,0.0,DEM,DEM,False
2022,state_house,attorney_general,state_house_attorney_general_2004.json,59,3366218,3366218,0,True,1.0,1.0,0.0,REP,REP,False
2022,state_house,attorney_general,state_house_attorney_general_2004.json,60,3366218,3366218,0,True,-20.68,-20.68,0.0,DEM,DEM,False
2022,state_house,attorney_general,state_house_attorney_general_2004.json,61,3366218,3366218,0,True,-54.98,-54.98,0.0,DEM,DEM,False
2022,state_house,attorney_general,state_house_attorney_general_2004.json,62,3366218,3366218,0,True,5.38,5.38,0.0,REP,REP,False
2022,state_house,attorney_general,state_house_attorney_general_2004.json,63,3366218,3366218,0,True,-20.39,-20.39,0.0,DEM,DEM,False
2022,state_house,attorney_general,state_house_attorney_general_2004.json,64,3366218,3366218,0,True,5.46,5.46,0.0,REP,REP,False
2022,state_house,attorney_general,state_house_attorney_general_2004.json,65,3366218,3366218,0,True,-15.47,-15.47,0.0,DEM,DEM,False
2022,state_house,attorney_general,state_house_attorney_general_2004.json,66,3366218,3366218,0,True,-26.71,-26.71,0.0,DEM,DEM,False
2022,state_house,attorney_general,state_house_attorney_general_2004.json,67,3366218,3366218,0,True,2.87,2.87,0.0,REP,REP,False
2022,state_house,attorney_general,state_house_attorney_general_2004.json,68,3366218,3366218,0,True,30.29,30.29,0.0,REP,REP,False
2022,state_house,attorney_general,state_house_attorney_general_2004.json,69,3366218,3366218,0,True,29.69,29.69,0.0,REP,REP,False
2022,state_house,attorney_general,state_house_attorney_general_2004.json,70,3366218,3366218,0,True,19.69,19.69,0.0,REP,REP,False
2022,state_house,attorney_general,state_house_attorney_general_2004.json,71,3366218,3366218,0,True,-34.58,-34.58,0.0,DEM,DEM,False
2022,state_house,attorney_general,state_house_attorney_general_2004.json,72,3366218,3366218,0,True,-45.35,-45.35,0.0,DEM,DEM,False
2022,state_house,attorney_general,state_house_attorney_general_2004.json,73,3366218,3366218,0,True,3.85,3.85,0.0,REP,REP,False
2022,state_house,attorney_general,state_house_attorney_general_2004.json,74,3366218,3366218,0,True,8.1,8.1,0.0,REP,REP,False
2022,state_house,attorney_general,state_house_attorney_general_2004.json,75,3366218,3366218,0,True,8.14,8.14,0.0,REP,REP,False
2022,state_house,attorney_general,state_house_attorney_general_2004.json,76,3366218,3366218,0,True,-5.01,-5.01,0.0,DEM,DEM,False
2022,state_house,attorney_general,state_house_attorney_general_2004.json,77,3366218,3366218,0,True,18.01,18.01,0.0,REP,REP,False
2022,state_house,attorney_general,state_house_attorney_general_2004.json,78,3366218,3366218,0,True,13.86,13.86,0.0,REP,REP,False
2022,state_house,attorney_general,state_house_attorney_general_2004.json,79,3366218,3366218,0,True,-2.73,-2.73,0.0,DEM,DEM,False
2022,state_house,attorney_general,state_house_attorney_general_2004.json,80,3366218,3366218,0,True,18.42,18.42,0.0,REP,REP,False
2022,state_house,attorney_general,state_house_attorney_general_2004.json,81,3366218,3366218,0,True,2.49,2.49,0.0,REP,REP,False
2022,state_house,attorney_general,state_house_attorney_general_2004.json,82,3366218,3366218,0,True,7.76,7.76,0.0,REP,REP,False
2022,state_house,attorney_general,state_house_attorney_general_2004.json,83,3366218,3366218,0,True,16.47,16.47,0.0,REP,REP,False
2022,state_house,attorney_general,state_house_attorney_general_2004.json,84,3366218,3366218,0,True,0.85,0.85,0.0,REP,REP,False
2022,state_house,attorney_general,state_house_attorney_general_2004.json,85,3366218,3366218,0,True,11.73,11.73,0.0,REP,REP,False
2022,state_house,attorney_general,state_house_attorney_general_2004.json,86,3366218,3366218,0,True,-2.15,-2.15,0.0,DEM,DEM,False
2022,state_house,attorney_general,state_house_attorney_general_2004.json,87,3366218,3366218,0,True,8.83,8.83,0.0,REP,REP,False
2022,state_house,attorney_general,state_house_attorney_general_2004.json,88,3366218,3366218,0,True,-35.79,-35.79,0.0,DEM,DEM,False
2022,state_house,attorney_general,state_house_attorney_general_2004.json,89,3366218,3366218,0,True,15.93,15.93,0.0,REP,REP,False
2022,state_house,attorney_general,state_house_attorney_general_2004.json,90,3366218,3366218,0,True,4.0,4.0,0.0,REP,REP,False
2022,state_house,attorney_general,state_house_attorney_general_2004.json,91,3366218,3366218,0,True,6.81,6.81,0.0,REP,REP,False
2022,state_house,attorney_general,state_house_attorney_general_2004.json,92,3366218,3366218,0,True,-19.43,-19.43,0.0,DEM,DEM,False
2022,state_house,attorney_general,state_house_attorney_general_2004.json,93,3366218,3366218,0,True,-6.41,-6.41,0.0,DEM,DEM,False
2022,state_house,attorney_general,state_house_attorney_general_2004.json,94,3366218,3366218,0,True,10.47,10.47,0.0,REP,REP,False
2022,state_house,attorney_general,state_house_attorney_general_2004.json,95,3366218,3366218,0,True,17.9,17.9,0.0,REP,REP,False
2022,state_house,attorney_general,state_house_attorney_general_2004.json,96,3366218,3366218,0,True,12.88,12.88,0.0,REP,REP,False
2022,state_house,attorney_general,state_house_attorney_general_2004.json,97,3366218,3366218,0,True,9.15,9.15,0.0,REP,REP,False
2022,state_house,attorney_general,state_house_attorney_general_2004.json,98,3366218,3366218,0,True,17.12,17.12,0.0,REP,REP,False
2022,state_house,attorney_general,state_house_attorney_general_2004.json,99,3366218,3366218,0,True,-55.9,-55.9,0.0,DEM,DEM,False
2022,state_house,attorney_general,state_house_attorney_general_2004.json,100,3366218,3366218,0,True,-40.8,-40.8,0.0,DEM,DEM,False
2022,state_house,attorney_general,state_house_attorney_general_2004.json,101,3366218,3366218,0,True,-36.59,-36.59,0.0,DEM,DEM,False
2022,state_house,attorney_general,state_house_attorney_general_2004.json,102,3366218,3366218,0,True,-56.43,-56.43,0.0,DEM,DEM,False
2022,state_house,attorney_general,state_house_attorney_general_2004.json,103,3366218,3366218,0,True,20.65,20.65,0.0,REP,REP,False
2022,state_house,attorney_general,state_house_attorney_general_2004.json,104,3366218,3366218,0,True,10.72,10.72,0.0,REP,REP,False
2022,state_house,attorney_general,state_house_attorney_general_2004.json,105,3366218,3366218,0,True,12.81,12.81,0.0,REP,REP,False
2022,state_house,attorney_general,state_house_attorney_general_2004.json,106,3366218,3366218,0,True,-6.55,-6.55,0.0,DEM,DEM,False
2022,state_house,attorney_general,state_house_attorney_general_2004.json,107,3366218,3366218,0,True,-44.56,-44.56,0.0,DEM,DEM,False
2022,state_house,attorney_general,state_house_attorney_general_2004.json,108,3366218,3366218,0,True,16.05,16.05,0.0,REP,REP,False
2022,state_house,attorney_general,state_house_attorney_general_2004.json,109,3366218,3366218,0,True,8.36,8.36,0.0,REP,REP,False
2022,state_house,attorney_general,state_house_attorney_general_2004.json,110,3366218,3366218,0,True,-4.48,-4.48,0.0,DEM,DEM,False
2022,state_house,attorney_general,state_house_attorney_general_2004.json,111,3366218,3366218,0,True,-4.45,-4.45,0.0,DEM,DEM,False
2022,state_house,attorney_general,state_house_attorney_general_2004.json,112,3366218,3366218,0,True,-8.7,-8.7,0.0,DEM,DEM,False
2022,state_house,attorney_general,state_house_attorney_general_2004.json,113,3366218,3366218,0,True,7.75,7.75,0.0,REP,REP,False
2022,state_house,attorney_general,state_house_attorney_general_2004.json,114,3366218,3366218,0,True,-25.1,-25.1,0.0,DEM,DEM,False
2022,state_house,attorney_general,state_house_attorney_general_2004.json,115,3366218,3366218,0,True,-3.7,-3.7,0.0,DEM,DEM,False
2022,state_house,attorney_general,state_house_attorney_general_2004.json,116,3366218,3366218,0,True,-25.3,-25.3,0.0,DEM,DEM,False
2022,state_house,attorney_general,state_house_attorney_general_2004.json,117,3366218,3366218,0,True,16.48,16.48,0.0,REP,REP,False
2022,state_house,attorney_general,state_house_attorney_general_2004.json,118,3366218,3366218,0,True,-15.16,-15.16,0.0,DEM,DEM,False
2022,state_house,attorney_general,state_house_attorney_general_2004.json,119,3366218,3366218,0,True,-5.25,-5.25,0.0,DEM,DEM,False
2022,state_house,attorney_general,state_house_attorney_general_2004.json,120,3366218,3366218,0,True,15.25,15.25,0.0,REP,REP,False
2022,state_house,auditor,state_house_auditor_2004.json,1,3295993,3295994,1,True,-1.18,-1.18,0.0,DEM,DEM,False
2022,state_house,auditor,state_house_auditor_2004.json,2,3295993,3295994,1,True,-14.92,-14.92,0.0,DEM,DEM,False
2022,state_house,auditor,state_house_auditor_2004.json,3,3295993,3295994,1,True,13.15,13.15,0.0,REP,REP,False
2022,state_house,auditor,state_house_auditor_2004.json,4,3295993,3295994,1,True,-1.67,-1.67,0.0,DEM,DEM,False
2022,state_house,auditor,state_house_auditor_2004.json,5,3295993,3295994,1,True,-23.7,-23.7,0.0,DEM,DEM,False
2022,state_house,auditor,state_house_auditor_2004.json,6,3295993,3295994,1,True,4.21,4.21,0.0,REP,REP,False
2022,state_house,auditor,state_house_auditor_2004.json,7,3295993,3295994,1,True,-12.51,-12.51,0.0,DEM,DEM,False
2022,state_house,auditor,state_house_auditor_2004.json,8,3295993,3295994,1,True,-13.65,-13.65,0.0,DEM,DEM,False
2022,state_house,auditor,state_house_auditor_2004.json,9,3295993,3295994,1,True,3.34,3.34,0.0,REP,REP,False
2022,state_house,auditor,state_house_auditor_2004.json,10,3295993,3295994,1,True,4.23,4.23,0.0,REP,REP,False
2022,state_house,auditor,state_house_auditor_2004.json,11,3295993,3295994,1,True,-6.75,-6.75,0.0,DEM,DEM,False
2022,state_house,auditor,state_house_auditor_2004.json,12,3295993,3295994,1,True,-7.74,-7.74,0.0,DEM,DEM,False
2022,state_house,auditor,state_house_auditor_2004.json,13,3295993,3295994,1,True,22.68,22.68,0.0,REP,REP,False
2022,state_house,auditor,state_house_auditor_2004.json,14,3295993,3295994,1,True,20.48,20.48,0.0,REP,REP,False
2022,state_house,auditor,state_house_auditor_2004.json,15,3295993,3295994,1,True,25.73,25.73,0.0,REP,REP,False
2022,state_house,auditor,state_house_auditor_2004.json,16,3295993,3295994,1,True,12.42,12.42,0.0,REP,REP,False
2022,state_house,auditor,state_house_auditor_2004.json,17,3295993,3295994,1,True,5.06,5.06,0.0,REP,REP,False
2022,state_house,auditor,state_house_auditor_2004.json,18,3295993,3295994,1,True,-3.99,-3.99,0.0,DEM,DEM,False
2022,state_house,auditor,state_house_auditor_2004.json,19,3295993,3295994,1,True,16.66,16.66,0.0,REP,REP,False
2022,state_house,auditor,state_house_auditor_2004.json,20,3295993,3295994,1,True,19.22,19.22,0.0,REP,REP,False
2022,state_house,auditor,state_house_auditor_2004.json,21,3295993,3295994,1,True,8.79,8.79,0.0,REP,REP,False
2022,state_house,auditor,state_house_auditor_2004.json,22,3295993,3295994,1,True,-12.24,-12.24,0.0,DEM,DEM,False
2022,state_house,auditor,state_house_auditor_2004.json,23,3295993,3295994,1,True,-40.1,-40.1,0.0,DEM,DEM,False
2022,state_house,auditor,state_house_auditor_2004.json,24,3295993,3295994,1,True,-11.59,-11.59,0.0,DEM,DEM,False
2022,state_house,auditor,state_house_auditor_2004.json,25,3295993,3295994,1,True,-6.24,-6.24,0.0,DEM,DEM,False
2022,state_house,auditor,state_house_auditor_2004.json,26,3295993,3295994,1,True,15.98,15.98,0.0,REP,REP,False
2022,state_house,auditor,state_house_auditor_2004.json,27,3295993,3295994,1,True,-43.19,-43.19,0.0,DEM,DEM,False
2022,state_house,auditor,state_house_auditor_2004.json,28,3295993,3295994,1,True,8.71,8.71,0.0,REP,REP,False
2022,state_house,auditor,state_house_auditor_2004.json,29,3295993,3295994,1,True,-44.37,-44.37,0.0,DEM,DEM,False
2022,state_house,auditor,state_house_auditor_2004.json,30,3295993,3295994,1,True,-50.49,-50.49,0.0,DEM,DEM,False
2022,state_house,auditor,state_house_auditor_2004.json,31,3295993,3295994,1,True,-53.69,-53.69,0.0,DEM,DEM,False
2022,state_house,auditor,state_house_auditor_2004.json,32,3295993,3295994,1,True,-30.76,-30.76,0.0,DEM,DEM,False
2022,state_house,auditor,state_house_auditor_2004.json,33,3295993,3295994,1,True,-6.37,-6.37,0.0,DEM,DEM,False
2022,state_house,auditor,state_house_auditor_2004.json,34,3295993,3295994,1,True,-8.0,-8.0,0.0,DEM,DEM,False
2022,state_house,auditor,state_house_auditor_2004.json,35,3295993,3295994,1,True,16.53,16.53,0.0,REP,REP,False
2022,state_house,auditor,state_house_auditor_2004.json,36,3295993,3295994,1,True,13.53,13.53,0.0,REP,REP,False
2022,state_house,auditor,state_house_auditor_2004.json,37,3295993,3295994,1,True,13.58,13.58,0.0,REP,REP,False
2022,state_house,auditor,state_house_auditor_2004.json,38,3295993,3295994,1,True,-68.41,-68.41,0.0,DEM,DEM,False
2022,state_house,auditor,state_house_auditor_2004.json,39,3295993,3295994,1,True,-6.89,-6.89,0.0,DEM,DEM,False
2022,state_house,auditor,state_house_auditor_2004.json,40,3295993,3295994,1,True,12.76,12.76,0.0,REP,REP,False
2022,state_house,auditor,state_house_auditor_2004.json,41,3295993,3295994,1,True,2.69,2.69,0.0,REP,REP,False
2022,state_house,auditor,state_house_auditor_2004.json,42,3295993,3295994,1,True,-19.37,-19.37,0.0,DEM,DEM,False
2022,state_house,auditor,state_house_auditor_2004.json,43,3295993,3295994,1,True,-4.89,-4.89,0.0,DEM,DEM,False
2022,state_house,auditor,state_house_auditor_2004.json,44,3295993,3295994,1,True,-17.44,-17.44,0.0,DEM,DEM,False
2022,state_house,auditor,state_house_auditor_2004.json,45,3295993,3295994,1,True,-1.46,-1.46,0.0,DEM,DEM,False
2022,state_house,auditor,state_house_auditor_2004.json,46,3295993,3295994,1,True,-28.07,-28.07,0.0,DEM,DEM,False
2022,state_house,auditor,state_house_auditor_2004.json,47,3295993,3295994,1,True,-48.59,-48.59,0.0,DEM,DEM,False
2022,state_house,auditor,state_house_auditor_2004.json,48,3295993,3295994,1,True,-27.56,-27.56,0.0,DEM,DEM,False
2022,state_house,auditor,state_house_auditor_2004.json,49,3295993,3295994,1,True,-9.92,-9.92,0.0,DEM,DEM,False
2022,state_house,auditor,state_house_auditor_2004.json,50,3295993,3295994,1,True,-33.0,-33.0,0.0,DEM,DEM,False
2022,state_house,auditor,state_house_auditor_2004.json,51,3295993,3295994,1,True,3.93,3.93,0.0,REP,REP,False
2022,state_house,auditor,state_house_auditor_2004.json,52,3295993,3295994,1,True,-6.82,-6.82,0.0,DEM,DEM,False
2022,state_house,auditor,state_house_auditor_2004.json,53,3295993,3295994,1,True,17.74,17.74,0.0,REP,REP,False
2022,state_house,auditor,state_house_auditor_2004.json,54,3295993,3295994,1,True,1.69,1.69,0.0,REP,REP,False
2022,state_house,auditor,state_house_auditor_2004.json,55,3295993,3295994,1,True,1.28,1.28,0.0,REP,REP,False
2022,state_house,auditor,state_house_auditor_2004.json,56,3295993,3295994,1,True,-38.1,-38.1,0.0,DEM,DEM,False
2022,state_house,auditor,state_house_auditor_2004.json,57,3295993,3295994,1,True,3.11,3.11,0.0,REP,REP,False
2022,state_house,auditor,state_house_auditor_2004.json,58,3295993,3295994,1,True,-27.41,-27.41,0.0,DEM,DEM,False
2022,state_house,auditor,state_house_auditor_2004.json,59,3295993,3295994,1,True,16.37,16.37,0.0,REP,REP,False
2022,state_house,auditor,state_house_auditor_2004.json,60,3295993,3295994,1,True,-9.3,-9.3,0.0,DEM,DEM,False
2022,state_house,auditor,state_house_auditor_2004.json,61,3295993,3295994,1,True,-46.93,-46.93,0.0,DEM,DEM,False
2022,state_house,auditor,state_house_auditor_2004.json,62,3295993,3295994,1,True,19.1,19.1,0.0,REP,REP,False
2022,state_house,auditor,state_house_auditor_2004.json,63,3295993,3295994,1,True,-5.75,-5.75,0.0,DEM,DEM,False
2022,state_house,auditor,state_house_auditor_2004.json,64,3295993,3295994,1,True,24.61,24.61,0.0,REP,REP,False
2022,state_house,auditor,state_house_auditor_2004.json,65,3295993,3295994,1,True,2.77,2.77,0.0,REP,REP,False
2022,state_house,auditor,state_house_auditor_2004.json,66,3295993,3295994,1,True,-18.66,-18.66,0.0,DEM,DEM,False
2022,state_house,auditor,state_house_auditor_2004.json,67,3295993,3295994,1,True,17.34,17.34,0.0,REP,REP,False
2022,state_house,auditor,state_house_auditor_2004.json,68,3295993,3295994,1,True,42.34,42.34,0.0,REP,REP,False
2022,state_house,auditor,state_house_auditor_2004.json,69,3295993,3295994,1,True,42.48,42.48,0.0,REP,REP,False
2022,state_house,auditor,state_house_auditor_2004.json,70,3295993,3295994,1,True,39.66,39.66,0.0,REP,REP,False
2022,state_house,auditor,state_house_auditor_2004.json,71,3295993,3295994,1,True,-24.62,-24.62,0.0,DEM,DEM,False
2022,state_house,auditor,state_house_auditor_2004.json,72,3295993,3295994,1,True,-36.46,-36.46,0.0,DEM,DEM,False
2022,state_house,auditor,state_house_auditor_2004.json,73,3295993,3295994,1,True,17.7,17.7,0.0,REP,REP,False
2022,state_house,auditor,state_house_auditor_2004.json,74,3295993,3295994,1,True,23.89,23.89,0.0,REP,REP,False
2022,state_house,auditor,state_house_auditor_2004.json,75,3295993,3295994,1,True,23.91,23.91,0.0,REP,REP,False
2022,state_house,auditor,state_house_auditor_2004.json,76,3295993,3295994,1,True,13.56,13.56,0.0,REP,REP,False
2022,state_house,auditor,state_house_auditor_2004.json,77,3295993,3295994,1,True,37.38,37.38,0.0,REP,REP,False
2022,state_house,auditor,state_house_auditor_2004.json,78,3295993,3295994,1,True,30.16,30.16,0.0,REP,REP,False
2022,state_house,auditor,state_house_auditor_2004.json,79,3295993,3295994,1,True,5.16,5.16,0.0,REP,REP,False
2022,state_house,auditor,state_house_auditor_2004.json,80,3295993,3295994,1,True,36.79,36.79,0.0,REP,REP,False
2022,state_house,auditor,state_house_auditor_2004.json,81,3295993,3295994,1,True,20.63,20.63,0.0,REP,REP,False
2022,state_house,auditor,state_house_auditor_2004.json,82,3295993,3295994,1,True,23.09,23.09,0.0,REP,REP,False
2022,state_house,auditor,state_house_auditor_2004.json,83,3295993,3295994,1,True,35.06,35.06,0.0,REP,REP,False
2022,state_house,auditor,state_house_auditor_2004.json,84,3295993,3295994,1,True,13.48,13.48,0.0,REP,REP,False
2022,state_house,auditor,state_house_auditor_2004.json,85,3295993,3295994,1,True,20.93,20.93,0.0,REP,REP,False
2022,state_house,auditor,state_house_auditor_2004.json,86,3295993,3295994,1,True,12.11,12.11,0.0,REP,REP,False
2022,state_house,auditor,state_house_auditor_2004.json,87,3295993,3295994,1,True,23.6,23.6,0.0,REP,REP,False
2022,state_house,auditor,state_house_auditor_2004.json,88,3295993,3295994,1,True,-25.66,-25.66,0.0,DEM,DEM,False
2022,state_house,auditor,state_house_auditor_2004.json,89,3295993,3295994,1,True,31.35,31.35,0.0,REP,REP,False
2022,state_house,auditor,state_house_auditor_2004.json,90,3295993,3295994,1,True,20.26,20.26,0.0,REP,REP,False
2022,state_house,auditor,state_house_auditor_2004.json,91,3295993,3295994,1,True,23.83,23.83,0.0,REP,REP,False
2022,state_house,auditor,state_house_auditor_2004.json,92,3295993,3295994,1,True,-9.86,-9.86,0.0,DEM,DEM,False
2022,state_house,auditor,state_house_auditor_2004.json,93,3295993,3295994,1,True,3.56,3.56,0.0,REP,REP,False
2022,state_house,auditor,state_house_auditor_2004.json,94,3295993,3295994,1,True,25.46,25.46,0.0,REP,REP,False
2022,state_house,auditor,state_house_auditor_2004.json,95,3295993,3295994,1,True,31.68,31.68,0.0,REP,REP,False
2022,state_house,auditor,state_house_auditor_2004.json,96,3295993,3295994,1,True,27.95,27.95,0.0,REP,REP,False
2022,state_house,auditor,state_house_auditor_2004.json,97,3295993,3295994,1,True,24.83,24.83,0.0,REP,REP,False
2022,state_house,auditor,state_house_auditor_2004.json,98,3295993,3295994,1,True,31.35,31.35,0.0,REP,REP,False
2022,state_house,auditor,state_house_auditor_2004.json,99,3295993,3295994,1,True,-50.18,-50.18,0.0,DEM,DEM,False
2022,state_house,auditor,state_house_auditor_2004.json,100,3295993,3295994,1,True,-32.97,-32.97,0.0,DEM,DEM,False
2022,state_house,auditor,state_house_auditor_2004.json,101,3295993,3295994,1,True,-29.57,-29.57,0.0,DEM,DEM,False
2022,state_house,auditor,state_house_auditor_2004.json,102,3295993,3295994,1,True,-49.57,-49.57,0.0,DEM,DEM,False
2022,state_house,auditor,state_house_auditor_2004.json,103,3295993,3295994,1,True,33.47,33.47,0.0,REP,REP,False
2022,state_house,auditor,state_house_auditor_2004.json,104,3295993,3295994,1,True,24.94,24.94,0.0,REP,REP,False
2022,state_house,auditor,state_house_auditor_2004.json,105,3295993,3295994,1,True,24.95,24.95,0.0,REP,REP,False
2022,state_house,auditor,state_house_auditor_2004.json,106,3295993,3295994,1,True,4.35,4.35,0.0,REP,REP,False
2022,state_house,auditor,state_house_auditor_2004.json,107,3295993,3295994,1,True,-38.15,-38.15,0.0,DEM,DEM,False
2022,state_house,auditor,state_house_auditor_2004.json,108,3295993,3295994,1,True,31.83,31.83,0.0,REP,REP,False
2022,state_house,auditor,state_house_auditor_2004.json,109,3295993,3295994,1,True,25.15,25.15,0.0,REP,REP,False
2022,state_house,auditor,state_house_auditor_2004.json,110,3295993,3295994,1,True,10.56,10.56,0.0,REP,REP,False
2022,state_house,auditor,state_house_auditor_2004.json,111,3295993,3295994,1,True,9.11,9.11,0.0,REP,REP,False
2022,state_house,auditor,state_house_auditor_2004.json,112,3295993,3295994,1,True,2.61,2.61,0.0,REP,REP,False
2022,state_house,auditor,state_house_auditor_2004.json,113,3295993,3295994,1,True,14.98,14.98,0.0,REP,REP,False
2022,state_house,auditor,state_house_auditor_2004.json,114,3295993,3295994,1,True,-13.59,-13.59,0.0,DEM,DEM,False
2022,state_house,auditor,state_house_auditor_2004.json,115,3295993,3295994,1,True,9.23,9.23,0.0,REP,REP,False
2022,state_house,auditor,state_house_auditor_2004.json,116,3295993,3295994,1,True,-14.04,-14.04,0.0,DEM,DEM,False
2022,state_house,auditor,state_house_auditor_2004.json,117,3295993,3295994,1,True,25.92,25.92,0.0,REP,REP,False
2022,state_house,auditor,state_house_auditor_2004.json,118,3295993,3295994,1,True,-4.98,-4.98,0.0,DEM,DEM,False
2022,state_house,auditor,state_house_auditor_2004.json,119,3295993,3295994,1,True,2.4,2.4,0.0,REP,REP,False
2022,state_house,auditor,state_house_auditor_2004.json,120,3295993,3295994,1,True,20.38,20.38,0.0,REP,REP,False
2022,state_house,governor,state_house_governor_2004.json,1,3486688,3486689,1,True,-13.73,-13.73,0.0,DEM,DEM,False
2022,state_house,governor,state_house_governor_2004.json,2,3486688,3486689,1,True,-24.75,-24.75,0.0,DEM,DEM,False
2022,state_house,governor,state_house_governor_2004.json,3,3486688,3486689,1,True,-2.67,-2.67,0.0,DEM,DEM,False
2022,state_house,governor,state_house_governor_2004.json,4,3486688,3486689,1,True,-9.34,-9.34,0.0,DEM,DEM,False
2022,state_house,governor,state_house_governor_2004.json,5,3486688,3486689,1,True,-29.8,-29.8,0.0,DEM,DEM,False
2022,state_house,governor,state_house_governor_2004.json,6,3486688,3486689,1,True,-5.91,-5.91,0.0,DEM,DEM,False
2022,state_house,governor,state_house_governor_2004.json,7,3486688,3486689,1,True,-22.55,-22.55,0.0,DEM,DEM,False
2022,state_house,governor,state_house_governor_2004.json,8,3486688,3486689,1,True,-23.27,-23.27,0.0,DEM,DEM,False
2022,state_house,governor,state_house_governor_2004.json,9,3486688,3486689,1,True,-10.02,-10.02,0.0,DEM,DEM,False
2022,state_house,governor,state_house_governor_2004.json,10,3486688,3486689,1,True,-4.03,-4.03,0.0,DEM,DEM,False
2022,state_house,governor,state_house_governor_2004.json,11,3486688,3486689,1,True,-20.7,-20.7,0.0,DEM,DEM,False
2022,state_house,governor,state_house_governor_2004.json,12,3486688,3486689,1,True,-13.87,-13.87,0.0,DEM,DEM,False
2022,state_house,governor,state_house_governor_2004.json,13,3486688,3486689,1,True,3.91,3.91,0.0,REP,REP,False
2022,state_house,governor,state_house_governor_2004.json,14,3486688,3486689,1,True,-1.41,-1.41,0.0,DEM,DEM,False
2022,state_house,governor,state_house_governor_2004.json,15,3486688,3486689,1,True,5.36,5.36,0.0,REP,REP,False
2022,state_house,governor,state_house_governor_2004.json,16,3486688,3486689,1,True,-2.54,-2.54,0.0,DEM,DEM,False
2022,state_house,governor,state_house_governor_2004.json,17,3486688,3486689,1,True,-11.56,-11.56,0.0,DEM,DEM,False
2022,state_house,governor,state_house_governor_2004.json,18,3486688,3486689,1,True,-18.82,-18.82,0.0,DEM,DEM,False
2022,state_house,governor,state_house_governor_2004.json,19,3486688,3486689,1,True,-10.37,-10.37,0.0,DEM,DEM,False
2022,state_house,governor,state_house_governor_2004.json,20,3486688,3486689,1,True,-2.12,-2.12,0.0,DEM,DEM,False
2022,state_house,governor,state_house_governor_2004.json,21,3486688,3486689,1,True,-12.49,-12.49,0.0,DEM,DEM,False
2022,state_house,governor,state_house_governor_2004.json,22,3486688,3486689,1,True,-21.75,-21.75,0.0,DEM,DEM,False
2022,state_house,governor,state_house_governor_2004.json,23,3486688,3486689,1,True,-47.54,-47.54,0.0,DEM,DEM,False
2022,state_house,governor,state_house_governor_2004.json,24,3486688,3486689,1,True,-20.17,-20.17,0.0,DEM,DEM,False
2022,state_house,governor,state_house_governor_2004.json,25,3486688,3486689,1,True,-24.39,-24.39,0.0,DEM,DEM,False
2022,state_house,governor,state_house_governor_2004.json,26,3486688,3486689,1,True,2.86,2.86,0.0,REP,REP,False
2022,state_house,governor,state_house_governor_2004.json,27,3486688,3486689,1,True,-49.69,-49.69,0.0,DEM,DEM,False
2022,state_house,governor,state_house_governor_2004.json,28,3486688,3486689,1,True,-0.76,-0.76,0.0,DEM,DEM,False
2022,state_house,governor,state_house_governor_2004.json,29,3486688,3486689,1,True,-49.08,-49.08,0.0,DEM,DEM,False
2022,state_house,governor,state_house_governor_2004.json,30,3486688,3486689,1,True,-53.29,-53.29,0.0,DEM,DEM,False
2022,state_house,governor,state_house_governor_2004.json,31,3486688,3486689,1,True,-55.51,-55.51,0.0,DEM,DEM,False
2022,state_house,governor,state_house_governor_2004.json,32,3486688,3486689,1,True,-34.6,-34.6,0.0,DEM,DEM,False
2022,state_house,governor,state_house_governor_2004.json,33,3486688,3486689,1,True,-14.12,-14.12,0.0,DEM,DEM,False
2022,state_house,governor,state_house_governor_2004.json,34,3486688,3486689,1,True,-20.62,-20.62,0.0,DEM,DEM,False
2022,state_house,governor,state_house_governor_2004.json,35,3486688,3486689,1,True,-1.58,-1.58,0.0,DEM,DEM,False
2022,state_house,governor,state_house_governor_2004.json,36,3486688,3486689,1,True,-5.02,-5.02,0.0,DEM,DEM,False
2022,state_house,governor,state_house_governor_2004.json,37,3486688,3486689,1,True,-1.96,-1.96,0.0,DEM,DEM,False
2022,state_house,governor,state_house_governor_2004.json,38,3486688,3486689,1,True,-67.55,-67.55,0.0,DEM,DEM,False
2022,state_house,governor,state_house_governor_2004.json,39,3486688,3486689,1,True,-21.93,-21.93,0.0,DEM,DEM,False
2022,state_house,governor,state_house_governor_2004.json,40,3486688,3486689,1,True,-7.53,-7.53,0.0,DEM,DEM,False
2022,state_house,governor,state_house_governor_2004.json,41,3486688,3486689,1,True,-16.73,-16.73,0.0,DEM,DEM,False
2022,state_house,governor,state_house_governor_2004.json,42,3486688,3486689,1,True,-30.02,-30.02,0.0,DEM,DEM,False
2022,state_house,governor,state_house_governor_2004.json,43,3486688,3486689,1,True,-19.36,-19.36,0.0,DEM,DEM,False
2022,state_house,governor,state_house_governor_2004.json,44,3486688,3486689,1,True,-29.73,-29.73,0.0,DEM,DEM,False
2022,state_house,governor,state_house_governor_2004.json,45,3486688,3486689,1,True,-17.78,-17.78,0.0,DEM,DEM,False
2022,state_house,governor,state_house_governor_2004.json,46,3486688,3486689,1,True,-27.82,-27.82,0.0,DEM,DEM,False
2022,state_house,governor,state_house_governor_2004.json,47,3486688,3486689,1,True,-47.87,-47.87,0.0,DEM,DEM,False
2022,state_house,governor,state_house_governor_2004.json,48,3486688,3486689,1,True,-30.1,-30.1,0.0,DEM,DEM,False
2022,state_house,governor,state_house_governor_2004.json,49,3486688,3486689,1,True,-24.42,-24.42,0.0,DEM,DEM,False
2022,state_house,governor,state_house_governor_2004.json,50,3486688,3486689,1,True,-39.61,-39.61,0.0,DEM,DEM,False
2022,state_house,governor,state_house_governor_2004.json,51,3486688,3486689,1,True,-10.65,-10.65,0.0,DEM,DEM,False
2022,state_house,governor,state_house_governor_2004.json,52,3486688,3486689,1,True,-17.09,-17.09,0.0,DEM,DEM,False
2022,state_house,governor,state_house_governor_2004.json,53,3486688,3486689,1,True,7.87,7.87,0.0,REP,REP,False
2022,state_house,governor,state_house_governor_2004.json,54,3486688,3486689,1,True,-8.94,-8.94,0.0,DEM,DEM,False
2022,state_house,governor,state_house_governor_2004.json,55,3486688,3486689,1,True,-9.71,-9.71,0.0,DEM,DEM,False
2022,state_house,governor,state_house_governor_2004.json,56,3486688,3486689,1,True,-45.36,-45.36,0.0,DEM,DEM,False
2022,state_house,governor,state_house_governor_2004.json,57,3486688,3486689,1,True,-14.39,-14.39,0.0,DEM,DEM,False
2022,state_house,governor,state_house_governor_2004.json,58,3486688,3486689,1,True,-37.17,-37.17,0.0,DEM,DEM,False
2022,state_house,governor,state_house_governor_2004.json,59,3486688,3486689,1,True,-2.02,-2.02,0.0,DEM,DEM,False
2022,state_house,governor,state_house_governor_2004.json,60,3486688,3486689,1,True,-24.38,-24.38,0.0,DEM,DEM,False
2022,state_house,governor,state_house_governor_2004.json,61,3486688,3486689,1,True,-52.8,-52.8,0.0,DEM,DEM,False
2022,state_house,governor,state_house_governor_2004.json,62,3486688,3486689,1,True,-1.22,-1.22,0.0,DEM,DEM,False
2022,state_house,governor,state_house_governor_2004.json,63,3486688,3486689,1,True,-16.37,-16.37,0.0,DEM,DEM,False
2022,state_house,governor,state_house_governor_2004.json,64,3486688,3486689,1,True,8.22,8.22,0.0,REP,REP,False
2022,state_house,governor,state_house_governor_2004.json,65,3486688,3486689,1,True,-15.58,-15.58,0.0,DEM,DEM,False
2022,state_house,governor,state_house_governor_2004.json,66,3486688,3486689,1,True,-26.72,-26.72,0.0,DEM,DEM,False
2022,state_house,governor,state_house_governor_2004.json,67,3486688,3486689,1,True,1.55,1.55,0.0,REP,REP,False
2022,state_house,governor,state_house_governor_2004.json,68,3486688,3486689,1,True,24.58,24.58,0.0,REP,REP,False
2022,state_house,governor,state_house_governor_2004.json,69,3486688,3486689,1,True,22.06,22.06,0.0,REP,REP,False
2022,state_house,governor,state_house_governor_2004.json,70,3486688,3486689,1,True,17.84,17.84,0.0,REP,REP,False
2022,state_house,governor,state_house_governor_2004.json,71,3486688,3486689,1,True,-33.0,-33.0,0.0,DEM,DEM,False
2022,state_house,governor,state_house_governor_2004.json,72,3486688,3486689,1,True,-41.95,-41.95,0.0,DEM,DEM,False
2022,state_house,governor,state_house_governor_2004.json,73,3486688,3486689,1,True,-2.27,-2.27,0.0,DEM,DEM,False
2022,state_house,governor,state_house_governor_2004.json,74,3486688,3486689,1,True,5.36,5.36,0.0,REP,REP,False
2022,state_house,governor,state_house_governor_2004.json,75,3486688,3486689,1,True,3.98,3.98,0.0,REP,REP,False
2022,state_house,governor,state_house_governor_2004.json,76,3486688,3486689,1,True,-3.91,-3.91,0.0,DEM,DEM,False
2022,state_house,governor,state_house_governor_2004.json,77,3486688,3486689,1,True,15.49,15.49,0.0,REP,REP,False
2022,state_house,governor,state_house_governor_2004.json,78,3486688,3486689,1,True,13.17,13.17,0.0,REP,REP,False
2022,state_house,governor,state_house_governor_2004.json,79,3486688,3486689,1,True,-15.78,-15.78,0.0,DEM,DEM,False
2022,state_house,governor,state_house_governor_2004.json,80,3486688,3486689,1,True,14.55,14.55,0.0,REP,REP,False
2022,state_house,governor,state_house_governor_2004.json,81,3486688,3486689,1,True,-0.59,-0.59,0.0,DEM,DEM,False
2022,state_house,governor,state_house_governor_2004.json,82,3486688,3486689,1,True,1.08,1.08,0.0,REP,REP,False
2022,state_house,governor,state_house_governor_2004.json,83,3486688,3486689,1,True,11.84,11.84,0.0,REP,REP,False
2022,state_house,governor,state_house_governor_2004.json,84,3486688,3486689,1,True,-2.88,-2.88,0.0,DEM,DEM,False
2022,state_house,governor,state_house_governor_2004.json,85,3486688,3486689,1,True,9.35,9.35,0.0,REP,REP,False
2022,state_house,governor,state_house_governor_2004.json,86,3486688,3486689,1,True,4.21,4.21,0.0,REP,REP,False
2022,state_house,governor,state_house_governor_2004.json,87,3486688,3486689,1,True,8.16,8.16,0.0,REP,REP,False
2022,state_house,governor,state_house_governor_2004.json,88,3486688,3486689,1,True,-37.33,-37.33,0.0,DEM,DEM,False
2022,state_house,governor,state_house_governor_2004.json,89,3486688,3486689,1,True,10.27,10.27,0.0,REP,REP,False
2022,state_house,governor,state_house_governor_2004.json,90,3486688,3486689,1,True,1.85,1.85,0.0,REP,REP,False
2022,state_house,governor,state_house_governor_2004.json,91,3486688,3486689,1,True,3.7,3.7,0.0,REP,REP,False
2022,state_house,governor,state_house_governor_2004.json,92,3486688,3486689,1,True,-22.83,-22.83,0.0,DEM,DEM,False
2022,state_house,governor,state_house_governor_2004.json,93,3486688,3486689,1,True,-8.33,-8.33,0.0,DEM,DEM,False
2022,state_house,governor,state_house_governor_2004.json,94,3486688,3486689,1,True,8.28,8.28,0.0,REP,REP,False
2022,state_house,governor,state_house_governor_2004.json,95,3486688,3486689,1,True,10.18,10.18,0.0,REP,REP,False
2022,state_house,governor,state_house_governor_2004.json,96,3486688,3486689,1,True,7.33,7.33,0.0,REP,REP,False
2022,state_house,governor,state_house_governor_2004.json,97,3486688,3486689,1,True,6.49,6.49,0.0,REP,REP,False
2022,state_house,governor,state_house_governor_2004.json,98,3486688,3486689,1,True,9.18,9.18,0.0,REP,REP,False
2022,state_house,governor,state_house_governor_2004.json,99,3486688,3486689,1,True,-56.18,-56.18,0.0,DEM,DEM,False
2022,state_house,governor,state_house_governor_2004.json,100,3486688,3486689,1,True,-41.72,-41.72,0.0,DEM,DEM,False
2022,state_house,governor,state_house_governor_2004.json,101,3486688,3486689,1,True,-37.94,-37.94,0.0,DEM,DEM,False
2022,state_house,governor,state_house_governor_2004.json,102,3486688,3486689,1,True,-57.09,-57.09,0.0,DEM,DEM,False
2022,state_house,governor,state_house_governor_2004.json,103,3486688,3486689,1,True,11.98,11.98,0.0,REP,REP,False
2022,state_house,governor,state_house_governor_2004.json,104,3486688,3486689,1,True,5.07,5.07,0.0,REP,REP,False
2022,state_house,governor,state_house_governor_2004.json,105,3486688,3486689,1,True,5.98,5.98,0.0,REP,REP,False
2022,state_house,governor,state_house_governor_2004.json,106,3486688,3486689,1,True,-11.93,-11.93,0.0,DEM,DEM,False
2022,state_house,governor,state_house_governor_2004.json,107,3486688,3486689,1,True,-46.16,-46.16,0.0,DEM,DEM,False
2022,state_house,governor,state_house_governor_2004.json,108,3486688,3486689,1,True,13.76,13.76,0.0,REP,REP,False
2022,state_house,governor,state_house_governor_2004.json,109,3486688,3486689,1,True,7.96,7.96,0.0,REP,REP,False
2022,state_house,governor,state_house_governor_2004.json,110,3486688,3486689,1,True,-4.63,-4.63,0.0,DEM,DEM,False
2022,state_house,governor,state_house_governor_2004.json,111,3486688,3486689,1,True,-5.8,-5.8,0.0,DEM,DEM,False
2022,state_house,governor,state_house_governor_2004.json,112,3486688,3486689,1,True,-9.99,-9.99,0.0,DEM,DEM,False
2022,state_house,governor,state_house_governor_2004.json,113,3486688,3486689,1,True,-0.8,-0.8,0.0,DEM,DEM,False
2022,state_house,governor,state_house_governor_2004.json,114,3486688,3486689,1,True,-22.91,-22.91,0.0,DEM,DEM,False
2022,state_house,governor,state_house_governor_2004.json,115,3486688,3486689,1,True,-6.03,-6.03,0.0,DEM,DEM,False
2022,state_house,governor,state_house_governor_2004.json,116,3486688,3486689,1,True,-23.38,-23.38,0.0,DEM,DEM,False
2022,state_house,governor,state_house_governor_2004.json,117,3486688,3486689,1,True,7.8,7.8,0.0,REP,REP,False
2022,state_house,governor,state_house_governor_2004.json,118,3486688,3486689,1,True,-17.3,-17.3,0.0,DEM,DEM,False
2022,state_house,governor,state_house_governor_2004.json,119,3486688,3486689,1,True,-9.03,-9.03,0.0,DEM,DEM,False
2022,state_house,governor,state_house_governor_2004.json,120,3486688,3486689,1,True,6.61,6.61,0.0,REP,REP,False
2022,state_house,insurance_commissioner,state_house_insurance_commissioner_2004.json,1,3355474,3355475,1,True,-15.79,-15.79,0.0,DEM,DEM,False
2022,state_house,insurance_commissioner,state_house_insurance_commissioner_2004.json,2,3355474,3355475,1,True,-36.65,-36.65,0.0,DEM,DEM,False
2022,state_house,insurance_commissioner,state_house_insurance_commissioner_2004.json,3,3355474,3355475,1,True,-7.53,-7.53,0.0,DEM,DEM,False
2022,state_house,insurance_commissioner,state_house_insurance_commissioner_2004.json,4,3355474,3355475,1,True,-24.33,-24.33,0.0,DEM,DEM,False
2022,state_house,insurance_commissioner,state_house_insurance_commissioner_2004.json,5,3355474,3355475,1,True,-35.08,-35.08,0.0,DEM,DEM,False
2022,state_house,insurance_commissioner,state_house_insurance_commissioner_2004.json,6,3355474,3355475,1,True,-16.06,-16.06,0.0,DEM,DEM,False
2022,state_house,insurance_commissioner,state_house_insurance_commissioner_2004.json,7,3355474,3355475,1,True,-32.52,-32.52,0.0,DEM,DEM,False
2022,state_house,insurance_commissioner,state_house_insurance_commissioner_2004.json,8,3355474,3355475,1,True,-28.41,-28.41,0.0,DEM,DEM,False
2022,state_house,insurance_commissioner,state_house_insurance_commissioner_2004.json,9,3355474,3355475,1,True,-13.61,-13.61,0.0,DEM,DEM,False
2022,state_house,insurance_commissioner,state_house_insurance_commissioner_2004.json,10,3355474,3355475,1,True,-14.65,-14.65,0.0,DEM,DEM,False
2022,state_house,insurance_commissioner,state_house_insurance_commissioner_2004.json,11,3355474,3355475,1,True,-22.65,-22.65,0.0,DEM,DEM,False
2022,state_house,insurance_commissioner,state_house_insurance_commissioner_2004.json,12,3355474,3355475,1,True,-30.7,-30.7,0.0,DEM,DEM,False
2022,state_house,insurance_commissioner,state_house_insurance_commissioner_2004.json,13,3355474,3355475,1,True,1.25,1.25,0.0,REP,REP,False
2022,state_house,insurance_commissioner,state_house_insurance_commissioner_2004.json,14,3355474,3355475,1,True,2.26,2.26,0.0,REP,REP,False
2022,state_house,insurance_commissioner,state_house_insurance_commissioner_2004.json,15,3355474,3355475,1,True,3.93,3.93,0.0,REP,REP,False
2022,state_house,insurance_commissioner,state_house_insurance_commissioner_2004.json,16,3355474,3355475,1,True,-10.32,-10.32,0.0,DEM,DEM,False
2022,state_house,insurance_commissioner,state_house_insurance_commissioner_2004.json,17,3355474,3355475,1,True,-11.75,-11.75,0.0,DEM,DEM,False
2022,state_house,insurance_commissioner,state_house_insurance_commissioner_2004.json,18,3355474,3355475,1,True,-23.05,-23.05,0.0,DEM,DEM,False
2022,state_house,insurance_commissioner,state_house_insurance_commissioner_2004.json,19,3355474,3355475,1,True,-5.72,-5.72,0.0,DEM,DEM,False
2022,state_house,insurance_commissioner,state_house_insurance_commissioner_2004.json,20,3355474,3355475,1,True,-7.62,-7.62,0.0,DEM,DEM,False
2022,state_house,insurance_commissioner,state_house_insurance_commissioner_2004.json,21,3355474,3355475,1,True,-6.08,-6.08,0.0,DEM,DEM,False
2022,state_house,insurance_commissioner,state_house_insurance_commissioner_2004.json,22,3355474,3355475,1,True,-28.71,-28.71,0.0,DEM,DEM,False
2022,state_house,insurance_commissioner,state_house_insurance_commissioner_2004.json,23,3355474,3355475,1,True,-56.57,-56.57,0.0,DEM,DEM,False
2022,state_house,insurance_commissioner,state_house_insurance_commissioner_2004.json,24,3355474,3355475,1,True,-26.73,-26.73,0.0,DEM,DEM,False
2022,state_house,insurance_commissioner,state_house_insurance_commissioner_2004.json,25,3355474,3355475,1,True,-27.48,-27.48,0.0,DEM,DEM,False
2022,state_house,insurance_commissioner,state_house_insurance_commissioner_2004.json,26,3355474,3355475,1,True,-5.39,-5.39,0.0,DEM,DEM,False
2022,state_house,insurance_commissioner,state_house_insurance_commissioner_2004.json,27,3355474,3355475,1,True,-59.72,-59.72,0.0,DEM,DEM,False
2022,state_house,insurance_commissioner,state_house_insurance_commissioner_2004.json,28,3355474,3355475,1,True,-14.95,-14.95,0.0,DEM,DEM,False
2022,state_house,insurance_commissioner,state_house_insurance_commissioner_2004.json,29,3355474,3355475,1,True,-53.8,-53.8,0.0,DEM,DEM,False
2022,state_house,insurance_commissioner,state_house_insurance_commissioner_2004.json,30,3355474,3355475,1,True,-60.49,-60.49,0.0,DEM,DEM,False
2022,state_house,insurance_commissioner,state_house_insurance_commissioner_2004.json,31,3355474,3355475,1,True,-62.24,-62.24,0.0,DEM,DEM,False
2022,state_house,insurance_commissioner,state_house_insurance_commissioner_2004.json,32,3355474,3355475,1,True,-46.34,-46.34,0.0,DEM,DEM,False
2022,state_house,insurance_commissioner,state_house_insurance_commissioner_2004.json,33,3355474,3355475,1,True,-25.43,-25.43,0.0,DEM,DEM,False
2022,state_house,insurance_commissioner,state_house_insurance_commissioner_2004.json,34,3355474,3355475,1,True,-28.41,-28.41,0.0,DEM,DEM,False
2022,state_house,insurance_commissioner,state_house_insurance_commissioner_2004.json,35,3355474,3355475,1,True,-1.96,-1.96,0.0,DEM,DEM,False
2022,state_house,insurance_commissioner,state_house_insurance_commissioner_2004.json,36,3355474,3355475,1,True,-4.85,-4.85,0.0,DEM,DEM,False
2022,state_house,insurance_commissioner,state_house_insurance_commissioner_2004.json,37,3355474,3355475,1,True,-5.89,-5.89,0.0,DEM,DEM,False
2022,state_house,insurance_commissioner,state_house_insurance_commissioner_2004.json,38,3355474,3355475,1,True,-74.59,-74.59,0.0,DEM,DEM,False
2022,state_house,insurance_commissioner,state_house_insurance_commissioner_2004.json,39,3355474,3355475,1,True,-29.52,-29.52,0.0,DEM,DEM,False
2022,state_house,insurance_commissioner,state_house_insurance_commissioner_2004.json,40,3355474,3355475,1,True,-6.32,-6.32,0.0,DEM,DEM,False
2022,state_house,insurance_commissioner,state_house_insurance_commissioner_2004.json,41,3355474,3355475,1,True,-16.68,-16.68,0.0,DEM,DEM,False
2022,state_house,insurance_commissioner,state_house_insurance_commissioner_2004.json,42,3355474,3355475,1,True,-27.82,-27.82,0.0,DEM,DEM,False
2022,state_house,insurance_commissioner,state_house_insurance_commissioner_2004.json,43,3355474,3355475,1,True,-21.56,-21.56,0.0,DEM,DEM,False
2022,state_house,insurance_commissioner,state_house_insurance_commissioner_2004.json,44,3355474,3355475,1,True,-31.27,-31.27,0.0,DEM,DEM,False
2022,state_house,insurance_commissioner,state_house_insurance_commissioner_2004.json,45,3355474,3355475,1,True,-16.34,-16.34,0.0,DEM,DEM,False
2022,state_house,insurance_commissioner,state_house_insurance_commissioner_2004.json,46,3355474,3355475,1,True,-48.75,-48.75,0.0,DEM,DEM,False
2022,state_house,insurance_commissioner,state_house_insurance_commissioner_2004.json,47,3355474,3355475,1,True,-63.16,-63.16,0.0,DEM,DEM,False
2022,state_house,insurance_commissioner,state_house_insurance_commissioner_2004.json,48,3355474,3355475,1,True,-38.19,-38.19,0.0,DEM,DEM,False
2022,state_house,insurance_commissioner,state_house_insurance_commissioner_2004.json,49,3355474,3355475,1,True,-28.72,-28.72,0.0,DEM,DEM,False
2022,state_house,insurance_commissioner,state_house_insurance_commissioner_2004.json,50,3355474,3355475,1,True,-45.89,-45.89,0.0,DEM,DEM,False
2022,state_house,insurance_commissioner,state_house_insurance_commissioner_2004.json,51,3355474,3355475,1,True,-14.04,-14.04,0.0,DEM,DEM,False
2022,state_house,insurance_commissioner,state_house_insurance_commissioner_2004.json,52,3355474,3355475,1,True,-21.58,-21.58,0.0,DEM,DEM,False
2022,state_house,insurance_commissioner,state_house_insurance_commissioner_2004.json,53,3355474,3355475,1,True,-4.52,-4.52,0.0,DEM,DEM,False
2022,state_house,insurance_commissioner,state_house_insurance_commissioner_2004.json,54,3355474,3355475,1,True,-17.6,-17.6,0.0,DEM,DEM,False
2022,state_house,insurance_commissioner,state_house_insurance_commissioner_2004.json,55,3355474,3355475,1,True,-11.2,-11.2,0.0,DEM,DEM,False
2022,state_house,insurance_commissioner,state_house_insurance_commissioner_2004.json,56,3355474,3355475,1,True,-48.48,-48.48,0.0,DEM,DEM,False
2022,state_house,insurance_commissioner,state_house_insurance_commissioner_2004.json,57,3355474,3355475,1,True,-14.76,-14.76,0.0,DEM,DEM,False
2022,state_house,insurance_commissioner,state_house_insurance_commissioner_2004.json,58,3355474,3355475,1,True,-38.81,-38.81,0.0,DEM,DEM,False
2022,state_house,insurance_commissioner,state_house_insurance_commissioner_2004.json,59,3355474,3355475,1,True,-5.11,-5.11,0.0,DEM,DEM,False
2022,state_house,insurance_commissioner,state_house_insurance_commissioner_2004.json,60,3355474,3355475,1,True,-24.02,-24.02,0.0,DEM,DEM,False
2022,state_house,insurance_commissioner,state_house_insurance_commissioner_2004.json,61,3355474,3355475,1,True,-57.02,-57.02,0.0,DEM,DEM,False
2022,state_house,insurance_commissioner,state_house_insurance_commissioner_2004.json,62,3355474,3355475,1,True,0.72,0.72,0.0,REP,REP,False
2022,state_house,insurance_commissioner,state_house_insurance_commissioner_2004.json,63,3355474,3355475,1,True,-30.51,-30.51,0.0,DEM,DEM,False
2022,state_house,insurance_commissioner,state_house_insurance_commissioner_2004.json,64,3355474,3355475,1,True,-10.03,-10.03,0.0,DEM,DEM,False
2022,state_house,insurance_commissioner,state_house_insurance_commissioner_2004.json,65,3355474,3355475,1,True,-19.82,-19.82,0.0,DEM,DEM,False
2022,state_house,insurance_commissioner,state_house_insurance_commissioner_2004.json,66,3355474,3355475,1,True,-33.81,-33.81,0.0,DEM,DEM,False
2022,state_house,insurance_commissioner,state_house_insurance_commissioner_2004.json,67,3355474,3355475,1,True,0.52,0.52,0.0,REP,REP,False
2022,state_house,insurance_commissioner,state_house_insurance_commissioner_2004.json,68,3355474,3355475,1,True,31.86,31.86,0.0,REP,REP,False
2022,state_house,insurance_commissioner,state_house_insurance_commissioner_2004.json,69,3355474,3355475,1,True,28.64,28.64,0.0,REP,REP,False
2022,state_house,insurance_commissioner,state_house_insurance_commissioner_2004.json,70,3355474,3355475,1,True,19.22,19.22,0.0,REP,REP,False
2022,state_house,insurance_commissioner,state_house_insurance_commissioner_2004.json,71,3355474,3355475,1,True,-35.72,-35.72,0.0,DEM,DEM,False
2022,state_house,insurance_commissioner,state_house_insurance_commissioner_2004.json,72,3355474,3355475,1,True,-47.69,-47.69,0.0,DEM,DEM,False
2022,state_house,insurance_commissioner,state_house_insurance_commissioner_2004.json,73,3355474,3355475,1,True,4.51,4.51,0.0,REP,REP,False
2022,state_house,insurance_commissioner,state_house_insurance_commissioner_2004.json,74,3355474,3355475,1,True,4.19,4.19,0.0,REP,REP,False
2022,state_house,insurance_commissioner,state_house_insurance_commissioner_2004.json,75,3355474,3355475,1,True,5.39,5.39,0.0,REP,REP,False
2022,state_house,insurance_commissioner,state_house_insurance_commissioner_2004.json,76,3355474,3355475,1,True,-6.92,-6.92,0.0,DEM,DEM,False
2022,state_house,insurance_commissioner,state_house_insurance_commissioner_2004.json,77,3355474,3355475,1,True,15.51,15.51,0.0,REP,REP,False
2022,state_house,insurance_commissioner,state_house_insurance_commissioner_2004.json,78,3355474,3355475,1,True,14.59,14.59,0.0,REP,REP,False
2022,state_house,insurance_commissioner,state_house_insurance_commissioner_2004.json,79,3355474,3355475,1,True,-18.66,-18.66,0.0,DEM,DEM,False
2022,state_house,insurance_commissioner,state_house_insurance_commissioner_2004.json,80,3355474,3355475,1,True,17.37,17.37,0.0,REP,REP,False
2022,state_house,insurance_commissioner,state_house_insurance_commissioner_2004.json,81,3355474,3355475,1,True,-0.54,-0.54,0.0,DEM,DEM,False
2022,state_house,insurance_commissioner,state_house_insurance_commissioner_2004.json,82,3355474,3355475,1,True,8.22,8.22,0.0,REP,REP,False
2022,state_house,insurance_commissioner,state_house_insurance_commissioner_2004.json,83,3355474,3355475,1,True,16.2,16.2,0.0,REP,REP,False
2022,state_house,insurance_commissioner,state_house_insurance_commissioner_2004.json,84,3355474,3355475,1,True,5.62,5.62,0.0,REP,REP,False
2022,state_house,insurance_commissioner,state_house_insurance_commissioner_2004.json,85,3355474,3355475,1,True,4.39,4.39,0.0,REP,REP,False
2022,state_house,insurance_commissioner,state_house_insurance_commissioner_2004.json,86,3355474,3355475,1,True,-0.8,-0.8,0.0,DEM,DEM,False
2022,state_house,insurance_commissioner,state_house_insurance_commissioner_2004.json,87,3355474,3355475,1,True,9.94,9.94,0.0,REP,REP,False
2022,state_house,insurance_commissioner,state_house_insurance_commissioner_2004.json,88,3355474,3355475,1,True,-33.51,-33.51,0.0,DEM,DEM,False
2022,state_house,insurance_commissioner,state_house_insurance_commissioner_2004.json,89,3355474,3355475,1,True,17.77,17.77,0.0,REP,REP,False
2022,state_house,insurance_commissioner,state_house_insurance_commissioner_2004.json,90,3355474,3355475,1,True,0.24,0.24,0.0,REP,REP,False
2022,state_house,insurance_commissioner,state_house_insurance_commissioner_2004.json,91,3355474,3355475,1,True,0.77,0.77,0.0,REP,REP,False
2022,state_house,insurance_commissioner,state_house_insurance_commissioner_2004.json,92,3355474,3355475,1,True,-19.31,-19.31,0.0,DEM,DEM,False
2022,state_house,insurance_commissioner,state_house_insurance_commissioner_2004.json,93,3355474,3355475,1,True,-10.56,-10.56,0.0,DEM,DEM,False
2022,state_house,insurance_commissioner,state_house_insurance_commissioner_2004.json,94,3355474,3355475,1,True,9.93,9.93,0.0,REP,REP,False
2022,state_house,insurance_commissioner,state_house_insurance_commissioner_2004.json,95,3355474,3355475,1,True,26.74,26.74,0.0,REP,REP,False
2022,state_house,insurance_commissioner,state_house_insurance_commissioner_2004.json,96,3355474,3355475,1,True,13.71,13.71,0.0,REP,REP,False
2022,state_house,insurance_commissioner,state_house_insurance_commissioner_2004.json,97,3355474,3355475,1,True,8.12,8.12,0.0,REP,REP,False
2022,state_house,insurance_commissioner,state_house_insurance_commissioner_2004.json,98,3355474,3355475,1,True,21.04,21.04,0.0,REP,REP,False
2022,state_house,insurance_commissioner,state_house_insurance_commissioner_2004.json,99,3355474,3355475,1,True,-54.76,-54.76,0.0,DEM,DEM,False
2022,state_house,insurance_commissioner,state_house_insurance_commissioner_2004.json,100,3355474,3355475,1,True,-40.73,-40.73,0.0,DEM,DEM,False
2022,state_house,insurance_commissioner,state_house_insurance_commissioner_2004.json,101,3355474,3355475,1,True,-36.05,-36.05,0.0,DEM,DEM,False
2022,state_house,insurance_commissioner,state_house_insurance_commissioner_2004.json,102,3355474,3355475,1,True,-54.15,-54.15,0.0,DEM,DEM,False
2022,state_house,insurance_commissioner,state_house_insurance_commissioner_2004.json,103,3355474,3355475,1,True,21.33,21.33,0.0,REP,REP,False
2022,state_house,insurance_commissioner,state_house_insurance_commissioner_2004.json,104,3355474,3355475,1,True,12.14,12.14,0.0,REP,REP,False
2022,state_house,insurance_commissioner,state_house_insurance_commissioner_2004.json,105,3355474,3355475,1,True,13.83,13.83,0.0,REP,REP,False
2022,state_house,insurance_commissioner,state_house_insurance_commissioner_2004.json,106,3355474,3355475,1,True,-4.69,-4.69,0.0,DEM,DEM,False
2022,state_house,insurance_commissioner,state_house_insurance_commissioner_2004.json,107,3355474,3355475,1,True,-43.58,-43.58,0.0,DEM,DEM,False
2022,state_house,insurance_commissioner,state_house_insurance_commissioner_2004.json,108,3355474,3355475,1,True,14.26,14.26,0.0,REP,REP,False
2022,state_house,insurance_commissioner,state_house_insurance_commissioner_2004.json,109,3355474,3355475,1,True,5.3,5.3,0.0,REP,REP,False
2022,state_house,insurance_commissioner,state_house_insurance_commissioner_2004.json,110,3355474,3355475,1,True,-8.39,-8.39,0.0,DEM,DEM,False
2022,state_house,insurance_commissioner,state_house_insurance_commissioner_2004.json,111,3355474,3355475,1,True,-9.41,-9.41,0.0,DEM,DEM,False
2022,state_house,insurance_commissioner,state_house_insurance_commissioner_2004.json,112,3355474,3355475,1,True,-7.84,-7.84,0.0,DEM,DEM,False
2022,state_house,insurance_commissioner,state_house_insurance_commissioner_2004.json,113,3355474,3355475,1,True,1.53,1.53,0.0,REP,REP,False
2022,state_house,insurance_commissioner,state_house_insurance_commissioner_2004.json,114,3355474,3355475,1,True,-26.75,-26.75,0.0,DEM,DEM,False
2022,state_house,insurance_commissioner,state_house_insurance_commissioner_2004.json,115,3355474,3355475,1,True,-7.53,-7.53,0.0,DEM,DEM,False
2022,state_house,insurance_commissioner,state_house_insurance_commissioner_2004.json,116,3355474,3355475,1,True,-28.32,-28.32,0.0,DEM,DEM,False
2022,state_house,insurance_commissioner,state_house_insurance_commissioner_2004.json,117,3355474,3355475,1,True,12.3,12.3,0.0,REP,REP,False
2022,state_house,insurance_commissioner,state_house_insurance_commissioner_2004.json,118,3355474,3355475,1,True,-19.57,-19.57,0.0,DEM,DEM,False
2022,state_house,insurance_commissioner,state_house_insurance_commissioner_2004.json,119,3355474,3355475,1,True,-8.9,-8.9,0.0,DEM,DEM,False
2022,state_house,insurance_commissioner,state_house_insurance_commissioner_2004.json,120,3355474,3355475,1,True,8.34,8.34,0.0,REP,REP,False
2022,state_house,labor_commissioner,state_house_labor_commissioner_2004.json,1,3307492,3307492,0,True,-2.59,-2.59,0.0,DEM,DEM,False
2022,state_house,labor_commissioner,state_house_labor_commissioner_2004.json,2,3307492,3307492,0,True,-10.5,-10.5,0.0,DEM,DEM,False
2022,state_house,labor_commissioner,state_house_labor_commissioner_2004.json,3,3307492,3307492,0,True,14.3,14.3,0.0,REP,REP,False
2022,state_house,labor_commissioner,state_house_labor_commissioner_2004.json,4,3307492,3307492,0,True,0.32,0.32,0.0,REP,REP,False
2022,state_house,labor_commissioner,state_house_labor_commissioner_2004.json,5,3307492,3307492,0,True,-24.27,-24.27,0.0,DEM,DEM,False
2022,state_house,labor_commissioner,state_house_labor_commissioner_2004.json,6,3307492,3307492,0,True,6.26,6.26,0.0,REP,REP,False
2022,state_house,labor_commissioner,state_house_labor_commissioner_2004.json,7,3307492,3307492,0,True,-6.8,-6.8,0.0,DEM,DEM,False
2022,state_house,labor_commissioner,state_house_labor_commissioner_2004.json,8,3307492,3307492,0,True,-11.4,-11.4,0.0,DEM,DEM,False
2022,state_house,labor_commissioner,state_house_labor_commissioner_2004.json,9,3307492,3307492,0,True,5.89,5.89,0.0,REP,REP,False
2022,state_house,labor_commissioner,state_house_labor_commissioner_2004.json,10,3307492,3307492,0,True,7.4,7.4,0.0,REP,REP,False
2022,state_house,labor_commissioner,state_house_labor_commissioner_2004.json,11,3307492,3307492,0,True,1.95,1.95,0.0,REP,REP,False
2022,state_house,labor_commissioner,state_house_labor_commissioner_2004.json,12,3307492,3307492,0,True,-7.22,-7.22,0.0,DEM,DEM,False
2022,state_house,labor_commissioner,state_house_labor_commissioner_2004.json,13,3307492,3307492,0,True,22.81,22.81,0.0,REP,REP,False
2022,state_house,labor_commissioner,state_house_labor_commissioner_2004.json,14,3307492,3307492,0,True,17.85,17.85,0.0,REP,REP,False
2022,state_house,labor_commissioner,state_house_labor_commissioner_2004.json,15,3307492,3307492,0,True,21.93,21.93,0.0,REP,REP,False
2022,state_house,labor_commissioner,state_house_labor_commissioner_2004.json,16,3307492,3307492,0,True,10.6,10.6,0.0,REP,REP,False
2022,state_house,labor_commissioner,state_house_labor_commissioner_2004.json,17,3307492,3307492,0,True,5.43,5.43,0.0,REP,REP,False
2022,state_house,labor_commissioner,state_house_labor_commissioner_2004.json,18,3307492,3307492,0,True,-4.99,-4.99,0.0,DEM,DEM,False
2022,state_house,labor_commissioner,state_house_labor_commissioner_2004.json,19,3307492,3307492,0,True,16.16,16.16,0.0,REP,REP,False
2022,state_house,labor_commissioner,state_house_labor_commissioner_2004.json,20,3307492,3307492,0,True,16.61,16.61,0.0,REP,REP,False
2022,state_house,labor_commissioner,state_house_labor_commissioner_2004.json,21,3307492,3307492,0,True,16.43,16.43,0.0,REP,REP,False
2022,state_house,labor_commissioner,state_house_labor_commissioner_2004.json,22,3307492,3307492,0,True,-11.22,-11.22,0.0,DEM,DEM,False
2022,state_house,labor_commissioner,state_house_labor_commissioner_2004.json,23,3307492,3307492,0,True,-38.2,-38.2,0.0,DEM,DEM,False
2022,state_house,labor_commissioner,state_house_labor_commissioner_2004.json,24,3307492,3307492,0,True,-7.42,-7.42,0.0,DEM,DEM,False
2022,state_house,labor_commissioner,state_house_labor_commissioner_2004.json,25,3307492,3307492,0,True,-1.97,-1.97,0.0,DEM,DEM,False
2022,state_house,labor_commissioner,state_house_labor_commissioner_2004.json,26,3307492,3307492,0,True,24.21,24.21,0.0,REP,REP,False
2022,state_house,labor_commissioner,state_house_labor_commissioner_2004.json,27,3307492,3307492,0,True,-43.1,-43.1,0.0,DEM,DEM,False
2022,state_house,labor_commissioner,state_house_labor_commissioner_2004.json,28,3307492,3307492,0,True,16.4,16.4,0.0,REP,REP,False
2022,state_house,labor_commissioner,state_house_labor_commissioner_2004.json,29,3307492,3307492,0,True,-38.62,-38.62,0.0,DEM,DEM,False
2022,state_house,labor_commissioner,state_house_labor_commissioner_2004.json,30,3307492,3307492,0,True,-47.33,-47.33,0.0,DEM,DEM,False
2022,state_house,labor_commissioner,state_house_labor_commissioner_2004.json,31,3307492,3307492,0,True,-50.59,-50.59,0.0,DEM,DEM,False
2022,state_house,labor_commissioner,state_house_labor_commissioner_2004.json,32,3307492,3307492,0,True,-25.85,-25.85,0.0,DEM,DEM,False
2022,state_house,labor_commissioner,state_house_labor_commissioner_2004.json,33,3307492,3307492,0,True,1.75,1.75,0.0,REP,REP,False
2022,state_house,labor_commissioner,state_house_labor_commissioner_2004.json,34,3307492,3307492,0,True,5.71,5.71,0.0,REP,REP,False
2022,state_house,labor_commissioner,state_house_labor_commissioner_2004.json,35,3307492,3307492,0,True,23.06,23.06,0.0,REP,REP,False
2022,state_house,labor_commissioner,state_house_labor_commissioner_2004.json,36,3307492,3307492,0,True,20.94,20.94,0.0,REP,REP,False
2022,state_house,labor_commissioner,state_house_labor_commissioner_2004.json,37,3307492,3307492,0,True,21.09,21.09,0.0,REP,REP,False
2022,state_house,labor_commissioner,state_house_labor_commissioner_2004.json,38,3307492,3307492,0,True,-63.08,-63.08,0.0,DEM,DEM,False
2022,state_house,labor_commissioner,state_house_labor_commissioner_2004.json,39,3307492,3307492,0,True,-4.27,-4.27,0.0,DEM,DEM,False
2022,state_house,labor_commissioner,state_house_labor_commissioner_2004.json,40,3307492,3307492,0,True,21.76,21.76,0.0,REP,REP,False
2022,state_house,labor_commissioner,state_house_labor_commissioner_2004.json,41,3307492,3307492,0,True,11.38,11.38,0.0,REP,REP,False
2022,state_house,labor_commissioner,state_house_labor_commissioner_2004.json,42,3307492,3307492,0,True,-16.98,-16.98,0.0,DEM,DEM,False
2022,state_house,labor_commissioner,state_house_labor_commissioner_2004.json,43,3307492,3307492,0,True,-0.56,-0.56,0.0,DEM,DEM,False
2022,state_house,labor_commissioner,state_house_labor_commissioner_2004.json,44,3307492,3307492,0,True,-12.59,-12.59,0.0,DEM,DEM,False
2022,state_house,labor_commissioner,state_house_labor_commissioner_2004.json,45,3307492,3307492,0,True,2.26,2.26,0.0,REP,REP,False
2022,state_house,labor_commissioner,state_house_labor_commissioner_2004.json,46,3307492,3307492,0,True,-25.44,-25.44,0.0,DEM,DEM,False
2022,state_house,labor_commissioner,state_house_labor_commissioner_2004.json,47,3307492,3307492,0,True,-41.91,-41.91,0.0,DEM,DEM,False
2022,state_house,labor_commissioner,state_house_labor_commissioner_2004.json,48,3307492,3307492,0,True,-23.74,-23.74,0.0,DEM,DEM,False
2022,state_house,labor_commissioner,state_house_labor_commissioner_2004.json,49,3307492,3307492,0,True,2.11,2.11,0.0,REP,REP,False
2022,state_house,labor_commissioner,state_house_labor_commissioner_2004.json,50,3307492,3307492,0,True,-30.52,-30.52,0.0,DEM,DEM,False
2022,state_house,labor_commissioner,state_house_labor_commissioner_2004.json,51,3307492,3307492,0,True,8.04,8.04,0.0,REP,REP,False
2022,state_house,labor_commissioner,state_house_labor_commissioner_2004.json,52,3307492,3307492,0,True,-15.53,-15.53,0.0,DEM,DEM,False
2022,state_house,labor_commissioner,state_house_labor_commissioner_2004.json,53,3307492,3307492,0,True,24.43,24.43,0.0,REP,REP,False
2022,state_house,labor_commissioner,state_house_labor_commissioner_2004.json,54,3307492,3307492,0,True,4.92,4.92,0.0,REP,REP,False
2022,state_house,labor_commissioner,state_house_labor_commissioner_2004.json,55,3307492,3307492,0,True,2.74,2.74,0.0,REP,REP,False
2022,state_house,labor_commissioner,state_house_labor_commissioner_2004.json,56,3307492,3307492,0,True,-34.73,-34.73,0.0,DEM,DEM,False
2022,state_house,labor_commissioner,state_house_labor_commissioner_2004.json,57,3307492,3307492,0,True,6.99,6.99,0.0,REP,REP,False
2022,state_house,labor_commissioner,state_house_labor_commissioner_2004.json,58,3307492,3307492,0,True,-25.73,-25.73,0.0,DEM,DEM,False
2022,state_house,labor_commissioner,state_house_labor_commissioner_2004.json,59,3307492,3307492,0,True,18.39,18.39,0.0,REP,REP,False
2022,state_house,labor_commissioner,state_house_labor_commissioner_2004.json,60,3307492,3307492,0,True,-7.93,-7.93,0.0,DEM,DEM,False
2022,state_house,labor_commissioner,state_house_labor_commissioner_2004.json,61,3307492,3307492,0,True,-43.26,-43.26,0.0,DEM,DEM,False
2022,state_house,labor_commissioner,state_house_labor_commissioner_2004.json,62,3307492,3307492,0,True,22.72,22.72,0.0,REP,REP,False
2022,state_house,labor_commissioner,state_house_labor_commissioner_2004.json,63,3307492,3307492,0,True,-2.93,-2.93,0.0,DEM,DEM,False
2022,state_house,labor_commissioner,state_house_labor_commissioner_2004.json,64,3307492,3307492,0,True,26.77,26.77,0.0,REP,REP,False
2022,state_house,labor_commissioner,state_house_labor_commissioner_2004.json,65,3307492,3307492,0,True,2.22,2.22,0.0,REP,REP,False
2022,state_house,labor_commissioner,state_house_labor_commissioner_2004.json,66,3307492,3307492,0,True,-11.1,-11.1,0.0,DEM,DEM,False
2022,state_house,labor_commissioner,state_house_labor_commissioner_2004.json,67,3307492,3307492,0,True,18.71,18.71,0.0,REP,REP,False
2022,state_house,labor_commissioner,state_house_labor_commissioner_2004.json,68,3307492,3307492,0,True,43.06,43.06,0.0,REP,REP,False
2022,state_house,labor_commissioner,state_house_labor_commissioner_2004.json,69,3307492,3307492,0,True,42.85,42.85,0.0,REP,REP,False
2022,state_house,labor_commissioner,state_house_labor_commissioner_2004.json,70,3307492,3307492,0,True,40.96,40.96,0.0,REP,REP,False
2022,state_house,labor_commissioner,state_house_labor_commissioner_2004.json,71,3307492,3307492,0,True,-18.24,-18.24,0.0,DEM,DEM,False
2022,state_house,labor_commissioner,state_house_labor_commissioner_2004.json,72,3307492,3307492,0,True,-28.7,-28.7,0.0,DEM,DEM,False
2022,state_house,labor_commissioner,state_house_labor_commissioner_2004.json,73,3307492,3307492,0,True,20.04,20.04,0.0,REP,REP,False
2022,state_house,labor_commissioner,state_house_labor_commissioner_2004.json,74,3307492,3307492,0,True,30.74,30.74,0.0,REP,REP,False
2022,state_house,labor_commissioner,state_house_labor_commissioner_2004.json,75,3307492,3307492,0,True,26.84,26.84,0.0,REP,REP,False
2022,state_house,labor_commissioner,state_house_labor_commissioner_2004.json,76,3307492,3307492,0,True,16.56,16.56,0.0,REP,REP,False
2022,state_house,labor_commissioner,state_house_labor_commissioner_2004.json,77,3307492,3307492,0,True,39.34,39.34,0.0,REP,REP,False
2022,state_house,labor_commissioner,state_house_labor_commissioner_2004.json,78,3307492,3307492,0,True,32.72,32.72,0.0,REP,REP,False
2022,state_house,labor_commissioner,state_house_labor_commissioner_2004.json,79,3307492,3307492,0,True,5.48,5.48,0.0,REP,REP,False
2022,state_house,labor_commissioner,state_house_labor_commissioner_2004.json,80,3307492,3307492,0,True,37.97,37.97,0.0,REP,REP,False
2022,state_house,labor_commissioner,state_house_labor_commissioner_2004.json,81,3307492,3307492,0,True,21.26,21.26,0.0,REP,REP,False
2022,state_house,labor_commissioner,state_house_labor_commissioner_2004.json,82,3307492,3307492,0,True,26.69,26.69,0.0,REP,REP,False
2022,state_house,labor_commissioner,state_house_labor_commissioner_2004.json,83,3307492,3307492,0,True,38.98,38.98,0.0,REP,REP,False
2022,state_house,labor_commissioner,state_house_labor_commissioner_2004.json,84,3307492,3307492,0,True,18.19,18.19,0.0,REP,REP,False
2022,state_house,labor_commissioner,state_house_labor_commissioner_2004.json,85,3307492,3307492,0,True,23.0,23.0,0.0,REP,REP,False
2022,state_house,labor_commissioner,state_house_labor_commissioner_2004.json,86,3307492,3307492,0,True,16.92,16.92,0.0,REP,REP,False
2022,state_house,labor_commissioner,state_house_labor_commissioner_2004.json,87,3307492,3307492,0,True,28.25,28.25,0.0,REP,REP,False
2022,state_house,labor_commissioner,state_house_labor_commissioner_2004.json,88,3307492,3307492,0,True,-20.39,-20.39,0.0,DEM,DEM,False
2022,state_house,labor_commissioner,state_house_labor_commissioner_2004.json,89,3307492,3307492,0,True,38.08,38.08,0.0,REP,REP,False
2022,state_house,labor_commissioner,state_house_labor_commissioner_2004.json,90,3307492,3307492,0,True,22.36,22.36,0.0,REP,REP,False
2022,state_house,labor_commissioner,state_house_labor_commissioner_2004.json,91,3307492,3307492,0,True,25.31,25.31,0.0,REP,REP,False
2022,state_house,labor_commissioner,state_house_labor_commissioner_2004.json,92,3307492,3307492,0,True,-9.59,-9.59,0.0,DEM,DEM,False
2022,state_house,labor_commissioner,state_house_labor_commissioner_2004.json,93,3307492,3307492,0,True,6.72,6.72,0.0,REP,REP,False
2022,state_house,labor_commissioner,state_house_labor_commissioner_2004.json,94,3307492,3307492,0,True,28.35,28.35,0.0,REP,REP,False
2022,state_house,labor_commissioner,state_house_labor_commissioner_2004.json,95,3307492,3307492,0,True,34.27,34.27,0.0,REP,REP,False
2022,state_house,labor_commissioner,state_house_labor_commissioner_2004.json,96,3307492,3307492,0,True,35.38,35.38,0.0,REP,REP,False
2022,state_house,labor_commissioner,state_house_labor_commissioner_2004.json,97,3307492,3307492,0,True,31.17,31.17,0.0,REP,REP,False
2022,state_house,labor_commissioner,state_house_labor_commissioner_2004.json,98,3307492,3307492,0,True,32.64,32.64,0.0,REP,REP,False
2022,state_house,labor_commissioner,state_house_labor_commissioner_2004.json,99,3307492,3307492,0,True,-48.53,-48.53,0.0,DEM,DEM,False
2022,state_house,labor_commissioner,state_house_labor_commissioner_2004.json,100,3307492,3307492,0,True,-28.82,-28.82,0.0,DEM,DEM,False
2022,state_house,labor_commissioner,state_house_labor_commissioner_2004.json,101,3307492,3307492,0,True,-27.71,-27.71,0.0,DEM,DEM,False
2022,state_house,labor_commissioner,state_house_labor_commissioner_2004.json,102,3307492,3307492,0,True,-45.31,-45.31,0.0,DEM,DEM,False
2022,state_house,labor_commissioner,state_house_labor_commissioner_2004.json,103,3307492,3307492,0,True,35.96,35.96,0.0,REP,REP,False
2022,state_house,labor_commissioner,state_house_labor_commissioner_2004.json,104,3307492,3307492,0,True,33.25,33.25,0.0,REP,REP,False
2022,state_house,labor_commissioner,state_house_labor_commissioner_2004.json,105,3307492,3307492,0,True,27.62,27.62,0.0,REP,REP,False
2022,state_house,labor_commissioner,state_house_labor_commissioner_2004.json,106,3307492,3307492,0,True,6.11,6.11,0.0,REP,REP,False
2022,state_house,labor_commissioner,state_house_labor_commissioner_2004.json,107,3307492,3307492,0,True,-36.76,-36.76,0.0,DEM,DEM,False
2022,state_house,labor_commissioner,state_house_labor_commissioner_2004.json,108,3307492,3307492,0,True,37.51,37.51,0.0,REP,REP,False
2022,state_house,labor_commissioner,state_house_labor_commissioner_2004.json,109,3307492,3307492,0,True,31.72,31.72,0.0,REP,REP,False
2022,state_house,labor_commissioner,state_house_labor_commissioner_2004.json,110,3307492,3307492,0,True,14.75,14.75,0.0,REP,REP,False
2022,state_house,labor_commissioner,state_house_labor_commissioner_2004.json,111,3307492,3307492,0,True,11.88,11.88,0.0,REP,REP,False
2022,state_house,labor_commissioner,state_house_labor_commissioner_2004.json,112,3307492,3307492,0,True,5.43,5.43,0.0,REP,REP,False
2022,state_house,labor_commissioner,state_house_labor_commissioner_2004.json,113,3307492,3307492,0,True,17.3,17.3,0.0,REP,REP,False
2022,state_house,labor_commissioner,state_house_labor_commissioner_2004.json,114,3307492,3307492,0,True,-9.58,-9.58,0.0,DEM,DEM,False
2022,state_house,labor_commissioner,state_house_labor_commissioner_2004.json,115,3307492,3307492,0,True,13.68,13.68,0.0,REP,REP,False
2022,state_house,labor_commissioner,state_house_labor_commissioner_2004.json,116,3307492,3307492,0,True,-9.73,-9.73,0.0,DEM,DEM,False
2022,state_house,labor_commissioner,state_house_labor_commissioner_2004.json,117,3307492,3307492,0,True,25.19,25.19,0.0,REP,REP,False
2022,state_house,labor_commissioner,state_house_labor_commissioner_2004.json,118,3307492,3307492,0,True,-3.58,-3.58,0.0,DEM,DEM,False
2022,state_house,labor_commissioner,state_house_labor_commissioner_2004.json,119,3307492,3307492,0,True,3.8,3.8,0.0,REP,REP,False
2022,state_house,labor_commissioner,state_house_labor_commissioner_2004.json,120,3307492,3307492,0,True,18.5,18.5,0.0,REP,REP,False
2022,state_house,lieutenant_governor,state_house_lieutenant_governor_2004.json,1,3398470,3398472,2,True,-10.31,-10.31,0.0,DEM,DEM,False
2022,state_house,lieutenant_governor,state_house_lieutenant_governor_2004.json,2,3398470,3398472,2,True,-29.51,-29.51,0.0,DEM,DEM,False
2022,state_house,lieutenant_governor,state_house_lieutenant_governor_2004.json,3,3398470,3398472,2,True,-24.22,-24.22,0.0,DEM,DEM,False
2022,state_house,lieutenant_governor,state_house_lieutenant_governor_2004.json,4,3398470,3398472,2,True,-21.55,-21.55,0.0,DEM,DEM,False
2022,state_house,lieutenant_governor,state_house_lieutenant_governor_2004.json,5,3398470,3398472,2,True,-28.97,-28.97,0.0,DEM,DEM,False
2022,state_house,lieutenant_governor,state_house_lieutenant_governor_2004.json,6,3398470,3398472,2,True,-14.1,-14.1,0.0,DEM,DEM,False
2022,state_house,lieutenant_governor,state_house_lieutenant_governor_2004.json,7,3398470,3398472,2,True,-28.5,-28.5,0.0,DEM,DEM,False
2022,state_house,lieutenant_governor,state_house_lieutenant_governor_2004.json,8,3398470,3398472,2,True,-28.74,-28.74,0.0,DEM,DEM,False
2022,state_house,lieutenant_governor,state_house_lieutenant_governor_2004.json,9,3398470,3398472,2,True,-16.59,-16.59,0.0,DEM,DEM,False
2022,state_house,lieutenant_governor,state_house_lieutenant_governor_2004.json,10,3398470,3398472,2,True,-13.55,-13.55,0.0,DEM,DEM,False
2022,state_house,lieutenant_governor,state_house_lieutenant_governor_2004.json,11,3398470,3398472,2,True,-20.78,-20.78,0.0,DEM,DEM,False
2022,state_house,lieutenant_governor,state_house_lieutenant_governor_2004.json,12,3398470,3398472,2,True,-33.03,-33.03,0.0,DEM,DEM,False
2022,state_house,lieutenant_governor,state_house_lieutenant_governor_2004.json,13,3398470,3398472,2,True,-15.38,-15.38,0.0,DEM,DEM,False
2022,state_house,lieutenant_governor,state_house_lieutenant_governor_2004.json,14,3398470,3398472,2,True,-10.39,-10.39,0.0,DEM,DEM,False
2022,state_house,lieutenant_governor,state_house_lieutenant_governor_2004.json,15,3398470,3398472,2,True,-7.76,-7.76,0.0,DEM,DEM,False
2022,state_house,lieutenant_governor,state_house_lieutenant_governor_2004.json,16,3398470,3398472,2,True,-9.95,-9.95,0.0,DEM,DEM,False
2022,state_house,lieutenant_governor,state_house_lieutenant_governor_2004.json,17,3398470,3398472,2,True,-11.06,-11.06,0.0,DEM,DEM,False
2022,state_house,lieutenant_governor,state_house_lieutenant_governor_2004.json,18,3398470,3398472,2,True,-22.11,-22.11,0.0,DEM,DEM,False
2022,state_house,lieutenant_governor,state_house_lieutenant_governor_2004.json,19,3398470,3398472,2,True,-7.06,-7.06,0.0,DEM,DEM,False
2022,state_house,lieutenant_governor,state_house_lieutenant_governor_2004.json,20,3398470,3398472,2,True,-6.16,-6.16,0.0,DEM,DEM,False
2022,state_house,lieutenant_governor,state_house_lieutenant_governor_2004.json,21,3398470,3398472,2,True,-10.2,-10.2,0.0,DEM,DEM,False
2022,state_house,lieutenant_governor,state_house_lieutenant_governor_2004.json,22,3398470,3398472,2,True,-26.74,-26.74,0.0,DEM,DEM,False
2022,state_house,lieutenant_governor,state_house_lieutenant_governor_2004.json,23,3398470,3398472,2,True,-54.27,-54.27,0.0,DEM,DEM,False
2022,state_house,lieutenant_governor,state_house_lieutenant_governor_2004.json,24,3398470,3398472,2,True,-24.04,-24.04,0.0,DEM,DEM,False
2022,state_house,lieutenant_governor,state_house_lieutenant_governor_2004.json,25,3398470,3398472,2,True,-24.48,-24.48,0.0,DEM,DEM,False
2022,state_house,lieutenant_governor,state_house_lieutenant_governor_2004.json,26,3398470,3398472,2,True,-2.4,-2.4,0.0,DEM,DEM,False
2022,state_house,lieutenant_governor,state_house_lieutenant_governor_2004.json,27,3398470,3398472,2,True,-56.27,-56.27,0.0,DEM,DEM,False
2022,state_house,lieutenant_governor,state_house_lieutenant_governor_2004.json,28,3398470,3398472,2,True,-8.72,-8.72,0.0,DEM,DEM,False
2022,state_house,lieutenant_governor,state_house_lieutenant_governor_2004.json,29,3398470,3398472,2,True,-53.3,-53.3,0.0,DEM,DEM,False
2022,state_house,lieutenant_governor,state_house_lieutenant_governor_2004.json,30,3398470,3398472,2,True,-57.57,-57.57,0.0,DEM,DEM,False
2022,state_house,lieutenant_governor,state_house_lieutenant_governor_2004.json,31,3398470,3398472,2,True,-60.15,-60.15,0.0,DEM,DEM,False
2022,state_house,lieutenant_governor,state_house_lieutenant_governor_2004.json,32,3398470,3398472,2,True,-42.48,-42.48,0.0,DEM,DEM,False
2022,state_house,lieutenant_governor,state_house_lieutenant_governor_2004.json,33,3398470,3398472,2,True,-21.11,-21.11,0.0,DEM,DEM,False
2022,state_house,lieutenant_governor,state_house_lieutenant_governor_2004.json,34,3398470,3398472,2,True,-24.77,-24.77,0.0,DEM,DEM,False
2022,state_house,lieutenant_governor,state_house_lieutenant_governor_2004.json,35,3398470,3398472,2,True,-0.63,-0.63,0.0,DEM,DEM,False
2022,state_house,lieutenant_governor,state_house_lieutenant_governor_2004.json,36,3398470,3398472,2,True,-5.56,-5.56,0.0,DEM,DEM,False
2022,state_house,lieutenant_governor,state_house_lieutenant_governor_2004.json,37,3398470,3398472,2,True,-3.62,-3.62,0.0,DEM,DEM,False
2022,state_house,lieutenant_governor,state_house_lieutenant_governor_2004.json,38,3398470,3398472,2,True,-72.27,-72.27,0.0,DEM,DEM,False
2022,state_house,lieutenant_governor,state_house_lieutenant_governor_2004.json,39,3398470,3398472,2,True,-26.4,-26.4,0.0,DEM,DEM,False
2022,state_house,lieutenant_governor,state_house_lieutenant_governor_2004.json,40,3398470,3398472,2,True,-6.53,-6.53,0.0,DEM,DEM,False
2022,state_house,lieutenant_governor,state_house_lieutenant_governor_2004.json,41,3398470,3398472,2,True,-16.73,-16.73,0.0,DEM,DEM,False
2022,state_house,lieutenant_governor,state_house_lieutenant_governor_2004.json,42,3398470,3398472,2,True,-31.06,-31.06,0.0,DEM,DEM,False
2022,state_house,lieutenant_governor,state_house_lieutenant_governor_2004.json,43,3398470,3398472,2,True,-22.24,-22.24,0.0,DEM,DEM,False
2022,state_house,lieutenant_governor,state_house_lieutenant_governor_2004.json,44,3398470,3398472,2,True,-33.09,-33.09,0.0,DEM,DEM,False
2022,state_house,lieutenant_governor,state_house_lieutenant_governor_2004.json,45,3398470,3398472,2,True,-19.58,-19.58,0.0,DEM,DEM,False
2022,state_house,lieutenant_governor,state_house_lieutenant_governor_2004.json,46,3398470,3398472,2,True,-40.3,-40.3,0.0,DEM,DEM,False
2022,state_house,lieutenant_governor,state_house_lieutenant_governor_2004.json,47,3398470,3398472,2,True,-53.27,-53.27,0.0,DEM,DEM,False
2022,state_house,lieutenant_governor,state_house_lieutenant_governor_2004.json,48,3398470,3398472,2,True,-35.52,-35.52,0.0,DEM,DEM,False
2022,state_house,lieutenant_governor,state_house_lieutenant_governor_2004.json,49,3398470,3398472,2,True,-26.42,-26.42,0.0,DEM,DEM,False
2022,state_house,lieutenant_governor,state_house_lieutenant_governor_2004.json,50,3398470,3398472,2,True,-42.43,-42.43,0.0,DEM,DEM,False
2022,state_house,lieutenant_governor,state_house_lieutenant_governor_2004.json,51,3398470,3398472,2,True,-14.56,-14.56,0.0,DEM,DEM,False
2022,state_house,lieutenant_governor,state_house_lieutenant_governor_2004.json,52,3398470,3398472,2,True,-18.99,-18.99,0.0,DEM,DEM,False
2022,state_house,lieutenant_governor,state_house_lieutenant_governor_2004.json,53,3398470,3398472,2,True,0.23,0.23,0.0,REP,REP,False
2022,state_house,lieutenant_governor,state_house_lieutenant_governor_2004.json,54,3398470,3398472,2,True,-12.64,-12.64,0.0,DEM,DEM,False
2022,state_house,lieutenant_governor,state_house_lieutenant_governor_2004.json,55,3398470,3398472,2,True,-8.02,-8.02,0.0,DEM,DEM,False
2022,state_house,lieutenant_governor,state_house_lieutenant_governor_2004.json,56,3398470,3398472,2,True,-47.65,-47.65,0.0,DEM,DEM,False
2022,state_house,lieutenant_governor,state_house_lieutenant_governor_2004.json,57,3398470,3398472,2,True,-6.19,-6.19,0.0,DEM,DEM,False
2022,state_house,lieutenant_governor,state_house_lieutenant_governor_2004.json,58,3398470,3398472,2,True,-34.99,-34.99,0.0,DEM,DEM,False
2022,state_house,lieutenant_governor,state_house_lieutenant_governor_2004.json,59,3398470,3398472,2,True,4.0,4.0,0.0,REP,REP,False
2022,state_house,lieutenant_governor,state_house_lieutenant_governor_2004.json,60,3398470,3398472,2,True,-18.76,-18.76,0.0,DEM,DEM,False
2022,state_house,lieutenant_governor,state_house_lieutenant_governor_2004.json,61,3398470,3398472,2,True,-50.36,-50.36,0.0,DEM,DEM,False
2022,state_house,lieutenant_governor,state_house_lieutenant_governor_2004.json,62,3398470,3398472,2,True,8.38,8.38,0.0,REP,REP,False
2022,state_house,lieutenant_governor,state_house_lieutenant_governor_2004.json,63,3398470,3398472,2,True,-17.07,-17.07,0.0,DEM,DEM,False
2022,state_house,lieutenant_governor,state_house_lieutenant_governor_2004.json,64,3398470,3398472,2,True,7.36,7.36,0.0,REP,REP,False
2022,state_house,lieutenant_governor,state_house_lieutenant_governor_2004.json,65,3398470,3398472,2,True,-10.42,-10.42,0.0,DEM,DEM,False
2022,state_house,lieutenant_governor,state_house_lieutenant_governor_2004.json,66,3398470,3398472,2,True,-30.58,-30.58,0.0,DEM,DEM,False
2022,state_house,lieutenant_governor,state_house_lieutenant_governor_2004.json,67,3398470,3398472,2,True,1.58,1.58,0.0,REP,REP,False
2022,state_house,lieutenant_governor,state_house_lieutenant_governor_2004.json,68,3398470,3398472,2,True,31.8,31.8,0.0,REP,REP,False
2022,state_house,lieutenant_governor,state_house_lieutenant_governor_2004.json,69,3398470,3398472,2,True,29.86,29.86,0.0,REP,REP,False
2022,state_house,lieutenant_governor,state_house_lieutenant_governor_2004.json,70,3398470,3398472,2,True,24.32,24.32,0.0,REP,REP,False
2022,state_house,lieutenant_governor,state_house_lieutenant_governor_2004.json,71,3398470,3398472,2,True,-32.62,-32.62,0.0,DEM,DEM,False
2022,state_house,lieutenant_governor,state_house_lieutenant_governor_2004.json,72,3398470,3398472,2,True,-42.5,-42.5,0.0,DEM,DEM,False
2022,state_house,lieutenant_governor,state_house_lieutenant_governor_2004.json,73,3398470,3398472,2,True,4.59,4.59,0.0,REP,REP,False
2022,state_house,lieutenant_governor,state_house_lieutenant_governor_2004.json,74,3398470,3398472,2,True,9.67,9.67,0.0,REP,REP,False
2022,state_house,lieutenant_governor,state_house_lieutenant_governor_2004.json,75,3398470,3398472,2,True,10.56,10.56,0.0,REP,REP,False
2022,state_house,lieutenant_governor,state_house_lieutenant_governor_2004.json,76,3398470,3398472,2,True,-0.63,-0.63,0.0,DEM,DEM,False
2022,state_house,lieutenant_governor,state_house_lieutenant_governor_2004.json,77,3398470,3398472,2,True,21.88,21.88,0.0,REP,REP,False
2022,state_house,lieutenant_governor,state_house_lieutenant_governor_2004.json,78,3398470,3398472,2,True,15.14,15.14,0.0,REP,REP,False
2022,state_house,lieutenant_governor,state_house_lieutenant_governor_2004.json,79,3398470,3398472,2,True,-19.34,-19.34,0.0,DEM,DEM,False
2022,state_house,lieutenant_governor,state_house_lieutenant_governor_2004.json,80,3398470,3398472,2,True,26.76,26.76,0.0,REP,REP,False
2022,state_house,lieutenant_governor,state_house_lieutenant_governor_2004.json,81,3398470,3398472,2,True,20.86,20.86,0.0,REP,REP,False
2022,state_house,lieutenant_governor,state_house_lieutenant_governor_2004.json,82,3398470,3398472,2,True,7.45,7.45,0.0,REP,REP,False
2022,state_house,lieutenant_governor,state_house_lieutenant_governor_2004.json,83,3398470,3398472,2,True,19.06,19.06,0.0,REP,REP,False
2022,state_house,lieutenant_governor,state_house_lieutenant_governor_2004.json,84,3398470,3398472,2,True,1.78,1.78,0.0,REP,REP,False
2022,state_house,lieutenant_governor,state_house_lieutenant_governor_2004.json,85,3398470,3398472,2,True,13.2,13.2,0.0,REP,REP,False
2022,state_house,lieutenant_governor,state_house_lieutenant_governor_2004.json,86,3398470,3398472,2,True,0.83,0.83,0.0,REP,REP,False
2022,state_house,lieutenant_governor,state_house_lieutenant_governor_2004.json,87,3398470,3398472,2,True,9.07,9.07,0.0,REP,REP,False
2022,state_house,lieutenant_governor,state_house_lieutenant_governor_2004.json,88,3398470,3398472,2,True,-35.38,-35.38,0.0,DEM,DEM,False
2022,state_house,lieutenant_governor,state_house_lieutenant_governor_2004.json,89,3398470,3398472,2,True,16.52,16.52,0.0,REP,REP,False
2022,state_house,lieutenant_governor,state_house_lieutenant_governor_2004.json,90,3398470,3398472,2,True,7.42,7.42,0.0,REP,REP,False
2022,state_house,lieutenant_governor,state_house_lieutenant_governor_2004.json,91,3398470,3398472,2,True,10.08,10.08,0.0,REP,REP,False
2022,state_house,lieutenant_governor,state_house_lieutenant_governor_2004.json,92,3398470,3398472,2,True,-20.47,-20.47,0.0,DEM,DEM,False
2022,state_house,lieutenant_governor,state_house_lieutenant_governor_2004.json,93,3398470,3398472,2,True,-3.63,-3.63,0.0,DEM,DEM,False
2022,state_house,lieutenant_governor,state_house_lieutenant_governor_2004.json,94,3398470,3398472,2,True,11.95,11.95,0.0,REP,REP,False
2022,state_house,lieutenant_governor,state_house_lieutenant_governor_2004.json,95,3398470,3398472,2,True,17.63,17.63,0.0,REP,REP,False
2022,state_house,lieutenant_governor,state_house_lieutenant_governor_2004.json,96,3398470,3398472,2,True,13.44,13.44,0.0,REP,REP,False
2022,state_house,lieutenant_governor,state_house_lieutenant_governor_2004.json,97,3398470,3398472,2,True,8.03,8.03,0.0,REP,REP,False
2022,state_house,lieutenant_governor,state_house_lieutenant_governor_2004.json,98,3398470,3398472,2,True,15.37,15.37,0.0,REP,REP,False
2022,state_house,lieutenant_governor,state_house_lieutenant_governor_2004.json,99,3398470,3398472,2,True,-55.48,-55.48,0.0,DEM,DEM,False
2022,state_house,lieutenant_governor,state_house_lieutenant_governor_2004.json,100,3398470,3398472,2,True,-40.76,-40.76,0.0,DEM,DEM,False
2022,state_house,lieutenant_governor,state_house_lieutenant_governor_2004.json,101,3398470,3398472,2,True,-36.29,-36.29,0.0,DEM,DEM,False
2022,state_house,lieutenant_governor,state_house_lieutenant_governor_2004.json,102,3398470,3398472,2,True,-55.37,-55.37,0.0,DEM,DEM,False
2022,state_house,lieutenant_governor,state_house_lieutenant_governor_2004.json,103,3398470,3398472,2,True,17.78,17.78,0.0,REP,REP,False
2022,state_house,lieutenant_governor,state_house_lieutenant_governor_2004.json,104,3398470,3398472,2,True,8.91,8.91,0.0,REP,REP,False
2022,state_house,lieutenant_governor,state_house_lieutenant_governor_2004.json,105,3398470,3398472,2,True,10.9,10.9,0.0,REP,REP,False
2022,state_house,lieutenant_governor,state_house_lieutenant_governor_2004.json,106,3398470,3398472,2,True,-8.24,-8.24,0.0,DEM,DEM,False
2022,state_house,lieutenant_governor,state_house_lieutenant_governor_2004.json,107,3398470,3398472,2,True,-44.31,-44.31,0.0,DEM,DEM,False
2022,state_house,lieutenant_governor,state_house_lieutenant_governor_2004.json,108,3398470,3398472,2,True,18.5,18.5,0.0,REP,REP,False
2022,state_house,lieutenant_governor,state_house_lieutenant_governor_2004.json,109,3398470,3398472,2,True,11.14,11.14,0.0,REP,REP,False
2022,state_house,lieutenant_governor,state_house_lieutenant_governor_2004.json,110,3398470,3398472,2,True,-2.71,-2.71,0.0,DEM,DEM,False
2022,state_house,lieutenant_governor,state_house_lieutenant_governor_2004.json,111,3398470,3398472,2,True,-2.18,-2.18,0.0,DEM,DEM,False
2022,state_house,lieutenant_governor,state_house_lieutenant_governor_2004.json,112,3398470,3398472,2,True,-8.27,-8.27,0.0,DEM,DEM,False
2022,state_house,lieutenant_governor,state_house_lieutenant_governor_2004.json,113,3398470,3398472,2,True,5.94,5.94,0.0,REP,REP,False
2022,state_house,lieutenant_governor,state_house_lieutenant_governor_2004.json,114,3398470,3398472,2,True,-22.42,-22.42,0.0,DEM,DEM,False
2022,state_house,lieutenant_governor,state_house_lieutenant_governor_2004.json,115,3398470,3398472,2,True,-2.49,-2.49,0.0,DEM,DEM,False
2022,state_house,lieutenant_governor,state_house_lieutenant_governor_2004.json,116,3398470,3398472,2,True,-21.91,-21.91,0.0,DEM,DEM,False
2022,state_house,lieutenant_governor,state_house_lieutenant_governor_2004.json,117,3398470,3398472,2,True,13.86,13.86,0.0,REP,REP,False
2022,state_house,lieutenant_governor,state_house_lieutenant_governor_2004.json,118,3398470,3398472,2,True,-14.88,-14.88,0.0,DEM,DEM,False
2022,state_house,lieutenant_governor,state_house_lieutenant_governor_2004.json,119,3398470,3398472,2,True,-6.27,-6.27,0.0,DEM,DEM,False
2022,state_house,lieutenant_governor,state_house_lieutenant_governor_2004.json,120,3398470,3398472,2,True,12.4,12.4,0.0,REP,REP,False
2022,state_house,nc_court_of_appeals_judge_seat_04,state_house_nc_court_of_appeals_judge_seat_04_2004.json,1,2632583,2632585,2,True,-11.87,-11.87,0.0,DEM,DEM,False
2022,state_house,nc_court_of_appeals_judge_seat_04,state_house_nc_court_of_appeals_judge_seat_04_2004.json,2,2632583,2632585,2,True,-24.14,-24.14,0.0,DEM,DEM,False
2022,state_house,nc_court_of_appeals_judge_seat_04,state_house_nc_court_of_appeals_judge_seat_04_2004.json,3,2632583,2632585,2,True,-5.67,-5.67,0.0,DEM,DEM,False
2022,state_house,nc_court_of_appeals_judge_seat_04,state_house_nc_court_of_appeals_judge_seat_04_2004.json,4,2632583,2632585,2,True,-11.87,-11.87,0.0,DEM,DEM,False
2022,state_house,nc_court_of_appeals_judge_seat_04,state_house_nc_court_of_appeals_judge_seat_04_2004.json,5,2632583,2632585,2,True,-21.87,-21.87,0.0,DEM,DEM,False
2022,state_house,nc_court_of_appeals_judge_seat_04,state_house_nc_court_of_appeals_judge_seat_04_2004.json,6,2632583,2632585,2,True,-9.82,-9.82,0.0,DEM,DEM,False
2022,state_house,nc_court_of_appeals_judge_seat_04,state_house_nc_court_of_appeals_judge_seat_04_2004.json,7,2632583,2632585,2,True,-22.86,-22.86,0.0,DEM,DEM,False
2022,state_house,nc_court_of_appeals_judge_seat_04,state_house_nc_court_of_appeals_judge_seat_04_2004.json,8,2632583,2632585,2,True,-17.87,-17.87,0.0,DEM,DEM,False
2022,state_house,nc_court_of_appeals_judge_seat_04,state_house_nc_court_of_appeals_judge_seat_04_2004.json,9,2632583,2632585,2,True,-9.17,-9.17,0.0,DEM,DEM,False
2022,state_house,nc_court_of_appeals_judge_seat_04,state_house_nc_court_of_appeals_judge_seat_04_2004.json,10,2632583,2632585,2,True,-3.52,-3.52,0.0,DEM,DEM,False
2022,state_house,nc_court_of_appeals_judge_seat_04,state_house_nc_court_of_appeals_judge_seat_04_2004.json,11,2632583,2632585,2,True,-18.76,-18.76,0.0,DEM,DEM,False
2022,state_house,nc_court_of_appeals_judge_seat_04,state_house_nc_court_of_appeals_judge_seat_04_2004.json,12,2632583,2632585,2,True,-13.33,-13.33,0.0,DEM,DEM,False
2022,state_house,nc_court_of_appeals_judge_seat_04,state_house_nc_court_of_appeals_judge_seat_04_2004.json,13,2632583,2632585,2,True,-8.35,-8.35,0.0,DEM,DEM,False
2022,state_house,nc_court_of_appeals_judge_seat_04,state_house_nc_court_of_appeals_judge_seat_04_2004.json,14,2632583,2632585,2,True,-13.36,-13.36,0.0,DEM,DEM,False
2022,state_house,nc_court_of_appeals_judge_seat_04,state_house_nc_court_of_appeals_judge_seat_04_2004.json,15,2632583,2632585,2,True,-4.02,-4.02,0.0,DEM,DEM,False
2022,state_house,nc_court_of_appeals_judge_seat_04,state_house_nc_court_of_appeals_judge_seat_04_2004.json,16,2632583,2632585,2,True,-5.25,-5.25,0.0,DEM,DEM,False
2022,state_house,nc_court_of_appeals_judge_seat_04,state_house_nc_court_of_appeals_judge_seat_04_2004.json,17,2632583,2632585,2,True,-21.3,-21.3,0.0,DEM,DEM,False
2022,state_house,nc_court_of_appeals_judge_seat_04,state_house_nc_court_of_appeals_judge_seat_04_2004.json,18,2632583,2632585,2,True,-22.09,-22.09,0.0,DEM,DEM,False
2022,state_house,nc_court_of_appeals_judge_seat_04,state_house_nc_court_of_appeals_judge_seat_04_2004.json,19,2632583,2632585,2,True,-14.99,-14.99,0.0,DEM,DEM,False
2022,state_house,nc_court_of_appeals_judge_seat_04,state_house_nc_court_of_appeals_judge_seat_04_2004.json,20,2632583,2632585,2,True,-6.4,-6.4,0.0,DEM,DEM,False
2022,state_house,nc_court_of_appeals_judge_seat_04,state_house_nc_court_of_appeals_judge_seat_04_2004.json,21,2632583,2632585,2,True,-15.61,-15.61,0.0,DEM,DEM,False
2022,state_house,nc_court_of_appeals_judge_seat_04,state_house_nc_court_of_appeals_judge_seat_04_2004.json,22,2632583,2632585,2,True,-14.51,-14.51,0.0,DEM,DEM,False
2022,state_house,nc_court_of_appeals_judge_seat_04,state_house_nc_court_of_appeals_judge_seat_04_2004.json,23,2632583,2632585,2,True,-33.48,-33.48,0.0,DEM,DEM,False
2022,state_house,nc_court_of_appeals_judge_seat_04,state_house_nc_court_of_appeals_judge_seat_04_2004.json,24,2632583,2632585,2,True,-11.78,-11.78,0.0,DEM,DEM,False
2022,state_house,nc_court_of_appeals_judge_seat_04,state_house_nc_court_of_appeals_judge_seat_04_2004.json,25,2632583,2632585,2,True,-9.38,-9.38,0.0,DEM,DEM,False
2022,state_house,nc_court_of_appeals_judge_seat_04,state_house_nc_court_of_appeals_judge_seat_04_2004.json,26,2632583,2632585,2,True,2.55,2.55,0.0,REP,REP,False
2022,state_house,nc_court_of_appeals_judge_seat_04,state_house_nc_court_of_appeals_judge_seat_04_2004.json,27,2632583,2632585,2,True,-36.92,-36.92,0.0,DEM,DEM,False
2022,state_house,nc_court_of_appeals_judge_seat_04,state_house_nc_court_of_appeals_judge_seat_04_2004.json,28,2632583,2632585,2,True,-2.6,-2.6,0.0,DEM,DEM,False
2022,state_house,nc_court_of_appeals_judge_seat_04,state_house_nc_court_of_appeals_judge_seat_04_2004.json,29,2632583,2632585,2,True,-51.86,-51.86,0.0,DEM,DEM,False
2022,state_house,nc_court_of_appeals_judge_seat_04,state_house_nc_court_of_appeals_judge_seat_04_2004.json,30,2632583,2632585,2,True,-52.64,-52.64,0.0,DEM,DEM,False
2022,state_house,nc_court_of_appeals_judge_seat_04,state_house_nc_court_of_appeals_judge_seat_04_2004.json,31,2632583,2632585,2,True,-53.43,-53.43,0.0,DEM,DEM,False
2022,state_house,nc_court_of_appeals_judge_seat_04,state_house_nc_court_of_appeals_judge_seat_04_2004.json,32,2632583,2632585,2,True,-29.47,-29.47,0.0,DEM,DEM,False
2022,state_house,nc_court_of_appeals_judge_seat_04,state_house_nc_court_of_appeals_judge_seat_04_2004.json,33,2632583,2632585,2,True,-20.61,-20.61,0.0,DEM,DEM,False
2022,state_house,nc_court_of_appeals_judge_seat_04,state_house_nc_court_of_appeals_judge_seat_04_2004.json,34,2632583,2632585,2,True,-17.93,-17.93,0.0,DEM,DEM,False
2022,state_house,nc_court_of_appeals_judge_seat_04,state_house_nc_court_of_appeals_judge_seat_04_2004.json,35,2632583,2632585,2,True,-1.28,-1.28,0.0,DEM,DEM,False
2022,state_house,nc_court_of_appeals_judge_seat_04,state_house_nc_court_of_appeals_judge_seat_04_2004.json,36,2632583,2632585,2,True,-3.95,-3.95,0.0,DEM,DEM,False
2022,state_house,nc_court_of_appeals_judge_seat_04,state_house_nc_court_of_appeals_judge_seat_04_2004.json,37,2632583,2632585,2,True,-1.54,-1.54,0.0,DEM,DEM,False
2022,state_house,nc_court_of_appeals_judge_seat_04,state_house_nc_court_of_appeals_judge_seat_04_2004.json,38,2632583,2632585,2,True,-61.86,-61.86,0.0,DEM,DEM,False
2022,state_house,nc_court_of_appeals_judge_seat_04,state_house_nc_court_of_appeals_judge_seat_04_2004.json,39,2632583,2632585,2,True,-26.4,-26.4,0.0,DEM,DEM,False
2022,state_house,nc_court_of_appeals_judge_seat_04,state_house_nc_court_of_appeals_judge_seat_04_2004.json,40,2632583,2632585,2,True,-3.18,-3.18,0.0,DEM,DEM,False
2022,state_house,nc_court_of_appeals_judge_seat_04,state_house_nc_court_of_appeals_judge_seat_04_2004.json,41,2632583,2632585,2,True,-13.31,-13.31,0.0,DEM,DEM,False
2022,state_house,nc_court_of_appeals_judge_seat_04,state_house_nc_court_of_appeals_judge_seat_04_2004.json,42,2632583,2632585,2,True,-37.02,-37.02,0.0,DEM,DEM,False
2022,state_house,nc_court_of_appeals_judge_seat_04,state_house_nc_court_of_appeals_judge_seat_04_2004.json,43,2632583,2632585,2,True,-22.84,-22.84,0.0,DEM,DEM,False
2022,state_house,nc_court_of_appeals_judge_seat_04,state_house_nc_court_of_appeals_judge_seat_04_2004.json,44,2632583,2632585,2,True,-30.66,-30.66,0.0,DEM,DEM,False
2022,state_house,nc_court_of_appeals_judge_seat_04,state_house_nc_court_of_appeals_judge_seat_04_2004.json,45,2632583,2632585,2,True,-23.82,-23.82,0.0,DEM,DEM,False
2022,state_house,nc_court_of_appeals_judge_seat_04,state_house_nc_court_of_appeals_judge_seat_04_2004.json,46,2632583,2632585,2,True,-21.61,-21.61,0.0,DEM,DEM,False
2022,state_house,nc_court_of_appeals_judge_seat_04,state_house_nc_court_of_appeals_judge_seat_04_2004.json,47,2632583,2632585,2,True,-31.88,-31.88,0.0,DEM,DEM,False
2022,state_house,nc_court_of_appeals_judge_seat_04,state_house_nc_court_of_appeals_judge_seat_04_2004.json,48,2632583,2632585,2,True,-18.35,-18.35,0.0,DEM,DEM,False
2022,state_house,nc_court_of_appeals_judge_seat_04,state_house_nc_court_of_appeals_judge_seat_04_2004.json,49,2632583,2632585,2,True,-22.53,-22.53,0.0,DEM,DEM,False
2022,state_house,nc_court_of_appeals_judge_seat_04,state_house_nc_court_of_appeals_judge_seat_04_2004.json,50,2632583,2632585,2,True,-41.13,-41.13,0.0,DEM,DEM,False
2022,state_house,nc_court_of_appeals_judge_seat_04,state_house_nc_court_of_appeals_judge_seat_04_2004.json,51,2632583,2632585,2,True,-14.58,-14.58,0.0,DEM,DEM,False
2022,state_house,nc_court_of_appeals_judge_seat_04,state_house_nc_court_of_appeals_judge_seat_04_2004.json,52,2632583,2632585,2,True,-17.3,-17.3,0.0,DEM,DEM,False
2022,state_house,nc_court_of_appeals_judge_seat_04,state_house_nc_court_of_appeals_judge_seat_04_2004.json,53,2632583,2632585,2,True,-0.96,-0.96,0.0,DEM,DEM,False
2022,state_house,nc_court_of_appeals_judge_seat_04,state_house_nc_court_of_appeals_judge_seat_04_2004.json,54,2632583,2632585,2,True,-13.41,-13.41,0.0,DEM,DEM,False
2022,state_house,nc_court_of_appeals_judge_seat_04,state_house_nc_court_of_appeals_judge_seat_04_2004.json,55,2632583,2632585,2,True,-4.78,-4.78,0.0,DEM,DEM,False
2022,state_house,nc_court_of_appeals_judge_seat_04,state_house_nc_court_of_appeals_judge_seat_04_2004.json,56,2632583,2632585,2,True,-46.43,-46.43,0.0,DEM,DEM,False
2022,state_house,nc_court_of_appeals_judge_seat_04,state_house_nc_court_of_appeals_judge_seat_04_2004.json,57,2632583,2632585,2,True,-23.02,-23.02,0.0,DEM,DEM,False
2022,state_house,nc_court_of_appeals_judge_seat_04,state_house_nc_court_of_appeals_judge_seat_04_2004.json,58,2632583,2632585,2,True,-39.85,-39.85,0.0,DEM,DEM,False
2022,state_house,nc_court_of_appeals_judge_seat_04,state_house_nc_court_of_appeals_judge_seat_04_2004.json,59,2632583,2632585,2,True,-12.16,-12.16,0.0,DEM,DEM,False
2022,state_house,nc_court_of_appeals_judge_seat_04,state_house_nc_court_of_appeals_judge_seat_04_2004.json,60,2632583,2632585,2,True,-24.13,-24.13,0.0,DEM,DEM,False
2022,state_house,nc_court_of_appeals_judge_seat_04,state_house_nc_court_of_appeals_judge_seat_04_2004.json,61,2632583,2632585,2,True,-48.7,-48.7,0.0,DEM,DEM,False
2022,state_house,nc_court_of_appeals_judge_seat_04,state_house_nc_court_of_appeals_judge_seat_04_2004.json,62,2632583,2632585,2,True,-12.46,-12.46,0.0,DEM,DEM,False
2022,state_house,nc_court_of_appeals_judge_seat_04,state_house_nc_court_of_appeals_judge_seat_04_2004.json,63,2632583,2632585,2,True,-18.4,-18.4,0.0,DEM,DEM,False
2022,state_house,nc_court_of_appeals_judge_seat_04,state_house_nc_court_of_appeals_judge_seat_04_2004.json,64,2632583,2632585,2,True,2.19,2.19,0.0,REP,REP,False
2022,state_house,nc_court_of_appeals_judge_seat_04,state_house_nc_court_of_appeals_judge_seat_04_2004.json,65,2632583,2632585,2,True,-8.28,-8.28,0.0,DEM,DEM,False
2022,state_house,nc_court_of_appeals_judge_seat_04,state_house_nc_court_of_appeals_judge_seat_04_2004.json,66,2632583,2632585,2,True,-27.7,-27.7,0.0,DEM,DEM,False
2022,state_house,nc_court_of_appeals_judge_seat_04,state_house_nc_court_of_appeals_judge_seat_04_2004.json,67,2632583,2632585,2,True,-5.23,-5.23,0.0,DEM,DEM,False
2022,state_house,nc_court_of_appeals_judge_seat_04,state_house_nc_court_of_appeals_judge_seat_04_2004.json,68,2632583,2632585,2,True,15.53,15.53,0.0,REP,REP,False
2022,state_house,nc_court_of_appeals_judge_seat_04,state_house_nc_court_of_appeals_judge_seat_04_2004.json,69,2632583,2632585,2,True,12.96,12.96,0.0,REP,REP,False
2022,state_house,nc_court_of_appeals_judge_seat_04,state_house_nc_court_of_appeals_judge_seat_04_2004.json,70,2632583,2632585,2,True,8.15,8.15,0.0,REP,REP,False
2022,state_house,nc_court_of_appeals_judge_seat_04,state_house_nc_court_of_appeals_judge_seat_04_2004.json,71,2632583,2632585,2,True,-38.08,-38.08,0.0,DEM,DEM,False
2022,state_house,nc_court_of_appeals_judge_seat_04,state_house_nc_court_of_appeals_judge_seat_04_2004.json,72,2632583,2632585,2,True,-42.25,-42.25,0.0,DEM,DEM,False
2022,state_house,nc_court_of_appeals_judge_seat_04,state_house_nc_court_of_appeals_judge_seat_04_2004.json,73,2632583,2632585,2,True,-25.16,-25.16,0.0,DEM,DEM,False
2022,state_house,nc_court_of_appeals_judge_seat_04,state_house_nc_court_of_appeals_judge_seat_04_2004.json,74,2632583,2632585,2,True,-6.5,-6.5,0.0,DEM,DEM,False
2022,state_house,nc_court_of_appeals_judge_seat_04,state_house_nc_court_of_appeals_judge_seat_04_2004.json,75,2632583,2632585,2,True,-4.58,-4.58,0.0,DEM,DEM,False
2022,state_house,nc_court_of_appeals_judge_seat_04,state_house_nc_court_of_appeals_judge_seat_04_2004.json,76,2632583,2632585,2,True,-8.59,-8.59,0.0,DEM,DEM,False
2022,state_house,nc_court_of_appeals_judge_seat_04,state_house_nc_court_of_appeals_judge_seat_04_2004.json,77,2632583,2632585,2,True,4.0,4.0,0.0,REP,REP,False
2022,state_house,nc_court_of_appeals_judge_seat_04,state_house_nc_court_of_appeals_judge_seat_04_2004.json,78,2632583,2632585,2,True,10.29,10.29,0.0,REP,REP,False
2022,state_house,nc_court_of_appeals_judge_seat_04,state_house_nc_court_of_appeals_judge_seat_04_2004.json,79,2632583,2632585,2,True,-8.74,-8.74,0.0,DEM,DEM,False
2022,state_house,nc_court_of_appeals_judge_seat_04,state_house_nc_court_of_appeals_judge_seat_04_2004.json,80,2632583,2632585,2,True,0.98,0.98,0.0,REP,REP,False
2022,state_house,nc_court_of_appeals_judge_seat_04,state_house_nc_court_of_appeals_judge_seat_04_2004.json,81,2632583,2632585,2,True,-5.11,-5.11,0.0,DEM,DEM,False
2022,state_house,nc_court_of_appeals_judge_seat_04,state_house_nc_court_of_appeals_judge_seat_04_2004.json,82,2632583,2632585,2,True,-23.22,-23.22,0.0,DEM,DEM,False
2022,state_house,nc_court_of_appeals_judge_seat_04,state_house_nc_court_of_appeals_judge_seat_04_2004.json,83,2632583,2632585,2,True,-7.88,-7.88,0.0,DEM,DEM,False
2022,state_house,nc_court_of_appeals_judge_seat_04,state_house_nc_court_of_appeals_judge_seat_04_2004.json,84,2632583,2632585,2,True,2.44,2.44,0.0,REP,REP,False
2022,state_house,nc_court_of_appeals_judge_seat_04,state_house_nc_court_of_appeals_judge_seat_04_2004.json,85,2632583,2632585,2,True,-5.13,-5.13,0.0,DEM,DEM,False
2022,state_house,nc_court_of_appeals_judge_seat_04,state_house_nc_court_of_appeals_judge_seat_04_2004.json,86,2632583,2632585,2,True,-8.51,-8.51,0.0,DEM,DEM,False
2022,state_house,nc_court_of_appeals_judge_seat_04,state_house_nc_court_of_appeals_judge_seat_04_2004.json,87,2632583,2632585,2,True,-1.28,-1.28,0.0,DEM,DEM,False
2022,state_house,nc_court_of_appeals_judge_seat_04,state_house_nc_court_of_appeals_judge_seat_04_2004.json,88,2632583,2632585,2,True,-34.96,-34.96,0.0,DEM,DEM,False
2022,state_house,nc_court_of_appeals_judge_seat_04,state_house_nc_court_of_appeals_judge_seat_04_2004.json,89,2632583,2632585,2,True,0.99,0.99,0.0,REP,REP,False
2022,state_house,nc_court_of_appeals_judge_seat_04,state_house_nc_court_of_appeals_judge_seat_04_2004.json,90,2632583,2632585,2,True,0.69,0.69,0.0,REP,REP,False
2022,state_house,nc_court_of_appeals_judge_seat_04,state_house_nc_court_of_appeals_judge_seat_04_2004.json,91,2632583,2632585,2,True,-1.69,-1.69,0.0,DEM,DEM,False
2022,state_house,nc_court_of_appeals_judge_seat_04,state_house_nc_court_of_appeals_judge_seat_04_2004.json,92,2632583,2632585,2,True,-26.97,-26.97,0.0,DEM,DEM,False
2022,state_house,nc_court_of_appeals_judge_seat_04,state_house_nc_court_of_appeals_judge_seat_04_2004.json,93,2632583,2632585,2,True,-15.28,-15.28,0.0,DEM,DEM,False
2022,state_house,nc_court_of_appeals_judge_seat_04,state_house_nc_court_of_appeals_judge_seat_04_2004.json,94,2632583,2632585,2,True,0.9,0.9,0.0,REP,REP,False
2022,state_house,nc_court_of_appeals_judge_seat_04,state_house_nc_court_of_appeals_judge_seat_04_2004.json,95,2632583,2632585,2,True,2.79,2.79,0.0,REP,REP,False
2022,state_house,nc_court_of_appeals_judge_seat_04,state_house_nc_court_of_appeals_judge_seat_04_2004.json,96,2632583,2632585,2,True,-15.55,-15.55,0.0,DEM,DEM,False
2022,state_house,nc_court_of_appeals_judge_seat_04,state_house_nc_court_of_appeals_judge_seat_04_2004.json,97,2632583,2632585,2,True,3.81,3.81,0.0,REP,REP,False
2022,state_house,nc_court_of_appeals_judge_seat_04,state_house_nc_court_of_appeals_judge_seat_04_2004.json,98,2632583,2632585,2,True,-6.57,-6.57,0.0,DEM,DEM,False
2022,state_house,nc_court_of_appeals_judge_seat_04,state_house_nc_court_of_appeals_judge_seat_04_2004.json,99,2632583,2632585,2,True,-48.99,-48.99,0.0,DEM,DEM,False
2022,state_house,nc_court_of_appeals_judge_seat_04,state_house_nc_court_of_appeals_judge_seat_04_2004.json,100,2632583,2632585,2,True,-37.74,-37.74,0.0,DEM,DEM,False
2022,state_house,nc_court_of_appeals_judge_seat_04,state_house_nc_court_of_appeals_judge_seat_04_2004.json,101,2632583,2632585,2,True,-35.05,-35.05,0.0,DEM,DEM,False
2022,state_house,nc_court_of_appeals_judge_seat_04,state_house_nc_court_of_appeals_judge_seat_04_2004.json,102,2632583,2632585,2,True,-49.24,-49.24,0.0,DEM,DEM,False
2022,state_house,nc_court_of_appeals_judge_seat_04,state_house_nc_court_of_appeals_judge_seat_04_2004.json,103,2632583,2632585,2,True,-3.24,-3.24,0.0,DEM,DEM,False
2022,state_house,nc_court_of_appeals_judge_seat_04,state_house_nc_court_of_appeals_judge_seat_04_2004.json,104,2632583,2632585,2,True,-8.79,-8.79,0.0,DEM,DEM,False
2022,state_house,nc_court_of_appeals_judge_seat_04,state_house_nc_court_of_appeals_judge_seat_04_2004.json,105,2632583,2632585,2,True,-9.99,-9.99,0.0,DEM,DEM,False
2022,state_house,nc_court_of_appeals_judge_seat_04,state_house_nc_court_of_appeals_judge_seat_04_2004.json,106,2632583,2632585,2,True,-19.69,-19.69,0.0,DEM,DEM,False
2022,state_house,nc_court_of_appeals_judge_seat_04,state_house_nc_court_of_appeals_judge_seat_04_2004.json,107,2632583,2632585,2,True,-42.01,-42.01,0.0,DEM,DEM,False
2022,state_house,nc_court_of_appeals_judge_seat_04,state_house_nc_court_of_appeals_judge_seat_04_2004.json,108,2632583,2632585,2,True,-1.4,-1.4,0.0,DEM,DEM,False
2022,state_house,nc_court_of_appeals_judge_seat_04,state_house_nc_court_of_appeals_judge_seat_04_2004.json,109,2632583,2632585,2,True,-5.86,-5.86,0.0,DEM,DEM,False
2022,state_house,nc_court_of_appeals_judge_seat_04,state_house_nc_court_of_appeals_judge_seat_04_2004.json,110,2632583,2632585,2,True,-7.14,-7.14,0.0,DEM,DEM,False
2022,state_house,nc_court_of_appeals_judge_seat_04,state_house_nc_court_of_appeals_judge_seat_04_2004.json,111,2632583,2632585,2,True,-4.39,-4.39,0.0,DEM,DEM,False
2022,state_house,nc_court_of_appeals_judge_seat_04,state_house_nc_court_of_appeals_judge_seat_04_2004.json,112,2632583,2632585,2,True,-18.19,-18.19,0.0,DEM,DEM,False
2022,state_house,nc_court_of_appeals_judge_seat_04,state_house_nc_court_of_appeals_judge_seat_04_2004.json,113,2632583,2632585,2,True,-5.53,-5.53,0.0,DEM,DEM,False
2022,state_house,nc_court_of_appeals_judge_seat_04,state_house_nc_court_of_appeals_judge_seat_04_2004.json,114,2632583,2632585,2,True,-25.15,-25.15,0.0,DEM,DEM,False
2022,state_house,nc_court_of_appeals_judge_seat_04,state_house_nc_court_of_appeals_judge_seat_04_2004.json,115,2632583,2632585,2,True,-10.87,-10.87,0.0,DEM,DEM,False
2022,state_house,nc_court_of_appeals_judge_seat_04,state_house_nc_court_of_appeals_judge_seat_04_2004.json,116,2632583,2632585,2,True,-23.93,-23.93,0.0,DEM,DEM,False
2022,state_house,nc_court_of_appeals_judge_seat_04,state_house_nc_court_of_appeals_judge_seat_04_2004.json,117,2632583,2632585,2,True,0.11,0.11,0.0,REP,REP,False
2022,state_house,nc_court_of_appeals_judge_seat_04,state_house_nc_court_of_appeals_judge_seat_04_2004.json,118,2632583,2632585,2,True,-8.75,-8.75,0.0,DEM,DEM,False
2022,state_house,nc_court_of_appeals_judge_seat_04,state_house_nc_court_of_appeals_judge_seat_04_2004.json,119,2632583,2632585,2,True,-8.32,-8.32,0.0,DEM,DEM,False
2022,state_house,nc_court_of_appeals_judge_seat_04,state_house_nc_court_of_appeals_judge_seat_04_2004.json,120,2632583,2632585,2,True,7.72,7.72,0.0,REP,REP,False
2022,state_house,nc_court_of_appeals_judge_seat_05,state_house_nc_court_of_appeals_judge_seat_05_2004.json,1,2600085,2600082,-3,True,-8.04,-8.04,0.0,DEM,DEM,False
2022,state_house,nc_court_of_appeals_judge_seat_05,state_house_nc_court_of_appeals_judge_seat_05_2004.json,2,2600085,2600082,-3,True,-19.02,-19.02,0.0,DEM,DEM,False
2022,state_house,nc_court_of_appeals_judge_seat_05,state_house_nc_court_of_appeals_judge_seat_05_2004.json,3,2600085,2600082,-3,True,22.5,22.5,0.0,REP,REP,False
2022,state_house,nc_court_of_appeals_judge_seat_05,state_house_nc_court_of_appeals_judge_seat_05_2004.json,4,2600085,2600082,-3,True,-15.12,-15.12,0.0,DEM,DEM,False
2022,state_house,nc_court_of_appeals_judge_seat_05,state_house_nc_court_of_appeals_judge_seat_05_2004.json,5,2600085,2600082,-3,True,-25.85,-25.85,0.0,DEM,DEM,False
2022,state_house,nc_court_of_appeals_judge_seat_05,state_house_nc_court_of_appeals_judge_seat_05_2004.json,6,2600085,2600082,-3,True,-6.97,-6.97,0.0,DEM,DEM,False
2022,state_house,nc_court_of_appeals_judge_seat_05,state_house_nc_court_of_appeals_judge_seat_05_2004.json,7,2600085,2600082,-3,True,-14.33,-14.33,0.0,DEM,DEM,False
2022,state_house,nc_court_of_appeals_judge_seat_05,state_house_nc_court_of_appeals_judge_seat_05_2004.json,8,2600085,2600082,-3,True,-11.67,-11.67,0.0,DEM,DEM,False
2022,state_house,nc_court_of_appeals_judge_seat_05,state_house_nc_court_of_appeals_judge_seat_05_2004.json,9,2600085,2600082,-3,True,0.61,0.61,0.0,REP,REP,False
2022,state_house,nc_court_of_appeals_judge_seat_05,state_house_nc_court_of_appeals_judge_seat_05_2004.json,10,2600085,2600082,-3,True,-6.83,-6.83,0.0,DEM,DEM,False
2022,state_house,nc_court_of_appeals_judge_seat_05,state_house_nc_court_of_appeals_judge_seat_05_2004.json,11,2600085,2600082,-3,True,-1.23,-1.23,0.0,DEM,DEM,False
2022,state_house,nc_court_of_appeals_judge_seat_05,state_house_nc_court_of_appeals_judge_seat_05_2004.json,12,2600085,2600082,-3,True,-8.28,-8.28,0.0,DEM,DEM,False
2022,state_house,nc_court_of_appeals_judge_seat_05,state_house_nc_court_of_appeals_judge_seat_05_2004.json,13,2600085,2600082,-3,True,13.17,13.17,0.0,REP,REP,False
2022,state_house,nc_court_of_appeals_judge_seat_05,state_house_nc_court_of_appeals_judge_seat_05_2004.json,14,2600085,2600082,-3,True,1.1,1.1,0.0,REP,REP,False
2022,state_house,nc_court_of_appeals_judge_seat_05,state_house_nc_court_of_appeals_judge_seat_05_2004.json,15,2600085,2600082,-3,True,5.29,5.29,0.0,REP,REP,False
2022,state_house,nc_court_of_appeals_judge_seat_05,state_house_nc_court_of_appeals_judge_seat_05_2004.json,16,2600085,2600082,-3,True,-5.1,-5.1,0.0,DEM,DEM,False
2022,state_house,nc_court_of_appeals_judge_seat_05,state_house_nc_court_of_appeals_judge_seat_05_2004.json,17,2600085,2600082,-3,True,-19.32,-19.32,0.0,DEM,DEM,False
2022,state_house,nc_court_of_appeals_judge_seat_05,state_house_nc_court_of_appeals_judge_seat_05_2004.json,18,2600085,2600082,-3,True,-13.93,-13.93,0.0,DEM,DEM,False
2022,state_house,nc_court_of_appeals_judge_seat_05,state_house_nc_court_of_appeals_judge_seat_05_2004.json,19,2600085,2600082,-3,True,-4.96,-4.96,0.0,DEM,DEM,False
2022,state_house,nc_court_of_appeals_judge_seat_05,state_house_nc_court_of_appeals_judge_seat_05_2004.json,20,2600085,2600082,-3,True,3.35,3.35,0.0,REP,REP,False
2022,state_house,nc_court_of_appeals_judge_seat_05,state_house_nc_court_of_appeals_judge_seat_05_2004.json,21,2600085,2600082,-3,True,10.74,10.74,0.0,REP,REP,False
2022,state_house,nc_court_of_appeals_judge_seat_05,state_house_nc_court_of_appeals_judge_seat_05_2004.json,22,2600085,2600082,-3,True,-26.68,-26.68,0.0,DEM,DEM,False
2022,state_house,nc_court_of_appeals_judge_seat_05,state_house_nc_court_of_appeals_judge_seat_05_2004.json,23,2600085,2600082,-3,True,-44.38,-44.38,0.0,DEM,DEM,False
2022,state_house,nc_court_of_appeals_judge_seat_05,state_house_nc_court_of_appeals_judge_seat_05_2004.json,24,2600085,2600082,-3,True,-12.09,-12.09,0.0,DEM,DEM,False
2022,state_house,nc_court_of_appeals_judge_seat_05,state_house_nc_court_of_appeals_judge_seat_05_2004.json,25,2600085,2600082,-3,True,-9.59,-9.59,0.0,DEM,DEM,False
2022,state_house,nc_court_of_appeals_judge_seat_05,state_house_nc_court_of_appeals_judge_seat_05_2004.json,26,2600085,2600082,-3,True,11.72,11.72,0.0,REP,REP,False
2022,state_house,nc_court_of_appeals_judge_seat_05,state_house_nc_court_of_appeals_judge_seat_05_2004.json,27,2600085,2600082,-3,True,-48.52,-48.52,0.0,DEM,DEM,False
2022,state_house,nc_court_of_appeals_judge_seat_05,state_house_nc_court_of_appeals_judge_seat_05_2004.json,28,2600085,2600082,-3,True,5.46,5.46,0.0,REP,REP,False
2022,state_house,nc_court_of_appeals_judge_seat_05,state_house_nc_court_of_appeals_judge_seat_05_2004.json,29,2600085,2600082,-3,True,-32.53,-32.53,0.0,DEM,DEM,False
2022,state_house,nc_court_of_appeals_judge_seat_05,state_house_nc_court_of_appeals_judge_seat_05_2004.json,30,2600085,2600082,-3,True,-40.06,-40.06,0.0,DEM,DEM,False
2022,state_house,nc_court_of_appeals_judge_seat_05,state_house_nc_court_of_appeals_judge_seat_05_2004.json,31,2600085,2600082,-3,True,-61.34,-61.34,0.0,DEM,DEM,False
2022,state_house,nc_court_of_appeals_judge_seat_05,state_house_nc_court_of_appeals_judge_seat_05_2004.json,32,2600085,2600082,-3,True,-33.24,-33.24,0.0,DEM,DEM,False
2022,state_house,nc_court_of_appeals_judge_seat_05,state_house_nc_court_of_appeals_judge_seat_05_2004.json,33,2600085,2600082,-3,True,-8.39,-8.39,0.0,DEM,DEM,False
2022,state_house,nc_court_of_appeals_judge_seat_05,state_house_nc_court_of_appeals_judge_seat_05_2004.json,34,2600085,2600082,-3,True,7.82,7.82,0.0,REP,REP,False
2022,state_house,nc_court_of_appeals_judge_seat_05,state_house_nc_court_of_appeals_judge_seat_05_2004.json,35,2600085,2600082,-3,True,14.76,14.76,0.0,REP,REP,False
2022,state_house,nc_court_of_appeals_judge_seat_05,state_house_nc_court_of_appeals_judge_seat_05_2004.json,36,2600085,2600082,-3,True,15.47,15.47,0.0,REP,REP,False
2022,state_house,nc_court_of_appeals_judge_seat_05,state_house_nc_court_of_appeals_judge_seat_05_2004.json,37,2600085,2600082,-3,True,13.98,13.98,0.0,REP,REP,False
2022,state_house,nc_court_of_appeals_judge_seat_05,state_house_nc_court_of_appeals_judge_seat_05_2004.json,38,2600085,2600082,-3,True,-56.99,-56.99,0.0,DEM,DEM,False
2022,state_house,nc_court_of_appeals_judge_seat_05,state_house_nc_court_of_appeals_judge_seat_05_2004.json,39,2600085,2600082,-3,True,-14.41,-14.41,0.0,DEM,DEM,False
2022,state_house,nc_court_of_appeals_judge_seat_05,state_house_nc_court_of_appeals_judge_seat_05_2004.json,40,2600085,2600082,-3,True,17.64,17.64,0.0,REP,REP,False
2022,state_house,nc_court_of_appeals_judge_seat_05,state_house_nc_court_of_appeals_judge_seat_05_2004.json,41,2600085,2600082,-3,True,9.13,9.13,0.0,REP,REP,False
2022,state_house,nc_court_of_appeals_judge_seat_05,state_house_nc_court_of_appeals_judge_seat_05_2004.json,42,2600085,2600082,-3,True,-27.56,-27.56,0.0,DEM,DEM,False
2022,state_house,nc_court_of_appeals_judge_seat_05,state_house_nc_court_of_appeals_judge_seat_05_2004.json,43,2600085,2600082,-3,True,-16.99,-16.99,0.0,DEM,DEM,False
2022,state_house,nc_court_of_appeals_judge_seat_05,state_house_nc_court_of_appeals_judge_seat_05_2004.json,44,2600085,2600082,-3,True,-22.77,-22.77,0.0,DEM,DEM,False
2022,state_house,nc_court_of_appeals_judge_seat_05,state_house_nc_court_of_appeals_judge_seat_05_2004.json,45,2600085,2600082,-3,True,-18.3,-18.3,0.0,DEM,DEM,False
2022,state_house,nc_court_of_appeals_judge_seat_05,state_house_nc_court_of_appeals_judge_seat_05_2004.json,46,2600085,2600082,-3,True,-34.53,-34.53,0.0,DEM,DEM,False
2022,state_house,nc_court_of_appeals_judge_seat_05,state_house_nc_court_of_appeals_judge_seat_05_2004.json,47,2600085,2600082,-3,True,-44.06,-44.06,0.0,DEM,DEM,False
2022,state_house,nc_court_of_appeals_judge_seat_05,state_house_nc_court_of_appeals_judge_seat_05_2004.json,48,2600085,2600082,-3,True,-22.94,-22.94,0.0,DEM,DEM,False
2022,state_house,nc_court_of_appeals_judge_seat_05,state_house_nc_court_of_appeals_judge_seat_05_2004.json,49,2600085,2600082,-3,True,3.79,3.79,0.0,REP,REP,False
2022,state_house,nc_court_of_appeals_judge_seat_05,state_house_nc_court_of_appeals_judge_seat_05_2004.json,50,2600085,2600082,-3,True,-34.46,-34.46,0.0,DEM,DEM,False
2022,state_house,nc_court_of_appeals_judge_seat_05,state_house_nc_court_of_appeals_judge_seat_05_2004.json,51,2600085,2600082,-3,True,-18.93,-18.93,0.0,DEM,DEM,False
2022,state_house,nc_court_of_appeals_judge_seat_05,state_house_nc_court_of_appeals_judge_seat_05_2004.json,52,2600085,2600082,-3,True,-23.38,-23.38,0.0,DEM,DEM,False
2022,state_house,nc_court_of_appeals_judge_seat_05,state_house_nc_court_of_appeals_judge_seat_05_2004.json,53,2600085,2600082,-3,True,7.22,7.22,0.0,REP,REP,False
2022,state_house,nc_court_of_appeals_judge_seat_05,state_house_nc_court_of_appeals_judge_seat_05_2004.json,54,2600085,2600082,-3,True,-11.48,-11.48,0.0,DEM,DEM,False
2022,state_house,nc_court_of_appeals_judge_seat_05,state_house_nc_court_of_appeals_judge_seat_05_2004.json,55,2600085,2600082,-3,True,-9.95,-9.95,0.0,DEM,DEM,False
2022,state_house,nc_court_of_appeals_judge_seat_05,state_house_nc_court_of_appeals_judge_seat_05_2004.json,56,2600085,2600082,-3,True,-31.99,-31.99,0.0,DEM,DEM,False
2022,state_house,nc_court_of_appeals_judge_seat_05,state_house_nc_court_of_appeals_judge_seat_05_2004.json,57,2600085,2600082,-3,True,-9.74,-9.74,0.0,DEM,DEM,False
2022,state_house,nc_court_of_appeals_judge_seat_05,state_house_nc_court_of_appeals_judge_seat_05_2004.json,58,2600085,2600082,-3,True,-34.54,-34.54,0.0,DEM,DEM,False
2022,state_house,nc_court_of_appeals_judge_seat_05,state_house_nc_court_of_appeals_judge_seat_05_2004.json,59,2600085,2600082,-3,True,-11.37,-11.37,0.0,DEM,DEM,False
2022,state_house,nc_court_of_appeals_judge_seat_05,state_house_nc_court_of_appeals_judge_seat_05_2004.json,60,2600085,2600082,-3,True,-22.31,-22.31,0.0,DEM,DEM,False
2022,state_house,nc_court_of_appeals_judge_seat_05,state_house_nc_court_of_appeals_judge_seat_05_2004.json,61,2600085,2600082,-3,True,-40.91,-40.91,0.0,DEM,DEM,False
2022,state_house,nc_court_of_appeals_judge_seat_05,state_house_nc_court_of_appeals_judge_seat_05_2004.json,62,2600085,2600082,-3,True,-0.63,-0.63,0.0,DEM,DEM,False
2022,state_house,nc_court_of_appeals_judge_seat_05,state_house_nc_court_of_appeals_judge_seat_05_2004.json,63,2600085,2600082,-3,True,-11.57,-11.57,0.0,DEM,DEM,False
2022,state_house,nc_court_of_appeals_judge_seat_05,state_house_nc_court_of_appeals_judge_seat_05_2004.json,64,2600085,2600082,-3,True,8.86,8.86,0.0,REP,REP,False
2022,state_house,nc_court_of_appeals_judge_seat_05,state_house_nc_court_of_appeals_judge_seat_05_2004.json,65,2600085,2600082,-3,True,-20.56,-20.56,0.0,DEM,DEM,False
2022,state_house,nc_court_of_appeals_judge_seat_05,state_house_nc_court_of_appeals_judge_seat_05_2004.json,66,2600085,2600082,-3,True,-11.99,-11.99,0.0,DEM,DEM,False
2022,state_house,nc_court_of_appeals_judge_seat_05,state_house_nc_court_of_appeals_judge_seat_05_2004.json,67,2600085,2600082,-3,True,-12.97,-12.97,0.0,DEM,DEM,False
2022,state_house,nc_court_of_appeals_judge_seat_05,state_house_nc_court_of_appeals_judge_seat_05_2004.json,68,2600085,2600082,-3,True,24.68,24.68,0.0,REP,REP,False
2022,state_house,nc_court_of_appeals_judge_seat_05,state_house_nc_court_of_appeals_judge_seat_05_2004.json,69,2600085,2600082,-3,True,20.51,20.51,0.0,REP,REP,False
2022,state_house,nc_court_of_appeals_judge_seat_05,state_house_nc_court_of_appeals_judge_seat_05_2004.json,70,2600085,2600082,-3,True,7.7,7.7,0.0,REP,REP,False
2022,state_house,nc_court_of_appeals_judge_seat_05,state_house_nc_court_of_appeals_judge_seat_05_2004.json,71,2600085,2600082,-3,True,-25.31,-25.31,0.0,DEM,DEM,False
2022,state_house,nc_court_of_appeals_judge_seat_05,state_house_nc_court_of_appeals_judge_seat_05_2004.json,72,2600085,2600082,-3,True,-32.54,-32.54,0.0,DEM,DEM,False
2022,state_house,nc_court_of_appeals_judge_seat_05,state_house_nc_court_of_appeals_judge_seat_05_2004.json,73,2600085,2600082,-3,True,-0.89,-0.89,0.0,DEM,DEM,False
2022,state_house,nc_court_of_appeals_judge_seat_05,state_house_nc_court_of_appeals_judge_seat_05_2004.json,74,2600085,2600082,-3,True,11.59,11.59,0.0,REP,REP,False
2022,state_house,nc_court_of_appeals_judge_seat_05,state_house_nc_court_of_appeals_judge_seat_05_2004.json,75,2600085,2600082,-3,True,7.48,7.48,0.0,REP,REP,False
2022,state_house,nc_court_of_appeals_judge_seat_05,state_house_nc_court_of_appeals_judge_seat_05_2004.json,76,2600085,2600082,-3,True,-1.98,-1.98,0.0,DEM,DEM,False
2022,state_house,nc_court_of_appeals_judge_seat_05,state_house_nc_court_of_appeals_judge_seat_05_2004.json,77,2600085,2600082,-3,True,-1.54,-1.54,0.0,DEM,DEM,False
2022,state_house,nc_court_of_appeals_judge_seat_05,state_house_nc_court_of_appeals_judge_seat_05_2004.json,78,2600085,2600082,-3,True,4.24,4.24,0.0,REP,REP,False
2022,state_house,nc_court_of_appeals_judge_seat_05,state_house_nc_court_of_appeals_judge_seat_05_2004.json,79,2600085,2600082,-3,True,0.23,0.23,0.0,REP,REP,False
2022,state_house,nc_court_of_appeals_judge_seat_05,state_house_nc_court_of_appeals_judge_seat_05_2004.json,80,2600085,2600082,-3,True,2.88,2.88,0.0,REP,REP,False
2022,state_house,nc_court_of_appeals_judge_seat_05,state_house_nc_court_of_appeals_judge_seat_05_2004.json,81,2600085,2600082,-3,True,-1.58,-1.58,0.0,DEM,DEM,False
2022,state_house,nc_court_of_appeals_judge_seat_05,state_house_nc_court_of_appeals_judge_seat_05_2004.json,82,2600085,2600082,-3,True,0.1,0.1,0.0,REP,REP,False
2022,state_house,nc_court_of_appeals_judge_seat_05,state_house_nc_court_of_appeals_judge_seat_05_2004.json,83,2600085,2600082,-3,True,6.6,6.6,0.0,REP,REP,False
2022,state_house,nc_court_of_appeals_judge_seat_05,state_house_nc_court_of_appeals_judge_seat_05_2004.json,84,2600085,2600082,-3,True,9.75,9.75,0.0,REP,REP,False
2022,state_house,nc_court_of_appeals_judge_seat_05,state_house_nc_court_of_appeals_judge_seat_05_2004.json,85,2600085,2600082,-3,True,-10.48,-10.48,0.0,DEM,DEM,False
2022,state_house,nc_court_of_appeals_judge_seat_05,state_house_nc_court_of_appeals_judge_seat_05_2004.json,86,2600085,2600082,-3,True,-6.47,-6.47,0.0,DEM,DEM,False
2022,state_house,nc_court_of_appeals_judge_seat_05,state_house_nc_court_of_appeals_judge_seat_05_2004.json,87,2600085,2600082,-3,True,7.64,7.64,0.0,REP,REP,False
2022,state_house,nc_court_of_appeals_judge_seat_05,state_house_nc_court_of_appeals_judge_seat_05_2004.json,88,2600085,2600082,-3,True,-17.13,-17.13,0.0,DEM,DEM,False
2022,state_house,nc_court_of_appeals_judge_seat_05,state_house_nc_court_of_appeals_judge_seat_05_2004.json,89,2600085,2600082,-3,True,8.66,8.66,0.0,REP,REP,False
2022,state_house,nc_court_of_appeals_judge_seat_05,state_house_nc_court_of_appeals_judge_seat_05_2004.json,90,2600085,2600082,-3,True,-9.57,-9.57,0.0,DEM,DEM,False
2022,state_house,nc_court_of_appeals_judge_seat_05,state_house_nc_court_of_appeals_judge_seat_05_2004.json,91,2600085,2600082,-3,True,-0.88,-0.88,0.0,DEM,DEM,False
2022,state_house,nc_court_of_appeals_judge_seat_05,state_house_nc_court_of_appeals_judge_seat_05_2004.json,92,2600085,2600082,-3,True,-15.2,-15.2,0.0,DEM,DEM,False
2022,state_house,nc_court_of_appeals_judge_seat_05,state_house_nc_court_of_appeals_judge_seat_05_2004.json,93,2600085,2600082,-3,True,-7.13,-7.13,0.0,DEM,DEM,False
2022,state_house,nc_court_of_appeals_judge_seat_05,state_house_nc_court_of_appeals_judge_seat_05_2004.json,94,2600085,2600082,-3,True,-1.65,-1.65,0.0,DEM,DEM,False
2022,state_house,nc_court_of_appeals_judge_seat_05,state_house_nc_court_of_appeals_judge_seat_05_2004.json,95,2600085,2600082,-3,True,19.42,19.42,0.0,REP,REP,False
2022,state_house,nc_court_of_appeals_judge_seat_05,state_house_nc_court_of_appeals_judge_seat_05_2004.json,96,2600085,2600082,-3,True,3.25,3.25,0.0,REP,REP,False
2022,state_house,nc_court_of_appeals_judge_seat_05,state_house_nc_court_of_appeals_judge_seat_05_2004.json,97,2600085,2600082,-3,True,5.99,5.99,0.0,REP,REP,False
2022,state_house,nc_court_of_appeals_judge_seat_05,state_house_nc_court_of_appeals_judge_seat_05_2004.json,98,2600085,2600082,-3,True,21.62,21.62,0.0,REP,REP,False
2022,state_house,nc_court_of_appeals_judge_seat_05,state_house_nc_court_of_appeals_judge_seat_05_2004.json,99,2600085,2600082,-3,True,-42.94,-42.94,0.0,DEM,DEM,False
2022,state_house,nc_court_of_appeals_judge_seat_05,state_house_nc_court_of_appeals_judge_seat_05_2004.json,100,2600085,2600082,-3,True,-24.66,-24.66,0.0,DEM,DEM,False
2022,state_house,nc_court_of_appeals_judge_seat_05,state_house_nc_court_of_appeals_judge_seat_05_2004.json,101,2600085,2600082,-3,True,-27.24,-27.24,0.0,DEM,DEM,False
2022,state_house,nc_court_of_appeals_judge_seat_05,state_house_nc_court_of_appeals_judge_seat_05_2004.json,102,2600085,2600082,-3,True,-36.01,-36.01,0.0,DEM,DEM,False
2022,state_house,nc_court_of_appeals_judge_seat_05,state_house_nc_court_of_appeals_judge_seat_05_2004.json,103,2600085,2600082,-3,True,17.0,17.0,0.0,REP,REP,False
2022,state_house,nc_court_of_appeals_judge_seat_05,state_house_nc_court_of_appeals_judge_seat_05_2004.json,104,2600085,2600082,-3,True,13.93,13.93,0.0,REP,REP,False
2022,state_house,nc_court_of_appeals_judge_seat_05,state_house_nc_court_of_appeals_judge_seat_05_2004.json,105,2600085,2600082,-3,True,9.08,9.08,0.0,REP,REP,False
2022,state_house,nc_court_of_appeals_judge_seat_05,state_house_nc_court_of_appeals_judge_seat_05_2004.json,106,2600085,2600082,-3,True,0.19,0.19,0.0,REP,REP,False
2022,state_house,nc_court_of_appeals_judge_seat_05,state_house_nc_court_of_appeals_judge_seat_05_2004.json,107,2600085,2600082,-3,True,-32.68,-32.68,0.0,DEM,DEM,False
2022,state_house,nc_court_of_appeals_judge_seat_05,state_house_nc_court_of_appeals_judge_seat_05_2004.json,108,2600085,2600082,-3,True,20.62,20.62,0.0,REP,REP,False
2022,state_house,nc_court_of_appeals_judge_seat_05,state_house_nc_court_of_appeals_judge_seat_05_2004.json,109,2600085,2600082,-3,True,16.42,16.42,0.0,REP,REP,False
2022,state_house,nc_court_of_appeals_judge_seat_05,state_house_nc_court_of_appeals_judge_seat_05_2004.json,110,2600085,2600082,-3,True,2.25,2.25,0.0,REP,REP,False
2022,state_house,nc_court_of_appeals_judge_seat_05,state_house_nc_court_of_appeals_judge_seat_05_2004.json,111,2600085,2600082,-3,True,-7.8,-7.8,0.0,DEM,DEM,False
2022,state_house,nc_court_of_appeals_judge_seat_05,state_house_nc_court_of_appeals_judge_seat_05_2004.json,112,2600085,2600082,-3,True,-7.19,-7.19,0.0,DEM,DEM,False
2022,state_house,nc_court_of_appeals_judge_seat_05,state_house_nc_court_of_appeals_judge_seat_05_2004.json,113,2600085,2600082,-3,True,-9.94,-9.94,0.0,DEM,DEM,False
2022,state_house,nc_court_of_appeals_judge_seat_05,state_house_nc_court_of_appeals_judge_seat_05_2004.json,114,2600085,2600082,-3,True,-15.95,-15.95,0.0,DEM,DEM,False
2022,state_house,nc_court_of_appeals_judge_seat_05,state_house_nc_court_of_appeals_judge_seat_05_2004.json,115,2600085,2600082,-3,True,-3.32,-3.32,0.0,DEM,DEM,False
2022,state_house,nc_court_of_appeals_judge_seat_05,state_house_nc_court_of_appeals_judge_seat_05_2004.json,116,2600085,2600082,-3,True,-17.95,-17.95,0.0,DEM,DEM,False
2022,state_house,nc_court_of_appeals_judge_seat_05,state_house_nc_court_of_appeals_judge_seat_05_2004.json,117,2600085,2600082,-3,True,7.45,7.45,0.0,REP,REP,False
2022,state_house,nc_court_of_appeals_judge_seat_05,state_house_nc_court_of_appeals_judge_seat_05_2004.json,118,2600085,2600082,-3,True,-15.18,-15.18,0.0,DEM,DEM,False
2022,state_house,nc_court_of_appeals_judge_seat_05,state_house_nc_court_of_appeals_judge_seat_05_2004.json,119,2600085,2600082,-3,True,-14.21,-14.21,0.0,DEM,DEM,False
2022,state_house,nc_court_of_appeals_judge_seat_05,state_house_nc_court_of_appeals_judge_seat_05_2004.json,120,2600085,2600082,-3,True,0.14,0.14,0.0,REP,REP,False
2022,state_house,nc_court_of_appeals_judge_seat_06,state_house_nc_court_of_appeals_judge_seat_06_2004.json,1,2541424,2541414,-10,True,6.67,6.67,0.0,REP,REP,False
2022,state_house,nc_court_of_appeals_judge_seat_06,state_house_nc_court_of_appeals_judge_seat_06_2004.json,2,2541424,2541414,-10,True,15.03,15.03,0.0,REP,REP,False
2022,state_house,nc_court_of_appeals_judge_seat_06,state_house_nc_court_of_appeals_judge_seat_06_2004.json,3,2541424,2541414,-10,True,17.14,17.14,0.0,REP,REP,False
2022,state_house,nc_court_of_appeals_judge_seat_06,state_house_nc_court_of_appeals_judge_seat_06_2004.json,4,2541424,2541414,-10,True,14.42,14.42,0.0,REP,REP,False
2022,state_house,nc_court_of_appeals_judge_seat_06,state_house_nc_court_of_appeals_judge_seat_06_2004.json,5,2541424,2541414,-10,True,21.15,21.15,0.0,REP,REP,False
2022,state_house,nc_court_of_appeals_judge_seat_06,state_house_nc_court_of_appeals_judge_seat_06_2004.json,6,2541424,2541414,-10,True,19.56,19.56,0.0,REP,REP,False
2022,state_house,nc_court_of_appeals_judge_seat_06,state_house_nc_court_of_appeals_judge_seat_06_2004.json,7,2541424,2541414,-10,True,14.51,14.51,0.0,REP,REP,False
2022,state_house,nc_court_of_appeals_judge_seat_06,state_house_nc_court_of_appeals_judge_seat_06_2004.json,8,2541424,2541414,-10,True,14.64,14.64,0.0,REP,REP,False
2022,state_house,nc_court_of_appeals_judge_seat_06,state_house_nc_court_of_appeals_judge_seat_06_2004.json,9,2541424,2541414,-10,True,20.29,20.29,0.0,REP,REP,False
2022,state_house,nc_court_of_appeals_judge_seat_06,state_house_nc_court_of_appeals_judge_seat_06_2004.json,10,2541424,2541414,-10,True,25.05,25.05,0.0,REP,REP,False
2022,state_house,nc_court_of_appeals_judge_seat_06,state_house_nc_court_of_appeals_judge_seat_06_2004.json,11,2541424,2541414,-10,True,7.81,7.81,0.0,REP,REP,False
2022,state_house,nc_court_of_appeals_judge_seat_06,state_house_nc_court_of_appeals_judge_seat_06_2004.json,12,2541424,2541414,-10,True,16.08,16.08,0.0,REP,REP,False
2022,state_house,nc_court_of_appeals_judge_seat_06,state_house_nc_court_of_appeals_judge_seat_06_2004.json,13,2541424,2541414,-10,True,19.69,19.69,0.0,REP,REP,False
2022,state_house,nc_court_of_appeals_judge_seat_06,state_house_nc_court_of_appeals_judge_seat_06_2004.json,14,2541424,2541414,-10,True,31.11,31.11,0.0,REP,REP,False
2022,state_house,nc_court_of_appeals_judge_seat_06,state_house_nc_court_of_appeals_judge_seat_06_2004.json,15,2541424,2541414,-10,True,33.74,33.74,0.0,REP,REP,False
2022,state_house,nc_court_of_appeals_judge_seat_06,state_house_nc_court_of_appeals_judge_seat_06_2004.json,16,2541424,2541414,-10,True,13.84,13.84,0.0,REP,REP,False
2022,state_house,nc_court_of_appeals_judge_seat_06,state_house_nc_court_of_appeals_judge_seat_06_2004.json,17,2541424,2541414,-10,True,7.46,7.46,0.0,REP,REP,False
2022,state_house,nc_court_of_appeals_judge_seat_06,state_house_nc_court_of_appeals_judge_seat_06_2004.json,18,2541424,2541414,-10,True,3.46,3.46,0.0,REP,REP,False
2022,state_house,nc_court_of_appeals_judge_seat_06,state_house_nc_court_of_appeals_judge_seat_06_2004.json,19,2541424,2541414,-10,True,8.6,8.6,0.0,REP,REP,False
2022,state_house,nc_court_of_appeals_judge_seat_06,state_house_nc_court_of_appeals_judge_seat_06_2004.json,20,2541424,2541414,-10,True,4.9,4.9,0.0,REP,REP,False
2022,state_house,nc_court_of_appeals_judge_seat_06,state_house_nc_court_of_appeals_judge_seat_06_2004.json,21,2541424,2541414,-10,True,17.69,17.69,0.0,REP,REP,False
2022,state_house,nc_court_of_appeals_judge_seat_06,state_house_nc_court_of_appeals_judge_seat_06_2004.json,22,2541424,2541414,-10,True,8.7,8.7,0.0,REP,REP,False
2022,state_house,nc_court_of_appeals_judge_seat_06,state_house_nc_court_of_appeals_judge_seat_06_2004.json,23,2541424,2541414,-10,True,13.82,13.82,0.0,REP,REP,False
2022,state_house,nc_court_of_appeals_judge_seat_06,state_house_nc_court_of_appeals_judge_seat_06_2004.json,24,2541424,2541414,-10,True,11.12,11.12,0.0,REP,REP,False
2022,state_house,nc_court_of_appeals_judge_seat_06,state_house_nc_court_of_appeals_judge_seat_06_2004.json,25,2541424,2541414,-10,True,16.01,16.01,0.0,REP,REP,False
2022,state_house,nc_court_of_appeals_judge_seat_06,state_house_nc_court_of_appeals_judge_seat_06_2004.json,26,2541424,2541414,-10,True,22.47,22.47,0.0,REP,REP,False
2022,state_house,nc_court_of_appeals_judge_seat_06,state_house_nc_court_of_appeals_judge_seat_06_2004.json,27,2541424,2541414,-10,True,1.99,1.99,0.0,REP,REP,False
2022,state_house,nc_court_of_appeals_judge_seat_06,state_house_nc_court_of_appeals_judge_seat_06_2004.json,28,2541424,2541414,-10,True,10.24,10.24,0.0,REP,REP,False
2022,state_house,nc_court_of_appeals_judge_seat_06,state_house_nc_court_of_appeals_judge_seat_06_2004.json,29,2541424,2541414,-10,True,9.71,9.71,0.0,REP,REP,False
2022,state_house,nc_court_of_appeals_judge_seat_06,state_house_nc_court_of_appeals_judge_seat_06_2004.json,30,2541424,2541414,-10,True,3.09,3.09,0.0,REP,REP,False
2022,state_house,nc_court_of_appeals_judge_seat_06,state_house_nc_court_of_appeals_judge_seat_06_2004.json,31,2541424,2541414,-10,True,21.81,21.81,0.0,REP,REP,False
2022,state_house,nc_court_of_appeals_judge_seat_06,state_house_nc_court_of_appeals_judge_seat_06_2004.json,32,2541424,2541414,-10,True,19.07,19.07,0.0,REP,REP,False
2022,state_house,nc_court_of_appeals_judge_seat_06,state_house_nc_court_of_appeals_judge_seat_06_2004.json,33,2541424,2541414,-10,True,15.33,15.33,0.0,REP,REP,False
2022,state_house,nc_court_of_appeals_judge_seat_06,state_house_nc_court_of_appeals_judge_seat_06_2004.json,34,2541424,2541414,-10,True,2.6,2.6,0.0,REP,REP,False
2022,state_house,nc_court_of_appeals_judge_seat_06,state_house_nc_court_of_appeals_judge_seat_06_2004.json,35,2541424,2541414,-10,True,21.24,21.24,0.0,REP,REP,False
2022,state_house,nc_court_of_appeals_judge_seat_06,state_house_nc_court_of_appeals_judge_seat_06_2004.json,36,2541424,2541414,-10,True,18.6,18.6,0.0,REP,REP,False
2022,state_house,nc_court_of_appeals_judge_seat_06,state_house_nc_court_of_appeals_judge_seat_06_2004.json,37,2541424,2541414,-10,True,21.44,21.44,0.0,REP,REP,False
2022,state_house,nc_court_of_appeals_judge_seat_06,state_house_nc_court_of_appeals_judge_seat_06_2004.json,38,2541424,2541414,-10,True,-6.05,-6.05,0.0,DEM,DEM,False
2022,state_house,nc_court_of_appeals_judge_seat_06,state_house_nc_court_of_appeals_judge_seat_06_2004.json,39,2541424,2541414,-10,True,14.04,14.04,0.0,REP,REP,False
2022,state_house,nc_court_of_appeals_judge_seat_06,state_house_nc_court_of_appeals_judge_seat_06_2004.json,40,2541424,2541414,-10,True,18.92,18.92,0.0,REP,REP,False
2022,state_house,nc_court_of_appeals_judge_seat_06,state_house_nc_court_of_appeals_judge_seat_06_2004.json,41,2541424,2541414,-10,True,13.77,13.77,0.0,REP,REP,False
2022,state_house,nc_court_of_appeals_judge_seat_06,state_house_nc_court_of_appeals_judge_seat_06_2004.json,42,2541424,2541414,-10,True,33.61,33.61,0.0,REP,REP,False
2022,state_house,nc_court_of_appeals_judge_seat_06,state_house_nc_court_of_appeals_judge_seat_06_2004.json,43,2541424,2541414,-10,True,26.43,26.43,0.0,REP,REP,False
2022,state_house,nc_court_of_appeals_judge_seat_06,state_house_nc_court_of_appeals_judge_seat_06_2004.json,44,2541424,2541414,-10,True,28.09,28.09,0.0,REP,REP,False
2022,state_house,nc_court_of_appeals_judge_seat_06,state_house_nc_court_of_appeals_judge_seat_06_2004.json,45,2541424,2541414,-10,True,30.82,30.82,0.0,REP,REP,False
2022,state_house,nc_court_of_appeals_judge_seat_06,state_house_nc_court_of_appeals_judge_seat_06_2004.json,46,2541424,2541414,-10,True,1.06,1.06,0.0,REP,REP,False
2022,state_house,nc_court_of_appeals_judge_seat_06,state_house_nc_court_of_appeals_judge_seat_06_2004.json,47,2541424,2541414,-10,True,21.29,21.29,0.0,REP,REP,False
2022,state_house,nc_court_of_appeals_judge_seat_06,state_house_nc_court_of_appeals_judge_seat_06_2004.json,48,2541424,2541414,-10,True,18.28,18.28,0.0,REP,REP,False
2022,state_house,nc_court_of_appeals_judge_seat_06,state_house_nc_court_of_appeals_judge_seat_06_2004.json,49,2541424,2541414,-10,True,2.48,2.48,0.0,REP,REP,False
2022,state_house,nc_court_of_appeals_judge_seat_06,state_house_nc_court_of_appeals_judge_seat_06_2004.json,50,2541424,2541414,-10,True,-15.07,-15.07,0.0,DEM,DEM,False
2022,state_house,nc_court_of_appeals_judge_seat_06,state_house_nc_court_of_appeals_judge_seat_06_2004.json,51,2541424,2541414,-10,True,16.72,16.72,0.0,REP,REP,False
2022,state_house,nc_court_of_appeals_judge_seat_06,state_house_nc_court_of_appeals_judge_seat_06_2004.json,52,2541424,2541414,-10,True,11.86,11.86,0.0,REP,REP,False
2022,state_house,nc_court_of_appeals_judge_seat_06,state_house_nc_court_of_appeals_judge_seat_06_2004.json,53,2541424,2541414,-10,True,18.94,18.94,0.0,REP,REP,False
2022,state_house,nc_court_of_appeals_judge_seat_06,state_house_nc_court_of_appeals_judge_seat_06_2004.json,54,2541424,2541414,-10,True,3.03,3.03,0.0,REP,REP,False
2022,state_house,nc_court_of_appeals_judge_seat_06,state_house_nc_court_of_appeals_judge_seat_06_2004.json,55,2541424,2541414,-10,True,17.14,17.14,0.0,REP,REP,False
2022,state_house,nc_court_of_appeals_judge_seat_06,state_house_nc_court_of_appeals_judge_seat_06_2004.json,56,2541424,2541414,-10,True,-22.12,-22.12,0.0,DEM,DEM,False
2022,state_house,nc_court_of_appeals_judge_seat_06,state_house_nc_court_of_appeals_judge_seat_06_2004.json,57,2541424,2541414,-10,True,13.34,13.34,0.0,REP,REP,False
2022,state_house,nc_court_of_appeals_judge_seat_06,state_house_nc_court_of_appeals_judge_seat_06_2004.json,58,2541424,2541414,-10,True,20.91,20.91,0.0,REP,REP,False
2022,state_house,nc_court_of_appeals_judge_seat_06,state_house_nc_court_of_appeals_judge_seat_06_2004.json,59,2541424,2541414,-10,True,9.92,9.92,0.0,REP,REP,False
2022,state_house,nc_court_of_appeals_judge_seat_06,state_house_nc_court_of_appeals_judge_seat_06_2004.json,60,2541424,2541414,-10,True,16.41,16.41,0.0,REP,REP,False
2022,state_house,nc_court_of_appeals_judge_seat_06,state_house_nc_court_of_appeals_judge_seat_06_2004.json,61,2541424,2541414,-10,True,10.99,10.99,0.0,REP,REP,False
2022,state_house,nc_court_of_appeals_judge_seat_06,state_house_nc_court_of_appeals_judge_seat_06_2004.json,62,2541424,2541414,-10,True,11.44,11.44,0.0,REP,REP,False
2022,state_house,nc_court_of_appeals_judge_seat_06,state_house_nc_court_of_appeals_judge_seat_06_2004.json,63,2541424,2541414,-10,True,-1.66,-1.66,0.0,DEM,DEM,False
2022,state_house,nc_court_of_appeals_judge_seat_06,state_house_nc_court_of_appeals_judge_seat_06_2004.json,64,2541424,2541414,-10,True,-4.89,-4.89,0.0,DEM,DEM,False
2022,state_house,nc_court_of_appeals_judge_seat_06,state_house_nc_court_of_appeals_judge_seat_06_2004.json,65,2541424,2541414,-10,True,8.68,8.68,0.0,REP,REP,False
2022,state_house,nc_court_of_appeals_judge_seat_06,state_house_nc_court_of_appeals_judge_seat_06_2004.json,66,2541424,2541414,-10,True,7.09,7.09,0.0,REP,REP,False
2022,state_house,nc_court_of_appeals_judge_seat_06,state_house_nc_court_of_appeals_judge_seat_06_2004.json,67,2541424,2541414,-10,True,5.68,5.68,0.0,REP,REP,False
2022,state_house,nc_court_of_appeals_judge_seat_06,state_house_nc_court_of_appeals_judge_seat_06_2004.json,68,2541424,2541414,-10,True,27.98,27.98,0.0,REP,REP,False
2022,state_house,nc_court_of_appeals_judge_seat_06,state_house_nc_court_of_appeals_judge_seat_06_2004.json,69,2541424,2541414,-10,True,25.43,25.43,0.0,REP,REP,False
2022,state_house,nc_court_of_appeals_judge_seat_06,state_house_nc_court_of_appeals_judge_seat_06_2004.json,70,2541424,2541414,-10,True,10.4,10.4,0.0,REP,REP,False
2022,state_house,nc_court_of_appeals_judge_seat_06,state_house_nc_court_of_appeals_judge_seat_06_2004.json,71,2541424,2541414,-10,True,0.18,0.18,0.0,REP,REP,False
2022,state_house,nc_court_of_appeals_judge_seat_06,state_house_nc_court_of_appeals_judge_seat_06_2004.json,72,2541424,2541414,-10,True,-8.1,-8.1,0.0,DEM,DEM,False
2022,state_house,nc_court_of_appeals_judge_seat_06,state_house_nc_court_of_appeals_judge_seat_06_2004.json,73,2541424,2541414,-10,True,28.14,28.14,0.0,REP,REP,False
2022,state_house,nc_court_of_appeals_judge_seat_06,state_house_nc_court_of_appeals_judge_seat_06_2004.json,74,2541424,2541414,-10,True,17.01,17.01,0.0,REP,REP,False
2022,state_house,nc_court_of_appeals_judge_seat_06,state_house_nc_court_of_appeals_judge_seat_06_2004.json,75,2541424,2541414,-10,True,20.51,20.51,0.0,REP,REP,False
2022,state_house,nc_court_of_appeals_judge_seat_06,state_house_nc_court_of_appeals_judge_seat_06_2004.json,76,2541424,2541414,-10,True,10.98,10.98,0.0,REP,REP,False
2022,state_house,nc_court_of_appeals_judge_seat_06,state_house_nc_court_of_appeals_judge_seat_06_2004.json,77,2541424,2541414,-10,True,6.31,6.31,0.0,REP,REP,False
2022,state_house,nc_court_of_appeals_judge_seat_06,state_house_nc_court_of_appeals_judge_seat_06_2004.json,78,2541424,2541414,-10,True,8.81,8.81,0.0,REP,REP,False
2022,state_house,nc_court_of_appeals_judge_seat_06,state_house_nc_court_of_appeals_judge_seat_06_2004.json,79,2541424,2541414,-10,True,10.52,10.52,0.0,REP,REP,False
2022,state_house,nc_court_of_appeals_judge_seat_06,state_house_nc_court_of_appeals_judge_seat_06_2004.json,80,2541424,2541414,-10,True,12.82,12.82,0.0,REP,REP,False
2022,state_house,nc_court_of_appeals_judge_seat_06,state_house_nc_court_of_appeals_judge_seat_06_2004.json,81,2541424,2541414,-10,True,7.51,7.51,0.0,REP,REP,False
2022,state_house,nc_court_of_appeals_judge_seat_06,state_house_nc_court_of_appeals_judge_seat_06_2004.json,82,2541424,2541414,-10,True,24.64,24.64,0.0,REP,REP,False
2022,state_house,nc_court_of_appeals_judge_seat_06,state_house_nc_court_of_appeals_judge_seat_06_2004.json,83,2541424,2541414,-10,True,17.1,17.1,0.0,REP,REP,False
2022,state_house,nc_court_of_appeals_judge_seat_06,state_house_nc_court_of_appeals_judge_seat_06_2004.json,84,2541424,2541414,-10,True,9.44,9.44,0.0,REP,REP,False
2022,state_house,nc_court_of_appeals_judge_seat_06,state_house_nc_court_of_appeals_judge_seat_06_2004.json,85,2541424,2541414,-10,True,-14.64,-14.64,0.0,DEM,DEM,False
2022,state_house,nc_court_of_appeals_judge_seat_06,state_house_nc_court_of_appeals_judge_seat_06_2004.json,86,2541424,2541414,-10,True,3.08,3.08,0.0,REP,REP,False
2022,state_house,nc_court_of_appeals_judge_seat_06,state_house_nc_court_of_appeals_judge_seat_06_2004.json,87,2541424,2541414,-10,True,3.43,3.43,0.0,REP,REP,False
2022,state_house,nc_court_of_appeals_judge_seat_06,state_house_nc_court_of_appeals_judge_seat_06_2004.json,88,2541424,2541414,-10,True,17.24,17.24,0.0,REP,REP,False
2022,state_house,nc_court_of_appeals_judge_seat_06,state_house_nc_court_of_appeals_judge_seat_06_2004.json,89,2541424,2541414,-10,True,8.53,8.53,0.0,REP,REP,False
2022,state_house,nc_court_of_appeals_judge_seat_06,state_house_nc_court_of_appeals_judge_seat_06_2004.json,90,2541424,2541414,-10,True,9.87,9.87,0.0,REP,REP,False
2022,state_house,nc_court_of_appeals_judge_seat_06,state_house_nc_court_of_appeals_judge_seat_06_2004.json,91,2541424,2541414,-10,True,4.88,4.88,0.0,REP,REP,False
2022,state_house,nc_court_of_appeals_judge_seat_06,state_house_nc_court_of_appeals_judge_seat_06_2004.json,92,2541424,2541414,-10,True,21.96,21.96,0.0,REP,REP,False
2022,state_house,nc_court_of_appeals_judge_seat_06,state_house_nc_court_of_appeals_judge_seat_06_2004.json,93,2541424,2541414,-10,True,7.62,7.62,0.0,REP,REP,False
2022,state_house,nc_court_of_appeals_judge_seat_06,state_house_nc_court_of_appeals_judge_seat_06_2004.json,94,2541424,2541414,-10,True,1.63,1.63,0.0,REP,REP,False
2022,state_house,nc_court_of_appeals_judge_seat_06,state_house_nc_court_of_appeals_judge_seat_06_2004.json,95,2541424,2541414,-10,True,8.32,8.32,0.0,REP,REP,False
2022,state_house,nc_court_of_appeals_judge_seat_06,state_house_nc_court_of_appeals_judge_seat_06_2004.json,96,2541424,2541414,-10,True,7.47,7.47,0.0,REP,REP,False
2022,state_house,nc_court_of_appeals_judge_seat_06,state_house_nc_court_of_appeals_judge_seat_06_2004.json,97,2541424,2541414,-10,True,7.09,7.09,0.0,REP,REP,False
2022,state_house,nc_court_of_appeals_judge_seat_06,state_house_nc_court_of_appeals_judge_seat_06_2004.json,98,2541424,2541414,-10,True,20.28,20.28,0.0,REP,REP,False
2022,state_house,nc_court_of_appeals_judge_seat_06,state_house_nc_court_of_appeals_judge_seat_06_2004.json,99,2541424,2541414,-10,True,19.01,19.01,0.0,REP,REP,False
2022,state_house,nc_court_of_appeals_judge_seat_06,state_house_nc_court_of_appeals_judge_seat_06_2004.json,100,2541424,2541414,-10,True,20.02,20.02,0.0,REP,REP,False
2022,state_house,nc_court_of_appeals_judge_seat_06,state_house_nc_court_of_appeals_judge_seat_06_2004.json,101,2541424,2541414,-10,True,19.97,19.97,0.0,REP,REP,False
2022,state_house,nc_court_of_appeals_judge_seat_06,state_house_nc_court_of_appeals_judge_seat_06_2004.json,102,2541424,2541414,-10,True,13.38,13.38,0.0,REP,REP,False
2022,state_house,nc_court_of_appeals_judge_seat_06,state_house_nc_court_of_appeals_judge_seat_06_2004.json,103,2541424,2541414,-10,True,20.57,20.57,0.0,REP,REP,False
2022,state_house,nc_court_of_appeals_judge_seat_06,state_house_nc_court_of_appeals_judge_seat_06_2004.json,104,2541424,2541414,-10,True,14.61,14.61,0.0,REP,REP,False
2022,state_house,nc_court_of_appeals_judge_seat_06,state_house_nc_court_of_appeals_judge_seat_06_2004.json,105,2541424,2541414,-10,True,21.02,21.02,0.0,REP,REP,False
2022,state_house,nc_court_of_appeals_judge_seat_06,state_house_nc_court_of_appeals_judge_seat_06_2004.json,106,2541424,2541414,-10,True,21.58,21.58,0.0,REP,REP,False
2022,state_house,nc_court_of_appeals_judge_seat_06,state_house_nc_court_of_appeals_judge_seat_06_2004.json,107,2541424,2541414,-10,True,17.38,17.38,0.0,REP,REP,False
2022,state_house,nc_court_of_appeals_judge_seat_06,state_house_nc_court_of_appeals_judge_seat_06_2004.json,108,2541424,2541414,-10,True,13.86,13.86,0.0,REP,REP,False
2022,state_house,nc_court_of_appeals_judge_seat_06,state_house_nc_court_of_appeals_judge_seat_06_2004.json,109,2541424,2541414,-10,True,12.65,12.65,0.0,REP,REP,False
2022,state_house,nc_court_of_appeals_judge_seat_06,state_house_nc_court_of_appeals_judge_seat_06_2004.json,110,2541424,2541414,-10,True,1.75,1.75,0.0,REP,REP,False
2022,state_house,nc_court_of_appeals_judge_seat_06,state_house_nc_court_of_appeals_judge_seat_06_2004.json,111,2541424,2541414,-10,True,1.59,1.59,0.0,REP,REP,False
2022,state_house,nc_court_of_appeals_judge_seat_06,state_house_nc_court_of_appeals_judge_seat_06_2004.json,112,2541424,2541414,-10,True,20.9,20.9,0.0,REP,REP,False
2022,state_house,nc_court_of_appeals_judge_seat_06,state_house_nc_court_of_appeals_judge_seat_06_2004.json,113,2541424,2541414,-10,True,3.18,3.18,0.0,REP,REP,False
2022,state_house,nc_court_of_appeals_judge_seat_06,state_house_nc_court_of_appeals_judge_seat_06_2004.json,114,2541424,2541414,-10,True,-9.02,-9.02,0.0,DEM,DEM,False
2022,state_house,nc_court_of_appeals_judge_seat_06,state_house_nc_court_of_appeals_judge_seat_06_2004.json,115,2541424,2541414,-10,True,-7.82,-7.82,0.0,DEM,DEM,False
2022,state_house,nc_court_of_appeals_judge_seat_06,state_house_nc_court_of_appeals_judge_seat_06_2004.json,116,2541424,2541414,-10,True,-12.67,-12.67,0.0,DEM,DEM,False
2022,state_house,nc_court_of_appeals_judge_seat_06,state_house_nc_court_of_appeals_judge_seat_06_2004.json,117,2541424,2541414,-10,True,0.01,0.01,0.0,REP,REP,False
2022,state_house,nc_court_of_appeals_judge_seat_06,state_house_nc_court_of_appeals_judge_seat_06_2004.json,118,2541424,2541414,-10,True,-14.59,-14.59,0.0,DEM,DEM,False
2022,state_house,nc_court_of_appeals_judge_seat_06,state_house_nc_court_of_appeals_judge_seat_06_2004.json,119,2541424,2541414,-10,True,-11.12,-11.12,0.0,DEM,DEM,False
2022,state_house,nc_court_of_appeals_judge_seat_06,state_house_nc_court_of_appeals_judge_seat_06_2004.json,120,2541424,2541414,-10,True,3.48,3.48,0.0,REP,REP,False
2022,state_house,nc_supreme_court_associate_justice_seat_02,state_house_nc_supreme_court_associate_justice_seat_02_2004.json,1,2579576,2579584,8,True,-1.03,-1.03,0.0,DEM,DEM,False
2022,state_house,nc_supreme_court_associate_justice_seat_02,state_house_nc_supreme_court_associate_justice_seat_02_2004.json,2,2579576,2579584,8,True,-7.28,-7.28,0.0,DEM,DEM,False
2022,state_house,nc_supreme_court_associate_justice_seat_02,state_house_nc_supreme_court_associate_justice_seat_02_2004.json,3,2579576,2579584,8,True,1.7,1.7,0.0,REP,REP,False
2022,state_house,nc_supreme_court_associate_justice_seat_02,state_house_nc_supreme_court_associate_justice_seat_02_2004.json,4,2579576,2579584,8,True,3.54,3.54,0.0,REP,REP,False
2022,state_house,nc_supreme_court_associate_justice_seat_02,state_house_nc_supreme_court_associate_justice_seat_02_2004.json,5,2579576,2579584,8,True,-6.14,-6.14,0.0,DEM,DEM,False
2022,state_house,nc_supreme_court_associate_justice_seat_02,state_house_nc_supreme_court_associate_justice_seat_02_2004.json,6,2579576,2579584,8,True,10.28,10.28,0.0,REP,REP,False
2022,state_house,nc_supreme_court_associate_justice_seat_02,state_house_nc_supreme_court_associate_justice_seat_02_2004.json,7,2579576,2579584,8,True,-2.13,-2.13,0.0,DEM,DEM,False
2022,state_house,nc_supreme_court_associate_justice_seat_02,state_house_nc_supreme_court_associate_justice_seat_02_2004.json,8,2579576,2579584,8,True,-11.85,-11.85,0.0,DEM,DEM,False
2022,state_house,nc_supreme_court_associate_justice_seat_02,state_house_nc_supreme_court_associate_justice_seat_02_2004.json,9,2579576,2579584,8,True,3.28,3.28,0.0,REP,REP,False
2022,state_house,nc_supreme_court_associate_justice_seat_02,state_house_nc_supreme_court_associate_justice_seat_02_2004.json,10,2579576,2579584,8,True,7.23,7.23,0.0,REP,REP,False
2022,state_house,nc_supreme_court_associate_justice_seat_02,state_house_nc_supreme_court_associate_justice_seat_02_2004.json,11,2579576,2579584,8,True,5.15,5.15,0.0,REP,REP,False
2022,state_house,nc_supreme_court_associate_justice_seat_02,state_house_nc_supreme_court_associate_justice_seat_02_2004.json,12,2579576,2579584,8,True,-6.43,-6.43,0.0,DEM,DEM,False
2022,state_house,nc_supreme_court_associate_justice_seat_02,state_house_nc_supreme_court_associate_justice_seat_02_2004.json,13,2579576,2579584,8,True,12.17,12.17,0.0,REP,REP,False
2022,state_house,nc_supreme_court_associate_justice_seat_02,state_house_nc_supreme_court_associate_justice_seat_02_2004.json,14,2579576,2579584,8,True,7.46,7.46,0.0,REP,REP,False
2022,state_house,nc_supreme_court_associate_justice_seat_02,state_house_nc_supreme_court_associate_justice_seat_02_2004.json,15,2579576,2579584,8,True,11.86,11.86,0.0,REP,REP,False
2022,state_house,nc_supreme_court_associate_justice_seat_02,state_house_nc_supreme_court_associate_justice_seat_02_2004.json,16,2579576,2579584,8,True,5.05,5.05,0.0,REP,REP,False
2022,state_house,nc_supreme_court_associate_justice_seat_02,state_house_nc_supreme_court_associate_justice_seat_02_2004.json,17,2579576,2579584,8,True,-0.45,-0.45,0.0,DEM,DEM,False
2022,state_house,nc_supreme_court_associate_justice_seat_02,state_house_nc_supreme_court_associate_justice_seat_02_2004.json,18,2579576,2579584,8,True,-0.59,-0.59,0.0,DEM,DEM,False
2022,state_house,nc_supreme_court_associate_justice_seat_02,state_house_nc_supreme_court_associate_justice_seat_02_2004.json,19,2579576,2579584,8,True,6.33,6.33,0.0,REP,REP,False
2022,state_house,nc_supreme_court_associate_justice_seat_02,state_house_nc_supreme_court_associate_justice_seat_02_2004.json,20,2579576,2579584,8,True,10.13,10.13,0.0,REP,REP,False
2022,state_house,nc_supreme_court_associate_justice_seat_02,state_house_nc_supreme_court_associate_justice_seat_02_2004.json,21,2579576,2579584,8,True,9.18,9.18,0.0,REP,REP,False
2022,state_house,nc_supreme_court_associate_justice_seat_02,state_house_nc_supreme_court_associate_justice_seat_02_2004.json,22,2579576,2579584,8,True,-3.27,-3.27,0.0,DEM,DEM,False
2022,state_house,nc_supreme_court_associate_justice_seat_02,state_house_nc_supreme_court_associate_justice_seat_02_2004.json,23,2579576,2579584,8,True,-26.81,-26.81,0.0,DEM,DEM,False
2022,state_house,nc_supreme_court_associate_justice_seat_02,state_house_nc_supreme_court_associate_justice_seat_02_2004.json,24,2579576,2579584,8,True,-2.77,-2.77,0.0,DEM,DEM,False
2022,state_house,nc_supreme_court_associate_justice_seat_02,state_house_nc_supreme_court_associate_justice_seat_02_2004.json,25,2579576,2579584,8,True,8.76,8.76,0.0,REP,REP,False
2022,state_house,nc_supreme_court_associate_justice_seat_02,state_house_nc_supreme_court_associate_justice_seat_02_2004.json,26,2579576,2579584,8,True,19.33,19.33,0.0,REP,REP,False
2022,state_house,nc_supreme_court_associate_justice_seat_02,state_house_nc_supreme_court_associate_justice_seat_02_2004.json,27,2579576,2579584,8,True,-25.2,-25.2,0.0,DEM,DEM,False
2022,state_house,nc_supreme_court_associate_justice_seat_02,state_house_nc_supreme_court_associate_justice_seat_02_2004.json,28,2579576,2579584,8,True,12.38,12.38,0.0,REP,REP,False
2022,state_house,nc_supreme_court_associate_justice_seat_02,state_house_nc_supreme_court_associate_justice_seat_02_2004.json,29,2579576,2579584,8,True,-32.97,-32.97,0.0,DEM,DEM,False
2022,state_house,nc_supreme_court_associate_justice_seat_02,state_house_nc_supreme_court_associate_justice_seat_02_2004.json,30,2579576,2579584,8,True,-34.99,-34.99,0.0,DEM,DEM,False
2022,state_house,nc_supreme_court_associate_justice_seat_02,state_house_nc_supreme_court_associate_justice_seat_02_2004.json,31,2579576,2579584,8,True,-37.0,-37.0,0.0,DEM,DEM,False
2022,state_house,nc_supreme_court_associate_justice_seat_02,state_house_nc_supreme_court_associate_justice_seat_02_2004.json,32,2579576,2579584,8,True,-13.64,-13.64,0.0,DEM,DEM,False
2022,state_house,nc_supreme_court_associate_justice_seat_02,state_house_nc_supreme_court_associate_justice_seat_02_2004.json,33,2579576,2579584,8,True,3.81,3.81,0.0,REP,REP,False
2022,state_house,nc_supreme_court_associate_justice_seat_02,state_house_nc_supreme_court_associate_justice_seat_02_2004.json,34,2579576,2579584,8,True,7.5,7.5,0.0,REP,REP,False
2022,state_house,nc_supreme_court_associate_justice_seat_02,state_house_nc_supreme_court_associate_justice_seat_02_2004.json,35,2579576,2579584,8,True,19.8,19.8,0.0,REP,REP,False
2022,state_house,nc_supreme_court_associate_justice_seat_02,state_house_nc_supreme_court_associate_justice_seat_02_2004.json,36,2579576,2579584,8,True,17.99,17.99,0.0,REP,REP,False
2022,state_house,nc_supreme_court_associate_justice_seat_02,state_house_nc_supreme_court_associate_justice_seat_02_2004.json,37,2579576,2579584,8,True,19.97,19.97,0.0,REP,REP,False
2022,state_house,nc_supreme_court_associate_justice_seat_02,state_house_nc_supreme_court_associate_justice_seat_02_2004.json,38,2579576,2579584,8,True,-38.71,-38.71,0.0,DEM,DEM,False
2022,state_house,nc_supreme_court_associate_justice_seat_02,state_house_nc_supreme_court_associate_justice_seat_02_2004.json,39,2579576,2579584,8,True,-1.23,-1.23,0.0,DEM,DEM,False
2022,state_house,nc_supreme_court_associate_justice_seat_02,state_house_nc_supreme_court_associate_justice_seat_02_2004.json,40,2579576,2579584,8,True,19.83,19.83,0.0,REP,REP,False
2022,state_house,nc_supreme_court_associate_justice_seat_02,state_house_nc_supreme_court_associate_justice_seat_02_2004.json,41,2579576,2579584,8,True,11.37,11.37,0.0,REP,REP,False
2022,state_house,nc_supreme_court_associate_justice_seat_02,state_house_nc_supreme_court_associate_justice_seat_02_2004.json,42,2579576,2579584,8,True,-10.02,-10.02,0.0,DEM,DEM,False
2022,state_house,nc_supreme_court_associate_justice_seat_02,state_house_nc_supreme_court_associate_justice_seat_02_2004.json,43,2579576,2579584,8,True,1.36,1.36,0.0,REP,REP,False
2022,state_house,nc_supreme_court_associate_justice_seat_02,state_house_nc_supreme_court_associate_justice_seat_02_2004.json,44,2579576,2579584,8,True,-2.13,-2.13,0.0,DEM,DEM,False
2022,state_house,nc_supreme_court_associate_justice_seat_02,state_house_nc_supreme_court_associate_justice_seat_02_2004.json,45,2579576,2579584,8,True,-0.45,-0.45,0.0,DEM,DEM,False
2022,state_house,nc_supreme_court_associate_justice_seat_02,state_house_nc_supreme_court_associate_justice_seat_02_2004.json,46,2579576,2579584,8,True,-16.15,-16.15,0.0,DEM,DEM,False
2022,state_house,nc_supreme_court_associate_justice_seat_02,state_house_nc_supreme_court_associate_justice_seat_02_2004.json,47,2579576,2579584,8,True,-28.84,-28.84,0.0,DEM,DEM,False
2022,state_house,nc_supreme_court_associate_justice_seat_02,state_house_nc_supreme_court_associate_justice_seat_02_2004.json,48,2579576,2579584,8,True,-7.21,-7.21,0.0,DEM,DEM,False
2022,state_house,nc_supreme_court_associate_justice_seat_02,state_house_nc_supreme_court_associate_justice_seat_02_2004.json,49,2579576,2579584,8,True,4.56,4.56,0.0,REP,REP,False
2022,state_house,nc_supreme_court_associate_justice_seat_02,state_house_nc_supreme_court_associate_justice_seat_02_2004.json,50,2579576,2579584,8,True,-26.27,-26.27,0.0,DEM,DEM,False
2022,state_house,nc_supreme_court_associate_justice_seat_02,state_house_nc_supreme_court_associate_justice_seat_02_2004.json,51,2579576,2579584,8,True,7.7,7.7,0.0,REP,REP,False
2022,state_house,nc_supreme_court_associate_justice_seat_02,state_house_nc_supreme_court_associate_justice_seat_02_2004.json,52,2579576,2579584,8,True,-0.32,-0.32,0.0,DEM,DEM,False
2022,state_house,nc_supreme_court_associate_justice_seat_02,state_house_nc_supreme_court_associate_justice_seat_02_2004.json,53,2579576,2579584,8,True,18.94,18.94,0.0,REP,REP,False
2022,state_house,nc_supreme_court_associate_justice_seat_02,state_house_nc_supreme_court_associate_justice_seat_02_2004.json,54,2579576,2579584,8,True,6.73,6.73,0.0,REP,REP,False
2022,state_house,nc_supreme_court_associate_justice_seat_02,state_house_nc_supreme_court_associate_justice_seat_02_2004.json,55,2579576,2579584,8,True,5.69,5.69,0.0,REP,REP,False
2022,state_house,nc_supreme_court_associate_justice_seat_02,state_house_nc_supreme_court_associate_justice_seat_02_2004.json,56,2579576,2579584,8,True,-31.94,-31.94,0.0,DEM,DEM,False
2022,state_house,nc_supreme_court_associate_justice_seat_02,state_house_nc_supreme_court_associate_justice_seat_02_2004.json,57,2579576,2579584,8,True,3.72,3.72,0.0,REP,REP,False
2022,state_house,nc_supreme_court_associate_justice_seat_02,state_house_nc_supreme_court_associate_justice_seat_02_2004.json,58,2579576,2579584,8,True,-10.01,-10.01,0.0,DEM,DEM,False
2022,state_house,nc_supreme_court_associate_justice_seat_02,state_house_nc_supreme_court_associate_justice_seat_02_2004.json,59,2579576,2579584,8,True,6.64,6.64,0.0,REP,REP,False
2022,state_house,nc_supreme_court_associate_justice_seat_02,state_house_nc_supreme_court_associate_justice_seat_02_2004.json,60,2579576,2579584,8,True,2.3,2.3,0.0,REP,REP,False
2022,state_house,nc_supreme_court_associate_justice_seat_02,state_house_nc_supreme_court_associate_justice_seat_02_2004.json,61,2579576,2579584,8,True,-16.4,-16.4,0.0,DEM,DEM,False
2022,state_house,nc_supreme_court_associate_justice_seat_02,state_house_nc_supreme_court_associate_justice_seat_02_2004.json,62,2579576,2579584,8,True,12.6,12.6,0.0,REP,REP,False
2022,state_house,nc_supreme_court_associate_justice_seat_02,state_house_nc_supreme_court_associate_justice_seat_02_2004.json,63,2579576,2579584,8,True,-2.52,-2.52,0.0,DEM,DEM,False
2022,state_house,nc_supreme_court_associate_justice_seat_02,state_house_nc_supreme_court_associate_justice_seat_02_2004.json,64,2579576,2579584,8,True,13.52,13.52,0.0,REP,REP,False
2022,state_house,nc_supreme_court_associate_justice_seat_02,state_house_nc_supreme_court_associate_justice_seat_02_2004.json,65,2579576,2579584,8,True,2.39,2.39,0.0,REP,REP,False
2022,state_house,nc_supreme_court_associate_justice_seat_02,state_house_nc_supreme_court_associate_justice_seat_02_2004.json,66,2579576,2579584,8,True,-2.63,-2.63,0.0,DEM,DEM,False
2022,state_house,nc_supreme_court_associate_justice_seat_02,state_house_nc_supreme_court_associate_justice_seat_02_2004.json,67,2579576,2579584,8,True,5.48,5.48,0.0,REP,REP,False
2022,state_house,nc_supreme_court_associate_justice_seat_02,state_house_nc_supreme_court_associate_justice_seat_02_2004.json,68,2579576,2579584,8,True,28.4,28.4,0.0,REP,REP,False
2022,state_house,nc_supreme_court_associate_justice_seat_02,state_house_nc_supreme_court_associate_justice_seat_02_2004.json,69,2579576,2579584,8,True,26.6,26.6,0.0,REP,REP,False
2022,state_house,nc_supreme_court_associate_justice_seat_02,state_house_nc_supreme_court_associate_justice_seat_02_2004.json,70,2579576,2579584,8,True,28.49,28.49,0.0,REP,REP,False
2022,state_house,nc_supreme_court_associate_justice_seat_02,state_house_nc_supreme_court_associate_justice_seat_02_2004.json,71,2579576,2579584,8,True,-16.04,-16.04,0.0,DEM,DEM,False
2022,state_house,nc_supreme_court_associate_justice_seat_02,state_house_nc_supreme_court_associate_justice_seat_02_2004.json,72,2579576,2579584,8,True,-25.39,-25.39,0.0,DEM,DEM,False
2022,state_house,nc_supreme_court_associate_justice_seat_02,state_house_nc_supreme_court_associate_justice_seat_02_2004.json,73,2579576,2579584,8,True,10.19,10.19,0.0,REP,REP,False
2022,state_house,nc_supreme_court_associate_justice_seat_02,state_house_nc_supreme_court_associate_justice_seat_02_2004.json,74,2579576,2579584,8,True,15.72,15.72,0.0,REP,REP,False
2022,state_house,nc_supreme_court_associate_justice_seat_02,state_house_nc_supreme_court_associate_justice_seat_02_2004.json,75,2579576,2579584,8,True,15.16,15.16,0.0,REP,REP,False
2022,state_house,nc_supreme_court_associate_justice_seat_02,state_house_nc_supreme_court_associate_justice_seat_02_2004.json,76,2579576,2579584,8,True,7.26,7.26,0.0,REP,REP,False
2022,state_house,nc_supreme_court_associate_justice_seat_02,state_house_nc_supreme_court_associate_justice_seat_02_2004.json,77,2579576,2579584,8,True,14.17,14.17,0.0,REP,REP,False
2022,state_house,nc_supreme_court_associate_justice_seat_02,state_house_nc_supreme_court_associate_justice_seat_02_2004.json,78,2579576,2579584,8,True,25.22,25.22,0.0,REP,REP,False
2022,state_house,nc_supreme_court_associate_justice_seat_02,state_house_nc_supreme_court_associate_justice_seat_02_2004.json,79,2579576,2579584,8,True,-0.62,-0.62,0.0,DEM,DEM,False
2022,state_house,nc_supreme_court_associate_justice_seat_02,state_house_nc_supreme_court_associate_justice_seat_02_2004.json,80,2579576,2579584,8,True,24.18,24.18,0.0,REP,REP,False
2022,state_house,nc_supreme_court_associate_justice_seat_02,state_house_nc_supreme_court_associate_justice_seat_02_2004.json,81,2579576,2579584,8,True,13.35,13.35,0.0,REP,REP,False
2022,state_house,nc_supreme_court_associate_justice_seat_02,state_house_nc_supreme_court_associate_justice_seat_02_2004.json,82,2579576,2579584,8,True,12.96,12.96,0.0,REP,REP,False
2022,state_house,nc_supreme_court_associate_justice_seat_02,state_house_nc_supreme_court_associate_justice_seat_02_2004.json,83,2579576,2579584,8,True,17.78,17.78,0.0,REP,REP,False
2022,state_house,nc_supreme_court_associate_justice_seat_02,state_house_nc_supreme_court_associate_justice_seat_02_2004.json,84,2579576,2579584,8,True,14.2,14.2,0.0,REP,REP,False
2022,state_house,nc_supreme_court_associate_justice_seat_02,state_house_nc_supreme_court_associate_justice_seat_02_2004.json,85,2579576,2579584,8,True,13.0,13.0,0.0,REP,REP,False
2022,state_house,nc_supreme_court_associate_justice_seat_02,state_house_nc_supreme_court_associate_justice_seat_02_2004.json,86,2579576,2579584,8,True,12.48,12.48,0.0,REP,REP,False
2022,state_house,nc_supreme_court_associate_justice_seat_02,state_house_nc_supreme_court_associate_justice_seat_02_2004.json,87,2579576,2579584,8,True,18.58,18.58,0.0,REP,REP,False
2022,state_house,nc_supreme_court_associate_justice_seat_02,state_house_nc_supreme_court_associate_justice_seat_02_2004.json,88,2579576,2579584,8,True,-9.99,-9.99,0.0,DEM,DEM,False
2022,state_house,nc_supreme_court_associate_justice_seat_02,state_house_nc_supreme_court_associate_justice_seat_02_2004.json,89,2579576,2579584,8,True,22.49,22.49,0.0,REP,REP,False
2022,state_house,nc_supreme_court_associate_justice_seat_02,state_house_nc_supreme_court_associate_justice_seat_02_2004.json,90,2579576,2579584,8,True,13.01,13.01,0.0,REP,REP,False
2022,state_house,nc_supreme_court_associate_justice_seat_02,state_house_nc_supreme_court_associate_justice_seat_02_2004.json,91,2579576,2579584,8,True,11.55,11.55,0.0,REP,REP,False
2022,state_house,nc_supreme_court_associate_justice_seat_02,state_house_nc_supreme_court_associate_justice_seat_02_2004.json,92,2579576,2579584,8,True,-4.39,-4.39,0.0,DEM,DEM,False
2022,state_house,nc_supreme_court_associate_justice_seat_02,state_house_nc_supreme_court_associate_justice_seat_02_2004.json,93,2579576,2579584,8,True,11.95,11.95,0.0,REP,REP,False
2022,state_house,nc_supreme_court_associate_justice_seat_02,state_house_nc_supreme_court_associate_justice_seat_02_2004.json,94,2579576,2579584,8,True,16.79,16.79,0.0,REP,REP,False
2022,state_house,nc_supreme_court_associate_justice_seat_02,state_house_nc_supreme_court_associate_justice_seat_02_2004.json,95,2579576,2579584,8,True,15.52,15.52,0.0,REP,REP,False
2022,state_house,nc_supreme_court_associate_justice_seat_02,state_house_nc_supreme_court_associate_justice_seat_02_2004.json,96,2579576,2579584,8,True,14.82,14.82,0.0,REP,REP,False
2022,state_house,nc_supreme_court_associate_justice_seat_02,state_house_nc_supreme_court_associate_justice_seat_02_2004.json,97,2579576,2579584,8,True,19.06,19.06,0.0,REP,REP,False
2022,state_house,nc_supreme_court_associate_justice_seat_02,state_house_nc_supreme_court_associate_justice_seat_02_2004.json,98,2579576,2579584,8,True,15.31,15.31,0.0,REP,REP,False
2022,state_house,nc_supreme_court_associate_justice_seat_02,state_house_nc_supreme_court_associate_justice_seat_02_2004.json,99,2579576,2579584,8,True,-20.87,-20.87,0.0,DEM,DEM,False
2022,state_house,nc_supreme_court_associate_justice_seat_02,state_house_nc_supreme_court_associate_justice_seat_02_2004.json,100,2579576,2579584,8,True,-7.85,-7.85,0.0,DEM,DEM,False
2022,state_house,nc_supreme_court_associate_justice_seat_02,state_house_nc_supreme_court_associate_justice_seat_02_2004.json,101,2579576,2579584,8,True,-8.11,-8.11,0.0,DEM,DEM,False
2022,state_house,nc_supreme_court_associate_justice_seat_02,state_house_nc_supreme_court_associate_justice_seat_02_2004.json,102,2579576,2579584,8,True,-19.95,-19.95,0.0,DEM,DEM,False
2022,state_house,nc_supreme_court_associate_justice_seat_02,state_house_nc_supreme_court_associate_justice_seat_02_2004.json,103,2579576,2579584,8,True,15.85,15.85,0.0,REP,REP,False
2022,state_house,nc_supreme_court_associate_justice_seat_02,state_house_nc_supreme_court_associate_justice_seat_02_2004.json,104,2579576,2579584,8,True,9.22,9.22,0.0,REP,REP,False
2022,state_house,nc_supreme_court_associate_justice_seat_02,state_house_nc_supreme_court_associate_justice_seat_02_2004.json,105,2579576,2579584,8,True,10.6,10.6,0.0,REP,REP,False
2022,state_house,nc_supreme_court_associate_justice_seat_02,state_house_nc_supreme_court_associate_justice_seat_02_2004.json,106,2579576,2579584,8,True,4.99,4.99,0.0,REP,REP,False
2022,state_house,nc_supreme_court_associate_justice_seat_02,state_house_nc_supreme_court_associate_justice_seat_02_2004.json,107,2579576,2579584,8,True,-15.46,-15.46,0.0,DEM,DEM,False
2022,state_house,nc_supreme_court_associate_justice_seat_02,state_house_nc_supreme_court_associate_justice_seat_02_2004.json,108,2579576,2579584,8,True,19.19,19.19,0.0,REP,REP,False
2022,state_house,nc_supreme_court_associate_justice_seat_02,state_house_nc_supreme_court_associate_justice_seat_02_2004.json,109,2579576,2579584,8,True,17.17,17.17,0.0,REP,REP,False
2022,state_house,nc_supreme_court_associate_justice_seat_02,state_house_nc_supreme_court_associate_justice_seat_02_2004.json,110,2579576,2579584,8,True,9.39,9.39,0.0,REP,REP,False
2022,state_house,nc_supreme_court_associate_justice_seat_02,state_house_nc_supreme_court_associate_justice_seat_02_2004.json,111,2579576,2579584,8,True,6.87,6.87,0.0,REP,REP,False
2022,state_house,nc_supreme_court_associate_justice_seat_02,state_house_nc_supreme_court_associate_justice_seat_02_2004.json,112,2579576,2579584,8,True,5.35,5.35,0.0,REP,REP,False
2022,state_house,nc_supreme_court_associate_justice_seat_02,state_house_nc_supreme_court_associate_justice_seat_02_2004.json,113,2579576,2579584,8,True,9.51,9.51,0.0,REP,REP,False
2022,state_house,nc_supreme_court_associate_justice_seat_02,state_house_nc_supreme_court_associate_justice_seat_02_2004.json,114,2579576,2579584,8,True,-1.69,-1.69,0.0,DEM,DEM,False
2022,state_house,nc_supreme_court_associate_justice_seat_02,state_house_nc_supreme_court_associate_justice_seat_02_2004.json,115,2579576,2579584,8,True,7.77,7.77,0.0,REP,REP,False
2022,state_house,nc_supreme_court_associate_justice_seat_02,state_house_nc_supreme_court_associate_justice_seat_02_2004.json,116,2579576,2579584,8,True,-3.67,-3.67,0.0,DEM,DEM,False
2022,state_house,nc_supreme_court_associate_justice_seat_02,state_house_nc_supreme_court_associate_justice_seat_02_2004.json,117,2579576,2579584,8,True,15.76,15.76,0.0,REP,REP,False
2022,state_house,nc_supreme_court_associate_justice_seat_02,state_house_nc_supreme_court_associate_justice_seat_02_2004.json,118,2579576,2579584,8,True,5.05,5.05,0.0,REP,REP,False
2022,state_house,nc_supreme_court_associate_justice_seat_02,state_house_nc_supreme_court_associate_justice_seat_02_2004.json,119,2579576,2579584,8,True,5.97,5.97,0.0,REP,REP,False
2022,state_house,nc_supreme_court_associate_justice_seat_02,state_house_nc_supreme_court_associate_justice_seat_02_2004.json,120,2579576,2579584,8,True,19.92,19.92,0.0,REP,REP,False
2022,state_house,nc_supreme_court_associate_justice_seat_04,state_house_nc_supreme_court_associate_justice_seat_04_2004.json,1,2710260,2710262,2,True,-35.73,-35.73,0.0,DEM,DEM,False
2022,state_house,nc_supreme_court_associate_justice_seat_04,state_house_nc_supreme_court_associate_justice_seat_04_2004.json,2,2710260,2710262,2,True,-38.53,-38.53,0.0,DEM,DEM,False
2022,state_house,nc_supreme_court_associate_justice_seat_04,state_house_nc_supreme_court_associate_justice_seat_04_2004.json,3,2710260,2710262,2,True,-16.0,-16.0,0.0,DEM,DEM,False
2022,state_house,nc_supreme_court_associate_justice_seat_04,state_house_nc_supreme_court_associate_justice_seat_04_2004.json,4,2710260,2710262,2,True,-29.55,-29.55,0.0,DEM,DEM,False
2022,state_house,nc_supreme_court_associate_justice_seat_04,state_house_nc_supreme_court_associate_justice_seat_04_2004.json,5,2710260,2710262,2,True,-43.58,-43.58,0.0,DEM,DEM,False
2022,state_house,nc_supreme_court_associate_justice_seat_04,state_house_nc_supreme_court_associate_justice_seat_04_2004.json,6,2710260,2710262,2,True,-17.81,-17.81,0.0,DEM,DEM,False
2022,state_house,nc_supreme_court_associate_justice_seat_04,state_house_nc_supreme_court_associate_justice_seat_04_2004.json,7,2710260,2710262,2,True,-36.17,-36.17,0.0,DEM,DEM,False
2022,state_house,nc_supreme_court_associate_justice_seat_04,state_house_nc_supreme_court_associate_justice_seat_04_2004.json,8,2710260,2710262,2,True,-31.0,-31.0,0.0,DEM,DEM,False
2022,state_house,nc_supreme_court_associate_justice_seat_04,state_house_nc_supreme_court_associate_justice_seat_04_2004.json,9,2710260,2710262,2,True,-18.9,-18.9,0.0,DEM,DEM,False
2022,state_house,nc_supreme_court_associate_justice_seat_04,state_house_nc_supreme_court_associate_justice_seat_04_2004.json,10,2710260,2710262,2,True,-24.4,-24.4,0.0,DEM,DEM,False
2022,state_house,nc_supreme_court_associate_justice_seat_04,state_house_nc_supreme_court_associate_justice_seat_04_2004.json,11,2710260,2710262,2,True,-30.0,-30.0,0.0,DEM,DEM,False
2022,state_house,nc_supreme_court_associate_justice_seat_04,state_house_nc_supreme_court_associate_justice_seat_04_2004.json,12,2710260,2710262,2,True,-19.91,-19.91,0.0,DEM,DEM,False
2022,state_house,nc_supreme_court_associate_justice_seat_04,state_house_nc_supreme_court_associate_justice_seat_04_2004.json,13,2710260,2710262,2,True,-15.8,-15.8,0.0,DEM,DEM,False
2022,state_house,nc_supreme_court_associate_justice_seat_04,state_house_nc_supreme_court_associate_justice_seat_04_2004.json,14,2710260,2710262,2,True,-25.77,-25.77,0.0,DEM,DEM,False
2022,state_house,nc_supreme_court_associate_justice_seat_04,state_house_nc_supreme_court_associate_justice_seat_04_2004.json,15,2710260,2710262,2,True,-18.69,-18.69,0.0,DEM,DEM,False
2022,state_house,nc_supreme_court_associate_justice_seat_04,state_house_nc_supreme_court_associate_justice_seat_04_2004.json,16,2710260,2710262,2,True,-19.52,-19.52,0.0,DEM,DEM,False
2022,state_house,nc_supreme_court_associate_justice_seat_04,state_house_nc_supreme_court_associate_justice_seat_04_2004.json,17,2710260,2710262,2,True,-29.14,-29.14,0.0,DEM,DEM,False
2022,state_house,nc_supreme_court_associate_justice_seat_04,state_house_nc_supreme_court_associate_justice_seat_04_2004.json,18,2710260,2710262,2,True,-31.24,-31.24,0.0,DEM,DEM,False
2022,state_house,nc_supreme_court_associate_justice_seat_04,state_house_nc_supreme_court_associate_justice_seat_04_2004.json,19,2710260,2710262,2,True,-25.91,-25.91,0.0,DEM,DEM,False
2022,state_house,nc_supreme_court_associate_justice_seat_04,state_house_nc_supreme_court_associate_justice_seat_04_2004.json,20,2710260,2710262,2,True,-18.41,-18.41,0.0,DEM,DEM,False
2022,state_house,nc_supreme_court_associate_justice_seat_04,state_house_nc_supreme_court_associate_justice_seat_04_2004.json,21,2710260,2710262,2,True,-28.51,-28.51,0.0,DEM,DEM,False
2022,state_house,nc_supreme_court_associate_justice_seat_04,state_house_nc_supreme_court_associate_justice_seat_04_2004.json,22,2710260,2710262,2,True,-25.61,-25.61,0.0,DEM,DEM,False
2022,state_house,nc_supreme_court_associate_justice_seat_04,state_house_nc_supreme_court_associate_justice_seat_04_2004.json,23,2710260,2710262,2,True,-47.91,-47.91,0.0,DEM,DEM,False
2022,state_house,nc_supreme_court_associate_justice_seat_04,state_house_nc_supreme_court_associate_justice_seat_04_2004.json,24,2710260,2710262,2,True,-26.3,-26.3,0.0,DEM,DEM,False
2022,state_house,nc_supreme_court_associate_justice_seat_04,state_house_nc_supreme_court_associate_justice_seat_04_2004.json,25,2710260,2710262,2,True,-25.02,-25.02,0.0,DEM,DEM,False
2022,state_house,nc_supreme_court_associate_justice_seat_04,state_house_nc_supreme_court_associate_justice_seat_04_2004.json,26,2710260,2710262,2,True,-14.67,-14.67,0.0,DEM,DEM,False
2022,state_house,nc_supreme_court_associate_justice_seat_04,state_house_nc_supreme_court_associate_justice_seat_04_2004.json,27,2710260,2710262,2,True,-54.65,-54.65,0.0,DEM,DEM,False
2022,state_house,nc_supreme_court_associate_justice_seat_04,state_house_nc_supreme_court_associate_justice_seat_04_2004.json,28,2710260,2710262,2,True,-23.22,-23.22,0.0,DEM,DEM,False
2022,state_house,nc_supreme_court_associate_justice_seat_04,state_house_nc_supreme_court_associate_justice_seat_04_2004.json,29,2710260,2710262,2,True,-56.6,-56.6,0.0,DEM,DEM,False
2022,state_house,nc_supreme_court_associate_justice_seat_04,state_house_nc_supreme_court_associate_justice_seat_04_2004.json,30,2710260,2710262,2,True,-58.45,-58.45,0.0,DEM,DEM,False
2022,state_house,nc_supreme_court_associate_justice_seat_04,state_house_nc_supreme_court_associate_justice_seat_04_2004.json,31,2710260,2710262,2,True,-58.67,-58.67,0.0,DEM,DEM,False
2022,state_house,nc_supreme_court_associate_justice_seat_04,state_house_nc_supreme_court_associate_justice_seat_04_2004.json,32,2710260,2710262,2,True,-47.19,-47.19,0.0,DEM,DEM,False
2022,state_house,nc_supreme_court_associate_justice_seat_04,state_house_nc_supreme_court_associate_justice_seat_04_2004.json,33,2710260,2710262,2,True,-31.32,-31.32,0.0,DEM,DEM,False
2022,state_house,nc_supreme_court_associate_justice_seat_04,state_house_nc_supreme_court_associate_justice_seat_04_2004.json,34,2710260,2710262,2,True,-32.17,-32.17,0.0,DEM,DEM,False
2022,state_house,nc_supreme_court_associate_justice_seat_04,state_house_nc_supreme_court_associate_justice_seat_04_2004.json,35,2710260,2710262,2,True,-15.89,-15.89,0.0,DEM,DEM,False
2022,state_house,nc_supreme_court_associate_justice_seat_04,state_house_nc_supreme_court_associate_justice_seat_04_2004.json,36,2710260,2710262,2,True,-17.48,-17.48,0.0,DEM,DEM,False
2022,state_house,nc_supreme_court_associate_justice_seat_04,state_house_nc_supreme_court_associate_justice_seat_04_2004.json,37,2710260,2710262,2,True,-15.36,-15.36,0.0,DEM,DEM,False
2022,state_house,nc_supreme_court_associate_justice_seat_04,state_house_nc_supreme_court_associate_justice_seat_04_2004.json,38,2710260,2710262,2,True,-68.38,-68.38,0.0,DEM,DEM,False
2022,state_house,nc_supreme_court_associate_justice_seat_04,state_house_nc_supreme_court_associate_justice_seat_04_2004.json,39,2710260,2710262,2,True,-35.08,-35.08,0.0,DEM,DEM,False
2022,state_house,nc_supreme_court_associate_justice_seat_04,state_house_nc_supreme_court_associate_justice_seat_04_2004.json,40,2710260,2710262,2,True,-17.2,-17.2,0.0,DEM,DEM,False
2022,state_house,nc_supreme_court_associate_justice_seat_04,state_house_nc_supreme_court_associate_justice_seat_04_2004.json,41,2710260,2710262,2,True,-27.94,-27.94,0.0,DEM,DEM,False
2022,state_house,nc_supreme_court_associate_justice_seat_04,state_house_nc_supreme_court_associate_justice_seat_04_2004.json,42,2710260,2710262,2,True,-28.06,-28.06,0.0,DEM,DEM,False
2022,state_house,nc_supreme_court_associate_justice_seat_04,state_house_nc_supreme_court_associate_justice_seat_04_2004.json,43,2710260,2710262,2,True,1.47,1.47,0.0,REP,REP,False
2022,state_house,nc_supreme_court_associate_justice_seat_04,state_house_nc_supreme_court_associate_justice_seat_04_2004.json,44,2710260,2710262,2,True,-13.76,-13.76,0.0,DEM,DEM,False
2022,state_house,nc_supreme_court_associate_justice_seat_04,state_house_nc_supreme_court_associate_justice_seat_04_2004.json,45,2710260,2710262,2,True,-11.8,-11.8,0.0,DEM,DEM,False
2022,state_house,nc_supreme_court_associate_justice_seat_04,state_house_nc_supreme_court_associate_justice_seat_04_2004.json,46,2710260,2710262,2,True,-33.2,-33.2,0.0,DEM,DEM,False
2022,state_house,nc_supreme_court_associate_justice_seat_04,state_house_nc_supreme_court_associate_justice_seat_04_2004.json,47,2710260,2710262,2,True,-34.54,-34.54,0.0,DEM,DEM,False
2022,state_house,nc_supreme_court_associate_justice_seat_04,state_house_nc_supreme_court_associate_justice_seat_04_2004.json,48,2710260,2710262,2,True,-29.8,-29.8,0.0,DEM,DEM,False
2022,state_house,nc_supreme_court_associate_justice_seat_04,state_house_nc_supreme_court_associate_justice_seat_04_2004.json,49,2710260,2710262,2,True,-36.63,-36.63,0.0,DEM,DEM,False
2022,state_house,nc_supreme_court_associate_justice_seat_04,state_house_nc_supreme_court_associate_justice_seat_04_2004.json,50,2710260,2710262,2,True,-50.61,-50.61,0.0,DEM,DEM,False
2022,state_house,nc_supreme_court_associate_justice_seat_04,state_house_nc_supreme_court_associate_justice_seat_04_2004.json,51,2710260,2710262,2,True,-26.78,-26.78,0.0,DEM,DEM,False
2022,state_house,nc_supreme_court_associate_justice_seat_04,state_house_nc_supreme_court_associate_justice_seat_04_2004.json,52,2710260,2710262,2,True,-29.37,-29.37,0.0,DEM,DEM,False
2022,state_house,nc_supreme_court_associate_justice_seat_04,state_house_nc_supreme_court_associate_justice_seat_04_2004.json,53,2710260,2710262,2,True,-9.85,-9.85,0.0,DEM,DEM,False
2022,state_house,nc_supreme_court_associate_justice_seat_04,state_house_nc_supreme_court_associate_justice_seat_04_2004.json,54,2710260,2710262,2,True,-27.64,-27.64,0.0,DEM,DEM,False
2022,state_house,nc_supreme_court_associate_justice_seat_04,state_house_nc_supreme_court_associate_justice_seat_04_2004.json,55,2710260,2710262,2,True,-19.29,-19.29,0.0,DEM,DEM,False
2022,state_house,nc_supreme_court_associate_justice_seat_04,state_house_nc_supreme_court_associate_justice_seat_04_2004.json,56,2710260,2710262,2,True,-54.31,-54.31,0.0,DEM,DEM,False
2022,state_house,nc_supreme_court_associate_justice_seat_04,state_house_nc_supreme_court_associate_justice_seat_04_2004.json,57,2710260,2710262,2,True,-37.65,-37.65,0.0,DEM,DEM,False
2022,state_house,nc_supreme_court_associate_justice_seat_04,state_house_nc_supreme_court_associate_justice_seat_04_2004.json,58,2710260,2710262,2,True,-48.74,-48.74,0.0,DEM,DEM,False
2022,state_house,nc_supreme_court_associate_justice_seat_04,state_house_nc_supreme_court_associate_justice_seat_04_2004.json,59,2710260,2710262,2,True,-27.49,-27.49,0.0,DEM,DEM,False
2022,state_house,nc_supreme_court_associate_justice_seat_04,state_house_nc_supreme_court_associate_justice_seat_04_2004.json,60,2710260,2710262,2,True,-39.37,-39.37,0.0,DEM,DEM,False
2022,state_house,nc_supreme_court_associate_justice_seat_04,state_house_nc_supreme_court_associate_justice_seat_04_2004.json,61,2710260,2710262,2,True,-59.04,-59.04,0.0,DEM,DEM,False
2022,state_house,nc_supreme_court_associate_justice_seat_04,state_house_nc_supreme_court_associate_justice_seat_04_2004.json,62,2710260,2710262,2,True,-26.95,-26.95,0.0,DEM,DEM,False
2022,state_house,nc_supreme_court_associate_justice_seat_04,state_house_nc_supreme_court_associate_justice_seat_04_2004.json,63,2710260,2710262,2,True,-32.72,-32.72,0.0,DEM,DEM,False
2022,state_house,nc_supreme_court_associate_justice_seat_04,state_house_nc_supreme_court_associate_justice_seat_04_2004.json,64,2710260,2710262,2,True,-17.13,-17.13,0.0,DEM,DEM,False
2022,state_house,nc_supreme_court_associate_justice_seat_04,state_house_nc_supreme_court_associate_justice_seat_04_2004.json,65,2710260,2710262,2,True,-29.59,-29.59,0.0,DEM,DEM,False
2022,state_house,nc_supreme_court_associate_justice_seat_04,state_house_nc_supreme_court_associate_justice_seat_04_2004.json,66,2710260,2710262,2,True,-37.67,-37.67,0.0,DEM,DEM,False
2022,state_house,nc_supreme_court_associate_justice_seat_04,state_house_nc_supreme_court_associate_justice_seat_04_2004.json,67,2710260,2710262,2,True,-28.52,-28.52,0.0,DEM,DEM,False
2022,state_house,nc_supreme_court_associate_justice_seat_04,state_house_nc_supreme_court_associate_justice_seat_04_2004.json,68,2710260,2710262,2,True,0.44,0.44,0.0,REP,REP,False
2022,state_house,nc_supreme_court_associate_justice_seat_04,state_house_nc_supreme_court_associate_justice_seat_04_2004.json,69,2710260,2710262,2,True,-3.37,-3.37,0.0,DEM,DEM,False
2022,state_house,nc_supreme_court_associate_justice_seat_04,state_house_nc_supreme_court_associate_justice_seat_04_2004.json,70,2710260,2710262,2,True,-7.05,-7.05,0.0,DEM,DEM,False
2022,state_house,nc_supreme_court_associate_justice_seat_04,state_house_nc_supreme_court_associate_justice_seat_04_2004.json,71,2710260,2710262,2,True,-47.11,-47.11,0.0,DEM,DEM,False
2022,state_house,nc_supreme_court_associate_justice_seat_04,state_house_nc_supreme_court_associate_justice_seat_04_2004.json,72,2710260,2710262,2,True,-54.07,-54.07,0.0,DEM,DEM,False
2022,state_house,nc_supreme_court_associate_justice_seat_04,state_house_nc_supreme_court_associate_justice_seat_04_2004.json,73,2710260,2710262,2,True,-25.94,-25.94,0.0,DEM,DEM,False
2022,state_house,nc_supreme_court_associate_justice_seat_04,state_house_nc_supreme_court_associate_justice_seat_04_2004.json,74,2710260,2710262,2,True,-21.12,-21.12,0.0,DEM,DEM,False
2022,state_house,nc_supreme_court_associate_justice_seat_04,state_house_nc_supreme_court_associate_justice_seat_04_2004.json,75,2710260,2710262,2,True,-18.99,-18.99,0.0,DEM,DEM,False
2022,state_house,nc_supreme_court_associate_justice_seat_04,state_house_nc_supreme_court_associate_justice_seat_04_2004.json,76,2710260,2710262,2,True,-25.63,-25.63,0.0,DEM,DEM,False
2022,state_house,nc_supreme_court_associate_justice_seat_04,state_house_nc_supreme_court_associate_justice_seat_04_2004.json,77,2710260,2710262,2,True,-21.11,-21.11,0.0,DEM,DEM,False
2022,state_house,nc_supreme_court_associate_justice_seat_04,state_house_nc_supreme_court_associate_justice_seat_04_2004.json,78,2710260,2710262,2,True,-8.13,-8.13,0.0,DEM,DEM,False
2022,state_house,nc_supreme_court_associate_justice_seat_04,state_house_nc_supreme_court_associate_justice_seat_04_2004.json,79,2710260,2710262,2,True,-33.69,-33.69,0.0,DEM,DEM,False
2022,state_house,nc_supreme_court_associate_justice_seat_04,state_house_nc_supreme_court_associate_justice_seat_04_2004.json,80,2710260,2710262,2,True,-11.64,-11.64,0.0,DEM,DEM,False
2022,state_house,nc_supreme_court_associate_justice_seat_04,state_house_nc_supreme_court_associate_justice_seat_04_2004.json,81,2710260,2710262,2,True,-22.14,-22.14,0.0,DEM,DEM,False
2022,state_house,nc_supreme_court_associate_justice_seat_04,state_house_nc_supreme_court_associate_justice_seat_04_2004.json,82,2710260,2710262,2,True,-22.54,-22.54,0.0,DEM,DEM,False
2022,state_house,nc_supreme_court_associate_justice_seat_04,state_house_nc_supreme_court_associate_justice_seat_04_2004.json,83,2710260,2710262,2,True,-12.19,-12.19,0.0,DEM,DEM,False
2022,state_house,nc_supreme_court_associate_justice_seat_04,state_house_nc_supreme_court_associate_justice_seat_04_2004.json,84,2710260,2710262,2,True,-22.66,-22.66,0.0,DEM,DEM,False
2022,state_house,nc_supreme_court_associate_justice_seat_04,state_house_nc_supreme_court_associate_justice_seat_04_2004.json,85,2710260,2710262,2,True,-9.85,-9.85,0.0,DEM,DEM,False
2022,state_house,nc_supreme_court_associate_justice_seat_04,state_house_nc_supreme_court_associate_justice_seat_04_2004.json,86,2710260,2710262,2,True,-24.77,-24.77,0.0,DEM,DEM,False
2022,state_house,nc_supreme_court_associate_justice_seat_04,state_house_nc_supreme_court_associate_justice_seat_04_2004.json,87,2710260,2710262,2,True,-10.49,-10.49,0.0,DEM,DEM,False
2022,state_house,nc_supreme_court_associate_justice_seat_04,state_house_nc_supreme_court_associate_justice_seat_04_2004.json,88,2710260,2710262,2,True,-47.95,-47.95,0.0,DEM,DEM,False
2022,state_house,nc_supreme_court_associate_justice_seat_04,state_house_nc_supreme_court_associate_justice_seat_04_2004.json,89,2710260,2710262,2,True,-12.8,-12.8,0.0,DEM,DEM,False
2022,state_house,nc_supreme_court_associate_justice_seat_04,state_house_nc_supreme_court_associate_justice_seat_04_2004.json,90,2710260,2710262,2,True,-23.35,-23.35,0.0,DEM,DEM,False
2022,state_house,nc_supreme_court_associate_justice_seat_04,state_house_nc_supreme_court_associate_justice_seat_04_2004.json,91,2710260,2710262,2,True,-18.49,-18.49,0.0,DEM,DEM,False
2022,state_house,nc_supreme_court_associate_justice_seat_04,state_house_nc_supreme_court_associate_justice_seat_04_2004.json,92,2710260,2710262,2,True,-38.24,-38.24,0.0,DEM,DEM,False
2022,state_house,nc_supreme_court_associate_justice_seat_04,state_house_nc_supreme_court_associate_justice_seat_04_2004.json,93,2710260,2710262,2,True,-22.4,-22.4,0.0,DEM,DEM,False
2022,state_house,nc_supreme_court_associate_justice_seat_04,state_house_nc_supreme_court_associate_justice_seat_04_2004.json,94,2710260,2710262,2,True,-11.78,-11.78,0.0,DEM,DEM,False
2022,state_house,nc_supreme_court_associate_justice_seat_04,state_house_nc_supreme_court_associate_justice_seat_04_2004.json,95,2710260,2710262,2,True,-21.08,-21.08,0.0,DEM,DEM,False
2022,state_house,nc_supreme_court_associate_justice_seat_04,state_house_nc_supreme_court_associate_justice_seat_04_2004.json,96,2710260,2710262,2,True,-21.49,-21.49,0.0,DEM,DEM,False
2022,state_house,nc_supreme_court_associate_justice_seat_04,state_house_nc_supreme_court_associate_justice_seat_04_2004.json,97,2710260,2710262,2,True,-14.61,-14.61,0.0,DEM,DEM,False
2022,state_house,nc_supreme_court_associate_justice_seat_04,state_house_nc_supreme_court_associate_justice_seat_04_2004.json,98,2710260,2710262,2,True,-21.17,-21.17,0.0,DEM,DEM,False
2022,state_house,nc_supreme_court_associate_justice_seat_04,state_house_nc_supreme_court_associate_justice_seat_04_2004.json,99,2710260,2710262,2,True,-54.1,-54.1,0.0,DEM,DEM,False
2022,state_house,nc_supreme_court_associate_justice_seat_04,state_house_nc_supreme_court_associate_justice_seat_04_2004.json,100,2710260,2710262,2,True,-46.56,-46.56,0.0,DEM,DEM,False
2022,state_house,nc_supreme_court_associate_justice_seat_04,state_house_nc_supreme_court_associate_justice_seat_04_2004.json,101,2710260,2710262,2,True,-42.25,-42.25,0.0,DEM,DEM,False
2022,state_house,nc_supreme_court_associate_justice_seat_04,state_house_nc_supreme_court_associate_justice_seat_04_2004.json,102,2710260,2710262,2,True,-57.95,-57.95,0.0,DEM,DEM,False
2022,state_house,nc_supreme_court_associate_justice_seat_04,state_house_nc_supreme_court_associate_justice_seat_04_2004.json,103,2710260,2710262,2,True,-19.99,-19.99,0.0,DEM,DEM,False
2022,state_house,nc_supreme_court_associate_justice_seat_04,state_house_nc_supreme_court_associate_justice_seat_04_2004.json,104,2710260,2710262,2,True,-27.84,-27.84,0.0,DEM,DEM,False
2022,state_house,nc_supreme_court_associate_justice_seat_04,state_house_nc_supreme_court_associate_justice_seat_04_2004.json,105,2710260,2710262,2,True,-25.63,-25.63,0.0,DEM,DEM,False
2022,state_house,nc_supreme_court_associate_justice_seat_04,state_house_nc_supreme_court_associate_justice_seat_04_2004.json,106,2710260,2710262,2,True,-30.3,-30.3,0.0,DEM,DEM,False
2022,state_house,nc_supreme_court_associate_justice_seat_04,state_house_nc_supreme_court_associate_justice_seat_04_2004.json,107,2710260,2710262,2,True,-48.72,-48.72,0.0,DEM,DEM,False
2022,state_house,nc_supreme_court_associate_justice_seat_04,state_house_nc_supreme_court_associate_justice_seat_04_2004.json,108,2710260,2710262,2,True,-8.96,-8.96,0.0,DEM,DEM,False
2022,state_house,nc_supreme_court_associate_justice_seat_04,state_house_nc_supreme_court_associate_justice_seat_04_2004.json,109,2710260,2710262,2,True,-14.27,-14.27,0.0,DEM,DEM,False
2022,state_house,nc_supreme_court_associate_justice_seat_04,state_house_nc_supreme_court_associate_justice_seat_04_2004.json,110,2710260,2710262,2,True,-17.61,-17.61,0.0,DEM,DEM,False
2022,state_house,nc_supreme_court_associate_justice_seat_04,state_house_nc_supreme_court_associate_justice_seat_04_2004.json,111,2710260,2710262,2,True,-19.25,-19.25,0.0,DEM,DEM,False
2022,state_house,nc_supreme_court_associate_justice_seat_04,state_house_nc_supreme_court_associate_justice_seat_04_2004.json,112,2710260,2710262,2,True,-29.69,-29.69,0.0,DEM,DEM,False
2022,state_house,nc_supreme_court_associate_justice_seat_04,state_house_nc_supreme_court_associate_justice_seat_04_2004.json,113,2710260,2710262,2,True,-18.56,-18.56,0.0,DEM,DEM,False
2022,state_house,nc_supreme_court_associate_justice_seat_04,state_house_nc_supreme_court_associate_justice_seat_04_2004.json,114,2710260,2710262,2,True,-35.65,-35.65,0.0,DEM,DEM,False
2022,state_house,nc_supreme_court_associate_justice_seat_04,state_house_nc_supreme_court_associate_justice_seat_04_2004.json,115,2710260,2710262,2,True,-24.87,-24.87,0.0,DEM,DEM,False
2022,state_house,nc_supreme_court_associate_justice_seat_04,state_house_nc_supreme_court_associate_justice_seat_04_2004.json,116,2710260,2710262,2,True,-36.41,-36.41,0.0,DEM,DEM,False
2022,state_house,nc_supreme_court_associate_justice_seat_04,state_house_nc_supreme_court_associate_justice_seat_04_2004.json,117,2710260,2710262,2,True,-9.76,-9.76,0.0,DEM,DEM,False
2022,state_house,nc_supreme_court_associate_justice_seat_04,state_house_nc_supreme_court_associate_justice_seat_04_2004.json,118,2710260,2710262,2,True,-27.1,-27.1,0.0,DEM,DEM,False
2022,state_house,nc_supreme_court_associate_justice_seat_04,state_house_nc_supreme_court_associate_justice_seat_04_2004.json,119,2710260,2710262,2,True,-24.67,-24.67,0.0,DEM,DEM,False
2022,state_house,nc_supreme_court_associate_justice_seat_04,state_house_nc_supreme_court_associate_justice_seat_04_2004.json,120,2710260,2710262,2,True,-7.76,-7.76,0.0,DEM,DEM,False
2022,state_house,president,state_house_president_2004.json,1,3501007,3500999,-8,True,17.02,17.02,0.0,REP,REP,False
2022,state_house,president,state_house_president_2004.json,2,3501007,3500999,-8,True,5.83,5.83,0.0,REP,REP,False
2022,state_house,president,state_house_president_2004.json,3,3501007,3500999,-8,True,25.46,25.46,0.0,REP,REP,False
2022,state_house,president,state_house_president_2004.json,4,3501007,3500999,-8,True,19.43,19.43,0.0,REP,REP,False
2022,state_house,president,state_house_president_2004.json,5,3501007,3500999,-8,True,-8.17,-8.17,0.0,DEM,DEM,False
2022,state_house,president,state_house_president_2004.json,6,3501007,3500999,-8,True,19.27,19.27,0.0,REP,REP,False
2022,state_house,president,state_house_president_2004.json,7,3501007,3500999,-8,True,15.62,15.62,0.0,REP,REP,False
2022,state_house,president,state_house_president_2004.json,8,3501007,3500999,-8,True,-2.26,-2.26,0.0,DEM,DEM,False
2022,state_house,president,state_house_president_2004.json,9,3501007,3500999,-8,True,17.24,17.24,0.0,REP,REP,False
2022,state_house,president,state_house_president_2004.json,10,3501007,3500999,-8,True,11.74,11.74,0.0,REP,REP,False
2022,state_house,president,state_house_president_2004.json,11,3501007,3500999,-8,True,0.47,0.47,0.0,REP,REP,False
2022,state_house,president,state_house_president_2004.json,12,3501007,3500999,-8,True,9.07,9.07,0.0,REP,REP,False
2022,state_house,president,state_house_president_2004.json,13,3501007,3500999,-8,True,37.83,37.83,0.0,REP,REP,False
2022,state_house,president,state_house_president_2004.json,14,3501007,3500999,-8,True,35.3,35.3,0.0,REP,REP,False
2022,state_house,president,state_house_president_2004.json,15,3501007,3500999,-8,True,43.01,43.01,0.0,REP,REP,False
2022,state_house,president,state_house_president_2004.json,16,3501007,3500999,-8,True,25.41,25.41,0.0,REP,REP,False
2022,state_house,president,state_house_president_2004.json,17,3501007,3500999,-8,True,17.2,17.2,0.0,REP,REP,False
2022,state_house,president,state_house_president_2004.json,18,3501007,3500999,-8,True,-1.61,-1.61,0.0,DEM,DEM,False
2022,state_house,president,state_house_president_2004.json,19,3501007,3500999,-8,True,24.85,24.85,0.0,REP,REP,False
2022,state_house,president,state_house_president_2004.json,20,3501007,3500999,-8,True,20.08,20.08,0.0,REP,REP,False
2022,state_house,president,state_house_president_2004.json,21,3501007,3500999,-8,True,15.88,15.88,0.0,REP,REP,False
2022,state_house,president,state_house_president_2004.json,22,3501007,3500999,-8,True,8.83,8.83,0.0,REP,REP,False
2022,state_house,president,state_house_president_2004.json,23,3501007,3500999,-8,True,-14.07,-14.07,0.0,DEM,DEM,False
2022,state_house,president,state_house_president_2004.json,24,3501007,3500999,-8,True,7.93,7.93,0.0,REP,REP,False
2022,state_house,president,state_house_president_2004.json,25,3501007,3500999,-8,True,13.31,13.31,0.0,REP,REP,False
2022,state_house,president,state_house_president_2004.json,26,3501007,3500999,-8,True,35.15,35.15,0.0,REP,REP,False
2022,state_house,president,state_house_president_2004.json,27,3501007,3500999,-8,True,-21.01,-21.01,0.0,DEM,DEM,False
2022,state_house,president,state_house_president_2004.json,28,3501007,3500999,-8,True,39.23,39.23,0.0,REP,REP,False
2022,state_house,president,state_house_president_2004.json,29,3501007,3500999,-8,True,-37.69,-37.69,0.0,DEM,DEM,False
2022,state_house,president,state_house_president_2004.json,30,3501007,3500999,-8,True,-44.9,-44.9,0.0,DEM,DEM,False
2022,state_house,president,state_house_president_2004.json,31,3501007,3500999,-8,True,-48.79,-48.79,0.0,DEM,DEM,False
2022,state_house,president,state_house_president_2004.json,32,3501007,3500999,-8,True,-8.09,-8.09,0.0,DEM,DEM,False
2022,state_house,president,state_house_president_2004.json,33,3501007,3500999,-8,True,9.35,9.35,0.0,REP,REP,False
2022,state_house,president,state_house_president_2004.json,34,3501007,3500999,-8,True,6.12,6.12,0.0,REP,REP,False
2022,state_house,president,state_house_president_2004.json,35,3501007,3500999,-8,True,30.68,30.68,0.0,REP,REP,False
2022,state_house,president,state_house_president_2004.json,36,3501007,3500999,-8,True,21.81,21.81,0.0,REP,REP,False
2022,state_house,president,state_house_president_2004.json,37,3501007,3500999,-8,True,29.76,29.76,0.0,REP,REP,False
2022,state_house,president,state_house_president_2004.json,38,3501007,3500999,-8,True,-59.32,-59.32,0.0,DEM,DEM,False
2022,state_house,president,state_house_president_2004.json,39,3501007,3500999,-8,True,10.25,10.25,0.0,REP,REP,False
2022,state_house,president,state_house_president_2004.json,40,3501007,3500999,-8,True,22.33,22.33,0.0,REP,REP,False
2022,state_house,president,state_house_president_2004.json,41,3501007,3500999,-8,True,11.79,11.79,0.0,REP,REP,False
2022,state_house,president,state_house_president_2004.json,42,3501007,3500999,-8,True,-13.79,-13.79,0.0,DEM,DEM,False
2022,state_house,president,state_house_president_2004.json,43,3501007,3500999,-8,True,10.67,10.67,0.0,REP,REP,False
2022,state_house,president,state_house_president_2004.json,44,3501007,3500999,-8,True,0.93,0.93,0.0,REP,REP,False
2022,state_house,president,state_house_president_2004.json,45,3501007,3500999,-8,True,15.65,15.65,0.0,REP,REP,False
2022,state_house,president,state_house_president_2004.json,46,3501007,3500999,-8,True,8.63,8.63,0.0,REP,REP,False
2022,state_house,president,state_house_president_2004.json,47,3501007,3500999,-8,True,-13.77,-13.77,0.0,DEM,DEM,False
2022,state_house,president,state_house_president_2004.json,48,3501007,3500999,-8,True,-7.84,-7.84,0.0,DEM,DEM,False
2022,state_house,president,state_house_president_2004.json,49,3501007,3500999,-8,True,-2.14,-2.14,0.0,DEM,DEM,False
2022,state_house,president,state_house_president_2004.json,50,3501007,3500999,-8,True,4.11,4.11,0.0,REP,REP,False
2022,state_house,president,state_house_president_2004.json,51,3501007,3500999,-8,True,23.52,23.52,0.0,REP,REP,False
2022,state_house,president,state_house_president_2004.json,52,3501007,3500999,-8,True,6.37,6.37,0.0,REP,REP,False
2022,state_house,president,state_house_president_2004.json,53,3501007,3500999,-8,True,40.54,40.54,0.0,REP,REP,False
2022,state_house,president,state_house_president_2004.json,54,3501007,3500999,-8,True,11.66,11.66,0.0,REP,REP,False
2022,state_house,president,state_house_president_2004.json,55,3501007,3500999,-8,True,17.01,17.01,0.0,REP,REP,False
2022,state_house,president,state_house_president_2004.json,56,3501007,3500999,-8,True,-38.23,-38.23,0.0,DEM,DEM,False
2022,state_house,president,state_house_president_2004.json,57,3501007,3500999,-8,True,6.44,6.44,0.0,REP,REP,False
2022,state_house,president,state_house_president_2004.json,58,3501007,3500999,-8,True,-22.77,-22.77,0.0,DEM,DEM,False
2022,state_house,president,state_house_president_2004.json,59,3501007,3500999,-8,True,27.63,27.63,0.0,REP,REP,False
2022,state_house,president,state_house_president_2004.json,60,3501007,3500999,-8,True,-3.26,-3.26,0.0,DEM,DEM,False
2022,state_house,president,state_house_president_2004.json,61,3501007,3500999,-8,True,-43.17,-43.17,0.0,DEM,DEM,False
2022,state_house,president,state_house_president_2004.json,62,3501007,3500999,-8,True,22.28,22.28,0.0,REP,REP,False
2022,state_house,president,state_house_president_2004.json,63,3501007,3500999,-8,True,6.86,6.86,0.0,REP,REP,False
2022,state_house,president,state_house_president_2004.json,64,3501007,3500999,-8,True,35.04,35.04,0.0,REP,REP,False
2022,state_house,president,state_house_president_2004.json,65,3501007,3500999,-8,True,24.36,24.36,0.0,REP,REP,False
2022,state_house,president,state_house_president_2004.json,66,3501007,3500999,-8,True,-4.94,-4.94,0.0,DEM,DEM,False
2022,state_house,president,state_house_president_2004.json,67,3501007,3500999,-8,True,31.01,31.01,0.0,REP,REP,False
2022,state_house,president,state_house_president_2004.json,68,3501007,3500999,-8,True,49.52,49.52,0.0,REP,REP,False
2022,state_house,president,state_house_president_2004.json,69,3501007,3500999,-8,True,48.32,48.32,0.0,REP,REP,False
2022,state_house,president,state_house_president_2004.json,70,3501007,3500999,-8,True,49.29,49.29,0.0,REP,REP,False
2022,state_house,president,state_house_president_2004.json,71,3501007,3500999,-8,True,-15.3,-15.3,0.0,DEM,DEM,False
2022,state_house,president,state_house_president_2004.json,72,3501007,3500999,-8,True,-27.33,-27.33,0.0,DEM,DEM,False
2022,state_house,president,state_house_president_2004.json,73,3501007,3500999,-8,True,28.32,28.32,0.0,REP,REP,False
2022,state_house,president,state_house_president_2004.json,74,3501007,3500999,-8,True,34.01,34.01,0.0,REP,REP,False
2022,state_house,president,state_house_president_2004.json,75,3501007,3500999,-8,True,35.91,35.91,0.0,REP,REP,False
2022,state_house,president,state_house_president_2004.json,76,3501007,3500999,-8,True,26.04,26.04,0.0,REP,REP,False
2022,state_house,president,state_house_president_2004.json,77,3501007,3500999,-8,True,51.28,51.28,0.0,REP,REP,False
2022,state_house,president,state_house_president_2004.json,78,3501007,3500999,-8,True,47.91,47.91,0.0,REP,REP,False
2022,state_house,president,state_house_president_2004.json,79,3501007,3500999,-8,True,23.01,23.01,0.0,REP,REP,False
2022,state_house,president,state_house_president_2004.json,80,3501007,3500999,-8,True,49.56,49.56,0.0,REP,REP,False
2022,state_house,president,state_house_president_2004.json,81,3501007,3500999,-8,True,35.12,35.12,0.0,REP,REP,False
2022,state_house,president,state_house_president_2004.json,82,3501007,3500999,-8,True,34.21,34.21,0.0,REP,REP,False
2022,state_house,president,state_house_president_2004.json,83,3501007,3500999,-8,True,51.18,51.18,0.0,REP,REP,False
2022,state_house,president,state_house_president_2004.json,84,3501007,3500999,-8,True,32.75,32.75,0.0,REP,REP,False
2022,state_house,president,state_house_president_2004.json,85,3501007,3500999,-8,True,36.67,36.67,0.0,REP,REP,False
2022,state_house,president,state_house_president_2004.json,86,3501007,3500999,-8,True,27.31,27.31,0.0,REP,REP,False
2022,state_house,president,state_house_president_2004.json,87,3501007,3500999,-8,True,37.63,37.63,0.0,REP,REP,False
2022,state_house,president,state_house_president_2004.json,88,3501007,3500999,-8,True,-22.91,-22.91,0.0,DEM,DEM,False
2022,state_house,president,state_house_president_2004.json,89,3501007,3500999,-8,True,39.34,39.34,0.0,REP,REP,False
2022,state_house,president,state_house_president_2004.json,90,3501007,3500999,-8,True,40.79,40.79,0.0,REP,REP,False
2022,state_house,president,state_house_president_2004.json,91,3501007,3500999,-8,True,39.48,39.48,0.0,REP,REP,False
2022,state_house,president,state_house_president_2004.json,92,3501007,3500999,-8,True,-4.17,-4.17,0.0,DEM,DEM,False
2022,state_house,president,state_house_president_2004.json,93,3501007,3500999,-8,True,21.3,21.3,0.0,REP,REP,False
2022,state_house,president,state_house_president_2004.json,94,3501007,3500999,-8,True,42.5,42.5,0.0,REP,REP,False
2022,state_house,president,state_house_president_2004.json,95,3501007,3500999,-8,True,41.06,41.06,0.0,REP,REP,False
2022,state_house,president,state_house_president_2004.json,96,3501007,3500999,-8,True,32.91,32.91,0.0,REP,REP,False
2022,state_house,president,state_house_president_2004.json,97,3501007,3500999,-8,True,38.63,38.63,0.0,REP,REP,False
2022,state_house,president,state_house_president_2004.json,98,3501007,3500999,-8,True,31.25,31.25,0.0,REP,REP,False
2022,state_house,president,state_house_president_2004.json,99,3501007,3500999,-8,True,-45.81,-45.81,0.0,DEM,DEM,False
2022,state_house,president,state_house_president_2004.json,100,3501007,3500999,-8,True,-26.38,-26.38,0.0,DEM,DEM,False
2022,state_house,president,state_house_president_2004.json,101,3501007,3500999,-8,True,-20.25,-20.25,0.0,DEM,DEM,False
2022,state_house,president,state_house_president_2004.json,102,3501007,3500999,-8,True,-46.8,-46.8,0.0,DEM,DEM,False
2022,state_house,president,state_house_president_2004.json,103,3501007,3500999,-8,True,34.09,34.09,0.0,REP,REP,False
2022,state_house,president,state_house_president_2004.json,104,3501007,3500999,-8,True,25.85,25.85,0.0,REP,REP,False
2022,state_house,president,state_house_president_2004.json,105,3501007,3500999,-8,True,25.37,25.37,0.0,REP,REP,False
2022,state_house,president,state_house_president_2004.json,106,3501007,3500999,-8,True,9.99,9.99,0.0,REP,REP,False
2022,state_house,president,state_house_president_2004.json,107,3501007,3500999,-8,True,-33.58,-33.58,0.0,DEM,DEM,False
2022,state_house,president,state_house_president_2004.json,108,3501007,3500999,-8,True,46.38,46.38,0.0,REP,REP,False
2022,state_house,president,state_house_president_2004.json,109,3501007,3500999,-8,True,37.3,37.3,0.0,REP,REP,False
2022,state_house,president,state_house_president_2004.json,110,3501007,3500999,-8,True,26.18,26.18,0.0,REP,REP,False
2022,state_house,president,state_house_president_2004.json,111,3501007,3500999,-8,True,33.59,33.59,0.0,REP,REP,False
2022,state_house,president,state_house_president_2004.json,112,3501007,3500999,-8,True,10.25,10.25,0.0,REP,REP,False
2022,state_house,president,state_house_president_2004.json,113,3501007,3500999,-8,True,30.53,30.53,0.0,REP,REP,False
2022,state_house,president,state_house_president_2004.json,114,3501007,3500999,-8,True,-10.42,-10.42,0.0,DEM,DEM,False
2022,state_house,president,state_house_president_2004.json,115,3501007,3500999,-8,True,20.74,20.74,0.0,REP,REP,False
2022,state_house,president,state_house_president_2004.json,116,3501007,3500999,-8,True,5.96,5.96,0.0,REP,REP,False
2022,state_house,president,state_house_president_2004.json,117,3501007,3500999,-8,True,30.07,30.07,0.0,REP,REP,False
2022,state_house,president,state_house_president_2004.json,118,3501007,3500999,-8,True,13.58,13.58,0.0,REP,REP,False
2022,state_house,president,state_house_president_2004.json,119,3501007,3500999,-8,True,16.0,16.0,0.0,REP,REP,False
2022,state_house,president,state_house_president_2004.json,120,3501007,3500999,-8,True,33.84,33.84,0.0,REP,REP,False
2022,state_house,secretary_of_state,state_house_secretary_of_state_2004.json,1,3334694,3334694,0,True,-15.11,-15.11,0.0,DEM,DEM,False
2022,state_house,secretary_of_state,state_house_secretary_of_state_2004.json,2,3334694,3334694,0,True,-35.25,-35.25,0.0,DEM,DEM,False
2022,state_house,secretary_of_state,state_house_secretary_of_state_2004.json,3,3334694,3334694,0,True,-3.16,-3.16,0.0,DEM,DEM,False
2022,state_house,secretary_of_state,state_house_secretary_of_state_2004.json,4,3334694,3334694,0,True,-22.79,-22.79,0.0,DEM,DEM,False
2022,state_house,secretary_of_state,state_house_secretary_of_state_2004.json,5,3334694,3334694,0,True,-33.66,-33.66,0.0,DEM,DEM,False
2022,state_house,secretary_of_state,state_house_secretary_of_state_2004.json,6,3334694,3334694,0,True,-22.26,-22.26,0.0,DEM,DEM,False
2022,state_house,secretary_of_state,state_house_secretary_of_state_2004.json,7,3334694,3334694,0,True,-32.51,-32.51,0.0,DEM,DEM,False
2022,state_house,secretary_of_state,state_house_secretary_of_state_2004.json,8,3334694,3334694,0,True,-26.02,-26.02,0.0,DEM,DEM,False
2022,state_house,secretary_of_state,state_house_secretary_of_state_2004.json,9,3334694,3334694,0,True,-11.05,-11.05,0.0,DEM,DEM,False
2022,state_house,secretary_of_state,state_house_secretary_of_state_2004.json,10,3334694,3334694,0,True,-13.66,-13.66,0.0,DEM,DEM,False
2022,state_house,secretary_of_state,state_house_secretary_of_state_2004.json,11,3334694,3334694,0,True,-22.35,-22.35,0.0,DEM,DEM,False
2022,state_house,secretary_of_state,state_house_secretary_of_state_2004.json,12,3334694,3334694,0,True,-26.73,-26.73,0.0,DEM,DEM,False
2022,state_house,secretary_of_state,state_house_secretary_of_state_2004.json,13,3334694,3334694,0,True,3.75,3.75,0.0,REP,REP,False
2022,state_house,secretary_of_state,state_house_secretary_of_state_2004.json,14,3334694,3334694,0,True,3.34,3.34,0.0,REP,REP,False
2022,state_house,secretary_of_state,state_house_secretary_of_state_2004.json,15,3334694,3334694,0,True,3.46,3.46,0.0,REP,REP,False
2022,state_house,secretary_of_state,state_house_secretary_of_state_2004.json,16,3334694,3334694,0,True,-6.61,-6.61,0.0,DEM,DEM,False
2022,state_house,secretary_of_state,state_house_secretary_of_state_2004.json,17,3334694,3334694,0,True,-11.78,-11.78,0.0,DEM,DEM,False
2022,state_house,secretary_of_state,state_house_secretary_of_state_2004.json,18,3334694,3334694,0,True,-22.27,-22.27,0.0,DEM,DEM,False
2022,state_house,secretary_of_state,state_house_secretary_of_state_2004.json,19,3334694,3334694,0,True,-6.14,-6.14,0.0,DEM,DEM,False
2022,state_house,secretary_of_state,state_house_secretary_of_state_2004.json,20,3334694,3334694,0,True,-6.16,-6.16,0.0,DEM,DEM,False
2022,state_house,secretary_of_state,state_house_secretary_of_state_2004.json,21,3334694,3334694,0,True,-7.99,-7.99,0.0,DEM,DEM,False
2022,state_house,secretary_of_state,state_house_secretary_of_state_2004.json,22,3334694,3334694,0,True,-31.2,-31.2,0.0,DEM,DEM,False
2022,state_house,secretary_of_state,state_house_secretary_of_state_2004.json,23,3334694,3334694,0,True,-53.52,-53.52,0.0,DEM,DEM,False
2022,state_house,secretary_of_state,state_house_secretary_of_state_2004.json,24,3334694,3334694,0,True,-25.31,-25.31,0.0,DEM,DEM,False
2022,state_house,secretary_of_state,state_house_secretary_of_state_2004.json,25,3334694,3334694,0,True,-25.93,-25.93,0.0,DEM,DEM,False
2022,state_house,secretary_of_state,state_house_secretary_of_state_2004.json,26,3334694,3334694,0,True,-3.16,-3.16,0.0,DEM,DEM,False
2022,state_house,secretary_of_state,state_house_secretary_of_state_2004.json,27,3334694,3334694,0,True,-58.28,-58.28,0.0,DEM,DEM,False
2022,state_house,secretary_of_state,state_house_secretary_of_state_2004.json,28,3334694,3334694,0,True,-16.86,-16.86,0.0,DEM,DEM,False
2022,state_house,secretary_of_state,state_house_secretary_of_state_2004.json,29,3334694,3334694,0,True,-55.89,-55.89,0.0,DEM,DEM,False
2022,state_house,secretary_of_state,state_house_secretary_of_state_2004.json,30,3334694,3334694,0,True,-60.37,-60.37,0.0,DEM,DEM,False
2022,state_house,secretary_of_state,state_house_secretary_of_state_2004.json,31,3334694,3334694,0,True,-62.55,-62.55,0.0,DEM,DEM,False
2022,state_house,secretary_of_state,state_house_secretary_of_state_2004.json,32,3334694,3334694,0,True,-47.63,-47.63,0.0,DEM,DEM,False
2022,state_house,secretary_of_state,state_house_secretary_of_state_2004.json,33,3334694,3334694,0,True,-24.25,-24.25,0.0,DEM,DEM,False
2022,state_house,secretary_of_state,state_house_secretary_of_state_2004.json,34,3334694,3334694,0,True,-26.77,-26.77,0.0,DEM,DEM,False
2022,state_house,secretary_of_state,state_house_secretary_of_state_2004.json,35,3334694,3334694,0,True,-1.34,-1.34,0.0,DEM,DEM,False
2022,state_house,secretary_of_state,state_house_secretary_of_state_2004.json,36,3334694,3334694,0,True,-4.31,-4.31,0.0,DEM,DEM,False
2022,state_house,secretary_of_state,state_house_secretary_of_state_2004.json,37,3334694,3334694,0,True,-4.15,-4.15,0.0,DEM,DEM,False
2022,state_house,secretary_of_state,state_house_secretary_of_state_2004.json,38,3334694,3334694,0,True,-74.34,-74.34,0.0,DEM,DEM,False
2022,state_house,secretary_of_state,state_house_secretary_of_state_2004.json,39,3334694,3334694,0,True,-28.03,-28.03,0.0,DEM,DEM,False
2022,state_house,secretary_of_state,state_house_secretary_of_state_2004.json,40,3334694,3334694,0,True,-5.4,-5.4,0.0,DEM,DEM,False
2022,state_house,secretary_of_state,state_house_secretary_of_state_2004.json,41,3334694,3334694,0,True,-16.25,-16.25,0.0,DEM,DEM,False
2022,state_house,secretary_of_state,state_house_secretary_of_state_2004.json,42,3334694,3334694,0,True,-31.48,-31.48,0.0,DEM,DEM,False
2022,state_house,secretary_of_state,state_house_secretary_of_state_2004.json,43,3334694,3334694,0,True,-23.19,-23.19,0.0,DEM,DEM,False
2022,state_house,secretary_of_state,state_house_secretary_of_state_2004.json,44,3334694,3334694,0,True,-34.17,-34.17,0.0,DEM,DEM,False
2022,state_house,secretary_of_state,state_house_secretary_of_state_2004.json,45,3334694,3334694,0,True,-19.24,-19.24,0.0,DEM,DEM,False
2022,state_house,secretary_of_state,state_house_secretary_of_state_2004.json,46,3334694,3334694,0,True,-46.39,-46.39,0.0,DEM,DEM,False
2022,state_house,secretary_of_state,state_house_secretary_of_state_2004.json,47,3334694,3334694,0,True,-61.05,-61.05,0.0,DEM,DEM,False
2022,state_house,secretary_of_state,state_house_secretary_of_state_2004.json,48,3334694,3334694,0,True,-32.3,-32.3,0.0,DEM,DEM,False
2022,state_house,secretary_of_state,state_house_secretary_of_state_2004.json,49,3334694,3334694,0,True,-28.13,-28.13,0.0,DEM,DEM,False
2022,state_house,secretary_of_state,state_house_secretary_of_state_2004.json,50,3334694,3334694,0,True,-44.88,-44.88,0.0,DEM,DEM,False
2022,state_house,secretary_of_state,state_house_secretary_of_state_2004.json,51,3334694,3334694,0,True,-18.53,-18.53,0.0,DEM,DEM,False
2022,state_house,secretary_of_state,state_house_secretary_of_state_2004.json,52,3334694,3334694,0,True,-22.13,-22.13,0.0,DEM,DEM,False
2022,state_house,secretary_of_state,state_house_secretary_of_state_2004.json,53,3334694,3334694,0,True,-5.73,-5.73,0.0,DEM,DEM,False
2022,state_house,secretary_of_state,state_house_secretary_of_state_2004.json,54,3334694,3334694,0,True,-16.89,-16.89,0.0,DEM,DEM,False
2022,state_house,secretary_of_state,state_house_secretary_of_state_2004.json,55,3334694,3334694,0,True,-11.97,-11.97,0.0,DEM,DEM,False
2022,state_house,secretary_of_state,state_house_secretary_of_state_2004.json,56,3334694,3334694,0,True,-49.15,-49.15,0.0,DEM,DEM,False
2022,state_house,secretary_of_state,state_house_secretary_of_state_2004.json,57,3334694,3334694,0,True,-13.02,-13.02,0.0,DEM,DEM,False
2022,state_house,secretary_of_state,state_house_secretary_of_state_2004.json,58,3334694,3334694,0,True,-38.83,-38.83,0.0,DEM,DEM,False
2022,state_house,secretary_of_state,state_house_secretary_of_state_2004.json,59,3334694,3334694,0,True,-0.14,-0.14,0.0,DEM,DEM,False
2022,state_house,secretary_of_state,state_house_secretary_of_state_2004.json,60,3334694,3334694,0,True,-21.95,-21.95,0.0,DEM,DEM,False
2022,state_house,secretary_of_state,state_house_secretary_of_state_2004.json,61,3334694,3334694,0,True,-57.65,-57.65,0.0,DEM,DEM,False
2022,state_house,secretary_of_state,state_house_secretary_of_state_2004.json,62,3334694,3334694,0,True,2.75,2.75,0.0,REP,REP,False
2022,state_house,secretary_of_state,state_house_secretary_of_state_2004.json,63,3334694,3334694,0,True,-19.78,-19.78,0.0,DEM,DEM,False
2022,state_house,secretary_of_state,state_house_secretary_of_state_2004.json,64,3334694,3334694,0,True,7.41,7.41,0.0,REP,REP,False
2022,state_house,secretary_of_state,state_house_secretary_of_state_2004.json,65,3334694,3334694,0,True,-15.69,-15.69,0.0,DEM,DEM,False
2022,state_house,secretary_of_state,state_house_secretary_of_state_2004.json,66,3334694,3334694,0,True,-32.6,-32.6,0.0,DEM,DEM,False
2022,state_house,secretary_of_state,state_house_secretary_of_state_2004.json,67,3334694,3334694,0,True,-0.17,-0.17,0.0,DEM,DEM,False
2022,state_house,secretary_of_state,state_house_secretary_of_state_2004.json,68,3334694,3334694,0,True,32.53,32.53,0.0,REP,REP,False
2022,state_house,secretary_of_state,state_house_secretary_of_state_2004.json,69,3334694,3334694,0,True,29.47,29.47,0.0,REP,REP,False
2022,state_house,secretary_of_state,state_house_secretary_of_state_2004.json,70,3334694,3334694,0,True,21.42,21.42,0.0,REP,REP,False
2022,state_house,secretary_of_state,state_house_secretary_of_state_2004.json,71,3334694,3334694,0,True,-35.18,-35.18,0.0,DEM,DEM,False
2022,state_house,secretary_of_state,state_house_secretary_of_state_2004.json,72,3334694,3334694,0,True,-46.59,-46.59,0.0,DEM,DEM,False
2022,state_house,secretary_of_state,state_house_secretary_of_state_2004.json,73,3334694,3334694,0,True,3.33,3.33,0.0,REP,REP,False
2022,state_house,secretary_of_state,state_house_secretary_of_state_2004.json,74,3334694,3334694,0,True,9.26,9.26,0.0,REP,REP,False
2022,state_house,secretary_of_state,state_house_secretary_of_state_2004.json,75,3334694,3334694,0,True,9.36,9.36,0.0,REP,REP,False
2022,state_house,secretary_of_state,state_house_secretary_of_state_2004.json,76,3334694,3334694,0,True,-9.26,-9.26,0.0,DEM,DEM,False
2022,state_house,secretary_of_state,state_house_secretary_of_state_2004.json,77,3334694,3334694,0,True,18.69,18.69,0.0,REP,REP,False
2022,state_house,secretary_of_state,state_house_secretary_of_state_2004.json,78,3334694,3334694,0,True,15.57,15.57,0.0,REP,REP,False
2022,state_house,secretary_of_state,state_house_secretary_of_state_2004.json,79,3334694,3334694,0,True,-14.87,-14.87,0.0,DEM,DEM,False
2022,state_house,secretary_of_state,state_house_secretary_of_state_2004.json,80,3334694,3334694,0,True,20.88,20.88,0.0,REP,REP,False
2022,state_house,secretary_of_state,state_house_secretary_of_state_2004.json,81,3334694,3334694,0,True,2.38,2.38,0.0,REP,REP,False
2022,state_house,secretary_of_state,state_house_secretary_of_state_2004.json,82,3334694,3334694,0,True,6.22,6.22,0.0,REP,REP,False
2022,state_house,secretary_of_state,state_house_secretary_of_state_2004.json,83,3334694,3334694,0,True,14.88,14.88,0.0,REP,REP,False
2022,state_house,secretary_of_state,state_house_secretary_of_state_2004.json,84,3334694,3334694,0,True,-2.86,-2.86,0.0,DEM,DEM,False
2022,state_house,secretary_of_state,state_house_secretary_of_state_2004.json,85,3334694,3334694,0,True,9.26,9.26,0.0,REP,REP,False
2022,state_house,secretary_of_state,state_house_secretary_of_state_2004.json,86,3334694,3334694,0,True,-3.63,-3.63,0.0,DEM,DEM,False
2022,state_house,secretary_of_state,state_house_secretary_of_state_2004.json,87,3334694,3334694,0,True,4.67,4.67,0.0,REP,REP,False
2022,state_house,secretary_of_state,state_house_secretary_of_state_2004.json,88,3334694,3334694,0,True,-35.81,-35.81,0.0,DEM,DEM,False
2022,state_house,secretary_of_state,state_house_secretary_of_state_2004.json,89,3334694,3334694,0,True,13.1,13.1,0.0,REP,REP,False
2022,state_house,secretary_of_state,state_house_secretary_of_state_2004.json,90,3334694,3334694,0,True,2.52,2.52,0.0,REP,REP,False
2022,state_house,secretary_of_state,state_house_secretary_of_state_2004.json,91,3334694,3334694,0,True,5.56,5.56,0.0,REP,REP,False
2022,state_house,secretary_of_state,state_house_secretary_of_state_2004.json,92,3334694,3334694,0,True,-20.63,-20.63,0.0,DEM,DEM,False
2022,state_house,secretary_of_state,state_house_secretary_of_state_2004.json,93,3334694,3334694,0,True,-10.36,-10.36,0.0,DEM,DEM,False
2022,state_house,secretary_of_state,state_house_secretary_of_state_2004.json,94,3334694,3334694,0,True,8.22,8.22,0.0,REP,REP,False
2022,state_house,secretary_of_state,state_house_secretary_of_state_2004.json,95,3334694,3334694,0,True,14.74,14.74,0.0,REP,REP,False
2022,state_house,secretary_of_state,state_house_secretary_of_state_2004.json,96,3334694,3334694,0,True,9.92,9.92,0.0,REP,REP,False
2022,state_house,secretary_of_state,state_house_secretary_of_state_2004.json,97,3334694,3334694,0,True,3.87,3.87,0.0,REP,REP,False
2022,state_house,secretary_of_state,state_house_secretary_of_state_2004.json,98,3334694,3334694,0,True,16.72,16.72,0.0,REP,REP,False
2022,state_house,secretary_of_state,state_house_secretary_of_state_2004.json,99,3334694,3334694,0,True,-56.9,-56.9,0.0,DEM,DEM,False
2022,state_house,secretary_of_state,state_house_secretary_of_state_2004.json,100,3334694,3334694,0,True,-41.48,-41.48,0.0,DEM,DEM,False
2022,state_house,secretary_of_state,state_house_secretary_of_state_2004.json,101,3334694,3334694,0,True,-36.93,-36.93,0.0,DEM,DEM,False
2022,state_house,secretary_of_state,state_house_secretary_of_state_2004.json,102,3334694,3334694,0,True,-57.38,-57.38,0.0,DEM,DEM,False
2022,state_house,secretary_of_state,state_house_secretary_of_state_2004.json,103,3334694,3334694,0,True,20.78,20.78,0.0,REP,REP,False
2022,state_house,secretary_of_state,state_house_secretary_of_state_2004.json,104,3334694,3334694,0,True,10.92,10.92,0.0,REP,REP,False
2022,state_house,secretary_of_state,state_house_secretary_of_state_2004.json,105,3334694,3334694,0,True,12.76,12.76,0.0,REP,REP,False
2022,state_house,secretary_of_state,state_house_secretary_of_state_2004.json,106,3334694,3334694,0,True,-7.05,-7.05,0.0,DEM,DEM,False
2022,state_house,secretary_of_state,state_house_secretary_of_state_2004.json,107,3334694,3334694,0,True,-45.18,-45.18,0.0,DEM,DEM,False
2022,state_house,secretary_of_state,state_house_secretary_of_state_2004.json,108,3334694,3334694,0,True,18.06,18.06,0.0,REP,REP,False
2022,state_house,secretary_of_state,state_house_secretary_of_state_2004.json,109,3334694,3334694,0,True,8.27,8.27,0.0,REP,REP,False
2022,state_house,secretary_of_state,state_house_secretary_of_state_2004.json,110,3334694,3334694,0,True,-6.64,-6.64,0.0,DEM,DEM,False
2022,state_house,secretary_of_state,state_house_secretary_of_state_2004.json,111,3334694,3334694,0,True,-8.43,-8.43,0.0,DEM,DEM,False
2022,state_house,secretary_of_state,state_house_secretary_of_state_2004.json,112,3334694,3334694,0,True,-8.55,-8.55,0.0,DEM,DEM,False
2022,state_house,secretary_of_state,state_house_secretary_of_state_2004.json,113,3334694,3334694,0,True,3.17,3.17,0.0,REP,REP,False
2022,state_house,secretary_of_state,state_house_secretary_of_state_2004.json,114,3334694,3334694,0,True,-24.41,-24.41,0.0,DEM,DEM,False
2022,state_house,secretary_of_state,state_house_secretary_of_state_2004.json,115,3334694,3334694,0,True,-2.65,-2.65,0.0,DEM,DEM,False
2022,state_house,secretary_of_state,state_house_secretary_of_state_2004.json,116,3334694,3334694,0,True,-24.26,-24.26,0.0,DEM,DEM,False
2022,state_house,secretary_of_state,state_house_secretary_of_state_2004.json,117,3334694,3334694,0,True,14.69,14.69,0.0,REP,REP,False
2022,state_house,secretary_of_state,state_house_secretary_of_state_2004.json,118,3334694,3334694,0,True,-17.24,-17.24,0.0,DEM,DEM,False
2022,state_house,secretary_of_state,state_house_secretary_of_state_2004.json,119,3334694,3334694,0,True,-8.38,-8.38,0.0,DEM,DEM,False
2022,state_house,secretary_of_state,state_house_secretary_of_state_2004.json,120,3334694,3334694,0,True,9.12,9.12,0.0,REP,REP,False
2022,state_house,superintendent,state_house_superintendent_2004.json,1,3302903,3302904,1,True,-3.23,-3.23,0.0,DEM,DEM,False
2022,state_house,superintendent,state_house_superintendent_2004.json,2,3302903,3302904,1,True,-12.48,-12.48,0.0,DEM,DEM,False
2022,state_house,superintendent,state_house_superintendent_2004.json,3,3302903,3302904,1,True,7.07,7.07,0.0,REP,REP,False
2022,state_house,superintendent,state_house_superintendent_2004.json,4,3302903,3302904,1,True,-1.93,-1.93,0.0,DEM,DEM,False
2022,state_house,superintendent,state_house_superintendent_2004.json,5,3302903,3302904,1,True,-26.08,-26.08,0.0,DEM,DEM,False
2022,state_house,superintendent,state_house_superintendent_2004.json,6,3302903,3302904,1,True,5.07,5.07,0.0,REP,REP,False
2022,state_house,superintendent,state_house_superintendent_2004.json,7,3302903,3302904,1,True,-9.6,-9.6,0.0,DEM,DEM,False
2022,state_house,superintendent,state_house_superintendent_2004.json,8,3302903,3302904,1,True,-16.76,-16.76,0.0,DEM,DEM,False
2022,state_house,superintendent,state_house_superintendent_2004.json,9,3302903,3302904,1,True,-1.01,-1.01,0.0,DEM,DEM,False
2022,state_house,superintendent,state_house_superintendent_2004.json,10,3302903,3302904,1,True,4.43,4.43,0.0,REP,REP,False
2022,state_house,superintendent,state_house_superintendent_2004.json,11,3302903,3302904,1,True,-4.42,-4.42,0.0,DEM,DEM,False
2022,state_house,superintendent,state_house_superintendent_2004.json,12,3302903,3302904,1,True,-9.73,-9.73,0.0,DEM,DEM,False
2022,state_house,superintendent,state_house_superintendent_2004.json,13,3302903,3302904,1,True,19.1,19.1,0.0,REP,REP,False
2022,state_house,superintendent,state_house_superintendent_2004.json,14,3302903,3302904,1,True,14.61,14.61,0.0,REP,REP,False
2022,state_house,superintendent,state_house_superintendent_2004.json,15,3302903,3302904,1,True,19.31,19.31,0.0,REP,REP,False
2022,state_house,superintendent,state_house_superintendent_2004.json,16,3302903,3302904,1,True,6.81,6.81,0.0,REP,REP,False
2022,state_house,superintendent,state_house_superintendent_2004.json,17,3302903,3302904,1,True,1.01,1.01,0.0,REP,REP,False
2022,state_house,superintendent,state_house_superintendent_2004.json,18,3302903,3302904,1,True,-11.56,-11.56,0.0,DEM,DEM,False
2022,state_house,superintendent,state_house_superintendent_2004.json,19,3302903,3302904,1,True,8.69,8.69,0.0,REP,REP,False
2022,state_house,superintendent,state_house_superintendent_2004.json,20,3302903,3302904,1,True,8.38,8.38,0.0,REP,REP,False
2022,state_house,superintendent,state_house_superintendent_2004.json,21,3302903,3302904,1,True,6.89,6.89,0.0,REP,REP,False
2022,state_house,superintendent,state_house_superintendent_2004.json,22,3302903,3302904,1,True,-12.3,-12.3,0.0,DEM,DEM,False
2022,state_house,superintendent,state_house_superintendent_2004.json,23,3302903,3302904,1,True,-40.34,-40.34,0.0,DEM,DEM,False
2022,state_house,superintendent,state_house_superintendent_2004.json,24,3302903,3302904,1,True,-9.0,-9.0,0.0,DEM,DEM,False
2022,state_house,superintendent,state_house_superintendent_2004.json,25,3302903,3302904,1,True,-3.62,-3.62,0.0,DEM,DEM,False
2022,state_house,superintendent,state_house_superintendent_2004.json,26,3302903,3302904,1,True,17.54,17.54,0.0,REP,REP,False
2022,state_house,superintendent,state_house_superintendent_2004.json,27,3302903,3302904,1,True,-44.5,-44.5,0.0,DEM,DEM,False
2022,state_house,superintendent,state_house_superintendent_2004.json,28,3302903,3302904,1,True,14.99,14.99,0.0,REP,REP,False
2022,state_house,superintendent,state_house_superintendent_2004.json,29,3302903,3302904,1,True,-41.63,-41.63,0.0,DEM,DEM,False
2022,state_house,superintendent,state_house_superintendent_2004.json,30,3302903,3302904,1,True,-45.65,-45.65,0.0,DEM,DEM,False
2022,state_house,superintendent,state_house_superintendent_2004.json,31,3302903,3302904,1,True,-51.94,-51.94,0.0,DEM,DEM,False
2022,state_house,superintendent,state_house_superintendent_2004.json,32,3302903,3302904,1,True,-29.59,-29.59,0.0,DEM,DEM,False
2022,state_house,superintendent,state_house_superintendent_2004.json,33,3302903,3302904,1,True,-4.13,-4.13,0.0,DEM,DEM,False
2022,state_house,superintendent,state_house_superintendent_2004.json,34,3302903,3302904,1,True,-2.03,-2.03,0.0,DEM,DEM,False
2022,state_house,superintendent,state_house_superintendent_2004.json,35,3302903,3302904,1,True,16.38,16.38,0.0,REP,REP,False
2022,state_house,superintendent,state_house_superintendent_2004.json,36,3302903,3302904,1,True,13.34,13.34,0.0,REP,REP,False
2022,state_house,superintendent,state_house_superintendent_2004.json,37,3302903,3302904,1,True,15.4,15.4,0.0,REP,REP,False
2022,state_house,superintendent,state_house_superintendent_2004.json,38,3302903,3302904,1,True,-64.86,-64.86,0.0,DEM,DEM,False
2022,state_house,superintendent,state_house_superintendent_2004.json,39,3302903,3302904,1,True,-10.5,-10.5,0.0,DEM,DEM,False
2022,state_house,superintendent,state_house_superintendent_2004.json,40,3302903,3302904,1,True,12.89,12.89,0.0,REP,REP,False
2022,state_house,superintendent,state_house_superintendent_2004.json,41,3302903,3302904,1,True,2.33,2.33,0.0,REP,REP,False
2022,state_house,superintendent,state_house_superintendent_2004.json,42,3302903,3302904,1,True,-22.37,-22.37,0.0,DEM,DEM,False
2022,state_house,superintendent,state_house_superintendent_2004.json,43,3302903,3302904,1,True,-5.59,-5.59,0.0,DEM,DEM,False
2022,state_house,superintendent,state_house_superintendent_2004.json,44,3302903,3302904,1,True,-20.36,-20.36,0.0,DEM,DEM,False
2022,state_house,superintendent,state_house_superintendent_2004.json,45,3302903,3302904,1,True,-4.57,-4.57,0.0,DEM,DEM,False
2022,state_house,superintendent,state_house_superintendent_2004.json,46,3302903,3302904,1,True,-27.81,-27.81,0.0,DEM,DEM,False
2022,state_house,superintendent,state_house_superintendent_2004.json,47,3302903,3302904,1,True,-47.2,-47.2,0.0,DEM,DEM,False
2022,state_house,superintendent,state_house_superintendent_2004.json,48,3302903,3302904,1,True,-26.1,-26.1,0.0,DEM,DEM,False
2022,state_house,superintendent,state_house_superintendent_2004.json,49,3302903,3302904,1,True,-7.58,-7.58,0.0,DEM,DEM,False
2022,state_house,superintendent,state_house_superintendent_2004.json,50,3302903,3302904,1,True,-31.09,-31.09,0.0,DEM,DEM,False
2022,state_house,superintendent,state_house_superintendent_2004.json,51,3302903,3302904,1,True,1.45,1.45,0.0,REP,REP,False
2022,state_house,superintendent,state_house_superintendent_2004.json,52,3302903,3302904,1,True,-7.17,-7.17,0.0,DEM,DEM,False
2022,state_house,superintendent,state_house_superintendent_2004.json,53,3302903,3302904,1,True,21.09,21.09,0.0,REP,REP,False
2022,state_house,superintendent,state_house_superintendent_2004.json,54,3302903,3302904,1,True,3.22,3.22,0.0,REP,REP,False
2022,state_house,superintendent,state_house_superintendent_2004.json,55,3302903,3302904,1,True,1.46,1.46,0.0,REP,REP,False
2022,state_house,superintendent,state_house_superintendent_2004.json,56,3302903,3302904,1,True,-35.45,-35.45,0.0,DEM,DEM,False
2022,state_house,superintendent,state_house_superintendent_2004.json,57,3302903,3302904,1,True,3.26,3.26,0.0,REP,REP,False
2022,state_house,superintendent,state_house_superintendent_2004.json,58,3302903,3302904,1,True,-29.42,-29.42,0.0,DEM,DEM,False
2022,state_house,superintendent,state_house_superintendent_2004.json,59,3302903,3302904,1,True,16.32,16.32,0.0,REP,REP,False
2022,state_house,superintendent,state_house_superintendent_2004.json,60,3302903,3302904,1,True,-10.26,-10.26,0.0,DEM,DEM,False
2022,state_house,superintendent,state_house_superintendent_2004.json,61,3302903,3302904,1,True,-48.02,-48.02,0.0,DEM,DEM,False
2022,state_house,superintendent,state_house_superintendent_2004.json,62,3302903,3302904,1,True,18.1,18.1,0.0,REP,REP,False
2022,state_house,superintendent,state_house_superintendent_2004.json,63,3302903,3302904,1,True,-7.41,-7.41,0.0,DEM,DEM,False
2022,state_house,superintendent,state_house_superintendent_2004.json,64,3302903,3302904,1,True,21.75,21.75,0.0,REP,REP,False
2022,state_house,superintendent,state_house_superintendent_2004.json,65,3302903,3302904,1,True,2.14,2.14,0.0,REP,REP,False
2022,state_house,superintendent,state_house_superintendent_2004.json,66,3302903,3302904,1,True,-15.81,-15.81,0.0,DEM,DEM,False
2022,state_house,superintendent,state_house_superintendent_2004.json,67,3302903,3302904,1,True,14.67,14.67,0.0,REP,REP,False
2022,state_house,superintendent,state_house_superintendent_2004.json,68,3302903,3302904,1,True,39.26,39.26,0.0,REP,REP,False
2022,state_house,superintendent,state_house_superintendent_2004.json,69,3302903,3302904,1,True,39.54,39.54,0.0,REP,REP,False
2022,state_house,superintendent,state_house_superintendent_2004.json,70,3302903,3302904,1,True,39.49,39.49,0.0,REP,REP,False
2022,state_house,superintendent,state_house_superintendent_2004.json,71,3302903,3302904,1,True,-24.48,-24.48,0.0,DEM,DEM,False
2022,state_house,superintendent,state_house_superintendent_2004.json,72,3302903,3302904,1,True,-35.07,-35.07,0.0,DEM,DEM,False
2022,state_house,superintendent,state_house_superintendent_2004.json,73,3302903,3302904,1,True,17.12,17.12,0.0,REP,REP,False
2022,state_house,superintendent,state_house_superintendent_2004.json,74,3302903,3302904,1,True,24.26,24.26,0.0,REP,REP,False
2022,state_house,superintendent,state_house_superintendent_2004.json,75,3302903,3302904,1,True,24.02,24.02,0.0,REP,REP,False
2022,state_house,superintendent,state_house_superintendent_2004.json,76,3302903,3302904,1,True,11.13,11.13,0.0,REP,REP,False
2022,state_house,superintendent,state_house_superintendent_2004.json,77,3302903,3302904,1,True,37.22,37.22,0.0,REP,REP,False
2022,state_house,superintendent,state_house_superintendent_2004.json,78,3302903,3302904,1,True,30.06,30.06,0.0,REP,REP,False
2022,state_house,superintendent,state_house_superintendent_2004.json,79,3302903,3302904,1,True,1.69,1.69,0.0,REP,REP,False
2022,state_house,superintendent,state_house_superintendent_2004.json,80,3302903,3302904,1,True,34.8,34.8,0.0,REP,REP,False
2022,state_house,superintendent,state_house_superintendent_2004.json,81,3302903,3302904,1,True,18.05,18.05,0.0,REP,REP,False
2022,state_house,superintendent,state_house_superintendent_2004.json,82,3302903,3302904,1,True,21.85,21.85,0.0,REP,REP,False
2022,state_house,superintendent,state_house_superintendent_2004.json,83,3302903,3302904,1,True,35.76,35.76,0.0,REP,REP,False
2022,state_house,superintendent,state_house_superintendent_2004.json,84,3302903,3302904,1,True,14.1,14.1,0.0,REP,REP,False
2022,state_house,superintendent,state_house_superintendent_2004.json,85,3302903,3302904,1,True,20.22,20.22,0.0,REP,REP,False
2022,state_house,superintendent,state_house_superintendent_2004.json,86,3302903,3302904,1,True,13.6,13.6,0.0,REP,REP,False
2022,state_house,superintendent,state_house_superintendent_2004.json,87,3302903,3302904,1,True,23.66,23.66,0.0,REP,REP,False
2022,state_house,superintendent,state_house_superintendent_2004.json,88,3302903,3302904,1,True,-30.52,-30.52,0.0,DEM,DEM,False
2022,state_house,superintendent,state_house_superintendent_2004.json,89,3302903,3302904,1,True,29.48,29.48,0.0,REP,REP,False
2022,state_house,superintendent,state_house_superintendent_2004.json,90,3302903,3302904,1,True,20.1,20.1,0.0,REP,REP,False
2022,state_house,superintendent,state_house_superintendent_2004.json,91,3302903,3302904,1,True,23.55,23.55,0.0,REP,REP,False
2022,state_house,superintendent,state_house_superintendent_2004.json,92,3302903,3302904,1,True,-14.8,-14.8,0.0,DEM,DEM,False
2022,state_house,superintendent,state_house_superintendent_2004.json,93,3302903,3302904,1,True,2.5,2.5,0.0,REP,REP,False
2022,state_house,superintendent,state_house_superintendent_2004.json,94,3302903,3302904,1,True,28.1,28.1,0.0,REP,REP,False
2022,state_house,superintendent,state_house_superintendent_2004.json,95,3302903,3302904,1,True,29.74,29.74,0.0,REP,REP,False
2022,state_house,superintendent,state_house_superintendent_2004.json,96,3302903,3302904,1,True,24.55,24.55,0.0,REP,REP,False
2022,state_house,superintendent,state_house_superintendent_2004.json,97,3302903,3302904,1,True,23.26,23.26,0.0,REP,REP,False
2022,state_house,superintendent,state_house_superintendent_2004.json,98,3302903,3302904,1,True,23.57,23.57,0.0,REP,REP,False
2022,state_house,superintendent,state_house_superintendent_2004.json,99,3302903,3302904,1,True,-53.12,-53.12,0.0,DEM,DEM,False
2022,state_house,superintendent,state_house_superintendent_2004.json,100,3302903,3302904,1,True,-36.49,-36.49,0.0,DEM,DEM,False
2022,state_house,superintendent,state_house_superintendent_2004.json,101,3302903,3302904,1,True,-32.17,-32.17,0.0,DEM,DEM,False
2022,state_house,superintendent,state_house_superintendent_2004.json,102,3302903,3302904,1,True,-53.29,-53.29,0.0,DEM,DEM,False
2022,state_house,superintendent,state_house_superintendent_2004.json,103,3302903,3302904,1,True,27.14,27.14,0.0,REP,REP,False
2022,state_house,superintendent,state_house_superintendent_2004.json,104,3302903,3302904,1,True,18.55,18.55,0.0,REP,REP,False
2022,state_house,superintendent,state_house_superintendent_2004.json,105,3302903,3302904,1,True,18.69,18.69,0.0,REP,REP,False
2022,state_house,superintendent,state_house_superintendent_2004.json,106,3302903,3302904,1,True,-2.08,-2.08,0.0,DEM,DEM,False
2022,state_house,superintendent,state_house_superintendent_2004.json,107,3302903,3302904,1,True,-40.99,-40.99,0.0,DEM,DEM,False
2022,state_house,superintendent,state_house_superintendent_2004.json,108,3302903,3302904,1,True,32.16,32.16,0.0,REP,REP,False
2022,state_house,superintendent,state_house_superintendent_2004.json,109,3302903,3302904,1,True,24.35,24.35,0.0,REP,REP,False
2022,state_house,superintendent,state_house_superintendent_2004.json,110,3302903,3302904,1,True,10.66,10.66,0.0,REP,REP,False
2022,state_house,superintendent,state_house_superintendent_2004.json,111,3302903,3302904,1,True,8.61,8.61,0.0,REP,REP,False
2022,state_house,superintendent,state_house_superintendent_2004.json,112,3302903,3302904,1,True,-1.63,-1.63,0.0,DEM,DEM,False
2022,state_house,superintendent,state_house_superintendent_2004.json,113,3302903,3302904,1,True,10.7,10.7,0.0,REP,REP,False
2022,state_house,superintendent,state_house_superintendent_2004.json,114,3302903,3302904,1,True,-17.59,-17.59,0.0,DEM,DEM,False
2022,state_house,superintendent,state_house_superintendent_2004.json,115,3302903,3302904,1,True,5.77,5.77,0.0,REP,REP,False
2022,state_house,superintendent,state_house_superintendent_2004.json,116,3302903,3302904,1,True,-16.77,-16.77,0.0,DEM,DEM,False
2022,state_house,superintendent,state_house_superintendent_2004.json,117,3302903,3302904,1,True,21.58,21.58,0.0,REP,REP,False
2022,state_house,superintendent,state_house_superintendent_2004.json,118,3302903,3302904,1,True,-6.72,-6.72,0.0,DEM,DEM,False
2022,state_house,superintendent,state_house_superintendent_2004.json,119,3302903,3302904,1,True,-1.33,-1.33,0.0,DEM,DEM,False
2022,state_house,superintendent,state_house_superintendent_2004.json,120,3302903,3302904,1,True,16.39,16.39,0.0,REP,REP,False
2022,state_house,treasurer,state_house_treasurer_2004.json,1,3324820,3324811,-9,True,-4.45,-4.45,0.0,DEM,DEM,False
2022,state_house,treasurer,state_house_treasurer_2004.json,2,3324820,3324811,-9,True,-31.98,-31.98,0.0,DEM,DEM,False
2022,state_house,treasurer,state_house_treasurer_2004.json,3,3324820,3324811,-9,True,6.35,6.35,0.0,REP,REP,False
2022,state_house,treasurer,state_house_treasurer_2004.json,4,3324820,3324811,-9,True,-13.7,-13.7,0.0,DEM,DEM,False
2022,state_house,treasurer,state_house_treasurer_2004.json,5,3324820,3324811,-9,True,-26.16,-26.16,0.0,DEM,DEM,False
2022,state_house,treasurer,state_house_treasurer_2004.json,6,3324820,3324811,-9,True,-11.5,-11.5,0.0,DEM,DEM,False
2022,state_house,treasurer,state_house_treasurer_2004.json,7,3324820,3324811,-9,True,-31.21,-31.21,0.0,DEM,DEM,False
2022,state_house,treasurer,state_house_treasurer_2004.json,8,3324820,3324811,-9,True,-21.75,-21.75,0.0,DEM,DEM,False
2022,state_house,treasurer,state_house_treasurer_2004.json,9,3324820,3324811,-9,True,-6.54,-6.54,0.0,DEM,DEM,False
2022,state_house,treasurer,state_house_treasurer_2004.json,10,3324820,3324811,-9,True,-8.13,-8.13,0.0,DEM,DEM,False
2022,state_house,treasurer,state_house_treasurer_2004.json,11,3324820,3324811,-9,True,-18.35,-18.35,0.0,DEM,DEM,False
2022,state_house,treasurer,state_house_treasurer_2004.json,12,3324820,3324811,-9,True,-20.42,-20.42,0.0,DEM,DEM,False
2022,state_house,treasurer,state_house_treasurer_2004.json,13,3324820,3324811,-9,True,15.48,15.48,0.0,REP,REP,False
2022,state_house,treasurer,state_house_treasurer_2004.json,14,3324820,3324811,-9,True,10.41,10.41,0.0,REP,REP,False
2022,state_house,treasurer,state_house_treasurer_2004.json,15,3324820,3324811,-9,True,13.23,13.23,0.0,REP,REP,False
2022,state_house,treasurer,state_house_treasurer_2004.json,16,3324820,3324811,-9,True,1.69,1.69,0.0,REP,REP,False
2022,state_house,treasurer,state_house_treasurer_2004.json,17,3324820,3324811,-9,True,-2.2,-2.2,0.0,DEM,DEM,False
2022,state_house,treasurer,state_house_treasurer_2004.json,18,3324820,3324811,-9,True,-13.37,-13.37,0.0,DEM,DEM,False
2022,state_house,treasurer,state_house_treasurer_2004.json,19,3324820,3324811,-9,True,7.4,7.4,0.0,REP,REP,False
2022,state_house,treasurer,state_house_treasurer_2004.json,20,3324820,3324811,-9,True,5.76,5.76,0.0,REP,REP,False
2022,state_house,treasurer,state_house_treasurer_2004.json,21,3324820,3324811,-9,True,-4.51,-4.51,0.0,DEM,DEM,False
2022,state_house,treasurer,state_house_treasurer_2004.json,22,3324820,3324811,-9,True,-22.91,-22.91,0.0,DEM,DEM,False
2022,state_house,treasurer,state_house_treasurer_2004.json,23,3324820,3324811,-9,True,-49.39,-49.39,0.0,DEM,DEM,False
2022,state_house,treasurer,state_house_treasurer_2004.json,24,3324820,3324811,-9,True,-23.22,-23.22,0.0,DEM,DEM,False
2022,state_house,treasurer,state_house_treasurer_2004.json,25,3324820,3324811,-9,True,-24.71,-24.71,0.0,DEM,DEM,False
2022,state_house,treasurer,state_house_treasurer_2004.json,26,3324820,3324811,-9,True,-0.38,-0.38,0.0,DEM,DEM,False
2022,state_house,treasurer,state_house_treasurer_2004.json,27,3324820,3324811,-9,True,-56.1,-56.1,0.0,DEM,DEM,False
2022,state_house,treasurer,state_house_treasurer_2004.json,28,3324820,3324811,-9,True,-10.9,-10.9,0.0,DEM,DEM,False
2022,state_house,treasurer,state_house_treasurer_2004.json,29,3324820,3324811,-9,True,-52.03,-52.03,0.0,DEM,DEM,False
2022,state_house,treasurer,state_house_treasurer_2004.json,30,3324820,3324811,-9,True,-57.37,-57.37,0.0,DEM,DEM,False
2022,state_house,treasurer,state_house_treasurer_2004.json,31,3324820,3324811,-9,True,-59.64,-59.64,0.0,DEM,DEM,False
2022,state_house,treasurer,state_house_treasurer_2004.json,32,3324820,3324811,-9,True,-50.91,-50.91,0.0,DEM,DEM,False
2022,state_house,treasurer,state_house_treasurer_2004.json,33,3324820,3324811,-9,True,-20.54,-20.54,0.0,DEM,DEM,False
2022,state_house,treasurer,state_house_treasurer_2004.json,34,3324820,3324811,-9,True,-24.68,-24.68,0.0,DEM,DEM,False
2022,state_house,treasurer,state_house_treasurer_2004.json,35,3324820,3324811,-9,True,2.2,2.2,0.0,REP,REP,False
2022,state_house,treasurer,state_house_treasurer_2004.json,36,3324820,3324811,-9,True,-0.2,-0.2,0.0,DEM,DEM,False
2022,state_house,treasurer,state_house_treasurer_2004.json,37,3324820,3324811,-9,True,0.76,0.76,0.0,REP,REP,False
2022,state_house,treasurer,state_house_treasurer_2004.json,38,3324820,3324811,-9,True,-72.49,-72.49,0.0,DEM,DEM,False
2022,state_house,treasurer,state_house_treasurer_2004.json,39,3324820,3324811,-9,True,-24.62,-24.62,0.0,DEM,DEM,False
2022,state_house,treasurer,state_house_treasurer_2004.json,40,3324820,3324811,-9,True,-2.2,-2.2,0.0,DEM,DEM,False
2022,state_house,treasurer,state_house_treasurer_2004.json,41,3324820,3324811,-9,True,-12.33,-12.33,0.0,DEM,DEM,False
2022,state_house,treasurer,state_house_treasurer_2004.json,42,3324820,3324811,-9,True,-26.35,-26.35,0.0,DEM,DEM,False
2022,state_house,treasurer,state_house_treasurer_2004.json,43,3324820,3324811,-9,True,-16.41,-16.41,0.0,DEM,DEM,False
2022,state_house,treasurer,state_house_treasurer_2004.json,44,3324820,3324811,-9,True,-27.8,-27.8,0.0,DEM,DEM,False
2022,state_house,treasurer,state_house_treasurer_2004.json,45,3324820,3324811,-9,True,-12.15,-12.15,0.0,DEM,DEM,False
2022,state_house,treasurer,state_house_treasurer_2004.json,46,3324820,3324811,-9,True,-36.04,-36.04,0.0,DEM,DEM,False
2022,state_house,treasurer,state_house_treasurer_2004.json,47,3324820,3324811,-9,True,-57.26,-57.26,0.0,DEM,DEM,False
2022,state_house,treasurer,state_house_treasurer_2004.json,48,3324820,3324811,-9,True,-33.68,-33.68,0.0,DEM,DEM,False
2022,state_house,treasurer,state_house_treasurer_2004.json,49,3324820,3324811,-9,True,-25.52,-25.52,0.0,DEM,DEM,False
2022,state_house,treasurer,state_house_treasurer_2004.json,50,3324820,3324811,-9,True,-40.95,-40.95,0.0,DEM,DEM,False
2022,state_house,treasurer,state_house_treasurer_2004.json,51,3324820,3324811,-9,True,-12.83,-12.83,0.0,DEM,DEM,False
2022,state_house,treasurer,state_house_treasurer_2004.json,52,3324820,3324811,-9,True,-18.3,-18.3,0.0,DEM,DEM,False
2022,state_house,treasurer,state_house_treasurer_2004.json,53,3324820,3324811,-9,True,1.17,1.17,0.0,REP,REP,False
2022,state_house,treasurer,state_house_treasurer_2004.json,54,3324820,3324811,-9,True,-12.02,-12.02,0.0,DEM,DEM,False
2022,state_house,treasurer,state_house_treasurer_2004.json,55,3324820,3324811,-9,True,-7.07,-7.07,0.0,DEM,DEM,False
2022,state_house,treasurer,state_house_treasurer_2004.json,56,3324820,3324811,-9,True,-46.0,-46.0,0.0,DEM,DEM,False
2022,state_house,treasurer,state_house_treasurer_2004.json,57,3324820,3324811,-9,True,-3.76,-3.76,0.0,DEM,DEM,False
2022,state_house,treasurer,state_house_treasurer_2004.json,58,3324820,3324811,-9,True,-32.64,-32.64,0.0,DEM,DEM,False
2022,state_house,treasurer,state_house_treasurer_2004.json,59,3324820,3324811,-9,True,8.19,8.19,0.0,REP,REP,False
2022,state_house,treasurer,state_house_treasurer_2004.json,60,3324820,3324811,-9,True,-16.47,-16.47,0.0,DEM,DEM,False
2022,state_house,treasurer,state_house_treasurer_2004.json,61,3324820,3324811,-9,True,-51.62,-51.62,0.0,DEM,DEM,False
2022,state_house,treasurer,state_house_treasurer_2004.json,62,3324820,3324811,-9,True,11.82,11.82,0.0,REP,REP,False
2022,state_house,treasurer,state_house_treasurer_2004.json,63,3324820,3324811,-9,True,-17.24,-17.24,0.0,DEM,DEM,False
2022,state_house,treasurer,state_house_treasurer_2004.json,64,3324820,3324811,-9,True,7.72,7.72,0.0,REP,REP,False
2022,state_house,treasurer,state_house_treasurer_2004.json,65,3324820,3324811,-9,True,-9.35,-9.35,0.0,DEM,DEM,False
2022,state_house,treasurer,state_house_treasurer_2004.json,66,3324820,3324811,-9,True,-30.27,-30.27,0.0,DEM,DEM,False
2022,state_house,treasurer,state_house_treasurer_2004.json,67,3324820,3324811,-9,True,5.63,5.63,0.0,REP,REP,False
2022,state_house,treasurer,state_house_treasurer_2004.json,68,3324820,3324811,-9,True,34.42,34.42,0.0,REP,REP,False
2022,state_house,treasurer,state_house_treasurer_2004.json,69,3324820,3324811,-9,True,33.22,33.22,0.0,REP,REP,False
2022,state_house,treasurer,state_house_treasurer_2004.json,70,3324820,3324811,-9,True,30.4,30.4,0.0,REP,REP,False
2022,state_house,treasurer,state_house_treasurer_2004.json,71,3324820,3324811,-9,True,-30.15,-30.15,0.0,DEM,DEM,False
2022,state_house,treasurer,state_house_treasurer_2004.json,72,3324820,3324811,-9,True,-42.21,-42.21,0.0,DEM,DEM,False
2022,state_house,treasurer,state_house_treasurer_2004.json,73,3324820,3324811,-9,True,5.86,5.86,0.0,REP,REP,False
2022,state_house,treasurer,state_house_treasurer_2004.json,74,3324820,3324811,-9,True,16.34,16.34,0.0,REP,REP,False
2022,state_house,treasurer,state_house_treasurer_2004.json,75,3324820,3324811,-9,True,16.43,16.43,0.0,REP,REP,False
2022,state_house,treasurer,state_house_treasurer_2004.json,76,3324820,3324811,-9,True,-0.39,-0.39,0.0,DEM,DEM,False
2022,state_house,treasurer,state_house_treasurer_2004.json,77,3324820,3324811,-9,True,26.35,26.35,0.0,REP,REP,False
2022,state_house,treasurer,state_house_treasurer_2004.json,78,3324820,3324811,-9,True,18.69,18.69,0.0,REP,REP,False
2022,state_house,treasurer,state_house_treasurer_2004.json,79,3324820,3324811,-9,True,-2.57,-2.57,0.0,DEM,DEM,False
2022,state_house,treasurer,state_house_treasurer_2004.json,80,3324820,3324811,-9,True,28.12,28.12,0.0,REP,REP,False
2022,state_house,treasurer,state_house_treasurer_2004.json,81,3324820,3324811,-9,True,11.57,11.57,0.0,REP,REP,False
2022,state_house,treasurer,state_house_treasurer_2004.json,82,3324820,3324811,-9,True,5.83,5.83,0.0,REP,REP,False
2022,state_house,treasurer,state_house_treasurer_2004.json,83,3324820,3324811,-9,True,17.81,17.81,0.0,REP,REP,False
2022,state_house,treasurer,state_house_treasurer_2004.json,84,3324820,3324811,-9,True,4.2,4.2,0.0,REP,REP,False
2022,state_house,treasurer,state_house_treasurer_2004.json,85,3324820,3324811,-9,True,16.68,16.68,0.0,REP,REP,False
2022,state_house,treasurer,state_house_treasurer_2004.json,86,3324820,3324811,-9,True,4.76,4.76,0.0,REP,REP,False
2022,state_house,treasurer,state_house_treasurer_2004.json,87,3324820,3324811,-9,True,12.48,12.48,0.0,REP,REP,False
2022,state_house,treasurer,state_house_treasurer_2004.json,88,3324820,3324811,-9,True,-33.13,-33.13,0.0,DEM,DEM,False
2022,state_house,treasurer,state_house_treasurer_2004.json,89,3324820,3324811,-9,True,21.27,21.27,0.0,REP,REP,False
2022,state_house,treasurer,state_house_treasurer_2004.json,90,3324820,3324811,-9,True,11.29,11.29,0.0,REP,REP,False
2022,state_house,treasurer,state_house_treasurer_2004.json,91,3324820,3324811,-9,True,14.33,14.33,0.0,REP,REP,False
2022,state_house,treasurer,state_house_treasurer_2004.json,92,3324820,3324811,-9,True,-17.28,-17.28,0.0,DEM,DEM,False
2022,state_house,treasurer,state_house_treasurer_2004.json,93,3324820,3324811,-9,True,-2.58,-2.58,0.0,DEM,DEM,False
2022,state_house,treasurer,state_house_treasurer_2004.json,94,3324820,3324811,-9,True,17.37,17.37,0.0,REP,REP,False
2022,state_house,treasurer,state_house_treasurer_2004.json,95,3324820,3324811,-9,True,21.41,21.41,0.0,REP,REP,False
2022,state_house,treasurer,state_house_treasurer_2004.json,96,3324820,3324811,-9,True,18.28,18.28,0.0,REP,REP,False
2022,state_house,treasurer,state_house_treasurer_2004.json,97,3324820,3324811,-9,True,13.18,13.18,0.0,REP,REP,False
2022,state_house,treasurer,state_house_treasurer_2004.json,98,3324820,3324811,-9,True,21.5,21.5,0.0,REP,REP,False
2022,state_house,treasurer,state_house_treasurer_2004.json,99,3324820,3324811,-9,True,-54.59,-54.59,0.0,DEM,DEM,False
2022,state_house,treasurer,state_house_treasurer_2004.json,100,3324820,3324811,-9,True,-39.27,-39.27,0.0,DEM,DEM,False
2022,state_house,treasurer,state_house_treasurer_2004.json,101,3324820,3324811,-9,True,-34.48,-34.48,0.0,DEM,DEM,False
2022,state_house,treasurer,state_house_treasurer_2004.json,102,3324820,3324811,-9,True,-54.0,-54.0,0.0,DEM,DEM,False
2022,state_house,treasurer,state_house_treasurer_2004.json,103,3324820,3324811,-9,True,23.76,23.76,0.0,REP,REP,False
2022,state_house,treasurer,state_house_treasurer_2004.json,104,3324820,3324811,-9,True,12.8,12.8,0.0,REP,REP,False
2022,state_house,treasurer,state_house_treasurer_2004.json,105,3324820,3324811,-9,True,16.17,16.17,0.0,REP,REP,False
2022,state_house,treasurer,state_house_treasurer_2004.json,106,3324820,3324811,-9,True,-4.07,-4.07,0.0,DEM,DEM,False
2022,state_house,treasurer,state_house_treasurer_2004.json,107,3324820,3324811,-9,True,-42.47,-42.47,0.0,DEM,DEM,False
2022,state_house,treasurer,state_house_treasurer_2004.json,108,3324820,3324811,-9,True,21.62,21.62,0.0,REP,REP,False
2022,state_house,treasurer,state_house_treasurer_2004.json,109,3324820,3324811,-9,True,13.93,13.93,0.0,REP,REP,False
2022,state_house,treasurer,state_house_treasurer_2004.json,110,3324820,3324811,-9,True,-2.38,-2.38,0.0,DEM,DEM,False
2022,state_house,treasurer,state_house_treasurer_2004.json,111,3324820,3324811,-9,True,-4.13,-4.13,0.0,DEM,DEM,False
2022,state_house,treasurer,state_house_treasurer_2004.json,112,3324820,3324811,-9,True,-6.01,-6.01,0.0,DEM,DEM,False
2022,state_house,treasurer,state_house_treasurer_2004.json,113,3324820,3324811,-9,True,11.48,11.48,0.0,REP,REP,False
2022,state_house,treasurer,state_house_treasurer_2004.json,114,3324820,3324811,-9,True,-18.82,-18.82,0.0,DEM,DEM,False
2022,state_house,treasurer,state_house_treasurer_2004.json,115,3324820,3324811,-9,True,4.01,4.01,0.0,REP,REP,False
2022,state_house,treasurer,state_house_treasurer_2004.json,116,3324820,3324811,-9,True,-18.43,-18.43,0.0,DEM,DEM,False
2022,state_house,treasurer,state_house_treasurer_2004.json,117,3324820,3324811,-9,True,21.94,21.94,0.0,REP,REP,False
2022,state_house,treasurer,state_house_treasurer_2004.json,118,3324820,3324811,-9,True,-9.97,-9.97,0.0,DEM,DEM,False
2022,state_house,treasurer,state_house_treasurer_2004.json,119,3324820,3324811,-9,True,-1.8,-1.8,0.0,DEM,DEM,False
2022,state_house,treasurer,state_house_treasurer_2004.json,120,3324820,3324811,-9,True,16.05,16.05,0.0,REP,REP,False
2022,state_house,us_senate,state_house_us_senate_2004.json,1,3472082,3472086,4,True,3.53,3.53,0.0,REP,REP,False
2022,state_house,us_senate,state_house_us_senate_2004.json,2,3472082,3472086,4,True,-2.91,-2.91,0.0,DEM,DEM,False
2022,state_house,us_senate,state_house_us_senate_2004.json,3,3472082,3472086,4,True,17.25,17.25,0.0,REP,REP,False
2022,state_house,us_senate,state_house_us_senate_2004.json,4,3472082,3472086,4,True,11.68,11.68,0.0,REP,REP,False
2022,state_house,us_senate,state_house_us_senate_2004.json,5,3472082,3472086,4,True,-16.86,-16.86,0.0,DEM,DEM,False
2022,state_house,us_senate,state_house_us_senate_2004.json,6,3472082,3472086,4,True,13.02,13.02,0.0,REP,REP,False
2022,state_house,us_senate,state_house_us_senate_2004.json,7,3472082,3472086,4,True,-0.62,-0.62,0.0,DEM,DEM,False
2022,state_house,us_senate,state_house_us_senate_2004.json,8,3472082,3472086,4,True,-7.05,-7.05,0.0,DEM,DEM,False
2022,state_house,us_senate,state_house_us_senate_2004.json,9,3472082,3472086,4,True,9.2,9.2,0.0,REP,REP,False
2022,state_house,us_senate,state_house_us_senate_2004.json,10,3472082,3472086,4,True,12.01,12.01,0.0,REP,REP,False
2022,state_house,us_senate,state_house_us_senate_2004.json,11,3472082,3472086,4,True,-6.3,-6.3,0.0,DEM,DEM,False
2022,state_house,us_senate,state_house_us_senate_2004.json,12,3472082,3472086,4,True,3.98,3.98,0.0,REP,REP,False
2022,state_house,us_senate,state_house_us_senate_2004.json,13,3472082,3472086,4,True,25.64,25.64,0.0,REP,REP,False
2022,state_house,us_senate,state_house_us_senate_2004.json,14,3472082,3472086,4,True,22.46,22.46,0.0,REP,REP,False
2022,state_house,us_senate,state_house_us_senate_2004.json,15,3472082,3472086,4,True,28.2,28.2,0.0,REP,REP,False
2022,state_house,us_senate,state_house_us_senate_2004.json,16,3472082,3472086,4,True,18.21,18.21,0.0,REP,REP,False
2022,state_house,us_senate,state_house_us_senate_2004.json,17,3472082,3472086,4,True,7.43,7.43,0.0,REP,REP,False
2022,state_house,us_senate,state_house_us_senate_2004.json,18,3472082,3472086,4,True,-6.94,-6.94,0.0,DEM,DEM,False
2022,state_house,us_senate,state_house_us_senate_2004.json,19,3472082,3472086,4,True,17.05,17.05,0.0,REP,REP,False
2022,state_house,us_senate,state_house_us_senate_2004.json,20,3472082,3472086,4,True,13.69,13.69,0.0,REP,REP,False
2022,state_house,us_senate,state_house_us_senate_2004.json,21,3472082,3472086,4,True,7.32,7.32,0.0,REP,REP,False
2022,state_house,us_senate,state_house_us_senate_2004.json,22,3472082,3472086,4,True,-1.84,-1.84,0.0,DEM,DEM,False
2022,state_house,us_senate,state_house_us_senate_2004.json,23,3472082,3472086,4,True,-26.57,-26.57,0.0,DEM,DEM,False
2022,state_house,us_senate,state_house_us_senate_2004.json,24,3472082,3472086,4,True,-1.69,-1.69,0.0,DEM,DEM,False
2022,state_house,us_senate,state_house_us_senate_2004.json,25,3472082,3472086,4,True,4.89,4.89,0.0,REP,REP,False
2022,state_house,us_senate,state_house_us_senate_2004.json,26,3472082,3472086,4,True,23.39,23.39,0.0,REP,REP,False
2022,state_house,us_senate,state_house_us_senate_2004.json,27,3472082,3472086,4,True,-30.95,-30.95,0.0,DEM,DEM,False
2022,state_house,us_senate,state_house_us_senate_2004.json,28,3472082,3472086,4,True,22.96,22.96,0.0,REP,REP,False
2022,state_house,us_senate,state_house_us_senate_2004.json,29,3472082,3472086,4,True,-42.56,-42.56,0.0,DEM,DEM,False
2022,state_house,us_senate,state_house_us_senate_2004.json,30,3472082,3472086,4,True,-46.89,-46.89,0.0,DEM,DEM,False
2022,state_house,us_senate,state_house_us_senate_2004.json,31,3472082,3472086,4,True,-50.53,-50.53,0.0,DEM,DEM,False
2022,state_house,us_senate,state_house_us_senate_2004.json,32,3472082,3472086,4,True,-15.38,-15.38,0.0,DEM,DEM,False
2022,state_house,us_senate,state_house_us_senate_2004.json,33,3472082,3472086,4,True,-0.81,-0.81,0.0,DEM,DEM,False
2022,state_house,us_senate,state_house_us_senate_2004.json,34,3472082,3472086,4,True,-5.86,-5.86,0.0,DEM,DEM,False
2022,state_house,us_senate,state_house_us_senate_2004.json,35,3472082,3472086,4,True,17.29,17.29,0.0,REP,REP,False
2022,state_house,us_senate,state_house_us_senate_2004.json,36,3472082,3472086,4,True,13.82,13.82,0.0,REP,REP,False
2022,state_house,us_senate,state_house_us_senate_2004.json,37,3472082,3472086,4,True,16.55,16.55,0.0,REP,REP,False
2022,state_house,us_senate,state_house_us_senate_2004.json,38,3472082,3472086,4,True,-66.35,-66.35,0.0,DEM,DEM,False
2022,state_house,us_senate,state_house_us_senate_2004.json,39,3472082,3472086,4,True,-6.69,-6.69,0.0,DEM,DEM,False
2022,state_house,us_senate,state_house_us_senate_2004.json,40,3472082,3472086,4,True,11.96,11.96,0.0,REP,REP,False
2022,state_house,us_senate,state_house_us_senate_2004.json,41,3472082,3472086,4,True,0.71,0.71,0.0,REP,REP,False
2022,state_house,us_senate,state_house_us_senate_2004.json,42,3472082,3472086,4,True,-18.1,-18.1,0.0,DEM,DEM,False
2022,state_house,us_senate,state_house_us_senate_2004.json,43,3472082,3472086,4,True,3.76,3.76,0.0,REP,REP,False
2022,state_house,us_senate,state_house_us_senate_2004.json,44,3472082,3472086,4,True,-12.11,-12.11,0.0,DEM,DEM,False
2022,state_house,us_senate,state_house_us_senate_2004.json,45,3472082,3472086,4,True,3.54,3.54,0.0,REP,REP,False
2022,state_house,us_senate,state_house_us_senate_2004.json,46,3472082,3472086,4,True,-10.45,-10.45,0.0,DEM,DEM,False
2022,state_house,us_senate,state_house_us_senate_2004.json,47,3472082,3472086,4,True,-31.57,-31.57,0.0,DEM,DEM,False
2022,state_house,us_senate,state_house_us_senate_2004.json,48,3472082,3472086,4,True,-17.54,-17.54,0.0,DEM,DEM,False
2022,state_house,us_senate,state_house_us_senate_2004.json,49,3472082,3472086,4,True,-9.4,-9.4,0.0,DEM,DEM,False
2022,state_house,us_senate,state_house_us_senate_2004.json,50,3472082,3472086,4,True,-27.65,-27.65,0.0,DEM,DEM,False
2022,state_house,us_senate,state_house_us_senate_2004.json,51,3472082,3472086,4,True,10.05,10.05,0.0,REP,REP,False
2022,state_house,us_senate,state_house_us_senate_2004.json,52,3472082,3472086,4,True,0.58,0.58,0.0,REP,REP,False
2022,state_house,us_senate,state_house_us_senate_2004.json,53,3472082,3472086,4,True,27.37,27.37,0.0,REP,REP,False
2022,state_house,us_senate,state_house_us_senate_2004.json,54,3472082,3472086,4,True,8.15,8.15,0.0,REP,REP,False
2022,state_house,us_senate,state_house_us_senate_2004.json,55,3472082,3472086,4,True,8.28,8.28,0.0,REP,REP,False
2022,state_house,us_senate,state_house_us_senate_2004.json,56,3472082,3472086,4,True,-36.92,-36.92,0.0,DEM,DEM,False
2022,state_house,us_senate,state_house_us_senate_2004.json,57,3472082,3472086,4,True,1.73,1.73,0.0,REP,REP,False
2022,state_house,us_senate,state_house_us_senate_2004.json,58,3472082,3472086,4,True,-26.63,-26.63,0.0,DEM,DEM,False
2022,state_house,us_senate,state_house_us_senate_2004.json,59,3472082,3472086,4,True,18.95,18.95,0.0,REP,REP,False
2022,state_house,us_senate,state_house_us_senate_2004.json,60,3472082,3472086,4,True,-9.59,-9.59,0.0,DEM,DEM,False
2022,state_house,us_senate,state_house_us_senate_2004.json,61,3472082,3472086,4,True,-46.89,-46.89,0.0,DEM,DEM,False
2022,state_house,us_senate,state_house_us_senate_2004.json,62,3472082,3472086,4,True,17.81,17.81,0.0,REP,REP,False
2022,state_house,us_senate,state_house_us_senate_2004.json,63,3472082,3472086,4,True,-0.12,-0.12,0.0,DEM,DEM,False
2022,state_house,us_senate,state_house_us_senate_2004.json,64,3472082,3472086,4,True,27.69,27.69,0.0,REP,REP,False
2022,state_house,us_senate,state_house_us_senate_2004.json,65,3472082,3472086,4,True,15.51,15.51,0.0,REP,REP,False
2022,state_house,us_senate,state_house_us_senate_2004.json,66,3472082,3472086,4,True,-15.72,-15.72,0.0,DEM,DEM,False
2022,state_house,us_senate,state_house_us_senate_2004.json,67,3472082,3472086,4,True,22.73,22.73,0.0,REP,REP,False
2022,state_house,us_senate,state_house_us_senate_2004.json,68,3472082,3472086,4,True,38.54,38.54,0.0,REP,REP,False
2022,state_house,us_senate,state_house_us_senate_2004.json,69,3472082,3472086,4,True,39.11,39.11,0.0,REP,REP,False
2022,state_house,us_senate,state_house_us_senate_2004.json,70,3472082,3472086,4,True,40.45,40.45,0.0,REP,REP,False
2022,state_house,us_senate,state_house_us_senate_2004.json,71,3472082,3472086,4,True,-17.19,-17.19,0.0,DEM,DEM,False
2022,state_house,us_senate,state_house_us_senate_2004.json,72,3472082,3472086,4,True,-27.92,-27.92,0.0,DEM,DEM,False
2022,state_house,us_senate,state_house_us_senate_2004.json,73,3472082,3472086,4,True,17.91,17.91,0.0,REP,REP,False
2022,state_house,us_senate,state_house_us_senate_2004.json,74,3472082,3472086,4,True,31.48,31.48,0.0,REP,REP,False
2022,state_house,us_senate,state_house_us_senate_2004.json,75,3472082,3472086,4,True,28.91,28.91,0.0,REP,REP,False
2022,state_house,us_senate,state_house_us_senate_2004.json,76,3472082,3472086,4,True,16.12,16.12,0.0,REP,REP,False
2022,state_house,us_senate,state_house_us_senate_2004.json,77,3472082,3472086,4,True,43.37,43.37,0.0,REP,REP,False
2022,state_house,us_senate,state_house_us_senate_2004.json,78,3472082,3472086,4,True,31.2,31.2,0.0,REP,REP,False
2022,state_house,us_senate,state_house_us_senate_2004.json,79,3472082,3472086,4,True,11.5,11.5,0.0,REP,REP,False
2022,state_house,us_senate,state_house_us_senate_2004.json,80,3472082,3472086,4,True,39.75,39.75,0.0,REP,REP,False
2022,state_house,us_senate,state_house_us_senate_2004.json,81,3472082,3472086,4,True,25.18,25.18,0.0,REP,REP,False
2022,state_house,us_senate,state_house_us_senate_2004.json,82,3472082,3472086,4,True,23.76,23.76,0.0,REP,REP,False
2022,state_house,us_senate,state_house_us_senate_2004.json,83,3472082,3472086,4,True,38.69,38.69,0.0,REP,REP,False
2022,state_house,us_senate,state_house_us_senate_2004.json,84,3472082,3472086,4,True,18.37,18.37,0.0,REP,REP,False
2022,state_house,us_senate,state_house_us_senate_2004.json,85,3472082,3472086,4,True,23.67,23.67,0.0,REP,REP,False
2022,state_house,us_senate,state_house_us_senate_2004.json,86,3472082,3472086,4,True,16.28,16.28,0.0,REP,REP,False
2022,state_house,us_senate,state_house_us_senate_2004.json,87,3472082,3472086,4,True,26.36,26.36,0.0,REP,REP,False
2022,state_house,us_senate,state_house_us_senate_2004.json,88,3472082,3472086,4,True,-32.35,-32.35,0.0,DEM,DEM,False
2022,state_house,us_senate,state_house_us_senate_2004.json,89,3472082,3472086,4,True,30.69,30.69,0.0,REP,REP,False
2022,state_house,us_senate,state_house_us_senate_2004.json,90,3472082,3472086,4,True,32.5,32.5,0.0,REP,REP,False
2022,state_house,us_senate,state_house_us_senate_2004.json,91,3472082,3472086,4,True,33.38,33.38,0.0,REP,REP,False
2022,state_house,us_senate,state_house_us_senate_2004.json,92,3472082,3472086,4,True,-13.31,-13.31,0.0,DEM,DEM,False
2022,state_house,us_senate,state_house_us_senate_2004.json,93,3472082,3472086,4,True,11.07,11.07,0.0,REP,REP,False
2022,state_house,us_senate,state_house_us_senate_2004.json,94,3472082,3472086,4,True,30.89,30.89,0.0,REP,REP,False
2022,state_house,us_senate,state_house_us_senate_2004.json,95,3472082,3472086,4,True,31.65,31.65,0.0,REP,REP,False
2022,state_house,us_senate,state_house_us_senate_2004.json,96,3472082,3472086,4,True,25.47,25.47,0.0,REP,REP,False
2022,state_house,us_senate,state_house_us_senate_2004.json,97,3472082,3472086,4,True,26.18,26.18,0.0,REP,REP,False
2022,state_house,us_senate,state_house_us_senate_2004.json,98,3472082,3472086,4,True,22.71,22.71,0.0,REP,REP,False
2022,state_house,us_senate,state_house_us_senate_2004.json,99,3472082,3472086,4,True,-51.79,-51.79,0.0,DEM,DEM,False
2022,state_house,us_senate,state_house_us_senate_2004.json,100,3472082,3472086,4,True,-35.01,-35.01,0.0,DEM,DEM,False
2022,state_house,us_senate,state_house_us_senate_2004.json,101,3472082,3472086,4,True,-29.18,-29.18,0.0,DEM,DEM,False
2022,state_house,us_senate,state_house_us_senate_2004.json,102,3472082,3472086,4,True,-52.93,-52.93,0.0,DEM,DEM,False
2022,state_house,us_senate,state_house_us_senate_2004.json,103,3472082,3472086,4,True,24.38,24.38,0.0,REP,REP,False
2022,state_house,us_senate,state_house_us_senate_2004.json,104,3472082,3472086,4,True,11.43,11.43,0.0,REP,REP,False
2022,state_house,us_senate,state_house_us_senate_2004.json,105,3472082,3472086,4,True,15.99,15.99,0.0,REP,REP,False
2022,state_house,us_senate,state_house_us_senate_2004.json,106,3472082,3472086,4,True,-0.79,-0.79,0.0,DEM,DEM,False
2022,state_house,us_senate,state_house_us_senate_2004.json,107,3472082,3472086,4,True,-40.04,-40.04,0.0,DEM,DEM,False
2022,state_house,us_senate,state_house_us_senate_2004.json,108,3472082,3472086,4,True,33.91,33.91,0.0,REP,REP,False
2022,state_house,us_senate,state_house_us_senate_2004.json,109,3472082,3472086,4,True,25.97,25.97,0.0,REP,REP,False
2022,state_house,us_senate,state_house_us_senate_2004.json,110,3472082,3472086,4,True,15.27,15.27,0.0,REP,REP,False
2022,state_house,us_senate,state_house_us_senate_2004.json,111,3472082,3472086,4,True,15.22,15.22,0.0,REP,REP,False
2022,state_house,us_senate,state_house_us_senate_2004.json,112,3472082,3472086,4,True,0.86,0.86,0.0,REP,REP,False
2022,state_house,us_senate,state_house_us_senate_2004.json,113,3472082,3472086,4,True,14.94,14.94,0.0,REP,REP,False
2022,state_house,us_senate,state_house_us_senate_2004.json,114,3472082,3472086,4,True,-12.53,-12.53,0.0,DEM,DEM,False
2022,state_house,us_senate,state_house_us_senate_2004.json,115,3472082,3472086,4,True,10.21,10.21,0.0,REP,REP,False
2022,state_house,us_senate,state_house_us_senate_2004.json,116,3472082,3472086,4,True,-10.4,-10.4,0.0,DEM,DEM,False
2022,state_house,us_senate,state_house_us_senate_2004.json,117,3472082,3472086,4,True,22.81,22.81,0.0,REP,REP,False
2022,state_house,us_senate,state_house_us_senate_2004.json,118,3472082,3472086,4,True,0.71,0.71,0.0,REP,REP,False
2022,state_house,us_senate,state_house_us_senate_2004.json,119,3472082,3472086,4,True,3.95,3.95,0.0,REP,REP,False
2022,state_house,us_senate,state_house_us_senate_2004.json,120,3472082,3472086,4,True,20.68,20.68,0.0,REP,REP,False
2022,state_senate,agriculture_commissioner,state_senate_agriculture_commissioner_2004.json,1,3330107,3330106,-1,True,-2.24,-2.24,0.0,DEM,DEM,False
2022,state_senate,agriculture_commissioner,state_senate_agriculture_commissioner_2004.json,2,3330107,3330106,-1,True,1.58,1.58,0.0,REP,REP,False
2022,state_senate,agriculture_commissioner,state_senate_agriculture_commissioner_2004.json,3,3330107,3330106,-1,True,-38.26,-38.26,0.0,DEM,DEM,False
2022,state_senate,agriculture_commissioner,state_senate_agriculture_commissioner_2004.json,4,3330107,3330106,-1,True,-10.45,-10.45,0.0,DEM,DEM,False
2022,state_senate,agriculture_commissioner,state_senate_agriculture_commissioner_2004.json,5,3330107,3330106,-1,True,-21.09,-21.09,0.0,DEM,DEM,False
2022,state_senate,agriculture_commissioner,state_senate_agriculture_commissioner_2004.json,6,3330107,3330106,-1,True,16.79,16.79,0.0,REP,REP,False
2022,state_senate,agriculture_commissioner,state_senate_agriculture_commissioner_2004.json,7,3330107,3330106,-1,True,3.15,3.15,0.0,REP,REP,False
2022,state_senate,agriculture_commissioner,state_senate_agriculture_commissioner_2004.json,8,3330107,3330106,-1,True,-13.99,-13.99,0.0,DEM,DEM,False
2022,state_senate,agriculture_commissioner,state_senate_agriculture_commissioner_2004.json,9,3330107,3330106,-1,True,-12.86,-12.86,0.0,DEM,DEM,False
2022,state_senate,agriculture_commissioner,state_senate_agriculture_commissioner_2004.json,10,3330107,3330106,-1,True,11.44,11.44,0.0,REP,REP,False
2022,state_senate,agriculture_commissioner,state_senate_agriculture_commissioner_2004.json,11,3330107,3330106,-1,True,-16.64,-16.64,0.0,DEM,DEM,False
2022,state_senate,agriculture_commissioner,state_senate_agriculture_commissioner_2004.json,12,3330107,3330106,-1,True,0.44,0.44,0.0,REP,REP,False
2022,state_senate,agriculture_commissioner,state_senate_agriculture_commissioner_2004.json,13,3330107,3330106,-1,True,-11.35,-11.35,0.0,DEM,DEM,False
2022,state_senate,agriculture_commissioner,state_senate_agriculture_commissioner_2004.json,14,3330107,3330106,-1,True,-36.54,-36.54,0.0,DEM,DEM,False
2022,state_senate,agriculture_commissioner,state_senate_agriculture_commissioner_2004.json,15,3330107,3330106,-1,True,-18.87,-18.87,0.0,DEM,DEM,False
2022,state_senate,agriculture_commissioner,state_senate_agriculture_commissioner_2004.json,16,3330107,3330106,-1,True,-2.46,-2.46,0.0,DEM,DEM,False
2022,state_senate,agriculture_commissioner,state_senate_agriculture_commissioner_2004.json,17,3330107,3330106,-1,True,8.33,8.33,0.0,REP,REP,False
2022,state_senate,agriculture_commissioner,state_senate_agriculture_commissioner_2004.json,18,3330107,3330106,-1,True,-1.75,-1.75,0.0,DEM,DEM,False
2022,state_senate,agriculture_commissioner,state_senate_agriculture_commissioner_2004.json,19,3330107,3330106,-1,True,-11.23,-11.23,0.0,DEM,DEM,False
2022,state_senate,agriculture_commissioner,state_senate_agriculture_commissioner_2004.json,20,3330107,3330106,-1,True,-34.86,-34.86,0.0,DEM,DEM,False
2022,state_senate,agriculture_commissioner,state_senate_agriculture_commissioner_2004.json,21,3330107,3330106,-1,True,-2.85,-2.85,0.0,DEM,DEM,False
2022,state_senate,agriculture_commissioner,state_senate_agriculture_commissioner_2004.json,22,3330107,3330106,-1,True,-43.68,-43.68,0.0,DEM,DEM,False
2022,state_senate,agriculture_commissioner,state_senate_agriculture_commissioner_2004.json,23,3330107,3330106,-1,True,-31.42,-31.42,0.0,DEM,DEM,False
2022,state_senate,agriculture_commissioner,state_senate_agriculture_commissioner_2004.json,24,3330107,3330106,-1,True,-41.93,-41.93,0.0,DEM,DEM,False
2022,state_senate,agriculture_commissioner,state_senate_agriculture_commissioner_2004.json,25,3330107,3330106,-1,True,19.14,19.14,0.0,REP,REP,False
2022,state_senate,agriculture_commissioner,state_senate_agriculture_commissioner_2004.json,26,3330107,3330106,-1,True,31.91,31.91,0.0,REP,REP,False
2022,state_senate,agriculture_commissioner,state_senate_agriculture_commissioner_2004.json,27,3330107,3330106,-1,True,14.63,14.63,0.0,REP,REP,False
2022,state_senate,agriculture_commissioner,state_senate_agriculture_commissioner_2004.json,28,3330107,3330106,-1,True,-27.94,-27.94,0.0,DEM,DEM,False
2022,state_senate,agriculture_commissioner,state_senate_agriculture_commissioner_2004.json,29,3330107,3330106,-1,True,15.63,15.63,0.0,REP,REP,False
2022,state_senate,agriculture_commissioner,state_senate_agriculture_commissioner_2004.json,30,3330107,3330106,-1,True,36.98,36.98,0.0,REP,REP,False
2022,state_senate,agriculture_commissioner,state_senate_agriculture_commissioner_2004.json,31,3330107,3330106,-1,True,16.03,16.03,0.0,REP,REP,False
2022,state_senate,agriculture_commissioner,state_senate_agriculture_commissioner_2004.json,32,3330107,3330106,-1,True,2.88,2.88,0.0,REP,REP,False
2022,state_senate,agriculture_commissioner,state_senate_agriculture_commissioner_2004.json,33,3330107,3330106,-1,True,25.75,25.75,0.0,REP,REP,False
2022,state_senate,agriculture_commissioner,state_senate_agriculture_commissioner_2004.json,34,3330107,3330106,-1,True,24.59,24.59,0.0,REP,REP,False
2022,state_senate,agriculture_commissioner,state_senate_agriculture_commissioner_2004.json,35,3330107,3330106,-1,True,35.98,35.98,0.0,REP,REP,False
2022,state_senate,agriculture_commissioner,state_senate_agriculture_commissioner_2004.json,36,3330107,3330106,-1,True,32.46,32.46,0.0,REP,REP,False
2022,state_senate,agriculture_commissioner,state_senate_agriculture_commissioner_2004.json,37,3330107,3330106,-1,True,27.14,27.14,0.0,REP,REP,False
2022,state_senate,agriculture_commissioner,state_senate_agriculture_commissioner_2004.json,38,3330107,3330106,-1,True,-40.72,-40.72,0.0,DEM,DEM,False
2022,state_senate,agriculture_commissioner,state_senate_agriculture_commissioner_2004.json,39,3330107,3330106,-1,True,-5.81,-5.81,0.0,DEM,DEM,False
2022,state_senate,agriculture_commissioner,state_senate_agriculture_commissioner_2004.json,40,3330107,3330106,-1,True,-19.76,-19.76,0.0,DEM,DEM,False
2022,state_senate,agriculture_commissioner,state_senate_agriculture_commissioner_2004.json,41,3330107,3330106,-1,True,-16.79,-16.79,0.0,DEM,DEM,False
2022,state_senate,agriculture_commissioner,state_senate_agriculture_commissioner_2004.json,42,3330107,3330106,-1,True,24.63,24.63,0.0,REP,REP,False
2022,state_senate,agriculture_commissioner,state_senate_agriculture_commissioner_2004.json,43,3330107,3330106,-1,True,23.22,23.22,0.0,REP,REP,False
2022,state_senate,agriculture_commissioner,state_senate_agriculture_commissioner_2004.json,44,3330107,3330106,-1,True,13.16,13.16,0.0,REP,REP,False
2022,state_senate,agriculture_commissioner,state_senate_agriculture_commissioner_2004.json,45,3330107,3330106,-1,True,29.13,29.13,0.0,REP,REP,False
2022,state_senate,agriculture_commissioner,state_senate_agriculture_commissioner_2004.json,46,3330107,3330106,-1,True,4.65,4.65,0.0,REP,REP,False
2022,state_senate,agriculture_commissioner,state_senate_agriculture_commissioner_2004.json,47,3330107,3330106,-1,True,9.34,9.34,0.0,REP,REP,False
2022,state_senate,agriculture_commissioner,state_senate_agriculture_commissioner_2004.json,48,3330107,3330106,-1,True,18.16,18.16,0.0,REP,REP,False
2022,state_senate,agriculture_commissioner,state_senate_agriculture_commissioner_2004.json,49,3330107,3330106,-1,True,-5.82,-5.82,0.0,DEM,DEM,False
2022,state_senate,agriculture_commissioner,state_senate_agriculture_commissioner_2004.json,50,3330107,3330106,-1,True,6.64,6.64,0.0,REP,REP,False
2022,state_senate,attorney_general,state_senate_attorney_general_2004.json,1,3366218,3366221,3,True,-2.81,-2.81,0.0,DEM,DEM,False
2022,state_senate,attorney_general,state_senate_attorney_general_2004.json,2,3366218,3366221,3,True,-1.7,-1.7,0.0,DEM,DEM,False
2022,state_senate,attorney_general,state_senate_attorney_general_2004.json,3,3366218,3366221,3,True,-40.32,-40.32,0.0,DEM,DEM,False
2022,state_senate,attorney_general,state_senate_attorney_general_2004.json,4,3366218,3366221,3,True,-17.31,-17.31,0.0,DEM,DEM,False
2022,state_senate,attorney_general,state_senate_attorney_general_2004.json,5,3366218,3366221,3,True,-27.96,-27.96,0.0,DEM,DEM,False
2022,state_senate,attorney_general,state_senate_attorney_general_2004.json,6,3366218,3366221,3,True,13.13,13.13,0.0,REP,REP,False
2022,state_senate,attorney_general,state_senate_attorney_general_2004.json,7,3366218,3366221,3,True,-2.57,-2.57,0.0,DEM,DEM,False
2022,state_senate,attorney_general,state_senate_attorney_general_2004.json,8,3366218,3366221,3,True,-16.31,-16.31,0.0,DEM,DEM,False
2022,state_senate,attorney_general,state_senate_attorney_general_2004.json,9,3366218,3366221,3,True,-17.72,-17.72,0.0,DEM,DEM,False
2022,state_senate,attorney_general,state_senate_attorney_general_2004.json,10,3366218,3366221,3,True,-3.59,-3.59,0.0,DEM,DEM,False
2022,state_senate,attorney_general,state_senate_attorney_general_2004.json,11,3366218,3366221,3,True,-37.7,-37.7,0.0,DEM,DEM,False
2022,state_senate,attorney_general,state_senate_attorney_general_2004.json,12,3366218,3366221,3,True,-14.07,-14.07,0.0,DEM,DEM,False
2022,state_senate,attorney_general,state_senate_attorney_general_2004.json,13,3366218,3366221,3,True,-16.32,-16.32,0.0,DEM,DEM,False
2022,state_senate,attorney_general,state_senate_attorney_general_2004.json,14,3366218,3366221,3,True,-39.64,-39.64,0.0,DEM,DEM,False
2022,state_senate,attorney_general,state_senate_attorney_general_2004.json,15,3366218,3366221,3,True,-22.74,-22.74,0.0,DEM,DEM,False
2022,state_senate,attorney_general,state_senate_attorney_general_2004.json,16,3366218,3366221,3,True,-12.39,-12.39,0.0,DEM,DEM,False
2022,state_senate,attorney_general,state_senate_attorney_general_2004.json,17,3366218,3366221,3,True,-1.17,-1.17,0.0,DEM,DEM,False
2022,state_senate,attorney_general,state_senate_attorney_general_2004.json,18,3366218,3366221,3,True,-4.2,-4.2,0.0,DEM,DEM,False
2022,state_senate,attorney_general,state_senate_attorney_general_2004.json,19,3366218,3366221,3,True,-20.75,-20.75,0.0,DEM,DEM,False
2022,state_senate,attorney_general,state_senate_attorney_general_2004.json,20,3366218,3366221,3,True,-41.94,-41.94,0.0,DEM,DEM,False
2022,state_senate,attorney_general,state_senate_attorney_general_2004.json,21,3366218,3366221,3,True,-12.83,-12.83,0.0,DEM,DEM,False
2022,state_senate,attorney_general,state_senate_attorney_general_2004.json,22,3366218,3366221,3,True,-46.27,-46.27,0.0,DEM,DEM,False
2022,state_senate,attorney_general,state_senate_attorney_general_2004.json,23,3366218,3366221,3,True,-37.94,-37.94,0.0,DEM,DEM,False
2022,state_senate,attorney_general,state_senate_attorney_general_2004.json,24,3366218,3366221,3,True,-40.85,-40.85,0.0,DEM,DEM,False
2022,state_senate,attorney_general,state_senate_attorney_general_2004.json,25,3366218,3366221,3,True,-1.19,-1.19,0.0,DEM,DEM,False
2022,state_senate,attorney_general,state_senate_attorney_general_2004.json,26,3366218,3366221,3,True,-2.89,-2.89,0.0,DEM,DEM,False
2022,state_senate,attorney_general,state_senate_attorney_general_2004.json,27,3366218,3366221,3,True,-6.44,-6.44,0.0,DEM,DEM,False
2022,state_senate,attorney_general,state_senate_attorney_general_2004.json,28,3366218,3366221,3,True,-46.62,-46.62,0.0,DEM,DEM,False
2022,state_senate,attorney_general,state_senate_attorney_general_2004.json,29,3366218,3366221,3,True,-4.67,-4.67,0.0,DEM,DEM,False
2022,state_senate,attorney_general,state_senate_attorney_general_2004.json,30,3366218,3366221,3,True,13.47,13.47,0.0,REP,REP,False
2022,state_senate,attorney_general,state_senate_attorney_general_2004.json,31,3366218,3366221,3,True,-4.11,-4.11,0.0,DEM,DEM,False
2022,state_senate,attorney_general,state_senate_attorney_general_2004.json,32,3366218,3366221,3,True,-16.23,-16.23,0.0,DEM,DEM,False
2022,state_senate,attorney_general,state_senate_attorney_general_2004.json,33,3366218,3366221,3,True,5.93,5.93,0.0,REP,REP,False
2022,state_senate,attorney_general,state_senate_attorney_general_2004.json,34,3366218,3366221,3,True,7.75,7.75,0.0,REP,REP,False
2022,state_senate,attorney_general,state_senate_attorney_general_2004.json,35,3366218,3366221,3,True,24.41,24.41,0.0,REP,REP,False
2022,state_senate,attorney_general,state_senate_attorney_general_2004.json,36,3366218,3366221,3,True,9.38,9.38,0.0,REP,REP,False
2022,state_senate,attorney_general,state_senate_attorney_general_2004.json,37,3366218,3366221,3,True,13.72,13.72,0.0,REP,REP,False
2022,state_senate,attorney_general,state_senate_attorney_general_2004.json,38,3366218,3366221,3,True,-46.47,-46.47,0.0,DEM,DEM,False
2022,state_senate,attorney_general,state_senate_attorney_general_2004.json,39,3366218,3366221,3,True,-14.65,-14.65,0.0,DEM,DEM,False
2022,state_senate,attorney_general,state_senate_attorney_general_2004.json,40,3366218,3366221,3,True,-26.97,-26.97,0.0,DEM,DEM,False
2022,state_senate,attorney_general,state_senate_attorney_general_2004.json,41,3366218,3366221,3,True,-23.75,-23.75,0.0,DEM,DEM,False
2022,state_senate,attorney_general,state_senate_attorney_general_2004.json,42,3366218,3366221,3,True,14.62,14.62,0.0,REP,REP,False
2022,state_senate,attorney_general,state_senate_attorney_general_2004.json,43,3366218,3366221,3,True,9.17,9.17,0.0,REP,REP,False
2022,state_senate,attorney_general,state_senate_attorney_general_2004.json,44,3366218,3366221,3,True,-1.22,-1.22,0.0,DEM,DEM,False
2022,state_senate,attorney_general,state_senate_attorney_general_2004.json,45,3366218,3366221,3,True,13.67,13.67,0.0,REP,REP,False
2022,state_senate,attorney_general,state_senate_attorney_general_2004.json,46,3366218,3366221,3,True,-8.2,-8.2,0.0,DEM,DEM,False
2022,state_senate,attorney_general,state_senate_attorney_general_2004.json,47,3366218,3366221,3,True,-1.07,-1.07,0.0,DEM,DEM,False
2022,state_senate,attorney_general,state_senate_attorney_general_2004.json,48,3366218,3366221,3,True,12.23,12.23,0.0,REP,REP,False
2022,state_senate,attorney_general,state_senate_attorney_general_2004.json,49,3366218,3366221,3,True,-17.0,-17.0,0.0,DEM,DEM,False
2022,state_senate,attorney_general,state_senate_attorney_general_2004.json,50,3366218,3366221,3,True,0.94,0.94,0.0,REP,REP,False
2022,state_senate,auditor,state_senate_auditor_2004.json,1,3295993,3295992,-1,True,3.29,3.29,0.0,REP,REP,False
2022,state_senate,auditor,state_senate_auditor_2004.json,2,3295993,3295992,-1,True,5.98,5.98,0.0,REP,REP,False
2022,state_senate,auditor,state_senate_auditor_2004.json,3,3295993,3295992,-1,True,-31.23,-31.23,0.0,DEM,DEM,False
2022,state_senate,auditor,state_senate_auditor_2004.json,4,3295993,3295992,-1,True,-3.44,-3.44,0.0,DEM,DEM,False
2022,state_senate,auditor,state_senate_auditor_2004.json,5,3295993,3295992,-1,True,-16.6,-16.6,0.0,DEM,DEM,False
2022,state_senate,auditor,state_senate_auditor_2004.json,6,3295993,3295992,-1,True,24.48,24.48,0.0,REP,REP,False
2022,state_senate,auditor,state_senate_auditor_2004.json,7,3295993,3295992,-1,True,12.81,12.81,0.0,REP,REP,False
2022,state_senate,auditor,state_senate_auditor_2004.json,8,3295993,3295992,-1,True,-6.75,-6.75,0.0,DEM,DEM,False
2022,state_senate,auditor,state_senate_auditor_2004.json,9,3295993,3295992,-1,True,-7.22,-7.22,0.0,DEM,DEM,False
2022,state_senate,auditor,state_senate_auditor_2004.json,10,3295993,3295992,-1,True,13.88,13.88,0.0,REP,REP,False
2022,state_senate,auditor,state_senate_auditor_2004.json,11,3295993,3295992,-1,True,-13.25,-13.25,0.0,DEM,DEM,False
2022,state_senate,auditor,state_senate_auditor_2004.json,12,3295993,3295992,-1,True,3.2,3.2,0.0,REP,REP,False
2022,state_senate,auditor,state_senate_auditor_2004.json,13,3295993,3295992,-1,True,-6.82,-6.82,0.0,DEM,DEM,False
2022,state_senate,auditor,state_senate_auditor_2004.json,14,3295993,3295992,-1,True,-31.9,-31.9,0.0,DEM,DEM,False
2022,state_senate,auditor,state_senate_auditor_2004.json,15,3295993,3295992,-1,True,-14.42,-14.42,0.0,DEM,DEM,False
2022,state_senate,auditor,state_senate_auditor_2004.json,16,3295993,3295992,-1,True,3.85,3.85,0.0,REP,REP,False
2022,state_senate,auditor,state_senate_auditor_2004.json,17,3295993,3295992,-1,True,13.32,13.32,0.0,REP,REP,False
2022,state_senate,auditor,state_senate_auditor_2004.json,18,3295993,3295992,-1,True,3.8,3.8,0.0,REP,REP,False
2022,state_senate,auditor,state_senate_auditor_2004.json,19,3295993,3295992,-1,True,-5.85,-5.85,0.0,DEM,DEM,False
2022,state_senate,auditor,state_senate_auditor_2004.json,20,3295993,3295992,-1,True,-34.45,-34.45,0.0,DEM,DEM,False
2022,state_senate,auditor,state_senate_auditor_2004.json,21,3295993,3295992,-1,True,-0.91,-0.91,0.0,DEM,DEM,False
2022,state_senate,auditor,state_senate_auditor_2004.json,22,3295993,3295992,-1,True,-42.07,-42.07,0.0,DEM,DEM,False
2022,state_senate,auditor,state_senate_auditor_2004.json,23,3295993,3295992,-1,True,-31.22,-31.22,0.0,DEM,DEM,False
2022,state_senate,auditor,state_senate_auditor_2004.json,24,3295993,3295992,-1,True,-35.9,-35.9,0.0,DEM,DEM,False
2022,state_senate,auditor,state_senate_auditor_2004.json,25,3295993,3295992,-1,True,16.26,16.26,0.0,REP,REP,False
2022,state_senate,auditor,state_senate_auditor_2004.json,26,3295993,3295992,-1,True,13.64,13.64,0.0,REP,REP,False
2022,state_senate,auditor,state_senate_auditor_2004.json,27,3295993,3295992,-1,True,6.65,6.65,0.0,REP,REP,False
2022,state_senate,auditor,state_senate_auditor_2004.json,28,3295993,3295992,-1,True,-38.26,-38.26,0.0,DEM,DEM,False
2022,state_senate,auditor,state_senate_auditor_2004.json,29,3295993,3295992,-1,True,10.5,10.5,0.0,REP,REP,False
2022,state_senate,auditor,state_senate_auditor_2004.json,30,3295993,3295992,-1,True,31.27,31.27,0.0,REP,REP,False
2022,state_senate,auditor,state_senate_auditor_2004.json,31,3295993,3295992,-1,True,10.46,10.46,0.0,REP,REP,False
2022,state_senate,auditor,state_senate_auditor_2004.json,32,3295993,3295992,-1,True,-3.68,-3.68,0.0,DEM,DEM,False
2022,state_senate,auditor,state_senate_auditor_2004.json,33,3295993,3295992,-1,True,23.62,23.62,0.0,REP,REP,False
2022,state_senate,auditor,state_senate_auditor_2004.json,34,3295993,3295992,-1,True,23.22,23.22,0.0,REP,REP,False
2022,state_senate,auditor,state_senate_auditor_2004.json,35,3295993,3295992,-1,True,37.1,37.1,0.0,REP,REP,False
2022,state_senate,auditor,state_senate_auditor_2004.json,36,3295993,3295992,-1,True,26.29,26.29,0.0,REP,REP,False
2022,state_senate,auditor,state_senate_auditor_2004.json,37,3295993,3295992,-1,True,27.21,27.21,0.0,REP,REP,False
2022,state_senate,auditor,state_senate_auditor_2004.json,38,3295993,3295992,-1,True,-39.3,-39.3,0.0,DEM,DEM,False
2022,state_senate,auditor,state_senate_auditor_2004.json,39,3295993,3295992,-1,True,-2.96,-2.96,0.0,DEM,DEM,False
2022,state_senate,auditor,state_senate_auditor_2004.json,40,3295993,3295992,-1,True,-17.9,-17.9,0.0,DEM,DEM,False
2022,state_senate,auditor,state_senate_auditor_2004.json,41,3295993,3295992,-1,True,-14.98,-14.98,0.0,DEM,DEM,False
2022,state_senate,auditor,state_senate_auditor_2004.json,42,3295993,3295992,-1,True,27.37,27.37,0.0,REP,REP,False
2022,state_senate,auditor,state_senate_auditor_2004.json,43,3295993,3295992,-1,True,24.89,24.89,0.0,REP,REP,False
2022,state_senate,auditor,state_senate_auditor_2004.json,44,3295993,3295992,-1,True,14.26,14.26,0.0,REP,REP,False
2022,state_senate,auditor,state_senate_auditor_2004.json,45,3295993,3295992,-1,True,29.31,29.31,0.0,REP,REP,False
2022,state_senate,auditor,state_senate_auditor_2004.json,46,3295993,3295992,-1,True,4.35,4.35,0.0,REP,REP,False
2022,state_senate,auditor,state_senate_auditor_2004.json,47,3295993,3295992,-1,True,8.46,8.46,0.0,REP,REP,False
2022,state_senate,auditor,state_senate_auditor_2004.json,48,3295993,3295992,-1,True,20.76,20.76,0.0,REP,REP,False
2022,state_senate,auditor,state_senate_auditor_2004.json,49,3295993,3295992,-1,True,-5.04,-5.04,0.0,DEM,DEM,False
2022,state_senate,auditor,state_senate_auditor_2004.json,50,3295993,3295992,-1,True,8.22,8.22,0.0,REP,REP,False
2022,state_senate,governor,state_senate_governor_2004.json,1,3486688,3486694,6,True,-11.38,-11.38,0.0,DEM,DEM,False
2022,state_senate,governor,state_senate_governor_2004.json,2,3486688,3486694,6,True,-8.91,-8.91,0.0,DEM,DEM,False
2022,state_senate,governor,state_senate_governor_2004.json,3,3486688,3486694,6,True,-38.73,-38.73,0.0,DEM,DEM,False
2022,state_senate,governor,state_senate_governor_2004.json,4,3486688,3486694,6,True,-11.07,-11.07,0.0,DEM,DEM,False
2022,state_senate,governor,state_senate_governor_2004.json,5,3486688,3486694,6,True,-27.03,-27.03,0.0,DEM,DEM,False
2022,state_senate,governor,state_senate_governor_2004.json,6,3486688,3486694,6,True,3.89,3.89,0.0,REP,REP,False
2022,state_senate,governor,state_senate_governor_2004.json,7,3486688,3486694,6,True,-6.54,-6.54,0.0,DEM,DEM,False
2022,state_senate,governor,state_senate_governor_2004.json,8,3486688,3486694,6,True,-20.62,-20.62,0.0,DEM,DEM,False
2022,state_senate,governor,state_senate_governor_2004.json,9,3486688,3486694,6,True,-16.81,-16.81,0.0,DEM,DEM,False
2022,state_senate,governor,state_senate_governor_2004.json,10,3486688,3486694,6,True,2.54,2.54,0.0,REP,REP,False
2022,state_senate,governor,state_senate_governor_2004.json,11,3486688,3486694,6,True,-26.68,-26.68,0.0,DEM,DEM,False
2022,state_senate,governor,state_senate_governor_2004.json,12,3486688,3486694,6,True,-7.78,-7.78,0.0,DEM,DEM,False
2022,state_senate,governor,state_senate_governor_2004.json,13,3486688,3486694,6,True,-19.87,-19.87,0.0,DEM,DEM,False
2022,state_senate,governor,state_senate_governor_2004.json,14,3486688,3486694,6,True,-38.69,-38.69,0.0,DEM,DEM,False
2022,state_senate,governor,state_senate_governor_2004.json,15,3486688,3486694,6,True,-25.43,-25.43,0.0,DEM,DEM,False
2022,state_senate,governor,state_senate_governor_2004.json,16,3486688,3486694,6,True,-17.1,-17.1,0.0,DEM,DEM,False
2022,state_senate,governor,state_senate_governor_2004.json,17,3486688,3486694,6,True,-3.04,-3.04,0.0,DEM,DEM,False
2022,state_senate,governor,state_senate_governor_2004.json,18,3486688,3486694,6,True,-10.45,-10.45,0.0,DEM,DEM,False
2022,state_senate,governor,state_senate_governor_2004.json,19,3486688,3486694,6,True,-20.43,-20.43,0.0,DEM,DEM,False
2022,state_senate,governor,state_senate_governor_2004.json,20,3486688,3486694,6,True,-39.72,-39.72,0.0,DEM,DEM,False
2022,state_senate,governor,state_senate_governor_2004.json,21,3486688,3486694,6,True,-14.11,-14.11,0.0,DEM,DEM,False
2022,state_senate,governor,state_senate_governor_2004.json,22,3486688,3486694,6,True,-45.84,-45.84,0.0,DEM,DEM,False
2022,state_senate,governor,state_senate_governor_2004.json,23,3486688,3486694,6,True,-39.1,-39.1,0.0,DEM,DEM,False
2022,state_senate,governor,state_senate_governor_2004.json,24,3486688,3486694,6,True,-37.17,-37.17,0.0,DEM,DEM,False
2022,state_senate,governor,state_senate_governor_2004.json,25,3486688,3486694,6,True,0.7,0.7,0.0,REP,REP,False
2022,state_senate,governor,state_senate_governor_2004.json,26,3486688,3486694,6,True,-6.16,-6.16,0.0,DEM,DEM,False
2022,state_senate,governor,state_senate_governor_2004.json,27,3486688,3486694,6,True,-11.25,-11.25,0.0,DEM,DEM,False
2022,state_senate,governor,state_senate_governor_2004.json,28,3486688,3486694,6,True,-45.75,-45.75,0.0,DEM,DEM,False
2022,state_senate,governor,state_senate_governor_2004.json,29,3486688,3486694,6,True,-2.75,-2.75,0.0,DEM,DEM,False
2022,state_senate,governor,state_senate_governor_2004.json,30,3486688,3486694,6,True,9.72,9.72,0.0,REP,REP,False
2022,state_senate,governor,state_senate_governor_2004.json,31,3486688,3486694,6,True,-6.42,-6.42,0.0,DEM,DEM,False
2022,state_senate,governor,state_senate_governor_2004.json,32,3486688,3486694,6,True,-16.09,-16.09,0.0,DEM,DEM,False
2022,state_senate,governor,state_senate_governor_2004.json,33,3486688,3486694,6,True,4.61,4.61,0.0,REP,REP,False
2022,state_senate,governor,state_senate_governor_2004.json,34,3486688,3486694,6,True,1.4,1.4,0.0,REP,REP,False
2022,state_senate,governor,state_senate_governor_2004.json,35,3486688,3486694,6,True,18.35,18.35,0.0,REP,REP,False
2022,state_senate,governor,state_senate_governor_2004.json,36,3486688,3486694,6,True,7.39,7.39,0.0,REP,REP,False
2022,state_senate,governor,state_senate_governor_2004.json,37,3486688,3486694,6,True,7.37,7.37,0.0,REP,REP,False
2022,state_senate,governor,state_senate_governor_2004.json,38,3486688,3486694,6,True,-47.55,-47.55,0.0,DEM,DEM,False
2022,state_senate,governor,state_senate_governor_2004.json,39,3486688,3486694,6,True,-18.19,-18.19,0.0,DEM,DEM,False
2022,state_senate,governor,state_senate_governor_2004.json,40,3486688,3486694,6,True,-28.04,-28.04,0.0,DEM,DEM,False
2022,state_senate,governor,state_senate_governor_2004.json,41,3486688,3486694,6,True,-27.27,-27.27,0.0,DEM,DEM,False
2022,state_senate,governor,state_senate_governor_2004.json,42,3486688,3486694,6,True,7.31,7.31,0.0,REP,REP,False
2022,state_senate,governor,state_senate_governor_2004.json,43,3486688,3486694,6,True,7.97,7.97,0.0,REP,REP,False
2022,state_senate,governor,state_senate_governor_2004.json,44,3486688,3486694,6,True,-1.92,-1.92,0.0,DEM,DEM,False
2022,state_senate,governor,state_senate_governor_2004.json,45,3486688,3486694,6,True,9.22,9.22,0.0,REP,REP,False
2022,state_senate,governor,state_senate_governor_2004.json,46,3486688,3486694,6,True,-5.44,-5.44,0.0,DEM,DEM,False
2022,state_senate,governor,state_senate_governor_2004.json,47,3486688,3486694,6,True,-2.72,-2.72,0.0,DEM,DEM,False
2022,state_senate,governor,state_senate_governor_2004.json,48,3486688,3486694,6,True,3.6,3.6,0.0,REP,REP,False
2022,state_senate,governor,state_senate_governor_2004.json,49,3486688,3486694,6,True,-16.71,-16.71,0.0,DEM,DEM,False
2022,state_senate,governor,state_senate_governor_2004.json,50,3486688,3486694,6,True,-4.58,-4.58,0.0,DEM,DEM,False
2022,state_senate,insurance_commissioner,state_senate_insurance_commissioner_2004.json,1,3355474,3355476,2,True,-14.29,-14.29,0.0,DEM,DEM,False
2022,state_senate,insurance_commissioner,state_senate_insurance_commissioner_2004.json,2,3355474,3355476,2,True,-16.56,-16.56,0.0,DEM,DEM,False
2022,state_senate,insurance_commissioner,state_senate_insurance_commissioner_2004.json,3,3355474,3355476,2,True,-47.0,-47.0,0.0,DEM,DEM,False
2022,state_senate,insurance_commissioner,state_senate_insurance_commissioner_2004.json,4,3355474,3355476,2,True,-22.0,-22.0,0.0,DEM,DEM,False
2022,state_senate,insurance_commissioner,state_senate_insurance_commissioner_2004.json,5,3355474,3355476,2,True,-32.24,-32.24,0.0,DEM,DEM,False
2022,state_senate,insurance_commissioner,state_senate_insurance_commissioner_2004.json,6,3355474,3355476,2,True,3.95,3.95,0.0,REP,REP,False
2022,state_senate,insurance_commissioner,state_senate_insurance_commissioner_2004.json,7,3355474,3355476,2,True,-11.17,-11.17,0.0,DEM,DEM,False
2022,state_senate,insurance_commissioner,state_senate_insurance_commissioner_2004.json,8,3355474,3355476,2,True,-25.32,-25.32,0.0,DEM,DEM,False
2022,state_senate,insurance_commissioner,state_senate_insurance_commissioner_2004.json,9,3355474,3355476,2,True,-26.65,-26.65,0.0,DEM,DEM,False
2022,state_senate,insurance_commissioner,state_senate_insurance_commissioner_2004.json,10,3355474,3355476,2,True,-8.78,-8.78,0.0,DEM,DEM,False
2022,state_senate,insurance_commissioner,state_senate_insurance_commissioner_2004.json,11,3355474,3355476,2,True,-33.08,-33.08,0.0,DEM,DEM,False
2022,state_senate,insurance_commissioner,state_senate_insurance_commissioner_2004.json,12,3355474,3355476,2,True,-17.17,-17.17,0.0,DEM,DEM,False
2022,state_senate,insurance_commissioner,state_senate_insurance_commissioner_2004.json,13,3355474,3355476,2,True,-24.91,-24.91,0.0,DEM,DEM,False
2022,state_senate,insurance_commissioner,state_senate_insurance_commissioner_2004.json,14,3355474,3355476,2,True,-46.94,-46.94,0.0,DEM,DEM,False
2022,state_senate,insurance_commissioner,state_senate_insurance_commissioner_2004.json,15,3355474,3355476,2,True,-31.81,-31.81,0.0,DEM,DEM,False
2022,state_senate,insurance_commissioner,state_senate_insurance_commissioner_2004.json,16,3355474,3355476,2,True,-14.3,-14.3,0.0,DEM,DEM,False
2022,state_senate,insurance_commissioner,state_senate_insurance_commissioner_2004.json,17,3355474,3355476,2,True,-5.45,-5.45,0.0,DEM,DEM,False
2022,state_senate,insurance_commissioner,state_senate_insurance_commissioner_2004.json,18,3355474,3355476,2,True,-14.66,-14.66,0.0,DEM,DEM,False
2022,state_senate,insurance_commissioner,state_senate_insurance_commissioner_2004.json,19,3355474,3355476,2,True,-21.4,-21.4,0.0,DEM,DEM,False
2022,state_senate,insurance_commissioner,state_senate_insurance_commissioner_2004.json,20,3355474,3355476,2,True,-46.39,-46.39,0.0,DEM,DEM,False
2022,state_senate,insurance_commissioner,state_senate_insurance_commissioner_2004.json,21,3355474,3355476,2,True,-12.98,-12.98,0.0,DEM,DEM,False
2022,state_senate,insurance_commissioner,state_senate_insurance_commissioner_2004.json,22,3355474,3355476,2,True,-53.96,-53.96,0.0,DEM,DEM,False
2022,state_senate,insurance_commissioner,state_senate_insurance_commissioner_2004.json,23,3355474,3355476,2,True,-45.55,-45.55,0.0,DEM,DEM,False
2022,state_senate,insurance_commissioner,state_senate_insurance_commissioner_2004.json,24,3355474,3355476,2,True,-50.77,-50.77,0.0,DEM,DEM,False
2022,state_senate,insurance_commissioner,state_senate_insurance_commissioner_2004.json,25,3355474,3355476,2,True,-11.21,-11.21,0.0,DEM,DEM,False
2022,state_senate,insurance_commissioner,state_senate_insurance_commissioner_2004.json,26,3355474,3355476,2,True,-8.24,-8.24,0.0,DEM,DEM,False
2022,state_senate,insurance_commissioner,state_senate_insurance_commissioner_2004.json,27,3355474,3355476,2,True,-9.81,-9.81,0.0,DEM,DEM,False
2022,state_senate,insurance_commissioner,state_senate_insurance_commissioner_2004.json,28,3355474,3355476,2,True,-49.87,-49.87,0.0,DEM,DEM,False
2022,state_senate,insurance_commissioner,state_senate_insurance_commissioner_2004.json,29,3355474,3355476,2,True,-6.76,-6.76,0.0,DEM,DEM,False
2022,state_senate,insurance_commissioner,state_senate_insurance_commissioner_2004.json,30,3355474,3355476,2,True,10.99,10.99,0.0,REP,REP,False
2022,state_senate,insurance_commissioner,state_senate_insurance_commissioner_2004.json,31,3355474,3355476,2,True,-8.03,-8.03,0.0,DEM,DEM,False
2022,state_senate,insurance_commissioner,state_senate_insurance_commissioner_2004.json,32,3355474,3355476,2,True,-19.0,-19.0,0.0,DEM,DEM,False
2022,state_senate,insurance_commissioner,state_senate_insurance_commissioner_2004.json,33,3355474,3355476,2,True,5.12,5.12,0.0,REP,REP,False
2022,state_senate,insurance_commissioner,state_senate_insurance_commissioner_2004.json,34,3355474,3355476,2,True,7.74,7.74,0.0,REP,REP,False
2022,state_senate,insurance_commissioner,state_senate_insurance_commissioner_2004.json,35,3355474,3355476,2,True,24.31,24.31,0.0,REP,REP,False
2022,state_senate,insurance_commissioner,state_senate_insurance_commissioner_2004.json,36,3355474,3355476,2,True,7.41,7.41,0.0,REP,REP,False
2022,state_senate,insurance_commissioner,state_senate_insurance_commissioner_2004.json,37,3355474,3355476,2,True,20.36,20.36,0.0,REP,REP,False
2022,state_senate,insurance_commissioner,state_senate_insurance_commissioner_2004.json,38,3355474,3355476,2,True,-44.63,-44.63,0.0,DEM,DEM,False
2022,state_senate,insurance_commissioner,state_senate_insurance_commissioner_2004.json,39,3355474,3355476,2,True,-12.96,-12.96,0.0,DEM,DEM,False
2022,state_senate,insurance_commissioner,state_senate_insurance_commissioner_2004.json,40,3355474,3355476,2,True,-26.15,-26.15,0.0,DEM,DEM,False
2022,state_senate,insurance_commissioner,state_senate_insurance_commissioner_2004.json,41,3355474,3355476,2,True,-22.39,-22.39,0.0,DEM,DEM,False
2022,state_senate,insurance_commissioner,state_senate_insurance_commissioner_2004.json,42,3355474,3355476,2,True,15.37,15.37,0.0,REP,REP,False
2022,state_senate,insurance_commissioner,state_senate_insurance_commissioner_2004.json,43,3355474,3355476,2,True,6.64,6.64,0.0,REP,REP,False
2022,state_senate,insurance_commissioner,state_senate_insurance_commissioner_2004.json,44,3355474,3355476,2,True,-3.94,-3.94,0.0,DEM,DEM,False
2022,state_senate,insurance_commissioner,state_senate_insurance_commissioner_2004.json,45,3355474,3355476,2,True,14.94,14.94,0.0,REP,REP,False
2022,state_senate,insurance_commissioner,state_senate_insurance_commissioner_2004.json,46,3355474,3355476,2,True,-10.2,-10.2,0.0,DEM,DEM,False
2022,state_senate,insurance_commissioner,state_senate_insurance_commissioner_2004.json,47,3355474,3355476,2,True,-5.25,-5.25,0.0,DEM,DEM,False
2022,state_senate,insurance_commissioner,state_senate_insurance_commissioner_2004.json,48,3355474,3355476,2,True,6.62,6.62,0.0,REP,REP,False
2022,state_senate,insurance_commissioner,state_senate_insurance_commissioner_2004.json,49,3355474,3355476,2,True,-20.06,-20.06,0.0,DEM,DEM,False
2022,state_senate,insurance_commissioner,state_senate_insurance_commissioner_2004.json,50,3355474,3355476,2,True,-4.21,-4.21,0.0,DEM,DEM,False
2022,state_senate,labor_commissioner,state_senate_labor_commissioner_2004.json,1,3307492,3307494,2,True,3.11,3.11,0.0,REP,REP,False
2022,state_senate,labor_commissioner,state_senate_labor_commissioner_2004.json,2,3307492,3307494,2,True,6.88,6.88,0.0,REP,REP,False
2022,state_senate,labor_commissioner,state_senate_labor_commissioner_2004.json,3,3307492,3307494,2,True,-31.66,-31.66,0.0,DEM,DEM,False
2022,state_senate,labor_commissioner,state_senate_labor_commissioner_2004.json,4,3307492,3307494,2,True,-0.2,-0.2,0.0,DEM,DEM,False
2022,state_senate,labor_commissioner,state_senate_labor_commissioner_2004.json,5,3307492,3307494,2,True,-13.93,-13.93,0.0,DEM,DEM,False
2022,state_senate,labor_commissioner,state_senate_labor_commissioner_2004.json,6,3307492,3307494,2,True,21.29,21.29,0.0,REP,REP,False
2022,state_senate,labor_commissioner,state_senate_labor_commissioner_2004.json,7,3307492,3307494,2,True,11.02,11.02,0.0,REP,REP,False
2022,state_senate,labor_commissioner,state_senate_labor_commissioner_2004.json,8,3307492,3307494,2,True,-6.29,-6.29,0.0,DEM,DEM,False
2022,state_senate,labor_commissioner,state_senate_labor_commissioner_2004.json,9,3307492,3307494,2,True,-6.7,-6.7,0.0,DEM,DEM,False
2022,state_senate,labor_commissioner,state_senate_labor_commissioner_2004.json,10,3307492,3307494,2,True,21.86,21.86,0.0,REP,REP,False
2022,state_senate,labor_commissioner,state_senate_labor_commissioner_2004.json,11,3307492,3307494,2,True,-8.61,-8.61,0.0,DEM,DEM,False
2022,state_senate,labor_commissioner,state_senate_labor_commissioner_2004.json,12,3307492,3307494,2,True,6.59,6.59,0.0,REP,REP,False
2022,state_senate,labor_commissioner,state_senate_labor_commissioner_2004.json,13,3307492,3307494,2,True,3.33,3.33,0.0,REP,REP,False
2022,state_senate,labor_commissioner,state_senate_labor_commissioner_2004.json,14,3307492,3307494,2,True,-27.47,-27.47,0.0,DEM,DEM,False
2022,state_senate,labor_commissioner,state_senate_labor_commissioner_2004.json,15,3307492,3307494,2,True,-2.87,-2.87,0.0,DEM,DEM,False
2022,state_senate,labor_commissioner,state_senate_labor_commissioner_2004.json,16,3307492,3307494,2,True,11.83,11.83,0.0,REP,REP,False
2022,state_senate,labor_commissioner,state_senate_labor_commissioner_2004.json,17,3307492,3307494,2,True,20.47,20.47,0.0,REP,REP,False
2022,state_senate,labor_commissioner,state_senate_labor_commissioner_2004.json,18,3307492,3307494,2,True,10.53,10.53,0.0,REP,REP,False
2022,state_senate,labor_commissioner,state_senate_labor_commissioner_2004.json,19,3307492,3307494,2,True,-1.76,-1.76,0.0,DEM,DEM,False
2022,state_senate,labor_commissioner,state_senate_labor_commissioner_2004.json,20,3307492,3307494,2,True,-30.06,-30.06,0.0,DEM,DEM,False
2022,state_senate,labor_commissioner,state_senate_labor_commissioner_2004.json,21,3307492,3307494,2,True,2.72,2.72,0.0,REP,REP,False
2022,state_senate,labor_commissioner,state_senate_labor_commissioner_2004.json,22,3307492,3307494,2,True,-38.83,-38.83,0.0,DEM,DEM,False
2022,state_senate,labor_commissioner,state_senate_labor_commissioner_2004.json,23,3307492,3307494,2,True,-27.69,-27.69,0.0,DEM,DEM,False
2022,state_senate,labor_commissioner,state_senate_labor_commissioner_2004.json,24,3307492,3307494,2,True,-30.67,-30.67,0.0,DEM,DEM,False
2022,state_senate,labor_commissioner,state_senate_labor_commissioner_2004.json,25,3307492,3307494,2,True,18.51,18.51,0.0,REP,REP,False
2022,state_senate,labor_commissioner,state_senate_labor_commissioner_2004.json,26,3307492,3307494,2,True,14.71,14.71,0.0,REP,REP,False
2022,state_senate,labor_commissioner,state_senate_labor_commissioner_2004.json,27,3307492,3307494,2,True,8.33,8.33,0.0,REP,REP,False
2022,state_senate,labor_commissioner,state_senate_labor_commissioner_2004.json,28,3307492,3307494,2,True,-34.34,-34.34,0.0,DEM,DEM,False
2022,state_senate,labor_commissioner,state_senate_labor_commissioner_2004.json,29,3307492,3307494,2,True,7.48,7.48,0.0,REP,REP,False
2022,state_senate,labor_commissioner,state_senate_labor_commissioner_2004.json,30,3307492,3307494,2,True,32.58,32.58,0.0,REP,REP,False
2022,state_senate,labor_commissioner,state_senate_labor_commissioner_2004.json,31,3307492,3307494,2,True,12.73,12.73,0.0,REP,REP,False
2022,state_senate,labor_commissioner,state_senate_labor_commissioner_2004.json,32,3307492,3307494,2,True,4.04,4.04,0.0,REP,REP,False
2022,state_senate,labor_commissioner,state_senate_labor_commissioner_2004.json,33,3307492,3307494,2,True,26.38,26.38,0.0,REP,REP,False
2022,state_senate,labor_commissioner,state_senate_labor_commissioner_2004.json,34,3307492,3307494,2,True,26.64,26.64,0.0,REP,REP,False
2022,state_senate,labor_commissioner,state_senate_labor_commissioner_2004.json,35,3307492,3307494,2,True,37.87,37.87,0.0,REP,REP,False
2022,state_senate,labor_commissioner,state_senate_labor_commissioner_2004.json,36,3307492,3307494,2,True,28.57,28.57,0.0,REP,REP,False
2022,state_senate,labor_commissioner,state_senate_labor_commissioner_2004.json,37,3307492,3307494,2,True,30.17,30.17,0.0,REP,REP,False
2022,state_senate,labor_commissioner,state_senate_labor_commissioner_2004.json,38,3307492,3307494,2,True,-36.47,-36.47,0.0,DEM,DEM,False
2022,state_senate,labor_commissioner,state_senate_labor_commissioner_2004.json,39,3307492,3307494,2,True,2.82,2.82,0.0,REP,REP,False
2022,state_senate,labor_commissioner,state_senate_labor_commissioner_2004.json,40,3307492,3307494,2,True,-15.67,-15.67,0.0,DEM,DEM,False
2022,state_senate,labor_commissioner,state_senate_labor_commissioner_2004.json,41,3307492,3307494,2,True,-13.23,-13.23,0.0,DEM,DEM,False
2022,state_senate,labor_commissioner,state_senate_labor_commissioner_2004.json,42,3307492,3307494,2,True,31.11,31.11,0.0,REP,REP,False
2022,state_senate,labor_commissioner,state_senate_labor_commissioner_2004.json,43,3307492,3307494,2,True,30.62,30.62,0.0,REP,REP,False
2022,state_senate,labor_commissioner,state_senate_labor_commissioner_2004.json,44,3307492,3307494,2,True,19.12,19.12,0.0,REP,REP,False
2022,state_senate,labor_commissioner,state_senate_labor_commissioner_2004.json,45,3307492,3307494,2,True,36.06,36.06,0.0,REP,REP,False
2022,state_senate,labor_commissioner,state_senate_labor_commissioner_2004.json,46,3307492,3307494,2,True,8.54,8.54,0.0,REP,REP,False
2022,state_senate,labor_commissioner,state_senate_labor_commissioner_2004.json,47,3307492,3307494,2,True,10.85,10.85,0.0,REP,REP,False
2022,state_senate,labor_commissioner,state_senate_labor_commissioner_2004.json,48,3307492,3307494,2,True,21.56,21.56,0.0,REP,REP,False
2022,state_senate,labor_commissioner,state_senate_labor_commissioner_2004.json,49,3307492,3307494,2,True,-0.73,-0.73,0.0,DEM,DEM,False
2022,state_senate,labor_commissioner,state_senate_labor_commissioner_2004.json,50,3307492,3307494,2,True,8.24,8.24,0.0,REP,REP,False
2022,state_senate,lieutenant_governor,state_senate_lieutenant_governor_2004.json,1,3398470,3398473,3,True,-18.82,-18.82,0.0,DEM,DEM,False
2022,state_senate,lieutenant_governor,state_senate_lieutenant_governor_2004.json,2,3398470,3398473,3,True,-24.53,-24.53,0.0,DEM,DEM,False
2022,state_senate,lieutenant_governor,state_senate_lieutenant_governor_2004.json,3,3398470,3398473,3,True,-42.77,-42.77,0.0,DEM,DEM,False
2022,state_senate,lieutenant_governor,state_senate_lieutenant_governor_2004.json,4,3398470,3398473,3,True,-19.67,-19.67,0.0,DEM,DEM,False
2022,state_senate,lieutenant_governor,state_senate_lieutenant_governor_2004.json,5,3398470,3398473,3,True,-32.29,-32.29,0.0,DEM,DEM,False
2022,state_senate,lieutenant_governor,state_senate_lieutenant_governor_2004.json,6,3398470,3398473,3,True,-7.85,-7.85,0.0,DEM,DEM,False
2022,state_senate,lieutenant_governor,state_senate_lieutenant_governor_2004.json,7,3398470,3398473,3,True,-10.13,-10.13,0.0,DEM,DEM,False
2022,state_senate,lieutenant_governor,state_senate_lieutenant_governor_2004.json,8,3398470,3398473,3,True,-23.71,-23.71,0.0,DEM,DEM,False
2022,state_senate,lieutenant_governor,state_senate_lieutenant_governor_2004.json,9,3398470,3398473,3,True,-24.99,-24.99,0.0,DEM,DEM,False
2022,state_senate,lieutenant_governor,state_senate_lieutenant_governor_2004.json,10,3398470,3398473,3,True,-4.08,-4.08,0.0,DEM,DEM,False
2022,state_senate,lieutenant_governor,state_senate_lieutenant_governor_2004.json,11,3398470,3398473,3,True,-29.75,-29.75,0.0,DEM,DEM,False
2022,state_senate,lieutenant_governor,state_senate_lieutenant_governor_2004.json,12,3398470,3398473,3,True,-15.11,-15.11,0.0,DEM,DEM,False
2022,state_senate,lieutenant_governor,state_senate_lieutenant_governor_2004.json,13,3398470,3398473,3,True,-22.4,-22.4,0.0,DEM,DEM,False
2022,state_senate,lieutenant_governor,state_senate_lieutenant_governor_2004.json,14,3398470,3398473,3,True,-43.94,-43.94,0.0,DEM,DEM,False
2022,state_senate,lieutenant_governor,state_senate_lieutenant_governor_2004.json,15,3398470,3398473,3,True,-28.33,-28.33,0.0,DEM,DEM,False
2022,state_senate,lieutenant_governor,state_senate_lieutenant_governor_2004.json,16,3398470,3398473,3,True,-16.05,-16.05,0.0,DEM,DEM,False
2022,state_senate,lieutenant_governor,state_senate_lieutenant_governor_2004.json,17,3398470,3398473,3,True,-4.54,-4.54,0.0,DEM,DEM,False
2022,state_senate,lieutenant_governor,state_senate_lieutenant_governor_2004.json,18,3398470,3398473,3,True,-12.5,-12.5,0.0,DEM,DEM,False
2022,state_senate,lieutenant_governor,state_senate_lieutenant_governor_2004.json,19,3398470,3398473,3,True,-23.09,-23.09,0.0,DEM,DEM,False
2022,state_senate,lieutenant_governor,state_senate_lieutenant_governor_2004.json,20,3398470,3398473,3,True,-44.27,-44.27,0.0,DEM,DEM,False
2022,state_senate,lieutenant_governor,state_senate_lieutenant_governor_2004.json,21,3398470,3398473,3,True,-15.28,-15.28,0.0,DEM,DEM,False
2022,state_senate,lieutenant_governor,state_senate_lieutenant_governor_2004.json,22,3398470,3398473,3,True,-50.53,-50.53,0.0,DEM,DEM,False
2022,state_senate,lieutenant_governor,state_senate_lieutenant_governor_2004.json,23,3398470,3398473,3,True,-42.0,-42.0,0.0,DEM,DEM,False
2022,state_senate,lieutenant_governor,state_senate_lieutenant_governor_2004.json,24,3398470,3398473,3,True,-42.68,-42.68,0.0,DEM,DEM,False
2022,state_senate,lieutenant_governor,state_senate_lieutenant_governor_2004.json,25,3398470,3398473,3,True,1.67,1.67,0.0,REP,REP,False
2022,state_senate,lieutenant_governor,state_senate_lieutenant_governor_2004.json,26,3398470,3398473,3,True,0.61,0.61,0.0,REP,REP,False
2022,state_senate,lieutenant_governor,state_senate_lieutenant_governor_2004.json,27,3398470,3398473,3,True,-4.31,-4.31,0.0,DEM,DEM,False
2022,state_senate,lieutenant_governor,state_senate_lieutenant_governor_2004.json,28,3398470,3398473,3,True,-42.54,-42.54,0.0,DEM,DEM,False
2022,state_senate,lieutenant_governor,state_senate_lieutenant_governor_2004.json,29,3398470,3398473,3,True,-1.94,-1.94,0.0,DEM,DEM,False
2022,state_senate,lieutenant_governor,state_senate_lieutenant_governor_2004.json,30,3398470,3398473,3,True,24.5,24.5,0.0,REP,REP,False
2022,state_senate,lieutenant_governor,state_senate_lieutenant_governor_2004.json,31,3398470,3398473,3,True,-1.2,-1.2,0.0,DEM,DEM,False
2022,state_senate,lieutenant_governor,state_senate_lieutenant_governor_2004.json,32,3398470,3398473,3,True,-14.13,-14.13,0.0,DEM,DEM,False
2022,state_senate,lieutenant_governor,state_senate_lieutenant_governor_2004.json,33,3398470,3398473,3,True,8.79,8.79,0.0,REP,REP,False
2022,state_senate,lieutenant_governor,state_senate_lieutenant_governor_2004.json,34,3398470,3398473,3,True,7.93,7.93,0.0,REP,REP,False
2022,state_senate,lieutenant_governor,state_senate_lieutenant_governor_2004.json,35,3398470,3398473,3,True,25.28,25.28,0.0,REP,REP,False
2022,state_senate,lieutenant_governor,state_senate_lieutenant_governor_2004.json,36,3398470,3398473,3,True,12.15,12.15,0.0,REP,REP,False
2022,state_senate,lieutenant_governor,state_senate_lieutenant_governor_2004.json,37,3398470,3398473,3,True,13.61,13.61,0.0,REP,REP,False
2022,state_senate,lieutenant_governor,state_senate_lieutenant_governor_2004.json,38,3398470,3398473,3,True,-46.32,-46.32,0.0,DEM,DEM,False
2022,state_senate,lieutenant_governor,state_senate_lieutenant_governor_2004.json,39,3398470,3398473,3,True,-15.53,-15.53,0.0,DEM,DEM,False
2022,state_senate,lieutenant_governor,state_senate_lieutenant_governor_2004.json,40,3398470,3398473,3,True,-26.5,-26.5,0.0,DEM,DEM,False
2022,state_senate,lieutenant_governor,state_senate_lieutenant_governor_2004.json,41,3398470,3398473,3,True,-23.88,-23.88,0.0,DEM,DEM,False
2022,state_senate,lieutenant_governor,state_senate_lieutenant_governor_2004.json,42,3398470,3398473,3,True,12.44,12.44,0.0,REP,REP,False
2022,state_senate,lieutenant_governor,state_senate_lieutenant_governor_2004.json,43,3398470,3398473,3,True,11.68,11.68,0.0,REP,REP,False
2022,state_senate,lieutenant_governor,state_senate_lieutenant_governor_2004.json,44,3398470,3398473,3,True,-0.6,-0.6,0.0,DEM,DEM,False
2022,state_senate,lieutenant_governor,state_senate_lieutenant_governor_2004.json,45,3398470,3398473,3,True,14.18,14.18,0.0,REP,REP,False
2022,state_senate,lieutenant_governor,state_senate_lieutenant_governor_2004.json,46,3398470,3398473,3,True,-5.65,-5.65,0.0,DEM,DEM,False
2022,state_senate,lieutenant_governor,state_senate_lieutenant_governor_2004.json,47,3398470,3398473,3,True,0.52,0.52,0.0,REP,REP,False
2022,state_senate,lieutenant_governor,state_senate_lieutenant_governor_2004.json,48,3398470,3398473,3,True,10.52,10.52,0.0,REP,REP,False
2022,state_senate,lieutenant_governor,state_senate_lieutenant_governor_2004.json,49,3398470,3398473,3,True,-14.64,-14.64,0.0,DEM,DEM,False
2022,state_senate,lieutenant_governor,state_senate_lieutenant_governor_2004.json,50,3398470,3398473,3,True,-0.65,-0.65,0.0,DEM,DEM,False
2022,state_senate,nc_court_of_appeals_judge_seat_04,state_senate_nc_court_of_appeals_judge_seat_04_2004.json,1,2632583,2632582,-1,True,-13.48,-13.48,0.0,DEM,DEM,False
2022,state_senate,nc_court_of_appeals_judge_seat_04,state_senate_nc_court_of_appeals_judge_seat_04_2004.json,2,2632583,2632582,-1,True,-7.42,-7.42,0.0,DEM,DEM,False
2022,state_senate,nc_court_of_appeals_judge_seat_04,state_senate_nc_court_of_appeals_judge_seat_04_2004.json,3,2632583,2632582,-1,True,-27.89,-27.89,0.0,DEM,DEM,False
2022,state_senate,nc_court_of_appeals_judge_seat_04,state_senate_nc_court_of_appeals_judge_seat_04_2004.json,4,2632583,2632582,-1,True,-8.13,-8.13,0.0,DEM,DEM,False
2022,state_senate,nc_court_of_appeals_judge_seat_04,state_senate_nc_court_of_appeals_judge_seat_04_2004.json,5,2632583,2632582,-1,True,-20.97,-20.97,0.0,DEM,DEM,False
2022,state_senate,nc_court_of_appeals_judge_seat_04,state_senate_nc_court_of_appeals_judge_seat_04_2004.json,6,2632583,2632582,-1,True,-6.86,-6.86,0.0,DEM,DEM,False
2022,state_senate,nc_court_of_appeals_judge_seat_04,state_senate_nc_court_of_appeals_judge_seat_04_2004.json,7,2632583,2632582,-1,True,-11.31,-11.31,0.0,DEM,DEM,False
2022,state_senate,nc_court_of_appeals_judge_seat_04,state_senate_nc_court_of_appeals_judge_seat_04_2004.json,8,2632583,2632582,-1,True,-23.07,-23.07,0.0,DEM,DEM,False
2022,state_senate,nc_court_of_appeals_judge_seat_04,state_senate_nc_court_of_appeals_judge_seat_04_2004.json,9,2632583,2632582,-1,True,-14.51,-14.51,0.0,DEM,DEM,False
2022,state_senate,nc_court_of_appeals_judge_seat_04,state_senate_nc_court_of_appeals_judge_seat_04_2004.json,10,2632583,2632582,-1,True,-0.45,-0.45,0.0,DEM,DEM,False
2022,state_senate,nc_court_of_appeals_judge_seat_04,state_senate_nc_court_of_appeals_judge_seat_04_2004.json,11,2632583,2632582,-1,True,-16.48,-16.48,0.0,DEM,DEM,False
2022,state_senate,nc_court_of_appeals_judge_seat_04,state_senate_nc_court_of_appeals_judge_seat_04_2004.json,12,2632583,2632582,-1,True,-11.29,-11.29,0.0,DEM,DEM,False
2022,state_senate,nc_court_of_appeals_judge_seat_04,state_senate_nc_court_of_appeals_judge_seat_04_2004.json,13,2632583,2632582,-1,True,-17.2,-17.2,0.0,DEM,DEM,False
2022,state_senate,nc_court_of_appeals_judge_seat_04,state_senate_nc_court_of_appeals_judge_seat_04_2004.json,14,2632583,2632582,-1,True,-39.88,-39.88,0.0,DEM,DEM,False
2022,state_senate,nc_court_of_appeals_judge_seat_04,state_senate_nc_court_of_appeals_judge_seat_04_2004.json,15,2632583,2632582,-1,True,-23.55,-23.55,0.0,DEM,DEM,False
2022,state_senate,nc_court_of_appeals_judge_seat_04,state_senate_nc_court_of_appeals_judge_seat_04_2004.json,16,2632583,2632582,-1,True,-15.32,-15.32,0.0,DEM,DEM,False
2022,state_senate,nc_court_of_appeals_judge_seat_04,state_senate_nc_court_of_appeals_judge_seat_04_2004.json,17,2632583,2632582,-1,True,-3.68,-3.68,0.0,DEM,DEM,False
2022,state_senate,nc_court_of_appeals_judge_seat_04,state_senate_nc_court_of_appeals_judge_seat_04_2004.json,18,2632583,2632582,-1,True,-10.51,-10.51,0.0,DEM,DEM,False
2022,state_senate,nc_court_of_appeals_judge_seat_04,state_senate_nc_court_of_appeals_judge_seat_04_2004.json,19,2632583,2632582,-1,True,-25.16,-25.16,0.0,DEM,DEM,False
2022,state_senate,nc_court_of_appeals_judge_seat_04,state_senate_nc_court_of_appeals_judge_seat_04_2004.json,20,2632583,2632582,-1,True,-42.69,-42.69,0.0,DEM,DEM,False
2022,state_senate,nc_court_of_appeals_judge_seat_04,state_senate_nc_court_of_appeals_judge_seat_04_2004.json,21,2632583,2632582,-1,True,-18.78,-18.78,0.0,DEM,DEM,False
2022,state_senate,nc_court_of_appeals_judge_seat_04,state_senate_nc_court_of_appeals_judge_seat_04_2004.json,22,2632583,2632582,-1,True,-46.3,-46.3,0.0,DEM,DEM,False
2022,state_senate,nc_court_of_appeals_judge_seat_04,state_senate_nc_court_of_appeals_judge_seat_04_2004.json,23,2632583,2632582,-1,True,-39.1,-39.1,0.0,DEM,DEM,False
2022,state_senate,nc_court_of_appeals_judge_seat_04,state_senate_nc_court_of_appeals_judge_seat_04_2004.json,24,2632583,2632582,-1,True,-24.03,-24.03,0.0,DEM,DEM,False
2022,state_senate,nc_court_of_appeals_judge_seat_04,state_senate_nc_court_of_appeals_judge_seat_04_2004.json,25,2632583,2632582,-1,True,-3.36,-3.36,0.0,DEM,DEM,False
2022,state_senate,nc_court_of_appeals_judge_seat_04,state_senate_nc_court_of_appeals_judge_seat_04_2004.json,26,2632583,2632582,-1,True,-9.32,-9.32,0.0,DEM,DEM,False
2022,state_senate,nc_court_of_appeals_judge_seat_04,state_senate_nc_court_of_appeals_judge_seat_04_2004.json,27,2632583,2632582,-1,True,-17.91,-17.91,0.0,DEM,DEM,False
2022,state_senate,nc_court_of_appeals_judge_seat_04,state_senate_nc_court_of_appeals_judge_seat_04_2004.json,28,2632583,2632582,-1,True,-44.59,-44.59,0.0,DEM,DEM,False
2022,state_senate,nc_court_of_appeals_judge_seat_04,state_senate_nc_court_of_appeals_judge_seat_04_2004.json,29,2632583,2632582,-1,True,-3.5,-3.5,0.0,DEM,DEM,False
2022,state_senate,nc_court_of_appeals_judge_seat_04,state_senate_nc_court_of_appeals_judge_seat_04_2004.json,30,2632583,2632582,-1,True,-1.53,-1.53,0.0,DEM,DEM,False
2022,state_senate,nc_court_of_appeals_judge_seat_04,state_senate_nc_court_of_appeals_judge_seat_04_2004.json,31,2632583,2632582,-1,True,-11.52,-11.52,0.0,DEM,DEM,False
2022,state_senate,nc_court_of_appeals_judge_seat_04,state_senate_nc_court_of_appeals_judge_seat_04_2004.json,32,2632583,2632582,-1,True,-23.08,-23.08,0.0,DEM,DEM,False
2022,state_senate,nc_court_of_appeals_judge_seat_04,state_senate_nc_court_of_appeals_judge_seat_04_2004.json,33,2632583,2632582,-1,True,-3.67,-3.67,0.0,DEM,DEM,False
2022,state_senate,nc_court_of_appeals_judge_seat_04,state_senate_nc_court_of_appeals_judge_seat_04_2004.json,34,2632583,2632582,-1,True,-23.29,-23.29,0.0,DEM,DEM,False
2022,state_senate,nc_court_of_appeals_judge_seat_04,state_senate_nc_court_of_appeals_judge_seat_04_2004.json,35,2632583,2632582,-1,True,10.59,10.59,0.0,REP,REP,False
2022,state_senate,nc_court_of_appeals_judge_seat_04,state_senate_nc_court_of_appeals_judge_seat_04_2004.json,36,2632583,2632582,-1,True,2.55,2.55,0.0,REP,REP,False
2022,state_senate,nc_court_of_appeals_judge_seat_04,state_senate_nc_court_of_appeals_judge_seat_04_2004.json,37,2632583,2632582,-1,True,1.9,1.9,0.0,REP,REP,False
2022,state_senate,nc_court_of_appeals_judge_seat_04,state_senate_nc_court_of_appeals_judge_seat_04_2004.json,38,2632583,2632582,-1,True,-43.7,-43.7,0.0,DEM,DEM,False
2022,state_senate,nc_court_of_appeals_judge_seat_04,state_senate_nc_court_of_appeals_judge_seat_04_2004.json,39,2632583,2632582,-1,True,-24.51,-24.51,0.0,DEM,DEM,False
2022,state_senate,nc_court_of_appeals_judge_seat_04,state_senate_nc_court_of_appeals_judge_seat_04_2004.json,40,2632583,2632582,-1,True,-29.56,-29.56,0.0,DEM,DEM,False
2022,state_senate,nc_court_of_appeals_judge_seat_04,state_senate_nc_court_of_appeals_judge_seat_04_2004.json,41,2632583,2632582,-1,True,-26.14,-26.14,0.0,DEM,DEM,False
2022,state_senate,nc_court_of_appeals_judge_seat_04,state_senate_nc_court_of_appeals_judge_seat_04_2004.json,42,2632583,2632582,-1,True,-7.19,-7.19,0.0,DEM,DEM,False
2022,state_senate,nc_court_of_appeals_judge_seat_04,state_senate_nc_court_of_appeals_judge_seat_04_2004.json,43,2632583,2632582,-1,True,-5.53,-5.53,0.0,DEM,DEM,False
2022,state_senate,nc_court_of_appeals_judge_seat_04,state_senate_nc_court_of_appeals_judge_seat_04_2004.json,44,2632583,2632582,-1,True,-1.69,-1.69,0.0,DEM,DEM,False
2022,state_senate,nc_court_of_appeals_judge_seat_04,state_senate_nc_court_of_appeals_judge_seat_04_2004.json,45,2632583,2632582,-1,True,-5.77,-5.77,0.0,DEM,DEM,False
2022,state_senate,nc_court_of_appeals_judge_seat_04,state_senate_nc_court_of_appeals_judge_seat_04_2004.json,46,2632583,2632582,-1,True,-16.14,-16.14,0.0,DEM,DEM,False
2022,state_senate,nc_court_of_appeals_judge_seat_04,state_senate_nc_court_of_appeals_judge_seat_04_2004.json,47,2632583,2632582,-1,True,-7.19,-7.19,0.0,DEM,DEM,False
2022,state_senate,nc_court_of_appeals_judge_seat_04,state_senate_nc_court_of_appeals_judge_seat_04_2004.json,48,2632583,2632582,-1,True,-1.55,-1.55,0.0,DEM,DEM,False
2022,state_senate,nc_court_of_appeals_judge_seat_04,state_senate_nc_court_of_appeals_judge_seat_04_2004.json,49,2632583,2632582,-1,True,-19.17,-19.17,0.0,DEM,DEM,False
2022,state_senate,nc_court_of_appeals_judge_seat_04,state_senate_nc_court_of_appeals_judge_seat_04_2004.json,50,2632583,2632582,-1,True,-2.39,-2.39,0.0,DEM,DEM,False
2022,state_senate,nc_court_of_appeals_judge_seat_05,state_senate_nc_court_of_appeals_judge_seat_05_2004.json,1,2600085,2600092,7,True,-2.46,-2.46,0.0,DEM,DEM,False
2022,state_senate,nc_court_of_appeals_judge_seat_05,state_senate_nc_court_of_appeals_judge_seat_05_2004.json,2,2600085,2600092,7,True,8.77,8.77,0.0,REP,REP,False
2022,state_senate,nc_court_of_appeals_judge_seat_05,state_senate_nc_court_of_appeals_judge_seat_05_2004.json,3,2600085,2600092,7,True,-36.79,-36.79,0.0,DEM,DEM,False
2022,state_senate,nc_court_of_appeals_judge_seat_05,state_senate_nc_court_of_appeals_judge_seat_05_2004.json,4,2600085,2600092,7,True,-10.76,-10.76,0.0,DEM,DEM,False
2022,state_senate,nc_court_of_appeals_judge_seat_05,state_senate_nc_court_of_appeals_judge_seat_05_2004.json,5,2600085,2600092,7,True,-18.73,-18.73,0.0,DEM,DEM,False
2022,state_senate,nc_court_of_appeals_judge_seat_05,state_senate_nc_court_of_appeals_judge_seat_05_2004.json,6,2600085,2600092,7,True,3.56,3.56,0.0,REP,REP,False
2022,state_senate,nc_court_of_appeals_judge_seat_05,state_senate_nc_court_of_appeals_judge_seat_05_2004.json,7,2600085,2600092,7,True,-2.21,-2.21,0.0,DEM,DEM,False
2022,state_senate,nc_court_of_appeals_judge_seat_05,state_senate_nc_court_of_appeals_judge_seat_05_2004.json,8,2600085,2600092,7,True,-23.36,-23.36,0.0,DEM,DEM,False
2022,state_senate,nc_court_of_appeals_judge_seat_05,state_senate_nc_court_of_appeals_judge_seat_05_2004.json,9,2600085,2600092,7,True,-19.78,-19.78,0.0,DEM,DEM,False
2022,state_senate,nc_court_of_appeals_judge_seat_05,state_senate_nc_court_of_appeals_judge_seat_05_2004.json,10,2600085,2600092,7,True,9.39,9.39,0.0,REP,REP,False
2022,state_senate,nc_court_of_appeals_judge_seat_05,state_senate_nc_court_of_appeals_judge_seat_05_2004.json,11,2600085,2600092,7,True,-15.01,-15.01,0.0,DEM,DEM,False
2022,state_senate,nc_court_of_appeals_judge_seat_05,state_senate_nc_court_of_appeals_judge_seat_05_2004.json,12,2600085,2600092,7,True,-11.77,-11.77,0.0,DEM,DEM,False
2022,state_senate,nc_court_of_appeals_judge_seat_05,state_senate_nc_court_of_appeals_judge_seat_05_2004.json,13,2600085,2600092,7,True,3.11,3.11,0.0,REP,REP,False
2022,state_senate,nc_court_of_appeals_judge_seat_05,state_senate_nc_court_of_appeals_judge_seat_05_2004.json,14,2600085,2600092,7,True,-31.53,-31.53,0.0,DEM,DEM,False
2022,state_senate,nc_court_of_appeals_judge_seat_05,state_senate_nc_court_of_appeals_judge_seat_05_2004.json,15,2600085,2600092,7,True,-1.98,-1.98,0.0,DEM,DEM,False
2022,state_senate,nc_court_of_appeals_judge_seat_05,state_senate_nc_court_of_appeals_judge_seat_05_2004.json,16,2600085,2600092,7,True,9.16,9.16,0.0,REP,REP,False
2022,state_senate,nc_court_of_appeals_judge_seat_05,state_senate_nc_court_of_appeals_judge_seat_05_2004.json,17,2600085,2600092,7,True,12.88,12.88,0.0,REP,REP,False
2022,state_senate,nc_court_of_appeals_judge_seat_05,state_senate_nc_court_of_appeals_judge_seat_05_2004.json,18,2600085,2600092,7,True,0.99,0.99,0.0,REP,REP,False
2022,state_senate,nc_court_of_appeals_judge_seat_05,state_senate_nc_court_of_appeals_judge_seat_05_2004.json,19,2600085,2600092,7,True,-18.37,-18.37,0.0,DEM,DEM,False
2022,state_senate,nc_court_of_appeals_judge_seat_05,state_senate_nc_court_of_appeals_judge_seat_05_2004.json,20,2600085,2600092,7,True,-38.97,-38.97,0.0,DEM,DEM,False
2022,state_senate,nc_court_of_appeals_judge_seat_05,state_senate_nc_court_of_appeals_judge_seat_05_2004.json,21,2600085,2600092,7,True,-16.0,-16.0,0.0,DEM,DEM,False
2022,state_senate,nc_court_of_appeals_judge_seat_05,state_senate_nc_court_of_appeals_judge_seat_05_2004.json,22,2600085,2600092,7,True,-33.26,-33.26,0.0,DEM,DEM,False
2022,state_senate,nc_court_of_appeals_judge_seat_05,state_senate_nc_court_of_appeals_judge_seat_05_2004.json,23,2600085,2600092,7,True,-31.76,-31.76,0.0,DEM,DEM,False
2022,state_senate,nc_court_of_appeals_judge_seat_05,state_senate_nc_court_of_appeals_judge_seat_05_2004.json,24,2600085,2600092,7,True,-33.4,-33.4,0.0,DEM,DEM,False
2022,state_senate,nc_court_of_appeals_judge_seat_05,state_senate_nc_court_of_appeals_judge_seat_05_2004.json,25,2600085,2600092,7,True,1.23,1.23,0.0,REP,REP,False
2022,state_senate,nc_court_of_appeals_judge_seat_05,state_senate_nc_court_of_appeals_judge_seat_05_2004.json,26,2600085,2600092,7,True,-11.52,-11.52,0.0,DEM,DEM,False
2022,state_senate,nc_court_of_appeals_judge_seat_05,state_senate_nc_court_of_appeals_judge_seat_05_2004.json,27,2600085,2600092,7,True,-11.91,-11.91,0.0,DEM,DEM,False
2022,state_senate,nc_court_of_appeals_judge_seat_05,state_senate_nc_court_of_appeals_judge_seat_05_2004.json,28,2600085,2600092,7,True,-36.26,-36.26,0.0,DEM,DEM,False
2022,state_senate,nc_court_of_appeals_judge_seat_05,state_senate_nc_court_of_appeals_judge_seat_05_2004.json,29,2600085,2600092,7,True,-9.6,-9.6,0.0,DEM,DEM,False
2022,state_senate,nc_court_of_appeals_judge_seat_05,state_senate_nc_court_of_appeals_judge_seat_05_2004.json,30,2600085,2600092,7,True,1.11,1.11,0.0,REP,REP,False
2022,state_senate,nc_court_of_appeals_judge_seat_05,state_senate_nc_court_of_appeals_judge_seat_05_2004.json,31,2600085,2600092,7,True,-6.46,-6.46,0.0,DEM,DEM,False
2022,state_senate,nc_court_of_appeals_judge_seat_05,state_senate_nc_court_of_appeals_judge_seat_05_2004.json,32,2600085,2600092,7,True,-7.94,-7.94,0.0,DEM,DEM,False
2022,state_senate,nc_court_of_appeals_judge_seat_05,state_senate_nc_court_of_appeals_judge_seat_05_2004.json,33,2600085,2600092,7,True,-1.49,-1.49,0.0,DEM,DEM,False
2022,state_senate,nc_court_of_appeals_judge_seat_05,state_senate_nc_court_of_appeals_judge_seat_05_2004.json,34,2600085,2600092,7,True,-0.13,-0.13,0.0,DEM,DEM,False
2022,state_senate,nc_court_of_appeals_judge_seat_05,state_senate_nc_court_of_appeals_judge_seat_05_2004.json,35,2600085,2600092,7,True,17.35,17.35,0.0,REP,REP,False
2022,state_senate,nc_court_of_appeals_judge_seat_05,state_senate_nc_court_of_appeals_judge_seat_05_2004.json,36,2600085,2600092,7,True,-5.31,-5.31,0.0,DEM,DEM,False
2022,state_senate,nc_court_of_appeals_judge_seat_05,state_senate_nc_court_of_appeals_judge_seat_05_2004.json,37,2600085,2600092,7,True,16.73,16.73,0.0,REP,REP,False
2022,state_senate,nc_court_of_appeals_judge_seat_05,state_senate_nc_court_of_appeals_judge_seat_05_2004.json,38,2600085,2600092,7,True,-30.83,-30.83,0.0,DEM,DEM,False
2022,state_senate,nc_court_of_appeals_judge_seat_05,state_senate_nc_court_of_appeals_judge_seat_05_2004.json,39,2600085,2600092,7,True,-4.57,-4.57,0.0,DEM,DEM,False
2022,state_senate,nc_court_of_appeals_judge_seat_05,state_senate_nc_court_of_appeals_judge_seat_05_2004.json,40,2600085,2600092,7,True,-19.64,-19.64,0.0,DEM,DEM,False
2022,state_senate,nc_court_of_appeals_judge_seat_05,state_senate_nc_court_of_appeals_judge_seat_05_2004.json,41,2600085,2600092,7,True,-11.68,-11.68,0.0,DEM,DEM,False
2022,state_senate,nc_court_of_appeals_judge_seat_05,state_senate_nc_court_of_appeals_judge_seat_05_2004.json,42,2600085,2600092,7,True,12.98,12.98,0.0,REP,REP,False
2022,state_senate,nc_court_of_appeals_judge_seat_05,state_senate_nc_court_of_appeals_judge_seat_05_2004.json,43,2600085,2600092,7,True,15.17,15.17,0.0,REP,REP,False
2022,state_senate,nc_court_of_appeals_judge_seat_05,state_senate_nc_court_of_appeals_judge_seat_05_2004.json,44,2600085,2600092,7,True,1.34,1.34,0.0,REP,REP,False
2022,state_senate,nc_court_of_appeals_judge_seat_05,state_senate_nc_court_of_appeals_judge_seat_05_2004.json,45,2600085,2600092,7,True,6.83,6.83,0.0,REP,REP,False
2022,state_senate,nc_court_of_appeals_judge_seat_05,state_senate_nc_court_of_appeals_judge_seat_05_2004.json,46,2600085,2600092,7,True,-10.61,-10.61,0.0,DEM,DEM,False
2022,state_senate,nc_court_of_appeals_judge_seat_05,state_senate_nc_court_of_appeals_judge_seat_05_2004.json,47,2600085,2600092,7,True,-8.2,-8.2,0.0,DEM,DEM,False
2022,state_senate,nc_court_of_appeals_judge_seat_05,state_senate_nc_court_of_appeals_judge_seat_05_2004.json,48,2600085,2600092,7,True,-2.7,-2.7,0.0,DEM,DEM,False
2022,state_senate,nc_court_of_appeals_judge_seat_05,state_senate_nc_court_of_appeals_judge_seat_05_2004.json,49,2600085,2600092,7,True,-11.86,-11.86,0.0,DEM,DEM,False
2022,state_senate,nc_court_of_appeals_judge_seat_05,state_senate_nc_court_of_appeals_judge_seat_05_2004.json,50,2600085,2600092,7,True,-8.72,-8.72,0.0,DEM,DEM,False
2022,state_senate,nc_court_of_appeals_judge_seat_06,state_senate_nc_court_of_appeals_judge_seat_06_2004.json,1,2541424,2541425,1,True,14.75,14.75,0.0,REP,REP,False
2022,state_senate,nc_court_of_appeals_judge_seat_06,state_senate_nc_court_of_appeals_judge_seat_06_2004.json,2,2541424,2541425,1,True,14.08,14.08,0.0,REP,REP,False
2022,state_senate,nc_court_of_appeals_judge_seat_06,state_senate_nc_court_of_appeals_judge_seat_06_2004.json,3,2541424,2541425,1,True,9.6,9.6,0.0,REP,REP,False
2022,state_senate,nc_court_of_appeals_judge_seat_06,state_senate_nc_court_of_appeals_judge_seat_06_2004.json,4,2541424,2541425,1,True,18.43,18.43,0.0,REP,REP,False
2022,state_senate,nc_court_of_appeals_judge_seat_06,state_senate_nc_court_of_appeals_judge_seat_06_2004.json,5,2541424,2541425,1,True,15.96,15.96,0.0,REP,REP,False
2022,state_senate,nc_court_of_appeals_judge_seat_06,state_senate_nc_court_of_appeals_judge_seat_06_2004.json,6,2541424,2541425,1,True,32.11,32.11,0.0,REP,REP,False
2022,state_senate,nc_court_of_appeals_judge_seat_06,state_senate_nc_court_of_appeals_judge_seat_06_2004.json,7,2541424,2541425,1,True,5.31,5.31,0.0,REP,REP,False
2022,state_senate,nc_court_of_appeals_judge_seat_06,state_senate_nc_court_of_appeals_judge_seat_06_2004.json,8,2541424,2541425,1,True,2.5,2.5,0.0,REP,REP,False
2022,state_senate,nc_court_of_appeals_judge_seat_06,state_senate_nc_court_of_appeals_judge_seat_06_2004.json,9,2541424,2541425,1,True,9.47,9.47,0.0,REP,REP,False
2022,state_senate,nc_court_of_appeals_judge_seat_06,state_senate_nc_court_of_appeals_judge_seat_06_2004.json,10,2541424,2541425,1,True,16.15,16.15,0.0,REP,REP,False
2022,state_senate,nc_court_of_appeals_judge_seat_06,state_senate_nc_court_of_appeals_judge_seat_06_2004.json,11,2541424,2541425,1,True,18.13,18.13,0.0,REP,REP,False
2022,state_senate,nc_court_of_appeals_judge_seat_06,state_senate_nc_court_of_appeals_judge_seat_06_2004.json,12,2541424,2541425,1,True,18.06,18.06,0.0,REP,REP,False
2022,state_senate,nc_court_of_appeals_judge_seat_06,state_senate_nc_court_of_appeals_judge_seat_06_2004.json,13,2541424,2541425,1,True,11.86,11.86,0.0,REP,REP,False
2022,state_senate,nc_court_of_appeals_judge_seat_06,state_senate_nc_court_of_appeals_judge_seat_06_2004.json,14,2541424,2541425,1,True,7.77,7.77,0.0,REP,REP,False
2022,state_senate,nc_court_of_appeals_judge_seat_06,state_senate_nc_court_of_appeals_judge_seat_06_2004.json,15,2541424,2541425,1,True,1.1,1.1,0.0,REP,REP,False
2022,state_senate,nc_court_of_appeals_judge_seat_06,state_senate_nc_court_of_appeals_judge_seat_06_2004.json,16,2541424,2541425,1,True,14.79,14.79,0.0,REP,REP,False
2022,state_senate,nc_court_of_appeals_judge_seat_06,state_senate_nc_court_of_appeals_judge_seat_06_2004.json,17,2541424,2541425,1,True,19.58,19.58,0.0,REP,REP,False
2022,state_senate,nc_court_of_appeals_judge_seat_06,state_senate_nc_court_of_appeals_judge_seat_06_2004.json,18,2541424,2541425,1,True,17.01,17.01,0.0,REP,REP,False
2022,state_senate,nc_court_of_appeals_judge_seat_06,state_senate_nc_court_of_appeals_judge_seat_06_2004.json,19,2541424,2541425,1,True,28.02,28.02,0.0,REP,REP,False
2022,state_senate,nc_court_of_appeals_judge_seat_06,state_senate_nc_court_of_appeals_judge_seat_06_2004.json,20,2541424,2541425,1,True,8.6,8.6,0.0,REP,REP,False
2022,state_senate,nc_court_of_appeals_judge_seat_06,state_senate_nc_court_of_appeals_judge_seat_06_2004.json,21,2541424,2541425,1,True,21.14,21.14,0.0,REP,REP,False
2022,state_senate,nc_court_of_appeals_judge_seat_06,state_senate_nc_court_of_appeals_judge_seat_06_2004.json,22,2541424,2541425,1,True,8.9,8.9,0.0,REP,REP,False
2022,state_senate,nc_court_of_appeals_judge_seat_06,state_senate_nc_court_of_appeals_judge_seat_06_2004.json,23,2541424,2541425,1,True,-13.6,-13.6,0.0,DEM,DEM,False
2022,state_senate,nc_court_of_appeals_judge_seat_06,state_senate_nc_court_of_appeals_judge_seat_06_2004.json,24,2541424,2541425,1,True,19.7,19.7,0.0,REP,REP,False
2022,state_senate,nc_court_of_appeals_judge_seat_06,state_senate_nc_court_of_appeals_judge_seat_06_2004.json,25,2541424,2541425,1,True,0.59,0.59,0.0,REP,REP,False
2022,state_senate,nc_court_of_appeals_judge_seat_06,state_senate_nc_court_of_appeals_judge_seat_06_2004.json,26,2541424,2541425,1,True,10.02,10.02,0.0,REP,REP,False
2022,state_senate,nc_court_of_appeals_judge_seat_06,state_senate_nc_court_of_appeals_judge_seat_06_2004.json,27,2541424,2541425,1,True,15.9,15.9,0.0,REP,REP,False
2022,state_senate,nc_court_of_appeals_judge_seat_06,state_senate_nc_court_of_appeals_judge_seat_06_2004.json,28,2541424,2541425,1,True,13.51,13.51,0.0,REP,REP,False
2022,state_senate,nc_court_of_appeals_judge_seat_06,state_senate_nc_court_of_appeals_judge_seat_06_2004.json,29,2541424,2541425,1,True,9.89,9.89,0.0,REP,REP,False
2022,state_senate,nc_court_of_appeals_judge_seat_06,state_senate_nc_court_of_appeals_judge_seat_06_2004.json,30,2541424,2541425,1,True,10.48,10.48,0.0,REP,REP,False
2022,state_senate,nc_court_of_appeals_judge_seat_06,state_senate_nc_court_of_appeals_judge_seat_06_2004.json,31,2541424,2541425,1,True,8.15,8.15,0.0,REP,REP,False
2022,state_senate,nc_court_of_appeals_judge_seat_06,state_senate_nc_court_of_appeals_judge_seat_06_2004.json,32,2541424,2541425,1,True,5.78,5.78,0.0,REP,REP,False
2022,state_senate,nc_court_of_appeals_judge_seat_06,state_senate_nc_court_of_appeals_judge_seat_06_2004.json,33,2541424,2541425,1,True,10.18,10.18,0.0,REP,REP,False
2022,state_senate,nc_court_of_appeals_judge_seat_06,state_senate_nc_court_of_appeals_judge_seat_06_2004.json,34,2541424,2541425,1,True,24.67,24.67,0.0,REP,REP,False
2022,state_senate,nc_court_of_appeals_judge_seat_06,state_senate_nc_court_of_appeals_judge_seat_06_2004.json,35,2541424,2541425,1,True,24.82,24.82,0.0,REP,REP,False
2022,state_senate,nc_court_of_appeals_judge_seat_06,state_senate_nc_court_of_appeals_judge_seat_06_2004.json,36,2541424,2541425,1,True,4.64,4.64,0.0,REP,REP,False
2022,state_senate,nc_court_of_appeals_judge_seat_06,state_senate_nc_court_of_appeals_judge_seat_06_2004.json,37,2541424,2541425,1,True,10.22,10.22,0.0,REP,REP,False
2022,state_senate,nc_court_of_appeals_judge_seat_06,state_senate_nc_court_of_appeals_judge_seat_06_2004.json,38,2541424,2541425,1,True,15.97,15.97,0.0,REP,REP,False
2022,state_senate,nc_court_of_appeals_judge_seat_06,state_senate_nc_court_of_appeals_judge_seat_06_2004.json,39,2541424,2541425,1,True,17.07,17.07,0.0,REP,REP,False
2022,state_senate,nc_court_of_appeals_judge_seat_06,state_senate_nc_court_of_appeals_judge_seat_06_2004.json,40,2541424,2541425,1,True,21.15,21.15,0.0,REP,REP,False
2022,state_senate,nc_court_of_appeals_judge_seat_06,state_senate_nc_court_of_appeals_judge_seat_06_2004.json,41,2541424,2541425,1,True,20.18,20.18,0.0,REP,REP,False
2022,state_senate,nc_court_of_appeals_judge_seat_06,state_senate_nc_court_of_appeals_judge_seat_06_2004.json,42,2541424,2541425,1,True,19.43,19.43,0.0,REP,REP,False
2022,state_senate,nc_court_of_appeals_judge_seat_06,state_senate_nc_court_of_appeals_judge_seat_06_2004.json,43,2541424,2541425,1,True,11.57,11.57,0.0,REP,REP,False
2022,state_senate,nc_court_of_appeals_judge_seat_06,state_senate_nc_court_of_appeals_judge_seat_06_2004.json,44,2541424,2541425,1,True,3.38,3.38,0.0,REP,REP,False
2022,state_senate,nc_court_of_appeals_judge_seat_06,state_senate_nc_court_of_appeals_judge_seat_06_2004.json,45,2541424,2541425,1,True,6.18,6.18,0.0,REP,REP,False
2022,state_senate,nc_court_of_appeals_judge_seat_06,state_senate_nc_court_of_appeals_judge_seat_06_2004.json,46,2541424,2541425,1,True,-4.35,-4.35,0.0,DEM,DEM,False
2022,state_senate,nc_court_of_appeals_judge_seat_06,state_senate_nc_court_of_appeals_judge_seat_06_2004.json,47,2541424,2541425,1,True,-3.87,-3.87,0.0,DEM,DEM,False
2022,state_senate,nc_court_of_appeals_judge_seat_06,state_senate_nc_court_of_appeals_judge_seat_06_2004.json,48,2541424,2541425,1,True,2.17,2.17,0.0,REP,REP,False
2022,state_senate,nc_court_of_appeals_judge_seat_06,state_senate_nc_court_of_appeals_judge_seat_06_2004.json,49,2541424,2541425,1,True,-9.99,-9.99,0.0,DEM,DEM,False
2022,state_senate,nc_court_of_appeals_judge_seat_06,state_senate_nc_court_of_appeals_judge_seat_06_2004.json,50,2541424,2541425,1,True,-5.74,-5.74,0.0,DEM,DEM,False
2022,state_senate,nc_supreme_court_associate_justice_seat_02,state_senate_nc_supreme_court_associate_justice_seat_02_2004.json,1,2579576,2579577,1,True,2.76,2.76,0.0,REP,REP,False
2022,state_senate,nc_supreme_court_associate_justice_seat_02,state_senate_nc_supreme_court_associate_justice_seat_02_2004.json,2,2579576,2579577,1,True,-0.6,-0.6,0.0,DEM,DEM,False
2022,state_senate,nc_supreme_court_associate_justice_seat_02,state_senate_nc_supreme_court_associate_justice_seat_02_2004.json,3,2579576,2579577,1,True,-19.66,-19.66,0.0,DEM,DEM,False
2022,state_senate,nc_supreme_court_associate_justice_seat_02,state_senate_nc_supreme_court_associate_justice_seat_02_2004.json,4,2579576,2579577,1,True,1.41,1.41,0.0,REP,REP,False
2022,state_senate,nc_supreme_court_associate_justice_seat_02,state_senate_nc_supreme_court_associate_justice_seat_02_2004.json,5,2579576,2579577,1,True,-10.02,-10.02,0.0,DEM,DEM,False
2022,state_senate,nc_supreme_court_associate_justice_seat_02,state_senate_nc_supreme_court_associate_justice_seat_02_2004.json,6,2579576,2579577,1,True,10.3,10.3,0.0,REP,REP,False
2022,state_senate,nc_supreme_court_associate_justice_seat_02,state_senate_nc_supreme_court_associate_justice_seat_02_2004.json,7,2579576,2579577,1,True,7.26,7.26,0.0,REP,REP,False
2022,state_senate,nc_supreme_court_associate_justice_seat_02,state_senate_nc_supreme_court_associate_justice_seat_02_2004.json,8,2579576,2579577,1,True,-5.13,-5.13,0.0,DEM,DEM,False
2022,state_senate,nc_supreme_court_associate_justice_seat_02,state_senate_nc_supreme_court_associate_justice_seat_02_2004.json,9,2579576,2579577,1,True,-2.37,-2.37,0.0,DEM,DEM,False
2022,state_senate,nc_supreme_court_associate_justice_seat_02,state_senate_nc_supreme_court_associate_justice_seat_02_2004.json,10,2579576,2579577,1,True,16.63,16.63,0.0,REP,REP,False
2022,state_senate,nc_supreme_court_associate_justice_seat_02,state_senate_nc_supreme_court_associate_justice_seat_02_2004.json,11,2579576,2579577,1,True,0.91,0.91,0.0,REP,REP,False
2022,state_senate,nc_supreme_court_associate_justice_seat_02,state_senate_nc_supreme_court_associate_justice_seat_02_2004.json,12,2579576,2579577,1,True,9.26,9.26,0.0,REP,REP,False
2022,state_senate,nc_supreme_court_associate_justice_seat_02,state_senate_nc_supreme_court_associate_justice_seat_02_2004.json,13,2579576,2579577,1,True,8.95,8.95,0.0,REP,REP,False
2022,state_senate,nc_supreme_court_associate_justice_seat_02,state_senate_nc_supreme_court_associate_justice_seat_02_2004.json,14,2579576,2579577,1,True,-16.03,-16.03,0.0,DEM,DEM,False
2022,state_senate,nc_supreme_court_associate_justice_seat_02,state_senate_nc_supreme_court_associate_justice_seat_02_2004.json,15,2579576,2579577,1,True,1.17,1.17,0.0,REP,REP,False
2022,state_senate,nc_supreme_court_associate_justice_seat_02,state_senate_nc_supreme_court_associate_justice_seat_02_2004.json,16,2579576,2579577,1,True,9.94,9.94,0.0,REP,REP,False
2022,state_senate,nc_supreme_court_associate_justice_seat_02,state_senate_nc_supreme_court_associate_justice_seat_02_2004.json,17,2579576,2579577,1,True,18.27,18.27,0.0,REP,REP,False
2022,state_senate,nc_supreme_court_associate_justice_seat_02,state_senate_nc_supreme_court_associate_justice_seat_02_2004.json,18,2579576,2579577,1,True,10.8,10.8,0.0,REP,REP,False
2022,state_senate,nc_supreme_court_associate_justice_seat_02,state_senate_nc_supreme_court_associate_justice_seat_02_2004.json,19,2579576,2579577,1,True,0.09,0.09,0.0,REP,REP,False
2022,state_senate,nc_supreme_court_associate_justice_seat_02,state_senate_nc_supreme_court_associate_justice_seat_02_2004.json,20,2579576,2579577,1,True,-24.87,-24.87,0.0,DEM,DEM,False
2022,state_senate,nc_supreme_court_associate_justice_seat_02,state_senate_nc_supreme_court_associate_justice_seat_02_2004.json,21,2579576,2579577,1,True,3.17,3.17,0.0,REP,REP,False
2022,state_senate,nc_supreme_court_associate_justice_seat_02,state_senate_nc_supreme_court_associate_justice_seat_02_2004.json,22,2579576,2579577,1,True,-28.27,-28.27,0.0,DEM,DEM,False
2022,state_senate,nc_supreme_court_associate_justice_seat_02,state_senate_nc_supreme_court_associate_justice_seat_02_2004.json,23,2579576,2579577,1,True,-24.36,-24.36,0.0,DEM,DEM,False
2022,state_senate,nc_supreme_court_associate_justice_seat_02,state_senate_nc_supreme_court_associate_justice_seat_02_2004.json,24,2579576,2579577,1,True,-18.96,-18.96,0.0,DEM,DEM,False
2022,state_senate,nc_supreme_court_associate_justice_seat_02,state_senate_nc_supreme_court_associate_justice_seat_02_2004.json,25,2579576,2579577,1,True,11.39,11.39,0.0,REP,REP,False
2022,state_senate,nc_supreme_court_associate_justice_seat_02,state_senate_nc_supreme_court_associate_justice_seat_02_2004.json,26,2579576,2579577,1,True,6.22,6.22,0.0,REP,REP,False
2022,state_senate,nc_supreme_court_associate_justice_seat_02,state_senate_nc_supreme_court_associate_justice_seat_02_2004.json,27,2579576,2579577,1,True,7.86,7.86,0.0,REP,REP,False
2022,state_senate,nc_supreme_court_associate_justice_seat_02,state_senate_nc_supreme_court_associate_justice_seat_02_2004.json,28,2579576,2579577,1,True,-13.22,-13.22,0.0,DEM,DEM,False
2022,state_senate,nc_supreme_court_associate_justice_seat_02,state_senate_nc_supreme_court_associate_justice_seat_02_2004.json,29,2579576,2579577,1,True,11.93,11.93,0.0,REP,REP,False
2022,state_senate,nc_supreme_court_associate_justice_seat_02,state_senate_nc_supreme_court_associate_justice_seat_02_2004.json,30,2579576,2579577,1,True,17.86,17.86,0.0,REP,REP,False
2022,state_senate,nc_supreme_court_associate_justice_seat_02,state_senate_nc_supreme_court_associate_justice_seat_02_2004.json,31,2579576,2579577,1,True,4.45,4.45,0.0,REP,REP,False
2022,state_senate,nc_supreme_court_associate_justice_seat_02,state_senate_nc_supreme_court_associate_justice_seat_02_2004.json,32,2579576,2579577,1,True,-2.5,-2.5,0.0,DEM,DEM,False
2022,state_senate,nc_supreme_court_associate_justice_seat_02,state_senate_nc_supreme_court_associate_justice_seat_02_2004.json,33,2579576,2579577,1,True,9.75,9.75,0.0,REP,REP,False
2022,state_senate,nc_supreme_court_associate_justice_seat_02,state_senate_nc_supreme_court_associate_justice_seat_02_2004.json,34,2579576,2579577,1,True,12.88,12.88,0.0,REP,REP,False
2022,state_senate,nc_supreme_court_associate_justice_seat_02,state_senate_nc_supreme_court_associate_justice_seat_02_2004.json,35,2579576,2579577,1,True,24.26,24.26,0.0,REP,REP,False
2022,state_senate,nc_supreme_court_associate_justice_seat_02,state_senate_nc_supreme_court_associate_justice_seat_02_2004.json,36,2579576,2579577,1,True,15.21,15.21,0.0,REP,REP,False
2022,state_senate,nc_supreme_court_associate_justice_seat_02,state_senate_nc_supreme_court_associate_justice_seat_02_2004.json,37,2579576,2579577,1,True,15.39,15.39,0.0,REP,REP,False
2022,state_senate,nc_supreme_court_associate_justice_seat_02,state_senate_nc_supreme_court_associate_justice_seat_02_2004.json,38,2579576,2579577,1,True,-14.46,-14.46,0.0,DEM,DEM,False
2022,state_senate,nc_supreme_court_associate_justice_seat_02,state_senate_nc_supreme_court_associate_justice_seat_02_2004.json,39,2579576,2579577,1,True,-2.01,-2.01,0.0,DEM,DEM,False
2022,state_senate,nc_supreme_court_associate_justice_seat_02,state_senate_nc_supreme_court_associate_justice_seat_02_2004.json,40,2579576,2579577,1,True,-4.01,-4.01,0.0,DEM,DEM,False
2022,state_senate,nc_supreme_court_associate_justice_seat_02,state_senate_nc_supreme_court_associate_justice_seat_02_2004.json,41,2579576,2579577,1,True,-1.93,-1.93,0.0,DEM,DEM,False
2022,state_senate,nc_supreme_court_associate_justice_seat_02,state_senate_nc_supreme_court_associate_justice_seat_02_2004.json,42,2579576,2579577,1,True,12.49,12.49,0.0,REP,REP,False
2022,state_senate,nc_supreme_court_associate_justice_seat_02,state_senate_nc_supreme_court_associate_justice_seat_02_2004.json,43,2579576,2579577,1,True,16.1,16.1,0.0,REP,REP,False
2022,state_senate,nc_supreme_court_associate_justice_seat_02,state_senate_nc_supreme_court_associate_justice_seat_02_2004.json,44,2579576,2579577,1,True,12.7,12.7,0.0,REP,REP,False
2022,state_senate,nc_supreme_court_associate_justice_seat_02,state_senate_nc_supreme_court_associate_justice_seat_02_2004.json,45,2579576,2579577,1,True,18.9,18.9,0.0,REP,REP,False
2022,state_senate,nc_supreme_court_associate_justice_seat_02,state_senate_nc_supreme_court_associate_justice_seat_02_2004.json,46,2579576,2579577,1,True,8.1,8.1,0.0,REP,REP,False
2022,state_senate,nc_supreme_court_associate_justice_seat_02,state_senate_nc_supreme_court_associate_justice_seat_02_2004.json,47,2579576,2579577,1,True,11.14,11.14,0.0,REP,REP,False
2022,state_senate,nc_supreme_court_associate_justice_seat_02,state_senate_nc_supreme_court_associate_justice_seat_02_2004.json,48,2579576,2579577,1,True,12.19,12.19,0.0,REP,REP,False
2022,state_senate,nc_supreme_court_associate_justice_seat_02,state_senate_nc_supreme_court_associate_justice_seat_02_2004.json,49,2579576,2579577,1,True,1.06,1.06,0.0,REP,REP,False
2022,state_senate,nc_supreme_court_associate_justice_seat_02,state_senate_nc_supreme_court_associate_justice_seat_02_2004.json,50,2579576,2579577,1,True,11.45,11.45,0.0,REP,REP,False
2022,state_senate,nc_supreme_court_associate_justice_seat_04,state_senate_nc_supreme_court_associate_justice_seat_04_2004.json,1,2710260,2710262,2,True,-31.69,-31.69,0.0,DEM,DEM,False
2022,state_senate,nc_supreme_court_associate_justice_seat_04,state_senate_nc_supreme_court_associate_justice_seat_04_2004.json,2,2710260,2710262,2,True,-19.19,-19.19,0.0,DEM,DEM,False
2022,state_senate,nc_supreme_court_associate_justice_seat_04,state_senate_nc_supreme_court_associate_justice_seat_04_2004.json,3,2710260,2710262,2,True,-47.81,-47.81,0.0,DEM,DEM,False
2022,state_senate,nc_supreme_court_associate_justice_seat_04,state_senate_nc_supreme_court_associate_justice_seat_04_2004.json,4,2710260,2710262,2,True,-26.18,-26.18,0.0,DEM,DEM,False
2022,state_senate,nc_supreme_court_associate_justice_seat_04,state_senate_nc_supreme_court_associate_justice_seat_04_2004.json,5,2710260,2710262,2,True,-32.12,-32.12,0.0,DEM,DEM,False
2022,state_senate,nc_supreme_court_associate_justice_seat_04,state_senate_nc_supreme_court_associate_justice_seat_04_2004.json,6,2710260,2710262,2,True,-21.05,-21.05,0.0,DEM,DEM,False
2022,state_senate,nc_supreme_court_associate_justice_seat_04,state_senate_nc_supreme_court_associate_justice_seat_04_2004.json,7,2710260,2710262,2,True,-22.07,-22.07,0.0,DEM,DEM,False
2022,state_senate,nc_supreme_court_associate_justice_seat_04,state_senate_nc_supreme_court_associate_justice_seat_04_2004.json,8,2710260,2710262,2,True,-33.25,-33.25,0.0,DEM,DEM,False
2022,state_senate,nc_supreme_court_associate_justice_seat_04,state_senate_nc_supreme_court_associate_justice_seat_04_2004.json,9,2710260,2710262,2,True,-26.75,-26.75,0.0,DEM,DEM,False
2022,state_senate,nc_supreme_court_associate_justice_seat_04,state_senate_nc_supreme_court_associate_justice_seat_04_2004.json,10,2710260,2710262,2,True,-18.07,-18.07,0.0,DEM,DEM,False
2022,state_senate,nc_supreme_court_associate_justice_seat_04,state_senate_nc_supreme_court_associate_justice_seat_04_2004.json,11,2710260,2710262,2,True,-31.89,-31.89,0.0,DEM,DEM,False
2022,state_senate,nc_supreme_court_associate_justice_seat_04,state_senate_nc_supreme_court_associate_justice_seat_04_2004.json,12,2710260,2710262,2,True,-20.97,-20.97,0.0,DEM,DEM,False
2022,state_senate,nc_supreme_court_associate_justice_seat_04,state_senate_nc_supreme_court_associate_justice_seat_04_2004.json,13,2710260,2710262,2,True,-29.16,-29.16,0.0,DEM,DEM,False
2022,state_senate,nc_supreme_court_associate_justice_seat_04,state_senate_nc_supreme_court_associate_justice_seat_04_2004.json,14,2710260,2710262,2,True,-47.01,-47.01,0.0,DEM,DEM,False
2022,state_senate,nc_supreme_court_associate_justice_seat_04,state_senate_nc_supreme_court_associate_justice_seat_04_2004.json,15,2710260,2710262,2,True,-36.69,-36.69,0.0,DEM,DEM,False
2022,state_senate,nc_supreme_court_associate_justice_seat_04,state_senate_nc_supreme_court_associate_justice_seat_04_2004.json,16,2710260,2710262,2,True,-29.14,-29.14,0.0,DEM,DEM,False
2022,state_senate,nc_supreme_court_associate_justice_seat_04,state_senate_nc_supreme_court_associate_justice_seat_04_2004.json,17,2710260,2710262,2,True,-17.6,-17.6,0.0,DEM,DEM,False
2022,state_senate,nc_supreme_court_associate_justice_seat_04,state_senate_nc_supreme_court_associate_justice_seat_04_2004.json,18,2710260,2710262,2,True,-25.65,-25.65,0.0,DEM,DEM,False
2022,state_senate,nc_supreme_court_associate_justice_seat_04,state_senate_nc_supreme_court_associate_justice_seat_04_2004.json,19,2710260,2710262,2,True,-6.53,-6.53,0.0,DEM,DEM,False
2022,state_senate,nc_supreme_court_associate_justice_seat_04,state_senate_nc_supreme_court_associate_justice_seat_04_2004.json,20,2710260,2710262,2,True,-49.81,-49.81,0.0,DEM,DEM,False
2022,state_senate,nc_supreme_court_associate_justice_seat_04,state_senate_nc_supreme_court_associate_justice_seat_04_2004.json,21,2710260,2710262,2,True,-19.28,-19.28,0.0,DEM,DEM,False
2022,state_senate,nc_supreme_court_associate_justice_seat_04,state_senate_nc_supreme_court_associate_justice_seat_04_2004.json,22,2710260,2710262,2,True,-52.15,-52.15,0.0,DEM,DEM,False
2022,state_senate,nc_supreme_court_associate_justice_seat_04,state_senate_nc_supreme_court_associate_justice_seat_04_2004.json,23,2710260,2710262,2,True,-50.37,-50.37,0.0,DEM,DEM,False
2022,state_senate,nc_supreme_court_associate_justice_seat_04,state_senate_nc_supreme_court_associate_justice_seat_04_2004.json,24,2710260,2710262,2,True,-31.09,-31.09,0.0,DEM,DEM,False
2022,state_senate,nc_supreme_court_associate_justice_seat_04,state_senate_nc_supreme_court_associate_justice_seat_04_2004.json,25,2710260,2710262,2,True,-20.81,-20.81,0.0,DEM,DEM,False
2022,state_senate,nc_supreme_court_associate_justice_seat_04,state_senate_nc_supreme_court_associate_justice_seat_04_2004.json,26,2710260,2710262,2,True,-27.77,-27.77,0.0,DEM,DEM,False
2022,state_senate,nc_supreme_court_associate_justice_seat_04,state_senate_nc_supreme_court_associate_justice_seat_04_2004.json,27,2710260,2710262,2,True,-32.18,-32.18,0.0,DEM,DEM,False
2022,state_senate,nc_supreme_court_associate_justice_seat_04,state_senate_nc_supreme_court_associate_justice_seat_04_2004.json,28,2710260,2710262,2,True,-54.88,-54.88,0.0,DEM,DEM,False
2022,state_senate,nc_supreme_court_associate_justice_seat_04,state_senate_nc_supreme_court_associate_justice_seat_04_2004.json,29,2710260,2710262,2,True,-17.85,-17.85,0.0,DEM,DEM,False
2022,state_senate,nc_supreme_court_associate_justice_seat_04,state_senate_nc_supreme_court_associate_justice_seat_04_2004.json,30,2710260,2710262,2,True,-18.97,-18.97,0.0,DEM,DEM,False
2022,state_senate,nc_supreme_court_associate_justice_seat_04,state_senate_nc_supreme_court_associate_justice_seat_04_2004.json,31,2710260,2710262,2,True,-25.84,-25.84,0.0,DEM,DEM,False
2022,state_senate,nc_supreme_court_associate_justice_seat_04,state_senate_nc_supreme_court_associate_justice_seat_04_2004.json,32,2710260,2710262,2,True,-36.23,-36.23,0.0,DEM,DEM,False
2022,state_senate,nc_supreme_court_associate_justice_seat_04,state_senate_nc_supreme_court_associate_justice_seat_04_2004.json,33,2710260,2710262,2,True,-22.42,-22.42,0.0,DEM,DEM,False
2022,state_senate,nc_supreme_court_associate_justice_seat_04,state_senate_nc_supreme_court_associate_justice_seat_04_2004.json,34,2710260,2710262,2,True,-22.29,-22.29,0.0,DEM,DEM,False
2022,state_senate,nc_supreme_court_associate_justice_seat_04,state_senate_nc_supreme_court_associate_justice_seat_04_2004.json,35,2710260,2710262,2,True,-4.99,-4.99,0.0,DEM,DEM,False
2022,state_senate,nc_supreme_court_associate_justice_seat_04,state_senate_nc_supreme_court_associate_justice_seat_04_2004.json,36,2710260,2710262,2,True,-16.61,-16.61,0.0,DEM,DEM,False
2022,state_senate,nc_supreme_court_associate_justice_seat_04,state_senate_nc_supreme_court_associate_justice_seat_04_2004.json,37,2710260,2710262,2,True,-21.42,-21.42,0.0,DEM,DEM,False
2022,state_senate,nc_supreme_court_associate_justice_seat_04,state_senate_nc_supreme_court_associate_justice_seat_04_2004.json,38,2710260,2710262,2,True,-51.2,-51.2,0.0,DEM,DEM,False
2022,state_senate,nc_supreme_court_associate_justice_seat_04,state_senate_nc_supreme_court_associate_justice_seat_04_2004.json,39,2710260,2710262,2,True,-39.82,-39.82,0.0,DEM,DEM,False
2022,state_senate,nc_supreme_court_associate_justice_seat_04,state_senate_nc_supreme_court_associate_justice_seat_04_2004.json,40,2710260,2710262,2,True,-38.53,-38.53,0.0,DEM,DEM,False
2022,state_senate,nc_supreme_court_associate_justice_seat_04,state_senate_nc_supreme_court_associate_justice_seat_04_2004.json,41,2710260,2710262,2,True,-35.54,-35.54,0.0,DEM,DEM,False
2022,state_senate,nc_supreme_court_associate_justice_seat_04,state_senate_nc_supreme_court_associate_justice_seat_04_2004.json,42,2710260,2710262,2,True,-23.41,-23.41,0.0,DEM,DEM,False
2022,state_senate,nc_supreme_court_associate_justice_seat_04,state_senate_nc_supreme_court_associate_justice_seat_04_2004.json,43,2710260,2710262,2,True,-13.61,-13.61,0.0,DEM,DEM,False
2022,state_senate,nc_supreme_court_associate_justice_seat_04,state_senate_nc_supreme_court_associate_justice_seat_04_2004.json,44,2710260,2710262,2,True,-16.42,-16.42,0.0,DEM,DEM,False
2022,state_senate,nc_supreme_court_associate_justice_seat_04,state_senate_nc_supreme_court_associate_justice_seat_04_2004.json,45,2710260,2710262,2,True,-14.91,-14.91,0.0,DEM,DEM,False
2022,state_senate,nc_supreme_court_associate_justice_seat_04,state_senate_nc_supreme_court_associate_justice_seat_04_2004.json,46,2710260,2710262,2,True,-27.33,-27.33,0.0,DEM,DEM,False
2022,state_senate,nc_supreme_court_associate_justice_seat_04,state_senate_nc_supreme_court_associate_justice_seat_04_2004.json,47,2710260,2710262,2,True,-17.05,-17.05,0.0,DEM,DEM,False
2022,state_senate,nc_supreme_court_associate_justice_seat_04,state_senate_nc_supreme_court_associate_justice_seat_04_2004.json,48,2710260,2710262,2,True,-14.54,-14.54,0.0,DEM,DEM,False
2022,state_senate,nc_supreme_court_associate_justice_seat_04,state_senate_nc_supreme_court_associate_justice_seat_04_2004.json,49,2710260,2710262,2,True,-31.87,-31.87,0.0,DEM,DEM,False
2022,state_senate,nc_supreme_court_associate_justice_seat_04,state_senate_nc_supreme_court_associate_justice_seat_04_2004.json,50,2710260,2710262,2,True,-19.0,-19.0,0.0,DEM,DEM,False
2022,state_senate,president,state_senate_president_2004.json,1,3501007,3501010,3,True,20.5,20.5,0.0,REP,REP,False
2022,state_senate,president,state_senate_president_2004.json,2,3501007,3501010,3,True,18.81,18.81,0.0,REP,REP,False
2022,state_senate,president,state_senate_president_2004.json,3,3501007,3501010,3,True,-8.18,-8.18,0.0,DEM,DEM,False
2022,state_senate,president,state_senate_president_2004.json,4,3501007,3501010,3,True,10.67,10.67,0.0,REP,REP,False
2022,state_senate,president,state_senate_president_2004.json,5,3501007,3501010,3,True,-0.66,-0.66,0.0,DEM,DEM,False
2022,state_senate,president,state_senate_president_2004.json,6,3501007,3501010,3,True,41.09,41.09,0.0,REP,REP,False
2022,state_senate,president,state_senate_president_2004.json,7,3501007,3501010,3,True,14.62,14.62,0.0,REP,REP,False
2022,state_senate,president,state_senate_president_2004.json,8,3501007,3501010,3,True,11.34,11.34,0.0,REP,REP,False
2022,state_senate,president,state_senate_president_2004.json,9,3501007,3501010,3,True,12.41,12.41,0.0,REP,REP,False
2022,state_senate,president,state_senate_president_2004.json,10,3501007,3501010,3,True,38.72,38.72,0.0,REP,REP,False
2022,state_senate,president,state_senate_president_2004.json,11,3501007,3501010,3,True,8.29,8.29,0.0,REP,REP,False
2022,state_senate,president,state_senate_president_2004.json,12,3501007,3501010,3,True,27.08,27.08,0.0,REP,REP,False
2022,state_senate,president,state_senate_president_2004.json,13,3501007,3501010,3,True,5.92,5.92,0.0,REP,REP,False
2022,state_senate,president,state_senate_president_2004.json,14,3501007,3501010,3,True,-18.99,-18.99,0.0,DEM,DEM,False
2022,state_senate,president,state_senate_president_2004.json,15,3501007,3501010,3,True,-3.79,-3.79,0.0,DEM,DEM,False
2022,state_senate,president,state_senate_president_2004.json,16,3501007,3501010,3,True,11.36,11.36,0.0,REP,REP,False
2022,state_senate,president,state_senate_president_2004.json,17,3501007,3501010,3,True,27.68,27.68,0.0,REP,REP,False
2022,state_senate,president,state_senate_president_2004.json,18,3501007,3501010,3,True,20.14,20.14,0.0,REP,REP,False
2022,state_senate,president,state_senate_president_2004.json,19,3501007,3501010,3,True,11.75,11.75,0.0,REP,REP,False
2022,state_senate,president,state_senate_president_2004.json,20,3501007,3501010,3,True,-24.34,-24.34,0.0,DEM,DEM,False
2022,state_senate,president,state_senate_president_2004.json,21,3501007,3501010,3,True,11.34,11.34,0.0,REP,REP,False
2022,state_senate,president,state_senate_president_2004.json,22,3501007,3501010,3,True,-31.65,-31.65,0.0,DEM,DEM,False
2022,state_senate,president,state_senate_president_2004.json,23,3501007,3501010,3,True,-10.11,-10.11,0.0,DEM,DEM,False
2022,state_senate,president,state_senate_president_2004.json,24,3501007,3501010,3,True,-6.08,-6.08,0.0,DEM,DEM,False
2022,state_senate,president,state_senate_president_2004.json,25,3501007,3501010,3,True,29.27,29.27,0.0,REP,REP,False
2022,state_senate,president,state_senate_president_2004.json,26,3501007,3501010,3,True,28.31,28.31,0.0,REP,REP,False
2022,state_senate,president,state_senate_president_2004.json,27,3501007,3501010,3,True,12.22,12.22,0.0,REP,REP,False
2022,state_senate,president,state_senate_president_2004.json,28,3501007,3501010,3,True,-33.76,-33.76,0.0,DEM,DEM,False
2022,state_senate,president,state_senate_president_2004.json,29,3501007,3501010,3,True,25.91,25.91,0.0,REP,REP,False
2022,state_senate,president,state_senate_president_2004.json,30,3501007,3501010,3,True,44.51,44.51,0.0,REP,REP,False
2022,state_senate,president,state_senate_president_2004.json,31,3501007,3501010,3,True,24.71,24.71,0.0,REP,REP,False
2022,state_senate,president,state_senate_president_2004.json,32,3501007,3501010,3,True,6.03,6.03,0.0,REP,REP,False
2022,state_senate,president,state_senate_president_2004.json,33,3501007,3501010,3,True,37.67,37.67,0.0,REP,REP,False
2022,state_senate,president,state_senate_president_2004.json,34,3501007,3501010,3,True,35.05,35.05,0.0,REP,REP,False
2022,state_senate,president,state_senate_president_2004.json,35,3501007,3501010,3,True,45.52,45.52,0.0,REP,REP,False
2022,state_senate,president,state_senate_president_2004.json,36,3501007,3501010,3,True,44.37,44.37,0.0,REP,REP,False
2022,state_senate,president,state_senate_president_2004.json,37,3501007,3501010,3,True,37.8,37.8,0.0,REP,REP,False
2022,state_senate,president,state_senate_president_2004.json,38,3501007,3501010,3,True,-32.93,-32.93,0.0,DEM,DEM,False
2022,state_senate,president,state_senate_president_2004.json,39,3501007,3501010,3,True,0.23,0.23,0.0,REP,REP,False
2022,state_senate,president,state_senate_president_2004.json,40,3501007,3501010,3,True,-10.45,-10.45,0.0,DEM,DEM,False
2022,state_senate,president,state_senate_president_2004.json,41,3501007,3501010,3,True,-9.8,-9.8,0.0,DEM,DEM,False
2022,state_senate,president,state_senate_president_2004.json,42,3501007,3501010,3,True,27.55,27.55,0.0,REP,REP,False
2022,state_senate,president,state_senate_president_2004.json,43,3501007,3501010,3,True,38.18,38.18,0.0,REP,REP,False
2022,state_senate,president,state_senate_president_2004.json,44,3501007,3501010,3,True,32.61,32.61,0.0,REP,REP,False
2022,state_senate,president,state_senate_president_2004.json,45,3501007,3501010,3,True,36.59,36.59,0.0,REP,REP,False
2022,state_senate,president,state_senate_president_2004.json,46,3501007,3501010,3,True,25.59,25.59,0.0,REP,REP,False
2022,state_senate,president,state_senate_president_2004.json,47,3501007,3501010,3,True,25.37,25.37,0.0,REP,REP,False
2022,state_senate,president,state_senate_president_2004.json,48,3501007,3501010,3,True,31.8,31.8,0.0,REP,REP,False
2022,state_senate,president,state_senate_president_2004.json,49,3501007,3501010,3,True,-1.12,-1.12,0.0,DEM,DEM,False
2022,state_senate,president,state_senate_president_2004.json,50,3501007,3501010,3,True,22.52,22.52,0.0,REP,REP,False
2022,state_senate,secretary_of_state,state_senate_secretary_of_state_2004.json,1,3334694,3334697,3,True,-12.43,-12.43,0.0,DEM,DEM,False
2022,state_senate,secretary_of_state,state_senate_secretary_of_state_2004.json,2,3334694,3334697,3,True,-12.47,-12.47,0.0,DEM,DEM,False
2022,state_senate,secretary_of_state,state_senate_secretary_of_state_2004.json,3,3334694,3334697,3,True,-45.58,-45.58,0.0,DEM,DEM,False
2022,state_senate,secretary_of_state,state_senate_secretary_of_state_2004.json,4,3334694,3334697,3,True,-20.44,-20.44,0.0,DEM,DEM,False
2022,state_senate,secretary_of_state,state_senate_secretary_of_state_2004.json,5,3334694,3334697,3,True,-29.42,-29.42,0.0,DEM,DEM,False
2022,state_senate,secretary_of_state,state_senate_secretary_of_state_2004.json,6,3334694,3334697,3,True,4.59,4.59,0.0,REP,REP,False
2022,state_senate,secretary_of_state,state_senate_secretary_of_state_2004.json,7,3334694,3334697,3,True,-9.61,-9.61,0.0,DEM,DEM,False
2022,state_senate,secretary_of_state,state_senate_secretary_of_state_2004.json,8,3334694,3334697,3,True,-25.49,-25.49,0.0,DEM,DEM,False
2022,state_senate,secretary_of_state,state_senate_secretary_of_state_2004.json,9,3334694,3334697,3,True,-26.18,-26.18,0.0,DEM,DEM,False
2022,state_senate,secretary_of_state,state_senate_secretary_of_state_2004.json,10,3334694,3334697,3,True,-9.05,-9.05,0.0,DEM,DEM,False
2022,state_senate,secretary_of_state,state_senate_secretary_of_state_2004.json,11,3334694,3334697,3,True,-32.3,-32.3,0.0,DEM,DEM,False
2022,state_senate,secretary_of_state,state_senate_secretary_of_state_2004.json,12,3334694,3334697,3,True,-22.55,-22.55,0.0,DEM,DEM,False
2022,state_senate,secretary_of_state,state_senate_secretary_of_state_2004.json,13,3334694,3334697,3,True,-23.22,-23.22,0.0,DEM,DEM,False
2022,state_senate,secretary_of_state,state_senate_secretary_of_state_2004.json,14,3334694,3334697,3,True,-46.21,-46.21,0.0,DEM,DEM,False
2022,state_senate,secretary_of_state,state_senate_secretary_of_state_2004.json,15,3334694,3334697,3,True,-31.17,-31.17,0.0,DEM,DEM,False
2022,state_senate,secretary_of_state,state_senate_secretary_of_state_2004.json,16,3334694,3334697,3,True,-14.66,-14.66,0.0,DEM,DEM,False
2022,state_senate,secretary_of_state,state_senate_secretary_of_state_2004.json,17,3334694,3334697,3,True,-4.4,-4.4,0.0,DEM,DEM,False
2022,state_senate,secretary_of_state,state_senate_secretary_of_state_2004.json,18,3334694,3334697,3,True,-14.54,-14.54,0.0,DEM,DEM,False
2022,state_senate,secretary_of_state,state_senate_secretary_of_state_2004.json,19,3334694,3334697,3,True,-23.93,-23.93,0.0,DEM,DEM,False
2022,state_senate,secretary_of_state,state_senate_secretary_of_state_2004.json,20,3334694,3334697,3,True,-47.42,-47.42,0.0,DEM,DEM,False
2022,state_senate,secretary_of_state,state_senate_secretary_of_state_2004.json,21,3334694,3334697,3,True,-14.06,-14.06,0.0,DEM,DEM,False
2022,state_senate,secretary_of_state,state_senate_secretary_of_state_2004.json,22,3334694,3334697,3,True,-53.44,-53.44,0.0,DEM,DEM,False
2022,state_senate,secretary_of_state,state_senate_secretary_of_state_2004.json,23,3334694,3334697,3,True,-45.15,-45.15,0.0,DEM,DEM,False
2022,state_senate,secretary_of_state,state_senate_secretary_of_state_2004.json,24,3334694,3334697,3,True,-46.61,-46.61,0.0,DEM,DEM,False
2022,state_senate,secretary_of_state,state_senate_secretary_of_state_2004.json,25,3334694,3334697,3,True,0.08,0.08,0.0,REP,REP,False
2022,state_senate,secretary_of_state,state_senate_secretary_of_state_2004.json,26,3334694,3334697,3,True,-4.19,-4.19,0.0,DEM,DEM,False
2022,state_senate,secretary_of_state,state_senate_secretary_of_state_2004.json,27,3334694,3334697,3,True,-7.91,-7.91,0.0,DEM,DEM,False
2022,state_senate,secretary_of_state,state_senate_secretary_of_state_2004.json,28,3334694,3334697,3,True,-49.75,-49.75,0.0,DEM,DEM,False
2022,state_senate,secretary_of_state,state_senate_secretary_of_state_2004.json,29,3334694,3334697,3,True,-6.04,-6.04,0.0,DEM,DEM,False
2022,state_senate,secretary_of_state,state_senate_secretary_of_state_2004.json,30,3334694,3334697,3,True,14.28,14.28,0.0,REP,REP,False
2022,state_senate,secretary_of_state,state_senate_secretary_of_state_2004.json,31,3334694,3334697,3,True,-4.46,-4.46,0.0,DEM,DEM,False
2022,state_senate,secretary_of_state,state_senate_secretary_of_state_2004.json,32,3334694,3334697,3,True,-16.38,-16.38,0.0,DEM,DEM,False
2022,state_senate,secretary_of_state,state_senate_secretary_of_state_2004.json,33,3334694,3334697,3,True,2.45,2.45,0.0,REP,REP,False
2022,state_senate,secretary_of_state,state_senate_secretary_of_state_2004.json,34,3334694,3334697,3,True,6.56,6.56,0.0,REP,REP,False
2022,state_senate,secretary_of_state,state_senate_secretary_of_state_2004.json,35,3334694,3334697,3,True,25.17,25.17,0.0,REP,REP,False
2022,state_senate,secretary_of_state,state_senate_secretary_of_state_2004.json,36,3334694,3334697,3,True,8.54,8.54,0.0,REP,REP,False
2022,state_senate,secretary_of_state,state_senate_secretary_of_state_2004.json,37,3334694,3334697,3,True,10.75,10.75,0.0,REP,REP,False
2022,state_senate,secretary_of_state,state_senate_secretary_of_state_2004.json,38,3334694,3334697,3,True,-47.11,-47.11,0.0,DEM,DEM,False
2022,state_senate,secretary_of_state,state_senate_secretary_of_state_2004.json,39,3334694,3334697,3,True,-15.27,-15.27,0.0,DEM,DEM,False
2022,state_senate,secretary_of_state,state_senate_secretary_of_state_2004.json,40,3334694,3334697,3,True,-27.55,-27.55,0.0,DEM,DEM,False
2022,state_senate,secretary_of_state,state_senate_secretary_of_state_2004.json,41,3334694,3334697,3,True,-24.22,-24.22,0.0,DEM,DEM,False
2022,state_senate,secretary_of_state,state_senate_secretary_of_state_2004.json,42,3334694,3334697,3,True,15.03,15.03,0.0,REP,REP,False
2022,state_senate,secretary_of_state,state_senate_secretary_of_state_2004.json,43,3334694,3334697,3,True,9.86,9.86,0.0,REP,REP,False
2022,state_senate,secretary_of_state,state_senate_secretary_of_state_2004.json,44,3334694,3334697,3,True,-5.35,-5.35,0.0,DEM,DEM,False
2022,state_senate,secretary_of_state,state_senate_secretary_of_state_2004.json,45,3334694,3334697,3,True,10.66,10.66,0.0,REP,REP,False
2022,state_senate,secretary_of_state,state_senate_secretary_of_state_2004.json,46,3334694,3334697,3,True,-9.1,-9.1,0.0,DEM,DEM,False
2022,state_senate,secretary_of_state,state_senate_secretary_of_state_2004.json,47,3334694,3334697,3,True,-4.28,-4.28,0.0,DEM,DEM,False
2022,state_senate,secretary_of_state,state_senate_secretary_of_state_2004.json,48,3334694,3334697,3,True,8.67,8.67,0.0,REP,REP,False
2022,state_senate,secretary_of_state,state_senate_secretary_of_state_2004.json,49,3334694,3334697,3,True,-16.04,-16.04,0.0,DEM,DEM,False
2022,state_senate,secretary_of_state,state_senate_secretary_of_state_2004.json,50,3334694,3334697,3,True,-3.41,-3.41,0.0,DEM,DEM,False
2022,state_senate,superintendent,state_senate_superintendent_2004.json,1,3302903,3302905,2,True,0.27,0.27,0.0,REP,REP,False
2022,state_senate,superintendent,state_senate_superintendent_2004.json,2,3302903,3302905,2,True,1.93,1.93,0.0,REP,REP,False
2022,state_senate,superintendent,state_senate_superintendent_2004.json,3,3302903,3302905,2,True,-33.48,-33.48,0.0,DEM,DEM,False
2022,state_senate,superintendent,state_senate_superintendent_2004.json,4,3302903,3302905,2,True,-1.75,-1.75,0.0,DEM,DEM,False
2022,state_senate,superintendent,state_senate_superintendent_2004.json,5,3302903,3302905,2,True,-18.74,-18.74,0.0,DEM,DEM,False
2022,state_senate,superintendent,state_senate_superintendent_2004.json,6,3302903,3302905,2,True,18.4,18.4,0.0,REP,REP,False
2022,state_senate,superintendent,state_senate_superintendent_2004.json,7,3302903,3302905,2,True,3.55,3.55,0.0,REP,REP,False
2022,state_senate,superintendent,state_senate_superintendent_2004.json,8,3302903,3302905,2,True,-10.64,-10.64,0.0,DEM,DEM,False
2022,state_senate,superintendent,state_senate_superintendent_2004.json,9,3302903,3302905,2,True,-9.17,-9.17,0.0,DEM,DEM,False
2022,state_senate,superintendent,state_senate_superintendent_2004.json,10,3302903,3302905,2,True,18.09,18.09,0.0,REP,REP,False
2022,state_senate,superintendent,state_senate_superintendent_2004.json,11,3302903,3302905,2,True,-11.12,-11.12,0.0,DEM,DEM,False
2022,state_senate,superintendent,state_senate_superintendent_2004.json,12,3302903,3302905,2,True,3.43,3.43,0.0,REP,REP,False
2022,state_senate,superintendent,state_senate_superintendent_2004.json,13,3302903,3302905,2,True,-4.08,-4.08,0.0,DEM,DEM,False
2022,state_senate,superintendent,state_senate_superintendent_2004.json,14,3302903,3302905,2,True,-32.11,-32.11,0.0,DEM,DEM,False
2022,state_senate,superintendent,state_senate_superintendent_2004.json,15,3302903,3302905,2,True,-9.57,-9.57,0.0,DEM,DEM,False
2022,state_senate,superintendent,state_senate_superintendent_2004.json,16,3302903,3302905,2,True,2.29,2.29,0.0,REP,REP,False
2022,state_senate,superintendent,state_senate_superintendent_2004.json,17,3302903,3302905,2,True,14.01,14.01,0.0,REP,REP,False
2022,state_senate,superintendent,state_senate_superintendent_2004.json,18,3302903,3302905,2,True,4.52,4.52,0.0,REP,REP,False
2022,state_senate,superintendent,state_senate_superintendent_2004.json,19,3302903,3302905,2,True,-7.88,-7.88,0.0,DEM,DEM,False
2022,state_senate,superintendent,state_senate_superintendent_2004.json,20,3302903,3302905,2,True,-32.42,-32.42,0.0,DEM,DEM,False
2022,state_senate,superintendent,state_senate_superintendent_2004.json,21,3302903,3302905,2,True,-3.06,-3.06,0.0,DEM,DEM,False
2022,state_senate,superintendent,state_senate_superintendent_2004.json,22,3302903,3302905,2,True,-37.68,-37.68,0.0,DEM,DEM,False
2022,state_senate,superintendent,state_senate_superintendent_2004.json,23,3302903,3302905,2,True,-29.08,-29.08,0.0,DEM,DEM,False
2022,state_senate,superintendent,state_senate_superintendent_2004.json,24,3302903,3302905,2,True,-34.79,-34.79,0.0,DEM,DEM,False
2022,state_senate,superintendent,state_senate_superintendent_2004.json,25,3302903,3302905,2,True,14.45,14.45,0.0,REP,REP,False
2022,state_senate,superintendent,state_senate_superintendent_2004.json,26,3302903,3302905,2,True,13.07,13.07,0.0,REP,REP,False
2022,state_senate,superintendent,state_senate_superintendent_2004.json,27,3302903,3302905,2,True,5.09,5.09,0.0,REP,REP,False
2022,state_senate,superintendent,state_senate_superintendent_2004.json,28,3302903,3302905,2,True,-38.58,-38.58,0.0,DEM,DEM,False
2022,state_senate,superintendent,state_senate_superintendent_2004.json,29,3302903,3302905,2,True,10.91,10.91,0.0,REP,REP,False
2022,state_senate,superintendent,state_senate_superintendent_2004.json,30,3302903,3302905,2,True,29.1,29.1,0.0,REP,REP,False
2022,state_senate,superintendent,state_senate_superintendent_2004.json,31,3302903,3302905,2,True,10.5,10.5,0.0,REP,REP,False
2022,state_senate,superintendent,state_senate_superintendent_2004.json,32,3302903,3302905,2,True,-3.07,-3.07,0.0,DEM,DEM,False
2022,state_senate,superintendent,state_senate_superintendent_2004.json,33,3302903,3302905,2,True,21.32,21.32,0.0,REP,REP,False
2022,state_senate,superintendent,state_senate_superintendent_2004.json,34,3302903,3302905,2,True,23.07,23.07,0.0,REP,REP,False
2022,state_senate,superintendent,state_senate_superintendent_2004.json,35,3302903,3302905,2,True,34.65,34.65,0.0,REP,REP,False
2022,state_senate,superintendent,state_senate_superintendent_2004.json,36,3302903,3302905,2,True,27.76,27.76,0.0,REP,REP,False
2022,state_senate,superintendent,state_senate_superintendent_2004.json,37,3302903,3302905,2,True,25.23,25.23,0.0,REP,REP,False
2022,state_senate,superintendent,state_senate_superintendent_2004.json,38,3302903,3302905,2,True,-43.17,-43.17,0.0,DEM,DEM,False
2022,state_senate,superintendent,state_senate_superintendent_2004.json,39,3302903,3302905,2,True,-8.49,-8.49,0.0,DEM,DEM,False
2022,state_senate,superintendent,state_senate_superintendent_2004.json,40,3302903,3302905,2,True,-21.82,-21.82,0.0,DEM,DEM,False
2022,state_senate,superintendent,state_senate_superintendent_2004.json,41,3302903,3302905,2,True,-19.01,-19.01,0.0,DEM,DEM,False
2022,state_senate,superintendent,state_senate_superintendent_2004.json,42,3302903,3302905,2,True,21.04,21.04,0.0,REP,REP,False
2022,state_senate,superintendent,state_senate_superintendent_2004.json,43,3302903,3302905,2,True,24.66,24.66,0.0,REP,REP,False
2022,state_senate,superintendent,state_senate_superintendent_2004.json,44,3302903,3302905,2,True,13.47,13.47,0.0,REP,REP,False
2022,state_senate,superintendent,state_senate_superintendent_2004.json,45,3302903,3302905,2,True,27.37,27.37,0.0,REP,REP,False
2022,state_senate,superintendent,state_senate_superintendent_2004.json,46,3302903,3302905,2,True,3.27,3.27,0.0,REP,REP,False
2022,state_senate,superintendent,state_senate_superintendent_2004.json,47,3302903,3302905,2,True,7.74,7.74,0.0,REP,REP,False
2022,state_senate,superintendent,state_senate_superintendent_2004.json,48,3302903,3302905,2,True,16.89,16.89,0.0,REP,REP,False
2022,state_senate,superintendent,state_senate_superintendent_2004.json,49,3302903,3302905,2,True,-8.31,-8.31,0.0,DEM,DEM,False
2022,state_senate,superintendent,state_senate_superintendent_2004.json,50,3302903,3302905,2,True,4.57,4.57,0.0,REP,REP,False
2022,state_senate,treasurer,state_senate_treasurer_2004.json,1,3324820,3324824,4,True,-2.06,-2.06,0.0,DEM,DEM,False
2022,state_senate,treasurer,state_senate_treasurer_2004.json,2,3324820,3324824,4,True,-2.85,-2.85,0.0,DEM,DEM,False
2022,state_senate,treasurer,state_senate_treasurer_2004.json,3,3324820,3324824,4,True,-39.63,-39.63,0.0,DEM,DEM,False
2022,state_senate,treasurer,state_senate_treasurer_2004.json,4,3324820,3324824,4,True,-15.71,-15.71,0.0,DEM,DEM,False
2022,state_senate,treasurer,state_senate_treasurer_2004.json,5,3324820,3324824,4,True,-26.32,-26.32,0.0,DEM,DEM,False
2022,state_senate,treasurer,state_senate_treasurer_2004.json,6,3324820,3324824,4,True,13.12,13.12,0.0,REP,REP,False
2022,state_senate,treasurer,state_senate_treasurer_2004.json,7,3324820,3324824,4,True,1.55,1.55,0.0,REP,REP,False
2022,state_senate,treasurer,state_senate_treasurer_2004.json,8,3324820,3324824,4,True,-14.28,-14.28,0.0,DEM,DEM,False
2022,state_senate,treasurer,state_senate_treasurer_2004.json,9,3324820,3324824,4,True,-17.77,-17.77,0.0,DEM,DEM,False
2022,state_senate,treasurer,state_senate_treasurer_2004.json,10,3324820,3324824,4,True,-4.38,-4.38,0.0,DEM,DEM,False
2022,state_senate,treasurer,state_senate_treasurer_2004.json,11,3324820,3324824,4,True,-32.04,-32.04,0.0,DEM,DEM,False
2022,state_senate,treasurer,state_senate_treasurer_2004.json,12,3324820,3324824,4,True,-13.34,-13.34,0.0,DEM,DEM,False
2022,state_senate,treasurer,state_senate_treasurer_2004.json,13,3324820,3324824,4,True,-20.83,-20.83,0.0,DEM,DEM,False
2022,state_senate,treasurer,state_senate_treasurer_2004.json,14,3324820,3324824,4,True,-43.56,-43.56,0.0,DEM,DEM,False
2022,state_senate,treasurer,state_senate_treasurer_2004.json,15,3324820,3324824,4,True,-28.03,-28.03,0.0,DEM,DEM,False
2022,state_senate,treasurer,state_senate_treasurer_2004.json,16,3324820,3324824,4,True,-10.92,-10.92,0.0,DEM,DEM,False
2022,state_senate,treasurer,state_senate_treasurer_2004.json,17,3324820,3324824,4,True,0.24,0.24,0.0,REP,REP,False
2022,state_senate,treasurer,state_senate_treasurer_2004.json,18,3324820,3324824,4,True,-13.38,-13.38,0.0,DEM,DEM,False
2022,state_senate,treasurer,state_senate_treasurer_2004.json,19,3324820,3324824,4,True,-16.89,-16.89,0.0,DEM,DEM,False
2022,state_senate,treasurer,state_senate_treasurer_2004.json,20,3324820,3324824,4,True,-43.39,-43.39,0.0,DEM,DEM,False
2022,state_senate,treasurer,state_senate_treasurer_2004.json,21,3324820,3324824,4,True,-11.77,-11.77,0.0,DEM,DEM,False
2022,state_senate,treasurer,state_senate_treasurer_2004.json,22,3324820,3324824,4,True,-50.63,-50.63,0.0,DEM,DEM,False
2022,state_senate,treasurer,state_senate_treasurer_2004.json,23,3324820,3324824,4,True,-41.57,-41.57,0.0,DEM,DEM,False
2022,state_senate,treasurer,state_senate_treasurer_2004.json,24,3324820,3324824,4,True,-44.47,-44.47,0.0,DEM,DEM,False
2022,state_senate,treasurer,state_senate_treasurer_2004.json,25,3324820,3324824,4,True,2.89,2.89,0.0,REP,REP,False
2022,state_senate,treasurer,state_senate_treasurer_2004.json,26,3324820,3324824,4,True,3.76,3.76,0.0,REP,REP,False
2022,state_senate,treasurer,state_senate_treasurer_2004.json,27,3324820,3324824,4,True,-0.76,-0.76,0.0,DEM,DEM,False
2022,state_senate,treasurer,state_senate_treasurer_2004.json,28,3324820,3324824,4,True,-43.24,-43.24,0.0,DEM,DEM,False
2022,state_senate,treasurer,state_senate_treasurer_2004.json,29,3324820,3324824,4,True,1.05,1.05,0.0,REP,REP,False
2022,state_senate,treasurer,state_senate_treasurer_2004.json,30,3324820,3324824,4,True,22.37,22.37,0.0,REP,REP,False
2022,state_senate,treasurer,state_senate_treasurer_2004.json,31,3324820,3324824,4,True,2.91,2.91,0.0,REP,REP,False
2022,state_senate,treasurer,state_senate_treasurer_2004.json,32,3324820,3324824,4,True,-10.54,-10.54,0.0,DEM,DEM,False
2022,state_senate,treasurer,state_senate_treasurer_2004.json,33,3324820,3324824,4,True,9.23,9.23,0.0,REP,REP,False
2022,state_senate,treasurer,state_senate_treasurer_2004.json,34,3324820,3324824,4,True,7.5,7.5,0.0,REP,REP,False
2022,state_senate,treasurer,state_senate_treasurer_2004.json,35,3324820,3324824,4,True,28.13,28.13,0.0,REP,REP,False
2022,state_senate,treasurer,state_senate_treasurer_2004.json,36,3324820,3324824,4,True,17.32,17.32,0.0,REP,REP,False
2022,state_senate,treasurer,state_senate_treasurer_2004.json,37,3324820,3324824,4,True,17.36,17.36,0.0,REP,REP,False
2022,state_senate,treasurer,state_senate_treasurer_2004.json,38,3324820,3324824,4,True,-44.49,-44.49,0.0,DEM,DEM,False
2022,state_senate,treasurer,state_senate_treasurer_2004.json,39,3324820,3324824,4,True,-12.4,-12.4,0.0,DEM,DEM,False
2022,state_senate,treasurer,state_senate_treasurer_2004.json,40,3324820,3324824,4,True,-24.76,-24.76,0.0,DEM,DEM,False
2022,state_senate,treasurer,state_senate_treasurer_2004.json,41,3324820,3324824,4,True,-21.02,-21.02,0.0,DEM,DEM,False
2022,state_senate,treasurer,state_senate_treasurer_2004.json,42,3324820,3324824,4,True,17.59,17.59,0.0,REP,REP,False
2022,state_senate,treasurer,state_senate_treasurer_2004.json,43,3324820,3324824,4,True,14.55,14.55,0.0,REP,REP,False
2022,state_senate,treasurer,state_senate_treasurer_2004.json,44,3324820,3324824,4,True,0.14,0.14,0.0,REP,REP,False
2022,state_senate,treasurer,state_senate_treasurer_2004.json,45,3324820,3324824,4,True,18.78,18.78,0.0,REP,REP,False
2022,state_senate,treasurer,state_senate_treasurer_2004.json,46,3324820,3324824,4,True,-1.79,-1.79,0.0,DEM,DEM,False
2022,state_senate,treasurer,state_senate_treasurer_2004.json,47,3324820,3324824,4,True,2.98,2.98,0.0,REP,REP,False
2022,state_senate,treasurer,state_senate_treasurer_2004.json,48,3324820,3324824,4,True,16.75,16.75,0.0,REP,REP,False
2022,state_senate,treasurer,state_senate_treasurer_2004.json,49,3324820,3324824,4,True,-9.92,-9.92,0.0,DEM,DEM,False
2022,state_senate,treasurer,state_senate_treasurer_2004.json,50,3324820,3324824,4,True,3.8,3.8,0.0,REP,REP,False
2022,state_senate,us_senate,state_senate_us_senate_2004.json,1,3472082,3472087,5,True,8.09,8.09,0.0,REP,REP,False
2022,state_senate,us_senate,state_senate_us_senate_2004.json,2,3472082,3472087,5,True,12.14,12.14,0.0,REP,REP,False
2022,state_senate,us_senate,state_senate_us_senate_2004.json,3,3472082,3472087,5,True,-20.54,-20.54,0.0,DEM,DEM,False
2022,state_senate,us_senate,state_senate_us_senate_2004.json,4,3472082,3472087,5,True,6.63,6.63,0.0,REP,REP,False
2022,state_senate,us_senate,state_senate_us_senate_2004.json,5,3472082,3472087,5,True,-8.48,-8.48,0.0,DEM,DEM,False
2022,state_senate,us_senate,state_senate_us_senate_2004.json,6,3472082,3472087,5,True,28.38,28.38,0.0,REP,REP,False
2022,state_senate,us_senate,state_senate_us_senate_2004.json,7,3472082,3472087,5,True,8.59,8.59,0.0,REP,REP,False
2022,state_senate,us_senate,state_senate_us_senate_2004.json,8,3472082,3472087,5,True,-0.08,-0.08,0.0,DEM,DEM,False
2022,state_senate,us_senate,state_senate_us_senate_2004.json,9,3472082,3472087,5,True,3.14,3.14,0.0,REP,REP,False
2022,state_senate,us_senate,state_senate_us_senate_2004.json,10,3472082,3472087,5,True,24.78,24.78,0.0,REP,REP,False
2022,state_senate,us_senate,state_senate_us_senate_2004.json,11,3472082,3472087,5,True,-1.22,-1.22,0.0,DEM,DEM,False
2022,state_senate,us_senate,state_senate_us_senate_2004.json,12,3472082,3472087,5,True,12.15,12.15,0.0,REP,REP,False
2022,state_senate,us_senate,state_senate_us_senate_2004.json,13,3472082,3472087,5,True,-5.07,-5.07,0.0,DEM,DEM,False
2022,state_senate,us_senate,state_senate_us_senate_2004.json,14,3472082,3472087,5,True,-29.48,-29.48,0.0,DEM,DEM,False
2022,state_senate,us_senate,state_senate_us_senate_2004.json,15,3472082,3472087,5,True,-12.94,-12.94,0.0,DEM,DEM,False
2022,state_senate,us_senate,state_senate_us_senate_2004.json,16,3472082,3472087,5,True,1.3,1.3,0.0,REP,REP,False
2022,state_senate,us_senate,state_senate_us_senate_2004.json,17,3472082,3472087,5,True,15.48,15.48,0.0,REP,REP,False
2022,state_senate,us_senate,state_senate_us_senate_2004.json,18,3472082,3472087,5,True,9.17,9.17,0.0,REP,REP,False
2022,state_senate,us_senate,state_senate_us_senate_2004.json,19,3472082,3472087,5,True,0.76,0.76,0.0,REP,REP,False
2022,state_senate,us_senate,state_senate_us_senate_2004.json,20,3472082,3472087,5,True,-30.96,-30.96,0.0,DEM,DEM,False
2022,state_senate,us_senate,state_senate_us_senate_2004.json,21,3472082,3472087,5,True,1.96,1.96,0.0,REP,REP,False
2022,state_senate,us_senate,state_senate_us_senate_2004.json,22,3472082,3472087,5,True,-37.28,-37.28,0.0,DEM,DEM,False
2022,state_senate,us_senate,state_senate_us_senate_2004.json,23,3472082,3472087,5,True,-25.2,-25.2,0.0,DEM,DEM,False
2022,state_senate,us_senate,state_senate_us_senate_2004.json,24,3472082,3472087,5,True,-20.83,-20.83,0.0,DEM,DEM,False
2022,state_senate,us_senate,state_senate_us_senate_2004.json,25,3472082,3472087,5,True,19.56,19.56,0.0,REP,REP,False
2022,state_senate,us_senate,state_senate_us_senate_2004.json,26,3472082,3472087,5,True,19.66,19.66,0.0,REP,REP,False
2022,state_senate,us_senate,state_senate_us_senate_2004.json,27,3472082,3472087,5,True,6.27,6.27,0.0,REP,REP,False
2022,state_senate,us_senate,state_senate_us_senate_2004.json,28,3472082,3472087,5,True,-37.95,-37.95,0.0,DEM,DEM,False
2022,state_senate,us_senate,state_senate_us_senate_2004.json,29,3472082,3472087,5,True,16.38,16.38,0.0,REP,REP,False
2022,state_senate,us_senate,state_senate_us_senate_2004.json,30,3472082,3472087,5,True,35.16,35.16,0.0,REP,REP,False
2022,state_senate,us_senate,state_senate_us_senate_2004.json,31,3472082,3472087,5,True,17.77,17.77,0.0,REP,REP,False
2022,state_senate,us_senate,state_senate_us_senate_2004.json,32,3472082,3472087,5,True,4.59,4.59,0.0,REP,REP,False
2022,state_senate,us_senate,state_senate_us_senate_2004.json,33,3472082,3472087,5,True,27.28,27.28,0.0,REP,REP,False
2022,state_senate,us_senate,state_senate_us_senate_2004.json,34,3472082,3472087,5,True,24.4,24.4,0.0,REP,REP,False
2022,state_senate,us_senate,state_senate_us_senate_2004.json,35,3472082,3472087,5,True,34.88,34.88,0.0,REP,REP,False
2022,state_senate,us_senate,state_senate_us_senate_2004.json,36,3472082,3472087,5,True,34.66,34.66,0.0,REP,REP,False
2022,state_senate,us_senate,state_senate_us_senate_2004.json,37,3472082,3472087,5,True,27.67,27.67,0.0,REP,REP,False
2022,state_senate,us_senate,state_senate_us_senate_2004.json,38,3472082,3472087,5,True,-41.83,-41.83,0.0,DEM,DEM,False
2022,state_senate,us_senate,state_senate_us_senate_2004.json,39,3472082,3472087,5,True,-12.1,-12.1,0.0,DEM,DEM,False
2022,state_senate,us_senate,state_senate_us_senate_2004.json,40,3472082,3472087,5,True,-19.63,-19.63,0.0,DEM,DEM,False
2022,state_senate,us_senate,state_senate_us_senate_2004.json,41,3472082,3472087,5,True,-17.4,-17.4,0.0,DEM,DEM,False
2022,state_senate,us_senate,state_senate_us_senate_2004.json,42,3472082,3472087,5,True,17.64,17.64,0.0,REP,REP,False
2022,state_senate,us_senate,state_senate_us_senate_2004.json,43,3472082,3472087,5,True,26.47,26.47,0.0,REP,REP,False
2022,state_senate,us_senate,state_senate_us_senate_2004.json,44,3472082,3472087,5,True,18.57,18.57,0.0,REP,REP,False
2022,state_senate,us_senate,state_senate_us_senate_2004.json,45,3472082,3472087,5,True,28.6,28.6,0.0,REP,REP,False
2022,state_senate,us_senate,state_senate_us_senate_2004.json,46,3472082,3472087,5,True,7.71,7.71,0.0,REP,REP,False
2022,state_senate,us_senate,state_senate_us_senate_2004.json,47,3472082,3472087,5,True,13.54,13.54,0.0,REP,REP,False
2022,state_senate,us_senate,state_senate_us_senate_2004.json,48,3472082,3472087,5,True,19.8,19.8,0.0,REP,REP,False
2022,state_senate,us_senate,state_senate_us_senate_2004.json,49,3472082,3472087,5,True,-2.98,-2.98,0.0,DEM,DEM,False
2022,state_senate,us_senate,state_senate_us_senate_2004.json,50,3472082,3472087,5,True,9.91,9.91,0.0,REP,REP,False
2024,congressional,agriculture_commissioner,congressional_agriculture_commissioner_2004.json,1,3330107,3330103,-4,True,-23.93,-23.93,0.0,DEM,DEM,False
2024,congressional,agriculture_commissioner,congressional_agriculture_commissioner_2004.json,2,3330107,3330103,-4,True,-17.39,-17.39,0.0,DEM,DEM,False
2024,congressional,agriculture_commissioner,congressional_agriculture_commissioner_2004.json,3,3330107,3330103,-4,True,1.82,1.82,0.0,REP,REP,False
2024,congressional,agriculture_commissioner,congressional_agriculture_commissioner_2004.json,4,3330107,3330103,-4,True,-32.07,-32.07,0.0,DEM,DEM,False
2024,congressional,agriculture_commissioner,congressional_agriculture_commissioner_2004.json,5,3330107,3330103,-4,True,9.97,9.97,0.0,REP,REP,False
2024,congressional,agriculture_commissioner,congressional_agriculture_commissioner_2004.json,6,3330107,3330103,-4,True,23.54,23.54,0.0,REP,REP,False
2024,congressional,agriculture_commissioner,congressional_agriculture_commissioner_2004.json,7,3330107,3330103,-4,True,-9.1,-9.1,0.0,DEM,DEM,False
2024,congressional,agriculture_commissioner,congressional_agriculture_commissioner_2004.json,8,3330107,3330103,-4,True,12.92,12.92,0.0,REP,REP,False
2024,congressional,agriculture_commissioner,congressional_agriculture_commissioner_2004.json,9,3330107,3330103,-4,True,16.33,16.33,0.0,REP,REP,False
2024,congressional,agriculture_commissioner,congressional_agriculture_commissioner_2004.json,10,3330107,3330103,-4,True,16.1,16.1,0.0,REP,REP,False
2024,congressional,agriculture_commissioner,congressional_agriculture_commissioner_2004.json,11,3330107,3330103,-4,True,5.83,5.83,0.0,REP,REP,False
2024,congressional,agriculture_commissioner,congressional_agriculture_commissioner_2004.json,12,3330107,3330103,-4,True,-24.99,-24.99,0.0,DEM,DEM,False
2024,congressional,agriculture_commissioner,congressional_agriculture_commissioner_2004.json,13,3330107,3330103,-4,True,1.72,1.72,0.0,REP,REP,False
2024,congressional,agriculture_commissioner,congressional_agriculture_commissioner_2004.json,14,3330107,3330103,-4,True,16.6,16.6,0.0,REP,REP,False
2024,congressional,attorney_general,congressional_attorney_general_2004.json,1,3366218,3366221,3,True,-31.77,-31.77,0.0,DEM,DEM,False
2024,congressional,attorney_general,congressional_attorney_general_2004.json,2,3366218,3366221,3,True,-22.26,-22.26,0.0,DEM,DEM,False
2024,congressional,attorney_general,congressional_attorney_general_2004.json,3,3366218,3366221,3,True,-2.17,-2.17,0.0,DEM,DEM,False
2024,congressional,attorney_general,congressional_attorney_general_2004.json,4,3366218,3366221,3,True,-36.34,-36.34,0.0,DEM,DEM,False
2024,congressional,attorney_general,congressional_attorney_general_2004.json,5,3366218,3366221,3,True,-10.81,-10.81,0.0,DEM,DEM,False
2024,congressional,attorney_general,congressional_attorney_general_2004.json,6,3366218,3366221,3,True,2.3,2.3,0.0,REP,REP,False
2024,congressional,attorney_general,congressional_attorney_general_2004.json,7,3366218,3366221,3,True,-13.7,-13.7,0.0,DEM,DEM,False
2024,congressional,attorney_general,congressional_attorney_general_2004.json,8,3366218,3366221,3,True,1.49,1.49,0.0,REP,REP,False
2024,congressional,attorney_general,congressional_attorney_general_2004.json,9,3366218,3366221,3,True,-2.91,-2.91,0.0,DEM,DEM,False
2024,congressional,attorney_general,congressional_attorney_general_2004.json,10,3366218,3366221,3,True,-0.88,-0.88,0.0,DEM,DEM,False
2024,congressional,attorney_general,congressional_attorney_general_2004.json,11,3366218,3366221,3,True,-3.05,-3.05,0.0,DEM,DEM,False
2024,congressional,attorney_general,congressional_attorney_general_2004.json,12,3366218,3366221,3,True,-31.93,-31.93,0.0,DEM,DEM,False
2024,congressional,attorney_general,congressional_attorney_general_2004.json,13,3366218,3366221,3,True,-10.49,-10.49,0.0,DEM,DEM,False
2024,congressional,attorney_general,congressional_attorney_general_2004.json,14,3366218,3366221,3,True,4.98,4.98,0.0,REP,REP,False
2024,congressional,auditor,congressional_auditor_2004.json,1,3295993,3295994,1,True,-18.11,-18.11,0.0,DEM,DEM,False
2024,congressional,auditor,congressional_auditor_2004.json,2,3295993,3295994,1,True,-12.67,-12.67,0.0,DEM,DEM,False
2024,congressional,auditor,congressional_auditor_2004.json,3,3295993,3295994,1,True,7.33,7.33,0.0,REP,REP,False
2024,congressional,auditor,congressional_auditor_2004.json,4,3295993,3295994,1,True,-29.73,-29.73,0.0,DEM,DEM,False
2024,congressional,auditor,congressional_auditor_2004.json,5,3295993,3295994,1,True,2.38,2.38,0.0,REP,REP,False
2024,congressional,auditor,congressional_auditor_2004.json,6,3295993,3295994,1,True,18.25,18.25,0.0,REP,REP,False
2024,congressional,auditor,congressional_auditor_2004.json,7,3295993,3295994,1,True,-1.18,-1.18,0.0,DEM,DEM,False
2024,congressional,auditor,congressional_auditor_2004.json,8,3295993,3295994,1,True,13.34,13.34,0.0,REP,REP,False
2024,congressional,auditor,congressional_auditor_2004.json,9,3295993,3295994,1,True,12.59,12.59,0.0,REP,REP,False
2024,congressional,auditor,congressional_auditor_2004.json,10,3295993,3295994,1,True,13.06,13.06,0.0,REP,REP,False
2024,congressional,auditor,congressional_auditor_2004.json,11,3295993,3295994,1,True,6.53,6.53,0.0,REP,REP,False
2024,congressional,auditor,congressional_auditor_2004.json,12,3295993,3295994,1,True,-23.36,-23.36,0.0,DEM,DEM,False
2024,congressional,auditor,congressional_auditor_2004.json,13,3295993,3295994,1,True,4.36,4.36,0.0,REP,REP,False
2024,congressional,auditor,congressional_auditor_2004.json,14,3295993,3295994,1,True,18.66,18.66,0.0,REP,REP,False
2024,congressional,governor,congressional_governor_2004.json,1,3486688,3486690,2,True,-26.65,-26.65,0.0,DEM,DEM,False
2024,congressional,governor,congressional_governor_2004.json,2,3486688,3486690,2,True,-24.83,-24.83,0.0,DEM,DEM,False
2024,congressional,governor,congressional_governor_2004.json,3,3486688,3486690,2,True,-8.53,-8.53,0.0,DEM,DEM,False
2024,congressional,governor,congressional_governor_2004.json,4,3486688,3486690,2,True,-37.83,-37.83,0.0,DEM,DEM,False
2024,congressional,governor,congressional_governor_2004.json,5,3486688,3486690,2,True,-12.25,-12.25,0.0,DEM,DEM,False
2024,congressional,governor,congressional_governor_2004.json,6,3486688,3486690,2,True,-1.02,-1.02,0.0,DEM,DEM,False
2024,congressional,governor,congressional_governor_2004.json,7,3486688,3486690,2,True,-15.85,-15.85,0.0,DEM,DEM,False
2024,congressional,governor,congressional_governor_2004.json,8,3486688,3486690,2,True,-1.38,-1.38,0.0,DEM,DEM,False
2024,congressional,governor,congressional_governor_2004.json,9,3486688,3486690,2,True,-3.04,-3.04,0.0,DEM,DEM,False
2024,congressional,governor,congressional_governor_2004.json,10,3486688,3486690,2,True,-3.54,-3.54,0.0,DEM,DEM,False
2024,congressional,governor,congressional_governor_2004.json,11,3486688,3486690,2,True,-6.21,-6.21,0.0,DEM,DEM,False
2024,congressional,governor,congressional_governor_2004.json,12,3486688,3486690,2,True,-33.74,-33.74,0.0,DEM,DEM,False
2024,congressional,governor,congressional_governor_2004.json,13,3486688,3486690,2,True,-7.65,-7.65,0.0,DEM,DEM,False
2024,congressional,governor,congressional_governor_2004.json,14,3486688,3486690,2,True,2.53,2.53,0.0,REP,REP,False
2024,congressional,insurance_commissioner,congressional_insurance_commissioner_2004.json,1,3355474,3355473,-1,True,-35.42,-35.42,0.0,DEM,DEM,False
2024,congressional,insurance_commissioner,congressional_insurance_commissioner_2004.json,2,3355474,3355473,-1,True,-29.68,-29.68,0.0,DEM,DEM,False
2024,congressional,insurance_commissioner,congressional_insurance_commissioner_2004.json,3,3355474,3355473,-1,True,-12.5,-12.5,0.0,DEM,DEM,False
2024,congressional,insurance_commissioner,congressional_insurance_commissioner_2004.json,4,3355474,3355473,-1,True,-42.04,-42.04,0.0,DEM,DEM,False
2024,congressional,insurance_commissioner,congressional_insurance_commissioner_2004.json,5,3355474,3355473,-1,True,-13.9,-13.9,0.0,DEM,DEM,False
2024,congressional,insurance_commissioner,congressional_insurance_commissioner_2004.json,6,3355474,3355473,-1,True,0.15,0.15,0.0,REP,REP,False
2024,congressional,insurance_commissioner,congressional_insurance_commissioner_2004.json,7,3355474,3355473,-1,True,-21.31,-21.31,0.0,DEM,DEM,False
2024,congressional,insurance_commissioner,congressional_insurance_commissioner_2004.json,8,3355474,3355473,-1,True,-0.86,-0.86,0.0,DEM,DEM,False
2024,congressional,insurance_commissioner,congressional_insurance_commissioner_2004.json,9,3355474,3355473,-1,True,-6.99,-6.99,0.0,DEM,DEM,False
2024,congressional,insurance_commissioner,congressional_insurance_commissioner_2004.json,10,3355474,3355473,-1,True,-0.22,-0.22,0.0,DEM,DEM,False
2024,congressional,insurance_commissioner,congressional_insurance_commissioner_2004.json,11,3355474,3355473,-1,True,-7.5,-7.5,0.0,DEM,DEM,False
2024,congressional,insurance_commissioner,congressional_insurance_commissioner_2004.json,12,3355474,3355473,-1,True,-30.75,-30.75,0.0,DEM,DEM,False
2024,congressional,insurance_commissioner,congressional_insurance_commissioner_2004.json,13,3355474,3355473,-1,True,-17.25,-17.25,0.0,DEM,DEM,False
2024,congressional,insurance_commissioner,congressional_insurance_commissioner_2004.json,14,3355474,3355473,-1,True,3.4,3.4,0.0,REP,REP,False
2024,congressional,labor_commissioner,congressional_labor_commissioner_2004.json,1,3307492,3307491,-1,True,-16.24,-16.24,0.0,DEM,DEM,False
2024,congressional,labor_commissioner,congressional_labor_commissioner_2004.json,2,3307492,3307491,-1,True,-3.66,-3.66,0.0,DEM,DEM,False
2024,congressional,labor_commissioner,congressional_labor_commissioner_2004.json,3,3307492,3307491,-1,True,7.7,7.7,0.0,REP,REP,False
2024,congressional,labor_commissioner,congressional_labor_commissioner_2004.json,4,3307492,3307491,-1,True,-25.2,-25.2,0.0,DEM,DEM,False
2024,congressional,labor_commissioner,congressional_labor_commissioner_2004.json,5,3307492,3307491,-1,True,5.06,5.06,0.0,REP,REP,False
2024,congressional,labor_commissioner,congressional_labor_commissioner_2004.json,6,3307492,3307491,-1,True,20.84,20.84,0.0,REP,REP,False
2024,congressional,labor_commissioner,congressional_labor_commissioner_2004.json,7,3307492,3307491,-1,True,-0.19,-0.19,0.0,DEM,DEM,False
2024,congressional,labor_commissioner,congressional_labor_commissioner_2004.json,8,3307492,3307491,-1,True,14.19,14.19,0.0,REP,REP,False
2024,congressional,labor_commissioner,congressional_labor_commissioner_2004.json,9,3307492,3307491,-1,True,15.11,15.11,0.0,REP,REP,False
2024,congressional,labor_commissioner,congressional_labor_commissioner_2004.json,10,3307492,3307491,-1,True,18.71,18.71,0.0,REP,REP,False
2024,congressional,labor_commissioner,congressional_labor_commissioner_2004.json,11,3307492,3307491,-1,True,8.33,8.33,0.0,REP,REP,False
2024,congressional,labor_commissioner,congressional_labor_commissioner_2004.json,12,3307492,3307491,-1,True,-19.47,-19.47,0.0,DEM,DEM,False
2024,congressional,labor_commissioner,congressional_labor_commissioner_2004.json,13,3307492,3307491,-1,True,10.41,10.41,0.0,REP,REP,False
2024,congressional,labor_commissioner,congressional_labor_commissioner_2004.json,14,3307492,3307491,-1,True,22.25,22.25,0.0,REP,REP,False
2024,congressional,lieutenant_governor,congressional_lieutenant_governor_2004.json,1,3398470,3398468,-2,True,-32.44,-32.44,0.0,DEM,DEM,False
2024,congressional,lieutenant_governor,congressional_lieutenant_governor_2004.json,2,3398470,3398468,-2,True,-27.42,-27.42,0.0,DEM,DEM,False
2024,congressional,lieutenant_governor,congressional_lieutenant_governor_2004.json,3,3398470,3398468,-2,True,-19.08,-19.08,0.0,DEM,DEM,False
2024,congressional,lieutenant_governor,congressional_lieutenant_governor_2004.json,4,3398470,3398468,-2,True,-40.8,-40.8,0.0,DEM,DEM,False
2024,congressional,lieutenant_governor,congressional_lieutenant_governor_2004.json,5,3398470,3398468,-2,True,-7.99,-7.99,0.0,DEM,DEM,False
2024,congressional,lieutenant_governor,congressional_lieutenant_governor_2004.json,6,3398470,3398468,-2,True,7.49,7.49,0.0,REP,REP,False
2024,congressional,lieutenant_governor,congressional_lieutenant_governor_2004.json,7,3398470,3398468,-2,True,-19.69,-19.69,0.0,DEM,DEM,False
2024,congressional,lieutenant_governor,congressional_lieutenant_governor_2004.json,8,3398470,3398468,-2,True,1.15,1.15,0.0,REP,REP,False
2024,congressional,lieutenant_governor,congressional_lieutenant_governor_2004.json,9,3398470,3398468,-2,True,-1.6,-1.6,0.0,DEM,DEM,False
2024,congressional,lieutenant_governor,congressional_lieutenant_governor_2004.json,10,3398470,3398468,-2,True,0.32,0.32,0.0,REP,REP,False
2024,congressional,lieutenant_governor,congressional_lieutenant_governor_2004.json,11,3398470,3398468,-2,True,-2.82,-2.82,0.0,DEM,DEM,False
2024,congressional,lieutenant_governor,congressional_lieutenant_governor_2004.json,12,3398470,3398468,-2,True,-32.07,-32.07,0.0,DEM,DEM,False
2024,congressional,lieutenant_governor,congressional_lieutenant_governor_2004.json,13,3398470,3398468,-2,True,-12.98,-12.98,0.0,DEM,DEM,False
2024,congressional,lieutenant_governor,congressional_lieutenant_governor_2004.json,14,3398470,3398468,-2,True,5.95,5.95,0.0,REP,REP,False
2024,congressional,nc_court_of_appeals_judge_seat_04,congressional_nc_court_of_appeals_judge_seat_04_2004.json,1,2632583,2632584,1,True,-18.85,-18.85,0.0,DEM,DEM,False
2024,congressional,nc_court_of_appeals_judge_seat_04,congressional_nc_court_of_appeals_judge_seat_04_2004.json,2,2632583,2632584,1,True,-23.46,-23.46,0.0,DEM,DEM,False
2024,congressional,nc_court_of_appeals_judge_seat_04,congressional_nc_court_of_appeals_judge_seat_04_2004.json,3,2632583,2632584,1,True,-9.78,-9.78,0.0,DEM,DEM,False
2024,congressional,nc_court_of_appeals_judge_seat_04,congressional_nc_court_of_appeals_judge_seat_04_2004.json,4,2632583,2632584,1,True,-38.73,-38.73,0.0,DEM,DEM,False
2024,congressional,nc_court_of_appeals_judge_seat_04,congressional_nc_court_of_appeals_judge_seat_04_2004.json,5,2632583,2632584,1,True,-15.32,-15.32,0.0,DEM,DEM,False
2024,congressional,nc_court_of_appeals_judge_seat_04,congressional_nc_court_of_appeals_judge_seat_04_2004.json,6,2632583,2632584,1,True,-10.15,-10.15,0.0,DEM,DEM,False
2024,congressional,nc_court_of_appeals_judge_seat_04,congressional_nc_court_of_appeals_judge_seat_04_2004.json,7,2632583,2632584,1,True,-18.17,-18.17,0.0,DEM,DEM,False
2024,congressional,nc_court_of_appeals_judge_seat_04,congressional_nc_court_of_appeals_judge_seat_04_2004.json,8,2632583,2632584,1,True,-8.04,-8.04,0.0,DEM,DEM,False
2024,congressional,nc_court_of_appeals_judge_seat_04,congressional_nc_court_of_appeals_judge_seat_04_2004.json,9,2632583,2632584,1,True,-9.0,-9.0,0.0,DEM,DEM,False
2024,congressional,nc_court_of_appeals_judge_seat_04,congressional_nc_court_of_appeals_judge_seat_04_2004.json,10,2632583,2632584,1,True,-10.19,-10.19,0.0,DEM,DEM,False
2024,congressional,nc_court_of_appeals_judge_seat_04,congressional_nc_court_of_appeals_judge_seat_04_2004.json,11,2632583,2632584,1,True,-8.92,-8.92,0.0,DEM,DEM,False
2024,congressional,nc_court_of_appeals_judge_seat_04,congressional_nc_court_of_appeals_judge_seat_04_2004.json,12,2632583,2632584,1,True,-33.58,-33.58,0.0,DEM,DEM,False
2024,congressional,nc_court_of_appeals_judge_seat_04,congressional_nc_court_of_appeals_judge_seat_04_2004.json,13,2632583,2632584,1,True,-9.26,-9.26,0.0,DEM,DEM,False
2024,congressional,nc_court_of_appeals_judge_seat_04,congressional_nc_court_of_appeals_judge_seat_04_2004.json,14,2632583,2632584,1,True,-6.34,-6.34,0.0,DEM,DEM,False
2024,congressional,nc_court_of_appeals_judge_seat_05,congressional_nc_court_of_appeals_judge_seat_05_2004.json,1,2600085,2600084,-1,True,-22.65,-22.65,0.0,DEM,DEM,False
2024,congressional,nc_court_of_appeals_judge_seat_05,congressional_nc_court_of_appeals_judge_seat_05_2004.json,2,2600085,2600084,-1,True,-5.01,-5.01,0.0,DEM,DEM,False
2024,congressional,nc_court_of_appeals_judge_seat_05,congressional_nc_court_of_appeals_judge_seat_05_2004.json,3,2600085,2600084,-1,True,1.7,1.7,0.0,REP,REP,False
2024,congressional,nc_court_of_appeals_judge_seat_05,congressional_nc_court_of_appeals_judge_seat_05_2004.json,4,2600085,2600084,-1,True,-26.22,-26.22,0.0,DEM,DEM,False
2024,congressional,nc_court_of_appeals_judge_seat_05,congressional_nc_court_of_appeals_judge_seat_05_2004.json,5,2600085,2600084,-1,True,-13.91,-13.91,0.0,DEM,DEM,False
2024,congressional,nc_court_of_appeals_judge_seat_05,congressional_nc_court_of_appeals_judge_seat_05_2004.json,6,2600085,2600084,-1,True,-2.03,-2.03,0.0,DEM,DEM,False
2024,congressional,nc_court_of_appeals_judge_seat_05,congressional_nc_court_of_appeals_judge_seat_05_2004.json,7,2600085,2600084,-1,True,-15.39,-15.39,0.0,DEM,DEM,False
2024,congressional,nc_court_of_appeals_judge_seat_05,congressional_nc_court_of_appeals_judge_seat_05_2004.json,8,2600085,2600084,-1,True,-4.38,-4.38,0.0,DEM,DEM,False
2024,congressional,nc_court_of_appeals_judge_seat_05,congressional_nc_court_of_appeals_judge_seat_05_2004.json,9,2600085,2600084,-1,True,-6.38,-6.38,0.0,DEM,DEM,False
2024,congressional,nc_court_of_appeals_judge_seat_05,congressional_nc_court_of_appeals_judge_seat_05_2004.json,10,2600085,2600084,-1,True,-0.52,-0.52,0.0,DEM,DEM,False
2024,congressional,nc_court_of_appeals_judge_seat_05,congressional_nc_court_of_appeals_judge_seat_05_2004.json,11,2600085,2600084,-1,True,-8.31,-8.31,0.0,DEM,DEM,False
2024,congressional,nc_court_of_appeals_judge_seat_05,congressional_nc_court_of_appeals_judge_seat_05_2004.json,12,2600085,2600084,-1,True,-20.02,-20.02,0.0,DEM,DEM,False
2024,congressional,nc_court_of_appeals_judge_seat_05,congressional_nc_court_of_appeals_judge_seat_05_2004.json,13,2600085,2600084,-1,True,-3.11,-3.11,0.0,DEM,DEM,False
2024,congressional,nc_court_of_appeals_judge_seat_05,congressional_nc_court_of_appeals_judge_seat_05_2004.json,14,2600085,2600084,-1,True,4.17,4.17,0.0,REP,REP,False
2024,congressional,nc_court_of_appeals_judge_seat_06,congressional_nc_court_of_appeals_judge_seat_06_2004.json,1,2541424,2541424,0,True,14.42,14.42,0.0,REP,REP,False
2024,congressional,nc_court_of_appeals_judge_seat_06,congressional_nc_court_of_appeals_judge_seat_06_2004.json,2,2541424,2541424,0,True,8.21,8.21,0.0,REP,REP,False
2024,congressional,nc_court_of_appeals_judge_seat_06,congressional_nc_court_of_appeals_judge_seat_06_2004.json,3,2541424,2541424,0,True,17.92,17.92,0.0,REP,REP,False
2024,congressional,nc_court_of_appeals_judge_seat_06,congressional_nc_court_of_appeals_judge_seat_06_2004.json,4,2541424,2541424,0,True,2.87,2.87,0.0,REP,REP,False
2024,congressional,nc_court_of_appeals_judge_seat_06,congressional_nc_court_of_appeals_judge_seat_06_2004.json,5,2541424,2541424,0,True,8.52,8.52,0.0,REP,REP,False
2024,congressional,nc_court_of_appeals_judge_seat_06,congressional_nc_court_of_appeals_judge_seat_06_2004.json,6,2541424,2541424,0,True,14.62,14.62,0.0,REP,REP,False
2024,congressional,nc_court_of_appeals_judge_seat_06,congressional_nc_court_of_appeals_judge_seat_06_2004.json,7,2541424,2541424,0,True,10.41,10.41,0.0,REP,REP,False
2024,congressional,nc_court_of_appeals_judge_seat_06,congressional_nc_court_of_appeals_judge_seat_06_2004.json,8,2541424,2541424,0,True,18.19,18.19,0.0,REP,REP,False
2024,congressional,nc_court_of_appeals_judge_seat_06,congressional_nc_court_of_appeals_judge_seat_06_2004.json,9,2541424,2541424,0,True,11.52,11.52,0.0,REP,REP,False
2024,congressional,nc_court_of_appeals_judge_seat_06,congressional_nc_court_of_appeals_judge_seat_06_2004.json,10,2541424,2541424,0,True,6.09,6.09,0.0,REP,REP,False
2024,congressional,nc_court_of_appeals_judge_seat_06,congressional_nc_court_of_appeals_judge_seat_06_2004.json,11,2541424,2541424,0,True,-8.06,-8.06,0.0,DEM,DEM,False
2024,congressional,nc_court_of_appeals_judge_seat_06,congressional_nc_court_of_appeals_judge_seat_06_2004.json,12,2541424,2541424,0,True,18.12,18.12,0.0,REP,REP,False
2024,congressional,nc_court_of_appeals_judge_seat_06,congressional_nc_court_of_appeals_judge_seat_06_2004.json,13,2541424,2541424,0,True,16.3,16.3,0.0,REP,REP,False
2024,congressional,nc_court_of_appeals_judge_seat_06,congressional_nc_court_of_appeals_judge_seat_06_2004.json,14,2541424,2541424,0,True,9.55,9.55,0.0,REP,REP,False
2024,congressional,nc_supreme_court_associate_justice_seat_02,congressional_nc_supreme_court_associate_justice_seat_02_2004.json,1,2579576,2579579,3,True,-7.65,-7.65,0.0,DEM,DEM,False
2024,congressional,nc_supreme_court_associate_justice_seat_02,congressional_nc_supreme_court_associate_justice_seat_02_2004.json,2,2579576,2579579,3,True,1.71,1.71,0.0,REP,REP,False
2024,congressional,nc_supreme_court_associate_justice_seat_02,congressional_nc_supreme_court_associate_justice_seat_02_2004.json,3,2579576,2579579,3,True,2.43,2.43,0.0,REP,REP,False
2024,congressional,nc_supreme_court_associate_justice_seat_02,congressional_nc_supreme_court_associate_justice_seat_02_2004.json,4,2579576,2579579,3,True,-20.61,-20.61,0.0,DEM,DEM,False
2024,congressional,nc_supreme_court_associate_justice_seat_02,congressional_nc_supreme_court_associate_justice_seat_02_2004.json,5,2579576,2579579,3,True,5.08,5.08,0.0,REP,REP,False
2024,congressional,nc_supreme_court_associate_justice_seat_02,congressional_nc_supreme_court_associate_justice_seat_02_2004.json,6,2579576,2579579,3,True,12.05,12.05,0.0,REP,REP,False
2024,congressional,nc_supreme_court_associate_justice_seat_02,congressional_nc_supreme_court_associate_justice_seat_02_2004.json,7,2579576,2579579,3,True,-0.25,-0.25,0.0,DEM,DEM,False
2024,congressional,nc_supreme_court_associate_justice_seat_02,congressional_nc_supreme_court_associate_justice_seat_02_2004.json,8,2579576,2579579,3,True,7.65,7.65,0.0,REP,REP,False
2024,congressional,nc_supreme_court_associate_justice_seat_02,congressional_nc_supreme_court_associate_justice_seat_02_2004.json,9,2579576,2579579,3,True,10.03,10.03,0.0,REP,REP,False
2024,congressional,nc_supreme_court_associate_justice_seat_02,congressional_nc_supreme_court_associate_justice_seat_02_2004.json,10,2579576,2579579,3,True,7.75,7.75,0.0,REP,REP,False
2024,congressional,nc_supreme_court_associate_justice_seat_02,congressional_nc_supreme_court_associate_justice_seat_02_2004.json,11,2579576,2579579,3,True,8.18,8.18,0.0,REP,REP,False
2024,congressional,nc_supreme_court_associate_justice_seat_02,congressional_nc_supreme_court_associate_justice_seat_02_2004.json,12,2579576,2579579,3,True,-7.72,-7.72,0.0,DEM,DEM,False
2024,congressional,nc_supreme_court_associate_justice_seat_02,congressional_nc_supreme_court_associate_justice_seat_02_2004.json,13,2579576,2579579,3,True,10.24,10.24,0.0,REP,REP,False
2024,congressional,nc_supreme_court_associate_justice_seat_02,congressional_nc_supreme_court_associate_justice_seat_02_2004.json,14,2579576,2579579,3,True,11.83,11.83,0.0,REP,REP,False
2024,congressional,nc_supreme_court_associate_justice_seat_04,congressional_nc_supreme_court_associate_justice_seat_04_2004.json,1,2710260,2710261,1,True,-35.5,-35.5,0.0,DEM,DEM,False
2024,congressional,nc_supreme_court_associate_justice_seat_04,congressional_nc_supreme_court_associate_justice_seat_04_2004.json,2,2710260,2710261,1,True,-35.12,-35.12,0.0,DEM,DEM,False
2024,congressional,nc_supreme_court_associate_justice_seat_04,congressional_nc_supreme_court_associate_justice_seat_04_2004.json,3,2710260,2710261,1,True,-24.09,-24.09,0.0,DEM,DEM,False
2024,congressional,nc_supreme_court_associate_justice_seat_04,congressional_nc_supreme_court_associate_justice_seat_04_2004.json,4,2710260,2710261,1,True,-46.85,-46.85,0.0,DEM,DEM,False
2024,congressional,nc_supreme_court_associate_justice_seat_04,congressional_nc_supreme_court_associate_justice_seat_04_2004.json,5,2710260,2710261,1,True,-29.11,-29.11,0.0,DEM,DEM,False
2024,congressional,nc_supreme_court_associate_justice_seat_04,congressional_nc_supreme_court_associate_justice_seat_04_2004.json,6,2710260,2710261,1,True,-24.15,-24.15,0.0,DEM,DEM,False
2024,congressional,nc_supreme_court_associate_justice_seat_04,congressional_nc_supreme_court_associate_justice_seat_04_2004.json,7,2710260,2710261,1,True,-20.84,-20.84,0.0,DEM,DEM,False
2024,congressional,nc_supreme_court_associate_justice_seat_04,congressional_nc_supreme_court_associate_justice_seat_04_2004.json,8,2710260,2710261,1,True,-20.87,-20.87,0.0,DEM,DEM,False
2024,congressional,nc_supreme_court_associate_justice_seat_04,congressional_nc_supreme_court_associate_justice_seat_04_2004.json,9,2710260,2710261,1,True,-19.75,-19.75,0.0,DEM,DEM,False
2024,congressional,nc_supreme_court_associate_justice_seat_04,congressional_nc_supreme_court_associate_justice_seat_04_2004.json,10,2710260,2710261,1,True,-26.01,-26.01,0.0,DEM,DEM,False
2024,congressional,nc_supreme_court_associate_justice_seat_04,congressional_nc_supreme_court_associate_justice_seat_04_2004.json,11,2710260,2710261,1,True,-21.39,-21.39,0.0,DEM,DEM,False
2024,congressional,nc_supreme_court_associate_justice_seat_04,congressional_nc_supreme_court_associate_justice_seat_04_2004.json,12,2710260,2710261,1,True,-43.76,-43.76,0.0,DEM,DEM,False
2024,congressional,nc_supreme_court_associate_justice_seat_04,congressional_nc_supreme_court_associate_justice_seat_04_2004.json,13,2710260,2710261,1,True,-23.87,-23.87,0.0,DEM,DEM,False
2024,congressional,nc_supreme_court_associate_justice_seat_04,congressional_nc_supreme_court_associate_justice_seat_04_2004.json,14,2710260,2710261,1,True,-19.3,-19.3,0.0,DEM,DEM,False
2024,congressional,president,congressional_president_2004.json,1,3501007,3501009,2,True,2.86,2.86,0.0,REP,REP,False
2024,congressional,president,congressional_president_2004.json,2,3501007,3501009,2,True,-5.33,-5.33,0.0,DEM,DEM,False
2024,congressional,president,congressional_president_2004.json,3,3501007,3501009,2,True,22.74,22.74,0.0,REP,REP,False
2024,congressional,president,congressional_president_2004.json,4,3501007,3501009,2,True,-23.74,-23.74,0.0,DEM,DEM,False
2024,congressional,president,congressional_president_2004.json,5,3501007,3501009,2,True,14.16,14.16,0.0,REP,REP,False
2024,congressional,president,congressional_president_2004.json,6,3501007,3501009,2,True,28.61,28.61,0.0,REP,REP,False
2024,congressional,president,congressional_president_2004.json,7,3501007,3501009,2,True,12.91,12.91,0.0,REP,REP,False
2024,congressional,president,congressional_president_2004.json,8,3501007,3501009,2,True,25.37,25.37,0.0,REP,REP,False
2024,congressional,president,congressional_president_2004.json,9,3501007,3501009,2,True,24.51,24.51,0.0,REP,REP,False
2024,congressional,president,congressional_president_2004.json,10,3501007,3501009,2,True,22.05,22.05,0.0,REP,REP,False
2024,congressional,president,congressional_president_2004.json,11,3501007,3501009,2,True,15.68,15.68,0.0,REP,REP,False
2024,congressional,president,congressional_president_2004.json,12,3501007,3501009,2,True,-21.13,-21.13,0.0,DEM,DEM,False
2024,congressional,president,congressional_president_2004.json,13,3501007,3501009,2,True,24.37,24.37,0.0,REP,REP,False
2024,congressional,president,congressional_president_2004.json,14,3501007,3501009,2,True,28.22,28.22,0.0,REP,REP,False
2024,congressional,secretary_of_state,congressional_secretary_of_state_2004.json,1,3334694,3334693,-1,True,-33.77,-33.77,0.0,DEM,DEM,False
2024,congressional,secretary_of_state,congressional_secretary_of_state_2004.json,2,3334694,3334693,-1,True,-28.92,-28.92,0.0,DEM,DEM,False
2024,congressional,secretary_of_state,congressional_secretary_of_state_2004.json,3,3334694,3334693,-1,True,-10.35,-10.35,0.0,DEM,DEM,False
2024,congressional,secretary_of_state,congressional_secretary_of_state_2004.json,4,3334694,3334693,-1,True,-42.37,-42.37,0.0,DEM,DEM,False
2024,congressional,secretary_of_state,congressional_secretary_of_state_2004.json,5,3334694,3334693,-1,True,-13.5,-13.5,0.0,DEM,DEM,False
2024,congressional,secretary_of_state,congressional_secretary_of_state_2004.json,6,3334694,3334693,-1,True,1.36,1.36,0.0,REP,REP,False
2024,congressional,secretary_of_state,congressional_secretary_of_state_2004.json,7,3334694,3334693,-1,True,-21.05,-21.05,0.0,DEM,DEM,False
2024,congressional,secretary_of_state,congressional_secretary_of_state_2004.json,8,3334694,3334693,-1,True,-0.41,-0.41,0.0,DEM,DEM,False
2024,congressional,secretary_of_state,congressional_secretary_of_state_2004.json,9,3334694,3334693,-1,True,-3.23,-3.23,0.0,DEM,DEM,False
2024,congressional,secretary_of_state,congressional_secretary_of_state_2004.json,10,3334694,3334693,-1,True,-2.84,-2.84,0.0,DEM,DEM,False
2024,congressional,secretary_of_state,congressional_secretary_of_state_2004.json,11,3334694,3334693,-1,True,-4.72,-4.72,0.0,DEM,DEM,False
2024,congressional,secretary_of_state,congressional_secretary_of_state_2004.json,12,3334694,3334693,-1,True,-32.48,-32.48,0.0,DEM,DEM,False
2024,congressional,secretary_of_state,congressional_secretary_of_state_2004.json,13,3334694,3334693,-1,True,-17.85,-17.85,0.0,DEM,DEM,False
2024,congressional,secretary_of_state,congressional_secretary_of_state_2004.json,14,3334694,3334693,-1,True,3.52,3.52,0.0,REP,REP,False
2024,congressional,superintendent,congressional_superintendent_2004.json,1,3302903,3302903,0,True,-18.11,-18.11,0.0,DEM,DEM,False
2024,congressional,superintendent,congressional_superintendent_2004.json,2,3302903,3302903,0,True,-10.45,-10.45,0.0,DEM,DEM,False
2024,congressional,superintendent,congressional_superintendent_2004.json,3,3302903,3302903,0,True,3.4,3.4,0.0,REP,REP,False
2024,congressional,superintendent,congressional_superintendent_2004.json,4,3302903,3302903,0,True,-27.45,-27.45,0.0,DEM,DEM,False
2024,congressional,superintendent,congressional_superintendent_2004.json,5,3302903,3302903,0,True,2.19,2.19,0.0,REP,REP,False
2024,congressional,superintendent,congressional_superintendent_2004.json,6,3302903,3302903,0,True,16.92,16.92,0.0,REP,REP,False
2024,congressional,superintendent,congressional_superintendent_2004.json,7,3302903,3302903,0,True,-5.97,-5.97,0.0,DEM,DEM,False
2024,congressional,superintendent,congressional_superintendent_2004.json,8,3302903,3302903,0,True,11.53,11.53,0.0,REP,REP,False
2024,congressional,superintendent,congressional_superintendent_2004.json,9,3302903,3302903,0,True,11.5,11.5,0.0,REP,REP,False
2024,congressional,superintendent,congressional_superintendent_2004.json,10,3302903,3302903,0,True,12.42,12.42,0.0,REP,REP,False
2024,congressional,superintendent,congressional_superintendent_2004.json,11,3302903,3302903,0,True,3.48,3.48,0.0,REP,REP,False
2024,congressional,superintendent,congressional_superintendent_2004.json,12,3302903,3302903,0,True,-27.39,-27.39,0.0,DEM,DEM,False
2024,congressional,superintendent,congressional_superintendent_2004.json,13,3302903,3302903,0,True,6.21,6.21,0.0,REP,REP,False
2024,congressional,superintendent,congressional_superintendent_2004.json,14,3302903,3302903,0,True,16.37,16.37,0.0,REP,REP,False
2024,congressional,treasurer,congressional_treasurer_2004.json,1,3324820,3324822,2,True,-29.64,-29.64,0.0,DEM,DEM,False
2024,congressional,treasurer,congressional_treasurer_2004.json,2,3324820,3324822,2,True,-25.88,-25.88,0.0,DEM,DEM,False
2024,congressional,treasurer,congressional_treasurer_2004.json,3,3324820,3324822,2,True,-1.54,-1.54,0.0,DEM,DEM,False
2024,congressional,treasurer,congressional_treasurer_2004.json,4,3324820,3324822,2,True,-38.97,-38.97,0.0,DEM,DEM,False
2024,congressional,treasurer,congressional_treasurer_2004.json,5,3324820,3324822,2,True,-5.6,-5.6,0.0,DEM,DEM,False
2024,congressional,treasurer,congressional_treasurer_2004.json,6,3324820,3324822,2,True,7.95,7.95,0.0,REP,REP,False
2024,congressional,treasurer,congressional_treasurer_2004.json,7,3324820,3324822,2,True,-11.48,-11.48,0.0,DEM,DEM,False
2024,congressional,treasurer,congressional_treasurer_2004.json,8,3324820,3324822,2,True,3.18,3.18,0.0,REP,REP,False
2024,congressional,treasurer,congressional_treasurer_2004.json,9,3324820,3324822,2,True,1.55,1.55,0.0,REP,REP,False
2024,congressional,treasurer,congressional_treasurer_2004.json,10,3324820,3324822,2,True,4.24,4.24,0.0,REP,REP,False
2024,congressional,treasurer,congressional_treasurer_2004.json,11,3324820,3324822,2,True,2.02,2.02,0.0,REP,REP,False
2024,congressional,treasurer,congressional_treasurer_2004.json,12,3324820,3324822,2,True,-29.94,-29.94,0.0,DEM,DEM,False
2024,congressional,treasurer,congressional_treasurer_2004.json,13,3324820,3324822,2,True,-13.21,-13.21,0.0,DEM,DEM,False
2024,congressional,treasurer,congressional_treasurer_2004.json,14,3324820,3324822,2,True,8.71,8.71,0.0,REP,REP,False
2024,congressional,us_senate,congressional_us_senate_2004.json,1,3472082,3472080,-2,True,-7.52,-7.52,0.0,DEM,DEM,False
2024,congressional,us_senate,congressional_us_senate_2004.json,2,3472082,3472080,-2,True,-11.41,-11.41,0.0,DEM,DEM,False
2024,congressional,us_senate,congressional_us_senate_2004.json,3,3472082,3472080,-2,True,13.12,13.12,0.0,REP,REP,False
2024,congressional,us_senate,congressional_us_senate_2004.json,4,3472082,3472080,-2,True,-27.75,-27.75,0.0,DEM,DEM,False
2024,congressional,us_senate,congressional_us_senate_2004.json,5,3472082,3472080,-2,True,8.05,8.05,0.0,REP,REP,False
2024,congressional,us_senate,congressional_us_senate_2004.json,6,3472082,3472080,-2,True,21.0,21.0,0.0,REP,REP,False
2024,congressional,us_senate,congressional_us_senate_2004.json,7,3472082,3472080,-2,True,3.39,3.39,0.0,REP,REP,False
2024,congressional,us_senate,congressional_us_senate_2004.json,8,3472082,3472080,-2,True,15.92,15.92,0.0,REP,REP,False
2024,congressional,us_senate,congressional_us_senate_2004.json,9,3472082,3472080,-2,True,15.57,15.57,0.0,REP,REP,False
2024,congressional,us_senate,congressional_us_senate_2004.json,10,3472082,3472080,-2,True,16.71,16.71,0.0,REP,REP,False
2024,congressional,us_senate,congressional_us_senate_2004.json,11,3472082,3472080,-2,True,8.01,8.01,0.0,REP,REP,False
2024,congressional,us_senate,congressional_us_senate_2004.json,12,3472082,3472080,-2,True,-27.52,-27.52,0.0,DEM,DEM,False
2024,congressional,us_senate,congressional_us_senate_2004.json,13,3472082,3472080,-2,True,13.96,13.96,0.0,REP,REP,False
2024,congressional,us_senate,congressional_us_senate_2004.json,14,3472082,3472080,-2,True,19.12,19.12,0.0,REP,REP,False
2024,state_house,agriculture_commissioner,state_house_agriculture_commissioner_2004.json,1,3330107,3330109,2,True,-6.79,-6.79,0.0,DEM,DEM,False
2024,state_house,agriculture_commissioner,state_house_agriculture_commissioner_2004.json,2,3330107,3330109,2,True,-18.32,-18.32,0.0,DEM,DEM,False
2024,state_house,agriculture_commissioner,state_house_agriculture_commissioner_2004.json,3,3330107,3330109,2,True,7.66,7.66,0.0,REP,REP,False
2024,state_house,agriculture_commissioner,state_house_agriculture_commissioner_2004.json,4,3330107,3330109,2,True,-11.79,-11.79,0.0,DEM,DEM,False
2024,state_house,agriculture_commissioner,state_house_agriculture_commissioner_2004.json,5,3330107,3330109,2,True,-29.43,-29.43,0.0,DEM,DEM,False
2024,state_house,agriculture_commissioner,state_house_agriculture_commissioner_2004.json,6,3330107,3330109,2,True,0.88,0.88,0.0,REP,REP,False
2024,state_house,agriculture_commissioner,state_house_agriculture_commissioner_2004.json,7,3330107,3330109,2,True,-12.97,-12.97,0.0,DEM,DEM,False
2024,state_house,agriculture_commissioner,state_house_agriculture_commissioner_2004.json,8,3330107,3330109,2,True,-28.2,-28.2,0.0,DEM,DEM,False
2024,state_house,agriculture_commissioner,state_house_agriculture_commissioner_2004.json,9,3330107,3330109,2,True,7.36,7.36,0.0,REP,REP,False
2024,state_house,agriculture_commissioner,state_house_agriculture_commissioner_2004.json,10,3330107,3330109,2,True,5.57,5.57,0.0,REP,REP,False
2024,state_house,agriculture_commissioner,state_house_agriculture_commissioner_2004.json,11,3330107,3330109,2,True,-5.69,-5.69,0.0,DEM,DEM,False
2024,state_house,agriculture_commissioner,state_house_agriculture_commissioner_2004.json,12,3330107,3330109,2,True,-10.33,-10.33,0.0,DEM,DEM,False
2024,state_house,agriculture_commissioner,state_house_agriculture_commissioner_2004.json,13,3330107,3330109,2,True,17.68,17.68,0.0,REP,REP,False
2024,state_house,agriculture_commissioner,state_house_agriculture_commissioner_2004.json,14,3330107,3330109,2,True,13.39,13.39,0.0,REP,REP,False
2024,state_house,agriculture_commissioner,state_house_agriculture_commissioner_2004.json,15,3330107,3330109,2,True,17.56,17.56,0.0,REP,REP,False
2024,state_house,agriculture_commissioner,state_house_agriculture_commissioner_2004.json,16,3330107,3330109,2,True,6.29,6.29,0.0,REP,REP,False
2024,state_house,agriculture_commissioner,state_house_agriculture_commissioner_2004.json,17,3330107,3330109,2,True,-0.19,-0.19,0.0,DEM,DEM,False
2024,state_house,agriculture_commissioner,state_house_agriculture_commissioner_2004.json,18,3330107,3330109,2,True,-20.61,-20.61,0.0,DEM,DEM,False
2024,state_house,agriculture_commissioner,state_house_agriculture_commissioner_2004.json,19,3330107,3330109,2,True,12.6,12.6,0.0,REP,REP,False
2024,state_house,agriculture_commissioner,state_house_agriculture_commissioner_2004.json,20,3330107,3330109,2,True,13.8,13.8,0.0,REP,REP,False
2024,state_house,agriculture_commissioner,state_house_agriculture_commissioner_2004.json,21,3330107,3330109,2,True,7.51,7.51,0.0,REP,REP,False
2024,state_house,agriculture_commissioner,state_house_agriculture_commissioner_2004.json,22,3330107,3330109,2,True,-18.54,-18.54,0.0,DEM,DEM,False
2024,state_house,agriculture_commissioner,state_house_agriculture_commissioner_2004.json,23,3330107,3330109,2,True,-47.79,-47.79,0.0,DEM,DEM,False
2024,state_house,agriculture_commissioner,state_house_agriculture_commissioner_2004.json,24,3330107,3330109,2,True,-22.67,-22.67,0.0,DEM,DEM,False
2024,state_house,agriculture_commissioner,state_house_agriculture_commissioner_2004.json,25,3330107,3330109,2,True,-11.89,-11.89,0.0,DEM,DEM,False
2024,state_house,agriculture_commissioner,state_house_agriculture_commissioner_2004.json,26,3330107,3330109,2,True,10.88,10.88,0.0,REP,REP,False
2024,state_house,agriculture_commissioner,state_house_agriculture_commissioner_2004.json,27,3330107,3330109,2,True,-49.14,-49.14,0.0,DEM,DEM,False
2024,state_house,agriculture_commissioner,state_house_agriculture_commissioner_2004.json,28,3330107,3330109,2,True,7.97,7.97,0.0,REP,REP,False
2024,state_house,agriculture_commissioner,state_house_agriculture_commissioner_2004.json,29,3330107,3330109,2,True,-45.92,-45.92,0.0,DEM,DEM,False
2024,state_house,agriculture_commissioner,state_house_agriculture_commissioner_2004.json,30,3330107,3330109,2,True,-51.86,-51.86,0.0,DEM,DEM,False
2024,state_house,agriculture_commissioner,state_house_agriculture_commissioner_2004.json,31,3330107,3330109,2,True,-55.42,-55.42,0.0,DEM,DEM,False
2024,state_house,agriculture_commissioner,state_house_agriculture_commissioner_2004.json,32,3330107,3330109,2,True,-32.59,-32.59,0.0,DEM,DEM,False
2024,state_house,agriculture_commissioner,state_house_agriculture_commissioner_2004.json,33,3330107,3330109,2,True,-21.88,-21.88,0.0,DEM,DEM,False
2024,state_house,agriculture_commissioner,state_house_agriculture_commissioner_2004.json,34,3330107,3330109,2,True,-17.72,-17.72,0.0,DEM,DEM,False
2024,state_house,agriculture_commissioner,state_house_agriculture_commissioner_2004.json,35,3330107,3330109,2,True,13.85,13.85,0.0,REP,REP,False
2024,state_house,agriculture_commissioner,state_house_agriculture_commissioner_2004.json,36,3330107,3330109,2,True,8.39,8.39,0.0,REP,REP,False
2024,state_house,agriculture_commissioner,state_house_agriculture_commissioner_2004.json,37,3330107,3330109,2,True,0.57,0.57,0.0,REP,REP,False
2024,state_house,agriculture_commissioner,state_house_agriculture_commissioner_2004.json,38,3330107,3330109,2,True,-64.98,-64.98,0.0,DEM,DEM,False
2024,state_house,agriculture_commissioner,state_house_agriculture_commissioner_2004.json,39,3330107,3330109,2,True,-15.27,-15.27,0.0,DEM,DEM,False
2024,state_house,agriculture_commissioner,state_house_agriculture_commissioner_2004.json,40,3330107,3330109,2,True,-1.18,-1.18,0.0,DEM,DEM,False
2024,state_house,agriculture_commissioner,state_house_agriculture_commissioner_2004.json,41,3330107,3330109,2,True,-1.46,-1.46,0.0,DEM,DEM,False
2024,state_house,agriculture_commissioner,state_house_agriculture_commissioner_2004.json,42,3330107,3330109,2,True,-33.49,-33.49,0.0,DEM,DEM,False
2024,state_house,agriculture_commissioner,state_house_agriculture_commissioner_2004.json,43,3330107,3330109,2,True,-4.73,-4.73,0.0,DEM,DEM,False
2024,state_house,agriculture_commissioner,state_house_agriculture_commissioner_2004.json,44,3330107,3330109,2,True,-21.25,-21.25,0.0,DEM,DEM,False
2024,state_house,agriculture_commissioner,state_house_agriculture_commissioner_2004.json,45,3330107,3330109,2,True,-7.06,-7.06,0.0,DEM,DEM,False
2024,state_house,agriculture_commissioner,state_house_agriculture_commissioner_2004.json,46,3330107,3330109,2,True,-38.81,-38.81,0.0,DEM,DEM,False
2024,state_house,agriculture_commissioner,state_house_agriculture_commissioner_2004.json,47,3330107,3330109,2,True,-57.5,-57.5,0.0,DEM,DEM,False
2024,state_house,agriculture_commissioner,state_house_agriculture_commissioner_2004.json,48,3330107,3330109,2,True,-26.54,-26.54,0.0,DEM,DEM,False
2024,state_house,agriculture_commissioner,state_house_agriculture_commissioner_2004.json,49,3330107,3330109,2,True,-25.35,-25.35,0.0,DEM,DEM,False
2024,state_house,agriculture_commissioner,state_house_agriculture_commissioner_2004.json,50,3330107,3330109,2,True,-30.48,-30.48,0.0,DEM,DEM,False
2024,state_house,agriculture_commissioner,state_house_agriculture_commissioner_2004.json,51,3330107,3330109,2,True,2.22,2.22,0.0,REP,REP,False
2024,state_house,agriculture_commissioner,state_house_agriculture_commissioner_2004.json,52,3330107,3330109,2,True,-2.41,-2.41,0.0,DEM,DEM,False
2024,state_house,agriculture_commissioner,state_house_agriculture_commissioner_2004.json,53,3330107,3330109,2,True,15.62,15.62,0.0,REP,REP,False
2024,state_house,agriculture_commissioner,state_house_agriculture_commissioner_2004.json,54,3330107,3330109,2,True,-6.43,-6.43,0.0,DEM,DEM,False
2024,state_house,agriculture_commissioner,state_house_agriculture_commissioner_2004.json,55,3330107,3330109,2,True,0.96,0.96,0.0,REP,REP,False
2024,state_house,agriculture_commissioner,state_house_agriculture_commissioner_2004.json,56,3330107,3330109,2,True,-39.58,-39.58,0.0,DEM,DEM,False
2024,state_house,agriculture_commissioner,state_house_agriculture_commissioner_2004.json,57,3330107,3330109,2,True,-2.25,-2.25,0.0,DEM,DEM,False
2024,state_house,agriculture_commissioner,state_house_agriculture_commissioner_2004.json,58,3330107,3330109,2,True,-29.51,-29.51,0.0,DEM,DEM,False
2024,state_house,agriculture_commissioner,state_house_agriculture_commissioner_2004.json,59,3330107,3330109,2,True,44.6,44.6,0.0,REP,REP,False
2024,state_house,agriculture_commissioner,state_house_agriculture_commissioner_2004.json,60,3330107,3330109,2,True,-6.77,-6.77,0.0,DEM,DEM,False
2024,state_house,agriculture_commissioner,state_house_agriculture_commissioner_2004.json,61,3330107,3330109,2,True,-29.75,-29.75,0.0,DEM,DEM,False
2024,state_house,agriculture_commissioner,state_house_agriculture_commissioner_2004.json,62,3330107,3330109,2,True,37.56,37.56,0.0,REP,REP,False
2024,state_house,agriculture_commissioner,state_house_agriculture_commissioner_2004.json,63,3330107,3330109,2,True,10.06,10.06,0.0,REP,REP,False
2024,state_house,agriculture_commissioner,state_house_agriculture_commissioner_2004.json,64,3330107,3330109,2,True,13.67,13.67,0.0,REP,REP,False
2024,state_house,agriculture_commissioner,state_house_agriculture_commissioner_2004.json,65,3330107,3330109,2,True,22.31,22.31,0.0,REP,REP,False
2024,state_house,agriculture_commissioner,state_house_agriculture_commissioner_2004.json,66,3330107,3330109,2,True,-14.9,-14.9,0.0,DEM,DEM,False
2024,state_house,agriculture_commissioner,state_house_agriculture_commissioner_2004.json,67,3330107,3330109,2,True,19.62,19.62,0.0,REP,REP,False
2024,state_house,agriculture_commissioner,state_house_agriculture_commissioner_2004.json,68,3330107,3330109,2,True,41.98,41.98,0.0,REP,REP,False
2024,state_house,agriculture_commissioner,state_house_agriculture_commissioner_2004.json,69,3330107,3330109,2,True,41.71,41.71,0.0,REP,REP,False
2024,state_house,agriculture_commissioner,state_house_agriculture_commissioner_2004.json,70,3330107,3330109,2,True,46.01,46.01,0.0,REP,REP,False
2024,state_house,agriculture_commissioner,state_house_agriculture_commissioner_2004.json,71,3330107,3330109,2,True,-12.48,-12.48,0.0,DEM,DEM,False
2024,state_house,agriculture_commissioner,state_house_agriculture_commissioner_2004.json,72,3330107,3330109,2,True,-30.71,-30.71,0.0,DEM,DEM,False
2024,state_house,agriculture_commissioner,state_house_agriculture_commissioner_2004.json,73,3330107,3330109,2,True,23.08,23.08,0.0,REP,REP,False
2024,state_house,agriculture_commissioner,state_house_agriculture_commissioner_2004.json,74,3330107,3330109,2,True,34.43,34.43,0.0,REP,REP,False
2024,state_house,agriculture_commissioner,state_house_agriculture_commissioner_2004.json,75,3330107,3330109,2,True,31.49,31.49,0.0,REP,REP,False
2024,state_house,agriculture_commissioner,state_house_agriculture_commissioner_2004.json,76,3330107,3330109,2,True,16.03,16.03,0.0,REP,REP,False
2024,state_house,agriculture_commissioner,state_house_agriculture_commissioner_2004.json,77,3330107,3330109,2,True,43.38,43.38,0.0,REP,REP,False
2024,state_house,agriculture_commissioner,state_house_agriculture_commissioner_2004.json,78,3330107,3330109,2,True,32.97,32.97,0.0,REP,REP,False
2024,state_house,agriculture_commissioner,state_house_agriculture_commissioner_2004.json,79,3330107,3330109,2,True,-1.42,-1.42,0.0,DEM,DEM,False
2024,state_house,agriculture_commissioner,state_house_agriculture_commissioner_2004.json,80,3330107,3330109,2,True,43.16,43.16,0.0,REP,REP,False
2024,state_house,agriculture_commissioner,state_house_agriculture_commissioner_2004.json,81,3330107,3330109,2,True,27.22,27.22,0.0,REP,REP,False
2024,state_house,agriculture_commissioner,state_house_agriculture_commissioner_2004.json,82,3330107,3330109,2,True,34.04,34.04,0.0,REP,REP,False
2024,state_house,agriculture_commissioner,state_house_agriculture_commissioner_2004.json,83,3330107,3330109,2,True,32.08,32.08,0.0,REP,REP,False
2024,state_house,agriculture_commissioner,state_house_agriculture_commissioner_2004.json,84,3330107,3330109,2,True,14.85,14.85,0.0,REP,REP,False
2024,state_house,agriculture_commissioner,state_house_agriculture_commissioner_2004.json,85,3330107,3330109,2,True,23.42,23.42,0.0,REP,REP,False
2024,state_house,agriculture_commissioner,state_house_agriculture_commissioner_2004.json,86,3330107,3330109,2,True,11.96,11.96,0.0,REP,REP,False
2024,state_house,agriculture_commissioner,state_house_agriculture_commissioner_2004.json,87,3330107,3330109,2,True,22.86,22.86,0.0,REP,REP,False
2024,state_house,agriculture_commissioner,state_house_agriculture_commissioner_2004.json,88,3330107,3330109,2,True,-23.72,-23.72,0.0,DEM,DEM,False
2024,state_house,agriculture_commissioner,state_house_agriculture_commissioner_2004.json,89,3330107,3330109,2,True,31.35,31.35,0.0,REP,REP,False
2024,state_house,agriculture_commissioner,state_house_agriculture_commissioner_2004.json,90,3330107,3330109,2,True,27.64,27.64,0.0,REP,REP,False
2024,state_house,agriculture_commissioner,state_house_agriculture_commissioner_2004.json,91,3330107,3330109,2,True,21.76,21.76,0.0,REP,REP,False
2024,state_house,agriculture_commissioner,state_house_agriculture_commissioner_2004.json,92,3330107,3330109,2,True,-12.0,-12.0,0.0,DEM,DEM,False
2024,state_house,agriculture_commissioner,state_house_agriculture_commissioner_2004.json,93,3330107,3330109,2,True,4.04,4.04,0.0,REP,REP,False
2024,state_house,agriculture_commissioner,state_house_agriculture_commissioner_2004.json,94,3330107,3330109,2,True,28.61,28.61,0.0,REP,REP,False
2024,state_house,agriculture_commissioner,state_house_agriculture_commissioner_2004.json,95,3330107,3330109,2,True,31.97,31.97,0.0,REP,REP,False
2024,state_house,agriculture_commissioner,state_house_agriculture_commissioner_2004.json,96,3330107,3330109,2,True,27.82,27.82,0.0,REP,REP,False
2024,state_house,agriculture_commissioner,state_house_agriculture_commissioner_2004.json,97,3330107,3330109,2,True,23.98,23.98,0.0,REP,REP,False
2024,state_house,agriculture_commissioner,state_house_agriculture_commissioner_2004.json,98,3330107,3330109,2,True,27.82,27.82,0.0,REP,REP,False
2024,state_house,agriculture_commissioner,state_house_agriculture_commissioner_2004.json,99,3330107,3330109,2,True,-42.37,-42.37,0.0,DEM,DEM,False
2024,state_house,agriculture_commissioner,state_house_agriculture_commissioner_2004.json,100,3330107,3330109,2,True,-2.82,-2.82,0.0,DEM,DEM,False
2024,state_house,agriculture_commissioner,state_house_agriculture_commissioner_2004.json,101,3330107,3330109,2,True,-2.04,-2.04,0.0,DEM,DEM,False
2024,state_house,agriculture_commissioner,state_house_agriculture_commissioner_2004.json,102,3330107,3330109,2,True,-37.24,-37.24,0.0,DEM,DEM,False
2024,state_house,agriculture_commissioner,state_house_agriculture_commissioner_2004.json,103,3330107,3330109,2,True,24.49,24.49,0.0,REP,REP,False
2024,state_house,agriculture_commissioner,state_house_agriculture_commissioner_2004.json,104,3330107,3330109,2,True,17.48,17.48,0.0,REP,REP,False
2024,state_house,agriculture_commissioner,state_house_agriculture_commissioner_2004.json,105,3330107,3330109,2,True,35.08,35.08,0.0,REP,REP,False
2024,state_house,agriculture_commissioner,state_house_agriculture_commissioner_2004.json,106,3330107,3330109,2,True,-8.97,-8.97,0.0,DEM,DEM,False
2024,state_house,agriculture_commissioner,state_house_agriculture_commissioner_2004.json,107,3330107,3330109,2,True,-72.53,-72.53,0.0,DEM,DEM,False
2024,state_house,agriculture_commissioner,state_house_agriculture_commissioner_2004.json,108,3330107,3330109,2,True,26.74,26.74,0.0,REP,REP,False
2024,state_house,agriculture_commissioner,state_house_agriculture_commissioner_2004.json,109,3330107,3330109,2,True,23.55,23.55,0.0,REP,REP,False
2024,state_house,agriculture_commissioner,state_house_agriculture_commissioner_2004.json,110,3330107,3330109,2,True,10.1,10.1,0.0,REP,REP,False
2024,state_house,agriculture_commissioner,state_house_agriculture_commissioner_2004.json,111,3330107,3330109,2,True,7.42,7.42,0.0,REP,REP,False
2024,state_house,agriculture_commissioner,state_house_agriculture_commissioner_2004.json,112,3330107,3330109,2,True,-42.96,-42.96,0.0,DEM,DEM,False
2024,state_house,agriculture_commissioner,state_house_agriculture_commissioner_2004.json,113,3330107,3330109,2,True,13.14,13.14,0.0,REP,REP,False
2024,state_house,agriculture_commissioner,state_house_agriculture_commissioner_2004.json,114,3330107,3330109,2,True,3.11,3.11,0.0,REP,REP,False
2024,state_house,agriculture_commissioner,state_house_agriculture_commissioner_2004.json,115,3330107,3330109,2,True,-9.02,-9.02,0.0,DEM,DEM,False
2024,state_house,agriculture_commissioner,state_house_agriculture_commissioner_2004.json,116,3330107,3330109,2,True,-16.49,-16.49,0.0,DEM,DEM,False
2024,state_house,agriculture_commissioner,state_house_agriculture_commissioner_2004.json,117,3330107,3330109,2,True,23.15,23.15,0.0,REP,REP,False
2024,state_house,agriculture_commissioner,state_house_agriculture_commissioner_2004.json,118,3330107,3330109,2,True,-3.37,-3.37,0.0,DEM,DEM,False
2024,state_house,agriculture_commissioner,state_house_agriculture_commissioner_2004.json,119,3330107,3330109,2,True,0.47,0.47,0.0,REP,REP,False
2024,state_house,agriculture_commissioner,state_house_agriculture_commissioner_2004.json,120,3330107,3330109,2,True,18.02,18.02,0.0,REP,REP,False
2024,state_house,attorney_general,state_house_attorney_general_2004.json,1,3366218,3366220,2,True,-4.91,-4.91,0.0,DEM,DEM,False
2024,state_house,attorney_general,state_house_attorney_general_2004.json,2,3366218,3366220,2,True,-28.62,-28.62,0.0,DEM,DEM,False
2024,state_house,attorney_general,state_house_attorney_general_2004.json,3,3366218,3366220,2,True,6.19,6.19,0.0,REP,REP,False
2024,state_house,attorney_general,state_house_attorney_general_2004.json,4,3366218,3366220,2,True,-19.5,-19.5,0.0,DEM,DEM,False
2024,state_house,attorney_general,state_house_attorney_general_2004.json,5,3366218,3366220,2,True,-24.83,-24.83,0.0,DEM,DEM,False
2024,state_house,attorney_general,state_house_attorney_general_2004.json,6,3366218,3366220,2,True,-11.59,-11.59,0.0,DEM,DEM,False
2024,state_house,attorney_general,state_house_attorney_general_2004.json,7,3366218,3366220,2,True,-26.54,-26.54,0.0,DEM,DEM,False
2024,state_house,attorney_general,state_house_attorney_general_2004.json,8,3366218,3366220,2,True,-31.96,-31.96,0.0,DEM,DEM,False
2024,state_house,attorney_general,state_house_attorney_general_2004.json,9,3366218,3366220,2,True,-0.11,-0.11,0.0,DEM,DEM,False
2024,state_house,attorney_general,state_house_attorney_general_2004.json,10,3366218,3366220,2,True,-5.35,-5.35,0.0,DEM,DEM,False
2024,state_house,attorney_general,state_house_attorney_general_2004.json,11,3366218,3366220,2,True,-14.74,-14.74,0.0,DEM,DEM,False
2024,state_house,attorney_general,state_house_attorney_general_2004.json,12,3366218,3366220,2,True,-16.89,-16.89,0.0,DEM,DEM,False
2024,state_house,attorney_general,state_house_attorney_general_2004.json,13,3366218,3366220,2,True,13.11,13.11,0.0,REP,REP,False
2024,state_house,attorney_general,state_house_attorney_general_2004.json,14,3366218,3366220,2,True,8.5,8.5,0.0,REP,REP,False
2024,state_house,attorney_general,state_house_attorney_general_2004.json,15,3366218,3366220,2,True,14.21,14.21,0.0,REP,REP,False
2024,state_house,attorney_general,state_house_attorney_general_2004.json,16,3366218,3366220,2,True,3.08,3.08,0.0,REP,REP,False
2024,state_house,attorney_general,state_house_attorney_general_2004.json,17,3366218,3366220,2,True,-3.47,-3.47,0.0,DEM,DEM,False
2024,state_house,attorney_general,state_house_attorney_general_2004.json,18,3366218,3366220,2,True,-24.9,-24.9,0.0,DEM,DEM,False
2024,state_house,attorney_general,state_house_attorney_general_2004.json,19,3366218,3366220,2,True,4.78,4.78,0.0,REP,REP,False
2024,state_house,attorney_general,state_house_attorney_general_2004.json,20,3366218,3366220,2,True,8.38,8.38,0.0,REP,REP,False
2024,state_house,attorney_general,state_house_attorney_general_2004.json,21,3366218,3366220,2,True,-3.6,-3.6,0.0,DEM,DEM,False
2024,state_house,attorney_general,state_house_attorney_general_2004.json,22,3366218,3366220,2,True,-24.12,-24.12,0.0,DEM,DEM,False
2024,state_house,attorney_general,state_house_attorney_general_2004.json,23,3366218,3366220,2,True,-53.02,-53.02,0.0,DEM,DEM,False
2024,state_house,attorney_general,state_house_attorney_general_2004.json,24,3366218,3366220,2,True,-26.28,-26.28,0.0,DEM,DEM,False
2024,state_house,attorney_general,state_house_attorney_general_2004.json,25,3366218,3366220,2,True,-41.47,-41.47,0.0,DEM,DEM,False
2024,state_house,attorney_general,state_house_attorney_general_2004.json,26,3366218,3366220,2,True,-1.4,-1.4,0.0,DEM,DEM,False
2024,state_house,attorney_general,state_house_attorney_general_2004.json,27,3366218,3366220,2,True,-56.86,-56.86,0.0,DEM,DEM,False
2024,state_house,attorney_general,state_house_attorney_general_2004.json,28,3366218,3366220,2,True,-8.39,-8.39,0.0,DEM,DEM,False
2024,state_house,attorney_general,state_house_attorney_general_2004.json,29,3366218,3366220,2,True,-48.46,-48.46,0.0,DEM,DEM,False
2024,state_house,attorney_general,state_house_attorney_general_2004.json,30,3366218,3366220,2,True,-51.97,-51.97,0.0,DEM,DEM,False
2024,state_house,attorney_general,state_house_attorney_general_2004.json,31,3366218,3366220,2,True,-59.77,-59.77,0.0,DEM,DEM,False
2024,state_house,attorney_general,state_house_attorney_general_2004.json,32,3366218,3366220,2,True,-35.38,-35.38,0.0,DEM,DEM,False
2024,state_house,attorney_general,state_house_attorney_general_2004.json,33,3366218,3366220,2,True,-28.16,-28.16,0.0,DEM,DEM,False
2024,state_house,attorney_general,state_house_attorney_general_2004.json,34,3366218,3366220,2,True,-20.44,-20.44,0.0,DEM,DEM,False
2024,state_house,attorney_general,state_house_attorney_general_2004.json,35,3366218,3366220,2,True,7.3,7.3,0.0,REP,REP,False
2024,state_house,attorney_general,state_house_attorney_general_2004.json,36,3366218,3366220,2,True,0.03,0.03,0.0,REP,REP,False
2024,state_house,attorney_general,state_house_attorney_general_2004.json,37,3366218,3366220,2,True,-6.95,-6.95,0.0,DEM,DEM,False
2024,state_house,attorney_general,state_house_attorney_general_2004.json,38,3366218,3366220,2,True,-66.25,-66.25,0.0,DEM,DEM,False
2024,state_house,attorney_general,state_house_attorney_general_2004.json,39,3366218,3366220,2,True,-17.33,-17.33,0.0,DEM,DEM,False
2024,state_house,attorney_general,state_house_attorney_general_2004.json,40,3366218,3366220,2,True,-8.16,-8.16,0.0,DEM,DEM,False
2024,state_house,attorney_general,state_house_attorney_general_2004.json,41,3366218,3366220,2,True,-11.48,-11.48,0.0,DEM,DEM,False
2024,state_house,attorney_general,state_house_attorney_general_2004.json,42,3366218,3366220,2,True,-38.81,-38.81,0.0,DEM,DEM,False
2024,state_house,attorney_general,state_house_attorney_general_2004.json,43,3366218,3366220,2,True,-15.35,-15.35,0.0,DEM,DEM,False
2024,state_house,attorney_general,state_house_attorney_general_2004.json,44,3366218,3366220,2,True,-29.6,-29.6,0.0,DEM,DEM,False
2024,state_house,attorney_general,state_house_attorney_general_2004.json,45,3366218,3366220,2,True,-16.77,-16.77,0.0,DEM,DEM,False
2024,state_house,attorney_general,state_house_attorney_general_2004.json,46,3366218,3366220,2,True,-35.09,-35.09,0.0,DEM,DEM,False
2024,state_house,attorney_general,state_house_attorney_general_2004.json,47,3366218,3366220,2,True,-52.6,-52.6,0.0,DEM,DEM,False
2024,state_house,attorney_general,state_house_attorney_general_2004.json,48,3366218,3366220,2,True,-32.81,-32.81,0.0,DEM,DEM,False
2024,state_house,attorney_general,state_house_attorney_general_2004.json,49,3366218,3366220,2,True,-26.81,-26.81,0.0,DEM,DEM,False
2024,state_house,attorney_general,state_house_attorney_general_2004.json,50,3366218,3366220,2,True,-38.7,-38.7,0.0,DEM,DEM,False
2024,state_house,attorney_general,state_house_attorney_general_2004.json,51,3366218,3366220,2,True,-14.18,-14.18,0.0,DEM,DEM,False
2024,state_house,attorney_general,state_house_attorney_general_2004.json,52,3366218,3366220,2,True,-18.1,-18.1,0.0,DEM,DEM,False
2024,state_house,attorney_general,state_house_attorney_general_2004.json,53,3366218,3366220,2,True,0.91,0.91,0.0,REP,REP,False
2024,state_house,attorney_general,state_house_attorney_general_2004.json,54,3366218,3366220,2,True,-20.78,-20.78,0.0,DEM,DEM,False
2024,state_house,attorney_general,state_house_attorney_general_2004.json,55,3366218,3366220,2,True,-11.71,-11.71,0.0,DEM,DEM,False
2024,state_house,attorney_general,state_house_attorney_general_2004.json,56,3366218,3366220,2,True,-41.52,-41.52,0.0,DEM,DEM,False
2024,state_house,attorney_general,state_house_attorney_general_2004.json,57,3366218,3366220,2,True,-26.47,-26.47,0.0,DEM,DEM,False
2024,state_house,attorney_general,state_house_attorney_general_2004.json,58,3366218,3366220,2,True,-45.38,-45.38,0.0,DEM,DEM,False
2024,state_house,attorney_general,state_house_attorney_general_2004.json,59,3366218,3366220,2,True,10.87,10.87,0.0,REP,REP,False
2024,state_house,attorney_general,state_house_attorney_general_2004.json,60,3366218,3366220,2,True,-22.19,-22.19,0.0,DEM,DEM,False
2024,state_house,attorney_general,state_house_attorney_general_2004.json,61,3366218,3366220,2,True,-48.51,-48.51,0.0,DEM,DEM,False
2024,state_house,attorney_general,state_house_attorney_general_2004.json,62,3366218,3366220,2,True,11.88,11.88,0.0,REP,REP,False
2024,state_house,attorney_general,state_house_attorney_general_2004.json,63,3366218,3366220,2,True,-7.97,-7.97,0.0,DEM,DEM,False
2024,state_house,attorney_general,state_house_attorney_general_2004.json,64,3366218,3366220,2,True,-5.09,-5.09,0.0,DEM,DEM,False
2024,state_house,attorney_general,state_house_attorney_general_2004.json,65,3366218,3366220,2,True,-15.47,-15.47,0.0,DEM,DEM,False
2024,state_house,attorney_general,state_house_attorney_general_2004.json,66,3366218,3366220,2,True,-20.1,-20.1,0.0,DEM,DEM,False
2024,state_house,attorney_general,state_house_attorney_general_2004.json,67,3366218,3366220,2,True,2.87,2.87,0.0,REP,REP,False
2024,state_house,attorney_general,state_house_attorney_general_2004.json,68,3366218,3366220,2,True,31.48,31.48,0.0,REP,REP,False
2024,state_house,attorney_general,state_house_attorney_general_2004.json,69,3366218,3366220,2,True,30.45,30.45,0.0,REP,REP,False
2024,state_house,attorney_general,state_house_attorney_general_2004.json,70,3366218,3366220,2,True,19.69,19.69,0.0,REP,REP,False
2024,state_house,attorney_general,state_house_attorney_general_2004.json,71,3366218,3366220,2,True,-29.12,-29.12,0.0,DEM,DEM,False
2024,state_house,attorney_general,state_house_attorney_general_2004.json,72,3366218,3366220,2,True,-45.26,-45.26,0.0,DEM,DEM,False
2024,state_house,attorney_general,state_house_attorney_general_2004.json,73,3366218,3366220,2,True,5.26,5.26,0.0,REP,REP,False
2024,state_house,attorney_general,state_house_attorney_general_2004.json,74,3366218,3366220,2,True,11.43,11.43,0.0,REP,REP,False
2024,state_house,attorney_general,state_house_attorney_general_2004.json,75,3366218,3366220,2,True,9.02,9.02,0.0,REP,REP,False
2024,state_house,attorney_general,state_house_attorney_general_2004.json,76,3366218,3366220,2,True,-5.01,-5.01,0.0,DEM,DEM,False
2024,state_house,attorney_general,state_house_attorney_general_2004.json,77,3366218,3366220,2,True,18.01,18.01,0.0,REP,REP,False
2024,state_house,attorney_general,state_house_attorney_general_2004.json,78,3366218,3366220,2,True,13.85,13.85,0.0,REP,REP,False
2024,state_house,attorney_general,state_house_attorney_general_2004.json,79,3366218,3366220,2,True,-2.67,-2.67,0.0,DEM,DEM,False
2024,state_house,attorney_general,state_house_attorney_general_2004.json,80,3366218,3366220,2,True,19.17,19.17,0.0,REP,REP,False
2024,state_house,attorney_general,state_house_attorney_general_2004.json,81,3366218,3366220,2,True,2.19,2.19,0.0,REP,REP,False
2024,state_house,attorney_general,state_house_attorney_general_2004.json,82,3366218,3366220,2,True,18.14,18.14,0.0,REP,REP,False
2024,state_house,attorney_general,state_house_attorney_general_2004.json,83,3366218,3366220,2,True,11.1,11.1,0.0,REP,REP,False
2024,state_house,attorney_general,state_house_attorney_general_2004.json,84,3366218,3366220,2,True,0.92,0.92,0.0,REP,REP,False
2024,state_house,attorney_general,state_house_attorney_general_2004.json,85,3366218,3366220,2,True,11.64,11.64,0.0,REP,REP,False
2024,state_house,attorney_general,state_house_attorney_general_2004.json,86,3366218,3366220,2,True,-2.15,-2.15,0.0,DEM,DEM,False
2024,state_house,attorney_general,state_house_attorney_general_2004.json,87,3366218,3366220,2,True,8.83,8.83,0.0,REP,REP,False
2024,state_house,attorney_general,state_house_attorney_general_2004.json,88,3366218,3366220,2,True,-31.17,-31.17,0.0,DEM,DEM,False
2024,state_house,attorney_general,state_house_attorney_general_2004.json,89,3366218,3366220,2,True,15.93,15.93,0.0,REP,REP,False
2024,state_house,attorney_general,state_house_attorney_general_2004.json,90,3366218,3366220,2,True,5.35,5.35,0.0,REP,REP,False
2024,state_house,attorney_general,state_house_attorney_general_2004.json,91,3366218,3366220,2,True,0.51,0.51,0.0,REP,REP,False
2024,state_house,attorney_general,state_house_attorney_general_2004.json,92,3366218,3366220,2,True,-18.65,-18.65,0.0,DEM,DEM,False
2024,state_house,attorney_general,state_house_attorney_general_2004.json,93,3366218,3366220,2,True,-6.41,-6.41,0.0,DEM,DEM,False
2024,state_house,attorney_general,state_house_attorney_general_2004.json,94,3366218,3366220,2,True,9.61,9.61,0.0,REP,REP,False
2024,state_house,attorney_general,state_house_attorney_general_2004.json,95,3366218,3366220,2,True,17.92,17.92,0.0,REP,REP,False
2024,state_house,attorney_general,state_house_attorney_general_2004.json,96,3366218,3366220,2,True,12.88,12.88,0.0,REP,REP,False
2024,state_house,attorney_general,state_house_attorney_general_2004.json,97,3366218,3366220,2,True,9.15,9.15,0.0,REP,REP,False
2024,state_house,attorney_general,state_house_attorney_general_2004.json,98,3366218,3366220,2,True,18.08,18.08,0.0,REP,REP,False
2024,state_house,attorney_general,state_house_attorney_general_2004.json,99,3366218,3366220,2,True,-47.17,-47.17,0.0,DEM,DEM,False
2024,state_house,attorney_general,state_house_attorney_general_2004.json,100,3366218,3366220,2,True,-11.15,-11.15,0.0,DEM,DEM,False
2024,state_house,attorney_general,state_house_attorney_general_2004.json,101,3366218,3366220,2,True,-11.02,-11.02,0.0,DEM,DEM,False
2024,state_house,attorney_general,state_house_attorney_general_2004.json,102,3366218,3366220,2,True,-43.94,-43.94,0.0,DEM,DEM,False
2024,state_house,attorney_general,state_house_attorney_general_2004.json,103,3366218,3366220,2,True,15.3,15.3,0.0,REP,REP,False
2024,state_house,attorney_general,state_house_attorney_general_2004.json,104,3366218,3366220,2,True,6.24,6.24,0.0,REP,REP,False
2024,state_house,attorney_general,state_house_attorney_general_2004.json,105,3366218,3366220,2,True,23.66,23.66,0.0,REP,REP,False
2024,state_house,attorney_general,state_house_attorney_general_2004.json,106,3366218,3366220,2,True,-16.28,-16.28,0.0,DEM,DEM,False
2024,state_house,attorney_general,state_house_attorney_general_2004.json,107,3366218,3366220,2,True,-75.17,-75.17,0.0,DEM,DEM,False
2024,state_house,attorney_general,state_house_attorney_general_2004.json,108,3366218,3366220,2,True,12.39,12.39,0.0,REP,REP,False
2024,state_house,attorney_general,state_house_attorney_general_2004.json,109,3366218,3366220,2,True,8.68,8.68,0.0,REP,REP,False
2024,state_house,attorney_general,state_house_attorney_general_2004.json,110,3366218,3366220,2,True,-3.54,-3.54,0.0,DEM,DEM,False
2024,state_house,attorney_general,state_house_attorney_general_2004.json,111,3366218,3366220,2,True,-3.99,-3.99,0.0,DEM,DEM,False
2024,state_house,attorney_general,state_house_attorney_general_2004.json,112,3366218,3366220,2,True,-48.22,-48.22,0.0,DEM,DEM,False
2024,state_house,attorney_general,state_house_attorney_general_2004.json,113,3366218,3366220,2,True,7.8,7.8,0.0,REP,REP,False
2024,state_house,attorney_general,state_house_attorney_general_2004.json,114,3366218,3366220,2,True,-7.99,-7.99,0.0,DEM,DEM,False
2024,state_house,attorney_general,state_house_attorney_general_2004.json,115,3366218,3366220,2,True,-20.24,-20.24,0.0,DEM,DEM,False
2024,state_house,attorney_general,state_house_attorney_general_2004.json,116,3366218,3366220,2,True,-26.78,-26.78,0.0,DEM,DEM,False
2024,state_house,attorney_general,state_house_attorney_general_2004.json,117,3366218,3366220,2,True,16.47,16.47,0.0,REP,REP,False
2024,state_house,attorney_general,state_house_attorney_general_2004.json,118,3366218,3366220,2,True,-15.16,-15.16,0.0,DEM,DEM,False
2024,state_house,attorney_general,state_house_attorney_general_2004.json,119,3366218,3366220,2,True,-5.25,-5.25,0.0,DEM,DEM,False
2024,state_house,attorney_general,state_house_attorney_general_2004.json,120,3366218,3366220,2,True,15.25,15.25,0.0,REP,REP,False
2024,state_house,auditor,state_house_auditor_2004.json,1,3295993,3295991,-2,True,-1.4,-1.4,0.0,DEM,DEM,False
2024,state_house,auditor,state_house_auditor_2004.json,2,3295993,3295991,-2,True,-14.92,-14.92,0.0,DEM,DEM,False
2024,state_house,auditor,state_house_auditor_2004.json,3,3295993,3295991,-2,True,13.03,13.03,0.0,REP,REP,False
2024,state_house,auditor,state_house_auditor_2004.json,4,3295993,3295991,-2,True,-6.84,-6.84,0.0,DEM,DEM,False
2024,state_house,auditor,state_house_auditor_2004.json,5,3295993,3295991,-2,True,-23.7,-23.7,0.0,DEM,DEM,False
2024,state_house,auditor,state_house_auditor_2004.json,6,3295993,3295991,-2,True,4.43,4.43,0.0,REP,REP,False
2024,state_house,auditor,state_house_auditor_2004.json,7,3295993,3295991,-2,True,-12.69,-12.69,0.0,DEM,DEM,False
2024,state_house,auditor,state_house_auditor_2004.json,8,3295993,3295991,-2,True,-24.3,-24.3,0.0,DEM,DEM,False
2024,state_house,auditor,state_house_auditor_2004.json,9,3295993,3295991,-2,True,10.99,10.99,0.0,REP,REP,False
2024,state_house,auditor,state_house_auditor_2004.json,10,3295993,3295991,-2,True,8.85,8.85,0.0,REP,REP,False
2024,state_house,auditor,state_house_auditor_2004.json,11,3295993,3295991,-2,True,-0.38,-0.38,0.0,DEM,DEM,False
2024,state_house,auditor,state_house_auditor_2004.json,12,3295993,3295991,-2,True,-7.74,-7.74,0.0,DEM,DEM,False
2024,state_house,auditor,state_house_auditor_2004.json,13,3295993,3295991,-2,True,22.76,22.76,0.0,REP,REP,False
2024,state_house,auditor,state_house_auditor_2004.json,14,3295993,3295991,-2,True,19.88,19.88,0.0,REP,REP,False
2024,state_house,auditor,state_house_auditor_2004.json,15,3295993,3295991,-2,True,26.11,26.11,0.0,REP,REP,False
2024,state_house,auditor,state_house_auditor_2004.json,16,3295993,3295991,-2,True,12.42,12.42,0.0,REP,REP,False
2024,state_house,auditor,state_house_auditor_2004.json,17,3295993,3295991,-2,True,5.03,5.03,0.0,REP,REP,False
2024,state_house,auditor,state_house_auditor_2004.json,18,3295993,3295991,-2,True,-11.93,-11.93,0.0,DEM,DEM,False
2024,state_house,auditor,state_house_auditor_2004.json,19,3295993,3295991,-2,True,19.75,19.75,0.0,REP,REP,False
2024,state_house,auditor,state_house_auditor_2004.json,20,3295993,3295991,-2,True,24.91,24.91,0.0,REP,REP,False
2024,state_house,auditor,state_house_auditor_2004.json,21,3295993,3295991,-2,True,13.58,13.58,0.0,REP,REP,False
2024,state_house,auditor,state_house_auditor_2004.json,22,3295993,3295991,-2,True,-12.24,-12.24,0.0,DEM,DEM,False
2024,state_house,auditor,state_house_auditor_2004.json,23,3295993,3295991,-2,True,-40.1,-40.1,0.0,DEM,DEM,False
2024,state_house,auditor,state_house_auditor_2004.json,24,3295993,3295991,-2,True,-11.63,-11.63,0.0,DEM,DEM,False
2024,state_house,auditor,state_house_auditor_2004.json,25,3295993,3295991,-2,True,-6.2,-6.2,0.0,DEM,DEM,False
2024,state_house,auditor,state_house_auditor_2004.json,26,3295993,3295991,-2,True,15.87,15.87,0.0,REP,REP,False
2024,state_house,auditor,state_house_auditor_2004.json,27,3295993,3295991,-2,True,-43.19,-43.19,0.0,DEM,DEM,False
2024,state_house,auditor,state_house_auditor_2004.json,28,3295993,3295991,-2,True,8.71,8.71,0.0,REP,REP,False
2024,state_house,auditor,state_house_auditor_2004.json,29,3295993,3295991,-2,True,-44.75,-44.75,0.0,DEM,DEM,False
2024,state_house,auditor,state_house_auditor_2004.json,30,3295993,3295991,-2,True,-50.64,-50.64,0.0,DEM,DEM,False
2024,state_house,auditor,state_house_auditor_2004.json,31,3295993,3295991,-2,True,-54.28,-54.28,0.0,DEM,DEM,False
2024,state_house,auditor,state_house_auditor_2004.json,32,3295993,3295991,-2,True,-29.37,-29.37,0.0,DEM,DEM,False
2024,state_house,auditor,state_house_auditor_2004.json,33,3295993,3295991,-2,True,-17.15,-17.15,0.0,DEM,DEM,False
2024,state_house,auditor,state_house_auditor_2004.json,34,3295993,3295991,-2,True,-12.97,-12.97,0.0,DEM,DEM,False
2024,state_house,auditor,state_house_auditor_2004.json,35,3295993,3295991,-2,True,20.31,20.31,0.0,REP,REP,False
2024,state_house,auditor,state_house_auditor_2004.json,36,3295993,3295991,-2,True,13.22,13.22,0.0,REP,REP,False
2024,state_house,auditor,state_house_auditor_2004.json,37,3295993,3295991,-2,True,5.43,5.43,0.0,REP,REP,False
2024,state_house,auditor,state_house_auditor_2004.json,38,3295993,3295991,-2,True,-64.49,-64.49,0.0,DEM,DEM,False
2024,state_house,auditor,state_house_auditor_2004.json,39,3295993,3295991,-2,True,-7.1,-7.1,0.0,DEM,DEM,False
2024,state_house,auditor,state_house_auditor_2004.json,40,3295993,3295991,-2,True,3.75,3.75,0.0,REP,REP,False
2024,state_house,auditor,state_house_auditor_2004.json,41,3295993,3295991,-2,True,4.68,4.68,0.0,REP,REP,False
2024,state_house,auditor,state_house_auditor_2004.json,42,3295993,3295991,-2,True,-30.6,-30.6,0.0,DEM,DEM,False
2024,state_house,auditor,state_house_auditor_2004.json,43,3295993,3295991,-2,True,1.93,1.93,0.0,REP,REP,False
2024,state_house,auditor,state_house_auditor_2004.json,44,3295993,3295991,-2,True,-17.25,-17.25,0.0,DEM,DEM,False
2024,state_house,auditor,state_house_auditor_2004.json,45,3295993,3295991,-2,True,-1.95,-1.95,0.0,DEM,DEM,False
2024,state_house,auditor,state_house_auditor_2004.json,46,3295993,3295991,-2,True,-27.36,-27.36,0.0,DEM,DEM,False
2024,state_house,auditor,state_house_auditor_2004.json,47,3295993,3295991,-2,True,-49.17,-49.17,0.0,DEM,DEM,False
2024,state_house,auditor,state_house_auditor_2004.json,48,3295993,3295991,-2,True,-27.56,-27.56,0.0,DEM,DEM,False
2024,state_house,auditor,state_house_auditor_2004.json,49,3295993,3295991,-2,True,-20.77,-20.77,0.0,DEM,DEM,False
2024,state_house,auditor,state_house_auditor_2004.json,50,3295993,3295991,-2,True,-33.08,-33.08,0.0,DEM,DEM,False
2024,state_house,auditor,state_house_auditor_2004.json,51,3295993,3295991,-2,True,3.93,3.93,0.0,REP,REP,False
2024,state_house,auditor,state_house_auditor_2004.json,52,3295993,3295991,-2,True,-6.82,-6.82,0.0,DEM,DEM,False
2024,state_house,auditor,state_house_auditor_2004.json,53,3295993,3295991,-2,True,18.23,18.23,0.0,REP,REP,False
2024,state_house,auditor,state_house_auditor_2004.json,54,3295993,3295991,-2,True,-7.83,-7.83,0.0,DEM,DEM,False
2024,state_house,auditor,state_house_auditor_2004.json,55,3295993,3295991,-2,True,0.74,0.74,0.0,REP,REP,False
2024,state_house,auditor,state_house_auditor_2004.json,56,3295993,3295991,-2,True,-38.1,-38.1,0.0,DEM,DEM,False
2024,state_house,auditor,state_house_auditor_2004.json,57,3295993,3295991,-2,True,-16.2,-16.2,0.0,DEM,DEM,False
2024,state_house,auditor,state_house_auditor_2004.json,58,3295993,3295991,-2,True,-36.72,-36.72,0.0,DEM,DEM,False
2024,state_house,auditor,state_house_auditor_2004.json,59,3295993,3295991,-2,True,28.0,28.0,0.0,REP,REP,False
2024,state_house,auditor,state_house_auditor_2004.json,60,3295993,3295991,-2,True,-11.75,-11.75,0.0,DEM,DEM,False
2024,state_house,auditor,state_house_auditor_2004.json,61,3295993,3295991,-2,True,-39.86,-39.86,0.0,DEM,DEM,False
2024,state_house,auditor,state_house_auditor_2004.json,62,3295993,3295991,-2,True,26.08,26.08,0.0,REP,REP,False
2024,state_house,auditor,state_house_auditor_2004.json,63,3295993,3295991,-2,True,8.57,8.57,0.0,REP,REP,False
2024,state_house,auditor,state_house_auditor_2004.json,64,3295993,3295991,-2,True,12.34,12.34,0.0,REP,REP,False
2024,state_house,auditor,state_house_auditor_2004.json,65,3295993,3295991,-2,True,2.77,2.77,0.0,REP,REP,False
2024,state_house,auditor,state_house_auditor_2004.json,66,3295993,3295991,-2,True,-10.18,-10.18,0.0,DEM,DEM,False
2024,state_house,auditor,state_house_auditor_2004.json,67,3295993,3295991,-2,True,17.34,17.34,0.0,REP,REP,False
2024,state_house,auditor,state_house_auditor_2004.json,68,3295993,3295991,-2,True,43.42,43.42,0.0,REP,REP,False
2024,state_house,auditor,state_house_auditor_2004.json,69,3295993,3295991,-2,True,42.86,42.86,0.0,REP,REP,False
2024,state_house,auditor,state_house_auditor_2004.json,70,3295993,3295991,-2,True,39.66,39.66,0.0,REP,REP,False
2024,state_house,auditor,state_house_auditor_2004.json,71,3295993,3295991,-2,True,-18.4,-18.4,0.0,DEM,DEM,False
2024,state_house,auditor,state_house_auditor_2004.json,72,3295993,3295991,-2,True,-36.63,-36.63,0.0,DEM,DEM,False
2024,state_house,auditor,state_house_auditor_2004.json,73,3295993,3295991,-2,True,21.5,21.5,0.0,REP,REP,False
2024,state_house,auditor,state_house_auditor_2004.json,74,3295993,3295991,-2,True,28.05,28.05,0.0,REP,REP,False
2024,state_house,auditor,state_house_auditor_2004.json,75,3295993,3295991,-2,True,24.68,24.68,0.0,REP,REP,False
2024,state_house,auditor,state_house_auditor_2004.json,76,3295993,3295991,-2,True,13.56,13.56,0.0,REP,REP,False
2024,state_house,auditor,state_house_auditor_2004.json,77,3295993,3295991,-2,True,37.38,37.38,0.0,REP,REP,False
2024,state_house,auditor,state_house_auditor_2004.json,78,3295993,3295991,-2,True,30.15,30.15,0.0,REP,REP,False
2024,state_house,auditor,state_house_auditor_2004.json,79,3295993,3295991,-2,True,5.23,5.23,0.0,REP,REP,False
2024,state_house,auditor,state_house_auditor_2004.json,80,3295993,3295991,-2,True,37.49,37.49,0.0,REP,REP,False
2024,state_house,auditor,state_house_auditor_2004.json,81,3295993,3295991,-2,True,20.38,20.38,0.0,REP,REP,False
2024,state_house,auditor,state_house_auditor_2004.json,82,3295993,3295991,-2,True,32.97,32.97,0.0,REP,REP,False
2024,state_house,auditor,state_house_auditor_2004.json,83,3295993,3295991,-2,True,28.72,28.72,0.0,REP,REP,False
2024,state_house,auditor,state_house_auditor_2004.json,84,3295993,3295991,-2,True,13.55,13.55,0.0,REP,REP,False
2024,state_house,auditor,state_house_auditor_2004.json,85,3295993,3295991,-2,True,20.86,20.86,0.0,REP,REP,False
2024,state_house,auditor,state_house_auditor_2004.json,86,3295993,3295991,-2,True,12.11,12.11,0.0,REP,REP,False
2024,state_house,auditor,state_house_auditor_2004.json,87,3295993,3295991,-2,True,23.6,23.6,0.0,REP,REP,False
2024,state_house,auditor,state_house_auditor_2004.json,88,3295993,3295991,-2,True,-20.33,-20.33,0.0,DEM,DEM,False
2024,state_house,auditor,state_house_auditor_2004.json,89,3295993,3295991,-2,True,31.35,31.35,0.0,REP,REP,False
2024,state_house,auditor,state_house_auditor_2004.json,90,3295993,3295991,-2,True,21.55,21.55,0.0,REP,REP,False
2024,state_house,auditor,state_house_auditor_2004.json,91,3295993,3295991,-2,True,16.88,16.88,0.0,REP,REP,False
2024,state_house,auditor,state_house_auditor_2004.json,92,3295993,3295991,-2,True,-8.58,-8.58,0.0,DEM,DEM,False
2024,state_house,auditor,state_house_auditor_2004.json,93,3295993,3295991,-2,True,3.56,3.56,0.0,REP,REP,False
2024,state_house,auditor,state_house_auditor_2004.json,94,3295993,3295991,-2,True,24.55,24.55,0.0,REP,REP,False
2024,state_house,auditor,state_house_auditor_2004.json,95,3295993,3295991,-2,True,31.7,31.7,0.0,REP,REP,False
2024,state_house,auditor,state_house_auditor_2004.json,96,3295993,3295991,-2,True,27.95,27.95,0.0,REP,REP,False
2024,state_house,auditor,state_house_auditor_2004.json,97,3295993,3295991,-2,True,24.83,24.83,0.0,REP,REP,False
2024,state_house,auditor,state_house_auditor_2004.json,98,3295993,3295991,-2,True,31.99,31.99,0.0,REP,REP,False
2024,state_house,auditor,state_house_auditor_2004.json,99,3295993,3295991,-2,True,-40.31,-40.31,0.0,DEM,DEM,False
2024,state_house,auditor,state_house_auditor_2004.json,100,3295993,3295991,-2,True,-0.87,-0.87,0.0,DEM,DEM,False
2024,state_house,auditor,state_house_auditor_2004.json,101,3295993,3295991,-2,True,-0.52,-0.52,0.0,DEM,DEM,False
2024,state_house,auditor,state_house_auditor_2004.json,102,3295993,3295991,-2,True,-35.69,-35.69,0.0,DEM,DEM,False
2024,state_house,auditor,state_house_auditor_2004.json,103,3295993,3295991,-2,True,27.5,27.5,0.0,REP,REP,False
2024,state_house,auditor,state_house_auditor_2004.json,104,3295993,3295991,-2,True,19.8,19.8,0.0,REP,REP,False
2024,state_house,auditor,state_house_auditor_2004.json,105,3295993,3295991,-2,True,37.8,37.8,0.0,REP,REP,False
2024,state_house,auditor,state_house_auditor_2004.json,106,3295993,3295991,-2,True,-6.8,-6.8,0.0,DEM,DEM,False
2024,state_house,auditor,state_house_auditor_2004.json,107,3295993,3295991,-2,True,-72.21,-72.21,0.0,DEM,DEM,False
2024,state_house,auditor,state_house_auditor_2004.json,108,3295993,3295991,-2,True,28.22,28.22,0.0,REP,REP,False
2024,state_house,auditor,state_house_auditor_2004.json,109,3295993,3295991,-2,True,25.21,25.21,0.0,REP,REP,False
2024,state_house,auditor,state_house_auditor_2004.json,110,3295993,3295991,-2,True,11.59,11.59,0.0,REP,REP,False
2024,state_house,auditor,state_house_auditor_2004.json,111,3295993,3295991,-2,True,9.48,9.48,0.0,REP,REP,False
2024,state_house,auditor,state_house_auditor_2004.json,112,3295993,3295991,-2,True,-41.86,-41.86,0.0,DEM,DEM,False
2024,state_house,auditor,state_house_auditor_2004.json,113,3295993,3295991,-2,True,14.98,14.98,0.0,REP,REP,False
2024,state_house,auditor,state_house_auditor_2004.json,114,3295993,3295991,-2,True,4.7,4.7,0.0,REP,REP,False
2024,state_house,auditor,state_house_auditor_2004.json,115,3295993,3295991,-2,True,-8.62,-8.62,0.0,DEM,DEM,False
2024,state_house,auditor,state_house_auditor_2004.json,116,3295993,3295991,-2,True,-15.51,-15.51,0.0,DEM,DEM,False
2024,state_house,auditor,state_house_auditor_2004.json,117,3295993,3295991,-2,True,25.91,25.91,0.0,REP,REP,False
2024,state_house,auditor,state_house_auditor_2004.json,118,3295993,3295991,-2,True,-4.98,-4.98,0.0,DEM,DEM,False
2024,state_house,auditor,state_house_auditor_2004.json,119,3295993,3295991,-2,True,2.4,2.4,0.0,REP,REP,False
2024,state_house,auditor,state_house_auditor_2004.json,120,3295993,3295991,-2,True,20.38,20.38,0.0,REP,REP,False
2024,state_house,governor,state_house_governor_2004.json,1,3486688,3486693,5,True,-13.71,-13.71,0.0,DEM,DEM,False
2024,state_house,governor,state_house_governor_2004.json,2,3486688,3486693,5,True,-24.75,-24.75,0.0,DEM,DEM,False
2024,state_house,governor,state_house_governor_2004.json,3,3486688,3486693,5,True,-2.77,-2.77,0.0,DEM,DEM,False
2024,state_house,governor,state_house_governor_2004.json,4,3486688,3486693,5,True,-13.26,-13.26,0.0,DEM,DEM,False
2024,state_house,governor,state_house_governor_2004.json,5,3486688,3486693,5,True,-29.8,-29.8,0.0,DEM,DEM,False
2024,state_house,governor,state_house_governor_2004.json,6,3486688,3486693,5,True,-5.52,-5.52,0.0,DEM,DEM,False
2024,state_house,governor,state_house_governor_2004.json,7,3486688,3486693,5,True,-23.16,-23.16,0.0,DEM,DEM,False
2024,state_house,governor,state_house_governor_2004.json,8,3486688,3486693,5,True,-32.2,-32.2,0.0,DEM,DEM,False
2024,state_house,governor,state_house_governor_2004.json,9,3486688,3486693,5,True,-3.58,-3.58,0.0,DEM,DEM,False
2024,state_house,governor,state_house_governor_2004.json,10,3486688,3486693,5,True,-0.48,-0.48,0.0,DEM,DEM,False
2024,state_house,governor,state_house_governor_2004.json,11,3486688,3486693,5,True,-17.57,-17.57,0.0,DEM,DEM,False
2024,state_house,governor,state_house_governor_2004.json,12,3486688,3486693,5,True,-13.87,-13.87,0.0,DEM,DEM,False
2024,state_house,governor,state_house_governor_2004.json,13,3486688,3486693,5,True,3.99,3.99,0.0,REP,REP,False
2024,state_house,governor,state_house_governor_2004.json,14,3486688,3486693,5,True,-2.53,-2.53,0.0,DEM,DEM,False
2024,state_house,governor,state_house_governor_2004.json,15,3486688,3486693,5,True,6.14,6.14,0.0,REP,REP,False
2024,state_house,governor,state_house_governor_2004.json,16,3486688,3486693,5,True,-2.54,-2.54,0.0,DEM,DEM,False
2024,state_house,governor,state_house_governor_2004.json,17,3486688,3486693,5,True,-11.58,-11.58,0.0,DEM,DEM,False
2024,state_house,governor,state_house_governor_2004.json,18,3486688,3486693,5,True,-26.23,-26.23,0.0,DEM,DEM,False
2024,state_house,governor,state_house_governor_2004.json,19,3486688,3486693,5,True,-7.54,-7.54,0.0,DEM,DEM,False
2024,state_house,governor,state_house_governor_2004.json,20,3486688,3486693,5,True,3.57,3.57,0.0,REP,REP,False
2024,state_house,governor,state_house_governor_2004.json,21,3486688,3486693,5,True,-6.92,-6.92,0.0,DEM,DEM,False
2024,state_house,governor,state_house_governor_2004.json,22,3486688,3486693,5,True,-21.75,-21.75,0.0,DEM,DEM,False
2024,state_house,governor,state_house_governor_2004.json,23,3486688,3486693,5,True,-47.54,-47.54,0.0,DEM,DEM,False
2024,state_house,governor,state_house_governor_2004.json,24,3486688,3486693,5,True,-20.21,-20.21,0.0,DEM,DEM,False
2024,state_house,governor,state_house_governor_2004.json,25,3486688,3486693,5,True,-24.36,-24.36,0.0,DEM,DEM,False
2024,state_house,governor,state_house_governor_2004.json,26,3486688,3486693,5,True,2.79,2.79,0.0,REP,REP,False
2024,state_house,governor,state_house_governor_2004.json,27,3486688,3486693,5,True,-49.69,-49.69,0.0,DEM,DEM,False
2024,state_house,governor,state_house_governor_2004.json,28,3486688,3486693,5,True,-0.76,-0.76,0.0,DEM,DEM,False
2024,state_house,governor,state_house_governor_2004.json,29,3486688,3486693,5,True,-49.27,-49.27,0.0,DEM,DEM,False
2024,state_house,governor,state_house_governor_2004.json,30,3486688,3486693,5,True,-53.43,-53.43,0.0,DEM,DEM,False
2024,state_house,governor,state_house_governor_2004.json,31,3486688,3486693,5,True,-55.99,-55.99,0.0,DEM,DEM,False
2024,state_house,governor,state_house_governor_2004.json,32,3486688,3486693,5,True,-33.32,-33.32,0.0,DEM,DEM,False
2024,state_house,governor,state_house_governor_2004.json,33,3486688,3486693,5,True,-23.76,-23.76,0.0,DEM,DEM,False
2024,state_house,governor,state_house_governor_2004.json,34,3486688,3486693,5,True,-23.49,-23.49,0.0,DEM,DEM,False
2024,state_house,governor,state_house_governor_2004.json,35,3486688,3486693,5,True,0.23,0.23,0.0,REP,REP,False
2024,state_house,governor,state_house_governor_2004.json,36,3486688,3486693,5,True,-3.54,-3.54,0.0,DEM,DEM,False
2024,state_house,governor,state_house_governor_2004.json,37,3486688,3486693,5,True,-6.61,-6.61,0.0,DEM,DEM,False
2024,state_house,governor,state_house_governor_2004.json,38,3486688,3486693,5,True,-64.35,-64.35,0.0,DEM,DEM,False
2024,state_house,governor,state_house_governor_2004.json,39,3486688,3486693,5,True,-21.41,-21.41,0.0,DEM,DEM,False
2024,state_house,governor,state_house_governor_2004.json,40,3486688,3486693,5,True,-14.42,-14.42,0.0,DEM,DEM,False
2024,state_house,governor,state_house_governor_2004.json,41,3486688,3486693,5,True,-17.02,-17.02,0.0,DEM,DEM,False
2024,state_house,governor,state_house_governor_2004.json,42,3486688,3486693,5,True,-38.57,-38.57,0.0,DEM,DEM,False
2024,state_house,governor,state_house_governor_2004.json,43,3486688,3486693,5,True,-14.06,-14.06,0.0,DEM,DEM,False
2024,state_house,governor,state_house_governor_2004.json,44,3486688,3486693,5,True,-29.68,-29.68,0.0,DEM,DEM,False
2024,state_house,governor,state_house_governor_2004.json,45,3486688,3486693,5,True,-18.6,-18.6,0.0,DEM,DEM,False
2024,state_house,governor,state_house_governor_2004.json,46,3486688,3486693,5,True,-27.26,-27.26,0.0,DEM,DEM,False
2024,state_house,governor,state_house_governor_2004.json,47,3486688,3486693,5,True,-48.29,-48.29,0.0,DEM,DEM,False
2024,state_house,governor,state_house_governor_2004.json,48,3486688,3486693,5,True,-30.1,-30.1,0.0,DEM,DEM,False
2024,state_house,governor,state_house_governor_2004.json,49,3486688,3486693,5,True,-31.25,-31.25,0.0,DEM,DEM,False
2024,state_house,governor,state_house_governor_2004.json,50,3486688,3486693,5,True,-39.69,-39.69,0.0,DEM,DEM,False
2024,state_house,governor,state_house_governor_2004.json,51,3486688,3486693,5,True,-10.65,-10.65,0.0,DEM,DEM,False
2024,state_house,governor,state_house_governor_2004.json,52,3486688,3486693,5,True,-17.09,-17.09,0.0,DEM,DEM,False
2024,state_house,governor,state_house_governor_2004.json,53,3486688,3486693,5,True,8.07,8.07,0.0,REP,REP,False
2024,state_house,governor,state_house_governor_2004.json,54,3486688,3486693,5,True,-16.63,-16.63,0.0,DEM,DEM,False
2024,state_house,governor,state_house_governor_2004.json,55,3486688,3486693,5,True,-11.04,-11.04,0.0,DEM,DEM,False
2024,state_house,governor,state_house_governor_2004.json,56,3486688,3486693,5,True,-45.36,-45.36,0.0,DEM,DEM,False
2024,state_house,governor,state_house_governor_2004.json,57,3486688,3486693,5,True,-29.05,-29.05,0.0,DEM,DEM,False
2024,state_house,governor,state_house_governor_2004.json,58,3486688,3486693,5,True,-44.08,-44.08,0.0,DEM,DEM,False
2024,state_house,governor,state_house_governor_2004.json,59,3486688,3486693,5,True,6.33,6.33,0.0,REP,REP,False
2024,state_house,governor,state_house_governor_2004.json,60,3486688,3486693,5,True,-26.25,-26.25,0.0,DEM,DEM,False
2024,state_house,governor,state_house_governor_2004.json,61,3486688,3486693,5,True,-47.52,-47.52,0.0,DEM,DEM,False
2024,state_house,governor,state_house_governor_2004.json,62,3486688,3486693,5,True,3.91,3.91,0.0,REP,REP,False
2024,state_house,governor,state_house_governor_2004.json,63,3486688,3486693,5,True,-5.22,-5.22,0.0,DEM,DEM,False
2024,state_house,governor,state_house_governor_2004.json,64,3486688,3486693,5,True,-0.98,-0.98,0.0,DEM,DEM,False
2024,state_house,governor,state_house_governor_2004.json,65,3486688,3486693,5,True,-15.58,-15.58,0.0,DEM,DEM,False
2024,state_house,governor,state_house_governor_2004.json,66,3486688,3486693,5,True,-21.97,-21.97,0.0,DEM,DEM,False
2024,state_house,governor,state_house_governor_2004.json,67,3486688,3486693,5,True,1.55,1.55,0.0,REP,REP,False
2024,state_house,governor,state_house_governor_2004.json,68,3486688,3486693,5,True,26.25,26.25,0.0,REP,REP,False
2024,state_house,governor,state_house_governor_2004.json,69,3486688,3486693,5,True,23.1,23.1,0.0,REP,REP,False
2024,state_house,governor,state_house_governor_2004.json,70,3486688,3486693,5,True,17.84,17.84,0.0,REP,REP,False
2024,state_house,governor,state_house_governor_2004.json,71,3486688,3486693,5,True,-27.67,-27.67,0.0,DEM,DEM,False
2024,state_house,governor,state_house_governor_2004.json,72,3486688,3486693,5,True,-41.85,-41.85,0.0,DEM,DEM,False
2024,state_house,governor,state_house_governor_2004.json,73,3486688,3486693,5,True,-0.68,-0.68,0.0,DEM,DEM,False
2024,state_house,governor,state_house_governor_2004.json,74,3486688,3486693,5,True,8.47,8.47,0.0,REP,REP,False
2024,state_house,governor,state_house_governor_2004.json,75,3486688,3486693,5,True,4.17,4.17,0.0,REP,REP,False
2024,state_house,governor,state_house_governor_2004.json,76,3486688,3486693,5,True,-3.91,-3.91,0.0,DEM,DEM,False
2024,state_house,governor,state_house_governor_2004.json,77,3486688,3486693,5,True,15.49,15.49,0.0,REP,REP,False
2024,state_house,governor,state_house_governor_2004.json,78,3486688,3486693,5,True,13.17,13.17,0.0,REP,REP,False
2024,state_house,governor,state_house_governor_2004.json,79,3486688,3486693,5,True,-15.76,-15.76,0.0,DEM,DEM,False
2024,state_house,governor,state_house_governor_2004.json,80,3486688,3486693,5,True,15.15,15.15,0.0,REP,REP,False
2024,state_house,governor,state_house_governor_2004.json,81,3486688,3486693,5,True,-0.75,-0.75,0.0,DEM,DEM,False
2024,state_house,governor,state_house_governor_2004.json,82,3486688,3486693,5,True,10.01,10.01,0.0,REP,REP,False
2024,state_house,governor,state_house_governor_2004.json,83,3486688,3486693,5,True,7.24,7.24,0.0,REP,REP,False
2024,state_house,governor,state_house_governor_2004.json,84,3486688,3486693,5,True,-2.82,-2.82,0.0,DEM,DEM,False
2024,state_house,governor,state_house_governor_2004.json,85,3486688,3486693,5,True,9.25,9.25,0.0,REP,REP,False
2024,state_house,governor,state_house_governor_2004.json,86,3486688,3486693,5,True,4.21,4.21,0.0,REP,REP,False
2024,state_house,governor,state_house_governor_2004.json,87,3486688,3486693,5,True,8.16,8.16,0.0,REP,REP,False
2024,state_house,governor,state_house_governor_2004.json,88,3486688,3486693,5,True,-33.54,-33.54,0.0,DEM,DEM,False
2024,state_house,governor,state_house_governor_2004.json,89,3486688,3486693,5,True,10.27,10.27,0.0,REP,REP,False
2024,state_house,governor,state_house_governor_2004.json,90,3486688,3486693,5,True,2.95,2.95,0.0,REP,REP,False
2024,state_house,governor,state_house_governor_2004.json,91,3486688,3486693,5,True,-1.95,-1.95,0.0,DEM,DEM,False
2024,state_house,governor,state_house_governor_2004.json,92,3486688,3486693,5,True,-22.07,-22.07,0.0,DEM,DEM,False
2024,state_house,governor,state_house_governor_2004.json,93,3486688,3486693,5,True,-8.33,-8.33,0.0,DEM,DEM,False
2024,state_house,governor,state_house_governor_2004.json,94,3486688,3486693,5,True,7.64,7.64,0.0,REP,REP,False
2024,state_house,governor,state_house_governor_2004.json,95,3486688,3486693,5,True,10.19,10.19,0.0,REP,REP,False
2024,state_house,governor,state_house_governor_2004.json,96,3486688,3486693,5,True,7.33,7.33,0.0,REP,REP,False
2024,state_house,governor,state_house_governor_2004.json,97,3486688,3486693,5,True,6.49,6.49,0.0,REP,REP,False
2024,state_house,governor,state_house_governor_2004.json,98,3486688,3486693,5,True,9.71,9.71,0.0,REP,REP,False
2024,state_house,governor,state_house_governor_2004.json,99,3486688,3486693,5,True,-48.02,-48.02,0.0,DEM,DEM,False
2024,state_house,governor,state_house_governor_2004.json,100,3486688,3486693,5,True,-15.08,-15.08,0.0,DEM,DEM,False
2024,state_house,governor,state_house_governor_2004.json,101,3486688,3486693,5,True,-15.18,-15.18,0.0,DEM,DEM,False
2024,state_house,governor,state_house_governor_2004.json,102,3486688,3486693,5,True,-44.92,-44.92,0.0,DEM,DEM,False
2024,state_house,governor,state_house_governor_2004.json,103,3486688,3486693,5,True,8.33,8.33,0.0,REP,REP,False
2024,state_house,governor,state_house_governor_2004.json,104,3486688,3486693,5,True,0.93,0.93,0.0,REP,REP,False
2024,state_house,governor,state_house_governor_2004.json,105,3486688,3486693,5,True,16.29,16.29,0.0,REP,REP,False
2024,state_house,governor,state_house_governor_2004.json,106,3486688,3486693,5,True,-20.4,-20.4,0.0,DEM,DEM,False
2024,state_house,governor,state_house_governor_2004.json,107,3486688,3486693,5,True,-74.41,-74.41,0.0,DEM,DEM,False
2024,state_house,governor,state_house_governor_2004.json,108,3486688,3486693,5,True,10.89,10.89,0.0,REP,REP,False
2024,state_house,governor,state_house_governor_2004.json,109,3486688,3486693,5,True,7.92,7.92,0.0,REP,REP,False
2024,state_house,governor,state_house_governor_2004.json,110,3486688,3486693,5,True,-3.8,-3.8,0.0,DEM,DEM,False
2024,state_house,governor,state_house_governor_2004.json,111,3486688,3486693,5,True,-5.51,-5.51,0.0,DEM,DEM,False
2024,state_house,governor,state_house_governor_2004.json,112,3486688,3486693,5,True,-47.84,-47.84,0.0,DEM,DEM,False
2024,state_house,governor,state_house_governor_2004.json,113,3486688,3486693,5,True,-0.83,-0.83,0.0,DEM,DEM,False
2024,state_house,governor,state_house_governor_2004.json,114,3486688,3486693,5,True,-8.98,-8.98,0.0,DEM,DEM,False
2024,state_house,governor,state_house_governor_2004.json,115,3486688,3486693,5,True,-19.32,-19.32,0.0,DEM,DEM,False
2024,state_house,governor,state_house_governor_2004.json,116,3486688,3486693,5,True,-24.67,-24.67,0.0,DEM,DEM,False
2024,state_house,governor,state_house_governor_2004.json,117,3486688,3486693,5,True,7.79,7.79,0.0,REP,REP,False
2024,state_house,governor,state_house_governor_2004.json,118,3486688,3486693,5,True,-17.3,-17.3,0.0,DEM,DEM,False
2024,state_house,governor,state_house_governor_2004.json,119,3486688,3486693,5,True,-9.03,-9.03,0.0,DEM,DEM,False
2024,state_house,governor,state_house_governor_2004.json,120,3486688,3486693,5,True,6.61,6.61,0.0,REP,REP,False
2024,state_house,insurance_commissioner,state_house_insurance_commissioner_2004.json,1,3355474,3355476,2,True,-15.95,-15.95,0.0,DEM,DEM,False
2024,state_house,insurance_commissioner,state_house_insurance_commissioner_2004.json,2,3355474,3355476,2,True,-36.65,-36.65,0.0,DEM,DEM,False
2024,state_house,insurance_commissioner,state_house_insurance_commissioner_2004.json,3,3355474,3355476,2,True,-7.67,-7.67,0.0,DEM,DEM,False
2024,state_house,insurance_commissioner,state_house_insurance_commissioner_2004.json,4,3355474,3355476,2,True,-28.38,-28.38,0.0,DEM,DEM,False
2024,state_house,insurance_commissioner,state_house_insurance_commissioner_2004.json,5,3355474,3355476,2,True,-35.08,-35.08,0.0,DEM,DEM,False
2024,state_house,insurance_commissioner,state_house_insurance_commissioner_2004.json,6,3355474,3355476,2,True,-15.93,-15.93,0.0,DEM,DEM,False
2024,state_house,insurance_commissioner,state_house_insurance_commissioner_2004.json,7,3355474,3355476,2,True,-32.57,-32.57,0.0,DEM,DEM,False
2024,state_house,insurance_commissioner,state_house_insurance_commissioner_2004.json,8,3355474,3355476,2,True,-36.77,-36.77,0.0,DEM,DEM,False
2024,state_house,insurance_commissioner,state_house_insurance_commissioner_2004.json,9,3355474,3355476,2,True,-7.79,-7.79,0.0,DEM,DEM,False
2024,state_house,insurance_commissioner,state_house_insurance_commissioner_2004.json,10,3355474,3355476,2,True,-11.07,-11.07,0.0,DEM,DEM,False
2024,state_house,insurance_commissioner,state_house_insurance_commissioner_2004.json,11,3355474,3355476,2,True,-19.47,-19.47,0.0,DEM,DEM,False
2024,state_house,insurance_commissioner,state_house_insurance_commissioner_2004.json,12,3355474,3355476,2,True,-30.7,-30.7,0.0,DEM,DEM,False
2024,state_house,insurance_commissioner,state_house_insurance_commissioner_2004.json,13,3355474,3355476,2,True,1.36,1.36,0.0,REP,REP,False
2024,state_house,insurance_commissioner,state_house_insurance_commissioner_2004.json,14,3355474,3355476,2,True,1.6,1.6,0.0,REP,REP,False
2024,state_house,insurance_commissioner,state_house_insurance_commissioner_2004.json,15,3355474,3355476,2,True,4.4,4.4,0.0,REP,REP,False
2024,state_house,insurance_commissioner,state_house_insurance_commissioner_2004.json,16,3355474,3355476,2,True,-10.32,-10.32,0.0,DEM,DEM,False
2024,state_house,insurance_commissioner,state_house_insurance_commissioner_2004.json,17,3355474,3355476,2,True,-11.81,-11.81,0.0,DEM,DEM,False
2024,state_house,insurance_commissioner,state_house_insurance_commissioner_2004.json,18,3355474,3355476,2,True,-31.73,-31.73,0.0,DEM,DEM,False
2024,state_house,insurance_commissioner,state_house_insurance_commissioner_2004.json,19,3355474,3355476,2,True,-3.56,-3.56,0.0,DEM,DEM,False
2024,state_house,insurance_commissioner,state_house_insurance_commissioner_2004.json,20,3355474,3355476,2,True,-1.03,-1.03,0.0,DEM,DEM,False
2024,state_house,insurance_commissioner,state_house_insurance_commissioner_2004.json,21,3355474,3355476,2,True,-4.19,-4.19,0.0,DEM,DEM,False
2024,state_house,insurance_commissioner,state_house_insurance_commissioner_2004.json,22,3355474,3355476,2,True,-28.71,-28.71,0.0,DEM,DEM,False
2024,state_house,insurance_commissioner,state_house_insurance_commissioner_2004.json,23,3355474,3355476,2,True,-56.57,-56.57,0.0,DEM,DEM,False
2024,state_house,insurance_commissioner,state_house_insurance_commissioner_2004.json,24,3355474,3355476,2,True,-26.75,-26.75,0.0,DEM,DEM,False
2024,state_house,insurance_commissioner,state_house_insurance_commissioner_2004.json,25,3355474,3355476,2,True,-27.46,-27.46,0.0,DEM,DEM,False
2024,state_house,insurance_commissioner,state_house_insurance_commissioner_2004.json,26,3355474,3355476,2,True,-5.52,-5.52,0.0,DEM,DEM,False
2024,state_house,insurance_commissioner,state_house_insurance_commissioner_2004.json,27,3355474,3355476,2,True,-59.72,-59.72,0.0,DEM,DEM,False
2024,state_house,insurance_commissioner,state_house_insurance_commissioner_2004.json,28,3355474,3355476,2,True,-14.95,-14.95,0.0,DEM,DEM,False
2024,state_house,insurance_commissioner,state_house_insurance_commissioner_2004.json,29,3355474,3355476,2,True,-54.05,-54.05,0.0,DEM,DEM,False
2024,state_house,insurance_commissioner,state_house_insurance_commissioner_2004.json,30,3355474,3355476,2,True,-60.73,-60.73,0.0,DEM,DEM,False
2024,state_house,insurance_commissioner,state_house_insurance_commissioner_2004.json,31,3355474,3355476,2,True,-62.85,-62.85,0.0,DEM,DEM,False
2024,state_house,insurance_commissioner,state_house_insurance_commissioner_2004.json,32,3355474,3355476,2,True,-45.38,-45.38,0.0,DEM,DEM,False
2024,state_house,insurance_commissioner,state_house_insurance_commissioner_2004.json,33,3355474,3355476,2,True,-35.42,-35.42,0.0,DEM,DEM,False
2024,state_house,insurance_commissioner,state_house_insurance_commissioner_2004.json,34,3355474,3355476,2,True,-32.48,-32.48,0.0,DEM,DEM,False
2024,state_house,insurance_commissioner,state_house_insurance_commissioner_2004.json,35,3355474,3355476,2,True,0.02,0.02,0.0,REP,REP,False
2024,state_house,insurance_commissioner,state_house_insurance_commissioner_2004.json,36,3355474,3355476,2,True,-4.84,-4.84,0.0,DEM,DEM,False
2024,state_house,insurance_commissioner,state_house_insurance_commissioner_2004.json,37,3355474,3355476,2,True,-14.55,-14.55,0.0,DEM,DEM,False
2024,state_house,insurance_commissioner,state_house_insurance_commissioner_2004.json,38,3355474,3355476,2,True,-71.24,-71.24,0.0,DEM,DEM,False
2024,state_house,insurance_commissioner,state_house_insurance_commissioner_2004.json,39,3355474,3355476,2,True,-28.42,-28.42,0.0,DEM,DEM,False
2024,state_house,insurance_commissioner,state_house_insurance_commissioner_2004.json,40,3355474,3355476,2,True,-14.3,-14.3,0.0,DEM,DEM,False
2024,state_house,insurance_commissioner,state_house_insurance_commissioner_2004.json,41,3355474,3355476,2,True,-11.71,-11.71,0.0,DEM,DEM,False
2024,state_house,insurance_commissioner,state_house_insurance_commissioner_2004.json,42,3355474,3355476,2,True,-37.66,-37.66,0.0,DEM,DEM,False
2024,state_house,insurance_commissioner,state_house_insurance_commissioner_2004.json,43,3355474,3355476,2,True,-16.15,-16.15,0.0,DEM,DEM,False
2024,state_house,insurance_commissioner,state_house_insurance_commissioner_2004.json,44,3355474,3355476,2,True,-30.93,-30.93,0.0,DEM,DEM,False
2024,state_house,insurance_commissioner,state_house_insurance_commissioner_2004.json,45,3355474,3355476,2,True,-16.33,-16.33,0.0,DEM,DEM,False
2024,state_house,insurance_commissioner,state_house_insurance_commissioner_2004.json,46,3355474,3355476,2,True,-48.23,-48.23,0.0,DEM,DEM,False
2024,state_house,insurance_commissioner,state_house_insurance_commissioner_2004.json,47,3355474,3355476,2,True,-63.58,-63.58,0.0,DEM,DEM,False
2024,state_house,insurance_commissioner,state_house_insurance_commissioner_2004.json,48,3355474,3355476,2,True,-38.19,-38.19,0.0,DEM,DEM,False
2024,state_house,insurance_commissioner,state_house_insurance_commissioner_2004.json,49,3355474,3355476,2,True,-35.54,-35.54,0.0,DEM,DEM,False
2024,state_house,insurance_commissioner,state_house_insurance_commissioner_2004.json,50,3355474,3355476,2,True,-45.93,-45.93,0.0,DEM,DEM,False
2024,state_house,insurance_commissioner,state_house_insurance_commissioner_2004.json,51,3355474,3355476,2,True,-14.04,-14.04,0.0,DEM,DEM,False
2024,state_house,insurance_commissioner,state_house_insurance_commissioner_2004.json,52,3355474,3355476,2,True,-21.58,-21.58,0.0,DEM,DEM,False
2024,state_house,insurance_commissioner,state_house_insurance_commissioner_2004.json,53,3355474,3355476,2,True,-3.97,-3.97,0.0,DEM,DEM,False
2024,state_house,insurance_commissioner,state_house_insurance_commissioner_2004.json,54,3355474,3355476,2,True,-25.05,-25.05,0.0,DEM,DEM,False
2024,state_house,insurance_commissioner,state_house_insurance_commissioner_2004.json,55,3355474,3355476,2,True,-12.27,-12.27,0.0,DEM,DEM,False
2024,state_house,insurance_commissioner,state_house_insurance_commissioner_2004.json,56,3355474,3355476,2,True,-48.48,-48.48,0.0,DEM,DEM,False
2024,state_house,insurance_commissioner,state_house_insurance_commissioner_2004.json,57,3355474,3355476,2,True,-31.53,-31.53,0.0,DEM,DEM,False
2024,state_house,insurance_commissioner,state_house_insurance_commissioner_2004.json,58,3355474,3355476,2,True,-46.99,-46.99,0.0,DEM,DEM,False
2024,state_house,insurance_commissioner,state_house_insurance_commissioner_2004.json,59,3355474,3355476,2,True,4.99,4.99,0.0,REP,REP,False
2024,state_house,insurance_commissioner,state_house_insurance_commissioner_2004.json,60,3355474,3355476,2,True,-25.67,-25.67,0.0,DEM,DEM,False
2024,state_house,insurance_commissioner,state_house_insurance_commissioner_2004.json,61,3355474,3355476,2,True,-51.23,-51.23,0.0,DEM,DEM,False
2024,state_house,insurance_commissioner,state_house_insurance_commissioner_2004.json,62,3355474,3355476,2,True,7.2,7.2,0.0,REP,REP,False
2024,state_house,insurance_commissioner,state_house_insurance_commissioner_2004.json,63,3355474,3355476,2,True,-22.43,-22.43,0.0,DEM,DEM,False
2024,state_house,insurance_commissioner,state_house_insurance_commissioner_2004.json,64,3355474,3355476,2,True,-16.53,-16.53,0.0,DEM,DEM,False
2024,state_house,insurance_commissioner,state_house_insurance_commissioner_2004.json,65,3355474,3355476,2,True,-19.82,-19.82,0.0,DEM,DEM,False
2024,state_house,insurance_commissioner,state_house_insurance_commissioner_2004.json,66,3355474,3355476,2,True,-26.08,-26.08,0.0,DEM,DEM,False
2024,state_house,insurance_commissioner,state_house_insurance_commissioner_2004.json,67,3355474,3355476,2,True,0.52,0.52,0.0,REP,REP,False
2024,state_house,insurance_commissioner,state_house_insurance_commissioner_2004.json,68,3355474,3355476,2,True,33.52,33.52,0.0,REP,REP,False
2024,state_house,insurance_commissioner,state_house_insurance_commissioner_2004.json,69,3355474,3355476,2,True,29.43,29.43,0.0,REP,REP,False
2024,state_house,insurance_commissioner,state_house_insurance_commissioner_2004.json,70,3355474,3355476,2,True,19.22,19.22,0.0,REP,REP,False
2024,state_house,insurance_commissioner,state_house_insurance_commissioner_2004.json,71,3355474,3355476,2,True,-30.61,-30.61,0.0,DEM,DEM,False
2024,state_house,insurance_commissioner,state_house_insurance_commissioner_2004.json,72,3355474,3355476,2,True,-47.45,-47.45,0.0,DEM,DEM,False
2024,state_house,insurance_commissioner,state_house_insurance_commissioner_2004.json,73,3355474,3355476,2,True,4.42,4.42,0.0,REP,REP,False
2024,state_house,insurance_commissioner,state_house_insurance_commissioner_2004.json,74,3355474,3355476,2,True,7.05,7.05,0.0,REP,REP,False
2024,state_house,insurance_commissioner,state_house_insurance_commissioner_2004.json,75,3355474,3355476,2,True,6.06,6.06,0.0,REP,REP,False
2024,state_house,insurance_commissioner,state_house_insurance_commissioner_2004.json,76,3355474,3355476,2,True,-6.92,-6.92,0.0,DEM,DEM,False
2024,state_house,insurance_commissioner,state_house_insurance_commissioner_2004.json,77,3355474,3355476,2,True,15.51,15.51,0.0,REP,REP,False
2024,state_house,insurance_commissioner,state_house_insurance_commissioner_2004.json,78,3355474,3355476,2,True,14.58,14.58,0.0,REP,REP,False
2024,state_house,insurance_commissioner,state_house_insurance_commissioner_2004.json,79,3355474,3355476,2,True,-18.48,-18.48,0.0,DEM,DEM,False
2024,state_house,insurance_commissioner,state_house_insurance_commissioner_2004.json,80,3355474,3355476,2,True,18.21,18.21,0.0,REP,REP,False
2024,state_house,insurance_commissioner,state_house_insurance_commissioner_2004.json,81,3355474,3355476,2,True,-0.87,-0.87,0.0,DEM,DEM,False
2024,state_house,insurance_commissioner,state_house_insurance_commissioner_2004.json,82,3355474,3355476,2,True,18.95,18.95,0.0,REP,REP,False
2024,state_house,insurance_commissioner,state_house_insurance_commissioner_2004.json,83,3355474,3355476,2,True,11.76,11.76,0.0,REP,REP,False
2024,state_house,insurance_commissioner,state_house_insurance_commissioner_2004.json,84,3355474,3355476,2,True,5.68,5.68,0.0,REP,REP,False
2024,state_house,insurance_commissioner,state_house_insurance_commissioner_2004.json,85,3355474,3355476,2,True,4.28,4.28,0.0,REP,REP,False
2024,state_house,insurance_commissioner,state_house_insurance_commissioner_2004.json,86,3355474,3355476,2,True,-0.8,-0.8,0.0,DEM,DEM,False
2024,state_house,insurance_commissioner,state_house_insurance_commissioner_2004.json,87,3355474,3355476,2,True,9.94,9.94,0.0,REP,REP,False
2024,state_house,insurance_commissioner,state_house_insurance_commissioner_2004.json,88,3355474,3355476,2,True,-29.2,-29.2,0.0,DEM,DEM,False
2024,state_house,insurance_commissioner,state_house_insurance_commissioner_2004.json,89,3355474,3355476,2,True,17.77,17.77,0.0,REP,REP,False
2024,state_house,insurance_commissioner,state_house_insurance_commissioner_2004.json,90,3355474,3355476,2,True,1.66,1.66,0.0,REP,REP,False
2024,state_house,insurance_commissioner,state_house_insurance_commissioner_2004.json,91,3355474,3355476,2,True,-5.02,-5.02,0.0,DEM,DEM,False
2024,state_house,insurance_commissioner,state_house_insurance_commissioner_2004.json,92,3355474,3355476,2,True,-18.46,-18.46,0.0,DEM,DEM,False
2024,state_house,insurance_commissioner,state_house_insurance_commissioner_2004.json,93,3355474,3355476,2,True,-10.56,-10.56,0.0,DEM,DEM,False
2024,state_house,insurance_commissioner,state_house_insurance_commissioner_2004.json,94,3355474,3355476,2,True,9.18,9.18,0.0,REP,REP,False
2024,state_house,insurance_commissioner,state_house_insurance_commissioner_2004.json,95,3355474,3355476,2,True,26.77,26.77,0.0,REP,REP,False
2024,state_house,insurance_commissioner,state_house_insurance_commissioner_2004.json,96,3355474,3355476,2,True,13.71,13.71,0.0,REP,REP,False
2024,state_house,insurance_commissioner,state_house_insurance_commissioner_2004.json,97,3355474,3355476,2,True,8.12,8.12,0.0,REP,REP,False
2024,state_house,insurance_commissioner,state_house_insurance_commissioner_2004.json,98,3355474,3355476,2,True,21.84,21.84,0.0,REP,REP,False
2024,state_house,insurance_commissioner,state_house_insurance_commissioner_2004.json,99,3355474,3355476,2,True,-45.66,-45.66,0.0,DEM,DEM,False
2024,state_house,insurance_commissioner,state_house_insurance_commissioner_2004.json,100,3355474,3355476,2,True,-11.28,-11.28,0.0,DEM,DEM,False
2024,state_house,insurance_commissioner,state_house_insurance_commissioner_2004.json,101,3355474,3355476,2,True,-10.08,-10.08,0.0,DEM,DEM,False
2024,state_house,insurance_commissioner,state_house_insurance_commissioner_2004.json,102,3355474,3355476,2,True,-41.53,-41.53,0.0,DEM,DEM,False
2024,state_house,insurance_commissioner,state_house_insurance_commissioner_2004.json,103,3355474,3355476,2,True,17.42,17.42,0.0,REP,REP,False
2024,state_house,insurance_commissioner,state_house_insurance_commissioner_2004.json,104,3355474,3355476,2,True,7.17,7.17,0.0,REP,REP,False
2024,state_house,insurance_commissioner,state_house_insurance_commissioner_2004.json,105,3355474,3355476,2,True,24.37,24.37,0.0,REP,REP,False
2024,state_house,insurance_commissioner,state_house_insurance_commissioner_2004.json,106,3355474,3355476,2,True,-14.61,-14.61,0.0,DEM,DEM,False
2024,state_house,insurance_commissioner,state_house_insurance_commissioner_2004.json,107,3355474,3355476,2,True,-74.48,-74.48,0.0,DEM,DEM,False
2024,state_house,insurance_commissioner,state_house_insurance_commissioner_2004.json,108,3355474,3355476,2,True,10.76,10.76,0.0,REP,REP,False
2024,state_house,insurance_commissioner,state_house_insurance_commissioner_2004.json,109,3355474,3355476,2,True,5.73,5.73,0.0,REP,REP,False
2024,state_house,insurance_commissioner,state_house_insurance_commissioner_2004.json,110,3355474,3355476,2,True,-7.74,-7.74,0.0,DEM,DEM,False
2024,state_house,insurance_commissioner,state_house_insurance_commissioner_2004.json,111,3355474,3355476,2,True,-9.07,-9.07,0.0,DEM,DEM,False
2024,state_house,insurance_commissioner,state_house_insurance_commissioner_2004.json,112,3355474,3355476,2,True,-47.41,-47.41,0.0,DEM,DEM,False
2024,state_house,insurance_commissioner,state_house_insurance_commissioner_2004.json,113,3355474,3355476,2,True,1.62,1.62,0.0,REP,REP,False
2024,state_house,insurance_commissioner,state_house_insurance_commissioner_2004.json,114,3355474,3355476,2,True,-11.06,-11.06,0.0,DEM,DEM,False
2024,state_house,insurance_commissioner,state_house_insurance_commissioner_2004.json,115,3355474,3355476,2,True,-23.4,-23.4,0.0,DEM,DEM,False
2024,state_house,insurance_commissioner,state_house_insurance_commissioner_2004.json,116,3355474,3355476,2,True,-28.95,-28.95,0.0,DEM,DEM,False
2024,state_house,insurance_commissioner,state_house_insurance_commissioner_2004.json,117,3355474,3355476,2,True,12.3,12.3,0.0,REP,REP,False
2024,state_house,insurance_commissioner,state_house_insurance_commissioner_2004.json,118,3355474,3355476,2,True,-19.57,-19.57,0.0,DEM,DEM,False
2024,state_house,insurance_commissioner,state_house_insurance_commissioner_2004.json,119,3355474,3355476,2,True,-8.9,-8.9,0.0,DEM,DEM,False
2024,state_house,insurance_commissioner,state_house_insurance_commissioner_2004.json,120,3355474,3355476,2,True,8.34,8.34,0.0,REP,REP,False
2024,state_house,labor_commissioner,state_house_labor_commissioner_2004.json,1,3307492,3307493,1,True,-2.84,-2.84,0.0,DEM,DEM,False
2024,state_house,labor_commissioner,state_house_labor_commissioner_2004.json,2,3307492,3307493,1,True,-10.51,-10.51,0.0,DEM,DEM,False
2024,state_house,labor_commissioner,state_house_labor_commissioner_2004.json,3,3307492,3307493,1,True,14.19,14.19,0.0,REP,REP,False
2024,state_house,labor_commissioner,state_house_labor_commissioner_2004.json,4,3307492,3307493,1,True,-4.66,-4.66,0.0,DEM,DEM,False
2024,state_house,labor_commissioner,state_house_labor_commissioner_2004.json,5,3307492,3307493,1,True,-24.27,-24.27,0.0,DEM,DEM,False
2024,state_house,labor_commissioner,state_house_labor_commissioner_2004.json,6,3307492,3307493,1,True,6.51,6.51,0.0,REP,REP,False
2024,state_house,labor_commissioner,state_house_labor_commissioner_2004.json,7,3307492,3307493,1,True,-7.16,-7.16,0.0,DEM,DEM,False
2024,state_house,labor_commissioner,state_house_labor_commissioner_2004.json,8,3307492,3307493,1,True,-21.91,-21.91,0.0,DEM,DEM,False
2024,state_house,labor_commissioner,state_house_labor_commissioner_2004.json,9,3307492,3307493,1,True,13.36,13.36,0.0,REP,REP,False
2024,state_house,labor_commissioner,state_house_labor_commissioner_2004.json,10,3307492,3307493,1,True,11.84,11.84,0.0,REP,REP,False
2024,state_house,labor_commissioner,state_house_labor_commissioner_2004.json,11,3307492,3307493,1,True,9.53,9.53,0.0,REP,REP,False
2024,state_house,labor_commissioner,state_house_labor_commissioner_2004.json,12,3307492,3307493,1,True,-7.22,-7.22,0.0,DEM,DEM,False
2024,state_house,labor_commissioner,state_house_labor_commissioner_2004.json,13,3307492,3307493,1,True,22.9,22.9,0.0,REP,REP,False
2024,state_house,labor_commissioner,state_house_labor_commissioner_2004.json,14,3307492,3307493,1,True,16.8,16.8,0.0,REP,REP,False
2024,state_house,labor_commissioner,state_house_labor_commissioner_2004.json,15,3307492,3307493,1,True,22.68,22.68,0.0,REP,REP,False
2024,state_house,labor_commissioner,state_house_labor_commissioner_2004.json,16,3307492,3307493,1,True,10.6,10.6,0.0,REP,REP,False
2024,state_house,labor_commissioner,state_house_labor_commissioner_2004.json,17,3307492,3307493,1,True,5.39,5.39,0.0,REP,REP,False
2024,state_house,labor_commissioner,state_house_labor_commissioner_2004.json,18,3307492,3307493,1,True,-12.82,-12.82,0.0,DEM,DEM,False
2024,state_house,labor_commissioner,state_house_labor_commissioner_2004.json,19,3307492,3307493,1,True,18.5,18.5,0.0,REP,REP,False
2024,state_house,labor_commissioner,state_house_labor_commissioner_2004.json,20,3307492,3307493,1,True,22.6,22.6,0.0,REP,REP,False
2024,state_house,labor_commissioner,state_house_labor_commissioner_2004.json,21,3307492,3307493,1,True,20.09,20.09,0.0,REP,REP,False
2024,state_house,labor_commissioner,state_house_labor_commissioner_2004.json,22,3307492,3307493,1,True,-11.22,-11.22,0.0,DEM,DEM,False
2024,state_house,labor_commissioner,state_house_labor_commissioner_2004.json,23,3307492,3307493,1,True,-38.2,-38.2,0.0,DEM,DEM,False
2024,state_house,labor_commissioner,state_house_labor_commissioner_2004.json,24,3307492,3307493,1,True,-7.46,-7.46,0.0,DEM,DEM,False
2024,state_house,labor_commissioner,state_house_labor_commissioner_2004.json,25,3307492,3307493,1,True,-1.93,-1.93,0.0,DEM,DEM,False
2024,state_house,labor_commissioner,state_house_labor_commissioner_2004.json,26,3307492,3307493,1,True,24.05,24.05,0.0,REP,REP,False
2024,state_house,labor_commissioner,state_house_labor_commissioner_2004.json,27,3307492,3307493,1,True,-43.1,-43.1,0.0,DEM,DEM,False
2024,state_house,labor_commissioner,state_house_labor_commissioner_2004.json,28,3307492,3307493,1,True,16.4,16.4,0.0,REP,REP,False
2024,state_house,labor_commissioner,state_house_labor_commissioner_2004.json,29,3307492,3307493,1,True,-39.27,-39.27,0.0,DEM,DEM,False
2024,state_house,labor_commissioner,state_house_labor_commissioner_2004.json,30,3307492,3307493,1,True,-47.49,-47.49,0.0,DEM,DEM,False
2024,state_house,labor_commissioner,state_house_labor_commissioner_2004.json,31,3307492,3307493,1,True,-51.19,-51.19,0.0,DEM,DEM,False
2024,state_house,labor_commissioner,state_house_labor_commissioner_2004.json,32,3307492,3307493,1,True,-24.28,-24.28,0.0,DEM,DEM,False
2024,state_house,labor_commissioner,state_house_labor_commissioner_2004.json,33,3307492,3307493,1,True,-9.18,-9.18,0.0,DEM,DEM,False
2024,state_house,labor_commissioner,state_house_labor_commissioner_2004.json,34,3307492,3307493,1,True,-0.3,-0.3,0.0,DEM,DEM,False
2024,state_house,labor_commissioner,state_house_labor_commissioner_2004.json,35,3307492,3307493,1,True,27.43,27.43,0.0,REP,REP,False
2024,state_house,labor_commissioner,state_house_labor_commissioner_2004.json,36,3307492,3307493,1,True,20.91,20.91,0.0,REP,REP,False
2024,state_house,labor_commissioner,state_house_labor_commissioner_2004.json,37,3307492,3307493,1,True,14.37,14.37,0.0,REP,REP,False
2024,state_house,labor_commissioner,state_house_labor_commissioner_2004.json,38,3307492,3307493,1,True,-58.79,-58.79,0.0,DEM,DEM,False
2024,state_house,labor_commissioner,state_house_labor_commissioner_2004.json,39,3307492,3307493,1,True,-3.41,-3.41,0.0,DEM,DEM,False
2024,state_house,labor_commissioner,state_house_labor_commissioner_2004.json,40,3307492,3307493,1,True,14.0,14.0,0.0,REP,REP,False
2024,state_house,labor_commissioner,state_house_labor_commissioner_2004.json,41,3307492,3307493,1,True,10.98,10.98,0.0,REP,REP,False
2024,state_house,labor_commissioner,state_house_labor_commissioner_2004.json,42,3307492,3307493,1,True,-27.71,-27.71,0.0,DEM,DEM,False
2024,state_house,labor_commissioner,state_house_labor_commissioner_2004.json,43,3307492,3307493,1,True,6.25,6.25,0.0,REP,REP,False
2024,state_house,labor_commissioner,state_house_labor_commissioner_2004.json,44,3307492,3307493,1,True,-12.4,-12.4,0.0,DEM,DEM,False
2024,state_house,labor_commissioner,state_house_labor_commissioner_2004.json,45,3307492,3307493,1,True,1.08,1.08,0.0,REP,REP,False
2024,state_house,labor_commissioner,state_house_labor_commissioner_2004.json,46,3307492,3307493,1,True,-24.95,-24.95,0.0,DEM,DEM,False
2024,state_house,labor_commissioner,state_house_labor_commissioner_2004.json,47,3307492,3307493,1,True,-42.28,-42.28,0.0,DEM,DEM,False
2024,state_house,labor_commissioner,state_house_labor_commissioner_2004.json,48,3307492,3307493,1,True,-23.74,-23.74,0.0,DEM,DEM,False
2024,state_house,labor_commissioner,state_house_labor_commissioner_2004.json,49,3307492,3307493,1,True,-9.86,-9.86,0.0,DEM,DEM,False
2024,state_house,labor_commissioner,state_house_labor_commissioner_2004.json,50,3307492,3307493,1,True,-30.58,-30.58,0.0,DEM,DEM,False
2024,state_house,labor_commissioner,state_house_labor_commissioner_2004.json,51,3307492,3307493,1,True,8.04,8.04,0.0,REP,REP,False
2024,state_house,labor_commissioner,state_house_labor_commissioner_2004.json,52,3307492,3307493,1,True,-15.53,-15.53,0.0,DEM,DEM,False
2024,state_house,labor_commissioner,state_house_labor_commissioner_2004.json,53,3307492,3307493,1,True,25.2,25.2,0.0,REP,REP,False
2024,state_house,labor_commissioner,state_house_labor_commissioner_2004.json,54,3307492,3307493,1,True,-4.21,-4.21,0.0,DEM,DEM,False
2024,state_house,labor_commissioner,state_house_labor_commissioner_2004.json,55,3307492,3307493,1,True,2.4,2.4,0.0,REP,REP,False
2024,state_house,labor_commissioner,state_house_labor_commissioner_2004.json,56,3307492,3307493,1,True,-34.73,-34.73,0.0,DEM,DEM,False
2024,state_house,labor_commissioner,state_house_labor_commissioner_2004.json,57,3307492,3307493,1,True,-11.96,-11.96,0.0,DEM,DEM,False
2024,state_house,labor_commissioner,state_house_labor_commissioner_2004.json,58,3307492,3307493,1,True,-34.77,-34.77,0.0,DEM,DEM,False
2024,state_house,labor_commissioner,state_house_labor_commissioner_2004.json,59,3307492,3307493,1,True,29.64,29.64,0.0,REP,REP,False
2024,state_house,labor_commissioner,state_house_labor_commissioner_2004.json,60,3307492,3307493,1,True,-10.32,-10.32,0.0,DEM,DEM,False
2024,state_house,labor_commissioner,state_house_labor_commissioner_2004.json,61,3307492,3307493,1,True,-35.47,-35.47,0.0,DEM,DEM,False
2024,state_house,labor_commissioner,state_house_labor_commissioner_2004.json,62,3307492,3307493,1,True,28.51,28.51,0.0,REP,REP,False
2024,state_house,labor_commissioner,state_house_labor_commissioner_2004.json,63,3307492,3307493,1,True,10.31,10.31,0.0,REP,REP,False
2024,state_house,labor_commissioner,state_house_labor_commissioner_2004.json,64,3307492,3307493,1,True,15.63,15.63,0.0,REP,REP,False
2024,state_house,labor_commissioner,state_house_labor_commissioner_2004.json,65,3307492,3307493,1,True,2.22,2.22,0.0,REP,REP,False
2024,state_house,labor_commissioner,state_house_labor_commissioner_2004.json,66,3307492,3307493,1,True,-3.13,-3.13,0.0,DEM,DEM,False
2024,state_house,labor_commissioner,state_house_labor_commissioner_2004.json,67,3307492,3307493,1,True,18.71,18.71,0.0,REP,REP,False
2024,state_house,labor_commissioner,state_house_labor_commissioner_2004.json,68,3307492,3307493,1,True,43.45,43.45,0.0,REP,REP,False
2024,state_house,labor_commissioner,state_house_labor_commissioner_2004.json,69,3307492,3307493,1,True,43.36,43.36,0.0,REP,REP,False
2024,state_house,labor_commissioner,state_house_labor_commissioner_2004.json,70,3307492,3307493,1,True,40.96,40.96,0.0,REP,REP,False
2024,state_house,labor_commissioner,state_house_labor_commissioner_2004.json,71,3307492,3307493,1,True,-11.72,-11.72,0.0,DEM,DEM,False
2024,state_house,labor_commissioner,state_house_labor_commissioner_2004.json,72,3307492,3307493,1,True,-28.86,-28.86,0.0,DEM,DEM,False
2024,state_house,labor_commissioner,state_house_labor_commissioner_2004.json,73,3307492,3307493,1,True,24.7,24.7,0.0,REP,REP,False
2024,state_house,labor_commissioner,state_house_labor_commissioner_2004.json,74,3307492,3307493,1,True,34.31,34.31,0.0,REP,REP,False
2024,state_house,labor_commissioner,state_house_labor_commissioner_2004.json,75,3307492,3307493,1,True,27.48,27.48,0.0,REP,REP,False
2024,state_house,labor_commissioner,state_house_labor_commissioner_2004.json,76,3307492,3307493,1,True,16.56,16.56,0.0,REP,REP,False
2024,state_house,labor_commissioner,state_house_labor_commissioner_2004.json,77,3307492,3307493,1,True,39.34,39.34,0.0,REP,REP,False
2024,state_house,labor_commissioner,state_house_labor_commissioner_2004.json,78,3307492,3307493,1,True,32.72,32.72,0.0,REP,REP,False
2024,state_house,labor_commissioner,state_house_labor_commissioner_2004.json,79,3307492,3307493,1,True,5.54,5.54,0.0,REP,REP,False
2024,state_house,labor_commissioner,state_house_labor_commissioner_2004.json,80,3307492,3307493,1,True,38.79,38.79,0.0,REP,REP,False
2024,state_house,labor_commissioner,state_house_labor_commissioner_2004.json,81,3307492,3307493,1,True,20.91,20.91,0.0,REP,REP,False
2024,state_house,labor_commissioner,state_house_labor_commissioner_2004.json,82,3307492,3307493,1,True,36.12,36.12,0.0,REP,REP,False
2024,state_house,labor_commissioner,state_house_labor_commissioner_2004.json,83,3307492,3307493,1,True,32.61,32.61,0.0,REP,REP,False
2024,state_house,labor_commissioner,state_house_labor_commissioner_2004.json,84,3307492,3307493,1,True,18.25,18.25,0.0,REP,REP,False
2024,state_house,labor_commissioner,state_house_labor_commissioner_2004.json,85,3307492,3307493,1,True,22.95,22.95,0.0,REP,REP,False
2024,state_house,labor_commissioner,state_house_labor_commissioner_2004.json,86,3307492,3307493,1,True,16.92,16.92,0.0,REP,REP,False
2024,state_house,labor_commissioner,state_house_labor_commissioner_2004.json,87,3307492,3307493,1,True,28.25,28.25,0.0,REP,REP,False
2024,state_house,labor_commissioner,state_house_labor_commissioner_2004.json,88,3307492,3307493,1,True,-15.66,-15.66,0.0,DEM,DEM,False
2024,state_house,labor_commissioner,state_house_labor_commissioner_2004.json,89,3307492,3307493,1,True,38.08,38.08,0.0,REP,REP,False
2024,state_house,labor_commissioner,state_house_labor_commissioner_2004.json,90,3307492,3307493,1,True,23.51,23.51,0.0,REP,REP,False
2024,state_house,labor_commissioner,state_house_labor_commissioner_2004.json,91,3307492,3307493,1,True,18.33,18.33,0.0,REP,REP,False
2024,state_house,labor_commissioner,state_house_labor_commissioner_2004.json,92,3307492,3307493,1,True,-9.06,-9.06,0.0,DEM,DEM,False
2024,state_house,labor_commissioner,state_house_labor_commissioner_2004.json,93,3307492,3307493,1,True,6.72,6.72,0.0,REP,REP,False
2024,state_house,labor_commissioner,state_house_labor_commissioner_2004.json,94,3307492,3307493,1,True,27.63,27.63,0.0,REP,REP,False
2024,state_house,labor_commissioner,state_house_labor_commissioner_2004.json,95,3307492,3307493,1,True,34.28,34.28,0.0,REP,REP,False
2024,state_house,labor_commissioner,state_house_labor_commissioner_2004.json,96,3307492,3307493,1,True,35.38,35.38,0.0,REP,REP,False
2024,state_house,labor_commissioner,state_house_labor_commissioner_2004.json,97,3307492,3307493,1,True,31.17,31.17,0.0,REP,REP,False
2024,state_house,labor_commissioner,state_house_labor_commissioner_2004.json,98,3307492,3307493,1,True,33.8,33.8,0.0,REP,REP,False
2024,state_house,labor_commissioner,state_house_labor_commissioner_2004.json,99,3307492,3307493,1,True,-39.0,-39.0,0.0,DEM,DEM,False
2024,state_house,labor_commissioner,state_house_labor_commissioner_2004.json,100,3307492,3307493,1,True,2.24,2.24,0.0,REP,REP,False
2024,state_house,labor_commissioner,state_house_labor_commissioner_2004.json,101,3307492,3307493,1,True,0.79,0.79,0.0,REP,REP,False
2024,state_house,labor_commissioner,state_house_labor_commissioner_2004.json,102,3307492,3307493,1,True,-29.53,-29.53,0.0,DEM,DEM,False
2024,state_house,labor_commissioner,state_house_labor_commissioner_2004.json,103,3307492,3307493,1,True,28.98,28.98,0.0,REP,REP,False
2024,state_house,labor_commissioner,state_house_labor_commissioner_2004.json,104,3307492,3307493,1,True,28.58,28.58,0.0,REP,REP,False
2024,state_house,labor_commissioner,state_house_labor_commissioner_2004.json,105,3307492,3307493,1,True,40.64,40.64,0.0,REP,REP,False
2024,state_house,labor_commissioner,state_house_labor_commissioner_2004.json,106,3307492,3307493,1,True,-4.83,-4.83,0.0,DEM,DEM,False
2024,state_house,labor_commissioner,state_house_labor_commissioner_2004.json,107,3307492,3307493,1,True,-70.6,-70.6,0.0,DEM,DEM,False
2024,state_house,labor_commissioner,state_house_labor_commissioner_2004.json,108,3307492,3307493,1,True,33.81,33.81,0.0,REP,REP,False
2024,state_house,labor_commissioner,state_house_labor_commissioner_2004.json,109,3307492,3307493,1,True,31.68,31.68,0.0,REP,REP,False
2024,state_house,labor_commissioner,state_house_labor_commissioner_2004.json,110,3307492,3307493,1,True,15.76,15.76,0.0,REP,REP,False
2024,state_house,labor_commissioner,state_house_labor_commissioner_2004.json,111,3307492,3307493,1,True,12.22,12.22,0.0,REP,REP,False
2024,state_house,labor_commissioner,state_house_labor_commissioner_2004.json,112,3307492,3307493,1,True,-39.41,-39.41,0.0,DEM,DEM,False
2024,state_house,labor_commissioner,state_house_labor_commissioner_2004.json,113,3307492,3307493,1,True,17.28,17.28,0.0,REP,REP,False
2024,state_house,labor_commissioner,state_house_labor_commissioner_2004.json,114,3307492,3307493,1,True,8.83,8.83,0.0,REP,REP,False
2024,state_house,labor_commissioner,state_house_labor_commissioner_2004.json,115,3307492,3307493,1,True,-4.24,-4.24,0.0,DEM,DEM,False
2024,state_house,labor_commissioner,state_house_labor_commissioner_2004.json,116,3307492,3307493,1,True,-11.27,-11.27,0.0,DEM,DEM,False
2024,state_house,labor_commissioner,state_house_labor_commissioner_2004.json,117,3307492,3307493,1,True,25.19,25.19,0.0,REP,REP,False
2024,state_house,labor_commissioner,state_house_labor_commissioner_2004.json,118,3307492,3307493,1,True,-3.58,-3.58,0.0,DEM,DEM,False
2024,state_house,labor_commissioner,state_house_labor_commissioner_2004.json,119,3307492,3307493,1,True,3.8,3.8,0.0,REP,REP,False
2024,state_house,labor_commissioner,state_house_labor_commissioner_2004.json,120,3307492,3307493,1,True,18.5,18.5,0.0,REP,REP,False
2024,state_house,lieutenant_governor,state_house_lieutenant_governor_2004.json,1,3398470,3398476,6,True,-10.37,-10.37,0.0,DEM,DEM,False
2024,state_house,lieutenant_governor,state_house_lieutenant_governor_2004.json,2,3398470,3398476,6,True,-29.51,-29.51,0.0,DEM,DEM,False
2024,state_house,lieutenant_governor,state_house_lieutenant_governor_2004.json,3,3398470,3398476,6,True,-24.34,-24.34,0.0,DEM,DEM,False
2024,state_house,lieutenant_governor,state_house_lieutenant_governor_2004.json,4,3398470,3398476,6,True,-25.91,-25.91,0.0,DEM,DEM,False
2024,state_house,lieutenant_governor,state_house_lieutenant_governor_2004.json,5,3398470,3398476,6,True,-28.97,-28.97,0.0,DEM,DEM,False
2024,state_house,lieutenant_governor,state_house_lieutenant_governor_2004.json,6,3398470,3398476,6,True,-13.79,-13.79,0.0,DEM,DEM,False
2024,state_house,lieutenant_governor,state_house_lieutenant_governor_2004.json,7,3398470,3398476,6,True,-28.84,-28.84,0.0,DEM,DEM,False
2024,state_house,lieutenant_governor,state_house_lieutenant_governor_2004.json,8,3398470,3398476,6,True,-36.82,-36.82,0.0,DEM,DEM,False
2024,state_house,lieutenant_governor,state_house_lieutenant_governor_2004.json,9,3398470,3398476,6,True,-10.76,-10.76,0.0,DEM,DEM,False
2024,state_house,lieutenant_governor,state_house_lieutenant_governor_2004.json,10,3398470,3398476,6,True,-9.68,-9.68,0.0,DEM,DEM,False
2024,state_house,lieutenant_governor,state_house_lieutenant_governor_2004.json,11,3398470,3398476,6,True,-18.35,-18.35,0.0,DEM,DEM,False
2024,state_house,lieutenant_governor,state_house_lieutenant_governor_2004.json,12,3398470,3398476,6,True,-33.03,-33.03,0.0,DEM,DEM,False
2024,state_house,lieutenant_governor,state_house_lieutenant_governor_2004.json,13,3398470,3398476,6,True,-15.29,-15.29,0.0,DEM,DEM,False
2024,state_house,lieutenant_governor,state_house_lieutenant_governor_2004.json,14,3398470,3398476,6,True,-11.24,-11.24,0.0,DEM,DEM,False
2024,state_house,lieutenant_governor,state_house_lieutenant_governor_2004.json,15,3398470,3398476,6,True,-7.18,-7.18,0.0,DEM,DEM,False
2024,state_house,lieutenant_governor,state_house_lieutenant_governor_2004.json,16,3398470,3398476,6,True,-9.95,-9.95,0.0,DEM,DEM,False
2024,state_house,lieutenant_governor,state_house_lieutenant_governor_2004.json,17,3398470,3398476,6,True,-11.14,-11.14,0.0,DEM,DEM,False
2024,state_house,lieutenant_governor,state_house_lieutenant_governor_2004.json,18,3398470,3398476,6,True,-30.22,-30.22,0.0,DEM,DEM,False
2024,state_house,lieutenant_governor,state_house_lieutenant_governor_2004.json,19,3398470,3398476,6,True,-5.08,-5.08,0.0,DEM,DEM,False
2024,state_house,lieutenant_governor,state_house_lieutenant_governor_2004.json,20,3398470,3398476,6,True,0.27,0.27,0.0,REP,REP,False
2024,state_house,lieutenant_governor,state_house_lieutenant_governor_2004.json,21,3398470,3398476,6,True,-6.14,-6.14,0.0,DEM,DEM,False
2024,state_house,lieutenant_governor,state_house_lieutenant_governor_2004.json,22,3398470,3398476,6,True,-26.73,-26.73,0.0,DEM,DEM,False
2024,state_house,lieutenant_governor,state_house_lieutenant_governor_2004.json,23,3398470,3398476,6,True,-54.27,-54.27,0.0,DEM,DEM,False
2024,state_house,lieutenant_governor,state_house_lieutenant_governor_2004.json,24,3398470,3398476,6,True,-24.07,-24.07,0.0,DEM,DEM,False
2024,state_house,lieutenant_governor,state_house_lieutenant_governor_2004.json,25,3398470,3398476,6,True,-24.45,-24.45,0.0,DEM,DEM,False
2024,state_house,lieutenant_governor,state_house_lieutenant_governor_2004.json,26,3398470,3398476,6,True,-2.49,-2.49,0.0,DEM,DEM,False
2024,state_house,lieutenant_governor,state_house_lieutenant_governor_2004.json,27,3398470,3398476,6,True,-56.27,-56.27,0.0,DEM,DEM,False
2024,state_house,lieutenant_governor,state_house_lieutenant_governor_2004.json,28,3398470,3398476,6,True,-8.72,-8.72,0.0,DEM,DEM,False
2024,state_house,lieutenant_governor,state_house_lieutenant_governor_2004.json,29,3398470,3398476,6,True,-53.47,-53.47,0.0,DEM,DEM,False
2024,state_house,lieutenant_governor,state_house_lieutenant_governor_2004.json,30,3398470,3398476,6,True,-57.71,-57.71,0.0,DEM,DEM,False
2024,state_house,lieutenant_governor,state_house_lieutenant_governor_2004.json,31,3398470,3398476,6,True,-60.67,-60.67,0.0,DEM,DEM,False
2024,state_house,lieutenant_governor,state_house_lieutenant_governor_2004.json,32,3398470,3398476,6,True,-41.28,-41.28,0.0,DEM,DEM,False
2024,state_house,lieutenant_governor,state_house_lieutenant_governor_2004.json,33,3398470,3398476,6,True,-30.37,-30.37,0.0,DEM,DEM,False
2024,state_house,lieutenant_governor,state_house_lieutenant_governor_2004.json,34,3398470,3398476,6,True,-28.5,-28.5,0.0,DEM,DEM,False
2024,state_house,lieutenant_governor,state_house_lieutenant_governor_2004.json,35,3398470,3398476,6,True,0.71,0.71,0.0,REP,REP,False
2024,state_house,lieutenant_governor,state_house_lieutenant_governor_2004.json,36,3398470,3398476,6,True,-3.88,-3.88,0.0,DEM,DEM,False
2024,state_house,lieutenant_governor,state_house_lieutenant_governor_2004.json,37,3398470,3398476,6,True,-10.47,-10.47,0.0,DEM,DEM,False
2024,state_house,lieutenant_governor,state_house_lieutenant_governor_2004.json,38,3398470,3398476,6,True,-68.81,-68.81,0.0,DEM,DEM,False
2024,state_house,lieutenant_governor,state_house_lieutenant_governor_2004.json,39,3398470,3398476,6,True,-25.62,-25.62,0.0,DEM,DEM,False
2024,state_house,lieutenant_governor,state_house_lieutenant_governor_2004.json,40,3398470,3398476,6,True,-13.94,-13.94,0.0,DEM,DEM,False
2024,state_house,lieutenant_governor,state_house_lieutenant_governor_2004.json,41,3398470,3398476,6,True,-15.08,-15.08,0.0,DEM,DEM,False
2024,state_house,lieutenant_governor,state_house_lieutenant_governor_2004.json,42,3398470,3398476,6,True,-40.34,-40.34,0.0,DEM,DEM,False
2024,state_house,lieutenant_governor,state_house_lieutenant_governor_2004.json,43,3398470,3398476,6,True,-16.98,-16.98,0.0,DEM,DEM,False
2024,state_house,lieutenant_governor,state_house_lieutenant_governor_2004.json,44,3398470,3398476,6,True,-32.89,-32.89,0.0,DEM,DEM,False
2024,state_house,lieutenant_governor,state_house_lieutenant_governor_2004.json,45,3398470,3398476,6,True,-19.7,-19.7,0.0,DEM,DEM,False
2024,state_house,lieutenant_governor,state_house_lieutenant_governor_2004.json,46,3398470,3398476,6,True,-39.87,-39.87,0.0,DEM,DEM,False
2024,state_house,lieutenant_governor,state_house_lieutenant_governor_2004.json,47,3398470,3398476,6,True,-53.62,-53.62,0.0,DEM,DEM,False
2024,state_house,lieutenant_governor,state_house_lieutenant_governor_2004.json,48,3398470,3398476,6,True,-35.52,-35.52,0.0,DEM,DEM,False
2024,state_house,lieutenant_governor,state_house_lieutenant_governor_2004.json,49,3398470,3398476,6,True,-33.3,-33.3,0.0,DEM,DEM,False
2024,state_house,lieutenant_governor,state_house_lieutenant_governor_2004.json,50,3398470,3398476,6,True,-42.5,-42.5,0.0,DEM,DEM,False
2024,state_house,lieutenant_governor,state_house_lieutenant_governor_2004.json,51,3398470,3398476,6,True,-14.56,-14.56,0.0,DEM,DEM,False
2024,state_house,lieutenant_governor,state_house_lieutenant_governor_2004.json,52,3398470,3398476,6,True,-18.99,-18.99,0.0,DEM,DEM,False
2024,state_house,lieutenant_governor,state_house_lieutenant_governor_2004.json,53,3398470,3398476,6,True,0.6,0.6,0.0,REP,REP,False
2024,state_house,lieutenant_governor,state_house_lieutenant_governor_2004.json,54,3398470,3398476,6,True,-20.63,-20.63,0.0,DEM,DEM,False
2024,state_house,lieutenant_governor,state_house_lieutenant_governor_2004.json,55,3398470,3398476,6,True,-9.06,-9.06,0.0,DEM,DEM,False
2024,state_house,lieutenant_governor,state_house_lieutenant_governor_2004.json,56,3398470,3398476,6,True,-47.66,-47.66,0.0,DEM,DEM,False
2024,state_house,lieutenant_governor,state_house_lieutenant_governor_2004.json,57,3398470,3398476,6,True,-22.43,-22.43,0.0,DEM,DEM,False
2024,state_house,lieutenant_governor,state_house_lieutenant_governor_2004.json,58,3398470,3398476,6,True,-43.62,-43.62,0.0,DEM,DEM,False
2024,state_house,lieutenant_governor,state_house_lieutenant_governor_2004.json,59,3398470,3398476,6,True,14.03,14.03,0.0,REP,REP,False
2024,state_house,lieutenant_governor,state_house_lieutenant_governor_2004.json,60,3398470,3398476,6,True,-20.54,-20.54,0.0,DEM,DEM,False
2024,state_house,lieutenant_governor,state_house_lieutenant_governor_2004.json,61,3398470,3398476,6,True,-43.4,-43.4,0.0,DEM,DEM,False
2024,state_house,lieutenant_governor,state_house_lieutenant_governor_2004.json,62,3398470,3398476,6,True,13.09,13.09,0.0,REP,REP,False
2024,state_house,lieutenant_governor,state_house_lieutenant_governor_2004.json,63,3398470,3398476,6,True,-6.32,-6.32,0.0,DEM,DEM,False
2024,state_house,lieutenant_governor,state_house_lieutenant_governor_2004.json,64,3398470,3398476,6,True,-1.49,-1.49,0.0,DEM,DEM,False
2024,state_house,lieutenant_governor,state_house_lieutenant_governor_2004.json,65,3398470,3398476,6,True,-10.42,-10.42,0.0,DEM,DEM,False
2024,state_house,lieutenant_governor,state_house_lieutenant_governor_2004.json,66,3398470,3398476,6,True,-23.78,-23.78,0.0,DEM,DEM,False
2024,state_house,lieutenant_governor,state_house_lieutenant_governor_2004.json,67,3398470,3398476,6,True,1.58,1.58,0.0,REP,REP,False
2024,state_house,lieutenant_governor,state_house_lieutenant_governor_2004.json,68,3398470,3398476,6,True,33.14,33.14,0.0,REP,REP,False
2024,state_house,lieutenant_governor,state_house_lieutenant_governor_2004.json,69,3398470,3398476,6,True,30.73,30.73,0.0,REP,REP,False
2024,state_house,lieutenant_governor,state_house_lieutenant_governor_2004.json,70,3398470,3398476,6,True,24.32,24.32,0.0,REP,REP,False
2024,state_house,lieutenant_governor,state_house_lieutenant_governor_2004.json,71,3398470,3398476,6,True,-26.82,-26.82,0.0,DEM,DEM,False
2024,state_house,lieutenant_governor,state_house_lieutenant_governor_2004.json,72,3398470,3398476,6,True,-42.47,-42.47,0.0,DEM,DEM,False
2024,state_house,lieutenant_governor,state_house_lieutenant_governor_2004.json,73,3398470,3398476,6,True,5.64,5.64,0.0,REP,REP,False
2024,state_house,lieutenant_governor,state_house_lieutenant_governor_2004.json,74,3398470,3398476,6,True,13.28,13.28,0.0,REP,REP,False
2024,state_house,lieutenant_governor,state_house_lieutenant_governor_2004.json,75,3398470,3398476,6,True,11.25,11.25,0.0,REP,REP,False
2024,state_house,lieutenant_governor,state_house_lieutenant_governor_2004.json,76,3398470,3398476,6,True,-0.63,-0.63,0.0,DEM,DEM,False
2024,state_house,lieutenant_governor,state_house_lieutenant_governor_2004.json,77,3398470,3398476,6,True,21.88,21.88,0.0,REP,REP,False
2024,state_house,lieutenant_governor,state_house_lieutenant_governor_2004.json,78,3398470,3398476,6,True,15.13,15.13,0.0,REP,REP,False
2024,state_house,lieutenant_governor,state_house_lieutenant_governor_2004.json,79,3398470,3398476,6,True,-19.12,-19.12,0.0,DEM,DEM,False
2024,state_house,lieutenant_governor,state_house_lieutenant_governor_2004.json,80,3398470,3398476,6,True,26.91,26.91,0.0,REP,REP,False
2024,state_house,lieutenant_governor,state_house_lieutenant_governor_2004.json,81,3398470,3398476,6,True,20.87,20.87,0.0,REP,REP,False
2024,state_house,lieutenant_governor,state_house_lieutenant_governor_2004.json,82,3398470,3398476,6,True,18.15,18.15,0.0,REP,REP,False
2024,state_house,lieutenant_governor,state_house_lieutenant_governor_2004.json,83,3398470,3398476,6,True,13.83,13.83,0.0,REP,REP,False
2024,state_house,lieutenant_governor,state_house_lieutenant_governor_2004.json,84,3398470,3398476,6,True,1.85,1.85,0.0,REP,REP,False
2024,state_house,lieutenant_governor,state_house_lieutenant_governor_2004.json,85,3398470,3398476,6,True,13.11,13.11,0.0,REP,REP,False
2024,state_house,lieutenant_governor,state_house_lieutenant_governor_2004.json,86,3398470,3398476,6,True,0.83,0.83,0.0,REP,REP,False
2024,state_house,lieutenant_governor,state_house_lieutenant_governor_2004.json,87,3398470,3398476,6,True,9.07,9.07,0.0,REP,REP,False
2024,state_house,lieutenant_governor,state_house_lieutenant_governor_2004.json,88,3398470,3398476,6,True,-31.07,-31.07,0.0,DEM,DEM,False
2024,state_house,lieutenant_governor,state_house_lieutenant_governor_2004.json,89,3398470,3398476,6,True,16.52,16.52,0.0,REP,REP,False
2024,state_house,lieutenant_governor,state_house_lieutenant_governor_2004.json,90,3398470,3398476,6,True,8.73,8.73,0.0,REP,REP,False
2024,state_house,lieutenant_governor,state_house_lieutenant_governor_2004.json,91,3398470,3398476,6,True,3.55,3.55,0.0,REP,REP,False
2024,state_house,lieutenant_governor,state_house_lieutenant_governor_2004.json,92,3398470,3398476,6,True,-19.72,-19.72,0.0,DEM,DEM,False
2024,state_house,lieutenant_governor,state_house_lieutenant_governor_2004.json,93,3398470,3398476,6,True,-3.63,-3.63,0.0,DEM,DEM,False
2024,state_house,lieutenant_governor,state_house_lieutenant_governor_2004.json,94,3398470,3398476,6,True,10.99,10.99,0.0,REP,REP,False
2024,state_house,lieutenant_governor,state_house_lieutenant_governor_2004.json,95,3398470,3398476,6,True,17.65,17.65,0.0,REP,REP,False
2024,state_house,lieutenant_governor,state_house_lieutenant_governor_2004.json,96,3398470,3398476,6,True,13.44,13.44,0.0,REP,REP,False
2024,state_house,lieutenant_governor,state_house_lieutenant_governor_2004.json,97,3398470,3398476,6,True,8.03,8.03,0.0,REP,REP,False
2024,state_house,lieutenant_governor,state_house_lieutenant_governor_2004.json,98,3398470,3398476,6,True,16.15,16.15,0.0,REP,REP,False
2024,state_house,lieutenant_governor,state_house_lieutenant_governor_2004.json,99,3398470,3398476,6,True,-46.91,-46.91,0.0,DEM,DEM,False
2024,state_house,lieutenant_governor,state_house_lieutenant_governor_2004.json,100,3398470,3398476,6,True,-12.37,-12.37,0.0,DEM,DEM,False
2024,state_house,lieutenant_governor,state_house_lieutenant_governor_2004.json,101,3398470,3398476,6,True,-11.29,-11.29,0.0,DEM,DEM,False
2024,state_house,lieutenant_governor,state_house_lieutenant_governor_2004.json,102,3398470,3398476,6,True,-43.05,-43.05,0.0,DEM,DEM,False
2024,state_house,lieutenant_governor,state_house_lieutenant_governor_2004.json,103,3398470,3398476,6,True,14.13,14.13,0.0,REP,REP,False
2024,state_house,lieutenant_governor,state_house_lieutenant_governor_2004.json,104,3398470,3398476,6,True,3.65,3.65,0.0,REP,REP,False
2024,state_house,lieutenant_governor,state_house_lieutenant_governor_2004.json,105,3398470,3398476,6,True,21.99,21.99,0.0,REP,REP,False
2024,state_house,lieutenant_governor,state_house_lieutenant_governor_2004.json,106,3398470,3398476,6,True,-17.87,-17.87,0.0,DEM,DEM,False
2024,state_house,lieutenant_governor,state_house_lieutenant_governor_2004.json,107,3398470,3398476,6,True,-74.53,-74.53,0.0,DEM,DEM,False
2024,state_house,lieutenant_governor,state_house_lieutenant_governor_2004.json,108,3398470,3398476,6,True,15.15,15.15,0.0,REP,REP,False
2024,state_house,lieutenant_governor,state_house_lieutenant_governor_2004.json,109,3398470,3398476,6,True,11.41,11.41,0.0,REP,REP,False
2024,state_house,lieutenant_governor,state_house_lieutenant_governor_2004.json,110,3398470,3398476,6,True,-2.01,-2.01,0.0,DEM,DEM,False
2024,state_house,lieutenant_governor,state_house_lieutenant_governor_2004.json,111,3398470,3398476,6,True,-1.71,-1.71,0.0,DEM,DEM,False
2024,state_house,lieutenant_governor,state_house_lieutenant_governor_2004.json,112,3398470,3398476,6,True,-47.4,-47.4,0.0,DEM,DEM,False
2024,state_house,lieutenant_governor,state_house_lieutenant_governor_2004.json,113,3398470,3398476,6,True,5.94,5.94,0.0,REP,REP,False
2024,state_house,lieutenant_governor,state_house_lieutenant_governor_2004.json,114,3398470,3398476,6,True,-6.5,-6.5,0.0,DEM,DEM,False
2024,state_house,lieutenant_governor,state_house_lieutenant_governor_2004.json,115,3398470,3398476,6,True,-17.32,-17.32,0.0,DEM,DEM,False
2024,state_house,lieutenant_governor,state_house_lieutenant_governor_2004.json,116,3398470,3398476,6,True,-23.82,-23.82,0.0,DEM,DEM,False
2024,state_house,lieutenant_governor,state_house_lieutenant_governor_2004.json,117,3398470,3398476,6,True,13.86,13.86,0.0,REP,REP,False
2024,state_house,lieutenant_governor,state_house_lieutenant_governor_2004.json,118,3398470,3398476,6,True,-14.88,-14.88,0.0,DEM,DEM,False
2024,state_house,lieutenant_governor,state_house_lieutenant_governor_2004.json,119,3398470,3398476,6,True,-6.27,-6.27,0.0,DEM,DEM,False
2024,state_house,lieutenant_governor,state_house_lieutenant_governor_2004.json,120,3398470,3398476,6,True,12.4,12.4,0.0,REP,REP,False
2024,state_house,nc_court_of_appeals_judge_seat_04,state_house_nc_court_of_appeals_judge_seat_04_2004.json,1,2632583,2632578,-5,True,-11.9,-11.9,0.0,DEM,DEM,False
2024,state_house,nc_court_of_appeals_judge_seat_04,state_house_nc_court_of_appeals_judge_seat_04_2004.json,2,2632583,2632578,-5,True,-24.15,-24.15,0.0,DEM,DEM,False
2024,state_house,nc_court_of_appeals_judge_seat_04,state_house_nc_court_of_appeals_judge_seat_04_2004.json,3,2632583,2632578,-5,True,-5.67,-5.67,0.0,DEM,DEM,False
2024,state_house,nc_court_of_appeals_judge_seat_04,state_house_nc_court_of_appeals_judge_seat_04_2004.json,4,2632583,2632578,-5,True,-14.74,-14.74,0.0,DEM,DEM,False
2024,state_house,nc_court_of_appeals_judge_seat_04,state_house_nc_court_of_appeals_judge_seat_04_2004.json,5,2632583,2632578,-5,True,-21.87,-21.87,0.0,DEM,DEM,False
2024,state_house,nc_court_of_appeals_judge_seat_04,state_house_nc_court_of_appeals_judge_seat_04_2004.json,6,2632583,2632578,-5,True,-9.46,-9.46,0.0,DEM,DEM,False
2024,state_house,nc_court_of_appeals_judge_seat_04,state_house_nc_court_of_appeals_judge_seat_04_2004.json,7,2632583,2632578,-5,True,-22.02,-22.02,0.0,DEM,DEM,False
2024,state_house,nc_court_of_appeals_judge_seat_04,state_house_nc_court_of_appeals_judge_seat_04_2004.json,8,2632583,2632578,-5,True,-26.08,-26.08,0.0,DEM,DEM,False
2024,state_house,nc_court_of_appeals_judge_seat_04,state_house_nc_court_of_appeals_judge_seat_04_2004.json,9,2632583,2632578,-5,True,-3.07,-3.07,0.0,DEM,DEM,False
2024,state_house,nc_court_of_appeals_judge_seat_04,state_house_nc_court_of_appeals_judge_seat_04_2004.json,10,2632583,2632578,-5,True,-1.12,-1.12,0.0,DEM,DEM,False
2024,state_house,nc_court_of_appeals_judge_seat_04,state_house_nc_court_of_appeals_judge_seat_04_2004.json,11,2632583,2632578,-5,True,-14.6,-14.6,0.0,DEM,DEM,False
2024,state_house,nc_court_of_appeals_judge_seat_04,state_house_nc_court_of_appeals_judge_seat_04_2004.json,12,2632583,2632578,-5,True,-13.33,-13.33,0.0,DEM,DEM,False
2024,state_house,nc_court_of_appeals_judge_seat_04,state_house_nc_court_of_appeals_judge_seat_04_2004.json,13,2632583,2632578,-5,True,-8.33,-8.33,0.0,DEM,DEM,False
2024,state_house,nc_court_of_appeals_judge_seat_04,state_house_nc_court_of_appeals_judge_seat_04_2004.json,14,2632583,2632578,-5,True,-13.22,-13.22,0.0,DEM,DEM,False
2024,state_house,nc_court_of_appeals_judge_seat_04,state_house_nc_court_of_appeals_judge_seat_04_2004.json,15,2632583,2632578,-5,True,-4.27,-4.27,0.0,DEM,DEM,False
2024,state_house,nc_court_of_appeals_judge_seat_04,state_house_nc_court_of_appeals_judge_seat_04_2004.json,16,2632583,2632578,-5,True,-5.25,-5.25,0.0,DEM,DEM,False
2024,state_house,nc_court_of_appeals_judge_seat_04,state_house_nc_court_of_appeals_judge_seat_04_2004.json,17,2632583,2632578,-5,True,-21.24,-21.24,0.0,DEM,DEM,False
2024,state_house,nc_court_of_appeals_judge_seat_04,state_house_nc_court_of_appeals_judge_seat_04_2004.json,18,2632583,2632578,-5,True,-28.04,-28.04,0.0,DEM,DEM,False
2024,state_house,nc_court_of_appeals_judge_seat_04,state_house_nc_court_of_appeals_judge_seat_04_2004.json,19,2632583,2632578,-5,True,-11.66,-11.66,0.0,DEM,DEM,False
2024,state_house,nc_court_of_appeals_judge_seat_04,state_house_nc_court_of_appeals_judge_seat_04_2004.json,20,2632583,2632578,-5,True,-3.18,-3.18,0.0,DEM,DEM,False
2024,state_house,nc_court_of_appeals_judge_seat_04,state_house_nc_court_of_appeals_judge_seat_04_2004.json,21,2632583,2632578,-5,True,-5.47,-5.47,0.0,DEM,DEM,False
2024,state_house,nc_court_of_appeals_judge_seat_04,state_house_nc_court_of_appeals_judge_seat_04_2004.json,22,2632583,2632578,-5,True,-14.51,-14.51,0.0,DEM,DEM,False
2024,state_house,nc_court_of_appeals_judge_seat_04,state_house_nc_court_of_appeals_judge_seat_04_2004.json,23,2632583,2632578,-5,True,-33.48,-33.48,0.0,DEM,DEM,False
2024,state_house,nc_court_of_appeals_judge_seat_04,state_house_nc_court_of_appeals_judge_seat_04_2004.json,24,2632583,2632578,-5,True,-11.8,-11.8,0.0,DEM,DEM,False
2024,state_house,nc_court_of_appeals_judge_seat_04,state_house_nc_court_of_appeals_judge_seat_04_2004.json,25,2632583,2632578,-5,True,-9.35,-9.35,0.0,DEM,DEM,False
2024,state_house,nc_court_of_appeals_judge_seat_04,state_house_nc_court_of_appeals_judge_seat_04_2004.json,26,2632583,2632578,-5,True,2.47,2.47,0.0,REP,REP,False
2024,state_house,nc_court_of_appeals_judge_seat_04,state_house_nc_court_of_appeals_judge_seat_04_2004.json,27,2632583,2632578,-5,True,-36.92,-36.92,0.0,DEM,DEM,False
2024,state_house,nc_court_of_appeals_judge_seat_04,state_house_nc_court_of_appeals_judge_seat_04_2004.json,28,2632583,2632578,-5,True,-2.6,-2.6,0.0,DEM,DEM,False
2024,state_house,nc_court_of_appeals_judge_seat_04,state_house_nc_court_of_appeals_judge_seat_04_2004.json,29,2632583,2632578,-5,True,-51.72,-51.72,0.0,DEM,DEM,False
2024,state_house,nc_court_of_appeals_judge_seat_04,state_house_nc_court_of_appeals_judge_seat_04_2004.json,30,2632583,2632578,-5,True,-52.75,-52.75,0.0,DEM,DEM,False
2024,state_house,nc_court_of_appeals_judge_seat_04,state_house_nc_court_of_appeals_judge_seat_04_2004.json,31,2632583,2632578,-5,True,-53.7,-53.7,0.0,DEM,DEM,False
2024,state_house,nc_court_of_appeals_judge_seat_04,state_house_nc_court_of_appeals_judge_seat_04_2004.json,32,2632583,2632578,-5,True,-29.52,-29.52,0.0,DEM,DEM,False
2024,state_house,nc_court_of_appeals_judge_seat_04,state_house_nc_court_of_appeals_judge_seat_04_2004.json,33,2632583,2632578,-5,True,-27.79,-27.79,0.0,DEM,DEM,False
2024,state_house,nc_court_of_appeals_judge_seat_04,state_house_nc_court_of_appeals_judge_seat_04_2004.json,34,2632583,2632578,-5,True,-21.49,-21.49,0.0,DEM,DEM,False
2024,state_house,nc_court_of_appeals_judge_seat_04,state_house_nc_court_of_appeals_judge_seat_04_2004.json,35,2632583,2632578,-5,True,1.15,1.15,0.0,REP,REP,False
2024,state_house,nc_court_of_appeals_judge_seat_04,state_house_nc_court_of_appeals_judge_seat_04_2004.json,36,2632583,2632578,-5,True,-3.44,-3.44,0.0,DEM,DEM,False
2024,state_house,nc_court_of_appeals_judge_seat_04,state_house_nc_court_of_appeals_judge_seat_04_2004.json,37,2632583,2632578,-5,True,-8.18,-8.18,0.0,DEM,DEM,False
2024,state_house,nc_court_of_appeals_judge_seat_04,state_house_nc_court_of_appeals_judge_seat_04_2004.json,38,2632583,2632578,-5,True,-58.94,-58.94,0.0,DEM,DEM,False
2024,state_house,nc_court_of_appeals_judge_seat_04,state_house_nc_court_of_appeals_judge_seat_04_2004.json,39,2632583,2632578,-5,True,-25.41,-25.41,0.0,DEM,DEM,False
2024,state_house,nc_court_of_appeals_judge_seat_04,state_house_nc_court_of_appeals_judge_seat_04_2004.json,40,2632583,2632578,-5,True,-9.76,-9.76,0.0,DEM,DEM,False
2024,state_house,nc_court_of_appeals_judge_seat_04,state_house_nc_court_of_appeals_judge_seat_04_2004.json,41,2632583,2632578,-5,True,-18.03,-18.03,0.0,DEM,DEM,False
2024,state_house,nc_court_of_appeals_judge_seat_04,state_house_nc_court_of_appeals_judge_seat_04_2004.json,42,2632583,2632578,-5,True,-42.88,-42.88,0.0,DEM,DEM,False
2024,state_house,nc_court_of_appeals_judge_seat_04,state_house_nc_court_of_appeals_judge_seat_04_2004.json,43,2632583,2632578,-5,True,-19.09,-19.09,0.0,DEM,DEM,False
2024,state_house,nc_court_of_appeals_judge_seat_04,state_house_nc_court_of_appeals_judge_seat_04_2004.json,44,2632583,2632578,-5,True,-30.49,-30.49,0.0,DEM,DEM,False
2024,state_house,nc_court_of_appeals_judge_seat_04,state_house_nc_court_of_appeals_judge_seat_04_2004.json,45,2632583,2632578,-5,True,-24.44,-24.44,0.0,DEM,DEM,False
2024,state_house,nc_court_of_appeals_judge_seat_04,state_house_nc_court_of_appeals_judge_seat_04_2004.json,46,2632583,2632578,-5,True,-21.84,-21.84,0.0,DEM,DEM,False
2024,state_house,nc_court_of_appeals_judge_seat_04,state_house_nc_court_of_appeals_judge_seat_04_2004.json,47,2632583,2632578,-5,True,-31.47,-31.47,0.0,DEM,DEM,False
2024,state_house,nc_court_of_appeals_judge_seat_04,state_house_nc_court_of_appeals_judge_seat_04_2004.json,48,2632583,2632578,-5,True,-18.35,-18.35,0.0,DEM,DEM,False
2024,state_house,nc_court_of_appeals_judge_seat_04,state_house_nc_court_of_appeals_judge_seat_04_2004.json,49,2632583,2632578,-5,True,-28.67,-28.67,0.0,DEM,DEM,False
2024,state_house,nc_court_of_appeals_judge_seat_04,state_house_nc_court_of_appeals_judge_seat_04_2004.json,50,2632583,2632578,-5,True,-41.21,-41.21,0.0,DEM,DEM,False
2024,state_house,nc_court_of_appeals_judge_seat_04,state_house_nc_court_of_appeals_judge_seat_04_2004.json,51,2632583,2632578,-5,True,-14.58,-14.58,0.0,DEM,DEM,False
2024,state_house,nc_court_of_appeals_judge_seat_04,state_house_nc_court_of_appeals_judge_seat_04_2004.json,52,2632583,2632578,-5,True,-17.3,-17.3,0.0,DEM,DEM,False
2024,state_house,nc_court_of_appeals_judge_seat_04,state_house_nc_court_of_appeals_judge_seat_04_2004.json,53,2632583,2632578,-5,True,-0.88,-0.88,0.0,DEM,DEM,False
2024,state_house,nc_court_of_appeals_judge_seat_04,state_house_nc_court_of_appeals_judge_seat_04_2004.json,54,2632583,2632578,-5,True,-20.84,-20.84,0.0,DEM,DEM,False
2024,state_house,nc_court_of_appeals_judge_seat_04,state_house_nc_court_of_appeals_judge_seat_04_2004.json,55,2632583,2632578,-5,True,-6.7,-6.7,0.0,DEM,DEM,False
2024,state_house,nc_court_of_appeals_judge_seat_04,state_house_nc_court_of_appeals_judge_seat_04_2004.json,56,2632583,2632578,-5,True,-46.43,-46.43,0.0,DEM,DEM,False
2024,state_house,nc_court_of_appeals_judge_seat_04,state_house_nc_court_of_appeals_judge_seat_04_2004.json,57,2632583,2632578,-5,True,-33.27,-33.27,0.0,DEM,DEM,False
2024,state_house,nc_court_of_appeals_judge_seat_04,state_house_nc_court_of_appeals_judge_seat_04_2004.json,58,2632583,2632578,-5,True,-44.89,-44.89,0.0,DEM,DEM,False
2024,state_house,nc_court_of_appeals_judge_seat_04,state_house_nc_court_of_appeals_judge_seat_04_2004.json,59,2632583,2632578,-5,True,-5.96,-5.96,0.0,DEM,DEM,False
2024,state_house,nc_court_of_appeals_judge_seat_04,state_house_nc_court_of_appeals_judge_seat_04_2004.json,60,2632583,2632578,-5,True,-24.39,-24.39,0.0,DEM,DEM,False
2024,state_house,nc_court_of_appeals_judge_seat_04,state_house_nc_court_of_appeals_judge_seat_04_2004.json,61,2632583,2632578,-5,True,-44.97,-44.97,0.0,DEM,DEM,False
2024,state_house,nc_court_of_appeals_judge_seat_04,state_house_nc_court_of_appeals_judge_seat_04_2004.json,62,2632583,2632578,-5,True,-9.66,-9.66,0.0,DEM,DEM,False
2024,state_house,nc_court_of_appeals_judge_seat_04,state_house_nc_court_of_appeals_judge_seat_04_2004.json,63,2632583,2632578,-5,True,-7.34,-7.34,0.0,DEM,DEM,False
2024,state_house,nc_court_of_appeals_judge_seat_04,state_house_nc_court_of_appeals_judge_seat_04_2004.json,64,2632583,2632578,-5,True,-7.68,-7.68,0.0,DEM,DEM,False
2024,state_house,nc_court_of_appeals_judge_seat_04,state_house_nc_court_of_appeals_judge_seat_04_2004.json,65,2632583,2632578,-5,True,-8.28,-8.28,0.0,DEM,DEM,False
2024,state_house,nc_court_of_appeals_judge_seat_04,state_house_nc_court_of_appeals_judge_seat_04_2004.json,66,2632583,2632578,-5,True,-23.93,-23.93,0.0,DEM,DEM,False
2024,state_house,nc_court_of_appeals_judge_seat_04,state_house_nc_court_of_appeals_judge_seat_04_2004.json,67,2632583,2632578,-5,True,-5.23,-5.23,0.0,DEM,DEM,False
2024,state_house,nc_court_of_appeals_judge_seat_04,state_house_nc_court_of_appeals_judge_seat_04_2004.json,68,2632583,2632578,-5,True,19.31,19.31,0.0,REP,REP,False
2024,state_house,nc_court_of_appeals_judge_seat_04,state_house_nc_court_of_appeals_judge_seat_04_2004.json,69,2632583,2632578,-5,True,13.28,13.28,0.0,REP,REP,False
2024,state_house,nc_court_of_appeals_judge_seat_04,state_house_nc_court_of_appeals_judge_seat_04_2004.json,70,2632583,2632578,-5,True,8.15,8.15,0.0,REP,REP,False
2024,state_house,nc_court_of_appeals_judge_seat_04,state_house_nc_court_of_appeals_judge_seat_04_2004.json,71,2632583,2632578,-5,True,-34.28,-34.28,0.0,DEM,DEM,False
2024,state_house,nc_court_of_appeals_judge_seat_04,state_house_nc_court_of_appeals_judge_seat_04_2004.json,72,2632583,2632578,-5,True,-42.57,-42.57,0.0,DEM,DEM,False
2024,state_house,nc_court_of_appeals_judge_seat_04,state_house_nc_court_of_appeals_judge_seat_04_2004.json,73,2632583,2632578,-5,True,-25.22,-25.22,0.0,DEM,DEM,False
2024,state_house,nc_court_of_appeals_judge_seat_04,state_house_nc_court_of_appeals_judge_seat_04_2004.json,74,2632583,2632578,-5,True,-1.57,-1.57,0.0,DEM,DEM,False
2024,state_house,nc_court_of_appeals_judge_seat_04,state_house_nc_court_of_appeals_judge_seat_04_2004.json,75,2632583,2632578,-5,True,-4.47,-4.47,0.0,DEM,DEM,False
2024,state_house,nc_court_of_appeals_judge_seat_04,state_house_nc_court_of_appeals_judge_seat_04_2004.json,76,2632583,2632578,-5,True,-8.59,-8.59,0.0,DEM,DEM,False
2024,state_house,nc_court_of_appeals_judge_seat_04,state_house_nc_court_of_appeals_judge_seat_04_2004.json,77,2632583,2632578,-5,True,4.0,4.0,0.0,REP,REP,False
2024,state_house,nc_court_of_appeals_judge_seat_04,state_house_nc_court_of_appeals_judge_seat_04_2004.json,78,2632583,2632578,-5,True,10.28,10.28,0.0,REP,REP,False
2024,state_house,nc_court_of_appeals_judge_seat_04,state_house_nc_court_of_appeals_judge_seat_04_2004.json,79,2632583,2632578,-5,True,-8.77,-8.77,0.0,DEM,DEM,False
2024,state_house,nc_court_of_appeals_judge_seat_04,state_house_nc_court_of_appeals_judge_seat_04_2004.json,80,2632583,2632578,-5,True,1.31,1.31,0.0,REP,REP,False
2024,state_house,nc_court_of_appeals_judge_seat_04,state_house_nc_court_of_appeals_judge_seat_04_2004.json,81,2632583,2632578,-5,True,-5.25,-5.25,0.0,DEM,DEM,False
2024,state_house,nc_court_of_appeals_judge_seat_04,state_house_nc_court_of_appeals_judge_seat_04_2004.json,82,2632583,2632578,-5,True,-16.85,-16.85,0.0,DEM,DEM,False
2024,state_house,nc_court_of_appeals_judge_seat_04,state_house_nc_court_of_appeals_judge_seat_04_2004.json,83,2632583,2632578,-5,True,-9.35,-9.35,0.0,DEM,DEM,False
2024,state_house,nc_court_of_appeals_judge_seat_04,state_house_nc_court_of_appeals_judge_seat_04_2004.json,84,2632583,2632578,-5,True,2.48,2.48,0.0,REP,REP,False
2024,state_house,nc_court_of_appeals_judge_seat_04,state_house_nc_court_of_appeals_judge_seat_04_2004.json,85,2632583,2632578,-5,True,-5.32,-5.32,0.0,DEM,DEM,False
2024,state_house,nc_court_of_appeals_judge_seat_04,state_house_nc_court_of_appeals_judge_seat_04_2004.json,86,2632583,2632578,-5,True,-8.51,-8.51,0.0,DEM,DEM,False
2024,state_house,nc_court_of_appeals_judge_seat_04,state_house_nc_court_of_appeals_judge_seat_04_2004.json,87,2632583,2632578,-5,True,-1.28,-1.28,0.0,DEM,DEM,False
2024,state_house,nc_court_of_appeals_judge_seat_04,state_house_nc_court_of_appeals_judge_seat_04_2004.json,88,2632583,2632578,-5,True,-35.02,-35.02,0.0,DEM,DEM,False
2024,state_house,nc_court_of_appeals_judge_seat_04,state_house_nc_court_of_appeals_judge_seat_04_2004.json,89,2632583,2632578,-5,True,0.99,0.99,0.0,REP,REP,False
2024,state_house,nc_court_of_appeals_judge_seat_04,state_house_nc_court_of_appeals_judge_seat_04_2004.json,90,2632583,2632578,-5,True,0.2,0.2,0.0,REP,REP,False
2024,state_house,nc_court_of_appeals_judge_seat_04,state_house_nc_court_of_appeals_judge_seat_04_2004.json,91,2632583,2632578,-5,True,-6.98,-6.98,0.0,DEM,DEM,False
2024,state_house,nc_court_of_appeals_judge_seat_04,state_house_nc_court_of_appeals_judge_seat_04_2004.json,92,2632583,2632578,-5,True,-24.11,-24.11,0.0,DEM,DEM,False
2024,state_house,nc_court_of_appeals_judge_seat_04,state_house_nc_court_of_appeals_judge_seat_04_2004.json,93,2632583,2632578,-5,True,-15.28,-15.28,0.0,DEM,DEM,False
2024,state_house,nc_court_of_appeals_judge_seat_04,state_house_nc_court_of_appeals_judge_seat_04_2004.json,94,2632583,2632578,-5,True,1.35,1.35,0.0,REP,REP,False
2024,state_house,nc_court_of_appeals_judge_seat_04,state_house_nc_court_of_appeals_judge_seat_04_2004.json,95,2632583,2632578,-5,True,2.77,2.77,0.0,REP,REP,False
2024,state_house,nc_court_of_appeals_judge_seat_04,state_house_nc_court_of_appeals_judge_seat_04_2004.json,96,2632583,2632578,-5,True,-15.55,-15.55,0.0,DEM,DEM,False
2024,state_house,nc_court_of_appeals_judge_seat_04,state_house_nc_court_of_appeals_judge_seat_04_2004.json,97,2632583,2632578,-5,True,3.81,3.81,0.0,REP,REP,False
2024,state_house,nc_court_of_appeals_judge_seat_04,state_house_nc_court_of_appeals_judge_seat_04_2004.json,98,2632583,2632578,-5,True,-6.4,-6.4,0.0,DEM,DEM,False
2024,state_house,nc_court_of_appeals_judge_seat_04,state_house_nc_court_of_appeals_judge_seat_04_2004.json,99,2632583,2632578,-5,True,-45.43,-45.43,0.0,DEM,DEM,False
2024,state_house,nc_court_of_appeals_judge_seat_04,state_house_nc_court_of_appeals_judge_seat_04_2004.json,100,2632583,2632578,-5,True,-19.46,-19.46,0.0,DEM,DEM,False
2024,state_house,nc_court_of_appeals_judge_seat_04,state_house_nc_court_of_appeals_judge_seat_04_2004.json,101,2632583,2632578,-5,True,-20.48,-20.48,0.0,DEM,DEM,False
2024,state_house,nc_court_of_appeals_judge_seat_04,state_house_nc_court_of_appeals_judge_seat_04_2004.json,102,2632583,2632578,-5,True,-40.57,-40.57,0.0,DEM,DEM,False
2024,state_house,nc_court_of_appeals_judge_seat_04,state_house_nc_court_of_appeals_judge_seat_04_2004.json,103,2632583,2632578,-5,True,-8.91,-8.91,0.0,DEM,DEM,False
2024,state_house,nc_court_of_appeals_judge_seat_04,state_house_nc_court_of_appeals_judge_seat_04_2004.json,104,2632583,2632578,-5,True,-12.05,-12.05,0.0,DEM,DEM,False
2024,state_house,nc_court_of_appeals_judge_seat_04,state_house_nc_court_of_appeals_judge_seat_04_2004.json,105,2632583,2632578,-5,True,0.36,0.36,0.0,REP,REP,False
2024,state_house,nc_court_of_appeals_judge_seat_04,state_house_nc_court_of_appeals_judge_seat_04_2004.json,106,2632583,2632578,-5,True,-27.42,-27.42,0.0,DEM,DEM,False
2024,state_house,nc_court_of_appeals_judge_seat_04,state_house_nc_court_of_appeals_judge_seat_04_2004.json,107,2632583,2632578,-5,True,-58.04,-58.04,0.0,DEM,DEM,False
2024,state_house,nc_court_of_appeals_judge_seat_04,state_house_nc_court_of_appeals_judge_seat_04_2004.json,108,2632583,2632578,-5,True,-2.96,-2.96,0.0,DEM,DEM,False
2024,state_house,nc_court_of_appeals_judge_seat_04,state_house_nc_court_of_appeals_judge_seat_04_2004.json,109,2632583,2632578,-5,True,-5.96,-5.96,0.0,DEM,DEM,False
2024,state_house,nc_court_of_appeals_judge_seat_04,state_house_nc_court_of_appeals_judge_seat_04_2004.json,110,2632583,2632578,-5,True,-6.1,-6.1,0.0,DEM,DEM,False
2024,state_house,nc_court_of_appeals_judge_seat_04,state_house_nc_court_of_appeals_judge_seat_04_2004.json,111,2632583,2632578,-5,True,-4.19,-4.19,0.0,DEM,DEM,False
2024,state_house,nc_court_of_appeals_judge_seat_04,state_house_nc_court_of_appeals_judge_seat_04_2004.json,112,2632583,2632578,-5,True,-43.59,-43.59,0.0,DEM,DEM,False
2024,state_house,nc_court_of_appeals_judge_seat_04,state_house_nc_court_of_appeals_judge_seat_04_2004.json,113,2632583,2632578,-5,True,-5.3,-5.3,0.0,DEM,DEM,False
2024,state_house,nc_court_of_appeals_judge_seat_04,state_house_nc_court_of_appeals_judge_seat_04_2004.json,114,2632583,2632578,-5,True,-14.04,-14.04,0.0,DEM,DEM,False
2024,state_house,nc_court_of_appeals_judge_seat_04,state_house_nc_court_of_appeals_judge_seat_04_2004.json,115,2632583,2632578,-5,True,-20.76,-20.76,0.0,DEM,DEM,False
2024,state_house,nc_court_of_appeals_judge_seat_04,state_house_nc_court_of_appeals_judge_seat_04_2004.json,116,2632583,2632578,-5,True,-25.72,-25.72,0.0,DEM,DEM,False
2024,state_house,nc_court_of_appeals_judge_seat_04,state_house_nc_court_of_appeals_judge_seat_04_2004.json,117,2632583,2632578,-5,True,0.1,0.1,0.0,REP,REP,False
2024,state_house,nc_court_of_appeals_judge_seat_04,state_house_nc_court_of_appeals_judge_seat_04_2004.json,118,2632583,2632578,-5,True,-8.75,-8.75,0.0,DEM,DEM,False
2024,state_house,nc_court_of_appeals_judge_seat_04,state_house_nc_court_of_appeals_judge_seat_04_2004.json,119,2632583,2632578,-5,True,-8.32,-8.32,0.0,DEM,DEM,False
2024,state_house,nc_court_of_appeals_judge_seat_04,state_house_nc_court_of_appeals_judge_seat_04_2004.json,120,2632583,2632578,-5,True,7.72,7.72,0.0,REP,REP,False
2024,state_house,nc_court_of_appeals_judge_seat_05,state_house_nc_court_of_appeals_judge_seat_05_2004.json,1,2600085,2600081,-4,True,-8.16,-8.16,0.0,DEM,DEM,False
2024,state_house,nc_court_of_appeals_judge_seat_05,state_house_nc_court_of_appeals_judge_seat_05_2004.json,2,2600085,2600081,-4,True,-19.02,-19.02,0.0,DEM,DEM,False
2024,state_house,nc_court_of_appeals_judge_seat_05,state_house_nc_court_of_appeals_judge_seat_05_2004.json,3,2600085,2600081,-4,True,22.46,22.46,0.0,REP,REP,False
2024,state_house,nc_court_of_appeals_judge_seat_05,state_house_nc_court_of_appeals_judge_seat_05_2004.json,4,2600085,2600081,-4,True,-19.5,-19.5,0.0,DEM,DEM,False
2024,state_house,nc_court_of_appeals_judge_seat_05,state_house_nc_court_of_appeals_judge_seat_05_2004.json,5,2600085,2600081,-4,True,-25.85,-25.85,0.0,DEM,DEM,False
2024,state_house,nc_court_of_appeals_judge_seat_05,state_house_nc_court_of_appeals_judge_seat_05_2004.json,6,2600085,2600081,-4,True,-6.72,-6.72,0.0,DEM,DEM,False
2024,state_house,nc_court_of_appeals_judge_seat_05,state_house_nc_court_of_appeals_judge_seat_05_2004.json,7,2600085,2600081,-4,True,-13.87,-13.87,0.0,DEM,DEM,False
2024,state_house,nc_court_of_appeals_judge_seat_05,state_house_nc_court_of_appeals_judge_seat_05_2004.json,8,2600085,2600081,-4,True,-21.03,-21.03,0.0,DEM,DEM,False
2024,state_house,nc_court_of_appeals_judge_seat_05,state_house_nc_court_of_appeals_judge_seat_05_2004.json,9,2600085,2600081,-4,True,7.59,7.59,0.0,REP,REP,False
2024,state_house,nc_court_of_appeals_judge_seat_05,state_house_nc_court_of_appeals_judge_seat_05_2004.json,10,2600085,2600081,-4,True,-3.13,-3.13,0.0,DEM,DEM,False
2024,state_house,nc_court_of_appeals_judge_seat_05,state_house_nc_court_of_appeals_judge_seat_05_2004.json,11,2600085,2600081,-4,True,7.22,7.22,0.0,REP,REP,False
2024,state_house,nc_court_of_appeals_judge_seat_05,state_house_nc_court_of_appeals_judge_seat_05_2004.json,12,2600085,2600081,-4,True,-8.28,-8.28,0.0,DEM,DEM,False
2024,state_house,nc_court_of_appeals_judge_seat_05,state_house_nc_court_of_appeals_judge_seat_05_2004.json,13,2600085,2600081,-4,True,13.25,13.25,0.0,REP,REP,False
2024,state_house,nc_court_of_appeals_judge_seat_05,state_house_nc_court_of_appeals_judge_seat_05_2004.json,14,2600085,2600081,-4,True,-0.06,-0.06,0.0,DEM,DEM,False
2024,state_house,nc_court_of_appeals_judge_seat_05,state_house_nc_court_of_appeals_judge_seat_05_2004.json,15,2600085,2600081,-4,True,6.12,6.12,0.0,REP,REP,False
2024,state_house,nc_court_of_appeals_judge_seat_05,state_house_nc_court_of_appeals_judge_seat_05_2004.json,16,2600085,2600081,-4,True,-5.1,-5.1,0.0,DEM,DEM,False
2024,state_house,nc_court_of_appeals_judge_seat_05,state_house_nc_court_of_appeals_judge_seat_05_2004.json,17,2600085,2600081,-4,True,-19.36,-19.36,0.0,DEM,DEM,False
2024,state_house,nc_court_of_appeals_judge_seat_05,state_house_nc_court_of_appeals_judge_seat_05_2004.json,18,2600085,2600081,-4,True,-19.58,-19.58,0.0,DEM,DEM,False
2024,state_house,nc_court_of_appeals_judge_seat_05,state_house_nc_court_of_appeals_judge_seat_05_2004.json,19,2600085,2600081,-4,True,-2.67,-2.67,0.0,DEM,DEM,False
2024,state_house,nc_court_of_appeals_judge_seat_05,state_house_nc_court_of_appeals_judge_seat_05_2004.json,20,2600085,2600081,-4,True,7.57,7.57,0.0,REP,REP,False
2024,state_house,nc_court_of_appeals_judge_seat_05,state_house_nc_court_of_appeals_judge_seat_05_2004.json,21,2600085,2600081,-4,True,15.97,15.97,0.0,REP,REP,False
2024,state_house,nc_court_of_appeals_judge_seat_05,state_house_nc_court_of_appeals_judge_seat_05_2004.json,22,2600085,2600081,-4,True,-26.68,-26.68,0.0,DEM,DEM,False
2024,state_house,nc_court_of_appeals_judge_seat_05,state_house_nc_court_of_appeals_judge_seat_05_2004.json,23,2600085,2600081,-4,True,-44.38,-44.38,0.0,DEM,DEM,False
2024,state_house,nc_court_of_appeals_judge_seat_05,state_house_nc_court_of_appeals_judge_seat_05_2004.json,24,2600085,2600081,-4,True,-12.12,-12.12,0.0,DEM,DEM,False
2024,state_house,nc_court_of_appeals_judge_seat_05,state_house_nc_court_of_appeals_judge_seat_05_2004.json,25,2600085,2600081,-4,True,-9.56,-9.56,0.0,DEM,DEM,False
2024,state_house,nc_court_of_appeals_judge_seat_05,state_house_nc_court_of_appeals_judge_seat_05_2004.json,26,2600085,2600081,-4,True,11.58,11.58,0.0,REP,REP,False
2024,state_house,nc_court_of_appeals_judge_seat_05,state_house_nc_court_of_appeals_judge_seat_05_2004.json,27,2600085,2600081,-4,True,-48.52,-48.52,0.0,DEM,DEM,False
2024,state_house,nc_court_of_appeals_judge_seat_05,state_house_nc_court_of_appeals_judge_seat_05_2004.json,28,2600085,2600081,-4,True,5.46,5.46,0.0,REP,REP,False
2024,state_house,nc_court_of_appeals_judge_seat_05,state_house_nc_court_of_appeals_judge_seat_05_2004.json,29,2600085,2600081,-4,True,-33.63,-33.63,0.0,DEM,DEM,False
2024,state_house,nc_court_of_appeals_judge_seat_05,state_house_nc_court_of_appeals_judge_seat_05_2004.json,30,2600085,2600081,-4,True,-39.96,-39.96,0.0,DEM,DEM,False
2024,state_house,nc_court_of_appeals_judge_seat_05,state_house_nc_court_of_appeals_judge_seat_05_2004.json,31,2600085,2600081,-4,True,-62.69,-62.69,0.0,DEM,DEM,False
2024,state_house,nc_court_of_appeals_judge_seat_05,state_house_nc_court_of_appeals_judge_seat_05_2004.json,32,2600085,2600081,-4,True,-31.97,-31.97,0.0,DEM,DEM,False
2024,state_house,nc_court_of_appeals_judge_seat_05,state_house_nc_court_of_appeals_judge_seat_05_2004.json,33,2600085,2600081,-4,True,-16.62,-16.62,0.0,DEM,DEM,False
2024,state_house,nc_court_of_appeals_judge_seat_05,state_house_nc_court_of_appeals_judge_seat_05_2004.json,34,2600085,2600081,-4,True,3.2,3.2,0.0,REP,REP,False
2024,state_house,nc_court_of_appeals_judge_seat_05,state_house_nc_court_of_appeals_judge_seat_05_2004.json,35,2600085,2600081,-4,True,17.96,17.96,0.0,REP,REP,False
2024,state_house,nc_court_of_appeals_judge_seat_05,state_house_nc_court_of_appeals_judge_seat_05_2004.json,36,2600085,2600081,-4,True,13.17,13.17,0.0,REP,REP,False
2024,state_house,nc_court_of_appeals_judge_seat_05,state_house_nc_court_of_appeals_judge_seat_05_2004.json,37,2600085,2600081,-4,True,7.41,7.41,0.0,REP,REP,False
2024,state_house,nc_court_of_appeals_judge_seat_05,state_house_nc_court_of_appeals_judge_seat_05_2004.json,38,2600085,2600081,-4,True,-53.35,-53.35,0.0,DEM,DEM,False
2024,state_house,nc_court_of_appeals_judge_seat_05,state_house_nc_court_of_appeals_judge_seat_05_2004.json,39,2600085,2600081,-4,True,-12.54,-12.54,0.0,DEM,DEM,False
2024,state_house,nc_court_of_appeals_judge_seat_05,state_house_nc_court_of_appeals_judge_seat_05_2004.json,40,2600085,2600081,-4,True,12.89,12.89,0.0,REP,REP,False
2024,state_house,nc_court_of_appeals_judge_seat_05,state_house_nc_court_of_appeals_judge_seat_05_2004.json,41,2600085,2600081,-4,True,6.86,6.86,0.0,REP,REP,False
2024,state_house,nc_court_of_appeals_judge_seat_05,state_house_nc_court_of_appeals_judge_seat_05_2004.json,42,2600085,2600081,-4,True,-35.3,-35.3,0.0,DEM,DEM,False
2024,state_house,nc_court_of_appeals_judge_seat_05,state_house_nc_court_of_appeals_judge_seat_05_2004.json,43,2600085,2600081,-4,True,-13.04,-13.04,0.0,DEM,DEM,False
2024,state_house,nc_court_of_appeals_judge_seat_05,state_house_nc_court_of_appeals_judge_seat_05_2004.json,44,2600085,2600081,-4,True,-22.12,-22.12,0.0,DEM,DEM,False
2024,state_house,nc_court_of_appeals_judge_seat_05,state_house_nc_court_of_appeals_judge_seat_05_2004.json,45,2600085,2600081,-4,True,-17.66,-17.66,0.0,DEM,DEM,False
2024,state_house,nc_court_of_appeals_judge_seat_05,state_house_nc_court_of_appeals_judge_seat_05_2004.json,46,2600085,2600081,-4,True,-34.88,-34.88,0.0,DEM,DEM,False
2024,state_house,nc_court_of_appeals_judge_seat_05,state_house_nc_court_of_appeals_judge_seat_05_2004.json,47,2600085,2600081,-4,True,-43.53,-43.53,0.0,DEM,DEM,False
2024,state_house,nc_court_of_appeals_judge_seat_05,state_house_nc_court_of_appeals_judge_seat_05_2004.json,48,2600085,2600081,-4,True,-22.94,-22.94,0.0,DEM,DEM,False
2024,state_house,nc_court_of_appeals_judge_seat_05,state_house_nc_court_of_appeals_judge_seat_05_2004.json,49,2600085,2600081,-4,True,-7.26,-7.26,0.0,DEM,DEM,False
2024,state_house,nc_court_of_appeals_judge_seat_05,state_house_nc_court_of_appeals_judge_seat_05_2004.json,50,2600085,2600081,-4,True,-34.42,-34.42,0.0,DEM,DEM,False
2024,state_house,nc_court_of_appeals_judge_seat_05,state_house_nc_court_of_appeals_judge_seat_05_2004.json,51,2600085,2600081,-4,True,-18.93,-18.93,0.0,DEM,DEM,False
2024,state_house,nc_court_of_appeals_judge_seat_05,state_house_nc_court_of_appeals_judge_seat_05_2004.json,52,2600085,2600081,-4,True,-23.38,-23.38,0.0,DEM,DEM,False
2024,state_house,nc_court_of_appeals_judge_seat_05,state_house_nc_court_of_appeals_judge_seat_05_2004.json,53,2600085,2600081,-4,True,7.83,7.83,0.0,REP,REP,False
2024,state_house,nc_court_of_appeals_judge_seat_05,state_house_nc_court_of_appeals_judge_seat_05_2004.json,54,2600085,2600081,-4,True,-16.44,-16.44,0.0,DEM,DEM,False
2024,state_house,nc_court_of_appeals_judge_seat_05,state_house_nc_court_of_appeals_judge_seat_05_2004.json,55,2600085,2600081,-4,True,-12.4,-12.4,0.0,DEM,DEM,False
2024,state_house,nc_court_of_appeals_judge_seat_05,state_house_nc_court_of_appeals_judge_seat_05_2004.json,56,2600085,2600081,-4,True,-31.99,-31.99,0.0,DEM,DEM,False
2024,state_house,nc_court_of_appeals_judge_seat_05,state_house_nc_court_of_appeals_judge_seat_05_2004.json,57,2600085,2600081,-4,True,-22.84,-22.84,0.0,DEM,DEM,False
2024,state_house,nc_court_of_appeals_judge_seat_05,state_house_nc_court_of_appeals_judge_seat_05_2004.json,58,2600085,2600081,-4,True,-40.47,-40.47,0.0,DEM,DEM,False
2024,state_house,nc_court_of_appeals_judge_seat_05,state_house_nc_court_of_appeals_judge_seat_05_2004.json,59,2600085,2600081,-4,True,-3.0,-3.0,0.0,DEM,DEM,False
2024,state_house,nc_court_of_appeals_judge_seat_05,state_house_nc_court_of_appeals_judge_seat_05_2004.json,60,2600085,2600081,-4,True,-22.44,-22.44,0.0,DEM,DEM,False
2024,state_house,nc_court_of_appeals_judge_seat_05,state_house_nc_court_of_appeals_judge_seat_05_2004.json,61,2600085,2600081,-4,True,-34.77,-34.77,0.0,DEM,DEM,False
2024,state_house,nc_court_of_appeals_judge_seat_05,state_house_nc_court_of_appeals_judge_seat_05_2004.json,62,2600085,2600081,-4,True,2.01,2.01,0.0,REP,REP,False
2024,state_house,nc_court_of_appeals_judge_seat_05,state_house_nc_court_of_appeals_judge_seat_05_2004.json,63,2600085,2600081,-4,True,-3.67,-3.67,0.0,DEM,DEM,False
2024,state_house,nc_court_of_appeals_judge_seat_05,state_house_nc_court_of_appeals_judge_seat_05_2004.json,64,2600085,2600081,-4,True,2.22,2.22,0.0,REP,REP,False
2024,state_house,nc_court_of_appeals_judge_seat_05,state_house_nc_court_of_appeals_judge_seat_05_2004.json,65,2600085,2600081,-4,True,-20.56,-20.56,0.0,DEM,DEM,False
2024,state_house,nc_court_of_appeals_judge_seat_05,state_house_nc_court_of_appeals_judge_seat_05_2004.json,66,2600085,2600081,-4,True,-7.43,-7.43,0.0,DEM,DEM,False
2024,state_house,nc_court_of_appeals_judge_seat_05,state_house_nc_court_of_appeals_judge_seat_05_2004.json,67,2600085,2600081,-4,True,-12.96,-12.96,0.0,DEM,DEM,False
2024,state_house,nc_court_of_appeals_judge_seat_05,state_house_nc_court_of_appeals_judge_seat_05_2004.json,68,2600085,2600081,-4,True,27.97,27.97,0.0,REP,REP,False
2024,state_house,nc_court_of_appeals_judge_seat_05,state_house_nc_court_of_appeals_judge_seat_05_2004.json,69,2600085,2600081,-4,True,21.78,21.78,0.0,REP,REP,False
2024,state_house,nc_court_of_appeals_judge_seat_05,state_house_nc_court_of_appeals_judge_seat_05_2004.json,70,2600085,2600081,-4,True,7.7,7.7,0.0,REP,REP,False
2024,state_house,nc_court_of_appeals_judge_seat_05,state_house_nc_court_of_appeals_judge_seat_05_2004.json,71,2600085,2600081,-4,True,-20.74,-20.74,0.0,DEM,DEM,False
2024,state_house,nc_court_of_appeals_judge_seat_05,state_house_nc_court_of_appeals_judge_seat_05_2004.json,72,2600085,2600081,-4,True,-33.11,-33.11,0.0,DEM,DEM,False
2024,state_house,nc_court_of_appeals_judge_seat_05,state_house_nc_court_of_appeals_judge_seat_05_2004.json,73,2600085,2600081,-4,True,-2.31,-2.31,0.0,DEM,DEM,False
2024,state_house,nc_court_of_appeals_judge_seat_05,state_house_nc_court_of_appeals_judge_seat_05_2004.json,74,2600085,2600081,-4,True,15.07,15.07,0.0,REP,REP,False
2024,state_house,nc_court_of_appeals_judge_seat_05,state_house_nc_court_of_appeals_judge_seat_05_2004.json,75,2600085,2600081,-4,True,7.86,7.86,0.0,REP,REP,False
2024,state_house,nc_court_of_appeals_judge_seat_05,state_house_nc_court_of_appeals_judge_seat_05_2004.json,76,2600085,2600081,-4,True,-1.98,-1.98,0.0,DEM,DEM,False
2024,state_house,nc_court_of_appeals_judge_seat_05,state_house_nc_court_of_appeals_judge_seat_05_2004.json,77,2600085,2600081,-4,True,-1.54,-1.54,0.0,DEM,DEM,False
2024,state_house,nc_court_of_appeals_judge_seat_05,state_house_nc_court_of_appeals_judge_seat_05_2004.json,78,2600085,2600081,-4,True,4.24,4.24,0.0,REP,REP,False
2024,state_house,nc_court_of_appeals_judge_seat_05,state_house_nc_court_of_appeals_judge_seat_05_2004.json,79,2600085,2600081,-4,True,0.18,0.18,0.0,REP,REP,False
2024,state_house,nc_court_of_appeals_judge_seat_05,state_house_nc_court_of_appeals_judge_seat_05_2004.json,80,2600085,2600081,-4,True,3.68,3.68,0.0,REP,REP,False
2024,state_house,nc_court_of_appeals_judge_seat_05,state_house_nc_court_of_appeals_judge_seat_05_2004.json,81,2600085,2600081,-4,True,-2.2,-2.2,0.0,DEM,DEM,False
2024,state_house,nc_court_of_appeals_judge_seat_05,state_house_nc_court_of_appeals_judge_seat_05_2004.json,82,2600085,2600081,-4,True,7.5,7.5,0.0,REP,REP,False
2024,state_house,nc_court_of_appeals_judge_seat_05,state_house_nc_court_of_appeals_judge_seat_05_2004.json,83,2600085,2600081,-4,True,4.45,4.45,0.0,REP,REP,False
2024,state_house,nc_court_of_appeals_judge_seat_05,state_house_nc_court_of_appeals_judge_seat_05_2004.json,84,2600085,2600081,-4,True,9.79,9.79,0.0,REP,REP,False
2024,state_house,nc_court_of_appeals_judge_seat_05,state_house_nc_court_of_appeals_judge_seat_05_2004.json,85,2600085,2600081,-4,True,-10.49,-10.49,0.0,DEM,DEM,False
2024,state_house,nc_court_of_appeals_judge_seat_05,state_house_nc_court_of_appeals_judge_seat_05_2004.json,86,2600085,2600081,-4,True,-6.47,-6.47,0.0,DEM,DEM,False
2024,state_house,nc_court_of_appeals_judge_seat_05,state_house_nc_court_of_appeals_judge_seat_05_2004.json,87,2600085,2600081,-4,True,7.64,7.64,0.0,REP,REP,False
2024,state_house,nc_court_of_appeals_judge_seat_05,state_house_nc_court_of_appeals_judge_seat_05_2004.json,88,2600085,2600081,-4,True,-16.26,-16.26,0.0,DEM,DEM,False
2024,state_house,nc_court_of_appeals_judge_seat_05,state_house_nc_court_of_appeals_judge_seat_05_2004.json,89,2600085,2600081,-4,True,8.66,8.66,0.0,REP,REP,False
2024,state_house,nc_court_of_appeals_judge_seat_05,state_house_nc_court_of_appeals_judge_seat_05_2004.json,90,2600085,2600081,-4,True,-10.03,-10.03,0.0,DEM,DEM,False
2024,state_house,nc_court_of_appeals_judge_seat_05,state_house_nc_court_of_appeals_judge_seat_05_2004.json,91,2600085,2600081,-4,True,-6.62,-6.62,0.0,DEM,DEM,False
2024,state_house,nc_court_of_appeals_judge_seat_05,state_house_nc_court_of_appeals_judge_seat_05_2004.json,92,2600085,2600081,-4,True,-12.72,-12.72,0.0,DEM,DEM,False
2024,state_house,nc_court_of_appeals_judge_seat_05,state_house_nc_court_of_appeals_judge_seat_05_2004.json,93,2600085,2600081,-4,True,-7.13,-7.13,0.0,DEM,DEM,False
2024,state_house,nc_court_of_appeals_judge_seat_05,state_house_nc_court_of_appeals_judge_seat_05_2004.json,94,2600085,2600081,-4,True,-0.76,-0.76,0.0,DEM,DEM,False
2024,state_house,nc_court_of_appeals_judge_seat_05,state_house_nc_court_of_appeals_judge_seat_05_2004.json,95,2600085,2600081,-4,True,19.43,19.43,0.0,REP,REP,False
2024,state_house,nc_court_of_appeals_judge_seat_05,state_house_nc_court_of_appeals_judge_seat_05_2004.json,96,2600085,2600081,-4,True,3.25,3.25,0.0,REP,REP,False
2024,state_house,nc_court_of_appeals_judge_seat_05,state_house_nc_court_of_appeals_judge_seat_05_2004.json,97,2600085,2600081,-4,True,5.99,5.99,0.0,REP,REP,False
2024,state_house,nc_court_of_appeals_judge_seat_05,state_house_nc_court_of_appeals_judge_seat_05_2004.json,98,2600085,2600081,-4,True,22.14,22.14,0.0,REP,REP,False
2024,state_house,nc_court_of_appeals_judge_seat_05,state_house_nc_court_of_appeals_judge_seat_05_2004.json,99,2600085,2600081,-4,True,-34.21,-34.21,0.0,DEM,DEM,False
2024,state_house,nc_court_of_appeals_judge_seat_05,state_house_nc_court_of_appeals_judge_seat_05_2004.json,100,2600085,2600081,-4,True,-4.67,-4.67,0.0,DEM,DEM,False
2024,state_house,nc_court_of_appeals_judge_seat_05,state_house_nc_court_of_appeals_judge_seat_05_2004.json,101,2600085,2600081,-4,True,-4.63,-4.63,0.0,DEM,DEM,False
2024,state_house,nc_court_of_appeals_judge_seat_05,state_house_nc_court_of_appeals_judge_seat_05_2004.json,102,2600085,2600081,-4,True,-20.15,-20.15,0.0,DEM,DEM,False
2024,state_house,nc_court_of_appeals_judge_seat_05,state_house_nc_court_of_appeals_judge_seat_05_2004.json,103,2600085,2600081,-4,True,10.08,10.08,0.0,REP,REP,False
2024,state_house,nc_court_of_appeals_judge_seat_05,state_house_nc_court_of_appeals_judge_seat_05_2004.json,104,2600085,2600081,-4,True,9.76,9.76,0.0,REP,REP,False
2024,state_house,nc_court_of_appeals_judge_seat_05,state_house_nc_court_of_appeals_judge_seat_05_2004.json,105,2600085,2600081,-4,True,19.07,19.07,0.0,REP,REP,False
2024,state_house,nc_court_of_appeals_judge_seat_05,state_house_nc_court_of_appeals_judge_seat_05_2004.json,106,2600085,2600081,-4,True,-11.01,-11.01,0.0,DEM,DEM,False
2024,state_house,nc_court_of_appeals_judge_seat_05,state_house_nc_court_of_appeals_judge_seat_05_2004.json,107,2600085,2600081,-4,True,-59.08,-59.08,0.0,DEM,DEM,False
2024,state_house,nc_court_of_appeals_judge_seat_05,state_house_nc_court_of_appeals_judge_seat_05_2004.json,108,2600085,2600081,-4,True,17.58,17.58,0.0,REP,REP,False
2024,state_house,nc_court_of_appeals_judge_seat_05,state_house_nc_court_of_appeals_judge_seat_05_2004.json,109,2600085,2600081,-4,True,16.43,16.43,0.0,REP,REP,False
2024,state_house,nc_court_of_appeals_judge_seat_05,state_house_nc_court_of_appeals_judge_seat_05_2004.json,110,2600085,2600081,-4,True,2.95,2.95,0.0,REP,REP,False
2024,state_house,nc_court_of_appeals_judge_seat_05,state_house_nc_court_of_appeals_judge_seat_05_2004.json,111,2600085,2600081,-4,True,-7.97,-7.97,0.0,DEM,DEM,False
2024,state_house,nc_court_of_appeals_judge_seat_05,state_house_nc_court_of_appeals_judge_seat_05_2004.json,112,2600085,2600081,-4,True,-36.97,-36.97,0.0,DEM,DEM,False
2024,state_house,nc_court_of_appeals_judge_seat_05,state_house_nc_court_of_appeals_judge_seat_05_2004.json,113,2600085,2600081,-4,True,-9.91,-9.91,0.0,DEM,DEM,False
2024,state_house,nc_court_of_appeals_judge_seat_05,state_house_nc_court_of_appeals_judge_seat_05_2004.json,114,2600085,2600081,-4,True,-5.59,-5.59,0.0,DEM,DEM,False
2024,state_house,nc_court_of_appeals_judge_seat_05,state_house_nc_court_of_appeals_judge_seat_05_2004.json,115,2600085,2600081,-4,True,-14.23,-14.23,0.0,DEM,DEM,False
2024,state_house,nc_court_of_appeals_judge_seat_05,state_house_nc_court_of_appeals_judge_seat_05_2004.json,116,2600085,2600081,-4,True,-17.94,-17.94,0.0,DEM,DEM,False
2024,state_house,nc_court_of_appeals_judge_seat_05,state_house_nc_court_of_appeals_judge_seat_05_2004.json,117,2600085,2600081,-4,True,7.45,7.45,0.0,REP,REP,False
2024,state_house,nc_court_of_appeals_judge_seat_05,state_house_nc_court_of_appeals_judge_seat_05_2004.json,118,2600085,2600081,-4,True,-15.18,-15.18,0.0,DEM,DEM,False
2024,state_house,nc_court_of_appeals_judge_seat_05,state_house_nc_court_of_appeals_judge_seat_05_2004.json,119,2600085,2600081,-4,True,-14.21,-14.21,0.0,DEM,DEM,False
2024,state_house,nc_court_of_appeals_judge_seat_05,state_house_nc_court_of_appeals_judge_seat_05_2004.json,120,2600085,2600081,-4,True,0.14,0.14,0.0,REP,REP,False
2024,state_house,nc_court_of_appeals_judge_seat_06,state_house_nc_court_of_appeals_judge_seat_06_2004.json,1,2541424,2541423,-1,True,6.52,6.52,0.0,REP,REP,False
2024,state_house,nc_court_of_appeals_judge_seat_06,state_house_nc_court_of_appeals_judge_seat_06_2004.json,2,2541424,2541423,-1,True,15.03,15.03,0.0,REP,REP,False
2024,state_house,nc_court_of_appeals_judge_seat_06,state_house_nc_court_of_appeals_judge_seat_06_2004.json,3,2541424,2541423,-1,True,17.12,17.12,0.0,REP,REP,False
2024,state_house,nc_court_of_appeals_judge_seat_06,state_house_nc_court_of_appeals_judge_seat_06_2004.json,4,2541424,2541423,-1,True,15.59,15.59,0.0,REP,REP,False
2024,state_house,nc_court_of_appeals_judge_seat_06,state_house_nc_court_of_appeals_judge_seat_06_2004.json,5,2541424,2541423,-1,True,21.15,21.15,0.0,REP,REP,False
2024,state_house,nc_court_of_appeals_judge_seat_06,state_house_nc_court_of_appeals_judge_seat_06_2004.json,6,2541424,2541423,-1,True,19.45,19.45,0.0,REP,REP,False
2024,state_house,nc_court_of_appeals_judge_seat_06,state_house_nc_court_of_appeals_judge_seat_06_2004.json,7,2541424,2541423,-1,True,17.24,17.24,0.0,REP,REP,False
2024,state_house,nc_court_of_appeals_judge_seat_06,state_house_nc_court_of_appeals_judge_seat_06_2004.json,8,2541424,2541423,-1,True,10.09,10.09,0.0,REP,REP,False
2024,state_house,nc_court_of_appeals_judge_seat_06,state_house_nc_court_of_appeals_judge_seat_06_2004.json,9,2541424,2541423,-1,True,23.79,23.79,0.0,REP,REP,False
2024,state_house,nc_court_of_appeals_judge_seat_06,state_house_nc_court_of_appeals_judge_seat_06_2004.json,10,2541424,2541423,-1,True,23.91,23.91,0.0,REP,REP,False
2024,state_house,nc_court_of_appeals_judge_seat_06,state_house_nc_court_of_appeals_judge_seat_06_2004.json,11,2541424,2541423,-1,True,11.72,11.72,0.0,REP,REP,False
2024,state_house,nc_court_of_appeals_judge_seat_06,state_house_nc_court_of_appeals_judge_seat_06_2004.json,12,2541424,2541423,-1,True,16.08,16.08,0.0,REP,REP,False
2024,state_house,nc_court_of_appeals_judge_seat_06,state_house_nc_court_of_appeals_judge_seat_06_2004.json,13,2541424,2541423,-1,True,19.71,19.71,0.0,REP,REP,False
2024,state_house,nc_court_of_appeals_judge_seat_06,state_house_nc_court_of_appeals_judge_seat_06_2004.json,14,2541424,2541423,-1,True,31.36,31.36,0.0,REP,REP,False
2024,state_house,nc_court_of_appeals_judge_seat_06,state_house_nc_court_of_appeals_judge_seat_06_2004.json,15,2541424,2541423,-1,True,33.49,33.49,0.0,REP,REP,False
2024,state_house,nc_court_of_appeals_judge_seat_06,state_house_nc_court_of_appeals_judge_seat_06_2004.json,16,2541424,2541423,-1,True,13.84,13.84,0.0,REP,REP,False
2024,state_house,nc_court_of_appeals_judge_seat_06,state_house_nc_court_of_appeals_judge_seat_06_2004.json,17,2541424,2541423,-1,True,7.42,7.42,0.0,REP,REP,False
2024,state_house,nc_court_of_appeals_judge_seat_06,state_house_nc_court_of_appeals_judge_seat_06_2004.json,18,2541424,2541423,-1,True,1.21,1.21,0.0,REP,REP,False
2024,state_house,nc_court_of_appeals_judge_seat_06,state_house_nc_court_of_appeals_judge_seat_06_2004.json,19,2541424,2541423,-1,True,9.1,9.1,0.0,REP,REP,False
2024,state_house,nc_court_of_appeals_judge_seat_06,state_house_nc_court_of_appeals_judge_seat_06_2004.json,20,2541424,2541423,-1,True,6.28,6.28,0.0,REP,REP,False
2024,state_house,nc_court_of_appeals_judge_seat_06,state_house_nc_court_of_appeals_judge_seat_06_2004.json,21,2541424,2541423,-1,True,19.51,19.51,0.0,REP,REP,False
2024,state_house,nc_court_of_appeals_judge_seat_06,state_house_nc_court_of_appeals_judge_seat_06_2004.json,22,2541424,2541423,-1,True,8.7,8.7,0.0,REP,REP,False
2024,state_house,nc_court_of_appeals_judge_seat_06,state_house_nc_court_of_appeals_judge_seat_06_2004.json,23,2541424,2541423,-1,True,13.82,13.82,0.0,REP,REP,False
2024,state_house,nc_court_of_appeals_judge_seat_06,state_house_nc_court_of_appeals_judge_seat_06_2004.json,24,2541424,2541423,-1,True,11.12,11.12,0.0,REP,REP,False
2024,state_house,nc_court_of_appeals_judge_seat_06,state_house_nc_court_of_appeals_judge_seat_06_2004.json,25,2541424,2541423,-1,True,16.02,16.02,0.0,REP,REP,False
2024,state_house,nc_court_of_appeals_judge_seat_06,state_house_nc_court_of_appeals_judge_seat_06_2004.json,26,2541424,2541423,-1,True,22.39,22.39,0.0,REP,REP,False
2024,state_house,nc_court_of_appeals_judge_seat_06,state_house_nc_court_of_appeals_judge_seat_06_2004.json,27,2541424,2541423,-1,True,1.99,1.99,0.0,REP,REP,False
2024,state_house,nc_court_of_appeals_judge_seat_06,state_house_nc_court_of_appeals_judge_seat_06_2004.json,28,2541424,2541423,-1,True,10.24,10.24,0.0,REP,REP,False
2024,state_house,nc_court_of_appeals_judge_seat_06,state_house_nc_court_of_appeals_judge_seat_06_2004.json,29,2541424,2541423,-1,True,10.93,10.93,0.0,REP,REP,False
2024,state_house,nc_court_of_appeals_judge_seat_06,state_house_nc_court_of_appeals_judge_seat_06_2004.json,30,2541424,2541423,-1,True,2.18,2.18,0.0,REP,REP,False
2024,state_house,nc_court_of_appeals_judge_seat_06,state_house_nc_court_of_appeals_judge_seat_06_2004.json,31,2541424,2541423,-1,True,21.96,21.96,0.0,REP,REP,False
2024,state_house,nc_court_of_appeals_judge_seat_06,state_house_nc_court_of_appeals_judge_seat_06_2004.json,32,2541424,2541423,-1,True,16.35,16.35,0.0,REP,REP,False
2024,state_house,nc_court_of_appeals_judge_seat_06,state_house_nc_court_of_appeals_judge_seat_06_2004.json,33,2541424,2541423,-1,True,11.65,11.65,0.0,REP,REP,False
2024,state_house,nc_court_of_appeals_judge_seat_06,state_house_nc_court_of_appeals_judge_seat_06_2004.json,34,2541424,2541423,-1,True,3.31,3.31,0.0,REP,REP,False
2024,state_house,nc_court_of_appeals_judge_seat_06,state_house_nc_court_of_appeals_judge_seat_06_2004.json,35,2541424,2541423,-1,True,20.49,20.49,0.0,REP,REP,False
2024,state_house,nc_court_of_appeals_judge_seat_06,state_house_nc_court_of_appeals_judge_seat_06_2004.json,36,2541424,2541423,-1,True,20.63,20.63,0.0,REP,REP,False
2024,state_house,nc_court_of_appeals_judge_seat_06,state_house_nc_court_of_appeals_judge_seat_06_2004.json,37,2541424,2541423,-1,True,16.49,16.49,0.0,REP,REP,False
2024,state_house,nc_court_of_appeals_judge_seat_06,state_house_nc_court_of_appeals_judge_seat_06_2004.json,38,2541424,2541423,-1,True,-4.02,-4.02,0.0,DEM,DEM,False
2024,state_house,nc_court_of_appeals_judge_seat_06,state_house_nc_court_of_appeals_judge_seat_06_2004.json,39,2541424,2541423,-1,True,15.92,15.92,0.0,REP,REP,False
2024,state_house,nc_court_of_appeals_judge_seat_06,state_house_nc_court_of_appeals_judge_seat_06_2004.json,40,2541424,2541423,-1,True,16.24,16.24,0.0,REP,REP,False
2024,state_house,nc_court_of_appeals_judge_seat_06,state_house_nc_court_of_appeals_judge_seat_06_2004.json,41,2541424,2541423,-1,True,14.82,14.82,0.0,REP,REP,False
2024,state_house,nc_court_of_appeals_judge_seat_06,state_house_nc_court_of_appeals_judge_seat_06_2004.json,42,2541424,2541423,-1,True,32.99,32.99,0.0,REP,REP,False
2024,state_house,nc_court_of_appeals_judge_seat_06,state_house_nc_court_of_appeals_judge_seat_06_2004.json,43,2541424,2541423,-1,True,25.26,25.26,0.0,REP,REP,False
2024,state_house,nc_court_of_appeals_judge_seat_06,state_house_nc_court_of_appeals_judge_seat_06_2004.json,44,2541424,2541423,-1,True,29.03,29.03,0.0,REP,REP,False
2024,state_house,nc_court_of_appeals_judge_seat_06,state_house_nc_court_of_appeals_judge_seat_06_2004.json,45,2541424,2541423,-1,True,31.76,31.76,0.0,REP,REP,False
2024,state_house,nc_court_of_appeals_judge_seat_06,state_house_nc_court_of_appeals_judge_seat_06_2004.json,46,2541424,2541423,-1,True,0.99,0.99,0.0,REP,REP,False
2024,state_house,nc_court_of_appeals_judge_seat_06,state_house_nc_court_of_appeals_judge_seat_06_2004.json,47,2541424,2541423,-1,True,21.08,21.08,0.0,REP,REP,False
2024,state_house,nc_court_of_appeals_judge_seat_06,state_house_nc_court_of_appeals_judge_seat_06_2004.json,48,2541424,2541423,-1,True,18.28,18.28,0.0,REP,REP,False
2024,state_house,nc_court_of_appeals_judge_seat_06,state_house_nc_court_of_appeals_judge_seat_06_2004.json,49,2541424,2541423,-1,True,-6.4,-6.4,0.0,DEM,DEM,False
2024,state_house,nc_court_of_appeals_judge_seat_06,state_house_nc_court_of_appeals_judge_seat_06_2004.json,50,2541424,2541423,-1,True,-15.18,-15.18,0.0,DEM,DEM,False
2024,state_house,nc_court_of_appeals_judge_seat_06,state_house_nc_court_of_appeals_judge_seat_06_2004.json,51,2541424,2541423,-1,True,16.71,16.71,0.0,REP,REP,False
2024,state_house,nc_court_of_appeals_judge_seat_06,state_house_nc_court_of_appeals_judge_seat_06_2004.json,52,2541424,2541423,-1,True,11.86,11.86,0.0,REP,REP,False
2024,state_house,nc_court_of_appeals_judge_seat_06,state_house_nc_court_of_appeals_judge_seat_06_2004.json,53,2541424,2541423,-1,True,19.16,19.16,0.0,REP,REP,False
2024,state_house,nc_court_of_appeals_judge_seat_06,state_house_nc_court_of_appeals_judge_seat_06_2004.json,54,2541424,2541423,-1,True,-1.34,-1.34,0.0,DEM,DEM,False
2024,state_house,nc_court_of_appeals_judge_seat_06,state_house_nc_court_of_appeals_judge_seat_06_2004.json,55,2541424,2541423,-1,True,15.6,15.6,0.0,REP,REP,False
2024,state_house,nc_court_of_appeals_judge_seat_06,state_house_nc_court_of_appeals_judge_seat_06_2004.json,56,2541424,2541423,-1,True,-22.12,-22.12,0.0,DEM,DEM,False
2024,state_house,nc_court_of_appeals_judge_seat_06,state_house_nc_court_of_appeals_judge_seat_06_2004.json,57,2541424,2541423,-1,True,14.03,14.03,0.0,REP,REP,False
2024,state_house,nc_court_of_appeals_judge_seat_06,state_house_nc_court_of_appeals_judge_seat_06_2004.json,58,2541424,2541423,-1,True,21.09,21.09,0.0,REP,REP,False
2024,state_house,nc_court_of_appeals_judge_seat_06,state_house_nc_court_of_appeals_judge_seat_06_2004.json,59,2541424,2541423,-1,True,9.4,9.4,0.0,REP,REP,False
2024,state_house,nc_court_of_appeals_judge_seat_06,state_house_nc_court_of_appeals_judge_seat_06_2004.json,60,2541424,2541423,-1,True,17.84,17.84,0.0,REP,REP,False
2024,state_house,nc_court_of_appeals_judge_seat_06,state_house_nc_court_of_appeals_judge_seat_06_2004.json,61,2541424,2541423,-1,True,8.73,8.73,0.0,REP,REP,False
2024,state_house,nc_court_of_appeals_judge_seat_06,state_house_nc_court_of_appeals_judge_seat_06_2004.json,62,2541424,2541423,-1,True,13.42,13.42,0.0,REP,REP,False
2024,state_house,nc_court_of_appeals_judge_seat_06,state_house_nc_court_of_appeals_judge_seat_06_2004.json,63,2541424,2541423,-1,True,-7.75,-7.75,0.0,DEM,DEM,False
2024,state_house,nc_court_of_appeals_judge_seat_06,state_house_nc_court_of_appeals_judge_seat_06_2004.json,64,2541424,2541423,-1,True,1.24,1.24,0.0,REP,REP,False
2024,state_house,nc_court_of_appeals_judge_seat_06,state_house_nc_court_of_appeals_judge_seat_06_2004.json,65,2541424,2541423,-1,True,8.68,8.68,0.0,REP,REP,False
2024,state_house,nc_court_of_appeals_judge_seat_06,state_house_nc_court_of_appeals_judge_seat_06_2004.json,66,2541424,2541423,-1,True,12.12,12.12,0.0,REP,REP,False
2024,state_house,nc_court_of_appeals_judge_seat_06,state_house_nc_court_of_appeals_judge_seat_06_2004.json,67,2541424,2541423,-1,True,5.68,5.68,0.0,REP,REP,False
2024,state_house,nc_court_of_appeals_judge_seat_06,state_house_nc_court_of_appeals_judge_seat_06_2004.json,68,2541424,2541423,-1,True,30.16,30.16,0.0,REP,REP,False
2024,state_house,nc_court_of_appeals_judge_seat_06,state_house_nc_court_of_appeals_judge_seat_06_2004.json,69,2541424,2541423,-1,True,26.17,26.17,0.0,REP,REP,False
2024,state_house,nc_court_of_appeals_judge_seat_06,state_house_nc_court_of_appeals_judge_seat_06_2004.json,70,2541424,2541423,-1,True,10.4,10.4,0.0,REP,REP,False
2024,state_house,nc_court_of_appeals_judge_seat_06,state_house_nc_court_of_appeals_judge_seat_06_2004.json,71,2541424,2541423,-1,True,1.6,1.6,0.0,REP,REP,False
2024,state_house,nc_court_of_appeals_judge_seat_06,state_house_nc_court_of_appeals_judge_seat_06_2004.json,72,2541424,2541423,-1,True,-8.69,-8.69,0.0,DEM,DEM,False
2024,state_house,nc_court_of_appeals_judge_seat_06,state_house_nc_court_of_appeals_judge_seat_06_2004.json,73,2541424,2541423,-1,True,24.36,24.36,0.0,REP,REP,False
2024,state_house,nc_court_of_appeals_judge_seat_06,state_house_nc_court_of_appeals_judge_seat_06_2004.json,74,2541424,2541423,-1,True,18.64,18.64,0.0,REP,REP,False
2024,state_house,nc_court_of_appeals_judge_seat_06,state_house_nc_court_of_appeals_judge_seat_06_2004.json,75,2541424,2541423,-1,True,20.64,20.64,0.0,REP,REP,False
2024,state_house,nc_court_of_appeals_judge_seat_06,state_house_nc_court_of_appeals_judge_seat_06_2004.json,76,2541424,2541423,-1,True,10.98,10.98,0.0,REP,REP,False
2024,state_house,nc_court_of_appeals_judge_seat_06,state_house_nc_court_of_appeals_judge_seat_06_2004.json,77,2541424,2541423,-1,True,6.31,6.31,0.0,REP,REP,False
2024,state_house,nc_court_of_appeals_judge_seat_06,state_house_nc_court_of_appeals_judge_seat_06_2004.json,78,2541424,2541423,-1,True,8.8,8.8,0.0,REP,REP,False
2024,state_house,nc_court_of_appeals_judge_seat_06,state_house_nc_court_of_appeals_judge_seat_06_2004.json,79,2541424,2541423,-1,True,10.56,10.56,0.0,REP,REP,False
2024,state_house,nc_court_of_appeals_judge_seat_06,state_house_nc_court_of_appeals_judge_seat_06_2004.json,80,2541424,2541423,-1,True,13.26,13.26,0.0,REP,REP,False
2024,state_house,nc_court_of_appeals_judge_seat_06,state_house_nc_court_of_appeals_judge_seat_06_2004.json,81,2541424,2541423,-1,True,7.26,7.26,0.0,REP,REP,False
2024,state_house,nc_court_of_appeals_judge_seat_06,state_house_nc_court_of_appeals_judge_seat_06_2004.json,82,2541424,2541423,-1,True,24.47,24.47,0.0,REP,REP,False
2024,state_house,nc_court_of_appeals_judge_seat_06,state_house_nc_court_of_appeals_judge_seat_06_2004.json,83,2541424,2541423,-1,True,18.53,18.53,0.0,REP,REP,False
2024,state_house,nc_court_of_appeals_judge_seat_06,state_house_nc_court_of_appeals_judge_seat_06_2004.json,84,2541424,2541423,-1,True,9.43,9.43,0.0,REP,REP,False
2024,state_house,nc_court_of_appeals_judge_seat_06,state_house_nc_court_of_appeals_judge_seat_06_2004.json,85,2541424,2541423,-1,True,-14.61,-14.61,0.0,DEM,DEM,False
2024,state_house,nc_court_of_appeals_judge_seat_06,state_house_nc_court_of_appeals_judge_seat_06_2004.json,86,2541424,2541423,-1,True,3.08,3.08,0.0,REP,REP,False
2024,state_house,nc_court_of_appeals_judge_seat_06,state_house_nc_court_of_appeals_judge_seat_06_2004.json,87,2541424,2541423,-1,True,3.43,3.43,0.0,REP,REP,False
2024,state_house,nc_court_of_appeals_judge_seat_06,state_house_nc_court_of_appeals_judge_seat_06_2004.json,88,2541424,2541423,-1,True,18.86,18.86,0.0,REP,REP,False
2024,state_house,nc_court_of_appeals_judge_seat_06,state_house_nc_court_of_appeals_judge_seat_06_2004.json,89,2541424,2541423,-1,True,8.53,8.53,0.0,REP,REP,False
2024,state_house,nc_court_of_appeals_judge_seat_06,state_house_nc_court_of_appeals_judge_seat_06_2004.json,90,2541424,2541423,-1,True,8.75,8.75,0.0,REP,REP,False
2024,state_house,nc_court_of_appeals_judge_seat_06,state_house_nc_court_of_appeals_judge_seat_06_2004.json,91,2541424,2541423,-1,True,2.46,2.46,0.0,REP,REP,False
2024,state_house,nc_court_of_appeals_judge_seat_06,state_house_nc_court_of_appeals_judge_seat_06_2004.json,92,2541424,2541423,-1,True,22.4,22.4,0.0,REP,REP,False
2024,state_house,nc_court_of_appeals_judge_seat_06,state_house_nc_court_of_appeals_judge_seat_06_2004.json,93,2541424,2541423,-1,True,7.62,7.62,0.0,REP,REP,False
2024,state_house,nc_court_of_appeals_judge_seat_06,state_house_nc_court_of_appeals_judge_seat_06_2004.json,94,2541424,2541423,-1,True,2.18,2.18,0.0,REP,REP,False
2024,state_house,nc_court_of_appeals_judge_seat_06,state_house_nc_court_of_appeals_judge_seat_06_2004.json,95,2541424,2541423,-1,True,8.33,8.33,0.0,REP,REP,False
2024,state_house,nc_court_of_appeals_judge_seat_06,state_house_nc_court_of_appeals_judge_seat_06_2004.json,96,2541424,2541423,-1,True,7.47,7.47,0.0,REP,REP,False
2024,state_house,nc_court_of_appeals_judge_seat_06,state_house_nc_court_of_appeals_judge_seat_06_2004.json,97,2541424,2541423,-1,True,7.09,7.09,0.0,REP,REP,False
2024,state_house,nc_court_of_appeals_judge_seat_06,state_house_nc_court_of_appeals_judge_seat_06_2004.json,98,2541424,2541423,-1,True,20.19,20.19,0.0,REP,REP,False
2024,state_house,nc_court_of_appeals_judge_seat_06,state_house_nc_court_of_appeals_judge_seat_06_2004.json,99,2541424,2541423,-1,True,20.69,20.69,0.0,REP,REP,False
2024,state_house,nc_court_of_appeals_judge_seat_06,state_house_nc_court_of_appeals_judge_seat_06_2004.json,100,2541424,2541423,-1,True,20.8,20.8,0.0,REP,REP,False
2024,state_house,nc_court_of_appeals_judge_seat_06,state_house_nc_court_of_appeals_judge_seat_06_2004.json,101,2541424,2541423,-1,True,19.64,19.64,0.0,REP,REP,False
2024,state_house,nc_court_of_appeals_judge_seat_06,state_house_nc_court_of_appeals_judge_seat_06_2004.json,102,2541424,2541423,-1,True,14.59,14.59,0.0,REP,REP,False
2024,state_house,nc_court_of_appeals_judge_seat_06,state_house_nc_court_of_appeals_judge_seat_06_2004.json,103,2541424,2541423,-1,True,21.53,21.53,0.0,REP,REP,False
2024,state_house,nc_court_of_appeals_judge_seat_06,state_house_nc_court_of_appeals_judge_seat_06_2004.json,104,2541424,2541423,-1,True,13.86,13.86,0.0,REP,REP,False
2024,state_house,nc_court_of_appeals_judge_seat_06,state_house_nc_court_of_appeals_judge_seat_06_2004.json,105,2541424,2541423,-1,True,21.07,21.07,0.0,REP,REP,False
2024,state_house,nc_court_of_appeals_judge_seat_06,state_house_nc_court_of_appeals_judge_seat_06_2004.json,106,2541424,2541423,-1,True,19.7,19.7,0.0,REP,REP,False
2024,state_house,nc_court_of_appeals_judge_seat_06,state_house_nc_court_of_appeals_judge_seat_06_2004.json,107,2541424,2541423,-1,True,15.93,15.93,0.0,REP,REP,False
2024,state_house,nc_court_of_appeals_judge_seat_06,state_house_nc_court_of_appeals_judge_seat_06_2004.json,108,2541424,2541423,-1,True,12.3,12.3,0.0,REP,REP,False
2024,state_house,nc_court_of_appeals_judge_seat_06,state_house_nc_court_of_appeals_judge_seat_06_2004.json,109,2541424,2541423,-1,True,12.41,12.41,0.0,REP,REP,False
2024,state_house,nc_court_of_appeals_judge_seat_06,state_house_nc_court_of_appeals_judge_seat_06_2004.json,110,2541424,2541423,-1,True,2.45,2.45,0.0,REP,REP,False
2024,state_house,nc_court_of_appeals_judge_seat_06,state_house_nc_court_of_appeals_judge_seat_06_2004.json,111,2541424,2541423,-1,True,1.62,1.62,0.0,REP,REP,False
2024,state_house,nc_court_of_appeals_judge_seat_06,state_house_nc_court_of_appeals_judge_seat_06_2004.json,112,2541424,2541423,-1,True,18.99,18.99,0.0,REP,REP,False
2024,state_house,nc_court_of_appeals_judge_seat_06,state_house_nc_court_of_appeals_judge_seat_06_2004.json,113,2541424,2541423,-1,True,3.41,3.41,0.0,REP,REP,False
2024,state_house,nc_court_of_appeals_judge_seat_06,state_house_nc_court_of_appeals_judge_seat_06_2004.json,114,2541424,2541423,-1,True,-6.74,-6.74,0.0,DEM,DEM,False
2024,state_house,nc_court_of_appeals_judge_seat_06,state_house_nc_court_of_appeals_judge_seat_06_2004.json,115,2541424,2541423,-1,True,-11.89,-11.89,0.0,DEM,DEM,False
2024,state_house,nc_court_of_appeals_judge_seat_06,state_house_nc_court_of_appeals_judge_seat_06_2004.json,116,2541424,2541423,-1,True,-10.9,-10.9,0.0,DEM,DEM,False
2024,state_house,nc_court_of_appeals_judge_seat_06,state_house_nc_court_of_appeals_judge_seat_06_2004.json,117,2541424,2541423,-1,True,0.0,0.0,0.0,REP,REP,False
2024,state_house,nc_court_of_appeals_judge_seat_06,state_house_nc_court_of_appeals_judge_seat_06_2004.json,118,2541424,2541423,-1,True,-14.59,-14.59,0.0,DEM,DEM,False
2024,state_house,nc_court_of_appeals_judge_seat_06,state_house_nc_court_of_appeals_judge_seat_06_2004.json,119,2541424,2541423,-1,True,-11.12,-11.12,0.0,DEM,DEM,False
2024,state_house,nc_court_of_appeals_judge_seat_06,state_house_nc_court_of_appeals_judge_seat_06_2004.json,120,2541424,2541423,-1,True,3.48,3.48,0.0,REP,REP,False
2024,state_house,nc_supreme_court_associate_justice_seat_02,state_house_nc_supreme_court_associate_justice_seat_02_2004.json,1,2579576,2579577,1,True,-1.19,-1.19,0.0,DEM,DEM,False
2024,state_house,nc_supreme_court_associate_justice_seat_02,state_house_nc_supreme_court_associate_justice_seat_02_2004.json,2,2579576,2579577,1,True,-7.28,-7.28,0.0,DEM,DEM,False
2024,state_house,nc_supreme_court_associate_justice_seat_02,state_house_nc_supreme_court_associate_justice_seat_02_2004.json,3,2579576,2579577,1,True,1.69,1.69,0.0,REP,REP,False
2024,state_house,nc_supreme_court_associate_justice_seat_02,state_house_nc_supreme_court_associate_justice_seat_02_2004.json,4,2579576,2579577,1,True,0.65,0.65,0.0,REP,REP,False
2024,state_house,nc_supreme_court_associate_justice_seat_02,state_house_nc_supreme_court_associate_justice_seat_02_2004.json,5,2579576,2579577,1,True,-6.14,-6.14,0.0,DEM,DEM,False
2024,state_house,nc_supreme_court_associate_justice_seat_02,state_house_nc_supreme_court_associate_justice_seat_02_2004.json,6,2579576,2579577,1,True,10.46,10.46,0.0,REP,REP,False
2024,state_house,nc_supreme_court_associate_justice_seat_02,state_house_nc_supreme_court_associate_justice_seat_02_2004.json,7,2579576,2579577,1,True,-2.89,-2.89,0.0,DEM,DEM,False
2024,state_house,nc_supreme_court_associate_justice_seat_02,state_house_nc_supreme_court_associate_justice_seat_02_2004.json,8,2579576,2579577,1,True,-19.58,-19.58,0.0,DEM,DEM,False
2024,state_house,nc_supreme_court_associate_justice_seat_02,state_house_nc_supreme_court_associate_justice_seat_02_2004.json,9,2579576,2579577,1,True,9.09,9.09,0.0,REP,REP,False
2024,state_house,nc_supreme_court_associate_justice_seat_02,state_house_nc_supreme_court_associate_justice_seat_02_2004.json,10,2579576,2579577,1,True,9.61,9.61,0.0,REP,REP,False
2024,state_house,nc_supreme_court_associate_justice_seat_02,state_house_nc_supreme_court_associate_justice_seat_02_2004.json,11,2579576,2579577,1,True,10.01,10.01,0.0,REP,REP,False
2024,state_house,nc_supreme_court_associate_justice_seat_02,state_house_nc_supreme_court_associate_justice_seat_02_2004.json,12,2579576,2579577,1,True,-6.43,-6.43,0.0,DEM,DEM,False
2024,state_house,nc_supreme_court_associate_justice_seat_02,state_house_nc_supreme_court_associate_justice_seat_02_2004.json,13,2579576,2579577,1,True,12.14,12.14,0.0,REP,REP,False
2024,state_house,nc_supreme_court_associate_justice_seat_02,state_house_nc_supreme_court_associate_justice_seat_02_2004.json,14,2579576,2579577,1,True,7.12,7.12,0.0,REP,REP,False
2024,state_house,nc_supreme_court_associate_justice_seat_02,state_house_nc_supreme_court_associate_justice_seat_02_2004.json,15,2579576,2579577,1,True,12.06,12.06,0.0,REP,REP,False
2024,state_house,nc_supreme_court_associate_justice_seat_02,state_house_nc_supreme_court_associate_justice_seat_02_2004.json,16,2579576,2579577,1,True,5.05,5.05,0.0,REP,REP,False
2024,state_house,nc_supreme_court_associate_justice_seat_02,state_house_nc_supreme_court_associate_justice_seat_02_2004.json,17,2579576,2579577,1,True,-0.43,-0.43,0.0,DEM,DEM,False
2024,state_house,nc_supreme_court_associate_justice_seat_02,state_house_nc_supreme_court_associate_justice_seat_02_2004.json,18,2579576,2579577,1,True,-4.82,-4.82,0.0,DEM,DEM,False
2024,state_house,nc_supreme_court_associate_justice_seat_02,state_house_nc_supreme_court_associate_justice_seat_02_2004.json,19,2579576,2579577,1,True,8.53,8.53,0.0,REP,REP,False
2024,state_house,nc_supreme_court_associate_justice_seat_02,state_house_nc_supreme_court_associate_justice_seat_02_2004.json,20,2579576,2579577,1,True,12.49,12.49,0.0,REP,REP,False
2024,state_house,nc_supreme_court_associate_justice_seat_02,state_house_nc_supreme_court_associate_justice_seat_02_2004.json,21,2579576,2579577,1,True,16.76,16.76,0.0,REP,REP,False
2024,state_house,nc_supreme_court_associate_justice_seat_02,state_house_nc_supreme_court_associate_justice_seat_02_2004.json,22,2579576,2579577,1,True,-3.26,-3.26,0.0,DEM,DEM,False
2024,state_house,nc_supreme_court_associate_justice_seat_02,state_house_nc_supreme_court_associate_justice_seat_02_2004.json,23,2579576,2579577,1,True,-26.81,-26.81,0.0,DEM,DEM,False
2024,state_house,nc_supreme_court_associate_justice_seat_02,state_house_nc_supreme_court_associate_justice_seat_02_2004.json,24,2579576,2579577,1,True,-2.79,-2.79,0.0,DEM,DEM,False
2024,state_house,nc_supreme_court_associate_justice_seat_02,state_house_nc_supreme_court_associate_justice_seat_02_2004.json,25,2579576,2579577,1,True,8.78,8.78,0.0,REP,REP,False
2024,state_house,nc_supreme_court_associate_justice_seat_02,state_house_nc_supreme_court_associate_justice_seat_02_2004.json,26,2579576,2579577,1,True,19.25,19.25,0.0,REP,REP,False
2024,state_house,nc_supreme_court_associate_justice_seat_02,state_house_nc_supreme_court_associate_justice_seat_02_2004.json,27,2579576,2579577,1,True,-25.2,-25.2,0.0,DEM,DEM,False
2024,state_house,nc_supreme_court_associate_justice_seat_02,state_house_nc_supreme_court_associate_justice_seat_02_2004.json,28,2579576,2579577,1,True,12.38,12.38,0.0,REP,REP,False
2024,state_house,nc_supreme_court_associate_justice_seat_02,state_house_nc_supreme_court_associate_justice_seat_02_2004.json,29,2579576,2579577,1,True,-33.29,-33.29,0.0,DEM,DEM,False
2024,state_house,nc_supreme_court_associate_justice_seat_02,state_house_nc_supreme_court_associate_justice_seat_02_2004.json,30,2579576,2579577,1,True,-34.95,-34.95,0.0,DEM,DEM,False
2024,state_house,nc_supreme_court_associate_justice_seat_02,state_house_nc_supreme_court_associate_justice_seat_02_2004.json,31,2579576,2579577,1,True,-37.12,-37.12,0.0,DEM,DEM,False
2024,state_house,nc_supreme_court_associate_justice_seat_02,state_house_nc_supreme_court_associate_justice_seat_02_2004.json,32,2579576,2579577,1,True,-12.06,-12.06,0.0,DEM,DEM,False
2024,state_house,nc_supreme_court_associate_justice_seat_02,state_house_nc_supreme_court_associate_justice_seat_02_2004.json,33,2579576,2579577,1,True,-4.34,-4.34,0.0,DEM,DEM,False
2024,state_house,nc_supreme_court_associate_justice_seat_02,state_house_nc_supreme_court_associate_justice_seat_02_2004.json,34,2579576,2579577,1,True,4.72,4.72,0.0,REP,REP,False
2024,state_house,nc_supreme_court_associate_justice_seat_02,state_house_nc_supreme_court_associate_justice_seat_02_2004.json,35,2579576,2579577,1,True,21.38,21.38,0.0,REP,REP,False
2024,state_house,nc_supreme_court_associate_justice_seat_02,state_house_nc_supreme_court_associate_justice_seat_02_2004.json,36,2579576,2579577,1,True,18.56,18.56,0.0,REP,REP,False
2024,state_house,nc_supreme_court_associate_justice_seat_02,state_house_nc_supreme_court_associate_justice_seat_02_2004.json,37,2579576,2579577,1,True,13.67,13.67,0.0,REP,REP,False
2024,state_house,nc_supreme_court_associate_justice_seat_02,state_house_nc_supreme_court_associate_justice_seat_02_2004.json,38,2579576,2579577,1,True,-34.42,-34.42,0.0,DEM,DEM,False
2024,state_house,nc_supreme_court_associate_justice_seat_02,state_house_nc_supreme_court_associate_justice_seat_02_2004.json,39,2579576,2579577,1,True,-0.01,-0.01,0.0,DEM,DEM,False
2024,state_house,nc_supreme_court_associate_justice_seat_02,state_house_nc_supreme_court_associate_justice_seat_02_2004.json,40,2579576,2579577,1,True,15.41,15.41,0.0,REP,REP,False
2024,state_house,nc_supreme_court_associate_justice_seat_02,state_house_nc_supreme_court_associate_justice_seat_02_2004.json,41,2579576,2579577,1,True,6.37,6.37,0.0,REP,REP,False
2024,state_house,nc_supreme_court_associate_justice_seat_02,state_house_nc_supreme_court_associate_justice_seat_02_2004.json,42,2579576,2579577,1,True,-14.81,-14.81,0.0,DEM,DEM,False
2024,state_house,nc_supreme_court_associate_justice_seat_02,state_house_nc_supreme_court_associate_justice_seat_02_2004.json,43,2579576,2579577,1,True,3.61,3.61,0.0,REP,REP,False
2024,state_house,nc_supreme_court_associate_justice_seat_02,state_house_nc_supreme_court_associate_justice_seat_02_2004.json,44,2579576,2579577,1,True,-1.38,-1.38,0.0,DEM,DEM,False
2024,state_house,nc_supreme_court_associate_justice_seat_02,state_house_nc_supreme_court_associate_justice_seat_02_2004.json,45,2579576,2579577,1,True,-0.49,-0.49,0.0,DEM,DEM,False
2024,state_house,nc_supreme_court_associate_justice_seat_02,state_house_nc_supreme_court_associate_justice_seat_02_2004.json,46,2579576,2579577,1,True,-15.58,-15.58,0.0,DEM,DEM,False
2024,state_house,nc_supreme_court_associate_justice_seat_02,state_house_nc_supreme_court_associate_justice_seat_02_2004.json,47,2579576,2579577,1,True,-29.3,-29.3,0.0,DEM,DEM,False
2024,state_house,nc_supreme_court_associate_justice_seat_02,state_house_nc_supreme_court_associate_justice_seat_02_2004.json,48,2579576,2579577,1,True,-7.21,-7.21,0.0,DEM,DEM,False
2024,state_house,nc_supreme_court_associate_justice_seat_02,state_house_nc_supreme_court_associate_justice_seat_02_2004.json,49,2579576,2579577,1,True,-2.12,-2.12,0.0,DEM,DEM,False
2024,state_house,nc_supreme_court_associate_justice_seat_02,state_house_nc_supreme_court_associate_justice_seat_02_2004.json,50,2579576,2579577,1,True,-26.35,-26.35,0.0,DEM,DEM,False
2024,state_house,nc_supreme_court_associate_justice_seat_02,state_house_nc_supreme_court_associate_justice_seat_02_2004.json,51,2579576,2579577,1,True,7.7,7.7,0.0,REP,REP,False
2024,state_house,nc_supreme_court_associate_justice_seat_02,state_house_nc_supreme_court_associate_justice_seat_02_2004.json,52,2579576,2579577,1,True,-0.32,-0.32,0.0,DEM,DEM,False
2024,state_house,nc_supreme_court_associate_justice_seat_02,state_house_nc_supreme_court_associate_justice_seat_02_2004.json,53,2579576,2579577,1,True,19.23,19.23,0.0,REP,REP,False
2024,state_house,nc_supreme_court_associate_justice_seat_02,state_house_nc_supreme_court_associate_justice_seat_02_2004.json,54,2579576,2579577,1,True,-1.55,-1.55,0.0,DEM,DEM,False
2024,state_house,nc_supreme_court_associate_justice_seat_02,state_house_nc_supreme_court_associate_justice_seat_02_2004.json,55,2579576,2579577,1,True,3.7,3.7,0.0,REP,REP,False
2024,state_house,nc_supreme_court_associate_justice_seat_02,state_house_nc_supreme_court_associate_justice_seat_02_2004.json,56,2579576,2579577,1,True,-31.94,-31.94,0.0,DEM,DEM,False
2024,state_house,nc_supreme_court_associate_justice_seat_02,state_house_nc_supreme_court_associate_justice_seat_02_2004.json,57,2579576,2579577,1,True,-4.4,-4.4,0.0,DEM,DEM,False
2024,state_house,nc_supreme_court_associate_justice_seat_02,state_house_nc_supreme_court_associate_justice_seat_02_2004.json,58,2579576,2579577,1,True,-14.43,-14.43,0.0,DEM,DEM,False
2024,state_house,nc_supreme_court_associate_justice_seat_02,state_house_nc_supreme_court_associate_justice_seat_02_2004.json,59,2579576,2579577,1,True,14.54,14.54,0.0,REP,REP,False
2024,state_house,nc_supreme_court_associate_justice_seat_02,state_house_nc_supreme_court_associate_justice_seat_02_2004.json,60,2579576,2579577,1,True,0.24,0.24,0.0,REP,REP,False
2024,state_house,nc_supreme_court_associate_justice_seat_02,state_house_nc_supreme_court_associate_justice_seat_02_2004.json,61,2579576,2579577,1,True,-12.56,-12.56,0.0,DEM,DEM,False
2024,state_house,nc_supreme_court_associate_justice_seat_02,state_house_nc_supreme_court_associate_justice_seat_02_2004.json,62,2579576,2579577,1,True,13.41,13.41,0.0,REP,REP,False
2024,state_house,nc_supreme_court_associate_justice_seat_02,state_house_nc_supreme_court_associate_justice_seat_02_2004.json,63,2579576,2579577,1,True,3.13,3.13,0.0,REP,REP,False
2024,state_house,nc_supreme_court_associate_justice_seat_02,state_house_nc_supreme_court_associate_justice_seat_02_2004.json,64,2579576,2579577,1,True,8.95,8.95,0.0,REP,REP,False
2024,state_house,nc_supreme_court_associate_justice_seat_02,state_house_nc_supreme_court_associate_justice_seat_02_2004.json,65,2579576,2579577,1,True,2.39,2.39,0.0,REP,REP,False
2024,state_house,nc_supreme_court_associate_justice_seat_02,state_house_nc_supreme_court_associate_justice_seat_02_2004.json,66,2579576,2579577,1,True,3.5,3.5,0.0,REP,REP,False
2024,state_house,nc_supreme_court_associate_justice_seat_02,state_house_nc_supreme_court_associate_justice_seat_02_2004.json,67,2579576,2579577,1,True,5.48,5.48,0.0,REP,REP,False
2024,state_house,nc_supreme_court_associate_justice_seat_02,state_house_nc_supreme_court_associate_justice_seat_02_2004.json,68,2579576,2579577,1,True,31.53,31.53,0.0,REP,REP,False
2024,state_house,nc_supreme_court_associate_justice_seat_02,state_house_nc_supreme_court_associate_justice_seat_02_2004.json,69,2579576,2579577,1,True,27.34,27.34,0.0,REP,REP,False
2024,state_house,nc_supreme_court_associate_justice_seat_02,state_house_nc_supreme_court_associate_justice_seat_02_2004.json,70,2579576,2579577,1,True,28.49,28.49,0.0,REP,REP,False
2024,state_house,nc_supreme_court_associate_justice_seat_02,state_house_nc_supreme_court_associate_justice_seat_02_2004.json,71,2579576,2579577,1,True,-12.13,-12.13,0.0,DEM,DEM,False
2024,state_house,nc_supreme_court_associate_justice_seat_02,state_house_nc_supreme_court_associate_justice_seat_02_2004.json,72,2579576,2579577,1,True,-25.76,-25.76,0.0,DEM,DEM,False
2024,state_house,nc_supreme_court_associate_justice_seat_02,state_house_nc_supreme_court_associate_justice_seat_02_2004.json,73,2579576,2579577,1,True,11.6,11.6,0.0,REP,REP,False
2024,state_house,nc_supreme_court_associate_justice_seat_02,state_house_nc_supreme_court_associate_justice_seat_02_2004.json,74,2579576,2579577,1,True,18.33,18.33,0.0,REP,REP,False
2024,state_house,nc_supreme_court_associate_justice_seat_02,state_house_nc_supreme_court_associate_justice_seat_02_2004.json,75,2579576,2579577,1,True,16.7,16.7,0.0,REP,REP,False
2024,state_house,nc_supreme_court_associate_justice_seat_02,state_house_nc_supreme_court_associate_justice_seat_02_2004.json,76,2579576,2579577,1,True,7.26,7.26,0.0,REP,REP,False
2024,state_house,nc_supreme_court_associate_justice_seat_02,state_house_nc_supreme_court_associate_justice_seat_02_2004.json,77,2579576,2579577,1,True,14.17,14.17,0.0,REP,REP,False
2024,state_house,nc_supreme_court_associate_justice_seat_02,state_house_nc_supreme_court_associate_justice_seat_02_2004.json,78,2579576,2579577,1,True,25.22,25.22,0.0,REP,REP,False
2024,state_house,nc_supreme_court_associate_justice_seat_02,state_house_nc_supreme_court_associate_justice_seat_02_2004.json,79,2579576,2579577,1,True,-0.5,-0.5,0.0,DEM,DEM,False
2024,state_house,nc_supreme_court_associate_justice_seat_02,state_house_nc_supreme_court_associate_justice_seat_02_2004.json,80,2579576,2579577,1,True,24.66,24.66,0.0,REP,REP,False
2024,state_house,nc_supreme_court_associate_justice_seat_02,state_house_nc_supreme_court_associate_justice_seat_02_2004.json,81,2579576,2579577,1,True,13.19,13.19,0.0,REP,REP,False
2024,state_house,nc_supreme_court_associate_justice_seat_02,state_house_nc_supreme_court_associate_justice_seat_02_2004.json,82,2579576,2579577,1,True,17.1,17.1,0.0,REP,REP,False
2024,state_house,nc_supreme_court_associate_justice_seat_02,state_house_nc_supreme_court_associate_justice_seat_02_2004.json,83,2579576,2579577,1,True,15.56,15.56,0.0,REP,REP,False
2024,state_house,nc_supreme_court_associate_justice_seat_02,state_house_nc_supreme_court_associate_justice_seat_02_2004.json,84,2579576,2579577,1,True,14.23,14.23,0.0,REP,REP,False
2024,state_house,nc_supreme_court_associate_justice_seat_02,state_house_nc_supreme_court_associate_justice_seat_02_2004.json,85,2579576,2579577,1,True,13.0,13.0,0.0,REP,REP,False
2024,state_house,nc_supreme_court_associate_justice_seat_02,state_house_nc_supreme_court_associate_justice_seat_02_2004.json,86,2579576,2579577,1,True,12.48,12.48,0.0,REP,REP,False
2024,state_house,nc_supreme_court_associate_justice_seat_02,state_house_nc_supreme_court_associate_justice_seat_02_2004.json,87,2579576,2579577,1,True,18.58,18.58,0.0,REP,REP,False
2024,state_house,nc_supreme_court_associate_justice_seat_02,state_house_nc_supreme_court_associate_justice_seat_02_2004.json,88,2579576,2579577,1,True,-8.14,-8.14,0.0,DEM,DEM,False
2024,state_house,nc_supreme_court_associate_justice_seat_02,state_house_nc_supreme_court_associate_justice_seat_02_2004.json,89,2579576,2579577,1,True,22.49,22.49,0.0,REP,REP,False
2024,state_house,nc_supreme_court_associate_justice_seat_02,state_house_nc_supreme_court_associate_justice_seat_02_2004.json,90,2579576,2579577,1,True,12.73,12.73,0.0,REP,REP,False
2024,state_house,nc_supreme_court_associate_justice_seat_02,state_house_nc_supreme_court_associate_justice_seat_02_2004.json,91,2579576,2579577,1,True,6.37,6.37,0.0,REP,REP,False
2024,state_house,nc_supreme_court_associate_justice_seat_02,state_house_nc_supreme_court_associate_justice_seat_02_2004.json,92,2579576,2579577,1,True,-2.2,-2.2,0.0,DEM,DEM,False
2024,state_house,nc_supreme_court_associate_justice_seat_02,state_house_nc_supreme_court_associate_justice_seat_02_2004.json,93,2579576,2579577,1,True,11.95,11.95,0.0,REP,REP,False
2024,state_house,nc_supreme_court_associate_justice_seat_02,state_house_nc_supreme_court_associate_justice_seat_02_2004.json,94,2579576,2579577,1,True,17.3,17.3,0.0,REP,REP,False
2024,state_house,nc_supreme_court_associate_justice_seat_02,state_house_nc_supreme_court_associate_justice_seat_02_2004.json,95,2579576,2579577,1,True,15.5,15.5,0.0,REP,REP,False
2024,state_house,nc_supreme_court_associate_justice_seat_02,state_house_nc_supreme_court_associate_justice_seat_02_2004.json,96,2579576,2579577,1,True,14.82,14.82,0.0,REP,REP,False
2024,state_house,nc_supreme_court_associate_justice_seat_02,state_house_nc_supreme_court_associate_justice_seat_02_2004.json,97,2579576,2579577,1,True,19.06,19.06,0.0,REP,REP,False
2024,state_house,nc_supreme_court_associate_justice_seat_02,state_house_nc_supreme_court_associate_justice_seat_02_2004.json,98,2579576,2579577,1,True,15.38,15.38,0.0,REP,REP,False
2024,state_house,nc_supreme_court_associate_justice_seat_02,state_house_nc_supreme_court_associate_justice_seat_02_2004.json,99,2579576,2579577,1,True,-15.68,-15.68,0.0,DEM,DEM,False
2024,state_house,nc_supreme_court_associate_justice_seat_02,state_house_nc_supreme_court_associate_justice_seat_02_2004.json,100,2579576,2579577,1,True,4.85,4.85,0.0,REP,REP,False
2024,state_house,nc_supreme_court_associate_justice_seat_02,state_house_nc_supreme_court_associate_justice_seat_02_2004.json,101,2579576,2579577,1,True,4.12,4.12,0.0,REP,REP,False
2024,state_house,nc_supreme_court_associate_justice_seat_02,state_house_nc_supreme_court_associate_justice_seat_02_2004.json,102,2579576,2579577,1,True,-10.82,-10.82,0.0,DEM,DEM,False
2024,state_house,nc_supreme_court_associate_justice_seat_02,state_house_nc_supreme_court_associate_justice_seat_02_2004.json,103,2579576,2579577,1,True,10.77,10.77,0.0,REP,REP,False
2024,state_house,nc_supreme_court_associate_justice_seat_02,state_house_nc_supreme_court_associate_justice_seat_02_2004.json,104,2579576,2579577,1,True,7.36,7.36,0.0,REP,REP,False
2024,state_house,nc_supreme_court_associate_justice_seat_02,state_house_nc_supreme_court_associate_justice_seat_02_2004.json,105,2579576,2579577,1,True,18.38,18.38,0.0,REP,REP,False
2024,state_house,nc_supreme_court_associate_justice_seat_02,state_house_nc_supreme_court_associate_justice_seat_02_2004.json,106,2579576,2579577,1,True,-1.1,-1.1,0.0,DEM,DEM,False
2024,state_house,nc_supreme_court_associate_justice_seat_02,state_house_nc_supreme_court_associate_justice_seat_02_2004.json,107,2579576,2579577,1,True,-32.22,-32.22,0.0,DEM,DEM,False
2024,state_house,nc_supreme_court_associate_justice_seat_02,state_house_nc_supreme_court_associate_justice_seat_02_2004.json,108,2579576,2579577,1,True,17.34,17.34,0.0,REP,REP,False
2024,state_house,nc_supreme_court_associate_justice_seat_02,state_house_nc_supreme_court_associate_justice_seat_02_2004.json,109,2579576,2579577,1,True,16.94,16.94,0.0,REP,REP,False
2024,state_house,nc_supreme_court_associate_justice_seat_02,state_house_nc_supreme_court_associate_justice_seat_02_2004.json,110,2579576,2579577,1,True,10.19,10.19,0.0,REP,REP,False
2024,state_house,nc_supreme_court_associate_justice_seat_02,state_house_nc_supreme_court_associate_justice_seat_02_2004.json,111,2579576,2579577,1,True,6.95,6.95,0.0,REP,REP,False
2024,state_house,nc_supreme_court_associate_justice_seat_02,state_house_nc_supreme_court_associate_justice_seat_02_2004.json,112,2579576,2579577,1,True,-15.56,-15.56,0.0,DEM,DEM,False
2024,state_house,nc_supreme_court_associate_justice_seat_02,state_house_nc_supreme_court_associate_justice_seat_02_2004.json,113,2579576,2579577,1,True,9.47,9.47,0.0,REP,REP,False
2024,state_house,nc_supreme_court_associate_justice_seat_02,state_house_nc_supreme_court_associate_justice_seat_02_2004.json,114,2579576,2579577,1,True,6.76,6.76,0.0,REP,REP,False
2024,state_house,nc_supreme_court_associate_justice_seat_02,state_house_nc_supreme_court_associate_justice_seat_02_2004.json,115,2579576,2579577,1,True,-0.7,-0.7,0.0,DEM,DEM,False
2024,state_house,nc_supreme_court_associate_justice_seat_02,state_house_nc_supreme_court_associate_justice_seat_02_2004.json,116,2579576,2579577,1,True,-3.95,-3.95,0.0,DEM,DEM,False
2024,state_house,nc_supreme_court_associate_justice_seat_02,state_house_nc_supreme_court_associate_justice_seat_02_2004.json,117,2579576,2579577,1,True,15.76,15.76,0.0,REP,REP,False
2024,state_house,nc_supreme_court_associate_justice_seat_02,state_house_nc_supreme_court_associate_justice_seat_02_2004.json,118,2579576,2579577,1,True,5.05,5.05,0.0,REP,REP,False
2024,state_house,nc_supreme_court_associate_justice_seat_02,state_house_nc_supreme_court_associate_justice_seat_02_2004.json,119,2579576,2579577,1,True,5.97,5.97,0.0,REP,REP,False
2024,state_house,nc_supreme_court_associate_justice_seat_02,state_house_nc_supreme_court_associate_justice_seat_02_2004.json,120,2579576,2579577,1,True,19.92,19.92,0.0,REP,REP,False
2024,state_house,nc_supreme_court_associate_justice_seat_04,state_house_nc_supreme_court_associate_justice_seat_04_2004.json,1,2710260,2710261,1,True,-35.63,-35.63,0.0,DEM,DEM,False
2024,state_house,nc_supreme_court_associate_justice_seat_04,state_house_nc_supreme_court_associate_justice_seat_04_2004.json,2,2710260,2710261,1,True,-38.53,-38.53,0.0,DEM,DEM,False
2024,state_house,nc_supreme_court_associate_justice_seat_04,state_house_nc_supreme_court_associate_justice_seat_04_2004.json,3,2710260,2710261,1,True,-16.05,-16.05,0.0,DEM,DEM,False
2024,state_house,nc_supreme_court_associate_justice_seat_04,state_house_nc_supreme_court_associate_justice_seat_04_2004.json,4,2710260,2710261,1,True,-32.04,-32.04,0.0,DEM,DEM,False
2024,state_house,nc_supreme_court_associate_justice_seat_04,state_house_nc_supreme_court_associate_justice_seat_04_2004.json,5,2710260,2710261,1,True,-43.58,-43.58,0.0,DEM,DEM,False
2024,state_house,nc_supreme_court_associate_justice_seat_04,state_house_nc_supreme_court_associate_justice_seat_04_2004.json,6,2710260,2710261,1,True,-17.53,-17.53,0.0,DEM,DEM,False
2024,state_house,nc_supreme_court_associate_justice_seat_04,state_house_nc_supreme_court_associate_justice_seat_04_2004.json,7,2710260,2710261,1,True,-35.59,-35.59,0.0,DEM,DEM,False
2024,state_house,nc_supreme_court_associate_justice_seat_04,state_house_nc_supreme_court_associate_justice_seat_04_2004.json,8,2710260,2710261,1,True,-37.36,-37.36,0.0,DEM,DEM,False
2024,state_house,nc_supreme_court_associate_justice_seat_04,state_house_nc_supreme_court_associate_justice_seat_04_2004.json,9,2710260,2710261,1,True,-14.47,-14.47,0.0,DEM,DEM,False
2024,state_house,nc_supreme_court_associate_justice_seat_04,state_house_nc_supreme_court_associate_justice_seat_04_2004.json,10,2710260,2710261,1,True,-22.25,-22.25,0.0,DEM,DEM,False
2024,state_house,nc_supreme_court_associate_justice_seat_04,state_house_nc_supreme_court_associate_justice_seat_04_2004.json,11,2710260,2710261,1,True,-28.07,-28.07,0.0,DEM,DEM,False
2024,state_house,nc_supreme_court_associate_justice_seat_04,state_house_nc_supreme_court_associate_justice_seat_04_2004.json,12,2710260,2710261,1,True,-19.91,-19.91,0.0,DEM,DEM,False
2024,state_house,nc_supreme_court_associate_justice_seat_04,state_house_nc_supreme_court_associate_justice_seat_04_2004.json,13,2710260,2710261,1,True,-15.75,-15.75,0.0,DEM,DEM,False
2024,state_house,nc_supreme_court_associate_justice_seat_04,state_house_nc_supreme_court_associate_justice_seat_04_2004.json,14,2710260,2710261,1,True,-26.18,-26.18,0.0,DEM,DEM,False
2024,state_house,nc_supreme_court_associate_justice_seat_04,state_house_nc_supreme_court_associate_justice_seat_04_2004.json,15,2710260,2710261,1,True,-18.48,-18.48,0.0,DEM,DEM,False
2024,state_house,nc_supreme_court_associate_justice_seat_04,state_house_nc_supreme_court_associate_justice_seat_04_2004.json,16,2710260,2710261,1,True,-19.52,-19.52,0.0,DEM,DEM,False
2024,state_house,nc_supreme_court_associate_justice_seat_04,state_house_nc_supreme_court_associate_justice_seat_04_2004.json,17,2710260,2710261,1,True,-29.3,-29.3,0.0,DEM,DEM,False
2024,state_house,nc_supreme_court_associate_justice_seat_04,state_house_nc_supreme_court_associate_justice_seat_04_2004.json,18,2710260,2710261,1,True,-37.24,-37.24,0.0,DEM,DEM,False
2024,state_house,nc_supreme_court_associate_justice_seat_04,state_house_nc_supreme_court_associate_justice_seat_04_2004.json,19,2710260,2710261,1,True,-22.85,-22.85,0.0,DEM,DEM,False
2024,state_house,nc_supreme_court_associate_justice_seat_04,state_house_nc_supreme_court_associate_justice_seat_04_2004.json,20,2710260,2710261,1,True,-14.66,-14.66,0.0,DEM,DEM,False
2024,state_house,nc_supreme_court_associate_justice_seat_04,state_house_nc_supreme_court_associate_justice_seat_04_2004.json,21,2710260,2710261,1,True,-19.42,-19.42,0.0,DEM,DEM,False
2024,state_house,nc_supreme_court_associate_justice_seat_04,state_house_nc_supreme_court_associate_justice_seat_04_2004.json,22,2710260,2710261,1,True,-25.61,-25.61,0.0,DEM,DEM,False
2024,state_house,nc_supreme_court_associate_justice_seat_04,state_house_nc_supreme_court_associate_justice_seat_04_2004.json,23,2710260,2710261,1,True,-47.91,-47.91,0.0,DEM,DEM,False
2024,state_house,nc_supreme_court_associate_justice_seat_04,state_house_nc_supreme_court_associate_justice_seat_04_2004.json,24,2710260,2710261,1,True,-26.32,-26.32,0.0,DEM,DEM,False
2024,state_house,nc_supreme_court_associate_justice_seat_04,state_house_nc_supreme_court_associate_justice_seat_04_2004.json,25,2710260,2710261,1,True,-25.0,-25.0,0.0,DEM,DEM,False
2024,state_house,nc_supreme_court_associate_justice_seat_04,state_house_nc_supreme_court_associate_justice_seat_04_2004.json,26,2710260,2710261,1,True,-14.78,-14.78,0.0,DEM,DEM,False
2024,state_house,nc_supreme_court_associate_justice_seat_04,state_house_nc_supreme_court_associate_justice_seat_04_2004.json,27,2710260,2710261,1,True,-54.65,-54.65,0.0,DEM,DEM,False
2024,state_house,nc_supreme_court_associate_justice_seat_04,state_house_nc_supreme_court_associate_justice_seat_04_2004.json,28,2710260,2710261,1,True,-23.22,-23.22,0.0,DEM,DEM,False
2024,state_house,nc_supreme_court_associate_justice_seat_04,state_house_nc_supreme_court_associate_justice_seat_04_2004.json,29,2710260,2710261,1,True,-56.58,-56.58,0.0,DEM,DEM,False
2024,state_house,nc_supreme_court_associate_justice_seat_04,state_house_nc_supreme_court_associate_justice_seat_04_2004.json,30,2710260,2710261,1,True,-58.55,-58.55,0.0,DEM,DEM,False
2024,state_house,nc_supreme_court_associate_justice_seat_04,state_house_nc_supreme_court_associate_justice_seat_04_2004.json,31,2710260,2710261,1,True,-58.89,-58.89,0.0,DEM,DEM,False
2024,state_house,nc_supreme_court_associate_justice_seat_04,state_house_nc_supreme_court_associate_justice_seat_04_2004.json,32,2710260,2710261,1,True,-46.58,-46.58,0.0,DEM,DEM,False
2024,state_house,nc_supreme_court_associate_justice_seat_04,state_house_nc_supreme_court_associate_justice_seat_04_2004.json,33,2710260,2710261,1,True,-36.96,-36.96,0.0,DEM,DEM,False
2024,state_house,nc_supreme_court_associate_justice_seat_04,state_house_nc_supreme_court_associate_justice_seat_04_2004.json,34,2710260,2710261,1,True,-35.31,-35.31,0.0,DEM,DEM,False
2024,state_house,nc_supreme_court_associate_justice_seat_04,state_house_nc_supreme_court_associate_justice_seat_04_2004.json,35,2710260,2710261,1,True,-13.29,-13.29,0.0,DEM,DEM,False
2024,state_house,nc_supreme_court_associate_justice_seat_04,state_house_nc_supreme_court_associate_justice_seat_04_2004.json,36,2710260,2710261,1,True,-15.98,-15.98,0.0,DEM,DEM,False
2024,state_house,nc_supreme_court_associate_justice_seat_04,state_house_nc_supreme_court_associate_justice_seat_04_2004.json,37,2710260,2710261,1,True,-22.53,-22.53,0.0,DEM,DEM,False
2024,state_house,nc_supreme_court_associate_justice_seat_04,state_house_nc_supreme_court_associate_justice_seat_04_2004.json,38,2710260,2710261,1,True,-65.75,-65.75,0.0,DEM,DEM,False
2024,state_house,nc_supreme_court_associate_justice_seat_04,state_house_nc_supreme_court_associate_justice_seat_04_2004.json,39,2710260,2710261,1,True,-34.23,-34.23,0.0,DEM,DEM,False
2024,state_house,nc_supreme_court_associate_justice_seat_04,state_house_nc_supreme_court_associate_justice_seat_04_2004.json,40,2710260,2710261,1,True,-23.15,-23.15,0.0,DEM,DEM,False
2024,state_house,nc_supreme_court_associate_justice_seat_04,state_house_nc_supreme_court_associate_justice_seat_04_2004.json,41,2710260,2710261,1,True,-31.06,-31.06,0.0,DEM,DEM,False
2024,state_house,nc_supreme_court_associate_justice_seat_04,state_house_nc_supreme_court_associate_justice_seat_04_2004.json,42,2710260,2710261,1,True,-34.18,-34.18,0.0,DEM,DEM,False
2024,state_house,nc_supreme_court_associate_justice_seat_04,state_house_nc_supreme_court_associate_justice_seat_04_2004.json,43,2710260,2710261,1,True,4.81,4.81,0.0,REP,REP,False
2024,state_house,nc_supreme_court_associate_justice_seat_04,state_house_nc_supreme_court_associate_justice_seat_04_2004.json,44,2710260,2710261,1,True,-13.43,-13.43,0.0,DEM,DEM,False
2024,state_house,nc_supreme_court_associate_justice_seat_04,state_house_nc_supreme_court_associate_justice_seat_04_2004.json,45,2710260,2710261,1,True,-11.92,-11.92,0.0,DEM,DEM,False
2024,state_house,nc_supreme_court_associate_justice_seat_04,state_house_nc_supreme_court_associate_justice_seat_04_2004.json,46,2710260,2710261,1,True,-33.23,-33.23,0.0,DEM,DEM,False
2024,state_house,nc_supreme_court_associate_justice_seat_04,state_house_nc_supreme_court_associate_justice_seat_04_2004.json,47,2710260,2710261,1,True,-34.48,-34.48,0.0,DEM,DEM,False
2024,state_house,nc_supreme_court_associate_justice_seat_04,state_house_nc_supreme_court_associate_justice_seat_04_2004.json,48,2710260,2710261,1,True,-29.8,-29.8,0.0,DEM,DEM,False
2024,state_house,nc_supreme_court_associate_justice_seat_04,state_house_nc_supreme_court_associate_justice_seat_04_2004.json,49,2710260,2710261,1,True,-41.34,-41.34,0.0,DEM,DEM,False
2024,state_house,nc_supreme_court_associate_justice_seat_04,state_house_nc_supreme_court_associate_justice_seat_04_2004.json,50,2710260,2710261,1,True,-50.67,-50.67,0.0,DEM,DEM,False
2024,state_house,nc_supreme_court_associate_justice_seat_04,state_house_nc_supreme_court_associate_justice_seat_04_2004.json,51,2710260,2710261,1,True,-26.78,-26.78,0.0,DEM,DEM,False
2024,state_house,nc_supreme_court_associate_justice_seat_04,state_house_nc_supreme_court_associate_justice_seat_04_2004.json,52,2710260,2710261,1,True,-29.37,-29.37,0.0,DEM,DEM,False
2024,state_house,nc_supreme_court_associate_justice_seat_04,state_house_nc_supreme_court_associate_justice_seat_04_2004.json,53,2710260,2710261,1,True,-9.78,-9.78,0.0,DEM,DEM,False
2024,state_house,nc_supreme_court_associate_justice_seat_04,state_house_nc_supreme_court_associate_justice_seat_04_2004.json,54,2710260,2710261,1,True,-32.89,-32.89,0.0,DEM,DEM,False
2024,state_house,nc_supreme_court_associate_justice_seat_04,state_house_nc_supreme_court_associate_justice_seat_04_2004.json,55,2710260,2710261,1,True,-21.39,-21.39,0.0,DEM,DEM,False
2024,state_house,nc_supreme_court_associate_justice_seat_04,state_house_nc_supreme_court_associate_justice_seat_04_2004.json,56,2710260,2710261,1,True,-54.31,-54.31,0.0,DEM,DEM,False
2024,state_house,nc_supreme_court_associate_justice_seat_04,state_house_nc_supreme_court_associate_justice_seat_04_2004.json,57,2710260,2710261,1,True,-46.35,-46.35,0.0,DEM,DEM,False
2024,state_house,nc_supreme_court_associate_justice_seat_04,state_house_nc_supreme_court_associate_justice_seat_04_2004.json,58,2710260,2710261,1,True,-52.45,-52.45,0.0,DEM,DEM,False
2024,state_house,nc_supreme_court_associate_justice_seat_04,state_house_nc_supreme_court_associate_justice_seat_04_2004.json,59,2710260,2710261,1,True,-23.08,-23.08,0.0,DEM,DEM,False
2024,state_house,nc_supreme_court_associate_justice_seat_04,state_house_nc_supreme_court_associate_justice_seat_04_2004.json,60,2710260,2710261,1,True,-39.33,-39.33,0.0,DEM,DEM,False
2024,state_house,nc_supreme_court_associate_justice_seat_04,state_house_nc_supreme_court_associate_justice_seat_04_2004.json,61,2710260,2710261,1,True,-55.93,-55.93,0.0,DEM,DEM,False
2024,state_house,nc_supreme_court_associate_justice_seat_04,state_house_nc_supreme_court_associate_justice_seat_04_2004.json,62,2710260,2710261,1,True,-24.33,-24.33,0.0,DEM,DEM,False
2024,state_house,nc_supreme_court_associate_justice_seat_04,state_house_nc_supreme_court_associate_justice_seat_04_2004.json,63,2710260,2710261,1,True,-26.19,-26.19,0.0,DEM,DEM,False
2024,state_house,nc_supreme_court_associate_justice_seat_04,state_house_nc_supreme_court_associate_justice_seat_04_2004.json,64,2710260,2710261,1,True,-22.51,-22.51,0.0,DEM,DEM,False
2024,state_house,nc_supreme_court_associate_justice_seat_04,state_house_nc_supreme_court_associate_justice_seat_04_2004.json,65,2710260,2710261,1,True,-29.59,-29.59,0.0,DEM,DEM,False
2024,state_house,nc_supreme_court_associate_justice_seat_04,state_house_nc_supreme_court_associate_justice_seat_04_2004.json,66,2710260,2710261,1,True,-34.13,-34.13,0.0,DEM,DEM,False
2024,state_house,nc_supreme_court_associate_justice_seat_04,state_house_nc_supreme_court_associate_justice_seat_04_2004.json,67,2710260,2710261,1,True,-28.52,-28.52,0.0,DEM,DEM,False
2024,state_house,nc_supreme_court_associate_justice_seat_04,state_house_nc_supreme_court_associate_justice_seat_04_2004.json,68,2710260,2710261,1,True,4.1,4.1,0.0,REP,REP,False
2024,state_house,nc_supreme_court_associate_justice_seat_04,state_house_nc_supreme_court_associate_justice_seat_04_2004.json,69,2710260,2710261,1,True,-2.73,-2.73,0.0,DEM,DEM,False
2024,state_house,nc_supreme_court_associate_justice_seat_04,state_house_nc_supreme_court_associate_justice_seat_04_2004.json,70,2710260,2710261,1,True,-7.05,-7.05,0.0,DEM,DEM,False
2024,state_house,nc_supreme_court_associate_justice_seat_04,state_house_nc_supreme_court_associate_justice_seat_04_2004.json,71,2710260,2710261,1,True,-44.03,-44.03,0.0,DEM,DEM,False
2024,state_house,nc_supreme_court_associate_justice_seat_04,state_house_nc_supreme_court_associate_justice_seat_04_2004.json,72,2710260,2710261,1,True,-54.29,-54.29,0.0,DEM,DEM,False
2024,state_house,nc_supreme_court_associate_justice_seat_04,state_house_nc_supreme_court_associate_justice_seat_04_2004.json,73,2710260,2710261,1,True,-23.3,-23.3,0.0,DEM,DEM,False
2024,state_house,nc_supreme_court_associate_justice_seat_04,state_house_nc_supreme_court_associate_justice_seat_04_2004.json,74,2710260,2710261,1,True,-17.82,-17.82,0.0,DEM,DEM,False
2024,state_house,nc_supreme_court_associate_justice_seat_04,state_house_nc_supreme_court_associate_justice_seat_04_2004.json,75,2710260,2710261,1,True,-18.74,-18.74,0.0,DEM,DEM,False
2024,state_house,nc_supreme_court_associate_justice_seat_04,state_house_nc_supreme_court_associate_justice_seat_04_2004.json,76,2710260,2710261,1,True,-25.63,-25.63,0.0,DEM,DEM,False
2024,state_house,nc_supreme_court_associate_justice_seat_04,state_house_nc_supreme_court_associate_justice_seat_04_2004.json,77,2710260,2710261,1,True,-21.11,-21.11,0.0,DEM,DEM,False
2024,state_house,nc_supreme_court_associate_justice_seat_04,state_house_nc_supreme_court_associate_justice_seat_04_2004.json,78,2710260,2710261,1,True,-8.14,-8.14,0.0,DEM,DEM,False
2024,state_house,nc_supreme_court_associate_justice_seat_04,state_house_nc_supreme_court_associate_justice_seat_04_2004.json,79,2710260,2710261,1,True,-33.81,-33.81,0.0,DEM,DEM,False
2024,state_house,nc_supreme_court_associate_justice_seat_04,state_house_nc_supreme_court_associate_justice_seat_04_2004.json,80,2710260,2710261,1,True,-10.87,-10.87,0.0,DEM,DEM,False
2024,state_house,nc_supreme_court_associate_justice_seat_04,state_house_nc_supreme_court_associate_justice_seat_04_2004.json,81,2710260,2710261,1,True,-22.56,-22.56,0.0,DEM,DEM,False
2024,state_house,nc_supreme_court_associate_justice_seat_04,state_house_nc_supreme_court_associate_justice_seat_04_2004.json,82,2710260,2710261,1,True,-18.79,-18.79,0.0,DEM,DEM,False
2024,state_house,nc_supreme_court_associate_justice_seat_04,state_house_nc_supreme_court_associate_justice_seat_04_2004.json,83,2710260,2710261,1,True,-14.39,-14.39,0.0,DEM,DEM,False
2024,state_house,nc_supreme_court_associate_justice_seat_04,state_house_nc_supreme_court_associate_justice_seat_04_2004.json,84,2710260,2710261,1,True,-22.62,-22.62,0.0,DEM,DEM,False
2024,state_house,nc_supreme_court_associate_justice_seat_04,state_house_nc_supreme_court_associate_justice_seat_04_2004.json,85,2710260,2710261,1,True,-9.99,-9.99,0.0,DEM,DEM,False
2024,state_house,nc_supreme_court_associate_justice_seat_04,state_house_nc_supreme_court_associate_justice_seat_04_2004.json,86,2710260,2710261,1,True,-24.77,-24.77,0.0,DEM,DEM,False
2024,state_house,nc_supreme_court_associate_justice_seat_04,state_house_nc_supreme_court_associate_justice_seat_04_2004.json,87,2710260,2710261,1,True,-10.49,-10.49,0.0,DEM,DEM,False
2024,state_house,nc_supreme_court_associate_justice_seat_04,state_house_nc_supreme_court_associate_justice_seat_04_2004.json,88,2710260,2710261,1,True,-46.58,-46.58,0.0,DEM,DEM,False
2024,state_house,nc_supreme_court_associate_justice_seat_04,state_house_nc_supreme_court_associate_justice_seat_04_2004.json,89,2710260,2710261,1,True,-12.8,-12.8,0.0,DEM,DEM,False
2024,state_house,nc_supreme_court_associate_justice_seat_04,state_house_nc_supreme_court_associate_justice_seat_04_2004.json,90,2710260,2710261,1,True,-22.9,-22.9,0.0,DEM,DEM,False
2024,state_house,nc_supreme_court_associate_justice_seat_04,state_house_nc_supreme_court_associate_justice_seat_04_2004.json,91,2710260,2710261,1,True,-22.46,-22.46,0.0,DEM,DEM,False
2024,state_house,nc_supreme_court_associate_justice_seat_04,state_house_nc_supreme_court_associate_justice_seat_04_2004.json,92,2710260,2710261,1,True,-36.92,-36.92,0.0,DEM,DEM,False
2024,state_house,nc_supreme_court_associate_justice_seat_04,state_house_nc_supreme_court_associate_justice_seat_04_2004.json,93,2710260,2710261,1,True,-22.4,-22.4,0.0,DEM,DEM,False
2024,state_house,nc_supreme_court_associate_justice_seat_04,state_house_nc_supreme_court_associate_justice_seat_04_2004.json,94,2710260,2710261,1,True,-11.48,-11.48,0.0,DEM,DEM,False
2024,state_house,nc_supreme_court_associate_justice_seat_04,state_house_nc_supreme_court_associate_justice_seat_04_2004.json,95,2710260,2710261,1,True,-21.1,-21.1,0.0,DEM,DEM,False
2024,state_house,nc_supreme_court_associate_justice_seat_04,state_house_nc_supreme_court_associate_justice_seat_04_2004.json,96,2710260,2710261,1,True,-21.49,-21.49,0.0,DEM,DEM,False
2024,state_house,nc_supreme_court_associate_justice_seat_04,state_house_nc_supreme_court_associate_justice_seat_04_2004.json,97,2710260,2710261,1,True,-14.61,-14.61,0.0,DEM,DEM,False
2024,state_house,nc_supreme_court_associate_justice_seat_04,state_house_nc_supreme_court_associate_justice_seat_04_2004.json,98,2710260,2710261,1,True,-21.4,-21.4,0.0,DEM,DEM,False
2024,state_house,nc_supreme_court_associate_justice_seat_04,state_house_nc_supreme_court_associate_justice_seat_04_2004.json,99,2710260,2710261,1,True,-49.69,-49.69,0.0,DEM,DEM,False
2024,state_house,nc_supreme_court_associate_justice_seat_04,state_house_nc_supreme_court_associate_justice_seat_04_2004.json,100,2710260,2710261,1,True,-31.48,-31.48,0.0,DEM,DEM,False
2024,state_house,nc_supreme_court_associate_justice_seat_04,state_house_nc_supreme_court_associate_justice_seat_04_2004.json,101,2710260,2710261,1,True,-30.08,-30.08,0.0,DEM,DEM,False
2024,state_house,nc_supreme_court_associate_justice_seat_04,state_house_nc_supreme_court_associate_justice_seat_04_2004.json,102,2710260,2710261,1,True,-52.51,-52.51,0.0,DEM,DEM,False
2024,state_house,nc_supreme_court_associate_justice_seat_04,state_house_nc_supreme_court_associate_justice_seat_04_2004.json,103,2710260,2710261,1,True,-23.43,-23.43,0.0,DEM,DEM,False
2024,state_house,nc_supreme_court_associate_justice_seat_04,state_house_nc_supreme_court_associate_justice_seat_04_2004.json,104,2710260,2710261,1,True,-31.32,-31.32,0.0,DEM,DEM,False
2024,state_house,nc_supreme_court_associate_justice_seat_04,state_house_nc_supreme_court_associate_justice_seat_04_2004.json,105,2710260,2710261,1,True,-17.29,-17.29,0.0,DEM,DEM,False
2024,state_house,nc_supreme_court_associate_justice_seat_04,state_house_nc_supreme_court_associate_justice_seat_04_2004.json,106,2710260,2710261,1,True,-36.91,-36.91,0.0,DEM,DEM,False
2024,state_house,nc_supreme_court_associate_justice_seat_04,state_house_nc_supreme_court_associate_justice_seat_04_2004.json,107,2710260,2710261,1,True,-62.34,-62.34,0.0,DEM,DEM,False
2024,state_house,nc_supreme_court_associate_justice_seat_04,state_house_nc_supreme_court_associate_justice_seat_04_2004.json,108,2710260,2710261,1,True,-10.99,-10.99,0.0,DEM,DEM,False
2024,state_house,nc_supreme_court_associate_justice_seat_04,state_house_nc_supreme_court_associate_justice_seat_04_2004.json,109,2710260,2710261,1,True,-14.24,-14.24,0.0,DEM,DEM,False
2024,state_house,nc_supreme_court_associate_justice_seat_04,state_house_nc_supreme_court_associate_justice_seat_04_2004.json,110,2710260,2710261,1,True,-16.62,-16.62,0.0,DEM,DEM,False
2024,state_house,nc_supreme_court_associate_justice_seat_04,state_house_nc_supreme_court_associate_justice_seat_04_2004.json,111,2710260,2710261,1,True,-19.21,-19.21,0.0,DEM,DEM,False
2024,state_house,nc_supreme_court_associate_justice_seat_04,state_house_nc_supreme_court_associate_justice_seat_04_2004.json,112,2710260,2710261,1,True,-50.0,-50.0,0.0,DEM,DEM,False
2024,state_house,nc_supreme_court_associate_justice_seat_04,state_house_nc_supreme_court_associate_justice_seat_04_2004.json,113,2710260,2710261,1,True,-18.53,-18.53,0.0,DEM,DEM,False
2024,state_house,nc_supreme_court_associate_justice_seat_04,state_house_nc_supreme_court_associate_justice_seat_04_2004.json,114,2710260,2710261,1,True,-26.78,-26.78,0.0,DEM,DEM,False
2024,state_house,nc_supreme_court_associate_justice_seat_04,state_house_nc_supreme_court_associate_justice_seat_04_2004.json,115,2710260,2710261,1,True,-33.36,-33.36,0.0,DEM,DEM,False
2024,state_house,nc_supreme_court_associate_justice_seat_04,state_house_nc_supreme_court_associate_justice_seat_04_2004.json,116,2710260,2710261,1,True,-37.19,-37.19,0.0,DEM,DEM,False
2024,state_house,nc_supreme_court_associate_justice_seat_04,state_house_nc_supreme_court_associate_justice_seat_04_2004.json,117,2710260,2710261,1,True,-9.76,-9.76,0.0,DEM,DEM,False
2024,state_house,nc_supreme_court_associate_justice_seat_04,state_house_nc_supreme_court_associate_justice_seat_04_2004.json,118,2710260,2710261,1,True,-27.1,-27.1,0.0,DEM,DEM,False
2024,state_house,nc_supreme_court_associate_justice_seat_04,state_house_nc_supreme_court_associate_justice_seat_04_2004.json,119,2710260,2710261,1,True,-24.67,-24.67,0.0,DEM,DEM,False
2024,state_house,nc_supreme_court_associate_justice_seat_04,state_house_nc_supreme_court_associate_justice_seat_04_2004.json,120,2710260,2710261,1,True,-7.76,-7.76,0.0,DEM,DEM,False
2024,state_house,president,state_house_president_2004.json,1,3501007,3501003,-4,True,17.08,17.08,0.0,REP,REP,False
2024,state_house,president,state_house_president_2004.json,2,3501007,3501003,-4,True,4.88,4.88,0.0,REP,REP,False
2024,state_house,president,state_house_president_2004.json,3,3501007,3501003,-4,True,26.07,26.07,0.0,REP,REP,False
2024,state_house,president,state_house_president_2004.json,4,3501007,3501003,-4,True,17.13,17.13,0.0,REP,REP,False
2024,state_house,president,state_house_president_2004.json,5,3501007,3501003,-4,True,-5.5,-5.5,0.0,DEM,DEM,False
2024,state_house,president,state_house_president_2004.json,6,3501007,3501003,-4,True,26.76,26.76,0.0,REP,REP,False
2024,state_house,president,state_house_president_2004.json,7,3501007,3501003,-4,True,9.06,9.06,0.0,REP,REP,False
2024,state_house,president,state_house_president_2004.json,8,3501007,3501003,-4,True,-13.87,-13.87,0.0,DEM,DEM,False
2024,state_house,president,state_house_president_2004.json,9,3501007,3501003,-4,True,25.14,25.14,0.0,REP,REP,False
2024,state_house,president,state_house_president_2004.json,10,3501007,3501003,-4,True,26.7,26.7,0.0,REP,REP,False
2024,state_house,president,state_house_president_2004.json,11,3501007,3501003,-4,True,4.51,4.51,0.0,REP,REP,False
2024,state_house,president,state_house_president_2004.json,12,3501007,3501003,-4,True,13.4,13.4,0.0,REP,REP,False
2024,state_house,president,state_house_president_2004.json,13,3501007,3501003,-4,True,36.17,36.17,0.0,REP,REP,False
2024,state_house,president,state_house_president_2004.json,14,3501007,3501003,-4,True,31.98,31.98,0.0,REP,REP,False
2024,state_house,president,state_house_president_2004.json,15,3501007,3501003,-4,True,42.2,42.2,0.0,REP,REP,False
2024,state_house,president,state_house_president_2004.json,16,3501007,3501003,-4,True,24.55,24.55,0.0,REP,REP,False
2024,state_house,president,state_house_president_2004.json,17,3501007,3501003,-4,True,16.69,16.69,0.0,REP,REP,False
2024,state_house,president,state_house_president_2004.json,18,3501007,3501003,-4,True,-11.01,-11.01,0.0,DEM,DEM,False
2024,state_house,president,state_house_president_2004.json,19,3501007,3501003,-4,True,27.14,27.14,0.0,REP,REP,False
2024,state_house,president,state_house_president_2004.json,20,3501007,3501003,-4,True,26.67,26.67,0.0,REP,REP,False
2024,state_house,president,state_house_president_2004.json,21,3501007,3501003,-4,True,17.85,17.85,0.0,REP,REP,False
2024,state_house,president,state_house_president_2004.json,22,3501007,3501003,-4,True,8.75,8.75,0.0,REP,REP,False
2024,state_house,president,state_house_president_2004.json,23,3501007,3501003,-4,True,-16.07,-16.07,0.0,DEM,DEM,False
2024,state_house,president,state_house_president_2004.json,24,3501007,3501003,-4,True,8.89,8.89,0.0,REP,REP,False
2024,state_house,president,state_house_president_2004.json,25,3501007,3501003,-4,True,15.03,15.03,0.0,REP,REP,False
2024,state_house,president,state_house_president_2004.json,26,3501007,3501003,-4,True,32.29,32.29,0.0,REP,REP,False
2024,state_house,president,state_house_president_2004.json,27,3501007,3501003,-4,True,-22.44,-22.44,0.0,DEM,DEM,False
2024,state_house,president,state_house_president_2004.json,28,3501007,3501003,-4,True,36.25,36.25,0.0,REP,REP,False
2024,state_house,president,state_house_president_2004.json,29,3501007,3501003,-4,True,-39.85,-39.85,0.0,DEM,DEM,False
2024,state_house,president,state_house_president_2004.json,30,3501007,3501003,-4,True,-44.63,-44.63,0.0,DEM,DEM,False
2024,state_house,president,state_house_president_2004.json,31,3501007,3501003,-4,True,-46.89,-46.89,0.0,DEM,DEM,False
2024,state_house,president,state_house_president_2004.json,32,3501007,3501003,-4,True,-4.44,-4.44,0.0,DEM,DEM,False
2024,state_house,president,state_house_president_2004.json,33,3501007,3501003,-4,True,-3.69,-3.69,0.0,DEM,DEM,False
2024,state_house,president,state_house_president_2004.json,34,3501007,3501003,-4,True,-3.23,-3.23,0.0,DEM,DEM,False
2024,state_house,president,state_house_president_2004.json,35,3501007,3501003,-4,True,28.21,28.21,0.0,REP,REP,False
2024,state_house,president,state_house_president_2004.json,36,3501007,3501003,-4,True,22.45,22.45,0.0,REP,REP,False
2024,state_house,president,state_house_president_2004.json,37,3501007,3501003,-4,True,18.26,18.26,0.0,REP,REP,False
2024,state_house,president,state_house_president_2004.json,38,3501007,3501003,-4,True,-57.76,-57.76,0.0,DEM,DEM,False
2024,state_house,president,state_house_president_2004.json,39,3501007,3501003,-4,True,1.29,1.29,0.0,REP,REP,False
2024,state_house,president,state_house_president_2004.json,40,3501007,3501003,-4,True,8.39,8.39,0.0,REP,REP,False
2024,state_house,president,state_house_president_2004.json,41,3501007,3501003,-4,True,5.53,5.53,0.0,REP,REP,False
2024,state_house,president,state_house_president_2004.json,42,3501007,3501003,-4,True,-21.41,-21.41,0.0,DEM,DEM,False
2024,state_house,president,state_house_president_2004.json,43,3501007,3501003,-4,True,22.12,22.12,0.0,REP,REP,False
2024,state_house,president,state_house_president_2004.json,44,3501007,3501003,-4,True,-2.64,-2.64,0.0,DEM,DEM,False
2024,state_house,president,state_house_president_2004.json,45,3501007,3501003,-4,True,12.26,12.26,0.0,REP,REP,False
2024,state_house,president,state_house_president_2004.json,46,3501007,3501003,-4,True,7.43,7.43,0.0,REP,REP,False
2024,state_house,president,state_house_president_2004.json,47,3501007,3501003,-4,True,-15.34,-15.34,0.0,DEM,DEM,False
2024,state_house,president,state_house_president_2004.json,48,3501007,3501003,-4,True,-7.92,-7.92,0.0,DEM,DEM,False
2024,state_house,president,state_house_president_2004.json,49,3501007,3501003,-4,True,-15.17,-15.17,0.0,DEM,DEM,False
2024,state_house,president,state_house_president_2004.json,50,3501007,3501003,-4,True,-24.57,-24.57,0.0,DEM,DEM,False
2024,state_house,president,state_house_president_2004.json,51,3501007,3501003,-4,True,23.06,23.06,0.0,REP,REP,False
2024,state_house,president,state_house_president_2004.json,52,3501007,3501003,-4,True,11.18,11.18,0.0,REP,REP,False
2024,state_house,president,state_house_president_2004.json,53,3501007,3501003,-4,True,38.28,38.28,0.0,REP,REP,False
2024,state_house,president,state_house_president_2004.json,54,3501007,3501003,-4,True,4.36,4.36,0.0,REP,REP,False
2024,state_house,president,state_house_president_2004.json,55,3501007,3501003,-4,True,15.98,15.98,0.0,REP,REP,False
2024,state_house,president,state_house_president_2004.json,56,3501007,3501003,-4,True,-34.5,-34.5,0.0,DEM,DEM,False
2024,state_house,president,state_house_president_2004.json,57,3501007,3501003,-4,True,-8.55,-8.55,0.0,DEM,DEM,False
2024,state_house,president,state_house_president_2004.json,58,3501007,3501003,-4,True,-29.14,-29.14,0.0,DEM,DEM,False
2024,state_house,president,state_house_president_2004.json,59,3501007,3501003,-4,True,38.8,38.8,0.0,REP,REP,False
2024,state_house,president,state_house_president_2004.json,60,3501007,3501003,-4,True,-4.3,-4.3,0.0,DEM,DEM,False
2024,state_house,president,state_house_president_2004.json,61,3501007,3501003,-4,True,-34.94,-34.94,0.0,DEM,DEM,False
2024,state_house,president,state_house_president_2004.json,62,3501007,3501003,-4,True,32.08,32.08,0.0,REP,REP,False
2024,state_house,president,state_house_president_2004.json,63,3501007,3501003,-4,True,20.81,20.81,0.0,REP,REP,False
2024,state_house,president,state_house_president_2004.json,64,3501007,3501003,-4,True,25.66,25.66,0.0,REP,REP,False
2024,state_house,president,state_house_president_2004.json,65,3501007,3501003,-4,True,22.43,22.43,0.0,REP,REP,False
2024,state_house,president,state_house_president_2004.json,66,3501007,3501003,-4,True,-2.74,-2.74,0.0,DEM,DEM,False
2024,state_house,president,state_house_president_2004.json,67,3501007,3501003,-4,True,32.54,32.54,0.0,REP,REP,False
2024,state_house,president,state_house_president_2004.json,68,3501007,3501003,-4,True,45.55,45.55,0.0,REP,REP,False
2024,state_house,president,state_house_president_2004.json,69,3501007,3501003,-4,True,47.07,47.07,0.0,REP,REP,False
2024,state_house,president,state_house_president_2004.json,70,3501007,3501003,-4,True,49.0,49.0,0.0,REP,REP,False
2024,state_house,president,state_house_president_2004.json,71,3501007,3501003,-4,True,-11.08,-11.08,0.0,DEM,DEM,False
2024,state_house,president,state_house_president_2004.json,72,3501007,3501003,-4,True,-29.49,-29.49,0.0,DEM,DEM,False
2024,state_house,president,state_house_president_2004.json,73,3501007,3501003,-4,True,31.7,31.7,0.0,REP,REP,False
2024,state_house,president,state_house_president_2004.json,74,3501007,3501003,-4,True,36.68,36.68,0.0,REP,REP,False
2024,state_house,president,state_house_president_2004.json,75,3501007,3501003,-4,True,34.63,34.63,0.0,REP,REP,False
2024,state_house,president,state_house_president_2004.json,76,3501007,3501003,-4,True,24.84,24.84,0.0,REP,REP,False
2024,state_house,president,state_house_president_2004.json,77,3501007,3501003,-4,True,49.35,49.35,0.0,REP,REP,False
2024,state_house,president,state_house_president_2004.json,78,3501007,3501003,-4,True,40.65,40.65,0.0,REP,REP,False
2024,state_house,president,state_house_president_2004.json,79,3501007,3501003,-4,True,23.8,23.8,0.0,REP,REP,False
2024,state_house,president,state_house_president_2004.json,80,3501007,3501003,-4,True,49.43,49.43,0.0,REP,REP,False
2024,state_house,president,state_house_president_2004.json,81,3501007,3501003,-4,True,34.31,34.31,0.0,REP,REP,False
2024,state_house,president,state_house_president_2004.json,82,3501007,3501003,-4,True,41.99,41.99,0.0,REP,REP,False
2024,state_house,president,state_house_president_2004.json,83,3501007,3501003,-4,True,42.13,42.13,0.0,REP,REP,False
2024,state_house,president,state_house_president_2004.json,84,3501007,3501003,-4,True,28.06,28.06,0.0,REP,REP,False
2024,state_house,president,state_house_president_2004.json,85,3501007,3501003,-4,True,32.48,32.48,0.0,REP,REP,False
2024,state_house,president,state_house_president_2004.json,86,3501007,3501003,-4,True,23.36,23.36,0.0,REP,REP,False
2024,state_house,president,state_house_president_2004.json,87,3501007,3501003,-4,True,34.48,34.48,0.0,REP,REP,False
2024,state_house,president,state_house_president_2004.json,88,3501007,3501003,-4,True,-20.29,-20.29,0.0,DEM,DEM,False
2024,state_house,president,state_house_president_2004.json,89,3501007,3501003,-4,True,38.74,38.74,0.0,REP,REP,False
2024,state_house,president,state_house_president_2004.json,90,3501007,3501003,-4,True,38.88,38.88,0.0,REP,REP,False
2024,state_house,president,state_house_president_2004.json,91,3501007,3501003,-4,True,29.98,29.98,0.0,REP,REP,False
2024,state_house,president,state_house_president_2004.json,92,3501007,3501003,-4,True,-6.32,-6.32,0.0,DEM,DEM,False
2024,state_house,president,state_house_president_2004.json,93,3501007,3501003,-4,True,12.8,12.8,0.0,REP,REP,False
2024,state_house,president,state_house_president_2004.json,94,3501007,3501003,-4,True,39.43,39.43,0.0,REP,REP,False
2024,state_house,president,state_house_president_2004.json,95,3501007,3501003,-4,True,40.97,40.97,0.0,REP,REP,False
2024,state_house,president,state_house_president_2004.json,96,3501007,3501003,-4,True,32.89,32.89,0.0,REP,REP,False
2024,state_house,president,state_house_president_2004.json,97,3501007,3501003,-4,True,35.87,35.87,0.0,REP,REP,False
2024,state_house,president,state_house_president_2004.json,98,3501007,3501003,-4,True,28.69,28.69,0.0,REP,REP,False
2024,state_house,president,state_house_president_2004.json,99,3501007,3501003,-4,True,-38.96,-38.96,0.0,DEM,DEM,False
2024,state_house,president,state_house_president_2004.json,100,3501007,3501003,-4,True,1.72,1.72,0.0,REP,REP,False
2024,state_house,president,state_house_president_2004.json,101,3501007,3501003,-4,True,4.71,4.71,0.0,REP,REP,False
2024,state_house,president,state_house_president_2004.json,102,3501007,3501003,-4,True,-34.76,-34.76,0.0,DEM,DEM,False
2024,state_house,president,state_house_president_2004.json,103,3501007,3501003,-4,True,25.3,25.3,0.0,REP,REP,False
2024,state_house,president,state_house_president_2004.json,104,3501007,3501003,-4,True,18.63,18.63,0.0,REP,REP,False
2024,state_house,president,state_house_president_2004.json,105,3501007,3501003,-4,True,36.65,36.65,0.0,REP,REP,False
2024,state_house,president,state_house_president_2004.json,106,3501007,3501003,-4,True,-5.62,-5.62,0.0,DEM,DEM,False
2024,state_house,president,state_house_president_2004.json,107,3501007,3501003,-4,True,-68.56,-68.56,0.0,DEM,DEM,False
2024,state_house,president,state_house_president_2004.json,108,3501007,3501003,-4,True,40.06,40.06,0.0,REP,REP,False
2024,state_house,president,state_house_president_2004.json,109,3501007,3501003,-4,True,34.44,34.44,0.0,REP,REP,False
2024,state_house,president,state_house_president_2004.json,110,3501007,3501003,-4,True,27.7,27.7,0.0,REP,REP,False
2024,state_house,president,state_house_president_2004.json,111,3501007,3501003,-4,True,29.41,29.41,0.0,REP,REP,False
2024,state_house,president,state_house_president_2004.json,112,3501007,3501003,-4,True,-36.39,-36.39,0.0,DEM,DEM,False
2024,state_house,president,state_house_president_2004.json,113,3501007,3501003,-4,True,25.24,25.24,0.0,REP,REP,False
2024,state_house,president,state_house_president_2004.json,114,3501007,3501003,-4,True,11.42,11.42,0.0,REP,REP,False
2024,state_house,president,state_house_president_2004.json,115,3501007,3501003,-4,True,0.14,0.14,0.0,REP,REP,False
2024,state_house,president,state_house_president_2004.json,116,3501007,3501003,-4,True,-8.46,-8.46,0.0,DEM,DEM,False
2024,state_house,president,state_house_president_2004.json,117,3501007,3501003,-4,True,29.39,29.39,0.0,REP,REP,False
2024,state_house,president,state_house_president_2004.json,118,3501007,3501003,-4,True,12.0,12.0,0.0,REP,REP,False
2024,state_house,president,state_house_president_2004.json,119,3501007,3501003,-4,True,11.72,11.72,0.0,REP,REP,False
2024,state_house,president,state_house_president_2004.json,120,3501007,3501003,-4,True,30.91,30.91,0.0,REP,REP,False
2024,state_house,secretary_of_state,state_house_secretary_of_state_2004.json,1,3334694,3334699,5,True,-15.25,-15.25,0.0,DEM,DEM,False
2024,state_house,secretary_of_state,state_house_secretary_of_state_2004.json,2,3334694,3334699,5,True,-35.25,-35.25,0.0,DEM,DEM,False
2024,state_house,secretary_of_state,state_house_secretary_of_state_2004.json,3,3334694,3334699,5,True,-3.26,-3.26,0.0,DEM,DEM,False
2024,state_house,secretary_of_state,state_house_secretary_of_state_2004.json,4,3334694,3334699,5,True,-26.88,-26.88,0.0,DEM,DEM,False
2024,state_house,secretary_of_state,state_house_secretary_of_state_2004.json,5,3334694,3334699,5,True,-33.66,-33.66,0.0,DEM,DEM,False
2024,state_house,secretary_of_state,state_house_secretary_of_state_2004.json,6,3334694,3334699,5,True,-22.09,-22.09,0.0,DEM,DEM,False
2024,state_house,secretary_of_state,state_house_secretary_of_state_2004.json,7,3334694,3334699,5,True,-32.34,-32.34,0.0,DEM,DEM,False
2024,state_house,secretary_of_state,state_house_secretary_of_state_2004.json,8,3334694,3334699,5,True,-35.23,-35.23,0.0,DEM,DEM,False
2024,state_house,secretary_of_state,state_house_secretary_of_state_2004.json,9,3334694,3334699,5,True,-4.44,-4.44,0.0,DEM,DEM,False
2024,state_house,secretary_of_state,state_house_secretary_of_state_2004.json,10,3334694,3334699,5,True,-10.06,-10.06,0.0,DEM,DEM,False
2024,state_house,secretary_of_state,state_house_secretary_of_state_2004.json,11,3334694,3334699,5,True,-18.74,-18.74,0.0,DEM,DEM,False
2024,state_house,secretary_of_state,state_house_secretary_of_state_2004.json,12,3334694,3334699,5,True,-26.73,-26.73,0.0,DEM,DEM,False
2024,state_house,secretary_of_state,state_house_secretary_of_state_2004.json,13,3334694,3334699,5,True,3.84,3.84,0.0,REP,REP,False
2024,state_house,secretary_of_state,state_house_secretary_of_state_2004.json,14,3334694,3334699,5,True,2.93,2.93,0.0,REP,REP,False
2024,state_house,secretary_of_state,state_house_secretary_of_state_2004.json,15,3334694,3334699,5,True,3.79,3.79,0.0,REP,REP,False
2024,state_house,secretary_of_state,state_house_secretary_of_state_2004.json,16,3334694,3334699,5,True,-6.61,-6.61,0.0,DEM,DEM,False
2024,state_house,secretary_of_state,state_house_secretary_of_state_2004.json,17,3334694,3334699,5,True,-11.85,-11.85,0.0,DEM,DEM,False
2024,state_house,secretary_of_state,state_house_secretary_of_state_2004.json,18,3334694,3334699,5,True,-31.78,-31.78,0.0,DEM,DEM,False
2024,state_house,secretary_of_state,state_house_secretary_of_state_2004.json,19,3334694,3334699,5,True,-3.91,-3.91,0.0,DEM,DEM,False
2024,state_house,secretary_of_state,state_house_secretary_of_state_2004.json,20,3334694,3334699,5,True,1.29,1.29,0.0,REP,REP,False
2024,state_house,secretary_of_state,state_house_secretary_of_state_2004.json,21,3334694,3334699,5,True,-4.21,-4.21,0.0,DEM,DEM,False
2024,state_house,secretary_of_state,state_house_secretary_of_state_2004.json,22,3334694,3334699,5,True,-31.2,-31.2,0.0,DEM,DEM,False
2024,state_house,secretary_of_state,state_house_secretary_of_state_2004.json,23,3334694,3334699,5,True,-53.52,-53.52,0.0,DEM,DEM,False
2024,state_house,secretary_of_state,state_house_secretary_of_state_2004.json,24,3334694,3334699,5,True,-25.33,-25.33,0.0,DEM,DEM,False
2024,state_house,secretary_of_state,state_house_secretary_of_state_2004.json,25,3334694,3334699,5,True,-25.91,-25.91,0.0,DEM,DEM,False
2024,state_house,secretary_of_state,state_house_secretary_of_state_2004.json,26,3334694,3334699,5,True,-3.27,-3.27,0.0,DEM,DEM,False
2024,state_house,secretary_of_state,state_house_secretary_of_state_2004.json,27,3334694,3334699,5,True,-58.28,-58.28,0.0,DEM,DEM,False
2024,state_house,secretary_of_state,state_house_secretary_of_state_2004.json,28,3334694,3334699,5,True,-16.86,-16.86,0.0,DEM,DEM,False
2024,state_house,secretary_of_state,state_house_secretary_of_state_2004.json,29,3334694,3334699,5,True,-56.1,-56.1,0.0,DEM,DEM,False
2024,state_house,secretary_of_state,state_house_secretary_of_state_2004.json,30,3334694,3334699,5,True,-60.5,-60.5,0.0,DEM,DEM,False
2024,state_house,secretary_of_state,state_house_secretary_of_state_2004.json,31,3334694,3334699,5,True,-63.01,-63.01,0.0,DEM,DEM,False
2024,state_house,secretary_of_state,state_house_secretary_of_state_2004.json,32,3334694,3334699,5,True,-46.75,-46.75,0.0,DEM,DEM,False
2024,state_house,secretary_of_state,state_house_secretary_of_state_2004.json,33,3334694,3334699,5,True,-33.54,-33.54,0.0,DEM,DEM,False
2024,state_house,secretary_of_state,state_house_secretary_of_state_2004.json,34,3334694,3334699,5,True,-31.08,-31.08,0.0,DEM,DEM,False
2024,state_house,secretary_of_state,state_house_secretary_of_state_2004.json,35,3334694,3334699,5,True,1.3,1.3,0.0,REP,REP,False
2024,state_house,secretary_of_state,state_house_secretary_of_state_2004.json,36,3334694,3334699,5,True,-3.86,-3.86,0.0,DEM,DEM,False
2024,state_house,secretary_of_state,state_house_secretary_of_state_2004.json,37,3334694,3334699,5,True,-12.54,-12.54,0.0,DEM,DEM,False
2024,state_house,secretary_of_state,state_house_secretary_of_state_2004.json,38,3334694,3334699,5,True,-70.76,-70.76,0.0,DEM,DEM,False
2024,state_house,secretary_of_state,state_house_secretary_of_state_2004.json,39,3334694,3334699,5,True,-27.11,-27.11,0.0,DEM,DEM,False
2024,state_house,secretary_of_state,state_house_secretary_of_state_2004.json,40,3334694,3334699,5,True,-13.4,-13.4,0.0,DEM,DEM,False
2024,state_house,secretary_of_state,state_house_secretary_of_state_2004.json,41,3334694,3334699,5,True,-13.02,-13.02,0.0,DEM,DEM,False
2024,state_house,secretary_of_state,state_house_secretary_of_state_2004.json,42,3334694,3334699,5,True,-40.86,-40.86,0.0,DEM,DEM,False
2024,state_house,secretary_of_state,state_house_secretary_of_state_2004.json,43,3334694,3334699,5,True,-17.68,-17.68,0.0,DEM,DEM,False
2024,state_house,secretary_of_state,state_house_secretary_of_state_2004.json,44,3334694,3334699,5,True,-33.95,-33.95,0.0,DEM,DEM,False
2024,state_house,secretary_of_state,state_house_secretary_of_state_2004.json,45,3334694,3334699,5,True,-19.71,-19.71,0.0,DEM,DEM,False
2024,state_house,secretary_of_state,state_house_secretary_of_state_2004.json,46,3334694,3334699,5,True,-45.87,-45.87,0.0,DEM,DEM,False
2024,state_house,secretary_of_state,state_house_secretary_of_state_2004.json,47,3334694,3334699,5,True,-61.48,-61.48,0.0,DEM,DEM,False
2024,state_house,secretary_of_state,state_house_secretary_of_state_2004.json,48,3334694,3334699,5,True,-32.3,-32.3,0.0,DEM,DEM,False
2024,state_house,secretary_of_state,state_house_secretary_of_state_2004.json,49,3334694,3334699,5,True,-36.49,-36.49,0.0,DEM,DEM,False
2024,state_house,secretary_of_state,state_house_secretary_of_state_2004.json,50,3334694,3334699,5,True,-44.94,-44.94,0.0,DEM,DEM,False
2024,state_house,secretary_of_state,state_house_secretary_of_state_2004.json,51,3334694,3334699,5,True,-18.53,-18.53,0.0,DEM,DEM,False
2024,state_house,secretary_of_state,state_house_secretary_of_state_2004.json,52,3334694,3334699,5,True,-22.13,-22.13,0.0,DEM,DEM,False
2024,state_house,secretary_of_state,state_house_secretary_of_state_2004.json,53,3334694,3334699,5,True,-4.95,-4.95,0.0,DEM,DEM,False
2024,state_house,secretary_of_state,state_house_secretary_of_state_2004.json,54,3334694,3334699,5,True,-24.56,-24.56,0.0,DEM,DEM,False
2024,state_house,secretary_of_state,state_house_secretary_of_state_2004.json,55,3334694,3334699,5,True,-13.36,-13.36,0.0,DEM,DEM,False
2024,state_house,secretary_of_state,state_house_secretary_of_state_2004.json,56,3334694,3334699,5,True,-49.16,-49.16,0.0,DEM,DEM,False
2024,state_house,secretary_of_state,state_house_secretary_of_state_2004.json,57,3334694,3334699,5,True,-30.23,-30.23,0.0,DEM,DEM,False
2024,state_house,secretary_of_state,state_house_secretary_of_state_2004.json,58,3334694,3334699,5,True,-46.98,-46.98,0.0,DEM,DEM,False
2024,state_house,secretary_of_state,state_house_secretary_of_state_2004.json,59,3334694,3334699,5,True,10.07,10.07,0.0,REP,REP,False
2024,state_house,secretary_of_state,state_house_secretary_of_state_2004.json,60,3334694,3334699,5,True,-23.85,-23.85,0.0,DEM,DEM,False
2024,state_house,secretary_of_state,state_house_secretary_of_state_2004.json,61,3334694,3334699,5,True,-51.76,-51.76,0.0,DEM,DEM,False
2024,state_house,secretary_of_state,state_house_secretary_of_state_2004.json,62,3334694,3334699,5,True,9.13,9.13,0.0,REP,REP,False
2024,state_house,secretary_of_state,state_house_secretary_of_state_2004.json,63,3334694,3334699,5,True,-7.03,-7.03,0.0,DEM,DEM,False
2024,state_house,secretary_of_state,state_house_secretary_of_state_2004.json,64,3334694,3334699,5,True,-3.48,-3.48,0.0,DEM,DEM,False
2024,state_house,secretary_of_state,state_house_secretary_of_state_2004.json,65,3334694,3334699,5,True,-15.69,-15.69,0.0,DEM,DEM,False
2024,state_house,secretary_of_state,state_house_secretary_of_state_2004.json,66,3334694,3334699,5,True,-24.74,-24.74,0.0,DEM,DEM,False
2024,state_house,secretary_of_state,state_house_secretary_of_state_2004.json,67,3334694,3334699,5,True,-0.17,-0.17,0.0,DEM,DEM,False
2024,state_house,secretary_of_state,state_house_secretary_of_state_2004.json,68,3334694,3334699,5,True,34.11,34.11,0.0,REP,REP,False
2024,state_house,secretary_of_state,state_house_secretary_of_state_2004.json,69,3334694,3334699,5,True,30.65,30.65,0.0,REP,REP,False
2024,state_house,secretary_of_state,state_house_secretary_of_state_2004.json,70,3334694,3334699,5,True,21.42,21.42,0.0,REP,REP,False
2024,state_house,secretary_of_state,state_house_secretary_of_state_2004.json,71,3334694,3334699,5,True,-29.35,-29.35,0.0,DEM,DEM,False
2024,state_house,secretary_of_state,state_house_secretary_of_state_2004.json,72,3334694,3334699,5,True,-46.37,-46.37,0.0,DEM,DEM,False
2024,state_house,secretary_of_state,state_house_secretary_of_state_2004.json,73,3334694,3334699,5,True,3.8,3.8,0.0,REP,REP,False
2024,state_house,secretary_of_state,state_house_secretary_of_state_2004.json,74,3334694,3334699,5,True,12.88,12.88,0.0,REP,REP,False
2024,state_house,secretary_of_state,state_house_secretary_of_state_2004.json,75,3334694,3334699,5,True,9.89,9.89,0.0,REP,REP,False
2024,state_house,secretary_of_state,state_house_secretary_of_state_2004.json,76,3334694,3334699,5,True,-9.26,-9.26,0.0,DEM,DEM,False
2024,state_house,secretary_of_state,state_house_secretary_of_state_2004.json,77,3334694,3334699,5,True,18.69,18.69,0.0,REP,REP,False
2024,state_house,secretary_of_state,state_house_secretary_of_state_2004.json,78,3334694,3334699,5,True,15.57,15.57,0.0,REP,REP,False
2024,state_house,secretary_of_state,state_house_secretary_of_state_2004.json,79,3334694,3334699,5,True,-14.76,-14.76,0.0,DEM,DEM,False
2024,state_house,secretary_of_state,state_house_secretary_of_state_2004.json,80,3334694,3334699,5,True,21.79,21.79,0.0,REP,REP,False
2024,state_house,secretary_of_state,state_house_secretary_of_state_2004.json,81,3334694,3334699,5,True,1.99,1.99,0.0,REP,REP,False
2024,state_house,secretary_of_state,state_house_secretary_of_state_2004.json,82,3334694,3334699,5,True,18.34,18.34,0.0,REP,REP,False
2024,state_house,secretary_of_state,state_house_secretary_of_state_2004.json,83,3334694,3334699,5,True,8.96,8.96,0.0,REP,REP,False
2024,state_house,secretary_of_state,state_house_secretary_of_state_2004.json,84,3334694,3334699,5,True,-2.81,-2.81,0.0,DEM,DEM,False
2024,state_house,secretary_of_state,state_house_secretary_of_state_2004.json,85,3334694,3334699,5,True,9.17,9.17,0.0,REP,REP,False
2024,state_house,secretary_of_state,state_house_secretary_of_state_2004.json,86,3334694,3334699,5,True,-3.63,-3.63,0.0,DEM,DEM,False
2024,state_house,secretary_of_state,state_house_secretary_of_state_2004.json,87,3334694,3334699,5,True,4.67,4.67,0.0,REP,REP,False
2024,state_house,secretary_of_state,state_house_secretary_of_state_2004.json,88,3334694,3334699,5,True,-30.91,-30.91,0.0,DEM,DEM,False
2024,state_house,secretary_of_state,state_house_secretary_of_state_2004.json,89,3334694,3334699,5,True,13.1,13.1,0.0,REP,REP,False
2024,state_house,secretary_of_state,state_house_secretary_of_state_2004.json,90,3334694,3334699,5,True,3.59,3.59,0.0,REP,REP,False
2024,state_house,secretary_of_state,state_house_secretary_of_state_2004.json,91,3334694,3334699,5,True,-1.31,-1.31,0.0,DEM,DEM,False
2024,state_house,secretary_of_state,state_house_secretary_of_state_2004.json,92,3334694,3334699,5,True,-19.61,-19.61,0.0,DEM,DEM,False
2024,state_house,secretary_of_state,state_house_secretary_of_state_2004.json,93,3334694,3334699,5,True,-10.36,-10.36,0.0,DEM,DEM,False
2024,state_house,secretary_of_state,state_house_secretary_of_state_2004.json,94,3334694,3334699,5,True,7.57,7.57,0.0,REP,REP,False
2024,state_house,secretary_of_state,state_house_secretary_of_state_2004.json,95,3334694,3334699,5,True,14.77,14.77,0.0,REP,REP,False
2024,state_house,secretary_of_state,state_house_secretary_of_state_2004.json,96,3334694,3334699,5,True,9.92,9.92,0.0,REP,REP,False
2024,state_house,secretary_of_state,state_house_secretary_of_state_2004.json,97,3334694,3334699,5,True,3.87,3.87,0.0,REP,REP,False
2024,state_house,secretary_of_state,state_house_secretary_of_state_2004.json,98,3334694,3334699,5,True,17.66,17.66,0.0,REP,REP,False
2024,state_house,secretary_of_state,state_house_secretary_of_state_2004.json,99,3334694,3334699,5,True,-47.74,-47.74,0.0,DEM,DEM,False
2024,state_house,secretary_of_state,state_house_secretary_of_state_2004.json,100,3334694,3334699,5,True,-11.43,-11.43,0.0,DEM,DEM,False
2024,state_house,secretary_of_state,state_house_secretary_of_state_2004.json,101,3334694,3334699,5,True,-11.16,-11.16,0.0,DEM,DEM,False
2024,state_house,secretary_of_state,state_house_secretary_of_state_2004.json,102,3334694,3334699,5,True,-45.51,-45.51,0.0,DEM,DEM,False
2024,state_house,secretary_of_state,state_house_secretary_of_state_2004.json,103,3334694,3334699,5,True,16.3,16.3,0.0,REP,REP,False
2024,state_house,secretary_of_state,state_house_secretary_of_state_2004.json,104,3334694,3334699,5,True,5.58,5.58,0.0,REP,REP,False
2024,state_house,secretary_of_state,state_house_secretary_of_state_2004.json,105,3334694,3334699,5,True,24.02,24.02,0.0,REP,REP,False
2024,state_house,secretary_of_state,state_house_secretary_of_state_2004.json,106,3334694,3334699,5,True,-16.96,-16.96,0.0,DEM,DEM,False
2024,state_house,secretary_of_state,state_house_secretary_of_state_2004.json,107,3334694,3334699,5,True,-75.87,-75.87,0.0,DEM,DEM,False
2024,state_house,secretary_of_state,state_house_secretary_of_state_2004.json,108,3334694,3334699,5,True,14.45,14.45,0.0,REP,REP,False
2024,state_house,secretary_of_state,state_house_secretary_of_state_2004.json,109,3334694,3334699,5,True,8.53,8.53,0.0,REP,REP,False
2024,state_house,secretary_of_state,state_house_secretary_of_state_2004.json,110,3334694,3334699,5,True,-6.01,-6.01,0.0,DEM,DEM,False
2024,state_house,secretary_of_state,state_house_secretary_of_state_2004.json,111,3334694,3334699,5,True,-8.02,-8.02,0.0,DEM,DEM,False
2024,state_house,secretary_of_state,state_house_secretary_of_state_2004.json,112,3334694,3334699,5,True,-48.61,-48.61,0.0,DEM,DEM,False
2024,state_house,secretary_of_state,state_house_secretary_of_state_2004.json,113,3334694,3334699,5,True,3.19,3.19,0.0,REP,REP,False
2024,state_house,secretary_of_state,state_house_secretary_of_state_2004.json,114,3334694,3334699,5,True,-7.22,-7.22,0.0,DEM,DEM,False
2024,state_house,secretary_of_state,state_house_secretary_of_state_2004.json,115,3334694,3334699,5,True,-19.25,-19.25,0.0,DEM,DEM,False
2024,state_house,secretary_of_state,state_house_secretary_of_state_2004.json,116,3334694,3334699,5,True,-25.85,-25.85,0.0,DEM,DEM,False
2024,state_house,secretary_of_state,state_house_secretary_of_state_2004.json,117,3334694,3334699,5,True,14.68,14.68,0.0,REP,REP,False
2024,state_house,secretary_of_state,state_house_secretary_of_state_2004.json,118,3334694,3334699,5,True,-17.24,-17.24,0.0,DEM,DEM,False
2024,state_house,secretary_of_state,state_house_secretary_of_state_2004.json,119,3334694,3334699,5,True,-8.38,-8.38,0.0,DEM,DEM,False
2024,state_house,secretary_of_state,state_house_secretary_of_state_2004.json,120,3334694,3334699,5,True,9.12,9.12,0.0,REP,REP,False
2024,state_house,superintendent,state_house_superintendent_2004.json,1,3302903,3302904,1,True,-3.35,-3.35,0.0,DEM,DEM,False
2024,state_house,superintendent,state_house_superintendent_2004.json,2,3302903,3302904,1,True,-12.49,-12.49,0.0,DEM,DEM,False
2024,state_house,superintendent,state_house_superintendent_2004.json,3,3302903,3302904,1,True,6.95,6.95,0.0,REP,REP,False
2024,state_house,superintendent,state_house_superintendent_2004.json,4,3302903,3302904,1,True,-7.2,-7.2,0.0,DEM,DEM,False
2024,state_house,superintendent,state_house_superintendent_2004.json,5,3302903,3302904,1,True,-26.08,-26.08,0.0,DEM,DEM,False
2024,state_house,superintendent,state_house_superintendent_2004.json,6,3302903,3302904,1,True,5.44,5.44,0.0,REP,REP,False
2024,state_house,superintendent,state_house_superintendent_2004.json,7,3302903,3302904,1,True,-9.78,-9.78,0.0,DEM,DEM,False
2024,state_house,superintendent,state_house_superintendent_2004.json,8,3302903,3302904,1,True,-27.47,-27.47,0.0,DEM,DEM,False
2024,state_house,superintendent,state_house_superintendent_2004.json,9,3302903,3302904,1,True,6.87,6.87,0.0,REP,REP,False
2024,state_house,superintendent,state_house_superintendent_2004.json,10,3302903,3302904,1,True,9.18,9.18,0.0,REP,REP,False
2024,state_house,superintendent,state_house_superintendent_2004.json,11,3302903,3302904,1,True,1.26,1.26,0.0,REP,REP,False
2024,state_house,superintendent,state_house_superintendent_2004.json,12,3302903,3302904,1,True,-9.73,-9.73,0.0,DEM,DEM,False
2024,state_house,superintendent,state_house_superintendent_2004.json,13,3302903,3302904,1,True,19.18,19.18,0.0,REP,REP,False
2024,state_house,superintendent,state_house_superintendent_2004.json,14,3302903,3302904,1,True,13.88,13.88,0.0,REP,REP,False
2024,state_house,superintendent,state_house_superintendent_2004.json,15,3302903,3302904,1,True,19.81,19.81,0.0,REP,REP,False
2024,state_house,superintendent,state_house_superintendent_2004.json,16,3302903,3302904,1,True,6.81,6.81,0.0,REP,REP,False
2024,state_house,superintendent,state_house_superintendent_2004.json,17,3302903,3302904,1,True,0.92,0.92,0.0,REP,REP,False
2024,state_house,superintendent,state_house_superintendent_2004.json,18,3302903,3302904,1,True,-20.37,-20.37,0.0,DEM,DEM,False
2024,state_house,superintendent,state_house_superintendent_2004.json,19,3302903,3302904,1,True,11.23,11.23,0.0,REP,REP,False
2024,state_house,superintendent,state_house_superintendent_2004.json,20,3302903,3302904,1,True,14.99,14.99,0.0,REP,REP,False
2024,state_house,superintendent,state_house_superintendent_2004.json,21,3302903,3302904,1,True,11.82,11.82,0.0,REP,REP,False
2024,state_house,superintendent,state_house_superintendent_2004.json,22,3302903,3302904,1,True,-12.3,-12.3,0.0,DEM,DEM,False
2024,state_house,superintendent,state_house_superintendent_2004.json,23,3302903,3302904,1,True,-40.34,-40.34,0.0,DEM,DEM,False
2024,state_house,superintendent,state_house_superintendent_2004.json,24,3302903,3302904,1,True,-9.04,-9.04,0.0,DEM,DEM,False
2024,state_house,superintendent,state_house_superintendent_2004.json,25,3302903,3302904,1,True,-3.59,-3.59,0.0,DEM,DEM,False
2024,state_house,superintendent,state_house_superintendent_2004.json,26,3302903,3302904,1,True,17.41,17.41,0.0,REP,REP,False
2024,state_house,superintendent,state_house_superintendent_2004.json,27,3302903,3302904,1,True,-44.5,-44.5,0.0,DEM,DEM,False
2024,state_house,superintendent,state_house_superintendent_2004.json,28,3302903,3302904,1,True,14.99,14.99,0.0,REP,REP,False
2024,state_house,superintendent,state_house_superintendent_2004.json,29,3302903,3302904,1,True,-42.2,-42.2,0.0,DEM,DEM,False
2024,state_house,superintendent,state_house_superintendent_2004.json,30,3302903,3302904,1,True,-45.6,-45.6,0.0,DEM,DEM,False
2024,state_house,superintendent,state_house_superintendent_2004.json,31,3302903,3302904,1,True,-52.46,-52.46,0.0,DEM,DEM,False
2024,state_house,superintendent,state_house_superintendent_2004.json,32,3302903,3302904,1,True,-28.1,-28.1,0.0,DEM,DEM,False
2024,state_house,superintendent,state_house_superintendent_2004.json,33,3302903,3302904,1,True,-15.24,-15.24,0.0,DEM,DEM,False
2024,state_house,superintendent,state_house_superintendent_2004.json,34,3302903,3302904,1,True,-7.09,-7.09,0.0,DEM,DEM,False
2024,state_house,superintendent,state_house_superintendent_2004.json,35,3302903,3302904,1,True,19.7,19.7,0.0,REP,REP,False
2024,state_house,superintendent,state_house_superintendent_2004.json,36,3302903,3302904,1,True,13.91,13.91,0.0,REP,REP,False
2024,state_house,superintendent,state_house_superintendent_2004.json,37,3302903,3302904,1,True,8.32,8.32,0.0,REP,REP,False
2024,state_house,superintendent,state_house_superintendent_2004.json,38,3302903,3302904,1,True,-60.54,-60.54,0.0,DEM,DEM,False
2024,state_house,superintendent,state_house_superintendent_2004.json,39,3302903,3302904,1,True,-9.8,-9.8,0.0,DEM,DEM,False
2024,state_house,superintendent,state_house_superintendent_2004.json,40,3302903,3302904,1,True,4.37,4.37,0.0,REP,REP,False
2024,state_house,superintendent,state_house_superintendent_2004.json,41,3302903,3302904,1,True,2.18,2.18,0.0,REP,REP,False
2024,state_house,superintendent,state_house_superintendent_2004.json,42,3302903,3302904,1,True,-33.01,-33.01,0.0,DEM,DEM,False
2024,state_house,superintendent,state_house_superintendent_2004.json,43,3302903,3302904,1,True,0.91,0.91,0.0,REP,REP,False
2024,state_house,superintendent,state_house_superintendent_2004.json,44,3302903,3302904,1,True,-20.17,-20.17,0.0,DEM,DEM,False
2024,state_house,superintendent,state_house_superintendent_2004.json,45,3302903,3302904,1,True,-5.29,-5.29,0.0,DEM,DEM,False
2024,state_house,superintendent,state_house_superintendent_2004.json,46,3302903,3302904,1,True,-27.18,-27.18,0.0,DEM,DEM,False
2024,state_house,superintendent,state_house_superintendent_2004.json,47,3302903,3302904,1,True,-47.71,-47.71,0.0,DEM,DEM,False
2024,state_house,superintendent,state_house_superintendent_2004.json,48,3302903,3302904,1,True,-26.1,-26.1,0.0,DEM,DEM,False
2024,state_house,superintendent,state_house_superintendent_2004.json,49,3302903,3302904,1,True,-16.34,-16.34,0.0,DEM,DEM,False
2024,state_house,superintendent,state_house_superintendent_2004.json,50,3302903,3302904,1,True,-31.15,-31.15,0.0,DEM,DEM,False
2024,state_house,superintendent,state_house_superintendent_2004.json,51,3302903,3302904,1,True,1.45,1.45,0.0,REP,REP,False
2024,state_house,superintendent,state_house_superintendent_2004.json,52,3302903,3302904,1,True,-7.17,-7.17,0.0,DEM,DEM,False
2024,state_house,superintendent,state_house_superintendent_2004.json,53,3302903,3302904,1,True,21.5,21.5,0.0,REP,REP,False
2024,state_house,superintendent,state_house_superintendent_2004.json,54,3302903,3302904,1,True,-5.99,-5.99,0.0,DEM,DEM,False
2024,state_house,superintendent,state_house_superintendent_2004.json,55,3302903,3302904,1,True,0.65,0.65,0.0,REP,REP,False
2024,state_house,superintendent,state_house_superintendent_2004.json,56,3302903,3302904,1,True,-35.45,-35.45,0.0,DEM,DEM,False
2024,state_house,superintendent,state_house_superintendent_2004.json,57,3302903,3302904,1,True,-15.66,-15.66,0.0,DEM,DEM,False
2024,state_house,superintendent,state_house_superintendent_2004.json,58,3302903,3302904,1,True,-38.54,-38.54,0.0,DEM,DEM,False
2024,state_house,superintendent,state_house_superintendent_2004.json,59,3302903,3302904,1,True,27.57,27.57,0.0,REP,REP,False
2024,state_house,superintendent,state_house_superintendent_2004.json,60,3302903,3302904,1,True,-12.79,-12.79,0.0,DEM,DEM,False
2024,state_house,superintendent,state_house_superintendent_2004.json,61,3302903,3302904,1,True,-40.55,-40.55,0.0,DEM,DEM,False
2024,state_house,superintendent,state_house_superintendent_2004.json,62,3302903,3302904,1,True,24.41,24.41,0.0,REP,REP,False
2024,state_house,superintendent,state_house_superintendent_2004.json,63,3302903,3302904,1,True,5.62,5.62,0.0,REP,REP,False
2024,state_house,superintendent,state_house_superintendent_2004.json,64,3302903,3302904,1,True,10.76,10.76,0.0,REP,REP,False
2024,state_house,superintendent,state_house_superintendent_2004.json,65,3302903,3302904,1,True,2.14,2.14,0.0,REP,REP,False
2024,state_house,superintendent,state_house_superintendent_2004.json,66,3302903,3302904,1,True,-9.23,-9.23,0.0,DEM,DEM,False
2024,state_house,superintendent,state_house_superintendent_2004.json,67,3302903,3302904,1,True,14.67,14.67,0.0,REP,REP,False
2024,state_house,superintendent,state_house_superintendent_2004.json,68,3302903,3302904,1,True,41.09,41.09,0.0,REP,REP,False
2024,state_house,superintendent,state_house_superintendent_2004.json,69,3302903,3302904,1,True,39.75,39.75,0.0,REP,REP,False
2024,state_house,superintendent,state_house_superintendent_2004.json,70,3302903,3302904,1,True,39.49,39.49,0.0,REP,REP,False
2024,state_house,superintendent,state_house_superintendent_2004.json,71,3302903,3302904,1,True,-18.13,-18.13,0.0,DEM,DEM,False
2024,state_house,superintendent,state_house_superintendent_2004.json,72,3302903,3302904,1,True,-35.15,-35.15,0.0,DEM,DEM,False
2024,state_house,superintendent,state_house_superintendent_2004.json,73,3302903,3302904,1,True,21.38,21.38,0.0,REP,REP,False
2024,state_house,superintendent,state_house_superintendent_2004.json,74,3302903,3302904,1,True,28.27,28.27,0.0,REP,REP,False
2024,state_house,superintendent,state_house_superintendent_2004.json,75,3302903,3302904,1,True,24.88,24.88,0.0,REP,REP,False
2024,state_house,superintendent,state_house_superintendent_2004.json,76,3302903,3302904,1,True,11.13,11.13,0.0,REP,REP,False
2024,state_house,superintendent,state_house_superintendent_2004.json,77,3302903,3302904,1,True,37.22,37.22,0.0,REP,REP,False
2024,state_house,superintendent,state_house_superintendent_2004.json,78,3302903,3302904,1,True,30.05,30.05,0.0,REP,REP,False
2024,state_house,superintendent,state_house_superintendent_2004.json,79,3302903,3302904,1,True,1.7,1.7,0.0,REP,REP,False
2024,state_house,superintendent,state_house_superintendent_2004.json,80,3302903,3302904,1,True,35.63,35.63,0.0,REP,REP,False
2024,state_house,superintendent,state_house_superintendent_2004.json,81,3302903,3302904,1,True,17.7,17.7,0.0,REP,REP,False
2024,state_house,superintendent,state_house_superintendent_2004.json,82,3302903,3302904,1,True,32.58,32.58,0.0,REP,REP,False
2024,state_house,superintendent,state_house_superintendent_2004.json,83,3302903,3302904,1,True,28.57,28.57,0.0,REP,REP,False
2024,state_house,superintendent,state_house_superintendent_2004.json,84,3302903,3302904,1,True,14.17,14.17,0.0,REP,REP,False
2024,state_house,superintendent,state_house_superintendent_2004.json,85,3302903,3302904,1,True,20.13,20.13,0.0,REP,REP,False
2024,state_house,superintendent,state_house_superintendent_2004.json,86,3302903,3302904,1,True,13.6,13.6,0.0,REP,REP,False
2024,state_house,superintendent,state_house_superintendent_2004.json,87,3302903,3302904,1,True,23.66,23.66,0.0,REP,REP,False
2024,state_house,superintendent,state_house_superintendent_2004.json,88,3302903,3302904,1,True,-25.94,-25.94,0.0,DEM,DEM,False
2024,state_house,superintendent,state_house_superintendent_2004.json,89,3302903,3302904,1,True,29.48,29.48,0.0,REP,REP,False
2024,state_house,superintendent,state_house_superintendent_2004.json,90,3302903,3302904,1,True,21.41,21.41,0.0,REP,REP,False
2024,state_house,superintendent,state_house_superintendent_2004.json,91,3302903,3302904,1,True,16.32,16.32,0.0,REP,REP,False
2024,state_house,superintendent,state_house_superintendent_2004.json,92,3302903,3302904,1,True,-13.81,-13.81,0.0,DEM,DEM,False
2024,state_house,superintendent,state_house_superintendent_2004.json,93,3302903,3302904,1,True,2.5,2.5,0.0,REP,REP,False
2024,state_house,superintendent,state_house_superintendent_2004.json,94,3302903,3302904,1,True,27.36,27.36,0.0,REP,REP,False
2024,state_house,superintendent,state_house_superintendent_2004.json,95,3302903,3302904,1,True,29.75,29.75,0.0,REP,REP,False
2024,state_house,superintendent,state_house_superintendent_2004.json,96,3302903,3302904,1,True,24.55,24.55,0.0,REP,REP,False
2024,state_house,superintendent,state_house_superintendent_2004.json,97,3302903,3302904,1,True,23.26,23.26,0.0,REP,REP,False
2024,state_house,superintendent,state_house_superintendent_2004.json,98,3302903,3302904,1,True,24.39,24.39,0.0,REP,REP,False
2024,state_house,superintendent,state_house_superintendent_2004.json,99,3302903,3302904,1,True,-44.14,-44.14,0.0,DEM,DEM,False
2024,state_house,superintendent,state_house_superintendent_2004.json,100,3302903,3302904,1,True,-6.19,-6.19,0.0,DEM,DEM,False
2024,state_house,superintendent,state_house_superintendent_2004.json,101,3302903,3302904,1,True,-4.95,-4.95,0.0,DEM,DEM,False
2024,state_house,superintendent,state_house_superintendent_2004.json,102,3302903,3302904,1,True,-39.87,-39.87,0.0,DEM,DEM,False
2024,state_house,superintendent,state_house_superintendent_2004.json,103,3302903,3302904,1,True,21.37,21.37,0.0,REP,REP,False
2024,state_house,superintendent,state_house_superintendent_2004.json,104,3302903,3302904,1,True,13.85,13.85,0.0,REP,REP,False
2024,state_house,superintendent,state_house_superintendent_2004.json,105,3302903,3302904,1,True,31.62,31.62,0.0,REP,REP,False
2024,state_house,superintendent,state_house_superintendent_2004.json,106,3302903,3302904,1,True,-12.32,-12.32,0.0,DEM,DEM,False
2024,state_house,superintendent,state_house_superintendent_2004.json,107,3302903,3302904,1,True,-73.16,-73.16,0.0,DEM,DEM,False
2024,state_house,superintendent,state_house_superintendent_2004.json,108,3302903,3302904,1,True,28.8,28.8,0.0,REP,REP,False
2024,state_house,superintendent,state_house_superintendent_2004.json,109,3302903,3302904,1,True,24.48,24.48,0.0,REP,REP,False
2024,state_house,superintendent,state_house_superintendent_2004.json,110,3302903,3302904,1,True,11.39,11.39,0.0,REP,REP,False
2024,state_house,superintendent,state_house_superintendent_2004.json,111,3302903,3302904,1,True,8.99,8.99,0.0,REP,REP,False
2024,state_house,superintendent,state_house_superintendent_2004.json,112,3302903,3302904,1,True,-44.21,-44.21,0.0,DEM,DEM,False
2024,state_house,superintendent,state_house_superintendent_2004.json,113,3302903,3302904,1,True,10.67,10.67,0.0,REP,REP,False
2024,state_house,superintendent,state_house_superintendent_2004.json,114,3302903,3302904,1,True,0.71,0.71,0.0,REP,REP,False
2024,state_house,superintendent,state_house_superintendent_2004.json,115,3302903,3302904,1,True,-11.44,-11.44,0.0,DEM,DEM,False
2024,state_house,superintendent,state_house_superintendent_2004.json,116,3302903,3302904,1,True,-18.91,-18.91,0.0,DEM,DEM,False
2024,state_house,superintendent,state_house_superintendent_2004.json,117,3302903,3302904,1,True,21.57,21.57,0.0,REP,REP,False
2024,state_house,superintendent,state_house_superintendent_2004.json,118,3302903,3302904,1,True,-6.72,-6.72,0.0,DEM,DEM,False
2024,state_house,superintendent,state_house_superintendent_2004.json,119,3302903,3302904,1,True,-1.33,-1.33,0.0,DEM,DEM,False
2024,state_house,superintendent,state_house_superintendent_2004.json,120,3302903,3302904,1,True,16.39,16.39,0.0,REP,REP,False
2024,state_house,treasurer,state_house_treasurer_2004.json,1,3324820,3324823,3,True,-4.59,-4.59,0.0,DEM,DEM,False
2024,state_house,treasurer,state_house_treasurer_2004.json,2,3324820,3324823,3,True,-31.98,-31.98,0.0,DEM,DEM,False
2024,state_house,treasurer,state_house_treasurer_2004.json,3,3324820,3324823,3,True,6.23,6.23,0.0,REP,REP,False
2024,state_house,treasurer,state_house_treasurer_2004.json,4,3324820,3324823,3,True,-18.25,-18.25,0.0,DEM,DEM,False
2024,state_house,treasurer,state_house_treasurer_2004.json,5,3324820,3324823,3,True,-26.16,-26.16,0.0,DEM,DEM,False
2024,state_house,treasurer,state_house_treasurer_2004.json,6,3324820,3324823,3,True,-11.31,-11.31,0.0,DEM,DEM,False
2024,state_house,treasurer,state_house_treasurer_2004.json,7,3324820,3324823,3,True,-31.1,-31.1,0.0,DEM,DEM,False
2024,state_house,treasurer,state_house_treasurer_2004.json,8,3324820,3324823,3,True,-31.71,-31.71,0.0,DEM,DEM,False
2024,state_house,treasurer,state_house_treasurer_2004.json,9,3324820,3324823,3,True,0.72,0.72,0.0,REP,REP,False
2024,state_house,treasurer,state_house_treasurer_2004.json,10,3324820,3324823,3,True,-4.04,-4.04,0.0,DEM,DEM,False
2024,state_house,treasurer,state_house_treasurer_2004.json,11,3324820,3324823,3,True,-15.02,-15.02,0.0,DEM,DEM,False
2024,state_house,treasurer,state_house_treasurer_2004.json,12,3324820,3324823,3,True,-20.42,-20.42,0.0,DEM,DEM,False
2024,state_house,treasurer,state_house_treasurer_2004.json,13,3324820,3324823,3,True,15.57,15.57,0.0,REP,REP,False
2024,state_house,treasurer,state_house_treasurer_2004.json,14,3324820,3324823,3,True,9.86,9.86,0.0,REP,REP,False
2024,state_house,treasurer,state_house_treasurer_2004.json,15,3324820,3324823,3,True,13.62,13.62,0.0,REP,REP,False
2024,state_house,treasurer,state_house_treasurer_2004.json,16,3324820,3324823,3,True,1.69,1.69,0.0,REP,REP,False
2024,state_house,treasurer,state_house_treasurer_2004.json,17,3324820,3324823,3,True,-2.26,-2.26,0.0,DEM,DEM,False
2024,state_house,treasurer,state_house_treasurer_2004.json,18,3324820,3324823,3,True,-22.07,-22.07,0.0,DEM,DEM,False
2024,state_house,treasurer,state_house_treasurer_2004.json,19,3324820,3324823,3,True,9.39,9.39,0.0,REP,REP,False
2024,state_house,treasurer,state_house_treasurer_2004.json,20,3324820,3324823,3,True,12.66,12.66,0.0,REP,REP,False
2024,state_house,treasurer,state_house_treasurer_2004.json,21,3324820,3324823,3,True,0.07,0.07,0.0,REP,REP,False
2024,state_house,treasurer,state_house_treasurer_2004.json,22,3324820,3324823,3,True,-22.91,-22.91,0.0,DEM,DEM,False
2024,state_house,treasurer,state_house_treasurer_2004.json,23,3324820,3324823,3,True,-49.39,-49.39,0.0,DEM,DEM,False
2024,state_house,treasurer,state_house_treasurer_2004.json,24,3324820,3324823,3,True,-23.24,-23.24,0.0,DEM,DEM,False
2024,state_house,treasurer,state_house_treasurer_2004.json,25,3324820,3324823,3,True,-24.68,-24.68,0.0,DEM,DEM,False
2024,state_house,treasurer,state_house_treasurer_2004.json,26,3324820,3324823,3,True,-0.48,-0.48,0.0,DEM,DEM,False
2024,state_house,treasurer,state_house_treasurer_2004.json,27,3324820,3324823,3,True,-56.1,-56.1,0.0,DEM,DEM,False
2024,state_house,treasurer,state_house_treasurer_2004.json,28,3324820,3324823,3,True,-10.9,-10.9,0.0,DEM,DEM,False
2024,state_house,treasurer,state_house_treasurer_2004.json,29,3324820,3324823,3,True,-52.29,-52.29,0.0,DEM,DEM,False
2024,state_house,treasurer,state_house_treasurer_2004.json,30,3324820,3324823,3,True,-57.54,-57.54,0.0,DEM,DEM,False
2024,state_house,treasurer,state_house_treasurer_2004.json,31,3324820,3324823,3,True,-60.15,-60.15,0.0,DEM,DEM,False
2024,state_house,treasurer,state_house_treasurer_2004.json,32,3324820,3324823,3,True,-49.7,-49.7,0.0,DEM,DEM,False
2024,state_house,treasurer,state_house_treasurer_2004.json,33,3324820,3324823,3,True,-30.14,-30.14,0.0,DEM,DEM,False
2024,state_house,treasurer,state_house_treasurer_2004.json,34,3324820,3324823,3,True,-29.0,-29.0,0.0,DEM,DEM,False
2024,state_house,treasurer,state_house_treasurer_2004.json,35,3324820,3324823,3,True,4.0,4.0,0.0,REP,REP,False
2024,state_house,treasurer,state_house_treasurer_2004.json,36,3324820,3324823,3,True,0.51,0.51,0.0,REP,REP,False
2024,state_house,treasurer,state_house_treasurer_2004.json,37,3324820,3324823,3,True,-8.33,-8.33,0.0,DEM,DEM,False
2024,state_house,treasurer,state_house_treasurer_2004.json,38,3324820,3324823,3,True,-68.99,-68.99,0.0,DEM,DEM,False
2024,state_house,treasurer,state_house_treasurer_2004.json,39,3324820,3324823,3,True,-23.6,-23.6,0.0,DEM,DEM,False
2024,state_house,treasurer,state_house_treasurer_2004.json,40,3324820,3324823,3,True,-10.31,-10.31,0.0,DEM,DEM,False
2024,state_house,treasurer,state_house_treasurer_2004.json,41,3324820,3324823,3,True,-9.8,-9.8,0.0,DEM,DEM,False
2024,state_house,treasurer,state_house_treasurer_2004.json,42,3324820,3324823,3,True,-36.35,-36.35,0.0,DEM,DEM,False
2024,state_house,treasurer,state_house_treasurer_2004.json,43,3324820,3324823,3,True,-10.47,-10.47,0.0,DEM,DEM,False
2024,state_house,treasurer,state_house_treasurer_2004.json,44,3324820,3324823,3,True,-27.65,-27.65,0.0,DEM,DEM,False
2024,state_house,treasurer,state_house_treasurer_2004.json,45,3324820,3324823,3,True,-12.49,-12.49,0.0,DEM,DEM,False
2024,state_house,treasurer,state_house_treasurer_2004.json,46,3324820,3324823,3,True,-35.46,-35.46,0.0,DEM,DEM,False
2024,state_house,treasurer,state_house_treasurer_2004.json,47,3324820,3324823,3,True,-57.66,-57.66,0.0,DEM,DEM,False
2024,state_house,treasurer,state_house_treasurer_2004.json,48,3324820,3324823,3,True,-33.68,-33.68,0.0,DEM,DEM,False
2024,state_house,treasurer,state_house_treasurer_2004.json,49,3324820,3324823,3,True,-33.21,-33.21,0.0,DEM,DEM,False
2024,state_house,treasurer,state_house_treasurer_2004.json,50,3324820,3324823,3,True,-41.02,-41.02,0.0,DEM,DEM,False
2024,state_house,treasurer,state_house_treasurer_2004.json,51,3324820,3324823,3,True,-12.83,-12.83,0.0,DEM,DEM,False
2024,state_house,treasurer,state_house_treasurer_2004.json,52,3324820,3324823,3,True,-18.3,-18.3,0.0,DEM,DEM,False
2024,state_house,treasurer,state_house_treasurer_2004.json,53,3324820,3324823,3,True,1.66,1.66,0.0,REP,REP,False
2024,state_house,treasurer,state_house_treasurer_2004.json,54,3324820,3324823,3,True,-20.21,-20.21,0.0,DEM,DEM,False
2024,state_house,treasurer,state_house_treasurer_2004.json,55,3324820,3324823,3,True,-8.17,-8.17,0.0,DEM,DEM,False
2024,state_house,treasurer,state_house_treasurer_2004.json,56,3324820,3324823,3,True,-46.0,-46.0,0.0,DEM,DEM,False
2024,state_house,treasurer,state_house_treasurer_2004.json,57,3324820,3324823,3,True,-22.02,-22.02,0.0,DEM,DEM,False
2024,state_house,treasurer,state_house_treasurer_2004.json,58,3324820,3324823,3,True,-41.28,-41.28,0.0,DEM,DEM,False
2024,state_house,treasurer,state_house_treasurer_2004.json,59,3324820,3324823,3,True,18.4,18.4,0.0,REP,REP,False
2024,state_house,treasurer,state_house_treasurer_2004.json,60,3324820,3324823,3,True,-18.22,-18.22,0.0,DEM,DEM,False
2024,state_house,treasurer,state_house_treasurer_2004.json,61,3324820,3324823,3,True,-44.76,-44.76,0.0,DEM,DEM,False
2024,state_house,treasurer,state_house_treasurer_2004.json,62,3324820,3324823,3,True,18.34,18.34,0.0,REP,REP,False
2024,state_house,treasurer,state_house_treasurer_2004.json,63,3324820,3324823,3,True,-6.02,-6.02,0.0,DEM,DEM,False
2024,state_house,treasurer,state_house_treasurer_2004.json,64,3324820,3324823,3,True,-1.67,-1.67,0.0,DEM,DEM,False
2024,state_house,treasurer,state_house_treasurer_2004.json,65,3324820,3324823,3,True,-9.35,-9.35,0.0,DEM,DEM,False
2024,state_house,treasurer,state_house_treasurer_2004.json,66,3324820,3324823,3,True,-21.87,-21.87,0.0,DEM,DEM,False
2024,state_house,treasurer,state_house_treasurer_2004.json,67,3324820,3324823,3,True,5.63,5.63,0.0,REP,REP,False
2024,state_house,treasurer,state_house_treasurer_2004.json,68,3324820,3324823,3,True,36.12,36.12,0.0,REP,REP,False
2024,state_house,treasurer,state_house_treasurer_2004.json,69,3324820,3324823,3,True,33.95,33.95,0.0,REP,REP,False
2024,state_house,treasurer,state_house_treasurer_2004.json,70,3324820,3324823,3,True,30.4,30.4,0.0,REP,REP,False
2024,state_house,treasurer,state_house_treasurer_2004.json,71,3324820,3324823,3,True,-23.98,-23.98,0.0,DEM,DEM,False
2024,state_house,treasurer,state_house_treasurer_2004.json,72,3324820,3324823,3,True,-42.16,-42.16,0.0,DEM,DEM,False
2024,state_house,treasurer,state_house_treasurer_2004.json,73,3324820,3324823,3,True,4.72,4.72,0.0,REP,REP,False
2024,state_house,treasurer,state_house_treasurer_2004.json,74,3324820,3324823,3,True,19.49,19.49,0.0,REP,REP,False
2024,state_house,treasurer,state_house_treasurer_2004.json,75,3324820,3324823,3,True,17.12,17.12,0.0,REP,REP,False
2024,state_house,treasurer,state_house_treasurer_2004.json,76,3324820,3324823,3,True,-0.39,-0.39,0.0,DEM,DEM,False
2024,state_house,treasurer,state_house_treasurer_2004.json,77,3324820,3324823,3,True,26.35,26.35,0.0,REP,REP,False
2024,state_house,treasurer,state_house_treasurer_2004.json,78,3324820,3324823,3,True,18.68,18.68,0.0,REP,REP,False
2024,state_house,treasurer,state_house_treasurer_2004.json,79,3324820,3324823,3,True,-2.49,-2.49,0.0,DEM,DEM,False
2024,state_house,treasurer,state_house_treasurer_2004.json,80,3324820,3324823,3,True,29.03,29.03,0.0,REP,REP,False
2024,state_house,treasurer,state_house_treasurer_2004.json,81,3324820,3324823,3,True,11.13,11.13,0.0,REP,REP,False
2024,state_house,treasurer,state_house_treasurer_2004.json,82,3324820,3324823,3,True,20.74,20.74,0.0,REP,REP,False
2024,state_house,treasurer,state_house_treasurer_2004.json,83,3324820,3324823,3,True,11.12,11.12,0.0,REP,REP,False
2024,state_house,treasurer,state_house_treasurer_2004.json,84,3324820,3324823,3,True,4.27,4.27,0.0,REP,REP,False
2024,state_house,treasurer,state_house_treasurer_2004.json,85,3324820,3324823,3,True,16.6,16.6,0.0,REP,REP,False
2024,state_house,treasurer,state_house_treasurer_2004.json,86,3324820,3324823,3,True,4.76,4.76,0.0,REP,REP,False
2024,state_house,treasurer,state_house_treasurer_2004.json,87,3324820,3324823,3,True,12.48,12.48,0.0,REP,REP,False
2024,state_house,treasurer,state_house_treasurer_2004.json,88,3324820,3324823,3,True,-28.13,-28.13,0.0,DEM,DEM,False
2024,state_house,treasurer,state_house_treasurer_2004.json,89,3324820,3324823,3,True,21.27,21.27,0.0,REP,REP,False
2024,state_house,treasurer,state_house_treasurer_2004.json,90,3324820,3324823,3,True,12.51,12.51,0.0,REP,REP,False
2024,state_house,treasurer,state_house_treasurer_2004.json,91,3324820,3324823,3,True,7.96,7.96,0.0,REP,REP,False
2024,state_house,treasurer,state_house_treasurer_2004.json,92,3324820,3324823,3,True,-16.35,-16.35,0.0,DEM,DEM,False
2024,state_house,treasurer,state_house_treasurer_2004.json,93,3324820,3324823,3,True,-2.58,-2.58,0.0,DEM,DEM,False
2024,state_house,treasurer,state_house_treasurer_2004.json,94,3324820,3324823,3,True,16.6,16.6,0.0,REP,REP,False
2024,state_house,treasurer,state_house_treasurer_2004.json,95,3324820,3324823,3,True,21.43,21.43,0.0,REP,REP,False
2024,state_house,treasurer,state_house_treasurer_2004.json,96,3324820,3324823,3,True,18.28,18.28,0.0,REP,REP,False
2024,state_house,treasurer,state_house_treasurer_2004.json,97,3324820,3324823,3,True,13.18,13.18,0.0,REP,REP,False
2024,state_house,treasurer,state_house_treasurer_2004.json,98,3324820,3324823,3,True,22.22,22.22,0.0,REP,REP,False
2024,state_house,treasurer,state_house_treasurer_2004.json,99,3324820,3324823,3,True,-45.52,-45.52,0.0,DEM,DEM,False
2024,state_house,treasurer,state_house_treasurer_2004.json,100,3324820,3324823,3,True,-8.78,-8.78,0.0,DEM,DEM,False
2024,state_house,treasurer,state_house_treasurer_2004.json,101,3324820,3324823,3,True,-7.82,-7.82,0.0,DEM,DEM,False
2024,state_house,treasurer,state_house_treasurer_2004.json,102,3324820,3324823,3,True,-41.8,-41.8,0.0,DEM,DEM,False
2024,state_house,treasurer,state_house_treasurer_2004.json,103,3324820,3324823,3,True,19.18,19.18,0.0,REP,REP,False
2024,state_house,treasurer,state_house_treasurer_2004.json,104,3324820,3324823,3,True,8.14,8.14,0.0,REP,REP,False
2024,state_house,treasurer,state_house_treasurer_2004.json,105,3324820,3324823,3,True,27.0,27.0,0.0,REP,REP,False
2024,state_house,treasurer,state_house_treasurer_2004.json,106,3324820,3324823,3,True,-14.05,-14.05,0.0,DEM,DEM,False
2024,state_house,treasurer,state_house_treasurer_2004.json,107,3324820,3324823,3,True,-74.04,-74.04,0.0,DEM,DEM,False
2024,state_house,treasurer,state_house_treasurer_2004.json,108,3324820,3324823,3,True,18.2,18.2,0.0,REP,REP,False
2024,state_house,treasurer,state_house_treasurer_2004.json,109,3324820,3324823,3,True,14.09,14.09,0.0,REP,REP,False
2024,state_house,treasurer,state_house_treasurer_2004.json,110,3324820,3324823,3,True,-1.98,-1.98,0.0,DEM,DEM,False
2024,state_house,treasurer,state_house_treasurer_2004.json,111,3324820,3324823,3,True,-3.55,-3.55,0.0,DEM,DEM,False
2024,state_house,treasurer,state_house_treasurer_2004.json,112,3324820,3324823,3,True,-47.04,-47.04,0.0,DEM,DEM,False
2024,state_house,treasurer,state_house_treasurer_2004.json,113,3324820,3324823,3,True,11.5,11.5,0.0,REP,REP,False
2024,state_house,treasurer,state_house_treasurer_2004.json,114,3324820,3324823,3,True,-0.7,-0.7,0.0,DEM,DEM,False
2024,state_house,treasurer,state_house_treasurer_2004.json,115,3324820,3324823,3,True,-13.36,-13.36,0.0,DEM,DEM,False
2024,state_house,treasurer,state_house_treasurer_2004.json,116,3324820,3324823,3,True,-20.2,-20.2,0.0,DEM,DEM,False
2024,state_house,treasurer,state_house_treasurer_2004.json,117,3324820,3324823,3,True,21.93,21.93,0.0,REP,REP,False
2024,state_house,treasurer,state_house_treasurer_2004.json,118,3324820,3324823,3,True,-9.97,-9.97,0.0,DEM,DEM,False
2024,state_house,treasurer,state_house_treasurer_2004.json,119,3324820,3324823,3,True,-1.8,-1.8,0.0,DEM,DEM,False
2024,state_house,treasurer,state_house_treasurer_2004.json,120,3324820,3324823,3,True,16.05,16.05,0.0,REP,REP,False
2024,state_house,us_senate,state_house_us_senate_2004.json,1,3472082,3472081,-1,True,3.44,3.44,0.0,REP,REP,False
2024,state_house,us_senate,state_house_us_senate_2004.json,2,3472082,3472081,-1,True,-2.91,-2.91,0.0,DEM,DEM,False
2024,state_house,us_senate,state_house_us_senate_2004.json,3,3472082,3472081,-1,True,17.15,17.15,0.0,REP,REP,False
2024,state_house,us_senate,state_house_us_senate_2004.json,4,3472082,3472081,-1,True,6.69,6.69,0.0,REP,REP,False
2024,state_house,us_senate,state_house_us_senate_2004.json,5,3472082,3472081,-1,True,-16.86,-16.86,0.0,DEM,DEM,False
2024,state_house,us_senate,state_house_us_senate_2004.json,6,3472082,3472081,-1,True,13.37,13.37,0.0,REP,REP,False
2024,state_house,us_senate,state_house_us_senate_2004.json,7,3472082,3472081,-1,True,-0.88,-0.88,0.0,DEM,DEM,False
2024,state_house,us_senate,state_house_us_senate_2004.json,8,3472082,3472081,-1,True,-18.06,-18.06,0.0,DEM,DEM,False
2024,state_house,us_senate,state_house_us_senate_2004.json,9,3472082,3472081,-1,True,17.27,17.27,0.0,REP,REP,False
2024,state_house,us_senate,state_house_us_senate_2004.json,10,3472082,3472081,-1,True,16.67,16.67,0.0,REP,REP,False
2024,state_house,us_senate,state_house_us_senate_2004.json,11,3472082,3472081,-1,True,-1.11,-1.11,0.0,DEM,DEM,False
2024,state_house,us_senate,state_house_us_senate_2004.json,12,3472082,3472081,-1,True,3.98,3.98,0.0,REP,REP,False
2024,state_house,us_senate,state_house_us_senate_2004.json,13,3472082,3472081,-1,True,25.72,25.72,0.0,REP,REP,False
2024,state_house,us_senate,state_house_us_senate_2004.json,14,3472082,3472081,-1,True,20.9,20.9,0.0,REP,REP,False
2024,state_house,us_senate,state_house_us_senate_2004.json,15,3472082,3472081,-1,True,29.27,29.27,0.0,REP,REP,False
2024,state_house,us_senate,state_house_us_senate_2004.json,16,3472082,3472081,-1,True,18.21,18.21,0.0,REP,REP,False
2024,state_house,us_senate,state_house_us_senate_2004.json,17,3472082,3472081,-1,True,7.44,7.44,0.0,REP,REP,False
2024,state_house,us_senate,state_house_us_senate_2004.json,18,3472082,3472081,-1,True,-14.99,-14.99,0.0,DEM,DEM,False
2024,state_house,us_senate,state_house_us_senate_2004.json,19,3472082,3472081,-1,True,19.1,19.1,0.0,REP,REP,False
2024,state_house,us_senate,state_house_us_senate_2004.json,20,3472082,3472081,-1,True,19.8,19.8,0.0,REP,REP,False
2024,state_house,us_senate,state_house_us_senate_2004.json,21,3472082,3472081,-1,True,12.7,12.7,0.0,REP,REP,False
2024,state_house,us_senate,state_house_us_senate_2004.json,22,3472082,3472081,-1,True,-1.84,-1.84,0.0,DEM,DEM,False
2024,state_house,us_senate,state_house_us_senate_2004.json,23,3472082,3472081,-1,True,-26.57,-26.57,0.0,DEM,DEM,False
2024,state_house,us_senate,state_house_us_senate_2004.json,24,3472082,3472081,-1,True,-1.73,-1.73,0.0,DEM,DEM,False
2024,state_house,us_senate,state_house_us_senate_2004.json,25,3472082,3472081,-1,True,4.93,4.93,0.0,REP,REP,False
2024,state_house,us_senate,state_house_us_senate_2004.json,26,3472082,3472081,-1,True,23.31,23.31,0.0,REP,REP,False
2024,state_house,us_senate,state_house_us_senate_2004.json,27,3472082,3472081,-1,True,-30.95,-30.95,0.0,DEM,DEM,False
2024,state_house,us_senate,state_house_us_senate_2004.json,28,3472082,3472081,-1,True,22.96,22.96,0.0,REP,REP,False
2024,state_house,us_senate,state_house_us_senate_2004.json,29,3472082,3472081,-1,True,-43.0,-43.0,0.0,DEM,DEM,False
2024,state_house,us_senate,state_house_us_senate_2004.json,30,3472082,3472081,-1,True,-46.91,-46.91,0.0,DEM,DEM,False
2024,state_house,us_senate,state_house_us_senate_2004.json,31,3472082,3472081,-1,True,-50.93,-50.93,0.0,DEM,DEM,False
2024,state_house,us_senate,state_house_us_senate_2004.json,32,3472082,3472081,-1,True,-14.21,-14.21,0.0,DEM,DEM,False
2024,state_house,us_senate,state_house_us_senate_2004.json,33,3472082,3472081,-1,True,-12.16,-12.16,0.0,DEM,DEM,False
2024,state_house,us_senate,state_house_us_senate_2004.json,34,3472082,3472081,-1,True,-10.24,-10.24,0.0,DEM,DEM,False
2024,state_house,us_senate,state_house_us_senate_2004.json,35,3472082,3472081,-1,True,21.09,21.09,0.0,REP,REP,False
2024,state_house,us_senate,state_house_us_senate_2004.json,36,3472082,3472081,-1,True,15.54,15.54,0.0,REP,REP,False
2024,state_house,us_senate,state_house_us_senate_2004.json,37,3472082,3472081,-1,True,9.75,9.75,0.0,REP,REP,False
2024,state_house,us_senate,state_house_us_senate_2004.json,38,3472082,3472081,-1,True,-62.29,-62.29,0.0,DEM,DEM,False
2024,state_house,us_senate,state_house_us_senate_2004.json,39,3472082,3472081,-1,True,-6.75,-6.75,0.0,DEM,DEM,False
2024,state_house,us_senate,state_house_us_senate_2004.json,40,3472082,3472081,-1,True,3.34,3.34,0.0,REP,REP,False
2024,state_house,us_senate,state_house_us_senate_2004.json,41,3472082,3472081,-1,True,0.99,0.99,0.0,REP,REP,False
2024,state_house,us_senate,state_house_us_senate_2004.json,42,3472082,3472081,-1,True,-29.63,-29.63,0.0,DEM,DEM,False
2024,state_house,us_senate,state_house_us_senate_2004.json,43,3472082,3472081,-1,True,10.94,10.94,0.0,REP,REP,False
2024,state_house,us_senate,state_house_us_senate_2004.json,44,3472082,3472081,-1,True,-12.14,-12.14,0.0,DEM,DEM,False
2024,state_house,us_senate,state_house_us_senate_2004.json,45,3472082,3472081,-1,True,2.88,2.88,0.0,REP,REP,False
2024,state_house,us_senate,state_house_us_senate_2004.json,46,3472082,3472081,-1,True,-9.96,-9.96,0.0,DEM,DEM,False
2024,state_house,us_senate,state_house_us_senate_2004.json,47,3472082,3472081,-1,True,-31.9,-31.9,0.0,DEM,DEM,False
2024,state_house,us_senate,state_house_us_senate_2004.json,48,3472082,3472081,-1,True,-17.54,-17.54,0.0,DEM,DEM,False
2024,state_house,us_senate,state_house_us_senate_2004.json,49,3472082,3472081,-1,True,-19.88,-19.88,0.0,DEM,DEM,False
2024,state_house,us_senate,state_house_us_senate_2004.json,50,3472082,3472081,-1,True,-27.79,-27.79,0.0,DEM,DEM,False
2024,state_house,us_senate,state_house_us_senate_2004.json,51,3472082,3472081,-1,True,10.05,10.05,0.0,REP,REP,False
2024,state_house,us_senate,state_house_us_senate_2004.json,52,3472082,3472081,-1,True,0.58,0.58,0.0,REP,REP,False
2024,state_house,us_senate,state_house_us_senate_2004.json,53,3472082,3472081,-1,True,27.68,27.68,0.0,REP,REP,False
2024,state_house,us_senate,state_house_us_senate_2004.json,54,3472082,3472081,-1,True,-2.7,-2.7,0.0,DEM,DEM,False
2024,state_house,us_senate,state_house_us_senate_2004.json,55,3472082,3472081,-1,True,7.68,7.68,0.0,REP,REP,False
2024,state_house,us_senate,state_house_us_senate_2004.json,56,3472082,3472081,-1,True,-36.93,-36.93,0.0,DEM,DEM,False
2024,state_house,us_senate,state_house_us_senate_2004.json,57,3472082,3472081,-1,True,-16.55,-16.55,0.0,DEM,DEM,False
2024,state_house,us_senate,state_house_us_senate_2004.json,58,3472082,3472081,-1,True,-35.22,-35.22,0.0,DEM,DEM,False
2024,state_house,us_senate,state_house_us_senate_2004.json,59,3472082,3472081,-1,True,28.83,28.83,0.0,REP,REP,False
2024,state_house,us_senate,state_house_us_senate_2004.json,60,3472082,3472081,-1,True,-11.66,-11.66,0.0,DEM,DEM,False
2024,state_house,us_senate,state_house_us_senate_2004.json,61,3472082,3472081,-1,True,-40.07,-40.07,0.0,DEM,DEM,False
2024,state_house,us_senate,state_house_us_senate_2004.json,62,3472082,3472081,-1,True,24.25,24.25,0.0,REP,REP,False
2024,state_house,us_senate,state_house_us_senate_2004.json,63,3472082,3472081,-1,True,12.83,12.83,0.0,REP,REP,False
2024,state_house,us_senate,state_house_us_senate_2004.json,64,3472082,3472081,-1,True,16.88,16.88,0.0,REP,REP,False
2024,state_house,us_senate,state_house_us_senate_2004.json,65,3472082,3472081,-1,True,15.51,15.51,0.0,REP,REP,False
2024,state_house,us_senate,state_house_us_senate_2004.json,66,3472082,3472081,-1,True,-8.63,-8.63,0.0,DEM,DEM,False
2024,state_house,us_senate,state_house_us_senate_2004.json,67,3472082,3472081,-1,True,22.73,22.73,0.0,REP,REP,False
2024,state_house,us_senate,state_house_us_senate_2004.json,68,3472082,3472081,-1,True,39.8,39.8,0.0,REP,REP,False
2024,state_house,us_senate,state_house_us_senate_2004.json,69,3472082,3472081,-1,True,39.46,39.46,0.0,REP,REP,False
2024,state_house,us_senate,state_house_us_senate_2004.json,70,3472082,3472081,-1,True,40.45,40.45,0.0,REP,REP,False
2024,state_house,us_senate,state_house_us_senate_2004.json,71,3472082,3472081,-1,True,-10.66,-10.66,0.0,DEM,DEM,False
2024,state_house,us_senate,state_house_us_senate_2004.json,72,3472082,3472081,-1,True,-28.01,-28.01,0.0,DEM,DEM,False
2024,state_house,us_senate,state_house_us_senate_2004.json,73,3472082,3472081,-1,True,23.01,23.01,0.0,REP,REP,False
2024,state_house,us_senate,state_house_us_senate_2004.json,74,3472082,3472081,-1,True,35.38,35.38,0.0,REP,REP,False
2024,state_house,us_senate,state_house_us_senate_2004.json,75,3472082,3472081,-1,True,29.81,29.81,0.0,REP,REP,False
2024,state_house,us_senate,state_house_us_senate_2004.json,76,3472082,3472081,-1,True,16.12,16.12,0.0,REP,REP,False
2024,state_house,us_senate,state_house_us_senate_2004.json,77,3472082,3472081,-1,True,43.37,43.37,0.0,REP,REP,False
2024,state_house,us_senate,state_house_us_senate_2004.json,78,3472082,3472081,-1,True,31.19,31.19,0.0,REP,REP,False
2024,state_house,us_senate,state_house_us_senate_2004.json,79,3472082,3472081,-1,True,11.44,11.44,0.0,REP,REP,False
2024,state_house,us_senate,state_house_us_senate_2004.json,80,3472082,3472081,-1,True,40.38,40.38,0.0,REP,REP,False
2024,state_house,us_senate,state_house_us_senate_2004.json,81,3472082,3472081,-1,True,24.96,24.96,0.0,REP,REP,False
2024,state_house,us_senate,state_house_us_senate_2004.json,82,3472082,3472081,-1,True,33.17,33.17,0.0,REP,REP,False
2024,state_house,us_senate,state_house_us_senate_2004.json,83,3472082,3472081,-1,True,31.99,31.99,0.0,REP,REP,False
2024,state_house,us_senate,state_house_us_senate_2004.json,84,3472082,3472081,-1,True,18.44,18.44,0.0,REP,REP,False
2024,state_house,us_senate,state_house_us_senate_2004.json,85,3472082,3472081,-1,True,23.63,23.63,0.0,REP,REP,False
2024,state_house,us_senate,state_house_us_senate_2004.json,86,3472082,3472081,-1,True,16.28,16.28,0.0,REP,REP,False
2024,state_house,us_senate,state_house_us_senate_2004.json,87,3472082,3472081,-1,True,26.36,26.36,0.0,REP,REP,False
2024,state_house,us_senate,state_house_us_senate_2004.json,88,3472082,3472081,-1,True,-27.14,-27.14,0.0,DEM,DEM,False
2024,state_house,us_senate,state_house_us_senate_2004.json,89,3472082,3472081,-1,True,30.69,30.69,0.0,REP,REP,False
2024,state_house,us_senate,state_house_us_senate_2004.json,90,3472082,3472081,-1,True,33.28,33.28,0.0,REP,REP,False
2024,state_house,us_senate,state_house_us_senate_2004.json,91,3472082,3472081,-1,True,26.48,26.48,0.0,REP,REP,False
2024,state_house,us_senate,state_house_us_senate_2004.json,92,3472082,3472081,-1,True,-12.32,-12.32,0.0,DEM,DEM,False
2024,state_house,us_senate,state_house_us_senate_2004.json,93,3472082,3472081,-1,True,11.07,11.07,0.0,REP,REP,False
2024,state_house,us_senate,state_house_us_senate_2004.json,94,3472082,3472081,-1,True,30.0,30.0,0.0,REP,REP,False
2024,state_house,us_senate,state_house_us_senate_2004.json,95,3472082,3472081,-1,True,31.64,31.64,0.0,REP,REP,False
2024,state_house,us_senate,state_house_us_senate_2004.json,96,3472082,3472081,-1,True,25.47,25.47,0.0,REP,REP,False
2024,state_house,us_senate,state_house_us_senate_2004.json,97,3472082,3472081,-1,True,26.18,26.18,0.0,REP,REP,False
2024,state_house,us_senate,state_house_us_senate_2004.json,98,3472082,3472081,-1,True,23.46,23.46,0.0,REP,REP,False
2024,state_house,us_senate,state_house_us_senate_2004.json,99,3472082,3472081,-1,True,-42.88,-42.88,0.0,DEM,DEM,False
2024,state_house,us_senate,state_house_us_senate_2004.json,100,3472082,3472081,-1,True,-5.17,-5.17,0.0,DEM,DEM,False
2024,state_house,us_senate,state_house_us_senate_2004.json,101,3472082,3472081,-1,True,-2.98,-2.98,0.0,DEM,DEM,False
2024,state_house,us_senate,state_house_us_senate_2004.json,102,3472082,3472081,-1,True,-41.23,-41.23,0.0,DEM,DEM,False
2024,state_house,us_senate,state_house_us_senate_2004.json,103,3472082,3472081,-1,True,19.26,19.26,0.0,REP,REP,False
2024,state_house,us_senate,state_house_us_senate_2004.json,104,3472082,3472081,-1,True,7.08,7.08,0.0,REP,REP,False
2024,state_house,us_senate,state_house_us_senate_2004.json,105,3472082,3472081,-1,True,29.16,29.16,0.0,REP,REP,False
2024,state_house,us_senate,state_house_us_senate_2004.json,106,3472082,3472081,-1,True,-11.34,-11.34,0.0,DEM,DEM,False
2024,state_house,us_senate,state_house_us_senate_2004.json,107,3472082,3472081,-1,True,-71.34,-71.34,0.0,DEM,DEM,False
2024,state_house,us_senate,state_house_us_senate_2004.json,108,3472082,3472081,-1,True,30.53,30.53,0.0,REP,REP,False
2024,state_house,us_senate,state_house_us_senate_2004.json,109,3472082,3472081,-1,True,26.0,26.0,0.0,REP,REP,False
2024,state_house,us_senate,state_house_us_senate_2004.json,110,3472082,3472081,-1,True,16.5,16.5,0.0,REP,REP,False
2024,state_house,us_senate,state_house_us_senate_2004.json,111,3472082,3472081,-1,True,15.56,15.56,0.0,REP,REP,False
2024,state_house,us_senate,state_house_us_senate_2004.json,112,3472082,3472081,-1,True,-41.87,-41.87,0.0,DEM,DEM,False
2024,state_house,us_senate,state_house_us_senate_2004.json,113,3472082,3472081,-1,True,14.87,14.87,0.0,REP,REP,False
2024,state_house,us_senate,state_house_us_senate_2004.json,114,3472082,3472081,-1,True,5.14,5.14,0.0,REP,REP,False
2024,state_house,us_senate,state_house_us_senate_2004.json,115,3472082,3472081,-1,True,-5.69,-5.69,0.0,DEM,DEM,False
2024,state_house,us_senate,state_house_us_senate_2004.json,116,3472082,3472081,-1,True,-13.13,-13.13,0.0,DEM,DEM,False
2024,state_house,us_senate,state_house_us_senate_2004.json,117,3472082,3472081,-1,True,22.8,22.8,0.0,REP,REP,False
2024,state_house,us_senate,state_house_us_senate_2004.json,118,3472082,3472081,-1,True,0.71,0.71,0.0,REP,REP,False
2024,state_house,us_senate,state_house_us_senate_2004.json,119,3472082,3472081,-1,True,3.95,3.95,0.0,REP,REP,False
2024,state_house,us_senate,state_house_us_senate_2004.json,120,3472082,3472081,-1,True,20.68,20.68,0.0,REP,REP,False
2024,state_senate,agriculture_commissioner,state_senate_agriculture_commissioner_2004.json,1,3330107,3330111,4,True,-22.05,-22.05,0.0,DEM,DEM,False
2024,state_senate,agriculture_commissioner,state_senate_agriculture_commissioner_2004.json,2,3330107,3330111,4,True,-19.96,-19.96,0.0,DEM,DEM,False
2024,state_senate,agriculture_commissioner,state_senate_agriculture_commissioner_2004.json,3,3330107,3330111,4,True,1.58,1.58,0.0,REP,REP,False
2024,state_senate,agriculture_commissioner,state_senate_agriculture_commissioner_2004.json,4,3330107,3330111,4,True,-10.45,-10.45,0.0,DEM,DEM,False
2024,state_senate,agriculture_commissioner,state_senate_agriculture_commissioner_2004.json,5,3330107,3330111,4,True,-21.09,-21.09,0.0,DEM,DEM,False
2024,state_senate,agriculture_commissioner,state_senate_agriculture_commissioner_2004.json,6,3330107,3330111,4,True,16.79,16.79,0.0,REP,REP,False
2024,state_senate,agriculture_commissioner,state_senate_agriculture_commissioner_2004.json,7,3330107,3330111,4,True,9.05,9.05,0.0,REP,REP,False
2024,state_senate,agriculture_commissioner,state_senate_agriculture_commissioner_2004.json,8,3330107,3330111,4,True,-18.68,-18.68,0.0,DEM,DEM,False
2024,state_senate,agriculture_commissioner,state_senate_agriculture_commissioner_2004.json,9,3330107,3330111,4,True,-12.86,-12.86,0.0,DEM,DEM,False
2024,state_senate,agriculture_commissioner,state_senate_agriculture_commissioner_2004.json,10,3330107,3330111,4,True,11.44,11.44,0.0,REP,REP,False
2024,state_senate,agriculture_commissioner,state_senate_agriculture_commissioner_2004.json,11,3330107,3330111,4,True,-16.64,-16.64,0.0,DEM,DEM,False
2024,state_senate,agriculture_commissioner,state_senate_agriculture_commissioner_2004.json,12,3330107,3330111,4,True,0.45,0.45,0.0,REP,REP,False
2024,state_senate,agriculture_commissioner,state_senate_agriculture_commissioner_2004.json,13,3330107,3330111,4,True,2.28,2.28,0.0,REP,REP,False
2024,state_senate,agriculture_commissioner,state_senate_agriculture_commissioner_2004.json,14,3330107,3330111,4,True,-42.88,-42.88,0.0,DEM,DEM,False
2024,state_senate,agriculture_commissioner,state_senate_agriculture_commissioner_2004.json,15,3330107,3330111,4,True,-22.01,-22.01,0.0,DEM,DEM,False
2024,state_senate,agriculture_commissioner,state_senate_agriculture_commissioner_2004.json,16,3330107,3330111,4,True,-9.65,-9.65,0.0,DEM,DEM,False
2024,state_senate,agriculture_commissioner,state_senate_agriculture_commissioner_2004.json,17,3330107,3330111,4,True,3.71,3.71,0.0,REP,REP,False
2024,state_senate,agriculture_commissioner,state_senate_agriculture_commissioner_2004.json,18,3330107,3330111,4,True,0.12,0.12,0.0,REP,REP,False
2024,state_senate,agriculture_commissioner,state_senate_agriculture_commissioner_2004.json,19,3330107,3330111,4,True,-22.01,-22.01,0.0,DEM,DEM,False
2024,state_senate,agriculture_commissioner,state_senate_agriculture_commissioner_2004.json,20,3330107,3330111,4,True,-33.05,-33.05,0.0,DEM,DEM,False
2024,state_senate,agriculture_commissioner,state_senate_agriculture_commissioner_2004.json,21,3330107,3330111,4,True,7.19,7.19,0.0,REP,REP,False
2024,state_senate,agriculture_commissioner,state_senate_agriculture_commissioner_2004.json,22,3330107,3330111,4,True,-44.69,-44.69,0.0,DEM,DEM,False
2024,state_senate,agriculture_commissioner,state_senate_agriculture_commissioner_2004.json,23,3330107,3330111,4,True,-31.42,-31.42,0.0,DEM,DEM,False
2024,state_senate,agriculture_commissioner,state_senate_agriculture_commissioner_2004.json,24,3330107,3330111,4,True,-41.93,-41.93,0.0,DEM,DEM,False
2024,state_senate,agriculture_commissioner,state_senate_agriculture_commissioner_2004.json,25,3330107,3330111,4,True,19.63,19.63,0.0,REP,REP,False
2024,state_senate,agriculture_commissioner,state_senate_agriculture_commissioner_2004.json,26,3330107,3330111,4,True,35.89,35.89,0.0,REP,REP,False
2024,state_senate,agriculture_commissioner,state_senate_agriculture_commissioner_2004.json,27,3330107,3330111,4,True,9.97,9.97,0.0,REP,REP,False
2024,state_senate,agriculture_commissioner,state_senate_agriculture_commissioner_2004.json,28,3330107,3330111,4,True,-31.68,-31.68,0.0,DEM,DEM,False
2024,state_senate,agriculture_commissioner,state_senate_agriculture_commissioner_2004.json,29,3330107,3330111,4,True,12.97,12.97,0.0,REP,REP,False
2024,state_senate,agriculture_commissioner,state_senate_agriculture_commissioner_2004.json,30,3330107,3330111,4,True,36.98,36.98,0.0,REP,REP,False
2024,state_senate,agriculture_commissioner,state_senate_agriculture_commissioner_2004.json,31,3330107,3330111,4,True,33.39,33.39,0.0,REP,REP,False
2024,state_senate,agriculture_commissioner,state_senate_agriculture_commissioner_2004.json,32,3330107,3330111,4,True,-17.57,-17.57,0.0,DEM,DEM,False
2024,state_senate,agriculture_commissioner,state_senate_agriculture_commissioner_2004.json,33,3330107,3330111,4,True,25.75,25.75,0.0,REP,REP,False
2024,state_senate,agriculture_commissioner,state_senate_agriculture_commissioner_2004.json,34,3330107,3330111,4,True,25.21,25.21,0.0,REP,REP,False
2024,state_senate,agriculture_commissioner,state_senate_agriculture_commissioner_2004.json,35,3330107,3330111,4,True,38.27,38.27,0.0,REP,REP,False
2024,state_senate,agriculture_commissioner,state_senate_agriculture_commissioner_2004.json,36,3330107,3330111,4,True,32.46,32.46,0.0,REP,REP,False
2024,state_senate,agriculture_commissioner,state_senate_agriculture_commissioner_2004.json,37,3330107,3330111,4,True,25.18,25.18,0.0,REP,REP,False
2024,state_senate,agriculture_commissioner,state_senate_agriculture_commissioner_2004.json,38,3330107,3330111,4,True,2.24,2.24,0.0,REP,REP,False
2024,state_senate,agriculture_commissioner,state_senate_agriculture_commissioner_2004.json,39,3330107,3330111,4,True,-9.37,-9.37,0.0,DEM,DEM,False
2024,state_senate,agriculture_commissioner,state_senate_agriculture_commissioner_2004.json,40,3330107,3330111,4,True,-31.54,-31.54,0.0,DEM,DEM,False
2024,state_senate,agriculture_commissioner,state_senate_agriculture_commissioner_2004.json,41,3330107,3330111,4,True,-45.75,-45.75,0.0,DEM,DEM,False
2024,state_senate,agriculture_commissioner,state_senate_agriculture_commissioner_2004.json,42,3330107,3330111,4,True,31.44,31.44,0.0,REP,REP,False
2024,state_senate,agriculture_commissioner,state_senate_agriculture_commissioner_2004.json,43,3330107,3330111,4,True,23.22,23.22,0.0,REP,REP,False
2024,state_senate,agriculture_commissioner,state_senate_agriculture_commissioner_2004.json,44,3330107,3330111,4,True,13.16,13.16,0.0,REP,REP,False
2024,state_senate,agriculture_commissioner,state_senate_agriculture_commissioner_2004.json,45,3330107,3330111,4,True,28.67,28.67,0.0,REP,REP,False
2024,state_senate,agriculture_commissioner,state_senate_agriculture_commissioner_2004.json,46,3330107,3330111,4,True,6.85,6.85,0.0,REP,REP,False
2024,state_senate,agriculture_commissioner,state_senate_agriculture_commissioner_2004.json,47,3330107,3330111,4,True,10.35,10.35,0.0,REP,REP,False
2024,state_senate,agriculture_commissioner,state_senate_agriculture_commissioner_2004.json,48,3330107,3330111,4,True,18.17,18.17,0.0,REP,REP,False
2024,state_senate,agriculture_commissioner,state_senate_agriculture_commissioner_2004.json,49,3330107,3330111,4,True,-8.03,-8.03,0.0,DEM,DEM,False
2024,state_senate,agriculture_commissioner,state_senate_agriculture_commissioner_2004.json,50,3330107,3330111,4,True,6.3,6.3,0.0,REP,REP,False
2024,state_senate,attorney_general,state_senate_attorney_general_2004.json,1,3366218,3366222,4,True,-19.45,-19.45,0.0,DEM,DEM,False
2024,state_senate,attorney_general,state_senate_attorney_general_2004.json,2,3366218,3366222,4,True,-24.7,-24.7,0.0,DEM,DEM,False
2024,state_senate,attorney_general,state_senate_attorney_general_2004.json,3,3366218,3366222,4,True,-1.7,-1.7,0.0,DEM,DEM,False
2024,state_senate,attorney_general,state_senate_attorney_general_2004.json,4,3366218,3366222,4,True,-17.31,-17.31,0.0,DEM,DEM,False
2024,state_senate,attorney_general,state_senate_attorney_general_2004.json,5,3366218,3366222,4,True,-27.96,-27.96,0.0,DEM,DEM,False
2024,state_senate,attorney_general,state_senate_attorney_general_2004.json,6,3366218,3366222,4,True,13.13,13.13,0.0,REP,REP,False
2024,state_senate,attorney_general,state_senate_attorney_general_2004.json,7,3366218,3366222,4,True,3.2,3.2,0.0,REP,REP,False
2024,state_senate,attorney_general,state_senate_attorney_general_2004.json,8,3366218,3366222,4,True,-21.17,-21.17,0.0,DEM,DEM,False
2024,state_senate,attorney_general,state_senate_attorney_general_2004.json,9,3366218,3366222,4,True,-17.72,-17.72,0.0,DEM,DEM,False
2024,state_senate,attorney_general,state_senate_attorney_general_2004.json,10,3366218,3366222,4,True,-3.59,-3.59,0.0,DEM,DEM,False
2024,state_senate,attorney_general,state_senate_attorney_general_2004.json,11,3366218,3366222,4,True,-37.7,-37.7,0.0,DEM,DEM,False
2024,state_senate,attorney_general,state_senate_attorney_general_2004.json,12,3366218,3366222,4,True,-14.08,-14.08,0.0,DEM,DEM,False
2024,state_senate,attorney_general,state_senate_attorney_general_2004.json,13,3366218,3366222,4,True,-5.75,-5.75,0.0,DEM,DEM,False
2024,state_senate,attorney_general,state_senate_attorney_general_2004.json,14,3366218,3366222,4,True,-45.42,-45.42,0.0,DEM,DEM,False
2024,state_senate,attorney_general,state_senate_attorney_general_2004.json,15,3366218,3366222,4,True,-24.37,-24.37,0.0,DEM,DEM,False
2024,state_senate,attorney_general,state_senate_attorney_general_2004.json,16,3366218,3366222,4,True,-17.02,-17.02,0.0,DEM,DEM,False
2024,state_senate,attorney_general,state_senate_attorney_general_2004.json,17,3366218,3366222,4,True,-6.21,-6.21,0.0,DEM,DEM,False
2024,state_senate,attorney_general,state_senate_attorney_general_2004.json,18,3366218,3366222,4,True,-2.82,-2.82,0.0,DEM,DEM,False
2024,state_senate,attorney_general,state_senate_attorney_general_2004.json,19,3366218,3366222,4,True,-30.04,-30.04,0.0,DEM,DEM,False
2024,state_senate,attorney_general,state_senate_attorney_general_2004.json,20,3366218,3366222,4,True,-40.45,-40.45,0.0,DEM,DEM,False
2024,state_senate,attorney_general,state_senate_attorney_general_2004.json,21,3366218,3366222,4,True,-4.14,-4.14,0.0,DEM,DEM,False
2024,state_senate,attorney_general,state_senate_attorney_general_2004.json,22,3366218,3366222,4,True,-47.34,-47.34,0.0,DEM,DEM,False
2024,state_senate,attorney_general,state_senate_attorney_general_2004.json,23,3366218,3366222,4,True,-37.93,-37.93,0.0,DEM,DEM,False
2024,state_senate,attorney_general,state_senate_attorney_general_2004.json,24,3366218,3366222,4,True,-40.85,-40.85,0.0,DEM,DEM,False
2024,state_senate,attorney_general,state_senate_attorney_general_2004.json,25,3366218,3366222,4,True,-0.5,-0.5,0.0,DEM,DEM,False
2024,state_senate,attorney_general,state_senate_attorney_general_2004.json,26,3366218,3366222,4,True,0.97,0.97,0.0,REP,REP,False
2024,state_senate,attorney_general,state_senate_attorney_general_2004.json,27,3366218,3366222,4,True,-12.22,-12.22,0.0,DEM,DEM,False
2024,state_senate,attorney_general,state_senate_attorney_general_2004.json,28,3366218,3366222,4,True,-48.46,-48.46,0.0,DEM,DEM,False
2024,state_senate,attorney_general,state_senate_attorney_general_2004.json,29,3366218,3366222,4,True,-7.48,-7.48,0.0,DEM,DEM,False
2024,state_senate,attorney_general,state_senate_attorney_general_2004.json,30,3366218,3366222,4,True,13.47,13.47,0.0,REP,REP,False
2024,state_senate,attorney_general,state_senate_attorney_general_2004.json,31,3366218,3366222,4,True,10.52,10.52,0.0,REP,REP,False
2024,state_senate,attorney_general,state_senate_attorney_general_2004.json,32,3366218,3366222,4,True,-33.55,-33.55,0.0,DEM,DEM,False
2024,state_senate,attorney_general,state_senate_attorney_general_2004.json,33,3366218,3366222,4,True,5.93,5.93,0.0,REP,REP,False
2024,state_senate,attorney_general,state_senate_attorney_general_2004.json,34,3366218,3366222,4,True,8.12,8.12,0.0,REP,REP,False
2024,state_senate,attorney_general,state_senate_attorney_general_2004.json,35,3366218,3366222,4,True,26.6,26.6,0.0,REP,REP,False
2024,state_senate,attorney_general,state_senate_attorney_general_2004.json,36,3366218,3366222,4,True,9.38,9.38,0.0,REP,REP,False
2024,state_senate,attorney_general,state_senate_attorney_general_2004.json,37,3366218,3366222,4,True,11.94,11.94,0.0,REP,REP,False
2024,state_senate,attorney_general,state_senate_attorney_general_2004.json,38,3366218,3366222,4,True,-6.08,-6.08,0.0,DEM,DEM,False
2024,state_senate,attorney_general,state_senate_attorney_general_2004.json,39,3366218,3366222,4,True,-17.47,-17.47,0.0,DEM,DEM,False
2024,state_senate,attorney_general,state_senate_attorney_general_2004.json,40,3366218,3366222,4,True,-37.65,-37.65,0.0,DEM,DEM,False
2024,state_senate,attorney_general,state_senate_attorney_general_2004.json,41,3366218,3366222,4,True,-51.21,-51.21,0.0,DEM,DEM,False
2024,state_senate,attorney_general,state_senate_attorney_general_2004.json,42,3366218,3366222,4,True,20.46,20.46,0.0,REP,REP,False
2024,state_senate,attorney_general,state_senate_attorney_general_2004.json,43,3366218,3366222,4,True,9.17,9.17,0.0,REP,REP,False
2024,state_senate,attorney_general,state_senate_attorney_general_2004.json,44,3366218,3366222,4,True,-1.22,-1.22,0.0,DEM,DEM,False
2024,state_senate,attorney_general,state_senate_attorney_general_2004.json,45,3366218,3366222,4,True,13.36,13.36,0.0,REP,REP,False
2024,state_senate,attorney_general,state_senate_attorney_general_2004.json,46,3366218,3366222,4,True,-6.35,-6.35,0.0,DEM,DEM,False
2024,state_senate,attorney_general,state_senate_attorney_general_2004.json,47,3366218,3366222,4,True,-0.14,-0.14,0.0,DEM,DEM,False
2024,state_senate,attorney_general,state_senate_attorney_general_2004.json,48,3366218,3366222,4,True,12.23,12.23,0.0,REP,REP,False
2024,state_senate,attorney_general,state_senate_attorney_general_2004.json,49,3366218,3366222,4,True,-18.87,-18.87,0.0,DEM,DEM,False
2024,state_senate,attorney_general,state_senate_attorney_general_2004.json,50,3366218,3366222,4,True,0.32,0.32,0.0,REP,REP,False
2024,state_senate,auditor,state_senate_auditor_2004.json,1,3295993,3295992,-1,True,-15.66,-15.66,0.0,DEM,DEM,False
2024,state_senate,auditor,state_senate_auditor_2004.json,2,3295993,3295992,-1,True,-13.44,-13.44,0.0,DEM,DEM,False
2024,state_senate,auditor,state_senate_auditor_2004.json,3,3295993,3295992,-1,True,5.98,5.98,0.0,REP,REP,False
2024,state_senate,auditor,state_senate_auditor_2004.json,4,3295993,3295992,-1,True,-3.44,-3.44,0.0,DEM,DEM,False
2024,state_senate,auditor,state_senate_auditor_2004.json,5,3295993,3295992,-1,True,-16.6,-16.6,0.0,DEM,DEM,False
2024,state_senate,auditor,state_senate_auditor_2004.json,6,3295993,3295992,-1,True,24.48,24.48,0.0,REP,REP,False
2024,state_senate,auditor,state_senate_auditor_2004.json,7,3295993,3295992,-1,True,19.38,19.38,0.0,REP,REP,False
2024,state_senate,auditor,state_senate_auditor_2004.json,8,3295993,3295992,-1,True,-11.88,-11.88,0.0,DEM,DEM,False
2024,state_senate,auditor,state_senate_auditor_2004.json,9,3295993,3295992,-1,True,-7.22,-7.22,0.0,DEM,DEM,False
2024,state_senate,auditor,state_senate_auditor_2004.json,10,3295993,3295992,-1,True,13.88,13.88,0.0,REP,REP,False
2024,state_senate,auditor,state_senate_auditor_2004.json,11,3295993,3295992,-1,True,-13.25,-13.25,0.0,DEM,DEM,False
2024,state_senate,auditor,state_senate_auditor_2004.json,12,3295993,3295992,-1,True,3.19,3.19,0.0,REP,REP,False
2024,state_senate,auditor,state_senate_auditor_2004.json,13,3295993,3295992,-1,True,7.58,7.58,0.0,REP,REP,False
2024,state_senate,auditor,state_senate_auditor_2004.json,14,3295993,3295992,-1,True,-39.14,-39.14,0.0,DEM,DEM,False
2024,state_senate,auditor,state_senate_auditor_2004.json,15,3295993,3295992,-1,True,-17.87,-17.87,0.0,DEM,DEM,False
2024,state_senate,auditor,state_senate_auditor_2004.json,16,3295993,3295992,-1,True,-4.73,-4.73,0.0,DEM,DEM,False
2024,state_senate,auditor,state_senate_auditor_2004.json,17,3295993,3295992,-1,True,9.67,9.67,0.0,REP,REP,False
2024,state_senate,auditor,state_senate_auditor_2004.json,18,3295993,3295992,-1,True,6.08,6.08,0.0,REP,REP,False
2024,state_senate,auditor,state_senate_auditor_2004.json,19,3295993,3295992,-1,True,-18.07,-18.07,0.0,DEM,DEM,False
2024,state_senate,auditor,state_senate_auditor_2004.json,20,3295993,3295992,-1,True,-32.66,-32.66,0.0,DEM,DEM,False
2024,state_senate,auditor,state_senate_auditor_2004.json,21,3295993,3295992,-1,True,10.52,10.52,0.0,REP,REP,False
2024,state_senate,auditor,state_senate_auditor_2004.json,22,3295993,3295992,-1,True,-43.15,-43.15,0.0,DEM,DEM,False
2024,state_senate,auditor,state_senate_auditor_2004.json,23,3295993,3295992,-1,True,-31.22,-31.22,0.0,DEM,DEM,False
2024,state_senate,auditor,state_senate_auditor_2004.json,24,3295993,3295992,-1,True,-35.9,-35.9,0.0,DEM,DEM,False
2024,state_senate,auditor,state_senate_auditor_2004.json,25,3295993,3295992,-1,True,17.05,17.05,0.0,REP,REP,False
2024,state_senate,auditor,state_senate_auditor_2004.json,26,3295993,3295992,-1,True,18.28,18.28,0.0,REP,REP,False
2024,state_senate,auditor,state_senate_auditor_2004.json,27,3295993,3295992,-1,True,0.0,0.0,0.0,REP,REP,False
2024,state_senate,auditor,state_senate_auditor_2004.json,28,3295993,3295992,-1,True,-40.51,-40.51,0.0,DEM,DEM,False
2024,state_senate,auditor,state_senate_auditor_2004.json,29,3295993,3295992,-1,True,7.55,7.55,0.0,REP,REP,False
2024,state_senate,auditor,state_senate_auditor_2004.json,30,3295993,3295992,-1,True,31.27,31.27,0.0,REP,REP,False
2024,state_senate,auditor,state_senate_auditor_2004.json,31,3295993,3295992,-1,True,27.22,27.22,0.0,REP,REP,False
2024,state_senate,auditor,state_senate_auditor_2004.json,32,3295993,3295992,-1,True,-23.27,-23.27,0.0,DEM,DEM,False
2024,state_senate,auditor,state_senate_auditor_2004.json,33,3295993,3295992,-1,True,23.62,23.62,0.0,REP,REP,False
2024,state_senate,auditor,state_senate_auditor_2004.json,34,3295993,3295992,-1,True,23.72,23.72,0.0,REP,REP,False
2024,state_senate,auditor,state_senate_auditor_2004.json,35,3295993,3295992,-1,True,39.39,39.39,0.0,REP,REP,False
2024,state_senate,auditor,state_senate_auditor_2004.json,36,3295993,3295992,-1,True,26.29,26.29,0.0,REP,REP,False
2024,state_senate,auditor,state_senate_auditor_2004.json,37,3295993,3295992,-1,True,25.23,25.23,0.0,REP,REP,False
2024,state_senate,auditor,state_senate_auditor_2004.json,38,3295993,3295992,-1,True,5.06,5.06,0.0,REP,REP,False
2024,state_senate,auditor,state_senate_auditor_2004.json,39,3295993,3295992,-1,True,-6.34,-6.34,0.0,DEM,DEM,False
2024,state_senate,auditor,state_senate_auditor_2004.json,40,3295993,3295992,-1,True,-29.91,-29.91,0.0,DEM,DEM,False
2024,state_senate,auditor,state_senate_auditor_2004.json,41,3295993,3295992,-1,True,-44.83,-44.83,0.0,DEM,DEM,False
2024,state_senate,auditor,state_senate_auditor_2004.json,42,3295993,3295992,-1,True,34.13,34.13,0.0,REP,REP,False
2024,state_senate,auditor,state_senate_auditor_2004.json,43,3295993,3295992,-1,True,24.89,24.89,0.0,REP,REP,False
2024,state_senate,auditor,state_senate_auditor_2004.json,44,3295993,3295992,-1,True,14.26,14.26,0.0,REP,REP,False
2024,state_senate,auditor,state_senate_auditor_2004.json,45,3295993,3295992,-1,True,28.94,28.94,0.0,REP,REP,False
2024,state_senate,auditor,state_senate_auditor_2004.json,46,3295993,3295992,-1,True,6.32,6.32,0.0,REP,REP,False
2024,state_senate,auditor,state_senate_auditor_2004.json,47,3295993,3295992,-1,True,9.4,9.4,0.0,REP,REP,False
2024,state_senate,auditor,state_senate_auditor_2004.json,48,3295993,3295992,-1,True,20.77,20.77,0.0,REP,REP,False
2024,state_senate,auditor,state_senate_auditor_2004.json,49,3295993,3295992,-1,True,-7.02,-7.02,0.0,DEM,DEM,False
2024,state_senate,auditor,state_senate_auditor_2004.json,50,3295993,3295992,-1,True,7.8,7.8,0.0,REP,REP,False
2024,state_senate,governor,state_senate_governor_2004.json,1,3486688,3486685,-3,True,-25.85,-25.85,0.0,DEM,DEM,False
2024,state_senate,governor,state_senate_governor_2004.json,2,3486688,3486685,-3,True,-24.92,-24.92,0.0,DEM,DEM,False
2024,state_senate,governor,state_senate_governor_2004.json,3,3486688,3486685,-3,True,-8.91,-8.91,0.0,DEM,DEM,False
2024,state_senate,governor,state_senate_governor_2004.json,4,3486688,3486685,-3,True,-11.07,-11.07,0.0,DEM,DEM,False
2024,state_senate,governor,state_senate_governor_2004.json,5,3486688,3486685,-3,True,-27.03,-27.03,0.0,DEM,DEM,False
2024,state_senate,governor,state_senate_governor_2004.json,6,3486688,3486685,-3,True,3.89,3.89,0.0,REP,REP,False
2024,state_senate,governor,state_senate_governor_2004.json,7,3486688,3486685,-3,True,-1.68,-1.68,0.0,DEM,DEM,False
2024,state_senate,governor,state_senate_governor_2004.json,8,3486688,3486685,-3,True,-24.58,-24.58,0.0,DEM,DEM,False
2024,state_senate,governor,state_senate_governor_2004.json,9,3486688,3486685,-3,True,-16.8,-16.8,0.0,DEM,DEM,False
2024,state_senate,governor,state_senate_governor_2004.json,10,3486688,3486685,-3,True,2.54,2.54,0.0,REP,REP,False
2024,state_senate,governor,state_senate_governor_2004.json,11,3486688,3486685,-3,True,-26.68,-26.68,0.0,DEM,DEM,False
2024,state_senate,governor,state_senate_governor_2004.json,12,3486688,3486685,-3,True,-7.78,-7.78,0.0,DEM,DEM,False
2024,state_senate,governor,state_senate_governor_2004.json,13,3486688,3486685,-3,True,-5.53,-5.53,0.0,DEM,DEM,False
2024,state_senate,governor,state_senate_governor_2004.json,14,3486688,3486685,-3,True,-44.24,-44.24,0.0,DEM,DEM,False
2024,state_senate,governor,state_senate_governor_2004.json,15,3486688,3486685,-3,True,-27.62,-27.62,0.0,DEM,DEM,False
2024,state_senate,governor,state_senate_governor_2004.json,16,3486688,3486685,-3,True,-20.6,-20.6,0.0,DEM,DEM,False
2024,state_senate,governor,state_senate_governor_2004.json,17,3486688,3486685,-3,True,-10.92,-10.92,0.0,DEM,DEM,False
2024,state_senate,governor,state_senate_governor_2004.json,18,3486688,3486685,-3,True,-9.45,-9.45,0.0,DEM,DEM,False
2024,state_senate,governor,state_senate_governor_2004.json,19,3486688,3486685,-3,True,-30.11,-30.11,0.0,DEM,DEM,False
2024,state_senate,governor,state_senate_governor_2004.json,20,3486688,3486685,-3,True,-38.2,-38.2,0.0,DEM,DEM,False
2024,state_senate,governor,state_senate_governor_2004.json,21,3486688,3486685,-3,True,-5.24,-5.24,0.0,DEM,DEM,False
2024,state_senate,governor,state_senate_governor_2004.json,22,3486688,3486685,-3,True,-46.78,-46.78,0.0,DEM,DEM,False
2024,state_senate,governor,state_senate_governor_2004.json,23,3486688,3486685,-3,True,-39.11,-39.11,0.0,DEM,DEM,False
2024,state_senate,governor,state_senate_governor_2004.json,24,3486688,3486685,-3,True,-37.17,-37.17,0.0,DEM,DEM,False
2024,state_senate,governor,state_senate_governor_2004.json,25,3486688,3486685,-3,True,1.28,1.28,0.0,REP,REP,False
2024,state_senate,governor,state_senate_governor_2004.json,26,3486688,3486685,-3,True,-2.25,-2.25,0.0,DEM,DEM,False
2024,state_senate,governor,state_senate_governor_2004.json,27,3486688,3486685,-3,True,-16.94,-16.94,0.0,DEM,DEM,False
2024,state_senate,governor,state_senate_governor_2004.json,28,3486688,3486685,-3,True,-47.45,-47.45,0.0,DEM,DEM,False
2024,state_senate,governor,state_senate_governor_2004.json,29,3486688,3486685,-3,True,-5.3,-5.3,0.0,DEM,DEM,False
2024,state_senate,governor,state_senate_governor_2004.json,30,3486688,3486685,-3,True,9.72,9.72,0.0,REP,REP,False
2024,state_senate,governor,state_senate_governor_2004.json,31,3486688,3486685,-3,True,6.75,6.75,0.0,REP,REP,False
2024,state_senate,governor,state_senate_governor_2004.json,32,3486688,3486685,-3,True,-31.67,-31.67,0.0,DEM,DEM,False
2024,state_senate,governor,state_senate_governor_2004.json,33,3486688,3486685,-3,True,4.61,4.61,0.0,REP,REP,False
2024,state_senate,governor,state_senate_governor_2004.json,34,3486688,3486685,-3,True,1.79,1.79,0.0,REP,REP,False
2024,state_senate,governor,state_senate_governor_2004.json,35,3486688,3486685,-3,True,20.47,20.47,0.0,REP,REP,False
2024,state_senate,governor,state_senate_governor_2004.json,36,3486688,3486685,-3,True,7.39,7.39,0.0,REP,REP,False
2024,state_senate,governor,state_senate_governor_2004.json,37,3486688,3486685,-3,True,5.56,5.56,0.0,REP,REP,False
2024,state_senate,governor,state_senate_governor_2004.json,38,3486688,3486685,-3,True,-11.39,-11.39,0.0,DEM,DEM,False
2024,state_senate,governor,state_senate_governor_2004.json,39,3486688,3486685,-3,True,-21.06,-21.06,0.0,DEM,DEM,False
2024,state_senate,governor,state_senate_governor_2004.json,40,3486688,3486685,-3,True,-38.52,-38.52,0.0,DEM,DEM,False
2024,state_senate,governor,state_senate_governor_2004.json,41,3486688,3486685,-3,True,-51.73,-51.73,0.0,DEM,DEM,False
2024,state_senate,governor,state_senate_governor_2004.json,42,3486688,3486685,-3,True,13.22,13.22,0.0,REP,REP,False
2024,state_senate,governor,state_senate_governor_2004.json,43,3486688,3486685,-3,True,7.97,7.97,0.0,REP,REP,False
2024,state_senate,governor,state_senate_governor_2004.json,44,3486688,3486685,-3,True,-1.92,-1.92,0.0,DEM,DEM,False
2024,state_senate,governor,state_senate_governor_2004.json,45,3486688,3486685,-3,True,8.98,8.98,0.0,REP,REP,False
2024,state_senate,governor,state_senate_governor_2004.json,46,3486688,3486685,-3,True,-4.03,-4.03,0.0,DEM,DEM,False
2024,state_senate,governor,state_senate_governor_2004.json,47,3486688,3486685,-3,True,-1.87,-1.87,0.0,DEM,DEM,False
2024,state_senate,governor,state_senate_governor_2004.json,48,3486688,3486685,-3,True,3.6,3.6,0.0,REP,REP,False
2024,state_senate,governor,state_senate_governor_2004.json,49,3486688,3486685,-3,True,-18.14,-18.14,0.0,DEM,DEM,False
2024,state_senate,governor,state_senate_governor_2004.json,50,3486688,3486685,-3,True,-5.07,-5.07,0.0,DEM,DEM,False
2024,state_senate,insurance_commissioner,state_senate_insurance_commissioner_2004.json,1,3355474,3355474,0,True,-29.28,-29.28,0.0,DEM,DEM,False
2024,state_senate,insurance_commissioner,state_senate_insurance_commissioner_2004.json,2,3355474,3355474,0,True,-32.96,-32.96,0.0,DEM,DEM,False
2024,state_senate,insurance_commissioner,state_senate_insurance_commissioner_2004.json,3,3355474,3355474,0,True,-16.56,-16.56,0.0,DEM,DEM,False
2024,state_senate,insurance_commissioner,state_senate_insurance_commissioner_2004.json,4,3355474,3355474,0,True,-22.0,-22.0,0.0,DEM,DEM,False
2024,state_senate,insurance_commissioner,state_senate_insurance_commissioner_2004.json,5,3355474,3355474,0,True,-32.24,-32.24,0.0,DEM,DEM,False
2024,state_senate,insurance_commissioner,state_senate_insurance_commissioner_2004.json,6,3355474,3355474,0,True,3.95,3.95,0.0,REP,REP,False
2024,state_senate,insurance_commissioner,state_senate_insurance_commissioner_2004.json,7,3355474,3355474,0,True,-6.11,-6.11,0.0,DEM,DEM,False
2024,state_senate,insurance_commissioner,state_senate_insurance_commissioner_2004.json,8,3355474,3355474,0,True,-29.37,-29.37,0.0,DEM,DEM,False
2024,state_senate,insurance_commissioner,state_senate_insurance_commissioner_2004.json,9,3355474,3355474,0,True,-26.65,-26.65,0.0,DEM,DEM,False
2024,state_senate,insurance_commissioner,state_senate_insurance_commissioner_2004.json,10,3355474,3355474,0,True,-8.78,-8.78,0.0,DEM,DEM,False
2024,state_senate,insurance_commissioner,state_senate_insurance_commissioner_2004.json,11,3355474,3355474,0,True,-33.08,-33.08,0.0,DEM,DEM,False
2024,state_senate,insurance_commissioner,state_senate_insurance_commissioner_2004.json,12,3355474,3355474,0,True,-17.16,-17.16,0.0,DEM,DEM,False
2024,state_senate,insurance_commissioner,state_senate_insurance_commissioner_2004.json,13,3355474,3355474,0,True,-13.56,-13.56,0.0,DEM,DEM,False
2024,state_senate,insurance_commissioner,state_senate_insurance_commissioner_2004.json,14,3355474,3355474,0,True,-51.49,-51.49,0.0,DEM,DEM,False
2024,state_senate,insurance_commissioner,state_senate_insurance_commissioner_2004.json,15,3355474,3355474,0,True,-34.94,-34.94,0.0,DEM,DEM,False
2024,state_senate,insurance_commissioner,state_senate_insurance_commissioner_2004.json,16,3355474,3355474,0,True,-22.64,-22.64,0.0,DEM,DEM,False
2024,state_senate,insurance_commissioner,state_senate_insurance_commissioner_2004.json,17,3355474,3355474,0,True,-7.35,-7.35,0.0,DEM,DEM,False
2024,state_senate,insurance_commissioner,state_senate_insurance_commissioner_2004.json,18,3355474,3355474,0,True,-13.44,-13.44,0.0,DEM,DEM,False
2024,state_senate,insurance_commissioner,state_senate_insurance_commissioner_2004.json,19,3355474,3355474,0,True,-30.46,-30.46,0.0,DEM,DEM,False
2024,state_senate,insurance_commissioner,state_senate_insurance_commissioner_2004.json,20,3355474,3355474,0,True,-45.02,-45.02,0.0,DEM,DEM,False
2024,state_senate,insurance_commissioner,state_senate_insurance_commissioner_2004.json,21,3355474,3355474,0,True,-4.51,-4.51,0.0,DEM,DEM,False
2024,state_senate,insurance_commissioner,state_senate_insurance_commissioner_2004.json,22,3355474,3355474,0,True,-54.64,-54.64,0.0,DEM,DEM,False
2024,state_senate,insurance_commissioner,state_senate_insurance_commissioner_2004.json,23,3355474,3355474,0,True,-45.55,-45.55,0.0,DEM,DEM,False
2024,state_senate,insurance_commissioner,state_senate_insurance_commissioner_2004.json,24,3355474,3355474,0,True,-50.77,-50.77,0.0,DEM,DEM,False
2024,state_senate,insurance_commissioner,state_senate_insurance_commissioner_2004.json,25,3355474,3355474,0,True,-10.94,-10.94,0.0,DEM,DEM,False
2024,state_senate,insurance_commissioner,state_senate_insurance_commissioner_2004.json,26,3355474,3355474,0,True,-4.3,-4.3,0.0,DEM,DEM,False
2024,state_senate,insurance_commissioner,state_senate_insurance_commissioner_2004.json,27,3355474,3355474,0,True,-16.45,-16.45,0.0,DEM,DEM,False
2024,state_senate,insurance_commissioner,state_senate_insurance_commissioner_2004.json,28,3355474,3355474,0,True,-50.92,-50.92,0.0,DEM,DEM,False
2024,state_senate,insurance_commissioner,state_senate_insurance_commissioner_2004.json,29,3355474,3355474,0,True,-9.36,-9.36,0.0,DEM,DEM,False
2024,state_senate,insurance_commissioner,state_senate_insurance_commissioner_2004.json,30,3355474,3355474,0,True,10.99,10.99,0.0,REP,REP,False
2024,state_senate,insurance_commissioner,state_senate_insurance_commissioner_2004.json,31,3355474,3355474,0,True,5.81,5.81,0.0,REP,REP,False
2024,state_senate,insurance_commissioner,state_senate_insurance_commissioner_2004.json,32,3355474,3355474,0,True,-35.42,-35.42,0.0,DEM,DEM,False
2024,state_senate,insurance_commissioner,state_senate_insurance_commissioner_2004.json,33,3355474,3355474,0,True,5.12,5.12,0.0,REP,REP,False
2024,state_senate,insurance_commissioner,state_senate_insurance_commissioner_2004.json,34,3355474,3355474,0,True,8.05,8.05,0.0,REP,REP,False
2024,state_senate,insurance_commissioner,state_senate_insurance_commissioner_2004.json,35,3355474,3355474,0,True,26.58,26.58,0.0,REP,REP,False
2024,state_senate,insurance_commissioner,state_senate_insurance_commissioner_2004.json,36,3355474,3355474,0,True,7.41,7.41,0.0,REP,REP,False
2024,state_senate,insurance_commissioner,state_senate_insurance_commissioner_2004.json,37,3355474,3355474,0,True,18.64,18.64,0.0,REP,REP,False
2024,state_senate,insurance_commissioner,state_senate_insurance_commissioner_2004.json,38,3355474,3355474,0,True,-4.03,-4.03,0.0,DEM,DEM,False
2024,state_senate,insurance_commissioner,state_senate_insurance_commissioner_2004.json,39,3355474,3355474,0,True,-16.31,-16.31,0.0,DEM,DEM,False
2024,state_senate,insurance_commissioner,state_senate_insurance_commissioner_2004.json,40,3355474,3355474,0,True,-37.08,-37.08,0.0,DEM,DEM,False
2024,state_senate,insurance_commissioner,state_senate_insurance_commissioner_2004.json,41,3355474,3355474,0,True,-50.04,-50.04,0.0,DEM,DEM,False
2024,state_senate,insurance_commissioner,state_senate_insurance_commissioner_2004.json,42,3355474,3355474,0,True,21.69,21.69,0.0,REP,REP,False
2024,state_senate,insurance_commissioner,state_senate_insurance_commissioner_2004.json,43,3355474,3355474,0,True,6.64,6.64,0.0,REP,REP,False
2024,state_senate,insurance_commissioner,state_senate_insurance_commissioner_2004.json,44,3355474,3355474,0,True,-3.94,-3.94,0.0,DEM,DEM,False
2024,state_senate,insurance_commissioner,state_senate_insurance_commissioner_2004.json,45,3355474,3355474,0,True,14.56,14.56,0.0,REP,REP,False
2024,state_senate,insurance_commissioner,state_senate_insurance_commissioner_2004.json,46,3355474,3355474,0,True,-8.69,-8.69,0.0,DEM,DEM,False
2024,state_senate,insurance_commissioner,state_senate_insurance_commissioner_2004.json,47,3355474,3355474,0,True,-4.21,-4.21,0.0,DEM,DEM,False
2024,state_senate,insurance_commissioner,state_senate_insurance_commissioner_2004.json,48,3355474,3355474,0,True,6.63,6.63,0.0,REP,REP,False
2024,state_senate,insurance_commissioner,state_senate_insurance_commissioner_2004.json,49,3355474,3355474,0,True,-21.59,-21.59,0.0,DEM,DEM,False
2024,state_senate,insurance_commissioner,state_senate_insurance_commissioner_2004.json,50,3355474,3355474,0,True,-4.79,-4.79,0.0,DEM,DEM,False
2024,state_senate,labor_commissioner,state_senate_labor_commissioner_2004.json,1,3307492,3307493,1,True,-16.66,-16.66,0.0,DEM,DEM,False
2024,state_senate,labor_commissioner,state_senate_labor_commissioner_2004.json,2,3307492,3307493,1,True,-13.06,-13.06,0.0,DEM,DEM,False
2024,state_senate,labor_commissioner,state_senate_labor_commissioner_2004.json,3,3307492,3307493,1,True,6.88,6.88,0.0,REP,REP,False
2024,state_senate,labor_commissioner,state_senate_labor_commissioner_2004.json,4,3307492,3307493,1,True,-0.2,-0.2,0.0,DEM,DEM,False
2024,state_senate,labor_commissioner,state_senate_labor_commissioner_2004.json,5,3307492,3307493,1,True,-13.93,-13.93,0.0,DEM,DEM,False
2024,state_senate,labor_commissioner,state_senate_labor_commissioner_2004.json,6,3307492,3307493,1,True,21.29,21.29,0.0,REP,REP,False
2024,state_senate,labor_commissioner,state_senate_labor_commissioner_2004.json,7,3307492,3307493,1,True,17.05,17.05,0.0,REP,REP,False
2024,state_senate,labor_commissioner,state_senate_labor_commissioner_2004.json,8,3307492,3307493,1,True,-11.07,-11.07,0.0,DEM,DEM,False
2024,state_senate,labor_commissioner,state_senate_labor_commissioner_2004.json,9,3307492,3307493,1,True,-6.7,-6.7,0.0,DEM,DEM,False
2024,state_senate,labor_commissioner,state_senate_labor_commissioner_2004.json,10,3307492,3307493,1,True,21.86,21.86,0.0,REP,REP,False
2024,state_senate,labor_commissioner,state_senate_labor_commissioner_2004.json,11,3307492,3307493,1,True,-8.61,-8.61,0.0,DEM,DEM,False
2024,state_senate,labor_commissioner,state_senate_labor_commissioner_2004.json,12,3307492,3307493,1,True,6.59,6.59,0.0,REP,REP,False
2024,state_senate,labor_commissioner,state_senate_labor_commissioner_2004.json,13,3307492,3307493,1,True,16.72,16.72,0.0,REP,REP,False
2024,state_senate,labor_commissioner,state_senate_labor_commissioner_2004.json,14,3307492,3307493,1,True,-34.19,-34.19,0.0,DEM,DEM,False
2024,state_senate,labor_commissioner,state_senate_labor_commissioner_2004.json,15,3307492,3307493,1,True,-6.95,-6.95,0.0,DEM,DEM,False
2024,state_senate,labor_commissioner,state_senate_labor_commissioner_2004.json,16,3307492,3307493,1,True,5.53,5.53,0.0,REP,REP,False
2024,state_senate,labor_commissioner,state_senate_labor_commissioner_2004.json,17,3307492,3307493,1,True,15.9,15.9,0.0,REP,REP,False
2024,state_senate,labor_commissioner,state_senate_labor_commissioner_2004.json,18,3307492,3307493,1,True,13.02,13.02,0.0,REP,REP,False
2024,state_senate,labor_commissioner,state_senate_labor_commissioner_2004.json,19,3307492,3307493,1,True,-13.87,-13.87,0.0,DEM,DEM,False
2024,state_senate,labor_commissioner,state_senate_labor_commissioner_2004.json,20,3307492,3307493,1,True,-28.14,-28.14,0.0,DEM,DEM,False
2024,state_senate,labor_commissioner,state_senate_labor_commissioner_2004.json,21,3307492,3307493,1,True,14.0,14.0,0.0,REP,REP,False
2024,state_senate,labor_commissioner,state_senate_labor_commissioner_2004.json,22,3307492,3307493,1,True,-39.93,-39.93,0.0,DEM,DEM,False
2024,state_senate,labor_commissioner,state_senate_labor_commissioner_2004.json,23,3307492,3307493,1,True,-27.69,-27.69,0.0,DEM,DEM,False
2024,state_senate,labor_commissioner,state_senate_labor_commissioner_2004.json,24,3307492,3307493,1,True,-30.67,-30.67,0.0,DEM,DEM,False
2024,state_senate,labor_commissioner,state_senate_labor_commissioner_2004.json,25,3307492,3307493,1,True,19.27,19.27,0.0,REP,REP,False
2024,state_senate,labor_commissioner,state_senate_labor_commissioner_2004.json,26,3307492,3307493,1,True,19.07,19.07,0.0,REP,REP,False
2024,state_senate,labor_commissioner,state_senate_labor_commissioner_2004.json,27,3307492,3307493,1,True,3.13,3.13,0.0,REP,REP,False
2024,state_senate,labor_commissioner,state_senate_labor_commissioner_2004.json,28,3307492,3307493,1,True,-37.51,-37.51,0.0,DEM,DEM,False
2024,state_senate,labor_commissioner,state_senate_labor_commissioner_2004.json,29,3307492,3307493,1,True,4.72,4.72,0.0,REP,REP,False
2024,state_senate,labor_commissioner,state_senate_labor_commissioner_2004.json,30,3307492,3307493,1,True,32.58,32.58,0.0,REP,REP,False
2024,state_senate,labor_commissioner,state_senate_labor_commissioner_2004.json,31,3307492,3307493,1,True,30.72,30.72,0.0,REP,REP,False
2024,state_senate,labor_commissioner,state_senate_labor_commissioner_2004.json,32,3307492,3307493,1,True,-16.61,-16.61,0.0,DEM,DEM,False
2024,state_senate,labor_commissioner,state_senate_labor_commissioner_2004.json,33,3307492,3307493,1,True,26.38,26.38,0.0,REP,REP,False
2024,state_senate,labor_commissioner,state_senate_labor_commissioner_2004.json,34,3307492,3307493,1,True,27.09,27.09,0.0,REP,REP,False
2024,state_senate,labor_commissioner,state_senate_labor_commissioner_2004.json,35,3307492,3307493,1,True,39.93,39.93,0.0,REP,REP,False
2024,state_senate,labor_commissioner,state_senate_labor_commissioner_2004.json,36,3307492,3307493,1,True,28.57,28.57,0.0,REP,REP,False
2024,state_senate,labor_commissioner,state_senate_labor_commissioner_2004.json,37,3307492,3307493,1,True,28.51,28.51,0.0,REP,REP,False
2024,state_senate,labor_commissioner,state_senate_labor_commissioner_2004.json,38,3307492,3307493,1,True,6.23,6.23,0.0,REP,REP,False
2024,state_senate,labor_commissioner,state_senate_labor_commissioner_2004.json,39,3307492,3307493,1,True,-2.84,-2.84,0.0,DEM,DEM,False
2024,state_senate,labor_commissioner,state_senate_labor_commissioner_2004.json,40,3307492,3307493,1,True,-26.95,-26.95,0.0,DEM,DEM,False
2024,state_senate,labor_commissioner,state_senate_labor_commissioner_2004.json,41,3307492,3307493,1,True,-41.29,-41.29,0.0,DEM,DEM,False
2024,state_senate,labor_commissioner,state_senate_labor_commissioner_2004.json,42,3307492,3307493,1,True,38.36,38.36,0.0,REP,REP,False
2024,state_senate,labor_commissioner,state_senate_labor_commissioner_2004.json,43,3307492,3307493,1,True,30.62,30.62,0.0,REP,REP,False
2024,state_senate,labor_commissioner,state_senate_labor_commissioner_2004.json,44,3307492,3307493,1,True,19.12,19.12,0.0,REP,REP,False
2024,state_senate,labor_commissioner,state_senate_labor_commissioner_2004.json,45,3307492,3307493,1,True,35.47,35.47,0.0,REP,REP,False
2024,state_senate,labor_commissioner,state_senate_labor_commissioner_2004.json,46,3307492,3307493,1,True,10.55,10.55,0.0,REP,REP,False
2024,state_senate,labor_commissioner,state_senate_labor_commissioner_2004.json,47,3307492,3307493,1,True,12.07,12.07,0.0,REP,REP,False
2024,state_senate,labor_commissioner,state_senate_labor_commissioner_2004.json,48,3307492,3307493,1,True,21.56,21.56,0.0,REP,REP,False
2024,state_senate,labor_commissioner,state_senate_labor_commissioner_2004.json,49,3307492,3307493,1,True,-2.75,-2.75,0.0,DEM,DEM,False
2024,state_senate,labor_commissioner,state_senate_labor_commissioner_2004.json,50,3307492,3307493,1,True,7.86,7.86,0.0,REP,REP,False
2024,state_senate,lieutenant_governor,state_senate_lieutenant_governor_2004.json,1,3398470,3398471,1,True,-24.31,-24.31,0.0,DEM,DEM,False
2024,state_senate,lieutenant_governor,state_senate_lieutenant_governor_2004.json,2,3398470,3398471,1,True,-37.26,-37.26,0.0,DEM,DEM,False
2024,state_senate,lieutenant_governor,state_senate_lieutenant_governor_2004.json,3,3398470,3398471,1,True,-24.53,-24.53,0.0,DEM,DEM,False
2024,state_senate,lieutenant_governor,state_senate_lieutenant_governor_2004.json,4,3398470,3398471,1,True,-19.67,-19.67,0.0,DEM,DEM,False
2024,state_senate,lieutenant_governor,state_senate_lieutenant_governor_2004.json,5,3398470,3398471,1,True,-32.29,-32.29,0.0,DEM,DEM,False
2024,state_senate,lieutenant_governor,state_senate_lieutenant_governor_2004.json,6,3398470,3398471,1,True,-7.85,-7.85,0.0,DEM,DEM,False
2024,state_senate,lieutenant_governor,state_senate_lieutenant_governor_2004.json,7,3398470,3398471,1,True,-5.22,-5.22,0.0,DEM,DEM,False
2024,state_senate,lieutenant_governor,state_senate_lieutenant_governor_2004.json,8,3398470,3398471,1,True,-27.75,-27.75,0.0,DEM,DEM,False
2024,state_senate,lieutenant_governor,state_senate_lieutenant_governor_2004.json,9,3398470,3398471,1,True,-24.99,-24.99,0.0,DEM,DEM,False
2024,state_senate,lieutenant_governor,state_senate_lieutenant_governor_2004.json,10,3398470,3398471,1,True,-4.08,-4.08,0.0,DEM,DEM,False
2024,state_senate,lieutenant_governor,state_senate_lieutenant_governor_2004.json,11,3398470,3398471,1,True,-29.75,-29.75,0.0,DEM,DEM,False
2024,state_senate,lieutenant_governor,state_senate_lieutenant_governor_2004.json,12,3398470,3398471,1,True,-15.11,-15.11,0.0,DEM,DEM,False
2024,state_senate,lieutenant_governor,state_senate_lieutenant_governor_2004.json,13,3398470,3398471,1,True,-9.43,-9.43,0.0,DEM,DEM,False
2024,state_senate,lieutenant_governor,state_senate_lieutenant_governor_2004.json,14,3398470,3398471,1,True,-48.93,-48.93,0.0,DEM,DEM,False
2024,state_senate,lieutenant_governor,state_senate_lieutenant_governor_2004.json,15,3398470,3398471,1,True,-31.59,-31.59,0.0,DEM,DEM,False
2024,state_senate,lieutenant_governor,state_senate_lieutenant_governor_2004.json,16,3398470,3398471,1,True,-21.52,-21.52,0.0,DEM,DEM,False
2024,state_senate,lieutenant_governor,state_senate_lieutenant_governor_2004.json,17,3398470,3398471,1,True,-9.61,-9.61,0.0,DEM,DEM,False
2024,state_senate,lieutenant_governor,state_senate_lieutenant_governor_2004.json,18,3398470,3398471,1,True,-11.29,-11.29,0.0,DEM,DEM,False
2024,state_senate,lieutenant_governor,state_senate_lieutenant_governor_2004.json,19,3398470,3398471,1,True,-32.79,-32.79,0.0,DEM,DEM,False
2024,state_senate,lieutenant_governor,state_senate_lieutenant_governor_2004.json,20,3398470,3398471,1,True,-42.86,-42.86,0.0,DEM,DEM,False
2024,state_senate,lieutenant_governor,state_senate_lieutenant_governor_2004.json,21,3398470,3398471,1,True,-6.26,-6.26,0.0,DEM,DEM,False
2024,state_senate,lieutenant_governor,state_senate_lieutenant_governor_2004.json,22,3398470,3398471,1,True,-51.37,-51.37,0.0,DEM,DEM,False
2024,state_senate,lieutenant_governor,state_senate_lieutenant_governor_2004.json,23,3398470,3398471,1,True,-42.0,-42.0,0.0,DEM,DEM,False
2024,state_senate,lieutenant_governor,state_senate_lieutenant_governor_2004.json,24,3398470,3398471,1,True,-42.68,-42.68,0.0,DEM,DEM,False
2024,state_senate,lieutenant_governor,state_senate_lieutenant_governor_2004.json,25,3398470,3398471,1,True,2.36,2.36,0.0,REP,REP,False
2024,state_senate,lieutenant_governor,state_senate_lieutenant_governor_2004.json,26,3398470,3398471,1,True,4.86,4.86,0.0,REP,REP,False
2024,state_senate,lieutenant_governor,state_senate_lieutenant_governor_2004.json,27,3398470,3398471,1,True,-9.45,-9.45,0.0,DEM,DEM,False
2024,state_senate,lieutenant_governor,state_senate_lieutenant_governor_2004.json,28,3398470,3398471,1,True,-45.41,-45.41,0.0,DEM,DEM,False
2024,state_senate,lieutenant_governor,state_senate_lieutenant_governor_2004.json,29,3398470,3398471,1,True,-4.74,-4.74,0.0,DEM,DEM,False
2024,state_senate,lieutenant_governor,state_senate_lieutenant_governor_2004.json,30,3398470,3398471,1,True,24.5,24.5,0.0,REP,REP,False
2024,state_senate,lieutenant_governor,state_senate_lieutenant_governor_2004.json,31,3398470,3398471,1,True,13.04,13.04,0.0,REP,REP,False
2024,state_senate,lieutenant_governor,state_senate_lieutenant_governor_2004.json,32,3398470,3398471,1,True,-31.19,-31.19,0.0,DEM,DEM,False
2024,state_senate,lieutenant_governor,state_senate_lieutenant_governor_2004.json,33,3398470,3398471,1,True,8.79,8.79,0.0,REP,REP,False
2024,state_senate,lieutenant_governor,state_senate_lieutenant_governor_2004.json,34,3398470,3398471,1,True,8.36,8.36,0.0,REP,REP,False
2024,state_senate,lieutenant_governor,state_senate_lieutenant_governor_2004.json,35,3398470,3398471,1,True,27.44,27.44,0.0,REP,REP,False
2024,state_senate,lieutenant_governor,state_senate_lieutenant_governor_2004.json,36,3398470,3398471,1,True,12.15,12.15,0.0,REP,REP,False
2024,state_senate,lieutenant_governor,state_senate_lieutenant_governor_2004.json,37,3398470,3398471,1,True,11.83,11.83,0.0,REP,REP,False
2024,state_senate,lieutenant_governor,state_senate_lieutenant_governor_2004.json,38,3398470,3398471,1,True,-7.26,-7.26,0.0,DEM,DEM,False
2024,state_senate,lieutenant_governor,state_senate_lieutenant_governor_2004.json,39,3398470,3398471,1,True,-18.15,-18.15,0.0,DEM,DEM,False
2024,state_senate,lieutenant_governor,state_senate_lieutenant_governor_2004.json,40,3398470,3398471,1,True,-37.44,-37.44,0.0,DEM,DEM,False
2024,state_senate,lieutenant_governor,state_senate_lieutenant_governor_2004.json,41,3398470,3398471,1,True,-50.53,-50.53,0.0,DEM,DEM,False
2024,state_senate,lieutenant_governor,state_senate_lieutenant_governor_2004.json,42,3398470,3398471,1,True,18.27,18.27,0.0,REP,REP,False
2024,state_senate,lieutenant_governor,state_senate_lieutenant_governor_2004.json,43,3398470,3398471,1,True,11.68,11.68,0.0,REP,REP,False
2024,state_senate,lieutenant_governor,state_senate_lieutenant_governor_2004.json,44,3398470,3398471,1,True,-0.6,-0.6,0.0,DEM,DEM,False
2024,state_senate,lieutenant_governor,state_senate_lieutenant_governor_2004.json,45,3398470,3398471,1,True,13.9,13.9,0.0,REP,REP,False
2024,state_senate,lieutenant_governor,state_senate_lieutenant_governor_2004.json,46,3398470,3398471,1,True,-3.82,-3.82,0.0,DEM,DEM,False
2024,state_senate,lieutenant_governor,state_senate_lieutenant_governor_2004.json,47,3398470,3398471,1,True,1.4,1.4,0.0,REP,REP,False
2024,state_senate,lieutenant_governor,state_senate_lieutenant_governor_2004.json,48,3398470,3398471,1,True,10.52,10.52,0.0,REP,REP,False
2024,state_senate,lieutenant_governor,state_senate_lieutenant_governor_2004.json,49,3398470,3398471,1,True,-16.48,-16.48,0.0,DEM,DEM,False
2024,state_senate,lieutenant_governor,state_senate_lieutenant_governor_2004.json,50,3398470,3398471,1,True,-1.13,-1.13,0.0,DEM,DEM,False
2024,state_senate,nc_court_of_appeals_judge_seat_04,state_senate_nc_court_of_appeals_judge_seat_04_2004.json,1,2632583,2632585,2,True,-20.03,-20.03,0.0,DEM,DEM,False
2024,state_senate,nc_court_of_appeals_judge_seat_04,state_senate_nc_court_of_appeals_judge_seat_04_2004.json,2,2632583,2632585,2,True,-21.64,-21.64,0.0,DEM,DEM,False
2024,state_senate,nc_court_of_appeals_judge_seat_04,state_senate_nc_court_of_appeals_judge_seat_04_2004.json,3,2632583,2632585,2,True,-7.42,-7.42,0.0,DEM,DEM,False
2024,state_senate,nc_court_of_appeals_judge_seat_04,state_senate_nc_court_of_appeals_judge_seat_04_2004.json,4,2632583,2632585,2,True,-8.13,-8.13,0.0,DEM,DEM,False
2024,state_senate,nc_court_of_appeals_judge_seat_04,state_senate_nc_court_of_appeals_judge_seat_04_2004.json,5,2632583,2632585,2,True,-20.97,-20.97,0.0,DEM,DEM,False
2024,state_senate,nc_court_of_appeals_judge_seat_04,state_senate_nc_court_of_appeals_judge_seat_04_2004.json,6,2632583,2632585,2,True,-6.86,-6.86,0.0,DEM,DEM,False
2024,state_senate,nc_court_of_appeals_judge_seat_04,state_senate_nc_court_of_appeals_judge_seat_04_2004.json,7,2632583,2632585,2,True,-6.7,-6.7,0.0,DEM,DEM,False
2024,state_senate,nc_court_of_appeals_judge_seat_04,state_senate_nc_court_of_appeals_judge_seat_04_2004.json,8,2632583,2632585,2,True,-26.76,-26.76,0.0,DEM,DEM,False
2024,state_senate,nc_court_of_appeals_judge_seat_04,state_senate_nc_court_of_appeals_judge_seat_04_2004.json,9,2632583,2632585,2,True,-14.5,-14.5,0.0,DEM,DEM,False
2024,state_senate,nc_court_of_appeals_judge_seat_04,state_senate_nc_court_of_appeals_judge_seat_04_2004.json,10,2632583,2632585,2,True,-0.45,-0.45,0.0,DEM,DEM,False
2024,state_senate,nc_court_of_appeals_judge_seat_04,state_senate_nc_court_of_appeals_judge_seat_04_2004.json,11,2632583,2632585,2,True,-16.48,-16.48,0.0,DEM,DEM,False
2024,state_senate,nc_court_of_appeals_judge_seat_04,state_senate_nc_court_of_appeals_judge_seat_04_2004.json,12,2632583,2632585,2,True,-11.29,-11.29,0.0,DEM,DEM,False
2024,state_senate,nc_court_of_appeals_judge_seat_04,state_senate_nc_court_of_appeals_judge_seat_04_2004.json,13,2632583,2632585,2,True,-7.32,-7.32,0.0,DEM,DEM,False
2024,state_senate,nc_court_of_appeals_judge_seat_04,state_senate_nc_court_of_appeals_judge_seat_04_2004.json,14,2632583,2632585,2,True,-44.08,-44.08,0.0,DEM,DEM,False
2024,state_senate,nc_court_of_appeals_judge_seat_04,state_senate_nc_court_of_appeals_judge_seat_04_2004.json,15,2632583,2632585,2,True,-26.46,-26.46,0.0,DEM,DEM,False
2024,state_senate,nc_court_of_appeals_judge_seat_04,state_senate_nc_court_of_appeals_judge_seat_04_2004.json,16,2632583,2632585,2,True,-17.35,-17.35,0.0,DEM,DEM,False
2024,state_senate,nc_court_of_appeals_judge_seat_04,state_senate_nc_court_of_appeals_judge_seat_04_2004.json,17,2632583,2632585,2,True,-10.45,-10.45,0.0,DEM,DEM,False
2024,state_senate,nc_court_of_appeals_judge_seat_04,state_senate_nc_court_of_appeals_judge_seat_04_2004.json,18,2632583,2632585,2,True,-8.56,-8.56,0.0,DEM,DEM,False
2024,state_senate,nc_court_of_appeals_judge_seat_04,state_senate_nc_court_of_appeals_judge_seat_04_2004.json,19,2632583,2632585,2,True,-32.16,-32.16,0.0,DEM,DEM,False
2024,state_senate,nc_court_of_appeals_judge_seat_04,state_senate_nc_court_of_appeals_judge_seat_04_2004.json,20,2632583,2632585,2,True,-41.76,-41.76,0.0,DEM,DEM,False
2024,state_senate,nc_court_of_appeals_judge_seat_04,state_senate_nc_court_of_appeals_judge_seat_04_2004.json,21,2632583,2632585,2,True,-11.64,-11.64,0.0,DEM,DEM,False
2024,state_senate,nc_court_of_appeals_judge_seat_04,state_senate_nc_court_of_appeals_judge_seat_04_2004.json,22,2632583,2632585,2,True,-46.85,-46.85,0.0,DEM,DEM,False
2024,state_senate,nc_court_of_appeals_judge_seat_04,state_senate_nc_court_of_appeals_judge_seat_04_2004.json,23,2632583,2632585,2,True,-39.1,-39.1,0.0,DEM,DEM,False
2024,state_senate,nc_court_of_appeals_judge_seat_04,state_senate_nc_court_of_appeals_judge_seat_04_2004.json,24,2632583,2632585,2,True,-24.03,-24.03,0.0,DEM,DEM,False
2024,state_senate,nc_court_of_appeals_judge_seat_04,state_senate_nc_court_of_appeals_judge_seat_04_2004.json,25,2632583,2632585,2,True,-4.45,-4.45,0.0,DEM,DEM,False
2024,state_senate,nc_court_of_appeals_judge_seat_04,state_senate_nc_court_of_appeals_judge_seat_04_2004.json,26,2632583,2632585,2,True,-6.24,-6.24,0.0,DEM,DEM,False
2024,state_senate,nc_court_of_appeals_judge_seat_04,state_senate_nc_court_of_appeals_judge_seat_04_2004.json,27,2632583,2632585,2,True,-22.11,-22.11,0.0,DEM,DEM,False
2024,state_senate,nc_court_of_appeals_judge_seat_04,state_senate_nc_court_of_appeals_judge_seat_04_2004.json,28,2632583,2632585,2,True,-46.12,-46.12,0.0,DEM,DEM,False
2024,state_senate,nc_court_of_appeals_judge_seat_04,state_senate_nc_court_of_appeals_judge_seat_04_2004.json,29,2632583,2632585,2,True,-4.3,-4.3,0.0,DEM,DEM,False
2024,state_senate,nc_court_of_appeals_judge_seat_04,state_senate_nc_court_of_appeals_judge_seat_04_2004.json,30,2632583,2632585,2,True,-1.53,-1.53,0.0,DEM,DEM,False
2024,state_senate,nc_court_of_appeals_judge_seat_04,state_senate_nc_court_of_appeals_judge_seat_04_2004.json,31,2632583,2632585,2,True,-1.27,-1.27,0.0,DEM,DEM,False
2024,state_senate,nc_court_of_appeals_judge_seat_04,state_senate_nc_court_of_appeals_judge_seat_04_2004.json,32,2632583,2632585,2,True,-36.04,-36.04,0.0,DEM,DEM,False
2024,state_senate,nc_court_of_appeals_judge_seat_04,state_senate_nc_court_of_appeals_judge_seat_04_2004.json,33,2632583,2632585,2,True,-3.67,-3.67,0.0,DEM,DEM,False
2024,state_senate,nc_court_of_appeals_judge_seat_04,state_senate_nc_court_of_appeals_judge_seat_04_2004.json,34,2632583,2632585,2,True,-23.09,-23.09,0.0,DEM,DEM,False
2024,state_senate,nc_court_of_appeals_judge_seat_04,state_senate_nc_court_of_appeals_judge_seat_04_2004.json,35,2632583,2632585,2,True,12.73,12.73,0.0,REP,REP,False
2024,state_senate,nc_court_of_appeals_judge_seat_04,state_senate_nc_court_of_appeals_judge_seat_04_2004.json,36,2632583,2632585,2,True,2.55,2.55,0.0,REP,REP,False
2024,state_senate,nc_court_of_appeals_judge_seat_04,state_senate_nc_court_of_appeals_judge_seat_04_2004.json,37,2632583,2632585,2,True,0.93,0.93,0.0,REP,REP,False
2024,state_senate,nc_court_of_appeals_judge_seat_04,state_senate_nc_court_of_appeals_judge_seat_04_2004.json,38,2632583,2632585,2,True,-19.45,-19.45,0.0,DEM,DEM,False
2024,state_senate,nc_court_of_appeals_judge_seat_04,state_senate_nc_court_of_appeals_judge_seat_04_2004.json,39,2632583,2632585,2,True,-26.41,-26.41,0.0,DEM,DEM,False
2024,state_senate,nc_court_of_appeals_judge_seat_04,state_senate_nc_court_of_appeals_judge_seat_04_2004.json,40,2632583,2632585,2,True,-37.07,-37.07,0.0,DEM,DEM,False
2024,state_senate,nc_court_of_appeals_judge_seat_04,state_senate_nc_court_of_appeals_judge_seat_04_2004.json,41,2632583,2632585,2,True,-43.99,-43.99,0.0,DEM,DEM,False
2024,state_senate,nc_court_of_appeals_judge_seat_04,state_senate_nc_court_of_appeals_judge_seat_04_2004.json,42,2632583,2632585,2,True,-2.9,-2.9,0.0,DEM,DEM,False
2024,state_senate,nc_court_of_appeals_judge_seat_04,state_senate_nc_court_of_appeals_judge_seat_04_2004.json,43,2632583,2632585,2,True,-5.53,-5.53,0.0,DEM,DEM,False
2024,state_senate,nc_court_of_appeals_judge_seat_04,state_senate_nc_court_of_appeals_judge_seat_04_2004.json,44,2632583,2632585,2,True,-1.69,-1.69,0.0,DEM,DEM,False
2024,state_senate,nc_court_of_appeals_judge_seat_04,state_senate_nc_court_of_appeals_judge_seat_04_2004.json,45,2632583,2632585,2,True,-5.83,-5.83,0.0,DEM,DEM,False
2024,state_senate,nc_court_of_appeals_judge_seat_04,state_senate_nc_court_of_appeals_judge_seat_04_2004.json,46,2632583,2632585,2,True,-14.73,-14.73,0.0,DEM,DEM,False
2024,state_senate,nc_court_of_appeals_judge_seat_04,state_senate_nc_court_of_appeals_judge_seat_04_2004.json,47,2632583,2632585,2,True,-7.17,-7.17,0.0,DEM,DEM,False
2024,state_senate,nc_court_of_appeals_judge_seat_04,state_senate_nc_court_of_appeals_judge_seat_04_2004.json,48,2632583,2632585,2,True,-1.55,-1.55,0.0,DEM,DEM,False
2024,state_senate,nc_court_of_appeals_judge_seat_04,state_senate_nc_court_of_appeals_judge_seat_04_2004.json,49,2632583,2632585,2,True,-20.69,-20.69,0.0,DEM,DEM,False
2024,state_senate,nc_court_of_appeals_judge_seat_04,state_senate_nc_court_of_appeals_judge_seat_04_2004.json,50,2632583,2632585,2,True,-2.52,-2.52,0.0,DEM,DEM,False
2024,state_senate,nc_court_of_appeals_judge_seat_05,state_senate_nc_court_of_appeals_judge_seat_05_2004.json,1,2600085,2600085,0,True,-22.01,-22.01,0.0,DEM,DEM,False
2024,state_senate,nc_court_of_appeals_judge_seat_05,state_senate_nc_court_of_appeals_judge_seat_05_2004.json,2,2600085,2600085,0,True,-18.57,-18.57,0.0,DEM,DEM,False
2024,state_senate,nc_court_of_appeals_judge_seat_05,state_senate_nc_court_of_appeals_judge_seat_05_2004.json,3,2600085,2600085,0,True,8.77,8.77,0.0,REP,REP,False
2024,state_senate,nc_court_of_appeals_judge_seat_05,state_senate_nc_court_of_appeals_judge_seat_05_2004.json,4,2600085,2600085,0,True,-10.76,-10.76,0.0,DEM,DEM,False
2024,state_senate,nc_court_of_appeals_judge_seat_05,state_senate_nc_court_of_appeals_judge_seat_05_2004.json,5,2600085,2600085,0,True,-18.73,-18.73,0.0,DEM,DEM,False
2024,state_senate,nc_court_of_appeals_judge_seat_05,state_senate_nc_court_of_appeals_judge_seat_05_2004.json,6,2600085,2600085,0,True,3.56,3.56,0.0,REP,REP,False
2024,state_senate,nc_court_of_appeals_judge_seat_05,state_senate_nc_court_of_appeals_judge_seat_05_2004.json,7,2600085,2600085,0,True,2.95,2.95,0.0,REP,REP,False
2024,state_senate,nc_court_of_appeals_judge_seat_05,state_senate_nc_court_of_appeals_judge_seat_05_2004.json,8,2600085,2600085,0,True,-26.76,-26.76,0.0,DEM,DEM,False
2024,state_senate,nc_court_of_appeals_judge_seat_05,state_senate_nc_court_of_appeals_judge_seat_05_2004.json,9,2600085,2600085,0,True,-19.78,-19.78,0.0,DEM,DEM,False
2024,state_senate,nc_court_of_appeals_judge_seat_05,state_senate_nc_court_of_appeals_judge_seat_05_2004.json,10,2600085,2600085,0,True,9.39,9.39,0.0,REP,REP,False
2024,state_senate,nc_court_of_appeals_judge_seat_05,state_senate_nc_court_of_appeals_judge_seat_05_2004.json,11,2600085,2600085,0,True,-15.01,-15.01,0.0,DEM,DEM,False
2024,state_senate,nc_court_of_appeals_judge_seat_05,state_senate_nc_court_of_appeals_judge_seat_05_2004.json,12,2600085,2600085,0,True,-11.76,-11.76,0.0,DEM,DEM,False
2024,state_senate,nc_court_of_appeals_judge_seat_05,state_senate_nc_court_of_appeals_judge_seat_05_2004.json,13,2600085,2600085,0,True,8.42,8.42,0.0,REP,REP,False
2024,state_senate,nc_court_of_appeals_judge_seat_05,state_senate_nc_court_of_appeals_judge_seat_05_2004.json,14,2600085,2600085,0,True,-35.54,-35.54,0.0,DEM,DEM,False
2024,state_senate,nc_court_of_appeals_judge_seat_05,state_senate_nc_court_of_appeals_judge_seat_05_2004.json,15,2600085,2600085,0,True,-4.83,-4.83,0.0,DEM,DEM,False
2024,state_senate,nc_court_of_appeals_judge_seat_05,state_senate_nc_court_of_appeals_judge_seat_05_2004.json,16,2600085,2600085,0,True,4.91,4.91,0.0,REP,REP,False
2024,state_senate,nc_court_of_appeals_judge_seat_05,state_senate_nc_court_of_appeals_judge_seat_05_2004.json,17,2600085,2600085,0,True,11.59,11.59,0.0,REP,REP,False
2024,state_senate,nc_court_of_appeals_judge_seat_05,state_senate_nc_court_of_appeals_judge_seat_05_2004.json,18,2600085,2600085,0,True,4.37,4.37,0.0,REP,REP,False
2024,state_senate,nc_court_of_appeals_judge_seat_05,state_senate_nc_court_of_appeals_judge_seat_05_2004.json,19,2600085,2600085,0,True,-24.7,-24.7,0.0,DEM,DEM,False
2024,state_senate,nc_court_of_appeals_judge_seat_05,state_senate_nc_court_of_appeals_judge_seat_05_2004.json,20,2600085,2600085,0,True,-38.37,-38.37,0.0,DEM,DEM,False
2024,state_senate,nc_court_of_appeals_judge_seat_05,state_senate_nc_court_of_appeals_judge_seat_05_2004.json,21,2600085,2600085,0,True,-9.62,-9.62,0.0,DEM,DEM,False
2024,state_senate,nc_court_of_appeals_judge_seat_05,state_senate_nc_court_of_appeals_judge_seat_05_2004.json,22,2600085,2600085,0,True,-34.34,-34.34,0.0,DEM,DEM,False
2024,state_senate,nc_court_of_appeals_judge_seat_05,state_senate_nc_court_of_appeals_judge_seat_05_2004.json,23,2600085,2600085,0,True,-31.76,-31.76,0.0,DEM,DEM,False
2024,state_senate,nc_court_of_appeals_judge_seat_05,state_senate_nc_court_of_appeals_judge_seat_05_2004.json,24,2600085,2600085,0,True,-33.4,-33.4,0.0,DEM,DEM,False
2024,state_senate,nc_court_of_appeals_judge_seat_05,state_senate_nc_court_of_appeals_judge_seat_05_2004.json,25,2600085,2600085,0,True,0.83,0.83,0.0,REP,REP,False
2024,state_senate,nc_court_of_appeals_judge_seat_05,state_senate_nc_court_of_appeals_judge_seat_05_2004.json,26,2600085,2600085,0,True,-9.41,-9.41,0.0,DEM,DEM,False
2024,state_senate,nc_court_of_appeals_judge_seat_05,state_senate_nc_court_of_appeals_judge_seat_05_2004.json,27,2600085,2600085,0,True,-12.37,-12.37,0.0,DEM,DEM,False
2024,state_senate,nc_court_of_appeals_judge_seat_05,state_senate_nc_court_of_appeals_judge_seat_05_2004.json,28,2600085,2600085,0,True,-39.79,-39.79,0.0,DEM,DEM,False
2024,state_senate,nc_court_of_appeals_judge_seat_05,state_senate_nc_court_of_appeals_judge_seat_05_2004.json,29,2600085,2600085,0,True,-11.28,-11.28,0.0,DEM,DEM,False
2024,state_senate,nc_court_of_appeals_judge_seat_05,state_senate_nc_court_of_appeals_judge_seat_05_2004.json,30,2600085,2600085,0,True,1.11,1.11,0.0,REP,REP,False
2024,state_senate,nc_court_of_appeals_judge_seat_05,state_senate_nc_court_of_appeals_judge_seat_05_2004.json,31,2600085,2600085,0,True,8.0,8.0,0.0,REP,REP,False
2024,state_senate,nc_court_of_appeals_judge_seat_05,state_senate_nc_court_of_appeals_judge_seat_05_2004.json,32,2600085,2600085,0,True,-24.52,-24.52,0.0,DEM,DEM,False
2024,state_senate,nc_court_of_appeals_judge_seat_05,state_senate_nc_court_of_appeals_judge_seat_05_2004.json,33,2600085,2600085,0,True,-1.49,-1.49,0.0,DEM,DEM,False
2024,state_senate,nc_court_of_appeals_judge_seat_05,state_senate_nc_court_of_appeals_judge_seat_05_2004.json,34,2600085,2600085,0,True,-0.14,-0.14,0.0,DEM,DEM,False
2024,state_senate,nc_court_of_appeals_judge_seat_05,state_senate_nc_court_of_appeals_judge_seat_05_2004.json,35,2600085,2600085,0,True,19.92,19.92,0.0,REP,REP,False
2024,state_senate,nc_court_of_appeals_judge_seat_05,state_senate_nc_court_of_appeals_judge_seat_05_2004.json,36,2600085,2600085,0,True,-5.31,-5.31,0.0,DEM,DEM,False
2024,state_senate,nc_court_of_appeals_judge_seat_05,state_senate_nc_court_of_appeals_judge_seat_05_2004.json,37,2600085,2600085,0,True,16.2,16.2,0.0,REP,REP,False
2024,state_senate,nc_court_of_appeals_judge_seat_05,state_senate_nc_court_of_appeals_judge_seat_05_2004.json,38,2600085,2600085,0,True,0.47,0.47,0.0,REP,REP,False
2024,state_senate,nc_court_of_appeals_judge_seat_05,state_senate_nc_court_of_appeals_judge_seat_05_2004.json,39,2600085,2600085,0,True,-9.4,-9.4,0.0,DEM,DEM,False
2024,state_senate,nc_court_of_appeals_judge_seat_05,state_senate_nc_court_of_appeals_judge_seat_05_2004.json,40,2600085,2600085,0,True,-26.3,-26.3,0.0,DEM,DEM,False
2024,state_senate,nc_court_of_appeals_judge_seat_05,state_senate_nc_court_of_appeals_judge_seat_05_2004.json,41,2600085,2600085,0,True,-34.6,-34.6,0.0,DEM,DEM,False
2024,state_senate,nc_court_of_appeals_judge_seat_05,state_senate_nc_court_of_appeals_judge_seat_05_2004.json,42,2600085,2600085,0,True,17.21,17.21,0.0,REP,REP,False
2024,state_senate,nc_court_of_appeals_judge_seat_05,state_senate_nc_court_of_appeals_judge_seat_05_2004.json,43,2600085,2600085,0,True,15.17,15.17,0.0,REP,REP,False
2024,state_senate,nc_court_of_appeals_judge_seat_05,state_senate_nc_court_of_appeals_judge_seat_05_2004.json,44,2600085,2600085,0,True,1.34,1.34,0.0,REP,REP,False
2024,state_senate,nc_court_of_appeals_judge_seat_05,state_senate_nc_court_of_appeals_judge_seat_05_2004.json,45,2600085,2600085,0,True,6.35,6.35,0.0,REP,REP,False
2024,state_senate,nc_court_of_appeals_judge_seat_05,state_senate_nc_court_of_appeals_judge_seat_05_2004.json,46,2600085,2600085,0,True,-9.63,-9.63,0.0,DEM,DEM,False
2024,state_senate,nc_court_of_appeals_judge_seat_05,state_senate_nc_court_of_appeals_judge_seat_05_2004.json,47,2600085,2600085,0,True,-7.2,-7.2,0.0,DEM,DEM,False
2024,state_senate,nc_court_of_appeals_judge_seat_05,state_senate_nc_court_of_appeals_judge_seat_05_2004.json,48,2600085,2600085,0,True,-2.7,-2.7,0.0,DEM,DEM,False
2024,state_senate,nc_court_of_appeals_judge_seat_05,state_senate_nc_court_of_appeals_judge_seat_05_2004.json,49,2600085,2600085,0,True,-12.91,-12.91,0.0,DEM,DEM,False
2024,state_senate,nc_court_of_appeals_judge_seat_05,state_senate_nc_court_of_appeals_judge_seat_05_2004.json,50,2600085,2600085,0,True,-9.11,-9.11,0.0,DEM,DEM,False
2024,state_senate,nc_court_of_appeals_judge_seat_06,state_senate_nc_court_of_appeals_judge_seat_06_2004.json,1,2541424,2541422,-2,True,14.67,14.67,0.0,REP,REP,False
2024,state_senate,nc_court_of_appeals_judge_seat_06,state_senate_nc_court_of_appeals_judge_seat_06_2004.json,2,2541424,2541422,-2,True,9.88,9.88,0.0,REP,REP,False
2024,state_senate,nc_court_of_appeals_judge_seat_06,state_senate_nc_court_of_appeals_judge_seat_06_2004.json,3,2541424,2541422,-2,True,14.08,14.08,0.0,REP,REP,False
2024,state_senate,nc_court_of_appeals_judge_seat_06,state_senate_nc_court_of_appeals_judge_seat_06_2004.json,4,2541424,2541422,-2,True,18.43,18.43,0.0,REP,REP,False
2024,state_senate,nc_court_of_appeals_judge_seat_06,state_senate_nc_court_of_appeals_judge_seat_06_2004.json,5,2541424,2541422,-2,True,15.96,15.96,0.0,REP,REP,False
2024,state_senate,nc_court_of_appeals_judge_seat_06,state_senate_nc_court_of_appeals_judge_seat_06_2004.json,6,2541424,2541422,-2,True,32.11,32.11,0.0,REP,REP,False
2024,state_senate,nc_court_of_appeals_judge_seat_06,state_senate_nc_court_of_appeals_judge_seat_06_2004.json,7,2541424,2541422,-2,True,6.9,6.9,0.0,REP,REP,False
2024,state_senate,nc_court_of_appeals_judge_seat_06,state_senate_nc_court_of_appeals_judge_seat_06_2004.json,8,2541424,2541422,-2,True,1.17,1.17,0.0,REP,REP,False
2024,state_senate,nc_court_of_appeals_judge_seat_06,state_senate_nc_court_of_appeals_judge_seat_06_2004.json,9,2541424,2541422,-2,True,9.47,9.47,0.0,REP,REP,False
2024,state_senate,nc_court_of_appeals_judge_seat_06,state_senate_nc_court_of_appeals_judge_seat_06_2004.json,10,2541424,2541422,-2,True,16.15,16.15,0.0,REP,REP,False
2024,state_senate,nc_court_of_appeals_judge_seat_06,state_senate_nc_court_of_appeals_judge_seat_06_2004.json,11,2541424,2541422,-2,True,18.13,18.13,0.0,REP,REP,False
2024,state_senate,nc_court_of_appeals_judge_seat_06,state_senate_nc_court_of_appeals_judge_seat_06_2004.json,12,2541424,2541422,-2,True,18.06,18.06,0.0,REP,REP,False
2024,state_senate,nc_court_of_appeals_judge_seat_06,state_senate_nc_court_of_appeals_judge_seat_06_2004.json,13,2541424,2541422,-2,True,17.88,17.88,0.0,REP,REP,False
2024,state_senate,nc_court_of_appeals_judge_seat_06,state_senate_nc_court_of_appeals_judge_seat_06_2004.json,14,2541424,2541422,-2,True,4.9,4.9,0.0,REP,REP,False
2024,state_senate,nc_court_of_appeals_judge_seat_06,state_senate_nc_court_of_appeals_judge_seat_06_2004.json,15,2541424,2541422,-2,True,2.86,2.86,0.0,REP,REP,False
2024,state_senate,nc_court_of_appeals_judge_seat_06,state_senate_nc_court_of_appeals_judge_seat_06_2004.json,16,2541424,2541422,-2,True,9.67,9.67,0.0,REP,REP,False
2024,state_senate,nc_court_of_appeals_judge_seat_06,state_senate_nc_court_of_appeals_judge_seat_06_2004.json,17,2541424,2541422,-2,True,17.52,17.52,0.0,REP,REP,False
2024,state_senate,nc_court_of_appeals_judge_seat_06,state_senate_nc_court_of_appeals_judge_seat_06_2004.json,18,2541424,2541422,-2,True,16.7,16.7,0.0,REP,REP,False
2024,state_senate,nc_court_of_appeals_judge_seat_06,state_senate_nc_court_of_appeals_judge_seat_06_2004.json,19,2541424,2541422,-2,True,31.14,31.14,0.0,REP,REP,False
2024,state_senate,nc_court_of_appeals_judge_seat_06,state_senate_nc_court_of_appeals_judge_seat_06_2004.json,20,2541424,2541422,-2,True,7.56,7.56,0.0,REP,REP,False
2024,state_senate,nc_court_of_appeals_judge_seat_06,state_senate_nc_court_of_appeals_judge_seat_06_2004.json,21,2541424,2541422,-2,True,17.77,17.77,0.0,REP,REP,False
2024,state_senate,nc_court_of_appeals_judge_seat_06,state_senate_nc_court_of_appeals_judge_seat_06_2004.json,22,2541424,2541422,-2,True,9.8,9.8,0.0,REP,REP,False
2024,state_senate,nc_court_of_appeals_judge_seat_06,state_senate_nc_court_of_appeals_judge_seat_06_2004.json,23,2541424,2541422,-2,True,-13.59,-13.59,0.0,DEM,DEM,False
2024,state_senate,nc_court_of_appeals_judge_seat_06,state_senate_nc_court_of_appeals_judge_seat_06_2004.json,24,2541424,2541422,-2,True,19.7,19.7,0.0,REP,REP,False
2024,state_senate,nc_court_of_appeals_judge_seat_06,state_senate_nc_court_of_appeals_judge_seat_06_2004.json,25,2541424,2541422,-2,True,0.0,0.0,0.0,DEM,DEM,False
2024,state_senate,nc_court_of_appeals_judge_seat_06,state_senate_nc_court_of_appeals_judge_seat_06_2004.json,26,2541424,2541422,-2,True,9.52,9.52,0.0,REP,REP,False
2024,state_senate,nc_court_of_appeals_judge_seat_06,state_senate_nc_court_of_appeals_judge_seat_06_2004.json,27,2541424,2541422,-2,True,11.8,11.8,0.0,REP,REP,False
2024,state_senate,nc_court_of_appeals_judge_seat_06,state_senate_nc_court_of_appeals_judge_seat_06_2004.json,28,2541424,2541422,-2,True,17.82,17.82,0.0,REP,REP,False
2024,state_senate,nc_court_of_appeals_judge_seat_06,state_senate_nc_court_of_appeals_judge_seat_06_2004.json,29,2541424,2541422,-2,True,9.24,9.24,0.0,REP,REP,False
2024,state_senate,nc_court_of_appeals_judge_seat_06,state_senate_nc_court_of_appeals_judge_seat_06_2004.json,30,2541424,2541422,-2,True,10.48,10.48,0.0,REP,REP,False
2024,state_senate,nc_court_of_appeals_judge_seat_06,state_senate_nc_court_of_appeals_judge_seat_06_2004.json,31,2541424,2541422,-2,True,14.19,14.19,0.0,REP,REP,False
2024,state_senate,nc_court_of_appeals_judge_seat_06,state_senate_nc_court_of_appeals_judge_seat_06_2004.json,32,2541424,2541422,-2,True,-1.34,-1.34,0.0,DEM,DEM,False
2024,state_senate,nc_court_of_appeals_judge_seat_06,state_senate_nc_court_of_appeals_judge_seat_06_2004.json,33,2541424,2541422,-2,True,10.18,10.18,0.0,REP,REP,False
2024,state_senate,nc_court_of_appeals_judge_seat_06,state_senate_nc_court_of_appeals_judge_seat_06_2004.json,34,2541424,2541422,-2,True,24.65,24.65,0.0,REP,REP,False
2024,state_senate,nc_court_of_appeals_judge_seat_06,state_senate_nc_court_of_appeals_judge_seat_06_2004.json,35,2541424,2541422,-2,True,25.88,25.88,0.0,REP,REP,False
2024,state_senate,nc_court_of_appeals_judge_seat_06,state_senate_nc_court_of_appeals_judge_seat_06_2004.json,36,2541424,2541422,-2,True,4.64,4.64,0.0,REP,REP,False
2024,state_senate,nc_court_of_appeals_judge_seat_06,state_senate_nc_court_of_appeals_judge_seat_06_2004.json,37,2541424,2541422,-2,True,9.84,9.84,0.0,REP,REP,False
2024,state_senate,nc_court_of_appeals_judge_seat_06,state_senate_nc_court_of_appeals_judge_seat_06_2004.json,38,2541424,2541422,-2,True,21.48,21.48,0.0,REP,REP,False
2024,state_senate,nc_court_of_appeals_judge_seat_06,state_senate_nc_court_of_appeals_judge_seat_06_2004.json,39,2541424,2541422,-2,True,18.72,18.72,0.0,REP,REP,False
2024,state_senate,nc_court_of_appeals_judge_seat_06,state_senate_nc_court_of_appeals_judge_seat_06_2004.json,40,2541424,2541422,-2,True,20.81,20.81,0.0,REP,REP,False
2024,state_senate,nc_court_of_appeals_judge_seat_06,state_senate_nc_court_of_appeals_judge_seat_06_2004.json,41,2541424,2541422,-2,True,14.79,14.79,0.0,REP,REP,False
2024,state_senate,nc_court_of_appeals_judge_seat_06,state_senate_nc_court_of_appeals_judge_seat_06_2004.json,42,2541424,2541422,-2,True,19.52,19.52,0.0,REP,REP,False
2024,state_senate,nc_court_of_appeals_judge_seat_06,state_senate_nc_court_of_appeals_judge_seat_06_2004.json,43,2541424,2541422,-2,True,11.57,11.57,0.0,REP,REP,False
2024,state_senate,nc_court_of_appeals_judge_seat_06,state_senate_nc_court_of_appeals_judge_seat_06_2004.json,44,2541424,2541422,-2,True,3.38,3.38,0.0,REP,REP,False
2024,state_senate,nc_court_of_appeals_judge_seat_06,state_senate_nc_court_of_appeals_judge_seat_06_2004.json,45,2541424,2541422,-2,True,6.88,6.88,0.0,REP,REP,False
2024,state_senate,nc_court_of_appeals_judge_seat_06,state_senate_nc_court_of_appeals_judge_seat_06_2004.json,46,2541424,2541422,-2,True,-4.75,-4.75,0.0,DEM,DEM,False
2024,state_senate,nc_court_of_appeals_judge_seat_06,state_senate_nc_court_of_appeals_judge_seat_06_2004.json,47,2541424,2541422,-2,True,-3.91,-3.91,0.0,DEM,DEM,False
2024,state_senate,nc_court_of_appeals_judge_seat_06,state_senate_nc_court_of_appeals_judge_seat_06_2004.json,48,2541424,2541422,-2,True,2.17,2.17,0.0,REP,REP,False
2024,state_senate,nc_court_of_appeals_judge_seat_06,state_senate_nc_court_of_appeals_judge_seat_06_2004.json,49,2541424,2541422,-2,True,-9.59,-9.59,0.0,DEM,DEM,False
2024,state_senate,nc_court_of_appeals_judge_seat_06,state_senate_nc_court_of_appeals_judge_seat_06_2004.json,50,2541424,2541422,-2,True,-6.12,-6.12,0.0,DEM,DEM,False
2024,state_senate,nc_supreme_court_associate_justice_seat_02,state_senate_nc_supreme_court_associate_justice_seat_02_2004.json,1,2579576,2579571,-5,True,-5.86,-5.86,0.0,DEM,DEM,False
2024,state_senate,nc_supreme_court_associate_justice_seat_02,state_senate_nc_supreme_court_associate_justice_seat_02_2004.json,2,2579576,2579571,-5,True,-11.47,-11.47,0.0,DEM,DEM,False
2024,state_senate,nc_supreme_court_associate_justice_seat_02,state_senate_nc_supreme_court_associate_justice_seat_02_2004.json,3,2579576,2579571,-5,True,-0.6,-0.6,0.0,DEM,DEM,False
2024,state_senate,nc_supreme_court_associate_justice_seat_02,state_senate_nc_supreme_court_associate_justice_seat_02_2004.json,4,2579576,2579571,-5,True,1.41,1.41,0.0,REP,REP,False
2024,state_senate,nc_supreme_court_associate_justice_seat_02,state_senate_nc_supreme_court_associate_justice_seat_02_2004.json,5,2579576,2579571,-5,True,-10.02,-10.02,0.0,DEM,DEM,False
2024,state_senate,nc_supreme_court_associate_justice_seat_02,state_senate_nc_supreme_court_associate_justice_seat_02_2004.json,6,2579576,2579571,-5,True,10.3,10.3,0.0,REP,REP,False
2024,state_senate,nc_supreme_court_associate_justice_seat_02,state_senate_nc_supreme_court_associate_justice_seat_02_2004.json,7,2579576,2579571,-5,True,11.02,11.02,0.0,REP,REP,False
2024,state_senate,nc_supreme_court_associate_justice_seat_02,state_senate_nc_supreme_court_associate_justice_seat_02_2004.json,8,2579576,2579571,-5,True,-7.95,-7.95,0.0,DEM,DEM,False
2024,state_senate,nc_supreme_court_associate_justice_seat_02,state_senate_nc_supreme_court_associate_justice_seat_02_2004.json,9,2579576,2579571,-5,True,-2.37,-2.37,0.0,DEM,DEM,False
2024,state_senate,nc_supreme_court_associate_justice_seat_02,state_senate_nc_supreme_court_associate_justice_seat_02_2004.json,10,2579576,2579571,-5,True,16.63,16.63,0.0,REP,REP,False
2024,state_senate,nc_supreme_court_associate_justice_seat_02,state_senate_nc_supreme_court_associate_justice_seat_02_2004.json,11,2579576,2579571,-5,True,0.91,0.91,0.0,REP,REP,False
2024,state_senate,nc_supreme_court_associate_justice_seat_02,state_senate_nc_supreme_court_associate_justice_seat_02_2004.json,12,2579576,2579571,-5,True,9.26,9.26,0.0,REP,REP,False
2024,state_senate,nc_supreme_court_associate_justice_seat_02,state_senate_nc_supreme_court_associate_justice_seat_02_2004.json,13,2579576,2579571,-5,True,14.55,14.55,0.0,REP,REP,False
2024,state_senate,nc_supreme_court_associate_justice_seat_02,state_senate_nc_supreme_court_associate_justice_seat_02_2004.json,14,2579576,2579571,-5,True,-20.22,-20.22,0.0,DEM,DEM,False
2024,state_senate,nc_supreme_court_associate_justice_seat_02,state_senate_nc_supreme_court_associate_justice_seat_02_2004.json,15,2579576,2579571,-5,True,0.64,0.64,0.0,REP,REP,False
2024,state_senate,nc_supreme_court_associate_justice_seat_02,state_senate_nc_supreme_court_associate_justice_seat_02_2004.json,16,2579576,2579571,-5,True,8.53,8.53,0.0,REP,REP,False
2024,state_senate,nc_supreme_court_associate_justice_seat_02,state_senate_nc_supreme_court_associate_justice_seat_02_2004.json,17,2579576,2579571,-5,True,12.88,12.88,0.0,REP,REP,False
2024,state_senate,nc_supreme_court_associate_justice_seat_02,state_senate_nc_supreme_court_associate_justice_seat_02_2004.json,18,2579576,2579571,-5,True,12.62,12.62,0.0,REP,REP,False
2024,state_senate,nc_supreme_court_associate_justice_seat_02,state_senate_nc_supreme_court_associate_justice_seat_02_2004.json,19,2579576,2579571,-5,True,-4.02,-4.02,0.0,DEM,DEM,False
2024,state_senate,nc_supreme_court_associate_justice_seat_02,state_senate_nc_supreme_court_associate_justice_seat_02_2004.json,20,2579576,2579571,-5,True,-23.46,-23.46,0.0,DEM,DEM,False
2024,state_senate,nc_supreme_court_associate_justice_seat_02,state_senate_nc_supreme_court_associate_justice_seat_02_2004.json,21,2579576,2579571,-5,True,7.26,7.26,0.0,REP,REP,False
2024,state_senate,nc_supreme_court_associate_justice_seat_02,state_senate_nc_supreme_court_associate_justice_seat_02_2004.json,22,2579576,2579571,-5,True,-29.26,-29.26,0.0,DEM,DEM,False
2024,state_senate,nc_supreme_court_associate_justice_seat_02,state_senate_nc_supreme_court_associate_justice_seat_02_2004.json,23,2579576,2579571,-5,True,-24.36,-24.36,0.0,DEM,DEM,False
2024,state_senate,nc_supreme_court_associate_justice_seat_02,state_senate_nc_supreme_court_associate_justice_seat_02_2004.json,24,2579576,2579571,-5,True,-18.96,-18.96,0.0,DEM,DEM,False
2024,state_senate,nc_supreme_court_associate_justice_seat_02,state_senate_nc_supreme_court_associate_justice_seat_02_2004.json,25,2579576,2579571,-5,True,10.66,10.66,0.0,REP,REP,False
2024,state_senate,nc_supreme_court_associate_justice_seat_02,state_senate_nc_supreme_court_associate_justice_seat_02_2004.json,26,2579576,2579571,-5,True,9.83,9.83,0.0,REP,REP,False
2024,state_senate,nc_supreme_court_associate_justice_seat_02,state_senate_nc_supreme_court_associate_justice_seat_02_2004.json,27,2579576,2579571,-5,True,4.29,4.29,0.0,REP,REP,False
2024,state_senate,nc_supreme_court_associate_justice_seat_02,state_senate_nc_supreme_court_associate_justice_seat_02_2004.json,28,2579576,2579571,-5,True,-15.14,-15.14,0.0,DEM,DEM,False
2024,state_senate,nc_supreme_court_associate_justice_seat_02,state_senate_nc_supreme_court_associate_justice_seat_02_2004.json,29,2579576,2579571,-5,True,10.87,10.87,0.0,REP,REP,False
2024,state_senate,nc_supreme_court_associate_justice_seat_02,state_senate_nc_supreme_court_associate_justice_seat_02_2004.json,30,2579576,2579571,-5,True,17.86,17.86,0.0,REP,REP,False
2024,state_senate,nc_supreme_court_associate_justice_seat_02,state_senate_nc_supreme_court_associate_justice_seat_02_2004.json,31,2579576,2579571,-5,True,16.36,16.36,0.0,REP,REP,False
2024,state_senate,nc_supreme_court_associate_justice_seat_02,state_senate_nc_supreme_court_associate_justice_seat_02_2004.json,32,2579576,2579571,-5,True,-16.2,-16.2,0.0,DEM,DEM,False
2024,state_senate,nc_supreme_court_associate_justice_seat_02,state_senate_nc_supreme_court_associate_justice_seat_02_2004.json,33,2579576,2579571,-5,True,9.75,9.75,0.0,REP,REP,False
2024,state_senate,nc_supreme_court_associate_justice_seat_02,state_senate_nc_supreme_court_associate_justice_seat_02_2004.json,34,2579576,2579571,-5,True,13.03,13.03,0.0,REP,REP,False
2024,state_senate,nc_supreme_court_associate_justice_seat_02,state_senate_nc_supreme_court_associate_justice_seat_02_2004.json,35,2579576,2579571,-5,True,26.29,26.29,0.0,REP,REP,False
2024,state_senate,nc_supreme_court_associate_justice_seat_02,state_senate_nc_supreme_court_associate_justice_seat_02_2004.json,36,2579576,2579571,-5,True,15.21,15.21,0.0,REP,REP,False
2024,state_senate,nc_supreme_court_associate_justice_seat_02,state_senate_nc_supreme_court_associate_justice_seat_02_2004.json,37,2579576,2579571,-5,True,14.65,14.65,0.0,REP,REP,False
2024,state_senate,nc_supreme_court_associate_justice_seat_02,state_senate_nc_supreme_court_associate_justice_seat_02_2004.json,38,2579576,2579571,-5,True,5.26,5.26,0.0,REP,REP,False
2024,state_senate,nc_supreme_court_associate_justice_seat_02,state_senate_nc_supreme_court_associate_justice_seat_02_2004.json,39,2579576,2579571,-5,True,-2.7,-2.7,0.0,DEM,DEM,False
2024,state_senate,nc_supreme_court_associate_justice_seat_02,state_senate_nc_supreme_court_associate_justice_seat_02_2004.json,40,2579576,2579571,-5,True,-8.9,-8.9,0.0,DEM,DEM,False
2024,state_senate,nc_supreme_court_associate_justice_seat_02,state_senate_nc_supreme_court_associate_justice_seat_02_2004.json,41,2579576,2579571,-5,True,-17.11,-17.11,0.0,DEM,DEM,False
2024,state_senate,nc_supreme_court_associate_justice_seat_02,state_senate_nc_supreme_court_associate_justice_seat_02_2004.json,42,2579576,2579571,-5,True,15.11,15.11,0.0,REP,REP,False
2024,state_senate,nc_supreme_court_associate_justice_seat_02,state_senate_nc_supreme_court_associate_justice_seat_02_2004.json,43,2579576,2579571,-5,True,16.1,16.1,0.0,REP,REP,False
2024,state_senate,nc_supreme_court_associate_justice_seat_02,state_senate_nc_supreme_court_associate_justice_seat_02_2004.json,44,2579576,2579571,-5,True,12.7,12.7,0.0,REP,REP,False
2024,state_senate,nc_supreme_court_associate_justice_seat_02,state_senate_nc_supreme_court_associate_justice_seat_02_2004.json,45,2579576,2579571,-5,True,18.67,18.67,0.0,REP,REP,False
2024,state_senate,nc_supreme_court_associate_justice_seat_02,state_senate_nc_supreme_court_associate_justice_seat_02_2004.json,46,2579576,2579571,-5,True,8.76,8.76,0.0,REP,REP,False
2024,state_senate,nc_supreme_court_associate_justice_seat_02,state_senate_nc_supreme_court_associate_justice_seat_02_2004.json,47,2579576,2579571,-5,True,11.66,11.66,0.0,REP,REP,False
2024,state_senate,nc_supreme_court_associate_justice_seat_02,state_senate_nc_supreme_court_associate_justice_seat_02_2004.json,48,2579576,2579571,-5,True,12.19,12.19,0.0,REP,REP,False
2024,state_senate,nc_supreme_court_associate_justice_seat_02,state_senate_nc_supreme_court_associate_justice_seat_02_2004.json,49,2579576,2579571,-5,True,0.34,0.34,0.0,REP,REP,False
2024,state_senate,nc_supreme_court_associate_justice_seat_02,state_senate_nc_supreme_court_associate_justice_seat_02_2004.json,50,2579576,2579571,-5,True,11.2,11.2,0.0,REP,REP,False
2024,state_senate,nc_supreme_court_associate_justice_seat_04,state_senate_nc_supreme_court_associate_justice_seat_04_2004.json,1,2710260,2710263,3,True,-42.21,-42.21,0.0,DEM,DEM,False
2024,state_senate,nc_supreme_court_associate_justice_seat_04,state_senate_nc_supreme_court_associate_justice_seat_04_2004.json,2,2710260,2710263,3,True,-37.98,-37.98,0.0,DEM,DEM,False
2024,state_senate,nc_supreme_court_associate_justice_seat_04,state_senate_nc_supreme_court_associate_justice_seat_04_2004.json,3,2710260,2710263,3,True,-19.19,-19.19,0.0,DEM,DEM,False
2024,state_senate,nc_supreme_court_associate_justice_seat_04,state_senate_nc_supreme_court_associate_justice_seat_04_2004.json,4,2710260,2710263,3,True,-26.18,-26.18,0.0,DEM,DEM,False
2024,state_senate,nc_supreme_court_associate_justice_seat_04,state_senate_nc_supreme_court_associate_justice_seat_04_2004.json,5,2710260,2710263,3,True,-32.12,-32.12,0.0,DEM,DEM,False
2024,state_senate,nc_supreme_court_associate_justice_seat_04,state_senate_nc_supreme_court_associate_justice_seat_04_2004.json,6,2710260,2710263,3,True,-21.05,-21.05,0.0,DEM,DEM,False
2024,state_senate,nc_supreme_court_associate_justice_seat_04,state_senate_nc_supreme_court_associate_justice_seat_04_2004.json,7,2710260,2710263,3,True,-18.21,-18.21,0.0,DEM,DEM,False
2024,state_senate,nc_supreme_court_associate_justice_seat_04,state_senate_nc_supreme_court_associate_justice_seat_04_2004.json,8,2710260,2710263,3,True,-36.31,-36.31,0.0,DEM,DEM,False
2024,state_senate,nc_supreme_court_associate_justice_seat_04,state_senate_nc_supreme_court_associate_justice_seat_04_2004.json,9,2710260,2710263,3,True,-26.75,-26.75,0.0,DEM,DEM,False
2024,state_senate,nc_supreme_court_associate_justice_seat_04,state_senate_nc_supreme_court_associate_justice_seat_04_2004.json,10,2710260,2710263,3,True,-18.07,-18.07,0.0,DEM,DEM,False
2024,state_senate,nc_supreme_court_associate_justice_seat_04,state_senate_nc_supreme_court_associate_justice_seat_04_2004.json,11,2710260,2710263,3,True,-31.89,-31.89,0.0,DEM,DEM,False
2024,state_senate,nc_supreme_court_associate_justice_seat_04,state_senate_nc_supreme_court_associate_justice_seat_04_2004.json,12,2710260,2710263,3,True,-20.97,-20.97,0.0,DEM,DEM,False
2024,state_senate,nc_supreme_court_associate_justice_seat_04,state_senate_nc_supreme_court_associate_justice_seat_04_2004.json,13,2710260,2710263,3,True,-20.88,-20.88,0.0,DEM,DEM,False
2024,state_senate,nc_supreme_court_associate_justice_seat_04,state_senate_nc_supreme_court_associate_justice_seat_04_2004.json,14,2710260,2710263,3,True,-50.92,-50.92,0.0,DEM,DEM,False
2024,state_senate,nc_supreme_court_associate_justice_seat_04,state_senate_nc_supreme_court_associate_justice_seat_04_2004.json,15,2710260,2710263,3,True,-38.78,-38.78,0.0,DEM,DEM,False
2024,state_senate,nc_supreme_court_associate_justice_seat_04,state_senate_nc_supreme_court_associate_justice_seat_04_2004.json,16,2710260,2710263,3,True,-30.5,-30.5,0.0,DEM,DEM,False
2024,state_senate,nc_supreme_court_associate_justice_seat_04,state_senate_nc_supreme_court_associate_justice_seat_04_2004.json,17,2710260,2710263,3,True,-23.88,-23.88,0.0,DEM,DEM,False
2024,state_senate,nc_supreme_court_associate_justice_seat_04,state_senate_nc_supreme_court_associate_justice_seat_04_2004.json,18,2710260,2710263,3,True,-23.14,-23.14,0.0,DEM,DEM,False
2024,state_senate,nc_supreme_court_associate_justice_seat_04,state_senate_nc_supreme_court_associate_justice_seat_04_2004.json,19,2710260,2710263,3,True,-16.53,-16.53,0.0,DEM,DEM,False
2024,state_senate,nc_supreme_court_associate_justice_seat_04,state_senate_nc_supreme_court_associate_justice_seat_04_2004.json,20,2710260,2710263,3,True,-48.88,-48.88,0.0,DEM,DEM,False
2024,state_senate,nc_supreme_court_associate_justice_seat_04,state_senate_nc_supreme_court_associate_justice_seat_04_2004.json,21,2710260,2710263,3,True,-9.55,-9.55,0.0,DEM,DEM,False
2024,state_senate,nc_supreme_court_associate_justice_seat_04,state_senate_nc_supreme_court_associate_justice_seat_04_2004.json,22,2710260,2710263,3,True,-52.8,-52.8,0.0,DEM,DEM,False
2024,state_senate,nc_supreme_court_associate_justice_seat_04,state_senate_nc_supreme_court_associate_justice_seat_04_2004.json,23,2710260,2710263,3,True,-50.37,-50.37,0.0,DEM,DEM,False
2024,state_senate,nc_supreme_court_associate_justice_seat_04,state_senate_nc_supreme_court_associate_justice_seat_04_2004.json,24,2710260,2710263,3,True,-31.09,-31.09,0.0,DEM,DEM,False
2024,state_senate,nc_supreme_court_associate_justice_seat_04,state_senate_nc_supreme_court_associate_justice_seat_04_2004.json,25,2710260,2710263,3,True,-21.39,-21.39,0.0,DEM,DEM,False
2024,state_senate,nc_supreme_court_associate_justice_seat_04,state_senate_nc_supreme_court_associate_justice_seat_04_2004.json,26,2710260,2710263,3,True,-24.86,-24.86,0.0,DEM,DEM,False
2024,state_senate,nc_supreme_court_associate_justice_seat_04,state_senate_nc_supreme_court_associate_justice_seat_04_2004.json,27,2710260,2710263,3,True,-36.74,-36.74,0.0,DEM,DEM,False
2024,state_senate,nc_supreme_court_associate_justice_seat_04,state_senate_nc_supreme_court_associate_justice_seat_04_2004.json,28,2710260,2710263,3,True,-55.41,-55.41,0.0,DEM,DEM,False
2024,state_senate,nc_supreme_court_associate_justice_seat_04,state_senate_nc_supreme_court_associate_justice_seat_04_2004.json,29,2710260,2710263,3,True,-19.2,-19.2,0.0,DEM,DEM,False
2024,state_senate,nc_supreme_court_associate_justice_seat_04,state_senate_nc_supreme_court_associate_justice_seat_04_2004.json,30,2710260,2710263,3,True,-18.97,-18.97,0.0,DEM,DEM,False
2024,state_senate,nc_supreme_court_associate_justice_seat_04,state_senate_nc_supreme_court_associate_justice_seat_04_2004.json,31,2710260,2710263,3,True,-17.18,-17.18,0.0,DEM,DEM,False
2024,state_senate,nc_supreme_court_associate_justice_seat_04,state_senate_nc_supreme_court_associate_justice_seat_04_2004.json,32,2710260,2710263,3,True,-46.94,-46.94,0.0,DEM,DEM,False
2024,state_senate,nc_supreme_court_associate_justice_seat_04,state_senate_nc_supreme_court_associate_justice_seat_04_2004.json,33,2710260,2710263,3,True,-22.42,-22.42,0.0,DEM,DEM,False
2024,state_senate,nc_supreme_court_associate_justice_seat_04,state_senate_nc_supreme_court_associate_justice_seat_04_2004.json,34,2710260,2710263,3,True,-21.97,-21.97,0.0,DEM,DEM,False
2024,state_senate,nc_supreme_court_associate_justice_seat_04,state_senate_nc_supreme_court_associate_justice_seat_04_2004.json,35,2710260,2710263,3,True,-2.88,-2.88,0.0,DEM,DEM,False
2024,state_senate,nc_supreme_court_associate_justice_seat_04,state_senate_nc_supreme_court_associate_justice_seat_04_2004.json,36,2710260,2710263,3,True,-16.61,-16.61,0.0,DEM,DEM,False
2024,state_senate,nc_supreme_court_associate_justice_seat_04,state_senate_nc_supreme_court_associate_justice_seat_04_2004.json,37,2710260,2710263,3,True,-22.04,-22.04,0.0,DEM,DEM,False
2024,state_senate,nc_supreme_court_associate_justice_seat_04,state_senate_nc_supreme_court_associate_justice_seat_04_2004.json,38,2710260,2710263,3,True,-30.12,-30.12,0.0,DEM,DEM,False
2024,state_senate,nc_supreme_court_associate_justice_seat_04,state_senate_nc_supreme_court_associate_justice_seat_04_2004.json,39,2710260,2710263,3,True,-39.79,-39.79,0.0,DEM,DEM,False
2024,state_senate,nc_supreme_court_associate_justice_seat_04,state_senate_nc_supreme_court_associate_justice_seat_04_2004.json,40,2710260,2710263,3,True,-44.58,-44.58,0.0,DEM,DEM,False
2024,state_senate,nc_supreme_court_associate_justice_seat_04,state_senate_nc_supreme_court_associate_justice_seat_04_2004.json,41,2710260,2710263,3,True,-52.3,-52.3,0.0,DEM,DEM,False
2024,state_senate,nc_supreme_court_associate_justice_seat_04,state_senate_nc_supreme_court_associate_justice_seat_04_2004.json,42,2710260,2710263,3,True,-20.94,-20.94,0.0,DEM,DEM,False
2024,state_senate,nc_supreme_court_associate_justice_seat_04,state_senate_nc_supreme_court_associate_justice_seat_04_2004.json,43,2710260,2710263,3,True,-13.61,-13.61,0.0,DEM,DEM,False
2024,state_senate,nc_supreme_court_associate_justice_seat_04,state_senate_nc_supreme_court_associate_justice_seat_04_2004.json,44,2710260,2710263,3,True,-16.42,-16.42,0.0,DEM,DEM,False
2024,state_senate,nc_supreme_court_associate_justice_seat_04,state_senate_nc_supreme_court_associate_justice_seat_04_2004.json,45,2710260,2710263,3,True,-15.21,-15.21,0.0,DEM,DEM,False
2024,state_senate,nc_supreme_court_associate_justice_seat_04,state_senate_nc_supreme_court_associate_justice_seat_04_2004.json,46,2710260,2710263,3,True,-26.36,-26.36,0.0,DEM,DEM,False
2024,state_senate,nc_supreme_court_associate_justice_seat_04,state_senate_nc_supreme_court_associate_justice_seat_04_2004.json,47,2710260,2710263,3,True,-16.31,-16.31,0.0,DEM,DEM,False
2024,state_senate,nc_supreme_court_associate_justice_seat_04,state_senate_nc_supreme_court_associate_justice_seat_04_2004.json,48,2710260,2710263,3,True,-14.54,-14.54,0.0,DEM,DEM,False
2024,state_senate,nc_supreme_court_associate_justice_seat_04,state_senate_nc_supreme_court_associate_justice_seat_04_2004.json,49,2710260,2710263,3,True,-32.89,-32.89,0.0,DEM,DEM,False
2024,state_senate,nc_supreme_court_associate_justice_seat_04,state_senate_nc_supreme_court_associate_justice_seat_04_2004.json,50,2710260,2710263,3,True,-19.42,-19.42,0.0,DEM,DEM,False
2024,state_senate,president,state_senate_president_2004.json,1,3501007,3501006,-1,True,1.95,1.95,0.0,REP,REP,False
2024,state_senate,president,state_senate_president_2004.json,2,3501007,3501006,-1,True,7.3,7.3,0.0,REP,REP,False
2024,state_senate,president,state_senate_president_2004.json,3,3501007,3501006,-1,True,22.01,22.01,0.0,REP,REP,False
2024,state_senate,president,state_senate_president_2004.json,4,3501007,3501006,-1,True,16.87,16.87,0.0,REP,REP,False
2024,state_senate,president,state_senate_president_2004.json,5,3501007,3501006,-1,True,-1.4,-1.4,0.0,DEM,DEM,False
2024,state_senate,president,state_senate_president_2004.json,6,3501007,3501006,-1,True,39.26,39.26,0.0,REP,REP,False
2024,state_senate,president,state_senate_president_2004.json,7,3501007,3501006,-1,True,21.07,21.07,0.0,REP,REP,False
2024,state_senate,president,state_senate_president_2004.json,8,3501007,3501006,-1,True,4.76,4.76,0.0,REP,REP,False
2024,state_senate,president,state_senate_president_2004.json,9,3501007,3501006,-1,True,12.97,12.97,0.0,REP,REP,False
2024,state_senate,president,state_senate_president_2004.json,10,3501007,3501006,-1,True,36.1,36.1,0.0,REP,REP,False
2024,state_senate,president,state_senate_president_2004.json,11,3501007,3501006,-1,True,8.85,8.85,0.0,REP,REP,False
2024,state_senate,president,state_senate_president_2004.json,12,3501007,3501006,-1,True,25.63,25.63,0.0,REP,REP,False
2024,state_senate,president,state_senate_president_2004.json,13,3501007,3501006,-1,True,19.86,19.86,0.0,REP,REP,False
2024,state_senate,president,state_senate_president_2004.json,14,3501007,3501006,-1,True,-30.6,-30.6,0.0,DEM,DEM,False
2024,state_senate,president,state_senate_president_2004.json,15,3501007,3501006,-1,True,-9.58,-9.58,0.0,DEM,DEM,False
2024,state_senate,president,state_senate_president_2004.json,16,3501007,3501006,-1,True,0.33,0.33,0.0,REP,REP,False
2024,state_senate,president,state_senate_president_2004.json,17,3501007,3501006,-1,True,13.06,13.06,0.0,REP,REP,False
2024,state_senate,president,state_senate_president_2004.json,18,3501007,3501006,-1,True,18.03,18.03,0.0,REP,REP,False
2024,state_senate,president,state_senate_president_2004.json,19,3501007,3501006,-1,True,-4.54,-4.54,0.0,DEM,DEM,False
2024,state_senate,president,state_senate_president_2004.json,20,3501007,3501006,-1,True,-24.45,-24.45,0.0,DEM,DEM,False
2024,state_senate,president,state_senate_president_2004.json,21,3501007,3501006,-1,True,24.75,24.75,0.0,REP,REP,False
2024,state_senate,president,state_senate_president_2004.json,22,3501007,3501006,-1,True,-34.4,-34.4,0.0,DEM,DEM,False
2024,state_senate,president,state_senate_president_2004.json,23,3501007,3501006,-1,True,-21.41,-21.41,0.0,DEM,DEM,False
2024,state_senate,president,state_senate_president_2004.json,24,3501007,3501006,-1,True,-6.65,-6.65,0.0,DEM,DEM,False
2024,state_senate,president,state_senate_president_2004.json,25,3501007,3501006,-1,True,28.58,28.58,0.0,REP,REP,False
2024,state_senate,president,state_senate_president_2004.json,26,3501007,3501006,-1,True,32.87,32.87,0.0,REP,REP,False
2024,state_senate,president,state_senate_president_2004.json,27,3501007,3501006,-1,True,6.07,6.07,0.0,REP,REP,False
2024,state_senate,president,state_senate_president_2004.json,28,3501007,3501006,-1,True,-33.78,-33.78,0.0,DEM,DEM,False
2024,state_senate,president,state_senate_president_2004.json,29,3501007,3501006,-1,True,22.96,22.96,0.0,REP,REP,False
2024,state_senate,president,state_senate_president_2004.json,30,3501007,3501006,-1,True,43.32,43.32,0.0,REP,REP,False
2024,state_senate,president,state_senate_president_2004.json,31,3501007,3501006,-1,True,38.1,38.1,0.0,REP,REP,False
2024,state_senate,president,state_senate_president_2004.json,32,3501007,3501006,-1,True,-15.81,-15.81,0.0,DEM,DEM,False
2024,state_senate,president,state_senate_president_2004.json,33,3501007,3501006,-1,True,36.61,36.61,0.0,REP,REP,False
2024,state_senate,president,state_senate_president_2004.json,34,3501007,3501006,-1,True,34.5,34.5,0.0,REP,REP,False
2024,state_senate,president,state_senate_president_2004.json,35,3501007,3501006,-1,True,44.42,44.42,0.0,REP,REP,False
2024,state_senate,president,state_senate_president_2004.json,36,3501007,3501006,-1,True,41.98,41.98,0.0,REP,REP,False
2024,state_senate,president,state_senate_president_2004.json,37,3501007,3501006,-1,True,34.21,34.21,0.0,REP,REP,False
2024,state_senate,president,state_senate_president_2004.json,38,3501007,3501006,-1,True,5.37,5.37,0.0,REP,REP,False
2024,state_senate,president,state_senate_president_2004.json,39,3501007,3501006,-1,True,-6.14,-6.14,0.0,DEM,DEM,False
2024,state_senate,president,state_senate_president_2004.json,40,3501007,3501006,-1,True,-26.14,-26.14,0.0,DEM,DEM,False
2024,state_senate,president,state_senate_president_2004.json,41,3501007,3501006,-1,True,-41.63,-41.63,0.0,DEM,DEM,False
2024,state_senate,president,state_senate_president_2004.json,42,3501007,3501006,-1,True,32.88,32.88,0.0,REP,REP,False
2024,state_senate,president,state_senate_president_2004.json,43,3501007,3501006,-1,True,35.36,35.36,0.0,REP,REP,False
2024,state_senate,president,state_senate_president_2004.json,44,3501007,3501006,-1,True,29.84,29.84,0.0,REP,REP,False
2024,state_senate,president,state_senate_president_2004.json,45,3501007,3501006,-1,True,36.0,36.0,0.0,REP,REP,False
2024,state_senate,president,state_senate_president_2004.json,46,3501007,3501006,-1,True,17.4,17.4,0.0,REP,REP,False
2024,state_senate,president,state_senate_president_2004.json,47,3501007,3501006,-1,True,20.05,20.05,0.0,REP,REP,False
2024,state_senate,president,state_senate_president_2004.json,48,3501007,3501006,-1,True,29.3,29.3,0.0,REP,REP,False
2024,state_senate,president,state_senate_president_2004.json,49,3501007,3501006,-1,True,0.3,0.3,0.0,REP,REP,False
2024,state_senate,president,state_senate_president_2004.json,50,3501007,3501006,-1,True,19.31,19.31,0.0,REP,REP,False
2024,state_senate,secretary_of_state,state_senate_secretary_of_state_2004.json,1,3334694,3334695,1,True,-28.47,-28.47,0.0,DEM,DEM,False
2024,state_senate,secretary_of_state,state_senate_secretary_of_state_2004.json,2,3334694,3334695,1,True,-30.44,-30.44,0.0,DEM,DEM,False
2024,state_senate,secretary_of_state,state_senate_secretary_of_state_2004.json,3,3334694,3334695,1,True,-12.47,-12.47,0.0,DEM,DEM,False
2024,state_senate,secretary_of_state,state_senate_secretary_of_state_2004.json,4,3334694,3334695,1,True,-20.44,-20.44,0.0,DEM,DEM,False
2024,state_senate,secretary_of_state,state_senate_secretary_of_state_2004.json,5,3334694,3334695,1,True,-29.42,-29.42,0.0,DEM,DEM,False
2024,state_senate,secretary_of_state,state_senate_secretary_of_state_2004.json,6,3334694,3334695,1,True,4.59,4.59,0.0,REP,REP,False
2024,state_senate,secretary_of_state,state_senate_secretary_of_state_2004.json,7,3334694,3334695,1,True,-4.02,-4.02,0.0,DEM,DEM,False
2024,state_senate,secretary_of_state,state_senate_secretary_of_state_2004.json,8,3334694,3334695,1,True,-29.96,-29.96,0.0,DEM,DEM,False
2024,state_senate,secretary_of_state,state_senate_secretary_of_state_2004.json,9,3334694,3334695,1,True,-26.18,-26.18,0.0,DEM,DEM,False
2024,state_senate,secretary_of_state,state_senate_secretary_of_state_2004.json,10,3334694,3334695,1,True,-9.05,-9.05,0.0,DEM,DEM,False
2024,state_senate,secretary_of_state,state_senate_secretary_of_state_2004.json,11,3334694,3334695,1,True,-32.3,-32.3,0.0,DEM,DEM,False
2024,state_senate,secretary_of_state,state_senate_secretary_of_state_2004.json,12,3334694,3334695,1,True,-22.55,-22.55,0.0,DEM,DEM,False
2024,state_senate,secretary_of_state,state_senate_secretary_of_state_2004.json,13,3334694,3334695,1,True,-11.59,-11.59,0.0,DEM,DEM,False
2024,state_senate,secretary_of_state,state_senate_secretary_of_state_2004.json,14,3334694,3334695,1,True,-50.82,-50.82,0.0,DEM,DEM,False
2024,state_senate,secretary_of_state,state_senate_secretary_of_state_2004.json,15,3334694,3334695,1,True,-33.77,-33.77,0.0,DEM,DEM,False
2024,state_senate,secretary_of_state,state_senate_secretary_of_state_2004.json,16,3334694,3334695,1,True,-22.18,-22.18,0.0,DEM,DEM,False
2024,state_senate,secretary_of_state,state_senate_secretary_of_state_2004.json,17,3334694,3334695,1,True,-7.74,-7.74,0.0,DEM,DEM,False
2024,state_senate,secretary_of_state,state_senate_secretary_of_state_2004.json,18,3334694,3334695,1,True,-12.9,-12.9,0.0,DEM,DEM,False
2024,state_senate,secretary_of_state,state_senate_secretary_of_state_2004.json,19,3334694,3334695,1,True,-33.43,-33.43,0.0,DEM,DEM,False
2024,state_senate,secretary_of_state,state_senate_secretary_of_state_2004.json,20,3334694,3334695,1,True,-46.01,-46.01,0.0,DEM,DEM,False
2024,state_senate,secretary_of_state,state_senate_secretary_of_state_2004.json,21,3334694,3334695,1,True,-5.12,-5.12,0.0,DEM,DEM,False
2024,state_senate,secretary_of_state,state_senate_secretary_of_state_2004.json,22,3334694,3334695,1,True,-54.29,-54.29,0.0,DEM,DEM,False
2024,state_senate,secretary_of_state,state_senate_secretary_of_state_2004.json,23,3334694,3334695,1,True,-45.16,-45.16,0.0,DEM,DEM,False
2024,state_senate,secretary_of_state,state_senate_secretary_of_state_2004.json,24,3334694,3334695,1,True,-46.61,-46.61,0.0,DEM,DEM,False
2024,state_senate,secretary_of_state,state_senate_secretary_of_state_2004.json,25,3334694,3334695,1,True,0.88,0.88,0.0,REP,REP,False
2024,state_senate,secretary_of_state,state_senate_secretary_of_state_2004.json,26,3334694,3334695,1,True,0.24,0.24,0.0,REP,REP,False
2024,state_senate,secretary_of_state,state_senate_secretary_of_state_2004.json,27,3334694,3334695,1,True,-15.02,-15.02,0.0,DEM,DEM,False
2024,state_senate,secretary_of_state,state_senate_secretary_of_state_2004.json,28,3334694,3334695,1,True,-51.02,-51.02,0.0,DEM,DEM,False
2024,state_senate,secretary_of_state,state_senate_secretary_of_state_2004.json,29,3334694,3334695,1,True,-9.03,-9.03,0.0,DEM,DEM,False
2024,state_senate,secretary_of_state,state_senate_secretary_of_state_2004.json,30,3334694,3334695,1,True,14.28,14.28,0.0,REP,REP,False
2024,state_senate,secretary_of_state,state_senate_secretary_of_state_2004.json,31,3334694,3334695,1,True,10.95,10.95,0.0,REP,REP,False
2024,state_senate,secretary_of_state,state_senate_secretary_of_state_2004.json,32,3334694,3334695,1,True,-34.36,-34.36,0.0,DEM,DEM,False
2024,state_senate,secretary_of_state,state_senate_secretary_of_state_2004.json,33,3334694,3334695,1,True,2.45,2.45,0.0,REP,REP,False
2024,state_senate,secretary_of_state,state_senate_secretary_of_state_2004.json,34,3334694,3334695,1,True,7.0,7.0,0.0,REP,REP,False
2024,state_senate,secretary_of_state,state_senate_secretary_of_state_2004.json,35,3334694,3334695,1,True,27.41,27.41,0.0,REP,REP,False
2024,state_senate,secretary_of_state,state_senate_secretary_of_state_2004.json,36,3334694,3334695,1,True,8.54,8.54,0.0,REP,REP,False
2024,state_senate,secretary_of_state,state_senate_secretary_of_state_2004.json,37,3334694,3334695,1,True,8.95,8.95,0.0,REP,REP,False
2024,state_senate,secretary_of_state,state_senate_secretary_of_state_2004.json,38,3334694,3334695,1,True,-6.54,-6.54,0.0,DEM,DEM,False
2024,state_senate,secretary_of_state,state_senate_secretary_of_state_2004.json,39,3334694,3334695,1,True,-17.82,-17.82,0.0,DEM,DEM,False
2024,state_senate,secretary_of_state,state_senate_secretary_of_state_2004.json,40,3334694,3334695,1,True,-38.21,-38.21,0.0,DEM,DEM,False
2024,state_senate,secretary_of_state,state_senate_secretary_of_state_2004.json,41,3334694,3334695,1,True,-52.0,-52.0,0.0,DEM,DEM,False
2024,state_senate,secretary_of_state,state_senate_secretary_of_state_2004.json,42,3334694,3334695,1,True,20.77,20.77,0.0,REP,REP,False
2024,state_senate,secretary_of_state,state_senate_secretary_of_state_2004.json,43,3334694,3334695,1,True,9.86,9.86,0.0,REP,REP,False
2024,state_senate,secretary_of_state,state_senate_secretary_of_state_2004.json,44,3334694,3334695,1,True,-5.35,-5.35,0.0,DEM,DEM,False
2024,state_senate,secretary_of_state,state_senate_secretary_of_state_2004.json,45,3334694,3334695,1,True,10.25,10.25,0.0,REP,REP,False
2024,state_senate,secretary_of_state,state_senate_secretary_of_state_2004.json,46,3334694,3334695,1,True,-7.21,-7.21,0.0,DEM,DEM,False
2024,state_senate,secretary_of_state,state_senate_secretary_of_state_2004.json,47,3334694,3334695,1,True,-3.37,-3.37,0.0,DEM,DEM,False
2024,state_senate,secretary_of_state,state_senate_secretary_of_state_2004.json,48,3334694,3334695,1,True,8.67,8.67,0.0,REP,REP,False
2024,state_senate,secretary_of_state,state_senate_secretary_of_state_2004.json,49,3334694,3334695,1,True,-17.95,-17.95,0.0,DEM,DEM,False
2024,state_senate,secretary_of_state,state_senate_secretary_of_state_2004.json,50,3334694,3334695,1,True,-3.88,-3.88,0.0,DEM,DEM,False
2024,state_senate,superintendent,state_senate_superintendent_2004.json,1,3302903,3302905,2,True,-18.94,-18.94,0.0,DEM,DEM,False
2024,state_senate,superintendent,state_senate_superintendent_2004.json,2,3302903,3302905,2,True,-15.44,-15.44,0.0,DEM,DEM,False
2024,state_senate,superintendent,state_senate_superintendent_2004.json,3,3302903,3302905,2,True,1.93,1.93,0.0,REP,REP,False
2024,state_senate,superintendent,state_senate_superintendent_2004.json,4,3302903,3302905,2,True,-1.75,-1.75,0.0,DEM,DEM,False
2024,state_senate,superintendent,state_senate_superintendent_2004.json,5,3302903,3302905,2,True,-18.74,-18.74,0.0,DEM,DEM,False
2024,state_senate,superintendent,state_senate_superintendent_2004.json,6,3302903,3302905,2,True,18.4,18.4,0.0,REP,REP,False
2024,state_senate,superintendent,state_senate_superintendent_2004.json,7,3302903,3302905,2,True,9.58,9.58,0.0,REP,REP,False
2024,state_senate,superintendent,state_senate_superintendent_2004.json,8,3302903,3302905,2,True,-15.65,-15.65,0.0,DEM,DEM,False
2024,state_senate,superintendent,state_senate_superintendent_2004.json,9,3302903,3302905,2,True,-9.17,-9.17,0.0,DEM,DEM,False
2024,state_senate,superintendent,state_senate_superintendent_2004.json,10,3302903,3302905,2,True,18.09,18.09,0.0,REP,REP,False
2024,state_senate,superintendent,state_senate_superintendent_2004.json,11,3302903,3302905,2,True,-11.12,-11.12,0.0,DEM,DEM,False
2024,state_senate,superintendent,state_senate_superintendent_2004.json,12,3302903,3302905,2,True,3.43,3.43,0.0,REP,REP,False
2024,state_senate,superintendent,state_senate_superintendent_2004.json,13,3302903,3302905,2,True,9.78,9.78,0.0,REP,REP,False
2024,state_senate,superintendent,state_senate_superintendent_2004.json,14,3302903,3302905,2,True,-38.0,-38.0,0.0,DEM,DEM,False
2024,state_senate,superintendent,state_senate_superintendent_2004.json,15,3302903,3302905,2,True,-13.12,-13.12,0.0,DEM,DEM,False
2024,state_senate,superintendent,state_senate_superintendent_2004.json,16,3302903,3302905,2,True,-3.21,-3.21,0.0,DEM,DEM,False
2024,state_senate,superintendent,state_senate_superintendent_2004.json,17,3302903,3302905,2,True,8.07,8.07,0.0,REP,REP,False
2024,state_senate,superintendent,state_senate_superintendent_2004.json,18,3302903,3302905,2,True,6.69,6.69,0.0,REP,REP,False
2024,state_senate,superintendent,state_senate_superintendent_2004.json,19,3302903,3302905,2,True,-20.9,-20.9,0.0,DEM,DEM,False
2024,state_senate,superintendent,state_senate_superintendent_2004.json,20,3302903,3302905,2,True,-30.57,-30.57,0.0,DEM,DEM,False
2024,state_senate,superintendent,state_senate_superintendent_2004.json,21,3302903,3302905,2,True,9.12,9.12,0.0,REP,REP,False
2024,state_senate,superintendent,state_senate_superintendent_2004.json,22,3302903,3302905,2,True,-39.0,-39.0,0.0,DEM,DEM,False
2024,state_senate,superintendent,state_senate_superintendent_2004.json,23,3302903,3302905,2,True,-29.08,-29.08,0.0,DEM,DEM,False
2024,state_senate,superintendent,state_senate_superintendent_2004.json,24,3302903,3302905,2,True,-34.79,-34.79,0.0,DEM,DEM,False
2024,state_senate,superintendent,state_senate_superintendent_2004.json,25,3302903,3302905,2,True,15.14,15.14,0.0,REP,REP,False
2024,state_senate,superintendent,state_senate_superintendent_2004.json,26,3302903,3302905,2,True,17.86,17.86,0.0,REP,REP,False
2024,state_senate,superintendent,state_senate_superintendent_2004.json,27,3302903,3302905,2,True,-0.76,-0.76,0.0,DEM,DEM,False
2024,state_senate,superintendent,state_senate_superintendent_2004.json,28,3302903,3302905,2,True,-41.75,-41.75,0.0,DEM,DEM,False
2024,state_senate,superintendent,state_senate_superintendent_2004.json,29,3302903,3302905,2,True,7.95,7.95,0.0,REP,REP,False
2024,state_senate,superintendent,state_senate_superintendent_2004.json,30,3302903,3302905,2,True,29.1,29.1,0.0,REP,REP,False
2024,state_senate,superintendent,state_senate_superintendent_2004.json,31,3302903,3302905,2,True,27.19,27.19,0.0,REP,REP,False
2024,state_senate,superintendent,state_senate_superintendent_2004.json,32,3302903,3302905,2,True,-22.55,-22.55,0.0,DEM,DEM,False
2024,state_senate,superintendent,state_senate_superintendent_2004.json,33,3302903,3302905,2,True,21.32,21.32,0.0,REP,REP,False
2024,state_senate,superintendent,state_senate_superintendent_2004.json,34,3302903,3302905,2,True,23.69,23.69,0.0,REP,REP,False
2024,state_senate,superintendent,state_senate_superintendent_2004.json,35,3302903,3302905,2,True,36.97,36.97,0.0,REP,REP,False
2024,state_senate,superintendent,state_senate_superintendent_2004.json,36,3302903,3302905,2,True,27.76,27.76,0.0,REP,REP,False
2024,state_senate,superintendent,state_senate_superintendent_2004.json,37,3302903,3302905,2,True,23.35,23.35,0.0,REP,REP,False
2024,state_senate,superintendent,state_senate_superintendent_2004.json,38,3302903,3302905,2,True,-0.99,-0.99,0.0,DEM,DEM,False
2024,state_senate,superintendent,state_senate_superintendent_2004.json,39,3302903,3302905,2,True,-11.94,-11.94,0.0,DEM,DEM,False
2024,state_senate,superintendent,state_senate_superintendent_2004.json,40,3302903,3302905,2,True,-33.23,-33.23,0.0,DEM,DEM,False
2024,state_senate,superintendent,state_senate_superintendent_2004.json,41,3302903,3302905,2,True,-47.66,-47.66,0.0,DEM,DEM,False
2024,state_senate,superintendent,state_senate_superintendent_2004.json,42,3302903,3302905,2,True,27.71,27.71,0.0,REP,REP,False
2024,state_senate,superintendent,state_senate_superintendent_2004.json,43,3302903,3302905,2,True,24.66,24.66,0.0,REP,REP,False
2024,state_senate,superintendent,state_senate_superintendent_2004.json,44,3302903,3302905,2,True,13.47,13.47,0.0,REP,REP,False
2024,state_senate,superintendent,state_senate_superintendent_2004.json,45,3302903,3302905,2,True,27.03,27.03,0.0,REP,REP,False
2024,state_senate,superintendent,state_senate_superintendent_2004.json,46,3302903,3302905,2,True,5.48,5.48,0.0,REP,REP,False
2024,state_senate,superintendent,state_senate_superintendent_2004.json,47,3302903,3302905,2,True,8.68,8.68,0.0,REP,REP,False
2024,state_senate,superintendent,state_senate_superintendent_2004.json,48,3302903,3302905,2,True,16.89,16.89,0.0,REP,REP,False
2024,state_senate,superintendent,state_senate_superintendent_2004.json,49,3302903,3302905,2,True,-10.53,-10.53,0.0,DEM,DEM,False
2024,state_senate,superintendent,state_senate_superintendent_2004.json,50,3302903,3302905,2,True,4.22,4.22,0.0,REP,REP,False
2024,state_senate,treasurer,state_senate_treasurer_2004.json,1,3324820,3324817,-3,True,-19.74,-19.74,0.0,DEM,DEM,False
2024,state_senate,treasurer,state_senate_treasurer_2004.json,2,3324820,3324817,-3,True,-23.01,-23.01,0.0,DEM,DEM,False
2024,state_senate,treasurer,state_senate_treasurer_2004.json,3,3324820,3324817,-3,True,-2.85,-2.85,0.0,DEM,DEM,False
2024,state_senate,treasurer,state_senate_treasurer_2004.json,4,3324820,3324817,-3,True,-15.71,-15.71,0.0,DEM,DEM,False
2024,state_senate,treasurer,state_senate_treasurer_2004.json,5,3324820,3324817,-3,True,-26.32,-26.32,0.0,DEM,DEM,False
2024,state_senate,treasurer,state_senate_treasurer_2004.json,6,3324820,3324817,-3,True,13.12,13.12,0.0,REP,REP,False
2024,state_senate,treasurer,state_senate_treasurer_2004.json,7,3324820,3324817,-3,True,7.62,7.62,0.0,REP,REP,False
2024,state_senate,treasurer,state_senate_treasurer_2004.json,8,3324820,3324817,-3,True,-19.22,-19.22,0.0,DEM,DEM,False
2024,state_senate,treasurer,state_senate_treasurer_2004.json,9,3324820,3324817,-3,True,-17.77,-17.77,0.0,DEM,DEM,False
2024,state_senate,treasurer,state_senate_treasurer_2004.json,10,3324820,3324817,-3,True,-4.38,-4.38,0.0,DEM,DEM,False
2024,state_senate,treasurer,state_senate_treasurer_2004.json,11,3324820,3324817,-3,True,-32.04,-32.04,0.0,DEM,DEM,False
2024,state_senate,treasurer,state_senate_treasurer_2004.json,12,3324820,3324817,-3,True,-13.34,-13.34,0.0,DEM,DEM,False
2024,state_senate,treasurer,state_senate_treasurer_2004.json,13,3324820,3324817,-3,True,-7.29,-7.29,0.0,DEM,DEM,False
2024,state_senate,treasurer,state_senate_treasurer_2004.json,14,3324820,3324817,-3,True,-48.38,-48.38,0.0,DEM,DEM,False
2024,state_senate,treasurer,state_senate_treasurer_2004.json,15,3324820,3324817,-3,True,-31.59,-31.59,0.0,DEM,DEM,False
2024,state_senate,treasurer,state_senate_treasurer_2004.json,16,3324820,3324817,-3,True,-18.62,-18.62,0.0,DEM,DEM,False
2024,state_senate,treasurer,state_senate_treasurer_2004.json,17,3324820,3324817,-3,True,-3.87,-3.87,0.0,DEM,DEM,False
2024,state_senate,treasurer,state_senate_treasurer_2004.json,18,3324820,3324817,-3,True,-11.53,-11.53,0.0,DEM,DEM,False
2024,state_senate,treasurer,state_senate_treasurer_2004.json,19,3324820,3324817,-3,True,-27.38,-27.38,0.0,DEM,DEM,False
2024,state_senate,treasurer,state_senate_treasurer_2004.json,20,3324820,3324817,-3,True,-41.87,-41.87,0.0,DEM,DEM,False
2024,state_senate,treasurer,state_senate_treasurer_2004.json,21,3324820,3324817,-3,True,-2.03,-2.03,0.0,DEM,DEM,False
2024,state_senate,treasurer,state_senate_treasurer_2004.json,22,3324820,3324817,-3,True,-51.48,-51.48,0.0,DEM,DEM,False
2024,state_senate,treasurer,state_senate_treasurer_2004.json,23,3324820,3324817,-3,True,-41.58,-41.58,0.0,DEM,DEM,False
2024,state_senate,treasurer,state_senate_treasurer_2004.json,24,3324820,3324817,-3,True,-44.47,-44.47,0.0,DEM,DEM,False
2024,state_senate,treasurer,state_senate_treasurer_2004.json,25,3324820,3324817,-3,True,3.62,3.62,0.0,REP,REP,False
2024,state_senate,treasurer,state_senate_treasurer_2004.json,26,3324820,3324817,-3,True,7.74,7.74,0.0,REP,REP,False
2024,state_senate,treasurer,state_senate_treasurer_2004.json,27,3324820,3324817,-3,True,-6.78,-6.78,0.0,DEM,DEM,False
2024,state_senate,treasurer,state_senate_treasurer_2004.json,28,3324820,3324817,-3,True,-45.18,-45.18,0.0,DEM,DEM,False
2024,state_senate,treasurer,state_senate_treasurer_2004.json,29,3324820,3324817,-3,True,-1.92,-1.92,0.0,DEM,DEM,False
2024,state_senate,treasurer,state_senate_treasurer_2004.json,30,3324820,3324817,-3,True,22.37,22.37,0.0,REP,REP,False
2024,state_senate,treasurer,state_senate_treasurer_2004.json,31,3324820,3324817,-3,True,18.55,18.55,0.0,REP,REP,False
2024,state_senate,treasurer,state_senate_treasurer_2004.json,32,3324820,3324817,-3,True,-28.95,-28.95,0.0,DEM,DEM,False
2024,state_senate,treasurer,state_senate_treasurer_2004.json,33,3324820,3324817,-3,True,9.23,9.23,0.0,REP,REP,False
2024,state_senate,treasurer,state_senate_treasurer_2004.json,34,3324820,3324817,-3,True,7.81,7.81,0.0,REP,REP,False
2024,state_senate,treasurer,state_senate_treasurer_2004.json,35,3324820,3324817,-3,True,30.65,30.65,0.0,REP,REP,False
2024,state_senate,treasurer,state_senate_treasurer_2004.json,36,3324820,3324817,-3,True,17.32,17.32,0.0,REP,REP,False
2024,state_senate,treasurer,state_senate_treasurer_2004.json,37,3324820,3324817,-3,True,15.47,15.47,0.0,REP,REP,False
2024,state_senate,treasurer,state_senate_treasurer_2004.json,38,3324820,3324817,-3,True,-3.0,-3.0,0.0,DEM,DEM,False
2024,state_senate,treasurer,state_senate_treasurer_2004.json,39,3324820,3324817,-3,True,-14.75,-14.75,0.0,DEM,DEM,False
2024,state_senate,treasurer,state_senate_treasurer_2004.json,40,3324820,3324817,-3,True,-35.87,-35.87,0.0,DEM,DEM,False
2024,state_senate,treasurer,state_senate_treasurer_2004.json,41,3324820,3324817,-3,True,-49.36,-49.36,0.0,DEM,DEM,False
2024,state_senate,treasurer,state_senate_treasurer_2004.json,42,3324820,3324817,-3,True,23.47,23.47,0.0,REP,REP,False
2024,state_senate,treasurer,state_senate_treasurer_2004.json,43,3324820,3324817,-3,True,14.55,14.55,0.0,REP,REP,False
2024,state_senate,treasurer,state_senate_treasurer_2004.json,44,3324820,3324817,-3,True,0.14,0.14,0.0,REP,REP,False
2024,state_senate,treasurer,state_senate_treasurer_2004.json,45,3324820,3324817,-3,True,18.44,18.44,0.0,REP,REP,False
2024,state_senate,treasurer,state_senate_treasurer_2004.json,46,3324820,3324817,-3,True,0.22,0.22,0.0,REP,REP,False
2024,state_senate,treasurer,state_senate_treasurer_2004.json,47,3324820,3324817,-3,True,3.87,3.87,0.0,REP,REP,False
2024,state_senate,treasurer,state_senate_treasurer_2004.json,48,3324820,3324817,-3,True,16.76,16.76,0.0,REP,REP,False
2024,state_senate,treasurer,state_senate_treasurer_2004.json,49,3324820,3324817,-3,True,-11.94,-11.94,0.0,DEM,DEM,False
2024,state_senate,treasurer,state_senate_treasurer_2004.json,50,3324820,3324817,-3,True,3.3,3.3,0.0,REP,REP,False
2024,state_senate,us_senate,state_senate_us_senate_2004.json,1,3472082,3472085,3,True,-9.65,-9.65,0.0,DEM,DEM,False
2024,state_senate,us_senate,state_senate_us_senate_2004.json,2,3472082,3472085,3,True,-3.51,-3.51,0.0,DEM,DEM,False
2024,state_senate,us_senate,state_senate_us_senate_2004.json,3,3472082,3472085,3,True,12.14,12.14,0.0,REP,REP,False
2024,state_senate,us_senate,state_senate_us_senate_2004.json,4,3472082,3472085,3,True,6.63,6.63,0.0,REP,REP,False
2024,state_senate,us_senate,state_senate_us_senate_2004.json,5,3472082,3472085,3,True,-8.48,-8.48,0.0,DEM,DEM,False
2024,state_senate,us_senate,state_senate_us_senate_2004.json,6,3472082,3472085,3,True,28.38,28.38,0.0,REP,REP,False
2024,state_senate,us_senate,state_senate_us_senate_2004.json,7,3472082,3472085,3,True,14.78,14.78,0.0,REP,REP,False
2024,state_senate,us_senate,state_senate_us_senate_2004.json,8,3472082,3472085,3,True,-5.72,-5.72,0.0,DEM,DEM,False
2024,state_senate,us_senate,state_senate_us_senate_2004.json,9,3472082,3472085,3,True,3.14,3.14,0.0,REP,REP,False
2024,state_senate,us_senate,state_senate_us_senate_2004.json,10,3472082,3472085,3,True,24.78,24.78,0.0,REP,REP,False
2024,state_senate,us_senate,state_senate_us_senate_2004.json,11,3472082,3472085,3,True,-1.22,-1.22,0.0,DEM,DEM,False
2024,state_senate,us_senate,state_senate_us_senate_2004.json,12,3472082,3472085,3,True,12.15,12.15,0.0,REP,REP,False
2024,state_senate,us_senate,state_senate_us_senate_2004.json,13,3472082,3472085,3,True,11.68,11.68,0.0,REP,REP,False
2024,state_senate,us_senate,state_senate_us_senate_2004.json,14,3472082,3472085,3,True,-37.0,-37.0,0.0,DEM,DEM,False
2024,state_senate,us_senate,state_senate_us_senate_2004.json,15,3472082,3472085,3,True,-15.84,-15.84,0.0,DEM,DEM,False
2024,state_senate,us_senate,state_senate_us_senate_2004.json,16,3472082,3472085,3,True,-5.04,-5.04,0.0,DEM,DEM,False
2024,state_senate,us_senate,state_senate_us_senate_2004.json,17,3472082,3472085,3,True,7.98,7.98,0.0,REP,REP,False
2024,state_senate,us_senate,state_senate_us_senate_2004.json,18,3472082,3472085,3,True,10.48,10.48,0.0,REP,REP,False
2024,state_senate,us_senate,state_senate_us_senate_2004.json,19,3472082,3472085,3,True,-13.73,-13.73,0.0,DEM,DEM,False
2024,state_senate,us_senate,state_senate_us_senate_2004.json,20,3472082,3472085,3,True,-29.12,-29.12,0.0,DEM,DEM,False
2024,state_senate,us_senate,state_senate_us_senate_2004.json,21,3472082,3472085,3,True,15.22,15.22,0.0,REP,REP,False
2024,state_senate,us_senate,state_senate_us_senate_2004.json,22,3472082,3472085,3,True,-38.52,-38.52,0.0,DEM,DEM,False
2024,state_senate,us_senate,state_senate_us_senate_2004.json,23,3472082,3472085,3,True,-25.2,-25.2,0.0,DEM,DEM,False
2024,state_senate,us_senate,state_senate_us_senate_2004.json,24,3472082,3472085,3,True,-20.83,-20.83,0.0,DEM,DEM,False
2024,state_senate,us_senate,state_senate_us_senate_2004.json,25,3472082,3472085,3,True,20.52,20.52,0.0,REP,REP,False
2024,state_senate,us_senate,state_senate_us_senate_2004.json,26,3472082,3472085,3,True,24.49,24.49,0.0,REP,REP,False
2024,state_senate,us_senate,state_senate_us_senate_2004.json,27,3472082,3472085,3,True,-1.19,-1.19,0.0,DEM,DEM,False
2024,state_senate,us_senate,state_senate_us_senate_2004.json,28,3472082,3472085,3,True,-39.96,-39.96,0.0,DEM,DEM,False
2024,state_senate,us_senate,state_senate_us_senate_2004.json,29,3472082,3472085,3,True,13.36,13.36,0.0,REP,REP,False
2024,state_senate,us_senate,state_senate_us_senate_2004.json,30,3472082,3472085,3,True,35.16,35.16,0.0,REP,REP,False
2024,state_senate,us_senate,state_senate_us_senate_2004.json,31,3472082,3472085,3,True,34.68,34.68,0.0,REP,REP,False
2024,state_senate,us_senate,state_senate_us_senate_2004.json,32,3472082,3472085,3,True,-15.27,-15.27,0.0,DEM,DEM,False
2024,state_senate,us_senate,state_senate_us_senate_2004.json,33,3472082,3472085,3,True,27.28,27.28,0.0,REP,REP,False
2024,state_senate,us_senate,state_senate_us_senate_2004.json,34,3472082,3472085,3,True,25.08,25.08,0.0,REP,REP,False
2024,state_senate,us_senate,state_senate_us_senate_2004.json,35,3472082,3472085,3,True,36.95,36.95,0.0,REP,REP,False
2024,state_senate,us_senate,state_senate_us_senate_2004.json,36,3472082,3472085,3,True,34.66,34.66,0.0,REP,REP,False
2024,state_senate,us_senate,state_senate_us_senate_2004.json,37,3472082,3472085,3,True,25.37,25.37,0.0,REP,REP,False
2024,state_senate,us_senate,state_senate_us_senate_2004.json,38,3472082,3472085,3,True,-0.03,-0.03,0.0,DEM,DEM,False
2024,state_senate,us_senate,state_senate_us_senate_2004.json,39,3472082,3472085,3,True,-13.13,-13.13,0.0,DEM,DEM,False
2024,state_senate,us_senate,state_senate_us_senate_2004.json,40,3472082,3472085,3,True,-31.74,-31.74,0.0,DEM,DEM,False
2024,state_senate,us_senate,state_senate_us_senate_2004.json,41,3472082,3472085,3,True,-46.51,-46.51,0.0,DEM,DEM,False
2024,state_senate,us_senate,state_senate_us_senate_2004.json,42,3472082,3472085,3,True,23.81,23.81,0.0,REP,REP,False
2024,state_senate,us_senate,state_senate_us_senate_2004.json,43,3472082,3472085,3,True,26.47,26.47,0.0,REP,REP,False
2024,state_senate,us_senate,state_senate_us_senate_2004.json,44,3472082,3472085,3,True,18.57,18.57,0.0,REP,REP,False
2024,state_senate,us_senate,state_senate_us_senate_2004.json,45,3472082,3472085,3,True,27.99,27.99,0.0,REP,REP,False
2024,state_senate,us_senate,state_senate_us_senate_2004.json,46,3472082,3472085,3,True,9.84,9.84,0.0,REP,REP,False
2024,state_senate,us_senate,state_senate_us_senate_2004.json,47,3472082,3472085,3,True,14.57,14.57,0.0,REP,REP,False
2024,state_senate,us_senate,state_senate_us_senate_2004.json,48,3472082,3472085,3,True,19.8,19.8,0.0,REP,REP,False
2024,state_senate,us_senate,state_senate_us_senate_2004.json,49,3472082,3472085,3,True,-5.12,-5.12,0.0,DEM,DEM,False
2024,state_senate,us_senate,state_senate_us_senate_2004.json,50,3472082,3472085,3,True,9.65,9.65,0.0,REP,REP,False
