year,county,raw_precinct,group_id,strategy,synthetic_key,voter_history_code_confirmed
2000,BUNCOMBE,01.1 01,BUNCOMBE|HSC|H51|S28|C11,election_district_cell_hsc,BUNCOMBE - 01.1 01,False
2000,BUNCOMBE,02.1 02,BUNCOMBE|HSC|H51|S28|C11,election_district_cell_hsc,BUNCOMBE - 02.1 02,False
2000,BUNCOMBE,03.1 03,BUNCOMBE|HSC|H51|S28|C11,election_district_cell_hsc,BUNCOMBE - 03.1 03,False
2000,BUNCOMBE,04.1 04,BUNCOMBE|HSC|H51|S28|C11,election_district_cell_hsc,BUNCOMBE - 04.1 04,False
2000,BUNCOMBE,05.1 05,BUNCOMBE|HSC|H51|S28|C11,election_district_cell_hsc,BUNCOMBE - 05.1 05,False
2000,BUNCOMBE,06.1 06,BUNCOMBE|HSC|H51|S28|C11,election_district_cell_hsc,BUNCOMBE - 06.1 06,False
2000,BUNCOMBE,07.1 07,BUNCOMBE|HSC|H51|S28|C11,election_district_cell_hsc,BUNCOMBE - 07.1 07,False
2000,BUNCOMBE,08.1 08,BUNCOMBE|HSC|H51|S28|C11,election_district_cell_hsc,BUNCOMBE - 08.1 08,False
2000,BUNCOMBE,09.1 09,BUNCOMBE|HSC|H51|S28|C11,election_district_cell_hsc,BUNCOMBE - 09.1 09,False
2000,BUNCOMBE,10.1 10,BUNCOMBE|HSC|H51|S28|C11,election_district_cell_hsc,BUNCOMBE - 10.1 10,False
2000,BUNCOMBE,11.1 11,BUNCOMBE|HSC|H51|S28|C11,election_district_cell_hsc,BUNCOMBE - 11.1 11,False
2000,BUNCOMBE,12.1 12,BUNCOMBE|HSC|H51|S28|C11,election_district_cell_hsc,BUNCOMBE - 12.1 12,False
2000,BUNCOMBE,13.1 13,BUNCOMBE|HSC|H51|S28|C11,election_district_cell_hsc,BUNCOMBE - 13.1 13,False
2000,BUNCOMBE,14.1 14,BUNCOMBE|HSC|H51|S28|C11,election_district_cell_hsc,BUNCOMBE - 14.1 14,False
2000,BUNCOMBE,15.1 15,BUNCOMBE|HSC|H51|S28|C11,election_district_cell_hsc,BUNCOMBE - 15.1 15,False
2000,BUNCOMBE,16.1 16,BUNCOMBE|HSC|H51|S28|C11,election_district_cell_hsc,BUNCOMBE - 16.1 16,False
2000,BUNCOMBE,17.1 17,BUNCOMBE|HSC|H51|S28|C11,election_district_cell_hsc,BUNCOMBE - 17.1 17,False
2000,BUNCOMBE,18.1 18,BUNCOMBE|HSC|H68|S28|C11,election_district_cell_hsc,BUNCOMBE - 18.1 18,False
2000,BUNCOMBE,19.1 19,BUNCOMBE|HSC|H68|S28|C11,election_district_cell_hsc,BUNCOMBE - 19.1 19,False
2000,BUNCOMBE,20.1 20,BUNCOMBE|HSC|H51|S28|C11,election_district_cell_hsc,BUNCOMBE - 20.1 20,False
2000,BUNCOMBE,21.1 21,BUNCOMBE|HSC|H51|S28|C11,election_district_cell_hsc,BUNCOMBE - 21.1 21,False
2000,BUNCOMBE,22.1 22,BUNCOMBE|HSC|H51|S28|C11,election_district_cell_hsc,BUNCOMBE - 22.1 22,False
2000,BUNCOMBE,23.1 23,BUNCOMBE|HSC|H51|S28|C11,election_district_cell_hsc,BUNCOMBE - 23.1 23,False
2000,BUNCOMBE,24.1 24,BUNCOMBE|HSC|H51|S28|C11,election_district_cell_hsc,BUNCOMBE - 24.1 24,False
2000,BUNCOMBE,25.1 25,BUNCOMBE|HSC|H51|S28|C11,election_district_cell_hsc,BUNCOMBE - 25.1 25,False
2000,BUNCOMBE,26.1 26,BUNCOMBE|HSC|H51|S28|C11,election_district_cell_hsc,BUNCOMBE - 26.1 26,False
2000,BUNCOMBE,27.1 27,BUNCOMBE|HSC|H51|S28|C11,election_district_cell_hsc,BUNCOMBE - 27.1 27,False
2000,BUNCOMBE,28.1 28,BUNCOMBE|HSC|H51|S28|C11,election_district_cell_hsc,BUNCOMBE - 28.1 28,False
2000,BUNCOMBE,29.1 29,BUNCOMBE|HSC|H68|S28|C11,election_district_cell_hsc,BUNCOMBE - 29.1 29,False
2000,BUNCOMBE,30.1 30,BUNCOMBE|SC|S28|C11,election_district_cell_sc,BUNCOMBE - 30.1 30,False
2000,BUNCOMBE,31.1 31,BUNCOMBE|HSC|H68|S28|C11,election_district_cell_hsc,BUNCOMBE - 31.1 31,False
2000,BUNCOMBE,32.1 32,BUNCOMBE|HSC|H51|S28|C11,election_district_cell_hsc,BUNCOMBE - 32.1 32,False
2000,BUNCOMBE,33.1 33,BUNCOMBE|HSC|H51|S28|C11,election_district_cell_hsc,BUNCOMBE - 33.1 33,False
2000,BUNCOMBE,34.1 34,BUNCOMBE|HSC|H51|S28|C11,election_district_cell_hsc,BUNCOMBE - 34.1 34,False
2000,BUNCOMBE,35.1 35,BUNCOMBE|HSC|H51|S28|C11,election_district_cell_hsc,BUNCOMBE - 35.1 35,False
2000,BUNCOMBE,36.1 36,BUNCOMBE|HSC|H51|S28|C11,election_district_cell_hsc,BUNCOMBE - 36.1 36,False
2000,BUNCOMBE,37.1 37,BUNCOMBE|HSC|H51|S42|C11,election_district_cell_hsc,BUNCOMBE - 37.1 37,False
2000,BUNCOMBE,38.1 38,BUNCOMBE|HSC|H51|S42|C11,election_district_cell_hsc,BUNCOMBE - 38.1 38,False
2000,BUNCOMBE,39.1 39,BUNCOMBE|HSC|H51|S42|C11,election_district_cell_hsc,BUNCOMBE - 39.1 39,False
2000,BUNCOMBE,40.1 40,BUNCOMBE|HSC|H51|S28|C11,election_district_cell_hsc,BUNCOMBE - 40.1 40,False
2000,BUNCOMBE,41.1 41,BUNCOMBE|HSC|H51|S28|C11,election_district_cell_hsc,BUNCOMBE - 41.1 41,False
2000,BUNCOMBE,42.1 42,BUNCOMBE|HSC|H51|S28|C11,election_district_cell_hsc,BUNCOMBE - 42.1 42,False
2000,BUNCOMBE,43.1 43,BUNCOMBE|HSC|H51|S28|C11,election_district_cell_hsc,BUNCOMBE - 43.1 43,False
2000,BUNCOMBE,44.1 44,BUNCOMBE|HSC|H51|S28|C11,election_district_cell_hsc,BUNCOMBE - 44.1 44,False
2000,BUNCOMBE,45.1 45,BUNCOMBE|HSC|H51|S28|C11,election_district_cell_hsc,BUNCOMBE - 45.1 45,False
2000,BUNCOMBE,46.1 46,BUNCOMBE|HSC|H51|S28|C11,election_district_cell_hsc,BUNCOMBE - 46.1 46,False
2000,BUNCOMBE,47.1 47,BUNCOMBE|HSC|H51|S28|C11,election_district_cell_hsc,BUNCOMBE - 47.1 47,False
2000,BUNCOMBE,48.1 48,BUNCOMBE|HSC|H51|S28|C11,election_district_cell_hsc,BUNCOMBE - 48.1 48,False
2000,BUNCOMBE,49.1 49,BUNCOMBE|HSC|H51|S28|C11,election_district_cell_hsc,BUNCOMBE - 49.1 49,False
2000,BUNCOMBE,50.1 50,BUNCOMBE|HSC|H51|S28|C11,election_district_cell_hsc,BUNCOMBE - 50.1 50,False
2000,BUNCOMBE,51.1 51,BUNCOMBE|HSC|H51|S28|C11,election_district_cell_hsc,BUNCOMBE - 51.1 51,False
2000,BUNCOMBE,52.1 52,BUNCOMBE|HSC|H51|S28|C11,election_district_cell_hsc,BUNCOMBE - 52.1 52,False
2000,BUNCOMBE,53.1 53,BUNCOMBE|HSC|H51|S28|C11,election_district_cell_hsc,BUNCOMBE - 53.1 53,False
2000,BUNCOMBE,54.1 54,BUNCOMBE|HSC|H68|S28|C11,election_district_cell_hsc,BUNCOMBE - 54.1 54,False
2000,BUNCOMBE,55.1 55,BUNCOMBE|HSC|H68|S42|C11,election_district_cell_hsc,BUNCOMBE - 55.1 55,False
2000,BUNCOMBE,56.1 56,BUNCOMBE|HSC|H68|S42|C11,election_district_cell_hsc,BUNCOMBE - 56.1 56,False
2000,BUNCOMBE,57.1 57,BUNCOMBE|HSC|H68|S42|C11,election_district_cell_hsc,BUNCOMBE - 57.1 57,False
2000,BUNCOMBE,58.1 58,BUNCOMBE|HSC|H51|S28|C11,election_district_cell_hsc,BUNCOMBE - 58.1 58,False
2000,BUNCOMBE,59.1 59,BUNCOMBE|HSC|H51|S28|C11,election_district_cell_hsc,BUNCOMBE - 59.1 59,False
2000,BUNCOMBE,60.1 60,BUNCOMBE|HSC|H51|S28|C11,election_district_cell_hsc,BUNCOMBE - 60.1 60,False
2000,BUNCOMBE,61.1 61,BUNCOMBE|HSC|H51|S28|C11,election_district_cell_hsc,BUNCOMBE - 61.1 61,False
2000,BUNCOMBE,62.1 62,BUNCOMBE|HSC|H51|S28|C11,election_district_cell_hsc,BUNCOMBE - 62.1 62,False
2000,BUNCOMBE,63.1 63,BUNCOMBE|HSC|H51|S28|C11,election_district_cell_hsc,BUNCOMBE - 63.1 63,False
2000,BUNCOMBE,64.1 64,BUNCOMBE|HSC|H51|S28|C11,election_district_cell_hsc,BUNCOMBE - 64.1 64,False
2000,BUNCOMBE,65.1 65,BUNCOMBE|HSC|H51|S28|C11,election_district_cell_hsc,BUNCOMBE - 65.1 65,False
2000,BUNCOMBE,66.1 66,BUNCOMBE|HSC|H51|S28|C11,election_district_cell_hsc,BUNCOMBE - 66.1 66,False
2000,BUNCOMBE,67.1 67,BUNCOMBE|HSC|H51|S28|C11,election_district_cell_hsc,BUNCOMBE - 67.1 67,False
2000,BUNCOMBE,68.1 68,BUNCOMBE|HSC|H51|S28|C11,election_district_cell_hsc,BUNCOMBE - 68.1 68,False
2000,BUNCOMBE,69.1 69,BUNCOMBE|HSC|H51|S28|C11,election_district_cell_hsc,BUNCOMBE - 69.1 69,False
2000,BUNCOMBE,70.1 70,BUNCOMBE|HSC|H51|S28|C11,election_district_cell_hsc,BUNCOMBE - 70.1 70,False
2000,BUNCOMBE,71.1 71,BUNCOMBE|HSC|H51|S28|C11,election_district_cell_hsc,BUNCOMBE - 71.1 71,False
2000,BUNCOMBE,absentee/provisional,BUNCOMBE|C|C11,election_district_cell_c,BUNCOMBE - ABSENTEE/PROVISIONAL,False
2000,CABARRUS,0101 0101,CABARRUS|HSC|H81|S22|C8,election_district_cell_hsc,CABARRUS - 0101 0101,False
2000,CABARRUS,0102 0102,CABARRUS|HSC|H81|S22|C8,election_district_cell_hsc,CABARRUS - 0102 0102,False
2000,CABARRUS,0103 0103,CABARRUS|HSC|H81|S22|C8,election_district_cell_hsc,CABARRUS - 0103 0103,False
2000,CABARRUS,0104 0104,CABARRUS|HSC|H81|S22|C8,election_district_cell_hsc,CABARRUS - 0104 0104,False
2000,CABARRUS,0201 0201,CABARRUS|HSC|H90|S22|C8,election_district_cell_hsc,CABARRUS - 0201 0201,False
2000,CABARRUS,0202 0202,CABARRUS|HSC|H90|S22|C8,election_district_cell_hsc,CABARRUS - 0202 0202,False
2000,CABARRUS,0203 0203,CABARRUS|HSC|H81|S22|C8,election_district_cell_hsc,CABARRUS - 0203 0203,False
2000,CABARRUS,0204 0204,CABARRUS|HSC|H81|S22|C8,election_district_cell_hsc,CABARRUS - 0204 0204,False
2000,CABARRUS,0205 0205,CABARRUS|HSC|H90|S22|C8,election_district_cell_hsc,CABARRUS - 0205 0205,False
2000,CABARRUS,0206 0206,CABARRUS|SC|S22|C8,election_district_cell_sc,CABARRUS - 0206 0206,False
2000,CABARRUS,0207 0207,CABARRUS|HSC|H90|S22|C8,election_district_cell_hsc,CABARRUS - 0207 0207,False
2000,CABARRUS,0300 0300,CABARRUS|HSC|H81|S22|C8,election_district_cell_hsc,CABARRUS - 0300 0300,False
2000,CABARRUS,0401 0401,CABARRUS|HSC|H90|S22|C8,election_district_cell_hsc,CABARRUS - 0401 0401,False
2000,CABARRUS,0402 0402,CABARRUS|HSC|H90|S22|C8,election_district_cell_hsc,CABARRUS - 0402 0402,False
2000,CABARRUS,0403 0403,CABARRUS|HSC|H90|S22|C8,election_district_cell_hsc,CABARRUS - 0403 0403,False
2000,CABARRUS,0404 0404,CABARRUS|HSC|H90|S22|C8,election_district_cell_hsc,CABARRUS - 0404 0404,False
2000,CABARRUS,0405 0405,CABARRUS|HSC|H90|S22|C8,election_district_cell_hsc,CABARRUS - 0405 0405,False
2000,CABARRUS,0406 0406,CABARRUS|HSC|H90|S22|C8,election_district_cell_hsc,CABARRUS - 0406 0406,False
2000,CABARRUS,0407 0407,CABARRUS|HSC|H90|S22|C8,election_district_cell_hsc,CABARRUS - 0407 0407,False
2000,CABARRUS,0408 0408,CABARRUS|HSC|H90|S22|C8,election_district_cell_hsc,CABARRUS - 0408 0408,False
2000,CABARRUS,0409 0409,CABARRUS|HSC|H90|S22|C8,election_district_cell_hsc,CABARRUS - 0409 0409,False
2000,CABARRUS,0410 0410,CABARRUS|HSC|H90|S22|C8,election_district_cell_hsc,CABARRUS - 0410 0410,False
2000,CABARRUS,0500 0500,CABARRUS|HSC|H81|S22|C8,election_district_cell_hsc,CABARRUS - 0500 0500,False
2000,CABARRUS,0600 0600,CABARRUS|HSC|H81|S22|C8,election_district_cell_hsc,CABARRUS - 0600 0600,False
2000,CABARRUS,0700 0700,CABARRUS|HSC|H81|S22|C8,election_district_cell_hsc,CABARRUS - 0700 0700,False
2000,CABARRUS,0800 0800,CABARRUS|HSC|H82|S22|C8,election_district_cell_hsc,CABARRUS - 0800 0800,False
2000,CABARRUS,0900 0900,CABARRUS|HSC|H81|S22|C8,election_district_cell_hsc,CABARRUS - 0900 0900,False
2000,CABARRUS,1000 1000,CABARRUS|HSC|H81|S22|C8,election_district_cell_hsc,CABARRUS - 1000 1000,False
2000,CABARRUS,1101 1101,CABARRUS|HSC|H81|S22|C8,election_district_cell_hsc,CABARRUS - 1101 1101,False
2000,CABARRUS,1102 1102,CABARRUS|HSC|H81|S22|C8,election_district_cell_hsc,CABARRUS - 1102 1102,False
2000,CABARRUS,1201 1201,CABARRUS|HSC|H90|S22|C8,election_district_cell_hsc,CABARRUS - 1201 1201,False
2000,CABARRUS,1202 1202,CABARRUS|HSC|H90|S22|C8,election_district_cell_hsc,CABARRUS - 1202 1202,False
2000,CABARRUS,1203 1203,CABARRUS|HSC|H81|S22|C8,election_district_cell_hsc,CABARRUS - 1203 1203,False
2000,CABARRUS,1204 1204,CABARRUS|HSC|H90|S22|C8,election_district_cell_hsc,CABARRUS - 1204 1204,False
2000,CABARRUS,1205 1205,CABARRUS|HSC|H90|S22|C8,election_district_cell_hsc,CABARRUS - 1205 1205,False
2000,CABARRUS,1206 1206,CABARRUS|HSC|H90|S22|C8,election_district_cell_hsc,CABARRUS - 1206 1206,False
2000,CABARRUS,1207 1207,CABARRUS|HSC|H90|S22|C8,election_district_cell_hsc,CABARRUS - 1207 1207,False
2000,CABARRUS,1208 1208,CABARRUS|HSC|H90|S22|C8,election_district_cell_hsc,CABARRUS - 1208 1208,False
2000,CABARRUS,1209 1209,CABARRUS|SC|S22|C8,election_district_cell_sc,CABARRUS - 1209 1209,False
2000,CABARRUS,1210 1210,CABARRUS|HSC|H90|S22|C8,election_district_cell_hsc,CABARRUS - 1210 1210,False
2000,CABARRUS,1211 1211,CABARRUS|HSC|H81|S22|C8,election_district_cell_hsc,CABARRUS - 1211 1211,False
2000,CABARRUS,1212 1212,CABARRUS|SC|S22|C8,election_district_cell_sc,CABARRUS - 1212 1212,False
2000,CABARRUS,absentee/provisional,CABARRUS|SC|S22|C8,election_district_cell_sc,CABARRUS - ABSENTEE/PROVISIONAL,False
2000,CUMBERLAND,AH49 ARRAN HILLS,CUMBERLAND|HSC|H18|S24|C8,election_district_cell_hsc,CUMBERLAND - AH49 ARRAN HILLS,False
2000,CUMBERLAND,AL51 ALDERMAN,CUMBERLAND|HSC|H16|S24|C7,election_district_cell_hsc,CUMBERLAND - AL51 ALDERMAN,False
2000,CUMBERLAND,AU50 AUMAN,CUMBERLAND|HC|H18|C8,election_district_cell_hc,CUMBERLAND - AU50 AUMAN,False
2000,CUMBERLAND,BD52 BEAVER DAM,CUMBERLAND|HSC|H96|S30|C7,election_district_cell_hsc,CUMBERLAND - BD52 BEAVER DAM,False
2000,CUMBERLAND,BR54 BLACK RIVER,CUMBERLAND|HSC|H18|S24|C7,election_district_cell_hsc,CUMBERLAND - BR54 BLACK RIVER,False
2000,CUMBERLAND,BW55 BRENTWOOD,CUMBERLAND|HSC|H18|S24|C8,election_district_cell_hsc,CUMBERLAND - BW55 BRENTWOOD,False
2000,CUMBERLAND,CC01 CROSS CREEK #01,CUMBERLAND|HSC|H17|S41|C7,election_district_cell_hsc,CUMBERLAND - CC01 CROSS CREEK #01,False
2000,CUMBERLAND,CC02 CROSS CREEK #02,CUMBERLAND|HSC|H18|S41|C7,election_district_cell_hsc,CUMBERLAND - CC02 CROSS CREEK #02,False
2000,CUMBERLAND,CC03 CROSS CREEK #03,CUMBERLAND|HSC|H17|S41|C8,election_district_cell_hsc,CUMBERLAND - CC03 CROSS CREEK #03,False
2000,CUMBERLAND,CC04 CROSS CREEK #04,CUMBERLAND|HSC|H18|S24|C7,election_district_cell_hsc,CUMBERLAND - CC04 CROSS CREEK #04,False
2000,CUMBERLAND,CC05 CROSS CREEK #05,CUMBERLAND|HSC|H17|S41|C8,election_district_cell_hsc,CUMBERLAND - CC05 CROSS CREEK #05,False
2000,CUMBERLAND,CC06 CROSS CREEK #06,CUMBERLAND|HSC|H18|S41|C8,election_district_cell_hsc,CUMBERLAND - CC06 CROSS CREEK #06,False
2000,CUMBERLAND,CC07 CROSS CREEK #07,CUMBERLAND|HSC|H18|S24|C7,election_district_cell_hsc,CUMBERLAND - CC07 CROSS CREEK #07,False
2000,CUMBERLAND,CC08 CROSS CREEK #08,CUMBERLAND|HSC|H18|S24|C7,election_district_cell_hsc,CUMBERLAND - CC08 CROSS CREEK #08,False
2000,CUMBERLAND,CC09 CROSS CREEK #09,CUMBERLAND|HSC|H17|S24|C8,election_district_cell_hsc,CUMBERLAND - CC09 CROSS CREEK #09,False
2000,CUMBERLAND,CC10 CROSS CREEK #10,CUMBERLAND|HSC|H75|S24|C7,election_district_cell_hsc,CUMBERLAND - CC10 CROSS CREEK #10,False
2000,CUMBERLAND,CC11 CROSS CREEK #11,CUMBERLAND|HSC|H18|S24|C7,election_district_cell_hsc,CUMBERLAND - CC11 CROSS CREEK #11,False
2000,CUMBERLAND,CC12 CROSS CREEK #12,CUMBERLAND|HSC|H18|S24|C7,election_district_cell_hsc,CUMBERLAND - CC12 CROSS CREEK #12,False
2000,CUMBERLAND,CC13 CROSS CREEK #13,CUMBERLAND|HSC|H17|S41|C8,election_district_cell_hsc,CUMBERLAND - CC13 CROSS CREEK #13,False
2000,CUMBERLAND,CC14 CROSS CREEK #14,CUMBERLAND|HSC|H18|S24|C7,election_district_cell_hsc,CUMBERLAND - CC14 CROSS CREEK #14,False
2000,CUMBERLAND,CC15 CROSS CREEK #15,CUMBERLAND|HSC|H18|S24|C7,election_district_cell_hsc,CUMBERLAND - CC15 CROSS CREEK #15,False
2000,CUMBERLAND,CC16 CROSS CREEK #16,CUMBERLAND|HSC|H17|S41|C8,election_district_cell_hsc,CUMBERLAND - CC16 CROSS CREEK #16,False
2000,CUMBERLAND,CC17 CROSS CREEK #17,CUMBERLAND|HSC|H17|S41|C8,election_district_cell_hsc,CUMBERLAND - CC17 CROSS CREEK #17,False
2000,CUMBERLAND,CC18 CROSS CREEK #18,CUMBERLAND|HSC|H18|S24|C7,election_district_cell_hsc,CUMBERLAND - CC18 CROSS CREEK #18,False
2000,CUMBERLAND,CC19 CROSS CREEK #19,CUMBERLAND|HSC|H17|S41|C8,election_district_cell_hsc,CUMBERLAND - CC19 CROSS CREEK #19,False
2000,CUMBERLAND,CC20 CROSS CREEK #20,CUMBERLAND|HSC|H75|S24|C7,election_district_cell_hsc,CUMBERLAND - CC20 CROSS CREEK #20,False
2000,CUMBERLAND,CC21 CROSS CREEK #21,CUMBERLAND|HSC|H18|S24|C8,election_district_cell_hsc,CUMBERLAND - CC21 CROSS CREEK #21,False
2000,CUMBERLAND,CC22 CROSS CREEK #22,CUMBERLAND|HSC|H18|S24|C7,election_district_cell_hsc,CUMBERLAND - CC22 CROSS CREEK #22,False
2000,CUMBERLAND,CC23 CROSS CREEK #23,CUMBERLAND|HSC|H18|S24|C7,election_district_cell_hsc,CUMBERLAND - CC23 CROSS CREEK #23,False
2000,CUMBERLAND,CC24 CROSS CREEK #24,CUMBERLAND|HSC|H17|S41|C7,election_district_cell_hsc,CUMBERLAND - CC24 CROSS CREEK #24,False
2000,CUMBERLAND,CC25 CROSS CREEK #25,CUMBERLAND|HSC|H18|S41|C8,election_district_cell_hsc,CUMBERLAND - CC25 CROSS CREEK #25,False
2000,CUMBERLAND,CC26 CROSS CREEK #26,CUMBERLAND|HSC|H17|S41|C8,election_district_cell_hsc,CUMBERLAND - CC26 CROSS CREEK #26,False
2000,CUMBERLAND,CC27 CROSS CREEK #27,CUMBERLAND|HSC|H18|S41|C8,election_district_cell_hsc,CUMBERLAND - CC27 CROSS CREEK #27,False
2000,CUMBERLAND,CC28 CROSS CREEK #28,CUMBERLAND|C|C8,election_district_cell_c,CUMBERLAND - CC28 CROSS CREEK #28,False
2000,CUMBERLAND,CC29 CROSS CREEK #29,CUMBERLAND|HSC|H18|S24|C7,election_district_cell_hsc,CUMBERLAND - CC29 CROSS CREEK #29,False
2000,CUMBERLAND,CC30 CROSS CREEK #30,CUMBERLAND|HSC|H75|S24|C7,election_district_cell_hsc,CUMBERLAND - CC30 CROSS CREEK #30,False
2000,CUMBERLAND,CC31 CROSS CREEK #31,CUMBERLAND|HSC|H75|S24|C7,election_district_cell_hsc,CUMBERLAND - CC31 CROSS CREEK #31,False
2000,CUMBERLAND,CC32 CROSS CREEK #32,CUMBERLAND|SC|S41|C8,election_district_cell_sc,CUMBERLAND - CC32 CROSS CREEK #32,False
2000,CUMBERLAND,CC33 CROSS CREEK #33,CUMBERLAND|HSC|H17|S41|C8,election_district_cell_hsc,CUMBERLAND - CC33 CROSS CREEK #33,False
2000,CUMBERLAND,CC34 CROSS CREEK #34,CUMBERLAND|HSC|H18|S24|C7,election_district_cell_hsc,CUMBERLAND - CC34 CROSS CREEK #34,False
2000,CUMBERLAND,CC56 CEDAR CREEK,CUMBERLAND|C|C7,election_district_cell_c,CUMBERLAND - CC56 CEDAR CREEK,False
2000,CUMBERLAND,CL57 CLIFFDALE WEST,CUMBERLAND|HSC|H18|S41|C8,election_district_cell_hsc,CUMBERLAND - CL57 CLIFFDALE WEST,False
2000,CUMBERLAND,CU01 CUMBERLAND #1,CUMBERLAND|HSC|H75|S24|C7,election_district_cell_hsc,CUMBERLAND - CU01 CUMBERLAND #1,False
2000,CUMBERLAND,CU02 CUMBERLAND #2,CUMBERLAND|HSC|H75|S24|C7,election_district_cell_hsc,CUMBERLAND - CU02 CUMBERLAND #2,False
2000,CUMBERLAND,CU03 CUMBERLAND #3,CUMBERLAND|HSC|H75|S24|C7,election_district_cell_hsc,CUMBERLAND - CU03 CUMBERLAND #3,False
2000,CUMBERLAND,EO61 EASTOVER,CUMBERLAND|HSC|H18|S41|C7,election_district_cell_hsc,CUMBERLAND - EO61 EASTOVER,False
2000,CUMBERLAND,HM01 HOPE MILLS #1,CUMBERLAND|HSC|H75|S24|C7,election_district_cell_hsc,CUMBERLAND - HM01 HOPE MILLS #1,False
2000,CUMBERLAND,HM02 HOPE MILLS #2,CUMBERLAND|HSC|H75|S30|C7,election_district_cell_hsc,CUMBERLAND - HM02 HOPE MILLS #2,False
2000,CUMBERLAND,HM03 HOPE MILLS #3,CUMBERLAND|HSC|H75|S24|C7,election_district_cell_hsc,CUMBERLAND - HM03 HOPE MILLS #3,False
2000,CUMBERLAND,JV64 JUDSON-VANDER,CUMBERLAND|HSC|H75|S24|C7,election_district_cell_hsc,CUMBERLAND - JV64 JUDSON-VANDER,False
2000,CUMBERLAND,LI65 LINDEN,CUMBERLAND|HSC|H18|S24|C7,election_district_cell_hsc,CUMBERLAND - LI65 LINDEN,False
2000,CUMBERLAND,LO66 LONG HILL,CUMBERLAND|HSC|H18|S24|C7,election_district_cell_hsc,CUMBERLAND - LO66 LONG HILL,False
2000,CUMBERLAND,LR63 LAKE RIM,CUMBERLAND|HSC|H18|S41|C8,election_district_cell_hsc,CUMBERLAND - LR63 LAKE RIM,False
2000,CUMBERLAND,MA67 MANCHESTER,CUMBERLAND|HC|H17|C8,election_district_cell_hc,CUMBERLAND - MA67 MANCHESTER,False
2000,CUMBERLAND,MB62 MONTIBELLO,CUMBERLAND|HSC|H18|S41|C8,election_district_cell_hsc,CUMBERLAND - MB62 MONTIBELLO,False
2000,CUMBERLAND,MR02 MORGANTON RD #2,CUMBERLAND|HSC|H18|S41|C8,election_district_cell_hsc,CUMBERLAND - MR02 MORGANTON RD #2,False
2000,CUMBERLAND,PM02 PEARCES MILL #2,CUMBERLAND|HSC|H18|S24|C7,election_district_cell_hsc,CUMBERLAND - PM02 PEARCES MILL #2,False
2000,CUMBERLAND,PM03 PEARCES MILL #3,CUMBERLAND|HSC|H18|S24|C7,election_district_cell_hsc,CUMBERLAND - PM03 PEARCES MILL #3,False
2000,CUMBERLAND,PM04 PEARCES MILL #4,CUMBERLAND|HSC|H75|S24|C7,election_district_cell_hsc,CUMBERLAND - PM04 PEARCES MILL #4,False
2000,CUMBERLAND,SH77 SHERWOOD,CUMBERLAND|HSC|H75|S24|C7,election_district_cell_hsc,CUMBERLAND - SH77 SHERWOOD,False
2000,CUMBERLAND,SL78 SPRING LAKE,CUMBERLAND|HC|H17|C8,election_district_cell_hc,CUMBERLAND - SL78 SPRING LAKE,False
2000,CUMBERLAND,SP80 STONEY POINT,CUMBERLAND|HSC|H75|S24|C7,election_district_cell_hsc,CUMBERLAND - SP80 STONEY POINT,False
2000,CUMBERLAND,ST79 STEDMAN,CUMBERLAND|HSC|H75|S24|C7,election_district_cell_hsc,CUMBERLAND - ST79 STEDMAN,False
2000,CUMBERLAND,WA81 WADE,CUMBERLAND|HSC|H18|S24|C7,election_district_cell_hsc,CUMBERLAND - WA81 WADE,False
2000,CUMBERLAND,WE82 WESTAREA,CUMBERLAND|HSC|H17|S41|C8,election_district_cell_hsc,CUMBERLAND - WE82 WESTAREA,False
2000,DURHAM,01 BROGDEN MIDDLE SCHOOL,DURHAM|HSC|H23|S13|C4,election_district_cell_hsc,DURHAM - 01 BROGDEN MIDDLE SCHOOL,False
2000,DURHAM,02 WATTS STREET SCHOOL,DURHAM|HSC|H23|S13|C4,election_district_cell_hsc,DURHAM - 02 WATTS STREET SCHOOL,False
2000,DURHAM,03 E  K  POWE SCHOOL,DURHAM|HSC|H23|S13|C4,election_district_cell_hsc,DURHAM - 03 E K POWE SCHOOL,False
2000,DURHAM,04 N C  SCHOOL OF SCIENCE & MATH.,DURHAM|HSC|H23|S13|C4,election_district_cell_hsc,DURHAM - 04 N C SCHOOL OF SCIENCE & MATH.,False
2000,DURHAM,05 W I PATTERSON RECREATION CENTER,DURHAM|HSC|H23|S13|C4,election_district_cell_hsc,DURHAM - 05 W I PATTERSON RECREATION CENTER,False
2000,DURHAM,06 LAKEWOOD SCHOOL,DURHAM|HSC|H23|S13|C4,election_district_cell_hsc,DURHAM - 06 LAKEWOOD SCHOOL,False
2000,DURHAM,07 DURHAM MAGNET SCHOOL  (DHS),DURHAM|HSC|H23|S13|C4,election_district_cell_hsc,DURHAM - 07 DURHAM MAGNET SCHOOL (DHS),False
2000,DURHAM,08 MOREHEAD SCHOOL,DURHAM|HSC|H23|S13|C4,election_district_cell_hsc,DURHAM - 08 MOREHEAD SCHOOL,False
2000,DURHAM,09 FOREST HILLS CLUB HOUSE,DURHAM|HSC|H23|S13|C4,election_district_cell_hsc,DURHAM - 09 FOREST HILLS CLUB HOUSE,False
2000,DURHAM,10 C C SPAULDING SCHOOL,DURHAM|HSC|H23|S13|C4,election_district_cell_hsc,DURHAM - 10 C C SPAULDING SCHOOL,False
2000,DURHAM,11 WEAVER STREET COMMUNITY CENTER,DURHAM|HSC|H23|S13|C4,election_district_cell_hsc,DURHAM - 11 WEAVER STREET COMMUNITY CENTER,False
2000,DURHAM,12 PEARSON SCHOOL,DURHAM|HSC|H23|S13|C4,election_district_cell_hsc,DURHAM - 12 PEARSON SCHOOL,False
2000,DURHAM,13 BURTON SCHOOL,DURHAM|HSC|H23|S13|C4,election_district_cell_hsc,DURHAM - 13 BURTON SCHOOL,False
2000,DURHAM,14 Y E SMITH SCHOOL,DURHAM|HSC|H23|S13|C4,election_district_cell_hsc,DURHAM - 14 Y E SMITH SCHOOL,False
2000,DURHAM,15 MT CALVARY HOLY CHURCH GYM,DURHAM|HSC|H23|S13|C4,election_district_cell_hsc,DURHAM - 15 MT CALVARY HOLY CHURCH GYM,False
2000,DURHAM,16 HOLY INFANT CATHOLIC CHURCH,DURHAM|HSC|H23|S13|C4,election_district_cell_hsc,DURHAM - 16 HOLY INFANT CATHOLIC CHURCH,False
2000,DURHAM,17 DURHAM COUNTY MAIN LIBRARY,DURHAM|HSC|H23|S13|C4,election_district_cell_hsc,DURHAM - 17 DURHAM COUNTY MAIN LIBRARY,False
2000,DURHAM,18 FIRST UNITED ANTIOCH BAPTIST CHRISTIAN CENTER,DURHAM|HSC|H23|S13|C4,election_district_cell_hsc,DURHAM - 18 FIRST UNITED ANTIOCH BAPTIST CHRISTIAN CENTER,False
2000,DURHAM,19 AMERICAN LEGION POST #7,DURHAM|SC|S13|C4,election_district_cell_sc,DURHAM - 19 AMERICAN LEGION POST #7,False
2000,DURHAM,20 AGRICULTURAL BUILDING,DURHAM|HSC|H23|S13|C4,election_district_cell_hsc,DURHAM - 20 AGRICULTURAL BUILDING,False
2000,DURHAM,21 CLUB BOULEVARD SCHOOL,DURHAM|HSC|H23|S13|C4,election_district_cell_hsc,DURHAM - 21 CLUB BOULEVARD SCHOOL,False
2000,DURHAM,22 VFW POST 2740,DURHAM|HSC|H23|S13|C4,election_district_cell_hsc,DURHAM - 22 VFW POST 2740,False
2000,DURHAM,23 HOMESTEAD HEIGHTS BAPT CH. GYM,DURHAM|HSC|H23|S13|C4,election_district_cell_hsc,DURHAM - 23 HOMESTEAD HEIGHTS BAPT CH. GYM,False
2000,DURHAM,24 HILLANDALE LEARNING CENTER,DURHAM|HSC|H23|S13|C4,election_district_cell_hsc,DURHAM - 24 HILLANDALE LEARNING CENTER,False
2000,DURHAM,25 NORTHERN HIGH SCHOOL,DURHAM|HSC|H23|S13|C4,election_district_cell_hsc,DURHAM - 25 NORTHERN HIGH SCHOOL,False
2000,DURHAM,26 ROUGEMONT STA - BAHAMA VOL. F.D.,DURHAM|HSC|H23|S13|C4,election_district_cell_hsc,DURHAM - 26 ROUGEMONT STA - BAHAMA VOL. F.D.,False
2000,DURHAM,27 RESURRECTION UNITED METHODIST CHURCH,DURHAM|HSC|H23|S13|C4,election_district_cell_hsc,DURHAM - 27 RESURRECTION UNITED METHODIST CHURCH,False
2000,DURHAM,28 BAHAMA RURITAN CLUB,DURHAM|HSC|H23|S13|C4,election_district_cell_hsc,DURHAM - 28 BAHAMA RURITAN CLUB,False
2000,DURHAM,29 GORMAN RURITAN CLUB,DURHAM|SC|S13|C4,election_district_cell_sc,DURHAM - 29 GORMAN RURITAN CLUB,False
2000,DURHAM,30 OAK GROVE SCHOOL,DURHAM|SC|S13|C4,election_district_cell_sc,DURHAM - 30 OAK GROVE SCHOOL,False
2000,DURHAM,31 BETHESDA RURITAN CLUB,DURHAM|HSC|H23|S13|C4,election_district_cell_hsc,DURHAM - 31 BETHESDA RURITAN CLUB,False
2000,DURHAM,32 NEAL MIDDLE SCHOOL,DURHAM|HSC|H92|S13|C4,election_district_cell_hsc,DURHAM - 32 NEAL MIDDLE SCHOOL,False
2000,DURHAM,33 NELSON COMMUNITY CENTER,DURHAM|SC|S13|C4,election_district_cell_sc,DURHAM - 33 NELSON COMMUNITY CENTER,False
2000,DURHAM,34 PEARSONTOWN SCHOOL,DURHAM|HSC|H23|S13|C4,election_district_cell_hsc,DURHAM - 34 PEARSONTOWN SCHOOL,False
2000,DURHAM,35 CROWN OF RIGHTEOUSNESS COMMUNITY CHURCH,DURHAM|SC|S13|C4,election_district_cell_sc,DURHAM - 35 CROWN OF RIGHTEOUSNESS COMMUNITY CHURCH,False
2000,DURHAM,36 YATES BAPTIST CHURCH,DURHAM|HSC|H23|S13|C4,election_district_cell_hsc,DURHAM - 36 YATES BAPTIST CHURCH,False
2000,DURHAM,37 COLE MILL CHURCH OF CHRIST,DURHAM|HSC|H23|S13|C4,election_district_cell_hsc,DURHAM - 37 COLE MILL CHURCH OF CHRIST,False
2000,DURHAM,38 HOPE VALLEY BAPTIST CHURCH,DURHAM|HSC|H23|S13|C4,election_district_cell_hsc,DURHAM - 38 HOPE VALLEY BAPTIST CHURCH,False
2000,DURHAM,39 ST. STEPHENS EPIS. CH-PARRISH HALL,DURHAM|HSC|H23|S13|C4,election_district_cell_hsc,DURHAM - 39 ST. STEPHENS EPIS. CH-PARRISH HALL,False
2000,DURHAM,40 ROGERS-HERR MIDDLE SCHOOL,DURHAM|HSC|H23|S13|C4,election_district_cell_hsc,DURHAM - 40 ROGERS-HERR MIDDLE SCHOOL,False
2000,DURHAM,41 WHITE ROCK BAPTIST CHURCH,DURHAM|HSC|H23|S13|C4,election_district_cell_hsc,DURHAM - 41 WHITE ROCK BAPTIST CHURCH,False
2000,DURHAM,42 SHEPARD MIDDLE SCHOOL,DURHAM|HSC|H23|S13|C4,election_district_cell_hsc,DURHAM - 42 SHEPARD MIDDLE SCHOOL,False
2000,DURHAM,43 FOREST VIEW ELEMENTARY SCHOOL,DURHAM|HSC|H23|S13|C4,election_district_cell_hsc,DURHAM - 43 FOREST VIEW ELEMENTARY SCHOOL,False
2000,DURHAM,44 CARRINGTON MIDDLE SCHOOL,DURHAM|HSC|H23|S13|C4,election_district_cell_hsc,DURHAM - 44 CARRINGTON MIDDLE SCHOOL,False
2000,DURHAM,45 ENO VALLEY CAMPUS-HOLT ATH. GYM,DURHAM|HSC|H23|S13|C4,election_district_cell_hsc,DURHAM - 45 ENO VALLEY CAMPUS-HOLT ATH. GYM,False
2000,DURHAM,46 EDISON JOHNSON COMMUNITY CENTER,DURHAM|HSC|H23|S13|C4,election_district_cell_hsc,DURHAM - 46 EDISON JOHNSON COMMUNITY CENTER,False
2000,DURHAM,47 I R HOLMES SR. RECREATION CENTER,DURHAM|HSC|H23|S13|C4,election_district_cell_hsc,DURHAM - 47 I R HOLMES SR. RECREATION CENTER,False
2000,DURHAM,48 CHRIST THE KING MORAVIAN CHURCH,DURHAM|HSC|H23|S13|C4,election_district_cell_hsc,DURHAM - 48 CHRIST THE KING MORAVIAN CHURCH,False
2000,DURHAM,49 JAMES E. SHEPARD MEMORIAL LIBRARY-NCCU,DURHAM|HSC|H23|S13|C4,election_district_cell_hsc,DURHAM - 49 JAMES E. SHEPARD MEMORIAL LIBRARY-NCCU,False
2000,DURHAM,50 MCMANNEN UNITED METHODIST CHURCH,DURHAM|HSC|H23|S13|C4,election_district_cell_hsc,DURHAM - 50 MCMANNEN UNITED METHODIST CHURCH,False
2000,DURHAM,51 SOUTHWEST ELEMENTARY SCHOOL,DURHAM|HSC|H23|S13|C4,election_district_cell_hsc,DURHAM - 51 SOUTHWEST ELEMENTARY SCHOOL,False
2000,DURHAM,52 EVANGEL ASSEMBLY OF GOD,DURHAM|SC|S13|C4,election_district_cell_sc,DURHAM - 52 EVANGEL ASSEMBLY OF GOD,False
2000,DURHAM,53 TRIANGLE PRESBYTERIAN CHURCH,DURHAM|SC|S13|C4,election_district_cell_sc,DURHAM - 53 TRIANGLE PRESBYTERIAN CHURCH,False
2000,DURHAM,54 CHRISTUS VICTOR LUTHERAN CHURCH,DURHAM|HSC|H23|S13|C4,election_district_cell_hsc,DURHAM - 54 CHRISTUS VICTOR LUTHERAN CHURCH,False
2000,DURHAM,absentee/provisional,DURHAM|SC|S13|C4,election_district_cell_sc,DURHAM - ABSENTEE/PROVISIONAL,False
2000,FORSYTH,012 UNION CROSS ELEM SCHOOL,FORSYTH|HSC|H39|S20|C5,election_district_cell_hsc,FORSYTH - 012 UNION CROSS ELEM SCHOOL,False
2000,FORSYTH,013 SEDGE GARDEN ELEM SCH,FORSYTH|HSC|H66|S20|C12,election_district_cell_hsc,FORSYTH - 013 SEDGE GARDEN ELEM SCH,False
2000,FORSYTH,014 BEESONS CROSSROADS FIRE,FORSYTH|HSC|H88|S20|C5,election_district_cell_hsc,FORSYTH - 014 BEESONS CROSSROADS FIRE,False
2000,FORSYTH,021 BELEWS CREEEK FIRE STATION,FORSYTH|HSC|H73|S20|C5,election_district_cell_hsc,FORSYTH - 021 BELEWS CREEEK FIRE STATION,False
2000,FORSYTH,031 RURAL HALL ELEM SCHOOL,FORSYTH|HSC|H67|S20|C5,election_district_cell_hsc,FORSYTH - 031 RURAL HALL ELEM SCHOOL,False
2000,FORSYTH,032 NORTHWEST MIDDLE SCHOOL,FORSYTH|HSC|H84|S20|C5,election_district_cell_hsc,FORSYTH - 032 NORTHWEST MIDDLE SCHOOL,False
2000,FORSYTH,033 ST ANDREWS PRES CHURCH,FORSYTH|HSC|H67|S20|C5,election_district_cell_hsc,FORSYTH - 033 ST ANDREWS PRES CHURCH,False
2000,FORSYTH,034 KINGSWOOD UNITED METH,FORSYTH|HSC|H39|S20|C5,election_district_cell_hsc,FORSYTH - 034 KINGSWOOD UNITED METH,False
2000,FORSYTH,042 FELLOWSHIP BAPT CHURCH,FORSYTH|HSC|H67|S20|C5,election_district_cell_hsc,FORSYTH - 042 FELLOWSHIP BAPT CHURCH,False
2000,FORSYTH,043 FRIEDLAND MORAV CHURCH,FORSYTH|HSC|H67|S20|C5,election_district_cell_hsc,FORSYTH - 043 FRIEDLAND MORAV CHURCH,False
2000,FORSYTH,051 CLEMMONS ELEM SCHOOL,FORSYTH|HSC|H39|S20|C5,election_district_cell_hsc,FORSYTH - 051 CLEMMONS ELEM SCHOOL,False
2000,FORSYTH,052 CLEMMONS PRES CHURCH,FORSYTH|HSC|H67|S20|C12,election_district_cell_hsc,FORSYTH - 052 CLEMMONS PRES CHURCH,False
2000,FORSYTH,053 VFW POST 9010,FORSYTH|HSC|H84|S20|C5,election_district_cell_hsc,FORSYTH - 053 VFW POST 9010,False
2000,FORSYTH,054 CLEMMONS CIVIC CENTER,FORSYTH|HSC|H88|S38|C5,election_district_cell_hsc,FORSYTH - 054 CLEMMONS CIVIC CENTER,False
2000,FORSYTH,055 HOLY FAMILY CATHOLIC CHURCH,FORSYTH|HSC|H39|S20|C5,election_district_cell_hsc,FORSYTH - 055 HOLY FAMILY CATHOLIC CHURCH,False
2000,FORSYTH,061 KERNERSVILLE LIBRARY,FORSYTH|HSC|H88|S38|C5,election_district_cell_hsc,FORSYTH - 061 KERNERSVILLE LIBRARY,False
2000,FORSYTH,062 PINEY GROVE FIRE STATION,FORSYTH|HSC|H88|S20|C5,election_district_cell_hsc,FORSYTH - 062 PINEY GROVE FIRE STATION,False
2000,FORSYTH,063 CASH ELEMENTARY SCHOOL,FORSYTH|HSC|H66|S20|C5,election_district_cell_hsc,FORSYTH - 063 CASH ELEMENTARY SCHOOL,False
2000,FORSYTH,064 KERNERSVILLE ELEM SCHOOL,FORSYTH|HSC|H66|S20|C5,election_district_cell_hsc,FORSYTH - 064 KERNERSVILLE ELEM SCHOOL,False
2000,FORSYTH,065 ROBINWOOD AT KERNERSVILLE,FORSYTH|HSC|H66|S20|C12,election_district_cell_hsc,FORSYTH - 065 ROBINWOOD AT KERNERSVILLE,False
2000,FORSYTH,066 PINEY GROVE ELEMENTARY,FORSYTH|HSC|H66|S20|C12,election_district_cell_hsc,FORSYTH - 066 PINEY GROVE ELEMENTARY,False
2000,FORSYTH,067 KERNERSVILLE RECREATION,FORSYTH|HSC|H88|S20|C12,election_district_cell_hsc,FORSYTH - 067 KERNERSVILLE RECREATION,False
2000,FORSYTH,071 LEWISVILLE ELEMENTARY,FORSYTH|HSC|H39|S20|C5,election_district_cell_hsc,FORSYTH - 071 LEWISVILLE ELEMENTARY,False
2000,FORSYTH,072 SOUTHWEST ELEM SCHOOL,FORSYTH|HSC|H66|S20|C12,election_district_cell_hsc,FORSYTH - 072 SOUTHWEST ELEM SCHOOL,False
2000,FORSYTH,073 UNITY MORAVIAN CHURCH,FORSYTH|HSC|H88|S20|C5,election_district_cell_hsc,FORSYTH - 073 UNITY MORAVIAN CHURCH,False
2000,FORSYTH,074 MEADOWLARK MIDDLE SCHOOL,FORSYTH|HSC|H39|S20|C5,election_district_cell_hsc,FORSYTH - 074 MEADOWLARK MIDDLE SCHOOL,False
2000,FORSYTH,075 LEWISVILLE LIBRARY,FORSYTH|HSC|H67|S20|C12,election_district_cell_hsc,FORSYTH - 075 LEWISVILLE LIBRARY,False
2000,FORSYTH,081 OAK SUMMIT UNITED METHODIST,FORSYTH|HSC|H39|S20|C5,election_district_cell_hsc,FORSYTH - 081 OAK SUMMIT UNITED METHODIST,False
2000,FORSYTH,082 EAST FORSYTH HIGH SCHOOL,FORSYTH|HSC|H66|S20|C12,election_district_cell_hsc,FORSYTH - 082 EAST FORSYTH HIGH SCHOOL,False
2000,FORSYTH,091 OLD RICHMOND ELEM SCHOOL,FORSYTH|HSC|H88|S20|C5,election_district_cell_hsc,FORSYTH - 091 OLD RICHMOND ELEM SCHOOL,False
2000,FORSYTH,092 MACEDONIA BAPT CHURCH,FORSYTH|HSC|H84|S20|C5,election_district_cell_hsc,FORSYTH - 092 MACEDONIA BAPT CHURCH,False
2000,FORSYTH,101 BETHANIA MORAV CHURCH,FORSYTH|HSC|H39|S20|C5,election_district_cell_hsc,FORSYTH - 101 BETHANIA MORAV CHURCH,False
2000,FORSYTH,104 UNKNOWN,FORSYTH|HSC|H88|S20|C5,election_district_cell_hsc,FORSYTH - 104 UNKNOWN,False
2000,FORSYTH,111 PROVIDENCE MORAVIAN CHURCH,FORSYTH|HSC|H67|S20|C5,election_district_cell_hsc,FORSYTH - 111 PROVIDENCE MORAVIAN CHURCH,False
2000,FORSYTH,112 WALKERTOWN LIBRARY,FORSYTH|HSC|H67|S20|C12,election_district_cell_hsc,FORSYTH - 112 WALKERTOWN LIBRARY,False
2000,FORSYTH,121 UNKNOWN,FORSYTH|HSC|H67|S20|C12,election_district_cell_hsc,FORSYTH - 121 UNKNOWN,False
2000,FORSYTH,122 GRIFFITH FIRE STATION,FORSYTH|HSC|H66|S20|C12,election_district_cell_hsc,FORSYTH - 122 GRIFFITH FIRE STATION,False
2000,FORSYTH,123 FORSYTH FRIENDS MTG HSE,FORSYTH|HSC|H88|S38|C5,election_district_cell_hsc,FORSYTH - 123 FORSYTH FRIENDS MTG HSE,False
2000,FORSYTH,124 UNKNOWN,FORSYTH|HSC|H66|S20|C5,election_district_cell_hsc,FORSYTH - 124 UNKNOWN,False
2000,FORSYTH,131 VIENNA ELEMENTARY SCHOOL,FORSYTH|HSC|H88|S20|C5,election_district_cell_hsc,FORSYTH - 131 VIENNA ELEMENTARY SCHOOL,False
2000,FORSYTH,132 PFAFFTOWN CHRISTIAN,FORSYTH|HSC|H67|S20|C12,election_district_cell_hsc,FORSYTH - 132 PFAFFTOWN CHRISTIAN,False
2000,FORSYTH,133 SHILOH LUTHERAN CHURCH,FORSYTH|HSC|H84|S20|C5,election_district_cell_hsc,FORSYTH - 133 SHILOH LUTHERAN CHURCH,False
2000,FORSYTH,201 BROWN DOUGLAS RECREATION,FORSYTH|HSC|H84|S20|C5,election_district_cell_hsc,FORSYTH - 201 BROWN DOUGLAS RECREATION,False
2000,FORSYTH,202 UNKNOWN,FORSYTH|HSC|H84|S20|C5,election_district_cell_hsc,FORSYTH - 202 UNKNOWN,False
2000,FORSYTH,203 MARTIN LUTHER KING REC,FORSYTH|HSC|H84|S20|C5,election_district_cell_hsc,FORSYTH - 203 MARTIN LUTHER KING REC,False
2000,FORSYTH,204 JOEL/VETERANS COLISEUM,FORSYTH|HSC|H84|S20|C5,election_district_cell_hsc,FORSYTH - 204 JOEL/VETERANS COLISEUM,False
2000,FORSYTH,205 PAISLEY MIDDLE SCHOOL,FORSYTH|HSC|H67|S20|C5,election_district_cell_hsc,FORSYTH - 205 PAISLEY MIDDLE SCHOOL,False
2000,FORSYTH,206 NORTH HILLS ELEMENTARY SCHOOL,FORSYTH|HSC|H66|S20|C12,election_district_cell_hsc,FORSYTH - 206 NORTH HILLS ELEMENTARY SCHOOL,False
2000,FORSYTH,207 NEW HOPE UNITED METH,FORSYTH|HSC|H88|S20|C5,election_district_cell_hsc,FORSYTH - 207 NEW HOPE UNITED METH,False
2000,FORSYTH,301 ASHLEY ELEMENTARY SCHOOL,FORSYTH|HSC|H88|S20|C5,election_district_cell_hsc,FORSYTH - 301 ASHLEY ELEMENTARY SCHOOL,False
2000,FORSYTH,302 HANES/LOWRANCE MIDDLE SCHOOL,FORSYTH|HSC|H39|S20|C5,election_district_cell_hsc,FORSYTH - 302 HANES/LOWRANCE MIDDLE SCHOOL,False
2000,FORSYTH,303 PRAISE ASSEMBLY OF GOD,FORSYTH|HSC|H88|S20|C5,election_district_cell_hsc,FORSYTH - 303 PRAISE ASSEMBLY OF GOD,False
2000,FORSYTH,304 FORSYTH TECH CC WOODRUFF CTR,FORSYTH|HSC|H67|S20|C12,election_district_cell_hsc,FORSYTH - 304 FORSYTH TECH CC WOODRUFF CTR,False
2000,FORSYTH,305 CARVER HIGH SCHOOL,FORSYTH|HSC|H88|S20|C5,election_district_cell_hsc,FORSYTH - 305 CARVER HIGH SCHOOL,False
2000,FORSYTH,306 MINERAL SPRINGS ELEM SCHOOL,FORSYTH|HSC|H39|S20|C5,election_district_cell_hsc,FORSYTH - 306 MINERAL SPRINGS ELEM SCHOOL,False
2000,FORSYTH,401 WINSTON LAKE FAM YMCA,FORSYTH|HSC|H66|S20|C12,election_district_cell_hsc,FORSYTH - 401 WINSTON LAKE FAM YMCA,False
2000,FORSYTH,402 14TH STREET RECREATION,FORSYTH|HSC|H84|S20|C5,election_district_cell_hsc,FORSYTH - 402 14TH STREET RECREATION,False
2000,FORSYTH,403 LEAP ACADEMY AT KENNEDY,FORSYTH|HSC|H39|S20|C5,election_district_cell_hsc,FORSYTH - 403 LEAP ACADEMY AT KENNEDY,False
2000,FORSYTH,404 EAST WINSTON HERITAGE CENTER,FORSYTH|HSC|H67|S20|C5,election_district_cell_hsc,FORSYTH - 404 EAST WINSTON HERITAGE CENTER,False
2000,FORSYTH,405 SIMS RECREATION CENTER,FORSYTH|HSC|H39|S20|C5,election_district_cell_hsc,FORSYTH - 405 SIMS RECREATION CENTER,False
2000,FORSYTH,406 UNKNOWN,FORSYTH|HSC|H84|S20|C5,election_district_cell_hsc,FORSYTH - 406 UNKNOWN,False
2000,FORSYTH,501 ST ANDREWS METHODIST CHURCH,FORSYTH|HSC|H66|S20|C5,election_district_cell_hsc,FORSYTH - 501 ST ANDREWS METHODIST CHURCH,False
2000,FORSYTH,502 FOREST PARK ELEMENTARY,FORSYTH|HSC|H88|S20|C5,election_district_cell_hsc,FORSYTH - 502 FOREST PARK ELEMENTARY,False
2000,FORSYTH,503 TRINITY MORAV CHURCH,FORSYTH|HSC|H84|S20|C5,election_district_cell_hsc,FORSYTH - 503 TRINITY MORAV CHURCH,False
2000,FORSYTH,504 HILL MIDDLE SCHOOL,FORSYTH|HSC|H67|S20|C5,election_district_cell_hsc,FORSYTH - 504 HILL MIDDLE SCHOOL,False
2000,FORSYTH,505 EASTON ELEMENTARY,FORSYTH|HSC|H84|S20|C5,election_district_cell_hsc,FORSYTH - 505 EASTON ELEMENTARY,False
2000,FORSYTH,506 COVENANT PRESBYTERIAN,FORSYTH|HSC|H67|S20|C5,election_district_cell_hsc,FORSYTH - 506 COVENANT PRESBYTERIAN,False
2000,FORSYTH,507 SEDGE GARDEN RECREATION,FORSYTH|HSC|H67|S20|C5,election_district_cell_hsc,FORSYTH - 507 SEDGE GARDEN RECREATION,False
2000,FORSYTH,601 PIEDMONT BAPTIST COLLEGE,FORSYTH|HSC|H39|S20|C5,election_district_cell_hsc,FORSYTH - 601 PIEDMONT BAPTIST COLLEGE,False
2000,FORSYTH,602 NEW LIFE WESLEYAN CHURCH,FORSYTH|HSC|H88|S20|C5,election_district_cell_hsc,FORSYTH - 602 NEW LIFE WESLEYAN CHURCH,False
2000,FORSYTH,603 LATHAM ELEMENTARY,FORSYTH|HSC|H66|S20|C5,election_district_cell_hsc,FORSYTH - 603 LATHAM ELEMENTARY,False
2000,FORSYTH,604 WSFC SCHOOLS ADMINISTRATION BLDG,FORSYTH|HSC|H67|S20|C5,election_district_cell_hsc,FORSYTH - 604 WSFC SCHOOLS ADMINISTRATION BLDG,False
2000,FORSYTH,605 PARKLAND HIGH SCHOOL,FORSYTH|HSC|H84|S20|C5,election_district_cell_hsc,FORSYTH - 605 PARKLAND HIGH SCHOOL,False
2000,FORSYTH,606 PHILO MIDDLE SCHOOL,FORSYTH|HSC|H39|S20|C5,election_district_cell_hsc,FORSYTH - 606 PHILO MIDDLE SCHOOL,False
2000,FORSYTH,607 WESTVIEW BAPTIST CHURCH,FORSYTH|HSC|H67|S20|C12,election_district_cell_hsc,FORSYTH - 607 WESTVIEW BAPTIST CHURCH,False
2000,FORSYTH,701 FIRST CHRISTIAN CHURCH,FORSYTH|HSC|H39|S20|C5,election_district_cell_hsc,FORSYTH - 701 FIRST CHRISTIAN CHURCH,False
2000,FORSYTH,702 MILLER PARK RECREATION,FORSYTH|HSC|H84|S20|C5,election_district_cell_hsc,FORSYTH - 702 MILLER PARK RECREATION,False
2000,FORSYTH,703 ARDMORE BAPTIST CHURCH,FORSYTH|HSC|H84|S20|C5,election_district_cell_hsc,FORSYTH - 703 ARDMORE BAPTIST CHURCH,False
2000,FORSYTH,704 PARKWAY UNITED CHURCH,FORSYTH|HSC|H88|S20|C5,election_district_cell_hsc,FORSYTH - 704 PARKWAY UNITED CHURCH,False
2000,FORSYTH,705 FORSYTH TECH WEST,FORSYTH|HSC|H66|S20|C5,election_district_cell_hsc,FORSYTH - 705 FORSYTH TECH WEST,False
2000,FORSYTH,706 SOUTH FORK ELEMENTARY,FORSYTH|HSC|H88|S20|C5,election_district_cell_hsc,FORSYTH - 706 SOUTH FORK ELEMENTARY,False
2000,FORSYTH,707 GREEK ORTHODOX CHURCH,FORSYTH|HSC|H88|S20|C5,election_district_cell_hsc,FORSYTH - 707 GREEK ORTHODOX CHURCH,False
2000,FORSYTH,708 LITTLE CREEEK REC CTR,FORSYTH|HSC|H66|S20|C12,election_district_cell_hsc,FORSYTH - 708 LITTLE CREEEK REC CTR,False
2000,FORSYTH,709 WARD ELEMENTARY SCHOOL,FORSYTH|HSC|H39|S20|C5,election_district_cell_hsc,FORSYTH - 709 WARD ELEMENTARY SCHOOL,False
2000,FORSYTH,801 POLO PARK RECREATION,FORSYTH|HSC|H88|S20|C5,election_district_cell_hsc,FORSYTH - 801 POLO PARK RECREATION,False
2000,FORSYTH,802 SUMMIT SCHOOL,FORSYTH|HSC|H39|S20|C5,election_district_cell_hsc,FORSYTH - 802 SUMMIT SCHOOL,False
2000,FORSYTH,803 WHITAKER ELEMENTARY,FORSYTH|HSC|H84|S20|C5,election_district_cell_hsc,FORSYTH - 803 WHITAKER ELEMENTARY,False
2000,FORSYTH,804 SHERWOOD FOREST ELEM SCHOOL,FORSYTH|HSC|H66|S20|C12,election_district_cell_hsc,FORSYTH - 804 SHERWOOD FOREST ELEM SCHOOL,False
2000,FORSYTH,805 MESSIAH MORAV CHURCH,FORSYTH|HSC|H39|S20|C5,election_district_cell_hsc,FORSYTH - 805 MESSIAH MORAV CHURCH,False
2000,FORSYTH,806 TRINITY UNITED METH,FORSYTH|HSC|H39|S20|C5,election_district_cell_hsc,FORSYTH - 806 TRINITY UNITED METH,False
2000,FORSYTH,807 CALVARY BAPTIST CHURCH - BOY SCOUT HUT,FORSYTH|HSC|H39|S20|C5,election_district_cell_hsc,FORSYTH - 807 CALVARY BAPTIST CHURCH - BOY SCOUT HUT,False
2000,FORSYTH,808 COUNTRY CLUB FIRE,FORSYTH|HSC|H66|S20|C12,election_district_cell_hsc,FORSYTH - 808 COUNTRY CLUB FIRE,False
2000,FORSYTH,809 JEFFERSON MIDDLE,FORSYTH|HSC|H39|S20|C5,election_district_cell_hsc,FORSYTH - 809 JEFFERSON MIDDLE,False
2000,FORSYTH,901 REYNOLDS HIGH GIRLS GYM,FORSYTH|HSC|H88|S20|C5,election_district_cell_hsc,FORSYTH - 901 REYNOLDS HIGH GIRLS GYM,False
2000,FORSYTH,902 BRUNSON ELEMENTARY,FORSYTH|HSC|H88|S20|C5,election_district_cell_hsc,FORSYTH - 902 BRUNSON ELEMENTARY,False
2000,FORSYTH,903 HANES COMMUNITY CTR,FORSYTH|HSC|H88|S38|C5,election_district_cell_hsc,FORSYTH - 903 HANES COMMUNITY CTR,False
2000,FORSYTH,904 OLD TOWN PRESBYTERIAN,FORSYTH|HSC|H88|S20|C5,election_district_cell_hsc,FORSYTH - 904 OLD TOWN PRESBYTERIAN,False
2000,FORSYTH,905 BETHABARA MORAVIAN,FORSYTH|HSC|H84|S20|C5,election_district_cell_hsc,FORSYTH - 905 BETHABARA MORAVIAN,False
2000,FORSYTH,906 MT TABOR HIGH SCHOOL,FORSYTH|HSC|H39|S20|C5,election_district_cell_hsc,FORSYTH - 906 MT TABOR HIGH SCHOOL,False
2000,FORSYTH,907 ST ANNE'S EPISCOPAL,FORSYTH|HSC|H66|S20|C12,election_district_cell_hsc,FORSYTH - 907 ST ANNE'S EPISCOPAL,False
2000,GASTON,01 01,GASTON|HSC|H93|S25|C9,election_district_cell_hsc,GASTON - 01 01,False
2000,GASTON,02 02,GASTON|HSC|H44|S25|C9,election_district_cell_hsc,GASTON - 02 02,False
2000,GASTON,03 03,GASTON|HSC|H44|S25|C9,election_district_cell_hsc,GASTON - 03 03,False
2000,GASTON,04 04,GASTON|HSC|H76|S39|C9,election_district_cell_hsc,GASTON - 04 04,False
2000,GASTON,05 05,GASTON|HSC|H44|S25|C9,election_district_cell_hsc,GASTON - 05 05,False
2000,GASTON,06 06,GASTON|SC|S25|C9,election_district_cell_sc,GASTON - 06 06,False
2000,GASTON,07 07,GASTON|HSC|H44|S25|C9,election_district_cell_hsc,GASTON - 07 07,False
2000,GASTON,08 08,GASTON|HSC|H44|S25|C9,election_district_cell_hsc,GASTON - 08 08,False
2000,GASTON,09 09,GASTON|HSC|H93|S25|C9,election_district_cell_hsc,GASTON - 09 09,False
2000,GASTON,10 10,GASTON|HSC|H76|S25|C9,election_district_cell_hsc,GASTON - 10 10,False
2000,GASTON,11 11,GASTON|HSC|H93|S25|C9,election_district_cell_hsc,GASTON - 11 11,False
2000,GASTON,12 12,GASTON|HSC|H93|S25|C9,election_district_cell_hsc,GASTON - 12 12,False
2000,GASTON,13 13,GASTON|HSC|H93|S25|C9,election_district_cell_hsc,GASTON - 13 13,False
2000,GASTON,14 14,GASTON|HSC|H76|S25|C9,election_district_cell_hsc,GASTON - 14 14,False
2000,GASTON,15 15,GASTON|HSC|H76|S25|C9,election_district_cell_hsc,GASTON - 15 15,False
2000,GASTON,16 16,GASTON|HSC|H76|S39|C9,election_district_cell_hsc,GASTON - 16 16,False
2000,GASTON,17 17,GASTON|HSC|H76|S25|C9,election_district_cell_hsc,GASTON - 17 17,False
2000,GASTON,18 18,GASTON|HSC|H76|S25|C9,election_district_cell_hsc,GASTON - 18 18,False
2000,GASTON,19 19,GASTON|HSC|H76|S39|C9,election_district_cell_hsc,GASTON - 19 19,False
2000,GASTON,20 20,GASTON|HSC|H44|S25|C9,election_district_cell_hsc,GASTON - 20 20,False
2000,GASTON,21 21,GASTON|HSC|H48|S25|C9,election_district_cell_hsc,GASTON - 21 21,False
2000,GASTON,22 22,GASTON|HSC|H76|S25|C9,election_district_cell_hsc,GASTON - 22 22,False
2000,GASTON,23 23,GASTON|HSC|H93|S39|C9,election_district_cell_hsc,GASTON - 23 23,False
2000,GASTON,24 24,GASTON|HSC|H93|S39|C9,election_district_cell_hsc,GASTON - 24 24,False
2000,GASTON,25 25,GASTON|HSC|H93|S39|C9,election_district_cell_hsc,GASTON - 25 25,False
2000,GASTON,26 26,GASTON|HSC|H93|S39|C9,election_district_cell_hsc,GASTON - 26 26,False
2000,GASTON,27 27,GASTON|HSC|H93|S39|C9,election_district_cell_hsc,GASTON - 27 27,False
2000,GASTON,28 28,GASTON|HSC|H93|S39|C9,election_district_cell_hsc,GASTON - 28 28,False
2000,GASTON,29 29,GASTON|HSC|H76|S39|C9,election_district_cell_hsc,GASTON - 29 29,False
2000,GASTON,30 30,GASTON|HSC|H93|S25|C9,election_district_cell_hsc,GASTON - 30 30,False
2000,GASTON,31 31,GASTON|HSC|H76|S39|C9,election_district_cell_hsc,GASTON - 31 31,False
2000,GASTON,32 32,GASTON|HSC|H93|S25|C9,election_district_cell_hsc,GASTON - 32 32,False
2000,GASTON,33 33,GASTON|HSC|H44|S25|C9,election_district_cell_hsc,GASTON - 33 33,False
2000,GASTON,34 34,GASTON|HSC|H44|S25|C9,election_district_cell_hsc,GASTON - 34 34,False
2000,GASTON,35 35,GASTON|HSC|H48|S25|C9,election_district_cell_hsc,GASTON - 35 35,False
2000,GASTON,36 36,GASTON|HSC|H48|S25|C9,election_district_cell_hsc,GASTON - 36 36,False
2000,GASTON,37 37,GASTON|HSC|H48|S25|C9,election_district_cell_hsc,GASTON - 37 37,False
2000,GASTON,38 38,GASTON|HSC|H45|S39|C9,election_district_cell_hsc,GASTON - 38 38,False
2000,GASTON,39 39,GASTON|HSC|H45|S39|C9,election_district_cell_hsc,GASTON - 39 39,False
2000,GASTON,40 40,GASTON|HSC|H44|S25|C9,election_district_cell_hsc,GASTON - 40 40,False
2000,GASTON,41 41,GASTON|HSC|H45|S25|C9,election_district_cell_hsc,GASTON - 41 41,False
2000,GASTON,42 42,GASTON|HSC|H45|S39|C9,election_district_cell_hsc,GASTON - 42 42,False
2000,GASTON,43 43,GASTON|HSC|H93|S39|C9,election_district_cell_hsc,GASTON - 43 43,False
2000,GASTON,44 44,GASTON|HSC|H45|S39|C9,election_district_cell_hsc,GASTON - 44 44,False
2000,GASTON,45 45,GASTON|HSC|H93|S39|C9,election_district_cell_hsc,GASTON - 45 45,False
2000,GASTON,46 46,GASTON|HSC|H45|S39|C9,election_district_cell_hsc,GASTON - 46 46,False
2000,GASTON,absentee/provisional,GASTON|C|C9,election_district_cell_c,GASTON - ABSENTEE/PROVISIONAL,False
2000,MECKLENBURG,1 1,MECKLENBURG|HSC|H58|S40|C9,election_district_cell_hsc,MECKLENBURG - 1 1,False
2000,MECKLENBURG,10 10,MECKLENBURG|HSC|H58|S40|C12,election_district_cell_hsc,MECKLENBURG - 10 10,False
2000,MECKLENBURG,100 100,MECKLENBURG|HSC|H58|S40|C12,election_district_cell_hsc,MECKLENBURG - 100 100,False
2000,MECKLENBURG,101 101,MECKLENBURG|HSC|H58|S34|C9,election_district_cell_hsc,MECKLENBURG - 101 101,False
2000,MECKLENBURG,102 102,MECKLENBURG|HSC|H36|S40|C9,election_district_cell_hsc,MECKLENBURG - 102 102,False
2000,MECKLENBURG,103 103,MECKLENBURG|HSC|H36|S40|C9,election_district_cell_hsc,MECKLENBURG - 103 103,False
2000,MECKLENBURG,104 104,MECKLENBURG|HSC|H56|S40|C9,election_district_cell_hsc,MECKLENBURG - 104 104,False
2000,MECKLENBURG,105 105,MECKLENBURG|HSC|H56|S35|C9,election_district_cell_hsc,MECKLENBURG - 105 105,False
2000,MECKLENBURG,106 106,MECKLENBURG|HSC|H56|S40|C12,election_district_cell_hsc,MECKLENBURG - 106 106,False
2000,MECKLENBURG,107 107,MECKLENBURG|HSC|H56|S40|C9,election_district_cell_hsc,MECKLENBURG - 107 107,False
2000,MECKLENBURG,108 108,MECKLENBURG|HSC|H60|S33|C12,election_district_cell_hsc,MECKLENBURG - 108 108,False
2000,MECKLENBURG,109 109,MECKLENBURG|HSC|H60|S33|C12,election_district_cell_hsc,MECKLENBURG - 109 109,False
2000,MECKLENBURG,11 11,MECKLENBURG|HSC|H56|S33|C12,election_district_cell_hsc,MECKLENBURG - 11 11,False
2000,MECKLENBURG,110 110,MECKLENBURG|HSC|H58|S33|C12,election_district_cell_hsc,MECKLENBURG - 110 110,False
2000,MECKLENBURG,111 111,MECKLENBURG|HSC|H58|S40|C12,election_district_cell_hsc,MECKLENBURG - 111 111,False
2000,MECKLENBURG,112 112,MECKLENBURG|HSC|H59|S33|C12,election_district_cell_hsc,MECKLENBURG - 112 112,False
2000,MECKLENBURG,113 113,MECKLENBURG|HSC|H36|S40|C12,election_district_cell_hsc,MECKLENBURG - 113 113,False
2000,MECKLENBURG,114 114,MECKLENBURG|HSC|H58|S40|C9,election_district_cell_hsc,MECKLENBURG - 114 114,False
2000,MECKLENBURG,115 115,MECKLENBURG|HSC|H55|S35|C9,election_district_cell_hsc,MECKLENBURG - 115 115,False
2000,MECKLENBURG,116 116,MECKLENBURG|HSC|H56|S40|C9,election_district_cell_hsc,MECKLENBURG - 116 116,False
2000,MECKLENBURG,117 117,MECKLENBURG|HSC|H56|S40|C9,election_district_cell_hsc,MECKLENBURG - 117 117,False
2000,MECKLENBURG,118 118,MECKLENBURG|HSC|H56|S33|C12,election_district_cell_hsc,MECKLENBURG - 118 118,False
2000,MECKLENBURG,119 119,MECKLENBURG|HSC|H59|S34|C12,election_district_cell_hsc,MECKLENBURG - 119 119,False
2000,MECKLENBURG,12 12,MECKLENBURG|HSC|H60|S34|C12,election_district_cell_hsc,MECKLENBURG - 12 12,False
2000,MECKLENBURG,120 120,MECKLENBURG|HSC|H59|S33|C12,election_district_cell_hsc,MECKLENBURG - 120 120,False
2000,MECKLENBURG,121 121,MECKLENBURG|HSC|H54|S34|C12,election_district_cell_hsc,MECKLENBURG - 121 121,False
2000,MECKLENBURG,122 122,MECKLENBURG|HSC|H60|S33|C12,election_district_cell_hsc,MECKLENBURG - 122 122,False
2000,MECKLENBURG,123 123,MECKLENBURG|HSC|H54|S40|C12,election_district_cell_hsc,MECKLENBURG - 123 123,False
2000,MECKLENBURG,124 124,MECKLENBURG|HSC|H36|S40|C12,election_district_cell_hsc,MECKLENBURG - 124 124,False
2000,MECKLENBURG,125 125,MECKLENBURG|HSC|H58|S40|C12,election_district_cell_hsc,MECKLENBURG - 125 125,False
2000,MECKLENBURG,126 126,MECKLENBURG|HSC|H59|S33|C12,election_district_cell_hsc,MECKLENBURG - 126 126,False
2000,MECKLENBURG,127 127,MECKLENBURG|HSC|H56|S35|C9,election_district_cell_hsc,MECKLENBURG - 127 127,False
2000,MECKLENBURG,128 128,MECKLENBURG|HSC|H36|S40|C9,election_district_cell_hsc,MECKLENBURG - 128 128,False
2000,MECKLENBURG,129 129,MECKLENBURG|HSC|H36|S40|C9,election_district_cell_hsc,MECKLENBURG - 129 129,False
2000,MECKLENBURG,13 13,MECKLENBURG|HSC|H56|S40|C9,election_district_cell_hsc,MECKLENBURG - 13 13,False
2000,MECKLENBURG,130 130,MECKLENBURG|HSC|H57|S35|C9,election_district_cell_hsc,MECKLENBURG - 130 130,False
2000,MECKLENBURG,131 131,MECKLENBURG|HSC|H56|S40|C9,election_district_cell_hsc,MECKLENBURG - 131 131,False
2000,MECKLENBURG,132 132,MECKLENBURG|HSC|H56|S40|C9,election_district_cell_hsc,MECKLENBURG - 132 132,False
2000,MECKLENBURG,133 133,MECKLENBURG|HSC|H59|S33|C12,election_district_cell_hsc,MECKLENBURG - 133 133,False
2000,MECKLENBURG,134 134,MECKLENBURG|HSC|H59|S34|C12,election_district_cell_hsc,MECKLENBURG - 134 134,False
2000,MECKLENBURG,135 135,MECKLENBURG|HSC|H59|S33|C12,election_district_cell_hsc,MECKLENBURG - 135 135,False
2000,MECKLENBURG,136 136,MECKLENBURG|HSC|H60|S33|C12,election_district_cell_hsc,MECKLENBURG - 136 136,False
2000,MECKLENBURG,137 137,MECKLENBURG|HSC|H58|S40|C12,election_district_cell_hsc,MECKLENBURG - 137 137,False
2000,MECKLENBURG,138 138,MECKLENBURG|HSC|H58|S40|C12,election_district_cell_hsc,MECKLENBURG - 138 138,False
2000,MECKLENBURG,139 139,MECKLENBURG|HSC|H58|S40|C9,election_district_cell_hsc,MECKLENBURG - 139 139,False
2000,MECKLENBURG,14 14,MECKLENBURG|HSC|H36|S40|C12,election_district_cell_hsc,MECKLENBURG - 14 14,False
2000,MECKLENBURG,140 140,MECKLENBURG|HSC|H56|S35|C9,election_district_cell_hsc,MECKLENBURG - 140 140,False
2000,MECKLENBURG,141 141,MECKLENBURG|HSC|H55|S35|C9,election_district_cell_hsc,MECKLENBURG - 141 141,False
2000,MECKLENBURG,142 142,MECKLENBURG|HSC|H56|S40|C9,election_district_cell_hsc,MECKLENBURG - 142 142,False
2000,MECKLENBURG,143 143,MECKLENBURG|HSC|H55|S33|C9,election_district_cell_hsc,MECKLENBURG - 143 143,False
2000,MECKLENBURG,144 144,MECKLENBURG|HSC|H56|S40|C9,election_district_cell_hsc,MECKLENBURG - 144 144,False
2000,MECKLENBURG,145 145,MECKLENBURG|HSC|H56|S33|C12,election_district_cell_hsc,MECKLENBURG - 145 145,False
2000,MECKLENBURG,15 15,MECKLENBURG|HSC|H59|S34|C12,election_district_cell_hsc,MECKLENBURG - 15 15,False
2000,MECKLENBURG,16 16,MECKLENBURG|HSC|H60|S33|C12,election_district_cell_hsc,MECKLENBURG - 16 16,False
2000,MECKLENBURG,17 17,MECKLENBURG|HSC|H60|S33|C12,election_district_cell_hsc,MECKLENBURG - 17 17,False
2000,MECKLENBURG,18 18,MECKLENBURG|HSC|H60|S33|C12,election_district_cell_hsc,MECKLENBURG - 18 18,False
2000,MECKLENBURG,19 19,MECKLENBURG|HSC|H55|S33|C9,election_district_cell_hsc,MECKLENBURG - 19 19,False
2000,MECKLENBURG,2 2,MECKLENBURG|HSC|H55|S33|C9,election_district_cell_hsc,MECKLENBURG - 2 2,False
2000,MECKLENBURG,20 20,MECKLENBURG|HSC|H55|S33|C9,election_district_cell_hsc,MECKLENBURG - 20 20,False
2000,MECKLENBURG,200 200,MECKLENBURG|HSC|H54|S34|C12,election_district_cell_hsc,MECKLENBURG - 200 200,False
2000,MECKLENBURG,201 201,MECKLENBURG|HSC|H58|S40|C12,election_district_cell_hsc,MECKLENBURG - 201 201,False
2000,MECKLENBURG,202 202,MECKLENBURG|HSC|H36|S40|C9,election_district_cell_hsc,MECKLENBURG - 202 202,False
2000,MECKLENBURG,203 203,MECKLENBURG|HSC|H36|S40|C9,election_district_cell_hsc,MECKLENBURG - 203 203,False
2000,MECKLENBURG,204 204,MECKLENBURG|HSC|H57|S40|C9,election_district_cell_hsc,MECKLENBURG - 204 204,False
2000,MECKLENBURG,205 205,MECKLENBURG|HSC|H57|S35|C9,election_district_cell_hsc,MECKLENBURG - 205 205,False
2000,MECKLENBURG,206 206,MECKLENBURG|HSC|H57|S35|C9,election_district_cell_hsc,MECKLENBURG - 206 206,False
2000,MECKLENBURG,207 207,MECKLENBURG|HSC|H57|S35|C9,election_district_cell_hsc,MECKLENBURG - 207 207,False
2000,MECKLENBURG,208 208,MECKLENBURG|HSC|H57|S35|C9,election_district_cell_hsc,MECKLENBURG - 208 208,False
2000,MECKLENBURG,209 209,MECKLENBURG|HSC|H57|S35|C9,election_district_cell_hsc,MECKLENBURG - 209 209,False
2000,MECKLENBURG,21 21,MECKLENBURG|HSC|H57|S35|C9,election_district_cell_hsc,MECKLENBURG - 21 21,False
2000,MECKLENBURG,210 210,MECKLENBURG|HSC|H57|S35|C9,election_district_cell_hsc,MECKLENBURG - 210 210,False
2000,MECKLENBURG,211 211,MECKLENBURG|HSC|H55|S35|C9,election_district_cell_hsc,MECKLENBURG - 211 211,False
2000,MECKLENBURG,212 212,MECKLENBURG|HSC|H55|S33|C9,election_district_cell_hsc,MECKLENBURG - 212 212,False
2000,MECKLENBURG,213 213,MECKLENBURG|HSC|H55|S35|C9,election_district_cell_hsc,MECKLENBURG - 213 213,False
2000,MECKLENBURG,214 214,MECKLENBURG|HSC|H55|S33|C9,election_district_cell_hsc,MECKLENBURG - 214 214,False
2000,MECKLENBURG,215 215,MECKLENBURG|HSC|H55|S33|C9,election_district_cell_hsc,MECKLENBURG - 215 215,False
2000,MECKLENBURG,216 216,MECKLENBURG|HSC|H56|S33|C12,election_district_cell_hsc,MECKLENBURG - 216 216,False
2000,MECKLENBURG,217 217,MECKLENBURG|HSC|H59|S34|C12,election_district_cell_hsc,MECKLENBURG - 217 217,False
2000,MECKLENBURG,218 218,MECKLENBURG|HSC|H59|S34|C9,election_district_cell_hsc,MECKLENBURG - 218 218,False
2000,MECKLENBURG,219 219,MECKLENBURG|HSC|H93|S34|C9,election_district_cell_hsc,MECKLENBURG - 219 219,False
2000,MECKLENBURG,22 22,MECKLENBURG|HSC|H59|S34|C12,election_district_cell_hsc,MECKLENBURG - 22 22,False
2000,MECKLENBURG,220 220,MECKLENBURG|HSC|H54|S34|C12,election_district_cell_hsc,MECKLENBURG - 220 220,False
2000,MECKLENBURG,221 221,MECKLENBURG|HSC|H69|S35|C9,election_district_cell_hsc,MECKLENBURG - 221 221,False
2000,MECKLENBURG,222 222,MECKLENBURG|HSC|H36|S40|C9,election_district_cell_hsc,MECKLENBURG - 222 222,False
2000,MECKLENBURG,223 223,MECKLENBURG|HSC|H57|S35|C9,election_district_cell_hsc,MECKLENBURG - 223 223,False
2000,MECKLENBURG,224 224,MECKLENBURG|HSC|H57|S35|C9,election_district_cell_hsc,MECKLENBURG - 224 224,False
2000,MECKLENBURG,225 225,MECKLENBURG|HSC|H55|S33|C9,election_district_cell_hsc,MECKLENBURG - 225 225,False
2000,MECKLENBURG,226 226,MECKLENBURG|HSC|H69|S35|C9,election_district_cell_hsc,MECKLENBURG - 226 226,False
2000,MECKLENBURG,227 227,MECKLENBURG|HSC|H59|S34|C9,election_district_cell_hsc,MECKLENBURG - 227 227,False
2000,MECKLENBURG,228 228,MECKLENBURG|HSC|H69|S35|C9,election_district_cell_hsc,MECKLENBURG - 228 228,False
2000,MECKLENBURG,229 229,MECKLENBURG|HSC|H57|S35|C9,election_district_cell_hsc,MECKLENBURG - 229 229,False
2000,MECKLENBURG,23 23,MECKLENBURG|HSC|H55|S33|C9,election_district_cell_hsc,MECKLENBURG - 23 23,False
2000,MECKLENBURG,230 230,MECKLENBURG|HSC|H57|S33|C9,election_district_cell_hsc,MECKLENBURG - 230 230,False
2000,MECKLENBURG,231 231,MECKLENBURG|HSC|H69|S35|C9,election_district_cell_hsc,MECKLENBURG - 231 231,False
2000,MECKLENBURG,232 232,MECKLENBURG|HSC|H58|S40|C9,election_district_cell_hsc,MECKLENBURG - 232 232,False
2000,MECKLENBURG,233 233,MECKLENBURG|HSC|H57|S35|C9,election_district_cell_hsc,MECKLENBURG - 233 233,False
2000,MECKLENBURG,234 234,MECKLENBURG|HSC|H55|S33|C12,election_district_cell_hsc,MECKLENBURG - 234 234,False
2000,MECKLENBURG,235 235,MECKLENBURG|HSC|H56|S33|C12,election_district_cell_hsc,MECKLENBURG - 235 235,False
2000,MECKLENBURG,236 236,MECKLENBURG|HSC|H57|S40|C9,election_district_cell_hsc,MECKLENBURG - 236 236,False
2000,MECKLENBURG,237 237,MECKLENBURG|HSC|H57|S35|C9,election_district_cell_hsc,MECKLENBURG - 237 237,False
2000,MECKLENBURG,238 238,MECKLENBURG|HSC|H57|S33|C9,election_district_cell_hsc,MECKLENBURG - 238 238,False
2000,MECKLENBURG,239 239,MECKLENBURG|HSC|H36|S35|C9,election_district_cell_hsc,MECKLENBURG - 239 239,False
2000,MECKLENBURG,24 24,MECKLENBURG|HSC|H57|S35|C9,election_district_cell_hsc,MECKLENBURG - 24 24,False
2000,MECKLENBURG,240 240,MECKLENBURG|HSC|H58|S40|C12,election_district_cell_hsc,MECKLENBURG - 240 240,False
2000,MECKLENBURG,241 241,MECKLENBURG|HSC|H54|S34|C12,election_district_cell_hsc,MECKLENBURG - 241 241,False
2000,MECKLENBURG,242 242,MECKLENBURG|HSC|H57|S35|C9,election_district_cell_hsc,MECKLENBURG - 242 242,False
2000,MECKLENBURG,243 243,MECKLENBURG|HSC|H54|S34|C12,election_district_cell_hsc,MECKLENBURG - 243 243,False
2000,MECKLENBURG,25 25,MECKLENBURG|HSC|H36|S40|C9,election_district_cell_hsc,MECKLENBURG - 25 25,False
2000,MECKLENBURG,26 26,MECKLENBURG|HSC|H58|S40|C12,election_district_cell_hsc,MECKLENBURG - 26 26,False
2000,MECKLENBURG,27 27,MECKLENBURG|HSC|H55|S35|C9,election_district_cell_hsc,MECKLENBURG - 27 27,False
2000,MECKLENBURG,28 28,MECKLENBURG|HSC|H55|S33|C9,election_district_cell_hsc,MECKLENBURG - 28 28,False
2000,MECKLENBURG,29 29,MECKLENBURG|HSC|H69|S35|C9,election_district_cell_hsc,MECKLENBURG - 29 29,False
2000,MECKLENBURG,3 3,MECKLENBURG|HSC|H57|S35|C9,election_district_cell_hsc,MECKLENBURG - 3 3,False
2000,MECKLENBURG,30 30,MECKLENBURG|HSC|H55|S33|C9,election_district_cell_hsc,MECKLENBURG - 30 30,False
2000,MECKLENBURG,31 31,MECKLENBURG|HSC|H69|S35|C9,election_district_cell_hsc,MECKLENBURG - 31 31,False
2000,MECKLENBURG,32 32,MECKLENBURG|HSC|H58|S40|C9,election_district_cell_hsc,MECKLENBURG - 32 32,False
2000,MECKLENBURG,33 33,MECKLENBURG|HSC|H57|S40|C9,election_district_cell_hsc,MECKLENBURG - 33 33,False
2000,MECKLENBURG,34 34,MECKLENBURG|HSC|H57|S35|C9,election_district_cell_hsc,MECKLENBURG - 34 34,False
2000,MECKLENBURG,35 35,MECKLENBURG|HSC|H57|S35|C9,election_district_cell_hsc,MECKLENBURG - 35 35,False
2000,MECKLENBURG,36 36,MECKLENBURG|HSC|H55|S33|C12,election_district_cell_hsc,MECKLENBURG - 36 36,False
2000,MECKLENBURG,37 37,MECKLENBURG|HSC|H69|S35|C9,election_district_cell_hsc,MECKLENBURG - 37 37,False
2000,MECKLENBURG,38 38,MECKLENBURG|HSC|H76|S34|C9,election_district_cell_hsc,MECKLENBURG - 38 38,False
2000,MECKLENBURG,39 39,MECKLENBURG|HSC|H58|S34|C9,election_district_cell_hsc,MECKLENBURG - 39 39,False
2000,MECKLENBURG,4 4,MECKLENBURG|HSC|H58|S40|C9,election_district_cell_hsc,MECKLENBURG - 4 4,False
2000,MECKLENBURG,40 40,MECKLENBURG|HSC|H36|S35|C9,election_district_cell_hsc,MECKLENBURG - 40 40,False
2000,MECKLENBURG,41 41,MECKLENBURG|HSC|H54|S34|C12,election_district_cell_hsc,MECKLENBURG - 41 41,False
2000,MECKLENBURG,42 42,MECKLENBURG|HSC|H54|S34|C12,election_district_cell_hsc,MECKLENBURG - 42 42,False
2000,MECKLENBURG,43 43,MECKLENBURG|HSC|H54|S34|C12,election_district_cell_hsc,MECKLENBURG - 43 43,False
2000,MECKLENBURG,44 44,MECKLENBURG|HSC|H55|S35|C9,election_district_cell_hsc,MECKLENBURG - 44 44,False
2000,MECKLENBURG,45 45,MECKLENBURG|HSC|H36|S40|C9,election_district_cell_hsc,MECKLENBURG - 45 45,False
2000,MECKLENBURG,46 46,MECKLENBURG|HSC|H57|S35|C9,election_district_cell_hsc,MECKLENBURG - 46 46,False
2000,MECKLENBURG,47 47,MECKLENBURG|HSC|H54|S34|C12,election_district_cell_hsc,MECKLENBURG - 47 47,False
2000,MECKLENBURG,48 48,MECKLENBURG|HSC|H54|S34|C12,election_district_cell_hsc,MECKLENBURG - 48 48,False
2000,MECKLENBURG,49 49,MECKLENBURG|HSC|H60|S34|C9,election_district_cell_hsc,MECKLENBURG - 49 49,False
2000,MECKLENBURG,5 5,MECKLENBURG|HSC|H60|S34|C12,election_district_cell_hsc,MECKLENBURG - 5 5,False
2000,MECKLENBURG,50 50,MECKLENBURG|HSC|H69|S35|C9,election_district_cell_hsc,MECKLENBURG - 50 50,False
2000,MECKLENBURG,51 51,MECKLENBURG|HSC|H69|S35|C9,election_district_cell_hsc,MECKLENBURG - 51 51,False
2000,MECKLENBURG,52 52,MECKLENBURG|HSC|H76|S34|C9,election_district_cell_hsc,MECKLENBURG - 52 52,False
2000,MECKLENBURG,53 53,MECKLENBURG|HSC|H69|S35|C9,election_district_cell_hsc,MECKLENBURG - 53 53,False
2000,MECKLENBURG,54 54,MECKLENBURG|HSC|H69|S35|C9,election_district_cell_hsc,MECKLENBURG - 54 54,False
2000,MECKLENBURG,55 55,MECKLENBURG|HSC|H54|S34|C12,election_district_cell_hsc,MECKLENBURG - 55 55,False
2000,MECKLENBURG,56 56,MECKLENBURG|HSC|H60|S34|C9,election_district_cell_hsc,MECKLENBURG - 56 56,False
2000,MECKLENBURG,57 57,MECKLENBURG|HSC|H60|S34|C9,election_district_cell_hsc,MECKLENBURG - 57 57,False
2000,MECKLENBURG,58 58,MECKLENBURG|HSC|H93|S34|C9,election_district_cell_hsc,MECKLENBURG - 58 58,False
2000,MECKLENBURG,59 59,MECKLENBURG|HSC|H69|S35|C9,election_district_cell_hsc,MECKLENBURG - 59 59,False
2000,MECKLENBURG,6 6,MECKLENBURG|HSC|H54|S34|C12,election_district_cell_hsc,MECKLENBURG - 6 6,False
2000,MECKLENBURG,60 60,MECKLENBURG|HSC|H69|S40|C9,election_district_cell_hsc,MECKLENBURG - 60 60,False
2000,MECKLENBURG,61 61,MECKLENBURG|HSC|H54|S34|C12,election_district_cell_hsc,MECKLENBURG - 61 61,False
2000,MECKLENBURG,62 62,MECKLENBURG|HSC|H54|S34|C12,election_district_cell_hsc,MECKLENBURG - 62 62,False
2000,MECKLENBURG,63 63,MECKLENBURG|HSC|H54|S34|C12,election_district_cell_hsc,MECKLENBURG - 63 63,False
2000,MECKLENBURG,64 64,MECKLENBURG|HSC|H54|S34|C12,election_district_cell_hsc,MECKLENBURG - 64 64,False
2000,MECKLENBURG,65 65,MECKLENBURG|HSC|H60|S34|C9,election_district_cell_hsc,MECKLENBURG - 65 65,False
2000,MECKLENBURG,66 66,MECKLENBURG|HSC|H60|S34|C9,election_district_cell_hsc,MECKLENBURG - 66 66,False
2000,MECKLENBURG,67 67,MECKLENBURG|HSC|H59|S33|C12,election_district_cell_hsc,MECKLENBURG - 67 67,False
2000,MECKLENBURG,68 68,MECKLENBURG|HSC|H60|S34|C12,election_district_cell_hsc,MECKLENBURG - 68 68,False
2000,MECKLENBURG,69 69,MECKLENBURG|HSC|H54|S34|C12,election_district_cell_hsc,MECKLENBURG - 69 69,False
2000,MECKLENBURG,7 7,MECKLENBURG|HSC|H60|S34|C12,election_district_cell_hsc,MECKLENBURG - 7 7,False
2000,MECKLENBURG,70 70,MECKLENBURG|HSC|H54|S34|C12,election_district_cell_hsc,MECKLENBURG - 70 70,False
2000,MECKLENBURG,71 71,MECKLENBURG|HSC|H69|S35|C9,election_district_cell_hsc,MECKLENBURG - 71 71,False
2000,MECKLENBURG,72 72,MECKLENBURG|HSC|H36|S35|C9,election_district_cell_hsc,MECKLENBURG - 72 72,False
2000,MECKLENBURG,73 73,MECKLENBURG|HSC|H36|S35|C9,election_district_cell_hsc,MECKLENBURG - 73 73,False
2000,MECKLENBURG,74 74,MECKLENBURG|HSC|H69|S35|C9,election_district_cell_hsc,MECKLENBURG - 74 74,False
2000,MECKLENBURG,75 75,MECKLENBURG|HSC|H69|S35|C9,election_district_cell_hsc,MECKLENBURG - 75 75,False
2000,MECKLENBURG,76 76,MECKLENBURG|HSC|H69|S35|C9,election_district_cell_hsc,MECKLENBURG - 76 76,False
2000,MECKLENBURG,77 77,MECKLENBURG|HSC|H69|S35|C9,election_district_cell_hsc,MECKLENBURG - 77 77,False
2000,MECKLENBURG,78 78,MECKLENBURG|HSC|H60|S34|C9,election_district_cell_hsc,MECKLENBURG - 78 78,False
2000,MECKLENBURG,79 79,MECKLENBURG|HSC|H60|S34|C9,election_district_cell_hsc,MECKLENBURG - 79 79,False
2000,MECKLENBURG,8 8,MECKLENBURG|HSC|H93|S34|C9,election_district_cell_hsc,MECKLENBURG - 8 8,False
2000,MECKLENBURG,80 80,MECKLENBURG|HSC|H55|S35|C9,election_district_cell_hsc,MECKLENBURG - 80 80,False
2000,MECKLENBURG,81 81,MECKLENBURG|HSC|H69|S35|C9,election_district_cell_hsc,MECKLENBURG - 81 81,False
2000,MECKLENBURG,82 82,MECKLENBURG|HSC|H69|S35|C9,election_district_cell_hsc,MECKLENBURG - 82 82,False
2000,MECKLENBURG,83 83,MECKLENBURG|HSC|H76|S34|C9,election_district_cell_hsc,MECKLENBURG - 83 83,False
2000,MECKLENBURG,84 84,MECKLENBURG|HSC|H76|S34|C9,election_district_cell_hsc,MECKLENBURG - 84 84,False
2000,MECKLENBURG,85 85,MECKLENBURG|HSC|H76|S34|C9,election_district_cell_hsc,MECKLENBURG - 85 85,False
2000,MECKLENBURG,86 86,MECKLENBURG|HSC|H55|S35|C9,election_district_cell_hsc,MECKLENBURG - 86 86,False
2000,MECKLENBURG,87 87,MECKLENBURG|HSC|H69|S35|C9,election_district_cell_hsc,MECKLENBURG - 87 87,False
2000,MECKLENBURG,88 88,MECKLENBURG|HSC|H36|S35|C9,election_district_cell_hsc,MECKLENBURG - 88 88,False
2000,MECKLENBURG,89 89,MECKLENBURG|HSC|H69|S35|C9,election_district_cell_hsc,MECKLENBURG - 89 89,False
2000,MECKLENBURG,9 9,MECKLENBURG|HSC|H69|S35|C9,election_district_cell_hsc,MECKLENBURG - 9 9,False
2000,MECKLENBURG,90 90,MECKLENBURG|HSC|H69|S35|C9,election_district_cell_hsc,MECKLENBURG - 90 90,False
2000,MECKLENBURG,900 900,MECKLENBURG|HSC|H54|S34|C12,election_district_cell_hsc,MECKLENBURG - 900 900,False
2000,MECKLENBURG,901 901,MECKLENBURG|HSC|H54|S34|C12,election_district_cell_hsc,MECKLENBURG - 901 901,False
2000,MECKLENBURG,91 91,MECKLENBURG|HSC|H54|S34|C12,election_district_cell_hsc,MECKLENBURG - 91 91,False
2000,MECKLENBURG,92 92,MECKLENBURG|HSC|H60|S34|C9,election_district_cell_hsc,MECKLENBURG - 92 92,False
2000,MECKLENBURG,93 93,MECKLENBURG|HSC|H54|S34|C12,election_district_cell_hsc,MECKLENBURG - 93 93,False
2000,MECKLENBURG,94 94,MECKLENBURG|HSC|H60|S34|C9,election_district_cell_hsc,MECKLENBURG - 94 94,False
2000,MECKLENBURG,95 95,MECKLENBURG|HSC|H76|S34|C9,election_district_cell_hsc,MECKLENBURG - 95 95,False
2000,NEW HANOVER,CF01 CF01,NEW HANOVER|C|C7,election_district_cell_c,NEW HANOVER - CF01 CF01,False
2000,NEW HANOVER,CF02 CF02,NEW HANOVER|C|C7,election_district_cell_c,NEW HANOVER - CF02 CF02,False
2000,NEW HANOVER,CF03 CF03,NEW HANOVER|C|C7,election_district_cell_c,NEW HANOVER - CF03 CF03,False
2000,NEW HANOVER,FP01 FP01,NEW HANOVER|C|C7,election_district_cell_c,NEW HANOVER - FP01 FP01,False
2000,NEW HANOVER,FP02 FP02,NEW HANOVER|C|C7,election_district_cell_c,NEW HANOVER - FP02 FP02,False
2000,NEW HANOVER,FP03 FP03,NEW HANOVER|C|C7,election_district_cell_c,NEW HANOVER - FP03 FP03,False
2000,NEW HANOVER,FP04 FP04,NEW HANOVER|C|C7,election_district_cell_c,NEW HANOVER - FP04 FP04,False
2000,NEW HANOVER,FP05 FP05,NEW HANOVER|C|C7,election_district_cell_c,NEW HANOVER - FP05 FP05,False
2000,NEW HANOVER,H01 H01,NEW HANOVER|C|C7,election_district_cell_c,NEW HANOVER - H01 H01,False
2000,NEW HANOVER,H02 H02,NEW HANOVER|C|C7,election_district_cell_c,NEW HANOVER - H02 H02,False
2000,NEW HANOVER,H03 H03,NEW HANOVER|C|C7,election_district_cell_c,NEW HANOVER - H03 H03,False
2000,NEW HANOVER,H04 H04,NEW HANOVER|C|C7,election_district_cell_c,NEW HANOVER - H04 H04,False
2000,NEW HANOVER,H05 H05,NEW HANOVER|C|C7,election_district_cell_c,NEW HANOVER - H05 H05,False
2000,NEW HANOVER,H06 H06,NEW HANOVER|C|C7,election_district_cell_c,NEW HANOVER - H06 H06,False
2000,NEW HANOVER,H07 H07,NEW HANOVER|C|C7,election_district_cell_c,NEW HANOVER - H07 H07,False
2000,NEW HANOVER,H08 H08,NEW HANOVER|C|C7,election_district_cell_c,NEW HANOVER - H08 H08,False
2000,NEW HANOVER,H09 H09,NEW HANOVER|C|C7,election_district_cell_c,NEW HANOVER - H09 H09,False
2000,NEW HANOVER,M02 M02,NEW HANOVER|C|C7,election_district_cell_c,NEW HANOVER - M02 M02,False
2000,NEW HANOVER,M03 M03,NEW HANOVER|C|C7,election_district_cell_c,NEW HANOVER - M03 M03,False
2000,NEW HANOVER,M04 M04,NEW HANOVER|C|C7,election_district_cell_c,NEW HANOVER - M04 M04,False
2000,NEW HANOVER,M05 M05,NEW HANOVER|C|C7,election_district_cell_c,NEW HANOVER - M05 M05,False
2000,NEW HANOVER,W01 W01,NEW HANOVER|C|C7,election_district_cell_c,NEW HANOVER - W01 W01,False
2000,NEW HANOVER,W02 W02,NEW HANOVER|C|C7,election_district_cell_c,NEW HANOVER - W02 W02,False
2000,NEW HANOVER,W03 W03,NEW HANOVER|C|C7,election_district_cell_c,NEW HANOVER - W03 W03,False
2000,NEW HANOVER,W04 W04,NEW HANOVER|C|C7,election_district_cell_c,NEW HANOVER - W04 W04,False
2000,NEW HANOVER,W05 W05,NEW HANOVER|C|C7,election_district_cell_c,NEW HANOVER - W05 W05,False
2000,NEW HANOVER,W06 W06,NEW HANOVER|C|C7,election_district_cell_c,NEW HANOVER - W06 W06,False
2000,NEW HANOVER,W07 W07,NEW HANOVER|C|C7,election_district_cell_c,NEW HANOVER - W07 W07,False
2000,NEW HANOVER,W08 W08,NEW HANOVER|C|C7,election_district_cell_c,NEW HANOVER - W08 W08,False
2000,NEW HANOVER,W09 W09,NEW HANOVER|C|C7,election_district_cell_c,NEW HANOVER - W09 W09,False
2000,NEW HANOVER,W10 W10,NEW HANOVER|C|C7,election_district_cell_c,NEW HANOVER - W10 W10,False
2000,NEW HANOVER,W11 W11,NEW HANOVER|C|C7,election_district_cell_c,NEW HANOVER - W11 W11,False
2000,NEW HANOVER,W12 W12,NEW HANOVER|C|C7,election_district_cell_c,NEW HANOVER - W12 W12,False
2000,NEW HANOVER,W13 W13,NEW HANOVER|C|C7,election_district_cell_c,NEW HANOVER - W13 W13,False
2000,NEW HANOVER,W14 W14,NEW HANOVER|C|C7,election_district_cell_c,NEW HANOVER - W14 W14,False
2000,NEW HANOVER,W15 W15,NEW HANOVER|C|C7,election_district_cell_c,NEW HANOVER - W15 W15,False
2000,NEW HANOVER,W16 W16,NEW HANOVER|C|C7,election_district_cell_c,NEW HANOVER - W16 W16,False
2000,NEW HANOVER,W17 W17,NEW HANOVER|C|C7,election_district_cell_c,NEW HANOVER - W17 W17,False
2000,NEW HANOVER,W18 W18,NEW HANOVER|C|C7,election_district_cell_c,NEW HANOVER - W18 W18,False
2000,NEW HANOVER,W19 W19,NEW HANOVER|C|C7,election_district_cell_c,NEW HANOVER - W19 W19,False
2000,NEW HANOVER,W20 W20,NEW HANOVER|C|C7,election_district_cell_c,NEW HANOVER - W20 W20,False
2000,NEW HANOVER,W21 W21,NEW HANOVER|C|C7,election_district_cell_c,NEW HANOVER - W21 W21,False
2000,NEW HANOVER,W22 W22,NEW HANOVER|C|C7,election_district_cell_c,NEW HANOVER - W22 W22,False
2000,NEW HANOVER,W23 W23,NEW HANOVER|C|C7,election_district_cell_c,NEW HANOVER - W23 W23,False
2000,NEW HANOVER,W24 W24,NEW HANOVER|C|C7,election_district_cell_c,NEW HANOVER - W24 W24,False
2000,NEW HANOVER,WB WB,NEW HANOVER|C|C7,election_district_cell_c,NEW HANOVER - WB WB,False
2000,NEW HANOVER,absentee/provisional,NEW HANOVER|C|C7,election_district_cell_c,NEW HANOVER - ABSENTEE/PROVISIONAL,False
2000,UNION,001 CHAMBER OF COMMERCE,UNION|HSC|H34|S17|C8,election_district_cell_hsc,UNION - 001 CHAMBER OF COMMERCE,False
2000,UNION,002 MONROE MIDDLE SCHOOL,UNION|HSC|H34|S17|C8,election_district_cell_hsc,UNION - 002 MONROE MIDDLE SCHOOL,False
2000,UNION,003 ST LUKES LUTHERAN CHURCH,UNION|HSC|H34|S17|C8,election_district_cell_hsc,UNION - 003 ST LUKES LUTHERAN CHURCH,False
2000,UNION,004 SUTTON PARK RECREATION CENTER,UNION|SC|S17|C8,election_district_cell_sc,UNION - 004 SUTTON PARK RECREATION CENTER,False
2000,UNION,005 BAKERS VFD,UNION|HSC|H34|S17|C8,election_district_cell_hsc,UNION - 005 BAKERS VFD,False
2000,UNION,006 BENTON HEIGHTS PRESBY CHURCH,UNION|SC|S17|C8,election_district_cell_sc,UNION - 006 BENTON HEIGHTS PRESBY CHURCH,False
2000,UNION,007 MT CARMEL METH CHUIRCH,UNION|HSC|H34|S17|C8,election_district_cell_hsc,UNION - 007 MT CARMEL METH CHUIRCH,False
2000,UNION,008 WINGATE UNITED METH CHURCH,UNION|HSC|H34|S17|C8,election_district_cell_hsc,UNION - 008 WINGATE UNITED METH CHURCH,False
2000,UNION,009 BEAVER LANE VFD,UNION|HSC|H34|S17|C8,election_district_cell_hsc,UNION - 009 BEAVER LANE VFD,False
2000,UNION,010 UNION COUNTY LIBRARY,UNION|HSC|H34|S17|C8,election_district_cell_hsc,UNION - 010 UNION COUNTY LIBRARY,False
2000,UNION,011 MT MORIAH METHODIST CHURCH,UNION|SC|S17|C8,election_district_cell_sc,UNION - 011 MT MORIAH METHODIST CHURCH,False
2000,UNION,012 FAIRVIEW VFD,UNION|SC|S17|C8,election_district_cell_sc,UNION - 012 FAIRVIEW VFD,False
2000,UNION,013 UNIONVILLE VFD,UNION|HSC|H82|S17|C8,election_district_cell_hsc,UNION - 013 UNIONVILLE VFD,False
2000,UNION,014 INDIAN TRAIL ELEMETARY SCH,UNION|SC|S17|C8,election_district_cell_sc,UNION - 014 INDIAN TRAIL ELEMETARY SCH,False
2000,UNION,015 STALLINGS TOWN HALL,UNION|HSC|H81|S17|C8,election_district_cell_hsc,UNION - 015 STALLINGS TOWN HALL,False
2000,UNION,016 HEMBY BRIDGE VFD,UNION|HSC|H81|S17|C8,election_district_cell_hsc,UNION - 016 HEMBY BRIDGE VFD,False
2000,UNION,017 WESLEY CHAPEL ELEM SCH GYM,UNION|SC|S17|C8,election_district_cell_sc,UNION - 017 WESLEY CHAPEL ELEM SCH GYM,False
2000,UNION,018 PROVIDENCE VFD,UNION|SC|S17|C8,election_district_cell_sc,UNION - 018 PROVIDENCE VFD,False
2000,UNION,019 MINERAL SPRINGS VFD,UNION|HSC|H34|S17|C8,election_district_cell_hsc,UNION - 019 MINERAL SPRINGS VFD,False
2000,UNION,020 WAXHAW WOMENS CLUB,UNION|HSC|H34|S17|C8,election_district_cell_hsc,UNION - 020 WAXHAW WOMENS CLUB,False
2000,UNION,021 WALKERSVILLE PRESBYTERIAN CH,UNION|HSC|H34|S17|C8,election_district_cell_hsc,UNION - 021 WALKERSVILLE PRESBYTERIAN CH,False
2000,UNION,022 TIRZAH PRESBY CH,UNION|HSC|H34|S17|C8,election_district_cell_hsc,UNION - 022 TIRZAH PRESBY CH,False
2000,UNION,023 GRIFFITH RD VFD,UNION|HSC|H34|S17|C8,election_district_cell_hsc,UNION - 023 GRIFFITH RD VFD,False
2000,UNION,024 PROSPECT ELEM SCH,UNION|HSC|H34|S17|C8,election_district_cell_hsc,UNION - 024 PROSPECT ELEM SCH,False
2000,UNION,025 MOUNTAIN SPRINGS BAPTIST CHURCH,UNION|HSC|H34|S17|C8,election_district_cell_hsc,UNION - 025 MOUNTAIN SPRINGS BAPTIST CHURCH,False
2000,UNION,026 SOUTH UNION ATH ASSOC,UNION|HSC|H34|S17|C8,election_district_cell_hsc,UNION - 026 SOUTH UNION ATH ASSOC,False
2000,UNION,027 FAULKS BAPT CH,UNION|HSC|H34|S17|C8,election_district_cell_hsc,UNION - 027 FAULKS BAPT CH,False
2000,UNION,028 BONDS GROVE METH CH,UNION|HSC|H81|S17|C8,election_district_cell_hsc,UNION - 028 BONDS GROVE METH CH,False
2000,UNION,029 SHILOH ELEM,UNION|SC|S17|C8,election_district_cell_sc,UNION - 029 SHILOH ELEM,False
2000,UNION,030 ROLLING HILLS METH CH,UNION|HSC|H34|S17|C8,election_district_cell_hsc,UNION - 030 ROLLING HILLS METH CH,False
2000,UNION,031 GRACE BAPT,UNION|HSC|H34|S17|C8,election_district_cell_hsc,UNION - 031 GRACE BAPT,False
2000,UNION,032 FAIRVIEW ELEM SCH GYM,UNION|HSC|H81|S17|C8,election_district_cell_hsc,UNION - 032 FAIRVIEW ELEM SCH GYM,False
2000,UNION,033 WAXHAW ELEM SCH GYM,UNION|HSC|H34|S17|C8,election_district_cell_hsc,UNION - 033 WAXHAW ELEM SCH GYM,False
2000,UNION,034 MIDWAY BAPT,UNION|SC|S17|C8,election_district_cell_sc,UNION - 034 MIDWAY BAPT,False
2000,UNION,035 ROCK HILL AME ZION,UNION|HSC|H81|S17|C8,election_district_cell_hsc,UNION - 035 ROCK HILL AME ZION,False
2000,UNION,036 CROSSROADS AME ZION,UNION|HSC|H34|S17|C8,election_district_cell_hsc,UNION - 036 CROSSROADS AME ZION,False
2000,UNION,037 CHURCH OF THE SAVIOR,UNION|HSC|H81|S17|C8,election_district_cell_hsc,UNION - 037 CHURCH OF THE SAVIOR,False
2000,UNION,038 SARDIS ELEM,UNION|SC|S17|C8,election_district_cell_sc,UNION - 038 SARDIS ELEM,False
2000,UNION,039 STEPHENSON  PRESBY CH,UNION|SC|S17|C8,election_district_cell_sc,UNION - 039 STEPHENSON PRESBY CH,False
2000,UNION,040 SPIRIT OF JOY  LUTH CH,UNION|SC|S17|C8,election_district_cell_sc,UNION - 040 SPIRIT OF JOY LUTH CH,False
2000,UNION,041 WEDDINGTON ELEMENTARY GYM,UNION|HSC|H81|S17|C8,election_district_cell_hsc,UNION - 041 WEDDINGTON ELEMENTARY GYM,False
2000,UNION,042 NEW SALEM   BAPTIST CH,UNION|HSC|H34|S17|C8,election_district_cell_hsc,UNION - 042 NEW SALEM BAPTIST CH,False
2000,UNION,043 JEFFERSON ROOM/PUBLIC WORKS,UNION|HSC|H34|S17|C8,election_district_cell_hsc,UNION - 043 JEFFERSON ROOM/PUBLIC WORKS,False
2000,UNION,absentee/provisional,UNION|SC|S17|C8,election_district_cell_sc,UNION - ABSENTEE/PROVISIONAL,False
2000,WAKE,01-05 01-05,WAKE|HSC|H63|S14|C2,election_district_cell_hsc,WAKE - 01-05 01-05,False
2000,WAKE,01-06 01-06,WAKE|HSC|H61|S14|C2,election_district_cell_hsc,WAKE - 01-06 01-06,False
2000,WAKE,01-07 01-07,WAKE|HSC|H64|S14|C2,election_district_cell_hsc,WAKE - 01-07 01-07,False
2000,WAKE,01-07A 01-07A,WAKE|HSC|H61|S14|C4,election_district_cell_hsc,WAKE - 01-07A 01-07A,False
2000,WAKE,01-09 01-09,WAKE|HSC|H64|S14|C2,election_district_cell_hsc,WAKE - 01-09 01-09,False
2000,WAKE,01-10 01-10,WAKE|HSC|H64|S14|C2,election_district_cell_hsc,WAKE - 01-10 01-10,False
2000,WAKE,01-11 01-11,WAKE|HSC|H64|S14|C2,election_district_cell_hsc,WAKE - 01-11 01-11,False
2000,WAKE,01-12 01-12,WAKE|HSC|H64|S14|C2,election_district_cell_hsc,WAKE - 01-12 01-12,False
2000,WAKE,01-13 01-13,WAKE|HSC|H64|S14|C2,election_district_cell_hsc,WAKE - 01-13 01-13,False
2000,WAKE,01-14 01-14,WAKE|HSC|H61|S14|C2,election_district_cell_hsc,WAKE - 01-14 01-14,False
2000,WAKE,01-15 01-15,WAKE|HSC|H61|S14|C4,election_district_cell_hsc,WAKE - 01-15 01-15,False
2000,WAKE,01-16 01-16,WAKE|HSC|H64|S14|C2,election_district_cell_hsc,WAKE - 01-16 01-16,False
2000,WAKE,01-17 01-17,WAKE|HSC|H64|S14|C2,election_district_cell_hsc,WAKE - 01-17 01-17,False
2000,WAKE,01-18 01-18,WAKE|HSC|H21|S14|C2,election_district_cell_hsc,WAKE - 01-18 01-18,False
2000,WAKE,01-19 01-19,WAKE|HSC|H64|S14|C4,election_district_cell_hsc,WAKE - 01-19 01-19,False
2000,WAKE,01-20 01-20,WAKE|HSC|H61|S14|C4,election_district_cell_hsc,WAKE - 01-20 01-20,False
2000,WAKE,01-21 01-21,WAKE|HSC|H61|S14|C4,election_district_cell_hsc,WAKE - 01-21 01-21,False
2000,WAKE,01-22 01-22,WAKE|HSC|H64|S14|C2,election_district_cell_hsc,WAKE - 01-22 01-22,False
2000,WAKE,01-23 01-23,WAKE|HSC|H21|S14|C2,election_district_cell_hsc,WAKE - 01-23 01-23,False
2000,WAKE,01-25 01-25,WAKE|HSC|H21|S14|C2,election_district_cell_hsc,WAKE - 01-25 01-25,False
2000,WAKE,01-26 01-26,WAKE|HSC|H64|S14|C2,election_district_cell_hsc,WAKE - 01-26 01-26,False
2000,WAKE,01-27 01-27,WAKE|HSC|H21|S14|C2,election_district_cell_hsc,WAKE - 01-27 01-27,False
2000,WAKE,01-28 01-28,WAKE|HSC|H63|S14|C2,election_district_cell_hsc,WAKE - 01-28 01-28,False
2000,WAKE,01-29 01-29,WAKE|HSC|H64|S14|C2,election_district_cell_hsc,WAKE - 01-29 01-29,False
2000,WAKE,01-30 01-30,WAKE|HSC|H21|S14|C2,election_district_cell_hsc,WAKE - 01-30 01-30,False
2000,WAKE,01-31 01-31,WAKE|HSC|H64|S14|C2,election_district_cell_hsc,WAKE - 01-31 01-31,False
2000,WAKE,01-32 01-32,WAKE|HSC|H21|S14|C2,election_district_cell_hsc,WAKE - 01-32 01-32,False
2000,WAKE,01-33 01-33,WAKE|HSC|H61|S14|C4,election_district_cell_hsc,WAKE - 01-33 01-33,False
2000,WAKE,01-34 01-34,WAKE|HSC|H61|S14|C4,election_district_cell_hsc,WAKE - 01-34 01-34,False
2000,WAKE,01-35 01-35,WAKE|HSC|H63|S14|C2,election_district_cell_hsc,WAKE - 01-35 01-35,False
2000,WAKE,01-36 01-36,WAKE|HSC|H63|S14|C4,election_district_cell_hsc,WAKE - 01-36 01-36,False
2000,WAKE,01-37 01-37,WAKE|HSC|H61|S14|C4,election_district_cell_hsc,WAKE - 01-37 01-37,False
2000,WAKE,01-38 01-38,WAKE|HSC|H21|S14|C2,election_district_cell_hsc,WAKE - 01-38 01-38,False
2000,WAKE,01-39 01-39,WAKE|HSC|H64|S14|C2,election_district_cell_hsc,WAKE - 01-39 01-39,False
2000,WAKE,01-40 01-40,WAKE|HSC|H61|S14|C4,election_district_cell_hsc,WAKE - 01-40 01-40,False
2000,WAKE,01-41 01-41,WAKE|HSC|H61|S14|C4,election_district_cell_hsc,WAKE - 01-41 01-41,False
2000,WAKE,01-42 01-42,WAKE|HSC|H21|S14|C2,election_district_cell_hsc,WAKE - 01-42 01-42,False
2000,WAKE,01-43 01-43,WAKE|HSC|H61|S14|C4,election_district_cell_hsc,WAKE - 01-43 01-43,False
2000,WAKE,01-44 01-44,WAKE|HSC|H21|S14|C2,election_district_cell_hsc,WAKE - 01-44 01-44,False
2000,WAKE,01-45 01-45,WAKE|HSC|H63|S14|C4,election_district_cell_hsc,WAKE - 01-45 01-45,False
2000,WAKE,01-46 01-46,WAKE|HSC|H65|S14|C4,election_district_cell_hsc,WAKE - 01-46 01-46,False
2000,WAKE,01-47 01-47,WAKE|HSC|H61|S14|C4,election_district_cell_hsc,WAKE - 01-47 01-47,False
2000,WAKE,01-48 01-48,WAKE|HSC|H65|S14|C4,election_district_cell_hsc,WAKE - 01-48 01-48,False
2000,WAKE,01-49 01-49,WAKE|HSC|H61|S14|C4,election_district_cell_hsc,WAKE - 01-49 01-49,False
2000,WAKE,01-50 01-50,WAKE|HSC|H21|S14|C2,election_district_cell_hsc,WAKE - 01-50 01-50,False
2000,WAKE,01-51 01-51,WAKE|HSC|H65|S14|C4,election_district_cell_hsc,WAKE - 01-51 01-51,False
2000,WAKE,02-01 02-01,WAKE|HSC|H63|S14|C4,election_district_cell_hsc,WAKE - 02-01 02-01,False
2000,WAKE,02-02 02-02,WAKE|HSC|H63|S14|C4,election_district_cell_hsc,WAKE - 02-02 02-02,False
2000,WAKE,02-03 02-03,WAKE|HSC|H21|S14|C2,election_district_cell_hsc,WAKE - 02-03 02-03,False
2000,WAKE,02-04 02-04,WAKE|HSC|H61|S14|C4,election_district_cell_hsc,WAKE - 02-04 02-04,False
2000,WAKE,02-05 02-05,WAKE|HSC|H92|S36|C4,election_district_cell_hsc,WAKE - 02-05 02-05,False
2000,WAKE,02-06 02-06,WAKE|HSC|H92|S36|C2,election_district_cell_hsc,WAKE - 02-06 02-06,False
2000,WAKE,03-00 03-00,WAKE|HSC|H92|S36|C2,election_district_cell_hsc,WAKE - 03-00 03-00,False
2000,WAKE,04-01 04-01,WAKE|HSC|H92|S36|C2,election_district_cell_hsc,WAKE - 04-01 04-01,False
2000,WAKE,04-02 04-02,WAKE|HSC|H92|S36|C4,election_district_cell_hsc,WAKE - 04-02 04-02,False
2000,WAKE,04-03 04-03,WAKE|HSC|H92|S36|C4,election_district_cell_hsc,WAKE - 04-03 04-03,False
2000,WAKE,04-04 04-04,WAKE|HSC|H62|S13|C4,election_district_cell_hsc,WAKE - 04-04 04-04,False
2000,WAKE,04-05 04-05,WAKE|HSC|H62|S36|C4,election_district_cell_hsc,WAKE - 04-05 04-05,False
2000,WAKE,04-06 04-06,WAKE|HSC|H63|S36|C4,election_district_cell_hsc,WAKE - 04-06 04-06,False
2000,WAKE,04-07 04-07,WAKE|HSC|H62|S36|C4,election_district_cell_hsc,WAKE - 04-07 04-07,False
2000,WAKE,04-08 04-08,WAKE|HSC|H62|S36|C4,election_district_cell_hsc,WAKE - 04-08 04-08,False
2000,WAKE,04-09 04-09,WAKE|HSC|H63|S36|C4,election_district_cell_hsc,WAKE - 04-09 04-09,False
2000,WAKE,04-10 04-10,WAKE|HSC|H62|S36|C4,election_district_cell_hsc,WAKE - 04-10 04-10,False
2000,WAKE,04-11 04-11,WAKE|HSC|H62|S36|C4,election_district_cell_hsc,WAKE - 04-11 04-11,False
2000,WAKE,04-12 04-12,WAKE|HSC|H63|S36|C4,election_district_cell_hsc,WAKE - 04-12 04-12,False
2000,WAKE,04-13 04-13,WAKE|HSC|H62|S36|C4,election_district_cell_hsc,WAKE - 04-13 04-13,False
2000,WAKE,04-14 04-14,WAKE|HSC|H62|S36|C4,election_district_cell_hsc,WAKE - 04-14 04-14,False
2000,WAKE,04-15 04-15,WAKE|HSC|H63|S36|C4,election_district_cell_hsc,WAKE - 04-15 04-15,False
2000,WAKE,04-16 04-16,WAKE|HSC|H62|S36|C4,election_district_cell_hsc,WAKE - 04-16 04-16,False
2000,WAKE,04-17 04-17,WAKE|HSC|H62|S36|C4,election_district_cell_hsc,WAKE - 04-17 04-17,False
2000,WAKE,04-18 04-18,WAKE|HSC|H62|S36|C4,election_district_cell_hsc,WAKE - 04-18 04-18,False
2000,WAKE,04-19 04-19,WAKE|HSC|H62|S36|C4,election_district_cell_hsc,WAKE - 04-19 04-19,False
2000,WAKE,04-20 04-20,WAKE|HSC|H62|S36|C4,election_district_cell_hsc,WAKE - 04-20 04-20,False
2000,WAKE,04-21 04-21,WAKE|HSC|H63|S36|C4,election_district_cell_hsc,WAKE - 04-21 04-21,False
2000,WAKE,05-01 05-01,WAKE|HSC|H63|S36|C4,election_district_cell_hsc,WAKE - 05-01 05-01,False
2000,WAKE,05-02 05-02,WAKE|HSC|H62|S36|C4,election_district_cell_hsc,WAKE - 05-02 05-02,False
2000,WAKE,05-03 05-03,WAKE|HSC|H62|S36|C4,election_district_cell_hsc,WAKE - 05-03 05-03,False
2000,WAKE,06-01 06-01,WAKE|HSC|H63|S13|C4,election_district_cell_hsc,WAKE - 06-01 06-01,False
2000,WAKE,06-02 06-02,WAKE|HSC|H63|S13|C4,election_district_cell_hsc,WAKE - 06-02 06-02,False
2000,WAKE,06-03 06-03,WAKE|HSC|H62|S14|C4,election_district_cell_hsc,WAKE - 06-03 06-03,False
2000,WAKE,07-01 07-01,WAKE|HSC|H62|S14|C4,election_district_cell_hsc,WAKE - 07-01 07-01,False
2000,WAKE,07-02 07-02,WAKE|HSC|H62|S14|C4,election_district_cell_hsc,WAKE - 07-02 07-02,False
2000,WAKE,07-03 07-03,WAKE|HSC|H61|S13|C4,election_district_cell_hsc,WAKE - 07-03 07-03,False
2000,WAKE,07-04 07-04,WAKE|HSC|H61|S36|C4,election_district_cell_hsc,WAKE - 07-04 07-04,False
2000,WAKE,07-05 07-05,WAKE|HSC|H61|S36|C4,election_district_cell_hsc,WAKE - 07-05 07-05,False
2000,WAKE,07-06 07-06,WAKE|HSC|H92|S36|C4,election_district_cell_hsc,WAKE - 07-06 07-06,False
2000,WAKE,07-07 07-07,WAKE|HSC|H61|S36|C4,election_district_cell_hsc,WAKE - 07-07 07-07,False
2000,WAKE,07-07A 07-07A,WAKE|HSC|H92|S36|C4,election_district_cell_hsc,WAKE - 07-07A 07-07A,False
2000,WAKE,07-09 07-09,WAKE|HSC|H92|S36|C4,election_district_cell_hsc,WAKE - 07-09 07-09,False
2000,WAKE,07-10 07-10,WAKE|HSC|H92|S36|C4,election_district_cell_hsc,WAKE - 07-10 07-10,False
2000,WAKE,07-11 07-11,WAKE|HSC|H61|S36|C4,election_district_cell_hsc,WAKE - 07-11 07-11,False
2000,WAKE,07-12 07-12,WAKE|HSC|H61|S13|C4,election_district_cell_hsc,WAKE - 07-12 07-12,False
2000,WAKE,07-13 07-13,WAKE|HSC|H92|S36|C4,election_district_cell_hsc,WAKE - 07-13 07-13,False
2000,WAKE,08-01 08-01,WAKE|HSC|H61|S36|C4,election_district_cell_hsc,WAKE - 08-01 08-01,False
2000,WAKE,08-02 08-02,WAKE|HSC|H92|S13|C4,election_district_cell_hsc,WAKE - 08-02 08-02,False
2000,WAKE,08-03 08-03,WAKE|HSC|H92|S36|C4,election_district_cell_hsc,WAKE - 08-03 08-03,False
2000,WAKE,08-04 08-04,WAKE|HSC|H92|S13|C4,election_district_cell_hsc,WAKE - 08-04 08-04,False
2000,WAKE,08-05 08-05,WAKE|HSC|H92|S13|C4,election_district_cell_hsc,WAKE - 08-05 08-05,False
2000,WAKE,08-06 08-06,WAKE|HSC|H92|S36|C4,election_district_cell_hsc,WAKE - 08-06 08-06,False
2000,WAKE,08-07 08-07,WAKE|HSC|H92|S36|C4,election_district_cell_hsc,WAKE - 08-07 08-07,False
2000,WAKE,08-08 08-08,WAKE|HSC|H92|S13|C4,election_district_cell_hsc,WAKE - 08-08 08-08,False
2000,WAKE,08-09 08-09,WAKE|HSC|H92|S13|C4,election_district_cell_hsc,WAKE - 08-09 08-09,False
2000,WAKE,09-01 09-01,WAKE|HSC|H65|S14|C2,election_district_cell_hsc,WAKE - 09-01 09-01,False
2000,WAKE,09-02 09-02,WAKE|HSC|H65|S14|C2,election_district_cell_hsc,WAKE - 09-02 09-02,False
2000,WAKE,09-03 09-03,WAKE|HSC|H65|S14|C2,election_district_cell_hsc,WAKE - 09-03 09-03,False
2000,WAKE,10-01 10-01,WAKE|HSC|H15|S14|C2,election_district_cell_hsc,WAKE - 10-01 10-01,False
2000,WAKE,10-02 10-02,WAKE|HSC|H65|S14|C2,election_district_cell_hsc,WAKE - 10-02 10-02,False
2000,WAKE,10-03 10-03,WAKE|HSC|H65|S14|C2,election_district_cell_hsc,WAKE - 10-03 10-03,False
2000,WAKE,10-04 10-04,WAKE|HSC|H15|S14|C2,election_district_cell_hsc,WAKE - 10-04 10-04,False
2000,WAKE,11-01 11-01,WAKE|HSC|H63|S36|C4,election_district_cell_hsc,WAKE - 11-01 11-01,False
2000,WAKE,11-02 11-02,WAKE|HSC|H63|S36|C4,election_district_cell_hsc,WAKE - 11-02 11-02,False
2000,WAKE,12-01 12-01,WAKE|HSC|H15|S14|C4,election_district_cell_hsc,WAKE - 12-01 12-01,False
2000,WAKE,12-02 12-02,WAKE|HSC|H62|S14|C4,election_district_cell_hsc,WAKE - 12-02 12-02,False
2000,WAKE,12-03 12-03,WAKE|HSC|H62|S14|C4,election_district_cell_hsc,WAKE - 12-03 12-03,False
2000,WAKE,12-04 12-04,WAKE|HSC|H15|S14|C4,election_district_cell_hsc,WAKE - 12-04 12-04,False
2000,WAKE,12-05 12-05,WAKE|HSC|H15|S14|C4,election_district_cell_hsc,WAKE - 12-05 12-05,False
2000,WAKE,12-06 12-06,WAKE|HSC|H62|S14|C4,election_district_cell_hsc,WAKE - 12-06 12-06,False
2000,WAKE,12-07 12-07,WAKE|HSC|H65|S36|C2,election_district_cell_hsc,WAKE - 12-07 12-07,False
2000,WAKE,13-01 13-01,WAKE|HSC|H65|S36|C2,election_district_cell_hsc,WAKE - 13-01 13-01,False
2000,WAKE,13-02 13-02,WAKE|HSC|H65|S36|C2,election_district_cell_hsc,WAKE - 13-02 13-02,False
2000,WAKE,13-03 13-03,WAKE|HSC|H65|S36|C2,election_district_cell_hsc,WAKE - 13-03 13-03,False
2000,WAKE,13-04 13-04,WAKE|HSC|H65|S36|C2,election_district_cell_hsc,WAKE - 13-04 13-04,False
2000,WAKE,13-05 13-05,WAKE|HSC|H92|S36|C2,election_district_cell_hsc,WAKE - 13-05 13-05,False
2000,WAKE,13-06 13-06,WAKE|HSC|H92|S13|C2,election_district_cell_hsc,WAKE - 13-06 13-06,False
2000,WAKE,13-07 13-07,WAKE|HSC|H15|S14|C4,election_district_cell_hsc,WAKE - 13-07 13-07,False
2000,WAKE,14-01 14-01,WAKE|HSC|H15|S14|C4,election_district_cell_hsc,WAKE - 14-01 14-01,False
2000,WAKE,14-02 14-02,WAKE|HSC|H15|S14|C4,election_district_cell_hsc,WAKE - 14-02 14-02,False
2000,WAKE,15-01 15-01,WAKE|HSC|H15|S14|C4,election_district_cell_hsc,WAKE - 15-01 15-01,False
2000,WAKE,15-02 15-02,WAKE|HSC|H15|S14|C2,election_district_cell_hsc,WAKE - 15-02 15-02,False
2000,WAKE,15-03 15-03,WAKE|HSC|H15|S14|C2,election_district_cell_hsc,WAKE - 15-03 15-03,False
2000,WAKE,15-04 15-04,WAKE|HSC|H64|S14|C4,election_district_cell_hsc,WAKE - 15-04 15-04,False
2000,WAKE,16-01 16-01,WAKE|HSC|H15|S14|C4,election_district_cell_hsc,WAKE - 16-01 16-01,False
2000,WAKE,16-02 16-02,WAKE|HSC|H64|S36|C4,election_district_cell_hsc,WAKE - 16-02 16-02,False
2000,WAKE,16-03 16-03,WAKE|HSC|H64|S14|C4,election_district_cell_hsc,WAKE - 16-03 16-03,False
2000,WAKE,16-04 16-04,WAKE|HSC|H21|S14|C2,election_district_cell_hsc,WAKE - 16-04 16-04,False
2000,WAKE,16-05 16-05,WAKE|HSC|H15|S14|C2,election_district_cell_hsc,WAKE - 16-05 16-05,False
2000,WAKE,16-06 16-06,WAKE|HSC|H21|S14|C2,election_district_cell_hsc,WAKE - 16-06 16-06,False
2000,WAKE,16-07 16-07,WAKE|HSC|H15|S14|C2,election_district_cell_hsc,WAKE - 16-07 16-07,False
2000,WAKE,16-08 16-08,WAKE|HSC|H21|S14|C2,election_district_cell_hsc,WAKE - 16-08 16-08,False
2000,WAKE,16-09 16-09,WAKE|HSC|H15|S14|C2,election_district_cell_hsc,WAKE - 16-09 16-09,False
2000,WAKE,17-01 17-01,WAKE|HSC|H21|S14|C2,election_district_cell_hsc,WAKE - 17-01 17-01,False
2000,WAKE,17-02 17-02,WAKE|HSC|H15|S14|C2,election_district_cell_hsc,WAKE - 17-02 17-02,False
2000,WAKE,17-03 17-03,WAKE|HSC|H64|S36|C4,election_district_cell_hsc,WAKE - 17-03 17-03,False
2000,WAKE,17-04 17-04,WAKE|HSC|H15|S36|C4,election_district_cell_hsc,WAKE - 17-04 17-04,False
2000,WAKE,17-05 17-05,WAKE|HSC|H15|S36|C4,election_district_cell_hsc,WAKE - 17-05 17-05,False
2000,WAKE,17-06 17-06,WAKE|HSC|H64|S36|C4,election_district_cell_hsc,WAKE - 17-06 17-06,False
2000,WAKE,17-07 17-07,WAKE|HSC|H15|S36|C4,election_district_cell_hsc,WAKE - 17-07 17-07,False
2000,WAKE,17-08 17-08,WAKE|HSC|H64|S36|C4,election_district_cell_hsc,WAKE - 17-08 17-08,False
2000,WAKE,17-09 17-09,WAKE|HSC|H15|S36|C4,election_district_cell_hsc,WAKE - 17-09 17-09,False
2000,WAKE,17-10 17-10,WAKE|HSC|H15|S36|C4,election_district_cell_hsc,WAKE - 17-10 17-10,False
2000,WAKE,17-11 17-11,WAKE|HSC|H65|S14|C2,election_district_cell_hsc,WAKE - 17-11 17-11,False
2000,WAKE,18-01 18-01,WAKE|HSC|H65|S14|C2,election_district_cell_hsc,WAKE - 18-01 18-01,False
2000,WAKE,18-02 18-02,WAKE|HSC|H65|S14|C2,election_district_cell_hsc,WAKE - 18-02 18-02,False
2000,WAKE,18-03 18-03,WAKE|HSC|H65|S14|C2,election_district_cell_hsc,WAKE - 18-03 18-03,False
2000,WAKE,18-04 18-04,WAKE|HSC|H65|S14|C2,election_district_cell_hsc,WAKE - 18-04 18-04,False
2000,WAKE,18-05 18-05,WAKE|HSC|H65|S14|C2,election_district_cell_hsc,WAKE - 18-05 18-05,False
2000,WAKE,18-06 18-06,WAKE|HSC|H65|S14|C2,election_district_cell_hsc,WAKE - 18-06 18-06,False
2000,WAKE,18-07 18-07,WAKE|HSC|H65|S14|C2,election_district_cell_hsc,WAKE - 18-07 18-07,False
2000,WAKE,18-08 18-08,WAKE|HSC|H62|S36|C4,election_district_cell_hsc,WAKE - 18-08 18-08,False
2000,WAKE,19-01 19-01,WAKE|HSC|H62|S13|C4,election_district_cell_hsc,WAKE - 19-01 19-01,False
2000,WAKE,19-02 19-02,WAKE|HSC|H62|S36|C4,election_district_cell_hsc,WAKE - 19-02 19-02,False
2000,WAKE,19-03 19-03,WAKE|HSC|H62|S36|C4,election_district_cell_hsc,WAKE - 19-03 19-03,False
2000,WAKE,19-04 19-04,WAKE|HSC|H62|S36|C4,election_district_cell_hsc,WAKE - 19-04 19-04,False
2000,WAKE,19-05 19-05,WAKE|HSC|H62|S13|C4,election_district_cell_hsc,WAKE - 19-05 19-05,False
2000,WAKE,19-06 19-06,WAKE|HSC|H62|S13|C4,election_district_cell_hsc,WAKE - 19-06 19-06,False
2000,WAKE,19-07 19-07,WAKE|HSC|H62|S36|C4,election_district_cell_hsc,WAKE - 19-07 19-07,False
2000,WAKE,19-08 19-08,WAKE|HSC|H62|S36|C4,election_district_cell_hsc,WAKE - 19-08 19-08,False
2000,WAKE,20-01 20-01,WAKE|HSC|H62|S36|C4,election_district_cell_hsc,WAKE - 20-01 20-01,False
2000,WAKE,20-02 20-02,WAKE|HSC|H64|S14|C4,election_district_cell_hsc,WAKE - 20-02 20-02,False
2002,CUMBERLAND,AL51 ALDERMAN,CUMBERLAND|VTDAL51,direct_sf1_vtd,CUMBERLAND - AL51 ALDERMAN,True
2002,CUMBERLAND,AU50 AUMAN,CUMBERLAND|VTDAU50,direct_sf1_vtd,CUMBERLAND - AU50 AUMAN,True
2002,CUMBERLAND,BD52 BEAVER DAM,CUMBERLAND|VTDBD52,direct_sf1_vtd,CUMBERLAND - BD52 BEAVER DAM,True
2002,CUMBERLAND,BR54 BLACK RIVER,CUMBERLAND|VTDBR54,direct_sf1_vtd,CUMBERLAND - BR54 BLACK RIVER,True
2002,CUMBERLAND,BW55 BRENTWOOD,CUMBERLAND|VTDBW55,direct_sf1_vtd,CUMBERLAND - BW55 BRENTWOOD,True
2002,CUMBERLAND,CC01 CROSS CREEK #01,CUMBERLAND|PLANHSC|H43|S21|C7,historical_plan_cell_hsc,CUMBERLAND - CC01 CROSS CREEK #01,True
2002,CUMBERLAND,CC02 CROSS CREEK #02,CUMBERLAND|PLANHSC|H41|S21|C7,historical_plan_cell_hsc,CUMBERLAND - CC02 CROSS CREEK #02,True
2002,CUMBERLAND,CC03 CROSS CREEK #03,CUMBERLAND|PLANSC|S21|C2,historical_plan_cell_sc,CUMBERLAND - CC03 CROSS CREEK #03,True
2002,CUMBERLAND,CC04 CROSS CREEK #04,CUMBERLAND|PLANHSC|H41|S19|C8,historical_plan_cell_hsc,CUMBERLAND - CC04 CROSS CREEK #04,True
2002,CUMBERLAND,CC05 CROSS CREEK #05,CUMBERLAND|PLANHSC|H43|S21|C2,historical_plan_cell_hsc,CUMBERLAND - CC05 CROSS CREEK #05,True
2002,CUMBERLAND,CC06 CROSS CREEK #06,CUMBERLAND|PLANHSC|H41|S21|C8,historical_plan_cell_hsc,CUMBERLAND - CC06 CROSS CREEK #06,True
2002,CUMBERLAND,CC07 CROSS CREEK #07,CUMBERLAND|PLANHSC|H41|S19|C8,historical_plan_cell_hsc,CUMBERLAND - CC07 CROSS CREEK #07,True
2002,CUMBERLAND,CC08 CROSS CREEK #08,CUMBERLAND|PLANHSC|H41|S19|C8,historical_plan_cell_hsc,CUMBERLAND - CC08 CROSS CREEK #08,True
2002,CUMBERLAND,CC09 CROSS CREEK #09,CUMBERLAND|PLANHSC|H43|S21|C2,historical_plan_cell_hsc,CUMBERLAND - CC09 CROSS CREEK #09,True
2002,CUMBERLAND,CC10 CROSS CREEK #10,CUMBERLAND|VTDCC10,direct_sf1_vtd,CUMBERLAND - CC10 CROSS CREEK #10,True
2002,CUMBERLAND,CC11 CROSS CREEK #11,CUMBERLAND|VTDCC11,direct_sf1_vtd,CUMBERLAND - CC11 CROSS CREEK #11,True
2002,CUMBERLAND,CC12 CROSS CREEK #12,CUMBERLAND|VTDCC12,direct_sf1_vtd,CUMBERLAND - CC12 CROSS CREEK #12,True
2002,CUMBERLAND,CC13 CROSS CREEK #13,CUMBERLAND|VTDCC13,direct_sf1_vtd,CUMBERLAND - CC13 CROSS CREEK #13,True
2002,CUMBERLAND,CC14 CROSS CREEK #14,CUMBERLAND|VTDCC14,direct_sf1_vtd,CUMBERLAND - CC14 CROSS CREEK #14,True
2002,CUMBERLAND,CC15 CROSS CREEK #15,CUMBERLAND|VTDCC15,direct_sf1_vtd,CUMBERLAND - CC15 CROSS CREEK #15,True
2002,CUMBERLAND,CC16 CROSS CREEK #16,CUMBERLAND|VTDCC16,direct_sf1_vtd,CUMBERLAND - CC16 CROSS CREEK #16,True
2002,CUMBERLAND,CC17 CROSS CREEK #17,CUMBERLAND|VTDCC17,direct_sf1_vtd,CUMBERLAND - CC17 CROSS CREEK #17,True
2002,CUMBERLAND,CC18 CROSS CREEK #18,CUMBERLAND|VTDCC18,direct_sf1_vtd,CUMBERLAND - CC18 CROSS CREEK #18,True
2002,CUMBERLAND,CC19 CROSS CREEK #19,CUMBERLAND|VTDCC19,direct_sf1_vtd,CUMBERLAND - CC19 CROSS CREEK #19,True
2002,CUMBERLAND,CC20 CROSS CREEK #20,CUMBERLAND|VTDCC20,direct_sf1_vtd,CUMBERLAND - CC20 CROSS CREEK #20,True
2002,CUMBERLAND,CC21 CROSS CREEK #21,CUMBERLAND|VTDCC21,direct_sf1_vtd,CUMBERLAND - CC21 CROSS CREEK #21,True
2002,CUMBERLAND,CC22 CROSS CREEK #22,CUMBERLAND|VTDCC22,direct_sf1_vtd,CUMBERLAND - CC22 CROSS CREEK #22,True
2002,CUMBERLAND,CC23 CROSS CREEK #23,CUMBERLAND|VTDCC23,direct_sf1_vtd,CUMBERLAND - CC23 CROSS CREEK #23,True
2002,CUMBERLAND,CC24 CROSS CREEK #24,CUMBERLAND|VTDCC24,direct_sf1_vtd,CUMBERLAND - CC24 CROSS CREEK #24,True
2002,CUMBERLAND,CC25 CROSS CREEK #25,CUMBERLAND|VTDCC25,direct_sf1_vtd,CUMBERLAND - CC25 CROSS CREEK #25,True
2002,CUMBERLAND,CC26 CROSS CREEK #26,CUMBERLAND|VTDCC26,direct_sf1_vtd,CUMBERLAND - CC26 CROSS CREEK #26,True
2002,CUMBERLAND,CC27 CROSS CREEK #27,CUMBERLAND|VTDCC27,direct_sf1_vtd,CUMBERLAND - CC27 CROSS CREEK #27,True
2002,CUMBERLAND,CC28 CROSS CREEK #28,CUMBERLAND|VTDCC28,direct_sf1_vtd,CUMBERLAND - CC28 CROSS CREEK #28,True
2002,CUMBERLAND,CC29 CROSS CREEK #29,CUMBERLAND|VTDCC29,direct_sf1_vtd,CUMBERLAND - CC29 CROSS CREEK #29,True
2002,CUMBERLAND,CC30 CROSS CREEK #30,CUMBERLAND|VTDCC30,direct_sf1_vtd,CUMBERLAND - CC30 CROSS CREEK #30,True
2002,CUMBERLAND,CC31 CROSS CREEK #31,CUMBERLAND|VTDCC31,direct_sf1_vtd,CUMBERLAND - CC31 CROSS CREEK #31,True
2002,CUMBERLAND,CC32 CROSS CREEK #32,CUMBERLAND|VTDCC32,direct_sf1_vtd,CUMBERLAND - CC32 CROSS CREEK #32,True
2002,CUMBERLAND,CC33 CROSS CREEK #33,CUMBERLAND|VTDCC33,direct_sf1_vtd,CUMBERLAND - CC33 CROSS CREEK #33,True
2002,CUMBERLAND,CC34 CROSS CREEK #34,CUMBERLAND|VTDCC34,direct_sf1_vtd,CUMBERLAND - CC34 CROSS CREEK #34,True
2002,CUMBERLAND,CC56 CEDAR CREEK,CUMBERLAND|VTDCC56,direct_sf1_vtd,CUMBERLAND - CC56 CEDAR CREEK,True
2002,CUMBERLAND,CL57 CLIFFDALE WEST,CUMBERLAND|VTDCL57,direct_sf1_vtd,CUMBERLAND - CL57 CLIFFDALE WEST,True
2002,CUMBERLAND,CU01 CUMBERLAND #1,CUMBERLAND|PLANHSC|H45|S19|C8,historical_plan_cell_hsc,CUMBERLAND - CU01 CUMBERLAND #1,True
2002,CUMBERLAND,CU02 CUMBERLAND #2,CUMBERLAND|PLANHSC|H44|S19|C8,historical_plan_cell_hsc,CUMBERLAND - CU02 CUMBERLAND #2,True
2002,CUMBERLAND,CU03 CUMBERLAND #3,CUMBERLAND|PLANHSC|H45|S19|C8,historical_plan_cell_hsc,CUMBERLAND - CU03 CUMBERLAND #3,True
2002,CUMBERLAND,EO61 EASTOVER,CUMBERLAND|VTDEO61,direct_sf1_vtd,CUMBERLAND - EO61 EASTOVER,True
2002,CUMBERLAND,HM01 HOPE MILLS #1,CUMBERLAND|PLANHSC|H45|S19|C8,historical_plan_cell_hsc,CUMBERLAND - HM01 HOPE MILLS #1,True
2002,CUMBERLAND,HM02 HOPE MILLS #2,CUMBERLAND|PLANHSC|H45|S19|C7,historical_plan_cell_hsc,CUMBERLAND - HM02 HOPE MILLS #2,True
2002,CUMBERLAND,HM03 HOPE MILLS #3,CUMBERLAND|PLANHSC|H45|S19|C8,historical_plan_cell_hsc,CUMBERLAND - HM03 HOPE MILLS #3,True
2002,CUMBERLAND,JV64 JUDSON-VANDER,CUMBERLAND|VTDJV64,direct_sf1_vtd,CUMBERLAND - JV64 JUDSON-VANDER,True
2002,CUMBERLAND,LI65 LINDEN,CUMBERLAND|VTDLI65,direct_sf1_vtd,CUMBERLAND - LI65 LINDEN,True
2002,CUMBERLAND,LO66 LONG HILL,CUMBERLAND|VTDLO66,direct_sf1_vtd,CUMBERLAND - LO66 LONG HILL,True
2002,CUMBERLAND,LR63 LAKE RIM,CUMBERLAND|VTDLR63,direct_sf1_vtd,CUMBERLAND - LR63 LAKE RIM,True
2002,CUMBERLAND,MA67 MANCHESTER,CUMBERLAND|VTDMA67,direct_sf1_vtd,CUMBERLAND - MA67 MANCHESTER,True
2002,CUMBERLAND,MB62 MONTIBELLO,CUMBERLAND|VTDMB62,direct_sf1_vtd,CUMBERLAND - MB62 MONTIBELLO,True
2002,CUMBERLAND,MR02 MORGANTON RD #2,CUMBERLAND|PLANHSC|H44|S21|C8,historical_plan_cell_hsc,CUMBERLAND - MR02 MORGANTON RD #2,True
2002,CUMBERLAND,PM02 PEARCES MILL #2,CUMBERLAND|PLANHSC|H45|S19|C8,historical_plan_cell_hsc,CUMBERLAND - PM02 PEARCES MILL #2,True
2002,CUMBERLAND,PM03 PEARCES MILL #3,CUMBERLAND|PLANSC|S19|C7,historical_plan_cell_sc,CUMBERLAND - PM03 PEARCES MILL #3,True
2002,CUMBERLAND,PM04 PEARCES MILL #4,CUMBERLAND|PLANHSC|H45|S19|C8,historical_plan_cell_hsc,CUMBERLAND - PM04 PEARCES MILL #4,True
2002,CUMBERLAND,SH77 SHERWOOD,CUMBERLAND|VTDSH77,direct_sf1_vtd,CUMBERLAND - SH77 SHERWOOD,True
2002,CUMBERLAND,SL78 SPRING LAKE,CUMBERLAND|VTDSL78,direct_sf1_vtd,CUMBERLAND - SL78 SPRING LAKE,True
2002,CUMBERLAND,SP80 STONEY POINT,CUMBERLAND|VTDSP80,direct_sf1_vtd,CUMBERLAND - SP80 STONEY POINT,True
2002,CUMBERLAND,ST79 STEDMAN,CUMBERLAND|VTDST79,direct_sf1_vtd,CUMBERLAND - ST79 STEDMAN,True
2002,CUMBERLAND,WA81 WADE,CUMBERLAND|VTDWA81,direct_sf1_vtd,CUMBERLAND - WA81 WADE,True
2002,CUMBERLAND,WE82 WESTAREA,CUMBERLAND|VTDWE82,direct_sf1_vtd,CUMBERLAND - WE82 WESTAREA,True
2002,FORSYTH,011 GLENN HIGH SCHOOL,FORSYTH|VTD11,direct_sf1_vtd,FORSYTH - 011 GLENN HIGH SCHOOL,True
2002,FORSYTH,012 UNION CROSS ELEM SCHOOL,FORSYTH|VTD12,direct_sf1_vtd,FORSYTH - 012 UNION CROSS ELEM SCHOOL,True
2002,FORSYTH,013 SEDGE GARDEN ELEM SCH,FORSYTH|VTD13,direct_sf1_vtd,FORSYTH - 013 SEDGE GARDEN ELEM SCH,True
2002,FORSYTH,014 BEESONS CROSSROADS FIRE,FORSYTH|VTD14,direct_sf1_vtd,FORSYTH - 014 BEESONS CROSSROADS FIRE,True
2002,FORSYTH,015 SOUTHEAST MIDDLE SCHOOL,FORSYTH|VTD15,direct_sf1_vtd,FORSYTH - 015 SOUTHEAST MIDDLE SCHOOL,True
2002,FORSYTH,021 BELEWS CREEEK FIRE STATION,FORSYTH|VTD21,direct_sf1_vtd,FORSYTH - 021 BELEWS CREEEK FIRE STATION,True
2002,FORSYTH,031 RURAL HALL ELEM SCHOOL,FORSYTH|VTD31,direct_sf1_vtd,FORSYTH - 031 RURAL HALL ELEM SCHOOL,True
2002,FORSYTH,032 NORTHWEST MIDDLE SCHOOL,FORSYTH|VTD32,direct_sf1_vtd,FORSYTH - 032 NORTHWEST MIDDLE SCHOOL,True
2002,FORSYTH,033 ST ANDREWS PRES CHURCH,FORSYTH|VTD33,direct_sf1_vtd,FORSYTH - 033 ST ANDREWS PRES CHURCH,True
2002,FORSYTH,034 KINGSWOOD UNITED METH,FORSYTH|VTD34,direct_sf1_vtd,FORSYTH - 034 KINGSWOOD UNITED METH,True
2002,FORSYTH,042 FELLOWSHIP BAPT CHURCH,FORSYTH|VTD42,direct_sf1_vtd,FORSYTH - 042 FELLOWSHIP BAPT CHURCH,True
2002,FORSYTH,043 FRIEDLAND MORAV CHURCH,FORSYTH|VTD43,direct_sf1_vtd,FORSYTH - 043 FRIEDLAND MORAV CHURCH,True
2002,FORSYTH,051 CLEMMONS ELEM SCHOOL,FORSYTH|VTD51,direct_sf1_vtd,FORSYTH - 051 CLEMMONS ELEM SCHOOL,True
2002,FORSYTH,052 CLEMMONS PRES CHURCH,FORSYTH|VTD52,direct_sf1_vtd,FORSYTH - 052 CLEMMONS PRES CHURCH,True
2002,FORSYTH,053 VFW POST 9010,FORSYTH|VTD53,direct_sf1_vtd,FORSYTH - 053 VFW POST 9010,True
2002,FORSYTH,054 CLEMMONS CIVIC CENTER,FORSYTH|VTD54,direct_sf1_vtd,FORSYTH - 054 CLEMMONS CIVIC CENTER,True
2002,FORSYTH,055 HOLY FAMILY CATHOLIC CHURCH,FORSYTH|VTD55,direct_sf1_vtd,FORSYTH - 055 HOLY FAMILY CATHOLIC CHURCH,True
2002,FORSYTH,061 KERNERSVILLE LIBRARY,FORSYTH|VTD61,direct_sf1_vtd,FORSYTH - 061 KERNERSVILLE LIBRARY,True
2002,FORSYTH,062 PINEY GROVE FIRE STATION,FORSYTH|VTD62,direct_sf1_vtd,FORSYTH - 062 PINEY GROVE FIRE STATION,True
2002,FORSYTH,063 CASH ELEMENTARY SCHOOL,FORSYTH|VTD63,direct_sf1_vtd,FORSYTH - 063 CASH ELEMENTARY SCHOOL,True
2002,FORSYTH,064 KERNERSVILLE ELEM SCHOOL,FORSYTH|VTD64,direct_sf1_vtd,FORSYTH - 064 KERNERSVILLE ELEM SCHOOL,True
2002,FORSYTH,065 ROBINWOOD AT KERNERSVILLE,FORSYTH|VTD65,direct_sf1_vtd,FORSYTH - 065 ROBINWOOD AT KERNERSVILLE,True
2002,FORSYTH,066 PINEY GROVE ELEMENTARY,FORSYTH|VTD66,direct_sf1_vtd,FORSYTH - 066 PINEY GROVE ELEMENTARY,True
2002,FORSYTH,067 KERNERSVILLE RECREATION,FORSYTH|VTD67,direct_sf1_vtd,FORSYTH - 067 KERNERSVILLE RECREATION,True
2002,FORSYTH,068 GOOD SHEPHERD MO,FORSYTH|VTD68,direct_sf1_vtd,FORSYTH - 068 GOOD SHEPHERD MO,True
2002,FORSYTH,071 LEWISVILLE ELEMENTARY,FORSYTH|VTD71,direct_sf1_vtd,FORSYTH - 071 LEWISVILLE ELEMENTARY,True
2002,FORSYTH,072 SOUTHWEST ELEM SCHOOL,FORSYTH|VTD72,direct_sf1_vtd,FORSYTH - 072 SOUTHWEST ELEM SCHOOL,True
2002,FORSYTH,073 UNITY MORAVIAN CHURCH,FORSYTH|VTD73,direct_sf1_vtd,FORSYTH - 073 UNITY MORAVIAN CHURCH,True
2002,FORSYTH,074 MEADOWLARK MIDDLE SCHOOL,FORSYTH|VTD74,direct_sf1_vtd,FORSYTH - 074 MEADOWLARK MIDDLE SCHOOL,True
2002,FORSYTH,075 LEWISVILLE LIBRARY,FORSYTH|VTD75,direct_sf1_vtd,FORSYTH - 075 LEWISVILLE LIBRARY,True
2002,FORSYTH,081 OAK SUMMIT UNITED METHODIST,FORSYTH|VTD81,direct_sf1_vtd,FORSYTH - 081 OAK SUMMIT UNITED METHODIST,True
2002,FORSYTH,082 EAST FORSYTH HIGH SCHOOL,FORSYTH|VTD82,direct_sf1_vtd,FORSYTH - 082 EAST FORSYTH HIGH SCHOOL,True
2002,FORSYTH,083 IBRAHAM ELEM SCHOOL,FORSYTH|VTD83,direct_sf1_vtd,FORSYTH - 083 IBRAHAM ELEM SCHOOL,True
2002,FORSYTH,091 OLD RICHMOND ELEM SCHOOL,FORSYTH|VTD91,direct_sf1_vtd,FORSYTH - 091 OLD RICHMOND ELEM SCHOOL,True
2002,FORSYTH,092 MACEDONIA BAPT CHURCH,FORSYTH|VTD92,direct_sf1_vtd,FORSYTH - 092 MACEDONIA BAPT CHURCH,True
2002,FORSYTH,101 BETHANIA MORAV CHURCH,FORSYTH|VTD101,direct_sf1_vtd,FORSYTH - 101 BETHANIA MORAV CHURCH,True
2002,FORSYTH,111 PROVIDENCE MORAVIAN CHURCH,FORSYTH|VTD111,direct_sf1_vtd,FORSYTH - 111 PROVIDENCE MORAVIAN CHURCH,True
2002,FORSYTH,112 WALKERTOWN LIBRARY,FORSYTH|VTD112,direct_sf1_vtd,FORSYTH - 112 WALKERTOWN LIBRARY,True
2002,FORSYTH,122 GRIFFITH FIRE STATION,FORSYTH|VTD122,direct_sf1_vtd,FORSYTH - 122 GRIFFITH FIRE STATION,True
2002,FORSYTH,123 FORSYTH FRIENDS MTG HSE,FORSYTH|VTD123,direct_sf1_vtd,FORSYTH - 123 FORSYTH FRIENDS MTG HSE,True
2002,FORSYTH,131 VIENNA ELEMENTARY SCHOOL,FORSYTH|VTD131,direct_sf1_vtd,FORSYTH - 131 VIENNA ELEMENTARY SCHOOL,True
2002,FORSYTH,132 PFAFFTOWN CHRISTIAN,FORSYTH|VTD132,direct_sf1_vtd,FORSYTH - 132 PFAFFTOWN CHRISTIAN,True
2002,FORSYTH,133 SHILOH LUTHERAN CHURCH,FORSYTH|VTD133,direct_sf1_vtd,FORSYTH - 133 SHILOH LUTHERAN CHURCH,True
2002,FORSYTH,201 BROWN DOUGLAS RECREATION,FORSYTH|VTD201,direct_sf1_vtd,FORSYTH - 201 BROWN DOUGLAS RECREATION,True
2002,FORSYTH,203 MARTIN LUTHER KING REC,FORSYTH|VTD203,direct_sf1_vtd,FORSYTH - 203 MARTIN LUTHER KING REC,True
2002,FORSYTH,204 JOEL/VETERANS COLISEUM,FORSYTH|VTD204,direct_sf1_vtd,FORSYTH - 204 JOEL/VETERANS COLISEUM,True
2002,FORSYTH,205 PAISLEY MIDDLE SCHOOL,FORSYTH|VTD205,direct_sf1_vtd,FORSYTH - 205 PAISLEY MIDDLE SCHOOL,True
2002,FORSYTH,206 NORTH HILLS ELEMENTARY SCHOOL,FORSYTH|VTD206,direct_sf1_vtd,FORSYTH - 206 NORTH HILLS ELEMENTARY SCHOOL,True
2002,FORSYTH,207 NEW HOPE UNITED METH,FORSYTH|VTD207,direct_sf1_vtd,FORSYTH - 207 NEW HOPE UNITED METH,True
2002,FORSYTH,301 ASHLEY ELEMENTARY SCHOOL,FORSYTH|VTD301,direct_sf1_vtd,FORSYTH - 301 ASHLEY ELEMENTARY SCHOOL,True
2002,FORSYTH,302 HANES/LOWRANCE MIDDLE SCHOOL,FORSYTH|VTD302,direct_sf1_vtd,FORSYTH - 302 HANES/LOWRANCE MIDDLE SCHOOL,True
2002,FORSYTH,303 PRAISE ASSEMBLY OF GOD,FORSYTH|VTD303,direct_sf1_vtd,FORSYTH - 303 PRAISE ASSEMBLY OF GOD,True
2002,FORSYTH,304 FORSYTH TECH CC WOODRUFF CTR,FORSYTH|VTD304,direct_sf1_vtd,FORSYTH - 304 FORSYTH TECH CC WOODRUFF CTR,True
2002,FORSYTH,305 CARVER HIGH SCHOOL,FORSYTH|VTD305,direct_sf1_vtd,FORSYTH - 305 CARVER HIGH SCHOOL,True
2002,FORSYTH,306 MINERAL SPRINGS ELEM SCHOOL,FORSYTH|VTD306,direct_sf1_vtd,FORSYTH - 306 MINERAL SPRINGS ELEM SCHOOL,True
2002,FORSYTH,401 WINSTON LAKE FAM YMCA,FORSYTH|VTD401,direct_sf1_vtd,FORSYTH - 401 WINSTON LAKE FAM YMCA,True
2002,FORSYTH,402 14TH STREET RECREATION,FORSYTH|VTD402,direct_sf1_vtd,FORSYTH - 402 14TH STREET RECREATION,True
2002,FORSYTH,403 LEAP ACADEMY AT KENNEDY,FORSYTH|VTD403,direct_sf1_vtd,FORSYTH - 403 LEAP ACADEMY AT KENNEDY,True
2002,FORSYTH,404 EAST WINSTON HERITAGE CENTER,FORSYTH|VTD404,direct_sf1_vtd,FORSYTH - 404 EAST WINSTON HERITAGE CENTER,True
2002,FORSYTH,405 SIMS RECREATION CENTER,FORSYTH|VTD405,direct_sf1_vtd,FORSYTH - 405 SIMS RECREATION CENTER,True
2002,FORSYTH,501 ST ANDREWS METHODIST CHURCH,FORSYTH|VTD501,direct_sf1_vtd,FORSYTH - 501 ST ANDREWS METHODIST CHURCH,True
2002,FORSYTH,502 FOREST PARK ELEMENTARY,FORSYTH|VTD502,direct_sf1_vtd,FORSYTH - 502 FOREST PARK ELEMENTARY,True
2002,FORSYTH,503 TRINITY MORAV CHURCH,FORSYTH|VTD503,direct_sf1_vtd,FORSYTH - 503 TRINITY MORAV CHURCH,True
2002,FORSYTH,504 HILL MIDDLE SCHOOL,FORSYTH|VTD504,direct_sf1_vtd,FORSYTH - 504 HILL MIDDLE SCHOOL,True
2002,FORSYTH,505 EASTON ELEMENTARY,FORSYTH|VTD505,direct_sf1_vtd,FORSYTH - 505 EASTON ELEMENTARY,True
2002,FORSYTH,506 COVENANT PRESBYTERIAN,FORSYTH|VTD506,direct_sf1_vtd,FORSYTH - 506 COVENANT PRESBYTERIAN,True
2002,FORSYTH,507 SEDGE GARDEN RECREATION,FORSYTH|VTD507,direct_sf1_vtd,FORSYTH - 507 SEDGE GARDEN RECREATION,True
2002,FORSYTH,601 PIEDMONT BAPTIST COLLEGE,FORSYTH|VTD601,direct_sf1_vtd,FORSYTH - 601 PIEDMONT BAPTIST COLLEGE,True
2002,FORSYTH,602 NEW LIFE WESLEYAN CHURCH,FORSYTH|VTD602,direct_sf1_vtd,FORSYTH - 602 NEW LIFE WESLEYAN CHURCH,True
2002,FORSYTH,603 LATHAM ELEMENTARY,FORSYTH|VTD603,direct_sf1_vtd,FORSYTH - 603 LATHAM ELEMENTARY,True
2002,FORSYTH,604 WSFC SCHOOLS ADMINISTRATION BLDG,FORSYTH|VTD604,direct_sf1_vtd,FORSYTH - 604 WSFC SCHOOLS ADMINISTRATION BLDG,True
2002,FORSYTH,605 PARKLAND HIGH SCHOOL,FORSYTH|VTD605,direct_sf1_vtd,FORSYTH - 605 PARKLAND HIGH SCHOOL,True
2002,FORSYTH,606 PHILO MIDDLE SCHOOL,FORSYTH|VTD606,direct_sf1_vtd,FORSYTH - 606 PHILO MIDDLE SCHOOL,True
2002,FORSYTH,607 WESTVIEW BAPTIST CHURCH,FORSYTH|VTD607,direct_sf1_vtd,FORSYTH - 607 WESTVIEW BAPTIST CHURCH,True
2002,FORSYTH,701 FIRST CHRISTIAN CHURCH,FORSYTH|VTD701,direct_sf1_vtd,FORSYTH - 701 FIRST CHRISTIAN CHURCH,True
2002,FORSYTH,702 MILLER PARK RECREATION,FORSYTH|VTD702,direct_sf1_vtd,FORSYTH - 702 MILLER PARK RECREATION,True
2002,FORSYTH,703 ARDMORE BAPTIST CHURCH,FORSYTH|VTD703,direct_sf1_vtd,FORSYTH - 703 ARDMORE BAPTIST CHURCH,True
2002,FORSYTH,704 PARKWAY UNITED CHURCH,FORSYTH|VTD704,direct_sf1_vtd,FORSYTH - 704 PARKWAY UNITED CHURCH,True
2002,FORSYTH,705 FORSYTH TECH WEST,FORSYTH|VTD705,direct_sf1_vtd,FORSYTH - 705 FORSYTH TECH WEST,True
2002,FORSYTH,706 SOUTH FORK ELEMENTARY,FORSYTH|VTD706,direct_sf1_vtd,FORSYTH - 706 SOUTH FORK ELEMENTARY,True
2002,FORSYTH,707 GREEK ORTHODOX CHURCH,FORSYTH|VTD707,direct_sf1_vtd,FORSYTH - 707 GREEK ORTHODOX CHURCH,True
2002,FORSYTH,708 LITTLE CREEEK REC CTR,FORSYTH|VTD708,direct_sf1_vtd,FORSYTH - 708 LITTLE CREEEK REC CTR,True
2002,FORSYTH,709 WARD ELEMENTARY SCHOOL,FORSYTH|VTD709,direct_sf1_vtd,FORSYTH - 709 WARD ELEMENTARY SCHOOL,True
2002,FORSYTH,801 POLO PARK RECREATION,FORSYTH|VTD801,direct_sf1_vtd,FORSYTH - 801 POLO PARK RECREATION,True
2002,FORSYTH,802 SUMMIT SCHOOL,FORSYTH|VTD802,direct_sf1_vtd,FORSYTH - 802 SUMMIT SCHOOL,True
2002,FORSYTH,803 WHITAKER ELEMENTARY,FORSYTH|VTD803,direct_sf1_vtd,FORSYTH - 803 WHITAKER ELEMENTARY,True
2002,FORSYTH,804 SHERWOOD FOREST ELEM SCHOOL,FORSYTH|VTD804,direct_sf1_vtd,FORSYTH - 804 SHERWOOD FOREST ELEM SCHOOL,True
2002,FORSYTH,805 MESSIAH MORAV CHURCH,FORSYTH|VTD805,direct_sf1_vtd,FORSYTH - 805 MESSIAH MORAV CHURCH,True
2002,FORSYTH,806 TRINITY UNITED METH,FORSYTH|VTD806,direct_sf1_vtd,FORSYTH - 806 TRINITY UNITED METH,True
2002,FORSYTH,807 CALVARY BAPTIST CHURCH - BOY SCOUT HUT,FORSYTH|VTD807,direct_sf1_vtd,FORSYTH - 807 CALVARY BAPTIST CHURCH - BOY SCOUT HUT,True
2002,FORSYTH,808 COUNTRY CLUB FIRE,FORSYTH|VTD808,direct_sf1_vtd,FORSYTH - 808 COUNTRY CLUB FIRE,True
2002,FORSYTH,809 JEFFERSON MIDDLE,FORSYTH|VTD809,direct_sf1_vtd,FORSYTH - 809 JEFFERSON MIDDLE,True
2002,FORSYTH,901 REYNOLDS HIGH GIRLS GYM,FORSYTH|VTD901,direct_sf1_vtd,FORSYTH - 901 REYNOLDS HIGH GIRLS GYM,True
2002,FORSYTH,902 BRUNSON ELEMENTARY,FORSYTH|VTD902,direct_sf1_vtd,FORSYTH - 902 BRUNSON ELEMENTARY,True
2002,FORSYTH,903 HANES COMMUNITY CTR,FORSYTH|VTD903,direct_sf1_vtd,FORSYTH - 903 HANES COMMUNITY CTR,True
2002,FORSYTH,904 OLD TOWN PRESBYTERIAN,FORSYTH|VTD904,direct_sf1_vtd,FORSYTH - 904 OLD TOWN PRESBYTERIAN,True
2002,FORSYTH,905 BETHABARA MORAVIAN,FORSYTH|VTD905,direct_sf1_vtd,FORSYTH - 905 BETHABARA MORAVIAN,True
2002,FORSYTH,906 MT TABOR HIGH SCHOOL,FORSYTH|VTD906,direct_sf1_vtd,FORSYTH - 906 MT TABOR HIGH SCHOOL,True
2002,FORSYTH,907 ST ANNS EPISCOPAL,FORSYTH|VTD907,direct_sf1_vtd,FORSYTH - 907 ST ANNS EPISCOPAL,True
2002,FORSYTH,908 OLD TOWN BAPTIST,FORSYTH|VTD908,direct_sf1_vtd,FORSYTH - 908 OLD TOWN BAPTIST,True
2002,FORSYTH,909 OLD TOWN RECREATION,FORSYTH|VTD909,direct_sf1_vtd,FORSYTH - 909 OLD TOWN RECREATION,True
2002,GASTON,01 01,GASTON|VTD1,direct_sf1_vtd,GASTON - 01 01,True
2002,GASTON,02 02,GASTON|VTD2,direct_sf1_vtd,GASTON - 02 02,True
2002,GASTON,03 03,GASTON|VTD3,direct_sf1_vtd,GASTON - 03 03,True
2002,GASTON,04 04,GASTON|VTD4,direct_sf1_vtd,GASTON - 04 04,True
2002,GASTON,05 05,GASTON|VTD5,direct_sf1_vtd,GASTON - 05 05,True
2002,GASTON,06 06,GASTON|VTD6,direct_sf1_vtd,GASTON - 06 06,True
2002,GASTON,07 07,GASTON|VTD7,direct_sf1_vtd,GASTON - 07 07,True
2002,GASTON,08 08,GASTON|VTD8,direct_sf1_vtd,GASTON - 08 08,True
2002,GASTON,09 09,GASTON|VTD9,direct_sf1_vtd,GASTON - 09 09,True
2002,GASTON,10 10,GASTON|VTD10,direct_sf1_vtd,GASTON - 10 10,True
2002,GASTON,11 11,GASTON|VTD11,direct_sf1_vtd,GASTON - 11 11,True
2002,GASTON,12 12,GASTON|VTD12,direct_sf1_vtd,GASTON - 12 12,True
2002,GASTON,13 13,GASTON|VTD13,direct_sf1_vtd,GASTON - 13 13,True
2002,GASTON,14 14,GASTON|VTD14,direct_sf1_vtd,GASTON - 14 14,True
2002,GASTON,15 15,GASTON|VTD15,direct_sf1_vtd,GASTON - 15 15,True
2002,GASTON,16 16,GASTON|VTD16,direct_sf1_vtd,GASTON - 16 16,True
2002,GASTON,17 17,GASTON|VTD17,direct_sf1_vtd,GASTON - 17 17,True
2002,GASTON,18 18,GASTON|VTD18,direct_sf1_vtd,GASTON - 18 18,True
2002,GASTON,19 19,GASTON|VTD19,direct_sf1_vtd,GASTON - 19 19,True
2002,GASTON,20 20,GASTON|VTD20,direct_sf1_vtd,GASTON - 20 20,True
2002,GASTON,21 21,GASTON|VTD21,direct_sf1_vtd,GASTON - 21 21,True
2002,GASTON,22 22,GASTON|VTD22,direct_sf1_vtd,GASTON - 22 22,True
2002,GASTON,23 23,GASTON|VTD23,direct_sf1_vtd,GASTON - 23 23,True
2002,GASTON,24 24,GASTON|VTD24,direct_sf1_vtd,GASTON - 24 24,True
2002,GASTON,25 25,GASTON|VTD25,direct_sf1_vtd,GASTON - 25 25,True
2002,GASTON,26 26,GASTON|VTD26,direct_sf1_vtd,GASTON - 26 26,True
2002,GASTON,27 27,GASTON|VTD27,direct_sf1_vtd,GASTON - 27 27,True
2002,GASTON,28 28,GASTON|VTD28,direct_sf1_vtd,GASTON - 28 28,True
2002,GASTON,29 29,GASTON|VTD29,direct_sf1_vtd,GASTON - 29 29,True
2002,GASTON,30 30,GASTON|VTD30,direct_sf1_vtd,GASTON - 30 30,True
2002,GASTON,31 31,GASTON|VTD31,direct_sf1_vtd,GASTON - 31 31,True
2002,GASTON,32 32,GASTON|VTD32,direct_sf1_vtd,GASTON - 32 32,True
2002,GASTON,33 33,GASTON|VTD33,direct_sf1_vtd,GASTON - 33 33,True
2002,GASTON,34 34,GASTON|VTD34,direct_sf1_vtd,GASTON - 34 34,True
2002,GASTON,35 35,GASTON|VTD35,direct_sf1_vtd,GASTON - 35 35,True
2002,GASTON,36 36,GASTON|VTD36,direct_sf1_vtd,GASTON - 36 36,True
2002,GASTON,37 37,GASTON|VTD37,direct_sf1_vtd,GASTON - 37 37,True
2002,GASTON,38 38,GASTON|VTD38,direct_sf1_vtd,GASTON - 38 38,True
2002,GASTON,39 39,GASTON|VTD39,direct_sf1_vtd,GASTON - 39 39,True
2002,GASTON,40 40,GASTON|VTD40,direct_sf1_vtd,GASTON - 40 40,True
2002,GASTON,41 41,GASTON|VTD41,direct_sf1_vtd,GASTON - 41 41,True
2002,GASTON,42 42,GASTON|VTD42,direct_sf1_vtd,GASTON - 42 42,True
2002,GASTON,43 43,GASTON|VTD43,direct_sf1_vtd,GASTON - 43 43,True
2002,GASTON,44 44,GASTON|VTD44,direct_sf1_vtd,GASTON - 44 44,True
2002,GASTON,45 45,GASTON|VTD45,direct_sf1_vtd,GASTON - 45 45,True
2002,GASTON,46 46,GASTON|VTD46,direct_sf1_vtd,GASTON - 46 46,True
2002,GUILFORD,CG1 CG1,GUILFORD|VTDCG1,direct_sf1_vtd,GUILFORD - CG1 CG1,True
2002,GUILFORD,CG2 CG2,GUILFORD|VTDCG2,direct_sf1_vtd,GUILFORD - CG2 CG2,True
2002,GUILFORD,CG3 CG3,GUILFORD|VTDCG3,direct_sf1_vtd,GUILFORD - CG3 CG3,True
2002,GUILFORD,FEN1 FEN1,GUILFORD|VTDFEN1,direct_sf1_vtd,GUILFORD - FEN1 FEN1,True
2002,GUILFORD,FEN2 FEN2,GUILFORD|VTDFEN2,direct_sf1_vtd,GUILFORD - FEN2 FEN2,True
2002,GUILFORD,FR1 FR1,GUILFORD|VTDFR1,direct_sf1_vtd,GUILFORD - FR1 FR1,True
2002,GUILFORD,FR2 FR2,GUILFORD|VTDFR2,direct_sf1_vtd,GUILFORD - FR2 FR2,True
2002,GUILFORD,FR3 FR3,GUILFORD|VTDFR3,direct_sf1_vtd,GUILFORD - FR3 FR3,True
2002,GUILFORD,FR4 FR4,GUILFORD|VTDFR4,direct_sf1_vtd,GUILFORD - FR4 FR4,True
2002,GUILFORD,FR5-1 FR5-1,GUILFORD|PLANHSC|H62|S26|C6,historical_plan_cell_hsc,GUILFORD - FR5-1 FR5-1,False
2002,GUILFORD,FR5-2 FR5-2,GUILFORD|PLANHSC|H62|S26|C6,historical_plan_cell_hsc,GUILFORD - FR5-2 FR5-2,False
2002,GUILFORD,G01 G01,GUILFORD|VTDG01,direct_sf1_vtd,GUILFORD - G01 G01,True
2002,GUILFORD,G02 G02,GUILFORD|VTDG02,direct_sf1_vtd,GUILFORD - G02 G02,True
2002,GUILFORD,G03 G03,GUILFORD|VTDG03,direct_sf1_vtd,GUILFORD - G03 G03,True
2002,GUILFORD,G04 G04,GUILFORD|VTDG04,direct_sf1_vtd,GUILFORD - G04 G04,True
2002,GUILFORD,G05 G05,GUILFORD|VTDG05,direct_sf1_vtd,GUILFORD - G05 G05,True
2002,GUILFORD,G06 G06,GUILFORD|VTDG06,direct_sf1_vtd,GUILFORD - G06 G06,True
2002,GUILFORD,G07 G07,GUILFORD|VTDG07,direct_sf1_vtd,GUILFORD - G07 G07,True
2002,GUILFORD,G08 G08,GUILFORD|PLANHSC|H58|S27|C13,historical_plan_cell_hsc,GUILFORD - G08 G08,True
2002,GUILFORD,G09 G09,GUILFORD|VTDG09,direct_sf1_vtd,GUILFORD - G09 G09,True
2002,GUILFORD,G10 G10,GUILFORD|VTDG10,direct_sf1_vtd,GUILFORD - G10 G10,True
2002,GUILFORD,G11 G11,GUILFORD|VTDG11,direct_sf1_vtd,GUILFORD - G11 G11,True
2002,GUILFORD,G12 G12,GUILFORD|VTDG12,direct_sf1_vtd,GUILFORD - G12 G12,True
2002,GUILFORD,G13 G13,GUILFORD|VTDG13,direct_sf1_vtd,GUILFORD - G13 G13,True
2002,GUILFORD,G14 G14,GUILFORD|VTDG14,direct_sf1_vtd,GUILFORD - G14 G14,True
2002,GUILFORD,G15 G15,GUILFORD|VTDG15,direct_sf1_vtd,GUILFORD - G15 G15,True
2002,GUILFORD,G16 G16,GUILFORD|VTDG16,direct_sf1_vtd,GUILFORD - G16 G16,True
2002,GUILFORD,G17 G17,GUILFORD|VTDG17,direct_sf1_vtd,GUILFORD - G17 G17,True
2002,GUILFORD,G18 G18,GUILFORD|VTDG18,direct_sf1_vtd,GUILFORD - G18 G18,True
2002,GUILFORD,G19 G19,GUILFORD|VTDG19,direct_sf1_vtd,GUILFORD - G19 G19,True
2002,GUILFORD,G20 G20,GUILFORD|VTDG20,direct_sf1_vtd,GUILFORD - G20 G20,True
2002,GUILFORD,G21 G21,GUILFORD|VTDG21,direct_sf1_vtd,GUILFORD - G21 G21,True
2002,GUILFORD,G22 G22,GUILFORD|VTDG22,direct_sf1_vtd,GUILFORD - G22 G22,True
2002,GUILFORD,G23 G23,GUILFORD|VTDG23,direct_sf1_vtd,GUILFORD - G23 G23,True
2002,GUILFORD,G24 G24,GUILFORD|VTDG24,direct_sf1_vtd,GUILFORD - G24 G24,True
2002,GUILFORD,G25 G25,GUILFORD|VTDG25,direct_sf1_vtd,GUILFORD - G25 G25,True
2002,GUILFORD,G26 G26,GUILFORD|VTDG26,direct_sf1_vtd,GUILFORD - G26 G26,True
2002,GUILFORD,G27 G27,GUILFORD|VTDG27,direct_sf1_vtd,GUILFORD - G27 G27,True
2002,GUILFORD,G28 G28,GUILFORD|VTDG28,direct_sf1_vtd,GUILFORD - G28 G28,True
2002,GUILFORD,G29 G29,GUILFORD|VTDG29,direct_sf1_vtd,GUILFORD - G29 G29,True
2002,GUILFORD,G30 G30,GUILFORD|VTDG30,direct_sf1_vtd,GUILFORD - G30 G30,True
2002,GUILFORD,G31 G31,GUILFORD|VTDG31,direct_sf1_vtd,GUILFORD - G31 G31,True
2002,GUILFORD,G32 G32,GUILFORD|VTDG32,direct_sf1_vtd,GUILFORD - G32 G32,True
2002,GUILFORD,G33 G33,GUILFORD|VTDG33,direct_sf1_vtd,GUILFORD - G33 G33,True
2002,GUILFORD,G34 G34,GUILFORD|VTDG34,direct_sf1_vtd,GUILFORD - G34 G34,True
2002,GUILFORD,G35 G35,GUILFORD|VTDG35,direct_sf1_vtd,GUILFORD - G35 G35,True
2002,GUILFORD,G36 G36,GUILFORD|VTDG36,direct_sf1_vtd,GUILFORD - G36 G36,True
2002,GUILFORD,G37 G37,GUILFORD|VTDG37,direct_sf1_vtd,GUILFORD - G37 G37,True
2002,GUILFORD,G38 G38,GUILFORD|VTDG38,direct_sf1_vtd,GUILFORD - G38 G38,True
2002,GUILFORD,G39 G39,GUILFORD|VTDG39,direct_sf1_vtd,GUILFORD - G39 G39,True
2002,GUILFORD,G40A G40A,GUILFORD|PLANHSC|H62|S26|C6,historical_plan_cell_hsc,GUILFORD - G40A G40A,True
2002,GUILFORD,G40B G40B,GUILFORD|PLANSC|S26|C6,historical_plan_cell_sc,GUILFORD - G40B G40B,True
2002,GUILFORD,G41-1 G41-1,GUILFORD|PLANHSC|H62|S27|C6,historical_plan_cell_hsc,GUILFORD - G41-1 G41-1,False
2002,GUILFORD,G41-2 G41-2,GUILFORD|PLANHSC|H62|S27|C6,historical_plan_cell_hsc,GUILFORD - G41-2 G41-2,False
2002,GUILFORD,G42-1 G42-1,GUILFORD|PLANHSC|H62|S27|C6,historical_plan_cell_hsc,GUILFORD - G42-1 G42-1,False
2002,GUILFORD,G42-2 G42-2,GUILFORD|PLANHSC|H62|S27|C6,historical_plan_cell_hsc,GUILFORD - G42-2 G42-2,False
2002,GUILFORD,G43 G43,GUILFORD|VTDG43,direct_sf1_vtd,GUILFORD - G43 G43,True
2002,GUILFORD,G44 G44,GUILFORD|VTDG44,direct_sf1_vtd,GUILFORD - G44 G44,True
2002,GUILFORD,G45 G45,GUILFORD|VTDG45,direct_sf1_vtd,GUILFORD - G45 G45,True
2002,GUILFORD,G46 G46,GUILFORD|VTDG46,direct_sf1_vtd,GUILFORD - G46 G46,True
2002,GUILFORD,G47 G47,GUILFORD|VTDG47,direct_sf1_vtd,GUILFORD - G47 G47,True
2002,GUILFORD,G48 G48,GUILFORD|VTDG48,direct_sf1_vtd,GUILFORD - G48 G48,True
2002,GUILFORD,G49 G49,GUILFORD|VTDG49,direct_sf1_vtd,GUILFORD - G49 G49,True
2002,GUILFORD,G50 G50,GUILFORD|VTDG50,direct_sf1_vtd,GUILFORD - G50 G50,True
2002,GUILFORD,G51 G51,GUILFORD|VTDG51,direct_sf1_vtd,GUILFORD - G51 G51,True
2002,GUILFORD,G52 G52,GUILFORD|VTDG52,direct_sf1_vtd,GUILFORD - G52 G52,True
2002,GUILFORD,G53 G53,GUILFORD|VTDG53,direct_sf1_vtd,GUILFORD - G53 G53,True
2002,GUILFORD,G54 G54,GUILFORD|VTDG54,direct_sf1_vtd,GUILFORD - G54 G54,True
2002,GUILFORD,G55 G55,GUILFORD|VTDG55,direct_sf1_vtd,GUILFORD - G55 G55,True
2002,GUILFORD,G56 G56,GUILFORD|VTDG56,direct_sf1_vtd,GUILFORD - G56 G56,True
2002,GUILFORD,G57 G57,GUILFORD|VTDG57,direct_sf1_vtd,GUILFORD - G57 G57,True
2002,GUILFORD,G58 G58,GUILFORD|VTDG58,direct_sf1_vtd,GUILFORD - G58 G58,True
2002,GUILFORD,G59 G59,GUILFORD|VTDG59,direct_sf1_vtd,GUILFORD - G59 G59,True
2002,GUILFORD,G60 G60,GUILFORD|VTDG60,direct_sf1_vtd,GUILFORD - G60 G60,True
2002,GUILFORD,G61 G61,GUILFORD|VTDG61,direct_sf1_vtd,GUILFORD - G61 G61,True
2002,GUILFORD,G62 G62,GUILFORD|VTDG62,direct_sf1_vtd,GUILFORD - G62 G62,True
2002,GUILFORD,G63 G63,GUILFORD|VTDG63,direct_sf1_vtd,GUILFORD - G63 G63,True
2002,GUILFORD,G64 G64,GUILFORD|VTDG64,direct_sf1_vtd,GUILFORD - G64 G64,True
2002,GUILFORD,G65 G65,GUILFORD|VTDG65,direct_sf1_vtd,GUILFORD - G65 G65,True
2002,GUILFORD,G66 G66,GUILFORD|VTDG66,direct_sf1_vtd,GUILFORD - G66 G66,True
2002,GUILFORD,G67 G67,GUILFORD|VTDG67,direct_sf1_vtd,GUILFORD - G67 G67,True
2002,GUILFORD,G68 G68,GUILFORD|VTDG68,direct_sf1_vtd,GUILFORD - G68 G68,True
2002,GUILFORD,G69 G69,GUILFORD|VTDG69,direct_sf1_vtd,GUILFORD - G69 G69,True
2002,GUILFORD,G70 G70,GUILFORD|VTDG70,direct_sf1_vtd,GUILFORD - G70 G70,True
2002,GUILFORD,G71 G71,GUILFORD|VTDG71,direct_sf1_vtd,GUILFORD - G71 G71,True
2002,GUILFORD,G72 G72,GUILFORD|VTDG72,direct_sf1_vtd,GUILFORD - G72 G72,True
2002,GUILFORD,G73 G73,GUILFORD|VTDG73,direct_sf1_vtd,GUILFORD - G73 G73,True
2002,GUILFORD,G74 G74,GUILFORD|VTDG74,direct_sf1_vtd,GUILFORD - G74 G74,True
2002,GUILFORD,G75 G75,GUILFORD|VTDG75,direct_sf1_vtd,GUILFORD - G75 G75,True
2002,GUILFORD,GIB GIB,GUILFORD|VTDGIB,direct_sf1_vtd,GUILFORD - GIB GIB,True
2002,GUILFORD,GR GR,GUILFORD|VTDGR,direct_sf1_vtd,GUILFORD - GR GR,True
2002,GUILFORD,H01 H01,GUILFORD|VTDH01,direct_sf1_vtd,GUILFORD - H01 H01,True
2002,GUILFORD,H02 H02,GUILFORD|VTDH02,direct_sf1_vtd,GUILFORD - H02 H02,True
2002,GUILFORD,H03 H03,GUILFORD|VTDH03,direct_sf1_vtd,GUILFORD - H03 H03,True
2002,GUILFORD,H04 H04,GUILFORD|VTDH04,direct_sf1_vtd,GUILFORD - H04 H04,True
2002,GUILFORD,H05 H05,GUILFORD|VTDH05,direct_sf1_vtd,GUILFORD - H05 H05,True
2002,GUILFORD,H06 H06,GUILFORD|VTDH06,direct_sf1_vtd,GUILFORD - H06 H06,True
2002,GUILFORD,H07 H07,GUILFORD|VTDH07,direct_sf1_vtd,GUILFORD - H07 H07,True
2002,GUILFORD,H08 H08,GUILFORD|VTDH08,direct_sf1_vtd,GUILFORD - H08 H08,True
2002,GUILFORD,H09 H09,GUILFORD|VTDH09,direct_sf1_vtd,GUILFORD - H09 H09,True
2002,GUILFORD,H10 H10,GUILFORD|VTDH10,direct_sf1_vtd,GUILFORD - H10 H10,True
2002,GUILFORD,H11 H11,GUILFORD|VTDH11,direct_sf1_vtd,GUILFORD - H11 H11,True
2002,GUILFORD,H12 H12,GUILFORD|VTDH12,direct_sf1_vtd,GUILFORD - H12 H12,True
2002,GUILFORD,H13 H13,GUILFORD|VTDH13,direct_sf1_vtd,GUILFORD - H13 H13,True
2002,GUILFORD,H14 H14,GUILFORD|VTDH14,direct_sf1_vtd,GUILFORD - H14 H14,True
2002,GUILFORD,H15 H15,GUILFORD|VTDH15,direct_sf1_vtd,GUILFORD - H15 H15,True
2002,GUILFORD,H16 H16,GUILFORD|VTDH16,direct_sf1_vtd,GUILFORD - H16 H16,True
2002,GUILFORD,H17 H17,GUILFORD|VTDH17,direct_sf1_vtd,GUILFORD - H17 H17,True
2002,GUILFORD,H18 H18,GUILFORD|VTDH18,direct_sf1_vtd,GUILFORD - H18 H18,True
2002,GUILFORD,H19A H19A,GUILFORD|PLANHSC|H61|S28|C12,historical_plan_cell_hsc,GUILFORD - H19A H19A,True
2002,GUILFORD,H19B H19B,GUILFORD|PLANHSC|H61|S28|C12,historical_plan_cell_hsc,GUILFORD - H19B H19B,True
2002,GUILFORD,H20A H20A,GUILFORD|PLANHSC|H61|S28|C6,historical_plan_cell_hsc,GUILFORD - H20A H20A,True
2002,GUILFORD,H20B H20B,GUILFORD|PLANHSC|H61|S28|C6,historical_plan_cell_hsc,GUILFORD - H20B H20B,True
2002,GUILFORD,H21 H21,GUILFORD|VTDH21,direct_sf1_vtd,GUILFORD - H21 H21,True
2002,GUILFORD,H22 H22,GUILFORD|VTDH22,direct_sf1_vtd,GUILFORD - H22 H22,True
2002,GUILFORD,H23 H23,GUILFORD|VTDH23,direct_sf1_vtd,GUILFORD - H23 H23,True
2002,GUILFORD,H24 H24,GUILFORD|VTDH24,direct_sf1_vtd,GUILFORD - H24 H24,True
2002,GUILFORD,H25 H25,GUILFORD|VTDH25,direct_sf1_vtd,GUILFORD - H25 H25,True
2002,GUILFORD,H26 H26,GUILFORD|VTDH26,direct_sf1_vtd,GUILFORD - H26 H26,True
2002,GUILFORD,H27 H27,GUILFORD|VTDH27,direct_sf1_vtd,GUILFORD - H27 H27,True
2002,GUILFORD,H28 H28,GUILFORD|PLANHSC|H61|S28|C12,historical_plan_cell_hsc,GUILFORD - H28 H28,True
2002,GUILFORD,H29 H29,GUILFORD|PLANHSC|H61|S28|C12,historical_plan_cell_hsc,GUILFORD - H29 H29,True
2002,GUILFORD,JAM1 JAM1,GUILFORD|VTDJAM1,direct_sf1_vtd,GUILFORD - JAM1 JAM1,True
2002,GUILFORD,JAM2 JAM2,GUILFORD|VTDJAM2,direct_sf1_vtd,GUILFORD - JAM2 JAM2,True
2002,GUILFORD,JAM3 JAM3,GUILFORD|VTDJAM3,direct_sf1_vtd,GUILFORD - JAM3 JAM3,True
2002,GUILFORD,JAM4 JAM4,GUILFORD|VTDJAM4,direct_sf1_vtd,GUILFORD - JAM4 JAM4,True
2002,GUILFORD,JAM5 JAM5,GUILFORD|VTDJAM5,direct_sf1_vtd,GUILFORD - JAM5 JAM5,True
2002,GUILFORD,JEF1 JEF1,GUILFORD|VTDJEF1,direct_sf1_vtd,GUILFORD - JEF1 JEF1,True
2002,GUILFORD,JEF2 JEF2,GUILFORD|VTDJEF2,direct_sf1_vtd,GUILFORD - JEF2 JEF2,True
2002,GUILFORD,JEF3 JEF3,GUILFORD|VTDJEF3,direct_sf1_vtd,GUILFORD - JEF3 JEF3,True
2002,GUILFORD,JEF4 JEF4,GUILFORD|VTDJEF4,direct_sf1_vtd,GUILFORD - JEF4 JEF4,True
2002,GUILFORD,MON1 MON1,GUILFORD|VTDMON1,direct_sf1_vtd,GUILFORD - MON1 MON1,True
2002,GUILFORD,MON2 MON2,GUILFORD|VTDMON2,direct_sf1_vtd,GUILFORD - MON2 MON2,True
2002,GUILFORD,MON3 MON3,GUILFORD|VTDMON3,direct_sf1_vtd,GUILFORD - MON3 MON3,True
2002,GUILFORD,NCGR NCGR,GUILFORD|VTDNCGR,direct_sf1_vtd,GUILFORD - NCGR NCGR,True
2002,GUILFORD,NCLAY1 NCLAY1,GUILFORD|PLANHSC|H57|S26|C6,historical_plan_cell_hsc,GUILFORD - NCLAY1 NCLAY1,True
2002,GUILFORD,NCLAY2 NCLAY2,GUILFORD|PLANHSC|H57|S26|C6,historical_plan_cell_hsc,GUILFORD - NCLAY2 NCLAY2,True
2002,GUILFORD,NDRI NDRI,GUILFORD|VTDNDRI,direct_sf1_vtd,GUILFORD - NDRI NDRI,True
2002,GUILFORD,NMAD NMAD,GUILFORD|VTDNMAD,direct_sf1_vtd,GUILFORD - NMAD NMAD,True
2002,GUILFORD,NWASH NWASH,GUILFORD|VTDNWASH,direct_sf1_vtd,GUILFORD - NWASH NWASH,True
2002,GUILFORD,OR1 OR1,GUILFORD|VTDOR1,direct_sf1_vtd,GUILFORD - OR1 OR1,True
2002,GUILFORD,OR2 OR2,GUILFORD|VTDOR2,direct_sf1_vtd,GUILFORD - OR2 OR2,True
2002,GUILFORD,PG1 PG1,GUILFORD|VTDPG1,direct_sf1_vtd,GUILFORD - PG1 PG1,True
2002,GUILFORD,PG2 PG2,GUILFORD|VTDPG2,direct_sf1_vtd,GUILFORD - PG2 PG2,True
2002,GUILFORD,RC1 RC1,GUILFORD|VTDRC1,direct_sf1_vtd,GUILFORD - RC1 RC1,True
2002,GUILFORD,RC2 RC2,GUILFORD|VTDRC2,direct_sf1_vtd,GUILFORD - RC2 RC2,True
2002,GUILFORD,SCLAY SCLAY,GUILFORD|VTDSCLAY,direct_sf1_vtd,GUILFORD - SCLAY SCLAY,True
2002,GUILFORD,SDRI SDRI,GUILFORD|VTDSDRI,direct_sf1_vtd,GUILFORD - SDRI SDRI,True
2002,GUILFORD,SF1 SF1,GUILFORD|VTDSF1,direct_sf1_vtd,GUILFORD - SF1 SF1,True
2002,GUILFORD,SF2 SF2,GUILFORD|VTDSF2,direct_sf1_vtd,GUILFORD - SF2 SF2,True
2002,GUILFORD,SF3 SF3,GUILFORD|VTDSF3,direct_sf1_vtd,GUILFORD - SF3 SF3,True
2002,GUILFORD,SF4 SF4,GUILFORD|VTDSF4,direct_sf1_vtd,GUILFORD - SF4 SF4,True
2002,GUILFORD,SMAD SMAD,GUILFORD|VTDSMAD,direct_sf1_vtd,GUILFORD - SMAD SMAD,True
2002,GUILFORD,STOK STOK,GUILFORD|VTDSTOK,direct_sf1_vtd,GUILFORD - STOK STOK,True
2002,GUILFORD,SUM1 SUM1,GUILFORD|VTDSUM1,direct_sf1_vtd,GUILFORD - SUM1 SUM1,True
2002,GUILFORD,SUM2 SUM2,GUILFORD|VTDSUM2,direct_sf1_vtd,GUILFORD - SUM2 SUM2,True
2002,GUILFORD,SUM3 SUM3,GUILFORD|VTDSUM3,direct_sf1_vtd,GUILFORD - SUM3 SUM3,True
2002,GUILFORD,SUM4 SUM4,GUILFORD|VTDSUM4,direct_sf1_vtd,GUILFORD - SUM4 SUM4,True
2002,GUILFORD,SWASH SWASH,GUILFORD|VTDSWASH,direct_sf1_vtd,GUILFORD - SWASH SWASH,True
2002,MECKLENBURG,1 1,MECKLENBURG|VTD1,direct_sf1_vtd,MECKLENBURG - 1 1,True
2002,MECKLENBURG,10 10,MECKLENBURG|VTD10,direct_sf1_vtd,MECKLENBURG - 10 10,True
2002,MECKLENBURG,100 100,MECKLENBURG|VTD100,direct_sf1_vtd,MECKLENBURG - 100 100,True
2002,MECKLENBURG,101 101,MECKLENBURG|VTD101,direct_sf1_vtd,MECKLENBURG - 101 101,True
2002,MECKLENBURG,102 102,MECKLENBURG|VTD102,direct_sf1_vtd,MECKLENBURG - 102 102,True
2002,MECKLENBURG,103 103,MECKLENBURG|VTD103,direct_sf1_vtd,MECKLENBURG - 103 103,True
2002,MECKLENBURG,104 104,MECKLENBURG|VTD104,direct_sf1_vtd,MECKLENBURG - 104 104,True
2002,MECKLENBURG,105 105,MECKLENBURG|VTD105,direct_sf1_vtd,MECKLENBURG - 105 105,True
2002,MECKLENBURG,106 106,MECKLENBURG|VTD106,direct_sf1_vtd,MECKLENBURG - 106 106,True
2002,MECKLENBURG,107 107,MECKLENBURG|VTD107,direct_sf1_vtd,MECKLENBURG - 107 107,True
2002,MECKLENBURG,108 108,MECKLENBURG|VTD108,direct_sf1_vtd,MECKLENBURG - 108 108,True
2002,MECKLENBURG,109 109,MECKLENBURG|VTD109,direct_sf1_vtd,MECKLENBURG - 109 109,True
2002,MECKLENBURG,11 11,MECKLENBURG|VTD11,direct_sf1_vtd,MECKLENBURG - 11 11,True
2002,MECKLENBURG,110 110,MECKLENBURG|VTD110,direct_sf1_vtd,MECKLENBURG - 110 110,True
2002,MECKLENBURG,111 111,MECKLENBURG|VTD111,direct_sf1_vtd,MECKLENBURG - 111 111,True
2002,MECKLENBURG,112 112,MECKLENBURG|VTD112,direct_sf1_vtd,MECKLENBURG - 112 112,True
2002,MECKLENBURG,113 113,MECKLENBURG|VTD113,direct_sf1_vtd,MECKLENBURG - 113 113,True
2002,MECKLENBURG,114 114,MECKLENBURG|VTD114,direct_sf1_vtd,MECKLENBURG - 114 114,True
2002,MECKLENBURG,115 115,MECKLENBURG|VTD115,direct_sf1_vtd,MECKLENBURG - 115 115,True
2002,MECKLENBURG,116 116,MECKLENBURG|VTD116,direct_sf1_vtd,MECKLENBURG - 116 116,True
2002,MECKLENBURG,117 117,MECKLENBURG|VTD117,direct_sf1_vtd,MECKLENBURG - 117 117,True
2002,MECKLENBURG,118 118,MECKLENBURG|VTD118,direct_sf1_vtd,MECKLENBURG - 118 118,True
2002,MECKLENBURG,119 119,MECKLENBURG|VTD119,direct_sf1_vtd,MECKLENBURG - 119 119,True
2002,MECKLENBURG,12 12,MECKLENBURG|VTD12,direct_sf1_vtd,MECKLENBURG - 12 12,True
2002,MECKLENBURG,120 120,MECKLENBURG|VTD120,direct_sf1_vtd,MECKLENBURG - 120 120,True
2002,MECKLENBURG,121 121,MECKLENBURG|VTD121,direct_sf1_vtd,MECKLENBURG - 121 121,True
2002,MECKLENBURG,122 122,MECKLENBURG|VTD122,direct_sf1_vtd,MECKLENBURG - 122 122,True
2002,MECKLENBURG,123 123,MECKLENBURG|VTD123,direct_sf1_vtd,MECKLENBURG - 123 123,True
2002,MECKLENBURG,124 124,MECKLENBURG|VTD124,direct_sf1_vtd,MECKLENBURG - 124 124,True
2002,MECKLENBURG,125 125,MECKLENBURG|VTD125,direct_sf1_vtd,MECKLENBURG - 125 125,True
2002,MECKLENBURG,126 126,MECKLENBURG|VTD126,direct_sf1_vtd,MECKLENBURG - 126 126,True
2002,MECKLENBURG,127 127,MECKLENBURG|VTD127,direct_sf1_vtd,MECKLENBURG - 127 127,True
2002,MECKLENBURG,128 128,MECKLENBURG|VTD128,direct_sf1_vtd,MECKLENBURG - 128 128,True
2002,MECKLENBURG,129 129,MECKLENBURG|VTD129,direct_sf1_vtd,MECKLENBURG - 129 129,True
2002,MECKLENBURG,13 13,MECKLENBURG|VTD13,direct_sf1_vtd,MECKLENBURG - 13 13,True
2002,MECKLENBURG,130 130,MECKLENBURG|VTD130,direct_sf1_vtd,MECKLENBURG - 130 130,True
2002,MECKLENBURG,131 131,MECKLENBURG|VTD131,direct_sf1_vtd,MECKLENBURG - 131 131,True
2002,MECKLENBURG,132 132,MECKLENBURG|VTD132,direct_sf1_vtd,MECKLENBURG - 132 132,True
2002,MECKLENBURG,133 133,MECKLENBURG|VTD133,direct_sf1_vtd,MECKLENBURG - 133 133,True
2002,MECKLENBURG,134 134,MECKLENBURG|VTD134,direct_sf1_vtd,MECKLENBURG - 134 134,True
2002,MECKLENBURG,135 135,MECKLENBURG|VTD135,direct_sf1_vtd,MECKLENBURG - 135 135,True
2002,MECKLENBURG,136 136,MECKLENBURG|VTD136,direct_sf1_vtd,MECKLENBURG - 136 136,True
2002,MECKLENBURG,137 137,MECKLENBURG|VTD137,direct_sf1_vtd,MECKLENBURG - 137 137,True
2002,MECKLENBURG,138 138,MECKLENBURG|VTD138,direct_sf1_vtd,MECKLENBURG - 138 138,True
2002,MECKLENBURG,139 139,MECKLENBURG|VTD139,direct_sf1_vtd,MECKLENBURG - 139 139,True
2002,MECKLENBURG,14 14,MECKLENBURG|VTD14,direct_sf1_vtd,MECKLENBURG - 14 14,True
2002,MECKLENBURG,140 140,MECKLENBURG|VTD140,direct_sf1_vtd,MECKLENBURG - 140 140,True
2002,MECKLENBURG,141 141,MECKLENBURG|VTD141,direct_sf1_vtd,MECKLENBURG - 141 141,True
2002,MECKLENBURG,142 142,MECKLENBURG|VTD142,direct_sf1_vtd,MECKLENBURG - 142 142,True
2002,MECKLENBURG,143 143,MECKLENBURG|VTD143,direct_sf1_vtd,MECKLENBURG - 143 143,True
2002,MECKLENBURG,144 144,MECKLENBURG|VTD144,direct_sf1_vtd,MECKLENBURG - 144 144,True
2002,MECKLENBURG,145 145,MECKLENBURG|PLANHSC|H99|S40|C12,historical_plan_cell_hsc,MECKLENBURG - 145 145,True
2002,MECKLENBURG,15 15,MECKLENBURG|VTD15,direct_sf1_vtd,MECKLENBURG - 15 15,True
2002,MECKLENBURG,16 16,MECKLENBURG|VTD16,direct_sf1_vtd,MECKLENBURG - 16 16,True
2002,MECKLENBURG,17 17,MECKLENBURG|VTD17,direct_sf1_vtd,MECKLENBURG - 17 17,True
2002,MECKLENBURG,18 18,MECKLENBURG|VTD18,direct_sf1_vtd,MECKLENBURG - 18 18,True
2002,MECKLENBURG,19 19,MECKLENBURG|VTD19,direct_sf1_vtd,MECKLENBURG - 19 19,True
2002,MECKLENBURG,2 2,MECKLENBURG|VTD2,direct_sf1_vtd,MECKLENBURG - 2 2,True
2002,MECKLENBURG,20 20,MECKLENBURG|VTD20,direct_sf1_vtd,MECKLENBURG - 20 20,True
2002,MECKLENBURG,200 200,MECKLENBURG|VTD200,direct_sf1_vtd,MECKLENBURG - 200 200,True
2002,MECKLENBURG,201 201,MECKLENBURG|VTD201,direct_sf1_vtd,MECKLENBURG - 201 201,True
2002,MECKLENBURG,202 202,MECKLENBURG|VTD202,direct_sf1_vtd,MECKLENBURG - 202 202,True
2002,MECKLENBURG,203 203,MECKLENBURG|VTD203,direct_sf1_vtd,MECKLENBURG - 203 203,True
2002,MECKLENBURG,204 204,MECKLENBURG|VTD204,direct_sf1_vtd,MECKLENBURG - 204 204,True
2002,MECKLENBURG,205 205,MECKLENBURG|VTD205,direct_sf1_vtd,MECKLENBURG - 205 205,True
2002,MECKLENBURG,206 206,MECKLENBURG|VTD206,direct_sf1_vtd,MECKLENBURG - 206 206,True
2002,MECKLENBURG,207 207,MECKLENBURG|VTD207,direct_sf1_vtd,MECKLENBURG - 207 207,True
2002,MECKLENBURG,208 208,MECKLENBURG|VTD208,direct_sf1_vtd,MECKLENBURG - 208 208,True
2002,MECKLENBURG,209 209,MECKLENBURG|VTD209,direct_sf1_vtd,MECKLENBURG - 209 209,True
2002,MECKLENBURG,21 21,MECKLENBURG|VTD21,direct_sf1_vtd,MECKLENBURG - 21 21,True
2002,MECKLENBURG,210 210,MECKLENBURG|VTD210,direct_sf1_vtd,MECKLENBURG - 210 210,True
2002,MECKLENBURG,211 211,MECKLENBURG|VTD211,direct_sf1_vtd,MECKLENBURG - 211 211,True
2002,MECKLENBURG,212 212,MECKLENBURG|VTD212,direct_sf1_vtd,MECKLENBURG - 212 212,True
2002,MECKLENBURG,213 213,MECKLENBURG|VTD213,direct_sf1_vtd,MECKLENBURG - 213 213,True
2002,MECKLENBURG,214 214,MECKLENBURG|VTD214,direct_sf1_vtd,MECKLENBURG - 214 214,True
2002,MECKLENBURG,215 215,MECKLENBURG|VTD215,direct_sf1_vtd,MECKLENBURG - 215 215,True
2002,MECKLENBURG,216 216,MECKLENBURG|VTD216,direct_sf1_vtd,MECKLENBURG - 216 216,True
2002,MECKLENBURG,217 217,MECKLENBURG|VTD217,direct_sf1_vtd,MECKLENBURG - 217 217,True
2002,MECKLENBURG,218 218,MECKLENBURG|VTD218,direct_sf1_vtd,MECKLENBURG - 218 218,True
2002,MECKLENBURG,219 219,MECKLENBURG|VTD219,direct_sf1_vtd,MECKLENBURG - 219 219,True
2002,MECKLENBURG,22 22,MECKLENBURG|VTD22,direct_sf1_vtd,MECKLENBURG - 22 22,True
2002,MECKLENBURG,220 220,MECKLENBURG|VTD220,direct_sf1_vtd,MECKLENBURG - 220 220,True
2002,MECKLENBURG,221 221,MECKLENBURG|VTD221,direct_sf1_vtd,MECKLENBURG - 221 221,True
2002,MECKLENBURG,222 222,MECKLENBURG|VTD222,direct_sf1_vtd,MECKLENBURG - 222 222,True
2002,MECKLENBURG,223 223,MECKLENBURG|VTD223,direct_sf1_vtd,MECKLENBURG - 223 223,True
2002,MECKLENBURG,224 224,MECKLENBURG|VTD224,direct_sf1_vtd,MECKLENBURG - 224 224,True
2002,MECKLENBURG,225 225,MECKLENBURG|VTD225,direct_sf1_vtd,MECKLENBURG - 225 225,True
2002,MECKLENBURG,226 226,MECKLENBURG|VTD226,direct_sf1_vtd,MECKLENBURG - 226 226,True
2002,MECKLENBURG,227 227,MECKLENBURG|VTD227,direct_sf1_vtd,MECKLENBURG - 227 227,True
2002,MECKLENBURG,228 228,MECKLENBURG|VTD228,direct_sf1_vtd,MECKLENBURG - 228 228,True
2002,MECKLENBURG,229 229,MECKLENBURG|VTD229,direct_sf1_vtd,MECKLENBURG - 229 229,True
2002,MECKLENBURG,23 23,MECKLENBURG|VTD23,direct_sf1_vtd,MECKLENBURG - 23 23,True
2002,MECKLENBURG,230 230,MECKLENBURG|VTD230,direct_sf1_vtd,MECKLENBURG - 230 230,True
2002,MECKLENBURG,231 231,MECKLENBURG|VTD231,direct_sf1_vtd,MECKLENBURG - 231 231,True
2002,MECKLENBURG,232 232,MECKLENBURG|VTD232,direct_sf1_vtd,MECKLENBURG - 232 232,True
2002,MECKLENBURG,233 233,MECKLENBURG|VTD233,direct_sf1_vtd,MECKLENBURG - 233 233,True
2002,MECKLENBURG,234 234,MECKLENBURG|VTD234,direct_sf1_vtd,MECKLENBURG - 234 234,True
2002,MECKLENBURG,235 235,MECKLENBURG|VTD235,direct_sf1_vtd,MECKLENBURG - 235 235,True
2002,MECKLENBURG,236 236,MECKLENBURG|VTD236,direct_sf1_vtd,MECKLENBURG - 236 236,True
2002,MECKLENBURG,237 237,MECKLENBURG|VTD237,direct_sf1_vtd,MECKLENBURG - 237 237,True
2002,MECKLENBURG,238 238,MECKLENBURG|VTD238,direct_sf1_vtd,MECKLENBURG - 238 238,True
2002,MECKLENBURG,239 239,MECKLENBURG|VTD239,direct_sf1_vtd,MECKLENBURG - 239 239,True
2002,MECKLENBURG,24 24,MECKLENBURG|VTD24,direct_sf1_vtd,MECKLENBURG - 24 24,True
2002,MECKLENBURG,240 240,MECKLENBURG|VTD240,direct_sf1_vtd,MECKLENBURG - 240 240,True
2002,MECKLENBURG,241 241,MECKLENBURG|VTD241,direct_sf1_vtd,MECKLENBURG - 241 241,True
2002,MECKLENBURG,242 242,MECKLENBURG|VTD242,direct_sf1_vtd,MECKLENBURG - 242 242,True
2002,MECKLENBURG,243 243,MECKLENBURG|VTD243,direct_sf1_vtd,MECKLENBURG - 243 243,True
2002,MECKLENBURG,25 25,MECKLENBURG|VTD25,direct_sf1_vtd,MECKLENBURG - 25 25,True
2002,MECKLENBURG,26 26,MECKLENBURG|VTD26,direct_sf1_vtd,MECKLENBURG - 26 26,True
2002,MECKLENBURG,27 27,MECKLENBURG|VTD27,direct_sf1_vtd,MECKLENBURG - 27 27,True
2002,MECKLENBURG,28 28,MECKLENBURG|VTD28,direct_sf1_vtd,MECKLENBURG - 28 28,True
2002,MECKLENBURG,29 29,MECKLENBURG|VTD29,direct_sf1_vtd,MECKLENBURG - 29 29,True
2002,MECKLENBURG,3 3,MECKLENBURG|VTD3,direct_sf1_vtd,MECKLENBURG - 3 3,True
2002,MECKLENBURG,30 30,MECKLENBURG|VTD30,direct_sf1_vtd,MECKLENBURG - 30 30,True
2002,MECKLENBURG,31 31,MECKLENBURG|VTD31,direct_sf1_vtd,MECKLENBURG - 31 31,True
2002,MECKLENBURG,32 32,MECKLENBURG|VTD32,direct_sf1_vtd,MECKLENBURG - 32 32,True
2002,MECKLENBURG,33 33,MECKLENBURG|VTD33,direct_sf1_vtd,MECKLENBURG - 33 33,True
2002,MECKLENBURG,34 34,MECKLENBURG|VTD34,direct_sf1_vtd,MECKLENBURG - 34 34,True
2002,MECKLENBURG,35 35,MECKLENBURG|VTD35,direct_sf1_vtd,MECKLENBURG - 35 35,True
2002,MECKLENBURG,36 36,MECKLENBURG|VTD36,direct_sf1_vtd,MECKLENBURG - 36 36,True
2002,MECKLENBURG,37 37,MECKLENBURG|VTD37,direct_sf1_vtd,MECKLENBURG - 37 37,True
2002,MECKLENBURG,38 38,MECKLENBURG|VTD38,direct_sf1_vtd,MECKLENBURG - 38 38,True
2002,MECKLENBURG,39 39,MECKLENBURG|VTD39,direct_sf1_vtd,MECKLENBURG - 39 39,True
2002,MECKLENBURG,4 4,MECKLENBURG|VTD4,direct_sf1_vtd,MECKLENBURG - 4 4,True
2002,MECKLENBURG,40 40,MECKLENBURG|VTD40,direct_sf1_vtd,MECKLENBURG - 40 40,True
2002,MECKLENBURG,41 41,MECKLENBURG|VTD41,direct_sf1_vtd,MECKLENBURG - 41 41,True
2002,MECKLENBURG,42 42,MECKLENBURG|VTD42,direct_sf1_vtd,MECKLENBURG - 42 42,True
2002,MECKLENBURG,43 43,MECKLENBURG|VTD43,direct_sf1_vtd,MECKLENBURG - 43 43,True
2002,MECKLENBURG,44 44,MECKLENBURG|VTD44,direct_sf1_vtd,MECKLENBURG - 44 44,True
2002,MECKLENBURG,45 45,MECKLENBURG|VTD45,direct_sf1_vtd,MECKLENBURG - 45 45,True
2002,MECKLENBURG,46 46,MECKLENBURG|VTD46,direct_sf1_vtd,MECKLENBURG - 46 46,True
2002,MECKLENBURG,47 47,MECKLENBURG|VTD47,direct_sf1_vtd,MECKLENBURG - 47 47,True
2002,MECKLENBURG,48 48,MECKLENBURG|VTD48,direct_sf1_vtd,MECKLENBURG - 48 48,True
2002,MECKLENBURG,49 49,MECKLENBURG|VTD49,direct_sf1_vtd,MECKLENBURG - 49 49,True
2002,MECKLENBURG,5 5,MECKLENBURG|VTD5,direct_sf1_vtd,MECKLENBURG - 5 5,True
2002,MECKLENBURG,50 50,MECKLENBURG|VTD50,direct_sf1_vtd,MECKLENBURG - 50 50,True
2002,MECKLENBURG,51 51,MECKLENBURG|VTD51,direct_sf1_vtd,MECKLENBURG - 51 51,True
2002,MECKLENBURG,52 52,MECKLENBURG|VTD52,direct_sf1_vtd,MECKLENBURG - 52 52,True
2002,MECKLENBURG,53 53,MECKLENBURG|VTD53,direct_sf1_vtd,MECKLENBURG - 53 53,True
2002,MECKLENBURG,54 54,MECKLENBURG|VTD54,direct_sf1_vtd,MECKLENBURG - 54 54,True
2002,MECKLENBURG,55 55,MECKLENBURG|VTD55,direct_sf1_vtd,MECKLENBURG - 55 55,True
2002,MECKLENBURG,56 56,MECKLENBURG|VTD56,direct_sf1_vtd,MECKLENBURG - 56 56,True
2002,MECKLENBURG,57 57,MECKLENBURG|VTD57,direct_sf1_vtd,MECKLENBURG - 57 57,True
2002,MECKLENBURG,58 58,MECKLENBURG|VTD58,direct_sf1_vtd,MECKLENBURG - 58 58,True
2002,MECKLENBURG,59 59,MECKLENBURG|VTD59,direct_sf1_vtd,MECKLENBURG - 59 59,True
2002,MECKLENBURG,6 6,MECKLENBURG|VTD6,direct_sf1_vtd,MECKLENBURG - 6 6,True
2002,MECKLENBURG,60 60,MECKLENBURG|VTD60,direct_sf1_vtd,MECKLENBURG - 60 60,True
2002,MECKLENBURG,61 61,MECKLENBURG|VTD61,direct_sf1_vtd,MECKLENBURG - 61 61,True
2002,MECKLENBURG,62 62,MECKLENBURG|VTD62,direct_sf1_vtd,MECKLENBURG - 62 62,True
2002,MECKLENBURG,63 63,MECKLENBURG|VTD63,direct_sf1_vtd,MECKLENBURG - 63 63,True
2002,MECKLENBURG,64 64,MECKLENBURG|VTD64,direct_sf1_vtd,MECKLENBURG - 64 64,True
2002,MECKLENBURG,65 65,MECKLENBURG|VTD65,direct_sf1_vtd,MECKLENBURG - 65 65,True
2002,MECKLENBURG,66 66,MECKLENBURG|VTD66,direct_sf1_vtd,MECKLENBURG - 66 66,True
2002,MECKLENBURG,67 67,MECKLENBURG|VTD67,direct_sf1_vtd,MECKLENBURG - 67 67,True
2002,MECKLENBURG,68 68,MECKLENBURG|VTD68,direct_sf1_vtd,MECKLENBURG - 68 68,True
2002,MECKLENBURG,69 69,MECKLENBURG|VTD69,direct_sf1_vtd,MECKLENBURG - 69 69,True
2002,MECKLENBURG,7 7,MECKLENBURG|VTD7,direct_sf1_vtd,MECKLENBURG - 7 7,True
2002,MECKLENBURG,70 70,MECKLENBURG|VTD70,direct_sf1_vtd,MECKLENBURG - 70 70,True
2002,MECKLENBURG,71 71,MECKLENBURG|VTD71,direct_sf1_vtd,MECKLENBURG - 71 71,True
2002,MECKLENBURG,72 72,MECKLENBURG|VTD72,direct_sf1_vtd,MECKLENBURG - 72 72,True
2002,MECKLENBURG,73 73,MECKLENBURG|VTD73,direct_sf1_vtd,MECKLENBURG - 73 73,True
2002,MECKLENBURG,74 74,MECKLENBURG|VTD74,direct_sf1_vtd,MECKLENBURG - 74 74,True
2002,MECKLENBURG,75 75,MECKLENBURG|VTD75,direct_sf1_vtd,MECKLENBURG - 75 75,True
2002,MECKLENBURG,76 76,MECKLENBURG|VTD76,direct_sf1_vtd,MECKLENBURG - 76 76,True
2002,MECKLENBURG,77 77,MECKLENBURG|VTD77,direct_sf1_vtd,MECKLENBURG - 77 77,True
2002,MECKLENBURG,78 78,MECKLENBURG|VTD78,direct_sf1_vtd,MECKLENBURG - 78 78,True
2002,MECKLENBURG,79 79,MECKLENBURG|VTD79,direct_sf1_vtd,MECKLENBURG - 79 79,True
2002,MECKLENBURG,8 8,MECKLENBURG|VTD8,direct_sf1_vtd,MECKLENBURG - 8 8,True
2002,MECKLENBURG,80 80,MECKLENBURG|VTD80,direct_sf1_vtd,MECKLENBURG - 80 80,True
2002,MECKLENBURG,81 81,MECKLENBURG|VTD81,direct_sf1_vtd,MECKLENBURG - 81 81,True
2002,MECKLENBURG,82 82,MECKLENBURG|VTD82,direct_sf1_vtd,MECKLENBURG - 82 82,True
2002,MECKLENBURG,83 83,MECKLENBURG|VTD83,direct_sf1_vtd,MECKLENBURG - 83 83,True
2002,MECKLENBURG,84 84,MECKLENBURG|VTD84,direct_sf1_vtd,MECKLENBURG - 84 84,True
2002,MECKLENBURG,85 85,MECKLENBURG|VTD85,direct_sf1_vtd,MECKLENBURG - 85 85,True
2002,MECKLENBURG,86 86,MECKLENBURG|VTD86,direct_sf1_vtd,MECKLENBURG - 86 86,True
2002,MECKLENBURG,87 87,MECKLENBURG|VTD87,direct_sf1_vtd,MECKLENBURG - 87 87,True
2002,MECKLENBURG,88 88,MECKLENBURG|VTD88,direct_sf1_vtd,MECKLENBURG - 88 88,True
2002,MECKLENBURG,89 89,MECKLENBURG|VTD89,direct_sf1_vtd,MECKLENBURG - 89 89,True
2002,MECKLENBURG,9 9,MECKLENBURG|VTD9,direct_sf1_vtd,MECKLENBURG - 9 9,True
2002,MECKLENBURG,90 90,MECKLENBURG|VTD90,direct_sf1_vtd,MECKLENBURG - 90 90,True
2002,MECKLENBURG,91 91,MECKLENBURG|VTD91,direct_sf1_vtd,MECKLENBURG - 91 91,True
2002,MECKLENBURG,92 92,MECKLENBURG|VTD92,direct_sf1_vtd,MECKLENBURG - 92 92,True
2002,MECKLENBURG,93 93,MECKLENBURG|VTD93,direct_sf1_vtd,MECKLENBURG - 93 93,True
2002,MECKLENBURG,94 94,MECKLENBURG|VTD94,direct_sf1_vtd,MECKLENBURG - 94 94,True
2002,MECKLENBURG,95 95,MECKLENBURG|VTD95,direct_sf1_vtd,MECKLENBURG - 95 95,True
2002,MECKLENBURG,96 96,MECKLENBURG|VTD96,direct_sf1_vtd,MECKLENBURG - 96 96,True
2002,MECKLENBURG,97 97,MECKLENBURG|VTD97,direct_sf1_vtd,MECKLENBURG - 97 97,True
2002,MECKLENBURG,98 98,MECKLENBURG|VTD98,direct_sf1_vtd,MECKLENBURG - 98 98,True
2002,MECKLENBURG,99 99,MECKLENBURG|VTD99,direct_sf1_vtd,MECKLENBURG - 99 99,True
2002,NEW HANOVER,CF01 CF01,NEW HANOVER|VTDCF01,direct_sf1_vtd,NEW HANOVER - CF01 CF01,True
2002,NEW HANOVER,CF02 CF02,NEW HANOVER|VTDCF02,direct_sf1_vtd,NEW HANOVER - CF02 CF02,True
2002,NEW HANOVER,CF03 CF03,NEW HANOVER|VTDCF03,direct_sf1_vtd,NEW HANOVER - CF03 CF03,True
2002,NEW HANOVER,FP01 FP01,NEW HANOVER|VTDFP01,direct_sf1_vtd,NEW HANOVER - FP01 FP01,True
2002,NEW HANOVER,FP02 FP02,NEW HANOVER|VTDFP02,direct_sf1_vtd,NEW HANOVER - FP02 FP02,True
2002,NEW HANOVER,FP03 FP03,NEW HANOVER|VTDFP03,direct_sf1_vtd,NEW HANOVER - FP03 FP03,True
2002,NEW HANOVER,FP04 FP04,NEW HANOVER|VTDFP04,direct_sf1_vtd,NEW HANOVER - FP04 FP04,True
2002,NEW HANOVER,FP05 FP05,NEW HANOVER|VTDFP05,direct_sf1_vtd,NEW HANOVER - FP05 FP05,True
2002,NEW HANOVER,H01 H01,NEW HANOVER|VTDH01,direct_sf1_vtd,NEW HANOVER - H01 H01,True
2002,NEW HANOVER,H02 H02,NEW HANOVER|VTDH02,direct_sf1_vtd,NEW HANOVER - H02 H02,True
2002,NEW HANOVER,H03 H03,NEW HANOVER|VTDH03,direct_sf1_vtd,NEW HANOVER - H03 H03,True
2002,NEW HANOVER,H04 H04,NEW HANOVER|VTDH04,direct_sf1_vtd,NEW HANOVER - H04 H04,True
2002,NEW HANOVER,H05 H05,NEW HANOVER|VTDH05,direct_sf1_vtd,NEW HANOVER - H05 H05,True
2002,NEW HANOVER,H06 H06,NEW HANOVER|VTDH06,direct_sf1_vtd,NEW HANOVER - H06 H06,True
2002,NEW HANOVER,H07 H07,NEW HANOVER|VTDH07,direct_sf1_vtd,NEW HANOVER - H07 H07,True
2002,NEW HANOVER,H08 H08,NEW HANOVER|VTDH08,direct_sf1_vtd,NEW HANOVER - H08 H08,True
2002,NEW HANOVER,H09 H09,NEW HANOVER|VTDH09,direct_sf1_vtd,NEW HANOVER - H09 H09,True
2002,NEW HANOVER,M02 M02,NEW HANOVER|VTDM02,direct_sf1_vtd,NEW HANOVER - M02 M02,True
2002,NEW HANOVER,M03 M03,NEW HANOVER|VTDM03,direct_sf1_vtd,NEW HANOVER - M03 M03,True
2002,NEW HANOVER,M04 M04,NEW HANOVER|VTDM04,direct_sf1_vtd,NEW HANOVER - M04 M04,True
2002,NEW HANOVER,M05 M05,NEW HANOVER|VTDM05,direct_sf1_vtd,NEW HANOVER - M05 M05,True
2002,NEW HANOVER,W01 W01,NEW HANOVER|VTDW01,direct_sf1_vtd,NEW HANOVER - W01 W01,True
2002,NEW HANOVER,W02 W02,NEW HANOVER|VTDW02,direct_sf1_vtd,NEW HANOVER - W02 W02,True
2002,NEW HANOVER,W03 W03,NEW HANOVER|VTDW03,direct_sf1_vtd,NEW HANOVER - W03 W03,True
2002,NEW HANOVER,W04 W04,NEW HANOVER|VTDW04,direct_sf1_vtd,NEW HANOVER - W04 W04,True
2002,NEW HANOVER,W05 W05,NEW HANOVER|VTDW05,direct_sf1_vtd,NEW HANOVER - W05 W05,True
2002,NEW HANOVER,W06 W06,NEW HANOVER|VTDW06,direct_sf1_vtd,NEW HANOVER - W06 W06,True
2002,NEW HANOVER,W07 W07,NEW HANOVER|VTDW07,direct_sf1_vtd,NEW HANOVER - W07 W07,True
2002,NEW HANOVER,W08 W08,NEW HANOVER|VTDW08,direct_sf1_vtd,NEW HANOVER - W08 W08,True
2002,NEW HANOVER,W09 W09,NEW HANOVER|VTDW09,direct_sf1_vtd,NEW HANOVER - W09 W09,True
2002,NEW HANOVER,W10 W10,NEW HANOVER|VTDW10,direct_sf1_vtd,NEW HANOVER - W10 W10,True
2002,NEW HANOVER,W11 W11,NEW HANOVER|VTDW11,direct_sf1_vtd,NEW HANOVER - W11 W11,True
2002,NEW HANOVER,W12 W12,NEW HANOVER|VTDW12,direct_sf1_vtd,NEW HANOVER - W12 W12,True
2002,NEW HANOVER,W13 W13,NEW HANOVER|VTDW13,direct_sf1_vtd,NEW HANOVER - W13 W13,True
2002,NEW HANOVER,W14 W14,NEW HANOVER|VTDW14,direct_sf1_vtd,NEW HANOVER - W14 W14,True
2002,NEW HANOVER,W15 W15,NEW HANOVER|VTDW15,direct_sf1_vtd,NEW HANOVER - W15 W15,True
2002,NEW HANOVER,W16 W16,NEW HANOVER|VTDW16,direct_sf1_vtd,NEW HANOVER - W16 W16,True
2002,NEW HANOVER,W17 W17,NEW HANOVER|VTDW17,direct_sf1_vtd,NEW HANOVER - W17 W17,True
2002,NEW HANOVER,W18 W18,NEW HANOVER|VTDW18,direct_sf1_vtd,NEW HANOVER - W18 W18,True
2002,NEW HANOVER,W19 W19,NEW HANOVER|VTDW19,direct_sf1_vtd,NEW HANOVER - W19 W19,True
2002,NEW HANOVER,W20 W20,NEW HANOVER|VTDW20,direct_sf1_vtd,NEW HANOVER - W20 W20,True
2002,NEW HANOVER,W21 W21,NEW HANOVER|VTDW21,direct_sf1_vtd,NEW HANOVER - W21 W21,True
2002,NEW HANOVER,W22 W22,NEW HANOVER|VTDW22,direct_sf1_vtd,NEW HANOVER - W22 W22,True
2002,NEW HANOVER,W23 W23,NEW HANOVER|VTDW23,direct_sf1_vtd,NEW HANOVER - W23 W23,True
2002,NEW HANOVER,W24 W24,NEW HANOVER|VTDW24,direct_sf1_vtd,NEW HANOVER - W24 W24,True
2002,NEW HANOVER,WB WB,NEW HANOVER|VTDWB,direct_sf1_vtd,NEW HANOVER - WB WB,True
2002,NEW HANOVER,absentee/provisional,NEW HANOVER|PLANSC|S9|C7,historical_plan_cell_sc,NEW HANOVER - ABSENTEE/PROVISIONAL,False
2002,WAKE,01-01 01-01,WAKE|VTD101,direct_sf1_vtd,WAKE - 01-01 01-01,True
2002,WAKE,01-02 01-02,WAKE|VTD102,direct_sf1_vtd,WAKE - 01-02 01-02,True
2002,WAKE,01-03 01-03,WAKE|VTD103,direct_sf1_vtd,WAKE - 01-03 01-03,True
2002,WAKE,01-04 01-04,WAKE|VTD104,direct_sf1_vtd,WAKE - 01-04 01-04,True
2002,WAKE,01-05 01-05,WAKE|VTD105,direct_sf1_vtd,WAKE - 01-05 01-05,True
2002,WAKE,01-06 01-06,WAKE|VTD106,direct_sf1_vtd,WAKE - 01-06 01-06,True
2002,WAKE,01-07 01-07,WAKE|VTD107,direct_sf1_vtd,WAKE - 01-07 01-07,True
2002,WAKE,01-07A 01-07A,WAKE|PLANHSC|H38|S16|C13,historical_plan_cell_hsc,WAKE - 01-07A 01-07A,True
2002,WAKE,01-09 01-09,WAKE|VTD109,direct_sf1_vtd,WAKE - 01-09 01-09,True
2002,WAKE,01-10 01-10,WAKE|VTD110,direct_sf1_vtd,WAKE - 01-10 01-10,True
2002,WAKE,01-11 01-11,WAKE|VTD111,direct_sf1_vtd,WAKE - 01-11 01-11,True
2002,WAKE,01-12 01-12,WAKE|VTD112,direct_sf1_vtd,WAKE - 01-12 01-12,True
2002,WAKE,01-13 01-13,WAKE|VTD113,direct_sf1_vtd,WAKE - 01-13 01-13,True
2002,WAKE,01-14 01-14,WAKE|VTD114,direct_sf1_vtd,WAKE - 01-14 01-14,True
2002,WAKE,01-15 01-15,WAKE|VTD115,direct_sf1_vtd,WAKE - 01-15 01-15,True
2002,WAKE,01-16 01-16,WAKE|VTD116,direct_sf1_vtd,WAKE - 01-16 01-16,True
2002,WAKE,01-17 01-17,WAKE|VTD117,direct_sf1_vtd,WAKE - 01-17 01-17,True
2002,WAKE,01-18 01-18,WAKE|VTD118,direct_sf1_vtd,WAKE - 01-18 01-18,True
2002,WAKE,01-19 01-19,WAKE|VTD119,direct_sf1_vtd,WAKE - 01-19 01-19,True
2002,WAKE,01-20 01-20,WAKE|VTD120,direct_sf1_vtd,WAKE - 01-20 01-20,True
2002,WAKE,01-21 01-21,WAKE|VTD121,direct_sf1_vtd,WAKE - 01-21 01-21,True
2002,WAKE,01-22 01-22,WAKE|VTD122,direct_sf1_vtd,WAKE - 01-22 01-22,True
2002,WAKE,01-23 01-23,WAKE|VTD123,direct_sf1_vtd,WAKE - 01-23 01-23,True
2002,WAKE,01-25 01-25,WAKE|VTD125,direct_sf1_vtd,WAKE - 01-25 01-25,True
2002,WAKE,01-26 01-26,WAKE|VTD126,direct_sf1_vtd,WAKE - 01-26 01-26,True
2002,WAKE,01-27 01-27,WAKE|VTD127,direct_sf1_vtd,WAKE - 01-27 01-27,True
2002,WAKE,01-28 01-28,WAKE|VTD128,direct_sf1_vtd,WAKE - 01-28 01-28,True
2002,WAKE,01-29 01-29,WAKE|VTD129,direct_sf1_vtd,WAKE - 01-29 01-29,True
2002,WAKE,01-30 01-30,WAKE|VTD130,direct_sf1_vtd,WAKE - 01-30 01-30,True
2002,WAKE,01-31 01-31,WAKE|VTD131,direct_sf1_vtd,WAKE - 01-31 01-31,True
2002,WAKE,01-32 01-32,WAKE|VTD132,direct_sf1_vtd,WAKE - 01-32 01-32,True
2002,WAKE,01-33 01-33,WAKE|VTD133,direct_sf1_vtd,WAKE - 01-33 01-33,True
2002,WAKE,01-34 01-34,WAKE|VTD134,direct_sf1_vtd,WAKE - 01-34 01-34,True
2002,WAKE,01-35 01-35,WAKE|VTD135,direct_sf1_vtd,WAKE - 01-35 01-35,True
2002,WAKE,01-36 01-36,WAKE|VTD136,direct_sf1_vtd,WAKE - 01-36 01-36,True
2002,WAKE,01-37 01-37,WAKE|VTD137,direct_sf1_vtd,WAKE - 01-37 01-37,True
2002,WAKE,01-38 01-38,WAKE|VTD138,direct_sf1_vtd,WAKE - 01-38 01-38,True
2002,WAKE,01-39 01-39,WAKE|VTD139,direct_sf1_vtd,WAKE - 01-39 01-39,True
2002,WAKE,01-40 01-40,WAKE|VTD140,direct_sf1_vtd,WAKE - 01-40 01-40,True
2002,WAKE,01-41 01-41,WAKE|VTD141,direct_sf1_vtd,WAKE - 01-41 01-41,True
2002,WAKE,01-42 01-42,WAKE|VTD142,direct_sf1_vtd,WAKE - 01-42 01-42,True
2002,WAKE,01-43 01-43,WAKE|VTD143,direct_sf1_vtd,WAKE - 01-43 01-43,True
2002,WAKE,01-44 01-44,WAKE|VTD144,direct_sf1_vtd,WAKE - 01-44 01-44,True
2002,WAKE,01-45 01-45,WAKE|VTD145,direct_sf1_vtd,WAKE - 01-45 01-45,True
2002,WAKE,01-46 01-46,WAKE|VTD146,direct_sf1_vtd,WAKE - 01-46 01-46,True
2002,WAKE,01-47 01-47,WAKE|VTD147,direct_sf1_vtd,WAKE - 01-47 01-47,True
2002,WAKE,01-48 01-48,WAKE|VTD148,direct_sf1_vtd,WAKE - 01-48 01-48,True
2002,WAKE,01-49 01-49,WAKE|PLANHSC|H35|S16|C13,historical_plan_cell_hsc,WAKE - 01-49 01-49,True
2002,WAKE,01-50 01-50,WAKE|PLANHSC|H38|S14|C2,historical_plan_cell_hsc,WAKE - 01-50 01-50,True
2002,WAKE,01-51 01-51,WAKE|PLANHSC|H34|S15|C13,historical_plan_cell_hsc,WAKE - 01-51 01-51,True
2002,WAKE,02-01 02-01,WAKE|VTD201,direct_sf1_vtd,WAKE - 02-01 02-01,True
2002,WAKE,02-02 02-02,WAKE|VTD202,direct_sf1_vtd,WAKE - 02-02 02-02,True
2002,WAKE,02-03 02-03,WAKE|VTD203,direct_sf1_vtd,WAKE - 02-03 02-03,True
2002,WAKE,02-04 02-04,WAKE|VTD204,direct_sf1_vtd,WAKE - 02-04 02-04,True
2002,WAKE,02-05 02-05,WAKE|VTD205,direct_sf1_vtd,WAKE - 02-05 02-05,True
2002,WAKE,02-06 02-06,WAKE|VTD206,direct_sf1_vtd,WAKE - 02-06 02-06,True
2002,WAKE,03-00 03-00,WAKE|VTD300,direct_sf1_vtd,WAKE - 03-00 03-00,True
2002,WAKE,04-01 04-01,WAKE|VTD401,direct_sf1_vtd,WAKE - 04-01 04-01,True
2002,WAKE,04-02 04-02,WAKE|VTD402,direct_sf1_vtd,WAKE - 04-02 04-02,True
2002,WAKE,04-03 04-03,WAKE|VTD403,direct_sf1_vtd,WAKE - 04-03 04-03,True
2002,WAKE,04-04 04-04,WAKE|VTD404,direct_sf1_vtd,WAKE - 04-04 04-04,True
2002,WAKE,04-05 04-05,WAKE|VTD405,direct_sf1_vtd,WAKE - 04-05 04-05,True
2002,WAKE,04-06 04-06,WAKE|VTD406,direct_sf1_vtd,WAKE - 04-06 04-06,True
2002,WAKE,04-07 04-07,WAKE|VTD407,direct_sf1_vtd,WAKE - 04-07 04-07,True
2002,WAKE,04-08 04-08,WAKE|VTD408,direct_sf1_vtd,WAKE - 04-08 04-08,True
2002,WAKE,04-09 04-09,WAKE|VTD409,direct_sf1_vtd,WAKE - 04-09 04-09,True
2002,WAKE,04-10 04-10,WAKE|VTD410,direct_sf1_vtd,WAKE - 04-10 04-10,True
2002,WAKE,04-11 04-11,WAKE|VTD411,direct_sf1_vtd,WAKE - 04-11 04-11,True
2002,WAKE,04-12 04-12,WAKE|VTD412,direct_sf1_vtd,WAKE - 04-12 04-12,True
2002,WAKE,04-13 04-13,WAKE|VTD413,direct_sf1_vtd,WAKE - 04-13 04-13,True
2002,WAKE,04-14 04-14,WAKE|VTD414,direct_sf1_vtd,WAKE - 04-14 04-14,True
2002,WAKE,04-15 04-15,WAKE|VTD415,direct_sf1_vtd,WAKE - 04-15 04-15,True
2002,WAKE,04-16 04-16,WAKE|VTD416,direct_sf1_vtd,WAKE - 04-16 04-16,True
2002,WAKE,04-17 04-17,WAKE|VTD417,direct_sf1_vtd,WAKE - 04-17 04-17,True
2002,WAKE,04-18 04-18,WAKE|VTD418,direct_sf1_vtd,WAKE - 04-18 04-18,True
2002,WAKE,04-19 04-19,WAKE|VTD419,direct_sf1_vtd,WAKE - 04-19 04-19,True
2002,WAKE,04-20 04-20,WAKE|PLANHSC|H36|S16|C4,historical_plan_cell_hsc,WAKE - 04-20 04-20,True
2002,WAKE,04-21 04-21,WAKE|PLANHSC|H35|S16|C4,historical_plan_cell_hsc,WAKE - 04-21 04-21,True
2002,WAKE,05-01 05-01,WAKE|PLANHSC|H34|S16|C4,historical_plan_cell_hsc,WAKE - 05-01 05-01,True
2002,WAKE,05-02 05-02,WAKE|PLANHSC|H34|S16|C4,historical_plan_cell_hsc,WAKE - 05-02 05-02,True
2002,WAKE,05-03 05-03,WAKE|PLANHSC|H34|S16|C4,historical_plan_cell_hsc,WAKE - 05-03 05-03,True
2002,WAKE,06-01 06-01,WAKE|VTD601,direct_sf1_vtd,WAKE - 06-01 06-01,True
2002,WAKE,06-02 06-02,WAKE|VTD602,direct_sf1_vtd,WAKE - 06-02 06-02,True
2002,WAKE,06-03 06-03,WAKE|VTD603,direct_sf1_vtd,WAKE - 06-03 06-03,True
2002,WAKE,07-01 07-01,WAKE|VTD701,direct_sf1_vtd,WAKE - 07-01 07-01,True
2002,WAKE,07-02 07-02,WAKE|VTD702,direct_sf1_vtd,WAKE - 07-02 07-02,True
2002,WAKE,07-03 07-03,WAKE|VTD703,direct_sf1_vtd,WAKE - 07-03 07-03,True
2002,WAKE,07-04 07-04,WAKE|VTD704,direct_sf1_vtd,WAKE - 07-04 07-04,True
2002,WAKE,07-05 07-05,WAKE|VTD705,direct_sf1_vtd,WAKE - 07-05 07-05,True
2002,WAKE,07-06 07-06,WAKE|VTD706,direct_sf1_vtd,WAKE - 07-06 07-06,True
2002,WAKE,07-07 07-07,WAKE|VTD707,direct_sf1_vtd,WAKE - 07-07 07-07,True
2002,WAKE,07-07A 07-07A,WAKE|PLANHSC|H50|S15|C4,historical_plan_cell_hsc,WAKE - 07-07A 07-07A,True
2002,WAKE,07-09 07-09,WAKE|VTD709,direct_sf1_vtd,WAKE - 07-09 07-09,True
2002,WAKE,07-10 07-10,WAKE|VTD710,direct_sf1_vtd,WAKE - 07-10 07-10,True
2002,WAKE,07-11 07-11,WAKE|PLANHSC|H50|S15|C13,historical_plan_cell_hsc,WAKE - 07-11 07-11,True
2002,WAKE,07-12 07-12,WAKE|PLANHSC|H34|S16|C13,historical_plan_cell_hsc,WAKE - 07-12 07-12,True
2002,WAKE,07-13 07-13,WAKE|PLANHSC|H50|S15|C13,historical_plan_cell_hsc,WAKE - 07-13 07-13,True
2002,WAKE,08-01 08-01,WAKE|VTD801,direct_sf1_vtd,WAKE - 08-01 08-01,True
2002,WAKE,08-02 08-02,WAKE|VTD802,direct_sf1_vtd,WAKE - 08-02 08-02,True
2002,WAKE,08-03 08-03,WAKE|VTD803,direct_sf1_vtd,WAKE - 08-03 08-03,True
2002,WAKE,08-04 08-04,WAKE|VTD804,direct_sf1_vtd,WAKE - 08-04 08-04,True
2002,WAKE,08-05 08-05,WAKE|VTD805,direct_sf1_vtd,WAKE - 08-05 08-05,True
2002,WAKE,08-06 08-06,WAKE|VTD806,direct_sf1_vtd,WAKE - 08-06 08-06,True
2002,WAKE,08-07 08-07,WAKE|PLANHSC|H50|S15|C4,historical_plan_cell_hsc,WAKE - 08-07 08-07,True
2002,WAKE,08-08 08-08,WAKE|PLANHSC|H50|S15|C4,historical_plan_cell_hsc,WAKE - 08-08 08-08,True
2002,WAKE,08-09 08-09,WAKE|PLANHSC|H50|S15|C4,historical_plan_cell_hsc,WAKE - 08-09 08-09,True
2002,WAKE,09-01 09-01,WAKE|VTD901,direct_sf1_vtd,WAKE - 09-01 09-01,True
2002,WAKE,09-02 09-02,WAKE|VTD902,direct_sf1_vtd,WAKE - 09-02 09-02,True
2002,WAKE,09-03 09-03,WAKE|PLANHSC|H40|S14|C13,historical_plan_cell_hsc,WAKE - 09-03 09-03,True
2002,WAKE,10-01 10-01,WAKE|VTD1001,direct_sf1_vtd,WAKE - 10-01 10-01,True
2002,WAKE,10-02 10-02,WAKE|VTD1002,direct_sf1_vtd,WAKE - 10-02 10-02,True
2002,WAKE,10-03 10-03,WAKE|PLANHSC|H39|S14|C13,historical_plan_cell_hsc,WAKE - 10-03 10-03,True
2002,WAKE,10-04 10-04,WAKE|PLANHSC|H39|S14|C13,historical_plan_cell_hsc,WAKE - 10-04 10-04,True
2002,WAKE,11-01 11-01,WAKE|VTD1101,direct_sf1_vtd,WAKE - 11-01 11-01,True
2002,WAKE,11-02 11-02,WAKE|VTD1102,direct_sf1_vtd,WAKE - 11-02 11-02,True
2002,WAKE,12-01 12-01,WAKE|VTD1201,direct_sf1_vtd,WAKE - 12-01 12-01,True
2002,WAKE,12-02 12-02,WAKE|VTD1202,direct_sf1_vtd,WAKE - 12-02 12-02,True
2002,WAKE,12-03 12-03,WAKE|VTD1203,direct_sf1_vtd,WAKE - 12-03 12-03,True
2002,WAKE,12-04 12-04,WAKE|VTD1204,direct_sf1_vtd,WAKE - 12-04 12-04,True
2002,WAKE,12-05 12-05,WAKE|PLANHSC|H37|S17|C4,historical_plan_cell_hsc,WAKE - 12-05 12-05,True
2002,WAKE,12-06 12-06,WAKE|PLANHSC|H39|S17|C4,historical_plan_cell_hsc,WAKE - 12-06 12-06,True
2002,WAKE,12-07 12-07,WAKE|PLANHSC|H39|S17|C4,historical_plan_cell_hsc,WAKE - 12-07 12-07,True
2002,WAKE,13-01 13-01,WAKE|VTD1301,direct_sf1_vtd,WAKE - 13-01 13-01,True
2002,WAKE,13-02 13-02,WAKE|VTD1302,direct_sf1_vtd,WAKE - 13-02 13-02,True
2002,WAKE,13-03 13-03,WAKE|VTD1303,direct_sf1_vtd,WAKE - 13-03 13-03,True
2002,WAKE,13-04 13-04,WAKE|PLANHC|H40|C13,historical_plan_cell_hc,WAKE - 13-04 13-04,True
2002,WAKE,13-05 13-05,WAKE|PLANHC|H40|C13,historical_plan_cell_hc,WAKE - 13-05 13-05,True
2002,WAKE,13-06 13-06,WAKE|PLANHC|H40|C13,historical_plan_cell_hc,WAKE - 13-06 13-06,True
2002,WAKE,13-07 13-07,WAKE|PLANHSC|H33|S14|C13,historical_plan_cell_hsc,WAKE - 13-07 13-07,True
2002,WAKE,14-01 14-01,WAKE|VTD1401,direct_sf1_vtd,WAKE - 14-01 14-01,True
2002,WAKE,14-02 14-02,WAKE|VTD1402,direct_sf1_vtd,WAKE - 14-02 14-02,True
2002,WAKE,15-01 15-01,WAKE|VTD1501,direct_sf1_vtd,WAKE - 15-01 15-01,True
2002,WAKE,15-02 15-02,WAKE|VTD1502,direct_sf1_vtd,WAKE - 15-02 15-02,True
2002,WAKE,15-03 15-03,WAKE|PLANHSC|H39|S17|C4,historical_plan_cell_hsc,WAKE - 15-03 15-03,True
2002,WAKE,15-04 15-04,WAKE|PLANHSC|H39|S17|C4,historical_plan_cell_hsc,WAKE - 15-04 15-04,True
2002,WAKE,16-01 16-01,WAKE|VTD1601,direct_sf1_vtd,WAKE - 16-01 16-01,True
2002,WAKE,16-02 16-02,WAKE|VTD1602,direct_sf1_vtd,WAKE - 16-02 16-02,True
2002,WAKE,16-03 16-03,WAKE|VTD1603,direct_sf1_vtd,WAKE - 16-03 16-03,True
2002,WAKE,16-04 16-04,WAKE|VTD1604,direct_sf1_vtd,WAKE - 16-04 16-04,True
2002,WAKE,16-05 16-05,WAKE|VTD1605,direct_sf1_vtd,WAKE - 16-05 16-05,True
2002,WAKE,16-06 16-06,WAKE|VTD1606,direct_sf1_vtd,WAKE - 16-06 16-06,True
2002,WAKE,16-07 16-07,WAKE|VTD1607,direct_sf1_vtd,WAKE - 16-07 16-07,True
2002,WAKE,16-08 16-08,WAKE|PLANSC|S14|C2,historical_plan_cell_sc,WAKE - 16-08 16-08,True
2002,WAKE,16-09 16-09,WAKE|PLANHSC|H39|S17|C2,historical_plan_cell_hsc,WAKE - 16-09 16-09,True
2002,WAKE,17-01 17-01,WAKE|VTD1701,direct_sf1_vtd,WAKE - 17-01 17-01,True
2002,WAKE,17-02 17-02,WAKE|VTD1702,direct_sf1_vtd,WAKE - 17-02 17-02,True
2002,WAKE,17-03 17-03,WAKE|VTD1703,direct_sf1_vtd,WAKE - 17-03 17-03,True
2002,WAKE,17-04 17-04,WAKE|VTD1704,direct_sf1_vtd,WAKE - 17-04 17-04,True
2002,WAKE,17-05 17-05,WAKE|VTD1705,direct_sf1_vtd,WAKE - 17-05 17-05,True
2002,WAKE,17-06 17-06,WAKE|VTD1706,direct_sf1_vtd,WAKE - 17-06 17-06,True
2002,WAKE,17-07 17-07,WAKE|VTD1707,direct_sf1_vtd,WAKE - 17-07 17-07,True
2002,WAKE,17-08 17-08,WAKE|PLANHSC|H39|S14|C13,historical_plan_cell_hsc,WAKE - 17-08 17-08,True
2002,WAKE,17-09 17-09,WAKE|PLANHSC|H33|S14|C13,historical_plan_cell_hsc,WAKE - 17-09 17-09,True
2002,WAKE,17-10 17-10,WAKE|PLANHSC|H33|S14|C13,historical_plan_cell_hsc,WAKE - 17-10 17-10,True
2002,WAKE,17-11 17-11,WAKE|PLANHSC|H33|S14|C13,historical_plan_cell_hsc,WAKE - 17-11 17-11,True
2002,WAKE,18-01 18-01,WAKE|VTD1801,direct_sf1_vtd,WAKE - 18-01 18-01,True
2002,WAKE,18-02 18-02,WAKE|VTD1802,direct_sf1_vtd,WAKE - 18-02 18-02,True
2002,WAKE,18-03 18-03,WAKE|VTD1803,direct_sf1_vtd,WAKE - 18-03 18-03,True
2002,WAKE,18-04 18-04,WAKE|VTD1804,direct_sf1_vtd,WAKE - 18-04 18-04,True
2002,WAKE,18-05 18-05,WAKE|VTD1805,direct_sf1_vtd,WAKE - 18-05 18-05,True
2002,WAKE,18-06 18-06,WAKE|VTD1806,direct_sf1_vtd,WAKE - 18-06 18-06,True
2002,WAKE,18-07 18-07,WAKE|PLANHSC|H37|S17|C4,historical_plan_cell_hsc,WAKE - 18-07 18-07,True
2002,WAKE,18-08 18-08,WAKE|PLANHSC|H35|S17|C4,historical_plan_cell_hsc,WAKE - 18-08 18-08,True
2002,WAKE,19-01 19-01,WAKE|VTD1901,direct_sf1_vtd,WAKE - 19-01 19-01,True
2002,WAKE,19-02 19-02,WAKE|VTD1902,direct_sf1_vtd,WAKE - 19-02 19-02,True
2002,WAKE,19-03 19-03,WAKE|VTD1903,direct_sf1_vtd,WAKE - 19-03 19-03,True
2002,WAKE,19-04 19-04,WAKE|VTD1904,direct_sf1_vtd,WAKE - 19-04 19-04,True
2002,WAKE,19-05 19-05,WAKE|VTD1905,direct_sf1_vtd,WAKE - 19-05 19-05,True
2002,WAKE,19-06 19-06,WAKE|PLANHSC|H40|S15|C13,historical_plan_cell_hsc,WAKE - 19-06 19-06,True
2002,WAKE,19-07 19-07,WAKE|PLANHSC|H40|S15|C13,historical_plan_cell_hsc,WAKE - 19-07 19-07,True
2002,WAKE,19-08 19-08,WAKE|PLANHSC|H40|S15|C13,historical_plan_cell_hsc,WAKE - 19-08 19-08,True
2002,WAKE,20-01 20-01,WAKE|VTD2001,direct_sf1_vtd,WAKE - 20-01 20-01,True
2002,WAKE,20-02 20-02,WAKE|VTD2002,direct_sf1_vtd,WAKE - 20-02 20-02,True
2002,WAKE,20-03 20-03,WAKE|VTD2003,direct_sf1_vtd,WAKE - 20-03 20-03,True
2002,WAKE,20-04 20-04,WAKE|VTD2004,direct_sf1_vtd,WAKE - 20-04 20-04,True
2002,WAKE,20-05 20-05,WAKE|VTD2005,direct_sf1_vtd,WAKE - 20-05 20-05,True
2002,WAKE,20-06 20-06,WAKE|VTD2006,direct_sf1_vtd,WAKE - 20-06 20-06,True
2002,WAKE,20-07 20-07,WAKE|PLANHSC|H37|S17|C4,historical_plan_cell_hsc,WAKE - 20-07 20-07,True
2002,WAKE,20-08 20-08,WAKE|PLANHSC|H37|S17|C4,historical_plan_cell_hsc,WAKE - 20-08 20-08,True
2002,WAKE,20-09 20-09,WAKE|PLANHSC|H36|S17|C4,historical_plan_cell_hsc,WAKE - 20-09 20-09,True
2002,WAKE,20-10 20-10,WAKE|PLANHSC|H36|S16|C4,historical_plan_cell_hsc,WAKE - 20-10 20-10,True
2004,BUNCOMBE,01.1 ASHEVILLE 1,BUNCOMBE|PLANHS|H115|S49,historical_plan_cell_hs,BUNCOMBE - 01.1 ASHEVILLE 1,True
2004,BUNCOMBE,02.1 ASHEVILLE 2,BUNCOMBE|PLANHS|H114|S49,historical_plan_cell_hs,BUNCOMBE - 02.1 ASHEVILLE 2,True
2004,BUNCOMBE,03.1 ASHEVILLE 3,BUNCOMBE|PLANHS|H114|S49,historical_plan_cell_hs,BUNCOMBE - 03.1 ASHEVILLE 3,True
2004,BUNCOMBE,04.1 ASHEVILLE 4,BUNCOMBE|PLANHS|H114|S49,historical_plan_cell_hs,BUNCOMBE - 04.1 ASHEVILLE 4,True
2004,BUNCOMBE,05.1 ASHEVILLE 5,BUNCOMBE|PLANHS|H116|S49,historical_plan_cell_hs,BUNCOMBE - 05.1 ASHEVILLE 5,True
2004,BUNCOMBE,06.1 ASHEVILLE 6,BUNCOMBE|PLANHS|H115|S49,historical_plan_cell_hs,BUNCOMBE - 06.1 ASHEVILLE 6,True
2004,BUNCOMBE,07.1 ASHEVILLE 7,BUNCOMBE|PLANHS|H115|S49,historical_plan_cell_hs,BUNCOMBE - 07.1 ASHEVILLE 7,True
2004,BUNCOMBE,08.1 ASHEVILLE 8,BUNCOMBE|PLANHS|H115|S49,historical_plan_cell_hs,BUNCOMBE - 08.1 ASHEVILLE 8,True
2004,BUNCOMBE,09.1 ASHEVILLE 9,BUNCOMBE|PLANHS|H115|S49,historical_plan_cell_hs,BUNCOMBE - 09.1 ASHEVILLE 9,True
2004,BUNCOMBE,10.1 ASHEVILLE 10,BUNCOMBE|PLANHS|H115|S49,historical_plan_cell_hs,BUNCOMBE - 10.1 ASHEVILLE 10,True
2004,BUNCOMBE,11.1 ASHEVILLE 11,BUNCOMBE|PLANHS|H114|S49,historical_plan_cell_hs,BUNCOMBE - 11.1 ASHEVILLE 11,True
2004,BUNCOMBE,12.1 ASHEVILLE 12,BUNCOMBE|PLANHS|H114|S49,historical_plan_cell_hs,BUNCOMBE - 12.1 ASHEVILLE 12,True
2004,BUNCOMBE,13.1 ASHEVILLE 13,BUNCOMBE|PLANHS|H114|S49,historical_plan_cell_hs,BUNCOMBE - 13.1 ASHEVILLE 13,True
2004,BUNCOMBE,15.1 ASHEVILLE 15,BUNCOMBE|PLANHS|H114|S49,historical_plan_cell_hs,BUNCOMBE - 15.1 ASHEVILLE 15,True
2004,BUNCOMBE,16.1 ASHEVILLE 16,BUNCOMBE|PLANHS|H114|S49,historical_plan_cell_hs,BUNCOMBE - 16.1 ASHEVILLE 16,True
2004,BUNCOMBE,17.1 ASHEVILLE 17,BUNCOMBE|PLANHS|H115|S49,historical_plan_cell_hs,BUNCOMBE - 17.1 ASHEVILLE 17,True
2004,BUNCOMBE,18.1 ASHEVILLE 18,BUNCOMBE|PLANHS|H116|S48,historical_plan_cell_hs,BUNCOMBE - 18.1 ASHEVILLE 18,True
2004,BUNCOMBE,19.1 ASHEVILLE 19,BUNCOMBE|PLANHS|H116|S48,historical_plan_cell_hs,BUNCOMBE - 19.1 ASHEVILLE 19,True
2004,BUNCOMBE,20.1 ASHEVILLE 20,BUNCOMBE|PLANHS|H115|S49,historical_plan_cell_hs,BUNCOMBE - 20.1 ASHEVILLE 20,True
2004,BUNCOMBE,21.1 ASHEVILLE 21,BUNCOMBE|PLANHS|H115|S49,historical_plan_cell_hs,BUNCOMBE - 21.1 ASHEVILLE 21,True
2004,BUNCOMBE,22.1 ASHEVILLE 22,BUNCOMBE|PLANHS|H114|S49,historical_plan_cell_hs,BUNCOMBE - 22.1 ASHEVILLE 22,True
2004,BUNCOMBE,23.1 ASHEVILLE 23,BUNCOMBE|PLANHS|H115|S49,historical_plan_cell_hs,BUNCOMBE - 23.1 ASHEVILLE 23,True
2004,BUNCOMBE,24.1 ASHEVILLE 24,BUNCOMBE|PLANHS|H116|S48,historical_plan_cell_hs,BUNCOMBE - 24.1 ASHEVILLE 24,True
2004,BUNCOMBE,25.1 ASHEVILLE 25,BUNCOMBE|PLANHS|H115|S49,historical_plan_cell_hs,BUNCOMBE - 25.1 ASHEVILLE 25,True
2004,BUNCOMBE,26.1 ASHEVILLE 26,BUNCOMBE|PLANHS|H114|S49,historical_plan_cell_hs,BUNCOMBE - 26.1 ASHEVILLE 26,True
2004,BUNCOMBE,27.1 ASHEVILLE 27,BUNCOMBE|PLANHS|H114|S49,historical_plan_cell_hs,BUNCOMBE - 27.1 ASHEVILLE 27,True
2004,BUNCOMBE,28.1 ASHEVILLE 28,BUNCOMBE|PLANHS|H114|S49,historical_plan_cell_hs,BUNCOMBE - 28.1 ASHEVILLE 28,True
2004,BUNCOMBE,30.1 AVERYS CREEK,BUNCOMBE|PLANHS|H116|S48,historical_plan_cell_hs,BUNCOMBE - 30.1 AVERYS CREEK,True
2004,BUNCOMBE,31.1 BILTMORE FOREST,BUNCOMBE|PLANHS|H116|S48,historical_plan_cell_hs,BUNCOMBE - 31.1 BILTMORE FOREST,True
2004,BUNCOMBE,32.1 BLACK MOUNTAIN 1,BUNCOMBE|PLANHS|H115|S49,historical_plan_cell_hs,BUNCOMBE - 32.1 BLACK MOUNTAIN 1,True
2004,BUNCOMBE,33.1 BLACK MOUNTAIN 2,BUNCOMBE|PLANHS|H115|S49,historical_plan_cell_hs,BUNCOMBE - 33.1 BLACK MOUNTAIN 2,True
2004,BUNCOMBE,34.1 BLACK MOUNTAIN 3,BUNCOMBE|PLANHS|H115|S49,historical_plan_cell_hs,BUNCOMBE - 34.1 BLACK MOUNTAIN 3,True
2004,BUNCOMBE,35.1 BLACK MOUNTAIN 4,BUNCOMBE|PLANHS|H115|S49,historical_plan_cell_hs,BUNCOMBE - 35.1 BLACK MOUNTAIN 4,True
2004,BUNCOMBE,36.1 BLACK MOUNTAIN 5,BUNCOMBE|PLANHS|H115|S49,historical_plan_cell_hs,BUNCOMBE - 36.1 BLACK MOUNTAIN 5,True
2004,BUNCOMBE,37.1 BROAD RIVER,BUNCOMBE|PLANHS|H115|S48,historical_plan_cell_hs,BUNCOMBE - 37.1 BROAD RIVER,True
2004,BUNCOMBE,38.1 FAIRVIEW 1,BUNCOMBE|PLANHS|H115|S48,historical_plan_cell_hs,BUNCOMBE - 38.1 FAIRVIEW 1,True
2004,BUNCOMBE,39.1 FAIRVIEW 2,BUNCOMBE|PLANHS|H115|S48,historical_plan_cell_hs,BUNCOMBE - 39.1 FAIRVIEW 2,True
2004,BUNCOMBE,40.1 FLAT CREEK,BUNCOMBE|PLANHS|H114|S49,historical_plan_cell_hs,BUNCOMBE - 40.1 FLAT CREEK,True
2004,BUNCOMBE,41.1 FRENCH BROAD,BUNCOMBE|PLANHS|H114|S49,historical_plan_cell_hs,BUNCOMBE - 41.1 FRENCH BROAD,True
2004,BUNCOMBE,42.1 HAZEL 1,BUNCOMBE|PLANHS|H116|S49,historical_plan_cell_hs,BUNCOMBE - 42.1 HAZEL 1,True
2004,BUNCOMBE,43.1 HAZEL 2,BUNCOMBE|PLANHS|H116|S49,historical_plan_cell_hs,BUNCOMBE - 43.1 HAZEL 2,True
2004,BUNCOMBE,44.1 LOWER HOMINY 1,BUNCOMBE|PLANHS|H116|S48,historical_plan_cell_hs,BUNCOMBE - 44.1 LOWER HOMINY 1,True
2004,BUNCOMBE,45.1 LOWER HOMINY 2,BUNCOMBE|PLANHS|H116|S49,historical_plan_cell_hs,BUNCOMBE - 45.1 LOWER HOMINY 2,True
2004,BUNCOMBE,46.1 LOWER HOMINY 3,BUNCOMBE|PLANHS|H116|S48,historical_plan_cell_hs,BUNCOMBE - 46.1 LOWER HOMINY 3,True
2004,BUNCOMBE,47.1 UPPER HOMINY 1,BUNCOMBE|PLANHS|H116|S48,historical_plan_cell_hs,BUNCOMBE - 47.1 UPPER HOMINY 1,True
2004,BUNCOMBE,48.1 UPPER HOMINY 2,BUNCOMBE|PLANHS|H116|S49,historical_plan_cell_hs,BUNCOMBE - 48.1 UPPER HOMINY 2,True
2004,BUNCOMBE,49.1 UPPER HOMINY 3,BUNCOMBE|PLANHS|H116|S48,historical_plan_cell_hs,BUNCOMBE - 49.1 UPPER HOMINY 3,True
2004,BUNCOMBE,50.1 IVY 1,BUNCOMBE|PLANHS|H114|S49,historical_plan_cell_hs,BUNCOMBE - 50.1 IVY 1,True
2004,BUNCOMBE,51.1 IVY 2,BUNCOMBE|PLANHS|H114|S49,historical_plan_cell_hs,BUNCOMBE - 51.1 IVY 2,True
2004,BUNCOMBE,52.1 LEICESTER 1,BUNCOMBE|PLANHS|H114|S49,historical_plan_cell_hs,BUNCOMBE - 52.1 LEICESTER 1,True
2004,BUNCOMBE,53.1 LEICESTER 2,BUNCOMBE|PLANHS|H114|S49,historical_plan_cell_hs,BUNCOMBE - 53.1 LEICESTER 2,True
2004,BUNCOMBE,54.1 LIMESTONE 1,BUNCOMBE|PLANHS|H116|S48,historical_plan_cell_hs,BUNCOMBE - 54.1 LIMESTONE 1,True
2004,BUNCOMBE,55.1 LIMESTONE 2,BUNCOMBE|PLANHS|H116|S48,historical_plan_cell_hs,BUNCOMBE - 55.1 LIMESTONE 2,True
2004,BUNCOMBE,56.1 LIMESTONE 3,BUNCOMBE|PLANHS|H116|S48,historical_plan_cell_hs,BUNCOMBE - 56.1 LIMESTONE 3,True
2004,BUNCOMBE,58.1 NORTH BUNCOMBE,BUNCOMBE|PLANHS|H114|S49,historical_plan_cell_hs,BUNCOMBE - 58.1 NORTH BUNCOMBE,True
2004,BUNCOMBE,59.1 REEMS CREEK,BUNCOMBE|PLANHS|H114|S49,historical_plan_cell_hs,BUNCOMBE - 59.1 REEMS CREEK,True
2004,BUNCOMBE,60.1 REYNOLDS,BUNCOMBE|PLANHS|H115|S49,historical_plan_cell_hs,BUNCOMBE - 60.1 REYNOLDS,True
2004,BUNCOMBE,61.1 RICEVILLE 1,BUNCOMBE|PLANHS|H115|S49,historical_plan_cell_hs,BUNCOMBE - 61.1 RICEVILLE 1,True
2004,BUNCOMBE,62.1 RICEVILLE 2,BUNCOMBE|PLANHS|H115|S49,historical_plan_cell_hs,BUNCOMBE - 62.1 RICEVILLE 2,True
2004,BUNCOMBE,63.1 SANDY MUSH,BUNCOMBE|PLANHS|H114|S49,historical_plan_cell_hs,BUNCOMBE - 63.1 SANDY MUSH,True
2004,BUNCOMBE,64.1 SWANNANOA 1,BUNCOMBE|PLANHS|H115|S49,historical_plan_cell_hs,BUNCOMBE - 64.1 SWANNANOA 1,True
2004,BUNCOMBE,65.1 SWANNANOA 2,BUNCOMBE|PLANHS|H115|S49,historical_plan_cell_hs,BUNCOMBE - 65.1 SWANNANOA 2,True
2004,BUNCOMBE,66.1 SWANNANOA 3,BUNCOMBE|PLANHS|H115|S49,historical_plan_cell_hs,BUNCOMBE - 66.1 SWANNANOA 3,True
2004,BUNCOMBE,67.1 WEAVERVILLE,BUNCOMBE|PLANHS|H114|S49,historical_plan_cell_hs,BUNCOMBE - 67.1 WEAVERVILLE,True
2004,BUNCOMBE,69.1 WEST BUNCOMBE 2,BUNCOMBE|PLANHS|H116|S49,historical_plan_cell_hs,BUNCOMBE - 69.1 WEST BUNCOMBE 2,True
2004,BUNCOMBE,70.1 WOODFIN,BUNCOMBE|PLANHS|H116|S49,historical_plan_cell_hs,BUNCOMBE - 70.1 WOODFIN,True
2004,BUNCOMBE,71.1 WOODLAND HILLS,BUNCOMBE|PLANHS|H114|S49,historical_plan_cell_hs,BUNCOMBE - 71.1 WOODLAND HILLS,True
2004,CUMBERLAND,AH49 ARRAN HILLS,CUMBERLAND|PLANHS|H44|S19,historical_plan_cell_hs,CUMBERLAND - AH49 ARRAN HILLS,True
2004,CUMBERLAND,AL51 ALDERMAN,CUMBERLAND|VTDAL51,direct_sf1_vtd,CUMBERLAND - AL51 ALDERMAN,True
2004,CUMBERLAND,AU50 AUMAN,CUMBERLAND|VTDAU50,direct_sf1_vtd,CUMBERLAND - AU50 AUMAN,True
2004,CUMBERLAND,BD52 BEAVER DAM,CUMBERLAND|VTDBD52,direct_sf1_vtd,CUMBERLAND - BD52 BEAVER DAM,True
2004,CUMBERLAND,BR54 BLACK RIVER,CUMBERLAND|VTDBR54,direct_sf1_vtd,CUMBERLAND - BR54 BLACK RIVER,True
2004,CUMBERLAND,BW55 BRENTWOOD,CUMBERLAND|VTDBW55,direct_sf1_vtd,CUMBERLAND - BW55 BRENTWOOD,True
2004,CUMBERLAND,CC01 CROSS CREEK #01,CUMBERLAND|PLANHS|H43|S19,historical_plan_cell_hs,CUMBERLAND - CC01 CROSS CREEK #01,True
2004,CUMBERLAND,CC02 CROSS CREEK #02,CUMBERLAND|PLANHS|H45|S19,historical_plan_cell_hs,CUMBERLAND - CC02 CROSS CREEK #02,True
2004,CUMBERLAND,CC04 CROSS CREEK #04,CUMBERLAND|PLANHS|H44|S21,historical_plan_cell_hs,CUMBERLAND - CC04 CROSS CREEK #04,True
2004,CUMBERLAND,CC05 CROSS CREEK #05,CUMBERLAND|PLANHS|H43|S21,historical_plan_cell_hs,CUMBERLAND - CC05 CROSS CREEK #05,True
2004,CUMBERLAND,CC06 CROSS CREEK #06,CUMBERLAND|PLANHS|H44|S21,historical_plan_cell_hs,CUMBERLAND - CC06 CROSS CREEK #06,True
2004,CUMBERLAND,CC07 CROSS CREEK #07,CUMBERLAND|PLANHS|H44|S21,historical_plan_cell_hs,CUMBERLAND - CC07 CROSS CREEK #07,True
2004,CUMBERLAND,CC08 CROSS CREEK #08,CUMBERLAND|PLANHS|H44|S19,historical_plan_cell_hs,CUMBERLAND - CC08 CROSS CREEK #08,True
2004,CUMBERLAND,CC09 CROSS CREEK #09,CUMBERLAND|PLANHS|H43|S21,historical_plan_cell_hs,CUMBERLAND - CC09 CROSS CREEK #09,True
2004,CUMBERLAND,CC10 CROSS CREEK #10,CUMBERLAND|VTDCC10,direct_sf1_vtd,CUMBERLAND - CC10 CROSS CREEK #10,True
2004,CUMBERLAND,CC11 CROSS CREEK #11,CUMBERLAND|VTDCC11,direct_sf1_vtd,CUMBERLAND - CC11 CROSS CREEK #11,True
2004,CUMBERLAND,CC12 CROSS CREEK #12,CUMBERLAND|VTDCC12,direct_sf1_vtd,CUMBERLAND - CC12 CROSS CREEK #12,True
2004,CUMBERLAND,CC13 CROSS CREEK #13,CUMBERLAND|VTDCC13,direct_sf1_vtd,CUMBERLAND - CC13 CROSS CREEK #13,True
2004,CUMBERLAND,CC14 CROSS CREEK #14,CUMBERLAND|VTDCC14,direct_sf1_vtd,CUMBERLAND - CC14 CROSS CREEK #14,True
2004,CUMBERLAND,CC15 CROSS CREEK #15,CUMBERLAND|VTDCC15,direct_sf1_vtd,CUMBERLAND - CC15 CROSS CREEK #15,True
2004,CUMBERLAND,CC16 CROSS CREEK #16,CUMBERLAND|VTDCC16,direct_sf1_vtd,CUMBERLAND - CC16 CROSS CREEK #16,True
2004,CUMBERLAND,CC17 CROSS CREEK #17,CUMBERLAND|VTDCC17,direct_sf1_vtd,CUMBERLAND - CC17 CROSS CREEK #17,True
2004,CUMBERLAND,CC18 CROSS CREEK #18,CUMBERLAND|VTDCC18,direct_sf1_vtd,CUMBERLAND - CC18 CROSS CREEK #18,True
2004,CUMBERLAND,CC19 CROSS CREEK #19,CUMBERLAND|VTDCC19,direct_sf1_vtd,CUMBERLAND - CC19 CROSS CREEK #19,True
2004,CUMBERLAND,CC20 CROSS CREEK #20,CUMBERLAND|VTDCC20,direct_sf1_vtd,CUMBERLAND - CC20 CROSS CREEK #20,True
2004,CUMBERLAND,CC21 CROSS CREEK #21,CUMBERLAND|VTDCC21,direct_sf1_vtd,CUMBERLAND - CC21 CROSS CREEK #21,True
2004,CUMBERLAND,CC22 CROSS CREEK #22,CUMBERLAND|VTDCC22,direct_sf1_vtd,CUMBERLAND - CC22 CROSS CREEK #22,True
2004,CUMBERLAND,CC23 CROSS CREEK #23,CUMBERLAND|VTDCC23,direct_sf1_vtd,CUMBERLAND - CC23 CROSS CREEK #23,True
2004,CUMBERLAND,CC24 CROSS CREEK #24,CUMBERLAND|VTDCC24,direct_sf1_vtd,CUMBERLAND - CC24 CROSS CREEK #24,True
2004,CUMBERLAND,CC25 CROSS CREEK #25,CUMBERLAND|VTDCC25,direct_sf1_vtd,CUMBERLAND - CC25 CROSS CREEK #25,True
2004,CUMBERLAND,CC26 CROSS CREEK #26,CUMBERLAND|VTDCC26,direct_sf1_vtd,CUMBERLAND - CC26 CROSS CREEK #26,True
2004,CUMBERLAND,CC27 CROSS CREEK #27,CUMBERLAND|VTDCC27,direct_sf1_vtd,CUMBERLAND - CC27 CROSS CREEK #27,True
2004,CUMBERLAND,CC28 CROSS CREEK #28,CUMBERLAND|VTDCC28,direct_sf1_vtd,CUMBERLAND - CC28 CROSS CREEK #28,True
2004,CUMBERLAND,CC29 CROSS CREEK #29,CUMBERLAND|VTDCC29,direct_sf1_vtd,CUMBERLAND - CC29 CROSS CREEK #29,True
2004,CUMBERLAND,CC30 CROSS CREEK #30,CUMBERLAND|VTDCC30,direct_sf1_vtd,CUMBERLAND - CC30 CROSS CREEK #30,True
2004,CUMBERLAND,CC31 CROSS CREEK #31,CUMBERLAND|VTDCC31,direct_sf1_vtd,CUMBERLAND - CC31 CROSS CREEK #31,True
2004,CUMBERLAND,CC32 CROSS CREEK #32,CUMBERLAND|VTDCC32,direct_sf1_vtd,CUMBERLAND - CC32 CROSS CREEK #32,True
2004,CUMBERLAND,CC33 CROSS CREEK #33,CUMBERLAND|VTDCC33,direct_sf1_vtd,CUMBERLAND - CC33 CROSS CREEK #33,True
2004,CUMBERLAND,CC34 CROSS CREEK #34,CUMBERLAND|VTDCC34,direct_sf1_vtd,CUMBERLAND - CC34 CROSS CREEK #34,True
2004,CUMBERLAND,CC56 CEDAR CREEK,CUMBERLAND|VTDCC56,direct_sf1_vtd,CUMBERLAND - CC56 CEDAR CREEK,True
2004,CUMBERLAND,CL57 CLIFFDALE WEST,CUMBERLAND|VTDCL57,direct_sf1_vtd,CUMBERLAND - CL57 CLIFFDALE WEST,True
2004,CUMBERLAND,CU02 CUMBERLAND #2,CUMBERLAND|PLANHS|H44|S19,historical_plan_cell_hs,CUMBERLAND - CU02 CUMBERLAND #2,True
2004,CUMBERLAND,CU03 CUMBERLAND #3,CUMBERLAND|PLANHS|H45|S19,historical_plan_cell_hs,CUMBERLAND - CU03 CUMBERLAND #3,True
2004,CUMBERLAND,EO61 EASTOVER,CUMBERLAND|VTDEO61,direct_sf1_vtd,CUMBERLAND - EO61 EASTOVER,True
2004,CUMBERLAND,HM03 HOPE MILLS #3,CUMBERLAND|PLANHS|H45|S19,historical_plan_cell_hs,CUMBERLAND - HM03 HOPE MILLS #3,True
2004,CUMBERLAND,JV64 JUDSON-VANDER,CUMBERLAND|VTDJV64,direct_sf1_vtd,CUMBERLAND - JV64 JUDSON-VANDER,True
2004,CUMBERLAND,LI65 LINDEN,CUMBERLAND|VTDLI65,direct_sf1_vtd,CUMBERLAND - LI65 LINDEN,True
2004,CUMBERLAND,LO66 LONG HILL,CUMBERLAND|VTDLO66,direct_sf1_vtd,CUMBERLAND - LO66 LONG HILL,True
2004,CUMBERLAND,LR63 LAKE RIM,CUMBERLAND|VTDLR63,direct_sf1_vtd,CUMBERLAND - LR63 LAKE RIM,True
2004,CUMBERLAND,MA67 MANCHESTER,CUMBERLAND|VTDMA67,direct_sf1_vtd,CUMBERLAND - MA67 MANCHESTER,True
2004,CUMBERLAND,MB62 MONTIBELLO,CUMBERLAND|VTDMB62,direct_sf1_vtd,CUMBERLAND - MB62 MONTIBELLO,True
2004,CUMBERLAND,MR02 MORGANTON RD #2,CUMBERLAND|PLANHS|H44|S21,historical_plan_cell_hs,CUMBERLAND - MR02 MORGANTON RD #2,True
2004,CUMBERLAND,PM02 PEARCES MILL #2,CUMBERLAND|PLANHS|H45|S19,historical_plan_cell_hs,CUMBERLAND - PM02 PEARCES MILL #2,True
2004,CUMBERLAND,PM03 PEARCES MILL #3,CUMBERLAND|PLANHS|H45|S19,historical_plan_cell_hs,CUMBERLAND - PM03 PEARCES MILL #3,True
2004,CUMBERLAND,PM04 PEARCES MILL #4,CUMBERLAND|PLANHS|H45|S19,historical_plan_cell_hs,CUMBERLAND - PM04 PEARCES MILL #4,True
2004,CUMBERLAND,SH77 SHERWOOD,CUMBERLAND|VTDSH77,direct_sf1_vtd,CUMBERLAND - SH77 SHERWOOD,True
2004,CUMBERLAND,SL78 SPRING LAKE,CUMBERLAND|VTDSL78,direct_sf1_vtd,CUMBERLAND - SL78 SPRING LAKE,True
2004,CUMBERLAND,SP80 STONEY POINT,CUMBERLAND|VTDSP80,direct_sf1_vtd,CUMBERLAND - SP80 STONEY POINT,True
2004,CUMBERLAND,ST79 STEDMAN,CUMBERLAND|VTDST79,direct_sf1_vtd,CUMBERLAND - ST79 STEDMAN,True
2004,CUMBERLAND,WA81 WADE,CUMBERLAND|VTDWA81,direct_sf1_vtd,CUMBERLAND - WA81 WADE,True
2004,CUMBERLAND,WE82 WESTAREA,CUMBERLAND|VTDWE82,direct_sf1_vtd,CUMBERLAND - WE82 WESTAREA,True
2004,FORSYTH,011 GLENN HIGH SCHOOL,FORSYTH|VTD11,direct_sf1_vtd,FORSYTH - 011 GLENN HIGH SCHOOL,False
2004,FORSYTH,012 UNION CROSS ELEM SCHOOL,FORSYTH|VTD12,direct_sf1_vtd,FORSYTH - 012 UNION CROSS ELEM SCHOOL,False
2004,FORSYTH,013 SEDGE GARDEN ELEM SCH,FORSYTH|VTD13,direct_sf1_vtd,FORSYTH - 013 SEDGE GARDEN ELEM SCH,False
2004,FORSYTH,014 BEESONS CROSSROADS FIRE,FORSYTH|VTD14,direct_sf1_vtd,FORSYTH - 014 BEESONS CROSSROADS FIRE,False
2004,FORSYTH,015 SOUTHEAST MIDDLE SCHOOL,FORSYTH|VTD15,direct_sf1_vtd,FORSYTH - 015 SOUTHEAST MIDDLE SCHOOL,False
2004,FORSYTH,021 BELEWS CREEEK FIRE STATION,FORSYTH|VTD21,direct_sf1_vtd,FORSYTH - 021 BELEWS CREEEK FIRE STATION,False
2004,FORSYTH,031 RURAL HALL ELEM SCHOOL,FORSYTH|VTD31,direct_sf1_vtd,FORSYTH - 031 RURAL HALL ELEM SCHOOL,False
2004,FORSYTH,032 NORTHWEST MIDDLE SCHOOL,FORSYTH|VTD32,direct_sf1_vtd,FORSYTH - 032 NORTHWEST MIDDLE SCHOOL,False
2004,FORSYTH,033 ST ANDREWS PRES CHURCH,FORSYTH|VTD33,direct_sf1_vtd,FORSYTH - 033 ST ANDREWS PRES CHURCH,False
2004,FORSYTH,034 KINGSWOOD UNITED METH,FORSYTH|VTD34,direct_sf1_vtd,FORSYTH - 034 KINGSWOOD UNITED METH,False
2004,FORSYTH,042 FELLOWSHIP BAPT CHURCH,FORSYTH|VTD42,direct_sf1_vtd,FORSYTH - 042 FELLOWSHIP BAPT CHURCH,False
2004,FORSYTH,043 FRIEDLAND MORAV CHURCH,FORSYTH|VTD43,direct_sf1_vtd,FORSYTH - 043 FRIEDLAND MORAV CHURCH,False
2004,FORSYTH,051 CLEMMONS ELEM SCHOOL,FORSYTH|VTD51,direct_sf1_vtd,FORSYTH - 051 CLEMMONS ELEM SCHOOL,False
2004,FORSYTH,052 CLEMMONS PRES CHURCH,FORSYTH|VTD52,direct_sf1_vtd,FORSYTH - 052 CLEMMONS PRES CHURCH,False
2004,FORSYTH,053 VFW POST 9010,FORSYTH|VTD53,direct_sf1_vtd,FORSYTH - 053 VFW POST 9010,False
2004,FORSYTH,054 CLEMMONS CIVIC CENTER,FORSYTH|VTD54,direct_sf1_vtd,FORSYTH - 054 CLEMMONS CIVIC CENTER,False
2004,FORSYTH,055 HOLY FAMILY CATHOLIC CHURCH,FORSYTH|VTD55,direct_sf1_vtd,FORSYTH - 055 HOLY FAMILY CATHOLIC CHURCH,False
2004,FORSYTH,061 KERNERSVILLE LIBRARY,FORSYTH|VTD61,direct_sf1_vtd,FORSYTH - 061 KERNERSVILLE LIBRARY,False
2004,FORSYTH,062 PINEY GROVE FIRE STATION,FORSYTH|VTD62,direct_sf1_vtd,FORSYTH - 062 PINEY GROVE FIRE STATION,False
2004,FORSYTH,063 CASH ELEMENTARY SCHOOL,FORSYTH|VTD63,direct_sf1_vtd,FORSYTH - 063 CASH ELEMENTARY SCHOOL,False
2004,FORSYTH,064 KERNERSVILLE ELEM SCHOOL,FORSYTH|VTD64,direct_sf1_vtd,FORSYTH - 064 KERNERSVILLE ELEM SCHOOL,False
2004,FORSYTH,065 ROBINWOOD AT KERNERSVILLE,FORSYTH|VTD65,direct_sf1_vtd,FORSYTH - 065 ROBINWOOD AT KERNERSVILLE,False
2004,FORSYTH,066 PINEY GROVE ELEMENTARY,FORSYTH|VTD66,direct_sf1_vtd,FORSYTH - 066 PINEY GROVE ELEMENTARY,False
2004,FORSYTH,067 KERNERSVILLE RECREATION,FORSYTH|VTD67,direct_sf1_vtd,FORSYTH - 067 KERNERSVILLE RECREATION,False
2004,FORSYTH,068 GOOD SHEPHERD MO,FORSYTH|VTD68,direct_sf1_vtd,FORSYTH - 068 GOOD SHEPHERD MO,False
2004,FORSYTH,071 LEWISVILLE ELEMENTARY,FORSYTH|VTD71,direct_sf1_vtd,FORSYTH - 071 LEWISVILLE ELEMENTARY,False
2004,FORSYTH,072 SOUTHWEST ELEM SCHOOL,FORSYTH|VTD72,direct_sf1_vtd,FORSYTH - 072 SOUTHWEST ELEM SCHOOL,False
2004,FORSYTH,073 UNITY MORAVIAN CHURCH,FORSYTH|VTD73,direct_sf1_vtd,FORSYTH - 073 UNITY MORAVIAN CHURCH,False
2004,FORSYTH,074 MEADOWLARK MIDDLE SCHOOL,FORSYTH|VTD74,direct_sf1_vtd,FORSYTH - 074 MEADOWLARK MIDDLE SCHOOL,False
2004,FORSYTH,075 LEWISVILLE LIBRARY,FORSYTH|VTD75,direct_sf1_vtd,FORSYTH - 075 LEWISVILLE LIBRARY,False
2004,FORSYTH,081 OAK SUMMIT UNITED METHODIST,FORSYTH|VTD81,direct_sf1_vtd,FORSYTH - 081 OAK SUMMIT UNITED METHODIST,False
2004,FORSYTH,082 EAST FORSYTH HIGH SCHOOL,FORSYTH|VTD82,direct_sf1_vtd,FORSYTH - 082 EAST FORSYTH HIGH SCHOOL,False
2004,FORSYTH,083 IBRAHAM ELEM SCHOOL,FORSYTH|VTD83,direct_sf1_vtd,FORSYTH - 083 IBRAHAM ELEM SCHOOL,False
2004,FORSYTH,091 TOBACCOVILLE COMMUNITY C ENTER,FORSYTH|VTD91,direct_sf1_vtd,FORSYTH - 091 TOBACCOVILLE COMMUNITY C ENTER,False
2004,FORSYTH,092 MACEDONIA BAPT CHURCH,FORSYTH|VTD92,direct_sf1_vtd,FORSYTH - 092 MACEDONIA BAPT CHURCH,False
2004,FORSYTH,101 BETHANIA MORAV CHURCH,FORSYTH|VTD101,direct_sf1_vtd,FORSYTH - 101 BETHANIA MORAV CHURCH,False
2004,FORSYTH,111 PROVIDENCE MORAVIAN CHURCH,FORSYTH|VTD111,direct_sf1_vtd,FORSYTH - 111 PROVIDENCE MORAVIAN CHURCH,False
2004,FORSYTH,112 WALKERTOWN LIBRARY,FORSYTH|VTD112,direct_sf1_vtd,FORSYTH - 112 WALKERTOWN LIBRARY,False
2004,FORSYTH,122 GRIFFITH FIRE STATION,FORSYTH|VTD122,direct_sf1_vtd,FORSYTH - 122 GRIFFITH FIRE STATION,False
2004,FORSYTH,123 FORSYTH FRIENDS MTG HSE,FORSYTH|VTD123,direct_sf1_vtd,FORSYTH - 123 FORSYTH FRIENDS MTG HSE,False
2004,FORSYTH,131 VIENNA ELEMENTARY SCHOOL,FORSYTH|VTD131,direct_sf1_vtd,FORSYTH - 131 VIENNA ELEMENTARY SCHOOL,False
2004,FORSYTH,132 PFAFFTOWN CHRISTIAN,FORSYTH|VTD132,direct_sf1_vtd,FORSYTH - 132 PFAFFTOWN CHRISTIAN,False
2004,FORSYTH,133 SHILOH LUTHERAN CHURCH,FORSYTH|VTD133,direct_sf1_vtd,FORSYTH - 133 SHILOH LUTHERAN CHURCH,False
2004,FORSYTH,201 BROWN DOUGLAS RECREATION,FORSYTH|VTD201,direct_sf1_vtd,FORSYTH - 201 BROWN DOUGLAS RECREATION,False
2004,FORSYTH,203 MARTIN LUTHER KING REC,FORSYTH|VTD203,direct_sf1_vtd,FORSYTH - 203 MARTIN LUTHER KING REC,False
2004,FORSYTH,204 JOEL/VETERANS COLISEUM,FORSYTH|VTD204,direct_sf1_vtd,FORSYTH - 204 JOEL/VETERANS COLISEUM,False
2004,FORSYTH,205 PAISLEY MIDDLE SCHOOL,FORSYTH|VTD205,direct_sf1_vtd,FORSYTH - 205 PAISLEY MIDDLE SCHOOL,False
2004,FORSYTH,206 NORTH HILLS ELEMENTARY SCHOOL,FORSYTH|VTD206,direct_sf1_vtd,FORSYTH - 206 NORTH HILLS ELEMENTARY SCHOOL,True
2004,FORSYTH,207 NEW HOPE UNITED METH,FORSYTH|VTD207,direct_sf1_vtd,FORSYTH - 207 NEW HOPE UNITED METH,False
2004,FORSYTH,301 ASHLEY ELEMENTARY SCHOOL,FORSYTH|VTD301,direct_sf1_vtd,FORSYTH - 301 ASHLEY ELEMENTARY SCHOOL,False
2004,FORSYTH,302 HANES/LOWRANCE MIDDLE SCHOOL,FORSYTH|VTD302,direct_sf1_vtd,FORSYTH - 302 HANES/LOWRANCE MIDDLE SCHOOL,False
2004,FORSYTH,303 PRAISE ASSEMBLY OF GOD,FORSYTH|VTD303,direct_sf1_vtd,FORSYTH - 303 PRAISE ASSEMBLY OF GOD,False
2004,FORSYTH,304 FORSYTH TECH CC WOODRUFF CTR,FORSYTH|VTD304,direct_sf1_vtd,FORSYTH - 304 FORSYTH TECH CC WOODRUFF CTR,False
2004,FORSYTH,305 CARVER HIGH SCHOOL,FORSYTH|VTD305,direct_sf1_vtd,FORSYTH - 305 CARVER HIGH SCHOOL,False
2004,FORSYTH,306 MINERAL SPRINGS ELEM SCHOOL,FORSYTH|VTD306,direct_sf1_vtd,FORSYTH - 306 MINERAL SPRINGS ELEM SCHOOL,False
2004,FORSYTH,401 WINSTON LAKE FAM YMCA,FORSYTH|VTD401,direct_sf1_vtd,FORSYTH - 401 WINSTON LAKE FAM YMCA,False
2004,FORSYTH,402 14TH STREET RECREATION,FORSYTH|VTD402,direct_sf1_vtd,FORSYTH - 402 14TH STREET RECREATION,False
2004,FORSYTH,403 LEAP ACADEMY AT KENNEDY,FORSYTH|VTD403,direct_sf1_vtd,FORSYTH - 403 LEAP ACADEMY AT KENNEDY,False
2004,FORSYTH,404 EAST WINSTON HERITAGE CENTER,FORSYTH|VTD404,direct_sf1_vtd,FORSYTH - 404 EAST WINSTON HERITAGE CENTER,False
2004,FORSYTH,405 SIMS RECREATION CENTER,FORSYTH|VTD405,direct_sf1_vtd,FORSYTH - 405 SIMS RECREATION CENTER,False
2004,FORSYTH,501 ST ANDREWS METHODIST CHURCH,FORSYTH|VTD501,direct_sf1_vtd,FORSYTH - 501 ST ANDREWS METHODIST CHURCH,False
2004,FORSYTH,502 FOREST PARK ELEMENTARY,FORSYTH|VTD502,direct_sf1_vtd,FORSYTH - 502 FOREST PARK ELEMENTARY,False
2004,FORSYTH,503 TRINITY MORAV CHURCH,FORSYTH|VTD503,direct_sf1_vtd,FORSYTH - 503 TRINITY MORAV CHURCH,False
2004,FORSYTH,504 HILL MIDDLE SCHOOL,FORSYTH|VTD504,direct_sf1_vtd,FORSYTH - 504 HILL MIDDLE SCHOOL,False
2004,FORSYTH,505 EASTON ELEMENTARY,FORSYTH|VTD505,direct_sf1_vtd,FORSYTH - 505 EASTON ELEMENTARY,False
2004,FORSYTH,506 COVENANT PRESBYTERIAN,FORSYTH|VTD506,direct_sf1_vtd,FORSYTH - 506 COVENANT PRESBYTERIAN,False
2004,FORSYTH,507 SEDGE GARDEN RECREATION,FORSYTH|VTD507,direct_sf1_vtd,FORSYTH - 507 SEDGE GARDEN RECREATION,False
2004,FORSYTH,601 PIEDMONT BAPTIST COLLEGE,FORSYTH|VTD601,direct_sf1_vtd,FORSYTH - 601 PIEDMONT BAPTIST COLLEGE,False
2004,FORSYTH,602 FIRST ALLIANCE CHURCH,FORSYTH|VTD602,direct_sf1_vtd,FORSYTH - 602 FIRST ALLIANCE CHURCH,False
2004,FORSYTH,603 LATHAM ELEMENTARY,FORSYTH|VTD603,direct_sf1_vtd,FORSYTH - 603 LATHAM ELEMENTARY,False
2004,FORSYTH,604 WSFC SCHOOLS ADMINISTRATION BLDG,FORSYTH|VTD604,direct_sf1_vtd,FORSYTH - 604 WSFC SCHOOLS ADMINISTRATION BLDG,False
2004,FORSYTH,605 PARKLAND HIGH SCHOOL,FORSYTH|VTD605,direct_sf1_vtd,FORSYTH - 605 PARKLAND HIGH SCHOOL,False
2004,FORSYTH,606 PHILO MIDDLE SCHOOL,FORSYTH|VTD606,direct_sf1_vtd,FORSYTH - 606 PHILO MIDDLE SCHOOL,False
2004,FORSYTH,607 WESTVIEW BAPTIST CHURCH,FORSYTH|VTD607,direct_sf1_vtd,FORSYTH - 607 WESTVIEW BAPTIST CHURCH,False
2004,FORSYTH,701 FIRST CHRISTIAN CHURCH,FORSYTH|VTD701,direct_sf1_vtd,FORSYTH - 701 FIRST CHRISTIAN CHURCH,False
2004,FORSYTH,702 MILLER PARK RECREATION,FORSYTH|VTD702,direct_sf1_vtd,FORSYTH - 702 MILLER PARK RECREATION,False
2004,FORSYTH,703 ARDMORE BAPTIST CHURCH,FORSYTH|VTD703,direct_sf1_vtd,FORSYTH - 703 ARDMORE BAPTIST CHURCH,False
2004,FORSYTH,704 PARKWAY UNITED CHURCH,FORSYTH|VTD704,direct_sf1_vtd,FORSYTH - 704 PARKWAY UNITED CHURCH,False
2004,FORSYTH,705 FORSYTH TECH WEST,FORSYTH|VTD705,direct_sf1_vtd,FORSYTH - 705 FORSYTH TECH WEST,False
2004,FORSYTH,706 SOUTH FORK ELEMENTARY,FORSYTH|VTD706,direct_sf1_vtd,FORSYTH - 706 SOUTH FORK ELEMENTARY,False
2004,FORSYTH,707 GREEK ORTHODOX CHURCH,FORSYTH|VTD707,direct_sf1_vtd,FORSYTH - 707 GREEK ORTHODOX CHURCH,False
2004,FORSYTH,708 LITTLE CREEEK REC CTR,FORSYTH|VTD708,direct_sf1_vtd,FORSYTH - 708 LITTLE CREEEK REC CTR,False
2004,FORSYTH,709 WARD ELEMENTARY SCHOOL,FORSYTH|VTD709,direct_sf1_vtd,FORSYTH - 709 WARD ELEMENTARY SCHOOL,False
2004,FORSYTH,801 POLO PARK RECREATION,FORSYTH|VTD801,direct_sf1_vtd,FORSYTH - 801 POLO PARK RECREATION,False
2004,FORSYTH,802 SUMMIT SCHOOL,FORSYTH|VTD802,direct_sf1_vtd,FORSYTH - 802 SUMMIT SCHOOL,False
2004,FORSYTH,803 WHITAKER ELEMENTARY,FORSYTH|VTD803,direct_sf1_vtd,FORSYTH - 803 WHITAKER ELEMENTARY,False
2004,FORSYTH,804 SHERWOOD FOREST ELEM SCHOOL,FORSYTH|VTD804,direct_sf1_vtd,FORSYTH - 804 SHERWOOD FOREST ELEM SCHOOL,False
2004,FORSYTH,805 MESSIAH MORAV CHURCH,FORSYTH|VTD805,direct_sf1_vtd,FORSYTH - 805 MESSIAH MORAV CHURCH,False
2004,FORSYTH,806 TRINITY UNITED METH,FORSYTH|VTD806,direct_sf1_vtd,FORSYTH - 806 TRINITY UNITED METH,False
2004,FORSYTH,807 CALVARY BAPTIST CHURCH - BOY SCOUT HUT,FORSYTH|VTD807,direct_sf1_vtd,FORSYTH - 807 CALVARY BAPTIST CHURCH - BOY SCOUT HUT,False
2004,FORSYTH,808 COUNTRY CLUB FIRE,FORSYTH|VTD808,direct_sf1_vtd,FORSYTH - 808 COUNTRY CLUB FIRE,True
2004,FORSYTH,809 JEFFERSON MIDDLE,FORSYTH|VTD809,direct_sf1_vtd,FORSYTH - 809 JEFFERSON MIDDLE,False
2004,FORSYTH,901 REYNOLDS HIGH GIRLS GYM,FORSYTH|VTD901,direct_sf1_vtd,FORSYTH - 901 REYNOLDS HIGH GIRLS GYM,False
2004,FORSYTH,902 BRUNSON ELEMENTARY,FORSYTH|VTD902,direct_sf1_vtd,FORSYTH - 902 BRUNSON ELEMENTARY,False
2004,FORSYTH,903 HANES COMMUNITY CTR,FORSYTH|VTD903,direct_sf1_vtd,FORSYTH - 903 HANES COMMUNITY CTR,False
2004,FORSYTH,904 MISSION HISPANIA,FORSYTH|VTD904,direct_sf1_vtd,FORSYTH - 904 MISSION HISPANIA,False
2004,FORSYTH,905 BETHABARA MORAVIAN,FORSYTH|VTD905,direct_sf1_vtd,FORSYTH - 905 BETHABARA MORAVIAN,False
2004,FORSYTH,906 MT TABOR HIGH SCHOOL,FORSYTH|VTD906,direct_sf1_vtd,FORSYTH - 906 MT TABOR HIGH SCHOOL,True
2004,FORSYTH,907 ST ANNS EPISCOPAL,FORSYTH|VTD907,direct_sf1_vtd,FORSYTH - 907 ST ANNS EPISCOPAL,False
2004,FORSYTH,908 OLD TOWN BAPTIST,FORSYTH|VTD908,direct_sf1_vtd,FORSYTH - 908 OLD TOWN BAPTIST,False
2004,FORSYTH,909 OLD TOWN RECREATION,FORSYTH|VTD909,direct_sf1_vtd,FORSYTH - 909 OLD TOWN RECREATION,False
2004,GASTON,01 YORK CHESTER,GASTON|VTD1,direct_sf1_vtd,GASTON - 01 YORK CHESTER,True
2004,GASTON,02 VICTORY,GASTON|VTD2,direct_sf1_vtd,GASTON - 02 VICTORY,True
2004,GASTON,03 PLEASANT RIDGE,GASTON|VTD3,direct_sf1_vtd,GASTON - 03 PLEASANT RIDGE,True
2004,GASTON,04 FOREST HEIGHTS,GASTON|VTD4,direct_sf1_vtd,GASTON - 04 FOREST HEIGHTS,True
2004,GASTON,05 HEALTH CENTER,GASTON|VTD5,direct_sf1_vtd,GASTON - 05 HEALTH CENTER,True
2004,GASTON,06 MYRTLE,GASTON|VTD6,direct_sf1_vtd,GASTON - 06 MYRTLE,True
2004,GASTON,07 HIGHLAND,GASTON|VTD7,direct_sf1_vtd,GASTON - 07 HIGHLAND,True
2004,GASTON,08 WOODHILL,GASTON|VTD8,direct_sf1_vtd,GASTON - 08 WOODHILL,True
2004,GASTON,09 GRIER,GASTON|VTD9,direct_sf1_vtd,GASTON - 09 GRIER,True
2004,GASTON,10 SHERWOOD,GASTON|VTD10,direct_sf1_vtd,GASTON - 10 SHERWOOD,True
2004,GASTON,11 ARMSTRONG,GASTON|VTD11,direct_sf1_vtd,GASTON - 11 ARMSTRONG,True
2004,GASTON,12 FLINT GROVES,GASTON|VTD12,direct_sf1_vtd,GASTON - 12 FLINT GROVES,True
2004,GASTON,13 RANLO,GASTON|VTD13,direct_sf1_vtd,GASTON - 13 RANLO,True
2004,GASTON,14 GARDNER PARK,GASTON|VTD14,direct_sf1_vtd,GASTON - 14 GARDNER PARK,True
2004,GASTON,15 ROBINSON #1,GASTON|VTD15,direct_sf1_vtd,GASTON - 15 ROBINSON #1,True
2004,GASTON,16 GASTON DAY,GASTON|VTD16,direct_sf1_vtd,GASTON - 16 GASTON DAY,True
2004,GASTON,17 ROBINSON #2,GASTON|VTD17,direct_sf1_vtd,GASTON - 17 ROBINSON #2,True
2004,GASTON,18 ASHBROOK,GASTON|VTD18,direct_sf1_vtd,GASTON - 18 ASHBROOK,True
2004,GASTON,19 SOUTH GASTONIA,GASTON|VTD19,direct_sf1_vtd,GASTON - 19 SOUTH GASTONIA,True
2004,GASTON,20 BESSEMER CITY #1,GASTON|VTD20,direct_sf1_vtd,GASTON - 20 BESSEMER CITY #1,True
2004,GASTON,21 BESSEMER CITY #2,GASTON|VTD21,direct_sf1_vtd,GASTON - 21 BESSEMER CITY #2,True
2004,GASTON,22 CROWDERS MOUNTAIN,GASTON|VTD22,direct_sf1_vtd,GASTON - 22 CROWDERS MOUNTAIN,True
2004,GASTON,23 BELMONT #1,GASTON|VTD23,direct_sf1_vtd,GASTON - 23 BELMONT #1,True
2004,GASTON,24 BELMONT #2,GASTON|VTD24,direct_sf1_vtd,GASTON - 24 BELMONT #2,True
2004,GASTON,25 BELMONT #3,GASTON|VTD25,direct_sf1_vtd,GASTON - 25 BELMONT #3,True
2004,GASTON,26 CATAWBA HEIGHTS,GASTON|VTD26,direct_sf1_vtd,GASTON - 26 CATAWBA HEIGHTS,True
2004,GASTON,27 SOUTH POINT,GASTON|VTD27,direct_sf1_vtd,GASTON - 27 SOUTH POINT,True
2004,GASTON,28 CRAMERTON,GASTON|VTD28,direct_sf1_vtd,GASTON - 28 CRAMERTON,True
2004,GASTON,29 NEW HOPE,GASTON|VTD29,direct_sf1_vtd,GASTON - 29 NEW HOPE,True
2004,GASTON,30 MCADENVILLE,GASTON|VTD30,direct_sf1_vtd,GASTON - 30 MCADENVILLE,True
2004,GASTON,31 UNION,GASTON|VTD31,direct_sf1_vtd,GASTON - 31 UNION,True
2004,GASTON,32 LOWELL,GASTON|VTD32,direct_sf1_vtd,GASTON - 32 LOWELL,True
2004,GASTON,33 TRYON,GASTON|VTD33,direct_sf1_vtd,GASTON - 33 TRYON,True
2004,GASTON,34 LANDERS CHAPEL,GASTON|VTD34,direct_sf1_vtd,GASTON - 34 LANDERS CHAPEL,True
2004,GASTON,35 CHERRYVILLE #1,GASTON|VTD35,direct_sf1_vtd,GASTON - 35 CHERRYVILLE #1,True
2004,GASTON,36 CHERRYVILLE #2,GASTON|VTD36,direct_sf1_vtd,GASTON - 36 CHERRYVILLE #2,True
2004,GASTON,37 CHERRYVILLE #3,GASTON|VTD37,direct_sf1_vtd,GASTON - 37 CHERRYVILLE #3,True
2004,GASTON,38 HIGH SHOALS,GASTON|VTD38,direct_sf1_vtd,GASTON - 38 HIGH SHOALS,True
2004,GASTON,39 ALEXIS,GASTON|VTD39,direct_sf1_vtd,GASTON - 39 ALEXIS,True
2004,GASTON,40 DALLAS #1,GASTON|VTD40,direct_sf1_vtd,GASTON - 40 DALLAS #1,True
2004,GASTON,41 DALLAS #2,GASTON|VTD41,direct_sf1_vtd,GASTON - 41 DALLAS #2,True
2004,GASTON,42 LUCIA,GASTON|VTD42,direct_sf1_vtd,GASTON - 42 LUCIA,True
2004,GASTON,43 STANLEY #1,GASTON|VTD43,direct_sf1_vtd,GASTON - 43 STANLEY #1,True
2004,GASTON,44 STANLEY #2,GASTON|VTD44,direct_sf1_vtd,GASTON - 44 STANLEY #2,True
2004,GASTON,45 MOUNT HOLLY #1,GASTON|VTD45,direct_sf1_vtd,GASTON - 45 MOUNT HOLLY #1,True
2004,GASTON,46 MOUNT HOLLY #2,GASTON|VTD46,direct_sf1_vtd,GASTON - 46 MOUNT HOLLY #2,True
2004,GUILFORD,CG1 CG1,GUILFORD|VTDCG1,direct_sf1_vtd,GUILFORD - CG1 CG1,True
2004,GUILFORD,CG2 CG2,GUILFORD|VTDCG2,direct_sf1_vtd,GUILFORD - CG2 CG2,True
2004,GUILFORD,CG3 CG3,GUILFORD|VTDCG3,direct_sf1_vtd,GUILFORD - CG3 CG3,True
2004,GUILFORD,FEN1 FEN1,GUILFORD|VTDFEN1,direct_sf1_vtd,GUILFORD - FEN1 FEN1,True
2004,GUILFORD,FEN2 FEN2,GUILFORD|VTDFEN2,direct_sf1_vtd,GUILFORD - FEN2 FEN2,True
2004,GUILFORD,FR1 FR1,GUILFORD|VTDFR1,direct_sf1_vtd,GUILFORD - FR1 FR1,True
2004,GUILFORD,FR2 FR2,GUILFORD|VTDFR2,direct_sf1_vtd,GUILFORD - FR2 FR2,True
2004,GUILFORD,FR3 FR3,GUILFORD|VTDFR3,direct_sf1_vtd,GUILFORD - FR3 FR3,True
2004,GUILFORD,FR4 FR4,GUILFORD|VTDFR4,direct_sf1_vtd,GUILFORD - FR4 FR4,True
2004,GUILFORD,FR5-1 FR5-1,GUILFORD|PLANHS|H62|S26,historical_plan_cell_hs,GUILFORD - FR5-1 FR5-1,False
2004,GUILFORD,FR5-2 FR5-2,GUILFORD|PLANHS|H62|S26,historical_plan_cell_hs,GUILFORD - FR5-2 FR5-2,False
2004,GUILFORD,G01 G01,GUILFORD|VTDG01,direct_sf1_vtd,GUILFORD - G01 G01,True
2004,GUILFORD,G02 G02,GUILFORD|VTDG02,direct_sf1_vtd,GUILFORD - G02 G02,True
2004,GUILFORD,G03 G03,GUILFORD|VTDG03,direct_sf1_vtd,GUILFORD - G03 G03,True
2004,GUILFORD,G04 G04,GUILFORD|VTDG04,direct_sf1_vtd,GUILFORD - G04 G04,True
2004,GUILFORD,G05 G05,GUILFORD|VTDG05,direct_sf1_vtd,GUILFORD - G05 G05,True
2004,GUILFORD,G06 G06,GUILFORD|VTDG06,direct_sf1_vtd,GUILFORD - G06 G06,True
2004,GUILFORD,G07 G07,GUILFORD|VTDG07,direct_sf1_vtd,GUILFORD - G07 G07,True
2004,GUILFORD,G08 G08,GUILFORD|PLANHS|H59|S27,historical_plan_cell_hs,GUILFORD - G08 G08,True
2004,GUILFORD,G09 G09,GUILFORD|VTDG09,direct_sf1_vtd,GUILFORD - G09 G09,True
2004,GUILFORD,G10 G10,GUILFORD|VTDG10,direct_sf1_vtd,GUILFORD - G10 G10,True
2004,GUILFORD,G11 G11,GUILFORD|VTDG11,direct_sf1_vtd,GUILFORD - G11 G11,True
2004,GUILFORD,G12 G12,GUILFORD|VTDG12,direct_sf1_vtd,GUILFORD - G12 G12,True
2004,GUILFORD,G13 G13,GUILFORD|VTDG13,direct_sf1_vtd,GUILFORD - G13 G13,True
2004,GUILFORD,G14 G14,GUILFORD|VTDG14,direct_sf1_vtd,GUILFORD - G14 G14,True
2004,GUILFORD,G15 G15,GUILFORD|VTDG15,direct_sf1_vtd,GUILFORD - G15 G15,True
2004,GUILFORD,G16 G16,GUILFORD|VTDG16,direct_sf1_vtd,GUILFORD - G16 G16,True
2004,GUILFORD,G17 G17,GUILFORD|VTDG17,direct_sf1_vtd,GUILFORD - G17 G17,True
2004,GUILFORD,G18 G18,GUILFORD|VTDG18,direct_sf1_vtd,GUILFORD - G18 G18,True
2004,GUILFORD,G19 G19,GUILFORD|VTDG19,direct_sf1_vtd,GUILFORD - G19 G19,True
2004,GUILFORD,G20 G20,GUILFORD|VTDG20,direct_sf1_vtd,GUILFORD - G20 G20,True
2004,GUILFORD,G21 G21,GUILFORD|VTDG21,direct_sf1_vtd,GUILFORD - G21 G21,True
2004,GUILFORD,G22 G22,GUILFORD|VTDG22,direct_sf1_vtd,GUILFORD - G22 G22,True
2004,GUILFORD,G23 G23,GUILFORD|VTDG23,direct_sf1_vtd,GUILFORD - G23 G23,True
2004,GUILFORD,G24 G24,GUILFORD|VTDG24,direct_sf1_vtd,GUILFORD - G24 G24,True
2004,GUILFORD,G25 G25,GUILFORD|VTDG25,direct_sf1_vtd,GUILFORD - G25 G25,True
2004,GUILFORD,G26 G26,GUILFORD|VTDG26,direct_sf1_vtd,GUILFORD - G26 G26,True
2004,GUILFORD,G27 G27,GUILFORD|VTDG27,direct_sf1_vtd,GUILFORD - G27 G27,True
2004,GUILFORD,G28 G28,GUILFORD|VTDG28,direct_sf1_vtd,GUILFORD - G28 G28,True
2004,GUILFORD,G29 G29,GUILFORD|VTDG29,direct_sf1_vtd,GUILFORD - G29 G29,True
2004,GUILFORD,G30 G30,GUILFORD|VTDG30,direct_sf1_vtd,GUILFORD - G30 G30,True
2004,GUILFORD,G31 G31,GUILFORD|VTDG31,direct_sf1_vtd,GUILFORD - G31 G31,True
2004,GUILFORD,G32 G32,GUILFORD|VTDG32,direct_sf1_vtd,GUILFORD - G32 G32,True
2004,GUILFORD,G33 G33,GUILFORD|VTDG33,direct_sf1_vtd,GUILFORD - G33 G33,True
2004,GUILFORD,G34 G34,GUILFORD|VTDG34,direct_sf1_vtd,GUILFORD - G34 G34,True
2004,GUILFORD,G35 G35,GUILFORD|VTDG35,direct_sf1_vtd,GUILFORD - G35 G35,True
2004,GUILFORD,G36 G36,GUILFORD|VTDG36,direct_sf1_vtd,GUILFORD - G36 G36,True
2004,GUILFORD,G37 G37,GUILFORD|VTDG37,direct_sf1_vtd,GUILFORD - G37 G37,True
2004,GUILFORD,G38 G38,GUILFORD|VTDG38,direct_sf1_vtd,GUILFORD - G38 G38,True
2004,GUILFORD,G39 G39,GUILFORD|VTDG39,direct_sf1_vtd,GUILFORD - G39 G39,True
2004,GUILFORD,G40A G40A,GUILFORD|PLANHS|H62|S26,historical_plan_cell_hs,GUILFORD - G40A G40A,True
2004,GUILFORD,G40B G40B,GUILFORD|PLANHS|H62|S27,historical_plan_cell_hs,GUILFORD - G40B G40B,True
2004,GUILFORD,G41-1 G41-1,GUILFORD|PLANHS|H62|S26,historical_plan_cell_hs,GUILFORD - G41-1 G41-1,False
2004,GUILFORD,G41-2 G41-2,GUILFORD|PLANHS|H62|S26,historical_plan_cell_hs,GUILFORD - G41-2 G41-2,False
2004,GUILFORD,G42-1 G42-1,GUILFORD|PLANHS|H62|S27,historical_plan_cell_hs,GUILFORD - G42-1 G42-1,False
2004,GUILFORD,G42-2 G42-2,GUILFORD|PLANHS|H62|S27,historical_plan_cell_hs,GUILFORD - G42-2 G42-2,False
2004,GUILFORD,G43 G43,GUILFORD|VTDG43,direct_sf1_vtd,GUILFORD - G43 G43,True
2004,GUILFORD,G44 G44,GUILFORD|VTDG44,direct_sf1_vtd,GUILFORD - G44 G44,True
2004,GUILFORD,G45 G45,GUILFORD|VTDG45,direct_sf1_vtd,GUILFORD - G45 G45,True
2004,GUILFORD,G46 G46,GUILFORD|VTDG46,direct_sf1_vtd,GUILFORD - G46 G46,True
2004,GUILFORD,G47 G47,GUILFORD|VTDG47,direct_sf1_vtd,GUILFORD - G47 G47,True
2004,GUILFORD,G48 G48,GUILFORD|VTDG48,direct_sf1_vtd,GUILFORD - G48 G48,True
2004,GUILFORD,G49 G49,GUILFORD|VTDG49,direct_sf1_vtd,GUILFORD - G49 G49,True
2004,GUILFORD,G50 G50,GUILFORD|VTDG50,direct_sf1_vtd,GUILFORD - G50 G50,True
2004,GUILFORD,G51 G51,GUILFORD|VTDG51,direct_sf1_vtd,GUILFORD - G51 G51,True
2004,GUILFORD,G52 G52,GUILFORD|VTDG52,direct_sf1_vtd,GUILFORD - G52 G52,True
2004,GUILFORD,G53 G53,GUILFORD|VTDG53,direct_sf1_vtd,GUILFORD - G53 G53,True
2004,GUILFORD,G54 G54,GUILFORD|VTDG54,direct_sf1_vtd,GUILFORD - G54 G54,True
2004,GUILFORD,G55 G55,GUILFORD|VTDG55,direct_sf1_vtd,GUILFORD - G55 G55,True
2004,GUILFORD,G56 G56,GUILFORD|VTDG56,direct_sf1_vtd,GUILFORD - G56 G56,True
2004,GUILFORD,G57 G57,GUILFORD|VTDG57,direct_sf1_vtd,GUILFORD - G57 G57,True
2004,GUILFORD,G58 G58,GUILFORD|VTDG58,direct_sf1_vtd,GUILFORD - G58 G58,True
2004,GUILFORD,G59 G59,GUILFORD|VTDG59,direct_sf1_vtd,GUILFORD - G59 G59,True
2004,GUILFORD,G60 G60,GUILFORD|VTDG60,direct_sf1_vtd,GUILFORD - G60 G60,True
2004,GUILFORD,G61 G61,GUILFORD|VTDG61,direct_sf1_vtd,GUILFORD - G61 G61,True
2004,GUILFORD,G62 G62,GUILFORD|VTDG62,direct_sf1_vtd,GUILFORD - G62 G62,True
2004,GUILFORD,G63 G63,GUILFORD|VTDG63,direct_sf1_vtd,GUILFORD - G63 G63,True
2004,GUILFORD,G64 G64,GUILFORD|VTDG64,direct_sf1_vtd,GUILFORD - G64 G64,True
2004,GUILFORD,G65 G65,GUILFORD|VTDG65,direct_sf1_vtd,GUILFORD - G65 G65,True
2004,GUILFORD,G66 G66,GUILFORD|VTDG66,direct_sf1_vtd,GUILFORD - G66 G66,True
2004,GUILFORD,G67 G67,GUILFORD|VTDG67,direct_sf1_vtd,GUILFORD - G67 G67,True
2004,GUILFORD,G68 G68,GUILFORD|VTDG68,direct_sf1_vtd,GUILFORD - G68 G68,True
2004,GUILFORD,G69 G69,GUILFORD|VTDG69,direct_sf1_vtd,GUILFORD - G69 G69,True
2004,GUILFORD,G70 G70,GUILFORD|VTDG70,direct_sf1_vtd,GUILFORD - G70 G70,True
2004,GUILFORD,G71 G71,GUILFORD|VTDG71,direct_sf1_vtd,GUILFORD - G71 G71,True
2004,GUILFORD,G72 G72,GUILFORD|VTDG72,direct_sf1_vtd,GUILFORD - G72 G72,True
2004,GUILFORD,G73 G73,GUILFORD|VTDG73,direct_sf1_vtd,GUILFORD - G73 G73,True
2004,GUILFORD,G74 G74,GUILFORD|VTDG74,direct_sf1_vtd,GUILFORD - G74 G74,True
2004,GUILFORD,G75 G75,GUILFORD|VTDG75,direct_sf1_vtd,GUILFORD - G75 G75,True
2004,GUILFORD,GIB GIB,GUILFORD|VTDGIB,direct_sf1_vtd,GUILFORD - GIB GIB,True
2004,GUILFORD,GR GR,GUILFORD|VTDGR,direct_sf1_vtd,GUILFORD - GR GR,True
2004,GUILFORD,H01 H01,GUILFORD|VTDH01,direct_sf1_vtd,GUILFORD - H01 H01,True
2004,GUILFORD,H02 H02,GUILFORD|VTDH02,direct_sf1_vtd,GUILFORD - H02 H02,True
2004,GUILFORD,H03 H03,GUILFORD|VTDH03,direct_sf1_vtd,GUILFORD - H03 H03,True
2004,GUILFORD,H04 H04,GUILFORD|VTDH04,direct_sf1_vtd,GUILFORD - H04 H04,True
2004,GUILFORD,H05 H05,GUILFORD|VTDH05,direct_sf1_vtd,GUILFORD - H05 H05,True
2004,GUILFORD,H06 H06,GUILFORD|VTDH06,direct_sf1_vtd,GUILFORD - H06 H06,True
2004,GUILFORD,H07 H07,GUILFORD|VTDH07,direct_sf1_vtd,GUILFORD - H07 H07,True
2004,GUILFORD,H08 H08,GUILFORD|VTDH08,direct_sf1_vtd,GUILFORD - H08 H08,True
2004,GUILFORD,H09 H09,GUILFORD|VTDH09,direct_sf1_vtd,GUILFORD - H09 H09,True
2004,GUILFORD,H10 H10,GUILFORD|VTDH10,direct_sf1_vtd,GUILFORD - H10 H10,True
2004,GUILFORD,H11 H11,GUILFORD|VTDH11,direct_sf1_vtd,GUILFORD - H11 H11,True
2004,GUILFORD,H12 H12,GUILFORD|VTDH12,direct_sf1_vtd,GUILFORD - H12 H12,True
2004,GUILFORD,H13 H13,GUILFORD|VTDH13,direct_sf1_vtd,GUILFORD - H13 H13,True
2004,GUILFORD,H14 H14,GUILFORD|VTDH14,direct_sf1_vtd,GUILFORD - H14 H14,True
2004,GUILFORD,H15 H15,GUILFORD|VTDH15,direct_sf1_vtd,GUILFORD - H15 H15,True
2004,GUILFORD,H16 H16,GUILFORD|VTDH16,direct_sf1_vtd,GUILFORD - H16 H16,True
2004,GUILFORD,H17 H17,GUILFORD|VTDH17,direct_sf1_vtd,GUILFORD - H17 H17,True
2004,GUILFORD,H18 H18,GUILFORD|VTDH18,direct_sf1_vtd,GUILFORD - H18 H18,True
2004,GUILFORD,H19B H19B,GUILFORD|PLANHS|H61|S28,historical_plan_cell_hs,GUILFORD - H19B H19B,True
2004,GUILFORD,H20A H20A,GUILFORD|PLANHS|H61|S28,historical_plan_cell_hs,GUILFORD - H20A H20A,True
2004,GUILFORD,H20B H20B,GUILFORD|PLANHS|H61|S28,historical_plan_cell_hs,GUILFORD - H20B H20B,True
2004,GUILFORD,H21 H21,GUILFORD|VTDH21,direct_sf1_vtd,GUILFORD - H21 H21,True
2004,GUILFORD,H22 H22,GUILFORD|VTDH22,direct_sf1_vtd,GUILFORD - H22 H22,True
2004,GUILFORD,H23 H23,GUILFORD|VTDH23,direct_sf1_vtd,GUILFORD - H23 H23,True
2004,GUILFORD,H24 H24,GUILFORD|VTDH24,direct_sf1_vtd,GUILFORD - H24 H24,True
2004,GUILFORD,H25 H25,GUILFORD|VTDH25,direct_sf1_vtd,GUILFORD - H25 H25,True
2004,GUILFORD,H26 H26,GUILFORD|VTDH26,direct_sf1_vtd,GUILFORD - H26 H26,True
2004,GUILFORD,H27 H27,GUILFORD|VTDH27,direct_sf1_vtd,GUILFORD - H27 H27,True
2004,GUILFORD,H28 H28,GUILFORD|PLANHS|H61|S28,historical_plan_cell_hs,GUILFORD - H28 H28,True
2004,GUILFORD,H29 H29,GUILFORD|PLANHS|H61|S28,historical_plan_cell_hs,GUILFORD - H29 H29,True
2004,GUILFORD,JAM1 JAM1,GUILFORD|VTDJAM1,direct_sf1_vtd,GUILFORD - JAM1 JAM1,True
2004,GUILFORD,JAM2 JAM2,GUILFORD|VTDJAM2,direct_sf1_vtd,GUILFORD - JAM2 JAM2,True
2004,GUILFORD,JAM3 JAM3,GUILFORD|VTDJAM3,direct_sf1_vtd,GUILFORD - JAM3 JAM3,True
2004,GUILFORD,JAM4 JAM4,GUILFORD|VTDJAM4,direct_sf1_vtd,GUILFORD - JAM4 JAM4,True
2004,GUILFORD,JAM5 JAM5,GUILFORD|VTDJAM5,direct_sf1_vtd,GUILFORD - JAM5 JAM5,True
2004,GUILFORD,JEF1 JEF1,GUILFORD|VTDJEF1,direct_sf1_vtd,GUILFORD - JEF1 JEF1,True
2004,GUILFORD,JEF2 JEF2,GUILFORD|VTDJEF2,direct_sf1_vtd,GUILFORD - JEF2 JEF2,True
2004,GUILFORD,JEF3 JEF3,GUILFORD|VTDJEF3,direct_sf1_vtd,GUILFORD - JEF3 JEF3,True
2004,GUILFORD,JEF4 JEF4,GUILFORD|VTDJEF4,direct_sf1_vtd,GUILFORD - JEF4 JEF4,True
2004,GUILFORD,MON1 MON1,GUILFORD|VTDMON1,direct_sf1_vtd,GUILFORD - MON1 MON1,True
2004,GUILFORD,MON2 MON2,GUILFORD|VTDMON2,direct_sf1_vtd,GUILFORD - MON2 MON2,True
2004,GUILFORD,MON3 MON3,GUILFORD|VTDMON3,direct_sf1_vtd,GUILFORD - MON3 MON3,True
2004,GUILFORD,NCGR NCGR,GUILFORD|VTDNCGR,direct_sf1_vtd,GUILFORD - NCGR NCGR,True
2004,GUILFORD,NCLAY1 NCLAY1,GUILFORD|PLANHS|H58|S26,historical_plan_cell_hs,GUILFORD - NCLAY1 NCLAY1,True
2004,GUILFORD,NCLAY2 NCLAY2,GUILFORD|PLANHS|H58|S26,historical_plan_cell_hs,GUILFORD - NCLAY2 NCLAY2,True
2004,GUILFORD,NDRI NDRI,GUILFORD|VTDNDRI,direct_sf1_vtd,GUILFORD - NDRI NDRI,True
2004,GUILFORD,NMAD NMAD,GUILFORD|VTDNMAD,direct_sf1_vtd,GUILFORD - NMAD NMAD,True
2004,GUILFORD,NWASH NWASH,GUILFORD|VTDNWASH,direct_sf1_vtd,GUILFORD - NWASH NWASH,True
2004,GUILFORD,OR1 OR1,GUILFORD|VTDOR1,direct_sf1_vtd,GUILFORD - OR1 OR1,True
2004,GUILFORD,OR2 OR2,GUILFORD|VTDOR2,direct_sf1_vtd,GUILFORD - OR2 OR2,True
2004,GUILFORD,PG1 PG1,GUILFORD|VTDPG1,direct_sf1_vtd,GUILFORD - PG1 PG1,True
2004,GUILFORD,PG2 PG2,GUILFORD|VTDPG2,direct_sf1_vtd,GUILFORD - PG2 PG2,True
2004,GUILFORD,RC1 RC1,GUILFORD|VTDRC1,direct_sf1_vtd,GUILFORD - RC1 RC1,True
2004,GUILFORD,RC2 RC2,GUILFORD|VTDRC2,direct_sf1_vtd,GUILFORD - RC2 RC2,True
2004,GUILFORD,SCLAY SCLAY,GUILFORD|VTDSCLAY,direct_sf1_vtd,GUILFORD - SCLAY SCLAY,True
2004,GUILFORD,SDRI SDRI,GUILFORD|VTDSDRI,direct_sf1_vtd,GUILFORD - SDRI SDRI,True
2004,GUILFORD,SF1 SF1,GUILFORD|VTDSF1,direct_sf1_vtd,GUILFORD - SF1 SF1,True
2004,GUILFORD,SF2 SF2,GUILFORD|VTDSF2,direct_sf1_vtd,GUILFORD - SF2 SF2,True
2004,GUILFORD,SF3 SF3,GUILFORD|VTDSF3,direct_sf1_vtd,GUILFORD - SF3 SF3,True
2004,GUILFORD,SF4 SF4,GUILFORD|VTDSF4,direct_sf1_vtd,GUILFORD - SF4 SF4,True
2004,GUILFORD,SMAD SMAD,GUILFORD|VTDSMAD,direct_sf1_vtd,GUILFORD - SMAD SMAD,True
2004,GUILFORD,STOK STOK,GUILFORD|VTDSTOK,direct_sf1_vtd,GUILFORD - STOK STOK,True
2004,GUILFORD,SUM1 SUM1,GUILFORD|VTDSUM1,direct_sf1_vtd,GUILFORD - SUM1 SUM1,True
2004,GUILFORD,SUM2 SUM2,GUILFORD|VTDSUM2,direct_sf1_vtd,GUILFORD - SUM2 SUM2,True
2004,GUILFORD,SUM3 SUM3,GUILFORD|VTDSUM3,direct_sf1_vtd,GUILFORD - SUM3 SUM3,True
2004,GUILFORD,SUM4 SUM4,GUILFORD|VTDSUM4,direct_sf1_vtd,GUILFORD - SUM4 SUM4,True
2004,GUILFORD,SWASH SWASH,GUILFORD|VTDSWASH,direct_sf1_vtd,GUILFORD - SWASH SWASH,True
2004,MECKLENBURG,001 001,MECKLENBURG|VTD1,direct_sf1_vtd,MECKLENBURG - 001 001,True
2004,MECKLENBURG,002 002,MECKLENBURG|VTD2,direct_sf1_vtd,MECKLENBURG - 002 002,True
2004,MECKLENBURG,003 003,MECKLENBURG|VTD3,direct_sf1_vtd,MECKLENBURG - 003 003,True
2004,MECKLENBURG,004 004,MECKLENBURG|VTD4,direct_sf1_vtd,MECKLENBURG - 004 004,True
2004,MECKLENBURG,005 005,MECKLENBURG|VTD5,direct_sf1_vtd,MECKLENBURG - 005 005,True
2004,MECKLENBURG,006 006,MECKLENBURG|VTD6,direct_sf1_vtd,MECKLENBURG - 006 006,True
2004,MECKLENBURG,007 007,MECKLENBURG|VTD7,direct_sf1_vtd,MECKLENBURG - 007 007,True
2004,MECKLENBURG,008 008,MECKLENBURG|VTD8,direct_sf1_vtd,MECKLENBURG - 008 008,True
2004,MECKLENBURG,009 009,MECKLENBURG|VTD9,direct_sf1_vtd,MECKLENBURG - 009 009,True
2004,MECKLENBURG,010 010,MECKLENBURG|VTD10,direct_sf1_vtd,MECKLENBURG - 010 010,True
2004,MECKLENBURG,011 011,MECKLENBURG|VTD11,direct_sf1_vtd,MECKLENBURG - 011 011,True
2004,MECKLENBURG,012 012,MECKLENBURG|VTD12,direct_sf1_vtd,MECKLENBURG - 012 012,True
2004,MECKLENBURG,013 013,MECKLENBURG|VTD13,direct_sf1_vtd,MECKLENBURG - 013 013,True
2004,MECKLENBURG,014 014,MECKLENBURG|VTD14,direct_sf1_vtd,MECKLENBURG - 014 014,True
2004,MECKLENBURG,015 015,MECKLENBURG|VTD15,direct_sf1_vtd,MECKLENBURG - 015 015,True
2004,MECKLENBURG,016 016,MECKLENBURG|VTD16,direct_sf1_vtd,MECKLENBURG - 016 016,True
2004,MECKLENBURG,017 017,MECKLENBURG|VTD17,direct_sf1_vtd,MECKLENBURG - 017 017,True
2004,MECKLENBURG,018 018,MECKLENBURG|VTD18,direct_sf1_vtd,MECKLENBURG - 018 018,True
2004,MECKLENBURG,019 019,MECKLENBURG|VTD19,direct_sf1_vtd,MECKLENBURG - 019 019,True
2004,MECKLENBURG,020 020,MECKLENBURG|VTD20,direct_sf1_vtd,MECKLENBURG - 020 020,True
2004,MECKLENBURG,021 021,MECKLENBURG|VTD21,direct_sf1_vtd,MECKLENBURG - 021 021,True
2004,MECKLENBURG,022 022,MECKLENBURG|VTD22,direct_sf1_vtd,MECKLENBURG - 022 022,True
2004,MECKLENBURG,023 023,MECKLENBURG|VTD23,direct_sf1_vtd,MECKLENBURG - 023 023,True
2004,MECKLENBURG,024 024,MECKLENBURG|VTD24,direct_sf1_vtd,MECKLENBURG - 024 024,True
2004,MECKLENBURG,025 025,MECKLENBURG|VTD25,direct_sf1_vtd,MECKLENBURG - 025 025,True
2004,MECKLENBURG,026 026,MECKLENBURG|VTD26,direct_sf1_vtd,MECKLENBURG - 026 026,True
2004,MECKLENBURG,027 027,MECKLENBURG|VTD27,direct_sf1_vtd,MECKLENBURG - 027 027,True
2004,MECKLENBURG,028 028,MECKLENBURG|VTD28,direct_sf1_vtd,MECKLENBURG - 028 028,True
2004,MECKLENBURG,029 029,MECKLENBURG|VTD29,direct_sf1_vtd,MECKLENBURG - 029 029,True
2004,MECKLENBURG,030 030,MECKLENBURG|VTD30,direct_sf1_vtd,MECKLENBURG - 030 030,True
2004,MECKLENBURG,031 031,MECKLENBURG|VTD31,direct_sf1_vtd,MECKLENBURG - 031 031,True
2004,MECKLENBURG,032 032,MECKLENBURG|VTD32,direct_sf1_vtd,MECKLENBURG - 032 032,True
2004,MECKLENBURG,033 033,MECKLENBURG|VTD33,direct_sf1_vtd,MECKLENBURG - 033 033,True
2004,MECKLENBURG,034 034,MECKLENBURG|VTD34,direct_sf1_vtd,MECKLENBURG - 034 034,True
2004,MECKLENBURG,035 035,MECKLENBURG|VTD35,direct_sf1_vtd,MECKLENBURG - 035 035,True
2004,MECKLENBURG,036 036,MECKLENBURG|VTD36,direct_sf1_vtd,MECKLENBURG - 036 036,True
2004,MECKLENBURG,037 037,MECKLENBURG|VTD37,direct_sf1_vtd,MECKLENBURG - 037 037,True
2004,MECKLENBURG,038 038,MECKLENBURG|VTD38,direct_sf1_vtd,MECKLENBURG - 038 038,True
2004,MECKLENBURG,039 039,MECKLENBURG|VTD39,direct_sf1_vtd,MECKLENBURG - 039 039,True
2004,MECKLENBURG,040 040,MECKLENBURG|VTD40,direct_sf1_vtd,MECKLENBURG - 040 040,True
2004,MECKLENBURG,041 041,MECKLENBURG|VTD41,direct_sf1_vtd,MECKLENBURG - 041 041,True
2004,MECKLENBURG,042 042,MECKLENBURG|VTD42,direct_sf1_vtd,MECKLENBURG - 042 042,True
2004,MECKLENBURG,043 043,MECKLENBURG|VTD43,direct_sf1_vtd,MECKLENBURG - 043 043,True
2004,MECKLENBURG,044 044,MECKLENBURG|VTD44,direct_sf1_vtd,MECKLENBURG - 044 044,True
2004,MECKLENBURG,045 045,MECKLENBURG|VTD45,direct_sf1_vtd,MECKLENBURG - 045 045,True
2004,MECKLENBURG,046 046,MECKLENBURG|VTD46,direct_sf1_vtd,MECKLENBURG - 046 046,True
2004,MECKLENBURG,047 047,MECKLENBURG|VTD47,direct_sf1_vtd,MECKLENBURG - 047 047,True
2004,MECKLENBURG,048 048,MECKLENBURG|VTD48,direct_sf1_vtd,MECKLENBURG - 048 048,True
2004,MECKLENBURG,049 049,MECKLENBURG|VTD49,direct_sf1_vtd,MECKLENBURG - 049 049,True
2004,MECKLENBURG,050 050,MECKLENBURG|VTD50,direct_sf1_vtd,MECKLENBURG - 050 050,True
2004,MECKLENBURG,051 051,MECKLENBURG|VTD51,direct_sf1_vtd,MECKLENBURG - 051 051,True
2004,MECKLENBURG,052 052,MECKLENBURG|VTD52,direct_sf1_vtd,MECKLENBURG - 052 052,True
2004,MECKLENBURG,053 053,MECKLENBURG|VTD53,direct_sf1_vtd,MECKLENBURG - 053 053,True
2004,MECKLENBURG,054 054,MECKLENBURG|VTD54,direct_sf1_vtd,MECKLENBURG - 054 054,True
2004,MECKLENBURG,055 055,MECKLENBURG|VTD55,direct_sf1_vtd,MECKLENBURG - 055 055,True
2004,MECKLENBURG,056 056,MECKLENBURG|VTD56,direct_sf1_vtd,MECKLENBURG - 056 056,True
2004,MECKLENBURG,057 057,MECKLENBURG|VTD57,direct_sf1_vtd,MECKLENBURG - 057 057,True
2004,MECKLENBURG,058 058,MECKLENBURG|VTD58,direct_sf1_vtd,MECKLENBURG - 058 058,True
2004,MECKLENBURG,059 059,MECKLENBURG|VTD59,direct_sf1_vtd,MECKLENBURG - 059 059,True
2004,MECKLENBURG,060 060,MECKLENBURG|VTD60,direct_sf1_vtd,MECKLENBURG - 060 060,True
2004,MECKLENBURG,061 061,MECKLENBURG|VTD61,direct_sf1_vtd,MECKLENBURG - 061 061,True
2004,MECKLENBURG,062 062,MECKLENBURG|VTD62,direct_sf1_vtd,MECKLENBURG - 062 062,True
2004,MECKLENBURG,063 063,MECKLENBURG|VTD63,direct_sf1_vtd,MECKLENBURG - 063 063,True
2004,MECKLENBURG,064 064,MECKLENBURG|VTD64,direct_sf1_vtd,MECKLENBURG - 064 064,True
2004,MECKLENBURG,065 065,MECKLENBURG|VTD65,direct_sf1_vtd,MECKLENBURG - 065 065,True
2004,MECKLENBURG,066 066,MECKLENBURG|VTD66,direct_sf1_vtd,MECKLENBURG - 066 066,True
2004,MECKLENBURG,067 067,MECKLENBURG|VTD67,direct_sf1_vtd,MECKLENBURG - 067 067,True
2004,MECKLENBURG,068 068,MECKLENBURG|VTD68,direct_sf1_vtd,MECKLENBURG - 068 068,True
2004,MECKLENBURG,069 069,MECKLENBURG|VTD69,direct_sf1_vtd,MECKLENBURG - 069 069,True
2004,MECKLENBURG,070 070,MECKLENBURG|VTD70,direct_sf1_vtd,MECKLENBURG - 070 070,True
2004,MECKLENBURG,071 071,MECKLENBURG|VTD71,direct_sf1_vtd,MECKLENBURG - 071 071,True
2004,MECKLENBURG,072 072,MECKLENBURG|VTD72,direct_sf1_vtd,MECKLENBURG - 072 072,True
2004,MECKLENBURG,073 073,MECKLENBURG|VTD73,direct_sf1_vtd,MECKLENBURG - 073 073,True
2004,MECKLENBURG,074 074,MECKLENBURG|VTD74,direct_sf1_vtd,MECKLENBURG - 074 074,True
2004,MECKLENBURG,075 075,MECKLENBURG|VTD75,direct_sf1_vtd,MECKLENBURG - 075 075,True
2004,MECKLENBURG,076 076,MECKLENBURG|VTD76,direct_sf1_vtd,MECKLENBURG - 076 076,True
2004,MECKLENBURG,077 077,MECKLENBURG|VTD77,direct_sf1_vtd,MECKLENBURG - 077 077,True
2004,MECKLENBURG,078 078,MECKLENBURG|VTD78,direct_sf1_vtd,MECKLENBURG - 078 078,True
2004,MECKLENBURG,079 079,MECKLENBURG|VTD79,direct_sf1_vtd,MECKLENBURG - 079 079,True
2004,MECKLENBURG,080 080,MECKLENBURG|VTD80,direct_sf1_vtd,MECKLENBURG - 080 080,True
2004,MECKLENBURG,081 081,MECKLENBURG|VTD81,direct_sf1_vtd,MECKLENBURG - 081 081,True
2004,MECKLENBURG,082 082,MECKLENBURG|VTD82,direct_sf1_vtd,MECKLENBURG - 082 082,True
2004,MECKLENBURG,083 083,MECKLENBURG|VTD83,direct_sf1_vtd,MECKLENBURG - 083 083,True
2004,MECKLENBURG,084 084,MECKLENBURG|VTD84,direct_sf1_vtd,MECKLENBURG - 084 084,True
2004,MECKLENBURG,085 085,MECKLENBURG|VTD85,direct_sf1_vtd,MECKLENBURG - 085 085,True
2004,MECKLENBURG,086 086,MECKLENBURG|VTD86,direct_sf1_vtd,MECKLENBURG - 086 086,True
2004,MECKLENBURG,087 087,MECKLENBURG|VTD87,direct_sf1_vtd,MECKLENBURG - 087 087,True
2004,MECKLENBURG,088 088,MECKLENBURG|VTD88,direct_sf1_vtd,MECKLENBURG - 088 088,True
2004,MECKLENBURG,089 089,MECKLENBURG|VTD89,direct_sf1_vtd,MECKLENBURG - 089 089,True
2004,MECKLENBURG,090 090,MECKLENBURG|VTD90,direct_sf1_vtd,MECKLENBURG - 090 090,True
2004,MECKLENBURG,091 091,MECKLENBURG|VTD91,direct_sf1_vtd,MECKLENBURG - 091 091,True
2004,MECKLENBURG,092 092,MECKLENBURG|VTD92,direct_sf1_vtd,MECKLENBURG - 092 092,True
2004,MECKLENBURG,093 093,MECKLENBURG|VTD93,direct_sf1_vtd,MECKLENBURG - 093 093,True
2004,MECKLENBURG,094 094,MECKLENBURG|VTD94,direct_sf1_vtd,MECKLENBURG - 094 094,True
2004,MECKLENBURG,095 095,MECKLENBURG|VTD95,direct_sf1_vtd,MECKLENBURG - 095 095,True
2004,MECKLENBURG,096 096,MECKLENBURG|VTD96,direct_sf1_vtd,MECKLENBURG - 096 096,True
2004,MECKLENBURG,097 097,MECKLENBURG|VTD97,direct_sf1_vtd,MECKLENBURG - 097 097,True
2004,MECKLENBURG,098 098,MECKLENBURG|VTD98,direct_sf1_vtd,MECKLENBURG - 098 098,True
2004,MECKLENBURG,099 099,MECKLENBURG|VTD99,direct_sf1_vtd,MECKLENBURG - 099 099,True
2004,MECKLENBURG,100 100,MECKLENBURG|VTD100,direct_sf1_vtd,MECKLENBURG - 100 100,True
2004,MECKLENBURG,101 101,MECKLENBURG|VTD101,direct_sf1_vtd,MECKLENBURG - 101 101,True
2004,MECKLENBURG,102 102,MECKLENBURG|VTD102,direct_sf1_vtd,MECKLENBURG - 102 102,True
2004,MECKLENBURG,103 103,MECKLENBURG|VTD103,direct_sf1_vtd,MECKLENBURG - 103 103,True
2004,MECKLENBURG,104 104,MECKLENBURG|VTD104,direct_sf1_vtd,MECKLENBURG - 104 104,True
2004,MECKLENBURG,105 105,MECKLENBURG|VTD105,direct_sf1_vtd,MECKLENBURG - 105 105,True
2004,MECKLENBURG,106 106,MECKLENBURG|VTD106,direct_sf1_vtd,MECKLENBURG - 106 106,True
2004,MECKLENBURG,107 107,MECKLENBURG|VTD107,direct_sf1_vtd,MECKLENBURG - 107 107,True
2004,MECKLENBURG,108 108,MECKLENBURG|VTD108,direct_sf1_vtd,MECKLENBURG - 108 108,True
2004,MECKLENBURG,109 109,MECKLENBURG|VTD109,direct_sf1_vtd,MECKLENBURG - 109 109,True
2004,MECKLENBURG,110 110,MECKLENBURG|VTD110,direct_sf1_vtd,MECKLENBURG - 110 110,True
2004,MECKLENBURG,111 111,MECKLENBURG|VTD111,direct_sf1_vtd,MECKLENBURG - 111 111,True
2004,MECKLENBURG,112 112,MECKLENBURG|VTD112,direct_sf1_vtd,MECKLENBURG - 112 112,True
2004,MECKLENBURG,113 113,MECKLENBURG|VTD113,direct_sf1_vtd,MECKLENBURG - 113 113,True
2004,MECKLENBURG,114 114,MECKLENBURG|VTD114,direct_sf1_vtd,MECKLENBURG - 114 114,True
2004,MECKLENBURG,115 115,MECKLENBURG|VTD115,direct_sf1_vtd,MECKLENBURG - 115 115,True
2004,MECKLENBURG,116 116,MECKLENBURG|VTD116,direct_sf1_vtd,MECKLENBURG - 116 116,True
2004,MECKLENBURG,117 117,MECKLENBURG|VTD117,direct_sf1_vtd,MECKLENBURG - 117 117,True
2004,MECKLENBURG,118 118,MECKLENBURG|VTD118,direct_sf1_vtd,MECKLENBURG - 118 118,True
2004,MECKLENBURG,119 119,MECKLENBURG|VTD119,direct_sf1_vtd,MECKLENBURG - 119 119,True
2004,MECKLENBURG,120 120,MECKLENBURG|VTD120,direct_sf1_vtd,MECKLENBURG - 120 120,True
2004,MECKLENBURG,121 121,MECKLENBURG|VTD121,direct_sf1_vtd,MECKLENBURG - 121 121,True
2004,MECKLENBURG,122 122,MECKLENBURG|VTD122,direct_sf1_vtd,MECKLENBURG - 122 122,True
2004,MECKLENBURG,123 123,MECKLENBURG|VTD123,direct_sf1_vtd,MECKLENBURG - 123 123,True
2004,MECKLENBURG,124 124,MECKLENBURG|VTD124,direct_sf1_vtd,MECKLENBURG - 124 124,True
2004,MECKLENBURG,125 125,MECKLENBURG|VTD125,direct_sf1_vtd,MECKLENBURG - 125 125,True
2004,MECKLENBURG,126 126,MECKLENBURG|VTD126,direct_sf1_vtd,MECKLENBURG - 126 126,True
2004,MECKLENBURG,127 127,MECKLENBURG|VTD127,direct_sf1_vtd,MECKLENBURG - 127 127,True
2004,MECKLENBURG,128 128,MECKLENBURG|VTD128,direct_sf1_vtd,MECKLENBURG - 128 128,True
2004,MECKLENBURG,129 129,MECKLENBURG|VTD129,direct_sf1_vtd,MECKLENBURG - 129 129,True
2004,MECKLENBURG,130 130,MECKLENBURG|VTD130,direct_sf1_vtd,MECKLENBURG - 130 130,True
2004,MECKLENBURG,131 131,MECKLENBURG|VTD131,direct_sf1_vtd,MECKLENBURG - 131 131,True
2004,MECKLENBURG,132 132,MECKLENBURG|VTD132,direct_sf1_vtd,MECKLENBURG - 132 132,True
2004,MECKLENBURG,133 133,MECKLENBURG|VTD133,direct_sf1_vtd,MECKLENBURG - 133 133,True
2004,MECKLENBURG,134 134,MECKLENBURG|VTD134,direct_sf1_vtd,MECKLENBURG - 134 134,True
2004,MECKLENBURG,135 135,MECKLENBURG|VTD135,direct_sf1_vtd,MECKLENBURG - 135 135,True
2004,MECKLENBURG,136 136,MECKLENBURG|VTD136,direct_sf1_vtd,MECKLENBURG - 136 136,True
2004,MECKLENBURG,137 137,MECKLENBURG|VTD137,direct_sf1_vtd,MECKLENBURG - 137 137,True
2004,MECKLENBURG,138 138,MECKLENBURG|VTD138,direct_sf1_vtd,MECKLENBURG - 138 138,True
2004,MECKLENBURG,139 139,MECKLENBURG|VTD139,direct_sf1_vtd,MECKLENBURG - 139 139,True
2004,MECKLENBURG,140 140,MECKLENBURG|VTD140,direct_sf1_vtd,MECKLENBURG - 140 140,True
2004,MECKLENBURG,141 141,MECKLENBURG|VTD141,direct_sf1_vtd,MECKLENBURG - 141 141,True
2004,MECKLENBURG,142 142,MECKLENBURG|VTD142,direct_sf1_vtd,MECKLENBURG - 142 142,True
2004,MECKLENBURG,143 143,MECKLENBURG|VTD143,direct_sf1_vtd,MECKLENBURG - 143 143,True
2004,MECKLENBURG,144 144,MECKLENBURG|VTD144,direct_sf1_vtd,MECKLENBURG - 144 144,True
2004,MECKLENBURG,145 145,MECKLENBURG|PLANHS|H98|S40,historical_plan_cell_hs,MECKLENBURG - 145 145,True
2004,MECKLENBURG,146 146,MECKLENBURG|PLANHS|H99|S40,historical_plan_cell_hs,MECKLENBURG - 146 146,True
2004,MECKLENBURG,200 200,MECKLENBURG|VTD200,direct_sf1_vtd,MECKLENBURG - 200 200,True
2004,MECKLENBURG,201 201,MECKLENBURG|VTD201,direct_sf1_vtd,MECKLENBURG - 201 201,True
2004,MECKLENBURG,202 202,MECKLENBURG|VTD202,direct_sf1_vtd,MECKLENBURG - 202 202,True
2004,MECKLENBURG,203 203,MECKLENBURG|VTD203,direct_sf1_vtd,MECKLENBURG - 203 203,True
2004,MECKLENBURG,204 204,MECKLENBURG|VTD204,direct_sf1_vtd,MECKLENBURG - 204 204,True
2004,MECKLENBURG,205 205,MECKLENBURG|VTD205,direct_sf1_vtd,MECKLENBURG - 205 205,True
2004,MECKLENBURG,206 206,MECKLENBURG|VTD206,direct_sf1_vtd,MECKLENBURG - 206 206,True
2004,MECKLENBURG,207 207,MECKLENBURG|VTD207,direct_sf1_vtd,MECKLENBURG - 207 207,True
2004,MECKLENBURG,208 208,MECKLENBURG|VTD208,direct_sf1_vtd,MECKLENBURG - 208 208,True
2004,MECKLENBURG,209 209,MECKLENBURG|VTD209,direct_sf1_vtd,MECKLENBURG - 209 209,True
2004,MECKLENBURG,210 210,MECKLENBURG|VTD210,direct_sf1_vtd,MECKLENBURG - 210 210,True
2004,MECKLENBURG,211 211,MECKLENBURG|VTD211,direct_sf1_vtd,MECKLENBURG - 211 211,True
2004,MECKLENBURG,212 212,MECKLENBURG|VTD212,direct_sf1_vtd,MECKLENBURG - 212 212,True
2004,MECKLENBURG,213 213,MECKLENBURG|VTD213,direct_sf1_vtd,MECKLENBURG - 213 213,True
2004,MECKLENBURG,214 214,MECKLENBURG|VTD214,direct_sf1_vtd,MECKLENBURG - 214 214,True
2004,MECKLENBURG,215 215,MECKLENBURG|VTD215,direct_sf1_vtd,MECKLENBURG - 215 215,True
2004,MECKLENBURG,216 216,MECKLENBURG|VTD216,direct_sf1_vtd,MECKLENBURG - 216 216,True
2004,MECKLENBURG,217 217,MECKLENBURG|VTD217,direct_sf1_vtd,MECKLENBURG - 217 217,True
2004,MECKLENBURG,218 218,MECKLENBURG|VTD218,direct_sf1_vtd,MECKLENBURG - 218 218,True
2004,MECKLENBURG,219 219,MECKLENBURG|VTD219,direct_sf1_vtd,MECKLENBURG - 219 219,True
2004,MECKLENBURG,220 220,MECKLENBURG|VTD220,direct_sf1_vtd,MECKLENBURG - 220 220,True
2004,MECKLENBURG,221 221,MECKLENBURG|VTD221,direct_sf1_vtd,MECKLENBURG - 221 221,True
2004,MECKLENBURG,222 222,MECKLENBURG|VTD222,direct_sf1_vtd,MECKLENBURG - 222 222,True
2004,MECKLENBURG,223 223,MECKLENBURG|VTD223,direct_sf1_vtd,MECKLENBURG - 223 223,True
2004,MECKLENBURG,224 224,MECKLENBURG|VTD224,direct_sf1_vtd,MECKLENBURG - 224 224,True
2004,MECKLENBURG,225 225,MECKLENBURG|VTD225,direct_sf1_vtd,MECKLENBURG - 225 225,True
2004,MECKLENBURG,226 226,MECKLENBURG|VTD226,direct_sf1_vtd,MECKLENBURG - 226 226,True
2004,MECKLENBURG,227 227,MECKLENBURG|VTD227,direct_sf1_vtd,MECKLENBURG - 227 227,True
2004,MECKLENBURG,228 228,MECKLENBURG|VTD228,direct_sf1_vtd,MECKLENBURG - 228 228,True
2004,MECKLENBURG,229 229,MECKLENBURG|VTD229,direct_sf1_vtd,MECKLENBURG - 229 229,True
2004,MECKLENBURG,230 230,MECKLENBURG|VTD230,direct_sf1_vtd,MECKLENBURG - 230 230,True
2004,MECKLENBURG,231 231,MECKLENBURG|VTD231,direct_sf1_vtd,MECKLENBURG - 231 231,True
2004,MECKLENBURG,232 232,MECKLENBURG|VTD232,direct_sf1_vtd,MECKLENBURG - 232 232,True
2004,MECKLENBURG,233 233,MECKLENBURG|VTD233,direct_sf1_vtd,MECKLENBURG - 233 233,True
2004,MECKLENBURG,234 234,MECKLENBURG|VTD234,direct_sf1_vtd,MECKLENBURG - 234 234,True
2004,MECKLENBURG,235 235,MECKLENBURG|VTD235,direct_sf1_vtd,MECKLENBURG - 235 235,True
2004,MECKLENBURG,236 236,MECKLENBURG|VTD236,direct_sf1_vtd,MECKLENBURG - 236 236,True
2004,MECKLENBURG,237 237,MECKLENBURG|VTD237,direct_sf1_vtd,MECKLENBURG - 237 237,True
2004,MECKLENBURG,238 238,MECKLENBURG|VTD238,direct_sf1_vtd,MECKLENBURG - 238 238,True
2004,MECKLENBURG,239 239,MECKLENBURG|VTD239,direct_sf1_vtd,MECKLENBURG - 239 239,True
2004,MECKLENBURG,240 240,MECKLENBURG|VTD240,direct_sf1_vtd,MECKLENBURG - 240 240,True
2004,MECKLENBURG,241 241,MECKLENBURG|VTD241,direct_sf1_vtd,MECKLENBURG - 241 241,True
2004,MECKLENBURG,242 242,MECKLENBURG|VTD242,direct_sf1_vtd,MECKLENBURG - 242 242,True
2004,MECKLENBURG,243 243,MECKLENBURG|VTD243,direct_sf1_vtd,MECKLENBURG - 243 243,True
2004,NEW HANOVER,CF01 CF01,NEW HANOVER|VTDCF01,direct_sf1_vtd,NEW HANOVER - CF01 CF01,True
2004,NEW HANOVER,CF02 CF02,NEW HANOVER|VTDCF02,direct_sf1_vtd,NEW HANOVER - CF02 CF02,True
2004,NEW HANOVER,CF03 CF03,NEW HANOVER|VTDCF03,direct_sf1_vtd,NEW HANOVER - CF03 CF03,True
2004,NEW HANOVER,FP01 FP01,NEW HANOVER|VTDFP01,direct_sf1_vtd,NEW HANOVER - FP01 FP01,True
2004,NEW HANOVER,FP02 FP02,NEW HANOVER|VTDFP02,direct_sf1_vtd,NEW HANOVER - FP02 FP02,True
2004,NEW HANOVER,FP03 FP03,NEW HANOVER|VTDFP03,direct_sf1_vtd,NEW HANOVER - FP03 FP03,True
2004,NEW HANOVER,FP04 FP04,NEW HANOVER|VTDFP04,direct_sf1_vtd,NEW HANOVER - FP04 FP04,True
2004,NEW HANOVER,FP05 FP05,NEW HANOVER|VTDFP05,direct_sf1_vtd,NEW HANOVER - FP05 FP05,True
2004,NEW HANOVER,H01 H01,NEW HANOVER|VTDH01,direct_sf1_vtd,NEW HANOVER - H01 H01,True
2004,NEW HANOVER,H02 H02,NEW HANOVER|VTDH02,direct_sf1_vtd,NEW HANOVER - H02 H02,True
2004,NEW HANOVER,H03 H03,NEW HANOVER|VTDH03,direct_sf1_vtd,NEW HANOVER - H03 H03,True
2004,NEW HANOVER,H04 H04,NEW HANOVER|VTDH04,direct_sf1_vtd,NEW HANOVER - H04 H04,True
2004,NEW HANOVER,H05 H05,NEW HANOVER|VTDH05,direct_sf1_vtd,NEW HANOVER - H05 H05,True
2004,NEW HANOVER,H06 H06,NEW HANOVER|VTDH06,direct_sf1_vtd,NEW HANOVER - H06 H06,True
2004,NEW HANOVER,H07 H07,NEW HANOVER|VTDH07,direct_sf1_vtd,NEW HANOVER - H07 H07,True
2004,NEW HANOVER,H08 H08,NEW HANOVER|VTDH08,direct_sf1_vtd,NEW HANOVER - H08 H08,True
2004,NEW HANOVER,H09 H09,NEW HANOVER|VTDH09,direct_sf1_vtd,NEW HANOVER - H09 H09,True
2004,NEW HANOVER,M02 M02,NEW HANOVER|VTDM02,direct_sf1_vtd,NEW HANOVER - M02 M02,True
2004,NEW HANOVER,M03 M03,NEW HANOVER|VTDM03,direct_sf1_vtd,NEW HANOVER - M03 M03,True
2004,NEW HANOVER,M04 M04,NEW HANOVER|VTDM04,direct_sf1_vtd,NEW HANOVER - M04 M04,True
2004,NEW HANOVER,M05 M05,NEW HANOVER|VTDM05,direct_sf1_vtd,NEW HANOVER - M05 M05,True
2004,NEW HANOVER,T TRANSFER,NEW HANOVER|PLANHS|H18|S9,historical_plan_cell_hs,NEW HANOVER - T TRANSFER,False
2004,NEW HANOVER,W01 W01,NEW HANOVER|VTDW01,direct_sf1_vtd,NEW HANOVER - W01 W01,True
2004,NEW HANOVER,W02 W02,NEW HANOVER|VTDW02,direct_sf1_vtd,NEW HANOVER - W02 W02,True
2004,NEW HANOVER,W03 W03,NEW HANOVER|VTDW03,direct_sf1_vtd,NEW HANOVER - W03 W03,True
2004,NEW HANOVER,W04 W04,NEW HANOVER|VTDW04,direct_sf1_vtd,NEW HANOVER - W04 W04,True
2004,NEW HANOVER,W05 W05,NEW HANOVER|VTDW05,direct_sf1_vtd,NEW HANOVER - W05 W05,True
2004,NEW HANOVER,W06 W06,NEW HANOVER|VTDW06,direct_sf1_vtd,NEW HANOVER - W06 W06,True
2004,NEW HANOVER,W07 W07,NEW HANOVER|VTDW07,direct_sf1_vtd,NEW HANOVER - W07 W07,True
2004,NEW HANOVER,W08 W08,NEW HANOVER|VTDW08,direct_sf1_vtd,NEW HANOVER - W08 W08,True
2004,NEW HANOVER,W09 W09,NEW HANOVER|VTDW09,direct_sf1_vtd,NEW HANOVER - W09 W09,True
2004,NEW HANOVER,W10 W10,NEW HANOVER|VTDW10,direct_sf1_vtd,NEW HANOVER - W10 W10,True
2004,NEW HANOVER,W11 W11,NEW HANOVER|VTDW11,direct_sf1_vtd,NEW HANOVER - W11 W11,True
2004,NEW HANOVER,W12 W12,NEW HANOVER|VTDW12,direct_sf1_vtd,NEW HANOVER - W12 W12,True
2004,NEW HANOVER,W13 W13,NEW HANOVER|VTDW13,direct_sf1_vtd,NEW HANOVER - W13 W13,True
2004,NEW HANOVER,W14 W14,NEW HANOVER|VTDW14,direct_sf1_vtd,NEW HANOVER - W14 W14,True
2004,NEW HANOVER,W15 W15,NEW HANOVER|VTDW15,direct_sf1_vtd,NEW HANOVER - W15 W15,True
2004,NEW HANOVER,W16 W16,NEW HANOVER|VTDW16,direct_sf1_vtd,NEW HANOVER - W16 W16,True
2004,NEW HANOVER,W17 W17,NEW HANOVER|VTDW17,direct_sf1_vtd,NEW HANOVER - W17 W17,True
2004,NEW HANOVER,W18 W18,NEW HANOVER|VTDW18,direct_sf1_vtd,NEW HANOVER - W18 W18,True
2004,NEW HANOVER,W19 W19,NEW HANOVER|VTDW19,direct_sf1_vtd,NEW HANOVER - W19 W19,True
2004,NEW HANOVER,W20 W20,NEW HANOVER|VTDW20,direct_sf1_vtd,NEW HANOVER - W20 W20,True
2004,NEW HANOVER,W21 W21,NEW HANOVER|VTDW21,direct_sf1_vtd,NEW HANOVER - W21 W21,True
2004,NEW HANOVER,W22 W22,NEW HANOVER|VTDW22,direct_sf1_vtd,NEW HANOVER - W22 W22,True
2004,NEW HANOVER,W23 W23,NEW HANOVER|VTDW23,direct_sf1_vtd,NEW HANOVER - W23 W23,True
2004,NEW HANOVER,W24 W24,NEW HANOVER|VTDW24,direct_sf1_vtd,NEW HANOVER - W24 W24,True
2004,NEW HANOVER,WB WB,NEW HANOVER|VTDWB,direct_sf1_vtd,NEW HANOVER - WB WB,True
2004,WAKE,01-01 01-01,WAKE|VTD101,direct_sf1_vtd,WAKE - 01-01 01-01,True
2004,WAKE,01-02 01-02,WAKE|VTD102,direct_sf1_vtd,WAKE - 01-02 01-02,True
2004,WAKE,01-03 01-03,WAKE|VTD103,direct_sf1_vtd,WAKE - 01-03 01-03,True
2004,WAKE,01-04 01-04,WAKE|VTD104,direct_sf1_vtd,WAKE - 01-04 01-04,True
2004,WAKE,01-05 01-05,WAKE|VTD105,direct_sf1_vtd,WAKE - 01-05 01-05,True
2004,WAKE,01-06 01-06,WAKE|VTD106,direct_sf1_vtd,WAKE - 01-06 01-06,True
2004,WAKE,01-07 01-07,WAKE|VTD107,direct_sf1_vtd,WAKE - 01-07 01-07,True
2004,WAKE,01-07A 01-07A,WAKE|PLANHS|H38|S16,historical_plan_cell_hs,WAKE - 01-07A 01-07A,True
2004,WAKE,01-09 01-09,WAKE|VTD109,direct_sf1_vtd,WAKE - 01-09 01-09,True
2004,WAKE,01-10 01-10,WAKE|VTD110,direct_sf1_vtd,WAKE - 01-10 01-10,True
2004,WAKE,01-11 01-11,WAKE|VTD111,direct_sf1_vtd,WAKE - 01-11 01-11,True
2004,WAKE,01-12 01-12,WAKE|VTD112,direct_sf1_vtd,WAKE - 01-12 01-12,True
2004,WAKE,01-13 01-13,WAKE|VTD113,direct_sf1_vtd,WAKE - 01-13 01-13,True
2004,WAKE,01-14 01-14,WAKE|VTD114,direct_sf1_vtd,WAKE - 01-14 01-14,True
2004,WAKE,01-15 01-15,WAKE|VTD115,direct_sf1_vtd,WAKE - 01-15 01-15,True
2004,WAKE,01-16 01-16,WAKE|VTD116,direct_sf1_vtd,WAKE - 01-16 01-16,True
2004,WAKE,01-17 01-17,WAKE|VTD117,direct_sf1_vtd,WAKE - 01-17 01-17,True
2004,WAKE,01-18 01-18,WAKE|VTD118,direct_sf1_vtd,WAKE - 01-18 01-18,True
2004,WAKE,01-19 01-19,WAKE|VTD119,direct_sf1_vtd,WAKE - 01-19 01-19,True
2004,WAKE,01-20 01-20,WAKE|VTD120,direct_sf1_vtd,WAKE - 01-20 01-20,True
2004,WAKE,01-21 01-21,WAKE|VTD121,direct_sf1_vtd,WAKE - 01-21 01-21,True
2004,WAKE,01-22 01-22,WAKE|VTD122,direct_sf1_vtd,WAKE - 01-22 01-22,True
2004,WAKE,01-23 01-23,WAKE|VTD123,direct_sf1_vtd,WAKE - 01-23 01-23,True
2004,WAKE,01-25 01-25,WAKE|VTD125,direct_sf1_vtd,WAKE - 01-25 01-25,True
2004,WAKE,01-26 01-26,WAKE|VTD126,direct_sf1_vtd,WAKE - 01-26 01-26,True
2004,WAKE,01-27 01-27,WAKE|VTD127,direct_sf1_vtd,WAKE - 01-27 01-27,True
2004,WAKE,01-28 01-28,WAKE|VTD128,direct_sf1_vtd,WAKE - 01-28 01-28,True
2004,WAKE,01-29 01-29,WAKE|VTD129,direct_sf1_vtd,WAKE - 01-29 01-29,True
2004,WAKE,01-30 01-30,WAKE|VTD130,direct_sf1_vtd,WAKE - 01-30 01-30,True
2004,WAKE,01-31 01-31,WAKE|VTD131,direct_sf1_vtd,WAKE - 01-31 01-31,True
2004,WAKE,01-32 01-32,WAKE|VTD132,direct_sf1_vtd,WAKE - 01-32 01-32,True
2004,WAKE,01-33 01-33,WAKE|VTD133,direct_sf1_vtd,WAKE - 01-33 01-33,True
2004,WAKE,01-34 01-34,WAKE|VTD134,direct_sf1_vtd,WAKE - 01-34 01-34,True
2004,WAKE,01-35 01-35,WAKE|VTD135,direct_sf1_vtd,WAKE - 01-35 01-35,True
2004,WAKE,01-36 01-36,WAKE|VTD136,direct_sf1_vtd,WAKE - 01-36 01-36,True
2004,WAKE,01-37 01-37,WAKE|VTD137,direct_sf1_vtd,WAKE - 01-37 01-37,True
2004,WAKE,01-38 01-38,WAKE|VTD138,direct_sf1_vtd,WAKE - 01-38 01-38,True
2004,WAKE,01-39 01-39,WAKE|VTD139,direct_sf1_vtd,WAKE - 01-39 01-39,True
2004,WAKE,01-40 01-40,WAKE|VTD140,direct_sf1_vtd,WAKE - 01-40 01-40,True
2004,WAKE,01-41 01-41,WAKE|VTD141,direct_sf1_vtd,WAKE - 01-41 01-41,True
2004,WAKE,01-42 01-42,WAKE|VTD142,direct_sf1_vtd,WAKE - 01-42 01-42,True
2004,WAKE,01-43 01-43,WAKE|VTD143,direct_sf1_vtd,WAKE - 01-43 01-43,True
2004,WAKE,01-44 01-44,WAKE|VTD144,direct_sf1_vtd,WAKE - 01-44 01-44,True
2004,WAKE,01-45 01-45,WAKE|VTD145,direct_sf1_vtd,WAKE - 01-45 01-45,True
2004,WAKE,01-46 01-46,WAKE|VTD146,direct_sf1_vtd,WAKE - 01-46 01-46,True
2004,WAKE,01-47 01-47,WAKE|VTD147,direct_sf1_vtd,WAKE - 01-47 01-47,True
2004,WAKE,01-48 01-48,WAKE|VTD148,direct_sf1_vtd,WAKE - 01-48 01-48,True
2004,WAKE,01-49 01-49,WAKE|PLANHS|H35|S16,historical_plan_cell_hs,WAKE - 01-49 01-49,True
2004,WAKE,01-50 01-50,WAKE|PLANHS|H38|S14,historical_plan_cell_hs,WAKE - 01-50 01-50,True
2004,WAKE,01-51 01-51,WAKE|PLANHS|H34|S15,historical_plan_cell_hs,WAKE - 01-51 01-51,True
2004,WAKE,02-01 02-01,WAKE|VTD201,direct_sf1_vtd,WAKE - 02-01 02-01,True
2004,WAKE,02-02 02-02,WAKE|VTD202,direct_sf1_vtd,WAKE - 02-02 02-02,True
2004,WAKE,02-03 02-03,WAKE|VTD203,direct_sf1_vtd,WAKE - 02-03 02-03,True
2004,WAKE,02-04 02-04,WAKE|VTD204,direct_sf1_vtd,WAKE - 02-04 02-04,True
2004,WAKE,02-05 02-05,WAKE|VTD205,direct_sf1_vtd,WAKE - 02-05 02-05,True
2004,WAKE,02-06 02-06,WAKE|VTD206,direct_sf1_vtd,WAKE - 02-06 02-06,True
2004,WAKE,03-00 03-00,WAKE|VTD300,direct_sf1_vtd,WAKE - 03-00 03-00,True
2004,WAKE,04-01 04-01,WAKE|VTD401,direct_sf1_vtd,WAKE - 04-01 04-01,True
2004,WAKE,04-02 04-02,WAKE|VTD402,direct_sf1_vtd,WAKE - 04-02 04-02,True
2004,WAKE,04-03 04-03,WAKE|VTD403,direct_sf1_vtd,WAKE - 04-03 04-03,True
2004,WAKE,04-04 04-04,WAKE|VTD404,direct_sf1_vtd,WAKE - 04-04 04-04,True
2004,WAKE,04-05 04-05,WAKE|VTD405,direct_sf1_vtd,WAKE - 04-05 04-05,True
2004,WAKE,04-06 04-06,WAKE|VTD406,direct_sf1_vtd,WAKE - 04-06 04-06,True
2004,WAKE,04-07 04-07,WAKE|VTD407,direct_sf1_vtd,WAKE - 04-07 04-07,True
2004,WAKE,04-08 04-08,WAKE|VTD408,direct_sf1_vtd,WAKE - 04-08 04-08,True
2004,WAKE,04-09 04-09,WAKE|VTD409,direct_sf1_vtd,WAKE - 04-09 04-09,True
2004,WAKE,04-10 04-10,WAKE|VTD410,direct_sf1_vtd,WAKE - 04-10 04-10,True
2004,WAKE,04-11 04-11,WAKE|VTD411,direct_sf1_vtd,WAKE - 04-11 04-11,True
2004,WAKE,04-12 04-12,WAKE|VTD412,direct_sf1_vtd,WAKE - 04-12 04-12,True
2004,WAKE,04-13 04-13,WAKE|VTD413,direct_sf1_vtd,WAKE - 04-13 04-13,True
2004,WAKE,04-14 04-14,WAKE|VTD414,direct_sf1_vtd,WAKE - 04-14 04-14,True
2004,WAKE,04-15 04-15,WAKE|VTD415,direct_sf1_vtd,WAKE - 04-15 04-15,True
2004,WAKE,04-16 04-16,WAKE|VTD416,direct_sf1_vtd,WAKE - 04-16 04-16,True
2004,WAKE,04-17 04-17,WAKE|VTD417,direct_sf1_vtd,WAKE - 04-17 04-17,True
2004,WAKE,04-18 04-18,WAKE|VTD418,direct_sf1_vtd,WAKE - 04-18 04-18,True
2004,WAKE,04-19 04-19,WAKE|VTD419,direct_sf1_vtd,WAKE - 04-19 04-19,True
2004,WAKE,04-20 04-20,WAKE|PLANHS|H36|S16,historical_plan_cell_hs,WAKE - 04-20 04-20,True
2004,WAKE,04-21 04-21,WAKE|PLANHS|H35|S16,historical_plan_cell_hs,WAKE - 04-21 04-21,True
2004,WAKE,05-01 05-01,WAKE|PLANHS|H41|S16,historical_plan_cell_hs,WAKE - 05-01 05-01,True
2004,WAKE,05-02 05-02,WAKE|PLANHS|H41|S16,historical_plan_cell_hs,WAKE - 05-02 05-02,True
2004,WAKE,05-02A 05-02A,WAKE|PLANHS|H41|S16,historical_plan_cell_hs,WAKE - 05-02A 05-02A,True
2004,WAKE,05-03 05-03,WAKE|PLANHS|H41|S16,historical_plan_cell_hs,WAKE - 05-03 05-03,True
2004,WAKE,06-01 06-01,WAKE|VTD601,direct_sf1_vtd,WAKE - 06-01 06-01,True
2004,WAKE,06-02 06-02,WAKE|VTD602,direct_sf1_vtd,WAKE - 06-02 06-02,True
2004,WAKE,06-03 06-03,WAKE|VTD603,direct_sf1_vtd,WAKE - 06-03 06-03,True
2004,WAKE,07-01 07-01,WAKE|VTD701,direct_sf1_vtd,WAKE - 07-01 07-01,True
2004,WAKE,07-02 07-02,WAKE|VTD702,direct_sf1_vtd,WAKE - 07-02 07-02,True
2004,WAKE,07-03 07-03,WAKE|VTD703,direct_sf1_vtd,WAKE - 07-03 07-03,True
2004,WAKE,07-04 07-04,WAKE|VTD704,direct_sf1_vtd,WAKE - 07-04 07-04,True
2004,WAKE,07-05 07-05,WAKE|VTD705,direct_sf1_vtd,WAKE - 07-05 07-05,True
2004,WAKE,07-06 07-06,WAKE|VTD706,direct_sf1_vtd,WAKE - 07-06 07-06,True
2004,WAKE,07-07 07-07,WAKE|VTD707,direct_sf1_vtd,WAKE - 07-07 07-07,True
2004,WAKE,07-07A 07-07A,WAKE|PLANHS|H41|S15,historical_plan_cell_hs,WAKE - 07-07A 07-07A,True
2004,WAKE,07-09 07-09,WAKE|VTD709,direct_sf1_vtd,WAKE - 07-09 07-09,True
2004,WAKE,07-10 07-10,WAKE|VTD710,direct_sf1_vtd,WAKE - 07-10 07-10,True
2004,WAKE,07-11 07-11,WAKE|PLANHS|H34|S15,historical_plan_cell_hs,WAKE - 07-11 07-11,True
2004,WAKE,07-12 07-12,WAKE|PLANHS|H41|S15,historical_plan_cell_hs,WAKE - 07-12 07-12,True
2004,WAKE,07-13 07-13,WAKE|PLANHS|H34|S15,historical_plan_cell_hs,WAKE - 07-13 07-13,True
2004,WAKE,08-01 08-01,WAKE|VTD801,direct_sf1_vtd,WAKE - 08-01 08-01,True
2004,WAKE,08-02 08-02,WAKE|VTD802,direct_sf1_vtd,WAKE - 08-02 08-02,True
2004,WAKE,08-03 08-03,WAKE|VTD803,direct_sf1_vtd,WAKE - 08-03 08-03,True
2004,WAKE,08-04 08-04,WAKE|VTD804,direct_sf1_vtd,WAKE - 08-04 08-04,True
2004,WAKE,08-05 08-05,WAKE|VTD805,direct_sf1_vtd,WAKE - 08-05 08-05,True
2004,WAKE,08-06 08-06,WAKE|VTD806,direct_sf1_vtd,WAKE - 08-06 08-06,True
2004,WAKE,08-07 08-07,WAKE|PLANHS|H40|S15,historical_plan_cell_hs,WAKE - 08-07 08-07,True
2004,WAKE,08-08 08-08,WAKE|PLANHS|H40|S15,historical_plan_cell_hs,WAKE - 08-08 08-08,True
2004,WAKE,08-09 08-09,WAKE|PLANHS|H41|S15,historical_plan_cell_hs,WAKE - 08-09 08-09,True
2004,WAKE,09-01 09-01,WAKE|VTD901,direct_sf1_vtd,WAKE - 09-01 09-01,True
2004,WAKE,09-02 09-02,WAKE|VTD902,direct_sf1_vtd,WAKE - 09-02 09-02,True
2004,WAKE,09-03 09-03,WAKE|PLANHS|H39|S14,historical_plan_cell_hs,WAKE - 09-03 09-03,True
2004,WAKE,10-01 10-01,WAKE|VTD1001,direct_sf1_vtd,WAKE - 10-01 10-01,True
2004,WAKE,10-02 10-02,WAKE|VTD1002,direct_sf1_vtd,WAKE - 10-02 10-02,True
2004,WAKE,10-03 10-03,WAKE|PLANHS|H39|S14,historical_plan_cell_hs,WAKE - 10-03 10-03,True
2004,WAKE,10-04 10-04,WAKE|PLANHS|H39|S14,historical_plan_cell_hs,WAKE - 10-04 10-04,True
2004,WAKE,11-01 11-01,WAKE|VTD1101,direct_sf1_vtd,WAKE - 11-01 11-01,True
2004,WAKE,11-02 11-02,WAKE|VTD1102,direct_sf1_vtd,WAKE - 11-02 11-02,True
2004,WAKE,12-01 12-01,WAKE|VTD1201,direct_sf1_vtd,WAKE - 12-01 12-01,True
2004,WAKE,12-02 12-02,WAKE|VTD1202,direct_sf1_vtd,WAKE - 12-02 12-02,True
2004,WAKE,12-03 12-03,WAKE|VTD1203,direct_sf1_vtd,WAKE - 12-03 12-03,True
2004,WAKE,12-04 12-04,WAKE|VTD1204,direct_sf1_vtd,WAKE - 12-04 12-04,True
2004,WAKE,12-05 12-05,WAKE|PLANHS|H37|S17,historical_plan_cell_hs,WAKE - 12-05 12-05,True
2004,WAKE,12-06 12-06,WAKE|PLANHS|H37|S17,historical_plan_cell_hs,WAKE - 12-06 12-06,True
2004,WAKE,12-07 12-07,WAKE|PLANHS|H37|S17,historical_plan_cell_hs,WAKE - 12-07 12-07,True
2004,WAKE,13-01 13-01,WAKE|VTD1301,direct_sf1_vtd,WAKE - 13-01 13-01,True
2004,WAKE,13-02 13-02,WAKE|VTD1302,direct_sf1_vtd,WAKE - 13-02 13-02,True
2004,WAKE,13-03 13-03,WAKE|VTD1303,direct_sf1_vtd,WAKE - 13-03 13-03,True
2004,WAKE,13-04 13-04,WAKE|PLANHS|H40|S15,historical_plan_cell_hs,WAKE - 13-04 13-04,True
2004,WAKE,14-01 14-01,WAKE|VTD1401,direct_sf1_vtd,WAKE - 14-01 14-01,True
2004,WAKE,14-02 14-02,WAKE|VTD1402,direct_sf1_vtd,WAKE - 14-02 14-02,True
2004,WAKE,15-01 15-01,WAKE|VTD1501,direct_sf1_vtd,WAKE - 15-01 15-01,True
2004,WAKE,15-02 15-02,WAKE|VTD1502,direct_sf1_vtd,WAKE - 15-02 15-02,True
2004,WAKE,15-03 15-03,WAKE|PLANHS|H37|S17,historical_plan_cell_hs,WAKE - 15-03 15-03,True
2004,WAKE,15-04 15-04,WAKE|PLANHS|H38|S17,historical_plan_cell_hs,WAKE - 15-04 15-04,True
2004,WAKE,16-01 16-01,WAKE|VTD1601,direct_sf1_vtd,WAKE - 16-01 16-01,True
2004,WAKE,16-02 16-02,WAKE|VTD1602,direct_sf1_vtd,WAKE - 16-02 16-02,True
2004,WAKE,16-03 16-03,WAKE|VTD1603,direct_sf1_vtd,WAKE - 16-03 16-03,True
2004,WAKE,16-04 16-04,WAKE|VTD1604,direct_sf1_vtd,WAKE - 16-04 16-04,True
2004,WAKE,16-05 16-05,WAKE|VTD1605,direct_sf1_vtd,WAKE - 16-05 16-05,True
2004,WAKE,16-06 16-06,WAKE|VTD1606,direct_sf1_vtd,WAKE - 16-06 16-06,True
2004,WAKE,16-07 16-07,WAKE|VTD1607,direct_sf1_vtd,WAKE - 16-07 16-07,True
2004,WAKE,16-08 16-08,WAKE|PLANHS|H39|S14,historical_plan_cell_hs,WAKE - 16-08 16-08,True
2004,WAKE,16-09 16-09,WAKE|PLANHS|H39|S17,historical_plan_cell_hs,WAKE - 16-09 16-09,True
2004,WAKE,17-01 17-01,WAKE|VTD1701,direct_sf1_vtd,WAKE - 17-01 17-01,True
2004,WAKE,17-02 17-02,WAKE|VTD1702,direct_sf1_vtd,WAKE - 17-02 17-02,True
2004,WAKE,17-03 17-03,WAKE|VTD1703,direct_sf1_vtd,WAKE - 17-03 17-03,True
2004,WAKE,17-04 17-04,WAKE|VTD1704,direct_sf1_vtd,WAKE - 17-04 17-04,True
2004,WAKE,17-05 17-05,WAKE|VTD1705,direct_sf1_vtd,WAKE - 17-05 17-05,True
2004,WAKE,17-06 17-06,WAKE|VTD1706,direct_sf1_vtd,WAKE - 17-06 17-06,True
2004,WAKE,17-07 17-07,WAKE|VTD1707,direct_sf1_vtd,WAKE - 17-07 17-07,True
2004,WAKE,17-08 17-08,WAKE|PLANHS|H39|S14,historical_plan_cell_hs,WAKE - 17-08 17-08,True
2004,WAKE,17-09 17-09,WAKE|PLANHS|H33|S14,historical_plan_cell_hs,WAKE - 17-09 17-09,True
2004,WAKE,17-10 17-10,WAKE|PLANHS|H33|S14,historical_plan_cell_hs,WAKE - 17-10 17-10,True
2004,WAKE,17-11 17-11,WAKE|PLANHS|H33|S14,historical_plan_cell_hs,WAKE - 17-11 17-11,True
2004,WAKE,18-01 18-01,WAKE|VTD1801,direct_sf1_vtd,WAKE - 18-01 18-01,True
2004,WAKE,18-02 18-02,WAKE|VTD1802,direct_sf1_vtd,WAKE - 18-02 18-02,True
2004,WAKE,18-03 18-03,WAKE|VTD1803,direct_sf1_vtd,WAKE - 18-03 18-03,True
2004,WAKE,18-04 18-04,WAKE|VTD1804,direct_sf1_vtd,WAKE - 18-04 18-04,True
2004,WAKE,18-05 18-05,WAKE|VTD1805,direct_sf1_vtd,WAKE - 18-05 18-05,True
2004,WAKE,18-06 18-06,WAKE|VTD1806,direct_sf1_vtd,WAKE - 18-06 18-06,True
2004,WAKE,18-07 18-07,WAKE|PLANHS|H36|S17,historical_plan_cell_hs,WAKE - 18-07 18-07,True
2004,WAKE,19-01 19-01,WAKE|VTD1901,direct_sf1_vtd,WAKE - 19-01 19-01,True
2004,WAKE,19-02 19-02,WAKE|VTD1902,direct_sf1_vtd,WAKE - 19-02 19-02,True
2004,WAKE,19-03 19-03,WAKE|VTD1903,direct_sf1_vtd,WAKE - 19-03 19-03,True
2004,WAKE,19-04 19-04,WAKE|VTD1904,direct_sf1_vtd,WAKE - 19-04 19-04,True
2004,WAKE,19-05 19-05,WAKE|VTD1905,direct_sf1_vtd,WAKE - 19-05 19-05,True
2004,WAKE,19-06 19-06,WAKE|PLANHS|H40|S15,historical_plan_cell_hs,WAKE - 19-06 19-06,True
2004,WAKE,20-01 20-01,WAKE|VTD2001,direct_sf1_vtd,WAKE - 20-01 20-01,True
2004,WAKE,20-02 20-02,WAKE|VTD2002,direct_sf1_vtd,WAKE - 20-02 20-02,True
2004,WAKE,20-03 20-03,WAKE|VTD2003,direct_sf1_vtd,WAKE - 20-03 20-03,True
2004,WAKE,20-04 20-04,WAKE|VTD2004,direct_sf1_vtd,WAKE - 20-04 20-04,True
2004,WAKE,20-05 20-05,WAKE|VTD2005,direct_sf1_vtd,WAKE - 20-05 20-05,True
2004,WAKE,20-06 20-06,WAKE|VTD2006,direct_sf1_vtd,WAKE - 20-06 20-06,True
2004,WAKE,20-08 20-08,WAKE|PLANHS|H37|S17,historical_plan_cell_hs,WAKE - 20-08 20-08,True
2004,WAKE,20-09 20-09,WAKE|PLANHS|H36|S17,historical_plan_cell_hs,WAKE - 20-09 20-09,True
2004,WAKE,20-10 20-10,WAKE|PLANHS|H41|S17,historical_plan_cell_hs,WAKE - 20-10 20-10,True
