{"type":"FeatureCollection","features":[{"type":"Feature","properties":{"county_nam":"ROCKINGHAM","prec_id":"LI-1","enr_desc":"LINCOLN-1","name":"LINCOLN-1","label":"LINCOLN-1","precinct_norm":"ROCKINGHAM - LI-1"},"geometry":{"type":"Point","coordinates":[-79.604654,36.450968]}},{"type":"Feature","properties":{"county_nam":"ROCKINGHAM","prec_id":"DR","enr_desc":"DRAPER","name":"DRAPER","label":"DRAPER","precinct_norm":"ROCKINGHAM - DR"},"geometry":{"type":"Point","coordinates":[-79.68551,36.512797]}},{"type":"Feature","properties":{"county_nam":"ROCKINGHAM","prec_id":"RC","enr_desc":"ROCK CENTRAL","name":"ROCK CENTRAL","label":"ROCK CENTRAL","precinct_norm":"ROCKINGHAM - RC"},"geometry":{"type":"Point","coordinates":[-79.75632,36.420502]}},{"type":"Feature","properties":{"county_nam":"ROCKINGHAM","prec_id":"WS-1","enr_desc":"WESTERN-1","name":"WESTERN-1","label":"WESTERN-1","precinct_norm":"ROCKINGHAM - WS-1"},"geometry":{"type":"Point","coordinates":[-79.985161,36.441526]}},{"type":"Feature","properties":{"county_nam":"ROCKINGHAM","prec_id":"ST","enr_desc":"STONEVILLE","name":"STONEVILLE","label":"STONEVILLE","precinct_norm":"ROCKINGHAM - ST"},"geometry":{"type":"Point","coordinates":[-79.885577,36.475852]}},{"type":"Feature","properties":{"county_nam":"ROCKINGHAM","prec_id":"RE-1","enr_desc":"REIDSVILLE-1","name":"REIDSVILLE-1","label":"REIDSVILLE-1","precinct_norm":"ROCKINGHAM - RE-1"},"geometry":{"type":"Point","coordinates":[-79.688771,36.366292]}},{"type":"Feature","properties":{"county_nam":"ROCKINGHAM","prec_id":"WI","enr_desc":"WILLIAMSBURG","name":"WILLIAMSBURG","label":"WILLIAMSBURG","precinct_norm":"ROCKINGHAM - WI"},"geometry":{"type":"Point","coordinates":[-79.568982,36.325822]}},{"type":"Feature","properties":{"county_nam":"ROCKINGHAM","prec_id":"RE-2","enr_desc":"REIDSVILLE-2","name":"REIDSVILLE-2","label":"REIDSVILLE-2","precinct_norm":"ROCKINGHAM - RE-2"},"geometry":{"type":"Point","coordinates":[-79.669489,36.315362]}},{"type":"Feature","properties":{"county_nam":"ROCKINGHAM","prec_id":"MO","enr_desc":"MONROETON","name":"MONROETON","label":"MONROETON","precinct_norm":"ROCKINGHAM - MO"},"geometry":{"type":"Point","coordinates":[-79.765409,36.299724]}},{"type":"Feature","properties":{"county_nam":"ROCKINGHAM","prec_id":"ED","enr_desc":"EDEN","name":"EDEN","label":"EDEN","precinct_norm":"ROCKINGHAM - ED"},"geometry":{"type":"Point","coordinates":[-79.788984,36.500961]}},{"type":"Feature","properties":{"county_nam":"ROCKINGHAM","prec_id":"HO-1","enr_desc":"HOGANS-1","name":"HOGANS-1","label":"HOGANS-1","precinct_norm":"ROCKINGHAM - HO-1"},"geometry":{"type":"Point","coordinates":[-79.914469,36.358679]}},{"type":"Feature","properties":{"county_nam":"ROCKINGHAM","prec_id":"NB","enr_desc":"NEW BETHEL","name":"NEW BETHEL","label":"NEW BETHEL","precinct_norm":"ROCKINGHAM - NB"},"geometry":{"type":"Point","coordinates":[-79.856219,36.32181]}},{"type":"Feature","properties":{"county_nam":"ROCKINGHAM","prec_id":"HU-1","enr_desc":"HUNTSVILLE-1","name":"HUNTSVILLE-1","label":"HUNTSVILLE-1","precinct_norm":"ROCKINGHAM - HU-1"},"geometry":{"type":"Point","coordinates":[-79.988788,36.31835]}},{"type":"Feature","properties":{"county_nam":"ROCKINGHAM","prec_id":"EC","enr_desc":"EDEN CENTRAL","name":"EDEN CENTRAL","label":"EDEN CENTRAL","precinct_norm":"ROCKINGHAM - EC"},"geometry":{"type":"Point","coordinates":[-79.738531,36.506451]}},{"type":"Feature","properties":{"county_nam":"MITCHELL","prec_id":"01-A","enr_desc":"BAKERSVILLE","name":"BAKERSVILLE","label":"BAKERSVILLE","precinct_norm":"MITCHELL - 01-A"},"geometry":{"type":"Point","coordinates":[-82.195479,36.019216]}},{"type":"Feature","properties":{"county_nam":"STANLY","prec_id":"0127","enr_desc":"NORWOOD","name":"NORWOOD","label":"NORWOOD","precinct_norm":"STANLY - 0127"},"geometry":{"type":"Point","coordinates":[-80.103639,35.221309]}},{"type":"Feature","properties":{"county_nam":"STANLY","prec_id":"0126","enr_desc":"AQUADALE","name":"AQUADALE","label":"AQUADALE","precinct_norm":"STANLY - 0126"},"geometry":{"type":"Point","coordinates":[-80.195263,35.218385]}},{"type":"Feature","properties":{"county_nam":"RICHMOND","prec_id":"25","enr_desc":"MINERAL SPRINGS 2","name":"MINERAL SPRINGS 2","label":"MINERAL SPRINGS 2","precinct_norm":"RICHMOND - 25"},"geometry":{"type":"Point","coordinates":[-79.806924,35.117206]}},{"type":"Feature","properties":{"county_nam":"RICHMOND","prec_id":"24","enr_desc":"MINERAL SPRINGS 1","name":"MINERAL SPRINGS 1","label":"MINERAL SPRINGS 1","precinct_norm":"RICHMOND - 24"},"geometry":{"type":"Point","coordinates":[-79.788253,35.046819]}},{"type":"Feature","properties":{"county_nam":"RICHMOND","prec_id":"23","enr_desc":"WOLF PIT 2","name":"WOLF PIT 2","label":"WOLF PIT 2","precinct_norm":"RICHMOND - 23"},"geometry":{"type":"Point","coordinates":[-79.81522,34.902464]}},{"type":"Feature","properties":{"county_nam":"RICHMOND","prec_id":"22","enr_desc":"WOLF PIT 1","name":"WOLF PIT 1","label":"WOLF PIT 1","precinct_norm":"RICHMOND - 22"},"geometry":{"type":"Point","coordinates":[-79.824751,34.864031]}},{"type":"Feature","properties":{"county_nam":"RICHMOND","prec_id":"21","enr_desc":"ROCKINGHAM 3","name":"ROCKINGHAM 3","label":"ROCKINGHAM 3","precinct_norm":"RICHMOND - 21"},"geometry":{"type":"Point","coordinates":[-79.707808,35.006155]}},{"type":"Feature","properties":{"county_nam":"DURHAM","prec_id":"57","enr_desc":"TRIANGLE GRACE CHURCH","name":"TRIANGLE GRACE CHURCH","label":"TRIANGLE GRACE CHURCH","precinct_norm":"DURHAM - 57"},"geometry":{"type":"Point","coordinates":[-78.949822,35.899339]}},{"type":"Feature","properties":{"county_nam":"STANLY","prec_id":"0003","enr_desc":"ALBEMARLE NUMBER 3","name":"ALBEMARLE NUMBER 3","label":"ALBEMARLE NUMBER 3","precinct_norm":"STANLY - 0003"},"geometry":{"type":"Point","coordinates":[-80.188928,35.36565]}},{"type":"Feature","properties":{"county_nam":"BURKE","prec_id":"0003","enr_desc":"DREXEL 03","name":"DREXEL 03","label":"DREXEL 03","precinct_norm":"BURKE - 0003"},"geometry":{"type":"Point","coordinates":[-81.60685,35.732502]}},{"type":"Feature","properties":{"county_nam":"BURKE","prec_id":"0019","enr_desc":"LINVILLE 01","name":"LINVILLE 01","label":"LINVILLE 01","precinct_norm":"BURKE - 0019"},"geometry":{"type":"Point","coordinates":[-81.90711,35.781066]}},{"type":"Feature","properties":{"county_nam":"STANLY","prec_id":"0019","enr_desc":"RIDENHOUR","name":"RIDENHOUR","label":"RIDENHOUR","precinct_norm":"STANLY - 0019"},"geometry":{"type":"Point","coordinates":[-80.294312,35.420651]}},{"type":"Feature","properties":{"county_nam":"MECKLENBURG","prec_id":"007","enr_desc":"007","name":"007","label":"007","precinct_norm":"MECKLENBURG - 007"},"geometry":{"type":"Point","coordinates":[-80.786671,35.185607]}},{"type":"Feature","properties":{"county_nam":"UNION","prec_id":"007","enr_desc":"MT. CARMEL METHODIST CHURCH","name":"MT. CARMEL METHODIST CHURCH","label":"MT. CARMEL METHODIST CHURCH","precinct_norm":"UNION - 007"},"geometry":{"type":"Point","coordinates":[-80.616697,34.935048]}},{"type":"Feature","properties":{"county_nam":"WARREN","prec_id":"007","enr_desc":"SHOCCO","name":"SHOCCO","label":"SHOCCO","precinct_norm":"WARREN - 007"},"geometry":{"type":"Point","coordinates":[-78.171439,36.302415]}},{"type":"Feature","properties":{"county_nam":"BURKE","prec_id":"0070","enr_desc":"SALEM","name":"SALEM","label":"SALEM","precinct_norm":"BURKE - 0070"},"geometry":{"type":"Point","coordinates":[-81.711384,35.695698]}},{"type":"Feature","properties":{"county_nam":"UNION","prec_id":"008","enr_desc":"WINGATE COMMUNITY CENTER","name":"WINGATE COMMUNITY CENTER","label":"WINGATE COMMUNITY CENTER","precinct_norm":"UNION - 008"},"geometry":{"type":"Point","coordinates":[-80.45677,34.981061]}},{"type":"Feature","properties":{"county_nam":"UNION","prec_id":"002","enr_desc":"MONROE MIDDLE SCHOOL","name":"MONROE MIDDLE SCHOOL","label":"MONROE MIDDLE SCHOOL","precinct_norm":"UNION - 002"},"geometry":{"type":"Point","coordinates":[-80.550183,34.967573]}},{"type":"Feature","properties":{"county_nam":"WARREN","prec_id":"001","enr_desc":"RIVER","name":"RIVER","label":"RIVER","precinct_norm":"WARREN - 001"},"geometry":{"type":"Point","coordinates":[-77.965089,36.46906]}},{"type":"Feature","properties":{"county_nam":"STANLY","prec_id":"0025","enr_desc":"FURR NUMBER 2","name":"FURR NUMBER 2","label":"FURR NUMBER 2","precinct_norm":"STANLY - 0025"},"geometry":{"type":"Point","coordinates":[-80.436132,35.207821]}},{"type":"Feature","properties":{"county_nam":"STOKES","prec_id":"01","enr_desc":"DANBURY","name":"DANBURY","label":"DANBURY","precinct_norm":"STOKES - 01"},"geometry":{"type":"Point","coordinates":[-80.211,36.409827]}},{"type":"Feature","properties":{"county_nam":"HOKE","prec_id":"01","enr_desc":"ALLENDALE","name":"ALLENDALE","label":"ALLENDALE","precinct_norm":"HOKE - 01"},"geometry":{"type":"Point","coordinates":[-79.301771,34.871872]}},{"type":"Feature","properties":{"county_nam":"MECKLENBURG","prec_id":"001","enr_desc":"001","name":"001","label":"001","precinct_norm":"MECKLENBURG - 001"},"geometry":{"type":"Point","coordinates":[-80.828891,35.202333]}},{"type":"Feature","properties":{"county_nam":"MECKLENBURG","prec_id":"003","enr_desc":"003","name":"003","label":"003","precinct_norm":"MECKLENBURG - 003"},"geometry":{"type":"Point","coordinates":[-80.75106,35.241528]}},{"type":"Feature","properties":{"county_nam":"BURKE","prec_id":"0031","enr_desc":"MORGANTON 01","name":"MORGANTON 01","label":"MORGANTON 01","precinct_norm":"BURKE - 0031"},"geometry":{"type":"Point","coordinates":[-81.681151,35.745409]}},{"type":"Feature","properties":{"county_nam":"UNION","prec_id":"001","enr_desc":"BENTON HEIGHTS CHURCH OF GOD","name":"BENTON HEIGHTS CHURCH OF GOD","label":"BENTON HEIGHTS CHURCH OF GOD","precinct_norm":"UNION - 001"},"geometry":{"type":"Point","coordinates":[-80.556791,34.999252]}},{"type":"Feature","properties":{"county_nam":"BURKE","prec_id":"0011","enr_desc":"ICARD 01","name":"ICARD 01","label":"ICARD 01","precinct_norm":"BURKE - 0011"},"geometry":{"type":"Point","coordinates":[-81.449664,35.761562]}},{"type":"Feature","properties":{"county_nam":"STANLY","prec_id":"0011","enr_desc":"ALBEMARLE NUMBER 11","name":"ALBEMARLE NUMBER 11","label":"ALBEMARLE NUMBER 11","precinct_norm":"STANLY - 0011"},"geometry":{"type":"Point","coordinates":[-80.196634,35.388378]}},{"type":"Feature","properties":{"county_nam":"BURKE","prec_id":"0012","enr_desc":"ICARD 02","name":"ICARD 02","label":"ICARD 02","precinct_norm":"BURKE - 0012"},"geometry":{"type":"Point","coordinates":[-81.501161,35.676409]}},{"type":"Feature","properties":{"county_nam":"BURKE","prec_id":"0013","enr_desc":"ICARD 03","name":"ICARD 03","label":"ICARD 03","precinct_norm":"BURKE - 0013"},"geometry":{"type":"Point","coordinates":[-81.444168,35.70164]}},{"type":"Feature","properties":{"county_nam":"BURKE","prec_id":"0048","enr_desc":"QUAKER MEADOWS 02","name":"QUAKER MEADOWS 02","label":"QUAKER MEADOWS 02","precinct_norm":"BURKE - 0048"},"geometry":{"type":"Point","coordinates":[-81.704138,35.799521]}},{"type":"Feature","properties":{"county_nam":"DURHAM","prec_id":"07","enr_desc":"SCHOOL OF THE ARTS","name":"SCHOOL OF THE ARTS","label":"SCHOOL OF THE ARTS","precinct_norm":"DURHAM - 07"},"geometry":{"type":"Point","coordinates":[-78.907255,36.003315]}},{"type":"Feature","properties":{"county_nam":"WAYNE","prec_id":"07","enr_desc":"07","name":"07","label":"07","precinct_norm":"WAYNE - 07"},"geometry":{"type":"Point","coordinates":[-77.857944,35.42492]}},{"type":"Feature","properties":{"county_nam":"STANLY","prec_id":"0014","enr_desc":"EAST ALBEMARLE","name":"EAST ALBEMARLE","label":"EAST ALBEMARLE","precinct_norm":"STANLY - 0014"},"geometry":{"type":"Point","coordinates":[-80.110656,35.32823]}},{"type":"Feature","properties":{"county_nam":"BURKE","prec_id":"0014","enr_desc":"ICARD 04","name":"ICARD 04","label":"ICARD 04","precinct_norm":"BURKE - 0014"},"geometry":{"type":"Point","coordinates":[-81.487761,35.714814]}},{"type":"Feature","properties":{"county_nam":"BURKE","prec_id":"0015","enr_desc":"ICARD 05","name":"ICARD 05","label":"ICARD 05","precinct_norm":"BURKE - 0015"},"geometry":{"type":"Point","coordinates":[-81.400935,35.742689]}},{"type":"Feature","properties":{"county_nam":"STANLY","prec_id":"0015","enr_desc":"BADIN","name":"BADIN","label":"BADIN","precinct_norm":"STANLY - 0015"},"geometry":{"type":"Point","coordinates":[-80.100318,35.380794]}},{"type":"Feature","properties":{"county_nam":"STANLY","prec_id":"0016","enr_desc":"PALMERVILLE","name":"PALMERVILLE","label":"PALMERVILLE","precinct_norm":"STANLY - 0016"},"geometry":{"type":"Point","coordinates":[-80.158378,35.419462]}},{"type":"Feature","properties":{"county_nam":"STANLY","prec_id":"0017","enr_desc":"NEW LONDON","name":"NEW LONDON","label":"NEW LONDON","precinct_norm":"STANLY - 0017"},"geometry":{"type":"Point","coordinates":[-80.189375,35.454871]}},{"type":"Feature","properties":{"county_nam":"BURKE","prec_id":"0018","enr_desc":"JONAS RIDGE","name":"JONAS RIDGE","label":"JONAS RIDGE","precinct_norm":"BURKE - 0018"},"geometry":{"type":"Point","coordinates":[-81.880627,35.949903]}},{"type":"Feature","properties":{"county_nam":"MITCHELL","prec_id":"07","enr_desc":"POPLAR","name":"POPLAR","label":"POPLAR","precinct_norm":"MITCHELL - 07"},"geometry":{"type":"Point","coordinates":[-82.376492,36.081211]}},{"type":"Feature","properties":{"county_nam":"STANLY","prec_id":"0018","enr_desc":"RICHFIELD","name":"RICHFIELD","label":"RICHFIELD","precinct_norm":"STANLY - 0018"},"geometry":{"type":"Point","coordinates":[-80.26422,35.473049]}},{"type":"Feature","properties":{"county_nam":"WARREN","prec_id":"002","enr_desc":"SIXPOUND","name":"SIXPOUND","label":"SIXPOUND","precinct_norm":"WARREN - 002"},"geometry":{"type":"Point","coordinates":[-78.058012,36.483183]}},{"type":"Feature","properties":{"county_nam":"MECKLENBURG","prec_id":"002","enr_desc":"002","name":"002","label":"002","precinct_norm":"MECKLENBURG - 002"},"geometry":{"type":"Point","coordinates":[-80.817608,35.20977]}},{"type":"Feature","properties":{"county_nam":"WAKE","prec_id":"01-05","enr_desc":"01-05","name":"01-05","label":"01-05","precinct_norm":"WAKE - 01-05"},"geometry":{"type":"Point","coordinates":[-78.652181,35.802499]}},{"type":"Feature","properties":{"county_nam":"BURKE","prec_id":"0020","enr_desc":"LINVILLE 02","name":"LINVILLE 02","label":"LINVILLE 02","precinct_norm":"BURKE - 0020"},"geometry":{"type":"Point","coordinates":[-81.835817,35.783745]}},{"type":"Feature","properties":{"county_nam":"STANLY","prec_id":"0021","enr_desc":"ENDY","name":"ENDY","label":"ENDY","precinct_norm":"STANLY - 0021"},"geometry":{"type":"Point","coordinates":[-80.275096,35.284811]}},{"type":"Feature","properties":{"county_nam":"BURKE","prec_id":"0021","enr_desc":"LOVELADY 01","name":"LOVELADY 01","label":"LOVELADY 01","precinct_norm":"BURKE - 0021"},"geometry":{"type":"Point","coordinates":[-81.577632,35.739242]}},{"type":"Feature","properties":{"county_nam":"STANLY","prec_id":"0022","enr_desc":"BIG LICK NUMBER 1","name":"BIG LICK NUMBER 1","label":"BIG LICK NUMBER 1","precinct_norm":"STANLY - 0022"},"geometry":{"type":"Point","coordinates":[-80.296488,35.212953]}},{"type":"Feature","properties":{"county_nam":"BURKE","prec_id":"0022","enr_desc":"LOVELADY 02","name":"LOVELADY 02","label":"LOVELADY 02","precinct_norm":"BURKE - 0022"},"geometry":{"type":"Point","coordinates":[-81.516855,35.746561]}},{"type":"Feature","properties":{"county_nam":"STANLY","prec_id":"0023","enr_desc":"BIG LICK NUMBER 2","name":"BIG LICK NUMBER 2","label":"BIG LICK NUMBER 2","precinct_norm":"STANLY - 0023"},"geometry":{"type":"Point","coordinates":[-80.37138,35.239292]}},{"type":"Feature","properties":{"county_nam":"STANLY","prec_id":"0024","enr_desc":"FURR NUMBER 1","name":"FURR NUMBER 1","label":"FURR NUMBER 1","precinct_norm":"STANLY - 0024"},"geometry":{"type":"Point","coordinates":[-80.410975,35.285361]}},{"type":"Feature","properties":{"county_nam":"BURKE","prec_id":"0024","enr_desc":"LOVELADY 04","name":"LOVELADY 04","label":"LOVELADY 04","precinct_norm":"BURKE - 0024"},"geometry":{"type":"Point","coordinates":[-81.556721,35.739633]}},{"type":"Feature","properties":{"county_nam":"WARREN","prec_id":"003","enr_desc":"HAWTREE","name":"HAWTREE","label":"HAWTREE","precinct_norm":"WARREN - 003"},"geometry":{"type":"Point","coordinates":[-78.146694,36.489419]}},{"type":"Feature","properties":{"county_nam":"UNION","prec_id":"003","enr_desc":"ST. LUKES LUTHERAN CHURCH","name":"ST. LUKES LUTHERAN CHURCH","label":"ST. LUKES LUTHERAN CHURCH","precinct_norm":"UNION - 003"},"geometry":{"type":"Point","coordinates":[-80.525438,34.966707]}},{"type":"Feature","properties":{"county_nam":"BURKE","prec_id":"0034","enr_desc":"MORGANTON 04","name":"MORGANTON 04","label":"MORGANTON 04","precinct_norm":"BURKE - 0034"},"geometry":{"type":"Point","coordinates":[-81.703332,35.73345]}},{"type":"Feature","properties":{"county_nam":"WAKE","prec_id":"01-09","enr_desc":"01-09","name":"01-09","label":"01-09","precinct_norm":"WAKE - 01-09"},"geometry":{"type":"Point","coordinates":[-78.64056,35.802254]}},{"type":"Feature","properties":{"county_nam":"BURKE","prec_id":"0035","enr_desc":"MORGANTON 05","name":"MORGANTON 05","label":"MORGANTON 05","precinct_norm":"BURKE - 0035"},"geometry":{"type":"Point","coordinates":[-81.676579,35.766451]}},{"type":"Feature","properties":{"county_nam":"BURKE","prec_id":"0036","enr_desc":"MORGANTON 06","name":"MORGANTON 06","label":"MORGANTON 06","precinct_norm":"BURKE - 0036"},"geometry":{"type":"Point","coordinates":[-81.639748,35.699455]}},{"type":"Feature","properties":{"county_nam":"BURKE","prec_id":"0038","enr_desc":"MORGANTON 08","name":"MORGANTON 08","label":"MORGANTON 08","precinct_norm":"BURKE - 0038"},"geometry":{"type":"Point","coordinates":[-81.648897,35.75752]}},{"type":"Feature","properties":{"county_nam":"BURKE","prec_id":"0039","enr_desc":"MORGANTON 09","name":"MORGANTON 09","label":"MORGANTON 09","precinct_norm":"BURKE - 0039"},"geometry":{"type":"Point","coordinates":[-81.659058,35.728224]}},{"type":"Feature","properties":{"county_nam":"MECKLENBURG","prec_id":"004","enr_desc":"004","name":"004","label":"004","precinct_norm":"MECKLENBURG - 004"},"geometry":{"type":"Point","coordinates":[-80.722518,35.237556]}},{"type":"Feature","properties":{"county_nam":"WARREN","prec_id":"004","enr_desc":"SMITH CREEK","name":"SMITH CREEK","label":"SMITH CREEK","precinct_norm":"WARREN - 004"},"geometry":{"type":"Point","coordinates":[-78.220735,36.487951]}},{"type":"Feature","properties":{"county_nam":"UNION","prec_id":"004","enr_desc":"SUTTON PARK RECREATION CENTER","name":"SUTTON PARK RECREATION CENTER","label":"SUTTON PARK RECREATION CENTER","precinct_norm":"UNION - 004"},"geometry":{"type":"Point","coordinates":[-80.503862,34.98752]}},{"type":"Feature","properties":{"county_nam":"BURKE","prec_id":"0040","enr_desc":"MORGANTON 10","name":"MORGANTON 10","label":"MORGANTON 10","precinct_norm":"BURKE - 0040"},"geometry":{"type":"Point","coordinates":[-81.747046,35.703135]}},{"type":"Feature","properties":{"county_nam":"BURKE","prec_id":"0047-A","enr_desc":"QUAKER MEADOWS 1-A","name":"QUAKER MEADOWS 1-A","label":"QUAKER MEADOWS 1-A","precinct_norm":"BURKE - 0047-A"},"geometry":{"type":"Point","coordinates":[-81.779728,35.769992]}},{"type":"Feature","properties":{"county_nam":"DURHAM","prec_id":"12","enr_desc":"MONUMENT OF FAITH CHURCH","name":"MONUMENT OF FAITH CHURCH","label":"MONUMENT OF FAITH CHURCH","precinct_norm":"DURHAM - 12"},"geometry":{"type":"Point","coordinates":[-78.894355,35.983447]}},{"type":"Feature","properties":{"county_nam":"MACON","prec_id":"12","enr_desc":"CARTOOGECHAYE","name":"CARTOOGECHAYE","label":"CARTOOGECHAYE","precinct_norm":"MACON - 12"},"geometry":{"type":"Point","coordinates":[-83.53342,35.116607]}},{"type":"Feature","properties":{"county_nam":"STOKES","prec_id":"12","enr_desc":"MOUNT OLIVE","name":"MOUNT OLIVE","label":"MOUNT OLIVE","precinct_norm":"STOKES - 12"},"geometry":{"type":"Point","coordinates":[-80.332765,36.361816]}},{"type":"Feature","properties":{"county_nam":"BURKE","prec_id":"0047-B","enr_desc":"QUAKER MEADOWS 1-B","name":"QUAKER MEADOWS 1-B","label":"QUAKER MEADOWS 1-B","precinct_norm":"BURKE - 0047-B"},"geometry":{"type":"Point","coordinates":[-81.747621,35.809552]}},{"type":"Feature","properties":{"county_nam":"MECKLENBURG","prec_id":"005","enr_desc":"005","name":"005","label":"005","precinct_norm":"MECKLENBURG - 005"},"geometry":{"type":"Point","coordinates":[-80.772845,35.223838]}},{"type":"Feature","properties":{"county_nam":"MECKLENBURG","prec_id":"006","enr_desc":"006","name":"006","label":"006","precinct_norm":"MECKLENBURG - 006"},"geometry":{"type":"Point","coordinates":[-80.752854,35.200302]}},{"type":"Feature","properties":{"county_nam":"WARREN","prec_id":"005","enr_desc":"NUTBUSH","name":"NUTBUSH","label":"NUTBUSH","precinct_norm":"WARREN - 005"},"geometry":{"type":"Point","coordinates":[-78.279731,36.469362]}},{"type":"Feature","properties":{"county_nam":"BURKE","prec_id":"0051","enr_desc":"SILVER CREEK 01","name":"SILVER CREEK 01","label":"SILVER CREEK 01","precinct_norm":"BURKE - 0051"},"geometry":{"type":"Point","coordinates":[-81.793617,35.716794]}},{"type":"Feature","properties":{"county_nam":"BURKE","prec_id":"0052","enr_desc":"SILVER CREEK 02","name":"SILVER CREEK 02","label":"SILVER CREEK 02","precinct_norm":"BURKE - 0052"},"geometry":{"type":"Point","coordinates":[-81.837445,35.649621]}},{"type":"Feature","properties":{"county_nam":"WARREN","prec_id":"006","enr_desc":"SANDY CREEK","name":"SANDY CREEK","label":"SANDY CREEK","precinct_norm":"WARREN - 006"},"geometry":{"type":"Point","coordinates":[-78.247457,36.329441]}},{"type":"Feature","properties":{"county_nam":"FORSYTH","prec_id":"704","enr_desc":"PARKWAY UNITED CHURCH OF CHRIST","name":"PARKWAY UNITED CHURCH OF CHRIST","label":"PARKWAY UNITED CHURCH OF CHRIST","precinct_norm":"FORSYTH - 704"},"geometry":{"type":"Point","coordinates":[-80.27515,36.075055]}},{"type":"Feature","properties":{"county_nam":"UNION","prec_id":"006","enr_desc":"BENTON HEIGHTS PRESBYTERIAN CHURCH","name":"BENTON HEIGHTS PRESBYTERIAN CHURCH","label":"BENTON HEIGHTS PRESBYTERIAN CHURCH","precinct_norm":"UNION - 006"},"geometry":{"type":"Point","coordinates":[-80.536026,35.028636]}},{"type":"Feature","properties":{"county_nam":"BURKE","prec_id":"0062","enr_desc":"UPPER CREEK","name":"UPPER CREEK","label":"UPPER CREEK","precinct_norm":"BURKE - 0062"},"geometry":{"type":"Point","coordinates":[-81.818103,35.874538]}},{"type":"Feature","properties":{"county_nam":"BURKE","prec_id":"0064","enr_desc":"UPPER FORK","name":"UPPER FORK","label":"UPPER FORK","precinct_norm":"BURKE - 0064"},"geometry":{"type":"Point","coordinates":[-81.663724,35.635349]}},{"type":"Feature","properties":{"county_nam":"BURKE","prec_id":"0066","enr_desc":"CHESTERFIELD","name":"CHESTERFIELD","label":"CHESTERFIELD","precinct_norm":"BURKE - 0066"},"geometry":{"type":"Point","coordinates":[-81.669956,35.829848]}},{"type":"Feature","properties":{"county_nam":"MECKLENBURG","prec_id":"008","enr_desc":"008","name":"008","label":"008","precinct_norm":"MECKLENBURG - 008"},"geometry":{"type":"Point","coordinates":[-80.834175,35.191653]}},{"type":"Feature","properties":{"county_nam":"WARREN","prec_id":"008","enr_desc":"FISHING CREEK","name":"FISHING CREEK","label":"FISHING CREEK","precinct_norm":"WARREN - 008"},"geometry":{"type":"Point","coordinates":[-77.990652,36.282711]}},{"type":"Feature","properties":{"county_nam":"MECKLENBURG","prec_id":"009","enr_desc":"009","name":"009","label":"009","precinct_norm":"MECKLENBURG - 009"},"geometry":{"type":"Point","coordinates":[-80.843924,35.207433]}},{"type":"Feature","properties":{"county_nam":"WATAUGA","prec_id":"01","enr_desc":"BALD MOUNTAIN","name":"BALD MOUNTAIN","label":"BALD MOUNTAIN","precinct_norm":"WATAUGA - 01"},"geometry":{"type":"Point","coordinates":[-81.602293,36.29521]}},{"type":"Feature","properties":{"county_nam":"UNION","prec_id":"009","enr_desc":"BEAVER LANE VFD","name":"BEAVER LANE VFD","label":"BEAVER LANE VFD","precinct_norm":"UNION - 009"},"geometry":{"type":"Point","coordinates":[-80.374024,34.986453]}},{"type":"Feature","properties":{"county_nam":"WARREN","prec_id":"009","enr_desc":"JUDKINS","name":"JUDKINS","label":"JUDKINS","precinct_norm":"WARREN - 009"},"geometry":{"type":"Point","coordinates":[-78.006834,36.380048]}},{"type":"Feature","properties":{"county_nam":"DURHAM","prec_id":"01","enr_desc":"BROGDEN MIDDLE SCHOOL","name":"BROGDEN MIDDLE SCHOOL","label":"BROGDEN MIDDLE SCHOOL","precinct_norm":"DURHAM - 01"},"geometry":{"type":"Point","coordinates":[-78.909418,36.019291]}},{"type":"Feature","properties":{"county_nam":"ALAMANCE","prec_id":"01","enr_desc":"PATTERSON","name":"PATTERSON","label":"PATTERSON","precinct_norm":"ALAMANCE - 01"},"geometry":{"type":"Point","coordinates":[-79.486796,35.905075]}},{"type":"Feature","properties":{"county_nam":"WAYNE","prec_id":"01","enr_desc":"01","name":"01","label":"01","precinct_norm":"WAYNE - 01"},"geometry":{"type":"Point","coordinates":[-78.021077,35.553357]}},{"type":"Feature","properties":{"county_nam":"CATAWBA","prec_id":"01","enr_desc":"BALLS CREEK","name":"BALLS CREEK","label":"BALLS CREEK","precinct_norm":"CATAWBA - 01"},"geometry":{"type":"Point","coordinates":[-81.105036,35.617139]}},{"type":"Feature","properties":{"county_nam":"ALLEGHANY","prec_id":"01","enr_desc":"CHERRY LANE","name":"CHERRY LANE","label":"CHERRY LANE","precinct_norm":"ALLEGHANY - 01"},"geometry":{"type":"Point","coordinates":[-81.022246,36.437128]}},{"type":"Feature","properties":{"county_nam":"AVERY","prec_id":"01","enr_desc":"ALTAMONT","name":"ALTAMONT","label":"ALTAMONT","precinct_norm":"AVERY - 01"},"geometry":{"type":"Point","coordinates":[-81.929344,36.000871]}},{"type":"Feature","properties":{"county_nam":"ROBESON","prec_id":"01","enr_desc":"ALFORDSVILLE","name":"ALFORDSVILLE","label":"ALFORDSVILLE","precinct_norm":"ROBESON - 01"},"geometry":{"type":"Point","coordinates":[-79.358621,34.621759]}},{"type":"Feature","properties":{"county_nam":"MACON","prec_id":"01","enr_desc":"NORTH FRANKLIN","name":"NORTH FRANKLIN","label":"NORTH FRANKLIN","precinct_norm":"MACON - 01"},"geometry":{"type":"Point","coordinates":[-83.39822,35.190202]}},{"type":"Feature","properties":{"county_nam":"DAVIE","prec_id":"01","enr_desc":"NORTH CALAHALN","name":"NORTH CALAHALN","label":"NORTH CALAHALN","precinct_norm":"DAVIE - 01"},"geometry":{"type":"Point","coordinates":[-80.656886,35.918863]}},{"type":"Feature","properties":{"county_nam":"FRANKLIN","prec_id":"01","enr_desc":"LOUISBURG CITY","name":"LOUISBURG CITY","label":"LOUISBURG CITY","precinct_norm":"FRANKLIN - 01"},"geometry":{"type":"Point","coordinates":[-78.299445,36.098565]}},{"type":"Feature","properties":{"county_nam":"RICHMOND","prec_id":"01","enr_desc":"ROCKINGHAM 1","name":"ROCKINGHAM 1","label":"ROCKINGHAM 1","precinct_norm":"RICHMOND - 01"},"geometry":{"type":"Point","coordinates":[-79.780166,34.930726]}},{"type":"Feature","properties":{"county_nam":"ROWAN","prec_id":"01","enr_desc":"BARNHARDT MILL","name":"BARNHARDT MILL","label":"BARNHARDT MILL","precinct_norm":"ROWAN - 01"},"geometry":{"type":"Point","coordinates":[-80.436436,35.537293]}},{"type":"Feature","properties":{"county_nam":"WAKE","prec_id":"01-01","enr_desc":"01-01","name":"01-01","label":"01-01","precinct_norm":"WAKE - 01-01"},"geometry":{"type":"Point","coordinates":[-78.667775,35.793086]}},{"type":"Feature","properties":{"county_nam":"CABARRUS","prec_id":"01-02","enr_desc":"01-02","name":"01-02","label":"01-02","precinct_norm":"CABARRUS - 01-02"},"geometry":{"type":"Point","coordinates":[-80.599859,35.273159]}},{"type":"Feature","properties":{"county_nam":"WAKE","prec_id":"01-02","enr_desc":"01-02","name":"01-02","label":"01-02","precinct_norm":"WAKE - 01-02"},"geometry":{"type":"Point","coordinates":[-78.683492,35.796953]}},{"type":"Feature","properties":{"county_nam":"WAKE","prec_id":"01-03","enr_desc":"01-03","name":"01-03","label":"01-03","precinct_norm":"WAKE - 01-03"},"geometry":{"type":"Point","coordinates":[-78.664645,35.807991]}},{"type":"Feature","properties":{"county_nam":"WAKE","prec_id":"01-04","enr_desc":"01-04","name":"01-04","label":"01-04","precinct_norm":"WAKE - 01-04"},"geometry":{"type":"Point","coordinates":[-78.657604,35.810862]}},{"type":"Feature","properties":{"county_nam":"CABARRUS","prec_id":"01-04","enr_desc":"01-04","name":"01-04","label":"01-04","precinct_norm":"CABARRUS - 01-04"},"geometry":{"type":"Point","coordinates":[-80.64738,35.281281]}},{"type":"Feature","properties":{"county_nam":"FRANKLIN","prec_id":"12","enr_desc":"HAYESVILLE","name":"HAYESVILLE","label":"HAYESVILLE","precinct_norm":"FRANKLIN - 12"},"geometry":{"type":"Point","coordinates":[-78.336775,36.213547]}},{"type":"Feature","properties":{"county_nam":"WAKE","prec_id":"01-06","enr_desc":"01-06","name":"01-06","label":"01-06","precinct_norm":"WAKE - 01-06"},"geometry":{"type":"Point","coordinates":[-78.651813,35.79412]}},{"type":"Feature","properties":{"county_nam":"WAKE","prec_id":"01-07","enr_desc":"01-07","name":"01-07","label":"01-07","precinct_norm":"WAKE - 01-07"},"geometry":{"type":"Point","coordinates":[-78.650966,35.784943]}},{"type":"Feature","properties":{"county_nam":"CABARRUS","prec_id":"01-07","enr_desc":"01-07","name":"01-07","label":"01-07","precinct_norm":"CABARRUS - 01-07"},"geometry":{"type":"Point","coordinates":[-80.628315,35.31481]}},{"type":"Feature","properties":{"county_nam":"WAKE","prec_id":"01-10","enr_desc":"01-10","name":"01-10","label":"01-10","precinct_norm":"WAKE - 01-10"},"geometry":{"type":"Point","coordinates":[-78.644365,35.811874]}},{"type":"Feature","properties":{"county_nam":"CABARRUS","prec_id":"01-08","enr_desc":"01-08","name":"01-08","label":"01-08","precinct_norm":"CABARRUS - 01-08"},"geometry":{"type":"Point","coordinates":[-80.589096,35.328279]}},{"type":"Feature","properties":{"county_nam":"CABARRUS","prec_id":"01-10","enr_desc":"01-10","name":"01-10","label":"01-10","precinct_norm":"CABARRUS - 01-10"},"geometry":{"type":"Point","coordinates":[-80.620609,35.340278]}},{"type":"Feature","properties":{"county_nam":"WAKE","prec_id":"01-11","enr_desc":"01-11","name":"01-11","label":"01-11","precinct_norm":"WAKE - 01-11"},"geometry":{"type":"Point","coordinates":[-78.65712,35.825201]}},{"type":"Feature","properties":{"county_nam":"CABARRUS","prec_id":"01-11","enr_desc":"01-11","name":"01-11","label":"01-11","precinct_norm":"CABARRUS - 01-11"},"geometry":{"type":"Point","coordinates":[-80.665857,35.317175]}},{"type":"Feature","properties":{"county_nam":"WAKE","prec_id":"01-12","enr_desc":"01-12","name":"01-12","label":"01-12","precinct_norm":"WAKE - 01-12"},"geometry":{"type":"Point","coordinates":[-78.629195,35.813427]}},{"type":"Feature","properties":{"county_nam":"WAKE","prec_id":"01-13","enr_desc":"01-13","name":"01-13","label":"01-13","precinct_norm":"WAKE - 01-13"},"geometry":{"type":"Point","coordinates":[-78.616237,35.803565]}},{"type":"Feature","properties":{"county_nam":"WAKE","prec_id":"01-17","enr_desc":"01-17","name":"01-17","label":"01-17","precinct_norm":"WAKE - 01-17"},"geometry":{"type":"Point","coordinates":[-78.647443,35.842604]}},{"type":"Feature","properties":{"county_nam":"WAKE","prec_id":"01-14","enr_desc":"01-14","name":"01-14","label":"01-14","precinct_norm":"WAKE - 01-14"},"geometry":{"type":"Point","coordinates":[-78.631329,35.792088]}},{"type":"Feature","properties":{"county_nam":"MECKLENBURG","prec_id":"012","enr_desc":"012","name":"012","label":"012","precinct_norm":"MECKLENBURG - 012"},"geometry":{"type":"Point","coordinates":[-80.863348,35.244997]}},{"type":"Feature","properties":{"county_nam":"WAKE","prec_id":"01-15","enr_desc":"01-15","name":"01-15","label":"01-15","precinct_norm":"WAKE - 01-15"},"geometry":{"type":"Point","coordinates":[-78.633939,35.839077]}},{"type":"Feature","properties":{"county_nam":"SCOTLAND","prec_id":"01-16","enr_desc":"01-16/01","name":"01-16/01","label":"01-16/01","precinct_norm":"SCOTLAND - 01-16"},"geometry":{"type":"Point","coordinates":[-79.410321,34.780842]}},{"type":"Feature","properties":{"county_nam":"WAKE","prec_id":"01-25","enr_desc":"01-25","name":"01-25","label":"01-25","precinct_norm":"WAKE - 01-25"},"geometry":{"type":"Point","coordinates":[-78.641245,35.766068]}},{"type":"Feature","properties":{"county_nam":"WAKE","prec_id":"01-16","enr_desc":"01-16","name":"01-16","label":"01-16","precinct_norm":"WAKE - 01-16"},"geometry":{"type":"Point","coordinates":[-78.697586,35.816433]}},{"type":"Feature","properties":{"county_nam":"WAKE","prec_id":"01-18","enr_desc":"01-18","name":"01-18","label":"01-18","precinct_norm":"WAKE - 01-18"},"geometry":{"type":"Point","coordinates":[-78.619785,35.836431]}},{"type":"Feature","properties":{"county_nam":"WAKE","prec_id":"01-19","enr_desc":"01-19","name":"01-19","label":"01-19","precinct_norm":"WAKE - 01-19"},"geometry":{"type":"Point","coordinates":[-78.605608,35.771617]}},{"type":"Feature","properties":{"county_nam":"DURHAM","prec_id":"04","enr_desc":"SCHOOL OF SCIENCE AND MATH","name":"SCHOOL OF SCIENCE AND MATH","label":"SCHOOL OF SCIENCE AND MATH","precinct_norm":"DURHAM - 04"},"geometry":{"type":"Point","coordinates":[-78.933931,36.022029]}},{"type":"Feature","properties":{"county_nam":"ROWAN","prec_id":"04","enr_desc":"BRADSHAW","name":"BRADSHAW","label":"BRADSHAW","precinct_norm":"ROWAN - 04"},"geometry":{"type":"Point","coordinates":[-80.678491,35.597814]}},{"type":"Feature","properties":{"county_nam":"WATAUGA","prec_id":"04","enr_desc":"BLUE RIDGE","name":"BLUE RIDGE","label":"BLUE RIDGE","precinct_norm":"WATAUGA - 04"},"geometry":{"type":"Point","coordinates":[-81.604141,36.160837]}},{"type":"Feature","properties":{"county_nam":"CATAWBA","prec_id":"04","enr_desc":"BROOKFORD","name":"BROOKFORD","label":"BROOKFORD","precinct_norm":"CATAWBA - 04"},"geometry":{"type":"Point","coordinates":[-81.336902,35.702886]}},{"type":"Feature","properties":{"county_nam":"WAKE","prec_id":"01-20","enr_desc":"01-20","name":"01-20","label":"01-20","precinct_norm":"WAKE - 01-20"},"geometry":{"type":"Point","coordinates":[-78.61455,35.768916]}},{"type":"Feature","properties":{"county_nam":"WAKE","prec_id":"01-21","enr_desc":"01-21","name":"01-21","label":"01-21","precinct_norm":"WAKE - 01-21"},"geometry":{"type":"Point","coordinates":[-78.650559,35.740618]}},{"type":"Feature","properties":{"county_nam":"MACON","prec_id":"04","enr_desc":"IOTLA","name":"IOTLA","label":"IOTLA","precinct_norm":"MACON - 04"},"geometry":{"type":"Point","coordinates":[-83.430845,35.214275]}},{"type":"Feature","properties":{"county_nam":"ASHE","prec_id":"04","enr_desc":"ELK","name":"ELK","label":"ELK","precinct_norm":"ASHE - 04"},"geometry":{"type":"Point","coordinates":[-81.576806,36.312002]}},{"type":"Feature","properties":{"county_nam":"STOKES","prec_id":"04","enr_desc":"CHESTNUT GROVE","name":"CHESTNUT GROVE","label":"CHESTNUT GROVE","precinct_norm":"STOKES - 04"},"geometry":{"type":"Point","coordinates":[-80.366527,36.314274]}},{"type":"Feature","properties":{"county_nam":"WAKE","prec_id":"01-22","enr_desc":"01-22","name":"01-22","label":"01-22","precinct_norm":"WAKE - 01-22"},"geometry":{"type":"Point","coordinates":[-78.602618,35.742577]}},{"type":"Feature","properties":{"county_nam":"WAKE","prec_id":"01-23","enr_desc":"01-23","name":"01-23","label":"01-23","precinct_norm":"WAKE - 01-23"},"geometry":{"type":"Point","coordinates":[-78.667661,35.77645]}},{"type":"Feature","properties":{"county_nam":"WAKE","prec_id":"01-26","enr_desc":"01-26","name":"01-26","label":"01-26","precinct_norm":"WAKE - 01-26"},"geometry":{"type":"Point","coordinates":[-78.619767,35.764776]}},{"type":"Feature","properties":{"county_nam":"WAKE","prec_id":"01-38","enr_desc":"01-38","name":"01-38","label":"01-38","precinct_norm":"WAKE - 01-38"},"geometry":{"type":"Point","coordinates":[-78.597258,35.825599]}},{"type":"Feature","properties":{"county_nam":"WAKE","prec_id":"01-27","enr_desc":"01-27","name":"01-27","label":"01-27","precinct_norm":"WAKE - 01-27"},"geometry":{"type":"Point","coordinates":[-78.653137,35.766883]}},{"type":"Feature","properties":{"county_nam":"WAKE","prec_id":"01-28","enr_desc":"01-28","name":"01-28","label":"01-28","precinct_norm":"WAKE - 01-28"},"geometry":{"type":"Point","coordinates":[-78.600092,35.800505]}},{"type":"Feature","properties":{"county_nam":"WAKE","prec_id":"01-29","enr_desc":"01-29","name":"01-29","label":"01-29","precinct_norm":"WAKE - 01-29"},"geometry":{"type":"Point","coordinates":[-78.671032,35.82185]}},{"type":"Feature","properties":{"county_nam":"WAKE","prec_id":"01-45","enr_desc":"01-45","name":"01-45","label":"01-45","precinct_norm":"WAKE - 01-45"},"geometry":{"type":"Point","coordinates":[-78.632726,35.871863]}},{"type":"Feature","properties":{"county_nam":"WAKE","prec_id":"01-30","enr_desc":"01-30","name":"01-30","label":"01-30","precinct_norm":"WAKE - 01-30"},"geometry":{"type":"Point","coordinates":[-78.657072,35.845932]}},{"type":"Feature","properties":{"county_nam":"WAKE","prec_id":"01-51","enr_desc":"01-51","name":"01-51","label":"01-51","precinct_norm":"WAKE - 01-51"},"geometry":{"type":"Point","coordinates":[-78.63263,35.858039]}},{"type":"Feature","properties":{"county_nam":"YANCEY","prec_id":"01 BUR","enr_desc":"BURNSVILLE","name":"BURNSVILLE","label":"BURNSVILLE","precinct_norm":"YANCEY - 01 BUR"},"geometry":{"type":"Point","coordinates":[-82.286547,35.89554]}},{"type":"Feature","properties":{"county_nam":"WAKE","prec_id":"01-31","enr_desc":"01-31","name":"01-31","label":"01-31","precinct_norm":"WAKE - 01-31"},"geometry":{"type":"Point","coordinates":[-78.691966,35.782902]}},{"type":"Feature","properties":{"county_nam":"WAKE","prec_id":"01-32","enr_desc":"01-32","name":"01-32","label":"01-32","precinct_norm":"WAKE - 01-32"},"geometry":{"type":"Point","coordinates":[-78.728413,35.772337]}},{"type":"Feature","properties":{"county_nam":"UNION","prec_id":"010","enr_desc":"ELLEN FITZGERALD SENIOR CENTER","name":"ELLEN FITZGERALD SENIOR CENTER","label":"ELLEN FITZGERALD SENIOR CENTER","precinct_norm":"UNION - 010"},"geometry":{"type":"Point","coordinates":[-80.558168,34.982679]}},{"type":"Feature","properties":{"county_nam":"WAKE","prec_id":"01-33","enr_desc":"01-33","name":"01-33","label":"01-33","precinct_norm":"WAKE - 01-33"},"geometry":{"type":"Point","coordinates":[-78.687126,35.814198]}},{"type":"Feature","properties":{"county_nam":"WAKE","prec_id":"01-34","enr_desc":"01-34","name":"01-34","label":"01-34","precinct_norm":"WAKE - 01-34"},"geometry":{"type":"Point","coordinates":[-78.618314,35.786252]}},{"type":"Feature","properties":{"county_nam":"WARREN","prec_id":"010","enr_desc":"WEST WARRENTON","name":"WEST WARRENTON","label":"WEST WARRENTON","precinct_norm":"WARREN - 010"},"geometry":{"type":"Point","coordinates":[-78.195786,36.396432]}},{"type":"Feature","properties":{"county_nam":"WAKE","prec_id":"01-35","enr_desc":"01-35","name":"01-35","label":"01-35","precinct_norm":"WAKE - 01-35"},"geometry":{"type":"Point","coordinates":[-78.631582,35.754684]}},{"type":"Feature","properties":{"county_nam":"WAKE","prec_id":"01-36","enr_desc":"01-36","name":"01-36","label":"01-36","precinct_norm":"WAKE - 01-36"},"geometry":{"type":"Point","coordinates":[-78.635837,35.825824]}},{"type":"Feature","properties":{"county_nam":"WAKE","prec_id":"01-37","enr_desc":"01-37","name":"01-37","label":"01-37","precinct_norm":"WAKE - 01-37"},"geometry":{"type":"Point","coordinates":[-78.635292,35.849111]}},{"type":"Feature","properties":{"county_nam":"MECKLENBURG","prec_id":"010","enr_desc":"010","name":"010","label":"010","precinct_norm":"MECKLENBURG - 010"},"geometry":{"type":"Point","coordinates":[-80.855615,35.203674]}},{"type":"Feature","properties":{"county_nam":"EDGECOMBE","prec_id":"0101","enr_desc":"TARBORO 1","name":"TARBORO 1","label":"TARBORO 1","precinct_norm":"EDGECOMBE - 0101"},"geometry":{"type":"Point","coordinates":[-77.510942,35.905246]}},{"type":"Feature","properties":{"county_nam":"PITT","prec_id":"0101","enr_desc":"ARTHUR","name":"ARTHUR","label":"ARTHUR","precinct_norm":"PITT - 0101"},"geometry":{"type":"Point","coordinates":[-77.485723,35.582878]}},{"type":"Feature","properties":{"county_nam":"EDGECOMBE","prec_id":"0102","enr_desc":"TARBORO 2","name":"TARBORO 2","label":"TARBORO 2","precinct_norm":"EDGECOMBE - 0102"},"geometry":{"type":"Point","coordinates":[-77.554785,35.875655]}},{"type":"Feature","properties":{"county_nam":"EDGECOMBE","prec_id":"0103","enr_desc":"TARBORO 3","name":"TARBORO 3","label":"TARBORO 3","precinct_norm":"EDGECOMBE - 0103"},"geometry":{"type":"Point","coordinates":[-77.580293,35.910341]}},{"type":"Feature","properties":{"county_nam":"EDGECOMBE","prec_id":"0104","enr_desc":"TARBORO 4","name":"TARBORO 4","label":"TARBORO 4","precinct_norm":"EDGECOMBE - 0104"},"geometry":{"type":"Point","coordinates":[-77.586399,35.92757]}},{"type":"Feature","properties":{"county_nam":"WAKE","prec_id":"01-39","enr_desc":"01-39","name":"01-39","label":"01-39","precinct_norm":"WAKE - 01-39"},"geometry":{"type":"Point","coordinates":[-78.649241,35.861403]}},{"type":"Feature","properties":{"county_nam":"GUILFORD","prec_id":"G39","enr_desc":"G39","name":"G39","label":"G39","precinct_norm":"GUILFORD - G39"},"geometry":{"type":"Point","coordinates":[-79.880057,36.097561]}},{"type":"Feature","properties":{"county_nam":"WAKE","prec_id":"01-40","enr_desc":"01-40","name":"01-40","label":"01-40","precinct_norm":"WAKE - 01-40"},"geometry":{"type":"Point","coordinates":[-78.582954,35.773958]}},{"type":"Feature","properties":{"county_nam":"WAKE","prec_id":"01-41","enr_desc":"01-41","name":"01-41","label":"01-41","precinct_norm":"WAKE - 01-41"},"geometry":{"type":"Point","coordinates":[-78.698605,35.770519]}},{"type":"Feature","properties":{"county_nam":"UNION","prec_id":"011","enr_desc":"EUTO BAPTIST CHURCH","name":"EUTO BAPTIST CHURCH","label":"EUTO BAPTIST CHURCH","precinct_norm":"UNION - 011"},"geometry":{"type":"Point","coordinates":[-80.358887,35.126606]}},{"type":"Feature","properties":{"county_nam":"WAKE","prec_id":"01-42","enr_desc":"01-42","name":"01-42","label":"01-42","precinct_norm":"WAKE - 01-42"},"geometry":{"type":"Point","coordinates":[-78.609844,35.875357]}},{"type":"Feature","properties":{"county_nam":"CABARRUS","prec_id":"02-01","enr_desc":"02-01","name":"02-01","label":"02-01","precinct_norm":"CABARRUS - 02-01"},"geometry":{"type":"Point","coordinates":[-80.626107,35.411833]}},{"type":"Feature","properties":{"county_nam":"WAKE","prec_id":"02-01","enr_desc":"02-01","name":"02-01","label":"02-01","precinct_norm":"WAKE - 02-01"},"geometry":{"type":"Point","coordinates":[-78.666872,35.917102]}},{"type":"Feature","properties":{"county_nam":"WAKE","prec_id":"01-43","enr_desc":"01-43","name":"01-43","label":"01-43","precinct_norm":"WAKE - 01-43"},"geometry":{"type":"Point","coordinates":[-78.623079,35.861734]}},{"type":"Feature","properties":{"county_nam":"WAKE","prec_id":"01-44","enr_desc":"01-44","name":"01-44","label":"01-44","precinct_norm":"WAKE - 01-44"},"geometry":{"type":"Point","coordinates":[-78.607629,35.859306]}},{"type":"Feature","properties":{"county_nam":"WAKE","prec_id":"02-02","enr_desc":"02-02","name":"02-02","label":"02-02","precinct_norm":"WAKE - 02-02"},"geometry":{"type":"Point","coordinates":[-78.68386,35.974632]}},{"type":"Feature","properties":{"county_nam":"WAKE","prec_id":"01-46","enr_desc":"01-46","name":"01-46","label":"01-46","precinct_norm":"WAKE - 01-46"},"geometry":{"type":"Point","coordinates":[-78.595411,35.841656]}},{"type":"Feature","properties":{"county_nam":"WAKE","prec_id":"01-47","enr_desc":"01-47","name":"01-47","label":"01-47","precinct_norm":"WAKE - 01-47"},"geometry":{"type":"Point","coordinates":[-78.614157,35.892263]}},{"type":"Feature","properties":{"county_nam":"WAKE","prec_id":"01-48","enr_desc":"01-48","name":"01-48","label":"01-48","precinct_norm":"WAKE - 01-48"},"geometry":{"type":"Point","coordinates":[-78.710035,35.774181]}},{"type":"Feature","properties":{"county_nam":"DURHAM","prec_id":"02","enr_desc":"GEORGE WATTS ELEMENTARY","name":"GEORGE WATTS ELEMENTARY","label":"GEORGE WATTS ELEMENTARY","precinct_norm":"DURHAM - 02"},"geometry":{"type":"Point","coordinates":[-78.915089,36.014296]}},{"type":"Feature","properties":{"county_nam":"WAKE","prec_id":"01-49","enr_desc":"01-49","name":"01-49","label":"01-49","precinct_norm":"WAKE - 01-49"},"geometry":{"type":"Point","coordinates":[-78.738804,35.780265]}},{"type":"Feature","properties":{"county_nam":"MECKLENBURG","prec_id":"011","enr_desc":"011","name":"011","label":"011","precinct_norm":"MECKLENBURG - 011"},"geometry":{"type":"Point","coordinates":[-80.851506,35.231313]}},{"type":"Feature","properties":{"county_nam":"WAKE","prec_id":"01-50","enr_desc":"01-50","name":"01-50","label":"01-50","precinct_norm":"WAKE - 01-50"},"geometry":{"type":"Point","coordinates":[-78.618757,35.740981]}},{"type":"Feature","properties":{"county_nam":"WARREN","prec_id":"011","enr_desc":"FORK","name":"FORK","label":"FORK","precinct_norm":"WARREN - 011"},"geometry":{"type":"Point","coordinates":[-78.076639,36.271062]}},{"type":"Feature","properties":{"county_nam":"UNION","prec_id":"012","enr_desc":"BETHLEHEM PRESBYTERIAN CHURCH","name":"BETHLEHEM PRESBYTERIAN CHURCH","label":"BETHLEHEM PRESBYTERIAN CHURCH","precinct_norm":"UNION - 012"},"geometry":{"type":"Point","coordinates":[-80.496973,35.14829]}},{"type":"Feature","properties":{"county_nam":"BUNCOMBE","prec_id":"01.1","enr_desc":"STEPHENS LEE COMMUNITY CENTER","name":"STEPHENS LEE COMMUNITY CENTER","label":"STEPHENS LEE COMMUNITY CENTER","precinct_norm":"BUNCOMBE - 01.1"},"geometry":{"type":"Point","coordinates":[-82.545615,35.589422]}},{"type":"Feature","properties":{"county_nam":"WARREN","prec_id":"012","enr_desc":"ROANOKE","name":"ROANOKE","label":"ROANOKE","precinct_norm":"WARREN - 012"},"geometry":{"type":"Point","coordinates":[-77.951985,36.525403]}},{"type":"Feature","properties":{"county_nam":"MECKLENBURG","prec_id":"020","enr_desc":"020","name":"020","label":"020","precinct_norm":"MECKLENBURG - 020"},"geometry":{"type":"Point","coordinates":[-80.846709,35.190091]}},{"type":"Feature","properties":{"county_nam":"PITT","prec_id":"0200A","enr_desc":"AYDEN A","name":"AYDEN A","label":"AYDEN A","precinct_norm":"PITT - 0200A"},"geometry":{"type":"Point","coordinates":[-77.463274,35.466456]}},{"type":"Feature","properties":{"county_nam":"PITT","prec_id":"0200B","enr_desc":"AYDEN B","name":"AYDEN B","label":"AYDEN B","precinct_norm":"PITT - 0200B"},"geometry":{"type":"Point","coordinates":[-77.395569,35.461622]}},{"type":"Feature","properties":{"county_nam":"EDGECOMBE","prec_id":"0201","enr_desc":"CONETOE","name":"CONETOE","label":"CONETOE","precinct_norm":"EDGECOMBE - 0201"},"geometry":{"type":"Point","coordinates":[-77.48115,35.824166]}},{"type":"Feature","properties":{"county_nam":"UNION","prec_id":"021","enr_desc":"WALKERSVILLE PRESBYTERIAN CHURCH","name":"WALKERSVILLE PRESBYTERIAN CHURCH","label":"WALKERSVILLE PRESBYTERIAN CHURCH","precinct_norm":"UNION - 021"},"geometry":{"type":"Point","coordinates":[-80.661154,34.865215]}},{"type":"Feature","properties":{"county_nam":"UNION","prec_id":"013","enr_desc":"UNIONVILLE VFD","name":"UNIONVILLE VFD","label":"UNIONVILLE VFD","precinct_norm":"UNION - 013"},"geometry":{"type":"Point","coordinates":[-80.495894,35.090171]}},{"type":"Feature","properties":{"county_nam":"WARREN","prec_id":"013","enr_desc":"NORLINA","name":"NORLINA","label":"NORLINA","precinct_norm":"WARREN - 013"},"geometry":{"type":"Point","coordinates":[-78.195181,36.445181]}},{"type":"Feature","properties":{"county_nam":"MECKLENBURG","prec_id":"013","enr_desc":"013","name":"013","label":"013","precinct_norm":"MECKLENBURG - 013"},"geometry":{"type":"Point","coordinates":[-80.835614,35.225217]}},{"type":"Feature","properties":{"county_nam":"CABARRUS","prec_id":"02-05","enr_desc":"02-05","name":"02-05","label":"02-05","precinct_norm":"CABARRUS - 02-05"},"geometry":{"type":"Point","coordinates":[-80.641147,35.396328]}},{"type":"Feature","properties":{"county_nam":"MECKLENBURG","prec_id":"014","enr_desc":"014","name":"014","label":"014","precinct_norm":"MECKLENBURG - 014"},"geometry":{"type":"Point","coordinates":[-80.813514,35.234708]}},{"type":"Feature","properties":{"county_nam":"MECKLENBURG","prec_id":"021","enr_desc":"021","name":"021","label":"021","precinct_norm":"MECKLENBURG - 021"},"geometry":{"type":"Point","coordinates":[-80.861803,35.194321]}},{"type":"Feature","properties":{"county_nam":"WARREN","prec_id":"014","enr_desc":"EAST WARRENTON","name":"EAST WARRENTON","label":"EAST WARRENTON","precinct_norm":"WARREN - 014"},"geometry":{"type":"Point","coordinates":[-78.130018,36.383488]}},{"type":"Feature","properties":{"county_nam":"CABARRUS","prec_id":"02-06","enr_desc":"02-06","name":"02-06","label":"02-06","precinct_norm":"CABARRUS - 02-06"},"geometry":{"type":"Point","coordinates":[-80.638925,35.432489]}},{"type":"Feature","properties":{"county_nam":"UNION","prec_id":"014","enr_desc":"INDIAN TRAIL LIBRARY","name":"INDIAN TRAIL LIBRARY","label":"INDIAN TRAIL LIBRARY","precinct_norm":"UNION - 014"},"geometry":{"type":"Point","coordinates":[-80.653086,35.064131]}},{"type":"Feature","properties":{"county_nam":"UNION","prec_id":"015","enr_desc":"STALLINGS UNITED METHODIST CHURCH","name":"STALLINGS UNITED METHODIST CHURCH","label":"STALLINGS UNITED METHODIST CHURCH","precinct_norm":"UNION - 015"},"geometry":{"type":"Point","coordinates":[-80.69963,35.081662]}},{"type":"Feature","properties":{"county_nam":"MECKLENBURG","prec_id":"024","enr_desc":"024","name":"024","label":"024","precinct_norm":"MECKLENBURG - 024"},"geometry":{"type":"Point","coordinates":[-80.880398,35.242649]}},{"type":"Feature","properties":{"county_nam":"MECKLENBURG","prec_id":"015","enr_desc":"015","name":"015","label":"015","precinct_norm":"MECKLENBURG - 015"},"geometry":{"type":"Point","coordinates":[-80.809255,35.223008]}},{"type":"Feature","properties":{"county_nam":"UNION","prec_id":"016","enr_desc":"HEMBY BRIDGE ELEMENTARY SCHOOL","name":"HEMBY BRIDGE ELEMENTARY SCHOOL","label":"HEMBY BRIDGE ELEMENTARY SCHOOL","precinct_norm":"UNION - 016"},"geometry":{"type":"Point","coordinates":[-80.620716,35.10015]}},{"type":"Feature","properties":{"county_nam":"UNION","prec_id":"024","enr_desc":"PROSPECT ELEMENTARY SCHOOL","name":"PROSPECT ELEMENTARY SCHOOL","label":"PROSPECT ELEMENTARY SCHOOL","precinct_norm":"UNION - 024"},"geometry":{"type":"Point","coordinates":[-80.554397,34.87034]}},{"type":"Feature","properties":{"county_nam":"UNION","prec_id":"025","enr_desc":"ROCK REST ELEMENTARY SCHOOL","name":"ROCK REST ELEMENTARY SCHOOL","label":"ROCK REST ELEMENTARY SCHOOL","precinct_norm":"UNION - 025"},"geometry":{"type":"Point","coordinates":[-80.47965,34.924194]}},{"type":"Feature","properties":{"county_nam":"MECKLENBURG","prec_id":"016","enr_desc":"016","name":"016","label":"016","precinct_norm":"MECKLENBURG - 016"},"geometry":{"type":"Point","coordinates":[-80.862527,35.281318]}},{"type":"Feature","properties":{"county_nam":"ASHE","prec_id":"02","enr_desc":"CLIFTON","name":"CLIFTON","label":"CLIFTON","precinct_norm":"ASHE - 02"},"geometry":{"type":"Point","coordinates":[-81.55887,36.469778]}},{"type":"Feature","properties":{"county_nam":"MECKLENBURG","prec_id":"017","enr_desc":"017","name":"017","label":"017","precinct_norm":"MECKLENBURG - 017"},"geometry":{"type":"Point","coordinates":[-80.800396,35.198682]}},{"type":"Feature","properties":{"county_nam":"UNION","prec_id":"017A","enr_desc":"WESLEY CHAPEL ELEMENTARY SCHOOL","name":"WESLEY CHAPEL ELEMENTARY SCHOOL","label":"WESLEY CHAPEL ELEMENTARY SCHOOL","precinct_norm":"UNION - 017A"},"geometry":{"type":"Point","coordinates":[-80.673656,35.007336]}},{"type":"Feature","properties":{"county_nam":"UNION","prec_id":"017B","enr_desc":"SILER PRESBYTERIAN CHURCH","name":"SILER PRESBYTERIAN CHURCH","label":"SILER PRESBYTERIAN CHURCH","precinct_norm":"UNION - 017B"},"geometry":{"type":"Point","coordinates":[-80.707164,35.005592]}},{"type":"Feature","properties":{"county_nam":"MECKLENBURG","prec_id":"018","enr_desc":"018","name":"018","label":"018","precinct_norm":"MECKLENBURG - 018"},"geometry":{"type":"Point","coordinates":[-80.819465,35.192637]}},{"type":"Feature","properties":{"county_nam":"UNION","prec_id":"018","enr_desc":"PROVIDENCE VFD","name":"PROVIDENCE VFD","label":"PROVIDENCE VFD","precinct_norm":"UNION - 018"},"geometry":{"type":"Point","coordinates":[-80.736208,35.039169]}},{"type":"Feature","properties":{"county_nam":"ROBESON","prec_id":"02","enr_desc":"BACK SWAMP","name":"BACK SWAMP","label":"BACK SWAMP","precinct_norm":"ROBESON - 02"},"geometry":{"type":"Point","coordinates":[-79.101341,34.577641]}},{"type":"Feature","properties":{"county_nam":"FRANKLIN","prec_id":"02","enr_desc":"WEST LOUISBURG COUNTRY","name":"WEST LOUISBURG COUNTRY","label":"WEST LOUISBURG COUNTRY","precinct_norm":"FRANKLIN - 02"},"geometry":{"type":"Point","coordinates":[-78.318377,36.115633]}},{"type":"Feature","properties":{"county_nam":"AVERY","prec_id":"02","enr_desc":"BANNER ELK","name":"BANNER ELK","label":"BANNER ELK","precinct_norm":"AVERY - 02"},"geometry":{"type":"Point","coordinates":[-81.884574,36.175457]}},{"type":"Feature","properties":{"county_nam":"UNION","prec_id":"028D","enr_desc":"KENSINGTON ELEMENTARY SCHOOL","name":"KENSINGTON ELEMENTARY SCHOOL","label":"KENSINGTON ELEMENTARY SCHOOL","precinct_norm":"UNION - 028D"},"geometry":{"type":"Point","coordinates":[-80.775817,34.955938]}},{"type":"Feature","properties":{"county_nam":"MECKLENBURG","prec_id":"019","enr_desc":"019","name":"019","label":"019","precinct_norm":"MECKLENBURG - 019"},"geometry":{"type":"Point","coordinates":[-80.827826,35.168873]}},{"type":"Feature","properties":{"county_nam":"MACON","prec_id":"02","enr_desc":"SOUTH FRANKLIN","name":"SOUTH FRANKLIN","label":"SOUTH FRANKLIN","precinct_norm":"MACON - 02"},"geometry":{"type":"Point","coordinates":[-83.391744,35.169581]}},{"type":"Feature","properties":{"county_nam":"CRAVEN","prec_id":"02","enr_desc":"HAVELOCK","name":"HAVELOCK","label":"HAVELOCK","precinct_norm":"CRAVEN - 02"},"geometry":{"type":"Point","coordinates":[-76.971366,34.895658]}},{"type":"Feature","properties":{"county_nam":"CATAWBA","prec_id":"02","enr_desc":"BANOAK","name":"BANOAK","label":"BANOAK","precinct_norm":"CATAWBA - 02"},"geometry":{"type":"Point","coordinates":[-81.456546,35.601684]}},{"type":"Feature","properties":{"county_nam":"RICHMOND","prec_id":"02","enr_desc":"ROCKINGHAM 2","name":"ROCKINGHAM 2","label":"ROCKINGHAM 2","precinct_norm":"RICHMOND - 02"},"geometry":{"type":"Point","coordinates":[-79.802046,34.980726]}},{"type":"Feature","properties":{"county_nam":"HOKE","prec_id":"02","enr_desc":"ANTIOCH","name":"ANTIOCH","label":"ANTIOCH","precinct_norm":"HOKE - 02"},"geometry":{"type":"Point","coordinates":[-79.205866,34.889229]}},{"type":"Feature","properties":{"county_nam":"ALAMANCE","prec_id":"02","enr_desc":"COBLE","name":"COBLE","label":"COBLE","precinct_norm":"ALAMANCE - 02"},"geometry":{"type":"Point","coordinates":[-79.484557,36.003386]}},{"type":"Feature","properties":{"county_nam":"STOKES","prec_id":"02","enr_desc":"SANDY RIDGE","name":"SANDY RIDGE","label":"SANDY RIDGE","precinct_norm":"STOKES - 02"},"geometry":{"type":"Point","coordinates":[-80.104205,36.487933]}},{"type":"Feature","properties":{"county_nam":"MITCHELL","prec_id":"02","enr_desc":"BRADSHAW","name":"BRADSHAW","label":"BRADSHAW","precinct_norm":"MITCHELL - 02"},"geometry":{"type":"Point","coordinates":[-82.287815,36.075131]}},{"type":"Feature","properties":{"county_nam":"DAVIE","prec_id":"02","enr_desc":"SOUTH CALAHALN","name":"SOUTH CALAHALN","label":"SOUTH CALAHALN","precinct_norm":"DAVIE - 02"},"geometry":{"type":"Point","coordinates":[-80.655545,35.868434]}},{"type":"Feature","properties":{"county_nam":"WATAUGA","prec_id":"02","enr_desc":"BEAVER DAM","name":"BEAVER DAM","label":"BEAVER DAM","precinct_norm":"WATAUGA - 02"},"geometry":{"type":"Point","coordinates":[-81.83669,36.313485]}},{"type":"Feature","properties":{"county_nam":"ROWAN","prec_id":"02","enr_desc":"BLACKWELDER PARK","name":"BLACKWELDER PARK","label":"BLACKWELDER PARK","precinct_norm":"ROWAN - 02"},"geometry":{"type":"Point","coordinates":[-80.621171,35.528722]}},{"type":"Feature","properties":{"county_nam":"WAYNE","prec_id":"02","enr_desc":"02","name":"02","label":"02","precinct_norm":"WAYNE - 02"},"geometry":{"type":"Point","coordinates":[-77.886062,35.51336]}},{"type":"Feature","properties":{"county_nam":"CABARRUS","prec_id":"02-02","enr_desc":"02-02","name":"02-02","label":"02-02","precinct_norm":"CABARRUS - 02-02"},"geometry":{"type":"Point","coordinates":[-80.681745,35.380913]}},{"type":"Feature","properties":{"county_nam":"CABARRUS","prec_id":"02-03","enr_desc":"02-03","name":"02-03","label":"02-03","precinct_norm":"CABARRUS - 02-03"},"geometry":{"type":"Point","coordinates":[-80.671102,35.356748]}},{"type":"Feature","properties":{"county_nam":"WAKE","prec_id":"02-03","enr_desc":"02-03","name":"02-03","label":"02-03","precinct_norm":"WAKE - 02-03"},"geometry":{"type":"Point","coordinates":[-78.633095,35.966688]}},{"type":"Feature","properties":{"county_nam":"WAKE","prec_id":"02-04","enr_desc":"02-04","name":"02-04","label":"02-04","precinct_norm":"WAKE - 02-04"},"geometry":{"type":"Point","coordinates":[-78.601789,35.933794]}},{"type":"Feature","properties":{"county_nam":"WAKE","prec_id":"02-05","enr_desc":"02-05","name":"02-05","label":"02-05","precinct_norm":"WAKE - 02-05"},"geometry":{"type":"Point","coordinates":[-78.681336,35.935574]}},{"type":"Feature","properties":{"county_nam":"WAKE","prec_id":"02-06","enr_desc":"02-06","name":"02-06","label":"02-06","precinct_norm":"WAKE - 02-06"},"geometry":{"type":"Point","coordinates":[-78.626539,35.908124]}},{"type":"Feature","properties":{"county_nam":"CABARRUS","prec_id":"02-07","enr_desc":"02-07","name":"02-07","label":"02-07","precinct_norm":"CABARRUS - 02-07"},"geometry":{"type":"Point","coordinates":[-80.677025,35.401673]}},{"type":"Feature","properties":{"county_nam":"CABARRUS","prec_id":"02-09","enr_desc":"02-09","name":"02-09","label":"02-09","precinct_norm":"CABARRUS - 02-09"},"geometry":{"type":"Point","coordinates":[-80.727794,35.391217]}},{"type":"Feature","properties":{"county_nam":"SCOTLAND","prec_id":"02-25","enr_desc":"02-25/02","name":"02-25/02","label":"02-25/02","precinct_norm":"SCOTLAND - 02-25"},"geometry":{"type":"Point","coordinates":[-79.453119,34.702339]}},{"type":"Feature","properties":{"county_nam":"YANCEY","prec_id":"02 CAN","enr_desc":"CANE RIVER","name":"CANE RIVER","label":"CANE RIVER","precinct_norm":"YANCEY - 02 CAN"},"geometry":{"type":"Point","coordinates":[-82.435218,35.92555]}},{"type":"Feature","properties":{"county_nam":"CABARRUS","prec_id":"02-08","enr_desc":"02-08","name":"02-08","label":"02-08","precinct_norm":"CABARRUS - 02-08"},"geometry":{"type":"Point","coordinates":[-80.716199,35.422177]}},{"type":"Feature","properties":{"county_nam":"CABARRUS","prec_id":"12-08","enr_desc":"12-08","name":"12-08","label":"12-08","precinct_norm":"CABARRUS - 12-08"},"geometry":{"type":"Point","coordinates":[-80.599148,35.398294]}},{"type":"Feature","properties":{"county_nam":"WAKE","prec_id":"12-08","enr_desc":"12-08","name":"12-08","label":"12-08","precinct_norm":"WAKE - 12-08"},"geometry":{"type":"Point","coordinates":[-78.815257,35.591477]}},{"type":"Feature","properties":{"county_nam":"BUNCOMBE","prec_id":"02.1","enr_desc":"MONTFORD COMMUNITY CENTER","name":"MONTFORD COMMUNITY CENTER","label":"MONTFORD COMMUNITY CENTER","precinct_norm":"BUNCOMBE - 02.1"},"geometry":{"type":"Point","coordinates":[-82.565285,35.602723]}},{"type":"Feature","properties":{"county_nam":"FORSYTH","prec_id":"707","enr_desc":"GREEK ORTHODOX CHURCH","name":"GREEK ORTHODOX CHURCH","label":"GREEK ORTHODOX CHURCH","precinct_norm":"FORSYTH - 707"},"geometry":{"type":"Point","coordinates":[-80.299331,36.086528]}},{"type":"Feature","properties":{"county_nam":"STANLY","prec_id":"0212","enr_desc":"NORTH ALBEMARLE 2","name":"NORTH ALBEMARLE 2","label":"NORTH ALBEMARLE 2","precinct_norm":"STANLY - 0212"},"geometry":{"type":"Point","coordinates":[-80.239606,35.382078]}},{"type":"Feature","properties":{"county_nam":"UNION","prec_id":"022","enr_desc":"TIRZAH PRESBYTERIAN CHURCH","name":"TIRZAH PRESBYTERIAN CHURCH","label":"TIRZAH PRESBYTERIAN CHURCH","precinct_norm":"UNION - 022"},"geometry":{"type":"Point","coordinates":[-80.738493,34.855535]}},{"type":"Feature","properties":{"county_nam":"MECKLENBURG","prec_id":"022","enr_desc":"022","name":"022","label":"022","precinct_norm":"MECKLENBURG - 022"},"geometry":{"type":"Point","coordinates":[-80.867708,35.209318]}},{"type":"Feature","properties":{"county_nam":"UNION","prec_id":"023","enr_desc":"GRIFFITH ROAD VFD","name":"GRIFFITH ROAD VFD","label":"GRIFFITH ROAD VFD","precinct_norm":"UNION - 023"},"geometry":{"type":"Point","coordinates":[-80.544802,34.929761]}},{"type":"Feature","properties":{"county_nam":"MECKLENBURG","prec_id":"023","enr_desc":"023","name":"023","label":"023","precinct_norm":"MECKLENBURG - 023"},"geometry":{"type":"Point","coordinates":[-80.888559,35.23558]}},{"type":"Feature","properties":{"county_nam":"MECKLENBURG","prec_id":"025","enr_desc":"025","name":"025","label":"025","precinct_norm":"MECKLENBURG - 025"},"geometry":{"type":"Point","coordinates":[-80.861697,35.260354]}},{"type":"Feature","properties":{"county_nam":"UNION","prec_id":"026","enr_desc":"UNION BAPTIST CHURCH","name":"UNION BAPTIST CHURCH","label":"UNION BAPTIST CHURCH","precinct_norm":"UNION - 026"},"geometry":{"type":"Point","coordinates":[-80.401567,34.860725]}},{"type":"Feature","properties":{"county_nam":"MECKLENBURG","prec_id":"026","enr_desc":"026","name":"026","label":"026","precinct_norm":"MECKLENBURG - 026"},"geometry":{"type":"Point","coordinates":[-80.809543,35.287371]}},{"type":"Feature","properties":{"county_nam":"UNION","prec_id":"027","enr_desc":"ALLENS CROSSROADS VFD","name":"ALLENS CROSSROADS VFD","label":"ALLENS CROSSROADS VFD","precinct_norm":"UNION - 027"},"geometry":{"type":"Point","coordinates":[-80.373576,34.937402]}},{"type":"Feature","properties":{"county_nam":"MECKLENBURG","prec_id":"027","enr_desc":"027","name":"027","label":"027","precinct_norm":"MECKLENBURG - 027"},"geometry":{"type":"Point","coordinates":[-80.809894,35.257113]}},{"type":"Feature","properties":{"county_nam":"MECKLENBURG","prec_id":"028","enr_desc":"028","name":"028","label":"028","precinct_norm":"MECKLENBURG - 028"},"geometry":{"type":"Point","coordinates":[-80.784745,35.247191]}},{"type":"Feature","properties":{"county_nam":"UNION","prec_id":"028A","enr_desc":"SANDY RIDGE ELEMENTARY SCHOOL","name":"SANDY RIDGE ELEMENTARY SCHOOL","label":"SANDY RIDGE ELEMENTARY SCHOOL","precinct_norm":"UNION - 028A"},"geometry":{"type":"Point","coordinates":[-80.782556,34.978988]}},{"type":"Feature","properties":{"county_nam":"UNION","prec_id":"028B","enr_desc":"MARVIN ELEMENTARY SCHOOL","name":"MARVIN ELEMENTARY SCHOOL","label":"MARVIN ELEMENTARY SCHOOL","precinct_norm":"UNION - 028B"},"geometry":{"type":"Point","coordinates":[-80.812432,35.010731]}},{"type":"Feature","properties":{"county_nam":"UNION","prec_id":"028C","enr_desc":"MARVIN AME ZION CHURCH","name":"MARVIN AME ZION CHURCH","label":"MARVIN AME ZION CHURCH","precinct_norm":"UNION - 028C"},"geometry":{"type":"Point","coordinates":[-80.791304,35.011643]}},{"type":"Feature","properties":{"county_nam":"MECKLENBURG","prec_id":"029","enr_desc":"029","name":"029","label":"029","precinct_norm":"MECKLENBURG - 029"},"geometry":{"type":"Point","coordinates":[-80.784996,35.224546]}},{"type":"Feature","properties":{"county_nam":"UNION","prec_id":"029A","enr_desc":"SHILOH ELEMENTARY SCHOOL","name":"SHILOH ELEMENTARY SCHOOL","label":"SHILOH ELEMENTARY SCHOOL","precinct_norm":"UNION - 029A"},"geometry":{"type":"Point","coordinates":[-80.664053,35.036114]}},{"type":"Feature","properties":{"county_nam":"DURHAM","prec_id":"34-1","enr_desc":"PEARSONTOWN ELEMENTARY","name":"PEARSONTOWN ELEMENTARY","label":"PEARSONTOWN ELEMENTARY","precinct_norm":"DURHAM - 34-1"},"geometry":{"type":"Point","coordinates":[-78.905626,35.927318]}},{"type":"Feature","properties":{"county_nam":"UNION","prec_id":"029B","enr_desc":"BRANDON OAKS CLUBHOUSE","name":"BRANDON OAKS CLUBHOUSE","label":"BRANDON OAKS CLUBHOUSE","precinct_norm":"UNION - 029B"},"geometry":{"type":"Point","coordinates":[-80.66735,35.04717]}},{"type":"Feature","properties":{"county_nam":"UNION","prec_id":"029C","enr_desc":"STALLINGS VFD","name":"STALLINGS VFD","label":"STALLINGS VFD","precinct_norm":"UNION - 029C"},"geometry":{"type":"Point","coordinates":[-80.679121,35.048394]}},{"type":"Feature","properties":{"county_nam":"MECKLENBURG","prec_id":"030","enr_desc":"030","name":"030","label":"030","precinct_norm":"MECKLENBURG - 030"},"geometry":{"type":"Point","coordinates":[-80.801337,35.247386]}},{"type":"Feature","properties":{"county_nam":"EDGECOMBE","prec_id":"0301","enr_desc":"SPEED","name":"SPEED","label":"SPEED","precinct_norm":"EDGECOMBE - 0301"},"geometry":{"type":"Point","coordinates":[-77.406822,35.917057]}},{"type":"Feature","properties":{"county_nam":"PITT","prec_id":"0301","enr_desc":"BELVOIR","name":"BELVOIR","label":"BELVOIR","precinct_norm":"PITT - 0301"},"geometry":{"type":"Point","coordinates":[-77.452839,35.719149]}},{"type":"Feature","properties":{"county_nam":"SCOTLAND","prec_id":"03","enr_desc":"03","name":"03","label":"03","precinct_norm":"SCOTLAND - 03"},"geometry":{"type":"Point","coordinates":[-79.503337,34.763477]}},{"type":"Feature","properties":{"county_nam":"HOKE","prec_id":"03","enr_desc":"BLUE SPRINGS","name":"BLUE SPRINGS","label":"BLUE SPRINGS","precinct_norm":"HOKE - 03"},"geometry":{"type":"Point","coordinates":[-79.299447,34.936232]}},{"type":"Feature","properties":{"county_nam":"CATAWBA","prec_id":"03","enr_desc":"BLACKBURN","name":"BLACKBURN","label":"BLACKBURN","precinct_norm":"CATAWBA - 03"},"geometry":{"type":"Point","coordinates":[-81.338946,35.604638]}},{"type":"Feature","properties":{"county_nam":"MACON","prec_id":"03","enr_desc":"EAST FRANKLIN","name":"EAST FRANKLIN","label":"EAST FRANKLIN","precinct_norm":"MACON - 03"},"geometry":{"type":"Point","coordinates":[-83.362511,35.161208]}},{"type":"Feature","properties":{"county_nam":"WAYNE","prec_id":"03","enr_desc":"03","name":"03","label":"03","precinct_norm":"WAYNE - 03"},"geometry":{"type":"Point","coordinates":[-78.089369,35.460315]}},{"type":"Feature","properties":{"county_nam":"WATAUGA","prec_id":"03","enr_desc":"BLOWING ROCK","name":"BLOWING ROCK","label":"BLOWING ROCK","precinct_norm":"WATAUGA - 03"},"geometry":{"type":"Point","coordinates":[-81.67733,36.153818]}},{"type":"Feature","properties":{"county_nam":"ASHE","prec_id":"03","enr_desc":"CRESTON","name":"CRESTON","label":"CRESTON","precinct_norm":"ASHE - 03"},"geometry":{"type":"Point","coordinates":[-81.610839,36.404742]}},{"type":"Feature","properties":{"county_nam":"ROBESON","prec_id":"03","enr_desc":"BRITTS","name":"BRITTS","label":"BRITTS","precinct_norm":"ROBESON - 03"},"geometry":{"type":"Point","coordinates":[-78.968846,34.515783]}},{"type":"Feature","properties":{"county_nam":"DAVIE","prec_id":"03","enr_desc":"CLARKSVILLE","name":"CLARKSVILLE","label":"CLARKSVILLE","precinct_norm":"DAVIE - 03"},"geometry":{"type":"Point","coordinates":[-80.640557,35.99735]}},{"type":"Feature","properties":{"county_nam":"MECKLENBURG","prec_id":"034","enr_desc":"034","name":"034","label":"034","precinct_norm":"MECKLENBURG - 034"},"geometry":{"type":"Point","coordinates":[-80.772738,35.189774]}},{"type":"Feature","properties":{"county_nam":"ROWAN","prec_id":"03","enr_desc":"BOSTIAN CROSS ROAD","name":"BOSTIAN CROSS ROAD","label":"BOSTIAN CROSS ROAD","precinct_norm":"ROWAN - 03"},"geometry":{"type":"Point","coordinates":[-80.513772,35.564798]}},{"type":"Feature","properties":{"county_nam":"MITCHELL","prec_id":"03","enr_desc":"CANE CREEK","name":"CANE CREEK","label":"CANE CREEK","precinct_norm":"MITCHELL - 03"},"geometry":{"type":"Point","coordinates":[-82.090554,36.024035]}},{"type":"Feature","properties":{"county_nam":"CRAVEN","prec_id":"03","enr_desc":"TRENT WOODS","name":"TRENT WOODS","label":"TRENT WOODS","precinct_norm":"CRAVEN - 03"},"geometry":{"type":"Point","coordinates":[-77.098083,35.082774]}},{"type":"Feature","properties":{"county_nam":"STOKES","prec_id":"03","enr_desc":"LAWSONVILLE","name":"LAWSONVILLE","label":"LAWSONVILLE","precinct_norm":"STOKES - 03"},"geometry":{"type":"Point","coordinates":[-80.225344,36.484122]}},{"type":"Feature","properties":{"county_nam":"DURHAM","prec_id":"03","enr_desc":"E K POWE ELEMENTARY","name":"E K POWE ELEMENTARY","label":"E K POWE ELEMENTARY","precinct_norm":"DURHAM - 03"},"geometry":{"type":"Point","coordinates":[-78.926276,36.011644]}},{"type":"Feature","properties":{"county_nam":"FRANKLIN","prec_id":"03","enr_desc":"WEST FRANKLINTON","name":"WEST FRANKLINTON","label":"WEST FRANKLINTON","precinct_norm":"FRANKLIN - 03"},"geometry":{"type":"Point","coordinates":[-78.486394,36.127503]}},{"type":"Feature","properties":{"county_nam":"AVERY","prec_id":"03","enr_desc":"BEECH MOUNTAIN","name":"BEECH MOUNTAIN","label":"BEECH MOUNTAIN","precinct_norm":"AVERY - 03"},"geometry":{"type":"Point","coordinates":[-81.930279,36.238134]}},{"type":"Feature","properties":{"county_nam":"CABARRUS","prec_id":"03-00","enr_desc":"03-00","name":"03-00","label":"03-00","precinct_norm":"CABARRUS - 03-00"},"geometry":{"type":"Point","coordinates":[-80.740651,35.471334]}},{"type":"Feature","properties":{"county_nam":"YANCEY","prec_id":"03 EGY","enr_desc":"EGYPT","name":"EGYPT","label":"EGYPT","precinct_norm":"YANCEY - 03 EGY"},"geometry":{"type":"Point","coordinates":[-82.432882,35.973637]}},{"type":"Feature","properties":{"county_nam":"BUNCOMBE","prec_id":"03.1","enr_desc":"ST MARKS LUTHERAN CHURCH","name":"ST MARKS LUTHERAN CHURCH","label":"ST MARKS LUTHERAN CHURCH","precinct_norm":"BUNCOMBE - 03.1"},"geometry":{"type":"Point","coordinates":[-82.554289,35.606812]}},{"type":"Feature","properties":{"county_nam":"MECKLENBURG","prec_id":"035","enr_desc":"035","name":"035","label":"035","precinct_norm":"MECKLENBURG - 035"},"geometry":{"type":"Point","coordinates":[-80.799794,35.18381]}},{"type":"Feature","properties":{"county_nam":"UNION","prec_id":"035","enr_desc":"ROCK HILL AME ZION CHURCH","name":"ROCK HILL AME ZION CHURCH","label":"ROCK HILL AME ZION CHURCH","precinct_norm":"UNION - 035"},"geometry":{"type":"Point","coordinates":[-80.616126,35.129968]}},{"type":"Feature","properties":{"county_nam":"ALAMANCE","prec_id":"035","enr_desc":"BOONE 5","name":"BOONE 5","label":"BOONE 5","precinct_norm":"ALAMANCE - 035"},"geometry":{"type":"Point","coordinates":[-79.498269,36.134304]}},{"type":"Feature","properties":{"county_nam":"UNION","prec_id":"036","enr_desc":"CROSSROADS AME ZION CHURCH","name":"CROSSROADS AME ZION CHURCH","label":"CROSSROADS AME ZION CHURCH","precinct_norm":"UNION - 036"},"geometry":{"type":"Point","coordinates":[-80.354987,35.039916]}},{"type":"Feature","properties":{"county_nam":"UNION","prec_id":"031","enr_desc":"GRACE BAPTIST CHURCH","name":"GRACE BAPTIST CHURCH","label":"GRACE BAPTIST CHURCH","precinct_norm":"UNION - 031"},"geometry":{"type":"Point","coordinates":[-80.617808,34.983251]}},{"type":"Feature","properties":{"county_nam":"UNION","prec_id":"037B","enr_desc":"LIFELINE COMMUNITY CHURCH","name":"LIFELINE COMMUNITY CHURCH","label":"LIFELINE COMMUNITY CHURCH","precinct_norm":"UNION - 037B"},"geometry":{"type":"Point","coordinates":[-80.640365,35.129592]}},{"type":"Feature","properties":{"county_nam":"MECKLENBURG","prec_id":"031","enr_desc":"031","name":"031","label":"031","precinct_norm":"MECKLENBURG - 031"},"geometry":{"type":"Point","coordinates":[-80.889825,35.213563]}},{"type":"Feature","properties":{"county_nam":"MECKLENBURG","prec_id":"032","enr_desc":"032","name":"032","label":"032","precinct_norm":"MECKLENBURG - 032"},"geometry":{"type":"Point","coordinates":[-80.82819,35.184942]}},{"type":"Feature","properties":{"county_nam":"UNION","prec_id":"032","enr_desc":"FAIRVIEW ELEMENTARY SCHOOL","name":"FAIRVIEW ELEMENTARY SCHOOL","label":"FAIRVIEW ELEMENTARY SCHOOL","precinct_norm":"UNION - 032"},"geometry":{"type":"Point","coordinates":[-80.57426,35.16058]}},{"type":"Feature","properties":{"county_nam":"UNION","prec_id":"033","enr_desc":"WAXHAW ELEMENTARY SCHOOL","name":"WAXHAW ELEMENTARY SCHOOL","label":"WAXHAW ELEMENTARY SCHOOL","precinct_norm":"UNION - 033"},"geometry":{"type":"Point","coordinates":[-80.757454,34.881885]}},{"type":"Feature","properties":{"county_nam":"MECKLENBURG","prec_id":"033","enr_desc":"033","name":"033","label":"033","precinct_norm":"MECKLENBURG - 033"},"geometry":{"type":"Point","coordinates":[-80.770869,35.207285]}},{"type":"Feature","properties":{"county_nam":"UNION","prec_id":"034","enr_desc":"MIDWAY BAPTIST CHURCH","name":"MIDWAY BAPTIST CHURCH","label":"MIDWAY BAPTIST CHURCH","precinct_norm":"UNION - 034"},"geometry":{"type":"Point","coordinates":[-80.459995,35.039916]}},{"type":"Feature","properties":{"county_nam":"MECKLENBURG","prec_id":"036","enr_desc":"036","name":"036","label":"036","precinct_norm":"MECKLENBURG - 036"},"geometry":{"type":"Point","coordinates":[-80.788539,35.165942]}},{"type":"Feature","properties":{"county_nam":"MECKLENBURG","prec_id":"037","enr_desc":"037","name":"037","label":"037","precinct_norm":"MECKLENBURG - 037"},"geometry":{"type":"Point","coordinates":[-80.863457,35.170378]}},{"type":"Feature","properties":{"county_nam":"UNION","prec_id":"037A","enr_desc":"NEXT LEVEL CHURCH","name":"NEXT LEVEL CHURCH","label":"NEXT LEVEL CHURCH","precinct_norm":"UNION - 037A"},"geometry":{"type":"Point","coordinates":[-80.661933,35.107338]}},{"type":"Feature","properties":{"county_nam":"MECKLENBURG","prec_id":"038","enr_desc":"038","name":"038","label":"038","precinct_norm":"MECKLENBURG - 038"},"geometry":{"type":"Point","coordinates":[-80.869861,35.180471]}},{"type":"Feature","properties":{"county_nam":"UNION","prec_id":"038B","enr_desc":"LAKE PARK COMMUNITY CENTER","name":"LAKE PARK COMMUNITY CENTER","label":"LAKE PARK COMMUNITY CENTER","precinct_norm":"UNION - 038B"},"geometry":{"type":"Point","coordinates":[-80.634419,35.084333]}},{"type":"Feature","properties":{"county_nam":"UNION","prec_id":"038A","enr_desc":"SARDIS ELEMENTARY SCHOOL","name":"SARDIS ELEMENTARY SCHOOL","label":"SARDIS ELEMENTARY SCHOOL","precinct_norm":"UNION - 038A"},"geometry":{"type":"Point","coordinates":[-80.62618,35.069693]}},{"type":"Feature","properties":{"county_nam":"RUTHERFORD","prec_id":"03A","enr_desc":"BOSTIC-SUNSHINE","name":"BOSTIC-SUNSHINE","label":"BOSTIC-SUNSHINE","precinct_norm":"RUTHERFORD - 03A"},"geometry":{"type":"Point","coordinates":[-81.823407,35.437611]}},{"type":"Feature","properties":{"county_nam":"ALLEGHANY","prec_id":"03A","enr_desc":"GAP CIVIL","name":"GAP CIVIL","label":"GAP CIVIL","precinct_norm":"ALLEGHANY - 03A"},"geometry":{"type":"Point","coordinates":[-81.120665,36.49198]}},{"type":"Feature","properties":{"county_nam":"MECKLENBURG","prec_id":"039","enr_desc":"039","name":"039","label":"039","precinct_norm":"MECKLENBURG - 039"},"geometry":{"type":"Point","coordinates":[-80.933183,35.210902]}},{"type":"Feature","properties":{"county_nam":"UNION","prec_id":"039","enr_desc":"PORTER RIDGE ELEMENTARY SCHOOL","name":"PORTER RIDGE ELEMENTARY SCHOOL","label":"PORTER RIDGE ELEMENTARY SCHOOL","precinct_norm":"UNION - 039"},"geometry":{"type":"Point","coordinates":[-80.570278,35.079883]}},{"type":"Feature","properties":{"county_nam":"ALAMANCE","prec_id":"03C","enr_desc":"CENTRAL BOONE","name":"CENTRAL BOONE","label":"CENTRAL BOONE","precinct_norm":"ALAMANCE - 03C"},"geometry":{"type":"Point","coordinates":[-79.486078,36.096067]}},{"type":"Feature","properties":{"county_nam":"ALAMANCE","prec_id":"03N2","enr_desc":"NORTH BOONE 2","name":"NORTH BOONE 2","label":"NORTH BOONE 2","precinct_norm":"ALAMANCE - 03N2"},"geometry":{"type":"Point","coordinates":[-79.521762,36.085928]}},{"type":"Feature","properties":{"county_nam":"ALAMANCE","prec_id":"03N","enr_desc":"NORTH BOONE","name":"NORTH BOONE","label":"NORTH BOONE","precinct_norm":"ALAMANCE - 03N"},"geometry":{"type":"Point","coordinates":[-79.508553,36.093883]}},{"type":"Feature","properties":{"county_nam":"ALAMANCE","prec_id":"03W","enr_desc":"WEST BOONE","name":"WEST BOONE","label":"WEST BOONE","precinct_norm":"ALAMANCE - 03W"},"geometry":{"type":"Point","coordinates":[-79.534686,36.108251]}},{"type":"Feature","properties":{"county_nam":"AVERY","prec_id":"04","enr_desc":"CAREYS FLAT","name":"CAREYS FLAT","label":"CAREYS FLAT","precinct_norm":"AVERY - 04"},"geometry":{"type":"Point","coordinates":[-81.815254,36.031312]}},{"type":"Feature","properties":{"county_nam":"HOKE","prec_id":"04","enr_desc":"BUCHAN","name":"BUCHAN","label":"BUCHAN","precinct_norm":"HOKE - 04"},"geometry":{"type":"Point","coordinates":[-79.416099,35.037749]}},{"type":"Feature","properties":{"county_nam":"MITCHELL","prec_id":"04","enr_desc":"GRASSY CREEK","name":"GRASSY CREEK","label":"GRASSY CREEK","precinct_norm":"MITCHELL - 04"},"geometry":{"type":"Point","coordinates":[-82.061655,35.905547]}},{"type":"Feature","properties":{"county_nam":"ROBESON","prec_id":"04","enr_desc":"BURNT SWAMP","name":"BURNT SWAMP","label":"BURNT SWAMP","precinct_norm":"ROBESON - 04"},"geometry":{"type":"Point","coordinates":[-79.116814,34.715818]}},{"type":"Feature","properties":{"county_nam":"ALAMANCE","prec_id":"04","enr_desc":"MORTON","name":"MORTON","label":"MORTON","precinct_norm":"ALAMANCE - 04"},"geometry":{"type":"Point","coordinates":[-79.487768,36.191138]}},{"type":"Feature","properties":{"county_nam":"ALLEGHANY","prec_id":"04","enr_desc":"GLADE CREEK","name":"GLADE CREEK","label":"GLADE CREEK","precinct_norm":"ALLEGHANY - 04"},"geometry":{"type":"Point","coordinates":[-80.976122,36.513429]}},{"type":"Feature","properties":{"county_nam":"DAVIE","prec_id":"04","enr_desc":"COOLEEMEE","name":"COOLEEMEE","label":"COOLEEMEE","precinct_norm":"DAVIE - 04"},"geometry":{"type":"Point","coordinates":[-80.556324,35.826851]}},{"type":"Feature","properties":{"county_nam":"WAYNE","prec_id":"04","enr_desc":"04","name":"04","label":"04","precinct_norm":"WAYNE - 04"},"geometry":{"type":"Point","coordinates":[-78.009659,35.487]}},{"type":"Feature","properties":{"county_nam":"DAVIDSON","prec_id":"04","enr_desc":"ARCADIA 04","name":"ARCADIA 04","label":"ARCADIA 04","precinct_norm":"DAVIDSON - 04"},"geometry":{"type":"Point","coordinates":[-80.264793,35.966214]}},{"type":"Feature","properties":{"county_nam":"SCOTLAND","prec_id":"04","enr_desc":"04","name":"04","label":"04","precinct_norm":"SCOTLAND - 04"},"geometry":{"type":"Point","coordinates":[-79.507337,34.71498]}},{"type":"Feature","properties":{"county_nam":"WAKE","prec_id":"04-03","enr_desc":"04-03","name":"04-03","label":"04-03","precinct_norm":"WAKE - 04-03"},"geometry":{"type":"Point","coordinates":[-78.751016,35.77111]}},{"type":"Feature","properties":{"county_nam":"WAKE","prec_id":"04-01","enr_desc":"04-01","name":"04-01","label":"04-01","precinct_norm":"WAKE - 04-01"},"geometry":{"type":"Point","coordinates":[-78.791065,35.77963]}},{"type":"Feature","properties":{"county_nam":"CABARRUS","prec_id":"04-03","enr_desc":"04-03","name":"04-03","label":"04-03","precinct_norm":"CABARRUS - 04-03"},"geometry":{"type":"Point","coordinates":[-80.592446,35.492784]}},{"type":"Feature","properties":{"county_nam":"CABARRUS","prec_id":"04-01","enr_desc":"04-01","name":"04-01","label":"04-01","precinct_norm":"CABARRUS - 04-01"},"geometry":{"type":"Point","coordinates":[-80.608045,35.46383]}},{"type":"Feature","properties":{"county_nam":"CABARRUS","prec_id":"04-13","enr_desc":"04-13","name":"04-13","label":"04-13","precinct_norm":"CABARRUS - 04-13"},"geometry":{"type":"Point","coordinates":[-80.637007,35.46662]}},{"type":"Feature","properties":{"county_nam":"WAKE","prec_id":"04-02","enr_desc":"04-02","name":"04-02","label":"04-02","precinct_norm":"WAKE - 04-02"},"geometry":{"type":"Point","coordinates":[-78.76462,35.781322]}},{"type":"Feature","properties":{"county_nam":"WAKE","prec_id":"04-04","enr_desc":"04-04","name":"04-04","label":"04-04","precinct_norm":"WAKE - 04-04"},"geometry":{"type":"Point","coordinates":[-78.788285,35.768334]}},{"type":"Feature","properties":{"county_nam":"WAKE","prec_id":"04-05","enr_desc":"04-05","name":"04-05","label":"04-05","precinct_norm":"WAKE - 04-05"},"geometry":{"type":"Point","coordinates":[-78.751736,35.819593]}},{"type":"Feature","properties":{"county_nam":"WAKE","prec_id":"04-06","enr_desc":"04-06","name":"04-06","label":"04-06","precinct_norm":"WAKE - 04-06"},"geometry":{"type":"Point","coordinates":[-78.775149,35.755438]}},{"type":"Feature","properties":{"county_nam":"MECKLENBURG","prec_id":"040","enr_desc":"040","name":"040","label":"040","precinct_norm":"MECKLENBURG - 040"},"geometry":{"type":"Point","coordinates":[-80.897543,35.260546]}},{"type":"Feature","properties":{"county_nam":"EDGECOMBE","prec_id":"0401","enr_desc":"LAWRENCE","name":"LAWRENCE","label":"LAWRENCE","precinct_norm":"EDGECOMBE - 0401"},"geometry":{"type":"Point","coordinates":[-77.495984,35.972318]}},{"type":"Feature","properties":{"county_nam":"PITT","prec_id":"0401","enr_desc":"BETHEL","name":"BETHEL","label":"BETHEL","precinct_norm":"PITT - 0401"},"geometry":{"type":"Point","coordinates":[-77.377626,35.765002]}},{"type":"Feature","properties":{"county_nam":"UNION","prec_id":"041","enr_desc":"WEDDINGTON ELEMENTARY SCHOOL","name":"WEDDINGTON ELEMENTARY SCHOOL","label":"WEDDINGTON ELEMENTARY SCHOOL","precinct_norm":"UNION - 041"},"geometry":{"type":"Point","coordinates":[-80.751602,35.010037]}},{"type":"Feature","properties":{"county_nam":"WAKE","prec_id":"04-07","enr_desc":"04-07","name":"04-07","label":"04-07","precinct_norm":"WAKE - 04-07"},"geometry":{"type":"Point","coordinates":[-78.798993,35.747068]}},{"type":"Feature","properties":{"county_nam":"FORSYTH","prec_id":"802","enr_desc":"SUMMIT SCHOOL","name":"SUMMIT SCHOOL","label":"SUMMIT SCHOOL","precinct_norm":"FORSYTH - 802"},"geometry":{"type":"Point","coordinates":[-80.288028,36.118661]}},{"type":"Feature","properties":{"county_nam":"CABARRUS","prec_id":"04-08","enr_desc":"04-08","name":"04-08","label":"04-08","precinct_norm":"CABARRUS - 04-08"},"geometry":{"type":"Point","coordinates":[-80.669139,35.438343]}},{"type":"Feature","properties":{"county_nam":"WAKE","prec_id":"04-08","enr_desc":"04-08","name":"04-08","label":"04-08","precinct_norm":"WAKE - 04-08"},"geometry":{"type":"Point","coordinates":[-78.799419,35.812586]}},{"type":"Feature","properties":{"county_nam":"GUILFORD","prec_id":"G18","enr_desc":"G18","name":"G18","label":"G18","precinct_norm":"GUILFORD - G18"},"geometry":{"type":"Point","coordinates":[-79.809031,36.095558]}},{"type":"Feature","properties":{"county_nam":"CABARRUS","prec_id":"04-09","enr_desc":"04-09","name":"04-09","label":"04-09","precinct_norm":"CABARRUS - 04-09"},"geometry":{"type":"Point","coordinates":[-80.678301,35.473647]}},{"type":"Feature","properties":{"county_nam":"WAKE","prec_id":"04-09","enr_desc":"04-09","name":"04-09","label":"04-09","precinct_norm":"WAKE - 04-09"},"geometry":{"type":"Point","coordinates":[-78.817235,35.794505]}},{"type":"Feature","properties":{"county_nam":"WAKE","prec_id":"04-10","enr_desc":"04-10","name":"04-10","label":"04-10","precinct_norm":"WAKE - 04-10"},"geometry":{"type":"Point","coordinates":[-78.824326,35.760152]}},{"type":"Feature","properties":{"county_nam":"MECKLENBURG","prec_id":"042","enr_desc":"042","name":"042","label":"042","precinct_norm":"MECKLENBURG - 042"},"geometry":{"type":"Point","coordinates":[-80.787096,35.26883]}},{"type":"Feature","properties":{"county_nam":"WAKE","prec_id":"04-11","enr_desc":"04-11","name":"04-11","label":"04-11","precinct_norm":"WAKE - 04-11"},"geometry":{"type":"Point","coordinates":[-78.778479,35.793889]}},{"type":"Feature","properties":{"county_nam":"MECKLENBURG","prec_id":"043","enr_desc":"043","name":"043","label":"043","precinct_norm":"MECKLENBURG - 043"},"geometry":{"type":"Point","coordinates":[-80.770324,35.242427]}},{"type":"Feature","properties":{"county_nam":"CABARRUS","prec_id":"04-11","enr_desc":"04-11","name":"04-11","label":"04-11","precinct_norm":"CABARRUS - 04-11"},"geometry":{"type":"Point","coordinates":[-80.639277,35.494996]}},{"type":"Feature","properties":{"county_nam":"UNION","prec_id":"043","enr_desc":"THE BAZEMORE CENTER","name":"THE BAZEMORE CENTER","label":"THE BAZEMORE CENTER","precinct_norm":"UNION - 043"},"geometry":{"type":"Point","coordinates":[-80.539276,34.986014]}},{"type":"Feature","properties":{"county_nam":"CABARRUS","prec_id":"04-12","enr_desc":"04-12","name":"04-12","label":"04-12","precinct_norm":"CABARRUS - 04-12"},"geometry":{"type":"Point","coordinates":[-80.600724,35.484774]}},{"type":"Feature","properties":{"county_nam":"WAKE","prec_id":"04-12","enr_desc":"04-12","name":"04-12","label":"04-12","precinct_norm":"WAKE - 04-12"},"geometry":{"type":"Point","coordinates":[-78.757826,35.757724]}},{"type":"Feature","properties":{"county_nam":"WAKE","prec_id":"04-13","enr_desc":"04-13","name":"04-13","label":"04-13","precinct_norm":"WAKE - 04-13"},"geometry":{"type":"Point","coordinates":[-78.839644,35.773766]}},{"type":"Feature","properties":{"county_nam":"WAKE","prec_id":"04-14","enr_desc":"04-14","name":"04-14","label":"04-14","precinct_norm":"WAKE - 04-14"},"geometry":{"type":"Point","coordinates":[-78.808346,35.765609]}},{"type":"Feature","properties":{"county_nam":"MECKLENBURG","prec_id":"045","enr_desc":"045","name":"045","label":"045","precinct_norm":"MECKLENBURG - 045"},"geometry":{"type":"Point","coordinates":[-80.762124,35.218363]}},{"type":"Feature","properties":{"county_nam":"WAKE","prec_id":"04-15","enr_desc":"04-15","name":"04-15","label":"04-15","precinct_norm":"WAKE - 04-15"},"geometry":{"type":"Point","coordinates":[-78.814033,35.780876]}},{"type":"Feature","properties":{"county_nam":"WAKE","prec_id":"04-16","enr_desc":"04-16","name":"04-16","label":"04-16","precinct_norm":"WAKE - 04-16"},"geometry":{"type":"Point","coordinates":[-78.799608,35.763334]}},{"type":"Feature","properties":{"county_nam":"FORSYTH","prec_id":"803","enr_desc":"WHITAKER ELEMENTARY","name":"WHITAKER ELEMENTARY","label":"WHITAKER ELEMENTARY","precinct_norm":"FORSYTH - 803"},"geometry":{"type":"Point","coordinates":[-80.286592,36.105028]}},{"type":"Feature","properties":{"county_nam":"WAKE","prec_id":"04-17","enr_desc":"04-17","name":"04-17","label":"04-17","precinct_norm":"WAKE - 04-17"},"geometry":{"type":"Point","coordinates":[-78.786869,35.815283]}},{"type":"Feature","properties":{"county_nam":"MECKLENBURG","prec_id":"048","enr_desc":"048","name":"048","label":"048","precinct_norm":"MECKLENBURG - 048"},"geometry":{"type":"Point","coordinates":[-80.812461,35.166363]}},{"type":"Feature","properties":{"county_nam":"WAKE","prec_id":"04-18","enr_desc":"04-18","name":"04-18","label":"04-18","precinct_norm":"WAKE - 04-18"},"geometry":{"type":"Point","coordinates":[-78.789604,35.827799]}},{"type":"Feature","properties":{"county_nam":"WAKE","prec_id":"04-19","enr_desc":"04-19","name":"04-19","label":"04-19","precinct_norm":"WAKE - 04-19"},"geometry":{"type":"Point","coordinates":[-78.832147,35.778836]}},{"type":"Feature","properties":{"county_nam":"MECKLENBURG","prec_id":"049","enr_desc":"049","name":"049","label":"049","precinct_norm":"MECKLENBURG - 049"},"geometry":{"type":"Point","coordinates":[-80.846137,35.170378]}},{"type":"Feature","properties":{"county_nam":"RUTHERFORD","prec_id":"04A","enr_desc":"CAMP CREEK-MT VERNON","name":"CAMP CREEK-MT VERNON","label":"CAMP CREEK-MT VERNON","precinct_norm":"RUTHERFORD - 04A"},"geometry":{"type":"Point","coordinates":[-81.917657,35.461726]}},{"type":"Feature","properties":{"county_nam":"DAVIE","prec_id":"05","enr_desc":"FARMINGTON","name":"FARMINGTON","label":"FARMINGTON","precinct_norm":"DAVIE - 05"},"geometry":{"type":"Point","coordinates":[-80.533707,36.007461]}},{"type":"Feature","properties":{"county_nam":"HOKE","prec_id":"05","enr_desc":"MCCAIN","name":"MCCAIN","label":"MCCAIN","precinct_norm":"HOKE - 05"},"geometry":{"type":"Point","coordinates":[-79.312665,35.092304]}},{"type":"Feature","properties":{"county_nam":"CATAWBA","prec_id":"05","enr_desc":"CATAWBA","name":"CATAWBA","label":"CATAWBA","precinct_norm":"CATAWBA - 05"},"geometry":{"type":"Point","coordinates":[-81.100851,35.692102]}},{"type":"Feature","properties":{"county_nam":"WAKE","prec_id":"04-20","enr_desc":"04-20","name":"04-20","label":"04-20","precinct_norm":"WAKE - 04-20"},"geometry":{"type":"Point","coordinates":[-78.793688,35.793044]}},{"type":"Feature","properties":{"county_nam":"WATAUGA","prec_id":"05","enr_desc":"BOONE 1","name":"BOONE 1","label":"BOONE 1","precinct_norm":"WATAUGA - 05"},"geometry":{"type":"Point","coordinates":[-81.681548,36.220944]}},{"type":"Feature","properties":{"county_nam":"ALAMANCE","prec_id":"05","enr_desc":"FAUCETTE","name":"FAUCETTE","label":"FAUCETTE","precinct_norm":"ALAMANCE - 05"},"geometry":{"type":"Point","coordinates":[-79.403374,36.177523]}},{"type":"Feature","properties":{"county_nam":"MACON","prec_id":"05","enr_desc":"UNION","name":"UNION","label":"UNION","precinct_norm":"MACON - 05"},"geometry":{"type":"Point","coordinates":[-83.416965,35.12673]}},{"type":"Feature","properties":{"county_nam":"WAKE","prec_id":"04-21","enr_desc":"04-21","name":"04-21","label":"04-21","precinct_norm":"WAKE - 04-21"},"geometry":{"type":"Point","coordinates":[-78.771026,35.801198]}},{"type":"Feature","properties":{"county_nam":"YANCEY","prec_id":"04 RAM","enr_desc":"RAMSEYTOWN","name":"RAMSEYTOWN","label":"RAMSEYTOWN","precinct_norm":"YANCEY - 04 RAM"},"geometry":{"type":"Point","coordinates":[-82.391863,36.030582]}},{"type":"Feature","properties":{"county_nam":"BUNCOMBE","prec_id":"04.1","enr_desc":"NORTH ASHEVILLE COMMUNITY CENTER","name":"NORTH ASHEVILLE COMMUNITY CENTER","label":"NORTH ASHEVILLE COMMUNITY CENTER","precinct_norm":"BUNCOMBE - 04.1"},"geometry":{"type":"Point","coordinates":[-82.553766,35.62562]}},{"type":"Feature","properties":{"county_nam":"UNION","prec_id":"040","enr_desc":"SPIRIT OF JOY LUTHERAN CHURCH","name":"SPIRIT OF JOY LUTHERAN CHURCH","label":"SPIRIT OF JOY LUTHERAN CHURCH","precinct_norm":"UNION - 040"},"geometry":{"type":"Point","coordinates":[-80.698329,35.045775]}},{"type":"Feature","properties":{"county_nam":"GUILFORD","prec_id":"G19","enr_desc":"G19","name":"G19","label":"G19","precinct_norm":"GUILFORD - G19"},"geometry":{"type":"Point","coordinates":[-79.79134,36.095373]}},{"type":"Feature","properties":{"county_nam":"MECKLENBURG","prec_id":"041","enr_desc":"041","name":"041","label":"041","precinct_norm":"MECKLENBURG - 041"},"geometry":{"type":"Point","coordinates":[-80.880712,35.267094]}},{"type":"Feature","properties":{"county_nam":"UNION","prec_id":"042","enr_desc":"NEW SALEM BAPTIST CHURCH","name":"NEW SALEM BAPTIST CHURCH","label":"NEW SALEM BAPTIST CHURCH","precinct_norm":"UNION - 042"},"geometry":{"type":"Point","coordinates":[-80.601779,34.998741]}},{"type":"Feature","properties":{"county_nam":"MECKLENBURG","prec_id":"044","enr_desc":"044","name":"044","label":"044","precinct_norm":"MECKLENBURG - 044"},"geometry":{"type":"Point","coordinates":[-80.791557,35.23022]}},{"type":"Feature","properties":{"county_nam":"MECKLENBURG","prec_id":"046","enr_desc":"046","name":"046","label":"046","precinct_norm":"MECKLENBURG - 046"},"geometry":{"type":"Point","coordinates":[-80.79165,35.210602]}},{"type":"Feature","properties":{"county_nam":"MECKLENBURG","prec_id":"047","enr_desc":"047","name":"047","label":"047","precinct_norm":"MECKLENBURG - 047"},"geometry":{"type":"Point","coordinates":[-80.813064,35.183077]}},{"type":"Feature","properties":{"county_nam":"AVERY","prec_id":"05","enr_desc":"CRANBERRY","name":"CRANBERRY","label":"CRANBERRY","precinct_norm":"AVERY - 05"},"geometry":{"type":"Point","coordinates":[-81.977815,36.135356]}},{"type":"Feature","properties":{"county_nam":"FRANKLIN","prec_id":"05","enr_desc":"EAST HARRIS","name":"EAST HARRIS","label":"EAST HARRIS","precinct_norm":"FRANKLIN - 05"},"geometry":{"type":"Point","coordinates":[-78.291119,35.994608]}},{"type":"Feature","properties":{"county_nam":"GUILFORD","prec_id":"G20","enr_desc":"G20","name":"G20","label":"G20","precinct_norm":"GUILFORD - G20"},"geometry":{"type":"Point","coordinates":[-79.802157,36.104496]}},{"type":"Feature","properties":{"county_nam":"DURHAM","prec_id":"05","enr_desc":"PATTERSON REC CENTER","name":"PATTERSON REC CENTER","label":"PATTERSON REC CENTER","precinct_norm":"DURHAM - 05"},"geometry":{"type":"Point","coordinates":[-78.938932,36.005029]}},{"type":"Feature","properties":{"county_nam":"CRAVEN","prec_id":"05","enr_desc":"RIVER BEND","name":"RIVER BEND","label":"RIVER BEND","precinct_norm":"CRAVEN - 05"},"geometry":{"type":"Point","coordinates":[-77.150933,35.071146]}},{"type":"Feature","properties":{"county_nam":"MITCHELL","prec_id":"05","enr_desc":"HARRELL","name":"HARRELL","label":"HARRELL","precinct_norm":"MITCHELL - 05"},"geometry":{"type":"Point","coordinates":[-82.192355,36.099968]}},{"type":"Feature","properties":{"county_nam":"WAYNE","prec_id":"05","enr_desc":"05","name":"05","label":"05","precinct_norm":"WAYNE - 05"},"geometry":{"type":"Point","coordinates":[-77.994811,35.442572]}},{"type":"Feature","properties":{"county_nam":"CABARRUS","prec_id":"05-00","enr_desc":"05-00","name":"05-00","label":"05-00","precinct_norm":"CABARRUS - 05-00"},"geometry":{"type":"Point","coordinates":[-80.537373,35.459166]}},{"type":"Feature","properties":{"county_nam":"WAKE","prec_id":"05-01","enr_desc":"05-01","name":"05-01","label":"05-01","precinct_norm":"WAKE - 05-01"},"geometry":{"type":"Point","coordinates":[-78.843387,35.807383]}},{"type":"Feature","properties":{"county_nam":"WAKE","prec_id":"05-03","enr_desc":"05-03","name":"05-03","label":"05-03","precinct_norm":"WAKE - 05-03"},"geometry":{"type":"Point","coordinates":[-78.814892,35.820433]}},{"type":"Feature","properties":{"county_nam":"WAKE","prec_id":"05-05","enr_desc":"05-05","name":"05-05","label":"05-05","precinct_norm":"WAKE - 05-05"},"geometry":{"type":"Point","coordinates":[-78.796233,35.882711]}},{"type":"Feature","properties":{"county_nam":"WAKE","prec_id":"05-06","enr_desc":"05-06","name":"05-06","label":"05-06","precinct_norm":"WAKE - 05-06"},"geometry":{"type":"Point","coordinates":[-78.859372,35.807189]}},{"type":"Feature","properties":{"county_nam":"WAKE","prec_id":"05-08","enr_desc":"05-08","name":"05-08","label":"05-08","precinct_norm":"WAKE - 05-08"},"geometry":{"type":"Point","coordinates":[-78.828954,35.846831]}},{"type":"Feature","properties":{"county_nam":"SCOTLAND","prec_id":"05-10","enr_desc":"05-10/05","name":"05-10/05","label":"05-10/05","precinct_norm":"SCOTLAND - 05-10"},"geometry":{"type":"Point","coordinates":[-79.579836,34.756883]}},{"type":"Feature","properties":{"county_nam":"YANCEY","prec_id":"05 GRE","enr_desc":"GREEN MOUNTAIN","name":"GREEN MOUNTAIN","label":"GREEN MOUNTAIN","precinct_norm":"YANCEY - 05 GRE"},"geometry":{"type":"Point","coordinates":[-82.273839,35.997917]}},{"type":"Feature","properties":{"county_nam":"BUNCOMBE","prec_id":"05.1","enr_desc":"ST EUGENES CHURCH","name":"ST EUGENES CHURCH","label":"ST EUGENES CHURCH","precinct_norm":"BUNCOMBE - 05.1"},"geometry":{"type":"Point","coordinates":[-82.561415,35.636553]}},{"type":"Feature","properties":{"county_nam":"MECKLENBURG","prec_id":"050","enr_desc":"050","name":"050","label":"050","precinct_norm":"MECKLENBURG - 050"},"geometry":{"type":"Point","coordinates":[-80.863472,35.159394]}},{"type":"Feature","properties":{"county_nam":"EDGECOMBE","prec_id":"0501","enr_desc":"LEGGETT","name":"LEGGETT","label":"LEGGETT","precinct_norm":"EDGECOMBE - 0501"},"geometry":{"type":"Point","coordinates":[-77.579475,35.991187]}},{"type":"Feature","properties":{"county_nam":"PITT","prec_id":"0501","enr_desc":"CAROLINA","name":"CAROLINA","label":"CAROLINA","precinct_norm":"PITT - 0501"},"geometry":{"type":"Point","coordinates":[-77.253366,35.729314]}},{"type":"Feature","properties":{"county_nam":"STOKES","prec_id":"0506","enr_desc":"Francisco","name":"Francisco","label":"Francisco","precinct_norm":"STOKES - 0506"},"geometry":{"type":"Point","coordinates":[-80.357382,36.499593]}},{"type":"Feature","properties":{"county_nam":"MECKLENBURG","prec_id":"065","enr_desc":"065","name":"065","label":"065","precinct_norm":"MECKLENBURG - 065"},"geometry":{"type":"Point","coordinates":[-80.768651,35.155575]}},{"type":"Feature","properties":{"county_nam":"MECKLENBURG","prec_id":"051","enr_desc":"051","name":"051","label":"051","precinct_norm":"MECKLENBURG - 051"},"geometry":{"type":"Point","coordinates":[-80.859992,35.183547]}},{"type":"Feature","properties":{"county_nam":"MECKLENBURG","prec_id":"052","enr_desc":"052","name":"052","label":"052","precinct_norm":"MECKLENBURG - 052"},"geometry":{"type":"Point","coordinates":[-80.891104,35.192544]}},{"type":"Feature","properties":{"county_nam":"MECKLENBURG","prec_id":"054","enr_desc":"054","name":"054","label":"054","precinct_norm":"MECKLENBURG - 054"},"geometry":{"type":"Point","coordinates":[-80.842194,35.248181]}},{"type":"Feature","properties":{"county_nam":"MECKLENBURG","prec_id":"053","enr_desc":"053","name":"053","label":"053","precinct_norm":"MECKLENBURG - 053"},"geometry":{"type":"Point","coordinates":[-80.922519,35.235507]}},{"type":"Feature","properties":{"county_nam":"MECKLENBURG","prec_id":"056","enr_desc":"056","name":"056","label":"056","precinct_norm":"MECKLENBURG - 056"},"geometry":{"type":"Point","coordinates":[-80.829636,35.262241]}},{"type":"Feature","properties":{"county_nam":"MECKLENBURG","prec_id":"055","enr_desc":"055","name":"055","label":"055","precinct_norm":"MECKLENBURG - 055"},"geometry":{"type":"Point","coordinates":[-80.848541,35.264793]}},{"type":"Feature","properties":{"county_nam":"GUILFORD","prec_id":"G23","enr_desc":"G23","name":"G23","label":"G23","precinct_norm":"GUILFORD - G23"},"geometry":{"type":"Point","coordinates":[-79.825876,36.114253]}},{"type":"Feature","properties":{"county_nam":"MECKLENBURG","prec_id":"057","enr_desc":"057","name":"057","label":"057","precinct_norm":"MECKLENBURG - 057"},"geometry":{"type":"Point","coordinates":[-80.842929,35.147259]}},{"type":"Feature","properties":{"county_nam":"MECKLENBURG","prec_id":"058","enr_desc":"058","name":"058","label":"058","precinct_norm":"MECKLENBURG - 058"},"geometry":{"type":"Point","coordinates":[-80.869756,35.137897]}},{"type":"Feature","properties":{"county_nam":"GUILFORD","prec_id":"G24","enr_desc":"G24","name":"G24","label":"G24","precinct_norm":"GUILFORD - G24"},"geometry":{"type":"Point","coordinates":[-79.823354,36.122483]}},{"type":"Feature","properties":{"county_nam":"MECKLENBURG","prec_id":"059","enr_desc":"059","name":"059","label":"059","precinct_norm":"MECKLENBURG - 059"},"geometry":{"type":"Point","coordinates":[-80.867002,35.150007]}},{"type":"Feature","properties":{"county_nam":"ROWAN","prec_id":"05A","enr_desc":"CHINA GROVE","name":"CHINA GROVE","label":"CHINA GROVE","precinct_norm":"ROWAN - 05A"},"geometry":{"type":"Point","coordinates":[-80.571625,35.573005]}},{"type":"Feature","properties":{"county_nam":"RUTHERFORD","prec_id":"05A","enr_desc":"CAROLEEN-CLIFFSIDE","name":"CAROLEEN-CLIFFSIDE","label":"CAROLEEN-CLIFFSIDE","precinct_norm":"RUTHERFORD - 05A"},"geometry":{"type":"Point","coordinates":[-81.772775,35.243147]}},{"type":"Feature","properties":{"county_nam":"ROBESON","prec_id":"05A","enr_desc":"FAIRMONT","name":"FAIRMONT","label":"FAIRMONT","precinct_norm":"ROBESON - 05A"},"geometry":{"type":"Point","coordinates":[-79.137235,34.478179]}},{"type":"Feature","properties":{"county_nam":"WATAUGA","prec_id":"06","enr_desc":"BOONE 2","name":"BOONE 2","label":"BOONE 2","precinct_norm":"WATAUGA - 06"},"geometry":{"type":"Point","coordinates":[-81.674409,36.212505]}},{"type":"Feature","properties":{"county_nam":"MITCHELL","prec_id":"06","enr_desc":"LITTLE ROCK CREEK","name":"LITTLE ROCK CREEK","label":"LITTLE ROCK CREEK","precinct_norm":"MITCHELL - 06"},"geometry":{"type":"Point","coordinates":[-82.128152,36.070631]}},{"type":"Feature","properties":{"county_nam":"DAVIDSON","prec_id":"06","enr_desc":"BOONE 06","name":"BOONE 06","label":"BOONE 06","precinct_norm":"DAVIDSON - 06"},"geometry":{"type":"Point","coordinates":[-80.40002,35.769246]}},{"type":"Feature","properties":{"county_nam":"CATAWBA","prec_id":"06","enr_desc":"CLAREMONT","name":"CLAREMONT","label":"CLAREMONT","precinct_norm":"CATAWBA - 06"},"geometry":{"type":"Point","coordinates":[-81.154188,35.718175]}},{"type":"Feature","properties":{"county_nam":"AVERY","prec_id":"06","enr_desc":"ELK PARK","name":"ELK PARK","label":"ELK PARK","precinct_norm":"AVERY - 06"},"geometry":{"type":"Point","coordinates":[-81.975894,36.176249]}},{"type":"Feature","properties":{"county_nam":"DURHAM","prec_id":"06","enr_desc":"LAKEWOOD SCHOOL","name":"LAKEWOOD SCHOOL","label":"LAKEWOOD SCHOOL","precinct_norm":"DURHAM - 06"},"geometry":{"type":"Point","coordinates":[-78.942541,35.986934]}},{"type":"Feature","properties":{"county_nam":"WAYNE","prec_id":"06","enr_desc":"06","name":"06","label":"06","precinct_norm":"WAYNE - 06"},"geometry":{"type":"Point","coordinates":[-77.92629,35.425254]}},{"type":"Feature","properties":{"county_nam":"ASHE","prec_id":"06","enr_desc":"HELTON","name":"HELTON","label":"HELTON","precinct_norm":"ASHE - 06"},"geometry":{"type":"Point","coordinates":[-81.476224,36.546452]}},{"type":"Feature","properties":{"county_nam":"DAVIE","prec_id":"06","enr_desc":"FULTON","name":"FULTON","label":"FULTON","precinct_norm":"DAVIE - 06"},"geometry":{"type":"Point","coordinates":[-80.448135,35.873482]}},{"type":"Feature","properties":{"county_nam":"CABARRUS","prec_id":"06-00","enr_desc":"06-00","name":"06-00","label":"06-00","precinct_norm":"CABARRUS - 06-00"},"geometry":{"type":"Point","coordinates":[-80.452838,35.465487]}},{"type":"Feature","properties":{"county_nam":"FRANKLIN","prec_id":"06","enr_desc":"BUNN","name":"BUNN","label":"BUNN","precinct_norm":"FRANKLIN - 06"},"geometry":{"type":"Point","coordinates":[-78.262986,35.949028]}},{"type":"Feature","properties":{"county_nam":"MACON","prec_id":"06","enr_desc":"MILLSHOAL","name":"MILLSHOAL","label":"MILLSHOAL","precinct_norm":"MACON - 06"},"geometry":{"type":"Point","coordinates":[-83.297476,35.224749]}},{"type":"Feature","properties":{"county_nam":"MECKLENBURG","prec_id":"063","enr_desc":"063","name":"063","label":"063","precinct_norm":"MECKLENBURG - 063"},"geometry":{"type":"Point","coordinates":[-80.743051,35.177145]}},{"type":"Feature","properties":{"county_nam":"WAKE","prec_id":"06-04","enr_desc":"06-04","name":"06-04","label":"06-04","precinct_norm":"WAKE - 06-04"},"geometry":{"type":"Point","coordinates":[-78.818718,35.638089]}},{"type":"Feature","properties":{"county_nam":"WAKE","prec_id":"06-05","enr_desc":"06-05","name":"06-05","label":"06-05","precinct_norm":"WAKE - 06-05"},"geometry":{"type":"Point","coordinates":[-78.80114,35.647648]}},{"type":"Feature","properties":{"county_nam":"WAKE","prec_id":"06-06","enr_desc":"06-06","name":"06-06","label":"06-06","precinct_norm":"WAKE - 06-06"},"geometry":{"type":"Point","coordinates":[-78.817498,35.669237]}},{"type":"Feature","properties":{"county_nam":"WAKE","prec_id":"06-07","enr_desc":"06-07","name":"06-07","label":"06-07","precinct_norm":"WAKE - 06-07"},"geometry":{"type":"Point","coordinates":[-78.794684,35.684387]}},{"type":"Feature","properties":{"county_nam":"WAKE","prec_id":"06-08","enr_desc":"06-08","name":"06-08","label":"06-08","precinct_norm":"WAKE - 06-08"},"geometry":{"type":"Point","coordinates":[-78.83781,35.668131]}},{"type":"Feature","properties":{"county_nam":"WAKE","prec_id":"06-10","enr_desc":"06-10","name":"06-10","label":"06-10","precinct_norm":"WAKE - 06-10"},"geometry":{"type":"Point","coordinates":[-78.880632,35.604074]}},{"type":"Feature","properties":{"county_nam":"SCOTLAND","prec_id":"06-89","enr_desc":"06-89/06","name":"06-89/06","label":"06-89/06","precinct_norm":"SCOTLAND - 06-89"},"geometry":{"type":"Point","coordinates":[-79.519943,34.910017]}},{"type":"Feature","properties":{"county_nam":"YANCEY","prec_id":"06 JAC","enr_desc":"JACKS CREEK","name":"JACKS CREEK","label":"JACKS CREEK","precinct_norm":"YANCEY - 06 JAC"},"geometry":{"type":"Point","coordinates":[-82.315221,35.96119]}},{"type":"Feature","properties":{"county_nam":"BUNCOMBE","prec_id":"06.1","enr_desc":"TRINITY PRESBYTERIAN CHURCH","name":"TRINITY PRESBYTERIAN CHURCH","label":"TRINITY PRESBYTERIAN CHURCH","precinct_norm":"BUNCOMBE - 06.1"},"geometry":{"type":"Point","coordinates":[-82.507687,35.582505]}},{"type":"Feature","properties":{"county_nam":"MECKLENBURG","prec_id":"064","enr_desc":"064","name":"064","label":"064","precinct_norm":"MECKLENBURG - 064"},"geometry":{"type":"Point","coordinates":[-80.762106,35.175702]}},{"type":"Feature","properties":{"county_nam":"MECKLENBURG","prec_id":"060","enr_desc":"060","name":"060","label":"060","precinct_norm":"MECKLENBURG - 060"},"geometry":{"type":"Point","coordinates":[-80.761034,35.260591]}},{"type":"Feature","properties":{"county_nam":"PITT","prec_id":"0601","enr_desc":"CHICOD","name":"CHICOD","label":"CHICOD","precinct_norm":"PITT - 0601"},"geometry":{"type":"Point","coordinates":[-77.243684,35.475265]}},{"type":"Feature","properties":{"county_nam":"EDGECOMBE","prec_id":"0601","enr_desc":"WHITAKERS","name":"WHITAKERS","label":"WHITAKERS","precinct_norm":"EDGECOMBE - 0601"},"geometry":{"type":"Point","coordinates":[-77.615981,36.072873]}},{"type":"Feature","properties":{"county_nam":"MECKLENBURG","prec_id":"061","enr_desc":"061","name":"061","label":"061","precinct_norm":"MECKLENBURG - 061"},"geometry":{"type":"Point","coordinates":[-80.757787,35.228714]}},{"type":"Feature","properties":{"county_nam":"MECKLENBURG","prec_id":"062","enr_desc":"062","name":"062","label":"062","precinct_norm":"MECKLENBURG - 062"},"geometry":{"type":"Point","coordinates":[-80.734316,35.194507]}},{"type":"Feature","properties":{"county_nam":"ALAMANCE","prec_id":"063","enr_desc":"GRAHAM 3","name":"GRAHAM 3","label":"GRAHAM 3","precinct_norm":"ALAMANCE - 063"},"geometry":{"type":"Point","coordinates":[-79.394478,36.103787]}},{"type":"Feature","properties":{"county_nam":"ALAMANCE","prec_id":"064","enr_desc":"GRAHAM 4","name":"GRAHAM 4","label":"GRAHAM 4","precinct_norm":"ALAMANCE - 064"},"geometry":{"type":"Point","coordinates":[-79.415166,36.040179]}},{"type":"Feature","properties":{"county_nam":"GUILFORD","prec_id":"G25","enr_desc":"G25","name":"G25","label":"G25","precinct_norm":"GUILFORD - G25"},"geometry":{"type":"Point","coordinates":[-79.823958,36.132524]}},{"type":"Feature","properties":{"county_nam":"WAKE","prec_id":"07-02","enr_desc":"07-02","name":"07-02","label":"07-02","precinct_norm":"WAKE - 07-02"},"geometry":{"type":"Point","coordinates":[-78.68911,35.866399]}},{"type":"Feature","properties":{"county_nam":"MECKLENBURG","prec_id":"066","enr_desc":"066","name":"066","label":"066","precinct_norm":"MECKLENBURG - 066"},"geometry":{"type":"Point","coordinates":[-80.779524,35.174219]}},{"type":"Feature","properties":{"county_nam":"MECKLENBURG","prec_id":"067","enr_desc":"067","name":"067","label":"067","precinct_norm":"MECKLENBURG - 067"},"geometry":{"type":"Point","coordinates":[-80.78419,35.15119]}},{"type":"Feature","properties":{"county_nam":"MECKLENBURG","prec_id":"068","enr_desc":"068","name":"068","label":"068","precinct_norm":"MECKLENBURG - 068"},"geometry":{"type":"Point","coordinates":[-80.777473,35.140821]}},{"type":"Feature","properties":{"county_nam":"MECKLENBURG","prec_id":"069","enr_desc":"069","name":"069","label":"069","precinct_norm":"MECKLENBURG - 069"},"geometry":{"type":"Point","coordinates":[-80.810511,35.105619]}},{"type":"Feature","properties":{"county_nam":"RUTHERFORD","prec_id":"06A","enr_desc":"CHIMNEY ROCK","name":"CHIMNEY ROCK","label":"CHIMNEY ROCK","precinct_norm":"RUTHERFORD - 06A"},"geometry":{"type":"Point","coordinates":[-82.188818,35.457566]}},{"type":"Feature","properties":{"county_nam":"ALLEGHANY","prec_id":"06A","enr_desc":"PRATHERS CREEK","name":"PRATHERS CREEK","label":"PRATHERS CREEK","precinct_norm":"ALLEGHANY - 06A"},"geometry":{"type":"Point","coordinates":[-81.242274,36.470266]}},{"type":"Feature","properties":{"county_nam":"ALAMANCE","prec_id":"06N","enr_desc":"NORTH GRAHAM","name":"NORTH GRAHAM","label":"NORTH GRAHAM","precinct_norm":"ALAMANCE - 06N"},"geometry":{"type":"Point","coordinates":[-79.39963,36.079082]}},{"type":"Feature","properties":{"county_nam":"ALAMANCE","prec_id":"06S","enr_desc":"SOUTH GRAHAM","name":"SOUTH GRAHAM","label":"SOUTH GRAHAM","precinct_norm":"ALAMANCE - 06S"},"geometry":{"type":"Point","coordinates":[-79.381429,36.043089]}},{"type":"Feature","properties":{"county_nam":"HOKE","prec_id":"06B","enr_desc":"PUPPY CREEK","name":"PUPPY CREEK","label":"PUPPY CREEK","precinct_norm":"HOKE - 06B"},"geometry":{"type":"Point","coordinates":[-79.110694,35.000771]}},{"type":"Feature","properties":{"county_nam":"ALAMANCE","prec_id":"06E","enr_desc":"EAST GRAHAM","name":"EAST GRAHAM","label":"EAST GRAHAM","precinct_norm":"ALAMANCE - 06E"},"geometry":{"type":"Point","coordinates":[-79.375094,36.073189]}},{"type":"Feature","properties":{"county_nam":"CATAWBA","prec_id":"07","enr_desc":"CONOVER WEST","name":"CONOVER WEST","label":"CONOVER WEST","precinct_norm":"CATAWBA - 07"},"geometry":{"type":"Point","coordinates":[-81.228019,35.723672]}},{"type":"Feature","properties":{"county_nam":"SCOTLAND","prec_id":"07","enr_desc":"07","name":"07","label":"07","precinct_norm":"SCOTLAND - 07"},"geometry":{"type":"Point","coordinates":[-79.414965,34.915504]}},{"type":"Feature","properties":{"county_nam":"FRANKLIN","prec_id":"07","enr_desc":"PEARCES","name":"PEARCES","label":"PEARCES","precinct_norm":"FRANKLIN - 07"},"geometry":{"type":"Point","coordinates":[-78.307515,35.918029]}},{"type":"Feature","properties":{"county_nam":"MACON","prec_id":"07","enr_desc":"ELLIJAY","name":"ELLIJAY","label":"ELLIJAY","precinct_norm":"MACON - 07"},"geometry":{"type":"Point","coordinates":[-83.310867,35.163447]}},{"type":"Feature","properties":{"county_nam":"WATAUGA","prec_id":"07","enr_desc":"BRUSHY FORK","name":"BRUSHY FORK","label":"BRUSHY FORK","precinct_norm":"WATAUGA - 07"},"geometry":{"type":"Point","coordinates":[-81.716655,36.218441]}},{"type":"Feature","properties":{"county_nam":"ALAMANCE","prec_id":"06W","enr_desc":"WEST GRAHAM","name":"WEST GRAHAM","label":"WEST GRAHAM","precinct_norm":"ALAMANCE - 06W"},"geometry":{"type":"Point","coordinates":[-79.418399,36.074269]}},{"type":"Feature","properties":{"county_nam":"AVERY","prec_id":"07","enr_desc":"FRANK","name":"FRANK","label":"FRANK","precinct_norm":"AVERY - 07"},"geometry":{"type":"Point","coordinates":[-82.00666,36.075381]}},{"type":"Feature","properties":{"county_nam":"ALAMANCE","prec_id":"07","enr_desc":"ALBRIGHT","name":"ALBRIGHT","label":"ALBRIGHT","precinct_norm":"ALAMANCE - 07"},"geometry":{"type":"Point","coordinates":[-79.390394,35.987534]}},{"type":"Feature","properties":{"county_nam":"DAVIE","prec_id":"07","enr_desc":"JERUSALEM","name":"JERUSALEM","label":"JERUSALEM","precinct_norm":"DAVIE - 07"},"geometry":{"type":"Point","coordinates":[-80.50033,35.807028]}},{"type":"Feature","properties":{"county_nam":"ROWAN","prec_id":"07","enr_desc":"CLEVELAND","name":"CLEVELAND","label":"CLEVELAND","precinct_norm":"ROWAN - 07"},"geometry":{"type":"Point","coordinates":[-80.689651,35.735425]}},{"type":"Feature","properties":{"county_nam":"ROBESON","prec_id":"07","enr_desc":"GADDYS","name":"GADDYS","label":"GADDYS","precinct_norm":"ROBESON - 07"},"geometry":{"type":"Point","coordinates":[-79.207714,34.448896]}},{"type":"Feature","properties":{"county_nam":"STOKES","prec_id":"07","enr_desc":"REYNOLDS","name":"REYNOLDS","label":"REYNOLDS","precinct_norm":"STOKES - 07"},"geometry":{"type":"Point","coordinates":[-80.36852,36.452131]}},{"type":"Feature","properties":{"county_nam":"GUILFORD","prec_id":"G28","enr_desc":"G28","name":"G28","label":"G28","precinct_norm":"GUILFORD - G28"},"geometry":{"type":"Point","coordinates":[-79.83872,36.144715]}},{"type":"Feature","properties":{"county_nam":"CRAVEN","prec_id":"07","enr_desc":"JASPER","name":"JASPER","label":"JASPER","precinct_norm":"CRAVEN - 07"},"geometry":{"type":"Point","coordinates":[-77.201153,35.192486]}},{"type":"Feature","properties":{"county_nam":"ASHE","prec_id":"07","enr_desc":"HORSE CREEK","name":"HORSE CREEK","label":"HORSE CREEK","precinct_norm":"ASHE - 07"},"geometry":{"type":"Point","coordinates":[-81.596573,36.531413]}},{"type":"Feature","properties":{"county_nam":"CABARRUS","prec_id":"07-00","enr_desc":"07-00","name":"07-00","label":"07-00","precinct_norm":"CABARRUS - 07-00"},"geometry":{"type":"Point","coordinates":[-80.364664,35.461993]}},{"type":"Feature","properties":{"county_nam":"WAKE","prec_id":"07-03","enr_desc":"07-03","name":"07-03","label":"07-03","precinct_norm":"WAKE - 07-03"},"geometry":{"type":"Point","coordinates":[-78.675098,35.864262]}},{"type":"Feature","properties":{"county_nam":"WAKE","prec_id":"07-01","enr_desc":"07-01","name":"07-01","label":"07-01","precinct_norm":"WAKE - 07-01"},"geometry":{"type":"Point","coordinates":[-78.70201,35.849556]}},{"type":"Feature","properties":{"county_nam":"GUILFORD","prec_id":"G29","enr_desc":"G29","name":"G29","label":"G29","precinct_norm":"GUILFORD - G29"},"geometry":{"type":"Point","coordinates":[-79.841599,36.127519]}},{"type":"Feature","properties":{"county_nam":"WAKE","prec_id":"07-04","enr_desc":"07-04","name":"07-04","label":"07-04","precinct_norm":"WAKE - 07-04"},"geometry":{"type":"Point","coordinates":[-78.652478,35.871938]}},{"type":"Feature","properties":{"county_nam":"WAKE","prec_id":"07-05","enr_desc":"07-05","name":"07-05","label":"07-05","precinct_norm":"WAKE - 07-05"},"geometry":{"type":"Point","coordinates":[-78.63461,35.887051]}},{"type":"Feature","properties":{"county_nam":"WAKE","prec_id":"07-07","enr_desc":"07-07","name":"07-07","label":"07-07","precinct_norm":"WAKE - 07-07"},"geometry":{"type":"Point","coordinates":[-78.680736,35.885524]}},{"type":"Feature","properties":{"county_nam":"WAKE","prec_id":"07-06","enr_desc":"07-06","name":"07-06","label":"07-06","precinct_norm":"WAKE - 07-06"},"geometry":{"type":"Point","coordinates":[-78.663234,35.89355]}},{"type":"Feature","properties":{"county_nam":"WAKE","prec_id":"07-11","enr_desc":"07-11","name":"07-11","label":"07-11","precinct_norm":"WAKE - 07-11"},"geometry":{"type":"Point","coordinates":[-78.667975,35.878666]}},{"type":"Feature","properties":{"county_nam":"WAKE","prec_id":"07-09","enr_desc":"07-09","name":"07-09","label":"07-09","precinct_norm":"WAKE - 07-09"},"geometry":{"type":"Point","coordinates":[-78.670621,35.847387]}},{"type":"Feature","properties":{"county_nam":"WAKE","prec_id":"07-10","enr_desc":"07-10","name":"07-10","label":"07-10","precinct_norm":"WAKE - 07-10"},"geometry":{"type":"Point","coordinates":[-78.743617,35.870446]}},{"type":"Feature","properties":{"county_nam":"WAKE","prec_id":"07-12","enr_desc":"07-12","name":"07-12","label":"07-12","precinct_norm":"WAKE - 07-12"},"geometry":{"type":"Point","coordinates":[-78.690905,35.855451]}},{"type":"Feature","properties":{"county_nam":"MECKLENBURG","prec_id":"072","enr_desc":"072","name":"072","label":"072","precinct_norm":"MECKLENBURG - 072"},"geometry":{"type":"Point","coordinates":[-80.810515,35.140758]}},{"type":"Feature","properties":{"county_nam":"WAKE","prec_id":"07-13","enr_desc":"07-13","name":"07-13","label":"07-13","precinct_norm":"WAKE - 07-13"},"geometry":{"type":"Point","coordinates":[-78.649236,35.891276]}},{"type":"Feature","properties":{"county_nam":"YANCEY","prec_id":"07 BRU","enr_desc":"BRUSH CREEK","name":"BRUSH CREEK","label":"BRUSH CREEK","precinct_norm":"YANCEY - 07 BRU"},"geometry":{"type":"Point","coordinates":[-82.218854,35.977701]}},{"type":"Feature","properties":{"county_nam":"STOKES","prec_id":"08","enr_desc":"FLINTY KNOLL","name":"FLINTY KNOLL","label":"FLINTY KNOLL","precinct_norm":"STOKES - 08"},"geometry":{"type":"Point","coordinates":[-80.362096,36.41388]}},{"type":"Feature","properties":{"county_nam":"CABARRUS","prec_id":"12-11","enr_desc":"12-11","name":"12-11","label":"12-11","precinct_norm":"CABARRUS - 12-11"},"geometry":{"type":"Point","coordinates":[-80.601532,35.433283]}},{"type":"Feature","properties":{"county_nam":"BUNCOMBE","prec_id":"07.1","enr_desc":"KENILWORTH PRESBYTERIAN CHURCH","name":"KENILWORTH PRESBYTERIAN CHURCH","label":"KENILWORTH PRESBYTERIAN CHURCH","precinct_norm":"BUNCOMBE - 07.1"},"geometry":{"type":"Point","coordinates":[-82.528627,35.579178]}},{"type":"Feature","properties":{"county_nam":"MECKLENBURG","prec_id":"070","enr_desc":"070","name":"070","label":"070","precinct_norm":"MECKLENBURG - 070"},"geometry":{"type":"Point","coordinates":[-80.798154,35.134636]}},{"type":"Feature","properties":{"county_nam":"EDGECOMBE","prec_id":"0701","enr_desc":"BATTLEBORO","name":"BATTLEBORO","label":"BATTLEBORO","precinct_norm":"EDGECOMBE - 0701"},"geometry":{"type":"Point","coordinates":[-77.712191,36.008379]}},{"type":"Feature","properties":{"county_nam":"PITT","prec_id":"0701","enr_desc":"FALKLAND","name":"FALKLAND","label":"FALKLAND","precinct_norm":"PITT - 0701"},"geometry":{"type":"Point","coordinates":[-77.527851,35.685474]}},{"type":"Feature","properties":{"county_nam":"MECKLENBURG","prec_id":"071","enr_desc":"071","name":"071","label":"071","precinct_norm":"MECKLENBURG - 071"},"geometry":{"type":"Point","coordinates":[-80.817296,35.154341]}},{"type":"Feature","properties":{"county_nam":"DURHAM","prec_id":"08","enr_desc":"MOREHEAD MONTESSORI","name":"MOREHEAD MONTESSORI","label":"MOREHEAD MONTESSORI","precinct_norm":"DURHAM - 08"},"geometry":{"type":"Point","coordinates":[-78.915107,35.990503]}},{"type":"Feature","properties":{"county_nam":"MECKLENBURG","prec_id":"073","enr_desc":"073","name":"073","label":"073","precinct_norm":"MECKLENBURG - 073"},"geometry":{"type":"Point","coordinates":[-80.829447,35.126492]}},{"type":"Feature","properties":{"county_nam":"WATAUGA","prec_id":"08","enr_desc":"COVE CREEK","name":"COVE CREEK","label":"COVE CREEK","precinct_norm":"WATAUGA - 08"},"geometry":{"type":"Point","coordinates":[-81.759269,36.300817]}},{"type":"Feature","properties":{"county_nam":"MACON","prec_id":"08","enr_desc":"SUGARFORK","name":"SUGARFORK","label":"SUGARFORK","precinct_norm":"MACON - 08"},"geometry":{"type":"Point","coordinates":[-83.256641,35.123927]}},{"type":"Feature","properties":{"county_nam":"ROBESON","prec_id":"08","enr_desc":"EAST HOWELLSVILLE","name":"EAST HOWELLSVILLE","label":"EAST HOWELLSVILLE","precinct_norm":"ROBESON - 08"},"geometry":{"type":"Point","coordinates":[-78.863883,34.680085]}},{"type":"Feature","properties":{"county_nam":"MECKLENBURG","prec_id":"074","enr_desc":"074","name":"074","label":"074","precinct_norm":"MECKLENBURG - 074"},"geometry":{"type":"Point","coordinates":[-80.830043,35.158879]}},{"type":"Feature","properties":{"county_nam":"RICHMOND","prec_id":"09","enr_desc":"MARKS CREEK 2","name":"MARKS CREEK 2","label":"MARKS CREEK 2","precinct_norm":"RICHMOND - 09"},"geometry":{"type":"Point","coordinates":[-79.697775,34.857751]}},{"type":"Feature","properties":{"county_nam":"DAVIE","prec_id":"09","enr_desc":"SOUTH MOCKSVILLE","name":"SOUTH MOCKSVILLE","label":"SOUTH MOCKSVILLE","precinct_norm":"DAVIE - 09"},"geometry":{"type":"Point","coordinates":[-80.550487,35.874931]}},{"type":"Feature","properties":{"county_nam":"MITCHELL","prec_id":"09","enr_desc":"SNOW CREEK","name":"SNOW CREEK","label":"SNOW CREEK","precinct_norm":"MITCHELL - 09"},"geometry":{"type":"Point","coordinates":[-82.133886,35.963314]}},{"type":"Feature","properties":{"county_nam":"ASHE","prec_id":"09","enr_desc":"JEFFERSON","name":"JEFFERSON","label":"JEFFERSON","precinct_norm":"ASHE - 09"},"geometry":{"type":"Point","coordinates":[-81.417395,36.410404]}},{"type":"Feature","properties":{"county_nam":"MACON","prec_id":"09","enr_desc":"HIGHLANDS","name":"HIGHLANDS","label":"HIGHLANDS","precinct_norm":"MACON - 09"},"geometry":{"type":"Point","coordinates":[-83.227395,35.066044]}},{"type":"Feature","properties":{"county_nam":"STOKES","prec_id":"09","enr_desc":"PINNACLE","name":"PINNACLE","label":"PINNACLE","precinct_norm":"STOKES - 09"},"geometry":{"type":"Point","coordinates":[-80.419635,36.333774]}},{"type":"Feature","properties":{"county_nam":"WAYNE","prec_id":"09","enr_desc":"09","name":"09","label":"09","precinct_norm":"WAYNE - 09"},"geometry":{"type":"Point","coordinates":[-78.046151,35.399112]}},{"type":"Feature","properties":{"county_nam":"WATAUGA","prec_id":"09","enr_desc":"ELK","name":"ELK","label":"ELK","precinct_norm":"WATAUGA - 09"},"geometry":{"type":"Point","coordinates":[-81.537055,36.177896]}},{"type":"Feature","properties":{"county_nam":"MECKLENBURG","prec_id":"075","enr_desc":"075","name":"075","label":"075","precinct_norm":"MECKLENBURG - 075"},"geometry":{"type":"Point","coordinates":[-80.845271,35.128773]}},{"type":"Feature","properties":{"county_nam":"MECKLENBURG","prec_id":"076","enr_desc":"076","name":"076","label":"076","precinct_norm":"MECKLENBURG - 076"},"geometry":{"type":"Point","coordinates":[-80.859126,35.132733]}},{"type":"Feature","properties":{"county_nam":"MECKLENBURG","prec_id":"077","enr_desc":"077","name":"077","label":"077","precinct_norm":"MECKLENBURG - 077"},"geometry":{"type":"Point","coordinates":[-80.897818,35.125096]}},{"type":"Feature","properties":{"county_nam":"MECKLENBURG","prec_id":"078.1","enr_desc":"078.1","name":"078.1","label":"078.1","precinct_norm":"MECKLENBURG - 078.1"},"geometry":{"type":"Point","coordinates":[-80.90785,35.178975]}},{"type":"Feature","properties":{"county_nam":"MECKLENBURG","prec_id":"079","enr_desc":"079","name":"079","label":"079","precinct_norm":"MECKLENBURG - 079"},"geometry":{"type":"Point","coordinates":[-80.949486,35.24832]}},{"type":"Feature","properties":{"county_nam":"CABARRUS","prec_id":"12-12","enr_desc":"12-12","name":"12-12","label":"12-12","precinct_norm":"CABARRUS - 12-12"},"geometry":{"type":"Point","coordinates":[-80.586584,35.365708]}},{"type":"Feature","properties":{"county_nam":"ASHE","prec_id":"08","enr_desc":"HURRICANE","name":"HURRICANE","label":"HURRICANE","precinct_norm":"ASHE - 08"},"geometry":{"type":"Point","coordinates":[-81.570481,36.563653]}},{"type":"Feature","properties":{"county_nam":"DAVIDSON","prec_id":"08","enr_desc":"CENTRAL 08","name":"CENTRAL 08","label":"CENTRAL 08","precinct_norm":"DAVIDSON - 08"},"geometry":{"type":"Point","coordinates":[-80.2129,35.799701]}},{"type":"Feature","properties":{"county_nam":"AVERY","prec_id":"08","enr_desc":"HEATON","name":"HEATON","label":"HEATON","precinct_norm":"AVERY - 08"},"geometry":{"type":"Point","coordinates":[-81.941386,36.168255]}},{"type":"Feature","properties":{"county_nam":"WAYNE","prec_id":"08","enr_desc":"08","name":"08","label":"08","precinct_norm":"WAYNE - 08"},"geometry":{"type":"Point","coordinates":[-78.116722,35.388541]}},{"type":"Feature","properties":{"county_nam":"CATAWBA","prec_id":"08","enr_desc":"CONOVER EAST","name":"CONOVER EAST","label":"CONOVER EAST","precinct_norm":"CATAWBA - 08"},"geometry":{"type":"Point","coordinates":[-81.202262,35.70902]}},{"type":"Feature","properties":{"county_nam":"DAVIE","prec_id":"08","enr_desc":"NORTH MOCKS-CITY","name":"NORTH MOCKS-CITY","label":"NORTH MOCKS-CITY","precinct_norm":"DAVIE - 08"},"geometry":{"type":"Point","coordinates":[-80.547836,35.903567]}},{"type":"Feature","properties":{"county_nam":"RICHMOND","prec_id":"08","enr_desc":"MARKS CREEK 1","name":"MARKS CREEK 1","label":"MARKS CREEK 1","precinct_norm":"RICHMOND - 08"},"geometry":{"type":"Point","coordinates":[-79.634506,34.925634]}},{"type":"Feature","properties":{"county_nam":"ROWAN","prec_id":"08","enr_desc":"SOUTH LOCKE","name":"SOUTH LOCKE","label":"SOUTH LOCKE","precinct_norm":"ROWAN - 08"},"geometry":{"type":"Point","coordinates":[-80.572547,35.631288]}},{"type":"Feature","properties":{"county_nam":"FRANKLIN","prec_id":"08","enr_desc":"CYPRESS CREEK","name":"CYPRESS CREEK","label":"CYPRESS CREEK","precinct_norm":"FRANKLIN - 08"},"geometry":{"type":"Point","coordinates":[-78.194094,35.993245]}},{"type":"Feature","properties":{"county_nam":"WAKE","prec_id":"17-10","enr_desc":"17-10","name":"17-10","label":"17-10","precinct_norm":"WAKE - 17-10"},"geometry":{"type":"Point","coordinates":[-78.576601,35.832369]}},{"type":"Feature","properties":{"county_nam":"CABARRUS","prec_id":"08-00","enr_desc":"08-00","name":"08-00","label":"08-00","precinct_norm":"CABARRUS - 08-00"},"geometry":{"type":"Point","coordinates":[-80.431831,35.394563]}},{"type":"Feature","properties":{"county_nam":"WAKE","prec_id":"08-02","enr_desc":"08-02","name":"08-02","label":"08-02","precinct_norm":"WAKE - 08-02"},"geometry":{"type":"Point","coordinates":[-78.703594,35.888984]}},{"type":"Feature","properties":{"county_nam":"WAKE","prec_id":"08-03","enr_desc":"08-03","name":"08-03","label":"08-03","precinct_norm":"WAKE - 08-03"},"geometry":{"type":"Point","coordinates":[-78.745086,35.913798]}},{"type":"Feature","properties":{"county_nam":"WAKE","prec_id":"08-04","enr_desc":"08-04","name":"08-04","label":"08-04","precinct_norm":"WAKE - 08-04"},"geometry":{"type":"Point","coordinates":[-78.714471,35.950403]}},{"type":"Feature","properties":{"county_nam":"CATAWBA","prec_id":"31","enr_desc":"SHERRILLS FORD","name":"SHERRILLS FORD","label":"SHERRILLS FORD","precinct_norm":"CATAWBA - 31"},"geometry":{"type":"Point","coordinates":[-81.012883,35.602916]}},{"type":"Feature","properties":{"county_nam":"DURHAM","prec_id":"31","enr_desc":"BETHESDA RURITAN CLUB","name":"BETHESDA RURITAN CLUB","label":"BETHESDA RURITAN CLUB","precinct_norm":"DURHAM - 31"},"geometry":{"type":"Point","coordinates":[-78.859908,35.951095]}},{"type":"Feature","properties":{"county_nam":"ROWAN","prec_id":"31","enr_desc":"TRADING FORD","name":"TRADING FORD","label":"TRADING FORD","precinct_norm":"ROWAN - 31"},"geometry":{"type":"Point","coordinates":[-80.369867,35.686436]}},{"type":"Feature","properties":{"county_nam":"GASTON","prec_id":"32A","enr_desc":"UNION","name":"UNION","label":"UNION","precinct_norm":"GASTON - 32A"},"geometry":{"type":"Point","coordinates":[-81.117445,35.179566]}},{"type":"Feature","properties":{"county_nam":"BUNCOMBE","prec_id":"31.1","enr_desc":"BILTMORE FOREST TOWN HALL","name":"BILTMORE FOREST TOWN HALL","label":"BILTMORE FOREST TOWN HALL","precinct_norm":"BUNCOMBE - 31.1"},"geometry":{"type":"Point","coordinates":[-82.541055,35.539521]}},{"type":"Feature","properties":{"county_nam":"DURHAM","prec_id":"32","enr_desc":"NEAL MIDDLE SCHOOL","name":"NEAL MIDDLE SCHOOL","label":"NEAL MIDDLE SCHOOL","precinct_norm":"DURHAM - 32"},"geometry":{"type":"Point","coordinates":[-78.748858,35.983217]}},{"type":"Feature","properties":{"county_nam":"WAKE","prec_id":"08-05","enr_desc":"08-05","name":"08-05","label":"08-05","precinct_norm":"WAKE - 08-05"},"geometry":{"type":"Point","coordinates":[-78.690932,35.89648]}},{"type":"Feature","properties":{"county_nam":"MECKLENBURG","prec_id":"095","enr_desc":"095","name":"095","label":"095","precinct_norm":"MECKLENBURG - 095"},"geometry":{"type":"Point","coordinates":[-80.71607,35.210828]}},{"type":"Feature","properties":{"county_nam":"WAKE","prec_id":"08-06","enr_desc":"08-06","name":"08-06","label":"08-06","precinct_norm":"WAKE - 08-06"},"geometry":{"type":"Point","coordinates":[-78.693874,35.878613]}},{"type":"Feature","properties":{"county_nam":"WAKE","prec_id":"08-07","enr_desc":"08-07","name":"08-07","label":"08-07","precinct_norm":"WAKE - 08-07"},"geometry":{"type":"Point","coordinates":[-78.702067,35.920865]}},{"type":"Feature","properties":{"county_nam":"WAKE","prec_id":"08-08","enr_desc":"08-08","name":"08-08","label":"08-08","precinct_norm":"WAKE - 08-08"},"geometry":{"type":"Point","coordinates":[-78.730696,35.933902]}},{"type":"Feature","properties":{"county_nam":"WAKE","prec_id":"08-09","enr_desc":"08-09","name":"08-09","label":"08-09","precinct_norm":"WAKE - 08-09"},"geometry":{"type":"Point","coordinates":[-78.71218,35.870755]}},{"type":"Feature","properties":{"county_nam":"CUMBERLAND","prec_id":"G3A-1","enr_desc":"PEARCES MILL 2-G3A-1","name":"PEARCES MILL 2-G3A-1","label":"PEARCES MILL 2-G3A-1","precinct_norm":"CUMBERLAND - G3A-1"},"geometry":{"type":"Point","coordinates":[-78.916132,34.985744]}},{"type":"Feature","properties":{"county_nam":"WAKE","prec_id":"08-10","enr_desc":"08-10","name":"08-10","label":"08-10","precinct_norm":"WAKE - 08-10"},"geometry":{"type":"Point","coordinates":[-78.718495,35.884839]}},{"type":"Feature","properties":{"county_nam":"GUILFORD","prec_id":"G42B","enr_desc":"G42B","name":"G42B","label":"G42B","precinct_norm":"GUILFORD - G42B"},"geometry":{"type":"Point","coordinates":[-79.895691,36.093653]}},{"type":"Feature","properties":{"county_nam":"WAKE","prec_id":"08-11","enr_desc":"08-11","name":"08-11","label":"08-11","precinct_norm":"WAKE - 08-11"},"geometry":{"type":"Point","coordinates":[-78.737475,35.888821]}},{"type":"Feature","properties":{"county_nam":"YANCEY","prec_id":"08 CRA","enr_desc":"CRABTREE","name":"CRABTREE","label":"CRABTREE","precinct_norm":"YANCEY - 08 CRA"},"geometry":{"type":"Point","coordinates":[-82.19778,35.907431]}},{"type":"Feature","properties":{"county_nam":"BUNCOMBE","prec_id":"08.2","enr_desc":"SHILOH COMMUNITY CENTER","name":"SHILOH COMMUNITY CENTER","label":"SHILOH COMMUNITY CENTER","precinct_norm":"BUNCOMBE - 08.2"},"geometry":{"type":"Point","coordinates":[-82.519915,35.53538]}},{"type":"Feature","properties":{"county_nam":"BUNCOMBE","prec_id":"08.3","enr_desc":"FAITH TABERNACLE CHRISTIAN CENTER","name":"FAITH TABERNACLE CHRISTIAN CENTER","label":"FAITH TABERNACLE CHRISTIAN CENTER","precinct_norm":"BUNCOMBE - 08.3"},"geometry":{"type":"Point","coordinates":[-82.509198,35.550503]}},{"type":"Feature","properties":{"county_nam":"MECKLENBURG","prec_id":"080","enr_desc":"080","name":"080","label":"080","precinct_norm":"MECKLENBURG - 080"},"geometry":{"type":"Point","coordinates":[-80.94894,35.273284]}},{"type":"Feature","properties":{"county_nam":"PITT","prec_id":"0800A","enr_desc":"FARMVILLE A","name":"FARMVILLE A","label":"FARMVILLE A","precinct_norm":"PITT - 0800A"},"geometry":{"type":"Point","coordinates":[-77.613092,35.609665]}},{"type":"Feature","properties":{"county_nam":"PITT","prec_id":"0800B","enr_desc":"FARMVILLE B","name":"FARMVILLE B","label":"FARMVILLE B","precinct_norm":"PITT - 0800B"},"geometry":{"type":"Point","coordinates":[-77.563601,35.580409]}},{"type":"Feature","properties":{"county_nam":"EDGECOMBE","prec_id":"0801","enr_desc":"OLD SPARTA","name":"OLD SPARTA","label":"OLD SPARTA","precinct_norm":"EDGECOMBE - 0801"},"geometry":{"type":"Point","coordinates":[-77.576066,35.798514]}},{"type":"Feature","properties":{"county_nam":"MECKLENBURG","prec_id":"081","enr_desc":"081","name":"081","label":"081","precinct_norm":"MECKLENBURG - 081"},"geometry":{"type":"Point","coordinates":[-80.923045,35.263637]}},{"type":"Feature","properties":{"county_nam":"GUILFORD","prec_id":"G43","enr_desc":"G43","name":"G43","label":"G43","precinct_norm":"GUILFORD - G43"},"geometry":{"type":"Point","coordinates":[-79.91139,36.082654]}},{"type":"Feature","properties":{"county_nam":"GUILFORD","prec_id":"G44","enr_desc":"G44","name":"G44","label":"G44","precinct_norm":"GUILFORD - G44"},"geometry":{"type":"Point","coordinates":[-79.796611,36.069344]}},{"type":"Feature","properties":{"county_nam":"GUILFORD","prec_id":"G45","enr_desc":"G45","name":"G45","label":"G45","precinct_norm":"GUILFORD - G45"},"geometry":{"type":"Point","coordinates":[-79.81101,36.068897]}},{"type":"Feature","properties":{"county_nam":"MECKLENBURG","prec_id":"082","enr_desc":"082","name":"082","label":"082","precinct_norm":"MECKLENBURG - 082"},"geometry":{"type":"Point","coordinates":[-80.772312,35.271629]}},{"type":"Feature","properties":{"county_nam":"GUILFORD","prec_id":"G46","enr_desc":"G46","name":"G46","label":"G46","precinct_norm":"GUILFORD - G46"},"geometry":{"type":"Point","coordinates":[-79.7976,36.056539]}},{"type":"Feature","properties":{"county_nam":"MECKLENBURG","prec_id":"096","enr_desc":"096","name":"096","label":"096","precinct_norm":"MECKLENBURG - 096"},"geometry":{"type":"Point","coordinates":[-80.746574,35.136575]}},{"type":"Feature","properties":{"county_nam":"MECKLENBURG","prec_id":"083","enr_desc":"083","name":"083","label":"083","precinct_norm":"MECKLENBURG - 083"},"geometry":{"type":"Point","coordinates":[-80.704454,35.202159]}},{"type":"Feature","properties":{"county_nam":"MECKLENBURG","prec_id":"084","enr_desc":"084","name":"084","label":"084","precinct_norm":"MECKLENBURG - 084"},"geometry":{"type":"Point","coordinates":[-80.74632,35.213732]}},{"type":"Feature","properties":{"county_nam":"MECKLENBURG","prec_id":"085","enr_desc":"085","name":"085","label":"085","precinct_norm":"MECKLENBURG - 085"},"geometry":{"type":"Point","coordinates":[-80.75864,35.147403]}},{"type":"Feature","properties":{"county_nam":"MECKLENBURG","prec_id":"099","enr_desc":"099","name":"099","label":"099","precinct_norm":"MECKLENBURG - 099"},"geometry":{"type":"Point","coordinates":[-80.735715,35.148715]}},{"type":"Feature","properties":{"county_nam":"RUTHERFORD","prec_id":"09A","enr_desc":"DANIELTOWN-SULPHUR SPRINGS","name":"DANIELTOWN-SULPHUR SPRINGS","label":"DANIELTOWN-SULPHUR SPRINGS","precinct_norm":"RUTHERFORD - 09A"},"geometry":{"type":"Point","coordinates":[-81.910565,35.253335]}},{"type":"Feature","properties":{"county_nam":"ALAMANCE","prec_id":"09N","enr_desc":"NORTH THOMPSON","name":"NORTH THOMPSON","label":"NORTH THOMPSON","precinct_norm":"ALAMANCE - 09N"},"geometry":{"type":"Point","coordinates":[-79.351318,36.014219]}},{"type":"Feature","properties":{"county_nam":"ALAMANCE","prec_id":"09S","enr_desc":"SOUTH THOMPSON","name":"SOUTH THOMPSON","label":"SOUTH THOMPSON","precinct_norm":"ALAMANCE - 09S"},"geometry":{"type":"Point","coordinates":[-79.303983,35.972282]}},{"type":"Feature","properties":{"county_nam":"CHOWAN","prec_id":"1","enr_desc":"EAST EDENTON","name":"EAST EDENTON","label":"EAST EDENTON","precinct_norm":"CHOWAN - 1"},"geometry":{"type":"Point","coordinates":[-76.5832,36.064522]}},{"type":"Feature","properties":{"county_nam":"MECKLENBURG","prec_id":"086","enr_desc":"086","name":"086","label":"086","precinct_norm":"MECKLENBURG - 086"},"geometry":{"type":"Point","coordinates":[-80.811638,35.119389]}},{"type":"Feature","properties":{"county_nam":"MECKLENBURG","prec_id":"087","enr_desc":"087","name":"087","label":"087","precinct_norm":"MECKLENBURG - 087"},"geometry":{"type":"Point","coordinates":[-80.867484,35.074736]}},{"type":"Feature","properties":{"county_nam":"MECKLENBURG","prec_id":"088","enr_desc":"088","name":"088","label":"088","precinct_norm":"MECKLENBURG - 088"},"geometry":{"type":"Point","coordinates":[-80.851101,35.074048]}},{"type":"Feature","properties":{"county_nam":"MECKLENBURG","prec_id":"089","enr_desc":"089","name":"089","label":"089","precinct_norm":"MECKLENBURG - 089"},"geometry":{"type":"Point","coordinates":[-80.950032,35.297743]}},{"type":"Feature","properties":{"county_nam":"ALAMANCE","prec_id":"08N","enr_desc":"NORTH NEWLIN","name":"NORTH NEWLIN","label":"NORTH NEWLIN","precinct_norm":"ALAMANCE - 08N"},"geometry":{"type":"Point","coordinates":[-79.362164,35.917479]}},{"type":"Feature","properties":{"county_nam":"ALAMANCE","prec_id":"08S","enr_desc":"SOUTH NEWLIN","name":"SOUTH NEWLIN","label":"SOUTH NEWLIN","precinct_norm":"ALAMANCE - 08S"},"geometry":{"type":"Point","coordinates":[-79.34144,35.872906]}},{"type":"Feature","properties":{"county_nam":"ROWAN","prec_id":"09","enr_desc":"EAST ENOCHVILLE","name":"EAST ENOCHVILLE","label":"EAST ENOCHVILLE","precinct_norm":"ROWAN - 09"},"geometry":{"type":"Point","coordinates":[-80.654797,35.540718]}},{"type":"Feature","properties":{"county_nam":"CATAWBA","prec_id":"09","enr_desc":"EAST MAIDEN","name":"EAST MAIDEN","label":"EAST MAIDEN","precinct_norm":"CATAWBA - 09"},"geometry":{"type":"Point","coordinates":[-81.158372,35.587897]}},{"type":"Feature","properties":{"county_nam":"DURHAM","prec_id":"09","enr_desc":"FOREST HILLS CLUB HOUSE","name":"FOREST HILLS CLUB HOUSE","label":"FOREST HILLS CLUB HOUSE","precinct_norm":"DURHAM - 09"},"geometry":{"type":"Point","coordinates":[-78.920204,35.972054]}},{"type":"Feature","properties":{"county_nam":"ROBESON","prec_id":"09","enr_desc":"WEST HOWELLSVILLE","name":"WEST HOWELLSVILLE","label":"WEST HOWELLSVILLE","precinct_norm":"ROBESON - 09"},"geometry":{"type":"Point","coordinates":[-78.935513,34.713265]}},{"type":"Feature","properties":{"county_nam":"DURHAM","prec_id":"10","enr_desc":"C C SPAULDING SCHOOL","name":"C C SPAULDING SCHOOL","label":"C C SPAULDING SCHOOL","precinct_norm":"DURHAM - 10"},"geometry":{"type":"Point","coordinates":[-78.903705,35.985669]}},{"type":"Feature","properties":{"county_nam":"AVERY","prec_id":"09","enr_desc":"HUGHES","name":"HUGHES","label":"HUGHES","precinct_norm":"AVERY - 09"},"geometry":{"type":"Point","coordinates":[-81.96705,36.059849]}},{"type":"Feature","properties":{"county_nam":"FRANKLIN","prec_id":"09","enr_desc":"CEDAR ROCK","name":"CEDAR ROCK","label":"CEDAR ROCK","precinct_norm":"FRANKLIN - 09"},"geometry":{"type":"Point","coordinates":[-78.142621,36.090742]}},{"type":"Feature","properties":{"county_nam":"CABARRUS","prec_id":"09-00","enr_desc":"09-00","name":"09-00","label":"09-00","precinct_norm":"CABARRUS - 09-00"},"geometry":{"type":"Point","coordinates":[-80.457386,35.329555]}},{"type":"Feature","properties":{"county_nam":"WAKE","prec_id":"09-01","enr_desc":"09-01","name":"09-01","label":"09-01","precinct_norm":"WAKE - 09-01"},"geometry":{"type":"Point","coordinates":[-78.375557,35.886719]}},{"type":"Feature","properties":{"county_nam":"WAKE","prec_id":"09-02","enr_desc":"09-02","name":"09-02","label":"09-02","precinct_norm":"WAKE - 09-02"},"geometry":{"type":"Point","coordinates":[-78.310487,35.807077]}},{"type":"Feature","properties":{"county_nam":"WAKE","prec_id":"09-03","enr_desc":"09-03","name":"09-03","label":"09-03","precinct_norm":"WAKE - 09-03"},"geometry":{"type":"Point","coordinates":[-78.314711,35.857326]}},{"type":"Feature","properties":{"county_nam":"YANCEY","prec_id":"09 SOU","enr_desc":"SOUTH TOE","name":"SOUTH TOE","label":"SOUTH TOE","precinct_norm":"YANCEY - 09 SOU"},"geometry":{"type":"Point","coordinates":[-82.210179,35.793107]}},{"type":"Feature","properties":{"county_nam":"CABARRUS","prec_id":"10-00","enr_desc":"10-00","name":"10-00","label":"10-00","precinct_norm":"CABARRUS - 10-00"},"geometry":{"type":"Point","coordinates":[-80.515909,35.256869]}},{"type":"Feature","properties":{"county_nam":"WAKE","prec_id":"10-01","enr_desc":"10-01","name":"10-01","label":"10-01","precinct_norm":"WAKE - 10-01"},"geometry":{"type":"Point","coordinates":[-78.434236,35.82453]}},{"type":"Feature","properties":{"county_nam":"WAKE","prec_id":"10-02","enr_desc":"10-02","name":"10-02","label":"10-02","precinct_norm":"WAKE - 10-02"},"geometry":{"type":"Point","coordinates":[-78.383424,35.822363]}},{"type":"Feature","properties":{"county_nam":"WAKE","prec_id":"10-03","enr_desc":"10-03","name":"10-03","label":"10-03","precinct_norm":"WAKE - 10-03"},"geometry":{"type":"Point","coordinates":[-78.355867,35.779402]}},{"type":"Feature","properties":{"county_nam":"WAKE","prec_id":"10-05","enr_desc":"10-05","name":"10-05","label":"10-05","precinct_norm":"WAKE - 10-05"},"geometry":{"type":"Point","coordinates":[-78.403636,35.75028]}},{"type":"Feature","properties":{"county_nam":"BUNCOMBE","prec_id":"09.1","enr_desc":"MURPHY-OAKLEY COMMUNITY CENTER","name":"MURPHY-OAKLEY COMMUNITY CENTER","label":"MURPHY-OAKLEY COMMUNITY CENTER","precinct_norm":"BUNCOMBE - 09.1"},"geometry":{"type":"Point","coordinates":[-82.517951,35.569226]}},{"type":"Feature","properties":{"county_nam":"WAKE","prec_id":"10-06","enr_desc":"10-06","name":"10-06","label":"10-06","precinct_norm":"WAKE - 10-06"},"geometry":{"type":"Point","coordinates":[-78.446415,35.769671]}},{"type":"Feature","properties":{"county_nam":"YANCEY","prec_id":"10 PEN","enr_desc":"PENSACOLA","name":"PENSACOLA","label":"PENSACOLA","precinct_norm":"YANCEY - 10 PEN"},"geometry":{"type":"Point","coordinates":[-82.300529,35.809594]}},{"type":"Feature","properties":{"county_nam":"MECKLENBURG","prec_id":"090","enr_desc":"090","name":"090","label":"090","precinct_norm":"MECKLENBURG - 090"},"geometry":{"type":"Point","coordinates":[-80.781953,35.087933]}},{"type":"Feature","properties":{"county_nam":"EDGECOMBE","prec_id":"0901","enr_desc":"MACCLESFIELD","name":"MACCLESFIELD","label":"MACCLESFIELD","precinct_norm":"EDGECOMBE - 0901"},"geometry":{"type":"Point","coordinates":[-77.649094,35.720003]}},{"type":"Feature","properties":{"county_nam":"PITT","prec_id":"0901","enr_desc":"FOUNTAIN","name":"FOUNTAIN","label":"FOUNTAIN","precinct_norm":"PITT - 0901"},"geometry":{"type":"Point","coordinates":[-77.618586,35.677978]}},{"type":"Feature","properties":{"county_nam":"MECKLENBURG","prec_id":"091","enr_desc":"091","name":"091","label":"091","precinct_norm":"MECKLENBURG - 091"},"geometry":{"type":"Point","coordinates":[-80.755508,35.092843]}},{"type":"Feature","properties":{"county_nam":"WILKES","prec_id":"102","enr_desc":"BOOMER","name":"BOOMER","label":"BOOMER","precinct_norm":"WILKES - 102"},"geometry":{"type":"Point","coordinates":[-81.2687,36.061419]}},{"type":"Feature","properties":{"county_nam":"MECKLENBURG","prec_id":"092","enr_desc":"092","name":"092","label":"092","precinct_norm":"MECKLENBURG - 092"},"geometry":{"type":"Point","coordinates":[-80.851097,35.104927]}},{"type":"Feature","properties":{"county_nam":"FORSYTH","prec_id":"206","enr_desc":"NORTH HILLS ELEMENTARY SCHOOL","name":"NORTH HILLS ELEMENTARY SCHOOL","label":"NORTH HILLS ELEMENTARY SCHOOL","precinct_norm":"FORSYTH - 206"},"geometry":{"type":"Point","coordinates":[-80.25585,36.154315]}},{"type":"Feature","properties":{"county_nam":"MECKLENBURG","prec_id":"093","enr_desc":"093","name":"093","label":"093","precinct_norm":"MECKLENBURG - 093"},"geometry":{"type":"Point","coordinates":[-80.828829,35.098832]}},{"type":"Feature","properties":{"county_nam":"FORSYTH","prec_id":"208","enr_desc":"Brown & Douglas Recreation Center","name":"Brown & Douglas Recreation Center","label":"Brown & Douglas Recreation Center","precinct_norm":"FORSYTH - 208"},"geometry":{"type":"Point","coordinates":[-80.271604,36.153069]}},{"type":"Feature","properties":{"county_nam":"MECKLENBURG","prec_id":"094","enr_desc":"094","name":"094","label":"094","precinct_norm":"MECKLENBURG - 094"},"geometry":{"type":"Point","coordinates":[-80.724244,35.187087]}},{"type":"Feature","properties":{"county_nam":"MECKLENBURG","prec_id":"097","enr_desc":"097","name":"097","label":"097","precinct_norm":"MECKLENBURG - 097"},"geometry":{"type":"Point","coordinates":[-80.877497,35.108921]}},{"type":"Feature","properties":{"county_nam":"MECKLENBURG","prec_id":"098","enr_desc":"098","name":"098","label":"098","precinct_norm":"MECKLENBURG - 098"},"geometry":{"type":"Point","coordinates":[-80.883937,35.157901]}},{"type":"Feature","properties":{"county_nam":"TYRRELL","prec_id":"1","enr_desc":"ALLIGATOR","name":"ALLIGATOR","label":"ALLIGATOR","precinct_norm":"TYRRELL - 1"},"geometry":{"type":"Point","coordinates":[-76.083027,35.9564]}},{"type":"Feature","properties":{"county_nam":"GATES","prec_id":"1","enr_desc":"PRECINCT 1","name":"PRECINCT 1","label":"PRECINCT 1","precinct_norm":"GATES - 1"},"geometry":{"type":"Point","coordinates":[-76.742131,36.407413]}},{"type":"Feature","properties":{"county_nam":"DAVIDSON","prec_id":"10","enr_desc":"COTTON GROVE 10","name":"COTTON GROVE 10","label":"COTTON GROVE 10","precinct_norm":"DAVIDSON - 10"},"geometry":{"type":"Point","coordinates":[-80.286259,35.726849]}},{"type":"Feature","properties":{"county_nam":"RICHMOND","prec_id":"10","enr_desc":"BEAVER DAM 1","name":"BEAVER DAM 1","label":"BEAVER DAM 1","precinct_norm":"RICHMOND - 10"},"geometry":{"type":"Point","coordinates":[-79.630665,35.071224]}},{"type":"Feature","properties":{"county_nam":"ROBESON","prec_id":"10","enr_desc":"LUMBER BRIDGE","name":"LUMBER BRIDGE","label":"LUMBER BRIDGE","precinct_norm":"ROBESON - 10"},"geometry":{"type":"Point","coordinates":[-79.069112,34.877107]}},{"type":"Feature","properties":{"county_nam":"FRANKLIN","prec_id":"10","enr_desc":"GOLD MINE","name":"GOLD MINE","label":"GOLD MINE","precinct_norm":"FRANKLIN - 10"},"geometry":{"type":"Point","coordinates":[-78.085566,36.188463]}},{"type":"Feature","properties":{"county_nam":"ROWAN","prec_id":"10","enr_desc":"FAITH","name":"FAITH","label":"FAITH","precinct_norm":"ROWAN - 10"},"geometry":{"type":"Point","coordinates":[-80.476136,35.600626]}},{"type":"Feature","properties":{"county_nam":"MECKLENBURG","prec_id":"109","enr_desc":"109","name":"109","label":"109","precinct_norm":"MECKLENBURG - 109"},"geometry":{"type":"Point","coordinates":[-80.810192,35.215273]}},{"type":"Feature","properties":{"county_nam":"RUTHERFORD","prec_id":"10A","enr_desc":"DUNCAN CREEK-GOLDEN VALLEY","name":"DUNCAN CREEK-GOLDEN VALLEY","label":"DUNCAN CREEK-GOLDEN VALLEY","precinct_norm":"RUTHERFORD - 10A"},"geometry":{"type":"Point","coordinates":[-81.765055,35.50726]}},{"type":"Feature","properties":{"county_nam":"ALAMANCE","prec_id":"10N","enr_desc":"NORTH MELVILLE","name":"NORTH MELVILLE","label":"NORTH MELVILLE","precinct_norm":"ALAMANCE - 10N"},"geometry":{"type":"Point","coordinates":[-79.285687,36.114254]}},{"type":"Feature","properties":{"county_nam":"MACON","prec_id":"10","enr_desc":"FLATS","name":"FLATS","label":"FLATS","precinct_norm":"MACON - 10"},"geometry":{"type":"Point","coordinates":[-83.315365,35.026762]}},{"type":"Feature","properties":{"county_nam":"WAYNE","prec_id":"10","enr_desc":"10","name":"10","label":"10","precinct_norm":"WAYNE - 10"},"geometry":{"type":"Point","coordinates":[-77.994424,35.409502]}},{"type":"Feature","properties":{"county_nam":"ASHE","prec_id":"11","enr_desc":"NEW RIVER","name":"NEW RIVER","label":"NEW RIVER","precinct_norm":"ASHE - 11"},"geometry":{"type":"Point","coordinates":[-81.390319,36.504095]}},{"type":"Feature","properties":{"county_nam":"CATAWBA","prec_id":"10","enr_desc":"EAST NEWTON","name":"EAST NEWTON","label":"EAST NEWTON","precinct_norm":"CATAWBA - 10"},"geometry":{"type":"Point","coordinates":[-81.217495,35.664357]}},{"type":"Feature","properties":{"county_nam":"DAVIE","prec_id":"10","enr_desc":"EAST SHADY GROVE","name":"EAST SHADY GROVE","label":"EAST SHADY GROVE","precinct_norm":"DAVIE - 10"},"geometry":{"type":"Point","coordinates":[-80.407277,35.947325]}},{"type":"Feature","properties":{"county_nam":"STOKES","prec_id":"10","enr_desc":"EAST KING","name":"EAST KING","label":"EAST KING","precinct_norm":"STOKES - 10"},"geometry":{"type":"Point","coordinates":[-80.338782,36.285222]}},{"type":"Feature","properties":{"county_nam":"AVERY","prec_id":"10","enr_desc":"INGALLS","name":"INGALLS","label":"INGALLS","precinct_norm":"AVERY - 10"},"geometry":{"type":"Point","coordinates":[-82.004517,35.960248]}},{"type":"Feature","properties":{"county_nam":"WATAUGA","prec_id":"10","enr_desc":"LAUREL CREEK","name":"LAUREL CREEK","label":"LAUREL CREEK","precinct_norm":"WATAUGA - 10"},"geometry":{"type":"Point","coordinates":[-81.847562,36.243939]}},{"type":"Feature","properties":{"county_nam":"ASHE","prec_id":"10","enr_desc":"LAUREL","name":"LAUREL","label":"LAUREL","precinct_norm":"ASHE - 10"},"geometry":{"type":"Point","coordinates":[-81.663023,36.4805]}},{"type":"Feature","properties":{"county_nam":"BUNCOMBE","prec_id":"10.1","enr_desc":"W C REID RECREATION CENTER","name":"W C REID RECREATION CENTER","label":"W C REID RECREATION CENTER","precinct_norm":"BUNCOMBE - 10.1"},"geometry":{"type":"Point","coordinates":[-82.557726,35.57576]}},{"type":"Feature","properties":{"county_nam":"CATAWBA","prec_id":"11","enr_desc":"COLLEGE PARK","name":"COLLEGE PARK","label":"COLLEGE PARK","precinct_norm":"CATAWBA - 11"},"geometry":{"type":"Point","coordinates":[-81.331275,35.739237]}},{"type":"Feature","properties":{"county_nam":"MECKLENBURG","prec_id":"100","enr_desc":"100","name":"100","label":"100","precinct_norm":"MECKLENBURG - 100"},"geometry":{"type":"Point","coordinates":[-80.79132,35.107731]}},{"type":"Feature","properties":{"county_nam":"EDGECOMBE","prec_id":"1001","enr_desc":"PINETOPS","name":"PINETOPS","label":"PINETOPS","precinct_norm":"EDGECOMBE - 1001"},"geometry":{"type":"Point","coordinates":[-77.667984,35.787891]}},{"type":"Feature","properties":{"county_nam":"PITT","prec_id":"1001","enr_desc":"GRIFTON","name":"GRIFTON","label":"GRIFTON","precinct_norm":"PITT - 1001"},"geometry":{"type":"Point","coordinates":[-77.383468,35.388774]}},{"type":"Feature","properties":{"county_nam":"GUILFORD","prec_id":"G49","enr_desc":"G49","name":"G49","label":"G49","precinct_norm":"GUILFORD - G49"},"geometry":{"type":"Point","coordinates":[-79.867421,36.068093]}},{"type":"Feature","properties":{"county_nam":"MECKLENBURG","prec_id":"101","enr_desc":"101","name":"101","label":"101","precinct_norm":"MECKLENBURG - 101"},"geometry":{"type":"Point","coordinates":[-80.840811,35.10241]}},{"type":"Feature","properties":{"county_nam":"FORSYTH","prec_id":"301","enr_desc":"ASHLEY ELEMENTARY SCHOOL","name":"ASHLEY ELEMENTARY SCHOOL","label":"ASHLEY ELEMENTARY SCHOOL","precinct_norm":"FORSYTH - 301"},"geometry":{"type":"Point","coordinates":[-80.228104,36.118671]}},{"type":"Feature","properties":{"county_nam":"WILKES","prec_id":"101","enr_desc":"ANTIOCH","name":"ANTIOCH","label":"ANTIOCH","precinct_norm":"WILKES - 101"},"geometry":{"type":"Point","coordinates":[-81.009567,36.173659]}},{"type":"Feature","properties":{"county_nam":"MECKLENBURG","prec_id":"102","enr_desc":"102","name":"102","label":"102","precinct_norm":"MECKLENBURG - 102"},"geometry":{"type":"Point","coordinates":[-80.72609,35.160548]}},{"type":"Feature","properties":{"county_nam":"ALAMANCE","prec_id":"103","enr_desc":"MELVILLE 3","name":"MELVILLE 3","label":"MELVILLE 3","precinct_norm":"ALAMANCE - 103"},"geometry":{"type":"Point","coordinates":[-79.32917,36.060372]}},{"type":"Feature","properties":{"county_nam":"MECKLENBURG","prec_id":"103","enr_desc":"103","name":"103","label":"103","precinct_norm":"MECKLENBURG - 103"},"geometry":{"type":"Point","coordinates":[-80.765015,35.125806]}},{"type":"Feature","properties":{"county_nam":"WILKES","prec_id":"103","enr_desc":"BRUSHY MOUNTAIN","name":"BRUSHY MOUNTAIN","label":"BRUSHY MOUNTAIN","precinct_norm":"WILKES - 103"},"geometry":{"type":"Point","coordinates":[-81.085044,36.068394]}},{"type":"Feature","properties":{"county_nam":"MECKLENBURG","prec_id":"104","enr_desc":"104","name":"104","label":"104","precinct_norm":"MECKLENBURG - 104"},"geometry":{"type":"Point","coordinates":[-80.747081,35.25204]}},{"type":"Feature","properties":{"county_nam":"ALAMANCE","prec_id":"11","enr_desc":"PLEASANT GROVE","name":"PLEASANT GROVE","label":"PLEASANT GROVE","precinct_norm":"ALAMANCE - 11"},"geometry":{"type":"Point","coordinates":[-79.312305,36.191383]}},{"type":"Feature","properties":{"county_nam":"ALAMANCE","prec_id":"104","enr_desc":"Melville 4","name":"Melville 4","label":"Melville 4","precinct_norm":"ALAMANCE - 104"},"geometry":{"type":"Point","coordinates":[-79.267409,36.078838]}},{"type":"Feature","properties":{"county_nam":"WILKES","prec_id":"104","enr_desc":"CRICKET","name":"CRICKET","label":"CRICKET","precinct_norm":"WILKES - 104"},"geometry":{"type":"Point","coordinates":[-81.191034,36.16743]}},{"type":"Feature","properties":{"county_nam":"WILKES","prec_id":"105","enr_desc":"EDWARDS 1","name":"EDWARDS 1","label":"EDWARDS 1","precinct_norm":"WILKES - 105"},"geometry":{"type":"Point","coordinates":[-80.965889,36.254238]}},{"type":"Feature","properties":{"county_nam":"MECKLENBURG","prec_id":"105","enr_desc":"105","name":"105","label":"105","precinct_norm":"MECKLENBURG - 105"},"geometry":{"type":"Point","coordinates":[-80.741287,35.294134]}},{"type":"Feature","properties":{"county_nam":"MECKLENBURG","prec_id":"106","enr_desc":"106","name":"106","label":"106","precinct_norm":"MECKLENBURG - 106"},"geometry":{"type":"Point","coordinates":[-80.766768,35.165942]}},{"type":"Feature","properties":{"county_nam":"WILKES","prec_id":"106","enr_desc":"EDWARDS 2","name":"EDWARDS 2","label":"EDWARDS 2","precinct_norm":"WILKES - 106"},"geometry":{"type":"Point","coordinates":[-81.015932,36.249832]}},{"type":"Feature","properties":{"county_nam":"WILKES","prec_id":"107","enr_desc":"EDWARDS 3","name":"EDWARDS 3","label":"EDWARDS 3","precinct_norm":"WILKES - 107"},"geometry":{"type":"Point","coordinates":[-80.913579,36.287338]}},{"type":"Feature","properties":{"county_nam":"MECKLENBURG","prec_id":"107.1","enr_desc":"107.1","name":"107.1","label":"107.1","precinct_norm":"MECKLENBURG - 107.1"},"geometry":{"type":"Point","coordinates":[-80.803647,35.316685]}},{"type":"Feature","properties":{"county_nam":"WILKES","prec_id":"108","enr_desc":"FAIRPLAINS","name":"FAIRPLAINS","label":"FAIRPLAINS","precinct_norm":"WILKES - 108"},"geometry":{"type":"Point","coordinates":[-81.104756,36.190947]}},{"type":"Feature","properties":{"county_nam":"MECKLENBURG","prec_id":"108","enr_desc":"108","name":"108","label":"108","precinct_norm":"MECKLENBURG - 108"},"geometry":{"type":"Point","coordinates":[-80.731517,35.212779]}},{"type":"Feature","properties":{"county_nam":"WILKES","prec_id":"109","enr_desc":"FERGUSON","name":"FERGUSON","label":"FERGUSON","precinct_norm":"WILKES - 109"},"geometry":{"type":"Point","coordinates":[-81.378638,36.088833]}},{"type":"Feature","properties":{"county_nam":"ALAMANCE","prec_id":"10S1","enr_desc":"SOUTH MELVILLE","name":"SOUTH MELVILLE","label":"SOUTH MELVILLE","precinct_norm":"ALAMANCE - 10S1"},"geometry":{"type":"Point","coordinates":[-79.299278,36.077913]}},{"type":"Feature","properties":{"county_nam":"STOKES","prec_id":"11","enr_desc":"WEST KING","name":"WEST KING","label":"WEST KING","precinct_norm":"STOKES - 11"},"geometry":{"type":"Point","coordinates":[-80.374079,36.283691]}},{"type":"Feature","properties":{"county_nam":"ROBESON","prec_id":"11","enr_desc":"LUMBERTON 1","name":"LUMBERTON 1","label":"LUMBERTON 1","precinct_norm":"ROBESON - 11"},"geometry":{"type":"Point","coordinates":[-78.998773,34.663374]}},{"type":"Feature","properties":{"county_nam":"MACON","prec_id":"11","enr_desc":"SMITHBRIDGE","name":"SMITHBRIDGE","label":"SMITHBRIDGE","precinct_norm":"MACON - 11"},"geometry":{"type":"Point","coordinates":[-83.399978,35.059105]}},{"type":"Feature","properties":{"county_nam":"RUTHERFORD","prec_id":"11","enr_desc":"ELLENBORO","name":"ELLENBORO","label":"ELLENBORO","precinct_norm":"RUTHERFORD - 11"},"geometry":{"type":"Point","coordinates":[-81.770222,35.336739]}},{"type":"Feature","properties":{"county_nam":"WATAUGA","prec_id":"11","enr_desc":"MEAT CAMP","name":"MEAT CAMP","label":"MEAT CAMP","precinct_norm":"WATAUGA - 11"},"geometry":{"type":"Point","coordinates":[-81.67185,36.284809]}},{"type":"Feature","properties":{"county_nam":"CRAVEN","prec_id":"11","enr_desc":"BRIDGETON","name":"BRIDGETON","label":"BRIDGETON","precinct_norm":"CRAVEN - 11"},"geometry":{"type":"Point","coordinates":[-77.036656,35.162836]}},{"type":"Feature","properties":{"county_nam":"FRANKLIN","prec_id":"11","enr_desc":"SANDY CREEK","name":"SANDY CREEK","label":"SANDY CREEK","precinct_norm":"FRANKLIN - 11"},"geometry":{"type":"Point","coordinates":[-78.224984,36.189887]}},{"type":"Feature","properties":{"county_nam":"ROWAN","prec_id":"11","enr_desc":"FRANKLIN","name":"FRANKLIN","label":"FRANKLIN","precinct_norm":"ROWAN - 11"},"geometry":{"type":"Point","coordinates":[-80.51818,35.739547]}},{"type":"Feature","properties":{"county_nam":"WAYNE","prec_id":"11","enr_desc":"11","name":"11","label":"11","precinct_norm":"WAYNE - 11"},"geometry":{"type":"Point","coordinates":[-77.964342,35.406981]}},{"type":"Feature","properties":{"county_nam":"AVERY","prec_id":"11","enr_desc":"LINVILLE","name":"LINVILLE","label":"LINVILLE","precinct_norm":"AVERY - 11"},"geometry":{"type":"Point","coordinates":[-81.85773,36.085775]}},{"type":"Feature","properties":{"county_nam":"DAVIE","prec_id":"11","enr_desc":"WEST SHADY GROVE","name":"WEST SHADY GROVE","label":"WEST SHADY GROVE","precinct_norm":"DAVIE - 11"},"geometry":{"type":"Point","coordinates":[-80.466519,35.928963]}},{"type":"Feature","properties":{"county_nam":"CABARRUS","prec_id":"11-01","enr_desc":"11-01","name":"11-01","label":"11-01","precinct_norm":"CABARRUS - 11-01"},"geometry":{"type":"Point","coordinates":[-80.55493,35.350184]}},{"type":"Feature","properties":{"county_nam":"WAKE","prec_id":"11-01","enr_desc":"11-01","name":"11-01","label":"11-01","precinct_norm":"WAKE - 11-01"},"geometry":{"type":"Point","coordinates":[-78.719436,35.815849]}},{"type":"Feature","properties":{"county_nam":"WAKE","prec_id":"11-02","enr_desc":"11-02","name":"11-02","label":"11-02","precinct_norm":"WAKE - 11-02"},"geometry":{"type":"Point","coordinates":[-78.696243,35.832861]}},{"type":"Feature","properties":{"county_nam":"CABARRUS","prec_id":"11-02","enr_desc":"11-02","name":"11-02","label":"11-02","precinct_norm":"CABARRUS - 11-02"},"geometry":{"type":"Point","coordinates":[-80.527131,35.371059]}},{"type":"Feature","properties":{"county_nam":"YANCEY","prec_id":"11 PRI","enr_desc":"PRICES CREEK","name":"PRICES CREEK","label":"PRICES CREEK","precinct_norm":"YANCEY - 11 PRI"},"geometry":{"type":"Point","coordinates":[-82.384913,35.865107]}},{"type":"Feature","properties":{"county_nam":"BUNCOMBE","prec_id":"11.1","enr_desc":"ASHEVILLE SENIOR OPPORTUNITY CENTER","name":"ASHEVILLE SENIOR OPPORTUNITY CENTER","label":"ASHEVILLE SENIOR OPPORTUNITY CENTER","precinct_norm":"BUNCOMBE - 11.1"},"geometry":{"type":"Point","coordinates":[-82.561233,35.588918]}},{"type":"Feature","properties":{"county_nam":"CUMBERLAND","prec_id":"G4A","enr_desc":"CROSS CREEK 30-G4","name":"CROSS CREEK 30-G4","label":"CROSS CREEK 30-G4","precinct_norm":"CUMBERLAND - G4A"},"geometry":{"type":"Point","coordinates":[-78.941911,35.031592]}},{"type":"Feature","properties":{"county_nam":"MECKLENBURG","prec_id":"110","enr_desc":"110","name":"110","label":"110","precinct_norm":"MECKLENBURG - 110"},"geometry":{"type":"Point","coordinates":[-80.818546,35.128212]}},{"type":"Feature","properties":{"county_nam":"PITT","prec_id":"1101","enr_desc":"GRIMESLAND","name":"GRIMESLAND","label":"GRIMESLAND","precinct_norm":"PITT - 1101"},"geometry":{"type":"Point","coordinates":[-77.192214,35.529237]}},{"type":"Feature","properties":{"county_nam":"EDGECOMBE","prec_id":"1101","enr_desc":"LEWIS","name":"LEWIS","label":"LEWIS","precinct_norm":"EDGECOMBE - 1101"},"geometry":{"type":"Point","coordinates":[-77.638886,35.886147]}},{"type":"Feature","properties":{"county_nam":"PITT","prec_id":"1102A","enr_desc":"SIMPSON A","name":"SIMPSON A","label":"SIMPSON A","precinct_norm":"PITT - 1102A"},"geometry":{"type":"Point","coordinates":[-77.303063,35.57608]}},{"type":"Feature","properties":{"county_nam":"PITT","prec_id":"1102B","enr_desc":"SIMPSON B","name":"SIMPSON B","label":"SIMPSON B","precinct_norm":"PITT - 1102B"},"geometry":{"type":"Point","coordinates":[-77.256823,35.565749]}},{"type":"Feature","properties":{"county_nam":"WILKES","prec_id":"111","enr_desc":"MILLERS CREEK","name":"MILLERS CREEK","label":"MILLERS CREEK","precinct_norm":"WILKES - 111"},"geometry":{"type":"Point","coordinates":[-81.229694,36.172]}},{"type":"Feature","properties":{"county_nam":"MECKLENBURG","prec_id":"111","enr_desc":"111","name":"111","label":"111","precinct_norm":"MECKLENBURG - 111"},"geometry":{"type":"Point","coordinates":[-80.82909,35.139601]}},{"type":"Feature","properties":{"county_nam":"WILKES","prec_id":"112","enr_desc":"MORAVIAN FALLS","name":"MORAVIAN FALLS","label":"MORAVIAN FALLS","precinct_norm":"WILKES - 112"},"geometry":{"type":"Point","coordinates":[-81.18277,36.081236]}},{"type":"Feature","properties":{"county_nam":"MECKLENBURG","prec_id":"112","enr_desc":"112","name":"112","label":"112","precinct_norm":"MECKLENBURG - 112"},"geometry":{"type":"Point","coordinates":[-80.783224,35.07285]}},{"type":"Feature","properties":{"county_nam":"MECKLENBURG","prec_id":"113","enr_desc":"113","name":"113","label":"113","precinct_norm":"MECKLENBURG - 113"},"geometry":{"type":"Point","coordinates":[-80.75128,35.077294]}},{"type":"Feature","properties":{"county_nam":"WILKES","prec_id":"113A","enr_desc":"MOUNT PLEASANT","name":"MOUNT PLEASANT","label":"MOUNT PLEASANT","precinct_norm":"WILKES - 113A"},"geometry":{"type":"Point","coordinates":[-81.376593,36.196436]}},{"type":"Feature","properties":{"county_nam":"WILKES","prec_id":"114","enr_desc":"MULBERRY 1","name":"MULBERRY 1","label":"MULBERRY 1","precinct_norm":"WILKES - 114"},"geometry":{"type":"Point","coordinates":[-81.214095,36.326]}},{"type":"Feature","properties":{"county_nam":"MECKLENBURG","prec_id":"114","enr_desc":"114","name":"114","label":"114","precinct_norm":"MECKLENBURG - 114"},"geometry":{"type":"Point","coordinates":[-80.865763,35.106881]}},{"type":"Feature","properties":{"county_nam":"MECKLENBURG","prec_id":"118","enr_desc":"118","name":"118","label":"118","precinct_norm":"MECKLENBURG - 118"},"geometry":{"type":"Point","coordinates":[-80.769589,35.110721]}},{"type":"Feature","properties":{"county_nam":"WILKES","prec_id":"118","enr_desc":"NORTH WILKESBORO","name":"NORTH WILKESBORO","label":"NORTH WILKESBORO","precinct_norm":"WILKES - 118"},"geometry":{"type":"Point","coordinates":[-81.13779,36.171647]}},{"type":"Feature","properties":{"county_nam":"WILKES","prec_id":"119","enr_desc":"REDDIES RIVER","name":"REDDIES RIVER","label":"REDDIES RIVER","precinct_norm":"WILKES - 119"},"geometry":{"type":"Point","coordinates":[-81.266408,36.176621]}},{"type":"Feature","properties":{"county_nam":"MECKLENBURG","prec_id":"115","enr_desc":"115","name":"115","label":"115","precinct_norm":"MECKLENBURG - 115"},"geometry":{"type":"Point","coordinates":[-80.713425,35.189945]}},{"type":"Feature","properties":{"county_nam":"WILKES","prec_id":"115A","enr_desc":"MULBERRY","name":"MULBERRY","label":"MULBERRY","precinct_norm":"WILKES - 115A"},"geometry":{"type":"Point","coordinates":[-81.18401,36.234836]}},{"type":"Feature","properties":{"county_nam":"ROBESON","prec_id":"11A","enr_desc":"LUMBERTON 1A","name":"LUMBERTON 1A","label":"LUMBERTON 1A","precinct_norm":"ROBESON - 11A"},"geometry":{"type":"Point","coordinates":[-79.051749,34.670457]}},{"type":"Feature","properties":{"county_nam":"GASTON","prec_id":"17A","enr_desc":"FLINT GROVES","name":"FLINT GROVES","label":"FLINT GROVES","precinct_norm":"GASTON - 17A"},"geometry":{"type":"Point","coordinates":[-81.15034,35.284849]}},{"type":"Feature","properties":{"county_nam":"MECKLENBURG","prec_id":"116","enr_desc":"116","name":"116","label":"116","precinct_norm":"MECKLENBURG - 116"},"geometry":{"type":"Point","coordinates":[-80.703755,35.219294]}},{"type":"Feature","properties":{"county_nam":"MECKLENBURG","prec_id":"117","enr_desc":"117","name":"117","label":"117","precinct_norm":"MECKLENBURG - 117"},"geometry":{"type":"Point","coordinates":[-80.751523,35.166722]}},{"type":"Feature","properties":{"county_nam":"WILKES","prec_id":"117","enr_desc":"NEW CASTLE","name":"NEW CASTLE","label":"NEW CASTLE","precinct_norm":"WILKES - 117"},"geometry":{"type":"Point","coordinates":[-80.921451,36.178185]}},{"type":"Feature","properties":{"county_nam":"MECKLENBURG","prec_id":"119","enr_desc":"119","name":"119","label":"119","precinct_norm":"MECKLENBURG - 119"},"geometry":{"type":"Point","coordinates":[-80.786842,35.138354]}},{"type":"Feature","properties":{"county_nam":"DAVIDSON","prec_id":"12","enr_desc":"DENTON 12","name":"DENTON 12","label":"DENTON 12","precinct_norm":"DAVIDSON - 12"},"geometry":{"type":"Point","coordinates":[-80.114967,35.637554]}},{"type":"Feature","properties":{"county_nam":"WAYNE","prec_id":"12","enr_desc":"12","name":"12","label":"12","precinct_norm":"WAYNE - 12"},"geometry":{"type":"Point","coordinates":[-77.941105,35.393664]}},{"type":"Feature","properties":{"county_nam":"AVERY","prec_id":"12","enr_desc":"MINNEAPOLIS","name":"MINNEAPOLIS","label":"MINNEAPOLIS","precinct_norm":"AVERY - 12"},"geometry":{"type":"Point","coordinates":[-82.005287,36.110345]}},{"type":"Feature","properties":{"county_nam":"HOKE","prec_id":"12","enr_desc":"ROCKFISH","name":"ROCKFISH","label":"ROCKFISH","precinct_norm":"HOKE - 12"},"geometry":{"type":"Point","coordinates":[-79.076932,34.981217]}},{"type":"Feature","properties":{"county_nam":"WATAUGA","prec_id":"12","enr_desc":"BOONE 3","name":"BOONE 3","label":"BOONE 3","precinct_norm":"WATAUGA - 12"},"geometry":{"type":"Point","coordinates":[-81.683538,36.212046]}},{"type":"Feature","properties":{"county_nam":"CATAWBA","prec_id":"12","enr_desc":"KENWORTH","name":"KENWORTH","label":"KENWORTH","precinct_norm":"CATAWBA - 12"},"geometry":{"type":"Point","coordinates":[-81.325487,35.725312]}},{"type":"Feature","properties":{"county_nam":"ROBESON","prec_id":"12","enr_desc":"LUMBERTON 2","name":"LUMBERTON 2","label":"LUMBERTON 2","precinct_norm":"ROBESON - 12"},"geometry":{"type":"Point","coordinates":[-78.963663,34.654384]}},{"type":"Feature","properties":{"county_nam":"DAVIE","prec_id":"12","enr_desc":"SMITH GROVE","name":"SMITH GROVE","label":"SMITH GROVE","precinct_norm":"DAVIE - 12"},"geometry":{"type":"Point","coordinates":[-80.469586,35.97539]}},{"type":"Feature","properties":{"county_nam":"ASHE","prec_id":"12","enr_desc":"NORTH FORK","name":"NORTH FORK","label":"NORTH FORK","precinct_norm":"ASHE - 12"},"geometry":{"type":"Point","coordinates":[-81.692843,36.411443]}},{"type":"Feature","properties":{"county_nam":"ROWAN","prec_id":"12","enr_desc":"MILFORD HILLS COUNTY","name":"MILFORD HILLS COUNTY","label":"MILFORD HILLS COUNTY","precinct_norm":"ROWAN - 12"},"geometry":{"type":"Point","coordinates":[-80.56428,35.714608]}},{"type":"Feature","properties":{"county_nam":"DURHAM","prec_id":"18","enr_desc":"FIRST UNITED ANTIOCH","name":"FIRST UNITED ANTIOCH","label":"FIRST UNITED ANTIOCH","precinct_norm":"DURHAM - 18"},"geometry":{"type":"Point","coordinates":[-78.869392,35.998162]}},{"type":"Feature","properties":{"county_nam":"WAKE","prec_id":"12-02","enr_desc":"12-02","name":"12-02","label":"12-02","precinct_norm":"WAKE - 12-02"},"geometry":{"type":"Point","coordinates":[-78.816992,35.562587]}},{"type":"Feature","properties":{"county_nam":"FORSYTH","prec_id":"302","enr_desc":"HANES-LOWRANCE MIDDLE SCHOOL","name":"HANES-LOWRANCE MIDDLE SCHOOL","label":"HANES-LOWRANCE MIDDLE SCHOOL","precinct_norm":"FORSYTH - 302"},"geometry":{"type":"Point","coordinates":[-80.238443,36.129599]}},{"type":"Feature","properties":{"county_nam":"CABARRUS","prec_id":"12-03","enr_desc":"12-03","name":"12-03","label":"12-03","precinct_norm":"CABARRUS - 12-03"},"geometry":{"type":"Point","coordinates":[-80.584159,35.455364]}},{"type":"Feature","properties":{"county_nam":"CABARRUS","prec_id":"12-04","enr_desc":"12-04","name":"12-04","label":"12-04","precinct_norm":"CABARRUS - 12-04"},"geometry":{"type":"Point","coordinates":[-80.579887,35.421653]}},{"type":"Feature","properties":{"county_nam":"WAKE","prec_id":"12-04","enr_desc":"12-04","name":"12-04","label":"12-04","precinct_norm":"WAKE - 12-04"},"geometry":{"type":"Point","coordinates":[-78.723139,35.557478]}},{"type":"Feature","properties":{"county_nam":"CABARRUS","prec_id":"12-13","enr_desc":"12-13","name":"12-13","label":"12-13","precinct_norm":"CABARRUS - 12-13"},"geometry":{"type":"Point","coordinates":[-80.586906,35.406111]}},{"type":"Feature","properties":{"county_nam":"CABARRUS","prec_id":"12-05","enr_desc":"12-05","name":"12-05","label":"12-05","precinct_norm":"CABARRUS - 12-05"},"geometry":{"type":"Point","coordinates":[-80.558146,35.409675]}},{"type":"Feature","properties":{"county_nam":"WAKE","prec_id":"12-06","enr_desc":"12-06","name":"12-06","label":"12-06","precinct_norm":"WAKE - 12-06"},"geometry":{"type":"Point","coordinates":[-78.771963,35.561569]}},{"type":"Feature","properties":{"county_nam":"WAKE","prec_id":"12-07","enr_desc":"12-07","name":"12-07","label":"12-07","precinct_norm":"WAKE - 12-07"},"geometry":{"type":"Point","coordinates":[-78.703284,35.628159]}},{"type":"Feature","properties":{"county_nam":"EDGECOMBE","prec_id":"1203","enr_desc":"WEST EDGECOMBE","name":"WEST EDGECOMBE","label":"WEST EDGECOMBE","precinct_norm":"EDGECOMBE - 1203"},"geometry":{"type":"Point","coordinates":[-77.711196,35.928592]}},{"type":"Feature","properties":{"county_nam":"CABARRUS","prec_id":"12-09","enr_desc":"12-09","name":"12-09","label":"12-09","precinct_norm":"CABARRUS - 12-09"},"geometry":{"type":"Point","coordinates":[-80.619321,35.37555]}},{"type":"Feature","properties":{"county_nam":"WAKE","prec_id":"12-09","enr_desc":"12-09","name":"12-09","label":"12-09","precinct_norm":"WAKE - 12-09"},"geometry":{"type":"Point","coordinates":[-78.794228,35.61709]}},{"type":"Feature","properties":{"county_nam":"WAKE","prec_id":"12-10","enr_desc":"12-10","name":"12-10","label":"12-10","precinct_norm":"WAKE - 12-10"},"geometry":{"type":"Point","coordinates":[-78.741369,35.649234]}},{"type":"Feature","properties":{"county_nam":"WAKE","prec_id":"12-11","enr_desc":"12-11","name":"12-11","label":"12-11","precinct_norm":"WAKE - 12-11"},"geometry":{"type":"Point","coordinates":[-78.761415,35.641369]}},{"type":"Feature","properties":{"county_nam":"ALAMANCE","prec_id":"1210","enr_desc":"BURLINGTON 10","name":"BURLINGTON 10","label":"BURLINGTON 10","precinct_norm":"ALAMANCE - 1210"},"geometry":{"type":"Point","coordinates":[-79.450144,36.070861]}},{"type":"Feature","properties":{"county_nam":"CABARRUS","prec_id":"12-14","enr_desc":"12-14","name":"12-14","label":"12-14","precinct_norm":"CABARRUS - 12-14"},"geometry":{"type":"Point","coordinates":[-80.561609,35.390539]}},{"type":"Feature","properties":{"county_nam":"ALAMANCE","prec_id":"125","enr_desc":"BURLINGTON 5","name":"BURLINGTON 5","label":"BURLINGTON 5","precinct_norm":"ALAMANCE - 125"},"geometry":{"type":"Point","coordinates":[-79.469071,36.074039]}},{"type":"Feature","properties":{"county_nam":"BUNCOMBE","prec_id":"12.1","enr_desc":"HALL FLETCHER SCHOOL","name":"HALL FLETCHER SCHOOL","label":"HALL FLETCHER SCHOOL","precinct_norm":"BUNCOMBE - 12.1"},"geometry":{"type":"Point","coordinates":[-82.574103,35.577697]}},{"type":"Feature","properties":{"county_nam":"MECKLENBURG","prec_id":"120","enr_desc":"120","name":"120","label":"120","precinct_norm":"MECKLENBURG - 120"},"geometry":{"type":"Point","coordinates":[-80.870618,35.127648]}},{"type":"Feature","properties":{"county_nam":"PITT","prec_id":"1201","enr_desc":"PACTOLUS","name":"PACTOLUS","label":"PACTOLUS","precinct_norm":"PITT - 1201"},"geometry":{"type":"Point","coordinates":[-77.25477,35.623482]}},{"type":"Feature","properties":{"county_nam":"EDGECOMBE","prec_id":"1201","enr_desc":"ROCKY MOUNT 1","name":"ROCKY MOUNT 1","label":"ROCKY MOUNT 1","precinct_norm":"EDGECOMBE - 1201"},"geometry":{"type":"Point","coordinates":[-77.7754,35.935941]}},{"type":"Feature","properties":{"county_nam":"EDGECOMBE","prec_id":"1202","enr_desc":"ROCKY MOUNT 2","name":"ROCKY MOUNT 2","label":"ROCKY MOUNT 2","precinct_norm":"EDGECOMBE - 1202"},"geometry":{"type":"Point","coordinates":[-77.794836,35.92869]}},{"type":"Feature","properties":{"county_nam":"EDGECOMBE","prec_id":"1204","enr_desc":"ROCKY MOUNT 4","name":"ROCKY MOUNT 4","label":"ROCKY MOUNT 4","precinct_norm":"EDGECOMBE - 1204"},"geometry":{"type":"Point","coordinates":[-77.762349,35.955323]}},{"type":"Feature","properties":{"county_nam":"ALAMANCE","prec_id":"126","enr_desc":"BURLINGTON 6","name":"BURLINGTON 6","label":"BURLINGTON 6","precinct_norm":"ALAMANCE - 126"},"geometry":{"type":"Point","coordinates":[-79.467493,36.08932]}},{"type":"Feature","properties":{"county_nam":"WILKES","prec_id":"126","enr_desc":"WALNUT GROVE","name":"WALNUT GROVE","label":"WALNUT GROVE","precinct_norm":"WILKES - 126"},"geometry":{"type":"Point","coordinates":[-81.131317,36.36007]}},{"type":"Feature","properties":{"county_nam":"MECKLENBURG","prec_id":"126","enr_desc":"126","name":"126","label":"126","precinct_norm":"MECKLENBURG - 126"},"geometry":{"type":"Point","coordinates":[-80.772281,35.296199]}},{"type":"Feature","properties":{"county_nam":"EDGECOMBE","prec_id":"1205","enr_desc":"ROCKY MOUNT 5","name":"ROCKY MOUNT 5","label":"ROCKY MOUNT 5","precinct_norm":"EDGECOMBE - 1205"},"geometry":{"type":"Point","coordinates":[-77.783581,35.956037]}},{"type":"Feature","properties":{"county_nam":"MECKLENBURG","prec_id":"121","enr_desc":"121","name":"121","label":"121","precinct_norm":"MECKLENBURG - 121"},"geometry":{"type":"Point","coordinates":[-80.80457,35.077672]}},{"type":"Feature","properties":{"county_nam":"WILKES","prec_id":"122","enr_desc":"SOMERS","name":"SOMERS","label":"SOMERS","precinct_norm":"WILKES - 122"},"geometry":{"type":"Point","coordinates":[-80.938889,36.095581]}},{"type":"Feature","properties":{"county_nam":"MECKLENBURG","prec_id":"122","enr_desc":"122","name":"122","label":"122","precinct_norm":"MECKLENBURG - 122"},"geometry":{"type":"Point","coordinates":[-80.947908,35.114076]}},{"type":"Feature","properties":{"county_nam":"MECKLENBURG","prec_id":"123","enr_desc":"123","name":"123","label":"123","precinct_norm":"MECKLENBURG - 123"},"geometry":{"type":"Point","coordinates":[-80.721363,35.248326]}},{"type":"Feature","properties":{"county_nam":"ALAMANCE","prec_id":"128","enr_desc":"BURLINGTON 8","name":"BURLINGTON 8","label":"BURLINGTON 8","precinct_norm":"ALAMANCE - 128"},"geometry":{"type":"Point","coordinates":[-79.447363,36.082351]}},{"type":"Feature","properties":{"county_nam":"WILKES","prec_id":"128","enr_desc":"WILKESBORO 2","name":"WILKESBORO 2","label":"WILKESBORO 2","precinct_norm":"WILKES - 128"},"geometry":{"type":"Point","coordinates":[-81.049148,36.119677]}},{"type":"Feature","properties":{"county_nam":"MECKLENBURG","prec_id":"124","enr_desc":"124","name":"124","label":"124","precinct_norm":"MECKLENBURG - 124"},"geometry":{"type":"Point","coordinates":[-80.728356,35.224598]}},{"type":"Feature","properties":{"county_nam":"ALAMANCE","prec_id":"124","enr_desc":"BURLINGTON 4","name":"BURLINGTON 4","label":"BURLINGTON 4","precinct_norm":"ALAMANCE - 124"},"geometry":{"type":"Point","coordinates":[-79.464315,36.104029]}},{"type":"Feature","properties":{"county_nam":"MECKLENBURG","prec_id":"125","enr_desc":"125","name":"125","label":"125","precinct_norm":"MECKLENBURG - 125"},"geometry":{"type":"Point","coordinates":[-80.731334,35.172834]}},{"type":"Feature","properties":{"county_nam":"WILKES","prec_id":"125","enr_desc":"UNION","name":"UNION","label":"UNION","precinct_norm":"WILKES - 125"},"geometry":{"type":"Point","coordinates":[-81.310271,36.298177]}},{"type":"Feature","properties":{"county_nam":"ALAMANCE","prec_id":"127","enr_desc":"BURLINGTON 7","name":"BURLINGTON 7","label":"BURLINGTON 7","precinct_norm":"ALAMANCE - 127"},"geometry":{"type":"Point","coordinates":[-79.44828,36.119394]}},{"type":"Feature","properties":{"county_nam":"MECKLENBURG","prec_id":"127","enr_desc":"127","name":"127","label":"127","precinct_norm":"MECKLENBURG - 127"},"geometry":{"type":"Point","coordinates":[-80.798538,35.473954]}},{"type":"Feature","properties":{"county_nam":"WILKES","prec_id":"127","enr_desc":"WILKESBORO 1","name":"WILKESBORO 1","label":"WILKESBORO 1","precinct_norm":"WILKES - 127"},"geometry":{"type":"Point","coordinates":[-81.17055,36.139309]}},{"type":"Feature","properties":{"county_nam":"MECKLENBURG","prec_id":"128","enr_desc":"128","name":"128","label":"128","precinct_norm":"MECKLENBURG - 128"},"geometry":{"type":"Point","coordinates":[-80.779253,35.345796]}},{"type":"Feature","properties":{"county_nam":"MECKLENBURG","prec_id":"129","enr_desc":"129","name":"129","label":"129","precinct_norm":"MECKLENBURG - 129"},"geometry":{"type":"Point","coordinates":[-80.877829,35.085277]}},{"type":"Feature","properties":{"county_nam":"WILKES","prec_id":"129","enr_desc":"WILKESBORO 3","name":"WILKESBORO 3","label":"WILKESBORO 3","precinct_norm":"WILKES - 129"},"geometry":{"type":"Point","coordinates":[-81.127047,36.124348]}},{"type":"Feature","properties":{"county_nam":"ALAMANCE","prec_id":"12W","enr_desc":"WEST BURLINGTON","name":"WEST BURLINGTON","label":"WEST BURLINGTON","precinct_norm":"ALAMANCE - 12W"},"geometry":{"type":"Point","coordinates":[-79.446161,36.094019]}},{"type":"Feature","properties":{"county_nam":"ALAMANCE","prec_id":"129","enr_desc":"BURLINGTON 9","name":"BURLINGTON 9","label":"BURLINGTON 9","precinct_norm":"ALAMANCE - 129"},"geometry":{"type":"Point","coordinates":[-79.461185,36.048793]}},{"type":"Feature","properties":{"county_nam":"ALAMANCE","prec_id":"12E","enr_desc":"EAST BURLINGTON","name":"EAST BURLINGTON","label":"EAST BURLINGTON","precinct_norm":"ALAMANCE - 12E"},"geometry":{"type":"Point","coordinates":[-79.418877,36.090188]}},{"type":"Feature","properties":{"county_nam":"ALAMANCE","prec_id":"12N","enr_desc":"NORTH BURLINGTON","name":"NORTH BURLINGTON","label":"NORTH BURLINGTON","precinct_norm":"ALAMANCE - 12N"},"geometry":{"type":"Point","coordinates":[-79.417857,36.109565]}},{"type":"Feature","properties":{"county_nam":"ALAMANCE","prec_id":"12S","enr_desc":"SOUTH BURLINGTON","name":"SOUTH BURLINGTON","label":"SOUTH BURLINGTON","precinct_norm":"ALAMANCE - 12S"},"geometry":{"type":"Point","coordinates":[-79.42655,36.07847]}},{"type":"Feature","properties":{"county_nam":"CATAWBA","prec_id":"13","enr_desc":"GREENMONT","name":"GREENMONT","label":"GREENMONT","precinct_norm":"CATAWBA - 13"},"geometry":{"type":"Point","coordinates":[-81.365481,35.73256]}},{"type":"Feature","properties":{"county_nam":"STOKES","prec_id":"13","enr_desc":"MIZPAH","name":"MIZPAH","label":"MIZPAH","precinct_norm":"STOKES - 13"},"geometry":{"type":"Point","coordinates":[-80.302568,36.293341]}},{"type":"Feature","properties":{"county_nam":"ALAMANCE","prec_id":"13","enr_desc":"HAW RIVER","name":"HAW RIVER","label":"HAW RIVER","precinct_norm":"ALAMANCE - 13"},"geometry":{"type":"Point","coordinates":[-79.359793,36.090741]}},{"type":"Feature","properties":{"county_nam":"ASHE","prec_id":"13","enr_desc":"0BIDS","name":"0BIDS","label":"0BIDS","precinct_norm":"ASHE - 13"},"geometry":{"type":"Point","coordinates":[-81.400559,36.327883]}},{"type":"Feature","properties":{"county_nam":"RUTHERFORD","prec_id":"13","enr_desc":"FOREST CITY 1","name":"FOREST CITY 1","label":"FOREST CITY 1","precinct_norm":"RUTHERFORD - 13"},"geometry":{"type":"Point","coordinates":[-81.897047,35.33907]}},{"type":"Feature","properties":{"county_nam":"MACON","prec_id":"13","enr_desc":"NANTAHALA","name":"NANTAHALA","label":"NANTAHALA","precinct_norm":"MACON - 13"},"geometry":{"type":"Point","coordinates":[-83.637584,35.213485]}},{"type":"Feature","properties":{"county_nam":"WATAUGA","prec_id":"13","enr_desc":"NEW RIVER I","name":"NEW RIVER I","label":"NEW RIVER I","precinct_norm":"WATAUGA - 13"},"geometry":{"type":"Point","coordinates":[-81.696126,36.188661]}},{"type":"Feature","properties":{"county_nam":"DAVIE","prec_id":"13","enr_desc":"HILLSDALE","name":"HILLSDALE","label":"HILLSDALE","precinct_norm":"DAVIE - 13"},"geometry":{"type":"Point","coordinates":[-80.430343,36.000171]}},{"type":"Feature","properties":{"county_nam":"FRANKLIN","prec_id":"13","enr_desc":"PILOT","name":"PILOT","label":"PILOT","precinct_norm":"FRANKLIN - 13"},"geometry":{"type":"Point","coordinates":[-78.252245,35.867724]}},{"type":"Feature","properties":{"county_nam":"ROWAN","prec_id":"13","enr_desc":"ROCK GROVE","name":"ROCK GROVE","label":"ROCK GROVE","precinct_norm":"ROWAN - 13"},"geometry":{"type":"Point","coordinates":[-80.480634,35.539666]}},{"type":"Feature","properties":{"county_nam":"GASTON","prec_id":"25A","enr_desc":"RANLO","name":"RANLO","label":"RANLO","precinct_norm":"GASTON - 25A"},"geometry":{"type":"Point","coordinates":[-81.118762,35.295641]}},{"type":"Feature","properties":{"county_nam":"AVERY","prec_id":"13","enr_desc":"MONTEZUMA","name":"MONTEZUMA","label":"MONTEZUMA","precinct_norm":"AVERY - 13"},"geometry":{"type":"Point","coordinates":[-81.899313,36.091642]}},{"type":"Feature","properties":{"county_nam":"HOKE","prec_id":"13","enr_desc":"STONEWALL","name":"STONEWALL","label":"STONEWALL","precinct_norm":"HOKE - 13"},"geometry":{"type":"Point","coordinates":[-79.131025,34.927157]}},{"type":"Feature","properties":{"county_nam":"ROBESON","prec_id":"13","enr_desc":"LUMBERTON 3","name":"LUMBERTON 3","label":"LUMBERTON 3","precinct_norm":"ROBESON - 13"},"geometry":{"type":"Point","coordinates":[-78.982083,34.627365]}},{"type":"Feature","properties":{"county_nam":"WAYNE","prec_id":"13","enr_desc":"13","name":"13","label":"13","precinct_norm":"WAYNE - 13"},"geometry":{"type":"Point","coordinates":[-77.908158,35.368169]}},{"type":"Feature","properties":{"county_nam":"DURHAM","prec_id":"13","enr_desc":"BURTON ELEMENTARY","name":"BURTON ELEMENTARY","label":"BURTON ELEMENTARY","precinct_norm":"DURHAM - 13"},"geometry":{"type":"Point","coordinates":[-78.883561,35.977525]}},{"type":"Feature","properties":{"county_nam":"WAKE","prec_id":"13-02","enr_desc":"13-02","name":"13-02","label":"13-02","precinct_norm":"WAKE - 13-02"},"geometry":{"type":"Point","coordinates":[-78.593726,35.900265]}},{"type":"Feature","properties":{"county_nam":"MECKLENBURG","prec_id":"130","enr_desc":"130","name":"130","label":"130","precinct_norm":"MECKLENBURG - 130"},"geometry":{"type":"Point","coordinates":[-80.750574,35.189792]}},{"type":"Feature","properties":{"county_nam":"EDGECOMBE","prec_id":"1301","enr_desc":"TEMPERANCE HALL","name":"TEMPERANCE HALL","label":"TEMPERANCE HALL","precinct_norm":"EDGECOMBE - 1301"},"geometry":{"type":"Point","coordinates":[-77.697226,35.838684]}},{"type":"Feature","properties":{"county_nam":"WAKE","prec_id":"13-05","enr_desc":"13-05","name":"13-05","label":"13-05","precinct_norm":"WAKE - 13-05"},"geometry":{"type":"Point","coordinates":[-78.588753,35.870647]}},{"type":"Feature","properties":{"county_nam":"PITT","prec_id":"1301","enr_desc":"SWIFT CREEK","name":"SWIFT CREEK","label":"SWIFT CREEK","precinct_norm":"PITT - 1301"},"geometry":{"type":"Point","coordinates":[-77.315998,35.424395]}},{"type":"Feature","properties":{"county_nam":"WAKE","prec_id":"13-06","enr_desc":"13-06","name":"13-06","label":"13-06","precinct_norm":"WAKE - 13-06"},"geometry":{"type":"Point","coordinates":[-78.581237,35.891651]}},{"type":"Feature","properties":{"county_nam":"WAKE","prec_id":"13-07","enr_desc":"13-07","name":"13-07","label":"13-07","precinct_norm":"WAKE - 13-07"},"geometry":{"type":"Point","coordinates":[-78.564914,35.863528]}},{"type":"Feature","properties":{"county_nam":"AVERY","prec_id":"18","enr_desc":"PYATTE","name":"PYATTE","label":"PYATTE","precinct_norm":"AVERY - 18"},"geometry":{"type":"Point","coordinates":[-81.971633,36.018597]}},{"type":"Feature","properties":{"county_nam":"ASHE","prec_id":"18","enr_desc":"POND MOUNTAIN","name":"POND MOUNTAIN","label":"POND MOUNTAIN","precinct_norm":"ASHE - 18"},"geometry":{"type":"Point","coordinates":[-81.672764,36.537254]}},{"type":"Feature","properties":{"county_nam":"WAKE","prec_id":"18-01","enr_desc":"18-01","name":"18-01","label":"18-01","precinct_norm":"WAKE - 18-01"},"geometry":{"type":"Point","coordinates":[-78.686271,35.747316]}},{"type":"Feature","properties":{"county_nam":"WAKE","prec_id":"13-08","enr_desc":"13-08","name":"13-08","label":"13-08","precinct_norm":"WAKE - 13-08"},"geometry":{"type":"Point","coordinates":[-78.560233,35.880236]}},{"type":"Feature","properties":{"county_nam":"WAKE","prec_id":"18-02","enr_desc":"18-02","name":"18-02","label":"18-02","precinct_norm":"WAKE - 18-02"},"geometry":{"type":"Point","coordinates":[-78.759459,35.689467]}},{"type":"Feature","properties":{"county_nam":"WAKE","prec_id":"13-09","enr_desc":"13-09","name":"13-09","label":"13-09","precinct_norm":"WAKE - 13-09"},"geometry":{"type":"Point","coordinates":[-78.546155,35.8926]}},{"type":"Feature","properties":{"county_nam":"WAKE","prec_id":"13-10","enr_desc":"13-10","name":"13-10","label":"13-10","precinct_norm":"WAKE - 13-10"},"geometry":{"type":"Point","coordinates":[-78.565408,35.917244]}},{"type":"Feature","properties":{"county_nam":"CATAWBA","prec_id":"19","enr_desc":"LONGVIEW SOUTH","name":"LONGVIEW SOUTH","label":"LONGVIEW SOUTH","precinct_norm":"CATAWBA - 19"},"geometry":{"type":"Point","coordinates":[-81.393435,35.702725]}},{"type":"Feature","properties":{"county_nam":"WATAUGA","prec_id":"19","enr_desc":"WATAUGA","name":"WATAUGA","label":"WATAUGA","precinct_norm":"WATAUGA - 19"},"geometry":{"type":"Point","coordinates":[-81.755549,36.178108]}},{"type":"Feature","properties":{"county_nam":"CRAVEN","prec_id":"19","enr_desc":"HARLOWE","name":"HARLOWE","label":"HARLOWE","precinct_norm":"CRAVEN - 19"},"geometry":{"type":"Point","coordinates":[-76.759755,34.913597]}},{"type":"Feature","properties":{"county_nam":"WAKE","prec_id":"13-11","enr_desc":"13-11","name":"13-11","label":"13-11","precinct_norm":"WAKE - 13-11"},"geometry":{"type":"Point","coordinates":[-78.584926,35.915297]}},{"type":"Feature","properties":{"county_nam":"WAKE","prec_id":"19-20","enr_desc":"19-20","name":"19-20","label":"19-20","precinct_norm":"WAKE - 19-20"},"geometry":{"type":"Point","coordinates":[-78.510042,35.914665]}},{"type":"Feature","properties":{"county_nam":"WAKE","prec_id":"19-21","enr_desc":"19-21","name":"19-21","label":"19-21","precinct_norm":"WAKE - 19-21"},"geometry":{"type":"Point","coordinates":[-78.503531,35.905904]}},{"type":"Feature","properties":{"county_nam":"BUNCOMBE","prec_id":"13.1","enr_desc":"WEST ASHEVILLE CHURCH OF GOD","name":"WEST ASHEVILLE CHURCH OF GOD","label":"WEST ASHEVILLE CHURCH OF GOD","precinct_norm":"BUNCOMBE - 13.1"},"geometry":{"type":"Point","coordinates":[-82.583454,35.566317]}},{"type":"Feature","properties":{"county_nam":"DURHAM","prec_id":"20","enr_desc":"COUNTY AGRICULTURAL BUILDING","name":"COUNTY AGRICULTURAL BUILDING","label":"COUNTY AGRICULTURAL BUILDING","precinct_norm":"DURHAM - 20"},"geometry":{"type":"Point","coordinates":[-78.898542,36.010839]}},{"type":"Feature","properties":{"county_nam":"CRAVEN","prec_id":"20","enr_desc":"FAIRFIELD HARBOUR","name":"FAIRFIELD HARBOUR","label":"FAIRFIELD HARBOUR","precinct_norm":"CRAVEN - 20"},"geometry":{"type":"Point","coordinates":[-76.973822,35.083455]}},{"type":"Feature","properties":{"county_nam":"STOKES","prec_id":"20","enr_desc":"MITCHELL","name":"MITCHELL","label":"MITCHELL","precinct_norm":"STOKES - 20"},"geometry":{"type":"Point","coordinates":[-80.086096,36.40332]}},{"type":"Feature","properties":{"county_nam":"ROBESON","prec_id":"20","enr_desc":"ORRUM","name":"ORRUM","label":"ORRUM","precinct_norm":"ROBESON - 20"},"geometry":{"type":"Point","coordinates":[-79.010428,34.451412]}},{"type":"Feature","properties":{"county_nam":"WAKE","prec_id":"20-01","enr_desc":"20-01","name":"20-01","label":"20-01","precinct_norm":"WAKE - 20-01"},"geometry":{"type":"Point","coordinates":[-78.819971,35.705338]}},{"type":"Feature","properties":{"county_nam":"WAKE","prec_id":"20-03","enr_desc":"20-03","name":"20-03","label":"20-03","precinct_norm":"WAKE - 20-03"},"geometry":{"type":"Point","coordinates":[-78.835581,35.745551]}},{"type":"Feature","properties":{"county_nam":"WAKE","prec_id":"20-04","enr_desc":"20-04","name":"20-04","label":"20-04","precinct_norm":"WAKE - 20-04"},"geometry":{"type":"Point","coordinates":[-78.849667,35.76727]}},{"type":"Feature","properties":{"county_nam":"MECKLENBURG","prec_id":"131","enr_desc":"131","name":"131","label":"131","precinct_norm":"MECKLENBURG - 131"},"geometry":{"type":"Point","coordinates":[-80.799132,35.095986]}},{"type":"Feature","properties":{"county_nam":"MECKLENBURG","prec_id":"132","enr_desc":"132","name":"132","label":"132","precinct_norm":"MECKLENBURG - 132"},"geometry":{"type":"Point","coordinates":[-80.75242,35.275786]}},{"type":"Feature","properties":{"county_nam":"MECKLENBURG","prec_id":"133","enr_desc":"133","name":"133","label":"133","precinct_norm":"MECKLENBURG - 133"},"geometry":{"type":"Point","coordinates":[-80.846222,35.438442]}},{"type":"Feature","properties":{"county_nam":"MECKLENBURG","prec_id":"134","enr_desc":"134","name":"134","label":"134","precinct_norm":"MECKLENBURG - 134"},"geometry":{"type":"Point","coordinates":[-80.888973,35.395025]}},{"type":"Feature","properties":{"county_nam":"MECKLENBURG","prec_id":"200","enr_desc":"200","name":"200","label":"200","precinct_norm":"MECKLENBURG - 200"},"geometry":{"type":"Point","coordinates":[-80.982674,35.208619]}},{"type":"Feature","properties":{"county_nam":"GUILFORD","prec_id":"G50","enr_desc":"G50","name":"G50","label":"G50","precinct_norm":"GUILFORD - G50"},"geometry":{"type":"Point","coordinates":[-79.857554,36.053289]}},{"type":"Feature","properties":{"county_nam":"MECKLENBURG","prec_id":"135","enr_desc":"135","name":"135","label":"135","precinct_norm":"MECKLENBURG - 135"},"geometry":{"type":"Point","coordinates":[-80.827291,35.320701]}},{"type":"Feature","properties":{"county_nam":"MECKLENBURG","prec_id":"136","enr_desc":"136","name":"136","label":"136","precinct_norm":"MECKLENBURG - 136"},"geometry":{"type":"Point","coordinates":[-80.706224,35.095598]}},{"type":"Feature","properties":{"county_nam":"MECKLENBURG","prec_id":"137","enr_desc":"137","name":"137","label":"137","precinct_norm":"MECKLENBURG - 137"},"geometry":{"type":"Point","coordinates":[-80.784291,35.046191]}},{"type":"Feature","properties":{"county_nam":"MECKLENBURG","prec_id":"139.1","enr_desc":"139.1","name":"139.1","label":"139.1","precinct_norm":"MECKLENBURG - 139.1"},"geometry":{"type":"Point","coordinates":[-80.812974,35.034465]}},{"type":"Feature","properties":{"county_nam":"ASHE","prec_id":"14","enr_desc":"OLD FIELDS","name":"OLD FIELDS","label":"OLD FIELDS","precinct_norm":"ASHE - 14"},"geometry":{"type":"Point","coordinates":[-81.535446,36.344487]}},{"type":"Feature","properties":{"county_nam":"MACON","prec_id":"14","enr_desc":"BURNINGTOWN","name":"BURNINGTOWN","label":"BURNINGTOWN","precinct_norm":"MACON - 14"},"geometry":{"type":"Point","coordinates":[-83.507578,35.242147]}},{"type":"Feature","properties":{"county_nam":"MECKLENBURG","prec_id":"138","enr_desc":"138","name":"138","label":"138","precinct_norm":"MECKLENBURG - 138"},"geometry":{"type":"Point","coordinates":[-80.933649,35.14812]}},{"type":"Feature","properties":{"county_nam":"CATAWBA","prec_id":"14","enr_desc":"OAKWOOD","name":"OAKWOOD","label":"OAKWOOD","precinct_norm":"CATAWBA - 14"},"geometry":{"type":"Point","coordinates":[-81.348331,35.739388]}},{"type":"Feature","properties":{"county_nam":"FRANKLIN","prec_id":"14","enr_desc":"EAST YOUNGSVILLE","name":"EAST YOUNGSVILLE","label":"EAST YOUNGSVILLE","precinct_norm":"FRANKLIN - 14"},"geometry":{"type":"Point","coordinates":[-78.424234,36.021949]}},{"type":"Feature","properties":{"county_nam":"RICHMOND","prec_id":"14","enr_desc":"STEELES 1","name":"STEELES 1","label":"STEELES 1","precinct_norm":"RICHMOND - 14"},"geometry":{"type":"Point","coordinates":[-79.984841,35.124746]}},{"type":"Feature","properties":{"county_nam":"MECKLENBURG","prec_id":"144","enr_desc":"144","name":"144","label":"144","precinct_norm":"MECKLENBURG - 144"},"geometry":{"type":"Point","coordinates":[-80.824833,35.054209]}},{"type":"Feature","properties":{"county_nam":"DURHAM","prec_id":"14","enr_desc":"Y E SMITH SCHOOL","name":"Y E SMITH SCHOOL","label":"Y E SMITH SCHOOL","precinct_norm":"DURHAM - 14"},"geometry":{"type":"Point","coordinates":[-78.862941,35.977478]}},{"type":"Feature","properties":{"county_nam":"TYRRELL","prec_id":"14","enr_desc":"KILKENNY","name":"KILKENNY","label":"KILKENNY","precinct_norm":"TYRRELL - 14"},"geometry":{"type":"Point","coordinates":[-76.229898,35.665727]}},{"type":"Feature","properties":{"county_nam":"RUTHERFORD","prec_id":"14","enr_desc":"FOREST CITY 2","name":"FOREST CITY 2","label":"FOREST CITY 2","precinct_norm":"RUTHERFORD - 14"},"geometry":{"type":"Point","coordinates":[-81.85958,35.34066]}},{"type":"Feature","properties":{"county_nam":"WAYNE","prec_id":"14","enr_desc":"14","name":"14","label":"14","precinct_norm":"WAYNE - 14"},"geometry":{"type":"Point","coordinates":[-77.886591,35.328428]}},{"type":"Feature","properties":{"county_nam":"MECKLENBURG","prec_id":"147","enr_desc":"147","name":"147","label":"147","precinct_norm":"MECKLENBURG - 147"},"geometry":{"type":"Point","coordinates":[-80.908331,35.153661]}},{"type":"Feature","properties":{"county_nam":"ROBESON","prec_id":"14","enr_desc":"LUMBERTON 4","name":"LUMBERTON 4","label":"LUMBERTON 4","precinct_norm":"ROBESON - 14"},"geometry":{"type":"Point","coordinates":[-78.988212,34.600042]}},{"type":"Feature","properties":{"county_nam":"AVERY","prec_id":"14","enr_desc":"NEWLAND 1","name":"NEWLAND 1","label":"NEWLAND 1","precinct_norm":"AVERY - 14"},"geometry":{"type":"Point","coordinates":[-81.942037,36.107227]}},{"type":"Feature","properties":{"county_nam":"WATAUGA","prec_id":"14","enr_desc":"NEW RIVER II","name":"NEW RIVER II","label":"NEW RIVER II","precinct_norm":"WATAUGA - 14"},"geometry":{"type":"Point","coordinates":[-81.657606,36.237485]}},{"type":"Feature","properties":{"county_nam":"DAVIE","prec_id":"14","enr_desc":"NORTH MOCKS-COUNTY","name":"NORTH MOCKS-COUNTY","label":"NORTH MOCKS-COUNTY","precinct_norm":"DAVIE - 14"},"geometry":{"type":"Point","coordinates":[-80.561579,35.932394]}},{"type":"Feature","properties":{"county_nam":"DURHAM","prec_id":"15","enr_desc":"MT CALVARY CHURCH","name":"MT CALVARY CHURCH","label":"MT CALVARY CHURCH","precinct_norm":"DURHAM - 15"},"geometry":{"type":"Point","coordinates":[-78.875928,35.99002]}},{"type":"Feature","properties":{"county_nam":"DAVIDSON","prec_id":"14","enr_desc":"EMMONS 14","name":"EMMONS 14","label":"EMMONS 14","precinct_norm":"DAVIDSON - 14"},"geometry":{"type":"Point","coordinates":[-80.110863,35.671876]}},{"type":"Feature","properties":{"county_nam":"HOKE","prec_id":"14","enr_desc":"WAYSIDE","name":"WAYSIDE","label":"WAYSIDE","precinct_norm":"HOKE - 14"},"geometry":{"type":"Point","coordinates":[-79.16304,35.109988]}},{"type":"Feature","properties":{"county_nam":"PITT","prec_id":"1506","enr_desc":"GREENVILLE 6","name":"GREENVILLE 6","label":"GREENVILLE 6","precinct_norm":"PITT - 1506"},"geometry":{"type":"Point","coordinates":[-77.375658,35.593536]}},{"type":"Feature","properties":{"county_nam":"WAKE","prec_id":"14-01","enr_desc":"14-01","name":"14-01","label":"14-01","precinct_norm":"WAKE - 14-01"},"geometry":{"type":"Point","coordinates":[-78.696902,36.039928]}},{"type":"Feature","properties":{"county_nam":"WAKE","prec_id":"14-02","enr_desc":"14-02","name":"14-02","label":"14-02","precinct_norm":"WAKE - 14-02"},"geometry":{"type":"Point","coordinates":[-78.602344,35.996123]}},{"type":"Feature","properties":{"county_nam":"BUNCOMBE","prec_id":"14.2","enr_desc":"ASHEVILLE PRE-SCHOOL","name":"ASHEVILLE PRE-SCHOOL","label":"ASHEVILLE PRE-SCHOOL","precinct_norm":"BUNCOMBE - 14.2"},"geometry":{"type":"Point","coordinates":[-82.579004,35.598081]}},{"type":"Feature","properties":{"county_nam":"BUNCOMBE","prec_id":"14.3","enr_desc":"ELIADA HOME - PAUL AMOS REC CENTER","name":"ELIADA HOME - PAUL AMOS REC CENTER","label":"ELIADA HOME - PAUL AMOS REC CENTER","precinct_norm":"BUNCOMBE - 14.3"},"geometry":{"type":"Point","coordinates":[-82.6166,35.59888]}},{"type":"Feature","properties":{"county_nam":"GUILFORD","prec_id":"G55","enr_desc":"G55","name":"G55","label":"G55","precinct_norm":"GUILFORD - G55"},"geometry":{"type":"Point","coordinates":[-79.815596,36.011024]}},{"type":"Feature","properties":{"county_nam":"MECKLENBURG","prec_id":"140","enr_desc":"140","name":"140","label":"140","precinct_norm":"MECKLENBURG - 140"},"geometry":{"type":"Point","coordinates":[-80.85117,35.05155]}},{"type":"Feature","properties":{"county_nam":"EDGECOMBE","prec_id":"1401","enr_desc":"SHARPSBURG","name":"SHARPSBURG","label":"SHARPSBURG","precinct_norm":"EDGECOMBE - 1401"},"geometry":{"type":"Point","coordinates":[-77.7855,35.866909]}},{"type":"Feature","properties":{"county_nam":"PITT","prec_id":"1403A1","enr_desc":"WINTERVILLE WEST","name":"WINTERVILLE WEST","label":"WINTERVILLE WEST","precinct_norm":"PITT - 1403A1"},"geometry":{"type":"Point","coordinates":[-77.456379,35.528398]}},{"type":"Feature","properties":{"county_nam":"PITT","prec_id":"1403A2","enr_desc":"WINTERVILLE SOUTH","name":"WINTERVILLE SOUTH","label":"WINTERVILLE SOUTH","precinct_norm":"PITT - 1403A2"},"geometry":{"type":"Point","coordinates":[-77.385462,35.512476]}},{"type":"Feature","properties":{"county_nam":"PITT","prec_id":"1403B","enr_desc":"WINTERVILLE NORTH","name":"WINTERVILLE NORTH","label":"WINTERVILLE NORTH","precinct_norm":"PITT - 1403B"},"geometry":{"type":"Point","coordinates":[-77.38523,35.53911]}},{"type":"Feature","properties":{"county_nam":"MECKLENBURG","prec_id":"141","enr_desc":"141","name":"141","label":"141","precinct_norm":"MECKLENBURG - 141"},"geometry":{"type":"Point","coordinates":[-80.726666,35.315684]}},{"type":"Feature","properties":{"county_nam":"MECKLENBURG","prec_id":"142","enr_desc":"142","name":"142","label":"142","precinct_norm":"MECKLENBURG - 142"},"geometry":{"type":"Point","coordinates":[-80.922265,35.427287]}},{"type":"Feature","properties":{"county_nam":"MECKLENBURG","prec_id":"143","enr_desc":"143","name":"143","label":"143","precinct_norm":"MECKLENBURG - 143"},"geometry":{"type":"Point","coordinates":[-80.876373,35.423528]}},{"type":"Feature","properties":{"county_nam":"MECKLENBURG","prec_id":"145","enr_desc":"145","name":"145","label":"145","precinct_norm":"MECKLENBURG - 145"},"geometry":{"type":"Point","coordinates":[-80.764692,35.380013]}},{"type":"Feature","properties":{"county_nam":"MECKLENBURG","prec_id":"146","enr_desc":"146","name":"146","label":"146","precinct_norm":"MECKLENBURG - 146"},"geometry":{"type":"Point","coordinates":[-80.779682,35.31117]}},{"type":"Feature","properties":{"county_nam":"PITT","prec_id":"1507B","enr_desc":"GREENVILLE 7B","name":"GREENVILLE 7B","label":"GREENVILLE 7B","precinct_norm":"PITT - 1507B"},"geometry":{"type":"Point","coordinates":[-77.360715,35.600534]}},{"type":"Feature","properties":{"county_nam":"MECKLENBURG","prec_id":"148","enr_desc":"148","name":"148","label":"148","precinct_norm":"MECKLENBURG - 148"},"geometry":{"type":"Point","coordinates":[-80.834566,35.021931]}},{"type":"Feature","properties":{"county_nam":"GUILFORD","prec_id":"G56","enr_desc":"G56","name":"G56","label":"G56","precinct_norm":"GUILFORD - G56"},"geometry":{"type":"Point","coordinates":[-79.83053,36.035619]}},{"type":"Feature","properties":{"county_nam":"MECKLENBURG","prec_id":"149","enr_desc":"149","name":"149","label":"149","precinct_norm":"MECKLENBURG - 149"},"geometry":{"type":"Point","coordinates":[-80.715545,35.288327]}},{"type":"Feature","properties":{"county_nam":"ROWAN","prec_id":"14A","enr_desc":"GRANITE QUARRY","name":"GRANITE QUARRY","label":"GRANITE QUARRY","precinct_norm":"ROWAN - 14A"},"geometry":{"type":"Point","coordinates":[-80.42842,35.604049]}},{"type":"Feature","properties":{"county_nam":"CATAWBA","prec_id":"15","enr_desc":"RIDGEVIEW","name":"RIDGEVIEW","label":"RIDGEVIEW","precinct_norm":"CATAWBA - 15"},"geometry":{"type":"Point","coordinates":[-81.340705,35.724439]}},{"type":"Feature","properties":{"county_nam":"GASTON","prec_id":"30A","enr_desc":"HOFFMAN","name":"HOFFMAN","label":"HOFFMAN","precinct_norm":"GASTON - 30A"},"geometry":{"type":"Point","coordinates":[-81.128017,35.222227]}},{"type":"Feature","properties":{"county_nam":"ROBESON","prec_id":"15","enr_desc":"LUMBERTON 5","name":"LUMBERTON 5","label":"LUMBERTON 5","precinct_norm":"ROBESON - 15"},"geometry":{"type":"Point","coordinates":[-79.010292,34.601285]}},{"type":"Feature","properties":{"county_nam":"WAYNE","prec_id":"15","enr_desc":"15","name":"15","label":"15","precinct_norm":"WAYNE - 15"},"geometry":{"type":"Point","coordinates":[-77.869838,35.263801]}},{"type":"Feature","properties":{"county_nam":"AVERY","prec_id":"15","enr_desc":"NEWLAND 2","name":"NEWLAND 2","label":"NEWLAND 2","precinct_norm":"AVERY - 15"},"geometry":{"type":"Point","coordinates":[-81.949634,36.075608]}},{"type":"Feature","properties":{"county_nam":"CHATHAM","prec_id":"15","enr_desc":"BYNUM","name":"BYNUM","label":"BYNUM","precinct_norm":"CHATHAM - 15"},"geometry":{"type":"Point","coordinates":[-79.122154,35.776364]}},{"type":"Feature","properties":{"county_nam":"MACON","prec_id":"15","enr_desc":"COWEE","name":"COWEE","label":"COWEE","precinct_norm":"MACON - 15"},"geometry":{"type":"Point","coordinates":[-83.392025,35.278024]}},{"type":"Feature","properties":{"county_nam":"HOKE","prec_id":"15","enr_desc":"PHILIPPI","name":"PHILIPPI","label":"PHILIPPI","precinct_norm":"HOKE - 15"},"geometry":{"type":"Point","coordinates":[-79.146057,34.998346]}},{"type":"Feature","properties":{"county_nam":"FRANKLIN","prec_id":"15","enr_desc":"EAST FRANKLINTON","name":"EAST FRANKLINTON","label":"EAST FRANKLINTON","precinct_norm":"FRANKLIN - 15"},"geometry":{"type":"Point","coordinates":[-78.39402,36.115396]}},{"type":"Feature","properties":{"county_nam":"TYRRELL","prec_id":"15","enr_desc":"SCUPPERNONG","name":"SCUPPERNONG","label":"SCUPPERNONG","precinct_norm":"TYRRELL - 15"},"geometry":{"type":"Point","coordinates":[-76.32776,35.931847]}},{"type":"Feature","properties":{"county_nam":"ROWAN","prec_id":"15","enr_desc":"HATTERS SHOP","name":"HATTERS SHOP","label":"HATTERS SHOP","precinct_norm":"ROWAN - 15"},"geometry":{"type":"Point","coordinates":[-80.361563,35.634241]}},{"type":"Feature","properties":{"county_nam":"WATAUGA","prec_id":"15","enr_desc":"NEW RIVER III","name":"NEW RIVER III","label":"NEW RIVER III","precinct_norm":"WATAUGA - 15"},"geometry":{"type":"Point","coordinates":[-81.627176,36.211506]}},{"type":"Feature","properties":{"county_nam":"ASHE","prec_id":"15","enr_desc":"PEAK CREEK","name":"PEAK CREEK","label":"PEAK CREEK","precinct_norm":"ASHE - 15"},"geometry":{"type":"Point","coordinates":[-81.311086,36.415066]}},{"type":"Feature","properties":{"county_nam":"WAKE","prec_id":"15-01","enr_desc":"15-01","name":"15-01","label":"15-01","precinct_norm":"WAKE - 15-01"},"geometry":{"type":"Point","coordinates":[-78.609244,35.618968]}},{"type":"Feature","properties":{"county_nam":"WAKE","prec_id":"15-02","enr_desc":"15-02","name":"15-02","label":"15-02","precinct_norm":"WAKE - 15-02"},"geometry":{"type":"Point","coordinates":[-78.672716,35.651382]}},{"type":"Feature","properties":{"county_nam":"WAKE","prec_id":"15-03","enr_desc":"15-03","name":"15-03","label":"15-03","precinct_norm":"WAKE - 15-03"},"geometry":{"type":"Point","coordinates":[-78.663123,35.582348]}},{"type":"Feature","properties":{"county_nam":"WAKE","prec_id":"15-04","enr_desc":"15-04","name":"15-04","label":"15-04","precinct_norm":"WAKE - 15-04"},"geometry":{"type":"Point","coordinates":[-78.638315,35.658995]}},{"type":"Feature","properties":{"county_nam":"BUNCOMBE","prec_id":"15.1","enr_desc":"VANCE ELEMENTARY SCHOOL","name":"VANCE ELEMENTARY SCHOOL","label":"VANCE ELEMENTARY SCHOOL","precinct_norm":"BUNCOMBE - 15.1"},"geometry":{"type":"Point","coordinates":[-82.598117,35.571603]}},{"type":"Feature","properties":{"county_nam":"MECKLENBURG","prec_id":"150","enr_desc":"150","name":"150","label":"150","precinct_norm":"MECKLENBURG - 150"},"geometry":{"type":"Point","coordinates":[-80.92335,35.317124]}},{"type":"Feature","properties":{"county_nam":"PITT","prec_id":"1501","enr_desc":"GREENVILLE 1","name":"GREENVILLE 1","label":"GREENVILLE 1","precinct_norm":"PITT - 1501"},"geometry":{"type":"Point","coordinates":[-77.375315,35.641585]}},{"type":"Feature","properties":{"county_nam":"GUILFORD","prec_id":"G57","enr_desc":"G57","name":"G57","label":"G57","precinct_norm":"GUILFORD - G57"},"geometry":{"type":"Point","coordinates":[-79.833069,36.017711]}},{"type":"Feature","properties":{"county_nam":"PITT","prec_id":"1503","enr_desc":"GREENVILLE 3","name":"GREENVILLE 3","label":"GREENVILLE 3","precinct_norm":"PITT - 1503"},"geometry":{"type":"Point","coordinates":[-77.405051,35.623793]}},{"type":"Feature","properties":{"county_nam":"PITT","prec_id":"1508A","enr_desc":"GREENVILLE 8A","name":"GREENVILLE 8A","label":"GREENVILLE 8A","precinct_norm":"PITT - 1508A"},"geometry":{"type":"Point","coordinates":[-77.366449,35.612061]}},{"type":"Feature","properties":{"county_nam":"PITT","prec_id":"1504A","enr_desc":"GREENVILLE 4A","name":"GREENVILLE 4A","label":"GREENVILLE 4A","precinct_norm":"PITT - 1504A"},"geometry":{"type":"Point","coordinates":[-77.402994,35.611202]}},{"type":"Feature","properties":{"county_nam":"PITT","prec_id":"1504B","enr_desc":"GREENVILLE 4B","name":"GREENVILLE 4B","label":"GREENVILLE 4B","precinct_norm":"PITT - 1504B"},"geometry":{"type":"Point","coordinates":[-77.417732,35.592445]}},{"type":"Feature","properties":{"county_nam":"PITT","prec_id":"1505A","enr_desc":"GREENVILLE 5A","name":"GREENVILLE 5A","label":"GREENVILLE 5A","precinct_norm":"PITT - 1505A"},"geometry":{"type":"Point","coordinates":[-77.403973,35.585286]}},{"type":"Feature","properties":{"county_nam":"PITT","prec_id":"1505B","enr_desc":"GREENVILLE 5B","name":"GREENVILLE 5B","label":"GREENVILLE 5B","precinct_norm":"PITT - 1505B"},"geometry":{"type":"Point","coordinates":[-77.389423,35.589106]}},{"type":"Feature","properties":{"county_nam":"PITT","prec_id":"1507","enr_desc":"GREENVILLE 7","name":"GREENVILLE 7","label":"GREENVILLE 7","precinct_norm":"PITT - 1507"},"geometry":{"type":"Point","coordinates":[-77.344108,35.600564]}},{"type":"Feature","properties":{"county_nam":"PITT","prec_id":"1508B","enr_desc":"GREENVILLE 8B","name":"GREENVILLE 8B","label":"GREENVILLE 8B","precinct_norm":"PITT - 1508B"},"geometry":{"type":"Point","coordinates":[-77.345097,35.610355]}},{"type":"Feature","properties":{"county_nam":"PITT","prec_id":"1510A","enr_desc":"GREENVILLE 10A","name":"GREENVILLE 10A","label":"GREENVILLE 10A","precinct_norm":"PITT - 1510A"},"geometry":{"type":"Point","coordinates":[-77.349672,35.578878]}},{"type":"Feature","properties":{"county_nam":"PITT","prec_id":"1509","enr_desc":"GREENVILLE 9","name":"GREENVILLE 9","label":"GREENVILLE 9","precinct_norm":"PITT - 1509"},"geometry":{"type":"Point","coordinates":[-77.31892,35.601315]}},{"type":"Feature","properties":{"county_nam":"MECKLENBURG","prec_id":"151","enr_desc":"151","name":"151","label":"151","precinct_norm":"MECKLENBURG - 151"},"geometry":{"type":"Point","coordinates":[-80.802431,35.365428]}},{"type":"Feature","properties":{"county_nam":"PITT","prec_id":"1510B","enr_desc":"GREENVILLE 10B","name":"GREENVILLE 10B","label":"GREENVILLE 10B","precinct_norm":"PITT - 1510B"},"geometry":{"type":"Point","coordinates":[-77.329005,35.580284]}},{"type":"Feature","properties":{"county_nam":"PITT","prec_id":"1511A","enr_desc":"GREENVILLE 11A","name":"GREENVILLE 11A","label":"GREENVILLE 11A","precinct_norm":"PITT - 1511A"},"geometry":{"type":"Point","coordinates":[-77.377507,35.565176]}},{"type":"Feature","properties":{"county_nam":"PITT","prec_id":"1511B","enr_desc":"GREENVILLE 11B","name":"GREENVILLE 11B","label":"GREENVILLE 11B","precinct_norm":"PITT - 1511B"},"geometry":{"type":"Point","coordinates":[-77.363586,35.573506]}},{"type":"Feature","properties":{"county_nam":"TYRRELL","prec_id":"16","enr_desc":"SOUTH FORK","name":"SOUTH FORK","label":"SOUTH FORK","precinct_norm":"TYRRELL - 16"},"geometry":{"type":"Point","coordinates":[-76.36768,35.780411]}},{"type":"Feature","properties":{"county_nam":"PITT","prec_id":"1512A","enr_desc":"GREENVILLE 12A","name":"GREENVILLE 12A","label":"GREENVILLE 12A","precinct_norm":"PITT - 1512A"},"geometry":{"type":"Point","coordinates":[-77.43287,35.560554]}},{"type":"Feature","properties":{"county_nam":"PITT","prec_id":"1512B","enr_desc":"GREENVILLE 12B","name":"GREENVILLE 12B","label":"GREENVILLE 12B","precinct_norm":"PITT - 1512B"},"geometry":{"type":"Point","coordinates":[-77.397008,35.561427]}},{"type":"Feature","properties":{"county_nam":"PITT","prec_id":"1513A","enr_desc":"GREENVILE 13A","name":"GREENVILE 13A","label":"GREENVILE 13A","precinct_norm":"PITT - 1513A"},"geometry":{"type":"Point","coordinates":[-77.359102,35.527866]}},{"type":"Feature","properties":{"county_nam":"PITT","prec_id":"1513B","enr_desc":"GREENVILLE 13B","name":"GREENVILLE 13B","label":"GREENVILLE 13B","precinct_norm":"PITT - 1513B"},"geometry":{"type":"Point","coordinates":[-77.344197,35.534028]}},{"type":"Feature","properties":{"county_nam":"WAYNE","prec_id":"16","enr_desc":"16","name":"16","label":"16","precinct_norm":"WAYNE - 16"},"geometry":{"type":"Point","coordinates":[-78.097106,35.312299]}},{"type":"Feature","properties":{"county_nam":"WAKE","prec_id":"16-09","enr_desc":"16-09","name":"16-09","label":"16-09","precinct_norm":"WAKE - 16-09"},"geometry":{"type":"Point","coordinates":[-78.581309,35.663659]}},{"type":"Feature","properties":{"county_nam":"DAVIDSON","prec_id":"16","enr_desc":"GUMTREE 16","name":"GUMTREE 16","label":"GUMTREE 16","precinct_norm":"DAVIDSON - 16"},"geometry":{"type":"Point","coordinates":[-80.191818,35.996845]}},{"type":"Feature","properties":{"county_nam":"ASHE","prec_id":"16","enr_desc":"PINE SWAMP","name":"PINE SWAMP","label":"PINE SWAMP","precinct_norm":"ASHE - 16"},"geometry":{"type":"Point","coordinates":[-81.468684,36.302845]}},{"type":"Feature","properties":{"county_nam":"ROWAN","prec_id":"17","enr_desc":"EAST KANNAPOLIS","name":"EAST KANNAPOLIS","label":"EAST KANNAPOLIS","precinct_norm":"ROWAN - 17"},"geometry":{"type":"Point","coordinates":[-80.592744,35.513617]}},{"type":"Feature","properties":{"county_nam":"FRANKLIN","prec_id":"16","enr_desc":"EAST LOUISBURG COUNTRY","name":"EAST LOUISBURG COUNTRY","label":"EAST LOUISBURG COUNTRY","precinct_norm":"FRANKLIN - 16"},"geometry":{"type":"Point","coordinates":[-78.240421,36.115931]}},{"type":"Feature","properties":{"county_nam":"ROWAN","prec_id":"16","enr_desc":"WEST KANNAPOLIS","name":"WEST KANNAPOLIS","label":"WEST KANNAPOLIS","precinct_norm":"ROWAN - 16"},"geometry":{"type":"Point","coordinates":[-80.630593,35.516537]}},{"type":"Feature","properties":{"county_nam":"GUILFORD","prec_id":"G58","enr_desc":"G58","name":"G58","label":"G58","precinct_norm":"GUILFORD - G58"},"geometry":{"type":"Point","coordinates":[-79.849185,36.03551]}},{"type":"Feature","properties":{"county_nam":"CATAWBA","prec_id":"16","enr_desc":"HIGHLAND","name":"HIGHLAND","label":"HIGHLAND","precinct_norm":"CATAWBA - 16"},"geometry":{"type":"Point","coordinates":[-81.314928,35.746199]}},{"type":"Feature","properties":{"county_nam":"CATAWBA","prec_id":"17","enr_desc":"LONGVIEW NORTH","name":"LONGVIEW NORTH","label":"LONGVIEW NORTH","precinct_norm":"CATAWBA - 17"},"geometry":{"type":"Point","coordinates":[-81.381228,35.732831]}},{"type":"Feature","properties":{"county_nam":"ROBESON","prec_id":"17","enr_desc":"LUMBERTON 7","name":"LUMBERTON 7","label":"LUMBERTON 7","precinct_norm":"ROBESON - 17"},"geometry":{"type":"Point","coordinates":[-79.04641,34.619568]}},{"type":"Feature","properties":{"county_nam":"FRANKLIN","prec_id":"17","enr_desc":"WEST HARRIS","name":"WEST HARRIS","label":"WEST HARRIS","precinct_norm":"FRANKLIN - 17"},"geometry":{"type":"Point","coordinates":[-78.368128,35.995637]}},{"type":"Feature","properties":{"county_nam":"CRAVEN","prec_id":"17","enr_desc":"CROATAN","name":"CROATAN","label":"CROATAN","precinct_norm":"CRAVEN - 17"},"geometry":{"type":"Point","coordinates":[-77.012748,34.958701]}},{"type":"Feature","properties":{"county_nam":"STOKES","prec_id":"17","enr_desc":"WEST WALNUT COVE","name":"WEST WALNUT COVE","label":"WEST WALNUT COVE","precinct_norm":"STOKES - 17"},"geometry":{"type":"Point","coordinates":[-80.165852,36.297817]}},{"type":"Feature","properties":{"county_nam":"CRAVEN","prec_id":"16","enr_desc":"GRANTHAM 1A","name":"GRANTHAM 1A","label":"GRANTHAM 1A","precinct_norm":"CRAVEN - 16"},"geometry":{"type":"Point","coordinates":[-76.984492,35.035593]}},{"type":"Feature","properties":{"county_nam":"GASTON","prec_id":"31A","enr_desc":"COUNTRY CLUB","name":"COUNTRY CLUB","label":"COUNTRY CLUB","precinct_norm":"GASTON - 31A"},"geometry":{"type":"Point","coordinates":[-81.14089,35.200409]}},{"type":"Feature","properties":{"county_nam":"AVERY","prec_id":"16","enr_desc":"PINEOLA","name":"PINEOLA","label":"PINEOLA","precinct_norm":"AVERY - 16"},"geometry":{"type":"Point","coordinates":[-81.884704,36.015908]}},{"type":"Feature","properties":{"county_nam":"DURHAM","prec_id":"17","enr_desc":"COUNTY MAIN LIBRARY","name":"COUNTY MAIN LIBRARY","label":"COUNTY MAIN LIBRARY","precinct_norm":"DURHAM - 17"},"geometry":{"type":"Point","coordinates":[-78.893419,35.994065]}},{"type":"Feature","properties":{"county_nam":"ROBESON","prec_id":"16","enr_desc":"LUMBERTON 6","name":"LUMBERTON 6","label":"LUMBERTON 6","precinct_norm":"ROBESON - 16"},"geometry":{"type":"Point","coordinates":[-79.028191,34.610868]}},{"type":"Feature","properties":{"county_nam":"WATAUGA","prec_id":"16","enr_desc":"NORTH FORK","name":"NORTH FORK","label":"NORTH FORK","precinct_norm":"WATAUGA - 16"},"geometry":{"type":"Point","coordinates":[-81.690062,36.357644]}},{"type":"Feature","properties":{"county_nam":"WAKE","prec_id":"16-01","enr_desc":"16-01","name":"16-01","label":"16-01","precinct_norm":"WAKE - 16-01"},"geometry":{"type":"Point","coordinates":[-78.535918,35.688295]}},{"type":"Feature","properties":{"county_nam":"WAKE","prec_id":"16-02","enr_desc":"16-02","name":"16-02","label":"16-02","precinct_norm":"WAKE - 16-02"},"geometry":{"type":"Point","coordinates":[-78.603769,35.726021]}},{"type":"Feature","properties":{"county_nam":"CUMBERLAND","prec_id":"G5B-2","enr_desc":"CROSS CREEK 28-G5B-2","name":"CROSS CREEK 28-G5B-2","label":"CROSS CREEK 28-G5B-2","precinct_norm":"CUMBERLAND - G5B-2"},"geometry":{"type":"Point","coordinates":[-79.016724,35.047453]}},{"type":"Feature","properties":{"county_nam":"WAKE","prec_id":"16-03","enr_desc":"16-03","name":"16-03","label":"16-03","precinct_norm":"WAKE - 16-03"},"geometry":{"type":"Point","coordinates":[-78.634435,35.705963]}},{"type":"Feature","properties":{"county_nam":"WAKE","prec_id":"16-04","enr_desc":"16-04","name":"16-04","label":"16-04","precinct_norm":"WAKE - 16-04"},"geometry":{"type":"Point","coordinates":[-78.613087,35.679717]}},{"type":"Feature","properties":{"county_nam":"WAKE","prec_id":"16-05","enr_desc":"16-05","name":"16-05","label":"16-05","precinct_norm":"WAKE - 16-05"},"geometry":{"type":"Point","coordinates":[-78.652278,35.705371]}},{"type":"Feature","properties":{"county_nam":"WAKE","prec_id":"16-06","enr_desc":"16-06","name":"16-06","label":"16-06","precinct_norm":"WAKE - 16-06"},"geometry":{"type":"Point","coordinates":[-78.616019,35.703291]}},{"type":"Feature","properties":{"county_nam":"WAKE","prec_id":"16-07","enr_desc":"16-07","name":"16-07","label":"16-07","precinct_norm":"WAKE - 16-07"},"geometry":{"type":"Point","coordinates":[-78.635605,35.683678]}},{"type":"Feature","properties":{"county_nam":"WAKE","prec_id":"16-10","enr_desc":"16-10","name":"16-10","label":"16-10","precinct_norm":"WAKE - 16-10"},"geometry":{"type":"Point","coordinates":[-78.541395,35.734837]}},{"type":"Feature","properties":{"county_nam":"WAKE","prec_id":"16-11","enr_desc":"16-11","name":"16-11","label":"16-11","precinct_norm":"WAKE - 16-11"},"geometry":{"type":"Point","coordinates":[-78.559875,35.721957]}},{"type":"Feature","properties":{"county_nam":"BUNCOMBE","prec_id":"16.2","enr_desc":"WEST ASHEVILLE LIBRARY","name":"WEST ASHEVILLE LIBRARY","label":"WEST ASHEVILLE LIBRARY","precinct_norm":"BUNCOMBE - 16.2"},"geometry":{"type":"Point","coordinates":[-82.610879,35.591158]}},{"type":"Feature","properties":{"county_nam":"STOKES","prec_id":"1618","enr_desc":"EAST WALNUT COVE","name":"EAST WALNUT COVE","label":"EAST WALNUT COVE","precinct_norm":"STOKES - 1618"},"geometry":{"type":"Point","coordinates":[-80.111113,36.313782]}},{"type":"Feature","properties":{"county_nam":"RUTHERFORD","prec_id":"16A","enr_desc":"GILKEY-MORGAN","name":"GILKEY-MORGAN","label":"GILKEY-MORGAN","precinct_norm":"RUTHERFORD - 16A"},"geometry":{"type":"Point","coordinates":[-82.050857,35.476154]}},{"type":"Feature","properties":{"county_nam":"WATAUGA","prec_id":"17","enr_desc":"SHAWNEEHAW","name":"SHAWNEEHAW","label":"SHAWNEEHAW","precinct_norm":"WATAUGA - 17"},"geometry":{"type":"Point","coordinates":[-81.816177,36.184799]}},{"type":"Feature","properties":{"county_nam":"AVERY","prec_id":"17","enr_desc":"PLUMTREE","name":"PLUMTREE","label":"PLUMTREE","precinct_norm":"AVERY - 17"},"geometry":{"type":"Point","coordinates":[-82.017796,36.020821]}},{"type":"Feature","properties":{"county_nam":"ASHE","prec_id":"17","enr_desc":"PINEY CREEK","name":"PINEY CREEK","label":"PINEY CREEK","precinct_norm":"ASHE - 17"},"geometry":{"type":"Point","coordinates":[-81.50271,36.517429]}},{"type":"Feature","properties":{"county_nam":"GASTON","prec_id":"3A","enr_desc":"ROBINWOOD LAKE","name":"ROBINWOOD LAKE","label":"ROBINWOOD LAKE","precinct_norm":"GASTON - 3A"},"geometry":{"type":"Point","coordinates":[-81.173838,35.219002]}},{"type":"Feature","properties":{"county_nam":"WAYNE","prec_id":"17","enr_desc":"17","name":"17","label":"17","precinct_norm":"WAYNE - 17"},"geometry":{"type":"Point","coordinates":[-78.015717,35.357791]}},{"type":"Feature","properties":{"county_nam":"GUILFORD","prec_id":"G61","enr_desc":"G61","name":"G61","label":"G61","precinct_norm":"GUILFORD - G61"},"geometry":{"type":"Point","coordinates":[-79.870238,36.039595]}},{"type":"Feature","properties":{"county_nam":"WAKE","prec_id":"17-01","enr_desc":"17-01","name":"17-01","label":"17-01","precinct_norm":"WAKE - 17-01"},"geometry":{"type":"Point","coordinates":[-78.589074,35.809524]}},{"type":"Feature","properties":{"county_nam":"GUILFORD","prec_id":"G62","enr_desc":"G62","name":"G62","label":"G62","precinct_norm":"GUILFORD - G62"},"geometry":{"type":"Point","coordinates":[-79.883451,36.045269]}},{"type":"Feature","properties":{"county_nam":"WAKE","prec_id":"17-02","enr_desc":"17-02","name":"17-02","label":"17-02","precinct_norm":"WAKE - 17-02"},"geometry":{"type":"Point","coordinates":[-78.473393,35.785829]}},{"type":"Feature","properties":{"county_nam":"WAKE","prec_id":"17-03","enr_desc":"17-03","name":"17-03","label":"17-03","precinct_norm":"WAKE - 17-03"},"geometry":{"type":"Point","coordinates":[-78.548104,35.815784]}},{"type":"Feature","properties":{"county_nam":"WAKE","prec_id":"17-05","enr_desc":"17-05","name":"17-05","label":"17-05","precinct_norm":"WAKE - 17-05"},"geometry":{"type":"Point","coordinates":[-78.569224,35.815661]}},{"type":"Feature","properties":{"county_nam":"WAKE","prec_id":"17-06","enr_desc":"17-06","name":"17-06","label":"17-06","precinct_norm":"WAKE - 17-06"},"geometry":{"type":"Point","coordinates":[-78.498958,35.750958]}},{"type":"Feature","properties":{"county_nam":"WAKE","prec_id":"17-07","enr_desc":"17-07","name":"17-07","label":"17-07","precinct_norm":"WAKE - 17-07"},"geometry":{"type":"Point","coordinates":[-78.55609,35.776537]}},{"type":"Feature","properties":{"county_nam":"WAKE","prec_id":"17-09","enr_desc":"17-09","name":"17-09","label":"17-09","precinct_norm":"WAKE - 17-09"},"geometry":{"type":"Point","coordinates":[-78.561344,35.757608]}},{"type":"Feature","properties":{"county_nam":"WAKE","prec_id":"17-11","enr_desc":"17-11","name":"17-11","label":"17-11","precinct_norm":"WAKE - 17-11"},"geometry":{"type":"Point","coordinates":[-78.557308,35.841989]}},{"type":"Feature","properties":{"county_nam":"WAKE","prec_id":"17-12","enr_desc":"17-12","name":"17-12","label":"17-12","precinct_norm":"WAKE - 17-12"},"geometry":{"type":"Point","coordinates":[-78.519171,35.773832]}},{"type":"Feature","properties":{"county_nam":"WAKE","prec_id":"17-13","enr_desc":"17-13","name":"17-13","label":"17-13","precinct_norm":"WAKE - 17-13"},"geometry":{"type":"Point","coordinates":[-78.519676,35.78612]}},{"type":"Feature","properties":{"county_nam":"BUNCOMBE","prec_id":"17.1","enr_desc":"BETH ISRAEL SYNAGOGUE","name":"BETH ISRAEL SYNAGOGUE","label":"BETH ISRAEL SYNAGOGUE","precinct_norm":"BUNCOMBE - 17.1"},"geometry":{"type":"Point","coordinates":[-82.537903,35.614095]}},{"type":"Feature","properties":{"county_nam":"RUTHERFORD","prec_id":"18","enr_desc":"GREEN HILL","name":"GREEN HILL","label":"GREEN HILL","precinct_norm":"RUTHERFORD - 18"},"geometry":{"type":"Point","coordinates":[-82.047524,35.394217]}},{"type":"Feature","properties":{"county_nam":"WATAUGA","prec_id":"18","enr_desc":"STONY FORK","name":"STONY FORK","label":"STONY FORK","precinct_norm":"WATAUGA - 18"},"geometry":{"type":"Point","coordinates":[-81.498119,36.218149]}},{"type":"Feature","properties":{"county_nam":"DAVIDSON","prec_id":"18","enr_desc":"HEALING SPRINGS 18","name":"HEALING SPRINGS 18","label":"HEALING SPRINGS 18","precinct_norm":"DAVIDSON - 18"},"geometry":{"type":"Point","coordinates":[-80.190625,35.626944]}},{"type":"Feature","properties":{"county_nam":"ROWAN","prec_id":"18","enr_desc":"EAST SPENCER","name":"EAST SPENCER","label":"EAST SPENCER","precinct_norm":"ROWAN - 18"},"geometry":{"type":"Point","coordinates":[-80.429739,35.680379]}},{"type":"Feature","properties":{"county_nam":"WAYNE","prec_id":"18","enr_desc":"18","name":"18","label":"18","precinct_norm":"WAYNE - 18"},"geometry":{"type":"Point","coordinates":[-77.993273,35.385125]}},{"type":"Feature","properties":{"county_nam":"GUILFORD","prec_id":"G63","enr_desc":"G63","name":"G63","label":"G63","precinct_norm":"GUILFORD - G63"},"geometry":{"type":"Point","coordinates":[-79.892748,36.06665]}},{"type":"Feature","properties":{"county_nam":"GUILFORD","prec_id":"G64","enr_desc":"G64","name":"G64","label":"G64","precinct_norm":"GUILFORD - G64"},"geometry":{"type":"Point","coordinates":[-79.945694,36.081152]}},{"type":"Feature","properties":{"county_nam":"FRANKLIN","prec_id":"18","enr_desc":"WEST YOUNGSVILLE 1","name":"WEST YOUNGSVILLE 1","label":"WEST YOUNGSVILLE 1","precinct_norm":"FRANKLIN - 18"},"geometry":{"type":"Point","coordinates":[-78.469137,36.027517]}},{"type":"Feature","properties":{"county_nam":"WAKE","prec_id":"18-03","enr_desc":"18-03","name":"18-03","label":"18-03","precinct_norm":"WAKE - 18-03"},"geometry":{"type":"Point","coordinates":[-78.768357,35.736216]}},{"type":"Feature","properties":{"county_nam":"WAKE","prec_id":"18-04","enr_desc":"18-04","name":"18-04","label":"18-04","precinct_norm":"WAKE - 18-04"},"geometry":{"type":"Point","coordinates":[-78.726693,35.716773]}},{"type":"Feature","properties":{"county_nam":"GUILFORD","prec_id":"G65","enr_desc":"G65","name":"G65","label":"G65","precinct_norm":"GUILFORD - G65"},"geometry":{"type":"Point","coordinates":[-79.896329,36.025606]}},{"type":"Feature","properties":{"county_nam":"WAKE","prec_id":"18-05","enr_desc":"18-05","name":"18-05","label":"18-05","precinct_norm":"WAKE - 18-05"},"geometry":{"type":"Point","coordinates":[-78.777134,35.708662]}},{"type":"Feature","properties":{"county_nam":"WAKE","prec_id":"18-06","enr_desc":"18-06","name":"18-06","label":"18-06","precinct_norm":"WAKE - 18-06"},"geometry":{"type":"Point","coordinates":[-78.715875,35.742497]}},{"type":"Feature","properties":{"county_nam":"WAKE","prec_id":"18-07","enr_desc":"18-07","name":"18-07","label":"18-07","precinct_norm":"WAKE - 18-07"},"geometry":{"type":"Point","coordinates":[-78.715811,35.677089]}},{"type":"Feature","properties":{"county_nam":"WAKE","prec_id":"18-08","enr_desc":"18-08","name":"18-08","label":"18-08","precinct_norm":"WAKE - 18-08"},"geometry":{"type":"Point","coordinates":[-78.744358,35.745262]}},{"type":"Feature","properties":{"county_nam":"BUNCOMBE","prec_id":"18.2","enr_desc":"TC ROBERSON HIGH SCHOOL","name":"TC ROBERSON HIGH SCHOOL","label":"TC ROBERSON HIGH SCHOOL","precinct_norm":"BUNCOMBE - 18.2"},"geometry":{"type":"Point","coordinates":[-82.52554,35.496722]}},{"type":"Feature","properties":{"county_nam":"STOKES","prec_id":"1819","enr_desc":"PINE HALL","name":"PINE HALL","label":"PINE HALL","precinct_norm":"STOKES - 1819"},"geometry":{"type":"Point","coordinates":[-80.06087,36.319894]}},{"type":"Feature","properties":{"county_nam":"ROBESON","prec_id":"18A","enr_desc":"LUMBERTON 8A","name":"LUMBERTON 8A","label":"LUMBERTON 8A","precinct_norm":"ROBESON - 18A"},"geometry":{"type":"Point","coordinates":[-79.02087,34.633426]}},{"type":"Feature","properties":{"county_nam":"AVERY","prec_id":"19","enr_desc":"ROARING CREEK","name":"ROARING CREEK","label":"ROARING CREEK","precinct_norm":"AVERY - 19"},"geometry":{"type":"Point","coordinates":[-82.049845,36.085939]}},{"type":"Feature","properties":{"county_nam":"ROBESON","prec_id":"19","enr_desc":"MAXTON","name":"MAXTON","label":"MAXTON","precinct_norm":"ROBESON - 19"},"geometry":{"type":"Point","coordinates":[-79.314336,34.687409]}},{"type":"Feature","properties":{"county_nam":"FRANKLIN","prec_id":"19","enr_desc":"WEST YOUNGSVILLE 2","name":"WEST YOUNGSVILLE 2","label":"WEST YOUNGSVILLE 2","precinct_norm":"FRANKLIN - 19"},"geometry":{"type":"Point","coordinates":[-78.515996,36.039656]}},{"type":"Feature","properties":{"county_nam":"RUTHERFORD","prec_id":"19","enr_desc":"HAYNES","name":"HAYNES","label":"HAYNES","precinct_norm":"RUTHERFORD - 19"},"geometry":{"type":"Point","coordinates":[-81.831928,35.241621]}},{"type":"Feature","properties":{"county_nam":"MECKLENBURG","prec_id":"204.1","enr_desc":"204.1","name":"204.1","label":"204.1","precinct_norm":"MECKLENBURG - 204.1"},"geometry":{"type":"Point","coordinates":[-80.692791,35.298359]}},{"type":"Feature","properties":{"county_nam":"DURHAM","prec_id":"19","enr_desc":"AMERICAN LEGION POST 7","name":"AMERICAN LEGION POST 7","label":"AMERICAN LEGION POST 7","precinct_norm":"DURHAM - 19"},"geometry":{"type":"Point","coordinates":[-78.858026,36.015648]}},{"type":"Feature","properties":{"county_nam":"WAKE","prec_id":"19-03","enr_desc":"19-03","name":"19-03","label":"19-03","precinct_norm":"WAKE - 19-03"},"geometry":{"type":"Point","coordinates":[-78.507933,35.995121]}},{"type":"Feature","properties":{"county_nam":"MECKLENBURG","prec_id":"206","enr_desc":"206","name":"206","label":"206","precinct_norm":"MECKLENBURG - 206"},"geometry":{"type":"Point","coordinates":[-80.8442,35.491501]}},{"type":"Feature","properties":{"county_nam":"WAKE","prec_id":"19-05","enr_desc":"19-05","name":"19-05","label":"19-05","precinct_norm":"WAKE - 19-05"},"geometry":{"type":"Point","coordinates":[-78.538518,35.999585]}},{"type":"Feature","properties":{"county_nam":"WAKE","prec_id":"19-07","enr_desc":"19-07","name":"19-07","label":"19-07","precinct_norm":"WAKE - 19-07"},"geometry":{"type":"Point","coordinates":[-78.483889,35.983307]}},{"type":"Feature","properties":{"county_nam":"WAKE","prec_id":"19-09","enr_desc":"19-09","name":"19-09","label":"19-09","precinct_norm":"WAKE - 19-09"},"geometry":{"type":"Point","coordinates":[-78.424351,35.932404]}},{"type":"Feature","properties":{"county_nam":"GUILFORD","prec_id":"G66","enr_desc":"G66","name":"G66","label":"G66","precinct_norm":"GUILFORD - G66"},"geometry":{"type":"Point","coordinates":[-79.906916,36.028758]}},{"type":"Feature","properties":{"county_nam":"WAKE","prec_id":"19-11","enr_desc":"19-11","name":"19-11","label":"19-11","precinct_norm":"WAKE - 19-11"},"geometry":{"type":"Point","coordinates":[-78.530147,35.962849]}},{"type":"Feature","properties":{"county_nam":"DURHAM","prec_id":"21","enr_desc":"CLUB BOULEVARD SCHOOL","name":"CLUB BOULEVARD SCHOOL","label":"CLUB BOULEVARD SCHOOL","precinct_norm":"DURHAM - 21"},"geometry":{"type":"Point","coordinates":[-78.897664,36.026076]}},{"type":"Feature","properties":{"county_nam":"WAKE","prec_id":"19-13","enr_desc":"19-13","name":"19-13","label":"19-13","precinct_norm":"WAKE - 19-13"},"geometry":{"type":"Point","coordinates":[-78.549276,35.929556]}},{"type":"Feature","properties":{"county_nam":"CATAWBA","prec_id":"21","enr_desc":"MONOGRAM","name":"MONOGRAM","label":"MONOGRAM","precinct_norm":"CATAWBA - 21"},"geometry":{"type":"Point","coordinates":[-81.016995,35.673424]}},{"type":"Feature","properties":{"county_nam":"ROWAN","prec_id":"21","enr_desc":"NORTH LOCKE","name":"NORTH LOCKE","label":"NORTH LOCKE","precinct_norm":"ROWAN - 21"},"geometry":{"type":"Point","coordinates":[-80.55658,35.683082]}},{"type":"Feature","properties":{"county_nam":"CHATHAM","prec_id":"21","enr_desc":"HADLEY","name":"HADLEY","label":"HADLEY","precinct_norm":"CHATHAM - 21"},"geometry":{"type":"Point","coordinates":[-79.272327,35.806831]}},{"type":"Feature","properties":{"county_nam":"BUNCOMBE","prec_id":"21.1","enr_desc":"HAW CREEK ELEMENTARY SCHOOL","name":"HAW CREEK ELEMENTARY SCHOOL","label":"HAW CREEK ELEMENTARY SCHOOL","precinct_norm":"BUNCOMBE - 21.1"},"geometry":{"type":"Point","coordinates":[-82.508297,35.601624]}},{"type":"Feature","properties":{"county_nam":"GUILFORD","prec_id":"G67","enr_desc":"G67","name":"G67","label":"G67","precinct_norm":"GUILFORD - G67"},"geometry":{"type":"Point","coordinates":[-79.779249,36.074092]}},{"type":"Feature","properties":{"county_nam":"WAKE","prec_id":"19-14","enr_desc":"19-14","name":"19-14","label":"19-14","precinct_norm":"WAKE - 19-14"},"geometry":{"type":"Point","coordinates":[-78.548534,35.95335]}},{"type":"Feature","properties":{"county_nam":"GUILFORD","prec_id":"G68","enr_desc":"G68","name":"G68","label":"G68","precinct_norm":"GUILFORD - G68"},"geometry":{"type":"Point","coordinates":[-79.765567,36.078726]}},{"type":"Feature","properties":{"county_nam":"WAKE","prec_id":"19-15","enr_desc":"19-15","name":"19-15","label":"19-15","precinct_norm":"WAKE - 19-15"},"geometry":{"type":"Point","coordinates":[-78.552158,35.965242]}},{"type":"Feature","properties":{"county_nam":"WAKE","prec_id":"19-16","enr_desc":"19-16","name":"19-16","label":"19-16","precinct_norm":"WAKE - 19-16"},"geometry":{"type":"Point","coordinates":[-78.492367,35.880859]}},{"type":"Feature","properties":{"county_nam":"GUILFORD","prec_id":"G69","enr_desc":"G69","name":"G69","label":"G69","precinct_norm":"GUILFORD - G69"},"geometry":{"type":"Point","coordinates":[-79.784878,36.062548]}},{"type":"Feature","properties":{"county_nam":"CUMBERLAND","prec_id":"G6A","enr_desc":"STEDMAN-G6","name":"STEDMAN-G6","label":"STEDMAN-G6","precinct_norm":"CUMBERLAND - G6A"},"geometry":{"type":"Point","coordinates":[-78.717872,35.019071]}},{"type":"Feature","properties":{"county_nam":"CUMBERLAND","prec_id":"G6B","enr_desc":"BEAVER DAM-G6","name":"BEAVER DAM-G6","label":"BEAVER DAM-G6","precinct_norm":"CUMBERLAND - G6B"},"geometry":{"type":"Point","coordinates":[-78.636425,34.917487]}},{"type":"Feature","properties":{"county_nam":"CUMBERLAND","prec_id":"G6C","enr_desc":"CEDAR CREEK-G6","name":"CEDAR CREEK-G6","label":"CEDAR CREEK-G6","precinct_norm":"CUMBERLAND - G6C"},"geometry":{"type":"Point","coordinates":[-78.756363,34.918853]}},{"type":"Feature","properties":{"county_nam":"WAKE","prec_id":"19-17","enr_desc":"19-17","name":"19-17","label":"19-17","precinct_norm":"WAKE - 19-17"},"geometry":{"type":"Point","coordinates":[-78.521514,35.876112]}},{"type":"Feature","properties":{"county_nam":"WAKE","prec_id":"19-18","enr_desc":"19-18","name":"19-18","label":"19-18","precinct_norm":"WAKE - 19-18"},"geometry":{"type":"Point","coordinates":[-78.470801,35.957117]}},{"type":"Feature","properties":{"county_nam":"BUNCOMBE","prec_id":"19.1","enr_desc":"SKYLAND FIRE DEPARTMENT","name":"SKYLAND FIRE DEPARTMENT","label":"SKYLAND FIRE DEPARTMENT","precinct_norm":"BUNCOMBE - 19.1"},"geometry":{"type":"Point","coordinates":[-82.520547,35.497507]}},{"type":"Feature","properties":{"county_nam":"WAYNE","prec_id":"1920","enr_desc":"1920","name":"1920","label":"1920","precinct_norm":"WAYNE - 1920"},"geometry":{"type":"Point","coordinates":[-77.998824,35.363511]}},{"type":"Feature","properties":{"county_nam":"ROWAN","prec_id":"19A","enr_desc":"LANDIS","name":"LANDIS","label":"LANDIS","precinct_norm":"ROWAN - 19A"},"geometry":{"type":"Point","coordinates":[-80.615051,35.550986]}},{"type":"Feature","properties":{"county_nam":"GUILFORD","prec_id":"G70","enr_desc":"G70","name":"G70","label":"G70","precinct_norm":"GUILFORD - G70"},"geometry":{"type":"Point","coordinates":[-79.772282,36.064929]}},{"type":"Feature","properties":{"county_nam":"PAMLICO","prec_id":"1RB","enr_desc":"REELSBORO","name":"REELSBORO","label":"REELSBORO","precinct_norm":"PAMLICO - 1RB"},"geometry":{"type":"Point","coordinates":[-76.924456,35.141599]}},{"type":"Feature","properties":{"county_nam":"CHOWAN","prec_id":"2","enr_desc":"WEST EDENTON","name":"WEST EDENTON","label":"WEST EDENTON","precinct_norm":"CHOWAN - 2"},"geometry":{"type":"Point","coordinates":[-76.657278,36.069277]}},{"type":"Feature","properties":{"county_nam":"GATES","prec_id":"2","enr_desc":"PRECINCT 2","name":"PRECINCT 2","label":"PRECINCT 2","precinct_norm":"GATES - 2"},"geometry":{"type":"Point","coordinates":[-76.862948,36.419119]}},{"type":"Feature","properties":{"county_nam":"GUILFORD","prec_id":"G71","enr_desc":"G71","name":"G71","label":"G71","precinct_norm":"GUILFORD - G71"},"geometry":{"type":"Point","coordinates":[-79.758978,36.067088]}},{"type":"Feature","properties":{"county_nam":"TYRRELL","prec_id":"2","enr_desc":"COLUMBIA","name":"COLUMBIA","label":"COLUMBIA","precinct_norm":"TYRRELL - 2"},"geometry":{"type":"Point","coordinates":[-76.251622,35.935571]}},{"type":"Feature","properties":{"county_nam":"ASHE","prec_id":"20","enr_desc":"WEST JEFFERSON","name":"WEST JEFFERSON","label":"WEST JEFFERSON","precinct_norm":"ASHE - 20"},"geometry":{"type":"Point","coordinates":[-81.507521,36.399406]}},{"type":"Feature","properties":{"county_nam":"WATAUGA","prec_id":"20","enr_desc":"BEECH MOUNTAIN","name":"BEECH MOUNTAIN","label":"BEECH MOUNTAIN","precinct_norm":"WATAUGA - 20"},"geometry":{"type":"Point","coordinates":[-81.885152,36.212347]}},{"type":"Feature","properties":{"county_nam":"GASTON","prec_id":"8A","enr_desc":"NORTH BESSEMER","name":"NORTH BESSEMER","label":"NORTH BESSEMER","precinct_norm":"GASTON - 8A"},"geometry":{"type":"Point","coordinates":[-81.297169,35.293023]}},{"type":"Feature","properties":{"county_nam":"CATAWBA","prec_id":"20","enr_desc":"MAIDEN","name":"MAIDEN","label":"MAIDEN","precinct_norm":"CATAWBA - 20"},"geometry":{"type":"Point","coordinates":[-81.210395,35.596731]}},{"type":"Feature","properties":{"county_nam":"DAVIDSON","prec_id":"20","enr_desc":"HOLLY GROVE 20","name":"HOLLY GROVE 20","label":"HOLLY GROVE 20","precinct_norm":"DAVIDSON - 20"},"geometry":{"type":"Point","coordinates":[-80.155852,35.796651]}},{"type":"Feature","properties":{"county_nam":"WAKE","prec_id":"20-05","enr_desc":"20-05","name":"20-05","label":"20-05","precinct_norm":"WAKE - 20-05"},"geometry":{"type":"Point","coordinates":[-78.803018,35.721468]}},{"type":"Feature","properties":{"county_nam":"WAKE","prec_id":"20-06A","enr_desc":"20-06A","name":"20-06A","label":"20-06A","precinct_norm":"WAKE - 20-06A"},"geometry":{"type":"Point","coordinates":[-78.864327,35.71476]}},{"type":"Feature","properties":{"county_nam":"WAKE","prec_id":"20-06B","enr_desc":"20-06B","name":"20-06B","label":"20-06B","precinct_norm":"WAKE - 20-06B"},"geometry":{"type":"Point","coordinates":[-78.884382,35.729578]}},{"type":"Feature","properties":{"county_nam":"GUILFORD","prec_id":"H16","enr_desc":"H16","name":"H16","label":"H16","precinct_norm":"GUILFORD - H16"},"geometry":{"type":"Point","coordinates":[-80.024104,35.979762]}},{"type":"Feature","properties":{"county_nam":"WAKE","prec_id":"20-08","enr_desc":"20-08","name":"20-08","label":"20-08","precinct_norm":"WAKE - 20-08"},"geometry":{"type":"Point","coordinates":[-78.863271,35.747319]}},{"type":"Feature","properties":{"county_nam":"WAKE","prec_id":"20-09","enr_desc":"20-09","name":"20-09","label":"20-09","precinct_norm":"WAKE - 20-09"},"geometry":{"type":"Point","coordinates":[-78.816921,35.734858]}},{"type":"Feature","properties":{"county_nam":"WAKE","prec_id":"20-10","enr_desc":"20-10","name":"20-10","label":"20-10","precinct_norm":"WAKE - 20-10"},"geometry":{"type":"Point","coordinates":[-78.85896,35.787943]}},{"type":"Feature","properties":{"county_nam":"WAKE","prec_id":"20-11","enr_desc":"20-11","name":"20-11","label":"20-11","precinct_norm":"WAKE - 20-11"},"geometry":{"type":"Point","coordinates":[-78.922871,35.73117]}},{"type":"Feature","properties":{"county_nam":"WAKE","prec_id":"20-12","enr_desc":"20-12","name":"20-12","label":"20-12","precinct_norm":"WAKE - 20-12"},"geometry":{"type":"Point","coordinates":[-78.908947,35.75706]}},{"type":"Feature","properties":{"county_nam":"WAKE","prec_id":"20-15","enr_desc":"20-15","name":"20-15","label":"20-15","precinct_norm":"WAKE - 20-15"},"geometry":{"type":"Point","coordinates":[-78.89786,35.84854]}},{"type":"Feature","properties":{"county_nam":"CUMBERLAND","prec_id":"CC33","enr_desc":"CROSS CREEK 33","name":"CROSS CREEK 33","label":"CROSS CREEK 33","precinct_norm":"CUMBERLAND - CC33"},"geometry":{"type":"Point","coordinates":[-78.981677,35.096815]}},{"type":"Feature","properties":{"county_nam":"WAKE","prec_id":"20-17","enr_desc":"20-17","name":"20-17","label":"20-17","precinct_norm":"WAKE - 20-17"},"geometry":{"type":"Point","coordinates":[-78.884442,35.805083]}},{"type":"Feature","properties":{"county_nam":"BUNCOMBE","prec_id":"20.1","enr_desc":"ASHEVILLE APOSTOLIC CHURCH","name":"ASHEVILLE APOSTOLIC CHURCH","label":"ASHEVILLE APOSTOLIC CHURCH","precinct_norm":"BUNCOMBE - 20.1"},"geometry":{"type":"Point","coordinates":[-82.535428,35.593857]}},{"type":"Feature","properties":{"county_nam":"MECKLENBURG","prec_id":"201","enr_desc":"201","name":"201","label":"201","precinct_norm":"MECKLENBURG - 201"},"geometry":{"type":"Point","coordinates":[-80.636206,35.234559]}},{"type":"Feature","properties":{"county_nam":"GUILFORD","prec_id":"H17","enr_desc":"H17","name":"H17","label":"H17","precinct_norm":"GUILFORD - H17"},"geometry":{"type":"Point","coordinates":[-80.008572,35.98178]}},{"type":"Feature","properties":{"county_nam":"MECKLENBURG","prec_id":"202","enr_desc":"202","name":"202","label":"202","precinct_norm":"MECKLENBURG - 202"},"geometry":{"type":"Point","coordinates":[-80.847677,35.458819]}},{"type":"Feature","properties":{"county_nam":"MECKLENBURG","prec_id":"218","enr_desc":"218","name":"218","label":"218","precinct_norm":"MECKLENBURG - 218"},"geometry":{"type":"Point","coordinates":[-80.676259,35.120885]}},{"type":"Feature","properties":{"county_nam":"MECKLENBURG","prec_id":"203","enr_desc":"203","name":"203","label":"203","precinct_norm":"MECKLENBURG - 203"},"geometry":{"type":"Point","coordinates":[-80.686576,35.241532]}},{"type":"Feature","properties":{"county_nam":"MECKLENBURG","prec_id":"205","enr_desc":"205","name":"205","label":"205","precinct_norm":"MECKLENBURG - 205"},"geometry":{"type":"Point","coordinates":[-80.684646,35.276972]}},{"type":"Feature","properties":{"county_nam":"MECKLENBURG","prec_id":"207","enr_desc":"207","name":"207","label":"207","precinct_norm":"MECKLENBURG - 207"},"geometry":{"type":"Point","coordinates":[-80.82343,35.424337]}},{"type":"Feature","properties":{"county_nam":"GUILFORD","prec_id":"H18","enr_desc":"H18","name":"H18","label":"H18","precinct_norm":"GUILFORD - H18"},"geometry":{"type":"Point","coordinates":[-79.991683,35.989821]}},{"type":"Feature","properties":{"county_nam":"MECKLENBURG","prec_id":"208","enr_desc":"208","name":"208","label":"208","precinct_norm":"MECKLENBURG - 208"},"geometry":{"type":"Point","coordinates":[-80.907998,35.494729]}},{"type":"Feature","properties":{"county_nam":"MECKLENBURG","prec_id":"209","enr_desc":"209","name":"209","label":"209","precinct_norm":"MECKLENBURG - 209"},"geometry":{"type":"Point","coordinates":[-80.901994,35.374443]}},{"type":"Feature","properties":{"county_nam":"ROBESON","prec_id":"21","enr_desc":"PARKTON","name":"PARKTON","label":"PARKTON","precinct_norm":"ROBESON - 21"},"geometry":{"type":"Point","coordinates":[-78.988861,34.901892]}},{"type":"Feature","properties":{"county_nam":"GUILFORD","prec_id":"H19A","enr_desc":"H19A","name":"H19A","label":"H19A","precinct_norm":"GUILFORD - H19A"},"geometry":{"type":"Point","coordinates":[-79.982088,35.987735]}},{"type":"Feature","properties":{"county_nam":"WAYNE","prec_id":"21","enr_desc":"21","name":"21","label":"21","precinct_norm":"WAYNE - 21"},"geometry":{"type":"Point","coordinates":[-77.969178,35.372828]}},{"type":"Feature","properties":{"county_nam":"CRAVEN","prec_id":"21","enr_desc":"BRICES CREEK","name":"BRICES CREEK","label":"BRICES CREEK","precinct_norm":"CRAVEN - 21"},"geometry":{"type":"Point","coordinates":[-77.074563,35.039684]}},{"type":"Feature","properties":{"county_nam":"MECKLENBURG","prec_id":"210","enr_desc":"210","name":"210","label":"210","precinct_norm":"MECKLENBURG - 210"},"geometry":{"type":"Point","coordinates":[-80.860939,35.308362]}},{"type":"Feature","properties":{"county_nam":"MECKLENBURG","prec_id":"211","enr_desc":"211","name":"211","label":"211","precinct_norm":"MECKLENBURG - 211"},"geometry":{"type":"Point","coordinates":[-80.85461,35.346551]}},{"type":"Feature","properties":{"county_nam":"MECKLENBURG","prec_id":"212","enr_desc":"212","name":"212","label":"212","precinct_norm":"MECKLENBURG - 212"},"geometry":{"type":"Point","coordinates":[-80.738232,35.338682]}},{"type":"Feature","properties":{"county_nam":"MECKLENBURG","prec_id":"213","enr_desc":"213","name":"213","label":"213","precinct_norm":"MECKLENBURG - 213"},"geometry":{"type":"Point","coordinates":[-80.833721,35.293842]}},{"type":"Feature","properties":{"county_nam":"MECKLENBURG","prec_id":"214","enr_desc":"214","name":"214","label":"214","precinct_norm":"MECKLENBURG - 214"},"geometry":{"type":"Point","coordinates":[-80.789911,35.344342]}},{"type":"Feature","properties":{"county_nam":"MECKLENBURG","prec_id":"215","enr_desc":"215","name":"215","label":"215","precinct_norm":"MECKLENBURG - 215"},"geometry":{"type":"Point","coordinates":[-80.718445,35.103378]}},{"type":"Feature","properties":{"county_nam":"MECKLENBURG","prec_id":"216","enr_desc":"216","name":"216","label":"216","precinct_norm":"MECKLENBURG - 216"},"geometry":{"type":"Point","coordinates":[-80.709677,35.146157]}},{"type":"Feature","properties":{"county_nam":"MECKLENBURG","prec_id":"237","enr_desc":"237","name":"237","label":"237","precinct_norm":"MECKLENBURG - 237"},"geometry":{"type":"Point","coordinates":[-80.701386,35.329051]}},{"type":"Feature","properties":{"county_nam":"MECKLENBURG","prec_id":"217","enr_desc":"217","name":"217","label":"217","precinct_norm":"MECKLENBURG - 217"},"geometry":{"type":"Point","coordinates":[-80.725242,35.128979]}},{"type":"Feature","properties":{"county_nam":"MECKLENBURG","prec_id":"219","enr_desc":"219","name":"219","label":"219","precinct_norm":"MECKLENBURG - 219"},"geometry":{"type":"Point","coordinates":[-80.65052,35.198365]}},{"type":"Feature","properties":{"county_nam":"DAVIDSON","prec_id":"22","enr_desc":"LEXINGTON 1 22","name":"LEXINGTON 1 22","label":"LEXINGTON 1 22","precinct_norm":"DAVIDSON - 22"},"geometry":{"type":"Point","coordinates":[-80.225028,35.845312]}},{"type":"Feature","properties":{"county_nam":"MECKLENBURG","prec_id":"238.1","enr_desc":"238.1","name":"238.1","label":"238.1","precinct_norm":"MECKLENBURG - 238.1"},"geometry":{"type":"Point","coordinates":[-80.809719,35.34558]}},{"type":"Feature","properties":{"county_nam":"WAYNE","prec_id":"22","enr_desc":"22","name":"22","label":"22","precinct_norm":"WAYNE - 22"},"geometry":{"type":"Point","coordinates":[-77.945683,35.374292]}},{"type":"Feature","properties":{"county_nam":"CATAWBA","prec_id":"29","enr_desc":"ST STEPHENS 2","name":"ST STEPHENS 2","label":"ST STEPHENS 2","precinct_norm":"CATAWBA - 29"},"geometry":{"type":"Point","coordinates":[-81.262371,35.783448]}},{"type":"Feature","properties":{"county_nam":"GUILFORD","prec_id":"H19B","enr_desc":"H19B","name":"H19B","label":"H19B","precinct_norm":"GUILFORD - H19B"},"geometry":{"type":"Point","coordinates":[-79.967493,35.991429]}},{"type":"Feature","properties":{"county_nam":"GASTON","prec_id":"6A","enr_desc":"CROWDERS MOUNTAIN","name":"CROWDERS MOUNTAIN","label":"CROWDERS MOUNTAIN","precinct_norm":"GASTON - 6A"},"geometry":{"type":"Point","coordinates":[-81.287262,35.212966]}},{"type":"Feature","properties":{"county_nam":"ROBESON","prec_id":"22","enr_desc":"NORTH PEMBROKE","name":"NORTH PEMBROKE","label":"NORTH PEMBROKE","precinct_norm":"ROBESON - 22"},"geometry":{"type":"Point","coordinates":[-79.18831,34.699969]}},{"type":"Feature","properties":{"county_nam":"CATAWBA","prec_id":"22","enr_desc":"MOUNT OLIVE","name":"MOUNT OLIVE","label":"MOUNT OLIVE","precinct_norm":"CATAWBA - 22"},"geometry":{"type":"Point","coordinates":[-81.179777,35.670344]}},{"type":"Feature","properties":{"county_nam":"ROWAN","prec_id":"22","enr_desc":"MORGAN 1","name":"MORGAN 1","label":"MORGAN 1","precinct_norm":"ROWAN - 22"},"geometry":{"type":"Point","coordinates":[-80.24708,35.557705]}},{"type":"Feature","properties":{"county_nam":"DURHAM","prec_id":"22","enr_desc":"VFW POST 2740","name":"VFW POST 2740","label":"VFW POST 2740","precinct_norm":"DURHAM - 22"},"geometry":{"type":"Point","coordinates":[-78.881948,36.036396]}},{"type":"Feature","properties":{"county_nam":"BUNCOMBE","prec_id":"22.2","enr_desc":"IRA B JONES SCHOOL AUDITORIUM","name":"IRA B JONES SCHOOL AUDITORIUM","label":"IRA B JONES SCHOOL AUDITORIUM","precinct_norm":"BUNCOMBE - 22.2"},"geometry":{"type":"Point","coordinates":[-82.534062,35.639803]}},{"type":"Feature","properties":{"county_nam":"GUILFORD","prec_id":"H20A","enr_desc":"H20A","name":"H20A","label":"H20A","precinct_norm":"GUILFORD - H20A"},"geometry":{"type":"Point","coordinates":[-80.005538,36.000204]}},{"type":"Feature","properties":{"county_nam":"MECKLENBURG","prec_id":"220","enr_desc":"220","name":"220","label":"220","precinct_norm":"MECKLENBURG - 220"},"geometry":{"type":"Point","coordinates":[-80.687066,35.157739]}},{"type":"Feature","properties":{"county_nam":"MECKLENBURG","prec_id":"221","enr_desc":"221","name":"221","label":"221","precinct_norm":"MECKLENBURG - 221"},"geometry":{"type":"Point","coordinates":[-80.648945,35.152636]}},{"type":"Feature","properties":{"county_nam":"MECKLENBURG","prec_id":"222","enr_desc":"222","name":"222","label":"222","precinct_norm":"MECKLENBURG - 222"},"geometry":{"type":"Point","coordinates":[-80.896954,35.305097]}},{"type":"Feature","properties":{"county_nam":"MECKLENBURG","prec_id":"223.1","enr_desc":"223.1","name":"223.1","label":"223.1","precinct_norm":"MECKLENBURG - 223.1"},"geometry":{"type":"Point","coordinates":[-80.964963,35.324674]}},{"type":"Feature","properties":{"county_nam":"MECKLENBURG","prec_id":"224","enr_desc":"224","name":"224","label":"224","precinct_norm":"MECKLENBURG - 224"},"geometry":{"type":"Point","coordinates":[-80.987771,35.270662]}},{"type":"Feature","properties":{"county_nam":"MECKLENBURG","prec_id":"225","enr_desc":"225","name":"225","label":"225","precinct_norm":"MECKLENBURG - 225"},"geometry":{"type":"Point","coordinates":[-80.898489,35.095233]}},{"type":"Feature","properties":{"county_nam":"MECKLENBURG","prec_id":"226","enr_desc":"226","name":"226","label":"226","precinct_norm":"MECKLENBURG - 226"},"geometry":{"type":"Point","coordinates":[-80.8318,35.075225]}},{"type":"Feature","properties":{"county_nam":"DURHAM","prec_id":"36","enr_desc":"YATES BAPTIST CHURCH","name":"YATES BAPTIST CHURCH","label":"YATES BAPTIST CHURCH","precinct_norm":"DURHAM - 36"},"geometry":{"type":"Point","coordinates":[-78.946687,35.965401]}},{"type":"Feature","properties":{"county_nam":"ROWAN","prec_id":"36","enr_desc":"SOUTH WARD","name":"SOUTH WARD","label":"SOUTH WARD","precinct_norm":"ROWAN - 36"},"geometry":{"type":"Point","coordinates":[-80.469612,35.647161]}},{"type":"Feature","properties":{"county_nam":"MECKLENBURG","prec_id":"227","enr_desc":"227","name":"227","label":"227","precinct_norm":"MECKLENBURG - 227"},"geometry":{"type":"Point","coordinates":[-80.752572,35.061072]}},{"type":"Feature","properties":{"county_nam":"ROBESON","prec_id":"37","enr_desc":"STERLINGS","name":"STERLINGS","label":"STERLINGS","precinct_norm":"ROBESON - 37"},"geometry":{"type":"Point","coordinates":[-79.053394,34.388863]}},{"type":"Feature","properties":{"county_nam":"DURHAM","prec_id":"37","enr_desc":"COLE MILL CHURCH","name":"COLE MILL CHURCH","label":"COLE MILL CHURCH","precinct_norm":"DURHAM - 37"},"geometry":{"type":"Point","coordinates":[-78.962256,36.049142]}},{"type":"Feature","properties":{"county_nam":"BUNCOMBE","prec_id":"37.1","enr_desc":"BROAD RIVER COMMUNITY CENTER","name":"BROAD RIVER COMMUNITY CENTER","label":"BROAD RIVER COMMUNITY CENTER","precinct_norm":"BUNCOMBE - 37.1"},"geometry":{"type":"Point","coordinates":[-82.26232,35.525746]}},{"type":"Feature","properties":{"county_nam":"MECKLENBURG","prec_id":"228","enr_desc":"228","name":"228","label":"228","precinct_norm":"MECKLENBURG - 228"},"geometry":{"type":"Point","coordinates":[-80.940533,35.132805]}},{"type":"Feature","properties":{"county_nam":"GUILFORD","prec_id":"H20B","enr_desc":"H20B","name":"H20B","label":"H20B","precinct_norm":"GUILFORD - H20B"},"geometry":{"type":"Point","coordinates":[-79.987976,36.00301]}},{"type":"Feature","properties":{"county_nam":"MECKLENBURG","prec_id":"229","enr_desc":"229","name":"229","label":"229","precinct_norm":"MECKLENBURG - 229"},"geometry":{"type":"Point","coordinates":[-81.022173,35.076249]}},{"type":"Feature","properties":{"county_nam":"CATAWBA","prec_id":"23","enr_desc":"MOUNTAIN VIEW 1","name":"MOUNTAIN VIEW 1","label":"MOUNTAIN VIEW 1","precinct_norm":"CATAWBA - 23"},"geometry":{"type":"Point","coordinates":[-81.337219,35.668132]}},{"type":"Feature","properties":{"county_nam":"ROWAN","prec_id":"23","enr_desc":"MORGAN 2","name":"MORGAN 2","label":"MORGAN 2","precinct_norm":"ROWAN - 23"},"geometry":{"type":"Point","coordinates":[-80.308477,35.578177]}},{"type":"Feature","properties":{"county_nam":"ROBESON","prec_id":"23","enr_desc":"SOUTH PEMBROKE","name":"SOUTH PEMBROKE","label":"SOUTH PEMBROKE","precinct_norm":"ROBESON - 23"},"geometry":{"type":"Point","coordinates":[-79.204143,34.661839]}},{"type":"Feature","properties":{"county_nam":"CRAVEN","prec_id":"23","enr_desc":"GRANTHAM 2B","name":"GRANTHAM 2B","label":"GRANTHAM 2B","precinct_norm":"CRAVEN - 23"},"geometry":{"type":"Point","coordinates":[-77.026638,35.041563]}},{"type":"Feature","properties":{"county_nam":"WAYNE","prec_id":"23","enr_desc":"23","name":"23","label":"23","precinct_norm":"WAYNE - 23"},"geometry":{"type":"Point","coordinates":[-77.930771,35.341438]}},{"type":"Feature","properties":{"county_nam":"DURHAM","prec_id":"23","enr_desc":"THE RIVER CHURCH","name":"THE RIVER CHURCH","label":"THE RIVER CHURCH","precinct_norm":"DURHAM - 23"},"geometry":{"type":"Point","coordinates":[-78.896738,36.060221]}},{"type":"Feature","properties":{"county_nam":"GASTON","prec_id":"39A","enr_desc":"CENTRAL BELMONT","name":"CENTRAL BELMONT","label":"CENTRAL BELMONT","precinct_norm":"GASTON - 39A"},"geometry":{"type":"Point","coordinates":[-81.046241,35.22739]}},{"type":"Feature","properties":{"county_nam":"BUNCOMBE","prec_id":"23.2","enr_desc":"ASHEVILLE APOSTOLIC CHURCH","name":"ASHEVILLE APOSTOLIC CHURCH","label":"ASHEVILLE APOSTOLIC CHURCH","precinct_norm":"BUNCOMBE - 23.2"},"geometry":{"type":"Point","coordinates":[-82.521759,35.610903]}},{"type":"Feature","properties":{"county_nam":"BUNCOMBE","prec_id":"23.3","enr_desc":"EVERGREEN CHARTER SCHOOL","name":"EVERGREEN CHARTER SCHOOL","label":"EVERGREEN CHARTER SCHOOL","precinct_norm":"BUNCOMBE - 23.3"},"geometry":{"type":"Point","coordinates":[-82.497203,35.611382]}},{"type":"Feature","properties":{"county_nam":"MECKLENBURG","prec_id":"230","enr_desc":"230","name":"230","label":"230","precinct_norm":"MECKLENBURG - 230"},"geometry":{"type":"Point","coordinates":[-80.979841,35.163201]}},{"type":"Feature","properties":{"county_nam":"MECKLENBURG","prec_id":"231","enr_desc":"231","name":"231","label":"231","precinct_norm":"MECKLENBURG - 231"},"geometry":{"type":"Point","coordinates":[-80.88229,35.058164]}},{"type":"Feature","properties":{"county_nam":"MECKLENBURG","prec_id":"232","enr_desc":"232","name":"232","label":"232","precinct_norm":"MECKLENBURG - 232"},"geometry":{"type":"Point","coordinates":[-80.805608,35.051844]}},{"type":"Feature","properties":{"county_nam":"MECKLENBURG","prec_id":"233","enr_desc":"233","name":"233","label":"233","precinct_norm":"MECKLENBURG - 233"},"geometry":{"type":"Point","coordinates":[-80.744203,35.108515]}},{"type":"Feature","properties":{"county_nam":"MECKLENBURG","prec_id":"234","enr_desc":"234","name":"234","label":"234","precinct_norm":"MECKLENBURG - 234"},"geometry":{"type":"Point","coordinates":[-80.682149,35.192887]}},{"type":"Feature","properties":{"county_nam":"MECKLENBURG","prec_id":"235","enr_desc":"235","name":"235","label":"235","precinct_norm":"MECKLENBURG - 235"},"geometry":{"type":"Point","coordinates":[-80.689583,35.176848]}},{"type":"Feature","properties":{"county_nam":"MECKLENBURG","prec_id":"236","enr_desc":"236","name":"236","label":"236","precinct_norm":"MECKLENBURG - 236"},"geometry":{"type":"Point","coordinates":[-80.596195,35.201581]}},{"type":"Feature","properties":{"county_nam":"MECKLENBURG","prec_id":"239","enr_desc":"239","name":"239","label":"239","precinct_norm":"MECKLENBURG - 239"},"geometry":{"type":"Point","coordinates":[-80.768371,35.357661]}},{"type":"Feature","properties":{"county_nam":"ROBESON","prec_id":"24","enr_desc":"PHILADELPHUS","name":"PHILADELPHUS","label":"PHILADELPHUS","precinct_norm":"ROBESON - 24"},"geometry":{"type":"Point","coordinates":[-79.160979,34.755941]}},{"type":"Feature","properties":{"county_nam":"WAYNE","prec_id":"24","enr_desc":"24","name":"24","label":"24","precinct_norm":"WAYNE - 24"},"geometry":{"type":"Point","coordinates":[-78.195635,35.271692]}},{"type":"Feature","properties":{"county_nam":"ROWAN","prec_id":"42","enr_desc":"WEST WARD 3","name":"WEST WARD 3","label":"WEST WARD 3","precinct_norm":"ROWAN - 42"},"geometry":{"type":"Point","coordinates":[-80.492439,35.676691]}},{"type":"Feature","properties":{"county_nam":"DURHAM","prec_id":"24","enr_desc":"DPS STAFF DEVELOPMENT CENTER","name":"DPS STAFF DEVELOPMENT CENTER","label":"DPS STAFF DEVELOPMENT CENTER","precinct_norm":"DURHAM - 24"},"geometry":{"type":"Point","coordinates":[-78.929054,36.041]}},{"type":"Feature","properties":{"county_nam":"GASTON","prec_id":"38A","enr_desc":"WILKINSON","name":"WILKINSON","label":"WILKINSON","precinct_norm":"GASTON - 38A"},"geometry":{"type":"Point","coordinates":[-81.022048,35.241726]}},{"type":"Feature","properties":{"county_nam":"ROWAN","prec_id":"24","enr_desc":"MT. ULLA","name":"MT. ULLA","label":"MT. ULLA","precinct_norm":"ROWAN - 24"},"geometry":{"type":"Point","coordinates":[-80.728633,35.667415]}},{"type":"Feature","properties":{"county_nam":"DAVIDSON","prec_id":"24","enr_desc":"LEXINGTON 2 24","name":"LEXINGTON 2 24","label":"LEXINGTON 2 24","precinct_norm":"DAVIDSON - 24"},"geometry":{"type":"Point","coordinates":[-80.271112,35.865448]}},{"type":"Feature","properties":{"county_nam":"CATAWBA","prec_id":"24","enr_desc":"MOUNTAIN VIEW 2","name":"MOUNTAIN VIEW 2","label":"MOUNTAIN VIEW 2","precinct_norm":"CATAWBA - 24"},"geometry":{"type":"Point","coordinates":[-81.404207,35.667336]}},{"type":"Feature","properties":{"county_nam":"BUNCOMBE","prec_id":"24.1","enr_desc":"CROSSROADS ASSEMBLY","name":"CROSSROADS ASSEMBLY","label":"CROSSROADS ASSEMBLY","precinct_norm":"BUNCOMBE - 24.1"},"geometry":{"type":"Point","coordinates":[-82.637032,35.555239]}},{"type":"Feature","properties":{"county_nam":"DURHAM","prec_id":"42","enr_desc":"SHEPHARD MAGNET SCHOOL","name":"SHEPHARD MAGNET SCHOOL","label":"SHEPHARD MAGNET SCHOOL","precinct_norm":"DURHAM - 42"},"geometry":{"type":"Point","coordinates":[-78.901826,35.959415]}},{"type":"Feature","properties":{"county_nam":"BUNCOMBE","prec_id":"42.1","enr_desc":"HAZEL 1 - EMMA ELEMENTARY SCHOOL","name":"HAZEL 1 - EMMA ELEMENTARY SCHOOL","label":"HAZEL 1 - EMMA ELEMENTARY SCHOOL","precinct_norm":"BUNCOMBE - 42.1"},"geometry":{"type":"Point","coordinates":[-82.602488,35.609039]}},{"type":"Feature","properties":{"county_nam":"MECKLENBURG","prec_id":"240","enr_desc":"240","name":"240","label":"240","precinct_norm":"MECKLENBURG - 240"},"geometry":{"type":"Point","coordinates":[-80.892312,35.457011]}},{"type":"Feature","properties":{"county_nam":"MECKLENBURG","prec_id":"241","enr_desc":"241","name":"241","label":"241","precinct_norm":"MECKLENBURG - 241"},"geometry":{"type":"Point","coordinates":[-80.813036,35.39479]}},{"type":"Feature","properties":{"county_nam":"DAVIDSON","prec_id":"44","enr_desc":"MIDWAY 44","name":"MIDWAY 44","label":"MIDWAY 44","precinct_norm":"DAVIDSON - 44"},"geometry":{"type":"Point","coordinates":[-80.186708,35.94793]}},{"type":"Feature","properties":{"county_nam":"BUNCOMBE","prec_id":"44.1","enr_desc":"LOWER HOMINY 1 - OAK FOREST PRESBYTERIAN","name":"LOWER HOMINY 1 - OAK FOREST PRESBYTERIAN","label":"LOWER HOMINY 1 - OAK FOREST PRESBYTERIAN","precinct_norm":"BUNCOMBE - 44.1"},"geometry":{"type":"Point","coordinates":[-82.622591,35.528827]}},{"type":"Feature","properties":{"county_nam":"DURHAM","prec_id":"45","enr_desc":"TEMPLE BAPTIST CHURCH","name":"TEMPLE BAPTIST CHURCH","label":"TEMPLE BAPTIST CHURCH","precinct_norm":"DURHAM - 45"},"geometry":{"type":"Point","coordinates":[-78.929818,36.077142]}},{"type":"Feature","properties":{"county_nam":"GASTON","prec_id":"22A","enr_desc":"EAST MOUNT HOLLY","name":"EAST MOUNT HOLLY","label":"EAST MOUNT HOLLY","precinct_norm":"GASTON - 22A"},"geometry":{"type":"Point","coordinates":[-81.007921,35.318943]}},{"type":"Feature","properties":{"county_nam":"ROWAN","prec_id":"45","enr_desc":"ELLIS","name":"ELLIS","label":"ELLIS","precinct_norm":"ROWAN - 45"},"geometry":{"type":"Point","coordinates":[-80.452669,35.719605]}},{"type":"Feature","properties":{"county_nam":"BUNCOMBE","prec_id":"45.1","enr_desc":"ENKA MIDDLE SCHOOL","name":"ENKA MIDDLE SCHOOL","label":"ENKA MIDDLE SCHOOL","precinct_norm":"BUNCOMBE - 45.1"},"geometry":{"type":"Point","coordinates":[-82.652014,35.570265]}},{"type":"Feature","properties":{"county_nam":"DAVIDSON","prec_id":"46","enr_desc":"NORTH DAVIDSON 46","name":"NORTH DAVIDSON 46","label":"NORTH DAVIDSON 46","precinct_norm":"DAVIDSON - 46"},"geometry":{"type":"Point","coordinates":[-80.252945,35.923604]}},{"type":"Feature","properties":{"county_nam":"MECKLENBURG","prec_id":"242","enr_desc":"242","name":"242","label":"242","precinct_norm":"MECKLENBURG - 242"},"geometry":{"type":"Point","coordinates":[-80.922421,35.468747]}},{"type":"Feature","properties":{"county_nam":"MECKLENBURG","prec_id":"243","enr_desc":"243","name":"243","label":"243","precinct_norm":"MECKLENBURG - 243"},"geometry":{"type":"Point","coordinates":[-81.009167,35.122719]}},{"type":"Feature","properties":{"county_nam":"DURHAM","prec_id":"25","enr_desc":"NORTHERN HIGH SCHOOL","name":"NORTHERN HIGH SCHOOL","label":"NORTHERN HIGH SCHOOL","precinct_norm":"DURHAM - 25"},"geometry":{"type":"Point","coordinates":[-78.915052,36.132319]}},{"type":"Feature","properties":{"county_nam":"ROBESON","prec_id":"25","enr_desc":"RAFT SWAMP","name":"RAFT SWAMP","label":"RAFT SWAMP","precinct_norm":"ROBESON - 25"},"geometry":{"type":"Point","coordinates":[-79.109759,34.662352]}},{"type":"Feature","properties":{"county_nam":"CATAWBA","prec_id":"25","enr_desc":"NORTH NEWTON","name":"NORTH NEWTON","label":"NORTH NEWTON","precinct_norm":"CATAWBA - 25"},"geometry":{"type":"Point","coordinates":[-81.226523,35.684222]}},{"type":"Feature","properties":{"county_nam":"ROWAN","prec_id":"25","enr_desc":"ROCKWELL","name":"ROCKWELL","label":"ROCKWELL","precinct_norm":"ROWAN - 25"},"geometry":{"type":"Point","coordinates":[-80.391364,35.54287]}},{"type":"Feature","properties":{"county_nam":"BUNCOMBE","prec_id":"25.1","enr_desc":"CHARLES C BELL SCHOOL","name":"CHARLES C BELL SCHOOL","label":"CHARLES C BELL SCHOOL","precinct_norm":"BUNCOMBE - 25.1"},"geometry":{"type":"Point","coordinates":[-82.494056,35.59011]}},{"type":"Feature","properties":{"county_nam":"WAYNE","prec_id":"2530","enr_desc":"2530","name":"2530","label":"2530","precinct_norm":"WAYNE - 2530"},"geometry":{"type":"Point","coordinates":[-78.097086,35.223595]}},{"type":"Feature","properties":{"county_nam":"WAYNE","prec_id":"29","enr_desc":"29","name":"29","label":"29","precinct_norm":"WAYNE - 29"},"geometry":{"type":"Point","coordinates":[-77.978629,35.386327]}},{"type":"Feature","properties":{"county_nam":"CATAWBA","prec_id":"26","enr_desc":"OAKLAND HEIGHTS","name":"OAKLAND HEIGHTS","label":"OAKLAND HEIGHTS","precinct_norm":"CATAWBA - 26"},"geometry":{"type":"Point","coordinates":[-81.36018,35.754189]}},{"type":"Feature","properties":{"county_nam":"DAVIDSON","prec_id":"26","enr_desc":"LEXINGTON 3 26","name":"LEXINGTON 3 26","label":"LEXINGTON 3 26","precinct_norm":"DAVIDSON - 26"},"geometry":{"type":"Point","coordinates":[-80.292977,35.849588]}},{"type":"Feature","properties":{"county_nam":"DURHAM","prec_id":"26","enr_desc":"BAHAMA VFD - ROUGEMONT STATION","name":"BAHAMA VFD - ROUGEMONT STATION","label":"BAHAMA VFD - ROUGEMONT STATION","precinct_norm":"DURHAM - 26"},"geometry":{"type":"Point","coordinates":[-78.93119,36.188504]}},{"type":"Feature","properties":{"county_nam":"ROWAN","prec_id":"26","enr_desc":"GOLD KNOB","name":"GOLD KNOB","label":"GOLD KNOB","precinct_norm":"ROWAN - 26"},"geometry":{"type":"Point","coordinates":[-80.386379,35.582445]}},{"type":"Feature","properties":{"county_nam":"WAYNE","prec_id":"26","enr_desc":"26","name":"26","label":"26","precinct_norm":"WAYNE - 26"},"geometry":{"type":"Point","coordinates":[-78.041374,35.264323]}},{"type":"Feature","properties":{"county_nam":"BUNCOMBE","prec_id":"26.1","enr_desc":"ASHEVILLE SCHOOL ATHLETIC CENTER","name":"ASHEVILLE SCHOOL ATHLETIC CENTER","label":"ASHEVILLE SCHOOL ATHLETIC CENTER","precinct_norm":"BUNCOMBE - 26.1"},"geometry":{"type":"Point","coordinates":[-82.615431,35.573149]}},{"type":"Feature","properties":{"county_nam":"ROBESON","prec_id":"26A","enr_desc":"RED SPRINGS","name":"RED SPRINGS","label":"RED SPRINGS","precinct_norm":"ROBESON - 26A"},"geometry":{"type":"Point","coordinates":[-79.176648,34.814337]}},{"type":"Feature","properties":{"county_nam":"GASTON","prec_id":"40A","enr_desc":"SOUTH POINT","name":"SOUTH POINT","label":"SOUTH POINT","precinct_norm":"GASTON - 40A"},"geometry":{"type":"Point","coordinates":[-81.021572,35.189972]}},{"type":"Feature","properties":{"county_nam":"RUTHERFORD","prec_id":"27","enr_desc":"RUTHERFORDTON 1","name":"RUTHERFORDTON 1","label":"RUTHERFORDTON 1","precinct_norm":"RUTHERFORD - 27"},"geometry":{"type":"Point","coordinates":[-81.980924,35.367862]}},{"type":"Feature","properties":{"county_nam":"RUTHERFORD","prec_id":"29","enr_desc":"SANDY MUSH","name":"SANDY MUSH","label":"SANDY MUSH","precinct_norm":"RUTHERFORD - 29"},"geometry":{"type":"Point","coordinates":[-81.849433,35.294735]}},{"type":"Feature","properties":{"county_nam":"DURHAM","prec_id":"27","enr_desc":"CREEKSIDE ELEMENTARY","name":"CREEKSIDE ELEMENTARY","label":"CREEKSIDE ELEMENTARY","precinct_norm":"DURHAM - 27"},"geometry":{"type":"Point","coordinates":[-79.000307,35.927214]}},{"type":"Feature","properties":{"county_nam":"ROWAN","prec_id":"27","enr_desc":"SCOTCH IRISH","name":"SCOTCH IRISH","label":"SCOTCH IRISH","precinct_norm":"ROWAN - 27"},"geometry":{"type":"Point","coordinates":[-80.663046,35.812238]}},{"type":"Feature","properties":{"county_nam":"CATAWBA","prec_id":"27","enr_desc":"OXFORD","name":"OXFORD","label":"OXFORD","precinct_norm":"CATAWBA - 27"},"geometry":{"type":"Point","coordinates":[-81.149373,35.777979]}},{"type":"Feature","properties":{"county_nam":"CHATHAM","prec_id":"3","enr_desc":"ALBRIGHT","name":"ALBRIGHT","label":"ALBRIGHT","precinct_norm":"CHATHAM - 3"},"geometry":{"type":"Point","coordinates":[-79.452533,35.80536]}},{"type":"Feature","properties":{"county_nam":"GATES","prec_id":"3","enr_desc":"PRECINCT 3","name":"PRECINCT 3","label":"PRECINCT 3","precinct_norm":"GATES - 3"},"geometry":{"type":"Point","coordinates":[-76.82608,36.499069]}},{"type":"Feature","properties":{"county_nam":"DAVIDSON","prec_id":"30","enr_desc":"DUNBAR 30","name":"DUNBAR 30","label":"DUNBAR 30","precinct_norm":"DAVIDSON - 30"},"geometry":{"type":"Point","coordinates":[-80.282649,35.793098]}},{"type":"Feature","properties":{"county_nam":"DURHAM","prec_id":"47","enr_desc":"HOLMES RECREATION CENTER","name":"HOLMES RECREATION CENTER","label":"HOLMES RECREATION CENTER","precinct_norm":"DURHAM - 47"},"geometry":{"type":"Point","coordinates":[-78.885496,35.952705]}},{"type":"Feature","properties":{"county_nam":"BUNCOMBE","prec_id":"47.1","enr_desc":"UPPER HOMINY 1 - PISGAH ELEMENTARY","name":"UPPER HOMINY 1 - PISGAH ELEMENTARY","label":"UPPER HOMINY 1 - PISGAH ELEMENTARY","precinct_norm":"BUNCOMBE - 47.1"},"geometry":{"type":"Point","coordinates":[-82.731016,35.476665]}},{"type":"Feature","properties":{"county_nam":"WAYNE","prec_id":"27","enr_desc":"27","name":"27","label":"27","precinct_norm":"WAYNE - 27"},"geometry":{"type":"Point","coordinates":[-78.02888,35.312994]}},{"type":"Feature","properties":{"county_nam":"BUNCOMBE","prec_id":"27.2","enr_desc":"BEAVERDAM COMMUNITY CENTER","name":"BEAVERDAM COMMUNITY CENTER","label":"BEAVERDAM COMMUNITY CENTER","precinct_norm":"BUNCOMBE - 27.2"},"geometry":{"type":"Point","coordinates":[-82.508153,35.64428]}},{"type":"Feature","properties":{"county_nam":"DAVIDSON","prec_id":"48","enr_desc":"REEDS/YADKIN COLLEGE 48","name":"REEDS/YADKIN COLLEGE 48","label":"REEDS/YADKIN COLLEGE 48","precinct_norm":"DAVIDSON - 48"},"geometry":{"type":"Point","coordinates":[-80.34772,35.856272]}},{"type":"Feature","properties":{"county_nam":"BUNCOMBE","prec_id":"48.1","enr_desc":"HOMINY VALLEY ELEMENTARY","name":"HOMINY VALLEY ELEMENTARY","label":"HOMINY VALLEY ELEMENTARY","precinct_norm":"BUNCOMBE - 48.1"},"geometry":{"type":"Point","coordinates":[-82.693748,35.560672]}},{"type":"Feature","properties":{"county_nam":"BUNCOMBE","prec_id":"49.1","enr_desc":"UPPER HOMINY 3 - POLE CREEK BAPTIST","name":"UPPER HOMINY 3 - POLE CREEK BAPTIST","label":"UPPER HOMINY 3 - POLE CREEK BAPTIST","precinct_norm":"BUNCOMBE - 49.1"},"geometry":{"type":"Point","coordinates":[-82.743289,35.555493]}},{"type":"Feature","properties":{"county_nam":"CATAWBA","prec_id":"28","enr_desc":"ST STEPHENS 1","name":"ST STEPHENS 1","label":"ST STEPHENS 1","precinct_norm":"CATAWBA - 28"},"geometry":{"type":"Point","coordinates":[-81.274089,35.739956]}},{"type":"Feature","properties":{"county_nam":"WAYNE","prec_id":"28","enr_desc":"28","name":"28","label":"28","precinct_norm":"WAYNE - 28"},"geometry":{"type":"Point","coordinates":[-77.967674,35.251701]}},{"type":"Feature","properties":{"county_nam":"RUTHERFORD","prec_id":"28","enr_desc":"RUTHERFORDTON 2","name":"RUTHERFORDTON 2","label":"RUTHERFORDTON 2","precinct_norm":"RUTHERFORD - 28"},"geometry":{"type":"Point","coordinates":[-81.948645,35.373695]}},{"type":"Feature","properties":{"county_nam":"DURHAM","prec_id":"28","enr_desc":"BAHAMA RURITAN CLUB","name":"BAHAMA RURITAN CLUB","label":"BAHAMA RURITAN CLUB","precinct_norm":"DURHAM - 28"},"geometry":{"type":"Point","coordinates":[-78.854871,36.1548]}},{"type":"Feature","properties":{"county_nam":"ROBESON","prec_id":"28","enr_desc":"RENNERT","name":"RENNERT","label":"RENNERT","precinct_norm":"ROBESON - 28"},"geometry":{"type":"Point","coordinates":[-79.070366,34.81146]}},{"type":"Feature","properties":{"county_nam":"DAVIDSON","prec_id":"28","enr_desc":"LEXINGTON 4 28","name":"LEXINGTON 4 28","label":"LEXINGTON 4 28","precinct_norm":"DAVIDSON - 28"},"geometry":{"type":"Point","coordinates":[-80.3099,35.796327]}},{"type":"Feature","properties":{"county_nam":"ROWAN","prec_id":"28","enr_desc":"SPENCER","name":"SPENCER","label":"SPENCER","precinct_norm":"ROWAN - 28"},"geometry":{"type":"Point","coordinates":[-80.426144,35.701992]}},{"type":"Feature","properties":{"county_nam":"BUNCOMBE","prec_id":"28.1","enr_desc":"COVENANT REFORMED PRESBYTERIAN","name":"COVENANT REFORMED PRESBYTERIAN","label":"COVENANT REFORMED PRESBYTERIAN","precinct_norm":"BUNCOMBE - 28.1"},"geometry":{"type":"Point","coordinates":[-82.55535,35.618233]}},{"type":"Feature","properties":{"county_nam":"ROBESON","prec_id":"29","enr_desc":"ROWLAND","name":"ROWLAND","label":"ROWLAND","precinct_norm":"ROBESON - 29"},"geometry":{"type":"Point","coordinates":[-79.295195,34.535885]}},{"type":"Feature","properties":{"county_nam":"DURHAM","prec_id":"29","enr_desc":"GLENN ELEMENTARY","name":"GLENN ELEMENTARY","label":"GLENN ELEMENTARY","precinct_norm":"DURHAM - 29"},"geometry":{"type":"Point","coordinates":[-78.813342,36.050776]}},{"type":"Feature","properties":{"county_nam":"ROWAN","prec_id":"29","enr_desc":"STEELE","name":"STEELE","label":"STEELE","precinct_norm":"ROWAN - 29"},"geometry":{"type":"Point","coordinates":[-80.645112,35.68533]}},{"type":"Feature","properties":{"county_nam":"BUNCOMBE","prec_id":"29.2","enr_desc":"NEW HOPE PRESBYTERIAN","name":"NEW HOPE PRESBYTERIAN","label":"NEW HOPE PRESBYTERIAN","precinct_norm":"BUNCOMBE - 29.2"},"geometry":{"type":"Point","coordinates":[-82.520353,35.488322]}},{"type":"Feature","properties":{"county_nam":"PAMLICO","prec_id":"2OT","enr_desc":"ORIENTAL","name":"ORIENTAL","label":"ORIENTAL","precinct_norm":"PAMLICO - 2OT"},"geometry":{"type":"Point","coordinates":[-76.578221,35.094372]}},{"type":"Feature","properties":{"county_nam":"TYRRELL","prec_id":"3","enr_desc":"GUMNECK","name":"GUMNECK","label":"GUMNECK","precinct_norm":"TYRRELL - 3"},"geometry":{"type":"Point","coordinates":[-76.172603,35.750017]}},{"type":"Feature","properties":{"county_nam":"CHOWAN","prec_id":"3","enr_desc":"ROCKY HOCK","name":"ROCKY HOCK","label":"ROCKY HOCK","precinct_norm":"CHOWAN - 3"},"geometry":{"type":"Point","coordinates":[-76.698093,36.1691]}},{"type":"Feature","properties":{"county_nam":"CATAWBA","prec_id":"30","enr_desc":"SANDY RIDGE","name":"SANDY RIDGE","label":"SANDY RIDGE","precinct_norm":"CATAWBA - 30"},"geometry":{"type":"Point","coordinates":[-81.287777,35.762028]}},{"type":"Feature","properties":{"county_nam":"RUTHERFORD","prec_id":"30","enr_desc":"SPINDALE","name":"SPINDALE","label":"SPINDALE","precinct_norm":"RUTHERFORD - 30"},"geometry":{"type":"Point","coordinates":[-81.927683,35.344481]}},{"type":"Feature","properties":{"county_nam":"ROBESON","prec_id":"30","enr_desc":"SADDLETREE","name":"SADDLETREE","label":"SADDLETREE","precinct_norm":"ROBESON - 30"},"geometry":{"type":"Point","coordinates":[-79.021316,34.719009]}},{"type":"Feature","properties":{"county_nam":"CHATHAM","prec_id":"30","enr_desc":"HICKORY MOUNTAIN","name":"HICKORY MOUNTAIN","label":"HICKORY MOUNTAIN","precinct_norm":"CHATHAM - 30"},"geometry":{"type":"Point","coordinates":[-79.313833,35.719832]}},{"type":"Feature","properties":{"county_nam":"ROWAN","prec_id":"30","enr_desc":"SUMNER","name":"SUMNER","label":"SUMNER","precinct_norm":"ROWAN - 30"},"geometry":{"type":"Point","coordinates":[-80.5145,35.629346]}},{"type":"Feature","properties":{"county_nam":"DURHAM","prec_id":"30-2","enr_desc":"SOUTHERN HIGH SCHOOL","name":"SOUTHERN HIGH SCHOOL","label":"SOUTHERN HIGH SCHOOL","precinct_norm":"DURHAM - 30-2"},"geometry":{"type":"Point","coordinates":[-78.809532,36.001111]}},{"type":"Feature","properties":{"county_nam":"BUNCOMBE","prec_id":"30.2","enr_desc":"AVERYS CREEK ELEMENTARY SCHOOL","name":"AVERYS CREEK ELEMENTARY SCHOOL","label":"AVERYS CREEK ELEMENTARY SCHOOL","precinct_norm":"BUNCOMBE - 30.2"},"geometry":{"type":"Point","coordinates":[-82.601257,35.467938]}},{"type":"Feature","properties":{"county_nam":"BUNCOMBE","prec_id":"30.3","enr_desc":"AVERYS CREEK COMMUNITY CENTER","name":"AVERYS CREEK COMMUNITY CENTER","label":"AVERYS CREEK COMMUNITY CENTER","precinct_norm":"BUNCOMBE - 30.3"},"geometry":{"type":"Point","coordinates":[-82.570473,35.456324]}},{"type":"Feature","properties":{"county_nam":"DAVIDSON","prec_id":"32","enr_desc":"ROBBINS 32","name":"ROBBINS 32","label":"ROBBINS 32","precinct_norm":"DAVIDSON - 32"},"geometry":{"type":"Point","coordinates":[-80.270345,35.81374]}},{"type":"Feature","properties":{"county_nam":"ROWAN","prec_id":"32","enr_desc":"UNITY","name":"UNITY","label":"UNITY","precinct_norm":"ROWAN - 32"},"geometry":{"type":"Point","coordinates":[-80.572872,35.770296]}},{"type":"Feature","properties":{"county_nam":"CATAWBA","prec_id":"32","enr_desc":"SOUTH NEWTON","name":"SOUTH NEWTON","label":"SOUTH NEWTON","precinct_norm":"CATAWBA - 32"},"geometry":{"type":"Point","coordinates":[-81.201012,35.633046]}},{"type":"Feature","properties":{"county_nam":"BUNCOMBE","prec_id":"32.1","enr_desc":"BLACK MOUNTAIN 1 - OWEN MIDDLE SCHOOL","name":"BLACK MOUNTAIN 1 - OWEN MIDDLE SCHOOL","label":"BLACK MOUNTAIN 1 - OWEN MIDDLE SCHOOL","precinct_norm":"BUNCOMBE - 32.1"},"geometry":{"type":"Point","coordinates":[-82.361383,35.656144]}},{"type":"Feature","properties":{"county_nam":"ROBESON","prec_id":"32A","enr_desc":"ST PAULS","name":"ST PAULS","label":"ST PAULS","precinct_norm":"ROBESON - 32A"},"geometry":{"type":"Point","coordinates":[-78.961828,34.802142]}},{"type":"Feature","properties":{"county_nam":"CATAWBA","prec_id":"33","enr_desc":"SPRINGS","name":"SPRINGS","label":"SPRINGS","precinct_norm":"CATAWBA - 33"},"geometry":{"type":"Point","coordinates":[-81.215872,35.775105]}},{"type":"Feature","properties":{"county_nam":"ROBESON","prec_id":"33","enr_desc":"SHANNON","name":"SHANNON","label":"SHANNON","precinct_norm":"ROBESON - 33"},"geometry":{"type":"Point","coordinates":[-79.127099,34.8491]}},{"type":"Feature","properties":{"county_nam":"GASTON","prec_id":"9A","enr_desc":"TRYON","name":"TRYON","label":"TRYON","precinct_norm":"GASTON - 9A"},"geometry":{"type":"Point","coordinates":[-81.304667,35.334445]}},{"type":"Feature","properties":{"county_nam":"ROWAN","prec_id":"33","enr_desc":"BOSTIAN SCHOOL","name":"BOSTIAN SCHOOL","label":"BOSTIAN SCHOOL","precinct_norm":"ROWAN - 33"},"geometry":{"type":"Point","coordinates":[-80.553991,35.537727]}},{"type":"Feature","properties":{"county_nam":"BUNCOMBE","prec_id":"33.2","enr_desc":"BLACK MOUNTAIN PRIMARY SCHOOL","name":"BLACK MOUNTAIN PRIMARY SCHOOL","label":"BLACK MOUNTAIN PRIMARY SCHOOL","precinct_norm":"BUNCOMBE - 33.2"},"geometry":{"type":"Point","coordinates":[-82.322729,35.608783]}},{"type":"Feature","properties":{"county_nam":"BUNCOMBE","prec_id":"33.3","enr_desc":"BLACK MOUNTAIN ELEMENTARY SCHOOL","name":"BLACK MOUNTAIN ELEMENTARY SCHOOL","label":"BLACK MOUNTAIN ELEMENTARY SCHOOL","precinct_norm":"BUNCOMBE - 33.3"},"geometry":{"type":"Point","coordinates":[-82.314926,35.628509]}},{"type":"Feature","properties":{"county_nam":"CATAWBA","prec_id":"34","enr_desc":"STARTOWN","name":"STARTOWN","label":"STARTOWN","precinct_norm":"CATAWBA - 34"},"geometry":{"type":"Point","coordinates":[-81.261653,35.617353]}},{"type":"Feature","properties":{"county_nam":"GASTON","prec_id":"12A","enr_desc":"LANDERS CHAPEL","name":"LANDERS CHAPEL","label":"LANDERS CHAPEL","precinct_norm":"GASTON - 12A"},"geometry":{"type":"Point","coordinates":[-81.273712,35.383856]}},{"type":"Feature","properties":{"county_nam":"ROWAN","prec_id":"34","enr_desc":"WEST WARD 2","name":"WEST WARD 2","label":"WEST WARD 2","precinct_norm":"ROWAN - 34"},"geometry":{"type":"Point","coordinates":[-80.490455,35.649269]}},{"type":"Feature","properties":{"county_nam":"DAVIDSON","prec_id":"34","enr_desc":"WESLEY HEIGHTS 34","name":"WESLEY HEIGHTS 34","label":"WESLEY HEIGHTS 34","precinct_norm":"DAVIDSON - 34"},"geometry":{"type":"Point","coordinates":[-80.258272,35.841664]}},{"type":"Feature","properties":{"county_nam":"ROBESON","prec_id":"34","enr_desc":"OXENDINE","name":"OXENDINE","label":"OXENDINE","precinct_norm":"ROBESON - 34"},"geometry":{"type":"Point","coordinates":[-79.280329,34.795153]}},{"type":"Feature","properties":{"county_nam":"RUTHERFORD","prec_id":"34","enr_desc":"UNION","name":"UNION","label":"UNION","precinct_norm":"RUTHERFORD - 34"},"geometry":{"type":"Point","coordinates":[-81.983221,35.300043]}},{"type":"Feature","properties":{"county_nam":"DURHAM","prec_id":"34-2","enr_desc":"IVY COMMUNITY CENTER","name":"IVY COMMUNITY CENTER","label":"IVY COMMUNITY CENTER","precinct_norm":"DURHAM - 34-2"},"geometry":{"type":"Point","coordinates":[-78.90594,35.942329]}},{"type":"Feature","properties":{"county_nam":"BUNCOMBE","prec_id":"34.1","enr_desc":"BLACK MOUNTAIN 3 - LAKE TOMAHAWK","name":"BLACK MOUNTAIN 3 - LAKE TOMAHAWK","label":"BLACK MOUNTAIN 3 - LAKE TOMAHAWK","precinct_norm":"BUNCOMBE - 34.1"},"geometry":{"type":"Point","coordinates":[-82.326914,35.620494]}},{"type":"Feature","properties":{"county_nam":"CATAWBA","prec_id":"35","enr_desc":"SWEETWATER","name":"SWEETWATER","label":"SWEETWATER","precinct_norm":"CATAWBA - 35"},"geometry":{"type":"Point","coordinates":[-81.291036,35.697044]}},{"type":"Feature","properties":{"county_nam":"ROBESON","prec_id":"35","enr_desc":"PROSPECT","name":"PROSPECT","label":"PROSPECT","precinct_norm":"ROBESON - 35"},"geometry":{"type":"Point","coordinates":[-79.259132,34.74172]}},{"type":"Feature","properties":{"county_nam":"ROWAN","prec_id":"35","enr_desc":"WEST WARD 1","name":"WEST WARD 1","label":"WEST WARD 1","precinct_norm":"ROWAN - 35"},"geometry":{"type":"Point","coordinates":[-80.489374,35.66622]}},{"type":"Feature","properties":{"county_nam":"DURHAM","prec_id":"54","enr_desc":"WATERFORD VILLAGE APTS","name":"WATERFORD VILLAGE APTS","label":"WATERFORD VILLAGE APTS","precinct_norm":"DURHAM - 54"},"geometry":{"type":"Point","coordinates":[-78.912258,35.914512]}},{"type":"Feature","properties":{"county_nam":"DAVIDSON","prec_id":"54","enr_desc":"SILVER VALLEY 54","name":"SILVER VALLEY 54","label":"SILVER VALLEY 54","precinct_norm":"DAVIDSON - 54"},"geometry":{"type":"Point","coordinates":[-80.112099,35.729484]}},{"type":"Feature","properties":{"county_nam":"BUNCOMBE","prec_id":"54.2","enr_desc":"LUTHERAN CHURCH OF THE NATIVITY","name":"LUTHERAN CHURCH OF THE NATIVITY","label":"LUTHERAN CHURCH OF THE NATIVITY","precinct_norm":"BUNCOMBE - 54.2"},"geometry":{"type":"Point","coordinates":[-82.564782,35.492507]}},{"type":"Feature","properties":{"county_nam":"BUNCOMBE","prec_id":"35.1","enr_desc":"BLACK MOUNTAIN 4 - CARVER COMMUNITY CENTER","name":"BLACK MOUNTAIN 4 - CARVER COMMUNITY CENTER","label":"BLACK MOUNTAIN 4 - CARVER COMMUNITY CENTER","precinct_norm":"BUNCOMBE - 35.1"},"geometry":{"type":"Point","coordinates":[-82.335389,35.618957]}},{"type":"Feature","properties":{"county_nam":"DAVIDSON","prec_id":"36","enr_desc":"GRIMES 36","name":"GRIMES 36","label":"GRIMES 36","precinct_norm":"DAVIDSON - 36"},"geometry":{"type":"Point","coordinates":[-80.251825,35.832961]}},{"type":"Feature","properties":{"county_nam":"CATAWBA","prec_id":"36","enr_desc":"VIEWMONT 1","name":"VIEWMONT 1","label":"VIEWMONT 1","precinct_norm":"CATAWBA - 36"},"geometry":{"type":"Point","coordinates":[-81.344069,35.760808]}},{"type":"Feature","properties":{"county_nam":"GASTON","prec_id":"11A","enr_desc":"NORTH CHERRYVILLE","name":"NORTH CHERRYVILLE","label":"NORTH CHERRYVILLE","precinct_norm":"GASTON - 11A"},"geometry":{"type":"Point","coordinates":[-81.390139,35.393995]}},{"type":"Feature","properties":{"county_nam":"ROBESON","prec_id":"36","enr_desc":"SMYRNA","name":"SMYRNA","label":"SMYRNA","precinct_norm":"ROBESON - 36"},"geometry":{"type":"Point","coordinates":[-79.039692,34.547032]}},{"type":"Feature","properties":{"county_nam":"BUNCOMBE","prec_id":"36.1","enr_desc":"BLACK MOUNTAIN 5 - MONTREAT CTR WALKUP BLDG","name":"BLACK MOUNTAIN 5 - MONTREAT CTR WALKUP BLDG","label":"BLACK MOUNTAIN 5 - MONTREAT CTR WALKUP BLDG","precinct_norm":"BUNCOMBE - 36.1"},"geometry":{"type":"Point","coordinates":[-82.309936,35.666565]}},{"type":"Feature","properties":{"county_nam":"DURHAM","prec_id":"55-11","enr_desc":"055-11","name":"055-11","label":"055-11","precinct_norm":"DURHAM - 55-11"},"geometry":{"type":"Point","coordinates":[-78.909455,35.968461]}},{"type":"Feature","properties":{"county_nam":"CATAWBA","prec_id":"37","enr_desc":"VIEWMONT 2","name":"VIEWMONT 2","label":"VIEWMONT 2","precinct_norm":"CATAWBA - 37"},"geometry":{"type":"Point","coordinates":[-81.322784,35.758903]}},{"type":"Feature","properties":{"county_nam":"CATAWBA","prec_id":"38","enr_desc":"FALLING CREEK","name":"FALLING CREEK","label":"FALLING CREEK","precinct_norm":"CATAWBA - 38"},"geometry":{"type":"Point","coordinates":[-81.305807,35.785969]}},{"type":"Feature","properties":{"county_nam":"ROWAN","prec_id":"38","enr_desc":"EAST WARD","name":"EAST WARD","label":"EAST WARD","precinct_norm":"ROWAN - 38"},"geometry":{"type":"Point","coordinates":[-80.450341,35.659651]}},{"type":"Feature","properties":{"county_nam":"DURHAM","prec_id":"55-49","enr_desc":"055-49","name":"055-49","label":"055-49","precinct_norm":"DURHAM - 55-49"},"geometry":{"type":"Point","coordinates":[-78.897544,35.973326]}},{"type":"Feature","properties":{"county_nam":"DURHAM","prec_id":"38","enr_desc":"HOPE VALLEY BAPTIST","name":"HOPE VALLEY BAPTIST","label":"HOPE VALLEY BAPTIST","precinct_norm":"DURHAM - 38"},"geometry":{"type":"Point","coordinates":[-78.974036,35.937418]}},{"type":"Feature","properties":{"county_nam":"DAVIDSON","prec_id":"38","enr_desc":"EASTSIDE 38","name":"EASTSIDE 38","label":"EASTSIDE 38","precinct_norm":"DAVIDSON - 38"},"geometry":{"type":"Point","coordinates":[-80.232983,35.819418]}},{"type":"Feature","properties":{"county_nam":"GASTON","prec_id":"13A","enr_desc":"HIGH SHOALS","name":"HIGH SHOALS","label":"HIGH SHOALS","precinct_norm":"GASTON - 13A"},"geometry":{"type":"Point","coordinates":[-81.199826,35.371099]}},{"type":"Feature","properties":{"county_nam":"ROBESON","prec_id":"38","enr_desc":"THOMPSON","name":"THOMPSON","label":"THOMPSON","precinct_norm":"ROBESON - 38"},"geometry":{"type":"Point","coordinates":[-79.187458,34.526357]}},{"type":"Feature","properties":{"county_nam":"BUNCOMBE","prec_id":"38.2","enr_desc":"CANE CREEK MIDDLE SCHOOL","name":"CANE CREEK MIDDLE SCHOOL","label":"CANE CREEK MIDDLE SCHOOL","precinct_norm":"BUNCOMBE - 38.2"},"geometry":{"type":"Point","coordinates":[-82.396026,35.487926]}},{"type":"Feature","properties":{"county_nam":"BUNCOMBE","prec_id":"38.3","enr_desc":"TRINITY OF FAIRVIEW CHURCH","name":"TRINITY OF FAIRVIEW CHURCH","label":"TRINITY OF FAIRVIEW CHURCH","precinct_norm":"BUNCOMBE - 38.3"},"geometry":{"type":"Point","coordinates":[-82.439266,35.505235]}},{"type":"Feature","properties":{"county_nam":"GASTON","prec_id":"19A","enr_desc":"ALEXIS","name":"ALEXIS","label":"ALEXIS","precinct_norm":"GASTON - 19A"},"geometry":{"type":"Point","coordinates":[-81.138676,35.363726]}},{"type":"Feature","properties":{"county_nam":"CATAWBA","prec_id":"39","enr_desc":"NORTHWEST","name":"NORTHWEST","label":"NORTHWEST","precinct_norm":"CATAWBA - 39"},"geometry":{"type":"Point","coordinates":[-81.333925,35.786147]}},{"type":"Feature","properties":{"county_nam":"ROWAN","prec_id":"39","enr_desc":"WEST INNES","name":"WEST INNES","label":"WEST INNES","precinct_norm":"ROWAN - 39"},"geometry":{"type":"Point","coordinates":[-80.481308,35.69283]}},{"type":"Feature","properties":{"county_nam":"ROBESON","prec_id":"39","enr_desc":"UNION","name":"UNION","label":"UNION","precinct_norm":"ROBESON - 39"},"geometry":{"type":"Point","coordinates":[-79.249355,34.610843]}},{"type":"Feature","properties":{"county_nam":"BUNCOMBE","prec_id":"39.2","enr_desc":"FAIRVIEW VOLUNTEER FIRE DEPT","name":"FAIRVIEW VOLUNTEER FIRE DEPT","label":"FAIRVIEW VOLUNTEER FIRE DEPT","precinct_norm":"BUNCOMBE - 39.2"},"geometry":{"type":"Point","coordinates":[-82.369471,35.520401]}},{"type":"Feature","properties":{"county_nam":"BUNCOMBE","prec_id":"39.3","enr_desc":"FAIRVIEW COMMUNITY CENTER","name":"FAIRVIEW COMMUNITY CENTER","label":"FAIRVIEW COMMUNITY CENTER","precinct_norm":"BUNCOMBE - 39.3"},"geometry":{"type":"Point","coordinates":[-82.394159,35.547587]}},{"type":"Feature","properties":{"county_nam":"CHOWAN","prec_id":"4","enr_desc":"CENTER HILL","name":"CENTER HILL","label":"CENTER HILL","precinct_norm":"CHOWAN - 4"},"geometry":{"type":"Point","coordinates":[-76.622421,36.196376]}},{"type":"Feature","properties":{"county_nam":"ROBESON","prec_id":"40","enr_desc":"WHITEHOUSE","name":"WHITEHOUSE","label":"WHITEHOUSE","precinct_norm":"ROBESON - 40"},"geometry":{"type":"Point","coordinates":[-79.140116,34.387888]}},{"type":"Feature","properties":{"county_nam":"DAVIDSON","prec_id":"40","enr_desc":"MUNICIPAL 40","name":"MUNICIPAL 40","label":"MUNICIPAL 40","precinct_norm":"DAVIDSON - 40"},"geometry":{"type":"Point","coordinates":[-80.24562,35.790928]}},{"type":"Feature","properties":{"county_nam":"GASTON","prec_id":"14A","enr_desc":"DALLAS SW","name":"DALLAS SW","label":"DALLAS SW","precinct_norm":"GASTON - 14A"},"geometry":{"type":"Point","coordinates":[-81.230818,35.320468]}},{"type":"Feature","properties":{"county_nam":"CATAWBA","prec_id":"40","enr_desc":"WEST NEWTON","name":"WEST NEWTON","label":"WEST NEWTON","precinct_norm":"CATAWBA - 40"},"geometry":{"type":"Point","coordinates":[-81.238786,35.668834]}},{"type":"Feature","properties":{"county_nam":"ROWAN","prec_id":"40","enr_desc":"NORTH WARD","name":"NORTH WARD","label":"NORTH WARD","precinct_norm":"ROWAN - 40"},"geometry":{"type":"Point","coordinates":[-80.465047,35.680158]}},{"type":"Feature","properties":{"county_nam":"DURHAM","prec_id":"40","enr_desc":"ROGERS-HERR MIDDLE SCHOOL","name":"ROGERS-HERR MIDDLE SCHOOL","label":"ROGERS-HERR MIDDLE SCHOOL","precinct_norm":"DURHAM - 40"},"geometry":{"type":"Point","coordinates":[-78.928186,35.977832]}},{"type":"Feature","properties":{"county_nam":"BUNCOMBE","prec_id":"40.2","enr_desc":"FLAT CREEK - NORTH BUNCOMBE ELEMENTARY","name":"FLAT CREEK - NORTH BUNCOMBE ELEMENTARY","label":"FLAT CREEK - NORTH BUNCOMBE ELEMENTARY","precinct_norm":"BUNCOMBE - 40.2"},"geometry":{"type":"Point","coordinates":[-82.576625,35.755783]}},{"type":"Feature","properties":{"county_nam":"CATAWBA","prec_id":"41","enr_desc":"LAKE NORMAN","name":"LAKE NORMAN","label":"LAKE NORMAN","precinct_norm":"CATAWBA - 41"},"geometry":{"type":"Point","coordinates":[-80.980189,35.57595]}},{"type":"Feature","properties":{"county_nam":"ROBESON","prec_id":"41","enr_desc":"WISHARTS","name":"WISHARTS","label":"WISHARTS","precinct_norm":"ROBESON - 41"},"geometry":{"type":"Point","coordinates":[-78.90539,34.548079]}},{"type":"Feature","properties":{"county_nam":"ROWAN","prec_id":"41","enr_desc":"MILFORD HILLS CITY","name":"MILFORD HILLS CITY","label":"MILFORD HILLS CITY","precinct_norm":"ROWAN - 41"},"geometry":{"type":"Point","coordinates":[-80.505731,35.694854]}},{"type":"Feature","properties":{"county_nam":"DURHAM","prec_id":"41","enr_desc":"WHITE ROCK BAPTIST CHURCH","name":"WHITE ROCK BAPTIST CHURCH","label":"WHITE ROCK BAPTIST CHURCH","precinct_norm":"DURHAM - 41"},"geometry":{"type":"Point","coordinates":[-78.915363,35.955602]}},{"type":"Feature","properties":{"county_nam":"GASTON","prec_id":"18A","enr_desc":"DALLAS NE","name":"DALLAS NE","label":"DALLAS NE","precinct_norm":"GASTON - 18A"},"geometry":{"type":"Point","coordinates":[-81.16516,35.329761]}},{"type":"Feature","properties":{"county_nam":"BUNCOMBE","prec_id":"41.1","enr_desc":"FRENCH BROAD FIRE DEPT","name":"FRENCH BROAD FIRE DEPT","label":"FRENCH BROAD FIRE DEPT","precinct_norm":"BUNCOMBE - 41.1"},"geometry":{"type":"Point","coordinates":[-82.635004,35.712494]}},{"type":"Feature","properties":{"county_nam":"DAVIDSON","prec_id":"42","enr_desc":"LIBERTY 42","name":"LIBERTY 42","label":"LIBERTY 42","precinct_norm":"DAVIDSON - 42"},"geometry":{"type":"Point","coordinates":[-80.087328,35.787202]}},{"type":"Feature","properties":{"county_nam":"GASTON","prec_id":"21A","enr_desc":"LUCIA","name":"LUCIA","label":"LUCIA","precinct_norm":"GASTON - 21A"},"geometry":{"type":"Point","coordinates":[-81.008909,35.370274]}},{"type":"Feature","properties":{"county_nam":"DURHAM","prec_id":"43","enr_desc":"FOREST VIEW ELEMENTARY","name":"FOREST VIEW ELEMENTARY","label":"FOREST VIEW ELEMENTARY","precinct_norm":"DURHAM - 43"},"geometry":{"type":"Point","coordinates":[-78.97646,35.986802]}},{"type":"Feature","properties":{"county_nam":"GASTON","prec_id":"20A","enr_desc":"STANLEY CREEK","name":"STANLEY CREEK","label":"STANLEY CREEK","precinct_norm":"GASTON - 20A"},"geometry":{"type":"Point","coordinates":[-81.058521,35.358932]}},{"type":"Feature","properties":{"county_nam":"BUNCOMBE","prec_id":"43.2","enr_desc":"HAZEL 2 - JOHNSTON SCHOOL","name":"HAZEL 2 - JOHNSTON SCHOOL","label":"HAZEL 2 - JOHNSTON SCHOOL","precinct_norm":"BUNCOMBE - 43.2"},"geometry":{"type":"Point","coordinates":[-82.634156,35.593022]}},{"type":"Feature","properties":{"county_nam":"ROWAN","prec_id":"44","enr_desc":"WEST ENOCHVILLE","name":"WEST ENOCHVILLE","label":"WEST ENOCHVILLE","precinct_norm":"ROWAN - 44"},"geometry":{"type":"Point","coordinates":[-80.703237,35.535026]}},{"type":"Feature","properties":{"county_nam":"GASTON","prec_id":"24A","enr_desc":"SPRINGFIELD","name":"SPRINGFIELD","label":"SPRINGFIELD","precinct_norm":"GASTON - 24A"},"geometry":{"type":"Point","coordinates":[-81.089092,35.333992]}},{"type":"Feature","properties":{"county_nam":"DURHAM","prec_id":"44","enr_desc":"NORTH REGIONAL LIBRARY","name":"NORTH REGIONAL LIBRARY","label":"NORTH REGIONAL LIBRARY","precinct_norm":"DURHAM - 44"},"geometry":{"type":"Point","coordinates":[-78.946475,36.106816]}},{"type":"Feature","properties":{"county_nam":"DURHAM","prec_id":"46","enr_desc":"EDISON JOHNSON CENTER","name":"EDISON JOHNSON CENTER","label":"EDISON JOHNSON CENTER","precinct_norm":"DURHAM - 46"},"geometry":{"type":"Point","coordinates":[-78.907729,36.041791]}},{"type":"Feature","properties":{"county_nam":"GASTON","prec_id":"23A","enr_desc":"WEST MOUNT HOLLY","name":"WEST MOUNT HOLLY","label":"WEST MOUNT HOLLY","precinct_norm":"GASTON - 23A"},"geometry":{"type":"Point","coordinates":[-81.048236,35.302592]}},{"type":"Feature","properties":{"county_nam":"BUNCOMBE","prec_id":"46.1","enr_desc":"LOWER HOMINY 3 - ARBORETUM MAIN BLDG ROOM 1","name":"LOWER HOMINY 3 - ARBORETUM MAIN BLDG ROOM 1","label":"LOWER HOMINY 3 - ARBORETUM MAIN BLDG ROOM 1","precinct_norm":"BUNCOMBE - 46.1"},"geometry":{"type":"Point","coordinates":[-82.624472,35.494526]}},{"type":"Feature","properties":{"county_nam":"GATES","prec_id":"4N","enr_desc":"PRECINCT 4 NORTH","name":"PRECINCT 4 NORTH","label":"PRECINCT 4 NORTH","precinct_norm":"GATES - 4N"},"geometry":{"type":"Point","coordinates":[-76.584767,36.492046]}},{"type":"Feature","properties":{"county_nam":"GATES","prec_id":"4S","enr_desc":"PRECINCT 4 SOUTH","name":"PRECINCT 4 SOUTH","label":"PRECINCT 4 SOUTH","precinct_norm":"GATES - 4S"},"geometry":{"type":"Point","coordinates":[-76.638611,36.441485]}},{"type":"Feature","properties":{"county_nam":"GATES","prec_id":"5","enr_desc":"PRECINCT 5","name":"PRECINCT 5","label":"PRECINCT 5","precinct_norm":"GATES - 5"},"geometry":{"type":"Point","coordinates":[-76.581215,36.37722]}},{"type":"Feature","properties":{"county_nam":"CHOWAN","prec_id":"5","enr_desc":"WARDVILLE","name":"WARDVILLE","label":"WARDVILLE","precinct_norm":"CHOWAN - 5"},"geometry":{"type":"Point","coordinates":[-76.631573,36.288554]}},{"type":"Feature","properties":{"county_nam":"DURHAM","prec_id":"50","enr_desc":"MCMANNEN UNITED METHODIST","name":"MCMANNEN UNITED METHODIST","label":"MCMANNEN UNITED METHODIST","precinct_norm":"DURHAM - 50"},"geometry":{"type":"Point","coordinates":[-78.966687,36.018458]}},{"type":"Feature","properties":{"county_nam":"DAVIDSON","prec_id":"50","enr_desc":"REEDY CREEK 50","name":"REEDY CREEK 50","label":"REEDY CREEK 50","precinct_norm":"DAVIDSON - 50"},"geometry":{"type":"Point","coordinates":[-80.332186,35.904629]}},{"type":"Feature","properties":{"county_nam":"BUNCOMBE","prec_id":"50.1","enr_desc":"IVY 1 - BARNARDSVILLE SCHOOL","name":"IVY 1 - BARNARDSVILLE SCHOOL","label":"IVY 1 - BARNARDSVILLE SCHOOL","precinct_norm":"BUNCOMBE - 50.1"},"geometry":{"type":"Point","coordinates":[-82.403353,35.761284]}},{"type":"Feature","properties":{"county_nam":"DURHAM","prec_id":"51","enr_desc":"SOUTHWEST ELEMENTARY","name":"SOUTHWEST ELEMENTARY","label":"SOUTHWEST ELEMENTARY","precinct_norm":"DURHAM - 51"},"geometry":{"type":"Point","coordinates":[-78.932646,35.934749]}},{"type":"Feature","properties":{"county_nam":"BUNCOMBE","prec_id":"51.2","enr_desc":"NORTH WINDY RIDGE SCHOOL","name":"NORTH WINDY RIDGE SCHOOL","label":"NORTH WINDY RIDGE SCHOOL","precinct_norm":"BUNCOMBE - 51.2"},"geometry":{"type":"Point","coordinates":[-82.50653,35.761242]}},{"type":"Feature","properties":{"county_nam":"DAVIDSON","prec_id":"52","enr_desc":"SILVER HILL 52","name":"SILVER HILL 52","label":"SILVER HILL 52","precinct_norm":"DAVIDSON - 52"},"geometry":{"type":"Point","coordinates":[-80.206452,35.729624]}},{"type":"Feature","properties":{"county_nam":"DURHAM","prec_id":"52","enr_desc":"EVANGEL ASSEMBLY OF GOD","name":"EVANGEL ASSEMBLY OF GOD","label":"EVANGEL ASSEMBLY OF GOD","precinct_norm":"DURHAM - 52"},"geometry":{"type":"Point","coordinates":[-78.848372,35.988301]}},{"type":"Feature","properties":{"county_nam":"BUNCOMBE","prec_id":"52.1","enr_desc":"LEICESTER 1 - LEICESTER SCHOOL","name":"LEICESTER 1 - LEICESTER SCHOOL","label":"LEICESTER 1 - LEICESTER SCHOOL","precinct_norm":"BUNCOMBE - 52.1"},"geometry":{"type":"Point","coordinates":[-82.695451,35.689212]}},{"type":"Feature","properties":{"county_nam":"CUMBERLAND","prec_id":"CC34","enr_desc":"CROSS CREEK 34","name":"CROSS CREEK 34","label":"CROSS CREEK 34","precinct_norm":"CUMBERLAND - CC34"},"geometry":{"type":"Point","coordinates":[-78.95297,35.056539]}},{"type":"Feature","properties":{"county_nam":"DURHAM","prec_id":"53-2","enr_desc":"TRIANGLE CHURCH","name":"TRIANGLE CHURCH","label":"TRIANGLE CHURCH","precinct_norm":"DURHAM - 53-2"},"geometry":{"type":"Point","coordinates":[-78.984626,35.890952]}},{"type":"Feature","properties":{"county_nam":"BUNCOMBE","prec_id":"53.1","enr_desc":"LEICESTER 2 - COMMUNITY CENTER","name":"LEICESTER 2 - COMMUNITY CENTER","label":"LEICESTER 2 - COMMUNITY CENTER","precinct_norm":"BUNCOMBE - 53.1"},"geometry":{"type":"Point","coordinates":[-82.733886,35.640988]}},{"type":"Feature","properties":{"county_nam":"BUNCOMBE","prec_id":"55.1","enr_desc":"LIMESTONE 2 - GLEN ARDEN SCHOOL","name":"LIMESTONE 2 - GLEN ARDEN SCHOOL","label":"LIMESTONE 2 - GLEN ARDEN SCHOOL","precinct_norm":"BUNCOMBE - 55.1"},"geometry":{"type":"Point","coordinates":[-82.496932,35.465111]}},{"type":"Feature","properties":{"county_nam":"DAVIDSON","prec_id":"56","enr_desc":"SOUTH DAVIDSON 56","name":"SOUTH DAVIDSON 56","label":"SOUTH DAVIDSON 56","precinct_norm":"DAVIDSON - 56"},"geometry":{"type":"Point","coordinates":[-80.13688,35.561926]}},{"type":"Feature","properties":{"county_nam":"BUNCOMBE","prec_id":"56.2","enr_desc":"LIMESTONE 3 - ARDEN FIRST BAPTIST","name":"LIMESTONE 3 - ARDEN FIRST BAPTIST","label":"LIMESTONE 3 - ARDEN FIRST BAPTIST","precinct_norm":"BUNCOMBE - 56.2"},"geometry":{"type":"Point","coordinates":[-82.506292,35.48204]}},{"type":"Feature","properties":{"county_nam":"BUNCOMBE","prec_id":"57.1","enr_desc":"LIMESTONE 4 - SKYLAND FIRE BISHOP SUBSTATION","name":"LIMESTONE 4 - SKYLAND FIRE BISHOP SUBSTATION","label":"LIMESTONE 4 - SKYLAND FIRE BISHOP SUBSTATION","precinct_norm":"BUNCOMBE - 57.1"},"geometry":{"type":"Point","coordinates":[-82.483287,35.48867]}},{"type":"Feature","properties":{"county_nam":"DAVIDSON","prec_id":"58","enr_desc":"SOUTHMONT 58","name":"SOUTHMONT 58","label":"SOUTHMONT 58","precinct_norm":"DAVIDSON - 58"},"geometry":{"type":"Point","coordinates":[-80.281421,35.672837]}},{"type":"Feature","properties":{"county_nam":"BUNCOMBE","prec_id":"58.1","enr_desc":"NORTH BUNCOMBE - MIDDLE SCHOOL","name":"NORTH BUNCOMBE - MIDDLE SCHOOL","label":"NORTH BUNCOMBE - MIDDLE SCHOOL","precinct_norm":"BUNCOMBE - 58.1"},"geometry":{"type":"Point","coordinates":[-82.551172,35.711868]}},{"type":"Feature","properties":{"county_nam":"BUNCOMBE","prec_id":"59.1","enr_desc":"REEMS CREEK FIRE DEPARTMENT","name":"REEMS CREEK FIRE DEPARTMENT","label":"REEMS CREEK FIRE DEPARTMENT","precinct_norm":"BUNCOMBE - 59.1"},"geometry":{"type":"Point","coordinates":[-82.464198,35.695766]}},{"type":"Feature","properties":{"county_nam":"PAMLICO","prec_id":"5AP","enr_desc":"ARAPAHOE","name":"ARAPAHOE","label":"ARAPAHOE","precinct_norm":"PAMLICO - 5AP"},"geometry":{"type":"Point","coordinates":[-76.816696,35.012946]}},{"type":"Feature","properties":{"county_nam":"CHOWAN","prec_id":"6","enr_desc":"YEOPIM","name":"YEOPIM","label":"YEOPIM","precinct_norm":"CHOWAN - 6"},"geometry":{"type":"Point","coordinates":[-76.492278,36.038861]}},{"type":"Feature","properties":{"county_nam":"DAVIDSON","prec_id":"60","enr_desc":"THOMASVILLE 1 60","name":"THOMASVILLE 1 60","label":"THOMASVILLE 1 60","precinct_norm":"DAVIDSON - 60"},"geometry":{"type":"Point","coordinates":[-80.067762,35.90397]}},{"type":"Feature","properties":{"county_nam":"BUNCOMBE","prec_id":"60.2","enr_desc":"REYNOLDS FIRE DEPARTMENT","name":"REYNOLDS FIRE DEPARTMENT","label":"REYNOLDS FIRE DEPARTMENT","precinct_norm":"BUNCOMBE - 60.2"},"geometry":{"type":"Point","coordinates":[-82.476203,35.563314]}},{"type":"Feature","properties":{"county_nam":"BUNCOMBE","prec_id":"60.4","enr_desc":"COVENANT COMMUNITY CHURCH","name":"COVENANT COMMUNITY CHURCH","label":"COVENANT COMMUNITY CHURCH","precinct_norm":"BUNCOMBE - 60.4"},"geometry":{"type":"Point","coordinates":[-82.476746,35.542741]}},{"type":"Feature","properties":{"county_nam":"HOKE","prec_id":"61","enr_desc":"RAEFORD 1","name":"RAEFORD 1","label":"RAEFORD 1","precinct_norm":"HOKE - 61"},"geometry":{"type":"Point","coordinates":[-79.205783,34.9683]}},{"type":"Feature","properties":{"county_nam":"BUNCOMBE","prec_id":"61.1","enr_desc":"RICEVILLE 1 - RICEVILLE COMMUNITY CENTER","name":"RICEVILLE 1 - RICEVILLE COMMUNITY CENTER","label":"RICEVILLE 1 - RICEVILLE COMMUNITY CENTER","precinct_norm":"BUNCOMBE - 61.1"},"geometry":{"type":"Point","coordinates":[-82.46585,35.63735]}},{"type":"Feature","properties":{"county_nam":"DAVIDSON","prec_id":"62","enr_desc":"THOMASVILLE 2 62","name":"THOMASVILLE 2 62","label":"THOMASVILLE 2 62","precinct_norm":"DAVIDSON - 62"},"geometry":{"type":"Point","coordinates":[-80.07853,35.889102]}},{"type":"Feature","properties":{"county_nam":"HOKE","prec_id":"62","enr_desc":"RAEFORD 2","name":"RAEFORD 2","label":"RAEFORD 2","precinct_norm":"HOKE - 62"},"geometry":{"type":"Point","coordinates":[-79.228879,34.981227]}},{"type":"Feature","properties":{"county_nam":"BUNCOMBE","prec_id":"62.1","enr_desc":"RICEVILLE 2 - GRASSY BRANCH BAPTIST","name":"RICEVILLE 2 - GRASSY BRANCH BAPTIST","label":"RICEVILLE 2 - GRASSY BRANCH BAPTIST","precinct_norm":"BUNCOMBE - 62.1"},"geometry":{"type":"Point","coordinates":[-82.468587,35.608046]}},{"type":"Feature","properties":{"county_nam":"HOKE","prec_id":"63","enr_desc":"RAEFORD 3","name":"RAEFORD 3","label":"RAEFORD 3","precinct_norm":"HOKE - 63"},"geometry":{"type":"Point","coordinates":[-79.201248,35.007602]}},{"type":"Feature","properties":{"county_nam":"BUNCOMBE","prec_id":"63.1","enr_desc":"SANDY MUSH COMMUNITY CENTER","name":"SANDY MUSH COMMUNITY CENTER","label":"SANDY MUSH COMMUNITY CENTER","precinct_norm":"BUNCOMBE - 63.1"},"geometry":{"type":"Point","coordinates":[-82.827779,35.658416]}},{"type":"Feature","properties":{"county_nam":"DAVIDSON","prec_id":"64","enr_desc":"THOMASVILLE 3 64","name":"THOMASVILLE 3 64","label":"THOMASVILLE 3 64","precinct_norm":"DAVIDSON - 64"},"geometry":{"type":"Point","coordinates":[-80.096875,35.888791]}},{"type":"Feature","properties":{"county_nam":"HOKE","prec_id":"64","enr_desc":"RAEFORD 4","name":"RAEFORD 4","label":"RAEFORD 4","precinct_norm":"HOKE - 64"},"geometry":{"type":"Point","coordinates":[-79.252057,34.974786]}},{"type":"Feature","properties":{"county_nam":"BUNCOMBE","prec_id":"64.1","enr_desc":"FIRST BAPTIST OF SWANNANOA","name":"FIRST BAPTIST OF SWANNANOA","label":"FIRST BAPTIST OF SWANNANOA","precinct_norm":"BUNCOMBE - 64.1"},"geometry":{"type":"Point","coordinates":[-82.420817,35.5801]}},{"type":"Feature","properties":{"county_nam":"GUILFORD","prec_id":"CG1","enr_desc":"CG1","name":"CG1","label":"CG1","precinct_norm":"GUILFORD - CG1"},"geometry":{"type":"Point","coordinates":[-79.862023,36.155439]}},{"type":"Feature","properties":{"county_nam":"HOKE","prec_id":"65","enr_desc":"RAEFORD 5","name":"RAEFORD 5","label":"RAEFORD 5","precinct_norm":"HOKE - 65"},"geometry":{"type":"Point","coordinates":[-79.229716,34.998079]}},{"type":"Feature","properties":{"county_nam":"BUNCOMBE","prec_id":"65.1","enr_desc":"SWANNANOA 2 - WILLIAMS ELEMENTARY","name":"SWANNANOA 2 - WILLIAMS ELEMENTARY","label":"SWANNANOA 2 - WILLIAMS ELEMENTARY","precinct_norm":"BUNCOMBE - 65.1"},"geometry":{"type":"Point","coordinates":[-82.403191,35.650091]}},{"type":"Feature","properties":{"county_nam":"SAMPSON","prec_id":"CLEA","enr_desc":"CLINTON, EAST","name":"CLINTON, EAST","label":"CLINTON, EAST","precinct_norm":"SAMPSON - CLEA"},"geometry":{"type":"Point","coordinates":[-78.274669,35.001475]}},{"type":"Feature","properties":{"county_nam":"SAMPSON","prec_id":"CLEM","enr_desc":"CLEMENT","name":"CLEMENT","label":"CLEMENT","precinct_norm":"SAMPSON - CLEM"},"geometry":{"type":"Point","coordinates":[-78.640447,35.084049]}},{"type":"Feature","properties":{"county_nam":"SAMPSON","prec_id":"CLNE","enr_desc":"CLINTON, NORTHEAST","name":"CLINTON, NORTHEAST","label":"CLINTON, NORTHEAST","precinct_norm":"SAMPSON - CLNE"},"geometry":{"type":"Point","coordinates":[-78.327614,35.027957]}},{"type":"Feature","properties":{"county_nam":"CRAVEN","prec_id":"CLR4","enr_desc":"Clarks-Rhems","name":"Clarks-Rhems","label":"Clarks-Rhems","precinct_norm":"CRAVEN - CLR4"},"geometry":{"type":"Point","coordinates":[-77.169386,35.125247]}},{"type":"Feature","properties":{"county_nam":"SAMPSON","prec_id":"CLSW","enr_desc":"CLINTON, SOUTHWEST","name":"CLINTON, SOUTHWEST","label":"CLINTON, SOUTHWEST","precinct_norm":"SAMPSON - CLSW"},"geometry":{"type":"Point","coordinates":[-78.339813,34.947947]}},{"type":"Feature","properties":{"county_nam":"SAMPSON","prec_id":"CLWE","enr_desc":"CLINTON, WEST","name":"CLINTON, WEST","label":"CLINTON, WEST","precinct_norm":"SAMPSON - CLWE"},"geometry":{"type":"Point","coordinates":[-78.385647,34.977322]}},{"type":"Feature","properties":{"county_nam":"HERTFORD","prec_id":"CM","enr_desc":"COMO","name":"COMO","label":"COMO","precinct_norm":"HERTFORD - CM"},"geometry":{"type":"Point","coordinates":[-76.977898,36.488738]}},{"type":"Feature","properties":{"county_nam":"TRANSYLVANIA","prec_id":"CM","enr_desc":"CEDAR MOUNTAIN","name":"CEDAR MOUNTAIN","label":"CEDAR MOUNTAIN","precinct_norm":"TRANSYLVANIA - CM"},"geometry":{"type":"Point","coordinates":[-82.634621,35.171506]}},{"type":"Feature","properties":{"county_nam":"DAVIDSON","prec_id":"66","enr_desc":"THOMASVILLE 4 66","name":"THOMASVILLE 4 66","label":"THOMASVILLE 4 66","precinct_norm":"DAVIDSON - 66"},"geometry":{"type":"Point","coordinates":[-80.085353,35.869419]}},{"type":"Feature","properties":{"county_nam":"HERTFORD","prec_id":"CO","enr_desc":"COFIELD","name":"COFIELD","label":"COFIELD","precinct_norm":"HERTFORD - CO"},"geometry":{"type":"Point","coordinates":[-76.861738,36.35368]}},{"type":"Feature","properties":{"county_nam":"BUNCOMBE","prec_id":"66.1","enr_desc":"SWANNANOA 3 - WWC - KITTRIDGE THEATRE","name":"SWANNANOA 3 - WWC - KITTRIDGE THEATRE","label":"SWANNANOA 3 - WWC - KITTRIDGE THEATRE","precinct_norm":"BUNCOMBE - 66.1"},"geometry":{"type":"Point","coordinates":[-82.427499,35.601613]}},{"type":"Feature","properties":{"county_nam":"BUNCOMBE","prec_id":"67.1","enr_desc":"WEAVERVILLE TOWN HALL","name":"WEAVERVILLE TOWN HALL","label":"WEAVERVILLE TOWN HALL","precinct_norm":"BUNCOMBE - 67.1"},"geometry":{"type":"Point","coordinates":[-82.566618,35.696213]}},{"type":"Feature","properties":{"county_nam":"DAVIDSON","prec_id":"68","enr_desc":"THOMASVILLE 5 68","name":"THOMASVILLE 5 68","label":"THOMASVILLE 5 68","precinct_norm":"DAVIDSON - 68"},"geometry":{"type":"Point","coordinates":[-80.067858,35.876415]}},{"type":"Feature","properties":{"county_nam":"BUNCOMBE","prec_id":"68.1","enr_desc":"WEST BUNCOMBE 1 - WEST BUNCOMBE SCHOOL","name":"WEST BUNCOMBE 1 - WEST BUNCOMBE SCHOOL","label":"WEST BUNCOMBE 1 - WEST BUNCOMBE SCHOOL","precinct_norm":"BUNCOMBE - 68.1"},"geometry":{"type":"Point","coordinates":[-82.664858,35.621629]}},{"type":"Feature","properties":{"county_nam":"BUNCOMBE","prec_id":"69.1","enr_desc":"WEST BUNCOMBE 2 - FIRE TRAIN CENTER","name":"WEST BUNCOMBE 2 - FIRE TRAIN CENTER","label":"WEST BUNCOMBE 2 - FIRE TRAIN CENTER","precinct_norm":"BUNCOMBE - 69.1"},"geometry":{"type":"Point","coordinates":[-82.624364,35.641716]}},{"type":"Feature","properties":{"county_nam":"DAVIDSON","prec_id":"70","enr_desc":"THOMASVILLE 7 70","name":"THOMASVILLE 7 70","label":"THOMASVILLE 7 70","precinct_norm":"DAVIDSON - 70"},"geometry":{"type":"Point","coordinates":[-80.145576,35.890295]}},{"type":"Feature","properties":{"county_nam":"BUNCOMBE","prec_id":"70.1","enr_desc":"WOODFIN COMMUNITY CENTER","name":"WOODFIN COMMUNITY CENTER","label":"WOODFIN COMMUNITY CENTER","precinct_norm":"BUNCOMBE - 70.1"},"geometry":{"type":"Point","coordinates":[-82.587274,35.63725]}},{"type":"Feature","properties":{"county_nam":"BUNCOMBE","prec_id":"681","enr_desc":"WEST BUNCOMBE 1 - WEST BUNCOMBE SCHOOL","name":"WEST BUNCOMBE 1 - WEST BUNCOMBE SCHOOL","label":"WEST BUNCOMBE 1 - WEST BUNCOMBE SCHOOL","precinct_norm":"BUNCOMBE - 681"},"geometry":{"type":"Point","coordinates":[-82.727095,35.597861]}},{"type":"Feature","properties":{"county_nam":"BUNCOMBE","prec_id":"71.1","enr_desc":"WOODLAND HILLS - BAPTIST CHURCH","name":"WOODLAND HILLS - BAPTIST CHURCH","label":"WOODLAND HILLS - BAPTIST CHURCH","precinct_norm":"BUNCOMBE - 71.1"},"geometry":{"type":"Point","coordinates":[-82.579065,35.669753]}},{"type":"Feature","properties":{"county_nam":"DAVIDSON","prec_id":"72","enr_desc":"THOMASVILLE 8 72","name":"THOMASVILLE 8 72","label":"THOMASVILLE 8 72","precinct_norm":"DAVIDSON - 72"},"geometry":{"type":"Point","coordinates":[-80.110565,35.926137]}},{"type":"Feature","properties":{"county_nam":"DAVIDSON","prec_id":"74","enr_desc":"THOMASVILLE 9 74","name":"THOMASVILLE 9 74","label":"THOMASVILLE 9 74","precinct_norm":"DAVIDSON - 74"},"geometry":{"type":"Point","coordinates":[-80.12965,35.848329]}},{"type":"Feature","properties":{"county_nam":"CHATHAM","prec_id":"75","enr_desc":"EAST WILLIAMS","name":"EAST WILLIAMS","label":"EAST WILLIAMS","precinct_norm":"CHATHAM - 75"},"geometry":{"type":"Point","coordinates":[-78.957677,35.825887]}},{"type":"Feature","properties":{"county_nam":"DAVIDSON","prec_id":"76","enr_desc":"THOMASVILLE 10 76","name":"THOMASVILLE 10 76","label":"THOMASVILLE 10 76","precinct_norm":"DAVIDSON - 76"},"geometry":{"type":"Point","coordinates":[-80.071153,35.843398]}},{"type":"Feature","properties":{"county_nam":"CHATHAM","prec_id":"78","enr_desc":"WEST WILLIAMS","name":"WEST WILLIAMS","label":"WEST WILLIAMS","precinct_norm":"CHATHAM - 78"},"geometry":{"type":"Point","coordinates":[-79.059875,35.776607]}},{"type":"Feature","properties":{"county_nam":"DAVIDSON","prec_id":"78","enr_desc":"TYRO 78","name":"TYRO 78","label":"TYRO 78","precinct_norm":"DAVIDSON - 78"},"geometry":{"type":"Point","coordinates":[-80.380697,35.810594]}},{"type":"Feature","properties":{"county_nam":"CARTERET","prec_id":"ABCH","enr_desc":"ATLANTIC BEACH","name":"ATLANTIC BEACH","label":"ATLANTIC BEACH","precinct_norm":"CARTERET - ABCH"},"geometry":{"type":"Point","coordinates":[-76.729368,34.677261]}},{"type":"Feature","properties":{"county_nam":"HAYWOOD","prec_id":"AC","enr_desc":"ALLENS CREEK","name":"ALLENS CREEK","label":"ALLENS CREEK","precinct_norm":"HAYWOOD - AC"},"geometry":{"type":"Point","coordinates":[-83.006186,35.419561]}},{"type":"Feature","properties":{"county_nam":"RANDOLPH","prec_id":"AE","enr_desc":"ASHEBORO EAST","name":"ASHEBORO EAST","label":"ASHEBORO EAST","precinct_norm":"RANDOLPH - AE"},"geometry":{"type":"Point","coordinates":[-79.784575,35.718408]}},{"type":"Feature","properties":{"county_nam":"PERSON","prec_id":"ALVI","enr_desc":"ALLENSVILLE","name":"ALLENSVILLE","label":"ALLENSVILLE","precinct_norm":"PERSON - ALVI"},"geometry":{"type":"Point","coordinates":[-78.859023,36.394628]}},{"type":"Feature","properties":{"county_nam":"TRANSYLVANIA","prec_id":"B2","enr_desc":"BREVARD 2","name":"BREVARD 2","label":"BREVARD 2","precinct_norm":"TRANSYLVANIA - B2"},"geometry":{"type":"Point","coordinates":[-82.755746,35.232963]}},{"type":"Feature","properties":{"county_nam":"ALEXANDER","prec_id":"B2","enr_desc":"BETHLEHEM 2","name":"BETHLEHEM 2","label":"BETHLEHEM 2","precinct_norm":"ALEXANDER - B2"},"geometry":{"type":"Point","coordinates":[-81.283703,35.848334]}},{"type":"Feature","properties":{"county_nam":"ORANGE","prec_id":"DA","enr_desc":"DOGWOOD ACRES","name":"DOGWOOD ACRES","label":"DOGWOOD ACRES","precinct_norm":"ORANGE - DA"},"geometry":{"type":"Point","coordinates":[-79.073442,35.87696]}},{"type":"Feature","properties":{"county_nam":"CARTERET","prec_id":"DASW","enr_desc":"DAVIS/STACY/WILLISTON","name":"DAVIS/STACY/WILLISTON","label":"DAVIS/STACY/WILLISTON","precinct_norm":"CARTERET - DASW"},"geometry":{"type":"Point","coordinates":[-76.505332,34.94386]}},{"type":"Feature","properties":{"county_nam":"LINCOLN","prec_id":"BC13","enr_desc":"BOGER CITY","name":"BOGER CITY","label":"BOGER CITY","precinct_norm":"LINCOLN - BC13"},"geometry":{"type":"Point","coordinates":[-81.22859,35.490099]}},{"type":"Feature","properties":{"county_nam":"SWAIN","prec_id":"BC2","enr_desc":"BC2","name":"BC2","label":"BC2","precinct_norm":"SWAIN - BC2"},"geometry":{"type":"Point","coordinates":[-83.404455,35.516424]}},{"type":"Feature","properties":{"county_nam":"ONSLOW","prec_id":"BC21","enr_desc":"BEAR CREEK","name":"BEAR CREEK","label":"BEAR CREEK","precinct_norm":"ONSLOW - BC21"},"geometry":{"type":"Point","coordinates":[-77.183137,34.671359]}},{"type":"Feature","properties":{"county_nam":"JACKSON","prec_id":"BCK","enr_desc":"BARKERS CREEK","name":"BARKERS CREEK","label":"BARKERS CREEK","precinct_norm":"JACKSON - BCK"},"geometry":{"type":"Point","coordinates":[-83.302172,35.392821]}},{"type":"Feature","properties":{"county_nam":"YADKIN","prec_id":"DCRK","enr_desc":"DEEP CREEK","name":"DEEP CREEK","label":"DEEP CREEK","precinct_norm":"YADKIN - DCRK"},"geometry":{"type":"Point","coordinates":[-80.732872,36.114245]}},{"type":"Feature","properties":{"county_nam":"CRAVEN","prec_id":"DFB9","enr_desc":"DOVER-FORT BARNWELL West","name":"DOVER-FORT BARNWELL West","label":"DOVER-FORT BARNWELL West","precinct_norm":"CRAVEN - DFB9"},"geometry":{"type":"Point","coordinates":[-77.419769,35.260076]}},{"type":"Feature","properties":{"county_nam":"DAVIDSON","prec_id":"80A","enr_desc":"WALLBURG 80A","name":"WALLBURG 80A","label":"WALLBURG 80A","precinct_norm":"DAVIDSON - 80A"},"geometry":{"type":"Point","coordinates":[-80.127041,35.98696]}},{"type":"Feature","properties":{"county_nam":"DAVIDSON","prec_id":"82","enr_desc":"WELCOME 82","name":"WELCOME 82","label":"WELCOME 82","precinct_norm":"DAVIDSON - 82"},"geometry":{"type":"Point","coordinates":[-80.232716,35.889693]}},{"type":"Feature","properties":{"county_nam":"DAVIDSON","prec_id":"84","enr_desc":"WEST ARCADIA 84","name":"WEST ARCADIA 84","label":"WEST ARCADIA 84","precinct_norm":"DAVIDSON - 84"},"geometry":{"type":"Point","coordinates":[-80.340587,35.96358]}},{"type":"Feature","properties":{"county_nam":"CHATHAM","prec_id":"85","enr_desc":"WEST SILER CITY","name":"WEST SILER CITY","label":"WEST SILER CITY","precinct_norm":"CHATHAM - 85"},"geometry":{"type":"Point","coordinates":[-79.509584,35.706839]}},{"type":"Feature","properties":{"county_nam":"DAVIDSON","prec_id":"86A","enr_desc":"ABBOTTS CREEK 1 86A","name":"ABBOTTS CREEK 1 86A","label":"ABBOTTS CREEK 1 86A","precinct_norm":"DAVIDSON - 86A"},"geometry":{"type":"Point","coordinates":[-80.081463,36.004552]}},{"type":"Feature","properties":{"county_nam":"DAVIDSON","prec_id":"88","enr_desc":"ABBOTTS CREEK 2 88","name":"ABBOTTS CREEK 2 88","label":"ABBOTTS CREEK 2 88","precinct_norm":"DAVIDSON - 88"},"geometry":{"type":"Point","coordinates":[-80.063853,35.966911]}},{"type":"Feature","properties":{"county_nam":"CHATHAM","prec_id":"9","enr_desc":"BONLEE","name":"BONLEE","label":"BONLEE","precinct_norm":"CHATHAM - 9"},"geometry":{"type":"Point","coordinates":[-79.431652,35.635597]}},{"type":"Feature","properties":{"county_nam":"BEAUFORT","prec_id":"BEADM","enr_desc":"BEAVER DAM","name":"BEAVER DAM","label":"BEAVER DAM","precinct_norm":"BEAUFORT - BEADM"},"geometry":{"type":"Point","coordinates":[-76.951629,35.562725]}},{"type":"Feature","properties":{"county_nam":"GREENE","prec_id":"BEAR","enr_desc":"Voting District 00BEAR","name":"Voting District 00BEAR","label":"Voting District 00BEAR","precinct_norm":"GREENE - BEAR"},"geometry":{"type":"Point","coordinates":[-77.689576,35.480726]}},{"type":"Feature","properties":{"county_nam":"MADISON","prec_id":"BEECH","enr_desc":"BEECH GLEN","name":"BEECH GLEN","label":"BEECH GLEN","precinct_norm":"MADISON - BEECH"},"geometry":{"type":"Point","coordinates":[-82.48054,35.85006]}},{"type":"Feature","properties":{"county_nam":"BEAUFORT","prec_id":"BELHV","enr_desc":"BELHAVEN","name":"BELHAVEN","label":"BELHAVEN","precinct_norm":"BEAUFORT - BELHV"},"geometry":{"type":"Point","coordinates":[-76.572282,35.575135]}},{"type":"Feature","properties":{"county_nam":"CHEROKEE","prec_id":"BELL","enr_desc":"BELLVIEW","name":"BELLVIEW","label":"BELLVIEW","precinct_norm":"CHEROKEE - BELL"},"geometry":{"type":"Point","coordinates":[-84.070893,35.008442]}},{"type":"Feature","properties":{"county_nam":"LEE","prec_id":"A1","enr_desc":"A1","name":"A1","label":"A1","precinct_norm":"LEE - A1"},"geometry":{"type":"Point","coordinates":[-79.196602,35.447714]}},{"type":"Feature","properties":{"county_nam":"GUILFORD","prec_id":"G74","enr_desc":"G74","name":"G74","label":"G74","precinct_norm":"GUILFORD - G74"},"geometry":{"type":"Point","coordinates":[-79.757687,36.054877]}},{"type":"Feature","properties":{"county_nam":"HERTFORD","prec_id":"A1","enr_desc":"AHOSKIE 1","name":"AHOSKIE 1","label":"AHOSKIE 1","precinct_norm":"HERTFORD - A1"},"geometry":{"type":"Point","coordinates":[-76.994207,36.305012]}},{"type":"Feature","properties":{"county_nam":"HERTFORD","prec_id":"A2","enr_desc":"AHOSKIE 2","name":"AHOSKIE 2","label":"AHOSKIE 2","precinct_norm":"HERTFORD - A2"},"geometry":{"type":"Point","coordinates":[-76.976779,36.267103]}},{"type":"Feature","properties":{"county_nam":"LEE","prec_id":"A2","enr_desc":"A2","name":"A2","label":"A2","precinct_norm":"LEE - A2"},"geometry":{"type":"Point","coordinates":[-79.142111,35.487399]}},{"type":"Feature","properties":{"county_nam":"CUMBERLAND","prec_id":"G7B","enr_desc":"WADE-G7","name":"WADE-G7","label":"WADE-G7","precinct_norm":"CUMBERLAND - G7B"},"geometry":{"type":"Point","coordinates":[-78.726011,35.136651]}},{"type":"Feature","properties":{"county_nam":"HERTFORD","prec_id":"A3","enr_desc":"AHOSKIE 3","name":"AHOSKIE 3","label":"AHOSKIE 3","precinct_norm":"HERTFORD - A3"},"geometry":{"type":"Point","coordinates":[-76.933098,36.303098]}},{"type":"Feature","properties":{"county_nam":"CUMBERLAND","prec_id":"AH49","enr_desc":"ARRAN HILLS","name":"ARRAN HILLS","label":"ARRAN HILLS","precinct_norm":"CUMBERLAND - AH49"},"geometry":{"type":"Point","coordinates":[-78.985087,35.021322]}},{"type":"Feature","properties":{"county_nam":"SWAIN","prec_id":"ALARKA","enr_desc":"ALARKA","name":"ALARKA","label":"ALARKA","precinct_norm":"SWAIN - ALARKA"},"geometry":{"type":"Point","coordinates":[-83.422557,35.356853]}},{"type":"Feature","properties":{"county_nam":"DUPLIN","prec_id":"ALBE","enr_desc":"ALBERTSON","name":"ALBERTSON","label":"ALBERTSON","precinct_norm":"DUPLIN - ALBE"},"geometry":{"type":"Point","coordinates":[-77.796732,35.112822]}},{"type":"Feature","properties":{"county_nam":"SWAIN","prec_id":"ALMOND","enr_desc":"ALMOND","name":"ALMOND","label":"ALMOND","precinct_norm":"SWAIN - ALMOND"},"geometry":{"type":"Point","coordinates":[-83.579081,35.429588]}},{"type":"Feature","properties":{"county_nam":"RANDOLPH","prec_id":"GR","enr_desc":"GRANT","name":"GRANT","label":"GRANT","precinct_norm":"RANDOLPH - GR"},"geometry":{"type":"Point","coordinates":[-79.727969,35.659013]}},{"type":"Feature","properties":{"county_nam":"RANDOLPH","prec_id":"AN","enr_desc":"ASHEBORO NORTH","name":"ASHEBORO NORTH","label":"ASHEBORO NORTH","precinct_norm":"RANDOLPH - AN"},"geometry":{"type":"Point","coordinates":[-79.812972,35.761894]}},{"type":"Feature","properties":{"county_nam":"CASWELL","prec_id":"ANDE","enr_desc":"ANDERSON","name":"ANDERSON","label":"ANDERSON","precinct_norm":"CASWELL - ANDE"},"geometry":{"type":"Point","coordinates":[-79.333475,36.29468]}},{"type":"Feature","properties":{"county_nam":"CHEROKEE","prec_id":"ANNW","enr_desc":"ANDREWS NORTH WARD","name":"ANDREWS NORTH WARD","label":"ANDREWS NORTH WARD","precinct_norm":"CHEROKEE - ANNW"},"geometry":{"type":"Point","coordinates":[-83.830887,35.21557]}},{"type":"Feature","properties":{"county_nam":"ANSON","prec_id":"ANS","enr_desc":"ANSONVILLE","name":"ANSONVILLE","label":"ANSONVILLE","precinct_norm":"ANSON - ANS"},"geometry":{"type":"Point","coordinates":[-80.127102,35.118384]}},{"type":"Feature","properties":{"county_nam":"CHEROKEE","prec_id":"ANSW","enr_desc":"ANDREWS SOUTH WARD","name":"ANDREWS SOUTH WARD","label":"ANDREWS SOUTH WARD","precinct_norm":"CHEROKEE - ANSW"},"geometry":{"type":"Point","coordinates":[-83.799652,35.169941]}},{"type":"Feature","properties":{"county_nam":"GRANVILLE","prec_id":"ANTI","enr_desc":"Voting District 00ANTI","name":"Voting District 00ANTI","label":"Voting District 00ANTI","precinct_norm":"GRANVILLE - ANTI"},"geometry":{"type":"Point","coordinates":[-78.541244,36.286029]}},{"type":"Feature","properties":{"county_nam":"HENDERSON","prec_id":"AR","enr_desc":"ARMORY","name":"ARMORY","label":"ARMORY","precinct_norm":"HENDERSON - AR"},"geometry":{"type":"Point","coordinates":[-82.43926,35.288879]}},{"type":"Feature","properties":{"county_nam":"RANDOLPH","prec_id":"AR","enr_desc":"ARCHDALE","name":"ARCHDALE","label":"ARCHDALE","precinct_norm":"RANDOLPH - AR"},"geometry":{"type":"Point","coordinates":[-79.950924,35.895989]}},{"type":"Feature","properties":{"county_nam":"GREENE","prec_id":"ARBA","enr_desc":"Voting District 00ARBA","name":"Voting District 00ARBA","label":"Voting District 00ARBA","precinct_norm":"GREENE - ARBA"},"geometry":{"type":"Point","coordinates":[-77.698426,35.390655]}},{"type":"Feature","properties":{"county_nam":"RANDOLPH","prec_id":"AS","enr_desc":"ASHEBORO SOUTH","name":"ASHEBORO SOUTH","label":"ASHEBORO SOUTH","precinct_norm":"RANDOLPH - AS"},"geometry":{"type":"Point","coordinates":[-79.800089,35.684716]}},{"type":"Feature","properties":{"county_nam":"CARTERET","prec_id":"BFT1","enr_desc":"BEAUFORT 1","name":"BEAUFORT 1","label":"BEAUFORT 1","precinct_norm":"CARTERET - BFT1"},"geometry":{"type":"Point","coordinates":[-76.665529,34.712545]}},{"type":"Feature","properties":{"county_nam":"LINCOLN","prec_id":"AS25","enr_desc":"ASBURY","name":"ASBURY","label":"ASBURY","precinct_norm":"LINCOLN - AS25"},"geometry":{"type":"Point","coordinates":[-81.191092,35.489164]}},{"type":"Feature","properties":{"county_nam":"CARTERET","prec_id":"ASCI","enr_desc":"Atlantic/Sea Level/Cedar Island","name":"Atlantic/Sea Level/Cedar Island","label":"Atlantic/Sea Level/Cedar Island","precinct_norm":"CARTERET - ASCI"},"geometry":{"type":"Point","coordinates":[-76.233047,34.98992]}},{"type":"Feature","properties":{"county_nam":"HENDERSON","prec_id":"AT","enr_desc":"ATKINSON","name":"ATKINSON","label":"ATKINSON","precinct_norm":"HENDERSON - AT"},"geometry":{"type":"Point","coordinates":[-82.524023,35.273276]}},{"type":"Feature","properties":{"county_nam":"BEAUFORT","prec_id":"AUROR","enr_desc":"AURORA","name":"AURORA","label":"AURORA","precinct_norm":"BEAUFORT - AUROR"},"geometry":{"type":"Point","coordinates":[-76.737284,35.321105]}},{"type":"Feature","properties":{"county_nam":"SAMPSON","prec_id":"AUTR","enr_desc":"AUTRYVILLE","name":"AUTRYVILLE","label":"AUTRYVILLE","precinct_norm":"SAMPSON - AUTR"},"geometry":{"type":"Point","coordinates":[-78.576166,35.048168]}},{"type":"Feature","properties":{"county_nam":"DARE","prec_id":"AVON","enr_desc":"AVON","name":"AVON","label":"AVON","precinct_norm":"DARE - AVON"},"geometry":{"type":"Point","coordinates":[-75.609869,35.388473]}},{"type":"Feature","properties":{"county_nam":"HENDERSON","prec_id":"CB","enr_desc":"CRAB CREEK","name":"CRAB CREEK","label":"CRAB CREEK","precinct_norm":"HENDERSON - CB"},"geometry":{"type":"Point","coordinates":[-82.576105,35.213894]}},{"type":"Feature","properties":{"county_nam":"RANDOLPH","prec_id":"AW","enr_desc":"ASHEBORO WEST","name":"ASHEBORO WEST","label":"ASHEBORO WEST","precinct_norm":"RANDOLPH - AW"},"geometry":{"type":"Point","coordinates":[-79.830409,35.72477]}},{"type":"Feature","properties":{"county_nam":"TRANSYLVANIA","prec_id":"B1","enr_desc":"BREVARD 1","name":"BREVARD 1","label":"BREVARD 1","precinct_norm":"TRANSYLVANIA - B1"},"geometry":{"type":"Point","coordinates":[-82.737942,35.217647]}},{"type":"Feature","properties":{"county_nam":"CURRITUCK","prec_id":"CB","enr_desc":"CAROVA BEACH","name":"CAROVA BEACH","label":"CAROVA BEACH","precinct_norm":"CURRITUCK - CB"},"geometry":{"type":"Point","coordinates":[-75.843427,36.48357]}},{"type":"Feature","properties":{"county_nam":"BRUNSWICK","prec_id":"CB01","enr_desc":"SUPPLY","name":"SUPPLY","label":"SUPPLY","precinct_norm":"BRUNSWICK - CB01"},"geometry":{"type":"Point","coordinates":[-78.305564,34.092154]}},{"type":"Feature","properties":{"county_nam":"BRUNSWICK","prec_id":"CB02","enr_desc":"SHALLOTTE","name":"SHALLOTTE","label":"SHALLOTTE","precinct_norm":"BRUNSWICK - CB02"},"geometry":{"type":"Point","coordinates":[-78.376996,34.009151]}},{"type":"Feature","properties":{"county_nam":"ALEXANDER","prec_id":"B1","enr_desc":"BETHLEHEM 1","name":"BETHLEHEM 1","label":"BETHLEHEM 1","precinct_norm":"ALEXANDER - B1"},"geometry":{"type":"Point","coordinates":[-81.32475,35.844977]}},{"type":"Feature","properties":{"county_nam":"LEE","prec_id":"B1","enr_desc":"B1","name":"B1","label":"B1","precinct_norm":"LEE - B1"},"geometry":{"type":"Point","coordinates":[-79.117459,35.577504]}},{"type":"Feature","properties":{"county_nam":"LEE","prec_id":"B2","enr_desc":"B2","name":"B2","label":"B2","precinct_norm":"LEE - B2"},"geometry":{"type":"Point","coordinates":[-79.179375,35.511584]}},{"type":"Feature","properties":{"county_nam":"TRANSYLVANIA","prec_id":"B3","enr_desc":"BREVARD 3","name":"BREVARD 3","label":"BREVARD 3","precinct_norm":"TRANSYLVANIA - B3"},"geometry":{"type":"Point","coordinates":[-82.750622,35.254412]}},{"type":"Feature","properties":{"county_nam":"TRANSYLVANIA","prec_id":"B4","enr_desc":"BREVARD 4","name":"BREVARD 4","label":"BREVARD 4","precinct_norm":"TRANSYLVANIA - B4"},"geometry":{"type":"Point","coordinates":[-82.718837,35.231825]}},{"type":"Feature","properties":{"county_nam":"BRUNSWICK","prec_id":"CB03","enr_desc":"FRYING PAN","name":"FRYING PAN","label":"FRYING PAN","precinct_norm":"BRUNSWICK - CB03"},"geometry":{"type":"Point","coordinates":[-78.395884,33.923069]}},{"type":"Feature","properties":{"county_nam":"BRUNSWICK","prec_id":"CB04","enr_desc":"SECESSION 2","name":"SECESSION 2","label":"SECESSION 2","precinct_norm":"BRUNSWICK - CB04"},"geometry":{"type":"Point","coordinates":[-78.307793,33.90034]}},{"type":"Feature","properties":{"county_nam":"BRUNSWICK","prec_id":"CB05","enr_desc":"SECESSION 1","name":"SECESSION 1","label":"SECESSION 1","precinct_norm":"BRUNSWICK - CB05"},"geometry":{"type":"Point","coordinates":[-78.265348,33.946112]}},{"type":"Feature","properties":{"county_nam":"BRUNSWICK","prec_id":"CB06","enr_desc":"MOSQUITO 1","name":"MOSQUITO 1","label":"MOSQUITO 1","precinct_norm":"BRUNSWICK - CB06"},"geometry":{"type":"Point","coordinates":[-78.191075,33.977067]}},{"type":"Feature","properties":{"county_nam":"IREDELL","prec_id":"BA-1","enr_desc":"BARRINGER","name":"BARRINGER","label":"BARRINGER","precinct_norm":"IREDELL - BA-1"},"geometry":{"type":"Point","coordinates":[-80.82343,35.671884]}},{"type":"Feature","properties":{"county_nam":"VANCE","prec_id":"CC","enr_desc":"Community College","name":"Community College","label":"Community College","precinct_norm":"VANCE - CC"},"geometry":{"type":"Point","coordinates":[-78.483031,36.307609]}},{"type":"Feature","properties":{"county_nam":"RANDOLPH","prec_id":"BC","enr_desc":"BACK CREEK","name":"BACK CREEK","label":"BACK CREEK","precinct_norm":"RANDOLPH - BC"},"geometry":{"type":"Point","coordinates":[-79.891557,35.752188]}},{"type":"Feature","properties":{"county_nam":"HAYWOOD","prec_id":"BC","enr_desc":"BIG CREEK","name":"BIG CREEK","label":"BIG CREEK","precinct_norm":"HAYWOOD - BC"},"geometry":{"type":"Point","coordinates":[-83.126389,35.662069]}},{"type":"Feature","properties":{"county_nam":"HENDERSON","prec_id":"BC","enr_desc":"BAT CAVE","name":"BAT CAVE","label":"BAT CAVE","precinct_norm":"HENDERSON - BC"},"geometry":{"type":"Point","coordinates":[-82.299792,35.445549]}},{"type":"Feature","properties":{"county_nam":"SWAIN","prec_id":"BC1","enr_desc":"BC1","name":"BC1","label":"BC1","precinct_norm":"SWAIN - BC1"},"geometry":{"type":"Point","coordinates":[-83.526054,35.483792]}},{"type":"Feature","properties":{"county_nam":"CARTERET","prec_id":"BCRK","enr_desc":"BROAD CREEK","name":"BROAD CREEK","label":"BROAD CREEK","precinct_norm":"CARTERET - BCRK"},"geometry":{"type":"Point","coordinates":[-76.909592,34.741111]}},{"type":"Feature","properties":{"county_nam":"TRANSYLVANIA","prec_id":"BD","enr_desc":"BOYD","name":"BOYD","label":"BOYD","precinct_norm":"TRANSYLVANIA - BD"},"geometry":{"type":"Point","coordinates":[-82.704368,35.341173]}},{"type":"Feature","properties":{"county_nam":"CUMBERLAND","prec_id":"G2E-1","enr_desc":"WESTAREA-G2E-1","name":"WESTAREA-G2E-1","label":"WESTAREA-G2E-1","precinct_norm":"CUMBERLAND - G2E-1"},"geometry":{"type":"Point","coordinates":[-78.909067,35.139464]}},{"type":"Feature","properties":{"county_nam":"IREDELL","prec_id":"BE","enr_desc":"BETHANY","name":"BETHANY","label":"BETHANY","precinct_norm":"IREDELL - BE"},"geometry":{"type":"Point","coordinates":[-80.875591,35.854458]}},{"type":"Feature","properties":{"county_nam":"HAYWOOD","prec_id":"BE2","enr_desc":"BEAVERDAM 2","name":"BEAVERDAM 2","label":"BEAVERDAM 2","precinct_norm":"HAYWOOD - BE2"},"geometry":{"type":"Point","coordinates":[-82.868889,35.563165]}},{"type":"Feature","properties":{"county_nam":"HAYWOOD","prec_id":"BE3","enr_desc":"BEAVERDAM 3","name":"BEAVERDAM 3","label":"BEAVERDAM 3","precinct_norm":"HAYWOOD - BE3"},"geometry":{"type":"Point","coordinates":[-82.830401,35.57935]}},{"type":"Feature","properties":{"county_nam":"HAYWOOD","prec_id":"BE4","enr_desc":"BEAVERDAM 4","name":"BEAVERDAM 4","label":"BEAVERDAM 4","precinct_norm":"HAYWOOD - BE4"},"geometry":{"type":"Point","coordinates":[-82.785968,35.564438]}},{"type":"Feature","properties":{"county_nam":"HAYWOOD","prec_id":"BE7","enr_desc":"BEAVERDAM 7","name":"BEAVERDAM 7","label":"BEAVERDAM 7","precinct_norm":"HAYWOOD - BE7"},"geometry":{"type":"Point","coordinates":[-82.811378,35.499819]}},{"type":"Feature","properties":{"county_nam":"HAYWOOD","prec_id":"BE5-6","enr_desc":"BEAVERDAM 5/6","name":"BEAVERDAM 5/6","label":"BEAVERDAM 5/6","precinct_norm":"HAYWOOD - BE5-6"},"geometry":{"type":"Point","coordinates":[-82.834662,35.521733]}},{"type":"Feature","properties":{"county_nam":"PERQUIMANS","prec_id":"BELVID","enr_desc":"BELVIDERE","name":"BELVIDERE","label":"BELVIDERE","precinct_norm":"PERQUIMANS - BELVID"},"geometry":{"type":"Point","coordinates":[-76.533793,36.28429]}},{"type":"Feature","properties":{"county_nam":"MOORE","prec_id":"BEN","enr_desc":"BENSALEM","name":"BENSALEM","label":"BENSALEM","precinct_norm":"MOORE - BEN"},"geometry":{"type":"Point","coordinates":[-79.628889,35.315908]}},{"type":"Feature","properties":{"county_nam":"GRANVILLE","prec_id":"BERE","enr_desc":"Voting District 00BERE","name":"Voting District 00BERE","label":"Voting District 00BERE","precinct_norm":"GRANVILLE - BERE"},"geometry":{"type":"Point","coordinates":[-78.729143,36.37076]}},{"type":"Feature","properties":{"county_nam":"PERQUIMANS","prec_id":"BETHEL","enr_desc":"BETHEL","name":"BETHEL","label":"BETHEL","precinct_norm":"PERQUIMANS - BETHEL"},"geometry":{"type":"Point","coordinates":[-76.40727,36.104221]}},{"type":"Feature","properties":{"county_nam":"CLEVELAND","prec_id":"BETHWR","enr_desc":"BETHWR","name":"BETHWR","label":"BETHWR","precinct_norm":"CLEVELAND - BETHWR"},"geometry":{"type":"Point","coordinates":[-81.433559,35.229371]}},{"type":"Feature","properties":{"county_nam":"DUPLIN","prec_id":"BEUL","enr_desc":"BEULAVILLE","name":"BEULAVILLE","label":"BEULAVILLE","precinct_norm":"DUPLIN - BEUL"},"geometry":{"type":"Point","coordinates":[-77.726756,34.929446]}},{"type":"Feature","properties":{"county_nam":"CARTERET","prec_id":"BFT2","enr_desc":"BEAUFORT 2","name":"BEAUFORT 2","label":"BEAUFORT 2","precinct_norm":"CARTERET - BFT2"},"geometry":{"type":"Point","coordinates":[-76.637119,34.737313]}},{"type":"Feature","properties":{"county_nam":"MARTIN","prec_id":"BG","enr_desc":"BEAR GRASS","name":"BEAR GRASS","label":"BEAR GRASS","precinct_norm":"MARTIN - BG"},"geometry":{"type":"Point","coordinates":[-77.112716,35.748806]}},{"type":"Feature","properties":{"county_nam":"MONTGOMERY","prec_id":"BIS","enr_desc":"BISCOE","name":"BISCOE","label":"BISCOE","precinct_norm":"MONTGOMERY - BIS"},"geometry":{"type":"Point","coordinates":[-79.790059,35.351474]}},{"type":"Feature","properties":{"county_nam":"CUMBERLAND","prec_id":"CC01","enr_desc":"CROSS CREEK 01","name":"CROSS CREEK 01","label":"CROSS CREEK 01","precinct_norm":"CUMBERLAND - CC01"},"geometry":{"type":"Point","coordinates":[-78.880942,35.043921]}},{"type":"Feature","properties":{"county_nam":"HENDERSON","prec_id":"BK","enr_desc":"BRICKTON","name":"BRICKTON","label":"BRICKTON","precinct_norm":"HENDERSON - BK"},"geometry":{"type":"Point","coordinates":[-82.518203,35.405204]}},{"type":"Feature","properties":{"county_nam":"BEAUFORT","prec_id":"BLCK","enr_desc":"BLOUNTS CREEK","name":"BLOUNTS CREEK","label":"BLOUNTS CREEK","precinct_norm":"BEAUFORT - BLCK"},"geometry":{"type":"Point","coordinates":[-76.971752,35.37915]}},{"type":"Feature","properties":{"county_nam":"HYDE","prec_id":"BM","enr_desc":"BURGESS MILL","name":"BURGESS MILL","label":"BURGESS MILL","precinct_norm":"HYDE - BM"},"geometry":{"type":"Point","coordinates":[-76.442366,35.628216]}},{"type":"Feature","properties":{"county_nam":"ONSLOW","prec_id":"BM08","enr_desc":"BRYNN MARR","name":"BRYNN MARR","label":"BRYNN MARR","precinct_norm":"ONSLOW - BM08"},"geometry":{"type":"Point","coordinates":[-77.374571,34.770924]}},{"type":"Feature","properties":{"county_nam":"YADKIN","prec_id":"BNVL","enr_desc":"BOONVILLE","name":"BOONVILLE","label":"BOONVILLE","precinct_norm":"YADKIN - BNVL"},"geometry":{"type":"Point","coordinates":[-80.714982,36.219572]}},{"type":"Feature","properties":{"county_nam":"HERTFORD","prec_id":"BR","enr_desc":"BRYANTVILLE","name":"BRYANTVILLE","label":"BRYANTVILLE","precinct_norm":"HERTFORD - BR"},"geometry":{"type":"Point","coordinates":[-77.048531,36.478732]}},{"type":"Feature","properties":{"county_nam":"CLEVELAND","prec_id":"BR","enr_desc":"BROAD RIVER","name":"BROAD RIVER","label":"BROAD RIVER","precinct_norm":"CLEVELAND - BR"},"geometry":{"type":"Point","coordinates":[-81.665905,35.230184]}},{"type":"Feature","properties":{"county_nam":"CLAY","prec_id":"BRAS","enr_desc":"BRASSTOWN","name":"BRASSTOWN","label":"BRASSTOWN","precinct_norm":"CLAY - BRAS"},"geometry":{"type":"Point","coordinates":[-83.930044,35.028325]}},{"type":"Feature","properties":{"county_nam":"CHEROKEE","prec_id":"BRAS","enr_desc":"BRASSTOWN","name":"BRASSTOWN","label":"BRASSTOWN","precinct_norm":"CHEROKEE - BRAS"},"geometry":{"type":"Point","coordinates":[-84.005115,35.023885]}},{"type":"Feature","properties":{"county_nam":"LINCOLN","prec_id":"BS26","enr_desc":"BUFFALO SHOALS","name":"BUFFALO SHOALS","label":"BUFFALO SHOALS","precinct_norm":"LINCOLN - BS26"},"geometry":{"type":"Point","coordinates":[-81.183434,35.527168]}},{"type":"Feature","properties":{"county_nam":"GRANVILLE","prec_id":"BTNR","enr_desc":"Voting District 00BTNR","name":"Voting District 00BTNR","label":"Voting District 00BTNR","precinct_norm":"GRANVILLE - BTNR"},"geometry":{"type":"Point","coordinates":[-78.773697,36.125154]}},{"type":"Feature","properties":{"county_nam":"GREENE","prec_id":"BULL","enr_desc":"Voting District 00BULL","name":"Voting District 00BULL","label":"Voting District 00BULL","precinct_norm":"GREENE - BULL"},"geometry":{"type":"Point","coordinates":[-77.780518,35.520414]}},{"type":"Feature","properties":{"county_nam":"ANSON","prec_id":"BURN","enr_desc":"BURNSVILLE","name":"BURNSVILLE","label":"BURNSVILLE","precinct_norm":"ANSON - BURN"},"geometry":{"type":"Point","coordinates":[-80.237114,35.127954]}},{"type":"Feature","properties":{"county_nam":"GUILFORD","prec_id":"G30","enr_desc":"G30","name":"G30","label":"G30","precinct_norm":"GUILFORD - G30"},"geometry":{"type":"Point","coordinates":[-79.849682,36.119541]}},{"type":"Feature","properties":{"county_nam":"HALIFAX","prec_id":"BUTWD","enr_desc":"BUTTERWOOD","name":"BUTTERWOOD","label":"BUTTERWOOD","precinct_norm":"HALIFAX - BUTWD"},"geometry":{"type":"Point","coordinates":[-77.864673,36.35663]}},{"type":"Feature","properties":{"county_nam":"DARE","prec_id":"BUX","enr_desc":"BUXTON","name":"BUXTON","label":"BUXTON","precinct_norm":"DARE - BUX"},"geometry":{"type":"Point","coordinates":[-75.544494,35.233213]}},{"type":"Feature","properties":{"county_nam":"LENOIR","prec_id":"C","enr_desc":"CONTENTNEA","name":"CONTENTNEA","label":"CONTENTNEA","precinct_norm":"LENOIR - C"},"geometry":{"type":"Point","coordinates":[-77.482413,35.363807]}},{"type":"Feature","properties":{"county_nam":"LEE","prec_id":"C1","enr_desc":"C1","name":"C1","label":"C1","precinct_norm":"LEE - C1"},"geometry":{"type":"Point","coordinates":[-79.180249,35.362756]}},{"type":"Feature","properties":{"county_nam":"BERTIE","prec_id":"C1","enr_desc":"COLERAIN 1","name":"COLERAIN 1","label":"COLERAIN 1","precinct_norm":"BERTIE - C1"},"geometry":{"type":"Point","coordinates":[-76.795546,36.189507]}},{"type":"Feature","properties":{"county_nam":"BERTIE","prec_id":"C2","enr_desc":"COLERAIN 2","name":"COLERAIN 2","label":"COLERAIN 2","precinct_norm":"BERTIE - C2"},"geometry":{"type":"Point","coordinates":[-76.896334,36.164711]}},{"type":"Feature","properties":{"county_nam":"LEE","prec_id":"C2","enr_desc":"C2","name":"C2","label":"C2","precinct_norm":"LEE - C2"},"geometry":{"type":"Point","coordinates":[-79.265118,35.402244]}},{"type":"Feature","properties":{"county_nam":"GUILFORD","prec_id":"G31","enr_desc":"G31","name":"G31","label":"G31","precinct_norm":"GUILFORD - G31"},"geometry":{"type":"Point","coordinates":[-79.831654,36.105317]}},{"type":"Feature","properties":{"county_nam":"ORANGE","prec_id":"CA","enr_desc":"CARR","name":"CARR","label":"CARR","precinct_norm":"ORANGE - CA"},"geometry":{"type":"Point","coordinates":[-79.230751,36.190428]}},{"type":"Feature","properties":{"county_nam":"GUILFORD","prec_id":"G32","enr_desc":"G32","name":"G32","label":"G32","precinct_norm":"GUILFORD - G32"},"geometry":{"type":"Point","coordinates":[-79.855614,36.109561]}},{"type":"Feature","properties":{"county_nam":"DUPLIN","prec_id":"CALY","enr_desc":"CALYPSO","name":"CALYPSO","label":"CALYPSO","precinct_norm":"DUPLIN - CALY"},"geometry":{"type":"Point","coordinates":[-78.083962,35.146951]}},{"type":"Feature","properties":{"county_nam":"MOORE","prec_id":"CAM","enr_desc":"CAMERON","name":"CAMERON","label":"CAMERON","precinct_norm":"MOORE - CAM"},"geometry":{"type":"Point","coordinates":[-79.28856,35.338688]}},{"type":"Feature","properties":{"county_nam":"MONTGOMERY","prec_id":"CAN","enr_desc":"CANDOR","name":"CANDOR","label":"CANDOR","precinct_norm":"MONTGOMERY - CAN"},"geometry":{"type":"Point","coordinates":[-79.796473,35.293595]}},{"type":"Feature","properties":{"county_nam":"JACKSON","prec_id":"CAN","enr_desc":"CANADA","name":"CANADA","label":"CANADA","precinct_norm":"JACKSON - CAN"},"geometry":{"type":"Point","coordinates":[-83.002851,35.223371]}},{"type":"Feature","properties":{"county_nam":"MOORE","prec_id":"CAR","enr_desc":"CARTHAGE","name":"CARTHAGE","label":"CARTHAGE","precinct_norm":"MOORE - CAR"},"geometry":{"type":"Point","coordinates":[-79.438122,35.403489]}},{"type":"Feature","properties":{"county_nam":"JACKSON","prec_id":"CAS","enr_desc":"CASHIERS","name":"CASHIERS","label":"CASHIERS","precinct_norm":"JACKSON - CAS"},"geometry":{"type":"Point","coordinates":[-83.090516,35.07977]}},{"type":"Feature","properties":{"county_nam":"CLEVELAND","prec_id":"CASAR","enr_desc":"CASAR","name":"CASAR","label":"CASAR","precinct_norm":"CLEVELAND - CASAR"},"geometry":{"type":"Point","coordinates":[-81.643238,35.530087]}},{"type":"Feature","properties":{"county_nam":"GREENE","prec_id":"CAST","enr_desc":"Voting District 00CAST","name":"Voting District 00CAST","label":"Voting District 00CAST","precinct_norm":"GREENE - CAST"},"geometry":{"type":"Point","coordinates":[-77.640626,35.563925]}},{"type":"Feature","properties":{"county_nam":"ORANGE","prec_id":"CB1","enr_desc":"CARRBORO","name":"CARRBORO","label":"CARRBORO","precinct_norm":"ORANGE - CB1"},"geometry":{"type":"Point","coordinates":[-79.08854,35.919106]}},{"type":"Feature","properties":{"county_nam":"GUILFORD","prec_id":"G33","enr_desc":"G33","name":"G33","label":"G33","precinct_norm":"GUILFORD - G33"},"geometry":{"type":"Point","coordinates":[-79.845684,36.09647]}},{"type":"Feature","properties":{"county_nam":"HENDERSON","prec_id":"CC","enr_desc":"CLEAR CREEK","name":"CLEAR CREEK","label":"CLEAR CREEK","precinct_norm":"HENDERSON - CC"},"geometry":{"type":"Point","coordinates":[-82.406611,35.390439]}},{"type":"Feature","properties":{"county_nam":"CUMBERLAND","prec_id":"CC03","enr_desc":"CROSS CREEK 03","name":"CROSS CREEK 03","label":"CROSS CREEK 03","precinct_norm":"CUMBERLAND - CC03"},"geometry":{"type":"Point","coordinates":[-78.961204,35.09585]}},{"type":"Feature","properties":{"county_nam":"CUMBERLAND","prec_id":"CC04","enr_desc":"CROSS CREEK 04","name":"CROSS CREEK 04","label":"CROSS CREEK 04","precinct_norm":"CUMBERLAND - CC04"},"geometry":{"type":"Point","coordinates":[-78.894304,35.061133]}},{"type":"Feature","properties":{"county_nam":"CUMBERLAND","prec_id":"CC06","enr_desc":"CROSS CREEK 06","name":"CROSS CREEK 06","label":"CROSS CREEK 06","precinct_norm":"CUMBERLAND - CC06"},"geometry":{"type":"Point","coordinates":[-78.914313,35.074624]}},{"type":"Feature","properties":{"county_nam":"CUMBERLAND","prec_id":"CC07","enr_desc":"CROSS CREEK 07","name":"CROSS CREEK 07","label":"CROSS CREEK 07","precinct_norm":"CUMBERLAND - CC07"},"geometry":{"type":"Point","coordinates":[-78.907852,35.062886]}},{"type":"Feature","properties":{"county_nam":"CUMBERLAND","prec_id":"CC08","enr_desc":"CROSS CREEK 08","name":"CROSS CREEK 08","label":"CROSS CREEK 08","precinct_norm":"CUMBERLAND - CC08"},"geometry":{"type":"Point","coordinates":[-78.906625,35.051291]}},{"type":"Feature","properties":{"county_nam":"CUMBERLAND","prec_id":"CC12","enr_desc":"CROSS CREEK 12","name":"CROSS CREEK 12","label":"CROSS CREEK 12","precinct_norm":"CUMBERLAND - CC12"},"geometry":{"type":"Point","coordinates":[-78.927157,35.058085]}},{"type":"Feature","properties":{"county_nam":"IREDELL","prec_id":"CC1","enr_desc":"CODDLE CREEK 1","name":"CODDLE CREEK 1","label":"CODDLE CREEK 1","precinct_norm":"IREDELL - CC1"},"geometry":{"type":"Point","coordinates":[-80.783054,35.542144]}},{"type":"Feature","properties":{"county_nam":"CUMBERLAND","prec_id":"CC10","enr_desc":"CROSS CREEK 10","name":"CROSS CREEK 10","label":"CROSS CREEK 10","precinct_norm":"CUMBERLAND - CC10"},"geometry":{"type":"Point","coordinates":[-78.917999,35.027026]}},{"type":"Feature","properties":{"county_nam":"CUMBERLAND","prec_id":"CC13","enr_desc":"CROSS CREEK 13","name":"CROSS CREEK 13","label":"CROSS CREEK 13","precinct_norm":"CUMBERLAND - CC13"},"geometry":{"type":"Point","coordinates":[-78.90642,35.078911]}},{"type":"Feature","properties":{"county_nam":"CUMBERLAND","prec_id":"CC14","enr_desc":"CROSS CREEK 14","name":"CROSS CREEK 14","label":"CROSS CREEK 14","precinct_norm":"CUMBERLAND - CC14"},"geometry":{"type":"Point","coordinates":[-78.941488,35.073271]}},{"type":"Feature","properties":{"county_nam":"CUMBERLAND","prec_id":"CC15","enr_desc":"CROSS CREEK 15","name":"CROSS CREEK 15","label":"CROSS CREEK 15","precinct_norm":"CUMBERLAND - CC15"},"geometry":{"type":"Point","coordinates":[-78.914729,35.038314]}},{"type":"Feature","properties":{"county_nam":"CUMBERLAND","prec_id":"CC16","enr_desc":"CROSS CREEK 16","name":"CROSS CREEK 16","label":"CROSS CREEK 16","precinct_norm":"CUMBERLAND - CC16"},"geometry":{"type":"Point","coordinates":[-78.894969,35.089362]}},{"type":"Feature","properties":{"county_nam":"CUMBERLAND","prec_id":"CC21","enr_desc":"CROSS CREEK 21","name":"CROSS CREEK 21","label":"CROSS CREEK 21","precinct_norm":"CUMBERLAND - CC21"},"geometry":{"type":"Point","coordinates":[-78.935986,35.085884]}},{"type":"Feature","properties":{"county_nam":"CUMBERLAND","prec_id":"CC17","enr_desc":"CROSS CREEK 17","name":"CROSS CREEK 17","label":"CROSS CREEK 17","precinct_norm":"CUMBERLAND - CC17"},"geometry":{"type":"Point","coordinates":[-78.92196,35.102501]}},{"type":"Feature","properties":{"county_nam":"CUMBERLAND","prec_id":"CC18","enr_desc":"CROSS CREEK 18","name":"CROSS CREEK 18","label":"CROSS CREEK 18","precinct_norm":"CUMBERLAND - CC18"},"geometry":{"type":"Point","coordinates":[-78.926624,35.050335]}},{"type":"Feature","properties":{"county_nam":"IREDELL","prec_id":"CC2","enr_desc":"CODDLE CREEK 2","name":"CODDLE CREEK 2","label":"CODDLE CREEK 2","precinct_norm":"IREDELL - CC2"},"geometry":{"type":"Point","coordinates":[-80.821719,35.609187]}},{"type":"Feature","properties":{"county_nam":"GUILFORD","prec_id":"G34","enr_desc":"G34","name":"G34","label":"G34","precinct_norm":"GUILFORD - G34"},"geometry":{"type":"Point","coordinates":[-79.860227,36.098363]}},{"type":"Feature","properties":{"county_nam":"CUMBERLAND","prec_id":"CC22A","enr_desc":"Cross Creek 22","name":"Cross Creek 22","label":"Cross Creek 22","precinct_norm":"CUMBERLAND - CC22A"},"geometry":{"type":"Point","coordinates":[-78.869818,35.124699]}},{"type":"Feature","properties":{"county_nam":"CUMBERLAND","prec_id":"CC23-2","enr_desc":"Cross Creek 23-2","name":"Cross Creek 23-2","label":"Cross Creek 23-2","precinct_norm":"CUMBERLAND - CC23-2"},"geometry":{"type":"Point","coordinates":[-78.88684,35.147082]}},{"type":"Feature","properties":{"county_nam":"CURRITUCK","prec_id":"GW","enr_desc":"GIBBS WOODS","name":"GIBBS WOODS","label":"GIBBS WOODS","precinct_norm":"CURRITUCK - GW"},"geometry":{"type":"Point","coordinates":[-76.060051,36.527283]}},{"type":"Feature","properties":{"county_nam":"CUMBERLAND","prec_id":"CC24","enr_desc":"CROSS CREEK 24","name":"CROSS CREEK 24","label":"CROSS CREEK 24","precinct_norm":"CUMBERLAND - CC24"},"geometry":{"type":"Point","coordinates":[-78.968262,35.070274]}},{"type":"Feature","properties":{"county_nam":"CUMBERLAND","prec_id":"CC26","enr_desc":"CROSS CREEK 26","name":"CROSS CREEK 26","label":"CROSS CREEK 26","precinct_norm":"CUMBERLAND - CC26"},"geometry":{"type":"Point","coordinates":[-78.98502,35.074712]}},{"type":"Feature","properties":{"county_nam":"CUMBERLAND","prec_id":"CC25","enr_desc":"CROSS CREEK 25","name":"CROSS CREEK 25","label":"CROSS CREEK 25","precinct_norm":"CUMBERLAND - CC25"},"geometry":{"type":"Point","coordinates":[-79.000876,35.073138]}},{"type":"Feature","properties":{"county_nam":"CUMBERLAND","prec_id":"CC29","enr_desc":"CROSS CREEK 29","name":"CROSS CREEK 29","label":"CROSS CREEK 29","precinct_norm":"CUMBERLAND - CC29"},"geometry":{"type":"Point","coordinates":[-78.966707,35.050723]}},{"type":"Feature","properties":{"county_nam":"CUMBERLAND","prec_id":"CC27","enr_desc":"CROSS CREEK 27","name":"CROSS CREEK 27","label":"CROSS CREEK 27","precinct_norm":"CUMBERLAND - CC27"},"geometry":{"type":"Point","coordinates":[-79.009725,35.068685]}},{"type":"Feature","properties":{"county_nam":"IREDELL","prec_id":"CC3-1","enr_desc":"CODDLE CREEK 3","name":"CODDLE CREEK 3","label":"CODDLE CREEK 3","precinct_norm":"IREDELL - CC3-1"},"geometry":{"type":"Point","coordinates":[-80.766995,35.56296]}},{"type":"Feature","properties":{"county_nam":"CUMBERLAND","prec_id":"CC31","enr_desc":"CROSS CREEK 31","name":"CROSS CREEK 31","label":"CROSS CREEK 31","precinct_norm":"CUMBERLAND - CC31"},"geometry":{"type":"Point","coordinates":[-78.962684,35.033974]}},{"type":"Feature","properties":{"county_nam":"CUMBERLAND","prec_id":"CC32","enr_desc":"CROSS CREEK 32","name":"CROSS CREEK 32","label":"CROSS CREEK 32","precinct_norm":"CUMBERLAND - CC32"},"geometry":{"type":"Point","coordinates":[-78.991202,35.092669]}},{"type":"Feature","properties":{"county_nam":"IREDELL","prec_id":"CC4-1","enr_desc":"CODDLE CREEK 4","name":"CODDLE CREEK 4","label":"CODDLE CREEK 4","precinct_norm":"IREDELL - CC4-1"},"geometry":{"type":"Point","coordinates":[-80.821155,35.543074]}},{"type":"Feature","properties":{"county_nam":"CUMBERLAND","prec_id":"CC519","enr_desc":"CROSS CREEK 519","name":"CROSS CREEK 519","label":"CROSS CREEK 519","precinct_norm":"CUMBERLAND - CC519"},"geometry":{"type":"Point","coordinates":[-78.874583,35.077333]}},{"type":"Feature","properties":{"county_nam":"MCDOWELL","prec_id":"CCREEK","enr_desc":"CROOKED CREEK","name":"CROOKED CREEK","label":"CROOKED CREEK","precinct_norm":"MCDOWELL - CCREEK"},"geometry":{"type":"Point","coordinates":[-82.192914,35.569366]}},{"type":"Feature","properties":{"county_nam":"IREDELL","prec_id":"CD","enr_desc":"CONCORD","name":"CONCORD","label":"CONCORD","precinct_norm":"IREDELL - CD"},"geometry":{"type":"Point","coordinates":[-80.988956,35.842808]}},{"type":"Feature","properties":{"county_nam":"HAYWOOD","prec_id":"CE","enr_desc":"CECIL","name":"CECIL","label":"CECIL","precinct_norm":"HAYWOOD - CE"},"geometry":{"type":"Point","coordinates":[-82.925732,35.374925]}},{"type":"Feature","properties":{"county_nam":"NEW HANOVER","prec_id":"CF01","enr_desc":"CF01","name":"CF01","label":"CF01","precinct_norm":"NEW HANOVER - CF01"},"geometry":{"type":"Point","coordinates":[-77.953099,34.283492]}},{"type":"Feature","properties":{"county_nam":"NEW HANOVER","prec_id":"CF02","enr_desc":"CF02","name":"CF02","label":"CF02","precinct_norm":"NEW HANOVER - CF02"},"geometry":{"type":"Point","coordinates":[-77.90289,34.345682]}},{"type":"Feature","properties":{"county_nam":"NEW HANOVER","prec_id":"CF05","enr_desc":"CF05","name":"CF05","label":"CF05","precinct_norm":"NEW HANOVER - CF05"},"geometry":{"type":"Point","coordinates":[-77.860807,34.306636]}},{"type":"Feature","properties":{"county_nam":"NEW HANOVER","prec_id":"CF06","enr_desc":"CF06","name":"CF06","label":"CF06","precinct_norm":"NEW HANOVER - CF06"},"geometry":{"type":"Point","coordinates":[-77.890918,34.289044]}},{"type":"Feature","properties":{"county_nam":"ORANGE","prec_id":"CF1","enr_desc":"CEDAR FALLS","name":"CEDAR FALLS","label":"CEDAR FALLS","precinct_norm":"ORANGE - CF1"},"geometry":{"type":"Point","coordinates":[-79.019727,35.953395]}},{"type":"Feature","properties":{"county_nam":"LINCOLN","prec_id":"CF19","enr_desc":"COWANS FORD","name":"COWANS FORD","label":"COWANS FORD","precinct_norm":"LINCOLN - CF19"},"geometry":{"type":"Point","coordinates":[-80.968108,35.452614]}},{"type":"Feature","properties":{"county_nam":"CRAVEN","prec_id":"CFB8","enr_desc":"COVE-FORT BARNWELL","name":"COVE-FORT BARNWELL","label":"COVE-FORT BARNWELL","precinct_norm":"CRAVEN - CFB8"},"geometry":{"type":"Point","coordinates":[-77.343076,35.219503]}},{"type":"Feature","properties":{"county_nam":"JACKSON","prec_id":"CFK","enr_desc":"CANEY FORK","name":"CANEY FORK","label":"CANEY FORK","precinct_norm":"JACKSON - CFK"},"geometry":{"type":"Point","coordinates":[-83.047763,35.328432]}},{"type":"Feature","properties":{"county_nam":"DUPLIN","prec_id":"CFRK","enr_desc":"CEDAR FORK","name":"CEDAR FORK","label":"CEDAR FORK","precinct_norm":"DUPLIN - CFRK"},"geometry":{"type":"Point","coordinates":[-77.696578,34.881667]}},{"type":"Feature","properties":{"county_nam":"ORANGE","prec_id":"CG","enr_desc":"CEDAR GROVE","name":"CEDAR GROVE","label":"CEDAR GROVE","precinct_norm":"ORANGE - CG"},"geometry":{"type":"Point","coordinates":[-79.17083,36.189354]}},{"type":"Feature","properties":{"county_nam":"POLK","prec_id":"CG05","enr_desc":"COOPERS GAP","name":"COOPERS GAP","label":"COOPERS GAP","precinct_norm":"POLK - CG05"},"geometry":{"type":"Point","coordinates":[-82.192873,35.35538]}},{"type":"Feature","properties":{"county_nam":"GUILFORD","prec_id":"CG2","enr_desc":"CG2","name":"CG2","label":"CG2","precinct_norm":"GUILFORD - CG2"},"geometry":{"type":"Point","coordinates":[-79.837849,36.158331]}},{"type":"Feature","properties":{"county_nam":"GUILFORD","prec_id":"CG3A","enr_desc":"CG3A","name":"CG3A","label":"CG3A","precinct_norm":"GUILFORD - CG3A"},"geometry":{"type":"Point","coordinates":[-79.807905,36.14599]}},{"type":"Feature","properties":{"county_nam":"PERQUIMANS","prec_id":"EAST H","enr_desc":"EAST HERTFORD","name":"EAST HERTFORD","label":"EAST HERTFORD","precinct_norm":"PERQUIMANS - EAST H"},"geometry":{"type":"Point","coordinates":[-76.499351,36.153437]}},{"type":"Feature","properties":{"county_nam":"GUILFORD","prec_id":"CG3B","enr_desc":"CG3B","name":"CG3B","label":"CG3B","precinct_norm":"GUILFORD - CG3B"},"geometry":{"type":"Point","coordinates":[-79.802854,36.160009]}},{"type":"Feature","properties":{"county_nam":"CAMDEN","prec_id":"CH","enr_desc":"COURTHOUSE","name":"COURTHOUSE","label":"COURTHOUSE","precinct_norm":"CAMDEN - CH"},"geometry":{"type":"Point","coordinates":[-76.174369,36.362529]}},{"type":"Feature","properties":{"county_nam":"MADISON","prec_id":"EBBS C","enr_desc":"EBBS CHAPEL","name":"EBBS CHAPEL","label":"EBBS CHAPEL","precinct_norm":"MADISON - EBBS C"},"geometry":{"type":"Point","coordinates":[-82.569115,35.931351]}},{"type":"Feature","properties":{"county_nam":"YADKIN","prec_id":"EBND","enr_desc":"EAST BEND","name":"EAST BEND","label":"EAST BEND","precinct_norm":"YADKIN - EBND"},"geometry":{"type":"Point","coordinates":[-80.494931,36.217753]}},{"type":"Feature","properties":{"county_nam":"HENDERSON","prec_id":"ED","enr_desc":"EDNEYVILLE","name":"EDNEYVILLE","label":"EDNEYVILLE","precinct_norm":"HENDERSON - ED"},"geometry":{"type":"Point","coordinates":[-82.337104,35.39904]}},{"type":"Feature","properties":{"county_nam":"BEAUFORT","prec_id":"EDWAR","enr_desc":"EDWARD","name":"EDWARD","label":"EDWARD","precinct_norm":"BEAUFORT - EDWAR"},"geometry":{"type":"Point","coordinates":[-76.890707,35.332566]}},{"type":"Feature","properties":{"county_nam":"DARE","prec_id":"KTHK","enr_desc":"KITTY HAWK","name":"KITTY HAWK","label":"KITTY HAWK","precinct_norm":"DARE - KTHK"},"geometry":{"type":"Point","coordinates":[-75.692656,36.071771]}},{"type":"Feature","properties":{"county_nam":"SAMPSON","prec_id":"LAKE","enr_desc":"LAKEWOOD","name":"LAKEWOOD","label":"LAKEWOOD","precinct_norm":"SAMPSON - LAKE"},"geometry":{"type":"Point","coordinates":[-78.463762,34.936962]}},{"type":"Feature","properties":{"county_nam":"NORTHAMPTON","prec_id":"LAKE G","enr_desc":"LAKE GASTON","name":"LAKE GASTON","label":"LAKE GASTON","precinct_norm":"NORTHAMPTON - LAKE G"},"geometry":{"type":"Point","coordinates":[-77.833911,36.515001]}},{"type":"Feature","properties":{"county_nam":"CURRITUCK","prec_id":"CH","enr_desc":"COURTHOUSE","name":"COURTHOUSE","label":"COURTHOUSE","precinct_norm":"CURRITUCK - CH"},"geometry":{"type":"Point","coordinates":[-76.010438,36.444333]}},{"type":"Feature","properties":{"county_nam":"ORANGE","prec_id":"CH","enr_desc":"COKER HILLS","name":"COKER HILLS","label":"COKER HILLS","precinct_norm":"ORANGE - CH"},"geometry":{"type":"Point","coordinates":[-79.034056,35.936652]}},{"type":"Feature","properties":{"county_nam":"IREDELL","prec_id":"CH-A","enr_desc":"CHAMBERSBURG-A","name":"CHAMBERSBURG-A","label":"CHAMBERSBURG-A","precinct_norm":"IREDELL - CH-A"},"geometry":{"type":"Point","coordinates":[-80.771777,35.782395]}},{"type":"Feature","properties":{"county_nam":"IREDELL","prec_id":"CH-B","enr_desc":"CHAMBERSBURG-B","name":"CHAMBERSBURG-B","label":"CHAMBERSBURG-B","precinct_norm":"IREDELL - CH-B"},"geometry":{"type":"Point","coordinates":[-80.805284,35.727286]}},{"type":"Feature","properties":{"county_nam":"DUPLIN","prec_id":"CHAR","enr_desc":"CHARITY","name":"CHARITY","label":"CHARITY","precinct_norm":"DUPLIN - CHAR"},"geometry":{"type":"Point","coordinates":[-77.910204,34.821191]}},{"type":"Feature","properties":{"county_nam":"DARE","prec_id":"CHCA","enr_desc":"CHICAMACOMICO","name":"CHICAMACOMICO","label":"CHICAMACOMICO","precinct_norm":"DARE - CHCA"},"geometry":{"type":"Point","coordinates":[-75.587487,35.658723]}},{"type":"Feature","properties":{"county_nam":"MONTGOMERY","prec_id":"CHE","enr_desc":"CHEEKS CREEK","name":"CHEEKS CREEK","label":"CHEEKS CREEK","precinct_norm":"MONTGOMERY - CHE"},"geometry":{"type":"Point","coordinates":[-79.841121,35.229028]}},{"type":"Feature","properties":{"county_nam":"DUPLIN","prec_id":"CHIN","enr_desc":"CHINQUAPIN","name":"CHINQUAPIN","label":"CHINQUAPIN","precinct_norm":"DUPLIN - CHIN"},"geometry":{"type":"Point","coordinates":[-77.712492,34.828994]}},{"type":"Feature","properties":{"county_nam":"BEAUFORT","prec_id":"CHOCO","enr_desc":"CHOCOWINITY","name":"CHOCOWINITY","label":"CHOCOWINITY","precinct_norm":"BEAUFORT - CHOCO"},"geometry":{"type":"Point","coordinates":[-77.118939,35.448662]}},{"type":"Feature","properties":{"county_nam":"HAYWOOD","prec_id":"CLS","enr_desc":"CLYDE SOUTH","name":"CLYDE SOUTH","label":"CLYDE SOUTH","precinct_norm":"HAYWOOD - CLS"},"geometry":{"type":"Point","coordinates":[-82.916618,35.517378]}},{"type":"Feature","properties":{"county_nam":"PENDER","prec_id":"CL05","enr_desc":"COLUMBIA","name":"COLUMBIA","label":"COLUMBIA","precinct_norm":"PENDER - CL05"},"geometry":{"type":"Point","coordinates":[-78.123556,34.604256]}},{"type":"Feature","properties":{"county_nam":"POLK","prec_id":"CL07","enr_desc":"COLUMBUS-1","name":"COLUMBUS-1","label":"COLUMBUS-1","precinct_norm":"POLK - CL07"},"geometry":{"type":"Point","coordinates":[-82.165949,35.262491]}},{"type":"Feature","properties":{"county_nam":"POLK","prec_id":"CL08","enr_desc":"COLUMBUS-2","name":"COLUMBUS-2","label":"COLUMBUS-2","precinct_norm":"POLK - CL08"},"geometry":{"type":"Point","coordinates":[-82.155074,35.229987]}},{"type":"Feature","properties":{"county_nam":"ONSLOW","prec_id":"CL10","enr_desc":"CATHERINE LAKE","name":"CATHERINE LAKE","label":"CATHERINE LAKE","precinct_norm":"ONSLOW - CL10"},"geometry":{"type":"Point","coordinates":[-77.614735,34.829303]}},{"type":"Feature","properties":{"county_nam":"CUMBERLAND","prec_id":"CL57-1","enr_desc":"CLIFFDALE_WEST- 1-CL57","name":"CLIFFDALE_WEST- 1-CL57","label":"CLIFFDALE_WEST- 1-CL57","precinct_norm":"CUMBERLAND - CL57-1"},"geometry":{"type":"Point","coordinates":[-79.050823,35.069788]}},{"type":"Feature","properties":{"county_nam":"ORANGE","prec_id":"ES","enr_desc":"EASTSIDE","name":"EASTSIDE","label":"EASTSIDE","precinct_norm":"ORANGE - ES"},"geometry":{"type":"Point","coordinates":[-79.011455,35.940734]}},{"type":"Feature","properties":{"county_nam":"HENDERSON","prec_id":"ES","enr_desc":"ETOWAH SOUTH","name":"ETOWAH SOUTH","label":"ETOWAH SOUTH","precinct_norm":"HENDERSON - ES"},"geometry":{"type":"Point","coordinates":[-82.58657,35.290563]}},{"type":"Feature","properties":{"county_nam":"CHATHAM","prec_id":"ESC114","enr_desc":"EAST SILER CITY","name":"EAST SILER CITY","label":"EAST SILER CITY","precinct_norm":"CHATHAM - ESC114"},"geometry":{"type":"Point","coordinates":[-79.426855,35.71194]}},{"type":"Feature","properties":{"county_nam":"CUMBERLAND","prec_id":"CL57-2","enr_desc":"CLIFFDALE_WEST- 2-CL57","name":"CLIFFDALE_WEST- 2-CL57","label":"CLIFFDALE_WEST- 2-CL57","precinct_norm":"CUMBERLAND - CL57-2"},"geometry":{"type":"Point","coordinates":[-79.080376,35.052978]}},{"type":"Feature","properties":{"county_nam":"SAMPSON","prec_id":"CLCE","enr_desc":"CLINTON, CENTRAL","name":"CLINTON, CENTRAL","label":"CLINTON, CENTRAL","precinct_norm":"SAMPSON - CLCE"},"geometry":{"type":"Point","coordinates":[-78.321389,34.994434]}},{"type":"Feature","properties":{"county_nam":"ORANGE","prec_id":"CO","enr_desc":"COLONIAL HEIGHTS","name":"COLONIAL HEIGHTS","label":"COLONIAL HEIGHTS","precinct_norm":"ORANGE - CO"},"geometry":{"type":"Point","coordinates":[-79.065928,35.933907]}},{"type":"Feature","properties":{"county_nam":"GUILFORD","prec_id":"H21","enr_desc":"H21","name":"H21","label":"H21","precinct_norm":"GUILFORD - H21"},"geometry":{"type":"Point","coordinates":[-80.018255,36.000949]}},{"type":"Feature","properties":{"county_nam":"DARE","prec_id":"COL","enr_desc":"COLINGTON","name":"COLINGTON","label":"COLINGTON","precinct_norm":"DARE - COL"},"geometry":{"type":"Point","coordinates":[-75.718961,36.007266]}},{"type":"Feature","properties":{"county_nam":"NORTHAMPTON","prec_id":"COMIPE","enr_desc":"Conway/MILWAUKEE/PENDLETON","name":"Conway/MILWAUKEE/PENDLETON","label":"Conway/MILWAUKEE/PENDLETON","precinct_norm":"NORTHAMPTON - COMIPE"},"geometry":{"type":"Point","coordinates":[-77.22373,36.435751]}},{"type":"Feature","properties":{"county_nam":"HALIFAX","prec_id":"CONC","enr_desc":"CONOCONNARA","name":"CONOCONNARA","label":"CONOCONNARA","precinct_norm":"HALIFAX - CONC"},"geometry":{"type":"Point","coordinates":[-77.466344,36.221008]}},{"type":"Feature","properties":{"county_nam":"GRANVILLE","prec_id":"CORI","enr_desc":"Voting District 00CORI","name":"Voting District 00CORI","label":"Voting District 00CORI","precinct_norm":"GRANVILLE - CORI"},"geometry":{"type":"Point","coordinates":[-78.585828,36.243672]}},{"type":"Feature","properties":{"county_nam":"HAYWOOD","prec_id":"CR","enr_desc":"CRABTREE","name":"CRABTREE","label":"CRABTREE","precinct_norm":"HAYWOOD - CR"},"geometry":{"type":"Point","coordinates":[-82.905194,35.611635]}},{"type":"Feature","properties":{"county_nam":"MARTIN","prec_id":"CR","enr_desc":"CROSS ROADS","name":"CROSS ROADS","label":"CROSS ROADS","precinct_norm":"MARTIN - CR"},"geometry":{"type":"Point","coordinates":[-77.172771,35.793085]}},{"type":"Feature","properties":{"county_nam":"ONSLOW","prec_id":"CR07","enr_desc":"CROSS ROADS","name":"CROSS ROADS","label":"CROSS ROADS","precinct_norm":"ONSLOW - CR07"},"geometry":{"type":"Point","coordinates":[-77.532509,34.756759]}},{"type":"Feature","properties":{"county_nam":"NEW HANOVER","prec_id":"FP08","enr_desc":"FP08","name":"FP08","label":"FP08","precinct_norm":"NEW HANOVER - FP08"},"geometry":{"type":"Point","coordinates":[-77.876334,34.047522]}},{"type":"Feature","properties":{"county_nam":"GRANVILLE","prec_id":"CRDL","enr_desc":"Voting District 00CRDL","name":"Voting District 00CRDL","label":"Voting District 00CRDL","precinct_norm":"GRANVILLE - CRDL"},"geometry":{"type":"Point","coordinates":[-78.600408,36.325382]}},{"type":"Feature","properties":{"county_nam":"HENDERSON","prec_id":"FR","enr_desc":"FLAT ROCK","name":"FLAT ROCK","label":"FLAT ROCK","precinct_norm":"HENDERSON - FR"},"geometry":{"type":"Point","coordinates":[-82.462607,35.269193]}},{"type":"Feature","properties":{"county_nam":"GUILFORD","prec_id":"H24","enr_desc":"H24","name":"H24","label":"H24","precinct_norm":"GUILFORD - H24"},"geometry":{"type":"Point","coordinates":[-80.029321,36.030262]}},{"type":"Feature","properties":{"county_nam":"GRANVILLE","prec_id":"CRDM","enr_desc":"Voting District 00CRDM","name":"Voting District 00CRDM","label":"Voting District 00CRDM","precinct_norm":"GRANVILLE - CRDM"},"geometry":{"type":"Point","coordinates":[-78.705798,36.125813]}},{"type":"Feature","properties":{"county_nam":"NORTHAMPTON","prec_id":"CREEKS","enr_desc":"CREEKSVILLE","name":"CREEKSVILLE","label":"CREEKSVILLE","precinct_norm":"NORTHAMPTON - CREEKS"},"geometry":{"type":"Point","coordinates":[-77.323291,36.408167]}},{"type":"Feature","properties":{"county_nam":"IREDELL","prec_id":"CS","enr_desc":"COOL SPRINGS","name":"COOL SPRINGS","label":"COOL SPRINGS","precinct_norm":"IREDELL - CS"},"geometry":{"type":"Point","coordinates":[-80.767554,35.850808]}},{"type":"Feature","properties":{"county_nam":"ORANGE","prec_id":"CS1","enr_desc":"COLES STORE","name":"COLES STORE","label":"COLES STORE","precinct_norm":"ORANGE - CS1"},"geometry":{"type":"Point","coordinates":[-79.101702,36.0009]}},{"type":"Feature","properties":{"county_nam":"CHEROKEE","prec_id":"CSON","enr_desc":"CULBERSON","name":"CULBERSON","label":"CULBERSON","precinct_norm":"CHEROKEE - CSON"},"geometry":{"type":"Point","coordinates":[-84.194835,35.013782]}},{"type":"Feature","properties":{"county_nam":"CUMBERLAND","prec_id":"CU02","enr_desc":"CUMBERLAND 2","name":"CUMBERLAND 2","label":"CUMBERLAND 2","precinct_norm":"CUMBERLAND - CU02"},"geometry":{"type":"Point","coordinates":[-78.962188,35.020711]}},{"type":"Feature","properties":{"county_nam":"PERSON","prec_id":"CUCL","enr_desc":"CUNNINGHAM/CHUB LAKE","name":"CUNNINGHAM/CHUB LAKE","label":"CUNNINGHAM/CHUB LAKE","precinct_norm":"PERSON - CUCL"},"geometry":{"type":"Point","coordinates":[-79.061388,36.493033]}},{"type":"Feature","properties":{"county_nam":"JACKSON","prec_id":"CUL","enr_desc":"CULLOWHEE","name":"CULLOWHEE","label":"CULLOWHEE","precinct_norm":"JACKSON - CUL"},"geometry":{"type":"Point","coordinates":[-83.188678,35.300671]}},{"type":"Feature","properties":{"county_nam":"ORANGE","prec_id":"CW","enr_desc":"CALDWELL","name":"CALDWELL","label":"CALDWELL","precinct_norm":"ORANGE - CW"},"geometry":{"type":"Point","coordinates":[-79.013396,36.189638]}},{"type":"Feature","properties":{"county_nam":"ORANGE","prec_id":"CX","enr_desc":"CHEEKS","name":"CHEEKS","label":"CHEEKS","precinct_norm":"ORANGE - CX"},"geometry":{"type":"Point","coordinates":[-79.226482,36.08572]}},{"type":"Feature","properties":{"county_nam":"DUPLIN","prec_id":"CYCK","enr_desc":"CYPRESS CREEK","name":"CYPRESS CREEK","label":"CYPRESS CREEK","precinct_norm":"DUPLIN - CYCK"},"geometry":{"type":"Point","coordinates":[-77.756907,34.774968]}},{"type":"Feature","properties":{"county_nam":"LEE","prec_id":"D1","enr_desc":"D1","name":"D1","label":"D1","precinct_norm":"LEE - D1"},"geometry":{"type":"Point","coordinates":[-79.285848,35.478884]}},{"type":"Feature","properties":{"county_nam":"LEE","prec_id":"D2","enr_desc":"D2","name":"D2","label":"D2","precinct_norm":"LEE - D2"},"geometry":{"type":"Point","coordinates":[-79.216723,35.5211]}},{"type":"Feature","properties":{"county_nam":"GUILFORD","prec_id":"H25","enr_desc":"H25","name":"H25","label":"H25","precinct_norm":"GUILFORD - H25"},"geometry":{"type":"Point","coordinates":[-80.008333,36.033276]}},{"type":"Feature","properties":{"county_nam":"MOORE","prec_id":"DHR","enr_desc":"DEEP RIVER/HIGH FALLS/RITTER","name":"DEEP RIVER/HIGH FALLS/RITTER","label":"DEEP RIVER/HIGH FALLS/RITTER","precinct_norm":"MOORE - DHR"},"geometry":{"type":"Point","coordinates":[-79.488015,35.462476]}},{"type":"Feature","properties":{"county_nam":"ORANGE","prec_id":"DM","enr_desc":"DAMASCUS","name":"DAMASCUS","label":"DAMASCUS","precinct_norm":"ORANGE - DM"},"geometry":{"type":"Point","coordinates":[-79.088996,35.881663]}},{"type":"Feature","properties":{"county_nam":"FORSYTH","prec_id":"902","enr_desc":"BRUNSON ELEMENTARY","name":"BRUNSON ELEMENTARY","label":"BRUNSON ELEMENTARY","precinct_norm":"FORSYTH - 902"},"geometry":{"type":"Point","coordinates":[-80.256007,36.097604]}},{"type":"Feature","properties":{"county_nam":"LINCOLN","prec_id":"DN29","enr_desc":"DENVER","name":"DENVER","label":"DENVER","precinct_norm":"LINCOLN - DN29"},"geometry":{"type":"Point","coordinates":[-80.989679,35.53408]}},{"type":"Feature","properties":{"county_nam":"RANDOLPH","prec_id":"DR","enr_desc":"DEEP RIVER","name":"DEEP RIVER","label":"DEEP RIVER","precinct_norm":"RANDOLPH - DR"},"geometry":{"type":"Point","coordinates":[-79.727619,35.758545]}},{"type":"Feature","properties":{"county_nam":"TRANSYLVANIA","prec_id":"DR","enr_desc":"DUNNS ROCK","name":"DUNNS ROCK","label":"DUNNS ROCK","precinct_norm":"TRANSYLVANIA - DR"},"geometry":{"type":"Point","coordinates":[-82.719803,35.176341]}},{"type":"Feature","properties":{"county_nam":"DARE","prec_id":"DUCK","enr_desc":"DUCK","name":"DUCK","label":"DUCK","precinct_norm":"DARE - DUCK"},"geometry":{"type":"Point","coordinates":[-75.743696,36.194437]}},{"type":"Feature","properties":{"county_nam":"LINCOLN","prec_id":"DV08","enr_desc":"DANIELS/VALE","name":"DANIELS/VALE","label":"DANIELS/VALE","precinct_norm":"LINCOLN - DV08"},"geometry":{"type":"Point","coordinates":[-81.352479,35.522797]}},{"type":"Feature","properties":{"county_nam":"IREDELL","prec_id":"DV1B-1","enr_desc":"DAVIDSON 1-B","name":"DAVIDSON 1-B","label":"DAVIDSON 1-B","precinct_norm":"IREDELL - DV1B-1"},"geometry":{"type":"Point","coordinates":[-80.922034,35.540538]}},{"type":"Feature","properties":{"county_nam":"IREDELL","prec_id":"DV2A-1","enr_desc":"DAVIDSON 2-A","name":"DAVIDSON 2-A","label":"DAVIDSON 2-A","precinct_norm":"IREDELL - DV2A-1"},"geometry":{"type":"Point","coordinates":[-80.876867,35.570959]}},{"type":"Feature","properties":{"county_nam":"GUILFORD","prec_id":"FR3","enr_desc":"FR3","name":"FR3","label":"FR3","precinct_norm":"GUILFORD - FR3"},"geometry":{"type":"Point","coordinates":[-79.899268,36.130407]}},{"type":"Feature","properties":{"county_nam":"GUILFORD","prec_id":"FR4","enr_desc":"FR4","name":"FR4","label":"FR4","precinct_norm":"GUILFORD - FR4"},"geometry":{"type":"Point","coordinates":[-79.923794,36.110573]}},{"type":"Feature","properties":{"county_nam":"IREDELL","prec_id":"DV2B-1","enr_desc":"DAVIDSON 2-B","name":"DAVIDSON 2-B","label":"DAVIDSON 2-B","precinct_norm":"IREDELL - DV2B-1"},"geometry":{"type":"Point","coordinates":[-80.860285,35.544779]}},{"type":"Feature","properties":{"county_nam":"LINCOLN","prec_id":"DW28","enr_desc":"DENVER WEST","name":"DENVER WEST","label":"DENVER WEST","precinct_norm":"LINCOLN - DW28"},"geometry":{"type":"Point","coordinates":[-81.046616,35.503019]}},{"type":"Feature","properties":{"county_nam":"MCDOWELL","prec_id":"DYSART","enr_desc":"DYSARTSVILLE","name":"DYSARTSVILLE","label":"DYSARTSVILLE","precinct_norm":"MCDOWELL - DYSART"},"geometry":{"type":"Point","coordinates":[-81.883364,35.618821]}},{"type":"Feature","properties":{"county_nam":"ALEXANDER","prec_id":"E","enr_desc":"ELLENDALE","name":"ELLENDALE","label":"ELLENDALE","precinct_norm":"ALEXANDER - E"},"geometry":{"type":"Point","coordinates":[-81.281971,35.928126]}},{"type":"Feature","properties":{"county_nam":"LEE","prec_id":"E1","enr_desc":"E1","name":"E1","label":"E1","precinct_norm":"LEE - E1"},"geometry":{"type":"Point","coordinates":[-79.055042,35.490139]}},{"type":"Feature","properties":{"county_nam":"LEE","prec_id":"E2","enr_desc":"E2","name":"E2","label":"E2","precinct_norm":"LEE - E2"},"geometry":{"type":"Point","coordinates":[-79.108049,35.434713]}},{"type":"Feature","properties":{"county_nam":"GUILFORD","prec_id":"FR5A","enr_desc":"FR5A","name":"FR5A","label":"FR5A","precinct_norm":"GUILFORD - FR5A"},"geometry":{"type":"Point","coordinates":[-79.944596,36.121597]}},{"type":"Feature","properties":{"county_nam":"ORANGE","prec_id":"EA1","enr_desc":"EAST FRANKLIN","name":"EAST FRANKLIN","label":"EAST FRANKLIN","precinct_norm":"ORANGE - EA1"},"geometry":{"type":"Point","coordinates":[-79.047008,35.920399]}},{"type":"Feature","properties":{"county_nam":"MOORE","prec_id":"EAB","enr_desc":"EAST ABERDEEN","name":"EAST ABERDEEN","label":"EAST ABERDEEN","precinct_norm":"MOORE - EAB"},"geometry":{"type":"Point","coordinates":[-79.412076,35.118809]}},{"type":"Feature","properties":{"county_nam":"GRANVILLE","prec_id":"EAOX","enr_desc":"Voting District 00EAOX","name":"Voting District 00EAOX","label":"Voting District 00EAOX","precinct_norm":"GRANVILLE - EAOX"},"geometry":{"type":"Point","coordinates":[-78.581092,36.317937]}},{"type":"Feature","properties":{"county_nam":"PASQUOTANK","prec_id":"EAST","enr_desc":"EAST ELIZABETH CITY","name":"EAST ELIZABETH CITY","label":"EAST ELIZABETH CITY","precinct_norm":"PASQUOTANK - EAST"},"geometry":{"type":"Point","coordinates":[-76.193809,36.283004]}},{"type":"Feature","properties":{"county_nam":"GRAHAM","prec_id":"EAST","enr_desc":"EAST WARD","name":"EAST WARD","label":"EAST WARD","precinct_norm":"GRAHAM - EAST"},"geometry":{"type":"Point","coordinates":[-83.748442,35.316501]}},{"type":"Feature","properties":{"county_nam":"HENDERSON","prec_id":"EF","enr_desc":"EAST FLAT ROCK","name":"EAST FLAT ROCK","label":"EAST FLAT ROCK","precinct_norm":"HENDERSON - EF"},"geometry":{"type":"Point","coordinates":[-82.404655,35.271173]}},{"type":"Feature","properties":{"county_nam":"HAYWOOD","prec_id":"EF","enr_desc":"EAST FORK","name":"EAST FORK","label":"EAST FORK","precinct_norm":"HAYWOOD - EF"},"geometry":{"type":"Point","coordinates":[-82.81923,35.39432]}},{"type":"Feature","properties":{"county_nam":"ORANGE","prec_id":"EF","enr_desc":"EFLAND","name":"EFLAND","label":"EFLAND","precinct_norm":"ORANGE - EF"},"geometry":{"type":"Point","coordinates":[-79.16281,36.084666]}},{"type":"Feature","properties":{"county_nam":"TRANSYLVANIA","prec_id":"EF","enr_desc":"EAST FORK","name":"EAST FORK","label":"EAST FORK","precinct_norm":"TRANSYLVANIA - EF"},"geometry":{"type":"Point","coordinates":[-82.738104,35.11193]}},{"type":"Feature","properties":{"county_nam":"ORANGE","prec_id":"EH","enr_desc":"ESTES HILLS","name":"ESTES HILLS","label":"ESTES HILLS","precinct_norm":"ORANGE - EH"},"geometry":{"type":"Point","coordinates":[-79.045065,35.9406]}},{"type":"Feature","properties":{"county_nam":"MOORE","prec_id":"EKWD","enr_desc":"EAST KNOLLWOOD","name":"EAST KNOLLWOOD","label":"EAST KNOLLWOOD","precinct_norm":"MOORE - EKWD"},"geometry":{"type":"Point","coordinates":[-79.36269,35.217783]}},{"type":"Feature","properties":{"county_nam":"DARE","prec_id":"EL","enr_desc":"EAST LAKE","name":"EAST LAKE","label":"EAST LAKE","precinct_norm":"DARE - EL"},"geometry":{"type":"Point","coordinates":[-75.929841,35.842147]}},{"type":"Feature","properties":{"county_nam":"MONTGOMERY","prec_id":"ELD","enr_desc":"ELDORADO","name":"ELDORADO","label":"ELDORADO","precinct_norm":"MONTGOMERY - ELD"},"geometry":{"type":"Point","coordinates":[-80.059725,35.444155]}},{"type":"Feature","properties":{"county_nam":"IREDELL","prec_id":"EM","enr_desc":"EAGLE MILLS","name":"EAGLE MILLS","label":"EAGLE MILLS","precinct_norm":"IREDELL - EM"},"geometry":{"type":"Point","coordinates":[-80.753011,35.999722]}},{"type":"Feature","properties":{"county_nam":"GUILFORD","prec_id":"FR5B","enr_desc":"FR5B","name":"FR5B","label":"FR5B","precinct_norm":"GUILFORD - FR5B"},"geometry":{"type":"Point","coordinates":[-79.956089,36.135086]}},{"type":"Feature","properties":{"county_nam":"DARE","prec_id":"FRCO","enr_desc":"FRISCO","name":"FRISCO","label":"FRISCO","precinct_norm":"DARE - FRCO"},"geometry":{"type":"Point","coordinates":[-75.621874,35.257839]}},{"type":"Feature","properties":{"county_nam":"ONSLOW","prec_id":"FS16","enr_desc":"FOLKSTONE","name":"FOLKSTONE","label":"FOLKSTONE","precinct_norm":"ONSLOW - FS16"},"geometry":{"type":"Point","coordinates":[-77.395707,34.494345]}},{"type":"Feature","properties":{"county_nam":"IREDELL","prec_id":"FT","enr_desc":"FALLSTOWN","name":"FALLSTOWN","label":"FALLSTOWN","precinct_norm":"IREDELL - FT"},"geometry":{"type":"Point","coordinates":[-80.927415,35.679176]}},{"type":"Feature","properties":{"county_nam":"ONSLOW","prec_id":"EN03","enr_desc":"EAST NORTHWOODS","name":"EAST NORTHWOODS","label":"EAST NORTHWOODS","precinct_norm":"ONSLOW - EN03"},"geometry":{"type":"Point","coordinates":[-77.384756,34.81516]}},{"type":"Feature","properties":{"county_nam":"HALIFAX","prec_id":"ENF 2","enr_desc":"ENFIELD 2","name":"ENFIELD 2","label":"ENFIELD 2","precinct_norm":"HALIFAX - ENF 2"},"geometry":{"type":"Point","coordinates":[-77.604479,36.164967]}},{"type":"Feature","properties":{"county_nam":"HALIFAX","prec_id":"ENF1","enr_desc":"ENFIELD 1","name":"ENFIELD 1","label":"ENFIELD 1","precinct_norm":"HALIFAX - ENF1"},"geometry":{"type":"Point","coordinates":[-77.730018,36.212836]}},{"type":"Feature","properties":{"county_nam":"HYDE","prec_id":"ENG","enr_desc":"ENGELHARD","name":"ENGELHARD","label":"ENGELHARD","precinct_norm":"HYDE - ENG"},"geometry":{"type":"Point","coordinates":[-75.981108,35.562174]}},{"type":"Feature","properties":{"county_nam":"ORANGE","prec_id":"ENO","enr_desc":"ENO","name":"ENO","label":"ENO","precinct_norm":"ORANGE - ENO"},"geometry":{"type":"Point","coordinates":[-79.024214,36.059312]}},{"type":"Feature","properties":{"county_nam":"CUMBERLAND","prec_id":"EO01","enr_desc":"EASTOVER 1","name":"EASTOVER 1","label":"EASTOVER 1","precinct_norm":"CUMBERLAND - EO01"},"geometry":{"type":"Point","coordinates":[-78.814809,35.103144]}},{"type":"Feature","properties":{"county_nam":"CUMBERLAND","prec_id":"EO02","enr_desc":"EASTOVER 2","name":"EASTOVER 2","label":"EASTOVER 2","precinct_norm":"CUMBERLAND - EO02"},"geometry":{"type":"Point","coordinates":[-78.730477,35.086341]}},{"type":"Feature","properties":{"county_nam":"MOORE","prec_id":"EUR-WP","enr_desc":"EUREKA/WHISPERING PINES","name":"EUREKA/WHISPERING PINES","label":"EUREKA/WHISPERING PINES","precinct_norm":"MOORE - EUR-WP"},"geometry":{"type":"Point","coordinates":[-79.376271,35.258786]}},{"type":"Feature","properties":{"county_nam":"HENDERSON","prec_id":"EV","enr_desc":"ETOWAH VALLEY","name":"ETOWAH VALLEY","label":"ETOWAH VALLEY","precinct_norm":"HENDERSON - EV"},"geometry":{"type":"Point","coordinates":[-82.613754,35.330524]}},{"type":"Feature","properties":{"county_nam":"MOORE","prec_id":"EWD","enr_desc":"EASTWOOD","name":"EASTWOOD","label":"EASTWOOD","precinct_norm":"MOORE - EWD"},"geometry":{"type":"Point","coordinates":[-79.458451,35.252409]}},{"type":"Feature","properties":{"county_nam":"DUPLIN","prec_id":"FAIS","enr_desc":"FAISON","name":"FAISON","label":"FAISON","precinct_norm":"DUPLIN - FAIS"},"geometry":{"type":"Point","coordinates":[-78.113263,35.101875]}},{"type":"Feature","properties":{"county_nam":"CLEVELAND","prec_id":"FALSTN","enr_desc":"FALSTN","name":"FALSTN","label":"FALSTN","precinct_norm":"CLEVELAND - FALSTN"},"geometry":{"type":"Point","coordinates":[-81.492634,35.415755]}},{"type":"Feature","properties":{"county_nam":"HALIFAX","prec_id":"FAUCT","enr_desc":"FAUCETT","name":"FAUCETT","label":"FAUCETT","precinct_norm":"HALIFAX - FAUCT"},"geometry":{"type":"Point","coordinates":[-77.743343,36.340249]}},{"type":"Feature","properties":{"county_nam":"YADKIN","prec_id":"FBSH","enr_desc":"FORBUSH","name":"FORBUSH","label":"FORBUSH","precinct_norm":"YADKIN - FBSH"},"geometry":{"type":"Point","coordinates":[-80.513143,36.138466]}},{"type":"Feature","properties":{"county_nam":"LENOIR","prec_id":"FC","enr_desc":"FALLING CREEK","name":"FALLING CREEK","label":"FALLING CREEK","precinct_norm":"LENOIR - FC"},"geometry":{"type":"Point","coordinates":[-77.67331,35.273334]}},{"type":"Feature","properties":{"county_nam":"HAYWOOD","prec_id":"FC-1","enr_desc":"FINES CREEK 1","name":"FINES CREEK 1","label":"FINES CREEK 1","precinct_norm":"HAYWOOD - FC-1"},"geometry":{"type":"Point","coordinates":[-82.97258,35.715809]}},{"type":"Feature","properties":{"county_nam":"HAYWOOD","prec_id":"FC-2","enr_desc":"FINES CREEK 2","name":"FINES CREEK 2","label":"FINES CREEK 2","precinct_norm":"HAYWOOD - FC-2"},"geometry":{"type":"Point","coordinates":[-82.978104,35.64836]}},{"type":"Feature","properties":{"county_nam":"GUILFORD","prec_id":"FEN1","enr_desc":"FEN1","name":"FEN1","label":"FEN1","precinct_norm":"GUILFORD - FEN1"},"geometry":{"type":"Point","coordinates":[-79.756115,36.009271]}},{"type":"Feature","properties":{"county_nam":"GUILFORD","prec_id":"FEN2","enr_desc":"FEN2","name":"FEN2","label":"FEN2","precinct_norm":"GUILFORD - FEN2"},"geometry":{"type":"Point","coordinates":[-79.723156,35.994653]}},{"type":"Feature","properties":{"county_nam":"HYDE","prec_id":"FF","enr_desc":"FAIRFIELD","name":"FAIRFIELD","label":"FAIRFIELD","precinct_norm":"HYDE - FF"},"geometry":{"type":"Point","coordinates":[-76.219974,35.589813]}},{"type":"Feature","properties":{"county_nam":"HENDERSON","prec_id":"FL","enr_desc":"FLETCHER","name":"FLETCHER","label":"FLETCHER","precinct_norm":"HENDERSON - FL"},"geometry":{"type":"Point","coordinates":[-82.508564,35.428649]}},{"type":"Feature","properties":{"county_nam":"GUILFORD","prec_id":"G01","enr_desc":"G01","name":"G01","label":"G01","precinct_norm":"GUILFORD - G01"},"geometry":{"type":"Point","coordinates":[-79.779563,36.080852]}},{"type":"Feature","properties":{"county_nam":"MCDOWELL","prec_id":"FORT 1","enr_desc":"OLD FORT 1","name":"OLD FORT 1","label":"OLD FORT 1","precinct_norm":"MCDOWELL - FORT 1"},"geometry":{"type":"Point","coordinates":[-82.209016,35.677645]}},{"type":"Feature","properties":{"county_nam":"MCDOWELL","prec_id":"FORT 2","enr_desc":"OLD FORT 2","name":"OLD FORT 2","label":"OLD FORT 2","precinct_norm":"MCDOWELL - FORT 2"},"geometry":{"type":"Point","coordinates":[-82.189918,35.61693]}},{"type":"Feature","properties":{"county_nam":"GUILFORD","prec_id":"G04","enr_desc":"G04","name":"G04","label":"G04","precinct_norm":"GUILFORD - G04"},"geometry":{"type":"Point","coordinates":[-79.749292,36.085544]}},{"type":"Feature","properties":{"county_nam":"NEW HANOVER","prec_id":"FP03","enr_desc":"FP03","name":"FP03","label":"FP03","precinct_norm":"NEW HANOVER - FP03"},"geometry":{"type":"Point","coordinates":[-77.907102,33.902146]}},{"type":"Feature","properties":{"county_nam":"NEW HANOVER","prec_id":"FP04","enr_desc":"FP04","name":"FP04","label":"FP04","precinct_norm":"NEW HANOVER - FP04"},"geometry":{"type":"Point","coordinates":[-77.874589,34.097493]}},{"type":"Feature","properties":{"county_nam":"GUILFORD","prec_id":"G10","enr_desc":"G10","name":"G10","label":"G10","precinct_norm":"GUILFORD - G10"},"geometry":{"type":"Point","coordinates":[-79.754859,36.133282]}},{"type":"Feature","properties":{"county_nam":"CUMBERLAND","prec_id":"G10A","enr_desc":"STONEY POINT 2-G10","name":"STONEY POINT 2-G10","label":"STONEY POINT 2-G10","precinct_norm":"CUMBERLAND - G10A"},"geometry":{"type":"Point","coordinates":[-79.019024,34.99311]}},{"type":"Feature","properties":{"county_nam":"NEW HANOVER","prec_id":"FP06","enr_desc":"FP06","name":"FP06","label":"FP06","precinct_norm":"NEW HANOVER - FP06"},"geometry":{"type":"Point","coordinates":[-77.918336,34.112007]}},{"type":"Feature","properties":{"county_nam":"NEW HANOVER","prec_id":"FP07","enr_desc":"FP07","name":"FP07","label":"FP07","precinct_norm":"NEW HANOVER - FP07"},"geometry":{"type":"Point","coordinates":[-77.914014,34.077069]}},{"type":"Feature","properties":{"county_nam":"CUMBERLAND","prec_id":"G11B","enr_desc":"MANCHESTER-G11","name":"MANCHESTER-G11","label":"MANCHESTER-G11","precinct_norm":"CUMBERLAND - G11B"},"geometry":{"type":"Point","coordinates":[-79.010034,35.136803]}},{"type":"Feature","properties":{"county_nam":"GUILFORD","prec_id":"FR1","enr_desc":"FR1","name":"FR1","label":"FR1","precinct_norm":"GUILFORD - FR1"},"geometry":{"type":"Point","coordinates":[-79.904806,36.04105]}},{"type":"Feature","properties":{"county_nam":"GUILFORD","prec_id":"G12","enr_desc":"G12","name":"G12","label":"G12","precinct_norm":"GUILFORD - G12"},"geometry":{"type":"Point","coordinates":[-79.801234,36.081425]}},{"type":"Feature","properties":{"county_nam":"GUILFORD","prec_id":"FR2","enr_desc":"FR2","name":"FR2","label":"FR2","precinct_norm":"GUILFORD - FR2"},"geometry":{"type":"Point","coordinates":[-79.927709,36.04277]}},{"type":"Feature","properties":{"county_nam":"GUILFORD","prec_id":"G13","enr_desc":"G13","name":"G13","label":"G13","precinct_norm":"GUILFORD - G13"},"geometry":{"type":"Point","coordinates":[-79.815597,36.081555]}},{"type":"Feature","properties":{"county_nam":"GUILFORD","prec_id":"G02","enr_desc":"G02","name":"G02","label":"G02","precinct_norm":"GUILFORD - G02"},"geometry":{"type":"Point","coordinates":[-79.773418,36.095126]}},{"type":"Feature","properties":{"county_nam":"GUILFORD","prec_id":"G14","enr_desc":"G14","name":"G14","label":"G14","precinct_norm":"GUILFORD - G14"},"geometry":{"type":"Point","coordinates":[-79.819955,36.073475]}},{"type":"Feature","properties":{"county_nam":"GUILFORD","prec_id":"G15","enr_desc":"G15","name":"G15","label":"G15","precinct_norm":"GUILFORD - G15"},"geometry":{"type":"Point","coordinates":[-79.828075,36.075656]}},{"type":"Feature","properties":{"county_nam":"GUILFORD","prec_id":"G03","enr_desc":"G03","name":"G03","label":"G03","precinct_norm":"GUILFORD - G03"},"geometry":{"type":"Point","coordinates":[-79.75772,36.097916]}},{"type":"Feature","properties":{"county_nam":"GUILFORD","prec_id":"G05","enr_desc":"G05","name":"G05","label":"G05","precinct_norm":"GUILFORD - G05"},"geometry":{"type":"Point","coordinates":[-79.745079,36.101292]}},{"type":"Feature","properties":{"county_nam":"GUILFORD","prec_id":"G16","enr_desc":"G16","name":"G16","label":"G16","precinct_norm":"GUILFORD - G16"},"geometry":{"type":"Point","coordinates":[-79.838581,36.079742]}},{"type":"Feature","properties":{"county_nam":"GUILFORD","prec_id":"G06","enr_desc":"G06","name":"G06","label":"G06","precinct_norm":"GUILFORD - G06"},"geometry":{"type":"Point","coordinates":[-79.728502,36.103575]}},{"type":"Feature","properties":{"county_nam":"GUILFORD","prec_id":"G17","enr_desc":"G17","name":"G17","label":"G17","precinct_norm":"GUILFORD - G17"},"geometry":{"type":"Point","coordinates":[-79.82696,36.090567]}},{"type":"Feature","properties":{"county_nam":"GUILFORD","prec_id":"G07","enr_desc":"G07","name":"G07","label":"G07","precinct_norm":"GUILFORD - G07"},"geometry":{"type":"Point","coordinates":[-79.76909,36.107518]}},{"type":"Feature","properties":{"county_nam":"GUILFORD","prec_id":"G08","enr_desc":"G08","name":"G08","label":"G08","precinct_norm":"GUILFORD - G08"},"geometry":{"type":"Point","coordinates":[-79.772431,36.115296]}},{"type":"Feature","properties":{"county_nam":"GUILFORD","prec_id":"G09","enr_desc":"G09","name":"G09","label":"G09","precinct_norm":"GUILFORD - G09"},"geometry":{"type":"Point","coordinates":[-79.773376,36.135935]}},{"type":"Feature","properties":{"county_nam":"CUMBERLAND","prec_id":"G10B","enr_desc":"HOPE MILLS 4-G10","name":"HOPE MILLS 4-G10","label":"HOPE MILLS 4-G10","precinct_norm":"CUMBERLAND - G10B"},"geometry":{"type":"Point","coordinates":[-78.98394,34.967226]}},{"type":"Feature","properties":{"county_nam":"CUMBERLAND","prec_id":"G10C","enr_desc":"STONEY POINT 1-G10","name":"STONEY POINT 1-G10","label":"STONEY POINT 1-G10","precinct_norm":"CUMBERLAND - G10C"},"geometry":{"type":"Point","coordinates":[-79.027615,34.980283]}},{"type":"Feature","properties":{"county_nam":"GUILFORD","prec_id":"G11","enr_desc":"G11","name":"G11","label":"G11","precinct_norm":"GUILFORD - G11"},"geometry":{"type":"Point","coordinates":[-79.793049,36.080803]}},{"type":"Feature","properties":{"county_nam":"CUMBERLAND","prec_id":"G1A","enr_desc":"CROSS CREEK 02-G1","name":"CROSS CREEK 02-G1","label":"CROSS CREEK 02-G1","precinct_norm":"CUMBERLAND - G1A"},"geometry":{"type":"Point","coordinates":[-78.834311,35.022674]}},{"type":"Feature","properties":{"county_nam":"CUMBERLAND","prec_id":"G1B","enr_desc":"JUDSON-VANDER-G1","name":"JUDSON-VANDER-G1","label":"JUDSON-VANDER-G1","precinct_norm":"CUMBERLAND - G1B"},"geometry":{"type":"Point","coordinates":[-78.799056,35.026442]}},{"type":"Feature","properties":{"county_nam":"ALEXANDER","prec_id":"G1G2","enr_desc":"GWALTNEY 1 2","name":"GWALTNEY 1 2","label":"GWALTNEY 1 2","precinct_norm":"ALEXANDER - G1G2"},"geometry":{"type":"Point","coordinates":[-81.042944,35.967391]}},{"type":"Feature","properties":{"county_nam":"GUILFORD","prec_id":"G21","enr_desc":"G21","name":"G21","label":"G21","precinct_norm":"GUILFORD - G21"},"geometry":{"type":"Point","coordinates":[-79.793371,36.11984]}},{"type":"Feature","properties":{"county_nam":"GUILFORD","prec_id":"G22","enr_desc":"G22","name":"G22","label":"G22","precinct_norm":"GUILFORD - G22"},"geometry":{"type":"Point","coordinates":[-79.809723,36.115615]}},{"type":"Feature","properties":{"county_nam":"GUILFORD","prec_id":"G26","enr_desc":"G26","name":"G26","label":"G26","precinct_norm":"GUILFORD - G26"},"geometry":{"type":"Point","coordinates":[-79.793589,36.138723]}},{"type":"Feature","properties":{"county_nam":"GUILFORD","prec_id":"G27","enr_desc":"G27","name":"G27","label":"G27","precinct_norm":"GUILFORD - G27"},"geometry":{"type":"Point","coordinates":[-79.823693,36.145811]}},{"type":"Feature","properties":{"county_nam":"CUMBERLAND","prec_id":"G2A","enr_desc":"CROSS CREEK 09-G2","name":"CROSS CREEK 09-G2","label":"CROSS CREEK 09-G2","precinct_norm":"CUMBERLAND - G2A"},"geometry":{"type":"Point","coordinates":[-78.890679,35.108611]}},{"type":"Feature","properties":{"county_nam":"GUILFORD","prec_id":"G35","enr_desc":"G35","name":"G35","label":"G35","precinct_norm":"GUILFORD - G35"},"geometry":{"type":"Point","coordinates":[-79.854591,36.083896]}},{"type":"Feature","properties":{"county_nam":"CUMBERLAND","prec_id":"G2C-1","enr_desc":"CROSS CREEK 23-G2C-1","name":"CROSS CREEK 23-G2C-1","label":"CROSS CREEK 23-G2C-1","precinct_norm":"CUMBERLAND - G2C-1"},"geometry":{"type":"Point","coordinates":[-78.889567,35.132914]}},{"type":"Feature","properties":{"county_nam":"GUILFORD","prec_id":"G38","enr_desc":"G38","name":"G38","label":"G38","precinct_norm":"GUILFORD - G38"},"geometry":{"type":"Point","coordinates":[-79.880431,36.084577]}},{"type":"Feature","properties":{"county_nam":"CUMBERLAND","prec_id":"G2E-2","enr_desc":"WESTAREA-G2E-2","name":"WESTAREA-G2E-2","label":"WESTAREA-G2E-2","precinct_norm":"CUMBERLAND - G2E-2"},"geometry":{"type":"Point","coordinates":[-78.93634,35.114445]}},{"type":"Feature","properties":{"county_nam":"GUILFORD","prec_id":"G36","enr_desc":"G36","name":"G36","label":"G36","precinct_norm":"GUILFORD - G36"},"geometry":{"type":"Point","coordinates":[-79.864238,36.080669]}},{"type":"Feature","properties":{"county_nam":"GUILFORD","prec_id":"G37","enr_desc":"G37","name":"G37","label":"G37","precinct_norm":"GUILFORD - G37"},"geometry":{"type":"Point","coordinates":[-79.877619,36.074975]}},{"type":"Feature","properties":{"county_nam":"CUMBERLAND","prec_id":"G3B","enr_desc":"CROSS CREEK 11-G3","name":"CROSS CREEK 11-G3","label":"CROSS CREEK 11-G3","precinct_norm":"CUMBERLAND - G3B"},"geometry":{"type":"Point","coordinates":[-78.893024,35.030094]}},{"type":"Feature","properties":{"county_nam":"CUMBERLAND","prec_id":"G3C","enr_desc":"PEARCES MILL 3-G3","name":"PEARCES MILL 3-G3","label":"PEARCES MILL 3-G3","precinct_norm":"CUMBERLAND - G3C"},"geometry":{"type":"Point","coordinates":[-78.876833,34.9923]}},{"type":"Feature","properties":{"county_nam":"GUILFORD","prec_id":"G40A1","enr_desc":"G40A1","name":"G40A1","label":"G40A1","precinct_norm":"GUILFORD - G40A1"},"geometry":{"type":"Point","coordinates":[-79.875614,36.115961]}},{"type":"Feature","properties":{"county_nam":"GUILFORD","prec_id":"G40A2","enr_desc":"G40A2","name":"G40A2","label":"G40A2","precinct_norm":"GUILFORD - G40A2"},"geometry":{"type":"Point","coordinates":[-79.87889,36.131155]}},{"type":"Feature","properties":{"county_nam":"GUILFORD","prec_id":"G40B","enr_desc":"G40B","name":"G40B","label":"G40B","precinct_norm":"GUILFORD - G40B"},"geometry":{"type":"Point","coordinates":[-79.865764,36.126606]}},{"type":"Feature","properties":{"county_nam":"GUILFORD","prec_id":"G47","enr_desc":"G47","name":"G47","label":"G47","precinct_norm":"GUILFORD - G47"},"geometry":{"type":"Point","coordinates":[-79.813477,36.052977]}},{"type":"Feature","properties":{"county_nam":"GUILFORD","prec_id":"G41A","enr_desc":"G41A","name":"G41A","label":"G41A","precinct_norm":"GUILFORD - G41A"},"geometry":{"type":"Point","coordinates":[-79.906462,36.107812]}},{"type":"Feature","properties":{"county_nam":"GUILFORD","prec_id":"G48","enr_desc":"G48","name":"G48","label":"G48","precinct_norm":"GUILFORD - G48"},"geometry":{"type":"Point","coordinates":[-79.834506,36.064284]}},{"type":"Feature","properties":{"county_nam":"GUILFORD","prec_id":"G41B","enr_desc":"G41B","name":"G41B","label":"G41B","precinct_norm":"GUILFORD - G41B"},"geometry":{"type":"Point","coordinates":[-79.890141,36.112556]}},{"type":"Feature","properties":{"county_nam":"GUILFORD","prec_id":"G42A","enr_desc":"G42A","name":"G42A","label":"G42A","precinct_norm":"GUILFORD - G42A"},"geometry":{"type":"Point","coordinates":[-79.915669,36.094333]}},{"type":"Feature","properties":{"county_nam":"CUMBERLAND","prec_id":"G4B","enr_desc":"CROSS CREEK 20-G4","name":"CROSS CREEK 20-G4","label":"CROSS CREEK 20-G4","precinct_norm":"CUMBERLAND - G4B"},"geometry":{"type":"Point","coordinates":[-78.933859,35.020642]}},{"type":"Feature","properties":{"county_nam":"CUMBERLAND","prec_id":"G4C","enr_desc":"PEARCES MILL 4-G4","name":"PEARCES MILL 4-G4","label":"PEARCES MILL 4-G4","precinct_norm":"CUMBERLAND - G4C"},"geometry":{"type":"Point","coordinates":[-78.940527,35.008401]}},{"type":"Feature","properties":{"county_nam":"GUILFORD","prec_id":"G51","enr_desc":"G51","name":"G51","label":"G51","precinct_norm":"GUILFORD - G51"},"geometry":{"type":"Point","coordinates":[-79.827369,36.048978]}},{"type":"Feature","properties":{"county_nam":"GUILFORD","prec_id":"G52","enr_desc":"G52","name":"G52","label":"G52","precinct_norm":"GUILFORD - G52"},"geometry":{"type":"Point","coordinates":[-79.800679,36.03997]}},{"type":"Feature","properties":{"county_nam":"GUILFORD","prec_id":"G53","enr_desc":"G53","name":"G53","label":"G53","precinct_norm":"GUILFORD - G53"},"geometry":{"type":"Point","coordinates":[-79.796921,36.018171]}},{"type":"Feature","properties":{"county_nam":"GUILFORD","prec_id":"G54","enr_desc":"G54","name":"G54","label":"G54","precinct_norm":"GUILFORD - G54"},"geometry":{"type":"Point","coordinates":[-79.813531,36.026455]}},{"type":"Feature","properties":{"county_nam":"GUILFORD","prec_id":"G59","enr_desc":"G59","name":"G59","label":"G59","precinct_norm":"GUILFORD - G59"},"geometry":{"type":"Point","coordinates":[-79.848866,36.019303]}},{"type":"Feature","properties":{"county_nam":"NEW HANOVER","prec_id":"H05","enr_desc":"H05","name":"H05","label":"H05","precinct_norm":"NEW HANOVER - H05"},"geometry":{"type":"Point","coordinates":[-77.849264,34.247515]}},{"type":"Feature","properties":{"county_nam":"CUMBERLAND","prec_id":"G5A-1","enr_desc":"AUMAN-G5A-1","name":"AUMAN-G5A-1","label":"AUMAN-G5A-1","precinct_norm":"CUMBERLAND - G5A-1"},"geometry":{"type":"Point","coordinates":[-79.010862,35.025606]}},{"type":"Feature","properties":{"county_nam":"CUMBERLAND","prec_id":"G5A-2","enr_desc":"AUMAN-G5A-2","name":"AUMAN-G5A-2","label":"AUMAN-G5A-2","precinct_norm":"CUMBERLAND - G5A-2"},"geometry":{"type":"Point","coordinates":[-79.047853,35.01756]}},{"type":"Feature","properties":{"county_nam":"CUMBERLAND","prec_id":"G5B-1","enr_desc":"CROSS CREEK 28-G5B-1","name":"CROSS CREEK 28-G5B-1","label":"CROSS CREEK 28-G5B-1","precinct_norm":"CUMBERLAND - G5B-1"},"geometry":{"type":"Point","coordinates":[-78.99462,35.048132]}},{"type":"Feature","properties":{"county_nam":"CUMBERLAND","prec_id":"G5C","enr_desc":"BRENTWOOD-G5","name":"BRENTWOOD-G5","label":"BRENTWOOD-G5","precinct_norm":"CUMBERLAND - G5C"},"geometry":{"type":"Point","coordinates":[-78.978602,35.032543]}},{"type":"Feature","properties":{"county_nam":"NEW HANOVER","prec_id":"H06","enr_desc":"H06","name":"H06","label":"H06","precinct_norm":"NEW HANOVER - H06"},"geometry":{"type":"Point","coordinates":[-77.851071,34.262822]}},{"type":"Feature","properties":{"county_nam":"GUILFORD","prec_id":"G60","enr_desc":"G60","name":"G60","label":"G60","precinct_norm":"GUILFORD - G60"},"geometry":{"type":"Point","coordinates":[-79.858686,36.031548]}},{"type":"Feature","properties":{"county_nam":"GUILFORD","prec_id":"G72","enr_desc":"G72","name":"G72","label":"G72","precinct_norm":"GUILFORD - G72"},"geometry":{"type":"Point","coordinates":[-79.740963,36.074131]}},{"type":"Feature","properties":{"county_nam":"GUILFORD","prec_id":"G73","enr_desc":"G73","name":"G73","label":"G73","precinct_norm":"GUILFORD - G73"},"geometry":{"type":"Point","coordinates":[-79.7782,36.048554]}},{"type":"Feature","properties":{"county_nam":"GUILFORD","prec_id":"G75","enr_desc":"G75","name":"G75","label":"G75","precinct_norm":"GUILFORD - G75"},"geometry":{"type":"Point","coordinates":[-79.774196,36.034854]}},{"type":"Feature","properties":{"county_nam":"CUMBERLAND","prec_id":"G7A","enr_desc":"BLACK RIVER-G7","name":"BLACK RIVER-G7","label":"BLACK RIVER-G7","precinct_norm":"CUMBERLAND - G7A"},"geometry":{"type":"Point","coordinates":[-78.674906,35.188257]}},{"type":"Feature","properties":{"county_nam":"CUMBERLAND","prec_id":"G8A","enr_desc":"CUMBERLAND 4-G8","name":"CUMBERLAND 4-G8","label":"CUMBERLAND 4-G8","precinct_norm":"CUMBERLAND - G8A"},"geometry":{"type":"Point","coordinates":[-78.984196,35.008709]}},{"type":"Feature","properties":{"county_nam":"CUMBERLAND","prec_id":"G8B","enr_desc":"CUMBERLAND 1A-G8","name":"CUMBERLAND 1A-G8","label":"CUMBERLAND 1A-G8","precinct_norm":"CUMBERLAND - G8B"},"geometry":{"type":"Point","coordinates":[-78.991464,35.000687]}},{"type":"Feature","properties":{"county_nam":"GUILFORD","prec_id":"H03","enr_desc":"H03","name":"H03","label":"H03","precinct_norm":"GUILFORD - H03"},"geometry":{"type":"Point","coordinates":[-79.998749,35.940397]}},{"type":"Feature","properties":{"county_nam":"CUMBERLAND","prec_id":"G8C","enr_desc":"CUMBERLAND 3-G8","name":"CUMBERLAND 3-G8","label":"CUMBERLAND 3-G8","precinct_norm":"CUMBERLAND - G8C"},"geometry":{"type":"Point","coordinates":[-78.965818,35.001965]}},{"type":"Feature","properties":{"county_nam":"CUMBERLAND","prec_id":"G8D","enr_desc":"HOPE MILLS 1A-G8","name":"HOPE MILLS 1A-G8","label":"HOPE MILLS 1A-G8","precinct_norm":"CUMBERLAND - G8D"},"geometry":{"type":"Point","coordinates":[-78.956144,34.969624]}},{"type":"Feature","properties":{"county_nam":"GUILFORD","prec_id":"H06","enr_desc":"H06","name":"H06","label":"H06","precinct_norm":"GUILFORD - H06"},"geometry":{"type":"Point","coordinates":[-79.936927,35.971632]}},{"type":"Feature","properties":{"county_nam":"CUMBERLAND","prec_id":"G9B-1","enr_desc":"HOPE MILLS 2-G9B-1","name":"HOPE MILLS 2-G9B-1","label":"HOPE MILLS 2-G9B-1","precinct_norm":"CUMBERLAND - G9B-1"},"geometry":{"type":"Point","coordinates":[-78.972613,34.939229]}},{"type":"Feature","properties":{"county_nam":"CUMBERLAND","prec_id":"G9B-2","enr_desc":"HOPE MILLS 2-G9B-2","name":"HOPE MILLS 2-G9B-2","label":"HOPE MILLS 2-G9B-2","precinct_norm":"CUMBERLAND - G9B-2"},"geometry":{"type":"Point","coordinates":[-78.912345,34.937257]}},{"type":"Feature","properties":{"county_nam":"NORTHAMPTON","prec_id":"GALATI","enr_desc":"GALATIA","name":"GALATIA","label":"GALATIA","precinct_norm":"NORTHAMPTON - GALATI"},"geometry":{"type":"Point","coordinates":[-77.329378,36.489865]}},{"type":"Feature","properties":{"county_nam":"NORTHAMPTON","prec_id":"GAPL","enr_desc":"GARYSBURG/PLEASA_PLEASANT HILL","name":"GARYSBURG/PLEASA_PLEASANT HILL","label":"GARYSBURG/PLEASA_PLEASANT HILL","precinct_norm":"NORTHAMPTON - GAPL"},"geometry":{"type":"Point","coordinates":[-77.526809,36.424166]}},{"type":"Feature","properties":{"county_nam":"SAMPSON","prec_id":"GARL","enr_desc":"GARLAND","name":"GARLAND","label":"GARLAND","precinct_norm":"SAMPSON - GARL"},"geometry":{"type":"Point","coordinates":[-78.381536,34.793065]}},{"type":"Feature","properties":{"county_nam":"NORTHAMPTON","prec_id":"GASTON","enr_desc":"GASTON","name":"GASTON","label":"GASTON","precinct_norm":"NORTHAMPTON - GASTON"},"geometry":{"type":"Point","coordinates":[-77.688682,36.495252]}},{"type":"Feature","properties":{"county_nam":"GUILFORD","prec_id":"H07","enr_desc":"H07","name":"H07","label":"H07","precinct_norm":"GUILFORD - H07"},"geometry":{"type":"Point","coordinates":[-79.983799,35.95393]}},{"type":"Feature","properties":{"county_nam":"ORANGE","prec_id":"GB","enr_desc":"GRADY BROWN","name":"GRADY BROWN","label":"GRADY BROWN","precinct_norm":"ORANGE - GB"},"geometry":{"type":"Point","coordinates":[-79.105368,36.05048]}},{"type":"Feature","properties":{"county_nam":"ONSLOW","prec_id":"GB12","enr_desc":"GUM BRANCH","name":"GUM BRANCH","label":"GUM BRANCH","precinct_norm":"ONSLOW - GB12"},"geometry":{"type":"Point","coordinates":[-77.454703,34.882823]}},{"type":"Feature","properties":{"county_nam":"POLK","prec_id":"GC09","enr_desc":"GREEN CREEK","name":"GREEN CREEK","label":"GREEN CREEK","precinct_norm":"POLK - GC09"},"geometry":{"type":"Point","coordinates":[-82.025668,35.251744]}},{"type":"Feature","properties":{"county_nam":"JACKSON","prec_id":"GCK","enr_desc":"GREENS CREEK","name":"GREENS CREEK","label":"GREENS CREEK","precinct_norm":"JACKSON - GCK"},"geometry":{"type":"Point","coordinates":[-83.290963,35.328418]}},{"type":"Feature","properties":{"county_nam":"CHEROKEE","prec_id":"GCRK","enr_desc":"GRAPE CREEK","name":"GRAPE CREEK","label":"GRAPE CREEK","precinct_norm":"CHEROKEE - GCRK"},"geometry":{"type":"Point","coordinates":[-84.150592,35.128518]}},{"type":"Feature","properties":{"county_nam":"GUILFORD","prec_id":"GIB","enr_desc":"GIB","name":"GIB","label":"GIB","precinct_norm":"GUILFORD - GIB"},"geometry":{"type":"Point","coordinates":[-79.554257,36.103583]}},{"type":"Feature","properties":{"county_nam":"SAMPSON","prec_id":"GIDD","enr_desc":"GIDDENSVILLE","name":"GIDDENSVILLE","label":"GIDDENSVILLE","precinct_norm":"SAMPSON - GIDD"},"geometry":{"type":"Point","coordinates":[-78.215257,35.134613]}},{"type":"Feature","properties":{"county_nam":"BEAUFORT","prec_id":"GILEA","enr_desc":"GILEAD","name":"GILEAD","label":"GILEAD","precinct_norm":"BEAUFORT - GILEA"},"geometry":{"type":"Point","coordinates":[-77.008876,35.455434]}},{"type":"Feature","properties":{"county_nam":"ORANGE","prec_id":"GL","enr_desc":"GLENWOOD","name":"GLENWOOD","label":"GLENWOOD","precinct_norm":"ORANGE - GL"},"geometry":{"type":"Point","coordinates":[-79.018205,35.907406]}},{"type":"Feature","properties":{"county_nam":"MCDOWELL","prec_id":"GLENWD","enr_desc":"GLENWOOD","name":"GLENWOOD","label":"GLENWOOD","precinct_norm":"MCDOWELL - GLENWD"},"geometry":{"type":"Point","coordinates":[-81.960403,35.585669]}},{"type":"Feature","properties":{"county_nam":"DUPLIN","prec_id":"GLIS","enr_desc":"GLISSON","name":"GLISSON","label":"GLISSON","precinct_norm":"DUPLIN - GLIS"},"geometry":{"type":"Point","coordinates":[-77.867552,35.086694]}},{"type":"Feature","properties":{"county_nam":"JACKSON","prec_id":"GLV","enr_desc":"GLENVILLE","name":"GLENVILLE","label":"GLENVILLE","precinct_norm":"JACKSON - GLV"},"geometry":{"type":"Point","coordinates":[-83.137032,35.17153]}},{"type":"Feature","properties":{"county_nam":"HENDERSON","prec_id":"GM","enr_desc":"GRIMESDALE","name":"GRIMESDALE","label":"GRIMESDALE","precinct_norm":"HENDERSON - GM"},"geometry":{"type":"Point","coordinates":[-82.469555,35.364515]}},{"type":"Feature","properties":{"county_nam":"HENDERSON","prec_id":"GR","enr_desc":"GREEN RIVER","name":"GREEN RIVER","label":"GREEN RIVER","precinct_norm":"HENDERSON - GR"},"geometry":{"type":"Point","coordinates":[-82.481271,35.200964]}},{"type":"Feature","properties":{"county_nam":"GUILFORD","prec_id":"GR","enr_desc":"GR","name":"GR","label":"GR","precinct_norm":"GUILFORD - GR"},"geometry":{"type":"Point","coordinates":[-79.583765,35.957657]}},{"type":"Feature","properties":{"county_nam":"MADISON","prec_id":"GRAPEV","enr_desc":"GRAPEVINE","name":"GRAPEVINE","label":"GRAPEVINE","precinct_norm":"MADISON - GRAPEV"},"geometry":{"type":"Point","coordinates":[-82.606204,35.856924]}},{"type":"Feature","properties":{"county_nam":"GUILFORD","prec_id":"H08","enr_desc":"H08","name":"H08","label":"H08","precinct_norm":"GUILFORD - H08"},"geometry":{"type":"Point","coordinates":[-79.998364,35.95131]}},{"type":"Feature","properties":{"county_nam":"NEW HANOVER","prec_id":"H08","enr_desc":"H08","name":"H08","label":"H08","precinct_norm":"NEW HANOVER - H08"},"geometry":{"type":"Point","coordinates":[-77.797788,34.264024]}},{"type":"Feature","properties":{"county_nam":"CLEVELAND","prec_id":"GROVER","enr_desc":"GROVER","name":"GROVER","label":"GROVER","precinct_norm":"CLEVELAND - GROVER"},"geometry":{"type":"Point","coordinates":[-81.44068,35.19382]}},{"type":"Feature","properties":{"county_nam":"ANSON","prec_id":"GULL","enr_desc":"GULLEDGE","name":"GULLEDGE","label":"GULLEDGE","precinct_norm":"ANSON - GULL"},"geometry":{"type":"Point","coordinates":[-80.108444,34.864415]}},{"type":"Feature","properties":{"county_nam":"ORANGE","prec_id":"H","enr_desc":"HILLSBOROUGH","name":"HILLSBOROUGH","label":"HILLSBOROUGH","precinct_norm":"ORANGE - H"},"geometry":{"type":"Point","coordinates":[-79.099807,36.074729]}},{"type":"Feature","properties":{"county_nam":"GUILFORD","prec_id":"H01","enr_desc":"H01","name":"H01","label":"H01","precinct_norm":"GUILFORD - H01"},"geometry":{"type":"Point","coordinates":[-80.030613,35.934181]}},{"type":"Feature","properties":{"county_nam":"GUILFORD","prec_id":"H09","enr_desc":"H09","name":"H09","label":"H09","precinct_norm":"GUILFORD - H09"},"geometry":{"type":"Point","coordinates":[-79.994229,35.964825]}},{"type":"Feature","properties":{"county_nam":"NEW HANOVER","prec_id":"H01","enr_desc":"H01","name":"H01","label":"H01","precinct_norm":"NEW HANOVER - H01"},"geometry":{"type":"Point","coordinates":[-77.87814,34.265157]}},{"type":"Feature","properties":{"county_nam":"NEW HANOVER","prec_id":"H02","enr_desc":"H02","name":"H02","label":"H02","precinct_norm":"NEW HANOVER - H02"},"geometry":{"type":"Point","coordinates":[-77.810742,34.237167]}},{"type":"Feature","properties":{"county_nam":"GUILFORD","prec_id":"H02","enr_desc":"H02","name":"H02","label":"H02","precinct_norm":"GUILFORD - H02"},"geometry":{"type":"Point","coordinates":[-80.030451,35.951239]}},{"type":"Feature","properties":{"county_nam":"GUILFORD","prec_id":"H10","enr_desc":"H10","name":"H10","label":"H10","precinct_norm":"GUILFORD - H10"},"geometry":{"type":"Point","coordinates":[-79.967298,35.977171]}},{"type":"Feature","properties":{"county_nam":"NEW HANOVER","prec_id":"H11","enr_desc":"H11","name":"H11","label":"H11","precinct_norm":"NEW HANOVER - H11"},"geometry":{"type":"Point","coordinates":[-77.793069,34.310628]}},{"type":"Feature","properties":{"county_nam":"GUILFORD","prec_id":"H11","enr_desc":"H11","name":"H11","label":"H11","precinct_norm":"GUILFORD - H11"},"geometry":{"type":"Point","coordinates":[-79.990462,35.97429]}},{"type":"Feature","properties":{"county_nam":"GUILFORD","prec_id":"H04","enr_desc":"H04","name":"H04","label":"H04","precinct_norm":"GUILFORD - H04"},"geometry":{"type":"Point","coordinates":[-79.976473,35.934881]}},{"type":"Feature","properties":{"county_nam":"GUILFORD","prec_id":"H12","enr_desc":"H12","name":"H12","label":"H12","precinct_norm":"GUILFORD - H12"},"geometry":{"type":"Point","coordinates":[-80.008,35.967452]}},{"type":"Feature","properties":{"county_nam":"NEW HANOVER","prec_id":"H12","enr_desc":"H12","name":"H12","label":"H12","precinct_norm":"NEW HANOVER - H12"},"geometry":{"type":"Point","coordinates":[-77.731443,34.269759]}},{"type":"Feature","properties":{"county_nam":"NEW HANOVER","prec_id":"H04","enr_desc":"H04","name":"H04","label":"H04","precinct_norm":"NEW HANOVER - H04"},"geometry":{"type":"Point","coordinates":[-77.8427,34.228907]}},{"type":"Feature","properties":{"county_nam":"GUILFORD","prec_id":"H05","enr_desc":"H05","name":"H05","label":"H05","precinct_norm":"GUILFORD - H05"},"geometry":{"type":"Point","coordinates":[-79.961382,35.962379]}},{"type":"Feature","properties":{"county_nam":"NEW HANOVER","prec_id":"H10","enr_desc":"H10","name":"H10","label":"H10","precinct_norm":"NEW HANOVER - H10"},"geometry":{"type":"Point","coordinates":[-77.84936,34.278008]}},{"type":"Feature","properties":{"county_nam":"NEW HANOVER","prec_id":"H13","enr_desc":"H13","name":"H13","label":"H13","precinct_norm":"NEW HANOVER - H13"},"geometry":{"type":"Point","coordinates":[-77.763687,34.297037]}},{"type":"Feature","properties":{"county_nam":"GUILFORD","prec_id":"H13","enr_desc":"H13","name":"H13","label":"H13","precinct_norm":"GUILFORD - H13"},"geometry":{"type":"Point","coordinates":[-80.021372,35.961931]}},{"type":"Feature","properties":{"county_nam":"GUILFORD","prec_id":"H14","enr_desc":"H14","name":"H14","label":"H14","precinct_norm":"GUILFORD - H14"},"geometry":{"type":"Point","coordinates":[-80.039354,35.96533]}},{"type":"Feature","properties":{"county_nam":"GUILFORD","prec_id":"H15","enr_desc":"H15","name":"H15","label":"H15","precinct_norm":"GUILFORD - H15"},"geometry":{"type":"Point","coordinates":[-80.036609,35.986744]}},{"type":"Feature","properties":{"county_nam":"GUILFORD","prec_id":"H22","enr_desc":"H22","name":"H22","label":"H22","precinct_norm":"GUILFORD - H22"},"geometry":{"type":"Point","coordinates":[-80.02177,35.9964]}},{"type":"Feature","properties":{"county_nam":"GUILFORD","prec_id":"H23","enr_desc":"H23","name":"H23","label":"H23","precinct_norm":"GUILFORD - H23"},"geometry":{"type":"Point","coordinates":[-80.029781,36.009277]}},{"type":"Feature","properties":{"county_nam":"GUILFORD","prec_id":"H26","enr_desc":"H26","name":"H26","label":"H26","precinct_norm":"GUILFORD - H26"},"geometry":{"type":"Point","coordinates":[-79.983619,36.016334]}},{"type":"Feature","properties":{"county_nam":"GUILFORD","prec_id":"H27-A","enr_desc":"H27-A","name":"H27-A","label":"H27-A","precinct_norm":"GUILFORD - H27-A"},"geometry":{"type":"Point","coordinates":[-79.993223,36.040031]}},{"type":"Feature","properties":{"county_nam":"GUILFORD","prec_id":"H27-B","enr_desc":"H27-B","name":"H27-B","label":"H27-B","precinct_norm":"GUILFORD - H27-B"},"geometry":{"type":"Point","coordinates":[-79.981713,36.041226]}},{"type":"Feature","properties":{"county_nam":"GUILFORD","prec_id":"H28","enr_desc":"H28","name":"H28","label":"H28","precinct_norm":"GUILFORD - H28"},"geometry":{"type":"Point","coordinates":[-79.965879,36.010189]}},{"type":"Feature","properties":{"county_nam":"CARTERET","prec_id":"HAIS","enr_desc":"HARKERS ISLAND","name":"HARKERS ISLAND","label":"HARKERS ISLAND","precinct_norm":"CARTERET - HAIS"},"geometry":{"type":"Point","coordinates":[-76.546248,34.625944]}},{"type":"Feature","properties":{"county_nam":"GUILFORD","prec_id":"H29A","enr_desc":"H29A","name":"H29A","label":"H29A","precinct_norm":"GUILFORD - H29A"},"geometry":{"type":"Point","coordinates":[-79.955217,36.023786]}},{"type":"Feature","properties":{"county_nam":"HALIFAX","prec_id":"HAL","enr_desc":"HALIFAX","name":"HALIFAX","label":"HALIFAX","precinct_norm":"HALIFAX - HAL"},"geometry":{"type":"Point","coordinates":[-77.525224,36.284942]}},{"type":"Feature","properties":{"county_nam":"DUPLIN","prec_id":"HALL","enr_desc":"HALLSVILLE","name":"HALLSVILLE","label":"HALLSVILLE","precinct_norm":"DUPLIN - HALL"},"geometry":{"type":"Point","coordinates":[-77.820023,34.906193]}},{"type":"Feature","properties":{"county_nam":"CHEROKEE","prec_id":"HANG","enr_desc":"HANGING DOG","name":"HANGING DOG","label":"HANGING DOG","precinct_norm":"CHEROKEE - HANG"},"geometry":{"type":"Point","coordinates":[-84.016105,35.210546]}},{"type":"Feature","properties":{"county_nam":"SAMPSON","prec_id":"HARR","enr_desc":"HARRELLS","name":"HARRELLS","label":"HARRELLS","precinct_norm":"SAMPSON - HARR"},"geometry":{"type":"Point","coordinates":[-78.245519,34.686654]}},{"type":"Feature","properties":{"county_nam":"DARE","prec_id":"HAT","enr_desc":"HATTERAS","name":"HATTERAS","label":"HATTERAS","precinct_norm":"DARE - HAT"},"geometry":{"type":"Point","coordinates":[-75.691166,35.204174]}},{"type":"Feature","properties":{"county_nam":"CLAY","prec_id":"HAY1","enr_desc":"HAYESVILLE ONE","name":"HAYESVILLE ONE","label":"HAYESVILLE ONE","precinct_norm":"CLAY - HAY1"},"geometry":{"type":"Point","coordinates":[-83.817636,35.066841]}},{"type":"Feature","properties":{"county_nam":"CLAY","prec_id":"HAY2","enr_desc":"HAYESVILLE TWO","name":"HAYESVILLE TWO","label":"HAYESVILLE TWO","precinct_norm":"CLAY - HAY2"},"geometry":{"type":"Point","coordinates":[-83.814902,35.021395]}},{"type":"Feature","properties":{"county_nam":"CLAY","prec_id":"HAYC","enr_desc":"HAYESVILLE CENTRAL","name":"HAYESVILLE CENTRAL","label":"HAYESVILLE CENTRAL","precinct_norm":"CLAY - HAYC"},"geometry":{"type":"Point","coordinates":[-83.830156,35.034641]}},{"type":"Feature","properties":{"county_nam":"BEAUFORT","prec_id":"HB","enr_desc":"HUNTERS BRIDGE","name":"HUNTERS BRIDGE","label":"HUNTERS BRIDGE","precinct_norm":"BEAUFORT - HB"},"geometry":{"type":"Point","coordinates":[-76.796787,35.547697]}},{"type":"Feature","properties":{"county_nam":"HENDERSON","prec_id":"HC","enr_desc":"HOOPERS CREEK","name":"HOOPERS CREEK","label":"HOOPERS CREEK","precinct_norm":"HENDERSON - HC"},"geometry":{"type":"Point","coordinates":[-82.433087,35.436049]}},{"type":"Feature","properties":{"county_nam":"LINCOLN","prec_id":"HC33","enr_desc":"HOWARDS CREEK","name":"HOWARDS CREEK","label":"HOWARDS CREEK","precinct_norm":"LINCOLN - HC33"},"geometry":{"type":"Point","coordinates":[-81.339095,35.458551]}},{"type":"Feature","properties":{"county_nam":"GUILFORD","prec_id":"H29B","enr_desc":"H29B","name":"H29B","label":"H29B","precinct_norm":"GUILFORD - H29B"},"geometry":{"type":"Point","coordinates":[-79.947727,36.048964]}},{"type":"Feature","properties":{"county_nam":"HAYWOOD","prec_id":"HA","enr_desc":"HAZELWOOD","name":"HAZELWOOD","label":"HAZELWOOD","precinct_norm":"HAYWOOD - HA"},"geometry":{"type":"Point","coordinates":[-83.007986,35.474586]}},{"type":"Feature","properties":{"county_nam":"CURRITUCK","prec_id":"IR","enr_desc":"INDIAN RIDGE","name":"INDIAN RIDGE","label":"INDIAN RIDGE","precinct_norm":"CURRITUCK - IR"},"geometry":{"type":"Point","coordinates":[-76.109953,36.4126]}},{"type":"Feature","properties":{"county_nam":"LINCOLN","prec_id":"IS20","enr_desc":"IRON STATION SOUTH","name":"IRON STATION SOUTH","label":"IRON STATION SOUTH","precinct_norm":"LINCOLN - IS20"},"geometry":{"type":"Point","coordinates":[-81.131232,35.429454]}},{"type":"Feature","properties":{"county_nam":"LINCOLN","prec_id":"IS23","enr_desc":"IRON STATION","name":"IRON STATION","label":"IRON STATION","precinct_norm":"LINCOLN - IS23"},"geometry":{"type":"Point","coordinates":[-81.134914,35.461348]}},{"type":"Feature","properties":{"county_nam":"ORANGE","prec_id":"HE","enr_desc":"HillsboroughEast","name":"HillsboroughEast","label":"HillsboroughEast","precinct_norm":"ORANGE - HE"},"geometry":{"type":"Point","coordinates":[-79.081927,36.068194]}},{"type":"Feature","properties":{"county_nam":"SAMPSON","prec_id":"HERR","enr_desc":"HERRING","name":"HERRING","label":"HERRING","precinct_norm":"SAMPSON - HERR"},"geometry":{"type":"Point","coordinates":[-78.48544,35.100628]}},{"type":"Feature","properties":{"county_nam":"GUILFORD","prec_id":"JEF1","enr_desc":"JEF1","name":"JEF1","label":"JEF1","precinct_norm":"GUILFORD - JEF1"},"geometry":{"type":"Point","coordinates":[-79.667363,36.11424]}},{"type":"Feature","properties":{"county_nam":"GUILFORD","prec_id":"JEF2","enr_desc":"JEF2","name":"JEF2","label":"JEF2","precinct_norm":"GUILFORD - JEF2"},"geometry":{"type":"Point","coordinates":[-79.682821,36.068016]}},{"type":"Feature","properties":{"county_nam":"ORANGE","prec_id":"HF","enr_desc":"HOGAN FARMS","name":"HOGAN FARMS","label":"HOGAN FARMS","precinct_norm":"ORANGE - HF"},"geometry":{"type":"Point","coordinates":[-79.125042,35.957878]}},{"type":"Feature","properties":{"county_nam":"CLAY","prec_id":"HIAW","enr_desc":"HIAWASSEE","name":"HIAWASSEE","label":"HIAWASSEE","precinct_norm":"CLAY - HIAW"},"geometry":{"type":"Point","coordinates":[-83.75346,35.02381]}},{"type":"Feature","properties":{"county_nam":"MCDOWELL","prec_id":"HIGGIN","enr_desc":"HIGGINS","name":"HIGGINS","label":"HIGGINS","precinct_norm":"MCDOWELL - HIGGIN"},"geometry":{"type":"Point","coordinates":[-81.937088,35.652705]}},{"type":"Feature","properties":{"county_nam":"CHEROKEE","prec_id":"HIWA","enr_desc":"HIWASSEE DAM","name":"HIWASSEE DAM","label":"HIWASSEE DAM","precinct_norm":"CHEROKEE - HIWA"},"geometry":{"type":"Point","coordinates":[-84.211665,35.10318]}},{"type":"Feature","properties":{"county_nam":"LENOIR","prec_id":"K1","enr_desc":"KINSTON -1","name":"KINSTON -1","label":"KINSTON -1","precinct_norm":"LENOIR - K1"},"geometry":{"type":"Point","coordinates":[-77.575024,35.250366]}},{"type":"Feature","properties":{"county_nam":"PERSON","prec_id":"HLWY","enr_desc":"HOLLOWAY","name":"HOLLOWAY","label":"HOLLOWAY","precinct_norm":"PERSON - HLWY"},"geometry":{"type":"Point","coordinates":[-78.83956,36.493561]}},{"type":"Feature","properties":{"county_nam":"ONSLOW","prec_id":"HM05","enr_desc":"HALF MOON","name":"HALF MOON","label":"HALF MOON","precinct_norm":"ONSLOW - HM05"},"geometry":{"type":"Point","coordinates":[-77.42997,34.839338]}},{"type":"Feature","properties":{"county_nam":"ONSLOW","prec_id":"HN14","enr_desc":"HAWS RUN","name":"HAWS RUN","label":"HAWS RUN","precinct_norm":"ONSLOW - HN14"},"geometry":{"type":"Point","coordinates":[-77.585078,34.668861]}},{"type":"Feature","properties":{"county_nam":"HALIFAX","prec_id":"HOL","enr_desc":"HOLLISTER","name":"HOLLISTER","label":"HOLLISTER","precinct_norm":"HALIFAX - HOL"},"geometry":{"type":"Point","coordinates":[-77.938895,36.238468]}},{"type":"Feature","properties":{"county_nam":"GREENE","prec_id":"HOOK","enr_desc":"Voting District 00HOOK","name":"Voting District 00HOOK","label":"Voting District 00HOOK","precinct_norm":"GREENE - HOOK"},"geometry":{"type":"Point","coordinates":[-77.57726,35.401228]}},{"type":"Feature","properties":{"county_nam":"MADISON","prec_id":"HOT SP","enr_desc":"HOT SPRINGS","name":"HOT SPRINGS","label":"HOT SPRINGS","precinct_norm":"MADISON - HOT SP"},"geometry":{"type":"Point","coordinates":[-82.826597,35.895945]}},{"type":"Feature","properties":{"county_nam":"CHEROKEE","prec_id":"HOTH","enr_desc":"HOT HOUSE","name":"HOT HOUSE","label":"HOT HOUSE","precinct_norm":"CHEROKEE - HOTH"},"geometry":{"type":"Point","coordinates":[-84.252234,35.030161]}},{"type":"Feature","properties":{"county_nam":"HALIFAX","prec_id":"HPR","enr_desc":"HOBGOOD","name":"HOBGOOD","label":"HOBGOOD","precinct_norm":"HALIFAX - HPR"},"geometry":{"type":"Point","coordinates":[-77.419796,36.086448]}},{"type":"Feature","properties":{"county_nam":"ONSLOW","prec_id":"HR17","enr_desc":"HOLLY RIDGE","name":"HOLLY RIDGE","label":"HOLLY RIDGE","precinct_norm":"ONSLOW - HR17"},"geometry":{"type":"Point","coordinates":[-77.551271,34.544846]}},{"type":"Feature","properties":{"county_nam":"HENDERSON","prec_id":"HS","enr_desc":"HORSE SHOE","name":"HORSE SHOE","label":"HORSE SHOE","precinct_norm":"HENDERSON - HS"},"geometry":{"type":"Point","coordinates":[-82.547675,35.328638]}},{"type":"Feature","properties":{"county_nam":"ONSLOW","prec_id":"HU20","enr_desc":"HUBERT","name":"HUBERT","label":"HUBERT","precinct_norm":"ONSLOW - HU20"},"geometry":{"type":"Point","coordinates":[-77.230228,34.702726]}},{"type":"Feature","properties":{"county_nam":"HERTFORD","prec_id":"HV","enr_desc":"HARRELLSVILLE","name":"HARRELLSVILLE","label":"HARRELLSVILLE","precinct_norm":"HERTFORD - HV"},"geometry":{"type":"Point","coordinates":[-76.808684,36.30304]}},{"type":"Feature","properties":{"county_nam":"LENOIR","prec_id":"K2","enr_desc":"KINSTON-2","name":"KINSTON-2","label":"KINSTON-2","precinct_norm":"LENOIR - K2"},"geometry":{"type":"Point","coordinates":[-77.574436,35.265722]}},{"type":"Feature","properties":{"county_nam":"HENDERSON","prec_id":"HV-1","enr_desc":"HENDERSONVILLE-1","name":"HENDERSONVILLE-1","label":"HENDERSONVILLE-1","precinct_norm":"HENDERSON - HV-1"},"geometry":{"type":"Point","coordinates":[-82.478611,35.331962]}},{"type":"Feature","properties":{"county_nam":"HENDERSON","prec_id":"HV-2","enr_desc":"HENDERSONVILLE-2","name":"HENDERSONVILLE-2","label":"HENDERSONVILLE-2","precinct_norm":"HENDERSON - HV-2"},"geometry":{"type":"Point","coordinates":[-82.456172,35.320696]}},{"type":"Feature","properties":{"county_nam":"HENDERSON","prec_id":"HV-3","enr_desc":"HENDERSONVILLE-3","name":"HENDERSONVILLE-3","label":"HENDERSONVILLE-3","precinct_norm":"HENDERSON - HV-3"},"geometry":{"type":"Point","coordinates":[-82.467065,35.307185]}},{"type":"Feature","properties":{"county_nam":"LENOIR","prec_id":"I","enr_desc":"INSTITUTE","name":"INSTITUTE","label":"INSTITUTE","precinct_norm":"LENOIR - I"},"geometry":{"type":"Point","coordinates":[-77.714306,35.330951]}},{"type":"Feature","properties":{"county_nam":"HAYWOOD","prec_id":"ID","enr_desc":"IRON DUFF","name":"IRON DUFF","label":"IRON DUFF","precinct_norm":"HAYWOOD - ID"},"geometry":{"type":"Point","coordinates":[-82.970209,35.586519]}},{"type":"Feature","properties":{"county_nam":"HAYWOOD","prec_id":"IH","enr_desc":"IVY HILL","name":"IVY HILL","label":"IVY HILL","precinct_norm":"HAYWOOD - IH"},"geometry":{"type":"Point","coordinates":[-83.099241,35.517859]}},{"type":"Feature","properties":{"county_nam":"SAMPSON","prec_id":"INGO","enr_desc":"INGOLD","name":"INGOLD","label":"INGOLD","precinct_norm":"SAMPSON - INGO"},"geometry":{"type":"Point","coordinates":[-78.271372,34.835171]}},{"type":"Feature","properties":{"county_nam":"BERTIE","prec_id":"IW","enr_desc":"INDIAN WOODS","name":"INDIAN WOODS","label":"INDIAN WOODS","precinct_norm":"BERTIE - IW"},"geometry":{"type":"Point","coordinates":[-77.072679,35.974595]}},{"type":"Feature","properties":{"county_nam":"ONSLOW","prec_id":"JA01","enr_desc":"JACKSONVILLE","name":"JACKSONVILLE","label":"JACKSONVILLE","precinct_norm":"ONSLOW - JA01"},"geometry":{"type":"Point","coordinates":[-77.341467,34.62502]}},{"type":"Feature","properties":{"county_nam":"LENOIR","prec_id":"K3","enr_desc":"KINSTON-3","name":"KINSTON-3","label":"KINSTON-3","precinct_norm":"LENOIR - K3"},"geometry":{"type":"Point","coordinates":[-77.597184,35.266732]}},{"type":"Feature","properties":{"county_nam":"GUILFORD","prec_id":"JAM1","enr_desc":"JAM1","name":"JAM1","label":"JAM1","precinct_norm":"GUILFORD - JAM1"},"geometry":{"type":"Point","coordinates":[-79.933986,35.998884]}},{"type":"Feature","properties":{"county_nam":"GUILFORD","prec_id":"JAM2","enr_desc":"JAM2","name":"JAM2","label":"JAM2","precinct_norm":"GUILFORD - JAM2"},"geometry":{"type":"Point","coordinates":[-79.918623,36.015645]}},{"type":"Feature","properties":{"county_nam":"GUILFORD","prec_id":"JAM3","enr_desc":"JAM3","name":"JAM3","label":"JAM3","precinct_norm":"GUILFORD - JAM3"},"geometry":{"type":"Point","coordinates":[-79.882509,36.017316]}},{"type":"Feature","properties":{"county_nam":"CURRITUCK","prec_id":"KI","enr_desc":"KNOTTS ISLAND","name":"KNOTTS ISLAND","label":"KNOTTS ISLAND","precinct_norm":"CURRITUCK - KI"},"geometry":{"type":"Point","coordinates":[-75.954,36.502882]}},{"type":"Feature","properties":{"county_nam":"GUILFORD","prec_id":"JAM4","enr_desc":"JAM4","name":"JAM4","label":"JAM4","precinct_norm":"GUILFORD - JAM4"},"geometry":{"type":"Point","coordinates":[-79.900512,35.977053]}},{"type":"Feature","properties":{"county_nam":"GUILFORD","prec_id":"JAM5","enr_desc":"JAM5","name":"JAM5","label":"JAM5","precinct_norm":"GUILFORD - JAM5"},"geometry":{"type":"Point","coordinates":[-79.918081,35.942621]}},{"type":"Feature","properties":{"county_nam":"NORTHAMPTON","prec_id":"JARE","enr_desc":"JACKSON/REHOBOTH","name":"JACKSON/REHOBOTH","label":"JACKSON/REHOBOTH","precinct_norm":"NORTHAMPTON - JARE"},"geometry":{"type":"Point","coordinates":[-77.399823,36.351712]}},{"type":"Feature","properties":{"county_nam":"HAYWOOD","prec_id":"JC","enr_desc":"JONATHAN CREEK","name":"JONATHAN CREEK","label":"JONATHAN CREEK","precinct_norm":"HAYWOOD - JC"},"geometry":{"type":"Point","coordinates":[-83.031925,35.582599]}},{"type":"Feature","properties":{"county_nam":"GUILFORD","prec_id":"JEF3","enr_desc":"JEF3","name":"JEF3","label":"JEF3","precinct_norm":"GUILFORD - JEF3"},"geometry":{"type":"Point","coordinates":[-79.724386,36.040519]}},{"type":"Feature","properties":{"county_nam":"GUILFORD","prec_id":"JEF4","enr_desc":"JEF4","name":"JEF4","label":"JEF4","precinct_norm":"GUILFORD - JEF4"},"geometry":{"type":"Point","coordinates":[-79.656542,36.037911]}},{"type":"Feature","properties":{"county_nam":"LENOIR","prec_id":"K4","enr_desc":"KINSTON-4","name":"KINSTON-4","label":"KINSTON-4","precinct_norm":"LENOIR - K4"},"geometry":{"type":"Point","coordinates":[-77.607958,35.283435]}},{"type":"Feature","properties":{"county_nam":"LENOIR","prec_id":"K5","enr_desc":"KINSTON-5","name":"KINSTON-5","label":"KINSTON-5","precinct_norm":"LENOIR - K5"},"geometry":{"type":"Point","coordinates":[-77.587285,35.278108]}},{"type":"Feature","properties":{"county_nam":"LENOIR","prec_id":"K6","enr_desc":"KINSTON-6","name":"KINSTON-6","label":"KINSTON-6","precinct_norm":"LENOIR - K6"},"geometry":{"type":"Point","coordinates":[-77.560585,35.294403]}},{"type":"Feature","properties":{"county_nam":"LENOIR","prec_id":"K7","enr_desc":"KINSTON-7","name":"KINSTON-7","label":"KINSTON-7","precinct_norm":"LENOIR - K7"},"geometry":{"type":"Point","coordinates":[-77.527339,35.282897]}},{"type":"Feature","properties":{"county_nam":"LENOIR","prec_id":"K8","enr_desc":"KINSTON-8","name":"KINSTON-8","label":"KINSTON-8","precinct_norm":"LENOIR - K8"},"geometry":{"type":"Point","coordinates":[-77.559919,35.257249]}},{"type":"Feature","properties":{"county_nam":"LENOIR","prec_id":"K9","enr_desc":"KINSTON-9","name":"KINSTON-9","label":"KINSTON-9","precinct_norm":"LENOIR - K9"},"geometry":{"type":"Point","coordinates":[-77.629422,35.296182]}},{"type":"Feature","properties":{"county_nam":"DARE","prec_id":"KDH","enr_desc":"KILL DEVIL HILLS","name":"KILL DEVIL HILLS","label":"KILL DEVIL HILLS","precinct_norm":"DARE - KDH"},"geometry":{"type":"Point","coordinates":[-75.640286,36.026948]}},{"type":"Feature","properties":{"county_nam":"SAMPSON","prec_id":"KEEN","enr_desc":"KEENER","name":"KEENER","label":"KEENER","precinct_norm":"SAMPSON - KEEN"},"geometry":{"type":"Point","coordinates":[-78.30442,35.098577]}},{"type":"Feature","properties":{"county_nam":"DUPLIN","prec_id":"KENA","enr_desc":"KENANSVILLE","name":"KENANSVILLE","label":"KENANSVILLE","precinct_norm":"DUPLIN - KENA"},"geometry":{"type":"Point","coordinates":[-77.946461,34.959034]}},{"type":"Feature","properties":{"county_nam":"SAMPSON","prec_id":"KFRK","enr_desc":"KITTY FORK","name":"KITTY FORK","label":"KITTY FORK","precinct_norm":"SAMPSON - KFRK"},"geometry":{"type":"Point","coordinates":[-78.407419,35.082868]}},{"type":"Feature","properties":{"county_nam":"CLEVELAND","prec_id":"KINGST","enr_desc":"KINGST","name":"KINGST","label":"KINGST","precinct_norm":"CLEVELAND - KINGST"},"geometry":{"type":"Point","coordinates":[-81.619816,35.353058]}},{"type":"Feature","properties":{"county_nam":"VANCE","prec_id":"KITT","enr_desc":"Kittrell","name":"Kittrell","label":"Kittrell","precinct_norm":"VANCE - KITT"},"geometry":{"type":"Point","coordinates":[-78.446671,36.222656]}},{"type":"Feature","properties":{"county_nam":"ORANGE","prec_id":"KM","enr_desc":"KINGS MILL","name":"KINGS MILL","label":"KINGS MILL","precinct_norm":"ORANGE - KM"},"geometry":{"type":"Point","coordinates":[-79.037704,35.881128]}},{"type":"Feature","properties":{"county_nam":"CLEVELAND","prec_id":"KM N","enr_desc":"KM N","name":"KM N","label":"KM N","precinct_norm":"CLEVELAND - KM N"},"geometry":{"type":"Point","coordinates":[-81.370356,35.273083]}},{"type":"Feature","properties":{"county_nam":"CLEVELAND","prec_id":"KM S","enr_desc":"KM S","name":"KM S","label":"KM S","precinct_norm":"CLEVELAND - KM S"},"geometry":{"type":"Point","coordinates":[-81.356946,35.20239]}},{"type":"Feature","properties":{"county_nam":"NORTHAMPTON","prec_id":"LASKER","enr_desc":"LASKER","name":"LASKER","label":"LASKER","precinct_norm":"NORTHAMPTON - LASKER"},"geometry":{"type":"Point","coordinates":[-77.301311,36.359324]}},{"type":"Feature","properties":{"county_nam":"CLEVELAND","prec_id":"LATT","enr_desc":"LATT","name":"LATT","label":"LATT","precinct_norm":"CLEVELAND - LATT"},"geometry":{"type":"Point","coordinates":[-81.642805,35.323595]}},{"type":"Feature","properties":{"county_nam":"MADISON","prec_id":"LAUREL","enr_desc":"LAUREL","name":"LAUREL","label":"LAUREL","precinct_norm":"MADISON - LAUREL"},"geometry":{"type":"Point","coordinates":[-82.697494,35.97777]}},{"type":"Feature","properties":{"county_nam":"CLEVELAND","prec_id":"LAWNDL","enr_desc":"LAWNDL","name":"LAWNDL","label":"LAWNDL","precinct_norm":"CLEVELAND - LAWNDL"},"geometry":{"type":"Point","coordinates":[-81.554491,35.416842]}},{"type":"Feature","properties":{"county_nam":"RANDOLPH","prec_id":"LB","enr_desc":"LIBERTY","name":"LIBERTY","label":"LIBERTY","precinct_norm":"RANDOLPH - LB"},"geometry":{"type":"Point","coordinates":[-79.580896,35.860225]}},{"type":"Feature","properties":{"county_nam":"LINCOLN","prec_id":"LB34","enr_desc":"LABORATORY","name":"LABORATORY","label":"LABORATORY","precinct_norm":"LINCOLN - LB34"},"geometry":{"type":"Point","coordinates":[-81.263965,35.444828]}},{"type":"Feature","properties":{"county_nam":"CASWELL","prec_id":"LOCU","enr_desc":"LOCUST HILL","name":"LOCUST HILL","label":"LOCUST HILL","precinct_norm":"CASWELL - LOCU"},"geometry":{"type":"Point","coordinates":[-79.460085,36.378423]}},{"type":"Feature","properties":{"county_nam":"HENDERSON","prec_id":"LP","enr_desc":"LAUREL PARK","name":"LAUREL PARK","label":"LAUREL PARK","precinct_norm":"HENDERSON - LP"},"geometry":{"type":"Point","coordinates":[-82.508585,35.311377]}},{"type":"Feature","properties":{"county_nam":"TRANSYLVANIA","prec_id":"LR","enr_desc":"LITTLE RIVER","name":"LITTLE RIVER","label":"LITTLE RIVER","precinct_norm":"TRANSYLVANIA - LR"},"geometry":{"type":"Point","coordinates":[-82.635818,35.233012]}},{"type":"Feature","properties":{"county_nam":"RANDOLPH","prec_id":"LC","enr_desc":"LEVEL CROSS","name":"LEVEL CROSS","label":"LEVEL CROSS","precinct_norm":"RANDOLPH - LC"},"geometry":{"type":"Point","coordinates":[-79.800781,35.878905]}},{"type":"Feature","properties":{"county_nam":"NEW HANOVER","prec_id":"M06","enr_desc":"M06","name":"M06","label":"M06","precinct_norm":"NEW HANOVER - M06"},"geometry":{"type":"Point","coordinates":[-77.882984,34.144879]}},{"type":"Feature","properties":{"county_nam":"CASWELL","prec_id":"LEAS","enr_desc":"LEASBURG","name":"LEASBURG","label":"LEASBURG","precinct_norm":"CASWELL - LEAS"},"geometry":{"type":"Point","coordinates":[-79.181473,36.399918]}},{"type":"Feature","properties":{"county_nam":"LINCOLN","prec_id":"LI14","enr_desc":"LITHIA","name":"LITHIA","label":"LITHIA","precinct_norm":"LINCOLN - LI14"},"geometry":{"type":"Point","coordinates":[-81.228169,35.456077]}},{"type":"Feature","properties":{"county_nam":"CUMBERLAND","prec_id":"LI65","enr_desc":"LINDEN","name":"LINDEN","label":"LINDEN","precinct_norm":"CUMBERLAND - LI65"},"geometry":{"type":"Point","coordinates":[-78.785543,35.217046]}},{"type":"Feature","properties":{"county_nam":"ANSON","prec_id":"LILE","enr_desc":"LILESVILLE","name":"LILESVILLE","label":"LILESVILLE","precinct_norm":"ANSON - LILE"},"geometry":{"type":"Point","coordinates":[-79.949822,34.990718]}},{"type":"Feature","properties":{"county_nam":"MONTGOMERY","prec_id":"LIT","enr_desc":"LITTLE RIVER","name":"LITTLE RIVER","label":"LITTLE RIVER","precinct_norm":"MONTGOMERY - LIT"},"geometry":{"type":"Point","coordinates":[-79.855491,35.449396]}},{"type":"Feature","properties":{"county_nam":"HALIFAX","prec_id":"LIT","enr_desc":"LITTLETON","name":"LITTLETON","label":"LITTLETON","precinct_norm":"HALIFAX - LIT"},"geometry":{"type":"Point","coordinates":[-77.849628,36.442502]}},{"type":"Feature","properties":{"county_nam":"HENDERSON","prec_id":"LJ","enr_desc":"LONG JOHN MOUNTAIN","name":"LONG JOHN MOUNTAIN","label":"LONG JOHN MOUNTAIN","precinct_norm":"HENDERSON - LJ"},"geometry":{"type":"Point","coordinates":[-82.511257,35.350901]}},{"type":"Feature","properties":{"county_nam":"HAYWOOD","prec_id":"LJ","enr_desc":"LAKE JUNALUSKA","name":"LAKE JUNALUSKA","label":"LAKE JUNALUSKA","precinct_norm":"HAYWOOD - LJ"},"geometry":{"type":"Point","coordinates":[-82.968076,35.53186]}},{"type":"Feature","properties":{"county_nam":"HYDE","prec_id":"LL","enr_desc":"LAKE LANDING","name":"LAKE LANDING","label":"LAKE LANDING","precinct_norm":"HYDE - LL"},"geometry":{"type":"Point","coordinates":[-76.004871,35.323543]}},{"type":"Feature","properties":{"county_nam":"WASHINGTON","prec_id":"LM","enr_desc":"LEES MILL","name":"LEES MILL","label":"LEES MILL","precinct_norm":"WASHINGTON - LM"},"geometry":{"type":"Point","coordinates":[-76.626005,35.841777]}},{"type":"Feature","properties":{"county_nam":"CARTERET","prec_id":"MHD1","enr_desc":"MOREHEAD 1","name":"MOREHEAD 1","label":"MOREHEAD 1","precinct_norm":"CARTERET - MHD1"},"geometry":{"type":"Point","coordinates":[-76.702767,34.741215]}},{"type":"Feature","properties":{"county_nam":"LINCOLN","prec_id":"LN11","enr_desc":"LINCOLNTON/NORTH","name":"LINCOLNTON/NORTH","label":"LINCOLNTON/NORTH","precinct_norm":"LINCOLN - LN11"},"geometry":{"type":"Point","coordinates":[-81.25342,35.480292]}},{"type":"Feature","properties":{"county_nam":"CUMBERLAND","prec_id":"LO66A","enr_desc":"Long Hill","name":"Long Hill","label":"Long Hill","precinct_norm":"CUMBERLAND - LO66A"},"geometry":{"type":"Point","coordinates":[-78.878018,35.191598]}},{"type":"Feature","properties":{"county_nam":"CUMBERLAND","prec_id":"LR63","enr_desc":"LAKE RIM","name":"LAKE RIM","label":"LAKE RIM","precinct_norm":"CUMBERLAND - LR63"},"geometry":{"type":"Point","coordinates":[-79.067222,35.043648]}},{"type":"Feature","properties":{"county_nam":"ALEXANDER","prec_id":"LRSL","enr_desc":"LITTLE RIVER AND SUGAR LOAF","name":"LITTLE RIVER AND SUGAR LOAF","label":"LITTLE RIVER AND SUGAR LOAF","precinct_norm":"ALEXANDER - LRSL"},"geometry":{"type":"Point","coordinates":[-81.207119,35.98528]}},{"type":"Feature","properties":{"county_nam":"LINCOLN","prec_id":"LS12","enr_desc":"LINCOLNTON/SOUTH","name":"LINCOLNTON/SOUTH","label":"LINCOLNTON/SOUTH","precinct_norm":"LINCOLN - LS12"},"geometry":{"type":"Point","coordinates":[-81.253631,35.461852]}},{"type":"Feature","properties":{"county_nam":"PENDER","prec_id":"LT18","enr_desc":"LOWER TOPSAIL","name":"LOWER TOPSAIL","label":"LOWER TOPSAIL","precinct_norm":"PENDER - LT18"},"geometry":{"type":"Point","coordinates":[-77.682038,34.346022]}},{"type":"Feature","properties":{"county_nam":"MOORE","prec_id":"LTR","enr_desc":"LITTLE RIVER","name":"LITTLE RIVER","label":"LITTLE RIVER","precinct_norm":"MOORE - LTR"},"geometry":{"type":"Point","coordinates":[-79.215414,35.214832]}},{"type":"Feature","properties":{"county_nam":"LINCOLN","prec_id":"LW18","enr_desc":"LOWESVILLE WEST","name":"LOWESVILLE WEST","label":"LOWESVILLE WEST","precinct_norm":"LINCOLN - LW18"},"geometry":{"type":"Point","coordinates":[-81.056226,35.433562]}},{"type":"Feature","properties":{"county_nam":"LINCOLN","prec_id":"LW31","enr_desc":"LOWESVILLE","name":"LOWESVILLE","label":"LOWESVILLE","precinct_norm":"LINCOLN - LW31"},"geometry":{"type":"Point","coordinates":[-80.991177,35.427226]}},{"type":"Feature","properties":{"county_nam":"ALEXANDER","prec_id":"M","enr_desc":"MILLERS","name":"MILLERS","label":"MILLERS","precinct_norm":"ALEXANDER - M"},"geometry":{"type":"Point","coordinates":[-81.098399,35.83061]}},{"type":"Feature","properties":{"county_nam":"MCDOWELL","prec_id":"M.COVE","enr_desc":"MONTFORD COVE","name":"MONTFORD COVE","label":"MONTFORD COVE","precinct_norm":"MCDOWELL - M.COVE"},"geometry":{"type":"Point","coordinates":[-82.056778,35.579316]}},{"type":"Feature","properties":{"county_nam":"NEW HANOVER","prec_id":"M02","enr_desc":"M02","name":"M02","label":"M02","precinct_norm":"NEW HANOVER - M02"},"geometry":{"type":"Point","coordinates":[-77.858311,34.177421]}},{"type":"Feature","properties":{"county_nam":"NEW HANOVER","prec_id":"M03","enr_desc":"M03","name":"M03","label":"M03","precinct_norm":"NEW HANOVER - M03"},"geometry":{"type":"Point","coordinates":[-77.924319,34.145605]}},{"type":"Feature","properties":{"county_nam":"NEW HANOVER","prec_id":"M04","enr_desc":"M04","name":"M04","label":"M04","precinct_norm":"NEW HANOVER - M04"},"geometry":{"type":"Point","coordinates":[-77.893214,34.166169]}},{"type":"Feature","properties":{"county_nam":"NEW HANOVER","prec_id":"M07","enr_desc":"M07","name":"M07","label":"M07","precinct_norm":"NEW HANOVER - M07"},"geometry":{"type":"Point","coordinates":[-77.825956,34.12787]}},{"type":"Feature","properties":{"county_nam":"HERTFORD","prec_id":"M1","enr_desc":"MURFREESBORO 1","name":"MURFREESBORO 1","label":"MURFREESBORO 1","precinct_norm":"HERTFORD - M1"},"geometry":{"type":"Point","coordinates":[-77.113429,36.450773]}},{"type":"Feature","properties":{"county_nam":"BERTIE","prec_id":"M1","enr_desc":"MITCHELLS 1","name":"MITCHELLS 1","label":"MITCHELLS 1","precinct_norm":"BERTIE - M1"},"geometry":{"type":"Point","coordinates":[-76.998996,36.175709]}},{"type":"Feature","properties":{"county_nam":"BERTIE","prec_id":"M2","enr_desc":"MITCHELLS 2","name":"MITCHELLS 2","label":"MITCHELLS 2","precinct_norm":"BERTIE - M2"},"geometry":{"type":"Point","coordinates":[-77.077682,36.191979]}},{"type":"Feature","properties":{"county_nam":"HERTFORD","prec_id":"M2","enr_desc":"MURFREESBORO 2","name":"MURFREESBORO 2","label":"MURFREESBORO 2","precinct_norm":"HERTFORD - M2"},"geometry":{"type":"Point","coordinates":[-77.066372,36.414504]}},{"type":"Feature","properties":{"county_nam":"DUPLIN","prec_id":"MAGN","enr_desc":"MAGNOLIA","name":"MAGNOLIA","label":"MAGNOLIA","precinct_norm":"DUPLIN - MAGN"},"geometry":{"type":"Point","coordinates":[-78.081982,34.88167]}},{"type":"Feature","properties":{"county_nam":"MCDOWELL","prec_id":"MAR 1","enr_desc":"MARION 1","name":"MARION 1","label":"MARION 1","precinct_norm":"MCDOWELL - MAR 1"},"geometry":{"type":"Point","coordinates":[-82.005235,35.744697]}},{"type":"Feature","properties":{"county_nam":"MCDOWELL","prec_id":"MAR 2","enr_desc":"MARION 2","name":"MARION 2","label":"MARION 2","precinct_norm":"MCDOWELL - MAR 2"},"geometry":{"type":"Point","coordinates":[-82.003993,35.677926]}},{"type":"Feature","properties":{"county_nam":"CARTERET","prec_id":"MHD4","enr_desc":"MOREHEAD 4","name":"MOREHEAD 4","label":"MOREHEAD 4","precinct_norm":"CARTERET - MHD4"},"geometry":{"type":"Point","coordinates":[-76.835522,34.727577]}},{"type":"Feature","properties":{"county_nam":"MCDOWELL","prec_id":"MAR 3","enr_desc":"MARION 3","name":"MARION 3","label":"MARION 3","precinct_norm":"MCDOWELL - MAR 3"},"geometry":{"type":"Point","coordinates":[-81.974223,35.708821]}},{"type":"Feature","properties":{"county_nam":"MCDOWELL","prec_id":"MAR 4","enr_desc":"MARION 4","name":"MARION 4","label":"MARION 4","precinct_norm":"MCDOWELL - MAR 4"},"geometry":{"type":"Point","coordinates":[-81.976725,35.675097]}},{"type":"Feature","properties":{"county_nam":"MCDOWELL","prec_id":"MAR 5","enr_desc":"MARION 5","name":"MARION 5","label":"MARION 5","precinct_norm":"MCDOWELL - MAR 5"},"geometry":{"type":"Point","coordinates":[-82.028435,35.686851]}},{"type":"Feature","properties":{"county_nam":"CHEROKEE","prec_id":"MARB","enr_desc":"MARBLE","name":"MARBLE","label":"MARBLE","precinct_norm":"CHEROKEE - MARB"},"geometry":{"type":"Point","coordinates":[-83.922363,35.18329]}},{"type":"Feature","properties":{"county_nam":"MADISON","prec_id":"MARS H","enr_desc":"MARS HILL","name":"MARS HILL","label":"MARS HILL","precinct_norm":"MADISON - MARS H"},"geometry":{"type":"Point","coordinates":[-82.577537,35.816182]}},{"type":"Feature","properties":{"county_nam":"GUILFORD","prec_id":"MON2B","enr_desc":"MON2B","name":"MON2B","label":"MON2B","precinct_norm":"GUILFORD - MON2B"},"geometry":{"type":"Point","coordinates":[-79.70894,36.166373]}},{"type":"Feature","properties":{"county_nam":"GUILFORD","prec_id":"MON3","enr_desc":"MON3","name":"MON3","label":"MON3","precinct_norm":"GUILFORD - MON3"},"geometry":{"type":"Point","coordinates":[-79.742028,36.206097]}},{"type":"Feature","properties":{"county_nam":"CARTERET","prec_id":"MASM","enr_desc":"MARSHALLBERG/SMYRNA","name":"MARSHALLBERG/SMYRNA","label":"MARSHALLBERG/SMYRNA","precinct_norm":"CARTERET - MASM"},"geometry":{"type":"Point","coordinates":[-76.448675,34.715643]}},{"type":"Feature","properties":{"county_nam":"DARE","prec_id":"MATO","enr_desc":"MANTEO","name":"MANTEO","label":"MANTEO","precinct_norm":"DARE - MATO"},"geometry":{"type":"Point","coordinates":[-75.687461,35.911819]}},{"type":"Feature","properties":{"county_nam":"GREENE","prec_id":"MAUR","enr_desc":"Voting District 00MAUR","name":"Voting District 00MAUR","label":"Voting District 00MAUR","precinct_norm":"GREENE - MAUR"},"geometry":{"type":"Point","coordinates":[-77.572053,35.472433]}},{"type":"Feature","properties":{"county_nam":"CUMBERLAND","prec_id":"MB62","enr_desc":"MONTIBELLO","name":"MONTIBELLO","label":"MONTIBELLO","precinct_norm":"CUMBERLAND - MB62"},"geometry":{"type":"Point","coordinates":[-79.03888,35.049442]}},{"type":"Feature","properties":{"county_nam":"CARTERET","prec_id":"MCRK","enr_desc":"MILL CREEK","name":"MILL CREEK","label":"MILL CREEK","precinct_norm":"CARTERET - MCRK"},"geometry":{"type":"Point","coordinates":[-76.764315,34.780076]}},{"type":"Feature","properties":{"county_nam":"CARTERET","prec_id":"MERR","enr_desc":"MERRIMON","name":"MERRIMON","label":"MERRIMON","precinct_norm":"CARTERET - MERR"},"geometry":{"type":"Point","coordinates":[-76.601613,34.930077]}},{"type":"Feature","properties":{"county_nam":"HENDERSON","prec_id":"MG","enr_desc":"MOORES GROVE","name":"MOORES GROVE","label":"MOORES GROVE","precinct_norm":"HENDERSON - MG"},"geometry":{"type":"Point","coordinates":[-82.432128,35.332005]}},{"type":"Feature","properties":{"county_nam":"BERTIE","prec_id":"MH","enr_desc":"MERRY HILL","name":"MERRY HILL","label":"MERRY HILL","precinct_norm":"BERTIE - MH"},"geometry":{"type":"Point","coordinates":[-76.766738,35.951076]}},{"type":"Feature","properties":{"county_nam":"LENOIR","prec_id":"MH","enr_desc":"MOSELEY HALL","name":"MOSELEY HALL","label":"MOSELEY HALL","precinct_norm":"LENOIR - MH"},"geometry":{"type":"Point","coordinates":[-77.778704,35.293202]}},{"type":"Feature","properties":{"county_nam":"NEW HANOVER","prec_id":"W29","enr_desc":"W29","name":"W29","label":"W29","precinct_norm":"NEW HANOVER - W29"},"geometry":{"type":"Point","coordinates":[-77.933129,34.233463]}},{"type":"Feature","properties":{"county_nam":"NEW HANOVER","prec_id":"W30","enr_desc":"W30","name":"W30","label":"W30","precinct_norm":"NEW HANOVER - W30"},"geometry":{"type":"Point","coordinates":[-77.941763,34.175856]}},{"type":"Feature","properties":{"county_nam":"DARE","prec_id":"MH","enr_desc":"MANNS HARBOR","name":"MANNS HARBOR","label":"MANNS HARBOR","precinct_norm":"DARE - MH"},"geometry":{"type":"Point","coordinates":[-75.777252,35.897163]}},{"type":"Feature","properties":{"county_nam":"PASQUOTANK","prec_id":"MH","enr_desc":"MT HERMON","name":"MT HERMON","label":"MT HERMON","precinct_norm":"PASQUOTANK - MH"},"geometry":{"type":"Point","coordinates":[-76.311507,36.263101]}},{"type":"Feature","properties":{"county_nam":"CARTERET","prec_id":"MHD2","enr_desc":"MOREHEAD 2","name":"MOREHEAD 2","label":"MOREHEAD 2","precinct_norm":"CARTERET - MHD2"},"geometry":{"type":"Point","coordinates":[-76.745541,34.726881]}},{"type":"Feature","properties":{"county_nam":"CARTERET","prec_id":"MHD3","enr_desc":"MOREHEAD 3","name":"MOREHEAD 3","label":"MOREHEAD 3","precinct_norm":"CARTERET - MHD3"},"geometry":{"type":"Point","coordinates":[-76.755632,34.747057]}},{"type":"Feature","properties":{"county_nam":"VANCE","prec_id":"MIDD","enr_desc":"Middleburg","name":"Middleburg","label":"Middleburg","precinct_norm":"VANCE - MIDD"},"geometry":{"type":"Point","coordinates":[-78.340542,36.448471]}},{"type":"Feature","properties":{"county_nam":"CASWELL","prec_id":"MILT","enr_desc":"MILTON","name":"MILTON","label":"MILTON","precinct_norm":"CASWELL - MILT"},"geometry":{"type":"Point","coordinates":[-79.229574,36.490412]}},{"type":"Feature","properties":{"county_nam":"SAMPSON","prec_id":"MING","enr_desc":"MINGO","name":"MINGO","label":"MINGO","precinct_norm":"SAMPSON - MING"},"geometry":{"type":"Point","coordinates":[-78.56031,35.186314]}},{"type":"Feature","properties":{"county_nam":"HERTFORD","prec_id":"ML","enr_desc":"MILLENNIUM","name":"MILLENNIUM","label":"MILLENNIUM","precinct_norm":"HERTFORD - ML"},"geometry":{"type":"Point","coordinates":[-77.13732,36.261483]}},{"type":"Feature","properties":{"county_nam":"ONSLOW","prec_id":"ML23","enr_desc":"MILLS","name":"MILLS","label":"MILLS","precinct_norm":"ONSLOW - ML23"},"geometry":{"type":"Point","coordinates":[-77.310884,34.88732]}},{"type":"Feature","properties":{"county_nam":"ANSON","prec_id":"MM","enr_desc":"MORVEN/MCFARLAN","name":"MORVEN/MCFARLAN","label":"MORVEN/MCFARLAN","precinct_norm":"ANSON - MM"},"geometry":{"type":"Point","coordinates":[-79.968472,34.856408]}},{"type":"Feature","properties":{"county_nam":"NEW HANOVER","prec_id":"W31","enr_desc":"W31","name":"W31","label":"W31","precinct_norm":"NEW HANOVER - W31"},"geometry":{"type":"Point","coordinates":[-77.905945,34.209184]}},{"type":"Feature","properties":{"county_nam":"GUILFORD","prec_id":"MON1","enr_desc":"MON1","name":"MON1","label":"MON1","precinct_norm":"GUILFORD - MON1"},"geometry":{"type":"Point","coordinates":[-79.721457,36.131702]}},{"type":"Feature","properties":{"county_nam":"GUILFORD","prec_id":"MON2A","enr_desc":"MON2A","name":"MON2A","label":"MON2A","precinct_norm":"GUILFORD - MON2A"},"geometry":{"type":"Point","coordinates":[-79.752856,36.161737]}},{"type":"Feature","properties":{"county_nam":"CUMBERLAND","prec_id":"MR02","enr_desc":"MORGANTON RD 2","name":"MORGANTON RD 2","label":"MORGANTON RD 2","precinct_norm":"CUMBERLAND - MR02"},"geometry":{"type":"Point","coordinates":[-79.012403,35.089822]}},{"type":"Feature","properties":{"county_nam":"CLEVELAND","prec_id":"MRB-YO","enr_desc":"MRB-YO","name":"MRB-YO","label":"MRB-YO","precinct_norm":"CLEVELAND - MRB-YO"},"geometry":{"type":"Point","coordinates":[-81.71011,35.279015]}},{"type":"Feature","properties":{"county_nam":"CRAVEN","prec_id":"N1","enr_desc":"GEORGE STREET","name":"GEORGE STREET","label":"GEORGE STREET","precinct_norm":"CRAVEN - N1"},"geometry":{"type":"Point","coordinates":[-77.050868,35.099571]}},{"type":"Feature","properties":{"county_nam":"MOORE","prec_id":"WAB","enr_desc":"WEST ABERDEEN","name":"WEST ABERDEEN","label":"WEST ABERDEEN","precinct_norm":"MOORE - WAB"},"geometry":{"type":"Point","coordinates":[-79.480227,35.142157]}},{"type":"Feature","properties":{"county_nam":"CLEVELAND","prec_id":"WACO","enr_desc":"WACO","name":"WACO","label":"WACO","precinct_norm":"CLEVELAND - WACO"},"geometry":{"type":"Point","coordinates":[-81.444355,35.362066]}},{"type":"Feature","properties":{"county_nam":"MONTGOMERY","prec_id":"WAD","enr_desc":"WADEVILLE","name":"WADEVILLE","label":"WADEVILLE","precinct_norm":"MONTGOMERY - WAD"},"geometry":{"type":"Point","coordinates":[-79.953777,35.272016]}},{"type":"Feature","properties":{"county_nam":"ANSON","prec_id":"WADES","enr_desc":"Wadesboro","name":"Wadesboro","label":"Wadesboro","precinct_norm":"ANSON - WADES"},"geometry":{"type":"Point","coordinates":[-80.096706,34.957611]}},{"type":"Feature","properties":{"county_nam":"MADISON","prec_id":"WALNUT","enr_desc":"WALNUT","name":"WALNUT","label":"WALNUT","precinct_norm":"MADISON - WALNUT"},"geometry":{"type":"Point","coordinates":[-82.791483,35.820269]}},{"type":"Feature","properties":{"county_nam":"PENDER","prec_id":"MT19","enr_desc":"MIDDLE TOPSAIL","name":"MIDDLE TOPSAIL","label":"MIDDLE TOPSAIL","precinct_norm":"PENDER - MT19"},"geometry":{"type":"Point","coordinates":[-77.694892,34.392503]}},{"type":"Feature","properties":{"county_nam":"ONSLOW","prec_id":"MT24","enr_desc":"MORTONS","name":"MORTONS","label":"MORTONS","precinct_norm":"ONSLOW - MT24"},"geometry":{"type":"Point","coordinates":[-77.212148,34.790017]}},{"type":"Feature","properties":{"county_nam":"GRANVILLE","prec_id":"MTEN","enr_desc":"Voting District 00MTEN","name":"Voting District 00MTEN","label":"Voting District 00MTEN","precinct_norm":"GRANVILLE - MTEN"},"geometry":{"type":"Point","coordinates":[-78.615036,36.098194]}},{"type":"Feature","properties":{"county_nam":"MONTGOMERY","prec_id":"MTG","enr_desc":"MT GILEAD","name":"MT GILEAD","label":"MT GILEAD","precinct_norm":"MONTGOMERY - MTG"},"geometry":{"type":"Point","coordinates":[-79.997791,35.196971]}},{"type":"Feature","properties":{"county_nam":"GREENE","prec_id":"WALS","enr_desc":"Voting District 00WALS","name":"Voting District 00WALS","label":"Voting District 00WALS","precinct_norm":"GREENE - WALS"},"geometry":{"type":"Point","coordinates":[-77.741377,35.579489]}},{"type":"Feature","properties":{"county_nam":"DARE","prec_id":"WAN","enr_desc":"WANCHESE","name":"WANCHESE","label":"WANCHESE","precinct_norm":"DARE - WAN"},"geometry":{"type":"Point","coordinates":[-75.621639,35.80601]}},{"type":"Feature","properties":{"county_nam":"CLAY","prec_id":"WARN","enr_desc":"WARNE","name":"WARNE","label":"WARNE","precinct_norm":"CLAY - WARN"},"geometry":{"type":"Point","coordinates":[-83.895834,35.009318]}},{"type":"Feature","properties":{"county_nam":"DUPLIN","prec_id":"WARS","enr_desc":"WARSAW","name":"WARSAW","label":"WARSAW","precinct_norm":"DUPLIN - WARS"},"geometry":{"type":"Point","coordinates":[-78.084295,34.981838]}},{"type":"Feature","properties":{"county_nam":"PERSON","prec_id":"MTTZ","enr_desc":"MT TIRZAH","name":"MT TIRZAH","label":"MT TIRZAH","precinct_norm":"PERSON - MTTZ"},"geometry":{"type":"Point","coordinates":[-78.859253,36.289191]}},{"type":"Feature","properties":{"county_nam":"CLEVELAND","prec_id":"MULLS","enr_desc":"MULLS","name":"MULLS","label":"MULLS","precinct_norm":"CLEVELAND - MULLS"},"geometry":{"type":"Point","coordinates":[-81.543531,35.504547]}},{"type":"Feature","properties":{"county_nam":"CHEROKEE","prec_id":"MURN","enr_desc":"MURPHY NORTH","name":"MURPHY NORTH","label":"MURPHY NORTH","precinct_norm":"CHEROKEE - MURN"},"geometry":{"type":"Point","coordinates":[-84.034551,35.119193]}},{"type":"Feature","properties":{"county_nam":"CHEROKEE","prec_id":"MURS","enr_desc":"MURPHY SOUTH","name":"MURPHY SOUTH","label":"MURPHY SOUTH","precinct_norm":"CHEROKEE - MURS"},"geometry":{"type":"Point","coordinates":[-84.011323,35.094015]}},{"type":"Feature","properties":{"county_nam":"BRUNSWICK","prec_id":"NB04","enr_desc":"BELVILLE 2","name":"BELVILLE 2","label":"BELVILLE 2","precinct_norm":"BRUNSWICK - NB04"},"geometry":{"type":"Point","coordinates":[-78.03896,34.222277]}},{"type":"Feature","properties":{"county_nam":"BRUNSWICK","prec_id":"WB01","enr_desc":"WACCAMAW","name":"WACCAMAW","label":"WACCAMAW","precinct_norm":"BRUNSWICK - WB01"},"geometry":{"type":"Point","coordinates":[-78.463199,34.098257]}},{"type":"Feature","properties":{"county_nam":"LENOIR","prec_id":"N","enr_desc":"NEUSE","name":"NEUSE","label":"NEUSE","precinct_norm":"LENOIR - N"},"geometry":{"type":"Point","coordinates":[-77.661349,35.212411]}},{"type":"Feature","properties":{"county_nam":"MCDOWELL","prec_id":"N.COVE","enr_desc":"NORTH COVE","name":"NORTH COVE","label":"NORTH COVE","precinct_norm":"MCDOWELL - N.COVE"},"geometry":{"type":"Point","coordinates":[-81.950274,35.87868]}},{"type":"Feature","properties":{"county_nam":"CRAVEN","prec_id":"N2","enr_desc":"FORT TOTTEN","name":"FORT TOTTEN","label":"FORT TOTTEN","precinct_norm":"CRAVEN - N2"},"geometry":{"type":"Point","coordinates":[-77.066613,35.102124]}},{"type":"Feature","properties":{"county_nam":"DARE","prec_id":"NGHD","enr_desc":"NAGS HEAD","name":"NAGS HEAD","label":"NAGS HEAD","precinct_norm":"DARE - NGHD"},"geometry":{"type":"Point","coordinates":[-75.57076,35.8905]}},{"type":"Feature","properties":{"county_nam":"SAMPSON","prec_id":"NGRV","enr_desc":"NEWTON GROVE","name":"NEWTON GROVE","label":"NEWTON GROVE","precinct_norm":"SAMPSON - NGRV"},"geometry":{"type":"Point","coordinates":[-78.322057,35.227374]}},{"type":"Feature","properties":{"county_nam":"VANCE","prec_id":"NH","enr_desc":"New Hope","name":"New Hope","label":"New Hope","precinct_norm":"VANCE - NH"},"geometry":{"type":"Point","coordinates":[-78.441435,36.459386]}},{"type":"Feature","properties":{"county_nam":"CRAVEN","prec_id":"N3N5","enr_desc":"Glenburnie-Grover C","name":"Glenburnie-Grover C","label":"Glenburnie-Grover C","precinct_norm":"CRAVEN - N3N5"},"geometry":{"type":"Point","coordinates":[-77.060604,35.126617]}},{"type":"Feature","properties":{"county_nam":"CRAVEN","prec_id":"N4","enr_desc":"H.J. MACDONALD","name":"H.J. MACDONALD","label":"H.J. MACDONALD","precinct_norm":"CRAVEN - N4"},"geometry":{"type":"Point","coordinates":[-77.097109,35.131594]}},{"type":"Feature","properties":{"county_nam":"CRAVEN","prec_id":"N6","enr_desc":"WEST NEW BERN","name":"WEST NEW BERN","label":"WEST NEW BERN","precinct_norm":"CRAVEN - N6"},"geometry":{"type":"Point","coordinates":[-77.101778,35.105829]}},{"type":"Feature","properties":{"county_nam":"HENDERSON","prec_id":"NB","enr_desc":"NORTH BLUE RIDGE","name":"NORTH BLUE RIDGE","label":"NORTH BLUE RIDGE","precinct_norm":"HENDERSON - NB"},"geometry":{"type":"Point","coordinates":[-82.373588,35.351763]}},{"type":"Feature","properties":{"county_nam":"BRUNSWICK","prec_id":"NB01","enr_desc":"HOOD CREEK","name":"HOOD CREEK","label":"HOOD CREEK","precinct_norm":"BRUNSWICK - NB01"},"geometry":{"type":"Point","coordinates":[-78.155639,34.309751]}},{"type":"Feature","properties":{"county_nam":"BRUNSWICK","prec_id":"NB02","enr_desc":"LELAND","name":"LELAND","label":"LELAND","precinct_norm":"BRUNSWICK - NB02"},"geometry":{"type":"Point","coordinates":[-78.066153,34.291591]}},{"type":"Feature","properties":{"county_nam":"BRUNSWICK","prec_id":"NB03","enr_desc":"TOWN CREEK","name":"TOWN CREEK","label":"TOWN CREEK","precinct_norm":"BRUNSWICK - NB03"},"geometry":{"type":"Point","coordinates":[-78.153441,34.183007]}},{"type":"Feature","properties":{"county_nam":"BRUNSWICK","prec_id":"NB05","enr_desc":"WOODBURN","name":"WOODBURN","label":"WOODBURN","precinct_norm":"BRUNSWICK - NB05"},"geometry":{"type":"Point","coordinates":[-78.002735,34.243561]}},{"type":"Feature","properties":{"county_nam":"BRUNSWICK","prec_id":"NB06","enr_desc":"BRUNSWICK FOREST","name":"BRUNSWICK FOREST","label":"BRUNSWICK FOREST","precinct_norm":"BRUNSWICK - NB06"},"geometry":{"type":"Point","coordinates":[-78.032261,34.181567]}},{"type":"Feature","properties":{"county_nam":"BRUNSWICK","prec_id":"NB07","enr_desc":"BELVILLE 1","name":"BELVILLE 1","label":"BELVILLE 1","precinct_norm":"BRUNSWICK - NB07"},"geometry":{"type":"Point","coordinates":[-77.99296,34.144668]}},{"type":"Feature","properties":{"county_nam":"LINCOLN","prec_id":"NB35","enr_desc":"NORTH BROOK 3A","name":"NORTH BROOK 3A","label":"NORTH BROOK 3A","precinct_norm":"LINCOLN - NB35"},"geometry":{"type":"Point","coordinates":[-81.448387,35.492344]}},{"type":"Feature","properties":{"county_nam":"YADKIN","prec_id":"NBCK","enr_desc":"NORTH BUCK SHOALS","name":"NORTH BUCK SHOALS","label":"NORTH BUCK SHOALS","precinct_norm":"YADKIN - NBCK"},"geometry":{"type":"Point","coordinates":[-80.82683,36.126221]}},{"type":"Feature","properties":{"county_nam":"IREDELL","prec_id":"NH","enr_desc":"NEW HOPE","name":"NEW HOPE","label":"NEW HOPE","precinct_norm":"IREDELL - NH"},"geometry":{"type":"Point","coordinates":[-80.957461,36.014781]}},{"type":"Feature","properties":{"county_nam":"ORANGE","prec_id":"NC","enr_desc":"NORTH CARRBORO","name":"NORTH CARRBORO","label":"NORTH CARRBORO","precinct_norm":"ORANGE - NC"},"geometry":{"type":"Point","coordinates":[-79.088897,35.933977]}},{"type":"Feature","properties":{"county_nam":"FORSYTH","prec_id":"306","enr_desc":"MINERAL SPRINGS ELEM SCHOOL","name":"MINERAL SPRINGS ELEM SCHOOL","label":"MINERAL SPRINGS ELEM SCHOOL","precinct_norm":"FORSYTH - 306"},"geometry":{"type":"Point","coordinates":[-80.2361,36.15334]}},{"type":"Feature","properties":{"county_nam":"GUILFORD","prec_id":"NCGR1","enr_desc":"NCGR1","name":"NCGR1","label":"NCGR1","precinct_norm":"GUILFORD - NCGR1"},"geometry":{"type":"Point","coordinates":[-79.826479,36.195393]}},{"type":"Feature","properties":{"county_nam":"FORSYTH","prec_id":"401","enr_desc":"WINSTON LAKE FAMILY YMCA","name":"WINSTON LAKE FAMILY YMCA","label":"WINSTON LAKE FAMILY YMCA","precinct_norm":"FORSYTH - 401"},"geometry":{"type":"Point","coordinates":[-80.177188,36.108817]}},{"type":"Feature","properties":{"county_nam":"GUILFORD","prec_id":"NCGR2","enr_desc":"NCGR2","name":"NCGR2","label":"NCGR2","precinct_norm":"GUILFORD - NCGR2"},"geometry":{"type":"Point","coordinates":[-79.825789,36.225577]}},{"type":"Feature","properties":{"county_nam":"PERQUIMANS","prec_id":"NICANO","enr_desc":"NICANOR","name":"NICANOR","label":"NICANOR","precinct_norm":"PERQUIMANS - NICANO"},"geometry":{"type":"Point","coordinates":[-76.470934,36.322195]}},{"type":"Feature","properties":{"county_nam":"PASQUOTANK","prec_id":"NIX","enr_desc":"NIXONTON","name":"NIXONTON","label":"NIXONTON","precinct_norm":"PASQUOTANK - NIX"},"geometry":{"type":"Point","coordinates":[-76.178732,36.229631]}},{"type":"Feature","properties":{"county_nam":"YADKIN","prec_id":"NKNB","enr_desc":"NORTH KNOBS","name":"NORTH KNOBS","label":"NORTH KNOBS","precinct_norm":"YADKIN - NKNB"},"geometry":{"type":"Point","coordinates":[-80.82426,36.215634]}},{"type":"Feature","properties":{"county_nam":"YADKIN","prec_id":"NLIB","enr_desc":"NORTH LIBERTY","name":"NORTH LIBERTY","label":"NORTH LIBERTY","precinct_norm":"YADKIN - NLIB"},"geometry":{"type":"Point","coordinates":[-80.658905,36.146224]}},{"type":"Feature","properties":{"county_nam":"GUILFORD","prec_id":"NCLAY1","enr_desc":"NCLAY1","name":"NCLAY1","label":"NCLAY1","precinct_norm":"GUILFORD - NCLAY1"},"geometry":{"type":"Point","coordinates":[-79.696265,35.986963]}},{"type":"Feature","properties":{"county_nam":"GUILFORD","prec_id":"NCLAY2","enr_desc":"NCLAY2","name":"NCLAY2","label":"NCLAY2","precinct_norm":"GUILFORD - NCLAY2"},"geometry":{"type":"Point","coordinates":[-79.652752,35.98863]}},{"type":"Feature","properties":{"county_nam":"BEAUFORT","prec_id":"NCRK","enr_desc":"NORTH CREEK","name":"NORTH CREEK","label":"NORTH CREEK","precinct_norm":"BEAUFORT - NCRK"},"geometry":{"type":"Point","coordinates":[-76.663627,35.4431]}},{"type":"Feature","properties":{"county_nam":"GUILFORD","prec_id":"NDRI","enr_desc":"NDRI","name":"NDRI","label":"NDRI","precinct_norm":"GUILFORD - NDRI"},"geometry":{"type":"Point","coordinates":[-80.001311,36.115666]}},{"type":"Feature","properties":{"county_nam":"HENDERSON","prec_id":"NE","enr_desc":"NORTHEAST","name":"NORTHEAST","label":"NORTHEAST","precinct_norm":"HENDERSON - NE"},"geometry":{"type":"Point","coordinates":[-82.446532,35.353148]}},{"type":"Feature","properties":{"county_nam":"ONSLOW","prec_id":"NE22A","enr_desc":"0NE22A","name":"0NE22A","label":"0NE22A","precinct_norm":"ONSLOW - NE22A"},"geometry":{"type":"Point","coordinates":[-77.303954,34.732964]}},{"type":"Feature","properties":{"county_nam":"ONSLOW","prec_id":"NE22B","enr_desc":"0NE22B","name":"0NE22B","label":"0NE22B","precinct_norm":"ONSLOW - NE22B"},"geometry":{"type":"Point","coordinates":[-77.312375,34.80601]}},{"type":"Feature","properties":{"county_nam":"FORSYTH","prec_id":"404","enr_desc":"EAST WINSTON HERITAGE CENTER","name":"EAST WINSTON HERITAGE CENTER","label":"EAST WINSTON HERITAGE CENTER","precinct_norm":"FORSYTH - 404"},"geometry":{"type":"Point","coordinates":[-80.231277,36.099099]}},{"type":"Feature","properties":{"county_nam":"MCDOWELL","prec_id":"NEBO","enr_desc":"NEBO","name":"NEBO","label":"NEBO","precinct_norm":"MCDOWELL - NEBO"},"geometry":{"type":"Point","coordinates":[-81.923473,35.725167]}},{"type":"Feature","properties":{"county_nam":"PASQUOTANK","prec_id":"NEW","enr_desc":"NEWLAND","name":"NEWLAND","label":"NEWLAND","precinct_norm":"PASQUOTANK - NEW"},"geometry":{"type":"Point","coordinates":[-76.38742,36.403906]}},{"type":"Feature","properties":{"county_nam":"PERQUIMANS","prec_id":"NEW HO","enr_desc":"NEW HOPE","name":"NEW HOPE","label":"NEW HOPE","precinct_norm":"PERQUIMANS - NEW HO"},"geometry":{"type":"Point","coordinates":[-76.310674,36.146697]}},{"type":"Feature","properties":{"county_nam":"NORTHAMPTON","prec_id":"NEWTOW","enr_desc":"NEWTOWN","name":"NEWTOWN","label":"NEWTOWN","precinct_norm":"NORTHAMPTON - NEWTOW"},"geometry":{"type":"Point","coordinates":[-77.167468,36.424099]}},{"type":"Feature","properties":{"county_nam":"YADKIN","prec_id":"NFAL","enr_desc":"NORTH FALL CREEK","name":"NORTH FALL CREEK","label":"NORTH FALL CREEK","precinct_norm":"YADKIN - NFAL"},"geometry":{"type":"Point","coordinates":[-80.595631,36.253762]}},{"type":"Feature","properties":{"county_nam":"FORSYTH","prec_id":"503","enr_desc":"TRINITY MORAVIAN CHURCH","name":"TRINITY MORAVIAN CHURCH","label":"TRINITY MORAVIAN CHURCH","precinct_norm":"FORSYTH - 503"},"geometry":{"type":"Point","coordinates":[-80.23048,36.066479]}},{"type":"Feature","properties":{"county_nam":"RANDOLPH","prec_id":"NM","enr_desc":"NEW MARKET","name":"NEW MARKET","label":"NEW MARKET","precinct_norm":"RANDOLPH - NM"},"geometry":{"type":"Point","coordinates":[-79.875493,35.863624]}},{"type":"Feature","properties":{"county_nam":"HENDERSON","prec_id":"NM","enr_desc":"NORTH MILLS RIVER","name":"NORTH MILLS RIVER","label":"NORTH MILLS RIVER","precinct_norm":"HENDERSON - NM"},"geometry":{"type":"Point","coordinates":[-82.639701,35.416929]}},{"type":"Feature","properties":{"county_nam":"FORSYTH","prec_id":"504","enr_desc":"HILL MIDDLE SCHOOL","name":"HILL MIDDLE SCHOOL","label":"HILL MIDDLE SCHOOL","precinct_norm":"FORSYTH - 504"},"geometry":{"type":"Point","coordinates":[-80.210911,36.06427]}},{"type":"Feature","properties":{"county_nam":"ONSLOW","prec_id":"NM13","enr_desc":"NINE MILE","name":"NINE MILE","label":"NINE MILE","precinct_norm":"ONSLOW - NM13"},"geometry":{"type":"Point","coordinates":[-77.623544,34.741614]}},{"type":"Feature","properties":{"county_nam":"GUILFORD","prec_id":"NMAD","enr_desc":"NMAD","name":"NMAD","label":"NMAD","precinct_norm":"GUILFORD - NMAD"},"geometry":{"type":"Point","coordinates":[-79.658928,36.208541]}},{"type":"Feature","properties":{"county_nam":"MADISON","prec_id":"NORTH","enr_desc":"NORTH MARSHALL","name":"NORTH MARSHALL","label":"NORTH MARSHALL","precinct_norm":"MADISON - NORTH"},"geometry":{"type":"Point","coordinates":[-82.66153,35.816158]}},{"type":"Feature","properties":{"county_nam":"PASQUOTANK","prec_id":"NORTH","enr_desc":"NORTH ELIZABETH CITY","name":"NORTH ELIZABETH CITY","label":"NORTH ELIZABETH CITY","precinct_norm":"PASQUOTANK - NORTH"},"geometry":{"type":"Point","coordinates":[-76.220165,36.319078]}},{"type":"Feature","properties":{"county_nam":"CARTERET","prec_id":"NPT1","enr_desc":"NEWPORT 1","name":"NEWPORT 1","label":"NEWPORT 1","precinct_norm":"CARTERET - NPT1"},"geometry":{"type":"Point","coordinates":[-76.839163,34.804722]}},{"type":"Feature","properties":{"county_nam":"CARTERET","prec_id":"NPT2","enr_desc":"NEWPORT 2","name":"NEWPORT 2","label":"NEWPORT 2","precinct_norm":"CARTERET - NPT2"},"geometry":{"type":"Point","coordinates":[-76.916428,34.786764]}},{"type":"Feature","properties":{"county_nam":"ONSLOW","prec_id":"NR02","enr_desc":"NEW RIVER","name":"NEW RIVER","label":"NEW RIVER","precinct_norm":"ONSLOW - NR02"},"geometry":{"type":"Point","coordinates":[-77.399314,34.760114]}},{"type":"Feature","properties":{"county_nam":"ORANGE","prec_id":"NS","enr_desc":"NORTHSIDE","name":"NORTHSIDE","label":"NORTHSIDE","precinct_norm":"ORANGE - NS"},"geometry":{"type":"Point","coordinates":[-79.061668,35.917614]}},{"type":"Feature","properties":{"county_nam":"CARTERET","prec_id":"NRIV","enr_desc":"NORTH RIVER","name":"NORTH RIVER","label":"NORTH RIVER","precinct_norm":"CARTERET - NRIV"},"geometry":{"type":"Point","coordinates":[-76.648846,34.835715]}},{"type":"Feature","properties":{"county_nam":"NASH","prec_id":"P06A","enr_desc":"SPRING HOPE","name":"SPRING HOPE","label":"SPRING HOPE","precinct_norm":"NASH - P06A"},"geometry":{"type":"Point","coordinates":[-78.131339,35.954098]}},{"type":"Feature","properties":{"county_nam":"COLUMBUS","prec_id":"P07","enr_desc":"CHADBOURN","name":"CHADBOURN","label":"CHADBOURN","precinct_norm":"COLUMBUS - P07"},"geometry":{"type":"Point","coordinates":[-78.843992,34.321236]}},{"type":"Feature","properties":{"county_nam":"JONES","prec_id":"P07","enr_desc":"WHITE OAK","name":"WHITE OAK","label":"WHITE OAK","precinct_norm":"JONES - P07"},"geometry":{"type":"Point","coordinates":[-77.16268,34.876613]}},{"type":"Feature","properties":{"county_nam":"MOORE","prec_id":"NSP","enr_desc":"NORTH SOUTHERN PINES","name":"NORTH SOUTHERN PINES","label":"NORTH SOUTHERN PINES","precinct_norm":"MOORE - NSP"},"geometry":{"type":"Point","coordinates":[-79.354755,35.18151]}},{"type":"Feature","properties":{"county_nam":"VANCE","prec_id":"NV","enr_desc":"Northern Vance","name":"Northern Vance","label":"Northern Vance","precinct_norm":"VANCE - NV"},"geometry":{"type":"Point","coordinates":[-78.404096,36.350595]}},{"type":"Feature","properties":{"county_nam":"NASH","prec_id":"P07A","enr_desc":"MOMEYER","name":"MOMEYER","label":"MOMEYER","precinct_norm":"NASH - P07A"},"geometry":{"type":"Point","coordinates":[-78.057834,35.968003]}},{"type":"Feature","properties":{"county_nam":"NASH","prec_id":"P08A","enr_desc":"NASHVILLE","name":"NASHVILLE","label":"NASHVILLE","precinct_norm":"NASH - P08A"},"geometry":{"type":"Point","coordinates":[-77.974659,35.972578]}},{"type":"Feature","properties":{"county_nam":"NASH","prec_id":"P09A","enr_desc":"CASTALIA","name":"CASTALIA","label":"CASTALIA","precinct_norm":"NASH - P09A"},"geometry":{"type":"Point","coordinates":[-78.050502,36.080418]}},{"type":"Feature","properties":{"county_nam":"HENDERSON","prec_id":"NW","enr_desc":"NORTHWEST","name":"NORTHWEST","label":"NORTHWEST","precinct_norm":"HENDERSON - NW"},"geometry":{"type":"Point","coordinates":[-82.488757,35.35111]}},{"type":"Feature","properties":{"county_nam":"GUILFORD","prec_id":"NWASH","enr_desc":"NWASH","name":"NWASH","label":"NWASH","precinct_norm":"GUILFORD - NWASH"},"geometry":{"type":"Point","coordinates":[-79.575905,36.207901]}},{"type":"Feature","properties":{"county_nam":"CHATHAM","prec_id":"NWM117","enr_desc":"NORTH WILLIAMS","name":"NORTH WILLIAMS","label":"NORTH WILLIAMS","precinct_norm":"CHATHAM - NWM117"},"geometry":{"type":"Point","coordinates":[-79.043888,35.82905]}},{"type":"Feature","properties":{"county_nam":"CLEVELAND","prec_id":"OAKGRV","enr_desc":"OAKGRV","name":"OAKGRV","label":"OAKGRV","precinct_norm":"CLEVELAND - OAKGRV"},"geometry":{"type":"Point","coordinates":[-81.418973,35.291311]}},{"type":"Feature","properties":{"county_nam":"LINCOLN","prec_id":"OB21","enr_desc":"ORE BANK","name":"ORE BANK","label":"ORE BANK","precinct_norm":"LINCOLN - OB21"},"geometry":{"type":"Point","coordinates":[-81.137623,35.500741]}},{"type":"Feature","properties":{"county_nam":"HYDE","prec_id":"OCK","enr_desc":"OCRACOKE","name":"OCRACOKE","label":"OCRACOKE","precinct_norm":"HYDE - OCK"},"geometry":{"type":"Point","coordinates":[-75.899281,35.13501]}},{"type":"Feature","properties":{"county_nam":"ORANGE","prec_id":"OG","enr_desc":"ORANGE GROVE","name":"ORANGE GROVE","label":"ORANGE GROVE","precinct_norm":"ORANGE - OG"},"geometry":{"type":"Point","coordinates":[-79.202149,35.979382]}},{"type":"Feature","properties":{"county_nam":"GRANVILLE","prec_id":"OKHL","enr_desc":"Voting District 00OKHL","name":"Voting District 00OKHL","label":"Voting District 00OKHL","precinct_norm":"GRANVILLE - OKHL"},"geometry":{"type":"Point","coordinates":[-78.725799,36.485859]}},{"type":"Feature","properties":{"county_nam":"IREDELL","prec_id":"OL","enr_desc":"OLIN","name":"OLIN","label":"OLIN","precinct_norm":"IREDELL - OL"},"geometry":{"type":"Point","coordinates":[-80.862415,35.927061]}},{"type":"Feature","properties":{"county_nam":"BEAUFORT","prec_id":"OLDF","enr_desc":"OLD FORD","name":"OLD FORD","label":"OLD FORD","precinct_norm":"BEAUFORT - OLDF"},"geometry":{"type":"Point","coordinates":[-77.038223,35.632858]}},{"type":"Feature","properties":{"county_nam":"PERSON","prec_id":"OLHI","enr_desc":"OLIVE HILL","name":"OLIVE HILL","label":"OLIVE HILL","precinct_norm":"PERSON - OLHI"},"geometry":{"type":"Point","coordinates":[-79.091192,36.395785]}},{"type":"Feature","properties":{"county_nam":"MONTGOMERY","prec_id":"OPH","enr_desc":"OPHIR","name":"OPHIR","label":"OPHIR","precinct_norm":"MONTGOMERY - OPH"},"geometry":{"type":"Point","coordinates":[-79.958988,35.463795]}},{"type":"Feature","properties":{"county_nam":"GUILFORD","prec_id":"OR1","enr_desc":"OR1","name":"OR1","label":"OR1","precinct_norm":"GUILFORD - OR1"},"geometry":{"type":"Point","coordinates":[-80.011823,36.186275]}},{"type":"Feature","properties":{"county_nam":"GUILFORD","prec_id":"OR2","enr_desc":"OR2","name":"OR2","label":"OR2","precinct_norm":"GUILFORD - OR2"},"geometry":{"type":"Point","coordinates":[-79.971087,36.173238]}},{"type":"Feature","properties":{"county_nam":"CARTERET","prec_id":"OTBEG","enr_desc":"OTWAY/STRAITS/BETTIE/Gloucester","name":"OTWAY/STRAITS/BETTIE/Gloucester","label":"OTWAY/STRAITS/BETTIE/Gloucester","precinct_norm":"CARTERET - OTBEG"},"geometry":{"type":"Point","coordinates":[-76.571313,34.785601]}},{"type":"Feature","properties":{"county_nam":"WASHINGTON","prec_id":"P1","enr_desc":"PLYMOUTH 1","name":"PLYMOUTH 1","label":"PLYMOUTH 1","precinct_norm":"WASHINGTON - P1"},"geometry":{"type":"Point","coordinates":[-76.71601,35.890525]}},{"type":"Feature","properties":{"county_nam":"ORANGE","prec_id":"OW1","enr_desc":"OWASA","name":"OWASA","label":"OWASA","precinct_norm":"ORANGE - OW1"},"geometry":{"type":"Point","coordinates":[-79.07889,35.906114]}},{"type":"Feature","properties":{"county_nam":"HAYWOOD","prec_id":"P","enr_desc":"PIGEON","name":"PIGEON","label":"PIGEON","precinct_norm":"HAYWOOD - P"},"geometry":{"type":"Point","coordinates":[-82.904195,35.459548]}},{"type":"Feature","properties":{"county_nam":"JONES","prec_id":"P01","enr_desc":"BEAVER CREEK","name":"BEAVER CREEK","label":"BEAVER CREEK","precinct_norm":"JONES - P01"},"geometry":{"type":"Point","coordinates":[-77.43706,35.168792]}},{"type":"Feature","properties":{"county_nam":"NASH","prec_id":"P01A","enr_desc":"BAILEY","name":"BAILEY","label":"BAILEY","precinct_norm":"NASH - P01A"},"geometry":{"type":"Point","coordinates":[-78.100782,35.78845]}},{"type":"Feature","properties":{"county_nam":"JONES","prec_id":"P02","enr_desc":"CHINQUAPIN","name":"CHINQUAPIN","label":"CHINQUAPIN","precinct_norm":"JONES - P02"},"geometry":{"type":"Point","coordinates":[-77.487794,35.099529]}},{"type":"Feature","properties":{"county_nam":"NASH","prec_id":"P02A","enr_desc":"MIDDLESEX","name":"MIDDLESEX","label":"MIDDLESEX","precinct_norm":"NASH - P02A"},"geometry":{"type":"Point","coordinates":[-78.205237,35.792645]}},{"type":"Feature","properties":{"county_nam":"COLUMBUS","prec_id":"P02B","enr_desc":"BOLTON","name":"BOLTON","label":"BOLTON","precinct_norm":"COLUMBUS - P02B"},"geometry":{"type":"Point","coordinates":[-78.407859,34.258931]}},{"type":"Feature","properties":{"county_nam":"JONES","prec_id":"P03","enr_desc":"CYPRESS CREEK","name":"CYPRESS CREEK","label":"CYPRESS CREEK","precinct_norm":"JONES - P03"},"geometry":{"type":"Point","coordinates":[-77.506291,35.008735]}},{"type":"Feature","properties":{"county_nam":"NASH","prec_id":"P03A","enr_desc":"SAMARIA","name":"SAMARIA","label":"SAMARIA","precinct_norm":"NASH - P03A"},"geometry":{"type":"Point","coordinates":[-78.167831,35.884429]}},{"type":"Feature","properties":{"county_nam":"JONES","prec_id":"P04","enr_desc":"POLLOCKSVILLE","name":"POLLOCKSVILLE","label":"POLLOCKSVILLE","precinct_norm":"JONES - P04"},"geometry":{"type":"Point","coordinates":[-77.200537,35.023206]}},{"type":"Feature","properties":{"county_nam":"NASH","prec_id":"P04A","enr_desc":"STANHOPE","name":"STANHOPE","label":"STANHOPE","precinct_norm":"NASH - P04A"},"geometry":{"type":"Point","coordinates":[-78.030111,35.845478]}},{"type":"Feature","properties":{"county_nam":"JONES","prec_id":"P05","enr_desc":"TRENTON","name":"TRENTON","label":"TRENTON","precinct_norm":"JONES - P05"},"geometry":{"type":"Point","coordinates":[-77.355187,35.043016]}},{"type":"Feature","properties":{"county_nam":"NASH","prec_id":"P05A","enr_desc":"COOPERS","name":"COOPERS","label":"COOPERS","precinct_norm":"NASH - P05A"},"geometry":{"type":"Point","coordinates":[-77.978369,35.892888]}},{"type":"Feature","properties":{"county_nam":"JONES","prec_id":"P06","enr_desc":"TUCKAHOE","name":"TUCKAHOE","label":"TUCKAHOE","precinct_norm":"JONES - P06"},"geometry":{"type":"Point","coordinates":[-77.593859,35.048308]}},{"type":"Feature","properties":{"county_nam":"COLUMBUS","prec_id":"P06","enr_desc":"CERRO GORDO","name":"CERRO GORDO","label":"CERRO GORDO","precinct_norm":"COLUMBUS - P06"},"geometry":{"type":"Point","coordinates":[-78.93077,34.317563]}},{"type":"Feature","properties":{"county_nam":"BLADEN","prec_id":"P10","enr_desc":"ABBOTTS","name":"ABBOTTS","label":"ABBOTTS","precinct_norm":"BLADEN - P10"},"geometry":{"type":"Point","coordinates":[-78.721033,34.511211]}},{"type":"Feature","properties":{"county_nam":"NASH","prec_id":"P10A","enr_desc":"GRIFFINS","name":"GRIFFINS","label":"GRIFFINS","precinct_norm":"NASH - P10A"},"geometry":{"type":"Point","coordinates":[-77.956494,36.115602]}},{"type":"Feature","properties":{"county_nam":"NASH","prec_id":"P11A","enr_desc":"RED OAK","name":"RED OAK","label":"RED OAK","precinct_norm":"NASH - P11A"},"geometry":{"type":"Point","coordinates":[-77.909087,36.040296]}},{"type":"Feature","properties":{"county_nam":"NASH","prec_id":"P12A","enr_desc":"SALEM","name":"SALEM","label":"SALEM","precinct_norm":"NASH - P12A"},"geometry":{"type":"Point","coordinates":[-77.85861,36.107595]}},{"type":"Feature","properties":{"county_nam":"NASH","prec_id":"P13A","enr_desc":"WHITAKERS","name":"WHITAKERS","label":"WHITAKERS","precinct_norm":"NASH - P13A"},"geometry":{"type":"Point","coordinates":[-77.761085,36.109303]}},{"type":"Feature","properties":{"county_nam":"COLUMBUS","prec_id":"P14","enr_desc":"RANSOM","name":"RANSOM","label":"RANSOM","precinct_norm":"COLUMBUS - P14"},"geometry":{"type":"Point","coordinates":[-78.262263,34.304337]}},{"type":"Feature","properties":{"county_nam":"NASH","prec_id":"P14A","enr_desc":"DORTCHES","name":"DORTCHES","label":"DORTCHES","precinct_norm":"NASH - P14A"},"geometry":{"type":"Point","coordinates":[-77.845782,36.009302]}},{"type":"Feature","properties":{"county_nam":"BLADEN","prec_id":"P15","enr_desc":"BETHEL","name":"BETHEL","label":"BETHEL","precinct_norm":"BLADEN - P15"},"geometry":{"type":"Point","coordinates":[-78.737931,34.662277]}},{"type":"Feature","properties":{"county_nam":"COLUMBUS","prec_id":"P15","enr_desc":"TATUM","name":"TATUM","label":"TATUM","precinct_norm":"COLUMBUS - P15"},"geometry":{"type":"Point","coordinates":[-78.879562,34.403851]}},{"type":"Feature","properties":{"county_nam":"NASH","prec_id":"P15A","enr_desc":"OAK LEVEL","name":"OAK LEVEL","label":"OAK LEVEL","precinct_norm":"NASH - P15A"},"geometry":{"type":"Point","coordinates":[-77.900905,35.936871]}},{"type":"Feature","properties":{"county_nam":"NASH","prec_id":"P16A","enr_desc":"ROCKY MOUNT BATTLEBORO","name":"ROCKY MOUNT BATTLEBORO","label":"ROCKY MOUNT BATTLEBORO","precinct_norm":"NASH - P16A"},"geometry":{"type":"Point","coordinates":[-77.801426,36.030849]}},{"type":"Feature","properties":{"county_nam":"COLUMBUS","prec_id":"P16B","enr_desc":"WACCAMAW","name":"WACCAMAW","label":"WACCAMAW","precinct_norm":"COLUMBUS - P16B"},"geometry":{"type":"Point","coordinates":[-78.493887,34.338321]}},{"type":"Feature","properties":{"county_nam":"NASH","prec_id":"P17A","enr_desc":"ROCKY MOUNT BENVENUE","name":"ROCKY MOUNT BENVENUE","label":"ROCKY MOUNT BENVENUE","precinct_norm":"NASH - P17A"},"geometry":{"type":"Point","coordinates":[-77.805452,35.989349]}},{"type":"Feature","properties":{"county_nam":"NASH","prec_id":"P18A","enr_desc":"ROCKY MOUNT HUNTER HILL","name":"ROCKY MOUNT HUNTER HILL","label":"ROCKY MOUNT HUNTER HILL","precinct_norm":"NASH - P18A"},"geometry":{"type":"Point","coordinates":[-77.828038,35.977856]}},{"type":"Feature","properties":{"county_nam":"COLUMBUS","prec_id":"P19","enr_desc":"WHITEVILLE 1","name":"WHITEVILLE 1","label":"WHITEVILLE 1","precinct_norm":"COLUMBUS - P19"},"geometry":{"type":"Point","coordinates":[-78.697468,34.339076]}},{"type":"Feature","properties":{"county_nam":"NASH","prec_id":"P19A","enr_desc":"ROCKY MOUNT WINSTEAD","name":"ROCKY MOUNT WINSTEAD","label":"ROCKY MOUNT WINSTEAD","precinct_norm":"NASH - P19A"},"geometry":{"type":"Point","coordinates":[-77.856797,35.960025]}},{"type":"Feature","properties":{"county_nam":"WASHINGTON","prec_id":"P2","enr_desc":"PLYMOUTH 2","name":"PLYMOUTH 2","label":"PLYMOUTH 2","precinct_norm":"WASHINGTON - P2"},"geometry":{"type":"Point","coordinates":[-76.766569,35.852808]}},{"type":"Feature","properties":{"county_nam":"BLADEN","prec_id":"P201","enr_desc":"BLADENBORO 1","name":"BLADENBORO 1","label":"BLADENBORO 1","precinct_norm":"BLADEN - P201"},"geometry":{"type":"Point","coordinates":[-78.809899,34.517795]}},{"type":"Feature","properties":{"county_nam":"BLADEN","prec_id":"P202","enr_desc":"BLADENBORO 2","name":"BLADENBORO 2","label":"BLADENBORO 2","precinct_norm":"BLADEN - P202"},"geometry":{"type":"Point","coordinates":[-78.779842,34.575577]}},{"type":"Feature","properties":{"county_nam":"NASH","prec_id":"P20A","enr_desc":"ROCKY MOUNT SUNSET","name":"ROCKY MOUNT SUNSET","label":"ROCKY MOUNT SUNSET","precinct_norm":"NASH - P20A"},"geometry":{"type":"Point","coordinates":[-77.829346,35.954069]}},{"type":"Feature","properties":{"county_nam":"NASH","prec_id":"P21A","enr_desc":"ROCKY MOUNT DOWNTOWN","name":"ROCKY MOUNT DOWNTOWN","label":"ROCKY MOUNT DOWNTOWN","precinct_norm":"NASH - P21A"},"geometry":{"type":"Point","coordinates":[-77.801445,35.965946]}},{"type":"Feature","properties":{"county_nam":"COLUMBUS","prec_id":"P22A","enr_desc":"SOUTH WHITEVILLE","name":"SOUTH WHITEVILLE","label":"SOUTH WHITEVILLE","precinct_norm":"COLUMBUS - P22A"},"geometry":{"type":"Point","coordinates":[-78.75701,34.277395]}},{"type":"Feature","properties":{"county_nam":"NASH","prec_id":"P22A","enr_desc":"ROCKY MOUNT EDWARDS","name":"ROCKY MOUNT EDWARDS","label":"ROCKY MOUNT EDWARDS","precinct_norm":"NASH - P22A"},"geometry":{"type":"Point","coordinates":[-77.811523,35.933743]}},{"type":"Feature","properties":{"county_nam":"GUILFORD","prec_id":"PG2","enr_desc":"PG2","name":"PG2","label":"PG2","precinct_norm":"GUILFORD - PG2"},"geometry":{"type":"Point","coordinates":[-79.751478,35.938217]}},{"type":"Feature","properties":{"county_nam":"CASWELL","prec_id":"PH","enr_desc":"PROSPECT HILL","name":"PROSPECT HILL","label":"PROSPECT HILL","precinct_norm":"CASWELL - PH"},"geometry":{"type":"Point","coordinates":[-79.24119,36.32343]}},{"type":"Feature","properties":{"county_nam":"NASH","prec_id":"P23A","enr_desc":"ROCKY MOUNT SOUTH","name":"ROCKY MOUNT SOUTH","label":"ROCKY MOUNT SOUTH","precinct_norm":"NASH - P23A"},"geometry":{"type":"Point","coordinates":[-77.820809,35.923674]}},{"type":"Feature","properties":{"county_nam":"NASH","prec_id":"P24A","enr_desc":"SHARPSBURG","name":"SHARPSBURG","label":"SHARPSBURG","precinct_norm":"NASH - P24A"},"geometry":{"type":"Point","coordinates":[-77.856151,35.874321]}},{"type":"Feature","properties":{"county_nam":"BLADEN","prec_id":"P25","enr_desc":"BROWN MARSH","name":"BROWN MARSH","label":"BROWN MARSH","precinct_norm":"BLADEN - P25"},"geometry":{"type":"Point","coordinates":[-78.621801,34.507405]}},{"type":"Feature","properties":{"county_nam":"COLUMBUS","prec_id":"P26B","enr_desc":"SOUTH WILLIAMS","name":"SOUTH WILLIAMS","label":"SOUTH WILLIAMS","precinct_norm":"COLUMBUS - P26B"},"geometry":{"type":"Point","coordinates":[-78.82011,34.136493]}},{"type":"Feature","properties":{"county_nam":"WASHINGTON","prec_id":"P3","enr_desc":"PLYMOUTH 3","name":"PLYMOUTH 3","label":"PLYMOUTH 3","precinct_norm":"WASHINGTON - P3"},"geometry":{"type":"Point","coordinates":[-76.747008,35.789274]}},{"type":"Feature","properties":{"county_nam":"BLADEN","prec_id":"P30","enr_desc":"CARVERS CREEK","name":"CARVERS CREEK","label":"CARVERS CREEK","precinct_norm":"BLADEN - P30"},"geometry":{"type":"Point","coordinates":[-78.424099,34.442181]}},{"type":"Feature","properties":{"county_nam":"BLADEN","prec_id":"P35","enr_desc":"CENTRAL","name":"CENTRAL","label":"CENTRAL","precinct_norm":"BLADEN - P35"},"geometry":{"type":"Point","coordinates":[-78.623298,34.682554]}},{"type":"Feature","properties":{"county_nam":"BLADEN","prec_id":"P40","enr_desc":"COLLY","name":"COLLY","label":"COLLY","precinct_norm":"BLADEN - P40"},"geometry":{"type":"Point","coordinates":[-78.493366,34.666472]}},{"type":"Feature","properties":{"county_nam":"BLADEN","prec_id":"P45","enr_desc":"CYPRESS CREEK","name":"CYPRESS CREEK","label":"CYPRESS CREEK","precinct_norm":"BLADEN - P45"},"geometry":{"type":"Point","coordinates":[-78.46744,34.767072]}},{"type":"Feature","properties":{"county_nam":"BLADEN","prec_id":"P501","enr_desc":"ELIZABETHTOWN 1","name":"ELIZABETHTOWN 1","label":"ELIZABETHTOWN 1","precinct_norm":"BLADEN - P501"},"geometry":{"type":"Point","coordinates":[-78.668829,34.607138]}},{"type":"Feature","properties":{"county_nam":"BLADEN","prec_id":"P502","enr_desc":"ELIZABETHTOWN 2","name":"ELIZABETHTOWN 2","label":"ELIZABETHTOWN 2","precinct_norm":"BLADEN - P502"},"geometry":{"type":"Point","coordinates":[-78.573975,34.588077]}},{"type":"Feature","properties":{"county_nam":"BLADEN","prec_id":"P55","enr_desc":"FRENCHES CREEK","name":"FRENCHES CREEK","label":"FRENCHES CREEK","precinct_norm":"BLADEN - P55"},"geometry":{"type":"Point","coordinates":[-78.305419,34.479103]}},{"type":"Feature","properties":{"county_nam":"BLADEN","prec_id":"P60","enr_desc":"HOLLOW","name":"HOLLOW","label":"HOLLOW","precinct_norm":"BLADEN - P60"},"geometry":{"type":"Point","coordinates":[-78.829291,34.762394]}},{"type":"Feature","properties":{"county_nam":"BLADEN","prec_id":"P65","enr_desc":"LAKE CREEK","name":"LAKE CREEK","label":"LAKE CREEK","precinct_norm":"BLADEN - P65"},"geometry":{"type":"Point","coordinates":[-78.375996,34.61075]}},{"type":"Feature","properties":{"county_nam":"BLADEN","prec_id":"P70","enr_desc":"TURNBULL","name":"TURNBULL","label":"TURNBULL","precinct_norm":"BLADEN - P70"},"geometry":{"type":"Point","coordinates":[-78.594459,34.792652]}},{"type":"Feature","properties":{"county_nam":"BLADEN","prec_id":"P75","enr_desc":"WHITES CREEK","name":"WHITES CREEK","label":"WHITES CREEK","precinct_norm":"BLADEN - P75"},"geometry":{"type":"Point","coordinates":[-78.533052,34.486573]}},{"type":"Feature","properties":{"county_nam":"BLADEN","prec_id":"P80","enr_desc":"WHITE OAK","name":"WHITE OAK","label":"WHITE OAK","precinct_norm":"BLADEN - P80"},"geometry":{"type":"Point","coordinates":[-78.721209,34.774344]}},{"type":"Feature","properties":{"county_nam":"COLUMBUS","prec_id":"P82","enr_desc":"NW Whiteville","name":"NW Whiteville","label":"NW Whiteville","precinct_norm":"COLUMBUS - P82"},"geometry":{"type":"Point","coordinates":[-78.748091,34.408823]}},{"type":"Feature","properties":{"county_nam":"COLUMBUS","prec_id":"P89","enr_desc":"Cherry Bluff","name":"Cherry Bluff","label":"Cherry Bluff","precinct_norm":"COLUMBUS - P89"},"geometry":{"type":"Point","coordinates":[-78.959356,34.269288]}},{"type":"Feature","properties":{"county_nam":"ORANGE","prec_id":"PA","enr_desc":"PATTERSON","name":"PATTERSON","label":"PATTERSON","precinct_norm":"ORANGE - PA"},"geometry":{"type":"Point","coordinates":[-79.033279,35.991397]}},{"type":"Feature","properties":{"county_nam":"BEAUFORT","prec_id":"PANTE","enr_desc":"PANTEGO","name":"PANTEGO","label":"PANTEGO","precinct_norm":"BEAUFORT - PANTE"},"geometry":{"type":"Point","coordinates":[-76.72907,35.613094]}},{"type":"Feature","properties":{"county_nam":"PERQUIMANS","prec_id":"PARKVI","enr_desc":"PARKVILLE","name":"PARKVILLE","label":"PARKVILLE","precinct_norm":"PERQUIMANS - PARKVI"},"geometry":{"type":"Point","coordinates":[-76.441919,36.220391]}},{"type":"Feature","properties":{"county_nam":"CURRITUCK","prec_id":"PB","enr_desc":"POPLAR BRANCH","name":"POPLAR BRANCH","label":"POPLAR BRANCH","precinct_norm":"CURRITUCK - PB"},"geometry":{"type":"Point","coordinates":[-75.916264,36.312326]}},{"type":"Feature","properties":{"county_nam":"MOORE","prec_id":"PBF","enr_desc":"PINEBLUFF","name":"PINEBLUFF","label":"PINEBLUFF","precinct_norm":"MOORE - PBF"},"geometry":{"type":"Point","coordinates":[-79.505216,35.089209]}},{"type":"Feature","properties":{"county_nam":"HAYWOOD","prec_id":"PC","enr_desc":"PIGEON CENTER","name":"PIGEON CENTER","label":"PIGEON CENTER","precinct_norm":"HAYWOOD - PC"},"geometry":{"type":"Point","coordinates":[-82.848035,35.491691]}},{"type":"Feature","properties":{"county_nam":"LINCOLN","prec_id":"PC22","enr_desc":"PUMPKIN CENTER","name":"PUMPKIN CENTER","label":"PUMPKIN CENTER","precinct_norm":"LINCOLN - PC22"},"geometry":{"type":"Point","coordinates":[-81.109451,35.521068]}},{"type":"Feature","properties":{"county_nam":"CHEROKEE","prec_id":"PCHT","enr_desc":"PEACHTREE","name":"PEACHTREE","label":"PEACHTREE","precinct_norm":"CHEROKEE - PCHT"},"geometry":{"type":"Point","coordinates":[-83.944812,35.09398]}},{"type":"Feature","properties":{"county_nam":"MOORE","prec_id":"PDN","enr_desc":"PINEDENE","name":"PINEDENE","label":"PINEDENE","precinct_norm":"MOORE - PDN"},"geometry":{"type":"Point","coordinates":[-79.372774,35.146219]}},{"type":"Feature","properties":{"county_nam":"ANSON","prec_id":"PEAC","enr_desc":"PEACHLAND","name":"PEACHLAND","label":"PEACHLAND","precinct_norm":"ANSON - PEAC"},"geometry":{"type":"Point","coordinates":[-80.253056,34.991284]}},{"type":"Feature","properties":{"county_nam":"MONTGOMERY","prec_id":"PEE","enr_desc":"PEE DEE","name":"PEE DEE","label":"PEE DEE","precinct_norm":"MONTGOMERY - PEE"},"geometry":{"type":"Point","coordinates":[-80.049766,35.258873]}},{"type":"Feature","properties":{"county_nam":"CARTERET","prec_id":"PELE","enr_desc":"PELETIER","name":"PELETIER","label":"PELETIER","precinct_norm":"CARTERET - PELE"},"geometry":{"type":"Point","coordinates":[-77.078803,34.733394]}},{"type":"Feature","properties":{"county_nam":"CASWELL","prec_id":"PELH","enr_desc":"PELHAM","name":"PELHAM","label":"PELHAM","precinct_norm":"CASWELL - PELH"},"geometry":{"type":"Point","coordinates":[-79.453667,36.473524]}},{"type":"Feature","properties":{"county_nam":"TRANSYLVANIA","prec_id":"PF","enr_desc":"PISGAH FOREST","name":"PISGAH FOREST","label":"PISGAH FOREST","precinct_norm":"TRANSYLVANIA - PF"},"geometry":{"type":"Point","coordinates":[-82.795976,35.29913]}},{"type":"Feature","properties":{"county_nam":"GUILFORD","prec_id":"PG1","enr_desc":"PG1","name":"PG1","label":"PG1","precinct_norm":"GUILFORD - PG1"},"geometry":{"type":"Point","coordinates":[-79.763325,35.978132]}},{"type":"Feature","properties":{"county_nam":"LENOIR","prec_id":"PH1","enr_desc":"PINK HILL-1","name":"PINK HILL-1","label":"PINK HILL-1","precinct_norm":"LENOIR - PH1"},"geometry":{"type":"Point","coordinates":[-77.657949,35.07292]}},{"type":"Feature","properties":{"county_nam":"JOHNSTON","prec_id":"PR04","enr_desc":"BENTONVILLE","name":"BENTONVILLE","label":"BENTONVILLE","precinct_norm":"JOHNSTON - PR04"},"geometry":{"type":"Point","coordinates":[-78.289997,35.340173]}},{"type":"Feature","properties":{"county_nam":"JOHNSTON","prec_id":"PR07","enr_desc":"NORTH BOON HILL","name":"NORTH BOON HILL","label":"NORTH BOON HILL","precinct_norm":"JOHNSTON - PR07"},"geometry":{"type":"Point","coordinates":[-78.165619,35.4399]}},{"type":"Feature","properties":{"county_nam":"LENOIR","prec_id":"PH2","enr_desc":"PINK HILL-2","name":"PINK HILL-2","label":"PINK HILL-2","precinct_norm":"LENOIR - PH2"},"geometry":{"type":"Point","coordinates":[-77.729975,35.058992]}},{"type":"Feature","properties":{"county_nam":"JOHNSTON","prec_id":"PR12A","enr_desc":"NORTH CLEVELAND 1","name":"NORTH CLEVELAND 1","label":"NORTH CLEVELAND 1","precinct_norm":"JOHNSTON - PR12A"},"geometry":{"type":"Point","coordinates":[-78.554167,35.618472]}},{"type":"Feature","properties":{"county_nam":"JOHNSTON","prec_id":"PR12B","enr_desc":"NORTH CLEVELAND 2","name":"NORTH CLEVELAND 2","label":"NORTH CLEVELAND 2","precinct_norm":"JOHNSTON - PR12B"},"geometry":{"type":"Point","coordinates":[-78.49628,35.559635]}},{"type":"Feature","properties":{"county_nam":"JOHNSTON","prec_id":"PR13","enr_desc":"NORTH ELEVATION","name":"NORTH ELEVATION","label":"NORTH ELEVATION","precinct_norm":"JOHNSTON - PR13"},"geometry":{"type":"Point","coordinates":[-78.514794,35.498656]}},{"type":"Feature","properties":{"county_nam":"JOHNSTON","prec_id":"PR14","enr_desc":"SOUTH ELEVATION","name":"SOUTH ELEVATION","label":"SOUTH ELEVATION","precinct_norm":"JOHNSTON - PR14"},"geometry":{"type":"Point","coordinates":[-78.536398,35.440862]}},{"type":"Feature","properties":{"county_nam":"JOHNSTON","prec_id":"PR19","enr_desc":"MICRO","name":"MICRO","label":"MICRO","precinct_norm":"JOHNSTON - PR19"},"geometry":{"type":"Point","coordinates":[-78.204307,35.571968]}},{"type":"Feature","properties":{"county_nam":"JOHNSTON","prec_id":"PR20","enr_desc":"NORTH ONEALS","name":"NORTH ONEALS","label":"NORTH ONEALS","precinct_norm":"JOHNSTON - PR20"},"geometry":{"type":"Point","coordinates":[-78.265409,35.751957]}},{"type":"Feature","properties":{"county_nam":"JOHNSTON","prec_id":"PR21","enr_desc":"SOUTH ONEALS","name":"SOUTH ONEALS","label":"SOUTH ONEALS","precinct_norm":"JOHNSTON - PR21"},"geometry":{"type":"Point","coordinates":[-78.244362,35.653557]}},{"type":"Feature","properties":{"county_nam":"JOHNSTON","prec_id":"PR22","enr_desc":"PINE LEVEL","name":"PINE LEVEL","label":"PINE LEVEL","precinct_norm":"JOHNSTON - PR22"},"geometry":{"type":"Point","coordinates":[-78.23832,35.518179]}},{"type":"Feature","properties":{"county_nam":"HARNETT","prec_id":"PR23","enr_desc":"BOONE TRAIL","name":"BOONE TRAIL","label":"BOONE TRAIL","precinct_norm":"HARNETT - PR23"},"geometry":{"type":"Point","coordinates":[-78.948198,35.422976]}},{"type":"Feature","properties":{"county_nam":"JOHNSTON","prec_id":"PR23A","enr_desc":"NORTH PLEASANT GROVE 1","name":"NORTH PLEASANT GROVE 1","label":"NORTH PLEASANT GROVE 1","precinct_norm":"JOHNSTON - PR23A"},"geometry":{"type":"Point","coordinates":[-78.568954,35.543165]}},{"type":"Feature","properties":{"county_nam":"JOHNSTON","prec_id":"PR23B","enr_desc":"NORTH PLEASANT GROVE 2","name":"NORTH PLEASANT GROVE 2","label":"NORTH PLEASANT GROVE 2","precinct_norm":"JOHNSTON - PR23B"},"geometry":{"type":"Point","coordinates":[-78.639139,35.543019]}},{"type":"Feature","properties":{"county_nam":"JOHNSTON","prec_id":"PR24","enr_desc":"EAST SELMA","name":"EAST SELMA","label":"EAST SELMA","precinct_norm":"JOHNSTON - PR24"},"geometry":{"type":"Point","coordinates":[-78.250602,35.557306]}},{"type":"Feature","properties":{"county_nam":"HARNETT","prec_id":"PR24","enr_desc":"COATS/GROVE","name":"COATS/GROVE","label":"COATS/GROVE","precinct_norm":"HARNETT - PR24"},"geometry":{"type":"Point","coordinates":[-78.652242,35.417185]}},{"type":"Feature","properties":{"county_nam":"HARNETT","prec_id":"PR25","enr_desc":"EAST AVERASBORO","name":"EAST AVERASBORO","label":"EAST AVERASBORO","precinct_norm":"HARNETT - PR25"},"geometry":{"type":"Point","coordinates":[-78.587648,35.304833]}},{"type":"Feature","properties":{"county_nam":"JOHNSTON","prec_id":"PR25","enr_desc":"WEST SELMA","name":"WEST SELMA","label":"WEST SELMA","precinct_norm":"JOHNSTON - PR25"},"geometry":{"type":"Point","coordinates":[-78.295062,35.583297]}},{"type":"Feature","properties":{"county_nam":"MOORE","prec_id":"PHA1","enr_desc":"PINEHURST A1","name":"PINEHURST A1","label":"PINEHURST A1","precinct_norm":"MOORE - PHA1"},"geometry":{"type":"Point","coordinates":[-79.463886,35.208496]}},{"type":"Feature","properties":{"county_nam":"WILSON","prec_id":"PRWA","enr_desc":"WILSON A","name":"WILSON A","label":"WILSON A","precinct_norm":"WILSON - PRWA"},"geometry":{"type":"Point","coordinates":[-77.916017,35.731019]}},{"type":"Feature","properties":{"county_nam":"MOORE","prec_id":"PHA2","enr_desc":"PINEHURST A2","name":"PINEHURST A2","label":"PINEHURST A2","precinct_norm":"MOORE - PHA2"},"geometry":{"type":"Point","coordinates":[-79.525936,35.202479]}},{"type":"Feature","properties":{"county_nam":"WILSON","prec_id":"PRWB","enr_desc":"WILSON B","name":"WILSON B","label":"WILSON B","precinct_norm":"WILSON - PRWB"},"geometry":{"type":"Point","coordinates":[-77.917931,35.716425]}},{"type":"Feature","properties":{"county_nam":"WILSON","prec_id":"PRWC","enr_desc":"WILSON C","name":"WILSON C","label":"WILSON C","precinct_norm":"WILSON - PRWC"},"geometry":{"type":"Point","coordinates":[-77.927706,35.72774]}},{"type":"Feature","properties":{"county_nam":"MOORE","prec_id":"PHB2","enr_desc":"PINEHURST B2","name":"PINEHURST B2","label":"PINEHURST B2","precinct_norm":"MOORE - PHB2"},"geometry":{"type":"Point","coordinates":[-79.454764,35.177095]}},{"type":"Feature","properties":{"county_nam":"WILSON","prec_id":"PRWD","enr_desc":"WILSON D","name":"WILSON D","label":"WILSON D","precinct_norm":"WILSON - PRWD"},"geometry":{"type":"Point","coordinates":[-77.929733,35.741795]}},{"type":"Feature","properties":{"county_nam":"MOORE","prec_id":"PHC","enr_desc":"PINEHURST C","name":"PINEHURST C","label":"PINEHURST C","precinct_norm":"MOORE - PHC"},"geometry":{"type":"Point","coordinates":[-79.489791,35.174639]}},{"type":"Feature","properties":{"county_nam":"BEAUFORT","prec_id":"PINET","enr_desc":"PINETOWN","name":"PINETOWN","label":"PINETOWN","precinct_norm":"BEAUFORT - PINET"},"geometry":{"type":"Point","coordinates":[-76.878094,35.641422]}},{"type":"Feature","properties":{"county_nam":"MCDOWELL","prec_id":"PLEASA","enr_desc":"PLEASANT GARDENS","name":"PLEASANT GARDENS","label":"PLEASANT GARDENS","precinct_norm":"MCDOWELL - PLEASA"},"geometry":{"type":"Point","coordinates":[-82.107015,35.720331]}},{"type":"Feature","properties":{"county_nam":"SAMPSON","prec_id":"PLVW","enr_desc":"PLAINVIEW","name":"PLAINVIEW","label":"PLAINVIEW","precinct_norm":"SAMPSON - PLVW"},"geometry":{"type":"Point","coordinates":[-78.522645,35.253945]}},{"type":"Feature","properties":{"county_nam":"WILSON","prec_id":"PRWL","enr_desc":"WILSON L","name":"WILSON L","label":"WILSON L","precinct_norm":"WILSON - PRWL"},"geometry":{"type":"Point","coordinates":[-77.943458,35.75983]}},{"type":"Feature","properties":{"county_nam":"PERSON","prec_id":"PNTH","enr_desc":"Piedmont North","name":"Piedmont North","label":"Piedmont North","precinct_norm":"PERSON - PNTH"},"geometry":{"type":"Point","coordinates":[-78.96064,36.416482]}},{"type":"Feature","properties":{"county_nam":"ANSON","prec_id":"POLK","enr_desc":"POLKTON","name":"POLKTON","label":"POLKTON","precinct_norm":"ANSON - POLK"},"geometry":{"type":"Point","coordinates":[-80.200645,34.996401]}},{"type":"Feature","properties":{"county_nam":"CLEVELAND","prec_id":"POLKVL","enr_desc":"POLKVL","name":"POLKVL","label":"POLKVL","precinct_norm":"CLEVELAND - POLKVL"},"geometry":{"type":"Point","coordinates":[-81.641467,35.425761]}},{"type":"Feature","properties":{"county_nam":"CURRITUCK","prec_id":"PP","enr_desc":"POWELLS POINT","name":"POWELLS POINT","label":"POWELLS POINT","precinct_norm":"CURRITUCK - PP"},"geometry":{"type":"Point","coordinates":[-75.835932,36.126412]}},{"type":"Feature","properties":{"county_nam":"HENDERSON","prec_id":"PR","enr_desc":"PARK RIDGE","name":"PARK RIDGE","label":"PARK RIDGE","precinct_norm":"HENDERSON - PR"},"geometry":{"type":"Point","coordinates":[-82.4722,35.395338]}},{"type":"Feature","properties":{"county_nam":"RANDOLPH","prec_id":"PR","enr_desc":"PROVIDENCE","name":"PROVIDENCE","label":"PROVIDENCE","precinct_norm":"RANDOLPH - PR"},"geometry":{"type":"Point","coordinates":[-79.692034,35.857488]}},{"type":"Feature","properties":{"county_nam":"HARNETT","prec_id":"PR08","enr_desc":"BLACK RIVER","name":"BLACK RIVER","label":"BLACK RIVER","precinct_norm":"HARNETT - PR08"},"geometry":{"type":"Point","coordinates":[-78.742385,35.497926]}},{"type":"Feature","properties":{"county_nam":"JOHNSTON","prec_id":"PR08","enr_desc":"SOUTH BOON HILL","name":"SOUTH BOON HILL","label":"SOUTH BOON HILL","precinct_norm":"JOHNSTON - PR08"},"geometry":{"type":"Point","coordinates":[-78.23835,35.42778]}},{"type":"Feature","properties":{"county_nam":"JOHNSTON","prec_id":"PR09","enr_desc":"EAST CLAYTON","name":"EAST CLAYTON","label":"EAST CLAYTON","precinct_norm":"JOHNSTON - PR09"},"geometry":{"type":"Point","coordinates":[-78.409469,35.611548]}},{"type":"Feature","properties":{"county_nam":"JOHNSTON","prec_id":"PR10A","enr_desc":"NORTH CLAYTON 1","name":"NORTH CLAYTON 1","label":"NORTH CLAYTON 1","precinct_norm":"JOHNSTON - PR10A"},"geometry":{"type":"Point","coordinates":[-78.43833,35.652449]}},{"type":"Feature","properties":{"county_nam":"JOHNSTON","prec_id":"PR10B","enr_desc":"NORTH CLAYTON 2","name":"NORTH CLAYTON 2","label":"NORTH CLAYTON 2","precinct_norm":"JOHNSTON - PR10B"},"geometry":{"type":"Point","coordinates":[-78.467203,35.682723]}},{"type":"Feature","properties":{"county_nam":"JOHNSTON","prec_id":"PR11A","enr_desc":"WEST CLAYTON 1","name":"WEST CLAYTON 1","label":"WEST CLAYTON 1","precinct_norm":"JOHNSTON - PR11A"},"geometry":{"type":"Point","coordinates":[-78.505463,35.6067]}},{"type":"Feature","properties":{"county_nam":"JOHNSTON","prec_id":"PR11B","enr_desc":"WEST CLAYTON 2","name":"WEST CLAYTON 2","label":"WEST CLAYTON 2","precinct_norm":"JOHNSTON - PR11B"},"geometry":{"type":"Point","coordinates":[-78.492054,35.644795]}},{"type":"Feature","properties":{"county_nam":"HARNETT","prec_id":"PR26","enr_desc":"ERWIN/DUKE","name":"ERWIN/DUKE","label":"ERWIN/DUKE","precinct_norm":"HARNETT - PR26"},"geometry":{"type":"Point","coordinates":[-78.665062,35.301416]}},{"type":"Feature","properties":{"county_nam":"JOHNSTON","prec_id":"PR26","enr_desc":"EAST SMITHFIELD","name":"EAST SMITHFIELD","label":"EAST SMITHFIELD","precinct_norm":"JOHNSTON - PR26"},"geometry":{"type":"Point","coordinates":[-78.312518,35.473207]}},{"type":"Feature","properties":{"county_nam":"JOHNSTON","prec_id":"PR27A","enr_desc":"NORTH SMITHFIELD 1","name":"NORTH SMITHFIELD 1","label":"NORTH SMITHFIELD 1","precinct_norm":"JOHNSTON - PR27A"},"geometry":{"type":"Point","coordinates":[-78.330481,35.523521]}},{"type":"Feature","properties":{"county_nam":"JOHNSTON","prec_id":"PR27B","enr_desc":"NORTH SMITHFIELD 2","name":"NORTH SMITHFIELD 2","label":"NORTH SMITHFIELD 2","precinct_norm":"JOHNSTON - PR27B"},"geometry":{"type":"Point","coordinates":[-78.40361,35.546997]}},{"type":"Feature","properties":{"county_nam":"WILSON","prec_id":"PRWQ","enr_desc":"WILSON Q","name":"WILSON Q","label":"WILSON Q","precinct_norm":"WILSON - PRWQ"},"geometry":{"type":"Point","coordinates":[-77.899415,35.714091]}},{"type":"Feature","properties":{"county_nam":"HARNETT","prec_id":"PR28","enr_desc":"NORTHWEST HARNETT","name":"NORTHWEST HARNETT","label":"NORTHWEST HARNETT","precinct_norm":"HARNETT - PR28"},"geometry":{"type":"Point","coordinates":[-78.87818,35.501452]}},{"type":"Feature","properties":{"county_nam":"JOHNSTON","prec_id":"PR28","enr_desc":"SOUTH SMITHFIELD","name":"SOUTH SMITHFIELD","label":"SOUTH SMITHFIELD","precinct_norm":"JOHNSTON - PR28"},"geometry":{"type":"Point","coordinates":[-78.403649,35.503945]}},{"type":"Feature","properties":{"county_nam":"HARNETT","prec_id":"PR29","enr_desc":"WEST AVERASBORO","name":"WEST AVERASBORO","label":"WEST AVERASBORO","precinct_norm":"HARNETT - PR29"},"geometry":{"type":"Point","coordinates":[-78.616721,35.326691]}},{"type":"Feature","properties":{"county_nam":"JOHNSTON","prec_id":"PR29A","enr_desc":"ARCHERS LODGE","name":"ARCHERS LODGE","label":"ARCHERS LODGE","precinct_norm":"JOHNSTON - PR29A"},"geometry":{"type":"Point","coordinates":[-78.402639,35.701793]}},{"type":"Feature","properties":{"county_nam":"JOHNSTON","prec_id":"PR29B","enr_desc":"FLOWERS PLANTATION","name":"FLOWERS PLANTATION","label":"FLOWERS PLANTATION","precinct_norm":"JOHNSTON - PR29B"},"geometry":{"type":"Point","coordinates":[-78.365989,35.651756]}},{"type":"Feature","properties":{"county_nam":"JOHNSTON","prec_id":"PR30","enr_desc":"WILSONS MILLS","name":"WILSONS MILLS","label":"WILSONS MILLS","precinct_norm":"JOHNSTON - PR30"},"geometry":{"type":"Point","coordinates":[-78.361265,35.578311]}},{"type":"Feature","properties":{"county_nam":"JOHNSTON","prec_id":"PR31A","enr_desc":"SOUTHEAST CLEVELAND","name":"SOUTHEAST CLEVELAND","label":"SOUTHEAST CLEVELAND","precinct_norm":"JOHNSTON - PR31A"},"geometry":{"type":"Point","coordinates":[-78.511746,35.547586]}},{"type":"Feature","properties":{"county_nam":"JOHNSTON","prec_id":"PR31B","enr_desc":"SOUTHWEST CLEVELAND","name":"SOUTHWEST CLEVELAND","label":"SOUTHWEST CLEVELAND","precinct_norm":"JOHNSTON - PR31B"},"geometry":{"type":"Point","coordinates":[-78.587636,35.582294]}},{"type":"Feature","properties":{"county_nam":"JOHNSTON","prec_id":"PR32","enr_desc":"NORTH WILDERS","name":"NORTH WILDERS","label":"NORTH WILDERS","precinct_norm":"JOHNSTON - PR32"},"geometry":{"type":"Point","coordinates":[-78.32474,35.704823]}},{"type":"Feature","properties":{"county_nam":"HARNETT","prec_id":"PR32","enr_desc":"CENTRAL HARNETT NEILLS CREEK","name":"CENTRAL HARNETT NEILLS CREEK","label":"CENTRAL HARNETT NEILLS CREEK","precinct_norm":"HARNETT - PR32"},"geometry":{"type":"Point","coordinates":[-78.764981,35.412434]}},{"type":"Feature","properties":{"county_nam":"JOHNSTON","prec_id":"PR33","enr_desc":"SOUTH PLEASANT GROVE","name":"SOUTH PLEASANT GROVE","label":"SOUTH PLEASANT GROVE","precinct_norm":"JOHNSTON - PR33"},"geometry":{"type":"Point","coordinates":[-78.612794,35.480787]}},{"type":"Feature","properties":{"county_nam":"JOHNSTON","prec_id":"PR34","enr_desc":"SOUTH CLAYTON","name":"SOUTH CLAYTON","label":"SOUTH CLAYTON","precinct_norm":"JOHNSTON - PR34"},"geometry":{"type":"Point","coordinates":[-78.460881,35.599099]}},{"type":"Feature","properties":{"county_nam":"JOHNSTON","prec_id":"PR35","enr_desc":"BANNER","name":"BANNER","label":"BANNER","precinct_norm":"JOHNSTON - PR35"},"geometry":{"type":"Point","coordinates":[-78.517185,35.356342]}},{"type":"Feature","properties":{"county_nam":"JOHNSTON","prec_id":"PR36","enr_desc":"BEULAH","name":"BEULAH","label":"BEULAH","precinct_norm":"JOHNSTON - PR36"},"geometry":{"type":"Point","coordinates":[-78.146465,35.59457]}},{"type":"Feature","properties":{"county_nam":"JOHNSTON","prec_id":"PR37","enr_desc":"INGRAMS","name":"INGRAMS","label":"INGRAMS","precinct_norm":"JOHNSTON - PR37"},"geometry":{"type":"Point","coordinates":[-78.375767,35.404335]}},{"type":"Feature","properties":{"county_nam":"JOHNSTON","prec_id":"PR38","enr_desc":"MEADOW","name":"MEADOW","label":"MEADOW","precinct_norm":"JOHNSTON - PR38"},"geometry":{"type":"Point","coordinates":[-78.432392,35.314958]}},{"type":"Feature","properties":{"county_nam":"WILSON","prec_id":"PRBL","enr_desc":"BLACK CREEK","name":"BLACK CREEK","label":"BLACK CREEK","precinct_norm":"WILSON - PRBL"},"geometry":{"type":"Point","coordinates":[-77.932151,35.650949]}},{"type":"Feature","properties":{"county_nam":"WILSON","prec_id":"PRCR","enr_desc":"CROSSROADS","name":"CROSSROADS","label":"CROSSROADS","precinct_norm":"WILSON - PRCR"},"geometry":{"type":"Point","coordinates":[-78.009885,35.648596]}},{"type":"Feature","properties":{"county_nam":"WILSON","prec_id":"PRGA","enr_desc":"GARDNERS","name":"GARDNERS","label":"GARDNERS","precinct_norm":"WILSON - PRGA"},"geometry":{"type":"Point","coordinates":[-77.789205,35.725824]}},{"type":"Feature","properties":{"county_nam":"PASQUOTANK","prec_id":"PRO","enr_desc":"PROVIDENCE","name":"PROVIDENCE","label":"PROVIDENCE","precinct_norm":"PASQUOTANK - PRO"},"geometry":{"type":"Point","coordinates":[-76.296477,36.34395]}},{"type":"Feature","properties":{"county_nam":"WILSON","prec_id":"PROL","enr_desc":"OLDFIELDS","name":"OLDFIELDS","label":"OLDFIELDS","precinct_norm":"WILSON - PROL"},"geometry":{"type":"Point","coordinates":[-78.078523,35.736716]}},{"type":"Feature","properties":{"county_nam":"CASWELL","prec_id":"PROVI","enr_desc":"PROVIDENCE","name":"PROVIDENCE","label":"PROVIDENCE","precinct_norm":"CASWELL - PROVI"},"geometry":{"type":"Point","coordinates":[-79.360129,36.479814]}},{"type":"Feature","properties":{"county_nam":"WILSON","prec_id":"PRSA","enr_desc":"SARATOGA","name":"SARATOGA","label":"SARATOGA","precinct_norm":"WILSON - PRSA"},"geometry":{"type":"Point","coordinates":[-77.758508,35.658927]}},{"type":"Feature","properties":{"county_nam":"WILSON","prec_id":"PRSP","enr_desc":"SPRING HILL","name":"SPRING HILL","label":"SPRING HILL","precinct_norm":"WILSON - PRSP"},"geometry":{"type":"Point","coordinates":[-78.09721,35.649305]}},{"type":"Feature","properties":{"county_nam":"WILSON","prec_id":"PRST","enr_desc":"STANTONSBURG","name":"STANTONSBURG","label":"STANTONSBURG","precinct_norm":"WILSON - PRST"},"geometry":{"type":"Point","coordinates":[-77.847903,35.632717]}},{"type":"Feature","properties":{"county_nam":"WILSON","prec_id":"PRTA","enr_desc":"TAYLORS","name":"TAYLORS","label":"TAYLORS","precinct_norm":"WILSON - PRTA"},"geometry":{"type":"Point","coordinates":[-77.977929,35.788297]}},{"type":"Feature","properties":{"county_nam":"WILSON","prec_id":"PRTO","enr_desc":"TOISNOT","name":"TOISNOT","label":"TOISNOT","precinct_norm":"WILSON - PRTO"},"geometry":{"type":"Point","coordinates":[-77.83157,35.810827]}},{"type":"Feature","properties":{"county_nam":"WILSON","prec_id":"PRWE","enr_desc":"WILSON E","name":"WILSON E","label":"WILSON E","precinct_norm":"WILSON - PRWE"},"geometry":{"type":"Point","coordinates":[-77.895776,35.757505]}},{"type":"Feature","properties":{"county_nam":"HALIFAX","prec_id":"RR 10","enr_desc":"ROANOKE RAPIDS 10","name":"ROANOKE RAPIDS 10","label":"ROANOKE RAPIDS 10","precinct_norm":"HALIFAX - RR 10"},"geometry":{"type":"Point","coordinates":[-77.635133,36.441207]}},{"type":"Feature","properties":{"county_nam":"WILSON","prec_id":"PRWH","enr_desc":"WILSON H","name":"WILSON H","label":"WILSON H","precinct_norm":"WILSON - PRWH"},"geometry":{"type":"Point","coordinates":[-77.907611,35.684283]}},{"type":"Feature","properties":{"county_nam":"WILSON","prec_id":"PRWI","enr_desc":"WILSON I","name":"WILSON I","label":"WILSON I","precinct_norm":"WILSON - PRWI"},"geometry":{"type":"Point","coordinates":[-77.942225,35.701208]}},{"type":"Feature","properties":{"county_nam":"WILSON","prec_id":"PRWJ","enr_desc":"WILSON J","name":"WILSON J","label":"WILSON J","precinct_norm":"WILSON - PRWJ"},"geometry":{"type":"Point","coordinates":[-77.953874,35.723177]}},{"type":"Feature","properties":{"county_nam":"WILSON","prec_id":"PRWK","enr_desc":"WILSON K","name":"WILSON K","label":"WILSON K","precinct_norm":"WILSON - PRWK"},"geometry":{"type":"Point","coordinates":[-77.940019,35.740189]}},{"type":"Feature","properties":{"county_nam":"WILSON","prec_id":"PRWM","enr_desc":"WILSON M","name":"WILSON M","label":"WILSON M","precinct_norm":"WILSON - PRWM"},"geometry":{"type":"Point","coordinates":[-77.919528,35.766417]}},{"type":"Feature","properties":{"county_nam":"HALIFAX","prec_id":"RRCE","enr_desc":"ROANOKE RAPIDS CENTRAL","name":"ROANOKE RAPIDS CENTRAL","label":"ROANOKE RAPIDS CENTRAL","precinct_norm":"HALIFAX - RRCE"},"geometry":{"type":"Point","coordinates":[-77.653941,36.450034]}},{"type":"Feature","properties":{"county_nam":"WILSON","prec_id":"PRWN","enr_desc":"WILSON N","name":"WILSON N","label":"WILSON N","precinct_norm":"WILSON - PRWN"},"geometry":{"type":"Point","coordinates":[-77.879379,35.706207]}},{"type":"Feature","properties":{"county_nam":"WILSON","prec_id":"PRWP","enr_desc":"WILSON P","name":"WILSON P","label":"WILSON P","precinct_norm":"WILSON - PRWP"},"geometry":{"type":"Point","coordinates":[-77.957645,35.747099]}},{"type":"Feature","properties":{"county_nam":"WILSON","prec_id":"PRWR","enr_desc":"WILSON R","name":"WILSON R","label":"WILSON R","precinct_norm":"WILSON - PRWR"},"geometry":{"type":"Point","coordinates":[-77.873982,35.751561]}},{"type":"Feature","properties":{"county_nam":"GUILFORD","prec_id":"SCLAY","enr_desc":"SCLAY","name":"SCLAY","label":"SCLAY","precinct_norm":"GUILFORD - SCLAY"},"geometry":{"type":"Point","coordinates":[-79.669654,35.935301]}},{"type":"Feature","properties":{"county_nam":"VANCE","prec_id":"SCRK","enr_desc":"Sandy Creek","name":"Sandy Creek","label":"Sandy Creek","precinct_norm":"VANCE - SCRK"},"geometry":{"type":"Point","coordinates":[-78.331583,36.297641]}},{"type":"Feature","properties":{"county_nam":"JACKSON","prec_id":"SDC","enr_desc":"SSW_SND","name":"SSW_SND","label":"SSW_SND","precinct_norm":"JACKSON - SDC"},"geometry":{"type":"Point","coordinates":[-83.221367,35.384324]}},{"type":"Feature","properties":{"county_nam":"BEAUFORT","prec_id":"PSJW3","enr_desc":"P S JONES-WASH W3","name":"P S JONES-WASH W3","label":"P S JONES-WASH W3","precinct_norm":"BEAUFORT - PSJW3"},"geometry":{"type":"Point","coordinates":[-77.052107,35.567642]}},{"type":"Feature","properties":{"county_nam":"HENDERSON","prec_id":"PV","enr_desc":"PISGAH VIEW","name":"PISGAH VIEW","label":"PISGAH VIEW","precinct_norm":"HENDERSON - PV"},"geometry":{"type":"Point","coordinates":[-82.513482,35.333978]}},{"type":"Feature","properties":{"county_nam":"JACKSON","prec_id":"QUA","enr_desc":"QUALLA","name":"QUALLA","label":"QUALLA","precinct_norm":"JACKSON - QUA"},"geometry":{"type":"Point","coordinates":[-83.245825,35.463598]}},{"type":"Feature","properties":{"county_nam":"CLAY","prec_id":"SHCR","enr_desc":"SHOOTING CREEK","name":"SHOOTING CREEK","label":"SHOOTING CREEK","precinct_norm":"CLAY - SHCR"},"geometry":{"type":"Point","coordinates":[-83.612826,35.070433]}},{"type":"Feature","properties":{"county_nam":"GREENE","prec_id":"SHIN","enr_desc":"Voting District 00SHIN","name":"Voting District 00SHIN","label":"Voting District 00SHIN","precinct_norm":"GREENE - SHIN"},"geometry":{"type":"Point","coordinates":[-77.771716,35.423028]}},{"type":"Feature","properties":{"county_nam":"HERTFORD","prec_id":"SJ","enr_desc":"ST JOHN","name":"ST JOHN","label":"ST JOHN","precinct_norm":"HERTFORD - SJ"},"geometry":{"type":"Point","coordinates":[-77.121736,36.322678]}},{"type":"Feature","properties":{"county_nam":"ORANGE","prec_id":"SJ","enr_desc":"ST JOHN","name":"ST JOHN","label":"ST JOHN","precinct_norm":"ORANGE - SJ"},"geometry":{"type":"Point","coordinates":[-79.118862,35.905435]}},{"type":"Feature","properties":{"county_nam":"WASHINGTON","prec_id":"SK","enr_desc":"SKINNERSVILLE","name":"SKINNERSVILLE","label":"SKINNERSVILLE","precinct_norm":"WASHINGTON - SK"},"geometry":{"type":"Point","coordinates":[-76.512247,35.865503]}},{"type":"Feature","properties":{"county_nam":"YADKIN","prec_id":"SKNB","enr_desc":"SOUTH KNOBS","name":"SOUTH KNOBS","label":"SOUTH KNOBS","precinct_norm":"YADKIN - SKNB"},"geometry":{"type":"Point","coordinates":[-80.812713,36.1717]}},{"type":"Feature","properties":{"county_nam":"LINCOLN","prec_id":"SL24","enr_desc":"SALEM","name":"SALEM","label":"SALEM","precinct_norm":"LINCOLN - SL24"},"geometry":{"type":"Point","coordinates":[-81.198807,35.443904]}},{"type":"Feature","properties":{"county_nam":"MOORE","prec_id":"RBN","enr_desc":"ROBBINS","name":"ROBBINS","label":"ROBBINS","precinct_norm":"MOORE - RBN"},"geometry":{"type":"Point","coordinates":[-79.606898,35.462861]}},{"type":"Feature","properties":{"county_nam":"GUILFORD","prec_id":"RC1","enr_desc":"RC1","name":"RC1","label":"RC1","precinct_norm":"GUILFORD - RC1"},"geometry":{"type":"Point","coordinates":[-79.601803,36.095206]}},{"type":"Feature","properties":{"county_nam":"GUILFORD","prec_id":"RC2","enr_desc":"RC2","name":"RC2","label":"RC2","precinct_norm":"GUILFORD - RC2"},"geometry":{"type":"Point","coordinates":[-79.580403,36.05688]}},{"type":"Feature","properties":{"county_nam":"ORANGE","prec_id":"RE","enr_desc":"ROGER EUBANKS","name":"ROGER EUBANKS","label":"ROGER EUBANKS","precinct_norm":"ORANGE - RE"},"geometry":{"type":"Point","coordinates":[-79.083087,35.964855]}},{"type":"Feature","properties":{"county_nam":"MADISON","prec_id":"REVERE","enr_desc":"RICE COVE","name":"RICE COVE","label":"RICE COVE","precinct_norm":"MADISON - REVERE"},"geometry":{"type":"Point","coordinates":[-82.707906,35.902722]}},{"type":"Feature","properties":{"county_nam":"ORANGE","prec_id":"RF","enr_desc":"RIDGEFIELD","name":"RIDGEFIELD","label":"RIDGEFIELD","precinct_norm":"ORANGE - RF"},"geometry":{"type":"Point","coordinates":[-79.019886,35.928196]}},{"type":"Feature","properties":{"county_nam":"HENDERSON","prec_id":"RG","enr_desc":"RUGBY","name":"RUGBY","label":"RUGBY","precinct_norm":"HENDERSON - RG"},"geometry":{"type":"Point","coordinates":[-82.51698,35.374896]}},{"type":"Feature","properties":{"county_nam":"CHEROKEE","prec_id":"RGER","enr_desc":"RANGER","name":"RANGER","label":"RANGER","precinct_norm":"CHEROKEE - RGER"},"geometry":{"type":"Point","coordinates":[-84.1146,35.050874]}},{"type":"Feature","properties":{"county_nam":"NORTHAMPTON","prec_id":"RICH S","enr_desc":"RICH SQUARE","name":"RICH SQUARE","label":"RICH SQUARE","precinct_norm":"NORTHAMPTON - RICH S"},"geometry":{"type":"Point","coordinates":[-77.293262,36.245945]}},{"type":"Feature","properties":{"county_nam":"HALIFAX","prec_id":"RINGW","enr_desc":"RINGWOOD","name":"RINGWOOD","label":"RINGWOOD","precinct_norm":"HALIFAX - RINGW"},"geometry":{"type":"Point","coordinates":[-77.838158,36.210934]}},{"type":"Feature","properties":{"county_nam":"FORSYTH","prec_id":"601","enr_desc":"PIEDMONT BAPTIST COLLEGE","name":"PIEDMONT BAPTIST COLLEGE","label":"PIEDMONT BAPTIST COLLEGE","precinct_norm":"FORSYTH - 601"},"geometry":{"type":"Point","coordinates":[-80.251737,36.087235]}},{"type":"Feature","properties":{"county_nam":"CLEVELAND","prec_id":"RIPPY","enr_desc":"RIPPY","name":"RIPPY","label":"RIPPY","precinct_norm":"CLEVELAND - RIPPY"},"geometry":{"type":"Point","coordinates":[-81.523008,35.213035]}},{"type":"Feature","properties":{"county_nam":"JACKSON","prec_id":"RIV","enr_desc":"RIVER","name":"RIVER","label":"RIVER","precinct_norm":"JACKSON - RIV"},"geometry":{"type":"Point","coordinates":[-83.111324,35.272112]}},{"type":"Feature","properties":{"county_nam":"ONSLOW","prec_id":"RL09","enr_desc":"RICHLANDS","name":"RICHLANDS","label":"RICHLANDS","precinct_norm":"ONSLOW - RL09"},"geometry":{"type":"Point","coordinates":[-77.581723,34.912754]}},{"type":"Feature","properties":{"county_nam":"RANDOLPH","prec_id":"RM","enr_desc":"RAMSEUR","name":"RAMSEUR","label":"RAMSEUR","precinct_norm":"RANDOLPH - RM"},"geometry":{"type":"Point","coordinates":[-79.647187,35.760295]}},{"type":"Feature","properties":{"county_nam":"RANDOLPH","prec_id":"RN","enr_desc":"RANDLEMAN","name":"RANDLEMAN","label":"RANDLEMAN","precinct_norm":"RANDOLPH - RN"},"geometry":{"type":"Point","coordinates":[-79.803747,35.806324]}},{"type":"Feature","properties":{"county_nam":"MONTGOMERY","prec_id":"ROC","enr_desc":"ROCKY SPRINGS","name":"ROCKY SPRINGS","label":"ROCKY SPRINGS","precinct_norm":"MONTGOMERY - ROC"},"geometry":{"type":"Point","coordinates":[-79.719891,35.21427]}},{"type":"Feature","properties":{"county_nam":"SAMPSON","prec_id":"ROSE","enr_desc":"ROSEBORO","name":"ROSEBORO","label":"ROSEBORO","precinct_norm":"SAMPSON - ROSE"},"geometry":{"type":"Point","coordinates":[-78.567336,34.950994]}},{"type":"Feature","properties":{"county_nam":"DUPLIN","prec_id":"ROSE","enr_desc":"ROSE HILL","name":"ROSE HILL","label":"ROSE HILL","precinct_norm":"DUPLIN - ROSE"},"geometry":{"type":"Point","coordinates":[-78.030459,34.821012]}},{"type":"Feature","properties":{"county_nam":"SAMPSON","prec_id":"ROWA","enr_desc":"ROWAN","name":"ROWAN","label":"ROWAN","precinct_norm":"SAMPSON - ROWA"},"geometry":{"type":"Point","coordinates":[-78.269603,34.912604]}},{"type":"Feature","properties":{"county_nam":"MOORE","prec_id":"TLT","enr_desc":"TAYLORTOWN","name":"TAYLORTOWN","label":"TAYLORTOWN","precinct_norm":"MOORE - TLT"},"geometry":{"type":"Point","coordinates":[-79.49619,35.214744]}},{"type":"Feature","properties":{"county_nam":"HENDERSON","prec_id":"RR","enr_desc":"RAVEN ROCK","name":"RAVEN ROCK","label":"RAVEN ROCK","precinct_norm":"HENDERSON - RR"},"geometry":{"type":"Point","coordinates":[-82.377149,35.232322]}},{"type":"Feature","properties":{"county_nam":"HALIFAX","prec_id":"RR 11","enr_desc":"ROANOKE RAPIDS 11","name":"ROANOKE RAPIDS 11","label":"ROANOKE RAPIDS 11","precinct_norm":"HALIFAX - RR 11"},"geometry":{"type":"Point","coordinates":[-77.714843,36.466422]}},{"type":"Feature","properties":{"county_nam":"HALIFAX","prec_id":"RR1-2","enr_desc":"ROANOKE RAPIDS 1-2","name":"ROANOKE RAPIDS 1-2","label":"ROANOKE RAPIDS 1-2","precinct_norm":"HALIFAX - RR1-2"},"geometry":{"type":"Point","coordinates":[-77.652581,36.471511]}},{"type":"Feature","properties":{"county_nam":"HALIFAX","prec_id":"RR3-4","enr_desc":"ROANOKE RAPIDS 3-4","name":"ROANOKE RAPIDS 3-4","label":"ROANOKE RAPIDS 3-4","precinct_norm":"HALIFAX - RR3-4"},"geometry":{"type":"Point","coordinates":[-77.667548,36.467718]}},{"type":"Feature","properties":{"county_nam":"HALIFAX","prec_id":"RR7-9","enr_desc":"ROANOKE RAPIDS 7-9","name":"ROANOKE RAPIDS 7-9","label":"ROANOKE RAPIDS 7-9","precinct_norm":"HALIFAX - RR7-9"},"geometry":{"type":"Point","coordinates":[-77.713334,36.434012]}},{"type":"Feature","properties":{"county_nam":"BEAUFORT","prec_id":"RVRD","enr_desc":"RIVER ROAD","name":"RIVER ROAD","label":"RIVER ROAD","precinct_norm":"BEAUFORT - RVRD"},"geometry":{"type":"Point","coordinates":[-76.983097,35.498724]}},{"type":"Feature","properties":{"county_nam":"BERTIE","prec_id":"RX","enr_desc":"ROXOBEL","name":"ROXOBEL","label":"ROXOBEL","precinct_norm":"BERTIE - RX"},"geometry":{"type":"Point","coordinates":[-77.198283,36.184296]}},{"type":"Feature","properties":{"county_nam":"CLEVELAND","prec_id":"S N","enr_desc":"SHELBY NORTH","name":"SHELBY NORTH","label":"SHELBY NORTH","precinct_norm":"CLEVELAND - S N"},"geometry":{"type":"Point","coordinates":[-81.543384,35.334995]}},{"type":"Feature","properties":{"county_nam":"CLEVELAND","prec_id":"S E","enr_desc":"SHELBY EAST","name":"SHELBY EAST","label":"SHELBY EAST","precinct_norm":"CLEVELAND - S E"},"geometry":{"type":"Point","coordinates":[-81.4813,35.314478]}},{"type":"Feature","properties":{"county_nam":"NEW HANOVER","prec_id":"W03","enr_desc":"W03","name":"W03","label":"W03","precinct_norm":"NEW HANOVER - W03"},"geometry":{"type":"Point","coordinates":[-77.950251,34.216207]}},{"type":"Feature","properties":{"county_nam":"CLEVELAND","prec_id":"S C","enr_desc":"SHELBY CENTRAL","name":"SHELBY CENTRAL","label":"SHELBY CENTRAL","precinct_norm":"CLEVELAND - S C"},"geometry":{"type":"Point","coordinates":[-81.528172,35.292691]}},{"type":"Feature","properties":{"county_nam":"CLEVELAND","prec_id":"S S","enr_desc":"SHELBY SOUTH","name":"SHELBY SOUTH","label":"SHELBY SOUTH","precinct_norm":"CLEVELAND - S S"},"geometry":{"type":"Point","coordinates":[-81.525101,35.264951]}},{"type":"Feature","properties":{"county_nam":"ALEXANDER","prec_id":"S1S2","enr_desc":"SHARPES 1 2","name":"SHARPES 1 2","label":"SHARPES 1 2","precinct_norm":"ALEXANDER - S1S2"},"geometry":{"type":"Point","coordinates":[-81.09681,35.91638]}},{"type":"Feature","properties":{"county_nam":"HAYWOOD","prec_id":"SA","enr_desc":"SAUNOOK","name":"SAUNOOK","label":"SAUNOOK","precinct_norm":"HAYWOOD - SA"},"geometry":{"type":"Point","coordinates":[-83.048312,35.44758]}},{"type":"Feature","properties":{"county_nam":"POLK","prec_id":"SA04","enr_desc":"SALUDA","name":"SALUDA","label":"SALUDA","precinct_norm":"POLK - SA04"},"geometry":{"type":"Point","coordinates":[-82.301121,35.256068]}},{"type":"Feature","properties":{"county_nam":"PASQUOTANK","prec_id":"SAL","enr_desc":"SALEM","name":"SALEM","label":"SALEM","precinct_norm":"PASQUOTANK - SAL"},"geometry":{"type":"Point","coordinates":[-76.126336,36.144767]}},{"type":"Feature","properties":{"county_nam":"GRANVILLE","prec_id":"SALM","enr_desc":"Voting District 00SALM","name":"Voting District 00SALM","label":"Voting District 00SALM","precinct_norm":"GRANVILLE - SALM"},"geometry":{"type":"Point","coordinates":[-78.551871,36.370225]}},{"type":"Feature","properties":{"county_nam":"MADISON","prec_id":"SANDY","enr_desc":"SANDY MUSH","name":"SANDY MUSH","label":"SANDY MUSH","precinct_norm":"MADISON - SANDY"},"geometry":{"type":"Point","coordinates":[-82.778852,35.719849]}},{"type":"Feature","properties":{"county_nam":"GRANVILLE","prec_id":"SASS","enr_desc":"Voting District 00SASS","name":"Voting District 00SASS","label":"Voting District 00SASS","precinct_norm":"GRANVILLE - SASS"},"geometry":{"type":"Point","coordinates":[-78.578285,36.486562]}},{"type":"Feature","properties":{"county_nam":"JACKSON","prec_id":"SAV","enr_desc":"SAVANNAH","name":"SAVANNAH","label":"SAVANNAH","precinct_norm":"JACKSON - SAV"},"geometry":{"type":"Point","coordinates":[-83.270828,35.272194]}},{"type":"Feature","properties":{"county_nam":"IREDELL","prec_id":"SB","enr_desc":"SHARPESBURG","name":"SHARPESBURG","label":"SHARPESBURG","precinct_norm":"IREDELL - SB"},"geometry":{"type":"Point","coordinates":[-80.964938,35.924662]}},{"type":"Feature","properties":{"county_nam":"HENDERSON","prec_id":"SB","enr_desc":"SOUTH BLUE RIDGE","name":"SOUTH BLUE RIDGE","label":"SOUTH BLUE RIDGE","precinct_norm":"HENDERSON - SB"},"geometry":{"type":"Point","coordinates":[-82.372601,35.305679]}},{"type":"Feature","properties":{"county_nam":"BRUNSWICK","prec_id":"SB01","enr_desc":"BOLIVIA","name":"BOLIVIA","label":"BOLIVIA","precinct_norm":"BRUNSWICK - SB01"},"geometry":{"type":"Point","coordinates":[-78.148837,34.069256]}},{"type":"Feature","properties":{"county_nam":"BRUNSWICK","prec_id":"SB02","enr_desc":"BOILING SPRING LAKES","name":"BOILING SPRING LAKES","label":"BOILING SPRING LAKES","precinct_norm":"BRUNSWICK - SB02"},"geometry":{"type":"Point","coordinates":[-78.063688,34.04472]}},{"type":"Feature","properties":{"county_nam":"BRUNSWICK","prec_id":"SB03","enr_desc":"MOSQUITO 2","name":"MOSQUITO 2","label":"MOSQUITO 2","precinct_norm":"BRUNSWICK - SB03"},"geometry":{"type":"Point","coordinates":[-78.106945,33.967473]}},{"type":"Feature","properties":{"county_nam":"BRUNSWICK","prec_id":"SB04","enr_desc":"SOUTHPORT 1","name":"SOUTHPORT 1","label":"SOUTHPORT 1","precinct_norm":"BRUNSWICK - SB04"},"geometry":{"type":"Point","coordinates":[-77.975952,33.915538]}},{"type":"Feature","properties":{"county_nam":"BRUNSWICK","prec_id":"SB05","enr_desc":"SOUTHPORT 2","name":"SOUTHPORT 2","label":"SOUTHPORT 2","precinct_norm":"BRUNSWICK - SB05"},"geometry":{"type":"Point","coordinates":[-78.041611,33.935294]}},{"type":"Feature","properties":{"county_nam":"BRUNSWICK","prec_id":"SB06","enr_desc":"OAK ISLAND 3","name":"OAK ISLAND 3","label":"OAK ISLAND 3","precinct_norm":"BRUNSWICK - SB06"},"geometry":{"type":"Point","coordinates":[-78.168846,33.920157]}},{"type":"Feature","properties":{"county_nam":"BRUNSWICK","prec_id":"SB07","enr_desc":"OAK ISLAND 2","name":"OAK ISLAND 2","label":"OAK ISLAND 2","precinct_norm":"BRUNSWICK - SB07"},"geometry":{"type":"Point","coordinates":[-78.032492,33.844976]}},{"type":"Feature","properties":{"county_nam":"BRUNSWICK","prec_id":"SB08","enr_desc":"OAK ISLAND 1","name":"OAK ISLAND 1","label":"OAK ISLAND 1","precinct_norm":"BRUNSWICK - SB08"},"geometry":{"type":"Point","coordinates":[-78.04746,33.913108]}},{"type":"Feature","properties":{"county_nam":"YADKIN","prec_id":"SBCK","enr_desc":"SOUTH BUCK SHOALS","name":"SOUTH BUCK SHOALS","label":"SOUTH BUCK SHOALS","precinct_norm":"YADKIN - SBCK"},"geometry":{"type":"Point","coordinates":[-80.817534,36.079495]}},{"type":"Feature","properties":{"county_nam":"SAMPSON","prec_id":"SBRG","enr_desc":"SALEMBURG","name":"SALEMBURG","label":"SALEMBURG","precinct_norm":"SAMPSON - SBRG"},"geometry":{"type":"Point","coordinates":[-78.448404,35.018015]}},{"type":"Feature","properties":{"county_nam":"WASHINGTON","prec_id":"SC","enr_desc":"SCUPPERNONG","name":"SCUPPERNONG","label":"SCUPPERNONG","precinct_norm":"WASHINGTON - SC"},"geometry":{"type":"Point","coordinates":[-76.45226,35.810606]}},{"type":"Feature","properties":{"county_nam":"PENDER","prec_id":"SC13","enr_desc":"SURF CITY","name":"SURF CITY","label":"SURF CITY","precinct_norm":"PENDER - SC13"},"geometry":{"type":"Point","coordinates":[-77.556188,34.394403]}},{"type":"Feature","properties":{"county_nam":"JACKSON","prec_id":"SCC","enr_desc":"SCOTTS CREEK COMBINED","name":"SCOTTS CREEK COMBINED","label":"SCOTTS CREEK COMBINED","precinct_norm":"JACKSON - SCC"},"geometry":{"type":"Point","coordinates":[-83.107489,35.413983]}},{"type":"Feature","properties":{"county_nam":"GUILFORD","prec_id":"SDRI","enr_desc":"SDRI","name":"SDRI","label":"SDRI","precinct_norm":"GUILFORD - SDRI"},"geometry":{"type":"Point","coordinates":[-80.004044,36.066888]}},{"type":"Feature","properties":{"county_nam":"RANDOLPH","prec_id":"SE","enr_desc":"SOUTHEAST","name":"SOUTHEAST","label":"SOUTHEAST","precinct_norm":"RANDOLPH - SE"},"geometry":{"type":"Point","coordinates":[-79.616821,35.611572]}},{"type":"Feature","properties":{"county_nam":"HENDERSON","prec_id":"SE","enr_desc":"SOUTHEAST","name":"SOUTHEAST","label":"SOUTHEAST","precinct_norm":"HENDERSON - SE"},"geometry":{"type":"Point","coordinates":[-82.43202,35.30768]}},{"type":"Feature","properties":{"county_nam":"NORTHAMPTON","prec_id":"SEABOA","enr_desc":"SEABOARD","name":"SEABOARD","label":"SEABOARD","precinct_norm":"NORTHAMPTON - SEABOA"},"geometry":{"type":"Point","coordinates":[-77.44994,36.476219]}},{"type":"Feature","properties":{"county_nam":"NORTHAMPTON","prec_id":"SEVERN","enr_desc":"SEVERN","name":"SEVERN","label":"SEVERN","precinct_norm":"NORTHAMPTON - SEVERN"},"geometry":{"type":"Point","coordinates":[-77.167586,36.509545]}},{"type":"Feature","properties":{"county_nam":"GUILFORD","prec_id":"SF1","enr_desc":"SF1","name":"SF1","label":"SF1","precinct_norm":"GUILFORD - SF1"},"geometry":{"type":"Point","coordinates":[-79.925926,36.200407]}},{"type":"Feature","properties":{"county_nam":"ORANGE","prec_id":"WW1","enr_desc":"WESTWOOD","name":"WESTWOOD","label":"WESTWOOD","precinct_norm":"ORANGE - WW1"},"geometry":{"type":"Point","coordinates":[-79.063703,35.901537]}},{"type":"Feature","properties":{"county_nam":"CASWELL","prec_id":"YANC","enr_desc":"YANCEYVILLE 2","name":"YANCEYVILLE 2","label":"YANCEYVILLE 2","precinct_norm":"CASWELL - YANC"},"geometry":{"type":"Point","coordinates":[-79.331765,36.36139]}},{"type":"Feature","properties":{"county_nam":"BURKE","prec_id":"0001","enr_desc":"DREXEL 01","name":"DREXEL 01","label":"DREXEL 01","precinct_norm":"BURKE - 0001"},"geometry":{"type":"Point","coordinates":[-81.596301,35.766539]}},{"type":"Feature","properties":{"county_nam":"ONSLOW","prec_id":"SF18","enr_desc":"SNEADS FERRY","name":"SNEADS FERRY","label":"SNEADS FERRY","precinct_norm":"ONSLOW - SF18"},"geometry":{"type":"Point","coordinates":[-77.395974,34.545986]}},{"type":"Feature","properties":{"county_nam":"GUILFORD","prec_id":"SF2","enr_desc":"SF2","name":"SF2","label":"SF2","precinct_norm":"GUILFORD - SF2"},"geometry":{"type":"Point","coordinates":[-79.890009,36.224923]}},{"type":"Feature","properties":{"county_nam":"GUILFORD","prec_id":"SF3","enr_desc":"SF3","name":"SF3","label":"SF3","precinct_norm":"GUILFORD - SF3"},"geometry":{"type":"Point","coordinates":[-79.890578,36.158173]}},{"type":"Feature","properties":{"county_nam":"GUILFORD","prec_id":"SF4","enr_desc":"SF4","name":"SF4","label":"SF4","precinct_norm":"GUILFORD - SF4"},"geometry":{"type":"Point","coordinates":[-79.936317,36.160053]}},{"type":"Feature","properties":{"county_nam":"YADKIN","prec_id":"SFAL","enr_desc":"SOUTH FALL CREEK","name":"SOUTH FALL CREEK","label":"SOUTH FALL CREEK","precinct_norm":"YADKIN - SFAL"},"geometry":{"type":"Point","coordinates":[-80.602795,36.186548]}},{"type":"Feature","properties":{"county_nam":"CAMDEN","prec_id":"SH","enr_desc":"SHILOH","name":"SHILOH","label":"SHILOH","precinct_norm":"CAMDEN - SH"},"geometry":{"type":"Point","coordinates":[-76.009671,36.223123]}},{"type":"Feature","properties":{"county_nam":"LENOIR","prec_id":"SH","enr_desc":"SANDHILL","name":"SANDHILL","label":"SANDHILL","precinct_norm":"LENOIR - SH"},"geometry":{"type":"Point","coordinates":[-77.468503,35.283941]}},{"type":"Feature","properties":{"county_nam":"IREDELL","prec_id":"SH-A","enr_desc":"SHILOH-A","name":"SHILOH-A","label":"SHILOH-A","precinct_norm":"IREDELL - SH-A"},"geometry":{"type":"Point","coordinates":[-81.020226,35.794115]}},{"type":"Feature","properties":{"county_nam":"IREDELL","prec_id":"SH-B","enr_desc":"SHILOH-B","name":"SHILOH-B","label":"SHILOH-B","precinct_norm":"IREDELL - SH-B"},"geometry":{"type":"Point","coordinates":[-81.007857,35.74122]}},{"type":"Feature","properties":{"county_nam":"GREENE","prec_id":"SH#1","enr_desc":"Voting District 000SH1","name":"Voting District 000SH1","label":"Voting District 000SH1","precinct_norm":"GREENE - SH1"},"geometry":{"type":"Point","coordinates":[-77.669888,35.443373]}},{"type":"Feature","properties":{"county_nam":"PENDER","prec_id":"SH12","enr_desc":"SCOTTS HILL","name":"SCOTTS HILL","label":"SCOTTS HILL","precinct_norm":"PENDER - SH12"},"geometry":{"type":"Point","coordinates":[-77.740422,34.327957]}},{"type":"Feature","properties":{"county_nam":"CUMBERLAND","prec_id":"SH77","enr_desc":"SHERWOOD","name":"SHERWOOD","label":"SHERWOOD","precinct_norm":"CUMBERLAND - SH77"},"geometry":{"type":"Point","coordinates":[-78.83855,34.9352]}},{"type":"Feature","properties":{"county_nam":"CLEVELAND","prec_id":"SHANGI","enr_desc":"SHANGI","name":"SHANGI","label":"SHANGI","precinct_norm":"CLEVELAND - SHANGI"},"geometry":{"type":"Point","coordinates":[-81.59897,35.233827]}},{"type":"Feature","properties":{"county_nam":"CUMBERLAND","prec_id":"SL78-3","enr_desc":"Spring Lake 3","name":"Spring Lake 3","label":"Spring Lake 3","precinct_norm":"CUMBERLAND - SL78-3"},"geometry":{"type":"Point","coordinates":[-78.977552,35.189227]}},{"type":"Feature","properties":{"county_nam":"HYDE","prec_id":"SLAD","enr_desc":"SLADESVILLE","name":"SLADESVILLE","label":"SLADESVILLE","precinct_norm":"HYDE - SLAD"},"geometry":{"type":"Point","coordinates":[-76.500778,35.445598]}},{"type":"Feature","properties":{"county_nam":"YADKIN","prec_id":"SLIB","enr_desc":"SOUTH LIBERTY","name":"SOUTH LIBERTY","label":"SOUTH LIBERTY","precinct_norm":"YADKIN - SLIB"},"geometry":{"type":"Point","coordinates":[-80.594964,36.079774]}},{"type":"Feature","properties":{"county_nam":"MOORE","prec_id":"SLS","enr_desc":"SEVEN LAKES","name":"SEVEN LAKES","label":"SEVEN LAKES","precinct_norm":"MOORE - SLS"},"geometry":{"type":"Point","coordinates":[-79.569452,35.263129]}},{"type":"Feature","properties":{"county_nam":"HENDERSON","prec_id":"SM","enr_desc":"SOUTH MILLS RIVER","name":"SOUTH MILLS RIVER","label":"SOUTH MILLS RIVER","precinct_norm":"HENDERSON - SM"},"geometry":{"type":"Point","coordinates":[-82.614516,35.366358]}},{"type":"Feature","properties":{"county_nam":"ORANGE","prec_id":"SM","enr_desc":"ST MARYS","name":"ST MARYS","label":"ST MARYS","precinct_norm":"ORANGE - SM"},"geometry":{"type":"Point","coordinates":[-79.020044,36.099816]}},{"type":"Feature","properties":{"county_nam":"CAMDEN","prec_id":"SM","enr_desc":"SOUTH MILLS","name":"SOUTH MILLS","label":"SOUTH MILLS","precinct_norm":"CAMDEN - SM"},"geometry":{"type":"Point","coordinates":[-76.30412,36.456756]}},{"type":"Feature","properties":{"county_nam":"GUILFORD","prec_id":"SMAD","enr_desc":"SMAD","name":"SMAD","label":"SMAD","precinct_norm":"GUILFORD - SMAD"},"geometry":{"type":"Point","coordinates":[-79.660213,36.155107]}},{"type":"Feature","properties":{"county_nam":"DUPLIN","prec_id":"SMCA","enr_desc":"SMITH/CABIN","name":"SMITH/CABIN","label":"SMITH/CABIN","precinct_norm":"DUPLIN - SMCA"},"geometry":{"type":"Point","coordinates":[-77.792474,35.01265]}},{"type":"Feature","properties":{"county_nam":"HALIFAX","prec_id":"SN","enr_desc":"SCOTLAND NECK","name":"SCOTLAND NECK","label":"SCOTLAND NECK","precinct_norm":"HALIFAX - SN"},"geometry":{"type":"Point","coordinates":[-77.416521,36.160977]}},{"type":"Feature","properties":{"county_nam":"BERTIE","prec_id":"SN","enr_desc":"SNAKEBITE","name":"SNAKEBITE","label":"SNAKEBITE","precinct_norm":"BERTIE - SN"},"geometry":{"type":"Point","coordinates":[-77.04028,36.092036]}},{"type":"Feature","properties":{"county_nam":"RANDOLPH","prec_id":"SO","enr_desc":"SOUTHERN","name":"SOUTHERN","label":"SOUTHERN","precinct_norm":"RANDOLPH - SO"},"geometry":{"type":"Point","coordinates":[-79.70258,35.561367]}},{"type":"Feature","properties":{"county_nam":"GRANVILLE","prec_id":"SOOX","enr_desc":"Voting District 00SOOX","name":"Voting District 00SOOX","label":"Voting District 00SOOX","precinct_norm":"GRANVILLE - SOOX"},"geometry":{"type":"Point","coordinates":[-78.592213,36.302002]}},{"type":"Feature","properties":{"county_nam":"DARE","prec_id":"SOSH","enr_desc":"SOUTHERN SHORES","name":"SOUTHERN SHORES","label":"SOUTHERN SHORES","precinct_norm":"DARE - SOSH"},"geometry":{"type":"Point","coordinates":[-75.714227,36.124603]}},{"type":"Feature","properties":{"county_nam":"MADISON","prec_id":"SOUTH","enr_desc":"SOUTH MARSHALL","name":"SOUTH MARSHALL","label":"SOUTH MARSHALL","precinct_norm":"MADISON - SOUTH"},"geometry":{"type":"Point","coordinates":[-82.720254,35.783021]}},{"type":"Feature","properties":{"county_nam":"PASQUOTANK","prec_id":"SOUTH","enr_desc":"SOUTH ELIZABETH CITY","name":"SOUTH ELIZABETH CITY","label":"SOUTH ELIZABETH CITY","precinct_norm":"PASQUOTANK - SOUTH"},"geometry":{"type":"Point","coordinates":[-76.213654,36.276776]}},{"type":"Feature","properties":{"county_nam":"PENDER","prec_id":"SP15","enr_desc":"SLOOP POINT","name":"SLOOP POINT","label":"SLOOP POINT","precinct_norm":"PENDER - SP15"},"geometry":{"type":"Point","coordinates":[-77.650766,34.493051]}},{"type":"Feature","properties":{"county_nam":"MADISON","prec_id":"SPRING","enr_desc":"SPRING CREEK","name":"SPRING CREEK","label":"SPRING CREEK","precinct_norm":"MADISON - SPRING"},"geometry":{"type":"Point","coordinates":[-82.895312,35.766505]}},{"type":"Feature","properties":{"county_nam":"HYDE","prec_id":"SQ","enr_desc":"SWAN QUARTER","name":"SWAN QUARTER","label":"SWAN QUARTER","precinct_norm":"HYDE - SQ"},"geometry":{"type":"Point","coordinates":[-76.322612,35.312632]}},{"type":"Feature","properties":{"county_nam":"MOORE","prec_id":"SSP","enr_desc":"SOUTH SOUTHERN PINES","name":"SOUTH SOUTHERN PINES","label":"SOUTH SOUTHERN PINES","precinct_norm":"MOORE - SSP"},"geometry":{"type":"Point","coordinates":[-79.418991,35.178429]}},{"type":"Feature","properties":{"county_nam":"RANDOLPH","prec_id":"ST","enr_desc":"STALEY","name":"STALEY","label":"STALEY","precinct_norm":"RANDOLPH - ST"},"geometry":{"type":"Point","coordinates":[-79.593724,35.794928]}},{"type":"Feature","properties":{"county_nam":"IREDELL","prec_id":"ST1","enr_desc":"STATESVILLE 1","name":"STATESVILLE 1","label":"STATESVILLE 1","precinct_norm":"IREDELL - ST1"},"geometry":{"type":"Point","coordinates":[-80.823483,35.796529]}},{"type":"Feature","properties":{"county_nam":"IREDELL","prec_id":"ST2","enr_desc":"STATESVILLE 2","name":"STATESVILLE 2","label":"STATESVILLE 2","precinct_norm":"IREDELL - ST2"},"geometry":{"type":"Point","coordinates":[-80.870065,35.807494]}},{"type":"Feature","properties":{"county_nam":"IREDELL","prec_id":"ST3","enr_desc":"STATESVILLE 3","name":"STATESVILLE 3","label":"STATESVILLE 3","precinct_norm":"IREDELL - ST3"},"geometry":{"type":"Point","coordinates":[-80.919851,35.755597]}},{"type":"Feature","properties":{"county_nam":"LINCOLN","prec_id":"ST36","enr_desc":"STARTOWN","name":"STARTOWN","label":"STARTOWN","precinct_norm":"LINCOLN - ST36"},"geometry":{"type":"Point","coordinates":[-81.247387,35.51364]}},{"type":"Feature","properties":{"county_nam":"FORSYTH","prec_id":"017","enr_desc":"017","name":"017","label":"017","precinct_norm":"FORSYTH - 017"},"geometry":{"type":"Point","coordinates":[-80.131212,36.064549]}},{"type":"Feature","properties":{"county_nam":"IREDELL","prec_id":"ST4","enr_desc":"STATESVILLE 4","name":"STATESVILLE 4","label":"STATESVILLE 4","precinct_norm":"IREDELL - ST4"},"geometry":{"type":"Point","coordinates":[-80.894564,35.80102]}},{"type":"Feature","properties":{"county_nam":"IREDELL","prec_id":"ST5","enr_desc":"STATESVILLE 5","name":"STATESVILLE 5","label":"STATESVILLE 5","precinct_norm":"IREDELL - ST5"},"geometry":{"type":"Point","coordinates":[-80.921017,35.793577]}},{"type":"Feature","properties":{"county_nam":"FORSYTH","prec_id":"062","enr_desc":"PINEY GROVE FIRE STATION","name":"PINEY GROVE FIRE STATION","label":"PINEY GROVE FIRE STATION","precinct_norm":"FORSYTH - 062"},"geometry":{"type":"Point","coordinates":[-80.072961,36.156875]}},{"type":"Feature","properties":{"county_nam":"IREDELL","prec_id":"ST6","enr_desc":"STATESVILLE 6","name":"STATESVILLE 6","label":"STATESVILLE 6","precinct_norm":"IREDELL - ST6"},"geometry":{"type":"Point","coordinates":[-80.873766,35.75736]}},{"type":"Feature","properties":{"county_nam":"MONTGOMERY","prec_id":"STA","enr_desc":"STAR","name":"STAR","label":"STAR","precinct_norm":"MONTGOMERY - STA"},"geometry":{"type":"Point","coordinates":[-79.779279,35.441268]}},{"type":"Feature","properties":{"county_nam":"GRAHAM","prec_id":"STEC","enr_desc":"STECOAH","name":"STECOAH","label":"STECOAH","precinct_norm":"GRAHAM - STEC"},"geometry":{"type":"Point","coordinates":[-83.675395,35.390043]}},{"type":"Feature","properties":{"county_nam":"CARTERET","prec_id":"STEL","enr_desc":"STELLA","name":"STELLA","label":"STELLA","precinct_norm":"CARTERET - STEL"},"geometry":{"type":"Point","coordinates":[-77.055238,34.772781]}},{"type":"Feature","properties":{"county_nam":"GUILFORD","prec_id":"STOK","enr_desc":"STOK","name":"STOK","label":"STOK","precinct_norm":"GUILFORD - STOK"},"geometry":{"type":"Point","coordinates":[-79.976501,36.227394]}},{"type":"Feature","properties":{"county_nam":"CASWELL","prec_id":"STON","enr_desc":"STONEY CREEK","name":"STONEY CREEK","label":"STONEY CREEK","precinct_norm":"CASWELL - STON"},"geometry":{"type":"Point","coordinates":[-79.460463,36.300383]}},{"type":"Feature","properties":{"county_nam":"DARE","prec_id":"STPT","enr_desc":"STUMPY POINT","name":"STUMPY POINT","label":"STUMPY POINT","precinct_norm":"DARE - STPT"},"geometry":{"type":"Point","coordinates":[-75.802195,35.720645]}},{"type":"Feature","properties":{"county_nam":"GREENE","prec_id":"SUGG","enr_desc":"Voting District 00SUGG","name":"Voting District 00SUGG","label":"Voting District 00SUGG","precinct_norm":"GREENE - SUGG"},"geometry":{"type":"Point","coordinates":[-77.64284,35.399044]}},{"type":"Feature","properties":{"county_nam":"GUILFORD","prec_id":"SUM1","enr_desc":"SUM1","name":"SUM1","label":"SUM1","precinct_norm":"GUILFORD - SUM1"},"geometry":{"type":"Point","coordinates":[-79.858829,35.993075]}},{"type":"Feature","properties":{"county_nam":"GUILFORD","prec_id":"SUM2","enr_desc":"SUM2","name":"SUM2","label":"SUM2","precinct_norm":"GUILFORD - SUM2"},"geometry":{"type":"Point","coordinates":[-79.803066,35.98091]}},{"type":"Feature","properties":{"county_nam":"GUILFORD","prec_id":"SUM3","enr_desc":"SUM3","name":"SUM3","label":"SUM3","precinct_norm":"GUILFORD - SUM3"},"geometry":{"type":"Point","coordinates":[-79.843161,35.97227]}},{"type":"Feature","properties":{"county_nam":"NEW HANOVER","prec_id":"W08","enr_desc":"W08","name":"W08","label":"W08","precinct_norm":"NEW HANOVER - W08"},"geometry":{"type":"Point","coordinates":[-77.93388,34.210857]}},{"type":"Feature","properties":{"county_nam":"GUILFORD","prec_id":"SUM4","enr_desc":"SUM4","name":"SUM4","label":"SUM4","precinct_norm":"GUILFORD - SUM4"},"geometry":{"type":"Point","coordinates":[-79.83501,35.936774]}},{"type":"Feature","properties":{"county_nam":"BERTIE","prec_id":"W1","enr_desc":"WINDSOR 1","name":"WINDSOR 1","label":"WINDSOR 1","precinct_norm":"BERTIE - W1"},"geometry":{"type":"Point","coordinates":[-76.909661,35.944178]}},{"type":"Feature","properties":{"county_nam":"NEW HANOVER","prec_id":"W12","enr_desc":"W12","name":"W12","label":"W12","precinct_norm":"NEW HANOVER - W12"},"geometry":{"type":"Point","coordinates":[-77.911277,34.230313]}},{"type":"Feature","properties":{"county_nam":"BEAUFORT","prec_id":"SURBA","enr_desc":"SURRY-BATH","name":"SURRY-BATH","label":"SURRY-BATH","precinct_norm":"BEAUFORT - SURBA"},"geometry":{"type":"Point","coordinates":[-76.812842,35.462123]}},{"type":"Feature","properties":{"county_nam":"HENDERSON","prec_id":"SW","enr_desc":"SOUTHWEST","name":"SOUTHWEST","label":"SOUTHWEST","precinct_norm":"HENDERSON - SW"},"geometry":{"type":"Point","coordinates":[-82.481987,35.29773]}},{"type":"Feature","properties":{"county_nam":"RANDOLPH","prec_id":"SW","enr_desc":"SOUTHWEST","name":"SOUTHWEST","label":"SOUTHWEST","precinct_norm":"RANDOLPH - SW"},"geometry":{"type":"Point","coordinates":[-79.999065,35.608873]}},{"type":"Feature","properties":{"county_nam":"LENOIR","prec_id":"SW","enr_desc":"SOUTHWEST","name":"SOUTHWEST","label":"SOUTHWEST","precinct_norm":"LENOIR - SW"},"geometry":{"type":"Point","coordinates":[-77.544151,35.205159]}},{"type":"Feature","properties":{"county_nam":"ONSLOW","prec_id":"SW19","enr_desc":"SWANSBORO","name":"SWANSBORO","label":"SWANSBORO","precinct_norm":"ONSLOW - SW19"},"geometry":{"type":"Point","coordinates":[-77.137699,34.65285]}},{"type":"Feature","properties":{"county_nam":"GUILFORD","prec_id":"SWASH","enr_desc":"SWASH","name":"SWASH","label":"SWASH","precinct_norm":"GUILFORD - SWASH"},"geometry":{"type":"Point","coordinates":[-79.577768,36.156292]}},{"type":"Feature","properties":{"county_nam":"CLAY","prec_id":"SWEE","enr_desc":"SWEETWATER","name":"SWEETWATER","label":"SWEETWATER","precinct_norm":"CLAY - SWEE"},"geometry":{"type":"Point","coordinates":[-83.889448,35.067833]}},{"type":"Feature","properties":{"county_nam":"PERSON","prec_id":"SWST","enr_desc":"South West","name":"South West","label":"South West","precinct_norm":"PERSON - SWST"},"geometry":{"type":"Point","coordinates":[-79.093243,36.306568]}},{"type":"Feature","properties":{"county_nam":"MCDOWELL","prec_id":"T.COVE","enr_desc":"TURKEY COVE 17","name":"TURKEY COVE 17","label":"TURKEY COVE 17","precinct_norm":"MCDOWELL - T.COVE"},"geometry":{"type":"Point","coordinates":[-82.08313,35.805434]}},{"type":"Feature","properties":{"county_nam":"MONTGOMERY","prec_id":"T1","enr_desc":"TROY 1","name":"TROY 1","label":"TROY 1","precinct_norm":"MONTGOMERY - T1"},"geometry":{"type":"Point","coordinates":[-79.927379,35.365957]}},{"type":"Feature","properties":{"county_nam":"LENOIR","prec_id":"T1","enr_desc":"TRENT-1","name":"TRENT-1","label":"TRENT-1","precinct_norm":"LENOIR - T1"},"geometry":{"type":"Point","coordinates":[-77.718145,35.139411]}},{"type":"Feature","properties":{"county_nam":"ALEXANDER","prec_id":"T1T4T5","enr_desc":"TAYLORSVILLE 1 4 5","name":"TAYLORSVILLE 1 4 5","label":"TAYLORSVILLE 1 4 5","precinct_norm":"ALEXANDER - T1T4T5"},"geometry":{"type":"Point","coordinates":[-81.178191,35.890416]}},{"type":"Feature","properties":{"county_nam":"LENOIR","prec_id":"T2","enr_desc":"TRENT-2","name":"TRENT-2","label":"TRENT-2","precinct_norm":"LENOIR - T2"},"geometry":{"type":"Point","coordinates":[-77.775829,35.188507]}},{"type":"Feature","properties":{"county_nam":"MONTGOMERY","prec_id":"T2","enr_desc":"TROY 2","name":"TROY 2","label":"TROY 2","precinct_norm":"MONTGOMERY - T2"},"geometry":{"type":"Point","coordinates":[-79.86871,35.36602]}},{"type":"Feature","properties":{"county_nam":"ALEXANDER","prec_id":"T2T3","enr_desc":"TAYLORSVILLE 2 3","name":"TAYLORSVILLE 2 3","label":"TAYLORSVILLE 2 3","precinct_norm":"ALEXANDER - T2T3"},"geometry":{"type":"Point","coordinates":[-81.149848,35.922948]}},{"type":"Feature","properties":{"county_nam":"LINCOLN","prec_id":"TA37","enr_desc":"TRIANGLE A","name":"TRIANGLE A","label":"TRIANGLE A","precinct_norm":"LINCOLN - TA37"},"geometry":{"type":"Point","coordinates":[-80.998534,35.471676]}},{"type":"Feature","properties":{"county_nam":"GRAHAM","prec_id":"TAPO","enr_desc":"TAPOCO","name":"TAPOCO","label":"TAPOCO","precinct_norm":"GRAHAM - TAPO"},"geometry":{"type":"Point","coordinates":[-83.894314,35.406582]}},{"type":"Feature","properties":{"county_nam":"RANDOLPH","prec_id":"TB","enr_desc":"TABERNACLE","name":"TABERNACLE","label":"TABERNACLE","precinct_norm":"RANDOLPH - TB"},"geometry":{"type":"Point","coordinates":[-79.99203,35.757365]}},{"type":"Feature","properties":{"county_nam":"IREDELL","prec_id":"TB","enr_desc":"TURNERSBURG","name":"TURNERSBURG","label":"TURNERSBURG","precinct_norm":"IREDELL - TB"},"geometry":{"type":"Point","coordinates":[-80.755417,35.912948]}},{"type":"Feature","properties":{"county_nam":"TRANSYLVANIA","prec_id":"TC1","enr_desc":"TRANSYLVANIA COUNTY 1","name":"TRANSYLVANIA COUNTY 1","label":"TRANSYLVANIA COUNTY 1","precinct_norm":"TRANSYLVANIA - TC1"},"geometry":{"type":"Point","coordinates":[-82.887506,35.227074]}},{"type":"Feature","properties":{"county_nam":"TRANSYLVANIA","prec_id":"TC7","enr_desc":"TRANSYLVANIA COUNTY 7","name":"TRANSYLVANIA COUNTY 7","label":"TRANSYLVANIA COUNTY 7","precinct_norm":"TRANSYLVANIA - TC7"},"geometry":{"type":"Point","coordinates":[-82.960455,35.100546]}},{"type":"Feature","properties":{"county_nam":"BEAUFORT","prec_id":"TCRK","enr_desc":"TRANTERS CREEK","name":"TRANTERS CREEK","label":"TRANTERS CREEK","precinct_norm":"BEAUFORT - TCRK"},"geometry":{"type":"Point","coordinates":[-77.133174,35.651922]}},{"type":"Feature","properties":{"county_nam":"CRAVEN","prec_id":"TE13","enr_desc":"Truitt-Ernul","name":"Truitt-Ernul","label":"Truitt-Ernul","precinct_norm":"CRAVEN - TE13"},"geometry":{"type":"Point","coordinates":[-77.005658,35.259381]}},{"type":"Feature","properties":{"county_nam":"ORANGE","prec_id":"TH1","enr_desc":"TOWN HALL","name":"TOWN HALL","label":"TOWN HALL","precinct_norm":"ORANGE - TH1"},"geometry":{"type":"Point","coordinates":[-79.073145,35.913371]}},{"type":"Feature","properties":{"county_nam":"ONSLOW","prec_id":"TL06","enr_desc":"TAR LANDING","name":"TAR LANDING","label":"TAR LANDING","precinct_norm":"ONSLOW - TL06"},"geometry":{"type":"Point","coordinates":[-77.507205,34.788443]}},{"type":"Feature","properties":{"county_nam":"NEW HANOVER","prec_id":"W16","enr_desc":"W16","name":"W16","label":"W16","precinct_norm":"NEW HANOVER - W16"},"geometry":{"type":"Point","coordinates":[-77.903799,34.18727]}},{"type":"Feature","properties":{"county_nam":"ORANGE","prec_id":"TO","enr_desc":"TOLARS","name":"TOLARS","label":"TOLARS","precinct_norm":"ORANGE - TO"},"geometry":{"type":"Point","coordinates":[-79.102616,36.185815]}},{"type":"Feature","properties":{"county_nam":"CHEROKEE","prec_id":"TOPT","enr_desc":"TOPTON","name":"TOPTON","label":"TOPTON","precinct_norm":"CHEROKEE - TOPT"},"geometry":{"type":"Point","coordinates":[-83.739989,35.221544]}},{"type":"Feature","properties":{"county_nam":"RANDOLPH","prec_id":"TR","enr_desc":"TRINITY","name":"TRINITY","label":"TRINITY","precinct_norm":"RANDOLPH - TR"},"geometry":{"type":"Point","coordinates":[-79.986126,35.868725]}},{"type":"Feature","properties":{"county_nam":"POLK","prec_id":"TR123","enr_desc":"TRYON","name":"TRYON","label":"TRYON","precinct_norm":"POLK - TR123"},"geometry":{"type":"Point","coordinates":[-82.250308,35.228253]}},{"type":"Feature","properties":{"county_nam":"RANDOLPH","prec_id":"TT","enr_desc":"TRINITY TABERNACLE","name":"TRINITY TABERNACLE","label":"TRINITY TABERNACLE","precinct_norm":"RANDOLPH - TT"},"geometry":{"type":"Point","coordinates":[-79.989247,35.810094]}},{"type":"Feature","properties":{"county_nam":"SAMPSON","prec_id":"TURK","enr_desc":"TURKEY","name":"TURKEY","label":"TURKEY","precinct_norm":"SAMPSON - TURK"},"geometry":{"type":"Point","coordinates":[-78.194287,34.991722]}},{"type":"Feature","properties":{"county_nam":"CLAY","prec_id":"TUSQ","enr_desc":"TUSQUITTEE","name":"TUSQUITTEE","label":"TUSQUITTEE","precinct_norm":"CLAY - TUSQ"},"geometry":{"type":"Point","coordinates":[-83.754836,35.102766]}},{"type":"Feature","properties":{"county_nam":"GRANVILLE","prec_id":"TYHO","enr_desc":"Voting District 00TYHO","name":"Voting District 00TYHO","label":"Voting District 00TYHO","precinct_norm":"GRANVILLE - TYHO"},"geometry":{"type":"Point","coordinates":[-78.732392,36.243971]}},{"type":"Feature","properties":{"county_nam":"RANDOLPH","prec_id":"UG","enr_desc":"UNION GROVE","name":"UNION GROVE","label":"UNION GROVE","precinct_norm":"RANDOLPH - UG"},"geometry":{"type":"Point","coordinates":[-79.871319,35.616101]}},{"type":"Feature","properties":{"county_nam":"NEW HANOVER","prec_id":"W17","enr_desc":"W17","name":"W17","label":"W17","precinct_norm":"NEW HANOVER - W17"},"geometry":{"type":"Point","coordinates":[-77.879445,34.192532]}},{"type":"Feature","properties":{"county_nam":"IREDELL","prec_id":"UG","enr_desc":"UNION GROVE","name":"UNION GROVE","label":"UNION GROVE","precinct_norm":"IREDELL - UG"},"geometry":{"type":"Point","coordinates":[-80.855259,36.012497]}},{"type":"Feature","properties":{"county_nam":"PENDER","prec_id":"UH08","enr_desc":"UPPER HOLLY","name":"UPPER HOLLY","label":"UPPER HOLLY","precinct_norm":"PENDER - UH08"},"geometry":{"type":"Point","coordinates":[-77.711031,34.629025]}},{"type":"Feature","properties":{"county_nam":"HERTFORD","prec_id":"UN","enr_desc":"UNION","name":"UNION","label":"UNION","precinct_norm":"HERTFORD - UN"},"geometry":{"type":"Point","coordinates":[-77.023236,36.341941]}},{"type":"Feature","properties":{"county_nam":"BERTIE","prec_id":"W2","enr_desc":"WINDSOR 2","name":"WINDSOR 2","label":"WINDSOR 2","precinct_norm":"BERTIE - W2"},"geometry":{"type":"Point","coordinates":[-76.921149,36.085074]}},{"type":"Feature","properties":{"county_nam":"MARTIN","prec_id":"WM2","enr_desc":"WILLIAMSTON 2","name":"WILLIAMSTON 2","label":"WILLIAMSTON 2","precinct_norm":"MARTIN - WM2"},"geometry":{"type":"Point","coordinates":[-77.087858,35.875275]}},{"type":"Feature","properties":{"county_nam":"ORANGE","prec_id":"UNC","enr_desc":"UNC","name":"UNC","label":"UNC","precinct_norm":"ORANGE - UNC"},"geometry":{"type":"Point","coordinates":[-79.040319,35.910395]}},{"type":"Feature","properties":{"county_nam":"CHEROKEE","prec_id":"UNKA","enr_desc":"UNAKA","name":"UNAKA","label":"UNAKA","precinct_norm":"CHEROKEE - UNKA"},"geometry":{"type":"Point","coordinates":[-84.181579,35.196377]}},{"type":"Feature","properties":{"county_nam":"PENDER","prec_id":"UT14","enr_desc":"UPPER TOPSAIL","name":"UPPER TOPSAIL","label":"UPPER TOPSAIL","precinct_norm":"PENDER - UT14"},"geometry":{"type":"Point","coordinates":[-77.72283,34.433289]}},{"type":"Feature","properties":{"county_nam":"MONTGOMERY","prec_id":"UWH","enr_desc":"UWHARRIE","name":"UWHARRIE","label":"UWHARRIE","precinct_norm":"MONTGOMERY - UWH"},"geometry":{"type":"Point","coordinates":[-80.006844,35.366091]}},{"type":"Feature","properties":{"county_nam":"LENOIR","prec_id":"V","enr_desc":"VANCE","name":"VANCE","label":"VANCE","precinct_norm":"LENOIR - V"},"geometry":{"type":"Point","coordinates":[-77.606358,35.350048]}},{"type":"Feature","properties":{"county_nam":"CRAVEN","prec_id":"VE14","enr_desc":"Van-Ep","name":"Van-Ep","label":"Van-Ep","precinct_norm":"CRAVEN - VE14"},"geometry":{"type":"Point","coordinates":[-77.198676,35.314629]}},{"type":"Feature","properties":{"county_nam":"NEW HANOVER","prec_id":"W21","enr_desc":"W21","name":"W21","label":"W21","precinct_norm":"NEW HANOVER - W21"},"geometry":{"type":"Point","coordinates":[-77.910086,34.17113]}},{"type":"Feature","properties":{"county_nam":"ONSLOW","prec_id":"VR15","enr_desc":"VERONA","name":"VERONA","label":"VERONA","precinct_norm":"ONSLOW - VR15"},"geometry":{"type":"Point","coordinates":[-77.492692,34.673205]}},{"type":"Feature","properties":{"county_nam":"MOORE","prec_id":"VSS","enr_desc":"VASS","name":"VASS","label":"VASS","precinct_norm":"MOORE - VSS"},"geometry":{"type":"Point","coordinates":[-79.29704,35.24257]}},{"type":"Feature","properties":{"county_nam":"LENOIR","prec_id":"W","enr_desc":"WOODINGTON","name":"WOODINGTON","label":"WOODINGTON","precinct_norm":"LENOIR - W"},"geometry":{"type":"Point","coordinates":[-77.603252,35.145545]}},{"type":"Feature","properties":{"county_nam":"ALEXANDER","prec_id":"W","enr_desc":"WITTENBURG","name":"WITTENBURG","label":"WITTENBURG","precinct_norm":"ALEXANDER - W"},"geometry":{"type":"Point","coordinates":[-81.229764,35.853173]}},{"type":"Feature","properties":{"county_nam":"NEW HANOVER","prec_id":"W15","enr_desc":"W15","name":"W15","label":"W15","precinct_norm":"NEW HANOVER - W15"},"geometry":{"type":"Point","coordinates":[-77.890972,34.245712]}},{"type":"Feature","properties":{"county_nam":"NEW HANOVER","prec_id":"W25","enr_desc":"W25","name":"W25","label":"W25","precinct_norm":"NEW HANOVER - W25"},"geometry":{"type":"Point","coordinates":[-77.944384,34.248446]}},{"type":"Feature","properties":{"county_nam":"NEW HANOVER","prec_id":"W26","enr_desc":"W26","name":"W26","label":"W26","precinct_norm":"NEW HANOVER - W26"},"geometry":{"type":"Point","coordinates":[-77.947708,34.201499]}},{"type":"Feature","properties":{"county_nam":"NEW HANOVER","prec_id":"W27","enr_desc":"W27","name":"W27","label":"W27","precinct_norm":"NEW HANOVER - W27"},"geometry":{"type":"Point","coordinates":[-77.916406,34.243509]}},{"type":"Feature","properties":{"county_nam":"BEAUFORT","prec_id":"WASH1","enr_desc":"WASHINGTON WARD 1","name":"WASHINGTON WARD 1","label":"WASHINGTON WARD 1","precinct_norm":"BEAUFORT - WASH1"},"geometry":{"type":"Point","coordinates":[-77.045304,35.539331]}},{"type":"Feature","properties":{"county_nam":"FORSYTH","prec_id":"064","enr_desc":"KERNERSVILLE ELEMENTARY","name":"KERNERSVILLE ELEMENTARY","label":"KERNERSVILLE ELEMENTARY","precinct_norm":"FORSYTH - 064"},"geometry":{"type":"Point","coordinates":[-80.0799,36.128646]}},{"type":"Feature","properties":{"county_nam":"BEAUFORT","prec_id":"WASH2","enr_desc":"WASHINGTON WARD 2","name":"WASHINGTON WARD 2","label":"WASHINGTON WARD 2","precinct_norm":"BEAUFORT - WASH2"},"geometry":{"type":"Point","coordinates":[-77.074322,35.563102]}},{"type":"Feature","properties":{"county_nam":"BEAUFORT","prec_id":"WASH4","enr_desc":"WASHINGTON WARD 4","name":"WASHINGTON WARD 4","label":"WASHINGTON WARD 4","precinct_norm":"BEAUFORT - WASH4"},"geometry":{"type":"Point","coordinates":[-77.021478,35.561505]}},{"type":"Feature","properties":{"county_nam":"BEAUFORT","prec_id":"WASHP","enr_desc":"WASHINGTON PARK","name":"WASHINGTON PARK","label":"WASHINGTON PARK","precinct_norm":"BEAUFORT - WASHP"},"geometry":{"type":"Point","coordinates":[-77.015161,35.528103]}},{"type":"Feature","properties":{"county_nam":"NEW HANOVER","prec_id":"WB","enr_desc":"WB","name":"WB","label":"WB","precinct_norm":"NEW HANOVER - WB"},"geometry":{"type":"Point","coordinates":[-77.773147,34.202391]}},{"type":"Feature","properties":{"county_nam":"BRUNSWICK","prec_id":"WB02","enr_desc":"HICKMANS CROSSROADS","name":"HICKMANS CROSSROADS","label":"HICKMANS CROSSROADS","precinct_norm":"BRUNSWICK - WB02"},"geometry":{"type":"Point","coordinates":[-78.595923,33.950347]}},{"type":"Feature","properties":{"county_nam":"BRUNSWICK","prec_id":"WB03","enr_desc":"LONGWOOD","name":"LONGWOOD","label":"LONGWOOD","precinct_norm":"BRUNSWICK - WB03"},"geometry":{"type":"Point","coordinates":[-78.490355,33.974664]}},{"type":"Feature","properties":{"county_nam":"BRUNSWICK","prec_id":"WB04","enr_desc":"SHINGLETREE 2","name":"SHINGLETREE 2","label":"SHINGLETREE 2","precinct_norm":"BRUNSWICK - WB04"},"geometry":{"type":"Point","coordinates":[-78.557019,33.902282]}},{"type":"Feature","properties":{"county_nam":"BRUNSWICK","prec_id":"WB05","enr_desc":"SHINGLETREE 1","name":"SHINGLETREE 1","label":"SHINGLETREE 1","precinct_norm":"BRUNSWICK - WB05"},"geometry":{"type":"Point","coordinates":[-78.511067,33.879715]}},{"type":"Feature","properties":{"county_nam":"BRUNSWICK","prec_id":"WB06","enr_desc":"GRISSETTOWN","name":"GRISSETTOWN","label":"GRISSETTOWN","precinct_norm":"BRUNSWICK - WB06"},"geometry":{"type":"Point","coordinates":[-78.432235,33.892992]}},{"type":"Feature","properties":{"county_nam":"SAMPSON","prec_id":"WBRK","enr_desc":"WESTBROOK","name":"WESTBROOK","label":"WESTBROOK","precinct_norm":"SAMPSON - WBRK"},"geometry":{"type":"Point","coordinates":[-78.42338,35.188105]}},{"type":"Feature","properties":{"county_nam":"TRANSYLVANIA","prec_id":"WC","enr_desc":"WILLIAMSON CREEK","name":"WILLIAMSON CREEK","label":"WILLIAMSON CREEK","precinct_norm":"TRANSYLVANIA - WC"},"geometry":{"type":"Point","coordinates":[-82.688545,35.222455]}},{"type":"Feature","properties":{"county_nam":"HAYWOOD","prec_id":"WC","enr_desc":"WAYNESVILLE CENTER","name":"WAYNESVILLE CENTER","label":"WAYNESVILLE CENTER","precinct_norm":"HAYWOOD - WC"},"geometry":{"type":"Point","coordinates":[-82.983602,35.493073]}},{"type":"Feature","properties":{"county_nam":"ORANGE","prec_id":"WC","enr_desc":"WHITE CROSS","name":"WHITE CROSS","label":"WHITE CROSS","precinct_norm":"ORANGE - WC"},"geometry":{"type":"Point","coordinates":[-79.206473,35.912996]}},{"type":"Feature","properties":{"county_nam":"BERTIE","prec_id":"WD","enr_desc":"WOODVILLE","name":"WOODVILLE","label":"WOODVILLE","precinct_norm":"BERTIE - WD"},"geometry":{"type":"Point","coordinates":[-77.199172,36.040813]}},{"type":"Feature","properties":{"county_nam":"ORANGE","prec_id":"WD","enr_desc":"WEAVER DAIRY","name":"WEAVER DAIRY","label":"WEAVER DAIRY","precinct_norm":"ORANGE - WD"},"geometry":{"type":"Point","coordinates":[-79.051295,35.955499]}},{"type":"Feature","properties":{"county_nam":"BEAUFORT","prec_id":"WDPD","enr_desc":"WOODARDS POND","name":"WOODARDS POND","label":"WOODARDS POND","precinct_norm":"BEAUFORT - WDPD"},"geometry":{"type":"Point","coordinates":[-76.916432,35.503349]}},{"type":"Feature","properties":{"county_nam":"ORANGE","prec_id":"WDS","enr_desc":"WEAVER DAIRY SAT","name":"WEAVER DAIRY SAT","label":"WEAVER DAIRY SAT","precinct_norm":"ORANGE - WDS"},"geometry":{"type":"Point","coordinates":[-79.039154,35.964871]}},{"type":"Feature","properties":{"county_nam":"PERSON","prec_id":"WDSD","enr_desc":"WOODSDALE","name":"WOODSDALE","label":"WOODSDALE","precinct_norm":"PERSON - WDSD"},"geometry":{"type":"Point","coordinates":[-78.932751,36.492885]}},{"type":"Feature","properties":{"county_nam":"HAYWOOD","prec_id":"WE","enr_desc":"WAYNESVILLE EAST","name":"WAYNESVILLE EAST","label":"WAYNESVILLE EAST","precinct_norm":"HAYWOOD - WE"},"geometry":{"type":"Point","coordinates":[-82.949845,35.487716]}},{"type":"Feature","properties":{"county_nam":"JACKSON","prec_id":"WEB","enr_desc":"WEBSTER","name":"WEBSTER","label":"WEBSTER","precinct_norm":"JACKSON - WEB"},"geometry":{"type":"Point","coordinates":[-83.218533,35.329283]}},{"type":"Feature","properties":{"county_nam":"HALIFAX","prec_id":"WEL 3","enr_desc":"WELDON 3","name":"WELDON 3","label":"WELDON 3","precinct_norm":"HALIFAX - WEL 3"},"geometry":{"type":"Point","coordinates":[-77.660819,36.396354]}},{"type":"Feature","properties":{"county_nam":"HALIFAX","prec_id":"WEL1-2","enr_desc":"WELDON 1-2","name":"WELDON 1-2","label":"WELDON 1-2","precinct_norm":"HALIFAX - WEL1-2"},"geometry":{"type":"Point","coordinates":[-77.578203,36.412397]}},{"type":"Feature","properties":{"county_nam":"MOORE","prec_id":"WEM","enr_desc":"WESTMOORE","name":"WESTMOORE","label":"WESTMOORE","precinct_norm":"MOORE - WEM"},"geometry":{"type":"Point","coordinates":[-79.699651,35.462744]}},{"type":"Feature","properties":{"county_nam":"PASQUOTANK","prec_id":"WEST","enr_desc":"WEST ELIZABETH CITY","name":"WEST ELIZABETH CITY","label":"WEST ELIZABETH CITY","precinct_norm":"PASQUOTANK - WEST"},"geometry":{"type":"Point","coordinates":[-76.248571,36.28726]}},{"type":"Feature","properties":{"county_nam":"GRAHAM","prec_id":"WEST","enr_desc":"WEST WARD","name":"WEST WARD","label":"WEST WARD","precinct_norm":"GRAHAM - WEST"},"geometry":{"type":"Point","coordinates":[-83.910556,35.302411]}},{"type":"Feature","properties":{"county_nam":"PERQUIMANS","prec_id":"WEST H","enr_desc":"WEST HERTFORD","name":"WEST HERTFORD","label":"WEST HERTFORD","precinct_norm":"PERQUIMANS - WEST H"},"geometry":{"type":"Point","coordinates":[-76.535082,36.175342]}},{"type":"Feature","properties":{"county_nam":"MCDOWELL","prec_id":"WEST M","enr_desc":"WEST MARION 7","name":"WEST MARION 7","label":"WEST MARION 7","precinct_norm":"MCDOWELL - WEST M"},"geometry":{"type":"Point","coordinates":[-82.045505,35.645492]}},{"type":"Feature","properties":{"county_nam":"ORANGE","prec_id":"WH","enr_desc":"WEST HILLSBOROUGH","name":"WEST HILLSBOROUGH","label":"WEST HILLSBOROUGH","precinct_norm":"ORANGE - WH"},"geometry":{"type":"Point","coordinates":[-79.12021,36.100881]}},{"type":"Feature","properties":{"county_nam":"VANCE","prec_id":"WH","enr_desc":"West Henderson","name":"West Henderson","label":"West Henderson","precinct_norm":"VANCE - WH"},"geometry":{"type":"Point","coordinates":[-78.431721,36.339464]}},{"type":"Feature","properties":{"county_nam":"CURRITUCK","prec_id":"WH","enr_desc":"WHALEHEAD","name":"WHALEHEAD","label":"WHALEHEAD","precinct_norm":"CURRITUCK - WH"},"geometry":{"type":"Point","coordinates":[-75.809837,36.344419]}},{"type":"Feature","properties":{"county_nam":"BERTIE","prec_id":"WH","enr_desc":"WHITES","name":"WHITES","label":"WHITES","precinct_norm":"BERTIE - WH"},"geometry":{"type":"Point","coordinates":[-76.791991,36.079138]}},{"type":"Feature","properties":{"county_nam":"SWAIN","prec_id":"WHCH","enr_desc":"WHCH","name":"WHCH","label":"WHCH","precinct_norm":"SWAIN - WHCH"},"geometry":{"type":"Point","coordinates":[-83.298537,35.520256]}},{"type":"Feature","properties":{"county_nam":"CARTERET","prec_id":"WIHA","enr_desc":"WIREGRASS/HARLOWE","name":"WIREGRASS/HARLOWE","label":"WIREGRASS/HARLOWE","precinct_norm":"CARTERET - WIHA"},"geometry":{"type":"Point","coordinates":[-76.729457,34.828733]}},{"type":"Feature","properties":{"county_nam":"CARTERET","prec_id":"WILD","enr_desc":"WILDWOOD","name":"WILDWOOD","label":"WILDWOOD","precinct_norm":"CARTERET - WILD"},"geometry":{"type":"Point","coordinates":[-76.833159,34.754985]}},{"type":"Feature","properties":{"county_nam":"GRANVILLE","prec_id":"WILT","enr_desc":"Voting District 00WILT","name":"Voting District 00WILT","label":"Voting District 00WILT","precinct_norm":"GRANVILLE - WILT"},"geometry":{"type":"Point","coordinates":[-78.545608,36.111424]}},{"type":"Feature","properties":{"county_nam":"HERTFORD","prec_id":"WN","enr_desc":"WINTON","name":"WINTON","label":"WINTON","precinct_norm":"HERTFORD - WN"},"geometry":{"type":"Point","coordinates":[-76.956371,36.383994]}},{"type":"Feature","properties":{"county_nam":"ONSLOW","prec_id":"WN04","enr_desc":"WEST NORTHWOODS","name":"WEST NORTHWOODS","label":"WEST NORTHWOODS","precinct_norm":"ONSLOW - WN04"},"geometry":{"type":"Point","coordinates":[-77.447059,34.781836]}},{"type":"Feature","properties":{"county_nam":"MOORE","prec_id":"WND","enr_desc":"WEST END","name":"WEST END","label":"WEST END","precinct_norm":"MOORE - WND"},"geometry":{"type":"Point","coordinates":[-79.611587,35.205752]}},{"type":"Feature","properties":{"county_nam":"HAYWOOD","prec_id":"WO","enr_desc":"WHITE OAK","name":"WHITE OAK","label":"WHITE OAK","precinct_norm":"HAYWOOD - WO"},"geometry":{"type":"Point","coordinates":[-83.02601,35.654616]}},{"type":"Feature","properties":{"county_nam":"POLK","prec_id":"WO06","enr_desc":"WHITE OAK","name":"WHITE OAK","label":"WHITE OAK","precinct_norm":"POLK - WO06"},"geometry":{"type":"Point","coordinates":[-82.154445,35.31288]}},{"type":"Feature","properties":{"county_nam":"GRANVILLE","prec_id":"WOEL","enr_desc":"Voting District 00WOEL","name":"Voting District 00WOEL","label":"Voting District 00WOEL","precinct_norm":"GRANVILLE - WOEL"},"geometry":{"type":"Point","coordinates":[-78.626181,36.369245]}},{"type":"Feature","properties":{"county_nam":"DUPLIN","prec_id":"WOLF","enr_desc":"WOLFSCRAPE","name":"WOLFSCRAPE","label":"WOLFSCRAPE","precinct_norm":"DUPLIN - WOLF"},"geometry":{"type":"Point","coordinates":[-77.977506,35.124772]}},{"type":"Feature","properties":{"county_nam":"NORTHAMPTON","prec_id":"WOPO","enr_desc":"WOODLAND/POTECASI","name":"WOODLAND/POTECASI","label":"WOODLAND/POTECASI","precinct_norm":"NORTHAMPTON - WOPO"},"geometry":{"type":"Point","coordinates":[-77.215089,36.326168]}},{"type":"Feature","properties":{"county_nam":"LINCOLN","prec_id":"WP32","enr_desc":"WESTPORT","name":"WESTPORT","label":"WESTPORT","precinct_norm":"LINCOLN - WP32"},"geometry":{"type":"Point","coordinates":[-80.98763,35.50372]}},{"type":"Feature","properties":{"county_nam":"ANSON","prec_id":"WS","enr_desc":"WHITE STORE","name":"WHITE STORE","label":"WHITE STORE","precinct_norm":"ANSON - WS"},"geometry":{"type":"Point","coordinates":[-80.247007,34.875156]}},{"type":"Feature","properties":{"county_nam":"HAYWOOD","prec_id":"WS-1","enr_desc":"WAYNESVILLE SOUTH 1","name":"WAYNESVILLE SOUTH 1","label":"WAYNESVILLE SOUTH 1","precinct_norm":"HAYWOOD - WS-1"},"geometry":{"type":"Point","coordinates":[-83.032354,35.488414]}},{"type":"Feature","properties":{"county_nam":"HAYWOOD","prec_id":"WS-2","enr_desc":"WAYNESVILLE SOUTH 2","name":"WAYNESVILLE SOUTH 2","label":"WAYNESVILLE SOUTH 2","precinct_norm":"HAYWOOD - WS-2"},"geometry":{"type":"Point","coordinates":[-82.976699,35.472201]}},{"type":"Feature","properties":{"county_nam":"HAYWOOD","prec_id":"WW","enr_desc":"WAYNESVILLE WEST","name":"WAYNESVILLE WEST","label":"WAYNESVILLE WEST","precinct_norm":"HAYWOOD - WW"},"geometry":{"type":"Point","coordinates":[-82.999152,35.509111]}},{"type":"Feature","properties":{"county_nam":"FORSYTH","prec_id":"068","enr_desc":"GOOD SHEPHERD MORAVIAN","name":"GOOD SHEPHERD MORAVIAN","label":"GOOD SHEPHERD MORAVIAN","precinct_norm":"FORSYTH - 068"},"geometry":{"type":"Point","coordinates":[-80.109718,36.160496]}},{"type":"Feature","properties":{"county_nam":"FORSYTH","prec_id":"071","enr_desc":"LEWISVILLE ELEMENTARY SCHOOL","name":"LEWISVILLE ELEMENTARY SCHOOL","label":"LEWISVILLE ELEMENTARY SCHOOL","precinct_norm":"FORSYTH - 071"},"geometry":{"type":"Point","coordinates":[-80.402253,36.089147]}},{"type":"Feature","properties":{"county_nam":"FORSYTH","prec_id":"012","enr_desc":"UNION CROSS ELEMENTARY SCHOOL","name":"UNION CROSS ELEMENTARY SCHOOL","label":"UNION CROSS ELEMENTARY SCHOOL","precinct_norm":"FORSYTH - 012"},"geometry":{"type":"Point","coordinates":[-80.064498,36.042934]}},{"type":"Feature","properties":{"county_nam":"FORSYTH","prec_id":"013","enr_desc":"SEDGE GARDEN ELEMENTARY","name":"SEDGE GARDEN ELEMENTARY","label":"SEDGE GARDEN ELEMENTARY","precinct_norm":"FORSYTH - 013"},"geometry":{"type":"Point","coordinates":[-80.117681,36.099828]}},{"type":"Feature","properties":{"county_nam":"FORSYTH","prec_id":"014","enr_desc":"BEESONS CROSSROADS FIRE","name":"BEESONS CROSSROADS FIRE","label":"BEESONS CROSSROADS FIRE","precinct_norm":"FORSYTH - 014"},"geometry":{"type":"Point","coordinates":[-80.067613,36.089777]}},{"type":"Feature","properties":{"county_nam":"FORSYTH","prec_id":"903","enr_desc":"ARTS COUNCIL THEATER","name":"ARTS COUNCIL THEATER","label":"ARTS COUNCIL THEATER","precinct_norm":"FORSYTH - 903"},"geometry":{"type":"Point","coordinates":[-80.27079,36.123376]}},{"type":"Feature","properties":{"county_nam":"FORSYTH","prec_id":"015","enr_desc":"SOUTHEAST MIDDLE SCHOOL","name":"SOUTHEAST MIDDLE SCHOOL","label":"SOUTHEAST MIDDLE SCHOOL","precinct_norm":"FORSYTH - 015"},"geometry":{"type":"Point","coordinates":[-80.08769,36.063667]}},{"type":"Feature","properties":{"county_nam":"FORSYTH","prec_id":"016","enr_desc":"016","name":"016","label":"016","precinct_norm":"FORSYTH - 016"},"geometry":{"type":"Point","coordinates":[-80.118984,36.084246]}},{"type":"Feature","properties":{"county_nam":"FORSYTH","prec_id":"021","enr_desc":"BELEWS CREEK FIRE","name":"BELEWS CREEK FIRE","label":"BELEWS CREEK FIRE","precinct_norm":"FORSYTH - 021"},"geometry":{"type":"Point","coordinates":[-80.090708,36.217403]}},{"type":"Feature","properties":{"county_nam":"FORSYTH","prec_id":"031","enr_desc":"RURAL HALL ELEMENTARY","name":"RURAL HALL ELEMENTARY","label":"RURAL HALL ELEMENTARY","precinct_norm":"FORSYTH - 031"},"geometry":{"type":"Point","coordinates":[-80.268225,36.230052]}},{"type":"Feature","properties":{"county_nam":"FORSYTH","prec_id":"032","enr_desc":"NORTHWEST MIDDLE SCHOOL","name":"NORTHWEST MIDDLE SCHOOL","label":"NORTHWEST MIDDLE SCHOOL","precinct_norm":"FORSYTH - 032"},"geometry":{"type":"Point","coordinates":[-80.326819,36.21691]}},{"type":"Feature","properties":{"county_nam":"FORSYTH","prec_id":"904","enr_desc":"MISSION HISPANA","name":"MISSION HISPANA","label":"MISSION HISPANA","precinct_norm":"FORSYTH - 904"},"geometry":{"type":"Point","coordinates":[-80.315702,36.158223]}},{"type":"Feature","properties":{"county_nam":"FORSYTH","prec_id":"033","enr_desc":"ST ANDREWS PRESBYTERIAN","name":"ST ANDREWS PRESBYTERIAN","label":"ST ANDREWS PRESBYTERIAN","precinct_norm":"FORSYTH - 033"},"geometry":{"type":"Point","coordinates":[-80.254965,36.207364]}},{"type":"Feature","properties":{"county_nam":"FORSYTH","prec_id":"034","enr_desc":"KINGSWOOD UNITED METHODIST CHURCH","name":"KINGSWOOD UNITED METHODIST CHURCH","label":"KINGSWOOD UNITED METHODIST CHURCH","precinct_norm":"FORSYTH - 034"},"geometry":{"type":"Point","coordinates":[-80.309091,36.231234]}},{"type":"Feature","properties":{"county_nam":"FORSYTH","prec_id":"042","enr_desc":"FELLOWSHIP BAPTIST","name":"FELLOWSHIP BAPTIST","label":"FELLOWSHIP BAPTIST","precinct_norm":"FORSYTH - 042"},"geometry":{"type":"Point","coordinates":[-80.228791,36.021671]}},{"type":"Feature","properties":{"county_nam":"FORSYTH","prec_id":"043","enr_desc":"FRIEDLAND MORAVIAN","name":"FRIEDLAND MORAVIAN","label":"FRIEDLAND MORAVIAN","precinct_norm":"FORSYTH - 043"},"geometry":{"type":"Point","coordinates":[-80.165319,36.050007]}},{"type":"Feature","properties":{"county_nam":"FORSYTH","prec_id":"051","enr_desc":"CLEMMONS ELEMENTARY","name":"CLEMMONS ELEMENTARY","label":"CLEMMONS ELEMENTARY","precinct_norm":"FORSYTH - 051"},"geometry":{"type":"Point","coordinates":[-80.368993,36.02301]}},{"type":"Feature","properties":{"county_nam":"FORSYTH","prec_id":"905","enr_desc":"BETHABARA MORAVIAN CH","name":"BETHABARA MORAVIAN CH","label":"BETHABARA MORAVIAN CH","precinct_norm":"FORSYTH - 905"},"geometry":{"type":"Point","coordinates":[-80.289338,36.144536]}},{"type":"Feature","properties":{"county_nam":"FORSYTH","prec_id":"906","enr_desc":"MT TABOR HIGH SCHOOL","name":"MT TABOR HIGH SCHOOL","label":"MT TABOR HIGH SCHOOL","precinct_norm":"FORSYTH - 906"},"geometry":{"type":"Point","coordinates":[-80.319072,36.128425]}},{"type":"Feature","properties":{"county_nam":"FORSYTH","prec_id":"052","enr_desc":"CLEMMONS PRESBYTERIAN","name":"CLEMMONS PRESBYTERIAN","label":"CLEMMONS PRESBYTERIAN","precinct_norm":"FORSYTH - 052"},"geometry":{"type":"Point","coordinates":[-80.406073,36.019535]}},{"type":"Feature","properties":{"county_nam":"FORSYTH","prec_id":"121","enr_desc":"Flat Rock Middle School","name":"Flat Rock Middle School","label":"Flat Rock Middle School","precinct_norm":"FORSYTH - 121"},"geometry":{"type":"Point","coordinates":[-80.312379,36.012759]}},{"type":"Feature","properties":{"county_nam":"FORSYTH","prec_id":"053","enr_desc":"VFW POST 9010","name":"VFW POST 9010","label":"VFW POST 9010","precinct_norm":"FORSYTH - 053"},"geometry":{"type":"Point","coordinates":[-80.365222,35.994525]}},{"type":"Feature","properties":{"county_nam":"FORSYTH","prec_id":"054","enr_desc":"CLEMMONS CIVIC CENTER","name":"CLEMMONS CIVIC CENTER","label":"CLEMMONS CIVIC CENTER","precinct_norm":"FORSYTH - 054"},"geometry":{"type":"Point","coordinates":[-80.400591,35.998251]}},{"type":"Feature","properties":{"county_nam":"FORSYTH","prec_id":"055","enr_desc":"HOLY FAMILY CATHOLIC CHURCH","name":"HOLY FAMILY CATHOLIC CHURCH","label":"HOLY FAMILY CATHOLIC CHURCH","precinct_norm":"FORSYTH - 055"},"geometry":{"type":"Point","coordinates":[-80.41599,36.030184]}},{"type":"Feature","properties":{"county_nam":"FORSYTH","prec_id":"061","enr_desc":"KERNERSVILLE LIBRARY","name":"KERNERSVILLE LIBRARY","label":"KERNERSVILLE LIBRARY","precinct_norm":"FORSYTH - 061"},"geometry":{"type":"Point","coordinates":[-80.056128,36.120745]}},{"type":"Feature","properties":{"county_nam":"FORSYTH","prec_id":"063","enr_desc":"CASH ELEMENTARY SCHOOL","name":"CASH ELEMENTARY SCHOOL","label":"CASH ELEMENTARY SCHOOL","precinct_norm":"FORSYTH - 063"},"geometry":{"type":"Point","coordinates":[-80.115297,36.13872]}},{"type":"Feature","properties":{"county_nam":"FORSYTH","prec_id":"065","enr_desc":"KERNERSVILLE 7TH DAY ADVENTIST CHURCH","name":"KERNERSVILLE 7TH DAY ADVENTIST CHURCH","label":"KERNERSVILLE 7TH DAY ADVENTIST CHURCH","precinct_norm":"FORSYTH - 065"},"geometry":{"type":"Point","coordinates":[-80.09878,36.11956]}},{"type":"Feature","properties":{"county_nam":"FORSYTH","prec_id":"066","enr_desc":"PINEY GROVE ELEMENTARY","name":"PINEY GROVE ELEMENTARY","label":"PINEY GROVE ELEMENTARY","precinct_norm":"FORSYTH - 066"},"geometry":{"type":"Point","coordinates":[-80.05024,36.151281]}},{"type":"Feature","properties":{"county_nam":"FORSYTH","prec_id":"067","enr_desc":"KERNERSVILLE RECREATION","name":"KERNERSVILLE RECREATION","label":"KERNERSVILLE RECREATION","precinct_norm":"FORSYTH - 067"},"geometry":{"type":"Point","coordinates":[-80.079376,36.103584]}},{"type":"Feature","properties":{"county_nam":"FORSYTH","prec_id":"073","enr_desc":"UNITY MORAVIAN CHURCH","name":"UNITY MORAVIAN CHURCH","label":"UNITY MORAVIAN CHURCH","precinct_norm":"FORSYTH - 073"},"geometry":{"type":"Point","coordinates":[-80.461945,36.073225]}},{"type":"Feature","properties":{"county_nam":"FORSYTH","prec_id":"074","enr_desc":"MEADOWLARK MIDDLE SCHOOL","name":"MEADOWLARK MIDDLE SCHOOL","label":"MEADOWLARK MIDDLE SCHOOL","precinct_norm":"FORSYTH - 074"},"geometry":{"type":"Point","coordinates":[-80.366307,36.08852]}},{"type":"Feature","properties":{"county_nam":"FORSYTH","prec_id":"075","enr_desc":"NEW HOPE AME ZION CHURCH","name":"NEW HOPE AME ZION CHURCH","label":"NEW HOPE AME ZION CHURCH","precinct_norm":"FORSYTH - 075"},"geometry":{"type":"Point","coordinates":[-80.482385,36.105849]}},{"type":"Feature","properties":{"county_nam":"FORSYTH","prec_id":"085","enr_desc":"085","name":"085","label":"085","precinct_norm":"FORSYTH - 085"},"geometry":{"type":"Point","coordinates":[-80.155259,36.140828]}},{"type":"Feature","properties":{"county_nam":"FORSYTH","prec_id":"076","enr_desc":"076","name":"076","label":"076","precinct_norm":"FORSYTH - 076"},"geometry":{"type":"Point","coordinates":[-80.402933,36.064128]}},{"type":"Feature","properties":{"county_nam":"FORSYTH","prec_id":"509","enr_desc":"Sedge Garden Recreation Center","name":"Sedge Garden Recreation Center","label":"Sedge Garden Recreation Center","precinct_norm":"FORSYTH - 509"},"geometry":{"type":"Point","coordinates":[-80.15162,36.079399]}},{"type":"Feature","properties":{"county_nam":"FORSYTH","prec_id":"077","enr_desc":"077","name":"077","label":"077","precinct_norm":"FORSYTH - 077"},"geometry":{"type":"Point","coordinates":[-80.380834,36.056308]}},{"type":"Feature","properties":{"county_nam":"FORSYTH","prec_id":"084","enr_desc":"Edgewood Baptist Church","name":"Edgewood Baptist Church","label":"Edgewood Baptist Church","precinct_norm":"FORSYTH - 084"},"geometry":{"type":"Point","coordinates":[-80.179857,36.137371]}},{"type":"Feature","properties":{"county_nam":"FORSYTH","prec_id":"081","enr_desc":"OAK SUMMIT UNITED METHODIST CHURCH","name":"OAK SUMMIT UNITED METHODIST CHURCH","label":"OAK SUMMIT UNITED METHODIST CHURCH","precinct_norm":"FORSYTH - 081"},"geometry":{"type":"Point","coordinates":[-80.232131,36.171813]}},{"type":"Feature","properties":{"county_nam":"FORSYTH","prec_id":"083","enr_desc":"IBRAHAM ELEMENTARY","name":"IBRAHAM ELEMENTARY","label":"IBRAHAM ELEMENTARY","precinct_norm":"FORSYTH - 083"},"geometry":{"type":"Point","coordinates":[-80.18832,36.160522]}},{"type":"Feature","properties":{"county_nam":"FORSYTH","prec_id":"091","enr_desc":"TOBACCOVILLE COMMUNITY CENTER","name":"TOBACCOVILLE COMMUNITY CENTER","label":"TOBACCOVILLE COMMUNITY CENTER","precinct_norm":"FORSYTH - 091"},"geometry":{"type":"Point","coordinates":[-80.411023,36.222027]}},{"type":"Feature","properties":{"county_nam":"FORSYTH","prec_id":"092","enr_desc":"MACEDONIA BAPTIST CHURCH","name":"MACEDONIA BAPTIST CHURCH","label":"MACEDONIA BAPTIST CHURCH","precinct_norm":"FORSYTH - 092"},"geometry":{"type":"Point","coordinates":[-80.366104,36.221631]}},{"type":"Feature","properties":{"county_nam":"FORSYTH","prec_id":"101","enr_desc":"BETHANIA MORAVIAN CHURCH","name":"BETHANIA MORAVIAN CHURCH","label":"BETHANIA MORAVIAN CHURCH","precinct_norm":"FORSYTH - 101"},"geometry":{"type":"Point","coordinates":[-80.326001,36.182899]}},{"type":"Feature","properties":{"county_nam":"FORSYTH","prec_id":"111","enr_desc":"PROVIDENCE MORAVIAN CHURCH","name":"PROVIDENCE MORAVIAN CHURCH","label":"PROVIDENCE MORAVIAN CHURCH","precinct_norm":"FORSYTH - 111"},"geometry":{"type":"Point","coordinates":[-80.212048,36.216144]}},{"type":"Feature","properties":{"county_nam":"FORSYTH","prec_id":"112","enr_desc":"WALKERTOWN LIBRARY","name":"WALKERTOWN LIBRARY","label":"WALKERTOWN LIBRARY","precinct_norm":"FORSYTH - 112"},"geometry":{"type":"Point","coordinates":[-80.162665,36.212128]}},{"type":"Feature","properties":{"county_nam":"FORSYTH","prec_id":"203","enr_desc":"MARTIN LUTHER KING REC","name":"MARTIN LUTHER KING REC","label":"MARTIN LUTHER KING REC","precinct_norm":"FORSYTH - 203"},"geometry":{"type":"Point","coordinates":[-80.249909,36.114957]}},{"type":"Feature","properties":{"county_nam":"FORSYTH","prec_id":"123","enr_desc":"FORSYTH FRIENDS MEETING","name":"FORSYTH FRIENDS MEETING","label":"FORSYTH FRIENDS MEETING","precinct_norm":"FORSYTH - 123"},"geometry":{"type":"Point","coordinates":[-80.351112,36.065901]}},{"type":"Feature","properties":{"county_nam":"FORSYTH","prec_id":"204","enr_desc":"HOME AND GARDEN BUILDING (FAIRGROUNDS)","name":"HOME AND GARDEN BUILDING (FAIRGROUNDS)","label":"HOME AND GARDEN BUILDING (FAIRGROUNDS)","precinct_norm":"FORSYTH - 204"},"geometry":{"type":"Point","coordinates":[-80.252468,36.131042]}},{"type":"Feature","properties":{"county_nam":"FORSYTH","prec_id":"124","enr_desc":"124","name":"124","label":"124","precinct_norm":"FORSYTH - 124"},"geometry":{"type":"Point","coordinates":[-80.278422,36.024235]}},{"type":"Feature","properties":{"county_nam":"FORSYTH","prec_id":"205","enr_desc":"PAISLEY MIDDLE SCHOOL","name":"PAISLEY MIDDLE SCHOOL","label":"PAISLEY MIDDLE SCHOOL","precinct_norm":"FORSYTH - 205"},"geometry":{"type":"Point","coordinates":[-80.261239,36.112002]}},{"type":"Feature","properties":{"county_nam":"FORSYTH","prec_id":"131","enr_desc":"VIENNA ELEMENTARY SCHOOL","name":"VIENNA ELEMENTARY SCHOOL","label":"VIENNA ELEMENTARY SCHOOL","precinct_norm":"FORSYTH - 131"},"geometry":{"type":"Point","coordinates":[-80.380392,36.136458]}},{"type":"Feature","properties":{"county_nam":"FORSYTH","prec_id":"132","enr_desc":"PFAFFTOWN CHRISTIAN CHURCH","name":"PFAFFTOWN CHRISTIAN CHURCH","label":"PFAFFTOWN CHRISTIAN CHURCH","precinct_norm":"FORSYTH - 132"},"geometry":{"type":"Point","coordinates":[-80.381835,36.160188]}},{"type":"Feature","properties":{"county_nam":"FORSYTH","prec_id":"135","enr_desc":"Shiloh Lutheran Church","name":"Shiloh Lutheran Church","label":"Shiloh Lutheran Church","precinct_norm":"FORSYTH - 135"},"geometry":{"type":"Point","coordinates":[-80.378182,36.112997]}},{"type":"Feature","properties":{"county_nam":"FORSYTH","prec_id":"202","enr_desc":"North Point Baptist Church","name":"North Point Baptist Church","label":"North Point Baptist Church","precinct_norm":"FORSYTH - 202"},"geometry":{"type":"Point","coordinates":[-80.287858,36.158777]}},{"type":"Feature","properties":{"county_nam":"FORSYTH","prec_id":"207","enr_desc":"NEW HOPE UNITED METHODIST CHURCH Voting District","name":"NEW HOPE UNITED METHODIST CHURCH Voting District","label":"NEW HOPE UNITED METHODIST CHURCH Voting District","precinct_norm":"FORSYTH - 207"},"geometry":{"type":"Point","coordinates":[-80.279215,36.175585]}},{"type":"Feature","properties":{"county_nam":"FORSYTH","prec_id":"303","enr_desc":"JOHN WESLEY AME ZION CHURCH","name":"JOHN WESLEY AME ZION CHURCH","label":"JOHN WESLEY AME ZION CHURCH","precinct_norm":"FORSYTH - 303"},"geometry":{"type":"Point","coordinates":[-80.228406,36.124188]}},{"type":"Feature","properties":{"county_nam":"FORSYTH","prec_id":"607","enr_desc":"SHEPHERDS CENTER","name":"SHEPHERDS CENTER","label":"SHEPHERDS CENTER","precinct_norm":"FORSYTH - 607"},"geometry":{"type":"Point","coordinates":[-80.289402,36.061645]}},{"type":"Feature","properties":{"county_nam":"FORSYTH","prec_id":"304","enr_desc":"FORSYTH TECH CC MAZIE WOODRUFF CTR","name":"FORSYTH TECH CC MAZIE WOODRUFF CTR","label":"FORSYTH TECH CC MAZIE WOODRUFF CTR","precinct_norm":"FORSYTH - 304"},"geometry":{"type":"Point","coordinates":[-80.219949,36.135566]}},{"type":"Feature","properties":{"county_nam":"FORSYTH","prec_id":"305","enr_desc":"CARVER HIGH SCHOOL","name":"CARVER HIGH SCHOOL","label":"CARVER HIGH SCHOOL","precinct_norm":"FORSYTH - 305"},"geometry":{"type":"Point","coordinates":[-80.203299,36.140447]}},{"type":"Feature","properties":{"county_nam":"FORSYTH","prec_id":"402","enr_desc":"FOURTEENTH STREET REC","name":"FOURTEENTH STREET REC","label":"FOURTEENTH STREET REC","precinct_norm":"FORSYTH - 402"},"geometry":{"type":"Point","coordinates":[-80.218195,36.110843]}},{"type":"Feature","properties":{"county_nam":"FORSYTH","prec_id":"403","enr_desc":"LEAP ACADEMY AT KENNEDY","name":"LEAP ACADEMY AT KENNEDY","label":"LEAP ACADEMY AT KENNEDY","precinct_norm":"FORSYTH - 403"},"geometry":{"type":"Point","coordinates":[-80.239353,36.106509]}},{"type":"Feature","properties":{"county_nam":"FORSYTH","prec_id":"405","enr_desc":"SIMS RECREATION CENTER","name":"SIMS RECREATION CENTER","label":"SIMS RECREATION CENTER","precinct_norm":"FORSYTH - 405"},"geometry":{"type":"Point","coordinates":[-80.230343,36.08297]}},{"type":"Feature","properties":{"county_nam":"FORSYTH","prec_id":"701","enr_desc":"FIRST CHRISTIAN CHURCH","name":"FIRST CHRISTIAN CHURCH","label":"FIRST CHRISTIAN CHURCH","precinct_norm":"FORSYTH - 701"},"geometry":{"type":"Point","coordinates":[-80.289623,36.09359]}},{"type":"Feature","properties":{"county_nam":"FORSYTH","prec_id":"501","enr_desc":"ST ANDREWS METHODIST","name":"ST ANDREWS METHODIST","label":"ST ANDREWS METHODIST","precinct_norm":"FORSYTH - 501"},"geometry":{"type":"Point","coordinates":[-80.200277,36.082696]}},{"type":"Feature","properties":{"county_nam":"FORSYTH","prec_id":"502","enr_desc":"FOREST PARK ELEMENTARY","name":"FOREST PARK ELEMENTARY","label":"FOREST PARK ELEMENTARY","precinct_norm":"FORSYTH - 502"},"geometry":{"type":"Point","coordinates":[-80.21474,36.078978]}},{"type":"Feature","properties":{"county_nam":"FORSYTH","prec_id":"505","enr_desc":"EASTON ELEMENTARY SCHOOL","name":"EASTON ELEMENTARY SCHOOL","label":"EASTON ELEMENTARY SCHOOL","precinct_norm":"FORSYTH - 505"},"geometry":{"type":"Point","coordinates":[-80.216412,36.044866]}},{"type":"Feature","properties":{"county_nam":"FORSYTH","prec_id":"702","enr_desc":"MILLER PARK RECREATION","name":"MILLER PARK RECREATION","label":"MILLER PARK RECREATION","precinct_norm":"FORSYTH - 702"},"geometry":{"type":"Point","coordinates":[-80.283272,36.086448]}},{"type":"Feature","properties":{"county_nam":"FORSYTH","prec_id":"506","enr_desc":"COVENANT PRESBYTERIAN","name":"COVENANT PRESBYTERIAN","label":"COVENANT PRESBYTERIAN","precinct_norm":"FORSYTH - 506"},"geometry":{"type":"Point","coordinates":[-80.242538,36.032607]}},{"type":"Feature","properties":{"county_nam":"FORSYTH","prec_id":"508","enr_desc":"Linville Forest Church of Christ","name":"Linville Forest Church of Christ","label":"Linville Forest Church of Christ","precinct_norm":"FORSYTH - 508"},"geometry":{"type":"Point","coordinates":[-80.173721,36.085978]}},{"type":"Feature","properties":{"county_nam":"FORSYTH","prec_id":"602","enr_desc":"FIRST ALLIANCE CHURCH","name":"FIRST ALLIANCE CHURCH","label":"FIRST ALLIANCE CHURCH","precinct_norm":"FORSYTH - 602"},"geometry":{"type":"Point","coordinates":[-80.285519,36.040769]}},{"type":"Feature","properties":{"county_nam":"FORSYTH","prec_id":"603","enr_desc":"LATHAM ELEMENTARY","name":"LATHAM ELEMENTARY","label":"LATHAM ELEMENTARY","precinct_norm":"FORSYTH - 603"},"geometry":{"type":"Point","coordinates":[-80.249349,36.075526]}},{"type":"Feature","properties":{"county_nam":"FORSYTH","prec_id":"604","enr_desc":"WSFC SCHOOLS ADMINISTRATION BLDG","name":"WSFC SCHOOLS ADMINISTRATION BLDG","label":"WSFC SCHOOLS ADMINISTRATION BLDG","precinct_norm":"FORSYTH - 604"},"geometry":{"type":"Point","coordinates":[-80.26112,36.070006]}},{"type":"Feature","properties":{"county_nam":"FORSYTH","prec_id":"605","enr_desc":"PARKLAND HIGH SCHOOL","name":"PARKLAND HIGH SCHOOL","label":"PARKLAND HIGH SCHOOL","precinct_norm":"FORSYTH - 605"},"geometry":{"type":"Point","coordinates":[-80.258129,36.040854]}},{"type":"Feature","properties":{"county_nam":"FORSYTH","prec_id":"606","enr_desc":"PHILO MIDDLE SCHOOL","name":"PHILO MIDDLE SCHOOL","label":"PHILO MIDDLE SCHOOL","precinct_norm":"FORSYTH - 606"},"geometry":{"type":"Point","coordinates":[-80.247193,36.054442]}},{"type":"Feature","properties":{"county_nam":"FORSYTH","prec_id":"703","enr_desc":"ARDMORE BAPTIST CHURCH","name":"ARDMORE BAPTIST CHURCH","label":"ARDMORE BAPTIST CHURCH","precinct_norm":"FORSYTH - 703"},"geometry":{"type":"Point","coordinates":[-80.271597,36.085264]}},{"type":"Feature","properties":{"county_nam":"FORSYTH","prec_id":"705","enr_desc":"FORSYTH TECH WEST CAMPUS","name":"FORSYTH TECH WEST CAMPUS","label":"FORSYTH TECH WEST CAMPUS","precinct_norm":"FORSYTH - 705"},"geometry":{"type":"Point","coordinates":[-80.314259,36.068699]}},{"type":"Feature","properties":{"county_nam":"FORSYTH","prec_id":"706","enr_desc":"SOUTH FORK ELEMENTARY","name":"SOUTH FORK ELEMENTARY","label":"SOUTH FORK ELEMENTARY","precinct_norm":"FORSYTH - 706"},"geometry":{"type":"Point","coordinates":[-80.316413,36.084785]}},{"type":"Feature","properties":{"county_nam":"FORSYTH","prec_id":"708","enr_desc":"LITTLE CREEK RECREATION","name":"LITTLE CREEK RECREATION","label":"LITTLE CREEK RECREATION","precinct_norm":"FORSYTH - 708"},"geometry":{"type":"Point","coordinates":[-80.346839,36.045815]}},{"type":"Feature","properties":{"county_nam":"FORSYTH","prec_id":"709","enr_desc":"WARD ELEMENTARY SCHOOL","name":"WARD ELEMENTARY SCHOOL","label":"WARD ELEMENTARY SCHOOL","precinct_norm":"FORSYTH - 709"},"geometry":{"type":"Point","coordinates":[-80.323179,36.034937]}},{"type":"Feature","properties":{"county_nam":"FORSYTH","prec_id":"801","enr_desc":"POLO PARK RECREATION CTR","name":"POLO PARK RECREATION CTR","label":"POLO PARK RECREATION CTR","precinct_norm":"FORSYTH - 801"},"geometry":{"type":"Point","coordinates":[-80.299349,36.12478]}},{"type":"Feature","properties":{"county_nam":"FORSYTH","prec_id":"804","enr_desc":"SHERWOOD FOREST ELEM SCHOOL","name":"SHERWOOD FOREST ELEM SCHOOL","label":"SHERWOOD FOREST ELEM SCHOOL","precinct_norm":"FORSYTH - 804"},"geometry":{"type":"Point","coordinates":[-80.310177,36.10574]}},{"type":"Feature","properties":{"county_nam":"FORSYTH","prec_id":"805","enr_desc":"MESSIAH MORAVIAN CHURCH","name":"MESSIAH MORAVIAN CHURCH","label":"MESSIAH MORAVIAN CHURCH","precinct_norm":"FORSYTH - 805"},"geometry":{"type":"Point","coordinates":[-80.331246,36.103598]}},{"type":"Feature","properties":{"county_nam":"FORSYTH","prec_id":"806","enr_desc":"TRINITY UNITED METHODIST CHURCH","name":"TRINITY UNITED METHODIST CHURCH","label":"TRINITY UNITED METHODIST CHURCH","precinct_norm":"FORSYTH - 806"},"geometry":{"type":"Point","coordinates":[-80.316693,36.092854]}},{"type":"Feature","properties":{"county_nam":"FORSYTH","prec_id":"807","enr_desc":"CALVARY BAPTIST CHURCH - BOY SCOUT HUT","name":"CALVARY BAPTIST CHURCH - BOY SCOUT HUT","label":"CALVARY BAPTIST CHURCH - BOY SCOUT HUT","precinct_norm":"FORSYTH - 807"},"geometry":{"type":"Point","coordinates":[-80.357157,36.084707]}},{"type":"Feature","properties":{"county_nam":"FORSYTH","prec_id":"808","enr_desc":"W-S FIRST SEVENTH DAY ADVENTIST CHURCH","name":"W-S FIRST SEVENTH DAY ADVENTIST CHURCH","label":"W-S FIRST SEVENTH DAY ADVENTIST CHURCH","precinct_norm":"FORSYTH - 808"},"geometry":{"type":"Point","coordinates":[-80.338802,36.084057]}},{"type":"Feature","properties":{"county_nam":"FORSYTH","prec_id":"809","enr_desc":"JEFFERSON MIDDLE","name":"JEFFERSON MIDDLE","label":"JEFFERSON MIDDLE","precinct_norm":"FORSYTH - 809"},"geometry":{"type":"Point","coordinates":[-80.334165,36.112787]}},{"type":"Feature","properties":{"county_nam":"FORSYTH","prec_id":"901","enr_desc":"REYNOLDS HIGH GIRLS GYM","name":"REYNOLDS HIGH GIRLS GYM","label":"REYNOLDS HIGH GIRLS GYM","precinct_norm":"FORSYTH - 901"},"geometry":{"type":"Point","coordinates":[-80.27026,36.103905]}},{"type":"Feature","properties":{"county_nam":"FORSYTH","prec_id":"907","enr_desc":"ST ANNES EPISCOPAL","name":"ST ANNES EPISCOPAL","label":"ST ANNES EPISCOPAL","precinct_norm":"FORSYTH - 907"},"geometry":{"type":"Point","coordinates":[-80.310596,36.143732]}},{"type":"Feature","properties":{"county_nam":"FORSYTH","prec_id":"908","enr_desc":"OLD TOWN BAPTIST CHURCH","name":"OLD TOWN BAPTIST CHURCH","label":"OLD TOWN BAPTIST CHURCH","precinct_norm":"FORSYTH - 908"},"geometry":{"type":"Point","coordinates":[-80.337275,36.139727]}},{"type":"Feature","properties":{"county_nam":"FORSYTH","prec_id":"909","enr_desc":"OLD TOWN RECREATION CTR","name":"OLD TOWN RECREATION CTR","label":"OLD TOWN RECREATION CTR","precinct_norm":"FORSYTH - 909"},"geometry":{"type":"Point","coordinates":[-80.339204,36.162395]}},{"type":"Feature","properties":{"county_nam":"SURRY","prec_id":"01","enr_desc":"BRYAN","name":"BRYAN","label":"BRYAN","precinct_norm":"SURRY - 01"},"geometry":{"type":"Point","coordinates":[-80.886629,36.413001]}},{"type":"Feature","properties":{"county_nam":"SURRY","prec_id":"04","enr_desc":"DOBSON 3","name":"DOBSON 3","label":"DOBSON 3","precinct_norm":"SURRY - 04"},"geometry":{"type":"Point","coordinates":[-80.706888,36.359776]}},{"type":"Feature","properties":{"county_nam":"SURRY","prec_id":"05","enr_desc":"ELDORA","name":"ELDORA","label":"ELDORA","precinct_norm":"SURRY - 05"},"geometry":{"type":"Point","coordinates":[-80.60311,36.394513]}},{"type":"Feature","properties":{"county_nam":"SURRY","prec_id":"09","enr_desc":"FRANKLIN","name":"FRANKLIN","label":"FRANKLIN","precinct_norm":"SURRY - 09"},"geometry":{"type":"Point","coordinates":[-80.869556,36.488746]}},{"type":"Feature","properties":{"county_nam":"SURRY","prec_id":"10","enr_desc":"LONGHILL","name":"LONGHILL","label":"LONGHILL","precinct_norm":"SURRY - 10"},"geometry":{"type":"Point","coordinates":[-80.537643,36.4134]}},{"type":"Feature","properties":{"county_nam":"SURRY","prec_id":"11","enr_desc":"MARSH","name":"MARSH","label":"MARSH","precinct_norm":"SURRY - 11"},"geometry":{"type":"Point","coordinates":[-80.753559,36.312802]}},{"type":"Feature","properties":{"county_nam":"SURRY","prec_id":"12","enr_desc":"MT AIRY 1","name":"MT AIRY 1","label":"MT AIRY 1","precinct_norm":"SURRY - 12"},"geometry":{"type":"Point","coordinates":[-80.60583,36.493156]}},{"type":"Feature","properties":{"county_nam":"SURRY","prec_id":"15","enr_desc":"MT AIRY 5","name":"MT AIRY 5","label":"MT AIRY 5","precinct_norm":"SURRY - 15"},"geometry":{"type":"Point","coordinates":[-80.555695,36.524729]}},{"type":"Feature","properties":{"county_nam":"SURRY","prec_id":"16","enr_desc":"MT AIRY 6","name":"MT AIRY 6","label":"MT AIRY 6","precinct_norm":"SURRY - 16"},"geometry":{"type":"Point","coordinates":[-80.563378,36.477084]}},{"type":"Feature","properties":{"county_nam":"SURRY","prec_id":"17","enr_desc":"MT AIRY 7","name":"MT AIRY 7","label":"MT AIRY 7","precinct_norm":"SURRY - 17"},"geometry":{"type":"Point","coordinates":[-80.599728,36.456216]}},{"type":"Feature","properties":{"county_nam":"SURRY","prec_id":"18","enr_desc":"MT AIRY 8","name":"MT AIRY 8","label":"MT AIRY 8","precinct_norm":"SURRY - 18"},"geometry":{"type":"Point","coordinates":[-80.653823,36.472434]}},{"type":"Feature","properties":{"county_nam":"SURRY","prec_id":"19","enr_desc":"MT AIRY 9","name":"MT AIRY 9","label":"MT AIRY 9","precinct_norm":"SURRY - 19"},"geometry":{"type":"Point","coordinates":[-80.647815,36.530616]}},{"type":"Feature","properties":{"county_nam":"SURRY","prec_id":"22","enr_desc":"ROCKFORD","name":"ROCKFORD","label":"ROCKFORD","precinct_norm":"SURRY - 22"},"geometry":{"type":"Point","coordinates":[-80.655439,36.301917]}},{"type":"Feature","properties":{"county_nam":"SURRY","prec_id":"23","enr_desc":"SHOALS","name":"SHOALS","label":"SHOALS","precinct_norm":"SURRY - 23"},"geometry":{"type":"Point","coordinates":[-80.490206,36.29837]}},{"type":"Feature","properties":{"county_nam":"SURRY","prec_id":"24","enr_desc":"SILOAM","name":"SILOAM","label":"SILOAM","precinct_norm":"SURRY - 24"},"geometry":{"type":"Point","coordinates":[-80.569093,36.316388]}},{"type":"Feature","properties":{"county_nam":"SURRY","prec_id":"25","enr_desc":"STEWARTS CREEK 1","name":"STEWARTS CREEK 1","label":"STEWARTS CREEK 1","precinct_norm":"SURRY - 25"},"geometry":{"type":"Point","coordinates":[-80.780028,36.50922]}},{"type":"Feature","properties":{"county_nam":"SURRY","prec_id":"26","enr_desc":"STEWARTS CREEK 2","name":"STEWARTS CREEK 2","label":"STEWARTS CREEK 2","precinct_norm":"SURRY - 26"},"geometry":{"type":"Point","coordinates":[-80.706927,36.512598]}},{"type":"Feature","properties":{"county_nam":"SURRY","prec_id":"27","enr_desc":"NORTH WESTFIELD","name":"NORTH WESTFIELD","label":"NORTH WESTFIELD","precinct_norm":"SURRY - 27"},"geometry":{"type":"Point","coordinates":[-80.489499,36.495607]}},{"type":"Feature","properties":{"county_nam":"SURRY","prec_id":"28","enr_desc":"SOUTH WESTFIELD","name":"SOUTH WESTFIELD","label":"SOUTH WESTFIELD","precinct_norm":"SURRY - 28"},"geometry":{"type":"Point","coordinates":[-80.515161,36.457678]}},{"type":"Feature","properties":{"county_nam":"SURRY","prec_id":"29","enr_desc":"DOBSON COMBINED","name":"DOBSON COMBINED","label":"DOBSON COMBINED","precinct_norm":"SURRY - 29"},"geometry":{"type":"Point","coordinates":[-80.72889,36.419922]}},{"type":"Feature","properties":{"county_nam":"SURRY","prec_id":"30","enr_desc":"ELKIN","name":"ELKIN","label":"ELKIN","precinct_norm":"SURRY - 30"},"geometry":{"type":"Point","coordinates":[-80.833252,36.291366]}},{"type":"Feature","properties":{"county_nam":"SURRY","prec_id":"32","enr_desc":"PILOT","name":"PILOT","label":"PILOT","precinct_norm":"SURRY - 32"},"geometry":{"type":"Point","coordinates":[-80.492911,36.380225]}},{"type":"Feature","properties":{"county_nam":"SURRY","prec_id":"34","enr_desc":"MT AIRY COMBINED","name":"MT AIRY COMBINED","label":"MT AIRY COMBINED","precinct_norm":"SURRY - 34"},"geometry":{"type":"Point","coordinates":[-80.604445,36.529]}},{"type":"Feature","properties":{"county_nam":"ORANGE","prec_id":"HN","enr_desc":"Hillsborough North","name":"Hillsborough North","label":"Hillsborough North","precinct_norm":"ORANGE - HN"},"geometry":{"type":"Point","coordinates":[-79.088612,36.109844]}},{"type":"Feature","properties":{"county_nam":"CHATHAM","prec_id":"CRD118","enr_desc":"Crossroads","name":"Crossroads","label":"Crossroads","precinct_norm":"CHATHAM - CRD118"},"geometry":{"type":"Point","coordinates":[-79.475957,35.57684]}},{"type":"Feature","properties":{"county_nam":"CHATHAM","prec_id":"GLD118","enr_desc":"GOLDSTON","name":"GOLDSTON","label":"GOLDSTON","precinct_norm":"CHATHAM - GLD118"},"geometry":{"type":"Point","coordinates":[-79.29568,35.597946]}},{"type":"Feature","properties":{"county_nam":"CURRITUCK","prec_id":"WM","enr_desc":"WEST MOYOCK","name":"WEST MOYOCK","label":"WEST MOYOCK","precinct_norm":"CURRITUCK - WM"},"geometry":{"type":"Point","coordinates":[-76.188113,36.490724]}},{"type":"Feature","properties":{"county_nam":"CURRITUCK","prec_id":"CO","enr_desc":"COINJOCK","name":"COINJOCK","label":"COINJOCK","precinct_norm":"CURRITUCK - CO"},"geometry":{"type":"Point","coordinates":[-75.986177,36.369161]}},{"type":"Feature","properties":{"county_nam":"CHATHAM","prec_id":"MON113","enr_desc":"MONCURE","name":"MONCURE","label":"MONCURE","precinct_norm":"CHATHAM - MON113"},"geometry":{"type":"Point","coordinates":[-79.033506,35.611377]}},{"type":"Feature","properties":{"county_nam":"CURRITUCK","prec_id":"EM","enr_desc":"EAST MOYOCK","name":"EAST MOYOCK","label":"EAST MOYOCK","precinct_norm":"CURRITUCK - EM"},"geometry":{"type":"Point","coordinates":[-76.116168,36.508689]}},{"type":"Feature","properties":{"county_nam":"NEW HANOVER","prec_id":"W33","enr_desc":"W33","name":"W33","label":"W33","precinct_norm":"NEW HANOVER - W33"},"geometry":{"type":"Point","coordinates":[-77.840504,34.202259]}},{"type":"Feature","properties":{"county_nam":"FORSYTH","prec_id":"134","enr_desc":"Grace Baptist Church","name":"Grace Baptist Church","label":"Grace Baptist Church","precinct_norm":"FORSYTH - 134"},"geometry":{"type":"Point","coordinates":[-80.425741,36.143215]}},{"type":"Feature","properties":{"county_nam":"BURKE","prec_id":"0071","enr_desc":"LOWER FORK","name":"LOWER FORK","label":"LOWER FORK","precinct_norm":"BURKE - 0071"},"geometry":{"type":"Point","coordinates":[-81.548139,35.636287]}},{"type":"Feature","properties":{"county_nam":"BURKE","prec_id":"0072","enr_desc":"PILOT MOUNTAIN","name":"PILOT MOUNTAIN","label":"PILOT MOUNTAIN","precinct_norm":"BURKE - 0072"},"geometry":{"type":"Point","coordinates":[-81.762705,35.643184]}},{"type":"Feature","properties":{"county_nam":"WILKES","prec_id":"120A","enr_desc":"ROCK CREEK","name":"ROCK CREEK","label":"ROCK CREEK","precinct_norm":"WILKES - 120A"},"geometry":{"type":"Point","coordinates":[-81.08564,36.241727]}},{"type":"Feature","properties":{"county_nam":"MARTIN","prec_id":"WM1","enr_desc":"WILLIAMSTON 1","name":"WILLIAMSTON 1","label":"WILLIAMSTON 1","precinct_norm":"MARTIN - WM1"},"geometry":{"type":"Point","coordinates":[-77.070648,35.823602]}},{"type":"Feature","properties":{"county_nam":"MARTIN","prec_id":"JMV","enr_desc":"JAMESVILLE","name":"JAMESVILLE","label":"JAMESVILLE","precinct_norm":"MARTIN - JMV"},"geometry":{"type":"Point","coordinates":[-76.899238,35.80735]}},{"type":"Feature","properties":{"county_nam":"MARTIN","prec_id":"GRF","enr_desc":"GRIFFINS","name":"GRIFFINS","label":"GRIFFINS","precinct_norm":"MARTIN - GRF"},"geometry":{"type":"Point","coordinates":[-76.993372,35.740331]}},{"type":"Feature","properties":{"county_nam":"MARTIN","prec_id":"GSN","enr_desc":"GOOSE NEST","name":"GOOSE NEST","label":"GOOSE NEST","precinct_norm":"MARTIN - GSN"},"geometry":{"type":"Point","coordinates":[-77.319409,35.969519]}},{"type":"Feature","properties":{"county_nam":"MARTIN","prec_id":"RBV","enr_desc":"ROBERSONVILLE","name":"ROBERSONVILLE","label":"ROBERSONVILLE","precinct_norm":"MARTIN - RBV"},"geometry":{"type":"Point","coordinates":[-77.275157,35.823858]}},{"type":"Feature","properties":{"county_nam":"MARTIN","prec_id":"HMT","enr_desc":"HAMILTON","name":"HAMILTON","label":"HAMILTON","precinct_norm":"MARTIN - HMT"},"geometry":{"type":"Point","coordinates":[-77.128149,35.918711]}},{"type":"Feature","properties":{"county_nam":"IREDELL","prec_id":"DV1A1A","enr_desc":"DAVIDSON #1A","name":"DAVIDSON #1A","label":"DAVIDSON #1A","precinct_norm":"IREDELL - DV1A1A"},"geometry":{"type":"Point","coordinates":[-80.888434,35.620487]}},{"type":"Feature","properties":{"county_nam":"IREDELL","prec_id":"DV3A","enr_desc":"DAVIDSON #3A","name":"DAVIDSON #3A","label":"DAVIDSON #3A","precinct_norm":"IREDELL - DV3A"},"geometry":{"type":"Point","coordinates":[-80.900823,35.593962]}},{"type":"Feature","properties":{"county_nam":"MOORE","prec_id":"PHB1A","enr_desc":"PINEHURST B1","name":"PINEHURST B1","label":"PINEHURST B1","precinct_norm":"MOORE - PHB1A"},"geometry":{"type":"Point","coordinates":[-79.444668,35.213131]}},{"type":"Feature","properties":{"county_nam":"MOORE","prec_id":"WKWD1","enr_desc":"WEST KNOLLWOOD","name":"WEST KNOLLWOOD","label":"WEST KNOLLWOOD","precinct_norm":"MOORE - WKWD1"},"geometry":{"type":"Point","coordinates":[-79.414394,35.221956]}},{"type":"Feature","properties":{"county_nam":"WAKE","prec_id":"03-02","enr_desc":"03-02","name":"03-02","label":"03-02","precinct_norm":"WAKE - 03-02"},"geometry":{"type":"Point","coordinates":[-78.939275,35.647977]}},{"type":"Feature","properties":{"county_nam":"WAKE","prec_id":"06-12","enr_desc":"06-12","name":"06-12","label":"06-12","precinct_norm":"WAKE - 06-12"},"geometry":{"type":"Point","coordinates":[-78.869736,35.645321]}},{"type":"Feature","properties":{"county_nam":"WAKE","prec_id":"19-23","enr_desc":"19-23","name":"19-23","label":"19-23","precinct_norm":"WAKE - 19-23"},"geometry":{"type":"Point","coordinates":[-78.529847,35.935921]}},{"type":"Feature","properties":{"county_nam":"WAKE","prec_id":"03-01","enr_desc":"03-01","name":"03-01","label":"03-01","precinct_norm":"WAKE - 03-01"},"geometry":{"type":"Point","coordinates":[-78.921971,35.712473]}},{"type":"Feature","properties":{"county_nam":"WAKE","prec_id":"06-11","enr_desc":"06-11","name":"06-11","label":"06-11","precinct_norm":"WAKE - 06-11"},"geometry":{"type":"Point","coordinates":[-78.857168,35.685911]}},{"type":"Feature","properties":{"county_nam":"WAKE","prec_id":"17-15","enr_desc":"17-15","name":"17-15","label":"17-15","precinct_norm":"WAKE - 17-15"},"geometry":{"type":"Point","coordinates":[-78.469941,35.833403]}},{"type":"Feature","properties":{"county_nam":"WAKE","prec_id":"19-22","enr_desc":"19-22","name":"19-22","label":"19-22","precinct_norm":"WAKE - 19-22"},"geometry":{"type":"Point","coordinates":[-78.495768,35.967471]}},{"type":"Feature","properties":{"county_nam":"GASTON","prec_id":"7A","enr_desc":"SOUTH BESSEMER","name":"SOUTH BESSEMER","label":"SOUTH BESSEMER","precinct_norm":"GASTON - 7A"},"geometry":{"type":"Point","coordinates":[-81.286134,35.265033]}},{"type":"Feature","properties":{"county_nam":"GASTON","prec_id":"33A","enr_desc":"NEW HOPE","name":"NEW HOPE","label":"NEW HOPE","precinct_norm":"GASTON - 33A"},"geometry":{"type":"Point","coordinates":[-81.069539,35.197382]}},{"type":"Feature","properties":{"county_nam":"GASTON","prec_id":"34A","enr_desc":"CRAMERTON","name":"CRAMERTON","label":"CRAMERTON","precinct_norm":"GASTON - 34A"},"geometry":{"type":"Point","coordinates":[-81.072463,35.236856]}},{"type":"Feature","properties":{"county_nam":"GASTON","prec_id":"4A","enr_desc":"SOUTH GASTONIA","name":"SOUTH GASTONIA","label":"SOUTH GASTONIA","precinct_norm":"GASTON - 4A"},"geometry":{"type":"Point","coordinates":[-81.192136,35.195119]}},{"type":"Feature","properties":{"county_nam":"GASTON","prec_id":"27A","enr_desc":"GARDNER PARK","name":"GARDNER PARK","label":"GARDNER PARK","precinct_norm":"GASTON - 27A"},"geometry":{"type":"Point","coordinates":[-81.12745,35.256049]}},{"type":"Feature","properties":{"county_nam":"GASTON","prec_id":"36A","enr_desc":"NORTH BELMONT","name":"NORTH BELMONT","label":"NORTH BELMONT","precinct_norm":"GASTON - 36A"},"geometry":{"type":"Point","coordinates":[-81.053959,35.270069]}},{"type":"Feature","properties":{"county_nam":"GASTON","prec_id":"35A","enr_desc":"MCADENVILLE","name":"MCADENVILLE","label":"MCADENVILLE","precinct_norm":"GASTON - 35A"},"geometry":{"type":"Point","coordinates":[-81.072926,35.26908]}},{"type":"Feature","properties":{"county_nam":"GASTON","prec_id":"26A","enr_desc":"LOWELL","name":"LOWELL","label":"LOWELL","precinct_norm":"GASTON - 26A"},"geometry":{"type":"Point","coordinates":[-81.098686,35.269565]}},{"type":"Feature","properties":{"county_nam":"GASTON","prec_id":"37A","enr_desc":"CATAWBA HEIGHTS","name":"CATAWBA HEIGHTS","label":"CATAWBA HEIGHTS","precinct_norm":"GASTON - 37A"},"geometry":{"type":"Point","coordinates":[-81.027547,35.272787]}},{"type":"Feature","properties":{"county_nam":"GASTON","prec_id":"29A","enr_desc":"ASHBROOK","name":"ASHBROOK","label":"ASHBROOK","precinct_norm":"GASTON - 29A"},"geometry":{"type":"Point","coordinates":[-81.136268,35.244238]}},{"type":"Feature","properties":{"county_nam":"GASTON","prec_id":"5A","enr_desc":"FOREST HEIGHTS","name":"FOREST HEIGHTS","label":"FOREST HEIGHTS","precinct_norm":"GASTON - 5A"},"geometry":{"type":"Point","coordinates":[-81.231345,35.211016]}},{"type":"Feature","properties":{"county_nam":"UNION","prec_id":"0044","enr_desc":"0044","name":"0044","label":"0044","precinct_norm":"UNION - 0044"},"geometry":{"type":"Point","coordinates":[-80.772671,34.932185]}},{"type":"Feature","properties":{"county_nam":"UNION","prec_id":"0020A","enr_desc":"0020A","name":"0020A","label":"0020A","precinct_norm":"UNION - 0020A"},"geometry":{"type":"Point","coordinates":[-80.743079,34.926081]}},{"type":"Feature","properties":{"county_nam":"UNION","prec_id":"0030","enr_desc":"030","name":"030","label":"030","precinct_norm":"UNION - 0030"},"geometry":{"type":"Point","coordinates":[-80.578924,35.032769]}},{"type":"Feature","properties":{"county_nam":"UNION","prec_id":"0005","enr_desc":"005","name":"005","label":"005","precinct_norm":"UNION - 0005"},"geometry":{"type":"Point","coordinates":[-80.612039,35.021818]}},{"type":"Feature","properties":{"county_nam":"UNION","prec_id":"0020B","enr_desc":"0020B","name":"0020B","label":"0020B","precinct_norm":"UNION - 0020B"},"geometry":{"type":"Point","coordinates":[-80.727167,34.95425]}},{"type":"Feature","properties":{"county_nam":"UNION","prec_id":"0019","enr_desc":"019","name":"019","label":"019","precinct_norm":"UNION - 0019"},"geometry":{"type":"Point","coordinates":[-80.676054,34.941381]}},{"type":"Feature","properties":{"county_nam":"UNION","prec_id":"0045","enr_desc":"0045","name":"0045","label":"0045","precinct_norm":"UNION - 0045"},"geometry":{"type":"Point","coordinates":[-80.701807,34.96954]}},{"type":"Feature","properties":{"county_nam":"STANLY","prec_id":"0110","enr_desc":"ALBEMARLE 10.1","name":"ALBEMARLE 10.1","label":"ALBEMARLE 10.1","precinct_norm":"STANLY - 0110"},"geometry":{"type":"Point","coordinates":[-80.223524,35.338508]}},{"type":"Feature","properties":{"county_nam":"STANLY","prec_id":"0113","enr_desc":"SOUTH ALBEMARLE 1","name":"SOUTH ALBEMARLE 1","label":"SOUTH ALBEMARLE 1","precinct_norm":"STANLY - 0113"},"geometry":{"type":"Point","coordinates":[-80.192604,35.306945]}},{"type":"Feature","properties":{"county_nam":"STANLY","prec_id":"0107","enr_desc":"ALBEMARLE 7.1","name":"ALBEMARLE 7.1","label":"ALBEMARLE 7.1","precinct_norm":"STANLY - 0107"},"geometry":{"type":"Point","coordinates":[-80.164379,35.354959]}},{"type":"Feature","properties":{"county_nam":"STANLY","prec_id":"0108","enr_desc":"ALBEMARLE 8.1","name":"ALBEMARLE 8.1","label":"ALBEMARLE 8.1","precinct_norm":"STANLY - 0108"},"geometry":{"type":"Point","coordinates":[-80.184224,35.342454]}},{"type":"Feature","properties":{"county_nam":"STANLY","prec_id":"0120","enr_desc":"ALMOND 1","name":"ALMOND 1","label":"ALMOND 1","precinct_norm":"STANLY - 0120"},"geometry":{"type":"Point","coordinates":[-80.328415,35.338285]}},{"type":"Feature","properties":{"county_nam":"PERSON","prec_id":"FLHE","enr_desc":"FLAT RIVER","name":"FLAT RIVER","label":"FLAT RIVER","precinct_norm":"PERSON - FLHE"},"geometry":{"type":"Point","coordinates":[-78.976538,36.290714]}},{"type":"Feature","properties":{"county_nam":"PERSON","prec_id":"RCOB","enr_desc":"ROXBORO CENTRAL","name":"ROXBORO CENTRAL","label":"ROXBORO CENTRAL","precinct_norm":"PERSON - RCOB"},"geometry":{"type":"Point","coordinates":[-79.012535,36.389755]}},{"type":"Feature","properties":{"county_nam":"PERSON","prec_id":"ROXL","enr_desc":"ROXBORO 4","name":"ROXBORO 4","label":"ROXBORO 4","precinct_norm":"PERSON - ROXL"},"geometry":{"type":"Point","coordinates":[-78.950121,36.363376]}},{"type":"Feature","properties":{"county_nam":"DURHAM","prec_id":"30-3","enr_desc":"30-3","name":"30-3","label":"30-3","precinct_norm":"DURHAM - 30-3"},"geometry":{"type":"Point","coordinates":[-78.826001,35.968089]}},{"type":"Feature","properties":{"county_nam":"DURHAM","prec_id":"30-4","enr_desc":"30-4","name":"30-4","label":"30-4","precinct_norm":"DURHAM - 30-4"},"geometry":{"type":"Point","coordinates":[-78.809665,35.955983]}},{"type":"Feature","properties":{"county_nam":"DURHAM","prec_id":"33-1","enr_desc":"33-1","name":"33-1","label":"33-1","precinct_norm":"DURHAM - 33-1"},"geometry":{"type":"Point","coordinates":[-78.840195,35.918206]}},{"type":"Feature","properties":{"county_nam":"DURHAM","prec_id":"33-2","enr_desc":"33-2","name":"33-2","label":"33-2","precinct_norm":"DURHAM - 33-2"},"geometry":{"type":"Point","coordinates":[-78.873392,35.900576]}},{"type":"Feature","properties":{"county_nam":"DURHAM","prec_id":"35-4","enr_desc":"35-4","name":"35-4","label":"35-4","precinct_norm":"DURHAM - 35-4"},"geometry":{"type":"Point","coordinates":[-78.926313,35.884555]}},{"type":"Feature","properties":{"county_nam":"DURHAM","prec_id":"35-5","enr_desc":"35-5","name":"35-5","label":"35-5","precinct_norm":"DURHAM - 35-5"},"geometry":{"type":"Point","coordinates":[-78.901488,35.88928]}},{"type":"Feature","properties":{"county_nam":"DURHAM","prec_id":"56","enr_desc":"56","name":"56","label":"56","precinct_norm":"DURHAM - 56"},"geometry":{"type":"Point","coordinates":[-78.951977,35.939611]}},{"type":"Feature","properties":{"county_nam":"CALDWELL","prec_id":"8","enr_desc":"HIBRITEN","name":"HIBRITEN","label":"HIBRITEN","precinct_norm":"CALDWELL - 8"},"geometry":{"type":"Point","coordinates":[-81.487363,35.931334]}},{"type":"Feature","properties":{"county_nam":"CALDWELL","prec_id":"9","enr_desc":"BATON","name":"BATON","label":"BATON","precinct_norm":"CALDWELL - 9"},"geometry":{"type":"Point","coordinates":[-81.547907,35.809272]}},{"type":"Feature","properties":{"county_nam":"CALDWELL","prec_id":"10","enr_desc":"CAJAHS MOUNTAIN","name":"CAJAHS MOUNTAIN","label":"CAJAHS MOUNTAIN","precinct_norm":"CALDWELL - 10"},"geometry":{"type":"Point","coordinates":[-81.549581,35.846182]}},{"type":"Feature","properties":{"county_nam":"CALDWELL","prec_id":"11","enr_desc":"SAWMILLS","name":"SAWMILLS","label":"SAWMILLS","precinct_norm":"CALDWELL - 11"},"geometry":{"type":"Point","coordinates":[-81.478298,35.809134]}},{"type":"Feature","properties":{"county_nam":"CALDWELL","prec_id":"12","enr_desc":"PATTERSON","name":"PATTERSON","label":"PATTERSON","precinct_norm":"CALDWELL - 12"},"geometry":{"type":"Point","coordinates":[-81.537482,36.038526]}},{"type":"Feature","properties":{"county_nam":"CALDWELL","prec_id":"13","enr_desc":"HUDSON","name":"HUDSON","label":"HUDSON","precinct_norm":"CALDWELL - 13"},"geometry":{"type":"Point","coordinates":[-81.485569,35.847762]}},{"type":"Feature","properties":{"county_nam":"CALDWELL","prec_id":"14","enr_desc":"GRACE CHAPEL","name":"GRACE CHAPEL","label":"GRACE CHAPEL","precinct_norm":"CALDWELL - 14"},"geometry":{"type":"Point","coordinates":[-81.378218,35.800264]}},{"type":"Feature","properties":{"county_nam":"CALDWELL","prec_id":"15","enr_desc":"DUDLEY SHOALS","name":"DUDLEY SHOALS","label":"DUDLEY SHOALS","precinct_norm":"CALDWELL - 15"},"geometry":{"type":"Point","coordinates":[-81.401698,35.833739]}},{"type":"Feature","properties":{"county_nam":"CALDWELL","prec_id":"1","enr_desc":"GAMEWELL","name":"GAMEWELL","label":"GAMEWELL","precinct_norm":"CALDWELL - 1"},"geometry":{"type":"Point","coordinates":[-81.61792,35.871626]}},{"type":"Feature","properties":{"county_nam":"CALDWELL","prec_id":"2","enr_desc":"COLLETTSVILLE","name":"COLLETTSVILLE","label":"COLLETTSVILLE","precinct_norm":"CALDWELL - 2"},"geometry":{"type":"Point","coordinates":[-81.687042,35.991304]}},{"type":"Feature","properties":{"county_nam":"CALDWELL","prec_id":"3","enr_desc":"KINGS CREEK","name":"KINGS CREEK","label":"KINGS CREEK","precinct_norm":"CALDWELL - 3"},"geometry":{"type":"Point","coordinates":[-81.398991,36.008603]}},{"type":"Feature","properties":{"county_nam":"CALDWELL","prec_id":"4","enr_desc":"OAK HILL","name":"OAK HILL","label":"OAK HILL","precinct_norm":"CALDWELL - 4"},"geometry":{"type":"Point","coordinates":[-81.399888,35.911453]}},{"type":"Feature","properties":{"county_nam":"CALDWELL","prec_id":"5","enr_desc":"GRANITE FALLS","name":"GRANITE FALLS","label":"GRANITE FALLS","precinct_norm":"CALDWELL - 5"},"geometry":{"type":"Point","coordinates":[-81.432184,35.787399]}},{"type":"Feature","properties":{"county_nam":"CALDWELL","prec_id":"7","enr_desc":"LENOIR","name":"LENOIR","label":"LENOIR","precinct_norm":"CALDWELL - 7"},"geometry":{"type":"Point","coordinates":[-81.539747,35.889334]}},{"type":"Feature","properties":{"county_nam":"CALDWELL","prec_id":"6","enr_desc":"FREEDMAN","name":"FREEDMAN","label":"FREEDMAN","precinct_norm":"CALDWELL - 6"},"geometry":{"type":"Point","coordinates":[-81.565678,35.9376]}},{"type":"Feature","properties":{"county_nam":"ALAMANCE","prec_id":"03SE","enr_desc":"SOUTH BOONE E","name":"SOUTH BOONE E","label":"SOUTH BOONE E","precinct_norm":"ALAMANCE - 03SE"},"geometry":{"type":"Point","coordinates":[-79.498132,36.06233]}},{"type":"Feature","properties":{"county_nam":"ALAMANCE","prec_id":"03SM","enr_desc":"SOUTH BOONE M","name":"SOUTH BOONE M","label":"SOUTH BOONE M","precinct_norm":"ALAMANCE - 03SM"},"geometry":{"type":"Point","coordinates":[-79.524273,36.060557]}},{"type":"Feature","properties":{"county_nam":"NEW HANOVER","prec_id":"W35","enr_desc":"W35","name":"W35","label":"W35","precinct_norm":"NEW HANOVER - W35"},"geometry":{"type":"Point","coordinates":[-77.894272,34.218079]}},{"type":"Feature","properties":{"county_nam":"NEW HANOVER","prec_id":"W34","enr_desc":"W34","name":"W34","label":"W34","precinct_norm":"NEW HANOVER - W34"},"geometry":{"type":"Point","coordinates":[-77.870156,34.229182]}},{"type":"Feature","properties":{"county_nam":"CHATHAM","prec_id":"ECL109","enr_desc":"East Chapel","name":"East Chapel","label":"East Chapel","precinct_norm":"CHATHAM - ECL109"},"geometry":{"type":"Point","coordinates":[-79.115607,35.827977]}},{"type":"Feature","properties":{"county_nam":"CHATHAM","prec_id":"WCL108","enr_desc":"West Chapel","name":"West Chapel","label":"West Chapel","precinct_norm":"CHATHAM - WCL108"},"geometry":{"type":"Point","coordinates":[-79.175304,35.828823]}},{"type":"Feature","properties":{"county_nam":"CHATHAM","prec_id":"EPP112","enr_desc":"East Pittsboro","name":"East Pittsboro","label":"East Pittsboro","precinct_norm":"CHATHAM - EPP112"},"geometry":{"type":"Point","coordinates":[-79.141939,35.733598]}},{"type":"Feature","properties":{"county_nam":"CHATHAM","prec_id":"WPP114","enr_desc":"West Pittsboro","name":"West Pittsboro","label":"West Pittsboro","precinct_norm":"CHATHAM - WPP114"},"geometry":{"type":"Point","coordinates":[-79.211374,35.726357]}},{"type":"Feature","properties":{"county_nam":"CUMBERLAND","prec_id":"AL51-3","enr_desc":"ALDERMAN3","name":"ALDERMAN3","label":"ALDERMAN3","precinct_norm":"CUMBERLAND - AL51-3"},"geometry":{"type":"Point","coordinates":[-78.893083,34.869403]}},{"type":"Feature","properties":{"county_nam":"CUMBERLAND","prec_id":"AL51-1","enr_desc":"ALDERMAN1","name":"ALDERMAN1","label":"ALDERMAN1","precinct_norm":"CUMBERLAND - AL51-1"},"geometry":{"type":"Point","coordinates":[-78.881652,34.912443]}},{"type":"Feature","properties":{"county_nam":"CUMBERLAND","prec_id":"AL51-2","enr_desc":"ALDERMAN2","name":"ALDERMAN2","label":"ALDERMAN2","precinct_norm":"CUMBERLAND - AL51-2"},"geometry":{"type":"Point","coordinates":[-78.883493,34.892185]}},{"type":"Feature","properties":{"county_nam":"CUMBERLAND","prec_id":"G3A-2C","enr_desc":"PEARCES MILL 2C","name":"PEARCES MILL 2C","label":"PEARCES MILL 2C","precinct_norm":"CUMBERLAND - G3A-2C"},"geometry":{"type":"Point","coordinates":[-78.925441,35.002045]}},{"type":"Feature","properties":{"county_nam":"CUMBERLAND","prec_id":"G9A-3","enr_desc":"HOPE MILLS 3A","name":"HOPE MILLS 3A","label":"HOPE MILLS 3A","precinct_norm":"CUMBERLAND - G9A-3"},"geometry":{"type":"Point","coordinates":[-78.934957,34.973602]}},{"type":"Feature","properties":{"county_nam":"PAMLICO","prec_id":"4BR","enr_desc":"Bay River","name":"Bay River","label":"Bay River","precinct_norm":"PAMLICO - 4BR"},"geometry":{"type":"Point","coordinates":[-76.489979,35.245956]}},{"type":"Feature","properties":{"county_nam":"PAMLICO","prec_id":"3CH","enr_desc":"Courthouse","name":"Courthouse","label":"Courthouse","precinct_norm":"PAMLICO - 3CH"},"geometry":{"type":"Point","coordinates":[-76.693257,35.139639]}},{"type":"Feature","properties":{"county_nam":"PAMLICO","prec_id":"1CR","enr_desc":"Crossroads","name":"Crossroads","label":"Crossroads","precinct_norm":"PAMLICO - 1CR"},"geometry":{"type":"Point","coordinates":[-76.827158,35.149177]}},{"type":"Feature","properties":{"county_nam":"CARTERET","prec_id":"CAPE","enr_desc":"CAPE CARTERET/CEDAR POINT","name":"CAPE CARTERET/CEDAR POINT","label":"CAPE CARTERET/CEDAR POINT","precinct_norm":"CARTERET - CAPE"},"geometry":{"type":"Point","coordinates":[-77.076289,34.693158]}},{"type":"Feature","properties":{"county_nam":"CARTERET","prec_id":"BOGE","enr_desc":"BOGUE","name":"BOGUE","label":"BOGUE","precinct_norm":"CARTERET - BOGE"},"geometry":{"type":"Point","coordinates":[-76.99393,34.72312]}},{"type":"Feature","properties":{"county_nam":"CARTERET","prec_id":"IBPK","enr_desc":"INDIAN BEACH/SALTER PATH/PINE KNOLL","name":"INDIAN BEACH/SALTER PATH/PINE KNOLL","label":"INDIAN BEACH/SALTER PATH/PINE KNOLL","precinct_norm":"CARTERET - IBPK"},"geometry":{"type":"Point","coordinates":[-76.846414,34.677352]}},{"type":"Feature","properties":{"county_nam":"CARTERET","prec_id":"ISLE","enr_desc":"EMERALD ISLE","name":"EMERALD ISLE","label":"EMERALD ISLE","precinct_norm":"CARTERET - ISLE"},"geometry":{"type":"Point","coordinates":[-77.011681,34.650676]}},{"type":"Feature","properties":{"county_nam":"STOKES","prec_id":"150","enr_desc":"Germanton","name":"Germanton","label":"Germanton","precinct_norm":"STOKES - 150"},"geometry":{"type":"Point","coordinates":[-80.235876,36.295033]}},{"type":"Feature","properties":{"county_nam":"STOKES","prec_id":"140","enr_desc":"Wilson ST.","name":"Wilson ST.","label":"Wilson ST.","precinct_norm":"STOKES - 140"},"geometry":{"type":"Point","coordinates":[-80.218049,36.354739]}},{"type":"Feature","properties":{"county_nam":"WILKES","prec_id":"123A","enr_desc":"TRAPHILL","name":"TRAPHILL","label":"TRAPHILL","precinct_norm":"WILKES - 123A"},"geometry":{"type":"Point","coordinates":[-80.993536,36.364028]}},{"type":"Feature","properties":{"county_nam":"VANCE","prec_id":"CH","enr_desc":"Central Henderson","name":"Central Henderson","label":"Central Henderson","precinct_norm":"VANCE - CH"},"geometry":{"type":"Point","coordinates":[-78.400364,36.330707]}},{"type":"Feature","properties":{"county_nam":"VANCE","prec_id":"SH","enr_desc":"South Henderson","name":"South Henderson","label":"South Henderson","precinct_norm":"VANCE - SH"},"geometry":{"type":"Point","coordinates":[-78.417884,36.300638]}},{"type":"Feature","properties":{"county_nam":"GASTON","prec_id":"1A","enr_desc":"YORK CHESTER","name":"YORK CHESTER","label":"YORK CHESTER","precinct_norm":"GASTON - 1A"},"geometry":{"type":"Point","coordinates":[-81.18228,35.251933]}},{"type":"Feature","properties":{"county_nam":"GASTON","prec_id":"2A","enr_desc":"VICTORY RIDGE","name":"VICTORY RIDGE","label":"VICTORY RIDGE","precinct_norm":"GASTON - 2A"},"geometry":{"type":"Point","coordinates":[-81.198186,35.24512]}},{"type":"Feature","properties":{"county_nam":"GASTON","prec_id":"15A","enr_desc":"MYRTLE","name":"MYRTLE","label":"MYRTLE","precinct_norm":"GASTON - 15A"},"geometry":{"type":"Point","coordinates":[-81.222725,35.281154]}},{"type":"Feature","properties":{"county_nam":"GASTON","prec_id":"16A","enr_desc":"HIGHLAND HILL","name":"HIGHLAND HILL","label":"HIGHLAND HILL","precinct_norm":"GASTON - 16A"},"geometry":{"type":"Point","coordinates":[-81.177979,35.280781]}},{"type":"Feature","properties":{"county_nam":"GASTON","prec_id":"28A","enr_desc":"GARRISON","name":"GARRISON","label":"GARRISON","precinct_norm":"GASTON - 28A"},"geometry":{"type":"Point","coordinates":[-81.158869,35.25448]}},{"type":"Feature","properties":{"county_nam":"GASTON","prec_id":"10A","enr_desc":"SOUTH CHERRYVILLE","name":"SOUTH CHERRYVILLE","label":"SOUTH CHERRYVILLE","precinct_norm":"GASTON - 10A"},"geometry":{"type":"Point","coordinates":[-81.363935,35.372683]}},{"type":"Feature","properties":{"county_nam":"DUPLIN","prec_id":"WLLC","enr_desc":"WALLACE","name":"WALLACE","label":"WALLACE","precinct_norm":"DUPLIN - WLLC"},"geometry":{"type":"Point","coordinates":[-78.062782,34.770582]}},{"type":"Feature","properties":{"county_nam":"HAYWOOD","prec_id":"BE1","enr_desc":"Beaverdam 1","name":"Beaverdam 1","label":"Beaverdam 1","precinct_norm":"HAYWOOD - BE1"},"geometry":{"type":"Point","coordinates":[-82.853528,35.525926]}},{"type":"Feature","properties":{"county_nam":"HAYWOOD","prec_id":"CLN","enr_desc":"CLYDE NORTH","name":"CLYDE NORTH","label":"CLYDE NORTH","precinct_norm":"HAYWOOD - CLN"},"geometry":{"type":"Point","coordinates":[-82.917213,35.551662]}},{"type":"Feature","properties":{"county_nam":"TRANSYLVANIA","prec_id":"CC.1","enr_desc":"CATHEYS CREEK","name":"CATHEYS CREEK","label":"CATHEYS CREEK","precinct_norm":"TRANSYLVANIA - CC.1"},"geometry":{"type":"Point","coordinates":[-82.788707,35.204902]}},{"type":"Feature","properties":{"county_nam":"TRANSYLVANIA","prec_id":"RE.1","enr_desc":"ROSMAN EASTATOE","name":"ROSMAN EASTATOE","label":"ROSMAN EASTATOE","precinct_norm":"TRANSYLVANIA - RE.1"},"geometry":{"type":"Point","coordinates":[-82.841621,35.112245]}},{"type":"Feature","properties":{"county_nam":"CHATHAM","prec_id":"42","enr_desc":"Jordan Lake","name":"Jordan Lake","label":"Jordan Lake","precinct_norm":"CHATHAM - 42"},"geometry":{"type":"Point","coordinates":[-79.026954,35.727125]}},{"type":"Feature","properties":{"county_nam":"COLUMBUS","prec_id":"P117","enr_desc":"Bogue Creek","name":"Bogue Creek","label":"Bogue Creek","precinct_norm":"COLUMBUS - P117"},"geometry":{"type":"Point","coordinates":[-78.608738,34.315384]}},{"type":"Feature","properties":{"county_nam":"COLUMBUS","prec_id":"P534","enr_desc":"Nakina Hill","name":"Nakina Hill","label":"Nakina Hill","precinct_norm":"COLUMBUS - P534"},"geometry":{"type":"Point","coordinates":[-78.689064,34.069922]}},{"type":"Feature","properties":{"county_nam":"COLUMBUS","prec_id":"P121","enr_desc":"Lees","name":"Lees","label":"Lees","precinct_norm":"COLUMBUS - P121"},"geometry":{"type":"Point","coordinates":[-78.515154,34.173169]}},{"type":"Feature","properties":{"county_nam":"COLUMBUS","prec_id":"P245","enr_desc":"Williams","name":"Williams","label":"Williams","precinct_norm":"COLUMBUS - P245"},"geometry":{"type":"Point","coordinates":[-78.782186,34.174689]}},{"type":"Feature","properties":{"county_nam":"COLUMBUS","prec_id":"P223","enr_desc":"Whiteville Mid","name":"Whiteville Mid","label":"Whiteville Mid","precinct_norm":"COLUMBUS - P223"},"geometry":{"type":"Point","coordinates":[-78.761675,34.341779]}},{"type":"Feature","properties":{"county_nam":"HARNETT","prec_id":"PR33","enr_desc":"Barbecue/Benhaven","name":"Barbecue/Benhaven","label":"Barbecue/Benhaven","precinct_norm":"HARNETT - PR33"},"geometry":{"type":"Point","coordinates":[-79.034089,35.341756]}},{"type":"Feature","properties":{"county_nam":"HARNETT","prec_id":"PR37","enr_desc":"Johnsonville","name":"Johnsonville","label":"Johnsonville","precinct_norm":"HARNETT - PR37"},"geometry":{"type":"Point","coordinates":[-79.144476,35.28532]}},{"type":"Feature","properties":{"county_nam":"HARNETT","prec_id":"PR35","enr_desc":"Anderson Creek/Flatbranch","name":"Anderson Creek/Flatbranch","label":"Anderson Creek/Flatbranch","precinct_norm":"HARNETT - PR35"},"geometry":{"type":"Point","coordinates":[-78.905231,35.293286]}},{"type":"Feature","properties":{"county_nam":"HARNETT","prec_id":"PR38","enr_desc":"Stewarts Creek","name":"Stewarts Creek","label":"Stewarts Creek","precinct_norm":"HARNETT - PR38"},"geometry":{"type":"Point","coordinates":[-78.771487,35.295855]}},{"type":"Feature","properties":{"county_nam":"HARNETT","prec_id":"PR39","enr_desc":"Central Harnett Lillington","name":"Central Harnett Lillington","label":"Central Harnett Lillington","precinct_norm":"HARNETT - PR39"},"geometry":{"type":"Point","coordinates":[-78.804919,35.371162]}},{"type":"Feature","properties":{"county_nam":"HARNETT","prec_id":"PR34","enr_desc":"Barbecue/Spout Springs","name":"Barbecue/Spout Springs","label":"Barbecue/Spout Springs","precinct_norm":"HARNETT - PR34"},"geometry":{"type":"Point","coordinates":[-79.029535,35.275362]}},{"type":"Feature","properties":{"county_nam":"HARNETT","prec_id":"PR36","enr_desc":"Anderson Creek/Overhills","name":"Anderson Creek/Overhills","label":"Anderson Creek/Overhills","precinct_norm":"HARNETT - PR36"},"geometry":{"type":"Point","coordinates":[-78.962895,35.25409]}},{"type":"Feature","properties":{"county_nam":"WAKE","prec_id":"20-20","enr_desc":"20-20","name":"20-20","label":"20-20","precinct_norm":"WAKE - 20-20"},"geometry":{"type":"Point","coordinates":[-78.902553,35.783136]}},{"type":"Feature","properties":{"county_nam":"WAKE","prec_id":"20-19","enr_desc":"20-19","name":"20-19","label":"20-19","precinct_norm":"WAKE - 20-19"},"geometry":{"type":"Point","coordinates":[-78.907608,35.81084]}},{"type":"Feature","properties":{"county_nam":"WAKE","prec_id":"20-18","enr_desc":"20-18","name":"20-18","label":"20-18","precinct_norm":"WAKE - 20-18"},"geometry":{"type":"Point","coordinates":[-78.884879,35.831872]}},{"type":"Feature","properties":{"county_nam":"WAKE","prec_id":"19-24","enr_desc":"19-24","name":"19-24","label":"19-24","precinct_norm":"WAKE - 19-24"},"geometry":{"type":"Point","coordinates":[-78.498525,35.941317]}},{"type":"Feature","properties":{"county_nam":"WAKE","prec_id":"19-25","enr_desc":"19-25","name":"19-25","label":"19-25","precinct_norm":"WAKE - 19-25"},"geometry":{"type":"Point","coordinates":[-78.474014,35.932999]}},{"type":"Feature","properties":{"county_nam":"WAKE","prec_id":"17-17","enr_desc":"17-17","name":"17-17","label":"17-17","precinct_norm":"WAKE - 17-17"},"geometry":{"type":"Point","coordinates":[-78.516077,35.839663]}},{"type":"Feature","properties":{"county_nam":"WAKE","prec_id":"17-16","enr_desc":"17-16","name":"17-16","label":"17-16","precinct_norm":"WAKE - 17-16"},"geometry":{"type":"Point","coordinates":[-78.511988,35.816577]}},{"type":"Feature","properties":{"county_nam":"WAKE","prec_id":"13-13","enr_desc":"13-13","name":"13-13","label":"13-13","precinct_norm":"WAKE - 13-13"},"geometry":{"type":"Point","coordinates":[-78.540973,35.85749]}},{"type":"Feature","properties":{"county_nam":"WAKE","prec_id":"13-12","enr_desc":"13-12","name":"13-12","label":"13-12","precinct_norm":"WAKE - 13-12"},"geometry":{"type":"Point","coordinates":[-78.568065,35.849012]}},{"type":"Feature","properties":{"county_nam":"WAKE","prec_id":"12-12","enr_desc":"12-12","name":"12-12","label":"12-12","precinct_norm":"WAKE - 12-12"},"geometry":{"type":"Point","coordinates":[-78.752469,35.619858]}},{"type":"Feature","properties":{"county_nam":"WAKE","prec_id":"12-13","enr_desc":"12-13","name":"12-13","label":"12-13","precinct_norm":"WAKE - 12-13"},"geometry":{"type":"Point","coordinates":[-78.755404,35.597926]}},{"type":"Feature","properties":{"county_nam":"WAKE","prec_id":"05-09","enr_desc":"05-09","name":"05-09","label":"05-09","precinct_norm":"WAKE - 05-09"},"geometry":{"type":"Point","coordinates":[-78.843534,35.830647]}},{"type":"Feature","properties":{"county_nam":"WAKE","prec_id":"05-10","enr_desc":"05-10","name":"05-10","label":"05-10","precinct_norm":"WAKE - 05-10"},"geometry":{"type":"Point","coordinates":[-78.867824,35.843931]}},{"type":"Feature","properties":{"county_nam":"PENDER","prec_id":"PL18","enr_desc":"Penderlea","name":"Penderlea","label":"Penderlea","precinct_norm":"PENDER - PL18"},"geometry":{"type":"Point","coordinates":[-77.98145,34.65612]}},{"type":"Feature","properties":{"county_nam":"PENDER","prec_id":"BW01","enr_desc":"Burgaw","name":"Burgaw","label":"Burgaw","precinct_norm":"PENDER - BW01"},"geometry":{"type":"Point","coordinates":[-77.928151,34.565016]}},{"type":"Feature","properties":{"county_nam":"PENDER","prec_id":"RP21","enr_desc":"Rocky Point","name":"Rocky Point","label":"Rocky Point","precinct_norm":"PENDER - RP21"},"geometry":{"type":"Point","coordinates":[-77.952039,34.47453]}},{"type":"Feature","properties":{"county_nam":"PENDER","prec_id":"MC07","enr_desc":"Malpass Corner","name":"Malpass Corner","label":"Malpass Corner","precinct_norm":"PENDER - MC07"},"geometry":{"type":"Point","coordinates":[-78.114174,34.455307]}}]}
