sbe_precinct_id,onemap_precinct_id,vap_weight,block_count,src_vap_total,share
ALAMANCE - 01,ALAMANCE - 01,4066,98,4068,0.9995083579154376
ALAMANCE - 01,ALAMANCE - 02,2,2,4068,0.0004916420845624386
ALAMANCE - 01,RANDOLPH - LB,0,4,4068,0.0
ALAMANCE - 02,ALAMANCE - 02,3764,134,3828,0.9832810867293625
ALAMANCE - 02,ALAMANCE - 07,64,7,3828,0.01671891327063741
ALAMANCE - 035,ALAMANCE - 035,7036,132,7036,1.0
ALAMANCE - 03C,ALAMANCE - 03C,2159,72,2159,1.0
ALAMANCE - 03N,ALAMANCE - 03N,5006,94,5889,0.8500594328408898
ALAMANCE - 03N,ALAMANCE - 03N2,791,12,5889,0.13431822041093563
ALAMANCE - 03N,ALAMANCE - 03C,87,2,5889,0.014773306164034642
ALAMANCE - 03N,ALAMANCE - 03W,5,1,5889,0.0008490405841399219
ALAMANCE - 03S,ALAMANCE - 03SE,4636,121,8160,0.5681372549019608
ALAMANCE - 03S,ALAMANCE - 03SM,3524,70,8160,0.43186274509803924
ALAMANCE - 03S,ALAMANCE - 129,0,3,8160,0.0
ALAMANCE - 03W,ALAMANCE - 03W,3106,79,3112,0.9980719794344473
ALAMANCE - 03W,ALAMANCE - 035,6,2,3112,0.0019280205655526992
ALAMANCE - 03W,GUILFORD - GIB,0,1,3112,0.0
ALAMANCE - 04,ALAMANCE - 04,4302,126,4302,1.0
ALAMANCE - 04,ALAMANCE - 05,0,1,4302,0.0
ALAMANCE - 04,CASWELL - STON,0,8,4302,0.0
ALAMANCE - 04,GUILFORD - SWASH,0,1,4302,0.0
ALAMANCE - 05,ALAMANCE - 05,2756,101,2761,0.9981890619340819
ALAMANCE - 05,ALAMANCE - 04,5,2,2761,0.0018109380659181455
ALAMANCE - 05,ALAMANCE - 11,0,1,2761,0.0
ALAMANCE - 05,CASWELL - ANDE,0,1,2761,0.0
ALAMANCE - 05,CASWELL - STON,0,1,2761,0.0
ALAMANCE - 063,ALAMANCE - 063,3561,78,3561,1.0
ALAMANCE - 064,ALAMANCE - 064,4952,103,4952,1.0
ALAMANCE - 06E,ALAMANCE - 06E,3169,86,3169,1.0
ALAMANCE - 06N,ALAMANCE - 06N,3587,118,3598,0.9969427459699833
ALAMANCE - 06N,ALAMANCE - 13,11,1,3598,0.003057254030016676
ALAMANCE - 06N,ALAMANCE - 063,0,1,3598,0.0
ALAMANCE - 06S,ALAMANCE - 06S,3986,107,3986,1.0
ALAMANCE - 06W,ALAMANCE - 06W,1573,36,1573,1.0
ALAMANCE - 07,ALAMANCE - 07,3411,60,3411,1.0
ALAMANCE - 08N,ALAMANCE - 08N,3284,58,3284,1.0
ALAMANCE - 08N,ALAMANCE - 07,0,1,3284,0.0
ALAMANCE - 08S,ALAMANCE - 08S,1647,64,1647,1.0
ALAMANCE - 09N,ALAMANCE - 09N,2596,73,2596,1.0
ALAMANCE - 09S,ALAMANCE - 09S,5196,100,5204,0.9984627209838586
ALAMANCE - 09S,ORANGE - OG,5,3,5204,0.0009607993850883935
ALAMANCE - 09S,ORANGE - WC,3,4,5204,0.0005764796310530361
ALAMANCE - 103,ALAMANCE - 103,3551,91,3551,1.0
ALAMANCE - 103,ALAMANCE - 06S,0,1,3551,0.0
ALAMANCE - 10N,ALAMANCE - 10N,3699,123,3699,1.0
ALAMANCE - 10N,ALAMANCE - 13,0,3,3699,0.0
ALAMANCE - 10S,ALAMANCE - 10S1,6835,121,9294,0.7354207015278674
ALAMANCE - 10S,ALAMANCE - 104,2459,76,9294,0.2645792984721326
ALAMANCE - 10S,ORANGE - CX,0,5,9294,0.0
ALAMANCE - 11,ALAMANCE - 11,3474,66,3517,0.9877736707421098
ALAMANCE - 11,ORANGE - CA,27,3,3517,0.007676997441000853
ALAMANCE - 11,CASWELL - ANDE,16,9,3517,0.004549331816889394
ALAMANCE - 11,CASWELL - PH,0,1,3517,0.0
ALAMANCE - 1210,ALAMANCE - 1210,2413,38,2413,1.0
ALAMANCE - 124,ALAMANCE - 124,1991,61,1991,1.0
ALAMANCE - 124,ALAMANCE - 03C,0,2,1991,0.0
ALAMANCE - 125,ALAMANCE - 125,2415,61,2415,1.0
ALAMANCE - 126,ALAMANCE - 126,1682,38,1682,1.0
ALAMANCE - 127,ALAMANCE - 127,5610,144,5610,1.0
ALAMANCE - 127,ALAMANCE - 035,0,4,5610,0.0
ALAMANCE - 128,ALAMANCE - 128,2815,84,2815,1.0
ALAMANCE - 129,ALAMANCE - 129,1932,72,1932,1.0
ALAMANCE - 129,ALAMANCE - 03SE,0,1,1932,0.0
ALAMANCE - 12E,ALAMANCE - 12E,2632,98,2632,1.0
ALAMANCE - 12N,ALAMANCE - 12N,4789,127,4789,1.0
ALAMANCE - 12S,ALAMANCE - 12S,1956,68,1956,1.0
ALAMANCE - 12W,ALAMANCE - 12W,2289,98,2289,1.0
ALAMANCE - 13,ALAMANCE - 13,4663,224,4959,0.9403105464811454
ALAMANCE - 13,ALAMANCE - 11,269,8,4959,0.05424480742085098
ALAMANCE - 13,ALAMANCE - 06E,14,4,4959,0.0028231498285944748
ALAMANCE - 13,ALAMANCE - 063,13,3,4959,0.002621496269409155
ALAMANCE - 13,ALAMANCE - 10N,0,3,4959,0.0
ALEXANDER - B1,ALEXANDER - B1,3088,73,3088,1.0
ALEXANDER - B2,ALEXANDER - B2,3594,63,3594,1.0
ALEXANDER - E,ALEXANDER - E,2563,87,2563,1.0
ALEXANDER - G1,ALEXANDER - G1G2,738,73,738,1.0
ALEXANDER - G1,IREDELL - NH,0,1,738,0.0
ALEXANDER - G2,ALEXANDER - G1G2,957,39,961,0.9958376690946931
ALEXANDER - G2,IREDELL - SB,4,2,961,0.004162330905306972
ALEXANDER - G2,IREDELL - NH,0,1,961,0.0
ALEXANDER - LR,ALEXANDER - LRSL,1160,51,1160,1.0
ALEXANDER - M,ALEXANDER - M,1998,42,1998,1.0
ALEXANDER - S1,ALEXANDER - S1S2,2330,87,2330,1.0
ALEXANDER - S2,ALEXANDER - S1S2,990,37,990,1.0
ALEXANDER - SL,ALEXANDER - LRSL,906,41,906,1.0
ALEXANDER - T1,ALEXANDER - T1T4T5,3065,56,3065,1.0
ALEXANDER - T2,ALEXANDER - T2T3,1736,83,1736,1.0
ALEXANDER - T3,ALEXANDER - T2T3,1479,60,1479,1.0
ALEXANDER - T4,ALEXANDER - T1T4T5,1773,49,1773,1.0
ALEXANDER - T5,ALEXANDER - T1T4T5,1019,44,1019,1.0
ALEXANDER - W,ALEXANDER - W,1835,32,1835,1.0
ALLEGHANY - CHLANE,ALLEGHANY - 01,1304,118,1344,0.9702380952380952
ALLEGHANY - CHLANE,ALLEGHANY - 03A,37,6,1344,0.027529761904761904
ALLEGHANY - CHLANE,WILKES - 123A,3,2,1344,0.002232142857142857
ALLEGHANY - CRANB,ALLEGHANY - 06A,350,48,350,1.0
ALLEGHANY - CRANB,ASHE - 15,0,2,350,0.0
ALLEGHANY - GAPC,ALLEGHANY - 03A,3452,196,3452,1.0
ALLEGHANY - GAPC,ALLEGHANY - 06A,0,1,3452,0.0
ALLEGHANY - GLACK,ALLEGHANY - 04,1602,97,1602,1.0
ALLEGHANY - PINCK,ALLEGHANY - 06A,760,97,760,1.0
ALLEGHANY - PINCK,ASHE - 11,0,2,760,0.0
ALLEGHANY - PRACK,ALLEGHANY - 06A,660,74,660,1.0
ALLEGHANY - PRACK,ASHE - 11,0,1,660,0.0
ALLEGHANY - WHEAD,ALLEGHANY - 03A,750,57,755,0.9933774834437086
ALLEGHANY - WHEAD,WILKES - 126,5,3,755,0.006622516556291391
ANSON - ANS,ANSON - ANS,1085,140,1103,0.9836808703535811
ANSON - ANS,ANSON - LILE,15,3,1103,0.013599274705349048
ANSON - ANS,ANSON - WADES,3,3,1103,0.0027198549410698096
ANSON - BURN,ANSON - BURN,1383,99,1383,1.0
ANSON - GULL,ANSON - GULL,1065,73,1311,0.8123569794050344
ANSON - GULL,ANSON - WADES,217,13,1311,0.16552250190694126
ANSON - GULL,ANSON - MM,27,2,1311,0.020594965675057208
ANSON - GULL,ANSON - WS,2,1,1311,0.0015255530129672007
ANSON - LILE,ANSON - LILE,2235,226,2284,0.9785464098073555
ANSON - LILE,ANSON - WADES,49,5,2284,0.021453590192644482
ANSON - MM,ANSON - MM,1167,121,1213,0.9620774938169827
ANSON - MM,ANSON - LILE,46,7,1213,0.03792250618301731
ANSON - PEAC,ANSON - PEAC,1381,128,1403,0.9843193157519601
ANSON - PEAC,UNION - 036,13,4,1403,0.009265858873841768
ANSON - PEAC,ANSON - POLK,9,1,1403,0.006414825374198147
ANSON - POLK,ANSON - WADES,1381,9,2499,0.5526210484193678
ANSON - POLK,ANSON - POLK,1094,82,2499,0.4377751100440176
ANSON - POLK,ANSON - ANS,24,1,2499,0.009603841536614645
ANSON - W1,ANSON - WADES,1768,124,1795,0.984958217270195
ANSON - W1,ANSON - POLK,27,1,1795,0.015041782729805013
ANSON - W1,ANSON - ANS,0,1,1795,0.0
ANSON - W2,ANSON - WADES,2017,94,2017,1.0
ANSON - W3,ANSON - WADES,2488,103,2488,1.0
ANSON - WS,ANSON - WS,362,73,362,1.0
ASHE - 10,ASHE - 10,299,7,359,0.8328690807799443
ASHE - 10,ASHE - 18,37,3,359,0.10306406685236769
ASHE - 10,ASHE - 07,23,2,359,0.06406685236768803
ASHE - 11,ASHE - 11,2160,112,2333,0.9258465495070725
ASHE - 11,ASHE - 09,152,9,2333,0.06515216459494214
ASHE - 11,ASHE - 17,14,3,2333,0.006000857265323617
ASHE - 11,ASHE - 06,5,1,2333,0.0021431633090441492
ASHE - 11,ALLEGHANY - 06A,2,1,2333,0.0008572653236176596
ASHE - 11,ASHE - 02,0,3,2333,0.0
ASHE - 12,ASHE - 12,736,24,736,1.0
ASHE - 13,ASHE - 13,1079,67,1224,0.8815359477124183
ASHE - 13,ASHE - 20,90,20,1224,0.07352941176470588
ASHE - 13,ASHE - 09,55,11,1224,0.04493464052287582
ASHE - 14,ASHE - 14,1874,74,2083,0.899663946231397
ASHE - 14,ASHE - 16,143,10,2083,0.06865098415746519
ASHE - 14,ASHE - 04,54,5,2083,0.025924147863658185
ASHE - 14,ASHE - 20,12,4,2083,0.005760921747479597
ASHE - 15,ASHE - 15,986,68,1082,0.911275415896488
ASHE - 15,ASHE - 09,80,7,1082,0.07393715341959335
ASHE - 15,ALLEGHANY - 06A,6,8,1082,0.005545286506469501
ASHE - 15,WILKES - 125,6,1,1082,0.005545286506469501
ASHE - 15,ASHE - 13,4,4,1082,0.0036968576709796672
ASHE - 16,ASHE - 16,1924,96,1997,0.9634451677516275
ASHE - 16,ASHE - 20,40,6,1997,0.020030045067601403
ASHE - 16,ASHE - 13,17,2,1997,0.008512769153730596
ASHE - 16,ASHE - 14,16,1,1997,0.00801201802704056
ASHE - 16,ASHE - 04,0,2,1997,0.0
ASHE - 17,ASHE - 17,617,22,658,0.9376899696048632
ASHE - 17,ASHE - 06,17,2,658,0.025835866261398176
ASHE - 17,ASHE - 11,17,2,658,0.025835866261398176
ASHE - 17,ASHE - 07,7,2,658,0.010638297872340425
ASHE - 18,ASHE - 18,158,16,217,0.728110599078341
ASHE - 18,ASHE - 07,55,4,217,0.2534562211981567
ASHE - 18,ASHE - 10,4,4,217,0.018433179723502304
ASHE - 2,ASHE - 02,1303,36,1515,0.86006600660066
ASHE - 2,ASHE - 20,134,3,1515,0.08844884488448845
ASHE - 2,ASHE - 17,78,13,1515,0.05148514851485148
ASHE - 20,ASHE - 20,3086,166,3566,0.8653954010095345
ASHE - 20,ASHE - 14,445,11,3566,0.1247896803140774
ASHE - 20,ASHE - 16,35,2,3566,0.00981491867638811
ASHE - 20,ASHE - 09,0,2,3566,0.0
ASHE - 3,ASHE - 03,465,23,486,0.9567901234567902
ASHE - 3,ASHE - 02,17,4,486,0.03497942386831276
ASHE - 3,ASHE - 20,3,1,486,0.006172839506172839
ASHE - 3,ASHE - 10,1,1,486,0.00205761316872428
ASHE - 3,ASHE - 12,0,2,486,0.0
ASHE - 4,ASHE - 04,428,32,493,0.8681541582150102
ASHE - 4,ASHE - 14,48,3,493,0.0973630831643002
ASHE - 4,ASHE - 03,17,2,493,0.034482758620689655
ASHE - 6,ASHE - 06,516,27,569,0.9068541300527241
ASHE - 6,ASHE - 11,53,11,569,0.09314586994727592
ASHE - 7,ASHE - 07,293,18,460,0.6369565217391304
ASHE - 7,ASHE - 17,130,5,460,0.2826086956521739
ASHE - 7,ASHE - 02,37,2,460,0.08043478260869565
ASHE - 8,ASHE - 08,226,20,378,0.5978835978835979
ASHE - 8,ASHE - 07,92,5,378,0.24338624338624337
ASHE - 8,ASHE - 17,60,1,378,0.15873015873015872
ASHE - 8,ASHE - 06,0,1,378,0.0
ASHE - 9,ASHE - 09,3633,131,3830,0.9485639686684073
ASHE - 9,ASHE - 20,106,7,3830,0.027676240208877285
ASHE - 9,ASHE - 11,91,5,3830,0.023759791122715406
AVERY - 1,AVERY - 01,896,59,896,1.0
AVERY - 1,AVERY - 16,0,1,896,0.0
AVERY - 10,AVERY - 10,2675,34,2675,1.0
AVERY - 11,AVERY - 11,565,73,649,0.8705701078582434
AVERY - 11,AVERY - 02,72,5,649,0.11093990755007704
AVERY - 11,AVERY - 13,12,1,649,0.01848998459167951
AVERY - 12,AVERY - 12,309,12,332,0.9307228915662651
AVERY - 12,AVERY - 07,23,1,332,0.06927710843373494
AVERY - 13,AVERY - 13,515,20,515,1.0
AVERY - 14,AVERY - 14,926,52,926,1.0
AVERY - 15,AVERY - 15,837,58,837,1.0
AVERY - 16,AVERY - 16,1371,109,1387,0.9884643114635905
AVERY - 16,AVERY - 01,16,3,1387,0.011535688536409516
AVERY - 17,AVERY - 17,527,26,527,1.0
AVERY - 18,AVERY - 18,360,22,360,1.0
AVERY - 19,AVERY - 19,364,20,364,1.0
AVERY - 2,AVERY - 02,2805,219,2810,0.998220640569395
AVERY - 2,AVERY - 03,5,1,2810,0.0017793594306049821
AVERY - 3,AVERY - 03,490,38,490,1.0
AVERY - 4,AVERY - 04,120,46,124,0.967741935483871
AVERY - 4,CALDWELL - 2,4,1,124,0.03225806451612903
AVERY - 5,AVERY - 05,387,22,387,1.0
AVERY - 6,AVERY - 06,981,67,1004,0.9770916334661355
AVERY - 6,AVERY - 05,23,5,1004,0.022908366533864542
AVERY - 7,AVERY - 07,200,8,200,1.0
AVERY - 8,AVERY - 08,268,23,268,1.0
AVERY - 9,AVERY - 09,355,17,355,1.0
BEAUFORT - AUROR,BEAUFORT - AUROR,1079,205,1079,1.0
BEAUFORT - BEADM,BEAUFORT - BEADM,1885,57,1891,0.9968270756213644
BEAUFORT - BEADM,BEAUFORT - WASH4,6,1,1891,0.0031729243786356425
BEAUFORT - BELH,BEAUFORT - BELHV,1639,133,1639,1.0
BEAUFORT - BELH,BEAUFORT - NCRK,0,2,1639,0.0
BEAUFORT - BLCK,BEAUFORT - BLCK,861,83,861,1.0
BEAUFORT - CHOCO,BEAUFORT - CHOCO,4281,205,4281,1.0
BEAUFORT - EDWAR,BEAUFORT - EDWAR,1043,137,1043,1.0
BEAUFORT - GILEAD,BEAUFORT - GILEA,2035,45,2035,1.0
BEAUFORT - HB,BEAUFORT - HB,854,58,854,1.0
BEAUFORT - HB,BEAUFORT - NCRK,0,1,854,0.0
BEAUFORT - NCRK,BEAUFORT - NCRK,1364,94,1364,1.0
BEAUFORT - OLDF,BEAUFORT - OLDF,1583,62,1583,1.0
BEAUFORT - PANTE,BEAUFORT - PANTE,1246,88,1246,1.0
BEAUFORT - PINET,BEAUFORT - PINET,927,110,927,1.0
BEAUFORT - PSJW3,BEAUFORT - PSJW3,1568,73,1568,1.0
BEAUFORT - RVRD,BEAUFORT - RVRD,2430,43,2430,1.0
BEAUFORT - SURBA,BEAUFORT - SURBA,1862,110,1875,0.9930666666666667
BEAUFORT - SURBA,BEAUFORT - WDPD,13,3,1875,0.006933333333333333
BEAUFORT - TCRK,BEAUFORT - TCRK,2586,129,2596,0.9961479198767335
BEAUFORT - TCRK,BEAUFORT - WASH2,10,1,2596,0.003852080123266564
BEAUFORT - WASH1,BEAUFORT - WASH1,1672,98,1672,1.0
BEAUFORT - WASH2,BEAUFORT - WASH2,1662,141,1662,1.0
BEAUFORT - WASH4,BEAUFORT - WASH4,2538,87,2538,1.0
BEAUFORT - WASHP,BEAUFORT - WASHP,1220,54,1220,1.0
BEAUFORT - WDPD,BEAUFORT - WDPD,1641,36,1641,1.0
BERTIE - COL1,BERTIE - C1,937,44,937,1.0
BERTIE - COL2,BERTIE - C2,1424,48,1430,0.9958041958041958
BERTIE - COL2,BERTIE - M1,6,3,1430,0.004195804195804196
BERTIE - IW,BERTIE - IW,340,26,340,1.0
BERTIE - IW,BERTIE - SN,0,1,340,0.0
BERTIE - MH,BERTIE - MH,751,70,751,1.0
BERTIE - MH,BERTIE - W1,0,1,751,0.0
BERTIE - MH,MARTIN - JMV,0,1,751,0.0
BERTIE - MIT1,BERTIE - M1,741,33,741,1.0
BERTIE - MIT2,BERTIE - M2,860,71,860,1.0
BERTIE - ROX,BERTIE - RX,1081,90,1081,1.0
BERTIE - SB,BERTIE - SN,852,39,869,0.9804372842347526
BERTIE - SB,BERTIE - W1,17,2,869,0.019562715765247412
BERTIE - SB,BERTIE - WD,0,1,869,0.0
BERTIE - WHITES,BERTIE - WH,1095,55,1110,0.9864864864864865
BERTIE - WHITES,BERTIE - C1,15,1,1110,0.013513513513513514
BERTIE - WIN1,BERTIE - W1,5262,213,5262,1.0
BERTIE - WIN2,BERTIE - W2,707,27,708,0.998587570621469
BERTIE - WIN2,BERTIE - M1,1,3,708,0.0014124293785310734
BERTIE - WOOD,BERTIE - WD,807,70,807,1.0
BLADEN - P10,BLADEN - P10,735,73,735,1.0
BLADEN - P15,BLADEN - P15,2894,136,2894,1.0
BLADEN - P201,BLADEN - P201,1395,115,1395,1.0
BLADEN - P201,COLUMBUS - P15,0,2,1395,0.0
BLADEN - P202,BLADEN - P202,2603,98,2603,1.0
BLADEN - P202,BLADEN - P10,0,1,2603,0.0
BLADEN - P25,BLADEN - P25,1099,120,1158,0.9490500863557858
BLADEN - P25,BLADEN - P501,24,2,1158,0.02072538860103627
BLADEN - P25,BLADEN - P75,22,7,1158,0.018998272884283247
BLADEN - P25,BLADEN - P10,7,1,1158,0.006044905008635579
BLADEN - P25,COLUMBUS - P82,6,3,1158,0.0051813471502590676
BLADEN - P25,BLADEN - P502,0,2,1158,0.0
BLADEN - P30,BLADEN - P30,1291,117,1335,0.9670411985018726
BLADEN - P30,COLUMBUS - P02B,32,5,1335,0.02397003745318352
BLADEN - P30,COLUMBUS - P14,8,1,1335,0.00599250936329588
BLADEN - P30,COLUMBUS - P16B,4,2,1335,0.00299625468164794
BLADEN - P35,BLADEN - P35,760,43,801,0.9488139825218477
BLADEN - P35,BLADEN - P40,41,5,801,0.05118601747815231
BLADEN - P40,BLADEN - P40,1563,139,1566,0.9980842911877394
BLADEN - P40,BLADEN - P35,3,3,1566,0.0019157088122605363
BLADEN - P45,BLADEN - P45,594,57,594,1.0
BLADEN - P501,BLADEN - P501,2682,161,2710,0.9896678966789668
BLADEN - P501,BLADEN - P202,28,3,2710,0.010332103321033211
BLADEN - P502,BLADEN - P502,1940,111,2119,0.9155261915998112
BLADEN - P502,BLADEN - P75,179,15,2119,0.08447380840018877
BLADEN - P55,BLADEN - P55,650,89,650,1.0
BLADEN - P55,BLADEN - P30,0,1,650,0.0
BLADEN - P55,BLADEN - P40,0,1,650,0.0
BLADEN - P55,BLADEN - P65,0,1,650,0.0
BLADEN - P60,BLADEN - P60,1598,112,1598,1.0
BLADEN - P65,BLADEN - P65,630,67,630,1.0
BLADEN - P65,BLADEN - P40,0,2,630,0.0
BLADEN - P70,BLADEN - P70,454,54,454,1.0
BLADEN - P75,BLADEN - P75,1007,84,1014,0.9930966469428008
BLADEN - P75,COLUMBUS - P16B,7,2,1014,0.006903353057199211
BLADEN - P75,COLUMBUS - P117,0,4,1014,0.0
BLADEN - P80,BLADEN - P80,1205,90,1205,1.0
BRUNSWICK - BEL,BRUNSWICK - NB07,7565,167,18898,0.40030691078421
BRUNSWICK - BEL,BRUNSWICK - NB04,6646,109,18898,0.35167742618266484
BRUNSWICK - BEL,BRUNSWICK - NB06,3952,76,18898,0.2091226584823791
BRUNSWICK - BEL,BRUNSWICK - NB05,655,7,18898,0.03465975235474653
BRUNSWICK - BEL,NEW HANOVER - W03,80,3,18898,0.004233252195999577
BRUNSWICK - BEL,NEW HANOVER - W26,0,1,18898,0.0
BRUNSWICK - BOL,BRUNSWICK - SB01,1890,113,1890,1.0
BRUNSWICK - BOL,BRUNSWICK - SB02,0,3,1890,0.0
BRUNSWICK - BSL,BRUNSWICK - SB02,5140,305,5140,1.0
BRUNSWICK - BSL,BRUNSWICK - SB01,0,5,5140,0.0
BRUNSWICK - FP,BRUNSWICK - CB03,2662,104,4640,0.5737068965517241
BRUNSWICK - FP,BRUNSWICK - CB02,1978,131,4640,0.42629310344827587
BRUNSWICK - GT,BRUNSWICK - WB06,6443,280,7184,0.8968541202672605
BRUNSWICK - GT,BRUNSWICK - CB02,741,49,7184,0.10314587973273942
BRUNSWICK - GT,BRUNSWICK - WB05,0,6,7184,0.0
BRUNSWICK - HC,BRUNSWICK - NB01,2112,122,2112,1.0
BRUNSWICK - HC,COLUMBUS - P14,0,1,2112,0.0
BRUNSWICK - LEL,BRUNSWICK - NB02,7219,205,8583,0.8410812070371665
BRUNSWICK - LEL,BRUNSWICK - NB05,1364,25,8583,0.1589187929628335
BRUNSWICK - LEL,BRUNSWICK - NB01,0,2,8583,0.0
BRUNSWICK - LWD,BRUNSWICK - WB02,4960,92,6534,0.7591062136516682
BRUNSWICK - LWD,BRUNSWICK - WB03,1471,55,6534,0.2251300887664524
BRUNSWICK - LWD,BRUNSWICK - CB02,103,14,6534,0.0157636975818794
BRUNSWICK - LWD,BRUNSWICK - WB04,0,5,6534,0.0
BRUNSWICK - MOS,BRUNSWICK - SB03,5811,103,10176,0.5710495283018868
BRUNSWICK - MOS,BRUNSWICK - CB06,4365,241,10176,0.42895047169811323
BRUNSWICK - OI1,BRUNSWICK - SB07,1180,101,2308,0.511265164644714
BRUNSWICK - OI1,BRUNSWICK - SB08,1128,76,2308,0.48873483535528595
BRUNSWICK - OI2,BRUNSWICK - SB07,1862,108,1874,0.9935965848452508
BRUNSWICK - OI2,BRUNSWICK - SB06,12,2,1874,0.0064034151547491995
BRUNSWICK - OI2,BRUNSWICK - SB04,0,1,1874,0.0
BRUNSWICK - OI3,BRUNSWICK - SB06,3141,152,3141,1.0
BRUNSWICK - SEC1,BRUNSWICK - CB05,3346,109,3346,1.0
BRUNSWICK - SEC1,BRUNSWICK - SB06,0,1,3346,0.0
BRUNSWICK - SEC2,BRUNSWICK - CB04,4353,265,4353,1.0
BRUNSWICK - SHAL,BRUNSWICK - CB02,4555,255,4555,1.0
BRUNSWICK - SHAL,BRUNSWICK - CB04,0,2,4555,0.0
BRUNSWICK - SP1,BRUNSWICK - SB04,3561,285,3563,0.9994386752736458
BRUNSWICK - SP1,BRUNSWICK - SB05,2,5,3563,0.000561324726354196
BRUNSWICK - SP1,BRUNSWICK - SB02,0,1,3563,0.0
BRUNSWICK - SP2,BRUNSWICK - SB05,3398,132,5575,0.6095067264573991
BRUNSWICK - SP2,BRUNSWICK - SB03,1164,22,5575,0.20878923766816143
BRUNSWICK - SP2,BRUNSWICK - SB08,1013,45,5575,0.18170403587443945
BRUNSWICK - ST1,BRUNSWICK - WB05,4136,174,5298,0.7806719516798792
BRUNSWICK - ST1,BRUNSWICK - WB04,1162,59,5298,0.2193280483201208
BRUNSWICK - ST2,BRUNSWICK - WB04,5488,127,5488,1.0
BRUNSWICK - SUP,BRUNSWICK - CB01,2372,169,3024,0.7843915343915344
BRUNSWICK - SUP,BRUNSWICK - SB01,381,22,3024,0.1259920634920635
BRUNSWICK - SUP,BRUNSWICK - CB05,271,8,3024,0.08961640211640212
BRUNSWICK - SUP,BRUNSWICK - CB06,0,1,3024,0.0
BRUNSWICK - TC,BRUNSWICK - NB03,4662,211,4713,0.9891788669637174
BRUNSWICK - TC,BRUNSWICK - NB06,51,5,4713,0.010821133036282623
BRUNSWICK - TC,COLUMBUS - P14,0,3,4713,0.0
BRUNSWICK - WAC,BRUNSWICK - WB01,2282,143,2282,1.0
BRUNSWICK - WB,BRUNSWICK - NB05,2009,65,2009,1.0
BRUNSWICK - WB,BRUNSWICK - NB02,0,5,2009,0.0
BRUNSWICK - WB,BRUNSWICK - NB07,0,2,2009,0.0
BRUNSWICK - WB,NEW HANOVER - CF01,0,6,2009,0.0
BUNCOMBE - 1,BUNCOMBE - 01.1,2752,80,2752,1.0
BUNCOMBE - 10,BUNCOMBE - 10.1,1643,55,1643,1.0
BUNCOMBE - 11,BUNCOMBE - 11.1,1785,47,1785,1.0
BUNCOMBE - 12,BUNCOMBE - 12.1,2337,58,2337,1.0
BUNCOMBE - 12,BUNCOMBE - 10.1,0,1,2337,0.0
BUNCOMBE - 13,BUNCOMBE - 13.1,2650,55,2650,1.0
BUNCOMBE - 13,BUNCOMBE - 12.1,0,1,2650,0.0
BUNCOMBE - 13,BUNCOMBE - 54.2,0,2,2650,0.0
BUNCOMBE - 14,BUNCOMBE - 14.2,2644,83,4476,0.5907059874888293
BUNCOMBE - 14,BUNCOMBE - 14.3,1832,18,4476,0.4092940125111707
BUNCOMBE - 15,BUNCOMBE - 26.1,2240,47,4397,0.50943825335456
BUNCOMBE - 15,BUNCOMBE - 15.1,2146,38,4397,0.4880600409370025
BUNCOMBE - 15,BUNCOMBE - 43.2,11,2,4397,0.002501705708437571
BUNCOMBE - 16,BUNCOMBE - 16.2,3064,62,3064,1.0
BUNCOMBE - 17,BUNCOMBE - 17.1,1622,53,1622,1.0
BUNCOMBE - 18,BUNCOMBE - 18.2,3965,51,3965,1.0
BUNCOMBE - 19,BUNCOMBE - 19.1,2209,20,4193,0.526830431671834
BUNCOMBE - 19,BUNCOMBE - 29.2,1984,21,4193,0.473169568328166
BUNCOMBE - 2,BUNCOMBE - 02.1,3339,98,3339,1.0
BUNCOMBE - 20,BUNCOMBE - 20.1,1069,26,1069,1.0
BUNCOMBE - 20,BUNCOMBE - 23.2,0,1,1069,0.0
BUNCOMBE - 21,BUNCOMBE - 21.1,2901,38,2901,1.0
BUNCOMBE - 22,BUNCOMBE - 22.2,2273,59,3103,0.7325169191105382
BUNCOMBE - 22,BUNCOMBE - 27.2,830,32,3103,0.2674830808894618
BUNCOMBE - 22,BUNCOMBE - 61.1,0,1,3103,0.0
BUNCOMBE - 23,BUNCOMBE - 23.3,805,17,1539,0.5230669265756985
BUNCOMBE - 23,BUNCOMBE - 23.2,574,21,1539,0.3729694606887589
BUNCOMBE - 23,BUNCOMBE - 21.1,160,3,1539,0.10396361273554255
BUNCOMBE - 24,BUNCOMBE - 24.1,2810,94,2815,0.9982238010657194
BUNCOMBE - 24,BUNCOMBE - 44.1,5,8,2815,0.0017761989342806395
BUNCOMBE - 25,BUNCOMBE - 25.1,2737,47,2737,1.0
BUNCOMBE - 25,BUNCOMBE - 61.1,0,1,2737,0.0
BUNCOMBE - 25,BUNCOMBE - 64.1,0,1,2737,0.0
BUNCOMBE - 26,BUNCOMBE - 30.2,3442,30,6802,0.5060276389297266
BUNCOMBE - 26,BUNCOMBE - 30.3,3360,53,6802,0.4939723610702734
BUNCOMBE - 27,BUNCOMBE - 31.1,1150,53,1150,1.0
BUNCOMBE - 27,BUNCOMBE - 08.3,0,1,1150,0.0
BUNCOMBE - 27,BUNCOMBE - 18.2,0,1,1150,0.0
BUNCOMBE - 28,BUNCOMBE - 32.1,2804,72,2804,1.0
BUNCOMBE - 29,BUNCOMBE - 33.3,2201,62,3603,0.610879822370247
BUNCOMBE - 29,BUNCOMBE - 33.2,1402,58,3603,0.389120177629753
BUNCOMBE - 29,BUNCOMBE - 32.1,0,1,3603,0.0
BUNCOMBE - 29,BUNCOMBE - 36.1,0,2,3603,0.0
BUNCOMBE - 3,BUNCOMBE - 03.1,2409,61,2409,1.0
BUNCOMBE - 30,BUNCOMBE - 35.1,2119,52,3299,0.6423158532888754
BUNCOMBE - 30,BUNCOMBE - 34.1,1173,51,3299,0.3555622916035162
BUNCOMBE - 30,BUNCOMBE - 32.1,7,1,3299,0.002121855107608366
BUNCOMBE - 31,BUNCOMBE - 36.1,2634,82,2634,1.0
BUNCOMBE - 31,BUNCOMBE - 32.1,0,1,2634,0.0
BUNCOMBE - 32,BUNCOMBE - 37.1,1637,78,1637,1.0
BUNCOMBE - 32,BUNCOMBE - 36.1,0,1,1637,0.0
BUNCOMBE - 33,BUNCOMBE - 38.3,3509,55,5375,0.6528372093023256
BUNCOMBE - 33,BUNCOMBE - 38.2,1866,35,5375,0.3471627906976744
BUNCOMBE - 33,BUNCOMBE - 57.1,0,1,5375,0.0
BUNCOMBE - 33,HENDERSON - BC,0,1,5375,0.0
BUNCOMBE - 34,BUNCOMBE - 39.3,2737,48,4428,0.6181120144534779
BUNCOMBE - 34,BUNCOMBE - 39.2,1691,41,4428,0.38188798554652215
BUNCOMBE - 34,BUNCOMBE - 37.1,0,2,4428,0.0
BUNCOMBE - 34,BUNCOMBE - 60.2,0,3,4428,0.0
BUNCOMBE - 35,BUNCOMBE - 40.2,4154,80,4983,0.8336343568131648
BUNCOMBE - 35,BUNCOMBE - 51.2,829,24,4983,0.16636564318683525
BUNCOMBE - 36,BUNCOMBE - 41.1,3929,86,3929,1.0
BUNCOMBE - 37,BUNCOMBE - 42.1,3137,60,3159,0.9930357708135485
BUNCOMBE - 37,BUNCOMBE - 68.1,13,6,3159,0.00411522633744856
BUNCOMBE - 37,BUNCOMBE - 14.3,9,1,3159,0.002849002849002849
BUNCOMBE - 38,BUNCOMBE - 43.2,2221,31,2337,0.9503637141634574
BUNCOMBE - 38,BUNCOMBE - 16.2,110,4,2337,0.047068891741549
BUNCOMBE - 38,BUNCOMBE - 68.1,6,2,2337,0.0025673940949935813
BUNCOMBE - 39,BUNCOMBE - 44.1,6203,119,6203,1.0
BUNCOMBE - 39,BUNCOMBE - 46.1,0,1,6203,0.0
BUNCOMBE - 4,BUNCOMBE - 28.1,3257,41,4659,0.699077055162052
BUNCOMBE - 4,BUNCOMBE - 04.1,1402,34,4659,0.30092294483794807
BUNCOMBE - 4,BUNCOMBE - 70.1,0,2,4659,0.0
BUNCOMBE - 40,BUNCOMBE - 45.1,4765,82,4798,0.9931221342225928
BUNCOMBE - 40,BUNCOMBE - 48.1,33,4,4798,0.006877865777407253
BUNCOMBE - 40,BUNCOMBE - 24.1,0,1,4798,0.0
BUNCOMBE - 41,BUNCOMBE - 46.1,1679,44,1679,1.0
BUNCOMBE - 41,BUNCOMBE - 44.1,0,5,1679,0.0
BUNCOMBE - 43,BUNCOMBE - 48.1,4747,86,4774,0.9943443653121072
BUNCOMBE - 43,BUNCOMBE - 45.1,27,3,4774,0.005655634687892753
BUNCOMBE - 47,BUNCOMBE - 52.1,4661,69,4661,1.0
BUNCOMBE - 49,BUNCOMBE - 54.2,5417,166,7053,0.7680419679568977
BUNCOMBE - 49,BUNCOMBE - 18.2,1636,34,7053,0.23195803204310222
BUNCOMBE - 49,BUNCOMBE - 31.1,0,4,7053,0.0
BUNCOMBE - 49,HENDERSON - FL,0,5,7053,0.0
BUNCOMBE - 5,BUNCOMBE - 05.1,2466,76,2471,0.9979765277215702
BUNCOMBE - 5,BUNCOMBE - 70.1,5,2,2471,0.0020234722784297854
BUNCOMBE - 5,BUNCOMBE - 71.1,0,1,2471,0.0
BUNCOMBE - 50,BUNCOMBE - 55.1,3039,40,3039,1.0
BUNCOMBE - 51,BUNCOMBE - 56.2,2149,35,3630,0.5920110192837466
BUNCOMBE - 51,BUNCOMBE - 29.2,1481,16,3630,0.40798898071625345
BUNCOMBE - 52,BUNCOMBE - 57.1,2912,57,3219,0.9046287666977322
BUNCOMBE - 52,BUNCOMBE - 08.2,302,2,3219,0.0938179558869214
BUNCOMBE - 52,BUNCOMBE - 60.4,5,2,3219,0.0015532774153463808
BUNCOMBE - 53,BUNCOMBE - 58.1,2408,82,2420,0.9950413223140496
BUNCOMBE - 53,BUNCOMBE - 67.1,12,3,2420,0.0049586776859504135
BUNCOMBE - 54,BUNCOMBE - 59.1,3987,75,4156,0.9593358999037536
BUNCOMBE - 54,BUNCOMBE - 67.1,169,1,4156,0.04066410009624639
BUNCOMBE - 55,BUNCOMBE - 60.2,1631,16,5007,0.32574395845815857
BUNCOMBE - 55,BUNCOMBE - 60.4,1481,33,5007,0.2957858997403635
BUNCOMBE - 55,BUNCOMBE - 08.3,1240,16,5007,0.24765328540043938
BUNCOMBE - 55,BUNCOMBE - 08.2,655,9,5007,0.13081685640103854
BUNCOMBE - 58,BUNCOMBE - 64.1,2271,80,2271,1.0
BUNCOMBE - 6,BUNCOMBE - 06.1,1499,35,1499,1.0
BUNCOMBE - 60,BUNCOMBE - 67.1,2324,59,2350,0.9889361702127659
BUNCOMBE - 60,BUNCOMBE - 58.1,14,1,2350,0.005957446808510639
BUNCOMBE - 60,BUNCOMBE - 59.1,12,1,2350,0.005106382978723404
BUNCOMBE - 61,BUNCOMBE - 68.1,5444,76,5884,0.9252209381373215
BUNCOMBE - 61,BUNCOMBE - 681,440,11,5884,0.07477906186267845
BUNCOMBE - 61,BUNCOMBE - 42.1,0,1,5884,0.0
BUNCOMBE - 62,BUNCOMBE - 69.1,3355,52,3355,1.0
BUNCOMBE - 63,BUNCOMBE - 70.1,3841,108,3841,1.0
BUNCOMBE - 63,BUNCOMBE - 05.1,0,1,3841,0.0
BUNCOMBE - 64,BUNCOMBE - 71.1,4916,136,5061,0.9713495356648884
BUNCOMBE - 64,BUNCOMBE - 70.1,92,5,5061,0.018178225647105316
BUNCOMBE - 64,BUNCOMBE - 05.1,38,6,5061,0.007508397549891326
BUNCOMBE - 64,BUNCOMBE - 59.1,15,1,5061,0.002963841138114997
BUNCOMBE - 7,BUNCOMBE - 07.1,1875,57,1875,1.0
BUNCOMBE - 8,BUNCOMBE - 08.2,2494,46,4418,0.5645088275237664
BUNCOMBE - 8,BUNCOMBE - 08.3,1924,70,4418,0.4354911724762336
BUNCOMBE - 8,BUNCOMBE - 31.1,0,1,4418,0.0
BUNCOMBE - 9,BUNCOMBE - 09.1,4654,82,4654,1.0
BUNCOMBE - IVYCRU,BUNCOMBE - 50.1,1699,53,3122,0.5442024343369635
BUNCOMBE - IVYCRU,BUNCOMBE - 51.2,1423,38,3122,0.45579756566303653
BUNCOMBE - IVYCRU,BUNCOMBE - 32.1,0,1,3122,0.0
BUNCOMBE - IVYCRU,BUNCOMBE - 36.1,0,1,3122,0.0
BUNCOMBE - IVYCRU,MADISON - BEECH,0,1,3122,0.0
BUNCOMBE - LSMCRU,BUNCOMBE - 53.1,3568,67,4241,0.8413110115538788
BUNCOMBE - LSMCRU,BUNCOMBE - 63.1,673,19,4241,0.1586889884461212
BUNCOMBE - RSWCRU,BUNCOMBE - 65.1,3333,77,10683,0.31199101376017974
BUNCOMBE - RSWCRU,BUNCOMBE - 62.1,2845,26,10683,0.26631096134044746
BUNCOMBE - RSWCRU,BUNCOMBE - 61.1,2448,56,10683,0.22914911541701768
BUNCOMBE - RSWCRU,BUNCOMBE - 66.1,2057,42,10683,0.19254890948235515
BUNCOMBE - UHCRU,BUNCOMBE - 49.1,4984,76,9893,0.5037905589810977
BUNCOMBE - UHCRU,BUNCOMBE - 47.1,4909,100,9893,0.49620944101890224
BUNCOMBE - UHCRU,HENDERSON - NM,0,1,9893,0.0
BURKE - 01,BURKE - 0001,3728,139,3728,1.0
BURKE - 01,BURKE - 0038,0,2,3728,0.0
BURKE - 03,BURKE - 0003,1391,41,1391,1.0
BURKE - 11,BURKE - 0011,3385,122,3385,1.0
BURKE - 12,BURKE - 0012,2044,39,2058,0.9931972789115646
BURKE - 12,CATAWBA - 24,14,3,2058,0.006802721088435374
BURKE - 13,BURKE - 0013,3243,99,3269,0.9920464973998164
BURKE - 13,CATAWBA - 19,19,10,3269,0.005812174977057204
BURKE - 13,CATAWBA - 24,7,1,3269,0.0021413276231263384
BURKE - 14,BURKE - 0014,2324,66,2324,1.0
BURKE - 15,BURKE - 0015,1841,87,1873,0.9829151094500801
BURKE - 15,CATAWBA - 17,32,5,1873,0.017084890549919914
BURKE - 18,BURKE - 0018,559,48,559,1.0
BURKE - 18,AVERY - 16,0,1,559,0.0
BURKE - 18,BURKE - 0062,0,5,559,0.0
BURKE - 18,CALDWELL - 2,0,2,559,0.0
BURKE - 18,MCDOWELL - N.COVE,0,3,559,0.0
BURKE - 19,BURKE - 0019,564,47,566,0.9964664310954063
BURKE - 19,MCDOWELL - NEBO,2,3,566,0.0035335689045936395
BURKE - 19,MCDOWELL - N.COVE,0,1,566,0.0
BURKE - 20,BURKE - 0020,895,41,895,1.0
BURKE - 21,BURKE - 0021,1712,78,1712,1.0
BURKE - 22,BURKE - 0022,2315,137,2315,1.0
BURKE - 24,BURKE - 0024,2790,139,2790,1.0
BURKE - 28,BURKE - 0066,2003,36,2003,1.0
BURKE - 29,BURKE - 0071,2651,116,2685,0.9873370577281192
BURKE - 29,CATAWBA - 02,34,10,2685,0.01266294227188082
BURKE - 29,LINCOLN - NB35,0,1,2685,0.0
BURKE - 31,BURKE - 0031,2963,106,2963,1.0
BURKE - 34,BURKE - 0034,2360,62,2360,1.0
BURKE - 35,BURKE - 0035,1997,35,1997,1.0
BURKE - 36,BURKE - 0036,2193,74,2202,0.9959128065395095
BURKE - 36,BURKE - 0064,9,3,2202,0.004087193460490463
BURKE - 37,BURKE - 0070,2882,54,5154,0.5591773379899108
BURKE - 37,BURKE - 0072,2272,30,5154,0.44082266201008924
BURKE - 38,BURKE - 0038,2740,63,2740,1.0
BURKE - 39,BURKE - 0039,2589,82,2589,1.0
BURKE - 40,BURKE - 0040,2053,69,2064,0.9946705426356589
BURKE - 40,BURKE - 0051,11,2,2064,0.005329457364341085
BURKE - 47,BURKE - 0047-A,2137,31,3502,0.6102227298686465
BURKE - 47,BURKE - 0047-B,1365,20,3502,0.3897772701313535
BURKE - 47,BURKE - 0048,0,1,3502,0.0
BURKE - 48,BURKE - 0048,2154,52,2154,1.0
BURKE - 51,BURKE - 0051,3808,123,3808,1.0
BURKE - 51,BURKE - 0040,0,2,3808,0.0
BURKE - 52,BURKE - 0052,1745,45,1745,1.0
BURKE - 53,BURKE - 0072,2799,60,2799,1.0
BURKE - 60,BURKE - 0066,623,23,624,0.9983974358974359
BURKE - 60,CALDWELL - 1,1,1,624,0.0016025641025641025
BURKE - 62,BURKE - 0062,952,61,1002,0.9500998003992016
BURKE - 62,BURKE - 0047-B,50,2,1002,0.0499001996007984
BURKE - 62,BURKE - 0018,0,1,1002,0.0
BURKE - 64,BURKE - 0064,847,49,848,0.9988207547169812
BURKE - 64,BURKE - 0036,1,2,848,0.0011792452830188679
BURKE - 64,BURKE - 0071,0,2,848,0.0
BURKE - 64,RUTHERFORD - 10A,0,3,848,0.0
CABARRUS - 0101,CABARRUS - 01-08,5328,78,8219,0.6482540455043193
CABARRUS - 0101,CABARRUS - 01-07,2891,65,8219,0.35174595449568075
CABARRUS - 0102,CABARRUS - 01-02,3246,49,3246,1.0
CABARRUS - 0103,CABARRUS - 01-11,4871,125,8039,0.6059211344694614
CABARRUS - 0103,CABARRUS - 01-10,3168,98,8039,0.3940788655305386
CABARRUS - 0103,CABARRUS - 02-03,0,1,8039,0.0
CABARRUS - 0104,CABARRUS - 01-04,5875,89,5875,1.0
CABARRUS - 0104,MECKLENBURG - 205,0,2,5875,0.0
CABARRUS - 0201,CABARRUS - 02-01,3969,41,3969,1.0
CABARRUS - 0201,CABARRUS - 02-06,0,1,3969,0.0
CABARRUS - 0202,CABARRUS - 02-02,5292,42,9052,0.5846221829429961
CABARRUS - 0202,CABARRUS - 02-07,3760,41,9052,0.415377817057004
CABARRUS - 0202,CABARRUS - 02-05,0,4,9052,0.0
CABARRUS - 0203,CABARRUS - 02-03,7322,152,7322,1.0
CABARRUS - 0203,CABARRUS - 01-10,0,2,7322,0.0
CABARRUS - 0204,CABARRUS - 02-09,9209,157,17785,0.5177958954174866
CABARRUS - 0204,CABARRUS - 02-08,8563,176,17785,0.48147315153219006
CABARRUS - 0204,MECKLENBURG - 241,13,1,17785,0.0007309530503233062
CABARRUS - 0204,CABARRUS - 02-03,0,2,17785,0.0
CABARRUS - 0205,CABARRUS - 02-05,4912,48,4912,1.0
CABARRUS - 0206,CABARRUS - 02-06,4664,51,4664,1.0
CABARRUS - 0300,CABARRUS - 03-00,6066,140,6119,0.9913384539957509
CABARRUS - 0300,ROWAN - 44,53,5,6119,0.00866154600424906
CABARRUS - 0300,CABARRUS - 04-09,0,3,6119,0.0
CABARRUS - 0401,CABARRUS - 04-01,3476,132,3724,0.9334049409237379
CABARRUS - 0401,CABARRUS - 12-03,248,1,3724,0.06659505907626208
CABARRUS - 0402,CABARRUS - 04-12,3428,93,3428,1.0
CABARRUS - 0403,CABARRUS - 04-03,3353,125,3353,1.0
CABARRUS - 0404,CABARRUS - 04-11,1770,70,1770,1.0
CABARRUS - 0405,CABARRUS - 04-11,2161,117,2184,0.9894688644688645
CABARRUS - 0405,ROWAN - 16,18,8,2184,0.008241758241758242
CABARRUS - 0405,ROWAN - 09,5,2,2184,0.0022893772893772895
CABARRUS - 0406,CABARRUS - 04-12,2896,101,2896,1.0
CABARRUS - 0407,CABARRUS - 04-13,2112,44,2112,1.0
CABARRUS - 0408,CABARRUS - 04-08,1961,44,1961,1.0
CABARRUS - 0409,CABARRUS - 04-09,3849,78,3849,1.0
CABARRUS - 0409,CABARRUS - 04-08,0,1,3849,0.0
CABARRUS - 0409,ROWAN - 09,0,1,3849,0.0
CABARRUS - 0410,CABARRUS - 04-13,4055,67,4055,1.0
CABARRUS - 0500,CABARRUS - 05-00,3040,122,3040,1.0
CABARRUS - 0600,CABARRUS - 06-00,2312,71,2312,1.0
CABARRUS - 0700,CABARRUS - 07-00,1279,59,1279,1.0
CABARRUS - 0800,CABARRUS - 08-00,4227,164,4227,1.0
CABARRUS - 0900,CABARRUS - 09-00,3010,90,3010,1.0
CABARRUS - 1000,CABARRUS - 10-00,6250,226,6250,1.0
CABARRUS - 1000,MECKLENBURG - 236,0,1,6250,0.0
CABARRUS - 1000,UNION - 012,0,4,6250,0.0
CABARRUS - 1000,UNION - 032,0,1,6250,0.0
CABARRUS - 1101,CABARRUS - 11-01,7236,113,7236,1.0
CABARRUS - 1102,CABARRUS - 11-02,3717,98,3717,1.0
CABARRUS - 1201,CABARRUS - 12-13,898,39,898,1.0
CABARRUS - 1202,CABARRUS - 12-13,3045,110,3045,1.0
CABARRUS - 1203,CABARRUS - 12-03,2242,107,2242,1.0
CABARRUS - 1204,CABARRUS - 12-04,3607,82,3607,1.0
CABARRUS - 1205,CABARRUS - 12-05,2719,65,2719,1.0
CABARRUS - 1206,CABARRUS - 12-14,1828,55,1828,1.0
CABARRUS - 1207,CABARRUS - 12-13,1840,64,1840,1.0
CABARRUS - 1208,CABARRUS - 12-08,2373,91,2373,1.0
CABARRUS - 1209,CABARRUS - 12-09,3192,73,5751,0.5550339071465832
CABARRUS - 1209,CABARRUS - 12-12,2559,73,5751,0.4449660928534168
CABARRUS - 1210,CABARRUS - 12-14,1395,30,1395,1.0
CABARRUS - 1211,CABARRUS - 12-11,2288,65,2288,1.0
CALDWELL - PR01,CALDWELL - 1,4167,103,4167,1.0
CALDWELL - PR01,CALDWELL - 10,0,1,4167,0.0
CALDWELL - PR02,CALDWELL - 1,1848,37,1860,0.9935483870967742
CALDWELL - PR02,CALDWELL - 2,12,2,1860,0.0064516129032258064
CALDWELL - PR05,CALDWELL - 13,3935,106,3972,0.9906847935548841
CALDWELL - PR05,CALDWELL - 15,37,1,3972,0.00931520644511581
CALDWELL - PR06,CALDWELL - 13,2888,108,3319,0.8701416089183489
CALDWELL - PR06,CALDWELL - 10,402,7,3319,0.121120819523953
CALDWELL - PR06,CALDWELL - 11,29,3,3319,0.008737571557698103
CALDWELL - PR07,CALDWELL - 2,1395,133,1418,0.9837799717912553
CALDWELL - PR07,CALDWELL - 1,23,3,1418,0.01622002820874471
CALDWELL - PR07,AVERY - 04,0,1,1418,0.0
CALDWELL - PR08,CALDWELL - 3,1271,49,1271,1.0
CALDWELL - PR08,CALDWELL - 6,0,1,1271,0.0
CALDWELL - PR09,CALDWELL - 6,1377,42,1377,1.0
CALDWELL - PR10,CALDWELL - 7,1741,65,1741,1.0
CALDWELL - PR11,CALDWELL - 7,2241,94,2692,0.8324665676077266
CALDWELL - PR11,CALDWELL - 10,451,17,2692,0.1675334323922734
CALDWELL - PR11,CALDWELL - 1,0,1,2692,0.0
CALDWELL - PR12,CALDWELL - 6,2658,67,2658,1.0
CALDWELL - PR13,CALDWELL - 4,3439,103,3439,1.0
CALDWELL - PR14,CALDWELL - 5,3912,162,3912,1.0
CALDWELL - PR15,CALDWELL - 14,4779,106,7853,0.608557239271616
CALDWELL - PR15,CALDWELL - 15,3074,69,7853,0.3914427607283841
CALDWELL - PR15,CALDWELL - 4,0,1,7853,0.0
CALDWELL - PR16,CALDWELL - 6,1977,46,1977,1.0
CALDWELL - PR17,CALDWELL - 7,2143,73,2143,1.0
CALDWELL - PR18,CALDWELL - 8,4281,133,4326,0.9895977808599168
CALDWELL - PR18,CALDWELL - 3,45,2,4326,0.010402219140083218
CALDWELL - PR19,CALDWELL - 6,1702,59,1702,1.0
CALDWELL - PR20,CALDWELL - 2,745,46,764,0.975130890052356
CALDWELL - PR20,CALDWELL - 12,19,3,764,0.024869109947643978
CALDWELL - PR21A,CALDWELL - 9,3335,75,3343,0.9976069398743643
CALDWELL - PR21A,CALDWELL - 13,8,2,3343,0.0023930601256356566
CALDWELL - PR21A,BURKE - 0066,0,1,3343,0.0
CALDWELL - PR21B,CALDWELL - 10,2985,43,3017,0.9893934371892609
CALDWELL - PR21B,CALDWELL - 9,32,3,3017,0.010606562810739144
CALDWELL - PR23,CALDWELL - 12,1801,89,1801,1.0
CALDWELL - PR23,CALDWELL - 2,0,3,1801,0.0
CALDWELL - PR25A,CALDWELL - 11,2182,74,2192,0.9954379562043796
CALDWELL - PR25A,CALDWELL - 13,10,1,2192,0.004562043795620438
CALDWELL - PR25B,CALDWELL - 11,2353,84,2353,1.0
CALDWELL - PR26,CALDWELL - 2,82,28,82,1.0
CALDWELL - PR26,BURKE - 0062,0,2,82,0.0
CALDWELL - PR27,CALDWELL - 12,1044,54,1044,1.0
CALDWELL - PR27,WILKES - 109,0,1,1044,0.0
CAMDEN - CH,CAMDEN - CH,2894,95,2894,1.0
CAMDEN - SH,CAMDEN - SH,1967,49,1967,1.0
CAMDEN - SM,CAMDEN - SM,3026,84,3026,1.0
CARTERET - ABCH,CARTERET - ABCH,1313,105,1313,1.0
CARTERET - ATLN,CARTERET - ASCI,481,47,481,1.0
CARTERET - BETT,CARTERET - OTBEG,476,10,476,1.0
CARTERET - BFT1,CARTERET - BFT1,1559,145,1559,1.0
CARTERET - BFT2,CARTERET - BFT2,3771,134,4000,0.94275
CARTERET - BFT2,CARTERET - NRIV,229,10,4000,0.05725
CARTERET - BOGU,CARTERET - BOGE,2674,112,3012,0.8877822045152722
CARTERET - BOGU,CARTERET - CAPE,338,10,3012,0.11221779548472775
CARTERET - BRCK,CARTERET - BCRK,2047,55,2047,1.0
CARTERET - CCART,CARTERET - CAPE,1863,109,1875,0.9936
CARTERET - CCART,CARTERET - BOGE,12,8,1875,0.0064
CARTERET - CDIS,CARTERET - ASCI,209,93,209,1.0
CARTERET - CDPT,CARTERET - CAPE,1257,55,1257,1.0
CARTERET - DAVI,CARTERET - DASW,264,127,264,1.0
CARTERET - EMIS,CARTERET - ISLE,3382,217,3382,1.0
CARTERET - EMIS,CARTERET - CAPE,0,1,3382,0.0
CARTERET - EMIS,ONSLOW - SW19,0,7,3382,0.0
CARTERET - HAIS,CARTERET - HAIS,1003,79,1003,1.0
CARTERET - HARL,CARTERET - WIHA,716,42,716,1.0
CARTERET - IBCH,CARTERET - IBPK,204,24,209,0.9760765550239234
CARTERET - IBCH,CARTERET - ISLE,5,5,209,0.023923444976076555
CARTERET - MARSH,CARTERET - MASM,378,30,378,1.0
CARTERET - MCRK,CARTERET - MCRK,520,18,520,1.0
CARTERET - MERR,CARTERET - MERR,524,77,524,1.0
CARTERET - MHD1,CARTERET - MHD1,2603,177,2603,1.0
CARTERET - MHD2,CARTERET - MHD2,3447,146,3447,1.0
CARTERET - MHD3,CARTERET - MHD3,3448,107,3448,1.0
CARTERET - MHD3,CARTERET - MHD2,0,1,3448,0.0
CARTERET - MHD4,CARTERET - MHD4,2784,69,2784,1.0
CARTERET - NPT1,CARTERET - NPT1,2949,73,2949,1.0
CARTERET - NPT1,CARTERET - NPT2,0,1,2949,0.0
CARTERET - NPT2,CARTERET - NPT2,3337,76,4667,0.7150203556888793
CARTERET - NPT2,CARTERET - NPT1,1330,65,4667,0.28497964431112066
CARTERET - NRIV,CARTERET - NRIV,466,26,466,1.0
CARTERET - OTSTR,CARTERET - OTBEG,1707,54,1707,1.0
CARTERET - PELE,CARTERET - PELE,1483,65,1483,1.0
CARTERET - PKS,CARTERET - IBPK,1233,49,1233,1.0
CARTERET - SLVL,CARTERET - ASCI,271,34,271,1.0
CARTERET - SMYRNA,CARTERET - MASM,267,39,267,1.0
CARTERET - SMYRNA,CARTERET - OTBEG,0,1,267,0.0
CARTERET - SPTH,CARTERET - IBPK,149,11,149,1.0
CARTERET - STAC,CARTERET - DASW,155,39,155,1.0
CARTERET - STEL,CARTERET - STEL,1686,50,1686,1.0
CARTERET - WILD,CARTERET - WILD,4192,193,4197,0.9988086728615678
CARTERET - WILD,CARTERET - MHD3,5,2,4197,0.0011913271384322134
CARTERET - WILL,CARTERET - DASW,238,39,238,1.0
CARTERET - WIRE,CARTERET - WIHA,1238,44,1238,1.0
CASWELL - ANDE,CASWELL - ANDE,960,33,960,1.0
CASWELL - HIGH,CASWELL - PH,1031,36,1031,1.0
CASWELL - LEAS,CASWELL - LEAS,685,27,685,1.0
CASWELL - LOCU,CASWELL - LOCU,2251,39,2251,1.0
CASWELL - MILT,CASWELL - MILT,2189,115,2189,1.0
CASWELL - PELH,CASWELL - PELH,3334,95,3338,0.9988016776512882
CASWELL - PELH,ROCKINGHAM - LI-1,4,1,3338,0.0011983223487118035
CASWELL - PROS,CASWELL - PH,1019,48,1046,0.9741873804971319
CASWELL - PROS,CASWELL - ANDE,27,1,1046,0.02581261950286807
CASWELL - PROV,CASWELL - PROVI,843,22,843,1.0
CASWELL - STON,CASWELL - STON,2548,54,2548,1.0
CASWELL - STON,ALAMANCE - 04,0,1,2548,0.0
CASWELL - YAN2,CASWELL - YANC,2509,80,2509,1.0
CASWELL - YAN4,CASWELL - YANC,1174,47,1174,1.0
CATAWBA - 1,CATAWBA - 01,3730,91,3730,1.0
CATAWBA - 10,CATAWBA - 10,825,51,825,1.0
CATAWBA - 11,CATAWBA - 11,1819,57,1819,1.0
CATAWBA - 12,CATAWBA - 12,1980,84,1980,1.0
CATAWBA - 13,CATAWBA - 13,2311,132,2316,0.9978411053540587
CATAWBA - 13,CATAWBA - 26,5,9,2316,0.002158894645941278
CATAWBA - 14,CATAWBA - 14,1781,91,1781,1.0
CATAWBA - 15,CATAWBA - 15,822,37,822,1.0
CATAWBA - 16,CATAWBA - 16,3719,90,3719,1.0
CATAWBA - 17,CATAWBA - 17,2577,127,2582,0.9980635166537568
CATAWBA - 17,CATAWBA - 26,5,8,2582,0.0019364833462432224
CATAWBA - 17,CATAWBA - 13,0,1,2582,0.0
CATAWBA - 19,CATAWBA - 19,1431,110,1431,1.0
CATAWBA - 2,CATAWBA - 02,2458,72,2458,1.0
CATAWBA - 20,CATAWBA - 20,3894,223,3894,1.0
CATAWBA - 21,CATAWBA - 21,2047,89,2047,1.0
CATAWBA - 22,CATAWBA - 22,4397,158,4397,1.0
CATAWBA - 22,CATAWBA - 06,0,4,4397,0.0
CATAWBA - 23,CATAWBA - 23,4358,93,4358,1.0
CATAWBA - 24,CATAWBA - 24,4367,111,4382,0.9965769055225924
CATAWBA - 24,BURKE - 0013,15,4,4382,0.0034230944774075764
CATAWBA - 24,BURKE - 0012,0,1,4382,0.0
CATAWBA - 25,CATAWBA - 25,2975,109,2975,1.0
CATAWBA - 26,CATAWBA - 26,1936,41,1936,1.0
CATAWBA - 26,BURKE - 0015,0,3,1936,0.0
CATAWBA - 27,CATAWBA - 27,4655,114,4655,1.0
CATAWBA - 28,CATAWBA - 28,4398,123,4398,1.0
CATAWBA - 29,CATAWBA - 29,3124,88,3124,1.0
CATAWBA - 3,CATAWBA - 03,2747,114,2747,1.0
CATAWBA - 30,CATAWBA - 30,5090,103,5090,1.0
CATAWBA - 31,CATAWBA - 31,4998,190,5059,0.987942281083218
CATAWBA - 31,CATAWBA - 01,45,4,5059,0.008895038545167029
CATAWBA - 31,CATAWBA - 09,16,3,5059,0.003162680371614944
CATAWBA - 32,CATAWBA - 32,3775,155,3775,1.0
CATAWBA - 33,CATAWBA - 33,5510,121,7515,0.7332002661343978
CATAWBA - 33,CATAWBA - 29,2005,59,7515,0.26679973386560213
CATAWBA - 34,CATAWBA - 34,4715,196,5252,0.8977532368621478
CATAWBA - 34,CATAWBA - 35,537,28,5252,0.10224676313785225
CATAWBA - 35,CATAWBA - 35,3399,229,3399,1.0
CATAWBA - 36,CATAWBA - 36,2448,64,2448,1.0
CATAWBA - 37,CATAWBA - 37,3312,64,3312,1.0
CATAWBA - 38,CATAWBA - 38,3026,46,3026,1.0
CATAWBA - 39,CATAWBA - 39,2334,47,2334,1.0
CATAWBA - 4,CATAWBA - 04,1117,104,1117,1.0
CATAWBA - 40,CATAWBA - 40,1833,65,1923,0.953198127925117
CATAWBA - 40,CATAWBA - 35,74,13,1923,0.03848153926157046
CATAWBA - 40,CATAWBA - 34,10,1,1923,0.005200208008320333
CATAWBA - 40,CATAWBA - 25,6,1,1923,0.0031201248049922
CATAWBA - 41,CATAWBA - 41,3614,128,3614,1.0
CATAWBA - 41,CATAWBA - 31,0,1,3614,0.0
CATAWBA - 5,CATAWBA - 05,3849,170,3849,1.0
CATAWBA - 6,CATAWBA - 06,2658,182,2658,1.0
CATAWBA - 7,CATAWBA - 07,3754,204,3754,1.0
CATAWBA - 7,CATAWBA - 25,0,1,3754,0.0
CATAWBA - 7,CATAWBA - 35,0,3,3754,0.0
CATAWBA - 8,CATAWBA - 08,2850,167,2850,1.0
CATAWBA - 9,CATAWBA - 09,2759,72,2759,1.0
CHATHAM - 15,CHATHAM - 15,2305,71,2305,1.0
CHATHAM - 15,CHATHAM - 78,0,1,2305,0.0
CHATHAM - 18,CHATHAM - GLD118,2476,219,2476,1.0
CHATHAM - 18,MOORE - CAR,0,1,2476,0.0
CHATHAM - 20,CHATHAM - MON113,2125,156,2132,0.9967166979362101
CHATHAM - 20,HARNETT - PR28,7,8,2132,0.003283302063789869
CHATHAM - 20,LEE - B1,0,8,2132,0.0
CHATHAM - 20,WAKE - 06-10,0,2,2132,0.0
CHATHAM - 21,CHATHAM - 21,1568,64,1568,1.0
CHATHAM - 24,CHATHAM - CRD118,864,58,864,1.0
CHATHAM - 3,CHATHAM - 3,2038,170,2038,1.0
CHATHAM - 30,CHATHAM - 30,1913,140,1913,1.0
CHATHAM - 33,CHATHAM - ECL109,4847,152,5911,0.8199966164777533
CHATHAM - 33,CHATHAM - WCL108,1064,13,5911,0.18000338352224665
CHATHAM - 33,CHATHAM - NWM117,0,2,5911,0.0
CHATHAM - 36,CHATHAM - WCL108,2480,79,2480,1.0
CHATHAM - 36,ORANGE - WC,0,1,2480,0.0
CHATHAM - 42,CHATHAM - 42,2058,107,2059,0.9995143273433705
CHATHAM - 42,CHATHAM - MON113,1,10,2059,0.00048567265662943174
CHATHAM - 42,CHATHAM - EPP112,0,4,2059,0.0
CHATHAM - 45,CHATHAM - GLD118,836,54,1060,0.7886792452830189
CHATHAM - 45,CHATHAM - MON113,224,22,1060,0.21132075471698114
CHATHAM - 51,CHATHAM - WPP114,4662,149,5076,0.9184397163120568
CHATHAM - 51,CHATHAM - EPP112,414,25,5076,0.08156028368794327
CHATHAM - 54,CHATHAM - EPP112,2618,122,2618,1.0
CHATHAM - 54,CHATHAM - MON113,0,2,2618,0.0
CHATHAM - 6,CHATHAM - CRD118,839,74,839,1.0
CHATHAM - 60,CHATHAM - ESC114,3083,162,3083,1.0
CHATHAM - 61,CHATHAM - ESC114,2697,162,2697,1.0
CHATHAM - 62,CHATHAM - 85,3882,162,3887,0.9987136609210188
CHATHAM - 62,CHATHAM - ESC114,5,1,3887,0.0012863390789812194
CHATHAM - 62,RANDOLPH - SE,0,1,3887,0.0
CHATHAM - 75,CHATHAM - 75,4547,124,6490,0.7006163328197227
CHATHAM - 75,CHATHAM - NWM117,1943,34,6490,0.29938366718027737
CHATHAM - 76,CHATHAM - NWM117,4477,62,4477,1.0
CHATHAM - 76,CHATHAM - ECL109,0,1,4477,0.0
CHATHAM - 78,CHATHAM - 78,5164,106,5168,0.9992260061919505
CHATHAM - 78,CHATHAM - 42,4,2,5168,0.0007739938080495357
CHATHAM - 78,CHATHAM - NWM117,0,4,5168,0.0
CHATHAM - 9,CHATHAM - 9,1654,130,1654,1.0
CHEROKEE - ANDN,CHEROKEE - ANNW,1816,145,1816,1.0
CHEROKEE - ANDS,CHEROKEE - ANSW,1657,75,1665,0.9951951951951952
CHEROKEE - ANDS,CHEROKEE - ANNW,8,1,1665,0.004804804804804805
CHEROKEE - BELL,CHEROKEE - BELL,1403,45,1410,0.9950354609929078
CHEROKEE - BELL,CHEROKEE - BRAS,7,1,1410,0.004964539007092199
CHEROKEE - BMSCRU,CHEROKEE - MURS,2825,217,3654,0.7731253420908594
CHEROKEE - BMSCRU,CHEROKEE - BRAS,822,37,3654,0.22495894909688013
CHEROKEE - BMSCRU,CHEROKEE - PCHT,7,3,3654,0.0019157088122605363
CHEROKEE - BMSCRU,CHEROKEE - BELL,0,1,3654,0.0
CHEROKEE - CULN,CHEROKEE - CSON,954,51,1186,0.8043844856661045
CHEROKEE - CULN,CHEROKEE - RGER,232,8,1186,0.19561551433389546
CHEROKEE - GRACK,CHEROKEE - GCRK,468,45,468,1.0
CHEROKEE - GRACK,CHEROKEE - UNKA,0,2,468,0.0
CHEROKEE - HIDAM,CHEROKEE - HIWA,2185,153,2185,1.0
CHEROKEE - HMNCRU,CHEROKEE - MURN,2343,143,3066,0.764187866927593
CHEROKEE - HMNCRU,CHEROKEE - HANG,723,62,3066,0.23581213307240703
CHEROKEE - HMNCRU,CHEROKEE - MURS,0,1,3066,0.0
CHEROKEE - HOTH,CHEROKEE - HOTH,1540,103,1540,1.0
CHEROKEE - MAR,CHEROKEE - MARB,1589,148,1589,1.0
CHEROKEE - PEAT,CHEROKEE - PCHT,2599,113,2599,1.0
CHEROKEE - RANG,CHEROKEE - RGER,1634,69,1732,0.9434180138568129
CHEROKEE - RANG,CHEROKEE - CSON,98,4,1732,0.05658198614318707
CHEROKEE - TOPTN,CHEROKEE - TOPT,483,41,513,0.9415204678362573
CHEROKEE - TOPTN,CHEROKEE - ANSW,30,5,513,0.05847953216374269
CHEROKEE - UNA,CHEROKEE - UNKA,596,73,628,0.9490445859872612
CHEROKEE - UNA,CHEROKEE - GCRK,32,9,628,0.050955414012738856
CHOWAN - CH,CHOWAN - 4,895,25,895,1.0
CHOWAN - EE,CHOWAN - 1,2301,118,2301,1.0
CHOWAN - RH,CHOWAN - 3,1826,91,1826,1.0
CHOWAN - W,CHOWAN - 5,1072,35,1072,1.0
CHOWAN - WE,CHOWAN - 2,3399,118,3399,1.0
CHOWAN - Y,CHOWAN - 6,1621,77,1621,1.0
CLAY - BRAS,CLAY - BRAS,846,49,846,1.0
CLAY - HAY1,CLAY - HAY1,1264,52,1264,1.0
CLAY - HAY2,CLAY - HAY2,1484,95,1484,1.0
CLAY - HAYC,CLAY - HAYC,476,39,476,1.0
CLAY - HIAW,CLAY - HIAW,1571,76,1571,1.0
CLAY - SHCR,CLAY - SHCR,1291,90,1291,1.0
CLAY - SHCR,MACON - 12,0,1,1291,0.0
CLAY - SWEE,CLAY - SWEE,812,47,812,1.0
CLAY - TUSQ,CLAY - TUSQ,659,52,659,1.0
CLAY - WARN,CLAY - WARN,827,40,827,1.0
CLEVELAND - BETHWR,CLEVELAND - BETHWR,2040,45,2040,1.0
CLEVELAND - BSPGS,CLEVELAND - BR,5152,141,5161,0.9982561519085449
CLEVELAND - BSPGS,CLEVELAND - LATT,9,2,5161,0.0017438480914551443
CLEVELAND - CASAR,CLEVELAND - CASAR,1467,91,1481,0.9905469277515192
CLEVELAND - CASAR,CLEVELAND - MULLS,14,2,1481,0.009453072248480757
CLEVELAND - CASAR,BURKE - 0071,0,1,1481,0.0
CLEVELAND - CASAR,RUTHERFORD - 10A,0,1,1481,0.0
CLEVELAND - FALSTN,CLEVELAND - FALSTN,1770,68,1770,1.0
CLEVELAND - GROVER,CLEVELAND - GROVER,3839,119,3839,1.0
CLEVELAND - H-SPGS,CLEVELAND - BR,878,49,878,1.0
CLEVELAND - KINGST,CLEVELAND - KINGST,906,21,906,1.0
CLEVELAND - KINGST,CLEVELAND - POLKVL,0,1,906,0.0
CLEVELAND - KM1,CLEVELAND - KM N,2981,108,3150,0.9463492063492064
CLEVELAND - KM1,GASTON - 6A,127,9,3150,0.040317460317460314
CLEVELAND - KM1,GASTON - 7A,42,2,3150,0.013333333333333334
CLEVELAND - KM2,CLEVELAND - KM N,2678,90,2678,1.0
CLEVELAND - KM2,CLEVELAND - BETHWR,0,4,2678,0.0
CLEVELAND - KM2,CLEVELAND - KM S,0,3,2678,0.0
CLEVELAND - KM2,GASTON - 6A,0,2,2678,0.0
CLEVELAND - KM3,CLEVELAND - KM S,3186,102,3186,1.0
CLEVELAND - KM4,CLEVELAND - KM S,1900,85,1906,0.9968520461699895
CLEVELAND - KM4,GASTON - 6A,6,1,1906,0.0031479538300104933
CLEVELAND - LATT,CLEVELAND - LATT,3358,207,3470,0.9677233429394813
CLEVELAND - LATT,CLEVELAND - BR,111,2,3470,0.031988472622478385
CLEVELAND - LATT,CLEVELAND - S N,1,1,3470,0.00028818443804034583
CLEVELAND - LAWNDL,CLEVELAND - LAWNDL,1959,118,1959,1.0
CLEVELAND - LAWNDL,CLEVELAND - S N,0,1,1959,0.0
CLEVELAND - MRB-YO,CLEVELAND - MRB-YO,1763,123,1763,1.0
CLEVELAND - MRB-YO,CLEVELAND - BR,0,3,1763,0.0
CLEVELAND - MULLS,CLEVELAND - MULLS,2358,133,2358,1.0
CLEVELAND - MULLS,BURKE - 0071,0,1,2358,0.0
CLEVELAND - MULLS,CLEVELAND - CASAR,0,1,2358,0.0
CLEVELAND - OAKGR,CLEVELAND - OAKGRV,4059,67,4059,1.0
CLEVELAND - POLKVL,CLEVELAND - POLKVL,2679,145,2679,1.0
CLEVELAND - POLKVL,CLEVELAND - KINGST,0,2,2679,0.0
CLEVELAND - RIPPY,CLEVELAND - RIPPY,4419,131,4419,1.0
CLEVELAND - S1,CLEVELAND - S C,2236,104,2236,1.0
CLEVELAND - S2,CLEVELAND - S C,3312,128,3312,1.0
CLEVELAND - S3,CLEVELAND - S C,2810,139,2810,1.0
CLEVELAND - S4,CLEVELAND - S N,2774,105,2774,1.0
CLEVELAND - S4,CLEVELAND - LAWNDL,0,2,2774,0.0
CLEVELAND - S5,CLEVELAND - S E,2769,72,2769,1.0
CLEVELAND - S5,CLEVELAND - WACO,0,1,2769,0.0
CLEVELAND - S6,CLEVELAND - S S,3984,156,3984,1.0
CLEVELAND - S6,CLEVELAND - S C,0,1,3984,0.0
CLEVELAND - S6,CLEVELAND - S E,0,3,3984,0.0
CLEVELAND - S7,CLEVELAND - S S,3161,88,3161,1.0
CLEVELAND - S7,CLEVELAND - S C,0,4,3161,0.0
CLEVELAND - S8,CLEVELAND - S N,2462,77,2462,1.0
CLEVELAND - SHANGI,CLEVELAND - SHANGI,2945,87,2945,1.0
CLEVELAND - SHANGI,CLEVELAND - BR,0,2,2945,0.0
CLEVELAND - SHANGI,CLEVELAND - LATT,0,3,2945,0.0
CLEVELAND - SHANGI,CLEVELAND - S N,0,3,2945,0.0
CLEVELAND - WACO,CLEVELAND - WACO,4052,120,4052,1.0
CLEVELAND - WACO,CLEVELAND - OAKGRV,0,1,4052,0.0
COLUMBUS - BOGUE,COLUMBUS - P117,1730,130,1941,0.8912931478619268
COLUMBUS - BOGUE,COLUMBUS - P16B,211,9,1941,0.10870685213807316
COLUMBUS - BOL,COLUMBUS - P02B,998,174,1068,0.9344569288389513
COLUMBUS - BOL,COLUMBUS - P16B,58,10,1068,0.054307116104868915
COLUMBUS - BOL,COLUMBUS - P14,12,1,1068,0.011235955056179775
COLUMBUS - BUG1,COLUMBUS - P534,625,35,625,1.0
COLUMBUS - BUG2,COLUMBUS - P534,442,27,442,1.0
COLUMBUS - BUG3,COLUMBUS - P534,409,24,409,1.0
COLUMBUS - BUG3,BRUNSWICK - WB01,0,1,409,0.0
COLUMBUS - CG,COLUMBUS - P06,866,67,866,1.0
COLUMBUS - CG,COLUMBUS - P89,0,1,866,0.0
COLUMBUS - CHAD,COLUMBUS - P07,3207,221,3207,1.0
COLUMBUS - CHAD,COLUMBUS - P245,0,1,3207,0.0
COLUMBUS - CHGR,COLUMBUS - P89,481,57,481,1.0
COLUMBUS - ELEES,COLUMBUS - P121,843,38,843,1.0
COLUMBUS - ELEES,BRUNSWICK - WB01,0,1,843,0.0
COLUMBUS - FB,COLUMBUS - P89,1053,122,1053,1.0
COLUMBUS - NLEES,COLUMBUS - P121,1590,45,1590,1.0
COLUMBUS - NWH,COLUMBUS - P82,1136,25,1136,1.0
COLUMBUS - RAN,COLUMBUS - P14,3453,272,3462,0.9974003466204506
COLUMBUS - RAN,BLADEN - P30,9,2,3462,0.0025996533795493936
COLUMBUS - RAN,BRUNSWICK - CB01,0,1,3462,0.0
COLUMBUS - RAN,BRUNSWICK - NB01,0,1,3462,0.0
COLUMBUS - SLEES,COLUMBUS - P121,218,23,218,1.0
COLUMBUS - SLEES,COLUMBUS - P02B,0,1,218,0.0
COLUMBUS - SWH,COLUMBUS - P22A,2247,95,2247,1.0
COLUMBUS - SWH,COLUMBUS - P117,0,2,2247,0.0
COLUMBUS - SWH,COLUMBUS - P223,0,3,2247,0.0
COLUMBUS - SWH,COLUMBUS - P245,0,1,2247,0.0
COLUMBUS - SWM,COLUMBUS - P26B,4839,179,4839,1.0
COLUMBUS - TATUM,COLUMBUS - P15,2309,114,2309,1.0
COLUMBUS - TATUM,COLUMBUS - P07,0,1,2309,0.0
COLUMBUS - WAC,COLUMBUS - P16B,1467,109,1467,1.0
COLUMBUS - WCREEK,COLUMBUS - P117,1258,58,1258,1.0
COLUMBUS - WCREEK,BLADEN - P75,0,4,1258,0.0
COLUMBUS - WH1,COLUMBUS - P19,2716,112,2716,1.0
COLUMBUS - WH2,COLUMBUS - P223,1023,96,1041,0.9827089337175793
COLUMBUS - WH2,COLUMBUS - P22A,18,3,1041,0.01729106628242075
COLUMBUS - WLEES,COLUMBUS - P534,776,28,776,1.0
COLUMBUS - WM1,COLUMBUS - P245,2117,91,2120,0.9985849056603774
COLUMBUS - WM1,COLUMBUS - P26B,3,3,2120,0.0014150943396226414
COLUMBUS - WM2,COLUMBUS - P245,1396,46,1483,0.9413351314902225
COLUMBUS - WM2,COLUMBUS - P26B,87,9,1483,0.05866486850977748
COLUMBUS - WPRO,COLUMBUS - P82,596,45,596,1.0
COLUMBUS - WPRO,BLADEN - P25,0,1,596,0.0
COLUMBUS - WWH,COLUMBUS - P223,2075,97,2075,1.0
COLUMBUS - WWH,COLUMBUS - P19,0,3,2075,0.0
CRAVEN - 10,CRAVEN - CFB8,591,21,969,0.6099071207430341
CRAVEN - 10,CRAVEN - DFB9,378,16,969,0.39009287925696595
CRAVEN - 10,LENOIR - C,0,1,969,0.0
CRAVEN - 10,PITT - 1001,0,1,969,0.0
CRAVEN - 11,CRAVEN - 11,3340,194,3340,1.0
CRAVEN - 12,CRAVEN - TE13,567,53,567,1.0
CRAVEN - 13,CRAVEN - TE13,829,60,829,1.0
CRAVEN - 14,CRAVEN - VE14,4640,148,4647,0.9984936518183775
CRAVEN - 14,PITT - 0601,7,6,4647,0.001506348181622552
CRAVEN - 15,CRAVEN - VE14,1057,39,1065,0.9924882629107982
CRAVEN - 15,PITT - 1001,8,5,1065,0.007511737089201878
CRAVEN - 15,PITT - 1301,0,1,1065,0.0
CRAVEN - 16,CRAVEN - 23,5605,165,10108,0.5545112781954887
CRAVEN - 16,CRAVEN - 16,4503,84,10108,0.44548872180451127
CRAVEN - 17,CRAVEN - 17,2660,81,2660,1.0
CRAVEN - 17,CRAVEN - 02,0,1,2660,0.0
CRAVEN - 17,JONES - P07,0,3,2660,0.0
CRAVEN - 18,CRAVEN - 02,14012,492,14012,1.0
CRAVEN - 18,CARTERET - NPT1,0,1,14012,0.0
CRAVEN - 18,CARTERET - STEL,0,2,14012,0.0
CRAVEN - 18,JONES - P07,0,2,14012,0.0
CRAVEN - 19,CRAVEN - 19,3144,129,3144,1.0
CRAVEN - 20,CRAVEN - 20,3086,37,3086,1.0
CRAVEN - 21,CRAVEN - 21,2929,70,2929,1.0
CRAVEN - 3,CRAVEN - 03,3308,67,3308,1.0
CRAVEN - 4,CRAVEN - CLR4,1169,51,1169,1.0
CRAVEN - 4,JONES - P04,0,1,1169,0.0
CRAVEN - 5,CRAVEN - 05,2548,40,2548,1.0
CRAVEN - 6,CRAVEN - CLR4,1188,65,1535,0.7739413680781759
CRAVEN - 6,CRAVEN - N4,347,2,1535,0.2260586319218241
CRAVEN - 7,CRAVEN - 07,2509,94,2509,1.0
CRAVEN - 8,CRAVEN - CFB8,941,63,941,1.0
CRAVEN - 8,JONES - P01,0,1,941,0.0
CRAVEN - 8,JONES - P05,0,3,941,0.0
CRAVEN - 9,CRAVEN - DFB9,548,42,548,1.0
CRAVEN - N1,CRAVEN - N1,2188,120,2188,1.0
CRAVEN - N2,CRAVEN - N2,2454,112,2478,0.9903147699757869
CRAVEN - N2,CRAVEN - N3N5,24,1,2478,0.009685230024213076
CRAVEN - N3,CRAVEN - N3N5,2121,77,2121,1.0
CRAVEN - N4,CRAVEN - N4,5847,71,5847,1.0
CRAVEN - N5,CRAVEN - N3N5,2175,110,2175,1.0
CRAVEN - N6,CRAVEN - N6,5075,98,5075,1.0
CUMBERLAND - AL51,CUMBERLAND - AL51-2,2252,35,5411,0.41618924413232306
CUMBERLAND - AL51,CUMBERLAND - AL51-3,1692,42,5411,0.3126963592681575
CUMBERLAND - AL51,CUMBERLAND - AL51-1,1467,22,5411,0.2711143965995195
CUMBERLAND - AL51,BLADEN - P60,0,1,5411,0.0
CUMBERLAND - AL51,ROBESON - 21,0,2,5411,0.0
CUMBERLAND - AR49,CUMBERLAND - AH49,3734,44,3779,0.9880920878539297
CUMBERLAND - AR49,CUMBERLAND - G8A,45,3,3779,0.01190791214607039
CUMBERLAND - AU50,CUMBERLAND - G5A-1,2708,36,6569,0.41223930583041557
CUMBERLAND - AU50,CUMBERLAND - G5A-2,2513,56,6569,0.38255442228649716
CUMBERLAND - AU50,CUMBERLAND - G5B-2,1348,13,6569,0.20520627188308724
CUMBERLAND - BD52,CUMBERLAND - G6B,1140,52,1266,0.9004739336492891
CUMBERLAND - BD52,CUMBERLAND - G6C,126,14,1266,0.0995260663507109
CUMBERLAND - BD52,BLADEN - P70,0,1,1266,0.0
CUMBERLAND - BR54,CUMBERLAND - G7A,1402,111,1541,0.9097988319273199
CUMBERLAND - BR54,CUMBERLAND - G7B,139,20,1541,0.09020116807268008
CUMBERLAND - BW55,CUMBERLAND - G5C,2407,40,2407,1.0
CUMBERLAND - CC1,CUMBERLAND - CC01,2931,201,2931,1.0
CUMBERLAND - CC10,CUMBERLAND - CC10,1291,21,1291,1.0
CUMBERLAND - CC11,CUMBERLAND - G3B,1367,75,1451,0.9421088904203997
CUMBERLAND - CC11,CUMBERLAND - G3A-2C,81,34,1451,0.055823569951757405
CUMBERLAND - CC11,CUMBERLAND - G3C,3,7,1451,0.002067539627842867
CUMBERLAND - CC12,CUMBERLAND - CC12,1714,34,1714,1.0
CUMBERLAND - CC13,CUMBERLAND - CC13,2940,44,2940,1.0
CUMBERLAND - CC14,CUMBERLAND - CC14,3340,65,3340,1.0
CUMBERLAND - CC15,CUMBERLAND - CC15,3206,61,3206,1.0
CUMBERLAND - CC16,CUMBERLAND - CC16,1901,38,1901,1.0
CUMBERLAND - CC17,CUMBERLAND - CC17,2683,119,2683,1.0
CUMBERLAND - CC18,CUMBERLAND - CC18,1672,50,1672,1.0
CUMBERLAND - CC19,CUMBERLAND - CC519,732,72,732,1.0
CUMBERLAND - CC2,CUMBERLAND - G1A,1602,96,1622,0.9876695437731196
CUMBERLAND - CC2,CUMBERLAND - G1B,20,3,1622,0.012330456226880395
CUMBERLAND - CC2,CUMBERLAND - EO01,0,1,1622,0.0
CUMBERLAND - CC20,CUMBERLAND - G4B,1439,49,1466,0.9815825375170532
CUMBERLAND - CC20,CUMBERLAND - G4A,27,8,1466,0.018417462482946793
CUMBERLAND - CC21,CUMBERLAND - CC21,4247,87,4247,1.0
CUMBERLAND - CC22,CUMBERLAND - CC22A,4494,95,4494,1.0
CUMBERLAND - CC22,CUMBERLAND - G2C-1,0,1,4494,0.0
CUMBERLAND - CC23,CUMBERLAND - G2C-1,3235,47,6292,0.5141449459631278
CUMBERLAND - CC23,CUMBERLAND - CC23-2,1907,32,6292,0.3030832803560076
CUMBERLAND - CC23,CUMBERLAND - CC22A,603,7,6292,0.09583598219961856
CUMBERLAND - CC23,CUMBERLAND - LO66A,387,17,6292,0.06150667514303878
CUMBERLAND - CC23,CUMBERLAND - G2E-1,160,5,6292,0.02542911633820725
CUMBERLAND - CC24,CUMBERLAND - CC24,2058,50,2058,1.0
CUMBERLAND - CC25,CUMBERLAND - CC25,2394,34,2394,1.0
CUMBERLAND - CC25,CUMBERLAND - MR02,0,6,2394,0.0
CUMBERLAND - CC26,CUMBERLAND - CC26,4604,39,4604,1.0
CUMBERLAND - CC26,CUMBERLAND - CC24,0,1,4604,0.0
CUMBERLAND - CC27,CUMBERLAND - CC27,5810,64,5810,1.0
CUMBERLAND - CC28,CUMBERLAND - G5B-1,3956,31,6173,0.6408553377612182
CUMBERLAND - CC28,CUMBERLAND - G5B-2,1523,18,6173,0.24671958529078244
CUMBERLAND - CC28,CUMBERLAND - G5C,543,7,6173,0.08796371294346347
CUMBERLAND - CC28,CUMBERLAND - G5A-1,151,1,6173,0.02446136400453588
CUMBERLAND - CC29,CUMBERLAND - CC29,3055,43,3055,1.0
CUMBERLAND - CC3,CUMBERLAND - CC03,2524,78,2524,1.0
CUMBERLAND - CC30,CUMBERLAND - G4A,1777,66,1777,1.0
CUMBERLAND - CC31,CUMBERLAND - CC31,2595,72,2595,1.0
CUMBERLAND - CC32,CUMBERLAND - CC32,1781,18,1781,1.0
CUMBERLAND - CC33,CUMBERLAND - CC33,2623,54,2623,1.0
CUMBERLAND - CC34,CUMBERLAND - CC34,2362,27,2362,1.0
CUMBERLAND - CC4,CUMBERLAND - CC04,1328,40,1328,1.0
CUMBERLAND - CC5,CUMBERLAND - CC519,2415,52,2415,1.0
CUMBERLAND - CC56,CUMBERLAND - G6C,2005,46,2040,0.9828431372549019
CUMBERLAND - CC56,CUMBERLAND - G6B,35,2,2040,0.01715686274509804
CUMBERLAND - CC6,CUMBERLAND - CC06,1546,45,1546,1.0
CUMBERLAND - CC7,CUMBERLAND - CC07,1194,41,1194,1.0
CUMBERLAND - CC8,CUMBERLAND - CC08,1340,40,1340,1.0
CUMBERLAND - CC9,CUMBERLAND - G2A,3594,65,5410,0.6643253234750462
CUMBERLAND - CC9,CUMBERLAND - G2E-2,1816,14,5410,0.3356746765249538
CUMBERLAND - CL57,CUMBERLAND - CL57-1,3474,48,6796,0.5111830488522661
CUMBERLAND - CL57,CUMBERLAND - CL57-2,3322,47,6796,0.48881695114773394
CUMBERLAND - CU1,CUMBERLAND - G8A,4299,61,7569,0.5679746333729687
CUMBERLAND - CU1,CUMBERLAND - G8B,2792,44,7569,0.36887303474699434
CUMBERLAND - CU1,CUMBERLAND - AH49,468,10,7569,0.06183115338882283
CUMBERLAND - CU1,CUMBERLAND - G8C,10,1,7569,0.001321178491214163
CUMBERLAND - CU2,CUMBERLAND - CU02,2296,41,2296,1.0
CUMBERLAND - CU2,CUMBERLAND - G4B,0,1,2296,0.0
CUMBERLAND - CU3,CUMBERLAND - G8C,2691,56,2754,0.9771241830065359
CUMBERLAND - CU3,CUMBERLAND - G8D,63,7,2754,0.02287581699346405
CUMBERLAND - EO61,CUMBERLAND - EO01,3210,155,5287,0.6071496122564781
CUMBERLAND - EO61,CUMBERLAND - EO02,2077,58,5287,0.3928503877435218
CUMBERLAND - HM1,CUMBERLAND - G8D,3397,79,6381,0.5323616987932925
CUMBERLAND - HM1,CUMBERLAND - G10B,2443,47,6381,0.38285535182573266
CUMBERLAND - HM1,CUMBERLAND - G8C,336,8,6381,0.052656323460272686
CUMBERLAND - HM1,CUMBERLAND - G8B,121,4,6381,0.01896254505563391
CUMBERLAND - HM1,CUMBERLAND - G10A,63,3,6381,0.009873060648801129
CUMBERLAND - HM1,CUMBERLAND - G8A,21,3,6381,0.003291020216267043
CUMBERLAND - HM2,CUMBERLAND - G9B-1,5474,112,11151,0.4908976773383553
CUMBERLAND - HM2,CUMBERLAND - G9B-2,5081,110,11151,0.45565420141691326
CUMBERLAND - HM2,CUMBERLAND - G9A-3,596,24,11151,0.05344812124473142
CUMBERLAND - HM2,CUMBERLAND - G3A-1,0,3,11151,0.0
CUMBERLAND - HM3,CUMBERLAND - G9A-3,2730,61,2792,0.9777936962750716
CUMBERLAND - HM3,CUMBERLAND - G3A-1,46,2,2792,0.0164756446991404
CUMBERLAND - HM3,CUMBERLAND - G3A-2C,16,2,2792,0.0057306590257879654
CUMBERLAND - HM3,CUMBERLAND - G9B-1,0,4,2792,0.0
CUMBERLAND - JV64,CUMBERLAND - G1B,4208,77,5388,0.7809948032665182
CUMBERLAND - JV64,CUMBERLAND - G1A,1180,44,5388,0.21900519673348182
CUMBERLAND - LI65,CUMBERLAND - LI65,3763,122,3763,1.0
CUMBERLAND - LI65,HARNETT - PR35,0,1,3763,0.0
CUMBERLAND - LI65,HARNETT - PR38,0,5,3763,0.0
CUMBERLAND - LO66,CUMBERLAND - LO66A,4117,81,5802,0.7095829024474319
CUMBERLAND - LO66,CUMBERLAND - CC23-2,1317,29,5802,0.22699069286452947
CUMBERLAND - LO66,CUMBERLAND - CC22A,339,24,5802,0.05842812823164426
CUMBERLAND - LO66,CUMBERLAND - G2C-1,29,2,5802,0.004998276456394347
CUMBERLAND - LR63,CUMBERLAND - LR63,5157,70,5157,1.0
CUMBERLAND - MA67,CUMBERLAND - G11B,18715,595,20417,0.9166380957045599
CUMBERLAND - MA67,CUMBERLAND - SL78-3,1702,82,20417,0.08336190429544008
CUMBERLAND - MA67,CUMBERLAND - CL57-1,0,3,20417,0.0
CUMBERLAND - MB62,CUMBERLAND - MB62,3503,53,3568,0.9817825112107623
CUMBERLAND - MB62,CUMBERLAND - LR63,65,1,3568,0.01821748878923767
CUMBERLAND - MB62,CUMBERLAND - CL57-1,0,2,3568,0.0
CUMBERLAND - MR2,CUMBERLAND - MR02,3999,56,3999,1.0
CUMBERLAND - PM2,CUMBERLAND - G3A-1,4585,68,7931,0.5781112091791704
CUMBERLAND - PM2,CUMBERLAND - G3A-2C,3346,92,7931,0.42188879082082964
CUMBERLAND - PM2,CUMBERLAND - G9A-3,0,3,7931,0.0
CUMBERLAND - PM3,CUMBERLAND - G3C,1597,162,1749,0.9130931961120641
CUMBERLAND - PM3,CUMBERLAND - G3B,152,18,1749,0.08690680388793597
CUMBERLAND - PM3,CUMBERLAND - CC01,0,4,1749,0.0
CUMBERLAND - PM3,CUMBERLAND - G3A-1,0,3,1749,0.0
CUMBERLAND - PM3,CUMBERLAND - G3A-2C,0,1,1749,0.0
CUMBERLAND - PM4,CUMBERLAND - G4C,2591,39,3289,0.787777439951353
CUMBERLAND - PM4,CUMBERLAND - G4B,698,20,3289,0.212222560048647
CUMBERLAND - SH77,CUMBERLAND - SH77,3079,57,3079,1.0
CUMBERLAND - SL78,CUMBERLAND - SL78-3,5809,160,5832,0.9960562414266118
CUMBERLAND - SL78,CUMBERLAND - G11B,23,4,5832,0.003943758573388203
CUMBERLAND - SP80,CUMBERLAND - G10A,5365,94,11070,0.484643179765131
CUMBERLAND - SP80,CUMBERLAND - G10C,4691,104,11070,0.42375790424570914
CUMBERLAND - SP80,CUMBERLAND - G10B,946,23,11070,0.08545618789521228
CUMBERLAND - SP80,CUMBERLAND - G9B-1,53,11,11070,0.004787714543812105
CUMBERLAND - SP80,CUMBERLAND - G8D,15,8,11070,0.0013550135501355014
CUMBERLAND - ST79,CUMBERLAND - G6A,4994,121,5093,0.980561555075594
CUMBERLAND - ST79,CUMBERLAND - G6B,99,8,5093,0.019438444924406047
CUMBERLAND - ST79,SAMPSON - CLEM,0,1,5093,0.0
CUMBERLAND - WA81,CUMBERLAND - G7B,1186,100,1191,0.9958018471872376
CUMBERLAND - WA81,CUMBERLAND - EO02,5,1,1191,0.0041981528127623844
CUMBERLAND - WA81,CUMBERLAND - EO01,0,2,1191,0.0
CUMBERLAND - WE82,CUMBERLAND - G2E-1,2384,48,6048,0.3941798941798942
CUMBERLAND - WE82,CUMBERLAND - G2A,1566,18,6048,0.25892857142857145
CUMBERLAND - WE82,CUMBERLAND - G2E-2,1532,53,6048,0.2533068783068783
CUMBERLAND - WE82,CUMBERLAND - CC22A,385,13,6048,0.06365740740740741
CUMBERLAND - WE82,CUMBERLAND - G2C-1,177,5,6048,0.029265873015873016
CUMBERLAND - WE82,CUMBERLAND - CC17,4,2,6048,0.0006613756613756613
CUMBERLAND - WE82,CUMBERLAND - G11B,0,1,6048,0.0
CURRITUCK - CB,CURRITUCK - CB,273,82,273,1.0
CURRITUCK - CH,CURRITUCK - CH,4130,47,4130,1.0
CURRITUCK - CI,CURRITUCK - CO,271,8,271,1.0
CURRITUCK - CJ,CURRITUCK - CO,915,23,915,1.0
CURRITUCK - GW,CURRITUCK - GW,355,8,355,1.0
CURRITUCK - IR,CURRITUCK - IR,1290,34,1290,1.0
CURRITUCK - KI,CURRITUCK - KI,1210,29,1210,1.0
CURRITUCK - MY,CURRITUCK - WM,3759,58,6357,0.5913166588013213
CURRITUCK - MY,CURRITUCK - EM,2598,41,6357,0.4086833411986786
CURRITUCK - PB,CURRITUCK - PB,4202,81,4202,1.0
CURRITUCK - PP,CURRITUCK - PP,1922,34,1922,1.0
CURRITUCK - WH,CURRITUCK - WH,1079,78,1079,1.0
DARE - AVON,DARE - AVON,728,61,728,1.0
DARE - AVON,DARE - CHCA,0,8,728,0.0
DARE - BUX,DARE - BUX,1114,39,1114,1.0
DARE - CHICA,DARE - CHCA,582,104,582,1.0
DARE - COL,DARE - COL,3606,43,3621,0.995857497928749
DARE - COL,DARE - KDH,15,8,3621,0.004142502071251036
DARE - COL,DARE - KTHK,0,4,3621,0.0
DARE - DUCK,DARE - DUCK,684,23,684,1.0
DARE - EL,DARE - EL,100,242,100,1.0
DARE - FR,DARE - FRCO,754,23,754,1.0
DARE - HAT,DARE - HAT,476,35,476,1.0
DARE - HAT,DARE - BUX,0,5,476,0.0
DARE - HAT,DARE - FRCO,0,4,476,0.0
DARE - KDH,DARE - KDH,6284,266,6284,1.0
DARE - KH,DARE - KTHK,2982,104,2982,1.0
DARE - KH,DARE - SOSH,0,1,2982,0.0
DARE - MH,DARE - MH,647,43,647,1.0
DARE - MH,DARE - AVON,0,4,647,0.0
DARE - MH,DARE - CHCA,0,20,647,0.0
DARE - MH,DARE - WAN,0,4,647,0.0
DARE - MTO,DARE - MATO,4002,98,4002,1.0
DARE - MTO,DARE - NGHD,0,7,4002,0.0
DARE - MTO,DARE - WAN,0,11,4002,0.0
DARE - MTOINC,DARE - MATO,1230,67,1230,1.0
DARE - NH,DARE - NGHD,2732,142,2732,1.0
DARE - SOSHS,DARE - SOSH,3148,71,3148,1.0
DARE - SOSHS,DARE - DUCK,0,5,3148,0.0
DARE - STPT,DARE - STPT,163,147,163,1.0
DARE - WAN,DARE - WAN,1198,21,1198,1.0
DARE - ZZZZZZ,DARE - DUCK,2,2,7,0.2857142857142857
DARE - ZZZZZZ,DARE - NGHD,2,2,7,0.2857142857142857
DARE - ZZZZZZ,DARE - KDH,1,1,7,0.14285714285714285
DARE - ZZZZZZ,DARE - KTHK,1,1,7,0.14285714285714285
DARE - ZZZZZZ,DARE - SOSH,1,1,7,0.14285714285714285
DAVIDSON - 02,DAVIDSON - 86A,4155,58,7147,0.5813628095704492
DAVIDSON - 02,DAVIDSON - 88,2818,68,7147,0.394291311039597
DAVIDSON - 02,DAVIDSON - 80A,174,12,7147,0.024345879389953827
DAVIDSON - 04,DAVIDSON - 04,6042,91,6042,1.0
DAVIDSON - 06,DAVIDSON - 06,3735,111,3735,1.0
DAVIDSON - 06,DAVIDSON - 78,0,1,3735,0.0
DAVIDSON - 08,DAVIDSON - 08,1194,46,1198,0.996661101836394
DAVIDSON - 08,DAVIDSON - 52,4,1,1198,0.00333889816360601
DAVIDSON - 08,DAVIDSON - 40,0,1,1198,0.0
DAVIDSON - 10,DAVIDSON - 10,3064,76,3064,1.0
DAVIDSON - 12,DAVIDSON - 12,1030,99,1030,1.0
DAVIDSON - 14,DAVIDSON - 14,2169,123,2169,1.0
DAVIDSON - 14,DAVIDSON - 56,0,1,2169,0.0
DAVIDSON - 16,DAVIDSON - 16,3581,61,3581,1.0
DAVIDSON - 16,FORSYTH - 042,0,3,3581,0.0
DAVIDSON - 18,DAVIDSON - 18,2210,104,2210,1.0
DAVIDSON - 20,DAVIDSON - 20,3060,88,3060,1.0
DAVIDSON - 22,DAVIDSON - 22,1338,64,1362,0.9823788546255506
DAVIDSON - 22,DAVIDSON - 34,16,1,1362,0.011747430249632892
DAVIDSON - 22,DAVIDSON - 36,8,1,1362,0.005873715124816446
DAVIDSON - 24,DAVIDSON - 24,1748,49,1818,0.9614961496149615
DAVIDSON - 24,DAVIDSON - 34,70,3,1818,0.03850385038503851
DAVIDSON - 26,DAVIDSON - 26,1315,40,1488,0.883736559139785
DAVIDSON - 26,DAVIDSON - 34,173,1,1488,0.11626344086021505
DAVIDSON - 28,DAVIDSON - 28,3317,110,3317,1.0
DAVIDSON - 30,DAVIDSON - 30,2597,71,2597,1.0
DAVIDSON - 30,DAVIDSON - 28,0,1,2597,0.0
DAVIDSON - 32,DAVIDSON - 32,2041,97,2041,1.0
DAVIDSON - 32,DAVIDSON - 28,0,1,2041,0.0
DAVIDSON - 34,DAVIDSON - 34,2464,116,2498,0.9863891112890312
DAVIDSON - 34,DAVIDSON - 24,34,3,2498,0.013610888710968775
DAVIDSON - 36,DAVIDSON - 36,1875,97,1875,1.0
DAVIDSON - 36,DAVIDSON - 22,0,1,1875,0.0
DAVIDSON - 38,DAVIDSON - 38,1966,135,1966,1.0
DAVIDSON - 38,DAVIDSON - 20,0,1,1966,0.0
DAVIDSON - 40,DAVIDSON - 40,2681,109,2697,0.9940674823878384
DAVIDSON - 40,DAVIDSON - 10,11,1,2697,0.004078605858361142
DAVIDSON - 40,DAVIDSON - 20,5,1,2697,0.0018539117538005192
DAVIDSON - 40,DAVIDSON - 08,0,1,2697,0.0
DAVIDSON - 40,DAVIDSON - 52,0,1,2697,0.0
DAVIDSON - 42,DAVIDSON - 42,3061,92,3067,0.9980436909031627
DAVIDSON - 42,RANDOLPH - TB,6,5,3067,0.0019563090968373
DAVIDSON - 44,DAVIDSON - 44,4160,75,4160,1.0
DAVIDSON - 46,DAVIDSON - 46,2999,75,2999,1.0
DAVIDSON - 48,DAVIDSON - 48,2912,83,2912,1.0
DAVIDSON - 50,DAVIDSON - 50,4013,84,4013,1.0
DAVIDSON - 50,DAVIE - 10,0,1,4013,0.0
DAVIDSON - 52,DAVIDSON - 52,4932,112,4979,0.9905603534846354
DAVIDSON - 52,DAVIDSON - 08,41,5,4979,0.008234585258083953
DAVIDSON - 52,DAVIDSON - 20,6,1,4979,0.0012050612572805785
DAVIDSON - 52,DAVIDSON - 18,0,1,4979,0.0
DAVIDSON - 54,DAVIDSON - 54,2312,52,2312,1.0
DAVIDSON - 56,DAVIDSON - 56,1410,106,1415,0.9964664310954063
DAVIDSON - 56,DAVIDSON - 14,5,2,1415,0.0035335689045936395
DAVIDSON - 58,DAVIDSON - 58,3767,75,3767,1.0
DAVIDSON - 60,DAVIDSON - 60,5539,126,5544,0.9990981240981242
DAVIDSON - 60,DAVIDSON - 72,5,1,5544,0.0009018759018759019
DAVIDSON - 62,DAVIDSON - 62,2546,81,2546,1.0
DAVIDSON - 64,DAVIDSON - 64,2088,59,2088,1.0
DAVIDSON - 64,DAVIDSON - 62,0,1,2088,0.0
DAVIDSON - 66,DAVIDSON - 66,2579,117,2584,0.9980650154798761
DAVIDSON - 66,DAVIDSON - 76,5,1,2584,0.001934984520123839
DAVIDSON - 68,DAVIDSON - 68,3065,99,3065,1.0
DAVIDSON - 70,DAVIDSON - 70,2611,92,2611,1.0
DAVIDSON - 72,DAVIDSON - 72,3113,76,3113,1.0
DAVIDSON - 74,DAVIDSON - 74,4546,90,4546,1.0
DAVIDSON - 76,DAVIDSON - 76,3515,95,3524,0.9974460839954598
DAVIDSON - 76,RANDOLPH - TR,9,1,3524,0.002553916004540295
DAVIDSON - 78,DAVIDSON - 78,3879,62,3879,1.0
DAVIDSON - 78,DAVIE - 06,0,1,3879,0.0
DAVIDSON - 80,DAVIDSON - 80A,5102,92,5102,1.0
DAVIDSON - 82,DAVIDSON - 82,3155,76,3155,1.0
DAVIDSON - 82,DAVIDSON - 22,0,1,3155,0.0
DAVIDSON - 84,DAVIDSON - 84,5854,42,5871,0.9971044115142225
DAVIDSON - 84,FORSYTH - 053,17,4,5871,0.0028955884857775507
DAVIDSON - 84,FORSYTH - 121,0,1,5871,0.0
DAVIE - CLARKS,DAVIE - 03,2968,86,2972,0.9986541049798116
DAVIE - CLARKS,YADKIN - SLIB,4,4,2972,0.0013458950201884253
DAVIE - COOL,DAVIE - 04,2511,72,2511,1.0
DAVIE - ESG,DAVIE - 11,1895,62,1895,1.0
DAVIE - FARM,DAVIE - 05,2642,61,2642,1.0
DAVIE - FARM,DAVIE - 12,0,1,2642,0.0
DAVIE - FARM,YADKIN - SLIB,0,1,2642,0.0
DAVIE - FUL,DAVIE - 06,1813,62,1813,1.0
DAVIE - FUL,DAVIDSON - 48,0,1,1813,0.0
DAVIE - FUL,DAVIDSON - 78,0,1,1813,0.0
DAVIE - HILLS,DAVIE - 13,3278,83,3278,1.0
DAVIE - HILLS,DAVIE - 12,0,1,3278,0.0
DAVIE - JER,DAVIE - 07,1944,48,1944,1.0
DAVIE - NCAL,DAVIE - 01,1153,53,1153,1.0
DAVIE - NCAL,IREDELL - TB,0,2,1153,0.0
DAVIE - NMCO,DAVIE - 14,2610,110,2620,0.9961832061068703
DAVIE - NMCO,DAVIE - 08,10,4,2620,0.003816793893129771
DAVIE - NMCTY,DAVIE - 08,2692,61,2692,1.0
DAVIE - NMCTY,DAVIE - 14,0,1,2692,0.0
DAVIE - SCAL,DAVIE - 02,1291,68,1316,0.9810030395136778
DAVIE - SCAL,IREDELL - TB,25,9,1316,0.018996960486322188
DAVIE - SCAL,ROWAN - 27,0,1,1316,0.0
DAVIE - SG,DAVIE - 12,3775,55,3779,0.9989415189203493
DAVIE - SG,DAVIE - 05,4,4,3779,0.0010584810796507012
DAVIE - SM,DAVIE - 09,2651,105,2651,1.0
DAVIE - WSG,DAVIE - 10,2547,59,2547,1.0
DAVIE - WSG,FORSYTH - 053,0,1,2547,0.0
DUPLIN - ALBE,DUPLIN - ALBE,2005,76,2044,0.9809197651663405
DUPLIN - ALBE,LENOIR - PH2,39,7,2044,0.01908023483365949
DUPLIN - ALBE,WAYNE - 15,0,1,2044,0.0
DUPLIN - BEUL,DUPLIN - BEUL,3354,205,3354,1.0
DUPLIN - CALY,DUPLIN - CALY,903,123,924,0.9772727272727273
DUPLIN - CALY,WAYNE - 2530,21,5,924,0.022727272727272728
DUPLIN - CALY,WAYNE - 28,0,1,924,0.0
DUPLIN - CCRK,DUPLIN - CYCK,1392,56,1417,0.9823570924488356
DUPLIN - CCRK,ONSLOW - CL10,25,3,1417,0.017642907551164433
DUPLIN - CCRK,ONSLOW - NM13,0,1,1417,0.0
DUPLIN - CFRK,DUPLIN - CFRK,831,30,831,1.0
DUPLIN - CHAR,DUPLIN - CHAR,1531,68,1531,1.0
DUPLIN - CHIN,DUPLIN - CHIN,907,29,907,1.0
DUPLIN - CHIN,ONSLOW - CL10,0,1,907,0.0
DUPLIN - FAIS,DUPLIN - FAIS,1791,136,1791,1.0
DUPLIN - FAIS,DUPLIN - WARS,0,1,1791,0.0
DUPLIN - FAIS,SAMPSON - GIDD,0,2,1791,0.0
DUPLIN - GLIS,DUPLIN - GLIS,902,42,902,1.0
DUPLIN - HALL,DUPLIN - HALL,1493,54,1493,1.0
DUPLIN - KENA,DUPLIN - KENA,3613,209,3613,1.0
DUPLIN - LOCK,DUPLIN - WLLC,401,25,401,1.0
DUPLIN - MAGN,DUPLIN - MAGN,1863,178,1863,1.0
DUPLIN - MAGN,SAMPSON - INGO,0,1,1863,0.0
DUPLIN - MAGN,SAMPSON - ROWA,0,1,1863,0.0
DUPLIN - ROCK,DUPLIN - WLLC,1140,76,1144,0.9965034965034965
DUPLIN - ROCK,SAMPSON - HARR,4,7,1144,0.0034965034965034965
DUPLIN - ROSE,DUPLIN - ROSE,2088,188,2088,1.0
DUPLIN - SMCA,DUPLIN - SMCA,1444,55,1444,1.0
DUPLIN - SMCA,LENOIR - PH2,0,1,1444,0.0
DUPLIN - WALL,DUPLIN - WLLC,5341,393,5341,1.0
DUPLIN - WARS,DUPLIN - WARS,3863,302,3871,0.997933350555412
DUPLIN - WARS,SAMPSON - TURK,8,3,3871,0.0020666494445879618
DUPLIN - WOLF,DUPLIN - WOLF,2160,100,2160,1.0
DURHAM - 1,DURHAM - 01,1980,28,1980,1.0
DURHAM - 10,DURHAM - 10,2795,66,2795,1.0
DURHAM - 11,DURHAM - 55-11,2036,32,2714,0.7501842299189388
DURHAM - 11,DURHAM - 55-49,678,2,2714,0.24981577008106118
DURHAM - 12,DURHAM - 12,817,41,817,1.0
DURHAM - 13,DURHAM - 13,1462,40,1462,1.0
DURHAM - 14,DURHAM - 14,3228,74,3295,0.9796661608497724
DURHAM - 14,DURHAM - 31,67,2,3295,0.020333839150227618
DURHAM - 15,DURHAM - 15,2047,44,2047,1.0
DURHAM - 16,DURHAM - 57,2396,14,2396,1.0
DURHAM - 17,DURHAM - 17,4294,147,4294,1.0
DURHAM - 18,DURHAM - 18,3877,62,3877,1.0
DURHAM - 19,DURHAM - 19,3886,90,3886,1.0
DURHAM - 2,DURHAM - 02,4212,66,4212,1.0
DURHAM - 20,DURHAM - 20,2358,55,2358,1.0
DURHAM - 21,DURHAM - 21,2121,53,2121,1.0
DURHAM - 22,DURHAM - 22,6382,74,6382,1.0
DURHAM - 23,DURHAM - 23,7475,108,7475,1.0
DURHAM - 24,DURHAM - 24,5016,55,5016,1.0
DURHAM - 25,DURHAM - 25,3689,87,3689,1.0
DURHAM - 26,DURHAM - 26,1559,60,1559,1.0
DURHAM - 27,DURHAM - 27,3358,60,3467,0.968560715315835
DURHAM - 27,ORANGE - GL,51,4,3467,0.01471012402653591
DURHAM - 27,ORANGE - RF,34,2,3467,0.00980674935102394
DURHAM - 27,ORANGE - ES,24,5,3467,0.006922411306605134
DURHAM - 27,ORANGE - CF1,0,1,3467,0.0
DURHAM - 28,DURHAM - 28,6026,144,6026,1.0
DURHAM - 29,DURHAM - 29,5246,168,5246,1.0
DURHAM - 29,DURHAM - 32,0,1,5246,0.0
DURHAM - 29,GRANVILLE - BTNR,0,1,5246,0.0
DURHAM - 29,GRANVILLE - CRDM,0,1,5246,0.0
DURHAM - 29,WAKE - 14-01,0,1,5246,0.0
DURHAM - 3,DURHAM - 03,3105,59,3105,1.0
DURHAM - 30,DURHAM - 30-2,8146,125,19389,0.4201351281654546
DURHAM - 30,DURHAM - 30-3,6247,101,19389,0.32219299602867607
DURHAM - 30,DURHAM - 30-4,4996,83,19389,0.2576718758058693
DURHAM - 31,DURHAM - 31,7029,137,7029,1.0
DURHAM - 32,DURHAM - 32,5929,164,5987,0.9903123434107233
DURHAM - 32,WAKE - 08-08,41,2,5987,0.006848171037247369
DURHAM - 32,WAKE - 08-04,11,2,5987,0.001837314180724904
DURHAM - 32,WAKE - 08-03,6,2,5987,0.001002171371304493
DURHAM - 32,DURHAM - 29,0,2,5987,0.0
DURHAM - 32,WAKE - 14-01,0,8,5987,0.0
DURHAM - 33,DURHAM - 33-2,7248,185,12883,0.5626018784444617
DURHAM - 33,DURHAM - 33-1,5635,138,12883,0.4373981215555383
DURHAM - 34,DURHAM - 34-2,6432,50,9769,0.6584092537618998
DURHAM - 34,DURHAM - 34-1,3337,27,9769,0.3415907462381001
DURHAM - 35,DURHAM - 35-5,5140,59,9659,0.5321461849052697
DURHAM - 35,DURHAM - 35-4,4519,75,9659,0.4678538150947303
DURHAM - 36,DURHAM - 36,3960,33,3960,1.0
DURHAM - 37,DURHAM - 37,6306,77,6380,0.9884012539184953
DURHAM - 37,DURHAM - 24,74,1,6380,0.011598746081504702
DURHAM - 38,DURHAM - 38,9546,86,9546,1.0
DURHAM - 39,DURHAM - 56,3145,56,3145,1.0
DURHAM - 4,DURHAM - 04,1578,54,1578,1.0
DURHAM - 40,DURHAM - 40,2321,32,2321,1.0
DURHAM - 41,DURHAM - 41,1458,22,1458,1.0
DURHAM - 42,DURHAM - 42,1308,23,1308,1.0
DURHAM - 43,DURHAM - 43,7236,134,7236,1.0
DURHAM - 43,ORANGE - PA,0,1,7236,0.0
DURHAM - 44,DURHAM - 44,6390,103,6390,1.0
DURHAM - 45,DURHAM - 45,5321,105,5321,1.0
DURHAM - 46,DURHAM - 46,4781,83,4781,1.0
DURHAM - 47,DURHAM - 47,2163,28,2163,1.0
DURHAM - 47,DURHAM - 13,0,1,2163,0.0
DURHAM - 48,DURHAM - 56,1845,13,1845,1.0
DURHAM - 49,DURHAM - 55-49,1979,12,1979,1.0
DURHAM - 5,DURHAM - 05,10381,63,10381,1.0
DURHAM - 50,DURHAM - 50,4817,63,4817,1.0
DURHAM - 50,DURHAM - 37,0,1,4817,0.0
DURHAM - 51,DURHAM - 51,5694,53,5694,1.0
DURHAM - 52,DURHAM - 52,4711,51,4711,1.0
DURHAM - 53,DURHAM - 53-2,4998,76,8562,0.5837421163279608
DURHAM - 53,DURHAM - 57,3564,55,8562,0.41625788367203925
DURHAM - 54,DURHAM - 54,9608,75,9608,1.0
DURHAM - 6,DURHAM - 06,2500,47,2500,1.0
DURHAM - 7,DURHAM - 07,2981,76,2981,1.0
DURHAM - 8,DURHAM - 08,3106,73,3106,1.0
DURHAM - 9,DURHAM - 09,2622,60,2630,0.996958174904943
DURHAM - 9,DURHAM - 10,8,1,2630,0.003041825095057034
EDGECOMBE - 1-1,EDGECOMBE - 0101,2172,123,2172,1.0
EDGECOMBE - 1-2,EDGECOMBE - 0102,3775,183,3775,1.0
EDGECOMBE - 1-3,EDGECOMBE - 0103,2635,99,2635,1.0
EDGECOMBE - 1-4,EDGECOMBE - 0104,2269,77,2269,1.0
EDGECOMBE - 10-1,EDGECOMBE - 1001,2245,114,2245,1.0
EDGECOMBE - 11-1,EDGECOMBE - 1101,1155,60,1155,1.0
EDGECOMBE - 12-1,EDGECOMBE - 1201,3946,130,3946,1.0
EDGECOMBE - 12-2,EDGECOMBE - 1202,2100,101,2100,1.0
EDGECOMBE - 12-3,EDGECOMBE - 1203,3272,119,3272,1.0
EDGECOMBE - 12-4,EDGECOMBE - 1204,1694,66,1694,1.0
EDGECOMBE - 12-5,EDGECOMBE - 1205,1225,92,1225,1.0
EDGECOMBE - 13-1,EDGECOMBE - 1301,1377,34,1377,1.0
EDGECOMBE - 14-1,EDGECOMBE - 1401,1225,35,1225,1.0
EDGECOMBE - 2-1,EDGECOMBE - 0201,1236,92,1236,1.0
EDGECOMBE - 2-1,PITT - 0301,0,2,1236,0.0
EDGECOMBE - 3-1,EDGECOMBE - 0301,525,64,525,1.0
EDGECOMBE - 4-1,EDGECOMBE - 0401,628,28,628,1.0
EDGECOMBE - 5-1,EDGECOMBE - 0501,815,51,815,1.0
EDGECOMBE - 6-1,EDGECOMBE - 0601,1055,64,1055,1.0
EDGECOMBE - 6-1,HALIFAX - ENF 2,0,6,1055,0.0
EDGECOMBE - 7-1,EDGECOMBE - 0701,1832,110,1832,1.0
EDGECOMBE - 8-1,EDGECOMBE - 0801,1739,48,1739,1.0
EDGECOMBE - 8-1,PITT - 0701,0,1,1739,0.0
EDGECOMBE - 9-1,EDGECOMBE - 0901,1264,67,1265,0.9992094861660079
EDGECOMBE - 9-1,WILSON - PRSA,1,2,1265,0.0007905138339920949
FORSYTH - 011,FORSYTH - 016,2848,41,5078,0.5608507286333202
FORSYTH - 011,FORSYTH - 017,2230,46,5078,0.4391492713666798
FORSYTH - 012,FORSYTH - 012,3023,76,3052,0.9904980340760158
FORSYTH - 012,DAVIDSON - 86A,21,4,3052,0.006880733944954129
FORSYTH - 012,DAVIDSON - 80A,8,1,3052,0.002621231979030144
FORSYTH - 013,FORSYTH - 013,4285,100,4285,1.0
FORSYTH - 014,FORSYTH - 014,2608,85,2608,1.0
FORSYTH - 015,FORSYTH - 015,3409,79,3409,1.0
FORSYTH - 021,FORSYTH - 021,3960,93,3960,1.0
FORSYTH - 031,FORSYTH - 031,2227,65,2233,0.9973130317957905
FORSYTH - 031,FORSYTH - 111,6,4,2233,0.0026869682042095834
FORSYTH - 032,FORSYTH - 032,3145,136,3145,1.0
FORSYTH - 032,FORSYTH - 092,0,2,3145,0.0
FORSYTH - 033,FORSYTH - 033,3329,78,3329,1.0
FORSYTH - 034,FORSYTH - 034,2883,93,2883,1.0
FORSYTH - 042,FORSYTH - 042,4717,115,4717,1.0
FORSYTH - 043,FORSYTH - 043,4391,121,4391,1.0
FORSYTH - 051,FORSYTH - 051,3648,56,3648,1.0
FORSYTH - 052,FORSYTH - 052,1267,30,1267,1.0
FORSYTH - 053,FORSYTH - 053,2597,34,2605,0.9969289827255279
FORSYTH - 053,DAVIDSON - 84,8,2,2605,0.003071017274472169
FORSYTH - 054,FORSYTH - 054,2668,40,2668,1.0
FORSYTH - 055,FORSYTH - 055,3966,70,4039,0.981926219361228
FORSYTH - 055,FORSYTH - 077,63,5,4039,0.01559792027729636
FORSYTH - 055,FORSYTH - 076,10,2,4039,0.0024758603614756128
FORSYTH - 061,FORSYTH - 061,3106,100,3106,1.0
FORSYTH - 062,FORSYTH - 062,1939,27,1939,1.0
FORSYTH - 063,FORSYTH - 063,4374,154,4374,1.0
FORSYTH - 064,FORSYTH - 064,1598,41,1598,1.0
FORSYTH - 065,FORSYTH - 065,4206,64,4206,1.0
FORSYTH - 066,FORSYTH - 066,3342,48,3342,1.0
FORSYTH - 067,FORSYTH - 067,2757,40,2757,1.0
FORSYTH - 068,FORSYTH - 068,2772,38,2772,1.0
FORSYTH - 071,FORSYTH - 071,3824,46,3824,1.0
FORSYTH - 072,FORSYTH - 076,3477,76,6842,0.5081847413037124
FORSYTH - 072,FORSYTH - 077,3306,35,6842,0.4831920491084478
FORSYTH - 072,FORSYTH - 055,59,4,6842,0.008623209587839813
FORSYTH - 073,FORSYTH - 073,2994,56,2994,1.0
FORSYTH - 073,FORSYTH - 076,0,1,2994,0.0
FORSYTH - 074,FORSYTH - 074,3588,57,3588,1.0
FORSYTH - 075,FORSYTH - 075,778,31,778,1.0
FORSYTH - 081,FORSYTH - 081,4260,62,4260,1.0
FORSYTH - 082,FORSYTH - 084,2481,75,4939,0.5023284065600324
FORSYTH - 082,FORSYTH - 085,2458,121,4939,0.4976715934399676
FORSYTH - 083,FORSYTH - 083,2563,91,2563,1.0
FORSYTH - 091,FORSYTH - 091,2420,80,2420,1.0
FORSYTH - 092,FORSYTH - 092,1860,123,1860,1.0
FORSYTH - 101,FORSYTH - 101,2565,48,2598,0.9872979214780601
FORSYTH - 101,FORSYTH - 092,32,2,2598,0.012317167051578136
FORSYTH - 101,FORSYTH - 032,1,2,2598,0.00038491147036181676
FORSYTH - 111,FORSYTH - 111,2087,54,2087,1.0
FORSYTH - 112,FORSYTH - 112,3675,96,3675,1.0
FORSYTH - 122,FORSYTH - 121,3790,67,7461,0.507974802305321
FORSYTH - 122,FORSYTH - 124,3668,62,7461,0.49162310682214183
FORSYTH - 122,DAVIDSON - 84,3,2,7461,0.0004020908725371934
FORSYTH - 123,FORSYTH - 123,3697,57,3697,1.0
FORSYTH - 131,FORSYTH - 131,3570,71,3570,1.0
FORSYTH - 132,FORSYTH - 132,4371,97,4371,1.0
FORSYTH - 132,FORSYTH - 092,0,1,4371,0.0
FORSYTH - 133,FORSYTH - 135,3110,64,6210,0.500805152979066
FORSYTH - 133,FORSYTH - 134,3093,75,6210,0.4980676328502415
FORSYTH - 133,FORSYTH - 075,7,1,6210,0.0011272141706924316
FORSYTH - 133,YADKIN - FBSH,0,1,6210,0.0
FORSYTH - 201,FORSYTH - 208,3285,46,6337,0.5183840934195992
FORSYTH - 201,FORSYTH - 202,3052,25,6337,0.4816159065804008
FORSYTH - 203,FORSYTH - 203,1879,44,1879,1.0
FORSYTH - 204,FORSYTH - 204,1905,49,1905,1.0
FORSYTH - 205,FORSYTH - 205,895,27,895,1.0
FORSYTH - 206,FORSYTH - 206,2046,47,2046,1.0
FORSYTH - 207,FORSYTH - 207,3635,49,3635,1.0
FORSYTH - 301,FORSYTH - 301,1088,60,1088,1.0
FORSYTH - 302,FORSYTH - 302,1234,63,1234,1.0
FORSYTH - 303,FORSYTH - 303,947,23,947,1.0
FORSYTH - 303,FORSYTH - 304,0,1,947,0.0
FORSYTH - 304,FORSYTH - 304,1991,48,1991,1.0
FORSYTH - 304,FORSYTH - 303,0,1,1991,0.0
FORSYTH - 305,FORSYTH - 305,1510,20,1510,1.0
FORSYTH - 306,FORSYTH - 306,2398,49,2398,1.0
FORSYTH - 401,FORSYTH - 401,2436,68,2436,1.0
FORSYTH - 401,FORSYTH - 501,0,1,2436,0.0
FORSYTH - 401,FORSYTH - 508,0,2,2436,0.0
FORSYTH - 402,FORSYTH - 402,1494,47,1494,1.0
FORSYTH - 403,FORSYTH - 403,2270,117,2270,1.0
FORSYTH - 404,FORSYTH - 404,3720,124,3720,1.0
FORSYTH - 405,FORSYTH - 405,3158,75,3158,1.0
FORSYTH - 501,FORSYTH - 501,2320,31,2320,1.0
FORSYTH - 502,FORSYTH - 502,2077,52,2077,1.0
FORSYTH - 503,FORSYTH - 503,2318,91,2318,1.0
FORSYTH - 503,FORSYTH - 405,0,1,2318,0.0
FORSYTH - 504,FORSYTH - 504,2020,45,2020,1.0
FORSYTH - 505,FORSYTH - 505,2976,47,2976,1.0
FORSYTH - 506,FORSYTH - 506,2290,37,2290,1.0
FORSYTH - 507,FORSYTH - 508,3505,37,6199,0.5654137764155509
FORSYTH - 507,FORSYTH - 509,2694,38,6199,0.4345862235844491
FORSYTH - 601,FORSYTH - 601,2493,87,2626,0.9493526275704494
FORSYTH - 601,FORSYTH - 703,67,1,2626,0.025514089870525513
FORSYTH - 601,FORSYTH - 603,66,1,2626,0.02513328255902513
FORSYTH - 601,FORSYTH - 405,0,1,2626,0.0
FORSYTH - 601,FORSYTH - 902,0,1,2626,0.0
FORSYTH - 602,FORSYTH - 602,4950,54,4950,1.0
FORSYTH - 603,FORSYTH - 603,2438,80,2438,1.0
FORSYTH - 604,FORSYTH - 604,2570,41,2570,1.0
FORSYTH - 605,FORSYTH - 605,4566,66,4566,1.0
FORSYTH - 606,FORSYTH - 606,2422,45,2422,1.0
FORSYTH - 607,FORSYTH - 607,2666,34,2666,1.0
FORSYTH - 701,FORSYTH - 701,1726,43,1726,1.0
FORSYTH - 702,FORSYTH - 702,1600,32,1600,1.0
FORSYTH - 702,FORSYTH - 701,0,1,1600,0.0
FORSYTH - 703,FORSYTH - 703,1235,35,1235,1.0
FORSYTH - 703,FORSYTH - 701,0,2,1235,0.0
FORSYTH - 704,FORSYTH - 704,1922,36,1922,1.0
FORSYTH - 705,FORSYTH - 705,2876,87,2876,1.0
FORSYTH - 705,FORSYTH - 123,0,1,2876,0.0
FORSYTH - 706,FORSYTH - 706,1683,19,1683,1.0
FORSYTH - 707,FORSYTH - 707,1724,37,1724,1.0
FORSYTH - 708,FORSYTH - 708,4896,81,4896,1.0
FORSYTH - 709,FORSYTH - 709,3863,78,3863,1.0
FORSYTH - 801,FORSYTH - 801,1458,21,1458,1.0
FORSYTH - 802,FORSYTH - 802,1409,38,1409,1.0
FORSYTH - 803,FORSYTH - 803,1581,44,1581,1.0
FORSYTH - 804,FORSYTH - 804,1170,35,1179,0.9923664122137404
FORSYTH - 804,FORSYTH - 805,9,1,1179,0.007633587786259542
FORSYTH - 805,FORSYTH - 805,2225,36,2225,1.0
FORSYTH - 806,FORSYTH - 806,2082,25,2082,1.0
FORSYTH - 807,FORSYTH - 807,2013,26,2013,1.0
FORSYTH - 808,FORSYTH - 808,4690,33,4690,1.0
FORSYTH - 809,FORSYTH - 809,2533,44,2533,1.0
FORSYTH - 901,FORSYTH - 901,1752,56,1752,1.0
FORSYTH - 902,FORSYTH - 902,2624,65,2624,1.0
FORSYTH - 903,FORSYTH - 903,4344,44,4344,1.0
FORSYTH - 904,FORSYTH - 904,3407,42,3407,1.0
FORSYTH - 905,FORSYTH - 905,4495,32,4495,1.0
FORSYTH - 906,FORSYTH - 906,3393,40,3393,1.0
FORSYTH - 907,FORSYTH - 907,2061,31,2061,1.0
FORSYTH - 908,FORSYTH - 908,2585,54,2585,1.0
FORSYTH - 909,FORSYTH - 909,1514,28,1514,1.0
FRANKLIN - 1.01,FRANKLIN - 01,2286,114,2329,0.9815371404036067
FRANKLIN - 1.01,FRANKLIN - 02,43,2,2329,0.0184628595963933
FRANKLIN - 10.01,FRANKLIN - 10,1167,72,1181,0.9881456392887383
FRANKLIN - 10.01,FRANKLIN - 11,9,1,1181,0.007620660457239628
FRANKLIN - 10.01,FRANKLIN - 09,5,1,1181,0.004233700254022015
FRANKLIN - 10.01,NASH - P10A,0,1,1181,0.0
FRANKLIN - 11.01,FRANKLIN - 11,1919,63,1925,0.9968831168831169
FRANKLIN - 11.01,FRANKLIN - 16,5,2,1925,0.0025974025974025974
FRANKLIN - 11.01,FRANKLIN - 12,1,1,1925,0.0005194805194805195
FRANKLIN - 12.01,FRANKLIN - 12,1628,44,1633,0.9969381506429884
FRANKLIN - 12.01,FRANKLIN - 15,5,1,1633,0.003061849357011635
FRANKLIN - 13.01,FRANKLIN - 13,2311,60,2311,1.0
FRANKLIN - 14.01,FRANKLIN - 14,4489,47,4489,1.0
FRANKLIN - 14.01,FRANKLIN - 17,0,3,4489,0.0
FRANKLIN - 15.01,FRANKLIN - 15,3355,100,3701,0.9065117535801135
FRANKLIN - 15.01,FRANKLIN - 03,292,14,3701,0.07889759524452851
FRANKLIN - 15.01,FRANKLIN - 14,35,2,3701,0.009456903539583896
FRANKLIN - 15.01,FRANKLIN - 18,19,1,3701,0.005133747635774115
FRANKLIN - 2.01,FRANKLIN - 16,2210,77,4197,0.5265665951870384
FRANKLIN - 2.01,FRANKLIN - 02,1979,59,4197,0.4715272813914701
FRANKLIN - 2.01,FRANKLIN - 11,7,2,4197,0.0016678579938050988
FRANKLIN - 2.01,FRANKLIN - 01,1,1,4197,0.0002382654276864427
FRANKLIN - 2.01,FRANKLIN - 17,0,1,4197,0.0
FRANKLIN - 3.01,FRANKLIN - 03,4051,135,4084,0.9919196865817825
FRANKLIN - 3.01,FRANKLIN - 15,19,5,4084,0.00465230166503428
FRANKLIN - 3.01,FRANKLIN - 19,14,3,4084,0.0034280117531831538
FRANKLIN - 4.01,FRANKLIN - 19,6588,116,9864,0.6678832116788321
FRANKLIN - 4.01,FRANKLIN - 18,3276,70,9864,0.33211678832116787
FRANKLIN - 5.01,FRANKLIN - 17,4022,60,7113,0.5654435540559539
FRANKLIN - 5.01,FRANKLIN - 05,3053,67,7113,0.42921411500070294
FRANKLIN - 5.01,FRANKLIN - 14,20,5,7113,0.002811753128075355
FRANKLIN - 5.01,FRANKLIN - 06,12,3,7113,0.001687051876845213
FRANKLIN - 5.01,FRANKLIN - 07,6,1,7113,0.0008435259384226065
FRANKLIN - 5.01,FRANKLIN - 02,0,1,7113,0.0
FRANKLIN - 6.01,FRANKLIN - 06,2439,67,2439,1.0
FRANKLIN - 7.01,FRANKLIN - 07,2116,44,2116,1.0
FRANKLIN - 8.01,FRANKLIN - 08,3991,175,3991,1.0
FRANKLIN - 9.01,FRANKLIN - 09,1771,87,1771,1.0
FRANKLIN - 9.01,NASH - P09A,0,1,1771,0.0
GASTON - 1,GASTON - 1A,1482,66,1482,1.0
GASTON - 10,GASTON - 28A,3307,54,3307,1.0
GASTON - 11,GASTON - 1A,2559,84,2559,1.0
GASTON - 12,GASTON - 17A,4292,100,4297,0.9988363974866186
GASTON - 12,GASTON - 26A,5,2,4297,0.0011636025133814289
GASTON - 13,GASTON - 25A,3605,98,3608,0.9991685144124168
GASTON - 13,GASTON - 17A,3,1,3608,0.0008314855875831486
GASTON - 14,GASTON - 27A,1185,60,1185,1.0
GASTON - 15,GASTON - 30A,7056,72,7056,1.0
GASTON - 16,GASTON - 31A,4614,65,4614,1.0
GASTON - 16,GASTON - 32A,0,1,4614,0.0
GASTON - 17,GASTON - 3A,4758,58,4758,1.0
GASTON - 17,GASTON - 2A,0,3,4758,0.0
GASTON - 18,GASTON - 29A,5989,57,7577,0.7904183713870925
GASTON - 18,GASTON - 27A,1585,48,7577,0.2091856935462584
GASTON - 18,GASTON - 26A,3,1,7577,0.00039593506664906955
GASTON - 19,GASTON - 4A,5864,142,6079,0.9646323408455338
GASTON - 19,GASTON - 5A,199,5,6079,0.032735647310412896
GASTON - 19,GASTON - 32A,13,1,6079,0.002138509623293305
GASTON - 19,GASTON - 2A,3,1,6079,0.0004935022207599934
GASTON - 2,GASTON - 2A,3208,98,3208,1.0
GASTON - 20,GASTON - 8A,4634,165,4646,0.9974171330176496
GASTON - 20,GASTON - 15A,12,2,4646,0.002582866982350409
GASTON - 20,CLEVELAND - KM N,0,1,4646,0.0
GASTON - 21,GASTON - 7A,2837,162,2968,0.9558625336927223
GASTON - 21,GASTON - 15A,131,10,2968,0.04413746630727763
GASTON - 22,GASTON - 6A,4809,146,4809,1.0
GASTON - 22,GASTON - 5A,0,1,4809,0.0
GASTON - 23,GASTON - 39A,3825,120,3825,1.0
GASTON - 23,GASTON - 34A,0,1,3825,0.0
GASTON - 23,GASTON - 40A,0,2,3825,0.0
GASTON - 24,GASTON - 38A,3912,142,3912,1.0
GASTON - 24,GASTON - 34A,0,1,3912,0.0
GASTON - 25,GASTON - 36A,2991,106,3591,0.8329156223893066
GASTON - 25,GASTON - 37A,517,16,3591,0.1439710387078808
GASTON - 25,GASTON - 34A,83,6,3591,0.023113338902812586
GASTON - 26,GASTON - 37A,3731,71,3731,1.0
GASTON - 26,GASTON - 36A,0,3,3731,0.0
GASTON - 27,GASTON - 40A,4687,132,4687,1.0
GASTON - 27,GASTON - 33A,0,1,4687,0.0
GASTON - 27,MECKLENBURG - 243,0,1,4687,0.0
GASTON - 28,GASTON - 34A,4029,107,4029,1.0
GASTON - 29,GASTON - 33A,4773,97,4796,0.9952043369474562
GASTON - 29,GASTON - 34A,23,9,4796,0.0047956630525437865
GASTON - 29,GASTON - 40A,0,1,4796,0.0
GASTON - 3,GASTON - 2A,2763,81,2763,1.0
GASTON - 3,GASTON - 15A,0,1,2763,0.0
GASTON - 30,GASTON - 35A,3017,109,3021,0.9986759351208209
GASTON - 30,GASTON - 26A,4,8,3021,0.0013240648791790798
GASTON - 30,GASTON - 25A,0,2,3021,0.0
GASTON - 30,GASTON - 34A,0,1,3021,0.0
GASTON - 31,GASTON - 32A,3546,59,3546,1.0
GASTON - 32,GASTON - 26A,2829,117,2842,0.9954257565095004
GASTON - 32,GASTON - 25A,13,4,2842,0.004574243490499648
GASTON - 33,GASTON - 9A,2793,52,2793,1.0
GASTON - 34,GASTON - 12A,2820,64,2844,0.9915611814345991
GASTON - 34,LINCOLN - LB34,24,6,2844,0.008438818565400843
GASTON - 35,GASTON - 10A,2192,97,2192,1.0
GASTON - 36,GASTON - 11A,3759,131,3759,1.0
GASTON - 36,LINCOLN - NB35,0,1,3759,0.0
GASTON - 37,GASTON - 10A,1786,105,1786,1.0
GASTON - 37,CLEVELAND - WACO,0,1,1786,0.0
GASTON - 38,GASTON - 13A,3207,129,3239,0.9901204075331893
GASTON - 38,GASTON - 12A,32,7,3239,0.009879592466810744
GASTON - 39,GASTON - 19A,4172,87,4240,0.9839622641509433
GASTON - 39,GASTON - 24A,68,10,4240,0.016037735849056604
GASTON - 4,GASTON - 5A,6800,136,6800,1.0
GASTON - 40,GASTON - 14A,5975,159,5975,1.0
GASTON - 41,GASTON - 18A,4732,145,4732,1.0
GASTON - 42,GASTON - 21A,2934,100,2934,1.0
GASTON - 43,GASTON - 20A,5029,112,5029,1.0
GASTON - 44,GASTON - 24A,5396,128,5396,1.0
GASTON - 45,GASTON - 22A,4427,130,4427,1.0
GASTON - 46,GASTON - 23A,5997,107,5997,1.0
GASTON - 5,GASTON - 15A,3494,107,3494,1.0
GASTON - 5,GASTON - 7A,0,1,3494,0.0
GASTON - 6,GASTON - 15A,2247,80,2247,1.0
GASTON - 6,GASTON - 5A,0,3,2247,0.0
GASTON - 7,GASTON - 16A,1926,85,1926,1.0
GASTON - 8,GASTON - 16A,2384,49,2384,1.0
GASTON - 9,GASTON - 28A,2599,49,2599,1.0
GATES - 1,GATES - 1,1550,65,1550,1.0
GATES - 2,GATES - 2,1037,54,1037,1.0
GATES - 3,GATES - 3,1987,70,1987,1.0
GATES - 4,GATES - 4N,1700,61,2637,0.6446719757299962
GATES - 4,GATES - 4S,937,37,2637,0.3553280242700038
GATES - 5,GATES - 5,1120,50,1132,0.9893992932862191
GATES - 5,GATES - 1,12,1,1132,0.01060070671378092
GRAHAM - EWWCRU,GRAHAM - EAST,2597,196,4774,0.5439882697947214
GRAHAM - EWWCRU,GRAHAM - WEST,2177,255,4774,0.4560117302052786
GRAHAM - STEC,GRAHAM - STEC,1170,168,1170,1.0
GRAHAM - TAPO,GRAHAM - TAPO,426,130,426,1.0
GRAHAM - TAPO,GRAHAM - EAST,0,1,426,0.0
GRANVILLE - ANTI,GRANVILLE - ANTI,1037,24,1097,0.9453053783044667
GRANVILLE - ANTI,GRANVILLE - EAOX,60,8,1097,0.054694621695533276
GRANVILLE - BERE,GRANVILLE - BERE,1737,90,1737,1.0
GRANVILLE - BRAS,GRANVILLE - WILT,6331,83,11555,0.5479013414106447
GRANVILLE - BRAS,GRANVILLE - MTEN,5224,92,11555,0.4520986585893553
GRANVILLE - BTNR,GRANVILLE - BTNR,7519,154,7519,1.0
GRANVILLE - CORI,GRANVILLE - CORI,2544,93,2756,0.9230769230769231
GRANVILLE - CORI,GRANVILLE - SOOX,212,4,2756,0.07692307692307693
GRANVILLE - CRDL,GRANVILLE - CRDL,2227,72,2227,1.0
GRANVILLE - CRDM,GRANVILLE - CRDM,5494,159,5494,1.0
GRANVILLE - CRDM,GRANVILLE - BTNR,0,4,5494,0.0
GRANVILLE - EAOX,GRANVILLE - EAOX,2034,69,2056,0.9892996108949417
GRANVILLE - EAOX,GRANVILLE - ANTI,22,2,2056,0.010700389105058366
GRANVILLE - OKHL,GRANVILLE - OKHL,1380,90,1380,1.0
GRANVILLE - SALM,GRANVILLE - SALM,1868,95,2071,0.901979719942057
GRANVILLE - SALM,GRANVILLE - EAOX,203,8,2071,0.09802028005794303
GRANVILLE - SASS,GRANVILLE - SASS,2075,102,2075,1.0
GRANVILLE - SOOX,GRANVILLE - SOOX,1695,85,1699,0.9976456739258387
GRANVILLE - SOOX,GRANVILLE - CORI,4,3,1699,0.002354326074161271
GRANVILLE - TYHO,GRANVILLE - TYHO,4852,154,4852,1.0
GRANVILLE - TYHO,DURHAM - 28,0,1,4852,0.0
GRANVILLE - WOEL,GRANVILLE - WOEL,1618,58,1677,0.9648181276088252
GRANVILLE - WOEL,GRANVILLE - CRDL,59,3,1677,0.035181872391174714
GREENE - ARBA,GREENE - ARBA,1091,43,1091,1.0
GREENE - BEAR,GREENE - BEAR,1011,36,1076,0.9395910780669146
GREENE - BEAR,GREENE - SH#1,65,4,1076,0.0604089219330855
GREENE - BEAR,GREENE - CAST,0,1,1076,0.0
GREENE - BULL,GREENE - BULL,1097,53,1097,1.0
GREENE - BULL,WAYNE - 02,0,2,1097,0.0
GREENE - BULL,WAYNE - 07,0,1,1097,0.0
GREENE - CAST,GREENE - CAST,1043,55,1043,1.0
GREENE - CAST,GREENE - WALS,0,3,1043,0.0
GREENE - HOOK,GREENE - HOOK,967,44,970,0.9969072164948454
GREENE - HOOK,GREENE - SUGG,3,3,970,0.003092783505154639
GREENE - HOOK,LENOIR - V,0,2,970,0.0
GREENE - MAUR,GREENE - MAUR,4913,84,4913,1.0
GREENE - SH1,GREENE - SH#1,1946,93,1946,1.0
GREENE - SHIN,GREENE - SHIN,1897,77,1916,0.9900835073068893
GREENE - SHIN,WAYNE - 07,19,2,1916,0.009916492693110648
GREENE - SUGG,GREENE - SUGG,1235,36,1235,1.0
GREENE - WALS,GREENE - WALS,1282,79,1282,1.0
GUILFORD - CG1,GUILFORD - CG1,3334,25,3334,1.0
GUILFORD - CG1,GUILFORD - CG2,0,1,3334,0.0
GUILFORD - CG1,GUILFORD - NCGR1,0,4,3334,0.0
GUILFORD - CG2,GUILFORD - CG2,2230,33,2230,1.0
GUILFORD - CG3,GUILFORD - CG3B,2715,55,4536,0.5985449735449735
GUILFORD - CG3,GUILFORD - CG3A,1813,21,4536,0.39969135802469136
GUILFORD - CG3,GUILFORD - G26,8,1,4536,0.001763668430335097
GUILFORD - CG3,GUILFORD - G27,0,1,4536,0.0
GUILFORD - FEN1,GUILFORD - FEN1,4091,103,4091,1.0
GUILFORD - FEN2,GUILFORD - FEN2,1963,36,1963,1.0
GUILFORD - FEN2,GUILFORD - FEN1,0,1,1963,0.0
GUILFORD - FR1,GUILFORD - FR1,5728,85,5982,0.9575392845202273
GUILFORD - FR1,GUILFORD - G66,254,1,5982,0.04246071547977265
GUILFORD - FR2,GUILFORD - FR2,2561,64,2621,0.9771079740557039
GUILFORD - FR2,GUILFORD - G64,60,2,2621,0.022892025944296072
GUILFORD - FR3,GUILFORD - FR3,1570,18,1607,0.9769757311761046
GUILFORD - FR3,GUILFORD - G40A2,37,3,1607,0.023024268823895456
GUILFORD - FR4,GUILFORD - FR4,1463,68,1511,0.9682329583057577
GUILFORD - FR4,GUILFORD - G41A,48,7,1511,0.03176704169424222
GUILFORD - FR4,GUILFORD - G41B,0,2,1511,0.0
GUILFORD - FR4,GUILFORD - G64,0,1,1511,0.0
GUILFORD - FR5,GUILFORD - FR5A,2339,61,3787,0.6176392923158173
GUILFORD - FR5,GUILFORD - FR5B,1448,44,3787,0.38236070768418273
GUILFORD - G01,GUILFORD - G01,1619,37,1619,1.0
GUILFORD - G02,GUILFORD - G02,1850,65,1850,1.0
GUILFORD - G02,GUILFORD - G03,0,1,1850,0.0
GUILFORD - G03,GUILFORD - G03,2336,66,2336,1.0
GUILFORD - G03,GUILFORD - G08,0,1,2336,0.0
GUILFORD - G04,GUILFORD - G04,2436,60,2436,1.0
GUILFORD - G05,GUILFORD - G05,1538,27,1538,1.0
GUILFORD - G06,GUILFORD - G06,1379,30,1379,1.0
GUILFORD - G06,GUILFORD - JEF1,0,4,1379,0.0
GUILFORD - G07,GUILFORD - G07,3136,69,3136,1.0
GUILFORD - G07,GUILFORD - G08,0,1,3136,0.0
GUILFORD - G09,GUILFORD - G09,3895,39,3895,1.0
GUILFORD - G10,GUILFORD - G10,3546,64,3546,1.0
GUILFORD - G11,GUILFORD - G11,1895,92,1895,1.0
GUILFORD - G12,GUILFORD - G12,1162,49,1162,1.0
GUILFORD - G13,GUILFORD - G13,1473,54,1473,1.0
GUILFORD - G14,GUILFORD - G14,1170,45,1170,1.0
GUILFORD - G15,GUILFORD - G15,1401,48,1401,1.0
GUILFORD - G16,GUILFORD - G16,1325,34,1325,1.0
GUILFORD - G17,GUILFORD - G17,1738,72,1738,1.0
GUILFORD - G17,GUILFORD - G13,0,3,1738,0.0
GUILFORD - G18,GUILFORD - G18,1234,51,1234,1.0
GUILFORD - G19,GUILFORD - G19,1656,61,1656,1.0
GUILFORD - G20,GUILFORD - G20,2641,79,2641,1.0
GUILFORD - G21,GUILFORD - G21,4205,74,4205,1.0
GUILFORD - G21,GUILFORD - G22,0,3,4205,0.0
GUILFORD - G22,GUILFORD - G22,1708,29,1708,1.0
GUILFORD - G23,GUILFORD - G23,1723,27,1723,1.0
GUILFORD - G24,GUILFORD - G24,1673,14,1673,1.0
GUILFORD - G25,GUILFORD - G25,1978,14,1978,1.0
GUILFORD - G26,GUILFORD - G26,3583,55,3729,0.9608474121748458
GUILFORD - G26,GUILFORD - MON2A,114,2,3729,0.030571198712791632
GUILFORD - G26,GUILFORD - G24,32,1,3729,0.008581389112362564
GUILFORD - G27,GUILFORD - G27,3104,32,3104,1.0
GUILFORD - G28,GUILFORD - G28,1237,16,1237,1.0
GUILFORD - G29,GUILFORD - G29,2105,40,2180,0.9655963302752294
GUILFORD - G29,GUILFORD - CG1,75,1,2180,0.034403669724770644
GUILFORD - G30,GUILFORD - G30,1755,35,1778,0.9870641169853769
GUILFORD - G30,GUILFORD - G31,23,1,1778,0.012935883014623173
GUILFORD - G31,GUILFORD - G31,1526,52,1526,1.0
GUILFORD - G32,GUILFORD - G32,2277,45,2277,1.0
GUILFORD - G33,GUILFORD - G33,1553,33,1553,1.0
GUILFORD - G34,GUILFORD - G34,1681,29,1681,1.0
GUILFORD - G35,GUILFORD - G35,1145,29,1145,1.0
GUILFORD - G36,GUILFORD - G36,2160,32,2160,1.0
GUILFORD - G37,GUILFORD - G37,3442,28,3442,1.0
GUILFORD - G38,GUILFORD - G38,2571,30,2571,1.0
GUILFORD - G39,GUILFORD - G39,1948,24,1948,1.0
GUILFORD - G40,GUILFORD - G40A1,1653,30,4733,0.34924994717937885
GUILFORD - G40,GUILFORD - G40B,1601,12,4733,0.3382632579759138
GUILFORD - G40,GUILFORD - G40A2,1479,14,4733,0.31248679484470737
GUILFORD - G41,GUILFORD - G41B,2333,27,4312,0.5410482374768089
GUILFORD - G41,GUILFORD - G41A,1961,11,4312,0.4547773654916512
GUILFORD - G41,GUILFORD - FR4,18,1,4312,0.004174397031539889
GUILFORD - G42,GUILFORD - G42A,1647,31,2732,0.6028550512445096
GUILFORD - G42,GUILFORD - G42B,1085,7,2732,0.3971449487554905
GUILFORD - G43,GUILFORD - G43,3803,39,3803,1.0
GUILFORD - G43,GUILFORD - FR4,0,5,3803,0.0
GUILFORD - G44,GUILFORD - G44,4226,88,4226,1.0
GUILFORD - G45,GUILFORD - G45,5790,29,5792,0.9996546961325967
GUILFORD - G45,GUILFORD - G14,2,1,5792,0.0003453038674033149
GUILFORD - G46,GUILFORD - G46,3779,76,3779,1.0
GUILFORD - G47,GUILFORD - G47,3844,89,3844,1.0
GUILFORD - G48,GUILFORD - G48,5068,76,5068,1.0
GUILFORD - G48,GUILFORD - G47,0,1,5068,0.0
GUILFORD - G49,GUILFORD - G49,1619,33,1619,1.0
GUILFORD - G50,GUILFORD - G50,4704,106,4704,1.0
GUILFORD - G51,GUILFORD - G51,2516,65,2516,1.0
GUILFORD - G52,GUILFORD - G52,2590,62,2590,1.0
GUILFORD - G53,GUILFORD - G53,3542,62,3567,0.992991309223437
GUILFORD - G53,GUILFORD - SUM2,25,4,3567,0.007008690776562938
GUILFORD - G54,GUILFORD - G54,3558,45,3558,1.0
GUILFORD - G55,GUILFORD - G55,2751,47,2751,1.0
GUILFORD - G56,GUILFORD - G56,2200,49,2224,0.9892086330935251
GUILFORD - G56,GUILFORD - G51,24,1,2224,0.01079136690647482
GUILFORD - G57,GUILFORD - G57,2242,45,2242,1.0
GUILFORD - G57,GUILFORD - SUM1,0,2,2242,0.0
GUILFORD - G58,GUILFORD - G58,2624,35,2624,1.0
GUILFORD - G59,GUILFORD - G59,1863,42,1863,1.0
GUILFORD - G60,GUILFORD - G60,3121,44,3121,1.0
GUILFORD - G61,GUILFORD - G61,2658,50,2671,0.9951329090228379
GUILFORD - G61,GUILFORD - JAM3,13,1,2671,0.004867090977162112
GUILFORD - G62,GUILFORD - G62,2017,28,2017,1.0
GUILFORD - G63,GUILFORD - G63,2287,18,2287,1.0
GUILFORD - G64,GUILFORD - G64,3581,112,3581,1.0
GUILFORD - G64,GUILFORD - SDRI,0,1,3581,0.0
GUILFORD - G65,GUILFORD - G65,2933,21,2933,1.0
GUILFORD - G66,GUILFORD - G66,2374,15,2374,1.0
GUILFORD - G67,GUILFORD - G67,1734,39,1734,1.0
GUILFORD - G68,GUILFORD - G68,3152,43,3152,1.0
GUILFORD - G69,GUILFORD - G69,2602,89,2602,1.0
GUILFORD - G70,GUILFORD - G70,3013,59,3013,1.0
GUILFORD - G71,GUILFORD - G71,2794,70,2794,1.0
GUILFORD - G72,GUILFORD - G72,2991,39,2991,1.0
GUILFORD - G73,GUILFORD - G73,1723,58,1723,1.0
GUILFORD - G73,GUILFORD - G74,0,1,1723,0.0
GUILFORD - G73,GUILFORD - G75,0,7,1723,0.0
GUILFORD - G74,GUILFORD - G74,2157,66,2157,1.0
GUILFORD - G75,GUILFORD - G75,1684,58,1684,1.0
GUILFORD - GIB,GUILFORD - GIB,3125,112,3125,1.0
GUILFORD - GO8,GUILFORD - G08,3043,41,3043,1.0
GUILFORD - GO8,GUILFORD - MON1,0,1,3043,0.0
GUILFORD - GR,GUILFORD - GR,2740,107,2740,1.0
GUILFORD - GR,RANDOLPH - LB,0,1,2740,0.0
GUILFORD - H01,GUILFORD - H01,3061,113,3061,1.0
GUILFORD - H01,DAVIDSON - 72,0,2,3061,0.0
GUILFORD - H02,GUILFORD - H02,2111,54,2111,1.0
GUILFORD - H03,GUILFORD - H03,2867,145,2867,1.0
GUILFORD - H04,GUILFORD - H04,3728,118,3763,0.9906989104437949
GUILFORD - H04,GUILFORD - JAM5,35,8,3763,0.009301089556205155
GUILFORD - H05,GUILFORD - H05,2818,59,2818,1.0
GUILFORD - H05,GUILFORD - H07,0,1,2818,0.0
GUILFORD - H06,GUILFORD - H06,3304,67,3304,1.0
GUILFORD - H07,GUILFORD - H07,1900,69,1900,1.0
GUILFORD - H08,GUILFORD - H08,1714,61,1714,1.0
GUILFORD - H09,GUILFORD - H09,2273,67,2273,1.0
GUILFORD - H09,GUILFORD - H10,0,1,2273,0.0
GUILFORD - H10,GUILFORD - H10,2379,51,2379,1.0
GUILFORD - H11,GUILFORD - H11,5260,64,5260,1.0
GUILFORD - H12,GUILFORD - H12,1780,73,1780,1.0
GUILFORD - H13,GUILFORD - H13,2048,97,2048,1.0
GUILFORD - H14,GUILFORD - H14,1464,37,1464,1.0
GUILFORD - H15,GUILFORD - H15,2430,20,2439,0.996309963099631
GUILFORD - H15,DAVIDSON - 88,9,1,2439,0.0036900369003690036
GUILFORD - H16,GUILFORD - H16,1592,63,1592,1.0
GUILFORD - H17,GUILFORD - H17,1840,31,1840,1.0
GUILFORD - H18,GUILFORD - H18,2698,27,2985,0.9038525963149079
GUILFORD - H18,GUILFORD - H19A,287,1,2985,0.09614740368509213
GUILFORD - H19,GUILFORD - H19A,1419,20,2704,0.5247781065088757
GUILFORD - H19,GUILFORD - H19B,1285,15,2704,0.47522189349112426
GUILFORD - H20,GUILFORD - H20A,1682,32,2998,0.5610406937958639
GUILFORD - H20,GUILFORD - H20B,1316,15,2998,0.4389593062041361
GUILFORD - H20,GUILFORD - H18,0,1,2998,0.0
GUILFORD - H21,GUILFORD - H21,1410,15,1410,1.0
GUILFORD - H22,GUILFORD - H22,1947,36,2225,0.8750561797752809
GUILFORD - H22,GUILFORD - H21,278,1,2225,0.1249438202247191
GUILFORD - H22,GUILFORD - H23,0,1,2225,0.0
GUILFORD - H23,GUILFORD - H23,1632,38,1644,0.9927007299270073
GUILFORD - H23,DAVIDSON - 86A,12,1,1644,0.0072992700729927005
GUILFORD - H24,GUILFORD - H24,2379,38,2385,0.9974842767295597
GUILFORD - H24,GUILFORD - SDRI,6,1,2385,0.0025157232704402514
GUILFORD - H25,GUILFORD - H25,3339,38,3343,0.9988034699371822
GUILFORD - H25,GUILFORD - SDRI,4,5,3343,0.0011965300628178283
GUILFORD - H25,GUILFORD - H27-A,0,1,3343,0.0
GUILFORD - H26,GUILFORD - H26,2186,28,2207,0.9904848210240145
GUILFORD - H26,GUILFORD - H28,21,4,2207,0.0095151789759855
GUILFORD - H27,GUILFORD - H27-A,2099,19,3463,0.606121859659255
GUILFORD - H27,GUILFORD - H27-B,1364,19,3463,0.39387814034074503
GUILFORD - H27,GUILFORD - H26,0,1,3463,0.0
GUILFORD - H27,GUILFORD - SDRI,0,2,3463,0.0
GUILFORD - HP,GUILFORD - H29B,3541,107,9362,0.3782311471907712
GUILFORD - HP,GUILFORD - H28,3082,90,9362,0.32920316171758174
GUILFORD - HP,GUILFORD - H29A,2723,73,9362,0.29085665456099125
GUILFORD - HP,GUILFORD - JAM1,16,8,9362,0.0017090365306558428
GUILFORD - HP,GUILFORD - JAM2,0,3,9362,0.0
GUILFORD - JAM1,GUILFORD - JAM1,2805,64,2810,0.998220640569395
GUILFORD - JAM1,GUILFORD - JAM2,5,2,2810,0.0017793594306049821
GUILFORD - JAM1,GUILFORD - H06,0,1,2810,0.0
GUILFORD - JAM1,GUILFORD - JAM4,0,2,2810,0.0
GUILFORD - JAM2,GUILFORD - JAM2,1911,33,1911,1.0
GUILFORD - JAM2,GUILFORD - G65,0,1,1911,0.0
GUILFORD - JAM2,GUILFORD - JAM1,0,2,1911,0.0
GUILFORD - JAM3,GUILFORD - JAM3,2022,112,2022,1.0
GUILFORD - JAM4,GUILFORD - JAM4,2941,149,2941,1.0
GUILFORD - JAM4,GUILFORD - SUM1,0,1,2941,0.0
GUILFORD - JAM5,GUILFORD - JAM5,1910,167,1925,0.9922077922077922
GUILFORD - JAM5,RANDOLPH - AR,15,7,1925,0.007792207792207792
GUILFORD - JAM5,GUILFORD - H04,0,3,1925,0.0
GUILFORD - JAM5,GUILFORD - H05,0,2,1925,0.0
GUILFORD - JEF1,GUILFORD - JEF1,3634,150,3863,0.940719647942014
GUILFORD - JEF1,GUILFORD - G06,204,5,3863,0.05280869790318406
GUILFORD - JEF1,GUILFORD - SMAD,25,7,3863,0.0064716541548019675
GUILFORD - JEF1,GUILFORD - RC1,0,2,3863,0.0
GUILFORD - JEF2,GUILFORD - JEF2,3468,127,3468,1.0
GUILFORD - JEF2,GUILFORD - G06,0,1,3468,0.0
GUILFORD - JEF2,GUILFORD - RC1,0,1,3468,0.0
GUILFORD - JEF3,GUILFORD - JEF3,4081,86,4198,0.9721295855169129
GUILFORD - JEF3,GUILFORD - G75,117,2,4198,0.027870414483087184
GUILFORD - JEF4,GUILFORD - JEF4,2214,105,2229,0.9932705248990579
GUILFORD - JEF4,GUILFORD - RC2,15,3,2229,0.006729475100942127
GUILFORD - MON1,GUILFORD - MON1,3593,106,3593,1.0
GUILFORD - MON1,GUILFORD - G06,0,1,3593,0.0
GUILFORD - MON2,GUILFORD - MON2A,3859,91,5711,0.6757135352827875
GUILFORD - MON2,GUILFORD - MON2B,1852,40,5711,0.3242864647172124
GUILFORD - MON3,GUILFORD - MON3,4756,145,4756,1.0
GUILFORD - MON3,ROCKINGHAM - MO,0,1,4756,0.0
GUILFORD - NCGR,GUILFORD - NCGR1,3143,69,5688,0.5525668073136427
GUILFORD - NCGR,GUILFORD - NCGR2,2468,60,5688,0.4338959212376934
GUILFORD - NCGR,GUILFORD - SF1,66,4,5688,0.011603375527426161
GUILFORD - NCGR,GUILFORD - SF2,11,3,5688,0.0019338959212376935
GUILFORD - NCGR,GUILFORD - CG1,0,4,5688,0.0
GUILFORD - NCGR,GUILFORD - MON3,0,1,5688,0.0
GUILFORD - NCLAY,GUILFORD - NCLAY1,2517,61,4145,0.6072376357056695
GUILFORD - NCLAY,GUILFORD - NCLAY2,1468,55,4145,0.35416164053075994
GUILFORD - NCLAY,GUILFORD - GR,130,7,4145,0.031363088057901084
GUILFORD - NCLAY,GUILFORD - FEN2,30,3,4145,0.007237635705669481
GUILFORD - NDRI,GUILFORD - NDRI,2957,101,2969,0.9959582350959919
GUILFORD - NDRI,FORSYTH - 066,12,1,2969,0.0040417649040080834
GUILFORD - NMAD,GUILFORD - NMAD,3142,92,3159,0.9946185501741057
GUILFORD - NMAD,GUILFORD - NWASH,17,4,3159,0.0053814498258942705
GUILFORD - NWASH,GUILFORD - NWASH,1378,57,1378,1.0
GUILFORD - OR1,GUILFORD - OR1,3777,118,3807,0.9921197793538219
GUILFORD - OR1,GUILFORD - OR2,30,1,3807,0.007880220646178092
GUILFORD - OR2,GUILFORD - OR2,2519,43,2519,1.0
GUILFORD - OR2,GUILFORD - STOK,0,1,2519,0.0
GUILFORD - PG1,GUILFORD - PG1,2120,52,2120,1.0
GUILFORD - PG2,GUILFORD - PG2,2848,80,2848,1.0
GUILFORD - PG2,GUILFORD - SUM4,0,1,2848,0.0
GUILFORD - RC1,GUILFORD - RC1,3930,86,3931,0.9997456118036123
GUILFORD - RC1,GUILFORD - RC2,1,3,3931,0.0002543881963876876
GUILFORD - RC1,GUILFORD - JEF2,0,1,3931,0.0
GUILFORD - RC1,GUILFORD - SWASH,0,1,3931,0.0
GUILFORD - RC2,GUILFORD - RC2,6309,199,6309,1.0
GUILFORD - RC2,GUILFORD - RC1,0,2,6309,0.0
GUILFORD - SCLAY,GUILFORD - SCLAY,2183,85,2238,0.9754244861483468
GUILFORD - SCLAY,GUILFORD - GR,55,9,2238,0.024575513851653262
GUILFORD - SDRI,GUILFORD - SDRI,6185,178,7344,0.8421840958605664
GUILFORD - SDRI,GUILFORD - H27-B,982,5,7344,0.13371459694989107
GUILFORD - SDRI,GUILFORD - H24,125,4,7344,0.01702069716775599
GUILFORD - SDRI,GUILFORD - H27-A,37,2,7344,0.0050381263616557734
GUILFORD - SDRI,GUILFORD - H25,15,1,7344,0.002042483660130719
GUILFORD - SF1,GUILFORD - SF1,3357,86,3357,1.0
GUILFORD - SF2,GUILFORD - SF2,1702,48,1715,0.9924198250728863
GUILFORD - SF2,GUILFORD - STOK,7,1,1715,0.004081632653061225
GUILFORD - SF2,GUILFORD - NCGR2,6,1,1715,0.003498542274052478
GUILFORD - SF2,GUILFORD - SF1,0,1,1715,0.0
GUILFORD - SF3,GUILFORD - SF3,3366,62,3366,1.0
GUILFORD - SF3,GUILFORD - SF1,0,5,3366,0.0
GUILFORD - SF4,GUILFORD - SF4,3667,68,3667,1.0
GUILFORD - SMAD,GUILFORD - SMAD,2922,56,2948,0.991180461329715
GUILFORD - SMAD,GUILFORD - SWASH,26,4,2948,0.008819538670284939
GUILFORD - STOK,GUILFORD - STOK,4449,90,4510,0.9864745011086474
GUILFORD - STOK,GUILFORD - OR1,45,4,4510,0.009977827050997782
GUILFORD - STOK,GUILFORD - SF2,16,2,4510,0.003547671840354767
GUILFORD - STOK,ROCKINGHAM - HU-1,0,1,4510,0.0
GUILFORD - SUM1,GUILFORD - SUM1,2596,90,2596,1.0
GUILFORD - SUM1,GUILFORD - G59,0,2,2596,0.0
GUILFORD - SUM1,GUILFORD - JAM4,0,3,2596,0.0
GUILFORD - SUM2,GUILFORD - SUM2,2693,82,2724,0.9886196769456681
GUILFORD - SUM2,GUILFORD - PG1,23,1,2724,0.008443465491923641
GUILFORD - SUM2,GUILFORD - G53,8,6,2724,0.002936857562408223
GUILFORD - SUM2,GUILFORD - G55,0,1,2724,0.0
GUILFORD - SUM3,GUILFORD - SUM3,1494,32,1494,1.0
GUILFORD - SUM4,GUILFORD - SUM4,2160,47,2160,1.0
GUILFORD - SWASH,GUILFORD - SWASH,1038,46,1038,1.0
GUILFORD - SWASH,GUILFORD - GIB,0,1,1038,0.0
HALIFAX - BUT,HALIFAX - BUTWD,397,32,406,0.9778325123152709
HALIFAX - BUT,HALIFAX - FAUCT,8,1,406,0.019704433497536946
HALIFAX - BUT,HALIFAX - HOL,1,2,406,0.0024630541871921183
HALIFAX - BUT,WARREN - 009,0,1,406,0.0
HALIFAX - CON,HALIFAX - CONC,331,36,331,1.0
HALIFAX - ENF1,HALIFAX - ENF1,1077,76,1077,1.0
HALIFAX - ENF1,NASH - P13A,0,8,1077,0.0
HALIFAX - ENF2,HALIFAX - ENF 2,1306,97,1306,1.0
HALIFAX - ENF2,EDGECOMBE - 0601,0,1,1306,0.0
HALIFAX - ENF3,HALIFAX - ENF1,1055,77,1055,1.0
HALIFAX - ENF3,HALIFAX - FAUCT,0,2,1055,0.0
HALIFAX - FAUCT,HALIFAX - FAUCT,1334,89,1334,1.0
HALIFAX - HAL,HALIFAX - HAL,2299,101,2299,1.0
HALIFAX - HAL,HALIFAX - WEL1-2,0,1,2299,0.0
HALIFAX - HOB,HALIFAX - HPR,432,58,432,1.0
HALIFAX - HOL,HALIFAX - HOL,2290,81,2351,0.9740535942152275
HALIFAX - HOL,WARREN - 008,61,11,2351,0.025946405784772437
HALIFAX - HOL,HALIFAX - BUTWD,0,1,2351,0.0
HALIFAX - HOL,NASH - P10A,0,3,2351,0.0
HALIFAX - LIT1,HALIFAX - LIT,1517,66,1565,0.9693290734824281
HALIFAX - LIT1,HALIFAX - BUTWD,46,2,1565,0.02939297124600639
HALIFAX - LIT1,WARREN - 009,2,3,1565,0.0012779552715654952
HALIFAX - LIT2,HALIFAX - LIT,1438,106,1438,1.0
HALIFAX - LIT2,NORTHAMPTON - LAKE G,0,2,1438,0.0
HALIFAX - LIT2,WARREN - 001,0,3,1438,0.0
HALIFAX - PAL,HALIFAX - HPR,319,30,319,1.0
HALIFAX - PAL,BERTIE - RX,0,1,319,0.0
HALIFAX - PAL,BERTIE - WD,0,1,319,0.0
HALIFAX - PAL,MARTIN - GSN,0,1,319,0.0
HALIFAX - RING,HALIFAX - RINGW,1292,60,1292,1.0
HALIFAX - RING,NASH - P13A,0,2,1292,0.0
HALIFAX - ROS,HALIFAX - HPR,396,48,398,0.9949748743718593
HALIFAX - ROS,HALIFAX - ENF 2,2,1,398,0.005025125628140704
HALIFAX - RR1,HALIFAX - RR1-2,1028,48,1028,1.0
HALIFAX - RR10,HALIFAX - RR 10,2809,67,2809,1.0
HALIFAX - RR10,HALIFAX - WEL1-2,0,2,2809,0.0
HALIFAX - RR11,HALIFAX - RR 11,2755,70,2755,1.0
HALIFAX - RR2,HALIFAX - RR1-2,453,17,453,1.0
HALIFAX - RR3,HALIFAX - RR3-4,1286,61,1286,1.0
HALIFAX - RR4,HALIFAX - RR3-4,1016,37,1016,1.0
HALIFAX - RR5,HALIFAX - RRCE,1117,51,1117,1.0
HALIFAX - RR6,HALIFAX - RRCE,1080,44,1080,1.0
HALIFAX - RR7,HALIFAX - RR7-9,1299,34,1299,1.0
HALIFAX - RR8,HALIFAX - RRCE,1381,61,1381,1.0
HALIFAX - RR9,HALIFAX - RR7-9,2984,68,2984,1.0
HALIFAX - SN1,HALIFAX - SN,1307,73,1307,1.0
HALIFAX - SN2,HALIFAX - SN,1131,59,1131,1.0
HALIFAX - SN2,HALIFAX - HPR,0,1,1131,0.0
HALIFAX - WEL1,HALIFAX - WEL1-2,955,64,955,1.0
HALIFAX - WEL2,HALIFAX - WEL1-2,530,59,530,1.0
HALIFAX - WEL3,HALIFAX - WEL 3,2295,89,2304,0.99609375
HALIFAX - WEL3,HALIFAX - WEL1-2,9,1,2304,0.00390625
HARNETT - 1001,HARNETT - PR39,4096,152,4096,1.0
HARNETT - 101,HARNETT - PR36,7781,116,12615,0.6168053904082441
HARNETT - 101,HARNETT - PR35,4300,86,12615,0.34086405073325404
HARNETT - 101,HARNETT - PR39,527,13,12615,0.04177566389219183
HARNETT - 101,CUMBERLAND - SL78-3,7,2,12615,0.0005548949663099485
HARNETT - 101,CUMBERLAND - LO66A,0,1,12615,0.0
HARNETT - 1101,HARNETT - PR32,2385,49,2385,1.0
HARNETT - 1102,HARNETT - PR32,4561,98,4561,1.0
HARNETT - 1201,HARNETT - PR38,3025,96,3050,0.9918032786885246
HARNETT - 1201,HARNETT - PR39,25,3,3050,0.00819672131147541
HARNETT - 1201,CUMBERLAND - LI65,0,5,3050,0.0
HARNETT - 1301,HARNETT - PR23,4641,90,4641,1.0
HARNETT - 1302,HARNETT - PR23,2061,50,2061,1.0
HARNETT - 201,HARNETT - PR25,2281,140,2281,1.0
HARNETT - 202,HARNETT - PR25,1509,107,1509,1.0
HARNETT - 203,HARNETT - PR29,1185,80,1185,1.0
HARNETT - 204,HARNETT - PR29,1904,117,1904,1.0
HARNETT - 205,HARNETT - PR29,2282,65,2282,1.0
HARNETT - 301,HARNETT - PR33,8322,148,16849,0.493916552911152
HARNETT - 301,HARNETT - PR34,8289,95,16849,0.49195797970205946
HARNETT - 301,HARNETT - PR37,238,10,16849,0.014125467386788533
HARNETT - 401,HARNETT - PR08,8768,194,8768,1.0
HARNETT - 501,HARNETT - PR28,2136,51,2136,1.0
HARNETT - 601,HARNETT - PR26,1454,93,1454,1.0
HARNETT - 602,HARNETT - PR26,1150,53,1150,1.0
HARNETT - 603,HARNETT - PR26,2335,91,2335,1.0
HARNETT - 701,HARNETT - PR24,4085,103,4085,1.0
HARNETT - 701,JOHNSTON - PR14,0,1,4085,0.0
HARNETT - 702,HARNETT - PR24,4219,180,4219,1.0
HARNETT - 801,HARNETT - PR28,4710,56,4710,1.0
HARNETT - 901,HARNETT - PR37,9729,129,9729,1.0
HAYWOOD - AC,HAYWOOD - AC,2600,87,2600,1.0
HAYWOOD - AC,JACKSON - SCC,0,1,2600,0.0
HAYWOOD - BC,HAYWOOD - BC,48,32,48,1.0
HAYWOOD - BE1,HAYWOOD - BE1,1555,83,1555,1.0
HAYWOOD - BE1,HAYWOOD - CLS,0,1,1555,0.0
HAYWOOD - BE2,HAYWOOD - BE2,1365,78,1365,1.0
HAYWOOD - BE3,HAYWOOD - BE3,2216,98,2216,1.0
HAYWOOD - BE4,HAYWOOD - BE4,1869,59,1869,1.0
HAYWOOD - BE5-6,HAYWOOD - BE5-6,2069,81,2069,1.0
HAYWOOD - BE7,HAYWOOD - BE7,1310,30,1310,1.0
HAYWOOD - CE,HAYWOOD - CE,409,41,410,0.9975609756097561
HAYWOOD - CE,HAYWOOD - P,1,2,410,0.0024390243902439024
HAYWOOD - CE,HAYWOOD - EF,0,2,410,0.0
HAYWOOD - CPI,HAYWOOD - PC,1324,33,1324,1.0
HAYWOOD - CR,HAYWOOD - CR,1562,75,1570,0.9949044585987261
HAYWOOD - CR,HAYWOOD - BE3,8,1,1570,0.005095541401273885
HAYWOOD - CW,HAYWOOD - WC,907,46,907,1.0
HAYWOOD - EF,HAYWOOD - EF,1379,78,1379,1.0
HAYWOOD - EF,HAYWOOD - BE7,0,1,1379,0.0
HAYWOOD - EF,HAYWOOD - PC,0,1,1379,0.0
HAYWOOD - EF,TRANSYLVANIA - BD,0,1,1379,0.0
HAYWOOD - EW,HAYWOOD - WE,1580,63,1580,1.0
HAYWOOD - EW,HAYWOOD - P,0,1,1580,0.0
HAYWOOD - FC1,HAYWOOD - FC-1,799,81,799,1.0
HAYWOOD - FC2,HAYWOOD - FC-2,166,17,166,1.0
HAYWOOD - HA,HAYWOOD - HA,1293,59,1293,1.0
HAYWOOD - HA,HAYWOOD - WS-2,0,1,1293,0.0
HAYWOOD - ID,HAYWOOD - ID,1031,48,1031,1.0
HAYWOOD - IH,HAYWOOD - IH,4268,404,4409,0.968019959174416
HAYWOOD - IH,HAYWOOD - WW,141,14,4409,0.03198004082558403
HAYWOOD - IH,HAYWOOD - LJ,0,1,4409,0.0
HAYWOOD - JC,HAYWOOD - JC,3771,161,3771,1.0
HAYWOOD - JC,HAYWOOD - BC,0,1,3771,0.0
HAYWOOD - LJ,HAYWOOD - LJ,2066,125,2066,1.0
HAYWOOD - NCL,HAYWOOD - CLN,2419,86,2423,0.998349153941395
HAYWOOD - NCL,HAYWOOD - BE1,4,1,2423,0.0016508460586050352
HAYWOOD - PI,HAYWOOD - P,3036,85,3075,0.9873170731707317
HAYWOOD - PI,HAYWOOD - WE,32,1,3075,0.01040650406504065
HAYWOOD - PI,HAYWOOD - WS-2,7,4,3075,0.0022764227642276423
HAYWOOD - SA,HAYWOOD - SA,2339,77,2372,0.9860876897133221
HAYWOOD - SA,HAYWOOD - WS-1,33,3,2372,0.01391231028667791
HAYWOOD - SA,JACKSON - SCC,0,1,2372,0.0
HAYWOOD - SCL,HAYWOOD - CLS,2871,132,2874,0.9989561586638831
HAYWOOD - SCL,HAYWOOD - WE,2,1,2874,0.0006958942240779402
HAYWOOD - SCL,HAYWOOD - CLN,1,1,2874,0.0003479471120389701
HAYWOOD - SW1,HAYWOOD - WS-1,2346,110,2346,1.0
HAYWOOD - SW2,HAYWOOD - WS-2,2069,123,2069,1.0
HAYWOOD - WO,HAYWOOD - WO,338,27,338,1.0
HAYWOOD - WW,HAYWOOD - WW,1856,97,1856,1.0
HAYWOOD - WW,HAYWOOD - WS-1,0,3,1856,0.0
HENDERSON - AR,HENDERSON - AR,1933,81,1933,1.0
HENDERSON - AT,HENDERSON - AT,3296,147,3296,1.0
HENDERSON - AT,HENDERSON - CB,0,1,3296,0.0
HENDERSON - AT,HENDERSON - LP,0,1,3296,0.0
HENDERSON - BC,HENDERSON - BC,1007,61,1007,1.0
HENDERSON - BC,BUNCOMBE - 38.2,0,1,1007,0.0
HENDERSON - BK,HENDERSON - BK,1705,73,1705,1.0
HENDERSON - BK,HENDERSON - PR,0,1,1705,0.0
HENDERSON - CB,HENDERSON - CB,1357,80,1357,1.0
HENDERSON - CC,HENDERSON - CC,4893,136,4896,0.9993872549019608
HENDERSON - CC,HENDERSON - NB,3,1,4896,0.0006127450980392157
HENDERSON - ED,HENDERSON - ED,3376,67,3395,0.9944035346097202
HENDERSON - ED,HENDERSON - CC,13,3,3395,0.003829160530191458
HENDERSON - ED,BUNCOMBE - 38.2,6,1,3395,0.0017673048600883653
HENDERSON - ED,HENDERSON - NB,0,5,3395,0.0
HENDERSON - ED,POLK - CG05,0,3,3395,0.0
HENDERSON - EF,HENDERSON - EF,3845,116,3845,1.0
HENDERSON - EF,HENDERSON - SB,0,1,3845,0.0
HENDERSON - ES,HENDERSON - ES,2480,81,2480,1.0
HENDERSON - EV,HENDERSON - EV,2757,82,2757,1.0
HENDERSON - FL,HENDERSON - FL,4997,132,5003,0.998800719568259
HENDERSON - FL,HENDERSON - HC,6,3,5003,0.0011992804317409553
HENDERSON - FL,BUNCOMBE - 54.2,0,2,5003,0.0
HENDERSON - FR,HENDERSON - FR,2981,112,2985,0.9986599664991624
HENDERSON - FR,HENDERSON - EF,4,2,2985,0.001340033500837521
HENDERSON - GM,HENDERSON - GM,1469,53,1469,1.0
HENDERSON - GR,HENDERSON - GR,2684,162,2706,0.991869918699187
HENDERSON - GR,HENDERSON - FR,22,1,2706,0.008130081300813009
HENDERSON - GR,HENDERSON - EF,0,1,2706,0.0
HENDERSON - HC,HENDERSON - HC,3409,98,3418,0.997366881217086
HENDERSON - HC,BUNCOMBE - 57.1,9,1,3418,0.0026331187829139848
HENDERSON - HS,HENDERSON - HS,2601,82,2601,1.0
HENDERSON - HS,HENDERSON - AT,0,1,2601,0.0
HENDERSON - HV1,HENDERSON - HV-1,2644,99,2686,0.9843633655994043
HENDERSON - HV1,HENDERSON - NW,33,5,2686,0.012285927029039464
HENDERSON - HV1,HENDERSON - GM,9,1,2686,0.0033507073715562173
HENDERSON - HV1,HENDERSON - HV-2,0,1,2686,0.0
HENDERSON - HV2,HENDERSON - HV-2,3865,190,3870,0.9987080103359173
HENDERSON - HV2,HENDERSON - NE,5,8,3870,0.0012919896640826874
HENDERSON - HV2,HENDERSON - SE,0,3,3870,0.0
HENDERSON - HV3,HENDERSON - HV-3,3007,159,3007,1.0
HENDERSON - HV3,HENDERSON - SW,0,1,3007,0.0
HENDERSON - LJ,HENDERSON - LJ,1990,47,1996,0.996993987975952
HENDERSON - LJ,HENDERSON - PV,6,1,1996,0.003006012024048096
HENDERSON - LP,HENDERSON - LP,1883,83,1890,0.9962962962962963
HENDERSON - LP,HENDERSON - SW,7,3,1890,0.003703703703703704
HENDERSON - LP,HENDERSON - HS,0,1,1890,0.0
HENDERSON - MG,HENDERSON - MG,1462,50,1462,1.0
HENDERSON - NB,HENDERSON - NB,5209,110,5411,0.9626686379597117
HENDERSON - NB,HENDERSON - CC,155,6,5411,0.02864535206061726
HENDERSON - NB,HENDERSON - MG,35,1,5411,0.00646830530401035
HENDERSON - NB,HENDERSON - SB,12,1,5411,0.002217704675660691
HENDERSON - NE,HENDERSON - NE,2438,81,2438,1.0
HENDERSON - NM,HENDERSON - NM,3106,145,3113,0.9977513652425313
HENDERSON - NM,BUNCOMBE - 30.3,5,3,3113,0.0016061676839061998
HENDERSON - NM,BUNCOMBE - 47.1,2,1,3113,0.00064246707356248
HENDERSON - NM,BUNCOMBE - 54.2,0,3,3113,0.0
HENDERSON - NW,HENDERSON - NW,2356,48,2356,1.0
HENDERSON - PR,HENDERSON - PR,3210,68,3210,1.0
HENDERSON - PV,HENDERSON - PV,2130,57,2130,1.0
HENDERSON - RG,HENDERSON - RG,2583,61,2583,1.0
HENDERSON - RR,HENDERSON - RR,1076,72,1077,0.9990714948932219
HENDERSON - RR,POLK - SA04,1,1,1077,0.0009285051067780873
HENDERSON - RR,HENDERSON - GR,0,1,1077,0.0
HENDERSON - SB,HENDERSON - SB,3587,98,3587,1.0
HENDERSON - SE,HENDERSON - SE,2116,79,2116,1.0
HENDERSON - SE,HENDERSON - HV-2,0,1,2116,0.0
HENDERSON - SM,HENDERSON - SM,3952,147,3952,1.0
HENDERSON - SW,HENDERSON - SW,2694,101,2712,0.9933628318584071
HENDERSON - SW,HENDERSON - HV-3,16,3,2712,0.0058997050147492625
HENDERSON - SW,HENDERSON - LP,2,2,2712,0.0007374631268436578
HERTFORD - 01,HERTFORD - A1,2362,141,2362,1.0
HERTFORD - 02,HERTFORD - A2,2303,110,2371,0.9713201180936314
HERTFORD - 02,HERTFORD - A3,68,3,2371,0.02867988190636862
HERTFORD - 03,HERTFORD - A3,1134,52,1134,1.0
HERTFORD - 04,HERTFORD - BR,483,21,483,1.0
HERTFORD - 05,HERTFORD - CO,544,41,613,0.8874388254486134
HERTFORD - 05,HERTFORD - A1,69,2,613,0.11256117455138662
HERTFORD - 05,HERTFORD - A3,0,2,613,0.0
HERTFORD - 06,HERTFORD - CM,497,39,497,1.0
HERTFORD - 07,HERTFORD - HV,843,55,843,1.0
HERTFORD - 08,HERTFORD - ML,644,42,644,1.0
HERTFORD - 09,HERTFORD - M1,3464,120,3464,1.0
HERTFORD - 10,HERTFORD - M2,461,23,461,1.0
HERTFORD - 11,HERTFORD - M2,710,20,710,1.0
HERTFORD - 12,HERTFORD - SJ,781,45,790,0.9886075949367089
HERTFORD - 12,HERTFORD - UN,9,1,790,0.01139240506329114
HERTFORD - 13,HERTFORD - UN,857,52,857,1.0
HERTFORD - 14,HERTFORD - WN,2402,86,2410,0.9966804979253112
HERTFORD - 14,HERTFORD - A1,8,1,2410,0.0033195020746887966
HERTFORD - 14,HERTFORD - CO,0,1,2410,0.0
HOKE - 01,HOKE - 01,581,82,581,1.0
HOKE - 01,ROBESON - 34,0,1,581,0.0
HOKE - 02,HOKE - 02,2553,127,2553,1.0
HOKE - 02,ROBESON - 26A,0,1,2553,0.0
HOKE - 03,HOKE - 03,1111,70,1111,1.0
HOKE - 04,HOKE - 04,1145,46,1156,0.990484429065744
HOKE - 04,MOORE - EAB,11,1,1156,0.009515570934256055
HOKE - 05,HOKE - 05,1913,64,1913,1.0
HOKE - 06,HOKE - 14,5784,59,14243,0.4060942217229516
HOKE - 06,HOKE - 06B,5156,63,14243,0.36200238713754124
HOKE - 06,HOKE - 15,3303,35,14243,0.23190339113950711
HOKE - 12,HOKE - 12,4508,80,4508,1.0
HOKE - 13,HOKE - 13,1569,105,1622,0.9673242909987669
HOKE - 13,ROBESON - 21,52,6,1622,0.032059186189889025
HOKE - 13,ROBESON - 10,1,1,1622,0.0006165228113440197
HOKE - 13,CUMBERLAND - G9B-1,0,2,1622,0.0
HOKE - 61,HOKE - 61,1631,90,1631,1.0
HOKE - 62,HOKE - 62,1061,64,1061,1.0
HOKE - 63,HOKE - 63,4117,69,4117,1.0
HOKE - 64,HOKE - 64,2470,119,2470,1.0
HOKE - 65,HOKE - 65,556,41,565,0.984070796460177
HOKE - 65,HOKE - 62,9,1,565,0.01592920353982301
HOKE - ZZZZZZ,HOKE - 05,4,48,5,0.8
HOKE - ZZZZZZ,HOKE - 14,1,67,5,0.2
HOKE - ZZZZZZ,MOORE - LTR,0,13,5,0.0
HOKE - ZZZZZZ,MOORE - PDN,0,1,5,0.0
HYDE - BM,HYDE - BM,358,92,358,1.0
HYDE - BM,BEAUFORT - BELHV,0,6,358,0.0
HYDE - BM,BEAUFORT - PANTE,0,1,358,0.0
HYDE - ENG,HYDE - ENG,586,154,611,0.9590834697217676
HYDE - ENG,HYDE - FF,25,2,611,0.04091653027823241
HYDE - FF,HYDE - FF,836,79,836,1.0
HYDE - LL,HYDE - LL,467,84,467,1.0
HYDE - OCK,HYDE - OCK,657,52,657,1.0
HYDE - SLAD,HYDE - SLAD,323,131,323,1.0
HYDE - SQ,HYDE - SQ,527,80,527,1.0
HYDE - ZZZZZZ,HYDE - LL,6,9,6,1.0
HYDE - ZZZZZZ,HYDE - ENG,0,5,6,0.0
HYDE - ZZZZZZ,HYDE - FF,0,12,6,0.0
HYDE - ZZZZZZ,HYDE - SQ,0,9,6,0.0
IREDELL - BA1,IREDELL - BA-1,5633,206,5746,0.9803341454925165
IREDELL - BA1,IREDELL - CC3-1,80,2,5746,0.013922728854855551
IREDELL - BA1,ROWAN - 24,24,10,5746,0.004176818656456666
IREDELL - BA1,IREDELL - CC2,5,1,5746,0.000870170553428472
IREDELL - BA1,IREDELL - FT,4,5,5746,0.0006961364427427776
IREDELL - BE1,IREDELL - BE,5680,112,5693,0.9977164939399262
IREDELL - BE1,IREDELL - CD,13,2,5693,0.0022835060600737748
IREDELL - BE1,IREDELL - ST2,0,2,5693,0.0
IREDELL - CC1,IREDELL - CC1,6023,130,6333,0.9510500552660667
IREDELL - CC1,IREDELL - CC3-1,310,9,6333,0.04894994473393337
IREDELL - CC1,IREDELL - CC4-1,0,2,6333,0.0
IREDELL - CC2,IREDELL - CC2,7187,159,12558,0.5723045070871158
IREDELL - CC2,IREDELL - DV2A-1,3673,75,12558,0.29248287943940116
IREDELL - CC2,IREDELL - CC3-1,1448,22,12558,0.11530498487020226
IREDELL - CC2,IREDELL - CC4-1,250,11,12558,0.019907628603280776
IREDELL - CC2,IREDELL - BA-1,0,2,12558,0.0
IREDELL - CC2,IREDELL - DV1A1A,0,5,12558,0.0
IREDELL - CC2,IREDELL - DV3A,0,1,12558,0.0
IREDELL - CC3,IREDELL - CC3-1,8394,203,8557,0.9809512679677457
IREDELL - CC3,IREDELL - CC2,143,11,8557,0.016711464298235362
IREDELL - CC3,ROWAN - 04,20,9,8557,0.002337267734018932
IREDELL - CC3,ROWAN - 24,0,2,8557,0.0
IREDELL - CC4,IREDELL - CC4-1,4170,124,5911,0.7054643884283539
IREDELL - CC4,IREDELL - CC1,1116,44,5911,0.18880054136355948
IREDELL - CC4,IREDELL - CC2,398,15,5911,0.06733209270850955
IREDELL - CC4,IREDELL - CC3-1,227,8,5911,0.03840297749957706
IREDELL - CD1,IREDELL - CD,5533,136,5566,0.9940711462450593
IREDELL - CD1,IREDELL - BE,33,2,5566,0.005928853754940711
IREDELL - CH1,IREDELL - CH-B,3861,109,6689,0.5772163253102108
IREDELL - CH1,IREDELL - CH-A,2811,95,6689,0.4202421886679623
IREDELL - CH1,IREDELL - ST6,17,7,6689,0.00254148602182688
IREDELL - CH1,IREDELL - CS,0,1,6689,0.0
IREDELL - CS1,IREDELL - CS,3071,99,3108,0.9880952380952381
IREDELL - CS1,IREDELL - CH-A,37,3,3108,0.011904761904761904
IREDELL - CS1,DAVIE - 02,0,1,3108,0.0
IREDELL - DV1,IREDELL - DV1B-1,9625,124,20263,0.4750037013275428
IREDELL - DV1,IREDELL - DV3A,5854,131,20263,0.28890095247495434
IREDELL - DV1,IREDELL - DV1A1A,4478,127,20263,0.22099392982282978
IREDELL - DV1,IREDELL - DV2A-1,306,16,20263,0.015101416374673049
IREDELL - DV1,IREDELL - CC2,0,1,20263,0.0
IREDELL - DV2,IREDELL - DV2B-1,7515,205,11039,0.680768185524051
IREDELL - DV2,IREDELL - DV2A-1,3079,70,11039,0.278920192046381
IREDELL - DV2,IREDELL - CC4-1,445,27,11039,0.040311622429567893
IREDELL - DV2,IREDELL - DV1B-1,0,2,11039,0.0
IREDELL - DV2,MECKLENBURG - 206,0,1,11039,0.0
IREDELL - EM1,IREDELL - EM,1445,117,1445,1.0
IREDELL - EM1,YADKIN - DCRK,0,3,1445,0.0
IREDELL - FT1,IREDELL - FT,8038,251,8324,0.9656415185007208
IREDELL - FT1,IREDELL - BA-1,261,9,8324,0.031355117731859686
IREDELL - FT1,IREDELL - DV1A1A,25,1,8324,0.0030033637674195097
IREDELL - NH1,IREDELL - NH,1380,123,1381,0.999275887038378
IREDELL - NH1,ALEXANDER - G1G2,1,1,1381,0.000724112961622013
IREDELL - NH1,IREDELL - SB,0,1,1381,0.0
IREDELL - NH1,WILKES - 122,0,1,1381,0.0
IREDELL - OL1,IREDELL - OL,1448,83,1448,1.0
IREDELL - SB1,IREDELL - SB,2104,120,2104,1.0
IREDELL - SB1,IREDELL - OL,0,1,2104,0.0
IREDELL - SH1,IREDELL - SH-B,3603,73,7125,0.5056842105263157
IREDELL - SH1,IREDELL - SH-A,3444,104,7125,0.48336842105263156
IREDELL - SH1,ALEXANDER - M,41,1,7125,0.005754385964912281
IREDELL - SH1,IREDELL - ST5,37,3,7125,0.005192982456140351
IREDELL - SH1,IREDELL - ST3,0,1,7125,0.0
IREDELL - ST1,IREDELL - ST1,4709,95,4709,1.0
IREDELL - ST1,IREDELL - CH-A,0,1,4709,0.0
IREDELL - ST1,IREDELL - ST6,0,1,4709,0.0
IREDELL - ST2,IREDELL - ST2,4008,154,4741,0.8453912676650496
IREDELL - ST2,IREDELL - ST4,600,14,4741,0.1265555789917739
IREDELL - ST2,IREDELL - ST1,114,2,4741,0.02404556000843704
IREDELL - ST2,IREDELL - BE,19,2,4741,0.004007593334739506
IREDELL - ST2,IREDELL - CH-A,0,3,4741,0.0
IREDELL - ST3,IREDELL - ST3,3686,124,4234,0.8705715635333019
IREDELL - ST3,IREDELL - ST6,292,14,4234,0.06896551724137931
IREDELL - ST3,IREDELL - ST2,154,2,4234,0.036372224846480866
IREDELL - ST3,IREDELL - ST4,102,9,4234,0.024090694378837978
IREDELL - ST4,IREDELL - ST4,2825,84,3711,0.7612503368364322
IREDELL - ST4,IREDELL - ST5,735,16,3711,0.19805982215036377
IREDELL - ST4,IREDELL - ST2,119,5,3711,0.032066828348154136
IREDELL - ST4,IREDELL - CD,32,1,3711,0.008623012665049851
IREDELL - ST4,IREDELL - BE,0,1,3711,0.0
IREDELL - ST5,IREDELL - ST5,3109,130,3551,0.8755280202759786
IREDELL - ST5,IREDELL - ST3,237,20,3551,0.06674176288369474
IREDELL - ST5,IREDELL - ST4,205,12,3551,0.05773021684032667
IREDELL - ST5,IREDELL - CD,0,2,3551,0.0
IREDELL - ST6,IREDELL - ST6,4604,202,4848,0.9496699669966997
IREDELL - ST6,IREDELL - ST3,221,15,4848,0.04558580858085808
IREDELL - ST6,IREDELL - ST1,23,2,4848,0.004744224422442244
IREDELL - ST6,IREDELL - BA-1,0,1,4848,0.0
IREDELL - ST6,IREDELL - CH-A,0,1,4848,0.0
IREDELL - TB1,IREDELL - TB,3070,100,3070,1.0
IREDELL - UG1,IREDELL - UG,1657,142,1671,0.9916217833632556
IREDELL - UG1,IREDELL - EM,14,5,1671,0.008378216636744464
JACKSON - BCK,JACKSON - BCK,1503,70,1503,1.0
JACKSON - CAN,JACKSON - CAN,564,91,580,0.9724137931034482
JACKSON - CAN,JACKSON - GLV,15,4,580,0.02586206896551724
JACKSON - CAN,JACKSON - CAS,1,2,580,0.0017241379310344827
JACKSON - CAS,JACKSON - CAS,2196,175,2219,0.9896349707075259
JACKSON - CAS,MACON - 09,20,9,2219,0.009013068949977467
JACKSON - CAS,JACKSON - GLV,3,2,2219,0.0013519603424966202
JACKSON - CAS,TRANSYLVANIA - TC7,0,1,2219,0.0
JACKSON - CFK,JACKSON - CFK,668,42,680,0.9823529411764705
JACKSON - CFK,JACKSON - RIV,12,1,680,0.01764705882352941
JACKSON - CFK,HAYWOOD - CE,0,1,680,0.0
JACKSON - CUL,JACKSON - CUL,9506,137,9565,0.9938316779926817
JACKSON - CUL,JACKSON - SCC,42,8,9565,0.004391008886565604
JACKSON - CUL,JACKSON - GLV,15,3,9565,0.0015682174594877157
JACKSON - CUL,JACKSON - SDC,2,1,9565,0.00020909566126502875
JACKSON - DIL,JACKSON - SDC,1266,97,1280,0.9890625
JACKSON - DIL,JACKSON - BCK,14,2,1280,0.0109375
JACKSON - GCK,JACKSON - GCK,1164,40,1173,0.9923273657289002
JACKSON - GCK,JACKSON - BCK,9,4,1173,0.0076726342710997444
JACKSON - GCK,JACKSON - WEB,0,1,1173,0.0
JACKSON - HAM,JACKSON - GLV,1756,183,1785,0.9837535014005602
JACKSON - HAM,JACKSON - CAS,15,8,1785,0.008403361344537815
JACKSON - HAM,JACKSON - RIV,14,2,1785,0.00784313725490196
JACKSON - MNT,JACKSON - GLV,434,48,434,1.0
JACKSON - MNT,MACON - 08,0,1,434,0.0
JACKSON - QUA,JACKSON - QUA,4791,177,4801,0.9979171006040408
JACKSON - QUA,JACKSON - BCK,9,1,4801,0.0018746094563632577
JACKSON - QUA,HAYWOOD - IH,1,1,4801,0.00020828993959591752
JACKSON - RIV,JACKSON - RIV,940,75,940,1.0
JACKSON - SAV,JACKSON - SAV,1208,42,1223,0.9877350776778414
JACKSON - SAV,JACKSON - WEB,15,1,1223,0.012264922322158627
JACKSON - SC-CRU,JACKSON - SCC,1830,129,1836,0.9967320261437909
JACKSON - SC-CRU,JACKSON - SDC,6,1,1836,0.0032679738562091504
JACKSON - SC-CRU,JACKSON - CUL,0,1,1836,0.0
JACKSON - SNW,JACKSON - SDC,2016,62,2016,1.0
JACKSON - SNW,JACKSON - BCK,0,1,2016,0.0
JACKSON - SSW,JACKSON - SDC,3407,146,3458,0.9852515905147484
JACKSON - SSW,JACKSON - SCC,50,2,3458,0.014459224985540775
JACKSON - SSW,JACKSON - CUL,1,1,3458,0.0002891844997108155
JACKSON - WEB,JACKSON - WEB,2283,77,2318,0.9849007765314927
JACKSON - WEB,JACKSON - SDC,35,9,2318,0.015099223468507334
JACKSON - WEB,JACKSON - CUL,0,2,2318,0.0
JOHNSTON - PR01,JOHNSTON - PR35,1915,138,1916,0.9994780793319415
JOHNSTON - PR01,JOHNSTON - PR37,1,3,1916,0.0005219206680584551
JOHNSTON - PR02,JOHNSTON - PR35,1314,64,1345,0.9769516728624535
JOHNSTON - PR02,SAMPSON - PLVW,31,5,1345,0.023048327137546468
JOHNSTON - PR03,JOHNSTON - PR35,2557,138,2557,1.0
JOHNSTON - PR04,JOHNSTON - PR04,1475,58,1494,0.9872824631860776
JOHNSTON - PR04,SAMPSON - NGRV,11,4,1494,0.007362784471218206
JOHNSTON - PR04,JOHNSTON - PR38,8,3,1494,0.00535475234270415
JOHNSTON - PR05,JOHNSTON - PR36,1463,80,1463,1.0
JOHNSTON - PR06,JOHNSTON - PR36,2076,121,2076,1.0
JOHNSTON - PR07,JOHNSTON - PR07,3490,164,3490,1.0
JOHNSTON - PR07,WAYNE - 03,0,1,3490,0.0
JOHNSTON - PR08,JOHNSTON - PR08,2544,53,2544,1.0
JOHNSTON - PR09,JOHNSTON - PR34,8073,96,14062,0.5741004124591097
JOHNSTON - PR09,JOHNSTON - PR09,5987,125,14062,0.4257573602616982
JOHNSTON - PR09,JOHNSTON - PR27B,2,1,14062,0.00014222727919214906
JOHNSTON - PR09,JOHNSTON - PR10A,0,1,14062,0.0
JOHNSTON - PR10,JOHNSTON - PR10A,3835,130,6780,0.5656342182890856
JOHNSTON - PR10,JOHNSTON - PR10B,2945,65,6780,0.43436578171091444
JOHNSTON - PR10,JOHNSTON - PR09,0,1,6780,0.0
JOHNSTON - PR10,JOHNSTON - PR11B,0,9,6780,0.0
JOHNSTON - PR10,JOHNSTON - PR29A,0,4,6780,0.0
JOHNSTON - PR10,JOHNSTON - PR34,0,5,6780,0.0
JOHNSTON - PR11,JOHNSTON - PR11B,5931,91,9551,0.62098209611559
JOHNSTON - PR11,JOHNSTON - PR11A,3620,37,9551,0.37901790388441003
JOHNSTON - PR12,JOHNSTON - PR12A,6063,49,11425,0.5306783369803063
JOHNSTON - PR12,JOHNSTON - PR12B,5362,37,11425,0.46932166301969364
JOHNSTON - PR12,WAKE - 16-09,0,1,11425,0.0
JOHNSTON - PR13,JOHNSTON - PR13,3374,47,3374,1.0
JOHNSTON - PR14,JOHNSTON - PR14,3006,71,3022,0.9947054930509597
JOHNSTON - PR14,JOHNSTON - PR37,16,3,3022,0.005294506949040371
JOHNSTON - PR14,HARNETT - PR24,0,1,3022,0.0
JOHNSTON - PR15,JOHNSTON - PR37,3081,136,3089,0.9974101651019748
JOHNSTON - PR15,JOHNSTON - PR04,8,1,3089,0.002589834898025251
JOHNSTON - PR16,JOHNSTON - PR37,2102,132,2102,1.0
JOHNSTON - PR17,JOHNSTON - PR38,1029,58,1032,0.997093023255814
JOHNSTON - PR17,JOHNSTON - PR04,3,1,1032,0.0029069767441860465
JOHNSTON - PR17,JOHNSTON - PR35,0,1,1032,0.0
JOHNSTON - PR17,SAMPSON - NGRV,0,1,1032,0.0
JOHNSTON - PR18,JOHNSTON - PR38,1590,57,1596,0.9962406015037594
JOHNSTON - PR18,JOHNSTON - PR35,6,1,1596,0.0037593984962406013
JOHNSTON - PR19,JOHNSTON - PR19,2221,104,2232,0.9950716845878136
JOHNSTON - PR19,JOHNSTON - PR21,11,1,2232,0.00492831541218638
JOHNSTON - PR20,JOHNSTON - PR20,4551,72,4551,1.0
JOHNSTON - PR20,WAKE - 09-02,0,1,4551,0.0
JOHNSTON - PR21,JOHNSTON - PR21,3428,74,3436,0.9976717112922002
JOHNSTON - PR21,JOHNSTON - PR36,8,1,3436,0.002328288707799767
JOHNSTON - PR21,JOHNSTON - PR32,0,1,3436,0.0
JOHNSTON - PR22,JOHNSTON - PR22,4130,201,4130,1.0
JOHNSTON - PR23,JOHNSTON - PR23A,5041,36,13749,0.36664484689795623
JOHNSTON - PR23,JOHNSTON - PR33,4816,36,13749,0.35028002036511746
JOHNSTON - PR23,JOHNSTON - PR23B,3892,46,13749,0.2830751327369263
JOHNSTON - PR24,JOHNSTON - PR24,3261,232,3261,1.0
JOHNSTON - PR24,JOHNSTON - PR19,0,1,3261,0.0
JOHNSTON - PR25,JOHNSTON - PR25,3418,84,3418,1.0
JOHNSTON - PR26,JOHNSTON - PR26,3281,171,3281,1.0
JOHNSTON - PR26,JOHNSTON - PR08,0,1,3281,0.0
JOHNSTON - PR27,JOHNSTON - PR27B,3807,83,6116,0.6224656638325703
JOHNSTON - PR27,JOHNSTON - PR27A,2309,57,6116,0.3775343361674297
JOHNSTON - PR28,JOHNSTON - PR28,4951,112,4952,0.9997980613893377
JOHNSTON - PR28,JOHNSTON - PR13,1,1,4952,0.00020193861066235866
JOHNSTON - PR29,JOHNSTON - PR29B,11649,76,22140,0.5261517615176152
JOHNSTON - PR29,JOHNSTON - PR29A,6835,91,22140,0.30871725383920506
JOHNSTON - PR29,JOHNSTON - PR32,3656,45,22140,0.16513098464317977
JOHNSTON - PR29,WAKE - 09-02,0,1,22140,0.0
JOHNSTON - PR30,JOHNSTON - PR30,5714,122,5733,0.996685853828711
JOHNSTON - PR30,JOHNSTON - PR09,19,1,5733,0.0033141461712890286
JOHNSTON - PR31,JOHNSTON - PR31B,6856,76,10181,0.6734112562616639
JOHNSTON - PR31,JOHNSTON - PR31A,3325,20,10181,0.32658874373833613
JOHNSTON - PR31,JOHNSTON - PR23B,0,1,10181,0.0
JONES - BC,JONES - P01,804,68,809,0.9938195302843016
JONES - BC,LENOIR - SW,5,2,809,0.006180469715698393
JONES - CC,JONES - P03,641,53,641,1.0
JONES - CC,JONES - P06,0,1,641,0.0
JONES - CH,JONES - P02,513,36,522,0.9827586206896551
JONES - CH,LENOIR - SW,9,1,522,0.017241379310344827
JONES - PL,JONES - P04,2027,180,2027,1.0
JONES - PL,CRAVEN - 03,0,1,2027,0.0
JONES - PL,CRAVEN - 05,0,4,2027,0.0
JONES - PL,CRAVEN - 21,0,1,2027,0.0
JONES - PL,CRAVEN - CLR4,0,4,2027,0.0
JONES - TR,JONES - P05,1425,118,1425,1.0
JONES - TR,JONES - P04,0,1,1425,0.0
JONES - TU,JONES - P06,658,63,658,1.0
JONES - TU,DUPLIN - BEUL,0,1,658,0.0
JONES - WO,JONES - P07,1400,134,1400,1.0
JONES - WO,CRAVEN - 02,0,1,1400,0.0
JONES - WO,JONES - P05,0,2,1400,0.0
JONES - WO,ONSLOW - ML23,0,2,1400,0.0
LEE - CF,LEE - E1,3002,100,3115,0.9637239165329053
LEE - CF,LEE - E2,113,4,3115,0.036276083467094704
LEE - CF,HARNETT - PR23,0,1,3115,0.0
LEE - CUMN,LEE - D2,1121,61,1880,0.5962765957446808
LEE - CUMN,LEE - D1,759,22,1880,0.40372340425531916
LEE - CUMN,CHATHAM - GLD118,0,1,1880,0.0
LEE - DR,LEE - B1,2004,91,2004,1.0
LEE - EJ,LEE - E2,5165,129,5165,1.0
LEE - EP,LEE - C2,2989,70,2989,1.0
LEE - ESANF,LEE - A2,4550,199,4550,1.0
LEE - GW,LEE - C1,7253,104,9000,0.8058888888888889
LEE - GW,LEE - C2,1747,39,9000,0.19411111111111112
LEE - WJ,LEE - A2,3205,112,5359,0.5980593394289979
LEE - WJ,LEE - A1,2154,40,5359,0.40194066057100203
LEE - WP,LEE - D1,1512,60,1512,1.0
LEE - WSANF1,LEE - A1,4020,119,4020,1.0
LEE - WSANF2,LEE - D2,3050,103,5314,0.5739555890101619
LEE - WSANF2,LEE - D1,2264,55,5314,0.42604441098983814
LEE - WSANF3,LEE - B2,3097,132,3484,0.8889207807118255
LEE - WSANF3,LEE - B1,387,20,3484,0.11107921928817452
LENOIR - C,LENOIR - C,2580,122,2580,1.0
LENOIR - C,GREENE - HOOK,0,1,2580,0.0
LENOIR - FC,LENOIR - FC,4618,151,4618,1.0
LENOIR - I,LENOIR - I,1967,59,1973,0.9969589457678661
LENOIR - I,GREENE - ARBA,6,3,1973,0.0030410542321338066
LENOIR - K1,LENOIR - K1,958,80,958,1.0
LENOIR - K1,LENOIR - N,0,2,958,0.0
LENOIR - K1,LENOIR - SW,0,1,958,0.0
LENOIR - K2,LENOIR - K2,1069,95,1069,1.0
LENOIR - K3,LENOIR - K3,1490,133,1490,1.0
LENOIR - K4,LENOIR - K4,2877,76,2877,1.0
LENOIR - K5,LENOIR - K5,1607,63,1607,1.0
LENOIR - K6,LENOIR - K6,2198,69,2198,1.0
LENOIR - K7,LENOIR - K7,1912,77,1912,1.0
LENOIR - K8,LENOIR - K8,912,95,912,1.0
LENOIR - K9,LENOIR - K9,2102,70,2102,1.0
LENOIR - MH,LENOIR - MH,4072,249,4072,1.0
LENOIR - MH,GREENE - SHIN,0,3,4072,0.0
LENOIR - MH,WAYNE - 15,0,5,4072,0.0
LENOIR - N,LENOIR - N,3591,193,3591,1.0
LENOIR - PH1,LENOIR - PH1,828,28,828,1.0
LENOIR - PH2,LENOIR - PH2,1580,93,1580,1.0
LENOIR - SH,LENOIR - SH,842,29,855,0.9847953216374269
LENOIR - SH,JONES - P01,13,1,855,0.0152046783625731
LENOIR - SH,CRAVEN - DFB9,0,1,855,0.0
LENOIR - SW,LENOIR - SW,1153,64,1153,1.0
LENOIR - SW,LENOIR - SH,0,1,1153,0.0
LENOIR - T1,LENOIR - T1,1577,76,1577,1.0
LENOIR - T2,LENOIR - T2,1135,39,1135,1.0
LENOIR - V,LENOIR - V,2552,83,2552,1.0
LENOIR - V,GREENE - HOOK,0,3,2552,0.0
LENOIR - W,LENOIR - W,1250,52,1250,1.0
LINCOLN - AS25,LINCOLN - AS25,2885,48,2885,1.0
LINCOLN - BC13,LINCOLN - BC13,2664,85,2678,0.9947722180731889
LINCOLN - BC13,LINCOLN - AS25,14,2,2678,0.005227781926811053
LINCOLN - BS26,LINCOLN - BS26,2311,33,2311,1.0
LINCOLN - BS26,CATAWBA - 09,0,5,2311,0.0
LINCOLN - CR06,LINCOLN - HC33,1045,42,1045,1.0
LINCOLN - DN29,LINCOLN - DN29,3507,71,6693,0.523980277902286
LINCOLN - DN29,LINCOLN - DW28,2975,56,6693,0.4444942477215001
LINCOLN - DN29,CATAWBA - 41,169,29,6693,0.025250261467204542
LINCOLN - DN29,LINCOLN - PC22,36,1,6693,0.005378753922008068
LINCOLN - DN29,LINCOLN - OB21,4,3,6693,0.0005976393246675631
LINCOLN - DN29,CATAWBA - 31,2,4,6693,0.00029881966233378154
LINCOLN - DV08,LINCOLN - DV08,3087,81,3144,0.9818702290076335
LINCOLN - DV08,CATAWBA - 02,53,8,3144,0.016857506361323157
LINCOLN - DV08,CATAWBA - 03,4,6,3144,0.001272264631043257
LINCOLN - HG17,LINCOLN - ST36,4134,159,4322,0.956501619620546
LINCOLN - HG17,LINCOLN - BS26,82,6,4322,0.01897269782508098
LINCOLN - HG17,CATAWBA - 34,56,11,4322,0.012956964368347987
LINCOLN - HG17,CATAWBA - 09,38,3,4322,0.008792225821378992
LINCOLN - HG17,CATAWBA - 20,12,6,4322,0.002776492364645997
LINCOLN - HV07,LINCOLN - HC33,2880,57,2880,1.0
LINCOLN - IS23,LINCOLN - IS23,2772,60,4646,0.5966422729229445
LINCOLN - IS23,LINCOLN - IS20,1874,51,4646,0.40335772707705553
LINCOLN - LI14,LINCOLN - LI14,1815,60,1815,1.0
LINCOLN - LM16,LINCOLN - LB34,1781,72,1876,0.9493603411513859
LINCOLN - LM16,LINCOLN - HC33,95,8,1876,0.05063965884861407
LINCOLN - LN11,LINCOLN - LN11,1904,87,1904,1.0
LINCOLN - LS12,LINCOLN - LS12,2050,116,2050,1.0
LINCOLN - LS15,LINCOLN - LB34,1512,47,1512,1.0
LINCOLN - LW31,LINCOLN - LW31,4371,86,5752,0.7599095966620306
LINCOLN - LW31,LINCOLN - LW18,1333,40,5752,0.23174547983310154
LINCOLN - LW31,LINCOLN - IS23,48,3,5752,0.008344923504867872
LINCOLN - NB02,LINCOLN - NB35,3085,101,3085,1.0
LINCOLN - NB02,GASTON - 11A,0,2,3085,0.0
LINCOLN - NB03,LINCOLN - NB35,1347,43,1372,0.9817784256559767
LINCOLN - NB03,CATAWBA - 02,25,10,1372,0.018221574344023325
LINCOLN - NB03,BURKE - 0071,0,1,1372,0.0
LINCOLN - NB03,CLEVELAND - MULLS,0,1,1372,0.0
LINCOLN - PC22,LINCOLN - PC22,2883,40,5283,0.5457126632595116
LINCOLN - PC22,LINCOLN - OB21,2394,45,5283,0.45315161839863716
LINCOLN - PC22,CATAWBA - 09,6,5,5283,0.001135718341851221
LINCOLN - PC22,CATAWBA - 31,0,2,5283,0.0
LINCOLN - SL24,LINCOLN - SL24,2083,67,2111,0.9867361440075794
LINCOLN - SL24,LINCOLN - LB34,28,1,2111,0.013263855992420654
LINCOLN - TR30,LINCOLN - TA37,3968,49,5634,0.7042953496627617
LINCOLN - TR30,LINCOLN - CF19,1666,44,5634,0.2957046503372382
LINCOLN - TR30,LINCOLN - DW28,0,1,5634,0.0
LINCOLN - WP32,LINCOLN - WP32,5759,73,5759,1.0
MACON - 1,MACON - 01,2673,92,2673,1.0
MACON - 10,MACON - 10,533,56,533,1.0
MACON - 11,MACON - 11,3271,154,3271,1.0
MACON - 11,MACON - 12,0,1,3271,0.0
MACON - 12,MACON - 12,2153,151,2157,0.9981455725544738
MACON - 12,CLAY - SHCR,4,1,2157,0.0018544274455261937
MACON - 12,MACON - 11,0,1,2157,0.0
MACON - 13,MACON - 13,645,165,645,1.0
MACON - 14,MACON - 14,805,63,805,1.0
MACON - 14,SWAIN - ALMOND,0,1,805,0.0
MACON - 15,MACON - 15,2134,191,2134,1.0
MACON - 15,MACON - 14,0,1,2134,0.0
MACON - 2,MACON - 02,1712,125,1717,0.9970879440885265
MACON - 2,MACON - 12,5,1,1717,0.0029120559114735
MACON - 3,MACON - 03,3035,159,3035,1.0
MACON - 3,MACON - 01,0,2,3035,0.0
MACON - 3,MACON - 04,0,2,3035,0.0
MACON - 3,MACON - 05,0,2,3035,0.0
MACON - 4,MACON - 04,1738,63,1861,0.9339065018807093
MACON - 4,MACON - 01,123,4,1861,0.0660934981192907
MACON - 4,MACON - 15,0,1,1861,0.0
MACON - 5,MACON - 05,3219,111,3229,0.9969030659646949
MACON - 5,MACON - 12,10,2,3229,0.003096934035305048
MACON - 6,MACON - 06,2494,148,2508,0.9944178628389154
MACON - 6,MACON - 03,14,1,2508,0.005582137161084529
MACON - 6,MACON - 07,0,1,2508,0.0
MACON - 7,MACON - 07,2439,100,2450,0.9955102040816326
MACON - 7,MACON - 06,11,1,2450,0.004489795918367347
MACON - 7,MACON - 03,0,1,2450,0.0
MACON - 8,MACON - 08,537,80,537,1.0
MACON - 9,MACON - 09,2774,301,2774,1.0
MACON - 9,JACKSON - CAS,0,2,2774,0.0
MADISON - 10,MADISON - GRAPEV,1183,44,1186,0.9974704890387859
MADISON - 10,MADISON - MARS H,3,3,1186,0.002529510961214165
MADISON - 11,MADISON - REVERE,301,18,346,0.869942196531792
MADISON - 11,MADISON - LAUREL,45,4,346,0.13005780346820808
MADISON - 1N,MADISON - NORTH,2281,144,2290,0.9960698689956332
MADISON - 1N,MADISON - WALNUT,6,5,2290,0.0026200873362445414
MADISON - 1N,MADISON - MARS H,3,3,2290,0.0013100436681222707
MADISON - 1S,MADISON - SOUTH,973,69,973,1.0
MADISON - 2,MADISON - LAUREL,1038,53,1038,1.0
MADISON - 3,MADISON - MARS H,4253,181,4253,1.0
MADISON - 3,MADISON - GRAPEV,0,1,4253,0.0
MADISON - 4,MADISON - BEECH,2596,135,2596,1.0
MADISON - 5,MADISON - WALNUT,1331,62,1490,0.8932885906040269
MADISON - 5,MADISON - NORTH,78,12,1490,0.052348993288590606
MADISON - 5,MADISON - SOUTH,64,9,1490,0.042953020134228186
MADISON - 5,MADISON - HOT SP,17,5,1490,0.011409395973154362
MADISON - 6,MADISON - HOT SP,845,100,879,0.9613196814562003
MADISON - 6,MADISON - WALNUT,34,8,879,0.038680318543799774
MADISON - 6,MADISON - LAUREL,0,1,879,0.0
MADISON - 7,MADISON - EBBS C,1097,81,1097,1.0
MADISON - 8,MADISON - SPRING,771,74,774,0.9961240310077519
MADISON - 8,MADISON - HOT SP,3,2,774,0.003875968992248062
MADISON - 9,MADISON - SANDY,544,30,559,0.9731663685152058
MADISON - 9,MADISON - SPRING,15,4,559,0.026833631484794274
MARTIN - BG,MARTIN - BG,1695,63,1695,1.0
MARTIN - BG,BEAUFORT - TCRK,0,1,1695,0.0
MARTIN - CR,MARTIN - CR,1081,73,1081,1.0
MARTIN - GN,MARTIN - GSN,724,73,724,1.0
MARTIN - GN,HALIFAX - HPR,0,2,724,0.0
MARTIN - GR,MARTIN - GRF,1045,75,1045,1.0
MARTIN - GR,BEAUFORT - OLDF,0,2,1045,0.0
MARTIN - GR,BEAUFORT - PINET,0,7,1045,0.0
MARTIN - HM,MARTIN - HMT,872,55,872,1.0
MARTIN - HS,MARTIN - GSN,257,28,257,1.0
MARTIN - J,MARTIN - JMV,1960,112,1960,1.0
MARTIN - J,BEAUFORT - PINET,0,1,1960,0.0
MARTIN - J,BERTIE - MH,0,1,1960,0.0
MARTIN - PP,MARTIN - HMT,365,16,365,1.0
MARTIN - R1,MARTIN - RBV,1007,91,1007,1.0
MARTIN - R2,MARTIN - RBV,1350,135,1350,1.0
MARTIN - W,MARTIN - JMV,381,24,913,0.4173055859802848
MARTIN - W,MARTIN - GRF,343,8,913,0.37568455640744797
MARTIN - W,MARTIN - WM1,189,10,913,0.20700985761226726
MARTIN - W1,MARTIN - WM1,3394,188,3394,1.0
MARTIN - W2,MARTIN - WM2,2952,136,2952,1.0
MARTIN - W2,BERTIE - W1,0,1,2952,0.0
MCDOWELL - 1,MCDOWELL - MAR 1,3102,95,3139,0.9882128066263142
MCDOWELL - 1,MCDOWELL - MAR 3,37,1,3139,0.011787193373685887
MCDOWELL - 1,MCDOWELL - T.COVE,0,3,3139,0.0
MCDOWELL - 10,MCDOWELL - GLENWD,2019,115,2928,0.6895491803278688
MCDOWELL - 10,MCDOWELL - HIGGIN,792,12,2928,0.27049180327868855
MCDOWELL - 10,MCDOWELL - WEST M,117,10,2928,0.039959016393442626
MCDOWELL - 10,RUTHERFORD - 04A,0,2,2928,0.0
MCDOWELL - 11,MCDOWELL - HIGGIN,1649,60,1732,0.9520785219399538
MCDOWELL - 11,MCDOWELL - DYSART,63,3,1732,0.036374133949191687
MCDOWELL - 11,MCDOWELL - MAR 4,20,4,1732,0.011547344110854504
MCDOWELL - 11,MCDOWELL - GLENWD,0,2,1732,0.0
MCDOWELL - 12,MCDOWELL - M.COVE,1754,21,1897,0.9246178176067475
MCDOWELL - 12,MCDOWELL - GLENWD,90,4,1897,0.047443331576172906
MCDOWELL - 12,MCDOWELL - WEST M,53,1,1897,0.0279388508170796
MCDOWELL - 12,MCDOWELL - FORT 2,0,1,1897,0.0
MCDOWELL - 13,MCDOWELL - NEBO,2900,88,3153,0.9197589597209007
MCDOWELL - 13,MCDOWELL - HIGGIN,134,12,3153,0.04249920710434507
MCDOWELL - 13,MCDOWELL - MAR 1,112,14,3153,0.03552172534094513
MCDOWELL - 13,BURKE - 0019,7,5,3153,0.0022201078338090706
MCDOWELL - 13,MCDOWELL - DYSART,0,9,3153,0.0
MCDOWELL - 13,MCDOWELL - T.COVE,0,1,3153,0.0
MCDOWELL - 14,MCDOWELL - N.COVE,934,104,992,0.9415322580645161
MCDOWELL - 14,MCDOWELL - T.COVE,57,3,992,0.057459677419354836
MCDOWELL - 14,BURKE - 0018,1,3,992,0.0010080645161290322
MCDOWELL - 15,MCDOWELL - FORT 1,1442,69,1888,0.763771186440678
MCDOWELL - 15,MCDOWELL - PLEASA,446,24,1888,0.23622881355932204
MCDOWELL - 16,MCDOWELL - FORT 2,1131,92,1280,0.88359375
MCDOWELL - 16,MCDOWELL - WEST M,91,14,1280,0.07109375
MCDOWELL - 16,MCDOWELL - FORT 1,58,8,1280,0.0453125
MCDOWELL - 16,MCDOWELL - M.COVE,0,2,1280,0.0
MCDOWELL - 17,MCDOWELL - T.COVE,913,70,919,0.9934711643090316
MCDOWELL - 17,MCDOWELL - PLEASA,6,1,919,0.006528835690968444
MCDOWELL - 17,MCDOWELL - MAR 1,0,2,919,0.0
MCDOWELL - 2,MCDOWELL - MAR 2,1721,57,2231,0.7714029583146571
MCDOWELL - 2,MCDOWELL - WEST M,510,11,2231,0.2285970416853429
MCDOWELL - 3,MCDOWELL - MAR 3,1128,52,1219,0.9253486464315013
MCDOWELL - 3,MCDOWELL - MAR 1,82,11,1219,0.06726825266611977
MCDOWELL - 3,MCDOWELL - NEBO,9,6,1219,0.007383100902378999
MCDOWELL - 4,MCDOWELL - MAR 4,1586,80,1593,0.9956057752667922
MCDOWELL - 4,MCDOWELL - HIGGIN,7,8,1593,0.004394224733207784
MCDOWELL - 4,MCDOWELL - WEST M,0,1,1593,0.0
MCDOWELL - 5,MCDOWELL - MAR 5,1328,58,1328,1.0
MCDOWELL - 6,MCDOWELL - PLEASA,1831,87,1868,0.9801927194860813
MCDOWELL - 6,MCDOWELL - MAR 1,37,6,1868,0.01980728051391863
MCDOWELL - 6,MCDOWELL - T.COVE,0,1,1868,0.0
MCDOWELL - 7,MCDOWELL - WEST M,3538,85,3693,0.95802870295153
MCDOWELL - 7,MCDOWELL - M.COVE,98,10,3693,0.026536691037097212
MCDOWELL - 7,MCDOWELL - FORT 2,36,1,3693,0.00974817221770918
MCDOWELL - 7,MCDOWELL - MAR 2,21,3,3693,0.005686433793663688
MCDOWELL - 8,MCDOWELL - CCREEK,2101,75,3007,0.698703026272032
MCDOWELL - 8,MCDOWELL - FORT 2,906,16,3007,0.3012969737279681
MCDOWELL - 9,MCDOWELL - DYSART,2875,81,2939,0.9782238856753998
MCDOWELL - 9,MCDOWELL - HIGGIN,64,3,2939,0.021776114324600204
MCDOWELL - 9,BURKE - 0052,0,4,2939,0.0
MECKLENBURG - 001,MECKLENBURG - 001,1620,34,1620,1.0
MECKLENBURG - 002,MECKLENBURG - 002,3703,86,3770,0.9822281167108753
MECKLENBURG - 002,MECKLENBURG - 001,67,1,3770,0.017771883289124667
MECKLENBURG - 003,MECKLENBURG - 003,3611,37,3611,1.0
MECKLENBURG - 004,MECKLENBURG - 004,3108,34,3108,1.0
MECKLENBURG - 005,MECKLENBURG - 005,2587,19,2587,1.0
MECKLENBURG - 006,MECKLENBURG - 006,3992,31,3992,1.0
MECKLENBURG - 007,MECKLENBURG - 007,2340,26,2340,1.0
MECKLENBURG - 008,MECKLENBURG - 008,2953,38,3029,0.9749092109607131
MECKLENBURG - 008,MECKLENBURG - 009,76,1,3029,0.025090789039286892
MECKLENBURG - 009,MECKLENBURG - 009,5826,76,5826,1.0
MECKLENBURG - 010,MECKLENBURG - 010,2629,60,2629,1.0
MECKLENBURG - 011,MECKLENBURG - 011,12783,163,12783,1.0
MECKLENBURG - 012,MECKLENBURG - 012,3203,73,3203,1.0
MECKLENBURG - 013,MECKLENBURG - 013,5547,172,5547,1.0
MECKLENBURG - 014,MECKLENBURG - 014,3756,98,3756,1.0
MECKLENBURG - 015,MECKLENBURG - 015,4544,63,4544,1.0
MECKLENBURG - 016,MECKLENBURG - 016,2929,49,2941,0.9959197551853112
MECKLENBURG - 016,MECKLENBURG - 222,12,1,2941,0.004080244814688882
MECKLENBURG - 016,MECKLENBURG - 213,0,1,2941,0.0
MECKLENBURG - 017,MECKLENBURG - 017,2571,48,2571,1.0
MECKLENBURG - 018,MECKLENBURG - 018,1595,22,1595,1.0
MECKLENBURG - 019,MECKLENBURG - 019,1813,30,1813,1.0
MECKLENBURG - 020,MECKLENBURG - 020,2427,37,2427,1.0
MECKLENBURG - 021,MECKLENBURG - 021,2509,37,2509,1.0
MECKLENBURG - 022,MECKLENBURG - 022,11174,116,11174,1.0
MECKLENBURG - 023,MECKLENBURG - 023,2628,65,2628,1.0
MECKLENBURG - 024,MECKLENBURG - 024,3412,86,3412,1.0
MECKLENBURG - 024,MECKLENBURG - 040,0,1,3412,0.0
MECKLENBURG - 025,MECKLENBURG - 025,2340,40,2340,1.0
MECKLENBURG - 026,MECKLENBURG - 026,4283,73,4283,1.0
MECKLENBURG - 027,MECKLENBURG - 027,3599,89,3599,1.0
MECKLENBURG - 028,MECKLENBURG - 028,2768,51,2768,1.0
MECKLENBURG - 029,MECKLENBURG - 029,3031,27,3031,1.0
MECKLENBURG - 030,MECKLENBURG - 030,4261,102,4261,1.0
MECKLENBURG - 031,MECKLENBURG - 031,2742,60,2742,1.0
MECKLENBURG - 032,MECKLENBURG - 032,1875,27,1875,1.0
MECKLENBURG - 033,MECKLENBURG - 033,3742,47,3742,1.0
MECKLENBURG - 034,MECKLENBURG - 034,3801,52,3801,1.0
MECKLENBURG - 035,MECKLENBURG - 035,1846,26,1846,1.0
MECKLENBURG - 036,MECKLENBURG - 036,2795,34,2795,1.0
MECKLENBURG - 037,MECKLENBURG - 037,2619,41,2619,1.0
MECKLENBURG - 038,MECKLENBURG - 038,3269,26,3269,1.0
MECKLENBURG - 039,MECKLENBURG - 039,3290,109,3290,1.0
MECKLENBURG - 039,MECKLENBURG - 078.1,0,1,3290,0.0
MECKLENBURG - 040,MECKLENBURG - 040,3500,53,3500,1.0
MECKLENBURG - 041,MECKLENBURG - 041,3445,103,3445,1.0
MECKLENBURG - 042,MECKLENBURG - 042,3356,58,3356,1.0
MECKLENBURG - 043,MECKLENBURG - 043,4560,51,4571,0.9975935243929118
MECKLENBURG - 043,MECKLENBURG - 003,11,1,4571,0.0024064756070881644
MECKLENBURG - 044,MECKLENBURG - 044,1827,58,1827,1.0
MECKLENBURG - 045,MECKLENBURG - 045,3093,31,3093,1.0
MECKLENBURG - 046,MECKLENBURG - 046,3905,28,3905,1.0
MECKLENBURG - 046,MECKLENBURG - 017,0,1,3905,0.0
MECKLENBURG - 047,MECKLENBURG - 047,3142,38,3142,1.0
MECKLENBURG - 048,MECKLENBURG - 048,1847,30,1847,1.0
MECKLENBURG - 049,MECKLENBURG - 049,3085,32,3085,1.0
MECKLENBURG - 050,MECKLENBURG - 050,2785,45,2785,1.0
MECKLENBURG - 051,MECKLENBURG - 051,3232,38,3232,1.0
MECKLENBURG - 052,MECKLENBURG - 052,2886,78,2886,1.0
MECKLENBURG - 053,MECKLENBURG - 053,4174,103,4174,1.0
MECKLENBURG - 054,MECKLENBURG - 054,3457,104,3457,1.0
MECKLENBURG - 055,MECKLENBURG - 055,1974,44,1974,1.0
MECKLENBURG - 056,MECKLENBURG - 056,2100,64,2100,1.0
MECKLENBURG - 057,MECKLENBURG - 057,2525,39,2525,1.0
MECKLENBURG - 058,MECKLENBURG - 058,2752,51,2752,1.0
MECKLENBURG - 059,MECKLENBURG - 059,1931,37,1931,1.0
MECKLENBURG - 060,MECKLENBURG - 060,2302,34,2302,1.0
MECKLENBURG - 061,MECKLENBURG - 061,3223,39,3223,1.0
MECKLENBURG - 062,MECKLENBURG - 062,3646,31,3646,1.0
MECKLENBURG - 063,MECKLENBURG - 063,3454,27,3454,1.0
MECKLENBURG - 064,MECKLENBURG - 064,1490,23,1490,1.0
MECKLENBURG - 065,MECKLENBURG - 065,1480,20,1480,1.0
MECKLENBURG - 066,MECKLENBURG - 066,1653,25,1653,1.0
MECKLENBURG - 067,MECKLENBURG - 067,1618,29,1618,1.0
MECKLENBURG - 068,MECKLENBURG - 068,2351,13,2351,1.0
MECKLENBURG - 069,MECKLENBURG - 069,4284,57,4284,1.0
MECKLENBURG - 070,MECKLENBURG - 070,2093,21,2093,1.0
MECKLENBURG - 071,MECKLENBURG - 071,2298,27,2298,1.0
MECKLENBURG - 072,MECKLENBURG - 072,1544,19,1544,1.0
MECKLENBURG - 073,MECKLENBURG - 073,2028,11,2028,1.0
MECKLENBURG - 074,MECKLENBURG - 074,3747,43,3747,1.0
MECKLENBURG - 075,MECKLENBURG - 075,3565,34,3565,1.0
MECKLENBURG - 076,MECKLENBURG - 076,3060,35,3060,1.0
MECKLENBURG - 077,MECKLENBURG - 077,3958,64,3963,0.998738329548322
MECKLENBURG - 077,MECKLENBURG - 122,5,4,3963,0.0012616704516780217
MECKLENBURG - 077,MECKLENBURG - 225,0,2,3963,0.0
MECKLENBURG - 077,MECKLENBURG - 228,0,13,3963,0.0
MECKLENBURG - 078,MECKLENBURG - 147,6753,59,10690,0.631711880261927
MECKLENBURG - 078,MECKLENBURG - 078.1,3937,64,10690,0.36828811973807296
MECKLENBURG - 079,MECKLENBURG - 079,3028,58,3028,1.0
MECKLENBURG - 079,MECKLENBURG - 053,0,1,3028,0.0
MECKLENBURG - 080,MECKLENBURG - 080,4648,68,4648,1.0
MECKLENBURG - 081,MECKLENBURG - 081,5631,78,5631,1.0
MECKLENBURG - 082,MECKLENBURG - 082,6509,51,6509,1.0
MECKLENBURG - 083,MECKLENBURG - 083,4521,38,4521,1.0
MECKLENBURG - 084,MECKLENBURG - 084,3729,32,3755,0.9930758988015979
MECKLENBURG - 084,MECKLENBURG - 108,26,1,3755,0.006924101198402131
MECKLENBURG - 085,MECKLENBURG - 085,2858,29,2858,1.0
MECKLENBURG - 086,MECKLENBURG - 086,1943,27,1943,1.0
MECKLENBURG - 087,MECKLENBURG - 087,3427,41,3427,1.0
MECKLENBURG - 088,MECKLENBURG - 088,3396,30,3396,1.0
MECKLENBURG - 089,MECKLENBURG - 089,7649,106,7649,1.0
MECKLENBURG - 089,MECKLENBURG - 150,0,1,7649,0.0
MECKLENBURG - 089,MECKLENBURG - 222,0,2,7649,0.0
MECKLENBURG - 090,MECKLENBURG - 090,1762,17,1762,1.0
MECKLENBURG - 091,MECKLENBURG - 091,4603,31,4762,0.9666106677866443
MECKLENBURG - 091,MECKLENBURG - 233,159,3,4762,0.03338933221335573
MECKLENBURG - 092,MECKLENBURG - 092,3357,21,3357,1.0
MECKLENBURG - 093,MECKLENBURG - 093,1918,22,1918,1.0
MECKLENBURG - 094,MECKLENBURG - 094,2619,21,3349,0.782024484920872
MECKLENBURG - 094,MECKLENBURG - 235,730,3,3349,0.2179755150791281
MECKLENBURG - 095,MECKLENBURG - 095,2722,15,2722,1.0
MECKLENBURG - 096,MECKLENBURG - 096,2475,30,2519,0.982532751091703
MECKLENBURG - 096,MECKLENBURG - 217,44,1,2519,0.017467248908296942
MECKLENBURG - 097,MECKLENBURG - 097,2143,13,2143,1.0
MECKLENBURG - 097,MECKLENBURG - 225,0,2,2143,0.0
MECKLENBURG - 098,MECKLENBURG - 098,6069,53,6069,1.0
MECKLENBURG - 099,MECKLENBURG - 099,3890,37,3890,1.0
MECKLENBURG - 100,MECKLENBURG - 100,3233,30,3233,1.0
MECKLENBURG - 101,MECKLENBURG - 101,3044,24,3044,1.0
MECKLENBURG - 102,MECKLENBURG - 102,6185,40,6185,1.0
MECKLENBURG - 103,MECKLENBURG - 103,3317,30,3317,1.0
MECKLENBURG - 104,MECKLENBURG - 104,4221,46,4221,1.0
MECKLENBURG - 105,MECKLENBURG - 105,7559,69,7559,1.0
MECKLENBURG - 105,MECKLENBURG - 141,0,2,7559,0.0
MECKLENBURG - 106,MECKLENBURG - 106,1739,32,1739,1.0
MECKLENBURG - 107,MECKLENBURG - 146,6320,49,10581,0.5972970418674983
MECKLENBURG - 107,MECKLENBURG - 107.1,4261,26,10581,0.4027029581325017
MECKLENBURG - 107,MECKLENBURG - 212,0,1,10581,0.0
MECKLENBURG - 107,MECKLENBURG - 214,0,1,10581,0.0
MECKLENBURG - 108,MECKLENBURG - 108,4115,20,4115,1.0
MECKLENBURG - 109,MECKLENBURG - 109,3233,49,3286,0.9838709677419355
MECKLENBURG - 109,MECKLENBURG - 046,53,1,3286,0.016129032258064516
MECKLENBURG - 110,MECKLENBURG - 110,1462,16,1462,1.0
MECKLENBURG - 111,MECKLENBURG - 111,3400,32,3400,1.0
MECKLENBURG - 112,MECKLENBURG - 112,2312,19,2312,1.0
MECKLENBURG - 113,MECKLENBURG - 113,3548,27,3553,0.998592738530819
MECKLENBURG - 113,MECKLENBURG - 112,5,2,3553,0.0014072614691809737
MECKLENBURG - 114,MECKLENBURG - 114,3010,16,3010,1.0
MECKLENBURG - 114,MECKLENBURG - 129,0,2,3010,0.0
MECKLENBURG - 115,MECKLENBURG - 115,2217,10,2217,1.0
MECKLENBURG - 116,MECKLENBURG - 116,2090,17,2090,1.0
MECKLENBURG - 116,MECKLENBURG - 201,0,1,2090,0.0
MECKLENBURG - 117,MECKLENBURG - 117,2967,25,2967,1.0
MECKLENBURG - 118,MECKLENBURG - 118,3581,20,3581,1.0
MECKLENBURG - 119,MECKLENBURG - 119,1902,15,1902,1.0
MECKLENBURG - 120,MECKLENBURG - 120,4993,15,4993,1.0
MECKLENBURG - 121,MECKLENBURG - 121,1485,12,1485,1.0
MECKLENBURG - 122,MECKLENBURG - 122,6991,92,6991,1.0
MECKLENBURG - 123,MECKLENBURG - 123,2922,25,2922,1.0
MECKLENBURG - 124,MECKLENBURG - 124,3309,36,3309,1.0
MECKLENBURG - 125,MECKLENBURG - 125,1798,14,1798,1.0
MECKLENBURG - 126,MECKLENBURG - 126,4811,69,4811,1.0
MECKLENBURG - 126,MECKLENBURG - 146,0,1,4811,0.0
MECKLENBURG - 126,MECKLENBURG - 212,0,2,4811,0.0
MECKLENBURG - 127,MECKLENBURG - 127,4767,161,4767,1.0
MECKLENBURG - 127,IREDELL - CC4-1,0,2,4767,0.0
MECKLENBURG - 128,MECKLENBURG - 128,3291,20,3291,1.0
MECKLENBURG - 129,MECKLENBURG - 129,2172,32,2302,0.9435273675065161
MECKLENBURG - 129,MECKLENBURG - 087,110,2,2302,0.04778453518679409
MECKLENBURG - 129,MECKLENBURG - 114,20,3,2302,0.008688097306689836
MECKLENBURG - 130,MECKLENBURG - 130,2791,20,2791,1.0
MECKLENBURG - 131,MECKLENBURG - 131,1817,7,1817,1.0
MECKLENBURG - 132,MECKLENBURG - 132,3378,39,3378,1.0
MECKLENBURG - 133,MECKLENBURG - 133,5375,130,5375,1.0
MECKLENBURG - 133,MECKLENBURG - 202,0,5,5375,0.0
MECKLENBURG - 134,MECKLENBURG - 134,8400,201,8400,1.0
MECKLENBURG - 135,MECKLENBURG - 135,11091,97,11091,1.0
MECKLENBURG - 136,MECKLENBURG - 136,2747,41,2747,1.0
MECKLENBURG - 137,MECKLENBURG - 137,7087,83,7098,0.998450267681037
MECKLENBURG - 137,MECKLENBURG - 232,11,1,7098,0.0015497323189630882
MECKLENBURG - 138,MECKLENBURG - 138,5444,52,5444,1.0
MECKLENBURG - 138,MECKLENBURG - 228,0,5,5444,0.0
MECKLENBURG - 139,MECKLENBURG - 148,13593,185,17661,0.7696619670460336
MECKLENBURG - 139,MECKLENBURG - 139.1,4068,57,17661,0.23033803295396638
MECKLENBURG - 140,MECKLENBURG - 140,7084,60,11092,0.6386584926072846
MECKLENBURG - 140,MECKLENBURG - 144,4008,20,11092,0.3613415073927155
MECKLENBURG - 140,MECKLENBURG - 087,0,1,11092,0.0
MECKLENBURG - 141,MECKLENBURG - 141,10455,66,10455,1.0
MECKLENBURG - 141,MECKLENBURG - 105,0,5,10455,0.0
MECKLENBURG - 142,MECKLENBURG - 142,3224,59,4865,0.6626927029804728
MECKLENBURG - 142,MECKLENBURG - 240,1641,48,4865,0.3373072970195272
MECKLENBURG - 143,MECKLENBURG - 143,6089,79,9757,0.6240647740084042
MECKLENBURG - 143,MECKLENBURG - 142,3668,112,9757,0.3759352259915958
MECKLENBURG - 144,MECKLENBURG - 121,2516,16,2516,1.0
MECKLENBURG - 200,MECKLENBURG - 200,3423,143,3423,1.0
MECKLENBURG - 201,MECKLENBURG - 201,9268,115,9268,1.0
MECKLENBURG - 202,MECKLENBURG - 202,9925,302,10549,0.940847473694189
MECKLENBURG - 202,MECKLENBURG - 206,597,47,10549,0.056593041994501846
MECKLENBURG - 202,MECKLENBURG - 127,22,3,10549,0.0020855057351407717
MECKLENBURG - 202,MECKLENBURG - 133,5,2,10549,0.0004739785761683572
MECKLENBURG - 203,MECKLENBURG - 203,8124,79,8124,1.0
MECKLENBURG - 204,MECKLENBURG - 149,6988,72,13158,0.5310837513299893
MECKLENBURG - 204,MECKLENBURG - 204.1,6170,64,13158,0.46891624867001064
MECKLENBURG - 205,MECKLENBURG - 205,4440,74,4449,0.9979770734996628
MECKLENBURG - 205,CABARRUS - 01-04,9,1,4449,0.0020229265003371545
MECKLENBURG - 206,MECKLENBURG - 206,7099,123,7099,1.0
MECKLENBURG - 206,MECKLENBURG - 202,0,1,7099,0.0
MECKLENBURG - 207,MECKLENBURG - 207,6155,97,6155,1.0
MECKLENBURG - 208,MECKLENBURG - 208,4998,77,4998,1.0
MECKLENBURG - 208,IREDELL - DV1B-1,0,1,4998,0.0
MECKLENBURG - 208,IREDELL - DV2B-1,0,1,4998,0.0
MECKLENBURG - 208,MECKLENBURG - 206,0,5,4998,0.0
MECKLENBURG - 209,MECKLENBURG - 209,5178,165,5178,1.0
MECKLENBURG - 210,MECKLENBURG - 210,7115,93,7115,1.0
MECKLENBURG - 211,MECKLENBURG - 211,12947,203,12954,0.9994596263702331
MECKLENBURG - 211,MECKLENBURG - 241,7,5,12954,0.0005403736297668674
MECKLENBURG - 212,MECKLENBURG - 212,16996,186,16996,1.0
MECKLENBURG - 213,MECKLENBURG - 213,6348,72,6348,1.0
MECKLENBURG - 213,MECKLENBURG - 016,0,2,6348,0.0
MECKLENBURG - 214,MECKLENBURG - 214,3870,28,3870,1.0
MECKLENBURG - 214,MECKLENBURG - 128,0,1,3870,0.0
MECKLENBURG - 215,MECKLENBURG - 215,3831,54,3831,1.0
MECKLENBURG - 216,MECKLENBURG - 216,5529,42,5529,1.0
MECKLENBURG - 217,MECKLENBURG - 217,3540,45,3540,1.0
MECKLENBURG - 217,MECKLENBURG - 099,0,2,3540,0.0
MECKLENBURG - 218,MECKLENBURG - 218,2949,40,2949,1.0
MECKLENBURG - 218,MECKLENBURG - 216,0,1,2949,0.0
MECKLENBURG - 219,MECKLENBURG - 219,3067,46,3085,0.9941653160453808
MECKLENBURG - 219,MECKLENBURG - 201,18,2,3085,0.005834683954619124
MECKLENBURG - 220,MECKLENBURG - 220,3282,47,3282,1.0
MECKLENBURG - 221,MECKLENBURG - 221,4842,91,4844,0.999587118084228
MECKLENBURG - 221,UNION - 035,2,1,4844,0.00041288191577208916
MECKLENBURG - 221,UNION - 032,0,1,4844,0.0
MECKLENBURG - 222,MECKLENBURG - 222,8203,125,8413,0.9750386306905979
MECKLENBURG - 222,MECKLENBURG - 016,210,3,8413,0.024961369309402116
MECKLENBURG - 222,MECKLENBURG - 089,0,1,8413,0.0
MECKLENBURG - 223,MECKLENBURG - 223.1,8075,146,12035,0.6709597008724554
MECKLENBURG - 223,MECKLENBURG - 150,3960,39,12035,0.3290402991275447
MECKLENBURG - 223,MECKLENBURG - 224,0,1,12035,0.0
MECKLENBURG - 224,MECKLENBURG - 224,3997,104,3997,1.0
MECKLENBURG - 225,MECKLENBURG - 225,2899,95,2899,1.0
MECKLENBURG - 226,MECKLENBURG - 226,4576,41,4576,1.0
MECKLENBURG - 227,MECKLENBURG - 227,7973,138,7973,1.0
MECKLENBURG - 228,MECKLENBURG - 228,6144,69,6144,1.0
MECKLENBURG - 229,MECKLENBURG - 229,12660,158,12660,1.0
MECKLENBURG - 229,MECKLENBURG - 243,0,1,12660,0.0
MECKLENBURG - 230,MECKLENBURG - 230,12279,199,12279,1.0
MECKLENBURG - 230,MECKLENBURG - 200,0,2,12279,0.0
MECKLENBURG - 231,MECKLENBURG - 231,6395,68,6395,1.0
MECKLENBURG - 232,MECKLENBURG - 232,5664,55,5664,1.0
MECKLENBURG - 233,MECKLENBURG - 233,4272,46,4390,0.973120728929385
MECKLENBURG - 233,MECKLENBURG - 091,118,1,4390,0.026879271070615034
MECKLENBURG - 234,MECKLENBURG - 234,4553,38,4553,1.0
MECKLENBURG - 234,MECKLENBURG - 083,0,4,4553,0.0
MECKLENBURG - 235,MECKLENBURG - 235,3714,41,3714,1.0
MECKLENBURG - 236,MECKLENBURG - 236,5451,149,5451,1.0
MECKLENBURG - 237,MECKLENBURG - 237,5625,53,5625,1.0
MECKLENBURG - 237,MECKLENBURG - 204.1,0,1,5625,0.0
MECKLENBURG - 238,MECKLENBURG - 151,6031,70,9122,0.6611488708616532
MECKLENBURG - 238,MECKLENBURG - 238.1,3091,22,9122,0.33885112913834686
MECKLENBURG - 239,MECKLENBURG - 145,10928,117,15183,0.7197523546071264
MECKLENBURG - 239,MECKLENBURG - 239,4227,58,15183,0.27840347757360207
MECKLENBURG - 239,CABARRUS - 02-09,28,3,15183,0.0018441678192715537
MECKLENBURG - 240,MECKLENBURG - 240,704,11,1188,0.5925925925925926
MECKLENBURG - 240,MECKLENBURG - 142,484,14,1188,0.4074074074074074
MECKLENBURG - 241,MECKLENBURG - 241,8730,273,8730,1.0
MECKLENBURG - 242,MECKLENBURG - 240,4798,70,7809,0.6144192598284032
MECKLENBURG - 242,MECKLENBURG - 242,3011,33,7809,0.3855807401715969
MECKLENBURG - 242,MECKLENBURG - 142,0,1,7809,0.0
MECKLENBURG - 243,MECKLENBURG - 243,11969,124,11969,1.0
MECKLENBURG - 243,MECKLENBURG - 122,0,1,11969,0.0
MECKLENBURG - 243,MECKLENBURG - 229,0,5,11969,0.0
MITCHELL - 1,MITCHELL - 01-A,1371,66,1424,0.9627808988764045
MITCHELL - 1,MITCHELL - 09,45,2,1424,0.03160112359550562
MITCHELL - 1,MITCHELL - 03,8,1,1424,0.0056179775280898875
MITCHELL - 2,MITCHELL - 02,319,17,319,1.0
MITCHELL - 3,MITCHELL - 03,593,18,593,1.0
MITCHELL - 4,MITCHELL - 04,6552,295,6552,1.0
MITCHELL - 4,YANCEY - 09 SOU,0,1,6552,0.0
MITCHELL - 5,MITCHELL - 05,857,47,857,1.0
MITCHELL - 6,MITCHELL - 06,598,43,598,1.0
MITCHELL - 6,MITCHELL - 05,0,1,598,0.0
MITCHELL - 7,MITCHELL - 07,223,31,223,1.0
MITCHELL - 8,MITCHELL - 01-A,307,27,308,0.9967532467532467
MITCHELL - 8,MITCHELL - 05,1,1,308,0.003246753246753247
MITCHELL - 8,MITCHELL - 06,0,2,308,0.0
MITCHELL - 9,MITCHELL - 09,1348,61,1372,0.9825072886297376
MITCHELL - 9,MITCHELL - 01-A,24,1,1372,0.01749271137026239
MITCHELL - 9,YANCEY - 07 BRU,0,1,1372,0.0
MONTGOMERY - BIS,MONTGOMERY - BIS,2139,139,2139,1.0
MONTGOMERY - CAN,MONTGOMERY - CAN,2042,133,2042,1.0
MONTGOMERY - CHE,MONTGOMERY - CHE,732,76,732,1.0
MONTGOMERY - ELD,MONTGOMERY - ELD,1729,127,1729,1.0
MONTGOMERY - ELD,DAVIDSON - 56,0,1,1729,0.0
MONTGOMERY - LIT,MONTGOMERY - LIT,606,41,606,1.0
MONTGOMERY - MTG,MONTGOMERY - MTG,1688,138,1688,1.0
MONTGOMERY - OPH,MONTGOMERY - OPH,363,33,363,1.0
MONTGOMERY - PEE,MONTGOMERY - PEE,1529,127,1529,1.0
MONTGOMERY - PEE,MONTGOMERY - MTG,0,1,1529,0.0
MONTGOMERY - ROC,MONTGOMERY - ROC,980,43,980,1.0
MONTGOMERY - STA,MONTGOMERY - STA,2011,156,2011,1.0
MONTGOMERY - STA,MOORE - WEM,0,2,2011,0.0
MONTGOMERY - T1,MONTGOMERY - T1,2279,179,2279,1.0
MONTGOMERY - T2,MONTGOMERY - T2,1876,117,1876,1.0
MONTGOMERY - UWH,MONTGOMERY - UWH,1652,106,1652,1.0
MONTGOMERY - WAD,MONTGOMERY - WAD,539,43,539,1.0
MOORE - BEN,MOORE - BEN,2399,120,2399,1.0
MOORE - BEN,MOORE - RBN,0,2,2399,0.0
MOORE - CAM,MOORE - CAM,3032,148,3032,1.0
MOORE - CAR,MOORE - CAR,5802,317,5802,1.0
MOORE - D-H-R,MOORE - DHR,1981,118,1993,0.9939789262418465
MOORE - D-H-R,MOORE - RBN,12,4,1993,0.006021073758153537
MOORE - EAB,MOORE - EAB,3269,144,3276,0.9978632478632479
MOORE - EAB,MOORE - PDN,7,6,3276,0.002136752136752137
MOORE - EAB,HOKE - 04,0,1,3276,0.0
MOORE - EUR,MOORE - EUR-WP,4407,123,4637,0.950398964847962
MOORE - EUR,MOORE - WKWD1,216,10,4637,0.046581841708000865
MOORE - EUR,MOORE - CAR,12,2,4637,0.002587880094888937
MOORE - EUR,MOORE - EKWD,2,1,4637,0.00043131334914815614
MOORE - EWD,MOORE - EWD,1727,92,1744,0.9902522935779816
MOORE - EWD,MOORE - WKWD1,17,8,1744,0.00974770642201835
MOORE - EWD,MOORE - CAR,0,1,1744,0.0
MOORE - KWD,MOORE - WKWD1,2202,102,3888,0.566358024691358
MOORE - KWD,MOORE - EKWD,1679,68,3888,0.43184156378600824
MOORE - KWD,MOORE - PHB1A,7,1,3888,0.001800411522633745
MOORE - KWD,MOORE - EUR-WP,0,1,3888,0.0
MOORE - LTR,MOORE - LTR,3515,128,3515,1.0
MOORE - NSP,MOORE - NSP,2919,158,3003,0.972027972027972
MOORE - NSP,MOORE - PDN,84,3,3003,0.027972027972027972
MOORE - PBF,MOORE - PBF,2853,128,2853,1.0
MOORE - PDN,MOORE - PDN,3641,144,3641,1.0
MOORE - PDN,MOORE - EAB,0,3,3641,0.0
MOORE - PH-A,MOORE - PHA1,3495,129,5555,0.6291629162916291
MOORE - PH-A,MOORE - PHA2,2060,73,5555,0.3708370837083708
MOORE - PH-B,MOORE - PHB1A,3163,68,5546,0.5703209520375045
MOORE - PH-B,MOORE - PHB2,2359,75,5546,0.4253516047601875
MOORE - PH-B,MOORE - WKWD1,24,4,5546,0.00432744320230797
MOORE - PH-B,MOORE - SSP,0,5,5546,0.0
MOORE - PH-C,MOORE - PHC,4128,71,4128,1.0
MOORE - PH-C,MOORE - WAB,0,1,4128,0.0
MOORE - RBN,MOORE - RBN,1892,136,1892,1.0
MOORE - SLS,MOORE - SLS,3875,88,3886,0.9971693257848687
MOORE - SLS,MOORE - WND,11,1,3886,0.0028306742151312406
MOORE - SSP,MOORE - SSP,4436,166,4461,0.9943958753642681
MOORE - SSP,MOORE - PHB1A,25,9,4461,0.005604124635731899
MOORE - SSP,MOORE - WAB,0,7,4461,0.0
MOORE - TLT,MOORE - TLT,386,35,455,0.8483516483516483
MOORE - TLT,MOORE - PHA1,69,3,455,0.15164835164835164
MOORE - TLT,MOORE - EWD,0,2,455,0.0
MOORE - VSS,MOORE - VSS,2568,131,2580,0.9953488372093023
MOORE - VSS,MOORE - CAM,12,1,2580,0.004651162790697674
MOORE - WAB,MOORE - WAB,4728,210,5081,0.9305254871088369
MOORE - WAB,MOORE - WND,229,17,5081,0.04506986813619366
MOORE - WAB,MOORE - PHC,120,9,5081,0.023617398149970478
MOORE - WAB,MOORE - SSP,4,4,5081,0.000787246604999016
MOORE - WEM,MOORE - WEM,2229,82,2229,1.0
MOORE - WND,MOORE - WND,2448,98,2617,0.9354222392051967
MOORE - WND,MOORE - TLT,149,1,2617,0.0569354222392052
MOORE - WND,MONTGOMERY - ROC,12,1,2617,0.0045854031333588076
MOORE - WND,MOORE - WAB,8,4,2617,0.003056935422239205
MOORE - WND,MOORE - SLS,0,1,2617,0.0
NASH - BAILEY,NASH - P01A,3556,140,3556,1.0
NASH - CASTAL,NASH - P09A,1635,68,1644,0.9945255474452555
NASH - CASTAL,NASH - P10A,9,1,1644,0.005474452554744526
NASH - COOPER,NASH - P05A,3296,65,3296,1.0
NASH - COOPER,NASH - P04A,0,1,3296,0.0
NASH - DRYWEL,NASH - P02A,2841,153,2841,1.0
NASH - FERREL,NASH - P03A,2228,66,2228,1.0
NASH - GRIFF,NASH - P10A,2129,67,2129,1.0
NASH - JACKS,NASH - P04A,2314,65,2314,1.0
NASH - MANN1,NASH - P06A,3298,139,3305,0.9978819969742814
NASH - MANN1,NASH - P05A,7,1,3305,0.002118003025718608
NASH - MANN1,FRANKLIN - 08,0,4,3305,0.0
NASH - MANN2,NASH - P07A,945,53,945,1.0
NASH - NASH,NASH - P08A,7913,255,7926,0.9983598284128186
NASH - NASH,NASH - P09A,13,1,7926,0.0016401715871814282
NASH - NWHIT1,NASH - P13A,880,69,880,1.0
NASH - NWHIT1,EDGECOMBE - 0601,0,1,880,0.0
NASH - NWHIT2,NASH - P12A,1050,32,1050,1.0
NASH - OAKLEV,NASH - P15A,4485,108,4499,0.9968881973771949
NASH - OAKLEV,NASH - P11A,10,2,4499,0.002222716159146477
NASH - OAKLEV,NASH - P19A,4,6,4499,0.0008890864636585908
NASH - REDOAK,NASH - P11A,2957,92,2997,0.9866533199866533
NASH - REDOAK,NASH - P16A,38,4,2997,0.012679346012679346
NASH - REDOAK,NASH - P14A,2,1,2997,0.000667334000667334
NASH - RM1,NASH - P21A,1396,130,1396,1.0
NASH - RM10,NASH - P17A,4967,60,6355,0.7815892997639654
NASH - RM10,NASH - P16A,1374,48,6355,0.21620771046420142
NASH - RM10,NASH - P14A,14,5,6355,0.002202989771833202
NASH - RM2,NASH - P21A,1852,116,1852,1.0
NASH - RM3,NASH - P22A,2358,109,2358,1.0
NASH - RM4,NASH - P23A,3546,93,3546,1.0
NASH - RM4,NASH - P15A,0,1,3546,0.0
NASH - RM5,NASH - P24A,3575,124,3836,0.9319603753910324
NASH - RM5,NASH - P23A,261,1,3836,0.06803962460896767
NASH - RM6,NASH - P20A,3040,106,3040,1.0
NASH - RM7,NASH - P19A,3864,84,4048,0.9545454545454546
NASH - RM7,NASH - P15A,184,7,4048,0.045454545454545456
NASH - RM7,NASH - P20A,0,1,4048,0.0
NASH - RM8,NASH - P18A,3357,58,3357,1.0
NASH - RM9,NASH - P19A,2329,28,2329,1.0
NASH - SC,NASH - P14A,1588,76,1588,1.0
NASH - SC,NASH - P18A,0,1,1588,0.0
NASH - SWHIT,NASH - P16A,1167,110,1259,0.9269261318506752
NASH - SWHIT,NASH - P11A,92,5,1259,0.07307386814932486
NEW HANOVER - CF01,NEW HANOVER - CF01,4851,205,4851,1.0
NEW HANOVER - CF01,BRUNSWICK - NB05,0,5,4851,0.0
NEW HANOVER - CF01,PENDER - MC07,0,1,4851,0.0
NEW HANOVER - CF02,NEW HANOVER - CF02,3535,121,3535,1.0
NEW HANOVER - CF03,NEW HANOVER - CF06,3573,103,6966,0.5129198966408268
NEW HANOVER - CF03,NEW HANOVER - CF05,3393,55,6966,0.4870801033591731
NEW HANOVER - CF03,NEW HANOVER - H11,0,2,6966,0.0
NEW HANOVER - FP01,NEW HANOVER - FP07,5672,56,10398,0.5454895172148491
NEW HANOVER - FP01,NEW HANOVER - FP06,4726,41,10398,0.454510482785151
NEW HANOVER - FP02,NEW HANOVER - FP08,3511,192,3511,1.0
NEW HANOVER - FP02,NEW HANOVER - FP03,0,1,3511,0.0
NEW HANOVER - FP03,NEW HANOVER - FP03,1946,100,1946,1.0
NEW HANOVER - FP03,NEW HANOVER - FP08,0,1,1946,0.0
NEW HANOVER - FP04,NEW HANOVER - FP04,5866,98,5866,1.0
NEW HANOVER - FP05,NEW HANOVER - FP08,2017,74,2017,1.0
NEW HANOVER - H01,NEW HANOVER - H01,1984,40,1984,1.0
NEW HANOVER - H01,NEW HANOVER - H06,0,1,1984,0.0
NEW HANOVER - H01,NEW HANOVER - W15,0,1,1984,0.0
NEW HANOVER - H02,NEW HANOVER - H02,4143,54,4143,1.0
NEW HANOVER - H03,NEW HANOVER - W33,5872,102,5872,1.0
NEW HANOVER - H04,NEW HANOVER - H04,4644,70,4662,0.9961389961389961
NEW HANOVER - H04,NEW HANOVER - W34,18,1,4662,0.003861003861003861
NEW HANOVER - H04,NEW HANOVER - H05,0,1,4662,0.0
NEW HANOVER - H05,NEW HANOVER - H05,4017,85,4017,1.0
NEW HANOVER - H06,NEW HANOVER - H06,3602,58,3602,1.0
NEW HANOVER - H07,NEW HANOVER - H11,7596,93,12892,0.5892026062674527
NEW HANOVER - H07,NEW HANOVER - H10,4799,47,12892,0.3722463543282656
NEW HANOVER - H07,NEW HANOVER - CF05,497,8,12892,0.03855103940428173
NEW HANOVER - H08,NEW HANOVER - H08,6204,78,6241,0.9940714629065854
NEW HANOVER - H08,NEW HANOVER - H02,37,1,6241,0.005928537093414517
NEW HANOVER - H09,NEW HANOVER - H13,4530,46,8204,0.5521696733300829
NEW HANOVER - H09,NEW HANOVER - H12,3674,71,8204,0.4478303266699171
NEW HANOVER - H09,NEW HANOVER - H08,0,2,8204,0.0
NEW HANOVER - M02,NEW HANOVER - M02,6126,78,6175,0.9920647773279352
NEW HANOVER - M02,NEW HANOVER - M04,41,1,6175,0.0066396761133603235
NEW HANOVER - M02,NEW HANOVER - W35,8,1,6175,0.0012955465587044534
NEW HANOVER - M03,NEW HANOVER - M03,5886,98,5886,1.0
NEW HANOVER - M03,NEW HANOVER - FP06,0,2,5886,0.0
NEW HANOVER - M04,NEW HANOVER - M04,7054,111,7054,1.0
NEW HANOVER - M04,NEW HANOVER - W21,0,1,7054,0.0
NEW HANOVER - M05,NEW HANOVER - M06,3023,45,5563,0.5434118281502787
NEW HANOVER - M05,NEW HANOVER - M07,2299,56,5563,0.4132662232608305
NEW HANOVER - M05,NEW HANOVER - M04,241,3,5563,0.043321948588890886
NEW HANOVER - W01,NEW HANOVER - W25,2104,111,2104,1.0
NEW HANOVER - W02,NEW HANOVER - W25,2039,124,2039,1.0
NEW HANOVER - W03,NEW HANOVER - W03,2477,135,2477,1.0
NEW HANOVER - W04,NEW HANOVER - W26,1468,36,1468,1.0
NEW HANOVER - W05,NEW HANOVER - W30,3746,70,3746,1.0
NEW HANOVER - W06,NEW HANOVER - W29,1397,93,1397,1.0
NEW HANOVER - W07,NEW HANOVER - W29,2070,110,2070,1.0
NEW HANOVER - W08,NEW HANOVER - W08,2205,57,2205,1.0
NEW HANOVER - W09,NEW HANOVER - W27,1647,70,1647,1.0
NEW HANOVER - W10,NEW HANOVER - W27,1707,73,1707,1.0
NEW HANOVER - W11,NEW HANOVER - W31,2127,63,2127,1.0
NEW HANOVER - W12,NEW HANOVER - W12,1708,48,1708,1.0
NEW HANOVER - W13,NEW HANOVER - W34,2883,24,2883,1.0
NEW HANOVER - W14,NEW HANOVER - W31,2305,51,2305,1.0
NEW HANOVER - W15,NEW HANOVER - W15,6859,88,6861,0.9997084973036
NEW HANOVER - W15,NEW HANOVER - H01,2,2,6861,0.0002915026963999417
NEW HANOVER - W15,NEW HANOVER - CF06,0,1,6861,0.0
NEW HANOVER - W16,NEW HANOVER - W16,3434,66,3434,1.0
NEW HANOVER - W17,NEW HANOVER - W17,2360,64,2429,0.9715932482503088
NEW HANOVER - W17,NEW HANOVER - M04,69,2,2429,0.02840675174969123
NEW HANOVER - W18,NEW HANOVER - W35,1901,48,2002,0.9495504495504495
NEW HANOVER - W18,NEW HANOVER - W33,101,2,2002,0.05044955044955045
NEW HANOVER - W19,NEW HANOVER - W26,1845,74,1845,1.0
NEW HANOVER - W20,NEW HANOVER - W30,2312,26,2312,1.0
NEW HANOVER - W21,NEW HANOVER - W21,5271,36,5271,1.0
NEW HANOVER - W21,NEW HANOVER - M04,0,2,5271,0.0
NEW HANOVER - W22,NEW HANOVER - W35,3544,41,3544,1.0
NEW HANOVER - W22,NEW HANOVER - W15,0,1,3544,0.0
NEW HANOVER - W23,NEW HANOVER - W35,1699,48,1699,1.0
NEW HANOVER - W24,NEW HANOVER - W34,7212,35,7212,1.0
NEW HANOVER - WB,NEW HANOVER - WB,2129,70,2129,1.0
NORTHAMPTON - CON,NORTHAMPTON - COMIPE,788,39,788,1.0
NORTHAMPTON - CRE,NORTHAMPTON - CREEKS,647,35,647,1.0
NORTHAMPTON - GAL,NORTHAMPTON - GALATI,600,45,600,1.0
NORTHAMPTON - GAR,NORTHAMPTON - GAPL,1509,132,1509,1.0
NORTHAMPTON - GAS,NORTHAMPTON - GASTON,2809,128,2809,1.0
NORTHAMPTON - JAC,NORTHAMPTON - JARE,697,40,697,1.0
NORTHAMPTON - LAS,NORTHAMPTON - LASKER,192,22,192,1.0
NORTHAMPTON - LG,NORTHAMPTON - LAKE G,1477,49,1477,1.0
NORTHAMPTON - MIL,NORTHAMPTON - COMIPE,410,25,410,1.0
NORTHAMPTON - NEW,NORTHAMPTON - NEWTOW,581,25,581,1.0
NORTHAMPTON - PEN,NORTHAMPTON - COMIPE,246,16,246,1.0
NORTHAMPTON - PHILL,NORTHAMPTON - GAPL,421,49,421,1.0
NORTHAMPTON - POT,NORTHAMPTON - WOPO,241,12,241,1.0
NORTHAMPTON - REH,NORTHAMPTON - JARE,244,24,244,1.0
NORTHAMPTON - RS,NORTHAMPTON - RICH S,1380,65,1380,1.0
NORTHAMPTON - RS,HERTFORD - SJ,0,1,1380,0.0
NORTHAMPTON - SEA,NORTHAMPTON - SEABOA,1029,95,1029,1.0
NORTHAMPTON - SEV,NORTHAMPTON - SEVERN,429,39,429,1.0
NORTHAMPTON - WL,NORTHAMPTON - WOPO,672,54,672,1.0
NORTHAMPTON - WL,HERTFORD - SJ,0,2,672,0.0
ONSLOW - BC21,ONSLOW - BC21,6599,68,6599,1.0
ONSLOW - BM08,ONSLOW - BM08,9509,142,9509,1.0
ONSLOW - CL10,ONSLOW - CL10,3966,35,3966,1.0
ONSLOW - CR07,ONSLOW - CR07,6885,105,6885,1.0
ONSLOW - EN03,ONSLOW - EN03,15756,210,15756,1.0
ONSLOW - EN03,ONSLOW - NR02,0,1,15756,0.0
ONSLOW - FS16,ONSLOW - FS16,5333,153,5333,1.0
ONSLOW - FS16,ONSLOW - JA01,0,2,5333,0.0
ONSLOW - GB12,ONSLOW - GB12,5818,55,5818,1.0
ONSLOW - HM05,ONSLOW - HM05,5893,67,6054,0.9734060125536835
ONSLOW - HM05,ONSLOW - EN03,161,3,6054,0.026593987446316483
ONSLOW - HN14,ONSLOW - HN14,3350,81,3358,0.9976176295413937
ONSLOW - HN14,PENDER - UH08,8,1,3358,0.0023823704586063135
ONSLOW - HR17,ONSLOW - HR17,3713,193,3713,1.0
ONSLOW - HR17,PENDER - SC13,0,7,3713,0.0
ONSLOW - HR17,PENDER - SP15,0,2,3713,0.0
ONSLOW - HR17,PENDER - UH08,0,3,3713,0.0
ONSLOW - HU20,ONSLOW - HU20,4430,72,4430,1.0
ONSLOW - JA01,ONSLOW - JA01,29827,549,29847,0.999329915904446
ONSLOW - JA01,ONSLOW - NE22A,20,5,29847,0.0006700840955539921
ONSLOW - JA01,ONSLOW - BM08,0,5,29847,0.0
ONSLOW - JA01,ONSLOW - NR02,0,3,29847,0.0
ONSLOW - ML23,ONSLOW - ML23,1342,25,1342,1.0
ONSLOW - ML23,JONES - P07,0,1,1342,0.0
ONSLOW - MT24,ONSLOW - MT24,2219,54,2219,1.0
ONSLOW - NE22,ONSLOW - NE22B,7126,83,12861,0.554078220978151
ONSLOW - NE22,ONSLOW - NE22A,5735,105,12861,0.445921779021849
ONSLOW - NM13,ONSLOW - NM13,1374,31,1374,1.0
ONSLOW - NM13,DUPLIN - CYCK,0,1,1374,0.0
ONSLOW - NR02,ONSLOW - NR02,2488,82,2488,1.0
ONSLOW - RL09,ONSLOW - RL09,7135,134,7149,0.9980416841516296
ONSLOW - RL09,DUPLIN - BEUL,14,2,7149,0.0019583158483704012
ONSLOW - SF18,ONSLOW - SF18,6740,104,6740,1.0
ONSLOW - SW19,ONSLOW - SW19,5857,201,5857,1.0
ONSLOW - SW19,CARTERET - CAPE,0,2,5857,0.0
ONSLOW - SW19,CARTERET - ISLE,0,2,5857,0.0
ONSLOW - SW19,ONSLOW - HU20,0,1,5857,0.0
ONSLOW - TL06,ONSLOW - TL06,4519,45,4519,1.0
ONSLOW - VR15,ONSLOW - VR15,2734,45,2734,1.0
ONSLOW - WN04,ONSLOW - WN04,5508,93,5508,1.0
ONSLOW - ZZZZZZ,ONSLOW - JA01,3343,225,3405,0.981791483113069
ONSLOW - ZZZZZZ,ONSLOW - EN03,38,5,3405,0.011160058737151249
ONSLOW - ZZZZZZ,ONSLOW - NE22B,24,5,3405,0.007048458149779736
ONSLOW - ZZZZZZ,ONSLOW - FS16,0,2,3405,0.0
ONSLOW - ZZZZZZ,ONSLOW - GB12,0,13,3405,0.0
ONSLOW - ZZZZZZ,ONSLOW - HM05,0,2,3405,0.0
ONSLOW - ZZZZZZ,ONSLOW - HU20,0,1,3405,0.0
ONSLOW - ZZZZZZ,ONSLOW - ML23,0,5,3405,0.0
ONSLOW - ZZZZZZ,ONSLOW - MT24,0,2,3405,0.0
ONSLOW - ZZZZZZ,ONSLOW - NE22A,0,3,3405,0.0
ONSLOW - ZZZZZZ,ONSLOW - RL09,0,1,3405,0.0
ONSLOW - ZZZZZZ,ONSLOW - SF18,0,2,3405,0.0
ONSLOW - ZZZZZZ,ONSLOW - VR15,0,5,3405,0.0
ORANGE - BC,ORANGE - CF1,1488,17,1488,1.0
ORANGE - BC,ORANGE - ES,0,1,1488,0.0
ORANGE - BP,ORANGE - EA1,920,9,920,1.0
ORANGE - C,ORANGE - CB1,1612,27,1612,1.0
ORANGE - C,ORANGE - SJ,0,1,1612,0.0
ORANGE - CARR,ORANGE - CA,1178,45,1178,1.0
ORANGE - CC,ORANGE - UNC,3003,14,3003,1.0
ORANGE - CF,ORANGE - CF1,3542,46,3542,1.0
ORANGE - CG,ORANGE - CG,1613,59,1643,0.9817407181984176
ORANGE - CG,ORANGE - EF,30,2,1643,0.018259281801582473
ORANGE - CH,ORANGE - CH,1656,19,1656,1.0
ORANGE - CO,ORANGE - CO,2854,39,2854,1.0
ORANGE - CP,ORANGE - HN,2486,49,3642,0.6825919824272377
ORANGE - CP,ORANGE - HE,969,49,3642,0.2660626029654036
ORANGE - CP,ORANGE - H,156,7,3642,0.042833607907743
ORANGE - CP,ORANGE - TO,31,3,3642,0.008511806699615597
ORANGE - CS,ORANGE - HF,2811,66,5574,0.5043057050592035
ORANGE - CS,ORANGE - CS1,1742,59,5574,0.31252242554718335
ORANGE - CS,ORANGE - RE,1021,21,5574,0.1831718693936132
ORANGE - CW,ORANGE - CW,2899,122,2913,0.9951939581187779
ORANGE - CW,DURHAM - 44,14,7,2913,0.004806041881222108
ORANGE - CW,DURHAM - 25,0,1,2913,0.0
ORANGE - CW,DURHAM - 26,0,1,2913,0.0
ORANGE - CX,ORANGE - CX,6221,188,6400,0.97203125
ORANGE - CX,ALAMANCE - 104,83,7,6400,0.01296875
ORANGE - CX,ALAMANCE - 10N,80,7,6400,0.0125
ORANGE - CX,ORANGE - OG,11,3,6400,0.00171875
ORANGE - CX,ALAMANCE - 103,5,4,6400,0.00078125
ORANGE - DA,ORANGE - DA,2917,63,3557,0.8200730953050324
ORANGE - DA,ORANGE - DM,640,14,3557,0.17992690469496767
ORANGE - DA,ORANGE - KM,0,4,3557,0.0
ORANGE - E,ORANGE - ENO,3156,83,3410,0.9255131964809384
ORANGE - E,ORANGE - HE,234,7,3410,0.0686217008797654
ORANGE - E,DURHAM - 50,17,4,3410,0.00498533724340176
ORANGE - E,DURHAM - 45,3,1,3410,0.0008797653958944282
ORANGE - E,DURHAM - 37,0,1,3410,0.0
ORANGE - E,ORANGE - CS1,0,2,3410,0.0
ORANGE - EA,ORANGE - EA1,2127,13,2664,0.7984234234234234
ORANGE - EA,ORANGE - UNC,537,2,2664,0.20157657657657657
ORANGE - EF,ORANGE - EF,2144,89,2209,0.9705749207786328
ORANGE - EF,ORANGE - GB,65,2,2209,0.029425079221367133
ORANGE - EF,ORANGE - OG,0,1,2209,0.0
ORANGE - EF,ORANGE - WH,0,1,2209,0.0
ORANGE - EH,ORANGE - EH,2195,19,2239,0.9803483698079499
ORANGE - EH,ORANGE - CF1,44,1,2239,0.01965163019205002
ORANGE - ES,ORANGE - ES,2153,23,2153,1.0
ORANGE - FG,ORANGE - DM,2100,21,2100,1.0
ORANGE - GB,ORANGE - GB,5262,80,5533,0.9510211458521598
ORANGE - GB,ORANGE - HE,239,12,5533,0.04319537321525393
ORANGE - GB,ORANGE - ENO,32,4,5533,0.0057834809325863
ORANGE - GB,ORANGE - CS1,0,2,5533,0.0
ORANGE - GB,ORANGE - OG,0,1,5533,0.0
ORANGE - GL,ORANGE - GL,2492,63,2492,1.0
ORANGE - GR,ORANGE - UNC,2553,22,2553,1.0
ORANGE - H,ORANGE - H,1013,52,1479,0.684922244759973
ORANGE - H,ORANGE - WH,251,11,1479,0.16970926301555106
ORANGE - H,ORANGE - HE,215,20,1479,0.145368492224476
ORANGE - H,ORANGE - HN,0,1,1479,0.0
ORANGE - KM,ORANGE - KM,1982,37,1982,1.0
ORANGE - LC,ORANGE - CB1,2208,21,2929,0.7538409013315125
ORANGE - LC,ORANGE - OW1,677,4,2929,0.23113690679412768
ORANGE - LC,ORANGE - TH1,44,2,2929,0.015022191874359849
ORANGE - LI,ORANGE - UNC,1996,4,3616,0.5519911504424779
ORANGE - LI,ORANGE - WW1,1620,13,3616,0.4480088495575221
ORANGE - MF,ORANGE - UNC,4067,18,4067,1.0
ORANGE - NC,ORANGE - NC,2237,37,2237,1.0
ORANGE - NS,ORANGE - NS,3465,32,3475,0.9971223021582734
ORANGE - NS,ORANGE - CO,10,1,3475,0.0028776978417266188
ORANGE - OG,ORANGE - OG,3600,87,3606,0.9983361064891847
ORANGE - OG,ALAMANCE - 09S,6,3,3606,0.0016638935108153079
ORANGE - OG,ORANGE - SJ,0,1,3606,0.0
ORANGE - OW,ORANGE - OW1,3363,16,3363,1.0
ORANGE - PA,ORANGE - PA,3156,79,5673,0.5563194077207827
ORANGE - PA,ORANGE - RE,2517,34,5673,0.44368059227921736
ORANGE - PA,DURHAM - 43,0,1,5673,0.0
ORANGE - RF,ORANGE - RF,1930,41,1930,1.0
ORANGE - SJ,ORANGE - SJ,2846,51,2846,1.0
ORANGE - SM,ORANGE - SM,2524,47,2723,0.9269188395152406
ORANGE - SM,ORANGE - HN,157,4,2723,0.05765699596033786
ORANGE - SM,ORANGE - HE,38,3,2723,0.01395519647447668
ORANGE - SM,DURHAM - 44,4,13,2723,0.0014689680499449136
ORANGE - TH,ORANGE - TH1,2169,30,2169,1.0
ORANGE - TO,ORANGE - TO,1426,58,1446,0.9861687413554634
ORANGE - TO,ORANGE - CW,11,2,1446,0.007607192254495159
ORANGE - TO,ORANGE - HN,9,1,1446,0.006224066390041493
ORANGE - WC,ORANGE - WC,2081,46,2087,0.9971250598945856
ORANGE - WC,ALAMANCE - 09S,6,6,2087,0.0028749401054144704
ORANGE - WC,ALAMANCE - 08N,0,1,2087,0.0
ORANGE - WC,ORANGE - SJ,0,4,2087,0.0
ORANGE - WD,ORANGE - WD,3372,49,3372,1.0
ORANGE - WDS,ORANGE - WDS,439,1,439,1.0
ORANGE - WH,ORANGE - WH,2136,78,2988,0.714859437751004
ORANGE - WH,ORANGE - HE,293,3,2988,0.09805890227576974
ORANGE - WH,ORANGE - H,291,10,2988,0.09738955823293173
ORANGE - WH,ORANGE - GB,229,9,2988,0.07663989290495314
ORANGE - WH,ORANGE - EF,39,7,2988,0.013052208835341365
ORANGE - WW,ORANGE - WW1,1839,23,1839,1.0
PAMLICO - 1AL,PAMLICO - 1CR,1726,87,1733,0.9959607616849394
PAMLICO - 1AL,PAMLICO - 3CH,7,1,1733,0.004039238315060588
PAMLICO - 1RB,PAMLICO - 1RB,1598,55,1598,1.0
PAMLICO - 1RB,CRAVEN - 20,0,4,1598,0.0
PAMLICO - 1RB,CRAVEN - TE13,0,1,1598,0.0
PAMLICO - 2OT,PAMLICO - 2OT,1883,155,1883,1.0
PAMLICO - 2SW,PAMLICO - 3CH,485,45,485,1.0
PAMLICO - 3BY,PAMLICO - 3CH,1890,133,1890,1.0
PAMLICO - 4HB,PAMLICO - 4BR,220,111,220,1.0
PAMLICO - 4VM,PAMLICO - 4BR,434,85,434,1.0
PAMLICO - 5AP,PAMLICO - 5AP,2235,110,2235,1.0
PASQUOTANK - 1A,PASQUOTANK - NORTH,628,39,880,0.7136363636363636
PASQUOTANK - 1A,PASQUOTANK - EAST,252,34,880,0.2863636363636364
PASQUOTANK - 1B,PASQUOTANK - EAST,1928,72,1928,1.0
PASQUOTANK - 1B,PASQUOTANK - NIX,0,1,1928,0.0
PASQUOTANK - 2A,PASQUOTANK - NORTH,1728,65,1728,1.0
PASQUOTANK - 2A,PASQUOTANK - PRO,0,3,1728,0.0
PASQUOTANK - 2B,PASQUOTANK - NORTH,642,42,1917,0.3348982785602504
PASQUOTANK - 2B,PASQUOTANK - WEST,636,17,1917,0.3317683881064163
PASQUOTANK - 2B,PASQUOTANK - EAST,635,35,1917,0.33124673969744395
PASQUOTANK - 2B,PASQUOTANK - MH,4,2,1917,0.0020865936358894104
PASQUOTANK - 2B,PASQUOTANK - PRO,0,2,1917,0.0
PASQUOTANK - 3A,PASQUOTANK - WEST,1189,29,1589,0.7482693517935809
PASQUOTANK - 3A,PASQUOTANK - EAST,343,28,1589,0.21585903083700442
PASQUOTANK - 3A,PASQUOTANK - MH,57,3,1589,0.03587161736941473
PASQUOTANK - 3B,PASQUOTANK - WEST,1449,37,2085,0.6949640287769784
PASQUOTANK - 3B,PASQUOTANK - SOUTH,411,14,2085,0.1971223021582734
PASQUOTANK - 3B,PASQUOTANK - EAST,225,14,2085,0.1079136690647482
PASQUOTANK - 4A,PASQUOTANK - SOUTH,1231,49,1231,1.0
PASQUOTANK - 4B,PASQUOTANK - SOUTH,1907,41,1907,1.0
PASQUOTANK - MH,PASQUOTANK - MH,4618,143,5041,0.9160880777623488
PASQUOTANK - MH,PASQUOTANK - PRO,360,12,5041,0.07141440190438406
PASQUOTANK - MH,PASQUOTANK - WEST,63,2,5041,0.012497520333267209
PASQUOTANK - NEW,PASQUOTANK - NEW,2090,57,2090,1.0
PASQUOTANK - NIX,PASQUOTANK - NIX,3937,76,4003,0.9835123657257058
PASQUOTANK - NIX,PASQUOTANK - SOUTH,66,2,4003,0.01648763427429428
PASQUOTANK - PRO,PASQUOTANK - PRO,6254,130,6277,0.9963358292177792
PASQUOTANK - PRO,PASQUOTANK - NORTH,23,1,6277,0.003664170782220806
PASQUOTANK - SAL,PASQUOTANK - SAL,1288,39,1288,1.0
PENDER - CL05,PENDER - CL05,1509,85,1509,1.0
PENDER - CS04,PENDER - MC07,1144,86,1144,1.0
PENDER - CT03,PENDER - MC07,210,28,210,1.0
PENDER - GR06,PENDER - MC07,1808,86,1824,0.9912280701754386
PENDER - GR06,PENDER - CL05,16,1,1824,0.008771929824561403
PENDER - LC09,PENDER - RP21,1659,39,1659,1.0
PENDER - LT14,PENDER - LT18,4617,83,8125,0.5682461538461538
PENDER - LT14,PENDER - MT19,3498,51,8125,0.4305230769230769
PENDER - LT14,NEW HANOVER - H11,10,1,8125,0.0012307692307692308
PENDER - LT14,NEW HANOVER - H12,0,5,8125,0.0
PENDER - LU16,PENDER - PL18,1413,65,1413,1.0
PENDER - MH07,PENDER - BW01,283,24,283,1.0
PENDER - NB01,PENDER - BW01,2877,85,2877,1.0
PENDER - PL10,PENDER - PL18,454,40,454,1.0
PENDER - RP11,PENDER - RP21,6458,119,6458,1.0
PENDER - SB02,PENDER - BW01,3595,162,3595,1.0
PENDER - SC13,PENDER - SC13,4068,220,4068,1.0
PENDER - SC13,ONSLOW - HR17,0,5,4068,0.0
PENDER - SH12,PENDER - SH12,2014,32,2031,0.9916297390448056
PENDER - SH12,NEW HANOVER - H13,17,8,2031,0.008370260955194485
PENDER - SH12,NEW HANOVER - H11,0,2,2031,0.0
PENDER - UH08,PENDER - UH08,740,48,740,1.0
PENDER - UH08,DUPLIN - CYCK,0,1,740,0.0
PENDER - UT15,PENDER - UT14,4803,61,9103,0.5276282544216192
PENDER - UT15,PENDER - SP15,4300,101,9103,0.47237174557838074
PENDER - UU17,PENDER - PL18,1134,65,1140,0.9947368421052631
PENDER - UU17,DUPLIN - WLLC,6,2,1140,0.005263157894736842
PERQUIMANS - BELVID,PERQUIMANS - BELVID,746,30,746,1.0
PERQUIMANS - BETHEL,PERQUIMANS - BETHEL,3001,140,3001,1.0
PERQUIMANS - EHERTF,PERQUIMANS - EAST H,1047,56,1047,1.0
PERQUIMANS - EHERTF,PERQUIMANS - BETHEL,0,2,1047,0.0
PERQUIMANS - NEWHOP,PERQUIMANS - NEW HO,2468,40,2468,1.0
PERQUIMANS - NICANO,PERQUIMANS - NICANO,284,30,284,1.0
PERQUIMANS - PARKVI,PERQUIMANS - PARKVI,2011,96,2011,1.0
PERQUIMANS - WHERTF,PERQUIMANS - WEST H,1035,52,1035,1.0
PERSON - ALVI,PERSON - ALVI,2373,100,2386,0.9945515507124896
PERSON - ALVI,PERSON - WDSD,13,6,2386,0.005448449287510477
PERSON - ALVI,PERSON - ROXL,0,2,2386,0.0
PERSON - BFRK,PERSON - SWST,1274,63,1286,0.9906687402799378
PERSON - BFRK,PERSON - FLHE,12,2,1286,0.00933125972006221
PERSON - CUCL,PERSON - CUCL,2013,133,2021,0.9960415635823849
PERSON - CUCL,PERSON - RCOB,8,1,2021,0.0039584364176150424
PERSON - FLRI,PERSON - FLHE,5609,130,5677,0.9880218425224591
PERSON - FLRI,PERSON - ROXL,39,14,5677,0.006869825612119077
PERSON - FLRI,PERSON - RCOB,29,10,5677,0.005108331865421878
PERSON - FLRI,DURHAM - 26,0,1,5677,0.0
PERSON - HLWY,PERSON - HLWY,1261,42,1281,0.9843871975019516
PERSON - HLWY,PERSON - ALVI,20,8,1281,0.0156128024980484
PERSON - HUML,PERSON - SWST,794,35,880,0.9022727272727272
PERSON - HUML,PERSON - FLHE,86,10,880,0.09772727272727273
PERSON - MTTZ,PERSON - MTTZ,2687,92,2726,0.9856933235509905
PERSON - MTTZ,PERSON - FLHE,30,4,2726,0.011005135730007337
PERSON - MTTZ,PERSON - ALVI,9,1,2726,0.003301540719002201
PERSON - MTTZ,DURHAM - 28,0,2,2726,0.0
PERSON - OLHI,PERSON - OLHI,1778,73,1801,0.9872293170460855
PERSON - OLHI,PERSON - RCOB,23,6,1801,0.012770682953914493
PERSON - OLHI,CASWELL - LEAS,0,1,1801,0.0
PERSON - ROX1,PERSON - RCOB,2225,62,2371,0.9384226064951497
PERSON - ROX1,PERSON - ROXL,146,12,2371,0.061577393504850274
PERSON - ROX2,PERSON - PNTH,2571,83,2602,0.9880860876249039
PERSON - ROX2,PERSON - WDSD,31,2,2602,0.01191391237509608
PERSON - ROX3,PERSON - PNTH,2622,100,2662,0.9849737039819685
PERSON - ROX3,PERSON - WDSD,40,6,2662,0.015026296018031555
PERSON - ROX3,PERSON - ALVI,0,1,2662,0.0
PERSON - ROX4,PERSON - ROXL,1944,46,1944,1.0
PERSON - RX1A,PERSON - RCOB,2225,68,2225,1.0
PERSON - WDSD,PERSON - WDSD,1101,75,1101,1.0
PERSON - WDSD,PERSON - ALVI,0,1,1101,0.0
PITT - 1.01,PITT - 0101,4329,116,4684,0.9242100768573869
PITT - 1.01,PITT - 1512A,348,18,4684,0.07429547395388557
PITT - 1.01,PITT - 1403A1,7,3,4684,0.0014944491887275832
PITT - 10.01,PITT - 1001,3453,187,3453,1.0
PITT - 11.01,PITT - 1101,1416,74,1416,1.0
PITT - 11.02A,PITT - 1102A,3297,60,3297,1.0
PITT - 11.02A,PITT - 1102B,0,1,3297,0.0
PITT - 11.02B,PITT - 1102B,4117,90,4117,1.0
PITT - 12.01,PITT - 1201,4919,199,4919,1.0
PITT - 12.01,PITT - 1507,0,1,4919,0.0
PITT - 12.01,PITT - 1508B,0,1,4919,0.0
PITT - 13.01,PITT - 1301,1260,39,1260,1.0
PITT - 13.01,CRAVEN - VE14,0,3,1260,0.0
PITT - 14.02,PITT - 1513A,3760,71,6713,0.5601072545806643
PITT - 14.02,PITT - 1513B,2953,66,6713,0.4398927454193356
PITT - 14.03A,PITT - 1403A1,3555,101,7089,0.501481168006771
PITT - 14.03A,PITT - 1403A2,3509,112,7089,0.4949922415009169
PITT - 14.03A,PITT - 0101,20,2,7089,0.002821272393849626
PITT - 14.03A,PITT - 0200B,5,1,7089,0.0007053180984624065
PITT - 14.03B,PITT - 1403B,4976,105,4976,1.0
PITT - 15.01,PITT - 1501,1651,155,1651,1.0
PITT - 15.01,PITT - 0301,0,2,1651,0.0
PITT - 15.03,PITT - 1503,3547,90,3547,1.0
PITT - 15.04,PITT - 1504B,5672,69,9300,0.6098924731182795
PITT - 15.04,PITT - 1504A,3628,147,9300,0.39010752688172046
PITT - 15.05A,PITT - 1505A,3704,30,3704,1.0
PITT - 15.05B,PITT - 1505B,3126,74,3126,1.0
PITT - 15.06,PITT - 1506,2168,97,2168,1.0
PITT - 15.07A,PITT - 1507,3893,33,3893,1.0
PITT - 15.07B,PITT - 1507B,1852,21,1852,1.0
PITT - 15.07C,PITT - 1507,1996,34,1996,1.0
PITT - 15.08A,PITT - 1508A,1562,78,1562,1.0
PITT - 15.08B,PITT - 1508B,2357,40,2357,1.0
PITT - 15.09,PITT - 1509,4714,108,4714,1.0
PITT - 15.10A,PITT - 1510A,2458,50,2458,1.0
PITT - 15.10B,PITT - 1510B,2924,49,2924,1.0
PITT - 15.11A,PITT - 1511A,3792,65,3792,1.0
PITT - 15.11B,PITT - 1511B,4856,39,4856,1.0
PITT - 15.12A,PITT - 1512A,6171,103,6171,1.0
PITT - 15.12B,PITT - 1512B,2877,53,2877,1.0
PITT - 15.12B,PITT - 1403A1,0,1,2877,0.0
PITT - 15.12B,PITT - 1512A,0,3,2877,0.0
PITT - 2.00A,PITT - 0200A,3094,125,3094,1.0
PITT - 2.00B,PITT - 0200B,2627,135,2627,1.0
PITT - 2.00B,PITT - 0200A,0,3,2627,0.0
PITT - 3.01,PITT - 0301,5321,140,5321,1.0
PITT - 4.01,PITT - 0401,1728,164,1728,1.0
PITT - 5.01,PITT - 0501,1534,94,1534,1.0
PITT - 5.01,PITT - 0301,0,1,1534,0.0
PITT - 6.01,PITT - 0601,5280,114,5317,0.9930411886402106
PITT - 6.01,PITT - 1513B,37,2,5317,0.006958811359789355
PITT - 6.01,CRAVEN - VE14,0,2,5317,0.0
PITT - 7.01,PITT - 0701,2154,81,2154,1.0
PITT - 8.00A,PITT - 0800A,2522,149,2522,1.0
PITT - 8.00B,PITT - 0800B,2113,102,2113,1.0
PITT - 9.01,PITT - 0901,976,86,976,1.0
POLK - 01,POLK - TR123,1151,56,1151,1.0
POLK - 02,POLK - TR123,814,49,814,1.0
POLK - 02,POLK - SA04,0,1,814,0.0
POLK - 03,POLK - TR123,1019,58,1019,1.0
POLK - 04,POLK - SA04,1595,143,1606,0.9931506849315068
POLK - 04,POLK - WO06,9,2,1606,0.00560398505603985
POLK - 04,HENDERSON - RR,2,2,1606,0.0012453300124533001
POLK - 05,POLK - CG05,1620,74,1624,0.9975369458128078
POLK - 05,RUTHERFORD - 18,4,2,1624,0.0024630541871921183
POLK - 05,RUTHERFORD - 06A,0,4,1624,0.0
POLK - 06,POLK - WO06,1892,92,1892,1.0
POLK - 06,RUTHERFORD - 18,0,1,1892,0.0
POLK - 07,POLK - CL07,2664,126,2667,0.9988751406074241
POLK - 07,POLK - TR123,3,3,2667,0.0011248593925759281
POLK - 08,POLK - CL08,2749,84,2749,1.0
POLK - 08,POLK - TR123,0,1,2749,0.0
POLK - 09,POLK - GC09,2672,95,2672,1.0
POLK - 09,RUTHERFORD - 09A,0,1,2672,0.0
POLK - 09,RUTHERFORD - 34,0,3,2672,0.0
RANDOLPH - 1,RANDOLPH - AR,2759,82,2764,0.998191027496382
RANDOLPH - 1,RANDOLPH - TR,5,3,2764,0.001808972503617945
RANDOLPH - 10,RANDOLPH - AN,3470,72,3486,0.9954102122776821
RANDOLPH - 10,RANDOLPH - RN,16,1,3486,0.004589787722317842
RANDOLPH - 11,RANDOLPH - AS,2601,103,2659,0.9781872884543061
RANDOLPH - 11,RANDOLPH - UG,58,3,2659,0.02181271154569387
RANDOLPH - 12,RANDOLPH - AW,1618,54,1618,1.0
RANDOLPH - 13,RANDOLPH - BC,3562,105,3562,1.0
RANDOLPH - 13,RANDOLPH - TB,0,1,3562,0.0
RANDOLPH - 14,RANDOLPH - SO,1105,51,1105,1.0
RANDOLPH - 15,RANDOLPH - UG,3442,102,3442,1.0
RANDOLPH - 16,RANDOLPH - UG,2564,68,2564,1.0
RANDOLPH - 17,RANDOLPH - SE,1720,98,1720,1.0
RANDOLPH - 17,RANDOLPH - SO,0,1,1720,0.0
RANDOLPH - 18,RANDOLPH - SW,2128,82,2128,1.0
RANDOLPH - 19,RANDOLPH - DR,2551,100,2563,0.9953179867342957
RANDOLPH - 19,RANDOLPH - AN,12,1,2563,0.0046820132657042525
RANDOLPH - 2,RANDOLPH - AR,2276,40,2276,1.0
RANDOLPH - 20,RANDOLPH - DR,2804,115,2804,1.0
RANDOLPH - 20,RANDOLPH - RM,0,1,2804,0.0
RANDOLPH - 21,RANDOLPH - GR,4398,108,4398,1.0
RANDOLPH - 21,RANDOLPH - SO,0,1,4398,0.0
RANDOLPH - 22,RANDOLPH - LC,2860,50,2860,1.0
RANDOLPH - 23,RANDOLPH - LB,3279,178,3279,1.0
RANDOLPH - 24,RANDOLPH - SW,983,60,986,0.9969574036511156
RANDOLPH - 24,DAVIDSON - 56,3,4,986,0.0030425963488843813
RANDOLPH - 25,RANDOLPH - NM,2120,70,2137,0.9920449227889565
RANDOLPH - 25,RANDOLPH - AR,17,1,2137,0.007955077211043519
RANDOLPH - 26,RANDOLPH - NM,2877,92,2877,1.0
RANDOLPH - 26,RANDOLPH - RN,0,1,2877,0.0
RANDOLPH - 27,RANDOLPH - SE,497,39,497,1.0
RANDOLPH - 28,RANDOLPH - TR,2999,112,2999,1.0
RANDOLPH - 28,DAVIDSON - 60,0,1,2999,0.0
RANDOLPH - 29,RANDOLPH - PR,3515,53,3515,1.0
RANDOLPH - 3,RANDOLPH - AR,4461,97,4480,0.9957589285714286
RANDOLPH - 3,RANDOLPH - NM,19,1,4480,0.004241071428571428
RANDOLPH - 30,RANDOLPH - PR,2644,90,2644,1.0
RANDOLPH - 31,RANDOLPH - RM,3620,205,3620,1.0
RANDOLPH - 32,RANDOLPH - RN,4930,168,5032,0.9797297297297297
RANDOLPH - 32,RANDOLPH - AN,102,4,5032,0.02027027027027027
RANDOLPH - 32,RANDOLPH - PR,0,1,5032,0.0
RANDOLPH - 33,RANDOLPH - RN,2015,108,2015,1.0
RANDOLPH - 34,RANDOLPH - SO,2930,134,2930,1.0
RANDOLPH - 35,RANDOLPH - ST,2275,127,2275,1.0
RANDOLPH - 36,RANDOLPH - TB,3436,106,3436,1.0
RANDOLPH - 37,RANDOLPH - TR,2572,95,2572,1.0
RANDOLPH - 37,RANDOLPH - AR,0,2,2572,0.0
RANDOLPH - 38,RANDOLPH - TT,4455,89,4455,1.0
RANDOLPH - 39,RANDOLPH - TR,3940,75,3940,1.0
RANDOLPH - 4,RANDOLPH - AS,2380,79,2380,1.0
RANDOLPH - 40,RANDOLPH - UG,2331,76,2331,1.0
RANDOLPH - 5,RANDOLPH - AE,3200,133,3200,1.0
RANDOLPH - 6,RANDOLPH - AE,2507,83,2507,1.0
RANDOLPH - 7,RANDOLPH - AW,2867,123,2867,1.0
RANDOLPH - 8,RANDOLPH - AW,2858,96,2858,1.0
RANDOLPH - 9,RANDOLPH - AN,2507,61,2507,1.0
RICHMOND - BD1,RICHMOND - 10,1607,93,1607,1.0
RICHMOND - BD2,RICHMOND - 21,1054,38,1054,1.0
RICHMOND - BJ1,RICHMOND - 24,349,47,349,1.0
RICHMOND - MC1,RICHMOND - 08,4070,256,4070,1.0
RICHMOND - MC1,RICHMOND - 09,0,2,4070,0.0
RICHMOND - MC2,RICHMOND - 09,5800,329,5808,0.9986225895316805
RICHMOND - MC2,SCOTLAND - 05-10,8,2,5808,0.0013774104683195593
RICHMOND - MS1,RICHMOND - 24,1696,157,1696,1.0
RICHMOND - MS2,RICHMOND - 25,875,65,875,1.0
RICHMOND - R1,RICHMOND - 01,5638,235,5638,1.0
RICHMOND - R1,RICHMOND - 02,0,1,5638,0.0
RICHMOND - R2,RICHMOND - 02,5250,209,5276,0.9950720242608037
RICHMOND - R2,RICHMOND - 21,26,3,5276,0.004927975739196361
RICHMOND - R2,RICHMOND - 01,0,1,5276,0.0
RICHMOND - R3,RICHMOND - 21,938,47,938,1.0
RICHMOND - S1,RICHMOND - 14,165,57,165,1.0
RICHMOND - S2,RICHMOND - 25,222,54,222,1.0
RICHMOND - WP1,RICHMOND - 22,2103,109,2103,1.0
RICHMOND - WP1,RICHMOND - 01,0,1,2103,0.0
RICHMOND - WP2,RICHMOND - 23,804,58,804,1.0
RICHMOND - WP2,RICHMOND - 01,0,1,804,0.0
RICHMOND - WP3,RICHMOND - 23,1553,58,1609,0.9651957737725295
RICHMOND - WP3,RICHMOND - 01,56,1,1609,0.03480422622747048
RICHMOND - WP4,RICHMOND - 22,984,55,984,1.0
ROBESON - 1,ROBESON - 01,1415,100,1415,1.0
ROBESON - 10,ROBESON - 10,1484,99,1484,1.0
ROBESON - 11,ROBESON - 11,3674,130,3674,1.0
ROBESON - 12,ROBESON - 12,2690,152,2690,1.0
ROBESON - 13,ROBESON - 13,2295,94,2295,1.0
ROBESON - 14,ROBESON - 14,1683,111,1683,1.0
ROBESON - 15,ROBESON - 15,1054,158,1054,1.0
ROBESON - 16,ROBESON - 16,1020,52,1020,1.0
ROBESON - 17,ROBESON - 17,449,73,449,1.0
ROBESON - 18,ROBESON - 11A,1961,43,3827,0.512411810817873
ROBESON - 18,ROBESON - 18A,1857,140,3827,0.4852364776587405
ROBESON - 18,ROBESON - 11,9,5,3827,0.0023517115233864646
ROBESON - 19,ROBESON - 19,3314,261,3317,0.9990955682845946
ROBESON - 19,SCOTLAND - 01-16,3,1,3317,0.0009044317154054868
ROBESON - 2,ROBESON - 02,3865,148,3865,1.0
ROBESON - 20,ROBESON - 20,1160,70,1218,0.9523809523809523
ROBESON - 20,ROBESON - 36,58,4,1218,0.047619047619047616
ROBESON - 21,ROBESON - 21,2695,133,2783,0.9683794466403162
ROBESON - 21,CUMBERLAND - G9B-1,88,8,2783,0.03162055335968379
ROBESON - 22,ROBESON - 22,5119,94,5119,1.0
ROBESON - 23,ROBESON - 23,4640,177,4640,1.0
ROBESON - 24,ROBESON - 24,1680,73,1754,0.9578107183580388
ROBESON - 24,ROBESON - 04,74,2,1754,0.04218928164196123
ROBESON - 25,ROBESON - 25,2148,99,2148,1.0
ROBESON - 26,ROBESON - 26A,1092,69,1092,1.0
ROBESON - 27,ROBESON - 26A,2712,118,2712,1.0
ROBESON - 28,ROBESON - 28,1883,72,1883,1.0
ROBESON - 29,ROBESON - 29,1577,179,1577,1.0
ROBESON - 3,ROBESON - 03,2267,79,2267,1.0
ROBESON - 3,COLUMBUS - P15,0,1,2267,0.0
ROBESON - 30,ROBESON - 30,3578,133,3578,1.0
ROBESON - 31,ROBESON - 32A,3538,173,3538,1.0
ROBESON - 32,ROBESON - 32A,2524,154,2524,1.0
ROBESON - 33,ROBESON - 33,843,35,843,1.0
ROBESON - 34,ROBESON - 34,2072,96,2072,1.0
ROBESON - 35,ROBESON - 35,2619,69,2619,1.0
ROBESON - 36,ROBESON - 36,1138,68,1138,1.0
ROBESON - 37,ROBESON - 37,653,56,653,1.0
ROBESON - 38,ROBESON - 38,493,41,493,1.0
ROBESON - 39,ROBESON - 39,2096,118,2096,1.0
ROBESON - 4,ROBESON - 04,2413,55,2413,1.0
ROBESON - 40,ROBESON - 40,610,59,610,1.0
ROBESON - 41,ROBESON - 41,3969,158,3982,0.9967353088900051
ROBESON - 41,BLADEN - P201,13,1,3982,0.0032646911099949772
ROBESON - 5,ROBESON - 05A,1909,95,1909,1.0
ROBESON - 6,ROBESON - 05A,1566,124,1566,1.0
ROBESON - 7,ROBESON - 07,938,46,938,1.0
ROBESON - 8,ROBESON - 08,1895,81,1895,1.0
ROBESON - 9,ROBESON - 09,1673,91,1673,1.0
ROBESON - 9,ROBESON - 08,0,1,1673,0.0
ROCKINGHAM - BE,ROCKINGHAM - RC,1464,53,1464,1.0
ROCKINGHAM - BE,ROCKINGHAM - EC,0,2,1464,0.0
ROCKINGHAM - CA,ROCKINGHAM - EC,3023,92,3023,1.0
ROCKINGHAM - DR,ROCKINGHAM - DR,2858,132,2858,1.0
ROCKINGHAM - DV,ROCKINGHAM - HO-1,901,34,1434,0.6283124128312413
ROCKINGHAM - DV,ROCKINGHAM - WS-1,533,33,1434,0.3716875871687587
ROCKINGHAM - HO,ROCKINGHAM - HO-1,2291,52,2291,1.0
ROCKINGHAM - HU,ROCKINGHAM - HU-1,4883,113,5068,0.9634964483030781
ROCKINGHAM - HU,ROCKINGHAM - HO-1,160,7,5068,0.03157063930544594
ROCKINGHAM - HU,ROCKINGHAM - WS-1,25,6,5068,0.004932912391475927
ROCKINGHAM - HU,STOKES - 1819,0,5,5068,0.0
ROCKINGHAM - IR,ROCKINGHAM - MO,2832,92,2842,0.9964813511611541
ROCKINGHAM - IR,GUILFORD - MON3,10,3,2842,0.003518648838845883
ROCKINGHAM - LK-1,ROCKINGHAM - ED,2239,91,2239,1.0
ROCKINGHAM - LK-2,ROCKINGHAM - ED,2806,82,3800,0.738421052631579
ROCKINGHAM - LK-2,ROCKINGHAM - ST,994,17,3800,0.2615789473684211
ROCKINGHAM - LK-3,ROCKINGHAM - ED,3083,77,3083,1.0
ROCKINGHAM - MD-1,ROCKINGHAM - WS-1,1745,94,1745,1.0
ROCKINGHAM - MD-1,ROCKINGHAM - HO-1,0,2,1745,0.0
ROCKINGHAM - MD-2,ROCKINGHAM - WS-1,1054,35,1054,1.0
ROCKINGHAM - MF,ROCKINGHAM - LI-1,1290,42,1300,0.9923076923076923
ROCKINGHAM - MF,CASWELL - PELH,10,2,1300,0.007692307692307693
ROCKINGHAM - MN,ROCKINGHAM - WS-1,2494,114,2494,1.0
ROCKINGHAM - MR,ROCKINGHAM - WS-1,993,33,993,1.0
ROCKINGHAM - NB,ROCKINGHAM - NB,3824,94,3824,1.0
ROCKINGHAM - OH,ROCKINGHAM - LI-1,2042,51,2042,1.0
ROCKINGHAM - PR,ROCKINGHAM - ST,1233,52,1233,1.0
ROCKINGHAM - RD-1,ROCKINGHAM - WI,1429,32,1429,1.0
ROCKINGHAM - RD-2,ROCKINGHAM - RE-1,2267,97,3562,0.6364402021336328
ROCKINGHAM - RD-2,ROCKINGHAM - RE-2,940,34,3562,0.2638966872543515
ROCKINGHAM - RD-2,ROCKINGHAM - LI-1,306,14,3562,0.08590679393599102
ROCKINGHAM - RD-2,ROCKINGHAM - WI,49,7,3562,0.013756316676024706
ROCKINGHAM - RD-3,ROCKINGHAM - RE-1,1816,74,1816,1.0
ROCKINGHAM - RD-4,ROCKINGHAM - RE-1,2329,75,2329,1.0
ROCKINGHAM - RD-5,ROCKINGHAM - RE-2,2300,47,2300,1.0
ROCKINGHAM - RD-6,ROCKINGHAM - RE-2,2942,76,2942,1.0
ROCKINGHAM - RU,ROCKINGHAM - LI-1,1067,56,1067,1.0
ROCKINGHAM - SH,ROCKINGHAM - ST,1335,21,1335,1.0
ROCKINGHAM - SI,ROCKINGHAM - RE-1,1048,39,1792,0.5848214285714286
ROCKINGHAM - SI,ROCKINGHAM - MO,744,29,1792,0.41517857142857145
ROCKINGHAM - SP-1,ROCKINGHAM - EC,2083,90,2083,1.0
ROCKINGHAM - ST,ROCKINGHAM - ST,2144,79,2144,1.0
ROCKINGHAM - WE,ROCKINGHAM - RC,3885,129,3885,1.0
ROCKINGHAM - WE,ROCKINGHAM - ST,0,2,3885,0.0
ROCKINGHAM - WM,ROCKINGHAM - WI,3302,80,3331,0.9912939057340138
ROCKINGHAM - WM,ROCKINGHAM - RE-2,23,3,3331,0.006904833383368358
ROCKINGHAM - WM,GUILFORD - NMAD,6,1,3331,0.0018012608826178324
ROWAN - 01,ROWAN - 01,2209,41,2209,1.0
ROWAN - 01,ROWAN - 13,0,1,2209,0.0
ROWAN - 02,ROWAN - 02,1805,82,1853,0.9740960604425256
ROWAN - 02,ROWAN - 19A,48,3,1853,0.025903939557474366
ROWAN - 03,ROWAN - 03,2612,46,5276,0.49507202426080366
ROWAN - 03,ROWAN - 13,2573,54,5276,0.4876800606520091
ROWAN - 03,ROWAN - 33,91,7,5276,0.017247915087187263
ROWAN - 04,ROWAN - 04,4510,75,4510,1.0
ROWAN - 05,ROWAN - 05A,2897,120,2963,0.9777252784340196
ROWAN - 05,ROWAN - 03,59,1,2963,0.01991225109686129
ROWAN - 05,ROWAN - 04,7,2,2963,0.002362470469119136
ROWAN - 06,ROWAN - 05A,2206,98,2206,1.0
ROWAN - 07,ROWAN - 07,2288,115,2290,0.9991266375545852
ROWAN - 07,IREDELL - CH-A,2,1,2290,0.0008733624454148472
ROWAN - 07,IREDELL - CH-B,0,3,2290,0.0
ROWAN - 08,ROWAN - 08,3878,54,3878,1.0
ROWAN - 09,ROWAN - 44,3357,51,5732,0.5856594556873691
ROWAN - 09,ROWAN - 09,2375,69,5732,0.41434054431263084
ROWAN - 10,ROWAN - 10,3039,104,3039,1.0
ROWAN - 11,ROWAN - 11,3321,61,4893,0.6787247087676272
ROWAN - 11,ROWAN - 45,1572,36,4893,0.32127529123237275
ROWAN - 11,ROWAN - 40,0,1,4893,0.0
ROWAN - 11,ROWAN - 41,0,1,4893,0.0
ROWAN - 12,ROWAN - 12,2287,58,2359,0.9694785926239932
ROWAN - 12,ROWAN - 41,72,2,2359,0.03052140737600678
ROWAN - 14,ROWAN - 14A,4768,168,4768,1.0
ROWAN - 14,ROWAN - 10,0,1,4768,0.0
ROWAN - 15,ROWAN - 15,3758,90,3758,1.0
ROWAN - 16,ROWAN - 16,2989,81,2989,1.0
ROWAN - 17,ROWAN - 17,3472,137,3472,1.0
ROWAN - 18,ROWAN - 18,1182,90,1183,0.9991546914623838
ROWAN - 18,ROWAN - 38,1,1,1183,0.0008453085376162299
ROWAN - 18,ROWAN - 15,0,4,1183,0.0
ROWAN - 18,ROWAN - 31,0,1,1183,0.0
ROWAN - 19,ROWAN - 19A,2941,129,2969,0.9905692152239811
ROWAN - 19,ROWAN - 09,14,1,2969,0.004715392388009431
ROWAN - 19,ROWAN - 04,10,3,2969,0.003368137420006736
ROWAN - 19,ROWAN - 02,4,1,2969,0.0013472549680026945
ROWAN - 20,ROWAN - 19A,2017,109,2017,1.0
ROWAN - 20,ROWAN - 02,0,1,2017,0.0
ROWAN - 21,ROWAN - 21,3312,55,3316,0.9987937273823885
ROWAN - 21,ROWAN - 29,4,2,3316,0.0012062726176115801
ROWAN - 22,ROWAN - 22,979,71,979,1.0
ROWAN - 23,ROWAN - 23,1897,67,1897,1.0
ROWAN - 24,ROWAN - 24,1386,58,1411,0.9822820694542878
ROWAN - 24,IREDELL - BA-1,14,3,1411,0.009922041105598866
ROWAN - 24,IREDELL - CH-B,11,6,1411,0.007795889440113395
ROWAN - 25,ROWAN - 25,4116,157,4116,1.0
ROWAN - 26,ROWAN - 26,1976,37,1976,1.0
ROWAN - 27,ROWAN - 27,1440,43,1440,1.0
ROWAN - 27,DAVIE - 02,0,2,1440,0.0
ROWAN - 27,IREDELL - CH-A,0,2,1440,0.0
ROWAN - 27,IREDELL - CS,0,3,1440,0.0
ROWAN - 28,ROWAN - 28,2660,156,2666,0.9977494373593399
ROWAN - 28,ROWAN - 18,6,6,2666,0.002250562640660165
ROWAN - 29,ROWAN - 29,1401,49,1413,0.9915074309978769
ROWAN - 29,ROWAN - 21,12,2,1413,0.008492569002123142
ROWAN - 30,ROWAN - 30,4747,127,4747,1.0
ROWAN - 31,ROWAN - 31,1791,63,1791,1.0
ROWAN - 32,ROWAN - 32,1833,71,1833,1.0
ROWAN - 33,ROWAN - 33,1880,56,1880,1.0
ROWAN - 34,ROWAN - 34,3677,136,3677,1.0
ROWAN - 34,ROWAN - 30,0,1,3677,0.0
ROWAN - 35,ROWAN - 35,1496,61,1496,1.0
ROWAN - 36,ROWAN - 36,3619,116,3625,0.9983448275862069
ROWAN - 36,ROWAN - 14A,6,1,3625,0.0016551724137931034
ROWAN - 37,ROWAN - 40,1398,57,1398,1.0
ROWAN - 38,ROWAN - 38,2554,86,2554,1.0
ROWAN - 39,ROWAN - 39,2781,68,2781,1.0
ROWAN - 39,ROWAN - 11,0,1,2781,0.0
ROWAN - 40,ROWAN - 40,1582,53,1582,1.0
ROWAN - 41,ROWAN - 41,3135,58,3140,0.9984076433121019
ROWAN - 41,ROWAN - 11,5,1,3140,0.0015923566878980893
ROWAN - 42,ROWAN - 42,2001,52,2001,1.0
ROWAN - 43,ROWAN - 38,792,41,792,1.0
RUTHERFORD - 03,RUTHERFORD - 03A,818,52,818,1.0
RUTHERFORD - 04,RUTHERFORD - 04A,1022,66,1022,1.0
RUTHERFORD - 05,RUTHERFORD - 05A,1893,90,1893,1.0
RUTHERFORD - 06,RUTHERFORD - 06A,1658,162,1658,1.0
RUTHERFORD - 06,BUNCOMBE - 37.1,0,2,1658,0.0
RUTHERFORD - 06,POLK - CG05,0,2,1658,0.0
RUTHERFORD - 07,RUTHERFORD - 06A,1068,106,1068,1.0
RUTHERFORD - 08,RUTHERFORD - 05A,1585,104,1585,1.0
RUTHERFORD - 09,RUTHERFORD - 09A,2156,55,2156,1.0
RUTHERFORD - 09,RUTHERFORD - 13,0,1,2156,0.0
RUTHERFORD - 09,RUTHERFORD - 29,0,1,2156,0.0
RUTHERFORD - 10,RUTHERFORD - 10A,502,43,502,1.0
RUTHERFORD - 11,RUTHERFORD - 11,6396,230,6396,1.0
RUTHERFORD - 13,RUTHERFORD - 13,4718,192,4731,0.9972521665609808
RUTHERFORD - 13,RUTHERFORD - 30,13,4,4731,0.002747833439019235
RUTHERFORD - 13,RUTHERFORD - 14,0,1,4731,0.0
RUTHERFORD - 14,RUTHERFORD - 14,3068,168,3068,1.0
RUTHERFORD - 14,RUTHERFORD - 29,0,2,3068,0.0
RUTHERFORD - 16,RUTHERFORD - 16A,1674,65,1674,1.0
RUTHERFORD - 16,RUTHERFORD - 27,0,1,1674,0.0
RUTHERFORD - 17,RUTHERFORD - 10A,848,49,848,1.0
RUTHERFORD - 17,BURKE - 0064,0,3,848,0.0
RUTHERFORD - 18,RUTHERFORD - 18,2123,88,2148,0.9883612662942272
RUTHERFORD - 18,RUTHERFORD - 27,22,1,2148,0.010242085661080074
RUTHERFORD - 18,RUTHERFORD - 34,3,1,2148,0.0013966480446927375
RUTHERFORD - 18,POLK - CG05,0,2,2148,0.0
RUTHERFORD - 19,RUTHERFORD - 19,2310,59,2310,1.0
RUTHERFORD - 22,RUTHERFORD - 16A,1221,43,1226,0.9959216965742251
RUTHERFORD - 22,MCDOWELL - M.COVE,5,2,1226,0.004078303425774877
RUTHERFORD - 23,RUTHERFORD - 04A,1535,61,1535,1.0
RUTHERFORD - 27,RUTHERFORD - 27,3680,131,3749,0.9815950920245399
RUTHERFORD - 27,RUTHERFORD - 18,60,2,3749,0.016004267804747934
RUTHERFORD - 27,RUTHERFORD - 34,9,1,3749,0.00240064017071219
RUTHERFORD - 28,RUTHERFORD - 28,1828,109,1828,1.0
RUTHERFORD - 28,RUTHERFORD - 30,0,10,1828,0.0
RUTHERFORD - 29,RUTHERFORD - 29,2360,101,2360,1.0
RUTHERFORD - 29,RUTHERFORD - 05A,0,2,2360,0.0
RUTHERFORD - 30,RUTHERFORD - 30,4135,164,4139,0.9990335829910606
RUTHERFORD - 30,RUTHERFORD - 13,4,8,4139,0.0009664170089393573
RUTHERFORD - 30,RUTHERFORD - 28,0,6,4139,0.0
RUTHERFORD - 32,RUTHERFORD - 09A,1754,69,1769,0.9915206331260599
RUTHERFORD - 32,POLK - GC09,15,2,1769,0.008479366873940079
RUTHERFORD - 32,RUTHERFORD - 19,0,2,1769,0.0
RUTHERFORD - 33,RUTHERFORD - 03A,1456,71,1456,1.0
RUTHERFORD - 34,RUTHERFORD - 34,1496,53,1496,1.0
RUTHERFORD - 34,POLK - GC09,0,2,1496,0.0
SAMPSON - AUTR,SAMPSON - AUTR,1827,82,1827,1.0
SAMPSON - CLCE,SAMPSON - CLCE,1140,57,1140,1.0
SAMPSON - CLEA,SAMPSON - CLEA,3331,115,3331,1.0
SAMPSON - CLEM,SAMPSON - CLEM,1774,46,1774,1.0
SAMPSON - CLEM,CUMBERLAND - G7B,0,1,1774,0.0
SAMPSON - CLNE,SAMPSON - CLNE,2346,100,2346,1.0
SAMPSON - CLSW,SAMPSON - CLSW,1978,65,2000,0.989
SAMPSON - CLSW,SAMPSON - CLWE,16,1,2000,0.008
SAMPSON - CLSW,SAMPSON - CLCE,6,2,2000,0.003
SAMPSON - CLWE,SAMPSON - CLWE,2434,97,2434,1.0
SAMPSON - GARL,SAMPSON - GARL,1406,125,1406,1.0
SAMPSON - GIDD,SAMPSON - GIDD,1611,92,1611,1.0
SAMPSON - GIDD,DUPLIN - FAIS,0,1,1611,0.0
SAMPSON - GIDD,WAYNE - 24,0,1,1611,0.0
SAMPSON - HARR,SAMPSON - HARR,1753,137,1753,1.0
SAMPSON - HERR,SAMPSON - HERR,857,37,857,1.0
SAMPSON - INGO,SAMPSON - INGO,1620,100,1620,1.0
SAMPSON - KEEN,SAMPSON - KEEN,1641,47,1641,1.0
SAMPSON - KFRK,SAMPSON - KFRK,2125,69,2125,1.0
SAMPSON - LAKE,SAMPSON - LAKE,3006,110,3006,1.0
SAMPSON - MING,SAMPSON - MING,2899,103,2899,1.0
SAMPSON - NGRV,SAMPSON - NGRV,1776,116,1776,1.0
SAMPSON - NGRV,WAYNE - 24,0,1,1776,0.0
SAMPSON - PLVW,SAMPSON - PLVW,2960,54,2968,0.9973045822102425
SAMPSON - PLVW,JOHNSTON - PR38,8,2,2968,0.0026954177897574125
SAMPSON - ROSE,SAMPSON - ROSE,1752,99,1752,1.0
SAMPSON - ROWA,SAMPSON - ROWA,2201,63,2201,1.0
SAMPSON - ROWA,DUPLIN - MAGN,0,1,2201,0.0
SAMPSON - SBRG,SAMPSON - SBRG,1063,73,1097,0.9690063810391978
SAMPSON - SBRG,SAMPSON - LAKE,34,1,1097,0.03099361896080219
SAMPSON - TURK,SAMPSON - TURK,1320,84,1321,0.9992429977289932
SAMPSON - TURK,DUPLIN - WARS,1,3,1321,0.000757002271006813
SAMPSON - WBRK,SAMPSON - WBRK,2006,75,2006,1.0
SAMPSON - WBRK,JOHNSTON - PR38,0,2,2006,0.0
SCOTLAND - 1,SCOTLAND - 01-16,2912,186,2912,1.0
SCOTLAND - 10,SCOTLAND - 05-10,2279,141,2279,1.0
SCOTLAND - 2,SCOTLAND - 02-25,2168,140,2168,1.0
SCOTLAND - 3,SCOTLAND - 03,3292,154,3292,1.0
SCOTLAND - 4,SCOTLAND - 04,4204,144,4204,1.0
SCOTLAND - 5,SCOTLAND - 02-25,1659,50,1659,1.0
SCOTLAND - 6,SCOTLAND - 01-16,3283,117,3283,1.0
SCOTLAND - 7,SCOTLAND - 07,3185,194,3185,1.0
SCOTLAND - 8,SCOTLAND - 06-89,1590,199,1638,0.9706959706959707
SCOTLAND - 8,RICHMOND - 08,48,2,1638,0.029304029304029304
SCOTLAND - 9,SCOTLAND - 06-89,2262,141,2262,1.0
STANLY - A1,STANLY - 0003,1484,57,1484,1.0
STANLY - A10,STANLY - 0110,1717,122,1717,1.0
STANLY - A10,STANLY - 0113,0,2,1717,0.0
STANLY - A11,STANLY - 0011,1578,61,1582,0.9974715549936789
STANLY - A11,STANLY - 0016,4,1,1582,0.0025284450063211127
STANLY - A2,STANLY - 0212,1935,126,1935,1.0
STANLY - A6,STANLY - 0003,946,30,946,1.0
STANLY - A7,STANLY - 0107,2478,77,2478,1.0
STANLY - A7,STANLY - 0014,0,1,2478,0.0
STANLY - A8,STANLY - 0108,2020,71,2020,1.0
STANLY - ALMOND,STANLY - 0120,2638,72,2638,1.0
STANLY - BADIN,STANLY - 0015,2297,89,2297,1.0
STANLY - BADIN,STANLY - 0016,0,3,2297,0.0
STANLY - BL1,STANLY - 0022,2158,126,2167,0.9958467928011075
STANLY - BL1,STANLY - 0023,9,1,2167,0.004153207198892478
STANLY - BL1,UNION - 011,0,2,2167,0.0
STANLY - BL2,STANLY - 0023,3130,170,3130,1.0
STANLY - EA,STANLY - 0014,1268,56,1454,0.8720770288858322
STANLY - EA,STANLY - 0107,186,6,1454,0.1279229711141678
STANLY - EC,STANLY - 0127,2582,99,2582,1.0
STANLY - ENDY,STANLY - 0021,1379,61,1379,1.0
STANLY - ENDY,STANLY - 0110,0,1,1379,0.0
STANLY - F1,STANLY - 0024,3898,108,3904,0.9984631147540983
STANLY - F1,STANLY - 0025,6,4,3904,0.0015368852459016393
STANLY - F2,STANLY - 0025,3686,142,3686,1.0
STANLY - F2,STANLY - 0024,0,1,3686,0.0
STANLY - F2,UNION - 011,0,1,3686,0.0
STANLY - NA,STANLY - 0212,1163,39,1163,1.0
STANLY - NL,STANLY - 0017,2040,98,2040,1.0
STANLY - PALM,STANLY - 0016,1396,73,1396,1.0
STANLY - RICH,STANLY - 0018,1702,113,1702,1.0
STANLY - RICH,ROWAN - 22,0,1,1702,0.0
STANLY - RID,STANLY - 0019,1707,56,1707,1.0
STANLY - SA,STANLY - 0113,1499,69,2216,0.6764440433212996
STANLY - SA,STANLY - 0110,321,16,2216,0.14485559566787004
STANLY - SA,STANLY - 0120,233,5,2216,0.10514440433212996
STANLY - SA,STANLY - 0107,103,2,2216,0.04648014440433213
STANLY - SA,STANLY - 0108,60,1,2216,0.02707581227436823
STANLY - SA,STANLY - 0021,0,1,2216,0.0
STANLY - TYSON,STANLY - 0126,1822,82,1822,1.0
STANLY - WC,STANLY - 0127,1183,62,1819,0.6503573391973612
STANLY - WC,STANLY - 0126,636,23,1819,0.34964266080263884
STOKES - 1,STOKES - 01,989,66,989,1.0
STOKES - 10,STOKES - 10,3609,94,3609,1.0
STOKES - 11,STOKES - 11,4332,106,4332,1.0
STOKES - 11,STOKES - 04,0,1,4332,0.0
STOKES - 12,STOKES - 12,2031,37,2031,1.0
STOKES - 13,STOKES - 13,1990,22,1990,1.0
STOKES - 14,STOKES - 140,2556,51,2562,0.9976580796252927
STOKES - 14,STOKES - 150,6,2,2562,0.00234192037470726
STOKES - 15,STOKES - 150,1436,47,1436,1.0
STOKES - 16,STOKES - 1618,1805,85,1805,1.0
STOKES - 17,STOKES - 17,2046,72,2095,0.9766109785202864
STOKES - 17,STOKES - 1618,49,4,2095,0.023389021479713605
STOKES - 18,STOKES - 1618,353,12,512,0.689453125
STOKES - 18,STOKES - 1819,156,31,512,0.3046875
STOKES - 18,ROCKINGHAM - HU-1,3,2,512,0.005859375
STOKES - 19,STOKES - 1819,1057,36,1057,1.0
STOKES - 19,STOKES - 1618,0,1,1057,0.0
STOKES - 2,STOKES - 02,2034,77,2034,1.0
STOKES - 20,STOKES - 20,1629,46,1629,1.0
STOKES - 3,STOKES - 03,1488,57,1488,1.0
STOKES - 4,STOKES - 04,2359,60,2359,1.0
STOKES - 5,STOKES - 0506,822,49,822,1.0
STOKES - 6,STOKES - 0506,701,58,704,0.9957386363636364
STOKES - 6,STOKES - 07,3,1,704,0.004261363636363636
STOKES - 7,STOKES - 07,730,36,730,1.0
STOKES - 8,STOKES - 08,1515,46,1515,1.0
STOKES - 9,STOKES - 09,2353,79,2353,1.0
SURRY - 01,SURRY - 01,2119,124,2145,0.9878787878787879
SURRY - 01,WILKES - 123A,23,6,2145,0.010722610722610723
SURRY - 01,WILKES - 107,3,3,2145,0.0013986013986013986
SURRY - 01,SURRY - 30,0,1,2145,0.0
SURRY - 02,SURRY - 29,1080,38,1080,1.0
SURRY - 03,SURRY - 29,2999,102,3071,0.9765548681211332
SURRY - 03,SURRY - 09,44,3,3071,0.014327580592640833
SURRY - 03,SURRY - 25,17,1,3071,0.005535656138065777
SURRY - 03,SURRY - 18,11,1,3071,0.0035818951481602084
SURRY - 04,SURRY - 04,2256,84,2444,0.9230769230769231
SURRY - 04,SURRY - 11,114,3,2444,0.046644844517184945
SURRY - 04,SURRY - 22,47,7,2444,0.019230769230769232
SURRY - 04,SURRY - 29,27,4,2444,0.01104746317512275
SURRY - 05,SURRY - 05,2884,86,2884,1.0
SURRY - 06,SURRY - 30,1531,61,1531,1.0
SURRY - 07,SURRY - 30,1474,51,1474,1.0
SURRY - 08,SURRY - 30,2010,133,2010,1.0
SURRY - 08,YADKIN - NKNB,0,1,2010,0.0
SURRY - 09,SURRY - 09,1615,111,1639,0.9853569249542404
SURRY - 09,ALLEGHANY - 04,19,1,1639,0.011592434411226357
SURRY - 09,SURRY - 29,5,3,1639,0.003050640634533252
SURRY - 10,SURRY - 10,1314,63,1314,1.0
SURRY - 10,SURRY - 17,0,1,1314,0.0
SURRY - 10,SURRY - 32,0,1,1314,0.0
SURRY - 11,SURRY - 11,1771,76,1771,1.0
SURRY - 12,SURRY - 12,3061,150,3363,0.9101992268807613
SURRY - 12,SURRY - 17,228,19,3363,0.06779661016949153
SURRY - 12,SURRY - 18,74,11,3363,0.02200416294974725
SURRY - 12,SURRY - 15,0,1,3363,0.0
SURRY - 13,SURRY - 34,1422,44,1422,1.0
SURRY - 13,SURRY - 15,0,1,1422,0.0
SURRY - 14,SURRY - 34,1694,70,1694,1.0
SURRY - 15,SURRY - 15,2340,63,2340,1.0
SURRY - 15,SURRY - 12,0,1,2340,0.0
SURRY - 16,SURRY - 16,1665,54,1665,1.0
SURRY - 16,SURRY - 12,0,1,1665,0.0
SURRY - 16,SURRY - 28,0,1,1665,0.0
SURRY - 17,SURRY - 17,1388,99,1388,1.0
SURRY - 17,SURRY - 10,0,1,1388,0.0
SURRY - 18,SURRY - 18,2534,87,2534,1.0
SURRY - 19,SURRY - 19,2837,52,2837,1.0
SURRY - 20,SURRY - 32,1037,59,1037,1.0
SURRY - 21,SURRY - 32,2172,101,2172,1.0
SURRY - 21,SURRY - 23,0,1,2172,0.0
SURRY - 22,SURRY - 22,1377,69,1377,1.0
SURRY - 23,SURRY - 23,1554,59,1554,1.0
SURRY - 24,SURRY - 24,865,42,865,1.0
SURRY - 25,SURRY - 25,1880,81,2342,0.802732707087959
SURRY - 25,SURRY - 26,462,11,2342,0.19726729291204098
SURRY - 26,SURRY - 26,2751,61,3133,0.8780721353335461
SURRY - 26,SURRY - 19,382,9,3133,0.12192786466645388
SURRY - 27,SURRY - 27,1887,67,1887,1.0
SURRY - 27,STOKES - 0506,0,1,1887,0.0
SURRY - 27,SURRY - 15,0,2,1887,0.0
SURRY - 28,SURRY - 28,1578,51,1637,0.9639584605986561
SURRY - 28,SURRY - 10,59,9,1637,0.03604153940134392
SURRY - 28,SURRY - 16,0,2,1637,0.0
SURRY - 28,SURRY - 27,0,1,1637,0.0
SURRY - 33,SURRY - 34,1562,50,1791,0.8721384701284198
SURRY - 33,SURRY - 19,229,10,1791,0.12786152987158012
SWAIN - 02,SWAIN - BC2,2335,129,2356,0.9910865874363328
SWAIN - 02,SWAIN - WHCH,21,35,2356,0.008913412563667233
SWAIN - 02,SWAIN - ALMOND,0,14,2356,0.0
SWAIN - 02,SWAIN - BC1,0,3,2356,0.0
SWAIN - SWCRU,SWAIN - WHCH,4146,206,8619,0.4810302819352593
SWAIN - SWCRU,SWAIN - BC1,2393,197,8619,0.27764241791391114
SWAIN - SWCRU,SWAIN - ALMOND,1216,149,8619,0.1410836523958696
SWAIN - SWCRU,SWAIN - ALARKA,837,36,8619,0.09711103376261747
SWAIN - SWCRU,SWAIN - BC2,27,4,8619,0.003132613992342499
SWAIN - SWCRU,GRAHAM - EAST,0,1,8619,0.0
SWAIN - SWCRU,GRAHAM - STEC,0,3,8619,0.0
SWAIN - SWCRU,JACKSON - QUA,0,7,8619,0.0
SWAIN - SWCRU,MACON - 15,0,2,8619,0.0
TRANSYLVANIA - B1,TRANSYLVANIA - B1,1913,72,1913,1.0
TRANSYLVANIA - B1,TRANSYLVANIA - DR,0,1,1913,0.0
TRANSYLVANIA - B2,TRANSYLVANIA - B2,1799,72,1799,1.0
TRANSYLVANIA - B3,TRANSYLVANIA - B3,2056,85,2056,1.0
TRANSYLVANIA - B4,TRANSYLVANIA - B4,2137,58,2137,1.0
TRANSYLVANIA - B4,TRANSYLVANIA - B3,0,1,2137,0.0
TRANSYLVANIA - BD,TRANSYLVANIA - BD,2957,125,2957,1.0
TRANSYLVANIA - BD,TRANSYLVANIA - PF,0,1,2957,0.0
TRANSYLVANIA - CC,TRANSYLVANIA - CC.1,2376,96,2417,0.9830368225072403
TRANSYLVANIA - CC,TRANSYLVANIA - RE.1,41,2,2417,0.01696317749275962
TRANSYLVANIA - CM,TRANSYLVANIA - CM,851,75,894,0.9519015659955258
TRANSYLVANIA - CM,TRANSYLVANIA - DR,43,2,894,0.04809843400447427
TRANSYLVANIA - DR,TRANSYLVANIA - DR,2459,81,2459,1.0
TRANSYLVANIA - DR,TRANSYLVANIA - EF,0,1,2459,0.0
TRANSYLVANIA - GLBCRU,TRANSYLVANIA - TC1,931,62,933,0.9978563772775991
TRANSYLVANIA - GLBCRU,TRANSYLVANIA - RE.1,2,1,933,0.0021436227224008574
TRANSYLVANIA - GLBCRU,HAYWOOD - CE,0,1,933,0.0
TRANSYLVANIA - HBCRU,TRANSYLVANIA - TC7,1818,132,1818,1.0
TRANSYLVANIA - HBCRU,JACKSON - CAN,0,1,1818,0.0
TRANSYLVANIA - LR,TRANSYLVANIA - LR,1745,75,1745,1.0
TRANSYLVANIA - LR,HENDERSON - ES,0,1,1745,0.0
TRANSYLVANIA - PF,TRANSYLVANIA - PF,1491,141,1507,0.9893828798938288
TRANSYLVANIA - PF,TRANSYLVANIA - BD,16,2,1507,0.010617120106171201
TRANSYLVANIA - REFCRU,TRANSYLVANIA - RE.1,2016,115,3032,0.6649076517150396
TRANSYLVANIA - REFCRU,TRANSYLVANIA - EF,1016,60,3032,0.33509234828496043
TRANSYLVANIA - WC,TRANSYLVANIA - WC,1632,51,1632,1.0
TYRRELL - 101,TYRRELL - 1,208,35,208,1.0
TYRRELL - 1401,TYRRELL - 14,89,32,89,1.0
TYRRELL - 1501,TYRRELL - 15,477,26,477,1.0
TYRRELL - 1601,TYRRELL - 16,32,37,32,1.0
TYRRELL - 200,TYRRELL - 2,1547,133,1547,1.0
TYRRELL - 301,TYRRELL - 3,220,59,221,0.995475113122172
TYRRELL - 301,TYRRELL - 2,1,2,221,0.004524886877828055
UNION - 01,UNION - 001,2382,100,2382,1.0
UNION - 02,UNION - 002,2351,99,2351,1.0
UNION - 03,UNION - 003,1989,39,1989,1.0
UNION - 04,UNION - 004,2614,84,2614,1.0
UNION - 04,UNION - 025,0,1,2614,0.0
UNION - 05,UNION - 0005,3709,90,3709,1.0
UNION - 06,UNION - 006,2089,104,2089,1.0
UNION - 07,UNION - 007,3903,79,3903,1.0
UNION - 08,UNION - 008,4398,111,4398,1.0
UNION - 09,UNION - 009,1773,89,1773,1.0
UNION - 09,UNION - 027,0,4,1773,0.0
UNION - 09,UNION - 036,0,2,1773,0.0
UNION - 10,UNION - 010,1641,131,1641,1.0
UNION - 11,UNION - 011,2662,93,2662,1.0
UNION - 12,UNION - 012,2555,79,2555,1.0
UNION - 13,UNION - 013,2827,52,2827,1.0
UNION - 14,UNION - 014,1694,83,1694,1.0
UNION - 15,UNION - 015,5201,108,5219,0.9965510634221115
UNION - 15,UNION - 040,18,4,5219,0.0034489365778884846
UNION - 15,MECKLENBURG - 136,0,1,5219,0.0
UNION - 15,UNION - 014,0,1,5219,0.0
UNION - 16,UNION - 016,5863,177,6197,0.9461029530417944
UNION - 16,UNION - 038B,334,1,6197,0.05389704695820558
UNION - 17,UNION - 017B,4586,189,7923,0.578821153603433
UNION - 17,UNION - 017A,3287,40,7923,0.4148681055155875
UNION - 17,UNION - 0005,50,8,7923,0.006310740880979427
UNION - 18,UNION - 018,2989,52,2989,1.0
UNION - 18,UNION - 040,0,1,2989,0.0
UNION - 19,UNION - 0019,4159,93,6074,0.6847217648995719
UNION - 19,UNION - 0045,1915,41,6074,0.3152782351004281
UNION - 19,UNION - 0020B,0,1,6074,0.0
UNION - 20,UNION - 0020B,3777,89,10641,0.35494784324781503
UNION - 20,UNION - 0020A,3633,95,10641,0.34141528051874825
UNION - 20,UNION - 0044,2380,83,10641,0.22366318954985434
UNION - 20,UNION - 0045,851,19,10641,0.07997368668358237
UNION - 21,UNION - 021,2690,91,2690,1.0
UNION - 22,UNION - 022,2631,36,2869,0.9170442662948762
UNION - 22,UNION - 033,238,3,2869,0.08295573370512374
UNION - 23,UNION - 023,2412,48,2412,1.0
UNION - 24,UNION - 024,2730,52,2730,1.0
UNION - 25,UNION - 025,2297,80,2297,1.0
UNION - 26,UNION - 026,2385,76,2385,1.0
UNION - 27,UNION - 027,2004,96,2004,1.0
UNION - 27,UNION - 009,0,1,2004,0.0
UNION - 28,UNION - 028A,5210,109,17574,0.2964606805508137
UNION - 28,UNION - 028D,4967,116,17574,0.2826334357573688
UNION - 28,UNION - 028B,3943,36,17574,0.2243655400022761
UNION - 28,UNION - 028C,3454,36,17574,0.19654034368954137
UNION - 29,UNION - 029A,5115,55,9736,0.5253697617091208
UNION - 29,UNION - 029C,2841,52,9736,0.2918036154478225
UNION - 29,UNION - 029B,1769,18,9736,0.18169679539852096
UNION - 29,UNION - 0005,11,3,9736,0.0011298274445357436
UNION - 30,UNION - 0030,4608,43,5481,0.8407224958949097
UNION - 30,UNION - 0005,873,8,5481,0.1592775041050903
UNION - 31,UNION - 031,4376,68,4376,1.0
UNION - 32,UNION - 032,3408,51,3408,1.0
UNION - 32,MECKLENBURG - 221,0,1,3408,0.0
UNION - 33,UNION - 033,2416,79,2416,1.0
UNION - 34,UNION - 034,3883,153,3883,1.0
UNION - 35,UNION - 035,1939,31,1939,1.0
UNION - 35,UNION - 016,0,1,1939,0.0
UNION - 36,UNION - 036,2397,112,2444,0.9807692307692307
UNION - 36,UNION - 009,47,1,2444,0.019230769230769232
UNION - 37,UNION - 037A,6138,131,7522,0.8160063812815741
UNION - 37,UNION - 037B,1384,16,7522,0.18399361871842596
UNION - 38,UNION - 038A,5024,77,7266,0.691439581612992
UNION - 38,UNION - 038B,2242,48,7266,0.308560418387008
UNION - 39,UNION - 039,2700,124,2700,1.0
UNION - 40,UNION - 040,3789,85,3789,1.0
UNION - 41,UNION - 041,4254,62,4254,1.0
UNION - 42,UNION - 042,2483,72,2483,1.0
UNION - 42,UNION - 0005,0,1,2483,0.0
UNION - 42,UNION - 031,0,1,2483,0.0
UNION - 43,UNION - 043,1561,105,1561,1.0
VANCE - DABN,VANCE - CC,2297,57,2297,1.0
VANCE - DABN,VANCE - NH,0,1,2297,0.0
VANCE - EH1,VANCE - CH,2272,110,2295,0.9899782135076253
VANCE - EH1,VANCE - SH,23,1,2295,0.010021786492374727
VANCE - EH2,VANCE - NV,611,39,688,0.8880813953488372
VANCE - EH2,VANCE - SH,77,1,688,0.1119186046511628
VANCE - EH2,VANCE - CH,0,1,688,0.0
VANCE - HTOP,VANCE - SH,867,46,867,1.0
VANCE - KITT,VANCE - KITT,3963,135,3989,0.9934820757081976
VANCE - KITT,VANCE - SH,26,1,3989,0.006517924291802457
VANCE - MIDD,VANCE - MIDD,2831,106,2831,1.0
VANCE - NH1,VANCE - CH,2254,118,2254,1.0
VANCE - NH2,VANCE - NV,795,41,812,0.979064039408867
VANCE - NH2,VANCE - CH,17,1,812,0.020935960591133004
VANCE - SCRK,VANCE - SCRK,4755,75,4970,0.9567404426559356
VANCE - SCRK,VANCE - NV,215,1,4970,0.043259557344064385
VANCE - SH1,VANCE - SH,2343,105,2343,1.0
VANCE - SH1,VANCE - CH,0,1,2343,0.0
VANCE - SH2,VANCE - SH,1071,54,1076,0.9953531598513011
VANCE - SH2,VANCE - SCRK,5,1,1076,0.004646840148698885
VANCE - TWNS,VANCE - NH,1077,33,1077,1.0
VANCE - WATK,VANCE - CC,500,12,500,1.0
VANCE - WH1,VANCE - WH,3074,90,3074,1.0
VANCE - WH2,VANCE - WH,1212,43,1212,1.0
VANCE - WMSB,VANCE - NH,2586,52,2586,1.0
WAKE - 0101,WAKE - 01-01,2653,54,2653,1.0
WAKE - 0102,WAKE - 01-02,2843,43,2843,1.0
WAKE - 0103,WAKE - 01-03,2035,47,2035,1.0
WAKE - 0104,WAKE - 01-04,1261,28,1261,1.0
WAKE - 0105,WAKE - 01-05,1174,32,1174,1.0
WAKE - 0106,WAKE - 01-06,3562,59,3562,1.0
WAKE - 0107,WAKE - 01-07,3390,68,3390,1.0
WAKE - 0109,WAKE - 01-09,1278,31,1278,1.0
WAKE - 0109,WAKE - 01-05,0,1,1278,0.0
WAKE - 0110,WAKE - 01-10,1481,35,1481,1.0
WAKE - 0110,WAKE - 01-04,0,1,1481,0.0
WAKE - 0111,WAKE - 01-11,2482,44,2482,1.0
WAKE - 0111,WAKE - 07-09,0,1,2482,0.0
WAKE - 0112,WAKE - 01-12,2222,43,2222,1.0
WAKE - 0113,WAKE - 01-13,1781,51,1781,1.0
WAKE - 0114,WAKE - 01-14,3918,116,3918,1.0
WAKE - 0115,WAKE - 01-15,2862,27,2862,1.0
WAKE - 0116,WAKE - 01-16,3650,41,3650,1.0
WAKE - 0116,WAKE - 07-09,0,1,3650,0.0
WAKE - 0117,WAKE - 01-17,1202,27,1202,1.0
WAKE - 0118,WAKE - 01-18,4015,49,4015,1.0
WAKE - 0119,WAKE - 01-19,2420,38,2420,1.0
WAKE - 0120,WAKE - 01-20,3802,88,3802,1.0
WAKE - 0121,WAKE - 01-21,6703,116,6703,1.0
WAKE - 0121,WAKE - 01-35,0,1,6703,0.0
WAKE - 0121,WAKE - 16-02,0,1,6703,0.0
WAKE - 0122,WAKE - 01-22,4820,51,8303,0.58051306756594
WAKE - 0122,WAKE - 01-50,3483,50,8303,0.41948693243406
WAKE - 0123,WAKE - 01-23,13946,102,13946,1.0
WAKE - 0125,WAKE - 01-25,799,31,799,1.0
WAKE - 0125,WAKE - 01-35,0,1,799,0.0
WAKE - 0126,WAKE - 01-26,4910,70,4910,1.0
WAKE - 0127,WAKE - 01-27,3192,112,3192,1.0
WAKE - 0127,WAKE - 01-21,0,1,3192,0.0
WAKE - 0128,WAKE - 01-28,5661,101,5661,1.0
WAKE - 0129,WAKE - 01-29,2351,38,2351,1.0
WAKE - 0130,WAKE - 01-30,1262,21,1262,1.0
WAKE - 0131,WAKE - 01-31,7409,76,7425,0.9978451178451179
WAKE - 0131,WAKE - 01-48,16,1,7425,0.0021548821548821547
WAKE - 0131,WAKE - 01-32,0,1,7425,0.0
WAKE - 0132,WAKE - 01-49,5185,63,9014,0.5752163301530951
WAKE - 0132,WAKE - 01-32,3829,36,9014,0.4247836698469048
WAKE - 0133,WAKE - 01-33,1861,28,1861,1.0
WAKE - 0133,WAKE - 01-16,0,1,1861,0.0
WAKE - 0134,WAKE - 01-34,2353,59,2353,1.0
WAKE - 0135,WAKE - 01-35,3143,74,3143,1.0
WAKE - 0136,WAKE - 01-36,3189,38,3189,1.0
WAKE - 0137,WAKE - 01-37,1937,30,1937,1.0
WAKE - 0138,WAKE - 01-38,3036,49,3036,1.0
WAKE - 0139,WAKE - 01-39,3280,23,3280,1.0
WAKE - 0140,WAKE - 01-40,5885,79,5885,1.0
WAKE - 0141,WAKE - 01-41,3767,23,3767,1.0
WAKE - 0142,WAKE - 01-42,2927,27,2927,1.0
WAKE - 0143,WAKE - 01-43,3351,25,4537,0.7385937844390567
WAKE - 0143,WAKE - 01-51,1186,11,4537,0.26140621556094334
WAKE - 0144,WAKE - 01-44,4856,36,4856,1.0
WAKE - 0145,WAKE - 01-45,2440,16,2440,1.0
WAKE - 0146,WAKE - 01-46,5343,50,5343,1.0
WAKE - 0147,WAKE - 01-47,2159,27,2159,1.0
WAKE - 0148,WAKE - 01-48,2678,27,2678,1.0
WAKE - 0201,WAKE - 02-01,3229,47,3229,1.0
WAKE - 0202,WAKE - 02-02,5759,61,5759,1.0
WAKE - 0203,WAKE - 02-03,2902,33,2902,1.0
WAKE - 0204,WAKE - 02-04,2481,49,2481,1.0
WAKE - 0205,WAKE - 02-05,972,12,972,1.0
WAKE - 0206,WAKE - 02-06,2458,51,2458,1.0
WAKE - 0300,WAKE - 03-01,4665,104,6901,0.6759889871033183
WAKE - 0300,WAKE - 03-02,2236,141,6901,0.32401101289668166
WAKE - 0401,WAKE - 04-01,2779,43,2779,1.0
WAKE - 0402,WAKE - 04-02,3818,64,3818,1.0
WAKE - 0402,WAKE - 04-05,0,5,3818,0.0
WAKE - 0403,WAKE - 04-03,2803,26,2803,1.0
WAKE - 0403,WAKE - 01-32,0,2,2803,0.0
WAKE - 0403,WAKE - 01-49,0,1,2803,0.0
WAKE - 0404,WAKE - 04-04,2460,16,2460,1.0
WAKE - 0405,WAKE - 04-05,3858,142,3858,1.0
WAKE - 0405,WAKE - 11-01,0,1,3858,0.0
WAKE - 0406,WAKE - 04-06,3428,38,3428,1.0
WAKE - 0407,WAKE - 04-07,2710,31,2710,1.0
WAKE - 0408,WAKE - 04-08,3051,36,3051,1.0
WAKE - 0408,WAKE - 04-09,0,1,3051,0.0
WAKE - 0408,WAKE - 04-20,0,1,3051,0.0
WAKE - 0409,WAKE - 04-20,4233,59,7252,0.5837010479867623
WAKE - 0409,WAKE - 04-09,2958,33,7252,0.40788747931605074
WAKE - 0409,WAKE - 05-03,61,3,7252,0.008411472697186983
WAKE - 0410,WAKE - 04-10,3142,35,3142,1.0
WAKE - 0411,WAKE - 04-21,2912,25,4996,0.5828662930344275
WAKE - 0411,WAKE - 04-11,2084,43,4996,0.41713370696557245
WAKE - 0412,WAKE - 04-12,2960,28,2960,1.0
WAKE - 0413,WAKE - 04-13,4940,57,4940,1.0
WAKE - 0414,WAKE - 04-14,1768,21,1768,1.0
WAKE - 0414,WAKE - 04-10,0,1,1768,0.0
WAKE - 0415,WAKE - 04-15,2740,39,2740,1.0
WAKE - 0416,WAKE - 04-16,2279,24,2279,1.0
WAKE - 0417,WAKE - 04-17,2138,29,2138,1.0
WAKE - 0417,WAKE - 04-18,0,1,2138,0.0
WAKE - 0418,WAKE - 04-18,3822,42,3822,1.0
WAKE - 0419,WAKE - 04-19,1790,16,1790,1.0
WAKE - 0419,WAKE - 04-13,0,2,1790,0.0
WAKE - 0500,WAKE - 05-05,9907,247,45737,0.21660799790104293
WAKE - 0500,WAKE - 05-08,7068,195,45737,0.1545357150665763
WAKE - 0500,WAKE - 05-03,6541,97,45737,0.1430133152589807
WAKE - 0500,WAKE - 05-01,5847,52,45737,0.12783960469641648
WAKE - 0500,WAKE - 05-06,5764,111,45737,0.1260248813870608
WAKE - 0500,WAKE - 05-09,5618,86,45737,0.12283271749349542
WAKE - 0500,WAKE - 05-10,4504,93,45737,0.09847606970286639
WAKE - 0500,DURHAM - 33-1,233,12,45737,0.005094343747950238
WAKE - 0500,WAKE - 04-09,130,7,45737,0.0028423377134486304
WAKE - 0500,DURHAM - 33-2,125,13,45737,0.0027330170321621444
WAKE - 0500,DURHAM - 32,0,1,45737,0.0
WAKE - 0601,WAKE - 06-12,6903,116,14633,0.47174195311966105
WAKE - 0601,WAKE - 06-10,4250,128,14633,0.29043941775439075
WAKE - 0601,WAKE - 06-08,2420,51,14633,0.16537962140367662
WAKE - 0601,WAKE - 06-11,1060,53,14633,0.07243900772227158
WAKE - 0601,HARNETT - PR28,0,1,14633,0.0
WAKE - 0601,WAKE - 20-06A,0,2,14633,0.0
WAKE - 0602,WAKE - 06-04,4897,86,8103,0.6043440700974948
WAKE - 0602,WAKE - 06-05,3206,58,8103,0.39565592990250525
WAKE - 0603,WAKE - 06-06,7057,116,10971,0.6432412724455382
WAKE - 0603,WAKE - 06-07,3914,64,10971,0.35675872755446175
WAKE - 0701,WAKE - 07-01,2176,36,2176,1.0
WAKE - 0701,WAKE - 07-09,0,1,2176,0.0
WAKE - 0702,WAKE - 07-12,3497,43,5335,0.6554826616682287
WAKE - 0702,WAKE - 07-02,1838,36,5335,0.34451733833177134
WAKE - 0703,WAKE - 07-03,1591,15,1591,1.0
WAKE - 0704,WAKE - 07-04,5045,40,5045,1.0
WAKE - 0705,WAKE - 07-13,2609,29,4673,0.5583137170982239
WAKE - 0705,WAKE - 07-05,2064,16,4673,0.44168628290177614
WAKE - 0706,WAKE - 07-06,3798,36,4988,0.7614274258219728
WAKE - 0706,WAKE - 07-11,1190,12,4988,0.23857257417802727
WAKE - 0707,WAKE - 07-07,4924,61,4924,1.0
WAKE - 0709,WAKE - 07-09,4173,43,4173,1.0
WAKE - 0710,WAKE - 07-10,6611,106,6611,1.0
WAKE - 0801,WAKE - 08-11,4739,80,10539,0.44966315589714395
WAKE - 0801,WAKE - 08-10,3330,54,10539,0.31596925704526047
WAKE - 0801,WAKE - 08-09,2470,31,10539,0.2343675870575956
WAKE - 0802,WAKE - 08-02,4324,64,4324,1.0
WAKE - 0803,WAKE - 08-03,6700,94,9227,0.7261298363498428
WAKE - 0803,WAKE - 08-07,2527,29,9227,0.27387016365015715
WAKE - 0803,DURHAM - 32,0,4,9227,0.0
WAKE - 0804,WAKE - 08-08,4394,45,6061,0.7249628774129682
WAKE - 0804,WAKE - 08-04,1654,8,6061,0.2728922620029698
WAKE - 0804,WAKE - 02-02,13,1,6061,0.002144860584062036
WAKE - 0804,DURHAM - 32,0,3,6061,0.0
WAKE - 0805,WAKE - 08-05,2149,40,2149,1.0
WAKE - 0806,WAKE - 08-06,3149,31,3149,1.0
WAKE - 0901,WAKE - 09-01,2914,61,2914,1.0
WAKE - 0902,WAKE - 09-02,4769,156,9011,0.5292420375097103
WAKE - 0902,WAKE - 09-03,4242,105,9011,0.47075796249028967
WAKE - 0902,JOHNSTON - PR20,0,2,9011,0.0
WAKE - 1001,WAKE - 10-06,5811,121,11436,0.5081322140608604
WAKE - 1001,WAKE - 10-05,3957,71,11436,0.34601259181532007
WAKE - 1001,WAKE - 10-01,1668,59,11436,0.1458551941238195
WAKE - 1002,WAKE - 10-02,5568,115,9058,0.6147052329432546
WAKE - 1002,WAKE - 10-03,3490,144,9058,0.3852947670567454
WAKE - 1101,WAKE - 11-01,7748,134,7748,1.0
WAKE - 1101,WAKE - 01-31,0,1,7748,0.0
WAKE - 1101,WAKE - 04-05,0,1,7748,0.0
WAKE - 1102,WAKE - 11-02,5802,60,5802,1.0
WAKE - 1201,WAKE - 12-10,5060,90,15749,0.3212902406502
WAKE - 1201,WAKE - 12-13,3791,82,15749,0.2407136961076894
WAKE - 1201,WAKE - 12-11,3711,62,15749,0.23563400850847674
WAKE - 1201,WAKE - 12-12,3187,51,15749,0.2023620547336339
WAKE - 1202,WAKE - 12-02,5780,117,10613,0.5446150946951851
WAKE - 1202,WAKE - 12-06,4769,110,10613,0.44935456515594085
WAKE - 1202,HARNETT - PR28,45,3,10613,0.004240082917177047
WAKE - 1202,HARNETT - PR08,19,4,10613,0.0017902572316969754
WAKE - 1203,WAKE - 12-09,6092,110,11489,0.5302463225694142
WAKE - 1203,WAKE - 12-08,5397,126,11489,0.46975367743058577
WAKE - 1204,WAKE - 12-04,6123,95,9777,0.6262657256827248
WAKE - 1204,WAKE - 12-07,3654,79,9777,0.37373427431727524
WAKE - 1204,JOHNSTON - PR23B,0,1,9777,0.0
WAKE - 1301,WAKE - 13-12,5394,67,7986,0.6754320060105184
WAKE - 1301,WAKE - 13-13,2592,61,7986,0.3245679939894816
WAKE - 1302,WAKE - 13-10,6221,106,18560,0.3351831896551724
WAKE - 1302,WAKE - 13-11,3425,66,18560,0.18453663793103448
WAKE - 1302,WAKE - 13-06,3411,46,18560,0.18378232758620688
WAKE - 1302,WAKE - 13-05,3295,81,18560,0.1775323275862069
WAKE - 1302,WAKE - 13-02,2208,23,18560,0.11896551724137931
WAKE - 1303,WAKE - 13-09,5855,74,13585,0.43099006256900996
WAKE - 1303,WAKE - 13-08,4410,51,13585,0.32462274567537724
WAKE - 1303,WAKE - 13-07,3320,48,13585,0.2443871917556128
WAKE - 1401,WAKE - 14-01,928,35,928,1.0
WAKE - 1402,WAKE - 14-02,7022,84,7022,1.0
WAKE - 1402,GRANVILLE - WILT,0,1,7022,0.0
WAKE - 1501,WAKE - 15-01,5015,50,7617,0.6583956938427202
WAKE - 1501,WAKE - 15-04,2573,43,7617,0.337797032952606
WAKE - 1501,JOHNSTON - PR31B,29,4,7617,0.003807273204673756
WAKE - 1502,WAKE - 15-02,7211,64,12909,0.558602525369897
WAKE - 1502,WAKE - 15-03,5692,49,12909,0.4409326826245255
WAKE - 1502,JOHNSTON - PR23B,6,1,12909,0.00046479200557750407
WAKE - 1601,WAKE - 16-10,5885,65,14403,0.40859543150732486
WAKE - 1601,WAKE - 16-01,4290,128,14403,0.29785461362216203
WAKE - 1601,WAKE - 16-11,4228,121,14403,0.2935499548705131
WAKE - 1601,JOHNSTON - PR11B,0,2,14403,0.0
WAKE - 1602,WAKE - 16-02,6465,139,6465,1.0
WAKE - 1602,WAKE - 16-03,0,1,6465,0.0
WAKE - 1602,WAKE - 16-05,0,1,6465,0.0
WAKE - 1602,WAKE - 16-06,0,1,6465,0.0
WAKE - 1602,WAKE - 16-11,0,1,6465,0.0
WAKE - 1603,WAKE - 16-03,2141,39,2141,1.0
WAKE - 1604,WAKE - 16-09,5178,105,8234,0.6288559630799125
WAKE - 1604,WAKE - 16-04,3056,40,8234,0.37114403692008746
WAKE - 1605,WAKE - 16-05,3471,79,3471,1.0
WAKE - 1605,WAKE - 16-03,0,1,3471,0.0
WAKE - 1606,WAKE - 16-06,2146,45,2146,1.0
WAKE - 1607,WAKE - 16-07,3597,66,3597,1.0
WAKE - 1701,WAKE - 17-01,4174,62,6137,0.6801368746944761
WAKE - 1701,WAKE - 17-10,1963,28,6137,0.31986312530552385
WAKE - 1702,WAKE - 17-13,6354,109,12954,0.4905048633626679
WAKE - 1702,WAKE - 17-12,4255,59,12954,0.32846997066543154
WAKE - 1702,WAKE - 17-02,2345,86,12954,0.18102516597190058
WAKE - 1703,WAKE - 17-03,7696,94,7696,1.0
WAKE - 1704,WAKE - 17-15,3223,46,8993,0.3583898587790504
WAKE - 1704,WAKE - 17-17,2893,47,8993,0.32169465139552983
WAKE - 1704,WAKE - 17-16,2877,75,8993,0.3199154898254198
WAKE - 1705,WAKE - 17-11,6367,88,11439,0.5566045983040475
WAKE - 1705,WAKE - 17-05,5072,72,11439,0.44339540169595243
WAKE - 1706,WAKE - 17-06,3330,56,3330,1.0
WAKE - 1707,WAKE - 17-07,5353,98,10412,0.5141183250096043
WAKE - 1707,WAKE - 17-09,5059,81,10412,0.4858816749903957
WAKE - 1801,WAKE - 18-01,7537,85,7537,1.0
WAKE - 1802,WAKE - 18-02,4935,71,8780,0.5620728929384966
WAKE - 1802,WAKE - 18-07,3845,54,8780,0.4379271070615034
WAKE - 1803,WAKE - 18-08,5615,99,8117,0.6917580386842429
WAKE - 1803,WAKE - 18-03,2502,20,8117,0.30824196131575704
WAKE - 1803,WAKE - 01-32,0,1,8117,0.0
WAKE - 1803,WAKE - 04-03,0,1,8117,0.0
WAKE - 1804,WAKE - 18-04,5225,66,5225,1.0
WAKE - 1804,WAKE - 16-05,0,2,5225,0.0
WAKE - 1805,WAKE - 18-05,5039,91,5039,1.0
WAKE - 1806,WAKE - 18-06,5423,79,5423,1.0
WAKE - 1901,WAKE - 19-09,5424,120,16074,0.3374393430384472
WAKE - 1901,WAKE - 19-24,4066,65,16074,0.25295508274231676
WAKE - 1901,WAKE - 19-18,3657,57,16074,0.22751026502426278
WAKE - 1901,WAKE - 19-25,2927,52,16074,0.18209530919497324
WAKE - 1902,WAKE - 19-23,4939,126,22271,0.2217682187598222
WAKE - 1902,WAKE - 19-11,4153,67,22271,0.1864756858695164
WAKE - 1902,WAKE - 19-14,3567,50,22271,0.160163441246464
WAKE - 1902,WAKE - 19-15,3412,76,22271,0.15320371783934264
WAKE - 1902,WAKE - 19-22,3325,72,22271,0.14929729244308743
WAKE - 1902,WAKE - 19-13,2875,55,22271,0.12909164384176733
WAKE - 1902,WAKE - 19-03,0,1,22271,0.0
WAKE - 1902,WAKE - 19-05,0,3,22271,0.0
WAKE - 1903,WAKE - 19-07,4972,117,8792,0.5655141037306642
WAKE - 1903,WAKE - 19-03,3820,99,8792,0.43448589626933576
WAKE - 1903,FRANKLIN - 18,0,3,8792,0.0
WAKE - 1903,FRANKLIN - 19,0,1,8792,0.0
WAKE - 1904,WAKE - 19-17,6320,83,18985,0.332894390308138
WAKE - 1904,WAKE - 19-21,5705,82,18985,0.30050039504872267
WAKE - 1904,WAKE - 19-20,3612,55,18985,0.1902554648406637
WAKE - 1904,WAKE - 19-16,3348,58,18985,0.17634974980247564
WAKE - 1905,WAKE - 19-05,3442,77,3442,1.0
WAKE - 2001,WAKE - 20-08,5631,91,10809,0.520954759922287
WAKE - 2001,WAKE - 20-01,5178,124,10809,0.47904524007771304
WAKE - 2002,WAKE - 20-15,7233,144,26698,0.27091916997527904
WAKE - 2002,WAKE - 20-19,6195,95,26698,0.2320398531725223
WAKE - 2002,WAKE - 20-17,5752,123,26698,0.21544684995130722
WAKE - 2002,WAKE - 20-18,3944,87,26698,0.14772642145479062
WAKE - 2002,WAKE - 20-20,3574,106,26698,0.13386770544610083
WAKE - 2003,WAKE - 20-03,4781,97,7629,0.626687639271202
WAKE - 2003,WAKE - 20-09,2848,55,7629,0.37331236072879803
WAKE - 2004,WAKE - 20-04,4252,66,7935,0.5358538122243226
WAKE - 2004,WAKE - 20-10,3683,27,7935,0.4641461877756774
WAKE - 2005,WAKE - 20-05,4404,49,4404,1.0
WAKE - 2005,WAKE - 20-09,0,1,4404,0.0
WAKE - 2006,WAKE - 20-12,7001,188,22863,0.30621528233390194
WAKE - 2006,WAKE - 20-06A,6204,128,22863,0.2713554651620522
WAKE - 2006,WAKE - 20-11,5922,103,22863,0.2590211258365044
WAKE - 2006,WAKE - 20-06B,3736,50,22863,0.16340812666754145
WAKE - 2006,WAKE - 03-02,0,2,22863,0.0
WAKE - 2006,WAKE - 20-08,0,2,22863,0.0
WARREN - 1,WARREN - 001,1127,57,1127,1.0
WARREN - 10,WARREN - 010,1918,63,1918,1.0
WARREN - 11,WARREN - 011,351,24,351,1.0
WARREN - 12,WARREN - 012,1046,49,1046,1.0
WARREN - 13,WARREN - 013,717,53,717,1.0
WARREN - 14,WARREN - 014,1354,58,1354,1.0
WARREN - 2,WARREN - 002,1006,68,1006,1.0
WARREN - 3,WARREN - 003,989,68,989,1.0
WARREN - 4,WARREN - 004,841,42,841,1.0
WARREN - 5,WARREN - 005,1891,78,1891,1.0
WARREN - 6,WARREN - 006,1310,45,1310,1.0
WARREN - 7,WARREN - 007,888,20,888,1.0
WARREN - 8,WARREN - 008,1213,51,1213,1.0
WARREN - 9,WARREN - 009,578,38,578,1.0
WASHINGTON - LM,WASHINGTON - LM,1891,147,1891,1.0
WASHINGTON - P1,WASHINGTON - P1,1325,65,1325,1.0
WASHINGTON - P2,WASHINGTON - P2,1013,68,1013,1.0
WASHINGTON - P3,WASHINGTON - P3,2538,81,2538,1.0
WASHINGTON - P3,WASHINGTON - LM,0,1,2538,0.0
WASHINGTON - P3,WASHINGTON - P2,0,1,2538,0.0
WASHINGTON - SC,WASHINGTON - SC,1197,102,1197,1.0
WASHINGTON - SC,TYRRELL - 16,0,2,1197,0.0
WASHINGTON - SC,WASHINGTON - SK,0,1,1197,0.0
WASHINGTON - SK,WASHINGTON - SK,886,96,886,1.0
WATAUGA - 1,WATAUGA - 01,542,48,551,0.9836660617059891
WATAUGA - 1,ASHE - 04,9,1,551,0.016333938294010888
WATAUGA - 1,WATAUGA - 11,0,2,551,0.0
WATAUGA - 1,WATAUGA - 14,0,1,551,0.0
WATAUGA - 1,WATAUGA - 16,0,1,551,0.0
WATAUGA - 10,WATAUGA - 10,1165,72,1169,0.9965782720273738
WATAUGA - 10,WATAUGA - 20,4,2,1169,0.003421727972626176
WATAUGA - 10,AVERY - 03,0,3,1169,0.0
WATAUGA - 11,WATAUGA - 11,2468,98,2468,1.0
WATAUGA - 11,WATAUGA - 08,0,1,2468,0.0
WATAUGA - 12,WATAUGA - 12,3433,14,3533,0.9716954429663176
WATAUGA - 12,WATAUGA - 07,92,1,3533,0.02604019247098783
WATAUGA - 12,WATAUGA - 06,8,1,3533,0.0022643645626945937
WATAUGA - 13,WATAUGA - 13,3897,58,3942,0.9885844748858448
WATAUGA - 13,WATAUGA - 12,38,1,3942,0.009639776763064434
WATAUGA - 13,WATAUGA - 04,7,1,3942,0.0017757483510908167
WATAUGA - 13,WATAUGA - 03,0,2,3942,0.0
WATAUGA - 14,WATAUGA - 14,3376,103,3376,1.0
WATAUGA - 14,WATAUGA - 07,0,1,3376,0.0
WATAUGA - 15,WATAUGA - 15,3949,113,3949,1.0
WATAUGA - 15,WATAUGA - 04,0,4,3949,0.0
WATAUGA - 16,WATAUGA - 16,155,16,155,1.0
WATAUGA - 17,WATAUGA - 17,688,43,696,0.9885057471264368
WATAUGA - 17,WATAUGA - 19,6,5,696,0.008620689655172414
WATAUGA - 17,AVERY - 02,2,1,696,0.0028735632183908046
WATAUGA - 17,WATAUGA - 10,0,1,696,0.0
WATAUGA - 18,WATAUGA - 18,1880,99,1941,0.9685729005667182
WATAUGA - 18,WATAUGA - 09,47,2,1941,0.024214322514167955
WATAUGA - 18,WATAUGA - 15,14,2,1941,0.0072127769191138585
WATAUGA - 18,WATAUGA - 01,0,1,1941,0.0
WATAUGA - 19,WATAUGA - 19,3263,188,3300,0.9887878787878788
WATAUGA - 19,WATAUGA - 07,37,5,3300,0.011212121212121211
WATAUGA - 19,WATAUGA - 17,0,1,3300,0.0
WATAUGA - 2,WATAUGA - 02,1089,63,1096,0.9936131386861314
WATAUGA - 2,WATAUGA - 08,7,4,1096,0.006386861313868613
WATAUGA - 2,WATAUGA - 10,0,2,1096,0.0
WATAUGA - 20,WATAUGA - 20,549,76,549,1.0
WATAUGA - 20,WATAUGA - 10,0,1,549,0.0
WATAUGA - 3,WATAUGA - 03,2531,191,2534,0.9988161010260458
WATAUGA - 3,WATAUGA - 04,3,3,2534,0.0011838989739542227
WATAUGA - 3,WATAUGA - 19,0,1,2534,0.0
WATAUGA - 4,WATAUGA - 04,3601,103,3606,0.9986134220743206
WATAUGA - 4,WATAUGA - 15,5,1,3606,0.0013865779256794233
WATAUGA - 4,WATAUGA - 03,0,1,3606,0.0
WATAUGA - 4,WATAUGA - 09,0,1,3606,0.0
WATAUGA - 5,WATAUGA - 05,1654,32,1668,0.9916067146282974
WATAUGA - 5,WATAUGA - 14,11,1,1668,0.006594724220623501
WATAUGA - 5,WATAUGA - 07,3,1,1668,0.0017985611510791368
WATAUGA - 6,WATAUGA - 06,5034,28,5034,1.0
WATAUGA - 7,WATAUGA - 07,3997,99,4033,0.9910736424497892
WATAUGA - 7,WATAUGA - 05,35,2,4033,0.008678403173816018
WATAUGA - 7,WATAUGA - 14,1,3,4033,0.0002479543763947434
WATAUGA - 8,WATAUGA - 08,2371,95,2384,0.9945469798657718
WATAUGA - 8,WATAUGA - 07,10,1,2384,0.0041946308724832215
WATAUGA - 8,WATAUGA - 02,3,4,2384,0.0012583892617449664
WATAUGA - 9,WATAUGA - 09,571,39,571,1.0
WATAUGA - 9,WATAUGA - 04,0,1,571,0.0
WAYNE - 1,WAYNE - 01,2800,188,2800,1.0
WAYNE - 10,WAYNE - 10,2349,164,2349,1.0
WAYNE - 11,WAYNE - 11,2880,90,2880,1.0
WAYNE - 12,WAYNE - 12,3907,82,3907,1.0
WAYNE - 13,WAYNE - 13,2184,76,2184,1.0
WAYNE - 14,WAYNE - 14,3392,91,3392,1.0
WAYNE - 15,WAYNE - 15,4281,148,4281,1.0
WAYNE - 16,WAYNE - 16,2893,87,2893,1.0
WAYNE - 17,WAYNE - 17,1967,163,1967,1.0
WAYNE - 18,WAYNE - 18,1929,98,1929,1.0
WAYNE - 19,WAYNE - 1920,1758,75,1758,1.0
WAYNE - 2,WAYNE - 02,4030,100,4030,1.0
WAYNE - 20,WAYNE - 1920,1678,55,1678,1.0
WAYNE - 21,WAYNE - 21,1878,84,1878,1.0
WAYNE - 22,WAYNE - 22,2131,52,2131,1.0
WAYNE - 23,WAYNE - 23,2904,105,2904,1.0
WAYNE - 24,WAYNE - 24,2986,87,2986,1.0
WAYNE - 24,JOHNSTON - PR04,0,2,2986,0.0
WAYNE - 25,WAYNE - 2530,2677,150,2677,1.0
WAYNE - 25,DUPLIN - CALY,0,1,2677,0.0
WAYNE - 26,WAYNE - 26,3085,89,3085,1.0
WAYNE - 27,WAYNE - 27,2055,54,2055,1.0
WAYNE - 27,WAYNE - 16,0,4,2055,0.0
WAYNE - 28,WAYNE - 28,4866,106,4866,1.0
WAYNE - 29,WAYNE - 29,2004,87,2004,1.0
WAYNE - 3,WAYNE - 03,3622,75,3622,1.0
WAYNE - 30,WAYNE - 2530,1947,123,1947,1.0
WAYNE - 30,WAYNE - 28,0,1,1947,0.0
WAYNE - 4,WAYNE - 04,4984,147,4984,1.0
WAYNE - 5,WAYNE - 05,3712,86,3720,0.9978494623655914
WAYNE - 5,WAYNE - 04,8,4,3720,0.002150537634408602
WAYNE - 6,WAYNE - 06,2852,56,2852,1.0
WAYNE - 7,WAYNE - 07,5127,86,5127,1.0
WAYNE - 8,WAYNE - 08,3336,77,3507,0.951240376390077
WAYNE - 8,WAYNE - 03,171,1,3507,0.04875962360992301
WAYNE - 8,WAYNE - 09,0,1,3507,0.0
WAYNE - 9,WAYNE - 09,4069,107,4069,1.0
WILKES - 1,WILKES - 101,799,68,799,1.0
WILKES - 1,WILKES - 122,0,1,799,0.0
WILKES - 10,WILKES - 113A,489,49,505,0.9683168316831683
WILKES - 10,WATAUGA - 18,13,3,505,0.02574257425742574
WILKES - 10,ASHE - 13,3,1,505,0.005940594059405941
WILKES - 10,ASHE - 16,0,4,505,0.0
WILKES - 11,WILKES - 111,2169,58,2169,1.0
WILKES - 12,WILKES - 112,2407,90,2407,1.0
WILKES - 12,WILKES - 129,0,1,2407,0.0
WILKES - 14,WILKES - 114,797,52,797,1.0
WILKES - 14,WILKES - 125,0,2,797,0.0
WILKES - 14,WILKES - 126,0,1,797,0.0
WILKES - 15,WILKES - 115A,1392,33,1392,1.0
WILKES - 16,WILKES - 115A,2827,48,2882,0.9809160305343512
WILKES - 16,WILKES - 120A,55,1,2882,0.019083969465648856
WILKES - 17,WILKES - 117,1335,70,1358,0.9830633284241531
WILKES - 17,WILKES - 122,23,1,1358,0.016936671575846832
WILKES - 18,WILKES - 118,3265,206,3265,1.0
WILKES - 19,WILKES - 119,4695,100,4695,1.0
WILKES - 2,WILKES - 102,1765,74,1765,1.0
WILKES - 2,WILKES - 109,0,1,1765,0.0
WILKES - 20,WILKES - 120A,2051,29,2059,0.9961146187469645
WILKES - 20,WILKES - 108,8,1,2059,0.003885381253035454
WILKES - 21,WILKES - 120A,2491,39,2491,1.0
WILKES - 22,WILKES - 122,790,62,790,1.0
WILKES - 23,WILKES - 123A,946,65,951,0.9947423764458465
WILKES - 23,WILKES - 126,5,2,951,0.005257623554153523
WILKES - 24,WILKES - 123A,1498,58,1552,0.9652061855670103
WILKES - 24,SURRY - 01,54,10,1552,0.03479381443298969
WILKES - 25,WILKES - 125,875,62,877,0.9977194982896237
WILKES - 25,WILKES - 114,2,1,877,0.002280501710376283
WILKES - 26,WILKES - 126,892,79,892,1.0
WILKES - 26,WILKES - 114,0,1,892,0.0
WILKES - 27,WILKES - 127,2794,130,2796,0.9992846924177397
WILKES - 27,WILKES - 129,2,2,2796,0.000715307582260372
WILKES - 28,WILKES - 128,3068,125,3079,0.9964274114972393
WILKES - 28,WILKES - 122,9,1,3079,0.002923026956804157
WILKES - 28,WILKES - 103,2,2,3079,0.0006495615459564793
WILKES - 29,WILKES - 129,2195,78,2204,0.9959165154264973
WILKES - 29,WILKES - 112,9,1,2204,0.004083484573502722
WILKES - 29,WILKES - 127,0,3,2204,0.0
WILKES - 3,WILKES - 103,532,32,532,1.0
WILKES - 4,WILKES - 104,2309,52,2309,1.0
WILKES - 5,WILKES - 105,1386,69,1386,1.0
WILKES - 6,WILKES - 106,1037,55,1037,1.0
WILKES - 7,WILKES - 107,3012,111,3040,0.9907894736842106
WILKES - 7,SURRY - 01,28,5,3040,0.009210526315789473
WILKES - 8,WILKES - 108,1953,79,1953,1.0
WILKES - 8,WILKES - 118,0,1,1953,0.0
WILKES - 8,WILKES - 120A,0,1,1953,0.0
WILKES - MPFCRU,WILKES - 113A,1815,144,2768,0.6557080924855492
WILKES - MPFCRU,WILKES - 109,908,64,2768,0.32803468208092484
WILKES - MPFCRU,WATAUGA - 18,33,2,2768,0.011921965317919074
WILKES - MPFCRU,CALDWELL - 12,8,2,2768,0.002890173410404624
WILKES - MPFCRU,WILKES - 102,4,4,2768,0.001445086705202312
WILSON - BL,WILSON - PRBL,2988,186,2988,1.0
WILSON - BL,WAYNE - 01,0,1,2988,0.0
WILSON - BL,WAYNE - 02,0,1,2988,0.0
WILSON - CR,WILSON - PRCR,2814,137,2814,1.0
WILSON - CR,WILSON - PRSP,0,1,2814,0.0
WILSON - GA,WILSON - PRGA,2779,67,2779,1.0
WILSON - OL,WILSON - PROL,4359,229,4374,0.9965706447187929
WILSON - OL,WILSON - PRTA,15,4,4374,0.003429355281207133
WILSON - OL,JOHNSTON - PR20,0,1,4374,0.0
WILSON - OL,NASH - P01A,0,2,4374,0.0
WILSON - SA,WILSON - PRSA,1142,78,1147,0.995640802092415
WILSON - SA,EDGECOMBE - 0901,5,1,1147,0.004359197907585004
WILSON - SP,WILSON - PRSP,2433,96,2433,1.0
WILSON - SP,JOHNSTON - PR20,0,2,2433,0.0
WILSON - ST,WILSON - PRST,1623,98,1633,0.9938763012859767
WILSON - ST,GREENE - BULL,10,1,1633,0.00612369871402327
WILSON - ST,WAYNE - 02,0,3,1633,0.0
WILSON - TA,WILSON - PRTA,7211,136,7211,1.0
WILSON - TA,WILSON - PROL,0,1,7211,0.0
WILSON - TO,WILSON - PRTO,4118,230,4118,1.0
WILSON - WA,WILSON - PRWA,1317,56,1317,1.0
WILSON - WB,WILSON - PRWB,1522,101,1522,1.0
WILSON - WC,WILSON - PRWC,1860,52,1860,1.0
WILSON - WD,WILSON - PRWD,1715,65,1715,1.0
WILSON - WE,WILSON - PRWE,1707,63,1707,1.0
WILSON - WF,WILSON - PRWR,1652,107,1652,1.0
WILSON - WF,WILSON - PRTO,0,1,1652,0.0
WILSON - WF,WILSON - PRWN,0,4,1652,0.0
WILSON - WG,WILSON - PRWR,588,30,588,1.0
WILSON - WG,WILSON - PRWQ,0,1,588,0.0
WILSON - WH,WILSON - PRWH,1035,85,1035,1.0
WILSON - WH,WILSON - PRWQ,0,1,1035,0.0
WILSON - WI,WILSON - PRWI,2303,92,2303,1.0
WILSON - WJ,WILSON - PRWJ,4154,96,4154,1.0
WILSON - WK,WILSON - PRWK,1513,37,1513,1.0
WILSON - WL,WILSON - PRWL,2552,47,2552,1.0
WILSON - WM,WILSON - PRWM,4518,97,4518,1.0
WILSON - WN,WILSON - PRWN,2697,66,2697,1.0
WILSON - WP,WILSON - PRWP,1671,31,1721,0.9709471237652527
WILSON - WP,WILSON - PRWL,50,1,1721,0.02905287623474724
WILSON - WQ,WILSON - PRWQ,718,50,718,1.0
YADKIN - BNVL,YADKIN - BNVL,3270,125,3270,1.0
YADKIN - DCRK,YADKIN - DCRK,2409,70,2409,1.0
YADKIN - DCRK,IREDELL - EM,0,1,2409,0.0
YADKIN - EBND,YADKIN - EBND,2641,70,2641,1.0
YADKIN - EBND,FORSYTH - 091,0,2,2641,0.0
YADKIN - FBSH,YADKIN - FBSH,3294,65,3294,1.0
YADKIN - FBSH,FORSYTH - 075,0,2,3294,0.0
YADKIN - FBSH,FORSYTH - 134,0,1,3294,0.0
YADKIN - NBCK,YADKIN - NBCK,1632,80,1632,1.0
YADKIN - NFAL,YADKIN - NFAL,1200,41,1200,1.0
YADKIN - NKNB,YADKIN - NKNB,3510,149,3510,1.0
YADKIN - NLIB,YADKIN - NLIB,4832,141,4832,1.0
YADKIN - SBCK,YADKIN - SBCK,1026,57,1026,1.0
YADKIN - SFAL,YADKIN - SFAL,1976,41,1976,1.0
YADKIN - SKNB,YADKIN - SKNB,1352,50,1352,1.0
YADKIN - SLIB,YADKIN - SLIB,2338,51,2338,1.0
YANCEY - 1,YANCEY - 01 BUR,3685,119,3685,1.0
YANCEY - 1,YANCEY - 08 CRA,0,1,3685,0.0
YANCEY - 10,YANCEY - 10 PEN,532,36,532,1.0
YANCEY - 10,BUNCOMBE - 50.1,0,1,532,0.0
YANCEY - 10,YANCEY - 09 SOU,0,2,532,0.0
YANCEY - 11,YANCEY - 11 PRI,1225,62,1316,0.9308510638297872
YANCEY - 11,YANCEY - 02 CAN,91,4,1316,0.06914893617021277
YANCEY - 2,YANCEY - 02 CAN,1435,37,1435,1.0
YANCEY - 3,YANCEY - 03 EGY,640,48,640,1.0
YANCEY - 3,YANCEY - 02 CAN,0,1,640,0.0
YANCEY - 4,YANCEY - 04 RAM,385,36,385,1.0
YANCEY - 5,YANCEY - 05 GRE,491,16,491,1.0
YANCEY - 6,YANCEY - 06 JAC,1531,39,1533,0.9986953685583823
YANCEY - 6,YANCEY - 01 BUR,2,2,1533,0.001304631441617743
YANCEY - 7,YANCEY - 07 BRU,472,21,474,0.9957805907172996
YANCEY - 7,YANCEY - 05 GRE,2,1,474,0.004219409282700422
YANCEY - 7,YANCEY - 08 CRA,0,1,474,0.0
YANCEY - 8,YANCEY - 08 CRA,2689,74,2689,1.0
YANCEY - 8,YANCEY - 01 BUR,0,1,2689,0.0
YANCEY - 9,YANCEY - 09 SOU,1925,81,1925,1.0
YANCEY - 9,YANCEY - 10 PEN,0,2,1925,0.0
