precinct_key,district,district_geoid,district_name,intersect_area_m2,precinct_area_m2,area_weight,district_num,district_code,district_label,district_type,target_year,plan_id,plan_label,block_count,precinct_block_total,vap_count,precinct_vap_total,weight_source
ALAMANCE - 01,64,37064,State House District 64,,,1.0,64,064,HD-064,state_house,2024,sl_2023_149,SL 2023-149 House Lines (block-weighted December 2025 precinct basis),98,98,4066,4066,vap
ALAMANCE - 02,63,37063,State House District 63,,,1.0,63,063,HD-063,state_house,2024,sl_2023_149,SL 2023-149 House Lines (block-weighted December 2025 precinct basis),136,136,3766,3766,vap
ALAMANCE - 035,63,37063,State House District 63,,,1.0,63,063,HD-063,state_house,2024,sl_2023_149,SL 2023-149 House Lines (block-weighted December 2025 precinct basis),138,138,7042,7042,vap
ALAMANCE - 03C,63,37063,State House District 63,,,1.0,63,063,HD-063,state_house,2024,sl_2023_149,SL 2023-149 House Lines (block-weighted December 2025 precinct basis),76,76,2246,2246,vap
ALAMANCE - 03N,63,37063,State House District 63,,,1.0,63,063,HD-063,state_house,2024,sl_2023_149,SL 2023-149 House Lines (block-weighted December 2025 precinct basis),94,94,5006,5006,vap
ALAMANCE - 03N2,63,37063,State House District 63,,,1.0,63,063,HD-063,state_house,2024,sl_2023_149,SL 2023-149 House Lines (block-weighted December 2025 precinct basis),12,12,791,791,vap
ALAMANCE - 03SE,63,37063,State House District 63,,,1.0,63,063,HD-063,state_house,2024,sl_2023_149,SL 2023-149 House Lines (block-weighted December 2025 precinct basis),122,122,4636,4636,vap
ALAMANCE - 03SM,63,37063,State House District 63,,,1.0,63,063,HD-063,state_house,2024,sl_2023_149,SL 2023-149 House Lines (block-weighted December 2025 precinct basis),70,70,3524,3524,vap
ALAMANCE - 03W,63,37063,State House District 63,,,1.0,63,063,HD-063,state_house,2024,sl_2023_149,SL 2023-149 House Lines (block-weighted December 2025 precinct basis),80,80,3111,3111,vap
ALAMANCE - 04,63,37063,State House District 63,,,1.0,63,063,HD-063,state_house,2024,sl_2023_149,SL 2023-149 House Lines (block-weighted December 2025 precinct basis),129,129,4307,4307,vap
ALAMANCE - 05,63,37063,State House District 63,,,1.0,63,063,HD-063,state_house,2024,sl_2023_149,SL 2023-149 House Lines (block-weighted December 2025 precinct basis),102,102,2756,2756,vap
ALAMANCE - 063,64,37064,State House District 64,,,1.0,64,064,HD-064,state_house,2024,sl_2023_149,SL 2023-149 House Lines (block-weighted December 2025 precinct basis),81,81,3574,3574,vap
ALAMANCE - 064,64,37064,State House District 64,,,1.0,64,064,HD-064,state_house,2024,sl_2023_149,SL 2023-149 House Lines (block-weighted December 2025 precinct basis),103,103,4952,4952,vap
ALAMANCE - 06E,64,37064,State House District 64,,,1.0,64,064,HD-064,state_house,2024,sl_2023_149,SL 2023-149 House Lines (block-weighted December 2025 precinct basis),91,91,3183,3183,vap
ALAMANCE - 06N,64,37064,State House District 64,,,1.0,64,064,HD-064,state_house,2024,sl_2023_149,SL 2023-149 House Lines (block-weighted December 2025 precinct basis),119,119,3587,3587,vap
ALAMANCE - 06S,64,37064,State House District 64,,,1.0,64,064,HD-064,state_house,2024,sl_2023_149,SL 2023-149 House Lines (block-weighted December 2025 precinct basis),107,107,3986,3986,vap
ALAMANCE - 06W,64,37064,State House District 64,,,1.0,64,064,HD-064,state_house,2024,sl_2023_149,SL 2023-149 House Lines (block-weighted December 2025 precinct basis),36,36,1573,1573,vap
ALAMANCE - 07,64,37064,State House District 64,,,1.0,64,064,HD-064,state_house,2024,sl_2023_149,SL 2023-149 House Lines (block-weighted December 2025 precinct basis),68,68,3475,3475,vap
ALAMANCE - 08N,64,37064,State House District 64,,,1.0,64,064,HD-064,state_house,2024,sl_2023_149,SL 2023-149 House Lines (block-weighted December 2025 precinct basis),59,59,3284,3284,vap
ALAMANCE - 08S,64,37064,State House District 64,,,1.0,64,064,HD-064,state_house,2024,sl_2023_149,SL 2023-149 House Lines (block-weighted December 2025 precinct basis),64,64,1647,1647,vap
ALAMANCE - 09N,64,37064,State House District 64,,,1.0,64,064,HD-064,state_house,2024,sl_2023_149,SL 2023-149 House Lines (block-weighted December 2025 precinct basis),73,73,2596,2596,vap
ALAMANCE - 09S,64,37064,State House District 64,,,1.0,64,064,HD-064,state_house,2024,sl_2023_149,SL 2023-149 House Lines (block-weighted December 2025 precinct basis),109,109,5208,5208,vap
ALAMANCE - 103,64,37064,State House District 64,,,1.0,64,064,HD-064,state_house,2024,sl_2023_149,SL 2023-149 House Lines (block-weighted December 2025 precinct basis),95,95,3556,3556,vap
ALAMANCE - 104,64,37064,State House District 64,,,1.0,64,064,HD-064,state_house,2024,sl_2023_149,SL 2023-149 House Lines (block-weighted December 2025 precinct basis),83,83,2542,2542,vap
ALAMANCE - 10N,64,37064,State House District 64,,,1.0,64,064,HD-064,state_house,2024,sl_2023_149,SL 2023-149 House Lines (block-weighted December 2025 precinct basis),133,133,3779,3779,vap
ALAMANCE - 10S1,64,37064,State House District 64,,,1.0,64,064,HD-064,state_house,2024,sl_2023_149,SL 2023-149 House Lines (block-weighted December 2025 precinct basis),121,121,6835,6835,vap
ALAMANCE - 11,63,37063,State House District 63,,,1.0,63,063,HD-063,state_house,2024,sl_2023_149,SL 2023-149 House Lines (block-weighted December 2025 precinct basis),75,75,3743,3743,vap
ALAMANCE - 1210,63,37063,State House District 63,,,1.0,63,063,HD-063,state_house,2024,sl_2023_149,SL 2023-149 House Lines (block-weighted December 2025 precinct basis),38,38,2413,2413,vap
ALAMANCE - 124,63,37063,State House District 63,,,1.0,63,063,HD-063,state_house,2024,sl_2023_149,SL 2023-149 House Lines (block-weighted December 2025 precinct basis),61,61,1991,1991,vap
ALAMANCE - 125,63,37063,State House District 63,,,1.0,63,063,HD-063,state_house,2024,sl_2023_149,SL 2023-149 House Lines (block-weighted December 2025 precinct basis),61,61,2415,2415,vap
ALAMANCE - 126,63,37063,State House District 63,,,1.0,63,063,HD-063,state_house,2024,sl_2023_149,SL 2023-149 House Lines (block-weighted December 2025 precinct basis),38,38,1682,1682,vap
ALAMANCE - 127,63,37063,State House District 63,,,1.0,63,063,HD-063,state_house,2024,sl_2023_149,SL 2023-149 House Lines (block-weighted December 2025 precinct basis),144,144,5610,5610,vap
ALAMANCE - 128,63,37063,State House District 63,,,1.0,63,063,HD-063,state_house,2024,sl_2023_149,SL 2023-149 House Lines (block-weighted December 2025 precinct basis),84,84,2815,2815,vap
ALAMANCE - 129,63,37063,State House District 63,,,1.0,63,063,HD-063,state_house,2024,sl_2023_149,SL 2023-149 House Lines (block-weighted December 2025 precinct basis),75,75,1932,1932,vap
ALAMANCE - 12E,64,37064,State House District 64,,,1.0,64,064,HD-064,state_house,2024,sl_2023_149,SL 2023-149 House Lines (block-weighted December 2025 precinct basis),98,98,2632,2632,vap
ALAMANCE - 12N,63,37063,State House District 63,,,1.0,63,063,HD-063,state_house,2024,sl_2023_149,SL 2023-149 House Lines (block-weighted December 2025 precinct basis),127,127,4789,4789,vap
ALAMANCE - 12S,64,37064,State House District 64,,,1.0,64,064,HD-064,state_house,2024,sl_2023_149,SL 2023-149 House Lines (block-weighted December 2025 precinct basis),68,68,1956,1956,vap
ALAMANCE - 12W,63,37063,State House District 63,,,1.0,63,063,HD-063,state_house,2024,sl_2023_149,SL 2023-149 House Lines (block-weighted December 2025 precinct basis),98,98,2289,2289,vap
ALAMANCE - 13,64,37064,State House District 64,,,1.0,64,064,HD-064,state_house,2024,sl_2023_149,SL 2023-149 House Lines (block-weighted December 2025 precinct basis),228,228,4674,4674,vap
ALEXANDER - B1,94,37094,State House District 94,,,1.0,94,094,HD-094,state_house,2024,sl_2023_149,SL 2023-149 House Lines (block-weighted December 2025 precinct basis),73,73,3088,3088,vap
ALEXANDER - B2,94,37094,State House District 94,,,1.0,94,094,HD-094,state_house,2024,sl_2023_149,SL 2023-149 House Lines (block-weighted December 2025 precinct basis),63,63,3594,3594,vap
ALEXANDER - E,94,37094,State House District 94,,,1.0,94,094,HD-094,state_house,2024,sl_2023_149,SL 2023-149 House Lines (block-weighted December 2025 precinct basis),87,87,2563,2563,vap
ALEXANDER - G1G2,94,37094,State House District 94,,,1.0,94,094,HD-094,state_house,2024,sl_2023_149,SL 2023-149 House Lines (block-weighted December 2025 precinct basis),114,114,1696,1696,vap
ALEXANDER - LRSL,94,37094,State House District 94,,,1.0,94,094,HD-094,state_house,2024,sl_2023_149,SL 2023-149 House Lines (block-weighted December 2025 precinct basis),91,91,2066,2066,vap
ALEXANDER - M,94,37094,State House District 94,,,1.0,94,094,HD-094,state_house,2024,sl_2023_149,SL 2023-149 House Lines (block-weighted December 2025 precinct basis),43,43,2039,2039,vap
ALEXANDER - S1S2,94,37094,State House District 94,,,1.0,94,094,HD-094,state_house,2024,sl_2023_149,SL 2023-149 House Lines (block-weighted December 2025 precinct basis),124,124,3320,3320,vap
ALEXANDER - T1T4T5,94,37094,State House District 94,,,1.0,94,094,HD-094,state_house,2024,sl_2023_149,SL 2023-149 House Lines (block-weighted December 2025 precinct basis),149,149,5857,5857,vap
ALEXANDER - T2T3,94,37094,State House District 94,,,1.0,94,094,HD-094,state_house,2024,sl_2023_149,SL 2023-149 House Lines (block-weighted December 2025 precinct basis),143,143,3215,3215,vap
ALEXANDER - W,94,37094,State House District 94,,,1.0,94,094,HD-094,state_house,2024,sl_2023_149,SL 2023-149 House Lines (block-weighted December 2025 precinct basis),32,32,1835,1835,vap
ALLEGHANY - 01,93,37093,State House District 93,,,1.0,93,093,HD-093,state_house,2024,sl_2023_149,SL 2023-149 House Lines (block-weighted December 2025 precinct basis),118,118,1304,1304,vap
ALLEGHANY - 03A,93,37093,State House District 93,,,1.0,93,093,HD-093,state_house,2024,sl_2023_149,SL 2023-149 House Lines (block-weighted December 2025 precinct basis),259,259,4239,4239,vap
ALLEGHANY - 04,93,37093,State House District 93,,,1.0,93,093,HD-093,state_house,2024,sl_2023_149,SL 2023-149 House Lines (block-weighted December 2025 precinct basis),98,98,1621,1621,vap
ALLEGHANY - 06A,93,37093,State House District 93,,,1.0,93,093,HD-093,state_house,2024,sl_2023_149,SL 2023-149 House Lines (block-weighted December 2025 precinct basis),228,228,1778,1778,vap
ANSON - ANS,55,37055,State House District 55,,,1.0,55,055,HD-055,state_house,2024,sl_2023_149,SL 2023-149 House Lines (block-weighted December 2025 precinct basis),142,142,1109,1109,vap
ANSON - BURN,55,37055,State House District 55,,,1.0,55,055,HD-055,state_house,2024,sl_2023_149,SL 2023-149 House Lines (block-weighted December 2025 precinct basis),99,99,1383,1383,vap
ANSON - GULL,55,37055,State House District 55,,,1.0,55,055,HD-055,state_house,2024,sl_2023_149,SL 2023-149 House Lines (block-weighted December 2025 precinct basis),73,73,1065,1065,vap
ANSON - LILE,55,37055,State House District 55,,,1.0,55,055,HD-055,state_house,2024,sl_2023_149,SL 2023-149 House Lines (block-weighted December 2025 precinct basis),236,236,2296,2296,vap
ANSON - MM,55,37055,State House District 55,,,1.0,55,055,HD-055,state_house,2024,sl_2023_149,SL 2023-149 House Lines (block-weighted December 2025 precinct basis),123,123,1194,1194,vap
ANSON - PEAC,55,37055,State House District 55,,,1.0,55,055,HD-055,state_house,2024,sl_2023_149,SL 2023-149 House Lines (block-weighted December 2025 precinct basis),128,128,1381,1381,vap
ANSON - POLK,55,37055,State House District 55,,,1.0,55,055,HD-055,state_house,2024,sl_2023_149,SL 2023-149 House Lines (block-weighted December 2025 precinct basis),84,84,1130,1130,vap
ANSON - WADES,55,37055,State House District 55,,,1.0,55,055,HD-055,state_house,2024,sl_2023_149,SL 2023-149 House Lines (block-weighted December 2025 precinct basis),351,351,7923,7923,vap
ANSON - WS,55,37055,State House District 55,,,1.0,55,055,HD-055,state_house,2024,sl_2023_149,SL 2023-149 House Lines (block-weighted December 2025 precinct basis),74,74,364,364,vap
ASHE - 02,93,37093,State House District 93,,,1.0,93,093,HD-093,state_house,2024,sl_2023_149,SL 2023-149 House Lines (block-weighted December 2025 precinct basis),44,44,1357,1357,vap
ASHE - 03,93,37093,State House District 93,,,1.0,93,093,HD-093,state_house,2024,sl_2023_149,SL 2023-149 House Lines (block-weighted December 2025 precinct basis),26,26,482,482,vap
ASHE - 04,93,37093,State House District 93,,,1.0,93,093,HD-093,state_house,2024,sl_2023_149,SL 2023-149 House Lines (block-weighted December 2025 precinct basis),40,40,491,491,vap
ASHE - 06,93,37093,State House District 93,,,1.0,93,093,HD-093,state_house,2024,sl_2023_149,SL 2023-149 House Lines (block-weighted December 2025 precinct basis),31,31,538,538,vap
ASHE - 07,93,37093,State House District 93,,,1.0,93,093,HD-093,state_house,2024,sl_2023_149,SL 2023-149 House Lines (block-weighted December 2025 precinct basis),31,31,470,470,vap
ASHE - 08,93,37093,State House District 93,,,1.0,93,093,HD-093,state_house,2024,sl_2023_149,SL 2023-149 House Lines (block-weighted December 2025 precinct basis),20,20,226,226,vap
ASHE - 09,93,37093,State House District 93,,,1.0,93,093,HD-093,state_house,2024,sl_2023_149,SL 2023-149 House Lines (block-weighted December 2025 precinct basis),160,160,3975,3975,vap
ASHE - 10,93,37093,State House District 93,,,1.0,93,093,HD-093,state_house,2024,sl_2023_149,SL 2023-149 House Lines (block-weighted December 2025 precinct basis),12,12,304,304,vap
ASHE - 11,93,37093,State House District 93,,,1.0,93,093,HD-093,state_house,2024,sl_2023_149,SL 2023-149 House Lines (block-weighted December 2025 precinct basis),133,133,2321,2321,vap
ASHE - 12,93,37093,State House District 93,,,1.0,93,093,HD-093,state_house,2024,sl_2023_149,SL 2023-149 House Lines (block-weighted December 2025 precinct basis),26,26,736,736,vap
ASHE - 13,93,37093,State House District 93,,,1.0,93,093,HD-093,state_house,2024,sl_2023_149,SL 2023-149 House Lines (block-weighted December 2025 precinct basis),76,76,1103,1103,vap
ASHE - 14,93,37093,State House District 93,,,1.0,93,093,HD-093,state_house,2024,sl_2023_149,SL 2023-149 House Lines (block-weighted December 2025 precinct basis),89,89,2383,2383,vap
ASHE - 15,93,37093,State House District 93,,,1.0,93,093,HD-093,state_house,2024,sl_2023_149,SL 2023-149 House Lines (block-weighted December 2025 precinct basis),70,70,986,986,vap
ASHE - 16,93,37093,State House District 93,,,1.0,93,093,HD-093,state_house,2024,sl_2023_149,SL 2023-149 House Lines (block-weighted December 2025 precinct basis),112,112,2102,2102,vap
ASHE - 17,93,37093,State House District 93,,,1.0,93,093,HD-093,state_house,2024,sl_2023_149,SL 2023-149 House Lines (block-weighted December 2025 precinct basis),44,44,899,899,vap
ASHE - 18,93,37093,State House District 93,,,1.0,93,093,HD-093,state_house,2024,sl_2023_149,SL 2023-149 House Lines (block-weighted December 2025 precinct basis),18,18,195,195,vap
ASHE - 20,93,37093,State House District 93,,,1.0,93,093,HD-093,state_house,2024,sl_2023_149,SL 2023-149 House Lines (block-weighted December 2025 precinct basis),205,205,3416,3416,vap
AVERY - 01,85,37085,State House District 85,,,1.0,85,085,HD-085,state_house,2024,sl_2023_149,SL 2023-149 House Lines (block-weighted December 2025 precinct basis),62,62,912,912,vap
AVERY - 02,85,37085,State House District 85,,,1.0,85,085,HD-085,state_house,2024,sl_2023_149,SL 2023-149 House Lines (block-weighted December 2025 precinct basis),225,225,2879,2879,vap
AVERY - 03,85,37085,State House District 85,,,1.0,85,085,HD-085,state_house,2024,sl_2023_149,SL 2023-149 House Lines (block-weighted December 2025 precinct basis),42,42,495,495,vap
AVERY - 04,85,37085,State House District 85,,,1.0,85,085,HD-085,state_house,2024,sl_2023_149,SL 2023-149 House Lines (block-weighted December 2025 precinct basis),47,47,120,120,vap
AVERY - 05,85,37085,State House District 85,,,1.0,85,085,HD-085,state_house,2024,sl_2023_149,SL 2023-149 House Lines (block-weighted December 2025 precinct basis),27,27,410,410,vap
AVERY - 06,85,37085,State House District 85,,,1.0,85,085,HD-085,state_house,2024,sl_2023_149,SL 2023-149 House Lines (block-weighted December 2025 precinct basis),67,67,981,981,vap
AVERY - 07,85,37085,State House District 85,,,1.0,85,085,HD-085,state_house,2024,sl_2023_149,SL 2023-149 House Lines (block-weighted December 2025 precinct basis),9,9,223,223,vap
AVERY - 08,85,37085,State House District 85,,,1.0,85,085,HD-085,state_house,2024,sl_2023_149,SL 2023-149 House Lines (block-weighted December 2025 precinct basis),23,23,268,268,vap
AVERY - 09,85,37085,State House District 85,,,1.0,85,085,HD-085,state_house,2024,sl_2023_149,SL 2023-149 House Lines (block-weighted December 2025 precinct basis),17,17,355,355,vap
AVERY - 10,85,37085,State House District 85,,,1.0,85,085,HD-085,state_house,2024,sl_2023_149,SL 2023-149 House Lines (block-weighted December 2025 precinct basis),34,34,2675,2675,vap
AVERY - 11,85,37085,State House District 85,,,1.0,85,085,HD-085,state_house,2024,sl_2023_149,SL 2023-149 House Lines (block-weighted December 2025 precinct basis),73,73,565,565,vap
AVERY - 12,85,37085,State House District 85,,,1.0,85,085,HD-085,state_house,2024,sl_2023_149,SL 2023-149 House Lines (block-weighted December 2025 precinct basis),12,12,309,309,vap
AVERY - 13,85,37085,State House District 85,,,1.0,85,085,HD-085,state_house,2024,sl_2023_149,SL 2023-149 House Lines (block-weighted December 2025 precinct basis),21,21,527,527,vap
AVERY - 14,85,37085,State House District 85,,,1.0,85,085,HD-085,state_house,2024,sl_2023_149,SL 2023-149 House Lines (block-weighted December 2025 precinct basis),52,52,926,926,vap
AVERY - 15,85,37085,State House District 85,,,1.0,85,085,HD-085,state_house,2024,sl_2023_149,SL 2023-149 House Lines (block-weighted December 2025 precinct basis),58,58,837,837,vap
AVERY - 16,85,37085,State House District 85,,,1.0,85,085,HD-085,state_house,2024,sl_2023_149,SL 2023-149 House Lines (block-weighted December 2025 precinct basis),111,111,1371,1371,vap
AVERY - 17,85,37085,State House District 85,,,1.0,85,085,HD-085,state_house,2024,sl_2023_149,SL 2023-149 House Lines (block-weighted December 2025 precinct basis),26,26,527,527,vap
AVERY - 18,85,37085,State House District 85,,,1.0,85,085,HD-085,state_house,2024,sl_2023_149,SL 2023-149 House Lines (block-weighted December 2025 precinct basis),22,22,360,360,vap
AVERY - 19,85,37085,State House District 85,,,1.0,85,085,HD-085,state_house,2024,sl_2023_149,SL 2023-149 House Lines (block-weighted December 2025 precinct basis),20,20,364,364,vap
BEAUFORT - AUROR,79,37079,State House District 79,,,1.0,79,079,HD-079,state_house,2024,sl_2023_149,SL 2023-149 House Lines (block-weighted December 2025 precinct basis),205,205,1079,1079,vap
BEAUFORT - BEADM,79,37079,State House District 79,,,1.0,79,079,HD-079,state_house,2024,sl_2023_149,SL 2023-149 House Lines (block-weighted December 2025 precinct basis),57,57,1885,1885,vap
BEAUFORT - BELHV,79,37079,State House District 79,,,1.0,79,079,HD-079,state_house,2024,sl_2023_149,SL 2023-149 House Lines (block-weighted December 2025 precinct basis),140,140,1639,1639,vap
BEAUFORT - BLCK,79,37079,State House District 79,,,1.0,79,079,HD-079,state_house,2024,sl_2023_149,SL 2023-149 House Lines (block-weighted December 2025 precinct basis),83,83,861,861,vap
BEAUFORT - CHOCO,79,37079,State House District 79,,,1.0,79,079,HD-079,state_house,2024,sl_2023_149,SL 2023-149 House Lines (block-weighted December 2025 precinct basis),205,205,4281,4281,vap
BEAUFORT - EDWAR,79,37079,State House District 79,,,1.0,79,079,HD-079,state_house,2024,sl_2023_149,SL 2023-149 House Lines (block-weighted December 2025 precinct basis),137,137,1043,1043,vap
BEAUFORT - GILEA,79,37079,State House District 79,,,1.0,79,079,HD-079,state_house,2024,sl_2023_149,SL 2023-149 House Lines (block-weighted December 2025 precinct basis),45,45,2035,2035,vap
BEAUFORT - HB,79,37079,State House District 79,,,1.0,79,079,HD-079,state_house,2024,sl_2023_149,SL 2023-149 House Lines (block-weighted December 2025 precinct basis),58,58,854,854,vap
BEAUFORT - NCRK,79,37079,State House District 79,,,1.0,79,079,HD-079,state_house,2024,sl_2023_149,SL 2023-149 House Lines (block-weighted December 2025 precinct basis),97,97,1364,1364,vap
BEAUFORT - OLDF,79,37079,State House District 79,,,1.0,79,079,HD-079,state_house,2024,sl_2023_149,SL 2023-149 House Lines (block-weighted December 2025 precinct basis),63,63,1583,1583,vap
BEAUFORT - PANTE,79,37079,State House District 79,,,1.0,79,079,HD-079,state_house,2024,sl_2023_149,SL 2023-149 House Lines (block-weighted December 2025 precinct basis),88,88,1246,1246,vap
BEAUFORT - PINET,79,37079,State House District 79,,,1.0,79,079,HD-079,state_house,2024,sl_2023_149,SL 2023-149 House Lines (block-weighted December 2025 precinct basis),118,118,927,927,vap
BEAUFORT - PSJW3,79,37079,State House District 79,,,1.0,79,079,HD-079,state_house,2024,sl_2023_149,SL 2023-149 House Lines (block-weighted December 2025 precinct basis),73,73,1568,1568,vap
BEAUFORT - RVRD,79,37079,State House District 79,,,1.0,79,079,HD-079,state_house,2024,sl_2023_149,SL 2023-149 House Lines (block-weighted December 2025 precinct basis),43,43,2430,2430,vap
BEAUFORT - SURBA,79,37079,State House District 79,,,1.0,79,079,HD-079,state_house,2024,sl_2023_149,SL 2023-149 House Lines (block-weighted December 2025 precinct basis),110,110,1862,1862,vap
BEAUFORT - TCRK,79,37079,State House District 79,,,1.0,79,079,HD-079,state_house,2024,sl_2023_149,SL 2023-149 House Lines (block-weighted December 2025 precinct basis),130,130,2586,2586,vap
BEAUFORT - WASH1,79,37079,State House District 79,,,1.0,79,079,HD-079,state_house,2024,sl_2023_149,SL 2023-149 House Lines (block-weighted December 2025 precinct basis),98,98,1672,1672,vap
BEAUFORT - WASH2,79,37079,State House District 79,,,1.0,79,079,HD-079,state_house,2024,sl_2023_149,SL 2023-149 House Lines (block-weighted December 2025 precinct basis),142,142,1672,1672,vap
BEAUFORT - WASH4,79,37079,State House District 79,,,1.0,79,079,HD-079,state_house,2024,sl_2023_149,SL 2023-149 House Lines (block-weighted December 2025 precinct basis),88,88,2544,2544,vap
BEAUFORT - WASHP,79,37079,State House District 79,,,1.0,79,079,HD-079,state_house,2024,sl_2023_149,SL 2023-149 House Lines (block-weighted December 2025 precinct basis),54,54,1220,1220,vap
BEAUFORT - WDPD,79,37079,State House District 79,,,1.0,79,079,HD-079,state_house,2024,sl_2023_149,SL 2023-149 House Lines (block-weighted December 2025 precinct basis),39,39,1654,1654,vap
BERTIE - C1,23,37023,State House District 23,,,1.0,23,023,HD-023,state_house,2024,sl_2023_149,SL 2023-149 House Lines (block-weighted December 2025 precinct basis),45,45,952,952,vap
BERTIE - C2,23,37023,State House District 23,,,1.0,23,023,HD-023,state_house,2024,sl_2023_149,SL 2023-149 House Lines (block-weighted December 2025 precinct basis),48,48,1424,1424,vap
BERTIE - IW,23,37023,State House District 23,,,1.0,23,023,HD-023,state_house,2024,sl_2023_149,SL 2023-149 House Lines (block-weighted December 2025 precinct basis),25,25,340,340,vap
BERTIE - M1,23,37023,State House District 23,,,1.0,23,023,HD-023,state_house,2024,sl_2023_149,SL 2023-149 House Lines (block-weighted December 2025 precinct basis),39,39,748,748,vap
BERTIE - M2,23,37023,State House District 23,,,1.0,23,023,HD-023,state_house,2024,sl_2023_149,SL 2023-149 House Lines (block-weighted December 2025 precinct basis),71,71,860,860,vap
BERTIE - MH,23,37023,State House District 23,,,1.0,23,023,HD-023,state_house,2024,sl_2023_149,SL 2023-149 House Lines (block-weighted December 2025 precinct basis),71,71,751,751,vap
BERTIE - RX,23,37023,State House District 23,,,1.0,23,023,HD-023,state_house,2024,sl_2023_149,SL 2023-149 House Lines (block-weighted December 2025 precinct basis),91,91,1081,1081,vap
BERTIE - SN,23,37023,State House District 23,,,1.0,23,023,HD-023,state_house,2024,sl_2023_149,SL 2023-149 House Lines (block-weighted December 2025 precinct basis),40,40,852,852,vap
BERTIE - W1,23,37023,State House District 23,,,1.0,23,023,HD-023,state_house,2024,sl_2023_149,SL 2023-149 House Lines (block-weighted December 2025 precinct basis),218,218,5279,5279,vap
BERTIE - W2,23,37023,State House District 23,,,1.0,23,023,HD-023,state_house,2024,sl_2023_149,SL 2023-149 House Lines (block-weighted December 2025 precinct basis),27,27,707,707,vap
BERTIE - WD,23,37023,State House District 23,,,1.0,23,023,HD-023,state_house,2024,sl_2023_149,SL 2023-149 House Lines (block-weighted December 2025 precinct basis),72,72,807,807,vap
BERTIE - WH,23,37023,State House District 23,,,1.0,23,023,HD-023,state_house,2024,sl_2023_149,SL 2023-149 House Lines (block-weighted December 2025 precinct basis),55,55,1095,1095,vap
BLADEN - P10,22,37022,State House District 22,,,1.0,22,022,HD-022,state_house,2024,sl_2023_149,SL 2023-149 House Lines (block-weighted December 2025 precinct basis),75,75,742,742,vap
BLADEN - P15,22,37022,State House District 22,,,1.0,22,022,HD-022,state_house,2024,sl_2023_149,SL 2023-149 House Lines (block-weighted December 2025 precinct basis),136,136,2894,2894,vap
BLADEN - P201,22,37022,State House District 22,,,1.0,22,022,HD-022,state_house,2024,sl_2023_149,SL 2023-149 House Lines (block-weighted December 2025 precinct basis),116,116,1408,1408,vap
BLADEN - P202,22,37022,State House District 22,,,1.0,22,022,HD-022,state_house,2024,sl_2023_149,SL 2023-149 House Lines (block-weighted December 2025 precinct basis),101,101,2631,2631,vap
BLADEN - P25,22,37022,State House District 22,,,1.0,22,022,HD-022,state_house,2024,sl_2023_149,SL 2023-149 House Lines (block-weighted December 2025 precinct basis),121,121,1099,1099,vap
BLADEN - P30,22,37022,State House District 22,,,1.0,22,022,HD-022,state_house,2024,sl_2023_149,SL 2023-149 House Lines (block-weighted December 2025 precinct basis),120,120,1300,1300,vap
BLADEN - P35,22,37022,State House District 22,,,1.0,22,022,HD-022,state_house,2024,sl_2023_149,SL 2023-149 House Lines (block-weighted December 2025 precinct basis),46,46,763,763,vap
BLADEN - P40,22,37022,State House District 22,,,1.0,22,022,HD-022,state_house,2024,sl_2023_149,SL 2023-149 House Lines (block-weighted December 2025 precinct basis),146,146,1604,1604,vap
BLADEN - P45,22,37022,State House District 22,,,1.0,22,022,HD-022,state_house,2024,sl_2023_149,SL 2023-149 House Lines (block-weighted December 2025 precinct basis),57,57,594,594,vap
BLADEN - P501,22,37022,State House District 22,,,1.0,22,022,HD-022,state_house,2024,sl_2023_149,SL 2023-149 House Lines (block-weighted December 2025 precinct basis),163,163,2706,2706,vap
BLADEN - P502,22,37022,State House District 22,,,1.0,22,022,HD-022,state_house,2024,sl_2023_149,SL 2023-149 House Lines (block-weighted December 2025 precinct basis),113,113,1940,1940,vap
BLADEN - P55,22,37022,State House District 22,,,1.0,22,022,HD-022,state_house,2024,sl_2023_149,SL 2023-149 House Lines (block-weighted December 2025 precinct basis),89,89,650,650,vap
BLADEN - P60,22,37022,State House District 22,,,1.0,22,022,HD-022,state_house,2024,sl_2023_149,SL 2023-149 House Lines (block-weighted December 2025 precinct basis),113,113,1598,1598,vap
BLADEN - P65,22,37022,State House District 22,,,1.0,22,022,HD-022,state_house,2024,sl_2023_149,SL 2023-149 House Lines (block-weighted December 2025 precinct basis),69,69,630,630,vap
BLADEN - P70,22,37022,State House District 22,,,1.0,22,022,HD-022,state_house,2024,sl_2023_149,SL 2023-149 House Lines (block-weighted December 2025 precinct basis),55,55,454,454,vap
BLADEN - P75,22,37022,State House District 22,,,1.0,22,022,HD-022,state_house,2024,sl_2023_149,SL 2023-149 House Lines (block-weighted December 2025 precinct basis),110,110,1208,1208,vap
BLADEN - P80,22,37022,State House District 22,,,1.0,22,022,HD-022,state_house,2024,sl_2023_149,SL 2023-149 House Lines (block-weighted December 2025 precinct basis),90,90,1205,1205,vap
BRUNSWICK - CB01,17,37017,State House District 17,,,1.0,17,017,HD-017,state_house,2024,sl_2023_149,SL 2023-149 House Lines (block-weighted December 2025 precinct basis),170,171,2372,2372,vap
BRUNSWICK - CB02,17,37017,State House District 17,,,1.0,17,017,HD-017,state_house,2024,sl_2023_149,SL 2023-149 House Lines (block-weighted December 2025 precinct basis),449,450,7377,7377,vap
BRUNSWICK - CB03,17,37017,State House District 17,,,1.0,17,017,HD-017,state_house,2024,sl_2023_149,SL 2023-149 House Lines (block-weighted December 2025 precinct basis),104,104,2662,2662,vap
BRUNSWICK - CB04,19,37019,State House District 19,,,1.0,19,019,HD-019,state_house,2024,sl_2023_149,SL 2023-149 House Lines (block-weighted December 2025 precinct basis),264,266,4353,4353,vap
BRUNSWICK - CB05,19,37019,State House District 19,,,0.7536632568426873,19,019,HD-019,state_house,2024,sl_2023_149,SL 2023-149 House Lines (block-weighted December 2025 precinct basis),95,119,2726,3617,vap
BRUNSWICK - CB05,17,37017,State House District 17,,,0.2463367431573127,17,017,HD-017,state_house,2024,sl_2023_149,SL 2023-149 House Lines (block-weighted December 2025 precinct basis),24,119,891,3617,vap
BRUNSWICK - CB06,19,37019,State House District 19,,,1.0,19,019,HD-019,state_house,2024,sl_2023_149,SL 2023-149 House Lines (block-weighted December 2025 precinct basis),237,238,4365,4365,vap
BRUNSWICK - NB01,17,37017,State House District 17,,,1.0,17,017,HD-017,state_house,2024,sl_2023_149,SL 2023-149 House Lines (block-weighted December 2025 precinct basis),125,125,2112,2112,vap
BRUNSWICK - NB02,17,37017,State House District 17,,,1.0,17,017,HD-017,state_house,2024,sl_2023_149,SL 2023-149 House Lines (block-weighted December 2025 precinct basis),210,210,7219,7219,vap
BRUNSWICK - NB03,17,37017,State House District 17,,,1.0,17,017,HD-017,state_house,2024,sl_2023_149,SL 2023-149 House Lines (block-weighted December 2025 precinct basis),211,211,4662,4662,vap
BRUNSWICK - NB04,17,37017,State House District 17,,,1.0,17,017,HD-017,state_house,2024,sl_2023_149,SL 2023-149 House Lines (block-weighted December 2025 precinct basis),109,109,6646,6646,vap
BRUNSWICK - NB05,17,37017,State House District 17,,,1.0,17,017,HD-017,state_house,2024,sl_2023_149,SL 2023-149 House Lines (block-weighted December 2025 precinct basis),102,102,4028,4028,vap
BRUNSWICK - NB06,17,37017,State House District 17,,,1.0,17,017,HD-017,state_house,2024,sl_2023_149,SL 2023-149 House Lines (block-weighted December 2025 precinct basis),81,81,4003,4003,vap
BRUNSWICK - NB07,17,37017,State House District 17,,,1.0,17,017,HD-017,state_house,2024,sl_2023_149,SL 2023-149 House Lines (block-weighted December 2025 precinct basis),169,169,7565,7565,vap
BRUNSWICK - SB01,19,37019,State House District 19,,,0.8322324966974901,19,019,HD-019,state_house,2024,sl_2023_149,SL 2023-149 House Lines (block-weighted December 2025 precinct basis),118,140,1890,2271,vap
BRUNSWICK - SB01,17,37017,State House District 17,,,0.16776750330250992,17,017,HD-017,state_house,2024,sl_2023_149,SL 2023-149 House Lines (block-weighted December 2025 precinct basis),22,140,381,2271,vap
BRUNSWICK - SB02,19,37019,State House District 19,,,1.0,19,019,HD-019,state_house,2024,sl_2023_149,SL 2023-149 House Lines (block-weighted December 2025 precinct basis),309,309,5140,5140,vap
BRUNSWICK - SB03,19,37019,State House District 19,,,1.0,19,019,HD-019,state_house,2024,sl_2023_149,SL 2023-149 House Lines (block-weighted December 2025 precinct basis),125,125,6975,6975,vap
BRUNSWICK - SB04,19,37019,State House District 19,,,1.0,19,019,HD-019,state_house,2024,sl_2023_149,SL 2023-149 House Lines (block-weighted December 2025 precinct basis),286,286,3561,3561,vap
BRUNSWICK - SB05,19,37019,State House District 19,,,1.0,19,019,HD-019,state_house,2024,sl_2023_149,SL 2023-149 House Lines (block-weighted December 2025 precinct basis),137,137,3400,3400,vap
BRUNSWICK - SB06,19,37019,State House District 19,,,1.0,19,019,HD-019,state_house,2024,sl_2023_149,SL 2023-149 House Lines (block-weighted December 2025 precinct basis),155,155,3153,3153,vap
BRUNSWICK - SB07,19,37019,State House District 19,,,1.0,19,019,HD-019,state_house,2024,sl_2023_149,SL 2023-149 House Lines (block-weighted December 2025 precinct basis),209,209,3042,3042,vap
BRUNSWICK - SB08,19,37019,State House District 19,,,1.0,19,019,HD-019,state_house,2024,sl_2023_149,SL 2023-149 House Lines (block-weighted December 2025 precinct basis),122,122,2141,2141,vap
BRUNSWICK - WB01,17,37017,State House District 17,,,1.0,17,017,HD-017,state_house,2024,sl_2023_149,SL 2023-149 House Lines (block-weighted December 2025 precinct basis),145,145,2282,2282,vap
BRUNSWICK - WB02,17,37017,State House District 17,,,1.0,17,017,HD-017,state_house,2024,sl_2023_149,SL 2023-149 House Lines (block-weighted December 2025 precinct basis),92,92,4960,4960,vap
BRUNSWICK - WB03,17,37017,State House District 17,,,1.0,17,017,HD-017,state_house,2024,sl_2023_149,SL 2023-149 House Lines (block-weighted December 2025 precinct basis),55,55,1471,1471,vap
BRUNSWICK - WB04,17,37017,State House District 17,,,1.0,17,017,HD-017,state_house,2024,sl_2023_149,SL 2023-149 House Lines (block-weighted December 2025 precinct basis),191,191,6650,6650,vap
BRUNSWICK - WB05,17,37017,State House District 17,,,1.0,17,017,HD-017,state_house,2024,sl_2023_149,SL 2023-149 House Lines (block-weighted December 2025 precinct basis),180,180,4136,4136,vap
BRUNSWICK - WB06,17,37017,State House District 17,,,1.0,17,017,HD-017,state_house,2024,sl_2023_149,SL 2023-149 House Lines (block-weighted December 2025 precinct basis),280,280,6443,6443,vap
BUNCOMBE - 01.1,116,37116,State House District 116,,,1.0,116,116,HD-116,state_house,2024,sl_2023_149,SL 2023-149 House Lines (block-weighted December 2025 precinct basis),81,81,2752,2752,vap
BUNCOMBE - 02.1,116,37116,State House District 116,,,1.0,116,116,HD-116,state_house,2024,sl_2023_149,SL 2023-149 House Lines (block-weighted December 2025 precinct basis),98,98,3339,3339,vap
BUNCOMBE - 03.1,116,37116,State House District 116,,,1.0,116,116,HD-116,state_house,2024,sl_2023_149,SL 2023-149 House Lines (block-weighted December 2025 precinct basis),61,61,2409,2409,vap
BUNCOMBE - 04.1,116,37116,State House District 116,,,1.0,116,116,HD-116,state_house,2024,sl_2023_149,SL 2023-149 House Lines (block-weighted December 2025 precinct basis),34,34,1402,1402,vap
BUNCOMBE - 05.1,116,37116,State House District 116,,,1.0,116,116,HD-116,state_house,2024,sl_2023_149,SL 2023-149 House Lines (block-weighted December 2025 precinct basis),81,81,2478,2478,vap
BUNCOMBE - 06.1,116,37116,State House District 116,,,1.0,116,116,HD-116,state_house,2024,sl_2023_149,SL 2023-149 House Lines (block-weighted December 2025 precinct basis),35,35,1499,1499,vap
BUNCOMBE - 07.1,116,37116,State House District 116,,,1.0,116,116,HD-116,state_house,2024,sl_2023_149,SL 2023-149 House Lines (block-weighted December 2025 precinct basis),57,57,1875,1875,vap
BUNCOMBE - 08.2,116,37116,State House District 116,,,1.0,116,116,HD-116,state_house,2024,sl_2023_149,SL 2023-149 House Lines (block-weighted December 2025 precinct basis),57,57,3451,3451,vap
BUNCOMBE - 08.3,116,37116,State House District 116,,,1.0,116,116,HD-116,state_house,2024,sl_2023_149,SL 2023-149 House Lines (block-weighted December 2025 precinct basis),87,87,3164,3164,vap
BUNCOMBE - 09.1,116,37116,State House District 116,,,1.0,116,116,HD-116,state_house,2024,sl_2023_149,SL 2023-149 House Lines (block-weighted December 2025 precinct basis),82,82,4654,4654,vap
BUNCOMBE - 10.1,116,37116,State House District 116,,,1.0,116,116,HD-116,state_house,2024,sl_2023_149,SL 2023-149 House Lines (block-weighted December 2025 precinct basis),56,56,1643,1643,vap
BUNCOMBE - 11.1,116,37116,State House District 116,,,1.0,116,116,HD-116,state_house,2024,sl_2023_149,SL 2023-149 House Lines (block-weighted December 2025 precinct basis),47,47,1785,1785,vap
BUNCOMBE - 12.1,116,37116,State House District 116,,,1.0,116,116,HD-116,state_house,2024,sl_2023_149,SL 2023-149 House Lines (block-weighted December 2025 precinct basis),59,59,2337,2337,vap
BUNCOMBE - 13.1,116,37116,State House District 116,,,1.0,116,116,HD-116,state_house,2024,sl_2023_149,SL 2023-149 House Lines (block-weighted December 2025 precinct basis),55,55,2650,2650,vap
BUNCOMBE - 14.2,116,37116,State House District 116,,,1.0,116,116,HD-116,state_house,2024,sl_2023_149,SL 2023-149 House Lines (block-weighted December 2025 precinct basis),82,82,2644,2644,vap
BUNCOMBE - 14.3,116,37116,State House District 116,,,1.0,116,116,HD-116,state_house,2024,sl_2023_149,SL 2023-149 House Lines (block-weighted December 2025 precinct basis),19,19,1841,1841,vap
BUNCOMBE - 15.1,116,37116,State House District 116,,,1.0,116,116,HD-116,state_house,2024,sl_2023_149,SL 2023-149 House Lines (block-weighted December 2025 precinct basis),38,38,2146,2146,vap
BUNCOMBE - 16.2,116,37116,State House District 116,,,1.0,116,116,HD-116,state_house,2024,sl_2023_149,SL 2023-149 House Lines (block-weighted December 2025 precinct basis),66,66,3174,3174,vap
BUNCOMBE - 17.1,116,37116,State House District 116,,,1.0,116,116,HD-116,state_house,2024,sl_2023_149,SL 2023-149 House Lines (block-weighted December 2025 precinct basis),53,53,1622,1622,vap
BUNCOMBE - 18.2,114,37114,State House District 114,,,1.0,114,114,HD-114,state_house,2024,sl_2023_149,SL 2023-149 House Lines (block-weighted December 2025 precinct basis),86,86,5601,5601,vap
BUNCOMBE - 19.1,114,37114,State House District 114,,,1.0,114,114,HD-114,state_house,2024,sl_2023_149,SL 2023-149 House Lines (block-weighted December 2025 precinct basis),21,21,2209,2209,vap
BUNCOMBE - 20.1,116,37116,State House District 116,,,1.0,116,116,HD-116,state_house,2024,sl_2023_149,SL 2023-149 House Lines (block-weighted December 2025 precinct basis),26,26,1069,1069,vap
BUNCOMBE - 21.1,116,37116,State House District 116,,,1.0,116,116,HD-116,state_house,2024,sl_2023_149,SL 2023-149 House Lines (block-weighted December 2025 precinct basis),41,41,3061,3061,vap
BUNCOMBE - 22.2,116,37116,State House District 116,,,1.0,116,116,HD-116,state_house,2024,sl_2023_149,SL 2023-149 House Lines (block-weighted December 2025 precinct basis),59,59,2273,2273,vap
BUNCOMBE - 23.2,116,37116,State House District 116,,,1.0,116,116,HD-116,state_house,2024,sl_2023_149,SL 2023-149 House Lines (block-weighted December 2025 precinct basis),22,22,574,574,vap
BUNCOMBE - 23.3,116,37116,State House District 116,,,1.0,116,116,HD-116,state_house,2024,sl_2023_149,SL 2023-149 House Lines (block-weighted December 2025 precinct basis),17,17,805,805,vap
BUNCOMBE - 24.1,114,37114,State House District 114,,,1.0,114,114,HD-114,state_house,2024,sl_2023_149,SL 2023-149 House Lines (block-weighted December 2025 precinct basis),95,95,2810,2810,vap
BUNCOMBE - 25.1,116,37116,State House District 116,,,1.0,116,116,HD-116,state_house,2024,sl_2023_149,SL 2023-149 House Lines (block-weighted December 2025 precinct basis),46,46,2737,2737,vap
BUNCOMBE - 26.1,116,37116,State House District 116,,,1.0,116,116,HD-116,state_house,2024,sl_2023_149,SL 2023-149 House Lines (block-weighted December 2025 precinct basis),47,47,2240,2240,vap
BUNCOMBE - 27.2,116,37116,State House District 116,,,1.0,116,116,HD-116,state_house,2024,sl_2023_149,SL 2023-149 House Lines (block-weighted December 2025 precinct basis),32,32,830,830,vap
BUNCOMBE - 28.1,116,37116,State House District 116,,,1.0,116,116,HD-116,state_house,2024,sl_2023_149,SL 2023-149 House Lines (block-weighted December 2025 precinct basis),41,41,3257,3257,vap
BUNCOMBE - 29.2,114,37114,State House District 114,,,1.0,114,114,HD-114,state_house,2024,sl_2023_149,SL 2023-149 House Lines (block-weighted December 2025 precinct basis),37,37,3465,3465,vap
BUNCOMBE - 30.2,114,37114,State House District 114,,,1.0,114,114,HD-114,state_house,2024,sl_2023_149,SL 2023-149 House Lines (block-weighted December 2025 precinct basis),30,30,3442,3442,vap
BUNCOMBE - 30.3,114,37114,State House District 114,,,1.0,114,114,HD-114,state_house,2024,sl_2023_149,SL 2023-149 House Lines (block-weighted December 2025 precinct basis),56,56,3365,3365,vap
BUNCOMBE - 31.1,116,37116,State House District 116,,,1.0,116,116,HD-116,state_house,2024,sl_2023_149,SL 2023-149 House Lines (block-weighted December 2025 precinct basis),58,58,1150,1150,vap
BUNCOMBE - 32.1,114,37114,State House District 114,,,1.0,114,114,HD-114,state_house,2024,sl_2023_149,SL 2023-149 House Lines (block-weighted December 2025 precinct basis),76,76,2811,2811,vap
BUNCOMBE - 33.2,114,37114,State House District 114,,,1.0,114,114,HD-114,state_house,2024,sl_2023_149,SL 2023-149 House Lines (block-weighted December 2025 precinct basis),58,58,1402,1402,vap
BUNCOMBE - 33.3,114,37114,State House District 114,,,1.0,114,114,HD-114,state_house,2024,sl_2023_149,SL 2023-149 House Lines (block-weighted December 2025 precinct basis),62,62,2201,2201,vap
BUNCOMBE - 34.1,114,37114,State House District 114,,,1.0,114,114,HD-114,state_house,2024,sl_2023_149,SL 2023-149 House Lines (block-weighted December 2025 precinct basis),51,51,1173,1173,vap
BUNCOMBE - 35.1,114,37114,State House District 114,,,1.0,114,114,HD-114,state_house,2024,sl_2023_149,SL 2023-149 House Lines (block-weighted December 2025 precinct basis),52,52,2119,2119,vap
BUNCOMBE - 36.1,114,37114,State House District 114,,,1.0,114,114,HD-114,state_house,2024,sl_2023_149,SL 2023-149 House Lines (block-weighted December 2025 precinct basis),86,86,2634,2634,vap
BUNCOMBE - 37.1,114,37114,State House District 114,,,1.0,114,114,HD-114,state_house,2024,sl_2023_149,SL 2023-149 House Lines (block-weighted December 2025 precinct basis),82,82,1637,1637,vap
BUNCOMBE - 38.2,114,37114,State House District 114,,,1.0,114,114,HD-114,state_house,2024,sl_2023_149,SL 2023-149 House Lines (block-weighted December 2025 precinct basis),37,37,1872,1872,vap
BUNCOMBE - 38.3,114,37114,State House District 114,,,1.0,114,114,HD-114,state_house,2024,sl_2023_149,SL 2023-149 House Lines (block-weighted December 2025 precinct basis),55,55,3509,3509,vap
BUNCOMBE - 39.2,114,37114,State House District 114,,,1.0,114,114,HD-114,state_house,2024,sl_2023_149,SL 2023-149 House Lines (block-weighted December 2025 precinct basis),41,41,1691,1691,vap
BUNCOMBE - 39.3,114,37114,State House District 114,,,1.0,114,114,HD-114,state_house,2024,sl_2023_149,SL 2023-149 House Lines (block-weighted December 2025 precinct basis),48,48,2737,2737,vap
BUNCOMBE - 40.2,115,37115,State House District 115,,,1.0,115,115,HD-115,state_house,2024,sl_2023_149,SL 2023-149 House Lines (block-weighted December 2025 precinct basis),80,80,4154,4154,vap
BUNCOMBE - 41.1,115,37115,State House District 115,,,1.0,115,115,HD-115,state_house,2024,sl_2023_149,SL 2023-149 House Lines (block-weighted December 2025 precinct basis),86,86,3929,3929,vap
BUNCOMBE - 42.1,116,37116,State House District 116,,,1.0,116,116,HD-116,state_house,2024,sl_2023_149,SL 2023-149 House Lines (block-weighted December 2025 precinct basis),61,61,3137,3137,vap
BUNCOMBE - 43.2,116,37116,State House District 116,,,1.0,116,116,HD-116,state_house,2024,sl_2023_149,SL 2023-149 House Lines (block-weighted December 2025 precinct basis),33,33,2232,2232,vap
BUNCOMBE - 44.1,114,37114,State House District 114,,,1.0,114,114,HD-114,state_house,2024,sl_2023_149,SL 2023-149 House Lines (block-weighted December 2025 precinct basis),132,132,6208,6208,vap
BUNCOMBE - 45.1,115,37115,State House District 115,,,1.0,115,115,HD-115,state_house,2024,sl_2023_149,SL 2023-149 House Lines (block-weighted December 2025 precinct basis),85,85,4792,4792,vap
BUNCOMBE - 46.1,114,37114,State House District 114,,,1.0,114,114,HD-114,state_house,2024,sl_2023_149,SL 2023-149 House Lines (block-weighted December 2025 precinct basis),45,45,1679,1679,vap
BUNCOMBE - 47.1,115,37115,State House District 115,,,1.0,115,115,HD-115,state_house,2024,sl_2023_149,SL 2023-149 House Lines (block-weighted December 2025 precinct basis),101,101,4911,4911,vap
BUNCOMBE - 48.1,115,37115,State House District 115,,,1.0,115,115,HD-115,state_house,2024,sl_2023_149,SL 2023-149 House Lines (block-weighted December 2025 precinct basis),90,90,4780,4780,vap
BUNCOMBE - 49.1,115,37115,State House District 115,,,1.0,115,115,HD-115,state_house,2024,sl_2023_149,SL 2023-149 House Lines (block-weighted December 2025 precinct basis),76,76,4984,4984,vap
BUNCOMBE - 50.1,115,37115,State House District 115,,,1.0,115,115,HD-115,state_house,2024,sl_2023_149,SL 2023-149 House Lines (block-weighted December 2025 precinct basis),54,54,1699,1699,vap
BUNCOMBE - 51.2,115,37115,State House District 115,,,1.0,115,115,HD-115,state_house,2024,sl_2023_149,SL 2023-149 House Lines (block-weighted December 2025 precinct basis),62,62,2252,2252,vap
BUNCOMBE - 52.1,115,37115,State House District 115,,,1.0,115,115,HD-115,state_house,2024,sl_2023_149,SL 2023-149 House Lines (block-weighted December 2025 precinct basis),69,69,4661,4661,vap
BUNCOMBE - 53.1,115,37115,State House District 115,,,1.0,115,115,HD-115,state_house,2024,sl_2023_149,SL 2023-149 House Lines (block-weighted December 2025 precinct basis),67,67,3568,3568,vap
BUNCOMBE - 54.2,114,37114,State House District 114,,,1.0,114,114,HD-114,state_house,2024,sl_2023_149,SL 2023-149 House Lines (block-weighted December 2025 precinct basis),173,173,5417,5417,vap
BUNCOMBE - 55.1,114,37114,State House District 114,,,1.0,114,114,HD-114,state_house,2024,sl_2023_149,SL 2023-149 House Lines (block-weighted December 2025 precinct basis),40,40,3039,3039,vap
BUNCOMBE - 56.2,114,37114,State House District 114,,,1.0,114,114,HD-114,state_house,2024,sl_2023_149,SL 2023-149 House Lines (block-weighted December 2025 precinct basis),35,35,2149,2149,vap
BUNCOMBE - 57.1,114,37114,State House District 114,,,1.0,114,114,HD-114,state_house,2024,sl_2023_149,SL 2023-149 House Lines (block-weighted December 2025 precinct basis),58,58,2921,2921,vap
BUNCOMBE - 58.1,115,37115,State House District 115,,,1.0,115,115,HD-115,state_house,2024,sl_2023_149,SL 2023-149 House Lines (block-weighted December 2025 precinct basis),83,83,2422,2422,vap
BUNCOMBE - 59.1,115,37115,State House District 115,,,1.0,115,115,HD-115,state_house,2024,sl_2023_149,SL 2023-149 House Lines (block-weighted December 2025 precinct basis),77,77,4018,4018,vap
BUNCOMBE - 60.2,114,37114,State House District 114,,,1.0,114,114,HD-114,state_house,2024,sl_2023_149,SL 2023-149 House Lines (block-weighted December 2025 precinct basis),19,20,1631,1631,vap
BUNCOMBE - 60.4,114,37114,State House District 114,,,1.0,114,114,HD-114,state_house,2024,sl_2023_149,SL 2023-149 House Lines (block-weighted December 2025 precinct basis),35,35,1486,1486,vap
BUNCOMBE - 61.1,115,37115,State House District 115,,,1.0,115,115,HD-115,state_house,2024,sl_2023_149,SL 2023-149 House Lines (block-weighted December 2025 precinct basis),58,58,2448,2448,vap
BUNCOMBE - 62.1,114,37114,State House District 114,,,1.0,114,114,HD-114,state_house,2024,sl_2023_149,SL 2023-149 House Lines (block-weighted December 2025 precinct basis),26,26,2845,2845,vap
BUNCOMBE - 63.1,115,37115,State House District 115,,,1.0,115,115,HD-115,state_house,2024,sl_2023_149,SL 2023-149 House Lines (block-weighted December 2025 precinct basis),19,19,673,673,vap
BUNCOMBE - 64.1,114,37114,State House District 114,,,1.0,114,114,HD-114,state_house,2024,sl_2023_149,SL 2023-149 House Lines (block-weighted December 2025 precinct basis),81,81,2271,2271,vap
BUNCOMBE - 65.1,115,37115,State House District 115,,,1.0,115,115,HD-115,state_house,2024,sl_2023_149,SL 2023-149 House Lines (block-weighted December 2025 precinct basis),77,77,3333,3333,vap
BUNCOMBE - 66.1,115,37115,State House District 115,,,1.0,115,115,HD-115,state_house,2024,sl_2023_149,SL 2023-149 House Lines (block-weighted December 2025 precinct basis),42,42,2057,2057,vap
BUNCOMBE - 67.1,115,37115,State House District 115,,,1.0,115,115,HD-115,state_house,2024,sl_2023_149,SL 2023-149 House Lines (block-weighted December 2025 precinct basis),63,63,2501,2501,vap
BUNCOMBE - 68.1,115,37115,State House District 115,,,1.0,115,115,HD-115,state_house,2024,sl_2023_149,SL 2023-149 House Lines (block-weighted December 2025 precinct basis),84,84,5463,5463,vap
BUNCOMBE - 681,115,37115,State House District 115,,,1.0,115,115,HD-115,state_house,2024,sl_2023_149,SL 2023-149 House Lines (block-weighted December 2025 precinct basis),11,11,440,440,vap
BUNCOMBE - 69.1,115,37115,State House District 115,,,1.0,115,115,HD-115,state_house,2024,sl_2023_149,SL 2023-149 House Lines (block-weighted December 2025 precinct basis),52,52,3355,3355,vap
BUNCOMBE - 70.1,116,37116,State House District 116,,,1.0,116,116,HD-116,state_house,2024,sl_2023_149,SL 2023-149 House Lines (block-weighted December 2025 precinct basis),118,118,3938,3938,vap
BUNCOMBE - 71.1,115,37115,State House District 115,,,0.9947389720760825,115,115,HD-115,state_house,2024,sl_2023_149,SL 2023-149 House Lines (block-weighted December 2025 precinct basis),137,138,4916,4942,vap
BUNCOMBE - 71.1,116,37116,State House District 116,,,0.005261027923917442,116,116,HD-116,state_house,2024,sl_2023_149,SL 2023-149 House Lines (block-weighted December 2025 precinct basis),1,138,26,4942,vap
BURKE - 0001,86,37086,State House District 86,,,1.0,86,086,HD-086,state_house,2024,sl_2023_149,SL 2023-149 House Lines (block-weighted December 2025 precinct basis),139,139,3728,3728,vap
BURKE - 0003,86,37086,State House District 86,,,1.0,86,086,HD-086,state_house,2024,sl_2023_149,SL 2023-149 House Lines (block-weighted December 2025 precinct basis),41,41,1391,1391,vap
BURKE - 0011,86,37086,State House District 86,,,1.0,86,086,HD-086,state_house,2024,sl_2023_149,SL 2023-149 House Lines (block-weighted December 2025 precinct basis),122,122,3385,3385,vap
BURKE - 0012,86,37086,State House District 86,,,1.0,86,086,HD-086,state_house,2024,sl_2023_149,SL 2023-149 House Lines (block-weighted December 2025 precinct basis),41,41,2047,2047,vap
BURKE - 0013,86,37086,State House District 86,,,1.0,86,086,HD-086,state_house,2024,sl_2023_149,SL 2023-149 House Lines (block-weighted December 2025 precinct basis),103,103,3258,3258,vap
BURKE - 0014,86,37086,State House District 86,,,1.0,86,086,HD-086,state_house,2024,sl_2023_149,SL 2023-149 House Lines (block-weighted December 2025 precinct basis),66,66,2324,2324,vap
BURKE - 0015,86,37086,State House District 86,,,1.0,86,086,HD-086,state_house,2024,sl_2023_149,SL 2023-149 House Lines (block-weighted December 2025 precinct basis),90,90,1841,1841,vap
BURKE - 0018,86,37086,State House District 86,,,1.0,86,086,HD-086,state_house,2024,sl_2023_149,SL 2023-149 House Lines (block-weighted December 2025 precinct basis),51,51,560,560,vap
BURKE - 0019,86,37086,State House District 86,,,1.0,86,086,HD-086,state_house,2024,sl_2023_149,SL 2023-149 House Lines (block-weighted December 2025 precinct basis),52,52,571,571,vap
BURKE - 0020,86,37086,State House District 86,,,1.0,86,086,HD-086,state_house,2024,sl_2023_149,SL 2023-149 House Lines (block-weighted December 2025 precinct basis),41,41,895,895,vap
BURKE - 0021,86,37086,State House District 86,,,1.0,86,086,HD-086,state_house,2024,sl_2023_149,SL 2023-149 House Lines (block-weighted December 2025 precinct basis),78,78,1712,1712,vap
BURKE - 0022,86,37086,State House District 86,,,1.0,86,086,HD-086,state_house,2024,sl_2023_149,SL 2023-149 House Lines (block-weighted December 2025 precinct basis),137,137,2321,2321,vap
BURKE - 0024,86,37086,State House District 86,,,1.0,86,086,HD-086,state_house,2024,sl_2023_149,SL 2023-149 House Lines (block-weighted December 2025 precinct basis),139,139,2784,2784,vap
BURKE - 0031,86,37086,State House District 86,,,1.0,86,086,HD-086,state_house,2024,sl_2023_149,SL 2023-149 House Lines (block-weighted December 2025 precinct basis),106,106,2963,2963,vap
BURKE - 0034,86,37086,State House District 86,,,1.0,86,086,HD-086,state_house,2024,sl_2023_149,SL 2023-149 House Lines (block-weighted December 2025 precinct basis),62,62,2360,2360,vap
BURKE - 0035,86,37086,State House District 86,,,1.0,86,086,HD-086,state_house,2024,sl_2023_149,SL 2023-149 House Lines (block-weighted December 2025 precinct basis),35,35,1997,1997,vap
BURKE - 0036,86,37086,State House District 86,,,1.0,86,086,HD-086,state_house,2024,sl_2023_149,SL 2023-149 House Lines (block-weighted December 2025 precinct basis),76,76,2194,2194,vap
BURKE - 0038,86,37086,State House District 86,,,1.0,86,086,HD-086,state_house,2024,sl_2023_149,SL 2023-149 House Lines (block-weighted December 2025 precinct basis),65,65,2740,2740,vap
BURKE - 0039,86,37086,State House District 86,,,1.0,86,086,HD-086,state_house,2024,sl_2023_149,SL 2023-149 House Lines (block-weighted December 2025 precinct basis),82,82,2589,2589,vap
BURKE - 0040,86,37086,State House District 86,,,1.0,86,086,HD-086,state_house,2024,sl_2023_149,SL 2023-149 House Lines (block-weighted December 2025 precinct basis),71,71,2053,2053,vap
BURKE - 0047-A,86,37086,State House District 86,,,1.0,86,086,HD-086,state_house,2024,sl_2023_149,SL 2023-149 House Lines (block-weighted December 2025 precinct basis),31,31,2137,2137,vap
BURKE - 0047-B,86,37086,State House District 86,,,1.0,86,086,HD-086,state_house,2024,sl_2023_149,SL 2023-149 House Lines (block-weighted December 2025 precinct basis),22,22,1415,1415,vap
BURKE - 0048,86,37086,State House District 86,,,1.0,86,086,HD-086,state_house,2024,sl_2023_149,SL 2023-149 House Lines (block-weighted December 2025 precinct basis),53,53,2154,2154,vap
BURKE - 0051,86,37086,State House District 86,,,1.0,86,086,HD-086,state_house,2024,sl_2023_149,SL 2023-149 House Lines (block-weighted December 2025 precinct basis),125,125,3819,3819,vap
BURKE - 0052,86,37086,State House District 86,,,1.0,86,086,HD-086,state_house,2024,sl_2023_149,SL 2023-149 House Lines (block-weighted December 2025 precinct basis),49,49,1745,1745,vap
BURKE - 0062,86,37086,State House District 86,,,1.0,86,086,HD-086,state_house,2024,sl_2023_149,SL 2023-149 House Lines (block-weighted December 2025 precinct basis),65,65,952,952,vap
BURKE - 0064,86,37086,State House District 86,,,1.0,86,086,HD-086,state_house,2024,sl_2023_149,SL 2023-149 House Lines (block-weighted December 2025 precinct basis),55,55,856,856,vap
BURKE - 0066,86,37086,State House District 86,,,1.0,86,086,HD-086,state_house,2024,sl_2023_149,SL 2023-149 House Lines (block-weighted December 2025 precinct basis),61,61,2626,2626,vap
BURKE - 0070,86,37086,State House District 86,,,1.0,86,086,HD-086,state_house,2024,sl_2023_149,SL 2023-149 House Lines (block-weighted December 2025 precinct basis),54,54,2882,2882,vap
BURKE - 0071,86,37086,State House District 86,,,1.0,86,086,HD-086,state_house,2024,sl_2023_149,SL 2023-149 House Lines (block-weighted December 2025 precinct basis),119,119,2648,2648,vap
BURKE - 0072,86,37086,State House District 86,,,1.0,86,086,HD-086,state_house,2024,sl_2023_149,SL 2023-149 House Lines (block-weighted December 2025 precinct basis),90,90,5071,5071,vap
CABARRUS - 01-02,82,37082,State House District 82,,,1.0,82,082,HD-082,state_house,2024,sl_2023_149,SL 2023-149 House Lines (block-weighted December 2025 precinct basis),49,49,3246,3246,vap
CABARRUS - 01-04,82,37082,State House District 82,,,1.0,82,082,HD-082,state_house,2024,sl_2023_149,SL 2023-149 House Lines (block-weighted December 2025 precinct basis),90,90,5884,5884,vap
CABARRUS - 01-07,82,37082,State House District 82,,,1.0,82,082,HD-082,state_house,2024,sl_2023_149,SL 2023-149 House Lines (block-weighted December 2025 precinct basis),66,66,2891,2891,vap
CABARRUS - 01-08,73,37073,State House District 73,,,1.0,73,073,HD-073,state_house,2024,sl_2023_149,SL 2023-149 House Lines (block-weighted December 2025 precinct basis),78,78,5328,5328,vap
CABARRUS - 01-10,82,37082,State House District 82,,,1.0,82,082,HD-082,state_house,2024,sl_2023_149,SL 2023-149 House Lines (block-weighted December 2025 precinct basis),99,99,3168,3168,vap
CABARRUS - 01-11,82,37082,State House District 82,,,1.0,82,082,HD-082,state_house,2024,sl_2023_149,SL 2023-149 House Lines (block-weighted December 2025 precinct basis),126,126,4873,4873,vap
CABARRUS - 02-01,73,37073,State House District 73,,,1.0,73,073,HD-073,state_house,2024,sl_2023_149,SL 2023-149 House Lines (block-weighted December 2025 precinct basis),42,42,3969,3969,vap
CABARRUS - 02-02,82,37082,State House District 82,,,1.0,82,082,HD-082,state_house,2024,sl_2023_149,SL 2023-149 House Lines (block-weighted December 2025 precinct basis),43,43,5292,5292,vap
CABARRUS - 02-03,82,37082,State House District 82,,,1.0,82,082,HD-082,state_house,2024,sl_2023_149,SL 2023-149 House Lines (block-weighted December 2025 precinct basis),153,153,7320,7320,vap
CABARRUS - 02-05,73,37073,State House District 73,,,1.0,73,073,HD-073,state_house,2024,sl_2023_149,SL 2023-149 House Lines (block-weighted December 2025 precinct basis),52,52,4912,4912,vap
CABARRUS - 02-06,73,37073,State House District 73,,,1.0,73,073,HD-073,state_house,2024,sl_2023_149,SL 2023-149 House Lines (block-weighted December 2025 precinct basis),52,52,4664,4664,vap
CABARRUS - 02-07,73,37073,State House District 73,,,1.0,73,073,HD-073,state_house,2024,sl_2023_149,SL 2023-149 House Lines (block-weighted December 2025 precinct basis),40,40,3760,3760,vap
CABARRUS - 02-08,82,37082,State House District 82,,,1.0,82,082,HD-082,state_house,2024,sl_2023_149,SL 2023-149 House Lines (block-weighted December 2025 precinct basis),176,177,8563,8563,vap
CABARRUS - 02-09,82,37082,State House District 82,,,1.0,82,082,HD-082,state_house,2024,sl_2023_149,SL 2023-149 House Lines (block-weighted December 2025 precinct basis),160,160,9237,9237,vap
CABARRUS - 03-00,83,37083,State House District 83,,,1.0,83,083,HD-083,state_house,2024,sl_2023_149,SL 2023-149 House Lines (block-weighted December 2025 precinct basis),141,141,6066,6066,vap
CABARRUS - 04-01,83,37083,State House District 83,,,1.0,83,083,HD-083,state_house,2024,sl_2023_149,SL 2023-149 House Lines (block-weighted December 2025 precinct basis),132,132,3476,3476,vap
CABARRUS - 04-03,83,37083,State House District 83,,,1.0,83,083,HD-083,state_house,2024,sl_2023_149,SL 2023-149 House Lines (block-weighted December 2025 precinct basis),124,124,3353,3353,vap
CABARRUS - 04-08,73,37073,State House District 73,,,1.0,73,073,HD-073,state_house,2024,sl_2023_149,SL 2023-149 House Lines (block-weighted December 2025 precinct basis),45,45,1961,1961,vap
CABARRUS - 04-09,83,37083,State House District 83,,,1.0,83,083,HD-083,state_house,2024,sl_2023_149,SL 2023-149 House Lines (block-weighted December 2025 precinct basis),80,80,3849,3849,vap
CABARRUS - 04-11,83,37083,State House District 83,,,1.0,83,083,HD-083,state_house,2024,sl_2023_149,SL 2023-149 House Lines (block-weighted December 2025 precinct basis),188,188,3931,3931,vap
CABARRUS - 04-12,83,37083,State House District 83,,,1.0,83,083,HD-083,state_house,2024,sl_2023_149,SL 2023-149 House Lines (block-weighted December 2025 precinct basis),194,194,6324,6324,vap
CABARRUS - 04-13,83,37083,State House District 83,,,1.0,83,083,HD-083,state_house,2024,sl_2023_149,SL 2023-149 House Lines (block-weighted December 2025 precinct basis),111,111,6167,6167,vap
CABARRUS - 05-00,73,37073,State House District 73,,,1.0,73,073,HD-073,state_house,2024,sl_2023_149,SL 2023-149 House Lines (block-weighted December 2025 precinct basis),122,122,3040,3040,vap
CABARRUS - 06-00,73,37073,State House District 73,,,1.0,73,073,HD-073,state_house,2024,sl_2023_149,SL 2023-149 House Lines (block-weighted December 2025 precinct basis),71,71,2312,2312,vap
CABARRUS - 07-00,73,37073,State House District 73,,,1.0,73,073,HD-073,state_house,2024,sl_2023_149,SL 2023-149 House Lines (block-weighted December 2025 precinct basis),59,59,1279,1279,vap
CABARRUS - 08-00,82,37082,State House District 82,,,0.8594748048261178,82,082,HD-082,state_house,2024,sl_2023_149,SL 2023-149 House Lines (block-weighted December 2025 precinct basis),149,164,3633,4227,vap
CABARRUS - 08-00,73,37073,State House District 73,,,0.14052519517388218,73,073,HD-073,state_house,2024,sl_2023_149,SL 2023-149 House Lines (block-weighted December 2025 precinct basis),15,164,594,4227,vap
CABARRUS - 09-00,82,37082,State House District 82,,,1.0,82,082,HD-082,state_house,2024,sl_2023_149,SL 2023-149 House Lines (block-weighted December 2025 precinct basis),90,90,3010,3010,vap
CABARRUS - 10-00,82,37082,State House District 82,,,1.0,82,082,HD-082,state_house,2024,sl_2023_149,SL 2023-149 House Lines (block-weighted December 2025 precinct basis),226,226,6250,6250,vap
CABARRUS - 11-01,73,37073,State House District 73,,,1.0,73,073,HD-073,state_house,2024,sl_2023_149,SL 2023-149 House Lines (block-weighted December 2025 precinct basis),113,113,7236,7236,vap
CABARRUS - 11-02,73,37073,State House District 73,,,1.0,73,073,HD-073,state_house,2024,sl_2023_149,SL 2023-149 House Lines (block-weighted December 2025 precinct basis),98,98,3717,3717,vap
CABARRUS - 12-03,73,37073,State House District 73,,,1.0,73,073,HD-073,state_house,2024,sl_2023_149,SL 2023-149 House Lines (block-weighted December 2025 precinct basis),109,109,2490,2490,vap
CABARRUS - 12-04,73,37073,State House District 73,,,1.0,73,073,HD-073,state_house,2024,sl_2023_149,SL 2023-149 House Lines (block-weighted December 2025 precinct basis),81,81,3607,3607,vap
CABARRUS - 12-05,73,37073,State House District 73,,,1.0,73,073,HD-073,state_house,2024,sl_2023_149,SL 2023-149 House Lines (block-weighted December 2025 precinct basis),65,65,2719,2719,vap
CABARRUS - 12-08,73,37073,State House District 73,,,1.0,73,073,HD-073,state_house,2024,sl_2023_149,SL 2023-149 House Lines (block-weighted December 2025 precinct basis),90,90,2373,2373,vap
CABARRUS - 12-09,82,37082,State House District 82,,,1.0,82,082,HD-082,state_house,2024,sl_2023_149,SL 2023-149 House Lines (block-weighted December 2025 precinct basis),73,73,3192,3192,vap
CABARRUS - 12-11,73,37073,State House District 73,,,1.0,73,073,HD-073,state_house,2024,sl_2023_149,SL 2023-149 House Lines (block-weighted December 2025 precinct basis),65,65,2288,2288,vap
CABARRUS - 12-12,73,37073,State House District 73,,,1.0,73,073,HD-073,state_house,2024,sl_2023_149,SL 2023-149 House Lines (block-weighted December 2025 precinct basis),73,73,2559,2559,vap
CABARRUS - 12-13,73,37073,State House District 73,,,1.0,73,073,HD-073,state_house,2024,sl_2023_149,SL 2023-149 House Lines (block-weighted December 2025 precinct basis),213,213,5783,5783,vap
CABARRUS - 12-14,73,37073,State House District 73,,,1.0,73,073,HD-073,state_house,2024,sl_2023_149,SL 2023-149 House Lines (block-weighted December 2025 precinct basis),85,85,3223,3223,vap
CALDWELL - 1,87,37087,State House District 87,,,1.0,87,087,HD-087,state_house,2024,sl_2023_149,SL 2023-149 House Lines (block-weighted December 2025 precinct basis),145,145,6039,6039,vap
CALDWELL - 10,87,37087,State House District 87,,,1.0,87,087,HD-087,state_house,2024,sl_2023_149,SL 2023-149 House Lines (block-weighted December 2025 precinct basis),68,68,3838,3838,vap
CALDWELL - 11,87,37087,State House District 87,,,1.0,87,087,HD-087,state_house,2024,sl_2023_149,SL 2023-149 House Lines (block-weighted December 2025 precinct basis),161,161,4564,4564,vap
CALDWELL - 12,87,37087,State House District 87,,,1.0,87,087,HD-087,state_house,2024,sl_2023_149,SL 2023-149 House Lines (block-weighted December 2025 precinct basis),148,148,2872,2872,vap
CALDWELL - 13,87,37087,State House District 87,,,1.0,87,087,HD-087,state_house,2024,sl_2023_149,SL 2023-149 House Lines (block-weighted December 2025 precinct basis),218,218,6841,6841,vap
CALDWELL - 14,87,37087,State House District 87,,,1.0,87,087,HD-087,state_house,2024,sl_2023_149,SL 2023-149 House Lines (block-weighted December 2025 precinct basis),106,106,4779,4779,vap
CALDWELL - 15,87,37087,State House District 87,,,1.0,87,087,HD-087,state_house,2024,sl_2023_149,SL 2023-149 House Lines (block-weighted December 2025 precinct basis),70,70,3111,3111,vap
CALDWELL - 2,87,37087,State House District 87,,,1.0,87,087,HD-087,state_house,2024,sl_2023_149,SL 2023-149 House Lines (block-weighted December 2025 precinct basis),216,216,2238,2238,vap
CALDWELL - 3,87,37087,State House District 87,,,1.0,87,087,HD-087,state_house,2024,sl_2023_149,SL 2023-149 House Lines (block-weighted December 2025 precinct basis),51,51,1316,1316,vap
CALDWELL - 4,87,37087,State House District 87,,,1.0,87,087,HD-087,state_house,2024,sl_2023_149,SL 2023-149 House Lines (block-weighted December 2025 precinct basis),104,104,3439,3439,vap
CALDWELL - 5,87,37087,State House District 87,,,1.0,87,087,HD-087,state_house,2024,sl_2023_149,SL 2023-149 House Lines (block-weighted December 2025 precinct basis),162,162,3912,3912,vap
CALDWELL - 6,87,37087,State House District 87,,,1.0,87,087,HD-087,state_house,2024,sl_2023_149,SL 2023-149 House Lines (block-weighted December 2025 precinct basis),215,215,7714,7714,vap
CALDWELL - 7,87,37087,State House District 87,,,1.0,87,087,HD-087,state_house,2024,sl_2023_149,SL 2023-149 House Lines (block-weighted December 2025 precinct basis),231,231,6125,6125,vap
CALDWELL - 8,87,37087,State House District 87,,,1.0,87,087,HD-087,state_house,2024,sl_2023_149,SL 2023-149 House Lines (block-weighted December 2025 precinct basis),133,133,4281,4281,vap
CALDWELL - 9,87,37087,State House District 87,,,1.0,87,087,HD-087,state_house,2024,sl_2023_149,SL 2023-149 House Lines (block-weighted December 2025 precinct basis),78,78,3367,3367,vap
CAMDEN - CH,5,37005,State House District 5,,,1.0,5,005,HD-005,state_house,2024,sl_2023_149,SL 2023-149 House Lines (block-weighted December 2025 precinct basis),95,95,2894,2894,vap
CAMDEN - SH,5,37005,State House District 5,,,1.0,5,005,HD-005,state_house,2024,sl_2023_149,SL 2023-149 House Lines (block-weighted December 2025 precinct basis),49,49,1967,1967,vap
CAMDEN - SM,5,37005,State House District 5,,,1.0,5,005,HD-005,state_house,2024,sl_2023_149,SL 2023-149 House Lines (block-weighted December 2025 precinct basis),84,84,3026,3026,vap
CARTERET - ABCH,13,37013,State House District 13,,,1.0,13,013,HD-013,state_house,2024,sl_2023_149,SL 2023-149 House Lines (block-weighted December 2025 precinct basis),105,105,1313,1313,vap
CARTERET - ASCI,13,37013,State House District 13,,,1.0,13,013,HD-013,state_house,2024,sl_2023_149,SL 2023-149 House Lines (block-weighted December 2025 precinct basis),172,172,961,961,vap
CARTERET - BCRK,13,37013,State House District 13,,,1.0,13,013,HD-013,state_house,2024,sl_2023_149,SL 2023-149 House Lines (block-weighted December 2025 precinct basis),55,55,2047,2047,vap
CARTERET - BFT1,13,37013,State House District 13,,,1.0,13,013,HD-013,state_house,2024,sl_2023_149,SL 2023-149 House Lines (block-weighted December 2025 precinct basis),145,145,1559,1559,vap
CARTERET - BFT2,13,37013,State House District 13,,,1.0,13,013,HD-013,state_house,2024,sl_2023_149,SL 2023-149 House Lines (block-weighted December 2025 precinct basis),133,133,3771,3771,vap
CARTERET - BOGE,13,37013,State House District 13,,,1.0,13,013,HD-013,state_house,2024,sl_2023_149,SL 2023-149 House Lines (block-weighted December 2025 precinct basis),120,120,2686,2686,vap
CARTERET - CAPE,13,37013,State House District 13,,,1.0,13,013,HD-013,state_house,2024,sl_2023_149,SL 2023-149 House Lines (block-weighted December 2025 precinct basis),177,177,3458,3458,vap
CARTERET - DASW,13,37013,State House District 13,,,1.0,13,013,HD-013,state_house,2024,sl_2023_149,SL 2023-149 House Lines (block-weighted December 2025 precinct basis),207,207,657,657,vap
CARTERET - HAIS,13,37013,State House District 13,,,1.0,13,013,HD-013,state_house,2024,sl_2023_149,SL 2023-149 House Lines (block-weighted December 2025 precinct basis),79,79,1003,1003,vap
CARTERET - IBPK,13,37013,State House District 13,,,1.0,13,013,HD-013,state_house,2024,sl_2023_149,SL 2023-149 House Lines (block-weighted December 2025 precinct basis),84,84,1586,1586,vap
CARTERET - ISLE,13,37013,State House District 13,,,1.0,13,013,HD-013,state_house,2024,sl_2023_149,SL 2023-149 House Lines (block-weighted December 2025 precinct basis),224,224,3387,3387,vap
CARTERET - MASM,13,37013,State House District 13,,,1.0,13,013,HD-013,state_house,2024,sl_2023_149,SL 2023-149 House Lines (block-weighted December 2025 precinct basis),69,69,645,645,vap
CARTERET - MCRK,13,37013,State House District 13,,,1.0,13,013,HD-013,state_house,2024,sl_2023_149,SL 2023-149 House Lines (block-weighted December 2025 precinct basis),19,19,520,520,vap
CARTERET - MERR,13,37013,State House District 13,,,1.0,13,013,HD-013,state_house,2024,sl_2023_149,SL 2023-149 House Lines (block-weighted December 2025 precinct basis),77,77,524,524,vap
CARTERET - MHD1,13,37013,State House District 13,,,1.0,13,013,HD-013,state_house,2024,sl_2023_149,SL 2023-149 House Lines (block-weighted December 2025 precinct basis),177,177,2603,2603,vap
CARTERET - MHD2,13,37013,State House District 13,,,1.0,13,013,HD-013,state_house,2024,sl_2023_149,SL 2023-149 House Lines (block-weighted December 2025 precinct basis),147,147,3447,3447,vap
CARTERET - MHD3,13,37013,State House District 13,,,1.0,13,013,HD-013,state_house,2024,sl_2023_149,SL 2023-149 House Lines (block-weighted December 2025 precinct basis),109,109,3453,3453,vap
CARTERET - MHD4,13,37013,State House District 13,,,1.0,13,013,HD-013,state_house,2024,sl_2023_149,SL 2023-149 House Lines (block-weighted December 2025 precinct basis),69,69,2784,2784,vap
CARTERET - NPT1,13,37013,State House District 13,,,1.0,13,013,HD-013,state_house,2024,sl_2023_149,SL 2023-149 House Lines (block-weighted December 2025 precinct basis),139,139,4279,4279,vap
CARTERET - NPT2,13,37013,State House District 13,,,1.0,13,013,HD-013,state_house,2024,sl_2023_149,SL 2023-149 House Lines (block-weighted December 2025 precinct basis),77,77,3337,3337,vap
CARTERET - NRIV,13,37013,State House District 13,,,1.0,13,013,HD-013,state_house,2024,sl_2023_149,SL 2023-149 House Lines (block-weighted December 2025 precinct basis),36,36,695,695,vap
CARTERET - OTBEG,13,37013,State House District 13,,,1.0,13,013,HD-013,state_house,2024,sl_2023_149,SL 2023-149 House Lines (block-weighted December 2025 precinct basis),65,65,2183,2183,vap
CARTERET - PELE,13,37013,State House District 13,,,1.0,13,013,HD-013,state_house,2024,sl_2023_149,SL 2023-149 House Lines (block-weighted December 2025 precinct basis),64,64,1483,1483,vap
CARTERET - STEL,13,37013,State House District 13,,,1.0,13,013,HD-013,state_house,2024,sl_2023_149,SL 2023-149 House Lines (block-weighted December 2025 precinct basis),53,53,1686,1686,vap
CARTERET - WIHA,13,37013,State House District 13,,,1.0,13,013,HD-013,state_house,2024,sl_2023_149,SL 2023-149 House Lines (block-weighted December 2025 precinct basis),86,86,1954,1954,vap
CARTERET - WILD,13,37013,State House District 13,,,1.0,13,013,HD-013,state_house,2024,sl_2023_149,SL 2023-149 House Lines (block-weighted December 2025 precinct basis),193,193,4192,4192,vap
CASWELL - ANDE,50,37050,State House District 50,,,1.0,50,050,HD-050,state_house,2024,sl_2023_149,SL 2023-149 House Lines (block-weighted December 2025 precinct basis),44,44,1003,1003,vap
CASWELL - LEAS,50,37050,State House District 50,,,1.0,50,050,HD-050,state_house,2024,sl_2023_149,SL 2023-149 House Lines (block-weighted December 2025 precinct basis),28,28,685,685,vap
CASWELL - LOCU,50,37050,State House District 50,,,1.0,50,050,HD-050,state_house,2024,sl_2023_149,SL 2023-149 House Lines (block-weighted December 2025 precinct basis),39,39,2251,2251,vap
CASWELL - MILT,50,37050,State House District 50,,,1.0,50,050,HD-050,state_house,2024,sl_2023_149,SL 2023-149 House Lines (block-weighted December 2025 precinct basis),115,115,2189,2189,vap
CASWELL - PELH,50,37050,State House District 50,,,1.0,50,050,HD-050,state_house,2024,sl_2023_149,SL 2023-149 House Lines (block-weighted December 2025 precinct basis),97,97,3344,3344,vap
CASWELL - PH,50,37050,State House District 50,,,1.0,50,050,HD-050,state_house,2024,sl_2023_149,SL 2023-149 House Lines (block-weighted December 2025 precinct basis),85,85,2050,2050,vap
CASWELL - PROVI,50,37050,State House District 50,,,1.0,50,050,HD-050,state_house,2024,sl_2023_149,SL 2023-149 House Lines (block-weighted December 2025 precinct basis),22,22,843,843,vap
CASWELL - STON,50,37050,State House District 50,,,1.0,50,050,HD-050,state_house,2024,sl_2023_149,SL 2023-149 House Lines (block-weighted December 2025 precinct basis),63,63,2548,2548,vap
CASWELL - YANC,50,37050,State House District 50,,,1.0,50,050,HD-050,state_house,2024,sl_2023_149,SL 2023-149 House Lines (block-weighted December 2025 precinct basis),127,127,3683,3683,vap
CATAWBA - 01,89,37089,State House District 89,,,1.0,89,089,HD-089,state_house,2024,sl_2023_149,SL 2023-149 House Lines (block-weighted December 2025 precinct basis),95,95,3775,3775,vap
CATAWBA - 02,89,37089,State House District 89,,,1.0,89,089,HD-089,state_house,2024,sl_2023_149,SL 2023-149 House Lines (block-weighted December 2025 precinct basis),100,100,2570,2570,vap
CATAWBA - 03,89,37089,State House District 89,,,1.0,89,089,HD-089,state_house,2024,sl_2023_149,SL 2023-149 House Lines (block-weighted December 2025 precinct basis),120,120,2751,2751,vap
CATAWBA - 04,96,37096,State House District 96,,,1.0,96,096,HD-096,state_house,2024,sl_2023_149,SL 2023-149 House Lines (block-weighted December 2025 precinct basis),101,101,1057,1057,vap
CATAWBA - 05,89,37089,State House District 89,,,1.0,89,089,HD-089,state_house,2024,sl_2023_149,SL 2023-149 House Lines (block-weighted December 2025 precinct basis),170,170,3849,3849,vap
CATAWBA - 06,89,37089,State House District 89,,,1.0,89,089,HD-089,state_house,2024,sl_2023_149,SL 2023-149 House Lines (block-weighted December 2025 precinct basis),190,190,2658,2658,vap
CATAWBA - 07,96,37096,State House District 96,,,1.0,96,096,HD-096,state_house,2024,sl_2023_149,SL 2023-149 House Lines (block-weighted December 2025 precinct basis),202,203,3752,3752,vap
CATAWBA - 08,96,37096,State House District 96,,,1.0,96,096,HD-096,state_house,2024,sl_2023_149,SL 2023-149 House Lines (block-weighted December 2025 precinct basis),167,167,2850,2850,vap
CATAWBA - 09,89,37089,State House District 89,,,1.0,89,089,HD-089,state_house,2024,sl_2023_149,SL 2023-149 House Lines (block-weighted December 2025 precinct basis),88,88,2819,2819,vap
CATAWBA - 10,89,37089,State House District 89,,,1.0,89,089,HD-089,state_house,2024,sl_2023_149,SL 2023-149 House Lines (block-weighted December 2025 precinct basis),51,51,825,825,vap
CATAWBA - 11,96,37096,State House District 96,,,1.0,96,096,HD-096,state_house,2024,sl_2023_149,SL 2023-149 House Lines (block-weighted December 2025 precinct basis),57,57,1819,1819,vap
CATAWBA - 12,96,37096,State House District 96,,,1.0,96,096,HD-096,state_house,2024,sl_2023_149,SL 2023-149 House Lines (block-weighted December 2025 precinct basis),84,84,1980,1980,vap
CATAWBA - 13,96,37096,State House District 96,,,1.0,96,096,HD-096,state_house,2024,sl_2023_149,SL 2023-149 House Lines (block-weighted December 2025 precinct basis),133,133,2311,2311,vap
CATAWBA - 14,96,37096,State House District 96,,,1.0,96,096,HD-096,state_house,2024,sl_2023_149,SL 2023-149 House Lines (block-weighted December 2025 precinct basis),91,91,1781,1781,vap
CATAWBA - 15,96,37096,State House District 96,,,1.0,96,096,HD-096,state_house,2024,sl_2023_149,SL 2023-149 House Lines (block-weighted December 2025 precinct basis),37,37,822,822,vap
CATAWBA - 16,96,37096,State House District 96,,,1.0,96,096,HD-096,state_house,2024,sl_2023_149,SL 2023-149 House Lines (block-weighted December 2025 precinct basis),90,90,3719,3719,vap
CATAWBA - 17,96,37096,State House District 96,,,1.0,96,096,HD-096,state_house,2024,sl_2023_149,SL 2023-149 House Lines (block-weighted December 2025 precinct basis),132,132,2609,2609,vap
CATAWBA - 19,96,37096,State House District 96,,,1.0,96,096,HD-096,state_house,2024,sl_2023_149,SL 2023-149 House Lines (block-weighted December 2025 precinct basis),120,120,1499,1499,vap
CATAWBA - 20,89,37089,State House District 89,,,1.0,89,089,HD-089,state_house,2024,sl_2023_149,SL 2023-149 House Lines (block-weighted December 2025 precinct basis),229,229,3906,3906,vap
CATAWBA - 21,89,37089,State House District 89,,,1.0,89,089,HD-089,state_house,2024,sl_2023_149,SL 2023-149 House Lines (block-weighted December 2025 precinct basis),89,89,2047,2047,vap
CATAWBA - 22,89,37089,State House District 89,,,1.0,89,089,HD-089,state_house,2024,sl_2023_149,SL 2023-149 House Lines (block-weighted December 2025 precinct basis),158,158,4397,4397,vap
CATAWBA - 23,96,37096,State House District 96,,,1.0,96,096,HD-096,state_house,2024,sl_2023_149,SL 2023-149 House Lines (block-weighted December 2025 precinct basis),95,96,4358,4358,vap
CATAWBA - 24,96,37096,State House District 96,,,1.0,96,096,HD-096,state_house,2024,sl_2023_149,SL 2023-149 House Lines (block-weighted December 2025 precinct basis),118,118,4399,4399,vap
CATAWBA - 25,89,37089,State House District 89,,,1.0,89,089,HD-089,state_house,2024,sl_2023_149,SL 2023-149 House Lines (block-weighted December 2025 precinct basis),110,110,2981,2981,vap
CATAWBA - 26,96,37096,State House District 96,,,1.0,96,096,HD-096,state_house,2024,sl_2023_149,SL 2023-149 House Lines (block-weighted December 2025 precinct basis),58,58,1946,1946,vap
CATAWBA - 27,89,37089,State House District 89,,,1.0,89,089,HD-089,state_house,2024,sl_2023_149,SL 2023-149 House Lines (block-weighted December 2025 precinct basis),110,110,4655,4655,vap
CATAWBA - 28,96,37096,State House District 96,,,1.0,96,096,HD-096,state_house,2024,sl_2023_149,SL 2023-149 House Lines (block-weighted December 2025 precinct basis),124,124,4400,4400,vap
CATAWBA - 29,96,37096,State House District 96,,,1.0,96,096,HD-096,state_house,2024,sl_2023_149,SL 2023-149 House Lines (block-weighted December 2025 precinct basis),147,147,5129,5129,vap
CATAWBA - 30,96,37096,State House District 96,,,1.0,96,096,HD-096,state_house,2024,sl_2023_149,SL 2023-149 House Lines (block-weighted December 2025 precinct basis),103,103,5090,5090,vap
CATAWBA - 31,89,37089,State House District 89,,,1.0,89,089,HD-089,state_house,2024,sl_2023_149,SL 2023-149 House Lines (block-weighted December 2025 precinct basis),197,197,5000,5000,vap
CATAWBA - 32,89,37089,State House District 89,,,1.0,89,089,HD-089,state_house,2024,sl_2023_149,SL 2023-149 House Lines (block-weighted December 2025 precinct basis),153,153,3775,3775,vap
CATAWBA - 33,96,37096,State House District 96,,,1.0,96,096,HD-096,state_house,2024,sl_2023_149,SL 2023-149 House Lines (block-weighted December 2025 precinct basis),122,122,5510,5510,vap
CATAWBA - 34,89,37089,State House District 89,,,1.0,89,089,HD-089,state_house,2024,sl_2023_149,SL 2023-149 House Lines (block-weighted December 2025 precinct basis),209,209,4781,4781,vap
CATAWBA - 35,96,37096,State House District 96,,,1.0,96,096,HD-096,state_house,2024,sl_2023_149,SL 2023-149 House Lines (block-weighted December 2025 precinct basis),271,271,4010,4010,vap
CATAWBA - 36,96,37096,State House District 96,,,1.0,96,096,HD-096,state_house,2024,sl_2023_149,SL 2023-149 House Lines (block-weighted December 2025 precinct basis),64,64,2448,2448,vap
CATAWBA - 37,96,37096,State House District 96,,,1.0,96,096,HD-096,state_house,2024,sl_2023_149,SL 2023-149 House Lines (block-weighted December 2025 precinct basis),64,64,3312,3312,vap
CATAWBA - 38,96,37096,State House District 96,,,1.0,96,096,HD-096,state_house,2024,sl_2023_149,SL 2023-149 House Lines (block-weighted December 2025 precinct basis),46,46,3026,3026,vap
CATAWBA - 39,96,37096,State House District 96,,,1.0,96,096,HD-096,state_house,2024,sl_2023_149,SL 2023-149 House Lines (block-weighted December 2025 precinct basis),47,47,2334,2334,vap
CATAWBA - 40,89,37089,State House District 89,,,1.0,89,089,HD-089,state_house,2024,sl_2023_149,SL 2023-149 House Lines (block-weighted December 2025 precinct basis),65,65,1833,1833,vap
CATAWBA - 41,89,37089,State House District 89,,,1.0,89,089,HD-089,state_house,2024,sl_2023_149,SL 2023-149 House Lines (block-weighted December 2025 precinct basis),157,157,3783,3783,vap
CHATHAM - 15,54,37054,State House District 54,,,1.0,54,054,HD-054,state_house,2024,sl_2023_149,SL 2023-149 House Lines (block-weighted December 2025 precinct basis),72,72,2305,2305,vap
CHATHAM - 21,54,37054,State House District 54,,,1.0,54,054,HD-054,state_house,2024,sl_2023_149,SL 2023-149 House Lines (block-weighted December 2025 precinct basis),64,64,1568,1568,vap
CHATHAM - 3,54,37054,State House District 54,,,1.0,54,054,HD-054,state_house,2024,sl_2023_149,SL 2023-149 House Lines (block-weighted December 2025 precinct basis),170,170,2038,2038,vap
CHATHAM - 30,54,37054,State House District 54,,,1.0,54,054,HD-054,state_house,2024,sl_2023_149,SL 2023-149 House Lines (block-weighted December 2025 precinct basis),140,140,1913,1913,vap
CHATHAM - 42,54,37054,State House District 54,,,1.0,54,054,HD-054,state_house,2024,sl_2023_149,SL 2023-149 House Lines (block-weighted December 2025 precinct basis),109,109,2062,2062,vap
CHATHAM - 75,54,37054,State House District 54,,,1.0,54,054,HD-054,state_house,2024,sl_2023_149,SL 2023-149 House Lines (block-weighted December 2025 precinct basis),124,124,4547,4547,vap
CHATHAM - 78,54,37054,State House District 54,,,1.0,54,054,HD-054,state_house,2024,sl_2023_149,SL 2023-149 House Lines (block-weighted December 2025 precinct basis),105,105,5164,5164,vap
CHATHAM - 85,54,37054,State House District 54,,,1.0,54,054,HD-054,state_house,2024,sl_2023_149,SL 2023-149 House Lines (block-weighted December 2025 precinct basis),162,162,3882,3882,vap
CHATHAM - 9,54,37054,State House District 54,,,1.0,54,054,HD-054,state_house,2024,sl_2023_149,SL 2023-149 House Lines (block-weighted December 2025 precinct basis),130,130,1654,1654,vap
CHATHAM - CRD118,54,37054,State House District 54,,,1.0,54,054,HD-054,state_house,2024,sl_2023_149,SL 2023-149 House Lines (block-weighted December 2025 precinct basis),132,132,1703,1703,vap
CHATHAM - ECL109,54,37054,State House District 54,,,1.0,54,054,HD-054,state_house,2024,sl_2023_149,SL 2023-149 House Lines (block-weighted December 2025 precinct basis),154,154,4847,4847,vap
CHATHAM - EPP112,54,37054,State House District 54,,,1.0,54,054,HD-054,state_house,2024,sl_2023_149,SL 2023-149 House Lines (block-weighted December 2025 precinct basis),151,151,3032,3032,vap
CHATHAM - ESC114,54,37054,State House District 54,,,1.0,54,054,HD-054,state_house,2024,sl_2023_149,SL 2023-149 House Lines (block-weighted December 2025 precinct basis),325,325,5785,5785,vap
CHATHAM - GLD118,54,37054,State House District 54,,,1.0,54,054,HD-054,state_house,2024,sl_2023_149,SL 2023-149 House Lines (block-weighted December 2025 precinct basis),274,274,3312,3312,vap
CHATHAM - MON113,54,37054,State House District 54,,,1.0,54,054,HD-054,state_house,2024,sl_2023_149,SL 2023-149 House Lines (block-weighted December 2025 precinct basis),190,190,2350,2350,vap
CHATHAM - NWM117,54,37054,State House District 54,,,1.0,54,054,HD-054,state_house,2024,sl_2023_149,SL 2023-149 House Lines (block-weighted December 2025 precinct basis),101,101,6420,6420,vap
CHATHAM - WCL108,54,37054,State House District 54,,,1.0,54,054,HD-054,state_house,2024,sl_2023_149,SL 2023-149 House Lines (block-weighted December 2025 precinct basis),92,92,3544,3544,vap
CHATHAM - WPP114,54,37054,State House District 54,,,1.0,54,054,HD-054,state_house,2024,sl_2023_149,SL 2023-149 House Lines (block-weighted December 2025 precinct basis),149,149,4662,4662,vap
CHEROKEE - ANNW,120,37120,State House District 120,,,1.0,120,120,HD-120,state_house,2024,sl_2023_149,SL 2023-149 House Lines (block-weighted December 2025 precinct basis),147,147,1828,1828,vap
CHEROKEE - ANSW,120,37120,State House District 120,,,1.0,120,120,HD-120,state_house,2024,sl_2023_149,SL 2023-149 House Lines (block-weighted December 2025 precinct basis),80,80,1687,1687,vap
CHEROKEE - BELL,120,37120,State House District 120,,,1.0,120,120,HD-120,state_house,2024,sl_2023_149,SL 2023-149 House Lines (block-weighted December 2025 precinct basis),46,46,1403,1403,vap
CHEROKEE - BRAS,120,37120,State House District 120,,,1.0,120,120,HD-120,state_house,2024,sl_2023_149,SL 2023-149 House Lines (block-weighted December 2025 precinct basis),38,38,829,829,vap
CHEROKEE - CSON,120,37120,State House District 120,,,1.0,120,120,HD-120,state_house,2024,sl_2023_149,SL 2023-149 House Lines (block-weighted December 2025 precinct basis),55,55,1052,1052,vap
CHEROKEE - GCRK,120,37120,State House District 120,,,1.0,120,120,HD-120,state_house,2024,sl_2023_149,SL 2023-149 House Lines (block-weighted December 2025 precinct basis),51,51,500,500,vap
CHEROKEE - HANG,120,37120,State House District 120,,,1.0,120,120,HD-120,state_house,2024,sl_2023_149,SL 2023-149 House Lines (block-weighted December 2025 precinct basis),62,62,723,723,vap
CHEROKEE - HIWA,120,37120,State House District 120,,,1.0,120,120,HD-120,state_house,2024,sl_2023_149,SL 2023-149 House Lines (block-weighted December 2025 precinct basis),153,153,2185,2185,vap
CHEROKEE - HOTH,120,37120,State House District 120,,,1.0,120,120,HD-120,state_house,2024,sl_2023_149,SL 2023-149 House Lines (block-weighted December 2025 precinct basis),103,103,1540,1540,vap
CHEROKEE - MARB,120,37120,State House District 120,,,1.0,120,120,HD-120,state_house,2024,sl_2023_149,SL 2023-149 House Lines (block-weighted December 2025 precinct basis),147,147,1585,1585,vap
CHEROKEE - MURN,120,37120,State House District 120,,,1.0,120,120,HD-120,state_house,2024,sl_2023_149,SL 2023-149 House Lines (block-weighted December 2025 precinct basis),144,144,2343,2343,vap
CHEROKEE - MURS,120,37120,State House District 120,,,1.0,120,120,HD-120,state_house,2024,sl_2023_149,SL 2023-149 House Lines (block-weighted December 2025 precinct basis),219,219,2825,2825,vap
CHEROKEE - PCHT,120,37120,State House District 120,,,1.0,120,120,HD-120,state_house,2024,sl_2023_149,SL 2023-149 House Lines (block-weighted December 2025 precinct basis),116,116,2606,2606,vap
CHEROKEE - RGER,120,37120,State House District 120,,,1.0,120,120,HD-120,state_house,2024,sl_2023_149,SL 2023-149 House Lines (block-weighted December 2025 precinct basis),77,77,1866,1866,vap
CHEROKEE - TOPT,120,37120,State House District 120,,,1.0,120,120,HD-120,state_house,2024,sl_2023_149,SL 2023-149 House Lines (block-weighted December 2025 precinct basis),41,41,483,483,vap
CHEROKEE - UNKA,120,37120,State House District 120,,,1.0,120,120,HD-120,state_house,2024,sl_2023_149,SL 2023-149 House Lines (block-weighted December 2025 precinct basis),76,76,596,596,vap
CHOWAN - 1,1,37001,State House District 1,,,1.0,1,001,HD-001,state_house,2024,sl_2023_149,SL 2023-149 House Lines (block-weighted December 2025 precinct basis),118,118,2301,2301,vap
CHOWAN - 2,1,37001,State House District 1,,,1.0,1,001,HD-001,state_house,2024,sl_2023_149,SL 2023-149 House Lines (block-weighted December 2025 precinct basis),118,118,3399,3399,vap
CHOWAN - 3,1,37001,State House District 1,,,1.0,1,001,HD-001,state_house,2024,sl_2023_149,SL 2023-149 House Lines (block-weighted December 2025 precinct basis),91,91,1826,1826,vap
CHOWAN - 4,1,37001,State House District 1,,,1.0,1,001,HD-001,state_house,2024,sl_2023_149,SL 2023-149 House Lines (block-weighted December 2025 precinct basis),25,25,895,895,vap
CHOWAN - 5,1,37001,State House District 1,,,1.0,1,001,HD-001,state_house,2024,sl_2023_149,SL 2023-149 House Lines (block-weighted December 2025 precinct basis),35,35,1072,1072,vap
CHOWAN - 6,1,37001,State House District 1,,,1.0,1,001,HD-001,state_house,2024,sl_2023_149,SL 2023-149 House Lines (block-weighted December 2025 precinct basis),77,77,1621,1621,vap
CLAY - BRAS,120,37120,State House District 120,,,1.0,120,120,HD-120,state_house,2024,sl_2023_149,SL 2023-149 House Lines (block-weighted December 2025 precinct basis),49,49,846,846,vap
CLAY - HAY1,120,37120,State House District 120,,,1.0,120,120,HD-120,state_house,2024,sl_2023_149,SL 2023-149 House Lines (block-weighted December 2025 precinct basis),53,53,1264,1264,vap
CLAY - HAY2,120,37120,State House District 120,,,1.0,120,120,HD-120,state_house,2024,sl_2023_149,SL 2023-149 House Lines (block-weighted December 2025 precinct basis),94,94,1484,1484,vap
CLAY - HAYC,120,37120,State House District 120,,,1.0,120,120,HD-120,state_house,2024,sl_2023_149,SL 2023-149 House Lines (block-weighted December 2025 precinct basis),39,39,476,476,vap
CLAY - HIAW,120,37120,State House District 120,,,1.0,120,120,HD-120,state_house,2024,sl_2023_149,SL 2023-149 House Lines (block-weighted December 2025 precinct basis),76,76,1571,1571,vap
CLAY - SHCR,120,37120,State House District 120,,,1.0,120,120,HD-120,state_house,2024,sl_2023_149,SL 2023-149 House Lines (block-weighted December 2025 precinct basis),91,91,1295,1295,vap
CLAY - SWEE,120,37120,State House District 120,,,1.0,120,120,HD-120,state_house,2024,sl_2023_149,SL 2023-149 House Lines (block-weighted December 2025 precinct basis),47,47,812,812,vap
CLAY - TUSQ,120,37120,State House District 120,,,1.0,120,120,HD-120,state_house,2024,sl_2023_149,SL 2023-149 House Lines (block-weighted December 2025 precinct basis),52,52,659,659,vap
CLAY - WARN,120,37120,State House District 120,,,1.0,120,120,HD-120,state_house,2024,sl_2023_149,SL 2023-149 House Lines (block-weighted December 2025 precinct basis),40,40,827,827,vap
CLEVELAND - BETHWR,111,37111,State House District 111,,,1.0,111,111,HD-111,state_house,2024,sl_2023_149,SL 2023-149 House Lines (block-weighted December 2025 precinct basis),49,49,2040,2040,vap
CLEVELAND - BR,111,37111,State House District 111,,,1.0,111,111,HD-111,state_house,2024,sl_2023_149,SL 2023-149 House Lines (block-weighted December 2025 precinct basis),197,197,6141,6141,vap
CLEVELAND - CASAR,110,37110,State House District 110,,,1.0,110,110,HD-110,state_house,2024,sl_2023_149,SL 2023-149 House Lines (block-weighted December 2025 precinct basis),92,92,1467,1467,vap
CLEVELAND - FALSTN,110,37110,State House District 110,,,1.0,110,110,HD-110,state_house,2024,sl_2023_149,SL 2023-149 House Lines (block-weighted December 2025 precinct basis),68,68,1770,1770,vap
CLEVELAND - GROVER,111,37111,State House District 111,,,1.0,111,111,HD-111,state_house,2024,sl_2023_149,SL 2023-149 House Lines (block-weighted December 2025 precinct basis),119,119,3839,3839,vap
CLEVELAND - KINGST,110,37110,State House District 110,,,1.0,110,110,HD-110,state_house,2024,sl_2023_149,SL 2023-149 House Lines (block-weighted December 2025 precinct basis),23,23,906,906,vap
CLEVELAND - KM N,111,37111,State House District 111,,,1.0,111,111,HD-111,state_house,2024,sl_2023_149,SL 2023-149 House Lines (block-weighted December 2025 precinct basis),200,200,5659,5659,vap
CLEVELAND - KM S,111,37111,State House District 111,,,1.0,111,111,HD-111,state_house,2024,sl_2023_149,SL 2023-149 House Lines (block-weighted December 2025 precinct basis),190,190,5086,5086,vap
CLEVELAND - LATT,111,37111,State House District 111,,,1.0,111,111,HD-111,state_house,2024,sl_2023_149,SL 2023-149 House Lines (block-weighted December 2025 precinct basis),212,212,3367,3367,vap
CLEVELAND - LAWNDL,110,37110,State House District 110,,,1.0,110,110,HD-110,state_house,2024,sl_2023_149,SL 2023-149 House Lines (block-weighted December 2025 precinct basis),120,120,1959,1959,vap
CLEVELAND - MRB-YO,111,37111,State House District 111,,,1.0,111,111,HD-111,state_house,2024,sl_2023_149,SL 2023-149 House Lines (block-weighted December 2025 precinct basis),123,123,1763,1763,vap
CLEVELAND - MULLS,110,37110,State House District 110,,,1.0,110,110,HD-110,state_house,2024,sl_2023_149,SL 2023-149 House Lines (block-weighted December 2025 precinct basis),136,136,2372,2372,vap
CLEVELAND - OAKGRV,111,37111,State House District 111,,,1.0,111,111,HD-111,state_house,2024,sl_2023_149,SL 2023-149 House Lines (block-weighted December 2025 precinct basis),67,67,4059,4059,vap
CLEVELAND - POLKVL,110,37110,State House District 110,,,1.0,110,110,HD-110,state_house,2024,sl_2023_149,SL 2023-149 House Lines (block-weighted December 2025 precinct basis),146,146,2679,2679,vap
CLEVELAND - RIPPY,111,37111,State House District 111,,,1.0,111,111,HD-111,state_house,2024,sl_2023_149,SL 2023-149 House Lines (block-weighted December 2025 precinct basis),131,131,4419,4419,vap
CLEVELAND - S C,110,37110,State House District 110,,,1.0,110,110,HD-110,state_house,2024,sl_2023_149,SL 2023-149 House Lines (block-weighted December 2025 precinct basis),376,376,8358,8358,vap
CLEVELAND - S E,110,37110,State House District 110,,,1.0,110,110,HD-110,state_house,2024,sl_2023_149,SL 2023-149 House Lines (block-weighted December 2025 precinct basis),74,74,2769,2769,vap
CLEVELAND - S N,110,37110,State House District 110,,,1.0,110,110,HD-110,state_house,2024,sl_2023_149,SL 2023-149 House Lines (block-weighted December 2025 precinct basis),186,186,5213,5213,vap
CLEVELAND - S S,111,37111,State House District 111,,,1.0,111,111,HD-111,state_house,2024,sl_2023_149,SL 2023-149 House Lines (block-weighted December 2025 precinct basis),243,244,7102,7102,vap
CLEVELAND - SHANGI,111,37111,State House District 111,,,1.0,111,111,HD-111,state_house,2024,sl_2023_149,SL 2023-149 House Lines (block-weighted December 2025 precinct basis),88,88,2988,2988,vap
CLEVELAND - WACO,110,37110,State House District 110,,,1.0,110,110,HD-110,state_house,2024,sl_2023_149,SL 2023-149 House Lines (block-weighted December 2025 precinct basis),122,122,4052,4052,vap
COLUMBUS - P02B,46,37046,State House District 46,,,1.0,46,046,HD-046,state_house,2024,sl_2023_149,SL 2023-149 House Lines (block-weighted December 2025 precinct basis),179,179,1012,1012,vap
COLUMBUS - P06,46,37046,State House District 46,,,1.0,46,046,HD-046,state_house,2024,sl_2023_149,SL 2023-149 House Lines (block-weighted December 2025 precinct basis),67,67,866,866,vap
COLUMBUS - P07,46,37046,State House District 46,,,1.0,46,046,HD-046,state_house,2024,sl_2023_149,SL 2023-149 House Lines (block-weighted December 2025 precinct basis),222,222,3207,3207,vap
COLUMBUS - P117,46,37046,State House District 46,,,1.0,46,046,HD-046,state_house,2024,sl_2023_149,SL 2023-149 House Lines (block-weighted December 2025 precinct basis),192,192,2988,2988,vap
COLUMBUS - P121,46,37046,State House District 46,,,1.0,46,046,HD-046,state_house,2024,sl_2023_149,SL 2023-149 House Lines (block-weighted December 2025 precinct basis),106,106,2651,2651,vap
COLUMBUS - P14,46,37046,State House District 46,,,1.0,46,046,HD-046,state_house,2024,sl_2023_149,SL 2023-149 House Lines (block-weighted December 2025 precinct basis),277,277,3473,3473,vap
COLUMBUS - P15,46,37046,State House District 46,,,1.0,46,046,HD-046,state_house,2024,sl_2023_149,SL 2023-149 House Lines (block-weighted December 2025 precinct basis),117,117,2309,2309,vap
COLUMBUS - P16B,46,37046,State House District 46,,,1.0,46,046,HD-046,state_house,2024,sl_2023_149,SL 2023-149 House Lines (block-weighted December 2025 precinct basis),133,133,1747,1747,vap
COLUMBUS - P19,46,37046,State House District 46,,,1.0,46,046,HD-046,state_house,2024,sl_2023_149,SL 2023-149 House Lines (block-weighted December 2025 precinct basis),115,115,2716,2716,vap
COLUMBUS - P223,46,37046,State House District 46,,,1.0,46,046,HD-046,state_house,2024,sl_2023_149,SL 2023-149 House Lines (block-weighted December 2025 precinct basis),196,196,3098,3098,vap
COLUMBUS - P22A,46,37046,State House District 46,,,1.0,46,046,HD-046,state_house,2024,sl_2023_149,SL 2023-149 House Lines (block-weighted December 2025 precinct basis),98,98,2265,2265,vap
COLUMBUS - P245,46,37046,State House District 46,,,1.0,46,046,HD-046,state_house,2024,sl_2023_149,SL 2023-149 House Lines (block-weighted December 2025 precinct basis),139,139,3513,3513,vap
COLUMBUS - P26B,46,37046,State House District 46,,,1.0,46,046,HD-046,state_house,2024,sl_2023_149,SL 2023-149 House Lines (block-weighted December 2025 precinct basis),191,191,4929,4929,vap
COLUMBUS - P534,46,37046,State House District 46,,,1.0,46,046,HD-046,state_house,2024,sl_2023_149,SL 2023-149 House Lines (block-weighted December 2025 precinct basis),113,113,2252,2252,vap
COLUMBUS - P82,46,37046,State House District 46,,,1.0,46,046,HD-046,state_house,2024,sl_2023_149,SL 2023-149 House Lines (block-weighted December 2025 precinct basis),73,73,1738,1738,vap
COLUMBUS - P89,46,37046,State House District 46,,,1.0,46,046,HD-046,state_house,2024,sl_2023_149,SL 2023-149 House Lines (block-weighted December 2025 precinct basis),180,180,1534,1534,vap
CRAVEN - 02,13,37013,State House District 13,,,0.6781330288324293,13,013,HD-013,state_house,2024,sl_2023_149,SL 2023-149 House Lines (block-weighted December 2025 precinct basis),310,494,9502,14012,vap
CRAVEN - 02,3,37003,State House District 3,,,0.3218669711675707,3,003,HD-003,state_house,2024,sl_2023_149,SL 2023-149 House Lines (block-weighted December 2025 precinct basis),184,494,4510,14012,vap
CRAVEN - 03,3,37003,State House District 3,,,1.0,3,003,HD-003,state_house,2024,sl_2023_149,SL 2023-149 House Lines (block-weighted December 2025 precinct basis),68,68,3308,3308,vap
CRAVEN - 05,3,37003,State House District 3,,,1.0,3,003,HD-003,state_house,2024,sl_2023_149,SL 2023-149 House Lines (block-weighted December 2025 precinct basis),43,43,2548,2548,vap
CRAVEN - 07,3,37003,State House District 3,,,1.0,3,003,HD-003,state_house,2024,sl_2023_149,SL 2023-149 House Lines (block-weighted December 2025 precinct basis),94,94,2509,2509,vap
CRAVEN - 11,3,37003,State House District 3,,,1.0,3,003,HD-003,state_house,2024,sl_2023_149,SL 2023-149 House Lines (block-weighted December 2025 precinct basis),194,194,3340,3340,vap
CRAVEN - 16,3,37003,State House District 3,,,1.0,3,003,HD-003,state_house,2024,sl_2023_149,SL 2023-149 House Lines (block-weighted December 2025 precinct basis),84,84,4503,4503,vap
CRAVEN - 17,3,37003,State House District 3,,,1.0,3,003,HD-003,state_house,2024,sl_2023_149,SL 2023-149 House Lines (block-weighted December 2025 precinct basis),81,81,2660,2660,vap
CRAVEN - 19,13,37013,State House District 13,,,1.0,13,013,HD-013,state_house,2024,sl_2023_149,SL 2023-149 House Lines (block-weighted December 2025 precinct basis),129,129,3144,3144,vap
CRAVEN - 20,3,37003,State House District 3,,,1.0,3,003,HD-003,state_house,2024,sl_2023_149,SL 2023-149 House Lines (block-weighted December 2025 precinct basis),41,41,3086,3086,vap
CRAVEN - 21,3,37003,State House District 3,,,1.0,3,003,HD-003,state_house,2024,sl_2023_149,SL 2023-149 House Lines (block-weighted December 2025 precinct basis),71,71,2929,2929,vap
CRAVEN - 23,3,37003,State House District 3,,,1.0,3,003,HD-003,state_house,2024,sl_2023_149,SL 2023-149 House Lines (block-weighted December 2025 precinct basis),165,165,5605,5605,vap
CRAVEN - CFB8,3,37003,State House District 3,,,1.0,3,003,HD-003,state_house,2024,sl_2023_149,SL 2023-149 House Lines (block-weighted December 2025 precinct basis),84,84,1532,1532,vap
CRAVEN - CLR4,3,37003,State House District 3,,,1.0,3,003,HD-003,state_house,2024,sl_2023_149,SL 2023-149 House Lines (block-weighted December 2025 precinct basis),121,121,2357,2357,vap
CRAVEN - DFB9,3,37003,State House District 3,,,1.0,3,003,HD-003,state_house,2024,sl_2023_149,SL 2023-149 House Lines (block-weighted December 2025 precinct basis),59,59,926,926,vap
CRAVEN - N1,3,37003,State House District 3,,,1.0,3,003,HD-003,state_house,2024,sl_2023_149,SL 2023-149 House Lines (block-weighted December 2025 precinct basis),120,120,2188,2188,vap
CRAVEN - N2,3,37003,State House District 3,,,1.0,3,003,HD-003,state_house,2024,sl_2023_149,SL 2023-149 House Lines (block-weighted December 2025 precinct basis),112,112,2454,2454,vap
CRAVEN - N3N5,3,37003,State House District 3,,,1.0,3,003,HD-003,state_house,2024,sl_2023_149,SL 2023-149 House Lines (block-weighted December 2025 precinct basis),188,188,4320,4320,vap
CRAVEN - N4,3,37003,State House District 3,,,1.0,3,003,HD-003,state_house,2024,sl_2023_149,SL 2023-149 House Lines (block-weighted December 2025 precinct basis),75,75,6194,6194,vap
CRAVEN - N6,3,37003,State House District 3,,,1.0,3,003,HD-003,state_house,2024,sl_2023_149,SL 2023-149 House Lines (block-weighted December 2025 precinct basis),96,96,5075,5075,vap
CRAVEN - TE13,3,37003,State House District 3,,,1.0,3,003,HD-003,state_house,2024,sl_2023_149,SL 2023-149 House Lines (block-weighted December 2025 precinct basis),114,114,1396,1396,vap
CRAVEN - VE14,3,37003,State House District 3,,,1.0,3,003,HD-003,state_house,2024,sl_2023_149,SL 2023-149 House Lines (block-weighted December 2025 precinct basis),192,192,5697,5697,vap
CUMBERLAND - AH49,45,37045,State House District 45,,,1.0,45,045,HD-045,state_house,2024,sl_2023_149,SL 2023-149 House Lines (block-weighted December 2025 precinct basis),54,54,4202,4202,vap
CUMBERLAND - AL51-1,43,37043,State House District 43,,,1.0,43,043,HD-043,state_house,2024,sl_2023_149,SL 2023-149 House Lines (block-weighted December 2025 precinct basis),22,22,1467,1467,vap
CUMBERLAND - AL51-2,43,37043,State House District 43,,,1.0,43,043,HD-043,state_house,2024,sl_2023_149,SL 2023-149 House Lines (block-weighted December 2025 precinct basis),35,35,2252,2252,vap
CUMBERLAND - AL51-3,43,37043,State House District 43,,,1.0,43,043,HD-043,state_house,2024,sl_2023_149,SL 2023-149 House Lines (block-weighted December 2025 precinct basis),43,43,1692,1692,vap
CUMBERLAND - CC01,44,37044,State House District 44,,,1.0,44,044,HD-044,state_house,2024,sl_2023_149,SL 2023-149 House Lines (block-weighted December 2025 precinct basis),204,204,2931,2931,vap
CUMBERLAND - CC03,44,37044,State House District 44,,,1.0,44,044,HD-044,state_house,2024,sl_2023_149,SL 2023-149 House Lines (block-weighted December 2025 precinct basis),80,80,2524,2524,vap
CUMBERLAND - CC04,44,37044,State House District 44,,,1.0,44,044,HD-044,state_house,2024,sl_2023_149,SL 2023-149 House Lines (block-weighted December 2025 precinct basis),40,40,1328,1328,vap
CUMBERLAND - CC06,44,37044,State House District 44,,,1.0,44,044,HD-044,state_house,2024,sl_2023_149,SL 2023-149 House Lines (block-weighted December 2025 precinct basis),46,46,1546,1546,vap
CUMBERLAND - CC07,44,37044,State House District 44,,,1.0,44,044,HD-044,state_house,2024,sl_2023_149,SL 2023-149 House Lines (block-weighted December 2025 precinct basis),41,41,1194,1194,vap
CUMBERLAND - CC08,44,37044,State House District 44,,,1.0,44,044,HD-044,state_house,2024,sl_2023_149,SL 2023-149 House Lines (block-weighted December 2025 precinct basis),39,39,1340,1340,vap
CUMBERLAND - CC10,44,37044,State House District 44,,,1.0,44,044,HD-044,state_house,2024,sl_2023_149,SL 2023-149 House Lines (block-weighted December 2025 precinct basis),21,21,1291,1291,vap
CUMBERLAND - CC12,44,37044,State House District 44,,,1.0,44,044,HD-044,state_house,2024,sl_2023_149,SL 2023-149 House Lines (block-weighted December 2025 precinct basis),34,34,1714,1714,vap
CUMBERLAND - CC13,44,37044,State House District 44,,,1.0,44,044,HD-044,state_house,2024,sl_2023_149,SL 2023-149 House Lines (block-weighted December 2025 precinct basis),43,43,2940,2940,vap
CUMBERLAND - CC14,44,37044,State House District 44,,,1.0,44,044,HD-044,state_house,2024,sl_2023_149,SL 2023-149 House Lines (block-weighted December 2025 precinct basis),65,65,3340,3340,vap
CUMBERLAND - CC15,44,37044,State House District 44,,,1.0,44,044,HD-044,state_house,2024,sl_2023_149,SL 2023-149 House Lines (block-weighted December 2025 precinct basis),61,61,3206,3206,vap
CUMBERLAND - CC16,42,37042,State House District 42,,,1.0,42,042,HD-042,state_house,2024,sl_2023_149,SL 2023-149 House Lines (block-weighted December 2025 precinct basis),38,38,1901,1901,vap
CUMBERLAND - CC17,44,37044,State House District 44,,,1.0,44,044,HD-044,state_house,2024,sl_2023_149,SL 2023-149 House Lines (block-weighted December 2025 precinct basis),120,120,2687,2687,vap
CUMBERLAND - CC18,44,37044,State House District 44,,,1.0,44,044,HD-044,state_house,2024,sl_2023_149,SL 2023-149 House Lines (block-weighted December 2025 precinct basis),51,51,1672,1672,vap
CUMBERLAND - CC21,44,37044,State House District 44,,,1.0,44,044,HD-044,state_house,2024,sl_2023_149,SL 2023-149 House Lines (block-weighted December 2025 precinct basis),87,87,4247,4247,vap
CUMBERLAND - CC22A,43,37043,State House District 43,,,1.0,43,043,HD-043,state_house,2024,sl_2023_149,SL 2023-149 House Lines (block-weighted December 2025 precinct basis),139,139,5821,5821,vap
CUMBERLAND - CC23-2,43,37043,State House District 43,,,1.0,43,043,HD-043,state_house,2024,sl_2023_149,SL 2023-149 House Lines (block-weighted December 2025 precinct basis),60,60,3224,3224,vap
CUMBERLAND - CC24,44,37044,State House District 44,,,1.0,44,044,HD-044,state_house,2024,sl_2023_149,SL 2023-149 House Lines (block-weighted December 2025 precinct basis),51,51,2058,2058,vap
CUMBERLAND - CC25,44,37044,State House District 44,,,1.0,44,044,HD-044,state_house,2024,sl_2023_149,SL 2023-149 House Lines (block-weighted December 2025 precinct basis),36,36,2394,2394,vap
CUMBERLAND - CC26,44,37044,State House District 44,,,1.0,44,044,HD-044,state_house,2024,sl_2023_149,SL 2023-149 House Lines (block-weighted December 2025 precinct basis),38,38,4604,4604,vap
CUMBERLAND - CC27,42,37042,State House District 42,,,1.0,42,042,HD-042,state_house,2024,sl_2023_149,SL 2023-149 House Lines (block-weighted December 2025 precinct basis),64,64,5810,5810,vap
CUMBERLAND - CC29,44,37044,State House District 44,,,1.0,44,044,HD-044,state_house,2024,sl_2023_149,SL 2023-149 House Lines (block-weighted December 2025 precinct basis),43,43,3055,3055,vap
CUMBERLAND - CC31,44,37044,State House District 44,,,1.0,44,044,HD-044,state_house,2024,sl_2023_149,SL 2023-149 House Lines (block-weighted December 2025 precinct basis),72,72,2595,2595,vap
CUMBERLAND - CC32,44,37044,State House District 44,,,1.0,44,044,HD-044,state_house,2024,sl_2023_149,SL 2023-149 House Lines (block-weighted December 2025 precinct basis),18,18,1781,1781,vap
CUMBERLAND - CC33,44,37044,State House District 44,,,1.0,44,044,HD-044,state_house,2024,sl_2023_149,SL 2023-149 House Lines (block-weighted December 2025 precinct basis),52,52,2623,2623,vap
CUMBERLAND - CC34,44,37044,State House District 44,,,1.0,44,044,HD-044,state_house,2024,sl_2023_149,SL 2023-149 House Lines (block-weighted December 2025 precinct basis),27,27,2362,2362,vap
CUMBERLAND - CC519,42,37042,State House District 42,,,0.7673975214489991,42,042,HD-042,state_house,2024,sl_2023_149,SL 2023-149 House Lines (block-weighted December 2025 precinct basis),51,124,2415,3147,vap
CUMBERLAND - CC519,44,37044,State House District 44,,,0.23260247855100094,44,044,HD-044,state_house,2024,sl_2023_149,SL 2023-149 House Lines (block-weighted December 2025 precinct basis),72,124,732,3147,vap
CUMBERLAND - CL57-1,42,37042,State House District 42,,,1.0,42,042,HD-042,state_house,2024,sl_2023_149,SL 2023-149 House Lines (block-weighted December 2025 precinct basis),53,53,3474,3474,vap
CUMBERLAND - CL57-2,42,37042,State House District 42,,,1.0,42,042,HD-042,state_house,2024,sl_2023_149,SL 2023-149 House Lines (block-weighted December 2025 precinct basis),47,47,3322,3322,vap
CUMBERLAND - CU02,45,37045,State House District 45,,,1.0,45,045,HD-045,state_house,2024,sl_2023_149,SL 2023-149 House Lines (block-weighted December 2025 precinct basis),41,41,2296,2296,vap
CUMBERLAND - EO01,43,37043,State House District 43,,,1.0,43,043,HD-043,state_house,2024,sl_2023_149,SL 2023-149 House Lines (block-weighted December 2025 precinct basis),158,159,3210,3210,vap
CUMBERLAND - EO02,43,37043,State House District 43,,,1.0,43,043,HD-043,state_house,2024,sl_2023_149,SL 2023-149 House Lines (block-weighted December 2025 precinct basis),59,59,2082,2082,vap
CUMBERLAND - G10A,45,37045,State House District 45,,,1.0,45,045,HD-045,state_house,2024,sl_2023_149,SL 2023-149 House Lines (block-weighted December 2025 precinct basis),97,97,5428,5428,vap
CUMBERLAND - G10B,45,37045,State House District 45,,,1.0,45,045,HD-045,state_house,2024,sl_2023_149,SL 2023-149 House Lines (block-weighted December 2025 precinct basis),69,69,3389,3389,vap
CUMBERLAND - G10C,45,37045,State House District 45,,,1.0,45,045,HD-045,state_house,2024,sl_2023_149,SL 2023-149 House Lines (block-weighted December 2025 precinct basis),104,104,4691,4691,vap
CUMBERLAND - G11B,42,37042,State House District 42,,,1.0,42,042,HD-042,state_house,2024,sl_2023_149,SL 2023-149 House Lines (block-weighted December 2025 precinct basis),599,599,18738,18738,vap
CUMBERLAND - G1A,43,37043,State House District 43,,,1.0,43,043,HD-043,state_house,2024,sl_2023_149,SL 2023-149 House Lines (block-weighted December 2025 precinct basis),140,141,2782,2782,vap
CUMBERLAND - G1B,43,37043,State House District 43,,,1.0,43,043,HD-043,state_house,2024,sl_2023_149,SL 2023-149 House Lines (block-weighted December 2025 precinct basis),81,81,4228,4228,vap
CUMBERLAND - G2A,42,37042,State House District 42,,,1.0,42,042,HD-042,state_house,2024,sl_2023_149,SL 2023-149 House Lines (block-weighted December 2025 precinct basis),83,83,5160,5160,vap
CUMBERLAND - G2C-1,43,37043,State House District 43,,,1.0,43,043,HD-043,state_house,2024,sl_2023_149,SL 2023-149 House Lines (block-weighted December 2025 precinct basis),56,56,3441,3441,vap
CUMBERLAND - G2E-1,42,37042,State House District 42,,,1.0,42,042,HD-042,state_house,2024,sl_2023_149,SL 2023-149 House Lines (block-weighted December 2025 precinct basis),53,53,2544,2544,vap
CUMBERLAND - G2E-2,44,37044,State House District 44,,,1.0,44,044,HD-044,state_house,2024,sl_2023_149,SL 2023-149 House Lines (block-weighted December 2025 precinct basis),68,68,3348,3348,vap
CUMBERLAND - G3A-1,45,37045,State House District 45,,,1.0,45,045,HD-045,state_house,2024,sl_2023_149,SL 2023-149 House Lines (block-weighted December 2025 precinct basis),76,76,4631,4631,vap
CUMBERLAND - G3A-2C,43,37043,State House District 43,,,1.0,43,043,HD-043,state_house,2024,sl_2023_149,SL 2023-149 House Lines (block-weighted December 2025 precinct basis),128,128,3443,3443,vap
CUMBERLAND - G3B,43,37043,State House District 43,,,1.0,43,043,HD-043,state_house,2024,sl_2023_149,SL 2023-149 House Lines (block-weighted December 2025 precinct basis),93,93,1519,1519,vap
CUMBERLAND - G3C,43,37043,State House District 43,,,1.0,43,043,HD-043,state_house,2024,sl_2023_149,SL 2023-149 House Lines (block-weighted December 2025 precinct basis),169,169,1600,1600,vap
CUMBERLAND - G4A,44,37044,State House District 44,,,1.0,44,044,HD-044,state_house,2024,sl_2023_149,SL 2023-149 House Lines (block-weighted December 2025 precinct basis),74,74,1804,1804,vap
CUMBERLAND - G4B,44,37044,State House District 44,,,1.0,44,044,HD-044,state_house,2024,sl_2023_149,SL 2023-149 House Lines (block-weighted December 2025 precinct basis),70,71,2137,2137,vap
CUMBERLAND - G4C,45,37045,State House District 45,,,1.0,45,045,HD-045,state_house,2024,sl_2023_149,SL 2023-149 House Lines (block-weighted December 2025 precinct basis),40,40,2591,2591,vap
CUMBERLAND - G5A-1,45,37045,State House District 45,,,1.0,45,045,HD-045,state_house,2024,sl_2023_149,SL 2023-149 House Lines (block-weighted December 2025 precinct basis),37,37,2859,2859,vap
CUMBERLAND - G5A-2,45,37045,State House District 45,,,1.0,45,045,HD-045,state_house,2024,sl_2023_149,SL 2023-149 House Lines (block-weighted December 2025 precinct basis),56,56,2513,2513,vap
CUMBERLAND - G5B-1,42,37042,State House District 42,,,1.0,42,042,HD-042,state_house,2024,sl_2023_149,SL 2023-149 House Lines (block-weighted December 2025 precinct basis),31,31,3956,3956,vap
CUMBERLAND - G5B-2,45,37045,State House District 45,,,1.0,45,045,HD-045,state_house,2024,sl_2023_149,SL 2023-149 House Lines (block-weighted December 2025 precinct basis),31,31,2871,2871,vap
CUMBERLAND - G5C,45,37045,State House District 45,,,1.0,45,045,HD-045,state_house,2024,sl_2023_149,SL 2023-149 House Lines (block-weighted December 2025 precinct basis),47,47,2950,2950,vap
CUMBERLAND - G6A,43,37043,State House District 43,,,1.0,43,043,HD-043,state_house,2024,sl_2023_149,SL 2023-149 House Lines (block-weighted December 2025 precinct basis),121,121,4994,4994,vap
CUMBERLAND - G6B,43,37043,State House District 43,,,1.0,43,043,HD-043,state_house,2024,sl_2023_149,SL 2023-149 House Lines (block-weighted December 2025 precinct basis),62,62,1274,1274,vap
CUMBERLAND - G6C,43,37043,State House District 43,,,1.0,43,043,HD-043,state_house,2024,sl_2023_149,SL 2023-149 House Lines (block-weighted December 2025 precinct basis),59,59,2131,2131,vap
CUMBERLAND - G7A,43,37043,State House District 43,,,1.0,43,043,HD-043,state_house,2024,sl_2023_149,SL 2023-149 House Lines (block-weighted December 2025 precinct basis),110,110,1402,1402,vap
CUMBERLAND - G7B,43,37043,State House District 43,,,1.0,43,043,HD-043,state_house,2024,sl_2023_149,SL 2023-149 House Lines (block-weighted December 2025 precinct basis),122,122,1325,1325,vap
CUMBERLAND - G8A,45,37045,State House District 45,,,1.0,45,045,HD-045,state_house,2024,sl_2023_149,SL 2023-149 House Lines (block-weighted December 2025 precinct basis),67,67,4365,4365,vap
CUMBERLAND - G8B,45,37045,State House District 45,,,1.0,45,045,HD-045,state_house,2024,sl_2023_149,SL 2023-149 House Lines (block-weighted December 2025 precinct basis),48,48,2913,2913,vap
CUMBERLAND - G8C,45,37045,State House District 45,,,1.0,45,045,HD-045,state_house,2024,sl_2023_149,SL 2023-149 House Lines (block-weighted December 2025 precinct basis),63,63,3037,3037,vap
CUMBERLAND - G8D,45,37045,State House District 45,,,1.0,45,045,HD-045,state_house,2024,sl_2023_149,SL 2023-149 House Lines (block-weighted December 2025 precinct basis),95,95,3177,3177,vap
CUMBERLAND - G9A-3,45,37045,State House District 45,,,1.0,45,045,HD-045,state_house,2024,sl_2023_149,SL 2023-149 House Lines (block-weighted December 2025 precinct basis),87,88,3326,3326,vap
CUMBERLAND - G9B-1,45,37045,State House District 45,,,1.0,45,045,HD-045,state_house,2024,sl_2023_149,SL 2023-149 House Lines (block-weighted December 2025 precinct basis),137,137,5913,5913,vap
CUMBERLAND - G9B-2,43,37043,State House District 43,,,1.0,43,043,HD-043,state_house,2024,sl_2023_149,SL 2023-149 House Lines (block-weighted December 2025 precinct basis),110,110,5081,5081,vap
CUMBERLAND - LI65,43,37043,State House District 43,,,1.0,43,043,HD-043,state_house,2024,sl_2023_149,SL 2023-149 House Lines (block-weighted December 2025 precinct basis),117,117,3763,3763,vap
CUMBERLAND - LO66A,43,37043,State House District 43,,,1.0,43,043,HD-043,state_house,2024,sl_2023_149,SL 2023-149 House Lines (block-weighted December 2025 precinct basis),97,97,4504,4504,vap
CUMBERLAND - LR63,42,37042,State House District 42,,,1.0,42,042,HD-042,state_house,2024,sl_2023_149,SL 2023-149 House Lines (block-weighted December 2025 precinct basis),71,71,5222,5222,vap
CUMBERLAND - MB62,42,37042,State House District 42,,,1.0,42,042,HD-042,state_house,2024,sl_2023_149,SL 2023-149 House Lines (block-weighted December 2025 precinct basis),53,53,3503,3503,vap
CUMBERLAND - MR02,44,37044,State House District 44,,,1.0,44,044,HD-044,state_house,2024,sl_2023_149,SL 2023-149 House Lines (block-weighted December 2025 precinct basis),61,62,3999,3999,vap
CUMBERLAND - SH77,43,37043,State House District 43,,,1.0,43,043,HD-043,state_house,2024,sl_2023_149,SL 2023-149 House Lines (block-weighted December 2025 precinct basis),57,57,3079,3079,vap
CUMBERLAND - SL78-3,42,37042,State House District 42,,,1.0,42,042,HD-042,state_house,2024,sl_2023_149,SL 2023-149 House Lines (block-weighted December 2025 precinct basis),244,244,7518,7518,vap
CURRITUCK - CB,1,37001,State House District 1,,,1.0,1,001,HD-001,state_house,2024,sl_2023_149,SL 2023-149 House Lines (block-weighted December 2025 precinct basis),82,82,273,273,vap
CURRITUCK - CH,1,37001,State House District 1,,,1.0,1,001,HD-001,state_house,2024,sl_2023_149,SL 2023-149 House Lines (block-weighted December 2025 precinct basis),48,48,4130,4130,vap
CURRITUCK - CO,1,37001,State House District 1,,,1.0,1,001,HD-001,state_house,2024,sl_2023_149,SL 2023-149 House Lines (block-weighted December 2025 precinct basis),31,31,1186,1186,vap
CURRITUCK - EM,1,37001,State House District 1,,,1.0,1,001,HD-001,state_house,2024,sl_2023_149,SL 2023-149 House Lines (block-weighted December 2025 precinct basis),40,40,2598,2598,vap
CURRITUCK - GW,1,37001,State House District 1,,,1.0,1,001,HD-001,state_house,2024,sl_2023_149,SL 2023-149 House Lines (block-weighted December 2025 precinct basis),8,8,355,355,vap
CURRITUCK - IR,1,37001,State House District 1,,,1.0,1,001,HD-001,state_house,2024,sl_2023_149,SL 2023-149 House Lines (block-weighted December 2025 precinct basis),34,34,1290,1290,vap
CURRITUCK - KI,1,37001,State House District 1,,,1.0,1,001,HD-001,state_house,2024,sl_2023_149,SL 2023-149 House Lines (block-weighted December 2025 precinct basis),29,29,1210,1210,vap
CURRITUCK - PB,1,37001,State House District 1,,,1.0,1,001,HD-001,state_house,2024,sl_2023_149,SL 2023-149 House Lines (block-weighted December 2025 precinct basis),81,81,4202,4202,vap
CURRITUCK - PP,1,37001,State House District 1,,,1.0,1,001,HD-001,state_house,2024,sl_2023_149,SL 2023-149 House Lines (block-weighted December 2025 precinct basis),34,34,1922,1922,vap
CURRITUCK - WH,1,37001,State House District 1,,,1.0,1,001,HD-001,state_house,2024,sl_2023_149,SL 2023-149 House Lines (block-weighted December 2025 precinct basis),78,78,1079,1079,vap
CURRITUCK - WM,1,37001,State House District 1,,,1.0,1,001,HD-001,state_house,2024,sl_2023_149,SL 2023-149 House Lines (block-weighted December 2025 precinct basis),58,58,3759,3759,vap
DARE - AVON,79,37079,State House District 79,,,1.0,79,079,HD-079,state_house,2024,sl_2023_149,SL 2023-149 House Lines (block-weighted December 2025 precinct basis),65,65,728,728,vap
DARE - BUX,79,37079,State House District 79,,,1.0,79,079,HD-079,state_house,2024,sl_2023_149,SL 2023-149 House Lines (block-weighted December 2025 precinct basis),44,44,1114,1114,vap
DARE - CHCA,79,37079,State House District 79,,,0.9683860232945092,79,079,HD-079,state_house,2024,sl_2023_149,SL 2023-149 House Lines (block-weighted December 2025 precinct basis),131,132,582,601,vap
DARE - CHCA,1,37001,State House District 1,,,0.03161397670549085,1,001,HD-001,state_house,2024,sl_2023_149,SL 2023-149 House Lines (block-weighted December 2025 precinct basis),1,132,19,601,vap
DARE - COL,1,37001,State House District 1,,,1.0,1,001,HD-001,state_house,2024,sl_2023_149,SL 2023-149 House Lines (block-weighted December 2025 precinct basis),43,43,3606,3606,vap
DARE - DUCK,1,37001,State House District 1,,,1.0,1,001,HD-001,state_house,2024,sl_2023_149,SL 2023-149 House Lines (block-weighted December 2025 precinct basis),30,30,684,684,vap
DARE - EL,1,37001,State House District 1,,,1.0,1,001,HD-001,state_house,2024,sl_2023_149,SL 2023-149 House Lines (block-weighted December 2025 precinct basis),242,242,100,100,vap
DARE - FRCO,79,37079,State House District 79,,,1.0,79,079,HD-079,state_house,2024,sl_2023_149,SL 2023-149 House Lines (block-weighted December 2025 precinct basis),27,27,754,754,vap
DARE - HAT,79,37079,State House District 79,,,1.0,79,079,HD-079,state_house,2024,sl_2023_149,SL 2023-149 House Lines (block-weighted December 2025 precinct basis),35,35,476,476,vap
DARE - KDH,79,37079,State House District 79,,,1.0,79,079,HD-079,state_house,2024,sl_2023_149,SL 2023-149 House Lines (block-weighted December 2025 precinct basis),275,275,6299,6299,vap
DARE - KTHK,1,37001,State House District 1,,,1.0,1,001,HD-001,state_house,2024,sl_2023_149,SL 2023-149 House Lines (block-weighted December 2025 precinct basis),109,109,2982,2982,vap
DARE - MATO,79,37079,State House District 79,,,1.0,79,079,HD-079,state_house,2024,sl_2023_149,SL 2023-149 House Lines (block-weighted December 2025 precinct basis),165,165,5232,5232,vap
DARE - MH,1,37001,State House District 1,,,1.0,1,001,HD-001,state_house,2024,sl_2023_149,SL 2023-149 House Lines (block-weighted December 2025 precinct basis),43,43,647,647,vap
DARE - NGHD,79,37079,State House District 79,,,1.0,79,079,HD-079,state_house,2024,sl_2023_149,SL 2023-149 House Lines (block-weighted December 2025 precinct basis),151,151,2732,2732,vap
DARE - SOSH,1,37001,State House District 1,,,1.0,1,001,HD-001,state_house,2024,sl_2023_149,SL 2023-149 House Lines (block-weighted December 2025 precinct basis),73,73,3148,3148,vap
DARE - STPT,1,37001,State House District 1,,,1.0,1,001,HD-001,state_house,2024,sl_2023_149,SL 2023-149 House Lines (block-weighted December 2025 precinct basis),146,147,144,144,vap
DARE - WAN,79,37079,State House District 79,,,1.0,79,079,HD-079,state_house,2024,sl_2023_149,SL 2023-149 House Lines (block-weighted December 2025 precinct basis),36,36,1198,1198,vap
DAVIDSON - 04,81,37081,State House District 81,,,1.0,81,081,HD-081,state_house,2024,sl_2023_149,SL 2023-149 House Lines (block-weighted December 2025 precinct basis),91,92,6042,6042,vap
DAVIDSON - 06,81,37081,State House District 81,,,1.0,81,081,HD-081,state_house,2024,sl_2023_149,SL 2023-149 House Lines (block-weighted December 2025 precinct basis),111,111,3735,3735,vap
DAVIDSON - 08,81,37081,State House District 81,,,1.0,81,081,HD-081,state_house,2024,sl_2023_149,SL 2023-149 House Lines (block-weighted December 2025 precinct basis),51,51,1235,1235,vap
DAVIDSON - 10,81,37081,State House District 81,,,1.0,81,081,HD-081,state_house,2024,sl_2023_149,SL 2023-149 House Lines (block-weighted December 2025 precinct basis),76,76,3075,3075,vap
DAVIDSON - 12,80,37080,State House District 80,,,1.0,80,080,HD-080,state_house,2024,sl_2023_149,SL 2023-149 House Lines (block-weighted December 2025 precinct basis),98,98,1018,1018,vap
DAVIDSON - 14,80,37080,State House District 80,,,1.0,80,080,HD-080,state_house,2024,sl_2023_149,SL 2023-149 House Lines (block-weighted December 2025 precinct basis),126,126,2186,2186,vap
DAVIDSON - 16,80,37080,State House District 80,,,1.0,80,080,HD-080,state_house,2024,sl_2023_149,SL 2023-149 House Lines (block-weighted December 2025 precinct basis),61,61,3581,3581,vap
DAVIDSON - 18,80,37080,State House District 80,,,1.0,80,080,HD-080,state_house,2024,sl_2023_149,SL 2023-149 House Lines (block-weighted December 2025 precinct basis),105,105,2210,2210,vap
DAVIDSON - 20,80,37080,State House District 80,,,1.0,80,080,HD-080,state_house,2024,sl_2023_149,SL 2023-149 House Lines (block-weighted December 2025 precinct basis),90,91,3071,3071,vap
DAVIDSON - 22,81,37081,State House District 81,,,1.0,81,081,HD-081,state_house,2024,sl_2023_149,SL 2023-149 House Lines (block-weighted December 2025 precinct basis),64,64,1338,1338,vap
DAVIDSON - 24,81,37081,State House District 81,,,1.0,81,081,HD-081,state_house,2024,sl_2023_149,SL 2023-149 House Lines (block-weighted December 2025 precinct basis),50,50,1723,1723,vap
DAVIDSON - 26,81,37081,State House District 81,,,1.0,81,081,HD-081,state_house,2024,sl_2023_149,SL 2023-149 House Lines (block-weighted December 2025 precinct basis),40,40,1315,1315,vap
DAVIDSON - 28,81,37081,State House District 81,,,1.0,81,081,HD-081,state_house,2024,sl_2023_149,SL 2023-149 House Lines (block-weighted December 2025 precinct basis),112,112,3317,3317,vap
DAVIDSON - 30,81,37081,State House District 81,,,1.0,81,081,HD-081,state_house,2024,sl_2023_149,SL 2023-149 House Lines (block-weighted December 2025 precinct basis),70,70,2597,2597,vap
DAVIDSON - 32,81,37081,State House District 81,,,1.0,81,081,HD-081,state_house,2024,sl_2023_149,SL 2023-149 House Lines (block-weighted December 2025 precinct basis),98,98,2041,2041,vap
DAVIDSON - 34,81,37081,State House District 81,,,1.0,81,081,HD-081,state_house,2024,sl_2023_149,SL 2023-149 House Lines (block-weighted December 2025 precinct basis),123,123,2782,2782,vap
DAVIDSON - 36,81,37081,State House District 81,,,1.0,81,081,HD-081,state_house,2024,sl_2023_149,SL 2023-149 House Lines (block-weighted December 2025 precinct basis),98,98,1883,1883,vap
DAVIDSON - 38,81,37081,State House District 81,,,1.0,81,081,HD-081,state_house,2024,sl_2023_149,SL 2023-149 House Lines (block-weighted December 2025 precinct basis),136,136,1966,1966,vap
DAVIDSON - 40,81,37081,State House District 81,,,1.0,81,081,HD-081,state_house,2024,sl_2023_149,SL 2023-149 House Lines (block-weighted December 2025 precinct basis),112,113,2681,2681,vap
DAVIDSON - 42,80,37080,State House District 80,,,1.0,80,080,HD-080,state_house,2024,sl_2023_149,SL 2023-149 House Lines (block-weighted December 2025 precinct basis),92,92,3061,3061,vap
DAVIDSON - 44,80,37080,State House District 80,,,1.0,80,080,HD-080,state_house,2024,sl_2023_149,SL 2023-149 House Lines (block-weighted December 2025 precinct basis),74,74,4160,4160,vap
DAVIDSON - 46,81,37081,State House District 81,,,1.0,81,081,HD-081,state_house,2024,sl_2023_149,SL 2023-149 House Lines (block-weighted December 2025 precinct basis),75,75,2999,2999,vap
DAVIDSON - 48,81,37081,State House District 81,,,1.0,81,081,HD-081,state_house,2024,sl_2023_149,SL 2023-149 House Lines (block-weighted December 2025 precinct basis),81,81,2912,2912,vap
DAVIDSON - 50,81,37081,State House District 81,,,1.0,81,081,HD-081,state_house,2024,sl_2023_149,SL 2023-149 House Lines (block-weighted December 2025 precinct basis),83,83,4013,4013,vap
DAVIDSON - 52,81,37081,State House District 81,,,1.0,81,081,HD-081,state_house,2024,sl_2023_149,SL 2023-149 House Lines (block-weighted December 2025 precinct basis),114,114,4936,4936,vap
DAVIDSON - 54,80,37080,State House District 80,,,1.0,80,080,HD-080,state_house,2024,sl_2023_149,SL 2023-149 House Lines (block-weighted December 2025 precinct basis),52,52,2312,2312,vap
DAVIDSON - 56,80,37080,State House District 80,,,1.0,80,080,HD-080,state_house,2024,sl_2023_149,SL 2023-149 House Lines (block-weighted December 2025 precinct basis),112,112,1413,1413,vap
DAVIDSON - 58,81,37081,State House District 81,,,1.0,81,081,HD-081,state_house,2024,sl_2023_149,SL 2023-149 House Lines (block-weighted December 2025 precinct basis),75,75,3767,3767,vap
DAVIDSON - 60,80,37080,State House District 80,,,1.0,80,080,HD-080,state_house,2024,sl_2023_149,SL 2023-149 House Lines (block-weighted December 2025 precinct basis),126,126,5409,5409,vap
DAVIDSON - 62,80,37080,State House District 80,,,1.0,80,080,HD-080,state_house,2024,sl_2023_149,SL 2023-149 House Lines (block-weighted December 2025 precinct basis),82,82,2546,2546,vap
DAVIDSON - 64,80,37080,State House District 80,,,1.0,80,080,HD-080,state_house,2024,sl_2023_149,SL 2023-149 House Lines (block-weighted December 2025 precinct basis),61,61,2088,2088,vap
DAVIDSON - 66,80,37080,State House District 80,,,1.0,80,080,HD-080,state_house,2024,sl_2023_149,SL 2023-149 House Lines (block-weighted December 2025 precinct basis),116,116,2536,2536,vap
DAVIDSON - 68,80,37080,State House District 80,,,1.0,80,080,HD-080,state_house,2024,sl_2023_149,SL 2023-149 House Lines (block-weighted December 2025 precinct basis),98,98,3055,3055,vap
DAVIDSON - 70,80,37080,State House District 80,,,1.0,80,080,HD-080,state_house,2024,sl_2023_149,SL 2023-149 House Lines (block-weighted December 2025 precinct basis),89,89,2611,2611,vap
DAVIDSON - 72,80,37080,State House District 80,,,1.0,80,080,HD-080,state_house,2024,sl_2023_149,SL 2023-149 House Lines (block-weighted December 2025 precinct basis),80,80,3248,3248,vap
DAVIDSON - 74,80,37080,State House District 80,,,1.0,80,080,HD-080,state_house,2024,sl_2023_149,SL 2023-149 House Lines (block-weighted December 2025 precinct basis),92,92,4589,4589,vap
DAVIDSON - 76,80,37080,State House District 80,,,1.0,80,080,HD-080,state_house,2024,sl_2023_149,SL 2023-149 House Lines (block-weighted December 2025 precinct basis),97,97,3530,3530,vap
DAVIDSON - 78,81,37081,State House District 81,,,1.0,81,081,HD-081,state_house,2024,sl_2023_149,SL 2023-149 House Lines (block-weighted December 2025 precinct basis),63,63,3879,3879,vap
DAVIDSON - 80A,80,37080,State House District 80,,,1.0,80,080,HD-080,state_house,2024,sl_2023_149,SL 2023-149 House Lines (block-weighted December 2025 precinct basis),105,105,5284,5284,vap
DAVIDSON - 82,81,37081,State House District 81,,,1.0,81,081,HD-081,state_house,2024,sl_2023_149,SL 2023-149 House Lines (block-weighted December 2025 precinct basis),76,76,3155,3155,vap
DAVIDSON - 84,81,37081,State House District 81,,,1.0,81,081,HD-081,state_house,2024,sl_2023_149,SL 2023-149 House Lines (block-weighted December 2025 precinct basis),45,45,5865,5865,vap
DAVIDSON - 86A,80,37080,State House District 80,,,1.0,80,080,HD-080,state_house,2024,sl_2023_149,SL 2023-149 House Lines (block-weighted December 2025 precinct basis),63,63,4188,4188,vap
DAVIDSON - 88,80,37080,State House District 80,,,1.0,80,080,HD-080,state_house,2024,sl_2023_149,SL 2023-149 House Lines (block-weighted December 2025 precinct basis),69,69,2827,2827,vap
DAVIE - 01,77,37077,State House District 77,,,1.0,77,077,HD-077,state_house,2024,sl_2023_149,SL 2023-149 House Lines (block-weighted December 2025 precinct basis),50,50,1153,1153,vap
DAVIE - 02,77,37077,State House District 77,,,1.0,77,077,HD-077,state_house,2024,sl_2023_149,SL 2023-149 House Lines (block-weighted December 2025 precinct basis),70,70,1291,1291,vap
DAVIE - 03,77,37077,State House District 77,,,1.0,77,077,HD-077,state_house,2024,sl_2023_149,SL 2023-149 House Lines (block-weighted December 2025 precinct basis),86,86,2968,2968,vap
DAVIE - 04,77,37077,State House District 77,,,1.0,77,077,HD-077,state_house,2024,sl_2023_149,SL 2023-149 House Lines (block-weighted December 2025 precinct basis),71,71,2480,2480,vap
DAVIE - 05,77,37077,State House District 77,,,1.0,77,077,HD-077,state_house,2024,sl_2023_149,SL 2023-149 House Lines (block-weighted December 2025 precinct basis),64,64,2646,2646,vap
DAVIE - 06,77,37077,State House District 77,,,1.0,77,077,HD-077,state_house,2024,sl_2023_149,SL 2023-149 House Lines (block-weighted December 2025 precinct basis),64,64,1813,1813,vap
DAVIE - 07,77,37077,State House District 77,,,1.0,77,077,HD-077,state_house,2024,sl_2023_149,SL 2023-149 House Lines (block-weighted December 2025 precinct basis),45,45,1944,1944,vap
DAVIE - 08,77,37077,State House District 77,,,1.0,77,077,HD-077,state_house,2024,sl_2023_149,SL 2023-149 House Lines (block-weighted December 2025 precinct basis),62,62,2104,2104,vap
DAVIE - 09,77,37077,State House District 77,,,1.0,77,077,HD-077,state_house,2024,sl_2023_149,SL 2023-149 House Lines (block-weighted December 2025 precinct basis),104,104,2651,2651,vap
DAVIE - 10,77,37077,State House District 77,,,1.0,77,077,HD-077,state_house,2024,sl_2023_149,SL 2023-149 House Lines (block-weighted December 2025 precinct basis),59,59,2547,2547,vap
DAVIE - 11,77,37077,State House District 77,,,1.0,77,077,HD-077,state_house,2024,sl_2023_149,SL 2023-149 House Lines (block-weighted December 2025 precinct basis),61,61,1895,1895,vap
DAVIE - 12,77,37077,State House District 77,,,1.0,77,077,HD-077,state_house,2024,sl_2023_149,SL 2023-149 House Lines (block-weighted December 2025 precinct basis),57,57,3775,3775,vap
DAVIE - 13,77,37077,State House District 77,,,1.0,77,077,HD-077,state_house,2024,sl_2023_149,SL 2023-149 House Lines (block-weighted December 2025 precinct basis),83,83,3278,3278,vap
DAVIE - 14,77,37077,State House District 77,,,1.0,77,077,HD-077,state_house,2024,sl_2023_149,SL 2023-149 House Lines (block-weighted December 2025 precinct basis),114,114,3208,3208,vap
DUPLIN - ALBE,4,37004,State House District 4,,,1.0,4,004,HD-004,state_house,2024,sl_2023_149,SL 2023-149 House Lines (block-weighted December 2025 precinct basis),76,76,2005,2005,vap
DUPLIN - BEUL,4,37004,State House District 4,,,1.0,4,004,HD-004,state_house,2024,sl_2023_149,SL 2023-149 House Lines (block-weighted December 2025 precinct basis),209,209,3368,3368,vap
DUPLIN - CALY,4,37004,State House District 4,,,1.0,4,004,HD-004,state_house,2024,sl_2023_149,SL 2023-149 House Lines (block-weighted December 2025 precinct basis),124,124,903,903,vap
DUPLIN - CFRK,4,37004,State House District 4,,,1.0,4,004,HD-004,state_house,2024,sl_2023_149,SL 2023-149 House Lines (block-weighted December 2025 precinct basis),29,29,831,831,vap
DUPLIN - CHAR,4,37004,State House District 4,,,1.0,4,004,HD-004,state_house,2024,sl_2023_149,SL 2023-149 House Lines (block-weighted December 2025 precinct basis),69,69,1536,1536,vap
DUPLIN - CHIN,4,37004,State House District 4,,,1.0,4,004,HD-004,state_house,2024,sl_2023_149,SL 2023-149 House Lines (block-weighted December 2025 precinct basis),29,29,907,907,vap
DUPLIN - CYCK,4,37004,State House District 4,,,1.0,4,004,HD-004,state_house,2024,sl_2023_149,SL 2023-149 House Lines (block-weighted December 2025 precinct basis),58,58,1392,1392,vap
DUPLIN - FAIS,4,37004,State House District 4,,,1.0,4,004,HD-004,state_house,2024,sl_2023_149,SL 2023-149 House Lines (block-weighted December 2025 precinct basis),137,137,1791,1791,vap
DUPLIN - GLIS,4,37004,State House District 4,,,1.0,4,004,HD-004,state_house,2024,sl_2023_149,SL 2023-149 House Lines (block-weighted December 2025 precinct basis),42,42,902,902,vap
DUPLIN - HALL,4,37004,State House District 4,,,1.0,4,004,HD-004,state_house,2024,sl_2023_149,SL 2023-149 House Lines (block-weighted December 2025 precinct basis),54,54,1493,1493,vap
DUPLIN - KENA,4,37004,State House District 4,,,1.0,4,004,HD-004,state_house,2024,sl_2023_149,SL 2023-149 House Lines (block-weighted December 2025 precinct basis),209,209,3613,3613,vap
DUPLIN - MAGN,4,37004,State House District 4,,,1.0,4,004,HD-004,state_house,2024,sl_2023_149,SL 2023-149 House Lines (block-weighted December 2025 precinct basis),179,179,1863,1863,vap
DUPLIN - ROSE,4,37004,State House District 4,,,1.0,4,004,HD-004,state_house,2024,sl_2023_149,SL 2023-149 House Lines (block-weighted December 2025 precinct basis),188,188,2088,2088,vap
DUPLIN - SMCA,4,37004,State House District 4,,,1.0,4,004,HD-004,state_house,2024,sl_2023_149,SL 2023-149 House Lines (block-weighted December 2025 precinct basis),55,55,1444,1444,vap
DUPLIN - WARS,4,37004,State House District 4,,,1.0,4,004,HD-004,state_house,2024,sl_2023_149,SL 2023-149 House Lines (block-weighted December 2025 precinct basis),306,306,3864,3864,vap
DUPLIN - WLLC,4,37004,State House District 4,,,1.0,4,004,HD-004,state_house,2024,sl_2023_149,SL 2023-149 House Lines (block-weighted December 2025 precinct basis),495,495,6883,6883,vap
DUPLIN - WOLF,4,37004,State House District 4,,,1.0,4,004,HD-004,state_house,2024,sl_2023_149,SL 2023-149 House Lines (block-weighted December 2025 precinct basis),100,100,2160,2160,vap
DURHAM - 01,30,37030,State House District 30,,,1.0,30,030,HD-030,state_house,2024,sl_2023_149,SL 2023-149 House Lines (block-weighted December 2025 precinct basis),29,29,1980,1980,vap
DURHAM - 02,30,37030,State House District 30,,,1.0,30,030,HD-030,state_house,2024,sl_2023_149,SL 2023-149 House Lines (block-weighted December 2025 precinct basis),65,65,4212,4212,vap
DURHAM - 03,30,37030,State House District 30,,,1.0,30,030,HD-030,state_house,2024,sl_2023_149,SL 2023-149 House Lines (block-weighted December 2025 precinct basis),59,59,3105,3105,vap
DURHAM - 04,30,37030,State House District 30,,,1.0,30,030,HD-030,state_house,2024,sl_2023_149,SL 2023-149 House Lines (block-weighted December 2025 precinct basis),54,54,1578,1578,vap
DURHAM - 05,30,37030,State House District 30,,,1.0,30,030,HD-030,state_house,2024,sl_2023_149,SL 2023-149 House Lines (block-weighted December 2025 precinct basis),63,63,10381,10381,vap
DURHAM - 06,30,37030,State House District 30,,,1.0,30,030,HD-030,state_house,2024,sl_2023_149,SL 2023-149 House Lines (block-weighted December 2025 precinct basis),47,47,2500,2500,vap
DURHAM - 07,30,37030,State House District 30,,,1.0,30,030,HD-030,state_house,2024,sl_2023_149,SL 2023-149 House Lines (block-weighted December 2025 precinct basis),76,76,2981,2981,vap
DURHAM - 08,30,37030,State House District 30,,,1.0,30,030,HD-030,state_house,2024,sl_2023_149,SL 2023-149 House Lines (block-weighted December 2025 precinct basis),73,73,3106,3106,vap
DURHAM - 09,29,37029,State House District 29,,,1.0,29,029,HD-029,state_house,2024,sl_2023_149,SL 2023-149 House Lines (block-weighted December 2025 precinct basis),60,60,2622,2622,vap
DURHAM - 10,31,37031,State House District 31,,,1.0,31,031,HD-031,state_house,2024,sl_2023_149,SL 2023-149 House Lines (block-weighted December 2025 precinct basis),67,67,2803,2803,vap
DURHAM - 12,31,37031,State House District 31,,,1.0,31,031,HD-031,state_house,2024,sl_2023_149,SL 2023-149 House Lines (block-weighted December 2025 precinct basis),40,40,817,817,vap
DURHAM - 13,31,37031,State House District 31,,,1.0,31,031,HD-031,state_house,2024,sl_2023_149,SL 2023-149 House Lines (block-weighted December 2025 precinct basis),41,41,1462,1462,vap
DURHAM - 14,31,37031,State House District 31,,,1.0,31,031,HD-031,state_house,2024,sl_2023_149,SL 2023-149 House Lines (block-weighted December 2025 precinct basis),74,74,3228,3228,vap
DURHAM - 15,31,37031,State House District 31,,,1.0,31,031,HD-031,state_house,2024,sl_2023_149,SL 2023-149 House Lines (block-weighted December 2025 precinct basis),44,44,2047,2047,vap
DURHAM - 17,30,37030,State House District 30,,,1.0,30,030,HD-030,state_house,2024,sl_2023_149,SL 2023-149 House Lines (block-weighted December 2025 precinct basis),147,148,4294,4294,vap
DURHAM - 18,31,37031,State House District 31,,,1.0,31,031,HD-031,state_house,2024,sl_2023_149,SL 2023-149 House Lines (block-weighted December 2025 precinct basis),62,62,3877,3877,vap
DURHAM - 19,30,37030,State House District 30,,,1.0,30,030,HD-030,state_house,2024,sl_2023_149,SL 2023-149 House Lines (block-weighted December 2025 precinct basis),90,90,3886,3886,vap
DURHAM - 20,30,37030,State House District 30,,,1.0,30,030,HD-030,state_house,2024,sl_2023_149,SL 2023-149 House Lines (block-weighted December 2025 precinct basis),55,55,2358,2358,vap
DURHAM - 21,30,37030,State House District 30,,,1.0,30,030,HD-030,state_house,2024,sl_2023_149,SL 2023-149 House Lines (block-weighted December 2025 precinct basis),53,53,2121,2121,vap
DURHAM - 22,30,37030,State House District 30,,,1.0,30,030,HD-030,state_house,2024,sl_2023_149,SL 2023-149 House Lines (block-weighted December 2025 precinct basis),74,74,6382,6382,vap
DURHAM - 23,2,37002,State House District 2,,,1.0,2,002,HD-002,state_house,2024,sl_2023_149,SL 2023-149 House Lines (block-weighted December 2025 precinct basis),105,105,7475,7475,vap
DURHAM - 24,30,37030,State House District 30,,,1.0,30,030,HD-030,state_house,2024,sl_2023_149,SL 2023-149 House Lines (block-weighted December 2025 precinct basis),57,57,5090,5090,vap
DURHAM - 25,2,37002,State House District 2,,,1.0,2,002,HD-002,state_house,2024,sl_2023_149,SL 2023-149 House Lines (block-weighted December 2025 precinct basis),87,87,3689,3689,vap
DURHAM - 26,2,37002,State House District 2,,,1.0,2,002,HD-002,state_house,2024,sl_2023_149,SL 2023-149 House Lines (block-weighted December 2025 precinct basis),65,65,1559,1559,vap
DURHAM - 27,29,37029,State House District 29,,,1.0,29,029,HD-029,state_house,2024,sl_2023_149,SL 2023-149 House Lines (block-weighted December 2025 precinct basis),60,60,3358,3358,vap
DURHAM - 28,2,37002,State House District 2,,,1.0,2,002,HD-002,state_house,2024,sl_2023_149,SL 2023-149 House Lines (block-weighted December 2025 precinct basis),145,145,6026,6026,vap
DURHAM - 29,2,37002,State House District 2,,,1.0,2,002,HD-002,state_house,2024,sl_2023_149,SL 2023-149 House Lines (block-weighted December 2025 precinct basis),170,170,5246,5246,vap
DURHAM - 30-2,31,37031,State House District 31,,,1.0,31,031,HD-031,state_house,2024,sl_2023_149,SL 2023-149 House Lines (block-weighted December 2025 precinct basis),125,125,8146,8146,vap
DURHAM - 30-3,31,37031,State House District 31,,,1.0,31,031,HD-031,state_house,2024,sl_2023_149,SL 2023-149 House Lines (block-weighted December 2025 precinct basis),101,101,6247,6247,vap
DURHAM - 30-4,31,37031,State House District 31,,,1.0,31,031,HD-031,state_house,2024,sl_2023_149,SL 2023-149 House Lines (block-weighted December 2025 precinct basis),83,83,4996,4996,vap
DURHAM - 31,31,37031,State House District 31,,,1.0,31,031,HD-031,state_house,2024,sl_2023_149,SL 2023-149 House Lines (block-weighted December 2025 precinct basis),139,139,7096,7096,vap
DURHAM - 32,31,37031,State House District 31,,,1.0,31,031,HD-031,state_house,2024,sl_2023_149,SL 2023-149 House Lines (block-weighted December 2025 precinct basis),173,173,5929,5929,vap
DURHAM - 33-1,31,37031,State House District 31,,,1.0,31,031,HD-031,state_house,2024,sl_2023_149,SL 2023-149 House Lines (block-weighted December 2025 precinct basis),150,150,5868,5868,vap
DURHAM - 33-2,31,37031,State House District 31,,,1.0,31,031,HD-031,state_house,2024,sl_2023_149,SL 2023-149 House Lines (block-weighted December 2025 precinct basis),198,198,7373,7373,vap
DURHAM - 34-1,29,37029,State House District 29,,,1.0,29,029,HD-029,state_house,2024,sl_2023_149,SL 2023-149 House Lines (block-weighted December 2025 precinct basis),27,27,3337,3337,vap
DURHAM - 34-2,29,37029,State House District 29,,,1.0,29,029,HD-029,state_house,2024,sl_2023_149,SL 2023-149 House Lines (block-weighted December 2025 precinct basis),50,50,6432,6432,vap
DURHAM - 35-4,29,37029,State House District 29,,,1.0,29,029,HD-029,state_house,2024,sl_2023_149,SL 2023-149 House Lines (block-weighted December 2025 precinct basis),75,75,4519,4519,vap
DURHAM - 35-5,29,37029,State House District 29,,,1.0,29,029,HD-029,state_house,2024,sl_2023_149,SL 2023-149 House Lines (block-weighted December 2025 precinct basis),59,59,5140,5140,vap
DURHAM - 36,29,37029,State House District 29,,,1.0,29,029,HD-029,state_house,2024,sl_2023_149,SL 2023-149 House Lines (block-weighted December 2025 precinct basis),33,33,3960,3960,vap
DURHAM - 37,30,37030,State House District 30,,,1.0,30,030,HD-030,state_house,2024,sl_2023_149,SL 2023-149 House Lines (block-weighted December 2025 precinct basis),77,78,6306,6306,vap
DURHAM - 38,29,37029,State House District 29,,,1.0,29,029,HD-029,state_house,2024,sl_2023_149,SL 2023-149 House Lines (block-weighted December 2025 precinct basis),86,86,9546,9546,vap
DURHAM - 40,30,37030,State House District 30,,,1.0,30,030,HD-030,state_house,2024,sl_2023_149,SL 2023-149 House Lines (block-weighted December 2025 precinct basis),32,32,2321,2321,vap
DURHAM - 41,29,37029,State House District 29,,,1.0,29,029,HD-029,state_house,2024,sl_2023_149,SL 2023-149 House Lines (block-weighted December 2025 precinct basis),22,22,1458,1458,vap
DURHAM - 42,29,37029,State House District 29,,,1.0,29,029,HD-029,state_house,2024,sl_2023_149,SL 2023-149 House Lines (block-weighted December 2025 precinct basis),23,23,1308,1308,vap
DURHAM - 43,30,37030,State House District 30,,,1.0,30,030,HD-030,state_house,2024,sl_2023_149,SL 2023-149 House Lines (block-weighted December 2025 precinct basis),135,135,7236,7236,vap
DURHAM - 44,2,37002,State House District 2,,,1.0,2,002,HD-002,state_house,2024,sl_2023_149,SL 2023-149 House Lines (block-weighted December 2025 precinct basis),123,123,6408,6408,vap
DURHAM - 45,2,37002,State House District 2,,,1.0,2,002,HD-002,state_house,2024,sl_2023_149,SL 2023-149 House Lines (block-weighted December 2025 precinct basis),108,110,5324,5324,vap
DURHAM - 46,2,37002,State House District 2,,,1.0,2,002,HD-002,state_house,2024,sl_2023_149,SL 2023-149 House Lines (block-weighted December 2025 precinct basis),83,83,4781,4781,vap
DURHAM - 47,31,37031,State House District 31,,,1.0,31,031,HD-031,state_house,2024,sl_2023_149,SL 2023-149 House Lines (block-weighted December 2025 precinct basis),28,28,2163,2163,vap
DURHAM - 50,30,37030,State House District 30,,,1.0,30,030,HD-030,state_house,2024,sl_2023_149,SL 2023-149 House Lines (block-weighted December 2025 precinct basis),66,66,4834,4834,vap
DURHAM - 51,29,37029,State House District 29,,,1.0,29,029,HD-029,state_house,2024,sl_2023_149,SL 2023-149 House Lines (block-weighted December 2025 precinct basis),53,53,5694,5694,vap
DURHAM - 52,31,37031,State House District 31,,,1.0,31,031,HD-031,state_house,2024,sl_2023_149,SL 2023-149 House Lines (block-weighted December 2025 precinct basis),51,51,4711,4711,vap
DURHAM - 53-2,29,37029,State House District 29,,,1.0,29,029,HD-029,state_house,2024,sl_2023_149,SL 2023-149 House Lines (block-weighted December 2025 precinct basis),76,76,4998,4998,vap
DURHAM - 54,29,37029,State House District 29,,,1.0,29,029,HD-029,state_house,2024,sl_2023_149,SL 2023-149 House Lines (block-weighted December 2025 precinct basis),75,75,9608,9608,vap
DURHAM - 55-11,31,37031,State House District 31,,,1.0,31,031,HD-031,state_house,2024,sl_2023_149,SL 2023-149 House Lines (block-weighted December 2025 precinct basis),32,32,2036,2036,vap
DURHAM - 55-49,31,37031,State House District 31,,,1.0,31,031,HD-031,state_house,2024,sl_2023_149,SL 2023-149 House Lines (block-weighted December 2025 precinct basis),14,14,2657,2657,vap
DURHAM - 56,29,37029,State House District 29,,,1.0,29,029,HD-029,state_house,2024,sl_2023_149,SL 2023-149 House Lines (block-weighted December 2025 precinct basis),69,69,4990,4990,vap
DURHAM - 57,29,37029,State House District 29,,,1.0,29,029,HD-029,state_house,2024,sl_2023_149,SL 2023-149 House Lines (block-weighted December 2025 precinct basis),69,69,5960,5960,vap
EDGECOMBE - 0101,23,37023,State House District 23,,,1.0,23,023,HD-023,state_house,2024,sl_2023_149,SL 2023-149 House Lines (block-weighted December 2025 precinct basis),123,123,2179,2179,vap
EDGECOMBE - 0102,23,37023,State House District 23,,,1.0,23,023,HD-023,state_house,2024,sl_2023_149,SL 2023-149 House Lines (block-weighted December 2025 precinct basis),183,183,3775,3775,vap
EDGECOMBE - 0103,23,37023,State House District 23,,,1.0,23,023,HD-023,state_house,2024,sl_2023_149,SL 2023-149 House Lines (block-weighted December 2025 precinct basis),99,99,2635,2635,vap
EDGECOMBE - 0104,23,37023,State House District 23,,,1.0,23,023,HD-023,state_house,2024,sl_2023_149,SL 2023-149 House Lines (block-weighted December 2025 precinct basis),77,77,2269,2269,vap
EDGECOMBE - 0201,23,37023,State House District 23,,,1.0,23,023,HD-023,state_house,2024,sl_2023_149,SL 2023-149 House Lines (block-weighted December 2025 precinct basis),92,92,1236,1236,vap
EDGECOMBE - 0301,23,37023,State House District 23,,,1.0,23,023,HD-023,state_house,2024,sl_2023_149,SL 2023-149 House Lines (block-weighted December 2025 precinct basis),64,64,525,525,vap
EDGECOMBE - 0401,23,37023,State House District 23,,,1.0,23,023,HD-023,state_house,2024,sl_2023_149,SL 2023-149 House Lines (block-weighted December 2025 precinct basis),29,29,628,628,vap
EDGECOMBE - 0501,23,37023,State House District 23,,,1.0,23,023,HD-023,state_house,2024,sl_2023_149,SL 2023-149 House Lines (block-weighted December 2025 precinct basis),50,50,808,808,vap
EDGECOMBE - 0601,23,37023,State House District 23,,,1.0,23,023,HD-023,state_house,2024,sl_2023_149,SL 2023-149 House Lines (block-weighted December 2025 precinct basis),65,65,1055,1055,vap
EDGECOMBE - 0701,23,37023,State House District 23,,,1.0,23,023,HD-023,state_house,2024,sl_2023_149,SL 2023-149 House Lines (block-weighted December 2025 precinct basis),111,111,1832,1832,vap
EDGECOMBE - 0801,23,37023,State House District 23,,,1.0,23,023,HD-023,state_house,2024,sl_2023_149,SL 2023-149 House Lines (block-weighted December 2025 precinct basis),49,49,1825,1825,vap
EDGECOMBE - 0901,23,37023,State House District 23,,,1.0,23,023,HD-023,state_house,2024,sl_2023_149,SL 2023-149 House Lines (block-weighted December 2025 precinct basis),69,69,1274,1274,vap
EDGECOMBE - 1001,23,37023,State House District 23,,,1.0,23,023,HD-023,state_house,2024,sl_2023_149,SL 2023-149 House Lines (block-weighted December 2025 precinct basis),112,112,2154,2154,vap
EDGECOMBE - 1101,23,37023,State House District 23,,,1.0,23,023,HD-023,state_house,2024,sl_2023_149,SL 2023-149 House Lines (block-weighted December 2025 precinct basis),60,60,1155,1155,vap
EDGECOMBE - 1201,23,37023,State House District 23,,,1.0,23,023,HD-023,state_house,2024,sl_2023_149,SL 2023-149 House Lines (block-weighted December 2025 precinct basis),130,130,3946,3946,vap
EDGECOMBE - 1202,23,37023,State House District 23,,,1.0,23,023,HD-023,state_house,2024,sl_2023_149,SL 2023-149 House Lines (block-weighted December 2025 precinct basis),103,103,2111,2111,vap
EDGECOMBE - 1203,23,37023,State House District 23,,,1.0,23,023,HD-023,state_house,2024,sl_2023_149,SL 2023-149 House Lines (block-weighted December 2025 precinct basis),118,118,3273,3273,vap
EDGECOMBE - 1204,23,37023,State House District 23,,,1.0,23,023,HD-023,state_house,2024,sl_2023_149,SL 2023-149 House Lines (block-weighted December 2025 precinct basis),64,64,1682,1682,vap
EDGECOMBE - 1205,23,37023,State House District 23,,,1.0,23,023,HD-023,state_house,2024,sl_2023_149,SL 2023-149 House Lines (block-weighted December 2025 precinct basis),93,93,1225,1225,vap
EDGECOMBE - 1301,23,37023,State House District 23,,,1.0,23,023,HD-023,state_house,2024,sl_2023_149,SL 2023-149 House Lines (block-weighted December 2025 precinct basis),34,34,1377,1377,vap
EDGECOMBE - 1401,23,37023,State House District 23,,,1.0,23,023,HD-023,state_house,2024,sl_2023_149,SL 2023-149 House Lines (block-weighted December 2025 precinct basis),35,35,1225,1225,vap
FORSYTH - 012,75,37075,State House District 75,,,1.0,75,075,HD-075,state_house,2024,sl_2023_149,SL 2023-149 House Lines (block-weighted December 2025 precinct basis),76,76,3023,3023,vap
FORSYTH - 013,75,37075,State House District 75,,,1.0,75,075,HD-075,state_house,2024,sl_2023_149,SL 2023-149 House Lines (block-weighted December 2025 precinct basis),100,101,4285,4285,vap
FORSYTH - 014,75,37075,State House District 75,,,1.0,75,075,HD-075,state_house,2024,sl_2023_149,SL 2023-149 House Lines (block-weighted December 2025 precinct basis),85,85,2608,2608,vap
FORSYTH - 015,75,37075,State House District 75,,,1.0,75,075,HD-075,state_house,2024,sl_2023_149,SL 2023-149 House Lines (block-weighted December 2025 precinct basis),79,79,3409,3409,vap
FORSYTH - 016,75,37075,State House District 75,,,1.0,75,075,HD-075,state_house,2024,sl_2023_149,SL 2023-149 House Lines (block-weighted December 2025 precinct basis),41,41,2848,2848,vap
FORSYTH - 017,75,37075,State House District 75,,,1.0,75,075,HD-075,state_house,2024,sl_2023_149,SL 2023-149 House Lines (block-weighted December 2025 precinct basis),46,46,2230,2230,vap
FORSYTH - 021,75,37075,State House District 75,,,1.0,75,075,HD-075,state_house,2024,sl_2023_149,SL 2023-149 House Lines (block-weighted December 2025 precinct basis),93,93,3960,3960,vap
FORSYTH - 031,91,37091,State House District 91,,,1.0,91,091,HD-091,state_house,2024,sl_2023_149,SL 2023-149 House Lines (block-weighted December 2025 precinct basis),66,66,2227,2227,vap
FORSYTH - 032,74,37074,State House District 74,,,1.0,74,074,HD-074,state_house,2024,sl_2023_149,SL 2023-149 House Lines (block-weighted December 2025 precinct basis),138,139,3146,3146,vap
FORSYTH - 033,91,37091,State House District 91,,,1.0,91,091,HD-091,state_house,2024,sl_2023_149,SL 2023-149 House Lines (block-weighted December 2025 precinct basis),76,76,3329,3329,vap
FORSYTH - 034,91,37091,State House District 91,,,1.0,91,091,HD-091,state_house,2024,sl_2023_149,SL 2023-149 House Lines (block-weighted December 2025 precinct basis),91,91,2883,2883,vap
FORSYTH - 042,75,37075,State House District 75,,,1.0,75,075,HD-075,state_house,2024,sl_2023_149,SL 2023-149 House Lines (block-weighted December 2025 precinct basis),118,118,4717,4717,vap
FORSYTH - 043,75,37075,State House District 75,,,1.0,75,075,HD-075,state_house,2024,sl_2023_149,SL 2023-149 House Lines (block-weighted December 2025 precinct basis),122,122,4391,4391,vap
FORSYTH - 051,74,37074,State House District 74,,,1.0,74,074,HD-074,state_house,2024,sl_2023_149,SL 2023-149 House Lines (block-weighted December 2025 precinct basis),56,56,3648,3648,vap
FORSYTH - 052,74,37074,State House District 74,,,1.0,74,074,HD-074,state_house,2024,sl_2023_149,SL 2023-149 House Lines (block-weighted December 2025 precinct basis),30,30,1267,1267,vap
FORSYTH - 053,74,37074,State House District 74,,,1.0,74,074,HD-074,state_house,2024,sl_2023_149,SL 2023-149 House Lines (block-weighted December 2025 precinct basis),40,41,2614,2614,vap
FORSYTH - 054,74,37074,State House District 74,,,1.0,74,074,HD-074,state_house,2024,sl_2023_149,SL 2023-149 House Lines (block-weighted December 2025 precinct basis),39,39,2668,2668,vap
FORSYTH - 055,74,37074,State House District 74,,,1.0,74,074,HD-074,state_house,2024,sl_2023_149,SL 2023-149 House Lines (block-weighted December 2025 precinct basis),74,74,4025,4025,vap
FORSYTH - 061,75,37075,State House District 75,,,1.0,75,075,HD-075,state_house,2024,sl_2023_149,SL 2023-149 House Lines (block-weighted December 2025 precinct basis),99,99,3106,3106,vap
FORSYTH - 062,75,37075,State House District 75,,,1.0,75,075,HD-075,state_house,2024,sl_2023_149,SL 2023-149 House Lines (block-weighted December 2025 precinct basis),27,27,1939,1939,vap
FORSYTH - 063,75,37075,State House District 75,,,1.0,75,075,HD-075,state_house,2024,sl_2023_149,SL 2023-149 House Lines (block-weighted December 2025 precinct basis),153,153,4374,4374,vap
FORSYTH - 064,75,37075,State House District 75,,,1.0,75,075,HD-075,state_house,2024,sl_2023_149,SL 2023-149 House Lines (block-weighted December 2025 precinct basis),41,41,1598,1598,vap
FORSYTH - 065,75,37075,State House District 75,,,1.0,75,075,HD-075,state_house,2024,sl_2023_149,SL 2023-149 House Lines (block-weighted December 2025 precinct basis),65,65,4206,4206,vap
FORSYTH - 066,75,37075,State House District 75,,,1.0,75,075,HD-075,state_house,2024,sl_2023_149,SL 2023-149 House Lines (block-weighted December 2025 precinct basis),49,49,3354,3354,vap
FORSYTH - 067,75,37075,State House District 75,,,1.0,75,075,HD-075,state_house,2024,sl_2023_149,SL 2023-149 House Lines (block-weighted December 2025 precinct basis),41,41,2757,2757,vap
FORSYTH - 068,75,37075,State House District 75,,,1.0,75,075,HD-075,state_house,2024,sl_2023_149,SL 2023-149 House Lines (block-weighted December 2025 precinct basis),38,38,2772,2772,vap
FORSYTH - 071,74,37074,State House District 74,,,1.0,74,074,HD-074,state_house,2024,sl_2023_149,SL 2023-149 House Lines (block-weighted December 2025 precinct basis),45,45,3824,3824,vap
FORSYTH - 073,74,37074,State House District 74,,,1.0,74,074,HD-074,state_house,2024,sl_2023_149,SL 2023-149 House Lines (block-weighted December 2025 precinct basis),57,57,2994,2994,vap
FORSYTH - 074,74,37074,State House District 74,,,1.0,74,074,HD-074,state_house,2024,sl_2023_149,SL 2023-149 House Lines (block-weighted December 2025 precinct basis),57,57,3588,3588,vap
FORSYTH - 075,74,37074,State House District 74,,,1.0,74,074,HD-074,state_house,2024,sl_2023_149,SL 2023-149 House Lines (block-weighted December 2025 precinct basis),33,33,785,785,vap
FORSYTH - 076,74,37074,State House District 74,,,1.0,74,074,HD-074,state_house,2024,sl_2023_149,SL 2023-149 House Lines (block-weighted December 2025 precinct basis),79,79,3487,3487,vap
FORSYTH - 077,74,37074,State House District 74,,,1.0,74,074,HD-074,state_house,2024,sl_2023_149,SL 2023-149 House Lines (block-weighted December 2025 precinct basis),40,40,3369,3369,vap
FORSYTH - 081,91,37091,State House District 91,,,1.0,91,091,HD-091,state_house,2024,sl_2023_149,SL 2023-149 House Lines (block-weighted December 2025 precinct basis),62,62,4260,4260,vap
FORSYTH - 083,91,37091,State House District 91,,,1.0,91,091,HD-091,state_house,2024,sl_2023_149,SL 2023-149 House Lines (block-weighted December 2025 precinct basis),91,91,2563,2563,vap
FORSYTH - 084,91,37091,State House District 91,,,1.0,91,091,HD-091,state_house,2024,sl_2023_149,SL 2023-149 House Lines (block-weighted December 2025 precinct basis),75,75,2481,2481,vap
FORSYTH - 085,91,37091,State House District 91,,,1.0,91,091,HD-091,state_house,2024,sl_2023_149,SL 2023-149 House Lines (block-weighted December 2025 precinct basis),120,120,2458,2458,vap
FORSYTH - 091,74,37074,State House District 74,,,1.0,74,074,HD-074,state_house,2024,sl_2023_149,SL 2023-149 House Lines (block-weighted December 2025 precinct basis),82,82,2420,2420,vap
FORSYTH - 092,74,37074,State House District 74,,,1.0,74,074,HD-074,state_house,2024,sl_2023_149,SL 2023-149 House Lines (block-weighted December 2025 precinct basis),128,128,1892,1892,vap
FORSYTH - 101,74,37074,State House District 74,,,1.0,74,074,HD-074,state_house,2024,sl_2023_149,SL 2023-149 House Lines (block-weighted December 2025 precinct basis),48,48,2565,2565,vap
FORSYTH - 111,91,37091,State House District 91,,,1.0,91,091,HD-091,state_house,2024,sl_2023_149,SL 2023-149 House Lines (block-weighted December 2025 precinct basis),58,58,2093,2093,vap
FORSYTH - 112,91,37091,State House District 91,,,1.0,91,091,HD-091,state_house,2024,sl_2023_149,SL 2023-149 House Lines (block-weighted December 2025 precinct basis),96,96,3675,3675,vap
FORSYTH - 121,71,37071,State House District 71,,,1.0,71,071,HD-071,state_house,2024,sl_2023_149,SL 2023-149 House Lines (block-weighted December 2025 precinct basis),67,67,3790,3790,vap
FORSYTH - 123,74,37074,State House District 74,,,1.0,74,074,HD-074,state_house,2024,sl_2023_149,SL 2023-149 House Lines (block-weighted December 2025 precinct basis),58,58,3697,3697,vap
FORSYTH - 124,71,37071,State House District 71,,,1.0,71,071,HD-071,state_house,2024,sl_2023_149,SL 2023-149 House Lines (block-weighted December 2025 precinct basis),62,62,3668,3668,vap
FORSYTH - 131,74,37074,State House District 74,,,1.0,74,074,HD-074,state_house,2024,sl_2023_149,SL 2023-149 House Lines (block-weighted December 2025 precinct basis),71,71,3570,3570,vap
FORSYTH - 132,74,37074,State House District 74,,,0.9869044931135696,74,074,HD-074,state_house,2024,sl_2023_149,SL 2023-149 House Lines (block-weighted December 2025 precinct basis),97,98,4371,4429,vap
FORSYTH - 132,72,37072,State House District 72,,,0.013095506886430346,72,072,HD-072,state_house,2024,sl_2023_149,SL 2023-149 House Lines (block-weighted December 2025 precinct basis),1,98,58,4429,vap
FORSYTH - 134,74,37074,State House District 74,,,1.0,74,074,HD-074,state_house,2024,sl_2023_149,SL 2023-149 House Lines (block-weighted December 2025 precinct basis),74,74,3093,3093,vap
FORSYTH - 135,74,37074,State House District 74,,,1.0,74,074,HD-074,state_house,2024,sl_2023_149,SL 2023-149 House Lines (block-weighted December 2025 precinct basis),64,64,3110,3110,vap
FORSYTH - 202,72,37072,State House District 72,,,1.0,72,072,HD-072,state_house,2024,sl_2023_149,SL 2023-149 House Lines (block-weighted December 2025 precinct basis),26,26,3064,3064,vap
FORSYTH - 203,72,37072,State House District 72,,,1.0,72,072,HD-072,state_house,2024,sl_2023_149,SL 2023-149 House Lines (block-weighted December 2025 precinct basis),44,44,1879,1879,vap
FORSYTH - 204,72,37072,State House District 72,,,1.0,72,072,HD-072,state_house,2024,sl_2023_149,SL 2023-149 House Lines (block-weighted December 2025 precinct basis),49,49,1905,1905,vap
FORSYTH - 205,72,37072,State House District 72,,,1.0,72,072,HD-072,state_house,2024,sl_2023_149,SL 2023-149 House Lines (block-weighted December 2025 precinct basis),27,27,895,895,vap
FORSYTH - 206,72,37072,State House District 72,,,1.0,72,072,HD-072,state_house,2024,sl_2023_149,SL 2023-149 House Lines (block-weighted December 2025 precinct basis),47,47,2046,2046,vap
FORSYTH - 207,91,37091,State House District 91,,,1.0,91,091,HD-091,state_house,2024,sl_2023_149,SL 2023-149 House Lines (block-weighted December 2025 precinct basis),51,51,3635,3635,vap
FORSYTH - 208,72,37072,State House District 72,,,1.0,72,072,HD-072,state_house,2024,sl_2023_149,SL 2023-149 House Lines (block-weighted December 2025 precinct basis),46,46,3285,3285,vap
FORSYTH - 301,72,37072,State House District 72,,,1.0,72,072,HD-072,state_house,2024,sl_2023_149,SL 2023-149 House Lines (block-weighted December 2025 precinct basis),60,60,1088,1088,vap
FORSYTH - 302,72,37072,State House District 72,,,1.0,72,072,HD-072,state_house,2024,sl_2023_149,SL 2023-149 House Lines (block-weighted December 2025 precinct basis),65,65,1270,1270,vap
FORSYTH - 303,72,37072,State House District 72,,,1.0,72,072,HD-072,state_house,2024,sl_2023_149,SL 2023-149 House Lines (block-weighted December 2025 precinct basis),25,25,977,977,vap
FORSYTH - 304,72,37072,State House District 72,,,1.0,72,072,HD-072,state_house,2024,sl_2023_149,SL 2023-149 House Lines (block-weighted December 2025 precinct basis),48,48,1961,1961,vap
FORSYTH - 305,72,37072,State House District 72,,,1.0,72,072,HD-072,state_house,2024,sl_2023_149,SL 2023-149 House Lines (block-weighted December 2025 precinct basis),20,20,1510,1510,vap
FORSYTH - 306,72,37072,State House District 72,,,1.0,72,072,HD-072,state_house,2024,sl_2023_149,SL 2023-149 House Lines (block-weighted December 2025 precinct basis),47,47,2362,2362,vap
FORSYTH - 401,72,37072,State House District 72,,,1.0,72,072,HD-072,state_house,2024,sl_2023_149,SL 2023-149 House Lines (block-weighted December 2025 precinct basis),68,68,2436,2436,vap
FORSYTH - 402,72,37072,State House District 72,,,1.0,72,072,HD-072,state_house,2024,sl_2023_149,SL 2023-149 House Lines (block-weighted December 2025 precinct basis),47,47,1494,1494,vap
FORSYTH - 403,72,37072,State House District 72,,,1.0,72,072,HD-072,state_house,2024,sl_2023_149,SL 2023-149 House Lines (block-weighted December 2025 precinct basis),117,117,2270,2270,vap
FORSYTH - 404,72,37072,State House District 72,,,1.0,72,072,HD-072,state_house,2024,sl_2023_149,SL 2023-149 House Lines (block-weighted December 2025 precinct basis),124,124,3720,3720,vap
FORSYTH - 405,71,37071,State House District 71,,,1.0,71,071,HD-071,state_house,2024,sl_2023_149,SL 2023-149 House Lines (block-weighted December 2025 precinct basis),77,77,3158,3158,vap
FORSYTH - 501,71,37071,State House District 71,,,1.0,71,071,HD-071,state_house,2024,sl_2023_149,SL 2023-149 House Lines (block-weighted December 2025 precinct basis),32,32,2320,2320,vap
FORSYTH - 502,71,37071,State House District 71,,,1.0,71,071,HD-071,state_house,2024,sl_2023_149,SL 2023-149 House Lines (block-weighted December 2025 precinct basis),52,52,2077,2077,vap
FORSYTH - 503,71,37071,State House District 71,,,1.0,71,071,HD-071,state_house,2024,sl_2023_149,SL 2023-149 House Lines (block-weighted December 2025 precinct basis),91,91,2318,2318,vap
FORSYTH - 504,71,37071,State House District 71,,,1.0,71,071,HD-071,state_house,2024,sl_2023_149,SL 2023-149 House Lines (block-weighted December 2025 precinct basis),44,44,2020,2020,vap
FORSYTH - 505,75,37075,State House District 75,,,1.0,75,075,HD-075,state_house,2024,sl_2023_149,SL 2023-149 House Lines (block-weighted December 2025 precinct basis),47,48,2976,2976,vap
FORSYTH - 506,75,37075,State House District 75,,,1.0,75,075,HD-075,state_house,2024,sl_2023_149,SL 2023-149 House Lines (block-weighted December 2025 precinct basis),37,37,2290,2290,vap
FORSYTH - 508,75,37075,State House District 75,,,1.0,75,075,HD-075,state_house,2024,sl_2023_149,SL 2023-149 House Lines (block-weighted December 2025 precinct basis),37,39,3505,3505,vap
FORSYTH - 509,75,37075,State House District 75,,,1.0,75,075,HD-075,state_house,2024,sl_2023_149,SL 2023-149 House Lines (block-weighted December 2025 precinct basis),37,37,2694,2694,vap
FORSYTH - 601,71,37071,State House District 71,,,1.0,71,071,HD-071,state_house,2024,sl_2023_149,SL 2023-149 House Lines (block-weighted December 2025 precinct basis),87,87,2493,2493,vap
FORSYTH - 602,71,37071,State House District 71,,,1.0,71,071,HD-071,state_house,2024,sl_2023_149,SL 2023-149 House Lines (block-weighted December 2025 precinct basis),54,54,4950,4950,vap
FORSYTH - 603,71,37071,State House District 71,,,1.0,71,071,HD-071,state_house,2024,sl_2023_149,SL 2023-149 House Lines (block-weighted December 2025 precinct basis),81,81,2504,2504,vap
FORSYTH - 604,71,37071,State House District 71,,,1.0,71,071,HD-071,state_house,2024,sl_2023_149,SL 2023-149 House Lines (block-weighted December 2025 precinct basis),41,41,2570,2570,vap
FORSYTH - 605,71,37071,State House District 71,,,1.0,71,071,HD-071,state_house,2024,sl_2023_149,SL 2023-149 House Lines (block-weighted December 2025 precinct basis),66,66,4566,4566,vap
FORSYTH - 606,71,37071,State House District 71,,,1.0,71,071,HD-071,state_house,2024,sl_2023_149,SL 2023-149 House Lines (block-weighted December 2025 precinct basis),45,45,2422,2422,vap
FORSYTH - 607,71,37071,State House District 71,,,1.0,71,071,HD-071,state_house,2024,sl_2023_149,SL 2023-149 House Lines (block-weighted December 2025 precinct basis),34,34,2666,2666,vap
FORSYTH - 701,71,37071,State House District 71,,,1.0,71,071,HD-071,state_house,2024,sl_2023_149,SL 2023-149 House Lines (block-weighted December 2025 precinct basis),46,46,1726,1726,vap
FORSYTH - 702,71,37071,State House District 71,,,1.0,71,071,HD-071,state_house,2024,sl_2023_149,SL 2023-149 House Lines (block-weighted December 2025 precinct basis),32,32,1600,1600,vap
FORSYTH - 703,71,37071,State House District 71,,,1.0,71,071,HD-071,state_house,2024,sl_2023_149,SL 2023-149 House Lines (block-weighted December 2025 precinct basis),36,36,1302,1302,vap
FORSYTH - 704,71,37071,State House District 71,,,1.0,71,071,HD-071,state_house,2024,sl_2023_149,SL 2023-149 House Lines (block-weighted December 2025 precinct basis),36,36,1922,1922,vap
FORSYTH - 705,71,37071,State House District 71,,,1.0,71,071,HD-071,state_house,2024,sl_2023_149,SL 2023-149 House Lines (block-weighted December 2025 precinct basis),88,88,2876,2876,vap
FORSYTH - 706,71,37071,State House District 71,,,1.0,71,071,HD-071,state_house,2024,sl_2023_149,SL 2023-149 House Lines (block-weighted December 2025 precinct basis),19,19,1683,1683,vap
FORSYTH - 707,71,37071,State House District 71,,,1.0,71,071,HD-071,state_house,2024,sl_2023_149,SL 2023-149 House Lines (block-weighted December 2025 precinct basis),37,37,1724,1724,vap
FORSYTH - 708,71,37071,State House District 71,,,1.0,71,071,HD-071,state_house,2024,sl_2023_149,SL 2023-149 House Lines (block-weighted December 2025 precinct basis),82,82,4896,4896,vap
FORSYTH - 709,71,37071,State House District 71,,,1.0,71,071,HD-071,state_house,2024,sl_2023_149,SL 2023-149 House Lines (block-weighted December 2025 precinct basis),76,76,3863,3863,vap
FORSYTH - 801,72,37072,State House District 72,,,1.0,72,072,HD-072,state_house,2024,sl_2023_149,SL 2023-149 House Lines (block-weighted December 2025 precinct basis),20,20,1458,1458,vap
FORSYTH - 802,72,37072,State House District 72,,,1.0,72,072,HD-072,state_house,2024,sl_2023_149,SL 2023-149 House Lines (block-weighted December 2025 precinct basis),39,39,1409,1409,vap
FORSYTH - 803,72,37072,State House District 72,,,1.0,72,072,HD-072,state_house,2024,sl_2023_149,SL 2023-149 House Lines (block-weighted December 2025 precinct basis),44,44,1581,1581,vap
FORSYTH - 804,72,37072,State House District 72,,,1.0,72,072,HD-072,state_house,2024,sl_2023_149,SL 2023-149 House Lines (block-weighted December 2025 precinct basis),35,35,1170,1170,vap
FORSYTH - 805,72,37072,State House District 72,,,1.0,72,072,HD-072,state_house,2024,sl_2023_149,SL 2023-149 House Lines (block-weighted December 2025 precinct basis),37,37,2234,2234,vap
FORSYTH - 806,71,37071,State House District 71,,,1.0,71,071,HD-071,state_house,2024,sl_2023_149,SL 2023-149 House Lines (block-weighted December 2025 precinct basis),25,25,2082,2082,vap
FORSYTH - 807,74,37074,State House District 74,,,1.0,74,074,HD-074,state_house,2024,sl_2023_149,SL 2023-149 House Lines (block-weighted December 2025 precinct basis),26,26,2013,2013,vap
FORSYTH - 808,71,37071,State House District 71,,,1.0,71,071,HD-071,state_house,2024,sl_2023_149,SL 2023-149 House Lines (block-weighted December 2025 precinct basis),33,33,4690,4690,vap
FORSYTH - 809,72,37072,State House District 72,,,1.0,72,072,HD-072,state_house,2024,sl_2023_149,SL 2023-149 House Lines (block-weighted December 2025 precinct basis),44,44,2533,2533,vap
FORSYTH - 901,72,37072,State House District 72,,,1.0,72,072,HD-072,state_house,2024,sl_2023_149,SL 2023-149 House Lines (block-weighted December 2025 precinct basis),56,56,1752,1752,vap
FORSYTH - 902,72,37072,State House District 72,,,1.0,72,072,HD-072,state_house,2024,sl_2023_149,SL 2023-149 House Lines (block-weighted December 2025 precinct basis),66,66,2624,2624,vap
FORSYTH - 903,72,37072,State House District 72,,,1.0,72,072,HD-072,state_house,2024,sl_2023_149,SL 2023-149 House Lines (block-weighted December 2025 precinct basis),44,44,4344,4344,vap
FORSYTH - 904,72,37072,State House District 72,,,1.0,72,072,HD-072,state_house,2024,sl_2023_149,SL 2023-149 House Lines (block-weighted December 2025 precinct basis),42,42,3407,3407,vap
FORSYTH - 905,72,37072,State House District 72,,,1.0,72,072,HD-072,state_house,2024,sl_2023_149,SL 2023-149 House Lines (block-weighted December 2025 precinct basis),31,31,4483,4483,vap
FORSYTH - 906,72,37072,State House District 72,,,1.0,72,072,HD-072,state_house,2024,sl_2023_149,SL 2023-149 House Lines (block-weighted December 2025 precinct basis),40,40,3393,3393,vap
FORSYTH - 907,72,37072,State House District 72,,,1.0,72,072,HD-072,state_house,2024,sl_2023_149,SL 2023-149 House Lines (block-weighted December 2025 precinct basis),31,31,2061,2061,vap
FORSYTH - 908,74,37074,State House District 74,,,1.0,74,074,HD-074,state_house,2024,sl_2023_149,SL 2023-149 House Lines (block-weighted December 2025 precinct basis),54,54,2585,2585,vap
FORSYTH - 909,72,37072,State House District 72,,,1.0,72,072,HD-072,state_house,2024,sl_2023_149,SL 2023-149 House Lines (block-weighted December 2025 precinct basis),27,27,1456,1456,vap
FRANKLIN - 01,7,37007,State House District 7,,,1.0,7,007,HD-007,state_house,2024,sl_2023_149,SL 2023-149 House Lines (block-weighted December 2025 precinct basis),115,115,2287,2287,vap
FRANKLIN - 02,7,37007,State House District 7,,,1.0,7,007,HD-007,state_house,2024,sl_2023_149,SL 2023-149 House Lines (block-weighted December 2025 precinct basis),62,62,2022,2022,vap
FRANKLIN - 03,7,37007,State House District 7,,,1.0,7,007,HD-007,state_house,2024,sl_2023_149,SL 2023-149 House Lines (block-weighted December 2025 precinct basis),148,148,4336,4336,vap
FRANKLIN - 05,7,37007,State House District 7,,,1.0,7,007,HD-007,state_house,2024,sl_2023_149,SL 2023-149 House Lines (block-weighted December 2025 precinct basis),67,67,3053,3053,vap
FRANKLIN - 06,7,37007,State House District 7,,,1.0,7,007,HD-007,state_house,2024,sl_2023_149,SL 2023-149 House Lines (block-weighted December 2025 precinct basis),70,70,2451,2451,vap
FRANKLIN - 07,7,37007,State House District 7,,,1.0,7,007,HD-007,state_house,2024,sl_2023_149,SL 2023-149 House Lines (block-weighted December 2025 precinct basis),45,45,2122,2122,vap
FRANKLIN - 08,7,37007,State House District 7,,,1.0,7,007,HD-007,state_house,2024,sl_2023_149,SL 2023-149 House Lines (block-weighted December 2025 precinct basis),179,179,3991,3991,vap
FRANKLIN - 09,7,37007,State House District 7,,,1.0,7,007,HD-007,state_house,2024,sl_2023_149,SL 2023-149 House Lines (block-weighted December 2025 precinct basis),88,88,1776,1776,vap
FRANKLIN - 10,7,37007,State House District 7,,,1.0,7,007,HD-007,state_house,2024,sl_2023_149,SL 2023-149 House Lines (block-weighted December 2025 precinct basis),71,71,1167,1167,vap
FRANKLIN - 11,7,37007,State House District 7,,,1.0,7,007,HD-007,state_house,2024,sl_2023_149,SL 2023-149 House Lines (block-weighted December 2025 precinct basis),66,66,1935,1935,vap
FRANKLIN - 12,7,37007,State House District 7,,,1.0,7,007,HD-007,state_house,2024,sl_2023_149,SL 2023-149 House Lines (block-weighted December 2025 precinct basis),45,45,1629,1629,vap
FRANKLIN - 13,7,37007,State House District 7,,,1.0,7,007,HD-007,state_house,2024,sl_2023_149,SL 2023-149 House Lines (block-weighted December 2025 precinct basis),60,60,2311,2311,vap
FRANKLIN - 14,7,37007,State House District 7,,,1.0,7,007,HD-007,state_house,2024,sl_2023_149,SL 2023-149 House Lines (block-weighted December 2025 precinct basis),54,54,4544,4544,vap
FRANKLIN - 15,7,37007,State House District 7,,,1.0,7,007,HD-007,state_house,2024,sl_2023_149,SL 2023-149 House Lines (block-weighted December 2025 precinct basis),107,107,3386,3386,vap
FRANKLIN - 16,7,37007,State House District 7,,,1.0,7,007,HD-007,state_house,2024,sl_2023_149,SL 2023-149 House Lines (block-weighted December 2025 precinct basis),79,79,2215,2215,vap
FRANKLIN - 17,7,37007,State House District 7,,,1.0,7,007,HD-007,state_house,2024,sl_2023_149,SL 2023-149 House Lines (block-weighted December 2025 precinct basis),64,64,4022,4022,vap
FRANKLIN - 18,7,37007,State House District 7,,,1.0,7,007,HD-007,state_house,2024,sl_2023_149,SL 2023-149 House Lines (block-weighted December 2025 precinct basis),74,74,3295,3295,vap
FRANKLIN - 19,7,37007,State House District 7,,,1.0,7,007,HD-007,state_house,2024,sl_2023_149,SL 2023-149 House Lines (block-weighted December 2025 precinct basis),120,120,6602,6602,vap
GASTON - 10A,110,37110,State House District 110,,,1.0,110,110,HD-110,state_house,2024,sl_2023_149,SL 2023-149 House Lines (block-weighted December 2025 precinct basis),202,202,3978,3978,vap
GASTON - 11A,110,37110,State House District 110,,,1.0,110,110,HD-110,state_house,2024,sl_2023_149,SL 2023-149 House Lines (block-weighted December 2025 precinct basis),133,133,3759,3759,vap
GASTON - 12A,110,37110,State House District 110,,,1.0,110,110,HD-110,state_house,2024,sl_2023_149,SL 2023-149 House Lines (block-weighted December 2025 precinct basis),71,71,2852,2852,vap
GASTON - 13A,108,37108,State House District 108,,,1.0,108,108,HD-108,state_house,2024,sl_2023_149,SL 2023-149 House Lines (block-weighted December 2025 precinct basis),129,129,3207,3207,vap
GASTON - 14A,108,37108,State House District 108,,,1.0,108,108,HD-108,state_house,2024,sl_2023_149,SL 2023-149 House Lines (block-weighted December 2025 precinct basis),159,159,5975,5975,vap
GASTON - 15A,110,37110,State House District 110,,,1.0,110,110,HD-110,state_house,2024,sl_2023_149,SL 2023-149 House Lines (block-weighted December 2025 precinct basis),201,202,5884,5884,vap
GASTON - 16A,108,37108,State House District 108,,,1.0,108,108,HD-108,state_house,2024,sl_2023_149,SL 2023-149 House Lines (block-weighted December 2025 precinct basis),133,133,4310,4310,vap
GASTON - 17A,108,37108,State House District 108,,,1.0,108,108,HD-108,state_house,2024,sl_2023_149,SL 2023-149 House Lines (block-weighted December 2025 precinct basis),101,101,4295,4295,vap
GASTON - 18A,108,37108,State House District 108,,,1.0,108,108,HD-108,state_house,2024,sl_2023_149,SL 2023-149 House Lines (block-weighted December 2025 precinct basis),145,145,4732,4732,vap
GASTON - 19A,108,37108,State House District 108,,,1.0,108,108,HD-108,state_house,2024,sl_2023_149,SL 2023-149 House Lines (block-weighted December 2025 precinct basis),87,87,4172,4172,vap
GASTON - 1A,109,37109,State House District 109,,,1.0,109,109,HD-109,state_house,2024,sl_2023_149,SL 2023-149 House Lines (block-weighted December 2025 precinct basis),150,150,4041,4041,vap
GASTON - 20A,108,37108,State House District 108,,,1.0,108,108,HD-108,state_house,2024,sl_2023_149,SL 2023-149 House Lines (block-weighted December 2025 precinct basis),113,113,5029,5029,vap
GASTON - 21A,108,37108,State House District 108,,,1.0,108,108,HD-108,state_house,2024,sl_2023_149,SL 2023-149 House Lines (block-weighted December 2025 precinct basis),97,97,2934,2934,vap
GASTON - 22A,108,37108,State House District 108,,,1.0,108,108,HD-108,state_house,2024,sl_2023_149,SL 2023-149 House Lines (block-weighted December 2025 precinct basis),130,130,4427,4427,vap
GASTON - 23A,108,37108,State House District 108,,,1.0,108,108,HD-108,state_house,2024,sl_2023_149,SL 2023-149 House Lines (block-weighted December 2025 precinct basis),107,107,5997,5997,vap
GASTON - 24A,108,37108,State House District 108,,,1.0,108,108,HD-108,state_house,2024,sl_2023_149,SL 2023-149 House Lines (block-weighted December 2025 precinct basis),136,136,5464,5464,vap
GASTON - 25A,108,37108,State House District 108,,,1.0,108,108,HD-108,state_house,2024,sl_2023_149,SL 2023-149 House Lines (block-weighted December 2025 precinct basis),105,105,3618,3618,vap
GASTON - 26A,108,37108,State House District 108,,,1.0,108,108,HD-108,state_house,2024,sl_2023_149,SL 2023-149 House Lines (block-weighted December 2025 precinct basis),129,129,2841,2841,vap
GASTON - 27A,109,37109,State House District 109,,,1.0,109,109,HD-109,state_house,2024,sl_2023_149,SL 2023-149 House Lines (block-weighted December 2025 precinct basis),108,108,2770,2770,vap
GASTON - 28A,109,37109,State House District 109,,,0.5599390450389434,109,109,HD-109,state_house,2024,sl_2023_149,SL 2023-149 House Lines (block-weighted December 2025 precinct basis),53,102,3307,5906,vap
GASTON - 28A,108,37108,State House District 108,,,0.44006095496105657,108,108,HD-108,state_house,2024,sl_2023_149,SL 2023-149 House Lines (block-weighted December 2025 precinct basis),49,102,2599,5906,vap
GASTON - 29A,109,37109,State House District 109,,,1.0,109,109,HD-109,state_house,2024,sl_2023_149,SL 2023-149 House Lines (block-weighted December 2025 precinct basis),59,59,5989,5989,vap
GASTON - 2A,109,37109,State House District 109,,,1.0,109,109,HD-109,state_house,2024,sl_2023_149,SL 2023-149 House Lines (block-weighted December 2025 precinct basis),182,182,5854,5854,vap
GASTON - 30A,109,37109,State House District 109,,,1.0,109,109,HD-109,state_house,2024,sl_2023_149,SL 2023-149 House Lines (block-weighted December 2025 precinct basis),70,70,7056,7056,vap
GASTON - 31A,109,37109,State House District 109,,,1.0,109,109,HD-109,state_house,2024,sl_2023_149,SL 2023-149 House Lines (block-weighted December 2025 precinct basis),65,65,4614,4614,vap
GASTON - 32A,109,37109,State House District 109,,,1.0,109,109,HD-109,state_house,2024,sl_2023_149,SL 2023-149 House Lines (block-weighted December 2025 precinct basis),62,62,3565,3565,vap
GASTON - 33A,109,37109,State House District 109,,,1.0,109,109,HD-109,state_house,2024,sl_2023_149,SL 2023-149 House Lines (block-weighted December 2025 precinct basis),99,99,4773,4773,vap
GASTON - 34A,109,37109,State House District 109,,,0.9799274486094317,109,109,HD-109,state_house,2024,sl_2023_149,SL 2023-149 House Lines (block-weighted December 2025 precinct basis),117,124,4052,4135,vap
GASTON - 34A,108,37108,State House District 108,,,0.020072551390568318,108,108,HD-108,state_house,2024,sl_2023_149,SL 2023-149 House Lines (block-weighted December 2025 precinct basis),7,124,83,4135,vap
GASTON - 35A,108,37108,State House District 108,,,1.0,108,108,HD-108,state_house,2024,sl_2023_149,SL 2023-149 House Lines (block-weighted December 2025 precinct basis),108,108,3017,3017,vap
GASTON - 36A,108,37108,State House District 108,,,1.0,108,108,HD-108,state_house,2024,sl_2023_149,SL 2023-149 House Lines (block-weighted December 2025 precinct basis),109,109,2991,2991,vap
GASTON - 37A,108,37108,State House District 108,,,1.0,108,108,HD-108,state_house,2024,sl_2023_149,SL 2023-149 House Lines (block-weighted December 2025 precinct basis),86,86,4248,4248,vap
GASTON - 38A,109,37109,State House District 109,,,1.0,109,109,HD-109,state_house,2024,sl_2023_149,SL 2023-149 House Lines (block-weighted December 2025 precinct basis),141,141,3912,3912,vap
GASTON - 39A,109,37109,State House District 109,,,1.0,109,109,HD-109,state_house,2024,sl_2023_149,SL 2023-149 House Lines (block-weighted December 2025 precinct basis),119,119,3825,3825,vap
GASTON - 3A,109,37109,State House District 109,,,1.0,109,109,HD-109,state_house,2024,sl_2023_149,SL 2023-149 House Lines (block-weighted December 2025 precinct basis),60,60,4878,4878,vap
GASTON - 40A,109,37109,State House District 109,,,1.0,109,109,HD-109,state_house,2024,sl_2023_149,SL 2023-149 House Lines (block-weighted December 2025 precinct basis),136,136,4687,4687,vap
GASTON - 4A,109,37109,State House District 109,,,1.0,109,109,HD-109,state_house,2024,sl_2023_149,SL 2023-149 House Lines (block-weighted December 2025 precinct basis),142,142,5864,5864,vap
GASTON - 5A,110,37110,State House District 110,,,0.971567366766681,110,110,HD-110,state_house,2024,sl_2023_149,SL 2023-149 House Lines (block-weighted December 2025 precinct basis),140,145,6800,6999,vap
GASTON - 5A,109,37109,State House District 109,,,0.028432633233319047,109,109,HD-109,state_house,2024,sl_2023_149,SL 2023-149 House Lines (block-weighted December 2025 precinct basis),5,145,199,6999,vap
GASTON - 6A,110,37110,State House District 110,,,1.0,110,110,HD-110,state_house,2024,sl_2023_149,SL 2023-149 House Lines (block-weighted December 2025 precinct basis),158,158,4942,4942,vap
GASTON - 7A,110,37110,State House District 110,,,1.0,110,110,HD-110,state_house,2024,sl_2023_149,SL 2023-149 House Lines (block-weighted December 2025 precinct basis),163,163,2879,2879,vap
GASTON - 8A,110,37110,State House District 110,,,1.0,110,110,HD-110,state_house,2024,sl_2023_149,SL 2023-149 House Lines (block-weighted December 2025 precinct basis),166,166,4634,4634,vap
GASTON - 9A,110,37110,State House District 110,,,1.0,110,110,HD-110,state_house,2024,sl_2023_149,SL 2023-149 House Lines (block-weighted December 2025 precinct basis),52,52,2793,2793,vap
GATES - 1,5,37005,State House District 5,,,1.0,5,005,HD-005,state_house,2024,sl_2023_149,SL 2023-149 House Lines (block-weighted December 2025 precinct basis),65,65,1562,1562,vap
GATES - 2,5,37005,State House District 5,,,1.0,5,005,HD-005,state_house,2024,sl_2023_149,SL 2023-149 House Lines (block-weighted December 2025 precinct basis),55,55,1037,1037,vap
GATES - 3,5,37005,State House District 5,,,1.0,5,005,HD-005,state_house,2024,sl_2023_149,SL 2023-149 House Lines (block-weighted December 2025 precinct basis),69,69,1987,1987,vap
GATES - 4N,5,37005,State House District 5,,,1.0,5,005,HD-005,state_house,2024,sl_2023_149,SL 2023-149 House Lines (block-weighted December 2025 precinct basis),61,61,1700,1700,vap
GATES - 4S,5,37005,State House District 5,,,1.0,5,005,HD-005,state_house,2024,sl_2023_149,SL 2023-149 House Lines (block-weighted December 2025 precinct basis),37,37,937,937,vap
GATES - 5,5,37005,State House District 5,,,1.0,5,005,HD-005,state_house,2024,sl_2023_149,SL 2023-149 House Lines (block-weighted December 2025 precinct basis),50,50,1120,1120,vap
GRAHAM - EAST,120,37120,State House District 120,,,1.0,120,120,HD-120,state_house,2024,sl_2023_149,SL 2023-149 House Lines (block-weighted December 2025 precinct basis),197,197,2597,2597,vap
GRAHAM - STEC,120,37120,State House District 120,,,1.0,120,120,HD-120,state_house,2024,sl_2023_149,SL 2023-149 House Lines (block-weighted December 2025 precinct basis),168,168,1170,1170,vap
GRAHAM - TAPO,120,37120,State House District 120,,,1.0,120,120,HD-120,state_house,2024,sl_2023_149,SL 2023-149 House Lines (block-weighted December 2025 precinct basis),129,129,401,401,vap
GRAHAM - WEST,120,37120,State House District 120,,,1.0,120,120,HD-120,state_house,2024,sl_2023_149,SL 2023-149 House Lines (block-weighted December 2025 precinct basis),258,258,2202,2202,vap
GRANVILLE - ANTI,32,37032,State House District 32,,,1.0,32,032,HD-032,state_house,2024,sl_2023_149,SL 2023-149 House Lines (block-weighted December 2025 precinct basis),26,26,1059,1059,vap
GRANVILLE - BERE,32,37032,State House District 32,,,1.0,32,032,HD-032,state_house,2024,sl_2023_149,SL 2023-149 House Lines (block-weighted December 2025 precinct basis),90,90,1737,1737,vap
GRANVILLE - BTNR,32,37032,State House District 32,,,1.0,32,032,HD-032,state_house,2024,sl_2023_149,SL 2023-149 House Lines (block-weighted December 2025 precinct basis),159,159,7519,7519,vap
GRANVILLE - CORI,32,37032,State House District 32,,,1.0,32,032,HD-032,state_house,2024,sl_2023_149,SL 2023-149 House Lines (block-weighted December 2025 precinct basis),98,98,2548,2548,vap
GRANVILLE - CRDL,32,37032,State House District 32,,,1.0,32,032,HD-032,state_house,2024,sl_2023_149,SL 2023-149 House Lines (block-weighted December 2025 precinct basis),74,74,2270,2270,vap
GRANVILLE - CRDM,32,37032,State House District 32,,,1.0,32,032,HD-032,state_house,2024,sl_2023_149,SL 2023-149 House Lines (block-weighted December 2025 precinct basis),160,160,5494,5494,vap
GRANVILLE - EAOX,32,37032,State House District 32,,,1.0,32,032,HD-032,state_house,2024,sl_2023_149,SL 2023-149 House Lines (block-weighted December 2025 precinct basis),85,85,2297,2297,vap
GRANVILLE - MTEN,32,37032,State House District 32,,,1.0,32,032,HD-032,state_house,2024,sl_2023_149,SL 2023-149 House Lines (block-weighted December 2025 precinct basis),92,92,5224,5224,vap
GRANVILLE - OKHL,32,37032,State House District 32,,,1.0,32,032,HD-032,state_house,2024,sl_2023_149,SL 2023-149 House Lines (block-weighted December 2025 precinct basis),90,90,1380,1380,vap
GRANVILLE - SALM,32,37032,State House District 32,,,1.0,32,032,HD-032,state_house,2024,sl_2023_149,SL 2023-149 House Lines (block-weighted December 2025 precinct basis),95,95,1868,1868,vap
GRANVILLE - SASS,32,37032,State House District 32,,,1.0,32,032,HD-032,state_house,2024,sl_2023_149,SL 2023-149 House Lines (block-weighted December 2025 precinct basis),102,102,2075,2075,vap
GRANVILLE - SOOX,32,37032,State House District 32,,,1.0,32,032,HD-032,state_house,2024,sl_2023_149,SL 2023-149 House Lines (block-weighted December 2025 precinct basis),87,87,1907,1907,vap
GRANVILLE - TYHO,32,37032,State House District 32,,,1.0,32,032,HD-032,state_house,2024,sl_2023_149,SL 2023-149 House Lines (block-weighted December 2025 precinct basis),154,154,4852,4852,vap
GRANVILLE - WILT,32,37032,State House District 32,,,1.0,32,032,HD-032,state_house,2024,sl_2023_149,SL 2023-149 House Lines (block-weighted December 2025 precinct basis),84,84,6331,6331,vap
GRANVILLE - WOEL,32,37032,State House District 32,,,1.0,32,032,HD-032,state_house,2024,sl_2023_149,SL 2023-149 House Lines (block-weighted December 2025 precinct basis),59,59,1634,1634,vap
GREENE - ARBA,12,37012,State House District 12,,,1.0,12,012,HD-012,state_house,2024,sl_2023_149,SL 2023-149 House Lines (block-weighted December 2025 precinct basis),46,46,1097,1097,vap
GREENE - BEAR,12,37012,State House District 12,,,1.0,12,012,HD-012,state_house,2024,sl_2023_149,SL 2023-149 House Lines (block-weighted December 2025 precinct basis),36,36,1011,1011,vap
GREENE - BULL,12,37012,State House District 12,,,1.0,12,012,HD-012,state_house,2024,sl_2023_149,SL 2023-149 House Lines (block-weighted December 2025 precinct basis),54,54,1107,1107,vap
GREENE - CAST,12,37012,State House District 12,,,1.0,12,012,HD-012,state_house,2024,sl_2023_149,SL 2023-149 House Lines (block-weighted December 2025 precinct basis),56,56,1043,1043,vap
GREENE - HOOK,12,37012,State House District 12,,,1.0,12,012,HD-012,state_house,2024,sl_2023_149,SL 2023-149 House Lines (block-weighted December 2025 precinct basis),48,48,967,967,vap
GREENE - MAUR,12,37012,State House District 12,,,1.0,12,012,HD-012,state_house,2024,sl_2023_149,SL 2023-149 House Lines (block-weighted December 2025 precinct basis),84,84,4913,4913,vap
GREENE - SH#1,12,37012,State House District 12,,,1.0,12,012,HD-012,state_house,2024,sl_2023_149,SL 2023-149 House Lines (block-weighted December 2025 precinct basis),97,97,2011,2011,vap
GREENE - SHIN,12,37012,State House District 12,,,1.0,12,012,HD-012,state_house,2024,sl_2023_149,SL 2023-149 House Lines (block-weighted December 2025 precinct basis),80,80,1897,1897,vap
GREENE - SUGG,12,37012,State House District 12,,,1.0,12,012,HD-012,state_house,2024,sl_2023_149,SL 2023-149 House Lines (block-weighted December 2025 precinct basis),39,39,1238,1238,vap
GREENE - WALS,12,37012,State House District 12,,,1.0,12,012,HD-012,state_house,2024,sl_2023_149,SL 2023-149 House Lines (block-weighted December 2025 precinct basis),82,82,1282,1282,vap
GUILFORD - CG1,62,37062,State House District 62,,,1.0,62,062,HD-062,state_house,2024,sl_2023_149,SL 2023-149 House Lines (block-weighted December 2025 precinct basis),30,30,3409,3409,vap
GUILFORD - CG2,57,37057,State House District 57,,,1.0,57,057,HD-057,state_house,2024,sl_2023_149,SL 2023-149 House Lines (block-weighted December 2025 precinct basis),34,34,2230,2230,vap
GUILFORD - CG3A,57,37057,State House District 57,,,1.0,57,057,HD-057,state_house,2024,sl_2023_149,SL 2023-149 House Lines (block-weighted December 2025 precinct basis),21,21,1813,1813,vap
GUILFORD - CG3B,57,37057,State House District 57,,,1.0,57,057,HD-057,state_house,2024,sl_2023_149,SL 2023-149 House Lines (block-weighted December 2025 precinct basis),55,55,2715,2715,vap
GUILFORD - FEN1,58,37058,State House District 58,,,1.0,58,058,HD-058,state_house,2024,sl_2023_149,SL 2023-149 House Lines (block-weighted December 2025 precinct basis),104,104,4091,4091,vap
GUILFORD - FEN2,59,37059,State House District 59,,,1.0,59,059,HD-059,state_house,2024,sl_2023_149,SL 2023-149 House Lines (block-weighted December 2025 precinct basis),40,40,1993,1993,vap
GUILFORD - FR1,58,37058,State House District 58,,,1.0,58,058,HD-058,state_house,2024,sl_2023_149,SL 2023-149 House Lines (block-weighted December 2025 precinct basis),85,85,5728,5728,vap
GUILFORD - FR2,60,37060,State House District 60,,,1.0,60,060,HD-060,state_house,2024,sl_2023_149,SL 2023-149 House Lines (block-weighted December 2025 precinct basis),64,64,2561,2561,vap
GUILFORD - FR3,62,37062,State House District 62,,,1.0,62,062,HD-062,state_house,2024,sl_2023_149,SL 2023-149 House Lines (block-weighted December 2025 precinct basis),18,18,1570,1570,vap
GUILFORD - FR4,62,37062,State House District 62,,,1.0,62,062,HD-062,state_house,2024,sl_2023_149,SL 2023-149 House Lines (block-weighted December 2025 precinct basis),75,75,1481,1481,vap
GUILFORD - FR5A,62,37062,State House District 62,,,1.0,62,062,HD-062,state_house,2024,sl_2023_149,SL 2023-149 House Lines (block-weighted December 2025 precinct basis),60,60,2339,2339,vap
GUILFORD - FR5B,62,37062,State House District 62,,,1.0,62,062,HD-062,state_house,2024,sl_2023_149,SL 2023-149 House Lines (block-weighted December 2025 precinct basis),44,44,1448,1448,vap
GUILFORD - G01,61,37061,State House District 61,,,1.0,61,061,HD-061,state_house,2024,sl_2023_149,SL 2023-149 House Lines (block-weighted December 2025 precinct basis),38,38,1619,1619,vap
GUILFORD - G02,57,37057,State House District 57,,,1.0,57,057,HD-057,state_house,2024,sl_2023_149,SL 2023-149 House Lines (block-weighted December 2025 precinct basis),66,66,1850,1850,vap
GUILFORD - G03,57,37057,State House District 57,,,1.0,57,057,HD-057,state_house,2024,sl_2023_149,SL 2023-149 House Lines (block-weighted December 2025 precinct basis),66,66,2336,2336,vap
GUILFORD - G04,61,37061,State House District 61,,,1.0,61,061,HD-061,state_house,2024,sl_2023_149,SL 2023-149 House Lines (block-weighted December 2025 precinct basis),60,60,2436,2436,vap
GUILFORD - G05,57,37057,State House District 57,,,1.0,57,057,HD-057,state_house,2024,sl_2023_149,SL 2023-149 House Lines (block-weighted December 2025 precinct basis),27,27,1538,1538,vap
GUILFORD - G06,57,37057,State House District 57,,,1.0,57,057,HD-057,state_house,2024,sl_2023_149,SL 2023-149 House Lines (block-weighted December 2025 precinct basis),37,37,1583,1583,vap
GUILFORD - G07,57,37057,State House District 57,,,1.0,57,057,HD-057,state_house,2024,sl_2023_149,SL 2023-149 House Lines (block-weighted December 2025 precinct basis),69,69,3136,3136,vap
GUILFORD - G08,57,37057,State House District 57,,,1.0,57,057,HD-057,state_house,2024,sl_2023_149,SL 2023-149 House Lines (block-weighted December 2025 precinct basis),43,43,3043,3043,vap
GUILFORD - G09,57,37057,State House District 57,,,1.0,57,057,HD-057,state_house,2024,sl_2023_149,SL 2023-149 House Lines (block-weighted December 2025 precinct basis),39,39,3895,3895,vap
GUILFORD - G10,57,37057,State House District 57,,,1.0,57,057,HD-057,state_house,2024,sl_2023_149,SL 2023-149 House Lines (block-weighted December 2025 precinct basis),63,63,3514,3514,vap
GUILFORD - G11,61,37061,State House District 61,,,1.0,61,061,HD-061,state_house,2024,sl_2023_149,SL 2023-149 House Lines (block-weighted December 2025 precinct basis),91,91,1895,1895,vap
GUILFORD - G12,61,37061,State House District 61,,,1.0,61,061,HD-061,state_house,2024,sl_2023_149,SL 2023-149 House Lines (block-weighted December 2025 precinct basis),49,49,1162,1162,vap
GUILFORD - G13,61,37061,State House District 61,,,1.0,61,061,HD-061,state_house,2024,sl_2023_149,SL 2023-149 House Lines (block-weighted December 2025 precinct basis),57,57,1473,1473,vap
GUILFORD - G14,61,37061,State House District 61,,,1.0,61,061,HD-061,state_house,2024,sl_2023_149,SL 2023-149 House Lines (block-weighted December 2025 precinct basis),46,46,1172,1172,vap
GUILFORD - G15,61,37061,State House District 61,,,1.0,61,061,HD-061,state_house,2024,sl_2023_149,SL 2023-149 House Lines (block-weighted December 2025 precinct basis),48,48,1401,1401,vap
GUILFORD - G16,61,37061,State House District 61,,,1.0,61,061,HD-061,state_house,2024,sl_2023_149,SL 2023-149 House Lines (block-weighted December 2025 precinct basis),34,34,1325,1325,vap
GUILFORD - G17,61,37061,State House District 61,,,1.0,61,061,HD-061,state_house,2024,sl_2023_149,SL 2023-149 House Lines (block-weighted December 2025 precinct basis),72,72,1738,1738,vap
GUILFORD - G18,61,37061,State House District 61,,,1.0,61,061,HD-061,state_house,2024,sl_2023_149,SL 2023-149 House Lines (block-weighted December 2025 precinct basis),51,51,1234,1234,vap
GUILFORD - G19,61,37061,State House District 61,,,1.0,61,061,HD-061,state_house,2024,sl_2023_149,SL 2023-149 House Lines (block-weighted December 2025 precinct basis),61,61,1656,1656,vap
GUILFORD - G20,57,37057,State House District 57,,,1.0,57,057,HD-057,state_house,2024,sl_2023_149,SL 2023-149 House Lines (block-weighted December 2025 precinct basis),77,77,2641,2641,vap
GUILFORD - G21,57,37057,State House District 57,,,1.0,57,057,HD-057,state_house,2024,sl_2023_149,SL 2023-149 House Lines (block-weighted December 2025 precinct basis),76,76,4205,4205,vap
GUILFORD - G22,57,37057,State House District 57,,,1.0,57,057,HD-057,state_house,2024,sl_2023_149,SL 2023-149 House Lines (block-weighted December 2025 precinct basis),32,32,1708,1708,vap
GUILFORD - G23,57,37057,State House District 57,,,1.0,57,057,HD-057,state_house,2024,sl_2023_149,SL 2023-149 House Lines (block-weighted December 2025 precinct basis),27,27,1723,1723,vap
GUILFORD - G24,57,37057,State House District 57,,,1.0,57,057,HD-057,state_house,2024,sl_2023_149,SL 2023-149 House Lines (block-weighted December 2025 precinct basis),15,15,1705,1705,vap
GUILFORD - G25,57,37057,State House District 57,,,1.0,57,057,HD-057,state_house,2024,sl_2023_149,SL 2023-149 House Lines (block-weighted December 2025 precinct basis),14,14,1978,1978,vap
GUILFORD - G26,57,37057,State House District 57,,,1.0,57,057,HD-057,state_house,2024,sl_2023_149,SL 2023-149 House Lines (block-weighted December 2025 precinct basis),55,55,3539,3539,vap
GUILFORD - G27,57,37057,State House District 57,,,1.0,57,057,HD-057,state_house,2024,sl_2023_149,SL 2023-149 House Lines (block-weighted December 2025 precinct basis),33,33,3104,3104,vap
GUILFORD - G28,57,37057,State House District 57,,,1.0,57,057,HD-057,state_house,2024,sl_2023_149,SL 2023-149 House Lines (block-weighted December 2025 precinct basis),17,17,1302,1302,vap
GUILFORD - G29,57,37057,State House District 57,,,1.0,57,057,HD-057,state_house,2024,sl_2023_149,SL 2023-149 House Lines (block-weighted December 2025 precinct basis),39,39,2040,2040,vap
GUILFORD - G30,57,37057,State House District 57,,,1.0,57,057,HD-057,state_house,2024,sl_2023_149,SL 2023-149 House Lines (block-weighted December 2025 precinct basis),35,35,1755,1755,vap
GUILFORD - G31,57,37057,State House District 57,,,1.0,57,057,HD-057,state_house,2024,sl_2023_149,SL 2023-149 House Lines (block-weighted December 2025 precinct basis),53,53,1549,1549,vap
GUILFORD - G32,57,37057,State House District 57,,,1.0,57,057,HD-057,state_house,2024,sl_2023_149,SL 2023-149 House Lines (block-weighted December 2025 precinct basis),45,45,2277,2277,vap
GUILFORD - G33,61,37061,State House District 61,,,1.0,61,061,HD-061,state_house,2024,sl_2023_149,SL 2023-149 House Lines (block-weighted December 2025 precinct basis),33,33,1553,1553,vap
GUILFORD - G34,61,37061,State House District 61,,,1.0,61,061,HD-061,state_house,2024,sl_2023_149,SL 2023-149 House Lines (block-weighted December 2025 precinct basis),29,29,1681,1681,vap
GUILFORD - G35,61,37061,State House District 61,,,1.0,61,061,HD-061,state_house,2024,sl_2023_149,SL 2023-149 House Lines (block-weighted December 2025 precinct basis),30,30,1157,1157,vap
GUILFORD - G36,61,37061,State House District 61,,,1.0,61,061,HD-061,state_house,2024,sl_2023_149,SL 2023-149 House Lines (block-weighted December 2025 precinct basis),31,31,2148,2148,vap
GUILFORD - G37,61,37061,State House District 61,,,1.0,61,061,HD-061,state_house,2024,sl_2023_149,SL 2023-149 House Lines (block-weighted December 2025 precinct basis),28,28,3442,3442,vap
GUILFORD - G38,61,37061,State House District 61,,,1.0,61,061,HD-061,state_house,2024,sl_2023_149,SL 2023-149 House Lines (block-weighted December 2025 precinct basis),30,30,2571,2571,vap
GUILFORD - G39,61,37061,State House District 61,,,1.0,61,061,HD-061,state_house,2024,sl_2023_149,SL 2023-149 House Lines (block-weighted December 2025 precinct basis),23,23,1821,1821,vap
GUILFORD - G40A1,57,37057,State House District 57,,,0.9386176897051716,57,057,HD-057,state_house,2024,sl_2023_149,SL 2023-149 House Lines (block-weighted December 2025 precinct basis),31,32,1942,2069,vap
GUILFORD - G40A1,61,37061,State House District 61,,,0.06138231029482842,61,061,HD-061,state_house,2024,sl_2023_149,SL 2023-149 House Lines (block-weighted December 2025 precinct basis),1,32,127,2069,vap
GUILFORD - G40A2,57,37057,State House District 57,,,1.0,57,057,HD-057,state_house,2024,sl_2023_149,SL 2023-149 House Lines (block-weighted December 2025 precinct basis),16,16,1227,1227,vap
GUILFORD - G40B,57,37057,State House District 57,,,1.0,57,057,HD-057,state_house,2024,sl_2023_149,SL 2023-149 House Lines (block-weighted December 2025 precinct basis),12,12,1601,1601,vap
GUILFORD - G41A,62,37062,State House District 62,,,1.0,62,062,HD-062,state_house,2024,sl_2023_149,SL 2023-149 House Lines (block-weighted December 2025 precinct basis),18,18,2009,2009,vap
GUILFORD - G41B,62,37062,State House District 62,,,1.0,62,062,HD-062,state_house,2024,sl_2023_149,SL 2023-149 House Lines (block-weighted December 2025 precinct basis),29,29,2333,2333,vap
GUILFORD - G42A,62,37062,State House District 62,,,1.0,62,062,HD-062,state_house,2024,sl_2023_149,SL 2023-149 House Lines (block-weighted December 2025 precinct basis),31,31,1647,1647,vap
GUILFORD - G42B,61,37061,State House District 61,,,1.0,61,061,HD-061,state_house,2024,sl_2023_149,SL 2023-149 House Lines (block-weighted December 2025 precinct basis),7,7,1085,1085,vap
GUILFORD - G43,62,37062,State House District 62,,,1.0,62,062,HD-062,state_house,2024,sl_2023_149,SL 2023-149 House Lines (block-weighted December 2025 precinct basis),40,40,3803,3803,vap
GUILFORD - G44,61,37061,State House District 61,,,1.0,61,061,HD-061,state_house,2024,sl_2023_149,SL 2023-149 House Lines (block-weighted December 2025 precinct basis),88,88,4226,4226,vap
GUILFORD - G45,61,37061,State House District 61,,,1.0,61,061,HD-061,state_house,2024,sl_2023_149,SL 2023-149 House Lines (block-weighted December 2025 precinct basis),29,29,5790,5790,vap
GUILFORD - G46,58,37058,State House District 58,,,1.0,58,058,HD-058,state_house,2024,sl_2023_149,SL 2023-149 House Lines (block-weighted December 2025 precinct basis),75,75,3779,3779,vap
GUILFORD - G47,58,37058,State House District 58,,,1.0,58,058,HD-058,state_house,2024,sl_2023_149,SL 2023-149 House Lines (block-weighted December 2025 precinct basis),92,92,3844,3844,vap
GUILFORD - G48,61,37061,State House District 61,,,1.0,61,061,HD-061,state_house,2024,sl_2023_149,SL 2023-149 House Lines (block-weighted December 2025 precinct basis),76,76,5068,5068,vap
GUILFORD - G49,61,37061,State House District 61,,,1.0,61,061,HD-061,state_house,2024,sl_2023_149,SL 2023-149 House Lines (block-weighted December 2025 precinct basis),32,32,1619,1619,vap
GUILFORD - G50,61,37061,State House District 61,,,1.0,61,061,HD-061,state_house,2024,sl_2023_149,SL 2023-149 House Lines (block-weighted December 2025 precinct basis),106,107,4704,4704,vap
GUILFORD - G51,58,37058,State House District 58,,,1.0,58,058,HD-058,state_house,2024,sl_2023_149,SL 2023-149 House Lines (block-weighted December 2025 precinct basis),66,66,2540,2540,vap
GUILFORD - G52,58,37058,State House District 58,,,1.0,58,058,HD-058,state_house,2024,sl_2023_149,SL 2023-149 House Lines (block-weighted December 2025 precinct basis),63,63,2590,2590,vap
GUILFORD - G53,58,37058,State House District 58,,,1.0,58,058,HD-058,state_house,2024,sl_2023_149,SL 2023-149 House Lines (block-weighted December 2025 precinct basis),68,68,3550,3550,vap
GUILFORD - G54,58,37058,State House District 58,,,1.0,58,058,HD-058,state_house,2024,sl_2023_149,SL 2023-149 House Lines (block-weighted December 2025 precinct basis),44,44,3558,3558,vap
GUILFORD - G55,58,37058,State House District 58,,,1.0,58,058,HD-058,state_house,2024,sl_2023_149,SL 2023-149 House Lines (block-weighted December 2025 precinct basis),47,47,2720,2720,vap
GUILFORD - G56,58,37058,State House District 58,,,1.0,58,058,HD-058,state_house,2024,sl_2023_149,SL 2023-149 House Lines (block-weighted December 2025 precinct basis),49,49,2200,2200,vap
GUILFORD - G57,58,37058,State House District 58,,,1.0,58,058,HD-058,state_house,2024,sl_2023_149,SL 2023-149 House Lines (block-weighted December 2025 precinct basis),44,44,2219,2219,vap
GUILFORD - G58,58,37058,State House District 58,,,1.0,58,058,HD-058,state_house,2024,sl_2023_149,SL 2023-149 House Lines (block-weighted December 2025 precinct basis),35,35,2624,2624,vap
GUILFORD - G59,58,37058,State House District 58,,,1.0,58,058,HD-058,state_house,2024,sl_2023_149,SL 2023-149 House Lines (block-weighted December 2025 precinct basis),44,44,1863,1863,vap
GUILFORD - G60,58,37058,State House District 58,,,1.0,58,058,HD-058,state_house,2024,sl_2023_149,SL 2023-149 House Lines (block-weighted December 2025 precinct basis),44,44,3121,3121,vap
GUILFORD - G61,58,37058,State House District 58,,,1.0,58,058,HD-058,state_house,2024,sl_2023_149,SL 2023-149 House Lines (block-weighted December 2025 precinct basis),49,49,2658,2658,vap
GUILFORD - G62,58,37058,State House District 58,,,1.0,58,058,HD-058,state_house,2024,sl_2023_149,SL 2023-149 House Lines (block-weighted December 2025 precinct basis),28,28,2017,2017,vap
GUILFORD - G63,61,37061,State House District 61,,,1.0,61,061,HD-061,state_house,2024,sl_2023_149,SL 2023-149 House Lines (block-weighted December 2025 precinct basis),19,19,2287,2287,vap
GUILFORD - G64,62,37062,State House District 62,,,1.0,62,062,HD-062,state_house,2024,sl_2023_149,SL 2023-149 House Lines (block-weighted December 2025 precinct basis),114,114,3641,3641,vap
GUILFORD - G65,58,37058,State House District 58,,,1.0,58,058,HD-058,state_house,2024,sl_2023_149,SL 2023-149 House Lines (block-weighted December 2025 precinct basis),21,22,2933,2933,vap
GUILFORD - G66,58,37058,State House District 58,,,1.0,58,058,HD-058,state_house,2024,sl_2023_149,SL 2023-149 House Lines (block-weighted December 2025 precinct basis),16,16,2628,2628,vap
GUILFORD - G67,61,37061,State House District 61,,,1.0,61,061,HD-061,state_house,2024,sl_2023_149,SL 2023-149 House Lines (block-weighted December 2025 precinct basis),39,39,1734,1734,vap
GUILFORD - G68,61,37061,State House District 61,,,1.0,61,061,HD-061,state_house,2024,sl_2023_149,SL 2023-149 House Lines (block-weighted December 2025 precinct basis),43,43,3152,3152,vap
GUILFORD - G69,61,37061,State House District 61,,,1.0,61,061,HD-061,state_house,2024,sl_2023_149,SL 2023-149 House Lines (block-weighted December 2025 precinct basis),89,89,2602,2602,vap
GUILFORD - G70,61,37061,State House District 61,,,1.0,61,061,HD-061,state_house,2024,sl_2023_149,SL 2023-149 House Lines (block-weighted December 2025 precinct basis),60,60,3013,3013,vap
GUILFORD - G71,61,37061,State House District 61,,,1.0,61,061,HD-061,state_house,2024,sl_2023_149,SL 2023-149 House Lines (block-weighted December 2025 precinct basis),69,69,2794,2794,vap
GUILFORD - G72,61,37061,State House District 61,,,1.0,61,061,HD-061,state_house,2024,sl_2023_149,SL 2023-149 House Lines (block-weighted December 2025 precinct basis),38,38,2991,2991,vap
GUILFORD - G73,58,37058,State House District 58,,,1.0,58,058,HD-058,state_house,2024,sl_2023_149,SL 2023-149 House Lines (block-weighted December 2025 precinct basis),59,60,1723,1723,vap
GUILFORD - G74,61,37061,State House District 61,,,1.0,61,061,HD-061,state_house,2024,sl_2023_149,SL 2023-149 House Lines (block-weighted December 2025 precinct basis),66,66,2157,2157,vap
GUILFORD - G75,58,37058,State House District 58,,,1.0,58,058,HD-058,state_house,2024,sl_2023_149,SL 2023-149 House Lines (block-weighted December 2025 precinct basis),65,65,1801,1801,vap
GUILFORD - GIB,59,37059,State House District 59,,,1.0,59,059,HD-059,state_house,2024,sl_2023_149,SL 2023-149 House Lines (block-weighted December 2025 precinct basis),114,114,3125,3125,vap
GUILFORD - GR,59,37059,State House District 59,,,1.0,59,059,HD-059,state_house,2024,sl_2023_149,SL 2023-149 House Lines (block-weighted December 2025 precinct basis),123,123,2925,2925,vap
GUILFORD - H01,60,37060,State House District 60,,,1.0,60,060,HD-060,state_house,2024,sl_2023_149,SL 2023-149 House Lines (block-weighted December 2025 precinct basis),112,112,2883,2883,vap
GUILFORD - H02,60,37060,State House District 60,,,1.0,60,060,HD-060,state_house,2024,sl_2023_149,SL 2023-149 House Lines (block-weighted December 2025 precinct basis),55,55,2289,2289,vap
GUILFORD - H03,60,37060,State House District 60,,,1.0,60,060,HD-060,state_house,2024,sl_2023_149,SL 2023-149 House Lines (block-weighted December 2025 precinct basis),146,146,2867,2867,vap
GUILFORD - H04,60,37060,State House District 60,,,1.0,60,060,HD-060,state_house,2024,sl_2023_149,SL 2023-149 House Lines (block-weighted December 2025 precinct basis),116,116,3694,3694,vap
GUILFORD - H05,60,37060,State House District 60,,,1.0,60,060,HD-060,state_house,2024,sl_2023_149,SL 2023-149 House Lines (block-weighted December 2025 precinct basis),63,63,2818,2818,vap
GUILFORD - H06,59,37059,State House District 59,,,1.0,59,059,HD-059,state_house,2024,sl_2023_149,SL 2023-149 House Lines (block-weighted December 2025 precinct basis),67,68,3304,3304,vap
GUILFORD - H07,60,37060,State House District 60,,,1.0,60,060,HD-060,state_house,2024,sl_2023_149,SL 2023-149 House Lines (block-weighted December 2025 precinct basis),70,70,1900,1900,vap
GUILFORD - H08,60,37060,State House District 60,,,1.0,60,060,HD-060,state_house,2024,sl_2023_149,SL 2023-149 House Lines (block-weighted December 2025 precinct basis),61,61,1714,1714,vap
GUILFORD - H09,60,37060,State House District 60,,,1.0,60,060,HD-060,state_house,2024,sl_2023_149,SL 2023-149 House Lines (block-weighted December 2025 precinct basis),68,68,2278,2278,vap
GUILFORD - H10,60,37060,State House District 60,,,1.0,60,060,HD-060,state_house,2024,sl_2023_149,SL 2023-149 House Lines (block-weighted December 2025 precinct basis),51,51,2374,2374,vap
GUILFORD - H11,60,37060,State House District 60,,,1.0,60,060,HD-060,state_house,2024,sl_2023_149,SL 2023-149 House Lines (block-weighted December 2025 precinct basis),64,64,5260,5260,vap
GUILFORD - H12,60,37060,State House District 60,,,1.0,60,060,HD-060,state_house,2024,sl_2023_149,SL 2023-149 House Lines (block-weighted December 2025 precinct basis),73,73,1780,1780,vap
GUILFORD - H13,60,37060,State House District 60,,,1.0,60,060,HD-060,state_house,2024,sl_2023_149,SL 2023-149 House Lines (block-weighted December 2025 precinct basis),97,97,2048,2048,vap
GUILFORD - H14,60,37060,State House District 60,,,1.0,60,060,HD-060,state_house,2024,sl_2023_149,SL 2023-149 House Lines (block-weighted December 2025 precinct basis),37,37,1464,1464,vap
GUILFORD - H15,60,37060,State House District 60,,,1.0,60,060,HD-060,state_house,2024,sl_2023_149,SL 2023-149 House Lines (block-weighted December 2025 precinct basis),20,20,2430,2430,vap
GUILFORD - H16,60,37060,State House District 60,,,1.0,60,060,HD-060,state_house,2024,sl_2023_149,SL 2023-149 House Lines (block-weighted December 2025 precinct basis),63,63,1592,1592,vap
GUILFORD - H17,60,37060,State House District 60,,,1.0,60,060,HD-060,state_house,2024,sl_2023_149,SL 2023-149 House Lines (block-weighted December 2025 precinct basis),31,31,1840,1840,vap
GUILFORD - H18,60,37060,State House District 60,,,1.0,60,060,HD-060,state_house,2024,sl_2023_149,SL 2023-149 House Lines (block-weighted December 2025 precinct basis),28,28,2698,2698,vap
GUILFORD - H19A,60,37060,State House District 60,,,1.0,60,060,HD-060,state_house,2024,sl_2023_149,SL 2023-149 House Lines (block-weighted December 2025 precinct basis),21,21,1706,1706,vap
GUILFORD - H19B,60,37060,State House District 60,,,1.0,60,060,HD-060,state_house,2024,sl_2023_149,SL 2023-149 House Lines (block-weighted December 2025 precinct basis),13,13,1285,1285,vap
GUILFORD - H20A,60,37060,State House District 60,,,1.0,60,060,HD-060,state_house,2024,sl_2023_149,SL 2023-149 House Lines (block-weighted December 2025 precinct basis),31,31,1682,1682,vap
GUILFORD - H20B,60,37060,State House District 60,,,1.0,60,060,HD-060,state_house,2024,sl_2023_149,SL 2023-149 House Lines (block-weighted December 2025 precinct basis),15,15,1316,1316,vap
GUILFORD - H21,60,37060,State House District 60,,,1.0,60,060,HD-060,state_house,2024,sl_2023_149,SL 2023-149 House Lines (block-weighted December 2025 precinct basis),17,18,1688,1688,vap
GUILFORD - H22,60,37060,State House District 60,,,1.0,60,060,HD-060,state_house,2024,sl_2023_149,SL 2023-149 House Lines (block-weighted December 2025 precinct basis),36,36,1947,1947,vap
GUILFORD - H23,62,37062,State House District 62,,,1.0,62,062,HD-062,state_house,2024,sl_2023_149,SL 2023-149 House Lines (block-weighted December 2025 precinct basis),38,38,1632,1632,vap
GUILFORD - H24,62,37062,State House District 62,,,1.0,62,062,HD-062,state_house,2024,sl_2023_149,SL 2023-149 House Lines (block-weighted December 2025 precinct basis),42,42,2504,2504,vap
GUILFORD - H25,62,37062,State House District 62,,,1.0,62,062,HD-062,state_house,2024,sl_2023_149,SL 2023-149 House Lines (block-weighted December 2025 precinct basis),39,39,3354,3354,vap
GUILFORD - H26,60,37060,State House District 60,,,1.0,60,060,HD-060,state_house,2024,sl_2023_149,SL 2023-149 House Lines (block-weighted December 2025 precinct basis),28,28,2186,2186,vap
GUILFORD - H27-A,60,37060,State House District 60,,,1.0,60,060,HD-060,state_house,2024,sl_2023_149,SL 2023-149 House Lines (block-weighted December 2025 precinct basis),22,22,2136,2136,vap
GUILFORD - H27-B,60,37060,State House District 60,,,1.0,60,060,HD-060,state_house,2024,sl_2023_149,SL 2023-149 House Lines (block-weighted December 2025 precinct basis),25,25,2346,2346,vap
GUILFORD - H28,60,37060,State House District 60,,,1.0,60,060,HD-060,state_house,2024,sl_2023_149,SL 2023-149 House Lines (block-weighted December 2025 precinct basis),96,96,3103,3103,vap
GUILFORD - H29A,60,37060,State House District 60,,,1.0,60,060,HD-060,state_house,2024,sl_2023_149,SL 2023-149 House Lines (block-weighted December 2025 precinct basis),72,74,2723,2723,vap
GUILFORD - H29B,60,37060,State House District 60,,,1.0,60,060,HD-060,state_house,2024,sl_2023_149,SL 2023-149 House Lines (block-weighted December 2025 precinct basis),107,107,3541,3541,vap
GUILFORD - JAM1,59,37059,State House District 59,,,1.0,59,059,HD-059,state_house,2024,sl_2023_149,SL 2023-149 House Lines (block-weighted December 2025 precinct basis),72,73,2769,2769,vap
GUILFORD - JAM2,59,37059,State House District 59,,,1.0,59,059,HD-059,state_house,2024,sl_2023_149,SL 2023-149 House Lines (block-weighted December 2025 precinct basis),37,37,1916,1916,vap
GUILFORD - JAM3,59,37059,State House District 59,,,1.0,59,059,HD-059,state_house,2024,sl_2023_149,SL 2023-149 House Lines (block-weighted December 2025 precinct basis),113,113,2035,2035,vap
GUILFORD - JAM4,59,37059,State House District 59,,,1.0,59,059,HD-059,state_house,2024,sl_2023_149,SL 2023-149 House Lines (block-weighted December 2025 precinct basis),154,156,2993,2993,vap
GUILFORD - JAM5,59,37059,State House District 59,,,0.9828196058615463,59,059,HD-059,state_house,2024,sl_2023_149,SL 2023-149 House Lines (block-weighted December 2025 precinct basis),174,176,1945,1979,vap
GUILFORD - JAM5,60,37060,State House District 60,,,0.017180394138453764,60,060,HD-060,state_house,2024,sl_2023_149,SL 2023-149 House Lines (block-weighted December 2025 precinct basis),2,176,34,1979,vap
GUILFORD - JEF1,59,37059,State House District 59,,,1.0,59,059,HD-059,state_house,2024,sl_2023_149,SL 2023-149 House Lines (block-weighted December 2025 precinct basis),155,155,3634,3634,vap
GUILFORD - JEF2,59,37059,State House District 59,,,1.0,59,059,HD-059,state_house,2024,sl_2023_149,SL 2023-149 House Lines (block-weighted December 2025 precinct basis),129,131,3468,3468,vap
GUILFORD - JEF3,58,37058,State House District 58,,,1.0,58,058,HD-058,state_house,2024,sl_2023_149,SL 2023-149 House Lines (block-weighted December 2025 precinct basis),85,85,4081,4081,vap
GUILFORD - JEF4,59,37059,State House District 59,,,1.0,59,059,HD-059,state_house,2024,sl_2023_149,SL 2023-149 House Lines (block-weighted December 2025 precinct basis),104,104,2214,2214,vap
GUILFORD - MON1,57,37057,State House District 57,,,1.0,57,057,HD-057,state_house,2024,sl_2023_149,SL 2023-149 House Lines (block-weighted December 2025 precinct basis),107,107,3593,3593,vap
GUILFORD - MON2A,57,37057,State House District 57,,,1.0,57,057,HD-057,state_house,2024,sl_2023_149,SL 2023-149 House Lines (block-weighted December 2025 precinct basis),95,95,4057,4057,vap
GUILFORD - MON2B,59,37059,State House District 59,,,1.0,59,059,HD-059,state_house,2024,sl_2023_149,SL 2023-149 House Lines (block-weighted December 2025 precinct basis),40,40,1852,1852,vap
GUILFORD - MON3,59,37059,State House District 59,,,1.0,59,059,HD-059,state_house,2024,sl_2023_149,SL 2023-149 House Lines (block-weighted December 2025 precinct basis),149,149,4766,4766,vap
GUILFORD - NCGR1,62,37062,State House District 62,,,1.0,62,062,HD-062,state_house,2024,sl_2023_149,SL 2023-149 House Lines (block-weighted December 2025 precinct basis),73,73,3143,3143,vap
GUILFORD - NCGR2,62,37062,State House District 62,,,1.0,62,062,HD-062,state_house,2024,sl_2023_149,SL 2023-149 House Lines (block-weighted December 2025 precinct basis),61,61,2474,2474,vap
GUILFORD - NCLAY1,59,37059,State House District 59,,,1.0,59,059,HD-059,state_house,2024,sl_2023_149,SL 2023-149 House Lines (block-weighted December 2025 precinct basis),61,61,2517,2517,vap
GUILFORD - NCLAY2,59,37059,State House District 59,,,1.0,59,059,HD-059,state_house,2024,sl_2023_149,SL 2023-149 House Lines (block-weighted December 2025 precinct basis),55,55,1468,1468,vap
GUILFORD - NDRI,62,37062,State House District 62,,,1.0,62,062,HD-062,state_house,2024,sl_2023_149,SL 2023-149 House Lines (block-weighted December 2025 precinct basis),101,101,2957,2957,vap
GUILFORD - NMAD,59,37059,State House District 59,,,1.0,59,059,HD-059,state_house,2024,sl_2023_149,SL 2023-149 House Lines (block-weighted December 2025 precinct basis),92,92,3148,3148,vap
GUILFORD - NWASH,59,37059,State House District 59,,,1.0,59,059,HD-059,state_house,2024,sl_2023_149,SL 2023-149 House Lines (block-weighted December 2025 precinct basis),62,62,1395,1395,vap
GUILFORD - OR1,62,37062,State House District 62,,,1.0,62,062,HD-062,state_house,2024,sl_2023_149,SL 2023-149 House Lines (block-weighted December 2025 precinct basis),120,120,3855,3855,vap
GUILFORD - OR2,62,37062,State House District 62,,,1.0,62,062,HD-062,state_house,2024,sl_2023_149,SL 2023-149 House Lines (block-weighted December 2025 precinct basis),43,43,2549,2549,vap
GUILFORD - PG1,59,37059,State House District 59,,,1.0,59,059,HD-059,state_house,2024,sl_2023_149,SL 2023-149 House Lines (block-weighted December 2025 precinct basis),52,52,2143,2143,vap
GUILFORD - PG2,59,37059,State House District 59,,,1.0,59,059,HD-059,state_house,2024,sl_2023_149,SL 2023-149 House Lines (block-weighted December 2025 precinct basis),80,80,2848,2848,vap
GUILFORD - RC1,59,37059,State House District 59,,,1.0,59,059,HD-059,state_house,2024,sl_2023_149,SL 2023-149 House Lines (block-weighted December 2025 precinct basis),90,90,3913,3913,vap
GUILFORD - RC2,59,37059,State House District 59,,,1.0,59,059,HD-059,state_house,2024,sl_2023_149,SL 2023-149 House Lines (block-weighted December 2025 precinct basis),206,206,6342,6342,vap
GUILFORD - SCLAY,59,37059,State House District 59,,,1.0,59,059,HD-059,state_house,2024,sl_2023_149,SL 2023-149 House Lines (block-weighted December 2025 precinct basis),85,85,2183,2183,vap
GUILFORD - SDRI,62,37062,State House District 62,,,1.0,62,062,HD-062,state_house,2024,sl_2023_149,SL 2023-149 House Lines (block-weighted December 2025 precinct basis),187,187,6195,6195,vap
GUILFORD - SF1,62,37062,State House District 62,,,1.0,62,062,HD-062,state_house,2024,sl_2023_149,SL 2023-149 House Lines (block-weighted December 2025 precinct basis),96,96,3423,3423,vap
GUILFORD - SF2,62,37062,State House District 62,,,1.0,62,062,HD-062,state_house,2024,sl_2023_149,SL 2023-149 House Lines (block-weighted December 2025 precinct basis),53,53,1729,1729,vap
GUILFORD - SF3,62,37062,State House District 62,,,1.0,62,062,HD-062,state_house,2024,sl_2023_149,SL 2023-149 House Lines (block-weighted December 2025 precinct basis),62,62,3366,3366,vap
GUILFORD - SF4,62,37062,State House District 62,,,1.0,62,062,HD-062,state_house,2024,sl_2023_149,SL 2023-149 House Lines (block-weighted December 2025 precinct basis),68,68,3667,3667,vap
GUILFORD - SMAD,59,37059,State House District 59,,,1.0,59,059,HD-059,state_house,2024,sl_2023_149,SL 2023-149 House Lines (block-weighted December 2025 precinct basis),63,63,2947,2947,vap
GUILFORD - STOK,62,37062,State House District 62,,,1.0,62,062,HD-062,state_house,2024,sl_2023_149,SL 2023-149 House Lines (block-weighted December 2025 precinct basis),94,94,4423,4423,vap
GUILFORD - SUM1,58,37058,State House District 58,,,1.0,58,058,HD-058,state_house,2024,sl_2023_149,SL 2023-149 House Lines (block-weighted December 2025 precinct basis),93,94,2650,2650,vap
GUILFORD - SUM2,58,37058,State House District 58,,,1.0,58,058,HD-058,state_house,2024,sl_2023_149,SL 2023-149 House Lines (block-weighted December 2025 precinct basis),86,86,2718,2718,vap
GUILFORD - SUM3,58,37058,State House District 58,,,1.0,58,058,HD-058,state_house,2024,sl_2023_149,SL 2023-149 House Lines (block-weighted December 2025 precinct basis),32,32,1494,1494,vap
GUILFORD - SUM4,59,37059,State House District 59,,,1.0,59,059,HD-059,state_house,2024,sl_2023_149,SL 2023-149 House Lines (block-weighted December 2025 precinct basis),49,49,2160,2160,vap
GUILFORD - SWASH,59,37059,State House District 59,,,1.0,59,059,HD-059,state_house,2024,sl_2023_149,SL 2023-149 House Lines (block-weighted December 2025 precinct basis),51,51,1064,1064,vap
HALIFAX - BUTWD,27,37027,State House District 27,,,1.0,27,027,HD-027,state_house,2024,sl_2023_149,SL 2023-149 House Lines (block-weighted December 2025 precinct basis),35,35,443,443,vap
HALIFAX - CONC,27,37027,State House District 27,,,1.0,27,027,HD-027,state_house,2024,sl_2023_149,SL 2023-149 House Lines (block-weighted December 2025 precinct basis),36,36,331,331,vap
HALIFAX - ENF 2,27,37027,State House District 27,,,1.0,27,027,HD-027,state_house,2024,sl_2023_149,SL 2023-149 House Lines (block-weighted December 2025 precinct basis),102,102,1308,1308,vap
HALIFAX - ENF1,27,37027,State House District 27,,,1.0,27,027,HD-027,state_house,2024,sl_2023_149,SL 2023-149 House Lines (block-weighted December 2025 precinct basis),152,152,2132,2132,vap
HALIFAX - FAUCT,27,37027,State House District 27,,,1.0,27,027,HD-027,state_house,2024,sl_2023_149,SL 2023-149 House Lines (block-weighted December 2025 precinct basis),92,92,1342,1342,vap
HALIFAX - HAL,27,37027,State House District 27,,,1.0,27,027,HD-027,state_house,2024,sl_2023_149,SL 2023-149 House Lines (block-weighted December 2025 precinct basis),100,100,2285,2285,vap
HALIFAX - HOL,27,37027,State House District 27,,,1.0,27,027,HD-027,state_house,2024,sl_2023_149,SL 2023-149 House Lines (block-weighted December 2025 precinct basis),80,80,2291,2291,vap
HALIFAX - HPR,27,37027,State House District 27,,,1.0,27,027,HD-027,state_house,2024,sl_2023_149,SL 2023-149 House Lines (block-weighted December 2025 precinct basis),139,139,1147,1147,vap
HALIFAX - LIT,27,37027,State House District 27,,,1.0,27,027,HD-027,state_house,2024,sl_2023_149,SL 2023-149 House Lines (block-weighted December 2025 precinct basis),172,172,2955,2955,vap
HALIFAX - RINGW,27,37027,State House District 27,,,1.0,27,027,HD-027,state_house,2024,sl_2023_149,SL 2023-149 House Lines (block-weighted December 2025 precinct basis),57,57,1292,1292,vap
HALIFAX - RR 10,27,37027,State House District 27,,,1.0,27,027,HD-027,state_house,2024,sl_2023_149,SL 2023-149 House Lines (block-weighted December 2025 precinct basis),67,67,2809,2809,vap
HALIFAX - RR 11,27,37027,State House District 27,,,1.0,27,027,HD-027,state_house,2024,sl_2023_149,SL 2023-149 House Lines (block-weighted December 2025 precinct basis),70,70,2755,2755,vap
HALIFAX - RR1-2,27,37027,State House District 27,,,1.0,27,027,HD-027,state_house,2024,sl_2023_149,SL 2023-149 House Lines (block-weighted December 2025 precinct basis),65,65,1481,1481,vap
HALIFAX - RR3-4,27,37027,State House District 27,,,1.0,27,027,HD-027,state_house,2024,sl_2023_149,SL 2023-149 House Lines (block-weighted December 2025 precinct basis),98,98,2302,2302,vap
HALIFAX - RR7-9,27,37027,State House District 27,,,1.0,27,027,HD-027,state_house,2024,sl_2023_149,SL 2023-149 House Lines (block-weighted December 2025 precinct basis),102,102,4283,4283,vap
HALIFAX - RRCE,27,37027,State House District 27,,,1.0,27,027,HD-027,state_house,2024,sl_2023_149,SL 2023-149 House Lines (block-weighted December 2025 precinct basis),156,156,3578,3578,vap
HALIFAX - SN,27,37027,State House District 27,,,1.0,27,027,HD-027,state_house,2024,sl_2023_149,SL 2023-149 House Lines (block-weighted December 2025 precinct basis),132,132,2438,2438,vap
HALIFAX - WEL 3,27,37027,State House District 27,,,1.0,27,027,HD-027,state_house,2024,sl_2023_149,SL 2023-149 House Lines (block-weighted December 2025 precinct basis),89,89,2295,2295,vap
HALIFAX - WEL1-2,27,37027,State House District 27,,,1.0,27,027,HD-027,state_house,2024,sl_2023_149,SL 2023-149 House Lines (block-weighted December 2025 precinct basis),127,127,1494,1494,vap
HARNETT - PR08,53,37053,State House District 53,,,1.0,53,053,HD-053,state_house,2024,sl_2023_149,SL 2023-149 House Lines (block-weighted December 2025 precinct basis),198,198,8787,8787,vap
HARNETT - PR23,6,37006,State House District 6,,,1.0,6,006,HD-006,state_house,2024,sl_2023_149,SL 2023-149 House Lines (block-weighted December 2025 precinct basis),140,140,6665,6665,vap
HARNETT - PR24,53,37053,State House District 53,,,1.0,53,053,HD-053,state_house,2024,sl_2023_149,SL 2023-149 House Lines (block-weighted December 2025 precinct basis),284,284,8304,8304,vap
HARNETT - PR25,53,37053,State House District 53,,,1.0,53,053,HD-053,state_house,2024,sl_2023_149,SL 2023-149 House Lines (block-weighted December 2025 precinct basis),247,247,3790,3790,vap
HARNETT - PR26,6,37006,State House District 6,,,1.0,6,006,HD-006,state_house,2024,sl_2023_149,SL 2023-149 House Lines (block-weighted December 2025 precinct basis),235,236,4939,4939,vap
HARNETT - PR28,6,37006,State House District 6,,,1.0,6,006,HD-006,state_house,2024,sl_2023_149,SL 2023-149 House Lines (block-weighted December 2025 precinct basis),119,119,6898,6898,vap
HARNETT - PR29,53,37053,State House District 53,,,1.0,53,053,HD-053,state_house,2024,sl_2023_149,SL 2023-149 House Lines (block-weighted December 2025 precinct basis),261,261,5371,5371,vap
HARNETT - PR32,53,37053,State House District 53,,,1.0,53,053,HD-053,state_house,2024,sl_2023_149,SL 2023-149 House Lines (block-weighted December 2025 precinct basis),147,147,6946,6946,vap
HARNETT - PR33,6,37006,State House District 6,,,1.0,6,006,HD-006,state_house,2024,sl_2023_149,SL 2023-149 House Lines (block-weighted December 2025 precinct basis),149,149,8359,8359,vap
HARNETT - PR34,6,37006,State House District 6,,,1.0,6,006,HD-006,state_house,2024,sl_2023_149,SL 2023-149 House Lines (block-weighted December 2025 precinct basis),96,96,8289,8289,vap
HARNETT - PR35,6,37006,State House District 6,,,1.0,6,006,HD-006,state_house,2024,sl_2023_149,SL 2023-149 House Lines (block-weighted December 2025 precinct basis),86,86,4107,4107,vap
HARNETT - PR36,6,37006,State House District 6,,,1.0,6,006,HD-006,state_house,2024,sl_2023_149,SL 2023-149 House Lines (block-weighted December 2025 precinct basis),116,116,7781,7781,vap
HARNETT - PR37,6,37006,State House District 6,,,1.0,6,006,HD-006,state_house,2024,sl_2023_149,SL 2023-149 House Lines (block-weighted December 2025 precinct basis),138,138,9967,9967,vap
HARNETT - PR38,6,37006,State House District 6,,,1.0,6,006,HD-006,state_house,2024,sl_2023_149,SL 2023-149 House Lines (block-weighted December 2025 precinct basis),93,93,2774,2774,vap
HARNETT - PR39,6,37006,State House District 6,,,1.0,6,006,HD-006,state_house,2024,sl_2023_149,SL 2023-149 House Lines (block-weighted December 2025 precinct basis),169,169,4648,4648,vap
HAYWOOD - AC,118,37118,State House District 118,,,1.0,118,118,HD-118,state_house,2024,sl_2023_149,SL 2023-149 House Lines (block-weighted December 2025 precinct basis),86,86,2600,2600,vap
HAYWOOD - BC,118,37118,State House District 118,,,1.0,118,118,HD-118,state_house,2024,sl_2023_149,SL 2023-149 House Lines (block-weighted December 2025 precinct basis),37,37,48,48,vap
HAYWOOD - BE1,118,37118,State House District 118,,,1.0,118,118,HD-118,state_house,2024,sl_2023_149,SL 2023-149 House Lines (block-weighted December 2025 precinct basis),83,83,1559,1559,vap
HAYWOOD - BE2,118,37118,State House District 118,,,1.0,118,118,HD-118,state_house,2024,sl_2023_149,SL 2023-149 House Lines (block-weighted December 2025 precinct basis),77,77,1365,1365,vap
HAYWOOD - BE3,118,37118,State House District 118,,,1.0,118,118,HD-118,state_house,2024,sl_2023_149,SL 2023-149 House Lines (block-weighted December 2025 precinct basis),101,101,2226,2226,vap
HAYWOOD - BE4,118,37118,State House District 118,,,1.0,118,118,HD-118,state_house,2024,sl_2023_149,SL 2023-149 House Lines (block-weighted December 2025 precinct basis),58,58,1867,1867,vap
HAYWOOD - BE5-6,118,37118,State House District 118,,,1.0,118,118,HD-118,state_house,2024,sl_2023_149,SL 2023-149 House Lines (block-weighted December 2025 precinct basis),82,82,2069,2069,vap
HAYWOOD - BE7,118,37118,State House District 118,,,1.0,118,118,HD-118,state_house,2024,sl_2023_149,SL 2023-149 House Lines (block-weighted December 2025 precinct basis),31,31,1310,1310,vap
HAYWOOD - CE,118,37118,State House District 118,,,1.0,118,118,HD-118,state_house,2024,sl_2023_149,SL 2023-149 House Lines (block-weighted December 2025 precinct basis),43,43,409,409,vap
HAYWOOD - CLN,118,37118,State House District 118,,,1.0,118,118,HD-118,state_house,2024,sl_2023_149,SL 2023-149 House Lines (block-weighted December 2025 precinct basis),87,87,2420,2420,vap
HAYWOOD - CLS,118,37118,State House District 118,,,1.0,118,118,HD-118,state_house,2024,sl_2023_149,SL 2023-149 House Lines (block-weighted December 2025 precinct basis),133,133,2871,2871,vap
HAYWOOD - CR,118,37118,State House District 118,,,1.0,118,118,HD-118,state_house,2024,sl_2023_149,SL 2023-149 House Lines (block-weighted December 2025 precinct basis),76,76,1567,1567,vap
HAYWOOD - EF,118,37118,State House District 118,,,1.0,118,118,HD-118,state_house,2024,sl_2023_149,SL 2023-149 House Lines (block-weighted December 2025 precinct basis),80,80,1379,1379,vap
HAYWOOD - FC-1,118,37118,State House District 118,,,1.0,118,118,HD-118,state_house,2024,sl_2023_149,SL 2023-149 House Lines (block-weighted December 2025 precinct basis),76,76,799,799,vap
HAYWOOD - FC-2,118,37118,State House District 118,,,1.0,118,118,HD-118,state_house,2024,sl_2023_149,SL 2023-149 House Lines (block-weighted December 2025 precinct basis),19,19,166,166,vap
HAYWOOD - HA,118,37118,State House District 118,,,1.0,118,118,HD-118,state_house,2024,sl_2023_149,SL 2023-149 House Lines (block-weighted December 2025 precinct basis),59,59,1293,1293,vap
HAYWOOD - ID,118,37118,State House District 118,,,1.0,118,118,HD-118,state_house,2024,sl_2023_149,SL 2023-149 House Lines (block-weighted December 2025 precinct basis),47,47,1026,1026,vap
HAYWOOD - IH,118,37118,State House District 118,,,1.0,118,118,HD-118,state_house,2024,sl_2023_149,SL 2023-149 House Lines (block-weighted December 2025 precinct basis),406,406,4269,4269,vap
HAYWOOD - JC,118,37118,State House District 118,,,1.0,118,118,HD-118,state_house,2024,sl_2023_149,SL 2023-149 House Lines (block-weighted December 2025 precinct basis),162,162,3771,3771,vap
HAYWOOD - LJ,118,37118,State House District 118,,,1.0,118,118,HD-118,state_house,2024,sl_2023_149,SL 2023-149 House Lines (block-weighted December 2025 precinct basis),126,126,2066,2066,vap
HAYWOOD - P,118,37118,State House District 118,,,1.0,118,118,HD-118,state_house,2024,sl_2023_149,SL 2023-149 House Lines (block-weighted December 2025 precinct basis),89,89,3042,3042,vap
HAYWOOD - PC,118,37118,State House District 118,,,1.0,118,118,HD-118,state_house,2024,sl_2023_149,SL 2023-149 House Lines (block-weighted December 2025 precinct basis),33,33,1319,1319,vap
HAYWOOD - SA,118,37118,State House District 118,,,1.0,118,118,HD-118,state_house,2024,sl_2023_149,SL 2023-149 House Lines (block-weighted December 2025 precinct basis),79,79,2344,2344,vap
HAYWOOD - WC,118,37118,State House District 118,,,1.0,118,118,HD-118,state_house,2024,sl_2023_149,SL 2023-149 House Lines (block-weighted December 2025 precinct basis),46,46,907,907,vap
HAYWOOD - WE,118,37118,State House District 118,,,1.0,118,118,HD-118,state_house,2024,sl_2023_149,SL 2023-149 House Lines (block-weighted December 2025 precinct basis),65,65,1614,1614,vap
HAYWOOD - WO,118,37118,State House District 118,,,1.0,118,118,HD-118,state_house,2024,sl_2023_149,SL 2023-149 House Lines (block-weighted December 2025 precinct basis),25,25,338,338,vap
HAYWOOD - WS-1,118,37118,State House District 118,,,1.0,118,118,HD-118,state_house,2024,sl_2023_149,SL 2023-149 House Lines (block-weighted December 2025 precinct basis),115,115,2374,2374,vap
HAYWOOD - WS-2,118,37118,State House District 118,,,1.0,118,118,HD-118,state_house,2024,sl_2023_149,SL 2023-149 House Lines (block-weighted December 2025 precinct basis),128,128,2076,2076,vap
HAYWOOD - WW,118,37118,State House District 118,,,1.0,118,118,HD-118,state_house,2024,sl_2023_149,SL 2023-149 House Lines (block-weighted December 2025 precinct basis),110,110,1997,1997,vap
HENDERSON - AR,113,37113,State House District 113,,,1.0,113,113,HD-113,state_house,2024,sl_2023_149,SL 2023-149 House Lines (block-weighted December 2025 precinct basis),80,80,1873,1873,vap
HENDERSON - AT,113,37113,State House District 113,,,0.9984843892088512,113,113,HD-113,state_house,2024,sl_2023_149,SL 2023-149 House Lines (block-weighted December 2025 precinct basis),145,146,3294,3299,vap
HENDERSON - AT,117,37117,State House District 117,,,0.001515610791148833,117,117,HD-117,state_house,2024,sl_2023_149,SL 2023-149 House Lines (block-weighted December 2025 precinct basis),1,146,5,3299,vap
HENDERSON - BC,117,37117,State House District 117,,,1.0,117,117,HD-117,state_house,2024,sl_2023_149,SL 2023-149 House Lines (block-weighted December 2025 precinct basis),63,63,1008,1008,vap
HENDERSON - BK,117,37117,State House District 117,,,1.0,117,117,HD-117,state_house,2024,sl_2023_149,SL 2023-149 House Lines (block-weighted December 2025 precinct basis),73,73,1705,1705,vap
HENDERSON - CB,113,37113,State House District 113,,,1.0,113,113,HD-113,state_house,2024,sl_2023_149,SL 2023-149 House Lines (block-weighted December 2025 precinct basis),80,80,1354,1354,vap
HENDERSON - CC,117,37117,State House District 117,,,1.0,117,117,HD-117,state_house,2024,sl_2023_149,SL 2023-149 House Lines (block-weighted December 2025 precinct basis),145,145,5061,5061,vap
HENDERSON - ED,117,37117,State House District 117,,,1.0,117,117,HD-117,state_house,2024,sl_2023_149,SL 2023-149 House Lines (block-weighted December 2025 precinct basis),65,65,3375,3375,vap
HENDERSON - EF,113,37113,State House District 113,,,1.0,113,113,HD-113,state_house,2024,sl_2023_149,SL 2023-149 House Lines (block-weighted December 2025 precinct basis),118,118,3845,3845,vap
HENDERSON - ES,117,37117,State House District 117,,,0.9987893462469734,117,117,HD-117,state_house,2024,sl_2023_149,SL 2023-149 House Lines (block-weighted December 2025 precinct basis),82,83,2475,2478,vap
HENDERSON - ES,113,37113,State House District 113,,,0.0012106537530266344,113,113,HD-113,state_house,2024,sl_2023_149,SL 2023-149 House Lines (block-weighted December 2025 precinct basis),1,83,3,2478,vap
HENDERSON - EV,117,37117,State House District 117,,,1.0,117,117,HD-117,state_house,2024,sl_2023_149,SL 2023-149 House Lines (block-weighted December 2025 precinct basis),80,80,2757,2757,vap
HENDERSON - FL,117,37117,State House District 117,,,1.0,117,117,HD-117,state_house,2024,sl_2023_149,SL 2023-149 House Lines (block-weighted December 2025 precinct basis),137,137,4997,4997,vap
HENDERSON - FR,113,37113,State House District 113,,,1.0,113,113,HD-113,state_house,2024,sl_2023_149,SL 2023-149 House Lines (block-weighted December 2025 precinct basis),118,118,3067,3067,vap
HENDERSON - GM,117,37117,State House District 117,,,1.0,117,117,HD-117,state_house,2024,sl_2023_149,SL 2023-149 House Lines (block-weighted December 2025 precinct basis),53,53,1478,1478,vap
HENDERSON - GR,113,37113,State House District 113,,,1.0,113,113,HD-113,state_house,2024,sl_2023_149,SL 2023-149 House Lines (block-weighted December 2025 precinct basis),162,162,2684,2684,vap
HENDERSON - HC,117,37117,State House District 117,,,1.0,117,117,HD-117,state_house,2024,sl_2023_149,SL 2023-149 House Lines (block-weighted December 2025 precinct basis),102,102,3415,3415,vap
HENDERSON - HS,117,37117,State House District 117,,,1.0,117,117,HD-117,state_house,2024,sl_2023_149,SL 2023-149 House Lines (block-weighted December 2025 precinct basis),82,82,2601,2601,vap
HENDERSON - HV-1,117,37117,State House District 117,,,1.0,117,117,HD-117,state_house,2024,sl_2023_149,SL 2023-149 House Lines (block-weighted December 2025 precinct basis),100,100,2652,2652,vap
HENDERSON - HV-2,117,37117,State House District 117,,,1.0,117,117,HD-117,state_house,2024,sl_2023_149,SL 2023-149 House Lines (block-weighted December 2025 precinct basis),191,191,3865,3865,vap
HENDERSON - HV-3,117,37117,State House District 117,,,1.0,117,117,HD-117,state_house,2024,sl_2023_149,SL 2023-149 House Lines (block-weighted December 2025 precinct basis),161,161,2946,2946,vap
HENDERSON - LJ,117,37117,State House District 117,,,1.0,117,117,HD-117,state_house,2024,sl_2023_149,SL 2023-149 House Lines (block-weighted December 2025 precinct basis),47,47,1990,1990,vap
HENDERSON - LP,117,37117,State House District 117,,,0.9988719684151156,117,117,HD-117,state_house,2024,sl_2023_149,SL 2023-149 House Lines (block-weighted December 2025 precinct basis),85,86,1771,1773,vap
HENDERSON - LP,113,37113,State House District 113,,,0.0011280315848843769,113,113,HD-113,state_house,2024,sl_2023_149,SL 2023-149 House Lines (block-weighted December 2025 precinct basis),1,86,2,1773,vap
HENDERSON - MG,117,37117,State House District 117,,,1.0,117,117,HD-117,state_house,2024,sl_2023_149,SL 2023-149 House Lines (block-weighted December 2025 precinct basis),52,52,1497,1497,vap
HENDERSON - NB,117,37117,State House District 117,,,1.0,117,117,HD-117,state_house,2024,sl_2023_149,SL 2023-149 House Lines (block-weighted December 2025 precinct basis),115,115,5212,5212,vap
HENDERSON - NE,117,37117,State House District 117,,,1.0,117,117,HD-117,state_house,2024,sl_2023_149,SL 2023-149 House Lines (block-weighted December 2025 precinct basis),90,90,2443,2443,vap
HENDERSON - NM,117,37117,State House District 117,,,1.0,117,117,HD-117,state_house,2024,sl_2023_149,SL 2023-149 House Lines (block-weighted December 2025 precinct basis),141,141,3106,3106,vap
HENDERSON - NW,117,37117,State House District 117,,,1.0,117,117,HD-117,state_house,2024,sl_2023_149,SL 2023-149 House Lines (block-weighted December 2025 precinct basis),52,52,2381,2381,vap
HENDERSON - PR,117,37117,State House District 117,,,1.0,117,117,HD-117,state_house,2024,sl_2023_149,SL 2023-149 House Lines (block-weighted December 2025 precinct basis),70,70,3210,3210,vap
HENDERSON - PV,117,37117,State House District 117,,,1.0,117,117,HD-117,state_house,2024,sl_2023_149,SL 2023-149 House Lines (block-weighted December 2025 precinct basis),58,58,2136,2136,vap
HENDERSON - RG,117,37117,State House District 117,,,1.0,117,117,HD-117,state_house,2024,sl_2023_149,SL 2023-149 House Lines (block-weighted December 2025 precinct basis),61,61,2583,2583,vap
HENDERSON - RR,113,37113,State House District 113,,,1.0,113,113,HD-113,state_house,2024,sl_2023_149,SL 2023-149 House Lines (block-weighted December 2025 precinct basis),74,74,1078,1078,vap
HENDERSON - SB,113,37113,State House District 113,,,1.0,113,113,HD-113,state_house,2024,sl_2023_149,SL 2023-149 House Lines (block-weighted December 2025 precinct basis),100,100,3599,3599,vap
HENDERSON - SE,117,37117,State House District 117,,,1.0,117,117,HD-117,state_house,2024,sl_2023_149,SL 2023-149 House Lines (block-weighted December 2025 precinct basis),82,82,2116,2116,vap
HENDERSON - SM,117,37117,State House District 117,,,1.0,117,117,HD-117,state_house,2024,sl_2023_149,SL 2023-149 House Lines (block-weighted December 2025 precinct basis),154,154,3952,3952,vap
HENDERSON - SW,117,37117,State House District 117,,,1.0,117,117,HD-117,state_house,2024,sl_2023_149,SL 2023-149 House Lines (block-weighted December 2025 precinct basis),107,107,2892,2892,vap
HERTFORD - A1,5,37005,State House District 5,,,1.0,5,005,HD-005,state_house,2024,sl_2023_149,SL 2023-149 House Lines (block-weighted December 2025 precinct basis),144,144,2439,2439,vap
HERTFORD - A2,5,37005,State House District 5,,,1.0,5,005,HD-005,state_house,2024,sl_2023_149,SL 2023-149 House Lines (block-weighted December 2025 precinct basis),110,110,2303,2303,vap
HERTFORD - A3,5,37005,State House District 5,,,1.0,5,005,HD-005,state_house,2024,sl_2023_149,SL 2023-149 House Lines (block-weighted December 2025 precinct basis),57,57,1202,1202,vap
HERTFORD - BR,5,37005,State House District 5,,,1.0,5,005,HD-005,state_house,2024,sl_2023_149,SL 2023-149 House Lines (block-weighted December 2025 precinct basis),18,18,376,376,vap
HERTFORD - CM,5,37005,State House District 5,,,1.0,5,005,HD-005,state_house,2024,sl_2023_149,SL 2023-149 House Lines (block-weighted December 2025 precinct basis),37,37,497,497,vap
HERTFORD - CO,5,37005,State House District 5,,,1.0,5,005,HD-005,state_house,2024,sl_2023_149,SL 2023-149 House Lines (block-weighted December 2025 precinct basis),41,41,544,544,vap
HERTFORD - HV,5,37005,State House District 5,,,1.0,5,005,HD-005,state_house,2024,sl_2023_149,SL 2023-149 House Lines (block-weighted December 2025 precinct basis),55,55,843,843,vap
HERTFORD - M1,5,37005,State House District 5,,,1.0,5,005,HD-005,state_house,2024,sl_2023_149,SL 2023-149 House Lines (block-weighted December 2025 precinct basis),121,121,3464,3464,vap
HERTFORD - M2,5,37005,State House District 5,,,1.0,5,005,HD-005,state_house,2024,sl_2023_149,SL 2023-149 House Lines (block-weighted December 2025 precinct basis),46,46,1183,1183,vap
HERTFORD - ML,5,37005,State House District 5,,,1.0,5,005,HD-005,state_house,2024,sl_2023_149,SL 2023-149 House Lines (block-weighted December 2025 precinct basis),42,42,644,644,vap
HERTFORD - SJ,5,37005,State House District 5,,,1.0,5,005,HD-005,state_house,2024,sl_2023_149,SL 2023-149 House Lines (block-weighted December 2025 precinct basis),48,48,781,781,vap
HERTFORD - UN,5,37005,State House District 5,,,1.0,5,005,HD-005,state_house,2024,sl_2023_149,SL 2023-149 House Lines (block-weighted December 2025 precinct basis),52,52,854,854,vap
HERTFORD - WN,5,37005,State House District 5,,,1.0,5,005,HD-005,state_house,2024,sl_2023_149,SL 2023-149 House Lines (block-weighted December 2025 precinct basis),85,85,2402,2402,vap
HOKE - 01,48,37048,State House District 48,,,1.0,48,048,HD-048,state_house,2024,sl_2023_149,SL 2023-149 House Lines (block-weighted December 2025 precinct basis),82,82,581,581,vap
HOKE - 02,48,37048,State House District 48,,,1.0,48,048,HD-048,state_house,2024,sl_2023_149,SL 2023-149 House Lines (block-weighted December 2025 precinct basis),127,127,2553,2553,vap
HOKE - 03,48,37048,State House District 48,,,1.0,48,048,HD-048,state_house,2024,sl_2023_149,SL 2023-149 House Lines (block-weighted December 2025 precinct basis),71,71,1111,1111,vap
HOKE - 04,48,37048,State House District 48,,,1.0,48,048,HD-048,state_house,2024,sl_2023_149,SL 2023-149 House Lines (block-weighted December 2025 precinct basis),47,47,1145,1145,vap
HOKE - 05,48,37048,State House District 48,,,1.0,48,048,HD-048,state_house,2024,sl_2023_149,SL 2023-149 House Lines (block-weighted December 2025 precinct basis),113,113,1917,1917,vap
HOKE - 06B,48,37048,State House District 48,,,1.0,48,048,HD-048,state_house,2024,sl_2023_149,SL 2023-149 House Lines (block-weighted December 2025 precinct basis),63,63,5156,5156,vap
HOKE - 12,48,37048,State House District 48,,,1.0,48,048,HD-048,state_house,2024,sl_2023_149,SL 2023-149 House Lines (block-weighted December 2025 precinct basis),80,80,4508,4508,vap
HOKE - 13,48,37048,State House District 48,,,1.0,48,048,HD-048,state_house,2024,sl_2023_149,SL 2023-149 House Lines (block-weighted December 2025 precinct basis),105,105,1569,1569,vap
HOKE - 14,48,37048,State House District 48,,,1.0,48,048,HD-048,state_house,2024,sl_2023_149,SL 2023-149 House Lines (block-weighted December 2025 precinct basis),121,121,5785,5785,vap
HOKE - 15,48,37048,State House District 48,,,1.0,48,048,HD-048,state_house,2024,sl_2023_149,SL 2023-149 House Lines (block-weighted December 2025 precinct basis),34,34,3303,3303,vap
HOKE - 61,48,37048,State House District 48,,,1.0,48,048,HD-048,state_house,2024,sl_2023_149,SL 2023-149 House Lines (block-weighted December 2025 precinct basis),90,90,1631,1631,vap
HOKE - 62,48,37048,State House District 48,,,1.0,48,048,HD-048,state_house,2024,sl_2023_149,SL 2023-149 House Lines (block-weighted December 2025 precinct basis),65,65,1070,1070,vap
HOKE - 63,48,37048,State House District 48,,,1.0,48,048,HD-048,state_house,2024,sl_2023_149,SL 2023-149 House Lines (block-weighted December 2025 precinct basis),69,69,4117,4117,vap
HOKE - 64,48,37048,State House District 48,,,1.0,48,048,HD-048,state_house,2024,sl_2023_149,SL 2023-149 House Lines (block-weighted December 2025 precinct basis),118,118,2470,2470,vap
HOKE - 65,48,37048,State House District 48,,,1.0,48,048,HD-048,state_house,2024,sl_2023_149,SL 2023-149 House Lines (block-weighted December 2025 precinct basis),41,41,556,556,vap
HYDE - BM,79,37079,State House District 79,,,1.0,79,079,HD-079,state_house,2024,sl_2023_149,SL 2023-149 House Lines (block-weighted December 2025 precinct basis),93,93,358,358,vap
HYDE - ENG,79,37079,State House District 79,,,1.0,79,079,HD-079,state_house,2024,sl_2023_149,SL 2023-149 House Lines (block-weighted December 2025 precinct basis),160,160,586,586,vap
HYDE - FF,79,37079,State House District 79,,,1.0,79,079,HD-079,state_house,2024,sl_2023_149,SL 2023-149 House Lines (block-weighted December 2025 precinct basis),92,92,861,861,vap
HYDE - LL,79,37079,State House District 79,,,1.0,79,079,HD-079,state_house,2024,sl_2023_149,SL 2023-149 House Lines (block-weighted December 2025 precinct basis),91,91,473,473,vap
HYDE - OCK,79,37079,State House District 79,,,1.0,79,079,HD-079,state_house,2024,sl_2023_149,SL 2023-149 House Lines (block-weighted December 2025 precinct basis),52,52,657,657,vap
HYDE - SLAD,79,37079,State House District 79,,,1.0,79,079,HD-079,state_house,2024,sl_2023_149,SL 2023-149 House Lines (block-weighted December 2025 precinct basis),130,130,323,323,vap
HYDE - SQ,79,37079,State House District 79,,,1.0,79,079,HD-079,state_house,2024,sl_2023_149,SL 2023-149 House Lines (block-weighted December 2025 precinct basis),90,90,527,527,vap
IREDELL - BA-1,84,37084,State House District 84,,,1.0,84,084,HD-084,state_house,2024,sl_2023_149,SL 2023-149 House Lines (block-weighted December 2025 precinct basis),221,221,5908,5908,vap
IREDELL - BE,84,37084,State House District 84,,,1.0,84,084,HD-084,state_house,2024,sl_2023_149,SL 2023-149 House Lines (block-weighted December 2025 precinct basis),117,117,5732,5732,vap
IREDELL - CC1,95,37095,State House District 95,,,1.0,95,095,HD-095,state_house,2024,sl_2023_149,SL 2023-149 House Lines (block-weighted December 2025 precinct basis),174,174,7139,7139,vap
IREDELL - CC2,95,37095,State House District 95,,,1.0,95,095,HD-095,state_house,2024,sl_2023_149,SL 2023-149 House Lines (block-weighted December 2025 precinct basis),187,187,7733,7733,vap
IREDELL - CC3-1,95,37095,State House District 95,,,0.9905344679223635,95,095,HD-095,state_house,2024,sl_2023_149,SL 2023-149 House Lines (block-weighted December 2025 precinct basis),241,244,10360,10459,vap
IREDELL - CC3-1,84,37084,State House District 84,,,0.009465532077636485,84,084,HD-084,state_house,2024,sl_2023_149,SL 2023-149 House Lines (block-weighted December 2025 precinct basis),3,244,99,10459,vap
IREDELL - CC4-1,95,37095,State House District 95,,,1.0,95,095,HD-095,state_house,2024,sl_2023_149,SL 2023-149 House Lines (block-weighted December 2025 precinct basis),166,166,4865,4865,vap
IREDELL - CD,84,37084,State House District 84,,,1.0,84,084,HD-084,state_house,2024,sl_2023_149,SL 2023-149 House Lines (block-weighted December 2025 precinct basis),139,139,5578,5578,vap
IREDELL - CH-A,84,37084,State House District 84,,,1.0,84,084,HD-084,state_house,2024,sl_2023_149,SL 2023-149 House Lines (block-weighted December 2025 precinct basis),105,105,2993,2993,vap
IREDELL - CH-B,84,37084,State House District 84,,,1.0,84,084,HD-084,state_house,2024,sl_2023_149,SL 2023-149 House Lines (block-weighted December 2025 precinct basis),119,119,3872,3872,vap
IREDELL - CS,84,37084,State House District 84,,,1.0,84,084,HD-084,state_house,2024,sl_2023_149,SL 2023-149 House Lines (block-weighted December 2025 precinct basis),104,104,3071,3071,vap
IREDELL - DV1A1A,95,37095,State House District 95,,,1.0,95,095,HD-095,state_house,2024,sl_2023_149,SL 2023-149 House Lines (block-weighted December 2025 precinct basis),133,133,4503,4503,vap
IREDELL - DV1B-1,95,37095,State House District 95,,,1.0,95,095,HD-095,state_house,2024,sl_2023_149,SL 2023-149 House Lines (block-weighted December 2025 precinct basis),127,127,9625,9625,vap
IREDELL - DV2A-1,95,37095,State House District 95,,,1.0,95,095,HD-095,state_house,2024,sl_2023_149,SL 2023-149 House Lines (block-weighted December 2025 precinct basis),161,161,7058,7058,vap
IREDELL - DV2B-1,95,37095,State House District 95,,,1.0,95,095,HD-095,state_house,2024,sl_2023_149,SL 2023-149 House Lines (block-weighted December 2025 precinct basis),206,206,7515,7515,vap
IREDELL - DV3A,95,37095,State House District 95,,,1.0,95,095,HD-095,state_house,2024,sl_2023_149,SL 2023-149 House Lines (block-weighted December 2025 precinct basis),132,132,5854,5854,vap
IREDELL - EM,84,37084,State House District 84,,,1.0,84,084,HD-084,state_house,2024,sl_2023_149,SL 2023-149 House Lines (block-weighted December 2025 precinct basis),125,125,1459,1459,vap
IREDELL - FT,89,37089,State House District 89,,,1.0,89,089,HD-089,state_house,2024,sl_2023_149,SL 2023-149 House Lines (block-weighted December 2025 precinct basis),256,256,8042,8042,vap
IREDELL - NH,84,37084,State House District 84,,,1.0,84,084,HD-084,state_house,2024,sl_2023_149,SL 2023-149 House Lines (block-weighted December 2025 precinct basis),125,125,1380,1380,vap
IREDELL - OL,84,37084,State House District 84,,,1.0,84,084,HD-084,state_house,2024,sl_2023_149,SL 2023-149 House Lines (block-weighted December 2025 precinct basis),82,82,1448,1448,vap
IREDELL - SB,84,37084,State House District 84,,,1.0,84,084,HD-084,state_house,2024,sl_2023_149,SL 2023-149 House Lines (block-weighted December 2025 precinct basis),125,125,2108,2108,vap
IREDELL - SH-A,84,37084,State House District 84,,,1.0,84,084,HD-084,state_house,2024,sl_2023_149,SL 2023-149 House Lines (block-weighted December 2025 precinct basis),104,104,3444,3444,vap
IREDELL - SH-B,89,37089,State House District 89,,,1.0,89,089,HD-089,state_house,2024,sl_2023_149,SL 2023-149 House Lines (block-weighted December 2025 precinct basis),73,73,3603,3603,vap
IREDELL - ST1,84,37084,State House District 84,,,1.0,84,084,HD-084,state_house,2024,sl_2023_149,SL 2023-149 House Lines (block-weighted December 2025 precinct basis),97,97,4691,4691,vap
IREDELL - ST2,84,37084,State House District 84,,,1.0,84,084,HD-084,state_house,2024,sl_2023_149,SL 2023-149 House Lines (block-weighted December 2025 precinct basis),162,162,4281,4281,vap
IREDELL - ST3,84,37084,State House District 84,,,1.0,84,084,HD-084,state_house,2024,sl_2023_149,SL 2023-149 House Lines (block-weighted December 2025 precinct basis),160,160,4144,4144,vap
IREDELL - ST4,84,37084,State House District 84,,,1.0,84,084,HD-084,state_house,2024,sl_2023_149,SL 2023-149 House Lines (block-weighted December 2025 precinct basis),118,118,3653,3653,vap
IREDELL - ST5,84,37084,State House District 84,,,1.0,84,084,HD-084,state_house,2024,sl_2023_149,SL 2023-149 House Lines (block-weighted December 2025 precinct basis),150,150,3960,3960,vap
IREDELL - ST6,84,37084,State House District 84,,,1.0,84,084,HD-084,state_house,2024,sl_2023_149,SL 2023-149 House Lines (block-weighted December 2025 precinct basis),226,226,4925,4925,vap
IREDELL - TB,84,37084,State House District 84,,,1.0,84,084,HD-084,state_house,2024,sl_2023_149,SL 2023-149 House Lines (block-weighted December 2025 precinct basis),111,111,3095,3095,vap
IREDELL - UG,84,37084,State House District 84,,,1.0,84,084,HD-084,state_house,2024,sl_2023_149,SL 2023-149 House Lines (block-weighted December 2025 precinct basis),142,142,1657,1657,vap
JACKSON - BCK,119,37119,State House District 119,,,1.0,119,119,HD-119,state_house,2024,sl_2023_149,SL 2023-149 House Lines (block-weighted December 2025 precinct basis),79,79,1535,1535,vap
JACKSON - CAN,119,37119,State House District 119,,,1.0,119,119,HD-119,state_house,2024,sl_2023_149,SL 2023-149 House Lines (block-weighted December 2025 precinct basis),92,92,564,564,vap
JACKSON - CAS,119,37119,State House District 119,,,1.0,119,119,HD-119,state_house,2024,sl_2023_149,SL 2023-149 House Lines (block-weighted December 2025 precinct basis),186,186,2182,2182,vap
JACKSON - CFK,119,37119,State House District 119,,,1.0,119,119,HD-119,state_house,2024,sl_2023_149,SL 2023-149 House Lines (block-weighted December 2025 precinct basis),42,42,668,668,vap
JACKSON - CUL,119,37119,State House District 119,,,1.0,119,119,HD-119,state_house,2024,sl_2023_149,SL 2023-149 House Lines (block-weighted December 2025 precinct basis),141,141,9507,9507,vap
JACKSON - GCK,119,37119,State House District 119,,,1.0,119,119,HD-119,state_house,2024,sl_2023_149,SL 2023-149 House Lines (block-weighted December 2025 precinct basis),39,39,1164,1164,vap
JACKSON - GLV,119,37119,State House District 119,,,1.0,119,119,HD-119,state_house,2024,sl_2023_149,SL 2023-149 House Lines (block-weighted December 2025 precinct basis),240,240,2253,2253,vap
JACKSON - QUA,119,37119,State House District 119,,,1.0,119,119,HD-119,state_house,2024,sl_2023_149,SL 2023-149 House Lines (block-weighted December 2025 precinct basis),181,181,4791,4791,vap
JACKSON - RIV,119,37119,State House District 119,,,1.0,119,119,HD-119,state_house,2024,sl_2023_149,SL 2023-149 House Lines (block-weighted December 2025 precinct basis),78,78,966,966,vap
JACKSON - SAV,119,37119,State House District 119,,,1.0,119,119,HD-119,state_house,2024,sl_2023_149,SL 2023-149 House Lines (block-weighted December 2025 precinct basis),42,42,1208,1208,vap
JACKSON - SCC,119,37119,State House District 119,,,1.0,119,119,HD-119,state_house,2024,sl_2023_149,SL 2023-149 House Lines (block-weighted December 2025 precinct basis),141,141,1922,1922,vap
JACKSON - SDC,119,37119,State House District 119,,,1.0,119,119,HD-119,state_house,2024,sl_2023_149,SL 2023-149 House Lines (block-weighted December 2025 precinct basis),315,315,6732,6732,vap
JACKSON - WEB,119,37119,State House District 119,,,1.0,119,119,HD-119,state_house,2024,sl_2023_149,SL 2023-149 House Lines (block-weighted December 2025 precinct basis),80,80,2298,2298,vap
JOHNSTON - PR04,28,37028,State House District 28,,,1.0,28,028,HD-028,state_house,2024,sl_2023_149,SL 2023-149 House Lines (block-weighted December 2025 precinct basis),62,62,1486,1486,vap
JOHNSTON - PR07,28,37028,State House District 28,,,1.0,28,028,HD-028,state_house,2024,sl_2023_149,SL 2023-149 House Lines (block-weighted December 2025 precinct basis),164,164,3490,3490,vap
JOHNSTON - PR08,28,37028,State House District 28,,,1.0,28,028,HD-028,state_house,2024,sl_2023_149,SL 2023-149 House Lines (block-weighted December 2025 precinct basis),54,54,2544,2544,vap
JOHNSTON - PR09,26,37026,State House District 26,,,1.0,26,026,HD-026,state_house,2024,sl_2023_149,SL 2023-149 House Lines (block-weighted December 2025 precinct basis),127,127,6006,6006,vap
JOHNSTON - PR10A,26,37026,State House District 26,,,1.0,26,026,HD-026,state_house,2024,sl_2023_149,SL 2023-149 House Lines (block-weighted December 2025 precinct basis),132,132,3835,3835,vap
JOHNSTON - PR10B,26,37026,State House District 26,,,1.0,26,026,HD-026,state_house,2024,sl_2023_149,SL 2023-149 House Lines (block-weighted December 2025 precinct basis),66,66,2945,2945,vap
JOHNSTON - PR11A,26,37026,State House District 26,,,1.0,26,026,HD-026,state_house,2024,sl_2023_149,SL 2023-149 House Lines (block-weighted December 2025 precinct basis),37,37,3620,3620,vap
JOHNSTON - PR11B,26,37026,State House District 26,,,1.0,26,026,HD-026,state_house,2024,sl_2023_149,SL 2023-149 House Lines (block-weighted December 2025 precinct basis),101,101,5931,5931,vap
JOHNSTON - PR12A,53,37053,State House District 53,,,1.0,53,053,HD-053,state_house,2024,sl_2023_149,SL 2023-149 House Lines (block-weighted December 2025 precinct basis),49,49,6063,6063,vap
JOHNSTON - PR12B,26,37026,State House District 26,,,1.0,26,026,HD-026,state_house,2024,sl_2023_149,SL 2023-149 House Lines (block-weighted December 2025 precinct basis),37,37,5362,5362,vap
JOHNSTON - PR13,28,37028,State House District 28,,,1.0,28,028,HD-028,state_house,2024,sl_2023_149,SL 2023-149 House Lines (block-weighted December 2025 precinct basis),48,48,3375,3375,vap
JOHNSTON - PR14,28,37028,State House District 28,,,1.0,28,028,HD-028,state_house,2024,sl_2023_149,SL 2023-149 House Lines (block-weighted December 2025 precinct basis),72,72,3006,3006,vap
JOHNSTON - PR19,28,37028,State House District 28,,,1.0,28,028,HD-028,state_house,2024,sl_2023_149,SL 2023-149 House Lines (block-weighted December 2025 precinct basis),107,107,2329,2329,vap
JOHNSTON - PR20,26,37026,State House District 26,,,1.0,26,026,HD-026,state_house,2024,sl_2023_149,SL 2023-149 House Lines (block-weighted December 2025 precinct basis),75,75,4551,4551,vap
JOHNSTON - PR21,26,37026,State House District 26,,,1.0,26,026,HD-026,state_house,2024,sl_2023_149,SL 2023-149 House Lines (block-weighted December 2025 precinct basis),75,75,3439,3439,vap
JOHNSTON - PR22,28,37028,State House District 28,,,1.0,28,028,HD-028,state_house,2024,sl_2023_149,SL 2023-149 House Lines (block-weighted December 2025 precinct basis),201,201,4130,4130,vap
JOHNSTON - PR23A,53,37053,State House District 53,,,1.0,53,053,HD-053,state_house,2024,sl_2023_149,SL 2023-149 House Lines (block-weighted December 2025 precinct basis),36,36,5041,5041,vap
JOHNSTON - PR23B,53,37053,State House District 53,,,1.0,53,053,HD-053,state_house,2024,sl_2023_149,SL 2023-149 House Lines (block-weighted December 2025 precinct basis),49,49,3898,3898,vap
JOHNSTON - PR24,28,37028,State House District 28,,,1.0,28,028,HD-028,state_house,2024,sl_2023_149,SL 2023-149 House Lines (block-weighted December 2025 precinct basis),233,233,3288,3288,vap
JOHNSTON - PR25,28,37028,State House District 28,,,1.0,28,028,HD-028,state_house,2024,sl_2023_149,SL 2023-149 House Lines (block-weighted December 2025 precinct basis),84,84,3418,3418,vap
JOHNSTON - PR26,28,37028,State House District 28,,,1.0,28,028,HD-028,state_house,2024,sl_2023_149,SL 2023-149 House Lines (block-weighted December 2025 precinct basis),171,171,3281,3281,vap
JOHNSTON - PR27A,28,37028,State House District 28,,,1.0,28,028,HD-028,state_house,2024,sl_2023_149,SL 2023-149 House Lines (block-weighted December 2025 precinct basis),57,57,2282,2282,vap
JOHNSTON - PR27B,28,37028,State House District 28,,,1.0,28,028,HD-028,state_house,2024,sl_2023_149,SL 2023-149 House Lines (block-weighted December 2025 precinct basis),83,83,3809,3809,vap
JOHNSTON - PR28,28,37028,State House District 28,,,1.0,28,028,HD-028,state_house,2024,sl_2023_149,SL 2023-149 House Lines (block-weighted December 2025 precinct basis),111,111,4951,4951,vap
JOHNSTON - PR29A,26,37026,State House District 26,,,1.0,26,026,HD-026,state_house,2024,sl_2023_149,SL 2023-149 House Lines (block-weighted December 2025 precinct basis),94,94,6835,6835,vap
JOHNSTON - PR29B,26,37026,State House District 26,,,1.0,26,026,HD-026,state_house,2024,sl_2023_149,SL 2023-149 House Lines (block-weighted December 2025 precinct basis),76,76,11649,11649,vap
JOHNSTON - PR30,28,37028,State House District 28,,,1.0,28,028,HD-028,state_house,2024,sl_2023_149,SL 2023-149 House Lines (block-weighted December 2025 precinct basis),122,122,5714,5714,vap
JOHNSTON - PR31A,53,37053,State House District 53,,,1.0,53,053,HD-053,state_house,2024,sl_2023_149,SL 2023-149 House Lines (block-weighted December 2025 precinct basis),20,20,3325,3325,vap
JOHNSTON - PR31B,53,37053,State House District 53,,,1.0,53,053,HD-053,state_house,2024,sl_2023_149,SL 2023-149 House Lines (block-weighted December 2025 precinct basis),80,80,6885,6885,vap
JOHNSTON - PR32,26,37026,State House District 26,,,1.0,26,026,HD-026,state_house,2024,sl_2023_149,SL 2023-149 House Lines (block-weighted December 2025 precinct basis),46,46,3656,3656,vap
JOHNSTON - PR33,53,37053,State House District 53,,,1.0,53,053,HD-053,state_house,2024,sl_2023_149,SL 2023-149 House Lines (block-weighted December 2025 precinct basis),36,36,4816,4816,vap
JOHNSTON - PR34,26,37026,State House District 26,,,1.0,26,026,HD-026,state_house,2024,sl_2023_149,SL 2023-149 House Lines (block-weighted December 2025 precinct basis),101,101,8073,8073,vap
JOHNSTON - PR35,28,37028,State House District 28,,,1.0,28,028,HD-028,state_house,2024,sl_2023_149,SL 2023-149 House Lines (block-weighted December 2025 precinct basis),342,342,5792,5792,vap
JOHNSTON - PR36,28,37028,State House District 28,,,1.0,28,028,HD-028,state_house,2024,sl_2023_149,SL 2023-149 House Lines (block-weighted December 2025 precinct basis),200,200,3439,3439,vap
JOHNSTON - PR37,28,37028,State House District 28,,,1.0,28,028,HD-028,state_house,2024,sl_2023_149,SL 2023-149 House Lines (block-weighted December 2025 precinct basis),275,275,5200,5200,vap
JOHNSTON - PR38,28,37028,State House District 28,,,1.0,28,028,HD-028,state_house,2024,sl_2023_149,SL 2023-149 House Lines (block-weighted December 2025 precinct basis),122,122,2635,2635,vap
JONES - P01,12,37012,State House District 12,,,1.0,12,012,HD-012,state_house,2024,sl_2023_149,SL 2023-149 House Lines (block-weighted December 2025 precinct basis),69,69,813,813,vap
JONES - P02,12,37012,State House District 12,,,1.0,12,012,HD-012,state_house,2024,sl_2023_149,SL 2023-149 House Lines (block-weighted December 2025 precinct basis),38,38,517,517,vap
JONES - P03,12,37012,State House District 12,,,1.0,12,012,HD-012,state_house,2024,sl_2023_149,SL 2023-149 House Lines (block-weighted December 2025 precinct basis),54,54,641,641,vap
JONES - P04,12,37012,State House District 12,,,1.0,12,012,HD-012,state_house,2024,sl_2023_149,SL 2023-149 House Lines (block-weighted December 2025 precinct basis),182,182,2027,2027,vap
JONES - P05,12,37012,State House District 12,,,1.0,12,012,HD-012,state_house,2024,sl_2023_149,SL 2023-149 House Lines (block-weighted December 2025 precinct basis),122,122,1425,1425,vap
JONES - P06,12,37012,State House District 12,,,1.0,12,012,HD-012,state_house,2024,sl_2023_149,SL 2023-149 House Lines (block-weighted December 2025 precinct basis),63,63,658,658,vap
JONES - P07,12,37012,State House District 12,,,1.0,12,012,HD-012,state_house,2024,sl_2023_149,SL 2023-149 House Lines (block-weighted December 2025 precinct basis),140,140,1400,1400,vap
LEE - A1,51,37051,State House District 51,,,1.0,51,051,HD-051,state_house,2024,sl_2023_149,SL 2023-149 House Lines (block-weighted December 2025 precinct basis),158,158,6133,6133,vap
LEE - A2,51,37051,State House District 51,,,1.0,51,051,HD-051,state_house,2024,sl_2023_149,SL 2023-149 House Lines (block-weighted December 2025 precinct basis),312,312,7796,7796,vap
LEE - B1,51,37051,State House District 51,,,1.0,51,051,HD-051,state_house,2024,sl_2023_149,SL 2023-149 House Lines (block-weighted December 2025 precinct basis),119,119,2391,2391,vap
LEE - B2,51,37051,State House District 51,,,1.0,51,051,HD-051,state_house,2024,sl_2023_149,SL 2023-149 House Lines (block-weighted December 2025 precinct basis),131,131,3097,3097,vap
LEE - C1,51,37051,State House District 51,,,1.0,51,051,HD-051,state_house,2024,sl_2023_149,SL 2023-149 House Lines (block-weighted December 2025 precinct basis),104,104,7253,7253,vap
LEE - C2,51,37051,State House District 51,,,1.0,51,051,HD-051,state_house,2024,sl_2023_149,SL 2023-149 House Lines (block-weighted December 2025 precinct basis),109,109,4736,4736,vap
LEE - D1,51,37051,State House District 51,,,1.0,51,051,HD-051,state_house,2024,sl_2023_149,SL 2023-149 House Lines (block-weighted December 2025 precinct basis),137,137,4535,4535,vap
LEE - D2,51,37051,State House District 51,,,1.0,51,051,HD-051,state_house,2024,sl_2023_149,SL 2023-149 House Lines (block-weighted December 2025 precinct basis),165,165,4171,4171,vap
LEE - E1,51,37051,State House District 51,,,1.0,51,051,HD-051,state_house,2024,sl_2023_149,SL 2023-149 House Lines (block-weighted December 2025 precinct basis),100,100,3002,3002,vap
LEE - E2,51,37051,State House District 51,,,1.0,51,051,HD-051,state_house,2024,sl_2023_149,SL 2023-149 House Lines (block-weighted December 2025 precinct basis),133,133,5278,5278,vap
LENOIR - C,12,37012,State House District 12,,,1.0,12,012,HD-012,state_house,2024,sl_2023_149,SL 2023-149 House Lines (block-weighted December 2025 precinct basis),122,122,2580,2580,vap
LENOIR - FC,12,37012,State House District 12,,,1.0,12,012,HD-012,state_house,2024,sl_2023_149,SL 2023-149 House Lines (block-weighted December 2025 precinct basis),149,149,4618,4618,vap
LENOIR - I,12,37012,State House District 12,,,1.0,12,012,HD-012,state_house,2024,sl_2023_149,SL 2023-149 House Lines (block-weighted December 2025 precinct basis),58,58,1952,1952,vap
LENOIR - K1,12,37012,State House District 12,,,1.0,12,012,HD-012,state_house,2024,sl_2023_149,SL 2023-149 House Lines (block-weighted December 2025 precinct basis),84,84,958,958,vap
LENOIR - K2,12,37012,State House District 12,,,1.0,12,012,HD-012,state_house,2024,sl_2023_149,SL 2023-149 House Lines (block-weighted December 2025 precinct basis),95,95,1069,1069,vap
LENOIR - K3,12,37012,State House District 12,,,1.0,12,012,HD-012,state_house,2024,sl_2023_149,SL 2023-149 House Lines (block-weighted December 2025 precinct basis),133,133,1490,1490,vap
LENOIR - K4,12,37012,State House District 12,,,1.0,12,012,HD-012,state_house,2024,sl_2023_149,SL 2023-149 House Lines (block-weighted December 2025 precinct basis),78,78,2877,2877,vap
LENOIR - K5,12,37012,State House District 12,,,1.0,12,012,HD-012,state_house,2024,sl_2023_149,SL 2023-149 House Lines (block-weighted December 2025 precinct basis),63,63,1607,1607,vap
LENOIR - K6,12,37012,State House District 12,,,1.0,12,012,HD-012,state_house,2024,sl_2023_149,SL 2023-149 House Lines (block-weighted December 2025 precinct basis),69,69,2198,2198,vap
LENOIR - K7,12,37012,State House District 12,,,1.0,12,012,HD-012,state_house,2024,sl_2023_149,SL 2023-149 House Lines (block-weighted December 2025 precinct basis),76,76,1912,1912,vap
LENOIR - K8,12,37012,State House District 12,,,1.0,12,012,HD-012,state_house,2024,sl_2023_149,SL 2023-149 House Lines (block-weighted December 2025 precinct basis),94,94,912,912,vap
LENOIR - K9,12,37012,State House District 12,,,1.0,12,012,HD-012,state_house,2024,sl_2023_149,SL 2023-149 House Lines (block-weighted December 2025 precinct basis),68,68,2102,2102,vap
LENOIR - MH,12,37012,State House District 12,,,1.0,12,012,HD-012,state_house,2024,sl_2023_149,SL 2023-149 House Lines (block-weighted December 2025 precinct basis),251,251,4072,4072,vap
LENOIR - N,12,37012,State House District 12,,,1.0,12,012,HD-012,state_house,2024,sl_2023_149,SL 2023-149 House Lines (block-weighted December 2025 precinct basis),194,194,3591,3591,vap
LENOIR - PH1,12,37012,State House District 12,,,1.0,12,012,HD-012,state_house,2024,sl_2023_149,SL 2023-149 House Lines (block-weighted December 2025 precinct basis),28,28,828,828,vap
LENOIR - PH2,12,37012,State House District 12,,,1.0,12,012,HD-012,state_house,2024,sl_2023_149,SL 2023-149 House Lines (block-weighted December 2025 precinct basis),101,101,1619,1619,vap
LENOIR - SH,12,37012,State House District 12,,,1.0,12,012,HD-012,state_house,2024,sl_2023_149,SL 2023-149 House Lines (block-weighted December 2025 precinct basis),32,32,842,842,vap
LENOIR - SW,12,37012,State House District 12,,,1.0,12,012,HD-012,state_house,2024,sl_2023_149,SL 2023-149 House Lines (block-weighted December 2025 precinct basis),68,68,1167,1167,vap
LENOIR - T1,12,37012,State House District 12,,,1.0,12,012,HD-012,state_house,2024,sl_2023_149,SL 2023-149 House Lines (block-weighted December 2025 precinct basis),76,76,1577,1577,vap
LENOIR - T2,12,37012,State House District 12,,,1.0,12,012,HD-012,state_house,2024,sl_2023_149,SL 2023-149 House Lines (block-weighted December 2025 precinct basis),37,37,1135,1135,vap
LENOIR - V,12,37012,State House District 12,,,1.0,12,012,HD-012,state_house,2024,sl_2023_149,SL 2023-149 House Lines (block-weighted December 2025 precinct basis),85,85,2552,2552,vap
LENOIR - W,12,37012,State House District 12,,,1.0,12,012,HD-012,state_house,2024,sl_2023_149,SL 2023-149 House Lines (block-weighted December 2025 precinct basis),52,52,1250,1250,vap
LINCOLN - AS25,97,37097,State House District 97,,,1.0,97,097,HD-097,state_house,2024,sl_2023_149,SL 2023-149 House Lines (block-weighted December 2025 precinct basis),50,50,2899,2899,vap
LINCOLN - BC13,97,37097,State House District 97,,,1.0,97,097,HD-097,state_house,2024,sl_2023_149,SL 2023-149 House Lines (block-weighted December 2025 precinct basis),85,85,2664,2664,vap
LINCOLN - BS26,97,37097,State House District 97,,,1.0,97,097,HD-097,state_house,2024,sl_2023_149,SL 2023-149 House Lines (block-weighted December 2025 precinct basis),39,39,2393,2393,vap
LINCOLN - CF19,97,37097,State House District 97,,,1.0,97,097,HD-097,state_house,2024,sl_2023_149,SL 2023-149 House Lines (block-weighted December 2025 precinct basis),43,43,1650,1650,vap
LINCOLN - DN29,97,37097,State House District 97,,,1.0,97,097,HD-097,state_house,2024,sl_2023_149,SL 2023-149 House Lines (block-weighted December 2025 precinct basis),71,71,3507,3507,vap
LINCOLN - DV08,97,37097,State House District 97,,,1.0,97,097,HD-097,state_house,2024,sl_2023_149,SL 2023-149 House Lines (block-weighted December 2025 precinct basis),81,81,3087,3087,vap
LINCOLN - DW28,97,37097,State House District 97,,,1.0,97,097,HD-097,state_house,2024,sl_2023_149,SL 2023-149 House Lines (block-weighted December 2025 precinct basis),56,56,2975,2975,vap
LINCOLN - HC33,97,37097,State House District 97,,,1.0,97,097,HD-097,state_house,2024,sl_2023_149,SL 2023-149 House Lines (block-weighted December 2025 precinct basis),107,107,4020,4020,vap
LINCOLN - IS20,97,37097,State House District 97,,,1.0,97,097,HD-097,state_house,2024,sl_2023_149,SL 2023-149 House Lines (block-weighted December 2025 precinct basis),51,51,1874,1874,vap
LINCOLN - IS23,97,37097,State House District 97,,,1.0,97,097,HD-097,state_house,2024,sl_2023_149,SL 2023-149 House Lines (block-weighted December 2025 precinct basis),63,63,2820,2820,vap
LINCOLN - LB34,97,37097,State House District 97,,,1.0,97,097,HD-097,state_house,2024,sl_2023_149,SL 2023-149 House Lines (block-weighted December 2025 precinct basis),127,127,3302,3302,vap
LINCOLN - LI14,97,37097,State House District 97,,,1.0,97,097,HD-097,state_house,2024,sl_2023_149,SL 2023-149 House Lines (block-weighted December 2025 precinct basis),60,60,1815,1815,vap
LINCOLN - LN11,97,37097,State House District 97,,,1.0,97,097,HD-097,state_house,2024,sl_2023_149,SL 2023-149 House Lines (block-weighted December 2025 precinct basis),87,87,1904,1904,vap
LINCOLN - LS12,97,37097,State House District 97,,,1.0,97,097,HD-097,state_house,2024,sl_2023_149,SL 2023-149 House Lines (block-weighted December 2025 precinct basis),115,115,2050,2050,vap
LINCOLN - LW18,97,37097,State House District 97,,,1.0,97,097,HD-097,state_house,2024,sl_2023_149,SL 2023-149 House Lines (block-weighted December 2025 precinct basis),40,40,1333,1333,vap
LINCOLN - LW31,97,37097,State House District 97,,,1.0,97,097,HD-097,state_house,2024,sl_2023_149,SL 2023-149 House Lines (block-weighted December 2025 precinct basis),86,86,4371,4371,vap
LINCOLN - NB35,97,37097,State House District 97,,,1.0,97,097,HD-097,state_house,2024,sl_2023_149,SL 2023-149 House Lines (block-weighted December 2025 precinct basis),146,146,4432,4432,vap
LINCOLN - OB21,97,37097,State House District 97,,,1.0,97,097,HD-097,state_house,2024,sl_2023_149,SL 2023-149 House Lines (block-weighted December 2025 precinct basis),48,48,2398,2398,vap
LINCOLN - PC22,97,37097,State House District 97,,,1.0,97,097,HD-097,state_house,2024,sl_2023_149,SL 2023-149 House Lines (block-weighted December 2025 precinct basis),41,41,2919,2919,vap
LINCOLN - SL24,97,37097,State House District 97,,,1.0,97,097,HD-097,state_house,2024,sl_2023_149,SL 2023-149 House Lines (block-weighted December 2025 precinct basis),67,67,2083,2083,vap
LINCOLN - ST36,97,37097,State House District 97,,,1.0,97,097,HD-097,state_house,2024,sl_2023_149,SL 2023-149 House Lines (block-weighted December 2025 precinct basis),159,159,4177,4177,vap
LINCOLN - TA37,97,37097,State House District 97,,,1.0,97,097,HD-097,state_house,2024,sl_2023_149,SL 2023-149 House Lines (block-weighted December 2025 precinct basis),51,51,3984,3984,vap
LINCOLN - WP32,97,37097,State House District 97,,,1.0,97,097,HD-097,state_house,2024,sl_2023_149,SL 2023-149 House Lines (block-weighted December 2025 precinct basis),73,73,5759,5759,vap
MACON - 01,120,37120,State House District 120,,,1.0,120,120,HD-120,state_house,2024,sl_2023_149,SL 2023-149 House Lines (block-weighted December 2025 precinct basis),96,96,2796,2796,vap
MACON - 02,120,37120,State House District 120,,,1.0,120,120,HD-120,state_house,2024,sl_2023_149,SL 2023-149 House Lines (block-weighted December 2025 precinct basis),126,126,1712,1712,vap
MACON - 03,120,37120,State House District 120,,,1.0,120,120,HD-120,state_house,2024,sl_2023_149,SL 2023-149 House Lines (block-weighted December 2025 precinct basis),161,161,3062,3062,vap
MACON - 04,120,37120,State House District 120,,,1.0,120,120,HD-120,state_house,2024,sl_2023_149,SL 2023-149 House Lines (block-weighted December 2025 precinct basis),66,66,1738,1738,vap
MACON - 05,120,37120,State House District 120,,,1.0,120,120,HD-120,state_house,2024,sl_2023_149,SL 2023-149 House Lines (block-weighted December 2025 precinct basis),114,114,3086,3086,vap
MACON - 06,120,37120,State House District 120,,,1.0,120,120,HD-120,state_house,2024,sl_2023_149,SL 2023-149 House Lines (block-weighted December 2025 precinct basis),147,147,2502,2502,vap
MACON - 07,120,37120,State House District 120,,,1.0,120,120,HD-120,state_house,2024,sl_2023_149,SL 2023-149 House Lines (block-weighted December 2025 precinct basis),101,101,2429,2429,vap
MACON - 08,120,37120,State House District 120,,,1.0,120,120,HD-120,state_house,2024,sl_2023_149,SL 2023-149 House Lines (block-weighted December 2025 precinct basis),81,81,537,537,vap
MACON - 09,120,37120,State House District 120,,,1.0,120,120,HD-120,state_house,2024,sl_2023_149,SL 2023-149 House Lines (block-weighted December 2025 precinct basis),309,309,2790,2790,vap
MACON - 10,120,37120,State House District 120,,,1.0,120,120,HD-120,state_house,2024,sl_2023_149,SL 2023-149 House Lines (block-weighted December 2025 precinct basis),56,56,533,533,vap
MACON - 11,120,37120,State House District 120,,,1.0,120,120,HD-120,state_house,2024,sl_2023_149,SL 2023-149 House Lines (block-weighted December 2025 precinct basis),156,156,3404,3404,vap
MACON - 12,120,37120,State House District 120,,,1.0,120,120,HD-120,state_house,2024,sl_2023_149,SL 2023-149 House Lines (block-weighted December 2025 precinct basis),155,155,2168,2168,vap
MACON - 13,120,37120,State House District 120,,,1.0,120,120,HD-120,state_house,2024,sl_2023_149,SL 2023-149 House Lines (block-weighted December 2025 precinct basis),165,165,645,645,vap
MACON - 14,120,37120,State House District 120,,,1.0,120,120,HD-120,state_house,2024,sl_2023_149,SL 2023-149 House Lines (block-weighted December 2025 precinct basis),63,63,805,805,vap
MACON - 15,120,37120,State House District 120,,,1.0,120,120,HD-120,state_house,2024,sl_2023_149,SL 2023-149 House Lines (block-weighted December 2025 precinct basis),195,195,2134,2134,vap
MADISON - BEECH,118,37118,State House District 118,,,1.0,118,118,HD-118,state_house,2024,sl_2023_149,SL 2023-149 House Lines (block-weighted December 2025 precinct basis),135,135,2596,2596,vap
MADISON - EBBS C,118,37118,State House District 118,,,1.0,118,118,HD-118,state_house,2024,sl_2023_149,SL 2023-149 House Lines (block-weighted December 2025 precinct basis),81,81,1097,1097,vap
MADISON - GRAPEV,118,37118,State House District 118,,,1.0,118,118,HD-118,state_house,2024,sl_2023_149,SL 2023-149 House Lines (block-weighted December 2025 precinct basis),47,47,1186,1186,vap
MADISON - HOT SP,118,37118,State House District 118,,,1.0,118,118,HD-118,state_house,2024,sl_2023_149,SL 2023-149 House Lines (block-weighted December 2025 precinct basis),107,107,865,865,vap
MADISON - LAUREL,118,37118,State House District 118,,,1.0,118,118,HD-118,state_house,2024,sl_2023_149,SL 2023-149 House Lines (block-weighted December 2025 precinct basis),58,58,1083,1083,vap
MADISON - MARS H,118,37118,State House District 118,,,1.0,118,118,HD-118,state_house,2024,sl_2023_149,SL 2023-149 House Lines (block-weighted December 2025 precinct basis),186,186,4256,4256,vap
MADISON - NORTH,118,37118,State House District 118,,,1.0,118,118,HD-118,state_house,2024,sl_2023_149,SL 2023-149 House Lines (block-weighted December 2025 precinct basis),155,155,2359,2359,vap
MADISON - REVERE,118,37118,State House District 118,,,1.0,118,118,HD-118,state_house,2024,sl_2023_149,SL 2023-149 House Lines (block-weighted December 2025 precinct basis),18,18,301,301,vap
MADISON - SANDY,118,37118,State House District 118,,,1.0,118,118,HD-118,state_house,2024,sl_2023_149,SL 2023-149 House Lines (block-weighted December 2025 precinct basis),30,30,544,544,vap
MADISON - SOUTH,118,37118,State House District 118,,,1.0,118,118,HD-118,state_house,2024,sl_2023_149,SL 2023-149 House Lines (block-weighted December 2025 precinct basis),78,78,1024,1024,vap
MADISON - SPRING,118,37118,State House District 118,,,1.0,118,118,HD-118,state_house,2024,sl_2023_149,SL 2023-149 House Lines (block-weighted December 2025 precinct basis),78,78,786,786,vap
MADISON - WALNUT,118,37118,State House District 118,,,1.0,118,118,HD-118,state_house,2024,sl_2023_149,SL 2023-149 House Lines (block-weighted December 2025 precinct basis),76,76,1384,1384,vap
MARTIN - BG,23,37023,State House District 23,,,1.0,23,023,HD-023,state_house,2024,sl_2023_149,SL 2023-149 House Lines (block-weighted December 2025 precinct basis),63,63,1695,1695,vap
MARTIN - CR,23,37023,State House District 23,,,1.0,23,023,HD-023,state_house,2024,sl_2023_149,SL 2023-149 House Lines (block-weighted December 2025 precinct basis),73,73,1081,1081,vap
MARTIN - GRF,23,37023,State House District 23,,,1.0,23,023,HD-023,state_house,2024,sl_2023_149,SL 2023-149 House Lines (block-weighted December 2025 precinct basis),83,83,1388,1388,vap
MARTIN - GSN,23,37023,State House District 23,,,1.0,23,023,HD-023,state_house,2024,sl_2023_149,SL 2023-149 House Lines (block-weighted December 2025 precinct basis),102,102,981,981,vap
MARTIN - HMT,23,37023,State House District 23,,,1.0,23,023,HD-023,state_house,2024,sl_2023_149,SL 2023-149 House Lines (block-weighted December 2025 precinct basis),70,70,1237,1237,vap
MARTIN - JMV,23,37023,State House District 23,,,1.0,23,023,HD-023,state_house,2024,sl_2023_149,SL 2023-149 House Lines (block-weighted December 2025 precinct basis),136,136,2341,2341,vap
MARTIN - RBV,23,37023,State House District 23,,,1.0,23,023,HD-023,state_house,2024,sl_2023_149,SL 2023-149 House Lines (block-weighted December 2025 precinct basis),226,226,2357,2357,vap
MARTIN - WM1,23,37023,State House District 23,,,1.0,23,023,HD-023,state_house,2024,sl_2023_149,SL 2023-149 House Lines (block-weighted December 2025 precinct basis),198,198,3583,3583,vap
MARTIN - WM2,23,37023,State House District 23,,,1.0,23,023,HD-023,state_house,2024,sl_2023_149,SL 2023-149 House Lines (block-weighted December 2025 precinct basis),137,137,2952,2952,vap
MCDOWELL - CCREEK,85,37085,State House District 85,,,1.0,85,085,HD-085,state_house,2024,sl_2023_149,SL 2023-149 House Lines (block-weighted December 2025 precinct basis),76,76,2105,2105,vap
MCDOWELL - DYSART,85,37085,State House District 85,,,1.0,85,085,HD-085,state_house,2024,sl_2023_149,SL 2023-149 House Lines (block-weighted December 2025 precinct basis),93,93,2938,2938,vap
MCDOWELL - FORT 1,85,37085,State House District 85,,,1.0,85,085,HD-085,state_house,2024,sl_2023_149,SL 2023-149 House Lines (block-weighted December 2025 precinct basis),77,77,1463,1463,vap
MCDOWELL - FORT 2,85,37085,State House District 85,,,1.0,85,085,HD-085,state_house,2024,sl_2023_149,SL 2023-149 House Lines (block-weighted December 2025 precinct basis),107,108,2069,2069,vap
MCDOWELL - GLENWD,113,37113,State House District 113,,,1.0,113,113,HD-113,state_house,2024,sl_2023_149,SL 2023-149 House Lines (block-weighted December 2025 precinct basis),119,119,2109,2109,vap
MCDOWELL - HIGGIN,85,37085,State House District 85,,,1.0,85,085,HD-085,state_house,2024,sl_2023_149,SL 2023-149 House Lines (block-weighted December 2025 precinct basis),92,92,2646,2646,vap
MCDOWELL - M.COVE,113,37113,State House District 113,,,1.0,113,113,HD-113,state_house,2024,sl_2023_149,SL 2023-149 House Lines (block-weighted December 2025 precinct basis),34,34,1857,1857,vap
MCDOWELL - MAR 1,85,37085,State House District 85,,,1.0,85,085,HD-085,state_house,2024,sl_2023_149,SL 2023-149 House Lines (block-weighted December 2025 precinct basis),129,129,3333,3333,vap
MCDOWELL - MAR 2,85,37085,State House District 85,,,1.0,85,085,HD-085,state_house,2024,sl_2023_149,SL 2023-149 House Lines (block-weighted December 2025 precinct basis),60,60,1742,1742,vap
MCDOWELL - MAR 3,85,37085,State House District 85,,,1.0,85,085,HD-085,state_house,2024,sl_2023_149,SL 2023-149 House Lines (block-weighted December 2025 precinct basis),53,53,1165,1165,vap
MCDOWELL - MAR 4,85,37085,State House District 85,,,1.0,85,085,HD-085,state_house,2024,sl_2023_149,SL 2023-149 House Lines (block-weighted December 2025 precinct basis),85,85,1606,1606,vap
MCDOWELL - MAR 5,85,37085,State House District 85,,,1.0,85,085,HD-085,state_house,2024,sl_2023_149,SL 2023-149 House Lines (block-weighted December 2025 precinct basis),57,57,1328,1328,vap
MCDOWELL - N.COVE,85,37085,State House District 85,,,1.0,85,085,HD-085,state_house,2024,sl_2023_149,SL 2023-149 House Lines (block-weighted December 2025 precinct basis),109,109,934,934,vap
MCDOWELL - NEBO,85,37085,State House District 85,,,1.0,85,085,HD-085,state_house,2024,sl_2023_149,SL 2023-149 House Lines (block-weighted December 2025 precinct basis),98,98,2911,2911,vap
MCDOWELL - PLEASA,85,37085,State House District 85,,,1.0,85,085,HD-085,state_house,2024,sl_2023_149,SL 2023-149 House Lines (block-weighted December 2025 precinct basis),114,114,2320,2320,vap
MCDOWELL - T.COVE,85,37085,State House District 85,,,1.0,85,085,HD-085,state_house,2024,sl_2023_149,SL 2023-149 House Lines (block-weighted December 2025 precinct basis),77,77,970,970,vap
MCDOWELL - WEST M,85,37085,State House District 85,,,1.0,85,085,HD-085,state_house,2024,sl_2023_149,SL 2023-149 House Lines (block-weighted December 2025 precinct basis),123,125,4309,4309,vap
MECKLENBURG - 001,102,37102,State House District 102,,,1.0,102,102,HD-102,state_house,2024,sl_2023_149,SL 2023-149 House Lines (block-weighted December 2025 precinct basis),35,35,1687,1687,vap
MECKLENBURG - 002,102,37102,State House District 102,,,1.0,102,102,HD-102,state_house,2024,sl_2023_149,SL 2023-149 House Lines (block-weighted December 2025 precinct basis),86,86,3703,3703,vap
MECKLENBURG - 003,112,37112,State House District 112,,,1.0,112,112,HD-112,state_house,2024,sl_2023_149,SL 2023-149 House Lines (block-weighted December 2025 precinct basis),38,38,3622,3622,vap
MECKLENBURG - 004,112,37112,State House District 112,,,1.0,112,112,HD-112,state_house,2024,sl_2023_149,SL 2023-149 House Lines (block-weighted December 2025 precinct basis),34,34,3108,3108,vap
MECKLENBURG - 005,102,37102,State House District 102,,,1.0,102,102,HD-102,state_house,2024,sl_2023_149,SL 2023-149 House Lines (block-weighted December 2025 precinct basis),19,19,2587,2587,vap
MECKLENBURG - 006,100,37100,State House District 100,,,1.0,100,100,HD-100,state_house,2024,sl_2023_149,SL 2023-149 House Lines (block-weighted December 2025 precinct basis),31,31,3992,3992,vap
MECKLENBURG - 007,104,37104,State House District 104,,,1.0,104,104,HD-104,state_house,2024,sl_2023_149,SL 2023-149 House Lines (block-weighted December 2025 precinct basis),26,26,2340,2340,vap
MECKLENBURG - 008,102,37102,State House District 102,,,1.0,102,102,HD-102,state_house,2024,sl_2023_149,SL 2023-149 House Lines (block-weighted December 2025 precinct basis),38,38,2953,2953,vap
MECKLENBURG - 009,88,37088,State House District 88,,,1.0,88,088,HD-088,state_house,2024,sl_2023_149,SL 2023-149 House Lines (block-weighted December 2025 precinct basis),77,77,5902,5902,vap
MECKLENBURG - 010,88,37088,State House District 88,,,1.0,88,088,HD-088,state_house,2024,sl_2023_149,SL 2023-149 House Lines (block-weighted December 2025 precinct basis),60,60,2629,2629,vap
MECKLENBURG - 011,102,37102,State House District 102,,,1.0,102,102,HD-102,state_house,2024,sl_2023_149,SL 2023-149 House Lines (block-weighted December 2025 precinct basis),163,163,12783,12783,vap
MECKLENBURG - 012,107,37107,State House District 107,,,1.0,107,107,HD-107,state_house,2024,sl_2023_149,SL 2023-149 House Lines (block-weighted December 2025 precinct basis),74,74,3203,3203,vap
MECKLENBURG - 013,102,37102,State House District 102,,,1.0,102,102,HD-102,state_house,2024,sl_2023_149,SL 2023-149 House Lines (block-weighted December 2025 precinct basis),172,172,5547,5547,vap
MECKLENBURG - 014,102,37102,State House District 102,,,1.0,102,102,HD-102,state_house,2024,sl_2023_149,SL 2023-149 House Lines (block-weighted December 2025 precinct basis),98,98,3756,3756,vap
MECKLENBURG - 015,102,37102,State House District 102,,,1.0,102,102,HD-102,state_house,2024,sl_2023_149,SL 2023-149 House Lines (block-weighted December 2025 precinct basis),63,63,4544,4544,vap
MECKLENBURG - 016,107,37107,State House District 107,,,1.0,107,107,HD-107,state_house,2024,sl_2023_149,SL 2023-149 House Lines (block-weighted December 2025 precinct basis),54,54,3139,3139,vap
MECKLENBURG - 017,102,37102,State House District 102,,,1.0,102,102,HD-102,state_house,2024,sl_2023_149,SL 2023-149 House Lines (block-weighted December 2025 precinct basis),49,49,2571,2571,vap
MECKLENBURG - 018,102,37102,State House District 102,,,1.0,102,102,HD-102,state_house,2024,sl_2023_149,SL 2023-149 House Lines (block-weighted December 2025 precinct basis),22,22,1595,1595,vap
MECKLENBURG - 019,104,37104,State House District 104,,,1.0,104,104,HD-104,state_house,2024,sl_2023_149,SL 2023-149 House Lines (block-weighted December 2025 precinct basis),30,30,1813,1813,vap
MECKLENBURG - 020,88,37088,State House District 88,,,1.0,88,088,HD-088,state_house,2024,sl_2023_149,SL 2023-149 House Lines (block-weighted December 2025 precinct basis),37,37,2427,2427,vap
MECKLENBURG - 021,88,37088,State House District 88,,,1.0,88,088,HD-088,state_house,2024,sl_2023_149,SL 2023-149 House Lines (block-weighted December 2025 precinct basis),37,37,2509,2509,vap
MECKLENBURG - 022,107,37107,State House District 107,,,1.0,107,107,HD-107,state_house,2024,sl_2023_149,SL 2023-149 House Lines (block-weighted December 2025 precinct basis),117,117,11174,11174,vap
MECKLENBURG - 023,107,37107,State House District 107,,,1.0,107,107,HD-107,state_house,2024,sl_2023_149,SL 2023-149 House Lines (block-weighted December 2025 precinct basis),65,65,2628,2628,vap
MECKLENBURG - 024,107,37107,State House District 107,,,1.0,107,107,HD-107,state_house,2024,sl_2023_149,SL 2023-149 House Lines (block-weighted December 2025 precinct basis),87,87,3412,3412,vap
MECKLENBURG - 025,107,37107,State House District 107,,,1.0,107,107,HD-107,state_house,2024,sl_2023_149,SL 2023-149 House Lines (block-weighted December 2025 precinct basis),39,39,2340,2340,vap
MECKLENBURG - 026,107,37107,State House District 107,,,1.0,107,107,HD-107,state_house,2024,sl_2023_149,SL 2023-149 House Lines (block-weighted December 2025 precinct basis),73,73,4283,4283,vap
MECKLENBURG - 027,102,37102,State House District 102,,,1.0,102,102,HD-102,state_house,2024,sl_2023_149,SL 2023-149 House Lines (block-weighted December 2025 precinct basis),89,89,3599,3599,vap
MECKLENBURG - 028,102,37102,State House District 102,,,1.0,102,102,HD-102,state_house,2024,sl_2023_149,SL 2023-149 House Lines (block-weighted December 2025 precinct basis),51,51,2768,2768,vap
MECKLENBURG - 029,102,37102,State House District 102,,,1.0,102,102,HD-102,state_house,2024,sl_2023_149,SL 2023-149 House Lines (block-weighted December 2025 precinct basis),27,27,3031,3031,vap
MECKLENBURG - 030,102,37102,State House District 102,,,1.0,102,102,HD-102,state_house,2024,sl_2023_149,SL 2023-149 House Lines (block-weighted December 2025 precinct basis),102,102,4261,4261,vap
MECKLENBURG - 031,107,37107,State House District 107,,,1.0,107,107,HD-107,state_house,2024,sl_2023_149,SL 2023-149 House Lines (block-weighted December 2025 precinct basis),59,59,2742,2742,vap
MECKLENBURG - 032,104,37104,State House District 104,,,1.0,104,104,HD-104,state_house,2024,sl_2023_149,SL 2023-149 House Lines (block-weighted December 2025 precinct basis),27,27,1875,1875,vap
MECKLENBURG - 033,102,37102,State House District 102,,,1.0,102,102,HD-102,state_house,2024,sl_2023_149,SL 2023-149 House Lines (block-weighted December 2025 precinct basis),47,47,3742,3742,vap
MECKLENBURG - 034,104,37104,State House District 104,,,1.0,104,104,HD-104,state_house,2024,sl_2023_149,SL 2023-149 House Lines (block-weighted December 2025 precinct basis),52,52,3801,3801,vap
MECKLENBURG - 035,102,37102,State House District 102,,,1.0,102,102,HD-102,state_house,2024,sl_2023_149,SL 2023-149 House Lines (block-weighted December 2025 precinct basis),26,26,1846,1846,vap
MECKLENBURG - 036,104,37104,State House District 104,,,1.0,104,104,HD-104,state_house,2024,sl_2023_149,SL 2023-149 House Lines (block-weighted December 2025 precinct basis),34,34,2795,2795,vap
MECKLENBURG - 037,88,37088,State House District 88,,,1.0,88,088,HD-088,state_house,2024,sl_2023_149,SL 2023-149 House Lines (block-weighted December 2025 precinct basis),41,41,2619,2619,vap
MECKLENBURG - 038,88,37088,State House District 88,,,1.0,88,088,HD-088,state_house,2024,sl_2023_149,SL 2023-149 House Lines (block-weighted December 2025 precinct basis),26,26,3269,3269,vap
MECKLENBURG - 039,92,37092,State House District 92,,,1.0,92,092,HD-092,state_house,2024,sl_2023_149,SL 2023-149 House Lines (block-weighted December 2025 precinct basis),109,109,3290,3290,vap
MECKLENBURG - 040,107,37107,State House District 107,,,1.0,107,107,HD-107,state_house,2024,sl_2023_149,SL 2023-149 House Lines (block-weighted December 2025 precinct basis),53,53,3500,3500,vap
MECKLENBURG - 041,107,37107,State House District 107,,,1.0,107,107,HD-107,state_house,2024,sl_2023_149,SL 2023-149 House Lines (block-weighted December 2025 precinct basis),103,103,3445,3445,vap
MECKLENBURG - 042,99,37099,State House District 99,,,1.0,99,099,HD-099,state_house,2024,sl_2023_149,SL 2023-149 House Lines (block-weighted December 2025 precinct basis),58,58,3356,3356,vap
MECKLENBURG - 043,112,37112,State House District 112,,,1.0,112,112,HD-112,state_house,2024,sl_2023_149,SL 2023-149 House Lines (block-weighted December 2025 precinct basis),51,51,4560,4560,vap
MECKLENBURG - 044,102,37102,State House District 102,,,1.0,102,102,HD-102,state_house,2024,sl_2023_149,SL 2023-149 House Lines (block-weighted December 2025 precinct basis),58,58,1827,1827,vap
MECKLENBURG - 045,112,37112,State House District 112,,,1.0,112,112,HD-112,state_house,2024,sl_2023_149,SL 2023-149 House Lines (block-weighted December 2025 precinct basis),31,31,3093,3093,vap
MECKLENBURG - 046,102,37102,State House District 102,,,1.0,102,102,HD-102,state_house,2024,sl_2023_149,SL 2023-149 House Lines (block-weighted December 2025 precinct basis),29,29,3958,3958,vap
MECKLENBURG - 047,104,37104,State House District 104,,,1.0,104,104,HD-104,state_house,2024,sl_2023_149,SL 2023-149 House Lines (block-weighted December 2025 precinct basis),38,38,3142,3142,vap
MECKLENBURG - 048,104,37104,State House District 104,,,1.0,104,104,HD-104,state_house,2024,sl_2023_149,SL 2023-149 House Lines (block-weighted December 2025 precinct basis),30,30,1847,1847,vap
MECKLENBURG - 049,88,37088,State House District 88,,,1.0,88,088,HD-088,state_house,2024,sl_2023_149,SL 2023-149 House Lines (block-weighted December 2025 precinct basis),32,32,3085,3085,vap
MECKLENBURG - 050,88,37088,State House District 88,,,1.0,88,088,HD-088,state_house,2024,sl_2023_149,SL 2023-149 House Lines (block-weighted December 2025 precinct basis),45,45,2785,2785,vap
MECKLENBURG - 051,88,37088,State House District 88,,,1.0,88,088,HD-088,state_house,2024,sl_2023_149,SL 2023-149 House Lines (block-weighted December 2025 precinct basis),38,38,3232,3232,vap
MECKLENBURG - 052,88,37088,State House District 88,,,1.0,88,088,HD-088,state_house,2024,sl_2023_149,SL 2023-149 House Lines (block-weighted December 2025 precinct basis),78,78,2886,2886,vap
MECKLENBURG - 053,92,37092,State House District 92,,,1.0,92,092,HD-092,state_house,2024,sl_2023_149,SL 2023-149 House Lines (block-weighted December 2025 precinct basis),104,105,4174,4174,vap
MECKLENBURG - 054,107,37107,State House District 107,,,1.0,107,107,HD-107,state_house,2024,sl_2023_149,SL 2023-149 House Lines (block-weighted December 2025 precinct basis),104,104,3457,3457,vap
MECKLENBURG - 055,107,37107,State House District 107,,,1.0,107,107,HD-107,state_house,2024,sl_2023_149,SL 2023-149 House Lines (block-weighted December 2025 precinct basis),44,44,1974,1974,vap
MECKLENBURG - 056,107,37107,State House District 107,,,1.0,107,107,HD-107,state_house,2024,sl_2023_149,SL 2023-149 House Lines (block-weighted December 2025 precinct basis),64,64,2100,2100,vap
MECKLENBURG - 057,104,37104,State House District 104,,,1.0,104,104,HD-104,state_house,2024,sl_2023_149,SL 2023-149 House Lines (block-weighted December 2025 precinct basis),39,39,2525,2525,vap
MECKLENBURG - 058,88,37088,State House District 88,,,1.0,88,088,HD-088,state_house,2024,sl_2023_149,SL 2023-149 House Lines (block-weighted December 2025 precinct basis),52,52,3010,3010,vap
MECKLENBURG - 059,88,37088,State House District 88,,,1.0,88,088,HD-088,state_house,2024,sl_2023_149,SL 2023-149 House Lines (block-weighted December 2025 precinct basis),37,37,1931,1931,vap
MECKLENBURG - 060,112,37112,State House District 112,,,1.0,112,112,HD-112,state_house,2024,sl_2023_149,SL 2023-149 House Lines (block-weighted December 2025 precinct basis),33,33,2302,2302,vap
MECKLENBURG - 061,112,37112,State House District 112,,,1.0,112,112,HD-112,state_house,2024,sl_2023_149,SL 2023-149 House Lines (block-weighted December 2025 precinct basis),39,39,3223,3223,vap
MECKLENBURG - 062,100,37100,State House District 100,,,1.0,100,100,HD-100,state_house,2024,sl_2023_149,SL 2023-149 House Lines (block-weighted December 2025 precinct basis),31,31,3646,3646,vap
MECKLENBURG - 063,100,37100,State House District 100,,,1.0,100,100,HD-100,state_house,2024,sl_2023_149,SL 2023-149 House Lines (block-weighted December 2025 precinct basis),27,27,3454,3454,vap
MECKLENBURG - 064,104,37104,State House District 104,,,1.0,104,104,HD-104,state_house,2024,sl_2023_149,SL 2023-149 House Lines (block-weighted December 2025 precinct basis),23,23,1490,1490,vap
MECKLENBURG - 065,104,37104,State House District 104,,,1.0,104,104,HD-104,state_house,2024,sl_2023_149,SL 2023-149 House Lines (block-weighted December 2025 precinct basis),20,20,1480,1480,vap
MECKLENBURG - 066,104,37104,State House District 104,,,1.0,104,104,HD-104,state_house,2024,sl_2023_149,SL 2023-149 House Lines (block-weighted December 2025 precinct basis),25,25,1653,1653,vap
MECKLENBURG - 067,104,37104,State House District 104,,,1.0,104,104,HD-104,state_house,2024,sl_2023_149,SL 2023-149 House Lines (block-weighted December 2025 precinct basis),29,29,1618,1618,vap
MECKLENBURG - 068,104,37104,State House District 104,,,1.0,104,104,HD-104,state_house,2024,sl_2023_149,SL 2023-149 House Lines (block-weighted December 2025 precinct basis),13,13,2351,2351,vap
MECKLENBURG - 069,105,37105,State House District 105,,,1.0,105,105,HD-105,state_house,2024,sl_2023_149,SL 2023-149 House Lines (block-weighted December 2025 precinct basis),57,57,4284,4284,vap
MECKLENBURG - 070,104,37104,State House District 104,,,1.0,104,104,HD-104,state_house,2024,sl_2023_149,SL 2023-149 House Lines (block-weighted December 2025 precinct basis),21,21,2093,2093,vap
MECKLENBURG - 071,104,37104,State House District 104,,,1.0,104,104,HD-104,state_house,2024,sl_2023_149,SL 2023-149 House Lines (block-weighted December 2025 precinct basis),27,27,2298,2298,vap
MECKLENBURG - 072,104,37104,State House District 104,,,1.0,104,104,HD-104,state_house,2024,sl_2023_149,SL 2023-149 House Lines (block-weighted December 2025 precinct basis),19,19,1544,1544,vap
MECKLENBURG - 073,104,37104,State House District 104,,,1.0,104,104,HD-104,state_house,2024,sl_2023_149,SL 2023-149 House Lines (block-weighted December 2025 precinct basis),11,11,2028,2028,vap
MECKLENBURG - 074,104,37104,State House District 104,,,1.0,104,104,HD-104,state_house,2024,sl_2023_149,SL 2023-149 House Lines (block-weighted December 2025 precinct basis),43,43,3747,3747,vap
MECKLENBURG - 075,104,37104,State House District 104,,,1.0,104,104,HD-104,state_house,2024,sl_2023_149,SL 2023-149 House Lines (block-weighted December 2025 precinct basis),34,34,3565,3565,vap
MECKLENBURG - 076,88,37088,State House District 88,,,1.0,88,088,HD-088,state_house,2024,sl_2023_149,SL 2023-149 House Lines (block-weighted December 2025 precinct basis),35,35,3060,3060,vap
MECKLENBURG - 077,88,37088,State House District 88,,,1.0,88,088,HD-088,state_house,2024,sl_2023_149,SL 2023-149 House Lines (block-weighted December 2025 precinct basis),62,64,3958,3958,vap
MECKLENBURG - 078.1,88,37088,State House District 88,,,1.0,88,088,HD-088,state_house,2024,sl_2023_149,SL 2023-149 House Lines (block-weighted December 2025 precinct basis),65,65,3937,3937,vap
MECKLENBURG - 079,101,37101,State House District 101,,,1.0,101,101,HD-101,state_house,2024,sl_2023_149,SL 2023-149 House Lines (block-weighted December 2025 precinct basis),57,57,3028,3028,vap
MECKLENBURG - 080,101,37101,State House District 101,,,1.0,101,101,HD-101,state_house,2024,sl_2023_149,SL 2023-149 House Lines (block-weighted December 2025 precinct basis),68,68,4648,4648,vap
MECKLENBURG - 081,101,37101,State House District 101,,,1.0,101,101,HD-101,state_house,2024,sl_2023_149,SL 2023-149 House Lines (block-weighted December 2025 precinct basis),78,78,5631,5631,vap
MECKLENBURG - 082,99,37099,State House District 99,,,1.0,99,099,HD-099,state_house,2024,sl_2023_149,SL 2023-149 House Lines (block-weighted December 2025 precinct basis),51,51,6509,6509,vap
MECKLENBURG - 083,100,37100,State House District 100,,,1.0,100,100,HD-100,state_house,2024,sl_2023_149,SL 2023-149 House Lines (block-weighted December 2025 precinct basis),42,42,4521,4521,vap
MECKLENBURG - 084,112,37112,State House District 112,,,1.0,112,112,HD-112,state_house,2024,sl_2023_149,SL 2023-149 House Lines (block-weighted December 2025 precinct basis),32,32,3729,3729,vap
MECKLENBURG - 085,100,37100,State House District 100,,,1.0,100,100,HD-100,state_house,2024,sl_2023_149,SL 2023-149 House Lines (block-weighted December 2025 precinct basis),29,29,2858,2858,vap
MECKLENBURG - 086,105,37105,State House District 105,,,1.0,105,105,HD-105,state_house,2024,sl_2023_149,SL 2023-149 House Lines (block-weighted December 2025 precinct basis),27,27,1943,1943,vap
MECKLENBURG - 087,103,37103,State House District 103,,,1.0,103,103,HD-103,state_house,2024,sl_2023_149,SL 2023-149 House Lines (block-weighted December 2025 precinct basis),45,45,3537,3537,vap
MECKLENBURG - 088,103,37103,State House District 103,,,1.0,103,103,HD-103,state_house,2024,sl_2023_149,SL 2023-149 House Lines (block-weighted December 2025 precinct basis),30,30,3396,3396,vap
MECKLENBURG - 089,101,37101,State House District 101,,,1.0,101,101,HD-101,state_house,2024,sl_2023_149,SL 2023-149 House Lines (block-weighted December 2025 precinct basis),107,107,7649,7649,vap
MECKLENBURG - 090,100,37100,State House District 100,,,1.0,100,100,HD-100,state_house,2024,sl_2023_149,SL 2023-149 House Lines (block-weighted December 2025 precinct basis),17,17,1762,1762,vap
MECKLENBURG - 091,105,37105,State House District 105,,,1.0,105,105,HD-105,state_house,2024,sl_2023_149,SL 2023-149 House Lines (block-weighted December 2025 precinct basis),32,32,4721,4721,vap
MECKLENBURG - 092,104,37104,State House District 104,,,1.0,104,104,HD-104,state_house,2024,sl_2023_149,SL 2023-149 House Lines (block-weighted December 2025 precinct basis),21,21,3357,3357,vap
MECKLENBURG - 093,105,37105,State House District 105,,,1.0,105,105,HD-105,state_house,2024,sl_2023_149,SL 2023-149 House Lines (block-weighted December 2025 precinct basis),22,22,1918,1918,vap
MECKLENBURG - 094,100,37100,State House District 100,,,1.0,100,100,HD-100,state_house,2024,sl_2023_149,SL 2023-149 House Lines (block-weighted December 2025 precinct basis),21,21,2619,2619,vap
MECKLENBURG - 095,112,37112,State House District 112,,,1.0,112,112,HD-112,state_house,2024,sl_2023_149,SL 2023-149 House Lines (block-weighted December 2025 precinct basis),15,15,2722,2722,vap
MECKLENBURG - 096,100,37100,State House District 100,,,1.0,100,100,HD-100,state_house,2024,sl_2023_149,SL 2023-149 House Lines (block-weighted December 2025 precinct basis),29,29,2440,2440,vap
MECKLENBURG - 097,88,37088,State House District 88,,,1.0,88,088,HD-088,state_house,2024,sl_2023_149,SL 2023-149 House Lines (block-weighted December 2025 precinct basis),14,14,2143,2143,vap
MECKLENBURG - 098,88,37088,State House District 88,,,1.0,88,088,HD-088,state_house,2024,sl_2023_149,SL 2023-149 House Lines (block-weighted December 2025 precinct basis),53,53,6069,6069,vap
MECKLENBURG - 099,100,37100,State House District 100,,,1.0,100,100,HD-100,state_house,2024,sl_2023_149,SL 2023-149 House Lines (block-weighted December 2025 precinct basis),39,39,3890,3890,vap
MECKLENBURG - 100,100,37100,State House District 100,,,1.0,100,100,HD-100,state_house,2024,sl_2023_149,SL 2023-149 House Lines (block-weighted December 2025 precinct basis),30,30,3233,3233,vap
MECKLENBURG - 101,104,37104,State House District 104,,,1.0,104,104,HD-104,state_house,2024,sl_2023_149,SL 2023-149 House Lines (block-weighted December 2025 precinct basis),24,24,3044,3044,vap
MECKLENBURG - 102,100,37100,State House District 100,,,1.0,100,100,HD-100,state_house,2024,sl_2023_149,SL 2023-149 House Lines (block-weighted December 2025 precinct basis),40,40,6185,6185,vap
MECKLENBURG - 103,100,37100,State House District 100,,,1.0,100,100,HD-100,state_house,2024,sl_2023_149,SL 2023-149 House Lines (block-weighted December 2025 precinct basis),29,29,2991,2991,vap
MECKLENBURG - 104,112,37112,State House District 112,,,1.0,112,112,HD-112,state_house,2024,sl_2023_149,SL 2023-149 House Lines (block-weighted December 2025 precinct basis),46,46,4221,4221,vap
MECKLENBURG - 105,99,37099,State House District 99,,,1.0,99,099,HD-099,state_house,2024,sl_2023_149,SL 2023-149 House Lines (block-weighted December 2025 precinct basis),74,74,7559,7559,vap
MECKLENBURG - 106,104,37104,State House District 104,,,1.0,104,104,HD-104,state_house,2024,sl_2023_149,SL 2023-149 House Lines (block-weighted December 2025 precinct basis),32,32,1739,1739,vap
MECKLENBURG - 107.1,106,37106,State House District 106,,,1.0,106,106,HD-106,state_house,2024,sl_2023_149,SL 2023-149 House Lines (block-weighted December 2025 precinct basis),27,27,4261,4261,vap
MECKLENBURG - 108,112,37112,State House District 112,,,1.0,112,112,HD-112,state_house,2024,sl_2023_149,SL 2023-149 House Lines (block-weighted December 2025 precinct basis),21,21,4141,4141,vap
MECKLENBURG - 109,102,37102,State House District 102,,,1.0,102,102,HD-102,state_house,2024,sl_2023_149,SL 2023-149 House Lines (block-weighted December 2025 precinct basis),49,49,3233,3233,vap
MECKLENBURG - 110,104,37104,State House District 104,,,1.0,104,104,HD-104,state_house,2024,sl_2023_149,SL 2023-149 House Lines (block-weighted December 2025 precinct basis),16,16,1462,1462,vap
MECKLENBURG - 111,104,37104,State House District 104,,,1.0,104,104,HD-104,state_house,2024,sl_2023_149,SL 2023-149 House Lines (block-weighted December 2025 precinct basis),32,32,3400,3400,vap
MECKLENBURG - 112,105,37105,State House District 105,,,1.0,105,105,HD-105,state_house,2024,sl_2023_149,SL 2023-149 House Lines (block-weighted December 2025 precinct basis),21,21,2317,2317,vap
MECKLENBURG - 113,105,37105,State House District 105,,,1.0,105,105,HD-105,state_house,2024,sl_2023_149,SL 2023-149 House Lines (block-weighted December 2025 precinct basis),27,27,3548,3548,vap
MECKLENBURG - 114,104,37104,State House District 104,,,1.0,104,104,HD-104,state_house,2024,sl_2023_149,SL 2023-149 House Lines (block-weighted December 2025 precinct basis),18,18,3020,3020,vap
MECKLENBURG - 115,100,37100,State House District 100,,,1.0,100,100,HD-100,state_house,2024,sl_2023_149,SL 2023-149 House Lines (block-weighted December 2025 precinct basis),10,10,2217,2217,vap
MECKLENBURG - 116,112,37112,State House District 112,,,1.0,112,112,HD-112,state_house,2024,sl_2023_149,SL 2023-149 House Lines (block-weighted December 2025 precinct basis),17,17,2090,2090,vap
MECKLENBURG - 117,104,37104,State House District 104,,,1.0,104,104,HD-104,state_house,2024,sl_2023_149,SL 2023-149 House Lines (block-weighted December 2025 precinct basis),25,25,2967,2967,vap
MECKLENBURG - 118,100,37100,State House District 100,,,1.0,100,100,HD-100,state_house,2024,sl_2023_149,SL 2023-149 House Lines (block-weighted December 2025 precinct basis),20,20,3581,3581,vap
MECKLENBURG - 119,104,37104,State House District 104,,,1.0,104,104,HD-104,state_house,2024,sl_2023_149,SL 2023-149 House Lines (block-weighted December 2025 precinct basis),15,15,1902,1902,vap
MECKLENBURG - 120,88,37088,State House District 88,,,1.0,88,088,HD-088,state_house,2024,sl_2023_149,SL 2023-149 House Lines (block-weighted December 2025 precinct basis),14,14,4735,4735,vap
MECKLENBURG - 121,105,37105,State House District 105,,,1.0,105,105,HD-105,state_house,2024,sl_2023_149,SL 2023-149 House Lines (block-weighted December 2025 precinct basis),27,27,4001,4001,vap
MECKLENBURG - 122,92,37092,State House District 92,,,1.0,92,092,HD-092,state_house,2024,sl_2023_149,SL 2023-149 House Lines (block-weighted December 2025 precinct basis),97,97,6996,6996,vap
MECKLENBURG - 123,112,37112,State House District 112,,,1.0,112,112,HD-112,state_house,2024,sl_2023_149,SL 2023-149 House Lines (block-weighted December 2025 precinct basis),25,25,2922,2922,vap
MECKLENBURG - 124,112,37112,State House District 112,,,1.0,112,112,HD-112,state_house,2024,sl_2023_149,SL 2023-149 House Lines (block-weighted December 2025 precinct basis),36,36,3309,3309,vap
MECKLENBURG - 125,100,37100,State House District 100,,,1.0,100,100,HD-100,state_house,2024,sl_2023_149,SL 2023-149 House Lines (block-weighted December 2025 precinct basis),14,14,1798,1798,vap
MECKLENBURG - 126,106,37106,State House District 106,,,1.0,106,106,HD-106,state_house,2024,sl_2023_149,SL 2023-149 House Lines (block-weighted December 2025 precinct basis),69,69,4811,4811,vap
MECKLENBURG - 127,98,37098,State House District 98,,,1.0,98,098,HD-098,state_house,2024,sl_2023_149,SL 2023-149 House Lines (block-weighted December 2025 precinct basis),164,164,4789,4789,vap
MECKLENBURG - 128,106,37106,State House District 106,,,1.0,106,106,HD-106,state_house,2024,sl_2023_149,SL 2023-149 House Lines (block-weighted December 2025 precinct basis),21,21,3291,3291,vap
MECKLENBURG - 129,103,37103,State House District 103,,,0.995417048579285,103,103,HD-103,state_house,2024,sl_2023_149,SL 2023-149 House Lines (block-weighted December 2025 precinct basis),33,34,2172,2182,vap
MECKLENBURG - 129,104,37104,State House District 104,,,0.00458295142071494,104,104,HD-104,state_house,2024,sl_2023_149,SL 2023-149 House Lines (block-weighted December 2025 precinct basis),1,34,10,2182,vap
MECKLENBURG - 130,100,37100,State House District 100,,,1.0,100,100,HD-100,state_house,2024,sl_2023_149,SL 2023-149 House Lines (block-weighted December 2025 precinct basis),20,20,2791,2791,vap
MECKLENBURG - 131,105,37105,State House District 105,,,1.0,105,105,HD-105,state_house,2024,sl_2023_149,SL 2023-149 House Lines (block-weighted December 2025 precinct basis),7,7,1817,1817,vap
MECKLENBURG - 132,99,37099,State House District 99,,,1.0,99,099,HD-099,state_house,2024,sl_2023_149,SL 2023-149 House Lines (block-weighted December 2025 precinct basis),39,40,3378,3378,vap
MECKLENBURG - 133,98,37098,State House District 98,,,1.0,98,098,HD-098,state_house,2024,sl_2023_149,SL 2023-149 House Lines (block-weighted December 2025 precinct basis),132,132,5380,5380,vap
MECKLENBURG - 134,101,37101,State House District 101,,,1.0,101,101,HD-101,state_house,2024,sl_2023_149,SL 2023-149 House Lines (block-weighted December 2025 precinct basis),200,200,8400,8400,vap
MECKLENBURG - 135,106,37106,State House District 106,,,1.0,106,106,HD-106,state_house,2024,sl_2023_149,SL 2023-149 House Lines (block-weighted December 2025 precinct basis),97,97,11091,11091,vap
MECKLENBURG - 136,105,37105,State House District 105,,,1.0,105,105,HD-105,state_house,2024,sl_2023_149,SL 2023-149 House Lines (block-weighted December 2025 precinct basis),42,43,2747,2747,vap
MECKLENBURG - 137,103,37103,State House District 103,,,1.0,103,103,HD-103,state_house,2024,sl_2023_149,SL 2023-149 House Lines (block-weighted December 2025 precinct basis),83,83,7087,7087,vap
MECKLENBURG - 138,92,37092,State House District 92,,,1.0,92,092,HD-092,state_house,2024,sl_2023_149,SL 2023-149 House Lines (block-weighted December 2025 precinct basis),52,52,5444,5444,vap
MECKLENBURG - 139.1,103,37103,State House District 103,,,1.0,103,103,HD-103,state_house,2024,sl_2023_149,SL 2023-149 House Lines (block-weighted December 2025 precinct basis),57,57,4068,4068,vap
MECKLENBURG - 140,103,37103,State House District 103,,,1.0,103,103,HD-103,state_house,2024,sl_2023_149,SL 2023-149 House Lines (block-weighted December 2025 precinct basis),60,60,7084,7084,vap
MECKLENBURG - 141,99,37099,State House District 99,,,1.0,99,099,HD-099,state_house,2024,sl_2023_149,SL 2023-149 House Lines (block-weighted December 2025 precinct basis),68,68,10455,10455,vap
MECKLENBURG - 142,98,37098,State House District 98,,,1.0,98,098,HD-098,state_house,2024,sl_2023_149,SL 2023-149 House Lines (block-weighted December 2025 precinct basis),186,186,7376,7376,vap
MECKLENBURG - 143,98,37098,State House District 98,,,1.0,98,098,HD-098,state_house,2024,sl_2023_149,SL 2023-149 House Lines (block-weighted December 2025 precinct basis),79,79,6089,6089,vap
MECKLENBURG - 144,103,37103,State House District 103,,,1.0,103,103,HD-103,state_house,2024,sl_2023_149,SL 2023-149 House Lines (block-weighted December 2025 precinct basis),20,20,4008,4008,vap
MECKLENBURG - 145,106,37106,State House District 106,,,1.0,106,106,HD-106,state_house,2024,sl_2023_149,SL 2023-149 House Lines (block-weighted December 2025 precinct basis),118,118,10928,10928,vap
MECKLENBURG - 146,106,37106,State House District 106,,,1.0,106,106,HD-106,state_house,2024,sl_2023_149,SL 2023-149 House Lines (block-weighted December 2025 precinct basis),50,50,6320,6320,vap
MECKLENBURG - 147,88,37088,State House District 88,,,1.0,88,088,HD-088,state_house,2024,sl_2023_149,SL 2023-149 House Lines (block-weighted December 2025 precinct basis),59,59,6753,6753,vap
MECKLENBURG - 148,103,37103,State House District 103,,,1.0,103,103,HD-103,state_house,2024,sl_2023_149,SL 2023-149 House Lines (block-weighted December 2025 precinct basis),185,185,13593,13593,vap
MECKLENBURG - 149,99,37099,State House District 99,,,1.0,99,099,HD-099,state_house,2024,sl_2023_149,SL 2023-149 House Lines (block-weighted December 2025 precinct basis),72,72,6988,6988,vap
MECKLENBURG - 150,101,37101,State House District 101,,,1.0,101,101,HD-101,state_house,2024,sl_2023_149,SL 2023-149 House Lines (block-weighted December 2025 precinct basis),40,40,3960,3960,vap
MECKLENBURG - 151,106,37106,State House District 106,,,1.0,106,106,HD-106,state_house,2024,sl_2023_149,SL 2023-149 House Lines (block-weighted December 2025 precinct basis),70,70,6031,6031,vap
MECKLENBURG - 200,92,37092,State House District 92,,,1.0,92,092,HD-092,state_house,2024,sl_2023_149,SL 2023-149 House Lines (block-weighted December 2025 precinct basis),145,145,3423,3423,vap
MECKLENBURG - 201,112,37112,State House District 112,,,1.0,112,112,HD-112,state_house,2024,sl_2023_149,SL 2023-149 House Lines (block-weighted December 2025 precinct basis),118,119,9286,9286,vap
MECKLENBURG - 202,98,37098,State House District 98,,,1.0,98,098,HD-098,state_house,2024,sl_2023_149,SL 2023-149 House Lines (block-weighted December 2025 precinct basis),309,309,10020,10020,vap
MECKLENBURG - 203,112,37112,State House District 112,,,1.0,112,112,HD-112,state_house,2024,sl_2023_149,SL 2023-149 House Lines (block-weighted December 2025 precinct basis),79,79,8124,8124,vap
MECKLENBURG - 204.1,99,37099,State House District 99,,,1.0,99,099,HD-099,state_house,2024,sl_2023_149,SL 2023-149 House Lines (block-weighted December 2025 precinct basis),65,65,6170,6170,vap
MECKLENBURG - 205,112,37112,State House District 112,,,1.0,112,112,HD-112,state_house,2024,sl_2023_149,SL 2023-149 House Lines (block-weighted December 2025 precinct basis),76,76,4440,4440,vap
MECKLENBURG - 206,98,37098,State House District 98,,,1.0,98,098,HD-098,state_house,2024,sl_2023_149,SL 2023-149 House Lines (block-weighted December 2025 precinct basis),175,175,7601,7601,vap
MECKLENBURG - 207,98,37098,State House District 98,,,1.0,98,098,HD-098,state_house,2024,sl_2023_149,SL 2023-149 House Lines (block-weighted December 2025 precinct basis),97,97,6155,6155,vap
MECKLENBURG - 208,98,37098,State House District 98,,,1.0,98,098,HD-098,state_house,2024,sl_2023_149,SL 2023-149 House Lines (block-weighted December 2025 precinct basis),77,77,4998,4998,vap
MECKLENBURG - 209,101,37101,State House District 101,,,1.0,101,101,HD-101,state_house,2024,sl_2023_149,SL 2023-149 House Lines (block-weighted December 2025 precinct basis),165,165,5178,5178,vap
MECKLENBURG - 210,107,37107,State House District 107,,,1.0,107,107,HD-107,state_house,2024,sl_2023_149,SL 2023-149 House Lines (block-weighted December 2025 precinct basis),94,94,7115,7115,vap
MECKLENBURG - 211,101,37101,State House District 101,,,1.0,101,101,HD-101,state_house,2024,sl_2023_149,SL 2023-149 House Lines (block-weighted December 2025 precinct basis),203,203,12947,12947,vap
MECKLENBURG - 212,99,37099,State House District 99,,,1.0,99,099,HD-099,state_house,2024,sl_2023_149,SL 2023-149 House Lines (block-weighted December 2025 precinct basis),189,189,16996,16996,vap
MECKLENBURG - 213,107,37107,State House District 107,,,1.0,107,107,HD-107,state_house,2024,sl_2023_149,SL 2023-149 House Lines (block-weighted December 2025 precinct basis),73,73,6348,6348,vap
MECKLENBURG - 214,106,37106,State House District 106,,,1.0,106,106,HD-106,state_house,2024,sl_2023_149,SL 2023-149 House Lines (block-weighted December 2025 precinct basis),28,28,3870,3870,vap
MECKLENBURG - 215,105,37105,State House District 105,,,1.0,105,105,HD-105,state_house,2024,sl_2023_149,SL 2023-149 House Lines (block-weighted December 2025 precinct basis),54,54,3831,3831,vap
MECKLENBURG - 216,100,37100,State House District 100,,,1.0,100,100,HD-100,state_house,2024,sl_2023_149,SL 2023-149 House Lines (block-weighted December 2025 precinct basis),43,43,5529,5529,vap
MECKLENBURG - 217,100,37100,State House District 100,,,1.0,100,100,HD-100,state_house,2024,sl_2023_149,SL 2023-149 House Lines (block-weighted December 2025 precinct basis),48,48,3945,3945,vap
MECKLENBURG - 218,105,37105,State House District 105,,,1.0,105,105,HD-105,state_house,2024,sl_2023_149,SL 2023-149 House Lines (block-weighted December 2025 precinct basis),40,40,2949,2949,vap
MECKLENBURG - 219,105,37105,State House District 105,,,1.0,105,105,HD-105,state_house,2024,sl_2023_149,SL 2023-149 House Lines (block-weighted December 2025 precinct basis),46,46,3067,3067,vap
MECKLENBURG - 220,105,37105,State House District 105,,,1.0,105,105,HD-105,state_house,2024,sl_2023_149,SL 2023-149 House Lines (block-weighted December 2025 precinct basis),47,47,3282,3282,vap
MECKLENBURG - 221,105,37105,State House District 105,,,1.0,105,105,HD-105,state_house,2024,sl_2023_149,SL 2023-149 House Lines (block-weighted December 2025 precinct basis),92,92,4842,4842,vap
MECKLENBURG - 222,107,37107,State House District 107,,,1.0,107,107,HD-107,state_house,2024,sl_2023_149,SL 2023-149 House Lines (block-weighted December 2025 precinct basis),127,127,8215,8215,vap
MECKLENBURG - 223.1,101,37101,State House District 101,,,1.0,101,101,HD-101,state_house,2024,sl_2023_149,SL 2023-149 House Lines (block-weighted December 2025 precinct basis),145,145,8075,8075,vap
MECKLENBURG - 224,101,37101,State House District 101,,,1.0,101,101,HD-101,state_house,2024,sl_2023_149,SL 2023-149 House Lines (block-weighted December 2025 precinct basis),105,105,3997,3997,vap
MECKLENBURG - 225,103,37103,State House District 103,,,1.0,103,103,HD-103,state_house,2024,sl_2023_149,SL 2023-149 House Lines (block-weighted December 2025 precinct basis),99,99,4335,4335,vap
MECKLENBURG - 226,103,37103,State House District 103,,,1.0,103,103,HD-103,state_house,2024,sl_2023_149,SL 2023-149 House Lines (block-weighted December 2025 precinct basis),41,41,4576,4576,vap
MECKLENBURG - 227,103,37103,State House District 103,,,1.0,103,103,HD-103,state_house,2024,sl_2023_149,SL 2023-149 House Lines (block-weighted December 2025 precinct basis),137,137,7973,7973,vap
MECKLENBURG - 228,92,37092,State House District 92,,,1.0,92,092,HD-092,state_house,2024,sl_2023_149,SL 2023-149 House Lines (block-weighted December 2025 precinct basis),86,87,6144,6144,vap
MECKLENBURG - 229,92,37092,State House District 92,,,1.0,92,092,HD-092,state_house,2024,sl_2023_149,SL 2023-149 House Lines (block-weighted December 2025 precinct basis),161,161,12660,12660,vap
MECKLENBURG - 230,92,37092,State House District 92,,,1.0,92,092,HD-092,state_house,2024,sl_2023_149,SL 2023-149 House Lines (block-weighted December 2025 precinct basis),198,198,12279,12279,vap
MECKLENBURG - 231,103,37103,State House District 103,,,1.0,103,103,HD-103,state_house,2024,sl_2023_149,SL 2023-149 House Lines (block-weighted December 2025 precinct basis),67,67,4959,4959,vap
MECKLENBURG - 232,105,37105,State House District 105,,,1.0,105,105,HD-105,state_house,2024,sl_2023_149,SL 2023-149 House Lines (block-weighted December 2025 precinct basis),57,57,5675,5675,vap
MECKLENBURG - 233,105,37105,State House District 105,,,1.0,105,105,HD-105,state_house,2024,sl_2023_149,SL 2023-149 House Lines (block-weighted December 2025 precinct basis),49,49,4431,4431,vap
MECKLENBURG - 234,105,37105,State House District 105,,,1.0,105,105,HD-105,state_house,2024,sl_2023_149,SL 2023-149 House Lines (block-weighted December 2025 precinct basis),38,38,4553,4553,vap
MECKLENBURG - 235,100,37100,State House District 100,,,1.0,100,100,HD-100,state_house,2024,sl_2023_149,SL 2023-149 House Lines (block-weighted December 2025 precinct basis),44,44,4444,4444,vap
MECKLENBURG - 236,105,37105,State House District 105,,,1.0,105,105,HD-105,state_house,2024,sl_2023_149,SL 2023-149 House Lines (block-weighted December 2025 precinct basis),149,149,5451,5451,vap
MECKLENBURG - 237,99,37099,State House District 99,,,1.0,99,099,HD-099,state_house,2024,sl_2023_149,SL 2023-149 House Lines (block-weighted December 2025 precinct basis),53,53,5625,5625,vap
MECKLENBURG - 238.1,106,37106,State House District 106,,,1.0,106,106,HD-106,state_house,2024,sl_2023_149,SL 2023-149 House Lines (block-weighted December 2025 precinct basis),22,22,3091,3091,vap
MECKLENBURG - 239,106,37106,State House District 106,,,1.0,106,106,HD-106,state_house,2024,sl_2023_149,SL 2023-149 House Lines (block-weighted December 2025 precinct basis),58,58,4227,4227,vap
MECKLENBURG - 240,98,37098,State House District 98,,,1.0,98,098,HD-098,state_house,2024,sl_2023_149,SL 2023-149 House Lines (block-weighted December 2025 precinct basis),129,129,7143,7143,vap
MECKLENBURG - 241,106,37106,State House District 106,,,0.9541714285714286,106,106,HD-106,state_house,2024,sl_2023_149,SL 2023-149 House Lines (block-weighted December 2025 precinct basis),268,278,8349,8750,vap
MECKLENBURG - 241,98,37098,State House District 98,,,0.04582857142857143,98,098,HD-098,state_house,2024,sl_2023_149,SL 2023-149 House Lines (block-weighted December 2025 precinct basis),10,278,401,8750,vap
MECKLENBURG - 242,98,37098,State House District 98,,,1.0,98,098,HD-098,state_house,2024,sl_2023_149,SL 2023-149 House Lines (block-weighted December 2025 precinct basis),33,33,3011,3011,vap
MECKLENBURG - 243,92,37092,State House District 92,,,1.0,92,092,HD-092,state_house,2024,sl_2023_149,SL 2023-149 House Lines (block-weighted December 2025 precinct basis),128,128,11969,11969,vap
MITCHELL - 01-A,85,37085,State House District 85,,,1.0,85,085,HD-085,state_house,2024,sl_2023_149,SL 2023-149 House Lines (block-weighted December 2025 precinct basis),89,89,1702,1702,vap
MITCHELL - 02,85,37085,State House District 85,,,1.0,85,085,HD-085,state_house,2024,sl_2023_149,SL 2023-149 House Lines (block-weighted December 2025 precinct basis),12,12,318,318,vap
MITCHELL - 03,85,37085,State House District 85,,,1.0,85,085,HD-085,state_house,2024,sl_2023_149,SL 2023-149 House Lines (block-weighted December 2025 precinct basis),19,19,601,601,vap
MITCHELL - 04,85,37085,State House District 85,,,1.0,85,085,HD-085,state_house,2024,sl_2023_149,SL 2023-149 House Lines (block-weighted December 2025 precinct basis),295,295,6552,6552,vap
MITCHELL - 05,85,37085,State House District 85,,,1.0,85,085,HD-085,state_house,2024,sl_2023_149,SL 2023-149 House Lines (block-weighted December 2025 precinct basis),49,49,858,858,vap
MITCHELL - 06,85,37085,State House District 85,,,1.0,85,085,HD-085,state_house,2024,sl_2023_149,SL 2023-149 House Lines (block-weighted December 2025 precinct basis),45,45,598,598,vap
MITCHELL - 07,85,37085,State House District 85,,,1.0,85,085,HD-085,state_house,2024,sl_2023_149,SL 2023-149 House Lines (block-weighted December 2025 precinct basis),28,28,223,223,vap
MITCHELL - 09,85,37085,State House District 85,,,1.0,85,085,HD-085,state_house,2024,sl_2023_149,SL 2023-149 House Lines (block-weighted December 2025 precinct basis),61,61,1391,1391,vap
MONTGOMERY - BIS,67,37067,State House District 67,,,1.0,67,067,HD-067,state_house,2024,sl_2023_149,SL 2023-149 House Lines (block-weighted December 2025 precinct basis),140,140,2139,2139,vap
MONTGOMERY - CAN,67,37067,State House District 67,,,1.0,67,067,HD-067,state_house,2024,sl_2023_149,SL 2023-149 House Lines (block-weighted December 2025 precinct basis),132,132,2042,2042,vap
MONTGOMERY - CHE,67,37067,State House District 67,,,1.0,67,067,HD-067,state_house,2024,sl_2023_149,SL 2023-149 House Lines (block-weighted December 2025 precinct basis),75,75,732,732,vap
MONTGOMERY - ELD,67,37067,State House District 67,,,1.0,67,067,HD-067,state_house,2024,sl_2023_149,SL 2023-149 House Lines (block-weighted December 2025 precinct basis),127,127,1729,1729,vap
MONTGOMERY - LIT,67,37067,State House District 67,,,1.0,67,067,HD-067,state_house,2024,sl_2023_149,SL 2023-149 House Lines (block-weighted December 2025 precinct basis),41,41,606,606,vap
MONTGOMERY - MTG,67,37067,State House District 67,,,1.0,67,067,HD-067,state_house,2024,sl_2023_149,SL 2023-149 House Lines (block-weighted December 2025 precinct basis),138,138,1688,1688,vap
MONTGOMERY - OPH,67,37067,State House District 67,,,1.0,67,067,HD-067,state_house,2024,sl_2023_149,SL 2023-149 House Lines (block-weighted December 2025 precinct basis),33,33,363,363,vap
MONTGOMERY - PEE,67,37067,State House District 67,,,1.0,67,067,HD-067,state_house,2024,sl_2023_149,SL 2023-149 House Lines (block-weighted December 2025 precinct basis),127,127,1529,1529,vap
MONTGOMERY - ROC,67,37067,State House District 67,,,1.0,67,067,HD-067,state_house,2024,sl_2023_149,SL 2023-149 House Lines (block-weighted December 2025 precinct basis),44,44,992,992,vap
MONTGOMERY - STA,67,37067,State House District 67,,,1.0,67,067,HD-067,state_house,2024,sl_2023_149,SL 2023-149 House Lines (block-weighted December 2025 precinct basis),156,156,2011,2011,vap
MONTGOMERY - T1,67,37067,State House District 67,,,1.0,67,067,HD-067,state_house,2024,sl_2023_149,SL 2023-149 House Lines (block-weighted December 2025 precinct basis),179,179,2279,2279,vap
MONTGOMERY - T2,67,37067,State House District 67,,,1.0,67,067,HD-067,state_house,2024,sl_2023_149,SL 2023-149 House Lines (block-weighted December 2025 precinct basis),117,117,1876,1876,vap
MONTGOMERY - UWH,67,37067,State House District 67,,,1.0,67,067,HD-067,state_house,2024,sl_2023_149,SL 2023-149 House Lines (block-weighted December 2025 precinct basis),105,105,1652,1652,vap
MONTGOMERY - WAD,67,37067,State House District 67,,,1.0,67,067,HD-067,state_house,2024,sl_2023_149,SL 2023-149 House Lines (block-weighted December 2025 precinct basis),44,44,539,539,vap
MOORE - BEN,78,37078,State House District 78,,,1.0,78,078,HD-078,state_house,2024,sl_2023_149,SL 2023-149 House Lines (block-weighted December 2025 precinct basis),120,120,2399,2399,vap
MOORE - CAM,51,37051,State House District 51,,,1.0,51,051,HD-051,state_house,2024,sl_2023_149,SL 2023-149 House Lines (block-weighted December 2025 precinct basis),149,149,3044,3044,vap
MOORE - CAR,51,37051,State House District 51,,,1.0,51,051,HD-051,state_house,2024,sl_2023_149,SL 2023-149 House Lines (block-weighted December 2025 precinct basis),321,321,5814,5814,vap
MOORE - DHR,78,37078,State House District 78,,,1.0,78,078,HD-078,state_house,2024,sl_2023_149,SL 2023-149 House Lines (block-weighted December 2025 precinct basis),118,118,1981,1981,vap
MOORE - EAB,52,37052,State House District 52,,,1.0,52,052,HD-052,state_house,2024,sl_2023_149,SL 2023-149 House Lines (block-weighted December 2025 precinct basis),150,150,3289,3289,vap
MOORE - EKWD,52,37052,State House District 52,,,1.0,52,052,HD-052,state_house,2024,sl_2023_149,SL 2023-149 House Lines (block-weighted December 2025 precinct basis),69,69,1728,1728,vap
MOORE - EUR-WP,52,37052,State House District 52,,,1.0,52,052,HD-052,state_house,2024,sl_2023_149,SL 2023-149 House Lines (block-weighted December 2025 precinct basis),124,124,4360,4360,vap
MOORE - EWD,52,37052,State House District 52,,,1.0,52,052,HD-052,state_house,2024,sl_2023_149,SL 2023-149 House Lines (block-weighted December 2025 precinct basis),95,95,1727,1727,vap
MOORE - LTR,51,37051,State House District 51,,,1.0,51,051,HD-051,state_house,2024,sl_2023_149,SL 2023-149 House Lines (block-weighted December 2025 precinct basis),138,138,3481,3481,vap
MOORE - NSP,52,37052,State House District 52,,,1.0,52,052,HD-052,state_house,2024,sl_2023_149,SL 2023-149 House Lines (block-weighted December 2025 precinct basis),160,160,2919,2919,vap
MOORE - PBF,52,37052,State House District 52,,,1.0,52,052,HD-052,state_house,2024,sl_2023_149,SL 2023-149 House Lines (block-weighted December 2025 precinct basis),128,128,2853,2853,vap
MOORE - PDN,52,37052,State House District 52,,,1.0,52,052,HD-052,state_house,2024,sl_2023_149,SL 2023-149 House Lines (block-weighted December 2025 precinct basis),153,153,3723,3723,vap
MOORE - PHA1,78,37078,State House District 78,,,1.0,78,078,HD-078,state_house,2024,sl_2023_149,SL 2023-149 House Lines (block-weighted December 2025 precinct basis),133,133,3564,3564,vap
MOORE - PHA2,78,37078,State House District 78,,,1.0,78,078,HD-078,state_house,2024,sl_2023_149,SL 2023-149 House Lines (block-weighted December 2025 precinct basis),72,72,2060,2060,vap
MOORE - PHB1A,78,37078,State House District 78,,,0.9978090766823161,78,078,HD-078,state_house,2024,sl_2023_149,SL 2023-149 House Lines (block-weighted December 2025 precinct basis),76,78,3188,3195,vap
MOORE - PHB1A,52,37052,State House District 52,,,0.002190923317683881,52,052,HD-052,state_house,2024,sl_2023_149,SL 2023-149 House Lines (block-weighted December 2025 precinct basis),2,78,7,3195,vap
MOORE - PHB2,78,37078,State House District 78,,,1.0,78,078,HD-078,state_house,2024,sl_2023_149,SL 2023-149 House Lines (block-weighted December 2025 precinct basis),74,74,2359,2359,vap
MOORE - PHC,78,37078,State House District 78,,,1.0,78,078,HD-078,state_house,2024,sl_2023_149,SL 2023-149 House Lines (block-weighted December 2025 precinct basis),79,79,4248,4248,vap
MOORE - RBN,78,37078,State House District 78,,,1.0,78,078,HD-078,state_house,2024,sl_2023_149,SL 2023-149 House Lines (block-weighted December 2025 precinct basis),142,142,1904,1904,vap
MOORE - SLS,78,37078,State House District 78,,,1.0,78,078,HD-078,state_house,2024,sl_2023_149,SL 2023-149 House Lines (block-weighted December 2025 precinct basis),89,89,3875,3875,vap
MOORE - SSP,52,37052,State House District 52,,,1.0,52,052,HD-052,state_house,2024,sl_2023_149,SL 2023-149 House Lines (block-weighted December 2025 precinct basis),173,174,4440,4440,vap
MOORE - TLT,78,37078,State House District 78,,,1.0,78,078,HD-078,state_house,2024,sl_2023_149,SL 2023-149 House Lines (block-weighted December 2025 precinct basis),35,35,535,535,vap
MOORE - VSS,51,37051,State House District 51,,,1.0,51,051,HD-051,state_house,2024,sl_2023_149,SL 2023-149 House Lines (block-weighted December 2025 precinct basis),131,131,2568,2568,vap
MOORE - WAB,52,37052,State House District 52,,,1.0,52,052,HD-052,state_house,2024,sl_2023_149,SL 2023-149 House Lines (block-weighted December 2025 precinct basis),222,224,4736,4736,vap
MOORE - WEM,78,37078,State House District 78,,,1.0,78,078,HD-078,state_house,2024,sl_2023_149,SL 2023-149 House Lines (block-weighted December 2025 precinct basis),84,84,2229,2229,vap
MOORE - WKWD1,52,37052,State House District 52,,,1.0,52,052,HD-052,state_house,2024,sl_2023_149,SL 2023-149 House Lines (block-weighted December 2025 precinct basis),122,122,2459,2459,vap
MOORE - WND,78,37078,State House District 78,,,1.0,78,078,HD-078,state_house,2024,sl_2023_149,SL 2023-149 House Lines (block-weighted December 2025 precinct basis),116,116,2688,2688,vap
NASH - P01A,25,37025,State House District 25,,,1.0,25,025,HD-025,state_house,2024,sl_2023_149,SL 2023-149 House Lines (block-weighted December 2025 precinct basis),142,142,3556,3556,vap
NASH - P02A,25,37025,State House District 25,,,1.0,25,025,HD-025,state_house,2024,sl_2023_149,SL 2023-149 House Lines (block-weighted December 2025 precinct basis),153,153,2841,2841,vap
NASH - P03A,25,37025,State House District 25,,,1.0,25,025,HD-025,state_house,2024,sl_2023_149,SL 2023-149 House Lines (block-weighted December 2025 precinct basis),66,66,2228,2228,vap
NASH - P04A,25,37025,State House District 25,,,1.0,25,025,HD-025,state_house,2024,sl_2023_149,SL 2023-149 House Lines (block-weighted December 2025 precinct basis),66,66,2314,2314,vap
NASH - P05A,25,37025,State House District 25,,,1.0,25,025,HD-025,state_house,2024,sl_2023_149,SL 2023-149 House Lines (block-weighted December 2025 precinct basis),66,68,3303,3303,vap
NASH - P06A,25,37025,State House District 25,,,1.0,25,025,HD-025,state_house,2024,sl_2023_149,SL 2023-149 House Lines (block-weighted December 2025 precinct basis),139,139,3298,3298,vap
NASH - P07A,25,37025,State House District 25,,,1.0,25,025,HD-025,state_house,2024,sl_2023_149,SL 2023-149 House Lines (block-weighted December 2025 precinct basis),52,52,945,945,vap
NASH - P08A,25,37025,State House District 25,,,1.0,25,025,HD-025,state_house,2024,sl_2023_149,SL 2023-149 House Lines (block-weighted December 2025 precinct basis),256,256,7913,7913,vap
NASH - P09A,25,37025,State House District 25,,,1.0,25,025,HD-025,state_house,2024,sl_2023_149,SL 2023-149 House Lines (block-weighted December 2025 precinct basis),70,70,1648,1648,vap
NASH - P10A,25,37025,State House District 25,,,1.0,25,025,HD-025,state_house,2024,sl_2023_149,SL 2023-149 House Lines (block-weighted December 2025 precinct basis),72,72,2138,2138,vap
NASH - P11A,25,37025,State House District 25,,,1.0,25,025,HD-025,state_house,2024,sl_2023_149,SL 2023-149 House Lines (block-weighted December 2025 precinct basis),99,99,3059,3059,vap
NASH - P12A,25,37025,State House District 25,,,1.0,25,025,HD-025,state_house,2024,sl_2023_149,SL 2023-149 House Lines (block-weighted December 2025 precinct basis),32,32,1050,1050,vap
NASH - P13A,25,37025,State House District 25,,,1.0,25,025,HD-025,state_house,2024,sl_2023_149,SL 2023-149 House Lines (block-weighted December 2025 precinct basis),75,75,862,862,vap
NASH - P14A,25,37025,State House District 25,,,1.0,25,025,HD-025,state_house,2024,sl_2023_149,SL 2023-149 House Lines (block-weighted December 2025 precinct basis),82,82,1604,1604,vap
NASH - P15A,25,37025,State House District 25,,,1.0,25,025,HD-025,state_house,2024,sl_2023_149,SL 2023-149 House Lines (block-weighted December 2025 precinct basis),116,116,4669,4669,vap
NASH - P16A,25,37025,State House District 25,,,1.0,25,025,HD-025,state_house,2024,sl_2023_149,SL 2023-149 House Lines (block-weighted December 2025 precinct basis),162,162,2579,2579,vap
NASH - P17A,25,37025,State House District 25,,,1.0,25,025,HD-025,state_house,2024,sl_2023_149,SL 2023-149 House Lines (block-weighted December 2025 precinct basis),61,61,4967,4967,vap
NASH - P18A,25,37025,State House District 25,,,1.0,25,025,HD-025,state_house,2024,sl_2023_149,SL 2023-149 House Lines (block-weighted December 2025 precinct basis),59,59,3357,3357,vap
NASH - P19A,25,37025,State House District 25,,,1.0,25,025,HD-025,state_house,2024,sl_2023_149,SL 2023-149 House Lines (block-weighted December 2025 precinct basis),118,118,6197,6197,vap
NASH - P20A,25,37025,State House District 25,,,1.0,25,025,HD-025,state_house,2024,sl_2023_149,SL 2023-149 House Lines (block-weighted December 2025 precinct basis),107,107,3040,3040,vap
NASH - P21A,25,37025,State House District 25,,,1.0,25,025,HD-025,state_house,2024,sl_2023_149,SL 2023-149 House Lines (block-weighted December 2025 precinct basis),245,245,3248,3248,vap
NASH - P22A,25,37025,State House District 25,,,1.0,25,025,HD-025,state_house,2024,sl_2023_149,SL 2023-149 House Lines (block-weighted December 2025 precinct basis),109,109,2358,2358,vap
NASH - P23A,25,37025,State House District 25,,,1.0,25,025,HD-025,state_house,2024,sl_2023_149,SL 2023-149 House Lines (block-weighted December 2025 precinct basis),94,94,3807,3807,vap
NASH - P24A,24,37024,State House District 24,,,1.0,24,024,HD-024,state_house,2024,sl_2023_149,SL 2023-149 House Lines (block-weighted December 2025 precinct basis),122,122,3575,3575,vap
NEW HANOVER - CF01,20,37020,State House District 20,,,1.0,20,020,HD-020,state_house,2024,sl_2023_149,SL 2023-149 House Lines (block-weighted December 2025 precinct basis),210,211,4851,4851,vap
NEW HANOVER - CF02,20,37020,State House District 20,,,1.0,20,020,HD-020,state_house,2024,sl_2023_149,SL 2023-149 House Lines (block-weighted December 2025 precinct basis),118,118,3529,3529,vap
NEW HANOVER - CF05,20,37020,State House District 20,,,1.0,20,020,HD-020,state_house,2024,sl_2023_149,SL 2023-149 House Lines (block-weighted December 2025 precinct basis),62,62,3890,3890,vap
NEW HANOVER - CF06,20,37020,State House District 20,,,1.0,20,020,HD-020,state_house,2024,sl_2023_149,SL 2023-149 House Lines (block-weighted December 2025 precinct basis),98,101,3573,3573,vap
NEW HANOVER - FP03,19,37019,State House District 19,,,1.0,19,019,HD-019,state_house,2024,sl_2023_149,SL 2023-149 House Lines (block-weighted December 2025 precinct basis),100,100,1946,1946,vap
NEW HANOVER - FP04,19,37019,State House District 19,,,1.0,19,019,HD-019,state_house,2024,sl_2023_149,SL 2023-149 House Lines (block-weighted December 2025 precinct basis),98,98,5866,5866,vap
NEW HANOVER - FP06,19,37019,State House District 19,,,1.0,19,019,HD-019,state_house,2024,sl_2023_149,SL 2023-149 House Lines (block-weighted December 2025 precinct basis),41,41,4726,4726,vap
NEW HANOVER - FP07,19,37019,State House District 19,,,1.0,19,019,HD-019,state_house,2024,sl_2023_149,SL 2023-149 House Lines (block-weighted December 2025 precinct basis),56,56,5672,5672,vap
NEW HANOVER - FP08,19,37019,State House District 19,,,1.0,19,019,HD-019,state_house,2024,sl_2023_149,SL 2023-149 House Lines (block-weighted December 2025 precinct basis),268,268,5528,5528,vap
NEW HANOVER - H01,20,37020,State House District 20,,,1.0,20,020,HD-020,state_house,2024,sl_2023_149,SL 2023-149 House Lines (block-weighted December 2025 precinct basis),44,46,1986,1986,vap
NEW HANOVER - H02,20,37020,State House District 20,,,1.0,20,020,HD-020,state_house,2024,sl_2023_149,SL 2023-149 House Lines (block-weighted December 2025 precinct basis),57,57,4180,4180,vap
NEW HANOVER - H04,18,37018,State House District 18,,,1.0,18,018,HD-018,state_house,2024,sl_2023_149,SL 2023-149 House Lines (block-weighted December 2025 precinct basis),69,69,4644,4644,vap
NEW HANOVER - H05,20,37020,State House District 20,,,1.0,20,020,HD-020,state_house,2024,sl_2023_149,SL 2023-149 House Lines (block-weighted December 2025 precinct basis),86,86,4017,4017,vap
NEW HANOVER - H06,20,37020,State House District 20,,,1.0,20,020,HD-020,state_house,2024,sl_2023_149,SL 2023-149 House Lines (block-weighted December 2025 precinct basis),59,59,3602,3602,vap
NEW HANOVER - H08,20,37020,State House District 20,,,1.0,20,020,HD-020,state_house,2024,sl_2023_149,SL 2023-149 House Lines (block-weighted December 2025 precinct basis),80,80,6204,6204,vap
NEW HANOVER - H10,20,37020,State House District 20,,,1.0,20,020,HD-020,state_house,2024,sl_2023_149,SL 2023-149 House Lines (block-weighted December 2025 precinct basis),47,47,4799,4799,vap
NEW HANOVER - H11,20,37020,State House District 20,,,1.0,20,020,HD-020,state_house,2024,sl_2023_149,SL 2023-149 House Lines (block-weighted December 2025 precinct basis),98,98,7606,7606,vap
NEW HANOVER - H12,20,37020,State House District 20,,,1.0,20,020,HD-020,state_house,2024,sl_2023_149,SL 2023-149 House Lines (block-weighted December 2025 precinct basis),74,74,3674,3674,vap
NEW HANOVER - H13,20,37020,State House District 20,,,1.0,20,020,HD-020,state_house,2024,sl_2023_149,SL 2023-149 House Lines (block-weighted December 2025 precinct basis),54,54,4547,4547,vap
NEW HANOVER - M02,20,37020,State House District 20,,,0.9991844723536127,20,020,HD-020,state_house,2024,sl_2023_149,SL 2023-149 House Lines (block-weighted December 2025 precinct basis),78,80,6126,6131,vap
NEW HANOVER - M02,18,37018,State House District 18,,,0.0008155276463872126,18,018,HD-018,state_house,2024,sl_2023_149,SL 2023-149 House Lines (block-weighted December 2025 precinct basis),1,80,5,6131,vap
NEW HANOVER - M03,18,37018,State House District 18,,,1.0,18,018,HD-018,state_house,2024,sl_2023_149,SL 2023-149 House Lines (block-weighted December 2025 precinct basis),100,101,5886,5886,vap
NEW HANOVER - M04,19,37019,State House District 19,,,1.0,19,019,HD-019,state_house,2024,sl_2023_149,SL 2023-149 House Lines (block-weighted December 2025 precinct basis),119,119,7405,7405,vap
NEW HANOVER - M06,19,37019,State House District 19,,,1.0,19,019,HD-019,state_house,2024,sl_2023_149,SL 2023-149 House Lines (block-weighted December 2025 precinct basis),45,45,3023,3023,vap
NEW HANOVER - M07,19,37019,State House District 19,,,1.0,19,019,HD-019,state_house,2024,sl_2023_149,SL 2023-149 House Lines (block-weighted December 2025 precinct basis),56,56,2299,2299,vap
NEW HANOVER - W03,18,37018,State House District 18,,,1.0,18,018,HD-018,state_house,2024,sl_2023_149,SL 2023-149 House Lines (block-weighted December 2025 precinct basis),138,138,2557,2557,vap
NEW HANOVER - W08,18,37018,State House District 18,,,1.0,18,018,HD-018,state_house,2024,sl_2023_149,SL 2023-149 House Lines (block-weighted December 2025 precinct basis),56,56,2205,2205,vap
NEW HANOVER - W12,18,37018,State House District 18,,,1.0,18,018,HD-018,state_house,2024,sl_2023_149,SL 2023-149 House Lines (block-weighted December 2025 precinct basis),48,48,1708,1708,vap
NEW HANOVER - W15,18,37018,State House District 18,,,1.0,18,018,HD-018,state_house,2024,sl_2023_149,SL 2023-149 House Lines (block-weighted December 2025 precinct basis),87,88,6859,6859,vap
NEW HANOVER - W16,18,37018,State House District 18,,,1.0,18,018,HD-018,state_house,2024,sl_2023_149,SL 2023-149 House Lines (block-weighted December 2025 precinct basis),64,64,3434,3434,vap
NEW HANOVER - W17,18,37018,State House District 18,,,1.0,18,018,HD-018,state_house,2024,sl_2023_149,SL 2023-149 House Lines (block-weighted December 2025 precinct basis),63,63,2355,2355,vap
NEW HANOVER - W21,18,37018,State House District 18,,,1.0,18,018,HD-018,state_house,2024,sl_2023_149,SL 2023-149 House Lines (block-weighted December 2025 precinct basis),37,37,5271,5271,vap
NEW HANOVER - W25,18,37018,State House District 18,,,1.0,18,018,HD-018,state_house,2024,sl_2023_149,SL 2023-149 House Lines (block-weighted December 2025 precinct basis),234,236,4143,4143,vap
NEW HANOVER - W26,18,37018,State House District 18,,,1.0,18,018,HD-018,state_house,2024,sl_2023_149,SL 2023-149 House Lines (block-weighted December 2025 precinct basis),112,112,3313,3313,vap
NEW HANOVER - W27,18,37018,State House District 18,,,1.0,18,018,HD-018,state_house,2024,sl_2023_149,SL 2023-149 House Lines (block-weighted December 2025 precinct basis),143,144,3354,3354,vap
NEW HANOVER - W29,18,37018,State House District 18,,,1.0,18,018,HD-018,state_house,2024,sl_2023_149,SL 2023-149 House Lines (block-weighted December 2025 precinct basis),203,203,3467,3467,vap
NEW HANOVER - W30,18,37018,State House District 18,,,1.0,18,018,HD-018,state_house,2024,sl_2023_149,SL 2023-149 House Lines (block-weighted December 2025 precinct basis),96,96,6058,6058,vap
NEW HANOVER - W31,18,37018,State House District 18,,,1.0,18,018,HD-018,state_house,2024,sl_2023_149,SL 2023-149 House Lines (block-weighted December 2025 precinct basis),115,115,4432,4432,vap
NEW HANOVER - W33,20,37020,State House District 20,,,1.0,20,020,HD-020,state_house,2024,sl_2023_149,SL 2023-149 House Lines (block-weighted December 2025 precinct basis),104,104,6037,6037,vap
NEW HANOVER - W34,18,37018,State House District 18,,,1.0,18,018,HD-018,state_house,2024,sl_2023_149,SL 2023-149 House Lines (block-weighted December 2025 precinct basis),61,61,10113,10113,vap
NEW HANOVER - W35,18,37018,State House District 18,,,0.7397009029345373,18,018,HD-018,state_house,2024,sl_2023_149,SL 2023-149 House Lines (block-weighted December 2025 precinct basis),89,137,5243,7088,vap
NEW HANOVER - W35,20,37020,State House District 20,,,0.2602990970654628,20,020,HD-020,state_house,2024,sl_2023_149,SL 2023-149 House Lines (block-weighted December 2025 precinct basis),48,137,1845,7088,vap
NEW HANOVER - WB,20,37020,State House District 20,,,1.0,20,020,HD-020,state_house,2024,sl_2023_149,SL 2023-149 House Lines (block-weighted December 2025 precinct basis),70,70,2129,2129,vap
NORTHAMPTON - COMIPE,27,37027,State House District 27,,,1.0,27,027,HD-027,state_house,2024,sl_2023_149,SL 2023-149 House Lines (block-weighted December 2025 precinct basis),80,80,1444,1444,vap
NORTHAMPTON - CREEKS,27,37027,State House District 27,,,1.0,27,027,HD-027,state_house,2024,sl_2023_149,SL 2023-149 House Lines (block-weighted December 2025 precinct basis),35,35,647,647,vap
NORTHAMPTON - GALATI,27,37027,State House District 27,,,1.0,27,027,HD-027,state_house,2024,sl_2023_149,SL 2023-149 House Lines (block-weighted December 2025 precinct basis),45,45,600,600,vap
NORTHAMPTON - GAPL,27,37027,State House District 27,,,1.0,27,027,HD-027,state_house,2024,sl_2023_149,SL 2023-149 House Lines (block-weighted December 2025 precinct basis),178,178,1725,1725,vap
NORTHAMPTON - GASTON,27,37027,State House District 27,,,1.0,27,027,HD-027,state_house,2024,sl_2023_149,SL 2023-149 House Lines (block-weighted December 2025 precinct basis),129,129,2809,2809,vap
NORTHAMPTON - JARE,27,37027,State House District 27,,,1.0,27,027,HD-027,state_house,2024,sl_2023_149,SL 2023-149 House Lines (block-weighted December 2025 precinct basis),63,63,941,941,vap
NORTHAMPTON - LAKE G,27,37027,State House District 27,,,1.0,27,027,HD-027,state_house,2024,sl_2023_149,SL 2023-149 House Lines (block-weighted December 2025 precinct basis),51,51,1477,1477,vap
NORTHAMPTON - LASKER,27,37027,State House District 27,,,1.0,27,027,HD-027,state_house,2024,sl_2023_149,SL 2023-149 House Lines (block-weighted December 2025 precinct basis),22,22,192,192,vap
NORTHAMPTON - NEWTOW,27,37027,State House District 27,,,1.0,27,027,HD-027,state_house,2024,sl_2023_149,SL 2023-149 House Lines (block-weighted December 2025 precinct basis),25,25,581,581,vap
NORTHAMPTON - RICH S,27,37027,State House District 27,,,1.0,27,027,HD-027,state_house,2024,sl_2023_149,SL 2023-149 House Lines (block-weighted December 2025 precinct basis),63,63,1380,1380,vap
NORTHAMPTON - SEABOA,27,37027,State House District 27,,,1.0,27,027,HD-027,state_house,2024,sl_2023_149,SL 2023-149 House Lines (block-weighted December 2025 precinct basis),95,95,1029,1029,vap
NORTHAMPTON - SEVERN,27,37027,State House District 27,,,1.0,27,027,HD-027,state_house,2024,sl_2023_149,SL 2023-149 House Lines (block-weighted December 2025 precinct basis),39,39,429,429,vap
NORTHAMPTON - WOPO,27,37027,State House District 27,,,1.0,27,027,HD-027,state_house,2024,sl_2023_149,SL 2023-149 House Lines (block-weighted December 2025 precinct basis),66,66,913,913,vap
ONSLOW - BC21,14,37014,State House District 14,,,1.0,14,014,HD-014,state_house,2024,sl_2023_149,SL 2023-149 House Lines (block-weighted December 2025 precinct basis),67,67,6599,6599,vap
ONSLOW - BM08,14,37014,State House District 14,,,1.0,14,014,HD-014,state_house,2024,sl_2023_149,SL 2023-149 House Lines (block-weighted December 2025 precinct basis),146,146,9509,9509,vap
ONSLOW - CL10,15,37015,State House District 15,,,1.0,15,015,HD-015,state_house,2024,sl_2023_149,SL 2023-149 House Lines (block-weighted December 2025 precinct basis),39,39,3991,3991,vap
ONSLOW - CR07,15,37015,State House District 15,,,1.0,15,015,HD-015,state_house,2024,sl_2023_149,SL 2023-149 House Lines (block-weighted December 2025 precinct basis),104,104,6885,6885,vap
ONSLOW - EN03,15,37015,State House District 15,,,1.0,15,015,HD-015,state_house,2024,sl_2023_149,SL 2023-149 House Lines (block-weighted December 2025 precinct basis),218,218,15955,15955,vap
ONSLOW - FS16,16,37016,State House District 16,,,1.0,16,016,HD-016,state_house,2024,sl_2023_149,SL 2023-149 House Lines (block-weighted December 2025 precinct basis),155,155,5333,5333,vap
ONSLOW - GB12,15,37015,State House District 15,,,1.0,15,015,HD-015,state_house,2024,sl_2023_149,SL 2023-149 House Lines (block-weighted December 2025 precinct basis),68,68,5818,5818,vap
ONSLOW - HM05,15,37015,State House District 15,,,1.0,15,015,HD-015,state_house,2024,sl_2023_149,SL 2023-149 House Lines (block-weighted December 2025 precinct basis),69,69,5893,5893,vap
ONSLOW - HN14,16,37016,State House District 16,,,1.0,16,016,HD-016,state_house,2024,sl_2023_149,SL 2023-149 House Lines (block-weighted December 2025 precinct basis),81,81,3350,3350,vap
ONSLOW - HR17,16,37016,State House District 16,,,1.0,16,016,HD-016,state_house,2024,sl_2023_149,SL 2023-149 House Lines (block-weighted December 2025 precinct basis),198,198,3713,3713,vap
ONSLOW - HU20,14,37014,State House District 14,,,1.0,14,014,HD-014,state_house,2024,sl_2023_149,SL 2023-149 House Lines (block-weighted December 2025 precinct basis),73,73,4430,4430,vap
ONSLOW - JA01,14,37014,State House District 14,,,1.0,14,014,HD-014,state_house,2024,sl_2023_149,SL 2023-149 House Lines (block-weighted December 2025 precinct basis),779,782,33170,33170,vap
ONSLOW - ML23,14,37014,State House District 14,,,1.0,14,014,HD-014,state_house,2024,sl_2023_149,SL 2023-149 House Lines (block-weighted December 2025 precinct basis),32,32,1342,1342,vap
ONSLOW - MT24,14,37014,State House District 14,,,1.0,14,014,HD-014,state_house,2024,sl_2023_149,SL 2023-149 House Lines (block-weighted December 2025 precinct basis),56,56,2219,2219,vap
ONSLOW - NE22A,14,37014,State House District 14,,,1.0,14,014,HD-014,state_house,2024,sl_2023_149,SL 2023-149 House Lines (block-weighted December 2025 precinct basis),112,112,5755,5755,vap
ONSLOW - NE22B,15,37015,State House District 15,,,1.0,15,015,HD-015,state_house,2024,sl_2023_149,SL 2023-149 House Lines (block-weighted December 2025 precinct basis),88,88,7150,7150,vap
ONSLOW - NM13,15,37015,State House District 15,,,1.0,15,015,HD-015,state_house,2024,sl_2023_149,SL 2023-149 House Lines (block-weighted December 2025 precinct basis),32,32,1374,1374,vap
ONSLOW - NR02,14,37014,State House District 14,,,1.0,14,014,HD-014,state_house,2024,sl_2023_149,SL 2023-149 House Lines (block-weighted December 2025 precinct basis),86,86,2488,2488,vap
ONSLOW - RL09,15,37015,State House District 15,,,1.0,15,015,HD-015,state_house,2024,sl_2023_149,SL 2023-149 House Lines (block-weighted December 2025 precinct basis),135,135,7135,7135,vap
ONSLOW - SF18,16,37016,State House District 16,,,1.0,16,016,HD-016,state_house,2024,sl_2023_149,SL 2023-149 House Lines (block-weighted December 2025 precinct basis),106,106,6740,6740,vap
ONSLOW - SW19,14,37014,State House District 14,,,1.0,14,014,HD-014,state_house,2024,sl_2023_149,SL 2023-149 House Lines (block-weighted December 2025 precinct basis),209,209,5857,5857,vap
ONSLOW - TL06,15,37015,State House District 15,,,1.0,15,015,HD-015,state_house,2024,sl_2023_149,SL 2023-149 House Lines (block-weighted December 2025 precinct basis),45,45,4519,4519,vap
ONSLOW - VR15,15,37015,State House District 15,,,1.0,15,015,HD-015,state_house,2024,sl_2023_149,SL 2023-149 House Lines (block-weighted December 2025 precinct basis),48,48,2734,2734,vap
ONSLOW - WN04,15,37015,State House District 15,,,1.0,15,015,HD-015,state_house,2024,sl_2023_149,SL 2023-149 House Lines (block-weighted December 2025 precinct basis),93,93,5508,5508,vap
ORANGE - CA,50,37050,State House District 50,,,1.0,50,050,HD-050,state_house,2024,sl_2023_149,SL 2023-149 House Lines (block-weighted December 2025 precinct basis),48,48,1205,1205,vap
ORANGE - CB1,56,37056,State House District 56,,,1.0,56,056,HD-056,state_house,2024,sl_2023_149,SL 2023-149 House Lines (block-weighted December 2025 precinct basis),48,48,3820,3820,vap
ORANGE - CF1,56,37056,State House District 56,,,1.0,56,056,HD-056,state_house,2024,sl_2023_149,SL 2023-149 House Lines (block-weighted December 2025 precinct basis),65,65,5074,5074,vap
ORANGE - CG,50,37050,State House District 50,,,1.0,50,050,HD-050,state_house,2024,sl_2023_149,SL 2023-149 House Lines (block-weighted December 2025 precinct basis),59,59,1613,1613,vap
ORANGE - CH,56,37056,State House District 56,,,1.0,56,056,HD-056,state_house,2024,sl_2023_149,SL 2023-149 House Lines (block-weighted December 2025 precinct basis),19,19,1656,1656,vap
ORANGE - CO,56,37056,State House District 56,,,1.0,56,056,HD-056,state_house,2024,sl_2023_149,SL 2023-149 House Lines (block-weighted December 2025 precinct basis),41,41,2864,2864,vap
ORANGE - CS1,50,37050,State House District 50,,,1.0,50,050,HD-050,state_house,2024,sl_2023_149,SL 2023-149 House Lines (block-weighted December 2025 precinct basis),63,63,1742,1742,vap
ORANGE - CW,50,37050,State House District 50,,,1.0,50,050,HD-050,state_house,2024,sl_2023_149,SL 2023-149 House Lines (block-weighted December 2025 precinct basis),124,124,2910,2910,vap
ORANGE - CX,50,37050,State House District 50,,,1.0,50,050,HD-050,state_house,2024,sl_2023_149,SL 2023-149 House Lines (block-weighted December 2025 precinct basis),193,193,6221,6221,vap
ORANGE - DA,56,37056,State House District 56,,,1.0,56,056,HD-056,state_house,2024,sl_2023_149,SL 2023-149 House Lines (block-weighted December 2025 precinct basis),64,64,2917,2917,vap
ORANGE - DM,56,37056,State House District 56,,,1.0,56,056,HD-056,state_house,2024,sl_2023_149,SL 2023-149 House Lines (block-weighted December 2025 precinct basis),36,36,2740,2740,vap
ORANGE - EA1,56,37056,State House District 56,,,1.0,56,056,HD-056,state_house,2024,sl_2023_149,SL 2023-149 House Lines (block-weighted December 2025 precinct basis),22,22,3047,3047,vap
ORANGE - EF,50,37050,State House District 50,,,1.0,50,050,HD-050,state_house,2024,sl_2023_149,SL 2023-149 House Lines (block-weighted December 2025 precinct basis),97,97,2213,2213,vap
ORANGE - EH,56,37056,State House District 56,,,1.0,56,056,HD-056,state_house,2024,sl_2023_149,SL 2023-149 House Lines (block-weighted December 2025 precinct basis),19,19,2195,2195,vap
ORANGE - ENO,50,37050,State House District 50,,,1.0,50,050,HD-050,state_house,2024,sl_2023_149,SL 2023-149 House Lines (block-weighted December 2025 precinct basis),88,88,3188,3188,vap
ORANGE - ES,56,37056,State House District 56,,,1.0,56,056,HD-056,state_house,2024,sl_2023_149,SL 2023-149 House Lines (block-weighted December 2025 precinct basis),29,29,2177,2177,vap
ORANGE - GB,50,37050,State House District 50,,,1.0,50,050,HD-050,state_house,2024,sl_2023_149,SL 2023-149 House Lines (block-weighted December 2025 precinct basis),93,93,5573,5573,vap
ORANGE - GL,56,37056,State House District 56,,,1.0,56,056,HD-056,state_house,2024,sl_2023_149,SL 2023-149 House Lines (block-weighted December 2025 precinct basis),68,68,2543,2543,vap
ORANGE - H,50,37050,State House District 50,,,1.0,50,050,HD-050,state_house,2024,sl_2023_149,SL 2023-149 House Lines (block-weighted December 2025 precinct basis),69,69,1460,1460,vap
ORANGE - HE,50,37050,State House District 50,,,1.0,50,050,HD-050,state_house,2024,sl_2023_149,SL 2023-149 House Lines (block-weighted December 2025 precinct basis),93,93,1971,1971,vap
ORANGE - HF,56,37056,State House District 56,,,1.0,56,056,HD-056,state_house,2024,sl_2023_149,SL 2023-149 House Lines (block-weighted December 2025 precinct basis),67,67,2811,2811,vap
ORANGE - HN,50,37050,State House District 50,,,1.0,50,050,HD-050,state_house,2024,sl_2023_149,SL 2023-149 House Lines (block-weighted December 2025 precinct basis),55,55,2652,2652,vap
ORANGE - KM,56,37056,State House District 56,,,1.0,56,056,HD-056,state_house,2024,sl_2023_149,SL 2023-149 House Lines (block-weighted December 2025 precinct basis),40,40,1982,1982,vap
ORANGE - NC,56,37056,State House District 56,,,1.0,56,056,HD-056,state_house,2024,sl_2023_149,SL 2023-149 House Lines (block-weighted December 2025 precinct basis),36,36,2237,2237,vap
ORANGE - NS,56,37056,State House District 56,,,1.0,56,056,HD-056,state_house,2024,sl_2023_149,SL 2023-149 House Lines (block-weighted December 2025 precinct basis),32,32,3465,3465,vap
ORANGE - OG,50,37050,State House District 50,,,1.0,50,050,HD-050,state_house,2024,sl_2023_149,SL 2023-149 House Lines (block-weighted December 2025 precinct basis),95,95,3616,3616,vap
ORANGE - OW1,56,37056,State House District 56,,,1.0,56,056,HD-056,state_house,2024,sl_2023_149,SL 2023-149 House Lines (block-weighted December 2025 precinct basis),20,20,4040,4040,vap
ORANGE - PA,50,37050,State House District 50,,,1.0,50,050,HD-050,state_house,2024,sl_2023_149,SL 2023-149 House Lines (block-weighted December 2025 precinct basis),81,82,3156,3156,vap
ORANGE - RE,56,37056,State House District 56,,,1.0,56,056,HD-056,state_house,2024,sl_2023_149,SL 2023-149 House Lines (block-weighted December 2025 precinct basis),54,54,3538,3538,vap
ORANGE - RF,56,37056,State House District 56,,,1.0,56,056,HD-056,state_house,2024,sl_2023_149,SL 2023-149 House Lines (block-weighted December 2025 precinct basis),43,43,1964,1964,vap
ORANGE - SJ,56,37056,State House District 56,,,1.0,56,056,HD-056,state_house,2024,sl_2023_149,SL 2023-149 House Lines (block-weighted December 2025 precinct basis),56,56,2846,2846,vap
ORANGE - SM,50,37050,State House District 50,,,1.0,50,050,HD-050,state_house,2024,sl_2023_149,SL 2023-149 House Lines (block-weighted December 2025 precinct basis),46,46,2524,2524,vap
ORANGE - TH1,56,37056,State House District 56,,,1.0,56,056,HD-056,state_house,2024,sl_2023_149,SL 2023-149 House Lines (block-weighted December 2025 precinct basis),32,32,2213,2213,vap
ORANGE - TO,50,37050,State House District 50,,,1.0,50,050,HD-050,state_house,2024,sl_2023_149,SL 2023-149 House Lines (block-weighted December 2025 precinct basis),61,61,1457,1457,vap
ORANGE - UNC,56,37056,State House District 56,,,1.0,56,056,HD-056,state_house,2024,sl_2023_149,SL 2023-149 House Lines (block-weighted December 2025 precinct basis),59,59,12156,12156,vap
ORANGE - WC,50,37050,State House District 50,,,1.0,50,050,HD-050,state_house,2024,sl_2023_149,SL 2023-149 House Lines (block-weighted December 2025 precinct basis),51,51,2084,2084,vap
ORANGE - WD,50,37050,State House District 50,,,1.0,50,050,HD-050,state_house,2024,sl_2023_149,SL 2023-149 House Lines (block-weighted December 2025 precinct basis),46,46,3365,3365,vap
ORANGE - WDS,50,37050,State House District 50,,,1.0,50,050,HD-050,state_house,2024,sl_2023_149,SL 2023-149 House Lines (block-weighted December 2025 precinct basis),2,2,446,446,vap
ORANGE - WH,50,37050,State House District 50,,,1.0,50,050,HD-050,state_house,2024,sl_2023_149,SL 2023-149 House Lines (block-weighted December 2025 precinct basis),90,90,2387,2387,vap
ORANGE - WW1,56,37056,State House District 56,,,1.0,56,056,HD-056,state_house,2024,sl_2023_149,SL 2023-149 House Lines (block-weighted December 2025 precinct basis),36,36,3459,3459,vap
PAMLICO - 1CR,79,37079,State House District 79,,,1.0,79,079,HD-079,state_house,2024,sl_2023_149,SL 2023-149 House Lines (block-weighted December 2025 precinct basis),87,87,1726,1726,vap
PAMLICO - 1RB,79,37079,State House District 79,,,1.0,79,079,HD-079,state_house,2024,sl_2023_149,SL 2023-149 House Lines (block-weighted December 2025 precinct basis),55,55,1598,1598,vap
PAMLICO - 2OT,79,37079,State House District 79,,,1.0,79,079,HD-079,state_house,2024,sl_2023_149,SL 2023-149 House Lines (block-weighted December 2025 precinct basis),156,156,1883,1883,vap
PAMLICO - 3CH,79,37079,State House District 79,,,1.0,79,079,HD-079,state_house,2024,sl_2023_149,SL 2023-149 House Lines (block-weighted December 2025 precinct basis),178,178,2382,2382,vap
PAMLICO - 4BR,79,37079,State House District 79,,,1.0,79,079,HD-079,state_house,2024,sl_2023_149,SL 2023-149 House Lines (block-weighted December 2025 precinct basis),196,196,654,654,vap
PAMLICO - 5AP,79,37079,State House District 79,,,1.0,79,079,HD-079,state_house,2024,sl_2023_149,SL 2023-149 House Lines (block-weighted December 2025 precinct basis),110,110,2235,2235,vap
PASQUOTANK - EAST,5,37005,State House District 5,,,1.0,5,005,HD-005,state_house,2024,sl_2023_149,SL 2023-149 House Lines (block-weighted December 2025 precinct basis),183,183,3383,3383,vap
PASQUOTANK - MH,5,37005,State House District 5,,,1.0,5,005,HD-005,state_house,2024,sl_2023_149,SL 2023-149 House Lines (block-weighted December 2025 precinct basis),148,148,4679,4679,vap
PASQUOTANK - NEW,5,37005,State House District 5,,,1.0,5,005,HD-005,state_house,2024,sl_2023_149,SL 2023-149 House Lines (block-weighted December 2025 precinct basis),57,57,2090,2090,vap
PASQUOTANK - NIX,5,37005,State House District 5,,,1.0,5,005,HD-005,state_house,2024,sl_2023_149,SL 2023-149 House Lines (block-weighted December 2025 precinct basis),75,75,3937,3937,vap
PASQUOTANK - NORTH,5,37005,State House District 5,,,1.0,5,005,HD-005,state_house,2024,sl_2023_149,SL 2023-149 House Lines (block-weighted December 2025 precinct basis),147,147,3021,3021,vap
PASQUOTANK - PRO,5,37005,State House District 5,,,1.0,5,005,HD-005,state_house,2024,sl_2023_149,SL 2023-149 House Lines (block-weighted December 2025 precinct basis),146,146,6614,6614,vap
PASQUOTANK - SAL,5,37005,State House District 5,,,1.0,5,005,HD-005,state_house,2024,sl_2023_149,SL 2023-149 House Lines (block-weighted December 2025 precinct basis),41,41,1288,1288,vap
PASQUOTANK - SOUTH,5,37005,State House District 5,,,1.0,5,005,HD-005,state_house,2024,sl_2023_149,SL 2023-149 House Lines (block-weighted December 2025 precinct basis),106,106,3615,3615,vap
PASQUOTANK - WEST,5,37005,State House District 5,,,1.0,5,005,HD-005,state_house,2024,sl_2023_149,SL 2023-149 House Lines (block-weighted December 2025 precinct basis),85,85,3337,3337,vap
PENDER - BW01,16,37016,State House District 16,,,1.0,16,016,HD-016,state_house,2024,sl_2023_149,SL 2023-149 House Lines (block-weighted December 2025 precinct basis),272,272,6755,6755,vap
PENDER - CL05,16,37016,State House District 16,,,1.0,16,016,HD-016,state_house,2024,sl_2023_149,SL 2023-149 House Lines (block-weighted December 2025 precinct basis),86,86,1525,1525,vap
PENDER - LT18,16,37016,State House District 16,,,1.0,16,016,HD-016,state_house,2024,sl_2023_149,SL 2023-149 House Lines (block-weighted December 2025 precinct basis),83,83,4617,4617,vap
PENDER - MC07,16,37016,State House District 16,,,1.0,16,016,HD-016,state_house,2024,sl_2023_149,SL 2023-149 House Lines (block-weighted December 2025 precinct basis),200,200,3162,3162,vap
PENDER - MT19,16,37016,State House District 16,,,1.0,16,016,HD-016,state_house,2024,sl_2023_149,SL 2023-149 House Lines (block-weighted December 2025 precinct basis),51,51,3498,3498,vap
PENDER - PL18,16,37016,State House District 16,,,1.0,16,016,HD-016,state_house,2024,sl_2023_149,SL 2023-149 House Lines (block-weighted December 2025 precinct basis),170,170,3001,3001,vap
PENDER - RP21,16,37016,State House District 16,,,1.0,16,016,HD-016,state_house,2024,sl_2023_149,SL 2023-149 House Lines (block-weighted December 2025 precinct basis),157,157,8117,8117,vap
PENDER - SC13,16,37016,State House District 16,,,1.0,16,016,HD-016,state_house,2024,sl_2023_149,SL 2023-149 House Lines (block-weighted December 2025 precinct basis),228,228,4068,4068,vap
PENDER - SH12,16,37016,State House District 16,,,1.0,16,016,HD-016,state_house,2024,sl_2023_149,SL 2023-149 House Lines (block-weighted December 2025 precinct basis),32,32,2014,2014,vap
PENDER - SP15,16,37016,State House District 16,,,1.0,16,016,HD-016,state_house,2024,sl_2023_149,SL 2023-149 House Lines (block-weighted December 2025 precinct basis),103,103,4300,4300,vap
PENDER - UH08,16,37016,State House District 16,,,1.0,16,016,HD-016,state_house,2024,sl_2023_149,SL 2023-149 House Lines (block-weighted December 2025 precinct basis),52,52,748,748,vap
PENDER - UT14,16,37016,State House District 16,,,1.0,16,016,HD-016,state_house,2024,sl_2023_149,SL 2023-149 House Lines (block-weighted December 2025 precinct basis),61,61,4803,4803,vap
PERQUIMANS - BELVID,1,37001,State House District 1,,,1.0,1,001,HD-001,state_house,2024,sl_2023_149,SL 2023-149 House Lines (block-weighted December 2025 precinct basis),30,30,746,746,vap
PERQUIMANS - BETHEL,1,37001,State House District 1,,,1.0,1,001,HD-001,state_house,2024,sl_2023_149,SL 2023-149 House Lines (block-weighted December 2025 precinct basis),141,141,3001,3001,vap
PERQUIMANS - EAST H,1,37001,State House District 1,,,1.0,1,001,HD-001,state_house,2024,sl_2023_149,SL 2023-149 House Lines (block-weighted December 2025 precinct basis),55,55,1047,1047,vap
PERQUIMANS - NEW HO,1,37001,State House District 1,,,1.0,1,001,HD-001,state_house,2024,sl_2023_149,SL 2023-149 House Lines (block-weighted December 2025 precinct basis),42,42,2472,2472,vap
PERQUIMANS - NICANO,1,37001,State House District 1,,,1.0,1,001,HD-001,state_house,2024,sl_2023_149,SL 2023-149 House Lines (block-weighted December 2025 precinct basis),30,30,284,284,vap
PERQUIMANS - PARKVI,1,37001,State House District 1,,,1.0,1,001,HD-001,state_house,2024,sl_2023_149,SL 2023-149 House Lines (block-weighted December 2025 precinct basis),98,98,2007,2007,vap
PERQUIMANS - WEST H,1,37001,State House District 1,,,1.0,1,001,HD-001,state_house,2024,sl_2023_149,SL 2023-149 House Lines (block-weighted December 2025 precinct basis),50,50,1035,1035,vap
PERSON - ALVI,2,37002,State House District 2,,,1.0,2,002,HD-002,state_house,2024,sl_2023_149,SL 2023-149 House Lines (block-weighted December 2025 precinct basis),111,111,2402,2402,vap
PERSON - CUCL,2,37002,State House District 2,,,1.0,2,002,HD-002,state_house,2024,sl_2023_149,SL 2023-149 House Lines (block-weighted December 2025 precinct basis),133,133,2013,2013,vap
PERSON - FLHE,2,37002,State House District 2,,,1.0,2,002,HD-002,state_house,2024,sl_2023_149,SL 2023-149 House Lines (block-weighted December 2025 precinct basis),146,146,5737,5737,vap
PERSON - HLWY,2,37002,State House District 2,,,1.0,2,002,HD-002,state_house,2024,sl_2023_149,SL 2023-149 House Lines (block-weighted December 2025 precinct basis),42,42,1261,1261,vap
PERSON - MTTZ,2,37002,State House District 2,,,1.0,2,002,HD-002,state_house,2024,sl_2023_149,SL 2023-149 House Lines (block-weighted December 2025 precinct basis),92,92,2687,2687,vap
PERSON - OLHI,2,37002,State House District 2,,,1.0,2,002,HD-002,state_house,2024,sl_2023_149,SL 2023-149 House Lines (block-weighted December 2025 precinct basis),73,73,1778,1778,vap
PERSON - PNTH,2,37002,State House District 2,,,1.0,2,002,HD-002,state_house,2024,sl_2023_149,SL 2023-149 House Lines (block-weighted December 2025 precinct basis),183,183,5193,5193,vap
PERSON - RCOB,2,37002,State House District 2,,,1.0,2,002,HD-002,state_house,2024,sl_2023_149,SL 2023-149 House Lines (block-weighted December 2025 precinct basis),147,147,4510,4510,vap
PERSON - ROXL,2,37002,State House District 2,,,1.0,2,002,HD-002,state_house,2024,sl_2023_149,SL 2023-149 House Lines (block-weighted December 2025 precinct basis),74,74,2129,2129,vap
PERSON - SWST,2,37002,State House District 2,,,1.0,2,002,HD-002,state_house,2024,sl_2023_149,SL 2023-149 House Lines (block-weighted December 2025 precinct basis),98,98,2068,2068,vap
PERSON - WDSD,2,37002,State House District 2,,,1.0,2,002,HD-002,state_house,2024,sl_2023_149,SL 2023-149 House Lines (block-weighted December 2025 precinct basis),89,89,1185,1185,vap
PITT - 0101,8,37008,State House District 8,,,1.0,8,008,HD-008,state_house,2024,sl_2023_149,SL 2023-149 House Lines (block-weighted December 2025 precinct basis),118,118,4349,4349,vap
PITT - 0200A,9,37009,State House District 9,,,1.0,9,009,HD-009,state_house,2024,sl_2023_149,SL 2023-149 House Lines (block-weighted December 2025 precinct basis),128,128,3094,3094,vap
PITT - 0200B,9,37009,State House District 9,,,1.0,9,009,HD-009,state_house,2024,sl_2023_149,SL 2023-149 House Lines (block-weighted December 2025 precinct basis),136,136,2632,2632,vap
PITT - 0301,8,37008,State House District 8,,,1.0,8,008,HD-008,state_house,2024,sl_2023_149,SL 2023-149 House Lines (block-weighted December 2025 precinct basis),146,146,5321,5321,vap
PITT - 0401,8,37008,State House District 8,,,1.0,8,008,HD-008,state_house,2024,sl_2023_149,SL 2023-149 House Lines (block-weighted December 2025 precinct basis),164,164,1728,1728,vap
PITT - 0501,9,37009,State House District 9,,,1.0,9,009,HD-009,state_house,2024,sl_2023_149,SL 2023-149 House Lines (block-weighted December 2025 precinct basis),94,94,1534,1534,vap
PITT - 0601,9,37009,State House District 9,,,1.0,9,009,HD-009,state_house,2024,sl_2023_149,SL 2023-149 House Lines (block-weighted December 2025 precinct basis),118,118,5281,5281,vap
PITT - 0701,8,37008,State House District 8,,,1.0,8,008,HD-008,state_house,2024,sl_2023_149,SL 2023-149 House Lines (block-weighted December 2025 precinct basis),82,82,2154,2154,vap
PITT - 0800A,8,37008,State House District 8,,,1.0,8,008,HD-008,state_house,2024,sl_2023_149,SL 2023-149 House Lines (block-weighted December 2025 precinct basis),149,149,2522,2522,vap
PITT - 0800B,8,37008,State House District 8,,,1.0,8,008,HD-008,state_house,2024,sl_2023_149,SL 2023-149 House Lines (block-weighted December 2025 precinct basis),102,102,2113,2113,vap
PITT - 0901,8,37008,State House District 8,,,1.0,8,008,HD-008,state_house,2024,sl_2023_149,SL 2023-149 House Lines (block-weighted December 2025 precinct basis),86,86,976,976,vap
PITT - 1001,9,37009,State House District 9,,,1.0,9,009,HD-009,state_house,2024,sl_2023_149,SL 2023-149 House Lines (block-weighted December 2025 precinct basis),193,193,3461,3461,vap
PITT - 1101,9,37009,State House District 9,,,1.0,9,009,HD-009,state_house,2024,sl_2023_149,SL 2023-149 House Lines (block-weighted December 2025 precinct basis),74,74,1416,1416,vap
PITT - 1102A,9,37009,State House District 9,,,1.0,9,009,HD-009,state_house,2024,sl_2023_149,SL 2023-149 House Lines (block-weighted December 2025 precinct basis),61,61,3317,3317,vap
PITT - 1102B,9,37009,State House District 9,,,1.0,9,009,HD-009,state_house,2024,sl_2023_149,SL 2023-149 House Lines (block-weighted December 2025 precinct basis),91,91,4097,4097,vap
PITT - 1201,9,37009,State House District 9,,,1.0,9,009,HD-009,state_house,2024,sl_2023_149,SL 2023-149 House Lines (block-weighted December 2025 precinct basis),197,198,4919,4919,vap
PITT - 1301,9,37009,State House District 9,,,1.0,9,009,HD-009,state_house,2024,sl_2023_149,SL 2023-149 House Lines (block-weighted December 2025 precinct basis),40,40,1260,1260,vap
PITT - 1403A1,9,37009,State House District 9,,,1.0,9,009,HD-009,state_house,2024,sl_2023_149,SL 2023-149 House Lines (block-weighted December 2025 precinct basis),104,104,3562,3562,vap
PITT - 1403A2,9,37009,State House District 9,,,1.0,9,009,HD-009,state_house,2024,sl_2023_149,SL 2023-149 House Lines (block-weighted December 2025 precinct basis),113,113,3509,3509,vap
PITT - 1403B,9,37009,State House District 9,,,1.0,9,009,HD-009,state_house,2024,sl_2023_149,SL 2023-149 House Lines (block-weighted December 2025 precinct basis),105,105,4976,4976,vap
PITT - 1501,8,37008,State House District 8,,,1.0,8,008,HD-008,state_house,2024,sl_2023_149,SL 2023-149 House Lines (block-weighted December 2025 precinct basis),153,153,1651,1651,vap
PITT - 1503,8,37008,State House District 8,,,1.0,8,008,HD-008,state_house,2024,sl_2023_149,SL 2023-149 House Lines (block-weighted December 2025 precinct basis),91,91,3547,3547,vap
PITT - 1504A,8,37008,State House District 8,,,1.0,8,008,HD-008,state_house,2024,sl_2023_149,SL 2023-149 House Lines (block-weighted December 2025 precinct basis),147,147,3628,3628,vap
PITT - 1504B,8,37008,State House District 8,,,1.0,8,008,HD-008,state_house,2024,sl_2023_149,SL 2023-149 House Lines (block-weighted December 2025 precinct basis),69,69,5672,5672,vap
PITT - 1505A,8,37008,State House District 8,,,1.0,8,008,HD-008,state_house,2024,sl_2023_149,SL 2023-149 House Lines (block-weighted December 2025 precinct basis),30,30,3704,3704,vap
PITT - 1505B,8,37008,State House District 8,,,1.0,8,008,HD-008,state_house,2024,sl_2023_149,SL 2023-149 House Lines (block-weighted December 2025 precinct basis),74,74,3126,3126,vap
PITT - 1506,8,37008,State House District 8,,,1.0,8,008,HD-008,state_house,2024,sl_2023_149,SL 2023-149 House Lines (block-weighted December 2025 precinct basis),97,97,2168,2168,vap
PITT - 1507,8,37008,State House District 8,,,1.0,8,008,HD-008,state_house,2024,sl_2023_149,SL 2023-149 House Lines (block-weighted December 2025 precinct basis),68,68,5889,5889,vap
PITT - 1507B,8,37008,State House District 8,,,1.0,8,008,HD-008,state_house,2024,sl_2023_149,SL 2023-149 House Lines (block-weighted December 2025 precinct basis),21,21,1852,1852,vap
PITT - 1508A,8,37008,State House District 8,,,1.0,8,008,HD-008,state_house,2024,sl_2023_149,SL 2023-149 House Lines (block-weighted December 2025 precinct basis),78,78,1562,1562,vap
PITT - 1508B,8,37008,State House District 8,,,1.0,8,008,HD-008,state_house,2024,sl_2023_149,SL 2023-149 House Lines (block-weighted December 2025 precinct basis),41,42,2357,2357,vap
PITT - 1509,8,37008,State House District 8,,,1.0,8,008,HD-008,state_house,2024,sl_2023_149,SL 2023-149 House Lines (block-weighted December 2025 precinct basis),107,107,4714,4714,vap
PITT - 1510A,9,37009,State House District 9,,,1.0,9,009,HD-009,state_house,2024,sl_2023_149,SL 2023-149 House Lines (block-weighted December 2025 precinct basis),50,50,2458,2458,vap
PITT - 1510B,9,37009,State House District 9,,,1.0,9,009,HD-009,state_house,2024,sl_2023_149,SL 2023-149 House Lines (block-weighted December 2025 precinct basis),49,49,2924,2924,vap
PITT - 1511A,9,37009,State House District 9,,,1.0,9,009,HD-009,state_house,2024,sl_2023_149,SL 2023-149 House Lines (block-weighted December 2025 precinct basis),65,65,3792,3792,vap
PITT - 1511B,9,37009,State House District 9,,,1.0,9,009,HD-009,state_house,2024,sl_2023_149,SL 2023-149 House Lines (block-weighted December 2025 precinct basis),39,39,4856,4856,vap
PITT - 1512A,8,37008,State House District 8,,,1.0,8,008,HD-008,state_house,2024,sl_2023_149,SL 2023-149 House Lines (block-weighted December 2025 precinct basis),123,123,6519,6519,vap
PITT - 1512B,9,37009,State House District 9,,,1.0,9,009,HD-009,state_house,2024,sl_2023_149,SL 2023-149 House Lines (block-weighted December 2025 precinct basis),53,54,2877,2877,vap
PITT - 1513A,9,37009,State House District 9,,,1.0,9,009,HD-009,state_house,2024,sl_2023_149,SL 2023-149 House Lines (block-weighted December 2025 precinct basis),71,71,3760,3760,vap
PITT - 1513B,9,37009,State House District 9,,,1.0,9,009,HD-009,state_house,2024,sl_2023_149,SL 2023-149 House Lines (block-weighted December 2025 precinct basis),70,70,2996,2996,vap
POLK - CG05,113,37113,State House District 113,,,1.0,113,113,HD-113,state_house,2024,sl_2023_149,SL 2023-149 House Lines (block-weighted December 2025 precinct basis),81,81,1620,1620,vap
POLK - CL07,113,37113,State House District 113,,,1.0,113,113,HD-113,state_house,2024,sl_2023_149,SL 2023-149 House Lines (block-weighted December 2025 precinct basis),128,128,2668,2668,vap
POLK - CL08,113,37113,State House District 113,,,1.0,113,113,HD-113,state_house,2024,sl_2023_149,SL 2023-149 House Lines (block-weighted December 2025 precinct basis),83,83,2745,2745,vap
POLK - GC09,113,37113,State House District 113,,,1.0,113,113,HD-113,state_house,2024,sl_2023_149,SL 2023-149 House Lines (block-weighted December 2025 precinct basis),99,99,2687,2687,vap
POLK - SA04,113,37113,State House District 113,,,1.0,113,113,HD-113,state_house,2024,sl_2023_149,SL 2023-149 House Lines (block-weighted December 2025 precinct basis),145,145,1588,1588,vap
POLK - TR123,113,37113,State House District 113,,,1.0,113,113,HD-113,state_house,2024,sl_2023_149,SL 2023-149 House Lines (block-weighted December 2025 precinct basis),167,167,2987,2987,vap
POLK - WO06,113,37113,State House District 113,,,1.0,113,113,HD-113,state_house,2024,sl_2023_149,SL 2023-149 House Lines (block-weighted December 2025 precinct basis),93,93,1909,1909,vap
RANDOLPH - AE,70,37070,State House District 70,,,1.0,70,070,HD-070,state_house,2024,sl_2023_149,SL 2023-149 House Lines (block-weighted December 2025 precinct basis),216,216,5707,5707,vap
RANDOLPH - AN,70,37070,State House District 70,,,1.0,70,070,HD-070,state_house,2024,sl_2023_149,SL 2023-149 House Lines (block-weighted December 2025 precinct basis),138,138,6093,6093,vap
RANDOLPH - AR,70,37070,State House District 70,,,1.0,70,070,HD-070,state_house,2024,sl_2023_149,SL 2023-149 House Lines (block-weighted December 2025 precinct basis),229,229,9422,9422,vap
RANDOLPH - AS,70,37070,State House District 70,,,1.0,70,070,HD-070,state_house,2024,sl_2023_149,SL 2023-149 House Lines (block-weighted December 2025 precinct basis),182,183,4981,4981,vap
RANDOLPH - AW,70,37070,State House District 70,,,1.0,70,070,HD-070,state_house,2024,sl_2023_149,SL 2023-149 House Lines (block-weighted December 2025 precinct basis),273,273,7343,7343,vap
RANDOLPH - BC,70,37070,State House District 70,,,1.0,70,070,HD-070,state_house,2024,sl_2023_149,SL 2023-149 House Lines (block-weighted December 2025 precinct basis),105,105,3574,3574,vap
RANDOLPH - DR,78,37078,State House District 78,,,1.0,78,078,HD-078,state_house,2024,sl_2023_149,SL 2023-149 House Lines (block-weighted December 2025 precinct basis),215,215,5355,5355,vap
RANDOLPH - GR,78,37078,State House District 78,,,1.0,78,078,HD-078,state_house,2024,sl_2023_149,SL 2023-149 House Lines (block-weighted December 2025 precinct basis),108,108,4398,4398,vap
RANDOLPH - LB,54,37054,State House District 54,,,1.0,54,054,HD-054,state_house,2024,sl_2023_149,SL 2023-149 House Lines (block-weighted December 2025 precinct basis),182,182,3279,3279,vap
RANDOLPH - LC,70,37070,State House District 70,,,1.0,70,070,HD-070,state_house,2024,sl_2023_149,SL 2023-149 House Lines (block-weighted December 2025 precinct basis),50,50,2860,2860,vap
RANDOLPH - NM,70,37070,State House District 70,,,1.0,70,070,HD-070,state_house,2024,sl_2023_149,SL 2023-149 House Lines (block-weighted December 2025 precinct basis),163,163,5016,5016,vap
RANDOLPH - PR,78,37078,State House District 78,,,1.0,78,078,HD-078,state_house,2024,sl_2023_149,SL 2023-149 House Lines (block-weighted December 2025 precinct basis),144,146,6159,6159,vap
RANDOLPH - RM,78,37078,State House District 78,,,1.0,78,078,HD-078,state_house,2024,sl_2023_149,SL 2023-149 House Lines (block-weighted December 2025 precinct basis),205,205,3620,3620,vap
RANDOLPH - RN,70,37070,State House District 70,,,1.0,70,070,HD-070,state_house,2024,sl_2023_149,SL 2023-149 House Lines (block-weighted December 2025 precinct basis),277,277,6947,6947,vap
RANDOLPH - SE,78,37078,State House District 78,,,1.0,78,078,HD-078,state_house,2024,sl_2023_149,SL 2023-149 House Lines (block-weighted December 2025 precinct basis),138,138,2217,2217,vap
RANDOLPH - SO,78,37078,State House District 78,,,1.0,78,078,HD-078,state_house,2024,sl_2023_149,SL 2023-149 House Lines (block-weighted December 2025 precinct basis),187,187,4035,4035,vap
RANDOLPH - ST,54,37054,State House District 54,,,1.0,54,054,HD-054,state_house,2024,sl_2023_149,SL 2023-149 House Lines (block-weighted December 2025 precinct basis),127,128,2275,2275,vap
RANDOLPH - SW,78,37078,State House District 78,,,1.0,78,078,HD-078,state_house,2024,sl_2023_149,SL 2023-149 House Lines (block-weighted December 2025 precinct basis),142,142,3111,3111,vap
RANDOLPH - TB,70,37070,State House District 70,,,1.0,70,070,HD-070,state_house,2024,sl_2023_149,SL 2023-149 House Lines (block-weighted December 2025 precinct basis),112,112,3442,3442,vap
RANDOLPH - TR,70,37070,State House District 70,,,1.0,70,070,HD-070,state_house,2024,sl_2023_149,SL 2023-149 House Lines (block-weighted December 2025 precinct basis),286,286,9631,9631,vap
RANDOLPH - TT,70,37070,State House District 70,,,1.0,70,070,HD-070,state_house,2024,sl_2023_149,SL 2023-149 House Lines (block-weighted December 2025 precinct basis),89,89,4455,4455,vap
RANDOLPH - UG,78,37078,State House District 78,,,1.0,78,078,HD-078,state_house,2024,sl_2023_149,SL 2023-149 House Lines (block-weighted December 2025 precinct basis),248,248,8395,8395,vap
RICHMOND - 01,52,37052,State House District 52,,,1.0,52,052,HD-052,state_house,2024,sl_2023_149,SL 2023-149 House Lines (block-weighted December 2025 precinct basis),239,239,5705,5705,vap
RICHMOND - 02,52,37052,State House District 52,,,1.0,52,052,HD-052,state_house,2024,sl_2023_149,SL 2023-149 House Lines (block-weighted December 2025 precinct basis),210,210,5250,5250,vap
RICHMOND - 08,52,37052,State House District 52,,,1.0,52,052,HD-052,state_house,2024,sl_2023_149,SL 2023-149 House Lines (block-weighted December 2025 precinct basis),256,256,4117,4117,vap
RICHMOND - 09,52,37052,State House District 52,,,1.0,52,052,HD-052,state_house,2024,sl_2023_149,SL 2023-149 House Lines (block-weighted December 2025 precinct basis),331,331,5800,5800,vap
RICHMOND - 10,52,37052,State House District 52,,,1.0,52,052,HD-052,state_house,2024,sl_2023_149,SL 2023-149 House Lines (block-weighted December 2025 precinct basis),94,94,1608,1608,vap
RICHMOND - 14,52,37052,State House District 52,,,1.0,52,052,HD-052,state_house,2024,sl_2023_149,SL 2023-149 House Lines (block-weighted December 2025 precinct basis),57,57,165,165,vap
RICHMOND - 21,52,37052,State House District 52,,,1.0,52,052,HD-052,state_house,2024,sl_2023_149,SL 2023-149 House Lines (block-weighted December 2025 precinct basis),88,88,2018,2018,vap
RICHMOND - 22,52,37052,State House District 52,,,1.0,52,052,HD-052,state_house,2024,sl_2023_149,SL 2023-149 House Lines (block-weighted December 2025 precinct basis),164,164,3087,3087,vap
RICHMOND - 23,52,37052,State House District 52,,,1.0,52,052,HD-052,state_house,2024,sl_2023_149,SL 2023-149 House Lines (block-weighted December 2025 precinct basis),116,116,2346,2346,vap
RICHMOND - 24,52,37052,State House District 52,,,1.0,52,052,HD-052,state_house,2024,sl_2023_149,SL 2023-149 House Lines (block-weighted December 2025 precinct basis),204,204,2045,2045,vap
RICHMOND - 25,52,37052,State House District 52,,,1.0,52,052,HD-052,state_house,2024,sl_2023_149,SL 2023-149 House Lines (block-weighted December 2025 precinct basis),119,119,1097,1097,vap
ROBESON - 01,47,37047,State House District 47,,,1.0,47,047,HD-047,state_house,2024,sl_2023_149,SL 2023-149 House Lines (block-weighted December 2025 precinct basis),101,101,1428,1428,vap
ROBESON - 02,47,37047,State House District 47,,,1.0,47,047,HD-047,state_house,2024,sl_2023_149,SL 2023-149 House Lines (block-weighted December 2025 precinct basis),147,147,3725,3725,vap
ROBESON - 03,46,37046,State House District 46,,,1.0,46,046,HD-046,state_house,2024,sl_2023_149,SL 2023-149 House Lines (block-weighted December 2025 precinct basis),78,78,2256,2256,vap
ROBESON - 04,47,37047,State House District 47,,,1.0,47,047,HD-047,state_house,2024,sl_2023_149,SL 2023-149 House Lines (block-weighted December 2025 precinct basis),57,57,2487,2487,vap
ROBESON - 05A,47,37047,State House District 47,,,1.0,47,047,HD-047,state_house,2024,sl_2023_149,SL 2023-149 House Lines (block-weighted December 2025 precinct basis),219,219,3475,3475,vap
ROBESON - 07,47,37047,State House District 47,,,1.0,47,047,HD-047,state_house,2024,sl_2023_149,SL 2023-149 House Lines (block-weighted December 2025 precinct basis),46,46,938,938,vap
ROBESON - 08,46,37046,State House District 46,,,1.0,46,046,HD-046,state_house,2024,sl_2023_149,SL 2023-149 House Lines (block-weighted December 2025 precinct basis),82,82,1895,1895,vap
ROBESON - 09,46,37046,State House District 46,,,1.0,46,046,HD-046,state_house,2024,sl_2023_149,SL 2023-149 House Lines (block-weighted December 2025 precinct basis),91,91,1673,1673,vap
ROBESON - 10,46,37046,State House District 46,,,1.0,46,046,HD-046,state_house,2024,sl_2023_149,SL 2023-149 House Lines (block-weighted December 2025 precinct basis),100,100,1485,1485,vap
ROBESON - 11,47,37047,State House District 47,,,1.0,47,047,HD-047,state_house,2024,sl_2023_149,SL 2023-149 House Lines (block-weighted December 2025 precinct basis),138,138,3683,3683,vap
ROBESON - 11A,47,37047,State House District 47,,,1.0,47,047,HD-047,state_house,2024,sl_2023_149,SL 2023-149 House Lines (block-weighted December 2025 precinct basis),42,42,1961,1961,vap
ROBESON - 12,47,37047,State House District 47,,,1.0,47,047,HD-047,state_house,2024,sl_2023_149,SL 2023-149 House Lines (block-weighted December 2025 precinct basis),152,152,2690,2690,vap
ROBESON - 13,47,37047,State House District 47,,,1.0,47,047,HD-047,state_house,2024,sl_2023_149,SL 2023-149 House Lines (block-weighted December 2025 precinct basis),94,94,2295,2295,vap
ROBESON - 14,47,37047,State House District 47,,,1.0,47,047,HD-047,state_house,2024,sl_2023_149,SL 2023-149 House Lines (block-weighted December 2025 precinct basis),111,111,1683,1683,vap
ROBESON - 15,47,37047,State House District 47,,,0.9896713615023475,47,047,HD-047,state_house,2024,sl_2023_149,SL 2023-149 House Lines (block-weighted December 2025 precinct basis),158,159,1054,1065,vap
ROBESON - 15,46,37046,State House District 46,,,0.010328638497652582,46,046,HD-046,state_house,2024,sl_2023_149,SL 2023-149 House Lines (block-weighted December 2025 precinct basis),1,159,11,1065,vap
ROBESON - 16,47,37047,State House District 47,,,1.0,47,047,HD-047,state_house,2024,sl_2023_149,SL 2023-149 House Lines (block-weighted December 2025 precinct basis),52,52,1020,1020,vap
ROBESON - 17,47,37047,State House District 47,,,1.0,47,047,HD-047,state_house,2024,sl_2023_149,SL 2023-149 House Lines (block-weighted December 2025 precinct basis),74,74,460,460,vap
ROBESON - 18A,47,37047,State House District 47,,,1.0,47,047,HD-047,state_house,2024,sl_2023_149,SL 2023-149 House Lines (block-weighted December 2025 precinct basis),137,137,1846,1846,vap
ROBESON - 19,47,37047,State House District 47,,,1.0,47,047,HD-047,state_house,2024,sl_2023_149,SL 2023-149 House Lines (block-weighted December 2025 precinct basis),261,261,3314,3314,vap
ROBESON - 20,46,37046,State House District 46,,,1.0,46,046,HD-046,state_house,2024,sl_2023_149,SL 2023-149 House Lines (block-weighted December 2025 precinct basis),70,70,1160,1160,vap
ROBESON - 21,46,37046,State House District 46,,,1.0,46,046,HD-046,state_house,2024,sl_2023_149,SL 2023-149 House Lines (block-weighted December 2025 precinct basis),141,141,2747,2747,vap
ROBESON - 22,47,37047,State House District 47,,,1.0,47,047,HD-047,state_house,2024,sl_2023_149,SL 2023-149 House Lines (block-weighted December 2025 precinct basis),94,94,5119,5119,vap
ROBESON - 23,47,37047,State House District 47,,,1.0,47,047,HD-047,state_house,2024,sl_2023_149,SL 2023-149 House Lines (block-weighted December 2025 precinct basis),177,177,4640,4640,vap
ROBESON - 24,47,37047,State House District 47,,,1.0,47,047,HD-047,state_house,2024,sl_2023_149,SL 2023-149 House Lines (block-weighted December 2025 precinct basis),73,73,1680,1680,vap
ROBESON - 25,47,37047,State House District 47,,,1.0,47,047,HD-047,state_house,2024,sl_2023_149,SL 2023-149 House Lines (block-weighted December 2025 precinct basis),100,100,2288,2288,vap
ROBESON - 26A,47,37047,State House District 47,,,1.0,47,047,HD-047,state_house,2024,sl_2023_149,SL 2023-149 House Lines (block-weighted December 2025 precinct basis),188,188,3804,3804,vap
ROBESON - 28,46,37046,State House District 46,,,1.0,46,046,HD-046,state_house,2024,sl_2023_149,SL 2023-149 House Lines (block-weighted December 2025 precinct basis),72,72,1883,1883,vap
ROBESON - 29,47,37047,State House District 47,,,1.0,47,047,HD-047,state_house,2024,sl_2023_149,SL 2023-149 House Lines (block-weighted December 2025 precinct basis),179,179,1577,1577,vap
ROBESON - 30,47,37047,State House District 47,,,1.0,47,047,HD-047,state_house,2024,sl_2023_149,SL 2023-149 House Lines (block-weighted December 2025 precinct basis),133,133,3578,3578,vap
ROBESON - 32A,46,37046,State House District 46,,,1.0,46,046,HD-046,state_house,2024,sl_2023_149,SL 2023-149 House Lines (block-weighted December 2025 precinct basis),327,327,6062,6062,vap
ROBESON - 33,46,37046,State House District 46,,,1.0,46,046,HD-046,state_house,2024,sl_2023_149,SL 2023-149 House Lines (block-weighted December 2025 precinct basis),35,35,843,843,vap
ROBESON - 34,47,37047,State House District 47,,,1.0,47,047,HD-047,state_house,2024,sl_2023_149,SL 2023-149 House Lines (block-weighted December 2025 precinct basis),97,97,2072,2072,vap
ROBESON - 35,47,37047,State House District 47,,,1.0,47,047,HD-047,state_house,2024,sl_2023_149,SL 2023-149 House Lines (block-weighted December 2025 precinct basis),69,69,2619,2619,vap
ROBESON - 36,47,37047,State House District 47,,,1.0,47,047,HD-047,state_house,2024,sl_2023_149,SL 2023-149 House Lines (block-weighted December 2025 precinct basis),72,72,1196,1196,vap
ROBESON - 37,46,37046,State House District 46,,,1.0,46,046,HD-046,state_house,2024,sl_2023_149,SL 2023-149 House Lines (block-weighted December 2025 precinct basis),56,56,653,653,vap
ROBESON - 38,47,37047,State House District 47,,,1.0,47,047,HD-047,state_house,2024,sl_2023_149,SL 2023-149 House Lines (block-weighted December 2025 precinct basis),41,41,493,493,vap
ROBESON - 39,47,37047,State House District 47,,,1.0,47,047,HD-047,state_house,2024,sl_2023_149,SL 2023-149 House Lines (block-weighted December 2025 precinct basis),117,117,2083,2083,vap
ROBESON - 40,47,37047,State House District 47,,,1.0,47,047,HD-047,state_house,2024,sl_2023_149,SL 2023-149 House Lines (block-weighted December 2025 precinct basis),59,59,610,610,vap
ROBESON - 41,46,37046,State House District 46,,,1.0,46,046,HD-046,state_house,2024,sl_2023_149,SL 2023-149 House Lines (block-weighted December 2025 precinct basis),158,158,3969,3969,vap
ROCKINGHAM - DR,65,37065,State House District 65,,,1.0,65,065,HD-065,state_house,2024,sl_2023_149,SL 2023-149 House Lines (block-weighted December 2025 precinct basis),132,132,2858,2858,vap
ROCKINGHAM - EC,65,37065,State House District 65,,,1.0,65,065,HD-065,state_house,2024,sl_2023_149,SL 2023-149 House Lines (block-weighted December 2025 precinct basis),184,184,5106,5106,vap
ROCKINGHAM - ED,65,37065,State House District 65,,,1.0,65,065,HD-065,state_house,2024,sl_2023_149,SL 2023-149 House Lines (block-weighted December 2025 precinct basis),250,250,8128,8128,vap
ROCKINGHAM - HO-1,65,37065,State House District 65,,,1.0,65,065,HD-065,state_house,2024,sl_2023_149,SL 2023-149 House Lines (block-weighted December 2025 precinct basis),95,95,3352,3352,vap
ROCKINGHAM - HU-1,65,37065,State House District 65,,,1.0,65,065,HD-065,state_house,2024,sl_2023_149,SL 2023-149 House Lines (block-weighted December 2025 precinct basis),116,116,4886,4886,vap
ROCKINGHAM - LI-1,65,37065,State House District 65,,,1.0,65,065,HD-065,state_house,2024,sl_2023_149,SL 2023-149 House Lines (block-weighted December 2025 precinct basis),164,164,4709,4709,vap
ROCKINGHAM - MO,65,37065,State House District 65,,,1.0,65,065,HD-065,state_house,2024,sl_2023_149,SL 2023-149 House Lines (block-weighted December 2025 precinct basis),122,122,3576,3576,vap
ROCKINGHAM - NB,65,37065,State House District 65,,,1.0,65,065,HD-065,state_house,2024,sl_2023_149,SL 2023-149 House Lines (block-weighted December 2025 precinct basis),94,94,3824,3824,vap
ROCKINGHAM - RC,65,37065,State House District 65,,,1.0,65,065,HD-065,state_house,2024,sl_2023_149,SL 2023-149 House Lines (block-weighted December 2025 precinct basis),182,182,5349,5349,vap
ROCKINGHAM - RE-1,65,37065,State House District 65,,,1.0,65,065,HD-065,state_house,2024,sl_2023_149,SL 2023-149 House Lines (block-weighted December 2025 precinct basis),285,285,7460,7460,vap
ROCKINGHAM - RE-2,65,37065,State House District 65,,,1.0,65,065,HD-065,state_house,2024,sl_2023_149,SL 2023-149 House Lines (block-weighted December 2025 precinct basis),160,160,6205,6205,vap
ROCKINGHAM - ST,65,37065,State House District 65,,,1.0,65,065,HD-065,state_house,2024,sl_2023_149,SL 2023-149 House Lines (block-weighted December 2025 precinct basis),171,171,5706,5706,vap
ROCKINGHAM - WI,65,37065,State House District 65,,,1.0,65,065,HD-065,state_house,2024,sl_2023_149,SL 2023-149 House Lines (block-weighted December 2025 precinct basis),119,119,4780,4780,vap
ROCKINGHAM - WS-1,65,37065,State House District 65,,,1.0,65,065,HD-065,state_house,2024,sl_2023_149,SL 2023-149 House Lines (block-weighted December 2025 precinct basis),315,315,6844,6844,vap
ROWAN - 01,76,37076,State House District 76,,,1.0,76,076,HD-076,state_house,2024,sl_2023_149,SL 2023-149 House Lines (block-weighted December 2025 precinct basis),41,41,2209,2209,vap
ROWAN - 02,83,37083,State House District 83,,,1.0,83,083,HD-083,state_house,2024,sl_2023_149,SL 2023-149 House Lines (block-weighted December 2025 precinct basis),84,84,1809,1809,vap
ROWAN - 03,83,37083,State House District 83,,,1.0,83,083,HD-083,state_house,2024,sl_2023_149,SL 2023-149 House Lines (block-weighted December 2025 precinct basis),47,47,2671,2671,vap
ROWAN - 04,83,37083,State House District 83,,,1.0,83,083,HD-083,state_house,2024,sl_2023_149,SL 2023-149 House Lines (block-weighted December 2025 precinct basis),89,89,4547,4547,vap
ROWAN - 05A,83,37083,State House District 83,,,1.0,83,083,HD-083,state_house,2024,sl_2023_149,SL 2023-149 House Lines (block-weighted December 2025 precinct basis),218,218,5103,5103,vap
ROWAN - 07,77,37077,State House District 77,,,1.0,77,077,HD-077,state_house,2024,sl_2023_149,SL 2023-149 House Lines (block-weighted December 2025 precinct basis),115,115,2288,2288,vap
ROWAN - 08,76,37076,State House District 76,,,1.0,76,076,HD-076,state_house,2024,sl_2023_149,SL 2023-149 House Lines (block-weighted December 2025 precinct basis),54,54,3878,3878,vap
ROWAN - 09,83,37083,State House District 83,,,1.0,83,083,HD-083,state_house,2024,sl_2023_149,SL 2023-149 House Lines (block-weighted December 2025 precinct basis),73,73,2394,2394,vap
ROWAN - 10,76,37076,State House District 76,,,1.0,76,076,HD-076,state_house,2024,sl_2023_149,SL 2023-149 House Lines (block-weighted December 2025 precinct basis),105,105,3039,3039,vap
ROWAN - 11,76,37076,State House District 76,,,1.0,76,076,HD-076,state_house,2024,sl_2023_149,SL 2023-149 House Lines (block-weighted December 2025 precinct basis),63,63,3326,3326,vap
ROWAN - 12,76,37076,State House District 76,,,1.0,76,076,HD-076,state_house,2024,sl_2023_149,SL 2023-149 House Lines (block-weighted December 2025 precinct basis),58,58,2287,2287,vap
ROWAN - 13,83,37083,State House District 83,,,1.0,83,083,HD-083,state_house,2024,sl_2023_149,SL 2023-149 House Lines (block-weighted December 2025 precinct basis),55,55,2573,2573,vap
ROWAN - 14A,76,37076,State House District 76,,,1.0,76,076,HD-076,state_house,2024,sl_2023_149,SL 2023-149 House Lines (block-weighted December 2025 precinct basis),169,169,4774,4774,vap
ROWAN - 15,76,37076,State House District 76,,,1.0,76,076,HD-076,state_house,2024,sl_2023_149,SL 2023-149 House Lines (block-weighted December 2025 precinct basis),95,95,3788,3788,vap
ROWAN - 16,83,37083,State House District 83,,,1.0,83,083,HD-083,state_house,2024,sl_2023_149,SL 2023-149 House Lines (block-weighted December 2025 precinct basis),89,89,3007,3007,vap
ROWAN - 17,83,37083,State House District 83,,,1.0,83,083,HD-083,state_house,2024,sl_2023_149,SL 2023-149 House Lines (block-weighted December 2025 precinct basis),137,137,3472,3472,vap
ROWAN - 18,76,37076,State House District 76,,,1.0,76,076,HD-076,state_house,2024,sl_2023_149,SL 2023-149 House Lines (block-weighted December 2025 precinct basis),96,96,1188,1188,vap
ROWAN - 19A,83,37083,State House District 83,,,1.0,83,083,HD-083,state_house,2024,sl_2023_149,SL 2023-149 House Lines (block-weighted December 2025 precinct basis),241,241,5006,5006,vap
ROWAN - 21,76,37076,State House District 76,,,1.0,76,076,HD-076,state_house,2024,sl_2023_149,SL 2023-149 House Lines (block-weighted December 2025 precinct basis),57,57,3324,3324,vap
ROWAN - 22,76,37076,State House District 76,,,1.0,76,076,HD-076,state_house,2024,sl_2023_149,SL 2023-149 House Lines (block-weighted December 2025 precinct basis),71,71,979,979,vap
ROWAN - 23,76,37076,State House District 76,,,1.0,76,076,HD-076,state_house,2024,sl_2023_149,SL 2023-149 House Lines (block-weighted December 2025 precinct basis),67,67,1897,1897,vap
ROWAN - 24,77,37077,State House District 77,,,1.0,77,077,HD-077,state_house,2024,sl_2023_149,SL 2023-149 House Lines (block-weighted December 2025 precinct basis),70,70,1410,1410,vap
ROWAN - 25,76,37076,State House District 76,,,1.0,76,076,HD-076,state_house,2024,sl_2023_149,SL 2023-149 House Lines (block-weighted December 2025 precinct basis),157,157,4116,4116,vap
ROWAN - 26,76,37076,State House District 76,,,1.0,76,076,HD-076,state_house,2024,sl_2023_149,SL 2023-149 House Lines (block-weighted December 2025 precinct basis),37,37,1976,1976,vap
ROWAN - 27,77,37077,State House District 77,,,1.0,77,077,HD-077,state_house,2024,sl_2023_149,SL 2023-149 House Lines (block-weighted December 2025 precinct basis),43,43,1440,1440,vap
ROWAN - 28,76,37076,State House District 76,,,1.0,76,076,HD-076,state_house,2024,sl_2023_149,SL 2023-149 House Lines (block-weighted December 2025 precinct basis),155,155,2660,2660,vap
ROWAN - 29,77,37077,State House District 77,,,0.9971530249110321,77,077,HD-077,state_house,2024,sl_2023_149,SL 2023-149 House Lines (block-weighted December 2025 precinct basis),49,51,1401,1405,vap
ROWAN - 29,76,37076,State House District 76,,,0.0028469750889679717,76,076,HD-076,state_house,2024,sl_2023_149,SL 2023-149 House Lines (block-weighted December 2025 precinct basis),2,51,4,1405,vap
ROWAN - 30,76,37076,State House District 76,,,1.0,76,076,HD-076,state_house,2024,sl_2023_149,SL 2023-149 House Lines (block-weighted December 2025 precinct basis),129,129,4785,4785,vap
ROWAN - 31,76,37076,State House District 76,,,1.0,76,076,HD-076,state_house,2024,sl_2023_149,SL 2023-149 House Lines (block-weighted December 2025 precinct basis),63,63,1791,1791,vap
ROWAN - 32,77,37077,State House District 77,,,1.0,77,077,HD-077,state_house,2024,sl_2023_149,SL 2023-149 House Lines (block-weighted December 2025 precinct basis),70,70,1833,1833,vap
ROWAN - 33,83,37083,State House District 83,,,1.0,83,083,HD-083,state_house,2024,sl_2023_149,SL 2023-149 House Lines (block-weighted December 2025 precinct basis),63,63,1971,1971,vap
ROWAN - 34,76,37076,State House District 76,,,1.0,76,076,HD-076,state_house,2024,sl_2023_149,SL 2023-149 House Lines (block-weighted December 2025 precinct basis),135,135,3639,3639,vap
ROWAN - 35,76,37076,State House District 76,,,1.0,76,076,HD-076,state_house,2024,sl_2023_149,SL 2023-149 House Lines (block-weighted December 2025 precinct basis),61,61,1496,1496,vap
ROWAN - 36,76,37076,State House District 76,,,1.0,76,076,HD-076,state_house,2024,sl_2023_149,SL 2023-149 House Lines (block-weighted December 2025 precinct basis),116,116,3619,3619,vap
ROWAN - 38,76,37076,State House District 76,,,1.0,76,076,HD-076,state_house,2024,sl_2023_149,SL 2023-149 House Lines (block-weighted December 2025 precinct basis),127,127,3317,3317,vap
ROWAN - 39,76,37076,State House District 76,,,1.0,76,076,HD-076,state_house,2024,sl_2023_149,SL 2023-149 House Lines (block-weighted December 2025 precinct basis),67,67,2781,2781,vap
ROWAN - 40,76,37076,State House District 76,,,1.0,76,076,HD-076,state_house,2024,sl_2023_149,SL 2023-149 House Lines (block-weighted December 2025 precinct basis),112,112,2980,2980,vap
ROWAN - 41,76,37076,State House District 76,,,1.0,76,076,HD-076,state_house,2024,sl_2023_149,SL 2023-149 House Lines (block-weighted December 2025 precinct basis),61,61,3207,3207,vap
ROWAN - 42,76,37076,State House District 76,,,1.0,76,076,HD-076,state_house,2024,sl_2023_149,SL 2023-149 House Lines (block-weighted December 2025 precinct basis),52,52,2001,2001,vap
ROWAN - 44,83,37083,State House District 83,,,1.0,83,083,HD-083,state_house,2024,sl_2023_149,SL 2023-149 House Lines (block-weighted December 2025 precinct basis),56,56,3410,3410,vap
ROWAN - 45,76,37076,State House District 76,,,1.0,76,076,HD-076,state_house,2024,sl_2023_149,SL 2023-149 House Lines (block-weighted December 2025 precinct basis),36,36,1572,1572,vap
RUTHERFORD - 03A,111,37111,State House District 111,,,1.0,111,111,HD-111,state_house,2024,sl_2023_149,SL 2023-149 House Lines (block-weighted December 2025 precinct basis),123,123,2274,2274,vap
RUTHERFORD - 04A,113,37113,State House District 113,,,1.0,113,113,HD-113,state_house,2024,sl_2023_149,SL 2023-149 House Lines (block-weighted December 2025 precinct basis),129,129,2557,2557,vap
RUTHERFORD - 05A,111,37111,State House District 111,,,1.0,111,111,HD-111,state_house,2024,sl_2023_149,SL 2023-149 House Lines (block-weighted December 2025 precinct basis),197,197,3523,3523,vap
RUTHERFORD - 06A,113,37113,State House District 113,,,1.0,113,113,HD-113,state_house,2024,sl_2023_149,SL 2023-149 House Lines (block-weighted December 2025 precinct basis),272,272,2726,2726,vap
RUTHERFORD - 09A,111,37111,State House District 111,,,1.0,111,111,HD-111,state_house,2024,sl_2023_149,SL 2023-149 House Lines (block-weighted December 2025 precinct basis),125,125,3888,3888,vap
RUTHERFORD - 10A,111,37111,State House District 111,,,1.0,111,111,HD-111,state_house,2024,sl_2023_149,SL 2023-149 House Lines (block-weighted December 2025 precinct basis),96,96,1350,1350,vap
RUTHERFORD - 11,111,37111,State House District 111,,,1.0,111,111,HD-111,state_house,2024,sl_2023_149,SL 2023-149 House Lines (block-weighted December 2025 precinct basis),229,229,6351,6351,vap
RUTHERFORD - 13,113,37113,State House District 113,,,1.0,113,113,HD-113,state_house,2024,sl_2023_149,SL 2023-149 House Lines (block-weighted December 2025 precinct basis),199,199,4722,4722,vap
RUTHERFORD - 14,113,37113,State House District 113,,,1.0,113,113,HD-113,state_house,2024,sl_2023_149,SL 2023-149 House Lines (block-weighted December 2025 precinct basis),169,169,3068,3068,vap
RUTHERFORD - 16A,113,37113,State House District 113,,,1.0,113,113,HD-113,state_house,2024,sl_2023_149,SL 2023-149 House Lines (block-weighted December 2025 precinct basis),108,108,2895,2895,vap
RUTHERFORD - 18,113,37113,State House District 113,,,1.0,113,113,HD-113,state_house,2024,sl_2023_149,SL 2023-149 House Lines (block-weighted December 2025 precinct basis),93,93,2187,2187,vap
RUTHERFORD - 19,111,37111,State House District 111,,,1.0,111,111,HD-111,state_house,2024,sl_2023_149,SL 2023-149 House Lines (block-weighted December 2025 precinct basis),61,61,2332,2332,vap
RUTHERFORD - 27,113,37113,State House District 113,,,1.0,113,113,HD-113,state_house,2024,sl_2023_149,SL 2023-149 House Lines (block-weighted December 2025 precinct basis),133,133,3702,3702,vap
RUTHERFORD - 28,113,37113,State House District 113,,,1.0,113,113,HD-113,state_house,2024,sl_2023_149,SL 2023-149 House Lines (block-weighted December 2025 precinct basis),115,115,1828,1828,vap
RUTHERFORD - 29,113,37113,State House District 113,,,1.0,113,113,HD-113,state_house,2024,sl_2023_149,SL 2023-149 House Lines (block-weighted December 2025 precinct basis),104,104,2360,2360,vap
RUTHERFORD - 30,113,37113,State House District 113,,,1.0,113,113,HD-113,state_house,2024,sl_2023_149,SL 2023-149 House Lines (block-weighted December 2025 precinct basis),180,180,4148,4148,vap
RUTHERFORD - 34,113,37113,State House District 113,,,1.0,113,113,HD-113,state_house,2024,sl_2023_149,SL 2023-149 House Lines (block-weighted December 2025 precinct basis),58,58,1508,1508,vap
SAMPSON - AUTR,22,37022,State House District 22,,,1.0,22,022,HD-022,state_house,2024,sl_2023_149,SL 2023-149 House Lines (block-weighted December 2025 precinct basis),82,82,1827,1827,vap
SAMPSON - CLCE,22,37022,State House District 22,,,1.0,22,022,HD-022,state_house,2024,sl_2023_149,SL 2023-149 House Lines (block-weighted December 2025 precinct basis),59,59,1146,1146,vap
SAMPSON - CLEA,22,37022,State House District 22,,,1.0,22,022,HD-022,state_house,2024,sl_2023_149,SL 2023-149 House Lines (block-weighted December 2025 precinct basis),114,114,3268,3268,vap
SAMPSON - CLEM,22,37022,State House District 22,,,1.0,22,022,HD-022,state_house,2024,sl_2023_149,SL 2023-149 House Lines (block-weighted December 2025 precinct basis),47,47,1774,1774,vap
SAMPSON - CLNE,22,37022,State House District 22,,,1.0,22,022,HD-022,state_house,2024,sl_2023_149,SL 2023-149 House Lines (block-weighted December 2025 precinct basis),99,99,2346,2346,vap
SAMPSON - CLSW,22,37022,State House District 22,,,1.0,22,022,HD-022,state_house,2024,sl_2023_149,SL 2023-149 House Lines (block-weighted December 2025 precinct basis),65,65,1978,1978,vap
SAMPSON - CLWE,22,37022,State House District 22,,,1.0,22,022,HD-022,state_house,2024,sl_2023_149,SL 2023-149 House Lines (block-weighted December 2025 precinct basis),100,100,2572,2572,vap
SAMPSON - GARL,22,37022,State House District 22,,,1.0,22,022,HD-022,state_house,2024,sl_2023_149,SL 2023-149 House Lines (block-weighted December 2025 precinct basis),125,125,1406,1406,vap
SAMPSON - GIDD,22,37022,State House District 22,,,1.0,22,022,HD-022,state_house,2024,sl_2023_149,SL 2023-149 House Lines (block-weighted December 2025 precinct basis),94,94,1611,1611,vap
SAMPSON - HARR,22,37022,State House District 22,,,1.0,22,022,HD-022,state_house,2024,sl_2023_149,SL 2023-149 House Lines (block-weighted December 2025 precinct basis),144,144,1757,1757,vap
SAMPSON - HERR,22,37022,State House District 22,,,1.0,22,022,HD-022,state_house,2024,sl_2023_149,SL 2023-149 House Lines (block-weighted December 2025 precinct basis),37,37,857,857,vap
SAMPSON - INGO,22,37022,State House District 22,,,1.0,22,022,HD-022,state_house,2024,sl_2023_149,SL 2023-149 House Lines (block-weighted December 2025 precinct basis),101,101,1620,1620,vap
SAMPSON - KEEN,22,37022,State House District 22,,,1.0,22,022,HD-022,state_house,2024,sl_2023_149,SL 2023-149 House Lines (block-weighted December 2025 precinct basis),48,48,1704,1704,vap
SAMPSON - KFRK,22,37022,State House District 22,,,1.0,22,022,HD-022,state_house,2024,sl_2023_149,SL 2023-149 House Lines (block-weighted December 2025 precinct basis),69,69,2125,2125,vap
SAMPSON - LAKE,22,37022,State House District 22,,,1.0,22,022,HD-022,state_house,2024,sl_2023_149,SL 2023-149 House Lines (block-weighted December 2025 precinct basis),110,110,2918,2918,vap
SAMPSON - MING,22,37022,State House District 22,,,1.0,22,022,HD-022,state_house,2024,sl_2023_149,SL 2023-149 House Lines (block-weighted December 2025 precinct basis),103,103,2899,2899,vap
SAMPSON - NGRV,22,37022,State House District 22,,,1.0,22,022,HD-022,state_house,2024,sl_2023_149,SL 2023-149 House Lines (block-weighted December 2025 precinct basis),121,121,1787,1787,vap
SAMPSON - PLVW,22,37022,State House District 22,,,1.0,22,022,HD-022,state_house,2024,sl_2023_149,SL 2023-149 House Lines (block-weighted December 2025 precinct basis),59,59,2991,2991,vap
SAMPSON - ROSE,22,37022,State House District 22,,,1.0,22,022,HD-022,state_house,2024,sl_2023_149,SL 2023-149 House Lines (block-weighted December 2025 precinct basis),99,99,1752,1752,vap
SAMPSON - ROWA,22,37022,State House District 22,,,1.0,22,022,HD-022,state_house,2024,sl_2023_149,SL 2023-149 House Lines (block-weighted December 2025 precinct basis),64,64,2201,2201,vap
SAMPSON - SBRG,22,37022,State House District 22,,,1.0,22,022,HD-022,state_house,2024,sl_2023_149,SL 2023-149 House Lines (block-weighted December 2025 precinct basis),73,73,1063,1063,vap
SAMPSON - TURK,22,37022,State House District 22,,,1.0,22,022,HD-022,state_house,2024,sl_2023_149,SL 2023-149 House Lines (block-weighted December 2025 precinct basis),87,87,1328,1328,vap
SAMPSON - WBRK,22,37022,State House District 22,,,1.0,22,022,HD-022,state_house,2024,sl_2023_149,SL 2023-149 House Lines (block-weighted December 2025 precinct basis),75,75,2006,2006,vap
SCOTLAND - 01-16,48,37048,State House District 48,,,1.0,48,048,HD-048,state_house,2024,sl_2023_149,SL 2023-149 House Lines (block-weighted December 2025 precinct basis),306,306,6198,6198,vap
SCOTLAND - 02-25,48,37048,State House District 48,,,1.0,48,048,HD-048,state_house,2024,sl_2023_149,SL 2023-149 House Lines (block-weighted December 2025 precinct basis),190,190,3827,3827,vap
SCOTLAND - 03,48,37048,State House District 48,,,1.0,48,048,HD-048,state_house,2024,sl_2023_149,SL 2023-149 House Lines (block-weighted December 2025 precinct basis),154,154,3292,3292,vap
SCOTLAND - 04,48,37048,State House District 48,,,1.0,48,048,HD-048,state_house,2024,sl_2023_149,SL 2023-149 House Lines (block-weighted December 2025 precinct basis),144,144,4204,4204,vap
SCOTLAND - 05-10,48,37048,State House District 48,,,1.0,48,048,HD-048,state_house,2024,sl_2023_149,SL 2023-149 House Lines (block-weighted December 2025 precinct basis),143,143,2287,2287,vap
SCOTLAND - 06-89,48,37048,State House District 48,,,1.0,48,048,HD-048,state_house,2024,sl_2023_149,SL 2023-149 House Lines (block-weighted December 2025 precinct basis),337,337,3852,3852,vap
SCOTLAND - 07,48,37048,State House District 48,,,1.0,48,048,HD-048,state_house,2024,sl_2023_149,SL 2023-149 House Lines (block-weighted December 2025 precinct basis),194,194,3185,3185,vap
STANLY - 0003,67,37067,State House District 67,,,1.0,67,067,HD-067,state_house,2024,sl_2023_149,SL 2023-149 House Lines (block-weighted December 2025 precinct basis),87,87,2430,2430,vap
STANLY - 0011,67,37067,State House District 67,,,1.0,67,067,HD-067,state_house,2024,sl_2023_149,SL 2023-149 House Lines (block-weighted December 2025 precinct basis),61,61,1578,1578,vap
STANLY - 0014,67,37067,State House District 67,,,1.0,67,067,HD-067,state_house,2024,sl_2023_149,SL 2023-149 House Lines (block-weighted December 2025 precinct basis),58,58,1275,1275,vap
STANLY - 0015,67,37067,State House District 67,,,1.0,67,067,HD-067,state_house,2024,sl_2023_149,SL 2023-149 House Lines (block-weighted December 2025 precinct basis),87,87,2297,2297,vap
STANLY - 0016,67,37067,State House District 67,,,1.0,67,067,HD-067,state_house,2024,sl_2023_149,SL 2023-149 House Lines (block-weighted December 2025 precinct basis),76,76,1400,1400,vap
STANLY - 0017,67,37067,State House District 67,,,1.0,67,067,HD-067,state_house,2024,sl_2023_149,SL 2023-149 House Lines (block-weighted December 2025 precinct basis),99,99,2040,2040,vap
STANLY - 0018,67,37067,State House District 67,,,1.0,67,067,HD-067,state_house,2024,sl_2023_149,SL 2023-149 House Lines (block-weighted December 2025 precinct basis),112,112,1692,1692,vap
STANLY - 0019,67,37067,State House District 67,,,1.0,67,067,HD-067,state_house,2024,sl_2023_149,SL 2023-149 House Lines (block-weighted December 2025 precinct basis),56,56,1717,1717,vap
STANLY - 0021,67,37067,State House District 67,,,1.0,67,067,HD-067,state_house,2024,sl_2023_149,SL 2023-149 House Lines (block-weighted December 2025 precinct basis),61,61,1350,1350,vap
STANLY - 0022,67,37067,State House District 67,,,1.0,67,067,HD-067,state_house,2024,sl_2023_149,SL 2023-149 House Lines (block-weighted December 2025 precinct basis),128,128,2202,2202,vap
STANLY - 0023,67,37067,State House District 67,,,1.0,67,067,HD-067,state_house,2024,sl_2023_149,SL 2023-149 House Lines (block-weighted December 2025 precinct basis),170,170,3124,3124,vap
STANLY - 0024,67,37067,State House District 67,,,1.0,67,067,HD-067,state_house,2024,sl_2023_149,SL 2023-149 House Lines (block-weighted December 2025 precinct basis),109,109,3898,3898,vap
STANLY - 0025,67,37067,State House District 67,,,1.0,67,067,HD-067,state_house,2024,sl_2023_149,SL 2023-149 House Lines (block-weighted December 2025 precinct basis),146,146,3692,3692,vap
STANLY - 0107,67,37067,State House District 67,,,1.0,67,067,HD-067,state_house,2024,sl_2023_149,SL 2023-149 House Lines (block-weighted December 2025 precinct basis),84,84,2760,2760,vap
STANLY - 0108,67,37067,State House District 67,,,1.0,67,067,HD-067,state_house,2024,sl_2023_149,SL 2023-149 House Lines (block-weighted December 2025 precinct basis),71,71,2015,2015,vap
STANLY - 0110,67,37067,State House District 67,,,1.0,67,067,HD-067,state_house,2024,sl_2023_149,SL 2023-149 House Lines (block-weighted December 2025 precinct basis),140,140,2038,2038,vap
STANLY - 0113,67,37067,State House District 67,,,1.0,67,067,HD-067,state_house,2024,sl_2023_149,SL 2023-149 House Lines (block-weighted December 2025 precinct basis),71,71,1564,1564,vap
STANLY - 0120,67,37067,State House District 67,,,1.0,67,067,HD-067,state_house,2024,sl_2023_149,SL 2023-149 House Lines (block-weighted December 2025 precinct basis),77,77,2871,2871,vap
STANLY - 0126,67,37067,State House District 67,,,1.0,67,067,HD-067,state_house,2024,sl_2023_149,SL 2023-149 House Lines (block-weighted December 2025 precinct basis),105,105,2458,2458,vap
STANLY - 0127,67,37067,State House District 67,,,1.0,67,067,HD-067,state_house,2024,sl_2023_149,SL 2023-149 House Lines (block-weighted December 2025 precinct basis),161,161,3765,3765,vap
STANLY - 0212,67,37067,State House District 67,,,1.0,67,067,HD-067,state_house,2024,sl_2023_149,SL 2023-149 House Lines (block-weighted December 2025 precinct basis),165,165,3098,3098,vap
STOKES - 01,91,37091,State House District 91,,,1.0,91,091,HD-091,state_house,2024,sl_2023_149,SL 2023-149 House Lines (block-weighted December 2025 precinct basis),64,64,989,989,vap
STOKES - 02,91,37091,State House District 91,,,1.0,91,091,HD-091,state_house,2024,sl_2023_149,SL 2023-149 House Lines (block-weighted December 2025 precinct basis),77,77,2034,2034,vap
STOKES - 03,91,37091,State House District 91,,,1.0,91,091,HD-091,state_house,2024,sl_2023_149,SL 2023-149 House Lines (block-weighted December 2025 precinct basis),61,61,1488,1488,vap
STOKES - 04,91,37091,State House District 91,,,1.0,91,091,HD-091,state_house,2024,sl_2023_149,SL 2023-149 House Lines (block-weighted December 2025 precinct basis),58,58,2359,2359,vap
STOKES - 0506,91,37091,State House District 91,,,1.0,91,091,HD-091,state_house,2024,sl_2023_149,SL 2023-149 House Lines (block-weighted December 2025 precinct basis),107,107,1523,1523,vap
STOKES - 07,91,37091,State House District 91,,,1.0,91,091,HD-091,state_house,2024,sl_2023_149,SL 2023-149 House Lines (block-weighted December 2025 precinct basis),36,36,733,733,vap
STOKES - 08,91,37091,State House District 91,,,1.0,91,091,HD-091,state_house,2024,sl_2023_149,SL 2023-149 House Lines (block-weighted December 2025 precinct basis),46,46,1515,1515,vap
STOKES - 09,91,37091,State House District 91,,,1.0,91,091,HD-091,state_house,2024,sl_2023_149,SL 2023-149 House Lines (block-weighted December 2025 precinct basis),83,83,2353,2353,vap
STOKES - 10,91,37091,State House District 91,,,1.0,91,091,HD-091,state_house,2024,sl_2023_149,SL 2023-149 House Lines (block-weighted December 2025 precinct basis),94,94,3609,3609,vap
STOKES - 11,91,37091,State House District 91,,,1.0,91,091,HD-091,state_house,2024,sl_2023_149,SL 2023-149 House Lines (block-weighted December 2025 precinct basis),105,105,4332,4332,vap
STOKES - 12,91,37091,State House District 91,,,1.0,91,091,HD-091,state_house,2024,sl_2023_149,SL 2023-149 House Lines (block-weighted December 2025 precinct basis),37,37,2031,2031,vap
STOKES - 13,91,37091,State House District 91,,,1.0,91,091,HD-091,state_house,2024,sl_2023_149,SL 2023-149 House Lines (block-weighted December 2025 precinct basis),23,23,1990,1990,vap
STOKES - 140,91,37091,State House District 91,,,1.0,91,091,HD-091,state_house,2024,sl_2023_149,SL 2023-149 House Lines (block-weighted December 2025 precinct basis),52,52,2556,2556,vap
STOKES - 150,91,37091,State House District 91,,,1.0,91,091,HD-091,state_house,2024,sl_2023_149,SL 2023-149 House Lines (block-weighted December 2025 precinct basis),47,47,1442,1442,vap
STOKES - 1618,91,37091,State House District 91,,,1.0,91,091,HD-091,state_house,2024,sl_2023_149,SL 2023-149 House Lines (block-weighted December 2025 precinct basis),101,101,2207,2207,vap
STOKES - 17,91,37091,State House District 91,,,1.0,91,091,HD-091,state_house,2024,sl_2023_149,SL 2023-149 House Lines (block-weighted December 2025 precinct basis),72,72,2046,2046,vap
STOKES - 1819,91,37091,State House District 91,,,1.0,91,091,HD-091,state_house,2024,sl_2023_149,SL 2023-149 House Lines (block-weighted December 2025 precinct basis),72,72,1213,1213,vap
STOKES - 20,91,37091,State House District 91,,,1.0,91,091,HD-091,state_house,2024,sl_2023_149,SL 2023-149 House Lines (block-weighted December 2025 precinct basis),47,47,1629,1629,vap
SURRY - 01,90,37090,State House District 90,,,1.0,90,090,HD-090,state_house,2024,sl_2023_149,SL 2023-149 House Lines (block-weighted December 2025 precinct basis),140,140,2201,2201,vap
SURRY - 04,90,37090,State House District 90,,,1.0,90,090,HD-090,state_house,2024,sl_2023_149,SL 2023-149 House Lines (block-weighted December 2025 precinct basis),83,83,2256,2256,vap
SURRY - 05,90,37090,State House District 90,,,1.0,90,090,HD-090,state_house,2024,sl_2023_149,SL 2023-149 House Lines (block-weighted December 2025 precinct basis),85,85,2884,2884,vap
SURRY - 09,90,37090,State House District 90,,,1.0,90,090,HD-090,state_house,2024,sl_2023_149,SL 2023-149 House Lines (block-weighted December 2025 precinct basis),113,113,1659,1659,vap
SURRY - 10,90,37090,State House District 90,,,1.0,90,090,HD-090,state_house,2024,sl_2023_149,SL 2023-149 House Lines (block-weighted December 2025 precinct basis),74,74,1373,1373,vap
SURRY - 11,90,37090,State House District 90,,,1.0,90,090,HD-090,state_house,2024,sl_2023_149,SL 2023-149 House Lines (block-weighted December 2025 precinct basis),75,75,1885,1885,vap
SURRY - 12,90,37090,State House District 90,,,1.0,90,090,HD-090,state_house,2024,sl_2023_149,SL 2023-149 House Lines (block-weighted December 2025 precinct basis),150,150,3059,3059,vap
SURRY - 15,90,37090,State House District 90,,,1.0,90,090,HD-090,state_house,2024,sl_2023_149,SL 2023-149 House Lines (block-weighted December 2025 precinct basis),71,71,2343,2343,vap
SURRY - 16,90,37090,State House District 90,,,1.0,90,090,HD-090,state_house,2024,sl_2023_149,SL 2023-149 House Lines (block-weighted December 2025 precinct basis),56,56,1665,1665,vap
SURRY - 17,90,37090,State House District 90,,,1.0,90,090,HD-090,state_house,2024,sl_2023_149,SL 2023-149 House Lines (block-weighted December 2025 precinct basis),119,119,1616,1616,vap
SURRY - 18,90,37090,State House District 90,,,1.0,90,090,HD-090,state_house,2024,sl_2023_149,SL 2023-149 House Lines (block-weighted December 2025 precinct basis),99,99,2619,2619,vap
SURRY - 19,90,37090,State House District 90,,,1.0,90,090,HD-090,state_house,2024,sl_2023_149,SL 2023-149 House Lines (block-weighted December 2025 precinct basis),74,74,3450,3450,vap
SURRY - 22,90,37090,State House District 90,,,1.0,90,090,HD-090,state_house,2024,sl_2023_149,SL 2023-149 House Lines (block-weighted December 2025 precinct basis),76,76,1424,1424,vap
SURRY - 23,90,37090,State House District 90,,,1.0,90,090,HD-090,state_house,2024,sl_2023_149,SL 2023-149 House Lines (block-weighted December 2025 precinct basis),59,59,1554,1554,vap
SURRY - 24,90,37090,State House District 90,,,1.0,90,090,HD-090,state_house,2024,sl_2023_149,SL 2023-149 House Lines (block-weighted December 2025 precinct basis),43,43,865,865,vap
SURRY - 25,90,37090,State House District 90,,,1.0,90,090,HD-090,state_house,2024,sl_2023_149,SL 2023-149 House Lines (block-weighted December 2025 precinct basis),82,82,1897,1897,vap
SURRY - 26,90,37090,State House District 90,,,1.0,90,090,HD-090,state_house,2024,sl_2023_149,SL 2023-149 House Lines (block-weighted December 2025 precinct basis),72,72,3213,3213,vap
SURRY - 27,90,37090,State House District 90,,,1.0,90,090,HD-090,state_house,2024,sl_2023_149,SL 2023-149 House Lines (block-weighted December 2025 precinct basis),68,68,1887,1887,vap
SURRY - 28,90,37090,State House District 90,,,1.0,90,090,HD-090,state_house,2024,sl_2023_149,SL 2023-149 House Lines (block-weighted December 2025 precinct basis),52,52,1578,1578,vap
SURRY - 29,90,37090,State House District 90,,,1.0,90,090,HD-090,state_house,2024,sl_2023_149,SL 2023-149 House Lines (block-weighted December 2025 precinct basis),149,149,4111,4111,vap
SURRY - 30,90,37090,State House District 90,,,1.0,90,090,HD-090,state_house,2024,sl_2023_149,SL 2023-149 House Lines (block-weighted December 2025 precinct basis),241,241,5015,5015,vap
SURRY - 32,90,37090,State House District 90,,,1.0,90,090,HD-090,state_house,2024,sl_2023_149,SL 2023-149 House Lines (block-weighted December 2025 precinct basis),160,160,3209,3209,vap
SURRY - 34,90,37090,State House District 90,,,1.0,90,090,HD-090,state_house,2024,sl_2023_149,SL 2023-149 House Lines (block-weighted December 2025 precinct basis),159,159,4675,4675,vap
SWAIN - ALARKA,119,37119,State House District 119,,,1.0,119,119,HD-119,state_house,2024,sl_2023_149,SL 2023-149 House Lines (block-weighted December 2025 precinct basis),35,35,837,837,vap
SWAIN - ALMOND,119,37119,State House District 119,,,1.0,119,119,HD-119,state_house,2024,sl_2023_149,SL 2023-149 House Lines (block-weighted December 2025 precinct basis),160,160,1212,1212,vap
SWAIN - BC1,119,37119,State House District 119,,,1.0,119,119,HD-119,state_house,2024,sl_2023_149,SL 2023-149 House Lines (block-weighted December 2025 precinct basis),200,200,2393,2393,vap
SWAIN - BC2,119,37119,State House District 119,,,1.0,119,119,HD-119,state_house,2024,sl_2023_149,SL 2023-149 House Lines (block-weighted December 2025 precinct basis),135,135,2366,2366,vap
SWAIN - WHCH,119,37119,State House District 119,,,1.0,119,119,HD-119,state_house,2024,sl_2023_149,SL 2023-149 House Lines (block-weighted December 2025 precinct basis),238,238,4163,4163,vap
TRANSYLVANIA - B1,119,37119,State House District 119,,,1.0,119,119,HD-119,state_house,2024,sl_2023_149,SL 2023-149 House Lines (block-weighted December 2025 precinct basis),73,73,1920,1920,vap
TRANSYLVANIA - B2,119,37119,State House District 119,,,1.0,119,119,HD-119,state_house,2024,sl_2023_149,SL 2023-149 House Lines (block-weighted December 2025 precinct basis),72,72,1799,1799,vap
TRANSYLVANIA - B3,119,37119,State House District 119,,,1.0,119,119,HD-119,state_house,2024,sl_2023_149,SL 2023-149 House Lines (block-weighted December 2025 precinct basis),86,86,2056,2056,vap
TRANSYLVANIA - B4,119,37119,State House District 119,,,1.0,119,119,HD-119,state_house,2024,sl_2023_149,SL 2023-149 House Lines (block-weighted December 2025 precinct basis),59,59,2142,2142,vap
TRANSYLVANIA - BD,119,37119,State House District 119,,,1.0,119,119,HD-119,state_house,2024,sl_2023_149,SL 2023-149 House Lines (block-weighted December 2025 precinct basis),125,125,2957,2957,vap
TRANSYLVANIA - CC.1,119,37119,State House District 119,,,1.0,119,119,HD-119,state_house,2024,sl_2023_149,SL 2023-149 House Lines (block-weighted December 2025 precinct basis),99,99,2393,2393,vap
TRANSYLVANIA - CM,119,37119,State House District 119,,,1.0,119,119,HD-119,state_house,2024,sl_2023_149,SL 2023-149 House Lines (block-weighted December 2025 precinct basis),74,74,845,845,vap
TRANSYLVANIA - DR,119,37119,State House District 119,,,1.0,119,119,HD-119,state_house,2024,sl_2023_149,SL 2023-149 House Lines (block-weighted December 2025 precinct basis),81,81,2482,2482,vap
TRANSYLVANIA - EF,119,37119,State House District 119,,,1.0,119,119,HD-119,state_house,2024,sl_2023_149,SL 2023-149 House Lines (block-weighted December 2025 precinct basis),60,60,1012,1012,vap
TRANSYLVANIA - LR,119,37119,State House District 119,,,1.0,119,119,HD-119,state_house,2024,sl_2023_149,SL 2023-149 House Lines (block-weighted December 2025 precinct basis),75,75,1745,1745,vap
TRANSYLVANIA - PF,119,37119,State House District 119,,,1.0,119,119,HD-119,state_house,2024,sl_2023_149,SL 2023-149 House Lines (block-weighted December 2025 precinct basis),143,143,1507,1507,vap
TRANSYLVANIA - RE.1,119,37119,State House District 119,,,1.0,119,119,HD-119,state_house,2024,sl_2023_149,SL 2023-149 House Lines (block-weighted December 2025 precinct basis),118,118,2059,2059,vap
TRANSYLVANIA - TC1,119,37119,State House District 119,,,1.0,119,119,HD-119,state_house,2024,sl_2023_149,SL 2023-149 House Lines (block-weighted December 2025 precinct basis),62,62,931,931,vap
TRANSYLVANIA - TC7,119,37119,State House District 119,,,1.0,119,119,HD-119,state_house,2024,sl_2023_149,SL 2023-149 House Lines (block-weighted December 2025 precinct basis),133,133,1818,1818,vap
TRANSYLVANIA - WC,119,37119,State House District 119,,,1.0,119,119,HD-119,state_house,2024,sl_2023_149,SL 2023-149 House Lines (block-weighted December 2025 precinct basis),50,50,1627,1627,vap
TYRRELL - 1,1,37001,State House District 1,,,1.0,1,001,HD-001,state_house,2024,sl_2023_149,SL 2023-149 House Lines (block-weighted December 2025 precinct basis),35,35,208,208,vap
TYRRELL - 14,1,37001,State House District 1,,,1.0,1,001,HD-001,state_house,2024,sl_2023_149,SL 2023-149 House Lines (block-weighted December 2025 precinct basis),32,32,89,89,vap
TYRRELL - 15,1,37001,State House District 1,,,1.0,1,001,HD-001,state_house,2024,sl_2023_149,SL 2023-149 House Lines (block-weighted December 2025 precinct basis),28,28,477,477,vap
TYRRELL - 16,1,37001,State House District 1,,,1.0,1,001,HD-001,state_house,2024,sl_2023_149,SL 2023-149 House Lines (block-weighted December 2025 precinct basis),39,39,32,32,vap
TYRRELL - 2,1,37001,State House District 1,,,1.0,1,001,HD-001,state_house,2024,sl_2023_149,SL 2023-149 House Lines (block-weighted December 2025 precinct basis),133,133,1548,1548,vap
TYRRELL - 3,1,37001,State House District 1,,,1.0,1,001,HD-001,state_house,2024,sl_2023_149,SL 2023-149 House Lines (block-weighted December 2025 precinct basis),59,59,220,220,vap
UNION - 0005,69,37069,State House District 69,,,1.0,69,069,HD-069,state_house,2024,sl_2023_149,SL 2023-149 House Lines (block-weighted December 2025 precinct basis),109,109,4643,4643,vap
UNION - 001,55,37055,State House District 55,,,1.0,55,055,HD-055,state_house,2024,sl_2023_149,SL 2023-149 House Lines (block-weighted December 2025 precinct basis),99,99,2382,2382,vap
UNION - 0019,68,37068,State House District 68,,,1.0,68,068,HD-068,state_house,2024,sl_2023_149,SL 2023-149 House Lines (block-weighted December 2025 precinct basis),93,93,4159,4159,vap
UNION - 002,55,37055,State House District 55,,,1.0,55,055,HD-055,state_house,2024,sl_2023_149,SL 2023-149 House Lines (block-weighted December 2025 precinct basis),98,98,2343,2343,vap
UNION - 0020A,68,37068,State House District 68,,,1.0,68,068,HD-068,state_house,2024,sl_2023_149,SL 2023-149 House Lines (block-weighted December 2025 precinct basis),96,96,3633,3633,vap
UNION - 0020B,68,37068,State House District 68,,,1.0,68,068,HD-068,state_house,2024,sl_2023_149,SL 2023-149 House Lines (block-weighted December 2025 precinct basis),93,93,3784,3784,vap
UNION - 003,55,37055,State House District 55,,,1.0,55,055,HD-055,state_house,2024,sl_2023_149,SL 2023-149 House Lines (block-weighted December 2025 precinct basis),40,40,1989,1989,vap
UNION - 0030,69,37069,State House District 69,,,1.0,69,069,HD-069,state_house,2024,sl_2023_149,SL 2023-149 House Lines (block-weighted December 2025 precinct basis),43,43,4608,4608,vap
UNION - 004,55,37055,State House District 55,,,1.0,55,055,HD-055,state_house,2024,sl_2023_149,SL 2023-149 House Lines (block-weighted December 2025 precinct basis),83,83,2614,2614,vap
UNION - 0044,68,37068,State House District 68,,,1.0,68,068,HD-068,state_house,2024,sl_2023_149,SL 2023-149 House Lines (block-weighted December 2025 precinct basis),82,82,2380,2380,vap
UNION - 0045,68,37068,State House District 68,,,1.0,68,068,HD-068,state_house,2024,sl_2023_149,SL 2023-149 House Lines (block-weighted December 2025 precinct basis),59,59,2766,2766,vap
UNION - 006,69,37069,State House District 69,,,1.0,69,069,HD-069,state_house,2024,sl_2023_149,SL 2023-149 House Lines (block-weighted December 2025 precinct basis),104,104,2089,2089,vap
UNION - 007,55,37055,State House District 55,,,1.0,55,055,HD-055,state_house,2024,sl_2023_149,SL 2023-149 House Lines (block-weighted December 2025 precinct basis),80,80,3911,3911,vap
UNION - 008,55,37055,State House District 55,,,1.0,55,055,HD-055,state_house,2024,sl_2023_149,SL 2023-149 House Lines (block-weighted December 2025 precinct basis),111,111,4398,4398,vap
UNION - 009,55,37055,State House District 55,,,1.0,55,055,HD-055,state_house,2024,sl_2023_149,SL 2023-149 House Lines (block-weighted December 2025 precinct basis),90,90,1725,1725,vap
UNION - 010,55,37055,State House District 55,,,1.0,55,055,HD-055,state_house,2024,sl_2023_149,SL 2023-149 House Lines (block-weighted December 2025 precinct basis),131,131,1641,1641,vap
UNION - 011,55,37055,State House District 55,,,1.0,55,055,HD-055,state_house,2024,sl_2023_149,SL 2023-149 House Lines (block-weighted December 2025 precinct basis),93,93,2662,2662,vap
UNION - 012,69,37069,State House District 69,,,1.0,69,069,HD-069,state_house,2024,sl_2023_149,SL 2023-149 House Lines (block-weighted December 2025 precinct basis),81,81,2555,2555,vap
UNION - 013,69,37069,State House District 69,,,1.0,69,069,HD-069,state_house,2024,sl_2023_149,SL 2023-149 House Lines (block-weighted December 2025 precinct basis),52,52,2827,2827,vap
UNION - 014,69,37069,State House District 69,,,1.0,69,069,HD-069,state_house,2024,sl_2023_149,SL 2023-149 House Lines (block-weighted December 2025 precinct basis),83,83,1694,1694,vap
UNION - 015,69,37069,State House District 69,,,1.0,69,069,HD-069,state_house,2024,sl_2023_149,SL 2023-149 House Lines (block-weighted December 2025 precinct basis),108,108,5201,5201,vap
UNION - 016,69,37069,State House District 69,,,1.0,69,069,HD-069,state_house,2024,sl_2023_149,SL 2023-149 House Lines (block-weighted December 2025 precinct basis),178,178,5863,5863,vap
UNION - 017A,68,37068,State House District 68,,,1.0,68,068,HD-068,state_house,2024,sl_2023_149,SL 2023-149 House Lines (block-weighted December 2025 precinct basis),40,40,3287,3287,vap
UNION - 017B,68,37068,State House District 68,,,1.0,68,068,HD-068,state_house,2024,sl_2023_149,SL 2023-149 House Lines (block-weighted December 2025 precinct basis),189,189,4586,4586,vap
UNION - 018,68,37068,State House District 68,,,1.0,68,068,HD-068,state_house,2024,sl_2023_149,SL 2023-149 House Lines (block-weighted December 2025 precinct basis),52,52,2989,2989,vap
UNION - 021,55,37055,State House District 55,,,1.0,55,055,HD-055,state_house,2024,sl_2023_149,SL 2023-149 House Lines (block-weighted December 2025 precinct basis),91,91,2690,2690,vap
UNION - 022,68,37068,State House District 68,,,1.0,68,068,HD-068,state_house,2024,sl_2023_149,SL 2023-149 House Lines (block-weighted December 2025 precinct basis),36,36,2631,2631,vap
UNION - 023,55,37055,State House District 55,,,1.0,55,055,HD-055,state_house,2024,sl_2023_149,SL 2023-149 House Lines (block-weighted December 2025 precinct basis),47,47,2412,2412,vap
UNION - 024,55,37055,State House District 55,,,1.0,55,055,HD-055,state_house,2024,sl_2023_149,SL 2023-149 House Lines (block-weighted December 2025 precinct basis),52,52,2730,2730,vap
UNION - 025,55,37055,State House District 55,,,1.0,55,055,HD-055,state_house,2024,sl_2023_149,SL 2023-149 House Lines (block-weighted December 2025 precinct basis),81,81,2297,2297,vap
UNION - 026,55,37055,State House District 55,,,1.0,55,055,HD-055,state_house,2024,sl_2023_149,SL 2023-149 House Lines (block-weighted December 2025 precinct basis),75,75,2356,2356,vap
UNION - 027,55,37055,State House District 55,,,1.0,55,055,HD-055,state_house,2024,sl_2023_149,SL 2023-149 House Lines (block-weighted December 2025 precinct basis),100,100,2128,2128,vap
UNION - 028A,68,37068,State House District 68,,,1.0,68,068,HD-068,state_house,2024,sl_2023_149,SL 2023-149 House Lines (block-weighted December 2025 precinct basis),109,109,5210,5210,vap
UNION - 028B,68,37068,State House District 68,,,1.0,68,068,HD-068,state_house,2024,sl_2023_149,SL 2023-149 House Lines (block-weighted December 2025 precinct basis),36,36,3943,3943,vap
UNION - 028C,68,37068,State House District 68,,,1.0,68,068,HD-068,state_house,2024,sl_2023_149,SL 2023-149 House Lines (block-weighted December 2025 precinct basis),35,35,3224,3224,vap
UNION - 028D,68,37068,State House District 68,,,1.0,68,068,HD-068,state_house,2024,sl_2023_149,SL 2023-149 House Lines (block-weighted December 2025 precinct basis),116,116,4967,4967,vap
UNION - 029A,69,37069,State House District 69,,,1.0,69,069,HD-069,state_house,2024,sl_2023_149,SL 2023-149 House Lines (block-weighted December 2025 precinct basis),55,55,5115,5115,vap
UNION - 029B,69,37069,State House District 69,,,1.0,69,069,HD-069,state_house,2024,sl_2023_149,SL 2023-149 House Lines (block-weighted December 2025 precinct basis),18,18,1769,1769,vap
UNION - 029C,69,37069,State House District 69,,,1.0,69,069,HD-069,state_house,2024,sl_2023_149,SL 2023-149 House Lines (block-weighted December 2025 precinct basis),52,52,2841,2841,vap
UNION - 031,68,37068,State House District 68,,,1.0,68,068,HD-068,state_house,2024,sl_2023_149,SL 2023-149 House Lines (block-weighted December 2025 precinct basis),69,69,4376,4376,vap
UNION - 032,69,37069,State House District 69,,,1.0,69,069,HD-069,state_house,2024,sl_2023_149,SL 2023-149 House Lines (block-weighted December 2025 precinct basis),53,53,3408,3408,vap
UNION - 033,68,37068,State House District 68,,,1.0,68,068,HD-068,state_house,2024,sl_2023_149,SL 2023-149 House Lines (block-weighted December 2025 precinct basis),80,80,2647,2647,vap
UNION - 034,55,37055,State House District 55,,,1.0,55,055,HD-055,state_house,2024,sl_2023_149,SL 2023-149 House Lines (block-weighted December 2025 precinct basis),155,155,3883,3883,vap
UNION - 035,69,37069,State House District 69,,,1.0,69,069,HD-069,state_house,2024,sl_2023_149,SL 2023-149 House Lines (block-weighted December 2025 precinct basis),32,32,1825,1825,vap
UNION - 036,55,37055,State House District 55,,,1.0,55,055,HD-055,state_house,2024,sl_2023_149,SL 2023-149 House Lines (block-weighted December 2025 precinct basis),120,120,2410,2410,vap
UNION - 037A,69,37069,State House District 69,,,1.0,69,069,HD-069,state_house,2024,sl_2023_149,SL 2023-149 House Lines (block-weighted December 2025 precinct basis),130,130,6138,6138,vap
UNION - 037B,69,37069,State House District 69,,,1.0,69,069,HD-069,state_house,2024,sl_2023_149,SL 2023-149 House Lines (block-weighted December 2025 precinct basis),17,17,1500,1500,vap
UNION - 038A,69,37069,State House District 69,,,1.0,69,069,HD-069,state_house,2024,sl_2023_149,SL 2023-149 House Lines (block-weighted December 2025 precinct basis),78,78,5024,5024,vap
UNION - 038B,69,37069,State House District 69,,,1.0,69,069,HD-069,state_house,2024,sl_2023_149,SL 2023-149 House Lines (block-weighted December 2025 precinct basis),49,49,2576,2576,vap
UNION - 039,69,37069,State House District 69,,,1.0,69,069,HD-069,state_house,2024,sl_2023_149,SL 2023-149 House Lines (block-weighted December 2025 precinct basis),124,124,2700,2700,vap
UNION - 040,69,37069,State House District 69,,,1.0,69,069,HD-069,state_house,2024,sl_2023_149,SL 2023-149 House Lines (block-weighted December 2025 precinct basis),90,90,3807,3807,vap
UNION - 041,68,37068,State House District 68,,,1.0,68,068,HD-068,state_house,2024,sl_2023_149,SL 2023-149 House Lines (block-weighted December 2025 precinct basis),63,63,4484,4484,vap
UNION - 042,68,37068,State House District 68,,,1.0,68,068,HD-068,state_house,2024,sl_2023_149,SL 2023-149 House Lines (block-weighted December 2025 precinct basis),72,72,2483,2483,vap
UNION - 043,55,37055,State House District 55,,,1.0,55,055,HD-055,state_house,2024,sl_2023_149,SL 2023-149 House Lines (block-weighted December 2025 precinct basis),105,105,1561,1561,vap
VANCE - CC,7,37007,State House District 7,,,1.0,7,007,HD-007,state_house,2024,sl_2023_149,SL 2023-149 House Lines (block-weighted December 2025 precinct basis),69,69,2797,2797,vap
VANCE - CH,32,37032,State House District 32,,,1.0,32,032,HD-032,state_house,2024,sl_2023_149,SL 2023-149 House Lines (block-weighted December 2025 precinct basis),229,229,4538,4538,vap
VANCE - KITT,7,37007,State House District 7,,,1.0,7,007,HD-007,state_house,2024,sl_2023_149,SL 2023-149 House Lines (block-weighted December 2025 precinct basis),135,135,3963,3963,vap
VANCE - MIDD,32,37032,State House District 32,,,1.0,32,032,HD-032,state_house,2024,sl_2023_149,SL 2023-149 House Lines (block-weighted December 2025 precinct basis),106,106,2831,2831,vap
VANCE - NH,32,37032,State House District 32,,,1.0,32,032,HD-032,state_house,2024,sl_2023_149,SL 2023-149 House Lines (block-weighted December 2025 precinct basis),86,86,3663,3663,vap
VANCE - NV,32,37032,State House District 32,,,1.0,32,032,HD-032,state_house,2024,sl_2023_149,SL 2023-149 House Lines (block-weighted December 2025 precinct basis),83,83,1626,1626,vap
VANCE - SCRK,7,37007,State House District 7,,,1.0,7,007,HD-007,state_house,2024,sl_2023_149,SL 2023-149 House Lines (block-weighted December 2025 precinct basis),76,76,4760,4760,vap
VANCE - SH,32,37032,State House District 32,,,1.0,32,032,HD-032,state_house,2024,sl_2023_149,SL 2023-149 House Lines (block-weighted December 2025 precinct basis),208,208,4407,4407,vap
VANCE - WH,32,37032,State House District 32,,,1.0,32,032,HD-032,state_house,2024,sl_2023_149,SL 2023-149 House Lines (block-weighted December 2025 precinct basis),133,133,4286,4286,vap
WAKE - 01-01,49,37049,State House District 49,,,1.0,49,049,HD-049,state_house,2024,sl_2023_149,SL 2023-149 House Lines (block-weighted December 2025 precinct basis),54,54,2653,2653,vap
WAKE - 01-02,49,37049,State House District 49,,,1.0,49,049,HD-049,state_house,2024,sl_2023_149,SL 2023-149 House Lines (block-weighted December 2025 precinct basis),43,43,2843,2843,vap
WAKE - 01-03,49,37049,State House District 49,,,1.0,49,049,HD-049,state_house,2024,sl_2023_149,SL 2023-149 House Lines (block-weighted December 2025 precinct basis),47,47,2035,2035,vap
WAKE - 01-04,49,37049,State House District 49,,,1.0,49,049,HD-049,state_house,2024,sl_2023_149,SL 2023-149 House Lines (block-weighted December 2025 precinct basis),26,29,1261,1261,vap
WAKE - 01-05,34,37034,State House District 34,,,1.0,34,034,HD-034,state_house,2024,sl_2023_149,SL 2023-149 House Lines (block-weighted December 2025 precinct basis),33,33,1174,1174,vap
WAKE - 01-06,34,37034,State House District 34,,,1.0,34,034,HD-034,state_house,2024,sl_2023_149,SL 2023-149 House Lines (block-weighted December 2025 precinct basis),59,59,3562,3562,vap
WAKE - 01-07,49,37049,State House District 49,,,1.0,49,049,HD-049,state_house,2024,sl_2023_149,SL 2023-149 House Lines (block-weighted December 2025 precinct basis),68,68,3390,3390,vap
WAKE - 01-09,34,37034,State House District 34,,,1.0,34,034,HD-034,state_house,2024,sl_2023_149,SL 2023-149 House Lines (block-weighted December 2025 precinct basis),31,31,1278,1278,vap
WAKE - 01-10,34,37034,State House District 34,,,1.0,34,034,HD-034,state_house,2024,sl_2023_149,SL 2023-149 House Lines (block-weighted December 2025 precinct basis),35,35,1481,1481,vap
WAKE - 01-11,34,37034,State House District 34,,,1.0,34,034,HD-034,state_house,2024,sl_2023_149,SL 2023-149 House Lines (block-weighted December 2025 precinct basis),44,44,2482,2482,vap
WAKE - 01-12,34,37034,State House District 34,,,1.0,34,034,HD-034,state_house,2024,sl_2023_149,SL 2023-149 House Lines (block-weighted December 2025 precinct basis),43,43,2222,2222,vap
WAKE - 01-13,38,37038,State House District 38,,,1.0,38,038,HD-038,state_house,2024,sl_2023_149,SL 2023-149 House Lines (block-weighted December 2025 precinct basis),52,52,1824,1824,vap
WAKE - 01-14,38,37038,State House District 38,,,1.0,38,038,HD-038,state_house,2024,sl_2023_149,SL 2023-149 House Lines (block-weighted December 2025 precinct basis),116,116,3918,3918,vap
WAKE - 01-15,34,37034,State House District 34,,,1.0,34,034,HD-034,state_house,2024,sl_2023_149,SL 2023-149 House Lines (block-weighted December 2025 precinct basis),26,26,2862,2862,vap
WAKE - 01-16,49,37049,State House District 49,,,1.0,49,049,HD-049,state_house,2024,sl_2023_149,SL 2023-149 House Lines (block-weighted December 2025 precinct basis),41,41,3650,3650,vap
WAKE - 01-17,34,37034,State House District 34,,,1.0,34,034,HD-034,state_house,2024,sl_2023_149,SL 2023-149 House Lines (block-weighted December 2025 precinct basis),27,27,1202,1202,vap
WAKE - 01-18,34,37034,State House District 34,,,1.0,34,034,HD-034,state_house,2024,sl_2023_149,SL 2023-149 House Lines (block-weighted December 2025 precinct basis),49,49,4015,4015,vap
WAKE - 01-19,38,37038,State House District 38,,,1.0,38,038,HD-038,state_house,2024,sl_2023_149,SL 2023-149 House Lines (block-weighted December 2025 precinct basis),38,38,2420,2420,vap
WAKE - 01-20,38,37038,State House District 38,,,1.0,38,038,HD-038,state_house,2024,sl_2023_149,SL 2023-149 House Lines (block-weighted December 2025 precinct basis),88,88,3802,3802,vap
WAKE - 01-21,38,37038,State House District 38,,,1.0,38,038,HD-038,state_house,2024,sl_2023_149,SL 2023-149 House Lines (block-weighted December 2025 precinct basis),117,118,6703,6703,vap
WAKE - 01-22,33,37033,State House District 33,,,1.0,33,033,HD-033,state_house,2024,sl_2023_149,SL 2023-149 House Lines (block-weighted December 2025 precinct basis),51,51,4820,4820,vap
WAKE - 01-23,49,37049,State House District 49,,,1.0,49,049,HD-049,state_house,2024,sl_2023_149,SL 2023-149 House Lines (block-weighted December 2025 precinct basis),101,101,13946,13946,vap
WAKE - 01-25,38,37038,State House District 38,,,1.0,38,038,HD-038,state_house,2024,sl_2023_149,SL 2023-149 House Lines (block-weighted December 2025 precinct basis),31,31,799,799,vap
WAKE - 01-26,38,37038,State House District 38,,,1.0,38,038,HD-038,state_house,2024,sl_2023_149,SL 2023-149 House Lines (block-weighted December 2025 precinct basis),70,70,4910,4910,vap
WAKE - 01-27,38,37038,State House District 38,,,1.0,38,038,HD-038,state_house,2024,sl_2023_149,SL 2023-149 House Lines (block-weighted December 2025 precinct basis),112,113,3192,3192,vap
WAKE - 01-28,38,37038,State House District 38,,,1.0,38,038,HD-038,state_house,2024,sl_2023_149,SL 2023-149 House Lines (block-weighted December 2025 precinct basis),99,100,5618,5618,vap
WAKE - 01-29,49,37049,State House District 49,,,1.0,49,049,HD-049,state_house,2024,sl_2023_149,SL 2023-149 House Lines (block-weighted December 2025 precinct basis),38,39,2351,2351,vap
WAKE - 01-30,34,37034,State House District 34,,,1.0,34,034,HD-034,state_house,2024,sl_2023_149,SL 2023-149 House Lines (block-weighted December 2025 precinct basis),21,21,1262,1262,vap
WAKE - 01-31,49,37049,State House District 49,,,1.0,49,049,HD-049,state_house,2024,sl_2023_149,SL 2023-149 House Lines (block-weighted December 2025 precinct basis),77,77,7409,7409,vap
WAKE - 01-32,11,37011,State House District 11,,,1.0,11,011,HD-011,state_house,2024,sl_2023_149,SL 2023-149 House Lines (block-weighted December 2025 precinct basis),41,41,3829,3829,vap
WAKE - 01-33,49,37049,State House District 49,,,1.0,49,049,HD-049,state_house,2024,sl_2023_149,SL 2023-149 House Lines (block-weighted December 2025 precinct basis),29,29,1861,1861,vap
WAKE - 01-34,38,37038,State House District 38,,,1.0,38,038,HD-038,state_house,2024,sl_2023_149,SL 2023-149 House Lines (block-weighted December 2025 precinct basis),59,59,2353,2353,vap
WAKE - 01-35,38,37038,State House District 38,,,1.0,38,038,HD-038,state_house,2024,sl_2023_149,SL 2023-149 House Lines (block-weighted December 2025 precinct basis),76,76,3143,3143,vap
WAKE - 01-36,34,37034,State House District 34,,,1.0,34,034,HD-034,state_house,2024,sl_2023_149,SL 2023-149 House Lines (block-weighted December 2025 precinct basis),39,39,3189,3189,vap
WAKE - 01-37,34,37034,State House District 34,,,1.0,34,034,HD-034,state_house,2024,sl_2023_149,SL 2023-149 House Lines (block-weighted December 2025 precinct basis),30,30,1937,1937,vap
WAKE - 01-38,34,37034,State House District 34,,,1.0,34,034,HD-034,state_house,2024,sl_2023_149,SL 2023-149 House Lines (block-weighted December 2025 precinct basis),48,48,3036,3036,vap
WAKE - 01-39,34,37034,State House District 34,,,1.0,34,034,HD-034,state_house,2024,sl_2023_149,SL 2023-149 House Lines (block-weighted December 2025 precinct basis),23,23,3280,3280,vap
WAKE - 01-40,38,37038,State House District 38,,,1.0,38,038,HD-038,state_house,2024,sl_2023_149,SL 2023-149 House Lines (block-weighted December 2025 precinct basis),80,80,5885,5885,vap
WAKE - 01-41,49,37049,State House District 49,,,1.0,49,049,HD-049,state_house,2024,sl_2023_149,SL 2023-149 House Lines (block-weighted December 2025 precinct basis),23,23,3767,3767,vap
WAKE - 01-42,34,37034,State House District 34,,,1.0,34,034,HD-034,state_house,2024,sl_2023_149,SL 2023-149 House Lines (block-weighted December 2025 precinct basis),27,27,2927,2927,vap
WAKE - 01-43,34,37034,State House District 34,,,1.0,34,034,HD-034,state_house,2024,sl_2023_149,SL 2023-149 House Lines (block-weighted December 2025 precinct basis),25,25,3351,3351,vap
WAKE - 01-44,34,37034,State House District 34,,,1.0,34,034,HD-034,state_house,2024,sl_2023_149,SL 2023-149 House Lines (block-weighted December 2025 precinct basis),36,36,4856,4856,vap
WAKE - 01-45,34,37034,State House District 34,,,1.0,34,034,HD-034,state_house,2024,sl_2023_149,SL 2023-149 House Lines (block-weighted December 2025 precinct basis),16,16,2440,2440,vap
WAKE - 01-46,34,37034,State House District 34,,,1.0,34,034,HD-034,state_house,2024,sl_2023_149,SL 2023-149 House Lines (block-weighted December 2025 precinct basis),50,50,5343,5343,vap
WAKE - 01-47,34,37034,State House District 34,,,1.0,34,034,HD-034,state_house,2024,sl_2023_149,SL 2023-149 House Lines (block-weighted December 2025 precinct basis),27,27,2159,2159,vap
WAKE - 01-48,11,37011,State House District 11,,,1.0,11,011,HD-011,state_house,2024,sl_2023_149,SL 2023-149 House Lines (block-weighted December 2025 precinct basis),28,28,2694,2694,vap
WAKE - 01-49,11,37011,State House District 11,,,1.0,11,011,HD-011,state_house,2024,sl_2023_149,SL 2023-149 House Lines (block-weighted December 2025 precinct basis),65,65,5185,5185,vap
WAKE - 01-50,33,37033,State House District 33,,,1.0,33,033,HD-033,state_house,2024,sl_2023_149,SL 2023-149 House Lines (block-weighted December 2025 precinct basis),50,50,3483,3483,vap
WAKE - 01-51,34,37034,State House District 34,,,1.0,34,034,HD-034,state_house,2024,sl_2023_149,SL 2023-149 House Lines (block-weighted December 2025 precinct basis),11,11,1186,1186,vap
WAKE - 02-01,40,37040,State House District 40,,,1.0,40,040,HD-040,state_house,2024,sl_2023_149,SL 2023-149 House Lines (block-weighted December 2025 precinct basis),47,47,3229,3229,vap
WAKE - 02-02,35,37035,State House District 35,,,1.0,35,035,HD-035,state_house,2024,sl_2023_149,SL 2023-149 House Lines (block-weighted December 2025 precinct basis),62,62,5772,5772,vap
WAKE - 02-03,35,37035,State House District 35,,,1.0,35,035,HD-035,state_house,2024,sl_2023_149,SL 2023-149 House Lines (block-weighted December 2025 precinct basis),32,32,2902,2902,vap
WAKE - 02-04,35,37035,State House District 35,,,1.0,35,035,HD-035,state_house,2024,sl_2023_149,SL 2023-149 House Lines (block-weighted December 2025 precinct basis),48,48,2481,2481,vap
WAKE - 02-05,40,37040,State House District 40,,,1.0,40,040,HD-040,state_house,2024,sl_2023_149,SL 2023-149 House Lines (block-weighted December 2025 precinct basis),12,12,972,972,vap
WAKE - 02-06,35,37035,State House District 35,,,1.0,35,035,HD-035,state_house,2024,sl_2023_149,SL 2023-149 House Lines (block-weighted December 2025 precinct basis),50,50,2458,2458,vap
WAKE - 03-01,21,37021,State House District 21,,,1.0,21,021,HD-021,state_house,2024,sl_2023_149,SL 2023-149 House Lines (block-weighted December 2025 precinct basis),104,104,4665,4665,vap
WAKE - 03-02,21,37021,State House District 21,,,1.0,21,021,HD-021,state_house,2024,sl_2023_149,SL 2023-149 House Lines (block-weighted December 2025 precinct basis),143,143,2236,2236,vap
WAKE - 04-01,11,37011,State House District 11,,,1.0,11,011,HD-011,state_house,2024,sl_2023_149,SL 2023-149 House Lines (block-weighted December 2025 precinct basis),43,43,2779,2779,vap
WAKE - 04-02,11,37011,State House District 11,,,1.0,11,011,HD-011,state_house,2024,sl_2023_149,SL 2023-149 House Lines (block-weighted December 2025 precinct basis),63,63,3818,3818,vap
WAKE - 04-03,11,37011,State House District 11,,,1.0,11,011,HD-011,state_house,2024,sl_2023_149,SL 2023-149 House Lines (block-weighted December 2025 precinct basis),26,26,2803,2803,vap
WAKE - 04-04,11,37011,State House District 11,,,1.0,11,011,HD-011,state_house,2024,sl_2023_149,SL 2023-149 House Lines (block-weighted December 2025 precinct basis),16,16,2460,2460,vap
WAKE - 04-05,49,37049,State House District 49,,,1.0,49,049,HD-049,state_house,2024,sl_2023_149,SL 2023-149 House Lines (block-weighted December 2025 precinct basis),148,148,3858,3858,vap
WAKE - 04-06,11,37011,State House District 11,,,1.0,11,011,HD-011,state_house,2024,sl_2023_149,SL 2023-149 House Lines (block-weighted December 2025 precinct basis),38,38,3428,3428,vap
WAKE - 04-07,11,37011,State House District 11,,,1.0,11,011,HD-011,state_house,2024,sl_2023_149,SL 2023-149 House Lines (block-weighted December 2025 precinct basis),31,31,2710,2710,vap
WAKE - 04-08,41,37041,State House District 41,,,1.0,41,041,HD-041,state_house,2024,sl_2023_149,SL 2023-149 House Lines (block-weighted December 2025 precinct basis),36,36,3051,3051,vap
WAKE - 04-09,41,37041,State House District 41,,,1.0,41,041,HD-041,state_house,2024,sl_2023_149,SL 2023-149 House Lines (block-weighted December 2025 precinct basis),42,42,3088,3088,vap
WAKE - 04-10,11,37011,State House District 11,,,1.0,11,011,HD-011,state_house,2024,sl_2023_149,SL 2023-149 House Lines (block-weighted December 2025 precinct basis),36,36,3142,3142,vap
WAKE - 04-11,11,37011,State House District 11,,,1.0,11,011,HD-011,state_house,2024,sl_2023_149,SL 2023-149 House Lines (block-weighted December 2025 precinct basis),43,43,2084,2084,vap
WAKE - 04-12,11,37011,State House District 11,,,1.0,11,011,HD-011,state_house,2024,sl_2023_149,SL 2023-149 House Lines (block-weighted December 2025 precinct basis),28,28,2960,2960,vap
WAKE - 04-13,11,37011,State House District 11,,,1.0,11,011,HD-011,state_house,2024,sl_2023_149,SL 2023-149 House Lines (block-weighted December 2025 precinct basis),56,56,4940,4940,vap
WAKE - 04-14,11,37011,State House District 11,,,1.0,11,011,HD-011,state_house,2024,sl_2023_149,SL 2023-149 House Lines (block-weighted December 2025 precinct basis),21,21,1768,1768,vap
WAKE - 04-15,11,37011,State House District 11,,,1.0,11,011,HD-011,state_house,2024,sl_2023_149,SL 2023-149 House Lines (block-weighted December 2025 precinct basis),39,39,2740,2740,vap
WAKE - 04-16,11,37011,State House District 11,,,1.0,11,011,HD-011,state_house,2024,sl_2023_149,SL 2023-149 House Lines (block-weighted December 2025 precinct basis),24,24,2279,2279,vap
WAKE - 04-17,41,37041,State House District 41,,,1.0,41,041,HD-041,state_house,2024,sl_2023_149,SL 2023-149 House Lines (block-weighted December 2025 precinct basis),30,30,2138,2138,vap
WAKE - 04-18,41,37041,State House District 41,,,1.0,41,041,HD-041,state_house,2024,sl_2023_149,SL 2023-149 House Lines (block-weighted December 2025 precinct basis),42,42,3822,3822,vap
WAKE - 04-19,11,37011,State House District 11,,,1.0,11,011,HD-011,state_house,2024,sl_2023_149,SL 2023-149 House Lines (block-weighted December 2025 precinct basis),18,18,1790,1790,vap
WAKE - 04-20,11,37011,State House District 11,,,1.0,11,011,HD-011,state_house,2024,sl_2023_149,SL 2023-149 House Lines (block-weighted December 2025 precinct basis),60,60,4233,4233,vap
WAKE - 04-21,49,37049,State House District 49,,,1.0,49,049,HD-049,state_house,2024,sl_2023_149,SL 2023-149 House Lines (block-weighted December 2025 precinct basis),25,25,2912,2912,vap
WAKE - 05-01,41,37041,State House District 41,,,1.0,41,041,HD-041,state_house,2024,sl_2023_149,SL 2023-149 House Lines (block-weighted December 2025 precinct basis),53,53,5847,5847,vap
WAKE - 05-03,41,37041,State House District 41,,,1.0,41,041,HD-041,state_house,2024,sl_2023_149,SL 2023-149 House Lines (block-weighted December 2025 precinct basis),98,98,6602,6602,vap
WAKE - 05-05,41,37041,State House District 41,,,1.0,41,041,HD-041,state_house,2024,sl_2023_149,SL 2023-149 House Lines (block-weighted December 2025 precinct basis),246,247,9907,9907,vap
WAKE - 05-06,41,37041,State House District 41,,,1.0,41,041,HD-041,state_house,2024,sl_2023_149,SL 2023-149 House Lines (block-weighted December 2025 precinct basis),111,111,5764,5764,vap
WAKE - 05-08,41,37041,State House District 41,,,1.0,41,041,HD-041,state_house,2024,sl_2023_149,SL 2023-149 House Lines (block-weighted December 2025 precinct basis),195,195,7068,7068,vap
WAKE - 05-09,41,37041,State House District 41,,,1.0,41,041,HD-041,state_house,2024,sl_2023_149,SL 2023-149 House Lines (block-weighted December 2025 precinct basis),86,86,5618,5618,vap
WAKE - 05-10,41,37041,State House District 41,,,1.0,41,041,HD-041,state_house,2024,sl_2023_149,SL 2023-149 House Lines (block-weighted December 2025 precinct basis),93,93,4504,4504,vap
WAKE - 06-04,36,37036,State House District 36,,,1.0,36,036,HD-036,state_house,2024,sl_2023_149,SL 2023-149 House Lines (block-weighted December 2025 precinct basis),86,86,4897,4897,vap
WAKE - 06-05,37,37037,State House District 37,,,1.0,37,037,HD-037,state_house,2024,sl_2023_149,SL 2023-149 House Lines (block-weighted December 2025 precinct basis),58,58,3206,3206,vap
WAKE - 06-06,36,37036,State House District 36,,,1.0,36,036,HD-036,state_house,2024,sl_2023_149,SL 2023-149 House Lines (block-weighted December 2025 precinct basis),116,116,7057,7057,vap
WAKE - 06-07,36,37036,State House District 36,,,1.0,36,036,HD-036,state_house,2024,sl_2023_149,SL 2023-149 House Lines (block-weighted December 2025 precinct basis),64,64,3914,3914,vap
WAKE - 06-08,36,37036,State House District 36,,,1.0,36,036,HD-036,state_house,2024,sl_2023_149,SL 2023-149 House Lines (block-weighted December 2025 precinct basis),50,51,2420,2420,vap
WAKE - 06-10,37,37037,State House District 37,,,1.0,37,037,HD-037,state_house,2024,sl_2023_149,SL 2023-149 House Lines (block-weighted December 2025 precinct basis),129,129,4250,4250,vap
WAKE - 06-11,36,37036,State House District 36,,,1.0,36,036,HD-036,state_house,2024,sl_2023_149,SL 2023-149 House Lines (block-weighted December 2025 precinct basis),54,54,1060,1060,vap
WAKE - 06-12,36,37036,State House District 36,,,1.0,36,036,HD-036,state_house,2024,sl_2023_149,SL 2023-149 House Lines (block-weighted December 2025 precinct basis),116,116,6903,6903,vap
WAKE - 07-01,40,37040,State House District 40,,,1.0,40,040,HD-040,state_house,2024,sl_2023_149,SL 2023-149 House Lines (block-weighted December 2025 precinct basis),36,36,2176,2176,vap
WAKE - 07-02,40,37040,State House District 40,,,1.0,40,040,HD-040,state_house,2024,sl_2023_149,SL 2023-149 House Lines (block-weighted December 2025 precinct basis),36,36,1838,1838,vap
WAKE - 07-03,34,37034,State House District 34,,,1.0,34,034,HD-034,state_house,2024,sl_2023_149,SL 2023-149 House Lines (block-weighted December 2025 precinct basis),15,15,1591,1591,vap
WAKE - 07-04,34,37034,State House District 34,,,1.0,34,034,HD-034,state_house,2024,sl_2023_149,SL 2023-149 House Lines (block-weighted December 2025 precinct basis),40,40,5045,5045,vap
WAKE - 07-05,40,37040,State House District 40,,,1.0,40,040,HD-040,state_house,2024,sl_2023_149,SL 2023-149 House Lines (block-weighted December 2025 precinct basis),16,16,2064,2064,vap
WAKE - 07-06,40,37040,State House District 40,,,1.0,40,040,HD-040,state_house,2024,sl_2023_149,SL 2023-149 House Lines (block-weighted December 2025 precinct basis),36,36,3798,3798,vap
WAKE - 07-07,40,37040,State House District 40,,,1.0,40,040,HD-040,state_house,2024,sl_2023_149,SL 2023-149 House Lines (block-weighted December 2025 precinct basis),61,61,4924,4924,vap
WAKE - 07-09,34,37034,State House District 34,,,1.0,34,034,HD-034,state_house,2024,sl_2023_149,SL 2023-149 House Lines (block-weighted December 2025 precinct basis),45,45,4173,4173,vap
WAKE - 07-10,40,37040,State House District 40,,,1.0,40,040,HD-040,state_house,2024,sl_2023_149,SL 2023-149 House Lines (block-weighted December 2025 precinct basis),105,106,6611,6611,vap
WAKE - 07-11,40,37040,State House District 40,,,1.0,40,040,HD-040,state_house,2024,sl_2023_149,SL 2023-149 House Lines (block-weighted December 2025 precinct basis),12,12,1190,1190,vap
WAKE - 07-12,40,37040,State House District 40,,,1.0,40,040,HD-040,state_house,2024,sl_2023_149,SL 2023-149 House Lines (block-weighted December 2025 precinct basis),43,43,3497,3497,vap
WAKE - 07-13,40,37040,State House District 40,,,1.0,40,040,HD-040,state_house,2024,sl_2023_149,SL 2023-149 House Lines (block-weighted December 2025 precinct basis),29,29,2609,2609,vap
WAKE - 08-02,40,37040,State House District 40,,,1.0,40,040,HD-040,state_house,2024,sl_2023_149,SL 2023-149 House Lines (block-weighted December 2025 precinct basis),64,64,4324,4324,vap
WAKE - 08-03,40,37040,State House District 40,,,1.0,40,040,HD-040,state_house,2024,sl_2023_149,SL 2023-149 House Lines (block-weighted December 2025 precinct basis),96,96,6706,6706,vap
WAKE - 08-04,40,37040,State House District 40,,,1.0,40,040,HD-040,state_house,2024,sl_2023_149,SL 2023-149 House Lines (block-weighted December 2025 precinct basis),10,10,1665,1665,vap
WAKE - 08-05,40,37040,State House District 40,,,1.0,40,040,HD-040,state_house,2024,sl_2023_149,SL 2023-149 House Lines (block-weighted December 2025 precinct basis),40,40,2149,2149,vap
WAKE - 08-06,40,37040,State House District 40,,,1.0,40,040,HD-040,state_house,2024,sl_2023_149,SL 2023-149 House Lines (block-weighted December 2025 precinct basis),31,31,3149,3149,vap
WAKE - 08-07,40,37040,State House District 40,,,1.0,40,040,HD-040,state_house,2024,sl_2023_149,SL 2023-149 House Lines (block-weighted December 2025 precinct basis),29,29,2527,2527,vap
WAKE - 08-08,40,37040,State House District 40,,,1.0,40,040,HD-040,state_house,2024,sl_2023_149,SL 2023-149 House Lines (block-weighted December 2025 precinct basis),47,47,4435,4435,vap
WAKE - 08-09,40,37040,State House District 40,,,1.0,40,040,HD-040,state_house,2024,sl_2023_149,SL 2023-149 House Lines (block-weighted December 2025 precinct basis),31,31,2470,2470,vap
WAKE - 08-10,40,37040,State House District 40,,,1.0,40,040,HD-040,state_house,2024,sl_2023_149,SL 2023-149 House Lines (block-weighted December 2025 precinct basis),54,54,3330,3330,vap
WAKE - 08-11,40,37040,State House District 40,,,1.0,40,040,HD-040,state_house,2024,sl_2023_149,SL 2023-149 House Lines (block-weighted December 2025 precinct basis),80,80,4739,4739,vap
WAKE - 09-01,35,37035,State House District 35,,,1.0,35,035,HD-035,state_house,2024,sl_2023_149,SL 2023-149 House Lines (block-weighted December 2025 precinct basis),61,61,2914,2914,vap
WAKE - 09-02,39,37039,State House District 39,,,1.0,39,039,HD-039,state_house,2024,sl_2023_149,SL 2023-149 House Lines (block-weighted December 2025 precinct basis),157,157,4769,4769,vap
WAKE - 09-03,39,37039,State House District 39,,,1.0,39,039,HD-039,state_house,2024,sl_2023_149,SL 2023-149 House Lines (block-weighted December 2025 precinct basis),106,106,4242,4242,vap
WAKE - 10-01,35,37035,State House District 35,,,1.0,35,035,HD-035,state_house,2024,sl_2023_149,SL 2023-149 House Lines (block-weighted December 2025 precinct basis),59,59,1668,1668,vap
WAKE - 10-02,39,37039,State House District 39,,,1.0,39,039,HD-039,state_house,2024,sl_2023_149,SL 2023-149 House Lines (block-weighted December 2025 precinct basis),115,115,5568,5568,vap
WAKE - 10-03,39,37039,State House District 39,,,1.0,39,039,HD-039,state_house,2024,sl_2023_149,SL 2023-149 House Lines (block-weighted December 2025 precinct basis),144,144,3490,3490,vap
WAKE - 10-05,39,37039,State House District 39,,,1.0,39,039,HD-039,state_house,2024,sl_2023_149,SL 2023-149 House Lines (block-weighted December 2025 precinct basis),71,71,3957,3957,vap
WAKE - 10-06,39,37039,State House District 39,,,1.0,39,039,HD-039,state_house,2024,sl_2023_149,SL 2023-149 House Lines (block-weighted December 2025 precinct basis),121,121,5811,5811,vap
WAKE - 11-01,49,37049,State House District 49,,,1.0,49,049,HD-049,state_house,2024,sl_2023_149,SL 2023-149 House Lines (block-weighted December 2025 precinct basis),135,136,7748,7748,vap
WAKE - 11-02,49,37049,State House District 49,,,1.0,49,049,HD-049,state_house,2024,sl_2023_149,SL 2023-149 House Lines (block-weighted December 2025 precinct basis),60,60,5802,5802,vap
WAKE - 12-02,37,37037,State House District 37,,,1.0,37,037,HD-037,state_house,2024,sl_2023_149,SL 2023-149 House Lines (block-weighted December 2025 precinct basis),117,117,5780,5780,vap
WAKE - 12-04,37,37037,State House District 37,,,1.0,37,037,HD-037,state_house,2024,sl_2023_149,SL 2023-149 House Lines (block-weighted December 2025 precinct basis),95,95,6123,6123,vap
WAKE - 12-06,37,37037,State House District 37,,,1.0,37,037,HD-037,state_house,2024,sl_2023_149,SL 2023-149 House Lines (block-weighted December 2025 precinct basis),110,110,4769,4769,vap
WAKE - 12-07,37,37037,State House District 37,,,1.0,37,037,HD-037,state_house,2024,sl_2023_149,SL 2023-149 House Lines (block-weighted December 2025 precinct basis),79,79,3654,3654,vap
WAKE - 12-08,37,37037,State House District 37,,,1.0,37,037,HD-037,state_house,2024,sl_2023_149,SL 2023-149 House Lines (block-weighted December 2025 precinct basis),126,126,5397,5397,vap
WAKE - 12-09,37,37037,State House District 37,,,1.0,37,037,HD-037,state_house,2024,sl_2023_149,SL 2023-149 House Lines (block-weighted December 2025 precinct basis),110,110,6092,6092,vap
WAKE - 12-10,36,37036,State House District 36,,,1.0,36,036,HD-036,state_house,2024,sl_2023_149,SL 2023-149 House Lines (block-weighted December 2025 precinct basis),90,90,5060,5060,vap
WAKE - 12-11,36,37036,State House District 36,,,1.0,36,036,HD-036,state_house,2024,sl_2023_149,SL 2023-149 House Lines (block-weighted December 2025 precinct basis),62,62,3711,3711,vap
WAKE - 12-12,37,37037,State House District 37,,,1.0,37,037,HD-037,state_house,2024,sl_2023_149,SL 2023-149 House Lines (block-weighted December 2025 precinct basis),51,51,3187,3187,vap
WAKE - 12-13,37,37037,State House District 37,,,1.0,37,037,HD-037,state_house,2024,sl_2023_149,SL 2023-149 House Lines (block-weighted December 2025 precinct basis),82,82,3791,3791,vap
WAKE - 13-02,34,37034,State House District 34,,,1.0,34,034,HD-034,state_house,2024,sl_2023_149,SL 2023-149 House Lines (block-weighted December 2025 precinct basis),23,24,2208,2208,vap
WAKE - 13-05,34,37034,State House District 34,,,1.0,34,034,HD-034,state_house,2024,sl_2023_149,SL 2023-149 House Lines (block-weighted December 2025 precinct basis),81,81,3295,3295,vap
WAKE - 13-06,66,37066,State House District 66,,,1.0,66,066,HD-066,state_house,2024,sl_2023_149,SL 2023-149 House Lines (block-weighted December 2025 precinct basis),46,46,3411,3411,vap
WAKE - 13-07,66,37066,State House District 66,,,1.0,66,066,HD-066,state_house,2024,sl_2023_149,SL 2023-149 House Lines (block-weighted December 2025 precinct basis),48,48,3320,3320,vap
WAKE - 13-08,66,37066,State House District 66,,,1.0,66,066,HD-066,state_house,2024,sl_2023_149,SL 2023-149 House Lines (block-weighted December 2025 precinct basis),51,51,4410,4410,vap
WAKE - 13-09,66,37066,State House District 66,,,1.0,66,066,HD-066,state_house,2024,sl_2023_149,SL 2023-149 House Lines (block-weighted December 2025 precinct basis),76,76,5855,5855,vap
WAKE - 13-10,66,37066,State House District 66,,,1.0,66,066,HD-066,state_house,2024,sl_2023_149,SL 2023-149 House Lines (block-weighted December 2025 precinct basis),105,106,6221,6221,vap
WAKE - 13-11,66,37066,State House District 66,,,1.0,66,066,HD-066,state_house,2024,sl_2023_149,SL 2023-149 House Lines (block-weighted December 2025 precinct basis),66,66,3425,3425,vap
WAKE - 13-12,66,37066,State House District 66,,,1.0,66,066,HD-066,state_house,2024,sl_2023_149,SL 2023-149 House Lines (block-weighted December 2025 precinct basis),67,67,5394,5394,vap
WAKE - 13-13,66,37066,State House District 66,,,1.0,66,066,HD-066,state_house,2024,sl_2023_149,SL 2023-149 House Lines (block-weighted December 2025 precinct basis),60,60,2592,2592,vap
WAKE - 14-01,35,37035,State House District 35,,,1.0,35,035,HD-035,state_house,2024,sl_2023_149,SL 2023-149 House Lines (block-weighted December 2025 precinct basis),44,44,928,928,vap
WAKE - 14-02,35,37035,State House District 35,,,1.0,35,035,HD-035,state_house,2024,sl_2023_149,SL 2023-149 House Lines (block-weighted December 2025 precinct basis),85,85,7022,7022,vap
WAKE - 15-01,37,37037,State House District 37,,,1.0,37,037,HD-037,state_house,2024,sl_2023_149,SL 2023-149 House Lines (block-weighted December 2025 precinct basis),50,50,5015,5015,vap
WAKE - 15-02,37,37037,State House District 37,,,1.0,37,037,HD-037,state_house,2024,sl_2023_149,SL 2023-149 House Lines (block-weighted December 2025 precinct basis),64,65,7211,7211,vap
WAKE - 15-03,37,37037,State House District 37,,,1.0,37,037,HD-037,state_house,2024,sl_2023_149,SL 2023-149 House Lines (block-weighted December 2025 precinct basis),49,49,5692,5692,vap
WAKE - 15-04,37,37037,State House District 37,,,1.0,37,037,HD-037,state_house,2024,sl_2023_149,SL 2023-149 House Lines (block-weighted December 2025 precinct basis),42,42,2573,2573,vap
WAKE - 16-01,33,37033,State House District 33,,,1.0,33,033,HD-033,state_house,2024,sl_2023_149,SL 2023-149 House Lines (block-weighted December 2025 precinct basis),128,128,4290,4290,vap
WAKE - 16-02,33,37033,State House District 33,,,1.0,33,033,HD-033,state_house,2024,sl_2023_149,SL 2023-149 House Lines (block-weighted December 2025 precinct basis),142,142,6465,6465,vap
WAKE - 16-03,33,37033,State House District 33,,,1.0,33,033,HD-033,state_house,2024,sl_2023_149,SL 2023-149 House Lines (block-weighted December 2025 precinct basis),41,41,2141,2141,vap
WAKE - 16-04,33,37033,State House District 33,,,1.0,33,033,HD-033,state_house,2024,sl_2023_149,SL 2023-149 House Lines (block-weighted December 2025 precinct basis),40,40,3056,3056,vap
WAKE - 16-05,33,37033,State House District 33,,,1.0,33,033,HD-033,state_house,2024,sl_2023_149,SL 2023-149 House Lines (block-weighted December 2025 precinct basis),81,81,3471,3471,vap
WAKE - 16-06,33,37033,State House District 33,,,1.0,33,033,HD-033,state_house,2024,sl_2023_149,SL 2023-149 House Lines (block-weighted December 2025 precinct basis),45,45,2146,2146,vap
WAKE - 16-07,33,37033,State House District 33,,,1.0,33,033,HD-033,state_house,2024,sl_2023_149,SL 2023-149 House Lines (block-weighted December 2025 precinct basis),66,67,3597,3597,vap
WAKE - 16-09,33,37033,State House District 33,,,1.0,33,033,HD-033,state_house,2024,sl_2023_149,SL 2023-149 House Lines (block-weighted December 2025 precinct basis),106,106,5178,5178,vap
WAKE - 16-10,33,37033,State House District 33,,,1.0,33,033,HD-033,state_house,2024,sl_2023_149,SL 2023-149 House Lines (block-weighted December 2025 precinct basis),65,65,5885,5885,vap
WAKE - 16-11,33,37033,State House District 33,,,1.0,33,033,HD-033,state_house,2024,sl_2023_149,SL 2023-149 House Lines (block-weighted December 2025 precinct basis),122,122,4228,4228,vap
WAKE - 17-01,38,37038,State House District 38,,,1.0,38,038,HD-038,state_house,2024,sl_2023_149,SL 2023-149 House Lines (block-weighted December 2025 precinct basis),63,63,4174,4174,vap
WAKE - 17-02,39,37039,State House District 39,,,1.0,39,039,HD-039,state_house,2024,sl_2023_149,SL 2023-149 House Lines (block-weighted December 2025 precinct basis),86,86,2345,2345,vap
WAKE - 17-03,39,37039,State House District 39,,,1.0,39,039,HD-039,state_house,2024,sl_2023_149,SL 2023-149 House Lines (block-weighted December 2025 precinct basis),94,95,7696,7696,vap
WAKE - 17-05,38,37038,State House District 38,,,1.0,38,038,HD-038,state_house,2024,sl_2023_149,SL 2023-149 House Lines (block-weighted December 2025 precinct basis),72,72,5072,5072,vap
WAKE - 17-06,39,37039,State House District 39,,,1.0,39,039,HD-039,state_house,2024,sl_2023_149,SL 2023-149 House Lines (block-weighted December 2025 precinct basis),55,55,3317,3317,vap
WAKE - 17-07,38,37038,State House District 38,,,1.0,38,038,HD-038,state_house,2024,sl_2023_149,SL 2023-149 House Lines (block-weighted December 2025 precinct basis),95,96,5353,5353,vap
WAKE - 17-09,33,37033,State House District 33,,,1.0,33,033,HD-033,state_house,2024,sl_2023_149,SL 2023-149 House Lines (block-weighted December 2025 precinct basis),81,81,5059,5059,vap
WAKE - 17-10,38,37038,State House District 38,,,1.0,38,038,HD-038,state_house,2024,sl_2023_149,SL 2023-149 House Lines (block-weighted December 2025 precinct basis),28,28,1963,1963,vap
WAKE - 17-11,38,37038,State House District 38,,,1.0,38,038,HD-038,state_house,2024,sl_2023_149,SL 2023-149 House Lines (block-weighted December 2025 precinct basis),88,88,6367,6367,vap
WAKE - 17-12,39,37039,State House District 39,,,1.0,39,039,HD-039,state_house,2024,sl_2023_149,SL 2023-149 House Lines (block-weighted December 2025 precinct basis),60,61,4268,4268,vap
WAKE - 17-13,39,37039,State House District 39,,,1.0,39,039,HD-039,state_house,2024,sl_2023_149,SL 2023-149 House Lines (block-weighted December 2025 precinct basis),108,108,6354,6354,vap
WAKE - 17-15,39,37039,State House District 39,,,1.0,39,039,HD-039,state_house,2024,sl_2023_149,SL 2023-149 House Lines (block-weighted December 2025 precinct basis),46,46,3223,3223,vap
WAKE - 17-16,39,37039,State House District 39,,,1.0,39,039,HD-039,state_house,2024,sl_2023_149,SL 2023-149 House Lines (block-weighted December 2025 precinct basis),75,75,2877,2877,vap
WAKE - 17-17,39,37039,State House District 39,,,1.0,39,039,HD-039,state_house,2024,sl_2023_149,SL 2023-149 House Lines (block-weighted December 2025 precinct basis),47,47,2893,2893,vap
WAKE - 18-01,49,37049,State House District 49,,,1.0,49,049,HD-049,state_house,2024,sl_2023_149,SL 2023-149 House Lines (block-weighted December 2025 precinct basis),85,85,7537,7537,vap
WAKE - 18-02,36,37036,State House District 36,,,1.0,36,036,HD-036,state_house,2024,sl_2023_149,SL 2023-149 House Lines (block-weighted December 2025 precinct basis),71,71,4935,4935,vap
WAKE - 18-03,11,37011,State House District 11,,,1.0,11,011,HD-011,state_house,2024,sl_2023_149,SL 2023-149 House Lines (block-weighted December 2025 precinct basis),20,20,2502,2502,vap
WAKE - 18-04,33,37033,State House District 33,,,1.0,33,033,HD-033,state_house,2024,sl_2023_149,SL 2023-149 House Lines (block-weighted December 2025 precinct basis),65,65,5225,5225,vap
WAKE - 18-05,36,37036,State House District 36,,,1.0,36,036,HD-036,state_house,2024,sl_2023_149,SL 2023-149 House Lines (block-weighted December 2025 precinct basis),91,91,5039,5039,vap
WAKE - 18-06,33,37033,State House District 33,,,1.0,33,033,HD-033,state_house,2024,sl_2023_149,SL 2023-149 House Lines (block-weighted December 2025 precinct basis),79,79,5423,5423,vap
WAKE - 18-07,36,37036,State House District 36,,,1.0,36,036,HD-036,state_house,2024,sl_2023_149,SL 2023-149 House Lines (block-weighted December 2025 precinct basis),53,53,3845,3845,vap
WAKE - 18-08,11,37011,State House District 11,,,1.0,11,011,HD-011,state_house,2024,sl_2023_149,SL 2023-149 House Lines (block-weighted December 2025 precinct basis),98,98,5615,5615,vap
WAKE - 19-03,35,37035,State House District 35,,,1.0,35,035,HD-035,state_house,2024,sl_2023_149,SL 2023-149 House Lines (block-weighted December 2025 precinct basis),101,101,3820,3820,vap
WAKE - 19-05,35,37035,State House District 35,,,1.0,35,035,HD-035,state_house,2024,sl_2023_149,SL 2023-149 House Lines (block-weighted December 2025 precinct basis),80,80,3442,3442,vap
WAKE - 19-07,35,37035,State House District 35,,,1.0,35,035,HD-035,state_house,2024,sl_2023_149,SL 2023-149 House Lines (block-weighted December 2025 precinct basis),116,116,4972,4972,vap
WAKE - 19-09,35,37035,State House District 35,,,1.0,35,035,HD-035,state_house,2024,sl_2023_149,SL 2023-149 House Lines (block-weighted December 2025 precinct basis),120,120,5424,5424,vap
WAKE - 19-11,66,37066,State House District 66,,,1.0,66,066,HD-066,state_house,2024,sl_2023_149,SL 2023-149 House Lines (block-weighted December 2025 precinct basis),68,68,4153,4153,vap
WAKE - 19-13,66,37066,State House District 66,,,1.0,66,066,HD-066,state_house,2024,sl_2023_149,SL 2023-149 House Lines (block-weighted December 2025 precinct basis),55,55,2875,2875,vap
WAKE - 19-14,66,37066,State House District 66,,,1.0,66,066,HD-066,state_house,2024,sl_2023_149,SL 2023-149 House Lines (block-weighted December 2025 precinct basis),50,50,3567,3567,vap
WAKE - 19-15,66,37066,State House District 66,,,1.0,66,066,HD-066,state_house,2024,sl_2023_149,SL 2023-149 House Lines (block-weighted December 2025 precinct basis),75,75,3412,3412,vap
WAKE - 19-16,39,37039,State House District 39,,,1.0,39,039,HD-039,state_house,2024,sl_2023_149,SL 2023-149 House Lines (block-weighted December 2025 precinct basis),58,58,3348,3348,vap
WAKE - 19-17,66,37066,State House District 66,,,1.0,66,066,HD-066,state_house,2024,sl_2023_149,SL 2023-149 House Lines (block-weighted December 2025 precinct basis),83,83,6320,6320,vap
WAKE - 19-18,35,37035,State House District 35,,,1.0,35,035,HD-035,state_house,2024,sl_2023_149,SL 2023-149 House Lines (block-weighted December 2025 precinct basis),57,57,3657,3657,vap
WAKE - 19-20,66,37066,State House District 66,,,1.0,66,066,HD-066,state_house,2024,sl_2023_149,SL 2023-149 House Lines (block-weighted December 2025 precinct basis),53,53,3452,3452,vap
WAKE - 19-21,66,37066,State House District 66,,,1.0,66,066,HD-066,state_house,2024,sl_2023_149,SL 2023-149 House Lines (block-weighted December 2025 precinct basis),84,84,5865,5865,vap
WAKE - 19-22,35,37035,State House District 35,,,1.0,35,035,HD-035,state_house,2024,sl_2023_149,SL 2023-149 House Lines (block-weighted December 2025 precinct basis),72,72,3325,3325,vap
WAKE - 19-23,35,37035,State House District 35,,,0.6833367078355943,35,035,HD-035,state_house,2024,sl_2023_149,SL 2023-149 House Lines (block-weighted December 2025 precinct basis),89,126,3375,4939,vap
WAKE - 19-23,66,37066,State House District 66,,,0.31666329216440575,66,066,HD-066,state_house,2024,sl_2023_149,SL 2023-149 House Lines (block-weighted December 2025 precinct basis),37,126,1564,4939,vap
WAKE - 19-24,35,37035,State House District 35,,,1.0,35,035,HD-035,state_house,2024,sl_2023_149,SL 2023-149 House Lines (block-weighted December 2025 precinct basis),65,65,4066,4066,vap
WAKE - 19-25,35,37035,State House District 35,,,1.0,35,035,HD-035,state_house,2024,sl_2023_149,SL 2023-149 House Lines (block-weighted December 2025 precinct basis),52,52,2927,2927,vap
WAKE - 20-01,36,37036,State House District 36,,,1.0,36,036,HD-036,state_house,2024,sl_2023_149,SL 2023-149 House Lines (block-weighted December 2025 precinct basis),124,124,5178,5178,vap
WAKE - 20-03,11,37011,State House District 11,,,1.0,11,011,HD-011,state_house,2024,sl_2023_149,SL 2023-149 House Lines (block-weighted December 2025 precinct basis),97,97,4778,4778,vap
WAKE - 20-04,21,37021,State House District 21,,,1.0,21,021,HD-021,state_house,2024,sl_2023_149,SL 2023-149 House Lines (block-weighted December 2025 precinct basis),65,65,4252,4252,vap
WAKE - 20-05,36,37036,State House District 36,,,1.0,36,036,HD-036,state_house,2024,sl_2023_149,SL 2023-149 House Lines (block-weighted December 2025 precinct basis),49,49,4404,4404,vap
WAKE - 20-06A,21,37021,State House District 21,,,1.0,21,021,HD-021,state_house,2024,sl_2023_149,SL 2023-149 House Lines (block-weighted December 2025 precinct basis),130,130,6204,6204,vap
WAKE - 20-06B,21,37021,State House District 21,,,1.0,21,021,HD-021,state_house,2024,sl_2023_149,SL 2023-149 House Lines (block-weighted December 2025 precinct basis),51,51,3736,3736,vap
WAKE - 20-08,21,37021,State House District 21,,,0.9994675186368477,21,021,HD-021,state_house,2024,sl_2023_149,SL 2023-149 House Lines (block-weighted December 2025 precinct basis),94,95,5631,5634,vap
WAKE - 20-08,11,37011,State House District 11,,,0.0005324813631522897,11,011,HD-011,state_house,2024,sl_2023_149,SL 2023-149 House Lines (block-weighted December 2025 precinct basis),1,95,3,5634,vap
WAKE - 20-09,36,37036,State House District 36,,,1.0,36,036,HD-036,state_house,2024,sl_2023_149,SL 2023-149 House Lines (block-weighted December 2025 precinct basis),56,56,2848,2848,vap
WAKE - 20-10,41,37041,State House District 41,,,1.0,41,041,HD-041,state_house,2024,sl_2023_149,SL 2023-149 House Lines (block-weighted December 2025 precinct basis),27,27,3683,3683,vap
WAKE - 20-11,21,37021,State House District 21,,,1.0,21,021,HD-021,state_house,2024,sl_2023_149,SL 2023-149 House Lines (block-weighted December 2025 precinct basis),103,103,5922,5922,vap
WAKE - 20-12,21,37021,State House District 21,,,1.0,21,021,HD-021,state_house,2024,sl_2023_149,SL 2023-149 House Lines (block-weighted December 2025 precinct basis),187,187,7001,7001,vap
WAKE - 20-15,21,37021,State House District 21,,,1.0,21,021,HD-021,state_house,2024,sl_2023_149,SL 2023-149 House Lines (block-weighted December 2025 precinct basis),144,144,7233,7233,vap
WAKE - 20-17,41,37041,State House District 41,,,1.0,41,041,HD-041,state_house,2024,sl_2023_149,SL 2023-149 House Lines (block-weighted December 2025 precinct basis),123,123,5752,5752,vap
WAKE - 20-18,21,37021,State House District 21,,,1.0,21,021,HD-021,state_house,2024,sl_2023_149,SL 2023-149 House Lines (block-weighted December 2025 precinct basis),87,87,3944,3944,vap
WAKE - 20-19,21,37021,State House District 21,,,1.0,21,021,HD-021,state_house,2024,sl_2023_149,SL 2023-149 House Lines (block-weighted December 2025 precinct basis),95,95,6195,6195,vap
WAKE - 20-20,21,37021,State House District 21,,,1.0,21,021,HD-021,state_house,2024,sl_2023_149,SL 2023-149 House Lines (block-weighted December 2025 precinct basis),106,106,3574,3574,vap
WARREN - 001,27,37027,State House District 27,,,1.0,27,027,HD-027,state_house,2024,sl_2023_149,SL 2023-149 House Lines (block-weighted December 2025 precinct basis),61,61,1127,1127,vap
WARREN - 002,27,37027,State House District 27,,,1.0,27,027,HD-027,state_house,2024,sl_2023_149,SL 2023-149 House Lines (block-weighted December 2025 precinct basis),68,68,1006,1006,vap
WARREN - 003,27,37027,State House District 27,,,1.0,27,027,HD-027,state_house,2024,sl_2023_149,SL 2023-149 House Lines (block-weighted December 2025 precinct basis),68,68,989,989,vap
WARREN - 004,27,37027,State House District 27,,,1.0,27,027,HD-027,state_house,2024,sl_2023_149,SL 2023-149 House Lines (block-weighted December 2025 precinct basis),42,42,841,841,vap
WARREN - 005,27,37027,State House District 27,,,1.0,27,027,HD-027,state_house,2024,sl_2023_149,SL 2023-149 House Lines (block-weighted December 2025 precinct basis),78,78,1891,1891,vap
WARREN - 006,27,37027,State House District 27,,,1.0,27,027,HD-027,state_house,2024,sl_2023_149,SL 2023-149 House Lines (block-weighted December 2025 precinct basis),45,45,1310,1310,vap
WARREN - 007,27,37027,State House District 27,,,1.0,27,027,HD-027,state_house,2024,sl_2023_149,SL 2023-149 House Lines (block-weighted December 2025 precinct basis),20,20,888,888,vap
WARREN - 008,27,37027,State House District 27,,,1.0,27,027,HD-027,state_house,2024,sl_2023_149,SL 2023-149 House Lines (block-weighted December 2025 precinct basis),62,62,1274,1274,vap
WARREN - 009,27,37027,State House District 27,,,1.0,27,027,HD-027,state_house,2024,sl_2023_149,SL 2023-149 House Lines (block-weighted December 2025 precinct basis),42,42,580,580,vap
WARREN - 010,27,37027,State House District 27,,,1.0,27,027,HD-027,state_house,2024,sl_2023_149,SL 2023-149 House Lines (block-weighted December 2025 precinct basis),63,63,1918,1918,vap
WARREN - 011,27,37027,State House District 27,,,1.0,27,027,HD-027,state_house,2024,sl_2023_149,SL 2023-149 House Lines (block-weighted December 2025 precinct basis),24,24,351,351,vap
WARREN - 012,27,37027,State House District 27,,,1.0,27,027,HD-027,state_house,2024,sl_2023_149,SL 2023-149 House Lines (block-weighted December 2025 precinct basis),48,48,1046,1046,vap
WARREN - 013,27,37027,State House District 27,,,1.0,27,027,HD-027,state_house,2024,sl_2023_149,SL 2023-149 House Lines (block-weighted December 2025 precinct basis),53,53,717,717,vap
WARREN - 014,27,37027,State House District 27,,,1.0,27,027,HD-027,state_house,2024,sl_2023_149,SL 2023-149 House Lines (block-weighted December 2025 precinct basis),58,58,1354,1354,vap
WASHINGTON - LM,1,37001,State House District 1,,,1.0,1,001,HD-001,state_house,2024,sl_2023_149,SL 2023-149 House Lines (block-weighted December 2025 precinct basis),148,148,1891,1891,vap
WASHINGTON - P1,1,37001,State House District 1,,,1.0,1,001,HD-001,state_house,2024,sl_2023_149,SL 2023-149 House Lines (block-weighted December 2025 precinct basis),65,65,1325,1325,vap
WASHINGTON - P2,1,37001,State House District 1,,,1.0,1,001,HD-001,state_house,2024,sl_2023_149,SL 2023-149 House Lines (block-weighted December 2025 precinct basis),69,69,1013,1013,vap
WASHINGTON - P3,1,37001,State House District 1,,,1.0,1,001,HD-001,state_house,2024,sl_2023_149,SL 2023-149 House Lines (block-weighted December 2025 precinct basis),81,81,2538,2538,vap
WASHINGTON - SC,1,37001,State House District 1,,,1.0,1,001,HD-001,state_house,2024,sl_2023_149,SL 2023-149 House Lines (block-weighted December 2025 precinct basis),103,103,1197,1197,vap
WASHINGTON - SK,1,37001,State House District 1,,,1.0,1,001,HD-001,state_house,2024,sl_2023_149,SL 2023-149 House Lines (block-weighted December 2025 precinct basis),96,96,886,886,vap
WATAUGA - 01,93,37093,State House District 93,,,1.0,93,093,HD-093,state_house,2024,sl_2023_149,SL 2023-149 House Lines (block-weighted December 2025 precinct basis),49,49,542,542,vap
WATAUGA - 02,93,37093,State House District 93,,,1.0,93,093,HD-093,state_house,2024,sl_2023_149,SL 2023-149 House Lines (block-weighted December 2025 precinct basis),70,70,1092,1092,vap
WATAUGA - 03,93,37093,State House District 93,,,1.0,93,093,HD-093,state_house,2024,sl_2023_149,SL 2023-149 House Lines (block-weighted December 2025 precinct basis),194,195,2531,2531,vap
WATAUGA - 04,87,37087,State House District 87,,,1.0,87,087,HD-087,state_house,2024,sl_2023_149,SL 2023-149 House Lines (block-weighted December 2025 precinct basis),111,111,3611,3611,vap
WATAUGA - 05,93,37093,State House District 93,,,1.0,93,093,HD-093,state_house,2024,sl_2023_149,SL 2023-149 House Lines (block-weighted December 2025 precinct basis),34,34,1689,1689,vap
WATAUGA - 06,93,37093,State House District 93,,,1.0,93,093,HD-093,state_house,2024,sl_2023_149,SL 2023-149 House Lines (block-weighted December 2025 precinct basis),29,29,5042,5042,vap
WATAUGA - 07,93,37093,State House District 93,,,1.0,93,093,HD-093,state_house,2024,sl_2023_149,SL 2023-149 House Lines (block-weighted December 2025 precinct basis),109,109,4163,4163,vap
WATAUGA - 08,93,37093,State House District 93,,,1.0,93,093,HD-093,state_house,2024,sl_2023_149,SL 2023-149 House Lines (block-weighted December 2025 precinct basis),98,98,2354,2354,vap
WATAUGA - 09,93,37093,State House District 93,,,1.0,93,093,HD-093,state_house,2024,sl_2023_149,SL 2023-149 House Lines (block-weighted December 2025 precinct basis),42,42,618,618,vap
WATAUGA - 10,93,37093,State House District 93,,,1.0,93,093,HD-093,state_house,2024,sl_2023_149,SL 2023-149 House Lines (block-weighted December 2025 precinct basis),74,74,1165,1165,vap
WATAUGA - 11,93,37093,State House District 93,,,1.0,93,093,HD-093,state_house,2024,sl_2023_149,SL 2023-149 House Lines (block-weighted December 2025 precinct basis),99,99,2465,2465,vap
WATAUGA - 12,93,37093,State House District 93,,,1.0,93,093,HD-093,state_house,2024,sl_2023_149,SL 2023-149 House Lines (block-weighted December 2025 precinct basis),14,14,3433,3433,vap
WATAUGA - 13,93,37093,State House District 93,,,1.0,93,093,HD-093,state_house,2024,sl_2023_149,SL 2023-149 House Lines (block-weighted December 2025 precinct basis),59,59,3935,3935,vap
WATAUGA - 14,93,37093,State House District 93,,,1.0,93,093,HD-093,state_house,2024,sl_2023_149,SL 2023-149 House Lines (block-weighted December 2025 precinct basis),108,108,3364,3364,vap
WATAUGA - 15,93,37093,State House District 93,,,1.0,93,093,HD-093,state_house,2024,sl_2023_149,SL 2023-149 House Lines (block-weighted December 2025 precinct basis),116,116,3968,3968,vap
WATAUGA - 16,93,37093,State House District 93,,,1.0,93,093,HD-093,state_house,2024,sl_2023_149,SL 2023-149 House Lines (block-weighted December 2025 precinct basis),17,17,155,155,vap
WATAUGA - 17,93,37093,State House District 93,,,1.0,93,093,HD-093,state_house,2024,sl_2023_149,SL 2023-149 House Lines (block-weighted December 2025 precinct basis),44,44,688,688,vap
WATAUGA - 18,93,37093,State House District 93,,,1.0,93,093,HD-093,state_house,2024,sl_2023_149,SL 2023-149 House Lines (block-weighted December 2025 precinct basis),105,105,1953,1953,vap
WATAUGA - 19,93,37093,State House District 93,,,1.0,93,093,HD-093,state_house,2024,sl_2023_149,SL 2023-149 House Lines (block-weighted December 2025 precinct basis),194,194,3269,3269,vap
WATAUGA - 20,93,37093,State House District 93,,,1.0,93,093,HD-093,state_house,2024,sl_2023_149,SL 2023-149 House Lines (block-weighted December 2025 precinct basis),78,78,553,553,vap
WAYNE - 01,10,37010,State House District 10,,,1.0,10,010,HD-010,state_house,2024,sl_2023_149,SL 2023-149 House Lines (block-weighted December 2025 precinct basis),189,189,2800,2800,vap
WAYNE - 02,10,37010,State House District 10,,,1.0,10,010,HD-010,state_house,2024,sl_2023_149,SL 2023-149 House Lines (block-weighted December 2025 precinct basis),106,106,4030,4030,vap
WAYNE - 03,10,37010,State House District 10,,,1.0,10,010,HD-010,state_house,2024,sl_2023_149,SL 2023-149 House Lines (block-weighted December 2025 precinct basis),77,77,3793,3793,vap
WAYNE - 04,10,37010,State House District 10,,,1.0,10,010,HD-010,state_house,2024,sl_2023_149,SL 2023-149 House Lines (block-weighted December 2025 precinct basis),151,151,4992,4992,vap
WAYNE - 05,10,37010,State House District 10,,,1.0,10,010,HD-010,state_house,2024,sl_2023_149,SL 2023-149 House Lines (block-weighted December 2025 precinct basis),86,86,3712,3712,vap
WAYNE - 06,10,37010,State House District 10,,,1.0,10,010,HD-010,state_house,2024,sl_2023_149,SL 2023-149 House Lines (block-weighted December 2025 precinct basis),56,56,2852,2852,vap
WAYNE - 07,10,37010,State House District 10,,,1.0,10,010,HD-010,state_house,2024,sl_2023_149,SL 2023-149 House Lines (block-weighted December 2025 precinct basis),89,89,5146,5146,vap
WAYNE - 08,10,37010,State House District 10,,,0.9958208955223881,10,010,HD-010,state_house,2024,sl_2023_149,SL 2023-149 House Lines (block-weighted December 2025 precinct basis),77,78,3336,3350,vap
WAYNE - 08,4,37004,State House District 4,,,0.00417910447761194,4,004,HD-004,state_house,2024,sl_2023_149,SL 2023-149 House Lines (block-weighted December 2025 precinct basis),1,78,14,3350,vap
WAYNE - 09,10,37010,State House District 10,,,1.0,10,010,HD-010,state_house,2024,sl_2023_149,SL 2023-149 House Lines (block-weighted December 2025 precinct basis),108,108,4069,4069,vap
WAYNE - 10,10,37010,State House District 10,,,1.0,10,010,HD-010,state_house,2024,sl_2023_149,SL 2023-149 House Lines (block-weighted December 2025 precinct basis),164,164,2349,2349,vap
WAYNE - 11,10,37010,State House District 10,,,1.0,10,010,HD-010,state_house,2024,sl_2023_149,SL 2023-149 House Lines (block-weighted December 2025 precinct basis),90,90,2880,2880,vap
WAYNE - 12,10,37010,State House District 10,,,1.0,10,010,HD-010,state_house,2024,sl_2023_149,SL 2023-149 House Lines (block-weighted December 2025 precinct basis),81,81,3907,3907,vap
WAYNE - 13,10,37010,State House District 10,,,1.0,10,010,HD-010,state_house,2024,sl_2023_149,SL 2023-149 House Lines (block-weighted December 2025 precinct basis),76,76,2184,2184,vap
WAYNE - 14,10,37010,State House District 10,,,1.0,10,010,HD-010,state_house,2024,sl_2023_149,SL 2023-149 House Lines (block-weighted December 2025 precinct basis),91,91,3392,3392,vap
WAYNE - 15,4,37004,State House District 4,,,0.7937397804251343,4,004,HD-004,state_house,2024,sl_2023_149,SL 2023-149 House Lines (block-weighted December 2025 precinct basis),118,154,3398,4281,vap
WAYNE - 15,10,37010,State House District 10,,,0.20626021957486568,10,010,HD-010,state_house,2024,sl_2023_149,SL 2023-149 House Lines (block-weighted December 2025 precinct basis),36,154,883,4281,vap
WAYNE - 16,4,37004,State House District 4,,,1.0,4,004,HD-004,state_house,2024,sl_2023_149,SL 2023-149 House Lines (block-weighted December 2025 precinct basis),92,92,2893,2893,vap
WAYNE - 17,4,37004,State House District 4,,,1.0,4,004,HD-004,state_house,2024,sl_2023_149,SL 2023-149 House Lines (block-weighted December 2025 precinct basis),161,163,1967,1967,vap
WAYNE - 18,10,37010,State House District 10,,,1.0,10,010,HD-010,state_house,2024,sl_2023_149,SL 2023-149 House Lines (block-weighted December 2025 precinct basis),98,98,1929,1929,vap
WAYNE - 1920,10,37010,State House District 10,,,1.0,10,010,HD-010,state_house,2024,sl_2023_149,SL 2023-149 House Lines (block-weighted December 2025 precinct basis),130,130,3436,3436,vap
WAYNE - 21,10,37010,State House District 10,,,1.0,10,010,HD-010,state_house,2024,sl_2023_149,SL 2023-149 House Lines (block-weighted December 2025 precinct basis),84,84,1878,1878,vap
WAYNE - 22,10,37010,State House District 10,,,1.0,10,010,HD-010,state_house,2024,sl_2023_149,SL 2023-149 House Lines (block-weighted December 2025 precinct basis),53,53,2131,2131,vap
WAYNE - 23,10,37010,State House District 10,,,1.0,10,010,HD-010,state_house,2024,sl_2023_149,SL 2023-149 House Lines (block-weighted December 2025 precinct basis),103,103,2904,2904,vap
WAYNE - 24,4,37004,State House District 4,,,1.0,4,004,HD-004,state_house,2024,sl_2023_149,SL 2023-149 House Lines (block-weighted December 2025 precinct basis),88,88,2972,2972,vap
WAYNE - 2530,4,37004,State House District 4,,,1.0,4,004,HD-004,state_house,2024,sl_2023_149,SL 2023-149 House Lines (block-weighted December 2025 precinct basis),278,278,4645,4645,vap
WAYNE - 26,4,37004,State House District 4,,,1.0,4,004,HD-004,state_house,2024,sl_2023_149,SL 2023-149 House Lines (block-weighted December 2025 precinct basis),89,89,3085,3085,vap
WAYNE - 27,4,37004,State House District 4,,,1.0,4,004,HD-004,state_house,2024,sl_2023_149,SL 2023-149 House Lines (block-weighted December 2025 precinct basis),55,55,2055,2055,vap
WAYNE - 28,4,37004,State House District 4,,,1.0,4,004,HD-004,state_house,2024,sl_2023_149,SL 2023-149 House Lines (block-weighted December 2025 precinct basis),108,108,4866,4866,vap
WAYNE - 29,10,37010,State House District 10,,,1.0,10,010,HD-010,state_house,2024,sl_2023_149,SL 2023-149 House Lines (block-weighted December 2025 precinct basis),87,87,2004,2004,vap
WILKES - 101,94,37094,State House District 94,,,1.0,94,094,HD-094,state_house,2024,sl_2023_149,SL 2023-149 House Lines (block-weighted December 2025 precinct basis),68,70,799,799,vap
WILKES - 102,94,37094,State House District 94,,,1.0,94,094,HD-094,state_house,2024,sl_2023_149,SL 2023-149 House Lines (block-weighted December 2025 precinct basis),78,78,1769,1769,vap
WILKES - 103,94,37094,State House District 94,,,1.0,94,094,HD-094,state_house,2024,sl_2023_149,SL 2023-149 House Lines (block-weighted December 2025 precinct basis),34,34,534,534,vap
WILKES - 104,94,37094,State House District 94,,,1.0,94,094,HD-094,state_house,2024,sl_2023_149,SL 2023-149 House Lines (block-weighted December 2025 precinct basis),53,53,2269,2269,vap
WILKES - 105,90,37090,State House District 90,,,1.0,90,090,HD-090,state_house,2024,sl_2023_149,SL 2023-149 House Lines (block-weighted December 2025 precinct basis),67,67,1386,1386,vap
WILKES - 106,90,37090,State House District 90,,,1.0,90,090,HD-090,state_house,2024,sl_2023_149,SL 2023-149 House Lines (block-weighted December 2025 precinct basis),53,53,1037,1037,vap
WILKES - 107,90,37090,State House District 90,,,1.0,90,090,HD-090,state_house,2024,sl_2023_149,SL 2023-149 House Lines (block-weighted December 2025 precinct basis),114,114,3015,3015,vap
WILKES - 108,94,37094,State House District 94,,,1.0,94,094,HD-094,state_house,2024,sl_2023_149,SL 2023-149 House Lines (block-weighted December 2025 precinct basis),80,80,1964,1964,vap
WILKES - 109,94,37094,State House District 94,,,1.0,94,094,HD-094,state_house,2024,sl_2023_149,SL 2023-149 House Lines (block-weighted December 2025 precinct basis),67,67,908,908,vap
WILKES - 111,94,37094,State House District 94,,,1.0,94,094,HD-094,state_house,2024,sl_2023_149,SL 2023-149 House Lines (block-weighted December 2025 precinct basis),59,59,2169,2169,vap
WILKES - 112,94,37094,State House District 94,,,1.0,94,094,HD-094,state_house,2024,sl_2023_149,SL 2023-149 House Lines (block-weighted December 2025 precinct basis),91,91,2416,2416,vap
WILKES - 113A,94,37094,State House District 94,,,1.0,94,094,HD-094,state_house,2024,sl_2023_149,SL 2023-149 House Lines (block-weighted December 2025 precinct basis),191,191,2304,2304,vap
WILKES - 114,94,37094,State House District 94,,,1.0,94,094,HD-094,state_house,2024,sl_2023_149,SL 2023-149 House Lines (block-weighted December 2025 precinct basis),53,53,772,772,vap
WILKES - 115A,94,37094,State House District 94,,,1.0,94,094,HD-094,state_house,2024,sl_2023_149,SL 2023-149 House Lines (block-weighted December 2025 precinct basis),81,81,4246,4246,vap
WILKES - 117,94,37094,State House District 94,,,1.0,94,094,HD-094,state_house,2024,sl_2023_149,SL 2023-149 House Lines (block-weighted December 2025 precinct basis),70,72,1335,1335,vap
WILKES - 118,94,37094,State House District 94,,,1.0,94,094,HD-094,state_house,2024,sl_2023_149,SL 2023-149 House Lines (block-weighted December 2025 precinct basis),206,206,3302,3302,vap
WILKES - 119,94,37094,State House District 94,,,1.0,94,094,HD-094,state_house,2024,sl_2023_149,SL 2023-149 House Lines (block-weighted December 2025 precinct basis),102,102,4695,4695,vap
WILKES - 120A,90,37090,State House District 90,,,1.0,90,090,HD-090,state_house,2024,sl_2023_149,SL 2023-149 House Lines (block-weighted December 2025 precinct basis),70,70,4597,4597,vap
WILKES - 122,94,37094,State House District 94,,,1.0,94,094,HD-094,state_house,2024,sl_2023_149,SL 2023-149 House Lines (block-weighted December 2025 precinct basis),66,66,822,822,vap
WILKES - 123A,90,37090,State House District 90,,,1.0,90,090,HD-090,state_house,2024,sl_2023_149,SL 2023-149 House Lines (block-weighted December 2025 precinct basis),131,131,2470,2470,vap
WILKES - 125,94,37094,State House District 94,,,1.0,94,094,HD-094,state_house,2024,sl_2023_149,SL 2023-149 House Lines (block-weighted December 2025 precinct basis),65,65,881,881,vap
WILKES - 126,90,37090,State House District 90,,,1.0,90,090,HD-090,state_house,2024,sl_2023_149,SL 2023-149 House Lines (block-weighted December 2025 precinct basis),85,85,902,902,vap
WILKES - 127,94,37094,State House District 94,,,1.0,94,094,HD-094,state_house,2024,sl_2023_149,SL 2023-149 House Lines (block-weighted December 2025 precinct basis),133,133,2794,2794,vap
WILKES - 128,94,37094,State House District 94,,,1.0,94,094,HD-094,state_house,2024,sl_2023_149,SL 2023-149 House Lines (block-weighted December 2025 precinct basis),127,127,3068,3068,vap
WILKES - 129,94,37094,State House District 94,,,1.0,94,094,HD-094,state_house,2024,sl_2023_149,SL 2023-149 House Lines (block-weighted December 2025 precinct basis),78,78,2197,2197,vap
WILSON - PRBL,24,37024,State House District 24,,,1.0,24,024,HD-024,state_house,2024,sl_2023_149,SL 2023-149 House Lines (block-weighted December 2025 precinct basis),187,187,2988,2988,vap
WILSON - PRCR,24,37024,State House District 24,,,1.0,24,024,HD-024,state_house,2024,sl_2023_149,SL 2023-149 House Lines (block-weighted December 2025 precinct basis),137,137,2814,2814,vap
WILSON - PRGA,24,37024,State House District 24,,,1.0,24,024,HD-024,state_house,2024,sl_2023_149,SL 2023-149 House Lines (block-weighted December 2025 precinct basis),67,67,2779,2779,vap
WILSON - PROL,24,37024,State House District 24,,,1.0,24,024,HD-024,state_house,2024,sl_2023_149,SL 2023-149 House Lines (block-weighted December 2025 precinct basis),230,230,4359,4359,vap
WILSON - PRSA,24,37024,State House District 24,,,1.0,24,024,HD-024,state_house,2024,sl_2023_149,SL 2023-149 House Lines (block-weighted December 2025 precinct basis),80,80,1143,1143,vap
WILSON - PRSP,24,37024,State House District 24,,,1.0,24,024,HD-024,state_house,2024,sl_2023_149,SL 2023-149 House Lines (block-weighted December 2025 precinct basis),97,97,2433,2433,vap
WILSON - PRST,24,37024,State House District 24,,,1.0,24,024,HD-024,state_house,2024,sl_2023_149,SL 2023-149 House Lines (block-weighted December 2025 precinct basis),98,98,1623,1623,vap
WILSON - PRTA,24,37024,State House District 24,,,1.0,24,024,HD-024,state_house,2024,sl_2023_149,SL 2023-149 House Lines (block-weighted December 2025 precinct basis),140,140,7226,7226,vap
WILSON - PRTO,24,37024,State House District 24,,,1.0,24,024,HD-024,state_house,2024,sl_2023_149,SL 2023-149 House Lines (block-weighted December 2025 precinct basis),230,230,4118,4118,vap
WILSON - PRWA,24,37024,State House District 24,,,1.0,24,024,HD-024,state_house,2024,sl_2023_149,SL 2023-149 House Lines (block-weighted December 2025 precinct basis),56,56,1317,1317,vap
WILSON - PRWB,24,37024,State House District 24,,,1.0,24,024,HD-024,state_house,2024,sl_2023_149,SL 2023-149 House Lines (block-weighted December 2025 precinct basis),101,101,1522,1522,vap
WILSON - PRWC,24,37024,State House District 24,,,1.0,24,024,HD-024,state_house,2024,sl_2023_149,SL 2023-149 House Lines (block-weighted December 2025 precinct basis),52,52,1860,1860,vap
WILSON - PRWD,24,37024,State House District 24,,,1.0,24,024,HD-024,state_house,2024,sl_2023_149,SL 2023-149 House Lines (block-weighted December 2025 precinct basis),65,65,1715,1715,vap
WILSON - PRWE,24,37024,State House District 24,,,1.0,24,024,HD-024,state_house,2024,sl_2023_149,SL 2023-149 House Lines (block-weighted December 2025 precinct basis),63,63,1707,1707,vap
WILSON - PRWH,24,37024,State House District 24,,,1.0,24,024,HD-024,state_house,2024,sl_2023_149,SL 2023-149 House Lines (block-weighted December 2025 precinct basis),85,85,1035,1035,vap
WILSON - PRWI,24,37024,State House District 24,,,1.0,24,024,HD-024,state_house,2024,sl_2023_149,SL 2023-149 House Lines (block-weighted December 2025 precinct basis),92,92,2303,2303,vap
WILSON - PRWJ,24,37024,State House District 24,,,1.0,24,024,HD-024,state_house,2024,sl_2023_149,SL 2023-149 House Lines (block-weighted December 2025 precinct basis),95,95,4154,4154,vap
WILSON - PRWK,24,37024,State House District 24,,,1.0,24,024,HD-024,state_house,2024,sl_2023_149,SL 2023-149 House Lines (block-weighted December 2025 precinct basis),37,37,1513,1513,vap
WILSON - PRWL,24,37024,State House District 24,,,1.0,24,024,HD-024,state_house,2024,sl_2023_149,SL 2023-149 House Lines (block-weighted December 2025 precinct basis),48,48,2602,2602,vap
WILSON - PRWM,24,37024,State House District 24,,,1.0,24,024,HD-024,state_house,2024,sl_2023_149,SL 2023-149 House Lines (block-weighted December 2025 precinct basis),97,97,4518,4518,vap
WILSON - PRWN,24,37024,State House District 24,,,1.0,24,024,HD-024,state_house,2024,sl_2023_149,SL 2023-149 House Lines (block-weighted December 2025 precinct basis),71,71,2697,2697,vap
WILSON - PRWP,24,37024,State House District 24,,,1.0,24,024,HD-024,state_house,2024,sl_2023_149,SL 2023-149 House Lines (block-weighted December 2025 precinct basis),31,31,1671,1671,vap
WILSON - PRWQ,24,37024,State House District 24,,,1.0,24,024,HD-024,state_house,2024,sl_2023_149,SL 2023-149 House Lines (block-weighted December 2025 precinct basis),52,52,718,718,vap
WILSON - PRWR,24,37024,State House District 24,,,1.0,24,024,HD-024,state_house,2024,sl_2023_149,SL 2023-149 House Lines (block-weighted December 2025 precinct basis),137,137,2240,2240,vap
YADKIN - BNVL,77,37077,State House District 77,,,1.0,77,077,HD-077,state_house,2024,sl_2023_149,SL 2023-149 House Lines (block-weighted December 2025 precinct basis),121,121,3255,3255,vap
YADKIN - DCRK,77,37077,State House District 77,,,1.0,77,077,HD-077,state_house,2024,sl_2023_149,SL 2023-149 House Lines (block-weighted December 2025 precinct basis),73,73,2409,2409,vap
YADKIN - EBND,77,37077,State House District 77,,,1.0,77,077,HD-077,state_house,2024,sl_2023_149,SL 2023-149 House Lines (block-weighted December 2025 precinct basis),69,69,2641,2641,vap
YADKIN - FBSH,77,37077,State House District 77,,,1.0,77,077,HD-077,state_house,2024,sl_2023_149,SL 2023-149 House Lines (block-weighted December 2025 precinct basis),65,65,3294,3294,vap
YADKIN - NBCK,77,37077,State House District 77,,,1.0,77,077,HD-077,state_house,2024,sl_2023_149,SL 2023-149 House Lines (block-weighted December 2025 precinct basis),79,79,1632,1632,vap
YADKIN - NFAL,77,37077,State House District 77,,,1.0,77,077,HD-077,state_house,2024,sl_2023_149,SL 2023-149 House Lines (block-weighted December 2025 precinct basis),41,41,1200,1200,vap
YADKIN - NKNB,77,37077,State House District 77,,,1.0,77,077,HD-077,state_house,2024,sl_2023_149,SL 2023-149 House Lines (block-weighted December 2025 precinct basis),148,148,3510,3510,vap
YADKIN - NLIB,77,37077,State House District 77,,,1.0,77,077,HD-077,state_house,2024,sl_2023_149,SL 2023-149 House Lines (block-weighted December 2025 precinct basis),140,140,4832,4832,vap
YADKIN - SBCK,77,37077,State House District 77,,,1.0,77,077,HD-077,state_house,2024,sl_2023_149,SL 2023-149 House Lines (block-weighted December 2025 precinct basis),58,58,1026,1026,vap
YADKIN - SFAL,77,37077,State House District 77,,,1.0,77,077,HD-077,state_house,2024,sl_2023_149,SL 2023-149 House Lines (block-weighted December 2025 precinct basis),41,41,1976,1976,vap
YADKIN - SKNB,77,37077,State House District 77,,,1.0,77,077,HD-077,state_house,2024,sl_2023_149,SL 2023-149 House Lines (block-weighted December 2025 precinct basis),50,50,1352,1352,vap
YADKIN - SLIB,77,37077,State House District 77,,,1.0,77,077,HD-077,state_house,2024,sl_2023_149,SL 2023-149 House Lines (block-weighted December 2025 precinct basis),57,57,2342,2342,vap
YANCEY - 01 BUR,85,37085,State House District 85,,,1.0,85,085,HD-085,state_house,2024,sl_2023_149,SL 2023-149 House Lines (block-weighted December 2025 precinct basis),123,123,3687,3687,vap
YANCEY - 02 CAN,85,37085,State House District 85,,,1.0,85,085,HD-085,state_house,2024,sl_2023_149,SL 2023-149 House Lines (block-weighted December 2025 precinct basis),42,42,1526,1526,vap
YANCEY - 03 EGY,85,37085,State House District 85,,,1.0,85,085,HD-085,state_house,2024,sl_2023_149,SL 2023-149 House Lines (block-weighted December 2025 precinct basis),47,47,631,631,vap
YANCEY - 04 RAM,85,37085,State House District 85,,,1.0,85,085,HD-085,state_house,2024,sl_2023_149,SL 2023-149 House Lines (block-weighted December 2025 precinct basis),35,35,385,385,vap
YANCEY - 05 GRE,85,37085,State House District 85,,,1.0,85,085,HD-085,state_house,2024,sl_2023_149,SL 2023-149 House Lines (block-weighted December 2025 precinct basis),17,17,493,493,vap
YANCEY - 06 JAC,85,37085,State House District 85,,,1.0,85,085,HD-085,state_house,2024,sl_2023_149,SL 2023-149 House Lines (block-weighted December 2025 precinct basis),39,39,1531,1531,vap
YANCEY - 07 BRU,85,37085,State House District 85,,,1.0,85,085,HD-085,state_house,2024,sl_2023_149,SL 2023-149 House Lines (block-weighted December 2025 precinct basis),20,20,457,457,vap
YANCEY - 08 CRA,85,37085,State House District 85,,,1.0,85,085,HD-085,state_house,2024,sl_2023_149,SL 2023-149 House Lines (block-weighted December 2025 precinct basis),75,75,2689,2689,vap
YANCEY - 09 SOU,85,37085,State House District 85,,,1.0,85,085,HD-085,state_house,2024,sl_2023_149,SL 2023-149 House Lines (block-weighted December 2025 precinct basis),83,83,1925,1925,vap
YANCEY - 10 PEN,85,37085,State House District 85,,,1.0,85,085,HD-085,state_house,2024,sl_2023_149,SL 2023-149 House Lines (block-weighted December 2025 precinct basis),38,38,532,532,vap
YANCEY - 11 PRI,85,37085,State House District 85,,,1.0,85,085,HD-085,state_house,2024,sl_2023_149,SL 2023-149 House Lines (block-weighted December 2025 precinct basis),61,61,1225,1225,vap
