sbe_precinct_id,onemap_precinct_id,vap_weight,block_count,src_vap_total,share
ALAMANCE - 01,ALAMANCE - 01,4066,98,4066,1.0
ALAMANCE - 02,ALAMANCE - 02,3766,136,3766,1.0
ALAMANCE - 035,ALAMANCE - 035,7042,138,7042,1.0
ALAMANCE - 03C,ALAMANCE - 03C,2246,76,2246,1.0
ALAMANCE - 03N,ALAMANCE - 03N,5006,94,5006,1.0
ALAMANCE - 03N2,ALAMANCE - 03N2,791,12,791,1.0
ALAMANCE - 03S,ALAMANCE - 03SE,4636,122,8160,0.5681372549019608
ALAMANCE - 03S,ALAMANCE - 03SM,3524,70,8160,0.43186274509803924
ALAMANCE - 03W,ALAMANCE - 03W,3111,80,3111,1.0
ALAMANCE - 04,ALAMANCE - 04,4307,129,4307,1.0
ALAMANCE - 05,ALAMANCE - 05,2756,102,2756,1.0
ALAMANCE - 063,ALAMANCE - 063,3574,81,3574,1.0
ALAMANCE - 063,ALAMANCE - 06N,0,1,3574,0.0
ALAMANCE - 064,ALAMANCE - 064,4952,103,4952,1.0
ALAMANCE - 06E,ALAMANCE - 06E,3183,90,3183,1.0
ALAMANCE - 06N,ALAMANCE - 06N,3587,118,3587,1.0
ALAMANCE - 06S,ALAMANCE - 06S,3986,107,3986,1.0
ALAMANCE - 06S,ALAMANCE - 06E,0,1,3986,0.0
ALAMANCE - 06W,ALAMANCE - 06W,1573,36,1573,1.0
ALAMANCE - 07,ALAMANCE - 07,3475,68,3475,1.0
ALAMANCE - 08N,ALAMANCE - 08N,3284,59,3284,1.0
ALAMANCE - 08S,ALAMANCE - 08S,1647,64,1647,1.0
ALAMANCE - 09N,ALAMANCE - 09N,2596,73,2596,1.0
ALAMANCE - 09S,ALAMANCE - 09S,5208,109,5208,1.0
ALAMANCE - 103,ALAMANCE - 103,3556,95,3556,1.0
ALAMANCE - 104,ALAMANCE - 104,2542,83,2542,1.0
ALAMANCE - 10N,ALAMANCE - 10N,3779,133,3779,1.0
ALAMANCE - 10S1,ALAMANCE - 10S1,6835,121,6835,1.0
ALAMANCE - 11,ALAMANCE - 11,3743,75,3743,1.0
ALAMANCE - 1210,ALAMANCE - 1210,2413,38,2413,1.0
ALAMANCE - 124,ALAMANCE - 124,1991,61,1991,1.0
ALAMANCE - 125,ALAMANCE - 125,2415,61,2415,1.0
ALAMANCE - 126,ALAMANCE - 126,1682,38,1682,1.0
ALAMANCE - 127,ALAMANCE - 127,5610,144,5610,1.0
ALAMANCE - 128,ALAMANCE - 128,2815,84,2815,1.0
ALAMANCE - 129,ALAMANCE - 129,1932,75,1932,1.0
ALAMANCE - 12E,ALAMANCE - 12E,2632,98,2632,1.0
ALAMANCE - 12N,ALAMANCE - 12N,4789,127,4789,1.0
ALAMANCE - 12S,ALAMANCE - 12S,1956,68,1956,1.0
ALAMANCE - 12W,ALAMANCE - 12W,2289,98,2289,1.0
ALAMANCE - 13,ALAMANCE - 13,4674,228,4674,1.0
ALEXANDER - B1,ALEXANDER - B1,3088,73,3088,1.0
ALEXANDER - B2,ALEXANDER - B2,3594,63,3594,1.0
ALEXANDER - E,ALEXANDER - E,2563,87,2563,1.0
ALEXANDER - G1G2,ALEXANDER - G1G2,1696,113,1696,1.0
ALEXANDER - LRSL,ALEXANDER - LRSL,2066,91,2066,1.0
ALEXANDER - LRSL,ALEXANDER - S1S2,0,1,2066,0.0
ALEXANDER - M,ALEXANDER - M,2039,43,2039,1.0
ALEXANDER - S1S2,ALEXANDER - S1S2,3320,123,3320,1.0
ALEXANDER - S1S2,ALEXANDER - G1G2,0,1,3320,0.0
ALEXANDER - T1T4T5,ALEXANDER - T1T4T5,5857,149,5857,1.0
ALEXANDER - T2T3,ALEXANDER - T2T3,3215,143,3215,1.0
ALEXANDER - W,ALEXANDER - W,1835,32,1835,1.0
ALLEGHANY - 01,ALLEGHANY - 01,1304,118,1304,1.0
ALLEGHANY - 03A,ALLEGHANY - 03A,4239,259,4239,1.0
ALLEGHANY - 04,ALLEGHANY - 04,1621,98,1621,1.0
ALLEGHANY - 06A,ALLEGHANY - 06A,1778,228,1778,1.0
ANSON - ANS,ANSON - ANS,1109,142,1109,1.0
ANSON - BURN,ANSON - BURN,1383,99,1383,1.0
ANSON - GULL,ANSON - GULL,1065,73,1065,1.0
ANSON - LILE,ANSON - LILE,2296,236,2296,1.0
ANSON - MM,ANSON - MM,1194,123,1194,1.0
ANSON - PEAC,ANSON - PEAC,1381,128,1381,1.0
ANSON - POLK,ANSON - POLK,1130,84,1130,1.0
ANSON - WADES,ANSON - WADES,7923,351,7923,1.0
ANSON - WS,ANSON - WS,364,74,364,1.0
ASHE - 02,ASHE - 02,1357,44,1357,1.0
ASHE - 02,ASHE - 03,0,1,1357,0.0
ASHE - 03,ASHE - 03,482,25,482,1.0
ASHE - 04,ASHE - 04,491,40,491,1.0
ASHE - 06,ASHE - 06,538,31,538,1.0
ASHE - 07,ASHE - 07,470,31,470,1.0
ASHE - 08,ASHE - 08,226,20,226,1.0
ASHE - 09,ASHE - 09,3920,159,3920,1.0
ASHE - 09,ASHE - 13,0,1,3920,0.0
ASHE - 10,ASHE - 10,304,12,304,1.0
ASHE - 11,ASHE - 11,2321,133,2321,1.0
ASHE - 12,ASHE - 12,736,26,736,1.0
ASHE - 13,ASHE - 13,1103,74,1103,1.0
ASHE - 14,ASHE - 14,2383,89,2383,1.0
ASHE - 15,ASHE - 15,986,70,986,1.0
ASHE - 16,ASHE - 16,2102,112,2102,1.0
ASHE - 17,ASHE - 17,899,44,899,1.0
ASHE - 18,ASHE - 18,195,18,195,1.0
ASHE - 20,ASHE - 20,3416,205,3471,0.9841544223566695
ASHE - 20,ASHE - 09,55,1,3471,0.01584557764333045
ASHE - 20,ASHE - 13,0,1,3471,0.0
AVERY - 01,AVERY - 01,912,62,912,1.0
AVERY - 02,AVERY - 02,2879,225,2879,1.0
AVERY - 03,AVERY - 03,495,42,495,1.0
AVERY - 04,AVERY - 04,120,47,120,1.0
AVERY - 05,AVERY - 05,410,27,410,1.0
AVERY - 06,AVERY - 06,981,67,981,1.0
AVERY - 07,AVERY - 07,223,9,223,1.0
AVERY - 08,AVERY - 08,268,23,268,1.0
AVERY - 09,AVERY - 09,355,17,355,1.0
AVERY - 10,AVERY - 10,2675,34,2675,1.0
AVERY - 11,AVERY - 11,565,73,565,1.0
AVERY - 12,AVERY - 12,309,12,309,1.0
AVERY - 13,AVERY - 13,527,21,527,1.0
AVERY - 14,AVERY - 14,926,52,926,1.0
AVERY - 15,AVERY - 15,837,58,837,1.0
AVERY - 16,AVERY - 16,1371,111,1371,1.0
AVERY - 17,AVERY - 17,527,26,527,1.0
AVERY - 18,AVERY - 18,360,22,360,1.0
AVERY - 19,AVERY - 19,364,20,364,1.0
BEAUFORT - AUROR,BEAUFORT - AUROR,1079,205,1079,1.0
BEAUFORT - BEADM,BEAUFORT - BEADM,1885,57,1885,1.0
BEAUFORT - BELHV,BEAUFORT - BELHV,1639,139,1639,1.0
BEAUFORT - BLCK,BEAUFORT - BLCK,861,83,861,1.0
BEAUFORT - CHOCO,BEAUFORT - CHOCO,4281,205,4281,1.0
BEAUFORT - EDWAR,BEAUFORT - EDWAR,1043,137,1043,1.0
BEAUFORT - GILEA,BEAUFORT - GILEA,2035,45,2035,1.0
BEAUFORT - HB,BEAUFORT - HB,854,58,854,1.0
BEAUFORT - NCRK,BEAUFORT - NCRK,1364,97,1364,1.0
BEAUFORT - OLDF,BEAUFORT - OLDF,1583,63,1583,1.0
BEAUFORT - PANTE,BEAUFORT - PANTE,1246,88,1246,1.0
BEAUFORT - PANTE,BEAUFORT - BELHV,0,1,1246,0.0
BEAUFORT - PINET,BEAUFORT - PINET,927,118,927,1.0
BEAUFORT - PSJW3,BEAUFORT - PSJW3,1568,73,1568,1.0
BEAUFORT - RVRD,BEAUFORT - RVRD,2430,43,2430,1.0
BEAUFORT - SURBA,BEAUFORT - SURBA,1862,110,1862,1.0
BEAUFORT - TCRK,BEAUFORT - TCRK,2586,130,2586,1.0
BEAUFORT - WASH1,BEAUFORT - WASH1,1672,98,1672,1.0
BEAUFORT - WASH2,BEAUFORT - WASH2,1672,142,1672,1.0
BEAUFORT - WASH4,BEAUFORT - WASH4,2544,88,2544,1.0
BEAUFORT - WASHP,BEAUFORT - WASHP,1220,54,1220,1.0
BEAUFORT - WDPD,BEAUFORT - WDPD,1654,39,1654,1.0
BERTIE - C1,BERTIE - C1,952,45,952,1.0
BERTIE - C2,BERTIE - C2,1424,48,1424,1.0
BERTIE - IW,BERTIE - IW,340,25,340,1.0
BERTIE - IW,BERTIE - W1,0,1,340,0.0
BERTIE - M1,BERTIE - M1,748,39,748,1.0
BERTIE - M2,BERTIE - M2,860,71,860,1.0
BERTIE - MH,BERTIE - MH,751,71,751,1.0
BERTIE - RX,BERTIE - RX,1081,91,1081,1.0
BERTIE - SN,BERTIE - SN,852,40,852,1.0
BERTIE - W1,BERTIE - W1,5279,217,5279,1.0
BERTIE - W2,BERTIE - W2,707,27,707,1.0
BERTIE - WD,BERTIE - WD,807,72,807,1.0
BERTIE - WH,BERTIE - WH,1095,55,1095,1.0
BLADEN - P10,BLADEN - P10,742,75,742,1.0
BLADEN - P15,BLADEN - P15,2894,136,2894,1.0
BLADEN - P201,BLADEN - P201,1408,116,1408,1.0
BLADEN - P202,BLADEN - P202,2631,101,2631,1.0
BLADEN - P25,BLADEN - P25,1099,121,1099,1.0
BLADEN - P30,BLADEN - P30,1300,120,1300,1.0
BLADEN - P35,BLADEN - P35,763,46,763,1.0
BLADEN - P40,BLADEN - P40,1604,146,1604,1.0
BLADEN - P40,BLADEN - P65,0,1,1604,0.0
BLADEN - P45,BLADEN - P45,594,57,594,1.0
BLADEN - P501,BLADEN - P501,2706,163,2706,1.0
BLADEN - P502,BLADEN - P502,1940,113,1940,1.0
BLADEN - P55,BLADEN - P55,650,89,650,1.0
BLADEN - P60,BLADEN - P60,1598,113,1598,1.0
BLADEN - P65,BLADEN - P65,630,68,630,1.0
BLADEN - P70,BLADEN - P70,454,55,454,1.0
BLADEN - P75,BLADEN - P75,1208,110,1208,1.0
BLADEN - P80,BLADEN - P80,1205,90,1205,1.0
BRUNSWICK - CB01,BRUNSWICK - CB01,2372,170,2372,1.0
BRUNSWICK - CB02,BRUNSWICK - CB02,7377,449,7377,1.0
BRUNSWICK - CB03,BRUNSWICK - CB03,2662,104,2662,1.0
BRUNSWICK - CB04,BRUNSWICK - CB04,4353,266,4353,1.0
BRUNSWICK - CB04,BRUNSWICK - CB02,0,1,4353,0.0
BRUNSWICK - CB05,BRUNSWICK - CB05,3617,117,3617,1.0
BRUNSWICK - CB06,BRUNSWICK - CB06,4365,238,4365,1.0
BRUNSWICK - CB06,BRUNSWICK - CB01,0,1,4365,0.0
BRUNSWICK - CB06,BRUNSWICK - CB05,0,2,4365,0.0
BRUNSWICK - CB06,BRUNSWICK - SB03,0,1,4365,0.0
BRUNSWICK - NB01,BRUNSWICK - NB01,2112,125,2112,1.0
BRUNSWICK - NB02,BRUNSWICK - NB02,7219,210,7219,1.0
BRUNSWICK - NB03,BRUNSWICK - NB03,4662,211,4662,1.0
BRUNSWICK - NB04,BRUNSWICK - NB04,6646,109,6646,1.0
BRUNSWICK - NB05,BRUNSWICK - NB05,4028,102,4028,1.0
BRUNSWICK - NB06,BRUNSWICK - NB06,4003,81,4003,1.0
BRUNSWICK - NB07,BRUNSWICK - NB07,7565,169,7565,1.0
BRUNSWICK - SB01,BRUNSWICK - SB01,2271,140,2271,1.0
BRUNSWICK - SB02,BRUNSWICK - SB02,5140,309,5140,1.0
BRUNSWICK - SB03,BRUNSWICK - SB03,6975,124,6975,1.0
BRUNSWICK - SB03,BRUNSWICK - SB08,0,1,6975,0.0
BRUNSWICK - SB04,BRUNSWICK - SB04,3561,286,3561,1.0
BRUNSWICK - SB05,BRUNSWICK - SB05,3400,137,3400,1.0
BRUNSWICK - SB06,BRUNSWICK - SB06,3153,155,3153,1.0
BRUNSWICK - SB07,BRUNSWICK - SB07,3042,208,3042,1.0
BRUNSWICK - SB07,BRUNSWICK - SB08,0,1,3042,0.0
BRUNSWICK - SB08,BRUNSWICK - SB08,2141,120,2141,1.0
BRUNSWICK - SB08,BRUNSWICK - SB07,0,1,2141,0.0
BRUNSWICK - WB01,BRUNSWICK - WB01,2282,145,2282,1.0
BRUNSWICK - WB02,BRUNSWICK - WB02,4960,92,4960,1.0
BRUNSWICK - WB03,BRUNSWICK - WB03,1471,55,1471,1.0
BRUNSWICK - WB04,BRUNSWICK - WB04,6650,191,6650,1.0
BRUNSWICK - WB05,BRUNSWICK - WB05,4136,180,4136,1.0
BRUNSWICK - WB06,BRUNSWICK - WB06,6443,280,6443,1.0
BUNCOMBE - 01.1,BUNCOMBE - 01.1,2752,80,2752,1.0
BUNCOMBE - 02.1,BUNCOMBE - 02.1,3339,97,3339,1.0
BUNCOMBE - 02.1,BUNCOMBE - 03.1,0,1,3339,0.0
BUNCOMBE - 03.1,BUNCOMBE - 03.1,2409,60,2409,1.0
BUNCOMBE - 03.1,BUNCOMBE - 01.1,0,1,2409,0.0
BUNCOMBE - 04.1,BUNCOMBE - 04.1,1402,34,1402,1.0
BUNCOMBE - 05.1,BUNCOMBE - 05.1,2478,81,2504,0.9896166134185304
BUNCOMBE - 05.1,BUNCOMBE - 71.1,26,1,2504,0.010383386581469648
BUNCOMBE - 05.1,BUNCOMBE - 70.1,0,1,2504,0.0
BUNCOMBE - 06.1,BUNCOMBE - 06.1,1499,35,1499,1.0
BUNCOMBE - 07.1,BUNCOMBE - 07.1,1875,57,1875,1.0
BUNCOMBE - 08.2,BUNCOMBE - 08.2,3451,57,3451,1.0
BUNCOMBE - 08.3,BUNCOMBE - 08.3,3164,87,3164,1.0
BUNCOMBE - 09.1,BUNCOMBE - 09.1,4654,82,4654,1.0
BUNCOMBE - 10.1,BUNCOMBE - 10.1,1643,56,1643,1.0
BUNCOMBE - 11.1,BUNCOMBE - 11.1,1785,47,1785,1.0
BUNCOMBE - 12.1,BUNCOMBE - 12.1,2337,59,2337,1.0
BUNCOMBE - 13.1,BUNCOMBE - 13.1,2650,55,2650,1.0
BUNCOMBE - 14.2,BUNCOMBE - 14.2,2644,82,2644,1.0
BUNCOMBE - 14.2,BUNCOMBE - 02.1,0,1,2644,0.0
BUNCOMBE - 14.3,BUNCOMBE - 14.3,1841,19,1841,1.0
BUNCOMBE - 15.1,BUNCOMBE - 15.1,2146,38,2146,1.0
BUNCOMBE - 16.2,BUNCOMBE - 16.2,3174,66,3174,1.0
BUNCOMBE - 17.1,BUNCOMBE - 17.1,1622,53,1622,1.0
BUNCOMBE - 18.2,BUNCOMBE - 18.2,5601,86,5601,1.0
BUNCOMBE - 19.1,BUNCOMBE - 19.1,2209,20,2209,1.0
BUNCOMBE - 20.1,BUNCOMBE - 20.1,1069,26,1069,1.0
BUNCOMBE - 21.1,BUNCOMBE - 21.1,3061,41,3061,1.0
BUNCOMBE - 22.2,BUNCOMBE - 22.2,2273,59,2273,1.0
BUNCOMBE - 23.2,BUNCOMBE - 23.2,574,22,574,1.0
BUNCOMBE - 23.3,BUNCOMBE - 23.3,805,17,805,1.0
BUNCOMBE - 24.1,BUNCOMBE - 24.1,2810,95,2810,1.0
BUNCOMBE - 25.1,BUNCOMBE - 25.1,2737,46,2737,1.0
BUNCOMBE - 25.1,BUNCOMBE - 60.2,0,1,2737,0.0
BUNCOMBE - 26.1,BUNCOMBE - 26.1,2240,47,2240,1.0
BUNCOMBE - 27.2,BUNCOMBE - 27.2,830,32,830,1.0
BUNCOMBE - 28.1,BUNCOMBE - 28.1,3257,41,3257,1.0
BUNCOMBE - 29.2,BUNCOMBE - 29.2,3465,37,3465,1.0
BUNCOMBE - 30.2,BUNCOMBE - 30.2,3442,30,3442,1.0
BUNCOMBE - 30.3,BUNCOMBE - 30.3,3365,56,3365,1.0
BUNCOMBE - 31.1,BUNCOMBE - 31.1,1150,58,1150,1.0
BUNCOMBE - 32.1,BUNCOMBE - 32.1,2811,76,2811,1.0
BUNCOMBE - 33.2,BUNCOMBE - 33.2,1402,58,1402,1.0
BUNCOMBE - 33.3,BUNCOMBE - 33.3,2201,62,2201,1.0
BUNCOMBE - 34.1,BUNCOMBE - 34.1,1173,51,1173,1.0
BUNCOMBE - 35.1,BUNCOMBE - 35.1,2119,52,2119,1.0
BUNCOMBE - 36.1,BUNCOMBE - 36.1,2634,86,2634,1.0
BUNCOMBE - 37.1,BUNCOMBE - 37.1,1637,82,1637,1.0
BUNCOMBE - 38.2,BUNCOMBE - 38.2,1872,37,1872,1.0
BUNCOMBE - 38.3,BUNCOMBE - 38.3,3509,55,3509,1.0
BUNCOMBE - 39.2,BUNCOMBE - 39.2,1691,41,1691,1.0
BUNCOMBE - 39.3,BUNCOMBE - 39.3,2737,48,2737,1.0
BUNCOMBE - 40.2,BUNCOMBE - 40.2,4154,80,4154,1.0
BUNCOMBE - 41.1,BUNCOMBE - 41.1,3929,86,3929,1.0
BUNCOMBE - 42.1,BUNCOMBE - 42.1,3137,61,3137,1.0
BUNCOMBE - 43.2,BUNCOMBE - 43.2,2232,33,2232,1.0
BUNCOMBE - 44.1,BUNCOMBE - 44.1,6208,132,6208,1.0
BUNCOMBE - 45.1,BUNCOMBE - 45.1,4792,85,4792,1.0
BUNCOMBE - 46.1,BUNCOMBE - 46.1,1679,45,1679,1.0
BUNCOMBE - 47.1,BUNCOMBE - 47.1,4911,101,4911,1.0
BUNCOMBE - 48.1,BUNCOMBE - 48.1,4780,90,4780,1.0
BUNCOMBE - 49.1,BUNCOMBE - 49.1,4984,76,4984,1.0
BUNCOMBE - 50.1,BUNCOMBE - 50.1,1699,54,1699,1.0
BUNCOMBE - 51.2,BUNCOMBE - 51.2,2252,62,2252,1.0
BUNCOMBE - 52.1,BUNCOMBE - 52.1,4661,69,4661,1.0
BUNCOMBE - 53.1,BUNCOMBE - 53.1,3568,67,3568,1.0
BUNCOMBE - 54.2,BUNCOMBE - 54.2,5417,173,5417,1.0
BUNCOMBE - 55.1,BUNCOMBE - 55.1,3039,40,3039,1.0
BUNCOMBE - 56.2,BUNCOMBE - 56.2,2149,35,2149,1.0
BUNCOMBE - 57.1,BUNCOMBE - 57.1,2921,58,2921,1.0
BUNCOMBE - 57.1,BUNCOMBE - 19.1,0,1,2921,0.0
BUNCOMBE - 58.1,BUNCOMBE - 58.1,2422,83,2422,1.0
BUNCOMBE - 59.1,BUNCOMBE - 59.1,4014,76,4014,1.0
BUNCOMBE - 59.1,BUNCOMBE - 67.1,0,1,4014,0.0
BUNCOMBE - 60.2,BUNCOMBE - 60.2,1631,19,1631,1.0
BUNCOMBE - 60.4,BUNCOMBE - 60.4,1486,35,1486,1.0
BUNCOMBE - 61.1,BUNCOMBE - 61.1,2448,58,2448,1.0
BUNCOMBE - 62.1,BUNCOMBE - 62.1,2845,26,2845,1.0
BUNCOMBE - 63.1,BUNCOMBE - 63.1,673,19,673,1.0
BUNCOMBE - 64.1,BUNCOMBE - 64.1,2271,81,2271,1.0
BUNCOMBE - 65.1,BUNCOMBE - 65.1,3333,77,3333,1.0
BUNCOMBE - 66.1,BUNCOMBE - 66.1,2057,42,2057,1.0
BUNCOMBE - 67.1,BUNCOMBE - 67.1,2501,62,2505,0.9984031936127744
BUNCOMBE - 67.1,BUNCOMBE - 59.1,4,1,2505,0.0015968063872255488
BUNCOMBE - 68.1,BUNCOMBE - 68.1,5463,84,5463,1.0
BUNCOMBE - 681,BUNCOMBE - 681,440,11,440,1.0
BUNCOMBE - 69.1,BUNCOMBE - 69.1,3355,52,3355,1.0
BUNCOMBE - 70.1,BUNCOMBE - 70.1,3938,117,3938,1.0
BUNCOMBE - 71.1,BUNCOMBE - 71.1,4916,137,4916,1.0
BURKE - 0001,BURKE - 0001,3728,139,3728,1.0
BURKE - 0003,BURKE - 0003,1391,41,1391,1.0
BURKE - 0011,BURKE - 0011,3385,122,3385,1.0
BURKE - 0012,BURKE - 0012,2044,40,2044,1.0
BURKE - 0013,BURKE - 0013,3258,103,3258,1.0
BURKE - 0014,BURKE - 0014,2324,66,2324,1.0
BURKE - 0015,BURKE - 0015,1841,90,1841,1.0
BURKE - 0018,BURKE - 0018,560,51,560,1.0
BURKE - 0019,BURKE - 0019,571,52,571,1.0
BURKE - 0020,BURKE - 0020,895,41,895,1.0
BURKE - 0021,BURKE - 0021,1712,78,1712,1.0
BURKE - 0022,BURKE - 0022,2315,136,2315,1.0
BURKE - 0022,BURKE - 0024,0,1,2315,0.0
BURKE - 0024,BURKE - 0024,2784,138,2790,0.9978494623655914
BURKE - 0024,BURKE - 0022,6,1,2790,0.002150537634408602
BURKE - 0029-A,BURKE - 0071,1336,38,1339,0.9977595220313666
BURKE - 0029-A,BURKE - 0012,3,1,1339,0.0022404779686333084
BURKE - 0029-B,BURKE - 0071,1312,81,1312,1.0
BURKE - 0031,BURKE - 0031,2963,106,2963,1.0
BURKE - 0034,BURKE - 0034,2360,61,2360,1.0
BURKE - 0034,BURKE - 0070,0,1,2360,0.0
BURKE - 0035,BURKE - 0035,1997,35,1997,1.0
BURKE - 0036,BURKE - 0036,2194,76,2194,1.0
BURKE - 0038,BURKE - 0038,2740,65,2740,1.0
BURKE - 0039,BURKE - 0039,2589,82,2589,1.0
BURKE - 0040,BURKE - 0040,2053,71,2053,1.0
BURKE - 0047-A,BURKE - 0047-A,2137,31,2137,1.0
BURKE - 0047-B,BURKE - 0047-B,1415,22,1415,1.0
BURKE - 0048,BURKE - 0048,2154,53,2154,1.0
BURKE - 0051,BURKE - 0051,3819,125,3819,1.0
BURKE - 0052,BURKE - 0052,1745,49,1745,1.0
BURKE - 0053,BURKE - 0072,2799,60,2799,1.0
BURKE - 0062,BURKE - 0062,952,65,952,1.0
BURKE - 0062,BURKE - 0066,0,1,952,0.0
BURKE - 0064,BURKE - 0064,856,55,856,1.0
BURKE - 0065,BURKE - 0072,2272,30,2272,1.0
BURKE - 0066,BURKE - 0066,2626,60,2626,1.0
BURKE - 0070,BURKE - 0070,2882,53,2882,1.0
BURKE - 0070,BURKE - 0034,0,1,2882,0.0
CABARRUS - 01-02,CABARRUS - 01-02,3246,49,3246,1.0
CABARRUS - 01-04,CABARRUS - 01-04,5884,90,5884,1.0
CABARRUS - 01-07,CABARRUS - 01-07,2891,65,2891,1.0
CABARRUS - 01-08,CABARRUS - 01-08,5328,78,5328,1.0
CABARRUS - 01-10,CABARRUS - 01-10,3168,99,3168,1.0
CABARRUS - 01-10,CABARRUS - 01-07,0,1,3168,0.0
CABARRUS - 01-11,CABARRUS - 01-11,4871,125,4871,1.0
CABARRUS - 02-01,CABARRUS - 02-01,3969,41,3969,1.0
CABARRUS - 02-02,CABARRUS - 02-02,5292,42,5292,1.0
CABARRUS - 02-03,CABARRUS - 02-03,7320,153,7322,0.9997268505872713
CABARRUS - 02-03,CABARRUS - 01-11,2,1,7322,0.0002731494127287626
CABARRUS - 02-03,CABARRUS - 02-02,0,1,7322,0.0
CABARRUS - 02-05,CABARRUS - 02-05,4912,52,4912,1.0
CABARRUS - 02-06,CABARRUS - 02-06,4664,52,4664,1.0
CABARRUS - 02-07,CABARRUS - 02-07,3760,40,3760,1.0
CABARRUS - 02-07,CABARRUS - 02-08,0,1,3760,0.0
CABARRUS - 02-08,CABARRUS - 02-08,8563,176,8563,1.0
CABARRUS - 02-09,CABARRUS - 02-09,9237,160,9237,1.0
CABARRUS - 03-00,CABARRUS - 03-00,6066,140,6066,1.0
CABARRUS - 04-01,CABARRUS - 04-01,3476,132,3476,1.0
CABARRUS - 04-03,CABARRUS - 04-03,3353,124,3353,1.0
CABARRUS - 04-03,CABARRUS - 04-11,0,1,3353,0.0
CABARRUS - 04-08,CABARRUS - 04-08,1961,45,1961,1.0
CABARRUS - 04-09,CABARRUS - 04-09,3849,80,3849,1.0
CABARRUS - 04-09,CABARRUS - 03-00,0,1,3849,0.0
CABARRUS - 04-11,CABARRUS - 04-11,3931,187,3931,1.0
CABARRUS - 04-12,CABARRUS - 04-12,6324,194,6324,1.0
CABARRUS - 04-13,CABARRUS - 04-13,6167,111,6167,1.0
CABARRUS - 05-00,CABARRUS - 05-00,3040,122,3040,1.0
CABARRUS - 06-00,CABARRUS - 06-00,2312,71,2312,1.0
CABARRUS - 07-00,CABARRUS - 07-00,1279,59,1279,1.0
CABARRUS - 08-00,CABARRUS - 08-00,4227,164,4227,1.0
CABARRUS - 09-00,CABARRUS - 09-00,3010,90,3010,1.0
CABARRUS - 10-00,CABARRUS - 10-00,6250,226,6250,1.0
CABARRUS - 11-01,CABARRUS - 11-01,7236,113,7236,1.0
CABARRUS - 11-02,CABARRUS - 11-02,3717,98,3717,1.0
CABARRUS - 12-03,CABARRUS - 12-03,2490,108,2490,1.0
CABARRUS - 12-04,CABARRUS - 12-04,3607,81,3607,1.0
CABARRUS - 12-04,CABARRUS - 12-03,0,1,3607,0.0
CABARRUS - 12-05,CABARRUS - 12-05,2719,65,2719,1.0
CABARRUS - 12-08,CABARRUS - 12-08,2373,90,2373,1.0
CABARRUS - 12-08,CABARRUS - 02-01,0,1,2373,0.0
CABARRUS - 12-09,CABARRUS - 12-09,3192,73,3192,1.0
CABARRUS - 12-11,CABARRUS - 12-11,2288,65,2288,1.0
CABARRUS - 12-12,CABARRUS - 12-12,2559,73,2559,1.0
CABARRUS - 12-13,CABARRUS - 12-13,5783,213,5783,1.0
CABARRUS - 12-14,CABARRUS - 12-14,3223,85,3223,1.0
CALDWELL - PR001,CALDWELL - 1,6039,145,6039,1.0
CALDWELL - PR002,CALDWELL - 2,2238,216,2238,1.0
CALDWELL - PR003,CALDWELL - 3,1316,51,1316,1.0
CALDWELL - PR004,CALDWELL - 4,3439,104,3439,1.0
CALDWELL - PR005,CALDWELL - 5,3912,162,3912,1.0
CALDWELL - PR006,CALDWELL - 6,1977,46,1977,1.0
CALDWELL - PR007,CALDWELL - 7,2143,72,2143,1.0
CALDWELL - PR007,CALDWELL - 13,0,1,2143,0.0
CALDWELL - PR008,CALDWELL - 8,4281,133,4281,1.0
CALDWELL - PR009,CALDWELL - 9,3367,78,3367,1.0
CALDWELL - PR010,CALDWELL - 10,3838,68,3838,1.0
CALDWELL - PR011,CALDWELL - 11,4564,161,4564,1.0
CALDWELL - PR012,CALDWELL - 7,3982,159,3982,1.0
CALDWELL - PR013,CALDWELL - 6,3740,99,3740,1.0
CALDWELL - PR014,CALDWELL - 6,1997,70,1997,1.0
CALDWELL - PR015,CALDWELL - 12,2872,148,2872,1.0
CALDWELL - PR016,CALDWELL - 13,6841,217,6841,1.0
CALDWELL - PR017,CALDWELL - 14,4779,106,4779,1.0
CALDWELL - PR018,CALDWELL - 15,3111,70,3111,1.0
CAMDEN - CH,CAMDEN - CH,2894,95,2894,1.0
CAMDEN - SH,CAMDEN - SH,1967,49,1967,1.0
CAMDEN - SM,CAMDEN - SM,3026,84,3026,1.0
CARTERET - ABCH,CARTERET - ABCH,1313,105,1313,1.0
CARTERET - ASCI,CARTERET - ASCI,961,172,961,1.0
CARTERET - ASCI,CARTERET - DASW,0,2,961,0.0
CARTERET - BCRK,CARTERET - BCRK,2047,55,2047,1.0
CARTERET - BFT1,CARTERET - BFT1,1559,145,1559,1.0
CARTERET - BFT2,CARTERET - BFT2,3771,133,3771,1.0
CARTERET - BFT2,CARTERET - WIHA,0,1,3771,0.0
CARTERET - BOGU,CARTERET - BOGE,2674,112,3012,0.8877822045152722
CARTERET - BOGU,CARTERET - CAPE,338,10,3012,0.11221779548472775
CARTERET - CCCP,CARTERET - CAPE,3120,167,3132,0.9961685823754789
CARTERET - CCCP,CARTERET - BOGE,12,8,3132,0.0038314176245210726
CARTERET - DASW,CARTERET - DASW,657,205,657,1.0
CARTERET - EMIS,CARTERET - ISLE,3382,219,3382,1.0
CARTERET - HAIS,CARTERET - HAIS,1003,79,1003,1.0
CARTERET - ISPK,CARTERET - IBPK,1586,84,1591,0.9968573224387178
CARTERET - ISPK,CARTERET - ISLE,5,5,1591,0.0031426775612822125
CARTERET - MASM,CARTERET - MASM,645,69,645,1.0
CARTERET - MCRK,CARTERET - MCRK,520,18,520,1.0
CARTERET - MERR,CARTERET - MERR,524,77,524,1.0
CARTERET - MHD1,CARTERET - MHD1,2603,177,2603,1.0
CARTERET - MHD2,CARTERET - MHD2,3447,147,3447,1.0
CARTERET - MHD3,CARTERET - MHD3,3453,109,3453,1.0
CARTERET - MHD4,CARTERET - MHD4,2784,69,2784,1.0
CARTERET - NPT1,CARTERET - NPT1,4279,139,4279,1.0
CARTERET - NPT2,CARTERET - NPT2,3337,77,3337,1.0
CARTERET - NRIV,CARTERET - NRIV,695,36,695,1.0
CARTERET - OTBEG,CARTERET - OTBEG,2183,65,2183,1.0
CARTERET - PELE,CARTERET - PELE,1483,64,1483,1.0
CARTERET - PELE,CARTERET - STEL,0,1,1483,0.0
CARTERET - STEL,CARTERET - STEL,1686,52,1686,1.0
CARTERET - WIHA,CARTERET - WIHA,1954,85,1954,1.0
CARTERET - WIHA,CARTERET - MCRK,0,1,1954,0.0
CARTERET - WILD,CARTERET - WILD,4192,193,4192,1.0
CASWELL - ANDE,CASWELL - ANDE,1003,44,1003,1.0
CASWELL - LEAS,CASWELL - LEAS,685,28,685,1.0
CASWELL - LOCU,CASWELL - LOCU,2251,39,2251,1.0
CASWELL - MILT,CASWELL - MILT,2189,115,2189,1.0
CASWELL - PELH,CASWELL - PELH,3344,97,3344,1.0
CASWELL - PH,CASWELL - PH,2050,85,2050,1.0
CASWELL - PROVI,CASWELL - PROVI,843,22,843,1.0
CASWELL - STON,CASWELL - STON,2548,63,2548,1.0
CASWELL - YANC,CASWELL - YANC,3683,127,3683,1.0
CATAWBA - 01,CATAWBA - 01,3775,95,3775,1.0
CATAWBA - 02,CATAWBA - 02,2570,100,2570,1.0
CATAWBA - 03,CATAWBA - 03,2751,120,2751,1.0
CATAWBA - 04,CATAWBA - 04,1057,100,1117,0.946284691136974
CATAWBA - 04,CATAWBA - 19,49,1,1117,0.043867502238137866
CATAWBA - 04,CATAWBA - 24,11,2,1117,0.009847806624888093
CATAWBA - 04,CATAWBA - 23,0,1,1117,0.0
CATAWBA - 05,CATAWBA - 05,3849,170,3849,1.0
CATAWBA - 06,CATAWBA - 06,2658,186,2658,1.0
CATAWBA - 07,CATAWBA - 07,3752,202,3754,0.9994672349493873
CATAWBA - 07,CATAWBA - 28,2,1,3754,0.0005327650506126798
CATAWBA - 07,CATAWBA - 33,0,1,3754,0.0
CATAWBA - 08,CATAWBA - 08,2850,167,2850,1.0
CATAWBA - 09,CATAWBA - 09,2819,88,2819,1.0
CATAWBA - 10,CATAWBA - 10,825,51,825,1.0
CATAWBA - 11,CATAWBA - 11,1819,57,1819,1.0
CATAWBA - 12,CATAWBA - 12,1980,84,1980,1.0
CATAWBA - 13,CATAWBA - 13,2311,133,2311,1.0
CATAWBA - 14,CATAWBA - 14,1781,91,1781,1.0
CATAWBA - 15,CATAWBA - 15,822,37,822,1.0
CATAWBA - 16,CATAWBA - 16,3719,90,3719,1.0
CATAWBA - 17,CATAWBA - 17,2609,132,2609,1.0
CATAWBA - 19,CATAWBA - 19,1450,119,1450,1.0
CATAWBA - 19,CATAWBA - 24,0,1,1450,0.0
CATAWBA - 20,CATAWBA - 20,3906,229,3906,1.0
CATAWBA - 21,CATAWBA - 21,2047,89,2047,1.0
CATAWBA - 22,CATAWBA - 22,4397,158,4397,1.0
CATAWBA - 23,CATAWBA - 23,4358,93,4358,1.0
CATAWBA - 24,CATAWBA - 24,4388,115,4388,1.0
CATAWBA - 25,CATAWBA - 25,2981,110,2981,1.0
CATAWBA - 25,CATAWBA - 07,0,1,2981,0.0
CATAWBA - 26,CATAWBA - 26,1946,58,1946,1.0
CATAWBA - 27,CATAWBA - 27,4655,110,4655,1.0
CATAWBA - 27,CATAWBA - 06,0,4,4655,0.0
CATAWBA - 28,CATAWBA - 28,4398,123,4398,1.0
CATAWBA - 29,CATAWBA - 29,5129,147,5129,1.0
CATAWBA - 30,CATAWBA - 30,5090,103,5090,1.0
CATAWBA - 31,CATAWBA - 31,5000,197,5000,1.0
CATAWBA - 32,CATAWBA - 32,3775,153,3775,1.0
CATAWBA - 32,CATAWBA - 34,0,2,3775,0.0
CATAWBA - 33,CATAWBA - 33,5510,121,5510,1.0
CATAWBA - 34,CATAWBA - 34,4781,207,4781,1.0
CATAWBA - 34,CATAWBA - 23,0,1,4781,0.0
CATAWBA - 35,CATAWBA - 35,4010,271,4010,1.0
CATAWBA - 35,CATAWBA - 04,0,1,4010,0.0
CATAWBA - 35,CATAWBA - 23,0,1,4010,0.0
CATAWBA - 36,CATAWBA - 36,2448,64,2448,1.0
CATAWBA - 37,CATAWBA - 37,3312,64,3312,1.0
CATAWBA - 38,CATAWBA - 38,3026,46,3026,1.0
CATAWBA - 39,CATAWBA - 39,2334,47,2334,1.0
CATAWBA - 40,CATAWBA - 40,1833,65,1833,1.0
CATAWBA - 41,CATAWBA - 41,3783,157,3783,1.0
CHATHAM - 15,CHATHAM - 15,2305,71,2305,1.0
CHATHAM - 21,CHATHAM - 21,1568,64,1568,1.0
CHATHAM - 3,CHATHAM - 3,2038,170,2038,1.0
CHATHAM - 30,CHATHAM - 30,1913,140,1913,1.0
CHATHAM - 42,CHATHAM - 42,2062,109,2062,1.0
CHATHAM - 75,CHATHAM - 75,4547,124,4547,1.0
CHATHAM - 78,CHATHAM - 78,5164,105,5164,1.0
CHATHAM - 78,CHATHAM - 15,0,1,5164,0.0
CHATHAM - 78,CHATHAM - ECL109,0,1,5164,0.0
CHATHAM - 85,CHATHAM - 85,3882,162,3882,1.0
CHATHAM - 9,CHATHAM - 9,1654,130,1654,1.0
CHATHAM - CRD118,CHATHAM - CRD118,1703,132,1703,1.0
CHATHAM - ESC114,CHATHAM - ESC114,5785,325,5785,1.0
CHATHAM - GLD118,CHATHAM - GLD118,3312,274,3312,1.0
CHATHAM - MCH110,CHATHAM - ECL109,4847,152,8391,0.5776427124299846
CHATHAM - MCH110,CHATHAM - WCL108,3544,92,8391,0.4223572875700155
CHATHAM - MON119,CHATHAM - MON113,2350,190,2350,1.0
CHATHAM - NWM117,CHATHAM - NWM117,6420,101,6420,1.0
CHATHAM - NWM117,CHATHAM - ECL109,0,1,6420,0.0
CHATHAM - PIT113,CHATHAM - WPP114,4662,149,7694,0.6059266961268521
CHATHAM - PIT113,CHATHAM - EPP112,3032,151,7694,0.39407330387314793
CHEROKEE - ANNW,CHEROKEE - ANNW,1824,146,1824,1.0
CHEROKEE - ANSW,CHEROKEE - ANSW,1687,80,1687,1.0
CHEROKEE - BELL,CHEROKEE - BELL,1403,46,1403,1.0
CHEROKEE - BRAS,CHEROKEE - BRAS,829,38,829,1.0
CHEROKEE - CSON,CHEROKEE - CSON,1052,55,1052,1.0
CHEROKEE - GCRK,CHEROKEE - GCRK,500,51,500,1.0
CHEROKEE - GCRK,CHEROKEE - MURN,0,2,500,0.0
CHEROKEE - GCRK,CHEROKEE - UNKA,0,1,500,0.0
CHEROKEE - HANG,CHEROKEE - HANG,723,62,723,1.0
CHEROKEE - HIWA,CHEROKEE - HIWA,2185,153,2185,1.0
CHEROKEE - HOTH,CHEROKEE - HOTH,1540,103,1540,1.0
CHEROKEE - MARB,CHEROKEE - MARB,1585,147,1589,0.9974826935179358
CHEROKEE - MARB,CHEROKEE - ANNW,4,1,1589,0.0025173064820641915
CHEROKEE - MURN,CHEROKEE - MURN,2343,142,2343,1.0
CHEROKEE - MURN,CHEROKEE - MURS,0,1,2343,0.0
CHEROKEE - MURS,CHEROKEE - MURS,2825,218,2825,1.0
CHEROKEE - PCHT,CHEROKEE - PCHT,2606,116,2606,1.0
CHEROKEE - RGER,CHEROKEE - RGER,1866,77,1866,1.0
CHEROKEE - TOPT,CHEROKEE - TOPT,483,41,483,1.0
CHEROKEE - UNKA,CHEROKEE - UNKA,596,75,596,1.0
CHOWAN - 1,CHOWAN - 1,2301,118,2301,1.0
CHOWAN - 2,CHOWAN - 2,3399,118,3399,1.0
CHOWAN - 3,CHOWAN - 3,1826,91,1826,1.0
CHOWAN - 4,CHOWAN - 4,895,25,895,1.0
CHOWAN - 5,CHOWAN - 5,1072,35,1072,1.0
CHOWAN - 6,CHOWAN - 6,1621,77,1621,1.0
CLAY - BRAS,CLAY - BRAS,846,49,846,1.0
CLAY - HAY1,CLAY - HAY1,1264,52,1264,1.0
CLAY - HAY2,CLAY - HAY2,1484,94,1484,1.0
CLAY - HAY2,CLAY - HAY1,0,1,1484,0.0
CLAY - HAYC,CLAY - HAYC,476,39,476,1.0
CLAY - HIAW,CLAY - HIAW,1571,76,1571,1.0
CLAY - SHCR,CLAY - SHCR,1295,91,1295,1.0
CLAY - SWEE,CLAY - SWEE,812,47,812,1.0
CLAY - TUSQ,CLAY - TUSQ,659,52,659,1.0
CLAY - WARN,CLAY - WARN,827,40,827,1.0
CLEVELAND - BETHWR,CLEVELAND - BETHWR,2040,49,2040,1.0
CLEVELAND - BR,CLEVELAND - BR,6141,197,6141,1.0
CLEVELAND - CASAR,CLEVELAND - CASAR,1467,92,1467,1.0
CLEVELAND - FALSTN,CLEVELAND - FALSTN,1770,68,1770,1.0
CLEVELAND - GROVER,CLEVELAND - GROVER,3839,119,3839,1.0
CLEVELAND - KINGST,CLEVELAND - KINGST,906,23,906,1.0
CLEVELAND - KM N,CLEVELAND - KM N,5659,199,5659,1.0
CLEVELAND - KM S,CLEVELAND - KM S,5086,190,5086,1.0
CLEVELAND - LATT,CLEVELAND - LATT,3367,212,3367,1.0
CLEVELAND - LAWNDL,CLEVELAND - LAWNDL,1959,120,1959,1.0
CLEVELAND - MRB-YO,CLEVELAND - MRB-YO,1763,123,1763,1.0
CLEVELAND - MULLS,CLEVELAND - MULLS,2372,136,2372,1.0
CLEVELAND - OAKGRV,CLEVELAND - OAKGRV,4059,67,4059,1.0
CLEVELAND - OAKGRV,CLEVELAND - KM N,0,1,4059,0.0
CLEVELAND - POLKVL,CLEVELAND - POLKVL,2679,146,2679,1.0
CLEVELAND - RIPPY,CLEVELAND - RIPPY,4419,131,4419,1.0
CLEVELAND - S 4A,CLEVELAND - S N,5213,186,5213,1.0
CLEVELAND - S 5,CLEVELAND - S E,2769,74,2769,1.0
CLEVELAND - S 5,CLEVELAND - S S,0,1,2769,0.0
CLEVELAND - S C,CLEVELAND - S C,8358,376,8358,1.0
CLEVELAND - S S,CLEVELAND - S S,7102,243,7145,0.9939818054583625
CLEVELAND - S S,CLEVELAND - SHANGI,43,1,7145,0.006018194541637508
CLEVELAND - SHANGI,CLEVELAND - SHANGI,2945,87,2945,1.0
CLEVELAND - WACO,CLEVELAND - WACO,4052,122,4052,1.0
COLUMBUS - P01A,COLUMBUS - P117,1730,130,1730,1.0
COLUMBUS - P01A,COLUMBUS - P121,0,1,1730,0.0
COLUMBUS - P01A,COLUMBUS - P16B,0,2,1730,0.0
COLUMBUS - P02B,COLUMBUS - P02B,1012,179,1012,1.0
COLUMBUS - P06,COLUMBUS - P06,866,67,866,1.0
COLUMBUS - P07,COLUMBUS - P07,3207,222,3207,1.0
COLUMBUS - P11,COLUMBUS - P121,1590,45,1590,1.0
COLUMBUS - P112,COLUMBUS - P121,1061,60,1061,1.0
COLUMBUS - P14,COLUMBUS - P14,3473,277,3473,1.0
COLUMBUS - P15,COLUMBUS - P15,2309,117,2309,1.0
COLUMBUS - P16B,COLUMBUS - P16B,1747,131,1747,1.0
COLUMBUS - P16B,COLUMBUS - P117,0,1,1747,0.0
COLUMBUS - P17,COLUMBUS - P117,1258,61,1258,1.0
COLUMBUS - P19,COLUMBUS - P19,2716,115,2716,1.0
COLUMBUS - P20A,COLUMBUS - P223,1023,99,1023,1.0
COLUMBUS - P22A,COLUMBUS - P22A,2265,98,2265,1.0
COLUMBUS - P23,COLUMBUS - P223,2075,97,2075,1.0
COLUMBUS - P24,COLUMBUS - P245,2117,93,2117,1.0
COLUMBUS - P25B,COLUMBUS - P245,1396,46,1396,1.0
COLUMBUS - P26B,COLUMBUS - P26B,4929,191,4929,1.0
COLUMBUS - P34,COLUMBUS - P534,1067,61,1067,1.0
COLUMBUS - P513,COLUMBUS - P534,1185,52,1185,1.0
COLUMBUS - P82,COLUMBUS - P82,1738,73,1738,1.0
COLUMBUS - P89,COLUMBUS - P89,1534,180,1534,1.0
CRAVEN - 02,CRAVEN - 02,14012,494,14012,1.0
CRAVEN - 03,CRAVEN - 03,3308,68,3308,1.0
CRAVEN - 05,CRAVEN - 05,2548,43,2548,1.0
CRAVEN - 05,CRAVEN - CLR4,0,1,2548,0.0
CRAVEN - 07,CRAVEN - 07,2509,94,2509,1.0
CRAVEN - 11,CRAVEN - 11,3340,194,3340,1.0
CRAVEN - 16,CRAVEN - 16,4503,84,4503,1.0
CRAVEN - 17,CRAVEN - 17,2660,81,2660,1.0
CRAVEN - 19,CRAVEN - 19,3144,129,3144,1.0
CRAVEN - 20,CRAVEN - 20,3086,41,3086,1.0
CRAVEN - 21,CRAVEN - 21,2929,71,2929,1.0
CRAVEN - 23,CRAVEN - 23,5605,165,5605,1.0
CRAVEN - CFB8,CRAVEN - CFB8,1532,84,1532,1.0
CRAVEN - CLR4,CRAVEN - CLR4,2357,118,2357,1.0
CRAVEN - CLR4,CRAVEN - N4,0,2,2357,0.0
CRAVEN - DFB9,CRAVEN - DFB9,926,59,926,1.0
CRAVEN - N1,CRAVEN - N1,2188,120,2188,1.0
CRAVEN - N2,CRAVEN - N2,2454,112,2454,1.0
CRAVEN - N3N5,CRAVEN - N3N5,4320,188,4320,1.0
CRAVEN - N4,CRAVEN - N4,6194,73,6194,1.0
CRAVEN - N6,CRAVEN - N6,5075,96,5075,1.0
CRAVEN - N6,CRAVEN - CLR4,0,2,5075,0.0
CRAVEN - TE13,CRAVEN - TE13,1396,114,1396,1.0
CRAVEN - VE14,CRAVEN - VE14,5697,192,5697,1.0
CUMBERLAND - AH49,CUMBERLAND - AH49,4202,54,4202,1.0
CUMBERLAND - AL51,CUMBERLAND - AL51-2,2252,35,5411,0.41618924413232306
CUMBERLAND - AL51,CUMBERLAND - AL51-3,1692,42,5411,0.3126963592681575
CUMBERLAND - AL51,CUMBERLAND - AL51-1,1467,22,5411,0.2711143965995195
CUMBERLAND - CC01,CUMBERLAND - CC01,2931,204,2931,1.0
CUMBERLAND - CC01,CUMBERLAND - G1A,0,1,2931,0.0
CUMBERLAND - CC03,CUMBERLAND - CC03,2524,78,2524,1.0
CUMBERLAND - CC04,CUMBERLAND - CC04,1328,40,1328,1.0
CUMBERLAND - CC06,CUMBERLAND - CC06,1546,45,1546,1.0
CUMBERLAND - CC07,CUMBERLAND - CC07,1194,41,1194,1.0
CUMBERLAND - CC08,CUMBERLAND - CC08,1340,39,1340,1.0
CUMBERLAND - CC08,CUMBERLAND - CC18,0,1,1340,0.0
CUMBERLAND - CC10,CUMBERLAND - CC10,1291,21,1291,1.0
CUMBERLAND - CC12,CUMBERLAND - CC12,1714,34,1714,1.0
CUMBERLAND - CC13,CUMBERLAND - CC13,2940,43,2940,1.0
CUMBERLAND - CC13,CUMBERLAND - CC06,0,1,2940,0.0
CUMBERLAND - CC14,CUMBERLAND - CC14,3340,65,3340,1.0
CUMBERLAND - CC15,CUMBERLAND - CC15,3206,61,3206,1.0
CUMBERLAND - CC16,CUMBERLAND - CC16,1901,38,1901,1.0
CUMBERLAND - CC17,CUMBERLAND - CC17,2687,120,2687,1.0
CUMBERLAND - CC17,CUMBERLAND - G2E-2,0,1,2687,0.0
CUMBERLAND - CC18,CUMBERLAND - CC18,1672,50,1672,1.0
CUMBERLAND - CC21,CUMBERLAND - CC21,4247,87,4247,1.0
CUMBERLAND - CC22A,CUMBERLAND - CC22A,5821,138,5821,1.0
CUMBERLAND - CC22A,CUMBERLAND - EO01,0,1,5821,0.0
CUMBERLAND - CC23-2,CUMBERLAND - CC23-2,3224,60,3224,1.0
CUMBERLAND - CC23-2,CUMBERLAND - G2C-1,0,1,3224,0.0
CUMBERLAND - CC24,CUMBERLAND - CC24,2058,51,2058,1.0
CUMBERLAND - CC25,CUMBERLAND - CC25,2394,34,2394,1.0
CUMBERLAND - CC26,CUMBERLAND - CC26,4604,38,4604,1.0
CUMBERLAND - CC26,CUMBERLAND - CC25,0,1,4604,0.0
CUMBERLAND - CC27,CUMBERLAND - CC27,5810,64,5810,1.0
CUMBERLAND - CC29,CUMBERLAND - CC29,3055,43,3055,1.0
CUMBERLAND - CC31,CUMBERLAND - CC31,2595,72,2595,1.0
CUMBERLAND - CC32,CUMBERLAND - CC32,1781,18,1781,1.0
CUMBERLAND - CC33,CUMBERLAND - CC33,2623,52,2623,1.0
CUMBERLAND - CC33,CUMBERLAND - CC03,0,2,2623,0.0
CUMBERLAND - CC34,CUMBERLAND - CC34,2362,27,2362,1.0
CUMBERLAND - CC519,CUMBERLAND - CC519,3147,123,3147,1.0
CUMBERLAND - CC519,CUMBERLAND - EO01,0,1,3147,0.0
CUMBERLAND - CL57-1,CUMBERLAND - CL57-1,3474,53,3474,1.0
CUMBERLAND - CL57-2,CUMBERLAND - CL57-2,3322,47,3322,1.0
CUMBERLAND - CU02,CUMBERLAND - CU02,2296,41,2296,1.0
CUMBERLAND - EO01,CUMBERLAND - EO01,3210,157,3210,1.0
CUMBERLAND - EO01,CUMBERLAND - CC519,0,1,3210,0.0
CUMBERLAND - EO02,CUMBERLAND - EO02,2082,59,2082,1.0
CUMBERLAND - G10A,CUMBERLAND - G10A,5428,96,5428,1.0
CUMBERLAND - G10A,CUMBERLAND - G8B,0,1,5428,0.0
CUMBERLAND - G10B,CUMBERLAND - G10B,3389,69,3389,1.0
CUMBERLAND - G10B,CUMBERLAND - G8D,0,1,3389,0.0
CUMBERLAND - G10C,CUMBERLAND - G10C,4691,104,4691,1.0
CUMBERLAND - G11B,CUMBERLAND - G11B,18738,599,18738,1.0
CUMBERLAND - G11B,CUMBERLAND - MR02,0,1,18738,0.0
CUMBERLAND - G1A,CUMBERLAND - G1A,2782,139,2782,1.0
CUMBERLAND - G1A,CUMBERLAND - G3C,0,1,2782,0.0
CUMBERLAND - G1B,CUMBERLAND - G1B,4228,80,4228,1.0
CUMBERLAND - G2A,CUMBERLAND - G2A,5160,83,5160,1.0
CUMBERLAND - G2C-1,CUMBERLAND - G2C-1,3441,55,3441,1.0
CUMBERLAND - G2E-1,CUMBERLAND - G2E-1,2544,53,2544,1.0
CUMBERLAND - G2E-2,CUMBERLAND - G2E-2,3348,67,3348,1.0
CUMBERLAND - G3A-1,CUMBERLAND - G3A-1,4631,76,4631,1.0
CUMBERLAND - G3A-2,CUMBERLAND - G3A-2C,3443,128,3443,1.0
CUMBERLAND - G3A-2,CUMBERLAND - G3C,0,1,3443,0.0
CUMBERLAND - G3A-2,CUMBERLAND - G9A-3,0,1,3443,0.0
CUMBERLAND - G3B,CUMBERLAND - G3B,1519,93,1519,1.0
CUMBERLAND - G3C,CUMBERLAND - G3C,1600,167,1600,1.0
CUMBERLAND - G3C,CUMBERLAND - G1A,0,1,1600,0.0
CUMBERLAND - G3C,CUMBERLAND - G1B,0,1,1600,0.0
CUMBERLAND - G4A,CUMBERLAND - G4A,1804,74,1804,1.0
CUMBERLAND - G4B,CUMBERLAND - G4B,2137,70,2137,1.0
CUMBERLAND - G4C,CUMBERLAND - G4C,2591,39,2591,1.0
CUMBERLAND - G5A-1,CUMBERLAND - G5A-1,2859,37,2859,1.0
CUMBERLAND - G5A-2,CUMBERLAND - G5A-2,2513,56,2513,1.0
CUMBERLAND - G5B-1,CUMBERLAND - G5B-1,3956,31,3956,1.0
CUMBERLAND - G5B-2,CUMBERLAND - G5B-2,2871,31,2871,1.0
CUMBERLAND - G5C,CUMBERLAND - G5C,2950,47,2950,1.0
CUMBERLAND - G6A,CUMBERLAND - G6A,4994,121,4994,1.0
CUMBERLAND - G6B,CUMBERLAND - G6B,1274,62,1274,1.0
CUMBERLAND - G6C,CUMBERLAND - G6C,2131,58,2131,1.0
CUMBERLAND - G6C,CUMBERLAND - AL51-3,0,1,2131,0.0
CUMBERLAND - G6C,CUMBERLAND - SH77,0,1,2131,0.0
CUMBERLAND - G7A,CUMBERLAND - G7A,1402,110,1402,1.0
CUMBERLAND - G7A,CUMBERLAND - LI65,0,1,1402,0.0
CUMBERLAND - G7B,CUMBERLAND - G7B,1325,121,1325,1.0
CUMBERLAND - G8A,CUMBERLAND - G8A,4365,67,4365,1.0
CUMBERLAND - G8B,CUMBERLAND - G8B,2913,47,2913,1.0
CUMBERLAND - G8B,CUMBERLAND - G10A,0,1,2913,0.0
CUMBERLAND - G8C,CUMBERLAND - G8C,3037,63,3037,1.0
CUMBERLAND - G8C,CUMBERLAND - G4B,0,1,3037,0.0
CUMBERLAND - G8C,CUMBERLAND - G4C,0,1,3037,0.0
CUMBERLAND - G8D,CUMBERLAND - G8D,3177,93,3475,0.9142446043165467
CUMBERLAND - G8D,CUMBERLAND - G9B-1,298,1,3475,0.08575539568345324
CUMBERLAND - G9A,CUMBERLAND - G9A-3,3326,87,3326,1.0
CUMBERLAND - G9B-1,CUMBERLAND - G9B-1,5615,136,5615,1.0
CUMBERLAND - G9B-1,CUMBERLAND - G8D,0,1,5615,0.0
CUMBERLAND - G9B-2,CUMBERLAND - G9B-2,5081,110,5081,1.0
CUMBERLAND - LI65,CUMBERLAND - LI65,3763,116,3763,1.0
CUMBERLAND - LO66A,CUMBERLAND - LO66A,4504,97,4504,1.0
CUMBERLAND - LO66A,CUMBERLAND - CC22A,0,1,4504,0.0
CUMBERLAND - LO66A,CUMBERLAND - G7B,0,1,4504,0.0
CUMBERLAND - LR63,CUMBERLAND - LR63,5222,71,5222,1.0
CUMBERLAND - MB62,CUMBERLAND - MB62,3503,53,3503,1.0
CUMBERLAND - MR02,CUMBERLAND - MR02,3999,61,3999,1.0
CUMBERLAND - MR02,CUMBERLAND - CC25,0,1,3999,0.0
CUMBERLAND - SH77,CUMBERLAND - SH77,3079,56,3079,1.0
CUMBERLAND - SH77,CUMBERLAND - G6C,0,1,3079,0.0
CUMBERLAND - SL78-3,CUMBERLAND - SL78-3,7518,244,7518,1.0
CURRITUCK - CB,CURRITUCK - CB,273,82,273,1.0
CURRITUCK - CH,CURRITUCK - CH,4130,47,4130,1.0
CURRITUCK - CO,CURRITUCK - CO,1186,31,1186,1.0
CURRITUCK - EM,CURRITUCK - EM,2598,40,2598,1.0
CURRITUCK - EM,CURRITUCK - CH,0,1,2598,0.0
CURRITUCK - GW,CURRITUCK - GW,355,8,355,1.0
CURRITUCK - IR,CURRITUCK - IR,1290,34,1290,1.0
CURRITUCK - KI,CURRITUCK - KI,1210,29,1210,1.0
CURRITUCK - PB,CURRITUCK - PB,4202,81,4202,1.0
CURRITUCK - PP,CURRITUCK - PP,1922,34,1922,1.0
CURRITUCK - WH,CURRITUCK - WH,1079,78,1079,1.0
CURRITUCK - WM,CURRITUCK - WM,3759,58,3759,1.0
DARE - AVON,DARE - AVON,728,65,728,1.0
DARE - BUX,DARE - BUX,1114,44,1114,1.0
DARE - CHCA,DARE - CHCA,582,131,582,1.0
DARE - CHCA,DARE - STPT,0,1,582,0.0
DARE - COL,DARE - COL,3606,43,3606,1.0
DARE - DUCK,DARE - DUCK,684,30,684,1.0
DARE - EL,DARE - EL,100,242,100,1.0
DARE - FRCO,DARE - FRCO,754,27,754,1.0
DARE - HAT,DARE - HAT,476,35,476,1.0
DARE - KDH,DARE - KDH,6299,275,6299,1.0
DARE - KTHK,DARE - KTHK,2982,109,2982,1.0
DARE - MATO,DARE - MATO,5232,165,5232,1.0
DARE - MH,DARE - MH,647,43,647,1.0
DARE - NGHD,DARE - NGHD,2732,151,2732,1.0
DARE - SOSH,DARE - SOSH,3148,73,3148,1.0
DARE - STPT,DARE - STPT,144,146,163,0.8834355828220859
DARE - STPT,DARE - CHCA,19,1,163,0.1165644171779141
DARE - WAN,DARE - WAN,1198,36,1198,1.0
DAVIDSON - 04,DAVIDSON - 04,6042,91,6042,1.0
DAVIDSON - 06,DAVIDSON - 06,3735,111,3735,1.0
DAVIDSON - 08,DAVIDSON - 08,1235,51,1235,1.0
DAVIDSON - 08,DAVIDSON - 40,0,1,1235,0.0
DAVIDSON - 10,DAVIDSON - 10,3075,75,3075,1.0
DAVIDSON - 10,DAVIDSON - 40,0,1,3075,0.0
DAVIDSON - 10,DAVIDSON - 58,0,1,3075,0.0
DAVIDSON - 12,DAVIDSON - 12,1018,98,1030,0.9883495145631068
DAVIDSON - 12,DAVIDSON - 14,12,1,1030,0.011650485436893204
DAVIDSON - 14,DAVIDSON - 14,2174,125,2174,1.0
DAVIDSON - 16,DAVIDSON - 16,3581,61,3581,1.0
DAVIDSON - 18,DAVIDSON - 18,2210,105,2210,1.0
DAVIDSON - 20,DAVIDSON - 20,3071,90,3071,1.0
DAVIDSON - 20,DAVIDSON - 40,0,1,3071,0.0
DAVIDSON - 22,DAVIDSON - 22,1338,64,1338,1.0
DAVIDSON - 22,DAVIDSON - 20,0,1,1338,0.0
DAVIDSON - 22,DAVIDSON - 38,0,1,1338,0.0
DAVIDSON - 24,DAVIDSON - 24,1723,50,1782,0.9668911335578002
DAVIDSON - 24,DAVIDSON - 34,59,2,1782,0.03310886644219978
DAVIDSON - 26,DAVIDSON - 26,1315,40,1315,1.0
DAVIDSON - 28,DAVIDSON - 28,3317,112,3317,1.0
DAVIDSON - 30,DAVIDSON - 30,2597,70,2597,1.0
DAVIDSON - 30,DAVIDSON - 32,0,1,2597,0.0
DAVIDSON - 32,DAVIDSON - 32,2041,97,2041,1.0
DAVIDSON - 34,DAVIDSON - 34,2723,121,2723,1.0
DAVIDSON - 36,DAVIDSON - 36,1883,98,1883,1.0
DAVIDSON - 38,DAVIDSON - 38,1966,135,1966,1.0
DAVIDSON - 40,DAVIDSON - 40,2681,110,2681,1.0
DAVIDSON - 42,DAVIDSON - 42,3061,92,3061,1.0
DAVIDSON - 44,DAVIDSON - 44,4160,74,4160,1.0
DAVIDSON - 44,DAVIDSON - 04,0,1,4160,0.0
DAVIDSON - 46,DAVIDSON - 46,2999,75,2999,1.0
DAVIDSON - 48,DAVIDSON - 48,2912,81,2912,1.0
DAVIDSON - 50,DAVIDSON - 50,4013,83,4013,1.0
DAVIDSON - 52,DAVIDSON - 52,4936,113,4936,1.0
DAVIDSON - 52,DAVIDSON - 10,0,1,4936,0.0
DAVIDSON - 54,DAVIDSON - 54,2312,52,2312,1.0
DAVIDSON - 56,DAVIDSON - 56,1413,112,1413,1.0
DAVIDSON - 58,DAVIDSON - 58,3767,74,3767,1.0
DAVIDSON - 58,DAVIDSON - 52,0,1,3767,0.0
DAVIDSON - 60,DAVIDSON - 60,5409,126,5539,0.976530059577541
DAVIDSON - 60,DAVIDSON - 72,130,1,5539,0.023469940422458927
DAVIDSON - 62,DAVIDSON - 62,2546,82,2546,1.0
DAVIDSON - 64,DAVIDSON - 64,2088,59,2088,1.0
DAVIDSON - 66,DAVIDSON - 66,2536,116,2579,0.9833268708801861
DAVIDSON - 66,DAVIDSON - 74,43,1,2579,0.016673129119813883
DAVIDSON - 68,DAVIDSON - 68,3055,98,3065,0.9967373572593801
DAVIDSON - 68,DAVIDSON - 76,10,1,3065,0.0032626427406199023
DAVIDSON - 70,DAVIDSON - 70,2611,89,2611,1.0
DAVIDSON - 70,DAVIDSON - 64,0,2,2611,0.0
DAVIDSON - 70,DAVIDSON - 74,0,1,2611,0.0
DAVIDSON - 72,DAVIDSON - 72,3118,79,3118,1.0
DAVIDSON - 74,DAVIDSON - 74,4546,90,4546,1.0
DAVIDSON - 76,DAVIDSON - 76,3520,96,3520,1.0
DAVIDSON - 78,DAVIDSON - 78,3879,63,3879,1.0
DAVIDSON - 80A,DAVIDSON - 80A,5284,105,5284,1.0
DAVIDSON - 82,DAVIDSON - 82,3155,76,3155,1.0
DAVIDSON - 84,DAVIDSON - 84,5865,45,5865,1.0
DAVIDSON - 86A,DAVIDSON - 86A,4188,63,4188,1.0
DAVIDSON - 88,DAVIDSON - 88,2827,69,2827,1.0
DAVIE - 01,DAVIE - 01,1153,50,1153,1.0
DAVIE - 01,DAVIE - 02,0,3,1153,0.0
DAVIE - 02,DAVIE - 02,1291,67,1291,1.0
DAVIE - 02,DAVIE - 04,0,1,1291,0.0
DAVIE - 03,DAVIE - 03,2968,86,2968,1.0
DAVIE - 04,DAVIE - 04,2480,70,2480,1.0
DAVIE - 05,DAVIE - 05,2646,64,2646,1.0
DAVIE - 06,DAVIE - 06,1813,62,1813,1.0
DAVIE - 07,DAVIE - 07,1944,45,1944,1.0
DAVIE - 08,DAVIE - 08,2104,62,2702,0.7786824574389342
DAVIE - 08,DAVIE - 14,598,3,2702,0.22131754256106587
DAVIE - 09,DAVIE - 09,2651,104,2651,1.0
DAVIE - 09,DAVIE - 06,0,1,2651,0.0
DAVIE - 10,DAVIE - 10,2547,59,2547,1.0
DAVIE - 11,DAVIE - 11,1895,59,1895,1.0
DAVIE - 11,DAVIE - 06,0,1,1895,0.0
DAVIE - 11,DAVIE - 14,0,2,1895,0.0
DAVIE - 12,DAVIE - 12,3775,57,3775,1.0
DAVIE - 13,DAVIE - 13,3278,83,3278,1.0
DAVIE - 14,DAVIE - 14,2610,109,2610,1.0
DAVIE - 14,DAVIE - 11,0,2,2610,0.0
DUPLIN - ALBE,DUPLIN - ALBE,2005,76,2005,1.0
DUPLIN - BEUL,DUPLIN - BEUL,3368,208,3368,1.0
DUPLIN - CALY,DUPLIN - CALY,903,124,903,1.0
DUPLIN - CFRK,DUPLIN - CFRK,831,29,831,1.0
DUPLIN - CFRK,DUPLIN - BEUL,0,1,831,0.0
DUPLIN - CHAR,DUPLIN - CHAR,1531,68,1531,1.0
DUPLIN - CHIN,DUPLIN - CHIN,907,29,907,1.0
DUPLIN - CYCK,DUPLIN - CYCK,1392,58,1392,1.0
DUPLIN - FAIS,DUPLIN - FAIS,1791,137,1791,1.0
DUPLIN - GLIS,DUPLIN - GLIS,902,42,902,1.0
DUPLIN - HALL,DUPLIN - HALL,1493,54,1493,1.0
DUPLIN - KENA,DUPLIN - KENA,3613,209,3613,1.0
DUPLIN - LOCK,DUPLIN - WLLC,396,24,401,0.9875311720698254
DUPLIN - LOCK,DUPLIN - CHAR,5,1,401,0.012468827930174564
DUPLIN - MAGN,DUPLIN - MAGN,1863,179,1863,1.0
DUPLIN - ROCK,DUPLIN - WLLC,1140,76,1140,1.0
DUPLIN - ROSE,DUPLIN - ROSE,2088,188,2088,1.0
DUPLIN - SMCA,DUPLIN - SMCA,1444,55,1444,1.0
DUPLIN - WALL,DUPLIN - WLLC,5347,395,5347,1.0
DUPLIN - WARS,DUPLIN - WARS,3864,306,3864,1.0
DUPLIN - WOLF,DUPLIN - WOLF,2160,100,2160,1.0
DURHAM - 01,DURHAM - 01,1980,28,1980,1.0
DURHAM - 02,DURHAM - 02,4212,65,4212,1.0
DURHAM - 02,DURHAM - 01,0,1,4212,0.0
DURHAM - 03,DURHAM - 03,3105,59,3105,1.0
DURHAM - 04,DURHAM - 04,1578,54,1578,1.0
DURHAM - 05,DURHAM - 05,10381,63,10381,1.0
DURHAM - 06,DURHAM - 06,2500,47,2500,1.0
DURHAM - 07,DURHAM - 07,2981,76,2981,1.0
DURHAM - 08,DURHAM - 08,3106,73,3106,1.0
DURHAM - 09,DURHAM - 09,2622,60,2622,1.0
DURHAM - 10,DURHAM - 10,2803,67,2803,1.0
DURHAM - 12,DURHAM - 12,817,40,817,1.0
DURHAM - 12,DURHAM - 17,0,1,817,0.0
DURHAM - 13,DURHAM - 13,1462,41,1462,1.0
DURHAM - 14,DURHAM - 14,3228,74,3228,1.0
DURHAM - 15,DURHAM - 15,2047,44,2047,1.0
DURHAM - 16,DURHAM - 57,2396,14,2396,1.0
DURHAM - 17,DURHAM - 17,4294,147,4294,1.0
DURHAM - 18,DURHAM - 18,3877,62,3877,1.0
DURHAM - 19,DURHAM - 19,3886,90,3886,1.0
DURHAM - 20,DURHAM - 20,2358,55,2358,1.0
DURHAM - 21,DURHAM - 21,2121,53,2121,1.0
DURHAM - 22,DURHAM - 22,6382,74,6382,1.0
DURHAM - 23,DURHAM - 23,7475,104,7475,1.0
DURHAM - 23,DURHAM - 45,0,4,7475,0.0
DURHAM - 24,DURHAM - 24,5090,56,5090,1.0
DURHAM - 25,DURHAM - 25,3689,84,3689,1.0
DURHAM - 25,DURHAM - 26,0,3,3689,0.0
DURHAM - 25,DURHAM - 28,0,1,3689,0.0
DURHAM - 26,DURHAM - 26,1559,60,1559,1.0
DURHAM - 26,DURHAM - 25,0,1,1559,0.0
DURHAM - 26,DURHAM - 28,0,1,1559,0.0
DURHAM - 27,DURHAM - 27,3358,60,3358,1.0
DURHAM - 28,DURHAM - 28,6026,142,6026,1.0
DURHAM - 28,DURHAM - 25,0,2,6026,0.0
DURHAM - 28,DURHAM - 26,0,2,6026,0.0
DURHAM - 28,DURHAM - 29,0,1,6026,0.0
DURHAM - 29,DURHAM - 29,5246,169,5246,1.0
DURHAM - 29,DURHAM - 28,0,1,5246,0.0
DURHAM - 30-1,DURHAM - 30-3,6247,101,11243,0.5556346170950813
DURHAM - 30-1,DURHAM - 30-4,4996,83,11243,0.4443653829049186
DURHAM - 30-2,DURHAM - 30-2,8146,125,8146,1.0
DURHAM - 31,DURHAM - 31,7096,139,7096,1.0
DURHAM - 32,DURHAM - 32,5929,173,5929,1.0
DURHAM - 33,DURHAM - 33-2,7373,198,13241,0.5568310550562646
DURHAM - 33,DURHAM - 33-1,5868,150,13241,0.4431689449437354
DURHAM - 34-1,DURHAM - 34-1,3337,27,3337,1.0
DURHAM - 34-2,DURHAM - 34-2,6432,50,6432,1.0
DURHAM - 35.3,DURHAM - 35-5,5140,59,9659,0.5321461849052697
DURHAM - 35.3,DURHAM - 35-4,4519,75,9659,0.4678538150947303
DURHAM - 36,DURHAM - 36,3960,33,3960,1.0
DURHAM - 37,DURHAM - 37,6306,77,6306,1.0
DURHAM - 37,DURHAM - 45,0,2,6306,0.0
DURHAM - 38,DURHAM - 38,9546,86,9546,1.0
DURHAM - 39,DURHAM - 56,3145,56,3145,1.0
DURHAM - 40,DURHAM - 40,2321,32,2321,1.0
DURHAM - 41,DURHAM - 41,1458,22,1458,1.0
DURHAM - 42,DURHAM - 42,1308,23,1308,1.0
DURHAM - 43,DURHAM - 43,7236,135,7236,1.0
DURHAM - 44,DURHAM - 44,6408,123,6408,1.0
DURHAM - 45,DURHAM - 45,5324,104,5324,1.0
DURHAM - 45,DURHAM - 23,0,1,5324,0.0
DURHAM - 45,DURHAM - 37,0,1,5324,0.0
DURHAM - 46,DURHAM - 46,4781,83,4781,1.0
DURHAM - 47,DURHAM - 47,2163,28,2163,1.0
DURHAM - 48,DURHAM - 56,1845,13,1845,1.0
DURHAM - 50,DURHAM - 50,4834,66,4834,1.0
DURHAM - 50,DURHAM - 24,0,1,4834,0.0
DURHAM - 51,DURHAM - 51,5694,53,5694,1.0
DURHAM - 52,DURHAM - 52,4711,51,4711,1.0
DURHAM - 53-1,DURHAM - 57,3564,55,3564,1.0
DURHAM - 53-2,DURHAM - 53-2,4998,76,4998,1.0
DURHAM - 54,DURHAM - 54,9608,75,9608,1.0
DURHAM - 55-11,DURHAM - 55-11,2036,32,2036,1.0
DURHAM - 55-49,DURHAM - 55-49,2657,14,2657,1.0
EDGECOMBE - 0101,EDGECOMBE - 0101,2172,122,2172,1.0
EDGECOMBE - 0101,EDGECOMBE - 0401,0,1,2172,0.0
EDGECOMBE - 0102,EDGECOMBE - 0102,3775,183,3775,1.0
EDGECOMBE - 0103,EDGECOMBE - 0103,2635,99,2635,1.0
EDGECOMBE - 0104,EDGECOMBE - 0104,2269,77,2269,1.0
EDGECOMBE - 0201,EDGECOMBE - 0201,1236,91,1236,1.0
EDGECOMBE - 0201,EDGECOMBE - 0801,0,1,1236,0.0
EDGECOMBE - 0301,EDGECOMBE - 0301,525,64,525,1.0
EDGECOMBE - 0401,EDGECOMBE - 0401,628,28,628,1.0
EDGECOMBE - 0501,EDGECOMBE - 0501,808,50,815,0.9914110429447853
EDGECOMBE - 0501,EDGECOMBE - 0101,7,1,815,0.008588957055214725
EDGECOMBE - 0601,EDGECOMBE - 0601,1055,65,1055,1.0
EDGECOMBE - 0601,EDGECOMBE - 0701,0,1,1055,0.0
EDGECOMBE - 0701,EDGECOMBE - 0701,1832,110,1832,1.0
EDGECOMBE - 0801,EDGECOMBE - 0801,1739,47,1739,1.0
EDGECOMBE - 0801,EDGECOMBE - 0201,0,1,1739,0.0
EDGECOMBE - 0901,EDGECOMBE - 0901,1269,68,1269,1.0
EDGECOMBE - 1001,EDGECOMBE - 1001,2154,112,2245,0.9594654788418708
EDGECOMBE - 1001,EDGECOMBE - 0801,86,1,2245,0.03830734966592428
EDGECOMBE - 1001,EDGECOMBE - 0901,5,1,2245,0.0022271714922048997
EDGECOMBE - 1101,EDGECOMBE - 1101,1155,60,1155,1.0
EDGECOMBE - 1201,EDGECOMBE - 1201,3946,130,3946,1.0
EDGECOMBE - 1202,EDGECOMBE - 1202,2100,101,2100,1.0
EDGECOMBE - 1203,EDGECOMBE - 1203,3261,117,3272,0.996638141809291
EDGECOMBE - 1203,EDGECOMBE - 1202,11,2,3272,0.0033618581907090463
EDGECOMBE - 1204,EDGECOMBE - 1204,1682,64,1694,0.9929161747343566
EDGECOMBE - 1204,EDGECOMBE - 1203,12,1,1694,0.0070838252656434475
EDGECOMBE - 1204,EDGECOMBE - 1205,0,1,1694,0.0
EDGECOMBE - 1205,EDGECOMBE - 1205,1225,92,1225,1.0
EDGECOMBE - 1301,EDGECOMBE - 1301,1377,34,1377,1.0
EDGECOMBE - 1401,EDGECOMBE - 1401,1225,35,1225,1.0
FORSYTH - 012,FORSYTH - 012,3023,76,3023,1.0
FORSYTH - 013,FORSYTH - 013,4285,100,4285,1.0
FORSYTH - 014,FORSYTH - 014,2608,85,2608,1.0
FORSYTH - 015,FORSYTH - 015,3409,79,3409,1.0
FORSYTH - 016,FORSYTH - 016,2848,41,2848,1.0
FORSYTH - 017,FORSYTH - 017,2230,46,2230,1.0
FORSYTH - 021,FORSYTH - 021,3960,93,3960,1.0
FORSYTH - 031,FORSYTH - 031,2227,65,2227,1.0
FORSYTH - 032,FORSYTH - 032,3146,138,3146,1.0
FORSYTH - 033,FORSYTH - 033,3329,76,3329,1.0
FORSYTH - 033,FORSYTH - 207,0,2,3329,0.0
FORSYTH - 034,FORSYTH - 034,2883,91,2883,1.0
FORSYTH - 034,FORSYTH - 031,0,1,2883,0.0
FORSYTH - 034,FORSYTH - 032,0,1,2883,0.0
FORSYTH - 042,FORSYTH - 042,4717,118,4717,1.0
FORSYTH - 043,FORSYTH - 043,4391,121,4391,1.0
FORSYTH - 051,FORSYTH - 051,3648,56,3648,1.0
FORSYTH - 052,FORSYTH - 052,1267,30,1267,1.0
FORSYTH - 053,FORSYTH - 053,2614,39,2614,1.0
FORSYTH - 054,FORSYTH - 054,2668,39,2668,1.0
FORSYTH - 054,FORSYTH - 053,0,1,2668,0.0
FORSYTH - 055,FORSYTH - 055,4025,74,4025,1.0
FORSYTH - 061,FORSYTH - 061,3106,99,3106,1.0
FORSYTH - 061,FORSYTH - 067,0,1,3106,0.0
FORSYTH - 062,FORSYTH - 062,1939,27,1939,1.0
FORSYTH - 063,FORSYTH - 063,4374,153,4374,1.0
FORSYTH - 063,FORSYTH - 065,0,1,4374,0.0
FORSYTH - 064,FORSYTH - 064,1598,41,1598,1.0
FORSYTH - 065,FORSYTH - 065,4206,64,4206,1.0
FORSYTH - 066,FORSYTH - 066,3354,49,3354,1.0
FORSYTH - 067,FORSYTH - 067,2757,40,2757,1.0
FORSYTH - 068,FORSYTH - 068,2772,38,2772,1.0
FORSYTH - 071,FORSYTH - 071,3824,45,3824,1.0
FORSYTH - 071,FORSYTH - 073,0,1,3824,0.0
FORSYTH - 073,FORSYTH - 073,2994,55,2994,1.0
FORSYTH - 074,FORSYTH - 074,3588,57,3588,1.0
FORSYTH - 075,FORSYTH - 075,785,33,785,1.0
FORSYTH - 075,FORSYTH - 073,0,1,785,0.0
FORSYTH - 076,FORSYTH - 076,3487,79,3487,1.0
FORSYTH - 077,FORSYTH - 077,3369,40,3369,1.0
FORSYTH - 081,FORSYTH - 081,4260,62,4260,1.0
FORSYTH - 082,FORSYTH - 013,1,1,1,1.0
FORSYTH - 083,FORSYTH - 083,2563,91,2563,1.0
FORSYTH - 084,FORSYTH - 084,2481,75,2481,1.0
FORSYTH - 085,FORSYTH - 085,2458,120,2458,1.0
FORSYTH - 091,FORSYTH - 091,2420,82,2420,1.0
FORSYTH - 092,FORSYTH - 092,1892,128,1892,1.0
FORSYTH - 101,FORSYTH - 101,2565,48,2565,1.0
FORSYTH - 111,FORSYTH - 111,2093,58,2093,1.0
FORSYTH - 112,FORSYTH - 112,3675,96,3675,1.0
FORSYTH - 121,FORSYTH - 121,3790,67,3790,1.0
FORSYTH - 122,FORSYTH - 053,1,1,1,1.0
FORSYTH - 123,FORSYTH - 123,3697,58,3697,1.0
FORSYTH - 124,FORSYTH - 124,3668,62,3668,1.0
FORSYTH - 131,FORSYTH - 131,3570,71,3570,1.0
FORSYTH - 132,FORSYTH - 132,4371,97,4371,1.0
FORSYTH - 134,FORSYTH - 134,3093,74,3093,1.0
FORSYTH - 135,FORSYTH - 135,3110,64,3110,1.0
FORSYTH - 202,FORSYTH - 202,3052,25,3052,1.0
FORSYTH - 203,FORSYTH - 203,1879,44,1879,1.0
FORSYTH - 204,FORSYTH - 204,1905,49,1905,1.0
FORSYTH - 205,FORSYTH - 205,895,27,895,1.0
FORSYTH - 206,FORSYTH - 206,2046,47,2046,1.0
FORSYTH - 207,FORSYTH - 207,3635,49,3635,1.0
FORSYTH - 208,FORSYTH - 208,3285,46,3285,1.0
FORSYTH - 301,FORSYTH - 301,1088,60,1088,1.0
FORSYTH - 302,FORSYTH - 302,1234,63,1234,1.0
FORSYTH - 303,FORSYTH - 303,947,24,947,1.0
FORSYTH - 304,FORSYTH - 304,1961,48,1991,0.9849321948769463
FORSYTH - 304,FORSYTH - 303,30,1,1991,0.015067805123053743
FORSYTH - 305,FORSYTH - 305,1510,20,1510,1.0
FORSYTH - 306,FORSYTH - 306,2362,47,2398,0.9849874895746455
FORSYTH - 306,FORSYTH - 302,36,2,2398,0.015012510425354461
FORSYTH - 401,FORSYTH - 401,2436,68,2436,1.0
FORSYTH - 402,FORSYTH - 402,1494,47,1494,1.0
FORSYTH - 403,FORSYTH - 403,2270,117,2270,1.0
FORSYTH - 404,FORSYTH - 404,3720,124,3720,1.0
FORSYTH - 405,FORSYTH - 405,3158,77,3158,1.0
FORSYTH - 501,FORSYTH - 501,2320,32,2320,1.0
FORSYTH - 502,FORSYTH - 502,2077,52,2077,1.0
FORSYTH - 503,FORSYTH - 503,2318,91,2318,1.0
FORSYTH - 504,FORSYTH - 504,2020,44,2020,1.0
FORSYTH - 504,FORSYTH - 505,0,1,2020,0.0
FORSYTH - 505,FORSYTH - 505,2976,47,2976,1.0
FORSYTH - 506,FORSYTH - 506,2290,37,2290,1.0
FORSYTH - 507,FORSYTH - 043,1,1,1,1.0
FORSYTH - 508,FORSYTH - 508,3505,39,3505,1.0
FORSYTH - 509,FORSYTH - 509,2694,37,2694,1.0
FORSYTH - 601,FORSYTH - 601,2493,87,2493,1.0
FORSYTH - 602,FORSYTH - 602,4950,54,4950,1.0
FORSYTH - 603,FORSYTH - 603,2504,81,2504,1.0
FORSYTH - 604,FORSYTH - 604,2570,41,2570,1.0
FORSYTH - 605,FORSYTH - 605,4566,66,4566,1.0
FORSYTH - 606,FORSYTH - 606,2422,45,2422,1.0
FORSYTH - 607,FORSYTH - 607,2666,34,2666,1.0
FORSYTH - 701,FORSYTH - 701,1726,46,1726,1.0
FORSYTH - 702,FORSYTH - 702,1600,32,1600,1.0
FORSYTH - 703,FORSYTH - 703,1302,36,1302,1.0
FORSYTH - 704,FORSYTH - 704,1922,36,1922,1.0
FORSYTH - 705,FORSYTH - 705,2876,87,2876,1.0
FORSYTH - 706,FORSYTH - 706,1683,19,1683,1.0
FORSYTH - 707,FORSYTH - 707,1724,37,1724,1.0
FORSYTH - 708,FORSYTH - 708,4896,81,4896,1.0
FORSYTH - 709,FORSYTH - 709,3863,76,3863,1.0
FORSYTH - 709,FORSYTH - 705,0,1,3863,0.0
FORSYTH - 709,FORSYTH - 708,0,1,3863,0.0
FORSYTH - 801,FORSYTH - 801,1458,20,1458,1.0
FORSYTH - 801,FORSYTH - 802,0,1,1458,0.0
FORSYTH - 802,FORSYTH - 802,1409,38,1409,1.0
FORSYTH - 803,FORSYTH - 803,1581,44,1581,1.0
FORSYTH - 804,FORSYTH - 804,1170,35,1170,1.0
FORSYTH - 805,FORSYTH - 805,2234,37,2234,1.0
FORSYTH - 806,FORSYTH - 806,2082,25,2082,1.0
FORSYTH - 807,FORSYTH - 807,2013,26,2013,1.0
FORSYTH - 808,FORSYTH - 808,4690,33,4690,1.0
FORSYTH - 809,FORSYTH - 809,2533,44,2533,1.0
FORSYTH - 901,FORSYTH - 901,1752,56,1752,1.0
FORSYTH - 902,FORSYTH - 902,2624,66,2624,1.0
FORSYTH - 903,FORSYTH - 903,4344,44,4344,1.0
FORSYTH - 904,FORSYTH - 904,3407,42,3407,1.0
FORSYTH - 905,FORSYTH - 905,4483,31,4495,0.9973303670745273
FORSYTH - 905,FORSYTH - 202,12,1,4495,0.0026696329254727474
FORSYTH - 906,FORSYTH - 906,3393,40,3393,1.0
FORSYTH - 907,FORSYTH - 907,2061,31,2061,1.0
FORSYTH - 908,FORSYTH - 908,2585,54,2585,1.0
FORSYTH - 909,FORSYTH - 909,1456,27,1514,0.9616908850726552
FORSYTH - 909,FORSYTH - 132,58,1,1514,0.03830911492734478
FRANKLIN - 01,FRANKLIN - 01,2257,114,2287,0.9868823786620026
FRANKLIN - 01,FRANKLIN - 02,30,1,2287,0.013117621337997376
FRANKLIN - 02,FRANKLIN - 02,1992,61,2022,0.9851632047477745
FRANKLIN - 02,FRANKLIN - 01,30,1,2022,0.01483679525222552
FRANKLIN - 03,FRANKLIN - 03,4336,148,4343,0.9983882109141147
FRANKLIN - 03,FRANKLIN - 15,7,1,4343,0.0016117890858853327
FRANKLIN - 05,FRANKLIN - 05,3053,67,3053,1.0
FRANKLIN - 06,FRANKLIN - 06,2451,70,2451,1.0
FRANKLIN - 07,FRANKLIN - 07,2122,45,2122,1.0
FRANKLIN - 08,FRANKLIN - 08,3991,179,3991,1.0
FRANKLIN - 09,FRANKLIN - 09,1776,88,1776,1.0
FRANKLIN - 10,FRANKLIN - 10,1167,71,1167,1.0
FRANKLIN - 11,FRANKLIN - 11,1935,66,1935,1.0
FRANKLIN - 12,FRANKLIN - 12,1629,45,1629,1.0
FRANKLIN - 13,FRANKLIN - 13,2311,60,2311,1.0
FRANKLIN - 14,FRANKLIN - 14,4544,54,4544,1.0
FRANKLIN - 15,FRANKLIN - 15,3379,106,3379,1.0
FRANKLIN - 16,FRANKLIN - 16,2215,79,2215,1.0
FRANKLIN - 17,FRANKLIN - 17,4022,64,4022,1.0
FRANKLIN - 18,FRANKLIN - 18,3295,74,3295,1.0
FRANKLIN - 19,FRANKLIN - 19,6602,120,6602,1.0
GASTON - 01,GASTON - 1A,1482,66,1482,1.0
GASTON - 02,GASTON - 2A,3091,101,3211,0.9626284646527562
GASTON - 02,GASTON - 3A,120,1,3211,0.03737153534724385
GASTON - 03,GASTON - 2A,2763,81,2763,1.0
GASTON - 04,GASTON - 5A,6800,140,6800,1.0
GASTON - 05,GASTON - 15A,3497,113,3497,1.0
GASTON - 06,GASTON - 15A,2247,75,2247,1.0
GASTON - 07,GASTON - 16A,1926,84,1926,1.0
GASTON - 07,GASTON - 15A,0,1,1926,0.0
GASTON - 08,GASTON - 16A,2384,49,2384,1.0
GASTON - 09,GASTON - 28A,2599,49,2599,1.0
GASTON - 10,GASTON - 28A,3307,53,3307,1.0
GASTON - 10,GASTON - 3A,0,1,3307,0.0
GASTON - 11,GASTON - 1A,2559,84,2559,1.0
GASTON - 12,GASTON - 17A,4295,101,4295,1.0
GASTON - 13,GASTON - 25A,3618,102,3618,1.0
GASTON - 13,GASTON - 24A,0,1,3618,0.0
GASTON - 13,GASTON - 35A,0,1,3618,0.0
GASTON - 14,GASTON - 27A,1185,61,1185,1.0
GASTON - 15,GASTON - 30A,7056,70,7056,1.0
GASTON - 15,GASTON - 29A,0,2,7056,0.0
GASTON - 16,GASTON - 31A,4614,65,4614,1.0
GASTON - 17,GASTON - 3A,4758,58,4758,1.0
GASTON - 18,GASTON - 29A,5989,57,7574,0.7907314496963296
GASTON - 18,GASTON - 27A,1585,47,7574,0.20926855030367045
GASTON - 19,GASTON - 4A,5864,142,6063,0.9671779647039419
GASTON - 19,GASTON - 5A,199,5,6063,0.03282203529605806
GASTON - 20,GASTON - 8A,4634,165,4634,1.0
GASTON - 21,GASTON - 7A,2879,163,3019,0.9536270288174893
GASTON - 21,GASTON - 15A,140,13,3019,0.04637297118251076
GASTON - 21,GASTON - 8A,0,1,3019,0.0
GASTON - 22,GASTON - 6A,4942,158,4942,1.0
GASTON - 23,GASTON - 39A,3825,119,3825,1.0
GASTON - 23,GASTON - 33A,0,1,3825,0.0
GASTON - 24,GASTON - 38A,3912,141,3912,1.0
GASTON - 24,GASTON - 40A,0,1,3912,0.0
GASTON - 25,GASTON - 36A,2991,109,3591,0.8329156223893066
GASTON - 25,GASTON - 37A,517,14,3591,0.1439710387078808
GASTON - 25,GASTON - 34A,83,6,3591,0.023113338902812586
GASTON - 26,GASTON - 37A,3731,72,3731,1.0
GASTON - 27,GASTON - 40A,4687,135,4687,1.0
GASTON - 28,GASTON - 34A,4029,111,4029,1.0
GASTON - 29,GASTON - 33A,4773,98,4796,0.9952043369474562
GASTON - 29,GASTON - 34A,23,6,4796,0.0047956630525437865
GASTON - 30,GASTON - 35A,3017,107,3021,0.9986759351208209
GASTON - 30,GASTON - 26A,4,8,3021,0.0013240648791790798
GASTON - 30,GASTON - 25A,0,1,3021,0.0
GASTON - 30,GASTON - 34A,0,1,3021,0.0
GASTON - 31,GASTON - 32A,3565,62,3565,1.0
GASTON - 32,GASTON - 26A,2837,121,2837,1.0
GASTON - 33,GASTON - 9A,2793,52,2793,1.0
GASTON - 34,GASTON - 12A,2852,71,2852,1.0
GASTON - 35,GASTON - 10A,2192,97,2192,1.0
GASTON - 36,GASTON - 11A,3759,133,3759,1.0
GASTON - 37,GASTON - 10A,1786,105,1786,1.0
GASTON - 38,GASTON - 13A,3207,129,3207,1.0
GASTON - 39,GASTON - 19A,4172,85,4172,1.0
GASTON - 39,GASTON - 18A,0,2,4172,0.0
GASTON - 40,GASTON - 14A,5975,159,5975,1.0
GASTON - 41,GASTON - 18A,4732,143,4732,1.0
GASTON - 41,GASTON - 19A,0,2,4732,0.0
GASTON - 42,GASTON - 21A,2934,97,2934,1.0
GASTON - 43,GASTON - 20A,5029,112,5029,1.0
GASTON - 44,GASTON - 24A,5464,135,5464,1.0
GASTON - 44,GASTON - 20A,0,1,5464,0.0
GASTON - 44,GASTON - 25A,0,2,5464,0.0
GASTON - 45,GASTON - 22A,4427,130,4427,1.0
GASTON - 46,GASTON - 23A,5997,107,5997,1.0
GATES - 1,GATES - 1,1562,65,1562,1.0
GATES - 1,GATES - 2,0,1,1562,0.0
GATES - 2,GATES - 2,1037,54,1037,1.0
GATES - 3,GATES - 3,1987,69,1987,1.0
GATES - 4N,GATES - 4N,1700,61,1700,1.0
GATES - 4S,GATES - 4S,937,37,937,1.0
GATES - 5,GATES - 5,1120,50,1120,1.0
GRAHAM - EAST,GRAHAM - EAST,2597,197,2597,1.0
GRAHAM - EAST,GRAHAM - WEST,0,1,2597,0.0
GRAHAM - STEC,GRAHAM - STEC,1170,168,1170,1.0
GRAHAM - STEC,GRAHAM - TAPO,0,1,1170,0.0
GRAHAM - TAPO,GRAHAM - TAPO,401,128,426,0.9413145539906104
GRAHAM - TAPO,GRAHAM - WEST,25,2,426,0.05868544600938967
GRAHAM - WEST,GRAHAM - WEST,2177,255,2177,1.0
GRANVILLE - ANTI,GRANVILLE - ANTI,1059,26,1059,1.0
GRANVILLE - BERE,GRANVILLE - BERE,1737,90,1737,1.0
GRANVILLE - BTNR,GRANVILLE - BTNR,7519,159,7519,1.0
GRANVILLE - CORI,GRANVILLE - CORI,2548,96,2548,1.0
GRANVILLE - CRDL,GRANVILLE - CRDL,2270,74,2286,0.9930008748906387
GRANVILLE - CRDL,GRANVILLE - WOEL,16,1,2286,0.00699912510936133
GRANVILLE - CRDM,GRANVILLE - CRDM,5494,160,5494,1.0
GRANVILLE - EAOX,GRANVILLE - EAOX,2297,85,2297,1.0
GRANVILLE - MTEN,GRANVILLE - MTEN,5224,92,5224,1.0
GRANVILLE - OKHL,GRANVILLE - OKHL,1380,90,1380,1.0
GRANVILLE - SALM,GRANVILLE - SALM,1868,95,1868,1.0
GRANVILLE - SASS,GRANVILLE - SASS,2075,102,2075,1.0
GRANVILLE - SOOX,GRANVILLE - SOOX,1907,87,1907,1.0
GRANVILLE - SOOX,GRANVILLE - CORI,0,2,1907,0.0
GRANVILLE - TYHO,GRANVILLE - TYHO,4852,154,4852,1.0
GRANVILLE - WILT,GRANVILLE - WILT,6331,84,6331,1.0
GRANVILLE - WOEL,GRANVILLE - WOEL,1618,58,1618,1.0
GREENE - ARBA,GREENE - ARBA,1097,46,1097,1.0
GREENE - BEAR,GREENE - BEAR,1011,36,1011,1.0
GREENE - BULL,GREENE - BULL,1107,54,1107,1.0
GREENE - CAST,GREENE - CAST,1043,56,1043,1.0
GREENE - HOOK,GREENE - HOOK,967,48,967,1.0
GREENE - MAUR,GREENE - MAUR,4913,84,4913,1.0
GREENE - SH#1,GREENE - SH#1,2011,97,2011,1.0
GREENE - SHIN,GREENE - SHIN,1897,80,1897,1.0
GREENE - SUGG,GREENE - SUGG,1238,39,1238,1.0
GREENE - WALS,GREENE - WALS,1282,82,1282,1.0
GUILFORD - CG1,GUILFORD - CG1,3409,30,3409,1.0
GUILFORD - CG2,GUILFORD - CG2,2230,34,2230,1.0
GUILFORD - CG3A,GUILFORD - CG3A,1813,21,1813,1.0
GUILFORD - CG3B,GUILFORD - CG3B,2715,55,2715,1.0
GUILFORD - FEN1,GUILFORD - FEN1,4091,104,4091,1.0
GUILFORD - FEN2,GUILFORD - FEN2,1993,39,1993,1.0
GUILFORD - FR1,GUILFORD - FR1,5728,85,5728,1.0
GUILFORD - FR2,GUILFORD - FR2,2561,64,2561,1.0
GUILFORD - FR3,GUILFORD - FR3,1570,18,1570,1.0
GUILFORD - FR4,GUILFORD - FR4,1481,74,1481,1.0
GUILFORD - FR5A,GUILFORD - FR5A,2339,60,2339,1.0
GUILFORD - FR5A,GUILFORD - FR4,0,1,2339,0.0
GUILFORD - FR5B,GUILFORD - FR5B,1448,44,1448,1.0
GUILFORD - G01,GUILFORD - G01,1619,37,1619,1.0
GUILFORD - G02,GUILFORD - G02,1850,65,1850,1.0
GUILFORD - G03,GUILFORD - G03,2336,66,2336,1.0
GUILFORD - G03,GUILFORD - G02,0,1,2336,0.0
GUILFORD - G04,GUILFORD - G04,2436,60,2436,1.0
GUILFORD - G05,GUILFORD - G05,1538,27,1538,1.0
GUILFORD - G06,GUILFORD - G06,1583,37,1583,1.0
GUILFORD - G07,GUILFORD - G07,3136,69,3136,1.0
GUILFORD - G08,GUILFORD - G08,3043,43,3043,1.0
GUILFORD - G09,GUILFORD - G09,3895,39,3895,1.0
GUILFORD - G10,GUILFORD - G10,3514,63,3546,0.990975747320925
GUILFORD - G10,GUILFORD - MON2A,32,1,3546,0.009024252679075015
GUILFORD - G11,GUILFORD - G11,1895,91,1895,1.0
GUILFORD - G11,GUILFORD - G01,0,1,1895,0.0
GUILFORD - G12,GUILFORD - G12,1162,49,1162,1.0
GUILFORD - G13,GUILFORD - G13,1473,57,1473,1.0
GUILFORD - G14,GUILFORD - G14,1172,46,1172,1.0
GUILFORD - G15,GUILFORD - G15,1401,47,1401,1.0
GUILFORD - G15,GUILFORD - G16,0,1,1401,0.0
GUILFORD - G16,GUILFORD - G16,1325,33,1325,1.0
GUILFORD - G16,GUILFORD - G15,0,1,1325,0.0
GUILFORD - G17,GUILFORD - G17,1738,72,1738,1.0
GUILFORD - G18,GUILFORD - G18,1234,51,1234,1.0
GUILFORD - G19,GUILFORD - G19,1656,61,1656,1.0
GUILFORD - G20,GUILFORD - G20,2641,77,2641,1.0
GUILFORD - G20,GUILFORD - G21,0,2,2641,0.0
GUILFORD - G21,GUILFORD - G21,4205,74,4205,1.0
GUILFORD - G22,GUILFORD - G22,1708,32,1708,1.0
GUILFORD - G23,GUILFORD - G23,1723,27,1723,1.0
GUILFORD - G24,GUILFORD - G24,1705,15,1705,1.0
GUILFORD - G25,GUILFORD - G25,1978,14,1978,1.0
GUILFORD - G26,GUILFORD - G26,3539,55,3591,0.9855193539404066
GUILFORD - G26,GUILFORD - MON2A,52,1,3591,0.014480646059593427
GUILFORD - G27,GUILFORD - G27,3104,33,3104,1.0
GUILFORD - G28,GUILFORD - G28,1237,16,1237,1.0
GUILFORD - G29,GUILFORD - G29,2040,39,2105,0.9691211401425178
GUILFORD - G29,GUILFORD - G28,65,1,2105,0.030878859857482184
GUILFORD - G30,GUILFORD - G30,1755,35,1755,1.0
GUILFORD - G31,GUILFORD - G31,1549,53,1549,1.0
GUILFORD - G32,GUILFORD - G32,2277,45,2277,1.0
GUILFORD - G33,GUILFORD - G33,1553,33,1553,1.0
GUILFORD - G34,GUILFORD - G34,1681,29,1681,1.0
GUILFORD - G35,GUILFORD - G35,1145,29,1145,1.0
GUILFORD - G36,GUILFORD - G36,2148,31,2160,0.9944444444444445
GUILFORD - G36,GUILFORD - G35,12,1,2160,0.005555555555555556
GUILFORD - G37,GUILFORD - G37,3442,28,3442,1.0
GUILFORD - G38,GUILFORD - G38,2571,30,2571,1.0
GUILFORD - G39,GUILFORD - G39,1821,23,1948,0.9348049281314168
GUILFORD - G39,GUILFORD - G40A1,127,1,1948,0.06519507186858316
GUILFORD - G40A1,GUILFORD - G40A1,1653,30,1653,1.0
GUILFORD - G40A2,GUILFORD - G40A2,1227,16,1516,0.8093667546174143
GUILFORD - G40A2,GUILFORD - G40A1,289,1,1516,0.19063324538258575
GUILFORD - G40B,GUILFORD - G40B,1601,12,1601,1.0
GUILFORD - G41A,GUILFORD - G41A,2009,18,2009,1.0
GUILFORD - G41B,GUILFORD - G41B,2333,29,2333,1.0
GUILFORD - G42A,GUILFORD - G42A,1647,31,1647,1.0
GUILFORD - G42B,GUILFORD - G42B,1085,7,1085,1.0
GUILFORD - G43,GUILFORD - G43,3803,39,3803,1.0
GUILFORD - G44,GUILFORD - G44,4226,88,4226,1.0
GUILFORD - G45,GUILFORD - G45,5790,29,5790,1.0
GUILFORD - G46,GUILFORD - G46,3779,75,3779,1.0
GUILFORD - G46,GUILFORD - G47,0,1,3779,0.0
GUILFORD - G47,GUILFORD - G47,3844,90,3844,1.0
GUILFORD - G48,GUILFORD - G48,5068,76,5068,1.0
GUILFORD - G49,GUILFORD - G49,1619,32,1619,1.0
GUILFORD - G49,GUILFORD - G63,0,1,1619,0.0
GUILFORD - G50,GUILFORD - G50,4704,106,4704,1.0
GUILFORD - G51,GUILFORD - G51,2540,66,2540,1.0
GUILFORD - G52,GUILFORD - G52,2590,61,2590,1.0
GUILFORD - G52,GUILFORD - G47,0,1,2590,0.0
GUILFORD - G53,GUILFORD - G53,3550,68,3550,1.0
GUILFORD - G54,GUILFORD - G54,3558,44,3558,1.0
GUILFORD - G54,GUILFORD - G52,0,1,3558,0.0
GUILFORD - G55,GUILFORD - G55,2720,47,2751,0.9887313704107598
GUILFORD - G55,GUILFORD - SUM1,31,1,2751,0.011268629589240277
GUILFORD - G56,GUILFORD - G56,2200,49,2200,1.0
GUILFORD - G57,GUILFORD - G57,2219,44,2242,0.9897413024085637
GUILFORD - G57,GUILFORD - SUM1,23,1,2242,0.010258697591436218
GUILFORD - G58,GUILFORD - G58,2624,35,2624,1.0
GUILFORD - G59,GUILFORD - G59,1863,44,1863,1.0
GUILFORD - G60,GUILFORD - G60,3121,44,3121,1.0
GUILFORD - G61,GUILFORD - G61,2658,49,2658,1.0
GUILFORD - G61,GUILFORD - G50,0,1,2658,0.0
GUILFORD - G62,GUILFORD - G62,2017,28,2017,1.0
GUILFORD - G63,GUILFORD - G63,2287,18,2287,1.0
GUILFORD - G64,GUILFORD - G64,3641,114,3641,1.0
GUILFORD - G64,GUILFORD - G43,0,1,3641,0.0
GUILFORD - G65,GUILFORD - G65,2933,22,2933,1.0
GUILFORD - G66,GUILFORD - G66,2628,16,2628,1.0
GUILFORD - G67,GUILFORD - G67,1734,39,1734,1.0
GUILFORD - G68,GUILFORD - G68,3152,43,3152,1.0
GUILFORD - G69,GUILFORD - G69,2602,89,2602,1.0
GUILFORD - G70,GUILFORD - G70,3013,59,3013,1.0
GUILFORD - G71,GUILFORD - G71,2794,69,2794,1.0
GUILFORD - G71,GUILFORD - G70,0,1,2794,0.0
GUILFORD - G72,GUILFORD - G72,2991,38,2991,1.0
GUILFORD - G72,GUILFORD - JEF2,0,1,2991,0.0
GUILFORD - G73,GUILFORD - G73,1723,58,1723,1.0
GUILFORD - G74,GUILFORD - G74,2157,66,2157,1.0
GUILFORD - G74,GUILFORD - G73,0,1,2157,0.0
GUILFORD - G75,GUILFORD - G75,1801,65,1801,1.0
GUILFORD - G75,GUILFORD - G52,0,1,1801,0.0
GUILFORD - G75,GUILFORD - G73,0,1,1801,0.0
GUILFORD - GIB,GUILFORD - GIB,3125,114,3125,1.0
GUILFORD - GR,GUILFORD - GR,2925,123,2925,1.0
GUILFORD - H01,GUILFORD - H01,2883,112,3061,0.9418490689317217
GUILFORD - H01,GUILFORD - H02,178,1,3061,0.05815093106827834
GUILFORD - H02,GUILFORD - H02,2111,54,2111,1.0
GUILFORD - H03,GUILFORD - H03,2867,145,2867,1.0
GUILFORD - H04,GUILFORD - H04,3694,116,3728,0.9908798283261803
GUILFORD - H04,GUILFORD - JAM5,34,2,3728,0.009120171673819743
GUILFORD - H04,GUILFORD - H03,0,1,3728,0.0
GUILFORD - H04,GUILFORD - H05,0,1,3728,0.0
GUILFORD - H04,GUILFORD - H07,0,1,3728,0.0
GUILFORD - H05,GUILFORD - H05,2818,61,2818,1.0
GUILFORD - H06,GUILFORD - H06,3304,68,3304,1.0
GUILFORD - H07,GUILFORD - H07,1900,69,1900,1.0
GUILFORD - H07,GUILFORD - H05,0,1,1900,0.0
GUILFORD - H08,GUILFORD - H08,1714,61,1714,1.0
GUILFORD - H09,GUILFORD - H09,2273,67,2273,1.0
GUILFORD - H10,GUILFORD - H10,2374,51,2379,0.9978982765868012
GUILFORD - H10,GUILFORD - H09,5,1,2379,0.002101723413198823
GUILFORD - H11,GUILFORD - H11,5260,64,5260,1.0
GUILFORD - H12,GUILFORD - H12,1780,73,1780,1.0
GUILFORD - H13,GUILFORD - H13,2048,97,2048,1.0
GUILFORD - H14,GUILFORD - H14,1464,37,1464,1.0
GUILFORD - H15,GUILFORD - H15,2430,20,2430,1.0
GUILFORD - H16,GUILFORD - H16,1592,63,1592,1.0
GUILFORD - H17,GUILFORD - H17,1840,31,1840,1.0
GUILFORD - H18,GUILFORD - H18,2698,28,2698,1.0
GUILFORD - H19A,GUILFORD - H19A,1706,21,1706,1.0
GUILFORD - H19B,GUILFORD - H19B,1285,13,1285,1.0
GUILFORD - H19B,GUILFORD - H28,0,2,1285,0.0
GUILFORD - H20A,GUILFORD - H20A,1682,31,1682,1.0
GUILFORD - H20A,GUILFORD - H21,0,1,1682,0.0
GUILFORD - H20B,GUILFORD - H20B,1316,15,1316,1.0
GUILFORD - H21,GUILFORD - H21,1688,16,1688,1.0
GUILFORD - H22,GUILFORD - H22,1947,36,1947,1.0
GUILFORD - H23,GUILFORD - H23,1632,38,1632,1.0
GUILFORD - H23,GUILFORD - H21,0,1,1632,0.0
GUILFORD - H24,GUILFORD - H24,2504,42,2504,1.0
GUILFORD - H25,GUILFORD - H25,3354,39,3354,1.0
GUILFORD - H26,GUILFORD - H26,2186,28,2186,1.0
GUILFORD - H26,GUILFORD - H27-B,0,1,2186,0.0
GUILFORD - H27-A,GUILFORD - H27-A,2136,22,2136,1.0
GUILFORD - H27-B,GUILFORD - H27-B,2346,24,2346,1.0
GUILFORD - H28,GUILFORD - H28,3103,94,3103,1.0
GUILFORD - H29A,GUILFORD - H29A,2723,72,2723,1.0
GUILFORD - H29A,GUILFORD - JAM1,0,1,2723,0.0
GUILFORD - H29B,GUILFORD - H29B,3541,107,3541,1.0
GUILFORD - JAM1,GUILFORD - JAM1,2769,72,2821,0.9815668202764977
GUILFORD - JAM1,GUILFORD - JAM4,52,1,2821,0.018433179723502304
GUILFORD - JAM1,GUILFORD - H29A,0,1,2821,0.0
GUILFORD - JAM2,GUILFORD - JAM2,1916,37,1916,1.0
GUILFORD - JAM2,GUILFORD - H29A,0,1,1916,0.0
GUILFORD - JAM3,GUILFORD - JAM3,2035,113,2035,1.0
GUILFORD - JAM4,GUILFORD - JAM4,2941,153,2941,1.0
GUILFORD - JAM4,GUILFORD - SUM1,0,1,2941,0.0
GUILFORD - JAM5,GUILFORD - JAM5,1945,174,1945,1.0
GUILFORD - JAM5,GUILFORD - SUM4,0,1,1945,0.0
GUILFORD - JEF1,GUILFORD - JEF1,3634,154,3634,1.0
GUILFORD - JEF2,GUILFORD - JEF2,3468,127,3468,1.0
GUILFORD - JEF2,GUILFORD - RC1,0,1,3468,0.0
GUILFORD - JEF3,GUILFORD - JEF3,4081,85,4081,1.0
GUILFORD - JEF3,GUILFORD - JEF2,0,1,4081,0.0
GUILFORD - JEF4,GUILFORD - JEF4,2214,104,2214,1.0
GUILFORD - JEF4,GUILFORD - JEF2,0,1,2214,0.0
GUILFORD - MON1,GUILFORD - MON1,3593,107,3593,1.0
GUILFORD - MON2A,GUILFORD - MON2A,3973,93,3973,1.0
GUILFORD - MON2B,GUILFORD - MON2B,1852,40,1852,1.0
GUILFORD - MON3,GUILFORD - MON3,4766,149,4766,1.0
GUILFORD - NCGR1,GUILFORD - NCGR1,3143,73,3143,1.0
GUILFORD - NCGR2,GUILFORD - NCGR2,2474,61,2474,1.0
GUILFORD - NCLAY1,GUILFORD - NCLAY1,2517,61,2517,1.0
GUILFORD - NCLAY2,GUILFORD - NCLAY2,1468,55,1468,1.0
GUILFORD - NDRI,GUILFORD - NDRI,2957,101,2957,1.0
GUILFORD - NMAD,GUILFORD - NMAD,3148,92,3148,1.0
GUILFORD - NMAD,GUILFORD - SMAD,0,1,3148,0.0
GUILFORD - NWASH,GUILFORD - NWASH,1395,60,1395,1.0
GUILFORD - NWASH,GUILFORD - SWASH,0,1,1395,0.0
GUILFORD - OR1,GUILFORD - OR1,3822,119,3822,1.0
GUILFORD - OR1,GUILFORD - STOK,0,2,3822,0.0
GUILFORD - OR2,GUILFORD - OR2,2549,43,2549,1.0
GUILFORD - OR2,GUILFORD - STOK,0,1,2549,0.0
GUILFORD - PG1,GUILFORD - PG1,2143,52,2143,1.0
GUILFORD - PG1,GUILFORD - FEN2,0,1,2143,0.0
GUILFORD - PG2,GUILFORD - PG2,2848,80,2848,1.0
GUILFORD - RC1,GUILFORD - RC1,3913,89,3930,0.9956743002544529
GUILFORD - RC1,GUILFORD - RC2,17,1,3930,0.004325699745547073
GUILFORD - RC1,GUILFORD - JEF2,0,1,3930,0.0
GUILFORD - RC2,GUILFORD - RC2,6325,205,6325,1.0
GUILFORD - SCLAY,GUILFORD - SCLAY,2183,85,2183,1.0
GUILFORD - SDRI,GUILFORD - SDRI,6195,187,6195,1.0
GUILFORD - SF1,GUILFORD - SF1,3423,96,3423,1.0
GUILFORD - SF2,GUILFORD - SF2,1729,53,1729,1.0
GUILFORD - SF3,GUILFORD - SF3,3366,62,3366,1.0
GUILFORD - SF4,GUILFORD - SF4,3667,68,3667,1.0
GUILFORD - SMAD,GUILFORD - SMAD,2947,62,2947,1.0
GUILFORD - SMAD,GUILFORD - JEF1,0,1,2947,0.0
GUILFORD - STOK,GUILFORD - STOK,4423,91,4456,0.9925942549371634
GUILFORD - STOK,GUILFORD - OR1,33,1,4456,0.007405745062836625
GUILFORD - SUM1,GUILFORD - SUM1,2596,91,2596,1.0
GUILFORD - SUM1,GUILFORD - JAM4,0,2,2596,0.0
GUILFORD - SUM2,GUILFORD - SUM2,2718,86,2718,1.0
GUILFORD - SUM3,GUILFORD - SUM3,1494,32,1494,1.0
GUILFORD - SUM4,GUILFORD - SUM4,2160,48,2160,1.0
GUILFORD - SWASH,GUILFORD - SWASH,1064,50,1064,1.0
GUILFORD - SWASH,GUILFORD - NWASH,0,2,1064,0.0
HALIFAX - BUTWD,HALIFAX - BUTWD,443,35,443,1.0
HALIFAX - CONC,HALIFAX - CONC,331,36,331,1.0
HALIFAX - ENF 2,HALIFAX - ENF 2,1308,102,1308,1.0
HALIFAX - ENF 2,HALIFAX - ENF1,0,1,1308,0.0
HALIFAX - ENF1,HALIFAX - ENF1,2132,151,2132,1.0
HALIFAX - FAUCT,HALIFAX - FAUCT,1342,92,1342,1.0
HALIFAX - HAL,HALIFAX - HAL,2285,100,2285,1.0
HALIFAX - HOL,HALIFAX - HOL,2291,78,2291,1.0
HALIFAX - HOL,HALIFAX - RINGW,0,2,2291,0.0
HALIFAX - HPR,HALIFAX - HPR,1147,139,1147,1.0
HALIFAX - LIT,HALIFAX - LIT,2955,172,2955,1.0
HALIFAX - RINGW,HALIFAX - RINGW,1292,55,1292,1.0
HALIFAX - RINGW,HALIFAX - HOL,0,2,1292,0.0
HALIFAX - RR 10,HALIFAX - RR 10,2809,67,2809,1.0
HALIFAX - RR 11,HALIFAX - RR 11,2755,70,2755,1.0
HALIFAX - RR1-2,HALIFAX - RR1-2,1481,65,1481,1.0
HALIFAX - RR3-4,HALIFAX - RR3-4,2302,98,2302,1.0
HALIFAX - RR7-9,HALIFAX - RR7-9,4283,102,4283,1.0
HALIFAX - RRCE,HALIFAX - RRCE,3578,156,3578,1.0
HALIFAX - SN,HALIFAX - SN,2438,132,2438,1.0
HALIFAX - WEL 3,HALIFAX - WEL 3,2295,89,2295,1.0
HALIFAX - WEL1-2,HALIFAX - WEL1-2,1494,127,1494,1.0
HARNETT - PR01,HARNETT - PR36,7781,116,12415,0.6267418445428916
HARNETT - PR01,HARNETT - PR35,4107,86,12415,0.33080950463149417
HARNETT - PR01,HARNETT - PR39,527,13,12415,0.04244865082561418
HARNETT - PR07,HARNETT - PR33,8322,148,16849,0.493916552911152
HARNETT - PR07,HARNETT - PR34,8289,95,16849,0.49195797970205946
HARNETT - PR07,HARNETT - PR37,238,9,16849,0.014125467386788533
HARNETT - PR08,HARNETT - PR08,8787,198,8787,1.0
HARNETT - PR16,HARNETT - PR37,9729,129,9729,1.0
HARNETT - PR16,HARNETT - PR34,0,1,9729,0.0
HARNETT - PR20,HARNETT - PR38,2774,92,2799,0.991068238656663
HARNETT - PR20,HARNETT - PR39,25,3,2799,0.008931761343336906
HARNETT - PR23,HARNETT - PR23,6665,140,6702,0.9944792599224113
HARNETT - PR23,HARNETT - PR33,37,1,6702,0.00552074007758878
HARNETT - PR24,HARNETT - PR24,8304,284,8304,1.0
HARNETT - PR25,HARNETT - PR25,3790,247,3790,1.0
HARNETT - PR26,HARNETT - PR26,4939,235,4939,1.0
HARNETT - PR26,HARNETT - PR38,0,1,4939,0.0
HARNETT - PR26,HARNETT - PR39,0,1,4939,0.0
HARNETT - PR28,HARNETT - PR28,6898,119,6898,1.0
HARNETT - PR29,HARNETT - PR29,5371,261,5371,1.0
HARNETT - PR29,HARNETT - PR26,0,1,5371,0.0
HARNETT - PR31,HARNETT - PR39,4096,152,4096,1.0
HARNETT - PR32,HARNETT - PR32,6946,147,6946,1.0
HAYWOOD - AC,HAYWOOD - AC,2600,86,2600,1.0
HAYWOOD - AC,HAYWOOD - SA,0,1,2600,0.0
HAYWOOD - BC,HAYWOOD - BC,48,32,48,1.0
HAYWOOD - BC,HAYWOOD - JC,0,1,48,0.0
HAYWOOD - BE-1,HAYWOOD - BE1,1555,82,1555,1.0
HAYWOOD - BE-1,HAYWOOD - BE5-6,0,1,1555,0.0
HAYWOOD - BE-2,HAYWOOD - BE2,1365,77,1365,1.0
HAYWOOD - BE-2,HAYWOOD - BE3,0,1,1365,0.0
HAYWOOD - BE-3,HAYWOOD - BE3,2224,99,2224,1.0
HAYWOOD - BE-4,HAYWOOD - BE4,1867,58,1869,0.9989299090422686
HAYWOOD - BE-4,HAYWOOD - BE3,2,1,1869,0.001070090957731407
HAYWOOD - BE-7,HAYWOOD - BE7,1310,31,1310,1.0
HAYWOOD - BE56,HAYWOOD - BE5-6,2069,81,2069,1.0
HAYWOOD - CE,HAYWOOD - CE,409,43,409,1.0
HAYWOOD - CL-N,HAYWOOD - CLN,2420,87,2424,0.9983498349834984
HAYWOOD - CL-N,HAYWOOD - BE1,4,1,2424,0.0016501650165016502
HAYWOOD - CL-S,HAYWOOD - CLS,2871,133,2871,1.0
HAYWOOD - CR,HAYWOOD - CR,1562,75,1562,1.0
HAYWOOD - EF,HAYWOOD - EF,1379,80,1379,1.0
HAYWOOD - FC-1,HAYWOOD - FC-1,799,75,799,1.0
HAYWOOD - FC-1,HAYWOOD - BC,0,5,799,0.0
HAYWOOD - FC-1,HAYWOOD - WO,0,1,799,0.0
HAYWOOD - FC-2,HAYWOOD - FC-2,166,17,166,1.0
HAYWOOD - HA,HAYWOOD - HA,1293,59,1293,1.0
HAYWOOD - ID,HAYWOOD - ID,1026,47,1031,0.9951503394762367
HAYWOOD - ID,HAYWOOD - CR,5,1,1031,0.004849660523763337
HAYWOOD - IH,HAYWOOD - IH,4267,404,4269,0.9995315062075427
HAYWOOD - IH,HAYWOOD - JC,2,1,4269,0.00046849379245724994
HAYWOOD - JC,HAYWOOD - JC,3769,160,3771,0.9994696367011403
HAYWOOD - JC,HAYWOOD - IH,2,1,3771,0.0005303632988597189
HAYWOOD - LJ,HAYWOOD - LJ,2066,126,2066,1.0
HAYWOOD - P,HAYWOOD - P,3037,88,3037,1.0
HAYWOOD - PC,HAYWOOD - PC,1319,33,1324,0.9962235649546828
HAYWOOD - PC,HAYWOOD - P,5,1,1324,0.0037764350453172208
HAYWOOD - SA,HAYWOOD - SA,2339,77,2339,1.0
HAYWOOD - WC,HAYWOOD - WC,907,46,907,1.0
HAYWOOD - WE,HAYWOOD - WE,1614,65,1614,1.0
HAYWOOD - WO,HAYWOOD - WO,338,24,338,1.0
HAYWOOD - WO,HAYWOOD - FC-1,0,1,338,0.0
HAYWOOD - WO,HAYWOOD - FC-2,0,2,338,0.0
HAYWOOD - WS-1,HAYWOOD - WS-1,2374,115,2379,0.9978982765868012
HAYWOOD - WS-1,HAYWOOD - SA,5,1,2379,0.002101723413198823
HAYWOOD - WS-2,HAYWOOD - WS-2,2076,128,2076,1.0
HAYWOOD - WW,HAYWOOD - WW,1997,110,1997,1.0
HAYWOOD - WW,HAYWOOD - IH,0,1,1997,0.0
HENDERSON - AR,HENDERSON - AR,1873,80,1933,0.9689601655457838
HENDERSON - AR,HENDERSON - FR,60,1,1933,0.031039834454216243
HENDERSON - AT,HENDERSON - AT,3294,145,3296,0.9993932038834952
HENDERSON - AT,HENDERSON - LP,2,1,3296,0.0006067961165048543
HENDERSON - AT,HENDERSON - FR,0,2,3296,0.0
HENDERSON - BC,HENDERSON - BC,1007,62,1007,1.0
HENDERSON - BK,HENDERSON - BK,1705,72,1705,1.0
HENDERSON - BK,HENDERSON - FL,0,1,1705,0.0
HENDERSON - CB,HENDERSON - CB,1354,80,1357,0.997789240972734
HENDERSON - CB,HENDERSON - ES,3,1,1357,0.002210759027266028
HENDERSON - CC,HENDERSON - CC,5061,145,5061,1.0
HENDERSON - ED,HENDERSON - ED,3375,65,3376,0.9997037914691943
HENDERSON - ED,HENDERSON - BC,1,1,3376,0.0002962085308056872
HENDERSON - ED,HENDERSON - HC,0,1,3376,0.0
HENDERSON - EF,HENDERSON - EF,3845,118,3849,0.9989607690309171
HENDERSON - EF,HENDERSON - FR,4,1,3849,0.0010392309690828788
HENDERSON - ES,HENDERSON - ES,2475,81,2480,0.9979838709677419
HENDERSON - ES,HENDERSON - AT,5,1,2480,0.0020161290322580645
HENDERSON - EV,HENDERSON - EV,2757,80,2757,1.0
HENDERSON - EV,HENDERSON - HS,0,1,2757,0.0
HENDERSON - EV,HENDERSON - SM,0,1,2757,0.0
HENDERSON - FL,HENDERSON - FL,4997,135,4997,1.0
HENDERSON - FL,HENDERSON - BK,0,1,4997,0.0
HENDERSON - FL,HENDERSON - NM,0,1,4997,0.0
HENDERSON - FR,HENDERSON - FR,3003,113,3003,1.0
HENDERSON - GM,HENDERSON - GM,1478,52,1478,1.0
HENDERSON - GM,HENDERSON - PR,0,2,1478,0.0
HENDERSON - GR,HENDERSON - GR,2684,162,2684,1.0
HENDERSON - GR,HENDERSON - FR,0,1,2684,0.0
HENDERSON - HC,HENDERSON - HC,3415,101,3415,1.0
HENDERSON - HS,HENDERSON - HS,2601,81,2601,1.0
HENDERSON - HS,HENDERSON - ES,0,1,2601,0.0
HENDERSON - HS,HENDERSON - SM,0,1,2601,0.0
HENDERSON - HV-1,HENDERSON - HV-1,2644,99,2644,1.0
HENDERSON - HV-2,HENDERSON - HV-2,3865,191,3865,1.0
HENDERSON - HV-2,HENDERSON - NE,0,1,3865,0.0
HENDERSON - HV-3,HENDERSON - HV-3,2946,161,3023,0.9745286139596427
HENDERSON - HV-3,HENDERSON - SW,77,1,3023,0.02547138604035726
HENDERSON - LJ,HENDERSON - LJ,1990,46,1990,1.0
HENDERSON - LJ,HENDERSON - SM,0,1,1990,0.0
HENDERSON - LP,HENDERSON - LP,1771,85,1885,0.9395225464190982
HENDERSON - LP,HENDERSON - SW,114,1,1885,0.060477453580901855
HENDERSON - MG,HENDERSON - MG,1497,51,1497,1.0
HENDERSON - NB,HENDERSON - NB,5212,115,5212,1.0
HENDERSON - NB,HENDERSON - MG,0,1,5212,0.0
HENDERSON - NE,HENDERSON - NE,2443,89,2443,1.0
HENDERSON - NM,HENDERSON - NM,3106,140,3106,1.0
HENDERSON - NM,HENDERSON - FL,0,1,3106,0.0
HENDERSON - NM,HENDERSON - SM,0,5,3106,0.0
HENDERSON - NW,HENDERSON - NW,2381,52,2389,0.9966513185433236
HENDERSON - NW,HENDERSON - HV-1,8,1,2389,0.0033486814566764337
HENDERSON - PR,HENDERSON - PR,3210,68,3210,1.0
HENDERSON - PR,HENDERSON - GM,0,1,3210,0.0
HENDERSON - PV,HENDERSON - PV,2136,58,2136,1.0
HENDERSON - RG,HENDERSON - RG,2583,61,2583,1.0
HENDERSON - RR,HENDERSON - RR,1078,74,1078,1.0
HENDERSON - SB,HENDERSON - SB,3599,100,3599,1.0
HENDERSON - SE,HENDERSON - SE,2116,82,2116,1.0
HENDERSON - SM,HENDERSON - SM,3952,146,3952,1.0
HENDERSON - SM,HENDERSON - LJ,0,1,3952,0.0
HENDERSON - SW,HENDERSON - SW,2701,105,2701,1.0
HERTFORD - A1,HERTFORD - A1,2439,144,2439,1.0
HERTFORD - A2,HERTFORD - A2,2303,110,2303,1.0
HERTFORD - A3,HERTFORD - A3,1202,57,1202,1.0
HERTFORD - BR,HERTFORD - BR,376,18,376,1.0
HERTFORD - BR,HERTFORD - M1,0,1,376,0.0
HERTFORD - BR,HERTFORD - M2,0,1,376,0.0
HERTFORD - CM,HERTFORD - CM,497,37,497,1.0
HERTFORD - CM,HERTFORD - M2,0,1,497,0.0
HERTFORD - CO,HERTFORD - CO,544,41,544,1.0
HERTFORD - HV,HERTFORD - HV,843,55,843,1.0
HERTFORD - M1,HERTFORD - M1,3464,120,3464,1.0
HERTFORD - M2,HERTFORD - M2,1171,43,1171,1.0
HERTFORD - ML,HERTFORD - ML,644,42,644,1.0
HERTFORD - SJ,HERTFORD - SJ,781,48,781,1.0
HERTFORD - UN,HERTFORD - UN,854,52,866,0.9861431870669746
HERTFORD - UN,HERTFORD - M2,12,1,866,0.013856812933025405
HERTFORD - WN,HERTFORD - WN,2402,85,2402,1.0
HOKE - 01,HOKE - 01,581,82,581,1.0
HOKE - 02,HOKE - 02,2553,127,2553,1.0
HOKE - 03,HOKE - 03,1111,70,1111,1.0
HOKE - 04,HOKE - 04,1145,47,1145,1.0
HOKE - 05,HOKE - 05,1917,113,1917,1.0
HOKE - 06B,HOKE - 06B,5156,63,5156,1.0
HOKE - 12,HOKE - 12,4508,80,4508,1.0
HOKE - 13,HOKE - 13,1569,105,1569,1.0
HOKE - 14,HOKE - 14,5785,120,5785,1.0
HOKE - 15,HOKE - 15,3303,34,3303,1.0
HOKE - 15,HOKE - 14,0,1,3303,0.0
HOKE - 61,HOKE - 61,1631,90,1631,1.0
HOKE - 62,HOKE - 62,1070,65,1070,1.0
HOKE - 63,HOKE - 63,4117,69,4117,1.0
HOKE - 64,HOKE - 64,2470,118,2470,1.0
HOKE - 64,HOKE - 03,0,1,2470,0.0
HOKE - 65,HOKE - 65,556,41,556,1.0
HYDE - BM,HYDE - BM,358,92,358,1.0
HYDE - ENG,HYDE - ENG,586,159,586,1.0
HYDE - FF,HYDE - FF,861,92,861,1.0
HYDE - LL,HYDE - LL,473,91,473,1.0
HYDE - LL,HYDE - ENG,0,1,473,0.0
HYDE - LL,HYDE - SQ,0,1,473,0.0
HYDE - OCK,HYDE - OCK,657,52,657,1.0
HYDE - SLAD,HYDE - SLAD,323,130,323,1.0
HYDE - SLAD,HYDE - BM,0,1,323,0.0
HYDE - SQ,HYDE - SQ,527,89,527,1.0
IREDELL - BA-1,IREDELL - BA-1,5908,221,5908,1.0
IREDELL - BE,IREDELL - BE,5732,114,5732,1.0
IREDELL - BE,IREDELL - OL,0,3,5732,0.0
IREDELL - CC1,IREDELL - CC1,7139,174,7139,1.0
IREDELL - CC2,IREDELL - CC2,7733,187,7733,1.0
IREDELL - CC3-1,IREDELL - CC3-1,10459,244,10459,1.0
IREDELL - CC4-1,IREDELL - CC4-1,4865,166,4865,1.0
IREDELL - CD,IREDELL - CD,5578,137,5578,1.0
IREDELL - CD,IREDELL - SB,0,4,5578,0.0
IREDELL - CH-A,IREDELL - CH-A,2850,104,2850,1.0
IREDELL - CH-A,IREDELL - CH-B,0,1,2850,0.0
IREDELL - CH-A,IREDELL - ST6,0,1,2850,0.0
IREDELL - CH-B,IREDELL - CH-B,3872,118,3872,1.0
IREDELL - CS,IREDELL - CS,3071,102,3071,1.0
IREDELL - CS,IREDELL - TB,0,1,3071,0.0
IREDELL - DV1A-1,IREDELL - DV3A,5854,132,10357,0.5652215892633001
IREDELL - DV1A-1,IREDELL - DV1A1A,4503,133,10357,0.4347784107366998
IREDELL - DV1B-1,IREDELL - DV1B-1,9625,127,9625,1.0
IREDELL - DV2A-1,IREDELL - DV2A-1,7058,161,7058,1.0
IREDELL - DV2B-1,IREDELL - DV2B-1,7515,206,7515,1.0
IREDELL - EM,IREDELL - EM,1459,122,1459,1.0
IREDELL - EM,IREDELL - TB,0,1,1459,0.0
IREDELL - FT,IREDELL - FT,8042,256,8042,1.0
IREDELL - NH,IREDELL - NH,1380,125,1380,1.0
IREDELL - OL,IREDELL - OL,1448,77,1448,1.0
IREDELL - OL,IREDELL - BE,0,2,1448,0.0
IREDELL - OL,IREDELL - CS,0,1,1448,0.0
IREDELL - OL,IREDELL - TB,0,4,1448,0.0
IREDELL - SB,IREDELL - SB,2108,121,2108,1.0
IREDELL - SB,IREDELL - CD,0,2,2108,0.0
IREDELL - SH-A,IREDELL - SH-A,3444,104,3444,1.0
IREDELL - SH-B,IREDELL - SH-B,3603,73,3603,1.0
IREDELL - ST1,IREDELL - ST1,4691,97,4846,0.9680148576145274
IREDELL - ST1,IREDELL - CH-A,143,1,4846,0.029508873297565002
IREDELL - ST1,IREDELL - ST6,12,1,4846,0.0024762690879075525
IREDELL - ST2,IREDELL - ST2,4281,162,4281,1.0
IREDELL - ST2,IREDELL - BE,0,1,4281,0.0
IREDELL - ST3,IREDELL - ST3,4144,160,4144,1.0
IREDELL - ST4,IREDELL - ST4,3653,118,3732,0.9788317256162915
IREDELL - ST4,IREDELL - ST5,79,1,3732,0.02116827438370847
IREDELL - ST5,IREDELL - ST5,3881,149,3881,1.0
IREDELL - ST6,IREDELL - ST6,4913,224,4913,1.0
IREDELL - TB,IREDELL - TB,3095,105,3095,1.0
IREDELL - TB,IREDELL - CS,0,1,3095,0.0
IREDELL - TB,IREDELL - EM,0,3,3095,0.0
IREDELL - TB,IREDELL - OL,0,2,3095,0.0
IREDELL - UG,IREDELL - UG,1657,142,1657,1.0
JACKSON - BCK,JACKSON - BCK,1535,78,1535,1.0
JACKSON - CAN,JACKSON - CAN,564,92,564,1.0
JACKSON - CAS,JACKSON - CAS,2182,185,2212,0.9864376130198915
JACKSON - CAS,JACKSON - GLV,30,1,2212,0.013562386980108499
JACKSON - CFK,JACKSON - CFK,668,42,668,1.0
JACKSON - CUL,JACKSON - CUL,9507,141,9507,1.0
JACKSON - GCK,JACKSON - GCK,1164,39,1164,1.0
JACKSON - GCK,JACKSON - BCK,0,1,1164,0.0
JACKSON - GLV,JACKSON - GLV,2223,239,2223,1.0
JACKSON - GLV,JACKSON - CAS,0,1,2223,0.0
JACKSON - QUA,JACKSON - QUA,4791,181,4791,1.0
JACKSON - RIV,JACKSON - RIV,966,78,966,1.0
JACKSON - SAV,JACKSON - SAV,1208,42,1208,1.0
JACKSON - SCC,JACKSON - SCC,1922,141,1922,1.0
JACKSON - SDC,JACKSON - SDC,6732,315,6732,1.0
JACKSON - SDC,JACKSON - WEB,0,1,6732,0.0
JACKSON - WEB,JACKSON - WEB,2298,79,2298,1.0
JOHNSTON - PR04,JOHNSTON - PR04,1486,62,1486,1.0
JOHNSTON - PR07,JOHNSTON - PR07,3490,164,3490,1.0
JOHNSTON - PR08,JOHNSTON - PR08,2544,54,2544,1.0
JOHNSTON - PR09,JOHNSTON - PR09,6006,127,6006,1.0
JOHNSTON - PR10A,JOHNSTON - PR10A,3835,131,3835,1.0
JOHNSTON - PR10B,JOHNSTON - PR10B,2945,65,2945,1.0
JOHNSTON - PR11A,JOHNSTON - PR11A,3620,37,3620,1.0
JOHNSTON - PR11B,JOHNSTON - PR11B,5931,101,5931,1.0
JOHNSTON - PR11B,JOHNSTON - PR10A,0,1,5931,0.0
JOHNSTON - PR12A,JOHNSTON - PR12A,6063,49,6063,1.0
JOHNSTON - PR12B,JOHNSTON - PR12B,5362,37,5362,1.0
JOHNSTON - PR13,JOHNSTON - PR13,3375,48,3375,1.0
JOHNSTON - PR14,JOHNSTON - PR14,3006,72,3006,1.0
JOHNSTON - PR19,JOHNSTON - PR19,2221,105,2221,1.0
JOHNSTON - PR20,JOHNSTON - PR20,4551,75,4551,1.0
JOHNSTON - PR21,JOHNSTON - PR21,3439,75,3439,1.0
JOHNSTON - PR22,JOHNSTON - PR22,4130,201,4130,1.0
JOHNSTON - PR23A,JOHNSTON - PR23A,5041,36,5041,1.0
JOHNSTON - PR23B,JOHNSTON - PR23B,3898,49,3898,1.0
JOHNSTON - PR24,JOHNSTON - PR24,3261,232,3261,1.0
JOHNSTON - PR25,JOHNSTON - PR25,3418,84,3418,1.0
JOHNSTON - PR26,JOHNSTON - PR26,3281,171,3281,1.0
JOHNSTON - PR27A,JOHNSTON - PR27A,2282,56,2309,0.9883066262451278
JOHNSTON - PR27A,JOHNSTON - PR24,27,1,2309,0.01169337375487224
JOHNSTON - PR27B,JOHNSTON - PR27B,3809,83,3809,1.0
JOHNSTON - PR27B,JOHNSTON - PR27A,0,1,3809,0.0
JOHNSTON - PR28,JOHNSTON - PR28,4951,111,4951,1.0
JOHNSTON - PR28,JOHNSTON - PR37,0,1,4951,0.0
JOHNSTON - PR29A,JOHNSTON - PR29A,6835,94,6835,1.0
JOHNSTON - PR29A,JOHNSTON - PR10B,0,1,6835,0.0
JOHNSTON - PR29B,JOHNSTON - PR29B,11649,76,11649,1.0
JOHNSTON - PR30,JOHNSTON - PR30,5714,122,5714,1.0
JOHNSTON - PR31A,JOHNSTON - PR31A,3325,20,3325,1.0
JOHNSTON - PR31B,JOHNSTON - PR31B,6885,80,6885,1.0
JOHNSTON - PR32,JOHNSTON - PR32,3656,46,3656,1.0
JOHNSTON - PR33,JOHNSTON - PR33,4816,36,4816,1.0
JOHNSTON - PR34,JOHNSTON - PR34,8073,101,8073,1.0
JOHNSTON - PR35,JOHNSTON - PR35,5792,342,5792,1.0
JOHNSTON - PR36,JOHNSTON - PR36,3439,200,3547,0.9695517338595997
JOHNSTON - PR36,JOHNSTON - PR19,108,2,3547,0.03044826614040034
JOHNSTON - PR37,JOHNSTON - PR37,5200,274,5200,1.0
JOHNSTON - PR38,JOHNSTON - PR38,2635,122,2635,1.0
JONES - P01,JONES - P01,813,69,817,0.9951040391676866
JONES - P01,JONES - P02,4,1,817,0.004895960832313341
JONES - P02,JONES - P02,513,35,513,1.0
JONES - P02,JONES - P05,0,1,513,0.0
JONES - P03,JONES - P03,641,53,641,1.0
JONES - P04,JONES - P04,2027,182,2027,1.0
JONES - P05,JONES - P05,1425,121,1425,1.0
JONES - P05,JONES - P02,0,2,1425,0.0
JONES - P06,JONES - P06,658,63,658,1.0
JONES - P06,JONES - P03,0,1,658,0.0
JONES - P07,JONES - P07,1400,140,1400,1.0
LEE - A1,LEE - A1,6133,158,6174,0.9933592484612893
LEE - A1,LEE - A2,41,1,6174,0.006640751538710722
LEE - A2,LEE - A2,7755,311,7755,1.0
LEE - B1,LEE - B1,2391,119,2391,1.0
LEE - B2,LEE - B2,3097,131,3097,1.0
LEE - B2,LEE - D2,0,1,3097,0.0
LEE - C1,LEE - C1,7253,104,7253,1.0
LEE - C2,LEE - C2,4736,109,4736,1.0
LEE - D1,LEE - D1,4535,137,4535,1.0
LEE - D2,LEE - D2,4171,164,4171,1.0
LEE - E1,LEE - E1,3002,100,3002,1.0
LEE - E2,LEE - E2,5278,133,5278,1.0
LENOIR - C,LENOIR - C,2580,122,2580,1.0
LENOIR - C,LENOIR - SH,0,1,2580,0.0
LENOIR - FC,LENOIR - FC,4618,147,4618,1.0
LENOIR - FC,LENOIR - N,0,4,4618,0.0
LENOIR - I,LENOIR - I,1952,58,1952,1.0
LENOIR - K1,LENOIR - K1,958,80,958,1.0
LENOIR - K2,LENOIR - K2,1069,95,1069,1.0
LENOIR - K3,LENOIR - K3,1490,133,1490,1.0
LENOIR - K4,LENOIR - K4,2877,76,2877,1.0
LENOIR - K5,LENOIR - K5,1607,63,1607,1.0
LENOIR - K6,LENOIR - K6,2198,69,2198,1.0
LENOIR - K7,LENOIR - K7,1912,74,1912,1.0
LENOIR - K7,LENOIR - SH,0,2,1912,0.0
LENOIR - K7,LENOIR - SW,0,1,1912,0.0
LENOIR - K8,LENOIR - K8,912,94,912,1.0
LENOIR - K8,LENOIR - SW,0,1,912,0.0
LENOIR - K9,LENOIR - K9,2102,68,2102,1.0
LENOIR - K9,LENOIR - K4,0,2,2102,0.0
LENOIR - MH,LENOIR - MH,4072,248,4072,1.0
LENOIR - MH,LENOIR - T2,0,1,4072,0.0
LENOIR - N,LENOIR - N,3591,190,3591,1.0
LENOIR - N,LENOIR - FC,0,2,3591,0.0
LENOIR - N,LENOIR - K1,0,3,3591,0.0
LENOIR - PH1,LENOIR - PH1,828,28,828,1.0
LENOIR - PH2,LENOIR - PH2,1619,101,1619,1.0
LENOIR - SH,LENOIR - SH,842,29,842,1.0
LENOIR - SH,LENOIR - K7,0,1,842,0.0
LENOIR - SW,LENOIR - SW,1167,66,1167,1.0
LENOIR - SW,LENOIR - K1,0,1,1167,0.0
LENOIR - SW,LENOIR - K7,0,1,1167,0.0
LENOIR - T1,LENOIR - T1,1577,76,1577,1.0
LENOIR - T2,LENOIR - T2,1135,36,1135,1.0
LENOIR - T2,LENOIR - MH,0,3,1135,0.0
LENOIR - V,LENOIR - V,2552,85,2552,1.0
LENOIR - W,LENOIR - W,1250,52,1250,1.0
LINCOLN - AS25,LINCOLN - AS25,2899,50,2899,1.0
LINCOLN - BC13,LINCOLN - BC13,2664,85,2664,1.0
LINCOLN - BS26,LINCOLN - BS26,2393,39,2393,1.0
LINCOLN - CF19,LINCOLN - CF19,1650,43,1666,0.9903961584633854
LINCOLN - CF19,LINCOLN - TA37,16,1,1666,0.009603841536614645
LINCOLN - DN29,LINCOLN - DN29,3507,71,3507,1.0
LINCOLN - DV08,LINCOLN - DV08,3087,81,3087,1.0
LINCOLN - DW28,LINCOLN - DW28,2975,56,2975,1.0
LINCOLN - DW28,LINCOLN - TA37,0,1,2975,0.0
LINCOLN - HC33,LINCOLN - HC33,4020,107,4020,1.0
LINCOLN - IS20,LINCOLN - IS20,1874,51,1874,1.0
LINCOLN - IS23,LINCOLN - IS23,2820,63,2820,1.0
LINCOLN - LB34,LINCOLN - LB34,3302,125,3345,0.9871449925261584
LINCOLN - LB34,LINCOLN - ST36,43,1,3345,0.012855007473841554
LINCOLN - LI14,LINCOLN - LI14,1815,60,1815,1.0
LINCOLN - LN11,LINCOLN - LN11,1904,87,1904,1.0
LINCOLN - LS12,LINCOLN - LS12,2050,115,2050,1.0
LINCOLN - LS12,LINCOLN - LB34,0,1,2050,0.0
LINCOLN - LW18,LINCOLN - LW18,1333,40,1333,1.0
LINCOLN - LW31,LINCOLN - LW31,4371,86,4371,1.0
LINCOLN - NB35,LINCOLN - NB35,4432,146,4432,1.0
LINCOLN - OB21,LINCOLN - OB21,2398,48,2398,1.0
LINCOLN - PC22,LINCOLN - PC22,2919,41,2919,1.0
LINCOLN - SL24,LINCOLN - SL24,2083,67,2083,1.0
LINCOLN - ST36,LINCOLN - ST36,4134,158,4134,1.0
LINCOLN - ST36,LINCOLN - LB34,0,1,4134,0.0
LINCOLN - TA37,LINCOLN - TA37,3968,49,3968,1.0
LINCOLN - WP32,LINCOLN - WP32,5759,73,5759,1.0
MACON - 01,MACON - 01,2796,96,2796,1.0
MACON - 01,MACON - 03,0,2,2796,0.0
MACON - 02,MACON - 02,1712,123,1712,1.0
MACON - 02,MACON - 03,0,1,1712,0.0
MACON - 02,MACON - 05,0,1,1712,0.0
MACON - 03,MACON - 03,3049,157,3049,1.0
MACON - 03,MACON - 02,0,2,3049,0.0
MACON - 03,MACON - 05,0,2,3049,0.0
MACON - 04,MACON - 04,1738,65,1738,1.0
MACON - 05,MACON - 05,3086,111,3219,0.9586828207517862
MACON - 05,MACON - 11,133,1,3219,0.04131717924821373
MACON - 05,MACON - 02,0,1,3219,0.0
MACON - 06,MACON - 06,2502,147,2505,0.9988023952095808
MACON - 06,MACON - 07,3,1,2505,0.0011976047904191617
MACON - 06,MACON - 04,0,1,2505,0.0
MACON - 07,MACON - 07,2426,100,2439,0.994669946699467
MACON - 07,MACON - 03,13,1,2439,0.005330053300533005
MACON - 08,MACON - 08,537,81,537,1.0
MACON - 09,MACON - 09,2790,309,2790,1.0
MACON - 10,MACON - 10,533,56,533,1.0
MACON - 11,MACON - 11,3271,155,3271,1.0
MACON - 12,MACON - 12,2168,155,2168,1.0
MACON - 12,MACON - 13,0,1,2168,0.0
MACON - 13,MACON - 13,645,164,645,1.0
MACON - 14,MACON - 14,805,62,805,1.0
MACON - 14,MACON - 15,0,2,805,0.0
MACON - 15,MACON - 15,2134,193,2134,1.0
MACON - 15,MACON - 14,0,1,2134,0.0
MADISON - BEECH,MADISON - BEECH,2596,135,2596,1.0
MADISON - BEECH,MADISON - MARS H,0,1,2596,0.0
MADISON - EBBS C,MADISON - EBBS C,1097,81,1097,1.0
MADISON - GRAPEV,MADISON - GRAPEV,1183,45,1183,1.0
MADISON - HOT SP,MADISON - HOT SP,865,107,865,1.0
MADISON - LAUREL,MADISON - LAUREL,1083,58,1083,1.0
MADISON - MARS H,MADISON - MARS H,4256,185,4259,0.9992956092979572
MADISON - MARS H,MADISON - GRAPEV,3,2,4259,0.000704390702042733
MADISON - NORTH,MADISON - NORTH,2346,150,2359,0.9944891903348877
MADISON - NORTH,MADISON - WALNUT,13,3,2359,0.005510809665112336
MADISON - NORTH,MADISON - SOUTH,0,3,2359,0.0
MADISON - REVERE,MADISON - REVERE,301,18,301,1.0
MADISON - SANDY,MADISON - SANDY,544,30,544,1.0
MADISON - SOUTH,MADISON - SOUTH,1024,73,1037,0.9874638379942141
MADISON - SOUTH,MADISON - NORTH,13,5,1037,0.01253616200578592
MADISON - SPRING,MADISON - SPRING,786,78,786,1.0
MADISON - WALNUT,MADISON - WALNUT,1371,73,1371,1.0
MADISON - WALNUT,MADISON - SOUTH,0,2,1371,0.0
MARTIN - BG,MARTIN - BG,1695,63,1695,1.0
MARTIN - CR,MARTIN - CR,1081,73,1081,1.0
MARTIN - GN,MARTIN - GSN,724,74,724,1.0
MARTIN - GR,MARTIN - GRF,1045,75,1045,1.0
MARTIN - HM,MARTIN - HMT,872,54,872,1.0
MARTIN - HM,MARTIN - WM2,0,1,872,0.0
MARTIN - HS,MARTIN - GSN,257,28,257,1.0
MARTIN - J,MARTIN - JMV,1960,112,1960,1.0
MARTIN - PP,MARTIN - HMT,365,16,365,1.0
MARTIN - R1,MARTIN - RBV,1007,91,1007,1.0
MARTIN - R2,MARTIN - RBV,1350,135,1350,1.0
MARTIN - W,MARTIN - JMV,381,24,913,0.4173055859802848
MARTIN - W,MARTIN - GRF,343,8,913,0.37568455640744797
MARTIN - W,MARTIN - WM1,189,10,913,0.20700985761226726
MARTIN - W1,MARTIN - WM1,3394,188,3394,1.0
MARTIN - W2,MARTIN - WM2,2952,136,2952,1.0
MCDOWELL - CCREEK,MCDOWELL - CCREEK,2101,75,2101,1.0
MCDOWELL - DYSART,MCDOWELL - DYSART,2938,92,2938,1.0
MCDOWELL - DYSART,MCDOWELL - NEBO,0,1,2938,0.0
MCDOWELL - FORT 1,MCDOWELL - FORT 1,1463,76,1500,0.9753333333333334
MCDOWELL - FORT 1,MCDOWELL - PLEASA,37,1,1500,0.024666666666666667
MCDOWELL - FORT 2,MCDOWELL - FORT 2,2069,107,2073,0.9980704293294742
MCDOWELL - FORT 2,MCDOWELL - CCREEK,4,1,2073,0.001929570670525808
MCDOWELL - FORT 2,MCDOWELL - FORT 1,0,1,2073,0.0
MCDOWELL - FORT 2,MCDOWELL - WEST M,0,1,2073,0.0
MCDOWELL - GLENWD,MCDOWELL - GLENWD,2109,119,2109,1.0
MCDOWELL - GLENWD,MCDOWELL - WEST M,0,2,2109,0.0
MCDOWELL - HIGGIN,MCDOWELL - HIGGIN,2646,92,2646,1.0
MCDOWELL - HIGGIN,MCDOWELL - DYSART,0,1,2646,0.0
MCDOWELL - HIGGIN,MCDOWELL - MAR 4,0,1,2646,0.0
MCDOWELL - HIGGIN,MCDOWELL - NEBO,0,1,2646,0.0
MCDOWELL - M.COVE,MCDOWELL - M.COVE,1857,34,1857,1.0
MCDOWELL - M.COVE,MCDOWELL - FORT 2,0,1,1857,0.0
MCDOWELL - MAR 1,MCDOWELL - MAR 1,3333,128,3333,1.0
MCDOWELL - MAR 2,MCDOWELL - MAR 2,1742,60,1742,1.0
MCDOWELL - MAR 3,MCDOWELL - MAR 3,1165,53,1165,1.0
MCDOWELL - MAR 4,MCDOWELL - MAR 4,1606,84,1606,1.0
MCDOWELL - MAR 5,MCDOWELL - MAR 5,1328,57,1328,1.0
MCDOWELL - MAR 5,MCDOWELL - PLEASA,0,1,1328,0.0
MCDOWELL - N.COVE,MCDOWELL - N.COVE,934,108,934,1.0
MCDOWELL - NEBO,MCDOWELL - NEBO,2911,96,2911,1.0
MCDOWELL - NEBO,MCDOWELL - MAR 1,0,1,2911,0.0
MCDOWELL - PLEASA,MCDOWELL - PLEASA,2283,112,2283,1.0
MCDOWELL - T.COVE,MCDOWELL - T.COVE,970,77,970,1.0
MCDOWELL - T.COVE,MCDOWELL - N.COVE,0,1,970,0.0
MCDOWELL - WEST M,MCDOWELL - WEST M,4309,122,4309,1.0
MECKLENBURG - 001,MECKLENBURG - 001,1687,35,1687,1.0
MECKLENBURG - 002,MECKLENBURG - 002,3703,86,3703,1.0
MECKLENBURG - 003,MECKLENBURG - 003,3622,38,3622,1.0
MECKLENBURG - 004,MECKLENBURG - 004,3108,34,3108,1.0
MECKLENBURG - 005,MECKLENBURG - 005,2587,19,2587,1.0
MECKLENBURG - 006,MECKLENBURG - 006,3992,31,3992,1.0
MECKLENBURG - 007,MECKLENBURG - 007,2340,26,2340,1.0
MECKLENBURG - 008,MECKLENBURG - 008,2953,38,2953,1.0
MECKLENBURG - 009,MECKLENBURG - 009,5902,77,5902,1.0
MECKLENBURG - 010,MECKLENBURG - 010,2629,60,2629,1.0
MECKLENBURG - 011,MECKLENBURG - 011,12783,163,12783,1.0
MECKLENBURG - 012,MECKLENBURG - 012,3203,73,3203,1.0
MECKLENBURG - 013,MECKLENBURG - 013,5547,172,5547,1.0
MECKLENBURG - 014,MECKLENBURG - 014,3756,98,3756,1.0
MECKLENBURG - 015,MECKLENBURG - 015,4544,63,4544,1.0
MECKLENBURG - 016,MECKLENBURG - 016,3139,54,3139,1.0
MECKLENBURG - 017,MECKLENBURG - 017,2571,49,2571,1.0
MECKLENBURG - 018,MECKLENBURG - 018,1595,22,1595,1.0
MECKLENBURG - 019,MECKLENBURG - 019,1813,30,1813,1.0
MECKLENBURG - 020,MECKLENBURG - 020,2427,37,2427,1.0
MECKLENBURG - 021,MECKLENBURG - 021,2509,37,2509,1.0
MECKLENBURG - 022,MECKLENBURG - 022,11174,116,11174,1.0
MECKLENBURG - 023,MECKLENBURG - 023,2628,65,2628,1.0
MECKLENBURG - 024,MECKLENBURG - 024,3412,86,3412,1.0
MECKLENBURG - 025,MECKLENBURG - 025,2340,39,2340,1.0
MECKLENBURG - 025,MECKLENBURG - 012,0,1,2340,0.0
MECKLENBURG - 026,MECKLENBURG - 026,4283,73,4283,1.0
MECKLENBURG - 027,MECKLENBURG - 027,3599,89,3599,1.0
MECKLENBURG - 028,MECKLENBURG - 028,2768,51,2768,1.0
MECKLENBURG - 029,MECKLENBURG - 029,3031,27,3031,1.0
MECKLENBURG - 030,MECKLENBURG - 030,4261,102,4261,1.0
MECKLENBURG - 031,MECKLENBURG - 031,2742,59,2742,1.0
MECKLENBURG - 031,MECKLENBURG - 022,0,1,2742,0.0
MECKLENBURG - 032,MECKLENBURG - 032,1875,27,1875,1.0
MECKLENBURG - 033,MECKLENBURG - 033,3742,47,3742,1.0
MECKLENBURG - 034,MECKLENBURG - 034,3801,52,3801,1.0
MECKLENBURG - 035,MECKLENBURG - 035,1846,26,1846,1.0
MECKLENBURG - 036,MECKLENBURG - 036,2795,34,2795,1.0
MECKLENBURG - 037,MECKLENBURG - 037,2619,41,2619,1.0
MECKLENBURG - 038,MECKLENBURG - 038,3269,26,3269,1.0
MECKLENBURG - 039,MECKLENBURG - 039,3290,109,3290,1.0
MECKLENBURG - 040,MECKLENBURG - 040,3500,53,3500,1.0
MECKLENBURG - 040,MECKLENBURG - 024,0,1,3500,0.0
MECKLENBURG - 041,MECKLENBURG - 041,3445,103,3445,1.0
MECKLENBURG - 042,MECKLENBURG - 042,3356,58,3356,1.0
MECKLENBURG - 043,MECKLENBURG - 043,4560,51,4560,1.0
MECKLENBURG - 044,MECKLENBURG - 044,1827,58,1827,1.0
MECKLENBURG - 045,MECKLENBURG - 045,3093,31,3093,1.0
MECKLENBURG - 046,MECKLENBURG - 046,3958,29,3958,1.0
MECKLENBURG - 047,MECKLENBURG - 047,3142,38,3142,1.0
MECKLENBURG - 048,MECKLENBURG - 048,1847,30,1847,1.0
MECKLENBURG - 049,MECKLENBURG - 049,3085,32,3085,1.0
MECKLENBURG - 050,MECKLENBURG - 050,2785,45,2785,1.0
MECKLENBURG - 051,MECKLENBURG - 051,3232,38,3232,1.0
MECKLENBURG - 052,MECKLENBURG - 052,2886,78,2886,1.0
MECKLENBURG - 053,MECKLENBURG - 053,4174,104,4174,1.0
MECKLENBURG - 054,MECKLENBURG - 054,3457,104,3457,1.0
MECKLENBURG - 055,MECKLENBURG - 055,1974,44,1974,1.0
MECKLENBURG - 056,MECKLENBURG - 056,2100,64,2100,1.0
MECKLENBURG - 057,MECKLENBURG - 057,2525,39,2525,1.0
MECKLENBURG - 058,MECKLENBURG - 058,2752,51,2752,1.0
MECKLENBURG - 059,MECKLENBURG - 059,1931,37,1931,1.0
MECKLENBURG - 060,MECKLENBURG - 060,2302,33,2302,1.0
MECKLENBURG - 060,MECKLENBURG - 132,0,1,2302,0.0
MECKLENBURG - 061,MECKLENBURG - 061,3223,39,3223,1.0
MECKLENBURG - 062,MECKLENBURG - 062,3646,31,3646,1.0
MECKLENBURG - 063,MECKLENBURG - 063,3454,27,3454,1.0
MECKLENBURG - 064,MECKLENBURG - 064,1490,23,1490,1.0
MECKLENBURG - 065,MECKLENBURG - 065,1480,20,1480,1.0
MECKLENBURG - 066,MECKLENBURG - 066,1653,25,1653,1.0
MECKLENBURG - 067,MECKLENBURG - 067,1618,29,1618,1.0
MECKLENBURG - 068,MECKLENBURG - 068,2351,13,2351,1.0
MECKLENBURG - 069,MECKLENBURG - 069,4284,57,4284,1.0
MECKLENBURG - 070,MECKLENBURG - 070,2093,21,2093,1.0
MECKLENBURG - 071,MECKLENBURG - 071,2298,27,2298,1.0
MECKLENBURG - 072,MECKLENBURG - 072,1544,19,1544,1.0
MECKLENBURG - 073,MECKLENBURG - 073,2028,11,2028,1.0
MECKLENBURG - 074,MECKLENBURG - 074,3747,43,3747,1.0
MECKLENBURG - 075,MECKLENBURG - 075,3565,34,3565,1.0
MECKLENBURG - 076,MECKLENBURG - 076,3060,35,3060,1.0
MECKLENBURG - 077,MECKLENBURG - 077,3958,62,3958,1.0
MECKLENBURG - 077,MECKLENBURG - 097,0,1,3958,0.0
MECKLENBURG - 077,MECKLENBURG - 228,0,1,3958,0.0
MECKLENBURG - 078.1,MECKLENBURG - 078.1,3937,65,3937,1.0
MECKLENBURG - 079,MECKLENBURG - 079,3028,57,3028,1.0
MECKLENBURG - 079,MECKLENBURG - 053,0,1,3028,0.0
MECKLENBURG - 080,MECKLENBURG - 080,4648,68,4648,1.0
MECKLENBURG - 081,MECKLENBURG - 081,5631,78,5631,1.0
MECKLENBURG - 082,MECKLENBURG - 082,6509,51,6509,1.0
MECKLENBURG - 083,MECKLENBURG - 083,4521,42,4521,1.0
MECKLENBURG - 084,MECKLENBURG - 084,3729,32,3729,1.0
MECKLENBURG - 085,MECKLENBURG - 085,2858,29,2858,1.0
MECKLENBURG - 086,MECKLENBURG - 086,1943,27,1943,1.0
MECKLENBURG - 087,MECKLENBURG - 087,3537,44,3537,1.0
MECKLENBURG - 088,MECKLENBURG - 088,3396,30,3396,1.0
MECKLENBURG - 089,MECKLENBURG - 089,7649,107,7649,1.0
MECKLENBURG - 090,MECKLENBURG - 090,1762,17,1762,1.0
MECKLENBURG - 091,MECKLENBURG - 091,4721,32,4721,1.0
MECKLENBURG - 092,MECKLENBURG - 092,3357,21,3357,1.0
MECKLENBURG - 093,MECKLENBURG - 093,1918,22,1918,1.0
MECKLENBURG - 094,MECKLENBURG - 094,2619,21,2619,1.0
MECKLENBURG - 095,MECKLENBURG - 095,2722,15,2722,1.0
MECKLENBURG - 096,MECKLENBURG - 096,2440,29,2475,0.9858585858585859
MECKLENBURG - 096,MECKLENBURG - 217,35,1,2475,0.014141414141414142
MECKLENBURG - 097,MECKLENBURG - 097,2143,13,2143,1.0
MECKLENBURG - 098,MECKLENBURG - 098,6069,53,6069,1.0
MECKLENBURG - 099,MECKLENBURG - 099,3890,39,3890,1.0
MECKLENBURG - 100,MECKLENBURG - 100,3233,30,3233,1.0
MECKLENBURG - 101,MECKLENBURG - 101,3044,24,3044,1.0
MECKLENBURG - 102,MECKLENBURG - 102,6185,40,6185,1.0
MECKLENBURG - 103,MECKLENBURG - 103,2991,29,3317,0.9017184202592704
MECKLENBURG - 103,MECKLENBURG - 217,326,1,3317,0.09828157974072957
MECKLENBURG - 104,MECKLENBURG - 104,4221,46,4221,1.0
MECKLENBURG - 105,MECKLENBURG - 105,7559,74,7559,1.0
MECKLENBURG - 106,MECKLENBURG - 106,1739,32,1739,1.0
MECKLENBURG - 107.1,MECKLENBURG - 107.1,4261,26,4261,1.0
MECKLENBURG - 108,MECKLENBURG - 108,4141,21,4141,1.0
MECKLENBURG - 109,MECKLENBURG - 109,3233,49,3233,1.0
MECKLENBURG - 110,MECKLENBURG - 110,1462,16,1462,1.0
MECKLENBURG - 111,MECKLENBURG - 111,3400,32,3400,1.0
MECKLENBURG - 112,MECKLENBURG - 112,2317,21,2317,1.0
MECKLENBURG - 113,MECKLENBURG - 113,3548,27,3548,1.0
MECKLENBURG - 114,MECKLENBURG - 114,3020,18,3030,0.9966996699669967
MECKLENBURG - 114,MECKLENBURG - 129,10,1,3030,0.0033003300330033004
MECKLENBURG - 115,MECKLENBURG - 115,2217,10,2217,1.0
MECKLENBURG - 116,MECKLENBURG - 116,2090,17,2090,1.0
MECKLENBURG - 117,MECKLENBURG - 117,2967,25,2967,1.0
MECKLENBURG - 118,MECKLENBURG - 118,3581,20,3581,1.0
MECKLENBURG - 119,MECKLENBURG - 119,1902,15,1902,1.0
MECKLENBURG - 120,MECKLENBURG - 120,4735,14,4993,0.9483276587222111
MECKLENBURG - 120,MECKLENBURG - 058,258,1,4993,0.05167234127778891
MECKLENBURG - 121,MECKLENBURG - 121,4001,27,4001,1.0
MECKLENBURG - 121,MECKLENBURG - 232,0,1,4001,0.0
MECKLENBURG - 122,MECKLENBURG - 122,6996,97,6996,1.0
MECKLENBURG - 123,MECKLENBURG - 123,2922,25,2922,1.0
MECKLENBURG - 124,MECKLENBURG - 124,3309,36,3309,1.0
MECKLENBURG - 125,MECKLENBURG - 125,1798,14,1798,1.0
MECKLENBURG - 126,MECKLENBURG - 126,4811,69,4811,1.0
MECKLENBURG - 127,MECKLENBURG - 127,4789,164,4789,1.0
MECKLENBURG - 128,MECKLENBURG - 128,3291,21,3291,1.0
MECKLENBURG - 129,MECKLENBURG - 129,2172,33,2172,1.0
MECKLENBURG - 129,MECKLENBURG - 087,0,1,2172,0.0
MECKLENBURG - 130,MECKLENBURG - 130,2791,20,2791,1.0
MECKLENBURG - 131,MECKLENBURG - 131,1817,7,1817,1.0
MECKLENBURG - 132,MECKLENBURG - 132,3378,39,3378,1.0
MECKLENBURG - 133,MECKLENBURG - 133,5380,132,5380,1.0
MECKLENBURG - 134,MECKLENBURG - 134,8400,200,8400,1.0
MECKLENBURG - 134,MECKLENBURG - 209,0,1,8400,0.0
MECKLENBURG - 135,MECKLENBURG - 135,11091,97,11091,1.0
MECKLENBURG - 136,MECKLENBURG - 136,2747,42,2747,1.0
MECKLENBURG - 137,MECKLENBURG - 137,7087,83,7087,1.0
MECKLENBURG - 138,MECKLENBURG - 138,5444,51,5444,1.0
MECKLENBURG - 138,MECKLENBURG - 077,0,1,5444,0.0
MECKLENBURG - 139.1,MECKLENBURG - 139.1,4068,57,4068,1.0
MECKLENBURG - 140,MECKLENBURG - 140,7084,60,7084,1.0
MECKLENBURG - 141,MECKLENBURG - 141,10455,68,10455,1.0
MECKLENBURG - 142,MECKLENBURG - 142,7376,186,7376,1.0
MECKLENBURG - 143,MECKLENBURG - 143,6089,79,6089,1.0
MECKLENBURG - 144,MECKLENBURG - 144,4008,20,4008,1.0
MECKLENBURG - 145,MECKLENBURG - 145,10928,117,10928,1.0
MECKLENBURG - 146,MECKLENBURG - 146,6320,50,6320,1.0
MECKLENBURG - 147,MECKLENBURG - 147,6753,59,6753,1.0
MECKLENBURG - 148,MECKLENBURG - 148,13593,185,13593,1.0
MECKLENBURG - 149,MECKLENBURG - 149,6988,72,6988,1.0
MECKLENBURG - 150,MECKLENBURG - 150,3960,40,3960,1.0
MECKLENBURG - 151,MECKLENBURG - 151,6031,70,6031,1.0
MECKLENBURG - 200,MECKLENBURG - 200,3423,145,3423,1.0
MECKLENBURG - 201,MECKLENBURG - 201,9286,118,9286,1.0
MECKLENBURG - 202,MECKLENBURG - 202,9925,308,9925,1.0
MECKLENBURG - 203,MECKLENBURG - 203,8124,79,8124,1.0
MECKLENBURG - 204.1,MECKLENBURG - 204.1,6170,65,6170,1.0
MECKLENBURG - 205,MECKLENBURG - 205,4440,76,4440,1.0
MECKLENBURG - 206,MECKLENBURG - 206,7601,175,7696,0.9876559251559252
MECKLENBURG - 206,MECKLENBURG - 202,95,1,7696,0.012344074844074845
MECKLENBURG - 207,MECKLENBURG - 207,6155,97,6155,1.0
MECKLENBURG - 208,MECKLENBURG - 208,4998,77,4998,1.0
MECKLENBURG - 209,MECKLENBURG - 209,5178,164,5178,1.0
MECKLENBURG - 210,MECKLENBURG - 210,7115,93,7115,1.0
MECKLENBURG - 211,MECKLENBURG - 211,12947,203,12947,1.0
MECKLENBURG - 212,MECKLENBURG - 212,16996,189,16996,1.0
MECKLENBURG - 213,MECKLENBURG - 213,6348,73,6348,1.0
MECKLENBURG - 214,MECKLENBURG - 214,3870,28,3870,1.0
MECKLENBURG - 214,MECKLENBURG - 107.1,0,1,3870,0.0
MECKLENBURG - 215,MECKLENBURG - 215,3831,54,3831,1.0
MECKLENBURG - 216,MECKLENBURG - 216,5529,43,5529,1.0
MECKLENBURG - 217,MECKLENBURG - 217,3584,46,3584,1.0
MECKLENBURG - 218,MECKLENBURG - 218,2949,40,2949,1.0
MECKLENBURG - 219,MECKLENBURG - 219,3067,46,3067,1.0
MECKLENBURG - 220,MECKLENBURG - 220,3282,47,3282,1.0
MECKLENBURG - 221,MECKLENBURG - 221,4842,92,4842,1.0
MECKLENBURG - 222,MECKLENBURG - 222,8215,127,8215,1.0
MECKLENBURG - 222,MECKLENBURG - 210,0,1,8215,0.0
MECKLENBURG - 223.1,MECKLENBURG - 223.1,8075,145,8075,1.0
MECKLENBURG - 224,MECKLENBURG - 224,3997,105,3997,1.0
MECKLENBURG - 225,MECKLENBURG - 225,2899,98,2899,1.0
MECKLENBURG - 225,MECKLENBURG - 077,0,1,2899,0.0
MECKLENBURG - 226,MECKLENBURG - 226,4576,41,4576,1.0
MECKLENBURG - 227,MECKLENBURG - 227,7973,137,7973,1.0
MECKLENBURG - 227,MECKLENBURG - 136,0,1,7973,0.0
MECKLENBURG - 228,MECKLENBURG - 228,6144,86,6144,1.0
MECKLENBURG - 228,MECKLENBURG - 138,0,1,6144,0.0
MECKLENBURG - 229,MECKLENBURG - 229,12660,161,12660,1.0
MECKLENBURG - 229,MECKLENBURG - 243,0,2,12660,0.0
MECKLENBURG - 230,MECKLENBURG - 230,12279,198,12279,1.0
MECKLENBURG - 231,MECKLENBURG - 231,4959,67,6395,0.7754495699765441
MECKLENBURG - 231,MECKLENBURG - 225,1436,1,6395,0.22455043002345582
MECKLENBURG - 232,MECKLENBURG - 232,5675,56,5675,1.0
MECKLENBURG - 233,MECKLENBURG - 233,4431,49,4431,1.0
MECKLENBURG - 234,MECKLENBURG - 234,4553,38,4553,1.0
MECKLENBURG - 235,MECKLENBURG - 235,4444,44,4444,1.0
MECKLENBURG - 236,MECKLENBURG - 236,5451,149,5451,1.0
MECKLENBURG - 236,MECKLENBURG - 201,0,1,5451,0.0
MECKLENBURG - 237,MECKLENBURG - 237,5625,53,5625,1.0
MECKLENBURG - 238.1,MECKLENBURG - 238.1,3091,22,3091,1.0
MECKLENBURG - 239,MECKLENBURG - 239,4227,58,4227,1.0
MECKLENBURG - 240,MECKLENBURG - 240,7143,129,7143,1.0
MECKLENBURG - 241,MECKLENBURG - 241,8750,278,8750,1.0
MECKLENBURG - 241,MECKLENBURG - 145,0,1,8750,0.0
MECKLENBURG - 242,MECKLENBURG - 242,3011,33,3011,1.0
MECKLENBURG - 243,MECKLENBURG - 243,11969,126,11969,1.0
MITCHELL - 01,MITCHELL - 01-A,1395,67,1395,1.0
MITCHELL - 02,MITCHELL - 02,318,12,318,1.0
MITCHELL - 03,MITCHELL - 03,601,19,601,1.0
MITCHELL - 04,MITCHELL - 04,6552,295,6552,1.0
MITCHELL - 05,MITCHELL - 05,858,49,858,1.0
MITCHELL - 06,MITCHELL - 06,598,45,598,1.0
MITCHELL - 07,MITCHELL - 07,223,28,223,1.0
MITCHELL - 08,MITCHELL - 01-A,307,22,307,1.0
MITCHELL - 09,MITCHELL - 09,1391,61,1391,1.0
MONTGOMERY - BIS,MONTGOMERY - BIS,2139,139,2139,1.0
MONTGOMERY - CAN,MONTGOMERY - CAN,2042,132,2042,1.0
MONTGOMERY - CAN,MONTGOMERY - BIS,0,1,2042,0.0
MONTGOMERY - CHE,MONTGOMERY - CHE,732,75,732,1.0
MONTGOMERY - CHE,MONTGOMERY - WAD,0,1,732,0.0
MONTGOMERY - ELD,MONTGOMERY - ELD,1729,127,1729,1.0
MONTGOMERY - LIT,MONTGOMERY - LIT,606,41,606,1.0
MONTGOMERY - MTG,MONTGOMERY - MTG,1688,138,1688,1.0
MONTGOMERY - OPH,MONTGOMERY - OPH,363,33,363,1.0
MONTGOMERY - PEE,MONTGOMERY - PEE,1529,127,1529,1.0
MONTGOMERY - ROC,MONTGOMERY - ROC,992,44,992,1.0
MONTGOMERY - STA,MONTGOMERY - STA,2011,156,2011,1.0
MONTGOMERY - T1,MONTGOMERY - T1,2279,179,2279,1.0
MONTGOMERY - T2,MONTGOMERY - T2,1876,117,1876,1.0
MONTGOMERY - UWH,MONTGOMERY - UWH,1652,105,1652,1.0
MONTGOMERY - WAD,MONTGOMERY - WAD,539,43,539,1.0
MOORE - BEN,MOORE - BEN,2399,120,2399,1.0
MOORE - CAM,MOORE - CAM,3044,149,3044,1.0
MOORE - CAR,MOORE - CAR,5814,321,5814,1.0
MOORE - DHR,MOORE - DHR,1981,118,1981,1.0
MOORE - EAB,MOORE - EAB,3270,147,3280,0.9969512195121951
MOORE - EAB,MOORE - PDN,10,1,3280,0.003048780487804878
MOORE - EKWD,MOORE - EKWD,1681,68,1681,1.0
MOORE - EKWD,MOORE - NSP,0,1,1681,0.0
MOORE - EUR-WP,MOORE - EUR-WP,4360,123,4407,0.9893351486271841
MOORE - EUR-WP,MOORE - EKWD,47,1,4407,0.010664851372815974
MOORE - EWD,MOORE - EWD,1727,94,1727,1.0
MOORE - LTR,MOORE - LTR,3481,138,3481,1.0
MOORE - NSP,MOORE - NSP,2919,158,2919,1.0
MOORE - PBF,MOORE - PBF,2853,128,2853,1.0
MOORE - PDN,MOORE - PDN,3713,151,3732,0.994908896034298
MOORE - PDN,MOORE - EAB,19,3,3732,0.005091103965702036
MOORE - PHA1,MOORE - PHA1,3564,132,3564,1.0
MOORE - PHA2,MOORE - PHA2,2060,72,2060,1.0
MOORE - PHA2,MOORE - WND,0,1,2060,0.0
MOORE - PHB1,MOORE - PHB1A,3188,77,3188,1.0
MOORE - PHB2,MOORE - PHB2,2359,74,2359,1.0
MOORE - PHB2,MOORE - SSP,0,1,2359,0.0
MOORE - PHC,MOORE - PHC,4248,79,4248,1.0
MOORE - PHC,MOORE - WAB,0,1,4248,0.0
MOORE - RBN,MOORE - RBN,1904,142,1904,1.0
MOORE - SLS,MOORE - SLS,3875,89,3875,1.0
MOORE - SSP,MOORE - SSP,4440,173,4440,1.0
MOORE - SSP,MOORE - NSP,0,1,4440,0.0
MOORE - SSP,MOORE - PDN,0,1,4440,0.0
MOORE - TLT,MOORE - TLT,535,35,535,1.0
MOORE - TLT,MOORE - PHA1,0,1,535,0.0
MOORE - VSS,MOORE - VSS,2568,131,2568,1.0
MOORE - WAB,MOORE - WAB,4736,222,4736,1.0
MOORE - WEM,MOORE - WEM,2229,84,2229,1.0
MOORE - WKWD,MOORE - WKWD1,2459,122,2466,0.9971613949716139
MOORE - WKWD,MOORE - PHB1A,7,1,2466,0.00283860502838605
MOORE - WKWD,MOORE - EUR-WP,0,1,2466,0.0
MOORE - WKWD,MOORE - EWD,0,1,2466,0.0
MOORE - WND,MOORE - WND,2688,115,2688,1.0
MOORE - WND,MOORE - WAB,0,1,2688,0.0
NASH - P01A,NASH - P01A,3556,142,3556,1.0
NASH - P02A,NASH - P02A,2841,153,2841,1.0
NASH - P03A,NASH - P03A,2228,66,2228,1.0
NASH - P04A,NASH - P04A,2314,66,2314,1.0
NASH - P05A,NASH - P05A,3303,66,3303,1.0
NASH - P06A,NASH - P06A,3298,139,3298,1.0
NASH - P07A,NASH - P07A,945,52,945,1.0
NASH - P07A,NASH - P08A,0,1,945,0.0
NASH - P08A,NASH - P08A,7913,255,7913,1.0
NASH - P09A,NASH - P09A,1648,70,1648,1.0
NASH - P10A,NASH - P10A,2138,72,2138,1.0
NASH - P11A,NASH - P11A,3059,99,3059,1.0
NASH - P12A,NASH - P12A,1050,32,1050,1.0
NASH - P13A,NASH - P13A,862,75,862,1.0
NASH - P14A,NASH - P14A,1604,82,1604,1.0
NASH - P15A,NASH - P15A,4669,116,4669,1.0
NASH - P16A,NASH - P16A,2579,162,2579,1.0
NASH - P17A,NASH - P17A,4967,60,4967,1.0
NASH - P18A,NASH - P18A,3357,59,3357,1.0
NASH - P19A,NASH - P19A,6197,118,6197,1.0
NASH - P20A,NASH - P20A,3040,107,3040,1.0
NASH - P21A,NASH - P21A,3248,245,3248,1.0
NASH - P21A,NASH - P17A,0,1,3248,0.0
NASH - P22A,NASH - P22A,2358,109,2358,1.0
NASH - P23A,NASH - P23A,3807,94,3807,1.0
NASH - P24A,NASH - P24A,3575,122,3575,1.0
NASH - P24A,NASH - P05A,0,2,3575,0.0
NEW HANOVER - CF01,NEW HANOVER - CF01,4851,210,4851,1.0
NEW HANOVER - CF01,NEW HANOVER - W25,0,1,4851,0.0
NEW HANOVER - CF02,NEW HANOVER - CF02,3529,118,3529,1.0
NEW HANOVER - CF05,NEW HANOVER - CF05,3890,62,3890,1.0
NEW HANOVER - CF05,NEW HANOVER - CF06,0,1,3890,0.0
NEW HANOVER - CF06,NEW HANOVER - CF06,3573,99,3573,1.0
NEW HANOVER - CF06,NEW HANOVER - H01,0,2,3573,0.0
NEW HANOVER - CF06,NEW HANOVER - W15,0,1,3573,0.0
NEW HANOVER - CF06,NEW HANOVER - W25,0,1,3573,0.0
NEW HANOVER - CF06,NEW HANOVER - W27,0,1,3573,0.0
NEW HANOVER - FP03,NEW HANOVER - FP03,1946,100,1946,1.0
NEW HANOVER - FP03,NEW HANOVER - FP08,0,1,1946,0.0
NEW HANOVER - FP04,NEW HANOVER - FP04,5866,98,5866,1.0
NEW HANOVER - FP06,NEW HANOVER - FP06,4726,41,4726,1.0
NEW HANOVER - FP06,NEW HANOVER - M03,0,2,4726,0.0
NEW HANOVER - FP07,NEW HANOVER - FP07,5672,56,5672,1.0
NEW HANOVER - FP08,NEW HANOVER - FP08,5528,267,5528,1.0
NEW HANOVER - H01,NEW HANOVER - H01,1986,42,1986,1.0
NEW HANOVER - H02,NEW HANOVER - H02,4180,55,4180,1.0
NEW HANOVER - H03,NEW HANOVER - W33,5943,102,5943,1.0
NEW HANOVER - H03,NEW HANOVER - M02,0,1,5943,0.0
NEW HANOVER - H04,NEW HANOVER - H04,4644,69,4644,1.0
NEW HANOVER - H04,NEW HANOVER - W34,0,1,4644,0.0
NEW HANOVER - H05,NEW HANOVER - H05,4017,86,4017,1.0
NEW HANOVER - H06,NEW HANOVER - H06,3602,59,3602,1.0
NEW HANOVER - H08,NEW HANOVER - H08,6204,78,6204,1.0
NEW HANOVER - H08,NEW HANOVER - H02,0,2,6204,0.0
NEW HANOVER - H10,NEW HANOVER - H10,4799,47,4799,1.0
NEW HANOVER - H11,NEW HANOVER - H11,7606,98,7606,1.0
NEW HANOVER - H12,NEW HANOVER - H12,3674,74,3674,1.0
NEW HANOVER - H12,NEW HANOVER - H08,0,2,3674,0.0
NEW HANOVER - H13,NEW HANOVER - H13,4547,54,4547,1.0
NEW HANOVER - M02,NEW HANOVER - M02,6126,78,6126,1.0
NEW HANOVER - M03,NEW HANOVER - M03,5886,98,5886,1.0
NEW HANOVER - M04,NEW HANOVER - M04,7405,119,7405,1.0
NEW HANOVER - M06,NEW HANOVER - M06,3023,45,3023,1.0
NEW HANOVER - M07,NEW HANOVER - M07,2299,56,2299,1.0
NEW HANOVER - W03,NEW HANOVER - W03,2557,138,2557,1.0
NEW HANOVER - W08,NEW HANOVER - W08,2205,56,2205,1.0
NEW HANOVER - W08,NEW HANOVER - W26,0,1,2205,0.0
NEW HANOVER - W12,NEW HANOVER - W12,1708,48,1708,1.0
NEW HANOVER - W13,NEW HANOVER - W34,2883,24,2883,1.0
NEW HANOVER - W15,NEW HANOVER - W15,6859,87,6859,1.0
NEW HANOVER - W15,NEW HANOVER - CF06,0,1,6859,0.0
NEW HANOVER - W15,NEW HANOVER - H01,0,2,6859,0.0
NEW HANOVER - W16,NEW HANOVER - W16,3434,64,3434,1.0
NEW HANOVER - W16,NEW HANOVER - W30,0,1,3434,0.0
NEW HANOVER - W16,NEW HANOVER - W31,0,1,3434,0.0
NEW HANOVER - W17,NEW HANOVER - W17,2355,63,2360,0.9978813559322034
NEW HANOVER - W17,NEW HANOVER - M02,5,1,2360,0.00211864406779661
NEW HANOVER - W18,NEW HANOVER - W35,1845,48,1939,0.9515214027849407
NEW HANOVER - W18,NEW HANOVER - W33,94,2,1939,0.04847859721505931
NEW HANOVER - W21,NEW HANOVER - W21,5271,37,5271,1.0
NEW HANOVER - W24,NEW HANOVER - W34,7230,36,7230,1.0
NEW HANOVER - W25,NEW HANOVER - W25,4143,234,4143,1.0
NEW HANOVER - W25,NEW HANOVER - CF01,0,1,4143,0.0
NEW HANOVER - W26,NEW HANOVER - W26,3313,111,3313,1.0
NEW HANOVER - W27,NEW HANOVER - W27,3354,143,3354,1.0
NEW HANOVER - W28,NEW HANOVER - W35,5243,89,5243,1.0
NEW HANOVER - W29,NEW HANOVER - W29,3467,203,3467,1.0
NEW HANOVER - W30,NEW HANOVER - W30,6058,95,6058,1.0
NEW HANOVER - W30,NEW HANOVER - M03,0,1,6058,0.0
NEW HANOVER - W31,NEW HANOVER - W31,4432,114,4432,1.0
NEW HANOVER - WB,NEW HANOVER - WB,2129,70,2129,1.0
NORTHAMPTON - COMIPE,NORTHAMPTON - COMIPE,1444,80,1444,1.0
NORTHAMPTON - CREEKS,NORTHAMPTON - CREEKS,647,35,647,1.0
NORTHAMPTON - GALATI,NORTHAMPTON - GALATI,600,45,600,1.0
NORTHAMPTON - GAPL,NORTHAMPTON - GAPL,1725,178,1725,1.0
NORTHAMPTON - GAPL,NORTHAMPTON - GASTON,0,1,1725,0.0
NORTHAMPTON - GASTON,NORTHAMPTON - GASTON,2809,128,2809,1.0
NORTHAMPTON - JARE,NORTHAMPTON - JARE,941,63,941,1.0
NORTHAMPTON - LAKE G,NORTHAMPTON - LAKE G,1477,51,1477,1.0
NORTHAMPTON - LASKER,NORTHAMPTON - LASKER,192,22,192,1.0
NORTHAMPTON - NEWTOW,NORTHAMPTON - NEWTOW,581,25,581,1.0
NORTHAMPTON - RICH S,NORTHAMPTON - RICH S,1380,63,1380,1.0
NORTHAMPTON - SEABOA,NORTHAMPTON - SEABOA,1029,95,1029,1.0
NORTHAMPTON - SEVERN,NORTHAMPTON - SEVERN,429,39,429,1.0
NORTHAMPTON - WOPO,NORTHAMPTON - WOPO,913,66,913,1.0
ONSLOW - BC21,ONSLOW - BC21,6599,66,6599,1.0
ONSLOW - BC21,ONSLOW - JA01,0,1,6599,0.0
ONSLOW - BC21,ONSLOW - SW19,0,1,6599,0.0
ONSLOW - BM08,ONSLOW - BM08,9509,146,9509,1.0
ONSLOW - BM08,ONSLOW - JA01,0,1,9509,0.0
ONSLOW - CL10,ONSLOW - CL10,3991,39,3991,1.0
ONSLOW - CR07,ONSLOW - CR07,6885,104,6885,1.0
ONSLOW - CR07,ONSLOW - JA01,0,1,6885,0.0
ONSLOW - EN03,ONSLOW - EN03,15955,218,15955,1.0
ONSLOW - FS16,ONSLOW - FS16,5333,154,5333,1.0
ONSLOW - FS16,ONSLOW - SF18,0,1,5333,0.0
ONSLOW - GB12,ONSLOW - GB12,5818,68,5818,1.0
ONSLOW - HM05,ONSLOW - HM05,5893,69,5893,1.0
ONSLOW - HN14,ONSLOW - HN14,3350,81,3350,1.0
ONSLOW - HR17,ONSLOW - HR17,3713,198,3713,1.0
ONSLOW - HU20,ONSLOW - HU20,4430,73,4430,1.0
ONSLOW - HU20,ONSLOW - JA01,0,1,4430,0.0
ONSLOW - JA01,ONSLOW - JA01,33170,775,33170,1.0
ONSLOW - JA01,ONSLOW - SW19,0,1,33170,0.0
ONSLOW - ML23,ONSLOW - ML23,1342,32,1342,1.0
ONSLOW - MT24,ONSLOW - MT24,2219,56,2219,1.0
ONSLOW - NE22A,ONSLOW - NE22A,5755,112,5755,1.0
ONSLOW - NE22A,ONSLOW - JA01,0,1,5755,0.0
ONSLOW - NE22B,ONSLOW - NE22B,7150,88,7150,1.0
ONSLOW - NM13,ONSLOW - NM13,1374,32,1374,1.0
ONSLOW - NR02,ONSLOW - NR02,2488,86,2488,1.0
ONSLOW - RL09,ONSLOW - RL09,7135,135,7135,1.0
ONSLOW - SF18,ONSLOW - SF18,6740,105,6740,1.0
ONSLOW - SF18,ONSLOW - FS16,0,1,6740,0.0
ONSLOW - SW19,ONSLOW - SW19,5857,207,5857,1.0
ONSLOW - SW19,ONSLOW - BC21,0,1,5857,0.0
ONSLOW - TL06,ONSLOW - TL06,4519,45,4519,1.0
ONSLOW - VR15,ONSLOW - VR15,2734,48,2734,1.0
ONSLOW - VR15,ONSLOW - JA01,0,2,2734,0.0
ONSLOW - WN04,ONSLOW - WN04,5508,93,5508,1.0
ORANGE - CA,ORANGE - CA,1205,48,1205,1.0
ORANGE - CB1,ORANGE - CB1,3820,48,3820,1.0
ORANGE - CF1,ORANGE - CF1,5074,65,5074,1.0
ORANGE - CG,ORANGE - CG,1613,59,1613,1.0
ORANGE - CH,ORANGE - CH,1656,19,1656,1.0
ORANGE - CO,ORANGE - CO,2864,40,2864,1.0
ORANGE - CS1,ORANGE - CS1,1742,63,1742,1.0
ORANGE - CW,ORANGE - CW,2910,124,2910,1.0
ORANGE - CX,ORANGE - CX,6221,193,6221,1.0
ORANGE - DA,ORANGE - DA,2917,62,2917,1.0
ORANGE - DA,ORANGE - KM,0,1,2917,0.0
ORANGE - DM,ORANGE - DM,2740,35,2740,1.0
ORANGE - EA1,ORANGE - EA1,3047,22,3047,1.0
ORANGE - EF,ORANGE - EF,2213,97,2213,1.0
ORANGE - EF,ORANGE - WH,0,1,2213,0.0
ORANGE - EH,ORANGE - EH,2195,19,2195,1.0
ORANGE - ENO,ORANGE - ENO,3188,85,3188,1.0
ORANGE - ENO,ORANGE - SM,0,2,3188,0.0
ORANGE - ES,ORANGE - ES,2177,29,2177,1.0
ORANGE - GB,ORANGE - GB,5556,91,5556,1.0
ORANGE - GL,ORANGE - GL,2543,67,2543,1.0
ORANGE - H,ORANGE - H,1460,69,1460,1.0
ORANGE - HE,ORANGE - HE,1971,93,1988,0.9914486921529175
ORANGE - HE,ORANGE - GB,17,1,1988,0.008551307847082495
ORANGE - HF,ORANGE - HF,2811,66,2811,1.0
ORANGE - HN,ORANGE - HN,2652,55,2652,1.0
ORANGE - KM,ORANGE - KM,1982,39,1982,1.0
ORANGE - KM,ORANGE - DA,0,2,1982,0.0
ORANGE - NC,ORANGE - NC,2237,36,2237,1.0
ORANGE - NC,ORANGE - CO,0,1,2237,0.0
ORANGE - NS,ORANGE - NS,3465,32,3465,1.0
ORANGE - OG,ORANGE - OG,3616,95,3616,1.0
ORANGE - OW1,ORANGE - OW1,4040,20,4040,1.0
ORANGE - PA,ORANGE - PA,3156,80,3156,1.0
ORANGE - RE,ORANGE - RE,3538,54,3538,1.0
ORANGE - RE,ORANGE - HF,0,1,3538,0.0
ORANGE - RF,ORANGE - RF,1964,43,1964,1.0
ORANGE - SJ,ORANGE - SJ,2846,56,2846,1.0
ORANGE - SJ,ORANGE - DM,0,1,2846,0.0
ORANGE - SM,ORANGE - SM,2524,44,2524,1.0
ORANGE - SM,ORANGE - ENO,0,3,2524,0.0
ORANGE - TH1,ORANGE - TH1,2213,32,2213,1.0
ORANGE - TO,ORANGE - TO,1457,61,1457,1.0
ORANGE - UNC,ORANGE - UNC,12156,59,12156,1.0
ORANGE - UNC,ORANGE - GL,0,1,12156,0.0
ORANGE - WC,ORANGE - WC,2084,51,2084,1.0
ORANGE - WD,ORANGE - WD,3365,46,3372,0.9979240806642942
ORANGE - WD,ORANGE - WDS,7,1,3372,0.0020759193357058124
ORANGE - WD,ORANGE - PA,0,2,3372,0.0
ORANGE - WDS,ORANGE - WDS,439,1,439,1.0
ORANGE - WH,ORANGE - WH,2387,89,2387,1.0
ORANGE - WH,ORANGE - GB,0,1,2387,0.0
ORANGE - WW1,ORANGE - WW1,3459,36,3459,1.0
PAMLICO - 1AL A,PAMLICO - 1CR,611,22,611,1.0
PAMLICO - 1GB,PAMLICO - 1CR,1115,65,1115,1.0
PAMLICO - 1RB,PAMLICO - 1RB,1598,55,1598,1.0
PAMLICO - 2OT,PAMLICO - 2OT,1883,155,1883,1.0
PAMLICO - 2SW,PAMLICO - 3CH,485,45,485,1.0
PAMLICO - 3BY,PAMLICO - 3CH,1897,133,1897,1.0
PAMLICO - 3BY,PAMLICO - 2OT,0,1,1897,0.0
PAMLICO - 4HB,PAMLICO - 4BR,220,111,220,1.0
PAMLICO - 4MSIC,PAMLICO - 4BR,167,48,167,1.0
PAMLICO - 4VM A,PAMLICO - 4BR,267,37,267,1.0
PAMLICO - 5AP,PAMLICO - 5AP,2235,110,2235,1.0
PASQUOTANK - EAST,PASQUOTANK - EAST,3383,183,3383,1.0
PASQUOTANK - MH,PASQUOTANK - MH,4679,147,4679,1.0
PASQUOTANK - MH,PASQUOTANK - NIX,0,1,4679,0.0
PASQUOTANK - NEW,PASQUOTANK - NEW,2090,57,2090,1.0
PASQUOTANK - NIX,PASQUOTANK - NIX,3937,74,3937,1.0
PASQUOTANK - NIX,PASQUOTANK - MH,0,1,3937,0.0
PASQUOTANK - NIX,PASQUOTANK - SAL,0,2,3937,0.0
PASQUOTANK - NORTH,PASQUOTANK - NORTH,3021,147,3021,1.0
PASQUOTANK - PRO,PASQUOTANK - PRO,6614,146,6614,1.0
PASQUOTANK - SAL,PASQUOTANK - SAL,1288,39,1288,1.0
PASQUOTANK - SOUTH,PASQUOTANK - SOUTH,3615,106,3615,1.0
PASQUOTANK - WEST,PASQUOTANK - WEST,3337,85,3337,1.0
PENDER - CF11,PENDER - RP21,3987,42,3987,1.0
PENDER - CL05,PENDER - CL05,1525,86,1525,1.0
PENDER - CS04,PENDER - MC07,1144,86,1144,1.0
PENDER - CT03,PENDER - MC07,210,28,210,1.0
PENDER - GR06,PENDER - MC07,1808,86,1808,1.0
PENDER - GR06,PENDER - RP21,0,1,1808,0.0
PENDER - LC09,PENDER - RP21,1659,39,1659,1.0
PENDER - LT18,PENDER - LT18,4617,82,4617,1.0
PENDER - LT18,PENDER - SC13,0,1,4617,0.0
PENDER - LU16,PENDER - PL18,1346,64,1346,1.0
PENDER - MT19,PENDER - MT19,3498,51,3498,1.0
PENDER - NB02,PENDER - BW01,3160,109,3160,1.0
PENDER - PL10,PENDER - PL18,454,40,454,1.0
PENDER - RP20,PENDER - RP21,2471,75,2471,1.0
PENDER - RP20,PENDER - BW01,0,1,2471,0.0
PENDER - RP20,PENDER - LT18,0,1,2471,0.0
PENDER - SB02,PENDER - BW01,3595,162,3595,1.0
PENDER - SC13,PENDER - SC13,4068,227,4068,1.0
PENDER - SH12,PENDER - SH12,2014,32,2014,1.0
PENDER - SP15,PENDER - SP15,4300,103,4300,1.0
PENDER - UH08,PENDER - UH08,748,52,748,1.0
PENDER - UT14,PENDER - UT14,4803,61,4803,1.0
PENDER - UU17,PENDER - PL18,1201,66,1201,1.0
PERQUIMANS - BELVID,PERQUIMANS - BELVID,746,30,746,1.0
PERQUIMANS - BETHEL,PERQUIMANS - BETHEL,3001,141,3001,1.0
PERQUIMANS - BETHEL,PERQUIMANS - NEW HO,0,1,3001,0.0
PERQUIMANS - EAST H,PERQUIMANS - EAST H,1047,55,1047,1.0
PERQUIMANS - EAST H,PERQUIMANS - PARKVI,0,1,1047,0.0
PERQUIMANS - NEW HO,PERQUIMANS - NEW HO,2468,40,2468,1.0
PERQUIMANS - NICANO,PERQUIMANS - NICANO,284,30,284,1.0
PERQUIMANS - PARKVI,PERQUIMANS - PARKVI,2007,95,2011,0.9980109398309299
PERQUIMANS - PARKVI,PERQUIMANS - NEW HO,4,1,2011,0.001989060169070114
PERQUIMANS - WEST H,PERQUIMANS - WEST H,1035,50,1035,1.0
PERQUIMANS - WEST H,PERQUIMANS - PARKVI,0,2,1035,0.0
PERSON - ALVI,PERSON - ALVI,2402,111,2402,1.0
PERSON - CUCL,PERSON - CUCL,2013,133,2013,1.0
PERSON - FLRI,PERSON - FLHE,5737,146,5798,0.9894791307347361
PERSON - FLRI,PERSON - ROXL,34,9,5798,0.005864091065884788
PERSON - FLRI,PERSON - RCOB,27,7,5798,0.004656778199379096
PERSON - HLWY,PERSON - HLWY,1261,42,1261,1.0
PERSON - MTTZ,PERSON - MTTZ,2687,92,2687,1.0
PERSON - OLHI,PERSON - OLHI,1778,73,1778,1.0
PERSON - PNTH,PERSON - PNTH,5193,183,5193,1.0
PERSON - RCTL,PERSON - RCOB,4483,140,4483,1.0
PERSON - ROX4,PERSON - ROXL,2095,65,2095,1.0
PERSON - SWST,PERSON - SWST,2068,98,2068,1.0
PERSON - WDSD,PERSON - WDSD,1185,89,1185,1.0
PITT - 0101,PITT - 0101,4349,118,4349,1.0
PITT - 0200A,PITT - 0200A,3094,128,3094,1.0
PITT - 0200B,PITT - 0200B,2632,136,2632,1.0
PITT - 0301,PITT - 0301,5321,143,5321,1.0
PITT - 0301,PITT - 0701,0,2,5321,0.0
PITT - 0401,PITT - 0401,1728,164,1728,1.0
PITT - 0501,PITT - 0501,1534,94,1534,1.0
PITT - 0601,PITT - 0601,5281,118,5287,0.9988651409116701
PITT - 0601,PITT - 1513B,6,2,5287,0.0011348590883298658
PITT - 0701,PITT - 0701,2154,80,2154,1.0
PITT - 0701,PITT - 0301,0,2,2154,0.0
PITT - 0800A,PITT - 0800A,2522,149,2522,1.0
PITT - 0800B,PITT - 0800B,2113,102,2113,1.0
PITT - 0901,PITT - 0901,976,86,976,1.0
PITT - 1001,PITT - 1001,3461,193,3461,1.0
PITT - 1101,PITT - 1101,1416,73,1416,1.0
PITT - 1101,PITT - 1201,0,1,1416,0.0
PITT - 1102A,PITT - 1102A,3297,60,3297,1.0
PITT - 1102B,PITT - 1102B,4097,89,4117,0.9951420937575904
PITT - 1102B,PITT - 1102A,20,1,4117,0.004857906242409522
PITT - 1102B,PITT - 1201,0,1,4117,0.0
PITT - 1201,PITT - 1201,4919,195,4919,1.0
PITT - 1201,PITT - 1101,0,1,4919,0.0
PITT - 1201,PITT - 1102B,0,2,4919,0.0
PITT - 1201,PITT - 1508B,0,1,4919,0.0
PITT - 1301,PITT - 1301,1260,40,1260,1.0
PITT - 1403A1,PITT - 1403A1,3562,104,3562,1.0
PITT - 1403A1,PITT - 1403A2,0,1,3562,0.0
PITT - 1403A2,PITT - 1403A2,3509,112,3509,1.0
PITT - 1403B,PITT - 1403B,4976,105,4976,1.0
PITT - 1501,PITT - 1501,1651,152,1651,1.0
PITT - 1501,PITT - 0301,0,1,1651,0.0
PITT - 1501,PITT - 1503,0,2,1651,0.0
PITT - 1503,PITT - 1503,3547,89,3547,1.0
PITT - 1503,PITT - 1501,0,1,3547,0.0
PITT - 1504A,PITT - 1504A,3628,147,3628,1.0
PITT - 1504B,PITT - 1504B,5672,69,5672,1.0
PITT - 1505A,PITT - 1505A,3704,30,3704,1.0
PITT - 1505B,PITT - 1505B,3126,74,3126,1.0
PITT - 1506,PITT - 1506,2168,97,2168,1.0
PITT - 1507,PITT - 1507,5889,68,5889,1.0
PITT - 1507B,PITT - 1507B,1852,21,1852,1.0
PITT - 1508A,PITT - 1508A,1562,78,1562,1.0
PITT - 1508B,PITT - 1508B,2357,41,2357,1.0
PITT - 1509,PITT - 1509,4714,107,4714,1.0
PITT - 1509,PITT - 1201,0,1,4714,0.0
PITT - 1510A,PITT - 1510A,2458,50,2458,1.0
PITT - 1510B,PITT - 1510B,2924,49,2924,1.0
PITT - 1511A,PITT - 1511A,3792,65,3792,1.0
PITT - 1511B,PITT - 1511B,4856,39,4856,1.0
PITT - 1512A,PITT - 1512A,6519,123,6519,1.0
PITT - 1512A,PITT - 1512B,0,1,6519,0.0
PITT - 1512B,PITT - 1512B,2877,53,2877,1.0
PITT - 1513A,PITT - 1513A,3760,71,3760,1.0
PITT - 1513B,PITT - 1513B,2990,68,2990,1.0
POLK - CG05,POLK - CG05,1620,81,1620,1.0
POLK - CL07,POLK - CL07,2664,126,2664,1.0
POLK - CL08,POLK - CL08,2745,83,2749,0.9985449254274281
POLK - CL08,POLK - CL07,4,1,2749,0.0014550745725718443
POLK - GC09,POLK - GC09,2687,99,2687,1.0
POLK - SA04,POLK - SA04,1588,144,1596,0.9949874686716792
POLK - SA04,POLK - WO06,8,1,1596,0.005012531328320802
POLK - TR123,POLK - TR123,2987,167,2987,1.0
POLK - WO06,POLK - WO06,1901,92,1901,1.0
POLK - WO06,POLK - CL07,0,1,1901,0.0
POLK - WO06,POLK - SA04,0,1,1901,0.0
RANDOLPH - AE,RANDOLPH - AE,5707,216,5707,1.0
RANDOLPH - AN,RANDOLPH - AN,6091,137,6091,1.0
RANDOLPH - AN,RANDOLPH - RN,0,1,6091,0.0
RANDOLPH - AR,RANDOLPH - AR,9422,228,9528,0.9888748950461796
RANDOLPH - AR,RANDOLPH - TR,106,1,9528,0.01112510495382032
RANDOLPH - AS,RANDOLPH - AS,4981,182,4981,1.0
RANDOLPH - AW,RANDOLPH - AW,7343,273,7343,1.0
RANDOLPH - BC,RANDOLPH - BC,3562,104,3562,1.0
RANDOLPH - BC,RANDOLPH - RN,0,1,3562,0.0
RANDOLPH - DR,RANDOLPH - DR,5355,215,5355,1.0
RANDOLPH - GR,RANDOLPH - GR,4398,108,4398,1.0
RANDOLPH - LB,RANDOLPH - LB,3279,182,3279,1.0
RANDOLPH - LB,RANDOLPH - PR,0,1,3279,0.0
RANDOLPH - LC,RANDOLPH - LC,2860,50,2860,1.0
RANDOLPH - NM,RANDOLPH - NM,5016,163,5016,1.0
RANDOLPH - PR,RANDOLPH - PR,6159,144,6159,1.0
RANDOLPH - RM,RANDOLPH - RM,3620,205,3620,1.0
RANDOLPH - RM,RANDOLPH - ST,0,1,3620,0.0
RANDOLPH - RN,RANDOLPH - RN,6947,275,6961,0.9979887947134033
RANDOLPH - RN,RANDOLPH - BC,12,1,6961,0.00172389024565436
RANDOLPH - RN,RANDOLPH - AN,2,1,6961,0.0002873150409423933
RANDOLPH - RN,RANDOLPH - PR,0,1,6961,0.0
RANDOLPH - SE,RANDOLPH - SE,2217,138,2217,1.0
RANDOLPH - SO,RANDOLPH - SO,4035,187,4035,1.0
RANDOLPH - ST,RANDOLPH - ST,2275,127,2275,1.0
RANDOLPH - SW,RANDOLPH - SW,3111,142,3111,1.0
RANDOLPH - TB,RANDOLPH - TB,3442,112,3442,1.0
RANDOLPH - TR,RANDOLPH - TR,9525,285,9525,1.0
RANDOLPH - TR,RANDOLPH - AR,0,1,9525,0.0
RANDOLPH - TT,RANDOLPH - TT,4455,89,4455,1.0
RANDOLPH - UG,RANDOLPH - UG,8395,248,8395,1.0
RANDOLPH - UG,RANDOLPH - AS,0,1,8395,0.0
RICHMOND - 01,RICHMOND - 01,5694,238,5694,1.0
RICHMOND - 01,RICHMOND - 23,0,1,5694,0.0
RICHMOND - 02,RICHMOND - 02,5250,210,5250,1.0
RICHMOND - 03,RICHMOND - 21,964,50,964,1.0
RICHMOND - 04,RICHMOND - 22,2103,109,2103,1.0
RICHMOND - 05,RICHMOND - 23,793,57,804,0.986318407960199
RICHMOND - 05,RICHMOND - 01,11,1,804,0.013681592039800995
RICHMOND - 06,RICHMOND - 23,1553,58,1553,1.0
RICHMOND - 07,RICHMOND - 22,984,55,984,1.0
RICHMOND - 08,RICHMOND - 08,4117,256,4118,0.9997571636716853
RICHMOND - 08,RICHMOND - 10,1,1,4118,0.00024283632831471587
RICHMOND - 09,RICHMOND - 09,5800,331,5800,1.0
RICHMOND - 10,RICHMOND - 10,1607,93,1607,1.0
RICHMOND - 11,RICHMOND - 21,1054,38,1054,1.0
RICHMOND - 12,RICHMOND - 24,1696,156,1696,1.0
RICHMOND - 13,RICHMOND - 25,875,65,875,1.0
RICHMOND - 14,RICHMOND - 14,165,56,165,1.0
RICHMOND - 14,RICHMOND - 25,0,1,165,0.0
RICHMOND - 15,RICHMOND - 25,222,53,222,1.0
RICHMOND - 15,RICHMOND - 14,0,1,222,0.0
RICHMOND - 16,RICHMOND - 24,349,48,349,1.0
ROBESON - 01,ROBESON - 01,1415,100,1415,1.0
ROBESON - 02,ROBESON - 02,3725,147,3865,0.963777490297542
ROBESON - 02,ROBESON - 25,140,1,3865,0.03622250970245795
ROBESON - 03,ROBESON - 03,2256,78,2267,0.9951477723864137
ROBESON - 03,ROBESON - 15,11,1,2267,0.004852227613586237
ROBESON - 04,ROBESON - 04,2487,57,2487,1.0
ROBESON - 05A,ROBESON - 05A,3475,219,3475,1.0
ROBESON - 07,ROBESON - 07,938,46,938,1.0
ROBESON - 08,ROBESON - 08,1895,82,1895,1.0
ROBESON - 09,ROBESON - 09,1673,91,1673,1.0
ROBESON - 10,ROBESON - 10,1485,100,1485,1.0
ROBESON - 11,ROBESON - 11,3683,135,3683,1.0
ROBESON - 11A,ROBESON - 11A,1961,42,1961,1.0
ROBESON - 11A,ROBESON - 11,0,1,1961,0.0
ROBESON - 12,ROBESON - 12,2690,152,2690,1.0
ROBESON - 13,ROBESON - 13,2295,94,2295,1.0
ROBESON - 14,ROBESON - 14,1683,111,1683,1.0
ROBESON - 15,ROBESON - 15,1054,158,1054,1.0
ROBESON - 16,ROBESON - 16,1020,52,1020,1.0
ROBESON - 17,ROBESON - 17,449,73,449,1.0
ROBESON - 18A,ROBESON - 18A,1846,137,1857,0.9940764674205708
ROBESON - 18A,ROBESON - 17,11,1,1857,0.0059235325794291865
ROBESON - 18A,ROBESON - 11,0,2,1857,0.0
ROBESON - 19,ROBESON - 19,3314,261,3314,1.0
ROBESON - 20,ROBESON - 20,1160,70,1160,1.0
ROBESON - 21,ROBESON - 21,2747,141,2747,1.0
ROBESON - 22,ROBESON - 22,5119,94,5119,1.0
ROBESON - 23,ROBESON - 23,4640,177,4640,1.0
ROBESON - 24,ROBESON - 24,1680,73,1680,1.0
ROBESON - 25,ROBESON - 25,2148,99,2148,1.0
ROBESON - 26A,ROBESON - 26A,3804,188,3804,1.0
ROBESON - 28,ROBESON - 28,1883,72,1883,1.0
ROBESON - 29,ROBESON - 29,1577,179,1577,1.0
ROBESON - 30,ROBESON - 30,3578,133,3578,1.0
ROBESON - 32A,ROBESON - 32A,6062,327,6062,1.0
ROBESON - 33,ROBESON - 33,843,35,843,1.0
ROBESON - 34,ROBESON - 34,2072,97,2072,1.0
ROBESON - 35,ROBESON - 35,2619,69,2619,1.0
ROBESON - 36,ROBESON - 36,1196,72,1196,1.0
ROBESON - 37,ROBESON - 37,653,56,653,1.0
ROBESON - 38,ROBESON - 38,493,41,493,1.0
ROBESON - 39,ROBESON - 39,2083,117,2096,0.9937977099236641
ROBESON - 39,ROBESON - 01,13,1,2096,0.006202290076335878
ROBESON - 40,ROBESON - 40,610,59,610,1.0
ROBESON - 41,ROBESON - 41,3969,158,3969,1.0
ROCKINGHAM - DR,ROCKINGHAM - DR,2858,132,2858,1.0
ROCKINGHAM - EC,ROCKINGHAM - EC,5106,182,5106,1.0
ROCKINGHAM - ED-1,ROCKINGHAM - ED,5322,167,5322,1.0
ROCKINGHAM - HO,ROCKINGHAM - HO-1,2291,52,2291,1.0
ROCKINGHAM - HU,ROCKINGHAM - HU-1,4886,116,5071,0.9635180437783475
ROCKINGHAM - HU,ROCKINGHAM - HO-1,160,7,5071,0.03155196213764543
ROCKINGHAM - HU,ROCKINGHAM - WS-1,25,6,5071,0.004929994084007099
ROCKINGHAM - IR,ROCKINGHAM - MO,2832,93,2832,1.0
ROCKINGHAM - LI,ROCKINGHAM - LI-1,4403,150,4403,1.0
ROCKINGHAM - LK-2,ROCKINGHAM - ED,2806,83,3800,0.738421052631579
ROCKINGHAM - LK-2,ROCKINGHAM - ST,994,17,3800,0.2615789473684211
ROCKINGHAM - MA,ROCKINGHAM - ST,4712,152,4712,1.0
ROCKINGHAM - MC,ROCKINGHAM - RE-2,5242,123,5242,1.0
ROCKINGHAM - MS,ROCKINGHAM - RE-1,7460,285,9499,0.785345825876408
ROCKINGHAM - MS,ROCKINGHAM - RE-2,940,34,9499,0.09895778503000316
ROCKINGHAM - MS,ROCKINGHAM - MO,744,29,9499,0.07832403410885357
ROCKINGHAM - MS,ROCKINGHAM - LI-1,306,14,9499,0.03221391725444784
ROCKINGHAM - MS,ROCKINGHAM - WI,49,7,9499,0.005158437730287398
ROCKINGHAM - NB,ROCKINGHAM - NB,3824,94,3824,1.0
ROCKINGHAM - RC,ROCKINGHAM - RC,5349,182,5349,1.0
ROCKINGHAM - RC,ROCKINGHAM - EC,0,2,5349,0.0
ROCKINGHAM - RC,ROCKINGHAM - ST,0,2,5349,0.0
ROCKINGHAM - SE,ROCKINGHAM - WI,4731,112,4754,0.9951619688683214
ROCKINGHAM - SE,ROCKINGHAM - RE-2,23,3,4754,0.004838031131678587
ROCKINGHAM - WS,ROCKINGHAM - WS-1,6819,309,7720,0.8832901554404146
ROCKINGHAM - WS,ROCKINGHAM - HO-1,901,36,7720,0.1167098445595855
ROWAN - 01,ROWAN - 01,2209,41,2209,1.0
ROWAN - 02,ROWAN - 02,1809,84,1809,1.0
ROWAN - 03,ROWAN - 03,2671,47,2671,1.0
ROWAN - 04,ROWAN - 04,4547,89,4547,1.0
ROWAN - 05A,ROWAN - 05A,5103,218,5103,1.0
ROWAN - 07,ROWAN - 07,2288,115,2288,1.0
ROWAN - 08,ROWAN - 08,3878,54,3878,1.0
ROWAN - 09,ROWAN - 09,2394,73,2394,1.0
ROWAN - 10,ROWAN - 10,3039,105,3039,1.0
ROWAN - 11,ROWAN - 11,3326,63,3326,1.0
ROWAN - 12,ROWAN - 12,2287,58,2287,1.0
ROWAN - 13,ROWAN - 13,2573,55,2573,1.0
ROWAN - 14A,ROWAN - 14A,4774,169,4774,1.0
ROWAN - 15,ROWAN - 15,3758,94,3758,1.0
ROWAN - 16,ROWAN - 16,3007,89,3007,1.0
ROWAN - 17,ROWAN - 17,3472,137,3472,1.0
ROWAN - 18,ROWAN - 18,1188,96,1188,1.0
ROWAN - 19A,ROWAN - 19A,5006,241,5006,1.0
ROWAN - 21,ROWAN - 21,3324,57,3324,1.0
ROWAN - 22,ROWAN - 22,979,71,979,1.0
ROWAN - 23,ROWAN - 23,1897,67,1897,1.0
ROWAN - 24,ROWAN - 24,1410,70,1410,1.0
ROWAN - 25,ROWAN - 25,4116,157,4116,1.0
ROWAN - 26,ROWAN - 26,1976,37,1976,1.0
ROWAN - 27,ROWAN - 27,1440,43,1440,1.0
ROWAN - 28,ROWAN - 28,2660,155,2660,1.0
ROWAN - 29,ROWAN - 29,1405,51,1405,1.0
ROWAN - 30,ROWAN - 30,4747,128,4747,1.0
ROWAN - 31,ROWAN - 31,1791,63,1791,1.0
ROWAN - 32,ROWAN - 32,1833,70,1833,1.0
ROWAN - 33,ROWAN - 33,1971,63,1971,1.0
ROWAN - 34,ROWAN - 34,3639,135,3677,0.9896654881697036
ROWAN - 34,ROWAN - 30,38,1,3677,0.010334511830296437
ROWAN - 35,ROWAN - 35,1496,61,1496,1.0
ROWAN - 36,ROWAN - 36,3619,116,3619,1.0
ROWAN - 38,ROWAN - 38,3317,127,3347,0.9910367493277562
ROWAN - 38,ROWAN - 15,30,1,3347,0.0089632506722438
ROWAN - 39,ROWAN - 39,2781,67,2781,1.0
ROWAN - 39,ROWAN - 40,0,1,2781,0.0
ROWAN - 40,ROWAN - 40,2980,111,2980,1.0
ROWAN - 41,ROWAN - 41,3207,61,3207,1.0
ROWAN - 42,ROWAN - 42,2001,52,2001,1.0
ROWAN - 44,ROWAN - 44,3410,56,3410,1.0
ROWAN - 45,ROWAN - 45,1572,36,1572,1.0
RUTHERFORD - 03A,RUTHERFORD - 03A,2274,123,2274,1.0
RUTHERFORD - 04A,RUTHERFORD - 04A,2557,129,2557,1.0
RUTHERFORD - 05A,RUTHERFORD - 05A,3478,196,3478,1.0
RUTHERFORD - 06A,RUTHERFORD - 06A,2726,272,2726,1.0
RUTHERFORD - 09A,RUTHERFORD - 09A,3888,124,3910,0.9943734015345268
RUTHERFORD - 09A,RUTHERFORD - 19,22,1,3910,0.005626598465473146
RUTHERFORD - 10A,RUTHERFORD - 10A,1350,96,1350,1.0
RUTHERFORD - 11,RUTHERFORD - 11,6351,229,6396,0.9929643527204502
RUTHERFORD - 11,RUTHERFORD - 05A,45,1,6396,0.007035647279549718
RUTHERFORD - 13,RUTHERFORD - 13,4722,199,4722,1.0
RUTHERFORD - 13,RUTHERFORD - 30,0,2,4722,0.0
RUTHERFORD - 14,RUTHERFORD - 14,3068,169,3068,1.0
RUTHERFORD - 16A,RUTHERFORD - 16A,2895,108,2895,1.0
RUTHERFORD - 18,RUTHERFORD - 18,2187,93,2187,1.0
RUTHERFORD - 19,RUTHERFORD - 19,2310,60,2310,1.0
RUTHERFORD - 19,RUTHERFORD - 09A,0,1,2310,0.0
RUTHERFORD - 27,RUTHERFORD - 27,3702,133,3702,1.0
RUTHERFORD - 28,RUTHERFORD - 28,1828,115,1828,1.0
RUTHERFORD - 29,RUTHERFORD - 29,2360,104,2360,1.0
RUTHERFORD - 30,RUTHERFORD - 30,4148,178,4148,1.0
RUTHERFORD - 34,RUTHERFORD - 34,1508,58,1508,1.0
SAMPSON - AUTR,SAMPSON - AUTR,1827,82,1827,1.0
SAMPSON - CLCE,SAMPSON - CLCE,1146,59,1146,1.0
SAMPSON - CLEA,SAMPSON - CLEA,3268,114,3331,0.9810867607325128
SAMPSON - CLEA,SAMPSON - KEEN,63,1,3331,0.018913239267487243
SAMPSON - CLEM,SAMPSON - CLEM,1774,47,1774,1.0
SAMPSON - CLNE,SAMPSON - CLNE,2346,99,2346,1.0
SAMPSON - CLNE,SAMPSON - CLWE,0,1,2346,0.0
SAMPSON - CLSW,SAMPSON - CLSW,1978,65,1978,1.0
SAMPSON - CLWE,SAMPSON - CLWE,2450,98,2450,1.0
SAMPSON - GARL,SAMPSON - GARL,1406,125,1406,1.0
SAMPSON - GIDD,SAMPSON - GIDD,1611,94,1611,1.0
SAMPSON - HARR,SAMPSON - HARR,1757,144,1757,1.0
SAMPSON - HERR,SAMPSON - HERR,857,37,857,1.0
SAMPSON - INGO,SAMPSON - INGO,1620,101,1620,1.0
SAMPSON - KEEN,SAMPSON - KEEN,1641,47,1641,1.0
SAMPSON - KFRK,SAMPSON - KFRK,2125,69,2125,1.0
SAMPSON - LAKE,SAMPSON - LAKE,2918,110,3040,0.9598684210526316
SAMPSON - LAKE,SAMPSON - CLWE,122,1,3040,0.04013157894736842
SAMPSON - MING,SAMPSON - MING,2899,103,2899,1.0
SAMPSON - NGRV,SAMPSON - NGRV,1787,121,1787,1.0
SAMPSON - PLVW,SAMPSON - PLVW,2991,59,2991,1.0
SAMPSON - ROSE,SAMPSON - ROSE,1752,99,1752,1.0
SAMPSON - ROWA,SAMPSON - ROWA,2201,64,2201,1.0
SAMPSON - SBRG,SAMPSON - SBRG,1063,73,1063,1.0
SAMPSON - TURK,SAMPSON - TURK,1328,87,1328,1.0
SAMPSON - WBRK,SAMPSON - WBRK,2006,75,2006,1.0
SCOTLAND - 01-16,SCOTLAND - 01-16,6198,304,6198,1.0
SCOTLAND - 02-25,SCOTLAND - 02-25,3827,190,3827,1.0
SCOTLAND - 03,SCOTLAND - 03,3292,154,3292,1.0
SCOTLAND - 04,SCOTLAND - 04,4204,144,4204,1.0
SCOTLAND - 05-10,SCOTLAND - 05-10,2287,143,2287,1.0
SCOTLAND - 06-89,SCOTLAND - 06-89,3852,337,3852,1.0
SCOTLAND - 06-89,SCOTLAND - 01-16,0,2,3852,0.0
SCOTLAND - 07,SCOTLAND - 07,3185,194,3185,1.0
STANLY - 0003,STANLY - 0003,2430,87,2430,1.0
STANLY - 0007,STANLY - 0107,2657,83,2664,0.9973723723723724
STANLY - 0007,STANLY - 0014,7,1,2664,0.002627627627627628
STANLY - 0008,STANLY - 0108,1955,70,2020,0.9678217821782178
STANLY - 0008,STANLY - 0113,65,1,2020,0.03217821782178218
STANLY - 0010,STANLY - 0110,1717,124,1717,1.0
STANLY - 0011,STANLY - 0011,1578,61,1578,1.0
STANLY - 0013,STANLY - 0113,1499,70,2216,0.6764440433212996
STANLY - 0013,STANLY - 0110,321,16,2216,0.14485559566787004
STANLY - 0013,STANLY - 0120,233,5,2216,0.10514440433212996
STANLY - 0013,STANLY - 0107,103,1,2216,0.04648014440433213
STANLY - 0013,STANLY - 0108,60,1,2216,0.02707581227436823
STANLY - 0014,STANLY - 0014,1268,57,1268,1.0
STANLY - 0015,STANLY - 0015,2297,87,2297,1.0
STANLY - 0016,STANLY - 0016,1400,76,1400,1.0
STANLY - 0016,STANLY - 0017,0,1,1400,0.0
STANLY - 0017,STANLY - 0017,2040,97,2040,1.0
STANLY - 0018,STANLY - 0018,1692,112,1702,0.9941245593419507
STANLY - 0018,STANLY - 0019,10,1,1702,0.005875440658049354
STANLY - 0019,STANLY - 0019,1707,55,1707,1.0
STANLY - 0019,STANLY - 0017,0,1,1707,0.0
STANLY - 0020,STANLY - 0120,2638,72,2638,1.0
STANLY - 0021,STANLY - 0021,1350,61,1379,0.9789702683103698
STANLY - 0021,STANLY - 0022,29,1,1379,0.02102973168963017
STANLY - 0022,STANLY - 0022,2158,126,2158,1.0
STANLY - 0023,STANLY - 0023,3124,170,3139,0.995221408091749
STANLY - 0023,STANLY - 0022,15,1,3139,0.004778591908251036
STANLY - 0024,STANLY - 0024,3898,109,3898,1.0
STANLY - 0025,STANLY - 0025,3692,146,3692,1.0
STANLY - 0026,STANLY - 0126,1822,82,1822,1.0
STANLY - 0027,STANLY - 0127,2582,99,2582,1.0
STANLY - 0028,STANLY - 0127,1183,62,1819,0.6503573391973612
STANLY - 0028,STANLY - 0126,636,23,1819,0.34964266080263884
STANLY - 0212,STANLY - 0212,3098,165,3098,1.0
STOKES - 01,STOKES - 01,989,64,989,1.0
STOKES - 01,STOKES - 03,0,2,989,0.0
STOKES - 02,STOKES - 02,2034,77,2034,1.0
STOKES - 03,STOKES - 03,1488,57,1488,1.0
STOKES - 04,STOKES - 04,2359,58,2359,1.0
STOKES - 04,STOKES - 09,0,3,2359,0.0
STOKES - 0506,STOKES - 0506,1523,106,1523,1.0
STOKES - 0506,STOKES - 07,0,2,1523,0.0
STOKES - 07,STOKES - 07,733,34,733,1.0
STOKES - 07,STOKES - 03,0,1,733,0.0
STOKES - 07,STOKES - 0506,0,1,733,0.0
STOKES - 07,STOKES - 08,0,1,733,0.0
STOKES - 08,STOKES - 08,1515,45,1515,1.0
STOKES - 08,STOKES - 03,0,1,1515,0.0
STOKES - 09,STOKES - 09,2353,79,2353,1.0
STOKES - 10,STOKES - 10,3609,94,3609,1.0
STOKES - 11,STOKES - 11,4332,105,4332,1.0
STOKES - 11,STOKES - 09,0,1,4332,0.0
STOKES - 12,STOKES - 12,2031,37,2031,1.0
STOKES - 13,STOKES - 13,1990,21,1990,1.0
STOKES - 13,STOKES - 140,0,1,1990,0.0
STOKES - 14,STOKES - 140,2528,49,2528,1.0
STOKES - 15,STOKES - 150,1442,47,1470,0.9809523809523809
STOKES - 15,STOKES - 140,28,2,1470,0.01904761904761905
STOKES - 15,STOKES - 13,0,2,1470,0.0
STOKES - 1618,STOKES - 1618,2207,101,2207,1.0
STOKES - 1618,STOKES - 20,0,1,2207,0.0
STOKES - 17,STOKES - 17,2046,72,2046,1.0
STOKES - 1819,STOKES - 1819,1213,72,1213,1.0
STOKES - 20,STOKES - 20,1629,46,1629,1.0
SURRY - 01,SURRY - 01,2201,139,2201,1.0
SURRY - 04,SURRY - 04,2256,83,2256,1.0
SURRY - 04,SURRY - 29,0,1,2256,0.0
SURRY - 05,SURRY - 05,2884,85,2884,1.0
SURRY - 05,SURRY - 32,0,1,2884,0.0
SURRY - 09,SURRY - 09,1659,113,1659,1.0
SURRY - 09,SURRY - 29,0,1,1659,0.0
SURRY - 10,SURRY - 10,1373,73,1373,1.0
SURRY - 11,SURRY - 11,1885,73,1885,1.0
SURRY - 11,SURRY - 22,0,3,1885,0.0
SURRY - 11,SURRY - 30,0,2,1885,0.0
SURRY - 12,SURRY - 12,3059,149,3061,0.9993466187520418
SURRY - 12,SURRY - 34,2,1,3061,0.0006533812479581836
SURRY - 12,SURRY - 15,0,2,3061,0.0
SURRY - 15,SURRY - 15,2340,66,2340,1.0
SURRY - 15,SURRY - 12,0,1,2340,0.0
SURRY - 16,SURRY - 16,1665,56,1665,1.0
SURRY - 17,SURRY - 17,1616,119,1616,1.0
SURRY - 18,SURRY - 18,2619,99,2619,1.0
SURRY - 19,SURRY - 19,3448,71,3448,1.0
SURRY - 22,SURRY - 22,1424,73,1424,1.0
SURRY - 23,SURRY - 23,1554,58,1554,1.0
SURRY - 23,SURRY - 24,0,1,1554,0.0
SURRY - 24,SURRY - 24,865,41,865,1.0
SURRY - 24,SURRY - 23,0,1,865,0.0
SURRY - 25,SURRY - 25,1897,82,1897,1.0
SURRY - 26,SURRY - 26,3213,72,3213,1.0
SURRY - 27,SURRY - 27,1887,68,1887,1.0
SURRY - 28,SURRY - 28,1578,52,1578,1.0
SURRY - 29,SURRY - 29,4111,147,4111,1.0
SURRY - 30,SURRY - 30,5015,239,5015,1.0
SURRY - 30,SURRY - 01,0,1,5015,0.0
SURRY - 30,SURRY - 11,0,2,5015,0.0
SURRY - 32,SURRY - 32,3209,159,3209,1.0
SURRY - 32,SURRY - 10,0,1,3209,0.0
SURRY - 32,SURRY - 24,0,1,3209,0.0
SURRY - 34,SURRY - 34,4673,158,4678,0.9989311671654553
SURRY - 34,SURRY - 15,3,3,4678,0.0006412997007268063
SURRY - 34,SURRY - 19,2,3,4678,0.00042753313381787086
SWAIN - ALARKA,SWAIN - ALARKA,837,35,837,1.0
SWAIN - ALARKA,SWAIN - ALMOND,0,1,837,0.0
SWAIN - ALMOND,SWAIN - ALMOND,1212,159,1216,0.9967105263157895
SWAIN - ALMOND,SWAIN - BC1,4,1,1216,0.003289473684210526
SWAIN - BC1,SWAIN - BC1,2389,195,2393,0.9983284580025074
SWAIN - BC1,SWAIN - BC2,4,5,2393,0.001671541997492687
SWAIN - BC2,SWAIN - BC2,2362,130,2362,1.0
SWAIN - BC2,SWAIN - BC1,0,3,2362,0.0
SWAIN - WHCH,SWAIN - WHCH,4163,238,4163,1.0
SWAIN - WHCH,SWAIN - BC1,0,1,4163,0.0
TRANSYLVANIA - B1,TRANSYLVANIA - B1,1913,72,1913,1.0
TRANSYLVANIA - B2,TRANSYLVANIA - B2,1799,72,1799,1.0
TRANSYLVANIA - B3,TRANSYLVANIA - B3,2056,86,2056,1.0
TRANSYLVANIA - B4,TRANSYLVANIA - B4,2137,58,2137,1.0
TRANSYLVANIA - BD,TRANSYLVANIA - BD,2957,125,2973,0.9946182307433569
TRANSYLVANIA - BD,TRANSYLVANIA - PF,16,1,2973,0.0053817692566431215
TRANSYLVANIA - CC,TRANSYLVANIA - CC.1,2376,96,2395,0.9920668058455114
TRANSYLVANIA - CC,TRANSYLVANIA - RE.1,19,1,2395,0.007933194154488519
TRANSYLVANIA - CM,TRANSYLVANIA - CM,845,74,845,1.0
TRANSYLVANIA - DR,TRANSYLVANIA - DR,2482,81,2502,0.9920063948840927
TRANSYLVANIA - DR,TRANSYLVANIA - CC.1,13,2,2502,0.005195843325339729
TRANSYLVANIA - DR,TRANSYLVANIA - B1,7,1,2502,0.002797761790567546
TRANSYLVANIA - EF,TRANSYLVANIA - EF,1012,60,1016,0.9960629921259843
TRANSYLVANIA - EF,TRANSYLVANIA - CC.1,4,1,1016,0.003937007874015748
TRANSYLVANIA - LR,TRANSYLVANIA - LR,1745,75,1745,1.0
TRANSYLVANIA - PF,TRANSYLVANIA - PF,1491,142,1491,1.0
TRANSYLVANIA - RE,TRANSYLVANIA - RE.1,2040,117,2040,1.0
TRANSYLVANIA - TC1,TRANSYLVANIA - TC1,931,62,931,1.0
TRANSYLVANIA - TC7,TRANSYLVANIA - TC7,1818,133,1818,1.0
TRANSYLVANIA - WC,TRANSYLVANIA - WC,1627,50,1632,0.9969362745098039
TRANSYLVANIA - WC,TRANSYLVANIA - B4,5,1,1632,0.0030637254901960784
TYRRELL - 1,TYRRELL - 1,208,35,208,1.0
TYRRELL - 14,TYRRELL - 14,89,32,89,1.0
TYRRELL - 15,TYRRELL - 15,477,26,477,1.0
TYRRELL - 16,TYRRELL - 16,32,39,32,1.0
TYRRELL - 2,TYRRELL - 2,1548,133,1548,1.0
TYRRELL - 2,TYRRELL - 15,0,2,1548,0.0
TYRRELL - 3,TYRRELL - 3,220,59,220,1.0
UNION - 001,UNION - 001,2382,99,2382,1.0
UNION - 001,UNION - 043,0,1,2382,0.0
UNION - 002,UNION - 002,2343,98,2351,0.9965971926839643
UNION - 002,UNION - 007,8,1,2351,0.0034028073160357296
UNION - 003,UNION - 003,1989,39,1989,1.0
UNION - 004,UNION - 004,2614,82,2614,1.0
UNION - 004,UNION - 034,0,2,2614,0.0
UNION - 005,UNION - 0005,3770,101,3770,1.0
UNION - 006,UNION - 006,2089,104,2089,1.0
UNION - 007,UNION - 007,3903,79,3903,1.0
UNION - 008,UNION - 008,4398,111,4398,1.0
UNION - 009,UNION - 009,1725,90,1820,0.9478021978021978
UNION - 009,UNION - 027,95,1,1820,0.0521978021978022
UNION - 010,UNION - 010,1641,131,1641,1.0
UNION - 011,UNION - 011,2662,93,2662,1.0
UNION - 012,UNION - 012,2555,81,2555,1.0
UNION - 013,UNION - 013,2827,52,2827,1.0
UNION - 014,UNION - 014,1694,83,1694,1.0
UNION - 014,UNION - 038A,0,1,1694,0.0
UNION - 015,UNION - 015,5201,108,5201,1.0
UNION - 016,UNION - 016,5863,178,5863,1.0
UNION - 017A,UNION - 017A,3287,40,3287,1.0
UNION - 017B,UNION - 017B,4586,189,4586,1.0
UNION - 018,UNION - 018,2989,52,2989,1.0
UNION - 019,UNION - 0019,4159,93,6074,0.6847217648995719
UNION - 019,UNION - 0045,1915,41,6074,0.3152782351004281
UNION - 019,UNION - 0020B,0,1,6074,0.0
UNION - 020A,UNION - 0020A,3633,95,6013,0.6041909196740396
UNION - 020A,UNION - 0044,2380,82,6013,0.3958090803259604
UNION - 020A,UNION - 028D,0,1,6013,0.0
UNION - 020B,UNION - 0020B,3777,90,4628,0.8161192739844425
UNION - 020B,UNION - 0045,851,18,4628,0.18388072601555747
UNION - 021,UNION - 021,2690,91,2690,1.0
UNION - 022,UNION - 022,2631,36,2631,1.0
UNION - 023,UNION - 023,2412,47,2412,1.0
UNION - 023,UNION - 003,0,1,2412,0.0
UNION - 024,UNION - 024,2730,52,2730,1.0
UNION - 025,UNION - 025,2297,81,2297,1.0
UNION - 026,UNION - 026,2356,75,2385,0.9878406708595387
UNION - 026,UNION - 027,29,1,2385,0.012159329140461216
UNION - 027,UNION - 027,2004,98,2004,1.0
UNION - 027,UNION - 036,0,2,2004,0.0
UNION - 028A,UNION - 028A,5210,109,5210,1.0
UNION - 028B,UNION - 028B,3943,36,3943,1.0
UNION - 028C,UNION - 028C,3224,35,3454,0.9334105385060799
UNION - 028C,UNION - 041,230,1,3454,0.06658946149392009
UNION - 028D,UNION - 028D,4967,115,4967,1.0
UNION - 028D,UNION - 0020A,0,1,4967,0.0
UNION - 029A,UNION - 029A,5115,55,5115,1.0
UNION - 029B,UNION - 029B,1769,18,1769,1.0
UNION - 029C,UNION - 029C,2841,52,2841,1.0
UNION - 030,UNION - 0030,4608,43,5481,0.8407224958949097
UNION - 030,UNION - 0005,873,8,5481,0.1592775041050903
UNION - 031,UNION - 031,4376,69,4376,1.0
UNION - 032,UNION - 032,3408,53,3408,1.0
UNION - 033,UNION - 033,2647,80,2654,0.9973624717407686
UNION - 033,UNION - 0020B,7,2,2654,0.0026375282592313487
UNION - 034,UNION - 034,3883,153,3883,1.0
UNION - 035,UNION - 035,1825,31,1941,0.9402369912416281
UNION - 035,UNION - 037B,116,1,1941,0.059763008758371976
UNION - 036,UNION - 036,2410,118,2410,1.0
UNION - 037A,UNION - 037A,6138,130,6138,1.0
UNION - 037A,UNION - 035,0,1,6138,0.0
UNION - 037B,UNION - 037B,1384,16,1384,1.0
UNION - 038A,UNION - 038A,5024,77,5024,1.0
UNION - 038B,UNION - 038B,2576,49,2576,1.0
UNION - 039,UNION - 039,2700,124,2700,1.0
UNION - 040,UNION - 040,3807,90,3807,1.0
UNION - 041,UNION - 041,4254,62,4254,1.0
UNION - 042,UNION - 042,2483,72,2483,1.0
UNION - 043,UNION - 043,1561,104,1561,1.0
UNION - 043,UNION - 004,0,1,1561,0.0
VANCE - CC,VANCE - CC,2797,69,2797,1.0
VANCE - EH1,VANCE - CH,2272,111,2272,1.0
VANCE - EH1,VANCE - NV,0,1,2272,0.0
VANCE - HTOP,VANCE - SH,893,47,893,1.0
VANCE - KITT,VANCE - KITT,3963,135,3963,1.0
VANCE - MIDD,VANCE - MIDD,2831,106,2831,1.0
VANCE - NH,VANCE - NH,3663,86,3663,1.0
VANCE - NH1,VANCE - CH,2266,118,2271,0.9977983267283135
VANCE - NH1,VANCE - NV,5,1,2271,0.002201673271686482
VANCE - NV,VANCE - NV,1621,81,1621,1.0
VANCE - SCRK,VANCE - SCRK,4760,76,4760,1.0
VANCE - SH1,VANCE - SH,2391,107,2391,1.0
VANCE - SH2,VANCE - SH,1123,54,1123,1.0
VANCE - WH,VANCE - WH,4286,133,4286,1.0
WAKE - 01-01,WAKE - 01-01,2653,54,2653,1.0
WAKE - 01-02,WAKE - 01-02,2843,43,2843,1.0
WAKE - 01-03,WAKE - 01-03,2035,47,2035,1.0
WAKE - 01-04,WAKE - 01-04,1261,29,1261,1.0
WAKE - 01-05,WAKE - 01-05,1174,33,1174,1.0
WAKE - 01-06,WAKE - 01-06,3562,59,3562,1.0
WAKE - 01-07,WAKE - 01-07,3390,68,3390,1.0
WAKE - 01-09,WAKE - 01-09,1278,31,1278,1.0
WAKE - 01-10,WAKE - 01-10,1481,35,1481,1.0
WAKE - 01-11,WAKE - 01-11,2482,43,2482,1.0
WAKE - 01-11,WAKE - 01-29,0,1,2482,0.0
WAKE - 01-12,WAKE - 01-12,2222,43,2222,1.0
WAKE - 01-13,WAKE - 01-13,1781,51,1781,1.0
WAKE - 01-14,WAKE - 01-14,3918,116,3918,1.0
WAKE - 01-15,WAKE - 01-15,2862,26,2862,1.0
WAKE - 01-15,WAKE - 01-36,0,1,2862,0.0
WAKE - 01-16,WAKE - 01-16,3650,41,3650,1.0
WAKE - 01-16,WAKE - 01-33,0,1,3650,0.0
WAKE - 01-17,WAKE - 01-17,1202,27,1202,1.0
WAKE - 01-18,WAKE - 01-18,4015,49,4015,1.0
WAKE - 01-19,WAKE - 01-19,2420,38,2420,1.0
WAKE - 01-20,WAKE - 01-20,3802,88,3802,1.0
WAKE - 01-21,WAKE - 01-21,6703,117,6703,1.0
WAKE - 01-22,WAKE - 01-22,4820,51,4820,1.0
WAKE - 01-23,WAKE - 01-23,13946,101,13946,1.0
WAKE - 01-23,WAKE - 01-27,0,1,13946,0.0
WAKE - 01-25,WAKE - 01-25,799,31,799,1.0
WAKE - 01-26,WAKE - 01-26,4910,70,4910,1.0
WAKE - 01-27,WAKE - 01-27,3192,112,3192,1.0
WAKE - 01-28,WAKE - 01-28,5618,99,5661,0.9924041688747571
WAKE - 01-28,WAKE - 01-13,43,1,5661,0.00759583112524289
WAKE - 01-28,WAKE - 17-01,0,1,5661,0.0
WAKE - 01-29,WAKE - 01-29,2351,38,2351,1.0
WAKE - 01-30,WAKE - 01-30,1262,21,1262,1.0
WAKE - 01-31,WAKE - 01-31,7409,77,7409,1.0
WAKE - 01-32,WAKE - 01-32,3829,40,3829,1.0
WAKE - 01-33,WAKE - 01-33,1861,28,1861,1.0
WAKE - 01-34,WAKE - 01-34,2353,59,2353,1.0
WAKE - 01-35,WAKE - 01-35,3143,76,3143,1.0
WAKE - 01-36,WAKE - 01-36,3189,38,3189,1.0
WAKE - 01-37,WAKE - 01-37,1937,30,1937,1.0
WAKE - 01-38,WAKE - 01-38,3036,48,3036,1.0
WAKE - 01-38,WAKE - 01-28,0,1,3036,0.0
WAKE - 01-39,WAKE - 01-39,3280,23,3280,1.0
WAKE - 01-40,WAKE - 01-40,5885,79,5885,1.0
WAKE - 01-41,WAKE - 01-41,3767,23,3767,1.0
WAKE - 01-42,WAKE - 01-42,2927,27,2927,1.0
WAKE - 01-43,WAKE - 01-43,3351,25,3351,1.0
WAKE - 01-44,WAKE - 01-44,4856,36,4856,1.0
WAKE - 01-45,WAKE - 01-45,2440,16,2440,1.0
WAKE - 01-46,WAKE - 01-46,5343,50,5343,1.0
WAKE - 01-47,WAKE - 01-47,2159,27,2159,1.0
WAKE - 01-48,WAKE - 01-48,2694,28,2694,1.0
WAKE - 01-49,WAKE - 01-49,5185,63,5185,1.0
WAKE - 01-49,WAKE - 11-01,0,1,5185,0.0
WAKE - 01-50,WAKE - 01-50,3483,50,3483,1.0
WAKE - 01-51,WAKE - 01-51,1186,11,1186,1.0
WAKE - 02-01,WAKE - 02-01,3229,47,3229,1.0
WAKE - 02-02,WAKE - 02-02,5772,62,5772,1.0
WAKE - 02-03,WAKE - 02-03,2902,32,2902,1.0
WAKE - 02-03,WAKE - 14-02,0,1,2902,0.0
WAKE - 02-04,WAKE - 02-04,2481,48,2481,1.0
WAKE - 02-04,WAKE - 13-10,0,1,2481,0.0
WAKE - 02-05,WAKE - 02-05,972,12,972,1.0
WAKE - 02-06,WAKE - 02-06,2458,50,2458,1.0
WAKE - 02-06,WAKE - 13-02,0,1,2458,0.0
WAKE - 03-00,WAKE - 03-01,4665,104,6901,0.6759889871033183
WAKE - 03-00,WAKE - 03-02,2236,143,6901,0.32401101289668166
WAKE - 04-01,WAKE - 04-01,2779,43,2779,1.0
WAKE - 04-02,WAKE - 04-02,3818,63,3818,1.0
WAKE - 04-02,WAKE - 01-49,0,1,3818,0.0
WAKE - 04-03,WAKE - 04-03,2803,26,2803,1.0
WAKE - 04-03,WAKE - 01-49,0,1,2803,0.0
WAKE - 04-04,WAKE - 04-04,2460,16,2460,1.0
WAKE - 04-05,WAKE - 04-05,3858,148,3858,1.0
WAKE - 04-06,WAKE - 04-06,3428,38,3428,1.0
WAKE - 04-07,WAKE - 04-07,2710,31,2710,1.0
WAKE - 04-08,WAKE - 04-08,3051,36,3051,1.0
WAKE - 04-09,WAKE - 04-09,3088,41,3088,1.0
WAKE - 04-10,WAKE - 04-10,3142,34,3142,1.0
WAKE - 04-10,WAKE - 04-14,0,1,3142,0.0
WAKE - 04-10,WAKE - 20-03,0,1,3142,0.0
WAKE - 04-11,WAKE - 04-11,2084,43,2084,1.0
WAKE - 04-12,WAKE - 04-12,2960,28,2960,1.0
WAKE - 04-13,WAKE - 04-13,4940,56,4940,1.0
WAKE - 04-13,WAKE - 04-10,0,1,4940,0.0
WAKE - 04-13,WAKE - 04-19,0,2,4940,0.0
WAKE - 04-14,WAKE - 04-14,1768,20,1768,1.0
WAKE - 04-14,WAKE - 04-10,0,1,1768,0.0
WAKE - 04-15,WAKE - 04-15,2740,39,2740,1.0
WAKE - 04-16,WAKE - 04-16,2279,24,2279,1.0
WAKE - 04-17,WAKE - 04-17,2138,29,2138,1.0
WAKE - 04-18,WAKE - 04-18,3822,42,3822,1.0
WAKE - 04-18,WAKE - 04-17,0,1,3822,0.0
WAKE - 04-19,WAKE - 04-19,1790,16,1790,1.0
WAKE - 04-20,WAKE - 04-20,4233,60,4233,1.0
WAKE - 04-21,WAKE - 04-21,2912,25,2912,1.0
WAKE - 05-01,WAKE - 05-01,5847,52,5847,1.0
WAKE - 05-03,WAKE - 05-03,6602,98,6602,1.0
WAKE - 05-03,WAKE - 04-09,0,1,6602,0.0
WAKE - 05-03,WAKE - 05-01,0,1,6602,0.0
WAKE - 05-05,WAKE - 05-05,9907,246,9907,1.0
WAKE - 05-05,WAKE - 07-10,0,1,9907,0.0
WAKE - 05-06,WAKE - 05-06,5764,111,5764,1.0
WAKE - 05-07,WAKE - 05-09,5618,86,10122,0.5550286504643351
WAKE - 05-07,WAKE - 05-10,4504,93,10122,0.44497134953566486
WAKE - 05-08,WAKE - 05-08,7068,195,7068,1.0
WAKE - 06-04,WAKE - 06-04,4897,86,4897,1.0
WAKE - 06-05,WAKE - 06-05,3206,58,3206,1.0
WAKE - 06-06,WAKE - 06-06,7057,116,7057,1.0
WAKE - 06-07,WAKE - 06-07,3914,64,3914,1.0
WAKE - 06-08,WAKE - 06-08,2420,50,2420,1.0
WAKE - 06-08,WAKE - 06-11,0,1,2420,0.0
WAKE - 06-09,WAKE - 06-12,6903,116,7963,0.8668843400728369
WAKE - 06-09,WAKE - 06-11,1060,53,7963,0.13311565992716312
WAKE - 06-10,WAKE - 06-10,4250,129,4250,1.0
WAKE - 06-10,WAKE - 06-08,0,1,4250,0.0
WAKE - 07-01,WAKE - 07-01,2176,36,2176,1.0
WAKE - 07-02,WAKE - 07-02,1838,36,1838,1.0
WAKE - 07-03,WAKE - 07-03,1591,15,1591,1.0
WAKE - 07-04,WAKE - 07-04,5045,40,5045,1.0
WAKE - 07-05,WAKE - 07-05,2064,16,2064,1.0
WAKE - 07-06,WAKE - 07-06,3798,36,3798,1.0
WAKE - 07-07,WAKE - 07-07,4924,61,4924,1.0
WAKE - 07-09,WAKE - 07-09,4173,45,4173,1.0
WAKE - 07-09,WAKE - 01-11,0,1,4173,0.0
WAKE - 07-10,WAKE - 07-10,6611,105,6611,1.0
WAKE - 07-10,WAKE - 05-05,0,1,6611,0.0
WAKE - 07-11,WAKE - 07-11,1190,12,1190,1.0
WAKE - 07-12,WAKE - 07-12,3497,43,3497,1.0
WAKE - 07-13,WAKE - 07-13,2609,29,2609,1.0
WAKE - 08-02,WAKE - 08-02,4324,64,4324,1.0
WAKE - 08-03,WAKE - 08-03,6706,96,6706,1.0
WAKE - 08-04,WAKE - 08-04,1665,10,1665,1.0
WAKE - 08-05,WAKE - 08-05,2149,40,2149,1.0
WAKE - 08-06,WAKE - 08-06,3149,31,3149,1.0
WAKE - 08-07,WAKE - 08-07,2527,29,2527,1.0
WAKE - 08-08,WAKE - 08-08,4435,47,4435,1.0
WAKE - 08-09,WAKE - 08-09,2470,31,2470,1.0
WAKE - 08-10,WAKE - 08-10,3330,54,3330,1.0
WAKE - 08-11,WAKE - 08-11,4739,80,4739,1.0
WAKE - 09-01,WAKE - 09-01,2914,61,2914,1.0
WAKE - 09-02,WAKE - 09-02,4769,156,4769,1.0
WAKE - 09-02,WAKE - 09-03,0,2,4769,0.0
WAKE - 09-03,WAKE - 09-03,4242,104,4242,1.0
WAKE - 09-03,WAKE - 09-02,0,1,4242,0.0
WAKE - 10-01,WAKE - 10-01,1668,59,1668,1.0
WAKE - 10-02,WAKE - 10-02,5568,115,5568,1.0
WAKE - 10-03,WAKE - 10-03,3490,144,3490,1.0
WAKE - 10-05,WAKE - 10-05,3957,71,3957,1.0
WAKE - 10-06,WAKE - 10-06,5811,121,5811,1.0
WAKE - 11-01,WAKE - 11-01,7748,135,7748,1.0
WAKE - 11-02,WAKE - 11-02,5802,60,5802,1.0
WAKE - 12-01,WAKE - 12-13,3791,82,6978,0.5432788764689023
WAKE - 12-01,WAKE - 12-12,3187,51,6978,0.45672112353109773
WAKE - 12-02,WAKE - 12-02,5780,117,5780,1.0
WAKE - 12-04,WAKE - 12-04,6123,95,6123,1.0
WAKE - 12-06,WAKE - 12-06,4769,110,4769,1.0
WAKE - 12-07,WAKE - 12-07,3654,79,3654,1.0
WAKE - 12-08,WAKE - 12-08,5397,126,5397,1.0
WAKE - 12-09,WAKE - 12-09,6092,110,6092,1.0
WAKE - 12-10,WAKE - 12-10,5060,90,5060,1.0
WAKE - 12-11,WAKE - 12-11,3711,62,3711,1.0
WAKE - 13-01,WAKE - 13-12,5394,67,7986,0.6754320060105184
WAKE - 13-01,WAKE - 13-13,2592,60,7986,0.3245679939894816
WAKE - 13-01,WAKE - 13-09,0,1,7986,0.0
WAKE - 13-02,WAKE - 13-02,2208,23,2208,1.0
WAKE - 13-05,WAKE - 13-05,3295,81,3295,1.0
WAKE - 13-06,WAKE - 13-06,3411,46,3411,1.0
WAKE - 13-07,WAKE - 13-07,3320,48,3320,1.0
WAKE - 13-08,WAKE - 13-08,4410,51,4410,1.0
WAKE - 13-09,WAKE - 13-09,5855,74,5855,1.0
WAKE - 13-10,WAKE - 13-10,6221,105,6221,1.0
WAKE - 13-10,WAKE - 13-09,0,1,6221,0.0
WAKE - 13-11,WAKE - 13-11,3425,66,3425,1.0
WAKE - 14-01,WAKE - 14-01,928,44,928,1.0
WAKE - 14-02,WAKE - 14-02,7022,84,7022,1.0
WAKE - 15-01,WAKE - 15-01,5015,50,5015,1.0
WAKE - 15-02,WAKE - 15-02,7211,64,7211,1.0
WAKE - 15-03,WAKE - 15-03,5692,49,5692,1.0
WAKE - 15-04,WAKE - 15-04,2573,42,2573,1.0
WAKE - 15-04,WAKE - 16-07,0,1,2573,0.0
WAKE - 16-01,WAKE - 16-01,4290,128,4290,1.0
WAKE - 16-02,WAKE - 16-02,6465,140,6465,1.0
WAKE - 16-03,WAKE - 16-03,2141,41,2141,1.0
WAKE - 16-04,WAKE - 16-04,3056,40,3056,1.0
WAKE - 16-05,WAKE - 16-05,3471,81,3471,1.0
WAKE - 16-05,WAKE - 16-02,0,1,3471,0.0
WAKE - 16-06,WAKE - 16-06,2146,45,2146,1.0
WAKE - 16-06,WAKE - 16-02,0,1,2146,0.0
WAKE - 16-07,WAKE - 16-07,3597,66,3597,1.0
WAKE - 16-09,WAKE - 16-09,5178,106,5178,1.0
WAKE - 16-10,WAKE - 16-10,5885,65,5885,1.0
WAKE - 16-11,WAKE - 16-11,4228,122,4228,1.0
WAKE - 17-01,WAKE - 17-01,4174,62,4174,1.0
WAKE - 17-02,WAKE - 17-02,2345,86,2345,1.0
WAKE - 17-03,WAKE - 17-03,7696,94,7696,1.0
WAKE - 17-04,WAKE - 17-15,3223,46,8993,0.3583898587790504
WAKE - 17-04,WAKE - 17-17,2893,47,8993,0.32169465139552983
WAKE - 17-04,WAKE - 17-16,2877,75,8993,0.3199154898254198
WAKE - 17-05,WAKE - 17-05,5072,72,5072,1.0
WAKE - 17-06,WAKE - 17-06,3317,55,3330,0.9960960960960961
WAKE - 17-06,WAKE - 17-12,13,1,3330,0.003903903903903904
WAKE - 17-07,WAKE - 17-07,5353,95,5353,1.0
WAKE - 17-07,WAKE - 01-40,0,1,5353,0.0
WAKE - 17-07,WAKE - 17-03,0,1,5353,0.0
WAKE - 17-07,WAKE - 17-12,0,1,5353,0.0
WAKE - 17-09,WAKE - 17-09,5059,81,5059,1.0
WAKE - 17-10,WAKE - 17-10,1963,28,1963,1.0
WAKE - 17-11,WAKE - 17-11,6367,88,6367,1.0
WAKE - 17-12,WAKE - 17-12,4255,59,4255,1.0
WAKE - 17-13,WAKE - 17-13,6354,108,6354,1.0
WAKE - 17-13,WAKE - 17-07,0,1,6354,0.0
WAKE - 18-01,WAKE - 18-01,7537,85,7537,1.0
WAKE - 18-02,WAKE - 18-02,4935,71,4935,1.0
WAKE - 18-03,WAKE - 18-03,2502,20,2502,1.0
WAKE - 18-04,WAKE - 18-04,5225,65,5225,1.0
WAKE - 18-04,WAKE - 01-21,0,1,5225,0.0
WAKE - 18-05,WAKE - 18-05,5039,91,5039,1.0
WAKE - 18-06,WAKE - 18-06,5423,79,5423,1.0
WAKE - 18-07,WAKE - 18-07,3845,53,3845,1.0
WAKE - 18-07,WAKE - 15-02,0,1,3845,0.0
WAKE - 18-08,WAKE - 18-08,5615,98,5615,1.0
WAKE - 18-08,WAKE - 01-32,0,1,5615,0.0
WAKE - 19-03,WAKE - 19-03,3820,100,3820,1.0
WAKE - 19-05,WAKE - 19-05,3442,80,3442,1.0
WAKE - 19-07,WAKE - 19-07,4972,116,4972,1.0
WAKE - 19-07,WAKE - 19-03,0,1,4972,0.0
WAKE - 19-09,WAKE - 19-09,5424,120,5424,1.0
WAKE - 19-11,WAKE - 19-11,4153,67,4153,1.0
WAKE - 19-12,WAKE - 19-23,4939,126,8264,0.5976524685382382
WAKE - 19-12,WAKE - 19-22,3325,72,8264,0.40234753146176183
WAKE - 19-13,WAKE - 19-13,2875,55,2875,1.0
WAKE - 19-14,WAKE - 19-14,3567,50,3567,1.0
WAKE - 19-15,WAKE - 19-15,3412,75,3412,1.0
WAKE - 19-15,WAKE - 19-11,0,1,3412,0.0
WAKE - 19-16,WAKE - 19-16,3348,58,3348,1.0
WAKE - 19-17,WAKE - 19-17,6320,83,6320,1.0
WAKE - 19-18,WAKE - 19-18,3657,57,3657,1.0
WAKE - 19-19,WAKE - 19-24,4066,65,6993,0.5814385814385814
WAKE - 19-19,WAKE - 19-25,2927,52,6993,0.41856141856141854
WAKE - 19-20,WAKE - 19-20,3452,53,3612,0.955703211517165
WAKE - 19-20,WAKE - 19-21,160,2,3612,0.044296788482835
WAKE - 19-21,WAKE - 19-21,5705,82,5705,1.0
WAKE - 20-01,WAKE - 20-01,5178,124,5178,1.0
WAKE - 20-03,WAKE - 20-03,4778,96,4781,0.9993725162099979
WAKE - 20-03,WAKE - 20-08,3,1,4781,0.0006274837900020916
WAKE - 20-04,WAKE - 20-04,4252,65,4252,1.0
WAKE - 20-04,WAKE - 20-08,0,1,4252,0.0
WAKE - 20-05,WAKE - 20-05,4404,49,4404,1.0
WAKE - 20-06A,WAKE - 20-06A,6204,130,6204,1.0
WAKE - 20-06B,WAKE - 20-06B,3736,50,3736,1.0
WAKE - 20-08,WAKE - 20-08,5631,93,5631,1.0
WAKE - 20-09,WAKE - 20-09,2848,56,2848,1.0
WAKE - 20-10,WAKE - 20-10,3683,27,3683,1.0
WAKE - 20-11,WAKE - 20-11,5922,103,5922,1.0
WAKE - 20-12,WAKE - 20-12,7001,187,7001,1.0
WAKE - 20-12,WAKE - 20-06B,0,1,7001,0.0
WAKE - 20-14,WAKE - 20-19,4346,68,7920,0.5487373737373737
WAKE - 20-14,WAKE - 20-20,3574,106,7920,0.45126262626262625
WAKE - 20-15,WAKE - 20-15,7233,144,7233,1.0
WAKE - 20-16,WAKE - 20-18,3944,87,5793,0.6808216813395477
WAKE - 20-16,WAKE - 20-19,1849,27,5793,0.31917831866045226
WAKE - 20-17,WAKE - 20-17,5752,123,5752,1.0
WARREN - 001,WARREN - 001,1127,60,1127,1.0
WARREN - 002,WARREN - 002,1006,67,1006,1.0
WARREN - 002,WARREN - 001,0,1,1006,0.0
WARREN - 003,WARREN - 003,989,68,989,1.0
WARREN - 004,WARREN - 004,841,42,841,1.0
WARREN - 005,WARREN - 005,1891,78,1891,1.0
WARREN - 006,WARREN - 006,1310,45,1310,1.0
WARREN - 007,WARREN - 007,888,20,888,1.0
WARREN - 008,WARREN - 008,1274,62,1274,1.0
WARREN - 009,WARREN - 009,580,42,580,1.0
WARREN - 010,WARREN - 010,1918,63,1918,1.0
WARREN - 011,WARREN - 011,351,24,351,1.0
WARREN - 012,WARREN - 012,1046,48,1046,1.0
WARREN - 012,WARREN - 002,0,1,1046,0.0
WARREN - 013,WARREN - 013,717,53,717,1.0
WARREN - 014,WARREN - 014,1354,58,1354,1.0
WASHINGTON - LM,WASHINGTON - LM,1891,148,1891,1.0
WASHINGTON - P1,WASHINGTON - P1,1325,65,1325,1.0
WASHINGTON - P2,WASHINGTON - P2,1013,69,1013,1.0
WASHINGTON - P3,WASHINGTON - P3,2538,81,2538,1.0
WASHINGTON - SC,WASHINGTON - SC,1197,102,1197,1.0
WASHINGTON - SK,WASHINGTON - SK,886,96,886,1.0
WASHINGTON - SK,WASHINGTON - SC,0,1,886,0.0
WATAUGA - 01,WATAUGA - 01,542,48,542,1.0
WATAUGA - 01,WATAUGA - 14,0,1,542,0.0
WATAUGA - 02,WATAUGA - 02,1092,66,1092,1.0
WATAUGA - 02,WATAUGA - 10,0,1,1092,0.0
WATAUGA - 03,WATAUGA - 03,2531,194,2531,1.0
WATAUGA - 04,WATAUGA - 04,3611,111,3611,1.0
WATAUGA - 04,WATAUGA - 03,0,1,3611,0.0
WATAUGA - 05,WATAUGA - 05,1689,34,1689,1.0
WATAUGA - 06,WATAUGA - 06,5042,29,5042,1.0
WATAUGA - 07,WATAUGA - 07,4139,108,4139,1.0
WATAUGA - 08,WATAUGA - 08,2354,98,2378,0.9899074852817493
WATAUGA - 08,WATAUGA - 07,24,1,2378,0.010092514718250631
WATAUGA - 08,WATAUGA - 02,0,1,2378,0.0
WATAUGA - 09,WATAUGA - 09,618,42,618,1.0
WATAUGA - 10,WATAUGA - 10,1165,73,1165,1.0
WATAUGA - 10,WATAUGA - 02,0,3,1165,0.0
WATAUGA - 11,WATAUGA - 11,2465,97,2468,0.9987844408427877
WATAUGA - 11,WATAUGA - 14,3,3,2468,0.0012155591572123178
WATAUGA - 12,WATAUGA - 12,3433,14,3471,0.9890521463555172
WATAUGA - 12,WATAUGA - 13,38,1,3471,0.010947853644482858
WATAUGA - 13,WATAUGA - 13,3897,58,3897,1.0
WATAUGA - 14,WATAUGA - 14,3361,104,3388,0.9920306965761512
WATAUGA - 14,WATAUGA - 18,27,1,3388,0.007969303423848878
WATAUGA - 14,WATAUGA - 01,0,1,3388,0.0
WATAUGA - 14,WATAUGA - 11,0,2,3388,0.0
WATAUGA - 15,WATAUGA - 15,3968,116,3968,1.0
WATAUGA - 16,WATAUGA - 16,155,17,155,1.0
WATAUGA - 17,WATAUGA - 17,688,44,688,1.0
WATAUGA - 18,WATAUGA - 18,1926,104,1926,1.0
WATAUGA - 19,WATAUGA - 19,3269,194,3269,1.0
WATAUGA - 20,WATAUGA - 20,553,78,553,1.0
WAYNE - 01,WAYNE - 01,2800,189,2800,1.0
WAYNE - 02,WAYNE - 02,4030,106,4030,1.0
WAYNE - 03,WAYNE - 03,3793,77,3793,1.0
WAYNE - 04,WAYNE - 04,4992,151,4992,1.0
WAYNE - 05,WAYNE - 05,3712,86,3712,1.0
WAYNE - 06,WAYNE - 06,2852,56,2852,1.0
WAYNE - 07,WAYNE - 07,5146,89,5146,1.0
WAYNE - 08,WAYNE - 08,3336,75,3336,1.0
WAYNE - 08,WAYNE - 09,0,2,3336,0.0
WAYNE - 09,WAYNE - 09,4069,106,4069,1.0
WAYNE - 09,WAYNE - 08,0,2,4069,0.0
WAYNE - 10,WAYNE - 10,2349,164,2349,1.0
WAYNE - 11,WAYNE - 11,2880,90,2880,1.0
WAYNE - 12,WAYNE - 12,3907,81,3907,1.0
WAYNE - 12,WAYNE - 22,0,1,3907,0.0
WAYNE - 13,WAYNE - 13,2184,76,2184,1.0
WAYNE - 14,WAYNE - 14,3392,91,3392,1.0
WAYNE - 15,WAYNE - 15,4281,154,4281,1.0
WAYNE - 16,WAYNE - 16,2893,91,2893,1.0
WAYNE - 17,WAYNE - 17,1967,161,1967,1.0
WAYNE - 17,WAYNE - 16,0,1,1967,0.0
WAYNE - 17,WAYNE - 27,0,1,1967,0.0
WAYNE - 18,WAYNE - 18,1929,98,1929,1.0
WAYNE - 1920,WAYNE - 1920,3436,130,3436,1.0
WAYNE - 21,WAYNE - 21,1878,84,1878,1.0
WAYNE - 22,WAYNE - 22,2131,52,2131,1.0
WAYNE - 23,WAYNE - 23,2904,103,2904,1.0
WAYNE - 23,WAYNE - 17,0,2,2904,0.0
WAYNE - 24,WAYNE - 24,2972,88,2986,0.9953114534494307
WAYNE - 24,WAYNE - 08,14,1,2986,0.004688546550569324
WAYNE - 2530,WAYNE - 2530,4645,278,4645,1.0
WAYNE - 26,WAYNE - 26,3085,89,3085,1.0
WAYNE - 27,WAYNE - 27,2055,54,2055,1.0
WAYNE - 28,WAYNE - 28,4866,108,4866,1.0
WAYNE - 29,WAYNE - 29,2004,87,2004,1.0
WILKES - 101,WILKES - 101,799,68,799,1.0
WILKES - 102,WILKES - 102,1769,78,1769,1.0
WILKES - 103,WILKES - 103,534,34,534,1.0
WILKES - 104,WILKES - 104,2269,51,2309,0.9826764833261152
WILKES - 104,WILKES - 118,40,1,2309,0.0173235166738848
WILKES - 105,WILKES - 105,1386,67,1386,1.0
WILKES - 105,WILKES - 117,0,2,1386,0.0
WILKES - 106,WILKES - 106,1037,53,1037,1.0
WILKES - 106,WILKES - 101,0,1,1037,0.0
WILKES - 106,WILKES - 120A,0,1,1037,0.0
WILKES - 107,WILKES - 107,3015,114,3015,1.0
WILKES - 108,WILKES - 108,1961,79,1961,1.0
WILKES - 108,WILKES - 128,0,1,1961,0.0
WILKES - 109,WILKES - 109,908,66,908,1.0
WILKES - 111,WILKES - 111,2169,58,2169,1.0
WILKES - 112,WILKES - 112,2416,91,2416,1.0
WILKES - 113A,WILKES - 113A,2304,191,2304,1.0
WILKES - 113A,WILKES - 109,0,1,2304,0.0
WILKES - 113A,WILKES - 119,0,1,2304,0.0
WILKES - 114,WILKES - 114,772,53,799,0.9662077596996246
WILKES - 114,WILKES - 115A,27,1,799,0.03379224030037547
WILKES - 115A,WILKES - 115A,4219,80,4219,1.0
WILKES - 115A,WILKES - 119,0,1,4219,0.0
WILKES - 117,WILKES - 117,1335,70,1335,1.0
WILKES - 118,WILKES - 118,3262,205,3265,0.9990811638591118
WILKES - 118,WILKES - 108,3,1,3265,0.0009188361408882082
WILKES - 118,WILKES - 104,0,1,3265,0.0
WILKES - 119,WILKES - 119,4695,100,4695,1.0
WILKES - 120,WILKES - 120A,2106,31,2106,1.0
WILKES - 121,WILKES - 120A,2491,38,2491,1.0
WILKES - 121,WILKES - 101,0,1,2491,0.0
WILKES - 122,WILKES - 122,822,66,822,1.0
WILKES - 123,WILKES - 123A,946,65,946,1.0
WILKES - 124,WILKES - 123A,1524,66,1524,1.0
WILKES - 125,WILKES - 125,881,65,881,1.0
WILKES - 126,WILKES - 126,902,85,902,1.0
WILKES - 127,WILKES - 127,2794,132,2794,1.0
WILKES - 127,WILKES - 104,0,1,2794,0.0
WILKES - 128,WILKES - 128,3068,125,3068,1.0
WILKES - 129,WILKES - 129,2197,78,2197,1.0
WILKES - 129,WILKES - 111,0,1,2197,0.0
WILKES - 129,WILKES - 127,0,1,2197,0.0
WILKES - 129,WILKES - 128,0,1,2197,0.0
WILSON - PRBL,WILSON - PRBL,2988,186,2988,1.0
WILSON - PRCR,WILSON - PRCR,2814,137,2814,1.0
WILSON - PRGA,WILSON - PRGA,2779,67,2779,1.0
WILSON - PROL,WILSON - PROL,4359,229,4359,1.0
WILSON - PROL,WILSON - PRTA,0,1,4359,0.0
WILSON - PRSA,WILSON - PRSA,1143,80,1143,1.0
WILSON - PRSP,WILSON - PRSP,2433,97,2433,1.0
WILSON - PRST,WILSON - PRST,1623,98,1623,1.0
WILSON - PRTA,WILSON - PRTA,7226,139,7226,1.0
WILSON - PRTA,WILSON - PROL,0,1,7226,0.0
WILSON - PRTO,WILSON - PRTO,4118,230,4118,1.0
WILSON - PRTO,WILSON - PRWR,0,1,4118,0.0
WILSON - PRWA,WILSON - PRWA,1317,56,1317,1.0
WILSON - PRWB,WILSON - PRWB,1522,101,1522,1.0
WILSON - PRWC,WILSON - PRWC,1860,52,1860,1.0
WILSON - PRWD,WILSON - PRWD,1715,65,1715,1.0
WILSON - PRWE,WILSON - PRWE,1707,63,1707,1.0
WILSON - PRWH,WILSON - PRWH,1035,85,1035,1.0
WILSON - PRWI,WILSON - PRWI,2303,92,2303,1.0
WILSON - PRWJ,WILSON - PRWJ,4154,95,4154,1.0
WILSON - PRWJ,WILSON - PRBL,0,1,4154,0.0
WILSON - PRWK,WILSON - PRWK,1513,37,1513,1.0
WILSON - PRWL,WILSON - PRWL,2602,48,2602,1.0
WILSON - PRWM,WILSON - PRWM,4518,97,4518,1.0
WILSON - PRWN,WILSON - PRWN,2697,70,2697,1.0
WILSON - PRWP,WILSON - PRWP,1671,31,1671,1.0
WILSON - PRWQ,WILSON - PRWQ,718,52,718,1.0
WILSON - PRWR,WILSON - PRWR,2240,136,2240,1.0
WILSON - PRWR,WILSON - PRWN,0,1,2240,0.0
YADKIN - BNVL,YADKIN - BNVL,3255,121,3255,1.0
YADKIN - DCRK,YADKIN - DCRK,2409,73,2409,1.0
YADKIN - EBND,YADKIN - EBND,2641,69,2641,1.0
YADKIN - FBSH,YADKIN - FBSH,3294,65,3294,1.0
YADKIN - NBCK,YADKIN - NBCK,1632,79,1632,1.0
YADKIN - NBCK,YADKIN - SBCK,0,1,1632,0.0
YADKIN - NFAL,YADKIN - NFAL,1200,41,1200,1.0
YADKIN - NKNB,YADKIN - NKNB,3510,148,3510,1.0
YADKIN - NLIB,YADKIN - NLIB,4832,140,4832,1.0
YADKIN - NLIB,YADKIN - SLIB,0,1,4832,0.0
YADKIN - SBCK,YADKIN - SBCK,1026,57,1026,1.0
YADKIN - SFAL,YADKIN - SFAL,1976,41,1976,1.0
YADKIN - SKNB,YADKIN - SKNB,1352,50,1352,1.0
YADKIN - SLIB,YADKIN - SLIB,2342,56,2342,1.0
YANCEY - 01 BUR,YANCEY - 01 BUR,3687,122,3687,1.0
YANCEY - 02 CAN,YANCEY - 02 CAN,1526,42,1526,1.0
YANCEY - 03 EGY,YANCEY - 03 EGY,631,47,631,1.0
YANCEY - 04 RAM,YANCEY - 04 RAM,385,35,385,1.0
YANCEY - 05 GRE,YANCEY - 05 GRE,493,17,493,1.0
YANCEY - 06 JAC,YANCEY - 06 JAC,1531,39,1531,1.0
YANCEY - 07 BRU,YANCEY - 07 BRU,457,20,457,1.0
YANCEY - 08 CRA,YANCEY - 08 CRA,2689,75,2689,1.0
YANCEY - 09 SOU,YANCEY - 09 SOU,1925,83,1925,1.0
YANCEY - 10 PEN,YANCEY - 10 PEN,532,38,532,1.0
YANCEY - 11 PRI,YANCEY - 11 PRI,1225,61,1225,1.0
YANCEY - 11 PRI,YANCEY - 01 BUR,0,1,1225,0.0
