sbe_precinct_id,onemap_precinct_id,vap_weight,block_count,src_vap_total,share
ALAMANCE - 01,ALAMANCE - 01,4066,98,4148,0.9802314368370298
ALAMANCE - 01,GUILFORD - GR,82,1,4148,0.019768563162970106
ALAMANCE - 01,RANDOLPH - LB,0,4,4148,0.0
ALAMANCE - 02,ALAMANCE - 02,3766,136,3766,1.0
ALAMANCE - 035,ALAMANCE - 035,7036,137,7036,1.0
ALAMANCE - 03C,ALAMANCE - 03C,2242,75,2242,1.0
ALAMANCE - 03N,ALAMANCE - 03N,5006,92,5015,0.9982053838484546
ALAMANCE - 03N,ALAMANCE - 03W,5,2,5015,0.0009970089730807576
ALAMANCE - 03N,ALAMANCE - 03C,4,1,5015,0.0007976071784646061
ALAMANCE - 03N2,ALAMANCE - 03N2,791,12,791,1.0
ALAMANCE - 03N2,ALAMANCE - 03N,0,2,791,0.0
ALAMANCE - 03S,ALAMANCE - 03SE,4636,122,8160,0.5681372549019608
ALAMANCE - 03S,ALAMANCE - 03SM,3524,70,8160,0.43186274509803924
ALAMANCE - 03W,ALAMANCE - 03W,3091,77,3097,0.9980626412657411
ALAMANCE - 03W,ALAMANCE - 035,6,1,3097,0.0019373587342589602
ALAMANCE - 03W,GUILFORD - GIB,0,3,3097,0.0
ALAMANCE - 04,ALAMANCE - 04,4307,128,4307,1.0
ALAMANCE - 04,CASWELL - STON,0,8,4307,0.0
ALAMANCE - 04,GUILFORD - SWASH,0,1,4307,0.0
ALAMANCE - 05,ALAMANCE - 05,2756,102,2756,1.0
ALAMANCE - 05,ALAMANCE - 13,0,1,2756,0.0
ALAMANCE - 05,CASWELL - ANDE,0,3,2756,0.0
ALAMANCE - 05,CASWELL - STON,0,1,2756,0.0
ALAMANCE - 063,ALAMANCE - 063,3561,79,3561,1.0
ALAMANCE - 064,ALAMANCE - 064,4952,103,4952,1.0
ALAMANCE - 06E,ALAMANCE - 06E,3169,86,3169,1.0
ALAMANCE - 06N,ALAMANCE - 06N,3587,118,3587,1.0
ALAMANCE - 06N,ALAMANCE - 063,0,1,3587,0.0
ALAMANCE - 06S,ALAMANCE - 06S,3986,107,3986,1.0
ALAMANCE - 06S,ALAMANCE - 07,0,1,3986,0.0
ALAMANCE - 06W,ALAMANCE - 06W,1573,36,1573,1.0
ALAMANCE - 07,ALAMANCE - 07,3475,67,3475,1.0
ALAMANCE - 08N,ALAMANCE - 08N,3066,57,3066,1.0
ALAMANCE - 08S,ALAMANCE - 08S,1647,64,1865,0.8831099195710456
ALAMANCE - 08S,ALAMANCE - 08N,218,1,1865,0.11689008042895442
ALAMANCE - 09N,ALAMANCE - 09N,2596,73,2596,1.0
ALAMANCE - 09S,ALAMANCE - 09S,5196,100,5204,0.9984627209838586
ALAMANCE - 09S,ORANGE - OG,5,3,5204,0.0009607993850883935
ALAMANCE - 09S,ORANGE - WC,3,4,5204,0.0005764796310530361
ALAMANCE - 103,ALAMANCE - 103,3551,91,3551,1.0
ALAMANCE - 103,ALAMANCE - 06S,0,1,3551,0.0
ALAMANCE - 10N,ALAMANCE - 10N,3699,121,3699,1.0
ALAMANCE - 10N,ORANGE - CX,0,1,3699,0.0
ALAMANCE - 10S,ALAMANCE - 10S1,6835,121,9294,0.7354207015278674
ALAMANCE - 10S,ALAMANCE - 104,2459,76,9294,0.2645792984721326
ALAMANCE - 10S,ALAMANCE - 10N,0,1,9294,0.0
ALAMANCE - 10S,ORANGE - CX,0,6,9294,0.0
ALAMANCE - 11,ALAMANCE - 11,3743,75,3786,0.9886423666138404
ALAMANCE - 11,ORANGE - CA,27,3,3786,0.0071315372424722665
ALAMANCE - 11,CASWELL - ANDE,16,8,3786,0.004226096143687269
ALAMANCE - 11,CASWELL - PH,0,1,3786,0.0
ALAMANCE - 1210,ALAMANCE - 1210,2413,38,2413,1.0
ALAMANCE - 124,ALAMANCE - 124,1991,61,1991,1.0
ALAMANCE - 125,ALAMANCE - 125,2415,61,2415,1.0
ALAMANCE - 126,ALAMANCE - 126,1682,38,1682,1.0
ALAMANCE - 127,ALAMANCE - 127,5610,144,5610,1.0
ALAMANCE - 128,ALAMANCE - 128,2815,84,2815,1.0
ALAMANCE - 129,ALAMANCE - 129,1932,75,1932,1.0
ALAMANCE - 12E,ALAMANCE - 12E,2632,98,2632,1.0
ALAMANCE - 12N,ALAMANCE - 12N,4789,127,4789,1.0
ALAMANCE - 12S,ALAMANCE - 12S,1956,68,1956,1.0
ALAMANCE - 12W,ALAMANCE - 12W,2289,98,2289,1.0
ALAMANCE - 13,ALAMANCE - 13,4674,227,4701,0.994256541161455
ALAMANCE - 13,ALAMANCE - 06E,14,4,4701,0.0029780897681344395
ALAMANCE - 13,ALAMANCE - 063,13,2,4701,0.002765369070410551
ALAMANCE - 13,ALAMANCE - 10N,0,2,4701,0.0
ALEXANDER - B1,ALEXANDER - B1,3088,73,3088,1.0
ALEXANDER - B2,ALEXANDER - B2,3594,63,3594,1.0
ALEXANDER - E,ALEXANDER - E,2563,87,2563,1.0
ALEXANDER - G1G2,ALEXANDER - G1G2,1695,111,1724,0.9831786542923434
ALEXANDER - G1G2,IREDELL - NH,25,6,1724,0.014501160092807424
ALEXANDER - G1G2,IREDELL - SB,4,2,1724,0.002320185614849188
ALEXANDER - LRSL,ALEXANDER - LRSL,2066,92,2066,1.0
ALEXANDER - M,ALEXANDER - M,2039,43,2039,1.0
ALEXANDER - S1S2,ALEXANDER - S1S2,3320,124,3320,1.0
ALEXANDER - T1T4T5,ALEXANDER - T1T4T5,5857,149,5857,1.0
ALEXANDER - T2T3,ALEXANDER - T2T3,3215,143,3215,1.0
ALEXANDER - W,ALEXANDER - W,1835,32,1835,1.0
ALLEGHANY - 01,ALLEGHANY - 01,1304,118,1307,0.9977046671767407
ALLEGHANY - 01,WILKES - 123A,3,2,1307,0.0022953328232593728
ALLEGHANY - 03A,ALLEGHANY - 03A,4239,259,4244,0.9988218661639963
ALLEGHANY - 03A,WILKES - 126,5,3,4244,0.00117813383600377
ALLEGHANY - 04,ALLEGHANY - 04,1598,96,1613,0.990700557966522
ALLEGHANY - 04,SURRY - 09,15,6,1613,0.009299442033477991
ALLEGHANY - 06A,ALLEGHANY - 06A,1772,221,1772,1.0
ALLEGHANY - 06A,ASHE - 11,0,3,1772,0.0
ALLEGHANY - 06A,ASHE - 15,0,2,1772,0.0
ANSON - ANS,ANSON - ANS,1109,142,1109,1.0
ANSON - BURN,ANSON - BURN,1383,99,1383,1.0
ANSON - GULL,ANSON - GULL,1065,73,1065,1.0
ANSON - LILE,ANSON - LILE,2296,236,2296,1.0
ANSON - MM,ANSON - MM,1194,123,1194,1.0
ANSON - PEAC,ANSON - PEAC,1381,128,1394,0.990674318507891
ANSON - PEAC,UNION - 036,13,4,1394,0.009325681492109038
ANSON - PEAC,ANSON - POLK,0,1,1394,0.0
ANSON - POLK,ANSON - POLK,1130,83,1130,1.0
ANSON - W1,ANSON - WADES,2176,154,2176,1.0
ANSON - W2,ANSON - WADES,3091,93,3091,1.0
ANSON - W3,ANSON - WADES,2656,104,2656,1.0
ANSON - WS,ANSON - WS,364,74,364,1.0
ASHE - 02,ASHE - 02,1357,45,1357,1.0
ASHE - 03,ASHE - 03,482,25,482,1.0
ASHE - 04,ASHE - 04,482,39,482,1.0
ASHE - 04,WATAUGA - 01,0,1,482,0.0
ASHE - 06,ASHE - 06,538,31,538,1.0
ASHE - 07,ASHE - 07,470,31,470,1.0
ASHE - 08,ASHE - 08,226,20,226,1.0
ASHE - 09,ASHE - 09,3920,160,3920,1.0
ASHE - 10,ASHE - 10,304,12,304,1.0
ASHE - 11,ASHE - 11,2321,130,2321,1.0
ASHE - 12,ASHE - 12,736,26,736,1.0
ASHE - 13,ASHE - 13,1078,72,1078,1.0
ASHE - 14,ASHE - 14,2383,89,2383,1.0
ASHE - 15,ASHE - 15,986,68,998,0.9879759519038076
ASHE - 15,ALLEGHANY - 06A,6,8,998,0.006012024048096192
ASHE - 15,WILKES - 125,6,1,998,0.006012024048096192
ASHE - 16,ASHE - 16,1999,106,1999,1.0
ASHE - 16,WILKES - 113A,0,1,1999,0.0
ASHE - 17,ASHE - 17,899,44,899,1.0
ASHE - 18,ASHE - 18,195,19,195,1.0
ASHE - 20,ASHE - 20,3471,207,3471,1.0
AVERY - 01,AVERY - 01,912,62,912,1.0
AVERY - 02,AVERY - 02,2873,221,2873,1.0
AVERY - 02,WATAUGA - 20,0,2,2873,0.0
AVERY - 03,AVERY - 03,495,39,495,1.0
AVERY - 04,AVERY - 04,120,46,124,0.967741935483871
AVERY - 04,CALDWELL - 2,4,2,124,0.03225806451612903
AVERY - 05,AVERY - 05,410,27,410,1.0
AVERY - 06,AVERY - 06,981,67,981,1.0
AVERY - 07,AVERY - 07,223,9,223,1.0
AVERY - 08,AVERY - 08,268,23,268,1.0
AVERY - 09,AVERY - 09,355,17,355,1.0
AVERY - 10,AVERY - 10,2675,34,2675,1.0
AVERY - 11,AVERY - 11,565,73,565,1.0
AVERY - 12,AVERY - 12,309,12,309,1.0
AVERY - 13,AVERY - 13,527,21,527,1.0
AVERY - 14,AVERY - 14,926,52,926,1.0
AVERY - 15,AVERY - 15,837,58,837,1.0
AVERY - 16,AVERY - 16,1371,110,1371,1.0
AVERY - 17,AVERY - 17,527,26,527,1.0
AVERY - 18,AVERY - 18,360,22,360,1.0
AVERY - 19,AVERY - 19,364,20,364,1.0
BEAUFORT - AUROR,BEAUFORT - AUROR,1079,205,1079,1.0
BEAUFORT - BEADM,BEAUFORT - BEADM,1885,57,1885,1.0
BEAUFORT - BELHV,BEAUFORT - BELHV,1639,133,1639,1.0
BEAUFORT - BELHV,HYDE - BM,0,1,1639,0.0
BEAUFORT - BLCK,BEAUFORT - BLCK,861,83,861,1.0
BEAUFORT - BLCK,CRAVEN - TE13,0,1,861,0.0
BEAUFORT - CHOCO,BEAUFORT - CHOCO,4281,205,4289,0.9981347633480998
BEAUFORT - CHOCO,PITT - 1101,8,1,4289,0.0018652366519002097
BEAUFORT - EDWAR,BEAUFORT - EDWAR,1043,137,1049,0.994280266920877
BEAUFORT - EDWAR,CRAVEN - TE13,6,1,1049,0.005719733079122974
BEAUFORT - GILEA,BEAUFORT - GILEA,2035,45,2035,1.0
BEAUFORT - HB,BEAUFORT - HB,854,58,854,1.0
BEAUFORT - HB,BEAUFORT - NCRK,0,1,854,0.0
BEAUFORT - NCRK,BEAUFORT - NCRK,1364,96,1364,1.0
BEAUFORT - OLDF,BEAUFORT - OLDF,1583,62,1583,1.0
BEAUFORT - PANTE,BEAUFORT - PANTE,1246,88,1246,1.0
BEAUFORT - PINET,BEAUFORT - PINET,927,109,927,1.0
BEAUFORT - PSJW3,BEAUFORT - PSJW3,1568,73,1568,1.0
BEAUFORT - RVRD,BEAUFORT - RVRD,2430,43,2430,1.0
BEAUFORT - SURBA,BEAUFORT - SURBA,1862,110,1862,1.0
BEAUFORT - TCRK,BEAUFORT - TCRK,2586,129,2586,1.0
BEAUFORT - WASH1,BEAUFORT - WASH1,1672,98,1672,1.0
BEAUFORT - WASH2,BEAUFORT - WASH2,1672,142,1672,1.0
BEAUFORT - WASH4,BEAUFORT - WASH4,2544,88,2544,1.0
BEAUFORT - WASHP,BEAUFORT - WASHP,1220,54,1220,1.0
BEAUFORT - WDPD,BEAUFORT - WDPD,1654,39,1654,1.0
BERTIE - C1,BERTIE - C1,952,45,952,1.0
BERTIE - C2,BERTIE - C2,1424,48,1424,1.0
BERTIE - IW,BERTIE - IW,340,26,340,1.0
BERTIE - M1,BERTIE - M1,748,39,748,1.0
BERTIE - M2,BERTIE - M2,860,71,860,1.0
BERTIE - MH,BERTIE - MH,751,70,751,1.0
BERTIE - MH,MARTIN - JMV,0,1,751,0.0
BERTIE - RX,BERTIE - RX,1081,90,1081,1.0
BERTIE - SN,BERTIE - SN,852,40,852,1.0
BERTIE - W1,BERTIE - W1,5279,216,5279,1.0
BERTIE - W2,BERTIE - W2,707,27,707,1.0
BERTIE - WD,BERTIE - WD,807,71,807,1.0
BERTIE - WH,BERTIE - WH,1095,55,1095,1.0
BLADEN - P10,BLADEN - P10,742,75,742,1.0
BLADEN - P15,BLADEN - P15,2894,136,2894,1.0
BLADEN - P15,ROBESON - 08,0,1,2894,0.0
BLADEN - P201,BLADEN - P201,1395,115,1395,1.0
BLADEN - P201,COLUMBUS - P15,0,2,1395,0.0
BLADEN - P202,BLADEN - P202,2631,101,2631,1.0
BLADEN - P25,BLADEN - P25,1099,120,1105,0.9945701357466064
BLADEN - P25,COLUMBUS - P82,6,3,1105,0.005429864253393665
BLADEN - P30,BLADEN - P30,1291,118,1335,0.9670411985018726
BLADEN - P30,COLUMBUS - P02B,32,7,1335,0.02397003745318352
BLADEN - P30,COLUMBUS - P14,8,2,1335,0.00599250936329588
BLADEN - P30,COLUMBUS - P16B,4,2,1335,0.00299625468164794
BLADEN - P35,BLADEN - P35,763,46,763,1.0
BLADEN - P40,BLADEN - P40,1604,147,1604,1.0
BLADEN - P45,BLADEN - P45,594,57,594,1.0
BLADEN - P501,BLADEN - P501,2706,163,2706,1.0
BLADEN - P502,BLADEN - P502,1940,113,1940,1.0
BLADEN - P55,BLADEN - P55,650,89,650,1.0
BLADEN - P60,BLADEN - P60,1598,112,1598,1.0
BLADEN - P65,BLADEN - P65,630,68,630,1.0
BLADEN - P70,BLADEN - P70,454,54,454,1.0
BLADEN - P75,BLADEN - P75,1208,106,1215,0.994238683127572
BLADEN - P75,COLUMBUS - P16B,7,2,1215,0.005761316872427984
BLADEN - P75,COLUMBUS - P117,0,4,1215,0.0
BLADEN - P80,BLADEN - P80,1205,90,1205,1.0
BRUNSWICK - 01,BRUNSWICK - NB01,2112,123,2112,1.0
BRUNSWICK - 01,COLUMBUS - P14,0,1,2112,0.0
BRUNSWICK - 02,BRUNSWICK - NB02,7219,206,8583,0.8410812070371665
BRUNSWICK - 02,BRUNSWICK - NB05,1364,25,8583,0.1589187929628335
BRUNSWICK - 03,BRUNSWICK - NB05,2009,65,2009,1.0
BRUNSWICK - 03,BRUNSWICK - NB02,0,4,2009,0.0
BRUNSWICK - 03,NEW HANOVER - CF01,0,6,2009,0.0
BRUNSWICK - 04A,BRUNSWICK - NB07,7565,168,11624,0.6508086717136958
BRUNSWICK - 04A,BRUNSWICK - NB06,3952,76,11624,0.33998623537508604
BRUNSWICK - 04A,NEW HANOVER - W03,80,3,11624,0.006882312456985547
BRUNSWICK - 04A,BRUNSWICK - SB02,27,2,11624,0.002322780454232622
BRUNSWICK - 04A,NEW HANOVER - W26,0,1,11624,0.0
BRUNSWICK - 04B1,BRUNSWICK - NB04,3547,68,3547,1.0
BRUNSWICK - 04C1,BRUNSWICK - NB04,3099,41,3754,0.8255194459243473
BRUNSWICK - 04C1,BRUNSWICK - NB05,655,7,3754,0.17448055407565263
BRUNSWICK - 04C1,BRUNSWICK - NB07,0,1,3754,0.0
BRUNSWICK - 05,BRUNSWICK - NB03,4662,211,4713,0.9891788669637174
BRUNSWICK - 05,BRUNSWICK - NB06,51,5,4713,0.010821133036282623
BRUNSWICK - 05,COLUMBUS - P14,0,3,4713,0.0
BRUNSWICK - 06,BRUNSWICK - SB01,1890,113,1890,1.0
BRUNSWICK - 06,BRUNSWICK - SB02,0,3,1890,0.0
BRUNSWICK - 07,BRUNSWICK - SB04,3561,285,3563,0.9994386752736458
BRUNSWICK - 07,BRUNSWICK - SB05,2,5,3563,0.000561324726354196
BRUNSWICK - 07,BRUNSWICK - SB02,0,1,3563,0.0
BRUNSWICK - 08,BRUNSWICK - SB05,3398,132,5575,0.6095067264573991
BRUNSWICK - 08,BRUNSWICK - SB03,1164,22,5575,0.20878923766816143
BRUNSWICK - 08,BRUNSWICK - SB08,1013,45,5575,0.18170403587443945
BRUNSWICK - 09,BRUNSWICK - SB08,1128,76,1128,1.0
BRUNSWICK - 10A,BRUNSWICK - CB06,4365,241,4365,1.0
BRUNSWICK - 10A,BRUNSWICK - SB03,0,5,4365,0.0
BRUNSWICK - 10B,BRUNSWICK - SB03,5811,98,5811,1.0
BRUNSWICK - 11,BRUNSWICK - CB01,2372,169,3024,0.7843915343915344
BRUNSWICK - 11,BRUNSWICK - SB01,381,22,3024,0.1259920634920635
BRUNSWICK - 11,BRUNSWICK - CB05,271,8,3024,0.08961640211640212
BRUNSWICK - 11,BRUNSWICK - CB06,0,1,3024,0.0
BRUNSWICK - 12,BRUNSWICK - CB05,3346,109,3346,1.0
BRUNSWICK - 12,BRUNSWICK - SB06,0,1,3346,0.0
BRUNSWICK - 13,BRUNSWICK - CB02,4555,255,4555,1.0
BRUNSWICK - 13,BRUNSWICK - CB04,0,2,4555,0.0
BRUNSWICK - 14,BRUNSWICK - CB03,2662,104,4640,0.5737068965517241
BRUNSWICK - 14,BRUNSWICK - CB02,1978,131,4640,0.42629310344827587
BRUNSWICK - 15,BRUNSWICK - WB06,6443,280,7184,0.8968541202672605
BRUNSWICK - 15,BRUNSWICK - CB02,741,49,7184,0.10314587973273942
BRUNSWICK - 15,BRUNSWICK - WB05,0,6,7184,0.0
BRUNSWICK - 16,BRUNSWICK - WB05,4136,174,5298,0.7806719516798792
BRUNSWICK - 16,BRUNSWICK - WB04,1162,59,5298,0.2193280483201208
BRUNSWICK - 17,BRUNSWICK - WB02,4960,92,6534,0.7591062136516682
BRUNSWICK - 17,BRUNSWICK - WB03,1471,55,6534,0.2251300887664524
BRUNSWICK - 17,BRUNSWICK - CB02,103,14,6534,0.0157636975818794
BRUNSWICK - 18,BRUNSWICK - WB01,2282,145,2282,1.0
BRUNSWICK - 19,BRUNSWICK - WB04,5488,132,5488,1.0
BRUNSWICK - 20,BRUNSWICK - CB04,4353,265,4353,1.0
BRUNSWICK - 21,BRUNSWICK - SB02,5113,303,5113,1.0
BRUNSWICK - 21,BRUNSWICK - SB01,0,5,5113,0.0
BRUNSWICK - 22,BRUNSWICK - SB07,3042,209,3087,0.9854227405247813
BRUNSWICK - 22,BRUNSWICK - SB06,45,3,3087,0.014577259475218658
BRUNSWICK - 22,BRUNSWICK - SB04,0,1,3087,0.0
BRUNSWICK - 23,BRUNSWICK - SB06,3108,151,3108,1.0
BUNCOMBE - 01.1,BUNCOMBE - 01.1,2752,80,2752,1.0
BUNCOMBE - 02.1,BUNCOMBE - 02.1,3339,98,3339,1.0
BUNCOMBE - 03.1,BUNCOMBE - 03.1,2409,61,2409,1.0
BUNCOMBE - 04.1,BUNCOMBE - 04.1,1402,34,1402,1.0
BUNCOMBE - 05.1,BUNCOMBE - 05.1,2504,83,2518,0.9944400317712471
BUNCOMBE - 05.1,BUNCOMBE - 70.1,9,3,2518,0.003574265289912629
BUNCOMBE - 05.1,BUNCOMBE - 71.1,5,1,2518,0.0019857029388403494
BUNCOMBE - 06.1,BUNCOMBE - 06.1,1499,35,1499,1.0
BUNCOMBE - 07.1,BUNCOMBE - 07.1,1875,57,1875,1.0
BUNCOMBE - 08.2,BUNCOMBE - 08.2,3451,57,3682,0.9372623574144486
BUNCOMBE - 08.2,BUNCOMBE - 08.3,231,3,3682,0.06273764258555133
BUNCOMBE - 08.3,BUNCOMBE - 08.3,2933,83,2933,1.0
BUNCOMBE - 08.3,BUNCOMBE - 31.1,0,1,2933,0.0
BUNCOMBE - 09.1,BUNCOMBE - 09.1,4654,82,4654,1.0
BUNCOMBE - 10.1,BUNCOMBE - 10.1,1643,56,1643,1.0
BUNCOMBE - 11.1,BUNCOMBE - 11.1,1785,47,1785,1.0
BUNCOMBE - 12.1,BUNCOMBE - 12.1,2337,59,2337,1.0
BUNCOMBE - 13.1,BUNCOMBE - 13.1,2650,55,2650,1.0
BUNCOMBE - 13.1,BUNCOMBE - 44.1,0,1,2650,0.0
BUNCOMBE - 13.1,BUNCOMBE - 54.2,0,2,2650,0.0
BUNCOMBE - 14.2,BUNCOMBE - 14.2,2644,83,2644,1.0
BUNCOMBE - 14.3,BUNCOMBE - 14.3,1841,19,1841,1.0
BUNCOMBE - 15.1,BUNCOMBE - 15.1,2146,38,2146,1.0
BUNCOMBE - 16.2,BUNCOMBE - 16.2,3174,66,3174,1.0
BUNCOMBE - 17.1,BUNCOMBE - 17.1,1622,53,1622,1.0
BUNCOMBE - 18.2,BUNCOMBE - 18.2,5601,86,5714,0.98022401120056
BUNCOMBE - 18.2,BUNCOMBE - 54.2,113,1,5714,0.01977598879943997
BUNCOMBE - 19.1,BUNCOMBE - 19.1,2209,20,2209,1.0
BUNCOMBE - 20.1,BUNCOMBE - 20.1,1069,26,1069,1.0
BUNCOMBE - 21.1,BUNCOMBE - 21.1,3061,40,3061,1.0
BUNCOMBE - 22.2,BUNCOMBE - 22.2,2273,59,2273,1.0
BUNCOMBE - 23.2,BUNCOMBE - 23.2,574,22,574,1.0
BUNCOMBE - 23.2,BUNCOMBE - 21.1,0,1,574,0.0
BUNCOMBE - 23.3,BUNCOMBE - 23.3,805,17,805,1.0
BUNCOMBE - 24.1,BUNCOMBE - 24.1,2810,95,2810,1.0
BUNCOMBE - 24.1,BUNCOMBE - 44.1,0,2,2810,0.0
BUNCOMBE - 25.1,BUNCOMBE - 25.1,2737,47,2737,1.0
BUNCOMBE - 26.1,BUNCOMBE - 26.1,2240,47,2240,1.0
BUNCOMBE - 27.2,BUNCOMBE - 27.2,830,32,830,1.0
BUNCOMBE - 28.1,BUNCOMBE - 28.1,3257,41,3257,1.0
BUNCOMBE - 28.1,BUNCOMBE - 70.1,0,1,3257,0.0
BUNCOMBE - 29.2,BUNCOMBE - 29.2,3446,36,3446,1.0
BUNCOMBE - 30.2,BUNCOMBE - 30.2,3442,30,3442,1.0
BUNCOMBE - 30.3,BUNCOMBE - 30.3,3304,50,3304,1.0
BUNCOMBE - 30.3,HENDERSON - NM,0,1,3304,0.0
BUNCOMBE - 31.1,BUNCOMBE - 31.1,1150,57,1150,1.0
BUNCOMBE - 31.1,BUNCOMBE - 08.3,0,1,1150,0.0
BUNCOMBE - 32.1,BUNCOMBE - 32.1,2811,76,2811,1.0
BUNCOMBE - 33.2,BUNCOMBE - 33.2,1402,58,1402,1.0
BUNCOMBE - 33.3,BUNCOMBE - 33.3,2201,62,2201,1.0
BUNCOMBE - 34.1,BUNCOMBE - 34.1,1173,51,1173,1.0
BUNCOMBE - 35.1,BUNCOMBE - 35.1,2119,52,2119,1.0
BUNCOMBE - 36.1,BUNCOMBE - 36.1,2634,86,2646,0.9954648526077098
BUNCOMBE - 36.1,MCDOWELL - FORT 2,12,2,2646,0.0045351473922902496
BUNCOMBE - 36.1,MCDOWELL - FORT 1,0,3,2646,0.0
BUNCOMBE - 37.1,BUNCOMBE - 37.1,1637,80,1640,0.9981707317073171
BUNCOMBE - 37.1,RUTHERFORD - 06A,3,1,1640,0.001829268292682927
BUNCOMBE - 38.2,BUNCOMBE - 38.2,1866,35,1866,1.0
BUNCOMBE - 38.2,HENDERSON - BC,0,1,1866,0.0
BUNCOMBE - 38.3,BUNCOMBE - 38.3,3509,55,3509,1.0
BUNCOMBE - 39.2,BUNCOMBE - 39.2,1691,40,1691,1.0
BUNCOMBE - 39.2,HENDERSON - BC,0,1,1691,0.0
BUNCOMBE - 39.3,BUNCOMBE - 39.3,2737,48,2737,1.0
BUNCOMBE - 39.3,BUNCOMBE - 60.2,0,3,2737,0.0
BUNCOMBE - 40.2,BUNCOMBE - 40.2,4154,80,4154,1.0
BUNCOMBE - 41.1,BUNCOMBE - 41.1,3929,86,3944,0.9961967545638946
BUNCOMBE - 41.1,MADISON - NORTH,15,6,3944,0.0038032454361054766
BUNCOMBE - 41.1,MADISON - MARS H,0,1,3944,0.0
BUNCOMBE - 42.1,BUNCOMBE - 42.1,3137,61,3137,1.0
BUNCOMBE - 42.1,BUNCOMBE - 68.1,0,1,3137,0.0
BUNCOMBE - 43.2,BUNCOMBE - 43.2,2232,33,2232,1.0
BUNCOMBE - 44.1,BUNCOMBE - 44.1,6141,128,6141,1.0
BUNCOMBE - 45.1,BUNCOMBE - 45.1,4792,85,4812,0.9958437240232751
BUNCOMBE - 45.1,BUNCOMBE - 48.1,20,1,4812,0.004156275976724855
BUNCOMBE - 46.1,BUNCOMBE - 46.1,1679,45,1746,0.9616265750286369
BUNCOMBE - 46.1,BUNCOMBE - 44.1,67,1,1746,0.03837342497136312
BUNCOMBE - 46.1,HENDERSON - NM,0,1,1746,0.0
BUNCOMBE - 47.1,BUNCOMBE - 47.1,4909,100,4909,1.0
BUNCOMBE - 47.1,HENDERSON - NM,0,1,4909,0.0
BUNCOMBE - 48.1,BUNCOMBE - 48.1,4760,89,4760,1.0
BUNCOMBE - 49.1,BUNCOMBE - 49.1,4984,76,4984,1.0
BUNCOMBE - 50.1,BUNCOMBE - 50.1,1699,50,1699,1.0
BUNCOMBE - 51.2,BUNCOMBE - 51.2,2245,61,2247,0.9991099243435692
BUNCOMBE - 51.2,MADISON - BEECH,2,4,2247,0.0008900756564307966
BUNCOMBE - 52.1,BUNCOMBE - 52.1,4660,67,4660,1.0
BUNCOMBE - 53.1,BUNCOMBE - 53.1,3568,67,3569,0.9997198094704399
BUNCOMBE - 53.1,BUNCOMBE - 52.1,1,1,3569,0.0002801905295601009
BUNCOMBE - 54.2,BUNCOMBE - 54.2,5304,165,5304,1.0
BUNCOMBE - 54.2,HENDERSON - FL,0,5,5304,0.0
BUNCOMBE - 55.1,BUNCOMBE - 55.1,3039,40,3039,1.0
BUNCOMBE - 56.2,BUNCOMBE - 56.2,2149,35,2168,0.9912361623616236
BUNCOMBE - 56.2,BUNCOMBE - 29.2,19,1,2168,0.008763837638376383
BUNCOMBE - 57.1,BUNCOMBE - 57.1,2912,58,2912,1.0
BUNCOMBE - 58.1,BUNCOMBE - 58.1,2422,83,2422,1.0
BUNCOMBE - 59.1,BUNCOMBE - 59.1,4014,77,4052,0.9906219151036525
BUNCOMBE - 59.1,BUNCOMBE - 67.1,38,1,4052,0.009378084896347482
BUNCOMBE - 60.2,BUNCOMBE - 60.2,1631,16,1631,1.0
BUNCOMBE - 60.4,BUNCOMBE - 60.4,1486,35,1486,1.0
BUNCOMBE - 61.1,BUNCOMBE - 61.1,2448,58,2448,1.0
BUNCOMBE - 62.1,BUNCOMBE - 62.1,2845,26,2845,1.0
BUNCOMBE - 63.1,BUNCOMBE - 63.1,673,19,673,1.0
BUNCOMBE - 63.1,BUNCOMBE - 52.1,0,1,673,0.0
BUNCOMBE - 64.1,BUNCOMBE - 64.1,2271,81,2271,1.0
BUNCOMBE - 65.1,BUNCOMBE - 65.1,3333,77,3333,1.0
BUNCOMBE - 65.1,BUNCOMBE - 50.1,0,2,3333,0.0
BUNCOMBE - 66.1,BUNCOMBE - 66.1,2057,42,2057,1.0
BUNCOMBE - 67.1,BUNCOMBE - 67.1,2467,62,2467,1.0
BUNCOMBE - 68.1,BUNCOMBE - 68.1,5463,83,5472,0.9983552631578947
BUNCOMBE - 68.1,BUNCOMBE - 681,9,1,5472,0.001644736842105263
BUNCOMBE - 681,BUNCOMBE - 681,431,10,431,1.0
BUNCOMBE - 69.1,BUNCOMBE - 69.1,3355,52,3355,1.0
BUNCOMBE - 70.1,BUNCOMBE - 70.1,3929,113,3992,0.9842184368737475
BUNCOMBE - 70.1,BUNCOMBE - 71.1,63,2,3992,0.015781563126252503
BUNCOMBE - 71.1,BUNCOMBE - 71.1,4848,134,4848,1.0
BURKE - 0001,BURKE - 0001,3728,139,3728,1.0
BURKE - 0003,BURKE - 0003,1391,41,1391,1.0
BURKE - 0011,BURKE - 0011,3385,122,3385,1.0
BURKE - 0012,BURKE - 0012,2044,39,2058,0.9931972789115646
BURKE - 0012,CATAWBA - 24,14,3,2058,0.006802721088435374
BURKE - 0013,BURKE - 0013,3243,98,3269,0.9920464973998164
BURKE - 0013,CATAWBA - 19,19,10,3269,0.005812174977057204
BURKE - 0013,CATAWBA - 24,7,1,3269,0.0021413276231263384
BURKE - 0014,BURKE - 0014,2324,66,2324,1.0
BURKE - 0015,BURKE - 0015,1841,87,1873,0.9829151094500801
BURKE - 0015,CATAWBA - 17,32,5,1873,0.017084890549919914
BURKE - 0018,BURKE - 0018,559,49,563,0.9928952042628775
BURKE - 0018,MCDOWELL - N.COVE,4,5,563,0.007104795737122558
BURKE - 0018,AVERY - 16,0,1,563,0.0
BURKE - 0019,BURKE - 0019,564,49,570,0.9894736842105263
BURKE - 0019,MCDOWELL - NEBO,6,14,570,0.010526315789473684
BURKE - 0019,MCDOWELL - MAR 1,0,2,570,0.0
BURKE - 0019,MCDOWELL - N.COVE,0,1,570,0.0
BURKE - 0020,BURKE - 0020,895,41,895,1.0
BURKE - 0021,BURKE - 0021,1712,78,1712,1.0
BURKE - 0022,BURKE - 0022,2315,137,2315,1.0
BURKE - 0024,BURKE - 0024,2790,139,2790,1.0
BURKE - 0029-A,BURKE - 0071,1339,39,1373,0.9752367079388201
BURKE - 0029-A,CATAWBA - 02,34,4,1373,0.024763292061179897
BURKE - 0029-B,BURKE - 0071,1312,77,1312,1.0
BURKE - 0029-B,CATAWBA - 02,0,6,1312,0.0
BURKE - 0029-B,LINCOLN - NB35,0,1,1312,0.0
BURKE - 0031,BURKE - 0031,2963,106,2963,1.0
BURKE - 0034,BURKE - 0034,2360,62,2360,1.0
BURKE - 0035,BURKE - 0035,1997,35,1997,1.0
BURKE - 0036,BURKE - 0036,2194,76,2194,1.0
BURKE - 0038,BURKE - 0038,2740,65,2740,1.0
BURKE - 0039,BURKE - 0039,2589,82,2589,1.0
BURKE - 0040,BURKE - 0040,2053,71,2053,1.0
BURKE - 0047-A,BURKE - 0047-A,2137,31,2137,1.0
BURKE - 0047-B,BURKE - 0047-B,1415,22,1415,1.0
BURKE - 0048,BURKE - 0048,2154,53,2154,1.0
BURKE - 0051,BURKE - 0051,3819,125,3819,1.0
BURKE - 0052,BURKE - 0052,1745,45,1745,1.0
BURKE - 0053,BURKE - 0072,2799,60,2799,1.0
BURKE - 0062,BURKE - 0062,952,65,952,1.0
BURKE - 0062,CALDWELL - 2,0,3,952,0.0
BURKE - 0064,BURKE - 0064,856,52,856,1.0
BURKE - 0064,BURKE - 0071,0,1,856,0.0
BURKE - 0064,RUTHERFORD - 10A,0,3,856,0.0
BURKE - 0065,BURKE - 0072,2272,30,2272,1.0
BURKE - 0066,BURKE - 0066,2626,59,2627,0.9996193376475067
BURKE - 0066,CALDWELL - 1,1,1,2627,0.00038066235249333843
BURKE - 0070,BURKE - 0070,2882,54,2882,1.0
CABARRUS - 01-02,CABARRUS - 01-02,3246,49,3246,1.0
CABARRUS - 01-04,CABARRUS - 01-04,5864,88,5864,1.0
CABARRUS - 01-04,MECKLENBURG - 205,0,2,5864,0.0
CABARRUS - 01-06,CABARRUS - 01-11,3620,90,3620,1.0
CABARRUS - 01-07,CABARRUS - 01-07,2891,65,2891,1.0
CABARRUS - 01-08,CABARRUS - 01-08,5328,78,5714,0.9324466223311165
CABARRUS - 01-08,CABARRUS - 11-01,386,2,5714,0.06755337766888345
CABARRUS - 01-09,CABARRUS - 01-11,1251,35,1251,1.0
CABARRUS - 01-10,CABARRUS - 01-10,3168,100,3168,1.0
CABARRUS - 02-01,CABARRUS - 02-01,3969,41,3969,1.0
CABARRUS - 02-02,CABARRUS - 02-02,5292,42,5292,1.0
CABARRUS - 02-03,CABARRUS - 02-03,7322,155,7322,1.0
CABARRUS - 02-05,CABARRUS - 02-05,4912,52,4912,1.0
CABARRUS - 02-06,CABARRUS - 02-06,4664,52,4664,1.0
CABARRUS - 02-07,CABARRUS - 02-07,3760,41,3760,1.0
CABARRUS - 02-08,CABARRUS - 02-08,8563,176,8563,1.0
CABARRUS - 02-09,CABARRUS - 02-09,9209,158,9222,0.9985903274777705
CABARRUS - 02-09,MECKLENBURG - 241,13,1,9222,0.0014096725222294514
CABARRUS - 03-00,CABARRUS - 03-00,6066,140,6119,0.9913384539957509
CABARRUS - 03-00,ROWAN - 44,53,5,6119,0.00866154600424906
CABARRUS - 04-01,CABARRUS - 04-01,3476,132,3476,1.0
CABARRUS - 04-01,CABARRUS - 12-03,0,1,3476,0.0
CABARRUS - 04-02,CABARRUS - 04-12,3428,93,3428,1.0
CABARRUS - 04-03,CABARRUS - 04-03,3353,125,3353,1.0
CABARRUS - 04-04,CABARRUS - 04-11,1770,70,1770,1.0
CABARRUS - 04-05,CABARRUS - 04-11,2161,117,2260,0.9561946902654868
CABARRUS - 04-05,ROWAN - 16,94,8,2260,0.0415929203539823
CABARRUS - 04-05,ROWAN - 09,5,2,2260,0.0022123893805309734
CABARRUS - 04-06,CABARRUS - 04-12,2896,101,2896,1.0
CABARRUS - 04-07,CABARRUS - 04-13,2112,44,2112,1.0
CABARRUS - 04-08,CABARRUS - 04-08,1961,45,1961,1.0
CABARRUS - 04-09,CABARRUS - 04-09,3849,81,3849,1.0
CABARRUS - 04-09,ROWAN - 09,0,1,3849,0.0
CABARRUS - 04-10,CABARRUS - 04-13,4055,67,4055,1.0
CABARRUS - 05-00,CABARRUS - 05-00,3040,122,3040,1.0
CABARRUS - 06-00,CABARRUS - 06-00,2312,71,2312,1.0
CABARRUS - 07-00,CABARRUS - 07-00,1279,59,1279,1.0
CABARRUS - 08-00,CABARRUS - 08-00,4227,164,4227,1.0
CABARRUS - 09-00,CABARRUS - 09-00,3010,90,3010,1.0
CABARRUS - 10-00,CABARRUS - 10-00,6250,226,6280,0.9952229299363057
CABARRUS - 10-00,UNION - 032,30,2,6280,0.004777070063694267
CABARRUS - 10-00,UNION - 012,0,4,6280,0.0
CABARRUS - 11-01,CABARRUS - 11-01,6850,111,6850,1.0
CABARRUS - 11-02,CABARRUS - 11-02,3717,98,3717,1.0
CABARRUS - 12-01,CABARRUS - 12-13,898,39,898,1.0
CABARRUS - 12-02,CABARRUS - 12-13,3045,110,3045,1.0
CABARRUS - 12-03,CABARRUS - 12-03,2490,107,2490,1.0
CABARRUS - 12-04,CABARRUS - 12-04,3607,82,3607,1.0
CABARRUS - 12-05,CABARRUS - 12-05,2719,65,2719,1.0
CABARRUS - 12-06,CABARRUS - 12-14,1828,55,1828,1.0
CABARRUS - 12-07,CABARRUS - 12-13,1840,64,1840,1.0
CABARRUS - 12-08,CABARRUS - 12-08,2373,91,2373,1.0
CABARRUS - 12-09,CABARRUS - 12-09,3192,73,3192,1.0
CABARRUS - 12-10,CABARRUS - 12-14,1395,30,1395,1.0
CABARRUS - 12-11,CABARRUS - 12-11,2288,65,2288,1.0
CABARRUS - 12-12,CABARRUS - 12-12,2559,73,2559,1.0
CALDWELL - PR01,CALDWELL - 1,4167,104,4167,1.0
CALDWELL - PR02,CALDWELL - 1,1871,40,1871,1.0
CALDWELL - PR07,CALDWELL - 2,2234,210,2234,1.0
CALDWELL - PR07,AVERY - 04,0,1,2234,0.0
CALDWELL - PR07,BURKE - 0062,0,3,2234,0.0
CALDWELL - PR08,CALDWELL - 3,1316,51,1316,1.0
CALDWELL - PR13,CALDWELL - 4,3439,104,3439,1.0
CALDWELL - PR14,CALDWELL - 5,3912,162,3912,1.0
CALDWELL - PR16,CALDWELL - 6,1977,46,1977,1.0
CALDWELL - PR17,CALDWELL - 7,2143,73,2143,1.0
CALDWELL - PR18,CALDWELL - 8,4281,133,4281,1.0
CALDWELL - PR21,CALDWELL - 9,3367,78,3367,1.0
CALDWELL - PR21,BURKE - 0066,0,1,3367,0.0
CALDWELL - PR21,CALDWELL - 10,0,1,3367,0.0
CALDWELL - PR22,CALDWELL - 10,3838,67,3838,1.0
CALDWELL - PR22,CALDWELL - 13,0,1,3838,0.0
CALDWELL - PR24,CALDWELL - 11,2353,84,2353,1.0
CALDWELL - PR25,CALDWELL - 11,2211,77,2211,1.0
CALDWELL - PR25,CALDWELL - 13,0,3,2211,0.0
CALDWELL - PR29,CALDWELL - 7,3982,159,3982,1.0
CALDWELL - PR30,CALDWELL - 6,3740,99,3740,1.0
CALDWELL - PR31,CALDWELL - 6,1997,70,2159,0.9249652616952293
CALDWELL - PR31,CALDWELL - 12,162,1,2159,0.07503473830477073
CALDWELL - PR32,CALDWELL - 12,2702,145,2702,1.0
CALDWELL - PR32,WATAUGA - 03,0,1,2702,0.0
CALDWELL - PR33,CALDWELL - 13,6841,213,6841,1.0
CALDWELL - PR34,CALDWELL - 14,4779,105,4779,1.0
CALDWELL - PR35,CALDWELL - 15,3111,70,3111,1.0
CALDWELL - PR35,CALDWELL - 14,0,1,3111,0.0
CAMDEN - CH,CAMDEN - CH,2894,95,2894,1.0
CAMDEN - SH,CAMDEN - SH,1967,49,1967,1.0
CAMDEN - SM,CAMDEN - SM,3026,84,3026,1.0
CARTERET - ABCH,CARTERET - ABCH,1313,105,1313,1.0
CARTERET - ATSL,CARTERET - ASCI,752,81,752,1.0
CARTERET - BCRK,CARTERET - BCRK,2047,55,2047,1.0
CARTERET - BFT1,CARTERET - BFT1,1559,145,1559,1.0
CARTERET - BFT2,CARTERET - BFT2,3771,134,3771,1.0
CARTERET - BOGU,CARTERET - BOGE,2674,112,3012,0.8877822045152722
CARTERET - BOGU,CARTERET - CAPE,338,10,3012,0.11221779548472775
CARTERET - CCCP,CARTERET - CAPE,3120,165,3132,0.9961685823754789
CARTERET - CCCP,CARTERET - BOGE,12,8,3132,0.0038314176245210726
CARTERET - CCCP,ONSLOW - SW19,0,1,3132,0.0
CARTERET - CISL,CARTERET - ASCI,209,93,209,1.0
CARTERET - DASW,CARTERET - DASW,657,205,657,1.0
CARTERET - EMIS,CARTERET - ISLE,3382,217,3382,1.0
CARTERET - EMIS,ONSLOW - SW19,0,8,3382,0.0
CARTERET - HAIS,CARTERET - HAIS,1003,79,1003,1.0
CARTERET - IBSP,CARTERET - IBPK,353,35,358,0.9860335195530726
CARTERET - IBSP,CARTERET - ISLE,5,5,358,0.013966480446927373
CARTERET - MASM,CARTERET - MASM,645,69,645,1.0
CARTERET - MCRK,CARTERET - MCRK,520,18,520,1.0
CARTERET - MERR,CARTERET - MERR,524,77,524,1.0
CARTERET - MHD1,CARTERET - MHD1,2603,177,2603,1.0
CARTERET - MHD2,CARTERET - MHD2,3447,146,3447,1.0
CARTERET - MHD3,CARTERET - MHD3,3453,109,3453,1.0
CARTERET - MHD3,CARTERET - MHD2,0,1,3453,0.0
CARTERET - MHD4,CARTERET - MHD4,2784,69,2784,1.0
CARTERET - NPT1,CARTERET - NPT1,4279,137,4279,1.0
CARTERET - NPT2,CARTERET - NPT2,3337,77,3337,1.0
CARTERET - NPT2,CARTERET - NPT1,0,1,3337,0.0
CARTERET - NRIV,CARTERET - NRIV,695,34,695,1.0
CARTERET - OTBE,CARTERET - OTBEG,2183,65,2183,1.0
CARTERET - OTBE,CARTERET - NRIV,0,2,2183,0.0
CARTERET - PELE,CARTERET - PELE,1483,65,1483,1.0
CARTERET - PKNL,CARTERET - IBPK,1233,49,1233,1.0
CARTERET - STEL,CARTERET - STEL,1686,50,1686,1.0
CARTERET - WIHA,CARTERET - WIHA,1949,84,1949,1.0
CARTERET - WILD,CARTERET - WILD,4192,193,4192,1.0
CASWELL - ANDE,CASWELL - ANDE,987,33,987,1.0
CASWELL - LEAS,CASWELL - LEAS,685,28,685,1.0
CASWELL - LOCU,CASWELL - LOCU,2251,39,2251,1.0
CASWELL - MILT,CASWELL - MILT,2189,115,2189,1.0
CASWELL - PELH,CASWELL - PELH,3334,96,3338,0.9988016776512882
CASWELL - PELH,ROCKINGHAM - LI-1,4,1,3338,0.0011983223487118035
CASWELL - PH,CASWELL - PH,2050,84,2050,1.0
CASWELL - PROVI,CASWELL - PROVI,843,22,843,1.0
CASWELL - STON,CASWELL - STON,2548,54,2548,1.0
CASWELL - STON,ALAMANCE - 04,0,1,2548,0.0
CASWELL - YANC,CASWELL - YANC,3683,127,3683,1.0
CATAWBA - 01,CATAWBA - 01,3775,95,3775,1.0
CATAWBA - 02,CATAWBA - 02,2458,72,2458,1.0
CATAWBA - 03,CATAWBA - 03,2747,114,2747,1.0
CATAWBA - 04,CATAWBA - 04,1117,104,1117,1.0
CATAWBA - 05,CATAWBA - 05,3849,170,3849,1.0
CATAWBA - 06,CATAWBA - 06,2658,186,2658,1.0
CATAWBA - 07,CATAWBA - 07,3754,204,3754,1.0
CATAWBA - 08,CATAWBA - 08,2850,167,2850,1.0
CATAWBA - 09,CATAWBA - 09,2775,76,2775,1.0
CATAWBA - 10,CATAWBA - 10,825,51,825,1.0
CATAWBA - 11,CATAWBA - 11,1819,57,1819,1.0
CATAWBA - 12,CATAWBA - 12,1980,84,1980,1.0
CATAWBA - 13,CATAWBA - 13,2311,133,2334,0.9901456726649529
CATAWBA - 13,CATAWBA - 17,18,1,2334,0.007712082262210797
CATAWBA - 13,CATAWBA - 26,5,11,2334,0.0021422450728363325
CATAWBA - 14,CATAWBA - 14,1781,91,1781,1.0
CATAWBA - 15,CATAWBA - 15,822,37,822,1.0
CATAWBA - 16,CATAWBA - 16,3719,90,3719,1.0
CATAWBA - 17,CATAWBA - 17,2559,126,2564,0.9980499219968799
CATAWBA - 17,CATAWBA - 26,5,6,2564,0.0019500780031201249
CATAWBA - 19,CATAWBA - 19,1431,110,1467,0.9754601226993865
CATAWBA - 19,CATAWBA - 24,36,1,1467,0.024539877300613498
CATAWBA - 20,CATAWBA - 20,3894,223,3894,1.0
CATAWBA - 21,CATAWBA - 21,2047,89,2047,1.0
CATAWBA - 22,CATAWBA - 22,4397,158,4397,1.0
CATAWBA - 23,CATAWBA - 23,4358,93,4358,1.0
CATAWBA - 24,CATAWBA - 24,4331,110,4346,0.9965485503911643
CATAWBA - 24,BURKE - 0013,15,5,4346,0.003451449608835711
CATAWBA - 24,BURKE - 0012,0,1,4346,0.0
CATAWBA - 25,CATAWBA - 25,2975,110,2975,1.0
CATAWBA - 26,CATAWBA - 26,1936,41,1936,1.0
CATAWBA - 26,BURKE - 0015,0,3,1936,0.0
CATAWBA - 27,CATAWBA - 27,4655,114,4655,1.0
CATAWBA - 28,CATAWBA - 28,4398,123,4398,1.0
CATAWBA - 29,CATAWBA - 29,3117,87,3117,1.0
CATAWBA - 30,CATAWBA - 30,5090,103,5090,1.0
CATAWBA - 31,CATAWBA - 31,4998,192,4998,1.0
CATAWBA - 32,CATAWBA - 32,3775,155,3775,1.0
CATAWBA - 33,CATAWBA - 33,5510,121,7522,0.732517947354427
CATAWBA - 33,CATAWBA - 29,2012,60,7522,0.267482052645573
CATAWBA - 34,CATAWBA - 34,4725,197,5262,0.8979475484606614
CATAWBA - 34,CATAWBA - 35,537,28,5262,0.10205245153933866
CATAWBA - 35,CATAWBA - 35,3399,231,3399,1.0
CATAWBA - 36,CATAWBA - 36,2448,64,2448,1.0
CATAWBA - 37,CATAWBA - 37,3312,64,3312,1.0
CATAWBA - 38,CATAWBA - 38,3026,46,3026,1.0
CATAWBA - 39,CATAWBA - 39,2334,47,2334,1.0
CATAWBA - 40,CATAWBA - 40,1833,65,1913,0.9581808677469943
CATAWBA - 40,CATAWBA - 35,74,14,1913,0.03868269733403032
CATAWBA - 40,CATAWBA - 25,6,1,1913,0.0031364349189754314
CATAWBA - 41,CATAWBA - 41,3614,128,3614,1.0
CHATHAM - 15,CHATHAM - 15,2305,71,2305,1.0
CHATHAM - 15,CHATHAM - EPP112,0,1,2305,0.0
CHATHAM - 18,CHATHAM - GLD118,2476,219,2476,1.0
CHATHAM - 18,MOORE - CAR,0,1,2476,0.0
CHATHAM - 20,CHATHAM - MON113,2126,168,2133,0.9967182372245663
CHATHAM - 20,HARNETT - PR28,7,8,2133,0.0032817627754336614
CHATHAM - 20,CHATHAM - EPP112,0,2,2133,0.0
CHATHAM - 20,LEE - B1,0,6,2133,0.0
CHATHAM - 20,WAKE - 06-10,0,2,2133,0.0
CHATHAM - 21,CHATHAM - 21,1568,64,1568,1.0
CHATHAM - 24,CHATHAM - CRD118,864,58,864,1.0
CHATHAM - 3,CHATHAM - 3,2038,170,2038,1.0
CHATHAM - 30,CHATHAM - 30,1913,140,1913,1.0
CHATHAM - 42,CHATHAM - 42,2062,109,2062,1.0
CHATHAM - 42,WAKE - 20-12,0,1,2062,0.0
CHATHAM - 45,CHATHAM - GLD118,836,55,1060,0.7886792452830189
CHATHAM - 45,CHATHAM - MON113,224,22,1060,0.21132075471698114
CHATHAM - 45,LEE - D2,0,1,1060,0.0
CHATHAM - 6,CHATHAM - CRD118,839,74,839,1.0
CHATHAM - 75,CHATHAM - 75,4547,121,4548,0.9997801231310466
CHATHAM - 75,WAKE - 20-19,1,1,4548,0.00021987686895338611
CHATHAM - 78,CHATHAM - 78,5164,107,5164,1.0
CHATHAM - 85,CHATHAM - 85,3882,162,3910,0.992838874680307
CHATHAM - 85,RANDOLPH - SE,23,3,3910,0.0058823529411764705
CHATHAM - 85,CHATHAM - ESC114,5,1,3910,0.0012787723785166241
CHATHAM - 9,CHATHAM - 9,1654,130,1654,1.0
CHATHAM - ESC114,CHATHAM - ESC114,5780,324,5780,1.0
CHATHAM - MCH110,CHATHAM - ECL109,4847,152,8391,0.5776427124299846
CHATHAM - MCH110,CHATHAM - WCL108,3544,92,8391,0.4223572875700155
CHATHAM - MCH110,ORANGE - WC,0,1,8391,0.0
CHATHAM - NWM117,CHATHAM - NWM117,6420,102,6420,1.0
CHATHAM - NWM117,CHATHAM - ECL109,0,1,6420,0.0
CHATHAM - PIT113,CHATHAM - WPP114,4662,149,7694,0.6059266961268521
CHATHAM - PIT113,CHATHAM - EPP112,3032,148,7694,0.39407330387314793
CHEROKEE - ANNW,CHEROKEE - ANNW,1824,146,1824,1.0
CHEROKEE - ANSW,CHEROKEE - ANSW,1687,80,1687,1.0
CHEROKEE - BELL,CHEROKEE - BELL,1403,46,1403,1.0
CHEROKEE - BRAS,CHEROKEE - BRAS,829,38,829,1.0
CHEROKEE - CSON,CHEROKEE - CSON,1052,55,1056,0.9962121212121212
CHEROKEE - CSON,CHEROKEE - RGER,4,1,1056,0.003787878787878788
CHEROKEE - GCRK,CHEROKEE - GCRK,500,54,610,0.819672131147541
CHEROKEE - GCRK,CHEROKEE - UNKA,110,3,610,0.18032786885245902
CHEROKEE - HANG,CHEROKEE - HANG,723,62,724,0.9986187845303868
CHEROKEE - HANG,CHEROKEE - MURN,1,1,724,0.0013812154696132596
CHEROKEE - HIWA,CHEROKEE - HIWA,2185,153,2185,1.0
CHEROKEE - HOTH,CHEROKEE - HOTH,1540,103,1540,1.0
CHEROKEE - MARB,CHEROKEE - MARB,1589,148,1589,1.0
CHEROKEE - MURN,CHEROKEE - MURN,2342,142,2342,1.0
CHEROKEE - MURN,CHEROKEE - MURS,0,1,2342,0.0
CHEROKEE - MURS,CHEROKEE - MURS,2825,217,2825,1.0
CHEROKEE - PCHT,CHEROKEE - PCHT,2606,116,2606,1.0
CHEROKEE - RGER,CHEROKEE - RGER,1862,76,1862,1.0
CHEROKEE - TOPT,CHEROKEE - TOPT,483,41,483,1.0
CHEROKEE - UNKA,CHEROKEE - UNKA,486,72,486,1.0
CHOWAN - 1,CHOWAN - 1,2301,118,2301,1.0
CHOWAN - 2,CHOWAN - 2,3399,118,3399,1.0
CHOWAN - 3,CHOWAN - 3,1826,91,1826,1.0
CHOWAN - 4,CHOWAN - 4,895,25,895,1.0
CHOWAN - 5,CHOWAN - 5,1072,35,1072,1.0
CHOWAN - 6,CHOWAN - 6,1621,77,1621,1.0
CLAY - BRAS,CLAY - BRAS,846,49,846,1.0
CLAY - HAY1,CLAY - HAY1,1264,52,1264,1.0
CLAY - HAY2,CLAY - HAY2,1484,95,1484,1.0
CLAY - HAYC,CLAY - HAYC,476,39,476,1.0
CLAY - HIAW,CLAY - HIAW,1571,76,1571,1.0
CLAY - SHCR,CLAY - SHCR,1291,90,1291,1.0
CLAY - SWEE,CLAY - SWEE,812,47,812,1.0
CLAY - TUSQ,CLAY - TUSQ,659,52,659,1.0
CLAY - WARN,CLAY - WARN,827,40,827,1.0
CLEVELAND - BETHWR,CLEVELAND - BETHWR,2040,49,2040,1.0
CLEVELAND - BR,CLEVELAND - BR,6141,197,6141,1.0
CLEVELAND - CASAR,CLEVELAND - CASAR,1467,92,1467,1.0
CLEVELAND - CASAR,BURKE - 0071,0,1,1467,0.0
CLEVELAND - CASAR,RUTHERFORD - 10A,0,1,1467,0.0
CLEVELAND - FALSTN,CLEVELAND - FALSTN,1770,68,1770,1.0
CLEVELAND - GROVER,CLEVELAND - GROVER,3839,119,3839,1.0
CLEVELAND - KINGST,CLEVELAND - KINGST,906,23,906,1.0
CLEVELAND - KM N,CLEVELAND - KM N,5641,195,5669,0.9950608572940554
CLEVELAND - KM N,GASTON - 6A,28,4,5669,0.0049391427059446115
CLEVELAND - KM S,CLEVELAND - KM S,5084,188,5084,1.0
CLEVELAND - LATT,CLEVELAND - LATT,3367,208,3367,1.0
CLEVELAND - LAWNDL,CLEVELAND - LAWNDL,1959,120,1959,1.0
CLEVELAND - MRB-YO,CLEVELAND - MRB-YO,1763,123,1763,1.0
CLEVELAND - MULLS,CLEVELAND - MULLS,2372,135,2372,1.0
CLEVELAND - MULLS,BURKE - 0071,0,2,2372,0.0
CLEVELAND - OAKGRV,CLEVELAND - OAKGRV,4059,68,4059,1.0
CLEVELAND - POLKVL,CLEVELAND - POLKVL,2679,146,2679,1.0
CLEVELAND - RIPPY,CLEVELAND - RIPPY,4419,131,4419,1.0
CLEVELAND - S 4A,CLEVELAND - S N,5237,184,5237,1.0
CLEVELAND - S 5,CLEVELAND - S E,2769,72,2769,1.0
CLEVELAND - S C,CLEVELAND - S C,8358,372,8358,1.0
CLEVELAND - S S,CLEVELAND - S S,7145,244,7145,1.0
CLEVELAND - S S,CLEVELAND - S C,0,4,7145,0.0
CLEVELAND - S S,CLEVELAND - S E,0,3,7145,0.0
CLEVELAND - SHANGI,CLEVELAND - SHANGI,2945,87,2945,1.0
CLEVELAND - SHANGI,CLEVELAND - LATT,0,4,2945,0.0
CLEVELAND - SHANGI,CLEVELAND - S N,0,3,2945,0.0
CLEVELAND - WACO,CLEVELAND - WACO,4052,122,4052,1.0
COLUMBUS - P01A,COLUMBUS - P117,1730,132,1730,1.0
COLUMBUS - P02B,COLUMBUS - P02B,998,173,1049,0.9513822688274547
COLUMBUS - P02B,COLUMBUS - P16B,51,3,1049,0.04861773117254528
COLUMBUS - P03,COLUMBUS - P534,625,35,625,1.0
COLUMBUS - P04,COLUMBUS - P534,442,27,442,1.0
COLUMBUS - P05,COLUMBUS - P534,409,24,409,1.0
COLUMBUS - P06,COLUMBUS - P06,866,67,866,1.0
COLUMBUS - P07,COLUMBUS - P07,3207,221,3207,1.0
COLUMBUS - P08,COLUMBUS - P89,481,58,481,1.0
COLUMBUS - P09,COLUMBUS - P89,1053,122,1053,1.0
COLUMBUS - P10,COLUMBUS - P121,843,38,843,1.0
COLUMBUS - P11,COLUMBUS - P121,1590,45,1590,1.0
COLUMBUS - P12,COLUMBUS - P121,218,23,218,1.0
COLUMBUS - P13,COLUMBUS - P534,776,28,776,1.0
COLUMBUS - P14,COLUMBUS - P14,3465,272,3474,0.9974093264248705
COLUMBUS - P14,BLADEN - P30,9,2,3474,0.0025906735751295338
COLUMBUS - P14,BRUNSWICK - CB01,0,1,3474,0.0
COLUMBUS - P14,BRUNSWICK - NB01,0,2,3474,0.0
COLUMBUS - P15,COLUMBUS - P15,2309,115,2309,1.0
COLUMBUS - P15,COLUMBUS - P07,0,1,2309,0.0
COLUMBUS - P16B,COLUMBUS - P16B,1685,125,1685,1.0
COLUMBUS - P16B,COLUMBUS - P117,0,1,1685,0.0
COLUMBUS - P17,COLUMBUS - P117,1258,57,1258,1.0
COLUMBUS - P17,BLADEN - P75,0,4,1258,0.0
COLUMBUS - P18,COLUMBUS - P82,596,45,596,1.0
COLUMBUS - P18,BLADEN - P25,0,1,596,0.0
COLUMBUS - P19,COLUMBUS - P19,2716,115,2716,1.0
COLUMBUS - P20A,COLUMBUS - P223,1023,99,1023,1.0
COLUMBUS - P21,COLUMBUS - P82,1136,25,1136,1.0
COLUMBUS - P22A,COLUMBUS - P22A,2265,98,2265,1.0
COLUMBUS - P23,COLUMBUS - P223,2075,97,2075,1.0
COLUMBUS - P24,COLUMBUS - P245,2117,93,2117,1.0
COLUMBUS - P24,COLUMBUS - P26B,0,1,2117,0.0
COLUMBUS - P25B,COLUMBUS - P245,1396,46,1396,1.0
COLUMBUS - P26B,COLUMBUS - P26B,4929,190,4929,1.0
CRAVEN - 02,CRAVEN - 02,14012,493,14012,1.0
CRAVEN - 02,CARTERET - NPT1,0,1,14012,0.0
CRAVEN - 02,CARTERET - STEL,0,2,14012,0.0
CRAVEN - 02,JONES - P07,0,2,14012,0.0
CRAVEN - 03,CRAVEN - 03,3308,67,3308,1.0
CRAVEN - 04,CRAVEN - CLR4,1120,50,1120,1.0
CRAVEN - 04,JONES - P04,0,1,1120,0.0
CRAVEN - 05,CRAVEN - 05,2548,40,2548,1.0
CRAVEN - 06,CRAVEN - CLR4,1117,64,1761,0.6342986939239069
CRAVEN - 06,CRAVEN - N4,644,2,1761,0.36570130607609314
CRAVEN - 07,CRAVEN - 07,2509,94,2509,1.0
CRAVEN - 08,CRAVEN - CFB8,934,62,934,1.0
CRAVEN - 08,JONES - P01,0,1,934,0.0
CRAVEN - 08,JONES - P05,0,3,934,0.0
CRAVEN - 09,CRAVEN - DFB9,548,42,548,1.0
CRAVEN - 10,CRAVEN - CFB8,598,22,976,0.6127049180327869
CRAVEN - 10,CRAVEN - DFB9,378,16,976,0.38729508196721313
CRAVEN - 10,LENOIR - C,0,1,976,0.0
CRAVEN - 10,PITT - 1001,0,1,976,0.0
CRAVEN - 11,CRAVEN - 11,3340,194,3340,1.0
CRAVEN - 12,CRAVEN - TE13,561,52,561,1.0
CRAVEN - 13,CRAVEN - TE13,829,59,829,1.0
CRAVEN - 14,CRAVEN - VE14,4699,148,4706,0.9985125371865703
CRAVEN - 14,PITT - 0601,7,6,4706,0.0014874628134296643
CRAVEN - 15,CRAVEN - VE14,998,39,1046,0.9541108986615678
CRAVEN - 15,PITT - 1001,48,6,1046,0.045889101338432124
CRAVEN - 15,PITT - 1301,0,1,1046,0.0
CRAVEN - 16,CRAVEN - 16,4503,84,4503,1.0
CRAVEN - 17,CRAVEN - 17,2660,81,2660,1.0
CRAVEN - 17,JONES - P07,0,2,2660,0.0
CRAVEN - 19,CRAVEN - 19,3144,129,3149,0.9984121943474119
CRAVEN - 19,CARTERET - WIHA,5,2,3149,0.0015878056525881232
CRAVEN - 20,CRAVEN - 20,3086,37,3086,1.0
CRAVEN - 21,CRAVEN - 21,2929,70,2929,1.0
CRAVEN - 23,CRAVEN - 23,5605,165,5605,1.0
CRAVEN - N1,CRAVEN - N1,2188,120,2196,0.9963570127504554
CRAVEN - N1,CRAVEN - N2,8,1,2196,0.0036429872495446266
CRAVEN - N2,CRAVEN - N2,2446,111,2446,1.0
CRAVEN - N3,CRAVEN - N3N5,2145,78,2145,1.0
CRAVEN - N4,CRAVEN - N4,5550,71,5621,0.9873687955879736
CRAVEN - N4,CRAVEN - CLR4,71,1,5621,0.01263120441202633
CRAVEN - N5,CRAVEN - N3N5,2175,110,2175,1.0
CRAVEN - N6,CRAVEN - N6,5075,98,5124,0.9904371584699454
CRAVEN - N6,CRAVEN - CLR4,49,1,5124,0.009562841530054645
CUMBERLAND - AH49,CUMBERLAND - AH49,4183,53,4228,0.989356669820246
CUMBERLAND - AH49,CUMBERLAND - G8A,45,3,4228,0.01064333017975402
CUMBERLAND - AL51,CUMBERLAND - AL51-2,2252,35,5411,0.41618924413232306
CUMBERLAND - AL51,CUMBERLAND - AL51-3,1692,42,5411,0.3126963592681575
CUMBERLAND - AL51,CUMBERLAND - AL51-1,1467,22,5411,0.2711143965995195
CUMBERLAND - AL51,BLADEN - P60,0,1,5411,0.0
CUMBERLAND - AL51,ROBESON - 21,0,2,5411,0.0
CUMBERLAND - CC01,CUMBERLAND - CC01,2931,205,2931,1.0
CUMBERLAND - CC01,CUMBERLAND - G3C,0,1,2931,0.0
CUMBERLAND - CC03,CUMBERLAND - CC03,2524,78,2524,1.0
CUMBERLAND - CC04,CUMBERLAND - CC04,1328,40,1328,1.0
CUMBERLAND - CC05,CUMBERLAND - CC519,2415,52,2415,1.0
CUMBERLAND - CC06,CUMBERLAND - CC06,1546,45,1546,1.0
CUMBERLAND - CC07,CUMBERLAND - CC07,1194,41,1194,1.0
CUMBERLAND - CC08,CUMBERLAND - CC08,1340,40,1340,1.0
CUMBERLAND - CC10,CUMBERLAND - CC10,1291,21,1291,1.0
CUMBERLAND - CC12,CUMBERLAND - CC12,1714,34,1714,1.0
CUMBERLAND - CC13,CUMBERLAND - CC13,2940,44,2940,1.0
CUMBERLAND - CC14,CUMBERLAND - CC14,3340,65,3340,1.0
CUMBERLAND - CC15,CUMBERLAND - CC15,3206,61,3206,1.0
CUMBERLAND - CC16,CUMBERLAND - CC16,1901,38,1901,1.0
CUMBERLAND - CC17,CUMBERLAND - CC17,2687,121,2694,0.9974016332590943
CUMBERLAND - CC17,CUMBERLAND - G2E-2,7,1,2694,0.0025983667409057165
CUMBERLAND - CC18,CUMBERLAND - CC18,1672,50,1672,1.0
CUMBERLAND - CC19,CUMBERLAND - CC519,732,72,732,1.0
CUMBERLAND - CC21,CUMBERLAND - CC21,4247,87,4247,1.0
CUMBERLAND - CC24,CUMBERLAND - CC24,2058,50,2058,1.0
CUMBERLAND - CC25,CUMBERLAND - CC25,2394,34,2394,1.0
CUMBERLAND - CC25,CUMBERLAND - MR02,0,6,2394,0.0
CUMBERLAND - CC26,CUMBERLAND - CC26,4604,39,4604,1.0
CUMBERLAND - CC26,CUMBERLAND - CC24,0,1,4604,0.0
CUMBERLAND - CC27,CUMBERLAND - CC27,5810,64,5810,1.0
CUMBERLAND - CC29,CUMBERLAND - CC29,3055,43,3055,1.0
CUMBERLAND - CC31,CUMBERLAND - CC31,2557,71,2854,0.8959355290819901
CUMBERLAND - CC31,CUMBERLAND - CU02,297,4,2854,0.10406447091800981
CUMBERLAND - CC32,CUMBERLAND - CC32,1781,18,1781,1.0
CUMBERLAND - CC33,CUMBERLAND - CC33,2623,54,2623,1.0
CUMBERLAND - CC34,CUMBERLAND - CC34,2362,27,2362,1.0
CUMBERLAND - CL57-1,CUMBERLAND - CL57-1,3474,50,3474,1.0
CUMBERLAND - CL57-2,CUMBERLAND - CL57-2,3052,46,3052,1.0
CUMBERLAND - CU02,CUMBERLAND - CU02,1999,37,2037,0.9813451153657339
CUMBERLAND - CU02,CUMBERLAND - CC31,38,1,2037,0.018654884634266077
CUMBERLAND - CU02,CUMBERLAND - G4B,0,1,2037,0.0
CUMBERLAND - EO61-1,CUMBERLAND - EO01,3210,156,3215,0.9984447900466563
CUMBERLAND - EO61-1,CUMBERLAND - EO02,5,1,3215,0.0015552099533437014
CUMBERLAND - EO61-2,CUMBERLAND - EO02,2077,58,2077,1.0
CUMBERLAND - G10A,CUMBERLAND - G10A,5421,96,5454,0.993949394939494
CUMBERLAND - G10A,CUMBERLAND - G8D,33,5,5454,0.00605060506050605
CUMBERLAND - G10B,CUMBERLAND - G10B,3389,70,3442,0.9846019755955839
CUMBERLAND - G10B,CUMBERLAND - G9B-1,53,11,3442,0.015398024404416037
CUMBERLAND - G10B,CUMBERLAND - G8D,0,6,3442,0.0
CUMBERLAND - G10C,CUMBERLAND - G10C,4691,104,4691,1.0
CUMBERLAND - G11A-1,CUMBERLAND - SL78-3,4056,110,4056,1.0
CUMBERLAND - G11A-1,CUMBERLAND - G11B,0,2,4056,0.0
CUMBERLAND - G11A-2,CUMBERLAND - SL78-3,3462,131,3462,1.0
CUMBERLAND - G11A-2,CUMBERLAND - G11B,0,1,3462,0.0
CUMBERLAND - G11B,CUMBERLAND - G11B,18738,597,19008,0.9857954545454546
CUMBERLAND - G11B,CUMBERLAND - CL57-2,270,1,19008,0.014204545454545454
CUMBERLAND - G11B,CUMBERLAND - CL57-1,0,3,19008,0.0
CUMBERLAND - G11B,CUMBERLAND - SL78-3,0,1,19008,0.0
CUMBERLAND - G1A,CUMBERLAND - G1A,2782,137,2782,1.0
CUMBERLAND - G1A,CUMBERLAND - EO01,0,2,2782,0.0
CUMBERLAND - G1B,CUMBERLAND - G1B,4228,80,4228,1.0
CUMBERLAND - G1B,CUMBERLAND - G1A,0,3,4228,0.0
CUMBERLAND - G2A,CUMBERLAND - G2A,5160,83,5160,1.0
CUMBERLAND - G2A,CUMBERLAND - G2C-1,0,1,5160,0.0
CUMBERLAND - G2B,CUMBERLAND - CC22A,5821,139,5821,1.0
CUMBERLAND - G2B,CUMBERLAND - G2C-1,0,1,5821,0.0
CUMBERLAND - G2B,CUMBERLAND - LO66A,0,1,5821,0.0
CUMBERLAND - G2C-1,CUMBERLAND - G2C-1,3329,48,3329,1.0
CUMBERLAND - G2C-2,CUMBERLAND - CC23-2,3224,61,3336,0.9664268585131894
CUMBERLAND - G2C-2,CUMBERLAND - G2C-1,112,5,3336,0.03357314148681055
CUMBERLAND - G2C-2,CUMBERLAND - LO66A,0,1,3336,0.0
CUMBERLAND - G2D,CUMBERLAND - LO66A,4504,97,4504,1.0
CUMBERLAND - G2E-1,CUMBERLAND - G2E-1,2423,50,2423,1.0
CUMBERLAND - G2E-2,CUMBERLAND - G2E-2,3341,66,3462,0.965049104563836
CUMBERLAND - G2E-2,CUMBERLAND - G2E-1,121,3,3462,0.034950895436164066
CUMBERLAND - G3A-1,CUMBERLAND - G3A-1,4585,74,4585,1.0
CUMBERLAND - G3A-1,CUMBERLAND - G3C,0,1,4585,0.0
CUMBERLAND - G3A-2,CUMBERLAND - G3A-2C,3414,125,3414,1.0
CUMBERLAND - G3A-2,CUMBERLAND - G9A-3,0,3,3414,0.0
CUMBERLAND - G3B,CUMBERLAND - G3B,1519,92,1519,1.0
CUMBERLAND - G3B,CUMBERLAND - G3A-2C,0,1,1519,0.0
CUMBERLAND - G3C,CUMBERLAND - G3C,1600,167,1600,1.0
CUMBERLAND - G3C,CUMBERLAND - G3B,0,1,1600,0.0
CUMBERLAND - G4A,CUMBERLAND - G4A,1804,74,1804,1.0
CUMBERLAND - G4B,CUMBERLAND - G4B,2137,68,2137,1.0
CUMBERLAND - G4C,CUMBERLAND - G4C,2591,39,2591,1.0
CUMBERLAND - G4C,CUMBERLAND - G4B,0,1,2591,0.0
CUMBERLAND - G5A-1,CUMBERLAND - G5A-1,2859,37,2859,1.0
CUMBERLAND - G5A-2,CUMBERLAND - G5A-2,2513,56,2513,1.0
CUMBERLAND - G5B-1,CUMBERLAND - G5B-1,3956,31,3956,1.0
CUMBERLAND - G5B-2,CUMBERLAND - G5B-2,2871,31,2871,1.0
CUMBERLAND - G5C,CUMBERLAND - G5C,2950,47,2950,1.0
CUMBERLAND - G6A,CUMBERLAND - G6A,4994,121,4994,1.0
CUMBERLAND - G6A,SAMPSON - CLEM,0,1,4994,0.0
CUMBERLAND - G6B,CUMBERLAND - G6B,1274,62,1274,1.0
CUMBERLAND - G6B,BLADEN - P70,0,1,1274,0.0
CUMBERLAND - G6C,CUMBERLAND - G6C,2131,60,2131,1.0
CUMBERLAND - G7A,CUMBERLAND - G7A,1364,108,1364,1.0
CUMBERLAND - G7A,SAMPSON - CLEM,0,1,1364,0.0
CUMBERLAND - G7B,CUMBERLAND - G7B,1325,120,1363,0.9721203228173148
CUMBERLAND - G7B,CUMBERLAND - G7A,38,3,1363,0.027879677182685254
CUMBERLAND - G8A,CUMBERLAND - G8A,4320,64,4349,0.9933318004138882
CUMBERLAND - G8A,CUMBERLAND - AH49,19,1,4349,0.004368820418487009
CUMBERLAND - G8A,CUMBERLAND - G8C,10,2,4349,0.002299379167624741
CUMBERLAND - G8B,CUMBERLAND - G8B,2913,48,2913,1.0
CUMBERLAND - G8C,CUMBERLAND - G8C,3027,63,3027,1.0
CUMBERLAND - G8D,CUMBERLAND - G8D,3442,83,3449,0.9979704262104958
CUMBERLAND - G8D,CUMBERLAND - G10A,7,1,3449,0.002029573789504204
CUMBERLAND - G8D,CUMBERLAND - G9B-1,0,1,3449,0.0
CUMBERLAND - G9A,CUMBERLAND - G9A-3,3326,85,3401,0.97794766245222
CUMBERLAND - G9A,CUMBERLAND - G3A-1,46,2,3401,0.013525433695971773
CUMBERLAND - G9A,CUMBERLAND - G3A-2C,29,3,3401,0.008526903851808291
CUMBERLAND - G9B-1,CUMBERLAND - G9B-1,5474,113,5474,1.0
CUMBERLAND - G9B-1,CUMBERLAND - G9B-2,0,2,5474,0.0
CUMBERLAND - G9B-2,CUMBERLAND - G9B-2,5081,107,5081,1.0
CUMBERLAND - LI65,CUMBERLAND - LI65,3763,118,3763,1.0
CUMBERLAND - LI65,HARNETT - PR35,0,1,3763,0.0
CUMBERLAND - LI65,HARNETT - PR38,0,1,3763,0.0
CUMBERLAND - LR63,CUMBERLAND - LR63,5222,71,5222,1.0
CUMBERLAND - MB62,CUMBERLAND - MB62,3503,53,3503,1.0
CUMBERLAND - MR02,CUMBERLAND - MR02,3999,56,3999,1.0
CUMBERLAND - SH77,CUMBERLAND - SH77,3079,57,3079,1.0
CURRITUCK - CB,CURRITUCK - CB,273,82,273,1.0
CURRITUCK - CH,CURRITUCK - CH,4130,47,4130,1.0
CURRITUCK - CI,CURRITUCK - CO,271,8,271,1.0
CURRITUCK - CJ,CURRITUCK - CO,915,23,915,1.0
CURRITUCK - GW,CURRITUCK - GW,355,8,355,1.0
CURRITUCK - IR,CURRITUCK - IR,1290,34,1290,1.0
CURRITUCK - KI,CURRITUCK - KI,1210,29,1210,1.0
CURRITUCK - MY,CURRITUCK - WM,3759,58,6357,0.5913166588013213
CURRITUCK - MY,CURRITUCK - EM,2598,41,6357,0.4086833411986786
CURRITUCK - PB,CURRITUCK - PB,4202,81,4202,1.0
CURRITUCK - PP,CURRITUCK - PP,1922,34,1922,1.0
CURRITUCK - WH,CURRITUCK - WH,1079,78,1079,1.0
DARE - AVON,DARE - AVON,728,65,728,1.0
DARE - BUX,DARE - BUX,1114,44,1114,1.0
DARE - CHCA,DARE - CHCA,582,132,582,1.0
DARE - COL,DARE - COL,3606,43,3606,1.0
DARE - COL,DARE - KTHK,0,1,3606,0.0
DARE - DUCK,DARE - DUCK,684,30,684,1.0
DARE - EL,DARE - EL,100,242,100,1.0
DARE - FRCO,DARE - FRCO,754,27,754,1.0
DARE - HAT,DARE - HAT,476,35,476,1.0
DARE - KDH,DARE - KDH,6299,275,6299,1.0
DARE - KTHK,DARE - KTHK,2982,108,2982,1.0
DARE - MATO,DARE - MATO,5232,165,5232,1.0
DARE - MH,DARE - MH,647,43,647,1.0
DARE - NGHD,DARE - NGHD,2732,151,2732,1.0
DARE - SOSH,DARE - SOSH,3148,73,3148,1.0
DARE - STPT,DARE - STPT,163,147,163,1.0
DARE - WAN,DARE - WAN,1198,36,1198,1.0
DAVIDSON - 04,DAVIDSON - 04,6042,91,6042,1.0
DAVIDSON - 06,DAVIDSON - 06,3735,111,3735,1.0
DAVIDSON - 08,DAVIDSON - 08,1235,52,1235,1.0
DAVIDSON - 10,DAVIDSON - 10,3075,77,3075,1.0
DAVIDSON - 12,DAVIDSON - 12,1030,99,1030,1.0
DAVIDSON - 14,DAVIDSON - 14,2174,125,2174,1.0
DAVIDSON - 16,DAVIDSON - 16,3581,61,3581,1.0
DAVIDSON - 16,FORSYTH - 042,0,2,3581,0.0
DAVIDSON - 18,DAVIDSON - 18,2210,105,2210,1.0
DAVIDSON - 20,DAVIDSON - 20,3071,91,3071,1.0
DAVIDSON - 22,DAVIDSON - 22,1338,65,1343,0.996276991809382
DAVIDSON - 22,DAVIDSON - 38,5,1,1343,0.0037230081906180195
DAVIDSON - 22,DAVIDSON - 36,0,1,1343,0.0
DAVIDSON - 24,DAVIDSON - 24,1782,52,1782,1.0
DAVIDSON - 26,DAVIDSON - 26,1315,40,1315,1.0
DAVIDSON - 28,DAVIDSON - 28,3317,112,3317,1.0
DAVIDSON - 30,DAVIDSON - 30,2597,71,2597,1.0
DAVIDSON - 32,DAVIDSON - 32,2041,97,2041,1.0
DAVIDSON - 34,DAVIDSON - 34,2723,121,2723,1.0
DAVIDSON - 36,DAVIDSON - 36,1883,97,1883,1.0
DAVIDSON - 38,DAVIDSON - 38,1961,134,1961,1.0
DAVIDSON - 38,DAVIDSON - 22,0,1,1961,0.0
DAVIDSON - 40,DAVIDSON - 40,2681,110,2681,1.0
DAVIDSON - 42,DAVIDSON - 42,2976,91,2982,0.9979879275653923
DAVIDSON - 42,RANDOLPH - TB,6,5,2982,0.002012072434607646
DAVIDSON - 44,DAVIDSON - 44,4160,75,4160,1.0
DAVIDSON - 46,DAVIDSON - 46,2999,75,2999,1.0
DAVIDSON - 48,DAVIDSON - 48,2912,83,2912,1.0
DAVIDSON - 50,DAVIDSON - 50,4013,84,4013,1.0
DAVIDSON - 52,DAVIDSON - 52,4936,113,4936,1.0
DAVIDSON - 54,DAVIDSON - 54,2312,52,2312,1.0
DAVIDSON - 56,DAVIDSON - 56,1410,107,1410,1.0
DAVIDSON - 58,DAVIDSON - 58,3767,75,3767,1.0
DAVIDSON - 58,DAVIDSON - 52,0,1,3767,0.0
DAVIDSON - 60,DAVIDSON - 60,5245,125,5257,0.997717329275252
DAVIDSON - 60,DAVIDSON - 72,12,2,5257,0.002282670724747955
DAVIDSON - 62,DAVIDSON - 62,2546,82,2546,1.0
DAVIDSON - 64,DAVIDSON - 64,2088,59,2088,1.0
DAVIDSON - 66,DAVIDSON - 66,2579,117,2579,1.0
DAVIDSON - 68,DAVIDSON - 68,3065,99,3065,1.0
DAVIDSON - 70,DAVIDSON - 70,2611,92,2611,1.0
DAVIDSON - 72,DAVIDSON - 72,3106,75,3400,0.9135294117647059
DAVIDSON - 72,DAVIDSON - 60,294,1,3400,0.08647058823529412
DAVIDSON - 74,DAVIDSON - 74,4546,90,4546,1.0
DAVIDSON - 76,DAVIDSON - 76,3520,96,3614,0.9739900387382402
DAVIDSON - 76,DAVIDSON - 42,85,1,3614,0.023519645821804096
DAVIDSON - 76,RANDOLPH - TR,9,1,3614,0.0024903154399557276
DAVIDSON - 78,DAVIDSON - 78,3879,63,3879,1.0
DAVIDSON - 78,DAVIE - 06,0,1,3879,0.0
DAVIDSON - 80A,DAVIDSON - 80A,5276,104,5412,0.974870657797487
DAVIDSON - 80A,DAVIDSON - 86A,136,1,5412,0.025129342202512936
DAVIDSON - 82,DAVIDSON - 82,3155,76,3155,1.0
DAVIDSON - 84,DAVIDSON - 84,5854,42,5871,0.9971044115142225
DAVIDSON - 84,FORSYTH - 053,17,4,5871,0.0028955884857775507
DAVIDSON - 84,FORSYTH - 121,0,1,5871,0.0
DAVIDSON - 86A,DAVIDSON - 86A,4040,59,4040,1.0
DAVIDSON - 88,DAVIDSON - 88,2818,68,2818,1.0
DAVIE - 01,DAVIE - 01,1153,53,1153,1.0
DAVIE - 01,IREDELL - TB,0,2,1153,0.0
DAVIE - 02,DAVIE - 02,1291,67,1316,0.9810030395136778
DAVIE - 02,IREDELL - TB,25,9,1316,0.018996960486322188
DAVIE - 02,ROWAN - 27,0,1,1316,0.0
DAVIE - 03,DAVIE - 03,2968,86,2972,0.9986541049798116
DAVIE - 03,YADKIN - SLIB,4,4,2972,0.0013458950201884253
DAVIE - 04,DAVIE - 04,2511,70,2511,1.0
DAVIE - 04,ROWAN - 32,0,2,2511,0.0
DAVIE - 05,DAVIE - 05,2646,65,2646,1.0
DAVIE - 05,YADKIN - SLIB,0,1,2646,0.0
DAVIE - 06,DAVIE - 06,1813,62,1813,1.0
DAVIE - 06,DAVIDSON - 48,0,1,1813,0.0
DAVIE - 06,DAVIDSON - 78,0,1,1813,0.0
DAVIE - 07,DAVIE - 07,1944,46,1944,1.0
DAVIE - 07,ROWAN - 11,0,1,1944,0.0
DAVIE - 08,DAVIE - 08,2702,65,2702,1.0
DAVIE - 08,DAVIE - 14,0,1,2702,0.0
DAVIE - 09,DAVIE - 09,2651,105,2651,1.0
DAVIE - 10,DAVIE - 10,2547,60,2547,1.0
DAVIE - 10,FORSYTH - 053,0,2,2547,0.0
DAVIE - 11,DAVIE - 11,1895,62,1895,1.0
DAVIE - 12,DAVIE - 12,3775,57,3775,1.0
DAVIE - 12,DAVIE - 13,0,1,3775,0.0
DAVIE - 13,DAVIE - 13,3278,82,3278,1.0
DAVIE - 14,DAVIE - 14,2610,110,2610,1.0
DUPLIN - ALBE,DUPLIN - ALBE,2005,76,2014,0.9955312810327706
DUPLIN - ALBE,LENOIR - PH2,9,5,2014,0.004468718967229395
DUPLIN - ALBE,WAYNE - 15,0,1,2014,0.0
DUPLIN - BEUL,DUPLIN - BEUL,3368,207,3368,1.0
DUPLIN - BEUL,LENOIR - PH2,0,1,3368,0.0
DUPLIN - CALY,DUPLIN - CALY,898,120,904,0.9933628318584071
DUPLIN - CALY,WAYNE - 28,6,2,904,0.00663716814159292
DUPLIN - CALY,WAYNE - 2530,0,1,904,0.0
DUPLIN - CFRK,DUPLIN - CFRK,831,30,831,1.0
DUPLIN - CHAR,DUPLIN - CHAR,1531,68,1531,1.0
DUPLIN - CHIN,DUPLIN - CHIN,907,29,907,1.0
DUPLIN - CHIN,ONSLOW - CL10,0,1,907,0.0
DUPLIN - CYCK,DUPLIN - CYCK,1392,56,1417,0.9823570924488356
DUPLIN - CYCK,ONSLOW - CL10,25,3,1417,0.017642907551164433
DUPLIN - CYCK,ONSLOW - NM13,0,1,1417,0.0
DUPLIN - FAIS,DUPLIN - FAIS,1791,136,1791,1.0
DUPLIN - FAIS,SAMPSON - GIDD,0,2,1791,0.0
DUPLIN - GLIS,DUPLIN - GLIS,902,42,902,1.0
DUPLIN - HALL,DUPLIN - HALL,1493,54,1493,1.0
DUPLIN - KENA,DUPLIN - KENA,3613,209,3613,1.0
DUPLIN - LOCK,DUPLIN - WLLC,401,25,401,1.0
DUPLIN - MAGN,DUPLIN - MAGN,1863,178,1870,0.9962566844919786
DUPLIN - MAGN,SAMPSON - INGO,7,2,1870,0.0037433155080213902
DUPLIN - MAGN,SAMPSON - ROWA,0,1,1870,0.0
DUPLIN - ROCK,DUPLIN - WLLC,1140,76,1144,0.9965034965034965
DUPLIN - ROCK,SAMPSON - HARR,4,7,1144,0.0034965034965034965
DUPLIN - ROSE,DUPLIN - ROSE,2088,188,2088,1.0
DUPLIN - SMCA,DUPLIN - SMCA,1440,53,1440,1.0
DUPLIN - SMCA,LENOIR - PH2,0,1,1440,0.0
DUPLIN - WALL,DUPLIN - WLLC,5341,393,5341,1.0
DUPLIN - WARS,DUPLIN - WARS,3863,303,3871,0.997933350555412
DUPLIN - WARS,SAMPSON - TURK,8,3,3871,0.0020666494445879618
DUPLIN - WOLF,DUPLIN - WOLF,2160,100,2160,1.0
DURHAM - 01,DURHAM - 01,1980,28,1980,1.0
DURHAM - 02,DURHAM - 02,4212,66,4212,1.0
DURHAM - 03,DURHAM - 03,3105,59,3105,1.0
DURHAM - 04,DURHAM - 04,1578,54,1578,1.0
DURHAM - 05,DURHAM - 05,10381,63,10381,1.0
DURHAM - 06,DURHAM - 06,2500,47,2500,1.0
DURHAM - 07,DURHAM - 07,2981,76,2981,1.0
DURHAM - 08,DURHAM - 08,3106,73,3106,1.0
DURHAM - 09,DURHAM - 09,2622,60,2630,0.996958174904943
DURHAM - 09,DURHAM - 10,8,1,2630,0.003041825095057034
DURHAM - 10,DURHAM - 10,2795,66,2795,1.0
DURHAM - 12,DURHAM - 12,817,41,817,1.0
DURHAM - 13,DURHAM - 13,1462,41,1462,1.0
DURHAM - 14,DURHAM - 14,3228,74,3228,1.0
DURHAM - 15,DURHAM - 15,2047,44,2047,1.0
DURHAM - 16,DURHAM - 57,2396,14,2396,1.0
DURHAM - 17,DURHAM - 17,4294,147,4294,1.0
DURHAM - 18,DURHAM - 18,3877,62,3877,1.0
DURHAM - 19,DURHAM - 19,3886,90,3886,1.0
DURHAM - 20,DURHAM - 20,2358,55,2358,1.0
DURHAM - 21,DURHAM - 21,2121,53,2121,1.0
DURHAM - 22,DURHAM - 22,6382,74,6382,1.0
DURHAM - 23,DURHAM - 23,7475,108,7475,1.0
DURHAM - 24,DURHAM - 24,5090,56,5090,1.0
DURHAM - 25,DURHAM - 25,3689,87,3689,1.0
DURHAM - 26,DURHAM - 26,1559,60,1559,1.0
DURHAM - 27,DURHAM - 27,3358,60,3420,0.9818713450292398
DURHAM - 27,ORANGE - RF,34,2,3420,0.009941520467836258
DURHAM - 27,ORANGE - ES,24,5,3420,0.007017543859649123
DURHAM - 27,ORANGE - GL,4,3,3420,0.0011695906432748538
DURHAM - 28,DURHAM - 28,6026,145,6026,1.0
DURHAM - 29,DURHAM - 29,5246,170,5246,1.0
DURHAM - 29,GRANVILLE - BTNR,0,1,5246,0.0
DURHAM - 29,GRANVILLE - CRDM,0,1,5246,0.0
DURHAM - 29,WAKE - 14-01,0,3,5246,0.0
DURHAM - 30-1,DURHAM - 30-3,6247,101,11243,0.5556346170950813
DURHAM - 30-1,DURHAM - 30-4,4996,83,11243,0.4443653829049186
DURHAM - 30-2,DURHAM - 30-2,8146,125,8146,1.0
DURHAM - 31,DURHAM - 31,7096,139,7096,1.0
DURHAM - 32,DURHAM - 32,5929,165,5981,0.9913058017054004
DURHAM - 32,WAKE - 08-08,41,2,5981,0.006855040963049657
DURHAM - 32,WAKE - 08-04,11,2,5981,0.001839157331549908
DURHAM - 32,WAKE - 08-03,0,2,5981,0.0
DURHAM - 32,WAKE - 14-01,0,5,5981,0.0
DURHAM - 33,DURHAM - 33-2,7248,187,12883,0.5626018784444617
DURHAM - 33,DURHAM - 33-1,5635,138,12883,0.4373981215555383
DURHAM - 34-1,DURHAM - 34-1,3337,27,3337,1.0
DURHAM - 34-2,DURHAM - 34-2,6432,50,6432,1.0
DURHAM - 35.3,DURHAM - 35-5,5140,59,9659,0.5321461849052697
DURHAM - 35.3,DURHAM - 35-4,4519,75,9659,0.4678538150947303
DURHAM - 36,DURHAM - 36,3960,33,3960,1.0
DURHAM - 37,DURHAM - 37,6306,78,6306,1.0
DURHAM - 37,DURHAM - 45,0,1,6306,0.0
DURHAM - 38,DURHAM - 38,9546,86,9546,1.0
DURHAM - 39,DURHAM - 56,3145,56,3145,1.0
DURHAM - 40,DURHAM - 40,2321,32,2321,1.0
DURHAM - 41,DURHAM - 41,1458,22,1458,1.0
DURHAM - 42,DURHAM - 42,1308,23,1308,1.0
DURHAM - 43,DURHAM - 43,7236,135,7236,1.0
DURHAM - 43,ORANGE - PA,0,1,7236,0.0
DURHAM - 44,DURHAM - 44,6394,104,6394,1.0
DURHAM - 45,DURHAM - 45,5321,104,5321,1.0
DURHAM - 46,DURHAM - 46,4781,83,4781,1.0
DURHAM - 47,DURHAM - 47,2163,28,2163,1.0
DURHAM - 48,DURHAM - 56,1845,13,1845,1.0
DURHAM - 50,DURHAM - 50,4817,63,4817,1.0
DURHAM - 51,DURHAM - 51,5694,53,5694,1.0
DURHAM - 52,DURHAM - 52,4711,51,4711,1.0
DURHAM - 53-1,DURHAM - 57,3564,55,3564,1.0
DURHAM - 53-2,DURHAM - 53-2,4986,74,4986,1.0
DURHAM - 54,DURHAM - 54,9608,75,9608,1.0
DURHAM - 55-11,DURHAM - 55-11,2036,32,2415,0.843064182194617
DURHAM - 55-11,DURHAM - 55-49,379,1,2415,0.15693581780538302
DURHAM - 55-49,DURHAM - 55-49,2278,13,2278,1.0
EDGECOMBE - 0101,EDGECOMBE - 0101,2172,123,2172,1.0
EDGECOMBE - 0102,EDGECOMBE - 0102,3775,183,3775,1.0
EDGECOMBE - 0103,EDGECOMBE - 0103,2635,99,2635,1.0
EDGECOMBE - 0104,EDGECOMBE - 0104,2269,77,2269,1.0
EDGECOMBE - 0201,EDGECOMBE - 0201,1236,92,1236,1.0
EDGECOMBE - 0201,PITT - 0301,0,2,1236,0.0
EDGECOMBE - 0301,EDGECOMBE - 0301,525,64,525,1.0
EDGECOMBE - 0401,EDGECOMBE - 0401,628,28,628,1.0
EDGECOMBE - 0501,EDGECOMBE - 0501,815,51,815,1.0
EDGECOMBE - 0601,EDGECOMBE - 0601,1055,64,1055,1.0
EDGECOMBE - 0601,HALIFAX - ENF 2,0,6,1055,0.0
EDGECOMBE - 0701,EDGECOMBE - 0701,1832,110,1832,1.0
EDGECOMBE - 0801,EDGECOMBE - 0801,1739,48,1739,1.0
EDGECOMBE - 0801,PITT - 0701,0,1,1739,0.0
EDGECOMBE - 0901,EDGECOMBE - 0901,1242,67,1243,0.999195494770716
EDGECOMBE - 0901,WILSON - PRSA,1,2,1243,0.0008045052292839903
EDGECOMBE - 1001,EDGECOMBE - 1001,2245,114,2262,0.9924845269672856
EDGECOMBE - 1001,WILSON - PRGA,17,1,2262,0.007515473032714412
EDGECOMBE - 1101,EDGECOMBE - 1101,1155,60,1155,1.0
EDGECOMBE - 1201,EDGECOMBE - 1201,3946,130,3946,1.0
EDGECOMBE - 1202,EDGECOMBE - 1202,2100,100,2100,1.0
EDGECOMBE - 1203,EDGECOMBE - 1203,3272,119,3272,1.0
EDGECOMBE - 1203,EDGECOMBE - 1202,0,1,3272,0.0
EDGECOMBE - 1204,EDGECOMBE - 1204,1694,66,1694,1.0
EDGECOMBE - 1205,EDGECOMBE - 1205,1225,92,1225,1.0
EDGECOMBE - 1301,EDGECOMBE - 1301,1377,34,1377,1.0
EDGECOMBE - 1401,EDGECOMBE - 1401,1225,35,1225,1.0
FORSYTH - 011,FORSYTH - 016,2848,41,5078,0.5608507286333202
FORSYTH - 011,FORSYTH - 017,2230,46,5078,0.4391492713666798
FORSYTH - 012,FORSYTH - 012,3023,76,3031,0.9973606070603761
FORSYTH - 012,DAVIDSON - 80A,8,1,3031,0.0026393929396238865
FORSYTH - 012,DAVIDSON - 86A,0,2,3031,0.0
FORSYTH - 013,FORSYTH - 013,4285,100,4285,1.0
FORSYTH - 014,FORSYTH - 014,2608,85,2608,1.0
FORSYTH - 015,FORSYTH - 015,3409,79,3409,1.0
FORSYTH - 021,FORSYTH - 021,3960,93,3960,1.0
FORSYTH - 031,FORSYTH - 031,2227,65,2227,1.0
FORSYTH - 032,FORSYTH - 032,3146,138,3146,1.0
FORSYTH - 033,FORSYTH - 033,3329,78,3329,1.0
FORSYTH - 034,FORSYTH - 034,2883,93,2883,1.0
FORSYTH - 042,FORSYTH - 042,4717,116,4726,0.9980956411341515
FORSYTH - 042,FORSYTH - 506,9,1,4726,0.0019043588658484976
FORSYTH - 043,FORSYTH - 043,4391,121,4391,1.0
FORSYTH - 051,FORSYTH - 051,3648,56,3648,1.0
FORSYTH - 052,FORSYTH - 052,1267,30,1267,1.0
FORSYTH - 053,FORSYTH - 053,2597,33,2605,0.9969289827255279
FORSYTH - 053,DAVIDSON - 84,8,2,2605,0.003071017274472169
FORSYTH - 054,FORSYTH - 054,2668,40,2668,1.0
FORSYTH - 055,FORSYTH - 055,4025,74,4025,1.0
FORSYTH - 061,FORSYTH - 061,3106,100,3106,1.0
FORSYTH - 062,FORSYTH - 062,1939,27,1939,1.0
FORSYTH - 063,FORSYTH - 063,4374,154,4374,1.0
FORSYTH - 064,FORSYTH - 064,1598,41,1598,1.0
FORSYTH - 065,FORSYTH - 065,4206,64,4206,1.0
FORSYTH - 066,FORSYTH - 066,3342,48,3342,1.0
FORSYTH - 067,FORSYTH - 067,2757,40,2757,1.0
FORSYTH - 068,FORSYTH - 068,2772,38,2772,1.0
FORSYTH - 071,FORSYTH - 071,3824,46,3824,1.0
FORSYTH - 072,FORSYTH - 076,3487,79,6856,0.5086056009334889
FORSYTH - 072,FORSYTH - 077,3369,40,6856,0.4913943990665111
FORSYTH - 073,FORSYTH - 073,2994,56,2994,1.0
FORSYTH - 074,FORSYTH - 074,3588,57,3588,1.0
FORSYTH - 075,FORSYTH - 075,785,31,785,1.0
FORSYTH - 081,FORSYTH - 081,4260,62,4260,1.0
FORSYTH - 082,FORSYTH - 084,2481,75,4939,0.5023284065600324
FORSYTH - 082,FORSYTH - 085,2458,121,4939,0.4976715934399676
FORSYTH - 083,FORSYTH - 083,2563,91,2563,1.0
FORSYTH - 091,FORSYTH - 091,2420,80,2420,1.0
FORSYTH - 092,FORSYTH - 092,1892,128,1936,0.9772727272727273
FORSYTH - 092,STOKES - 11,44,1,1936,0.022727272727272728
FORSYTH - 101,FORSYTH - 101,2565,48,2565,1.0
FORSYTH - 101,FORSYTH - 132,0,1,2565,0.0
FORSYTH - 111,FORSYTH - 111,2093,58,2093,1.0
FORSYTH - 112,FORSYTH - 112,3675,96,3675,1.0
FORSYTH - 122,FORSYTH - 121,3790,67,7461,0.507974802305321
FORSYTH - 122,FORSYTH - 124,3668,62,7461,0.49162310682214183
FORSYTH - 122,DAVIDSON - 84,3,2,7461,0.0004020908725371934
FORSYTH - 123,FORSYTH - 123,3697,58,3697,1.0
FORSYTH - 131,FORSYTH - 131,3570,71,3570,1.0
FORSYTH - 132,FORSYTH - 132,4371,96,4371,1.0
FORSYTH - 133,FORSYTH - 135,3110,64,6203,0.5013703046912784
FORSYTH - 133,FORSYTH - 134,3093,75,6203,0.4986296953087216
FORSYTH - 133,YADKIN - FBSH,0,1,6203,0.0
FORSYTH - 201,FORSYTH - 208,3285,46,6337,0.5183840934195992
FORSYTH - 201,FORSYTH - 202,3052,25,6337,0.4816159065804008
FORSYTH - 203,FORSYTH - 203,1879,44,1879,1.0
FORSYTH - 204,FORSYTH - 204,1905,49,1905,1.0
FORSYTH - 205,FORSYTH - 205,895,27,895,1.0
FORSYTH - 206,FORSYTH - 206,2046,47,2046,1.0
FORSYTH - 207,FORSYTH - 207,3635,49,3635,1.0
FORSYTH - 301,FORSYTH - 301,1088,60,1088,1.0
FORSYTH - 302,FORSYTH - 302,1234,63,1234,1.0
FORSYTH - 303,FORSYTH - 303,947,24,947,1.0
FORSYTH - 304,FORSYTH - 304,1991,49,1991,1.0
FORSYTH - 305,FORSYTH - 305,1510,20,1510,1.0
FORSYTH - 306,FORSYTH - 306,2398,49,2398,1.0
FORSYTH - 401,FORSYTH - 401,2436,68,2436,1.0
FORSYTH - 401,FORSYTH - 508,0,2,2436,0.0
FORSYTH - 402,FORSYTH - 402,1494,47,1494,1.0
FORSYTH - 403,FORSYTH - 403,2270,117,2270,1.0
FORSYTH - 404,FORSYTH - 404,3720,124,3720,1.0
FORSYTH - 405,FORSYTH - 405,3158,74,3158,1.0
FORSYTH - 501,FORSYTH - 501,2320,32,2320,1.0
FORSYTH - 502,FORSYTH - 502,2077,52,2077,1.0
FORSYTH - 503,FORSYTH - 503,2318,91,2318,1.0
FORSYTH - 503,FORSYTH - 405,0,3,2318,0.0
FORSYTH - 504,FORSYTH - 504,2020,45,2020,1.0
FORSYTH - 505,FORSYTH - 505,2976,47,2976,1.0
FORSYTH - 506,FORSYTH - 506,2281,36,2281,1.0
FORSYTH - 507,FORSYTH - 508,3505,37,6199,0.5654137764155509
FORSYTH - 507,FORSYTH - 509,2694,38,6199,0.4345862235844491
FORSYTH - 601,FORSYTH - 601,2493,87,2566,0.9715510522213562
FORSYTH - 601,FORSYTH - 902,73,3,2566,0.028448947778643804
FORSYTH - 602,FORSYTH - 602,4950,54,4950,1.0
FORSYTH - 603,FORSYTH - 603,2504,81,2504,1.0
FORSYTH - 604,FORSYTH - 604,2570,41,2570,1.0
FORSYTH - 605,FORSYTH - 605,4566,66,4566,1.0
FORSYTH - 606,FORSYTH - 606,2422,45,2422,1.0
FORSYTH - 607,FORSYTH - 607,2666,34,2666,1.0
FORSYTH - 701,FORSYTH - 701,1726,43,1726,1.0
FORSYTH - 702,FORSYTH - 702,1600,32,1600,1.0
FORSYTH - 702,FORSYTH - 701,0,1,1600,0.0
FORSYTH - 703,FORSYTH - 703,1302,36,1302,1.0
FORSYTH - 703,FORSYTH - 701,0,2,1302,0.0
FORSYTH - 704,FORSYTH - 704,1922,36,1922,1.0
FORSYTH - 705,FORSYTH - 705,2876,87,2876,1.0
FORSYTH - 706,FORSYTH - 706,1683,19,1683,1.0
FORSYTH - 707,FORSYTH - 707,1724,37,1724,1.0
FORSYTH - 708,FORSYTH - 708,4896,81,4896,1.0
FORSYTH - 709,FORSYTH - 709,3863,78,3863,1.0
FORSYTH - 801,FORSYTH - 801,1458,21,1458,1.0
FORSYTH - 802,FORSYTH - 802,1409,38,1409,1.0
FORSYTH - 803,FORSYTH - 803,1581,44,1581,1.0
FORSYTH - 804,FORSYTH - 804,1170,35,1170,1.0
FORSYTH - 805,FORSYTH - 805,2234,37,2234,1.0
FORSYTH - 806,FORSYTH - 806,2082,25,2082,1.0
FORSYTH - 807,FORSYTH - 807,2013,26,2013,1.0
FORSYTH - 808,FORSYTH - 808,4690,33,4690,1.0
FORSYTH - 809,FORSYTH - 809,2533,44,2533,1.0
FORSYTH - 901,FORSYTH - 901,1752,56,1752,1.0
FORSYTH - 902,FORSYTH - 902,2551,63,2551,1.0
FORSYTH - 903,FORSYTH - 903,4344,44,4344,1.0
FORSYTH - 904,FORSYTH - 904,3407,42,3407,1.0
FORSYTH - 905,FORSYTH - 905,4495,32,4495,1.0
FORSYTH - 906,FORSYTH - 906,3393,40,3393,1.0
FORSYTH - 907,FORSYTH - 907,2061,31,2061,1.0
FORSYTH - 908,FORSYTH - 908,2585,54,2585,1.0
FORSYTH - 909,FORSYTH - 909,1514,28,1514,1.0
FRANKLIN - 01,FRANKLIN - 01,2046,113,2049,0.9985358711566618
FRANKLIN - 01,FRANKLIN - 16,3,1,2049,0.0014641288433382138
FRANKLIN - 02,FRANKLIN - 02,2022,62,2263,0.8935041979673001
FRANKLIN - 02,FRANKLIN - 01,241,2,2263,0.10649580203269995
FRANKLIN - 03,FRANKLIN - 03,4322,148,4343,0.995164632742344
FRANKLIN - 03,FRANKLIN - 15,21,3,4343,0.004835367257655998
FRANKLIN - 05,FRANKLIN - 05,3053,67,3053,1.0
FRANKLIN - 06,FRANKLIN - 06,2451,70,2451,1.0
FRANKLIN - 07,FRANKLIN - 07,2122,45,2122,1.0
FRANKLIN - 08,FRANKLIN - 08,3991,175,3991,1.0
FRANKLIN - 09,FRANKLIN - 09,1776,88,1776,1.0
FRANKLIN - 10,FRANKLIN - 10,1167,72,1167,1.0
FRANKLIN - 10,NASH - P09A,0,1,1167,0.0
FRANKLIN - 10,NASH - P10A,0,1,1167,0.0
FRANKLIN - 11,FRANKLIN - 11,1935,66,1935,1.0
FRANKLIN - 12,FRANKLIN - 12,1629,45,1629,1.0
FRANKLIN - 13,FRANKLIN - 13,2311,60,2311,1.0
FRANKLIN - 14,FRANKLIN - 14,4544,54,4544,1.0
FRANKLIN - 15,FRANKLIN - 15,3358,103,3379,0.9937851435335898
FRANKLIN - 15,FRANKLIN - 03,21,1,3379,0.006214856466410181
FRANKLIN - 16,FRANKLIN - 16,2212,78,2212,1.0
FRANKLIN - 17,FRANKLIN - 17,4022,64,4022,1.0
FRANKLIN - 18,FRANKLIN - 18,3295,71,3295,1.0
FRANKLIN - 19,FRANKLIN - 19,6602,119,6602,1.0
GASTON - 01,GASTON - 1A,1482,66,1482,1.0
GASTON - 02,GASTON - 2A,3211,102,3211,1.0
GASTON - 03,GASTON - 2A,2763,81,2763,1.0
GASTON - 04,GASTON - 5A,6800,140,6800,1.0
GASTON - 05,GASTON - 15A,3497,113,3497,1.0
GASTON - 06,GASTON - 15A,2247,75,2247,1.0
GASTON - 07,GASTON - 16A,1926,85,1926,1.0
GASTON - 08,GASTON - 16A,2384,49,2384,1.0
GASTON - 09,GASTON - 28A,2599,49,2599,1.0
GASTON - 10,GASTON - 28A,3307,54,3307,1.0
GASTON - 11,GASTON - 1A,2559,84,2559,1.0
GASTON - 12,GASTON - 17A,4295,101,4311,0.996288564138251
GASTON - 12,GASTON - 25A,16,1,4311,0.003711435861749014
GASTON - 13,GASTON - 25A,3602,103,3602,1.0
GASTON - 14,GASTON - 27A,1185,61,1185,1.0
GASTON - 15,GASTON - 30A,7056,72,7056,1.0
GASTON - 16,GASTON - 31A,4614,65,4614,1.0
GASTON - 17,GASTON - 3A,4758,58,4758,1.0
GASTON - 18,GASTON - 29A,5989,57,7574,0.7907314496963296
GASTON - 18,GASTON - 27A,1585,47,7574,0.20926855030367045
GASTON - 19,GASTON - 4A,5864,142,6063,0.9671779647039419
GASTON - 19,GASTON - 5A,199,5,6063,0.03282203529605806
GASTON - 20,GASTON - 8A,4634,165,4652,0.9961306964746346
GASTON - 20,CLEVELAND - KM N,18,4,4652,0.003869303525365434
GASTON - 21,GASTON - 7A,2879,165,3019,0.9536270288174893
GASTON - 21,GASTON - 15A,140,12,3019,0.04637297118251076
GASTON - 22,GASTON - 6A,4914,154,4916,0.999593165174939
GASTON - 22,CLEVELAND - KM S,2,2,4916,0.0004068348250610252
GASTON - 23,GASTON - 39A,3825,120,3825,1.0
GASTON - 24,GASTON - 38A,3912,142,3912,1.0
GASTON - 24,GASTON - 34A,0,1,3912,0.0
GASTON - 25,GASTON - 36A,2991,109,3591,0.8329156223893066
GASTON - 25,GASTON - 37A,517,14,3591,0.1439710387078808
GASTON - 25,GASTON - 34A,83,6,3591,0.023113338902812586
GASTON - 26,GASTON - 37A,3731,73,3731,1.0
GASTON - 27,GASTON - 40A,4687,135,4687,1.0
GASTON - 27,MECKLENBURG - 243,0,1,4687,0.0
GASTON - 28,GASTON - 34A,4029,111,4029,1.0
GASTON - 29,GASTON - 33A,4773,98,4796,0.9952043369474562
GASTON - 29,GASTON - 34A,23,6,4796,0.0047956630525437865
GASTON - 30,GASTON - 35A,3017,109,3021,0.9986759351208209
GASTON - 30,GASTON - 26A,4,7,3021,0.0013240648791790798
GASTON - 30,GASTON - 34A,0,1,3021,0.0
GASTON - 31,GASTON - 32A,3559,61,3559,1.0
GASTON - 32,GASTON - 26A,2837,121,2837,1.0
GASTON - 33,GASTON - 9A,2793,52,2793,1.0
GASTON - 34,GASTON - 12A,2852,71,2901,0.9831092726645985
GASTON - 34,LINCOLN - LB34,49,7,2901,0.016890727335401586
GASTON - 35,GASTON - 10A,2192,97,2192,1.0
GASTON - 36,GASTON - 11A,3759,131,3759,1.0
GASTON - 36,LINCOLN - NB35,0,1,3759,0.0
GASTON - 37,GASTON - 10A,1786,105,1786,1.0
GASTON - 38,GASTON - 13A,3207,129,3207,1.0
GASTON - 39,GASTON - 19A,4172,87,4172,1.0
GASTON - 40,GASTON - 14A,5975,159,5975,1.0
GASTON - 41,GASTON - 18A,4732,145,4732,1.0
GASTON - 42,GASTON - 21A,2934,100,2934,1.0
GASTON - 43,GASTON - 20A,5029,112,5029,1.0
GASTON - 44,GASTON - 24A,5464,138,5464,1.0
GASTON - 45,GASTON - 22A,4427,130,4427,1.0
GASTON - 46,GASTON - 23A,5997,107,5997,1.0
GATES - 1,GATES - 1,1562,66,1562,1.0
GATES - 2,GATES - 2,1037,54,1037,1.0
GATES - 3,GATES - 3,1987,70,1987,1.0
GATES - 4N,GATES - 4N,1700,61,1700,1.0
GATES - 4S,GATES - 4S,937,37,937,1.0
GATES - 5,GATES - 5,1120,50,1120,1.0
GRAHAM - EAST,GRAHAM - EAST,2597,197,2597,1.0
GRAHAM - STEC,GRAHAM - STEC,1170,168,1170,1.0
GRAHAM - TAPO,GRAHAM - TAPO,426,130,426,1.0
GRAHAM - WEST,GRAHAM - WEST,2177,255,2177,1.0
GRANVILLE - ANTI,GRANVILLE - ANTI,1059,26,1349,0.7850259451445515
GRANVILLE - ANTI,GRANVILLE - EAOX,290,6,1349,0.2149740548554485
GRANVILLE - BERE,GRANVILLE - BERE,1737,90,1737,1.0
GRANVILLE - BTNR,GRANVILLE - BTNR,7519,158,7519,1.0
GRANVILLE - CORI,GRANVILLE - CORI,2548,95,2716,0.9381443298969072
GRANVILLE - CORI,GRANVILLE - SOOX,168,8,2716,0.061855670103092786
GRANVILLE - CRDL,GRANVILLE - CRDL,2286,74,2286,1.0
GRANVILLE - CRDM,GRANVILLE - CRDM,5494,159,5494,1.0
GRANVILLE - EAOX,GRANVILLE - EAOX,1942,76,1951,0.9953869810353665
GRANVILLE - EAOX,GRANVILLE - SALM,9,2,1951,0.0046130189646335215
GRANVILLE - MTEN,GRANVILLE - MTEN,5224,92,5224,1.0
GRANVILLE - OKHL,GRANVILLE - OKHL,1380,90,1380,1.0
GRANVILLE - SALM,GRANVILLE - SALM,1859,93,1924,0.9662162162162162
GRANVILLE - SALM,GRANVILLE - EAOX,65,3,1924,0.033783783783783786
GRANVILLE - SASS,GRANVILLE - SASS,2075,102,2075,1.0
GRANVILLE - SOOX,GRANVILLE - SOOX,1739,81,1739,1.0
GRANVILLE - SOOX,GRANVILLE - CORI,0,1,1739,0.0
GRANVILLE - TYHO,GRANVILLE - TYHO,4852,154,4852,1.0
GRANVILLE - WILT,GRANVILLE - WILT,6331,84,6331,1.0
GRANVILLE - WOEL,GRANVILLE - WOEL,1618,58,1618,1.0
GRANVILLE - WOEL,GRANVILLE - CRDL,0,1,1618,0.0
GREENE - ARBA,GREENE - ARBA,1091,43,1091,1.0
GREENE - BEAR,GREENE - BEAR,1011,36,1076,0.9395910780669146
GREENE - BEAR,GREENE - SH#1,65,4,1076,0.0604089219330855
GREENE - BULL,GREENE - BULL,1107,54,1107,1.0
GREENE - BULL,WAYNE - 02,0,3,1107,0.0
GREENE - BULL,WAYNE - 07,0,1,1107,0.0
GREENE - CAST,GREENE - CAST,1043,56,1043,1.0
GREENE - HOOK,GREENE - HOOK,967,44,967,1.0
GREENE - HOOK,LENOIR - V,0,2,967,0.0
GREENE - MAUR,GREENE - MAUR,4913,84,4913,1.0
GREENE - SH#1,GREENE - SH#1,1946,93,1946,1.0
GREENE - SHIN,GREENE - SHIN,1897,77,1916,0.9900835073068893
GREENE - SHIN,WAYNE - 07,19,2,1916,0.009916492693110648
GREENE - SUGG,GREENE - SUGG,1238,39,1238,1.0
GREENE - WALS,GREENE - WALS,1282,82,1282,1.0
GUILFORD - CG1,GUILFORD - CG1,3409,30,3409,1.0
GUILFORD - CG1,GUILFORD - G28,0,1,3409,0.0
GUILFORD - CG2,GUILFORD - CG2,2230,34,2230,1.0
GUILFORD - CG3A,GUILFORD - CG3A,1813,21,1813,1.0
GUILFORD - CG3B,GUILFORD - CG3B,2715,55,2715,1.0
GUILFORD - FEN1,GUILFORD - FEN1,4091,104,4118,0.9934434191355027
GUILFORD - FEN1,GUILFORD - G75,27,1,4118,0.006556580864497329
GUILFORD - FEN2,GUILFORD - FEN2,1993,39,1993,1.0
GUILFORD - FR1,GUILFORD - FR1,5728,85,5728,1.0
GUILFORD - FR2,GUILFORD - FR2,2561,64,2561,1.0
GUILFORD - FR3,GUILFORD - FR3,1570,18,1570,1.0
GUILFORD - FR4,GUILFORD - FR4,1481,74,1481,1.0
GUILFORD - FR5A,GUILFORD - FR5A,1943,59,2109,0.9212897107633949
GUILFORD - FR5A,GUILFORD - FR5B,166,2,2109,0.07871028923660503
GUILFORD - FR5B,GUILFORD - FR5B,1282,42,1678,0.7640047675804529
GUILFORD - FR5B,GUILFORD - FR5A,396,2,1678,0.2359952324195471
GUILFORD - G01,GUILFORD - G01,1619,37,1619,1.0
GUILFORD - G02,GUILFORD - G02,1850,65,1850,1.0
GUILFORD - G03,GUILFORD - G03,2336,67,2336,1.0
GUILFORD - G04,GUILFORD - G04,2436,60,2436,1.0
GUILFORD - G05,GUILFORD - G05,1538,27,1538,1.0
GUILFORD - G06,GUILFORD - G06,1583,37,1583,1.0
GUILFORD - G07,GUILFORD - G07,3136,69,3136,1.0
GUILFORD - G08,GUILFORD - G08,3043,43,3043,1.0
GUILFORD - G09,GUILFORD - G09,3895,39,3895,1.0
GUILFORD - G10,GUILFORD - G10,3546,64,3546,1.0
GUILFORD - G11,GUILFORD - G11,1895,92,1895,1.0
GUILFORD - G12,GUILFORD - G12,1162,49,1162,1.0
GUILFORD - G13,GUILFORD - G13,1473,57,1473,1.0
GUILFORD - G14,GUILFORD - G14,1172,46,1172,1.0
GUILFORD - G15,GUILFORD - G15,1401,48,1401,1.0
GUILFORD - G16,GUILFORD - G16,1325,34,1325,1.0
GUILFORD - G17,GUILFORD - G17,1738,72,1738,1.0
GUILFORD - G18,GUILFORD - G18,1234,51,1234,1.0
GUILFORD - G19,GUILFORD - G19,1656,61,1656,1.0
GUILFORD - G20,GUILFORD - G20,2641,79,2641,1.0
GUILFORD - G21,GUILFORD - G21,4205,74,4205,1.0
GUILFORD - G22,GUILFORD - G22,1708,32,1708,1.0
GUILFORD - G23,GUILFORD - G23,1723,27,1723,1.0
GUILFORD - G24,GUILFORD - G24,1705,15,1705,1.0
GUILFORD - G25,GUILFORD - G25,1978,14,1978,1.0
GUILFORD - G26,GUILFORD - G26,3591,56,3591,1.0
GUILFORD - G27,GUILFORD - G27,3104,33,3104,1.0
GUILFORD - G28,GUILFORD - G28,1237,15,1237,1.0
GUILFORD - G29,GUILFORD - G29,2105,40,2105,1.0
GUILFORD - G30,GUILFORD - G30,1755,35,1755,1.0
GUILFORD - G31,GUILFORD - G31,1549,53,1549,1.0
GUILFORD - G32,GUILFORD - G32,2277,45,2277,1.0
GUILFORD - G33,GUILFORD - G33,1553,33,1553,1.0
GUILFORD - G34,GUILFORD - G34,1681,29,1681,1.0
GUILFORD - G35,GUILFORD - G35,1145,29,1145,1.0
GUILFORD - G36,GUILFORD - G36,2160,32,2160,1.0
GUILFORD - G37,GUILFORD - G37,3442,28,3442,1.0
GUILFORD - G38,GUILFORD - G38,2571,30,2571,1.0
GUILFORD - G39,GUILFORD - G39,1948,24,1948,1.0
GUILFORD - G40A1,GUILFORD - G40A1,1653,30,1653,1.0
GUILFORD - G40A2,GUILFORD - G40A2,1516,17,1516,1.0
GUILFORD - G40B,GUILFORD - G40B,1601,12,1601,1.0
GUILFORD - G41A,GUILFORD - G41A,1725,15,2109,0.817923186344239
GUILFORD - G41A,GUILFORD - G41B,384,1,2109,0.18207681365576103
GUILFORD - G41B,GUILFORD - G41B,1949,28,2233,0.8728168383340797
GUILFORD - G41B,GUILFORD - G41A,284,3,2233,0.12718316166592028
GUILFORD - G42A,GUILFORD - G42A,1647,31,1994,0.8259779338014042
GUILFORD - G42A,GUILFORD - G42B,347,4,1994,0.17402206619859578
GUILFORD - G42B,GUILFORD - G42B,738,3,738,1.0
GUILFORD - G43,GUILFORD - G43,3803,39,3803,1.0
GUILFORD - G44,GUILFORD - G44,4226,88,4226,1.0
GUILFORD - G45,GUILFORD - G45,5790,29,5790,1.0
GUILFORD - G46,GUILFORD - G46,3779,76,3779,1.0
GUILFORD - G47,GUILFORD - G47,3844,90,3844,1.0
GUILFORD - G48,GUILFORD - G48,5068,76,5068,1.0
GUILFORD - G49,GUILFORD - G49,1619,33,1619,1.0
GUILFORD - G50,GUILFORD - G50,4704,106,4704,1.0
GUILFORD - G51,GUILFORD - G51,2540,66,2540,1.0
GUILFORD - G52,GUILFORD - G52,2590,62,2590,1.0
GUILFORD - G53,GUILFORD - G53,3550,68,3550,1.0
GUILFORD - G54,GUILFORD - G54,3558,45,3558,1.0
GUILFORD - G55,GUILFORD - G55,2751,48,2751,1.0
GUILFORD - G56,GUILFORD - G56,2200,49,2200,1.0
GUILFORD - G57,GUILFORD - G57,2242,45,2242,1.0
GUILFORD - G58,GUILFORD - G58,2624,35,2624,1.0
GUILFORD - G59,GUILFORD - G59,1863,44,1863,1.0
GUILFORD - G60,GUILFORD - G60,3121,44,3121,1.0
GUILFORD - G61,GUILFORD - G61,2658,50,2666,0.9969992498124531
GUILFORD - G61,GUILFORD - JAM3,8,1,2666,0.003000750187546887
GUILFORD - G62,GUILFORD - G62,2017,28,2017,1.0
GUILFORD - G63,GUILFORD - G63,2287,18,2287,1.0
GUILFORD - G64,GUILFORD - G64,3641,115,3641,1.0
GUILFORD - G65,GUILFORD - G65,2933,22,2933,1.0
GUILFORD - G65,GUILFORD - JAM2,0,1,2933,0.0
GUILFORD - G66,GUILFORD - G66,2628,16,2628,1.0
GUILFORD - G67,GUILFORD - G67,1734,39,1734,1.0
GUILFORD - G68,GUILFORD - G68,3152,43,3152,1.0
GUILFORD - G69,GUILFORD - G69,2602,89,2602,1.0
GUILFORD - G70,GUILFORD - G70,3013,59,3013,1.0
GUILFORD - G71,GUILFORD - G71,2794,70,2794,1.0
GUILFORD - G72,GUILFORD - G72,2991,39,2991,1.0
GUILFORD - G73,GUILFORD - G73,1723,58,1723,1.0
GUILFORD - G74,GUILFORD - G74,2157,67,2157,1.0
GUILFORD - G75,GUILFORD - G75,1774,66,1774,1.0
GUILFORD - GIB,GUILFORD - GIB,3125,111,3140,0.9952229299363057
GUILFORD - GIB,ALAMANCE - 03W,15,1,3140,0.004777070063694267
GUILFORD - GR,GUILFORD - GR,2843,122,2843,1.0
GUILFORD - GR,RANDOLPH - LB,0,1,2843,0.0
GUILFORD - H01,GUILFORD - H01,3061,113,3061,1.0
GUILFORD - H01,DAVIDSON - 72,0,2,3061,0.0
GUILFORD - H02,GUILFORD - H02,2111,54,2111,1.0
GUILFORD - H03,GUILFORD - H03,2867,145,2867,1.0
GUILFORD - H04,GUILFORD - H04,3728,118,3731,0.9991959260251944
GUILFORD - H04,GUILFORD - JAM5,3,4,3731,0.0008040739748056821
GUILFORD - H05,GUILFORD - H05,2818,61,2818,1.0
GUILFORD - H05,GUILFORD - H06,0,1,2818,0.0
GUILFORD - H06,GUILFORD - H06,3304,67,3304,1.0
GUILFORD - H07,GUILFORD - H07,1900,70,1900,1.0
GUILFORD - H08,GUILFORD - H08,1714,61,1714,1.0
GUILFORD - H09,GUILFORD - H09,2273,67,2273,1.0
GUILFORD - H10,GUILFORD - H10,2379,52,2379,1.0
GUILFORD - H11,GUILFORD - H11,5260,64,5260,1.0
GUILFORD - H12,GUILFORD - H12,1780,73,1780,1.0
GUILFORD - H13,GUILFORD - H13,2048,97,2048,1.0
GUILFORD - H14,GUILFORD - H14,1464,37,1464,1.0
GUILFORD - H15,GUILFORD - H15,2430,20,2439,0.996309963099631
GUILFORD - H15,DAVIDSON - 88,9,1,2439,0.0036900369003690036
GUILFORD - H16,GUILFORD - H16,1592,63,1592,1.0
GUILFORD - H17,GUILFORD - H17,1840,31,1840,1.0
GUILFORD - H18,GUILFORD - H18,2698,28,2698,1.0
GUILFORD - H19A,GUILFORD - H19A,1706,21,1706,1.0
GUILFORD - H19B,GUILFORD - H19B,1285,15,1285,1.0
GUILFORD - H20A,GUILFORD - H20A,1682,32,1682,1.0
GUILFORD - H20B,GUILFORD - H20B,1316,15,1316,1.0
GUILFORD - H21,GUILFORD - H21,1688,16,1688,1.0
GUILFORD - H22,GUILFORD - H22,1947,36,1947,1.0
GUILFORD - H23,GUILFORD - H23,1632,39,1644,0.9927007299270073
GUILFORD - H23,DAVIDSON - 86A,12,1,1644,0.0072992700729927005
GUILFORD - H24,GUILFORD - H24,2504,42,2506,0.9992019154030327
GUILFORD - H24,GUILFORD - SDRI,2,1,2506,0.0007980845969672786
GUILFORD - H25,GUILFORD - H25,3354,39,3354,1.0
GUILFORD - H26,GUILFORD - H26,2186,29,2186,1.0
GUILFORD - H26,GUILFORD - H28,0,1,2186,0.0
GUILFORD - H27-A,GUILFORD - H27-B,1470,11,2618,0.5614973262032086
GUILFORD - H27-A,GUILFORD - H27-A,1140,19,2618,0.43544690603514136
GUILFORD - H27-A,GUILFORD - SDRI,8,1,2618,0.0030557677616501145
GUILFORD - H27-B,GUILFORD - H27-A,996,3,1872,0.532051282051282
GUILFORD - H27-B,GUILFORD - H27-B,876,13,1872,0.46794871794871795
GUILFORD - H28,GUILFORD - H28,3103,90,3103,1.0
GUILFORD - H29A,GUILFORD - H29A,2723,73,2723,1.0
GUILFORD - H29A,GUILFORD - H28,0,3,2723,0.0
GUILFORD - H29A,GUILFORD - JAM2,0,1,2723,0.0
GUILFORD - H29B,GUILFORD - H29B,3541,107,3541,1.0
GUILFORD - JAM1,GUILFORD - JAM1,2821,74,2821,1.0
GUILFORD - JAM2,GUILFORD - JAM2,1916,36,1916,1.0
GUILFORD - JAM3,GUILFORD - JAM3,2027,111,2027,1.0
GUILFORD - JAM3,GUILFORD - JAM4,0,1,2027,0.0
GUILFORD - JAM4,GUILFORD - JAM4,2941,153,2941,1.0
GUILFORD - JAM4,GUILFORD - JAM3,0,1,2941,0.0
GUILFORD - JAM5,GUILFORD - JAM5,1942,171,1957,0.9923352069494124
GUILFORD - JAM5,RANDOLPH - AR,15,7,1957,0.007664793050587634
GUILFORD - JAM5,GUILFORD - H04,0,3,1957,0.0
GUILFORD - JEF1,GUILFORD - JEF1,3634,154,3634,1.0
GUILFORD - JEF2,GUILFORD - JEF2,3468,128,3468,1.0
GUILFORD - JEF3,GUILFORD - JEF3,4081,86,4081,1.0
GUILFORD - JEF4,GUILFORD - JEF4,2214,105,2214,1.0
GUILFORD - MON1,GUILFORD - MON1,3593,107,3593,1.0
GUILFORD - MON2A,GUILFORD - MON2A,3973,93,3973,1.0
GUILFORD - MON2B,GUILFORD - MON2B,1852,40,1852,1.0
GUILFORD - MON3,GUILFORD - MON3,4756,146,4756,1.0
GUILFORD - MON3,ROCKINGHAM - MO,0,1,4756,0.0
GUILFORD - NCGR1,GUILFORD - NCGR1,3143,73,3143,1.0
GUILFORD - NCGR2,GUILFORD - NCGR2,2474,61,2474,1.0
GUILFORD - NCLAY1,GUILFORD - NCLAY1,2517,61,2517,1.0
GUILFORD - NCLAY2,GUILFORD - NCLAY2,1468,55,1468,1.0
GUILFORD - NDRI,GUILFORD - NDRI,2957,101,2969,0.9959582350959919
GUILFORD - NDRI,FORSYTH - 066,12,1,2969,0.0040417649040080834
GUILFORD - NMAD,GUILFORD - NMAD,3142,92,3142,1.0
GUILFORD - NWASH,GUILFORD - NWASH,1395,61,1395,1.0
GUILFORD - OR1,GUILFORD - OR1,3822,122,3822,1.0
GUILFORD - OR2,GUILFORD - OR2,2549,44,2558,0.9964816262705238
GUILFORD - OR2,GUILFORD - SF4,9,1,2558,0.003518373729476153
GUILFORD - PG1,GUILFORD - PG1,2143,53,2143,1.0
GUILFORD - PG2,GUILFORD - PG2,2848,80,2848,1.0
GUILFORD - RC1,GUILFORD - RC1,3930,91,3930,1.0
GUILFORD - RC2,GUILFORD - RC2,6325,205,6325,1.0
GUILFORD - SCLAY,GUILFORD - SCLAY,2183,85,2183,1.0
GUILFORD - SDRI,GUILFORD - SDRI,6185,185,6185,1.0
GUILFORD - SF1,GUILFORD - SF1,3423,96,3423,1.0
GUILFORD - SF2,GUILFORD - SF2,1729,53,1729,1.0
GUILFORD - SF3,GUILFORD - SF3,3366,62,3366,1.0
GUILFORD - SF4,GUILFORD - SF4,3658,67,3658,1.0
GUILFORD - SMAD,GUILFORD - SMAD,2947,63,2947,1.0
GUILFORD - STOK,GUILFORD - STOK,4456,92,4456,1.0
GUILFORD - STOK,ROCKINGHAM - HU-1,0,1,4456,0.0
GUILFORD - SUM1,GUILFORD - SUM1,2596,93,2596,1.0
GUILFORD - SUM2,GUILFORD - SUM2,2718,86,2718,1.0
GUILFORD - SUM3,GUILFORD - SUM3,1494,32,1494,1.0
GUILFORD - SUM4,GUILFORD - SUM4,2160,48,2160,1.0
GUILFORD - SWASH,GUILFORD - SWASH,1064,51,1064,1.0
HALIFAX - BUTWD,HALIFAX - BUTWD,443,35,443,1.0
HALIFAX - BUTWD,WARREN - 009,0,1,443,0.0
HALIFAX - CONC,HALIFAX - CONC,331,36,331,1.0
HALIFAX - ENF 2,HALIFAX - ENF 2,1308,98,1308,1.0
HALIFAX - ENF 2,EDGECOMBE - 0601,0,1,1308,0.0
HALIFAX - ENF1,HALIFAX - ENF1,2132,151,2132,1.0
HALIFAX - ENF1,NASH - P13A,0,5,2132,0.0
HALIFAX - FAUCT,HALIFAX - FAUCT,1342,92,1342,1.0
HALIFAX - HAL,HALIFAX - HAL,2299,101,2299,1.0
HALIFAX - HOL,HALIFAX - HOL,2291,83,2394,0.9569757727652465
HALIFAX - HOL,WARREN - 008,103,11,2394,0.04302422723475355
HALIFAX - HOL,NASH - P10A,0,3,2394,0.0
HALIFAX - HPR,HALIFAX - HPR,1147,137,1147,1.0
HALIFAX - HPR,BERTIE - RX,0,1,1147,0.0
HALIFAX - HPR,BERTIE - WD,0,1,1147,0.0
HALIFAX - HPR,MARTIN - GSN,0,1,1147,0.0
HALIFAX - LIT 1,HALIFAX - LIT,1517,66,1519,0.9986833443054641
HALIFAX - LIT 1,WARREN - 009,2,3,1519,0.0013166556945358788
HALIFAX - LIT 2,HALIFAX - LIT,1438,106,1438,1.0
HALIFAX - LIT 2,NORTHAMPTON - LAKE G,0,2,1438,0.0
HALIFAX - LIT 2,WARREN - 001,0,3,1438,0.0
HALIFAX - RINGW,HALIFAX - RINGW,1292,59,1292,1.0
HALIFAX - RINGW,NASH - P13A,0,2,1292,0.0
HALIFAX - RR 10,HALIFAX - RR 10,2809,67,2809,1.0
HALIFAX - RR 11,HALIFAX - RR 11,2755,70,2755,1.0
HALIFAX - RR 3,HALIFAX - RR3-4,1286,61,1286,1.0
HALIFAX - RR 4,HALIFAX - RR3-4,1016,37,1016,1.0
HALIFAX - RR 5,HALIFAX - RRCE,1117,51,1117,1.0
HALIFAX - RR 7,HALIFAX - RR7-9,1299,34,1299,1.0
HALIFAX - RR 9,HALIFAX - RR7-9,2984,68,2984,1.0
HALIFAX - RR1-2,HALIFAX - RR1-2,1481,65,1481,1.0
HALIFAX - RRC,HALIFAX - RRCE,2461,105,2461,1.0
HALIFAX - SN,HALIFAX - SN,2438,132,2438,1.0
HALIFAX - WEL 3,HALIFAX - WEL 3,2295,89,2295,1.0
HALIFAX - WEL1-2,HALIFAX - WEL1-2,1494,127,1494,1.0
HARNETT - PR01,HARNETT - PR36,7781,116,12608,0.6171478426395939
HARNETT - PR01,HARNETT - PR35,4300,86,12608,0.3410532994923858
HARNETT - PR01,HARNETT - PR39,527,13,12608,0.0417988578680203
HARNETT - PR01,CUMBERLAND - SL78-3,0,2,12608,0.0
HARNETT - PR07,HARNETT - PR33,8322,148,16849,0.493916552911152
HARNETT - PR07,HARNETT - PR34,8289,95,16849,0.49195797970205946
HARNETT - PR07,HARNETT - PR37,238,9,16849,0.014125467386788533
HARNETT - PR08,HARNETT - PR08,8768,197,8768,1.0
HARNETT - PR16,HARNETT - PR37,9729,130,9729,1.0
HARNETT - PR20,HARNETT - PR38,3025,100,3050,0.9918032786885246
HARNETT - PR20,HARNETT - PR39,25,3,3050,0.00819672131147541
HARNETT - PR20,CUMBERLAND - LI65,0,9,3050,0.0
HARNETT - PR23,HARNETT - PR23,6702,140,6702,1.0
HARNETT - PR24,HARNETT - PR24,8304,283,8304,1.0
HARNETT - PR24,JOHNSTON - PR14,0,1,8304,0.0
HARNETT - PR25,HARNETT - PR25,3790,247,3790,1.0
HARNETT - PR26,HARNETT - PR26,4939,237,4939,1.0
HARNETT - PR28,HARNETT - PR28,6891,109,6900,0.9986956521739131
HARNETT - PR28,WAKE - 12-02,9,2,6900,0.0013043478260869566
HARNETT - PR29,HARNETT - PR29,5371,262,5371,1.0
HARNETT - PR31,HARNETT - PR39,4096,152,4096,1.0
HARNETT - PR32,HARNETT - PR32,6946,147,6946,1.0
HAYWOOD - AC,HAYWOOD - AC,2600,87,2600,1.0
HAYWOOD - BC,HAYWOOD - BC,48,33,48,1.0
HAYWOOD - BE-1,HAYWOOD - BE1,1555,83,1555,1.0
HAYWOOD - BE-2,HAYWOOD - BE2,1365,78,1365,1.0
HAYWOOD - BE-3,HAYWOOD - BE3,2224,99,2224,1.0
HAYWOOD - BE-4,HAYWOOD - BE4,1869,59,1869,1.0
HAYWOOD - BE-7,HAYWOOD - BE7,1310,31,1310,1.0
HAYWOOD - BE56,HAYWOOD - BE5-6,2069,81,2069,1.0
HAYWOOD - CE,HAYWOOD - CE,409,40,409,1.0
HAYWOOD - CE,TRANSYLVANIA - TC1,0,2,409,0.0
HAYWOOD - CL-N,HAYWOOD - CLN,2420,87,2424,0.9983498349834984
HAYWOOD - CL-N,HAYWOOD - BE1,4,1,2424,0.0016501650165016502
HAYWOOD - CL-S,HAYWOOD - CLS,2871,133,2871,1.0
HAYWOOD - CR,HAYWOOD - CR,1562,75,1562,1.0
HAYWOOD - EF,HAYWOOD - EF,1379,80,1379,1.0
HAYWOOD - EF,TRANSYLVANIA - BD,0,1,1379,0.0
HAYWOOD - FC-1,HAYWOOD - FC-1,799,81,799,1.0
HAYWOOD - FC-2,HAYWOOD - FC-2,166,17,166,1.0
HAYWOOD - HA,HAYWOOD - HA,1293,59,1293,1.0
HAYWOOD - ID,HAYWOOD - ID,1031,48,1031,1.0
HAYWOOD - IH,HAYWOOD - IH,4268,404,4275,0.9983625730994152
HAYWOOD - IH,HAYWOOD - JC,4,1,4275,0.0009356725146198831
HAYWOOD - IH,HAYWOOD - WS-1,3,1,4275,0.0007017543859649122
HAYWOOD - JC,HAYWOOD - JC,3767,160,3767,1.0
HAYWOOD - LJ,HAYWOOD - LJ,2066,126,2066,1.0
HAYWOOD - P,HAYWOOD - P,3037,88,3037,1.0
HAYWOOD - PC,HAYWOOD - PC,1324,34,1324,1.0
HAYWOOD - SA,HAYWOOD - SA,2339,77,2339,1.0
HAYWOOD - SA,JACKSON - SCC,0,1,2339,0.0
HAYWOOD - WC,HAYWOOD - WC,907,46,907,1.0
HAYWOOD - WE,HAYWOOD - WE,1614,65,1614,1.0
HAYWOOD - WO,HAYWOOD - WO,338,27,338,1.0
HAYWOOD - WS-1,HAYWOOD - WS-1,2376,115,2376,1.0
HAYWOOD - WS-2,HAYWOOD - WS-2,2076,128,2076,1.0
HAYWOOD - WW,HAYWOOD - WW,1997,111,1997,1.0
HENDERSON - AR,HENDERSON - AR,1933,81,1933,1.0
HENDERSON - AT,HENDERSON - AT,3296,148,3296,1.0
HENDERSON - BC,HENDERSON - BC,1007,60,1007,1.0
HENDERSON - BC,BUNCOMBE - 38.2,0,1,1007,0.0
HENDERSON - BC,BUNCOMBE - 39.2,0,1,1007,0.0
HENDERSON - BK,HENDERSON - BK,1705,73,1705,1.0
HENDERSON - BK,HENDERSON - FL,0,1,1705,0.0
HENDERSON - BK,HENDERSON - PR,0,1,1705,0.0
HENDERSON - CB,HENDERSON - CB,1357,81,1357,1.0
HENDERSON - CC,HENDERSON - CC,4976,141,4976,1.0
HENDERSON - CV,HENDERSON - HV-2,59,4,59,1.0
HENDERSON - ED,HENDERSON - ED,3376,67,3376,1.0
HENDERSON - ED,POLK - CG05,0,2,3376,0.0
HENDERSON - EF,HENDERSON - EF,3849,119,3849,1.0
HENDERSON - ES,HENDERSON - ES,2480,81,2480,1.0
HENDERSON - EV,HENDERSON - EV,2757,82,2757,1.0
HENDERSON - FL,HENDERSON - FL,4997,131,4997,1.0
HENDERSON - FL,BUNCOMBE - 54.2,0,2,4997,0.0
HENDERSON - FR,HENDERSON - FR,3003,113,3003,1.0
HENDERSON - GM,HENDERSON - GM,1469,53,1469,1.0
HENDERSON - GR,HENDERSON - GR,2684,162,2684,1.0
HENDERSON - HC,HENDERSON - HC,3415,101,3430,0.9956268221574344
HENDERSON - HC,BUNCOMBE - 57.1,9,1,3430,0.0026239067055393588
HENDERSON - HC,BUNCOMBE - 38.2,6,1,3430,0.001749271137026239
HENDERSON - HS,HENDERSON - HS,2601,83,2601,1.0
HENDERSON - HV-1,HENDERSON - HV-1,2584,98,2592,0.9969135802469136
HENDERSON - HV-1,HENDERSON - NW,8,1,2592,0.0030864197530864196
HENDERSON - HV-2,HENDERSON - HV-2,3806,187,4003,0.9507869098176368
HENDERSON - HV-2,HENDERSON - NE,188,2,4003,0.04696477641768673
HENDERSON - HV-2,HENDERSON - GM,9,1,4003,0.0022483137646764927
HENDERSON - HV-2,HENDERSON - SE,0,1,4003,0.0
HENDERSON - HV-3,HENDERSON - HV-3,3023,162,3104,0.9739046391752577
HENDERSON - HV-3,HENDERSON - SW,81,6,3104,0.02609536082474227
HENDERSON - LJ,HENDERSON - LJ,1990,47,2056,0.9678988326848249
HENDERSON - LJ,HENDERSON - HV-1,60,1,2056,0.029182879377431907
HENDERSON - LJ,HENDERSON - PV,6,1,2056,0.0029182879377431907
HENDERSON - LP,HENDERSON - LP,1885,86,1885,1.0
HENDERSON - MG,HENDERSON - MG,1462,50,1462,1.0
HENDERSON - NB,HENDERSON - NB,5212,116,5344,0.9752994011976048
HENDERSON - NB,HENDERSON - CC,85,4,5344,0.01590568862275449
HENDERSON - NB,HENDERSON - MG,35,1,5344,0.00654940119760479
HENDERSON - NB,HENDERSON - SB,12,1,5344,0.002245508982035928
HENDERSON - NE,HENDERSON - NE,2255,87,2255,1.0
HENDERSON - NM,HENDERSON - NM,3106,143,3169,0.9801199116440518
HENDERSON - NM,BUNCOMBE - 30.3,61,6,3169,0.0192489744398864
HENDERSON - NM,BUNCOMBE - 47.1,2,1,3169,0.0006311139160618492
HENDERSON - NM,BUNCOMBE - 54.2,0,3,3169,0.0
HENDERSON - NW,HENDERSON - NW,2381,52,2381,1.0
HENDERSON - PR,HENDERSON - PR,3210,68,3210,1.0
HENDERSON - PV,HENDERSON - PV,2130,57,2130,1.0
HENDERSON - RG,HENDERSON - RG,2583,61,2583,1.0
HENDERSON - RR,HENDERSON - RR,1076,72,1077,0.9990714948932219
HENDERSON - RR,POLK - SA04,1,1,1077,0.0009285051067780873
HENDERSON - SB,HENDERSON - SB,3587,99,3587,1.0
HENDERSON - SE,HENDERSON - SE,2116,81,2116,1.0
HENDERSON - SE,HENDERSON - HV-2,0,1,2116,0.0
HENDERSON - SM,HENDERSON - SM,3952,147,3952,1.0
HENDERSON - SW,HENDERSON - SW,2620,99,2620,1.0
HERTFORD - A1,HERTFORD - A1,2439,144,2439,1.0
HERTFORD - A2,HERTFORD - A2,2303,110,2303,1.0
HERTFORD - A3,HERTFORD - A3,1202,57,1202,1.0
HERTFORD - BR,HERTFORD - BR,483,21,483,1.0
HERTFORD - BR,HERTFORD - M1,0,1,483,0.0
HERTFORD - CM,HERTFORD - CM,497,39,497,1.0
HERTFORD - CO,HERTFORD - CO,544,42,544,1.0
HERTFORD - HV,HERTFORD - HV,843,55,843,1.0
HERTFORD - M1,HERTFORD - M1,3464,119,3464,1.0
HERTFORD - M2,HERTFORD - M2,1171,43,1171,1.0
HERTFORD - ML,HERTFORD - ML,644,42,644,1.0
HERTFORD - SJ,HERTFORD - SJ,781,45,796,0.9811557788944724
HERTFORD - SJ,HERTFORD - UN,9,1,796,0.011306532663316583
HERTFORD - SJ,NORTHAMPTON - WOPO,6,1,796,0.007537688442211055
HERTFORD - UN,HERTFORD - UN,857,52,857,1.0
HERTFORD - WN,HERTFORD - WN,2402,86,2402,1.0
HOKE - 01,HOKE - 01,581,82,581,1.0
HOKE - 01,ROBESON - 34,0,2,581,0.0
HOKE - 01,SCOTLAND - 07,0,1,581,0.0
HOKE - 02,HOKE - 02,2553,127,2553,1.0
HOKE - 02,ROBESON - 26A,0,1,2553,0.0
HOKE - 03,HOKE - 03,1111,70,1111,1.0
HOKE - 04,HOKE - 04,1145,46,1156,0.990484429065744
HOKE - 04,MOORE - EAB,11,1,1156,0.009515570934256055
HOKE - 05,HOKE - 05,1917,112,1917,1.0
HOKE - 05,HOKE - 14,0,1,1917,0.0
HOKE - 05,MOORE - PDN,0,1,1917,0.0
HOKE - 06B,HOKE - 06B,5156,54,5156,1.0
HOKE - 12,HOKE - 12,4508,80,4508,1.0
HOKE - 13,HOKE - 13,1569,105,1622,0.9673242909987669
HOKE - 13,ROBESON - 21,52,6,1622,0.032059186189889025
HOKE - 13,ROBESON - 10,1,1,1622,0.0006165228113440197
HOKE - 13,CUMBERLAND - G9B-1,0,2,1622,0.0
HOKE - 14,HOKE - 14,5785,123,5785,1.0
HOKE - 14,HOKE - 06B,0,9,5785,0.0
HOKE - 14,HOKE - 15,0,3,5785,0.0
HOKE - 14,MOORE - LTR,0,9,5785,0.0
HOKE - 15,HOKE - 15,3303,32,3303,1.0
HOKE - 61,HOKE - 61,1631,90,1631,1.0
HOKE - 62,HOKE - 62,1070,65,1070,1.0
HOKE - 63,HOKE - 63,4117,69,4117,1.0
HOKE - 64,HOKE - 64,2470,119,2470,1.0
HOKE - 65,HOKE - 65,556,41,556,1.0
HYDE - BM,HYDE - BM,358,91,374,0.9572192513368984
HYDE - BM,WASHINGTON - LM,16,1,374,0.0427807486631016
HYDE - BM,BEAUFORT - BELHV,0,6,374,0.0
HYDE - BM,BEAUFORT - PANTE,0,1,374,0.0
HYDE - ENG,HYDE - ENG,586,159,586,1.0
HYDE - FF,HYDE - FF,861,93,861,1.0
HYDE - LL,HYDE - LL,473,93,473,1.0
HYDE - OCK,HYDE - OCK,657,52,657,1.0
HYDE - SLAD,HYDE - SLAD,323,131,323,1.0
HYDE - SQ,HYDE - SQ,527,89,527,1.0
IREDELL - BA,IREDELL - BA-1,5889,215,6016,0.9788896276595744
IREDELL - BA,IREDELL - CC3-1,99,3,6016,0.016456117021276594
IREDELL - BA,ROWAN - 24,24,9,6016,0.003989361702127659
IREDELL - BA,IREDELL - FT,4,4,6016,0.0006648936170212766
IREDELL - BE,IREDELL - BE,5693,116,5693,1.0
IREDELL - CC1,IREDELL - CC1,7139,174,7145,0.9991602519244227
IREDELL - CC1,IREDELL - CC4-1,6,4,7145,0.0008397480755773268
IREDELL - CC2,IREDELL - CC2,7733,187,7733,1.0
IREDELL - CC3,IREDELL - CC3-1,10360,241,10380,0.9980732177263969
IREDELL - CC3,ROWAN - 04,20,9,10380,0.0019267822736030828
IREDELL - CC3,ROWAN - 24,0,3,10380,0.0
IREDELL - CC4,IREDELL - CC4-1,4608,145,8266,0.5574643116380353
IREDELL - CC4,IREDELL - DV2A-1,3658,80,8266,0.44253568836196466
IREDELL - CD,IREDELL - CD,5578,141,5578,1.0
IREDELL - CH-A,IREDELL - CH-A,2848,103,2991,0.9521899030424608
IREDELL - CH-A,IREDELL - ST1,143,1,2991,0.04781009695753929
IREDELL - CH-B,IREDELL - CH-B,3861,109,3861,1.0
IREDELL - CS,IREDELL - CS,3071,100,3071,1.0
IREDELL - CS,DAVIE - 02,0,1,3071,0.0
IREDELL - DV1-A,IREDELL - DV3A,5854,132,10776,0.5432442464736451
IREDELL - DV1-A,IREDELL - DV1A1A,4503,133,10776,0.41787305122494434
IREDELL - DV1-A,IREDELL - DV2A-1,306,12,10776,0.02839643652561247
IREDELL - DV1-A,IREDELL - DV1B-1,113,9,10776,0.01048626577579807
IREDELL - DV1-B,IREDELL - DV1B-1,9512,114,9512,1.0
IREDELL - DV2-A,IREDELL - DV2A-1,3094,69,4155,0.7446450060168471
IREDELL - DV2-A,IREDELL - DV2B-1,1061,20,4155,0.2553549939831528
IREDELL - DV2-A,IREDELL - DV1B-1,0,2,4155,0.0
IREDELL - DV2-B,IREDELL - DV2B-1,6454,185,6705,0.9625652498135719
IREDELL - DV2-B,IREDELL - CC4-1,251,15,6705,0.037434750186428035
IREDELL - DV2-B,MECKLENBURG - 206,0,2,6705,0.0
IREDELL - EM,IREDELL - EM,1459,122,1459,1.0
IREDELL - EM,YADKIN - DCRK,0,3,1459,0.0
IREDELL - FT,IREDELL - FT,8038,252,8043,0.9993783414148949
IREDELL - FT,IREDELL - BA-1,5,3,8043,0.0006216585851050603
IREDELL - NH,IREDELL - NH,1355,119,1363,0.9941305942773294
IREDELL - NH,WILKES - 122,7,2,1363,0.005135730007336757
IREDELL - NH,ALEXANDER - G1G2,1,2,1363,0.0007336757153338225
IREDELL - OL,IREDELL - OL,1448,84,1448,1.0
IREDELL - SB,IREDELL - SB,2104,121,2104,1.0
IREDELL - SH-A,IREDELL - SH-A,3444,104,3444,1.0
IREDELL - SH-B,IREDELL - SH-B,3603,73,3603,1.0
IREDELL - ST1,IREDELL - ST1,4680,96,4680,1.0
IREDELL - ST1,IREDELL - ST6,0,1,4680,0.0
IREDELL - ST2,IREDELL - ST2,4281,163,4341,0.9861782999308915
IREDELL - ST2,IREDELL - BE,39,1,4341,0.008984105044920525
IREDELL - ST2,IREDELL - ST4,21,1,4341,0.0048375950241879755
IREDELL - ST3,IREDELL - ST3,4144,160,4144,1.0
IREDELL - ST4,IREDELL - ST4,3711,118,3711,1.0
IREDELL - ST5,IREDELL - ST5,3881,149,3881,1.0
IREDELL - ST6,IREDELL - ST6,4913,223,4936,0.9953403565640194
IREDELL - ST6,IREDELL - ST1,23,2,4936,0.004659643435980551
IREDELL - TB,IREDELL - TB,3070,100,3070,1.0
IREDELL - UG,IREDELL - UG,1657,142,1657,1.0
JACKSON - BCK,JACKSON - BCK,1535,78,1535,1.0
JACKSON - CAN,JACKSON - CAN,564,92,564,1.0
JACKSON - CAS,JACKSON - CAS,2212,185,2232,0.9910394265232975
JACKSON - CAS,MACON - 09,20,10,2232,0.008960573476702509
JACKSON - CAS,TRANSYLVANIA - TC7,0,1,2232,0.0
JACKSON - CFK,JACKSON - CFK,668,42,668,1.0
JACKSON - CFK,HAYWOOD - CE,0,2,668,0.0
JACKSON - CUL,JACKSON - CUL,9507,141,9507,1.0
JACKSON - GCK,JACKSON - GCK,1164,40,1164,1.0
JACKSON - GLV,JACKSON - GLV,2223,240,2223,1.0
JACKSON - GLV,MACON - 08,0,1,2223,0.0
JACKSON - QUA,JACKSON - QUA,4791,177,4792,0.9997913188647746
JACKSON - QUA,HAYWOOD - IH,1,1,4792,0.00020868113522537563
JACKSON - RIV,JACKSON - RIV,966,78,966,1.0
JACKSON - SAV,JACKSON - SAV,1208,42,1208,1.0
JACKSON - SCC,JACKSON - SCC,1922,140,1922,1.0
JACKSON - SND,JACKSON - SDC,3270,165,3270,1.0
JACKSON - SSW,JACKSON - SDC,3462,151,3462,1.0
JACKSON - WEB,JACKSON - WEB,2298,79,2298,1.0
JOHNSTON - PR04,JOHNSTON - PR04,1486,60,1502,0.9893475366178429
JOHNSTON - PR04,SAMPSON - NGRV,16,5,1502,0.010652463382157125
JOHNSTON - PR07,JOHNSTON - PR07,3490,164,3490,1.0
JOHNSTON - PR07,WAYNE - 03,0,1,3490,0.0
JOHNSTON - PR08,JOHNSTON - PR08,2544,54,2544,1.0
JOHNSTON - PR09,JOHNSTON - PR09,6006,127,6006,1.0
JOHNSTON - PR10A,JOHNSTON - PR10A,3835,131,3835,1.0
JOHNSTON - PR10B,JOHNSTON - PR10B,2945,65,2945,1.0
JOHNSTON - PR11A,JOHNSTON - PR11A,3620,37,3620,1.0
JOHNSTON - PR11A,JOHNSTON - PR11B,0,1,3620,0.0
JOHNSTON - PR11B,JOHNSTON - PR11B,5931,101,5931,1.0
JOHNSTON - PR12A,JOHNSTON - PR12A,6063,49,6063,1.0
JOHNSTON - PR12A,WAKE - 16-09,0,1,6063,0.0
JOHNSTON - PR12B,JOHNSTON - PR12B,5362,37,5362,1.0
JOHNSTON - PR13,JOHNSTON - PR13,3375,48,3375,1.0
JOHNSTON - PR14,JOHNSTON - PR14,3006,71,3006,1.0
JOHNSTON - PR14,HARNETT - PR24,0,1,3006,0.0
JOHNSTON - PR19,JOHNSTON - PR19,2221,105,2221,1.0
JOHNSTON - PR20,JOHNSTON - PR20,4353,69,4375,0.9949714285714286
JOHNSTON - PR20,NASH - P02A,22,2,4375,0.005028571428571428
JOHNSTON - PR20,WAKE - 09-02,0,1,4375,0.0
JOHNSTON - PR21,JOHNSTON - PR21,3439,75,3439,1.0
JOHNSTON - PR22,JOHNSTON - PR22,4130,201,4130,1.0
JOHNSTON - PR23A,JOHNSTON - PR23A,5041,36,5041,1.0
JOHNSTON - PR23B,JOHNSTON - PR23B,3869,42,3869,1.0
JOHNSTON - PR24,JOHNSTON - PR24,3261,232,3261,1.0
JOHNSTON - PR25,JOHNSTON - PR25,3418,84,3418,1.0
JOHNSTON - PR26,JOHNSTON - PR26,3281,171,3281,1.0
JOHNSTON - PR27A,JOHNSTON - PR27A,2309,57,2309,1.0
JOHNSTON - PR27B,JOHNSTON - PR27B,3809,84,3809,1.0
JOHNSTON - PR28,JOHNSTON - PR28,4951,112,4951,1.0
JOHNSTON - PR29A,JOHNSTON - PR29A,6835,95,6835,1.0
JOHNSTON - PR29B,JOHNSTON - PR29B,11649,76,11649,1.0
JOHNSTON - PR30,JOHNSTON - PR30,5714,122,5714,1.0
JOHNSTON - PR31A,JOHNSTON - PR31A,3325,20,3325,1.0
JOHNSTON - PR31B,JOHNSTON - PR31B,6828,72,6828,1.0
JOHNSTON - PR32,JOHNSTON - PR32,3656,46,3656,1.0
JOHNSTON - PR32,WAKE - 09-02,0,1,3656,0.0
JOHNSTON - PR33,JOHNSTON - PR33,4816,36,4816,1.0
JOHNSTON - PR34,JOHNSTON - PR34,8073,101,8073,1.0
JOHNSTON - PR35,JOHNSTON - PR35,5792,342,5823,0.9946762837025588
JOHNSTON - PR35,SAMPSON - PLVW,31,5,5823,0.005323716297441181
JOHNSTON - PR36,JOHNSTON - PR36,3547,202,3547,1.0
JOHNSTON - PR37,JOHNSTON - PR37,5200,274,5200,1.0
JOHNSTON - PR38,JOHNSTON - PR38,2595,117,2595,1.0
JOHNSTON - PR38,SAMPSON - NGRV,0,1,2595,0.0
JONES - P01,JONES - P01,799,64,799,1.0
JONES - P01,LENOIR - SH,0,1,799,0.0
JONES - P02,JONES - P02,513,36,513,1.0
JONES - P03,JONES - P03,641,53,641,1.0
JONES - P04,JONES - P04,2027,181,2027,1.0
JONES - P04,CRAVEN - 03,0,1,2027,0.0
JONES - P04,CRAVEN - 05,0,4,2027,0.0
JONES - P04,CRAVEN - 21,0,1,2027,0.0
JONES - P04,CRAVEN - CLR4,0,4,2027,0.0
JONES - P05,JONES - P05,1425,120,1425,1.0
JONES - P06,JONES - P06,658,62,658,1.0
JONES - P06,DUPLIN - BEUL,0,1,658,0.0
JONES - P07,JONES - P07,1400,135,1400,1.0
JONES - P07,CRAVEN - 02,0,1,1400,0.0
JONES - P07,ONSLOW - ML23,0,3,1400,0.0
LEE - A1,LEE - A1,6150,157,6150,1.0
LEE - A2,LEE - A2,7755,311,7779,0.9969147705360586
LEE - A2,LEE - A1,24,2,7779,0.0030852294639413806
LEE - B1,LEE - B1,2391,113,2391,1.0
LEE - B2,LEE - B2,3097,132,3097,1.0
LEE - C1,LEE - C1,7253,104,7328,0.9897652838427947
LEE - C1,LEE - C2,75,4,7328,0.01023471615720524
LEE - C2,LEE - C2,4661,105,4661,1.0
LEE - D1,LEE - D1,4535,137,4535,1.0
LEE - D2,LEE - D2,4171,163,4171,1.0
LEE - E1,LEE - E1,2999,99,2999,1.0
LEE - E1,HARNETT - PR23,0,1,2999,0.0
LEE - E2,LEE - E2,5278,133,5281,0.9994319257716342
LEE - E2,LEE - E1,3,1,5281,0.0005680742283658398
LENOIR - C,LENOIR - C,2580,122,2580,1.0
LENOIR - C,GREENE - HOOK,0,1,2580,0.0
LENOIR - FC,LENOIR - FC,4618,151,4618,1.0
LENOIR - I,LENOIR - I,1967,59,1973,0.9969589457678661
LENOIR - I,GREENE - ARBA,6,3,1973,0.0030410542321338066
LENOIR - K1,LENOIR - K1,958,80,958,1.0
LENOIR - K1,LENOIR - N,0,2,958,0.0
LENOIR - K1,LENOIR - SW,0,1,958,0.0
LENOIR - K2,LENOIR - K2,1069,95,1069,1.0
LENOIR - K3,LENOIR - K3,1490,133,1490,1.0
LENOIR - K4,LENOIR - K4,2877,76,2877,1.0
LENOIR - K5,LENOIR - K5,1607,63,1607,1.0
LENOIR - K6,LENOIR - K6,2198,69,2198,1.0
LENOIR - K7,LENOIR - K7,1912,77,1912,1.0
LENOIR - K8,LENOIR - K8,912,95,912,1.0
LENOIR - K9,LENOIR - K9,2102,70,2102,1.0
LENOIR - MH,LENOIR - MH,4072,249,4072,1.0
LENOIR - MH,GREENE - SHIN,0,3,4072,0.0
LENOIR - MH,WAYNE - 15,0,5,4072,0.0
LENOIR - N,LENOIR - N,3591,193,3591,1.0
LENOIR - PH1,LENOIR - PH1,828,28,828,1.0
LENOIR - PH2,LENOIR - PH2,1610,94,1614,0.9975216852540273
LENOIR - PH2,DUPLIN - SMCA,4,2,1614,0.0024783147459727386
LENOIR - SH,LENOIR - SH,842,29,855,0.9847953216374269
LENOIR - SH,JONES - P01,13,1,855,0.0152046783625731
LENOIR - SH,CRAVEN - DFB9,0,1,855,0.0
LENOIR - SW,LENOIR - SW,1167,67,1172,0.9957337883959044
LENOIR - SW,JONES - P01,5,4,1172,0.004266211604095563
LENOIR - T1,LENOIR - T1,1577,76,1577,1.0
LENOIR - T2,LENOIR - T2,1135,39,1135,1.0
LENOIR - V,LENOIR - V,2552,83,2552,1.0
LENOIR - V,GREENE - HOOK,0,3,2552,0.0
LENOIR - W,LENOIR - W,1250,52,1250,1.0
LENOIR - W,JONES - P06,0,2,1250,0.0
LINCOLN - AS25,LINCOLN - AS25,2899,50,2899,1.0
LINCOLN - BC13,LINCOLN - BC13,2664,85,2664,1.0
LINCOLN - BS26,LINCOLN - BS26,2393,39,2394,0.9995822890559732
LINCOLN - BS26,CATAWBA - 09,1,5,2394,0.0004177109440267335
LINCOLN - CF19,LINCOLN - CF19,1666,44,1666,1.0
LINCOLN - DN29,LINCOLN - DN29,3507,71,3676,0.9540261153427638
LINCOLN - DN29,CATAWBA - 41,169,27,3676,0.045973884657236126
LINCOLN - DV08,LINCOLN - DV08,3087,81,3133,0.9853175869773381
LINCOLN - DV08,CATAWBA - 02,42,7,3133,0.013405681455473986
LINCOLN - DV08,CATAWBA - 03,4,6,3133,0.0012767315671879987
LINCOLN - DW28,LINCOLN - DW28,2888,54,2888,1.0
LINCOLN - DW28,CATAWBA - 31,0,3,2888,0.0
LINCOLN - DW28,CATAWBA - 41,0,2,2888,0.0
LINCOLN - HC33,LINCOLN - HC33,4020,107,4020,1.0
LINCOLN - IS20,LINCOLN - IS20,1874,51,1874,1.0
LINCOLN - IS23,LINCOLN - IS23,2820,63,2820,1.0
LINCOLN - LB34,LINCOLN - LB34,3296,119,3296,1.0
LINCOLN - LI14,LINCOLN - LI14,1815,60,1815,1.0
LINCOLN - LN11,LINCOLN - LN11,1904,87,1904,1.0
LINCOLN - LS12,LINCOLN - LS12,2050,116,2050,1.0
LINCOLN - LW18,LINCOLN - LW18,1333,40,1333,1.0
LINCOLN - LW31,LINCOLN - LW31,4371,86,4371,1.0
LINCOLN - NB35,LINCOLN - NB35,4432,144,4468,0.9919427036705462
LINCOLN - NB35,CATAWBA - 02,36,11,4468,0.008057296329453895
LINCOLN - NB35,BURKE - 0071,0,1,4468,0.0
LINCOLN - NB35,CLEVELAND - MULLS,0,1,4468,0.0
LINCOLN - NB35,GASTON - 11A,0,2,4468,0.0
LINCOLN - OB21,LINCOLN - OB21,2398,48,2398,1.0
LINCOLN - PC22,LINCOLN - PC22,2919,41,2926,0.9976076555023924
LINCOLN - PC22,CATAWBA - 09,5,4,2926,0.0017088174982911825
LINCOLN - PC22,CATAWBA - 31,2,2,2926,0.000683526999316473
LINCOLN - SL24,LINCOLN - SL24,2083,67,2083,1.0
LINCOLN - ST36,LINCOLN - ST36,4134,159,4240,0.975
LINCOLN - ST36,CATAWBA - 34,56,11,4240,0.013207547169811321
LINCOLN - ST36,CATAWBA - 09,38,3,4240,0.008962264150943396
LINCOLN - ST36,CATAWBA - 20,12,6,4240,0.002830188679245283
LINCOLN - TA37,LINCOLN - TA37,3968,49,4055,0.9785450061652281
LINCOLN - TA37,LINCOLN - DW28,87,3,4055,0.021454993834771886
LINCOLN - WP32,LINCOLN - WP32,5759,73,5759,1.0
MACON - 01,MACON - 01,2796,98,2796,1.0
MACON - 02,MACON - 02,1712,125,1712,1.0
MACON - 03,MACON - 03,3049,161,3049,1.0
MACON - 04,MACON - 04,1738,65,1738,1.0
MACON - 05,MACON - 05,3219,113,3219,1.0
MACON - 06,MACON - 06,2505,149,2505,1.0
MACON - 07,MACON - 07,2439,101,2439,1.0
MACON - 08,MACON - 08,537,80,537,1.0
MACON - 09,MACON - 09,2774,300,2774,1.0
MACON - 09,JACKSON - CAS,0,2,2774,0.0
MACON - 10,MACON - 10,533,56,533,1.0
MACON - 11,MACON - 11,3271,155,3271,1.0
MACON - 12,MACON - 12,2168,156,2172,0.998158379373849
MACON - 12,CLAY - SHCR,4,1,2172,0.001841620626151013
MACON - 13,MACON - 13,645,165,645,1.0
MACON - 14,MACON - 14,805,64,805,1.0
MACON - 14,SWAIN - ALMOND,0,1,805,0.0
MACON - 15,MACON - 15,2134,192,2134,1.0
MADISON - BEECH,MADISON - BEECH,2594,132,2601,0.9973087274125336
MADISON - BEECH,BUNCOMBE - 51.2,7,1,2601,0.002691272587466359
MADISON - EBBS C,MADISON - EBBS C,1097,81,1097,1.0
MADISON - GRAPEV,MADISON - GRAPEV,1183,45,1225,0.9657142857142857
MADISON - GRAPEV,MADISON - NORTH,42,1,1225,0.03428571428571429
MADISON - HOT SP,MADISON - HOT SP,865,107,865,1.0
MADISON - LAUREL,MADISON - LAUREL,1083,58,1083,1.0
MADISON - MARS H,MADISON - MARS H,4259,186,4259,1.0
MADISON - MARS H,MADISON - NORTH,0,1,4259,0.0
MADISON - NORTH,MADISON - NORTH,2302,148,2302,1.0
MADISON - REVERE,MADISON - REVERE,301,18,301,1.0
MADISON - SANDY,MADISON - SANDY,544,30,544,1.0
MADISON - SOUTH,MADISON - SOUTH,1037,78,1037,1.0
MADISON - SPRING,MADISON - SPRING,786,78,786,1.0
MADISON - WALNUT,MADISON - WALNUT,1371,75,1371,1.0
MARTIN - BG,MARTIN - BG,1695,63,1695,1.0
MARTIN - BG,BEAUFORT - TCRK,0,1,1695,0.0
MARTIN - CR,MARTIN - CR,1081,73,1081,1.0
MARTIN - GN,MARTIN - GSN,724,73,724,1.0
MARTIN - GN,HALIFAX - HPR,0,2,724,0.0
MARTIN - GR,MARTIN - GRF,1045,75,1045,1.0
MARTIN - GR,BEAUFORT - OLDF,0,2,1045,0.0
MARTIN - GR,BEAUFORT - PINET,0,9,1045,0.0
MARTIN - HM,MARTIN - HMT,872,55,872,1.0
MARTIN - HS,MARTIN - GSN,257,28,257,1.0
MARTIN - J,MARTIN - JMV,1960,112,1960,1.0
MARTIN - J,BERTIE - MH,0,1,1960,0.0
MARTIN - PP,MARTIN - HMT,365,16,365,1.0
MARTIN - R1,MARTIN - RBV,1007,91,1007,1.0
MARTIN - R2,MARTIN - RBV,1350,135,1350,1.0
MARTIN - W,MARTIN - JMV,381,24,913,0.4173055859802848
MARTIN - W,MARTIN - GRF,343,8,913,0.37568455640744797
MARTIN - W,MARTIN - WM1,189,10,913,0.20700985761226726
MARTIN - W1,MARTIN - WM1,3394,188,3394,1.0
MARTIN - W2,MARTIN - WM2,2952,136,2952,1.0
MARTIN - W2,BERTIE - W1,0,1,2952,0.0
MCDOWELL - CCREEK,MCDOWELL - CCREEK,2101,75,2101,1.0
MCDOWELL - DYSART,MCDOWELL - DYSART,2938,93,2938,1.0
MCDOWELL - DYSART,BURKE - 0052,0,4,2938,0.0
MCDOWELL - DYSART,RUTHERFORD - 04A,0,1,2938,0.0
MCDOWELL - FORT 1,MCDOWELL - FORT 1,1500,74,1500,1.0
MCDOWELL - FORT 2,MCDOWELL - FORT 2,2061,108,2061,1.0
MCDOWELL - GLENWD,MCDOWELL - GLENWD,2109,121,2109,1.0
MCDOWELL - GLENWD,MCDOWELL - HIGGIN,0,1,2109,0.0
MCDOWELL - GLENWD,RUTHERFORD - 04A,0,1,2109,0.0
MCDOWELL - HIGGIN,MCDOWELL - HIGGIN,2646,94,2646,1.0
MCDOWELL - M.COVE,MCDOWELL - M.COVE,1852,31,1852,1.0
MCDOWELL - MAR 1,MCDOWELL - MAR 1,3333,126,3333,1.0
MCDOWELL - MAR 2,MCDOWELL - MAR 2,1742,60,1742,1.0
MCDOWELL - MAR 3,MCDOWELL - MAR 3,1165,53,1165,1.0
MCDOWELL - MAR 4,MCDOWELL - MAR 4,1606,84,1606,1.0
MCDOWELL - MAR 5,MCDOWELL - MAR 5,1328,58,1328,1.0
MCDOWELL - N.COVE,MCDOWELL - N.COVE,930,101,931,0.9989258861439313
MCDOWELL - N.COVE,BURKE - 0018,1,3,931,0.0010741138560687433
MCDOWELL - NEBO,MCDOWELL - NEBO,2905,83,2912,0.9975961538461539
MCDOWELL - NEBO,BURKE - 0019,7,3,2912,0.002403846153846154
MCDOWELL - PLEASA,MCDOWELL - PLEASA,2283,112,2283,1.0
MCDOWELL - T.COVE,MCDOWELL - T.COVE,970,78,980,0.9897959183673469
MCDOWELL - T.COVE,MITCHELL - 04,10,1,980,0.01020408163265306
MCDOWELL - WEST M,MCDOWELL - WEST M,4309,122,4309,1.0
MCDOWELL - WEST M,MCDOWELL - M.COVE,0,2,4309,0.0
MECKLENBURG - 001,MECKLENBURG - 001,1687,35,1687,1.0
MECKLENBURG - 002,MECKLENBURG - 002,3703,86,3703,1.0
MECKLENBURG - 003,MECKLENBURG - 003,3622,38,3622,1.0
MECKLENBURG - 004,MECKLENBURG - 004,3108,34,3108,1.0
MECKLENBURG - 005,MECKLENBURG - 005,2587,19,2587,1.0
MECKLENBURG - 006,MECKLENBURG - 006,3992,31,3992,1.0
MECKLENBURG - 007,MECKLENBURG - 007,2340,26,2340,1.0
MECKLENBURG - 008,MECKLENBURG - 008,2953,38,2953,1.0
MECKLENBURG - 009,MECKLENBURG - 009,5902,77,5902,1.0
MECKLENBURG - 010,MECKLENBURG - 010,2629,60,2629,1.0
MECKLENBURG - 011,MECKLENBURG - 011,12783,163,12783,1.0
MECKLENBURG - 012,MECKLENBURG - 012,3203,73,3203,1.0
MECKLENBURG - 013,MECKLENBURG - 013,5547,172,5547,1.0
MECKLENBURG - 014,MECKLENBURG - 014,3756,98,3756,1.0
MECKLENBURG - 015,MECKLENBURG - 015,4544,63,4544,1.0
MECKLENBURG - 016,MECKLENBURG - 016,3139,54,3139,1.0
MECKLENBURG - 017,MECKLENBURG - 017,2571,49,2571,1.0
MECKLENBURG - 018,MECKLENBURG - 018,1595,22,1595,1.0
MECKLENBURG - 019,MECKLENBURG - 019,1813,30,1813,1.0
MECKLENBURG - 020,MECKLENBURG - 020,2427,37,2427,1.0
MECKLENBURG - 021,MECKLENBURG - 021,2509,37,2509,1.0
MECKLENBURG - 022,MECKLENBURG - 022,11174,116,11174,1.0
MECKLENBURG - 023,MECKLENBURG - 023,2628,65,2628,1.0
MECKLENBURG - 024,MECKLENBURG - 024,3412,86,3412,1.0
MECKLENBURG - 025,MECKLENBURG - 025,2340,40,2340,1.0
MECKLENBURG - 026,MECKLENBURG - 026,4283,73,4283,1.0
MECKLENBURG - 027,MECKLENBURG - 027,3599,89,3599,1.0
MECKLENBURG - 028,MECKLENBURG - 028,2768,51,2768,1.0
MECKLENBURG - 029,MECKLENBURG - 029,3031,27,3031,1.0
MECKLENBURG - 030,MECKLENBURG - 030,4261,102,4261,1.0
MECKLENBURG - 031,MECKLENBURG - 031,2742,60,2742,1.0
MECKLENBURG - 032,MECKLENBURG - 032,1875,27,1875,1.0
MECKLENBURG - 033,MECKLENBURG - 033,3742,47,3742,1.0
MECKLENBURG - 034,MECKLENBURG - 034,3801,52,3801,1.0
MECKLENBURG - 035,MECKLENBURG - 035,1846,26,1846,1.0
MECKLENBURG - 036,MECKLENBURG - 036,2795,34,2795,1.0
MECKLENBURG - 037,MECKLENBURG - 037,2619,41,2619,1.0
MECKLENBURG - 038,MECKLENBURG - 038,3269,26,3269,1.0
MECKLENBURG - 039,MECKLENBURG - 039,3290,109,3290,1.0
MECKLENBURG - 040,MECKLENBURG - 040,3500,54,3500,1.0
MECKLENBURG - 041,MECKLENBURG - 041,3445,103,3445,1.0
MECKLENBURG - 042,MECKLENBURG - 042,3356,58,3356,1.0
MECKLENBURG - 043,MECKLENBURG - 043,4560,51,4560,1.0
MECKLENBURG - 044,MECKLENBURG - 044,1827,58,1827,1.0
MECKLENBURG - 045,MECKLENBURG - 045,3093,31,3093,1.0
MECKLENBURG - 046,MECKLENBURG - 046,3958,29,3958,1.0
MECKLENBURG - 047,MECKLENBURG - 047,3142,38,3142,1.0
MECKLENBURG - 048,MECKLENBURG - 048,1847,30,1847,1.0
MECKLENBURG - 049,MECKLENBURG - 049,3085,32,3085,1.0
MECKLENBURG - 050,MECKLENBURG - 050,2785,45,2785,1.0
MECKLENBURG - 051,MECKLENBURG - 051,3232,38,3232,1.0
MECKLENBURG - 052,MECKLENBURG - 052,2886,78,2886,1.0
MECKLENBURG - 053,MECKLENBURG - 053,4174,104,4174,1.0
MECKLENBURG - 054,MECKLENBURG - 054,3457,104,3457,1.0
MECKLENBURG - 055,MECKLENBURG - 055,1974,44,1974,1.0
MECKLENBURG - 056,MECKLENBURG - 056,2100,64,2100,1.0
MECKLENBURG - 057,MECKLENBURG - 057,2525,39,2525,1.0
MECKLENBURG - 058,MECKLENBURG - 058,2752,51,2752,1.0
MECKLENBURG - 059,MECKLENBURG - 059,1931,37,1931,1.0
MECKLENBURG - 060,MECKLENBURG - 060,2302,34,2302,1.0
MECKLENBURG - 061,MECKLENBURG - 061,3223,39,3223,1.0
MECKLENBURG - 062,MECKLENBURG - 062,3646,31,3646,1.0
MECKLENBURG - 063,MECKLENBURG - 063,3454,27,3454,1.0
MECKLENBURG - 064,MECKLENBURG - 064,1490,23,1490,1.0
MECKLENBURG - 065,MECKLENBURG - 065,1480,20,1480,1.0
MECKLENBURG - 066,MECKLENBURG - 066,1653,25,1653,1.0
MECKLENBURG - 067,MECKLENBURG - 067,1618,29,1618,1.0
MECKLENBURG - 068,MECKLENBURG - 068,2351,13,2351,1.0
MECKLENBURG - 069,MECKLENBURG - 069,4284,57,4284,1.0
MECKLENBURG - 070,MECKLENBURG - 070,2093,21,2093,1.0
MECKLENBURG - 071,MECKLENBURG - 071,2298,27,2298,1.0
MECKLENBURG - 072,MECKLENBURG - 072,1544,19,1544,1.0
MECKLENBURG - 073,MECKLENBURG - 073,2028,11,2028,1.0
MECKLENBURG - 074,MECKLENBURG - 074,3747,43,3747,1.0
MECKLENBURG - 075,MECKLENBURG - 075,3565,34,3565,1.0
MECKLENBURG - 076,MECKLENBURG - 076,3060,35,3060,1.0
MECKLENBURG - 077,MECKLENBURG - 077,3958,64,3958,1.0
MECKLENBURG - 078.1,MECKLENBURG - 078.1,3937,65,3937,1.0
MECKLENBURG - 079,MECKLENBURG - 079,3028,58,3028,1.0
MECKLENBURG - 080,MECKLENBURG - 080,4648,68,4746,0.9793510324483776
MECKLENBURG - 080,MECKLENBURG - 224,98,2,4746,0.02064896755162242
MECKLENBURG - 081,MECKLENBURG - 081,5631,78,5631,1.0
MECKLENBURG - 082,MECKLENBURG - 082,6509,51,6509,1.0
MECKLENBURG - 083,MECKLENBURG - 083,4521,40,4521,1.0
MECKLENBURG - 084,MECKLENBURG - 084,3729,32,3729,1.0
MECKLENBURG - 085,MECKLENBURG - 085,2858,29,2858,1.0
MECKLENBURG - 086,MECKLENBURG - 086,1943,27,1943,1.0
MECKLENBURG - 087,MECKLENBURG - 087,3537,44,3537,1.0
MECKLENBURG - 088,MECKLENBURG - 088,3396,30,3396,1.0
MECKLENBURG - 089,MECKLENBURG - 089,7649,107,7649,1.0
MECKLENBURG - 090,MECKLENBURG - 090,1762,17,1762,1.0
MECKLENBURG - 091,MECKLENBURG - 091,4721,32,4721,1.0
MECKLENBURG - 092,MECKLENBURG - 092,3357,21,3357,1.0
MECKLENBURG - 093,MECKLENBURG - 093,1918,22,1918,1.0
MECKLENBURG - 094,MECKLENBURG - 094,2619,21,2619,1.0
MECKLENBURG - 095,MECKLENBURG - 095,2722,15,2722,1.0
MECKLENBURG - 096,MECKLENBURG - 096,2475,30,2475,1.0
MECKLENBURG - 097,MECKLENBURG - 097,2143,13,2143,1.0
MECKLENBURG - 098,MECKLENBURG - 098,6069,53,6069,1.0
MECKLENBURG - 099,MECKLENBURG - 099,3890,39,3890,1.0
MECKLENBURG - 100,MECKLENBURG - 100,3233,30,3233,1.0
MECKLENBURG - 101,MECKLENBURG - 101,3044,24,3044,1.0
MECKLENBURG - 102,MECKLENBURG - 102,6185,40,6185,1.0
MECKLENBURG - 103,MECKLENBURG - 103,3317,30,3317,1.0
MECKLENBURG - 104,MECKLENBURG - 104,4221,46,4221,1.0
MECKLENBURG - 105,MECKLENBURG - 105,7559,74,7559,1.0
MECKLENBURG - 106,MECKLENBURG - 106,1739,32,1739,1.0
MECKLENBURG - 107.1,MECKLENBURG - 107.1,4261,26,4261,1.0
MECKLENBURG - 108,MECKLENBURG - 108,4141,21,4141,1.0
MECKLENBURG - 109,MECKLENBURG - 109,3233,49,3233,1.0
MECKLENBURG - 110,MECKLENBURG - 110,1462,16,1462,1.0
MECKLENBURG - 111,MECKLENBURG - 111,3400,32,3400,1.0
MECKLENBURG - 112,MECKLENBURG - 112,2317,21,2317,1.0
MECKLENBURG - 113,MECKLENBURG - 113,3548,27,3548,1.0
MECKLENBURG - 114,MECKLENBURG - 114,3030,19,3030,1.0
MECKLENBURG - 115,MECKLENBURG - 115,2217,10,2217,1.0
MECKLENBURG - 116,MECKLENBURG - 116,2090,17,2090,1.0
MECKLENBURG - 116,MECKLENBURG - 201,0,1,2090,0.0
MECKLENBURG - 117,MECKLENBURG - 117,2967,25,2967,1.0
MECKLENBURG - 118,MECKLENBURG - 118,3581,20,3581,1.0
MECKLENBURG - 119,MECKLENBURG - 119,1902,15,1902,1.0
MECKLENBURG - 120,MECKLENBURG - 120,4993,15,4993,1.0
MECKLENBURG - 121,MECKLENBURG - 121,4001,28,4001,1.0
MECKLENBURG - 122,MECKLENBURG - 122,6996,97,6996,1.0
MECKLENBURG - 123,MECKLENBURG - 123,2922,25,2922,1.0
MECKLENBURG - 124,MECKLENBURG - 124,3309,36,3309,1.0
MECKLENBURG - 125,MECKLENBURG - 125,1798,14,1798,1.0
MECKLENBURG - 126,MECKLENBURG - 126,4811,69,4811,1.0
MECKLENBURG - 127,MECKLENBURG - 127,4789,164,4789,1.0
MECKLENBURG - 127,IREDELL - CC4-1,0,2,4789,0.0
MECKLENBURG - 128,MECKLENBURG - 128,3291,21,3291,1.0
MECKLENBURG - 129,MECKLENBURG - 129,2172,34,2172,1.0
MECKLENBURG - 130,MECKLENBURG - 130,2791,20,2791,1.0
MECKLENBURG - 131,MECKLENBURG - 131,1817,7,1817,1.0
MECKLENBURG - 132,MECKLENBURG - 132,3378,39,3378,1.0
MECKLENBURG - 133,MECKLENBURG - 133,5380,132,5380,1.0
MECKLENBURG - 134,MECKLENBURG - 134,8400,201,8400,1.0
MECKLENBURG - 135,MECKLENBURG - 135,11091,97,11091,1.0
MECKLENBURG - 136,MECKLENBURG - 136,2747,40,2747,1.0
MECKLENBURG - 137,MECKLENBURG - 137,7087,83,7087,1.0
MECKLENBURG - 138,MECKLENBURG - 138,5444,52,5444,1.0
MECKLENBURG - 139.1,MECKLENBURG - 139.1,4068,57,4068,1.0
MECKLENBURG - 140,MECKLENBURG - 140,7084,60,7084,1.0
MECKLENBURG - 141,MECKLENBURG - 141,10455,68,10455,1.0
MECKLENBURG - 142,MECKLENBURG - 142,7376,186,7376,1.0
MECKLENBURG - 143,MECKLENBURG - 143,6089,79,6089,1.0
MECKLENBURG - 144,MECKLENBURG - 144,4008,20,4008,1.0
MECKLENBURG - 145,MECKLENBURG - 145,10908,116,10936,0.9974396488661302
MECKLENBURG - 145,CABARRUS - 02-09,28,2,10936,0.002560351133869788
MECKLENBURG - 146,MECKLENBURG - 146,6320,50,6320,1.0
MECKLENBURG - 147,MECKLENBURG - 147,6753,59,6753,1.0
MECKLENBURG - 148,MECKLENBURG - 148,13593,185,13593,1.0
MECKLENBURG - 149,MECKLENBURG - 149,6988,72,6988,1.0
MECKLENBURG - 150,MECKLENBURG - 150,3960,40,3960,1.0
MECKLENBURG - 151,MECKLENBURG - 151,6031,70,6031,1.0
MECKLENBURG - 200,MECKLENBURG - 200,3423,145,3423,1.0
MECKLENBURG - 201,MECKLENBURG - 201,9286,117,9286,1.0
MECKLENBURG - 202,MECKLENBURG - 202,9925,308,10104,0.9822842438638163
MECKLENBURG - 202,MECKLENBURG - 206,179,4,10104,0.01771575613618369
MECKLENBURG - 203,MECKLENBURG - 203,8124,79,8124,1.0
MECKLENBURG - 204.1,MECKLENBURG - 204.1,6170,65,6170,1.0
MECKLENBURG - 205,MECKLENBURG - 205,4440,74,4460,0.9955156950672646
MECKLENBURG - 205,CABARRUS - 01-04,20,2,4460,0.004484304932735426
MECKLENBURG - 206,MECKLENBURG - 206,7517,169,7517,1.0
MECKLENBURG - 207,MECKLENBURG - 207,6155,97,6155,1.0
MECKLENBURG - 208,MECKLENBURG - 208,4998,77,4998,1.0
MECKLENBURG - 208,IREDELL - DV1B-1,0,1,4998,0.0
MECKLENBURG - 208,IREDELL - DV2B-1,0,1,4998,0.0
MECKLENBURG - 208,MECKLENBURG - 206,0,1,4998,0.0
MECKLENBURG - 209,MECKLENBURG - 209,5178,165,5178,1.0
MECKLENBURG - 210,MECKLENBURG - 210,7115,93,7115,1.0
MECKLENBURG - 211,MECKLENBURG - 211,12947,203,12947,1.0
MECKLENBURG - 211,MECKLENBURG - 241,0,3,12947,0.0
MECKLENBURG - 212,MECKLENBURG - 212,16996,189,17016,0.9988246356370475
MECKLENBURG - 212,MECKLENBURG - 145,20,1,17016,0.0011753643629525152
MECKLENBURG - 213,MECKLENBURG - 213,6348,73,6348,1.0
MECKLENBURG - 214,MECKLENBURG - 214,3870,29,3870,1.0
MECKLENBURG - 215,MECKLENBURG - 215,3831,54,3831,1.0
MECKLENBURG - 216,MECKLENBURG - 216,5529,43,5529,1.0
MECKLENBURG - 217,MECKLENBURG - 217,3584,46,3584,1.0
MECKLENBURG - 218,MECKLENBURG - 218,2949,40,2949,1.0
MECKLENBURG - 219,MECKLENBURG - 219,3067,46,3067,1.0
MECKLENBURG - 220,MECKLENBURG - 220,3282,47,3282,1.0
MECKLENBURG - 221,MECKLENBURG - 221,4842,91,4842,1.0
MECKLENBURG - 222,MECKLENBURG - 222,8215,128,8215,1.0
MECKLENBURG - 223.1,MECKLENBURG - 223.1,8075,146,8075,1.0
MECKLENBURG - 224,MECKLENBURG - 224,3899,103,3899,1.0
MECKLENBURG - 225,MECKLENBURG - 225,2899,99,2899,1.0
MECKLENBURG - 226,MECKLENBURG - 226,4576,41,4576,1.0
MECKLENBURG - 227,MECKLENBURG - 227,7973,138,7973,1.0
MECKLENBURG - 228,MECKLENBURG - 228,6144,87,6144,1.0
MECKLENBURG - 229,MECKLENBURG - 229,12660,163,12660,1.0
MECKLENBURG - 230,MECKLENBURG - 230,12279,199,12279,1.0
MECKLENBURG - 231,MECKLENBURG - 231,6395,68,6395,1.0
MECKLENBURG - 232,MECKLENBURG - 232,5675,56,5675,1.0
MECKLENBURG - 233,MECKLENBURG - 233,4431,49,4431,1.0
MECKLENBURG - 234,MECKLENBURG - 234,4553,38,4553,1.0
MECKLENBURG - 234,MECKLENBURG - 083,0,2,4553,0.0
MECKLENBURG - 235,MECKLENBURG - 235,4444,44,4444,1.0
MECKLENBURG - 236,MECKLENBURG - 236,5451,150,5451,1.0
MECKLENBURG - 237,MECKLENBURG - 237,5625,53,5625,1.0
MECKLENBURG - 238.1,MECKLENBURG - 238.1,3091,22,3091,1.0
MECKLENBURG - 239,MECKLENBURG - 239,4227,58,4227,1.0
MECKLENBURG - 240,MECKLENBURG - 240,7143,129,7143,1.0
MECKLENBURG - 241,MECKLENBURG - 241,8737,275,8737,1.0
MECKLENBURG - 242,MECKLENBURG - 242,3011,33,3011,1.0
MECKLENBURG - 242,IREDELL - DV1B-1,0,1,3011,0.0
MECKLENBURG - 243,MECKLENBURG - 243,11969,125,11969,1.0
MITCHELL - 01,MITCHELL - 01-A,1395,67,1395,1.0
MITCHELL - 02,MITCHELL - 02,319,17,319,1.0
MITCHELL - 03,MITCHELL - 03,601,19,601,1.0
MITCHELL - 04,MITCHELL - 04,6542,294,6542,1.0
MITCHELL - 04,MCDOWELL - N.COVE,0,1,6542,0.0
MITCHELL - 04,YANCEY - 09 SOU,0,1,6542,0.0
MITCHELL - 05,MITCHELL - 05,858,49,858,1.0
MITCHELL - 06,MITCHELL - 06,598,45,598,1.0
MITCHELL - 07,MITCHELL - 07,223,31,223,1.0
MITCHELL - 08,MITCHELL - 01-A,307,25,307,1.0
MITCHELL - 08,YANCEY - 07 BRU,0,1,307,0.0
MITCHELL - 09,MITCHELL - 09,1393,63,1393,1.0
MONTGOMERY - BIS,MONTGOMERY - BIS,2139,139,2139,1.0
MONTGOMERY - CAN,MONTGOMERY - CAN,2042,133,2042,1.0
MONTGOMERY - CHE,MONTGOMERY - CHE,732,76,732,1.0
MONTGOMERY - CHE,RICHMOND - 25,0,1,732,0.0
MONTGOMERY - ELD,MONTGOMERY - ELD,1729,127,1729,1.0
MONTGOMERY - ELD,DAVIDSON - 56,0,1,1729,0.0
MONTGOMERY - LIT,MONTGOMERY - LIT,606,41,606,1.0
MONTGOMERY - MTG,MONTGOMERY - MTG,1688,137,1698,0.9941107184923439
MONTGOMERY - MTG,RICHMOND - 14,10,2,1698,0.005889281507656066
MONTGOMERY - OPH,MONTGOMERY - OPH,363,33,363,1.0
MONTGOMERY - PEE,MONTGOMERY - PEE,1529,127,1529,1.0
MONTGOMERY - PEE,MONTGOMERY - MTG,0,1,1529,0.0
MONTGOMERY - ROC,MONTGOMERY - ROC,980,43,980,1.0
MONTGOMERY - STA,MONTGOMERY - STA,2011,156,2011,1.0
MONTGOMERY - STA,MOORE - WEM,0,2,2011,0.0
MONTGOMERY - T1,MONTGOMERY - T1,2279,179,2279,1.0
MONTGOMERY - T2,MONTGOMERY - T2,1876,117,1876,1.0
MONTGOMERY - UWH,MONTGOMERY - UWH,1652,106,1652,1.0
MONTGOMERY - WAD,MONTGOMERY - WAD,539,43,539,1.0
MOORE - BEN,MOORE - BEN,2399,120,2399,1.0
MOORE - CAM,MOORE - CAM,3044,149,3044,1.0
MOORE - CAR,MOORE - CAR,5814,320,5814,1.0
MOORE - DHR,MOORE - DHR,1981,118,1993,0.9939789262418465
MOORE - DHR,MOORE - RBN,12,4,1993,0.006021073758153537
MOORE - EAB,MOORE - EAB,3269,147,3269,1.0
MOORE - EAB,HOKE - 04,0,1,3269,0.0
MOORE - EAB,MOORE - PDN,0,1,3269,0.0
MOORE - EKWD,MOORE - EKWD,1681,69,1681,1.0
MOORE - EKWD,MOORE - WKWD1,0,1,1681,0.0
MOORE - EUR-WP,MOORE - EUR-WP,4407,124,4590,0.9601307189542484
MOORE - EUR-WP,MOORE - WKWD1,183,7,4590,0.03986928104575163
MOORE - EWD,MOORE - EWD,1727,94,1727,1.0
MOORE - EWD,MOORE - WKWD1,0,1,1727,0.0
MOORE - LTR,MOORE - LTR,3515,132,3515,1.0
MOORE - LTR,HOKE - 14,0,2,3515,0.0
MOORE - NSP,MOORE - NSP,2919,158,2919,1.0
MOORE - PBF,MOORE - PBF,2853,128,2853,1.0
MOORE - PDN,MOORE - PDN,3732,152,3732,1.0
MOORE - PHA1,MOORE - PHA1,3495,129,3495,1.0
MOORE - PHA2,MOORE - PHA2,2060,73,2060,1.0
MOORE - PHB1,MOORE - PHB1A,3182,73,3182,1.0
MOORE - PHB2,MOORE - PHB2,2359,75,2359,1.0
MOORE - PHC,MOORE - PHC,4165,74,4165,1.0
MOORE - RBN,MOORE - RBN,1892,138,1892,1.0
MOORE - SLS,MOORE - SLS,3875,89,3875,1.0
MOORE - SSP,MOORE - SSP,4440,175,4446,0.9986504723346828
MOORE - SSP,MOORE - PHB1A,6,4,4446,0.001349527665317139
MOORE - TLT,MOORE - TLT,535,36,604,0.8857615894039735
MOORE - TLT,MOORE - PHA1,69,3,604,0.11423841059602649
MOORE - VSS,MOORE - VSS,2568,131,2568,1.0
MOORE - WAB,MOORE - WAB,4736,222,5035,0.9406156901688183
MOORE - WAB,MOORE - WND,216,15,5035,0.04289970208540218
MOORE - WAB,MOORE - PHC,83,6,5035,0.016484607745779544
MOORE - WEM,MOORE - WEM,2229,82,2229,1.0
MOORE - WKWD,MOORE - WKWD1,2276,115,2283,0.9969338589575121
MOORE - WKWD,MOORE - PHB1A,7,1,2283,0.0030661410424879547
MOORE - WND,MOORE - WND,2472,101,2484,0.9951690821256038
MOORE - WND,MONTGOMERY - ROC,12,1,2484,0.004830917874396135
NASH - P01A,NASH - P01A,3556,141,3571,0.9957994959395128
NASH - P01A,WILSON - PROL,15,1,3571,0.004200504060487258
NASH - P02A,NASH - P02A,2819,151,3017,0.9343718926085516
NASH - P02A,JOHNSTON - PR20,198,2,3017,0.06562810739144846
NASH - P03A,NASH - P03A,2228,66,2228,1.0
NASH - P04A,NASH - P04A,2314,65,2314,1.0
NASH - P05A,NASH - P05A,3303,66,3303,1.0
NASH - P05A,NASH - P04A,0,1,3303,0.0
NASH - P06A,NASH - P06A,3298,139,3298,1.0
NASH - P06A,FRANKLIN - 08,0,4,3298,0.0
NASH - P07A,NASH - P07A,945,53,945,1.0
NASH - P08A,NASH - P08A,7913,255,7913,1.0
NASH - P09A,NASH - P09A,1648,69,1648,1.0
NASH - P10A,NASH - P10A,2138,68,2138,1.0
NASH - P11A,NASH - P11A,3059,99,3126,0.9785668586052463
NASH - P11A,NASH - P14A,67,2,3126,0.02143314139475368
NASH - P12A,NASH - P12A,1050,32,1050,1.0
NASH - P13A,NASH - P13A,880,72,880,1.0
NASH - P13A,EDGECOMBE - 0601,0,1,880,0.0
NASH - P13A,HALIFAX - ENF1,0,2,880,0.0
NASH - P13A,HALIFAX - RINGW,0,1,880,0.0
NASH - P14A,NASH - P14A,1537,79,1537,1.0
NASH - P15A,NASH - P15A,4598,115,4598,1.0
NASH - P16A,NASH - P16A,2579,162,2579,1.0
NASH - P16A,NASH - P14A,0,1,2579,0.0
NASH - P17A,NASH - P17A,4967,60,4967,1.0
NASH - P18A,NASH - P18A,3357,59,3357,1.0
NASH - P19A,NASH - P19A,6197,118,6197,1.0
NASH - P20A,NASH - P20A,3040,107,3111,0.9771777563484411
NASH - P20A,NASH - P15A,71,1,3111,0.022822243651558983
NASH - P21A,NASH - P21A,3248,246,3248,1.0
NASH - P22A,NASH - P22A,2358,109,2358,1.0
NASH - P23A,NASH - P23A,3807,94,3807,1.0
NASH - P24A,NASH - P24A,3575,124,3575,1.0
NASH - P24A,WILSON - PRTO,0,1,3575,0.0
NEW HANOVER - CF01,NEW HANOVER - CF01,4851,205,4851,1.0
NEW HANOVER - CF01,BRUNSWICK - NB05,0,5,4851,0.0
NEW HANOVER - CF01,PENDER - MC07,0,1,4851,0.0
NEW HANOVER - CF02,NEW HANOVER - CF02,3535,121,3535,1.0
NEW HANOVER - CF05,NEW HANOVER - CF05,3890,62,3890,1.0
NEW HANOVER - CF06,NEW HANOVER - CF06,3573,104,3573,1.0
NEW HANOVER - CF06,NEW HANOVER - W15,0,1,3573,0.0
NEW HANOVER - FP03,NEW HANOVER - FP03,1946,101,1946,1.0
NEW HANOVER - FP04,NEW HANOVER - FP04,5866,98,5866,1.0
NEW HANOVER - FP06,NEW HANOVER - FP06,4726,43,4726,1.0
NEW HANOVER - FP07,NEW HANOVER - FP07,5672,56,5672,1.0
NEW HANOVER - FP08,NEW HANOVER - FP08,5528,267,5528,1.0
NEW HANOVER - H01,NEW HANOVER - H01,1986,42,2135,0.9302107728337237
NEW HANOVER - H01,NEW HANOVER - W15,149,3,2135,0.06978922716627635
NEW HANOVER - H02,NEW HANOVER - H02,4180,55,4180,1.0
NEW HANOVER - H03,NEW HANOVER - W33,5943,103,5943,1.0
NEW HANOVER - H04,NEW HANOVER - H04,4644,70,4644,1.0
NEW HANOVER - H04,NEW HANOVER - H05,0,1,4644,0.0
NEW HANOVER - H05,NEW HANOVER - H05,4017,85,4017,1.0
NEW HANOVER - H06,NEW HANOVER - H06,3602,59,3602,1.0
NEW HANOVER - H08,NEW HANOVER - H08,6204,79,6204,1.0
NEW HANOVER - H10,NEW HANOVER - H10,4799,47,4799,1.0
NEW HANOVER - H11,NEW HANOVER - H11,7596,95,7596,1.0
NEW HANOVER - H11,NEW HANOVER - CF05,0,1,7596,0.0
NEW HANOVER - H12,NEW HANOVER - H12,3674,68,3674,1.0
NEW HANOVER - H13,NEW HANOVER - H13,4530,47,4530,1.0
NEW HANOVER - H13,NEW HANOVER - H12,0,3,4530,0.0
NEW HANOVER - M02,NEW HANOVER - M02,6126,77,6157,0.9949650803962969
NEW HANOVER - M02,NEW HANOVER - M07,31,6,6157,0.005034919603703102
NEW HANOVER - M03,NEW HANOVER - M03,5886,98,5886,1.0
NEW HANOVER - M04,NEW HANOVER - M04,7405,119,7405,1.0
NEW HANOVER - M06,NEW HANOVER - M06,3023,45,3023,1.0
NEW HANOVER - M07,NEW HANOVER - M07,2268,50,2268,1.0
NEW HANOVER - M07,NEW HANOVER - M02,0,1,2268,0.0
NEW HANOVER - W03,NEW HANOVER - W03,2477,135,2477,1.0
NEW HANOVER - W08,NEW HANOVER - W08,2205,57,2205,1.0
NEW HANOVER - W12,NEW HANOVER - W12,1708,48,1741,0.9810453762205629
NEW HANOVER - W12,NEW HANOVER - W27,33,2,1741,0.018954623779437105
NEW HANOVER - W13,NEW HANOVER - W34,2883,24,2883,1.0
NEW HANOVER - W15,NEW HANOVER - W15,6710,86,6710,1.0
NEW HANOVER - W16,NEW HANOVER - W16,3434,66,3434,1.0
NEW HANOVER - W17,NEW HANOVER - W17,2360,64,2360,1.0
NEW HANOVER - W18,NEW HANOVER - W35,1909,49,1939,0.9845281072717896
NEW HANOVER - W18,NEW HANOVER - W33,30,1,1939,0.015471892728210418
NEW HANOVER - W21,NEW HANOVER - W21,5271,37,5271,1.0
NEW HANOVER - W24,NEW HANOVER - W34,7230,36,7230,1.0
NEW HANOVER - W25,NEW HANOVER - W25,4143,235,4143,1.0
NEW HANOVER - W26,NEW HANOVER - W26,3313,110,3313,1.0
NEW HANOVER - W27,NEW HANOVER - W27,3321,141,3321,1.0
NEW HANOVER - W28,NEW HANOVER - W35,5243,89,5243,1.0
NEW HANOVER - W29,NEW HANOVER - W29,3467,203,3467,1.0
NEW HANOVER - W30,NEW HANOVER - W30,6058,96,6058,1.0
NEW HANOVER - W31,NEW HANOVER - W31,4432,114,4432,1.0
NEW HANOVER - WB,NEW HANOVER - WB,2129,70,2129,1.0
NEW HANOVER - WB,NEW HANOVER - H08,0,1,2129,0.0
NORTHAMPTON - CONWAY,NORTHAMPTON - COMIPE,860,40,860,1.0
NORTHAMPTON - CREEKS,NORTHAMPTON - CREEKS,647,35,647,1.0
NORTHAMPTON - GALATI,NORTHAMPTON - GALATI,600,45,600,1.0
NORTHAMPTON - GARYSB,NORTHAMPTON - GAPL,1515,134,1515,1.0
NORTHAMPTON - GASTON,NORTHAMPTON - GASTON,2809,128,2809,1.0
NORTHAMPTON - JACKSO,NORTHAMPTON - JARE,730,40,730,1.0
NORTHAMPTON - LAKE G,NORTHAMPTON - LAKE G,1477,49,1477,1.0
NORTHAMPTON - LASKER,NORTHAMPTON - LASKER,192,22,192,1.0
NORTHAMPTON - MILWAU,NORTHAMPTON - COMIPE,338,24,338,1.0
NORTHAMPTON - NEWTOW,NORTHAMPTON - NEWTOW,581,25,581,1.0
NORTHAMPTON - PENDLE,NORTHAMPTON - COMIPE,246,16,246,1.0
NORTHAMPTON - PLEASA,NORTHAMPTON - GAPL,415,47,415,1.0
NORTHAMPTON - POTECA,NORTHAMPTON - WOPO,241,12,241,1.0
NORTHAMPTON - REHOBE,NORTHAMPTON - JARE,211,24,211,1.0
NORTHAMPTON - RICH S,NORTHAMPTON - RICH S,1380,65,1380,1.0
NORTHAMPTON - RICH S,HERTFORD - SJ,0,1,1380,0.0
NORTHAMPTON - SEABOA,NORTHAMPTON - SEABOA,1029,95,1029,1.0
NORTHAMPTON - SEVERN,NORTHAMPTON - SEVERN,429,39,429,1.0
NORTHAMPTON - WOODLA,NORTHAMPTON - WOPO,666,53,666,1.0
NORTHAMPTON - WOODLA,HERTFORD - SJ,0,2,666,0.0
ONSLOW - BC21,ONSLOW - BC21,6599,68,6599,1.0
ONSLOW - BM08,ONSLOW - BM08,9509,147,9509,1.0
ONSLOW - CL10,ONSLOW - CL10,3966,35,3966,1.0
ONSLOW - CR07,ONSLOW - CR07,6885,105,6885,1.0
ONSLOW - EN03,ONSLOW - EN03,15955,218,15955,1.0
ONSLOW - FS16,ONSLOW - FS16,5333,155,5333,1.0
ONSLOW - FS16,ONSLOW - HR17,0,1,5333,0.0
ONSLOW - FS16,ONSLOW - JA01,0,2,5333,0.0
ONSLOW - GB12,ONSLOW - GB12,5818,68,5818,1.0
ONSLOW - HM05,ONSLOW - HM05,5893,69,5893,1.0
ONSLOW - HN14,ONSLOW - HN14,3350,81,3358,0.9976176295413937
ONSLOW - HN14,PENDER - UH08,8,1,3358,0.0023823704586063135
ONSLOW - HR17,ONSLOW - HR17,3713,192,3713,1.0
ONSLOW - HR17,PENDER - SC13,0,7,3713,0.0
ONSLOW - HR17,PENDER - SP15,0,4,3713,0.0
ONSLOW - HR17,PENDER - UH08,0,3,3713,0.0
ONSLOW - HU20,ONSLOW - HU20,4430,74,4430,1.0
ONSLOW - JA01,ONSLOW - JA01,33170,774,33170,1.0
ONSLOW - JA01,ONSLOW - NE22A,0,1,33170,0.0
ONSLOW - ML23,ONSLOW - ML23,1342,29,1342,1.0
ONSLOW - ML23,JONES - P07,0,1,1342,0.0
ONSLOW - MT24,ONSLOW - MT24,2219,56,2219,1.0
ONSLOW - NE22A,ONSLOW - NE22A,5755,112,5755,1.0
ONSLOW - NE22B,ONSLOW - NE22B,7150,88,7150,1.0
ONSLOW - NM13,ONSLOW - NM13,1374,31,1374,1.0
ONSLOW - NM13,DUPLIN - CYCK,0,1,1374,0.0
ONSLOW - NR02,ONSLOW - NR02,2488,86,2488,1.0
ONSLOW - RL09,ONSLOW - RL09,7135,135,7135,1.0
ONSLOW - SF18,ONSLOW - SF18,6740,106,6740,1.0
ONSLOW - SW19,ONSLOW - SW19,5857,199,5857,1.0
ONSLOW - SW19,CARTERET - CAPE,0,2,5857,0.0
ONSLOW - SW19,CARTERET - ISLE,0,2,5857,0.0
ONSLOW - TL06,ONSLOW - TL06,4519,45,4519,1.0
ONSLOW - VR15,ONSLOW - VR15,2734,50,2734,1.0
ONSLOW - WN04,ONSLOW - WN04,5508,93,5508,1.0
ORANGE - BC,ORANGE - CF1,2383,25,2383,1.0
ORANGE - BC,ORANGE - ES,0,1,2383,0.0
ORANGE - BP,ORANGE - EA1,920,9,920,1.0
ORANGE - CA,ORANGE - CA,1178,45,1178,1.0
ORANGE - CB,ORANGE - CB1,1612,26,1612,1.0
ORANGE - CC,ORANGE - UNC,3003,14,3003,1.0
ORANGE - CF,ORANGE - CF1,2691,40,2691,1.0
ORANGE - CG,ORANGE - CG,1613,59,1663,0.9699338544798557
ORANGE - CG,ORANGE - EF,40,3,1663,0.024052916416115455
ORANGE - CG,PERSON - SWST,10,1,1663,0.006013229104028864
ORANGE - CH,ORANGE - CH,1656,19,1656,1.0
ORANGE - CO,ORANGE - CO,2864,40,2864,1.0
ORANGE - CP,ORANGE - HN,2312,44,3452,0.6697566628041715
ORANGE - CP,ORANGE - HE,914,44,3452,0.264774044032445
ORANGE - CP,ORANGE - H,195,8,3452,0.05648899188876014
ORANGE - CP,ORANGE - TO,31,3,3452,0.008980301274623407
ORANGE - CS1,ORANGE - CS1,1742,62,1742,1.0
ORANGE - CW,ORANGE - CW,2910,124,2924,0.9952120383036935
ORANGE - CW,DURHAM - 44,14,7,2924,0.0047879616963064295
ORANGE - CW,DURHAM - 25,0,1,2924,0.0
ORANGE - CW,DURHAM - 26,0,1,2924,0.0
ORANGE - CX,ORANGE - CX,6221,186,6389,0.9737048051338237
ORANGE - CX,ALAMANCE - 104,83,7,6389,0.012991078416027547
ORANGE - CX,ALAMANCE - 10N,80,9,6389,0.01252152136484583
ORANGE - CX,ALAMANCE - 103,5,4,6389,0.0007825950853028644
ORANGE - DA,ORANGE - DA,2917,63,2917,1.0
ORANGE - DM,ORANGE - DM,2740,35,2740,1.0
ORANGE - EA,ORANGE - EA1,2127,13,2664,0.7984234234234234
ORANGE - EA,ORANGE - UNC,537,2,2664,0.20157657657657657
ORANGE - EF,ORANGE - EF,2138,89,2203,0.970494779845665
ORANGE - EF,ORANGE - GB,65,4,2203,0.029505220154335
ORANGE - EH,ORANGE - EH,2195,19,2195,1.0
ORANGE - ENO,ORANGE - ENO,3188,87,3527,0.903884320952651
ORANGE - ENO,ORANGE - HE,319,15,3527,0.09044513751063227
ORANGE - ENO,DURHAM - 50,17,4,3527,0.004819960306209243
ORANGE - ENO,DURHAM - 45,3,1,3527,0.0008505812305075135
ORANGE - ENO,DURHAM - 37,0,1,3527,0.0
ORANGE - ES,ORANGE - ES,2153,23,2153,1.0
ORANGE - GB,ORANGE - GB,5262,80,5471,0.961798574300859
ORANGE - GB,ORANGE - HE,209,7,5471,0.03820142569914092
ORANGE - GL,ORANGE - GL,2539,64,2551,0.9952959623676989
ORANGE - GL,DURHAM - 53-2,12,1,2551,0.004704037632301058
ORANGE - GR,ORANGE - UNC,2553,22,2553,1.0
ORANGE - H,ORANGE - H,974,51,1440,0.6763888888888889
ORANGE - H,ORANGE - WH,251,11,1440,0.17430555555555555
ORANGE - H,ORANGE - HE,215,22,1440,0.14930555555555555
ORANGE - HF,ORANGE - HF,2771,61,3792,0.7307489451476793
ORANGE - HF,ORANGE - RE,1021,21,3792,0.26925105485232065
ORANGE - KM,ORANGE - KM,1982,41,1982,1.0
ORANGE - KM,DURHAM - 53-2,0,1,1982,0.0
ORANGE - LC,ORANGE - CB1,2208,22,2929,0.7538409013315125
ORANGE - LC,ORANGE - OW1,677,4,2929,0.23113690679412768
ORANGE - LC,ORANGE - TH1,44,2,2929,0.015022191874359849
ORANGE - LI,ORANGE - UNC,1996,4,3666,0.5444626295690126
ORANGE - LI,ORANGE - WW1,1670,14,3666,0.45553737043098746
ORANGE - MF,ORANGE - UNC,4067,18,4067,1.0
ORANGE - NC,ORANGE - NC,2237,37,2237,1.0
ORANGE - NS,ORANGE - NS,3465,32,3465,1.0
ORANGE - OG,ORANGE - OG,3611,92,3657,0.9874213836477987
ORANGE - OG,ORANGE - HF,40,5,3657,0.010937927262783703
ORANGE - OG,ALAMANCE - 09S,6,3,3657,0.0016406890894175555
ORANGE - OG,ORANGE - CS1,0,1,3657,0.0
ORANGE - OG,ORANGE - SJ,0,1,3657,0.0
ORANGE - OW,ORANGE - OW1,3363,16,3363,1.0
ORANGE - PA,ORANGE - PA,3156,79,5673,0.5563194077207827
ORANGE - PA,ORANGE - RE,2517,34,5673,0.44368059227921736
ORANGE - RF,ORANGE - RF,1930,41,1930,1.0
ORANGE - SJ,ORANGE - SJ,2846,55,2846,1.0
ORANGE - SM,ORANGE - SM,2524,47,2893,0.8724507431731766
ORANGE - SM,ORANGE - HN,331,10,2893,0.1144141030072589
ORANGE - SM,ORANGE - HE,38,3,2893,0.013135153819564467
ORANGE - SM,DURHAM - 44,0,12,2893,0.0
ORANGE - TH,ORANGE - TH1,2169,30,2169,1.0
ORANGE - TO,ORANGE - TO,1426,58,1435,0.9937282229965156
ORANGE - TO,ORANGE - HN,9,1,1435,0.0062717770034843206
ORANGE - WC,ORANGE - WC,2081,46,2087,0.9971250598945856
ORANGE - WC,ALAMANCE - 09S,6,6,2087,0.0028749401054144704
ORANGE - WC,ALAMANCE - 08N,0,1,2087,0.0
ORANGE - WC,ORANGE - SJ,0,1,2087,0.0
ORANGE - WD,ORANGE - WD,3372,49,3372,1.0
ORANGE - WDS,ORANGE - WDS,439,1,439,1.0
ORANGE - WH,ORANGE - WH,2136,79,2984,0.7158176943699732
ORANGE - WH,ORANGE - HE,293,3,2984,0.09819034852546916
ORANGE - WH,ORANGE - H,291,10,2984,0.0975201072386059
ORANGE - WH,ORANGE - GB,229,7,2984,0.0767426273458445
ORANGE - WH,ORANGE - EF,35,6,2984,0.011729222520107238
ORANGE - WW,ORANGE - WW1,1789,22,1789,1.0
PAMLICO - 1AL A,PAMLICO - 1CR,597,21,597,1.0
PAMLICO - 1GB,PAMLICO - 1CR,1129,66,1129,1.0
PAMLICO - 1RB,PAMLICO - 1RB,1598,55,1598,1.0
PAMLICO - 1RB,CRAVEN - 20,0,4,1598,0.0
PAMLICO - 1RB,CRAVEN - TE13,0,1,1598,0.0
PAMLICO - 2OT,PAMLICO - 2OT,1883,155,1883,1.0
PAMLICO - 2SW,PAMLICO - 3CH,485,45,485,1.0
PAMLICO - 3BY,PAMLICO - 3CH,1897,134,1897,1.0
PAMLICO - 4HB,PAMLICO - 4BR,220,111,220,1.0
PAMLICO - 4MSIC,PAMLICO - 4BR,167,40,167,1.0
PAMLICO - 4VM A,PAMLICO - 4BR,267,45,267,1.0
PAMLICO - 5AP,PAMLICO - 5AP,2235,110,2235,1.0
PASQUOTANK - EAST,PASQUOTANK - EAST,3383,183,3383,1.0
PASQUOTANK - EAST,PASQUOTANK - NIX,0,1,3383,0.0
PASQUOTANK - MH,PASQUOTANK - MH,4679,147,4679,1.0
PASQUOTANK - NEW,PASQUOTANK - NEW,2090,57,2090,1.0
PASQUOTANK - NIX,PASQUOTANK - NIX,3937,76,4003,0.9835123657257058
PASQUOTANK - NIX,PASQUOTANK - SOUTH,66,2,4003,0.01648763427429428
PASQUOTANK - NORTH,PASQUOTANK - NORTH,2998,146,2998,1.0
PASQUOTANK - PRO,PASQUOTANK - PRO,6614,147,6637,0.9965345788759982
PASQUOTANK - PRO,PASQUOTANK - NORTH,23,1,6637,0.003465421124001808
PASQUOTANK - SAL,PASQUOTANK - SAL,1288,39,1288,1.0
PASQUOTANK - SOUTH,PASQUOTANK - SOUTH,3549,104,3549,1.0
PASQUOTANK - WEST,PASQUOTANK - WEST,3337,85,3337,1.0
PASQUOTANK - WEST,PASQUOTANK - MH,0,1,3337,0.0
PENDER - CF11,PENDER - RP21,3987,42,3987,1.0
PENDER - CL05,PENDER - CL05,1525,86,1525,1.0
PENDER - CS04,PENDER - MC07,1144,86,1144,1.0
PENDER - CT03,PENDER - MC07,210,28,210,1.0
PENDER - GR06,PENDER - MC07,1808,86,1808,1.0
PENDER - LC09,PENDER - RP21,1659,39,1659,1.0
PENDER - LT18,PENDER - LT18,4617,83,4627,0.9978387724227361
PENDER - LT18,NEW HANOVER - H11,10,1,4627,0.002161227577263886
PENDER - LT18,NEW HANOVER - H12,0,5,4627,0.0
PENDER - LU16,PENDER - PL18,1346,65,1346,1.0
PENDER - MH07,PENDER - BW01,283,24,283,1.0
PENDER - MT19,PENDER - MT19,3498,51,3498,1.0
PENDER - NB01,PENDER - BW01,2877,85,2877,1.0
PENDER - PL10,PENDER - PL18,454,39,454,1.0
PENDER - RP20,PENDER - RP21,2471,77,2471,1.0
PENDER - SB02,PENDER - BW01,3595,162,3595,1.0
PENDER - SC13,PENDER - SC13,4068,220,4068,1.0
PENDER - SC13,ONSLOW - HR17,0,5,4068,0.0
PENDER - SH12,PENDER - SH12,2014,32,2031,0.9916297390448056
PENDER - SH12,NEW HANOVER - H13,17,7,2031,0.008370260955194485
PENDER - SH12,NEW HANOVER - H11,0,2,2031,0.0
PENDER - SP15,PENDER - SP15,4300,99,4300,1.0
PENDER - UH08,PENDER - UH08,740,48,740,1.0
PENDER - UH08,DUPLIN - CYCK,0,1,740,0.0
PENDER - UT14,PENDER - UT14,4803,61,4803,1.0
PENDER - UU17,PENDER - PL18,1201,66,1207,0.9950289975144988
PENDER - UU17,DUPLIN - WLLC,6,2,1207,0.004971002485501243
PERQUIMANS - BELVID,PERQUIMANS - BELVID,746,30,746,1.0
PERQUIMANS - BETHEL,PERQUIMANS - BETHEL,3001,142,3001,1.0
PERQUIMANS - EAST H,PERQUIMANS - EAST H,1047,56,1047,1.0
PERQUIMANS - NEW HO,PERQUIMANS - NEW HO,2468,40,2468,1.0
PERQUIMANS - NICANO,PERQUIMANS - NICANO,284,30,284,1.0
PERQUIMANS - PARKVI,PERQUIMANS - PARKVI,2011,96,2011,1.0
PERQUIMANS - WEST H,PERQUIMANS - WEST H,1035,52,1035,1.0
PERSON - ALVI,PERSON - ALVI,2402,111,2402,1.0
PERSON - CUCL,PERSON - CUCL,2013,133,2013,1.0
PERSON - FLRI,PERSON - FLHE,5737,146,5798,0.9894791307347361
PERSON - FLRI,PERSON - ROXL,34,9,5798,0.005864091065884788
PERSON - FLRI,PERSON - RCOB,27,7,5798,0.004656778199379096
PERSON - FLRI,DURHAM - 26,0,1,5798,0.0
PERSON - HLWY,PERSON - HLWY,1261,42,1261,1.0
PERSON - MTTZ,PERSON - MTTZ,2687,92,2687,1.0
PERSON - MTTZ,DURHAM - 28,0,2,2687,0.0
PERSON - OLHI,PERSON - OLHI,1778,73,1778,1.0
PERSON - PNTH,PERSON - PNTH,5193,183,5193,1.0
PERSON - RCTL,PERSON - RCOB,4483,140,4629,0.9684597105206308
PERSON - RCTL,PERSON - ROXL,146,12,4629,0.031540289479369196
PERSON - ROX4,PERSON - ROXL,1949,53,1949,1.0
PERSON - SWST,PERSON - SWST,2058,97,2058,1.0
PERSON - WDSD,PERSON - WDSD,1185,89,1185,1.0
PITT - 0101,PITT - 0101,4349,118,4349,1.0
PITT - 0200A,PITT - 0200A,3094,128,3094,1.0
PITT - 0200B,PITT - 0200B,2632,136,2632,1.0
PITT - 0301,PITT - 0301,5321,142,5321,1.0
PITT - 0401,PITT - 0401,1728,164,1728,1.0
PITT - 0501,PITT - 0501,1534,94,1534,1.0
PITT - 0601,PITT - 0601,5280,114,5280,1.0
PITT - 0601,CRAVEN - VE14,0,2,5280,0.0
PITT - 0701,PITT - 0701,2154,81,2154,1.0
PITT - 0800A,PITT - 0800A,2522,149,2522,1.0
PITT - 0800B,PITT - 0800B,2113,102,2113,1.0
PITT - 0901,PITT - 0901,976,86,1003,0.9730807577268196
PITT - 0901,EDGECOMBE - 0901,27,1,1003,0.026919242273180457
PITT - 1001,PITT - 1001,3413,186,3413,1.0
PITT - 1101,PITT - 1101,1408,73,1408,1.0
PITT - 1102A,PITT - 1102A,3297,60,3297,1.0
PITT - 1102A,PITT - 1102B,0,1,3297,0.0
PITT - 1102B,PITT - 1102B,4117,90,4117,1.0
PITT - 1201,PITT - 1201,4919,199,4919,1.0
PITT - 1201,PITT - 1507,0,1,4919,0.0
PITT - 1201,PITT - 1508B,0,1,4919,0.0
PITT - 1301,PITT - 1301,1260,39,1260,1.0
PITT - 1301,CRAVEN - VE14,0,3,1260,0.0
PITT - 1403A1,PITT - 1403A1,3562,105,3562,1.0
PITT - 1403A2,PITT - 1403A2,3509,111,3509,1.0
PITT - 1403B,PITT - 1403B,4976,105,4976,1.0
PITT - 1403B,PITT - 1403A2,0,1,4976,0.0
PITT - 1501,PITT - 1501,1651,155,1651,1.0
PITT - 1501,PITT - 0301,0,1,1651,0.0
PITT - 1503,PITT - 1503,3547,90,3547,1.0
PITT - 1504A,PITT - 1504A,3628,147,3891,0.9324081213055769
PITT - 1504A,PITT - 1504B,263,2,3891,0.06759187869442303
PITT - 1504B,PITT - 1504B,5409,67,5409,1.0
PITT - 1505A,PITT - 1505A,3704,30,3704,1.0
PITT - 1505B,PITT - 1505B,3126,74,3138,0.9961759082217974
PITT - 1505B,PITT - 1506,12,1,3138,0.0038240917782026767
PITT - 1506,PITT - 1506,2156,96,2156,1.0
PITT - 1507,PITT - 1507,5889,67,5889,1.0
PITT - 1507B,PITT - 1507B,1852,21,1852,1.0
PITT - 1508A,PITT - 1508A,1562,78,1613,0.9683818970861748
PITT - 1508A,PITT - 1508B,51,1,1613,0.03161810291382517
PITT - 1508B,PITT - 1508B,2306,39,2306,1.0
PITT - 1509,PITT - 1509,4714,108,4714,1.0
PITT - 1510A,PITT - 1510A,2458,50,2458,1.0
PITT - 1510B,PITT - 1510B,2924,49,2924,1.0
PITT - 1511A,PITT - 1511A,3792,65,3792,1.0
PITT - 1511B,PITT - 1511B,4856,39,4856,1.0
PITT - 1512A,PITT - 1512A,6519,124,6519,1.0
PITT - 1512B,PITT - 1512B,2877,53,2877,1.0
PITT - 1513A,PITT - 1513A,3760,71,3760,1.0
PITT - 1513B,PITT - 1513B,2990,68,2990,1.0
POLK - CG05,POLK - CG05,1620,75,1620,1.0
POLK - CG05,RUTHERFORD - 06A,0,4,1620,0.0
POLK - CG05,RUTHERFORD - 18,0,1,1620,0.0
POLK - CL07,POLK - CL07,2664,126,2664,1.0
POLK - CL08,POLK - CL08,2749,84,2749,1.0
POLK - GC09,POLK - GC09,2672,95,2672,1.0
POLK - GC09,RUTHERFORD - 09A,0,1,2672,0.0
POLK - GC09,RUTHERFORD - 34,0,3,2672,0.0
POLK - SA04,POLK - SA04,1595,144,1597,0.9987476518472135
POLK - SA04,HENDERSON - RR,2,2,1597,0.0012523481527864746
POLK - TR123,POLK - TR123,2987,166,2987,1.0
POLK - WO06,POLK - WO06,1901,94,1901,1.0
POLK - WO06,RUTHERFORD - 18,0,1,1901,0.0
RANDOLPH - AE,RANDOLPH - AE,5707,216,5707,1.0
RANDOLPH - AN,RANDOLPH - AN,6091,138,6091,1.0
RANDOLPH - AR,RANDOLPH - AR,9407,219,9407,1.0
RANDOLPH - AR,RANDOLPH - TR,0,1,9407,0.0
RANDOLPH - AS,RANDOLPH - AS,4981,182,4981,1.0
RANDOLPH - AW,RANDOLPH - AW,7343,273,7343,1.0
RANDOLPH - BC,RANDOLPH - BC,3562,105,3562,1.0
RANDOLPH - DR,RANDOLPH - DR,5355,215,5355,1.0
RANDOLPH - GR,RANDOLPH - GR,4398,108,4398,1.0
RANDOLPH - LB,RANDOLPH - LB,3279,178,3279,1.0
RANDOLPH - LC,RANDOLPH - LC,2860,50,2860,1.0
RANDOLPH - NM,RANDOLPH - NM,5016,163,5016,1.0
RANDOLPH - PR,RANDOLPH - PR,6159,143,6159,1.0
RANDOLPH - RM,RANDOLPH - RM,3620,206,3620,1.0
RANDOLPH - RN,RANDOLPH - RN,6961,278,6961,1.0
RANDOLPH - RN,RANDOLPH - PR,0,1,6961,0.0
RANDOLPH - SE,RANDOLPH - SE,2194,135,2194,1.0
RANDOLPH - SO,RANDOLPH - SO,4035,187,4035,1.0
RANDOLPH - ST,RANDOLPH - ST,2275,127,2275,1.0
RANDOLPH - SW,RANDOLPH - SW,3111,142,3114,0.9990366088631984
RANDOLPH - SW,DAVIDSON - 56,3,4,3114,0.0009633911368015414
RANDOLPH - TB,RANDOLPH - TB,3436,107,3436,1.0
RANDOLPH - TR,RANDOLPH - TR,9516,284,9622,0.9889835792974434
RANDOLPH - TR,RANDOLPH - AR,106,3,9622,0.01101642070255664
RANDOLPH - TR,DAVIDSON - 60,0,1,9622,0.0
RANDOLPH - TT,RANDOLPH - TT,4455,89,4455,1.0
RANDOLPH - UG,RANDOLPH - UG,8395,249,8395,1.0
RICHMOND - 01,RICHMOND - 01,5694,239,5694,1.0
RICHMOND - 02,RICHMOND - 02,5250,210,5250,1.0
RICHMOND - 03,RICHMOND - 21,964,50,964,1.0
RICHMOND - 04,RICHMOND - 22,2103,109,2103,1.0
RICHMOND - 05,RICHMOND - 23,804,58,804,1.0
RICHMOND - 06,RICHMOND - 23,1553,58,1553,1.0
RICHMOND - 07,RICHMOND - 22,984,55,984,1.0
RICHMOND - 08,RICHMOND - 08,4118,257,4221,0.9755981994787964
RICHMOND - 08,RICHMOND - 09,103,4,4221,0.024401800521203505
RICHMOND - 08,SCOTLAND - 06-89,0,1,4221,0.0
RICHMOND - 09,RICHMOND - 09,5697,327,5705,0.9985977212971078
RICHMOND - 09,SCOTLAND - 05-10,8,2,5705,0.0014022787028921998
RICHMOND - 10,RICHMOND - 10,1607,93,1607,1.0
RICHMOND - 11,RICHMOND - 21,1054,38,1054,1.0
RICHMOND - 12,RICHMOND - 24,1696,156,1696,1.0
RICHMOND - 13,RICHMOND - 25,875,65,875,1.0
RICHMOND - 14,RICHMOND - 14,155,55,155,1.0
RICHMOND - 14,MONTGOMERY - MTG,0,1,155,0.0
RICHMOND - 15,RICHMOND - 25,222,53,222,1.0
RICHMOND - 16,RICHMOND - 24,349,48,349,1.0
ROBESON - 01,ROBESON - 01,1415,100,1415,1.0
ROBESON - 02,ROBESON - 02,3865,148,3865,1.0
ROBESON - 03,ROBESON - 03,2267,78,2267,1.0
ROBESON - 04,ROBESON - 04,2487,57,2487,1.0
ROBESON - 05A,ROBESON - 05A,3475,219,3475,1.0
ROBESON - 07,ROBESON - 07,938,46,938,1.0
ROBESON - 08,ROBESON - 08,1895,81,1895,1.0
ROBESON - 09,ROBESON - 09,1673,91,1673,1.0
ROBESON - 10,ROBESON - 10,1484,99,1484,1.0
ROBESON - 11,ROBESON - 11,3683,135,3721,0.9897876914807847
ROBESON - 11,ROBESON - 12,38,1,3721,0.010212308519215264
ROBESON - 11A,ROBESON - 11A,1961,43,1961,1.0
ROBESON - 12,ROBESON - 12,2652,151,2652,1.0
ROBESON - 13,ROBESON - 13,2295,94,2295,1.0
ROBESON - 14,ROBESON - 14,1683,111,1683,1.0
ROBESON - 15,ROBESON - 15,1054,158,1054,1.0
ROBESON - 16,ROBESON - 16,1020,52,1020,1.0
ROBESON - 17,ROBESON - 17,449,73,449,1.0
ROBESON - 18A,ROBESON - 18A,1857,140,1857,1.0
ROBESON - 19,ROBESON - 19,3314,261,3317,0.9990955682845946
ROBESON - 19,SCOTLAND - 01-16,3,1,3317,0.0009044317154054868
ROBESON - 20,ROBESON - 20,1160,70,1160,1.0
ROBESON - 21,ROBESON - 21,2695,133,2783,0.9683794466403162
ROBESON - 21,CUMBERLAND - G9B-1,88,10,2783,0.03162055335968379
ROBESON - 21,CUMBERLAND - G9B-2,0,1,2783,0.0
ROBESON - 22,ROBESON - 22,5119,94,5119,1.0
ROBESON - 23,ROBESON - 23,4640,177,4640,1.0
ROBESON - 24,ROBESON - 24,1680,73,1680,1.0
ROBESON - 25,ROBESON - 25,2148,99,2148,1.0
ROBESON - 26A,ROBESON - 26A,3804,187,3804,1.0
ROBESON - 28,ROBESON - 28,1883,72,1883,1.0
ROBESON - 29,ROBESON - 29,1577,179,1577,1.0
ROBESON - 30,ROBESON - 30,3578,133,3578,1.0
ROBESON - 32A,ROBESON - 32A,6062,327,6062,1.0
ROBESON - 33,ROBESON - 33,843,35,843,1.0
ROBESON - 34,ROBESON - 34,2072,95,2072,1.0
ROBESON - 35,ROBESON - 35,2619,69,2619,1.0
ROBESON - 36,ROBESON - 36,1196,72,1196,1.0
ROBESON - 37,ROBESON - 37,653,56,653,1.0
ROBESON - 38,ROBESON - 38,493,41,493,1.0
ROBESON - 39,ROBESON - 39,2096,118,2096,1.0
ROBESON - 40,ROBESON - 40,610,59,610,1.0
ROBESON - 41,ROBESON - 41,3969,158,3982,0.9967353088900051
ROBESON - 41,BLADEN - P201,13,1,3982,0.0032646911099949772
ROBESON - 41,ROBESON - 03,0,1,3982,0.0
ROCKINGHAM - DR,ROCKINGHAM - DR,2858,132,2858,1.0
ROCKINGHAM - EC,ROCKINGHAM - EC,5106,182,5106,1.0
ROCKINGHAM - ED-1,ROCKINGHAM - ED,5322,168,5322,1.0
ROCKINGHAM - HO,ROCKINGHAM - HO-1,2291,52,2291,1.0
ROCKINGHAM - HU,ROCKINGHAM - HU-1,4886,115,5073,0.9631381825349892
ROCKINGHAM - HU,ROCKINGHAM - HO-1,160,7,5073,0.031539522964715155
ROCKINGHAM - HU,ROCKINGHAM - WS-1,25,6,5073,0.004928050463236744
ROCKINGHAM - HU,STOKES - 1819,2,13,5073,0.0003942440370589395
ROCKINGHAM - IR,ROCKINGHAM - MO,2832,92,2842,0.9964813511611541
ROCKINGHAM - IR,GUILFORD - MON3,10,3,2842,0.003518648838845883
ROCKINGHAM - LI,ROCKINGHAM - LI-1,4399,149,4409,0.9977319119981856
ROCKINGHAM - LI,CASWELL - PELH,10,1,4409,0.0022680880018144706
ROCKINGHAM - LK-2,ROCKINGHAM - ED,2806,82,3800,0.738421052631579
ROCKINGHAM - LK-2,ROCKINGHAM - ST,994,17,3800,0.2615789473684211
ROCKINGHAM - MA,ROCKINGHAM - ST,4712,152,4712,1.0
ROCKINGHAM - MC,ROCKINGHAM - RE-2,5242,123,5242,1.0
ROCKINGHAM - MS,ROCKINGHAM - RE-1,7460,285,9499,0.785345825876408
ROCKINGHAM - MS,ROCKINGHAM - RE-2,940,34,9499,0.09895778503000316
ROCKINGHAM - MS,ROCKINGHAM - MO,744,29,9499,0.07832403410885357
ROCKINGHAM - MS,ROCKINGHAM - LI-1,306,14,9499,0.03221391725444784
ROCKINGHAM - MS,ROCKINGHAM - WI,49,7,9499,0.005158437730287398
ROCKINGHAM - NB,ROCKINGHAM - NB,3824,94,3824,1.0
ROCKINGHAM - RC,ROCKINGHAM - RC,5349,182,5349,1.0
ROCKINGHAM - RC,ROCKINGHAM - EC,0,2,5349,0.0
ROCKINGHAM - RC,ROCKINGHAM - ST,0,2,5349,0.0
ROCKINGHAM - SE,ROCKINGHAM - WI,4731,112,4760,0.9939075630252101
ROCKINGHAM - SE,ROCKINGHAM - RE-2,23,3,4760,0.004831932773109244
ROCKINGHAM - SE,GUILFORD - NMAD,6,1,4760,0.0012605042016806723
ROCKINGHAM - WS,ROCKINGHAM - WS-1,6819,309,7720,0.8832901554404146
ROCKINGHAM - WS,ROCKINGHAM - HO-1,901,36,7720,0.1167098445595855
ROWAN - 01,ROWAN - 01,2209,41,2209,1.0
ROWAN - 02,ROWAN - 02,1809,82,1809,1.0
ROWAN - 03,ROWAN - 03,2671,47,2671,1.0
ROWAN - 04,ROWAN - 04,4527,80,4620,0.9798701298701299
ROWAN - 04,ROWAN - 08,93,1,4620,0.02012987012987013
ROWAN - 05A,ROWAN - 05A,5073,217,5073,1.0
ROWAN - 07,ROWAN - 07,2288,115,2288,1.0
ROWAN - 07,IREDELL - CH-B,0,4,2288,0.0
ROWAN - 08,ROWAN - 08,3785,53,3785,1.0
ROWAN - 09,ROWAN - 09,2389,69,2389,1.0
ROWAN - 10,ROWAN - 10,3035,104,3046,0.9963887065003283
ROWAN - 10,ROWAN - 14A,11,2,3046,0.0036112934996717005
ROWAN - 11,ROWAN - 11,3326,62,3326,1.0
ROWAN - 11,DAVIE - 07,0,2,3326,0.0
ROWAN - 11,ROWAN - 39,0,2,3326,0.0
ROWAN - 12,ROWAN - 12,2287,58,2287,1.0
ROWAN - 13,ROWAN - 13,2573,55,2573,1.0
ROWAN - 14A,ROWAN - 14A,4763,167,4780,0.9964435146443514
ROWAN - 14A,ROWAN - 36,13,1,4780,0.002719665271966527
ROWAN - 14A,ROWAN - 10,4,1,4780,0.0008368200836820083
ROWAN - 15,ROWAN - 15,3758,92,3758,1.0
ROWAN - 16,ROWAN - 16,2913,81,2913,1.0
ROWAN - 16,ROWAN - 09,0,1,2913,0.0
ROWAN - 17,ROWAN - 17,3472,137,3472,1.0
ROWAN - 18,ROWAN - 18,1188,95,1195,0.994142259414226
ROWAN - 18,ROWAN - 38,7,1,1195,0.005857740585774059
ROWAN - 19A,ROWAN - 19A,5006,241,5036,0.994042891183479
ROWAN - 19A,ROWAN - 05A,30,1,5036,0.005957108816521049
ROWAN - 19A,ROWAN - 02,0,2,5036,0.0
ROWAN - 21,ROWAN - 21,3324,57,3328,0.9987980769230769
ROWAN - 21,ROWAN - 29,4,2,3328,0.001201923076923077
ROWAN - 22,ROWAN - 22,979,71,979,1.0
ROWAN - 23,ROWAN - 23,1897,67,1897,1.0
ROWAN - 24,ROWAN - 24,1386,58,1411,0.9822820694542878
ROWAN - 24,IREDELL - BA-1,14,3,1411,0.009922041105598866
ROWAN - 24,IREDELL - CH-B,11,5,1411,0.007795889440113395
ROWAN - 25,ROWAN - 25,4116,157,4116,1.0
ROWAN - 26,ROWAN - 26,1976,37,1976,1.0
ROWAN - 27,ROWAN - 27,1440,43,1442,0.9986130374479889
ROWAN - 27,IREDELL - CH-A,2,3,1442,0.0013869625520110957
ROWAN - 27,DAVIE - 02,0,3,1442,0.0
ROWAN - 27,IREDELL - CS,0,3,1442,0.0
ROWAN - 28,ROWAN - 28,2660,156,2660,1.0
ROWAN - 29,ROWAN - 29,1401,49,1401,1.0
ROWAN - 30,ROWAN - 30,4747,128,4747,1.0
ROWAN - 31,ROWAN - 31,1791,64,1791,1.0
ROWAN - 31,ROWAN - 15,0,2,1791,0.0
ROWAN - 31,ROWAN - 18,0,1,1791,0.0
ROWAN - 32,ROWAN - 32,1833,69,1833,1.0
ROWAN - 32,DAVIE - 04,0,2,1833,0.0
ROWAN - 33,ROWAN - 33,1971,63,1971,1.0
ROWAN - 34,ROWAN - 34,3677,136,3677,1.0
ROWAN - 35,ROWAN - 35,1496,61,1496,1.0
ROWAN - 36,ROWAN - 36,3606,115,3606,1.0
ROWAN - 38,ROWAN - 38,3340,127,3340,1.0
ROWAN - 39,ROWAN - 39,2737,65,2737,1.0
ROWAN - 40,ROWAN - 40,2980,111,2980,1.0
ROWAN - 41,ROWAN - 41,3207,61,3207,1.0
ROWAN - 42,ROWAN - 42,2001,52,2001,1.0
ROWAN - 44,ROWAN - 44,3357,51,3357,1.0
ROWAN - 45,ROWAN - 45,1572,36,1616,0.9727722772277227
ROWAN - 45,ROWAN - 39,44,1,1616,0.027227722772277228
RUTHERFORD - 03A,RUTHERFORD - 03A,2274,123,2274,1.0
RUTHERFORD - 04A,RUTHERFORD - 04A,2557,127,2557,1.0
RUTHERFORD - 05A,RUTHERFORD - 05A,3478,196,3478,1.0
RUTHERFORD - 06A,RUTHERFORD - 06A,2723,267,2723,1.0
RUTHERFORD - 06A,BUNCOMBE - 37.1,0,2,2723,0.0
RUTHERFORD - 06A,POLK - CG05,0,2,2723,0.0
RUTHERFORD - 09A,RUTHERFORD - 09A,3910,124,3925,0.9961783439490446
RUTHERFORD - 09A,POLK - GC09,15,2,3925,0.003821656050955414
RUTHERFORD - 10A,RUTHERFORD - 10A,1350,92,1350,1.0
RUTHERFORD - 10A,BURKE - 0064,0,3,1350,0.0
RUTHERFORD - 11,RUTHERFORD - 11,6396,230,6396,1.0
RUTHERFORD - 13,RUTHERFORD - 13,4722,201,4727,0.998942246668077
RUTHERFORD - 13,RUTHERFORD - 14,5,1,4727,0.0010577533319229956
RUTHERFORD - 14,RUTHERFORD - 14,3063,168,3063,1.0
RUTHERFORD - 16A,RUTHERFORD - 16A,2895,108,2900,0.9982758620689656
RUTHERFORD - 16A,MCDOWELL - M.COVE,5,2,2900,0.0017241379310344827
RUTHERFORD - 18,RUTHERFORD - 18,2187,91,2187,1.0
RUTHERFORD - 18,POLK - CG05,0,2,2187,0.0
RUTHERFORD - 19,RUTHERFORD - 19,2310,61,2310,1.0
RUTHERFORD - 27,RUTHERFORD - 27,3702,133,3702,1.0
RUTHERFORD - 28,RUTHERFORD - 28,1828,113,1828,1.0
RUTHERFORD - 28,RUTHERFORD - 30,0,2,1828,0.0
RUTHERFORD - 29,RUTHERFORD - 29,2360,104,2360,1.0
RUTHERFORD - 30,RUTHERFORD - 30,4148,176,4148,1.0
RUTHERFORD - 30,RUTHERFORD - 28,0,2,4148,0.0
RUTHERFORD - 34,RUTHERFORD - 34,1508,55,1508,1.0
RUTHERFORD - 34,POLK - GC09,0,2,1508,0.0
SAMPSON - AUTR,SAMPSON - AUTR,1827,82,1827,1.0
SAMPSON - CLCE,SAMPSON - CLCE,1146,59,1146,1.0
SAMPSON - CLEA,SAMPSON - CLEA,3331,115,3331,1.0
SAMPSON - CLEM,SAMPSON - CLEM,1774,45,1774,1.0
SAMPSON - CLEM,CUMBERLAND - G7B,0,1,1774,0.0
SAMPSON - CLNE,SAMPSON - CLNE,2346,100,2346,1.0
SAMPSON - CLSW,SAMPSON - CLSW,1978,65,1978,1.0
SAMPSON - CLWE,SAMPSON - CLWE,2450,98,2450,1.0
SAMPSON - GARL,SAMPSON - GARL,1406,125,1406,1.0
SAMPSON - GIDD,SAMPSON - GIDD,1611,92,1611,1.0
SAMPSON - GIDD,DUPLIN - FAIS,0,1,1611,0.0
SAMPSON - GIDD,WAYNE - 24,0,1,1611,0.0
SAMPSON - HARR,SAMPSON - HARR,1753,137,1753,1.0
SAMPSON - HERR,SAMPSON - HERR,857,37,857,1.0
SAMPSON - INGO,SAMPSON - INGO,1613,99,1613,1.0
SAMPSON - KEEN,SAMPSON - KEEN,1641,47,1641,1.0
SAMPSON - KFRK,SAMPSON - KFRK,2125,69,2125,1.0
SAMPSON - LAKE,SAMPSON - LAKE,3040,111,3040,1.0
SAMPSON - MING,SAMPSON - MING,2899,103,2899,1.0
SAMPSON - NGRV,SAMPSON - NGRV,1771,115,1788,0.9904921700223713
SAMPSON - NGRV,WAYNE - 24,17,3,1788,0.009507829977628635
SAMPSON - PLVW,SAMPSON - PLVW,2960,54,3000,0.9866666666666667
SAMPSON - PLVW,JOHNSTON - PR38,40,3,3000,0.013333333333333334
SAMPSON - ROSE,SAMPSON - ROSE,1752,99,1752,1.0
SAMPSON - ROWA,SAMPSON - ROWA,2201,63,2201,1.0
SAMPSON - ROWA,DUPLIN - MAGN,0,1,2201,0.0
SAMPSON - SBRG,SAMPSON - SBRG,1063,73,1063,1.0
SAMPSON - TURK,SAMPSON - TURK,1320,84,1321,0.9992429977289932
SAMPSON - TURK,DUPLIN - WARS,1,3,1321,0.000757002271006813
SAMPSON - WBRK,SAMPSON - WBRK,2006,75,2006,1.0
SAMPSON - WBRK,JOHNSTON - PR38,0,2,2006,0.0
SCOTLAND - 01,SCOTLAND - 01-16,2912,186,2912,1.0
SCOTLAND - 02,SCOTLAND - 02-25,2168,140,2168,1.0
SCOTLAND - 03,SCOTLAND - 03,3292,154,3292,1.0
SCOTLAND - 04,SCOTLAND - 04,4204,144,4204,1.0
SCOTLAND - 05,SCOTLAND - 02-25,1659,50,1659,1.0
SCOTLAND - 06,SCOTLAND - 01-16,3283,117,3283,1.0
SCOTLAND - 07,SCOTLAND - 07,3185,193,3185,1.0
SCOTLAND - 08,SCOTLAND - 06-89,1590,199,1590,1.0
SCOTLAND - 08,RICHMOND - 08,0,1,1590,0.0
SCOTLAND - 09,SCOTLAND - 06-89,2262,140,2262,1.0
SCOTLAND - 10,SCOTLAND - 05-10,2279,141,2279,1.0
STANLY - 0002,STANLY - 0212,1935,126,1935,1.0
STANLY - 0003,STANLY - 0003,2430,87,2430,1.0
STANLY - 0007,STANLY - 0107,2664,84,2664,1.0
STANLY - 0008,STANLY - 0108,2020,71,2020,1.0
STANLY - 0010,STANLY - 0110,1717,123,1923,0.8928757150286012
STANLY - 0010,STANLY - 0113,206,2,1923,0.10712428497139885
STANLY - 0011,STANLY - 0011,1578,61,1578,1.0
STANLY - 0012,STANLY - 0212,1163,39,1163,1.0
STANLY - 0013,STANLY - 0113,1293,69,2010,0.6432835820895523
STANLY - 0013,STANLY - 0110,321,16,2010,0.15970149253731344
STANLY - 0013,STANLY - 0120,233,5,2010,0.11592039800995024
STANLY - 0013,STANLY - 0107,103,1,2010,0.05124378109452736
STANLY - 0013,STANLY - 0108,60,1,2010,0.029850746268656716
STANLY - 0014,STANLY - 0014,1268,56,1268,1.0
STANLY - 0015,STANLY - 0015,2297,89,2297,1.0
STANLY - 0016,STANLY - 0016,1400,77,1400,1.0
STANLY - 0016,STANLY - 0014,0,1,1400,0.0
STANLY - 0017,STANLY - 0017,2040,98,2040,1.0
STANLY - 0017,ROWAN - 22,0,1,2040,0.0
STANLY - 0018,STANLY - 0018,1702,113,1702,1.0
STANLY - 0019,STANLY - 0019,1707,56,1707,1.0
STANLY - 0020,STANLY - 0120,2638,72,2638,1.0
STANLY - 0021,STANLY - 0021,1379,62,1379,1.0
STANLY - 0022,STANLY - 0022,2158,126,2158,1.0
STANLY - 0022,UNION - 011,0,1,2158,0.0
STANLY - 0023,STANLY - 0023,3139,171,3139,1.0
STANLY - 0024,STANLY - 0024,3898,108,3898,1.0
STANLY - 0025,STANLY - 0025,3692,146,3692,1.0
STANLY - 0025,STANLY - 0024,0,1,3692,0.0
STANLY - 0025,UNION - 011,0,1,3692,0.0
STANLY - 0026,STANLY - 0126,1822,82,1822,1.0
STANLY - 0027,STANLY - 0127,2582,99,2582,1.0
STANLY - 0028,STANLY - 0127,1183,62,1819,0.6503573391973612
STANLY - 0028,STANLY - 0126,636,23,1819,0.34964266080263884
STOKES - 01,STOKES - 01,989,66,989,1.0
STOKES - 02,STOKES - 02,2034,77,2034,1.0
STOKES - 03,STOKES - 03,1488,57,1488,1.0
STOKES - 04,STOKES - 04,2359,61,2364,0.9978849407783418
STOKES - 04,STOKES - 11,5,1,2364,0.0021150592216582064
STOKES - 05,STOKES - 0506,822,49,822,1.0
STOKES - 06,STOKES - 0506,692,57,692,1.0
STOKES - 07,STOKES - 07,733,37,733,1.0
STOKES - 08,STOKES - 08,1515,46,1515,1.0
STOKES - 09,STOKES - 09,2353,79,2353,1.0
STOKES - 10,STOKES - 10,3609,94,3609,1.0
STOKES - 11,STOKES - 11,4283,104,4283,1.0
STOKES - 12,STOKES - 12,2031,37,2031,1.0
STOKES - 13,STOKES - 13,1990,22,1990,1.0
STOKES - 14,STOKES - 140,2528,49,2528,1.0
STOKES - 15,STOKES - 150,1442,49,1470,0.9809523809523809
STOKES - 15,STOKES - 140,28,2,1470,0.01904761904761905
STOKES - 16,STOKES - 1618,1868,89,1868,1.0
STOKES - 16,STOKES - 20,0,1,1868,0.0
STOKES - 17,STOKES - 17,2046,72,2046,1.0
STOKES - 18,STOKES - 1618,339,13,493,0.6876267748478702
STOKES - 18,STOKES - 1819,154,23,493,0.31237322515212984
STOKES - 19,STOKES - 1819,1057,36,1057,1.0
STOKES - 20,STOKES - 20,1629,45,1629,1.0
SURRY - 01,SURRY - 01,2119,123,2145,0.9878787878787879
SURRY - 01,WILKES - 123A,23,6,2145,0.010722610722610723
SURRY - 01,WILKES - 107,3,3,2145,0.0013986013986013986
SURRY - 01,SURRY - 30,0,1,2145,0.0
SURRY - 02,SURRY - 29,968,37,968,1.0
SURRY - 03,SURRY - 29,3116,106,3116,1.0
SURRY - 03,SURRY - 09,0,1,3116,0.0
SURRY - 04,SURRY - 04,2256,84,2450,0.9208163265306123
SURRY - 04,SURRY - 11,120,4,2450,0.04897959183673469
SURRY - 04,SURRY - 22,47,7,2450,0.019183673469387756
SURRY - 04,SURRY - 29,27,4,2450,0.011020408163265306
SURRY - 05,SURRY - 05,2884,86,2884,1.0
SURRY - 06,SURRY - 30,1542,62,1542,1.0
SURRY - 07,SURRY - 30,1613,56,1613,1.0
SURRY - 08,SURRY - 30,1860,127,1860,1.0
SURRY - 09,SURRY - 09,1644,107,1667,0.9862027594481104
SURRY - 09,ALLEGHANY - 04,23,2,1667,0.013797240551889621
SURRY - 10,SURRY - 10,1342,65,1342,1.0
SURRY - 11,SURRY - 11,1765,75,1765,1.0
SURRY - 12,SURRY - 12,3061,151,3312,0.9242149758454107
SURRY - 12,SURRY - 17,230,16,3312,0.06944444444444445
SURRY - 12,SURRY - 18,21,4,3312,0.006340579710144928
SURRY - 13,SURRY - 34,1419,43,1419,1.0
SURRY - 13,SURRY - 15,0,1,1419,0.0
SURRY - 14,SURRY - 34,1697,71,1697,1.0
SURRY - 15,SURRY - 15,2340,66,2340,1.0
SURRY - 15,SURRY - 12,0,1,2340,0.0
SURRY - 16,SURRY - 16,1665,56,1665,1.0
SURRY - 16,SURRY - 28,0,1,1665,0.0
SURRY - 17,SURRY - 17,1386,103,1386,1.0
SURRY - 18,SURRY - 18,2598,95,2598,1.0
SURRY - 19,SURRY - 19,2700,55,2700,1.0
SURRY - 20,SURRY - 32,1123,66,1123,1.0
SURRY - 21,SURRY - 32,2086,95,2086,1.0
SURRY - 22,SURRY - 22,1377,69,1377,1.0
SURRY - 23,SURRY - 23,1554,60,1554,1.0
SURRY - 24,SURRY - 24,865,42,865,1.0
SURRY - 25,SURRY - 25,1897,82,2359,0.8041543026706232
SURRY - 25,SURRY - 26,462,11,2359,0.19584569732937684
SURRY - 26,SURRY - 26,2751,61,3133,0.8780721353335461
SURRY - 26,SURRY - 19,382,9,3133,0.12192786466645388
SURRY - 27,SURRY - 27,1887,68,1896,0.995253164556962
SURRY - 27,STOKES - 0506,9,1,1896,0.004746835443037975
SURRY - 28,SURRY - 28,1578,51,1609,0.980733374766936
SURRY - 28,SURRY - 10,31,8,1609,0.019266625233064015
SURRY - 33,SURRY - 34,1562,50,1928,0.8101659751037344
SURRY - 33,SURRY - 19,366,7,1928,0.18983402489626555
SWAIN - ALARKA,SWAIN - ALARKA,837,36,837,1.0
SWAIN - ALMOND,SWAIN - ALMOND,1216,163,1216,1.0
SWAIN - ALMOND,GRAHAM - EAST,0,1,1216,0.0
SWAIN - ALMOND,GRAHAM - STEC,0,3,1216,0.0
SWAIN - ALMOND,MACON - 15,0,2,1216,0.0
SWAIN - BC1,SWAIN - BC1,2393,200,2393,1.0
SWAIN - BC2,SWAIN - BC2,2362,133,2362,1.0
SWAIN - WHCH,SWAIN - WHCH,4167,241,4167,1.0
SWAIN - WHCH,JACKSON - QUA,0,7,4167,0.0
TRANSYLVANIA - B1,TRANSYLVANIA - B1,1913,72,1913,1.0
TRANSYLVANIA - B2,TRANSYLVANIA - B2,1799,72,1799,1.0
TRANSYLVANIA - B3,TRANSYLVANIA - B3,2056,86,2056,1.0
TRANSYLVANIA - B4,TRANSYLVANIA - B4,2137,58,2137,1.0
TRANSYLVANIA - BD,TRANSYLVANIA - BD,2973,127,2973,1.0
TRANSYLVANIA - CC,TRANSYLVANIA - CC.1,2376,96,2417,0.9830368225072403
TRANSYLVANIA - CC,TRANSYLVANIA - RE.1,41,2,2417,0.01696317749275962
TRANSYLVANIA - CM,TRANSYLVANIA - CM,851,75,851,1.0
TRANSYLVANIA - DR,TRANSYLVANIA - DR,2502,84,2502,1.0
TRANSYLVANIA - EF,TRANSYLVANIA - EF,1016,61,1016,1.0
TRANSYLVANIA - LR,TRANSYLVANIA - LR,1745,75,1745,1.0
TRANSYLVANIA - LR,HENDERSON - ES,0,1,1745,0.0
TRANSYLVANIA - PF,TRANSYLVANIA - PF,1491,142,1491,1.0
TRANSYLVANIA - RE,TRANSYLVANIA - RE.1,2018,116,2018,1.0
TRANSYLVANIA - TC1,TRANSYLVANIA - TC1,931,60,931,1.0
TRANSYLVANIA - TC1,HAYWOOD - CE,0,1,931,0.0
TRANSYLVANIA - TC7,TRANSYLVANIA - TC7,1818,132,1818,1.0
TRANSYLVANIA - WC,TRANSYLVANIA - WC,1632,51,1632,1.0
TYRRELL - 1,TYRRELL - 1,208,35,208,1.0
TYRRELL - 14,TYRRELL - 14,89,32,89,1.0
TYRRELL - 15,TYRRELL - 15,477,26,477,1.0
TYRRELL - 16,TYRRELL - 16,32,39,32,1.0
TYRRELL - 2,TYRRELL - 2,1548,135,1574,0.9834815756035579
TYRRELL - 2,TYRRELL - 3,26,8,1574,0.016518424396442185
TYRRELL - 3,TYRRELL - 3,194,51,194,1.0
UNION - 001,UNION - 001,2382,100,2382,1.0
UNION - 002,UNION - 002,2351,99,2351,1.0
UNION - 002,UNION - 007,0,1,2351,0.0
UNION - 003,UNION - 003,1989,39,1989,1.0
UNION - 004,UNION - 004,2614,84,2628,0.9946727549467276
UNION - 004,UNION - 025,14,1,2628,0.00532724505327245
UNION - 005,UNION - 0005,3770,101,3770,1.0
UNION - 006,UNION - 006,2089,104,2089,1.0
UNION - 007,UNION - 007,3903,78,3903,1.0
UNION - 008,UNION - 008,4194,110,4194,1.0
UNION - 009,UNION - 009,1820,91,1822,0.9989023051591658
UNION - 009,UNION - 027,2,1,1822,0.0010976948408342481
UNION - 010,UNION - 010,1641,131,1641,1.0
UNION - 011,UNION - 011,2662,94,2662,1.0
UNION - 012,UNION - 012,2555,79,2555,1.0
UNION - 013,UNION - 013,2827,52,2827,1.0
UNION - 014,UNION - 014,1531,81,1978,0.7740141557128413
UNION - 014,UNION - 015,447,5,1978,0.22598584428715873
UNION - 015,UNION - 015,4754,103,5228,0.9093343534812548
UNION - 015,UNION - 029C,247,1,5228,0.04724560061208875
UNION - 015,UNION - 014,163,3,5228,0.031178270849273146
UNION - 015,UNION - 040,64,2,5228,0.01224177505738332
UNION - 015,MECKLENBURG - 136,0,2,5228,0.0
UNION - 016,UNION - 016,5863,178,6197,0.9461029530417944
UNION - 016,UNION - 038B,334,1,6197,0.05389704695820558
UNION - 017A,UNION - 017A,3287,40,3287,1.0
UNION - 017B,UNION - 017B,4586,189,4587,0.999781992587748
UNION - 017B,UNION - 0020B,1,1,4587,0.00021800741225201656
UNION - 018,UNION - 018,2989,52,2989,1.0
UNION - 019,UNION - 0019,4159,93,6074,0.6847217648995719
UNION - 019,UNION - 0045,1915,41,6074,0.3152782351004281
UNION - 019,UNION - 0020B,0,1,6074,0.0
UNION - 020A,UNION - 0020A,3633,95,6013,0.6041909196740396
UNION - 020A,UNION - 0044,2380,83,6013,0.3958090803259604
UNION - 020A,UNION - 028D,0,1,6013,0.0
UNION - 020B,UNION - 0020B,3776,88,4627,0.8160795331748433
UNION - 020B,UNION - 0045,851,19,4627,0.1839204668251567
UNION - 020B,UNION - 028D,0,1,4627,0.0
UNION - 021,UNION - 021,2690,91,2690,1.0
UNION - 022,UNION - 022,2631,36,2631,1.0
UNION - 022,UNION - 033,0,1,2631,0.0
UNION - 023,UNION - 023,2412,48,2412,1.0
UNION - 024,UNION - 024,2730,52,2730,1.0
UNION - 025,UNION - 025,2283,80,2487,0.9179734620024126
UNION - 025,UNION - 008,204,1,2487,0.08202653799758745
UNION - 026,UNION - 026,2385,76,2385,1.0
UNION - 027,UNION - 027,2002,99,2002,1.0
UNION - 028A,UNION - 028A,5210,109,5210,1.0
UNION - 028A,UNION - 041,0,1,5210,0.0
UNION - 028B,UNION - 028B,3943,36,3943,1.0
UNION - 028C,UNION - 028C,3454,36,3454,1.0
UNION - 028D,UNION - 028D,4967,114,4967,1.0
UNION - 029A,UNION - 029A,5115,55,5115,1.0
UNION - 029B,UNION - 029B,1769,18,1769,1.0
UNION - 029C,UNION - 029C,2594,51,2594,1.0
UNION - 030,UNION - 0030,4608,43,5597,0.8232981954618546
UNION - 030,UNION - 0005,873,8,5597,0.15597641593710918
UNION - 030,UNION - 038A,116,1,5597,0.02072538860103627
UNION - 031,UNION - 031,4376,69,4376,1.0
UNION - 032,UNION - 032,3378,51,3378,1.0
UNION - 032,MECKLENBURG - 221,0,1,3378,0.0
UNION - 033,UNION - 033,2654,81,2654,1.0
UNION - 034,UNION - 034,3883,153,3883,1.0
UNION - 035,UNION - 035,1941,32,1941,1.0
UNION - 036,UNION - 036,2397,114,2397,1.0
UNION - 037A,UNION - 037A,6138,131,6138,1.0
UNION - 037B,UNION - 037B,1384,16,1384,1.0
UNION - 038A,UNION - 038A,4687,75,4687,1.0
UNION - 038A,UNION - 038B,0,1,4687,0.0
UNION - 038B,UNION - 038B,2242,47,2463,0.9102720259845717
UNION - 038B,UNION - 038A,221,1,2463,0.08972797401542834
UNION - 039,UNION - 039,2700,124,2700,1.0
UNION - 040,UNION - 040,3743,88,3743,1.0
UNION - 041,UNION - 041,4254,61,4254,1.0
UNION - 042,UNION - 042,2483,72,2483,1.0
UNION - 042,UNION - 0005,0,1,2483,0.0
UNION - 043,UNION - 043,1561,105,1561,1.0
VANCE - CC,VANCE - CC,2797,69,2797,1.0
VANCE - EH1,VANCE - CH,2244,111,2283,0.9829172141918529
VANCE - EH1,VANCE - SH,39,1,2283,0.017082785808147174
VANCE - HTOP,VANCE - SH,893,47,893,1.0
VANCE - KITT,VANCE - KITT,3963,135,3963,1.0
VANCE - MIDD,VANCE - MIDD,2831,106,2831,1.0
VANCE - NH,VANCE - NH,3663,86,3663,1.0
VANCE - NH1,VANCE - CH,2271,119,2381,0.9538009239815204
VANCE - NH1,VANCE - NV,110,1,2381,0.04619907601847963
VANCE - NV,VANCE - NV,1511,80,1616,0.9350247524752475
VANCE - NV,VANCE - SH,77,1,1616,0.04764851485148515
VANCE - NV,VANCE - CH,28,1,1616,0.017326732673267328
VANCE - SCRK,VANCE - SCRK,4760,76,4760,1.0
VANCE - SH1,VANCE - SH,2391,107,2391,1.0
VANCE - SH2,VANCE - SH,1007,52,1007,1.0
VANCE - WH,VANCE - WH,4286,133,4286,1.0
WAKE - 01-01,WAKE - 01-01,2653,54,2653,1.0
WAKE - 01-02,WAKE - 01-02,2843,43,2843,1.0
WAKE - 01-03,WAKE - 01-03,2035,47,2035,1.0
WAKE - 01-04,WAKE - 01-04,1261,29,1261,1.0
WAKE - 01-04,WAKE - 01-10,0,1,1261,0.0
WAKE - 01-05,WAKE - 01-05,1174,33,1174,1.0
WAKE - 01-06,WAKE - 01-06,3562,59,3562,1.0
WAKE - 01-07,WAKE - 01-07,3255,67,3255,1.0
WAKE - 01-07A,WAKE - 01-07,135,1,135,1.0
WAKE - 01-09,WAKE - 01-09,1278,31,1278,1.0
WAKE - 01-10,WAKE - 01-10,1481,34,1481,1.0
WAKE - 01-11,WAKE - 01-11,2482,44,2482,1.0
WAKE - 01-11,WAKE - 07-09,0,1,2482,0.0
WAKE - 01-12,WAKE - 01-12,2222,43,2222,1.0
WAKE - 01-13,WAKE - 01-13,1781,51,1781,1.0
WAKE - 01-13,WAKE - 01-28,0,1,1781,0.0
WAKE - 01-14,WAKE - 01-14,3918,116,3918,1.0
WAKE - 01-15,WAKE - 01-15,2862,27,2862,1.0
WAKE - 01-16,WAKE - 01-16,3650,42,3650,1.0
WAKE - 01-17,WAKE - 01-17,1202,27,1202,1.0
WAKE - 01-18,WAKE - 01-18,4015,49,4015,1.0
WAKE - 01-19,WAKE - 01-19,2420,38,2420,1.0
WAKE - 01-20,WAKE - 01-20,3802,88,3802,1.0
WAKE - 01-21,WAKE - 01-21,6703,117,6703,1.0
WAKE - 01-21,WAKE - 16-02,0,2,6703,0.0
WAKE - 01-22,WAKE - 01-22,4820,51,4820,1.0
WAKE - 01-23,WAKE - 01-23,13946,102,13946,1.0
WAKE - 01-25,WAKE - 01-25,799,31,799,1.0
WAKE - 01-26,WAKE - 01-26,4910,70,4910,1.0
WAKE - 01-27,WAKE - 01-27,3192,112,3192,1.0
WAKE - 01-28,WAKE - 01-28,5661,100,5661,1.0
WAKE - 01-29,WAKE - 01-29,2351,38,2351,1.0
WAKE - 01-30,WAKE - 01-30,1262,21,1262,1.0
WAKE - 01-31,WAKE - 01-31,7409,77,7409,1.0
WAKE - 01-32,WAKE - 01-32,3829,37,3829,1.0
WAKE - 01-33,WAKE - 01-33,1861,28,1861,1.0
WAKE - 01-34,WAKE - 01-34,2353,59,2353,1.0
WAKE - 01-35,WAKE - 01-35,3143,76,3143,1.0
WAKE - 01-36,WAKE - 01-36,3189,38,3189,1.0
WAKE - 01-37,WAKE - 01-37,1937,30,1937,1.0
WAKE - 01-38,WAKE - 01-38,3036,49,3036,1.0
WAKE - 01-39,WAKE - 01-39,3280,23,3280,1.0
WAKE - 01-40,WAKE - 01-40,5885,79,5885,1.0
WAKE - 01-41,WAKE - 01-41,3767,23,3767,1.0
WAKE - 01-42,WAKE - 01-42,2927,27,2927,1.0
WAKE - 01-43,WAKE - 01-43,3351,25,3351,1.0
WAKE - 01-44,WAKE - 01-44,4856,36,4856,1.0
WAKE - 01-45,WAKE - 01-45,2440,16,2440,1.0
WAKE - 01-46,WAKE - 01-46,5343,50,5343,1.0
WAKE - 01-47,WAKE - 01-47,2159,27,2159,1.0
WAKE - 01-48,WAKE - 01-48,2694,28,2694,1.0
WAKE - 01-49,WAKE - 01-49,5185,63,5185,1.0
WAKE - 01-50,WAKE - 01-50,3483,50,3526,0.9878048780487805
WAKE - 01-50,WAKE - 16-02,43,1,3526,0.012195121951219513
WAKE - 01-51,WAKE - 01-51,1186,11,1186,1.0
WAKE - 02-01,WAKE - 02-01,3229,47,3229,1.0
WAKE - 02-02,WAKE - 02-02,5772,62,5772,1.0
WAKE - 02-03,WAKE - 02-03,2902,33,2902,1.0
WAKE - 02-04,WAKE - 02-04,2481,49,2783,0.8914840100610851
WAKE - 02-04,WAKE - 14-02,302,1,2783,0.10851598993891484
WAKE - 02-04,WAKE - 13-10,0,1,2783,0.0
WAKE - 02-05,WAKE - 02-05,972,12,972,1.0
WAKE - 02-06,WAKE - 02-06,2458,51,2458,1.0
WAKE - 03-00,WAKE - 03-01,4665,104,6901,0.6759889871033183
WAKE - 03-00,WAKE - 03-02,2236,143,6901,0.32401101289668166
WAKE - 04-01,WAKE - 04-01,2779,43,2779,1.0
WAKE - 04-02,WAKE - 04-02,3818,64,3818,1.0
WAKE - 04-03,WAKE - 04-03,2803,27,2803,1.0
WAKE - 04-03,WAKE - 01-32,0,2,2803,0.0
WAKE - 04-03,WAKE - 01-49,0,1,2803,0.0
WAKE - 04-04,WAKE - 04-04,2460,16,2460,1.0
WAKE - 04-05,WAKE - 04-05,3858,148,3858,1.0
WAKE - 04-05,WAKE - 11-01,0,1,3858,0.0
WAKE - 04-06,WAKE - 04-06,3428,38,3428,1.0
WAKE - 04-07,WAKE - 04-07,2710,31,2710,1.0
WAKE - 04-08,WAKE - 04-08,3051,36,3051,1.0
WAKE - 04-09,WAKE - 04-09,3088,40,3088,1.0
WAKE - 04-09,WAKE - 05-03,0,1,3088,0.0
WAKE - 04-10,WAKE - 04-10,3142,36,3142,1.0
WAKE - 04-11,WAKE - 04-11,2084,43,2084,1.0
WAKE - 04-12,WAKE - 04-12,2960,28,2960,1.0
WAKE - 04-13,WAKE - 04-13,4940,59,4940,1.0
WAKE - 04-14,WAKE - 04-14,1768,21,1768,1.0
WAKE - 04-15,WAKE - 04-15,2740,39,2740,1.0
WAKE - 04-16,WAKE - 04-16,2279,24,2279,1.0
WAKE - 04-17,WAKE - 04-17,2138,29,2176,0.9825367647058824
WAKE - 04-17,WAKE - 04-18,38,2,2176,0.017463235294117647
WAKE - 04-18,WAKE - 04-18,3784,41,3784,1.0
WAKE - 04-19,WAKE - 04-19,1790,16,1790,1.0
WAKE - 04-20,WAKE - 04-20,4233,60,4233,1.0
WAKE - 04-21,WAKE - 04-21,2912,25,2912,1.0
WAKE - 05-01,WAKE - 05-01,5847,52,5847,1.0
WAKE - 05-03,WAKE - 05-03,6602,99,6602,1.0
WAKE - 05-03,WAKE - 04-09,0,1,6602,0.0
WAKE - 05-03,WAKE - 05-05,0,1,6602,0.0
WAKE - 05-05,WAKE - 05-05,9907,245,10140,0.9770216962524655
WAKE - 05-05,DURHAM - 33-1,233,12,10140,0.022978303747534515
WAKE - 05-05,DURHAM - 32,0,1,10140,0.0
WAKE - 05-05,DURHAM - 33-2,0,2,10140,0.0
WAKE - 05-05,WAKE - 07-10,0,1,10140,0.0
WAKE - 05-06,WAKE - 05-06,5764,111,5764,1.0
WAKE - 05-07,WAKE - 05-09,5618,86,10122,0.5550286504643351
WAKE - 05-07,WAKE - 05-10,4504,93,10122,0.44497134953566486
WAKE - 05-08,WAKE - 05-08,7068,195,7193,0.9826219936048937
WAKE - 05-08,DURHAM - 33-2,125,9,7193,0.017378006395106352
WAKE - 05-08,WAKE - 05-05,0,1,7193,0.0
WAKE - 06-04,WAKE - 06-04,4897,86,4897,1.0
WAKE - 06-05,WAKE - 06-05,3206,58,3206,1.0
WAKE - 06-06,WAKE - 06-06,7057,116,7057,1.0
WAKE - 06-07,WAKE - 06-07,3914,64,3914,1.0
WAKE - 06-08,WAKE - 06-08,2420,50,2420,1.0
WAKE - 06-08,WAKE - 06-10,0,1,2420,0.0
WAKE - 06-09,WAKE - 06-12,6903,116,7963,0.8668843400728369
WAKE - 06-09,WAKE - 06-11,1060,53,7963,0.13311565992716312
WAKE - 06-09,WAKE - 06-08,0,1,7963,0.0
WAKE - 06-10,WAKE - 06-10,4250,127,4250,1.0
WAKE - 06-10,HARNETT - PR28,0,1,4250,0.0
WAKE - 07-01,WAKE - 07-01,2176,36,2176,1.0
WAKE - 07-02,WAKE - 07-02,1838,36,1838,1.0
WAKE - 07-03,WAKE - 07-03,1591,15,1591,1.0
WAKE - 07-04,WAKE - 07-04,5045,40,5045,1.0
WAKE - 07-05,WAKE - 07-05,2064,16,2064,1.0
WAKE - 07-06,WAKE - 07-06,3798,36,3798,1.0
WAKE - 07-07,WAKE - 07-07,4910,60,4910,1.0
WAKE - 07-07A,WAKE - 07-07,14,1,14,1.0
WAKE - 07-09,WAKE - 07-09,4173,45,4173,1.0
WAKE - 07-10,WAKE - 07-10,6611,105,6611,1.0
WAKE - 07-11,WAKE - 07-11,1190,12,1190,1.0
WAKE - 07-12,WAKE - 07-12,3497,43,3497,1.0
WAKE - 07-13,WAKE - 07-13,2609,29,2609,1.0
WAKE - 08-02,WAKE - 08-02,4324,64,4324,1.0
WAKE - 08-03,WAKE - 08-03,6706,94,6706,1.0
WAKE - 08-03,DURHAM - 32,0,4,6706,0.0
WAKE - 08-04,WAKE - 08-04,1654,8,1654,1.0
WAKE - 08-04,DURHAM - 32,0,1,1654,0.0
WAKE - 08-05,WAKE - 08-05,2149,40,2149,1.0
WAKE - 08-06,WAKE - 08-06,3149,31,3149,1.0
WAKE - 08-07,WAKE - 08-07,2527,29,2527,1.0
WAKE - 08-08,WAKE - 08-08,4394,45,4394,1.0
WAKE - 08-08,DURHAM - 32,0,2,4394,0.0
WAKE - 08-09,WAKE - 08-09,2470,31,2470,1.0
WAKE - 08-10,WAKE - 08-10,3330,54,3330,1.0
WAKE - 08-11,WAKE - 08-11,4739,80,4739,1.0
WAKE - 09-01,WAKE - 09-01,2914,61,2914,1.0
WAKE - 09-02,WAKE - 09-02,4769,156,4769,1.0
WAKE - 09-02,JOHNSTON - PR20,0,3,4769,0.0
WAKE - 09-03,WAKE - 09-03,4242,105,4242,1.0
WAKE - 10-01,WAKE - 10-01,1668,59,1668,1.0
WAKE - 10-02,WAKE - 10-02,5568,115,5568,1.0
WAKE - 10-03,WAKE - 10-03,3490,144,3490,1.0
WAKE - 10-03,WAKE - 10-05,0,1,3490,0.0
WAKE - 10-04,WAKE - 10-06,5811,121,9768,0.5949017199017199
WAKE - 10-04,WAKE - 10-05,3957,70,9768,0.4050982800982801
WAKE - 11-01,WAKE - 11-01,7748,134,7748,1.0
WAKE - 11-02,WAKE - 11-02,5802,60,5802,1.0
WAKE - 12-01,WAKE - 12-13,3791,82,6978,0.5432788764689023
WAKE - 12-01,WAKE - 12-12,3187,51,6978,0.45672112353109773
WAKE - 12-02,WAKE - 12-02,5771,115,5771,1.0
WAKE - 12-02,HARNETT - PR28,0,1,5771,0.0
WAKE - 12-04,WAKE - 12-04,6123,95,6123,1.0
WAKE - 12-04,JOHNSTON - PR23B,0,1,6123,0.0
WAKE - 12-05,WAKE - 12-10,5060,90,8771,0.5769011515220613
WAKE - 12-05,WAKE - 12-11,3711,62,8771,0.42309884847793866
WAKE - 12-06,WAKE - 12-06,4769,110,4788,0.996031746031746
WAKE - 12-06,HARNETT - PR08,19,1,4788,0.003968253968253968
WAKE - 12-07,WAKE - 12-07,3654,79,3654,1.0
WAKE - 12-08,WAKE - 12-08,5397,126,5397,1.0
WAKE - 12-09,WAKE - 12-09,6092,110,6092,1.0
WAKE - 13-01,WAKE - 13-12,5394,67,7986,0.6754320060105184
WAKE - 13-01,WAKE - 13-13,2592,61,7986,0.3245679939894816
WAKE - 13-02,WAKE - 13-02,2208,23,2208,1.0
WAKE - 13-05,WAKE - 13-05,3295,80,3295,1.0
WAKE - 13-06,WAKE - 13-06,3411,45,3411,1.0
WAKE - 13-07,WAKE - 13-07,3320,47,3320,1.0
WAKE - 13-08,WAKE - 13-08,4410,51,4410,1.0
WAKE - 13-08,WAKE - 13-05,0,1,4410,0.0
WAKE - 13-08,WAKE - 13-06,0,1,4410,0.0
WAKE - 13-08,WAKE - 13-07,0,1,4410,0.0
WAKE - 13-09,WAKE - 13-09,5855,74,5855,1.0
WAKE - 13-10,WAKE - 13-10,6221,105,6221,1.0
WAKE - 13-11,WAKE - 13-11,3425,66,3425,1.0
WAKE - 14-01,WAKE - 14-01,928,36,928,1.0
WAKE - 14-02,WAKE - 14-02,6720,83,6720,1.0
WAKE - 15-01,WAKE - 15-01,5015,50,5072,0.9887618296529969
WAKE - 15-01,JOHNSTON - PR31B,57,8,5072,0.011238170347003154
WAKE - 15-02,WAKE - 15-02,7211,64,7211,1.0
WAKE - 15-03,WAKE - 15-03,5692,49,5721,0.9949309561265512
WAKE - 15-03,JOHNSTON - PR23B,29,6,5721,0.0050690438734486976
WAKE - 15-04,WAKE - 15-04,2573,43,2573,1.0
WAKE - 16-01,WAKE - 16-01,4290,128,4290,1.0
WAKE - 16-02,WAKE - 16-02,6422,137,6422,1.0
WAKE - 16-02,WAKE - 16-11,0,1,6422,0.0
WAKE - 16-03,WAKE - 16-03,2141,41,2141,1.0
WAKE - 16-04,WAKE - 16-04,3056,40,3056,1.0
WAKE - 16-04,WAKE - 16-09,0,1,3056,0.0
WAKE - 16-05,WAKE - 16-05,3471,80,3471,1.0
WAKE - 16-06,WAKE - 16-06,2146,46,2146,1.0
WAKE - 16-07,WAKE - 16-07,3597,66,3597,1.0
WAKE - 16-08,WAKE - 16-10,5885,65,10113,0.5819242559082369
WAKE - 16-08,WAKE - 16-11,4228,121,10113,0.41807574409176307
WAKE - 16-09,WAKE - 16-09,5178,104,5178,1.0
WAKE - 17-01,WAKE - 17-01,4174,62,4174,1.0
WAKE - 17-02,WAKE - 17-02,2345,86,2345,1.0
WAKE - 17-03,WAKE - 17-03,7696,94,7696,1.0
WAKE - 17-04,WAKE - 17-15,3223,46,8993,0.3583898587790504
WAKE - 17-04,WAKE - 17-17,2893,47,8993,0.32169465139552983
WAKE - 17-04,WAKE - 17-16,2877,75,8993,0.3199154898254198
WAKE - 17-05,WAKE - 17-05,5072,72,5072,1.0
WAKE - 17-06,WAKE - 17-06,3330,56,3330,1.0
WAKE - 17-07,WAKE - 17-07,5353,98,5353,1.0
WAKE - 17-08,WAKE - 17-13,6354,109,10609,0.5989254406635875
WAKE - 17-08,WAKE - 17-12,4255,59,10609,0.4010745593364125
WAKE - 17-09,WAKE - 17-09,5059,81,5059,1.0
WAKE - 17-10,WAKE - 17-10,1963,28,1963,1.0
WAKE - 17-11,WAKE - 17-11,6367,88,6367,1.0
WAKE - 18-01,WAKE - 18-01,7537,85,7537,1.0
WAKE - 18-02,WAKE - 18-02,4935,71,4935,1.0
WAKE - 18-03,WAKE - 18-03,2502,20,2502,1.0
WAKE - 18-04,WAKE - 18-04,5225,66,5225,1.0
WAKE - 18-04,WAKE - 16-05,0,2,5225,0.0
WAKE - 18-05,WAKE - 18-05,5039,91,5039,1.0
WAKE - 18-06,WAKE - 18-06,5423,79,5423,1.0
WAKE - 18-07,WAKE - 18-07,3845,54,3845,1.0
WAKE - 18-08,WAKE - 18-08,5615,99,5615,1.0
WAKE - 18-08,WAKE - 01-32,0,1,5615,0.0
WAKE - 19-03,WAKE - 19-03,3820,100,3820,1.0
WAKE - 19-03,FRANKLIN - 19,0,1,3820,0.0
WAKE - 19-04,WAKE - 19-21,5705,82,9317,0.6123215627347859
WAKE - 19-04,WAKE - 19-20,3612,55,9317,0.3876784372652141
WAKE - 19-05,WAKE - 19-05,3442,80,3442,1.0
WAKE - 19-07,WAKE - 19-07,4972,117,4972,1.0
WAKE - 19-07,FRANKLIN - 18,0,3,4972,0.0
WAKE - 19-09,WAKE - 19-09,5424,120,5424,1.0
WAKE - 19-10,WAKE - 19-24,4066,65,10650,0.38178403755868545
WAKE - 19-10,WAKE - 19-18,3657,57,10650,0.34338028169014084
WAKE - 19-10,WAKE - 19-25,2927,52,10650,0.2748356807511737
WAKE - 19-11,WAKE - 19-11,4153,67,4153,1.0
WAKE - 19-12,WAKE - 19-23,4939,126,8264,0.5976524685382382
WAKE - 19-12,WAKE - 19-22,3325,72,8264,0.40234753146176183
WAKE - 19-13,WAKE - 19-13,2875,55,2875,1.0
WAKE - 19-14,WAKE - 19-14,3567,50,3567,1.0
WAKE - 19-15,WAKE - 19-15,3412,76,3412,1.0
WAKE - 19-16,WAKE - 19-16,3348,58,3348,1.0
WAKE - 19-17,WAKE - 19-17,6320,83,6320,1.0
WAKE - 20-01,WAKE - 20-01,5178,124,5178,1.0
WAKE - 20-03,WAKE - 20-03,4781,97,4781,1.0
WAKE - 20-04,WAKE - 20-04,4252,66,4252,1.0
WAKE - 20-05,WAKE - 20-05,4404,49,4404,1.0
WAKE - 20-06A,WAKE - 20-06A,6204,130,6204,1.0
WAKE - 20-06B,WAKE - 20-06B,3736,50,3736,1.0
WAKE - 20-08,WAKE - 20-08,5631,93,5631,1.0
WAKE - 20-09,WAKE - 20-09,2848,56,2848,1.0
WAKE - 20-10,WAKE - 20-10,3683,27,3683,1.0
WAKE - 20-11,WAKE - 20-11,5922,103,5922,1.0
WAKE - 20-11,WAKE - 20-12,0,1,5922,0.0
WAKE - 20-12,WAKE - 20-12,7001,186,7001,1.0
WAKE - 20-14,WAKE - 20-19,4345,67,8324,0.5219846227775108
WAKE - 20-14,WAKE - 20-20,3489,100,8324,0.4191494473810668
WAKE - 20-14,WAKE - 20-17,490,12,8324,0.058865929841422394
WAKE - 20-14,CHATHAM - 75,0,3,8324,0.0
WAKE - 20-15,WAKE - 20-15,7233,144,7233,1.0
WAKE - 20-16,WAKE - 20-18,3944,87,5793,0.6808216813395477
WAKE - 20-16,WAKE - 20-19,1849,27,5793,0.31917831866045226
WAKE - 20-17,WAKE - 20-17,5262,111,5347,0.9841032354591359
WAKE - 20-17,WAKE - 20-20,85,6,5347,0.015896764540864035
WARREN - 001,WARREN - 001,1127,57,1127,1.0
WARREN - 002,WARREN - 002,1006,68,1006,1.0
WARREN - 003,WARREN - 003,989,68,989,1.0
WARREN - 004,WARREN - 004,841,42,841,1.0
WARREN - 005,WARREN - 005,1891,78,1891,1.0
WARREN - 006,WARREN - 006,1310,45,1310,1.0
WARREN - 007,WARREN - 007,888,20,888,1.0
WARREN - 008,WARREN - 008,1171,51,1171,1.0
WARREN - 009,WARREN - 009,578,38,578,1.0
WARREN - 010,WARREN - 010,1918,63,1918,1.0
WARREN - 011,WARREN - 011,351,24,351,1.0
WARREN - 012,WARREN - 012,1046,49,1046,1.0
WARREN - 013,WARREN - 013,717,53,717,1.0
WARREN - 014,WARREN - 014,1354,58,1354,1.0
WASHINGTON - LM,WASHINGTON - LM,1875,147,1875,1.0
WASHINGTON - P1,WASHINGTON - P1,1325,65,1325,1.0
WASHINGTON - P2,WASHINGTON - P2,1013,69,1013,1.0
WASHINGTON - P3,WASHINGTON - P3,2538,81,2538,1.0
WASHINGTON - SC,WASHINGTON - SC,1197,102,1197,1.0
WASHINGTON - SK,WASHINGTON - SK,886,97,886,1.0
WATAUGA - 01,WATAUGA - 01,542,48,551,0.9836660617059891
WATAUGA - 01,ASHE - 04,9,1,551,0.016333938294010888
WATAUGA - 02,WATAUGA - 02,1092,67,1092,1.0
WATAUGA - 03,WATAUGA - 03,2531,193,2531,1.0
WATAUGA - 04,WATAUGA - 04,3611,112,3611,1.0
WATAUGA - 05,WATAUGA - 05,1689,34,1689,1.0
WATAUGA - 06,WATAUGA - 06,5042,29,5042,1.0
WATAUGA - 07,WATAUGA - 07,4139,108,4139,1.0
WATAUGA - 08,WATAUGA - 08,2378,100,2378,1.0
WATAUGA - 09,WATAUGA - 09,618,42,618,1.0
WATAUGA - 10,WATAUGA - 10,1165,76,1166,0.9991423670668954
WATAUGA - 10,WATAUGA - 20,1,1,1166,0.0008576329331046312
WATAUGA - 10,AVERY - 03,0,3,1166,0.0
WATAUGA - 11,WATAUGA - 11,2468,100,2468,1.0
WATAUGA - 12,WATAUGA - 12,3471,15,3471,1.0
WATAUGA - 13,WATAUGA - 13,3897,58,3897,1.0
WATAUGA - 14,WATAUGA - 14,3388,108,3388,1.0
WATAUGA - 15,WATAUGA - 15,3968,116,3968,1.0
WATAUGA - 16,WATAUGA - 16,155,17,155,1.0
WATAUGA - 17,WATAUGA - 17,688,44,694,0.9913544668587896
WATAUGA - 17,AVERY - 02,6,2,694,0.008645533141210375
WATAUGA - 18,WATAUGA - 18,1926,102,1926,1.0
WATAUGA - 19,WATAUGA - 19,3269,194,3269,1.0
WATAUGA - 20,WATAUGA - 20,552,75,552,1.0
WATAUGA - 20,AVERY - 02,0,2,552,0.0
WAYNE - 01,WAYNE - 01,2800,188,2800,1.0
WAYNE - 02,WAYNE - 02,4030,100,4030,1.0
WAYNE - 03,WAYNE - 03,3793,76,3793,1.0
WAYNE - 04,WAYNE - 04,4992,151,4992,1.0
WAYNE - 05,WAYNE - 05,3712,86,3712,1.0
WAYNE - 06,WAYNE - 06,2852,56,2852,1.0
WAYNE - 07,WAYNE - 07,5127,86,5127,1.0
WAYNE - 08,WAYNE - 08,3336,77,3336,1.0
WAYNE - 09,WAYNE - 09,4069,108,4069,1.0
WAYNE - 10,WAYNE - 10,2349,164,2349,1.0
WAYNE - 11,WAYNE - 11,2880,90,2880,1.0
WAYNE - 12,WAYNE - 12,3907,82,3907,1.0
WAYNE - 13,WAYNE - 13,2184,76,2184,1.0
WAYNE - 14,WAYNE - 14,3392,91,3392,1.0
WAYNE - 15,WAYNE - 15,4281,148,4281,1.0
WAYNE - 16,WAYNE - 16,2893,91,2893,1.0
WAYNE - 17,WAYNE - 17,1967,163,1967,1.0
WAYNE - 18,WAYNE - 18,1929,98,1929,1.0
WAYNE - 19,WAYNE - 1920,1758,75,1758,1.0
WAYNE - 20,WAYNE - 1920,1678,55,1678,1.0
WAYNE - 21,WAYNE - 21,1878,84,1878,1.0
WAYNE - 22,WAYNE - 22,2131,52,2131,1.0
WAYNE - 23,WAYNE - 23,2904,105,2904,1.0
WAYNE - 24,WAYNE - 24,2969,85,2969,1.0
WAYNE - 24,JOHNSTON - PR04,0,2,2969,0.0
WAYNE - 25,WAYNE - 2530,2677,150,2677,1.0
WAYNE - 25,DUPLIN - CALY,0,1,2677,0.0
WAYNE - 26,WAYNE - 26,3085,89,3085,1.0
WAYNE - 27,WAYNE - 27,2055,54,2055,1.0
WAYNE - 28,WAYNE - 28,4860,106,4860,1.0
WAYNE - 28,WAYNE - 2530,0,1,4860,0.0
WAYNE - 29,WAYNE - 29,2004,87,2004,1.0
WAYNE - 30,WAYNE - 2530,1968,126,1973,0.9974657881398885
WAYNE - 30,DUPLIN - CALY,5,3,1973,0.002534211860111505
WILKES - 101,WILKES - 101,799,68,799,1.0
WILKES - 101,WILKES - 122,0,1,799,0.0
WILKES - 102,WILKES - 102,1765,74,1765,1.0
WILKES - 102,WILKES - 109,0,1,1765,0.0
WILKES - 103,WILKES - 103,532,32,532,1.0
WILKES - 104,WILKES - 104,2309,52,2309,1.0
WILKES - 105,WILKES - 105,1386,69,1386,1.0
WILKES - 106,WILKES - 106,1037,55,1037,1.0
WILKES - 107,WILKES - 107,3012,111,3040,0.9907894736842106
WILKES - 107,SURRY - 01,28,6,3040,0.009210526315789473
WILKES - 108,WILKES - 108,1953,79,1953,1.0
WILKES - 108,WILKES - 120A,0,1,1953,0.0
WILKES - 109,WILKES - 109,908,65,920,0.9869565217391304
WILKES - 109,CALDWELL - 12,8,2,920,0.008695652173913044
WILKES - 109,WILKES - 102,4,4,920,0.004347826086956522
WILKES - 110,WILKES - 113A,493,52,599,0.8230383973288815
WILKES - 110,ASHE - 16,103,6,599,0.17195325542570952
WILKES - 110,ASHE - 13,3,1,599,0.005008347245409015
WILKES - 110,WATAUGA - 18,0,1,599,0.0
WILKES - 111,WILKES - 111,2169,58,2169,1.0
WILKES - 112,WILKES - 112,2407,90,2407,1.0
WILKES - 112,WILKES - 129,0,1,2407,0.0
WILKES - 113,WILKES - 113A,1811,140,1811,1.0
WILKES - 113,WATAUGA - 18,0,1,1811,0.0
WILKES - 114,WILKES - 114,797,52,797,1.0
WILKES - 114,WILKES - 125,0,2,797,0.0
WILKES - 114,WILKES - 126,0,1,797,0.0
WILKES - 115A,WILKES - 115A,4219,81,4274,0.9871314927468414
WILKES - 115A,WILKES - 120A,55,1,4274,0.012868507253158634
WILKES - 117,WILKES - 117,1335,70,1358,0.9830633284241531
WILKES - 117,WILKES - 122,23,1,1358,0.016936671575846832
WILKES - 118,WILKES - 118,3265,207,3265,1.0
WILKES - 119,WILKES - 119,4695,100,4695,1.0
WILKES - 120,WILKES - 120A,2051,29,2059,0.9961146187469645
WILKES - 120,WILKES - 108,8,1,2059,0.003885381253035454
WILKES - 121,WILKES - 120A,2491,39,2491,1.0
WILKES - 122,WILKES - 122,783,61,783,1.0
WILKES - 123,WILKES - 123A,946,65,951,0.9947423764458465
WILKES - 123,WILKES - 126,5,2,951,0.005257623554153523
WILKES - 124,WILKES - 123A,1498,58,1552,0.9652061855670103
WILKES - 124,SURRY - 01,54,10,1552,0.03479381443298969
WILKES - 125,WILKES - 125,875,62,899,0.9733036707452726
WILKES - 125,ASHE - 13,22,1,899,0.024471635150166853
WILKES - 125,WILKES - 114,2,1,899,0.002224694104560623
WILKES - 126,WILKES - 126,892,79,892,1.0
WILKES - 126,WILKES - 114,0,1,892,0.0
WILKES - 127,WILKES - 127,2794,130,2796,0.9992846924177397
WILKES - 127,WILKES - 129,2,3,2796,0.000715307582260372
WILKES - 128,WILKES - 128,3068,125,3079,0.9964274114972393
WILKES - 128,WILKES - 122,9,1,3079,0.002923026956804157
WILKES - 128,WILKES - 103,2,2,3079,0.0006495615459564793
WILKES - 129,WILKES - 129,2195,77,2204,0.9959165154264973
WILKES - 129,WILKES - 112,9,1,2204,0.004083484573502722
WILKES - 129,WILKES - 127,0,3,2204,0.0
WILSON - PRBL,WILSON - PRBL,2988,186,2988,1.0
WILSON - PRBL,WAYNE - 01,0,1,2988,0.0
WILSON - PRBL,WAYNE - 02,0,1,2988,0.0
WILSON - PRCR,WILSON - PRCR,2814,137,2814,1.0
WILSON - PRGA,WILSON - PRGA,2762,66,2762,1.0
WILSON - PROL,WILSON - PROL,4344,229,4344,1.0
WILSON - PROL,JOHNSTON - PR20,0,1,4344,0.0
WILSON - PROL,NASH - P01A,0,1,4344,0.0
WILSON - PRSA,WILSON - PRSA,1142,78,1142,1.0
WILSON - PRSP,WILSON - PRSP,2433,97,2433,1.0
WILSON - PRSP,JOHNSTON - PR20,0,2,2433,0.0
WILSON - PRST,WILSON - PRST,1623,98,1623,1.0
WILSON - PRST,WAYNE - 02,0,2,1623,0.0
WILSON - PRTA,WILSON - PRTA,7226,140,7226,1.0
WILSON - PRTO,WILSON - PRTO,4118,230,4118,1.0
WILSON - PRWA,WILSON - PRWA,1317,56,1317,1.0
WILSON - PRWB,WILSON - PRWB,1522,101,1522,1.0
WILSON - PRWC,WILSON - PRWC,1860,52,1860,1.0
WILSON - PRWD,WILSON - PRWD,1715,65,1715,1.0
WILSON - PRWE,WILSON - PRWE,1707,63,1707,1.0
WILSON - PRWH,WILSON - PRWH,1035,85,1035,1.0
WILSON - PRWI,WILSON - PRWI,2303,92,2303,1.0
WILSON - PRWJ,WILSON - PRWJ,4154,96,4154,1.0
WILSON - PRWK,WILSON - PRWK,1513,37,1513,1.0
WILSON - PRWL,WILSON - PRWL,2602,48,2602,1.0
WILSON - PRWM,WILSON - PRWM,4518,97,4518,1.0
WILSON - PRWN,WILSON - PRWN,2697,70,2697,1.0
WILSON - PRWP,WILSON - PRWP,1671,31,1671,1.0
WILSON - PRWQ,WILSON - PRWQ,718,52,718,1.0
WILSON - PRWR,WILSON - PRWR,2240,137,2240,1.0
YADKIN - BNVL,YADKIN - BNVL,3270,125,3270,1.0
YADKIN - DCRK,YADKIN - DCRK,2409,70,2409,1.0
YADKIN - DCRK,IREDELL - EM,0,1,2409,0.0
YADKIN - EBND,YADKIN - EBND,2641,70,2641,1.0
YADKIN - EBND,FORSYTH - 091,0,2,2641,0.0
YADKIN - FBSH,YADKIN - FBSH,3294,65,3294,1.0
YADKIN - FBSH,FORSYTH - 075,0,3,3294,0.0
YADKIN - FBSH,FORSYTH - 134,0,1,3294,0.0
YADKIN - NBCK,YADKIN - NBCK,1632,80,1632,1.0
YADKIN - NFAL,YADKIN - NFAL,1200,41,1200,1.0
YADKIN - NKNB,YADKIN - NKNB,3510,150,3510,1.0
YADKIN - NLIB,YADKIN - NLIB,4832,141,4832,1.0
YADKIN - SBCK,YADKIN - SBCK,1026,57,1026,1.0
YADKIN - SFAL,YADKIN - SFAL,1976,41,1976,1.0
YADKIN - SKNB,YADKIN - SKNB,1352,50,1352,1.0
YADKIN - SLIB,YADKIN - SLIB,2338,51,2338,1.0
YANCEY - 01 BUR,YANCEY - 01 BUR,3687,122,3687,1.0
YANCEY - 02 CAN,YANCEY - 02 CAN,1526,42,1526,1.0
YANCEY - 03 EGY,YANCEY - 03 EGY,640,48,640,1.0
YANCEY - 04 RAM,YANCEY - 04 RAM,385,36,385,1.0
YANCEY - 05 GRE,YANCEY - 05 GRE,493,17,493,1.0
YANCEY - 05 GRE,MITCHELL - 01-A,0,2,493,0.0
YANCEY - 06 JAC,YANCEY - 06 JAC,1531,39,1531,1.0
YANCEY - 07 BRU,YANCEY - 07 BRU,472,21,472,1.0
YANCEY - 08 CRA,YANCEY - 08 CRA,2689,76,2689,1.0
YANCEY - 09 SOU,YANCEY - 09 SOU,1925,83,1925,1.0
YANCEY - 10 PEN,YANCEY - 10 PEN,532,38,532,1.0
YANCEY - 10 PEN,BUNCOMBE - 50.1,0,2,532,0.0
YANCEY - 11 PRI,YANCEY - 11 PRI,1225,62,1225,1.0
