county,old_precinct_key,old_precinct_id,old_precinct_name,old_area_m2,new_precinct_key,new_precinct_id,new_precinct_name,new_area_m2,intersection_area_m2,old_share,new_share,jaccard,rank_for_old,rank_for_new,is_best_for_old,is_best_for_new
ALAMANCE,ALAMANCE - 01,01,01 PATTERSON,131445285.07731426,ALAMANCE - 01,01,PATTERSON,131421260.91276057,131296885.05971028,0.9988710130034966,0.9990536093461099,0.9979267570599074,1,1,True,True
ALAMANCE,ALAMANCE - 02,02,02 COBLE,79152070.06541726,ALAMANCE - 02,02,COBLE,79167667.50627524,79137964.01776026,0.9998217854865281,0.9996248027831233,0.9994467219638351,1,1,True,True
ALAMANCE,ALAMANCE - 035,035,035 BOONE 5,27472004.073226266,ALAMANCE - 035,035,BOONE 5,27465414.042358804,27417558.581141755,0.9980181463303738,0.9982576100566609,0.996282649874229,1,1,True,True
ALAMANCE,ALAMANCE - 03C,03C,03C CENTRAL BOONE,5234993.825779123,ALAMANCE - 03C,03C,CENTRAL BOONE,5311655.779701654,5205862.602585691,0.9944352898660589,0.9800828251107219,0.9747369816028506,1,1,True,True
ALAMANCE,ALAMANCE - 03N,03N,03N NORTH BOONE,5463833.318882579,ALAMANCE - 03N,03N,NORTH BOONE,5040544.0553672435,5020815.254380776,0.9189180857749142,0.9960859778687063,0.9156119953831537,1,1,True,True
ALAMANCE,ALAMANCE - 03N2,03N2,03N2 NORTH BOONE 2,676929.8241404725,ALAMANCE - 03N2,03N2,NORTH BOONE 2,772501.0611985977,665287.9411615027,0.9828019352024385,0.86121298025048,0.8484268666847173,1,1,True,True
ALAMANCE,ALAMANCE - 03S,03S,03S SOUTH BOONE,22867290.969086826,ALAMANCE - 03SE,03SE,SOUTH BOONE E,12305429.608294616,12302576.02258935,0.5379988403182783,0.9997681035285967,0.5379317123735247,1,1,True,True
ALAMANCE,ALAMANCE - 03W,03W,03W WEST BOONE,5873124.799936438,ALAMANCE - 03W,03W,WEST BOONE,6116397.853379159,5821549.870012397,0.9912184856135529,0.9517938514735653,0.9438352072128828,1,1,True,True
ALAMANCE,ALAMANCE - 04,04,04 MORTON,96535671.60848257,ALAMANCE - 04,04,MORTON,95964288.6077592,95926734.26656912,0.9936921002178024,0.9996086633711884,0.9933056840884611,1,1,True,True
ALAMANCE,ALAMANCE - 05,05,05 FAUCETTE,92730150.56010117,ALAMANCE - 05,05,FAUCETTE,92295545.501452,92284943.28604722,0.9951988940882244,0.9998851275503365,0.9950851219575271,1,1,True,True
ALAMANCE,ALAMANCE - 063,063,063 GRAHAM 3,5728085.073207163,ALAMANCE - 063,063,GRAHAM 3,6210770.069962104,5698703.758763369,0.9948706567608041,0.9175518807763786,0.9132316522006817,1,1,True,True
ALAMANCE,ALAMANCE - 064,064,064 GRAHAM 4,17014651.056113817,ALAMANCE - 064,064,GRAHAM 4,17014673.25824032,17010635.51005155,0.9997639948037121,0.9997626902305152,0.9995267970204025,1,1,True,True
ALAMANCE,ALAMANCE - 06E,06E,06E EAST GRAHAM,6183017.31522185,ALAMANCE - 06E,06E,EAST GRAHAM,6911058.251711685,6157254.827277942,0.9958333469517409,0.8909279307192866,0.8876191353884754,1,1,True,True
ALAMANCE,ALAMANCE - 06N,06N,06N NORTH GRAHAM,4295495.897490172,ALAMANCE - 06N,06N,NORTH GRAHAM,4256901.863443664,4206015.844478717,0.979168865447238,0.9880462316028629,0.9677050763889422,1,1,True,True
ALAMANCE,ALAMANCE - 06S,06S,06S SOUTH GRAHAM,13331970.341883551,ALAMANCE - 06S,06S,SOUTH GRAHAM,13344627.84728599,13327699.078715881,0.9996796225120415,0.9987314169594058,0.998411851676879,1,1,True,True
ALAMANCE,ALAMANCE - 06W,06W,06W WEST GRAHAM,1983875.5243173542,ALAMANCE - 06W,06W,WEST GRAHAM,1978939.1163386654,1977184.7824291931,0.9966274386642966,0.9991134977852588,0.9957469032999057,1,1,True,True
ALAMANCE,ALAMANCE - 07,07,07 ALBRIGHT,55613300.96332155,ALAMANCE - 07,07,ALBRIGHT,55613247.221049614,55604714.24817451,0.9998455996137919,0.9998465658219671,0.9996922128090601,1,1,True,True
ALAMANCE,ALAMANCE - 08N,08N,08N NORTH NEWLIN,88090801.72028385,ALAMANCE - 08N,08N,NORTH NEWLIN,88160868.96592107,88076510.846766,0.9998377711039204,0.9990431342142545,0.9988812156070649,1,1,True,True
ALAMANCE,ALAMANCE - 08S,08S,08S SOUTH NEWLIN,84275218.43225065,ALAMANCE - 08S,08S,SOUTH NEWLIN,84542147.67423077,84269659.57982703,0.9999340392997249,0.9967768964723521,0.9967113602692496,1,1,True,True
ALAMANCE,ALAMANCE - 09N,09N,09N NORTH THOMPSON,14856907.193177355,ALAMANCE - 09N,09N,NORTH THOMPSON,14857032.680280136,14849608.511690784,0.9995087347998025,0.9995002926392424,0.999009518173566,1,1,True,True
ALAMANCE,ALAMANCE - 09S,09S,09S SOUTH THOMPSON,76505483.25523973,ALAMANCE - 09S,09S,SOUTH THOMPSON,76415320.60628778,76257930.33629954,0.9967642460591446,0.9979403309606046,0.9947178709809884,1,1,True,True
ALAMANCE,ALAMANCE - 103,103,103 MELVILLE 3,30927008.341892827,ALAMANCE - 103,103,MELVILLE 3,30991202.846574683,30897035.70581135,0.9990308588612861,0.9969614880316354,0.9959982246026037,1,1,True,True
ALAMANCE,ALAMANCE - 10N,10N,10N NORTH MELVILLE,20898593.181968573,ALAMANCE - 10N,10N,NORTH MELVILLE,20958336.653767273,20832831.08705644,0.9968532764698786,0.9940116637696879,0.9909024560857821,1,1,True,True
ALAMANCE,ALAMANCE - 10S,10S,10S SOUTH MELVILLE,22373407.194200248,ALAMANCE - 10S1,10S1,SOUTH MELVILLE,18629359.99561547,18598143.006681006,0.8312610969464729,0.9983243123251786,0.8301028776318834,1,1,True,True
ALAMANCE,ALAMANCE - 11,11,11 PLEASANT GROVE,115878071.55392675,ALAMANCE - 11,11,PLEASANT GROVE,115118020.16152072,115114818.9937703,0.9934133132358761,0.9999721922966889,0.9933858706423794,1,1,True,True
ALAMANCE,ALAMANCE - 1210,1210,1210 BURLINGTON 10,3105873.937618004,ALAMANCE - 1210,1210,BURLINGTON 10,3105875.2575208647,3102895.060778477,0.9990408893279772,0.9990404647658753,0.9980831929307804,1,1,True,True
ALAMANCE,ALAMANCE - 124,124,124 BURLINGTON 4,2585874.125498398,ALAMANCE - 124,124,BURLINGTON 4,2584837.736437625,2582581.3506905334,0.9987266298945506,0.9991270687071441,0.9978559193476352,1,1,True,True
ALAMANCE,ALAMANCE - 125,125,125 BURLINGTON 5,3348687.8526502657,ALAMANCE - 125,125,BURLINGTON 5,3348689.2753708395,3346179.5640060827,0.9992509637342883,0.9992505391935838,0.9985026248339332,1,1,True,True
ALAMANCE,ALAMANCE - 126,126,126 BURLINGTON 6,3117278.5675247028,ALAMANCE - 126,126,BURLINGTON 6,3118655.6322920755,3115133.511337293,0.9993118817773436,0.9988706284469779,0.9981840630953739,1,1,True,True
ALAMANCE,ALAMANCE - 127,127,127 BURLINGTON 7,14269816.880320378,ALAMANCE - 127,127,BURLINGTON 7,14269489.488048393,14264580.122720608,0.9996330185843526,0.9996559536813215,0.9992892246931427,1,1,True,True
ALAMANCE,ALAMANCE - 128,128,128 BURLINGTON 8,3313328.4414693895,ALAMANCE - 128,128,BURLINGTON 8,3313329.8491997914,3310893.2840320775,0.9992650419418632,0.9992646173853466,0.9985307394838676,1,1,True,True
ALAMANCE,ALAMANCE - 129,129,129 BURLINGTON 9,16698229.16466772,ALAMANCE - 129,129,BURLINGTON 9,16698305.335216701,16693400.31283359,0.9997108165311117,0.9997062562766315,0.9994172426498983,1,1,True,True
ALAMANCE,ALAMANCE - 12E,12E,12E EAST BURLINGTON,2887287.6862930474,ALAMANCE - 12E,12E,EAST BURLINGTON,2897152.1344448924,2885676.4664007123,0.9994419607370668,0.9960389832802553,0.9954853548438393,1,1,True,True
ALAMANCE,ALAMANCE - 12N,12N,12N NORTH BURLINGTON,7177189.876547413,ALAMANCE - 12N,12N,NORTH BURLINGTON,7177199.0957971625,7173978.366551629,0.9995525393571825,0.9995512554127948,0.9991041961811867,1,1,True,True
ALAMANCE,ALAMANCE - 12S,12S,12S SOUTH BURLINGTON,2442862.534910964,ALAMANCE - 12S,12S,SOUTH BURLINGTON,2442863.5729977824,2441073.500540761,0.99926764836554,0.9992672237300485,0.9985359446097014,1,1,True,True
ALAMANCE,ALAMANCE - 12W,12W,12W WEST BURLINGTON,2631982.855270777,ALAMANCE - 12W,12W,WEST BURLINGTON,2631983.973186111,2630180.9141209843,0.9993153674439087,0.9993149429922462,0.9986312478188538,1,1,True,True
ALAMANCE,ALAMANCE - 13,13,13 HAW RIVER,38979654.32382498,ALAMANCE - 13,13,HAW RIVER,37821845.95440202,37759876.91463745,0.9687073312899549,0.9983615543292286,0.9671697450432486,1,1,True,True
ALEXANDER,ALEXANDER - B1,B1,B1 BETHLEHEM 1,28004676.716670636,ALEXANDER - B1,B1,BETHLEHEM 1,28052257.11226887,27995094.51361764,0.9996578356126035,0.9979622816651631,0.9976215100886924,1,1,True,True
ALEXANDER,ALEXANDER - B2,B2,B2 BETHLEHEM 2,35360291.6882891,ALEXANDER - B2,B2,BETHLEHEM 2,35360312.664125115,35353785.894083805,0.9998160141250348,0.9998154210313889,0.9996315030637555,1,1,True,True
ALEXANDER,ALEXANDER - E,E,E ELLENDALE,117154998.22958827,ALEXANDER - E,E,ELLENDALE,117124820.3043466,117088306.78284466,0.9994307417715724,0.99968825120579,0.9991193477522095,1,1,True,True
ALEXANDER,ALEXANDER - G1,G1,G1 GWALTNEY 1,65063070.43703172,ALEXANDER - G1G2,G1G2,GWALTNEY 1 2,110930319.56800745,64942181.8320757,0.998141978173732,0.5854322072178106,0.5847949148912233,1,1,True,True
ALEXANDER,ALEXANDER - G2,G2,G2 GWALTNEY 2,45257498.81764933,ALEXANDER - G1G2,G1G2,GWALTNEY 1 2,110930319.56800745,45136193.954883926,0.9973196737350829,0.4068878024570417,0.40644334728323445,1,2,True,False
ALEXANDER,ALEXANDER - L,L,L LITTLE RIVER,66605610.32125477,ALEXANDER - LRSL,LRSL,LITTLE RIVER AND SUGAR LOAF,120200420.09275365,66543690.50800571,0.9990703513870618,0.5536061392851765,0.5533211025165184,1,1,True,True
ALEXANDER,ALEXANDER - M,M,M MILLERS,60991989.76465133,ALEXANDER - M,M,MILLERS,61458789.25996235,60985280.51918074,0.9998899979243753,0.9922955081529716,0.992187194476105,1,1,True,True
ALEXANDER,ALEXANDER - S1,S1,S1 SHARPES 1,60196600.35932442,ALEXANDER - S1S2,S1S2,SHARPES 1 2,73579466.9663933,60189442.570315525,0.9998810931353903,0.8180195515388343,0.8179399825767502,1,1,True,True
ALEXANDER,ALEXANDER - S2,S2,S2 SHARPES 2,13318487.22432109,ALEXANDER - S1S2,S1S2,SHARPES 1 2,73579466.9663933,13307318.898195768,0.999161441841163,0.1808564188739469,0.1808289715844948,1,2,True,False
ALEXANDER,ALEXANDER - SL,SL,SL SUGAR LOAF,53536792.42303927,ALEXANDER - LRSL,LRSL,LITTLE RIVER AND SUGAR LOAF,120200420.09275365,53467070.46851094,0.9986976815126054,0.4448160033654844,0.44455813852361925,1,2,True,False
ALEXANDER,ALEXANDER - T1,T1,T1 TAYLORSVILLE 1,34123140.78493483,ALEXANDER - T1T4T5,T1T4T5,TAYLORSVILLE 1 4 5,66056032.59232724,34116626.38796822,0.9998090915192224,0.5164801010457757,0.5164291711837448,1,1,True,True
ALEXANDER,ALEXANDER - T2,T2,T2 TAYLORSVILLE 2,24883394.062645853,ALEXANDER - T2T3,T2T3,TAYLORSVILLE 2 3,39163963.853231564,24880033.76704124,0.9998649583092984,0.6352787440076318,0.6352242413215896,1,1,True,True
ALEXANDER,ALEXANDER - T3,T3,T3 TAYLORSVILLE 3,14280542.969934056,ALEXANDER - T2T3,T2T3,TAYLORSVILLE 2 3,39163963.853231564,14276651.232696395,0.9997274797431824,0.3645354000988941,0.36449917968371887,1,2,True,False
ALEXANDER,ALEXANDER - T4,T4,T4 TAYLORSVILLE 4,16224588.589542143,ALEXANDER - T1T4T5,T1T4T5,TAYLORSVILLE 1 4 5,66056032.59232724,16223151.798903313,0.9999114436319355,0.24559682382117085,0.2455914819390084,1,2,True,False
ALEXANDER,ALEXANDER - T5,T5,T5 TAYLORSVILLE 5,15708294.086758362,ALEXANDER - T1T4T5,T1T4T5,TAYLORSVILLE 1 4 5,66056032.59232724,15705158.528486595,0.9998003883646149,0.23775509839370573,0.23774381313253315,1,3,True,False
ALEXANDER,ALEXANDER - W,W,W WITTENBURG,30878083.79035654,ALEXANDER - W,W,WITTENBURG,30878095.809401993,30868547.410751425,0.9996911602523699,0.9996907711307877,0.9993821223284808,1,1,True,True
ALLEGHANY,ALLEGHANY - 01,01,01 CHERRY LANE,105487287.244883,ALLEGHANY - 01,01,CHERRY LANE,105280654.27551942,105189864.94600347,0.9971804915393351,0.999137644706516,0.9963229901415951,1,1,True,True
ALLEGHANY,ALLEGHANY - 02,02,02 CRANBERRY,62001647.95709335,ALLEGHANY - 06A,06A,PRATHERS CREEK,215267078.06276658,61759982.53611832,0.9961022742308032,0.286899339610633,0.2865776187905695,1,3,True,False
ALLEGHANY,ALLEGHANY - 03,03,03 GAP CIVIL,126368981.27368942,ALLEGHANY - 03A,03A,GAP CIVIL,188162063.90180933,126337379.37956557,0.9997499236457765,0.671428537505273,0.6713157897490496,1,1,True,True
ALLEGHANY,ALLEGHANY - 04,04,04 GLADE CREEK,103011597.35374318,ALLEGHANY - 04,04,GLADE CREEK,103197977.63553542,101185429.6426847,0.9822722124695591,0.9804981837923371,0.9634492078822356,1,1,True,True
ALLEGHANY,ALLEGHANY - 05,05,05 PINEY CREEK,74554680.10791647,ALLEGHANY - 06A,06A,PRATHERS CREEK,215267078.06276658,74194891.28300786,0.9951741617778008,0.3446643674021276,0.3440892702932869,1,2,True,False
ALLEGHANY,ALLEGHANY - 06,06,06 PRATHERS CREEK,79143585.92986645,ALLEGHANY - 06A,06A,PRATHERS CREEK,215267078.06276658,78997578.38371116,0.9981551562967507,0.3669747324794245,0.3667259960573132,1,1,True,True
ALLEGHANY,ALLEGHANY - 07,07,07 WHITEHEAD,62088271.19248846,ALLEGHANY - 03A,03A,GAP CIVIL,188162063.90180933,61513047.572189905,0.9907353899657598,0.32691524687085666,0.3259188917027565,1,2,True,False
ANSON,ANSON - ANS,ANS,ANS ANSONVILLE,172811183.29626286,ANSON - ANS,ANS,ANSONVILLE,172811717.27835673,172666795.2898778,0.9991644753329562,0.9991613879500688,0.9983272634730778,1,1,True,True
ANSON,ANSON - BURN,BURN,BURN BURNSVILLE,127056296.55794486,ANSON - BURN,BURN,BURNSVILLE,126824354.80726622,126687508.78884743,0.997097445942561,0.9989209799755989,0.9960246772956912,1,1,True,True
ANSON,ANSON - GULL,GULL,GULL GULLEDGE,134255489.23300725,ANSON - GULL,GULL,GULLEDGE,134358560.4103112,134220423.28143033,0.9997388117850731,0.9989718769800822,0.9987112254863088,1,1,True,True
ANSON,ANSON - LILE,LILE,LILE LILESVILLE,297144767.2130182,ANSON - LILE,LILE,LILESVILLE,297246242.83480567,296795071.56652665,0.9988231472161823,0.9984821632597397,0.9973088782096368,1,1,True,True
ANSON,ANSON - MM,MM,MM MORVEN/MCFARLAN,112273307.63409942,ANSON - MM,MM,MORVEN/MCFARLAN,112229805.24291414,112199312.09132792,0.999340933795122,0.999728297206609,0.9990695889753801,1,1,True,True
ANSON,ANSON - PEAC,PEAC,PEAC PEACHLAND,91544094.97158688,ANSON - PEAC,PEAC,PEACHLAND,91427066.36226496,91370378.30131271,0.9981023716458381,0.9993799641265134,0.9974846860081472,1,1,True,True
ANSON,ANSON - POLK,POLK,POLK POLKTON,63647356.690775335,ANSON - POLK,POLK,POLKTON,63629089.24171774,63605901.69214573,0.999348676822024,0.999635582563756,0.9989847338518483,1,1,True,True
ANSON,ANSON - W1,W1,W1 WADESBORO 1,113139797.63626297,ANSON - WADES,WADES,WADESBORO,233515579.8193728,113135928.92702276,0.9999658059381311,0.48448985294486474,0.48448182641695586,1,1,True,True
ANSON,ANSON - W2,W2,W2 WADESBORO 2,75524094.13432294,ANSON - WADES,WADES,WADESBORO,233515579.8193728,75517882.14635414,0.9999177482624584,0.32339547624517456,0.3233868734985441,1,2,True,False
ANSON,ANSON - W3,W3,W3 WADESBORO 3,44852292.56392094,ANSON - WADES,WADES,WADESBORO,233515579.8193728,44842344.38060619,0.9997782012301697,0.19203148849979218,0.19202330796181782,1,3,True,False
ANSON,ANSON - WS,WS,WS WHITE STORE,158817376.74248755,ANSON - WS,WS,WHITE STORE,159039574.02274278,158744674.41872057,0.9995422268944484,0.998145747020298,0.9976896696079653,1,1,True,True
ASHE,ASHE - 02,02,02 CLIFTON,74921833.32443075,ASHE - 02,02,CLIFTON,74921859.96693093,74906709.32794781,0.9997981363267308,0.9997977807946866,0.9995959987463486,1,1,True,True
ASHE,ASHE - 03,03,03 CRESTON,74813376.62337017,ASHE - 03,03,CRESTON,74911127.57922038,74798054.98036009,0.9997952018248393,0.9984905767338675,0.9982863962832462,1,1,True,True
ASHE,ASHE - 04,04,04 ELK,30327581.944398057,ASHE - 04,04,ELK,30438641.12924516,30293580.550590698,0.998878862354747,0.9952343280359159,0.9941238449430055,1,1,True,True
ASHE,ASHE - 06,06,06 HELTON,47853055.386498354,ASHE - 06,06,HELTON,47489147.20112627,47453310.764298685,0.9916464138189083,0.9992453762819574,0.9909043403920429,1,1,True,True
ASHE,ASHE - 07,07,07 HORSE CREEK,47130577.34674624,ASHE - 07,07,HORSE CREEK,47130598.83747973,47120141.61514182,0.9997785783202346,0.9997781224385887,0.9995567989940543,1,1,True,True
ASHE,ASHE - 08,08,08 HURRICANE,35897751.87186568,ASHE - 08,08,HURRICANE,35994243.01634791,35867712.6283326,0.9991631998672144,0.9964847048468879,0.9956537751281513,1,1,True,True
ASHE,ASHE - 09,09,09 JEFFERSON,85527653.32422681,ASHE - 09,09,JEFFERSON,85526979.75728229,85511441.16083477,0.9998104453616823,0.9998183193596732,0.9996288335853891,1,1,True,True
ASHE,ASHE - 10,10,10 LAUREL,30031274.024123706,ASHE - 10,10,LAUREL,30034231.49308211,30012460.212628793,0.9993735260289057,0.9992751177782481,0.9986495514335763,1,1,True,True
ASHE,ASHE - 11,11,11 NEW RIVER,152199416.9797534,ASHE - 11,11,NEW RIVER,152483453.9794707,152061338.94614974,0.9990927821121547,0.997231732215498,0.996329527953653,1,1,True,True
ASHE,ASHE - 12,12,12 NORTH FORK,68104774.24471308,ASHE - 12,12,NORTH FORK,68132951.415084,68004677.39751951,0.9985302521254398,0.998117298386459,0.996653075444025,1,1,True,True
ASHE,ASHE - 13,13,13 0BIDS,58426638.352560654,ASHE - 13,13,0BIDS,58265792.36429697,57670158.82585772,0.9870524892748723,0.9897773030406047,0.9770914771352885,1,1,True,True
ASHE,ASHE - 14,14,14 OLD FIELDS,57914098.09712011,ASHE - 14,14,OLD FIELDS,57924577.64662286,57900157.75889922,0.999759292837514,0.9995784192355684,0.9993379149609148,1,1,True,True
ASHE,ASHE - 15,15,15 PEAK CREEK,98008288.6364316,ASHE - 15,15,PEAK CREEK,97850114.5712897,97432098.38909902,0.9941210049134721,0.9957279949643172,0.9898989763828342,1,1,True,True
ASHE,ASHE - 16,16,16 PINE SWAMP,93049483.00603428,ASHE - 16,16,PINE SWAMP,93401013.40747854,92998660.48553693,0.9994538118981913,0.9956921996104445,0.9951507058375159,1,1,True,True
ASHE,ASHE - 17,17,17 PINEY CREEK,44196729.590854235,ASHE - 17,17,PINEY CREEK,44192066.69892687,44179082.959104136,0.9996007253949906,0.9997061974966865,0.9993071574261582,1,1,True,True
ASHE,ASHE - 18,18,18 POND MOUNTAIN,43308736.09188602,ASHE - 18,18,POND MOUNTAIN,43301064.47202085,43225752.045322545,0.9980838959052646,0.9982607257438909,0.9963512747503502,1,1,True,True
ASHE,ASHE - 20,20,20 WEST JEFFERSON,70089824.23878865,ASHE - 20,20,WEST JEFFERSON,70084460.11839993,70065424.8347233,0.9996518837886905,0.999728395087235,0.9993804679174951,1,1,True,True
AVERY,AVERY - 01,01,01 ALTAMONT,42185998.01857783,AVERY - 01,01,ALTAMONT,42093428.819598176,42083301.29142484,0.9975656205381757,0.9997594035825226,0.9973261939605965,1,1,True,True
AVERY,AVERY - 02,02,02 BANNER ELK,71936932.80202132,AVERY - 02,02,BANNER ELK,71942230.56642534,71886952.58701125,0.9993052217676888,0.99923163378479,0.998537922460199,1,1,True,True
AVERY,AVERY - 03,03,03 BEECH MOUNTAIN,35383066.03059122,AVERY - 03,03,BEECH MOUNTAIN,35378687.905010946,35320762.85256991,0.9982391809130546,0.998362713377145,0.9966076504412457,1,1,True,True
AVERY,AVERY - 04,04,04 CAREYS FLAT,113555513.4951323,AVERY - 04,04,CAREYS FLAT,113617573.56329666,113431955.40277165,0.9989119146348985,0.9983662900491217,0.9972817550838017,1,1,True,True
AVERY,AVERY - 05,05,05 CRANBERRY,23622116.559149634,AVERY - 05,05,CRANBERRY,23629786.501090307,23614028.50259003,0.9996576066103412,0.9993331298825087,0.998991192926347,1,1,True,True
AVERY,AVERY - 06,06,06 ELK PARK,23867783.123481415,AVERY - 06,06,ELK PARK,23894053.19498256,23848877.701106254,0.999207910417262,0.998109341537509,0.9973202430833903,1,1,True,True
AVERY,AVERY - 07,07,07 FRANK,7975224.435697151,AVERY - 07,07,FRANK,7975234.540362671,7972755.870764843,0.9996904707883506,0.9996892041750893,0.9993798673045563,1,1,True,True
AVERY,AVERY - 08,08,08 HEATON,14215735.095750086,AVERY - 08,08,HEATON,14216519.103290562,14211590.890107673,0.9997084775697844,0.9996533460021344,0.9993620256222786,1,1,True,True
AVERY,AVERY - 09,09,09 HUGHES,11323280.155449405,AVERY - 09,09,HUGHES,11323288.4072902,11318074.680012388,0.9995402855563446,0.9995395571418586,0.9990802658479859,1,1,True,True
AVERY,AVERY - 10,10,10 INGALLS,56570314.92850069,AVERY - 10,10,INGALLS,56577994.77962008,56531081.30067183,0.999306462623048,0.999170817574377,0.9984784294604261,1,1,True,True
AVERY,AVERY - 11,11,11 LINVILLE,42516673.42872227,AVERY - 11,11,LINVILLE,42496930.03181459,42480720.94434454,0.999154390937052,0.9996185821550424,0.9987736177573217,1,1,True,True
AVERY,AVERY - 12,12,12 MINNEAPOLIS,22067922.510919686,AVERY - 12,12,MINNEAPOLIS,22138605.015709884,22063379.423685737,0.9997941316301205,0.9966020626877454,0.9963975908535115,1,1,True,True
AVERY,AVERY - 13,13,13 MONTEZUMA,17519916.657538224,AVERY - 13,13,MONTEZUMA,17524544.908524193,17513286.03576351,0.9996215380527018,0.9993575369392214,0.9989795610394475,1,1,True,True
AVERY,AVERY - 14,14,14 NEWLAND 1,21997679.845336933,AVERY - 14,14,NEWLAND 1,21997976.75401666,21990221.375703648,0.9996609428955361,0.9996474503814722,0.9993086322632715,1,1,True,True
AVERY,AVERY - 15,15,15 NEWLAND 2,19645551.81163757,AVERY - 15,15,NEWLAND 2,19645193.5427093,19638659.250795364,0.999649154123626,0.9996673847015185,0.9993167721388257,1,1,True,True
AVERY,AVERY - 16,16,16 PINEOLA,28975693.79491801,AVERY - 16,16,PINEOLA,29039370.008607544,28965441.35020606,0.9996461708636033,0.9974541920716746,0.9971021618870018,1,1,True,True
AVERY,AVERY - 17,17,17 PLUMTREE,36273398.45254386,AVERY - 17,17,PLUMTREE,36514367.39912095,36257051.34160781,0.9995493361076316,0.9929530188843054,0.9925086828407407,1,1,True,True
AVERY,AVERY - 18,18,18 PYATTE,14435372.280198468,AVERY - 18,18,PYATTE,14435379.954166967,14429900.099328544,0.999620918618259,0.9996203872114331,0.9992415935288352,1,1,True,True
AVERY,AVERY - 19,19,19 ROARING CREEK,36265914.39633526,AVERY - 19,19,ROARING CREEK,36606554.7289408,36232315.0317084,0.9990735277136633,0.9897767025604152,0.9888690680498294,1,1,True,True
BEAUFORT,BEAUFORT - AUROR,AUROR,AUROR AURORA,380696678.78993875,BEAUFORT - AUROR,AUROR,AURORA,380417810.5887825,380378176.6694912,0.9991633703728124,0.9998958147642194,0.9990593593839514,1,1,True,True
BEAUFORT,BEAUFORT - BEADM,BEADM,BEADM BEAVER DAM,47508558.76104662,BEAUFORT - BEADM,BEADM,BEAVER DAM,47507632.47712023,47496444.051484495,0.9997449994300384,0.9997644920394397,0.9995096115493565,1,1,True,True
BEAUFORT,BEAUFORT - BELHV,BELHV,BELHV BELHAVEN,147947043.46596357,BEAUFORT - BELHV,BELHV,BELHAVEN,148168683.54132923,147865782.3182467,0.9994507416585477,0.9979557001125812,0.9974086845590047,1,1,True,True
BEAUFORT,BEAUFORT - BLCK,BLCK,BLCK BLOUNTS CREEK,150588840.91832572,BEAUFORT - BLCK,BLCK,BLOUNTS CREEK,150352943.5228518,150322516.03822812,0.9982314434557469,0.9997976262791354,0.9980297848484608,1,1,True,True
BEAUFORT,BEAUFORT - CHOCO,CHOCO,CHOCO CHOCOWINITY,226017915.0519236,BEAUFORT - CHOCO,CHOCO,CHOCOWINITY,225436476.42674616,225213656.01708356,0.996441613778026,0.9990116044519751,0.99546023644943,1,1,True,True
BEAUFORT,BEAUFORT - EDWAR,EDWAR,EDWAR EDWARD,158463056.82506618,BEAUFORT - EDWAR,EDWAR,EDWARD,158369747.46653393,158339300.57262322,0.9992190214241571,0.9998077480428064,0.9990270696102026,1,1,True,True
BEAUFORT,BEAUFORT - GILEA,GILEA,GILEA GILEAD,74512321.3864223,BEAUFORT - GILEA,GILEA,GILEAD,74521771.87944916,74502443.35751288,0.999867430933225,0.9997406325500747,0.9996081322380275,1,1,True,True
BEAUFORT,BEAUFORT - HB,HB,HB HUNTERS BRIDGE,147225779.78311008,BEAUFORT - HB,HB,HUNTERS BRIDGE,147191243.74966648,147155787.54229796,0.9995245924938198,0.9997591146968713,0.9992839361460507,1,1,True,True
BEAUFORT,BEAUFORT - NCRK,NCRK,NCRK NORTH CREEK,233298162.93949762,BEAUFORT - NCRK,NCRK,NORTH CREEK,233330968.36372364,233261721.87376526,0.999843800460007,0.9997032263207752,0.999547119471613,1,1,True,True
BEAUFORT,BEAUFORT - OLDF,OLDF,OLDF OLD FORD,106903776.19315134,BEAUFORT - OLDF,OLDF,OLD FORD,107919133.41996929,106802897.54248756,0.999056360268495,0.9896567379471268,0.9887325088674344,1,1,True,True
BEAUFORT,BEAUFORT - PANTE,PANTE,PANTE PANTEGO,218500290.86074045,BEAUFORT - PANTE,PANTE,PANTEGO,218542610.2648,218401676.61505044,0.9995486768218864,0.9993551204976512,0.998904379098791,1,1,True,True
BEAUFORT,BEAUFORT - PINET,PINET,PINET PINETOWN,204685753.5840504,BEAUFORT - PINET,PINET,PINETOWN,216572288.23681414,204666074.9889766,0.9999038594785948,0.945024299531718,0.9449384387733647,1,1,True,True
BEAUFORT,BEAUFORT - PSJW3,PSJW3,PSJW3 P S JONES WASH W3,8134908.335226687,BEAUFORT - PSJW3,PSJW3,P S JONES WASH W3,8141203.5876117805,8131948.690179104,0.9996361796684584,0.9988632028012714,0.9985002090292987,1,1,True,True
BEAUFORT,BEAUFORT - RVRD,RVRD,RVRD RIVER ROAD,18251406.91135065,BEAUFORT - RVRD,RVRD,RIVER ROAD,18260846.397455156,18246629.02767668,0.9997382183358698,0.9992214287624446,0.9989600545177054,1,1,True,True
BEAUFORT,BEAUFORT - SURBA,SURBA,SURBA SURRY BATH,138248609.7424009,BEAUFORT - SURBA,SURBA,SURRY BATH,138249616.45433542,138234297.48153797,0.9998964744680644,0.999889193379408,0.9997856907876426,1,1,True,True
BEAUFORT,BEAUFORT - TCRK,TCRK,TCRK TRANTERS CREEK,116210628.65963806,BEAUFORT - TCRK,TCRK,TRANTERS CREEK,116221564.11646885,115921630.36882912,0.9975131509557927,0.9974192934855087,0.9949452476558308,1,1,True,True
BEAUFORT,BEAUFORT - WASH1,WASH1,WASH1 WASHINGTON WARD 1,3192409.585196145,BEAUFORT - WASH1,WASH1,WASHINGTON WARD 1,3193846.8140664706,3188638.5726265013,0.9988187566573129,0.9983692889035783,0.9971918926849808,1,1,True,True
BEAUFORT,BEAUFORT - WASH2,WASH2,WASH2 WASHINGTON WARD 2,8761556.586559527,BEAUFORT - WASH2,WASH2,WASHINGTON WARD 2,8772388.186794614,8744737.803200169,0.9980803886623116,0.9968480209715219,0.9949404801701891,1,1,True,True
BEAUFORT,BEAUFORT - WASH4,WASH4,WASH4 WASHINGTON WARD 4,8597990.432158412,BEAUFORT - WASH4,WASH4,WASHINGTON WARD 4,8597991.96981201,8593664.91811428,0.999496915694631,0.9994967369459146,0.9989941587533707,1,1,True,True
BEAUFORT,BEAUFORT - WASHP,WASHP,WASHP WASHINGTON PARK,10622735.093517873,BEAUFORT - WASHP,WASHP,WASHINGTON PARK,10621304.425682327,10616378.614604095,0.9994016156048495,0.9995362329445787,0.9989384032767615,1,1,True,True
BEAUFORT,BEAUFORT - WDPD,WDPD,WDPD WOODARDS POND,73384327.57869008,BEAUFORT - WDPD,WDPD,WOODARDS POND,73375872.08430351,73363917.98147786,0.9997218807082433,0.9998370840102326,0.999559055318656,1,1,True,True
BERTIE,BERTIE - C1,C1,C1 COLERAIN 1,123108094.39760806,BERTIE - C1,C1,COLERAIN 1,123090680.93419805,122975230.58597754,0.998920754867658,0.9990620707648679,0.9979848481038,1,1,True,True
BERTIE,BERTIE - C2,C2,C2 COLERAIN 2,107361516.3245842,BERTIE - C2,C2,COLERAIN 2,107180222.08813919,107078524.2385919,0.9973641198850365,0.9990511509720174,0.9964202640085168,1,1,True,True
BERTIE,BERTIE - IW,IW,IW INDIAN WOODS,99576948.89718224,BERTIE - IW,IW,INDIAN WOODS,99536888.06784995,99504721.02280903,0.9992746526663737,0.9996768329243024,0.9989519541617587,1,1,True,True
BERTIE,BERTIE - M1,M1,M1 MITCHELLS 1,122455928.21124649,BERTIE - M1,M1,MITCHELLS 1,122350084.52303754,122292851.93691716,0.9986682859971628,0.9995322227496328,0.998201753517615,1,1,True,True
BERTIE,BERTIE - M2,M2,M2 MITCHELLS 2,49912565.611144416,BERTIE - M2,M2,MITCHELLS 2,49866365.406668544,49861138.57181672,0.9989696574660507,0.9998951831598474,0.9988650564978245,1,1,True,True
BERTIE,BERTIE - MH,MH,MH MERRY HILL,232455738.59425303,BERTIE - MH,MH,MERRY HILL,232565402.26869988,232268157.65924582,0.9991930466585097,0.9987218880944697,0.9979169953579629,1,1,True,True
BERTIE,BERTIE - RX,RX,RX ROXOBEL,152464524.70253792,BERTIE - RX,RX,ROXOBEL,152643874.1190447,152271057.12796414,0.9987310649808456,0.9975576026667812,0.9962948546514927,1,1,True,True
BERTIE,BERTIE - SN,SN,SN SNAKEBITE,176870433.7954697,BERTIE - SN,SN,SNAKEBITE,176870371.52184746,176852475.09923363,0.9998984641138109,0.9998988161642911,0.9997973008236006,1,1,True,True
BERTIE,BERTIE - W1,W1,W1 WINDSOR 1,340022920.0023214,BERTIE - W1,W1,WINDSOR 1,339610921.6962004,339445940.4251481,0.9983031156335892,0.999514205049036,0.9978189675604325,1,1,True,True
BERTIE,BERTIE - W2,W2,W2 WINDSOR 2,58865141.32667518,BERTIE - W2,W2,WINDSOR 2,59086425.82232188,58832254.25828716,0.9994413150525622,0.995698308697855,0.9951444186614044,1,1,True,True
BERTIE,BERTIE - WD,WD,WD WOODVILLE,266457752.3401639,BERTIE - WD,WD,WOODVILLE,266899860.80835733,265949012.5054396,0.9980907298427001,0.9964374342495426,0.9945417307665803,1,1,True,True
BERTIE,BERTIE - WH,WH,WH WHITES,190274333.00737673,BERTIE - WH,WH,WHITES,190279308.8593836,190197208.1592536,0.9995946649928861,0.9995685253398167,0.9991635399699816,1,1,True,True
BLADEN,BLADEN - P10,P10,P10 ABBOTTS,72982885.54533544,BLADEN - P10,P10,ABBOTTS,72852555.72912955,72843262.99625273,0.9980869138286402,0.9998724446550459,0.9979598460345719,1,1,True,True
BLADEN,BLADEN - P15,P15,P15 BETHEL,112124536.60336825,BLADEN - P15,P15,BETHEL,112860222.11065471,112018685.60161377,0.9990559514896465,0.992543550833917,0.9916135217885046,1,1,True,True
BLADEN,BLADEN - P201,P201,P201 BLADENBORO 1,79441231.16794477,BLADEN - P201,P201,BLADENBORO 1,80452123.6901908,78685121.63296807,0.9904821523551387,0.9780366014447648,0.9689303474291385,1,1,True,True
BLADEN,BLADEN - P202,P202,P202 BLADENBORO 2,87558957.61012246,BLADEN - P202,P202,BLADENBORO 2,87766549.62960619,87505087.93193445,0.9993847610837502,0.9970209413634789,0.9964093615318033,1,1,True,True
BLADEN,BLADEN - P25,P25,P25 BROWN MARSH,82246622.25845642,BLADEN - P25,P25,BROWN MARSH,81978336.02900852,81759034.20134917,0.9940716342663285,0.9973248807150495,0.9914280972098435,1,1,True,True
BLADEN,BLADEN - P30,P30,P30 CARVERS CREEK,193554675.07798493,BLADEN - P30,P30,CARVERS CREEK,192592725.20336902,192019432.49113232,0.9920681709897524,0.9970232898899409,0.9891384259409348,1,1,True,True
BLADEN,BLADEN - P35,P35,P35 CENTRAL,87329005.56150798,BLADEN - P35,P35,CENTRAL,87329046.94091772,87317425.13474353,0.9998673931222507,0.9998669193517931,0.9997343477641742,1,1,True,True
BLADEN,BLADEN - P40,P40,P40 COLLY,251384600.48116174,BLADEN - P40,P40,COLLY,251384713.8881224,251361238.60665062,0.9999070672011475,0.9999066161139685,0.999813700670351,1,1,True,True
BLADEN,BLADEN - P45,P45,P45 CYPRESS CREEK,116990073.22724487,BLADEN - P45,P45,CYPRESS CREEK,116823010.93944249,116757052.9416553,0.9980082046351322,0.999435402347048,0.9974458532358574,1,1,True,True
BLADEN,BLADEN - P501,P501,P501 ELIZABETHTOWN 1,87355863.48648246,BLADEN - P501,P501,ELIZABETHTOWN 1,87365548.30712306,87336815.61107707,0.9997819508085072,0.999671120978432,0.999453215171338,1,1,True,True
BLADEN,BLADEN - P502,P502,P502 ELIZABETHTOWN 2,72549718.63833489,BLADEN - P502,P502,ELIZABETHTOWN 2,72540136.43984437,72517730.39759925,0.9995590852544157,0.9996911221381048,0.9992504796680522,1,1,True,True
BLADEN,BLADEN - P55,P55,P55 FRENCHES CREEK,205216322.93197918,BLADEN - P55,P55,FRENCHES CREEK,205125564.32144752,204980220.4176687,0.9988494944703363,0.999291439347116,0.9981425627091626,1,1,True,True
BLADEN,BLADEN - P60,P60,P60 HOLLOW,118768126.26880221,BLADEN - P60,P60,HOLLOW,119880996.71844044,118484822.68650518,0.9976146497280268,0.9883536668016333,0.9860234894221578,1,1,True,True
BLADEN,BLADEN - P65,P65,P65 LAKE CREEK,202535662.49702474,BLADEN - P65,P65,LAKE CREEK,202389275.33073223,202196930.50032935,0.998327543937106,0.9990496293339232,0.9973803480135798,1,1,True,True
BLADEN,BLADEN - P70,P70,P70 TURNBULL,126812433.06204437,BLADEN - P70,P70,TURNBULL,126768137.57563034,126682266.04394999,0.9989735468758754,0.9993226095032822,0.9982975458146083,1,1,True,True
BLADEN,BLADEN - P75,P75,P75 WHITES CREEK,187650064.6572475,BLADEN - P75,P75,WHITES CREEK,187205054.67208922,186588354.32806313,0.9943420732035256,0.9967057495049676,0.9910849338001896,1,1,True,True
BLADEN,BLADEN - P80,P80,P80 WHITE OAK,213239407.39065745,BLADEN - P80,P80,WHITE OAK,214031024.89434698,213200858.95131326,0.9998192245991682,0.9961212822139056,0.9959419063211576,1,1,True,True
BRUNSWICK,BRUNSWICK - 01,01,01 HOOD CREEK,108513896.42305578,BRUNSWICK - NB01,NB01,HOOD CREEK,108551974.68435511,108407602.54726176,0.999020458399359,0.9986700183252017,0.9976930792639253,1,1,True,True
BRUNSWICK,BRUNSWICK - 02,02,02 LELAND,87053532.25008339,BRUNSWICK - NB02,NB02,LELAND,85000719.47623235,83741123.26905961,0.9619497463755057,0.9851813465234851,0.9482296090279558,1,1,True,True
BRUNSWICK,BRUNSWICK - 03,03,03 WOODBURN,15140172.80588946,BRUNSWICK - NB05,NB05,WOODBURN,18862349.447515544,13460869.993548127,0.8890829824816735,0.7136369745986827,0.6552963619121217,1,1,True,True
BRUNSWICK,BRUNSWICK - 04A,04A,04A BELVILLE 1,141609746.2875822,BRUNSWICK - NB07,NB07,BELVILLE 1,125848132.63052997,125735117.41567212,0.8878987549368831,0.9991019714596033,0.8871907101069813,1,1,True,True
BRUNSWICK,BRUNSWICK - 04B,04B,04B BELVILLE 2,11901457.973318635,BRUNSWICK - NB04,NB04,BELVILLE 2,16196183.177044814,11901393.411987156,0.9999945753426493,0.7348270442418339,0.7348241150811327,1,1,True,True
BRUNSWICK,BRUNSWICK - 04C,04C,04C BELVILLE 3,6367983.2453796165,BRUNSWICK - NB04,NB04,BELVILLE 2,16196183.177044814,4266517.0451822905,0.6699950173829249,0.26342731485213833,0.23317295884403644,1,2,True,False
BRUNSWICK,BRUNSWICK - 05,05,05 TOWNCREEK,279621352.20852816,BRUNSWICK - NB03,NB03,TOWN CREEK,272434692.17222095,272418343.890313,0.9742401348776704,0.9999399919232842,0.9741831784932377,1,1,True,True
BRUNSWICK,BRUNSWICK - 06,06,06 BOLIVIA,92699314.56322682,BRUNSWICK - SB01,SB01,BOLIVIA,113243083.01774448,91884727.2399678,0.9912125852591561,0.811393727470048,0.8055988428069394,1,1,True,True
BRUNSWICK,BRUNSWICK - 07,07,07 SOUTHPORT 1,219482010.47608483,BRUNSWICK - SB04,SB04,SOUTHPORT 1,316543089.35907227,219059983.46056882,0.9980771680804246,0.6920384327584451,0.6911170098657939,1,1,True,True
BRUNSWICK,BRUNSWICK - 08,08,08 SOUTHPORT 2,25060170.227431163,BRUNSWICK - SB05,SB05,SOUTHPORT 2,14060600.654946238,13875978.699861897,0.5537064821959223,0.9868695541808596,0.5496570777664146,1,1,True,True
BRUNSWICK,BRUNSWICK - 09,09,09 OAK ISLAND 1,19298964.91565805,BRUNSWICK - SB08,SB08,OAK ISLAND 1,27132887.46047872,19293050.809307568,0.9996935531840009,0.7110577831942686,0.7109028289918589,1,1,True,True
BRUNSWICK,BRUNSWICK - 10A,10A,10A MOSQUITO 1,99860234.3306809,BRUNSWICK - CB06,CB06,MOSQUITO 1,100750257.7454068,99630627.61980861,0.9977007192861979,0.9888870743296015,0.9866385556790418,1,1,True,True
BRUNSWICK,BRUNSWICK - 10B,10B,10B MOSQUITO 2,42244492.28362972,BRUNSWICK - SB03,SB03,MOSQUITO 2,44924279.84303521,41101372.91150784,0.9729403926919756,0.9149033229940567,0.8922008537869588,1,1,True,True
BRUNSWICK,BRUNSWICK - 11,11,11 SUPPLY,265360620.77228287,BRUNSWICK - CB01,CB01,SUPPLY,236987192.36964753,236967763.58765227,0.8930027481018153,0.999918017586516,0.8929373703322988,1,1,True,True
BRUNSWICK,BRUNSWICK - 12,12,12 SECESSION 1,28731844.92621666,BRUNSWICK - CB05,CB05,SECESSION 1,36282142.8323333,28675566.91896743,0.998041267193466,0.7903493200906764,0.789125290984903,1,1,True,True
BRUNSWICK,BRUNSWICK - 13,13,13 SHALLOTTE,113459573.70586124,BRUNSWICK - CB02,CB02,SHALLOTTE,135240394.23060226,113441652.74769641,0.9998420498369641,0.8388148629193125,0.8387037247164935,1,1,True,True
BRUNSWICK,BRUNSWICK - 14,14,14 FRYING PAN,28497318.41087757,BRUNSWICK - CB03,CB03,FRYING PAN,18662435.129100185,18660196.10693823,0.6548053342385907,0.9998800251871492,0.6547538905044705,1,1,True,True
BRUNSWICK,BRUNSWICK - 15,15,15 GRISSETTOWN,122163633.87328263,BRUNSWICK - WB06,WB06,GRISSETTOWN,114336600.0929223,114279611.35563098,0.935463425017059,0.9995015704748522,0.9350272393862281,1,1,True,True
BRUNSWICK,BRUNSWICK - 16,16,16 SHINGLETREE 1,81859868.03711942,BRUNSWICK - WB05,WB05,SHINGLETREE 1,66667311.74901449,66568607.15157538,0.8132019846573634,0.9985194453646082,0.8122226267701759,1,1,True,True
BRUNSWICK,BRUNSWICK - 17,17,17 LONGWOOD,146345134.18995288,BRUNSWICK - WB03,WB03,LONGWOOD,76686150.50051624,76674194.82730082,0.5239271893234204,0.9998440960572752,0.5238843905613647,1,1,True,True
BRUNSWICK,BRUNSWICK - 18,18,18 WACCAMAW,331306499.2290211,BRUNSWICK - WB01,WB01,WACCAMAW,331522467.95961225,330820142.15762687,0.9985320026243796,0.997881513713662,0.996419725068246,1,1,True,True
BRUNSWICK,BRUNSWICK - 19,19,19 SHINGLETREE 2,14414328.406068495,BRUNSWICK - WB04,WB04,SHINGLETREE 2,29777397.237187427,14413619.66712265,0.9999508309422488,0.48404565222114976,0.48403413160914144,1,2,True,False
BRUNSWICK,BRUNSWICK - 20,20,20 SECESSION 2,102131335.44006914,BRUNSWICK - CB04,CB04,SECESSION 2,102161680.75992817,102100405.78144793,0.9996971579928144,0.9994002156383446,0.999097736747072,1,1,True,True
BRUNSWICK,BRUNSWICK - 21,21,21 BOILING SPRING LAKES,83364019.34870617,BRUNSWICK - SB02,SB02,BOILING SPRING LAKES,83959734.49491493,82641758.37981974,0.9913360587153882,0.9843022834335544,0.975907073601569,1,1,True,True
BRUNSWICK,BRUNSWICK - 22,22,22 OAK ISLAND 2,241534700.9829799,BRUNSWICK - SB07,SB07,OAK ISLAND 2,143224116.56425983,143216439.86413506,0.5929435368138967,0.9999464007856433,0.592924691881729,1,1,True,True
BRUNSWICK,BRUNSWICK - 23,23,23 OAK ISLAND 3,11003655.91985902,BRUNSWICK - SB06,SB06,OAK ISLAND 3,11878474.236469654,10948278.18340399,0.9949673329611218,0.9216906115593745,0.9174136069597019,1,1,True,True
BUNCOMBE,BUNCOMBE - 01.1,01.1,01 1 STEPHENS LEE COMMUNITY CENTER,2489736.4473053226,BUNCOMBE - 01.1,01.1,STEPHENS LEE COMMUNITY CENTER,2490452.5274440967,2487497.013046838,0.9991005336083228,0.9988132621020919,0.997915928347522,1,1,True,True
BUNCOMBE,BUNCOMBE - 02.1,02.1,02 1 MONTFORD COMMUNITY CENTER,3425508.9353592773,BUNCOMBE - 02.1,02.1,MONTFORD COMMUNITY CENTER,3426927.186978265,3423461.874588632,0.9994024068220886,0.9989887989441968,0.9983924133685468,1,1,True,True
BUNCOMBE,BUNCOMBE - 03.1,03.1,03 1 ST MARKS LUTHERAN CHURCH,1737393.8660240264,BUNCOMBE - 03.1,03.1,ST MARKS LUTHERAN CHURCH,1737385.6695166852,1735903.0340193121,0.9991419147759938,0.9991466284525153,0.9982900065073709,1,1,True,True
BUNCOMBE,BUNCOMBE - 04.1,04.1,04 1 NORTH ASHEVILLE COMMUNITY CENTER,1332444.337611606,BUNCOMBE - 04.1,04.1,NORTH ASHEVILLE COMMUNITY CENTER,1332464.1598490386,1329641.08521534,0.9978961579728793,0.9978813128947359,0.9957863668517873,1,1,True,True
BUNCOMBE,BUNCOMBE - 05.1,05.1,05 1 ST EUGENES CHURCH,5524787.294511151,BUNCOMBE - 05.1,05.1,ST EUGENES CHURCH,5509647.525055451,5498988.649844835,0.9953303822769889,0.9980654161337644,0.9934138064468315,1,1,True,True
BUNCOMBE,BUNCOMBE - 06.1,06.1,06 1 TRINITY PRESBYTERIAN CHURCH,2839921.941935453,BUNCOMBE - 06.1,06.1,TRINITY PRESBYTERIAN CHURCH,2857685.6809538775,2836812.4002479147,0.9989050608604336,0.9926957394771998,0.9916167287320351,1,1,True,True
BUNCOMBE,BUNCOMBE - 07.1,07.1,07 1 KENILWORTH PRESBYTERIAN CHURCH,3229588.8623619163,BUNCOMBE - 07.1,07.1,KENILWORTH PRESBYTERIAN CHURCH,3201028.908767696,3191497.1018159897,0.9882053839763155,0.9970222677697167,0.9852973777887305,1,1,True,True
BUNCOMBE,BUNCOMBE - 08.2,08.2,08 2 SHILOH COMMUNITY CENTER,6074427.954642704,BUNCOMBE - 08.2,08.2,SHILOH COMMUNITY CENTER,4910394.533825165,4856212.267290641,0.7994517843575745,0.9889658017983504,0.7923839324142602,1,1,True,True
BUNCOMBE,BUNCOMBE - 08.3,08.3,08 3 FAITH TABERNACLE CHRISTIAN CENTER,6351873.83122916,BUNCOMBE - 08.3,08.3,FAITH TABERNACLE CHRISTIAN CENTER,7478158.867963914,6249086.475055916,0.983817790009007,0.8356450545369815,0.8243148401659016,1,1,True,True
BUNCOMBE,BUNCOMBE - 09.1,09.1,09 1 MURPHY OAKLEY COMMUNITY CENTER,6955471.226420295,BUNCOMBE - 09.1,09.1,MURPHY OAKLEY COMMUNITY CENTER,6951797.649723705,6945961.599786298,0.9986327847065379,0.9991604977257014,0.997795575462741,1,1,True,True
BUNCOMBE,BUNCOMBE - 10.1,10.1,10 1 W C REID RECREATION CENTER,3786801.4362901817,BUNCOMBE - 10.1,10.1,W C REID RECREATION CENTER,3785821.7328379224,3783697.759738977,0.9991803962781198,0.9994389664255656,0.9986202817196677,1,1,True,True
BUNCOMBE,BUNCOMBE - 11.1,11.1,11 1 ASHEVILLE SENIOR OPPORTUNITY CENTER,1728302.9175375411,BUNCOMBE - 11.1,11.1,ASHEVILLE SENIOR OPPORTUNITY CENTER,1728084.3980908587,1726314.3728655458,0.9988494235288171,0.9989757298733393,0.9978275078440877,1,1,True,True
BUNCOMBE,BUNCOMBE - 12.1,12.1,12 1 HALL FLETCHER SCHOOL,2343316.922717471,BUNCOMBE - 12.1,12.1,HALL FLETCHER SCHOOL,2340674.4025148847,2339182.450271763,0.9982356324039543,0.9993625972747346,0.9976004762055821,1,1,True,True
BUNCOMBE,BUNCOMBE - 13.1,13.1,13 1 WEST ASHEVILLE CHURCH OF GOD,2586876.288539843,BUNCOMBE - 13.1,13.1,WEST ASHEVILLE CHURCH OF GOD,2497679.710082955,2495709.6578518883,0.9647580245364522,0.9992112470533696,0.9640238659775816,1,1,True,True
BUNCOMBE,BUNCOMBE - 14.2,14.2,14 2 ASHEVILLE PRE SCHOOL,4501474.888028264,BUNCOMBE - 14.2,14.2,ASHEVILLE PRE SCHOOL,4501115.676068118,4497808.05233745,0.9991854146069845,0.9992651546930345,0.998451765561761,1,1,True,True
BUNCOMBE,BUNCOMBE - 14.3,14.3,14 3 ELIADA HOME PAUL AMOS REC CENTER,2065270.0494399278,BUNCOMBE - 14.3,14.3,ELIADA HOME PAUL AMOS REC CENTER,2068921.6802239663,2062155.0863616343,0.998491740545437,0.9967294103363065,0.9952309931522847,1,1,True,True
BUNCOMBE,BUNCOMBE - 15.1,15.1,15 1 VANCE ELEMENTARY SCHOOL,1713527.3497666907,BUNCOMBE - 15.1,15.1,VANCE ELEMENTARY SCHOOL,1713492.1604168701,1712010.0372283715,0.9991145092965538,0.9991350277388266,0.9982510675456217,1,1,True,True
BUNCOMBE,BUNCOMBE - 16.2,16.2,16 2 WEST ASHEVILLE LIBRARY,3898429.992669824,BUNCOMBE - 16.2,16.2,WEST ASHEVILLE LIBRARY,3898456.8197622322,3895084.851048991,0.9991419259478501,0.9991350503881055,0.9982784594398807,1,1,True,True
BUNCOMBE,BUNCOMBE - 17.1,17.1,17 1 BETH ISRAEL SYNAGOGUE,2567935.2096712408,BUNCOMBE - 17.1,17.1,BETH ISRAEL SYNAGOGUE,2568183.226419071,2565014.0534061277,0.9988624493896452,0.9987659864061326,0.9976312399764578,1,1,True,True
BUNCOMBE,BUNCOMBE - 18.2,18.2,18 2 TC ROBERSON HIGH SCHOOL,6533895.021931248,BUNCOMBE - 18.2,18.2,TC ROBERSON HIGH SCHOOL,6493722.341626601,6462041.151718689,0.9890029040914525,0.9951212589265133,0.9842306209264962,1,1,True,True
BUNCOMBE,BUNCOMBE - 19.1,19.1,19 1 SKYLAND FIRE DEPARTMENT,1856489.4927309402,BUNCOMBE - 19.1,19.1,SKYLAND FIRE DEPARTMENT,1856812.1779163955,1854701.1905077468,0.9990367291437977,0.9988631120402186,0.9979020291485401,1,1,True,True
BUNCOMBE,BUNCOMBE - 20.1,20.1,20 1 ASHEVILLE APOSTOLIC CHURCH,2179828.9661076637,BUNCOMBE - 20.1,20.1,ASHEVILLE APOSTOLIC CHURCH,2180355.2011700827,2153461.347789337,0.9879038132219111,0.9876653797664191,0.9758639955916983,1,1,True,True
BUNCOMBE,BUNCOMBE - 21.1,21.1,21 1 HAW CREEK ELEMENTARY SCHOOL,4098804.3664038233,BUNCOMBE - 21.1,21.1,HAW CREEK ELEMENTARY SCHOOL,4491822.140461027,4094811.85539462,0.999025932771535,0.9116148697228562,0.9108053095684289,1,1,True,True
BUNCOMBE,BUNCOMBE - 22.2,22.2,22 2 IRA B JONES SCHOOL AUDITORIUM,5884070.6604743255,BUNCOMBE - 22.2,22.2,IRA B JONES SCHOOL AUDITORIUM,5880501.643931642,5875476.461687655,0.99853941271569,0.9991454500741153,0.9976873561928019,1,1,True,True
BUNCOMBE,BUNCOMBE - 23.2,23.2,23 2 ASHEVILLE APOSTOLIC CHURCH,7025305.810152144,BUNCOMBE - 23.2,23.2,ASHEVILLE APOSTOLIC CHURCH,6860710.218285505,6828953.052405732,0.9720506461850149,0.9953711547537554,0.9676763655927515,1,1,True,True
BUNCOMBE,BUNCOMBE - 23.3,23.3,23 3 EVERGREEN CHARTER SCHOOL,3820680.7433459805,BUNCOMBE - 23.3,23.3,EVERGREEN CHARTER SCHOOL,3606547.0905398247,3547775.762407569,0.9285716344099944,0.983704267085153,0.9145043416029923,1,1,True,True
BUNCOMBE,BUNCOMBE - 24.1,24.1,24 1 CROSSROADS ASSEMBLY,10008606.408189312,BUNCOMBE - 24.1,24.1,CROSSROADS ASSEMBLY,9682675.089348467,9675927.370942436,0.9667607033707841,0.9993031142381867,0.9661093605515584,1,1,True,True
BUNCOMBE,BUNCOMBE - 25.1,25.1,25 1 CHARLES C BELL SCHOOL,4769547.9920137,BUNCOMBE - 25.1,25.1,CHARLES C BELL SCHOOL,4765308.87860907,4753262.313180557,0.9965854880042276,0.997472028417174,0.9940747288542988,1,1,True,True
BUNCOMBE,BUNCOMBE - 26.1,26.1,26 1 ASHEVILLE SCHOOL ATHLETIC CENTER,2435837.9470416554,BUNCOMBE - 26.1,26.1,ASHEVILLE SCHOOL ATHLETIC CENTER,2431899.9126406945,2429037.210122702,0.9972080503437378,0.9988228534804774,0.9960374638688475,1,1,True,True
BUNCOMBE,BUNCOMBE - 27.2,27.2,27 2 BEAVERDAM COMMUNITY CENTER,12370794.553106407,BUNCOMBE - 27.2,27.2,BEAVERDAM COMMUNITY CENTER,12374117.147031972,12362090.136258788,0.9992963736637731,0.9990280510011117,0.9983257912977382,1,1,True,True
BUNCOMBE,BUNCOMBE - 28.1,28.1,28 1 COVENANT REFORMED PRESBYTERIAN,2371724.116559966,BUNCOMBE - 28.1,28.1,COVENANT REFORMED PRESBYTERIAN,2368371.403096898,2363963.2682946385,0.9967277609519846,0.9981387485102652,0.9948786591905351,1,1,True,True
BUNCOMBE,BUNCOMBE - 29.2,29.2,29 2 NEW HOPE PRESBYTERIAN,3770023.6279743556,BUNCOMBE - 29.2,29.2,NEW HOPE PRESBYTERIAN,3789401.17305627,3765651.9841196146,0.9988404200381391,0.9937327329960419,0.9925876339600395,1,1,True,True
BUNCOMBE,BUNCOMBE - 30.2,30.2,30 2 AVERYS CREEK ELEMENTARY SCHOOL,22309845.176991075,BUNCOMBE - 30.2,30.2,AVERYS CREEK ELEMENTARY SCHOOL,22289960.34156085,22258701.62365964,0.9977075791909045,0.9985976324128792,0.9963116293796257,1,1,True,True
BUNCOMBE,BUNCOMBE - 30.3,30.3,30 3 AVERYS CREEK COMMUNITY CENTER,14816717.028813254,BUNCOMBE - 30.3,30.3,AVERYS CREEK COMMUNITY CENTER,15067847.184439287,14806149.79459036,0.9992868032640196,0.9826320650424976,0.9819434181531153,1,1,True,True
BUNCOMBE,BUNCOMBE - 31.1,31.1,31 1 BILTMORE FOREST TOWN HALL,8438634.818194292,BUNCOMBE - 31.1,31.1,BILTMORE FOREST TOWN HALL,8472823.720269019,8418397.093647042,0.997601777422147,0.9935763296370991,0.9912087824096932,1,1,True,True
BUNCOMBE,BUNCOMBE - 32.1,32.1,32 1 BLACK MOUNTAIN 1 OWEN MIDDLE SCHOOL,65157247.54379075,BUNCOMBE - 32.1,32.1,BLACK MOUNTAIN 1 OWEN MIDDLE SCHOOL,65176718.10541325,65099873.02723329,0.9991194453614864,0.99882097349462,0.9979424931145249,1,1,True,True
BUNCOMBE,BUNCOMBE - 33.2,33.2,33 2 BLACK MOUNTAIN PRIMARY SCHOOL,6037638.468046341,BUNCOMBE - 33.2,33.2,BLACK MOUNTAIN PRIMARY SCHOOL,6025847.258747966,6020477.28343017,0.9971576329541766,0.9991088431074983,0.9962715326074536,1,1,True,True
BUNCOMBE,BUNCOMBE - 33.3,33.3,33 3 BLACK MOUNTAIN ELEMENTARY SCHOOL,3505695.0792173245,BUNCOMBE - 33.3,33.3,BLACK MOUNTAIN ELEMENTARY SCHOOL,3502648.0612382833,3498827.079654016,0.9980409021868377,0.9989091163264298,0.9969542862997659,1,1,True,True
BUNCOMBE,BUNCOMBE - 34.1,34.1,34 1 BLACK MOUNTAIN 3 LAKE TOMAHAWK,1652292.4110309933,BUNCOMBE - 34.1,34.1,BLACK MOUNTAIN 3 LAKE TOMAHAWK,1652109.0281032224,1650744.1565610077,0.9990629658166743,0.9991738610957283,0.9982383737894787,1,1,True,True
BUNCOMBE,BUNCOMBE - 35.1,35.1,35 1 BLACK MOUNTAIN 4 CARVER COMMUNITY CENTER,5136812.443067635,BUNCOMBE - 35.1,35.1,BLACK MOUNTAIN 4 CARVER COMMUNITY CENTER,5148184.836407256,5116995.993795769,0.9961422673123662,0.9939417787817322,0.9901305574314209,1,1,True,True
BUNCOMBE,BUNCOMBE - 36.1,36.1,36 1 BLACK MOUNTAIN 5 MONTREAT CTR WALKUP BLDG,65412601.32318238,BUNCOMBE - 36.1,36.1,BLACK MOUNTAIN 5 MONTREAT CTR WALKUP BLDG,65419038.180117264,65291862.94075166,0.9981542030130526,0.998055990382869,0.996217356317049,1,1,True,True
BUNCOMBE,BUNCOMBE - 37.1,37.1,37 1 BROAD RIVER COMMUNITY CENTER,110933988.58009517,BUNCOMBE - 37.1,37.1,BROAD RIVER COMMUNITY CENTER,111269466.08096585,110786157.7716541,0.9986673984201484,0.9956564156696854,0.9943353578360522,1,1,True,True
BUNCOMBE,BUNCOMBE - 38.2,38.2,38 2 CANE CREEK MIDDLE SCHOOL,30280591.809015695,BUNCOMBE - 38.2,38.2,CANE CREEK MIDDLE SCHOOL,30283113.133356445,30199964.938536968,0.9973373416547717,0.9972543049172877,0.9946062288348695,1,1,True,True
BUNCOMBE,BUNCOMBE - 38.3,38.3,38 3 TRINITY OF FAIRVIEW CHURCH,27188921.300715532,BUNCOMBE - 38.3,38.3,TRINITY OF FAIRVIEW CHURCH,27186267.14322365,27172245.429771513,0.9993866666956155,0.999484235427458,0.9988715344372788,1,1,True,True
BUNCOMBE,BUNCOMBE - 39.2,39.2,39 2 FAIRVIEW VOLUNTEER FIRE DEPT,29261847.215979677,BUNCOMBE - 39.2,39.2,FAIRVIEW VOLUNTEER FIRE DEPT,29304327.50008815,29211873.729735736,0.9982921964606305,0.9968450471913359,0.9951479935883102,1,1,True,True
BUNCOMBE,BUNCOMBE - 39.3,39.3,39 3 FAIRVIEW COMMUNITY CENTER,37792004.1682681,BUNCOMBE - 39.3,39.3,FAIRVIEW COMMUNITY CENTER,37786040.83058778,37766640.878596224,0.9993288715369805,0.9994865841573999,0.9988161444224322,1,1,True,True
BUNCOMBE,BUNCOMBE - 40.2,40.2,40 2 FLAT CREEK NORTH BUNCOMBE ELEMENTARY,30122489.426453333,BUNCOMBE - 40.2,40.2,FLAT CREEK NORTH BUNCOMBE ELEMENTARY,30159349.76334412,30107818.701761223,0.9995129644006373,0.9982913735877181,0.9978060004863702,1,1,True,True
BUNCOMBE,BUNCOMBE - 41.1,41.1,41 1 FRENCH BROAD FIRE DEPT,49804353.424737185,BUNCOMBE - 41.1,41.1,FRENCH BROAD FIRE DEPT,49847254.60462009,49785717.20233351,0.9996258113774765,0.9987654806112255,0.9983922151322159,1,1,True,True
BUNCOMBE,BUNCOMBE - 42.1,42.1,42 1 HAZEL 1 EMMA ELEMENTARY SCHOOL,8329307.4378171675,BUNCOMBE - 42.1,42.1,HAZEL 1 EMMA ELEMENTARY SCHOOL,8313092.304924764,8306566.581869573,0.9972697782958106,0.9992150065443969,0.9964890637278876,1,1,True,True
BUNCOMBE,BUNCOMBE - 43.2,43.2,43 2 HAZEL 2 JOHNSTON SCHOOL,6598299.962944339,BUNCOMBE - 43.2,43.2,HAZEL 2 JOHNSTON SCHOOL,6620636.391802637,6595193.428219082,0.9995291916489545,0.9961570214586838,0.9956898239219896,1,1,True,True
BUNCOMBE,BUNCOMBE - 44.1,44.1,44 1 LOWER HOMINY 1 OAK FOREST PRESBYTERIAN,36820702.74935434,BUNCOMBE - 44.1,44.1,LOWER HOMINY 1 OAK FOREST PRESBYTERIAN,37142270.420113795,36810075.15491848,0.999711369049412,0.99105614004104,0.9907726482198798,1,1,True,True
BUNCOMBE,BUNCOMBE - 45.1,45.1,45 1 ENKA MIDDLE SCHOOL,17916673.872121718,BUNCOMBE - 45.1,45.1,ENKA MIDDLE SCHOOL,17902399.729302235,17883359.399585754,0.9981405883271782,0.9989364370137866,0.9970809747711593,1,1,True,True
BUNCOMBE,BUNCOMBE - 46.1,46.1,46 1 LOWER HOMINY 3 ARBORETUM MAIN BLDG ROOM 1,38916616.24961603,BUNCOMBE - 46.1,46.1,LOWER HOMINY 3 ARBORETUM MAIN BLDG ROOM 1,38895801.95561168,38869192.07272408,0.9987813900214818,0.9993158674831292,0.9980989233011246,1,1,True,True
BUNCOMBE,BUNCOMBE - 47.1,47.1,47 1 UPPER HOMINY 1 PISGAH ELEMENTARY,98485452.25801657,BUNCOMBE - 47.1,47.1,UPPER HOMINY 1 PISGAH ELEMENTARY,98429303.2090282,98276837.59594439,0.9978817718019343,0.9984510139956998,0.9963393359982735,1,1,True,True
BUNCOMBE,BUNCOMBE - 48.1,48.1,48 1 HOMINY VALLEY ELEMENTARY,21714307.241903715,BUNCOMBE - 48.1,48.1,HOMINY VALLEY ELEMENTARY,21717632.066941556,21702334.37059781,0.9994486183154487,0.9992956093787484,0.9987450039829464,1,1,True,True
BUNCOMBE,BUNCOMBE - 49.1,49.1,49 1 UPPER HOMINY 3 POLE CREEK BAPTIST,38421674.73413935,BUNCOMBE - 49.1,49.1,UPPER HOMINY 3 POLE CREEK BAPTIST,38375565.280192025,38336082.12570356,0.9977722832482432,0.9989711381656482,0.9967479979857488,1,1,True,True
BUNCOMBE,BUNCOMBE - 50.1,50.1,50 1 IVY 1 BARNARDSVILLE SCHOOL,129694304.02327795,BUNCOMBE - 50.1,50.1,IVY 1 BARNARDSVILLE SCHOOL,129752907.79394946,129592289.93649633,0.9992134266223186,0.9987621251794357,0.9979774971912425,1,1,True,True
BUNCOMBE,BUNCOMBE - 51.2,51.2,51 2 NORTH WINDY RIDGE SCHOOL,52861935.48810465,BUNCOMBE - 51.2,51.2,NORTH WINDY RIDGE SCHOOL,52809612.060620606,52774297.82216613,0.9983421404243089,0.9993312914623584,0.9976756465595364,1,1,True,True
BUNCOMBE,BUNCOMBE - 52.1,52.1,52 1 LEICESTER 1 LEICESTER SCHOOL,58278213.030062445,BUNCOMBE - 52.1,52.1,LEICESTER 1 LEICESTER SCHOOL,58338945.15918743,58247194.621048294,0.9994677529148303,0.998427284931382,0.9978967102316273,1,1,True,True
BUNCOMBE,BUNCOMBE - 53.1,53.1,53 1 LEICESTER 2 COMMUNITY CENTER,80824983.0118509,BUNCOMBE - 53.1,53.1,LEICESTER 2 COMMUNITY CENTER,80788802.34782243,80741929.35604893,0.998972425941744,0.9994198083099227,0.9983934256737023,1,1,True,True
BUNCOMBE,BUNCOMBE - 54.2,54.2,54 2 LUTHERAN CHURCH OF THE NATIVITY,41612027.87546367,BUNCOMBE - 54.2,54.2,LUTHERAN CHURCH OF THE NATIVITY,41725248.04331949,41456234.9943099,0.9962560613094842,0.9935527513526031,0.9898568440328541,1,1,True,True
BUNCOMBE,BUNCOMBE - 55.1,55.1,55 1 LIMESTONE 2 GLEN ARDEN SCHOOL,8326874.4527765075,BUNCOMBE - 55.1,55.1,LIMESTONE 2 GLEN ARDEN SCHOOL,8318805.019912248,8312492.5325821955,0.998272830907218,0.9992411785929659,0.9975166274712062,1,1,True,True
BUNCOMBE,BUNCOMBE - 56.2,56.2,56 2 LIMESTONE 3 ARDEN FIRST BAPTIST,4354827.595452405,BUNCOMBE - 56.2,56.2,LIMESTONE 3 ARDEN FIRST BAPTIST,4334340.351100544,4332021.136736249,0.9947629479660752,0.9994649210314767,0.9942334573111369,1,1,True,True
BUNCOMBE,BUNCOMBE - 57.1,57.1,57 1 LIMESTONE 4 SKYLAND FIRE BISHOP SUBSTATION,28197736.154692903,BUNCOMBE - 57.1,57.1,LIMESTONE 4 SKYLAND FIRE BISHOP SUBSTATION,28219764.952597335,28182212.89235706,0.999449485510089,0.9986692993260803,0.9981202485991253,1,1,True,True
BUNCOMBE,BUNCOMBE - 58.1,58.1,58 1 NORTH BUNCOMBE MIDDLE SCHOOL,20126360.888034154,BUNCOMBE - 58.1,58.1,NORTH BUNCOMBE MIDDLE SCHOOL,20138697.528302953,20099895.156691812,0.9986850215252735,0.9980732432394593,0.9967633238514814,1,1,True,True
BUNCOMBE,BUNCOMBE - 59.1,59.1,59 1 REEMS CREEK FIRE DEPARTMENT,68859496.80869845,BUNCOMBE - 59.1,59.1,REEMS CREEK FIRE DEPARTMENT,68860101.19190973,68844745.71562338,0.9997857798305433,0.9997770047382946,0.9995628800881221,1,1,True,True
BUNCOMBE,BUNCOMBE - 60.2,60.2,60 2 REYNOLDS FIRE DEPARTMENT,8630472.431541784,BUNCOMBE - 60.2,60.2,REYNOLDS FIRE DEPARTMENT,8637249.57965494,8617626.141364494,0.9985115194702042,0.9977280454721758,0.9962463157684788,1,1,True,True
BUNCOMBE,BUNCOMBE - 60.4,60.4,60 4 COVENANT COMMUNITY CHURCH,10630285.798908947,BUNCOMBE - 60.4,60.4,COVENANT COMMUNITY CHURCH,10629626.683311671,10617762.081052132,0.9988218832406086,0.9988838175965139,0.9977083278099811,1,1,True,True
BUNCOMBE,BUNCOMBE - 61.1,61.1,61 1 RICEVILLE 1 RICEVILLE COMMUNITY CENTER,34414172.31006594,BUNCOMBE - 61.1,61.1,RICEVILLE 1 RICEVILLE COMMUNITY CENTER,34417829.751168065,34405603.87125636,0.9997510200526579,0.9996447806267829,0.9993959775110214,1,1,True,True
BUNCOMBE,BUNCOMBE - 62.1,62.1,62 1 RICEVILLE 2 GRASSY BRANCH BAPTIST,9613499.666498354,BUNCOMBE - 62.1,62.1,RICEVILLE 2 GRASSY BRANCH BAPTIST,9612149.24394513,9608469.05139705,0.9994767134471503,0.999617131147813,0.9990942451137387,1,1,True,True
BUNCOMBE,BUNCOMBE - 63.1,63.1,63 1 SANDY MUSH COMMUNITY CENTER,63114277.29878892,BUNCOMBE - 63.1,63.1,SANDY MUSH COMMUNITY CENTER,63127316.937438175,62980490.991398245,0.9978802528822865,0.9976741297878153,0.9955642213139313,1,1,True,True
BUNCOMBE,BUNCOMBE - 64.1,64.1,64 1 FIRST BAPTIST OF SWANNANOA,25456764.980269026,BUNCOMBE - 64.1,64.1,FIRST BAPTIST OF SWANNANOA,25436676.7240786,25417803.473323725,0.9984695028227075,0.9992580300107754,0.9977298014214323,1,1,True,True
BUNCOMBE,BUNCOMBE - 65.1,65.1,65 1 SWANNANOA 2 WILLIAMS ELEMENTARY,45615797.786764465,BUNCOMBE - 65.1,65.1,SWANNANOA 2 WILLIAMS ELEMENTARY,45599287.67714715,45588429.4169528,0.9994000243086922,0.9997618765391417,0.9991621864647129,1,1,True,True
BUNCOMBE,BUNCOMBE - 66.1,66.1,66 1 SWANNANOA 3 WWC KITTRIDGE THEATRE,9016587.650238914,BUNCOMBE - 66.1,66.1,SWANNANOA 3 WWC KITTRIDGE THEATRE,9016546.65796679,9012005.635974567,0.9994918239092119,0.9994963679372512,0.9989887034551838,1,1,True,True
BUNCOMBE,BUNCOMBE - 67.1,67.1,67 1 WEAVERVILLE TOWN HALL,6506661.6648288965,BUNCOMBE - 67.1,67.1,WEAVERVILLE TOWN HALL,6493736.550198409,6469367.314571098,0.9942682819272148,0.9962472706678306,0.9905583686825303,1,1,True,True
BUNCOMBE,BUNCOMBE - 68.1,68.1,68 1 WEST BUNCOMBE 1 WEST BUNCOMBE SCHOOL,42810128.71513804,BUNCOMBE - 68.1,68.1,WEST BUNCOMBE 1 WEST BUNCOMBE SCHOOL,32243372.7091208,32218417.543328688,0.7525886632509929,0.9992260373622437,0.752150214830607,1,1,True,True
BUNCOMBE,BUNCOMBE - 69.1,69.1,69 1 WEST BUNCOMBE 2 FIRE TRAIN CENTER,16986068.62167922,BUNCOMBE - 69.1,69.1,WEST BUNCOMBE 2 FIRE TRAIN CENTER,16979660.5409017,16963620.034634594,0.9986784118476965,0.9990553105447271,0.9977362165468947,1,1,True,True
BUNCOMBE,BUNCOMBE - 70.1,70.1,70 1 WOODFIN COMMUNITY CENTER,9974356.773575654,BUNCOMBE - 70.1,70.1,WOODFIN COMMUNITY CENTER,9975031.009950051,9953543.066141315,0.9979132782286794,0.9978458268663725,0.9957680763918325,1,1,True,True
BUNCOMBE,BUNCOMBE - 71.1,71.1,71 1 WOODLAND HILLS BAPTIST CHURCH,25456684.41182209,BUNCOMBE - 71.1,71.1,WOODLAND HILLS BAPTIST CHURCH,25473383.169541758,25437786.034948304,0.9992576261476922,0.9986025753094305,0.9978622740625229,1,1,True,True
BURKE,BURKE - 0001,0001,0001 DREXEL 01,20980820.051261697,BURKE - 0001,0001,DREXEL 01,20987681.565561727,20973054.864658713,0.9996298911775607,0.9993030816263663,0.998933488400113,1,1,True,True
BURKE,BURKE - 0003,0003,0003 DREXEL 03,10064361.141347928,BURKE - 0003,0003,DREXEL 03,10065149.724745644,10059822.63290994,0.999549051512138,0.9994707389376825,0.9990202675549398,1,1,True,True
BURKE,BURKE - 0011,0011,0011 ICARD 01,32392934.26443024,BURKE - 0011,0011,ICARD 01,32467144.933096025,32385096.74243602,0.9997580484086364,0.9974728855638807,0.9972321551588667,1,1,True,True
BURKE,BURKE - 0012,0012,0012 ICARD 02,50773024.54353029,BURKE - 0012,0012,ICARD 02,50659525.265371166,50605898.71640999,0.9967083736172341,0.9989414320667187,0.9956567593705954,1,1,True,True
BURKE,BURKE - 0013,0013,0013 ICARD 03,25924544.931715157,BURKE - 0013,0013,ICARD 03,25816995.59290785,25575581.566376608,0.9865392674680419,0.9906490270851825,0.9774371964424514,1,1,True,True
BURKE,BURKE - 0014,0014,0014 ICARD 04,26752545.4133039,BURKE - 0014,0014,ICARD 04,26752142.72317355,26743705.851167217,0.9996695805202788,0.999684628177502,0.9993544170404947,1,1,True,True
BURKE,BURKE - 0015,0015,0015 ICARD 05,13192965.525701357,BURKE - 0015,0015,ICARD 05,13116337.002773553,13044625.454975184,0.9887561238269599,0.9945326543696457,0.9834107066983059,1,1,True,True
BURKE,BURKE - 0018,0018,0018 JONAS RIDGE,63068143.51923027,BURKE - 0018,0018,JONAS RIDGE,63023972.60597986,62899151.3350935,0.9973204826603903,0.9980194636147941,0.9953505353641978,1,1,True,True
BURKE,BURKE - 0019,0019,0019 LINVILLE 01,81888888.19100647,BURKE - 0019,0019,LINVILLE 01,81007484.41083357,80870828.05301353,0.9875677865399968,0.9983130403466552,0.985922476928811,1,1,True,True
BURKE,BURKE - 0020,0020,0020 LINVILLE 02,40336701.95445297,BURKE - 0020,0020,LINVILLE 02,40336719.94194817,40328003.075047664,0.999784343315546,0.9997838974782023,0.9995683339815377,1,1,True,True
BURKE,BURKE - 0021,0021,0021 LOVELADY 01,9093823.072831446,BURKE - 0021,0021,LOVELADY 01,9093978.335285572,9089348.476936525,0.999507952171591,0.9994908874665905,0.9989993404029417,1,1,True,True
BURKE,BURKE - 0022,0022,0022 LOVELADY 02,26273564.540514488,BURKE - 0022,0022,LOVELADY 02,26277427.701226942,26264622.064227927,0.9996596397769792,0.9995126753978885,0.9991726467694584,1,1,True,True
BURKE,BURKE - 0024,0024,0024 LOVELADY 04,23437502.114959,BURKE - 0024,0024,LOVELADY 04,23433550.060802568,23422704.612296596,0.9993686399433769,0.9995371828648314,0.9989064068971611,1,1,True,True
BURKE,BURKE - 0029-A,0029-A,0029 A LOWER FORK A,50016462.23222517,BURKE - 0071,0071,LOWER FORK,153956580.20569345,49207737.079214595,0.9838308205555266,0.31962087631116953,0.3179506993842347,1,2,True,False
BURKE,BURKE - 0029-B,0029-B,0029 B LOWER FORK B,105079683.35279298,BURKE - 0071,0071,LOWER FORK,153956580.20569345,104679418.55650024,0.9961908450470973,0.6799281876529308,0.678165056788724,1,1,True,True
BURKE,BURKE - 0031,0031,0031 MORGANTON 01,7273401.7016828805,BURKE - 0031,0031,MORGANTON 01,7280365.429950117,7266912.825900164,0.9991078623113564,0.9981522075808708,0.997263362351436,1,1,True,True
BURKE,BURKE - 0034,0034,0034 MORGANTON 04,6183572.413328448,BURKE - 0034,0034,MORGANTON 04,6183740.116178768,6178436.856326838,0.9991694838099509,0.999142386362898,0.9983132934954928,1,1,True,True
BURKE,BURKE - 0035,0035,0035 MORGANTON 05,5023731.221303226,BURKE - 0035,0035,MORGANTON 05,5017289.975925565,5013582.453608122,0.9979798346591336,0.9992610508192206,0.9972438669630476,1,1,True,True
BURKE,BURKE - 0036,0036,0036 MORGANTON 06,29485615.36250142,BURKE - 0036,0036,MORGANTON 06,29490773.27750832,29478780.027359456,0.9997681806854655,0.9995933219506994,0.9993616911276411,1,1,True,True
BURKE,BURKE - 0038,0038,0038 MORGANTON 08,19324668.64527289,BURKE - 0038,0038,MORGANTON 08,19323875.15072127,19317038.4511966,0.9996051578313527,0.9996462045282664,0.9992516416418209,1,1,True,True
BURKE,BURKE - 0039,0039,0039 MORGANTON 09,11092606.624979729,BURKE - 0039,0039,MORGANTON 09,11092609.523860117,11088215.52026088,0.9996041413107574,0.9996038800798147,0.9992083348814578,1,1,True,True
BURKE,BURKE - 0040,0040,0040 MORGANTON 10,20832105.788996875,BURKE - 0040,0040,MORGANTON 10,20832081.764777217,20825723.06360063,0.9996936111278958,0.9996947640063828,0.9993885621189201,1,1,True,True
BURKE,BURKE - 0047-A,0047-A,0047 A QUAKER MEADOWS 1 A,38542055.155309446,BURKE - 0047-A,0047-A,QUAKER MEADOWS 1 A,38542229.905181915,38531575.440192744,0.999728096618759,0.9997235638670783,0.9994518107724719,1,1,True,True
BURKE,BURKE - 0047-B,0047-B,0047 B QUAKER MEADOWS 1 B,23757467.8882614,BURKE - 0047-B,0047-B,QUAKER MEADOWS 1 B,23756986.572817516,23749259.015253935,0.999654471888752,0.9996747248418946,0.9993294214387014,1,1,True,True
BURKE,BURKE - 0048,0048,0048 QUAKER MEADOWS 02,32556869.79683059,BURKE - 0048,0048,QUAKER MEADOWS 02,32557221.26353289,32546415.676194467,0.9996788966291489,0.9996681047423871,0.9993472144473388,1,1,True,True
BURKE,BURKE - 0051,0051,0051 SILVER CREEK 01,35843320.74946588,BURKE - 0051,0051,SILVER CREEK 01,35843343.82072218,35834202.34918733,0.9997456039203988,0.9997449604149498,0.9994906940644455,1,1,True,True
BURKE,BURKE - 0052,0052,0052 SILVER CREEK 02,40031510.623209,BURKE - 0052,0052,SILVER CREEK 02,40329644.031077534,39955234.4697436,0.9980945971741277,0.990716269128351,0.9888460474915323,1,1,True,True
BURKE,BURKE - 0053,0053,0053 SILVER CREEK 03,63593789.19858365,BURKE - 0072,0072,PILOT MOUNTAIN,99231937.61511612,63542375.79847248,0.9991915342557962,0.640341983897662,0.6400103859178449,1,1,True,True
BURKE,BURKE - 0062,0062,0062 UPPER CREEK,214931311.6121853,BURKE - 0062,0062,UPPER CREEK,214944351.48341638,214801543.29647362,0.9993962335467165,0.9993356039088388,0.9987326392273091,1,1,True,True
BURKE,BURKE - 0064,0064,0064 UPPER FORK,68809387.35458297,BURKE - 0064,0064,UPPER FORK,68638342.78274606,68549034.12964551,0.9962163124110404,0.9986988518446136,0.9949249855469104,1,1,True,True
BURKE,BURKE - 0065,0065,0065 BURKEMONT,35627448.69145273,BURKE - 0072,0072,PILOT MOUNTAIN,99231937.61511612,35619323.44664045,0.9997719386284815,0.3589501959015916,0.35892080698210616,1,2,True,False
BURKE,BURKE - 0066,0066,0066 CHESTERFIELD,81493777.86967315,BURKE - 0066,0066,CHESTERFIELD,81447227.08215523,81378835.47907485,0.9985895562384883,0.99916029550016,0.9977522177884208,1,1,True,True
BURKE,BURKE - 0070,0070,0070 SALEM,20360712.349340443,BURKE - 0070,0070,SALEM,20360721.50132546,20355042.94247433,0.9997215516447147,0.999721102277699,0.9994428091963673,1,1,True,True
CABARRUS,CABARRUS - 01-02,01-02,01 02,38774399.06960565,CABARRUS - 01-02,01-02,01 02,38694014.94936249,38642696.92811626,0.9966033737556329,0.9986737478311987,0.9952861099176263,1,1,True,True
CABARRUS,CABARRUS - 01-04,01-04,01 04,18900376.79533145,CABARRUS - 01-04,01-04,01 04,18900028.31621973,18858102.94866973,0.9977633331271915,0.9977817299080967,0.9955549640435623,1,1,True,True
CABARRUS,CABARRUS - 01-06,01-06,01 06,9069588.288452618,CABARRUS - 01-11,01-11,01 11,14105049.279397717,9036134.421405597,0.9963114238504504,0.6406311840827144,0.6391153524394001,1,1,True,True
CABARRUS,CABARRUS - 01-07,01-07,01 07,12682636.635614088,CABARRUS - 01-07,01-07,01 07,12691350.213676317,12676145.209478796,0.9994881643051207,0.9988019395933826,0.9982913292708905,1,1,True,True
CABARRUS,CABARRUS - 01-08,01-08,01 08,20182425.05617931,CABARRUS - 01-08,01-08,01 08,20170308.0197524,20123253.236712035,0.9970681511610935,0.9976671262038097,0.9947489207161077,1,1,True,True
CABARRUS,CABARRUS - 01-09,01-09,01 09,5098853.737684976,CABARRUS - 01-11,01-11,01 11,14105049.279397717,5021640.763533184,0.9848567976011705,0.35601724347521085,0.3540789666526142,1,2,True,False
CABARRUS,CABARRUS - 01-10,01-10,01 10,10951930.403182933,CABARRUS - 01-10,01-10,01 10,10938974.745531414,10921613.637982972,0.9972318336508831,0.998412912731558,0.9956535139300692,1,1,True,True
CABARRUS,CABARRUS - 02-01,02-01,02 01,10478859.566821365,CABARRUS - 02-01,02-01,02 01,10480637.570620209,10471774.769894198,0.9993238961852682,0.9991543643536672,0.9984794031445257,1,1,True,True
CABARRUS,CABARRUS - 02-02,02-02,02 02,11136272.090384286,CABARRUS - 02-02,02-02,02 02,11165869.191083757,11128724.601867637,0.9993222607659554,0.9966733813032861,0.9960001422112572,1,1,True,True
CABARRUS,CABARRUS - 02-03,02-03,02 03,25279333.762244597,CABARRUS - 02-03,02-03,02 03,25324473.839041468,25238903.422522075,0.998400656437279,0.9966210387207542,0.9950324765528817,1,1,True,True
CABARRUS,CABARRUS - 02-05,02-05,02 05,9764416.217109038,CABARRUS - 02-05,02-05,02 05,9780730.253667649,9757169.179307796,0.9992578114615246,0.99759107206223,0.9968524536537345,1,1,True,True
CABARRUS,CABARRUS - 02-06,02-06,02 06,7007213.212618222,CABARRUS - 02-06,02-06,02 06,7009429.1817091815,6997999.350875949,0.9986850889986219,0.998369363533473,0.9970587345092627,1,1,True,True
CABARRUS,CABARRUS - 02-07,02-07,02 07,7565823.785378575,CABARRUS - 02-07,02-07,02 07,7518184.118250065,7507409.067052069,0.9922791331144407,0.9985668013673887,0.9908679645026891,1,1,True,True
CABARRUS,CABARRUS - 02-08,02-08,02 08,23302240.315135997,CABARRUS - 02-08,02-08,02 08,23299731.352733828,23262216.791714437,0.9982824173607221,0.9983899144392929,0.9966778535227822,1,1,True,True
CABARRUS,CABARRUS - 02-09,02-09,02 09,20195172.40679555,CABARRUS - 02-09,02-09,02 09,20209534.894042138,20124355.619097106,0.9964933803845807,0.9957851937022982,0.9923080198464247,1,1,True,True
CABARRUS,CABARRUS - 03-00,03-00,03 00,56689177.948689274,CABARRUS - 03-00,03-00,03 00,55967481.01905074,55841521.207328804,0.985047291704817,0.9977494107394425,0.9828634305669004,1,1,True,True
CABARRUS,CABARRUS - 04-01,04-01,04 01,6957501.032103802,CABARRUS - 04-01,04-01,04 01,6989424.6043380415,6949916.593657499,0.9989098904317361,0.9943474587799371,0.9932696315184258,1,1,True,True
CABARRUS,CABARRUS - 04-02,04-02,04 02,4791080.207070618,CABARRUS - 04-12,04-12,04 12,7988628.2953401245,4787943.879494381,0.999345381951317,0.599344931630785,0.599109721745929,1,1,True,True
CABARRUS,CABARRUS - 04-03,04-03,04 03,5822889.543487861,CABARRUS - 04-03,04-03,04 03,5827263.250397462,5815566.098294361,0.9987423005126912,0.9979926851421541,0.9967400266224553,1,1,True,True
CABARRUS,CABARRUS - 04-04,04-04,04 04,2191163.1715315925,CABARRUS - 04-11,04-11,04 11,6440393.2885606075,2188688.5451239385,0.9988706334426366,0.3398377159686002,0.3397071884772172,1,2,True,False
CABARRUS,CABARRUS - 04-05,04-05,04 05,4394013.040878125,CABARRUS - 04-11,04-11,04 11,6440393.2885606075,4250083.592739804,0.9672441918584845,0.6599105679289462,0.6454853084663037,1,1,True,True
CABARRUS,CABARRUS - 04-06,04-06,04 06,3197626.044397526,CABARRUS - 04-12,04-12,04 12,7988628.2953401245,3194597.78296683,0.9990529657350015,0.39989315622937194,0.3997416255657597,1,2,True,False
CABARRUS,CABARRUS - 04-07,04-07,04 07,4221988.341240431,CABARRUS - 04-13,04-13,04 13,10566993.357881913,4221451.113675856,0.999872754844127,0.39949406332569315,0.39947375401871105,1,2,True,False
CABARRUS,CABARRUS - 04-08,04-08,04 08,12051691.358728105,CABARRUS - 04-08,04-08,04 08,12088303.196052419,12026847.272446336,0.9979385394512467,0.9949160835388252,0.992875508909752,1,1,True,True
CABARRUS,CABARRUS - 04-09,04-09,04 09,22547461.120886177,CABARRUS - 04-09,04-09,04 09,22431986.1216792,22413559.69868979,0.9940613525630009,0.999178564800751,0.9932496408621365,1,1,True,True
CABARRUS,CABARRUS - 04-10,04-10,04 10,6344979.985456046,CABARRUS - 04-13,04-13,04 13,10566993.357881913,6342385.347446928,0.9995910723099103,0.6002071859651683,0.6000598462222514,1,1,True,True
CABARRUS,CABARRUS - 05-00,05-00,05 00,59305339.40688027,CABARRUS - 05-00,05-00,05 00,59305649.624762475,59244241.43622968,0.9989697728524677,0.9989645474095413,0.9979364515634535,1,1,True,True
CABARRUS,CABARRUS - 06-00,06-00,06 00,66557283.892438345,CABARRUS - 06-00,06-00,06 00,66531898.457414836,66524344.21225648,0.9995050927824053,0.9998864567924032,0.9993916619273298,1,1,True,True
CABARRUS,CABARRUS - 07-00,07-00,07 00,69205200.19465739,CABARRUS - 07-00,07-00,07 00,69129257.78368145,69112750.123447,0.9986641167000406,0.9997612058806402,0.9984259600807128,1,1,True,True
CABARRUS,CABARRUS - 08-00,08-00,08 00,80937821.50614002,CABARRUS - 08-00,08-00,08 00,80921687.922618,80900799.32529633,0.9995425849108023,0.9997418665149242,0.9992846874895689,1,1,True,True
CABARRUS,CABARRUS - 09-00,09-00,09 00,75877843.95629393,CABARRUS - 09-00,09-00,09 00,75999612.74098451,75864553.11000514,0.999824838904273,0.9982228905370917,0.9980483513947361,1,1,True,True
CABARRUS,CABARRUS - 10-00,10-00,10 00,117930553.0352956,CABARRUS - 10-00,10-00,10 00,117620087.78353731,117538731.46618207,0.9966775228384093,0.9993083127305179,0.995990422584768,1,1,True,True
CABARRUS,CABARRUS - 11-01,11-01,11 01,21220648.070072066,CABARRUS - 11-01,11-01,11 01,21215842.901021212,21197373.835107397,0.9989032269472725,0.9991294681997798,0.9980346028221785,1,1,True,True
CABARRUS,CABARRUS - 11-02,11-02,11 02,30437677.194832314,CABARRUS - 11-02,11-02,11 02,30437564.570468307,30431138.060827598,0.9997851631725095,0.9997888625541695,0.9995741164275591,1,1,True,True
CABARRUS,CABARRUS - 12-01,12-01,12 01,1037546.6423437278,CABARRUS - 12-13,12-13,12 13,7281464.43074035,1037385.035188375,0.9998442410695025,0.14246928554767355,0.14246612360886443,1,3,True,False
CABARRUS,CABARRUS - 12-02,12-02,12 02,4119354.990641707,CABARRUS - 12-13,12-13,12 13,7281464.43074035,4118293.896535182,0.9997424125599916,0.5655859388873579,0.5655035306754761,1,1,True,True
CABARRUS,CABARRUS - 12-03,12-03,12 03,9824776.162555834,CABARRUS - 12-03,12-03,12 03,9759985.990136644,9749875.969250644,0.992376396971704,0.9989641357173855,0.99135625846547,1,1,True,True
CABARRUS,CABARRUS - 12-04,12-04,12 04,4698131.579562322,CABARRUS - 12-04,12-04,12 04,4705485.8374437615,4690892.3451264445,0.9984591248002994,0.9968986215618396,0.9953672818973744,1,1,True,True
CABARRUS,CABARRUS - 12-05,12-05,12 05,6120020.328911543,CABARRUS - 12-05,12-05,12 05,6150942.210899728,6098117.907506311,0.9964211848608145,0.9914119981000943,0.9878942806356125,1,1,True,True
CABARRUS,CABARRUS - 12-06,12-06,12 06,2886025.941814283,CABARRUS - 12-14,12-14,12 14,6621255.729267406,2885175.1862783465,0.9997052155617834,0.435744412275943,0.43568843130193613,1,2,True,False
CABARRUS,CABARRUS - 12-07,12-07,12 07,2114917.419093639,CABARRUS - 12-13,12-13,12 13,7281464.43074035,2113195.753899619,0.9991859421183651,0.2902157627768234,0.29014715895825455,1,2,True,False
CABARRUS,CABARRUS - 12-08,12-08,12 08,4709693.226963658,CABARRUS - 12-08,12-08,12 08,4700054.479914655,4698588.232481361,0.9976420981267488,0.9996880360771222,0.9973316034016874,1,1,True,True
CABARRUS,CABARRUS - 12-09,12-09,12 09,13647202.395795722,CABARRUS - 12-09,12-09,12 09,13648354.683967657,13642409.97450577,0.999648834892972,0.9995644376483803,0.9992135783296654,1,1,True,True
CABARRUS,CABARRUS - 12-10,12-10,12 10,3786316.261974902,CABARRUS - 12-14,12-14,12 14,6621255.729267406,3732661.5983792385,0.9858293233097022,0.5637392287810382,0.559207746424621,1,1,True,True
CABARRUS,CABARRUS - 12-11,12-11,12 11,3867554.4074533945,CABARRUS - 12-11,12-11,12 11,3868458.2890868126,3865042.128917522,0.9993504219278645,0.9991169194769586,0.9984684877857896,1,1,True,True
CABARRUS,CABARRUS - 12-12,12-12,12 12,6076914.8829696495,CABARRUS - 12-12,12-12,12 12,6087098.824296572,6074235.126746156,0.9995590268622977,0.9978867276642411,0.9974476159406468,1,1,True,True
CALDWELL,CALDWELL - PR01,PR01,PR01 GAMEWELL 1,46258637.810857974,CALDWELL - 1,1,GAMEWELL,71299048.89602968,46235121.298291706,0.9994916298084171,0.6484675744512818,0.6482537613925949,1,1,True,True
CALDWELL,CALDWELL - PR02,PR02,PR02 GAMEWELL 2,24974470.884037346,CALDWELL - 1,1,GAMEWELL,71299048.89602968,24974303.270889103,0.9999932886206471,0.35027540559913145,0.350274582157215,1,2,True,False
CALDWELL,CALDWELL - PR05,PR05,PR05 HUDSON 1,25615265.236012373,CALDWELL - 13,13,HUDSON,38566077.60297482,25600288.889181603,0.9994153350866063,0.6638032820637925,0.6635456077091073,1,1,True,True
CALDWELL,CALDWELL - PR06,PR06,PR06 HUDSON 2,12770975.688471261,CALDWELL - 13,13,HUDSON,38566077.60297482,12745247.715195432,0.9979854340104136,0.33047819501904235,0.33025787534125756,1,2,True,False
CALDWELL,CALDWELL - PR07,PR07,PR07 GLOBE/JOHNS RIVER/MULBERRY/WILSON CREEK,355505908.89712083,CALDWELL - 2,2,COLLETTSVILLE,355467273.1586549,355155790.4401092,0.9990151543244449,0.9991237372831037,0.9981406159700255,1,1,True,True
CALDWELL,CALDWELL - PR08,PR08,PR08 KINGS CREEK,95962342.21686769,CALDWELL - 3,3,KINGS CREEK,96615603.26058334,95844463.90895174,0.9987716191039862,0.9920184801873901,0.9908096178786039,1,1,True,True
CALDWELL,CALDWELL - PR13,PR13,PR13 LITTLE RIVER,130829703.44263677,CALDWELL - 4,4,OAK HILL,130829689.97970958,130776847.46239015,0.9995959940376247,0.9995960969002707,0.9991924171646357,1,1,True,True
CALDWELL,CALDWELL - PR14,PR14,PR14 LOVELADY RHODHISS,19502169.686855357,CALDWELL - 5,5,GRANITE FALLS,19398871.332281075,19385226.85644679,0.9940035989694322,0.9992966355825259,0.9933086416403523,1,1,True,True
CALDWELL,CALDWELL - PR15,PR15,PR15 LOVELADY TWO,23736129.702123936,CALDWELL - 14,14,GRACE CHAPEL,37907349.006698586,23670503.21859359,0.997235164942477,0.6244304558045141,0.6233512889893077,1,1,True,True
CALDWELL,CALDWELL - PR16,PR16,PR16 LOWER CREEK 1,3939998.0465869214,CALDWELL - 6,6,FREEDMAN,63678307.57114875,3937578.213719521,0.999385828916972,0.06183547213970793,0.061833122425532946,1,3,True,False
CALDWELL,CALDWELL - PR17,PR17,PR17 LOWER CREEK 2,10572496.395318767,CALDWELL - 7,7,LENOIR,28486589.68551182,10567127.188229559,0.999492153329881,0.3709509388413722,0.37088103447228044,1,2,True,False
CALDWELL,CALDWELL - PR18,PR18,PR18 LOWER CREEK 3,55034148.69003823,CALDWELL - 8,8,HIBRITEN,55034422.08721987,55022267.914248794,0.999784119931493,0.9997791532551789,0.9995633685186756,1,1,True,True
CALDWELL,CALDWELL - PR21,PR21,PR21 NORTH CATAWBA,32393777.432133194,CALDWELL - 9,9,BATON,32341042.753134318,32331741.374660514,0.998084939071936,0.9997123970756044,0.9977984364892163,1,1,True,True
CALDWELL,CALDWELL - PR22,PR22,PR22 NORTH CATAWBA 2,16331409.94206358,CALDWELL - 10,10,CAJAHS MOUNTAIN,16329785.042205848,16317586.3653946,0.9991535588955259,0.9992529799516822,0.9984078024573977,1,1,True,True
CALDWELL,CALDWELL - PR24,PR24,PR24 SAWMILLS 1,14748298.252522461,CALDWELL - 11,11,SAWMILLS,28030665.981282417,14549324.34692747,0.9865086871591466,0.5190502557678378,0.5153917798891492,1,1,True,True
CALDWELL,CALDWELL - PR25,PR25,PR25 SAWMILLS 2,13469110.310538016,CALDWELL - 11,11,SAWMILLS,28030665.981282417,13448037.758276926,0.9984354904091473,0.4797616213348946,0.479401222929414,1,2,True,False
CALDWELL,CALDWELL - PR28,PR28,PR28 LOVELADY ONE,49644879.30756933,CALDWELL - 15,15,DUDLEY SHOALS,35517002.947512515,35456468.230238125,0.7142019222279002,0.9982956130233216,0.7133321173527757,1,1,True,True
CALDWELL,CALDWELL - PR29,PR29,PR29 LENOIR 29,17911603.43182955,CALDWELL - 7,7,LENOIR,28486589.68551182,17901791.81078401,0.9994522198371082,0.628428745189137,0.6282123703340953,1,1,True,True
CALDWELL,CALDWELL - PR30,PR30,PR30 LENOIR 30,29182429.455174197,CALDWELL - 6,6,FREEDMAN,63678307.57114875,29168860.3490999,0.9995350247965085,0.45806588556878786,0.4579682978556514,1,2,True,False
CALDWELL,CALDWELL - PR31,PR31,PR31 LOWER CREEK 31,31000753.916881602,CALDWELL - 6,6,FREEDMAN,63678307.57114875,30550480.592516147,0.9854754072893609,0.4797627600008311,0.47639414697625326,1,1,True,True
CALDWELL,CALDWELL - PR32,PR32,PR32 PATTERSON,219081022.4113072,CALDWELL - 12,12,PATTERSON,219735930.88084128,218874786.7311274,0.9990586328386191,0.9960810043843906,0.995146997746803,1,1,True,True
CAMDEN,CAMDEN - CH,CH,CH COURTHOUSE,147452197.17198884,CAMDEN - CH,CH,COURTHOUSE,147069284.8454722,146979885.80962813,0.9967968509698787,0.9993921297982921,0.9961928675530014,1,1,True,True
CAMDEN,CAMDEN - SH,SH,SH SHILOH,349918794.49966073,CAMDEN - SH,SH,SHILOH,350730845.3857999,349713774.71361685,0.9994140932431566,0.9971001390794006,0.9965176245020483,1,1,True,True
CAMDEN,CAMDEN - SM,SM,SM SOUTH MILLS,306073131.73431724,CAMDEN - SM,SM,SOUTH MILLS,305761958.5330841,305589115.95743954,0.9984186270316016,0.9994347152390253,0.9978551282053509,1,1,True,True
CARTERET,CARTERET - ABCH,ABCH,ABCH ATLANTIC BEACH,72681180.63232493,CARTERET - ABCH,ABCH,ATLANTIC BEACH,72658912.50854,72650037.12472141,0.9995715052048882,0.9998778486559711,0.9994494585144736,1,1,True,True
CARTERET,CARTERET - ATCS,ATCS,ATCS ATLANTIC/CEDAR ISLAND/SEA LEVEL,1110699724.123758,CARTERET - ASCI,ASCI,ATLANTIC/SEA LEVEL/CEDAR ISLAND,1081744613.5697494,1081666550.9293017,0.9738604660072632,0.9999278363492932,0.9737920255682215,1,1,True,True
CARTERET,CARTERET - BCRK,BCRK,BCRK BROAD CREEK,24792252.898867972,CARTERET - BCRK,BCRK,BROAD CREEK,24783940.529865403,24760371.297055345,0.9987140498307,0.9990490118880951,0.9977655048328258,1,1,True,True
CARTERET,CARTERET - BFT1,BFT1,BFT1 BEAUFORT 1,19708178.78584459,CARTERET - BFT1,BFT1,BEAUFORT 1,19708333.380414475,19701568.919164132,0.9996646130141053,0.9996567715230013,0.9993216146877435,1,1,True,True
CARTERET,CARTERET - BFT2,BFT2,BFT2 BEAUFORT 2,37198251.37257766,CARTERET - BFT2,BFT2,BEAUFORT 2,37200703.13448711,37190807.65169725,0.9997998905699664,0.9997339974259604,0.9995339944303686,1,1,True,True
CARTERET,CARTERET - BOGU,BOGU,BOGU BOGUE,58406641.010390066,CARTERET - BOGE,BOGE,BOGUE,58568772.777442366,57976901.565255724,0.992642284546754,0.9898944235277779,0.9826841284833272,1,1,True,True
CARTERET,CARTERET - CCCP,CCCP,CCCP CAPE CARTERET/CEDAR POINT,23623059.576054048,CARTERET - CAPE,CAPE,CAPE CARTERET/CEDAR POINT,23847128.121032383,22981158.86410427,0.9728273676877803,0.9636866438368167,0.9384267142988101,1,1,True,True
CARTERET,CARTERET - DASW,DASW,DASW DAVIS/STACY/WILLISTON,622354032.7351078,CARTERET - DASW,DASW,DAVIS/STACY/WILLISTON,622389787.2266039,622302868.9570141,0.999917789914739,0.9998603475324087,0.9997781604062833,1,1,True,True
CARTERET,CARTERET - EMIS,EMIS,EMIS EMERALD ISLE,161459182.5518226,CARTERET - ISLE,ISLE,EMERALD ISLE,161840473.23885107,160300976.67343828,0.9928266335795886,0.9904875675743933,0.983449544141049,1,1,True,True
CARTERET,CARTERET - HAIS,HAIS,HAIS HARKERS ISLAND,274770268.52270734,CARTERET - HAIS,HAIS,HARKERS ISLAND,274770054.79506797,274751572.245047,0.9999319566932736,0.9999327344821662,0.9998647003287574,1,1,True,True
CARTERET,CARTERET - IBSP,IBSP,IBSP INDIAN BEACH/SALTER PATH,43720150.968350515,CARTERET - IBPK,IBPK,INDIAN BEACH/SALTER PATH/PINE KNOLL,106670756.83919524,42961587.680900335,0.9826495730081236,0.40274944093313564,0.3999056089180693,1,2,True,False
CARTERET,CARTERET - MASM,MASM,MASM MARSHALLBERG/SMYRNA,125944012.08316295,CARTERET - MASM,MASM,MARSHALLBERG/SMYRNA,125908795.15240622,125876444.36091411,0.999463509847501,0.9997430617022985,0.9992068471302004,1,1,True,True
CARTERET,CARTERET - MCRK,MCRK,MCRK MILL CREEK,33623680.82200224,CARTERET - MCRK,MCRK,MILL CREEK,33623697.050169244,33615689.26993859,0.9997623236995986,0.9997618411735417,0.9995242780556296,1,1,True,True
CARTERET,CARTERET - MERR,MERR,MERR MERRIMON,198352556.46568733,CARTERET - MERR,MERR,MERRIMON,197149582.6236311,197061218.23107928,0.9934896819198222,0.9995517901109611,0.9930472877207345,1,1,True,True
CARTERET,CARTERET - MHD1,MHD1,MHD1 MOREHEAD 1,22330452.74321579,CARTERET - MHD1,MHD1,MOREHEAD 1,22329920.212857943,22325305.801773634,0.9997695102064728,0.9997933529972197,0.9995629584429262,1,1,True,True
CARTERET,CARTERET - MHD2,MHD2,MHD2 MOREHEAD 2,7626965.529838321,CARTERET - MHD2,MHD2,MOREHEAD 2,7685468.96842588,7617466.588381641,0.9987545582290207,0.991151824264256,0.9899283112797149,1,1,True,True
CARTERET,CARTERET - MHD3,MHD3,MHD3 MOREHEAD 3,16117496.78239695,CARTERET - MHD3,MHD3,MOREHEAD 3,16055464.035303054,16043791.01523399,0.9954269718084597,0.9992729565434298,0.9947065603327598,1,1,True,True
CARTERET,CARTERET - MHD4,MHD4,MHD4 MOREHEAD 4,12792350.29131703,CARTERET - MHD4,MHD4,MOREHEAD 4,12780758.265286885,12770199.683540434,0.9982684489345455,0.9991738689108041,0.9974451751670382,1,1,True,True
CARTERET,CARTERET - NPT1,NPT1,NPT1 NEWPORT 1,63810817.69415827,CARTERET - NPT1,NPT1,NEWPORT 1,63729436.208149076,63662321.42028083,0.9976728667764583,0.9989468793094444,0.9966246393180249,1,1,True,True
CARTERET,CARTERET - NPT2,NPT2,NPT2 NEWPORT 2,65779002.897309706,CARTERET - NPT2,NPT2,NEWPORT 2,64925826.933036566,64834843.26631251,0.985646489162033,0.9985986521693764,0.984285053759424,1,1,True,True
CARTERET,CARTERET - NRIV,NRIV,NRIV NORTH RIVER,61088228.80484372,CARTERET - NRIV,NRIV,NORTH RIVER,61705202.36947046,61056562.691202156,0.9994816331352031,0.9894880876593766,0.9889805588034327,1,1,True,True
CARTERET,CARTERET - OTBE,OTBE,OTBE OTWAY/STRAITS/BETTIE,87126004.87846172,CARTERET - OTBEG,OTBEG,OTWAY/STRAITS/BETTIE/GLOUCESTER,86492871.93060802,86484138.4917742,0.9926328954531669,0.9998990270684869,0.9925334047237023,1,1,True,True
CARTERET,CARTERET - PELE,PELE,PELE PELETIER,31223411.38584983,CARTERET - PELE,PELE,PELETIER,31317121.94765463,31191135.657696083,0.9989662971878731,0.9959770795614894,0.9949516727642133,1,1,True,True
CARTERET,CARTERET - PKNL,PKNL,PKNL PINE KNOLL SHORES,63684322.5197503,CARTERET - IBPK,IBPK,INDIAN BEACH/SALTER PATH/PINE KNOLL,106670756.83919524,63676636.618078716,0.9998793125000396,0.5969455781969412,0.5969025698355568,1,1,True,True
CARTERET,CARTERET - STEL,STEL,STEL STELLA,98164575.81150563,CARTERET - STEL,STEL,STELLA,102745051.30731365,97808780.35640885,0.9963755208826046,0.9519561196564079,0.9486709704897299,1,1,True,True
CARTERET,CARTERET - WIHA,WIHA,WIHA WIREGRASS/HARLOWE,103114307.09533979,CARTERET - WIHA,WIHA,WIREGRASS/HARLOWE,103047771.78697398,102966320.0370197,0.9985648251684098,0.9992095729141756,0.9977766643625505,1,1,True,True
CARTERET,CARTERET - WILD,WILD,WILD WILDWOOD,32062712.187094554,CARTERET - WILD,WILD,WILDWOOD,32070862.17123637,32051337.968870595,0.99964525090212,0.9993912167916931,0.9990368994164047,1,1,True,True
CASWELL,CASWELL - ANDE,ANDE,ANDE ANDERSON,66405798.91757964,CASWELL - ANDE,ANDE,ANDERSON,67095194.401582986,66400603.82757732,0.9999217675250204,0.9896476852001002,0.9895710640532758,1,1,True,True
CASWELL,CASWELL - HIGH,HIGH,HIGH HIGHTOWERS,94708611.701879,CASWELL - PH,PH,PROSPECT HILL,181195578.3841638,94701222.94685315,0.9999219843381391,0.5226464342638169,0.5226251227669422,1,1,True,True
CASWELL,CASWELL - LEAS,LEAS,LEAS LEASBURG,89201039.14767356,CASWELL - LEAS,LEAS,LEASBURG,89288590.57888728,89191461.97342476,0.9998926338264631,0.998912194661907,0.9988050619358027,1,1,True,True
CASWELL,CASWELL - LOCU,LOCU,LOCU LOCUST HILL,129604303.39272504,CASWELL - LOCU,LOCU,LOCUST HILL,128717211.85121122,128705161.45752092,0.9930624067900002,0.9999063808676634,0.9929700820747057,1,1,True,True
CASWELL,CASWELL - MILT,MILT,MILT MILTON,172615651.9364101,CASWELL - MILT,MILT,MILTON,172706250.53064874,172380403.89650977,0.9986371569596307,0.998113289859876,0.9967555810567328,1,1,True,True
CASWELL,CASWELL - PELH,PELH,PELH PELHAM,162485052.74087965,CASWELL - PELH,PELH,PELHAM,163241033.0272817,162258518.79737118,0.9986058167216788,0.9939812055113231,0.9926037427740327,1,1,True,True
CASWELL,CASWELL - PROS,PROS,PROS PROSPECT HILL,86245260.6397117,CASWELL - PH,PH,PROSPECT HILL,181195578.3841638,86194455.39849125,0.9994109213556361,0.4756984478713113,0.4755651046624215,1,2,True,False
CASWELL,CASWELL - PROVI,PROVI,PROVI PROVIDENCE,40754386.93411996,CASWELL - PROVI,PROVI,PROVIDENCE,40746752.84037361,40738700.43115651,0.9996150965787116,0.999802379118438,0.9994176277827583,1,1,True,True
CASWELL,CASWELL - STON,STON,STON STONEY CREEK,111773055.20648819,CASWELL - STON,STON,STONEY CREEK,111972300.86723237,111272253.81459728,0.9955194801558771,0.9937480336903575,0.9893232388864013,1,1,True,True
CASWELL,CASWELL - YANC,YANC,YAN2 YANCEYVILLE 2,155374120.21098852,CASWELL - YANC,YANC,YANCEYVILLE 2,155374191.9776063,155358413.75542158,0.9998989120225066,0.9998984501738423,0.999797382725202,1,1,True,True
CATAWBA,CATAWBA - 01,01,01 BALLS CREEK,70507374.26611102,CATAWBA - 01,01,BALLS CREEK,70507477.72674496,70495912.9409587,0.9998374450151971,0.9998359778826426,0.9996734762143594,1,1,True,True
CATAWBA,CATAWBA - 02,02,02 BANOAK,84191439.9754032,CATAWBA - 02,02,BANOAK,87042998.7531414,84185860.79523198,0.9999337322158541,0.9671755569220172,0.9671135680094196,1,1,True,True
CATAWBA,CATAWBA - 03,03,03 BLACKBURN,77230777.63447554,CATAWBA - 03,03,BLACKBURN,77615784.72939962,77222247.3203952,0.9998895477380699,0.9949296729991657,0.9948203378946463,1,1,True,True
CATAWBA,CATAWBA - 04,04,04 BROOKFORD,7582699.870652957,CATAWBA - 04,04,BROOKFORD,7539819.074801329,7532799.382903321,0.9934191661808001,0.9990689840394886,0.9925003579936607,1,1,True,True
CATAWBA,CATAWBA - 05,05,05 CATAWBA,61665279.79525201,CATAWBA - 05,05,CATAWBA,61668670.68591625,61634470.72960754,0.999500382293784,0.9994454241363026,0.9989463602899901,1,1,True,True
CATAWBA,CATAWBA - 06,06,06 CLAREMONT,28421408.867695577,CATAWBA - 06,06,CLAREMONT,28421234.20708425,28413605.027678914,0.9997254238854594,0.9997315676247643,0.9994571388804494,1,1,True,True
CATAWBA,CATAWBA - 07,07,07 CONOVER WEST,21168787.19360186,CATAWBA - 07,07,CONOVER WEST,21168782.72968205,21162369.339007422,0.999696824643956,0.9996970354527926,0.9993940437438598,1,1,True,True
CATAWBA,CATAWBA - 08,08,08 CONOVER EAST,11634451.464850497,CATAWBA - 08,08,CONOVER EAST,11639865.887882825,11624029.356612846,0.9991042028694574,0.9986394575828863,0.9977460952453387,1,1,True,True
CATAWBA,CATAWBA - 09,09,09 EAST MAIDEN,37843253.853087455,CATAWBA - 09,09,EAST MAIDEN,39034551.42439428,37841284.95741942,0.9999479723473124,0.9694305064761385,0.9693816110441426,1,1,True,True
CATAWBA,CATAWBA - 10,10,10 EAST NEWTON,1822987.886228976,CATAWBA - 10,10,EAST NEWTON,1822988.6580237863,1821226.5985447362,0.9990338456456321,0.9990334226868091,0.9980691342550373,1,1,True,True
CATAWBA,CATAWBA - 11,11,11 COLLEGE PARK,1683191.1482513293,CATAWBA - 11,11,COLLEGE PARK,1689462.268408816,1681847.041341064,0.9992014531970052,0.9954925142690968,0.9947011472698484,1,1,True,True
CATAWBA,CATAWBA - 12,12,12 KENWORTH,4869822.343902719,CATAWBA - 12,12,KENWORTH,4869811.481878432,4866548.998646517,0.9993278306630015,0.999330059645213,0.998658790330978,1,1,True,True
CATAWBA,CATAWBA - 13,13,13 GREENMONT,4458086.545126679,CATAWBA - 13,13,GREENMONT,4039992.2269626902,4033839.0535745057,0.9048364164181747,0.9984769343497449,0.9035892577284043,1,1,True,True
CATAWBA,CATAWBA - 14,14,14 OAKWOOD,3158754.1420261464,CATAWBA - 14,14,OAKWOOD,3156386.9634676576,3154071.841170364,0.9985176748030226,0.999266527734372,0.9977863746194837,1,1,True,True
CATAWBA,CATAWBA - 15,15,15 RIDGEVIEW,1100032.3171434535,CATAWBA - 15,15,RIDGEVIEW,1099985.2670859697,1098768.7559414015,0.9988513417448196,0.9988940659652734,0.9977479455297349,1,1,True,True
CATAWBA,CATAWBA - 16,16,16 HIGHLAND,4770876.581802905,CATAWBA - 16,16,HIGHLAND,4764629.761925324,4762105.206794427,0.9981614751800678,0.9994701466311042,0.9976335678030546,1,1,True,True
CATAWBA,CATAWBA - 17,17,17 LONGVIEW NORTH,5402663.151443367,CATAWBA - 17,17,LONGVIEW NORTH,5064604.869900943,4902071.226055315,0.9073434875808767,0.9679079320063902,0.8808441833009348,1,1,True,True
CATAWBA,CATAWBA - 19,19,19 LONGVIEW SOUTH,14219980.930456905,CATAWBA - 19,19,LONGVIEW SOUTH,14545633.182143606,14207941.727275446,0.999153360103622,0.9767839975998629,0.9759761966890965,1,1,True,True
CATAWBA,CATAWBA - 20,20,20 MAIDEN,32559780.39570884,CATAWBA - 20,20,MAIDEN,32980117.226527207,32553476.202110842,0.99980638095462,0.9870636898745405,0.9868750473869161,1,1,True,True
CATAWBA,CATAWBA - 21,21,21 MONOGRAM,54983708.244294114,CATAWBA - 21,21,MONOGRAM,55156197.242185995,54904212.92964267,0.9985542023775799,0.9954314415216683,0.9939988146821245,1,1,True,True
CATAWBA,CATAWBA - 22,22,22 MOUNT OLIVE,27385512.03013982,CATAWBA - 22,22,MOUNT OLIVE,27390478.646835323,27378596.132153235,0.9997474614321992,0.9995661808311094,0.9993138613002809,1,1,True,True
CATAWBA,CATAWBA - 23,23,23 MOUNTAIN VIEW 1,26044131.123195514,CATAWBA - 23,23,MOUNTAIN VIEW 1,26044125.495487083,26035365.757021733,0.9996634417891571,0.9996636578000337,0.9993273259105032,1,1,True,True
CATAWBA,CATAWBA - 24,24,24 MOUNTAIN VIEW 2,49200025.62444534,CATAWBA - 24,24,MOUNTAIN VIEW 2,49137819.41513076,48912215.769067526,0.9941502092382078,0.9954087574754332,0.9896124033417741,1,1,True,True
CATAWBA,CATAWBA - 25,25,25 NORTH NEWTON,9082580.158776226,CATAWBA - 25,25,NORTH NEWTON,9166435.616937611,9066815.45534339,0.9982642923973973,0.9891320720771611,0.9874338545227465,1,1,True,True
CATAWBA,CATAWBA - 26,26,26 OAKLAND HEIGHTS,3228640.1128094154,CATAWBA - 26,26,OAKLAND HEIGHTS,4099314.880751337,3197300.306194089,0.9902931867534607,0.7799596759954377,0.7740420219518283,1,1,True,True
CATAWBA,CATAWBA - 27,27,27 OXFORD,66234656.47486422,CATAWBA - 27,27,OXFORD,66237737.42172803,66213775.56994774,0.9996847435160413,0.9996382447119574,0.9993232162422145,1,1,True,True
CATAWBA,CATAWBA - 28,28,28 ST STEPHENS 1,12848894.839398574,CATAWBA - 28,28,ST STEPHENS 1,12848902.286294654,12845050.91515662,0.9997008361971982,0.9997002567960889,0.9994012722842314,1,1,True,True
CATAWBA,CATAWBA - 29,29,29 ST STEPHENS 2,13753712.666087689,CATAWBA - 29,29,ST STEPHENS 2,22807321.423004635,13751318.561084732,0.999825930273441,0.6029343957600583,0.6028711118382764,1,1,True,True
CATAWBA,CATAWBA - 30,30,30 SANDY RIDGE,7288007.519640754,CATAWBA - 30,30,SANDY RIDGE,7288529.115989567,7284817.302296356,0.9995622648116375,0.9994907321307028,0.9990534425802629,1,1,True,True
CATAWBA,CATAWBA - 31,31,31 SHERRILLS FORD,86340827.31769638,CATAWBA - 31,31,SHERRILLS FORD,86247427.16121002,86098529.42164649,0.997193704258145,0.9982735978977644,0.9954769698324926,1,1,True,True
CATAWBA,CATAWBA - 32,32,32 SOUTH NEWTON,21849411.556100152,CATAWBA - 32,32,SOUTH NEWTON,21849424.025470536,21842825.528297693,0.9996985718454912,0.9996980013219043,0.9993967551742902,1,1,True,True
CATAWBA,CATAWBA - 33,33,33 SPRINGS,50860251.16193799,CATAWBA - 33,33,SPRINGS,41806652.530315734,41802245.60183101,0.821904034031085,0.9998945878653756,0.8218328240311507,1,1,True,True
CATAWBA,CATAWBA - 34,34,34 STARTOWN,66355823.346577406,CATAWBA - 34,34,STARTOWN,61250771.11844583,60655699.31468344,0.9140976067447443,0.9902846642924438,0.9059729399954944,1,1,True,True
CATAWBA,CATAWBA - 35,35,35 SWEETWATER,28551546.48460967,CATAWBA - 35,35,SWEETWATER,37707861.93640557,28549215.07716062,0.9999183439170166,0.7571157209949735,0.7570689128225616,1,1,True,True
CATAWBA,CATAWBA - 36,36,36 VIEWMONT 1,5522351.713961664,CATAWBA - 36,36,VIEWMONT 1,5503540.5052417,5498457.294198202,0.9956731441601137,0.9990763743741584,0.9947574903729992,1,1,True,True
CATAWBA,CATAWBA - 37,37,37 VIEWMONT 2,4752562.461735734,CATAWBA - 37,37,VIEWMONT 2,4752018.745540314,4749204.138732927,0.9992933658358316,0.9994077029241459,0.9987019052913746,1,1,True,True
CATAWBA,CATAWBA - 38,38,38 FALLING CREEK,8435235.858536676,CATAWBA - 38,38,FALLING CREEK,8435276.592794139,8429977.693583334,0.9993766428062565,0.9993718167801005,0.9987492422616403,1,1,True,True
CATAWBA,CATAWBA - 39,39,39 NORTHWEST,7467508.931603032,CATAWBA - 39,39,NORTHWEST,7433075.752153494,7424203.189085836,0.9942007779416341,0.9988063402871835,0.9930209145129835,1,1,True,True
CATAWBA,CATAWBA - 40,40,40 WEST NEWTON,11101624.643687114,CATAWBA - 40,40,WEST NEWTON,7546112.964129008,7543836.3815769935,0.679525440978295,0.9996983105656069,0.679386120956344,1,1,True,True
CATAWBA,CATAWBA - 41,41,41 LAKE NORMAN,35162183.67204362,CATAWBA - 41,41,LAKE NORMAN,36114639.36271732,34817002.58180317,0.9901831725395687,0.9640689536483713,0.9549416905858259,1,1,True,True
CHATHAM,CHATHAM - 15,15,15 BYNUM,41380718.410241246,CHATHAM - 15,15,BYNUM,41418991.04923915,41365779.13858626,0.9996389798865529,0.9987152774776761,0.9983551842226872,1,1,True,True
CHATHAM,CHATHAM - 18,18,18 GOLDSTON,192015209.29611778,CHATHAM - GLD118,GLD118,GOLDSTON,239624722.51531148,191895688.24333334,0.9993775438246659,0.8008175710295152,0.8004183349195958,1,1,True,True
CHATHAM,CHATHAM - 20,20,20 THREE RIVERS,188286990.77829742,CHATHAM - MON113,MON113,MONCURE,215327138.97447926,187188000.2054682,0.9941632155876172,0.8693191257589405,0.8649048088463407,1,1,True,True
CHATHAM,CHATHAM - 21,21,21 HADLEY,94826142.25515106,CHATHAM - 21,21,HADLEY,94707109.92708175,94700562.7729892,0.9986756871135392,0.9999308694553388,0.9986067395422668,1,1,True,True
CHATHAM,CHATHAM - 24,24,24 HARPERS CROSSROADS,69275191.65904824,CHATHAM - CRD118,CRD118,CROSSROADS,141662572.7074724,69270856.26752436,0.9999374178342917,0.48898488107064053,0.4889699168073758,1,2,True,False
CHATHAM,CHATHAM - 3,3,3 ALBRIGHT,134429660.0108831,CHATHAM - 3,3,ALBRIGHT,134205266.00898175,134181485.26261838,0.9981538691071254,0.999822803180005,0.9979773258825029,1,1,True,True
CHATHAM,CHATHAM - 30,30,30 HICKORY MOUNTAIN,132219646.9122396,CHATHAM - 30,30,HICKORY MOUNTAIN,132219710.35606392,132206140.59797691,0.9998978494151353,0.9998973696277925,0.9997952400082862,1,1,True,True
CHATHAM,CHATHAM - 42,42,42 NEW HOPE,112194155.8303959,CHATHAM - 42,42,JORDAN LAKE,112080910.6113113,112011591.74620868,0.9983727843679915,0.999381528355502,0.9977563232389427,1,1,True,True
CHATHAM,CHATHAM - 45,45,45 OAKLAND,75574198.79079103,CHATHAM - GLD118,GLD118,GOLDSTON,239624722.51531148,47542149.07641673,0.6290791015598554,0.19840252114795415,0.17762356125112025,1,2,True,False
CHATHAM,CHATHAM - 6,6,6 BENNETT,72281338.37333971,CHATHAM - CRD118,CRD118,CROSSROADS,141662572.7074724,72182572.24429496,0.9986335874339429,0.5095387642955568,0.5091837650287556,1,1,True,True
CHATHAM,CHATHAM - 75,75,75 EAST WILLIAMS,64414855.15499567,CHATHAM - 75,75,EAST WILLIAMS,64419148.347201474,64282256.52649663,0.9979414899221618,0.9978749824513817,0.9958252028515148,1,1,True,True
CHATHAM,CHATHAM - 78,78,78 WEST WILLIAMS,48507185.80932599,CHATHAM - 78,78,WEST WILLIAMS,48439809.034651525,48382709.20881675,0.9974338523574932,0.998821221078846,0.9962611119679985,1,1,True,True
CHATHAM,CHATHAM - 85,85,85 WEST SILER CITY,93951737.49753207,CHATHAM - 85,85,WEST SILER CITY,92770403.60544573,92762215.18948023,0.9873390068163126,0.9999117346088056,0.9872529622349852,1,1,True,True
CHATHAM,CHATHAM - 9,9,9 BONLEE,90206555.85282142,CHATHAM - 9,9,BONLEE,90206320.35229696,90189459.70474021,0.9998104777649519,0.999813087957796,0.9996236365573917,1,1,True,True
CHATHAM,CHATHAM - ESC114,ESC114,ESC114 EAST SILER CITY,104428874.8714599,CHATHAM - ESC114,ESC114,EAST SILER CITY,104533223.84556465,104413999.4832093,0.9998575548355862,0.9988594596247076,0.9987173391808294,1,1,True,True
CHATHAM,CHATHAM - MCH110,MCH110,MCH110 MANNS CHAPEL,82780479.09849177,CHATHAM - WCL108,WCL108,WEST CHAPEL,66387749.589763515,66363336.61419227,0.8016785761197821,0.9996322668606467,0.8014422210083318,1,1,True,True
CHATHAM,CHATHAM - NWM117,NWM117,NWM117 NORTH WILLIAMS,48079771.0140684,CHATHAM - NWM117,NWM117,NORTH WILLIAMS,48057216.82916142,48027458.047905765,0.998911954756454,0.999380763531075,0.9982940646527317,1,1,True,True
CHATHAM,CHATHAM - PIT113,PIT113,PIT113 PITTSBORO,193654263.60771742,CHATHAM - WPP114,WPP114,WEST PITTSBORO,102770301.79143848,102759768.47536448,0.5306351978055253,0.9998975062261141,0.530606336864625,1,1,True,True
CHEROKEE,CHEROKEE - ANNW,ANNW,ANNW ANDREWS NORTH WARD,79457735.11572556,CHEROKEE - ANNW,ANNW,ANDREWS NORTH WARD,79514987.6858865,79400836.41902903,0.9992839124269819,0.9985644056525744,0.9978503718922583,1,1,True,True
CHEROKEE,CHEROKEE - ANSW,ANSW,ANSW ANDREWS SOUTH WARD,53287463.14538385,CHEROKEE - ANSW,ANSW,ANDREWS SOUTH WARD,53297014.13009143,53211763.75117672,0.9985794145613464,0.9984004661366841,0.9969844183948309,1,1,True,True
CHEROKEE,CHEROKEE - BELL,BELL,BELL BELLVIEW,24125445.72962773,CHEROKEE - BELL,BELL,BELLVIEW,24095725.6231388,24071209.04616421,0.9977518888533151,0.998982534190585,0.9967389903371991,1,1,True,True
CHEROKEE,CHEROKEE - BRAS,BRAS,BRAS BRASSTOWN,36374724.326674454,CHEROKEE - BRAS,BRAS,BRASSTOWN,36302090.16783519,36278352.98573131,0.9973505959776451,0.9993461207882484,0.996700175829738,1,1,True,True
CHEROKEE,CHEROKEE - CSON,CSON,CSON CULBERSON,37787746.76960437,CHEROKEE - CSON,CSON,CULBERSON,35946244.2122004,35129367.365924425,0.929649697826961,0.977275043215816,0.9099782377226352,1,1,True,True
CHEROKEE,CHEROKEE - GCRK,GCRK,GCRK GRAPE CREEK,47461246.59650925,CHEROKEE - GCRK,GCRK,GRAPE CREEK,38498848.01381405,38492816.671875685,0.811036781210606,0.9998433370802109,0.8109337283210256,1,1,True,True
CHEROKEE,CHEROKEE - HANG,HANG,HANG HANGING DOG,115104061.31039667,CHEROKEE - HANG,HANG,HANGING DOG,115127940.290676,114984482.48205872,0.9989611241603762,0.9987539270809929,0.9977176373169161,1,1,True,True
CHEROKEE,CHEROKEE - HIWA,HIWA,HIWA HIWASSEE DAM,184309526.39931175,CHEROKEE - HIWA,HIWA,HIWASSEE DAM,184298265.60890964,184185284.26810136,0.9993259049945079,0.9993869647094346,0.99871369566044,1,1,True,True
CHEROKEE,CHEROKEE - HOTH,HOTH,HOTH HOT HOUSE,75319859.29321013,CHEROKEE - HOTH,HOTH,HOT HOUSE,75227199.73237729,75126277.55394182,0.997429871204157,0.998658434996989,0.9960951887270683,1,1,True,True
CHEROKEE,CHEROKEE - MARB,MARB,MARB MARBLE,73057364.31287694,CHEROKEE - MARB,MARB,MARBLE,73078293.45767294,73022532.75220762,0.9995232299851368,0.9992369730760391,0.9987609301871323,1,1,True,True
CHEROKEE,CHEROKEE - MURN,MURN,MURN MURPHY NORTH,63384142.4184707,CHEROKEE - MURN,MURN,MURPHY NORTH,63368963.99038112,63346788.55815431,0.9994106749907606,0.9996500584697868,0.9990611457255192,1,1,True,True
CHEROKEE,CHEROKEE - MURS,MURS,MURS MURPHY SOUTH,63693614.41304566,CHEROKEE - MURS,MURS,MURPHY SOUTH,63716882.391887024,63673864.90234527,0.9996899295026294,0.9993248651232309,0.9990152130985196,1,1,True,True
CHEROKEE,CHEROKEE - PCHT,PCHT,PCHT PEACHTREE,64995801.27548527,CHEROKEE - PCHT,PCHT,PEACHTREE,65000638.4499687,64944654.24292977,0.9992130717438391,0.9991387129669193,0.9983531391367696,1,1,True,True
CHEROKEE,CHEROKEE - RGER,RGER,RGER RANGER,55267187.704282396,CHEROKEE - RGER,RGER,RANGER,57137409.011691585,54478384.86801248,0.9857274656258872,0.9534626405069399,0.9404789840392377,1,1,True,True
CHEROKEE,CHEROKEE - TOPT,TOPT,TOPT TOPTON,37686628.649339974,CHEROKEE - TOPT,TOPT,TOPTON,37692626.15489629,37623261.70273484,0.9983185827738869,0.9981597341645446,0.9964844945699151,1,1,True,True
CHEROKEE,CHEROKEE - UNKA,UNKA,UNKA UNAKA,197490055.3172491,CHEROKEE - UNKA,UNKA,UNAKA,206356604.80716932,197245084.33618823,0.9987595781434799,0.9558457531345053,0.9547123906662142,1,1,True,True
CHOWAN,CHOWAN - 1,1,1 EAST EDENTON,62884645.82112054,CHOWAN - 1,1,EAST EDENTON,62968599.91151706,62875672.573855445,0.9998573062287635,0.9985242273483578,0.9983819544035177,1,1,True,True
CHOWAN,CHOWAN - 2,2,2 WEST EDENTON,96304052.8523594,CHOWAN - 2,2,WEST EDENTON,96369883.87191372,96258284.53771117,0.9995247519362618,0.9988419687798848,0.9983678205220635,1,1,True,True
CHOWAN,CHOWAN - 3,3,3 ROCKY HOCK,83311779.29189645,CHOWAN - 3,3,ROCKY HOCK,83284611.93123229,83178111.21728091,0.9983955681207191,0.9987212437990428,0.9971209093672264,1,1,True,True
CHOWAN,CHOWAN - 4,4,4 CENTER HILL,84854079.15463188,CHOWAN - 4,4,CENTER HILL,84995909.77101168,84822545.67016387,0.999628379863618,0.9979603241930715,0.9975902181993151,1,1,True,True
CHOWAN,CHOWAN - 5,5,5 WARDVILLE,97040686.13910782,CHOWAN - 5,5,WARDVILLE,97332545.66275218,96960273.91520692,0.9991713555715628,0.9961752593132092,0.995352938856729,1,1,True,True
CHOWAN,CHOWAN - 6,6,6 YEOPIM,179843347.655641,CHOWAN - 6,6,YEOPIM,180194883.05257225,179710666.71413136,0.999262241593925,0.9973128185981861,0.9965790183913827,1,1,True,True
CLAY,CLAY - BRAS,BRAS,BRAS BRASSTOWN,38501604.803329855,CLAY - BRAS,BRAS,BRASSTOWN,38566802.11060371,38463290.072460406,0.9990048536660961,0.9973160326374365,0.9963262183716434,1,1,True,True
CLAY,CLAY - HAY1,HAY1,HAY1 HAYESVILLE ONE,39316815.43606815,CLAY - HAY1,HAY1,HAYESVILLE ONE,39316469.73421927,39308184.04153466,0.9997804655733749,0.9997892564428948,0.9995698145272989,1,1,True,True
CLAY,CLAY - HAY2,HAY2,HAY2 HAYESVILLE TWO,35099514.56195008,CLAY - HAY2,HAY2,HAYESVILLE TWO,35095037.36051325,35071903.5828266,0.9992133515386731,0.9993408248166541,0.9985552126844358,1,1,True,True
CLAY,CLAY - HAYC,HAYC,HAYC HAYESVILLE CENTRAL,7560641.5899109645,CLAY - HAYC,HAYC,HAYESVILLE CENTRAL,7559977.335558802,7554689.913433436,0.9992128080128186,0.9993006034422225,0.9985145117559239,1,1,True,True
CLAY,CLAY - HIAW,HIAW,HIAW HIAWASSEE,43470909.030379534,CLAY - HIAW,HIAW,HIAWASSEE,43414120.602818,43405445.5354691,0.9984940849784235,0.999800178669326,0.9982948649625376,1,1,True,True
CLAY,CLAY - SHCR,SHCR,SHCR SHOOTING CREEK,178603705.29604912,CLAY - SHCR,SHCR,SHOOTING CREEK,178872158.2998037,178458028.58857983,0.9991843578652089,0.9976847726602048,0.99687290141415,1,1,True,True
CLAY,CLAY - SWEE,SWEE,SWEE SWEETWATER,45658177.85566559,CLAY - SWEE,SWEE,SWEETWATER,45659914.18012535,45622132.41939517,0.9992105371269007,0.9991725398216665,0.998384382391346,1,1,True,True
CLAY,CLAY - TUSQ,TUSQ,TUSQ TUSQUITTEE,159520869.25674468,CLAY - TUSQ,TUSQ,TUSQUITTEE,159539817.43116823,159417290.34101358,0.999350687366401,0.9992319968010023,0.9985836808094808,1,1,True,True
CLAY,CLAY - WARN,WARN,WARN WARNE,23712826.624247637,CLAY - WARN,WARN,WARNE,23798243.165424127,23690001.80748309,0.9990374485030304,0.9954517080446383,0.994497888390076,1,1,True,True
CLEVELAND,CLEVELAND - B SPGS,B SPGS,B SPGS,51592247.6388641,CLEVELAND - BR,BR,BROAD RIVER,98145311.82690957,51592237.97986489,0.9999998127819653,0.5256719553844168,0.5256719036502646,1,1,True,True
CLEVELAND,CLEVELAND - BETHWR,BETHWR,BETHWR,28613947.949566275,CLEVELAND - BETHWR,BETHWR,BETHWR,28621884.69623271,28605260.84170813,0.9996964030313659,0.999419190780027,0.9991159463193431,1,1,True,True
CLEVELAND,CLEVELAND - CASAR,CASAR,CASAR,93715321.47645074,CLEVELAND - CASAR,CASAR,CASAR,92862786.26413645,92793605.05035979,0.9901647200098165,0.9992550168204097,0.9894343136505126,1,1,True,True
CLEVELAND,CLEVELAND - FALSTN,FALSTN,FALSTN,45198945.82277715,CLEVELAND - FALSTN,FALSTN,FALSTN,45181142.15973966,45175317.86361697,0.999477245348756,0.9998710901087429,0.999348470190084,1,1,True,True
CLEVELAND,CLEVELAND - GROVER,GROVER,GROVER,55737626.84560403,CLEVELAND - GROVER,GROVER,GROVER,55381400.6315226,55381366.46458489,0.9936082606816755,0.9999993830611482,0.9936076516042415,1,1,True,True
CLEVELAND,CLEVELAND - H SPGS,H SPGS,H SPGS,46494418.887011625,CLEVELAND - BR,BR,BROAD RIVER,98145311.82690957,46465318.913245805,0.9993741189918615,0.4734339119039398,0.473293580893409,1,2,True,False
CLEVELAND,CLEVELAND - KINGST,KINGST,KINGST,21106914.45078227,CLEVELAND - KINGST,KINGST,KINGST,21106681.994554337,21106195.105904188,0.999965918993998,0.9999769320137445,0.9999428525800578,1,1,True,True
CLEVELAND,CLEVELAND - KM N,KM N,KM N,33208067.53452745,CLEVELAND - KM N,KM N,KM N,33173607.83090013,33115505.84260333,0.9972126745457898,0.9982485478036345,0.9954709639738488,1,1,True,True
CLEVELAND,CLEVELAND - KM S,KM S,KM S,44376792.08276033,CLEVELAND - KM S,KM S,KM S,44588164.71442857,44293049.7782896,0.9981129256861435,0.9933813168129015,0.9915191164673268,1,1,True,True
CLEVELAND,CLEVELAND - LATT,LATT,LATT,71919957.11868297,CLEVELAND - LATT,LATT,LATT,71994645.69810924,71911708.14012545,0.999885303344329,0.9988480038039,0.998733571241118,1,1,True,True
CLEVELAND,CLEVELAND - LAWNDL,LAWNDL,LAWNDL,47776802.787924446,CLEVELAND - LAWNDL,LAWNDL,LAWNDL,47776788.520028256,47776776.500151925,0.9999994497795794,0.9999997484159839,0.9999991981958403,1,1,True,True
CLEVELAND,CLEVELAND - MRB-YO,MRB-YO,MRB YO,54524902.670266286,CLEVELAND - MRB-YO,MRB-YO,MRB YO,54527565.15148208,54513523.71881579,0.9997913072579091,0.9997424892780874,0.9995339039921854,1,1,True,True
CLEVELAND,CLEVELAND - MULLS,MULLS,MULLS,96791549.87223877,CLEVELAND - MULLS,MULLS,MULLS,97204906.64310095,96644613.87542546,0.9984819336294618,0.9942359620823189,0.9927353325287872,1,1,True,True
CLEVELAND,CLEVELAND - OAKGRV,OAKGRV,OAKGRV,50066122.86500049,CLEVELAND - OAKGRV,OAKGRV,OAKGRV,50059882.58077053,50050258.80895684,0.9996831379157035,0.9998077548064928,0.9994910145216169,1,1,True,True
CLEVELAND,CLEVELAND - POLKVL,POLKVL,POLKVL,125617294.72827592,CLEVELAND - POLKVL,POLKVL,POLKVL,125877680.66386455,125554942.27740929,0.9995036316376538,0.9974360952255144,0.9969422682542008,1,1,True,True
CLEVELAND,CLEVELAND - RIPPY,RIPPY,RIPPY,56512725.38594999,CLEVELAND - RIPPY,RIPPY,RIPPY,56497238.81090455,56491386.809068225,0.9996224111165045,0.9998964196842273,0.9995189090034676,1,1,True,True
CLEVELAND,CLEVELAND - S 1,S 1,S 1,6720932.356984885,CLEVELAND - S C,S C,SHELBY CENTRAL,21316912.77044333,6720928.592327327,0.9999994398608171,0.31528620793748974,0.3152861522566128,1,2,True,False
CLEVELAND,CLEVELAND - S 2,S 2,S 2,9213561.065431874,CLEVELAND - S C,S C,SHELBY CENTRAL,21316912.77044333,9213561.065431865,0.999999999999999,0.4322183594149149,0.43221835941491465,1,1,True,True
CLEVELAND,CLEVELAND - S 3,S 3,S 3,5324152.415500705,CLEVELAND - S C,S C,SHELBY CENTRAL,21316912.77044333,5323817.923728846,0.9999371746438203,0.24974619829145764,0.24974227949052835,1,3,True,False
CLEVELAND,CLEVELAND - S 4,S 4,S 4,48507314.06056775,CLEVELAND - S 4A,S 4A,SHELBY 4,65223628.14455324,48507291.367318146,0.9999995321684978,0.7437073457461281,0.7437070869882051,1,1,True,True
CLEVELAND,CLEVELAND - S 5,S 5,S 5,31494046.177854735,CLEVELAND - S 5,S 5,S 5,31525803.961393066,31493894.494225357,0.9999951837363633,0.998987830184861,0.99898302366602,1,1,True,True
CLEVELAND,CLEVELAND - S 6,S 6,S 6,28759466.93650971,CLEVELAND - S S,S S,SHELBY SOUTH,36421594.527339675,28697891.70684065,0.9978589578935869,0.7879361702656574,0.7866063145822887,1,1,True,True
CLEVELAND,CLEVELAND - S 7,S 7,S 7,7755198.952603578,CLEVELAND - S S,S S,SHELBY SOUTH,36421594.527339675,7723694.351739688,0.995937615391116,0.21206359721406315,0.21188032119233197,1,2,True,False
CLEVELAND,CLEVELAND - S 8,S 8,S 8,16688819.163847458,CLEVELAND - S 4A,S 4A,SHELBY 4,65223628.14455324,16688815.450561497,0.9999997774985802,0.25587070093026043,0.2558706863631311,1,2,True,False
CLEVELAND,CLEVELAND - SHANGI,SHANGI,SHANGI,65398967.41958538,CLEVELAND - SHANGI,SHANGI,SHANGI,65331135.622954495,65323570.14408131,0.9988471182576885,0.9998841979585836,0.9987315830590494,1,1,True,True
CLEVELAND,CLEVELAND - WACO,WACO,WACO,69648560.1259779,CLEVELAND - WACO,WACO,WACO,69759560.7536334,69575411.64113843,0.9989497487858018,0.9973602311926059,0.9963155146042553,1,1,True,True
COLUMBUS,COLUMBUS - P01A,P01A,P01A BOGUE,186956858.90552935,COLUMBUS - P01A,P01A,BOGUE,189106399.33257356,185382489.67121008,0.9915789704451827,0.9803078601543547,0.9722138790634041,1,1,True,True
COLUMBUS,COLUMBUS - P02A,P02A,P02A BOLTON,287764488.1549567,COLUMBUS - P02B,P02B,BOLTON,286832596.2702142,286360387.63456404,0.9951206608939301,0.9983537134837865,0.9934903876677234,1,1,True,True
COLUMBUS,COLUMBUS - P03,P03,P03 BUG HILL 1,86986010.04717587,COLUMBUS - P34,P34,BUG HILL,124301588.21105221,86768380.56490189,0.9974981093838429,0.6980472398918788,0.6968272221128192,1,1,True,True
COLUMBUS,COLUMBUS - P04,P04,P04 BUG HILL 2,36799559.17700062,COLUMBUS - P34,P34,BUG HILL,124301588.21105221,36523736.60481343,0.9925047316229924,0.29383161655826645,0.293181054054523,1,2,True,False
COLUMBUS,COLUMBUS - P05,P05,P05 BUG HILL 3,54047385.160891265,COLUMBUS - P513,P513,NAKINA,116642165.89794788,53675106.09404657,0.9931119874581078,0.46016897646609023,0.4587049582655918,1,2,True,False
COLUMBUS,COLUMBUS - P06,P06,P06 CERRO GORDO,54243899.062705204,COLUMBUS - P06,P06,CERRO GORDO,54523590.09190829,53968605.291819416,0.9949248896992535,0.989821198509611,0.9848486225914104,1,1,True,True
COLUMBUS,COLUMBUS - P07,P07,P07 CHADBOURN,109869989.24074046,COLUMBUS - P07,P07,CHADBOURN,109132670.52067241,108886199.53667915,0.9910458742113308,0.9977415472120553,0.9888276404313783,1,1,True,True
COLUMBUS,COLUMBUS - P08,P08,P08 CHERRY GROVE,75747771.55339864,COLUMBUS - P89,P89,CHERRY BLUFF,152200062.18757638,75747739.82212608,0.9999995810929891,0.49768534081656324,0.4976852370571714,1,2,True,False
COLUMBUS,COLUMBUS - P09,P09,P09 FAIR BLUFF,76166898.39181557,COLUMBUS - P89,P89,CHERRY BLUFF,152200062.18757638,76084820.98576649,0.9989224005731877,0.4999000650341196,0.499630627654718,1,1,True,True
COLUMBUS,COLUMBUS - P10,P10,P10 EAST LEES,121137688.88210762,COLUMBUS - P112,P112,LEES SE,197110058.50307027,120927841.23438677,0.9982676931543157,0.6135041618512997,0.6128517066188659,1,1,True,True
COLUMBUS,COLUMBUS - P11,P11,P11 NORTH LEES,59666058.21137951,COLUMBUS - P11,P11,NORTH LEES,58485177.05094529,57359443.05275052,0.9613412511606293,0.9807518066122265,0.9435392668636737,1,1,True,True
COLUMBUS,COLUMBUS - P12,P12,P12 SOUTH LEES,74779075.44796874,COLUMBUS - P112,P112,LEES SE,197110058.50307027,74483713.68512182,0.9960502084162243,0.3778788066462962,0.3773134171533269,1,2,True,False
COLUMBUS,COLUMBUS - P13,P13,P13 WEST LEES,63770627.12702461,COLUMBUS - P513,P513,NAKINA,116642165.89794788,62700269.75466759,0.9832155112693971,0.5375437713453046,0.5326558977135175,1,1,True,True
COLUMBUS,COLUMBUS - P14,P14,P14 RANSOM,207826057.7998579,COLUMBUS - P14,P14,RANSOM,207945935.5801209,207225556.14839274,0.9971105565018056,0.996535736898543,0.9936662495858105,1,1,True,True
COLUMBUS,COLUMBUS - P15,P15,P15 TATUM,197428193.6602156,COLUMBUS - P15,P15,TATUM,198209232.9469414,196844846.21398094,0.9970452677734639,0.9931164320012998,0.9902021786962932,1,1,True,True
COLUMBUS,COLUMBUS - P16A,P16A,P16A WACCAMAW,138987109.60729513,COLUMBUS - P16B,P16B,WACCAMAW,141524992.8155372,138607197.74424133,0.9972665676397816,0.9793831816328094,0.9767611490115942,1,1,True,True
COLUMBUS,COLUMBUS - P17,P17,P17 WELCHES CREEK,102545450.72416095,COLUMBUS - P17,P17,WELCHES CREEK,99336349.10471909,98603729.9095744,0.9615612317586915,0.9926248628850617,0.9547402462750956,1,1,True,True
COLUMBUS,COLUMBUS - P18,P18,P18 WESTERN PRONG,54489501.964736626,COLUMBUS - P82,P82,NW WHITEVILLE,107513527.60336587,54194145.87685024,0.9945795781345639,0.5040681585370436,0.5026871999904367,1,1,True,True
COLUMBUS,COLUMBUS - P19,P19,P19 WHITEVILLE 1,7663326.239871987,COLUMBUS - P19,P19,WHITEVILLE 1,7766251.791172499,7650280.526715932,0.9982976435104409,0.985067279870016,0.9834153434110426,1,1,True,True
COLUMBUS,COLUMBUS - P20,P20,P20 WHITEVILLE 2,6102425.580293624,COLUMBUS - P20A,P20A,WHITEVILLE 2,6188562.700535971,6095831.388904108,0.9989194146978522,0.9850156949005572,0.9839672336384515,1,1,True,True
COLUMBUS,COLUMBUS - P21,P21,P21 NORTH WHITEVILLE,49960809.358526886,COLUMBUS - P82,P82,NW WHITEVILLE,107513527.60336587,49934996.977101944,0.9994833474125748,0.4644531538516708,0.46434167239787977,1,2,True,False
COLUMBUS,COLUMBUS - P22,P22,P22 SOUTH WHITEVILLE,61173366.41878212,COLUMBUS - P22A,P22A,SOUTH WHITEVILLE,59292152.99822091,58966158.72188683,0.9639188126122545,0.9945018984831961,0.9588092958268662,1,1,True,True
COLUMBUS,COLUMBUS - P23,P23,P23 WEST WHITEVILLE,60176918.63952025,COLUMBUS - P23,P23,WEST WHITEVILLE,60987396.05825239,59805118.14173733,0.9938215431067494,0.9806143893176583,0.9746724451830339,1,1,True,True
COLUMBUS,COLUMBUS - P24,P24,P24 WILLIAMS 1,97496766.89390662,COLUMBUS - P24,P24,WILLIAMS 1,98209716.2178932,97339355.55316271,0.998385471172442,0.9911377336352397,0.9895516720780348,1,1,True,True
COLUMBUS,COLUMBUS - P25A,P25A,P25A WILLIAMS 2,100031569.92438777,COLUMBUS - P25B,P25B,WILLIAMS 2,99409001.88167702,97329703.17099483,0.9729898595469887,0.9790833961580552,0.9531767232226538,1,1,True,True
COLUMBUS,COLUMBUS - P26A,P26A,P26A SOUTH WILLIAMS,98071194.30026227,COLUMBUS - P26B,P26B,SOUTH WILLIAMS,98716687.49653533,97114355.97172801,0.9902434314646488,0.9837683823734102,0.9743244775163968,1,1,True,True
CRAVEN,CRAVEN - 03,03,03 TRENT WOODS,8888103.876420373,CRAVEN - 03,03,TRENT WOODS,9173038.060560815,8883239.814161427,0.9994527446656143,0.9684076044941571,0.9678943722960731,1,1,True,True
CRAVEN,CRAVEN - 04,04,04 RHEMS,30543579.818374563,CRAVEN - CLR4,CLR4,CLARKS RHEMS,76728634.26948628,30432650.361554086,0.9963681579736196,0.39662703045995246,0.39605443974085425,1,2,True,False
CRAVEN,CRAVEN - 05,05,05 RIVER BEND,7126092.747543944,CRAVEN - 05,05,RIVER BEND,7425394.872286811,7124749.111960299,0.9998114484849909,0.9595111417645159,0.9593375482938947,1,1,True,True
CRAVEN,CRAVEN - 06,06,06 CLARKS,46493588.227139324,CRAVEN - CLR4,CLR4,CLARKS RHEMS,76728634.26948628,45733672.028788015,0.9836554624556224,0.5960443902619488,0.5901990907388343,1,1,True,True
CRAVEN,CRAVEN - 07,07,07 JASPER,190037965.97231528,CRAVEN - 07,07,JASPER,189928862.0082726,189908581.72758904,0.9993191663357148,0.9998932217016987,0.9992125333766864,1,1,True,True
CRAVEN,CRAVEN - 08,08,08 COVE CITY,110547824.37646247,CRAVEN - CFB8,CFB8,COVE FORT BARNWELL,146554532.23094603,110266295.22785819,0.9974533270989978,0.7523908919725286,0.7509483310290889,1,1,True,True
CRAVEN,CRAVEN - 09,09,09 DOVER,46415045.439633206,CRAVEN - DFB9,DFB9,DOVER FORT BARNWELL WEST,100156038.86617002,46284804.99884755,0.9971940038073421,0.4621269523317909,0.4615267942803948,1,2,True,False
CRAVEN,CRAVEN - 10,10,10 FORT BARNWELL,89994575.60846134,CRAVEN - DFB9,DFB9,DOVER FORT BARNWELL WEST,100156038.86617002,53423033.29607653,0.5936250372300624,0.5333980247308021,0.39072609078274045,1,1,True,True
CRAVEN,CRAVEN - 11,11,11 BRIDGETON,84861153.81663744,CRAVEN - 11,11,BRIDGETON,84883784.58229603,84822004.32894634,0.9995386642069976,0.9992721783830244,0.9988115137312894,1,1,True,True
CRAVEN,CRAVEN - 12,12,12 TRUITT,97340774.94807783,CRAVEN - TE13,TE13,TRUITT ERNUL,241996199.51611993,97040521.096547,0.9969154359856803,0.4010001863276489,0.4005032667535652,1,2,True,False
CRAVEN,CRAVEN - 13,13,13 ERNUL,143919412.49132833,CRAVEN - TE13,TE13,TRUITT ERNUL,241996199.51611993,143893211.31505644,0.9998179455028454,0.594609384786935,0.5945450127897184,1,1,True,True
CRAVEN,CRAVEN - 14,14,14 VANCEBORO,205204518.9811368,CRAVEN - VE14,VE14,VAN EP,290878091.01919264,204168867.98980376,0.9949530790234291,0.7019052802307216,0.6994150620783105,1,1,True,True
CRAVEN,CRAVEN - 15,15,15 EPWORTH,86874440.89398858,CRAVEN - VE14,VE14,VAN EP,290878091.01919264,85643762.12174234,0.9858338222429769,0.29443180757154863,0.2931913416460953,1,2,True,False
CRAVEN,CRAVEN - 16,16,16 GRANTHAM 1A,42369830.695626736,CRAVEN - 16,16,GRANTHAM 1A,42366851.72862911,42360701.88352116,0.9997845445224657,0.9998548429997267,0.9996394500606579,1,1,True,True
CRAVEN,CRAVEN - 17,17,17 CROATAN,139046618.40351132,CRAVEN - 17,17,CROATAN,137681876.32576466,137643240.05007306,0.9899071378394426,0.9997193800903745,0.9896321530815341,1,1,True,True
CRAVEN,CRAVEN - 18,18,18 EAST HAVELOCK,43189811.10952111,CRAVEN - 02,02,HAVELOCK,305704202.9474564,43109705.83506327,0.998145273794907,0.14101770737667238,0.14098076544783858,1,2,True,False
CRAVEN,CRAVEN - 19,19,19 HARLOWE,194994878.15535128,CRAVEN - 19,19,HARLOWE,196293722.3744103,194844339.60062492,0.9992279871340701,0.9926162550882762,0.991855596488569,1,1,True,True
CRAVEN,CRAVEN - 20,20,20 FAIRFIELD HARBOUR,44664222.83644702,CRAVEN - 20,20,FAIRFIELD HARBOUR,46570822.868095286,44658936.20160869,0.9998816360276167,0.9589466848824698,0.958837839360452,1,1,True,True
CRAVEN,CRAVEN - 21,21,21 BRICES CREEK,36279188.14891007,CRAVEN - 21,21,BRICES CREEK,36317546.985152714,36231540.22132494,0.9986866319227004,0.9976318124166554,0.9963246535118645,1,1,True,True
CRAVEN,CRAVEN - 22,22,22 WEST HAVELOCK,266714944.92719454,CRAVEN - 02,02,HAVELOCK,305704202.9474564,260397957.2293351,0.9763155840420423,0.8517971121060824,0.8345521555468247,1,1,True,True
CRAVEN,CRAVEN - 23,23,23 GRANTHAM 2B,31466697.60425478,CRAVEN - 23,23,GRANTHAM 2B,31466651.656804856,31459347.891491618,0.9997664288494588,0.9997678887034789,0.9995344259567019,1,1,True,True
CRAVEN,CRAVEN - N1,N1,N1 GEORGE STREET,8439720.095904918,CRAVEN - N1,N1,GEORGE STREET,8439711.668599961,8435560.483494181,0.9995071385823855,0.9995081366202089,0.9990157598049597,1,1,True,True
CRAVEN,CRAVEN - N2,N2,N2 FORT TOTTEN,4213086.378542524,CRAVEN - N2,N2,FORT TOTTEN,4213095.04532713,4209082.694120987,0.9990497027447793,0.9990476475932836,0.9980991586535235,1,1,True,True
CRAVEN,CRAVEN - N3,N3,N3 GROVER C FIELDS,5007697.321188746,CRAVEN - N3N5,N3N5,GLENBURNIE GROVER C,13009928.022784498,5005428.177762782,0.9995468688939401,0.3847391137750105,0.38467202070690054,1,2,True,False
CRAVEN,CRAVEN - N4,N4,N4 H J MACDONALD,18955861.308709655,CRAVEN - N4,N4,H J MACDONALD,19689339.89311913,18932202.926310908,0.9987519225840782,0.9615458430339343,0.960391852203596,1,1,True,True
CRAVEN,CRAVEN - N5,N5,N5 GLENBURNIE PARK,8002221.732592904,CRAVEN - N3N5,N3N5,GLENBURNIE GROVER C,13009928.022784498,7999339.990008827,0.9996398821876755,0.6148642771888864,0.6147281128552067,1,1,True,True
CRAVEN,CRAVEN - N6,N6,N6 WEST NEW BERN,13476458.287956819,CRAVEN - N6,N6,WEST NEW BERN,13314910.95831927,13290633.239666916,0.9862111361665428,0.9981766518207781,0.984437680520573,1,1,True,True
CUMBERLAND,CUMBERLAND - AH49,AH49,AH49 ARRAN HILLS,3775499.916058968,CUMBERLAND - AH49,AH49,ARRAN HILLS,3758588.1616649223,3749737.6830125675,0.9931764710318701,0.9976452651177312,0.9908537243942508,1,1,True,True
CUMBERLAND,CUMBERLAND - AL51,AL51,AL51 ALDERMAN,78920251.71414563,CUMBERLAND - AL51-3,AL51-3,ALDERMAN3,37034900.282273345,36997857.9947774,0.4688005574131477,0.9989998005337231,0.46858062276055434,1,1,True,True
CUMBERLAND,CUMBERLAND - CC01,CC01,CC01 CROSS CREEK 01,8132693.274380855,CUMBERLAND - CC01,CC01,CROSS CREEK 01,8086900.316727213,8082833.38242526,0.9938692029474834,0.9994970960265777,0.9933724449443645,1,1,True,True
CUMBERLAND,CUMBERLAND - CC03,CC03,CC03 CROSS CREEK 03,7839134.113412641,CUMBERLAND - CC03,CC03,CROSS CREEK 03,7844453.895975864,7834613.877201812,0.9994233755737009,0.9987456081832415,0.9981704290595134,1,1,True,True
CUMBERLAND,CUMBERLAND - CC04,CC04,CC04 CROSS CREEK 04,1503050.9848287243,CUMBERLAND - CC04,CC04,CROSS CREEK 04,1502997.223787964,1501269.7813049161,0.9988149413813723,0.9988506682143469,0.9976683304710022,1,1,True,True
CUMBERLAND,CUMBERLAND - CC05,CC05,CC05 CROSS CREEK 05,4566244.001108901,CUMBERLAND - CC519,CC519,CROSS CREEK 519,11572880.823269235,4565145.420775135,0.9997594126959709,0.39446923289801256,0.3944317906211235,1,2,True,False
CUMBERLAND,CUMBERLAND - CC06,CC06,CC06 CROSS CREEK 06,2069989.5677682417,CUMBERLAND - CC06,CC06,CROSS CREEK 06,2069989.5157952297,2067999.0383581724,0.9990383867430717,0.9990384118267901,0.9980786461451022,1,1,True,True
CUMBERLAND,CUMBERLAND - CC07,CC07,CC07 CROSS CREEK 07,1066804.881750259,CUMBERLAND - CC07,CC07,CROSS CREEK 07,1066798.0890218888,1065223.5737824189,0.9985177158495508,0.998524073809587,0.9970461586808934,1,1,True,True
CUMBERLAND,CUMBERLAND - CC08,CC08,CC08 CROSS CREEK 08,1938832.1009269767,CUMBERLAND - CC08,CC08,CROSS CREEK 08,1938832.9453441116,1937111.6698397058,0.9991126456558831,0.999112210513784,0.9982264303401919,1,1,True,True
CUMBERLAND,CUMBERLAND - CC10,CC10,CC10 CROSS CREEK 10,1524935.7667891304,CUMBERLAND - CC10,CC10,CROSS CREEK 10,1524936.429995863,1523364.4914779265,0.9989696121335574,0.9989691776738912,0.997940911914029,1,1,True,True
CUMBERLAND,CUMBERLAND - CC12,CC12,CC12 CROSS CREEK 12,2082857.2098654802,CUMBERLAND - CC12,CC12,CROSS CREEK 12,2082859.2945840037,2080864.4882305516,0.9990432749659987,0.9990422750309447,0.9980873808033567,1,1,True,True
CUMBERLAND,CUMBERLAND - CC13,CC13,CC13 CROSS CREEK 13,3892898.2400894393,CUMBERLAND - CC13,CC13,CROSS CREEK 13,3892900.9569824003,3890158.411124577,0.9992961981547199,0.9992955007363071,0.9985926898490071,1,1,True,True
CUMBERLAND,CUMBERLAND - CC14,CC14,CC14 CROSS CREEK 14,6096418.241569014,CUMBERLAND - CC14,CC14,CROSS CREEK 14,6096438.385651834,6092980.509489395,0.9994361062605287,0.9994328038858593,0.9988695494615022,1,1,True,True
CUMBERLAND,CUMBERLAND - CC15,CC15,CC15 CROSS CREEK 15,4306273.148408703,CUMBERLAND - CC15,CC15,CROSS CREEK 15,4306254.630821338,4302090.408660224,0.9990286868472279,0.9990329828312265,0.9980635464125793,1,1,True,True
CUMBERLAND,CUMBERLAND - CC16,CC16,CC16 CROSS CREEK 16,3077118.9640198573,CUMBERLAND - CC16,CC16,CROSS CREEK 16,3077120.303279712,3075184.178314755,0.9993712346751213,0.9993707997172249,0.998742825133624,1,1,True,True
CUMBERLAND,CUMBERLAND - CC17,CC17,CC17 CROSS CREEK 17,7958181.076530523,CUMBERLAND - CC17,CC17,CROSS CREEK 17,7989266.034769897,7924935.512521548,0.9958224670073141,0.9919478808230471,0.9878372146857132,1,1,True,True
CUMBERLAND,CUMBERLAND - CC18,CC18,CC18 CROSS CREEK 18,4034111.0346670593,CUMBERLAND - CC18,CC18,CROSS CREEK 18,4034130.101293179,4030731.4605383915,0.9991622505926026,0.9991575282230739,0.9983211891912688,1,1,True,True
CUMBERLAND,CUMBERLAND - CC19,CC19,CC19 CROSS CREEK 19,7006631.78200808,CUMBERLAND - CC519,CC519,CROSS CREEK 519,11572880.823269235,7003926.259152623,0.9996138625605524,0.6052016231835762,0.6050601714441375,1,1,True,True
CUMBERLAND,CUMBERLAND - CC21,CC21,CC21 CROSS CREEK 21,5196852.125482748,CUMBERLAND - CC21,CC21,CROSS CREEK 21,5196844.950646895,5194443.502890477,0.9995365227768439,0.9995379027507605,0.9990748536725642,1,1,True,True
CUMBERLAND,CUMBERLAND - CC24,CC24,CC24 CROSS CREEK 24,4673385.398363184,CUMBERLAND - CC24,CC24,CROSS CREEK 24,4768695.083532506,4669146.787423647,0.9990930320146458,0.9791246254237089,0.9782551123287969,1,1,True,True
CUMBERLAND,CUMBERLAND - CC25,CC25,CC25 CROSS CREEK 25,2433046.5372513994,CUMBERLAND - CC25,CC25,CROSS CREEK 25,2320316.5477617164,2319461.6202693917,0.953315764724203,0.9996315470433768,0.9529809048837635,1,1,True,True
CUMBERLAND,CUMBERLAND - CC26,CC26,CC26 CROSS CREEK 26,3448609.50739452,CUMBERLAND - CC26,CC26,CROSS CREEK 26,3351770.9776664586,3349586.4691805877,0.9712860971932,0.9993482524610343,0.9706712292202748,1,1,True,True
CUMBERLAND,CUMBERLAND - CC27,CC27,CC27 CROSS CREEK 27,3937717.475324218,CUMBERLAND - CC27,CC27,CROSS CREEK 27,3912601.713935597,3907623.68959341,0.9923575558888135,0.9987276945863269,0.9911046110266537,1,1,True,True
CUMBERLAND,CUMBERLAND - CC29,CC29,CC29 CROSS CREEK 29,3786163.458883656,CUMBERLAND - CC29,CC29,CROSS CREEK 29,3755574.196989667,3753636.3273313874,0.9914089468387983,0.9994840017646748,0.9909017742078685,1,1,True,True
CUMBERLAND,CUMBERLAND - CC31,CC31,CC31 CROSS CREEK 31,3661265.9889690904,CUMBERLAND - CC31,CC31,CROSS CREEK 31,3644542.9871649626,3590548.595440344,0.9806849888148502,0.9851848662741058,0.9664325585626711,1,1,True,True
CUMBERLAND,CUMBERLAND - CC32,CC32,CC32 CROSS CREEK 32,2685205.0290621314,CUMBERLAND - CC32,CC32,CROSS CREEK 32,2707596.3115685116,2683886.1841089637,0.9995088475781574,0.9912431083768862,0.9907605181533801,1,1,True,True
CUMBERLAND,CUMBERLAND - CC33,CC33,CC33 CROSS CREEK 33,3482868.1171697425,CUMBERLAND - CC33,CC33,CROSS CREEK 33,3476621.385420804,3474516.196905982,0.9976019992768066,0.9993944728857592,0.9969993719144061,1,1,True,True
CUMBERLAND,CUMBERLAND - CC34,CC34,CC34 CROSS CREEK 34,2584297.100973943,CUMBERLAND - CC34,CC34,CROSS CREEK 34,2584298.226116356,2582003.485438938,0.9991124799334641,0.9991120449434868,0.9982260996348408,1,1,True,True
CUMBERLAND,CUMBERLAND - CL57-1,CL57-1,CL57 CLIFFDALE WEST 1 CL57,3233077.8396042003,CUMBERLAND - CL57-1,CL57-1,CLIFFDALE WEST 1 CL57,6638054.075462703,3197105.4398315484,0.9888736363436719,0.4816329308990595,0.4790369729120388,1,2,True,False
CUMBERLAND,CUMBERLAND - CL57-2,CL57-2,CL57 CLIFFDALE WEST 2 CL57,4166468.439735795,CUMBERLAND - CL57-2,CL57-2,CLIFFDALE WEST 2 CL57,4227587.306431015,4161042.2955776732,0.998697663444088,0.9842593408414976,0.9829976550153775,1,1,True,True
CUMBERLAND,CUMBERLAND - CU02,CU02,CU02 CUMBERLAND 2,2632273.5529797818,CUMBERLAND - CU02,CU02,CUMBERLAND 2,2616393.629098161,2546138.4226738084,0.9672772876479853,0.9731480746463333,0.9421318510723982,1,1,True,True
CUMBERLAND,CUMBERLAND - EO61-1,EO61-1,EO61 1 EASTOVER 1,78708830.7599483,CUMBERLAND - EO01,EO01,EASTOVER 1,78510063.12405969,78430935.90798919,0.9964693307056403,0.9989921391867248,0.9954685706140742,1,1,True,True
CUMBERLAND,CUMBERLAND - EO61-2,EO61-2,EO61 2 EASTOVER 2,49193241.439356156,CUMBERLAND - EO02,EO02,EASTOVER 2,49452507.29916467,49182838.90277344,0.9997885372811722,0.9945469216604154,0.9943377586578713,1,1,True,True
CUMBERLAND,CUMBERLAND - G10A,G10A,G10A STONEY POINT 2 G10,12107767.549363678,CUMBERLAND - G10A,G10A,STONEY POINT 2 G10,11944588.882248042,11909837.403403895,0.9836526308295219,0.9970906090459258,0.9808374502635412,1,1,True,True
CUMBERLAND,CUMBERLAND - G10B,G10B,G10B HOPE MILLS 4 G10,5967557.81634754,CUMBERLAND - G10B,G10B,HOPE MILLS 4 G10,5566886.286518307,5538261.5803468665,0.9280616544971447,0.9948580400787487,0.9236312536430689,1,1,True,True
CUMBERLAND,CUMBERLAND - G10C,G10C,G10C STONEY POINT 1 G10,14712696.087253116,CUMBERLAND - G10C,G10C,STONEY POINT 1 G10,14735363.763124865,14661274.133122375,0.9965049265052588,0.9949719850019653,0.9915119089075076,1,1,True,True
CUMBERLAND,CUMBERLAND - G11A-1,G11A-1,G11A 1 SPRING LAKE G11,6922827.705088794,CUMBERLAND - SL78-3,SL78-3,SPRING LAKE 3,27631642.268896915,6739515.137431519,0.9735205647942781,0.2439057031734136,0.24229825922904258,1,2,True,False
CUMBERLAND,CUMBERLAND - G11A-2,G11A-2,G11A 2 SPRING LAKE G11,18408114.08312562,CUMBERLAND - SL78-3,SL78-3,SPRING LAKE 3,27631642.268896915,18309258.37048247,0.9946297750982667,0.6626192606398923,0.6602571069106214,1,1,True,True
CUMBERLAND,CUMBERLAND - G11B,G11B,G11B MANCHESTER G11,192267412.60039777,CUMBERLAND - G11B,G11B,MANCHESTER G11,187485592.15698367,186979533.1316703,0.9724972661918657,0.9973008111210506,0.969944316273505,1,1,True,True
CUMBERLAND,CUMBERLAND - G1A,G1A,G1A CROSS CREEK 02 G1,24042084.5284643,CUMBERLAND - G1A,G1A,CROSS CREEK 02 G1,24180882.220449224,24001987.34922687,0.9983322087071961,0.9926018054431832,0.9909585798804394,1,1,True,True
CUMBERLAND,CUMBERLAND - G1B,G1B,G1B JUDSON VANDER G1,58955114.6594054,CUMBERLAND - G1B,G1B,JUDSON VANDER G1,58786239.26262945,58774155.967000216,0.9969305683917228,0.9997944536717981,0.9967262818188914,1,1,True,True
CUMBERLAND,CUMBERLAND - G2A,G2A,G2A CROSS CREEK 09 G2,7597423.51584245,CUMBERLAND - G2A,G2A,CROSS CREEK 09 G2,7597716.2303033825,7543455.972439552,0.9928965993154966,0.9928583463478914,0.9858556881769427,1,1,True,True
CUMBERLAND,CUMBERLAND - G2B,G2B,G2B CROSS CREEK 22 G2,12752268.679357998,CUMBERLAND - CC22A,CC22A,CROSS CREEK 22,12599481.350036189,12587045.389410954,0.9870436159948159,0.9990129783695264,0.9860819928401796,1,1,True,True
CUMBERLAND,CUMBERLAND - G2C-1,G2C-1,G2C CROSS CREEK 23 G2C 1,3467357.945929698,CUMBERLAND - G2C-1,G2C-1,CROSS CREEK 23 G2C 1,4287072.659904148,3376802.785266689,0.9738835268596047,0.7876709944408053,0.771377312936849,1,1,True,True
CUMBERLAND,CUMBERLAND - G2C-2,G2C-2,G2C CROSS CREEK 23 G2C 2,6526538.63301682,CUMBERLAND - CC23-2,CC23-2,CROSS CREEK 23 2,5828699.7293210225,5664618.41503483,0.8679360888754017,0.9718494137790649,0.8466507527928314,1,1,True,True
CUMBERLAND,CUMBERLAND - G2D,G2D,G2D LONGHILL G2,47783179.894546956,CUMBERLAND - LO66A,LO66A,LONG HILL,47797177.00417157,47634748.36770619,0.996893644852261,0.9966017106731804,0.9935163996697406,1,1,True,True
CUMBERLAND,CUMBERLAND - G2E-1,G2E-1,G2E WESTAREA G2E 1,3242528.3050930006,CUMBERLAND - G2E-1,G2E-1,WESTAREA G2E 1,3401052.996915184,3212117.1584167057,0.9906211623107412,0.9444478405159089,0.9360777277581581,1,1,True,True
CUMBERLAND,CUMBERLAND - G2E-2,G2E-2,G2E WESTAREA G2E 2,5077609.015108682,CUMBERLAND - G2E-2,G2E-2,WESTAREA G2E 2,4875423.728227498,4844627.619717851,0.9541159245035246,0.9936833985667041,0.9483640201751184,1,1,True,True
CUMBERLAND,CUMBERLAND - G3A-1,G3A-1,G3A PEARCES MILL 2 G3A 1,5450468.105494538,CUMBERLAND - G3A-1,G3A-1,PEARCES MILL 2 G3A 1,5740562.759245137,5438305.8682072805,0.9977685884860059,0.9473471672178702,0.9453443144745076,1,1,True,True
CUMBERLAND,CUMBERLAND - G3A-2,G3A-2,G3A PEARCES MILL 2 G3A 2,9221912.272441415,CUMBERLAND - G3A-2C,G3A-2C,PEARCES MILL 2C,8506355.641300911,8422752.907974033,0.9133412527838098,0.9901717331308179,0.9051355999912896,1,1,True,True
CUMBERLAND,CUMBERLAND - G3B,G3B,G3B CROSS CREEK 11 G3,4402565.399259358,CUMBERLAND - G3B,G3B,CROSS CREEK 11 G3,4462529.278420163,4392824.361784638,0.9977874178822287,0.9843799530968674,0.982235878312658,1,1,True,True
CUMBERLAND,CUMBERLAND - G3C,G3C,G3C PEARCES MILL 3 G3,38568418.52323187,CUMBERLAND - G3C,G3C,PEARCES MILL 3 G3,38547648.78605725,38487897.04413819,0.9979122431726057,0.9984499251238206,0.9963686289034691,1,1,True,True
CUMBERLAND,CUMBERLAND - G4A,G4A,G4A CROSS CREEK 30 G4,3358348.7933312044,CUMBERLAND - G4A,G4A,CROSS CREEK 30 G4,3357541.377866693,3349530.409899044,0.9973741907184651,0.9976140374559616,0.9950007270187557,1,1,True,True
CUMBERLAND,CUMBERLAND - G4B,G4B,G4B CROSS CREEK 20 G4,3417546.3211721303,CUMBERLAND - G4B,G4B,CROSS CREEK 20 G4,3479432.699482304,3405955.9337887797,0.9966085646560087,0.9788825443571716,0.9756326008278419,1,1,True,True
CUMBERLAND,CUMBERLAND - G4C,G4C,G4C PEARCES MILL 4 G4,3218877.49878159,CUMBERLAND - G4C,G4C,PEARCES MILL 4 G4,3214026.063669721,3207918.4521396803,0.9965953825064614,0.998099700684111,0.9947079885369453,1,1,True,True
CUMBERLAND,CUMBERLAND - G5A-1,G5A-1,G5A AUMAN G5A 1,4575385.505131866,CUMBERLAND - G5A-1,G5A-1,AUMAN G5A 1,4583948.472966212,4557319.419293075,0.9960514614957521,0.9941908043185517,0.9902879187058604,1,1,True,True
CUMBERLAND,CUMBERLAND - G5A-2,G5A-2,G5A AUMAN G5A 2,13766580.123299863,CUMBERLAND - G5A-2,G5A-2,AUMAN G5A 2,13787223.283132195,13727308.141080143,0.9971472957068508,0.9956542995771052,0.9928263003481202,1,1,True,True
CUMBERLAND,CUMBERLAND - G5B-1,G5B-1,G5B CROSS CREEK 28 G5B 1,4687170.653909735,CUMBERLAND - G5B-1,G5B-1,CROSS CREEK 28 G5B 1,4720421.2090827925,4680960.092631638,0.9986749871646092,0.9916403399816894,0.9903373734303476,1,1,True,True
CUMBERLAND,CUMBERLAND - G5B-2,G5B-2,G5B CROSS CREEK 28 G5B 2,4189788.7094113603,CUMBERLAND - G5B-2,G5B-2,CROSS CREEK 28 G5B 2,4196270.321338562,4185704.1092144633,0.9990251059229498,0.9974819991766573,0.9965120061055125,1,1,True,True
CUMBERLAND,CUMBERLAND - G5C,G5C,G5C BRENTWOOD G5,3395281.2545302,CUMBERLAND - G5C,G5C,BRENTWOOD G5,3401539.2682754486,3389088.2744289553,0.9981760038014579,0.9963396001443764,0.9945289205287127,1,1,True,True
CUMBERLAND,CUMBERLAND - G6A,G6A,G6A STEDMAN G6,104523521.15419507,CUMBERLAND - G6A,G6A,STEDMAN G6,104403808.58992822,104275480.59020242,0.9976269402211706,0.9987708494406574,0.9964036128672235,1,1,True,True
CUMBERLAND,CUMBERLAND - G6B,G6B,G6B BEAVER DAM G6,182912605.53847614,CUMBERLAND - G6B,G6B,BEAVER DAM G6,182843865.0131359,182419556.35540783,0.9973044548700358,0.9976793935213654,0.9949963276909166,1,1,True,True
CUMBERLAND,CUMBERLAND - G6C,G6C,G6C CEDAR CREEK G6,124734531.21775492,CUMBERLAND - G6C,G6C,CEDAR CREEK G6,124041201.00558795,123766309.43038742,0.9922377406006584,0.9977838688034942,0.9900558427133377,1,1,True,True
CUMBERLAND,CUMBERLAND - G7A,G7A,G7A BLACK RIVER G7,89306087.0113273,CUMBERLAND - G7A,G7A,BLACK RIVER G7,90828706.03893824,87154213.52931933,0.9759045149774054,0.9595448105575384,0.9373378180514098,1,1,True,True
CUMBERLAND,CUMBERLAND - G7B,G7B,G7B WADE G7,79152621.24953736,CUMBERLAND - G7B,G7B,WADE G7,77262761.69405484,75430891.22632827,0.9529803313591355,0.9762903832640566,0.9314239013770119,1,1,True,True
CUMBERLAND,CUMBERLAND - G8A,G8A,G8A CUMBERLAND 4 G8,5237640.955950841,CUMBERLAND - G8A,G8A,CUMBERLAND 4 G8,5140532.068434854,5108326.210482499,0.9753104982651742,0.9937349174125157,0.9693500382222563,1,1,True,True
CUMBERLAND,CUMBERLAND - G8B,G8B,G8B CUMBERLAND 1A G8,6421792.542711004,CUMBERLAND - G8B,G8B,CUMBERLAND 1A G8,6434065.74680854,6406720.961465508,0.9976530569704244,0.995749999080038,0.9934229394675755,1,1,True,True
CUMBERLAND,CUMBERLAND - G8C,G8C,G8C CUMBERLAND 3 G8,5115774.74837563,CUMBERLAND - G8C,G8C,CUMBERLAND 3 G8,5198011.4904442625,5086638.111814351,0.9943045505335177,0.9785738490892807,0.9731191824342492,1,1,True,True
CUMBERLAND,CUMBERLAND - G8D,G8D,G8D HOPE MILLS 1A G8,5869283.128802591,CUMBERLAND - G8D,G8D,HOPE MILLS 1A G8,6076351.388646113,5727910.606603175,0.9759131534299901,0.9426562488314926,0.9212230534411513,1,1,True,True
CUMBERLAND,CUMBERLAND - G9A,G9A,G9A HOPE MILLS 3 G9,7307728.939537766,CUMBERLAND - G9A-3,G9A-3,HOPE MILLS 3A,7808720.529765603,6974117.668280767,0.9543481601442512,0.8931191277362965,0.8565258501753615,1,1,True,True
CUMBERLAND,CUMBERLAND - G9B-1,G9B-1,G9B HOPE MILLS 2 G9B 1,26564501.18166277,CUMBERLAND - G9B-1,G9B-1,HOPE MILLS 2 G9B 1,27922087.01401751,26440065.629891463,0.9953157203698142,0.9469229723629885,0.9427217070448186,1,1,True,True
CUMBERLAND,CUMBERLAND - G9B-2,G9B-2,G9B HOPE MILLS 2 G9B 2,31055116.091295864,CUMBERLAND - G9B-2,G9B-2,HOPE MILLS 2 G9B 2,31015283.626990627,30962221.921976626,0.9970087321829308,0.9982891755673701,0.9953081188075711,1,1,True,True
CUMBERLAND,CUMBERLAND - LI65,LI65,LI65 LINDEN,125289860.34693229,CUMBERLAND - LI65,LI65,LINDEN,125249097.08078226,125209841.15383351,0.9993613274619574,0.9996865771661138,0.9990483047866795,1,1,True,True
CUMBERLAND,CUMBERLAND - LR63,LR63,LR63 LAKE RIM,6832094.224509069,CUMBERLAND - LR63,LR63,LAKE RIM,6832093.865856347,6828974.802263126,0.9995434163898453,0.999543468861163,0.9990873019500324,1,1,True,True
CUMBERLAND,CUMBERLAND - MB62,MB62,MB62 MONTIBELLO,9234791.665475577,CUMBERLAND - MB62,MB62,MONTIBELLO,9242446.144078823,9212597.470087452,0.9975966761144056,0.9967704789915932,0.9943826346762978,1,1,True,True
CUMBERLAND,CUMBERLAND - MR02,MR02,MR02 MORGANTON RD 2,5568214.930354506,CUMBERLAND - MR02,MR02,MORGANTON RD 2,5658521.765714609,5544426.366848511,0.9957277935921054,0.9798365361855793,0.9757345244480857,1,1,True,True
CUMBERLAND,CUMBERLAND - SH77,SH77,SH77 SHERWOOD,48338997.84379305,CUMBERLAND - SH77,SH77,SHERWOOD,48339004.81481376,48328260.41547433,0.9997778723432907,0.9997777281642312,0.9995556992310296,1,1,True,True
CURRITUCK,CURRITUCK - CB,CB,CB CAROVA BEACH,154643869.81732336,CURRITUCK - CB,CB,CAROVA BEACH,154297499.2459654,154289877.22101444,0.9977109173695208,0.9999506017596643,0.9976617450180909,1,1,True,True
CURRITUCK,CURRITUCK - CH,CH,CH COURTHOUSE,101468762.73520653,CURRITUCK - CH,CH,COURTHOUSE,101438743.01058942,101424952.97790465,0.9995682438996896,0.9998640555642203,0.9994324168202744,1,1,True,True
CURRITUCK,CURRITUCK - CI,CI,CI CHURCHS ISLAND,19176750.38621604,CURRITUCK - CO,CO,COINJOCK,89231697.7786341,19172749.558763187,0.9997913709376053,0.21486478500416886,0.21485515167419078,1,2,True,False
CURRITUCK,CURRITUCK - CJ,CJ,CJ COINJOCK,70000910.2876954,CURRITUCK - CO,CO,COINJOCK,89231697.7786341,69993388.17839247,0.9998925426930592,0.7844004980386229,0.7843343797299811,1,1,True,True
CURRITUCK,CURRITUCK - GW,GW,GW GIBBS WOODS,43032909.007853694,CURRITUCK - GW,GW,GIBBS WOODS,42980394.51355096,42967356.303030655,0.9984766843252201,0.9996966474908415,0.9981742551756464,1,1,True,True
CURRITUCK,CURRITUCK - IR,IR,IR INDIAN RIDGE,93131863.50125016,CURRITUCK - IR,IR,INDIAN RIDGE,93209140.41293757,93112410.20890747,0.9997911209803889,0.9989622240522597,0.9987537783017507,1,1,True,True
CURRITUCK,CURRITUCK - KI,KI,KI KNOTTS ISLAND,91376510.90063307,CURRITUCK - KI,KI,KNOTTS ISLAND,91324866.32817857,91311473.10520661,0.9992882438300015,0.9998533452770264,0.9991417977822548,1,1,True,True
CURRITUCK,CURRITUCK - MY,MY,MY MOYOCK,148470042.68315464,CURRITUCK - WM,WM,WEST MOYOCK,105374998.64778295,104923636.77604146,0.706699040963811,0.9957166132618405,0.704557125885581,1,1,True,True
CURRITUCK,CURRITUCK - PB,PB,PB POPLAR BRANCH,235171612.77007166,CURRITUCK - PB,PB,POPLAR BRANCH,235606829.6844634,235101205.33284393,0.9997006125169684,0.9978539486639812,0.9975558446123934,1,1,True,True
CURRITUCK,CURRITUCK - PP,PP,PP POWELLS POINT,168178683.2462331,CURRITUCK - PP,PP,POWELLS POINT,167284010.55678692,167131734.6792241,0.993774784373379,0.9990897164824302,0.9928757939073475,1,1,True,True
CURRITUCK,CURRITUCK - WH,WH,WH WHALEHEAD,239216276.73321545,CURRITUCK - WH,WH,WHALEHEAD,239232144.25373828,239199129.97461027,0.999928321104068,0.9998619989833264,0.9997903398688416,1,1,True,True
DARE,DARE - AVON,AVON,AVON AVON,985088688.0169079,DARE - AVON,AVON,AVON,943469293.2184564,943446426.6481196,0.9577273986846617,0.9999757633125941,0.9577051677598252,1,1,True,True
DARE,DARE - BUX,BUX,BUX BUXTON,147751112.25435615,DARE - BUX,BUX,BUXTON,147719027.52728528,147695679.53640148,0.9996248236841748,0.9998419432399832,0.9994668854908506,1,1,True,True
DARE,DARE - CHCA,CHCA,CHCA CHICAMACOMICO,883627250.969129,DARE - CHCA,CHCA,CHICAMACOMICO,874217798.0209578,874163542.099935,0.9892899309535617,0.999937937752874,0.98922919092908,1,1,True,True
DARE,DARE - COL,COL,COL COLINGTON,54779111.54776906,DARE - COL,COL,COLINGTON,54331167.62409261,54186316.33637255,0.9891784442162852,0.9973339191102562,0.9865696781325481,1,1,True,True
DARE,DARE - DUCK,DUCK,DUCK DUCK,92253800.57382593,DARE - DUCK,DUCK,DUCK,92253170.45186555,92177956.86192362,0.9991778798116657,0.9991847045519029,0.9983639238086491,1,1,True,True
DARE,DARE - EL,EL,EL EAST LAKE,503939442.0486029,DARE - EL,EL,EAST LAKE,500948651.31066597,499931031.42265445,0.9920458485851921,0.9979686143772439,0.99004661803385,1,1,True,True
DARE,DARE - FRCO,FRCO,FRCO FRISCO,29481643.64987018,DARE - FRCO,FRCO,FRISCO,29502114.566092692,29454831.867812052,0.9990905601337379,0.9983973115494921,0.9974907831234641,1,1,True,True
DARE,DARE - HAT,HAT,HAT HATTERAS,118490059.11484975,DARE - HAT,HAT,HATTERAS,118501789.59410076,118480080.39020017,0.9999157842883688,0.9998168027337397,0.9997326178741595,1,1,True,True
DARE,DARE - KDH,KDH,KDH KILL DEVIL HILLS,57096516.32980324,DARE - KDH,KDH,KILL DEVIL HILLS,57064703.71239231,57057403.59286074,0.999314971569954,0.9998720729442782,0.9991872197103454,1,1,True,True
DARE,DARE - KTHK,KTHK,KTHK KITTY HAWK,73873940.75591813,DARE - KTHK,KTHK,KITTY HAWK,74366845.61982723,73701407.83627762,0.9976644955193258,0.9910519563119375,0.9887580132862737,1,1,True,True
DARE,DARE - MATO,MATO,MATO MANTEO,119333503.96815385,DARE - MATO,MATO,MANTEO,119333555.97502254,119324129.68861699,0.999921444697213,0.9999210089205125,0.9998424660270843,1,1,True,True
DARE,DARE - MH,MH,MH MANNS HARBOR,296971655.8194515,DARE - MH,MH,MANNS HARBOR,296970918.0312293,296930621.8659115,0.9998618253535786,0.9998643093889968,0.9997261722354458,1,1,True,True
DARE,DARE - NGHD,NGHD,NGHD NAGS HEAD,218827145.17779773,DARE - NGHD,NGHD,NAGS HEAD,218827262.07425478,218814210.7051154,0.9999408918273287,0.9999403576637771,0.999881256541386,1,1,True,True
DARE,DARE - SOSH,SOSH,SOSH SOUTHERN SHORES,61666521.17286331,DARE - SOSH,SOSH,SOUTHERN SHORES,61712395.15886255,61637169.76740173,0.9995240301398014,0.9987810327039297,0.9983062222444024,1,1,True,True
DARE,DARE - STPT,STPT,STPT STUMPY POINT,309054843.63292754,DARE - STPT,STPT,STUMPY POINT,309072260.84071875,309021313.0344707,0.999891505992714,0.9998351589168517,0.9997267006732174,1,1,True,True
DARE,DARE - WAN,WAN,WAN WANCHESE,94784049.75483012,DARE - WAN,WAN,WANCHESE,94784091.37061378,94773958.15205559,0.9998935305802966,0.9998930915683036,0.9997866449111292,1,1,True,True
DAVIDSON,DAVIDSON - 04,04,04 ARCADIA 04,30274930.875174817,DAVIDSON - 04,04,ARCADIA 04,30280383.893173277,30252469.216292642,0.9992580772859636,0.999078126717973,0.9983375707843584,1,1,True,True
DAVIDSON,DAVIDSON - 06,06,06 BOONE 06,91745872.96721794,DAVIDSON - 06,06,BOONE 06,91599201.98749441,91522311.46814404,0.9975632527998968,0.9991605765368909,0.9967279135694038,1,1,True,True
DAVIDSON,DAVIDSON - 08,08,08 CENTRAL 08,9094183.32000851,DAVIDSON - 08,08,CENTRAL 08,9093967.188707005,9088646.149309374,0.9993911305166948,0.9994148824943817,0.9988067251063466,1,1,True,True
DAVIDSON,DAVIDSON - 10,10,10 COTTON GROVE 10,55123703.105472304,DAVIDSON - 10,10,COTTON GROVE 10,55232155.40713949,55110215.72680272,0.9997553252428674,0.997792233900019,0.997548638187967,1,1,True,True
DAVIDSON,DAVIDSON - 12,12,12 DENTON 12,4243167.790178889,DAVIDSON - 12,12,DENTON 12,4243899.370269654,4236390.743380835,0.9984028331819118,0.9982307245686785,0.9966391999095692,1,1,True,True
DAVIDSON,DAVIDSON - 14,14,14 EMMONS 14,82333261.00746302,DAVIDSON - 14,14,EMMONS 14,82436328.69891003,82311162.75462398,0.9997315999321703,0.9984816652286493,0.9982140794753307,1,1,True,True
DAVIDSON,DAVIDSON - 16,16,16 GUMTREE 16,23630437.87506695,DAVIDSON - 16,16,GUMTREE 16,23607553.139728423,23591050.417593773,0.9983331896902877,0.9993009558408289,0.9976364731252192,1,1,True,True
DAVIDSON,DAVIDSON - 18,18,18 HEALING SPRINGS 18,98239808.19804646,DAVIDSON - 18,18,HEALING SPRINGS 18,98303463.11513014,98203412.83083919,0.9996295252619599,0.9989822303190501,0.9986125091737575,1,1,True,True
DAVIDSON,DAVIDSON - 20,20,20 HOLLY GROVE 20,55342047.703204595,DAVIDSON - 20,20,HOLLY GROVE 20,55342653.625536084,55330625.69382644,0.9997936106477409,0.9997826643479905,0.9995763646882575,1,1,True,True
DAVIDSON,DAVIDSON - 22,22,22 LEXINGTON 1 22,17497470.421749543,DAVIDSON - 22,22,LEXINGTON 1 22,17497741.182380516,17485606.39701804,0.9993219577204283,0.9993064941791062,0.9986293917075738,1,1,True,True
DAVIDSON,DAVIDSON - 24,24,24 LEXINGTON 2 24,11377413.783512121,DAVIDSON - 24,24,LEXINGTON 2 24,11373847.56180221,11368184.479715033,0.9991888047694579,0.9995020961854459,0.9986917082208877,1,1,True,True
DAVIDSON,DAVIDSON - 26,26,26 LEXINGTON 3 26,10784549.837719789,DAVIDSON - 26,26,LEXINGTON 3 26,10785974.661073158,10781222.42885892,0.999691465206157,0.9995594063250131,0.999251143306329,1,1,True,True
DAVIDSON,DAVIDSON - 28,28,28 LEXINGTON 4 28,23981552.62693218,DAVIDSON - 28,28,LEXINGTON 4 28,23979120.989430618,23971653.30226308,0.9995872108523123,0.9996885754414923,0.9992760433060943,1,1,True,True
DAVIDSON,DAVIDSON - 30,30,30 WARD 1 30,8619499.138422316,DAVIDSON - 30,30,DUNBAR 30,8619508.409070728,8614478.799073333,0.9994175602006149,0.9994164852844621,0.9988347248134317,1,1,True,True
DAVIDSON,DAVIDSON - 32,32,32 WARD 2 32,4806371.34998722,DAVIDSON - 32,32,ROBBINS 32,4806192.237221608,4802546.143274825,0.999204138333505,0.9992413757571855,0.9984467206727909,1,1,True,True
DAVIDSON,DAVIDSON - 34,34,34 WARD 3 34,4199574.78187117,DAVIDSON - 34,34,WESLEY HEIGHTS 34,4199864.511869959,4193609.8608399783,0.9985796369058741,0.9985107493319599,0.9970946106455049,1,1,True,True
DAVIDSON,DAVIDSON - 36,36,36 WARD 4 36,3075428.2428871677,DAVIDSON - 36,36,GRIMES 36,3076914.976548448,3071803.506447941,0.9988213880627487,0.9983387678439393,0.9971640662501765,1,1,True,True
DAVIDSON,DAVIDSON - 38,38,38 WARD 5 38,3748277.7470662906,DAVIDSON - 38,38,EASTSIDE 38,3748813.3143238863,3741372.859113851,0.9981578505067177,0.9980152505376553,0.9961803994895625,1,1,True,True
DAVIDSON,DAVIDSON - 40,40,40 WARD 6 40,13203108.20117567,DAVIDSON - 40,40,MUNICIPAL 40,13197550.313482543,13188222.592687802,0.9988725678634868,0.9992932233199966,0.9981673834086608,1,1,True,True
DAVIDSON,DAVIDSON - 42,42,42 LIBERTY 42,43005931.5726659,DAVIDSON - 42,42,LIBERTY 42,42897712.42926566,42810490.75759361,0.9954554916513769,0.9979667523806572,0.9934406636446015,1,1,True,True
DAVIDSON,DAVIDSON - 44,44,44 MIDWAY 44,49433881.64881072,DAVIDSON - 44,44,MIDWAY 44,49443920.973389745,49424558.99810683,0.9998114117202019,0.9996084053428259,0.9994199647205179,1,1,True,True
DAVIDSON,DAVIDSON - 46,46,46 NORTH DAVIDSON 46,26024167.71920866,DAVIDSON - 46,46,NORTH DAVIDSON 46,26024294.361860514,26016790.578970104,0.9997165273326643,0.9997116623879951,0.9994283531455995,1,1,True,True
DAVIDSON,DAVIDSON - 48,48,48 REEDS/YADKIN COLLEGE 48,44578399.91373544,DAVIDSON - 48,48,REEDS/YADKIN COLLEGE 48,44608987.43285258,44525300.3984006,0.9988088510256626,0.9981239871320111,0.9969373005353398,1,1,True,True
DAVIDSON,DAVIDSON - 50,50,50 REEDY CREEK 50,54532777.85850946,DAVIDSON - 50,50,REEDY CREEK 50,54536350.674958795,54504977.4178368,0.9994902067753675,0.9994247276039979,0.9989155206012599,1,1,True,True
DAVIDSON,DAVIDSON - 52,52,52 SILVER HILL 52,83596565.82610159,DAVIDSON - 52,52,SILVER HILL 52,83727331.18554947,83586167.49538866,0.9998756129440226,0.9983140070492874,0.998190039045132,1,1,True,True
DAVIDSON,DAVIDSON - 54,54,54 SILVER VALLEY 54,48892400.946772695,DAVIDSON - 54,54,SILVER VALLEY 54,48793296.162197396,48784655.44290558,0.9977962730039702,0.9998229117528136,0.997619964336267,1,1,True,True
DAVIDSON,DAVIDSON - 56,56,56 SOUTH DAVIDSON 56,127180208.22635196,DAVIDSON - 56,56,SOUTH DAVIDSON 56,127555754.04511756,127114129.12915124,0.9994804293991789,0.9965377891474021,0.9960218091163062,1,1,True,True
DAVIDSON,DAVIDSON - 58,58,58 SOUTHMONT 58,46511173.111840196,DAVIDSON - 58,58,SOUTHMONT 58,46643549.12605268,46377138.70859622,0.9971182321520535,0.994288375939479,0.991439386336628,1,1,True,True
DAVIDSON,DAVIDSON - 60,60,60 THOMASVILLE 1 60,11101713.87878865,DAVIDSON - 60,60,THOMASVILLE 1 60,11131006.426180841,11082591.141885368,0.9982774968701167,0.9956504126903029,0.9939428485346736,1,1,True,True
DAVIDSON,DAVIDSON - 62,62,62 THOMASVILLE 2 62,2901008.4671120206,DAVIDSON - 62,62,THOMASVILLE 2 62,2904017.0889249993,2899405.6916848663,0.9994475109447889,0.998412062636367,0.9978613263408863,1,1,True,True
DAVIDSON,DAVIDSON - 64,64,64 THOMASVILLE 3 64,3732504.0678725997,DAVIDSON - 64,64,THOMASVILLE 3 64,3733570.9418702736,3729818.063840202,0.9992803747876614,0.9989948287876401,0.9982766490218159,1,1,True,True
DAVIDSON,DAVIDSON - 66,66,66 THOMASVILLE 4 66,4512430.709632164,DAVIDSON - 66,66,THOMASVILLE 4 66,4513114.39354032,4508811.811649261,0.9991980158332009,0.9990466490507713,0.9982461926877929,1,1,True,True
DAVIDSON,DAVIDSON - 68,68,68 THOMASVILLE 5 68,6021039.166798907,DAVIDSON - 68,68,THOMASVILLE 5 68,6014372.906577557,6011963.752617652,0.99849271630198,0.9995994338898955,0.9980933565742429,1,1,True,True
DAVIDSON,DAVIDSON - 70,70,70 THOMASVILLE 7 70,40759407.31876292,DAVIDSON - 70,70,THOMASVILLE 7 70,40759792.53046372,40747291.36427016,0.9997027445861023,0.999693296618617,0.9993962234881547,1,1,True,True
DAVIDSON,DAVIDSON - 72,72,72 THOMASVILLE 8 72,37938805.701731294,DAVIDSON - 72,72,THOMASVILLE 8 72,37929903.136114776,37887042.361138016,0.998635609644641,0.9988700004104163,0.9975086897351366,1,1,True,True
DAVIDSON,DAVIDSON - 74,74,74 THOMASVILLE 9 74,35167712.21352689,DAVIDSON - 74,74,THOMASVILLE 9 74,35167733.32193497,35158203.31885318,0.9997296129297244,0.9997290128711296,0.9994587723040291,1,1,True,True
DAVIDSON,DAVIDSON - 76,76,76 THOMASVILLE 10 76,20049909.445830915,DAVIDSON - 76,76,THOMASVILLE 10 76,19956189.373681802,19944609.091625668,0.9947480882898879,0.9994197147642121,0.9941738805120286,1,1,True,True
DAVIDSON,DAVIDSON - 78,78,78 TYRO 78,59720415.32503051,DAVIDSON - 78,78,TYRO 78,59818675.95486274,59637758.91758785,0.9986159438611938,0.9969755760322845,0.995599873419787,1,1,True,True
DAVIDSON,DAVIDSON - 80A,80A,80A WALLBURG 80A,50020825.889035106,DAVIDSON - 80A,80A,WALLBURG 80A,49513317.19545333,49407751.42015248,0.987743615624367,0.9978679316741366,0.9856634355611361,1,1,True,True
DAVIDSON,DAVIDSON - 82,82,82 WELCOME 82,43956404.43783817,DAVIDSON - 82,82,WELCOME 82,43956950.81170204,43945320.014855996,0.9997478314451801,0.9997354048306064,0.9994833696864786,1,1,True,True
DAVIDSON,DAVIDSON - 84,84,84 WEST ARCADIA 84,43217495.4051929,DAVIDSON - 84,84,WEST ARCADIA 84,44113520.54543212,43123218.46419871,0.9978185468613977,0.9775510530787606,0.9754663411457987,1,1,True,True
DAVIDSON,DAVIDSON - 86A,86A,86A ABBOTTS CREEK 1 86A,16092674.117470684,DAVIDSON - 86A,86A,ABBOTTS CREEK 1 86A,16842132.79583126,16074851.29161982,0.9988924882390109,0.9544427351622975,0.9534337843064873,1,1,True,True
DAVIDSON,DAVIDSON - 88,88,88 ABBOTTS CREEK 2 88,18301421.205270585,DAVIDSON - 88,88,ABBOTTS CREEK 2 88,18323457.363136437,18293347.206131633,0.9995588321230142,0.9983567425945837,0.9979170231123007,1,1,True,True
DAVIE,DAVIE - 01,01,01 NORTH CALAHALN,56828042.723161206,DAVIE - 01,01,NORTH CALAHALN,56562278.77156076,56548693.33102927,0.9950843038270245,0.9997598144765992,0.9948464735770794,1,1,True,True
DAVIE,DAVIE - 02,02,02 SOUTH CALAHALN,57864434.73884066,DAVIE - 02,02,SOUTH CALAHALN,57628718.64930567,57544079.7779039,0.9944636984292231,0.9985313074212732,0.9930112112738424,1,1,True,True
DAVIE,DAVIE - 03,03,03 CLARKSVILLE,101423217.7521407,DAVIE - 03,03,CLARKSVILLE,101250606.01482925,101093315.5798965,0.9967472716843748,0.9984465235209583,0.9952038770442088,1,1,True,True
DAVIE,DAVIE - 04,04,04 COOLEEMEE,25189437.98370744,DAVIE - 04,04,COOLEEMEE,25187617.671708718,25151552.13413438,0.9984959628873988,0.9985681243043939,0.9970683880666638,1,1,True,True
DAVIE,DAVIE - 05,05,05 FARMINGTON,88882971.65021016,DAVIE - 05,05,FARMINGTON,88645858.97952442,88557270.83446722,0.9963356218891432,0.9990006510616851,0.9953435798838026,1,1,True,True
DAVIE,DAVIE - 06,06,06 FULTON,72606108.33180645,DAVIE - 06,06,FULTON,72580204.5258435,72433682.20894669,0.9976251843430062,0.9979812358224391,0.9956159875331978,1,1,True,True
DAVIE,DAVIE - 07,07,07 JERUSALEM,59138789.802045144,DAVIE - 07,07,JERUSALEM,59046449.4915956,58914515.28513067,0.9962076579912239,0.9977655861173548,0.9939901405063272,1,1,True,True
DAVIE,DAVIE - 08,08,08 NORTH MOCKS CITY,9541917.655945202,DAVIE - 08,08,NORTH MOCKS CITY,9495929.9916843,9367701.66679984,0.9817420359903425,0.9864964963940601,0.9687239143411696,1,1,True,True
DAVIE,DAVIE - 09,09,09 SOUTH MOCKSVILLE,34500919.31119177,DAVIE - 09,09,SOUTH MOCKSVILLE,34478393.26540532,34471105.918858744,0.9991358667267932,0.9997886401929904,0.9989248720095025,1,1,True,True
DAVIE,DAVIE - 10,10,10 EAST SHADY GROVE,37583029.623776644,DAVIE - 10,10,EAST SHADY GROVE,37500057.23628481,37469843.102414325,0.9969883609039674,0.9991942909932082,0.9961874956556054,1,1,True,True
DAVIE,DAVIE - 11,11,11 WEST SHADY GROVE,38209765.996382505,DAVIE - 11,11,WEST SHADY GROVE,38195245.21103988,38172234.78700044,0.9990177587220602,0.9993975578920282,0.9984164991640744,1,1,True,True
DAVIE,DAVIE - 12,12,12 SMITH GROVE,36158775.91521736,DAVIE - 12,12,SMITH GROVE,36168676.92790632,36148167.54328512,0.9997066169508304,0.9994329517592783,0.9991399012917046,1,1,True,True
DAVIE,DAVIE - 13,13,13 HILLSDALE,10280984.754240531,DAVIE - 13,13,HILLSDALE,10269738.379792435,10251271.322081916,0.9971098651667235,0.9982017986215835,0.9953220335655898,1,1,True,True
DAVIE,DAVIE - 14,14,14 NORTH MOCKS COUNTY,63410754.229109205,DAVIE - 14,14,NORTH MOCKS COUNTY,63479514.218835466,63275533.01988119,0.9978675350755261,0.9967866609966314,0.9946678642000191,1,1,True,True
DUPLIN,DUPLIN - ALBE,ALBE,ALBE ALBERTSON,100764858.54404585,DUPLIN - ALBE,ALBE,ALBERTSON,100055915.96692212,99956598.43829267,0.9919787501572298,0.9990073797469179,0.9910019823715339,1,1,True,True
DUPLIN,DUPLIN - BEUL,BEUL,BEUL BEULAVILLE,123745606.29794265,DUPLIN - BEUL,BEUL,BEULAVILLE,123814147.14744367,123687279.37341495,0.9995286545819876,0.9989753370115482,0.9985049568118837,1,1,True,True
DUPLIN,DUPLIN - CALY,CALY,CALY CALYPSO,61927833.39305969,DUPLIN - CALY,CALY,CALYPSO,62469156.10983277,61819358.46745896,0.9982483655626666,0.9895981043631943,0.9878826897818299,1,1,True,True
DUPLIN,DUPLIN - CFRK,CFRK,CFRK CEDAR FORK,54005454.53540486,DUPLIN - CFRK,CFRK,CEDAR FORK,53585166.09335103,53585160.225667074,0.9922175581456822,0.9999998904979795,0.9922174503414156,1,1,True,True
DUPLIN,DUPLIN - CHAR,CHAR,CHAR CHARITY,99447333.22001462,DUPLIN - CHAR,CHAR,CHARITY,99459556.66605641,99447306.60782455,0.9999997323991584,0.9998768337740235,0.9998765662390965,1,1,True,True
DUPLIN,DUPLIN - CHIN,CHIN,CHIN CHINQUAPIN,57795715.14678829,DUPLIN - CHIN,CHIN,CHINQUAPIN,57150836.71272901,57150827.89357475,0.9888419539134403,0.9999998456863493,0.9888418030242545,1,1,True,True
DUPLIN,DUPLIN - CYCK,CYCK,CYCK CYPRESS CREEK,192018386.06242728,DUPLIN - CYCK,CYCK,CYPRESS CREEK,191458711.37605688,190655094.08026594,0.9929002008082803,0.9958026600617169,0.9887621265197276,1,1,True,True
DUPLIN,DUPLIN - FAIS,FAIS,FAIS FAISON,142421130.95242393,DUPLIN - FAIS,FAIS,FAISON,142022295.46693534,141798868.56321254,0.9956308281990875,0.9984268181063528,0.9940713525588054,1,1,True,True
DUPLIN,DUPLIN - GLIS,GLIS,GLIS GLISSON,78159186.9285399,DUPLIN - GLIS,GLIS,GLISSON,78164003.82823077,78156824.21440457,0.9999697704872814,0.9999081468006427,0.99987792284094,1,1,True,True
DUPLIN,DUPLIN - HALL,HALL,HALL HALLSVILLE,94775191.5554092,DUPLIN - HALL,HALL,HALLSVILLE,94775189.71136543,94775174.55943789,0.9999998206706732,0.9999998401277002,0.9999996607984306,1,1,True,True
DUPLIN,DUPLIN - KENA,KENA,KENA KENANSVILLE,287466364.2504797,DUPLIN - KENA,KENA,KENANSVILLE,287466368.13641423,287466335.8392578,0.9999999011667956,0.9999998876489217,0.9999997888157393,1,1,True,True
DUPLIN,DUPLIN - LOCK,LOCK,LOCK LOCKLIN,28588866.565916784,DUPLIN - LOCK,LOCK,LOCKLIN,28588861.98533292,28588849.246562317,0.9999993941923361,0.9999995544149113,0.9999989486077873,1,1,True,True
DUPLIN,DUPLIN - MAGN,MAGN,MAGN MAGNOLIA,142160944.77678293,DUPLIN - MAGN,MAGN,MAGNOLIA,141309023.95447767,141209237.90293932,0.9933054266392366,0.9992938451576137,0.9926086916659321,1,1,True,True
DUPLIN,DUPLIN - ROCK,ROCK,ROCK ROCKFISH,129178842.56207193,DUPLIN - ROCK,ROCK,ROCKFISH,127641027.82216406,127342167.27156343,0.9857819186634532,0.9976585855214436,0.9835065359535242,1,1,True,True
DUPLIN,DUPLIN - ROSE,ROSE,ROSE ROSE HILL,68835319.34986739,DUPLIN - ROSE,ROSE,ROSE HILL,68835335.19971368,68835309.6620544,0.9999998592610149,0.9999996290036332,0.9999994882647527,1,1,True,True
DUPLIN,DUPLIN - SMCA,SMCA,SMCA SMITH/CABIN,96864127.1265013,DUPLIN - SMCA,SMCA,SMITH/CABIN,96809578.25792481,96788145.22061875,0.9992155826089949,0.9997786062320305,0.9989945359966552,1,1,True,True
DUPLIN,DUPLIN - WALL,WALL,WALL WALLACE,88293644.75622338,DUPLIN - WALL,WALL,WALLACE,88310308.69275832,88153380.32658084,0.9984113870253084,0.9982229892693111,0.9966400127740409,1,1,True,True
DUPLIN,DUPLIN - WARS,WARS,WARS WARSAW,139122574.20411405,DUPLIN - WARS,WARS,WARSAW,139673172.27078736,138689793.03856415,0.9968892096194616,0.992959426522391,0.9898922182602566,1,1,True,True
DUPLIN,DUPLIN - WOLF,WOLF,WOLF WOLFSCRAPE,142502041.10513467,DUPLIN - WOLF,WOLF,WOLFSCRAPE,142765079.3740605,142376788.1752998,0.9991210446610904,0.9972802088545523,0.9964060260738746,1,1,True,True
DURHAM,DURHAM - 01,01,01 BROGDEN MIDDLE SCHOOL,1383237.3491659584,DURHAM - 01,01,BROGDEN MIDDLE SCHOOL,1378782.9824411913,1376964.8506879099,0.9954653491088636,0.9986813503093414,0.9941586237210075,1,1,True,True
DURHAM,DURHAM - 02,02,02 GEORGE WATTS ELEMENTARY,1750458.1646983286,DURHAM - 02,02,GEORGE WATTS ELEMENTARY,1757071.1629393934,1750411.8494316018,0.9999735410604715,0.996209992145878,0.9961837333828333,1,1,True,True
DURHAM,DURHAM - 03,03,03 E K POWE ELEMENTARY,1490640.3665683814,DURHAM - 03,03,E K POWE ELEMENTARY,1490640.366568711,1490639.2843558888,0.9999992739949106,0.9999992739946896,0.9999985479906542,1,1,True,True
DURHAM,DURHAM - 04,04,04 SCHOOL OF SCIENCE AND MATH,2997640.4734601467,DURHAM - 04,04,SCHOOL OF SCIENCE AND MATH,2993640.6422195067,2990962.1832238706,0.9977721510316521,0.9991052837278257,0.9968814151286731,1,1,True,True
DURHAM,DURHAM - 05,05,05 PATTERSON REC CENTER,6028009.657551232,DURHAM - 05,05,PATTERSON REC CENTER,6028009.657551158,6028007.160645197,0.9999995857826751,0.9999995857826873,0.9999991715657055,1,1,True,True
DURHAM,DURHAM - 06,06,06 LAKEWOOD SCHOOL,5310585.5276851645,DURHAM - 06,06,LAKEWOOD SCHOOL,5310592.245658856,5310582.435369032,0.9999994177071218,0.9999981526938296,0.9999975704031027,1,1,True,True
DURHAM,DURHAM - 07,07,07 SCHOOL OF THE ARTS,1728011.5168273868,DURHAM - 07,07,SCHOOL OF THE ARTS,1728012.6170033813,1728009.9350579805,0.999999084630287,0.9999984479595957,0.999997532592724,1,1,True,True
DURHAM,DURHAM - 08,08,08 MOREHEAD MONTESSORI,1981710.9555033892,DURHAM - 08,08,MOREHEAD MONTESSORI,1976053.8633685706,1976052.2140702864,0.9971445172579846,0.9999991653576278,0.9971436873754185,1,1,True,True
DURHAM,DURHAM - 09,09,09 FOREST HILLS CLUB HOUSE,3398713.3077551476,DURHAM - 09,09,FOREST HILLS CLUB HOUSE,3367072.686683389,3366234.2869140087,0.9904437303472968,0.9997510003948843,0.990199466436479,1,1,True,True
DURHAM,DURHAM - 10,10,10 C C SPAULDING SCHOOL,1530136.4339235565,DURHAM - 10,10,C C SPAULDING SCHOOL,1567437.5238878515,1529351.3004543993,0.9994868866254338,0.9757016003170681,0.9752131135714359,1,1,True,True
DURHAM,DURHAM - 12,12,12 MONUMENT OF FAITH CHURCH,811923.7878861993,DURHAM - 12,12,MONUMENT OF FAITH CHURCH,811928.9112264552,811922.5437961497,0.9999984677255819,0.999992157650482,0.999990625400097,1,1,True,True
DURHAM,DURHAM - 13,13,13 BURTON ELEMENTARY,1540943.2800344052,DURHAM - 13,13,BURTON ELEMENTARY,1540932.66159321,1540926.0380415278,0.9999888107543602,0.9999957015956328,0.999984512446184,1,1,True,True
DURHAM,DURHAM - 14,14,14 Y E SMITH SCHOOL,3826106.405297417,DURHAM - 14,14,Y E SMITH SCHOOL,3826121.0027372492,3826102.505585735,0.999998980762355,0.9999951655602369,0.9999941463324468,1,1,True,True
DURHAM,DURHAM - 15,15,15 MT CALVARY CHURCH,1376563.6422767022,DURHAM - 15,15,MT CALVARY CHURCH,1376563.6422754915,1376562.7432674195,0.9999993469177486,0.9999993469186281,0.9999986938372297,1,1,True,True
DURHAM,DURHAM - 16,16,16 HOLY INFANT CATHOLIC,2490673.796090349,DURHAM - 16,16,HOLY INFANT CATHOLIC,2490674.4160779533,2490672.209747024,0.9999993630866765,0.9999991141632503,0.9999984772510552,1,1,True,True
DURHAM,DURHAM - 17,17,17 COUNTY MAIN LIBRARY,2508057.4050945453,DURHAM - 17,17,COUNTY MAIN LIBRARY,2508057.405095011,2508055.6422332344,0.9999992971208285,0.9999992971206428,0.9999985942424594,1,1,True,True
DURHAM,DURHAM - 18,18,18 FIRST UNITED ANTIOCH,4135537.7065853267,DURHAM - 18,18,FIRST UNITED ANTIOCH,4135531.562637283,4135527.2835857025,0.9999974796506854,0.9999989652958717,0.9999964449517728,1,1,True,True
DURHAM,DURHAM - 19,19,19 AMERICAN LEGION POST 7,8799678.000660464,DURHAM - 19,19,AMERICAN LEGION POST 7,8799672.946491355,8799649.526197108,0.9999967641471251,0.9999973385040115,0.9999941026683611,1,1,True,True
DURHAM,DURHAM - 20,20,20 COUNTY AGRICULTURAL BUILDING,1662121.9528324953,DURHAM - 20,20,COUNTY AGRICULTURAL BUILDING,1662123.4922424722,1662119.2864698018,0.9999983958080279,0.9999974696388746,0.9999958654550207,1,1,True,True
DURHAM,DURHAM - 21,21,21 CLUB BOULEVARD SCHOOL,2707243.9875413324,DURHAM - 21,21,CLUB BOULEVARD SCHOOL,2705650.2126642107,2705468.6001177244,0.999344208563477,0.9999328765611918,0.9992771731308033,1,1,True,True
DURHAM,DURHAM - 22,22,22 VFW POST 2740,7874185.496100617,DURHAM - 22,22,VFW POST 2740,7874187.4274532655,7874157.223598887,0.999996409469685,0.9999961641941272,0.9999925736913572,1,1,True,True
DURHAM,DURHAM - 23,23,23 THE RIVER CHURCH,12733741.140305318,DURHAM - 23,23,THE RIVER CHURCH,12733744.82943693,12733703.010744244,0.9999970056277527,0.9999967159156049,0.9999937215630252,1,1,True,True
DURHAM,DURHAM - 24,24,24 DPS STAFF DEVELOPMENT CENTER,7051795.065239583,DURHAM - 24,24,DPS STAFF DEVELOPMENT CENTER,7061917.412263734,7051142.94227227,0.9999075238345301,0.9984742854719947,0.9983820912627086,1,1,True,True
DURHAM,DURHAM - 25,25,25 NORTHERN HIGH SCHOOL,32523639.678142082,DURHAM - 25,25,NORTHERN HIGH SCHOOL,32638929.069046408,32523601.70767671,0.9999988325271787,0.9964665702993585,0.9964654110623226,1,1,True,True
DURHAM,DURHAM - 26,26,26 BAHAMA VFD ROUGEMONT STATION,53904349.67883016,DURHAM - 26,26,BAHAMA VFD ROUGEMONT STATION,53951703.652911164,53884576.67989013,0.9996331836102682,0.9987557951190406,0.9983898907839482,1,1,True,True
DURHAM,DURHAM - 27,27,27 CREEKSIDE ELEMENTARY,6224249.471136536,DURHAM - 27,27,CREEKSIDE ELEMENTARY,6021292.662706164,6020774.831041562,0.9673093694205962,0.9999139999176907,0.9672288999995585,1,1,True,True
DURHAM,DURHAM - 28,28,28 BAHAMA RURITAN CLUB,127312715.84525982,DURHAM - 28,28,BAHAMA RURITAN CLUB,127497795.116521,127253924.46525344,0.9995382128201724,0.9980872559321933,0.9976272332179242,1,1,True,True
DURHAM,DURHAM - 29,29,29 GLENN ELEMENTARY,63148655.87177073,DURHAM - 29,29,GLENN ELEMENTARY,62816276.17923477,62721182.7030301,0.9932306845990728,0.9984861650198217,0.991737260198315,1,1,True,True
DURHAM,DURHAM - 30-1,30-1,30 1 OAK GROVE ELEMENTARY,21306119.046426184,DURHAM - 30-4,30-4,30 4,10723814.663430538,10723584.846181788,0.5033100971047341,0.9999785694497748,0.5033046682373798,1,1,True,True
DURHAM,DURHAM - 30-2,30-2,30 2 SOUTHERN HIGH SCHOOL,18833993.31515833,DURHAM - 30-2,30-2,SOUTHERN HIGH SCHOOL,18833982.421070177,18833953.93013183,0.9999979088329363,0.9999984872589498,0.9999963960982127,1,1,True,True
DURHAM,DURHAM - 31,31,31 BETHESDA RURITAN CLUB,15049306.166507024,DURHAM - 31,31,BETHESDA RURITAN CLUB,15104607.492214486,15049265.289164929,0.9999972837723119,0.9963360714220424,0.9963333750619924,1,1,True,True
DURHAM,DURHAM - 32,32,32 NEAL MIDDLE SCHOOL,78592776.40190129,DURHAM - 32,32,NEAL MIDDLE SCHOOL,77537943.10794647,77417196.68545976,0.9850421403815798,0.9984427440599165,0.9835310872590423,1,1,True,True
DURHAM,DURHAM - 33,33,33 LOWES GROVE BAPTIST,50915209.61479474,DURHAM - 33-2,33-2,33 2,28668936.716698244,28418839.989454888,0.558160129447784,0.9912763863649785,0.5554318349913911,1,1,True,True
DURHAM,DURHAM - 34-1,34-1,34 1 PEARSONTOWN ELEMENTARY,4504650.554691699,DURHAM - 34-1,34-1,PEARSONTOWN ELEMENTARY,4492168.761223556,4492166.425962985,0.9972286132792892,0.9999994801485218,0.9972280963052365,1,1,True,True
DURHAM,DURHAM - 34-2,34-2,34 2 IVY COMMUNITY CENTER,6030672.556494756,DURHAM - 34-2,34-2,IVY COMMUNITY CENTER,6030650.063943015,6030522.621879042,0.9999751379942603,0.9999788676075345,0.9999540066525581,1,1,True,True
DURHAM,DURHAM - 35.3,35.3,35 3,19153856.243420467,DURHAM - 35-4,35-4,35 4,9668514.183731547,9664807.968301132,0.5045881020236375,0.9996166716664024,0.504490484583332,1,1,True,True
DURHAM,DURHAM - 36,36,36 YATES BAPTIST CHURCH,3484689.778170672,DURHAM - 36,36,YATES BAPTIST CHURCH,3484689.7781718634,3484687.8352026027,0.9999994424272481,0.9999994424269062,0.9999988848547762,1,1,True,True
DURHAM,DURHAM - 37,37,37 COLE MILL CHURCH,15246087.367034225,DURHAM - 37,37,COLE MILL CHURCH,15296745.830773681,15237079.766984308,0.9994091861188338,0.9960994276528189,0.99551321245637,1,1,True,True
DURHAM,DURHAM - 38,38,38 HOPE VALLEY BAPTIST,14638991.036037454,DURHAM - 38,38,HOPE VALLEY BAPTIST,14636068.596885435,14636058.174115226,0.9997996540939872,0.9999992878709101,0.999798942250213,1,1,True,True
DURHAM,DURHAM - 39,39,39 ST STEPHENS EPISCOPAL,6116868.383877111,DURHAM - 56,56,56,9258264.078900471,6116868.369013123,0.9999999975700005,0.6606927947706125,0.6606927937098814,1,1,True,True
DURHAM,DURHAM - 40,40,40 ROGERS HERR MIDDLE SCHOOL,2080540.7573142468,DURHAM - 40,40,ROGERS HERR MIDDLE SCHOOL,2080535.1851971403,2080533.4987862224,0.9999965112300737,0.9999991894340793,0.9999957006698088,1,1,True,True
DURHAM,DURHAM - 41,41,41 WHITE ROCK BAPTIST CHURCH,2264364.0570027027,DURHAM - 41,41,WHITE ROCK BAPTIST CHURCH,2264370.5368119366,2264361.291246682,0.9999987785727246,0.9999959169380168,0.9999946955207156,1,1,True,True
DURHAM,DURHAM - 42,42,42 SHEPHARD MAGNET SCHOOL,2275244.79102607,DURHAM - 42,42,SHEPHARD MAGNET SCHOOL,2275258.879936682,2275119.5600814433,0.9999449593533318,0.9999387674710482,0.9998837335645441,1,1,True,True
DURHAM,DURHAM - 43,43,43 FOREST VIEW ELEMENTARY,20505277.4788755,DURHAM - 43,43,FOREST VIEW ELEMENTARY,20363588.599460118,20282859.786273796,0.989153148850054,0.9960356293394936,0.9852741468409578,1,1,True,True
DURHAM,DURHAM - 44,44,44 NORTH REGIONAL LIBRARY,28013022.625148393,DURHAM - 44,44,NORTH REGIONAL LIBRARY,28496066.336069997,28013019.55534466,0.9999998904151196,0.9830486504688578,0.9830485445677115,1,1,True,True
DURHAM,DURHAM - 45,45,45 TEMPLE BAPTIST CHURCH,20490329.314069826,DURHAM - 45,45,TEMPLE BAPTIST CHURCH,20545698.63193362,20488029.30847263,0.9998877516528923,0.997193119372862,0.9970815002416512,1,1,True,True
DURHAM,DURHAM - 46,46,46 EDISON JOHNSON CENTER,5115085.874011831,DURHAM - 46,46,EDISON JOHNSON CENTER,5115084.841645575,5115081.0996228885,0.9999990666062974,0.9999992684338965,0.9999983350415598,1,1,True,True
DURHAM,DURHAM - 47,47,47 HOLMES RECREATION CENTER,5081572.993845405,DURHAM - 47,47,HOLMES RECREATION CENTER,5081572.885110301,5081563.036917385,0.9999980405815222,0.999998061979403,0.9999961025685199,1,1,True,True
DURHAM,DURHAM - 48,48,48 CHRIST THE KING MORAVIAN,3141395.7047761013,DURHAM - 56,56,56,9258264.078900471,3141395.69365237,0.9999999964589844,0.3393072034758214,0.33930720306814643,1,2,True,False
DURHAM,DURHAM - 50,50,50 MCMANNEN UNITED METHODIST,8393727.722733483,DURHAM - 50,50,MCMANNEN UNITED METHODIST,8430345.794776082,8387039.044061959,0.9992031337097809,0.9948629923649207,0.9940742888341882,1,1,True,True
DURHAM,DURHAM - 51,51,51 SOUTHWEST ELEMENTARY,4349606.101316133,DURHAM - 51,51,SOUTHWEST ELEMENTARY,4349607.7339644665,4349603.419151038,0.9999993833544849,0.9999990079994122,0.9999983913551206,1,1,True,True
DURHAM,DURHAM - 52,52,52 EVANGEL ASSEMBLY OF GOD,6559656.790997346,DURHAM - 52,52,EVANGEL ASSEMBLY OF GOD,6559659.5374953225,6559641.832076672,0.9999977195574173,0.99999730086317,0.9999950204328979,1,1,True,True
DURHAM,DURHAM - 53-1,53-1,53 1 TRIANGLE PRESBYTERIAN,6300148.784149187,DURHAM - 53-1,53-1,TRIANGLE PRESBYTERIAN,6300153.284150741,6300140.814780652,0.9999987350507411,0.9999980207830624,0.9999967558388109,1,1,True,True
DURHAM,DURHAM - 53-2,53-2,53 2 TRIANGLE CHURCH,26142011.126763023,DURHAM - 53-2,53-2,TRIANGLE CHURCH,26337361.595416993,26133648.877574693,0.9996801221930561,0.9922652572048922,0.9919503078267461,1,1,True,True
DURHAM,DURHAM - 54,54,54 WATERFORD VILLAGE APTS,6462078.447195672,DURHAM - 54,54,WATERFORD VILLAGE APTS,6462077.677936905,6462074.421190303,0.9999993769798057,0.9999994960217495,0.9999988730021833,1,1,True,True
DURHAM,DURHAM - 55,55,NAN,2193325.473684892,DURHAM - 55-11,55-11,055 11,1607249.0066961886,1607248.1692600143,0.7327905450164495,0.9999994789630164,0.7327902652289379,1,1,True,True
EDGECOMBE,EDGECOMBE - 0101,0101,0101 TARBORO 1,26597835.991137467,EDGECOMBE - 0101,0101,TARBORO 1,26598410.438749813,26590226.85669257,0.9997139190403523,0.9996923281533652,0.9994064231795857,1,1,True,True
EDGECOMBE,EDGECOMBE - 0102,0102,0102 TARBORO 2,31191846.270532597,EDGECOMBE - 0102,0102,TARBORO 2,31191859.731312715,31184776.945456292,0.9997733598384978,0.9997729283884503,0.9995463911306971,1,1,True,True
EDGECOMBE,EDGECOMBE - 0103,0103,0103 TARBORO 3,20794316.12244104,EDGECOMBE - 0103,0103,TARBORO 3,20794326.685642164,20788343.588473942,0.9997127804573168,0.9997122726184564,0.9994252183101264,1,1,True,True
EDGECOMBE,EDGECOMBE - 0104,0104,0104 TARBORO 4,17661072.258042537,EDGECOMBE - 0104,0104,TARBORO 4,17660521.220043555,17651738.05057407,0.9994714812706678,0.9995026664638009,0.9989746731651387,1,1,True,True
EDGECOMBE,EDGECOMBE - 0201,0201,0201 CONETOE,106919854.95225571,EDGECOMBE - 0201,0201,CONETOE,106855717.09678079,106814009.8091439,0.9990100515647063,0.9996096859506439,0.9986205097638928,1,1,True,True
EDGECOMBE,EDGECOMBE - 0301,0301,0301 SPEED,149065155.733496,EDGECOMBE - 0301,0301,SPEED,149168673.15371504,148987704.1750841,0.9994804180894536,0.9987868164621639,0.9982684941566067,1,1,True,True
EDGECOMBE,EDGECOMBE - 0401,0401,0401 LAWRENCE,86992704.99471475,EDGECOMBE - 0401,0401,LAWRENCE,87010422.18304968,86955293.45770937,0.9995699462729932,0.9993664123911004,0.9989369033278498,1,1,True,True
EDGECOMBE,EDGECOMBE - 0501,0501,0501 LEGGETT,91520102.87018062,EDGECOMBE - 0501,0501,LEGGETT,91524659.56978603,91496557.40974748,0.9997427290868921,0.9996929553174998,0.9994358423471587,1,1,True,True
EDGECOMBE,EDGECOMBE - 0601,0601,0601 WHITAKERS,142301217.99223283,EDGECOMBE - 0601,0601,WHITAKERS,142327128.3716699,142145201.87239847,0.9989036206292846,0.998721772150167,0.997628192300838,1,1,True,True
EDGECOMBE,EDGECOMBE - 0701,0701,0701 BATTLEBORO,138397464.49500248,EDGECOMBE - 0701,0701,BATTLEBORO,138350992.29088008,138319403.84196296,0.9994359676073232,0.9997716789132187,0.999207903979513,1,1,True,True
EDGECOMBE,EDGECOMBE - 0801,0801,0801 OLD SPARTA,100724316.82721771,EDGECOMBE - 0801,0801,OLD SPARTA,100718983.06227879,100673836.11890629,0.9994988230260423,0.9995517533835246,0.9990510254981446,1,1,True,True
EDGECOMBE,EDGECOMBE - 0901,0901,0901 MACCLESFIELD,66356607.59057706,EDGECOMBE - 0901,0901,MACCLESFIELD,66983574.92808704,66162741.277177155,0.9970784173507472,0.9877457473449107,0.9848952275413084,1,1,True,True
EDGECOMBE,EDGECOMBE - 1001,1001,1001 PINETOPS,61700993.372345634,EDGECOMBE - 1001,1001,PINETOPS,61575649.06846617,61563719.48660261,0.9977751754349461,0.99980626137046,0.9975822978322174,1,1,True,True
EDGECOMBE,EDGECOMBE - 1101,1101,1101 LEWIS,65072129.335967645,EDGECOMBE - 1101,1101,LEWIS,65072148.75374472,65059466.35193186,0.9998054008042306,0.9998051024584903,0.999610579101761,1,1,True,True
EDGECOMBE,EDGECOMBE - 1201,1201,1201 ROCKY MOUNT 1,4661324.81025786,EDGECOMBE - 1201,1201,ROCKY MOUNT 1,4661323.112289671,4658762.286241857,0.999450258430744,0.9994506224979208,0.9989014846281964,1,1,True,True
EDGECOMBE,EDGECOMBE - 1202,1202,1202 ROCKY MOUNT 2,3639064.7533268165,EDGECOMBE - 1202,1202,ROCKY MOUNT 2,3624627.785939866,3622347.554120574,0.9954061825388076,0.9993709059373939,0.9947828532855223,1,1,True,True
EDGECOMBE,EDGECOMBE - 1203,1203,1203 WEST EDGECOMBE,84541809.89442182,EDGECOMBE - 1203,1203,WEST EDGECOMBE,84534113.03092782,84517871.26499853,0.9997168427142359,0.9998078673171462,0.9995248188130682,1,1,True,True
EDGECOMBE,EDGECOMBE - 1204,1204,1204 ROCKY MOUNT 4,4503136.277630885,EDGECOMBE - 1204,1204,ROCKY MOUNT 4,4502748.688728256,4500248.350510088,0.9993586853821984,0.9994447084678681,0.998804105657342,1,1,True,True
EDGECOMBE,EDGECOMBE - 1205,1205,1205 ROCKY MOUNT 5,3589350.669606812,EDGECOMBE - 1205,1205,ROCKY MOUNT 5,3557514.8657503123,3556539.29481904,0.9908586878775582,0.9997257717906777,0.9905894496891235,1,1,True,True
EDGECOMBE,EDGECOMBE - 1301,1301,1301 TEMPERANCE HALL,74189593.6951359,EDGECOMBE - 1301,1301,TEMPERANCE HALL,74299785.76228864,74176234.59211257,0.9998199329264663,0.9983371261584608,0.9981576573909293,1,1,True,True
EDGECOMBE,EDGECOMBE - 1401,1401,1401 SHARPSBURG,31796983.617197476,EDGECOMBE - 1401,1401,SHARPSBURG,31767481.205205873,31759832.593386594,0.9988316179843302,0.9997592314049115,0.998591411612385,1,1,True,True
FORSYTH,FORSYTH - 011,011,011 GLENN HIGH SCHOOL,11392045.848319229,FORSYTH - 017,017,017,7459511.267900936,7457584.245478239,0.6546308138830501,0.9997416690781085,0.6545200984836673,1,1,True,True
FORSYTH,FORSYTH - 012,012,012 UNION CROSS ELEMENTARY SCHOOL,32009951.28849639,FORSYTH - 012,012,UNION CROSS ELEMENTARY SCHOOL,31825160.345883638,31817049.00841346,0.9939736777996205,0.9997451281507455,0.9937218681872998,1,1,True,True
FORSYTH,FORSYTH - 013,013,013 SEDGE GARDEN ELEMENTARY,12128973.498545412,FORSYTH - 013,013,SEDGE GARDEN ELEMENTARY,12128883.281452522,12122894.705060367,0.9994988204495809,0.9995062549244486,0.9990055700378229,1,1,True,True
FORSYTH,FORSYTH - 014,014,014 BEESONS CROSSROADS FIRE,12946246.384482753,FORSYTH - 014,014,BEESONS CROSSROADS FIRE,12935756.233733764,12930194.88452335,0.9987601425554019,0.9995700793127262,0.9983312870593664,1,1,True,True
FORSYTH,FORSYTH - 015,015,015 SOUTHEAST MIDDLE SCHOOL,17906245.66358733,FORSYTH - 015,015,SOUTHEAST MIDDLE SCHOOL,17906247.500607595,17901234.861882105,0.9997201645839465,0.9997200620216313,0.9994403832348606,1,1,True,True
FORSYTH,FORSYTH - 021,021,021 BELEWS CREEK FIRE,78687103.35373868,FORSYTH - 021,021,BELEWS CREEK FIRE,78861897.31658234,78665466.7799473,0.9997250302416888,0.9975091832263876,0.9972355813733006,1,1,True,True
FORSYTH,FORSYTH - 031,031,031 RURAL HALL ELEMENTARY,22984621.68992217,FORSYTH - 031,031,RURAL HALL ELEMENTARY,23003765.88269389,22979415.536368445,0.9997734940507632,0.9989414626087911,0.9987154358815942,1,1,True,True
FORSYTH,FORSYTH - 032,032,032 NORTHWEST MIDDLE SCHOOL,22113282.89303204,FORSYTH - 032,032,NORTHWEST MIDDLE SCHOOL,22083625.02566513,22079936.644037433,0.9984920263012999,0.9998329811512643,0.9983255107508894,1,1,True,True
FORSYTH,FORSYTH - 033,033,033 ST ANDREWS PRESBYTERIAN,14664921.642625844,FORSYTH - 033,033,ST ANDREWS PRESBYTERIAN,14661815.115156736,14654657.890440037,0.999300115443101,0.999511845930365,0.9988126442707939,1,1,True,True
FORSYTH,FORSYTH - 034,034,034 KINGSWOOD UNITED METHODIST CHURCH,14503297.413749995,FORSYTH - 034,034,KINGSWOOD UNITED METHODIST CHURCH,14501668.075501654,14498324.522521496,0.9996571199578529,0.9997694366632341,0.9994267146868988,1,1,True,True
FORSYTH,FORSYTH - 042,042,042 FELLOWSHIP BAPTIST,19907172.286570877,FORSYTH - 042,042,FELLOWSHIP BAPTIST,19892384.398644377,19844602.046513997,0.9968568996562566,0.9975979575312431,0.9944699151571492,1,1,True,True
FORSYTH,FORSYTH - 043,043,043 FRIEDLAND MORAVIAN,23612595.071390454,FORSYTH - 043,043,FRIEDLAND MORAVIAN,23592153.634462677,23583482.673814725,0.9987670818269779,0.9996324642174556,0.9984004516027025,1,1,True,True
FORSYTH,FORSYTH - 051,051,051 CLEMMONS ELEMENTARY,9580514.407250019,FORSYTH - 051,051,CLEMMONS ELEMENTARY,9580871.638945727,9571402.273067763,0.999048888838854,0.9990116383733322,0.9980624054743151,1,1,True,True
FORSYTH,FORSYTH - 052,052,052 CLEMMONS PRESBYTERIAN,4513565.702116029,FORSYTH - 052,052,CLEMMONS PRESBYTERIAN,4511651.614155707,4506874.123080429,0.9985174517272534,0.998941077130094,0.9974616646809471,1,1,True,True
FORSYTH,FORSYTH - 053,053,053 VFW POST 9010,12771835.793080695,FORSYTH - 053,053,VFW POST 9010,12585706.33885919,12501920.972579872,0.9788664037908276,0.9933428157289333,0.9724867291595152,1,1,True,True
FORSYTH,FORSYTH - 054,054,054 CLEMMONS CIVIC CENTER,9439907.654205631,FORSYTH - 054,054,CLEMMONS CIVIC CENTER,9474602.99886716,9430946.242471868,0.9990506886230216,0.9953922337009253,0.9944516464642519,1,1,True,True
FORSYTH,FORSYTH - 055,055,055 HOLY FAMILY CATHOLIC CHURCH,12046651.882169802,FORSYTH - 055,055,HOLY FAMILY CATHOLIC CHURCH,12024220.243627062,12010299.23428069,0.996982344285808,0.9988422526314129,0.995831569719972,1,1,True,True
FORSYTH,FORSYTH - 061,061,061 KERNERSVILLE LIBRARY,7894582.116913457,FORSYTH - 061,061,KERNERSVILLE LIBRARY,7877783.805905894,7872647.052861465,0.9972215040989949,0.9993479444002287,0.9965730657581533,1,1,True,True
FORSYTH,FORSYTH - 062,062,062 PINEY GROVE FIRE STATION,6500736.02479768,FORSYTH - 062,062,PINEY GROVE FIRE STATION,6500737.173014203,6498413.873297149,0.9996427863719319,0.9996426098063619,0.9992856514163923,1,1,True,True
FORSYTH,FORSYTH - 063,063,063 CASH ELEMENTARY SCHOOL,21837107.832440734,FORSYTH - 063,063,CASH ELEMENTARY SCHOOL,21837257.16574862,21830543.657823365,0.9996994027474821,0.9996925663386067,0.9993921538573434,1,1,True,True
FORSYTH,FORSYTH - 064,064,064 KERNERSVILLE ELEMENTARY,2883941.645543919,FORSYTH - 064,064,KERNERSVILLE ELEMENTARY,2883955.6545455614,2881547.003305558,0.9991696634215672,0.9991648098901219,0.9983358591354223,1,1,True,True
FORSYTH,FORSYTH - 065,065,065 KERNERSVILLE 7TH DAY ADVENTIST CHURCH,9083398.51725626,FORSYTH - 065,065,KERNERSVILLE 7TH DAY ADVENTIST CHURCH,9083501.292780962,9078670.805967085,0.9994795217582721,0.9994682131197894,0.9989482881539659,1,1,True,True
FORSYTH,FORSYTH - 066,066,066 PINEY GROVE ELEMENTARY,13971208.756136348,FORSYTH - 066,066,PINEY GROVE ELEMENTARY,14024005.031607565,13965986.090635926,0.9996261837045324,0.9958628836169928,0.9954921533930841,1,1,True,True
FORSYTH,FORSYTH - 067,067,067 KERNERSVILLE RECREATION GROVE ELEMENTARY,4376830.480216651,FORSYTH - 067,067,KERNERSVILLE RECREATION,4376833.875752668,4374126.876366454,0.9993822918519651,0.9993815165338557,0.998764571998388,1,1,True,True
FORSYTH,FORSYTH - 068,068,068 GOOD SHEPHERD MORAVIAN,9677140.023253912,FORSYTH - 068,068,GOOD SHEPHERD MORAVIAN,9676770.751562424,9672794.649183027,0.9995509650516121,0.9995891085485564,0.9991404424508197,1,1,True,True
FORSYTH,FORSYTH - 071,071,071 LEWISVILLE ELEMENTARY SCHOOL,7752053.851604726,FORSYTH - 071,071,LEWISVILLE ELEMENTARY SCHOOL,7752065.001779583,7748125.894282922,0.9994933010790436,0.9994918634588645,0.998985679221223,1,1,True,True
FORSYTH,FORSYTH - 072,072,072 SOUTHWEST ELEMENTARY,16832726.581205875,FORSYTH - 076,076,076,11548869.925025366,11542002.21561169,0.6856882133699362,0.9994053349411448,0.6854085684262079,1,1,True,True
FORSYTH,FORSYTH - 073,073,073 UNITY MORAVIAN CHURCH,46718915.40238524,FORSYTH - 073,073,UNITY MORAVIAN CHURCH,46654152.15002793,46609285.66169591,0.9976534185405397,0.9990383173573117,0.996696241775689,1,1,True,True
FORSYTH,FORSYTH - 074,074,074 MEADOWLARK MIDDLE SCHOOL,8030349.343942686,FORSYTH - 074,074,MEADOWLARK MIDDLE SCHOOL,8010522.742631978,8004632.721144258,0.9967975711022053,0.9992647144665886,0.9960669857070074,1,1,True,True
FORSYTH,FORSYTH - 075,075,075 NEW HOPE AME ZION CHURCH,10690225.554641863,FORSYTH - 075,075,NEW HOPE AME ZION CHURCH,10806795.577878293,10682293.86257522,0.9992580425898311,0.9884793124468895,0.9877543460815921,1,1,True,True
FORSYTH,FORSYTH - 081,081,081 OAK SUMMIT UNITED METHODIST CHURCH,17491841.024939902,FORSYTH - 081,081,OAK SUMMIT UNITED METHODIST CHURCH,17491841.533131223,17486415.30111428,0.9996898140214122,0.9996897849773756,0.9993797913878096,1,1,True,True
FORSYTH,FORSYTH - 082,082,082 EAST FORSYTH HIGH SCHOOL,22186141.831034843,FORSYTH - 085,085,085,11311931.834230945,11309784.392739037,0.5097679659163843,0.9998101613832742,0.5097186292204449,1,1,True,True
FORSYTH,FORSYTH - 083,083,083 IBRAHAM ELEMENTARY,10927083.518110026,FORSYTH - 083,083,IBRAHAM ELEMENTARY,10927093.30388439,10922669.908203699,0.9995960852775572,0.9995951900878233,0.999191602250567,1,1,True,True
FORSYTH,FORSYTH - 091,091,091 TOBACCOVILLE COMMUNITY CENTER,47257981.03647074,FORSYTH - 091,091,TOBACCOVILLE COMMUNITY CENTER,47320978.406971,47179911.19470505,0.998348007256056,0.9970189286651526,0.9953767625695418,1,1,True,True
FORSYTH,FORSYTH - 092,092,092 MACEDONIA BAPTIST CHURCH,30304083.28948718,FORSYTH - 092,092,MACEDONIA BAPTIST CHURCH,30272395.578812826,30247169.908109885,0.9981219236749841,0.9991667104561558,0.9972917598555229,1,1,True,True
FORSYTH,FORSYTH - 101,101,101 BETHANIA MORAVIAN CHURCH,9458858.651666835,FORSYTH - 101,101,BETHANIA MORAVIAN CHURCH,9454820.241864078,9448808.85581707,0.9989375255281996,0.9993641988009048,0.998303074227879,1,1,True,True
FORSYTH,FORSYTH - 111,111,111 PROVIDENCE MORAVIAN CHURCH,47369028.65562521,FORSYTH - 111,111,PROVIDENCE MORAVIAN CHURCH,47394522.39713532,47358605.760545544,0.9997799639263149,0.9992421774759367,0.9990224747358363,1,1,True,True
FORSYTH,FORSYTH - 112,112,112 WALKERTOWN LIBRARY,38111773.68263147,FORSYTH - 112,112,WALKERTOWN LIBRARY,38073411.991127826,38055104.53242385,0.9985130802182148,0.9995191537152424,0.9980336624872711,1,1,True,True
FORSYTH,FORSYTH - 122,122,122 GRIFFITH FIRE STATION,24461928.67651196,FORSYTH - 121,121,FLAT ROCK MIDDLE SCHOOL,17287658.80729641,17269699.07343756,0.7059827253122405,0.9989611239983942,0.7054647792479855,1,1,True,True
FORSYTH,FORSYTH - 123,123,123 FORSYTH FRIENDS MEETING,6883152.091405661,FORSYTH - 123,123,FORSYTH FRIENDS MEETING,6864344.131947796,6860060.940186491,0.9966452650017713,0.9993760231598282,0.9960254663956876,1,1,True,True
FORSYTH,FORSYTH - 131,131,131 VIENNA ELEMENTARY SCHOOL,15341656.077831116,FORSYTH - 131,131,VIENNA ELEMENTARY SCHOOL,15350402.061137877,15330149.800085304,0.999249997673821,0.9986806690162309,0.9979326436470137,1,1,True,True
FORSYTH,FORSYTH - 132,132,132 PFAFFTOWN CHRISTIAN CHURCH,25040042.438784495,FORSYTH - 132,132,PFAFFTOWN CHRISTIAN CHURCH,25047372.411343314,25031989.746779393,0.9996784074138537,0.9993858571545431,0.9990646593912353,1,1,True,True
FORSYTH,FORSYTH - 133,133,133 SHILOH LUTHERAN CHURCH,37461730.75703926,FORSYTH - 134,134,GRACE BAPTIST CHURCH,27167952.087118044,27110274.457876485,0.7236791763226882,0.997876997535309,0.7225666827888871,1,1,True,True
FORSYTH,FORSYTH - 201,201,201 BROWN DOUGLAS REC CTR,5817268.507286613,FORSYTH - 208,208,BROWN & DOUGLAS RECREATION CENTER,3578359.498653999,3577280.818273783,0.6149416713003605,0.9996985544966565,0.614827665467705,1,1,True,True
FORSYTH,FORSYTH - 203,203,203 MARTIN LUTHER KING REC,1406603.2089710992,FORSYTH - 203,203,MARTIN LUTHER KING REC,1406603.802936306,1405310.3571039482,0.9990808695310054,0.9990804476501075,0.9981630060056718,1,1,True,True
FORSYTH,FORSYTH - 204,204,204 HOME AND GARDEN BUILDING (FAIRGROUNDS),4232643.6615869105,FORSYTH - 204,204,HOME AND GARDEN BUILDING (FAIRGROUNDS),4232639.45087437,4230200.353427796,0.9994227465493283,0.9994237407946311,0.9988471522556969,1,1,True,True
FORSYTH,FORSYTH - 205,205,205 PAISLEY MIDDLE SCHOOL,1584371.6774877466,FORSYTH - 205,205,PAISLEY MIDDLE SCHOOL,1584375.1877528164,1583156.1497586563,0.9992328014023719,0.9992305875504848,0.9984645686308082,1,1,True,True
FORSYTH,FORSYTH - 206,206,206 NORTH HILLS ELEMENTARY SCHOOL,5212036.478237585,FORSYTH - 206,206,NORTH HILLS ELEMENTARY SCHOOL,5212037.456609763,5209912.911574343,0.9995925648885788,0.9995923772511025,0.9991852741640123,1,1,True,True
FORSYTH,FORSYTH - 207,207,207 NEW HOPE UNITED METHODIST CHURCH,7148095.83335276,FORSYTH - 207,207,NEW HOPE UNITED METHODIST CHURCH VOTING DISTRICT,7148883.591858403,7144231.59000121,0.9994594024140638,0.9993492687637981,0.99880937432649,1,1,True,True
FORSYTH,FORSYTH - 301,301,301 ASHLEY ELEMENTARY SCHOOL,1248817.2074112208,FORSYTH - 301,301,ASHLEY ELEMENTARY SCHOOL,1249883.618703649,1247167.535799405,0.9986790127474017,0.997826931352968,0.9965116752787622,1,1,True,True
FORSYTH,FORSYTH - 302,302,302 HANES LOWRANCE MIDDLE SCHOOL,2943157.3212324204,FORSYTH - 302,302,HANES LOWRANCE MIDDLE SCHOOL,2943158.563749503,2940983.4139625872,0.99926136898828,0.9992609471288069,0.9985234070857735,1,1,True,True
FORSYTH,FORSYTH - 303,303,303 JOHN WESLEY AME ZION CHURCH,1094001.3139083155,FORSYTH - 303,303,JOHN WESLEY AME ZION CHURCH,1092935.891963269,1091139.185440211,0.9973837979610103,0.9983560732735838,0.9957484546382657,1,1,True,True
FORSYTH,FORSYTH - 304,304,304 FORSYTH TECH CC MAZIE WOODRUFF CTR,5312227.692472886,FORSYTH - 304,304,FORSYTH TECH CC MAZIE WOODRUFF CTR,5312229.935203213,5309659.386036868,0.9995165293009453,0.9995161073225934,0.9990331042931974,1,1,True,True
FORSYTH,FORSYTH - 305,305,305 CARVER HIGH SCHOOL,3148355.4465714474,FORSYTH - 305,305,CARVER HIGH SCHOOL,3148356.7757002865,3146234.3886850583,0.999326296562639,0.9993258746811641,0.9986530789531738,1,1,True,True
FORSYTH,FORSYTH - 306,306,306 MINERAL SPRINGS ELEM SCHOOL,4405781.4609619435,FORSYTH - 306,306,MINERAL SPRINGS ELEM SCHOOL,4405783.320077415,4403160.541465205,0.9994051181339879,0.9994046964134035,0.9988105223967725,1,1,True,True
FORSYTH,FORSYTH - 401,401,401 WINSTON LAKE FAMILY YMCA,10853891.768380493,FORSYTH - 401,401,WINSTON LAKE FAMILY YMCA,10706795.412137404,10700963.016297644,0.9859102379730411,0.9994552622315779,0.9853807384495379,1,1,True,True
FORSYTH,FORSYTH - 402,402,402 FOURTEENTH STREET REC,2027784.930794554,FORSYTH - 402,402,FOURTEENTH STREET REC,2027782.1161859296,2025761.2314770138,0.9990020148158674,0.9990034014538421,0.9980074034690591,1,1,True,True
FORSYTH,FORSYTH - 403,403,403 LEAP ACADEMY AT KENNEDY,3128623.419326879,FORSYTH - 403,403,LEAP ACADEMY AT KENNEDY,3128628.411943479,3125479.000824683,0.9989949514272726,0.9989933572466537,0.9979903300904184,1,1,True,True
FORSYTH,FORSYTH - 404,404,404 EAST WINSTON HERITAGE CENTER,2428750.890720441,FORSYTH - 404,404,EAST WINSTON HERITAGE CENTER,2428770.911769429,2426224.352491579,0.9989597376007086,0.9989515028916437,0.997913419640729,1,1,True,True
FORSYTH,FORSYTH - 405,405,405 SIMS RECREATION CENTER,3359895.0846494865,FORSYTH - 405,405,SIMS RECREATION CENTER,3376141.7252161377,3356631.0487514115,0.9990285304106704,0.9942210137924594,0.9932607345868726,1,1,True,True
FORSYTH,FORSYTH - 501,501,501 ST ANDREWS METHODIST,5010976.726574499,FORSYTH - 501,501,ST ANDREWS METHODIST,5010981.73001235,5008332.168686745,0.9994722470224757,0.9994712490549036,0.998944053882489,1,1,True,True
FORSYTH,FORSYTH - 502,502,502 FOREST PARK ELEMENTARY,2772933.7797398726,FORSYTH - 502,502,FOREST PARK ELEMENTARY,2772453.640088168,2769577.4576065075,0.9987896133121218,0.99896258590583,0.9977547077430194,1,1,True,True
FORSYTH,FORSYTH - 503,503,503 TRINITY MORAVIAN CHURCH,3011167.1696683946,FORSYTH - 503,503,TRINITY MORAVIAN CHURCH,2995936.392753696,2994503.26008607,0.9944659633147634,0.9995216411566372,0.9939928830798036,1,1,True,True
FORSYTH,FORSYTH - 504,504,504 HILL MIDDLE SCHOOL,2578891.280133586,FORSYTH - 504,504,HILL MIDDLE SCHOOL,2578890.9930547564,2576303.8070216095,0.998996672278545,0.9989967834855702,0.9979954668563216,1,1,True,True
FORSYTH,FORSYTH - 505,505,505 EASTON ELEMENTARY SCHOOL,7143540.496663119,FORSYTH - 505,505,EASTON ELEMENTARY SCHOOL,7143544.289144834,7139894.331807418,0.9994895857512947,0.999489055125904,0.9989791621980588,1,1,True,True
FORSYTH,FORSYTH - 506,506,506 COVENANT PRESBYTERIAN,4744749.561335307,FORSYTH - 506,506,COVENANT PRESBYTERIAN,4745998.444967959,4741752.130895533,0.9993682637195017,0.999105285405871,0.9984746787105646,1,1,True,True
FORSYTH,FORSYTH - 507,507,507 SEDGE GARDEN REC CTR,14267327.03330908,FORSYTH - 508,508,LINVILLE FOREST CHURCH OF CHRIST,9326249.787654031,9174904.019081268,0.6430709829291195,0.9837720657264496,0.6363209807967771,1,1,True,True
FORSYTH,FORSYTH - 601,601,601 PIEDMONT BAPTIST COLLEGE,2132576.7057491844,FORSYTH - 601,601,PIEDMONT BAPTIST COLLEGE,2121494.7775999554,2119166.560984628,0.9937117643982492,0.9989025584036735,0.9926280738711056,1,1,True,True
FORSYTH,FORSYTH - 602,602,602 FIRST ALLIANCE CHURCH,7157411.533815578,FORSYTH - 602,602,FIRST ALLIANCE CHURCH,7157861.405858061,7152217.981306035,0.9992743811802626,0.9992115767221467,0.9984871012264243,1,1,True,True
FORSYTH,FORSYTH - 603,603,603 LATHAM ELEMENTARY,3495648.337669619,FORSYTH - 603,603,LATHAM ELEMENTARY,3494660.317353141,3492202.5908876187,0.9990142753363179,0.9992967194970801,0.9983123801453453,1,1,True,True
FORSYTH,FORSYTH - 604,604,604 WSFC SCHOOLS ADMINISTRATION BLDG,3556547.8805702324,FORSYTH - 604,604,WSFC SCHOOLS ADMINISTRATION BLDG,3556986.9439766086,3553589.8635720857,0.9991682898424321,0.9990449556160796,0.9982148326807476,1,1,True,True
FORSYTH,FORSYTH - 605,605,605 PARKLAND HIGH SCHOOL,6763669.085733055,FORSYTH - 605,605,PARKLAND HIGH SCHOOL,6758486.279562874,6753812.466784609,0.9985427112380116,0.999308452723741,0.9978531773663674,1,1,True,True
FORSYTH,FORSYTH - 606,606,606 PHILO MIDDLE SCHOOL,2731340.453509964,FORSYTH - 606,606,PHILO MIDDLE SCHOOL,2731340.65803054,2729481.1445752215,0.9993192687010682,0.9993191938728508,0.998639388835428,1,1,True,True
FORSYTH,FORSYTH - 607,607,607 SHEPHERDS CENTER,2902521.5767102055,FORSYTH - 607,607,SHEPHERDS CENTER,2902524.3440220375,2900324.1293658307,0.9992429178263456,0.9992419651326135,0.9984860298794699,1,1,True,True
FORSYTH,FORSYTH - 701,701,701 FIRST CHRISTIAN CHURCH,2211372.3208902203,FORSYTH - 701,701,FIRST CHRISTIAN CHURCH,2223161.67407987,2209206.7189688697,0.9990206977355677,0.9937229238549302,0.9927558713694827,1,1,True,True
FORSYTH,FORSYTH - 702,702,702 MILLER PARK RECREATION,1904363.6293933683,FORSYTH - 702,702,MILLER PARK RECREATION,1900464.2220369005,1898540.1677353594,0.9969420432273935,0.9989875872014686,0.9959358096756239,1,1,True,True
FORSYTH,FORSYTH - 703,703,703 ARDMORE BAPTIST CHURCH,1168055.2464039887,FORSYTH - 703,703,ARDMORE BAPTIST CHURCH,1160159.9917839891,1159147.804072185,0.9923741258307546,0.9991275447188558,0.9915149205647742,1,1,True,True
FORSYTH,FORSYTH - 704,704,704 PARKWAY UNITED CHURCH OF CHRIST,1698375.5819453527,FORSYTH - 704,704,PARKWAY UNITED CHURCH OF CHRIST,1698376.299606213,1696633.256813404,0.9989741225966325,0.9989737004730852,0.9979499266262702,1,1,True,True
FORSYTH,FORSYTH - 705,705,705 FORSYTH TECH WEST CAMPUS,6572733.090771498,FORSYTH - 705,705,FORSYTH TECH WEST CAMPUS,6572735.60122797,6568001.005332629,0.9992800429633278,0.9992796612882989,0.9985607407310566,1,1,True,True
FORSYTH,FORSYTH - 706,706,706 SOUTH FORK ELEMENTARY,1975758.025126531,FORSYTH - 706,706,SOUTH FORK ELEMENTARY,1972054.836748085,1970026.0117884146,0.9970988282647875,0.9989712127057198,0.9960759986358245,1,1,True,True
FORSYTH,FORSYTH - 707,707,707 GREEK ORTHODOX CHURCH,2646007.62478833,FORSYTH - 707,707,GREEK ORTHODOX CHURCH,2649711.710396863,2643328.751275757,0.9989875790653523,0.9975910741172103,0.9965835225442844,1,1,True,True
FORSYTH,FORSYTH - 708,708,708 LITTLE CREEK RECREATION,9674826.928417312,FORSYTH - 708,708,LITTLE CREEK RECREATION,9675456.575596187,9664857.654939838,0.9989695657037345,0.9989045560203244,0.9978763768930415,1,1,True,True
FORSYTH,FORSYTH - 709,709,709 WARD ELEMENTARY SCHOOL,14447006.851970969,FORSYTH - 709,709,WARD ELEMENTARY SCHOOL,14443382.24494867,14436212.663253518,0.9992528425556898,0.9995036078410471,0.9987571917019938,1,1,True,True
FORSYTH,FORSYTH - 801,801,801 POLO PARK RECREATION CTR,2623162.0876842667,FORSYTH - 801,801,POLO PARK RECREATION CTR,2623164.284508083,2620644.4179515215,0.9990402157211079,0.9990393790539757,0.9980814369839538,1,1,True,True
FORSYTH,FORSYTH - 802,802,802 SUMMIT SCHOOL,2878816.347327116,FORSYTH - 802,802,SUMMIT SCHOOL,2878821.0808082707,2876446.447180075,0.9991767796687547,0.9991751367794177,0.9983532734183198,1,1,True,True
FORSYTH,FORSYTH - 803,803,803 WHITAKER ELEMENTARY,2348749.4673358407,FORSYTH - 803,803,WHITAKER ELEMENTARY,2348739.6592388763,2346909.429654082,0.999216588355911,0.9992207609823442,0.9984385693148963,1,1,True,True
FORSYTH,FORSYTH - 804,804,804 SHERWOOD FOREST ELEM SCHOOL,2140347.8632155564,FORSYTH - 804,804,SHERWOOD FOREST ELEM SCHOOL,2140355.820674358,2137780.033454923,0.9988002745699591,0.9987965612097977,0.9975997199064819,1,1,True,True
FORSYTH,FORSYTH - 805,805,805 MESSIAH MORAVIAN CHURCH,3019117.1002626554,FORSYTH - 805,805,MESSIAH MORAVIAN CHURCH,3019114.088967479,3016354.0764501146,0.9990848239002388,0.9990858203976293,0.9981723160394088,1,1,True,True
FORSYTH,FORSYTH - 806,806,806 TRINITY UNITED METHODIST CHURCH,3475026.095493237,FORSYTH - 806,806,TRINITY UNITED METHODIST CHURCH,3474600.8625973254,3471101.827501269,0.9988707227272171,0.99899296775819,0.9978659624957872,1,1,True,True
FORSYTH,FORSYTH - 807,807,807 CALVARY BAPTIST CHURCH BOY SCOUT HUT,2697627.7815221413,FORSYTH - 807,807,CALVARY BAPTIST CHURCH BOY SCOUT HUT,2697384.942487273,2694636.9106777953,0.9988912959508971,0.9989812237155355,0.9978747763087304,1,1,True,True
FORSYTH,FORSYTH - 808,808,808 W S FIRST SEVENTH DAY ADVENTIST CHURCH,3510514.24848927,FORSYTH - 808,808,W S FIRST SEVENTH DAY ADVENTIST CHURCH,3510938.1673424444,3506819.7192052025,0.9989475817437126,0.9988269664856105,0.9977770145287702,1,1,True,True
FORSYTH,FORSYTH - 809,809,809 JEFFERSON MIDDLE,5559959.649914704,FORSYTH - 809,809,JEFFERSON MIDDLE,5573547.082019079,5551175.274537897,0.9984200649051577,0.9959860736525658,0.9944187866493108,1,1,True,True
FORSYTH,FORSYTH - 901,901,901 REYNOLDS HIGH GIRLS GYM,2352684.6725619324,FORSYTH - 901,901,REYNOLDS HIGH GIRLS GYM,2352689.77539207,2351026.655578505,0.9992952659560527,0.9992930985500253,0.9985893601583637,1,1,True,True
FORSYTH,FORSYTH - 902,902,902 BRUNSON ELEMENTARY,1421992.8052839672,FORSYTH - 902,902,BRUNSON ELEMENTARY,1433077.7736554525,1420481.6855634789,0.99893732252732,0.99121046441196,0.9901663759718199,1,1,True,True
FORSYTH,FORSYTH - 903,903,903 ARTS COUNCIL THEATER,4541260.872965034,FORSYTH - 903,903,ARTS COUNCIL THEATER,4541266.505410333,4539268.518171145,0.9995612771761803,0.9995600374395979,0.9991217004894813,1,1,True,True
FORSYTH,FORSYTH - 904,904,904 MISSION HISPANA,3995824.724566606,FORSYTH - 904,904,MISSION HISPANA,3995826.409515308,3993113.7429285212,0.9993215464078248,0.9993211250167606,0.998643591970186,1,1,True,True
FORSYTH,FORSYTH - 905,905,905 BETHABARA MORAVIAN CH,3902581.758003672,FORSYTH - 905,905,BETHABARA MORAVIAN CH,3902582.8741439544,3900397.247569673,0.9994402396747951,0.9994399538344818,0.9988808201416708,1,1,True,True
FORSYTH,FORSYTH - 906,906,906 MT TABOR HIGH SCHOOL,5992403.397465218,FORSYTH - 906,906,MT TABOR HIGH SCHOOL,5979259.447551075,5975349.547422012,0.9971540884496496,0.9993460895678872,0.9965038934538862,1,1,True,True
FORSYTH,FORSYTH - 907,907,907 ST ANNES EPISCOPAL,3499865.633799049,FORSYTH - 907,907,ST ANNES EPISCOPAL,3499866.8304488454,3497573.067208899,0.9993449558268723,0.9993446141378893,0.9986904280159339,1,1,True,True
FORSYTH,FORSYTH - 908,908,908 OLD TOWN BAPTIST CHURCH,6245787.401553331,FORSYTH - 908,908,OLD TOWN BAPTIST CHURCH,6250200.161149425,6240522.191668512,0.9991569982219521,0.9984515744725952,0.9976111802273055,1,1,True,True
FORSYTH,FORSYTH - 909,909,909 OLD TOWN RECREATION CTR,2999178.632820874,FORSYTH - 909,909,OLD TOWN RECREATION CTR,2999179.4081195164,2996794.264379782,0.9992049928553774,0.9992047345573002,0.9984109908914574,1,1,True,True
FRANKLIN,FRANKLIN - 01,01,01 LOUISBURG CITY,5714552.005453975,FRANKLIN - 01,01,LOUISBURG CITY,6004392.839923685,5514859.564718963,0.9650554513206939,0.918470811578187,0.8889077624241555,1,1,True,True
FRANKLIN,FRANKLIN - 02,02,02 WEST LOUISBURG COUNTRY,57141004.975812,FRANKLIN - 02,02,WEST LOUISBURG COUNTRY,56855117.462257564,56712985.10875139,0.9925094095345051,0.9975000956844293,0.9900467703560122,1,1,True,True
FRANKLIN,FRANKLIN - 03,03,03 WEST FRANKLINTON,66440058.077423505,FRANKLIN - 03,03,WEST FRANKLINTON,66568245.128273875,66219693.74778611,0.9966832610323639,0.9947639992639716,0.9914818452615983,1,1,True,True
FRANKLIN,FRANKLIN - 05,05,05 EAST HARRIS,94194455.20499296,FRANKLIN - 05,05,EAST HARRIS,94194485.12857962,94181496.41671866,0.9998624251475726,0.9998621075125235,0.9997245705959484,1,1,True,True
FRANKLIN,FRANKLIN - 06,06,06 BUNN,48343440.05043387,FRANKLIN - 06,06,BUNN,48283815.49073668,48273578.214352965,0.9985548848818367,0.9997879770627142,0.9983434742320998,1,1,True,True
FRANKLIN,FRANKLIN - 07,07,07 PEARCES,32718955.547099296,FRANKLIN - 07,07,PEARCES,32707509.895986605,32626110.069617197,0.9971623337013785,0.9975112802341644,0.994687700731668,1,1,True,True
FRANKLIN,FRANKLIN - 08,08,08 CYPRESS CREEK,94400981.35796939,FRANKLIN - 08,08,CYPRESS CREEK,94929920.52909926,94385029.57469389,0.9998310210016249,0.9942600715204608,0.9940930266474812,1,1,True,True
FRANKLIN,FRANKLIN - 09,09,09 CEDAR ROCK,118442513.96598053,FRANKLIN - 09,09,CEDAR ROCK,118288250.11764911,118253996.584061,0.9984083638922618,0.9997104231945773,0.9981197080220099,1,1,True,True
FRANKLIN,FRANKLIN - 10,10,10 GOLD MINE,101161570.84416007,FRANKLIN - 10,10,GOLD MINE,100946747.78140673,100883350.75861661,0.9972497453012859,0.9993719755793679,0.9966251695057826,1,1,True,True
FRANKLIN,FRANKLIN - 11,11,11 SANDY CREEK,138000481.43725497,FRANKLIN - 11,11,SANDY CREEK,137957557.7727786,137896396.57390475,0.9992457644910642,0.9995566665584601,0.9988030994049553,1,1,True,True
FRANKLIN,FRANKLIN - 12,12,12 HAYESVILLE,85603504.9333662,FRANKLIN - 12,12,HAYESVILLE,85642532.12379059,85547722.99938014,0.99934836857405,0.9988929668231503,0.9982427768847939,1,1,True,True
FRANKLIN,FRANKLIN - 13,13,13 PILOT,47164245.07554291,FRANKLIN - 13,13,PILOT,46920158.63358488,46763856.11872464,0.9915107523468897,0.9966687556177961,0.9882357347912134,1,1,True,True
FRANKLIN,FRANKLIN - 14,14,14 EAST YOUNGSVILLE,58964065.92195901,FRANKLIN - 14,14,EAST YOUNGSVILLE,58993587.089593805,58955684.80222086,0.9998578605527433,0.9993575185161163,0.9992155616411492,1,1,True,True
FRANKLIN,FRANKLIN - 15,15,15 EAST FRANKLINTON,119331797.2185647,FRANKLIN - 15,15,EAST FRANKLINTON,119376360.45494576,119142834.18495435,0.9984164905078546,0.9980437812888462,0.99646645623267,1,1,True,True
FRANKLIN,FRANKLIN - 16,16,16 EAST LOUISBURG COUNTRY,88079493.53915036,FRANKLIN - 16,16,EAST LOUISBURG COUNTRY,88075604.78571026,87996542.37120324,0.9990582238315182,0.9991023346964307,0.9981622477738937,1,1,True,True
FRANKLIN,FRANKLIN - 17,17,17 WEST HARRIS,59520722.19512703,FRANKLIN - 17,17,WEST HARRIS,59545109.21463265,59485719.24557697,0.9994119199455391,0.9990026054223595,0.9984156975343446,1,1,True,True
FRANKLIN,FRANKLIN - 18,18,18 WEST YOUNGSVILLE 1,27709956.88114471,FRANKLIN - 18,18,WEST YOUNGSVILLE 1,27736585.652391843,27674157.731321547,0.9987080763071298,0.9977492571777697,0.9964631387764141,1,1,True,True
FRANKLIN,FRANKLIN - 19,19,19 WEST YOUNGSVILLE 2,37813897.57294216,FRANKLIN - 19,19,WEST YOUNGSVILLE 2,37910270.136196755,37755132.04460179,0.9984459277643355,0.995907755575531,0.9943663667988514,1,1,True,True
GASTON,GASTON - 01,01,01 YORK CHESTER,1828397.0497351906,GASTON - 01,01,YORK CHESTER,1828397.0497356378,1828395.3859586173,0.9999990900354092,0.9999990900351645,0.9999981800722296,1,1,True,True
GASTON,GASTON - 02,02,02 VICTORY,5248137.795900255,GASTON - 02,02,VICTORY,5234822.364976026,5234818.373200084,0.9974620668857864,0.9999992374572308,0.9974613082086693,1,1,True,True
GASTON,GASTON - 03,03,03 PLEASANT RIDGE,2883044.6669082297,GASTON - 03,03,PLEASANT RIDGE,2883044.6670718994,2883042.0984112495,0.9999991091026061,0.9999991090458364,0.99999821815003,1,1,True,True
GASTON,GASTON - 04,04,04 FOREST HEIGHTS,24686041.072785057,GASTON - 04-1,04-1,FOREST HEIGHTS,26499575.568875246,24673555.58597055,0.9994942288730018,0.9310924819094301,0.9306539968410098,1,1,True,True
GASTON,GASTON - 05,05,05 HEALTH CENTER,14220782.282283932,GASTON - 05,05,HEALTH CENTER,14220775.443323612,14220770.606926508,0.9999991789933077,0.9999996599062321,0.9999988389000981,1,1,True,True
GASTON,GASTON - 06,06,06 MYRTLE,5664865.374904701,GASTON - 06-1,06-1,MYRTLE,7666914.321798979,5664831.612296405,0.9999940399981181,0.7388672123529351,0.7388639586352891,1,1,True,True
GASTON,GASTON - 07,07,07 HIGHLAND,3535946.318898107,GASTON - 07,07,HIGHLAND,3535946.3188988026,3535943.3066069614,0.9999991480947746,0.9999991480945779,0.999998296190804,1,1,True,True
GASTON,GASTON - 08,08,08 WOODHILL,5547496.430901961,GASTON - 08,08,WOODHILL,5547496.430902586,5547492.889118897,0.9999993615528899,0.9999993615527772,0.9999987231064822,1,1,True,True
GASTON,GASTON - 09,09,09 GRIER,3118681.1834416525,GASTON - 09,09,GRIER,3118681.1834426178,3118679.4548556823,0.9999994457317474,0.9999994457314378,0.9999988914637995,1,1,True,True
GASTON,GASTON - 10,10,10 SHERWOOD,3195587.0600842102,GASTON - 10,10,SHERWOOD,3195595.225183929,3195585.6732662255,0.9999995660209036,0.9999970109112606,0.9999965769347586,1,1,True,True
GASTON,GASTON - 11,11,11 ARMSTRONG,3410304.8836732367,GASTON - 11,11,ARMSTRONG,3410297.4755353536,3410295.2702431832,0.9999971810643384,0.9999993533431655,0.9999965344111497,1,1,True,True
GASTON,GASTON - 12,12,12 FLINT GROVES,10657209.25505652,GASTON - 12,12,FLINT GROVES,10627008.9390998,10627002.498510186,0.9971656035061897,0.9999993939414513,0.9971650008783917,1,1,True,True
GASTON,GASTON - 13,13,13 RANLO,12924336.901491294,GASTON - 13,13,RANLO,12925036.461043993,12924329.870256003,0.9999994559693589,0.999945331621298,0.9999447876501377,1,1,True,True
GASTON,GASTON - 14,14,14 GARDNER PARK,3998061.329807169,GASTON - 14-1,14-1,GARDNER PARK,6872956.687039354,3998028.777392832,0.9999918579502285,0.5817043463888105,0.5817015912730603,1,1,True,True
GASTON,GASTON - 15,15,15 ROBINSON 1,13182318.542159872,GASTON - 15,15,ROBINSON 1,13179531.547003748,13179368.69441431,0.9997762269409491,0.9999876435221648,0.9997638759925548,1,1,True,True
GASTON,GASTON - 16,16,16 GASTON DAY,10024869.757982882,GASTON - 16,16,GASTON DAY,10028298.457662307,10024703.43275523,0.9999834087392987,0.9996415119751118,0.9996249326077163,1,1,True,True
GASTON,GASTON - 17,17,17 ROBINSON 2,11026262.83235934,GASTON - 17,17,ROBINSON 2,10958041.824235894,10944159.274026426,0.9925538181357367,0.9987331176105968,0.9913057206027437,1,1,True,True
GASTON,GASTON - 18,18,18 ASHBROOK,9303988.142345665,GASTON - 18-1,18-1,ASHBROOK,6430005.282745547,6429982.9201919325,0.6910996469274137,0.999996522156261,0.6910979858423474,1,1,True,True
GASTON,GASTON - 19,19,19 SOUTH GASTONIA,42696145.80488979,GASTON - 19-1,19-1,SOUTH GASTONIA,40971154.6668445,40889035.7125446,0.95767510021623,0.9979956885528941,0.9558367068584931,1,1,True,True
GASTON,GASTON - 20,20,20 BESSEMER CITY 1,36874117.81893396,GASTON - 20,20,BESSEMER CITY 1,36825691.30745925,36825501.61116834,0.9986815628239748,0.9999948488057067,0.9986764252037447,1,1,True,True
GASTON,GASTON - 21,21,21 BESSEMER CITY 2,25089717.553729493,GASTON - 21-1,21-1,BESSEMER CITY 2,23092335.069621943,23076523.383330952,0.9197601899627886,0.9993152842168919,0.9191809167896323,1,1,True,True
GASTON,GASTON - 22,22,22 CROWDERS MOUNTAIN,64369819.55682353,GASTON - 22,22,CROWDERS MOUNTAIN,64147597.661484174,64001223.193173215,0.9942737704379467,0.9977181613396748,0.992017960145624,1,1,True,True
GASTON,GASTON - 23,23,23 BELMONT 1,6975475.935476834,GASTON - 23,23,BELMONT 1,6971780.178954344,6970380.089152099,0.9992694625611397,0.9997991775749797,0.9990689334161242,1,1,True,True
GASTON,GASTON - 24,24,24 BELMONT 2,8320478.827697811,GASTON - 24,24,BELMONT 2,8275496.106235893,8261153.9835776,0.9928700204220547,0.9982669168743266,0.9911615417754885,1,1,True,True
GASTON,GASTON - 25,25,25 BELMONT 3,10090167.00725443,GASTON - 25-1,25-1,BELMONT 3,9392702.226265807,9391048.947658334,0.9307129347716984,0.9998239826444354,0.9305604620025476,1,1,True,True
GASTON,GASTON - 26,26,26 CATAWBA HEIGHTS,6329125.7593939565,GASTON - 26-1,26-1,CATAWBA HEIGHTS,6797963.863724626,6327213.3940696865,0.9996978468437869,0.9307512544797475,0.9304894943587345,1,1,True,True
GASTON,GASTON - 27,27,27 SOUTH POINT,28504081.261697017,GASTON - 27,27,SOUTH POINT,28263461.47164381,28177186.925721727,0.988531665589427,0.9969474883319356,0.9855486624693468,1,1,True,True
GASTON,GASTON - 28,28,28 CRAMERTON,9941700.79153995,GASTON - 28-1,28-1,CRAMERTON,10540952.268785866,9937510.27674716,0.9995784911575335,0.9427526112772909,0.9423779725602457,1,1,True,True
GASTON,GASTON - 29,29,29 NEW HOPE,27690165.71052399,GASTON - 29-1,29-1,NEW HOPE,27470236.63161298,27446399.542595424,0.9911966518916165,0.9991322576016647,0.9903441138083978,1,1,True,True
GASTON,GASTON - 30,30,30 MCADENVILLE,12667989.154356508,GASTON - 30-1,30-1,MCADENVILLE,11193736.336903471,11193730.13703909,0.8836232807469351,0.9999994461309258,0.8836228482914162,1,1,True,True
GASTON,GASTON - 31,31,31 UNION,41833360.04979528,GASTON - 31,31,UNION,41930194.8557801,41731267.00139439,0.9975595302820677,0.9952557374209701,0.9928383412420275,1,1,True,True
GASTON,GASTON - 32,32,32 LOWELL,6929545.195688394,GASTON - 32-1,32-1,LOWELL,8348885.934104348,6928654.929775753,0.9998715260688111,0.8298897582817493,0.8298012741660855,1,1,True,True
GASTON,GASTON - 33,33,33 TRYON,46477893.20001824,GASTON - 33,33,TRYON,46477957.967915446,46477870.04212069,0.9999995017438192,0.9999981082259505,0.9999976099716549,1,1,True,True
GASTON,GASTON - 34,34,34 LANDERS CHAPEL,47292408.64367654,GASTON - 34,34,LANDERS CHAPEL,47060196.068228364,47048368.09457156,0.9948397521694508,0.9997486628904041,0.9945910019681401,1,1,True,True
GASTON,GASTON - 35,35,35 CHERRYVILLE 1,22474627.754786134,GASTON - 35,35,CHERRYVILLE 1,22427909.175629962,22427892.287711516,0.9979205231968896,0.9999992470132497,0.9979197733385192,1,1,True,True
GASTON,GASTON - 36,36,36 CHERRYVILLE 2,38109927.21070317,GASTON - 36,36,CHERRYVILLE 2,37839888.02012886,37771190.66907911,0.9911115930568105,0.9981845255193882,0.9893282197210953,1,1,True,True
GASTON,GASTON - 37,37,37 CHERRYVILLE 3,15672509.128093623,GASTON - 37,37,CHERRYVILLE 3,15759549.859448953,15672504.419478036,0.9999996995621092,0.9944766544255877,0.9944763572973754,1,1,True,True
GASTON,GASTON - 38,38,38 HIGH SHOALS,42062260.54130822,GASTON - 38,38,HIGH SHOALS,42059739.8891428,42054133.1133378,0.999806776243934,0.9998666949481909,0.9996735226991215,1,1,True,True
GASTON,GASTON - 39,39,39 ALEXIS,45596384.067937955,GASTON - 39,39,ALEXIS,45649980.01631799,45590895.22779187,0.9998796211528986,0.9987056995752243,0.9985856321205412,1,1,True,True
GASTON,GASTON - 40,40,40 DALLAS 1,34502292.00741337,GASTON - 40,40,DALLAS 1,34502159.89146614,34502139.649832286,0.9999955841315976,0.9999994133227045,0.9999949974594834,1,1,True,True
GASTON,GASTON - 41,41,41 DALLAS 2,26466358.759973053,GASTON - 41,41,DALLAS 2,26466411.323061183,26466339.53851188,0.9999992737398693,0.9999972877112644,0.9999965614550734,1,1,True,True
GASTON,GASTON - 42,42,42 LUCIA,39078940.92352229,GASTON - 42,42,LUCIA,38761714.455108814,38665892.96983221,0.9894304209907219,0.9975279348031012,0.9870102737661429,1,1,True,True
GASTON,GASTON - 43,43,43 STANLEY 1,53684874.42279189,GASTON - 43,43,STANLEY 1,53758880.400208645,53681353.43823515,0.9999344138438508,0.9985578761797801,0.9984924790477606,1,1,True,True
GASTON,GASTON - 44,44,44 STANLEY 2,26386553.235142834,GASTON - 44,44,STANLEY 2,26386993.470910057,26386449.10618148,0.9999960537111298,0.9999793699600836,0.9999754238340357,1,1,True,True
GASTON,GASTON - 45,45,45 MOUNT HOLLY 1,17344945.34144512,GASTON - 45,45,MOUNT HOLLY 1,17344124.572103657,17317310.334264573,0.9984067400250313,0.9984539872434834,0.9968656459484645,1,1,True,True
GASTON,GASTON - 46,46,46 MOUNT HOLLY 2,15101321.77119945,GASTON - 46,46,MOUNT HOLLY 2,15101075.740566656,15100781.976603867,0.9999642551424465,0.9999805468187939,0.9999448033519043,1,1,True,True
GATES,GATES - 1,1,1 1,156338791.65817663,GATES - 1,1,1,156406598.7796705,156262372.27340704,0.9995111937097693,0.9990778745437292,0.9985899690993869,1,1,True,True
GATES,GATES - 2,2,2 2,133930259.19435844,GATES - 2,2,2,133916284.73349681,133752539.80074967,0.9986730452499845,0.9987772589937587,0.9974535451560367,1,1,True,True
GATES,GATES - 3,3,3 3,172277999.0644943,GATES - 3,3,3,172568485.26226693,172020117.1865087,0.9985031061459618,0.996822316224629,0.9953349134910092,1,1,True,True
GATES,GATES - 4N,4N,4N 4 NORTH,175117193.9046787,GATES - 4N,4N,4 NORTH,175108371.94468248,174996064.40950614,0.9993082946770008,0.9993586398301286,0.9986678211806188,1,1,True,True
GATES,GATES - 4S,4S,4S 4 SOUTH,70363414.1512815,GATES - 4S,4S,4 SOUTH,70363434.8269615,70351383.46649683,0.9998290207357077,0.9998287269446935,0.9996578062386625,1,1,True,True
GATES,GATES - 5,5,5 5,187298165.87952143,GATES - 5,5,5,187111032.81417346,187021039.2957425,0.9985203988385173,0.9995190368142518,0.9980408575259538,1,1,True,True
GRAHAM,GRAHAM - EAST,EAST,EAST EAST WARD,134162033.94372436,GRAHAM - EAST,EAST,EAST WARD,134097876.76341158,133984643.9051816,0.9986777925667318,0.9991555954429483,0.9978356185491601,1,1,True,True
GRAHAM,GRAHAM - STEC,STEC,STEC STECOAH,179280217.59115747,GRAHAM - STEC,STEC,STECOAH,179352995.1158745,179034471.4240834,0.9986292622221462,0.99822404029782,0.9968581636216695,1,1,True,True
GRAHAM,GRAHAM - TAPO,TAPO,TAPO TAPOCO,173192529.3305214,GRAHAM - TAPO,TAPO,TAPOCO,173098459.7852323,172989196.82546353,0.998825974158101,0.9993687814443621,0.9981962363995461,1,1,True,True
GRAHAM,GRAHAM - WEST,WEST,WEST WEST WARD,294631702.46769434,GRAHAM - WEST,WEST,WEST WARD,294697881.99284345,294389831.2597497,0.999179072700192,0.9989546896943724,0.9981354770421063,1,1,True,True
GRANVILLE,GRANVILLE - ANTI,ANTI,ANTI ANTIOCH,26246414.619337484,GRANVILLE - ANTI,ANTI,VOTING DISTRICT 00ANTI,26471506.977628708,25794675.467353605,0.9827885386047718,0.9744316970376073,0.9580819245634099,1,1,True,True
GRANVILLE,GRANVILLE - BERE,BERE,BERE BEREA,171706398.17647445,GRANVILLE - BERE,BERE,VOTING DISTRICT 00BERE,171655711.52485007,171642333.01164788,0.9996268912195064,0.9999220619396619,0.9995490113048032,1,1,True,True
GRANVILLE,GRANVILLE - BTNR,BTNR,BTNR BUTNER,67360178.52962998,GRANVILLE - BTNR,BTNR,VOTING DISTRICT 00BTNR,67200847.88648963,67143332.48039207,0.996780797587368,0.9991441267795503,0.9959304236125752,1,1,True,True
GRANVILLE,GRANVILLE - CORI,CORI,CORI CORINTH,134283586.6608001,GRANVILLE - CORI,CORI,VOTING DISTRICT 00CORI,134686428.6042924,133839916.2252979,0.996696018876656,0.993714939301854,0.990452291357259,1,1,True,True
GRANVILLE,GRANVILLE - CRDL,CRDL,CRDL CREDLE,3895851.7960666334,GRANVILLE - CRDL,CRDL,VOTING DISTRICT 00CRDL,3773255.625431253,3631050.7494328506,0.9320299999858481,0.9623124192699906,0.8992074763467731,1,1,True,True
GRANVILLE,GRANVILLE - CRDM,CRDM,CRDM CREEDMOOR,73849641.86496782,GRANVILLE - CRDM,CRDM,VOTING DISTRICT 00CRDM,73973200.81012383,73828253.73707892,0.9997103827811649,0.9980405461510722,0.9977520626396998,1,1,True,True
GRANVILLE,GRANVILLE - EAOX,EAOX,EAOX EAST OXFORD,4683924.809273772,GRANVILLE - EAOX,EAOX,VOTING DISTRICT 00EAOX,5601242.770416396,4652244.693411125,0.993236416647867,0.8305736573287784,0.8259024288692637,1,1,True,True
GRANVILLE,GRANVILLE - MTEN,MTEN,MTEN MT ENERGY,99892256.32174493,GRANVILLE - MTEN,MTEN,VOTING DISTRICT 00MTEN,99972622.29766048,99837412.96367013,0.9994509748793925,0.9986475363866342,0.9980999949282005,1,1,True,True
GRANVILLE,GRANVILLE - OKHL,OKHL,OKHL OAK HILL,153538266.5387667,GRANVILLE - OKHL,OKHL,VOTING DISTRICT 00OKHL,153565040.08253366,153509156.48232648,0.9998104052032339,0.9996360916509569,0.9994466348062704,1,1,True,True
GRANVILLE,GRANVILLE - SALM,SALM,SALM SALEM,92641423.76394078,GRANVILLE - SALM,SALM,VOTING DISTRICT 00SALM,92958272.34566799,92134565.56293707,0.9945288168034286,0.9911389620100948,0.9857640493737906,1,1,True,True
GRANVILLE,GRANVILLE - SASS,SASS,SASS SASSAFRAS FORK,175193014.98160452,GRANVILLE - SASS,SASS,VOTING DISTRICT 00SASS,175741453.74232936,175142082.71253273,0.9997092791109444,0.9965894726768596,0.9963007311430073,1,1,True,True
GRANVILLE,GRANVILLE - SOOX,SOOX,SOOX SOUTH OXFORD,3427676.598983662,GRANVILLE - SOOX,SOOX,VOTING DISTRICT 00SOOX,3838997.4254804505,3403230.7206375254,0.9928680907780549,0.8864894511388246,0.8808802027110791,1,1,True,True
GRANVILLE,GRANVILLE - TYHO,TYHO,TYHO TALLY HO,194699238.3711675,GRANVILLE - TYHO,TYHO,VOTING DISTRICT 00TYHO,194708855.54542983,194617317.42596325,0.9995792436278149,0.9995298718221616,0.9991095108926823,1,1,True,True
GRANVILLE,GRANVILLE - WILT,WILT,WILT WILTON,109267467.02115408,GRANVILLE - WILT,WILT,VOTING DISTRICT 00WILT,109246071.38711862,109160510.64048316,0.9990211507268654,0.9992168071075775,0.9982394897403739,1,1,True,True
GRANVILLE,GRANVILLE - WOEL,WOEL,WOEL WEST OXFORD ELEM,78839280.92904717,GRANVILLE - WOEL,WOEL,VOTING DISTRICT 00WOEL,78960979.83868505,78691170.70782979,0.998121365143466,0.9965830068040382,0.9947171766006135,1,1,True,True
GREENE,GREENE - ARBA,ARBA,ARBA ARBA,39841006.787492126,GREENE - ARBA,ARBA,ARBA,41312962.62477387,39759432.99141228,0.9979525166993156,0.9623960729354716,0.9604995351846073,1,1,True,True
GREENE,GREENE - BEAR,BEAR,BEAR BEAR GARDEN,67549436.58071458,GREENE - BEAR,BEAR,BEAR GARDENS,66690309.48538971,66678470.52626415,0.9871062425012277,0.9998224785697216,0.9869332689988157,1,1,True,True
GREENE,GREENE - BULL,BULL,BULL BULL HEAD,86331239.28585503,GREENE - BULL,BULL,BULL HEAD,85983002.33811691,85889338.20668672,0.9948813305261945,0.9989106668889989,0.993803114734041,1,1,True,True
GREENE,GREENE - CAST,CAST,CAST CASTORIA,91329221.83256032,GREENE - CAST,CAST,CASTORIA,91303970.983252,91236837.98761712,0.9989884525118087,0.9992647308226364,0.9982546695557176,1,1,True,True
GREENE,GREENE - HOOK,HOOK,HOOK HOOKERTON,30002664.862673264,GREENE - HOOK,HOOK,HOOKERTON,30582313.467673797,29878225.387732424,0.9958523859293693,0.976977278691306,0.9730180668587597,1,1,True,True
GREENE,GREENE - MAUR,MAUR,MAUR MAURY,138398581.02100164,GREENE - MAUR,MAUR,MAURY,138516158.31211394,138179472.06051448,0.9984168265391832,0.9975693359121265,0.9959938433607185,1,1,True,True
GREENE,GREENE - SH1,SH1,SH 1 SNOW HILL 1,16727608.52122251,GREENE - SH#1,SH#1,SNOW HILL,17586788.99392299,16721506.368157715,0.9996352046942603,0.9507992831400736,0.9504694952324955,1,1,True,True
GREENE,GREENE - SHIN,SHIN,SHIN SHINE,81187750.43675439,GREENE - SHIN,SHIN,SHINE,81398159.43990888,80781152.10835056,0.9949918759145744,0.9924198859556055,0.9874872111612236,1,1,True,True
GREENE,GREENE - SUGG,SUGG,SUGG SUGG,42264914.577960745,GREENE - SUGG,SUGG,SUGG,42270437.10414351,42223985.0036958,0.9990315945347661,0.9989010735722165,0.9979347943218944,1,1,True,True
GREENE,GREENE - WALS,WALS,WALS WALSTONBURG,96338870.20409879,GREENE - WALS,WALS,WALSTONBURG,96424695.26722573,96269564.7585221,0.9992806076568069,0.9983911744986727,0.9976740942170248,1,1,True,True
GUILFORD,GUILFORD - CG1,CG1,CG1,7607990.599941737,GUILFORD - CG1,CG1,CG1,7607091.290263486,7603241.991780455,0.9993758393758638,0.999493985501665,0.9988704561894304,1,1,True,True
GUILFORD,GUILFORD - CG2,CG2,CG2,8137537.971313601,GUILFORD - CG2,CG2,CG2,8137549.318148998,8132132.201410106,0.9993356995786009,0.9993343061249644,0.9986708895572485,1,1,True,True
GUILFORD,GUILFORD - CG3A,CG3A,CG3A,2515565.8764464445,GUILFORD - CG3A,CG3A,CG3A,2515638.108114484,2512744.6405793387,0.9988784885764584,0.9988498077184423,0.9977308732753981,1,1,True,True
GUILFORD,GUILFORD - CG3B,CG3B,CG3B,6650520.822336923,GUILFORD - CG3B,CG3B,CG3B,6650385.989577534,6646771.939085626,0.999436302306023,0.9994565653034919,0.9988934799363219,1,1,True,True
GUILFORD,GUILFORD - FEN1,FEN1,FEN1,18974514.530464064,GUILFORD - FEN1,FEN1,FEN1,18970870.029215436,18964177.391164515,0.9994552092870175,0.9996472150175182,0.9991028085200652,1,1,True,True
GUILFORD,GUILFORD - FEN2,FEN2,FEN2,11228851.777658531,GUILFORD - FEN2,FEN2,FEN2,11230371.13044016,11225383.444130125,0.9996911230464982,0.9995558752019764,0.9992472725050449,1,1,True,True
GUILFORD,GUILFORD - FR1,FR1,FR1,6540435.031688874,GUILFORD - FR1,FR1,FR1,6531508.453688472,6527403.6955955485,0.9980075734977586,0.9993715451611174,0.9973816196804237,1,1,True,True
GUILFORD,GUILFORD - FR2,FR2,FR2,4891713.919802909,GUILFORD - FR2,FR2,FR2,4892070.093997349,4886981.832573359,0.9990326320575712,0.9989598960509103,0.9979945384170942,1,1,True,True
GUILFORD,GUILFORD - FR3,FR3,FR3,3680613.6287191547,GUILFORD - FR3,FR3,FR3,3680611.1767037623,3678074.1094883666,0.9993100283031686,0.9993106940413989,0.9986216728922367,1,1,True,True
GUILFORD,GUILFORD - FR4,FR4,FR4,13380939.911656916,GUILFORD - FR4,FR4,FR4,13386583.946641428,13367652.253034463,0.9990069712060453,0.9985857711211145,0.9975955476904149,1,1,True,True
GUILFORD,GUILFORD - FR5A,FR5A,FR5A,8426648.11869221,GUILFORD - FR5A,FR5A,FR5A,8640140.14888633,8337982.403552278,0.9894779378596276,0.9650286060032256,0.9552260106866767,1,1,True,True
GUILFORD,GUILFORD - FR5B,FR5B,FR5B,4016624.1277184137,GUILFORD - FR5B,FR5B,FR5B,3839073.1973201525,3715261.410100757,0.9249711429212468,0.967749563278496,0.8973116566535632,1,1,True,True
GUILFORD,GUILFORD - G01,G01,G01,1074874.765586824,GUILFORD - G01,G01,G01,1074848.9274948526,1073207.8456585037,0.998449196146669,0.9984731976798137,0.9969271220924547,1,1,True,True
GUILFORD,GUILFORD - G02,G02,G02,2680078.4042990943,GUILFORD - G02,G02,G02,2680082.412557358,2677934.4060750655,0.9992000240662401,0.9991985296898975,0.9983998350441002,1,1,True,True
GUILFORD,GUILFORD - G03,G03,G03,2945826.7903590775,GUILFORD - G03,G03,G03,2948268.576152259,2942556.128229428,0.9988897303329736,0.9980624397759968,0.9969564659903659,1,1,True,True
GUILFORD,GUILFORD - G04,G04,G04,2428864.521482669,GUILFORD - G04,G04,G04,2428865.551245216,2426631.6764881364,0.9990807041830521,0.9990802806042788,0.9981626742222688,1,1,True,True
GUILFORD,GUILFORD - G05,G05,G05,1268498.1567147267,GUILFORD - G05,G05,G05,1273161.6520364264,1267097.2117890492,0.9988955877324207,0.9952367083648199,0.9941427865599948,1,1,True,True
GUILFORD,GUILFORD - G06,G06,G06,7159405.79111035,GUILFORD - G06,G06,G06,7241804.089635388,7141557.284398981,0.997506984904595,0.9861572055808743,0.9837326496853025,1,1,True,True
GUILFORD,GUILFORD - G07,G07,G07,3080112.5738340877,GUILFORD - G07,G07,G07,3080110.9554377645,3077068.1232975633,0.999011578160361,0.9990121030754333,0.9980256322256964,1,1,True,True
GUILFORD,GUILFORD - G08,G08,G08,4110496.5422112644,GUILFORD - G08,G08,G08,4109961.7791730654,4103689.2487447355,0.9983439242931788,0.9984738226861097,0.9968227938793585,1,1,True,True
GUILFORD,GUILFORD - G09,G09,G09,3714392.1283220635,GUILFORD - G09,G09,G09,3715418.465449002,3711599.2108025444,0.999248082210216,0.9989720526282639,0.9982216793277907,1,1,True,True
GUILFORD,GUILFORD - G10,G10,G10,4742666.544445377,GUILFORD - G10,G10,G10,4739669.336787753,4733495.781749856,0.9980663277484136,0.9986974713636709,0.9967688283008123,1,1,True,True
GUILFORD,GUILFORD - G11,G11,G11,2054926.6902991843,GUILFORD - G11,G11,G11,2054925.4042027986,2053389.9806953673,0.999252182761034,0.9992528081533807,0.9985061076055705,1,1,True,True
GUILFORD,GUILFORD - G12,G12,G12,1158089.8131542618,GUILFORD - G12,G12,G12,1158090.0136264157,1156330.008807572,0.9984804249837095,0.9984802521409087,0.9969652888581,1,1,True,True
GUILFORD,GUILFORD - G13,G13,G13,1965203.7535308157,GUILFORD - G13,G13,G13,1965208.3807102807,1963290.3194827938,0.9990263431745517,0.9990239909180554,0.9980522328374566,1,1,True,True
GUILFORD,GUILFORD - G14,G14,G14,905909.0512467036,GUILFORD - G14,G14,G14,905909.5922541938,904877.2516799924,0.9988610340460875,0.9988604375281726,0.9977240644659866,1,1,True,True
GUILFORD,GUILFORD - G15,G15,G15,1640818.365501163,GUILFORD - G15,G15,G15,1640816.222279629,1638367.7159613771,0.9985064467881931,0.998507751029637,0.9970186486796185,1,1,True,True
GUILFORD,GUILFORD - G16,G16,G16,1781846.6112676868,GUILFORD - G16,G16,G16,1781847.366370769,1780254.1608730098,0.9991062920991027,0.9991058687024331,0.9982137575585734,1,1,True,True
GUILFORD,GUILFORD - G17,G17,G17,3628295.987565239,GUILFORD - G17,G17,G17,3628294.9242631807,3626064.9655382233,0.9993851047338305,0.9993853976119622,0.9987712577136293,1,1,True,True
GUILFORD,GUILFORD - G18,G18,G18,1850220.7241345972,GUILFORD - G18,G18,G18,1850217.5805612819,1848349.1677822839,0.9989884686038263,0.9989901659141995,0.9979806754130939,1,1,True,True
GUILFORD,GUILFORD - G19,G19,G19,2598038.650603995,GUILFORD - G19,G19,G19,2598036.9826036994,2595979.6649914226,0.9992074846107105,0.9992081261252043,0.9984168648868474,1,1,True,True
GUILFORD,GUILFORD - G20,G20,G20,3311355.3104950204,GUILFORD - G20,G20,G20,3311365.131929746,3308005.7817964978,0.9989884719746303,0.9989855089972243,0.9979760312670474,1,1,True,True
GUILFORD,GUILFORD - G21,G21,G21,4821876.354311986,GUILFORD - G21,G21,G21,4821877.027850151,4819047.336661265,0.999413295272868,0.999413155671009,0.9988271391487398,1,1,True,True
GUILFORD,GUILFORD - G22,G22,G22,1975044.2422671353,GUILFORD - G22,G22,G22,1975045.082340138,1973382.6183161342,0.9991586902635184,0.9991582652776543,0.9983183706695455,1,1,True,True
GUILFORD,GUILFORD - G23,G23,G23,1397063.9730999582,GUILFORD - G23,G23,G23,1397055.623501985,1395467.4881768597,0.9988572571093105,0.998863226847658,0.9977230790780346,1,1,True,True
GUILFORD,GUILFORD - G24,G24,G24,1341628.1970192625,GUILFORD - G24,G24,G24,1341637.7027932482,1340221.188275735,0.9989512677605811,0.998944189989172,0.9978976699459171,1,1,True,True
GUILFORD,GUILFORD - G25,G25,G25,1789342.4941045325,GUILFORD - G25,G25,G25,1789265.541255786,1787579.1183991048,0.9990145119163952,0.9990574775974852,0.9980738454139746,1,1,True,True
GUILFORD,GUILFORD - G26,G26,G26,4579818.576364199,GUILFORD - G26,G26,G26,4579710.611903327,4573166.483978067,0.9985475205458001,0.9985710608202512,0.9971227264038559,1,1,True,True
GUILFORD,GUILFORD - G27,G27,G27,2930797.0527939154,GUILFORD - G27,G27,G27,2930797.609442979,2928851.2834767876,0.999336095511877,0.9993359057070607,0.9986728824241811,1,1,True,True
GUILFORD,GUILFORD - G28,G28,G28,1289908.250392521,GUILFORD - G28,G28,G28,1290496.0007937888,1288519.3943205616,0.9989232908065074,0.9984683358398543,0.9973949206639423,1,1,True,True
GUILFORD,GUILFORD - G29,G29,G29,3782151.6188029223,GUILFORD - G29,G29,G29,3782472.568337584,3780145.504033862,0.9994695837260762,0.9993847769516688,0.9988550129527419,1,1,True,True
GUILFORD,GUILFORD - G30,G30,G30,2480874.198246785,GUILFORD - G30,G30,G30,2480883.176038903,2479023.115864362,0.9992538588277748,0.999250242739156,0.9985052195802364,1,1,True,True
GUILFORD,GUILFORD - G31,G31,G31,2319686.6759570106,GUILFORD - G31,G31,G31,2319687.658497587,2317820.9461183236,0.9991956974801706,0.9991952742549519,0.9983922651804163,1,1,True,True
GUILFORD,GUILFORD - G32,G32,G32,2920249.3191817207,GUILFORD - G32,G32,G32,2920250.55576378,2917930.8091522357,0.9992060575053452,0.9992056343908691,0.9984129522565208,1,1,True,True
GUILFORD,GUILFORD - G33,G33,G33,2009675.6385749339,GUILFORD - G33,G33,G33,2009675.9112165573,2008247.8414651684,0.9992895385293231,0.9992894029612345,0.9985799504772774,1,1,True,True
GUILFORD,GUILFORD - G34,G34,G34,2126260.746719101,GUILFORD - G34,G34,G34,2126261.6473079068,2124587.2698621335,0.9992129484309252,0.9992125252092595,0.9984267122316266,1,1,True,True
GUILFORD,GUILFORD - G35,G35,G35,1706987.642304701,GUILFORD - G35,G35,G35,1706988.3655161047,1705366.6662304632,0.999050387926623,0.9990499646521309,0.9981021551966578,1,1,True,True
GUILFORD,GUILFORD - G36,G36,G36,2591631.4029975957,GUILFORD - G36,G36,G36,2591635.2705614218,2589584.873281689,0.9992103314871321,0.9992088403399106,0.9984204203479388,1,1,True,True
GUILFORD,GUILFORD - G37,G37,G37,2156034.1788973645,GUILFORD - G37,G37,G37,2156039.5018986436,2153606.409095824,0.9988739650672969,0.9988714989680492,0.9977480026368288,1,1,True,True
GUILFORD,GUILFORD - G38,G38,G38,2530028.139153787,GUILFORD - G38,G38,G38,2530009.4007769665,2528020.326874819,0.9992064071352031,0.999213807703032,0.9984214616865533,1,1,True,True
GUILFORD,GUILFORD - G39,G39,G39,2983030.2007402615,GUILFORD - G39,G39,G39,2983030.6136620697,2980751.499787364,0.9992361120070685,0.9992359736892181,0.9984732520662803,1,1,True,True
GUILFORD,GUILFORD - G40A1,G40A1,G40A1,3538619.926304585,GUILFORD - G40A1,G40A1,G40A1,3538616.5084613385,3535357.777911528,0.9990781297621687,0.9990790947416827,0.9981589208511567,1,1,True,True
GUILFORD,GUILFORD - G40A2,G40A2,G40A2,2280364.019408323,GUILFORD - G40A2,G40A2,G40A2,2280379.697438811,2277963.548983497,0.9989473301611518,0.998940462214241,0.9978900207089817,1,1,True,True
GUILFORD,GUILFORD - G40B,G40B,G40B,2203278.703906872,GUILFORD - G40B,G40B,G40B,2203278.0354026696,2201278.330128261,0.9990920922645583,0.9990923954025425,0.9981861342149062,1,1,True,True
GUILFORD,GUILFORD - G41A,G41A,G41A,2079736.5167080464,GUILFORD - G41A,G41A,G41A,2114370.42108011,1776402.196458175,0.8541477163991859,0.8401565680013219,0.7347473684818,1,1,True,True
GUILFORD,GUILFORD - G41B,G41B,G41B,2755673.20900359,GUILFORD - G41B,G41B,G41B,2715906.875015784,2418555.3652768913,0.8776640703893204,0.8905148359561612,0.7921833552245445,1,1,True,True
GUILFORD,GUILFORD - G42,G42,G42,4779496.196651606,GUILFORD - G42A,G42A,G42A,3752951.974132673,3748089.647582234,0.7842018265875074,0.9987043994743464,0.7834048450603438,1,1,True,True
GUILFORD,GUILFORD - G43,G43,G43,4374556.033361157,GUILFORD - G43,G43,G43,4374572.41913523,4371299.333988734,0.999255536025236,0.9992517931279,0.9985084423484428,1,1,True,True
GUILFORD,GUILFORD - G44,G44,G44,1557067.2719344525,GUILFORD - G44,G44,G44,1557067.9320967884,1555203.9981178131,0.9988033440492751,0.9988029205787667,0.9976091261875594,1,1,True,True
GUILFORD,GUILFORD - G45,G45,G45,1181623.5538336767,GUILFORD - G45,G45,G45,1181623.897786106,1180315.0370782113,0.9988926111440314,0.9988923203818516,0.9977873820759454,1,1,True,True
GUILFORD,GUILFORD - G46,G46,G46,2804293.454607428,GUILFORD - G46,G46,G46,2804337.402687349,2802024.9530664547,0.9991910612859556,0.999175402496619,0.998367796791503,1,1,True,True
GUILFORD,GUILFORD - G47,G47,G47,2599684.547605753,GUILFORD - G47,G47,G47,2599684.656882198,2597857.634707559,0.9992972559305795,0.9992972139256189,0.9985954569200158,1,1,True,True
GUILFORD,GUILFORD - G48,G48,G48,2505935.383328387,GUILFORD - G48,G48,G48,2505936.4456396145,2503235.6988033312,0.998922683903577,0.9989222604424056,0.9978472639788599,1,1,True,True
GUILFORD,GUILFORD - G49,G49,G49,3339620.350475702,GUILFORD - G49,G49,G49,3339615.8652891503,3336179.1919445507,0.9989695958911434,0.9989709375319721,0.9979426519419967,1,1,True,True
GUILFORD,GUILFORD - G50,G50,G50,6481624.425160355,GUILFORD - G50,G50,G50,6493016.951707607,6478194.125765142,0.9994707654794225,0.997717112699272,0.9971902911495851,1,1,True,True
GUILFORD,GUILFORD - G51,G51,G51,3193867.251212309,GUILFORD - G51,G51,G51,3193855.891125617,3191716.6696109707,0.9993266527904308,0.999330207251808,0.9986577614430411,1,1,True,True
GUILFORD,GUILFORD - G52,G52,G52,4005799.8370409785,GUILFORD - G52,G52,G52,4005228.6254540593,4002420.9120836724,0.99915649181318,0.9992989879897134,0.9984566615090423,1,1,True,True
GUILFORD,GUILFORD - G53,G53,G53,4963361.30022194,GUILFORD - G53,G53,G53,4959001.565040867,4955770.933564535,0.9984707205060682,0.9993485318699824,0.9978212427591096,1,1,True,True
GUILFORD,GUILFORD - G54,G54,G54,3334690.04233386,GUILFORD - G54,G54,G54,3335223.9822422136,3332510.886231117,0.9993465191441847,0.9991865325910517,0.9985341141267502,1,1,True,True
GUILFORD,GUILFORD - G55,G55,G55,2540319.6241347766,GUILFORD - G55,G55,G55,2543013.441315322,2536256.7559089917,0.9984006468370417,0.9973430398374789,0.9957521674589859,1,1,True,True
GUILFORD,GUILFORD - G56,G56,G56,2426933.5469936617,GUILFORD - G56,G56,G56,2426935.301555767,2425324.380183619,0.999336954729545,0.9993362322550933,0.998674066617212,1,1,True,True
GUILFORD,GUILFORD - G57,G57,G57,2676547.827099511,GUILFORD - G57,G57,G57,2676216.699734488,2674504.6755185607,0.9992366467132536,0.9993602819173435,0.9985979046077127,1,1,True,True
GUILFORD,GUILFORD - G58,G58,G58,2274687.262858543,GUILFORD - G58,G58,G58,2275402.5168777276,2273144.3613228723,0.9993217082801388,0.9990075797411203,0.9983306331984123,1,1,True,True
GUILFORD,GUILFORD - G59,G59,G59,2528355.064524343,GUILFORD - G59,G59,G59,2529460.584189143,2524923.1889835275,0.9986426449397997,0.9982061807035154,0.9968536876819156,1,1,True,True
GUILFORD,GUILFORD - G60,G60,G60,3584090.514868123,GUILFORD - G60,G60,G60,3594041.0340929506,3578078.3016420417,0.9983225275139842,0.9955585558708187,0.9938959387077525,1,1,True,True
GUILFORD,GUILFORD - G61,G61,G61,2864752.1272283215,GUILFORD - G61,G61,G61,2862310.5415355936,2854620.38318415,0.9964633086584094,0.9973133039759837,0.9937955577088233,1,1,True,True
GUILFORD,GUILFORD - G62,G62,G62,2490236.0463520554,GUILFORD - G62,G62,G62,2480455.9213198633,2479269.555464513,0.9955962042619988,0.9995217145988553,0.9951221211291404,1,1,True,True
GUILFORD,GUILFORD - G63,G63,G63,1650702.8793244194,GUILFORD - G63,G63,G63,1650703.5788298005,1649207.0354397076,0.999093813972552,0.999093390594601,0.9981888461927383,1,1,True,True
GUILFORD,GUILFORD - G64,G64,G64,17657310.668402653,GUILFORD - G64,G64,G64,17666534.879444048,17645210.607005995,0.9993147279546759,0.9987929567069281,0.998109337403789,1,1,True,True
GUILFORD,GUILFORD - G65,G65,G65,2517344.1977451337,GUILFORD - G65,G65,G65,2517050.1097765546,2509576.7451428487,0.996914425683527,0.9970309035149207,0.993963596632451,1,1,True,True
GUILFORD,GUILFORD - G66,G66,G66,1709454.3718085974,GUILFORD - G66,G66,G66,1720280.443379907,1704365.4858618276,0.9970230934322127,0.9907486261444614,0.987826465262921,1,1,True,True
GUILFORD,GUILFORD - G67,G67,G67,902095.7857612519,GUILFORD - G67,G67,G67,902093.920262906,900297.4003701855,0.9980064363236673,0.9980085001657067,0.996022861062872,1,1,True,True
GUILFORD,GUILFORD - G68,G68,G68,1682581.7062098375,GUILFORD - G68,G68,G68,1682620.1658399499,1680939.3701643494,0.9990239189933976,0.9990010843149729,0.9980269514298584,1,1,True,True
GUILFORD,GUILFORD - G69,G69,G69,1904919.0918302825,GUILFORD - G69,G69,G69,1904919.8996772692,1903491.0870080274,0.9992503593310711,0.9992499355644907,0.9985014186105516,1,1,True,True
GUILFORD,GUILFORD - G70,G70,G70,1457723.4261910792,GUILFORD - G70,G70,G70,1457714.3019486265,1456449.7198443643,0.9991262359348625,0.9991324897460554,0.9982602403607532,1,1,True,True
GUILFORD,GUILFORD - G71,G71,G71,2188854.059684975,GUILFORD - G71,G71,G71,2188823.5644862885,2184675.901928287,0.9980911665909378,0.9981050722290744,0.9962034592904131,1,1,True,True
GUILFORD,GUILFORD - G72,G72,G72,4101723.9183088513,GUILFORD - G72,G72,G72,4095226.9797677984,4089235.7299565757,0.9969553805665632,0.9985370164240415,0.9955012854087554,1,1,True,True
GUILFORD,GUILFORD - G73,G73,G73,2701065.300397975,GUILFORD - G73,G73,G73,2701046.737451221,2699231.4815639327,0.999321075712693,0.9993279435479147,0.9986499311955002,1,1,True,True
GUILFORD,GUILFORD - G74,G74,G74,2743514.213219881,GUILFORD - G74,G74,G74,2753228.6930445656,2741794.9304383732,0.9993733282761127,0.9958471438878008,0.995225664693811,1,1,True,True
GUILFORD,GUILFORD - G75,G75,G75,6291963.857137689,GUILFORD - G75,G75,G75,6294735.397694105,6282946.438154631,0.9985668355400947,0.9981271715497696,0.9966993663730775,1,1,True,True
GUILFORD,GUILFORD - GIB,GIB,GIB,13563083.446913179,GUILFORD - GIB,GIB,GIB,13556960.740414893,13540528.305080472,0.9983370196075996,0.9987878968118986,0.9971289420399666,1,1,True,True
GUILFORD,GUILFORD - GR,GR,GR,96850705.21676534,GUILFORD - GR,GR,GR,96749735.38234115,96691980.88294551,0.9983611442635901,0.9994030526371219,0.9977661513365342,1,1,True,True
GUILFORD,GUILFORD - H01,H01,H01,7655977.827663778,GUILFORD - H01,H01,H01,7625077.573431088,7619256.920336843,0.9952036293529678,0.9992366434258286,0.9944475751316065,1,1,True,True
GUILFORD,GUILFORD - H02,H02,H02,3413765.5142323654,GUILFORD - H02,H02,H02,3406574.7941041663,3403966.439039431,0.9971295406342114,0.9992343173943371,0.9963682457680715,1,1,True,True
GUILFORD,GUILFORD - H03,H03,H03,6274413.05844808,GUILFORD - H03,H03,H03,6273804.79593184,6270175.428554334,0.9993246173220871,0.9994215045740887,0.9987469028181634,1,1,True,True
GUILFORD,GUILFORD - H04,H04,H04,10833643.79386847,GUILFORD - H04,H04,H04,10831035.435465042,10801456.358013168,0.9970289372193021,0.9972690443468571,0.994314163113578,1,1,True,True
GUILFORD,GUILFORD - H05,H05,H05,5457179.274876673,GUILFORD - H05,H05,H05,5462836.595736802,5434077.752876738,0.9957667650563932,0.9947355476672125,0.9905466733770971,1,1,True,True
GUILFORD,GUILFORD - H06,H06,H06,6213230.968939869,GUILFORD - H06,H06,H06,6227439.159047242,6207912.2118999725,0.9991439627680856,0.9968643696632666,0.9960136901638619,1,1,True,True
GUILFORD,GUILFORD - H07,H07,H07,2481557.3798940284,GUILFORD - H07,H07,H07,2474344.798042087,2453108.5000905967,0.9885358766902071,0.9914174055417442,0.9801481128090062,1,1,True,True
GUILFORD,GUILFORD - H08,H08,H08,1858108.1492451672,GUILFORD - H08,H08,H08,1858678.451832334,1856935.507344519,0.999368905463805,0.999062266802471,0.9984323549351409,1,1,True,True
GUILFORD,GUILFORD - H09,H09,H09,2279386.5547250877,GUILFORD - H09,H09,H09,2281709.9099002257,2276763.5433162358,0.9988492467837828,0.9978321667611961,0.9966863945608662,1,1,True,True
GUILFORD,GUILFORD - H10,H10,H10,4872668.819264038,GUILFORD - H10,H10,H10,4871947.516607682,4868052.828031711,0.9990526770023694,0.9992005889713108,0.998254779252928,1,1,True,True
GUILFORD,GUILFORD - H11,H11,H11,2262023.585052382,GUILFORD - H11,H11,H11,2260438.9549541846,2258368.4152863403,0.9983841150949108,0.9990840099161685,0.9974710815370391,1,1,True,True
GUILFORD,GUILFORD - H12,H12,H12,1868670.7451564553,GUILFORD - H12,H12,H12,1868674.9766738692,1867418.0185872777,0.9993296162138651,0.9993273532838607,0.9986578707554221,1,1,True,True
GUILFORD,GUILFORD - H13,H13,H13,3100293.3120438843,GUILFORD - H13,H13,H13,3100294.6275070994,3098316.098419244,0.9993622494952463,0.9993618254631992,0.998724888431746,1,1,True,True
GUILFORD,GUILFORD - H14,H14,H14,2289533.7989920042,GUILFORD - H14,H14,H14,2290755.3308980456,2285670.3378083403,0.9983125555144174,0.9977802111726564,0.9961002436203135,1,1,True,True
GUILFORD,GUILFORD - H15,H15,H15,3368105.9696413446,GUILFORD - H15,H15,H15,3356183.971228672,3354673.89067147,0.996011978515241,0.9995500602558897,0.995565619552947,1,1,True,True
GUILFORD,GUILFORD - H16,H16,H16,2450808.2178157303,GUILFORD - H16,H16,H16,2450809.277202145,2448917.5907000494,0.999228569946054,0.9992281380196768,0.9984578979225638,1,1,True,True
GUILFORD,GUILFORD - H17,H17,H17,1501339.9673724703,GUILFORD - H17,H17,H17,1500972.3287671367,1499362.7263882954,0.9986830158211033,0.9989276268802615,0.9976134639277285,1,1,True,True
GUILFORD,GUILFORD - H18,H18,H18,2462516.523327928,GUILFORD - H18,H18,H18,2532259.452008698,2435525.2978702267,0.989039169807793,0.9617992721631515,0.9516556229971742,1,1,True,True
GUILFORD,GUILFORD - H19A,H19A,H19A,1124198.8355388273,GUILFORD - H19A,H19A,H19A,1133643.3389830098,1105934.3490152734,0.9837533308644641,0.9755575770483562,0.9600892749634085,1,1,True,True
GUILFORD,GUILFORD - H19B,H19B,H19B,2441457.194739073,GUILFORD - H19B,H19B,H19B,2434818.019129637,2432587.0227012644,0.9963668533460581,0.9990837112216008,0.9954572074676687,1,1,True,True
GUILFORD,GUILFORD - H20A,H20A,H20A,4078011.6183292004,GUILFORD - H20A,H20A,H20A,4071652.0953596584,4068677.344085011,0.9977110721798254,0.999269399446471,0.9969838111662129,1,1,True,True
GUILFORD,GUILFORD - H20B,H20B,H20B,3109536.1475279946,GUILFORD - H20B,H20B,H20B,3037811.9379720394,3029039.9381653722,0.9741131134858764,0.9971123953734532,0.9713728711366802,1,1,True,True
GUILFORD,GUILFORD - H21,H21,H21,1811617.6139920494,GUILFORD - H21,H21,H21,1811618.382042057,1809708.107646152,0.9989459661182639,0.9989455426071843,0.9978937292521055,1,1,True,True
GUILFORD,GUILFORD - H22,H22,H22,2771713.8933872418,GUILFORD - H22,H22,H22,2771715.068566089,2769286.209580821,0.9991241217889723,0.999123698170561,0.9982493536832107,1,1,True,True
GUILFORD,GUILFORD - H23,H23,H23,4158102.1090906793,GUILFORD - H23,H23,H23,4149090.733348449,4146374.8258864535,0.9971796548289213,0.9993454210484802,0.9965287617461848,1,1,True,True
GUILFORD,GUILFORD - H24,H24,H24,4109419.0843081777,GUILFORD - H24,H24,H24,4114894.376259609,4105830.610661506,0.9991267686324877,0.9977973272776101,0.9969279368869867,1,1,True,True
GUILFORD,GUILFORD - H25,H25,H25,7156206.899869557,GUILFORD - H25,H25,H25,7157716.407182735,7146855.647376431,0.9986932668906909,0.9984826501654347,0.9971798770070013,1,1,True,True
GUILFORD,GUILFORD - H26,H26,H26,4241685.013939323,GUILFORD - H26,H26,H26,4238400.923344796,4229872.407852597,0.9972151147367363,0.9979877987839176,0.9952140942006632,1,1,True,True
GUILFORD,GUILFORD - H27,H27,H27,5161697.392698143,GUILFORD - H27-A,H27-A,H27 A,2746042.266160705,2744905.390985104,0.5317834778280708,0.9995859950192278,0.5316663771420195,1,1,True,True
GUILFORD,GUILFORD - H28,H28,H28,4665867.637430364,GUILFORD - H28,H28,H28,5492603.735103744,4399475.914632749,0.9429062837829825,0.8009818524710397,0.7639311311830703,1,1,True,True
GUILFORD,GUILFORD - H29A,H29A,H29A,7285685.702529468,GUILFORD - H29A,H29A,H29A,6453239.486640732,6186482.309425367,0.8491283541475751,0.9586630594188242,0.8191365903629825,1,1,True,True
GUILFORD,GUILFORD - H29B,H29B,H29B,8821222.054958109,GUILFORD - H29B,H29B,H29B,8814690.483353825,8808423.181699064,0.9985490816148482,0.9992889935651629,0.9978401361764854,1,1,True,True
GUILFORD,GUILFORD - JAM1,JAM1,JAM1,7755573.955757178,GUILFORD - JAM1,JAM1,JAM1,7771439.88036665,7723051.30204028,0.9958065445700822,0.9937735375848925,0.9896320322285133,1,1,True,True
GUILFORD,GUILFORD - JAM2,JAM2,JAM2,4546762.825633874,GUILFORD - JAM2,JAM2,JAM2,4548246.835285964,4541397.188711467,0.9988198995355209,0.9984940028933001,0.9973174521170927,1,1,True,True
GUILFORD,GUILFORD - JAM3,JAM3,JAM3,7331739.711389502,GUILFORD - JAM3,JAM3,JAM3,7338523.856856699,7319863.972649404,0.9983802290851038,0.9974572700762074,0.9958457193312749,1,1,True,True
GUILFORD,GUILFORD - JAM4,JAM4,JAM4,21234922.84783297,GUILFORD - JAM4,JAM4,JAM4,21206537.632843766,21181984.02750142,0.9975069925748775,0.9988421681196877,0.9963549231400604,1,1,True,True
GUILFORD,GUILFORD - JAM5,JAM5,JAM5,37342848.088389315,GUILFORD - JAM5,JAM5,JAM5,37173248.85579882,37145703.01890846,0.9947206739824929,0.9992589876392777,0.9939874621921175,1,1,True,True
GUILFORD,GUILFORD - JEF1,JEF1,JEF1,46378101.02011737,GUILFORD - JEF1,JEF1,JEF1,46393357.02341774,46365686.68396594,0.9997323233190153,0.9994035710880367,0.9991362135693715,1,1,True,True
GUILFORD,GUILFORD - JEF2,JEF2,JEF2,29842984.388263404,GUILFORD - JEF2,JEF2,JEF2,29843331.153778594,29816671.042902146,0.999118273661276,0.9991066643753985,0.9982265119948369,1,1,True,True
GUILFORD,GUILFORD - JEF3,JEF3,JEF3,15763286.64140633,GUILFORD - JEF3,JEF3,JEF3,15748533.413361566,15738646.746240534,0.9984368808531926,0.9993722166463676,0.9978110579519112,1,1,True,True
GUILFORD,GUILFORD - JEF4,JEF4,JEF4,32325409.704359952,GUILFORD - JEF4,JEF4,JEF4,32339963.74219101,32317170.28331953,0.9997451100816424,0.9992951921946114,0.9990406614007179,1,1,True,True
GUILFORD,GUILFORD - MON1,MON1,MON1,14421463.04960431,GUILFORD - MON1,MON1,MON1,14320460.173007289,14310430.896577148,0.9923009092319376,0.999299654039816,0.9916113020939,1,1,True,True
GUILFORD,GUILFORD - MON2A,MON2A,MON2A,23315657.11191201,GUILFORD - MON2A,MON2A,MON2A,23319414.557170358,23303710.507057488,0.9994876144902467,0.9993265675656492,0.9988148717610015,1,1,True,True
GUILFORD,GUILFORD - MON2B,MON2B,MON2B,5071542.544233562,GUILFORD - MON2B,MON2B,MON2B,5070394.538190395,5068075.525641686,0.9993163778945682,0.9995426366663893,0.9988596395317783,1,1,True,True
GUILFORD,GUILFORD - MON3,MON3,MON3,55702074.83128862,GUILFORD - MON3,MON3,MON3,55749911.05554311,55673890.740568005,0.9994940208097098,0.9986364047307741,0.998131804153181,1,1,True,True
GUILFORD,GUILFORD - NCGR1,NCGR1,NCGR1,28588990.109747063,GUILFORD - NCGR1,NCGR1,NCGR1,28588979.84298654,28581572.169172682,0.999740531563168,0.9997408905860041,0.9994815565757459,1,1,True,True
GUILFORD,GUILFORD - NCGR2,NCGR2,NCGR2,35656496.133141264,GUILFORD - NCGR2,NCGR2,NCGR2,35792328.066077374,35645338.0619807,0.9996870676490787,0.9958932538887857,0.9955828861287129,1,1,True,True
GUILFORD,GUILFORD - NCLAY1,NCLAY1,NCLAY1,13443391.763195569,GUILFORD - NCLAY1,NCLAY1,NCLAY1,13460854.484051067,13438300.1209749,0.9996212531546832,0.9983244478942336,0.9979469689661908,1,1,True,True
GUILFORD,GUILFORD - NCLAY2,NCLAY2,NCLAY2,32831293.81294321,GUILFORD - NCLAY2,NCLAY2,NCLAY2,32813838.66242619,32805473.943040136,0.9992135591716189,0.9997450856185373,0.9989590455316255,1,1,True,True
GUILFORD,GUILFORD - NDRI,NDRI,NDRI,35893026.23568109,GUILFORD - NDRI,NDRI,NDRI,35903284.27255801,35860549.58065931,0.9990951820331746,0.9988097275008524,0.9979070612398595,1,1,True,True
GUILFORD,GUILFORD - NMAD,NMAD,NMAD,55669442.49334148,GUILFORD - NMAD,NMAD,NMAD,55710626.06221239,55615309.97292356,0.9990276080019233,0.9982890860141763,0.9973200169156061,1,1,True,True
GUILFORD,GUILFORD - NWASH,NWASH,NWASH,54390727.257977776,GUILFORD - NWASH,NWASH,NWASH,54647171.51847488,54382620.40386292,0.9998509515403903,0.9951589239248638,0.9950113149755074,1,1,True,True
GUILFORD,GUILFORD - OR1,OR1,OR1,31828099.71421646,GUILFORD - OR1,OR1,OR1,31744619.562418014,31729888.55828657,0.9969143254918853,0.9995359527272809,0.9964531369380972,1,1,True,True
GUILFORD,GUILFORD - OR2,OR2,OR2,20554997.8137591,GUILFORD - OR2,OR2,OR2,20532022.645714436,20489007.00693918,0.9967895493145834,0.9979049487954742,0.9947079146323325,1,1,True,True
GUILFORD,GUILFORD - PG1,PG1,PG1,18215135.956464384,GUILFORD - PG1,PG1,PG1,18239587.64669736,18208698.597300597,0.9996465928566675,0.9983064831291645,0.9979542717633807,1,1,True,True
GUILFORD,GUILFORD - PG2,PG2,PG2,45079742.92584399,GUILFORD - PG2,PG2,PG2,45249532.71952183,45077250.75614554,0.9999447164172486,0.9961926244753913,0.9961377610504148,1,1,True,True
GUILFORD,GUILFORD - RC1,RC1,RC1,31491498.238252137,GUILFORD - RC1,RC1,RC1,31497602.91601393,31446707.871677455,0.9985776997259446,0.9983841613448432,0.9969664505145849,1,1,True,True
GUILFORD,GUILFORD - RC2,RC2,RC2,51661057.031921044,GUILFORD - RC2,RC2,RC2,51605070.151690446,51568866.410808876,0.9982154716452045,0.9992984460485151,0.9975164184702553,1,1,True,True
GUILFORD,GUILFORD - SCLAY,SCLAY,SCLAY,49045708.97826958,GUILFORD - SCLAY,SCLAY,SCLAY,49092417.98830336,49036398.367583096,0.9998101646223402,0.998858894651846,0.9986694922302981,1,1,True,True
GUILFORD,GUILFORD - SDRI,SDRI,SDRI,38790788.67953089,GUILFORD - SDRI,SDRI,SDRI,38800827.98222644,38778586.11567514,0.9996854262501192,0.9994267682493402,0.999112554986755,1,1,True,True
GUILFORD,GUILFORD - SF1,SF1,SF1,29750019.676448613,GUILFORD - SF1,SF1,SF1,29752821.94074968,29697639.03204231,0.9982393072348866,0.9981452882413218,0.9963911148462637,1,1,True,True
GUILFORD,GUILFORD - SF2,SF2,SF2,26631989.49281001,GUILFORD - SF2,SF2,SF2,26597054.463004455,26580611.2856943,0.9980708085241029,0.9993817669797599,0.9974549578481623,1,1,True,True
GUILFORD,GUILFORD - SF3,SF3,SF3,15366679.411865577,GUILFORD - SF3,SF3,SF3,15366715.395701485,15361517.09443071,0.999664057712372,0.9996617168251695,0.9993260017481932,1,1,True,True
GUILFORD,GUILFORD - SF4,SF4,SF4,17164637.611671604,GUILFORD - SF4,SF4,SF4,17141274.7856417,17133567.938688166,0.9981899021880711,0.9995503924270563,0.9977419204447943,1,1,True,True
GUILFORD,GUILFORD - SMAD,SMAD,SMAD,31672966.777911652,GUILFORD - SMAD,SMAD,SMAD,31671228.62721954,31663018.851064447,0.9996859174286716,0.99974078125444,0.9994268614686292,1,1,True,True
GUILFORD,GUILFORD - STOK,STOK,STOK,49937077.60158364,GUILFORD - STOK,STOK,STOK,49651184.72117478,49558375.11425596,0.9924164066958602,0.9981307675246823,0.9905753916197845,1,1,True,True
GUILFORD,GUILFORD - SUM1,SUM1,SUM1,15231214.576684775,GUILFORD - SUM1,SUM1,SUM1,15225061.149718067,15211198.479798114,0.9986858502461583,0.9990894834652135,0.9977777241624565,1,1,True,True
GUILFORD,GUILFORD - SUM2,SUM2,SUM2,12793952.335632497,GUILFORD - SUM2,SUM2,SUM2,12769685.6339055,12760460.802275935,0.9973822371322046,0.9992775991599142,0.996663612130952,1,1,True,True
GUILFORD,GUILFORD - SUM3,SUM3,SUM3,17218286.875151474,GUILFORD - SUM3,SUM3,SUM3,17223587.956680983,17212581.029256757,0.9996686170966897,0.9993609387630551,0.9990299792022561,1,1,True,True
GUILFORD,GUILFORD - SUM4,SUM4,SUM4,36389884.31181651,GUILFORD - SUM4,SUM4,SUM4,36378946.35037894,36357011.42636774,0.9990966477066238,0.999397043449254,0.998494779700377,1,1,True,True
GUILFORD,GUILFORD - SWASH,SWASH,SWASH,40167157.98120714,GUILFORD - SWASH,SWASH,SWASH,40259020.44632559,40161203.90163912,0.9998517674670733,0.9975703198040576,0.9974228066582344,1,1,True,True
HALIFAX,HALIFAX - BUTWD,BUTWD,BUTWD BUTTERWOOD,82643214.75707191,HALIFAX - BUTWD,BUTWD,BUTTERWOOD,82560954.9207154,82544358.65014344,0.9988038206497768,0.999798981605919,0.9986032828279536,1,1,True,True
HALIFAX,HALIFAX - CONC,CONC,CONC CONOCONNARA,131256049.62313196,HALIFAX - CONC,CONC,CONOCONNARA,131433931.89788596,131242956.88844441,0.9999002504286458,0.9985469885387745,0.9984475286169504,1,1,True,True
HALIFAX,HALIFAX - ENF 2,ENF 2,ENF 2 ENFIELD 2,167235971.28187156,HALIFAX - ENF 2,ENF 2,ENFIELD 2,167214346.51406625,167092467.27530214,0.9991419070582157,0.99927111972564,0.9984142766861076,1,1,True,True
HALIFAX,HALIFAX - ENF1,ENF1,ENF1 ENFIELD 1,161142211.79632753,HALIFAX - ENF1,ENF1,ENFIELD 1,161118504.23012158,161083973.07214558,0.999638588030208,0.9997856785094859,0.9994244214118149,1,1,True,True
HALIFAX,HALIFAX - FAUCT,FAUCT,FAUCT FAUCETT,169561243.50515655,HALIFAX - FAUCT,FAUCT,FAUCETT,169561363.69700328,169545875.12258217,0.9999093638247946,0.9999086550492199,0.9998180354308219,1,1,True,True
HALIFAX,HALIFAX - HAL,HAL,HAL HALIFAX,188901196.75108233,HALIFAX - HAL,HAL,HALIFAX,189250715.75035268,188857046.51799068,0.999766278700977,0.9979198534029255,0.9976871033285606,1,1,True,True
HALIFAX,HALIFAX - HOL,HOL,HOL HOLLISTER,168670716.8405299,HALIFAX - HOL,HOL,HOLLISTER,167842754.36726856,167812938.58970594,0.9949144803147132,0.9998223588639557,0.9947386412205589,1,1,True,True
HALIFAX,HALIFAX - HPR,HPR,HPR HOBGOOD,242044076.40605462,HALIFAX - HPR,HPR,HOBGOOD,241108546.78060243,240768664.384643,0.9947306621159694,0.9985903345173877,0.9933358031391405,1,1,True,True
HALIFAX,HALIFAX - LIT 1,LIT 1,LIT 1 LITTLETON 1,102432107.98042105,HALIFAX - LIT,LIT,LITTLETON,165636856.63669685,102379151.07170306,0.9994830047944722,0.6180940229761699,0.6178964710081071,1,1,True,True
HALIFAX,HALIFAX - LIT 2,LIT 2,LIT 2 LITTLETON 2,64169821.310857065,HALIFAX - LIT,LIT,LITTLETON,165636856.63669685,63196922.33054114,0.9848386833492504,0.3815390101802974,0.3793110559252751,1,2,True,False
HALIFAX,HALIFAX - RINGW,RINGW,RINGW RINGWOOD,125547357.87840694,HALIFAX - RINGW,RINGW,RINGWOOD,125543661.3483515,125506288.1580115,0.9996728746738325,0.9997023092210423,0.9993753785984342,1,1,True,True
HALIFAX,HALIFAX - RR 10,RR 10,RR 10 ROANOKE RAPIDS 10,5479712.627069575,HALIFAX - RR 10,RR 10,ROANOKE RAPIDS 10,5472314.696112935,5454672.045702408,0.9954303112094843,0.9967760168429167,0.9922356788631533,1,1,True,True
HALIFAX,HALIFAX - RR 11,RR 11,RR 11 ROANOKE RAPIDS 11,29724409.805470426,HALIFAX - RR 11,RR 11,ROANOKE RAPIDS 11,29665983.756748993,29661397.636629246,0.9978801204379311,0.9998454081227391,0.9977261832478258,1,1,True,True
HALIFAX,HALIFAX - RR 3,RR 3,RR 3 ROANOKE RAPIDS 3,2084140.6346571262,HALIFAX - RR3-4,RR3-4,ROANOKE RAPIDS 3 4,3230176.3485537856,2072051.9249924151,0.9941996670168567,0.6414671217316399,0.639075426526334,1,1,True,True
HALIFAX,HALIFAX - RR 4,RR 4,RR 4 ROANOKE RAPIDS 4,1156332.8822746782,HALIFAX - RR3-4,RR3-4,ROANOKE RAPIDS 3 4,3230176.3485537856,1154828.9434413332,0.9986993893744625,0.3575126614862291,0.3573462845159823,1,2,True,False
HALIFAX,HALIFAX - RR 5,RR 5,RR 5 ROANOKE RAPIDS 5,1834710.5248920743,HALIFAX - RRCE,RRCE,ROANOKE RAPIDS CENTRAL,5253221.975738828,1829817.0426475059,0.9973328314313473,0.348322810476737,0.347998642720805,1,2,True,False
HALIFAX,HALIFAX - RR 6,RR 6,RR 6 ROANOKE RAPIDS 6,1465505.11360539,HALIFAX - RRCE,RRCE,ROANOKE RAPIDS CENTRAL,5253221.975738828,1464993.0201404435,0.9996505686263443,0.27887514118121814,0.27884795858395417,1,3,True,False
HALIFAX,HALIFAX - RR 7,RR 7,RR 7 ROANOKE RAPIDS 7,4578383.026464166,HALIFAX - RR7-9,RR7-9,ROANOKE RAPIDS 7 9,37965251.384272054,4578039.747430093,0.9999250217746988,0.1205849976098577,0.12058390729896254,1,2,True,False
HALIFAX,HALIFAX - RR 8,RR 8,RR 8 ROANOKE RAPIDS 8,1956931.3391685996,HALIFAX - RRCE,RRCE,ROANOKE RAPIDS CENTRAL,5253221.975738828,1955547.3300861632,0.9992927656404009,0.37225674816665816,0.37215869957425196,1,1,True,True
HALIFAX,HALIFAX - RR 9,RR 9,RR 9 ROANOKE RAPIDS 9,33383190.092923593,HALIFAX - RR7-9,RR7-9,ROANOKE RAPIDS 7 9,37965251.384272054,33373035.465403058,0.9996958161430268,0.8790416037974287,0.8788065479810709,1,1,True,True
HALIFAX,HALIFAX - RR1-2,RR1-2,RR1 2 ROANOKE RAPIDS 1 2,3996911.37697896,HALIFAX - RR1-2,RR1-2,ROANOKE RAPIDS 1 2,3922914.3578631007,3913333.77098706,0.9790894523022746,0.9975577884190009,0.976748189261734,1,1,True,True
HALIFAX,HALIFAX - SN,SN,SN SCOTLAND NECK,123997116.4291051,HALIFAX - SN,SN,SCOTLAND NECK,124077104.4348046,123953592.82520938,0.9996489950319077,0.9990045576082884,0.9986542509804343,1,1,True,True
HALIFAX,HALIFAX - WEL 1,WEL 1,WEL 1 WELDON 1,25679104.98779886,HALIFAX - WEL1-2,WEL1-2,WELDON 1 2,32999619.311544638,25651889.34324345,0.9989401638192476,0.777338947491111,0.7766983841273459,1,1,True,True
HALIFAX,HALIFAX - WEL 2,WEL 2,WEL 2 WELDON 2,7270756.943952019,HALIFAX - WEL1-2,WEL1-2,WELDON 1 2,32999619.311544638,7247523.692994912,0.9968045622847518,0.21962446368159852,0.21946994673696515,1,2,True,False
HALIFAX,HALIFAX - WEL 3,WEL 3,WEL 3 WELDON 3,47535270.3197123,HALIFAX - WEL 3,WEL 3,WELDON 3,47535290.67895255,47526940.98422468,0.9998247756785308,0.9998243474562033,0.9996491846811321,1,1,True,True
HARNETT,HARNETT - PR01,PR01,PR01 ANDERSON CREEK,153460422.10100955,HARNETT - PR01,PR01,ANDERSON CREEK,152345183.34152365,152315839.1026083,0.9925415101644391,0.9998073832183485,0.9923517556557042,1,1,True,True
HARNETT,HARNETT - PR07,PR07,PR07 BARBECUE,169038650.87182197,HARNETT - PR07,PR07,BARBECUE,168992707.50031033,168982088.69095096,0.9996653890658777,0.9999371640970995,0.9996025952057819,1,1,True,True
HARNETT,HARNETT - PR08,PR08,PR08 BLACK RIVER,76039446.73660626,HARNETT - PR08,PR08,BLACK RIVER,76283099.91400537,76026959.32496387,0.9998357771896258,0.9966422367558443,0.9964791148466118,1,1,True,True
HARNETT,HARNETT - PR16,PR16,PR16 JOHNSONVILLE,174486871.82493758,HARNETT - PR16,PR16,JOHNSONVILLE,174627679.24953955,174324027.6754577,0.9990667254918566,0.9982611486598986,0.9973311154718792,1,1,True,True
HARNETT,HARNETT - PR20,PR20,PR20 STEWARTS CREEK,129977723.30301034,HARNETT - PR20,PR20,STEWARTS CREEK,130013437.1275018,129948268.75251621,0.9997733877025567,0.9994987566175819,0.9992723714133179,1,1,True,True
HARNETT,HARNETT - PR23,PR23,PR23 BOONE TRAIL,247786772.52009466,HARNETT - PR23,PR23,BOONE TRAIL,247880897.44790944,247728363.51425904,0.9997642771434424,0.9993846482918981,0.999149215416857,1,1,True,True
HARNETT,HARNETT - PR24,PR24,PR24 COATS/GROVE,138948342.54955837,HARNETT - PR24,PR24,COATS/GROVE,138965769.46936488,138889425.5893897,0.9995759793957409,0.9994506281635637,0.9990270732226221,1,1,True,True
HARNETT,HARNETT - PR25,PR25,PR25 EAST AVERASBORO,53060073.78224901,HARNETT - PR25,PR25,,52814860.20169247,52657947.12105636,0.9924212947226022,0.9970289975200752,0.9894950884147362,1,1,True,True
HARNETT,HARNETT - PR26,PR26,PR26 ERWIN/DUKE,48787159.94653209,HARNETT - PR26,PR26,ERWIN/DUKE,48761290.235821605,48761272.46752035,0.9994693792579827,0.9999996356064171,0.9994690152510066,1,1,True,True
HARNETT,HARNETT - PR28,PR28,PR28 NORTHWEST HARNETT,167568726.78720263,HARNETT - PR28,PR28,NORTHWEST HARNETT,168210700.44045874,167484449.0849435,0.9994970559013309,0.9956824901530429,0.9951838785285262,1,1,True,True
HARNETT,HARNETT - PR29,PR29,PR29 WEST AVERASBORO,38675160.57381144,HARNETT - PR29,PR29,WEST AVERASBORO,38728659.718145706,38642777.07202605,0.9991626795776688,0.997782452407476,0.9969488399155308,1,1,True,True
HARNETT,HARNETT - PR30,PR30,PR30 CENTRAL HARNETT,159540305.00576755,HARNETT - PR32,PR32,CENTRAL HARNETT NEILLS CREEK,85059400.57942292,85059382.18371461,0.5331529370000867,0.9999997837310376,0.5331528755251838,1,1,True,True
HAYWOOD,HAYWOOD - AC,AC,AC ALLENS CREEK,56280030.32532307,HAYWOOD - AC,AC,ALLENS CREEK,56230264.26592913,56175738.299263865,0.9981469088510374,0.9990303092582422,0.9971808068940615,1,1,True,True
HAYWOOD,HAYWOOD - BC,BC,BC BIG CREEK,289211804.91310686,HAYWOOD - BC,BC,BIG CREEK,288940032.2584455,288580281.4897001,0.9978163981805773,0.9987549292981887,0.9965767556491586,1,1,True,True
HAYWOOD,HAYWOOD - BE-1,BE-1,BE 1 BEAVERDAM 1,11222600.239155674,HAYWOOD - BE1,BE1,BEAVERDAM 1,11359951.760817317,11216645.931637092,0.9994694360137851,0.9873849966797821,0.9868677309313131,1,1,True,True
HAYWOOD,HAYWOOD - BE-2,BE-2,BE 2 BEAVERDAM 2,19028038.426088598,HAYWOOD - BE2,BE2,BEAVERDAM 2,19028808.991610635,19021920.28330141,0.9996784669733061,0.9996379853141485,0.9993166850072722,1,1,True,True
HAYWOOD,HAYWOOD - BE-3,BE-3,BE 3 BEAVERDAM 3,33954251.12007687,HAYWOOD - BE3,BE3,BEAVERDAM 3,33985913.98335357,33912575.212329924,0.9987725864546515,0.9978420833095862,0.9966199581240197,1,1,True,True
HAYWOOD,HAYWOOD - BE-4,BE-4,BE 4 BEAVERDAM 4,21966252.026381284,HAYWOOD - BE4,BE4,BEAVERDAM 4,21976500.147139024,21920026.40467771,0.9978956072411417,0.9974302667811888,0.9953366642602349,1,1,True,True
HAYWOOD,HAYWOOD - BE-7,BE-7,BE 7 BEAVERDAM 7,21190942.618069444,HAYWOOD - BE7,BE7,BEAVERDAM 7,21199760.218973003,21154255.39984133,0.9982687311796677,0.9978535219897937,0.9961296710477192,1,1,True,True
HAYWOOD,HAYWOOD - BE56,BE56,BE56 BEAVERDAM 5/6,10961420.115703627,HAYWOOD - BE5-6,BE5-6,BEAVERDAM 5/6,10976466.916894909,10951770.937540181,0.9991197145934018,0.9977500975913556,0.9968737671055904,1,1,True,True
HAYWOOD,HAYWOOD - CE,CE,CE CECIL,141503893.29660794,HAYWOOD - CE,CE,CECIL,141605556.75836974,141345482.84957916,0.99888052234226,0.9981633919265304,0.9970480202828056,1,1,True,True
HAYWOOD,HAYWOOD - CL-N,CL-N,CL N CLYDE NORTH,18150342.57988704,HAYWOOD - CLN,CLN,CLYDE NORTH,18013089.176717423,18006105.951826513,0.992053228338491,0.9996123249697816,0.9916716891805926,1,1,True,True
HAYWOOD,HAYWOOD - CL-S,CL-S,CL S CLYDE SOUTH,20899278.30885955,HAYWOOD - CLS,CLS,CLYDE SOUTH,20898414.553010628,20892161.181159463,0.9996594558149374,0.9997007729062268,0.9993604324560859,1,1,True,True
HAYWOOD,HAYWOOD - CR,CR,CR CRABTREE,89496409.85061392,HAYWOOD - CR,CR,CRABTREE,89478059.38972197,89434999.28172676,0.9993138208673435,0.9995187635014785,0.9988332444124289,1,1,True,True
HAYWOOD,HAYWOOD - EF,EF,EF EAST FORK,125543806.24742614,HAYWOOD - EF,EF,EAST FORK,125538558.16625775,125321438.7175244,0.9982287654281925,0.9982704959185065,0.9965053773562632,1,1,True,True
HAYWOOD,HAYWOOD - FC-1,FC-1,FC 1 FINES CREEK 1,161505968.20575258,HAYWOOD - FC-1,FC-1,FINES CREEK 1,161571126.32988712,161366431.61955854,0.9991360282982467,0.9987330984503342,0.9978713135527665,1,1,True,True
HAYWOOD,HAYWOOD - FC-2,FC-2,FC 2 FINES CREEK 2,9284200.939700276,HAYWOOD - FC-2,FC-2,FINES CREEK 2,9284204.894494968,9279867.324059077,0.9995332268582569,0.99953280108688,0.9990664638933643,1,1,True,True
HAYWOOD,HAYWOOD - HA,HA,HA HAZELWOOD,2876336.91948947,HAYWOOD - HA,HA,HAZELWOOD,2889385.2298535234,2865812.3073275285,0.9963409668420175,0.9918415439096053,0.988241863869727,1,1,True,True
HAYWOOD,HAYWOOD - ID,ID,ID IRON DUFF,25919315.864074256,HAYWOOD - ID,ID,IRON DUFF,25919331.673427206,25912882.00753643,0.9997517736744455,0.9997511638813825,0.9995030610604839,1,1,True,True
HAYWOOD,HAYWOOD - IH,IH,IH IVY HILL,99984306.6360806,HAYWOOD - IH,IH,IVY HILL,100020328.3899475,99840131.3843326,0.9985580211875373,0.9981983961809006,0.9967616047045644,1,1,True,True
HAYWOOD,HAYWOOD - JC,JC,JC JONATHAN CREEK,73389037.36201702,HAYWOOD - JC,JC,JONATHAN CREEK,73386364.85765956,73375039.02770516,0.9998092585103303,0.9998456684702074,0.9996549858452332,1,1,True,True
HAYWOOD,HAYWOOD - LJ,LJ,LJ LAKE JUNALUSKA,14858895.193151278,HAYWOOD - LJ,LJ,LAKE JUNALUSKA,14923450.511861676,14855666.500667708,0.9997827097882043,0.9954578861544057,0.995242565160986,1,1,True,True
HAYWOOD,HAYWOOD - P,P,P PIGEON,47723104.30548561,HAYWOOD - P,P,PIGEON,47723215.51121748,47714260.33297011,0.9998146815333117,0.9998123517421984,0.9996271028119175,1,1,True,True
HAYWOOD,HAYWOOD - PC,PC,PC PIGEON CENTER,14372497.110037124,HAYWOOD - PC,PC,PIGEON CENTER,14372502.236085994,14368309.334883463,0.9997086257786939,0.9997082692259387,0.9994170649607357,1,1,True,True
HAYWOOD,HAYWOOD - SA,SA,SA SAUNOOK,38075239.9884487,HAYWOOD - SA,SA,SAUNOOK,37847262.61880333,37798911.38705213,0.9927425644203319,0.9987224642310809,0.9914834929565678,1,1,True,True
HAYWOOD,HAYWOOD - WC,WC,WC WAYNESVILLE CENTER,1545637.6757728069,HAYWOOD - WC,WC,WAYNESVILLE CENTER,1543858.8215607007,1541529.7387704817,0.9973422380505371,0.9984913887476676,0.99584162918426,1,1,True,True
HAYWOOD,HAYWOOD - WE,WE,WE WAYNESVILLE EAST,19454817.48646271,HAYWOOD - WE,WE,WAYNESVILLE EAST,19375700.9780257,19364698.85035823,0.9953677984300193,0.9994321687932762,0.9948052141766203,1,1,True,True
HAYWOOD,HAYWOOD - WO,WO,WO WHITE OAK,30819367.478569075,HAYWOOD - WO,WO,WHITE OAK,30819380.680911563,30812872.440304432,0.9997892546539393,0.9997888263662883,0.9995781700091756,1,1,True,True
HAYWOOD,HAYWOOD - WS-1,WS-1,WS 1 WAYNESVILLE SOUTH 1,15629047.266259547,HAYWOOD - WS-1,WS-1,WAYNESVILLE SOUTH 1,15582117.891273096,15560513.96146803,0.9956150043170278,0.9986135434248533,0.9942406719396284,1,1,True,True
HAYWOOD,HAYWOOD - WS-2,WS-2,WS 2 WAYNESVILLE SOUTH 2,10161045.502608037,HAYWOOD - WS-2,WS-2,WAYNESVILLE SOUTH 2,10165445.478612605,10138237.516379409,0.9977553504486547,0.9973234854989443,0.9950908221282064,1,1,True,True
HAYWOOD,HAYWOOD - WW,WW,WW WAYNESVILLE WEST,11482952.581042174,HAYWOOD - WW,WW,WAYNESVILLE WEST,11497993.204580821,11470117.724036992,0.9988822685703351,0.9975756221065843,0.9964633006998974,1,1,True,True
HENDERSON,HENDERSON - AR,AR,AR ARMORY,4179016.743495745,HENDERSON - AR,AR,ARMORY,4179690.569047944,4164081.4403843107,0.9964261202985895,0.996265482239469,0.9927181987843545,1,1,True,True
HENDERSON,HENDERSON - AT,AT,AT ATKINSON,38473792.95834434,HENDERSON - AT,AT,ATKINSON,38481466.40099328,38460912.520763844,0.999665215290979,0.9994658758578674,0.9991314486267258,1,1,True,True
HENDERSON,HENDERSON - BC,BC,BC BAT CAVE,54267984.0105258,HENDERSON - BC,BC,BAT CAVE,54314355.4023711,54155907.88454067,0.9979347652574787,0.9970827690643362,0.9950295539093975,1,1,True,True
HENDERSON,HENDERSON - BK,BK,BK BRICKTON,7561638.881321245,HENDERSON - BK,BK,BRICKTON,7537517.126836327,7532671.466697495,0.9961691618604923,0.9993571278104856,0.9955312041441036,1,1,True,True
HENDERSON,HENDERSON - CB,CB,CB CRAB CREEK,57789567.454407826,HENDERSON - CB,CB,CRAB CREEK,57842433.205063194,57770761.795291625,0.9996745838402228,0.998760919867989,0.9984363095111021,1,1,True,True
HENDERSON,HENDERSON - CC,CC,CC CLEAR CREEK,39739328.77078626,HENDERSON - CC,CC,CLEAR CREEK,39818947.56004125,39730885.05500785,0.999787522435844,0.9977884271074565,0.9975768882238996,1,1,True,True
HENDERSON,HENDERSON - ED,ED,ED EDNEYVILLE,83408791.94583626,HENDERSON - ED,ED,EDNEYVILLE,83376510.82883368,83317229.7007694,0.9989022470781459,0.9992889948562852,0.9981928015398462,1,1,True,True
HENDERSON,HENDERSON - EF,EF,EF EAST FLAT ROCK,15843832.474744754,HENDERSON - EF,EF,EAST FLAT ROCK,15794221.05713259,15790002.650110964,0.9966024745136888,0.999732914525739,0.9963372005751063,1,1,True,True
HENDERSON,HENDERSON - ES,ES,ES ETOWAH SOUTH,33887442.483266026,HENDERSON - ES,ES,ETOWAH SOUTH,33900545.28577306,33868548.57013956,0.999442450897975,0.9990561592634047,0.9984996618469556,1,1,True,True
HENDERSON,HENDERSON - EV,EV,EV ETOWAH VALLEY,18653799.89293974,HENDERSON - EV,EV,ETOWAH VALLEY,18670331.75513493,18643632.107555293,0.9994549214935936,0.9985699425200469,0.998026421462439,1,1,True,True
HENDERSON,HENDERSON - FL,FL,FL FLETCHER,14157742.124626867,HENDERSON - FL,FL,FLETCHER,14218440.41616692,14090949.236119326,0.9952822358311388,0.9910333921079958,0.9863996572956523,1,1,True,True
HENDERSON,HENDERSON - FR,FR,FR FLAT ROCK,20533255.42711438,HENDERSON - FR,FR,FLAT ROCK,20529260.717675034,20511746.057066523,0.9989524617699221,0.9991468440656788,0.9981010915654358,1,1,True,True
HENDERSON,HENDERSON - GM,GM,GM GRIMESDALE,9226558.944414323,HENDERSON - GM,GM,GRIMESDALE,9261279.785605999,9212064.324807901,0.9984290330020384,0.9946858898621561,0.993131562107772,1,1,True,True
HENDERSON,HENDERSON - GR,GR,GR GREEN RIVER,113704194.0432198,HENDERSON - GR,GR,GREEN RIVER,113791378.4630318,113482017.82639384,0.9980460156400078,0.9972813350113474,0.9953379503432164,1,1,True,True
HENDERSON,HENDERSON - HC,HC,HC HOOPERS CREEK,46038274.23869953,HENDERSON - HC,HC,HOOPERS CREEK,45994585.06210954,45933511.43404555,0.9977244411006633,0.9986721561248675,0.996402629529657,1,1,True,True
HENDERSON,HENDERSON - HS,HS,HS HORSE SHOE,22430236.787237275,HENDERSON - HS,HS,HORSE SHOE,22430634.768106226,22422731.26866769,0.9996653838904699,0.9996476470897839,0.9993132667052059,1,1,True,True
HENDERSON,HENDERSON - HV-1,HV-1,HV 1 HENDERSONVILLE 1,3502329.535750924,HENDERSON - HV-1,HV-1,HENDERSONVILLE 1,3503018.4814095614,3485083.234989905,0.9950757629786194,0.9948800594359297,0.9900059940494069,1,1,True,True
HENDERSON,HENDERSON - HV-2,HV-2,HV 2 HENDERSONVILLE 2,7692840.3698784085,HENDERSON - HV-2,HV-2,HENDERSONVILLE 2,7688014.823197193,7624364.025878475,0.9910986916785567,0.9917207759372857,0.9829656041023513,1,1,True,True
HENDERSON,HENDERSON - HV-3,HV-3,HV 3 HENDERSONVILLE 3,3449545.665859281,HENDERSON - HV-3,HV-3,HENDERSONVILLE 3,3442504.737568013,3438828.627894427,0.996893203046731,0.9989321409979576,0.9958319654589175,1,1,True,True
HENDERSON,HENDERSON - LJ,LJ,LJ LONG JOHN MOUNTAIN,8242584.432661134,HENDERSON - LJ,LJ,LONG JOHN MOUNTAIN,8229947.514667972,8217617.037239753,0.9969709263368358,0.9985017550347383,0.9954817374550992,1,1,True,True
HENDERSON,HENDERSON - LP,LP,LP LAUREL PARK,6691974.407957053,HENDERSON - LP,LP,LAUREL PARK,6692229.44227434,6680059.832130873,0.9982195724161746,0.9981815312447907,0.9964075673337828,1,1,True,True
HENDERSON,HENDERSON - MG,MG,MG MOORES GROVE,4879141.472512001,HENDERSON - MG,MG,MOORES GROVE,4911204.847307958,4871265.435069781,0.9983857739139985,0.9918676957121694,0.9902795967782047,1,1,True,True
HENDERSON,HENDERSON - NB,NB,NB NORTH BLUE RIDGE,43331415.62966505,HENDERSON - NB,NB,NORTH BLUE RIDGE,43121802.4759792,43110283.98937096,0.9948967363036554,0.9997328848529775,0.9946323401577238,1,1,True,True
HENDERSON,HENDERSON - NE,NE,NE NORTHEAST,9132233.546368755,HENDERSON - NE,NE,NORTHEAST,9129872.23076548,9108451.92652867,0.9973958594335838,0.9976538221241882,0.9950618709408696,1,1,True,True
HENDERSON,HENDERSON - NM,NM,NM NORTH MILLS RIVER,101762793.68358722,HENDERSON - NM,NM,NORTH MILLS RIVER,101533094.16038655,101304278.80462904,0.9954942777968159,0.9977463963090097,0.9932609139007649,1,1,True,True
HENDERSON,HENDERSON - NW,NW,NW NORTHWEST,6840515.08265735,HENDERSON - NW,NW,NORTHWEST,6823093.656980551,6811471.269814717,0.9957541482634447,0.9982966103427374,0.9940651803634178,1,1,True,True
HENDERSON,HENDERSON - PR,PR,PR PARK RIDGE,16668446.488638384,HENDERSON - PR,PR,PARK RIDGE,16691296.469330503,16658049.805117441,0.9993762655969152,0.998008143688889,0.9973868908179196,1,1,True,True
HENDERSON,HENDERSON - PV,PV,PV PISGAH VIEW,8621478.876199588,HENDERSON - PV,PV,PISGAH VIEW,8634728.655460807,8616208.594781268,0.9993887033194654,0.9978551658750937,0.9972464878443088,1,1,True,True
HENDERSON,HENDERSON - RG,RG,RG RUGBY,10176323.83597631,HENDERSON - RG,RG,RUGBY,10182430.23084221,10163580.872312035,0.9987477832005283,0.998148834992939,0.9969012471302133,1,1,True,True
HENDERSON,HENDERSON - RR,RR,RR RAVEN ROCK,31990934.952400014,HENDERSON - RR,RR,RAVEN ROCK,31901372.453575358,31768649.093955114,0.9930515985614161,0.9958395721120341,0.9889486678442131,1,1,True,True
HENDERSON,HENDERSON - SB,SB,SB SOUTH BLUE RIDGE,40863574.490812026,HENDERSON - SB,SB,SOUTH BLUE RIDGE,40998708.705942236,40794977.74567935,0.9983213229388902,0.9950307956837343,0.9933687466853651,1,1,True,True
HENDERSON,HENDERSON - SE,SE,SE SOUTHEAST,7247208.852634065,HENDERSON - SE,SE,SOUTHEAST,7213884.333883118,7181891.7471993705,0.9909872743061691,0.995565137282077,0.9866318176616415,1,1,True,True
HENDERSON,HENDERSON - SM,SM,SM SOUTH MILLS RIVER,73389998.6423445,HENDERSON - SM,SM,SOUTH MILLS RIVER,73405933.50633788,73363426.75134753,0.9996379358020365,0.9994209357069659,0.9990592906286725,1,1,True,True
HENDERSON,HENDERSON - SW,SW,SW SOUTHWEST,7221852.880122897,HENDERSON - SW,SW,SOUTHWEST,7221405.657004756,7210622.573420386,0.9984449549320755,0.9985067888307991,0.9969563807168862,1,1,True,True
HERTFORD,HERTFORD - A1,A1,A1 AHOSKIE 1,25518144.061741915,HERTFORD - A1,A1,AHOSKIE 1,25527371.38134516,25509898.198215816,0.9996768627253555,0.9993155118532058,0.9989928167230575,1,1,True,True
HERTFORD,HERTFORD - A2,A2,A2 AHOSKIE 2,78698252.87963207,HERTFORD - A2,A2,AHOSKIE 2,78756770.809268,78632021.35849337,0.9991584117980358,0.9984160161787646,0.9975770908711044,1,1,True,True
HERTFORD,HERTFORD - A3,A3,A3 AHOSKIE 3,24758920.29351613,HERTFORD - A3,A3,AHOSKIE 3,24757891.753787998,24751030.885292187,0.999681350877566,0.9997228815537268,0.9994044089857995,1,1,True,True
HERTFORD,HERTFORD - BR,BR,BR BRYANTVILLE,36398386.26963114,HERTFORD - BR,BR,BRYANTVILLE,36396083.98329282,36314404.18376257,0.9976926975485548,0.9977558080268267,0.995458838120393,1,1,True,True
HERTFORD,HERTFORD - CM,CM,CM COMO,124762107.94747487,HERTFORD - CM,CM,COMO,124954927.08896889,124556558.56587003,0.9983524694718098,0.9968119022404357,0.9951748513449795,1,1,True,True
HERTFORD,HERTFORD - CO,CO,CO COFIELD,54236080.34139027,HERTFORD - CO,CO,COFIELD,54257884.84546957,54187492.08812169,0.9991041341305873,0.9987026262164778,0.9978090823464058,1,1,True,True
HERTFORD,HERTFORD - HV,HV,HV HARRELLSVILLE,183295764.81659558,HERTFORD - HV,HV,HARRELLSVILLE,183127748.87232593,183057463.39843306,0.9986999076688926,0.9996161942997406,0.9983170990945895,1,1,True,True
HERTFORD,HERTFORD - M1,M1,M1 MURFREESBORO 1,30760687.525379766,HERTFORD - M1,M1,MURFREESBORO 1,30639836.53538105,30592857.842739478,0.994544020431864,0.9984667446711956,0.9930274375942115,1,1,True,True
HERTFORD,HERTFORD - M2,M2,M2 MURFREESBORO 2,94750376.43689758,HERTFORD - M2,M2,MURFREESBORO 2,94707331.77456066,94612350.11606245,0.9985432636151367,0.9989971034267515,0.9975432853645934,1,1,True,True
HERTFORD,HERTFORD - ML,ML,ML MILLENNIUM,47539254.648569524,HERTFORD - ML,ML,MILLENNIUM,47618762.90895151,47501015.729753874,0.9991956348685244,0.9975272944527607,0.9967269007274727,1,1,True,True
HERTFORD,HERTFORD - SJ,SJ,SJ ST JOHN,107528921.15751056,HERTFORD - SJ,SJ,ST JOHN,107292996.97216274,107144554.55376348,0.9964254583826424,0.9986164761672398,0.9950518010057822,1,1,True,True
HERTFORD,HERTFORD - UN,UN,UN UNION,58401161.263475955,HERTFORD - UN,UN,UNION,58744920.822352216,58391577.47619076,0.9998358973164599,0.9939851251612035,0.9938229904948068,1,1,True,True
HERTFORD,HERTFORD - WN,WN,WN WINTON,66664901.082760446,HERTFORD - WN,WN,WINTON,66644670.055620134,66581839.07576985,0.998754036897355,0.9990572242341683,0.9978136078908841,1,1,True,True
HOKE,HOKE - 01,01,01 ALLENDALE,61710757.427279755,HOKE - 01,01,ALLENDALE,61662419.18351655,61589778.32081273,0.99803957832458,0.9988219589230253,0.9968661489246339,1,1,True,True
HOKE,HOKE - 02,02,02 ANTIOCH,91527553.91215378,HOKE - 02,02,ANTIOCH,91325817.68927257,91315144.64761014,0.9976792861224336,0.9998831322627875,0.9975629601574145,1,1,True,True
HOKE,HOKE - 03,03,03 BLUE SPRINGS,79936397.98860937,HOKE - 03,03,BLUE SPRINGS,79928593.96419418,79859197.52820452,0.9990342264306699,0.9991317695889815,0.9981676715111844,1,1,True,True
HOKE,HOKE - 04,04,04 BUCHAN,60794500.402350046,HOKE - 04,04,BUCHAN,60649538.029903114,60558736.79176073,0.9961219582523256,0.9985028535897896,0.9946363926935937,1,1,True,True
HOKE,HOKE - 05,05,05 MCCAIN,254036015.66491613,HOKE - 05,05,MCCAIN,253941072.0026043,253882532.7669589,0.9993958222909634,0.9997694770870117,0.9991655778153704,1,1,True,True
HOKE,HOKE - 06A,06A,06A PUPPY CREEK,44138429.985336535,HOKE - 06B,06B,PUPPY CREEK,24300248.36576702,24192989.155187804,0.5481162144468004,0.995586085830698,0.546787485851187,1,1,True,True
HOKE,HOKE - 12,12,12 ROCKFISH,29421086.528079744,HOKE - 12,12,ROCKFISH,29418686.656483077,29394317.66649982,0.9990901470768465,0.9991716492898609,0.998263302412428,1,1,True,True
HOKE,HOKE - 13,13,13 STONEWALL,86045462.33076675,HOKE - 13,13,STONEWALL,84749157.21658054,84735423.11739779,0.984775034291372,0.999837944120817,0.9846178750503526,1,1,True,True
HOKE,HOKE - 14,14,14 WAYSIDE,205829868.84721714,HOKE - 14,14,WAYSIDE,205869811.04609323,205519855.28351402,0.9984938358779539,0.9983001113140341,0.9967990596192846,1,1,True,True
HOKE,HOKE - 61,61,61 RAEFORD 1,11901770.602726148,HOKE - 61,61,RAEFORD 1,11883597.899389228,11875814.596369438,0.9978191474845965,0.9993450381706208,0.9971670383589916,1,1,True,True
HOKE,HOKE - 62,62,62 RAEFORD 2,2782755.718256244,HOKE - 62,62,RAEFORD 2,2780338.3517227015,2773827.5248124367,0.9967916000009509,0.9976582609428702,0.9944648458280813,1,1,True,True
HOKE,HOKE - 63,63,63 RAEFORD 3,44111185.44037861,HOKE - 63,63,RAEFORD 3,44182272.412812166,44065790.61023408,0.9989708997912586,0.9973636077046977,0.9963399237894828,1,1,True,True
HOKE,HOKE - 64,64,64 RAEFORD 4,39815487.03500712,HOKE - 64,64,RAEFORD 4,39815831.81785317,39805187.09850844,0.9997413082881638,0.9997326510873006,0.9994740976609882,1,1,True,True
HOKE,HOKE - 65,65,65 RAEFORD 5,3990793.262650919,HOKE - 65,65,RAEFORD 5,3990333.531145158,3979593.1135568237,0.9971935030564185,0.997308391014309,0.9945169606366732,1,1,True,True
HYDE,HYDE - BM,BM,BM BURGESS MILL,391922660.6685154,HYDE - BM,BM,BURGESS MILL,391104734.22890735,390881421.3175703,0.997343253005149,0.9994290201785021,0.9967753021897989,1,1,True,True
HYDE,HYDE - ENG,ENG,ENG ENGELHARD,485240048.53502035,HYDE - ENG,ENG,ENGELHARD,495662360.690676,484984779.08523965,0.9994739316127114,0.9784579535340191,0.977954300491151,1,1,True,True
HYDE,HYDE - FF,FF,FF FAIRFIELD,296265803.3133513,HYDE - FF,FF,FAIRFIELD,296535918.9232493,296105670.8314661,0.999459497248436,0.9985490860825714,0.9980101502164506,1,1,True,True
HYDE,HYDE - LL,LL,LL LAKE LANDING,1217445721.8394263,HYDE - LL,LL,LAKE LANDING,1257791790.8480196,1217044971.4881537,0.9996708269255182,0.9676044798063168,0.967296285454119,1,1,True,True
HYDE,HYDE - OCK,OCK,OCK OCRACOKE,375691589.81124985,HYDE - OCK,OCK,OCRACOKE,376480972.5538616,375605341.3933652,0.9997704276054517,0.9976741688841363,0.9974456630189454,1,1,True,True
HYDE,HYDE - SLAD,SLAD,SLAD SLADESVILLE,347664308.9394692,HYDE - SLAD,SLAD,SLADESVILLE,347817545.16435176,347477655.9193055,0.9994631228591365,0.999022794422617,0.9984869657666289,1,1,True,True
HYDE,HYDE - SQ,SQ,SQ SWAN QUARTER,573976573.293824,HYDE - SQ,SQ,SWAN QUARTER,613505221.8729577,573937000.4407017,0.9999310549333135,0.9355046705039299,0.9354443316513485,1,1,True,True
IREDELL,IREDELL - BA,BA,BA BARRINGER,77982352.79154778,IREDELL - BA-1,BA-1,BARRINGER,77511364.56981671,77326401.90469223,0.9915884701682579,0.9976137348871226,0.9892421334023409,1,1,True,True
IREDELL,IREDELL - BE,BE,BE BETHANY,67746526.65875007,IREDELL - BE,BE,BETHANY,67749786.8235126,67735331.14877573,0.9998347441481282,0.9997866314358371,0.9996214460914251,1,1,True,True
IREDELL,IREDELL - CC1,CC1,CC1 CODDLE CREEK 1,17965404.075342406,IREDELL - CC1,CC1,CODDLE CREEK 1,17886468.690157574,17839311.008883446,0.9929813398056533,0.997363499632542,0.9903816708542611,1,1,True,True
IREDELL,IREDELL - CC2,CC2,CC2 CODDLE CREEK 2,29235321.900735915,IREDELL - CC2,CC2,CODDLE CREEK 2,29236356.87952407,29226911.09884333,0.9997123068485052,0.9996769166309035,0.9993894093204005,1,1,True,True
IREDELL,IREDELL - CC3,CC3,CC3 CODDLE CREEK 3,46255078.751922585,IREDELL - CC3-1,CC3-1,CODDLE CREEK 3,46069548.84742276,45898696.97705245,0.9922952941712304,0.996291435999598,0.9886435524679114,1,1,True,True
IREDELL,IREDELL - CC4,CC4,CC4 CODDLE CREEK 4,30899138.801056057,IREDELL - CC4-1,CC4-1,CODDLE CREEK 4,24673446.58507497,24221711.31720812,0.7838960002464626,0.9816914403786577,0.7726008296916451,1,1,True,True
IREDELL,IREDELL - CD,CD,CD CONCORD,90234783.55155148,IREDELL - CD,CD,CONCORD,90167837.20591284,90152063.73725767,0.9990832823991145,0.9998250654652041,0.9989086684204407,1,1,True,True
IREDELL,IREDELL - CH-A,CH-A,CH A CHAMBERSBURG A,54915764.00265899,IREDELL - CH-A,CH-A,CHAMBERSBURG A,55135573.967026904,54864586.637253754,0.9990680751450027,0.9950850728436198,0.9941622819354279,1,1,True,True
IREDELL,IREDELL - CH-B,CH-B,CH B CHAMBERSBURG B,61544518.83499935,IREDELL - CH-B,CH-B,CHAMBERSBURG B,61996206.89040201,61522345.57774138,0.9996397200323002,0.992356607985738,0.9920018135149998,1,1,True,True
IREDELL,IREDELL - CS,CS,CS COOL SPRINGS,78826298.86527456,IREDELL - CS,CS,COOL SPRINGS,78854383.23205209,78805082.27823487,0.9997308438002911,0.9993747848655142,0.999105965076416,1,1,True,True
IREDELL,IREDELL - DV1-A,DV1-A,DV1 A DAVIDSON 1 A,43364407.41914014,IREDELL - DV1A1A,DV1A1A,DAVIDSON 1A,28922103.95979358,28767080.60491881,0.6633800002584983,0.9946399696546878,0.6610169318229089,1,1,True,True
IREDELL,IREDELL - DV1-B,DV1-B,DV1 B DAVIDSON 1 B,48547859.97063233,IREDELL - DV1B-1,DV1B-1,DAVIDSON 1 B,49782347.45106605,48199268.25073359,0.9928196274746279,0.9681999889240146,0.9614674898939457,1,1,True,True
IREDELL,IREDELL - DV2-A,DV2-A,DV2 A DAVIDSON 2 A,15560971.673260946,IREDELL - DV2A-1,DV2A-1,DAVIDSON 2 A,18509347.703687247,11514023.06375156,0.7399295690214883,0.6220653071127866,0.5104571647702306,1,1,True,True
IREDELL,IREDELL - DV2-B,DV2-B,DV2 B DAVIDSON 2 B,25510014.648453716,IREDELL - DV2B-1,DV2B-1,DAVIDSON 2 B,29000368.29508156,25125811.26285449,0.9849391154456858,0.8663962818401796,0.8550681471860192,1,1,True,True
IREDELL,IREDELL - EM,EM,EM EAGLE MILLS,99680873.51217556,IREDELL - EM,EM,EAGLE MILLS,99749301.91441312,99480585.07216167,0.9979907034021986,0.9973060779665204,0.9953075817459359,1,1,True,True
IREDELL,IREDELL - FT,FT,FT FALLSTOWN,89456850.86200522,IREDELL - FT,FT,FALLSTOWN,89472262.35287397,89167355.28829823,0.9967638523945633,0.9965921610054612,0.9933779969107902,1,1,True,True
IREDELL,IREDELL - NH,NH,NH NEW HOPE,94389046.62218489,IREDELL - NH,NH,NEW HOPE,93846062.86019017,93518861.19007325,0.9907808642713093,0.9965134214463064,0.9873581658499255,1,1,True,True
IREDELL,IREDELL - OL,OL,OL OLIN,77964798.40757583,IREDELL - OL,OL,OLIN,77964827.8618413,77950445.64181148,0.9998159071009287,0.9998155293813344,0.9996315043892111,1,1,True,True
IREDELL,IREDELL - SB,SB,SB SHARPESBURG,89955984.10827091,IREDELL - SB,SB,SHARPESBURG,90065958.58339652,89943962.60047978,0.9998663623336423,0.9986454817687441,0.998512205862385,1,1,True,True
IREDELL,IREDELL - SH-A,SH-A,SH A SHILOH A,80372955.24924548,IREDELL - SH-A,SH-A,SHILOH A,79905837.0023213,79879006.50368214,0.9938542916080222,0.9996642235455416,0.9935226289553116,1,1,True,True
IREDELL,IREDELL - SH-B,SH-B,SH B SHILOH B,56641710.31741499,IREDELL - SH-B,SH-B,SHILOH B,56604088.15088717,56574050.70091776,0.9988054806940314,0.9994693413329203,0.9982760886982407,1,1,True,True
IREDELL,IREDELL - ST1,ST1,ST1 STATESVILLE 1,10673795.31096445,IREDELL - ST1,ST1,STATESVILLE 1,10717256.542615036,10661382.105936183,0.9988370392473691,0.9947864981624095,0.9936356250179911,1,1,True,True
IREDELL,IREDELL - ST2,ST2,ST2 STATESVILLE 2,12169911.836203897,IREDELL - ST2,ST2,STATESVILLE 2,12152481.599191524,12144663.76727784,0.9979253696110643,0.9993566884384993,0.9972847236930946,1,1,True,True
IREDELL,IREDELL - ST3,ST3,ST3 STATESVILLE 3,22943940.865815148,IREDELL - ST3,ST3,STATESVILLE 3,22943942.25912851,22937988.018292665,0.999740548166625,0.9997404874555297,0.9994811702492323,1,1,True,True
IREDELL,IREDELL - ST4,ST4,ST4 STATESVILLE 4,9720243.025963716,IREDELL - ST4,ST4,STATESVILLE 4,9734742.792302255,9712623.769669859,0.9992161454941502,0.9977278267023257,0.9969475288664171,1,1,True,True
IREDELL,IREDELL - ST5,ST5,ST5 STATESVILLE 5,11533529.785926158,IREDELL - ST5,ST5,STATESVILLE 5,11533273.28268882,11527495.606286036,0.9994768141451817,0.9994990427902669,0.9989763808546165,1,1,True,True
IREDELL,IREDELL - ST6,ST6,ST6 STATESVILLE 6,28217655.550089408,IREDELL - ST6,ST6,STATESVILLE 6,28214656.24415177,28195385.8183744,0.9992107873145067,0.9993170065369353,0.9985288711126742,1,1,True,True
IREDELL,IREDELL - TB,TB,TB TURNERSBURG,94155539.20315322,IREDELL - TB,TB,TURNERSBURG,94607229.0268904,94118882.0406144,0.9996106743920851,0.9948381641519466,0.9944528466660378,1,1,True,True
IREDELL,IREDELL - UG,UG,UG UNION GROVE,80635087.68613373,IREDELL - UG,UG,UNION GROVE,80629929.24528588,80614170.10814273,0.9997405896292639,0.9998045497833044,0.9995452407931374,1,1,True,True
JACKSON,JACKSON - BCK,BCK,BCK BARKERS CREEK,60535785.15729543,JACKSON - BCK,BCK,BARKERS CREEK,60781083.56391673,60481574.069273315,0.9991044786504173,0.995072323869836,0.9941856025406093,1,1,True,True
JACKSON,JACKSON - CAN,CAN,CAN CANADA,168304863.98355713,JACKSON - CAN,CAN,CANADA,168261449.90110937,168124605.51363885,0.9989289764677515,0.9991867157477191,0.998117432668812,1,1,True,True
JACKSON,JACKSON - CAS,CAS,CAS CASHIERS,156865217.03508204,JACKSON - CAS,CAS,CASHIERS,156643459.53308624,156205979.18802673,0.9957974249517159,0.997207158560188,0.9930279759318782,1,1,True,True
JACKSON,JACKSON - CFK,CFK,CFK CANEY FORK,131942055.08800825,JACKSON - CFK,CFK,CANEY FORK,131996256.53388967,131892966.05839282,0.9996279500907979,0.9992174742056391,0.9988460062377662,1,1,True,True
JACKSON,JACKSON - CUL,CUL,CUL CULLOWHEE,79810280.7148699,JACKSON - CUL,CUL,CULLOWHEE,79841358.06072775,79796073.73426001,0.9998219905946623,0.9994328211898238,0.9992550136355954,1,1,True,True
JACKSON,JACKSON - DIL,DIL,DIL DILLSBORO,19349644.135965496,JACKSON - SDC,SDC,SSW SND,79284943.58658136,19179959.141996413,0.9912305883882543,0.2419117460940281,0.24139511422612628,1,3,True,False
JACKSON,JACKSON - GCK,GCK,GCK GREENS CREEK,31958449.979575537,JACKSON - GCK,GCK,GREENS CREEK,31896566.23039163,31872982.95221775,0.9973256829598304,0.9992606326962115,0.99659026351912,1,1,True,True
JACKSON,JACKSON - GLV,GLV,GLV GLENVILLE,172238402.96419063,JACKSON - GLV,GLV,GLENVILLE,172328551.48367113,172154731.11004052,0.9995142090688828,0.9989913431515898,0.9985065314813775,1,1,True,True
JACKSON,JACKSON - QUA,QUA,QUA QUALLA,154138866.189122,JACKSON - QUA,QUA,QUALLA,154730945.60027468,153828858.5126866,0.9979887767173854,0.9941699633251225,0.9921820993846695,1,1,True,True
JACKSON,JACKSON - RIV,RIV,RIV RIVER,57750205.47818585,JACKSON - RIV,RIV,RIVER,57740474.42493909,57728255.85985913,0.9996199213813186,0.9997883882111873,0.9994084704031626,1,1,True,True
JACKSON,JACKSON - SAV,SAV,SAV SAVANNAH,60467218.63942498,JACKSON - SAV,SAV,SAVANNAH,60511256.11954474,60408820.998308204,0.9990342264382126,0.998307172453433,0.9973446643266471,1,1,True,True
JACKSON,JACKSON - SCC,SCC,SCC SCOTTS CREEK COMBINED,100523090.35436459,JACKSON - SCC,SCC,SCOTTS CREEK COMBINED,100821418.0453749,100504102.20974994,0.9998111066368164,0.9968526941816851,0.9966649878461813,1,1,True,True
JACKSON,JACKSON - SNW,SNW,SNW SYLVA NORTH WD,30337385.81840431,JACKSON - SDC,SDC,SSW SND,79284943.58658136,30335749.463050652,0.999946061425218,0.3826167755284226,0.3826088788956067,1,1,True,True
JACKSON,JACKSON - SSW,SSW,SSW SYLVA SOUTH WD,29765369.742092703,JACKSON - SDC,SDC,SSW SND,79284943.58658136,29755686.71405727,0.9996746881319019,0.37530059766723844,0.3752547680017986,1,2,True,False
JACKSON,JACKSON - WEB,WEB,WEB WEBSTER,26877134.64690114,JACKSON - WEB,WEB,WEBSTER,26878284.148537304,26870238.29120866,0.9997434117965667,0.9997006558423082,0.9994442212125457,1,1,True,True
JOHNSTON,JOHNSTON - PR04,PR04,PR04 BENTONVILLE,139706081.81215262,JOHNSTON - PR04,PR04,BENTONVILLE,138677501.7446875,138049020.199947,0.9881389443414947,0.9954680352845008,0.9837136119408187,1,1,True,True
JOHNSTON,JOHNSTON - PR07,PR07,PR07 NORTH BOON HILL,97930227.3065236,JOHNSTON - PR07,PR07,NORTH BOON HILL,97939883.43722168,97803871.12085854,0.9987097325397849,0.9986112673245081,0.9973245787435397,1,1,True,True
JOHNSTON,JOHNSTON - PR08,PR08,PR08 SOUTH BOON HILL,76769829.81329086,JOHNSTON - PR08,PR08,SOUTH BOON HILL,76769115.15438434,76758293.63988641,0.9998497303767312,0.9998590381760142,0.9997088109111377,1,1,True,True
JOHNSTON,JOHNSTON - PR09,PR09,PR09 EAST CLAYTON,39031256.206738696,JOHNSTON - PR09,PR09,EAST CLAYTON,39100909.32302239,39009840.95167647,0.9994513306220842,0.9976709398087503,0.9971248225247039,1,1,True,True
JOHNSTON,JOHNSTON - PR10A,PR10A,PR10A NORTH CLAYTON 1,12335791.293229876,JOHNSTON - PR10A,PR10A,NORTH CLAYTON 1,12116151.12116653,12092813.586474461,0.9803030303464387,0.9980738491573204,0.9784519406541164,1,1,True,True
JOHNSTON,JOHNSTON - PR10B,PR10B,PR10B NORTH CLAYTON 2,23475075.756276418,JOHNSTON - PR10B,PR10B,NORTH CLAYTON 2,23402405.16604002,23279586.039523244,0.991672456405134,0.9947518588091535,0.986511133944323,1,1,True,True
JOHNSTON,JOHNSTON - PR11A,PR11A,PR11A WEST CLAYTON 1,19671445.278652918,JOHNSTON - PR11A,PR11A,WEST CLAYTON 1,19674039.01051676,19664755.049666952,0.9996599015023454,0.9995281110886868,0.9991883334381885,1,1,True,True
JOHNSTON,JOHNSTON - PR11B,PR11B,PR11B WEST CLAYTON 2,17557788.951688763,JOHNSTON - PR11B,PR11B,WEST CLAYTON 2,17816103.485584494,17551862.637138925,0.999662468060976,0.9851684264935162,0.9848408309252535,1,1,True,True
JOHNSTON,JOHNSTON - PR12A,PR12A,PR12A NORTH CLEVELAND 1,25388681.977478657,JOHNSTON - PR12A,PR12A,NORTH CLEVELAND 1,25446080.295497134,25361553.38472652,0.9989314690389914,0.9966781952352177,0.9956167476185439,1,1,True,True
JOHNSTON,JOHNSTON - PR12B,PR12B,PR12B NORTH CLEVELAND 2,24404251.11207038,JOHNSTON - PR12B,PR12B,NORTH CLEVELAND 2,24402049.824946623,24392505.590634607,0.9995187100238464,0.9996088757141107,0.9991279620621973,1,1,True,True
JOHNSTON,JOHNSTON - PR13,PR13,PR13 NORTH ELEVATION,65403347.92748788,JOHNSTON - PR13,PR13,NORTH ELEVATION,65403254.99133107,65391360.5800677,0.9998167166085524,0.9998181373195425,0.9996349205807437,1,1,True,True
JOHNSTON,JOHNSTON - PR14,PR14,PR14 SOUTH ELEVATION,68993810.12573892,JOHNSTON - PR14,PR14,SOUTH ELEVATION,69008923.90185015,68980052.16188343,0.9998005913308684,0.999581623095474,0.999382381230779,1,1,True,True
JOHNSTON,JOHNSTON - PR19,PR19,PR19 MICRO,60162529.41082269,JOHNSTON - PR19,PR19,MICRO,60162548.92946029,60149190.733857416,0.9997782892924234,0.9997779649326605,0.999556352658348,1,1,True,True
JOHNSTON,JOHNSTON - PR20,PR20,PR20 NORTH ONEALS,101433609.79514137,JOHNSTON - PR20,PR20,NORTH ONEALS,101833136.23337848,100986421.27837777,0.9955913181275244,0.9916852707643194,0.9873494391523965,1,1,True,True
JOHNSTON,JOHNSTON - PR21,PR21,PR21 SOUTH ONEALS,92167741.25698642,JOHNSTON - PR21,PR21,SOUTH ONEALS,92241078.98679718,92153888.37975286,0.9998496992869236,0.9990547529582042,0.9989047362321313,1,1,True,True
JOHNSTON,JOHNSTON - PR22,PR22,PR22 PINE LEVEL,51426817.919850156,JOHNSTON - PR22,PR22,PINE LEVEL,51426727.387477264,51416269.78700071,0.9997948904233995,0.9997966504771388,0.9995916243013746,1,1,True,True
JOHNSTON,JOHNSTON - PR23A,PR23A,PR23A NORTH PLEASANT GROVE 1,29662335.119402405,JOHNSTON - PR23A,PR23A,NORTH PLEASANT GROVE 1,29662720.745542012,29653085.48262341,0.9996881689610153,0.9996751726518529,0.9993635441308999,1,1,True,True
JOHNSTON,JOHNSTON - PR23B,PR23B,PR23B NORTH PLEASANT GROVE 2,31614362.768093284,JOHNSTON - PR23B,PR23B,NORTH PLEASANT GROVE 2,31941607.3894663,31586982.899104305,0.9991339420886063,0.9888977255891341,0.9880507832086566,1,1,True,True
JOHNSTON,JOHNSTON - PR24,PR24,PR24 EAST SELMA,30435318.83025718,JOHNSTON - PR24,PR24,EAST SELMA,30501572.56360962,30397472.367315046,0.99875649526942,0.9965870547796355,0.995352018350012,1,1,True,True
JOHNSTON,JOHNSTON - PR25,PR25,PR25 WEST SELMA,42489716.42732397,JOHNSTON - PR25,PR25,WEST SELMA,42489720.50971192,42482569.91229879,0.9998318060079926,0.9998317099447266,0.9996635725539489,1,1,True,True
JOHNSTON,JOHNSTON - PR26,PR26,PR26 EAST SMITHFIELD,74261352.88845985,JOHNSTON - PR26,PR26,EAST SMITHFIELD,74259791.65098199,74246757.91375253,0.9998034647344866,0.9998244845973885,0.9996280183089763,1,1,True,True
JOHNSTON,JOHNSTON - PR27A,PR27A,PR27A NORTH SMITHFIELD 1,8159886.861809163,JOHNSTON - PR27A,PR27A,NORTH SMITHFIELD 1,8093937.040818873,8058562.410958618,0.9875826157192478,0.9956294903602715,0.9833197414323196,1,1,True,True
JOHNSTON,JOHNSTON - PR27B,PR27B,PR27B NORTH SMITHFIELD 2,34645153.93539744,JOHNSTON - PR27B,PR27B,NORTH SMITHFIELD 2,34645263.656611964,34635962.314122126,0.9997346924394548,0.9997315262893645,0.9994663611470198,1,1,True,True
JOHNSTON,JOHNSTON - PR28,PR28,PR28 SOUTH SMITHFIELD,58889136.735085435,JOHNSTON - PR28,PR28,SOUTH SMITHFIELD,58885517.81057857,58876324.56733698,0.9997824358029547,0.9998438793852308,0.9996263831080073,1,1,True,True
JOHNSTON,JOHNSTON - PR29A,PR29A,PR29A ARCHERS LODGE,55583097.29711422,JOHNSTON - PR29A,PR29A,ARCHERS LODGE,55749085.65311559,55317032.69440122,0.9952132102086578,0.9922500440383415,0.987536986721646,1,1,True,True
JOHNSTON,JOHNSTON - PR29B,PR29B,PR29B FLOWERS PLANTATION,42747066.83653776,JOHNSTON - PR29B,PR29B,FLOWERS PLANTATION,42648287.15126762,42632651.208924554,0.9973234274049556,0.9996333746701807,0.996958761689392,1,1,True,True
JOHNSTON,JOHNSTON - PR30,PR30,PR30 WILSONS MILLS,52247671.85106862,JOHNSTON - PR30,PR30,WILSONS MILLS,52252030.44735884,52237349.37478883,0.9998024318421457,0.9997190334529718,0.9995215762886462,1,1,True,True
JOHNSTON,JOHNSTON - PR31A,PR31A,PR31A SOUTHEAST CLEVELAND,21841777.003692895,JOHNSTON - PR31A,PR31A,SOUTHEAST CLEVELAND,21841038.136354983,21833006.810192194,0.9995984670341054,0.9996322827645532,0.9992310449863062,1,1,True,True
JOHNSTON,JOHNSTON - PR31B,PR31B,PR31B SOUTHWEST CLEVELAND,29797393.080416724,JOHNSTON - PR31B,PR31B,SOUTHWEST CLEVELAND,30001933.227569766,29788752.408357926,0.9997100191941127,0.9928944305823619,0.9926085555040524,1,1,True,True
JOHNSTON,JOHNSTON - PR32,PR32,PR32 NORTH WILDERS,58527580.653667994,JOHNSTON - PR32,PR32,NORTH WILDERS,58838799.99000167,58485967.87912363,0.9992890057289296,0.9940034108286029,0.9933009150768061,1,1,True,True
JOHNSTON,JOHNSTON - PR33,PR33,PR33 SOUTH PLEASANT GROVE,55918920.90391716,JOHNSTON - PR33,PR33,SOUTH PLEASANT GROVE,55926426.61286082,55905666.97723653,0.9997629795699491,0.9996288045405083,0.9993919600187762,1,1,True,True
JOHNSTON,JOHNSTON - PR34,PR34,PR34 SOUTH CLAYTON,34313959.85325775,JOHNSTON - PR34,PR34,SOUTH CLAYTON,34333904.23537953,34304088.48362709,0.9997123220498922,0.9991315944860789,0.9988444158895178,1,1,True,True
JOHNSTON,JOHNSTON - PR35,PR35,PR35 BANNER,99834223.03341222,JOHNSTON - PR35,PR35,BANNER,99471076.36257169,98965008.24255385,0.9912934185848528,0.9949124093301934,0.9862938118370289,1,1,True,True
JOHNSTON,JOHNSTON - PR36,PR36,PR36 BEULAH,107087080.47229862,JOHNSTON - PR36,PR36,BEULAH,106990805.42778142,106945636.15414555,0.9986791654275264,0.9995778209776507,0.9982581006911413,1,1,True,True
JOHNSTON,JOHNSTON - PR37,PR37,PR37 INGRAMS,157630986.3492923,JOHNSTON - PR37,PR37,INGRAMS,157631586.14918151,157613778.63184613,0.9998908354388645,0.9998870307799953,0.9997778908805913,1,1,True,True
JOHNSTON,JOHNSTON - PR38,PR38,PR38 MEADOW,118800926.87963742,JOHNSTON - PR38,PR38,MEADOW,119124173.4524171,118074094.35365106,0.9938819288276871,0.9911850041151766,0.9851739949093744,1,1,True,True
JONES,JONES - P01,P01,P01 BEAVER CREEK,137631284.54834008,JONES - P01,P01,BEAVER CREEK,138152993.03700474,137470543.04446805,0.9988320860013802,0.9950601866992929,0.9939037760840771,1,1,True,True
JONES,JONES - P02,P02,P02 CHINQUAPIN,102644403.22219048,JONES - P02,P02,CHINQUAPIN,102854966.7930572,102629130.94309142,0.999851211769764,0.9978043272288429,0.997656191613439,1,1,True,True
JONES,JONES - P03,P03,P03 CYPRESS CREEK,112388438.75478709,JONES - P03,P03,CYPRESS CREEK,112398278.77281733,112360202.32032394,0.9997487603282331,0.999661236338233,0.9994101668380074,1,1,True,True
JONES,JONES - P04,P04,P04 POLLOCKSVILLE,271724844.9814864,JONES - P04,P04,POLLOCKSVILLE,271519363.262061,270680377.8244872,0.9961561587897112,0.9969100346012375,0.993089865989639,1,1,True,True
JONES,JONES - P05,P05,P05 TRENTON,235931631.81716248,JONES - P05,P05,TRENTON,236066190.30231738,235842851.75840348,0.9996237042991005,0.9990539155834731,0.9986783314270468,1,1,True,True
JONES,JONES - P06,P06,P06 TUCKAHOE,127299008.23426603,JONES - P06,P06,TUCKAHOE,127352283.42332065,127109940.3081366,0.9985147729840794,0.9980970650178411,0.9966174810228294,1,1,True,True
JONES,JONES - P07,P07,P07 WHITE OAK,238001467.65198207,JONES - P07,P07,WHITE OAK,238525345.02334931,236057780.5911262,0.9918332980042879,0.9896549172500659,0.981655635842813,1,1,True,True
LEE,LEE - A1,A1,A1,30625972.090124,LEE - A1,A1,A1,31023917.88723375,30563725.065749858,0.9979675086168378,0.9851665149722028,0.9831938147615326,1,1,True,True
LEE,LEE - A2,A2,A2,58668125.26234941,LEE - A2,A2,A2,58270273.09470011,58204791.34409314,0.9921024591090245,0.998876240883571,0.9909963699531241,1,1,True,True
LEE,LEE - B1,B1,B1,96473660.90254506,LEE - B1,B1,B1,96679199.71106736,96439760.06194066,0.9996486000397699,0.9975233592143679,0.9971736973773779,1,1,True,True
LEE,LEE - B2,B2,B2,12366183.274938338,LEE - B2,B2,B2,12336467.70735718,12332559.383088352,0.9972809806306099,0.9996831893568289,0.9969658902023637,1,1,True,True
LEE,LEE - C1,C1,C1,98061124.07370804,LEE - C1,C1,C1,97644778.95038643,97390759.30851808,0.9931638070486927,0.9973985332897581,0.9905977413842518,1,1,True,True
LEE,LEE - C2,C2,C2,78668666.93051392,LEE - C2,C2,C2,79084078.4421838,78461933.36259897,0.9973720977362238,0.9921331184248463,0.9895463468403602,1,1,True,True
LEE,LEE - D1,D1,D1,102458424.88681933,LEE - D1,D1,D1,102541229.01302242,100871808.75319771,0.9845145371366555,0.983719521641264,0.9687303968610814,1,1,True,True
LEE,LEE - D2,D2,D2,48021915.966586806,LEE - D2,D2,D2,48224895.48147293,46710030.51000878,0.9726815261288029,0.9685874908314497,0.9429363318626374,1,1,True,True
LEE,LEE - E1,E1,E1,106884633.11067761,LEE - E1,E1,E1,108373136.1893362,106277694.06753553,0.9943215500163283,0.980664561389644,0.9752029794512623,1,1,True,True
LEE,LEE - E2,E2,E2,38689704.67183974,LEE - E2,E2,E2,37155080.907371305,36730053.58339068,0.9493495464731375,0.9885607213441352,0.9390337529940256,1,1,True,True
LENOIR,LENOIR - C,C,C CONTENTNEA,97241724.95152016,LENOIR - C,C,CONTENTNEA,96848967.41513185,96627245.12155697,0.9936809036422427,0.9977106385386176,0.9914203514530402,1,1,True,True
LENOIR,LENOIR - FC,FC,FC FALLING CREEK,80873073.54529741,LENOIR - FC,FC,FALLING CREEK,80693643.6615437,80681815.27586843,0.9976350809849973,0.9998534161411167,0.9974891895736294,1,1,True,True
LENOIR,LENOIR - I,I,I INSTITUTE,57730853.079804204,LENOIR - I,I,INSTITUTE,56326607.00600881,56243696.12151128,0.9742398236132566,0.9985280333947918,0.9728426634916916,1,1,True,True
LENOIR,LENOIR - K1,K1,K1 KINSTON 1,3843725.621552717,LENOIR - K1,K1,KINSTON 1,3740824.139430914,3735780.4544734545,0.9719165263841968,0.9986517182392255,0.9706428619024783,1,1,True,True
LENOIR,LENOIR - K2,K2,K2 KINSTON 2,1344488.0310301601,LENOIR - K2,K2,KINSTON 2,1344488.6187711533,1342954.8893386372,0.9988596836445258,0.9988592469946544,0.9977215293139208,1,1,True,True
LENOIR,LENOIR - K3,K3,K3 KINSTON 3,2893736.9301145636,LENOIR - K3,K3,KINSTON 3,2893738.092952488,2890865.1141510783,0.9990075753142593,0.9990071738667688,0.9980167178372165,1,1,True,True
LENOIR,LENOIR - K4,K4,K4 KINSTON 4,6082482.653293197,LENOIR - K4,K4,KINSTON 4,6082485.712456122,6080224.309364036,0.9996287134616095,0.9996282107021714,0.9992572001419676,1,1,True,True
LENOIR,LENOIR - K5,K5,K5 KINSTON 5,1674170.5759632664,LENOIR - K5,K5,KINSTON 5,1674171.3075746165,1672906.4344045625,0.9992449147196506,0.9992444780505249,0.9984905328760555,1,1,True,True
LENOIR,LENOIR - K6,K6,K6 KINSTON 6,11270429.00591865,LENOIR - K6,K6,KINSTON 6,11270431.094409611,11265741.14666089,0.9995840567155609,0.9995838714855328,0.9991682742288561,1,1,True,True
LENOIR,LENOIR - K7,K7,K7 KINSTON 7,28047043.568087984,LENOIR - K7,K7,KINSTON 7,28047060.29054222,28037572.904872593,0.9996623293577307,0.9996617333306469,0.9993242910566433,1,1,True,True
LENOIR,LENOIR - K8,K8,K8 KINSTON 8,2977076.294349411,LENOIR - K8,K8,KINSTON 8,2974167.5725340527,2972468.565931695,0.9984522639119254,0.999428745502423,0.9978827758448048,1,1,True,True
LENOIR,LENOIR - K9,K9,K9 KINSTON 9,11381905.998761289,LENOIR - K9,K9,KINSTON 9,11381910.620142644,11376076.717978401,0.9994878466942599,0.9994874408735982,0.9989758123167016,1,1,True,True
LENOIR,LENOIR - MH,MH,MH MOSELEY HALL,121088793.01495127,LENOIR - MH,MH,MOSELEY HALL,120123936.11149211,120110805.64595836,0.9919233865939009,0.9998906923469311,0.9918158373868737,1,1,True,True
LENOIR,LENOIR - N,N,N NEUSE,85851527.96129261,LENOIR - N,N,NEUSE,86097195.59449463,85833924.74948825,0.9997949575013703,0.9969421670103362,0.9967383764381483,1,1,True,True
LENOIR,LENOIR - PH1,PH1,PH1 PINK HILL 1,53099027.99413718,LENOIR - PH1,PH1,PINK HILL 1,53153859.36790939,53096507.08369706,0.9999525243580654,0.9989210137345745,0.9988736404860727,1,1,True,True
LENOIR,LENOIR - PH2,PH2,PH2 PINK HILL 2,40996176.29251773,LENOIR - PH2,PH2,PINK HILL 2,41277603.54782313,40971913.81952723,0.999408177172003,0.9925942956465064,0.9920112035344816,1,1,True,True
LENOIR,LENOIR - SH,SH,SH SANDHILL,62417906.26060003,LENOIR - SH,SH,SANDHILL,62126092.932904586,62002557.923212945,0.9933456861617086,0.998011543880201,0.991383579653213,1,1,True,True
LENOIR,LENOIR - SW,SW,SW SOUTHWEST,53191681.49083284,LENOIR - SW,SW,SOUTHWEST,52809598.84644072,52728513.213521205,0.9912924678383882,0.9984645663915136,0.9897836373138482,1,1,True,True
LENOIR,LENOIR - T1,T1,T1 TRENT 1,69873741.6604245,LENOIR - T1,T1,TRENT 1,69911496.27021018,69783270.54116991,0.9987052200568525,0.9981658849276424,0.9968758471161516,1,1,True,True
LENOIR,LENOIR - T2,T2,T2 TRENT 2,65858146.312471874,LENOIR - T2,T2,TRENT 2,65855420.905021146,65793353.2395507,0.999016172234582,0.9990575162284672,0.9980755411620164,1,1,True,True
LENOIR,LENOIR - V,V,V VANCE,80072832.25608501,LENOIR - V,V,VANCE,79794640.39795372,79658262.27502531,0.9948225887685122,0.9982908861767124,0.9931311117341174,1,1,True,True
LENOIR,LENOIR - W,W,W WOODINGTON,105486423.95197691,LENOIR - W,W,WOODINGTON,105102417.36040394,105073887.37591052,0.9960891974473018,0.9997285506346102,0.9958198668140881,1,1,True,True
LINCOLN,LINCOLN - AS25,AS25,AS25 ASBURY,10282909.216495069,LINCOLN - AS25,AS25,ASBURY,10358005.298165975,10280069.425545603,0.9997238338985907,0.992475783669065,0.9922037572345622,1,1,True,True
LINCOLN,LINCOLN - BC13,BC13,BC13 BOGER CITY,8544842.490964012,LINCOLN - BC13,BC13,BOGER CITY,8577922.328428183,8543548.326077456,0.9998485443250797,0.99599273564919,0.9958424912968359,1,1,True,True
LINCOLN,LINCOLN - BS26,BS26,BS26 BUFFALO SHOALS,19181094.59495782,LINCOLN - BS26,BS26,BUFFALO SHOALS,18882810.75575979,18878918.702306196,0.9842461601367078,0.9997938837864798,0.9840464863638275,1,1,True,True
LINCOLN,LINCOLN - CF19,CF19,CF19 COWANS FORD,14533390.93362765,LINCOLN - CF19,CF19,COWANS FORD,14532077.934974179,14516215.024347726,0.9988181760637718,0.9989084210325988,0.9977291742751864,1,1,True,True
LINCOLN,LINCOLN - CR06,CR06,CR06 CROUSE,18556414.06084973,LINCOLN - HC33,HC33,HOWARDS CREEK,79570790.85024574,18554002.783163026,0.9998700569151563,0.23317605097179608,0.2331689851230713,1,2,True,False
LINCOLN,LINCOLN - DN29,DN29,DN29 DENVER,21049692.360217236,LINCOLN - DN29,DN29,DENVER,20083434.418076318,19877470.748379998,0.9443116986330559,0.9897445991851404,0.9351614798623951,1,1,True,True
LINCOLN,LINCOLN - DV08,DV08,DV08 DANIELS/VALE,90837524.23013763,LINCOLN - DV08,DV08,DANIELS/VALE,89982479.11110532,89976884.83602501,0.9905255080275837,0.9999378292848167,0.9904645097675375,1,1,True,True
LINCOLN,LINCOLN - DW28,DW28,DW28 DENVER WEST,53346256.12072765,LINCOLN - DW28,DW28,DENVER WEST,53074582.74447735,53054238.107965924,0.9945259886260648,0.9996166783522469,0.9941468513107279,1,1,True,True
LINCOLN,LINCOLN - HG17,HG17,HG17 HICKORY GROVE,26111077.837267797,LINCOLN - ST36,ST36,STARTOWN,53685492.03758615,25632618.41352938,0.9816759987189988,0.4774589454369448,0.47324129281505967,1,2,True,False
LINCOLN,LINCOLN - HV07,HV07,HV07 HEAVNERS,60803556.74270379,LINCOLN - HC33,HC33,HOWARDS CREEK,79570790.85024574,60800379.139934234,0.9999477398537227,0.764104245920618,0.7640737331811472,1,1,True,True
LINCOLN,LINCOLN - IS20,IS20,IS20 IRON STATION SOUTH,32752258.28359887,LINCOLN - IS20,IS20,IRON STATION SOUTH,32699051.327222724,32686271.0036479,0.9979852601497097,0.9996091530776557,0.9975959862440528,1,1,True,True
LINCOLN,LINCOLN - IS23,IS23,IS23 IRON STATION,38971501.849280365,LINCOLN - IS23,IS23,IRON STATION,38971520.7172063,38961562.3990468,0.9997449559354422,0.999744471912406,0.9994895581564265,1,1,True,True
LINCOLN,LINCOLN - LI14,LI14,LI14 LITHIA,9809963.56240433,LINCOLN - LI14,LI14,LITHIA,9770850.157689283,9767968.739500416,0.9957191662704177,0.9997051005652156,0.9954267858932314,1,1,True,True
LINCOLN,LINCOLN - LM16,LM16,LM16 LOVE MEMORIAL,15496106.500704475,LINCOLN - LB34,LB34,LABORATORY,30604330.5360731,15482423.846889805,0.9991170263437433,0.5058899696773561,0.5056638963106592,1,1,True,True
LINCOLN,LINCOLN - LN11,LN11,LN11 LINCOLNTON/NORTH,3835688.657024483,LINCOLN - LN11,LN11,LINCOLNTON/NORTH,3828876.53670564,3826905.3395324848,0.9977101067689857,0.9994851760942777,0.9971976373431349,1,1,True,True
LINCOLN,LINCOLN - LS12,LS12,LS12 LINCOLNTON/SOUTH,4893596.691427396,LINCOLN - LS12,LS12,LINCOLNTON/SOUTH,4911469.8041849425,4888814.113373357,0.9990226865114534,0.995387187193479,0.9944188648726109,1,1,True,True
LINCOLN,LINCOLN - LS15,LS15,LS15 LONG SHOALS,14943624.763218848,LINCOLN - LB34,LB34,LABORATORY,30604330.5360731,14929910.997311465,0.9990822999021538,0.4878365491352176,0.4876180480392651,1,2,True,False
LINCOLN,LINCOLN - LW18,LW18,LW18 LOWESVILLE WEST,27594998.220400233,LINCOLN - LW18,LW18,LOWESVILLE WEST,27526492.968637988,27520607.587642148,0.9973041986752842,0.9997861921239823,0.99709154188999,1,1,True,True
LINCOLN,LINCOLN - LW31,LW31,LW31 LOWESVILLE,30421159.406429164,LINCOLN - LW31,LW31,LOWESVILLE,30531070.694221444,30338353.1059333,0.9972780031362525,0.993687820836083,0.9910000328010872,1,1,True,True
LINCOLN,LINCOLN - NB03,NB03,NB03 NORTH BROOK III,39485129.72205933,LINCOLN - NB35,NB35,NORTH BROOK 3A,133242923.5940835,37708372.18414485,0.9550018563843832,0.2830046892322861,0.27928056019685293,1,2,True,False
LINCOLN,LINCOLN - NB09,NB09,NB09 NORTH BROOK,95462437.5250383,LINCOLN - NB35,NB35,NORTH BROOK 3A,133242923.5940835,95321968.637237,0.9985285428337773,0.7153998581390304,0.7146464553312585,1,1,True,True
LINCOLN,LINCOLN - OB21,OB21,OB21 ORE BANK,30377396.856433917,LINCOLN - OB21,OB21,ORE BANK,30377411.251318328,30368475.911305502,0.9997063295064229,0.9997058557775413,0.9994123579961608,1,1,True,True
LINCOLN,LINCOLN - OG10,OG10,OG10 OAK GROVE,28633072.906394873,LINCOLN - ST36,ST36,STARTOWN,53685492.03758615,28040906.38584282,0.9793187925554507,0.5223181407410943,0.5166196761381568,1,1,True,True
LINCOLN,LINCOLN - PC22,PC22,PC22 PUMPKIN CENTER,33959434.46303878,LINCOLN - PC22,PC22,PUMPKIN CENTER,33082952.849004783,33081156.157470815,0.974137428391987,0.9999456913189652,0.9740858924372818,1,1,True,True
LINCOLN,LINCOLN - SL24,SL24,SL24 SALEM,22656706.749854926,LINCOLN - SL24,SL24,SALEM,22581581.950948473,22568817.041632216,0.9961208083243046,0.9994347203245555,0.9955599045689163,1,1,True,True
LINCOLN,LINCOLN - TE27,TE27,TE27 TRIANGLE EAST,10462719.48627013,LINCOLN - TA37,TA37,TRIANGLE A,22669611.328637924,10447074.127203977,0.9985046565487411,0.46084046063932566,0.46052263243142083,1,2,True,False
LINCOLN,LINCOLN - TR30,TR30,TR30 TRIANGLE,12218330.73682967,LINCOLN - TA37,TA37,TRIANGLE A,22669611.328637924,12199080.65140944,0.9984244913781712,0.5381248259867015,0.5376682605964006,1,1,True,True
LINCOLN,LINCOLN - WP32,WP32,WP32 WESTPORT,20011783.165590353,LINCOLN - WP32,WP32,WESTPORT,20044672.845108792,19900457.983455412,0.9944370183699391,0.9928053272424164,0.9873218858504093,1,1,True,True
MACON,MACON - 01,01,01 NORTH FRANKLIN,19612507.00359216,MACON - 01,01,NORTH FRANKLIN,19612492.81698489,19605352.91361437,0.9996352281747316,0.9996359512563169,0.9992714449237496,1,1,True,True
MACON,MACON - 02,02,02 SOUTH FRANKLIN,10171480.155456351,MACON - 02,02,SOUTH FRANKLIN,10173344.544071171,10164902.669310633,0.9993533403157465,0.9991701967112223,0.998524609435939,1,1,True,True
MACON,MACON - 03,03,03 EAST FRANKLIN,29668676.545778647,MACON - 03,03,EAST FRANKLIN,29668784.118893035,29660239.462963905,0.999715623216232,0.9997119984460809,0.9994277854173593,1,1,True,True
MACON,MACON - 04,04,04 IOTLA,30445986.49411051,MACON - 04,04,IOTLA,30446140.697115574,30436226.730529055,0.9996794400607337,0.9996743769042801,0.9993540256610256,1,1,True,True
MACON,MACON - 05,05,05 UNION,43693836.81715759,MACON - 05,05,UNION,43691995.63855417,43682919.01243739,0.99975012941148,0.9997922588340467,0.9995424920385931,1,1,True,True
MACON,MACON - 06,06,06 MILLSHOAL,71534983.37130071,MACON - 06,06,MILLSHOAL,71455743.49986401,71403067.82894489,0.9981559296425483,0.9992628210366432,0.9974214659936556,1,1,True,True
MACON,MACON - 07,07,07 ELLIJAY,65803736.774117604,MACON - 07,07,ELLIJAY,65799143.5112879,65782440.59842406,0.9996763682924779,0.9997461530352447,0.9994226855861479,1,1,True,True
MACON,MACON - 08,08,08 SUGARFORK,75721346.0931096,MACON - 08,08,SUGARFORK,75725773.3301137,75695117.95854282,0.99965362297529,0.999595179154695,0.9992490824659708,1,1,True,True
MACON,MACON - 09,09,09 HIGHLANDS,149013311.38467827,MACON - 09,09,HIGHLANDS,148850805.3482786,148468160.27844277,0.9963415945785662,0.9974293382629638,0.9937896834821375,1,1,True,True
MACON,MACON - 10,10,10 FLATS,37221388.77902966,MACON - 10,10,FLATS,37212306.31457844,37194302.19239989,0.9992722843634188,0.9995161782764458,0.9987891663828157,1,1,True,True
MACON,MACON - 11,11,11 SMITHBRIDGE,192003306.7409313,MACON - 11,11,SMITHBRIDGE,191892326.68310136,191841379.0438908,0.9991566411027546,0.9997344988197746,0.9988915874999066,1,1,True,True
MACON,MACON - 12,12,12 CARTOOGECHAYE,195259186.65197027,MACON - 12,12,CARTOOGECHAYE,195101862.1458137,195033487.29392412,0.9988441037683495,0.9996495428022185,0.9984944561449925,1,1,True,True
MACON,MACON - 13,13,13 NANTAHALA,193974392.2104408,MACON - 13,13,NANTAHALA,194292275.9216775,193828389.03796408,0.9992473069727764,0.9976124275578488,0.9968633231119328,1,1,True,True
MACON,MACON - 14,14,14 BURNINGTOWN,112805209.83687326,MACON - 14,14,BURNINGTOWN,112914844.80741385,112745783.93931226,0.9994731989981054,0.9985027578225881,0.9979775327228333,1,1,True,True
MACON,MACON - 15,15,15 COWEE,119053026.93310305,MACON - 15,15,COWEE,119111600.88001052,118862771.39502686,0.9984019260746466,0.9979109550778826,0.9963195457619611,1,1,True,True
MADISON,MADISON - BEECH,BEECH,BEECH GLEN,115021368.79406264,MADISON - BEECH,BEECH,BEECH GLEN,115005016.2723862,114924059.66954336,0.999153990901521,0.9992960602461801,0.9984512413042272,1,1,True,True
MADISON,MADISON - EBBS C,EBBS C,EBBS C HAPEL,96426145.43226638,MADISON - EBBS C,EBBS C,EBBS CHAPEL,96247957.73911348,96160089.34962338,0.9972408304671901,0.9990870622966539,0.9963329214264497,1,1,True,True
MADISON,MADISON - GRAPEV,GRAPEV,GRAPEV INE,52615087.33269637,MADISON - GRAPEV,GRAPEV,GRAPEVINE,52574384.020073056,52565540.464801796,0.999058314441611,0.9998317896550555,0.9988904207234128,1,1,True,True
MADISON,MADISON - HOT SP,HOT SP,HOT SP RINGS,127900753.98453683,MADISON - HOT SP,HOT SP,HOT SPRINGS,127816334.89002159,127696531.67598389,0.9984032751786778,0.9990626924630504,0.997468957098132,1,1,True,True
MADISON,MADISON - LAUREL,LAUREL,LAUREL,200929727.89277107,MADISON - LAUREL,LAUREL,LAUREL,200979363.79306656,200712275.85436395,0.998917770701789,0.998671067846659,0.9975917115034485,1,1,True,True
MADISON,MADISON - MARS H,MARS H,MARS H ILL,61793752.64826567,MADISON - MARS H,MARS H,MARS HILL,61771522.690327495,61759776.55518037,0.9994501694487031,0.9998098454654257,0.9992602239423285,1,1,True,True
MADISON,MADISON - NORTH,NORTH,NORTH MARSHALL,76830568.84253573,MADISON - NORTH,NORTH,NORTH MARSHALL,76809836.62895185,76784976.27124166,0.9994065829268098,0.9996763388805229,0.9990833057633354,1,1,True,True
MADISON,MADISON - REVERE,REVERE,REVERE RICE COVE,27365507.180086773,MADISON - REVERE,REVERE,RICE COVE,27378568.204325456,27356621.564290002,0.9996752986985297,0.9991984007391597,0.9988742197053173,1,1,True,True
MADISON,MADISON - SANDY,SANDY,SANDY MUSH,43072422.10874526,MADISON - SANDY,SANDY,SANDY MUSH,43034886.849886045,42974554.39337248,0.9977278334818114,0.998598057043254,0.9963322497373316,1,1,True,True
MADISON,MADISON - SOUTH,SOUTH,SOUTH MARSHALL,92008747.6593025,MADISON - SOUTH,SOUTH,SOUTH MARSHALL,91995128.12021361,91975496.43210664,0.9996386079797653,0.9997866007851925,0.9994253629621882,1,1,True,True
MADISON,MADISON - SPRING,SPRING,SPRING CREEK,169301271.57031184,MADISON - SPRING,SPRING,SPRING CREEK,169397460.13212648,169209391.3185252,0.999457297331943,0.9988897778428638,0.9983482792206646,1,1,True,True
MADISON,MADISON - WALNUT,WALNUT,WALNUT,106342389.420881,MADISON - WALNUT,WALNUT,WALNUT,106328604.03407207,106311499.21771216,0.9997095212611165,0.9998391325032874,0.9995487472004926,1,1,True,True
MARTIN,MARTIN - BG,BG,BG BEAR GRASS,78432887.70042634,MARTIN - BG,BG,BEAR GRASS,78392862.75482495,78318673.57229619,0.9985437979975136,0.9990536232518923,0.9976001741735998,1,1,True,True
MARTIN,MARTIN - CR,CR,CR CROSS ROADS,63125132.568023354,MARTIN - CR,CR,CROSS ROADS,63127669.7945578,63097922.87974348,0.9995689563384195,0.9995287816751176,0.9990981440617002,1,1,True,True
MARTIN,MARTIN - GN,GN,GN GOOSENEST,176418888.31220198,MARTIN - GSN,GSN,GOOSE NEST,221708087.92797258,176054767.43215436,0.9979360436768921,0.7940836488082932,0.7927816288996001,1,1,True,True
MARTIN,MARTIN - GR,GR,GR GRIFFINS,160339201.5980864,MARTIN - GRF,GRF,GRIFFINS,175117866.7063686,148720612.1879176,0.9275374375426136,0.8492600725732173,0.796419806184524,1,1,True,True
MARTIN,MARTIN - HM,HM,HM HAMILTON,106063985.9512441,MARTIN - HMT,HMT,HAMILTON,148124855.78621244,105988730.7719184,0.9992904737772131,0.7155364318118979,0.7151730864531174,1,1,True,True
MARTIN,MARTIN - HS,HS,HS HASSELL,45530753.623518996,MARTIN - GSN,GSN,GOOSE NEST,221708087.92797258,45483320.31977068,0.9989582139548902,0.20514957638598674,0.20510569507869614,1,2,True,False
MARTIN,MARTIN - J,J,J JAMESVILLE,164277686.63122755,MARTIN - JMV,JMV,JAMESVILLE,246206518.65171665,162699500.83554038,0.9903931822510388,0.6608253174063796,0.6566164009129785,1,1,True,True
MARTIN,MARTIN - PP,PP,PP POPLAR POINT,41575619.53662607,MARTIN - HMT,HMT,HAMILTON,148124855.78621244,41567288.802854486,0.9997996245428347,0.28062331998384027,0.2806075382523876,1,2,True,False
MARTIN,MARTIN - R1,R1,R1 ROBERSONVILLE 1,48304900.14825459,MARTIN - RBV,RBV,ROBERSONVILLE,135617909.51458213,48186021.40570608,0.9975389920653256,0.35530721258112996,0.3549960333113652,1,2,True,False
MARTIN,MARTIN - R2,R2,R2 ROBERSONVILLE 2,87471103.73697466,MARTIN - RBV,RBV,ROBERSONVILLE,135617909.51458213,87395829.97055316,0.9991394441912171,0.6444269070609442,0.6440694208607909,1,1,True,True
MARTIN,MARTIN - W,W,W WILLIAMS,118449375.42205706,MARTIN - JMV,JMV,JAMESVILLE,246206518.65171665,82883660.05292347,0.6997391059057394,0.3366428334506064,0.2941512684560336,1,2,True,False
MARTIN,MARTIN - W1,W1,W1 WILLIAMSTON 1,53854347.42445591,MARTIN - WM1,WM1,WILLIAMSTON 1,63099213.804870844,53839294.2800029,0.9997204841359534,0.8532482583142242,0.8530447533080265,1,1,True,True
MARTIN,MARTIN - W2,W2,W2 WILLIAMSTON 2,51457751.54569149,MARTIN - WM2,WM2,WILLIAMSTON 2,51443609.42562534,51426656.960572325,0.9993957259268984,0.999670465092899,0.9990665890927289,1,1,True,True
MCDOWELL,MCDOWELL - CCREEK,CCREEK,CCREEK CROOKED CREEK,82058913.21429655,MCDOWELL - CCREEK,CCREEK,CROOKED CREEK,82067522.71235636,82036666.04499947,0.9997288878389239,0.9996240087876779,0.9993531004322398,1,1,True,True
MCDOWELL,MCDOWELL - DYSART,DYSART,DYSART DYSARTSVILLE,105865033.75200479,MCDOWELL - DYSART,DYSART,DYSARTSVILLE,104185850.75734952,104106164.56895196,0.9833857401191306,0.9992351534510847,0.9826460877664822,1,1,True,True
MCDOWELL,MCDOWELL - FORT 1,FORT 1,FORT 1 OLD FORT 1,127030663.04845393,MCDOWELL - FORT 1,FORT 1,OLD FORT 1,127082635.52964592,126962082.21418503,0.9994601237793843,0.9990513785383939,0.998512525832325,1,1,True,True
MCDOWELL,MCDOWELL - FORT 2,FORT 2,FORT 2 OLD FORT 2,66814598.46686931,MCDOWELL - FORT 2,FORT 2,OLD FORT 2,66855411.004357465,66787521.54882088,0.9995947454797345,0.9989845331213033,0.9985801010618027,1,1,True,True
MCDOWELL,MCDOWELL - GLENWD,GLENWD,GLENWD GLENWOOD,99705932.70210429,MCDOWELL - GLENWD,GLENWD,GLENWOOD,96450082.77658421,96438218.46667652,0.9672264814452831,0.9998769901531845,0.9671114019402135,1,1,True,True
MCDOWELL,MCDOWELL - HIGGIN,HIGGIN,HIGGIN HIGGINS,34577506.06820049,MCDOWELL - HIGGIN,HIGGIN,HIGGINS,34578125.792212695,34567938.62903367,0.9997233045336482,0.9997053870634793,0.9994288545866964,1,1,True,True
MCDOWELL,MCDOWELL - M.COVE,M.COVE,M COVE MONTFORD COVE,101656201.34753542,MCDOWELL - M.COVE,M.COVE,MONTFORD COVE,103733262.79697423,101592978.24507242,0.9993780693983749,0.9793674228092993,0.9787708838572854,1,1,True,True
MCDOWELL,MCDOWELL - MAR 1,MAR 1,MAR 1 MARION 1,68200349.72705762,MCDOWELL - MAR 1,MAR 1,MARION 1,68710926.1094744,67992278.0816832,0.9969491117537207,0.9895409934273596,0.986553494633482,1,1,True,True
MCDOWELL,MCDOWELL - MAR 2,MAR 2,MAR 2 MARION 2,5013760.146656391,MCDOWELL - MAR 2,MAR 2,MARION 2,5013089.074131569,5003789.157733189,0.9980112752442193,0.9981448730990301,0.9961635128627422,1,1,True,True
MCDOWELL,MCDOWELL - MAR 3,MAR 3,MAR 3 MARION 3,8262556.0299348915,MCDOWELL - MAR 3,MAR 3,MARION 3,8316211.7668833705,8246892.379849695,0.9981042609540621,0.9916645476357735,0.9898002511000348,1,1,True,True
MCDOWELL,MCDOWELL - MAR 4,MAR 4,MAR 4 MARION 4,15236951.705214316,MCDOWELL - MAR 4,MAR 4,MARION 4,15237010.163518451,15232115.637390537,0.999682609230682,0.9996787738489777,0.9993615869230014,1,1,True,True
MCDOWELL,MCDOWELL - MAR 5,MAR 5,MAR 5 MARION 5,8194491.841492975,MCDOWELL - MAR 5,MAR 5,MARION 5,8149159.173587126,8139618.327290426,0.993303609880396,0.9988292232249404,0.9921484515054262,1,1,True,True
MCDOWELL,MCDOWELL - N.COVE,N.COVE,N COVE NORTH COVE,110057841.54577197,MCDOWELL - N.COVE,N.COVE,NORTH COVE,110171697.33358242,109887646.0478374,0.9984535813573648,0.9974217399511878,0.9958832790337105,1,1,True,True
MCDOWELL,MCDOWELL - NEBO,NEBO,NEBO NEBO,52804629.1727089,MCDOWELL - NEBO,NEBO,NEBO,53066842.26275957,52644444.89633764,0.996966472847535,0.9920402769712502,0.9890547776069196,1,1,True,True
MCDOWELL,MCDOWELL - PLEASA,PLEASA,PLEASA PLEASANT GARDENS,117006513.85167272,MCDOWELL - PLEASA,PLEASA,PLEASANT GARDENS,117013643.57141075,116967444.28781383,0.9996660906938187,0.9996051803688283,0.9992715346345087,1,1,True,True
MCDOWELL,MCDOWELL - T.COVE,T.COVE,T COVE TURKEY COVE 17,101385893.67881148,MCDOWELL - T.COVE,T.COVE,TURKEY COVE 17,101394584.92022444,101331000.38675733,0.9994585707137125,0.9993729001058869,0.9988321494835749,1,1,True,True
MCDOWELL,MCDOWELL - WEST M,WEST M,WEST M WEST MARION 7,51536637.20229512,MCDOWELL - WEST M,WEST M,WEST MARION 7,51428974.251661986,51355310.58856136,0.996481597877215,0.9985676622142966,0.9950593142733382,1,1,True,True
MECKLENBURG,MECKLENBURG - 001,001,001,1648489.8116054458,MECKLENBURG - 001,001,001,1648487.3983296584,1646781.612005361,0.9989637790976571,0.9989652415141141,0.9979311628702284,1,1,True,True
MECKLENBURG,MECKLENBURG - 002,002,002,2255282.188325922,MECKLENBURG - 002,002,002,2255286.1942157657,2253184.833244991,0.9990700254310579,0.9990682508605053,0.998140007685883,1,1,True,True
MECKLENBURG,MECKLENBURG - 003,003,003,2499614.037122437,MECKLENBURG - 003,003,003,2499615.10827613,2497655.1502229334,0.9992163242523,0.9992158960606745,0.9984334483168368,1,1,True,True
MECKLENBURG,MECKLENBURG - 004,004,004,4109661.1019914392,MECKLENBURG - 004,004,004,4109665.757910647,4106683.31497462,0.9992754178646565,0.999274285766358,0.9985507545480821,1,1,True,True
MECKLENBURG,MECKLENBURG - 005,005,005,1470175.0177849212,MECKLENBURG - 005,005,005,1470175.6479491715,1468811.1624986818,0.9990723177378606,0.9990718895035481,0.9981459276283576,1,1,True,True
MECKLENBURG,MECKLENBURG - 006,006,006,2711404.4956459384,MECKLENBURG - 006,006,006,2705999.3795616585,2703155.655420145,0.9969577242204032,0.9989491039196121,0.995913209305457,1,1,True,True
MECKLENBURG,MECKLENBURG - 007,007,007,1721364.2366281264,MECKLENBURG - 007,007,007,1721364.9749616238,1720298.573680742,0.9993809195493268,0.9993804908915929,0.9987621770181385,1,1,True,True
MECKLENBURG,MECKLENBURG - 008,008,008,1843666.949692805,MECKLENBURG - 008,008,008,1843677.3834627718,1841971.363402071,0.9990803185515602,0.999074664539467,0.9981566835500525,1,1,True,True
MECKLENBURG,MECKLENBURG - 009,009,009,2888706.443969127,MECKLENBURG - 009,009,009,2890755.4114784044,2886651.592455573,0.9992886603213547,0.998580364493469,0.9978710423510406,1,1,True,True
MECKLENBURG,MECKLENBURG - 010,010,010,1460962.6782726902,MECKLENBURG - 010,010,010,1460965.102603876,1459461.3513421696,0.9989723714692729,0.9989707137706257,0.9979451985142772,1,1,True,True
MECKLENBURG,MECKLENBURG - 011,011,011,4254952.467364994,MECKLENBURG - 011,011,011,4257008.839441903,4252069.915983644,0.9993225420487165,0.9988398136709281,0.9981639262314395,1,1,True,True
MECKLENBURG,MECKLENBURG - 012,012,012,2847142.4358179793,MECKLENBURG - 012,012,012,2836612.04342893,2835387.5958365914,0.9958713551406814,0.9995683415378656,0.9954432528866556,1,1,True,True
MECKLENBURG,MECKLENBURG - 013,013,013,3454934.769310119,MECKLENBURG - 013,013,013,3452888.5999844405,3449542.1695372146,0.9984391601772611,0.9990308316210257,0.9974730134088738,1,1,True,True
MECKLENBURG,MECKLENBURG - 014,014,014,3416933.0126414015,MECKLENBURG - 014,014,014,3416908.3646760117,3413631.959618345,0.9990339134507923,0.9990411200102589,0.9980768844016724,1,1,True,True
MECKLENBURG,MECKLENBURG - 015,015,015,2354196.1834862926,MECKLENBURG - 015,015,015,2354197.356044045,2352316.1662710505,0.9992014186292418,0.9992009209558557,0.9984036148256736,1,1,True,True
MECKLENBURG,MECKLENBURG - 016,016,016,4817604.994891778,MECKLENBURG - 016,016,016,4820085.086187666,4815078.505795562,0.999475571554975,0.9989613087108252,0.998437968853447,1,1,True,True
MECKLENBURG,MECKLENBURG - 017,017,017,3264556.7822776414,MECKLENBURG - 017,017,017,3262841.2902521724,3260518.36687039,0.9987629513969017,0.9992880673084767,0.9980527783811527,1,1,True,True
MECKLENBURG,MECKLENBURG - 018,018,018,1451435.6127942705,MECKLENBURG - 018,018,018,1451436.2350915563,1450334.9279256284,0.9992416578049073,0.9992412293841771,0.9984840371323366,1,1,True,True
MECKLENBURG,MECKLENBURG - 019,019,019,2755220.9007171183,MECKLENBURG - 019,019,019,2755211.031529717,2752798.402737814,0.9991207608875666,0.9991243397459237,0.998246639113041,1,1,True,True
MECKLENBURG,MECKLENBURG - 020,020,020,2289879.646552529,MECKLENBURG - 020,020,020,2289880.628207853,2288421.895612781,0.9993633940797094,0.9993629656598241,0.998727170303015,1,1,True,True
MECKLENBURG,MECKLENBURG - 021,021,021,1958289.8828464667,MECKLENBURG - 021,021,021,1958287.133734605,1956605.7032649023,0.9991399743233538,0.9991413769509397,0.9982828268820055,1,1,True,True
MECKLENBURG,MECKLENBURG - 022,022,022,4552794.2369784685,MECKLENBURG - 022,022,022,4552805.657133165,4549922.841340514,0.9993693113528759,0.9993668045575075,0.998736914104325,1,1,True,True
MECKLENBURG,MECKLENBURG - 023,023,023,3725525.3177721575,MECKLENBURG - 023,023,023,3725526.3382825493,3723480.368019228,0.9994510976094635,0.9994508238360047,0.9989025240028588,1,1,True,True
MECKLENBURG,MECKLENBURG - 024,024,024,3580804.8238042984,MECKLENBURG - 024,024,024,3580803.101302113,3578936.3199241934,0.9994781888508182,0.9994786696377579,0.9989574022769427,1,1,True,True
MECKLENBURG,MECKLENBURG - 025,025,025,2257608.0716930805,MECKLENBURG - 025,025,025,2265884.7515232023,2256527.5158159956,0.9995213713617375,0.9958703832130401,0.9953956985798511,1,1,True,True
MECKLENBURG,MECKLENBURG - 026,026,026,6843811.275851983,MECKLENBURG - 026,026,026,6843813.719737726,6840371.210185743,0.9994973465036393,0.9994969895889985,0.9989948415183771,1,1,True,True
MECKLENBURG,MECKLENBURG - 027,027,027,7072813.944423976,MECKLENBURG - 027,027,027,7072816.972938499,7068520.011381273,0.9993928960840136,0.9993924681532595,0.9987861014594714,1,1,True,True
MECKLENBURG,MECKLENBURG - 028,028,028,3037707.2333475356,MECKLENBURG - 028,028,028,3037714.7330872514,3035295.199722503,0.9992059690286957,0.999203502113482,0.9984107350250376,1,1,True,True
MECKLENBURG,MECKLENBURG - 029,029,029,2229782.000390281,MECKLENBURG - 029,029,029,2229784.0270497845,2227521.215428489,0.9989860959674998,0.998985187985094,0.9979733397113066,1,1,True,True
MECKLENBURG,MECKLENBURG - 030,030,030,3261617.9670398054,MECKLENBURG - 030,030,030,3261640.206260715,3259531.89631657,0.9993604184351705,0.9993536043797541,0.9987148491290586,1,1,True,True
MECKLENBURG,MECKLENBURG - 031,031,031,5296299.979246088,MECKLENBURG - 031,031,031,5296302.535336824,5292642.7671825085,0.9993094779227176,0.9993089956380139,0.9986194272095207,1,1,True,True
MECKLENBURG,MECKLENBURG - 032,032,032,1877028.6418923126,MECKLENBURG - 032,032,032,1877030.8543483496,1875770.1338212248,0.9993295211149155,0.9993283432053318,0.998658764379644,1,1,True,True
MECKLENBURG,MECKLENBURG - 033,033,033,3263593.3685760484,MECKLENBURG - 033,033,033,3267822.8784880284,3260612.661295971,0.9990866793305877,0.9977935716040419,0.9968842750092126,1,1,True,True
MECKLENBURG,MECKLENBURG - 034,034,034,4285394.889376795,MECKLENBURG - 034,034,034,4290975.139599848,4283213.477790017,0.9994909660269149,0.9981911659803849,0.9976839713907335,1,1,True,True
MECKLENBURG,MECKLENBURG - 035,035,035,1989334.1665686541,MECKLENBURG - 035,035,035,1989335.019768653,1988064.5313324975,0.9993617788014235,0.999361350188113,0.998723943669113,1,1,True,True
MECKLENBURG,MECKLENBURG - 036,036,036,3234042.469906291,MECKLENBURG - 036,036,036,3234043.8575569442,3231951.0039586574,0.9993532966969063,0.9993528678983754,0.9987070010590937,1,1,True,True
MECKLENBURG,MECKLENBURG - 037,037,037,1994933.8503897989,MECKLENBURG - 037,037,037,1994934.7058661338,1993067.0681711074,0.9990642385368684,0.9990638101139178,0.998129799113231,1,1,True,True
MECKLENBURG,MECKLENBURG - 038,038,038,1792194.7173541025,MECKLENBURG - 038,038,038,1792195.4857196012,1790840.8224927308,0.9992445603994579,0.9992441319947157,0.9984898335570974,1,1,True,True
MECKLENBURG,MECKLENBURG - 039,039,039,20022246.135069523,MECKLENBURG - 039,039,039,20053884.51864868,20016090.75273676,0.9996925728366718,0.9981153892715011,0.99780911959988,1,1,True,True
MECKLENBURG,MECKLENBURG - 040,040,040,3075227.6385470387,MECKLENBURG - 040,040,040,3075232.125233358,3072979.167158905,0.999268843919081,0.9992673860109724,0.998537300456897,1,1,True,True
MECKLENBURG,MECKLENBURG - 041,041,041,8910200.566539902,MECKLENBURG - 041,041,041,8931781.658826381,8904028.296310915,0.9993072804385384,0.9968927406002989,0.996204317787523,1,1,True,True
MECKLENBURG,MECKLENBURG - 042,042,042,2504405.2951186616,MECKLENBURG - 042,042,042,2504406.539615698,2502607.432186787,0.9992821198168768,0.9992816232506775,0.9985647737442607,1,1,True,True
MECKLENBURG,MECKLENBURG - 043,043,043,2864322.285286545,MECKLENBURG - 043,043,043,2864323.512546749,2862529.5189156337,0.9993741045202489,0.9993736763241803,0.998748564380165,1,1,True,True
MECKLENBURG,MECKLENBURG - 044,044,044,2576836.5490953135,MECKLENBURG - 044,044,044,2576835.7313619866,2574321.094842655,0.999023820795486,0.9990241378258123,0.9980498619962868,1,1,True,True
MECKLENBURG,MECKLENBURG - 045,045,045,1877230.5076518224,MECKLENBURG - 045,045,045,1877241.027367161,1875781.7347253188,0.9992282391956672,0.9992226397033903,0.9984520778428184,1,1,True,True
MECKLENBURG,MECKLENBURG - 046,046,046,2604290.077013496,MECKLENBURG - 046,046,046,2601621.900352766,2599170.63161874,0.9980342261255987,0.999057792089737,0.9970957171715055,1,1,True,True
MECKLENBURG,MECKLENBURG - 047,047,047,2826630.2398743154,MECKLENBURG - 047,047,047,2826631.007637038,2825050.1360817724,0.9994409938129675,0.9994407223472062,0.9988823410900854,1,1,True,True
MECKLENBURG,MECKLENBURG - 048,048,048,3054172.4646588997,MECKLENBURG - 048,048,048,3054172.1252415916,3052486.1884336537,0.9994478778638867,0.9994479889348723,0.9988964760174863,1,1,True,True
MECKLENBURG,MECKLENBURG - 049,049,049,1810320.880909765,MECKLENBURG - 049,049,049,1810321.657269965,1808840.358828805,0.9991821769849907,0.9991817484836403,0.9983652627445335,1,1,True,True
MECKLENBURG,MECKLENBURG - 050,050,050,2917014.3349988856,MECKLENBURG - 050,050,050,2917015.5861296635,2914881.4793141317,0.999268822350592,0.999268393756386,0.998538285193324,1,1,True,True
MECKLENBURG,MECKLENBURG - 051,051,051,2324170.320873184,MECKLENBURG - 051,051,051,2324170.5105401617,2322491.3886535564,0.9992776208333144,0.9992775392859558,0.9985562031469035,1,1,True,True
MECKLENBURG,MECKLENBURG - 052,052,052,6165893.662205162,MECKLENBURG - 052,052,052,6165889.4319614805,6162939.8837485155,0.9995209488488663,0.9995216345921359,0.9990430415447027,1,1,True,True
MECKLENBURG,MECKLENBURG - 053,053,053,10236470.098783508,MECKLENBURG - 053,053,053,10204863.609116806,10199814.092063392,0.9964190774391583,0.9995051852482474,0.9959277992585162,1,1,True,True
MECKLENBURG,MECKLENBURG - 054,054,054,3808632.2397674993,MECKLENBURG - 054,054,054,3808839.977342882,3804536.5244549215,0.998924623052388,0.9988701408004642,0.99779719122546,1,1,True,True
MECKLENBURG,MECKLENBURG - 055,055,055,1853523.8788651542,MECKLENBURG - 055,055,055,1852966.5325224542,1851541.2889923453,0.9989303672343176,0.9992308314774748,0.99816284265602,1,1,True,True
MECKLENBURG,MECKLENBURG - 056,056,056,5369448.281066234,MECKLENBURG - 056,056,056,5370006.103609042,5366342.292928343,0.9994215442676218,0.9993177269057036,0.9987400600056365,1,1,True,True
MECKLENBURG,MECKLENBURG - 057,057,057,2857298.5809075297,MECKLENBURG - 057,057,057,2857299.7925573615,2854843.6662650174,0.9991408267029158,0.9991404030131028,0.9982827055332778,1,1,True,True
MECKLENBURG,MECKLENBURG - 058,058,058,1927124.4992722517,MECKLENBURG - 058,058,058,1927123.5783623266,1925185.5693444484,0.9989938740706501,0.9989943514574581,0.9979902471127707,1,1,True,True
MECKLENBURG,MECKLENBURG - 059,059,059,1578448.584943342,MECKLENBURG - 059,059,059,1578451.7679609067,1576805.6826433977,0.9989591664146582,0.9989571519694672,0.9979184869872951,1,1,True,True
MECKLENBURG,MECKLENBURG - 060,060,060,3986547.5923395385,MECKLENBURG - 060,060,060,3986540.035551415,3982756.208781399,0.999048955651395,0.9990508494242445,0.9981016087305734,1,1,True,True
MECKLENBURG,MECKLENBURG - 061,061,061,3053475.9305201108,MECKLENBURG - 061,061,061,3053477.2392870826,3050998.2757379254,0.9991885789052991,0.9991881506378165,0.9983780459780469,1,1,True,True
MECKLENBURG,MECKLENBURG - 062,062,062,2631961.5943214213,MECKLENBURG - 062,062,062,2631957.2700006096,2630076.0691816295,0.9992836046149534,0.9992852464436174,0.9985698744185789,1,1,True,True
MECKLENBURG,MECKLENBURG - 063,063,063,2713250.5523339706,MECKLENBURG - 063,063,063,2713381.0093071354,2711419.051462314,0.9993249790845593,0.9992769324182297,0.9986028869923598,1,1,True,True
MECKLENBURG,MECKLENBURG - 064,064,064,1785502.6173172034,MECKLENBURG - 064,064,064,1785370.2782910925,1784042.6781806124,0.999182337162415,0.9992564006880685,0.9984399529290008,1,1,True,True
MECKLENBURG,MECKLENBURG - 065,065,065,1683276.6330845815,MECKLENBURG - 065,065,065,1683284.0375562168,1682087.0516099373,0.9992932941316578,0.9992888984154943,0.9985831969144778,1,1,True,True
MECKLENBURG,MECKLENBURG - 066,066,066,1989246.7323886214,MECKLENBURG - 066,066,066,1989248.3033338822,1987640.6446193792,0.9991926151024445,0.9991918260220161,0.9983857450860761,1,1,True,True
MECKLENBURG,MECKLENBURG - 067,067,067,2695483.107611914,MECKLENBURG - 067,067,067,2695479.4037815565,2694036.483703861,0.9994633155355461,0.9994646888877462,0.9989285787017955,1,1,True,True
MECKLENBURG,MECKLENBURG - 068,068,068,1985148.0431620283,MECKLENBURG - 068,068,068,1985152.4901711415,1983771.451481968,0.9993065546497643,0.9993043160684072,0.9986118348860696,1,1,True,True
MECKLENBURG,MECKLENBURG - 069,069,069,6236547.059301411,MECKLENBURG - 069,069,069,6236559.187630575,6231380.661062864,0.9991715931605387,0.99916965005672,0.9983426178123438,1,1,True,True
MECKLENBURG,MECKLENBURG - 070,070,070,3585074.4537358843,MECKLENBURG - 070,070,070,3585075.9929786106,3582883.4432978667,0.999388852179699,0.9993884230947857,0.9987780223455388,1,1,True,True
MECKLENBURG,MECKLENBURG - 071,071,071,3230916.8463553065,MECKLENBURG - 071,071,071,3230921.4330844884,3228159.346536045,0.9991465271468153,0.9991451087234249,0.9982930938778302,1,1,True,True
MECKLENBURG,MECKLENBURG - 072,072,072,1961443.4785286828,MECKLENBURG - 072,072,072,1961443.4007888103,1959859.5314139754,0.9991924584460137,0.9991924980480201,0.9983862596244899,1,1,True,True
MECKLENBURG,MECKLENBURG - 073,073,073,1375176.6694078601,MECKLENBURG - 073,073,073,1375176.6901714501,1373914.0088009038,0.9990818193508911,0.9990818042659021,0.9981653082091306,1,1,True,True
MECKLENBURG,MECKLENBURG - 074,074,074,3136209.1576207727,MECKLENBURG - 074,074,074,3136213.8916823226,3133864.211201217,0.9992522990968706,0.9992507907425137,0.9985042093703425,1,1,True,True
MECKLENBURG,MECKLENBURG - 075,075,075,3481072.8701161817,MECKLENBURG - 075,075,075,3481074.8848353717,3479169.577982295,0.9994532455352412,0.9994526670881523,0.998906510809586,1,1,True,True
MECKLENBURG,MECKLENBURG - 076,076,076,3411535.558063192,MECKLENBURG - 076,076,076,3411535.9207477914,3409112.654427281,0.9992897908889784,0.9992896846532459,0.9985804837709794,1,1,True,True
MECKLENBURG,MECKLENBURG - 077,077,077,8886209.472739566,MECKLENBURG - 077,077,077,8888060.555821365,8881811.351515839,0.9995050621710844,0.9992968989954245,0.9988026567324135,1,1,True,True
MECKLENBURG,MECKLENBURG - 078.1,078.1,078 1,10141761.270776274,MECKLENBURG - 078.1,078.1,078 1,10154649.159982758,10139322.73649772,0.9997595551489089,0.9984906988667382,0.9982509791882936,1,1,True,True
MECKLENBURG,MECKLENBURG - 079,079,079,8616959.483365295,MECKLENBURG - 079,079,079,8617880.412940187,8612614.01453328,0.9994957074081171,0.9993888986439171,0.9988852220562623,1,1,True,True
MECKLENBURG,MECKLENBURG - 080,080,080,6722114.559237264,MECKLENBURG - 080,080,080,6716245.518325227,6712068.486565019,0.998505518972681,0.9993780704191335,0.997885446350335,1,1,True,True
MECKLENBURG,MECKLENBURG - 081,081,081,10456115.378152661,MECKLENBURG - 081,081,081,10455509.335688377,10450871.295613172,0.9994984674183639,0.9995564022826344,0.9990553144482429,1,1,True,True
MECKLENBURG,MECKLENBURG - 082,082,082,3621674.4992233426,MECKLENBURG - 082,082,082,3616158.2970146975,3612585.482064161,0.9974903826500336,0.9990119860202232,0.9965073190840763,1,1,True,True
MECKLENBURG,MECKLENBURG - 083,083,083,4929095.864273122,MECKLENBURG - 083,083,083,4942601.076823185,4925795.902909305,0.9993305138600093,0.9965999331824122,0.9959349903844688,1,1,True,True
MECKLENBURG,MECKLENBURG - 084,084,084,3170271.438553836,MECKLENBURG - 084,084,084,3170259.870730213,3168310.2196886474,0.9993813719414248,0.9993850185407304,0.9987671509026966,1,1,True,True
MECKLENBURG,MECKLENBURG - 085,085,085,4283365.42319178,MECKLENBURG - 085,085,085,4283354.094927211,4281263.212677568,0.9995092152299615,0.9995118586501828,0.9990215527904154,1,1,True,True
MECKLENBURG,MECKLENBURG - 086,086,086,2935906.4812037707,MECKLENBURG - 086,086,086,2935904.1866952754,2933518.0675663315,0.9991864817041243,0.9991872626021799,0.9983750655854211,1,1,True,True
MECKLENBURG,MECKLENBURG - 087,087,087,4456222.060582589,MECKLENBURG - 087,087,087,4452035.561707894,4449333.90563258,0.9984542612876188,0.9993931638600213,0.997849299150488,1,1,True,True
MECKLENBURG,MECKLENBURG - 088,088,088,3365783.3644946776,MECKLENBURG - 088,088,088,3365784.81071334,3362692.1889177547,0.9990815880755929,0.9990811587877687,0.9981644330638252,1,1,True,True
MECKLENBURG,MECKLENBURG - 089,089,089,14725223.064184494,MECKLENBURG - 089,089,089,14683396.597512214,14676599.54661146,0.9966979435651947,0.9995370927390257,0.9962380876457642,1,1,True,True
MECKLENBURG,MECKLENBURG - 090,090,090,3225291.465782764,MECKLENBURG - 090,090,090,3225292.851974301,3222847.0335030598,0.9992421049986839,0.9992416755366124,0.9984849291251796,1,1,True,True
MECKLENBURG,MECKLENBURG - 091,091,091,7627202.109273925,MECKLENBURG - 091,091,091,7633029.165803187,7622776.395732813,0.9994197461300086,0.9986567888255546,0.998078092264586,1,1,True,True
MECKLENBURG,MECKLENBURG - 092,092,092,4477745.718593509,MECKLENBURG - 092,092,092,4477745.953548641,4474929.585828548,0.9993710824727571,0.9993710300340151,0.9987429031499734,1,1,True,True
MECKLENBURG,MECKLENBURG - 093,093,093,3793914.18805843,MECKLENBURG - 093,093,093,3793916.308454244,3791170.468384934,0.999276810297362,0.9992762518078769,0.9985541081629286,1,1,True,True
MECKLENBURG,MECKLENBURG - 094,094,094,2257206.131662963,MECKLENBURG - 094,094,094,2257207.2085464136,2255340.002255927,0.9991732569831089,0.9991727802908759,0.9983474039400135,1,1,True,True
MECKLENBURG,MECKLENBURG - 095,095,095,2201211.936846703,MECKLENBURG - 095,095,095,2201203.9213095256,2199299.52967857,0.9991312026179213,0.9991348408875165,0.9982675454991858,1,1,True,True
MECKLENBURG,MECKLENBURG - 096,096,096,2396130.903143836,MECKLENBURG - 096,096,096,2396351.8551596953,2394304.2304755417,0.9992376573976414,0.9991455241934757,0.9983844833453842,1,1,True,True
MECKLENBURG,MECKLENBURG - 097,097,097,1953579.137338803,MECKLENBURG - 097,097,097,1953577.9069289817,1952019.3664169253,0.9992015829345914,0.999202212255509,0.9984050681088803,1,1,True,True
MECKLENBURG,MECKLENBURG - 098,098,098,6073271.532832053,MECKLENBURG - 098,098,098,6070534.6437562965,6067787.687193439,0.9990970524520487,0.9995474934706645,0.9986453625485445,1,1,True,True
MECKLENBURG,MECKLENBURG - 099,099,099,4157133.490909702,MECKLENBURG - 099,099,099,4157139.4875223194,4155229.719618279,0.9995420471111678,0.9995406052864542,0.9990830729669901,1,1,True,True
MECKLENBURG,MECKLENBURG - 100,100,100,2865672.8387777223,MECKLENBURG - 100,100,100,2865671.0324440966,2862747.7224259917,0.9989792566994569,0.9989798863913518,0.9979612235161472,1,1,True,True
MECKLENBURG,MECKLENBURG - 101,101,101,2860609.369056764,MECKLENBURG - 101,101,101,2860610.1069530826,2857678.158793914,0.9989753196313496,0.9989750619449879,0.9979524798937706,1,1,True,True
MECKLENBURG,MECKLENBURG - 102,102,102,4154380.845070631,MECKLENBURG - 102,102,102,4154382.836188053,4151561.9144490547,0.9993214558975928,0.9993209769416469,0.9986433537083521,1,1,True,True
MECKLENBURG,MECKLENBURG - 103,103,103,4276490.718107188,MECKLENBURG - 103,103,103,4276531.413585923,4273569.902914606,0.9993170065399148,0.9993074970379247,0.9986254488776998,1,1,True,True
MECKLENBURG,MECKLENBURG - 104,104,104,3254190.558768008,MECKLENBURG - 104,104,104,3252907.7182090892,3250643.5027106297,0.9989100035805153,0.9993039410599369,0.9982154606900238,1,1,True,True
MECKLENBURG,MECKLENBURG - 105,105,105,5186742.862003301,MECKLENBURG - 105,105,105,5201234.317393598,5166983.195570215,0.996190351640942,0.9934148089216355,0.9896550755615153,1,1,True,True
MECKLENBURG,MECKLENBURG - 106,106,106,2112136.6098726895,MECKLENBURG - 106,106,106,2112136.7988521247,2110656.2889539697,0.9992991358078828,0.9992990463974873,0.9985991640637373,1,1,True,True
MECKLENBURG,MECKLENBURG - 107.1,107.1,107 1,3938164.7502958565,MECKLENBURG - 107.1,107.1,107 1,3916199.9632904236,3914499.597438989,0.9939908169522137,0.9995658123008597,0.9935618306818823,1,1,True,True
MECKLENBURG,MECKLENBURG - 108,108,108,2728138.4813935193,MECKLENBURG - 108,108,108,2728154.246298861,2726316.8738586437,0.9993322891974512,0.9993265144583705,0.9986597024402415,1,1,True,True
MECKLENBURG,MECKLENBURG - 109,109,109,1865998.1086380736,MECKLENBURG - 109,109,109,1865998.9083335665,1864027.0734059152,0.9989437099517764,0.9989432818428536,0.9978892218403239,1,1,True,True
MECKLENBURG,MECKLENBURG - 110,110,110,1990792.8909026033,MECKLENBURG - 110,110,110,1990797.300838838,1988674.3662309498,0.9989358387397631,0.9989336259362046,0.9978717318487571,1,1,True,True
MECKLENBURG,MECKLENBURG - 111,111,111,2310192.860331905,MECKLENBURG - 111,111,111,2310190.6837172676,2307833.038021088,0.9989785171829862,0.9989794584002105,0.997960058388044,1,1,True,True
MECKLENBURG,MECKLENBURG - 112,112,112,3081159.3599637114,MECKLENBURG - 112,112,112,3081203.254481564,3079055.7572383946,0.9993172690927153,0.9993030329174014,0.9986212530359899,1,1,True,True
MECKLENBURG,MECKLENBURG - 113,113,113,5145766.935858149,MECKLENBURG - 113,113,113,5146141.261643569,5142370.771315148,0.9993400080910515,0.9992673169785439,0.9986082915263459,1,1,True,True
MECKLENBURG,MECKLENBURG - 114,114,114,3247503.8257975946,MECKLENBURG - 114,114,114,3243282.200805022,3241075.557420152,0.9980205509455053,0.999319626462254,0.9973428673587388,1,1,True,True
MECKLENBURG,MECKLENBURG - 115,115,115,1484035.8148182111,MECKLENBURG - 115,115,115,1483982.8174954192,1482736.2991342053,0.9991243367100511,0.9991600183327475,0.9982858248641726,1,1,True,True
MECKLENBURG,MECKLENBURG - 116,116,116,2868478.7199519826,MECKLENBURG - 116,116,116,2848993.5697921375,2845938.721275491,0.992142176785307,0.9989277446783184,0.9910866975492865,1,1,True,True
MECKLENBURG,MECKLENBURG - 117,117,117,2018951.984128524,MECKLENBURG - 117,117,117,2018952.850639365,2017588.8208395282,0.999324816390032,0.9993243874915629,0.998650115590813,1,1,True,True
MECKLENBURG,MECKLENBURG - 118,118,118,3037478.956501322,MECKLENBURG - 118,118,118,3037487.882877654,3035294.991406775,0.9992809941646271,0.9992780575411543,0.9985600891200328,1,1,True,True
MECKLENBURG,MECKLENBURG - 119,119,119,2166886.3982299143,MECKLENBURG - 119,119,119,2166890.9789409083,2165370.651376853,0.999300495469306,0.9992983829925776,0.9985998593432676,1,1,True,True
MECKLENBURG,MECKLENBURG - 120,120,120,1817968.2325674829,MECKLENBURG - 120,120,120,1817969.6460848076,1816136.8529960644,0.9989926228970283,0.9989918461550278,0.9979864981893609,1,1,True,True
MECKLENBURG,MECKLENBURG - 121,121,121,7264269.193479114,MECKLENBURG - 121,121,121,7264274.969079435,7260838.5859919265,0.9995277422413988,0.9995269475478096,0.9990551363835051,1,1,True,True
MECKLENBURG,MECKLENBURG - 122,122,122,17123346.23260159,MECKLENBURG - 122,122,122,17007538.19658739,16991398.030215167,0.9922942513341695,0.9990509992577608,0.9913598129307122,1,1,True,True
MECKLENBURG,MECKLENBURG - 123,123,123,4245555.965421605,MECKLENBURG - 123,123,123,4245558.30954368,4242380.53280224,0.9992520572935023,0.9992515055712938,0.9985046816895681,1,1,True,True
MECKLENBURG,MECKLENBURG - 124,124,124,2808818.1374074863,MECKLENBURG - 124,124,124,2808766.626881678,2805660.6816037293,0.9988758774511933,0.9988941960331545,0.9977725568338514,1,1,True,True
MECKLENBURG,MECKLENBURG - 125,125,125,2573519.391191087,MECKLENBURG - 125,125,125,2573514.6604976454,2571540.63607305,0.999231109303155,0.9992329461126079,0.9984652340717837,1,1,True,True
MECKLENBURG,MECKLENBURG - 126,126,126,10098656.909953352,MECKLENBURG - 126,126,126,10087486.99972368,10080751.30877137,0.998226932418673,0.9993322726510087,0.997561570034193,1,1,True,True
MECKLENBURG,MECKLENBURG - 127,127,127,23511711.007961158,MECKLENBURG - 127,127,127,23736543.85324243,23446825.00018774,0.9972402685729062,0.9877943960651577,0.9851015311727589,1,1,True,True
MECKLENBURG,MECKLENBURG - 128,128,128,3173440.4189027566,MECKLENBURG - 128,128,128,3177442.0242007906,3171081.993953549,0.9992568239393562,0.9979983803956765,0.9972581753679606,1,1,True,True
MECKLENBURG,MECKLENBURG - 129,129,129,4136811.329210443,MECKLENBURG - 129,129,129,4145224.469408016,4134467.7253956916,0.9994334757792305,0.9974050273774774,0.9968414387429458,1,1,True,True
MECKLENBURG,MECKLENBURG - 130,130,130,1909172.6405445205,MECKLENBURG - 130,130,130,1909168.3968338878,1907350.6058239779,0.9990456417183817,0.9990478624028533,0.9980953197512917,1,1,True,True
MECKLENBURG,MECKLENBURG - 131,131,131,2417150.4889107384,MECKLENBURG - 131,131,131,2417142.866556474,2414483.1246422627,0.9988964839877729,0.9988996339641271,0.9977985438218141,1,1,True,True
MECKLENBURG,MECKLENBURG - 132,132,132,5323136.204227774,MECKLENBURG - 132,132,132,5325348.72821764,5318370.616422609,0.9991047405848116,0.9986896422842592,0.997796726504553,1,1,True,True
MECKLENBURG,MECKLENBURG - 133,133,133,10848663.645383297,MECKLENBURG - 133,133,133,10834105.269282999,10827245.491674352,0.9980257334535338,0.9993668348757793,0.9973950651464951,1,1,True,True
MECKLENBURG,MECKLENBURG - 134,134,134,14545655.10504428,MECKLENBURG - 134,134,134,14545673.092214612,14540170.770572964,0.999622957203941,0.9996217210708116,0.9992449634217542,1,1,True,True
MECKLENBURG,MECKLENBURG - 135,135,135,13429268.866015263,MECKLENBURG - 135,135,135,13428011.947425993,13422757.41959074,0.9995151302360918,0.9996086890705916,0.9991241986101895,1,1,True,True
MECKLENBURG,MECKLENBURG - 136,136,136,6822263.246450179,MECKLENBURG - 136,136,136,6824935.62032086,6814141.3052341435,0.9988094946027974,0.9984184004528076,0.9972316556486761,1,1,True,True
MECKLENBURG,MECKLENBURG - 137,137,137,9076323.402236989,MECKLENBURG - 137,137,137,9081057.66633324,9033698.692450652,0.9953037471344585,0.9947848614530701,0.9901373502540546,1,1,True,True
MECKLENBURG,MECKLENBURG - 138,138,138,8021088.123311873,MECKLENBURG - 138,138,138,8033634.072271892,8017373.046412881,0.9995368362942936,0.997975881685334,0.9975145906458397,1,1,True,True
MECKLENBURG,MECKLENBURG - 139.1,139.1,139 1,4212334.202182175,MECKLENBURG - 139.1,139.1,139 1,4220060.993395288,4175776.5149687817,0.9913212756968679,0.9895061994374454,0.9810078910736872,1,1,True,True
MECKLENBURG,MECKLENBURG - 140,140,140,7490416.803907762,MECKLENBURG - 140,140,140,7504080.825630792,7487377.93704277,0.9995942993635004,0.9977741592906393,0.997370262329406,1,1,True,True
MECKLENBURG,MECKLENBURG - 141,141,141,7372213.203433007,MECKLENBURG - 141,141,141,7350273.561318218,7332111.95899417,0.9945604876945008,0.9975291256614413,0.9921163881001678,1,1,True,True
MECKLENBURG,MECKLENBURG - 142,142,142,28873225.647020664,MECKLENBURG - 142,142,142,28862997.91553405,28844505.453321118,0.9990053001333951,0.9993593020978955,0.9983658757940951,1,1,True,True
MECKLENBURG,MECKLENBURG - 143,143,143,7434670.543537912,MECKLENBURG - 143,143,143,7434648.363278833,7431827.864126282,0.999617645543944,0.999620627766811,0.9992385633096329,1,1,True,True
MECKLENBURG,MECKLENBURG - 144,144,144,4541821.608735498,MECKLENBURG - 144,144,144,4528300.85416665,4526407.192741113,0.9966061159327047,0.999581816339832,0.9961907653999392,1,1,True,True
MECKLENBURG,MECKLENBURG - 145,145,145,10189549.026147837,MECKLENBURG - 145,145,145,10006315.01797383,10003773.70517213,0.9817680526882024,0.999746029102908,0.981523257004724,1,1,True,True
MECKLENBURG,MECKLENBURG - 146,146,146,5356820.908075198,MECKLENBURG - 146,146,146,5344134.625487686,5340476.280635999,0.9969488195107363,0.9993154467265402,0.9962684358343585,1,1,True,True
MECKLENBURG,MECKLENBURG - 147,147,147,6750668.218203223,MECKLENBURG - 147,147,147,6738847.058620951,6735541.102555101,0.9977591676617535,0.9995094181486697,0.9972707814335153,1,1,True,True
MECKLENBURG,MECKLENBURG - 148,148,148,12552454.55176158,MECKLENBURG - 148,148,148,12519949.314383747,12487348.750747219,0.9948133011957231,0.9973961105737804,0.9922363180967444,1,1,True,True
MECKLENBURG,MECKLENBURG - 149,149,149,9976921.517570231,MECKLENBURG - 149,149,149,9983674.278692083,9973088.109876197,0.9996157724918169,0.9989396520238566,0.9985562387571848,1,1,True,True
MECKLENBURG,MECKLENBURG - 150,150,150,10235894.301827379,MECKLENBURG - 150,150,150,10250759.680692274,10220844.481844513,0.9985297015053995,0.9970816603081518,0.9956199246803021,1,1,True,True
MECKLENBURG,MECKLENBURG - 151,151,151,7114899.441292011,MECKLENBURG - 151,151,151,7107610.702565096,7098930.639666792,0.9977555829485737,0.9987787650081663,0.996539820393803,1,1,True,True
MECKLENBURG,MECKLENBURG - 200,200,200,33839797.898949176,MECKLENBURG - 200,200,200,33886574.97440859,33745482.86735006,0.9972128961325136,0.9958363420568445,0.9930723668916253,1,1,True,True
MECKLENBURG,MECKLENBURG - 201,201,201,20701942.109292552,MECKLENBURG - 201,201,201,20771947.10746475,20695838.811347146,0.9997051823489224,0.9963360056847895,0.9960433441800872,1,1,True,True
MECKLENBURG,MECKLENBURG - 202,202,202,31090414.4454243,MECKLENBURG - 202,202,202,31054209.047532007,31019519.051891565,0.9977197025257678,0.998882921294587,0.9966077097227704,1,1,True,True
MECKLENBURG,MECKLENBURG - 203,203,203,16244524.312106183,MECKLENBURG - 203,203,203,16228321.869059054,16216962.5478168,0.9983033197057767,0.9993000310608879,0.9976057231701763,1,1,True,True
MECKLENBURG,MECKLENBURG - 204.1,204.1,204 1,6856347.013135865,MECKLENBURG - 204.1,204.1,204 1,6900856.283297405,6853580.363007947,0.9995964833573012,0.9931492675186001,0.9927512596067372,1,1,True,True
MECKLENBURG,MECKLENBURG - 205,205,205,15561320.98102039,MECKLENBURG - 205,205,205,15565939.2356522,15537502.05511389,0.9984693506460313,0.9981731150232696,0.9966480489367906,1,1,True,True
MECKLENBURG,MECKLENBURG - 206,206,206,12272612.59140024,MECKLENBURG - 206,206,206,12541152.66320115,12234975.552205399,0.996933249630872,0.9755862065299508,0.9726671517431361,1,1,True,True
MECKLENBURG,MECKLENBURG - 207,207,207,13092522.081604756,MECKLENBURG - 207,207,207,13092505.66816609,13087376.280178582,0.9996069663740798,0.9996082195327989,0.9992154937518732,1,1,True,True
MECKLENBURG,MECKLENBURG - 208,208,208,16873038.440048616,MECKLENBURG - 208,208,208,16434037.412467694,16398100.300999708,0.9718522457744404,0.9978132512074773,0.9697867414285148,1,1,True,True
MECKLENBURG,MECKLENBURG - 209,209,209,49540745.69049492,MECKLENBURG - 209,209,209,49665569.16505674,49508709.19686301,0.9993533304114546,0.9968416758162495,0.9961990832491421,1,1,True,True
MECKLENBURG,MECKLENBURG - 210,210,210,14714660.668466207,MECKLENBURG - 210,210,210,14714669.426313948,14709800.134382933,0.9996696808582416,0.9996690858768252,0.9993389852773515,1,1,True,True
MECKLENBURG,MECKLENBURG - 211,211,211,22874339.976798676,MECKLENBURG - 211,211,211,22832372.307529204,22811882.65272896,0.9972695463942101,0.9991026050852593,0.9963770431925172,1,1,True,True
MECKLENBURG,MECKLENBURG - 212,212,212,26167110.392920956,MECKLENBURG - 212,212,212,26184551.58630348,26144667.283195876,0.9991423160835079,0.9984768002241265,0.9976217260484992,1,1,True,True
MECKLENBURG,MECKLENBURG - 213,213,213,10063626.69842765,MECKLENBURG - 213,213,213,10061148.432380607,10057589.036981955,0.9994000511320003,0.9996462237464665,0.9990466991714565,1,1,True,True
MECKLENBURG,MECKLENBURG - 214,214,214,3792859.4548645183,MECKLENBURG - 214,214,214,3815663.41380131,3790340.342402426,0.9993358276276593,0.9933633896251723,0.9927080008172832,1,1,True,True
MECKLENBURG,MECKLENBURG - 215,215,215,6511731.554662575,MECKLENBURG - 215,215,215,6511731.111198122,6507965.9470096715,0.9994217194579824,0.9994217875209903,0.9988441753305521,1,1,True,True
MECKLENBURG,MECKLENBURG - 216,216,216,9923173.088974375,MECKLENBURG - 216,216,216,9923315.812032145,9919918.61713166,0.9996720331477105,0.9996576552671673,0.9993299128950908,1,1,True,True
MECKLENBURG,MECKLENBURG - 217,217,217,7841725.068342945,MECKLENBURG - 217,217,217,7841480.603817524,7837566.671498653,0.9994697089214363,0.9995008682012213,0.9989711062206045,1,1,True,True
MECKLENBURG,MECKLENBURG - 218,218,218,7674928.7033069525,MECKLENBURG - 218,218,218,7691889.1474660775,7674216.170265434,0.9999071609562691,0.9977023879489391,0.9976099750116079,1,1,True,True
MECKLENBURG,MECKLENBURG - 219,219,219,12215684.45797049,MECKLENBURG - 219,219,219,12212827.30767519,12208396.6535927,0.9994034059734545,0.9996372130735276,0.9990410517124569,1,1,True,True
MECKLENBURG,MECKLENBURG - 220,220,220,7953887.21143695,MECKLENBURG - 220,220,220,7953760.731838488,7949956.237513811,0.9995057795240689,0.9995216735261538,0.9990279256179008,1,1,True,True
MECKLENBURG,MECKLENBURG - 221,221,221,24134694.953573905,MECKLENBURG - 221,221,221,24168784.556213245,24131522.85687404,0.9998685669445598,0.9984582716912165,0.9983272435649435,1,1,True,True
MECKLENBURG,MECKLENBURG - 222,222,222,15476149.314071557,MECKLENBURG - 222,222,222,15474548.006761434,15449502.120580897,0.9982781767641365,0.9983814786596937,0.9966652197457422,1,1,True,True
MECKLENBURG,MECKLENBURG - 223.1,223.1,223 1,16954845.76952487,MECKLENBURG - 223.1,223.1,223 1,17052552.311692387,16936056.50940009,0.9988918058954831,0.9931684242825972,0.9920753116064163,1,1,True,True
MECKLENBURG,MECKLENBURG - 224,224,224,24652815.519327827,MECKLENBURG - 224,224,224,24647585.543805655,24620681.36741909,0.9986965321716076,0.9989084457648499,0.9976078201445071,1,1,True,True
MECKLENBURG,MECKLENBURG - 225,225,225,12934791.318766981,MECKLENBURG - 225,225,225,12954858.638027547,12912796.242849424,0.9982995414942919,0.9967531567612283,0.9950637132460818,1,1,True,True
MECKLENBURG,MECKLENBURG - 226,226,226,4952573.246274578,MECKLENBURG - 226,226,226,4952599.914917521,4948623.091671055,0.9992024035976662,0.9991970231161844,0.998400706592528,1,1,True,True
MECKLENBURG,MECKLENBURG - 227,227,227,11067535.128215652,MECKLENBURG - 227,227,227,11069503.730855256,11037680.867011018,0.9973025374793234,0.9971251770072099,0.9944431808494695,1,1,True,True
MECKLENBURG,MECKLENBURG - 228,228,228,9598662.24602149,MECKLENBURG - 228,228,228,9598565.523362072,9595213.612488842,0.9996407172745266,0.9996507904368551,0.9992917585524493,1,1,True,True
MECKLENBURG,MECKLENBURG - 229,229,229,31824424.229516666,MECKLENBURG - 229,229,229,31708000.33635608,31614732.226269998,0.9934109725997122,0.9970585306832124,0.9905080821599109,1,1,True,True
MECKLENBURG,MECKLENBURG - 230,230,230,23409041.22629947,MECKLENBURG - 230,230,230,23507351.500126176,23383639.822880104,0.9989148892014071,0.9947373196318859,0.9936635938312609,1,1,True,True
MECKLENBURG,MECKLENBURG - 231,231,231,5289038.416667658,MECKLENBURG - 231,231,231,5295976.4629372,5278184.684019745,0.9979478816766184,0.996640510198267,0.9946021428028359,1,1,True,True
MECKLENBURG,MECKLENBURG - 232,232,232,4886912.948333708,MECKLENBURG - 232,232,232,4892764.140142289,4884441.589958621,0.9994942904853812,0.9982990085061763,0.9977950175099802,1,1,True,True
MECKLENBURG,MECKLENBURG - 233,233,233,5710772.869080893,MECKLENBURG - 233,233,233,5705062.488869431,5701363.481885346,0.9983523443479093,0.9993516272624002,0.9977061057497654,1,1,True,True
MECKLENBURG,MECKLENBURG - 234,234,234,7182349.020875836,MECKLENBURG - 234,234,234,7168908.468419055,7166120.001734784,0.9977404301720953,0.9996110332979483,0.9973532189386427,1,1,True,True
MECKLENBURG,MECKLENBURG - 235,235,235,6505365.56243616,MECKLENBURG - 235,235,235,6505367.074393473,6502369.102668372,0.9995393864127959,0.9995391541029405,0.99907896486399,1,1,True,True
MECKLENBURG,MECKLENBURG - 236,236,236,35488308.187655635,MECKLENBURG - 236,236,236,35607356.206251174,35480806.298527524,0.9997886095587188,0.9964459616998627,0.9962360710102297,1,1,True,True
MECKLENBURG,MECKLENBURG - 237,237,237,7212804.740867028,MECKLENBURG - 237,237,237,7198822.466879976,7168815.322153899,0.9939012048303638,0.9958316592937063,0.9897834481126873,1,1,True,True
MECKLENBURG,MECKLENBURG - 238.1,238.1,238 1,3573405.047787914,MECKLENBURG - 238.1,238.1,238 1,3573401.4831005633,3570982.7767958096,0.9993221392594148,0.9993231361445971,0.9986461924217274,1,1,True,True
MECKLENBURG,MECKLENBURG - 239,239,239,8008167.540985852,MECKLENBURG - 239,239,239,8105888.566997453,7999188.756710128,0.998878796649824,0.986836753379297,0.9857448569945017,1,1,True,True
MECKLENBURG,MECKLENBURG - 240,240,240,11124243.189037833,MECKLENBURG - 240,240,240,11129624.665126475,11120500.023246089,0.999663512768632,0.9991801482839779,0.9988442124730311,1,1,True,True
MECKLENBURG,MECKLENBURG - 241,241,241,36042974.3746111,MECKLENBURG - 241,241,241,36151897.29271704,36028711.86976453,0.9996042916797505,0.9965925599435322,0.9961995432036899,1,1,True,True
MECKLENBURG,MECKLENBURG - 242,242,242,17607740.282101102,MECKLENBURG - 242,242,242,17658870.14291605,17593779.204552457,0.999207105663477,0.9963139805753821,0.9955269184135763,1,1,True,True
MECKLENBURG,MECKLENBURG - 243,243,243,32269399.102054156,MECKLENBURG - 243,243,243,32303081.326982707,32105910.600834973,0.9949336366412607,0.9938962254358368,0.9888913664339856,1,1,True,True
MITCHELL,MITCHELL - 01,01,01 BAKERSVILLE,43812575.596262,MITCHELL - 01,01,BAKERSVILLE,43829635.49238212,43778451.74319556,0.9992211402182585,0.9988322113882182,0.9980551689247347,1,1,True,True
MITCHELL,MITCHELL - 02,02,02 BRADSHAW,57100588.42627766,MITCHELL - 02,02,BRADSHAW,57088308.21310427,56983267.87358601,0.9979453705132456,0.9981600376188035,0.9961129543192283,1,1,True,True
MITCHELL,MITCHELL - 03,03,03 CANE CREEK,46651177.5853158,MITCHELL - 03,03,CANE CREEK,46337647.00160581,46328455.46350085,0.9930822298917373,0.9998016399472196,0.9928866044963776,1,1,True,True
MITCHELL,MITCHELL - 04,04,04 GRASSY CREEK,147316802.2033722,MITCHELL - 04,04,GRASSY CREEK,147377903.48154777,147051004.72227734,0.9981957422566916,0.9977819011429256,0.9959856313781024,1,1,True,True
MITCHELL,MITCHELL - 05,05,05 HARRELL,93105768.88893563,MITCHELL - 05,05,HARRELL,93048516.33887231,92913267.66735388,0.9979324458207163,0.9985464714877789,0.9964849172426966,1,1,True,True
MITCHELL,MITCHELL - 06,06,06 LITTLE ROCK CREEK,59394439.023487836,MITCHELL - 06,06,LITTLE ROCK CREEK,59154545.77282183,59144895.75586598,0.9957985415516228,0.9998368677025616,0.9956367770507981,1,1,True,True
MITCHELL,MITCHELL - 07,07,07 POPLAR,46812832.118318714,MITCHELL - 07,07,POPLAR,46878929.81625773,46685646.58190147,0.9972831052798561,0.9958769699924073,0.9931824025795555,1,1,True,True
MITCHELL,MITCHELL - 08,08,08 RED HILL,24133575.788493443,MITCHELL - 08,08,RED HILL,24050556.716742467,23990818.90003438,0.9940847187457762,0.9975161565941423,0.9916301376292822,1,1,True,True
MITCHELL,MITCHELL - 09,09,09 SNOW CREEK,56874280.81878538,MITCHELL - 09,09,SNOW CREEK,56902441.92765731,56820780.45185815,0.9990593223130558,0.9985648862679217,0.9976269053362805,1,1,True,True
MONTGOMERY,MONTGOMERY - BIS,BIS,BIS BISCOE,48569679.83608223,MONTGOMERY - BIS,BIS,BISCOE,48465736.89390422,48443670.1014635,0.9974055885267517,0.9995446929345358,0.9969526403693312,1,1,True,True
MONTGOMERY,MONTGOMERY - CAN,CAN,CAN CANDOR,104944465.87740657,MONTGOMERY - CAN,CAN,CANDOR,104956002.24910115,104901118.1139239,0.9995869456943705,0.9994770748313472,0.9990644523166275,1,1,True,True
MONTGOMERY,MONTGOMERY - CHE,CHE,CHE CHEEKS CREEK,155389411.76936954,MONTGOMERY - CHE,CHE,CHEEKS CREEK,155370611.44284323,155282786.00856248,0.9993138157896799,0.9994347358650059,0.9987493269202286,1,1,True,True
MONTGOMERY,MONTGOMERY - ELD,ELD,ELD ELDORADO,127288896.73742211,MONTGOMERY - ELD,ELD,ELDORADO,127014000.84868044,127004222.10703751,0.9977635548922085,0.9999230105218513,0.9976869093812689,1,1,True,True
MONTGOMERY,MONTGOMERY - LIT,LIT,LIT LITTLE RIVER,95008230.5072205,MONTGOMERY - LIT,LIT,LITTLE RIVER,95008269.34144382,94996077.57069929,0.999872085434532,0.999871676741098,0.9997437950002521,1,1,True,True
MONTGOMERY,MONTGOMERY - MTG,MTG,MTG MT GILEAD,122619581.46819457,MONTGOMERY - MTG,MTG,MT GILEAD,122564177.97649224,122477921.85180402,0.9988447227213273,0.999296237072591,0.9981425843664017,1,1,True,True
MONTGOMERY,MONTGOMERY - OPH,OPH,OPH OPHIR,91658444.75665589,MONTGOMERY - OPH,OPH,OPHIR,91658462.01173426,91644509.25287062,0.999847962685574,0.9998477744601273,0.9996957834265849,1,1,True,True
MONTGOMERY,MONTGOMERY - PEE,PEE,PEE PEE DEE,82436014.62759389,MONTGOMERY - PEE,PEE,PEE DEE,82425533.62772349,82414142.6846692,0.9997346797631654,0.9998618032234315,0.9995965563046069,1,1,True,True
MONTGOMERY,MONTGOMERY - ROC,ROC,ROC ROCKY SPRINGS,95469130.54349434,MONTGOMERY - ROC,ROC,ROCKY SPRINGS,95185298.81726755,94950182.5541131,0.9945642325804485,0.9975299099117626,0.9921208903711545,1,1,True,True
MONTGOMERY,MONTGOMERY - STA,STA,STA STAR,72763410.61780149,MONTGOMERY - STA,STA,STAR,72820197.60795304,72609775.34980895,0.9978885642290803,0.9971103860596896,0.9950111223189341,1,1,True,True
MONTGOMERY,MONTGOMERY - T1,T1,T1 TROY 1,69788267.33995876,MONTGOMERY - T1,T1,TROY 1,69788301.17816927,69780017.58587456,0.9998817888106605,0.9998813039985949,0.9997631208683224,1,1,True,True
MONTGOMERY,MONTGOMERY - T2,T2,T2 TROY 2,63413058.56311675,MONTGOMERY - T2,T2,TROY 2,63413080.11023478,63403015.49848457,0.999841624661233,0.9998412849252438,0.9996829598516151,1,1,True,True
MONTGOMERY,MONTGOMERY - UWH,UWH,UWH UWHARRIE,109326416.9085977,MONTGOMERY - UWH,UWH,UWHARRIE,109327452.06610908,109311918.85049959,0.9998673874210089,0.9998579202632464,0.999725345362201,1,1,True,True
MONTGOMERY,MONTGOMERY - WAD,WAD,WAD WADEVILLE,60965873.52339954,MONTGOMERY - WAD,WAD,WADEVILLE,60965899.77574727,60952911.54403177,0.9997873895899679,0.9997869590744453,0.9995744392345748,1,1,True,True
MOORE,MOORE - BEN,BEN,BEN BENSALEM,252725067.76192647,MOORE - BEN,BEN,BENSALEM,252888705.92391136,252611256.2683005,0.9995496628227906,0.9989028784239407,0.998453528631926,1,1,True,True
MOORE,MOORE - CAM,CAM,CAM CAMERON,115459669.57761928,MOORE - CAM,CAM,CAMERON,115244582.02609392,115213285.73758961,0.9978660614487205,0.9997284359233719,0.9975956549808764,1,1,True,True
MOORE,MOORE - CAR,CAR,CAR CARTHAGE,332413893.08537,MOORE - CAR,CAR,CARTHAGE,332194900.6857912,332088100.09186804,0.9990199176379843,0.9996785002006272,0.9986990476212517,1,1,True,True
MOORE,MOORE - DHR,DHR,DHR DEEP RIVER/HIGH FALLS/RITTER,174524187.91206306,MOORE - DHR,DHR,DEEP RIVER/HIGH FALLS/RITTER,174196024.20340776,174191551.88131455,0.9980940405182339,0.9999743259232599,0.9980684642144766,1,1,True,True
MOORE,MOORE - EAB,EAB,EAB EAST ABERDEEN,25960268.722190626,MOORE - EAB,EAB,EAST ABERDEEN,25888028.19612396,25800301.995369893,0.9938380172974097,0.9966113216468451,0.990490902339795,1,1,True,True
MOORE,MOORE - EKWD,EKWD,EKWD EAST KNOLLWOOD,22344700.52444296,MOORE - EKWD,EKWD,EAST KNOLLWOOD,22348940.104924668,22310150.7410167,0.998453781764116,0.99826437568288,0.9967235159619862,1,1,True,True
MOORE,MOORE - EUR,EUR,EUR EUREKA,37555941.346712865,MOORE - EUR-WP,EUR-WP,EUREKA/WHISPERING PINES,37386406.957515374,37356249.696692966,0.9946828213364068,0.99919336295524,0.9938847361296436,1,1,True,True
MOORE,MOORE - EWD,EWD,EWD EASTWOOD,55173708.20612149,MOORE - EWD,EWD,EASTWOOD,55172983.77182963,55153804.95174797,0.9996392619778398,0.9996523874771578,0.999291900160312,1,1,True,True
MOORE,MOORE - LTR,LTR,LTR LITTLE RIVER,87799765.29875001,MOORE - LTR,LTR,LITTLE RIVER,87864566.58176713,87655242.68839276,0.9983539522017457,0.9976176529229269,0.9959794322725104,1,1,True,True
MOORE,MOORE - NSP,NSP,NSP NORTH SOUTHERN PINES,31956263.42258905,MOORE - NSP,NSP,NORTH SOUTHERN PINES,31955065.119341522,31947579.54564968,0.9997282574365929,0.9997657468803808,0.9994941315978583,1,1,True,True
MOORE,MOORE - PBF,PBF,PBF PINEBLUFF,91448131.9522795,MOORE - PBF,PBF,PINEBLUFF,91351176.73486924,90859408.48105316,0.9935622143541046,0.9946167277599132,0.9882478475327865,1,1,True,True
MOORE,MOORE - PDN,PDN,PDN PINEDENE,18688146.632540487,MOORE - PDN,PDN,PINEDENE,18742707.899227247,18623565.61115482,0.9965442789670103,0.9936432724282419,0.990231270959169,1,1,True,True
MOORE,MOORE - PHA1,PHA1,PHA1 PINEHURST A1,10128838.0402538,MOORE - PHA1,PHA1,PINEHURST A1,10378533.514455335,10124443.919575324,0.9995661772198339,0.9755177747871496,0.9751049294917717,1,1,True,True
MOORE,MOORE - PHA2,PHA2,PHA2 PINEHURST A2,26908213.34768405,MOORE - PHA2,PHA2,PINEHURST A2,26904931.103712022,26898222.60430337,0.9996287102658363,0.9997506591121609,0.9993795544759815,1,1,True,True
MOORE,MOORE - PHB1,PHB1,PHB1 PINEHURST B1,7043366.6608096305,MOORE - PHB1A,PHB1A,PINEHURST B1,6833158.27419734,6735462.433292822,0.9562845096181014,0.9857026813979376,0.9432017198667613,1,1,True,True
MOORE,MOORE - PHB2,PHB2,PHB2 PINEHURST B2,13822739.51680221,MOORE - PHB2,PHB2,PINEHURST B2,13894584.4370239,13788949.972279364,0.9975555102892756,0.9923974361936971,0.989989929229923,1,1,True,True
MOORE,MOORE - PHC,PHC,PHC PINEHURST C,10706492.95981155,MOORE - PHC,PHC,PINEHURST C,11397670.187115522,10699633.56049807,0.999359323418114,0.9387562005955791,0.9381915737436698,1,1,True,True
MOORE,MOORE - RBN,RBN,RBN ROBBINS,55171767.32898022,MOORE - RBN,RBN,ROBBINS,55293637.48413536,55160804.5008325,0.9998012964115803,0.9975976805045431,0.9973999303739901,1,1,True,True
MOORE,MOORE - SLS,SLS,SLS SEVEN LAKES,26430414.52732296,MOORE - SLS,SLS,SEVEN LAKES,26452523.176286116,26421096.130569816,0.9996474366021195,0.9988119452535071,0.9984602189399032,1,1,True,True
MOORE,MOORE - SSP,SSP,SSP SOUTH SOUTHERN PINES,14181305.28410516,MOORE - SSP,SSP,SOUTH SOUTHERN PINES,14124567.07185586,14107341.005056415,0.9947843814397221,0.9987804180679088,0.9935774804031138,1,1,True,True
MOORE,MOORE - TLT,TLT,TLT TAYLORTOWN,4465011.231329593,MOORE - TLT,TLT,TAYLORTOWN,4220424.625108846,4215990.170548714,0.9442283461610184,0.9989492871087543,0.943291510143823,1,1,True,True
MOORE,MOORE - VSS,VSS,VSS VASS,65013724.35424183,MOORE - VSS,VSS,VASS,65013762.053331666,65003110.884737425,0.9998367503229537,0.9998361705543897,0.9996729743588053,1,1,True,True
MOORE,MOORE - WAB,WAB,WAB WEST ABERDEEN,74221606.12702088,MOORE - WAB,WAB,WEST ABERDEEN,50738328.44066092,50699515.30971135,0.6830829721327446,0.999235033314214,0.6827259503287778,1,1,True,True
MOORE,MOORE - WEM,WEM,WEM WESTMOORE,137137009.2988545,MOORE - WEM,WEM,WESTMOORE,136976712.79595226,136862139.04108387,0.9979956522373066,0.9991635530410263,0.9971625535824485,1,1,True,True
MOORE,MOORE - WKWD,WKWD,WKWD WEST KNOLLWOOD,18560539.68777614,MOORE - WKWD1,WKWD1,WEST KNOLLWOOD,18997783.69585998,18532365.46633921,0.9984820365188256,0.9755014460122421,0.9740568935817436,1,1,True,True
MOORE,MOORE - WND,WND,WND WEST END,118309873.01663888,MOORE - WND,WND,WEST END,141236113.23809075,118144648.89249153,0.9986034629238076,0.8365045326143147,0.8355270968182696,1,1,True,True
NASH,NASH - 0001,0001,0001 BAILEY,82219769.88303535,NASH - P01A,P01A,BAILEY,82177200.57566449,82153338.23940219,0.9991920234789314,0.9997096233980333,0.9989021158543353,1,1,True,True
NASH,NASH - 0002,0002,0002 SOUTH WHITAKERS,52026015.98359554,NASH - P16A,P16A,ROCKY MOUNT BATTLEBORO,61022283.645586446,51946801.35247669,0.998477403475526,0.8512759314970973,0.8501723004766515,1,1,True,True
NASH,NASH - 0003,0003,0003 CASTALIA,84076918.34209093,NASH - P09A,P09A,CASTALIA,84224267.27101865,84031624.31929916,0.9994612787470697,0.9977127381696346,0.9971764778306881,1,1,True,True
NASH,NASH - 0004,0004,0004 COOPERS,80411302.19014993,NASH - P05A,P05A,COOPERS,80383983.70803323,80369246.42355865,0.9994769918475909,0.9998166639199159,0.9992938474723254,1,1,True,True
NASH,NASH - 0005,0005,0005 DRYWELLS,82119661.3190091,NASH - P02A,P02A,MIDDLESEX,82257453.47648591,81731346.15741003,0.9952713496943127,0.9936041380222611,0.9889356406777543,1,1,True,True
NASH,NASH - 0006,0006,0006 FERRELLS,79813806.47055449,NASH - P03A,P03A,SAMARIA,77627341.25990017,77520240.42929259,0.9712635427041303,0.9986203207675373,0.9699619667376502,1,1,True,True
NASH,NASH - 0007,0007,0007 GRIFFINS,153619250.62672102,NASH - P10A,P10A,GRIFFINS,153786585.59395394,153583139.8016214,0.9997649329432848,0.9986770901275506,0.9984426445316005,1,1,True,True
NASH,NASH - 0008,0008,0008 JACKSONS,105033069.21054688,NASH - P04A,P04A,STANHOPE,107320303.10349749,105001816.6036347,0.9997024498365412,0.9783965714518446,0.9781117367957518,1,1,True,True
NASH,NASH - 0011,0011,0011 MANNINGS 1,115372645.40981399,NASH - P06A,P06A,SPRING HOPE,114856183.94098076,114836585.25874658,0.9953536633474662,0.9998293632823092,0.9951846084832329,1,1,True,True
NASH,NASH - 0012,0012,0012 MANNINGS 2,45954396.77323104,NASH - P07A,P07A,MOMEYER,45954440.04449277,45945929.24120536,0.9998157405467106,0.999814799108004,0.9996306078921393,1,1,True,True
NASH,NASH - 0015,0015,0015 NASHVILLE,117316705.6488569,NASH - P08A,P08A,NASHVILLE,117316775.93024121,117299754.00246322,0.9998555052641488,0.999854906277103,0.9997104534657396,1,1,True,True
NASH,NASH - 0021,0021,0021 NORTH WHITAKERS 1,71173639.5455325,NASH - P13A,P13A,WHITAKERS,71208276.79471356,71109639.10732765,0.9991007845234063,0.9986148002475855,0.9977180731147507,1,1,True,True
NASH,NASH - 0022,0022,0022 NORTH WHITAKERS 2,67246792.15306507,NASH - P12A,P12A,SALEM,67236186.6141063,67222591.88799822,0.999640127591339,0.9997978064076403,0.9994380794858818,1,1,True,True
NASH,NASH - 0025,0025,0025 OAK LEVEL,59848554.55966508,NASH - P15A,P15A,OAK LEVEL,59843575.465661004,59806682.74821031,0.999300370547579,0.9993835141506232,0.9986847467542327,1,1,True,True
NASH,NASH - 0026,0026,0026 RED OAK,62491446.910808384,NASH - P11A,P11A,RED OAK,62203404.73577956,62139223.46630166,0.9943636535571109,0.9989682032719829,0.9933434492451336,1,1,True,True
NASH,NASH - 0031,0031,0031 ROCKY MOUNT 1,9123986.679117512,NASH - P21A,P21A,ROCKY MOUNT DOWNTOWN,12912227.827348944,9119914.590168918,0.999553694115105,0.7063006254313714,0.7060779518336815,1,1,True,True
NASH,NASH - 0032,0032,0032 ROCKY MOUNT 2,3742038.7941174097,NASH - P21A,P21A,ROCKY MOUNT DOWNTOWN,12912227.827348944,3739252.3493407043,0.9992553672128985,0.2895900226776299,0.28952754294752087,1,2,True,False
NASH,NASH - 0033,0033,0033 ROCKY MOUNT 3,2638692.3498396855,NASH - P22A,P22A,ROCKY MOUNT EDWARDS,2647825.873711446,2637183.7499087164,0.9994282774454322,0.9959808067787281,0.9954136694122303,1,1,True,True
NASH,NASH - 0034,0034,0034 ROCKY MOUNT 4,6946440.686624774,NASH - P23A,P23A,ROCKY MOUNT SOUTH,6948322.856755869,6907948.994371421,0.9944587891857383,0.9941894089815942,0.9887122301465714,1,1,True,True
NASH,NASH - 0035,0035,0035 ROCKY MOUNT 5,49026932.825179055,NASH - P24A,P24A,SHARPSBURG,49092609.686148964,48988507.364403956,0.9992162377174987,0.9978794706084981,0.9970990274865189,1,1,True,True
NASH,NASH - 0036,0036,0036 ROCKY MOUNT 6,7947080.876759644,NASH - P20A,P20A,ROCKY MOUNT SUNSET,7953854.908420511,7935767.284135326,0.9985763838571968,0.9977259298172467,0.9963087765305094,1,1,True,True
NASH,NASH - 0037,0037,0037 ROCKY MOUNT 7,8578504.894808967,NASH - P19A,P19A,ROCKY MOUNT WINSTEAD,12379985.844354114,8576612.573371513,0.9997794112772962,0.6927804830473916,0.6926746054622656,1,1,True,True
NASH,NASH - 0038,0038,0038 ROCKY MOUNT 8,10755212.865235586,NASH - P18A,P18A,ROCKY MOUNT HUNTER HILL,10647100.230458654,10636859.112157293,0.988995684738063,0.9990381307511256,0.9880548584782111,1,1,True,True
NASH,NASH - 0039,0039,0039 ROCKY MOUNT 9,3800795.133767164,NASH - P19A,P19A,ROCKY MOUNT WINSTEAD,12379985.844354114,3798363.889087041,0.9993603326160563,0.30681488144183,0.306754639403226,1,2,True,False
NASH,NASH - 0040A,0040A,0040A ROCKY MOUNT 10,6561541.959500562,NASH - P17A,P17A,ROCKY MOUNT BENVENUE,6563299.683976789,6557362.319118387,0.9993630094255325,0.9990953689235161,0.9984595299443042,1,1,True,True
NASH,NASH - 0041,0041,0041 STONY CREEK,28891511.76938193,NASH - P14A,P14A,DORTCHES,29354858.229383677,28832937.09024197,0.9979725990246715,0.9822202807091306,0.9802642615675967,1,1,True,True
NASH,NASH - 0042,0042,0042 ROCKY MOUNT 11,9027797.289934935,NASH - P16A,P16A,ROCKY MOUNT BATTLEBORO,61022283.645586446,9024290.292715264,0.9996115334552781,0.14788516183903852,0.14787666325432644,1,2,True,False
NORTHAMPTON,NORTHAMPTON - CONWAY,CONWAY,CONWAY CONWAY,36331880.06089377,NORTHAMPTON - COMIPE,COMIPE,CONWAY/MILWAUKEE/PENDLETON,99154188.48158483,36327862.08870662,0.9998894091860808,0.366377483846318,0.36636263792894275,1,2,True,False
NORTHAMPTON,NORTHAMPTON - CREEKS,CREEKS,CREEKS CREEKSVILLE,80185732.63577205,NORTHAMPTON - CREEKS,CREEKS,CREEKSVILLE,80185766.91066472,80172945.21610506,0.9998405274947717,0.9998401001193398,0.9996806786052379,1,1,True,True
NORTHAMPTON,NORTHAMPTON - GALATI,GALATI,GALATI GALATIA,142979663.86326778,NORTHAMPTON - GALATI,GALATI,GALATIA,142969063.6364865,142928890.27578956,0.999644889447168,0.9997190066181094,0.9993640955692547,1,1,True,True
NORTHAMPTON,NORTHAMPTON - GARYSB,GARYSB,GARYSB GARYSBURG,189430699.13741195,NORTHAMPTON - GAPL,GAPL,GARYSBURG/PLEASA PLEASANT HILL,248426160.63864738,189155053.93826273,0.9985448757756562,0.7614135864435048,0.7605696842492158,1,1,True,True
NORTHAMPTON,NORTHAMPTON - GASTON,GASTON,GASTON GASTON,117225438.44101335,NORTHAMPTON - GASTON,GASTON,GASTON,117385319.90518032,117154336.69086868,0.9993934614270567,0.9980322648990673,0.997428110271035,1,1,True,True
NORTHAMPTON,NORTHAMPTON - JACKSO,JACKSO,JACKSO JACKSON,31928107.3692508,NORTHAMPTON - JARE,JARE,JACKSON/REHOBOTH,143493599.28695217,31651177.074618276,0.9913264418892793,0.22057553251085193,0.22015066068639158,1,2,True,False
NORTHAMPTON,NORTHAMPTON - LAKE G,LAKE G,LAKE G LAKE GASTON,61076666.204997465,NORTHAMPTON - LAKE G,LAKE G,LAKE GASTON,61315156.268663794,60936980.30082189,0.9977129415723718,0.9938322595773083,0.9915732942481407,1,1,True,True
NORTHAMPTON,NORTHAMPTON - LASKER,LASKER,LASKER LASKER,34715183.08723374,NORTHAMPTON - LASKER,LASKER,LASKER,34715197.94526333,34705003.427091174,0.9997067663414886,0.9997063384691559,0.9994132769830109,1,1,True,True
NORTHAMPTON,NORTHAMPTON - MILWAU,MILWAU,MILWAU MILWAUKEE,23332534.832223993,NORTHAMPTON - COMIPE,COMIPE,CONWAY/MILWAUKEE/PENDLETON,99154188.48158483,23326376.24732977,0.9997360516146871,0.2352535642169267,0.23523895324500335,1,3,True,False
NORTHAMPTON,NORTHAMPTON - NEWTOW,NEWTOW,NEWTOW NEWTOWN,46978944.30274109,NORTHAMPTON - NEWTOW,NEWTOW,NEWTOWN,47082565.63075989,46923032.195102826,0.9988098475078973,0.9966116239945761,0.9954295184394589,1,1,True,True
NORTHAMPTON,NORTHAMPTON - PENDLE,PENDLE,PENDLE PENDLETON,39489732.21873399,NORTHAMPTON - COMIPE,COMIPE,CONWAY/MILWAUKEE/PENDLETON,99154188.48158483,39486897.81904023,0.9999282243881003,0.3982373152736139,0.3982259316752398,1,1,True,True
NORTHAMPTON,NORTHAMPTON - PLEASA,PLEASA,PLEASA PLEASANT HILL,58902767.92693962,NORTHAMPTON - GAPL,GAPL,GARYSBURG/PLEASA PLEASANT HILL,248426160.63864738,58893442.694075964,0.9998416843012331,0.23706618716271372,0.23705728868594567,1,2,True,False
NORTHAMPTON,NORTHAMPTON - POTECA,POTECA,POTECA POTECASI,23705237.176574197,NORTHAMPTON - WOPO,WOPO,WOODLAND/POTECASI,78969879.4353774,23703153.537668996,0.9999121021700952,0.30015435894220593,0.30014643950756714,1,2,True,False
NORTHAMPTON,NORTHAMPTON - REHOBE,REHOBE,REHOBE REHOBOTH,112005798.55815971,NORTHAMPTON - JARE,JARE,JACKSON/REHOBOTH,143493599.28695217,111825095.03306338,0.9983866591960192,0.7793037152092094,0.7783235613076227,1,1,True,True
NORTHAMPTON,NORTHAMPTON - RICH S,RICH S,RICH S RICH SQUARE,175994232.41770247,NORTHAMPTON - RICH S,RICH S,RICH SQUARE,175753726.72930026,175555730.0145794,0.997508427423449,0.9988734422967552,0.9963874733807611,1,1,True,True
NORTHAMPTON,NORTHAMPTON - SEABOA,SEABOA,SEABOA SEABOARD,123145966.93658009,NORTHAMPTON - SEABOA,SEABOA,SEABOARD,123146991.71089129,123118847.06585708,0.9997797745927239,0.9997714548715873,0.9995513301046172,1,1,True,True
NORTHAMPTON,NORTHAMPTON - SEVERN,SEVERN,SEVERN SEVERN,73314536.13248442,NORTHAMPTON - SEVERN,SEVERN,SEVERN,73327032.15020487,73109809.09930085,0.9972075519537679,0.9970376129438997,0.9942616620522401,1,1,True,True
NORTHAMPTON,NORTHAMPTON - WOODLA,WOODLA,WOODLA WOODLAND,55316031.04525668,NORTHAMPTON - WOPO,WOPO,WOODLAND/POTECASI,78969879.4353774,55221346.09097971,0.9982882908898597,0.6992709940271394,0.6984335715660432,1,1,True,True
ONSLOW,ONSLOW - BC21,BC21,BC21 BEAR CREEK,35645203.975065574,ONSLOW - BC21,BC21,BEAR CREEK,35590779.461467154,35581935.67887039,0.9982250544494164,0.9997515147819018,0.9979774504347416,1,1,True,True
ONSLOW,ONSLOW - BM08,BM08,BM08 BRYNN MARR,15286088.770493643,ONSLOW - BM08,BM08,BRYNN MARR,15352754.658863591,15283180.647419292,0.9998097536185997,0.9954683043538294,0.9952797781803396,1,1,True,True
ONSLOW,ONSLOW - CL10,CL10,CL10 CATHERINE LAKE,75911993.92777096,ONSLOW - CL10,CL10,CATHERINE LAKE,77641687.3690336,75849382.47848144,0.9991752100550924,0.9769156885780538,0.9761285235430982,1,1,True,True
ONSLOW,ONSLOW - CR07,CR07,CR07 CROSS ROADS,64360149.21840534,ONSLOW - CR07,CR07,CROSS ROADS,64365143.821774535,64348938.21246517,0.9998258082668184,0.9997482238312985,0.9995741197940934,1,1,True,True
ONSLOW,ONSLOW - EN03,EN03,EN03 EAST NORTHWOODS,53627088.65710198,ONSLOW - EN03,EN03,EAST NORTHWOODS,53879463.61066799,53533389.936974,0.9982527725730721,0.9935768908875056,0.9918520172835779,1,1,True,True
ONSLOW,ONSLOW - FS16,FS16,FS16 FOLKSTONE,188270107.00189522,ONSLOW - FS16,FS16,FOLKSTONE,188070567.17519268,187994180.2172435,0.9985344100078036,0.9995938388494462,0.9981294382752034,1,1,True,True
ONSLOW,ONSLOW - GB12,GB12,GB12 GUM BRANCH,126121713.17968696,ONSLOW - GB12,GB12,GUM BRANCH,126254972.94854349,126105109.91030474,0.999868355186719,0.9988130127888125,0.9986816802909494,1,1,True,True
ONSLOW,ONSLOW - HM05,HM05,HM05 HALF MOON,46528109.30184684,ONSLOW - HM05,HM05,HALF MOON,46253687.15382094,46189165.61005148,0.9927152919626179,0.9986050508026553,0.9913405783652423,1,1,True,True
ONSLOW,ONSLOW - HN14,HN14,HN14 HAWS RUN,154492484.34895766,ONSLOW - HN14,HN14,HAWS RUN,153443984.7706349,153429140.39902866,0.9931171800724805,0.9999032586932071,0.9930217658251979,1,1,True,True
ONSLOW,ONSLOW - HR17,HR17,HR17 HOLLY RIDGE,174044253.22200897,ONSLOW - HR17,HR17,HOLLY RIDGE,170324745.49322098,170224264.2202651,0.978051622325782,0.9994100606305624,0.9774872878811437,1,1,True,True
ONSLOW,ONSLOW - HU20,HU20,HU20 HUBERT,36486579.78711975,ONSLOW - HU20,HU20,HUBERT,36533463.46686731,36465817.99117821,0.999430974455192,0.998148396859486,0.9975814759854695,1,1,True,True
ONSLOW,ONSLOW - JA01,JA01,JA01 JACKSONVILLE,522962109.0305995,ONSLOW - JA01,JA01,JACKSONVILLE,522956222.9841342,522605929.354662,0.9993189187710029,0.9993301664382664,0.9986499970155139,1,1,True,True
ONSLOW,ONSLOW - ML23,ML23,ML23 MILLS,124371830.87016444,ONSLOW - ML23,ML23,MILLS,124894088.74769527,124219921.67723009,0.9987785884321915,0.9946020898408804,0.9933938208578914,1,1,True,True
ONSLOW,ONSLOW - MT24,MT24,MT24 MORTONS,121363922.29927675,ONSLOW - MT24,MT24,MORTONS,121335348.20385428,121101013.19253638,0.997833712838548,0.9980686995604596,0.9959107627933501,1,1,True,True
ONSLOW,ONSLOW - NE22,NE22,NAN,99529169.46901955,ONSLOW - NE22B,NE22B,0NE22B,73473157.26249525,73325236.77713116,0.7367210755230416,0.9979867411327429,0.7356277837834934,1,1,True,True
ONSLOW,ONSLOW - NM13,NM13,NM13 NINE MILE,71826042.9757061,ONSLOW - NM13,NM13,NINE MILE,72225800.58862813,71664508.64290936,0.99775103394111,0.9922286504110119,0.9900144648328315,1,1,True,True
ONSLOW,ONSLOW - NR02,NR02,NR02 NEW RIVER,8657421.417415284,ONSLOW - NR02,NR02,NEW RIVER,8682280.303293193,8654898.795227999,0.9997086173739665,0.9968462768870975,0.9965567289771492,1,1,True,True
ONSLOW,ONSLOW - RL09,RL09,RL09 RICHLANDS,190029799.25815752,ONSLOW - RL09,RL09,RICHLANDS,190151516.43183106,189957992.63111463,0.9996221296484908,0.9989822652779853,0.9986051635336155,1,1,True,True
ONSLOW,ONSLOW - SF18,SF18,SF18 SNEADS FERRY,51427158.74991658,ONSLOW - SF18,SF18,SNEADS FERRY,51427208.48357015,51418044.52372067,0.9998227740669042,0.9998218071694012,0.9996446443858643,1,1,True,True
ONSLOW,ONSLOW - SW19,SW19,SW19 SWANSBORO,99042235.8551292,ONSLOW - SW19,SW19,SWANSBORO,98939942.07849763,97758180.75471094,0.9870352775325422,0.9880557710166326,0.9753969459050503,1,1,True,True
ONSLOW,ONSLOW - TL06,TL06,TL06 TAR LANDING,46446750.56475519,ONSLOW - TL06,TL06,TAR LANDING,46446765.46271813,46438034.47927897,0.999812342405653,0.9998120217123371,0.9996244346558483,1,1,True,True
ONSLOW,ONSLOW - VR15,VR15,VR15 VERONA,25218180.80038452,ONSLOW - VR15,VR15,VERONA,25267710.863377664,25199870.829531815,0.9992739376802141,0.9973151491952452,0.9965929789719256,1,1,True,True
ONSLOW,ONSLOW - WN04,WN04,WN04 WEST NORTHWOODS,14655543.07166655,ONSLOW - WN04,WN04,WEST NORTHWOODS,14662782.119795775,14648049.245801117,0.9994886695205502,0.9989952197424548,0.9984849160341348,1,1,True,True
ORANGE,ORANGE - BC,BC,BC BOOKER CREEK,1889091.376002209,ORANGE - CF1,CF1,CEDAR FALLS,6206306.668104631,1677906.7542906597,0.8882083606995925,0.27035511521107003,0.2614583609880865,1,2,True,False
ORANGE,ORANGE - BP,BP,BP BATTLE PARK,1308029.0991741687,ORANGE - EA1,EA1,EAST FRANKLIN,2022815.233064784,1306642.3626020816,0.9989398274297089,0.6459524039782798,0.6455098760903216,1,1,True,True
ORANGE,ORANGE - CA,CA,CA CARR,62538485.904785864,ORANGE - CA,CA,CARR,62599581.743393,62389383.712608665,0.9976158330343302,0.9966421815461008,0.9942739799398748,1,1,True,True
ORANGE,ORANGE - CB,CB,CB CARRBORO,3129000.487731282,ORANGE - CB1,CB1,CARRBORO,4356178.413356535,3124235.7625599564,0.998477237319071,0.7171964658244246,0.7164128637583236,1,1,True,True
ORANGE,ORANGE - CC,CC,CC COUNTRY CLUB,1938721.1985741775,ORANGE - UNC,UNC,UNC,6354102.424576059,1937799.57046754,0.9995246206069676,0.3049682616025549,0.30492403402462676,1,2,True,False
ORANGE,ORANGE - CF,CF,CF CEDAR FALLS,4522490.041208232,ORANGE - CF1,CF1,CEDAR FALLS,6206306.668104631,4509144.6110622175,0.9970490968416927,0.7265423467125068,0.7249834138360359,1,1,True,True
ORANGE,ORANGE - CG,CG,CG CEDAR GROVE,71104135.83827332,ORANGE - CG,CG,CEDAR GROVE,70293181.52003054,70271313.00495197,0.9882872800083583,0.9996888956424267,0.9879834196202865,1,1,True,True
ORANGE,ORANGE - CH,CH,CH COKER HILLS,1985015.261550098,ORANGE - CH,CH,COKER HILLS,1985013.2314878264,1982992.5216641615,0.9989809952975591,0.9989820169500078,0.9979650847957192,1,1,True,True
ORANGE,ORANGE - CO,CO,CO COLONIAL HEIGHTS,6204756.4618347045,ORANGE - CO,CO,COLONIAL HEIGHTS,6232698.5599119505,6199681.782793276,0.9991821308261424,0.9947026513794467,0.9938934208248819,1,1,True,True
ORANGE,ORANGE - CP,CP,CP CAMERON PARK,26950348.05561039,ORANGE - HN,HN,HILLSBOROUGH NORTH,21882145.97292642,20080722.62103746,0.745100678462561,0.9176761111950463,0.6984168848740843,1,1,True,True
ORANGE,ORANGE - CS1,CS1,CS1 COLES STORE,43482864.93788952,ORANGE - CS1,CS1,COLES STORE,43579344.32368505,43473441.24443452,0.9997832780000017,0.9975698790127742,0.9973542089407029,1,1,True,True
ORANGE,ORANGE - CW,CW,CW CALDWELL,113312646.43893786,ORANGE - CW,CW,CALDWELL,112743019.77940762,112698659.92833334,0.9945814829156304,0.999606540155115,0.9941922746266387,1,1,True,True
ORANGE,ORANGE - CX,CX,CX CHEEKS,64140754.671222776,ORANGE - CX,CX,CHEEKS,63911426.835029885,63885342.97692108,0.9960179499662749,0.9995918748899766,0.9956130680759373,1,1,True,True
ORANGE,ORANGE - DA,DA,DA DOGWOOD ACRES,4564284.407427046,ORANGE - DA,DA,DOGWOOD ACRES,4548032.532476437,4539636.83967797,0.9945999053632658,0.9981539945595121,0.9927737650954604,1,1,True,True
ORANGE,ORANGE - DM,DM,DM DAMASCUS,8528331.148255274,ORANGE - DM,DM,DAMASCUS,8515248.261595689,8505526.985528113,0.9973260697397022,0.9988583684504633,0.9961905318475114,1,1,True,True
ORANGE,ORANGE - EA,EA,EA EAST FRANKLIN,947339.8851146762,ORANGE - EA1,EA1,EAST FRANKLIN,2022815.233064784,713930.5634876415,0.7536160724418561,0.3529390879689785,0.3164270870126925,1,2,True,False
ORANGE,ORANGE - EF,EF,EF EFLAND,66362292.107621685,ORANGE - EF,EF,EFLAND,66622989.436590366,65792051.03871454,0.991407152302962,0.9875277527336613,0.9791470144203244,1,1,True,True
ORANGE,ORANGE - EH,EH,EH ESTES HILLS,4101950.813795116,ORANGE - EH,EH,ESTES HILLS,4101250.305063451,4098628.358009157,0.9991900303205038,0.9993606956758876,0.9985517608807054,1,1,True,True
ORANGE,ORANGE - ENO,ENO,ENO ENO,43274718.33321586,ORANGE - ENO,ENO,ENO,41038346.86945127,41025280.29006915,0.948019579796545,0.9996816007373862,0.9477334165493327,1,1,True,True
ORANGE,ORANGE - ES,ES,ES EASTSIDE,2043235.6780842505,ORANGE - ES,ES,EASTSIDE,2333030.2853900753,2042114.8521112076,0.9994514455747494,0.8753057621666375,0.8748854528611196,1,1,True,True
ORANGE,ORANGE - GB,GB,GB GRADY BROWN,17374835.543396395,ORANGE - GB,GB,GRADY BROWN,18780153.797491003,16524752.429202126,0.951073890047992,0.8799050640048436,0.8418009677389808,1,1,True,True
ORANGE,ORANGE - GL,GL,GL GLENWOOD,4947339.4394354215,ORANGE - GL,GL,GLENWOOD,4980500.349643,4935916.491834857,0.9976910928105089,0.99104831750261,0.9887805156301912,1,1,True,True
ORANGE,ORANGE - GR,GR,GR GREENWOOD,2563385.151442601,ORANGE - UNC,UNC,UNC,6354102.424576059,2562735.0965658072,0.9997464076452078,0.40331976498424027,0.40327850767626755,1,1,True,True
ORANGE,ORANGE - H,H,H HILLSBOROUGH,4702331.486892406,ORANGE - H,H,HILLSBOROUGH,4573261.86814062,2891186.5005453113,0.6148410652469735,0.6321935161173701,0.4528512305748567,1,1,True,True
ORANGE,ORANGE - HF,HF,HF HOGAN FARMS,21634187.72200737,ORANGE - HF,HF,HOGAN FARMS,15108003.0980188,14809491.598909574,0.6845411433610065,0.9802414986830144,0.6752243054813395,1,1,True,True
ORANGE,ORANGE - KM,KM,KM KINGS MILL,17791737.528684754,ORANGE - KM,KM,KINGS MILL,17736955.767576322,17682265.072181378,0.9938470058741099,0.9969165680902852,0.990801344121239,1,1,True,True
ORANGE,ORANGE - LC,LC,LC LIONS CLUB,1682946.2557565717,ORANGE - CB1,CB1,CARRBORO,4356178.413356535,1228389.489943344,0.7299041699885532,0.28198787409096077,0.25534340265957844,1,2,True,False
ORANGE,ORANGE - LI,LI,LI LINCOLN,1056108.5713340011,ORANGE - WW1,WW1,WESTWOOD,2642755.4402498603,943568.1326533896,0.8934385708673319,0.3570395195418383,0.3424561913182464,1,2,True,False
ORANGE,ORANGE - MF,MF,MF MASON FARM,1508249.9557331186,ORANGE - UNC,UNC,UNC,6354102.424576059,1504989.6688064015,0.9978383643146654,0.23685322776439402,0.23673176081070996,1,3,True,False
ORANGE,ORANGE - NC,NC,NC NORTH CARRBORO,4815505.962696346,ORANGE - NC,NC,NORTH CARRBORO,4768811.768090603,4762650.547988015,0.989023912519727,0.9987080177616122,0.9877601185288238,1,1,True,True
ORANGE,ORANGE - NS,NS,NS NORTHSIDE,1190021.3596682148,ORANGE - NS,NS,NORTHSIDE,1193593.5626813532,1188118.826228942,0.9984012611002182,0.9954132322562863,0.9938291141931596,1,1,True,True
ORANGE,ORANGE - OG,OG,OG ORANGE GROVE,124715987.21248347,ORANGE - OG,OG,ORANGE GROVE,124275808.7396032,124233118.2574541,0.9961282513507536,0.9996564859840216,0.995787391731861,1,1,True,True
ORANGE,ORANGE - OW,OW,OW OWASA,1331681.9676646793,ORANGE - OW1,OW1,OWASA,1733565.4856578119,1330066.040860702,0.9987865520122563,0.7672430328502996,0.7665285204811355,1,1,True,True
ORANGE,ORANGE - PA,PA,PA PATTERSON,47288580.63428384,ORANGE - PA,PA,PATTERSON,44136902.910804,43883184.827855915,0.9279869312897279,0.994251565782474,0.923034561051846,1,1,True,True
ORANGE,ORANGE - RF,RF,RF RIDGEFIELD,3238030.4938957593,ORANGE - RF,RF,RIDGEFIELD,3310595.096297311,3236112.405301361,0.9994076372665377,0.9775017213433155,0.9769357055124155,1,1,True,True
ORANGE,ORANGE - SJ,SJ,SJ ST JOHN,35104286.96119183,ORANGE - SJ,SJ,ST JOHN,35339015.34130368,35098120.63998134,0.9998243427870416,0.9931833216348621,0.993010050849594,1,1,True,True
ORANGE,ORANGE - SM,SM,SM ST MARYS,53526993.77897726,ORANGE - SM,SM,ST MARYS,51064962.317215145,51056513.755466126,0.9538460905592383,0.9998345526684904,0.9536955617274437,1,1,True,True
ORANGE,ORANGE - TH,TH,TH TOWN HALL,1683973.1030301026,ORANGE - TH1,TH1,TOWN HALL,1750541.675523942,1676763.8799230966,0.9957189202760817,0.9578543049660537,0.9539257702721532,1,1,True,True
ORANGE,ORANGE - TO,TO,TO TOLARS,68853358.2437517,ORANGE - TO,TO,TOLARS,69487254.02470472,68532552.61300342,0.995340740975733,0.9862607693295539,0.9817283699225415,1,1,True,True
ORANGE,ORANGE - WC,WC,WC WHITE CROSS,68918406.49037497,ORANGE - WC,WC,WHITE CROSS,68853090.16124173,68552372.30221926,0.9946888762118022,0.9956324711306603,0.9903675168756453,1,1,True,True
ORANGE,ORANGE - WD,WD,WD WEAVER DAIRY,4624196.598101512,ORANGE - WD,WD,WEAVER DAIRY,4162105.9344968423,4157815.627093224,0.8991433514743377,0.9989691979322153,0.8983099038581941,1,1,True,True
ORANGE,ORANGE - WH,WH,WH WEST HILLSBOROUGH,17115738.163497694,ORANGE - WH,WH,WEST HILLSBOROUGH,14415567.128086884,14153596.862228787,0.8269346450049001,0.9818272660707409,0.8144685428326911,1,1,True,True
ORANGE,ORANGE - WW,WW,WW WESTWOOD,1695889.7876771244,ORANGE - WW1,WW1,WESTWOOD,2642755.4402498603,1691333.6984034588,0.9973134520257321,0.6399887301881975,0.6388872935962593,1,1,True,True
PAMLICO,PAMLICO - 1ALA,1ALA,1AL A ALLIANCE,5019036.431938405,PAMLICO - 1CR,1CR,CROSSROADS,110548054.5207891,5018808.284919846,0.9999545436615866,0.045399336122880704,0.045399242428768666,1,2,True,False
PAMLICO,PAMLICO - 1GB,1GB,1GB GRANTSBORO,105433930.396892,PAMLICO - 1CR,1CR,CROSSROADS,110548054.5207891,105402515.01387511,0.9997020372578483,0.9534542735354393,0.9531833992834805,1,1,True,True
PAMLICO,PAMLICO - 1RB,1RB,1RB REELSBORO,152763268.87529796,PAMLICO - 1RB,1RB,REELSBORO,150393317.34023088,150054563.31037694,0.9822686069441722,0.99774754599576,0.9800952362552199,1,1,True,True
PAMLICO,PAMLICO - 2OT,2OT,2OT ORIENTAL,217522662.13384026,PAMLICO - 2OT,2OT,ORIENTAL,217546778.4702819,217501148.13384822,0.9999010953627498,0.9997902504612822,0.9996913873080339,1,1,True,True
PAMLICO,PAMLICO - 2SW,2SW,2SW STONEWALL,114861962.35197356,PAMLICO - 3CH,3CH,COURTHOUSE,260881544.07337815,114846955.25740726,0.9998693466987765,0.44022644708475145,0.440201124711219,1,2,True,False
PAMLICO,PAMLICO - 3BY,3BY,3BY BAYBORO,145794548.0126696,PAMLICO - 3CH,3CH,COURTHOUSE,260881544.07337815,145781337.04025325,0.9999093863755784,0.5588027990176619,0.5587745028245755,1,1,True,True
PAMLICO,PAMLICO - 4HB,4HB,4HB HOBUCKEN,464446174.5318197,PAMLICO - 4BR,4BR,BAY RIVER,507809486.74864966,453005296.1499786,0.9753666215608859,0.8920772611997352,0.8724217190220667,1,1,True,True
PAMLICO,PAMLICO - 4VMA,4VMA,4VM A VANDEMERE,33682183.35619212,PAMLICO - 4BR,4BR,BAY RIVER,507809486.74864966,33673842.63390843,0.9997523699044243,0.06631196051399481,0.06631087136427061,1,2,True,False
PAMLICO,PAMLICO - 4VMSIC,4VMSIC,4MSIC MESIC,20977449.47637607,PAMLICO - 4BR,4BR,BAY RIVER,507809486.74864966,20977449.47637609,1.0000000000000009,0.04130968409174146,0.04130968409174147,1,3,True,False
PAMLICO,PAMLICO - 5AP,5AP,5AP ARAPAHOE,207374722.78499052,PAMLICO - 5AP,5AP,ARAPAHOE,207428826.24182206,207358883.51678157,0.9999236200632544,0.9996628109684285,0.9995864825299869,1,1,True,True
PASQUOTANK,PASQUOTANK - 1-A,1-A,1 A ELIZABETH CITY,1695001.2138462479,PASQUOTANK - EAST,EAST,EAST ELIZABETH CITY,6500426.4982901905,1692406.2495565994,0.9984690487130921,0.2603531091385702,0.2602492178897405,1,2,True,False
PASQUOTANK,PASQUOTANK - 1-B,1-B,1 B ELIZABETH CITY,4797806.2038553,PASQUOTANK - EAST,EAST,EAST ELIZABETH CITY,6500426.4982901905,4771194.748656878,0.9944534118162092,0.7339818010267245,0.7309892760937202,1,1,True,True
PASQUOTANK,PASQUOTANK - 2-A,2-A,2 A ELIZABETH CITY,5550272.575265813,PASQUOTANK - NORTH,NORTH,NORTH ELIZABETH CITY,6652390.020459097,5370489.3011783315,0.9676082081286123,0.8073022304257051,0.7860587063072655,1,1,True,True
PASQUOTANK,PASQUOTANK - 2-B,2-B,2 B ELIZABETH CITY,1036054.6749896214,PASQUOTANK - NORTH,NORTH,NORTH ELIZABETH CITY,6652390.020459097,1035026.0148751574,0.999007137230017,0.15558709151026714,0.15556303677344,1,2,True,False
PASQUOTANK,PASQUOTANK - 3-A,3-A,3 A ELIZABETH CITY,4053833.658314233,PASQUOTANK - WEST,WEST,WEST ELIZABETH CITY,5932537.6307846205,4026323.8940638066,0.9932138892295185,0.678684931246074,0.6755523282277742,1,1,True,True
PASQUOTANK,PASQUOTANK - 3-B,3-B,3 B ELIZABETH CITY,1899882.9422855082,PASQUOTANK - WEST,WEST,WEST ELIZABETH CITY,5932537.6307846205,1898881.3394501277,0.9994728081330234,0.3200791057096063,0.3200250752014724,1,2,True,False
PASQUOTANK,PASQUOTANK - 4-A,4-A,4 A ELIZABETH CITY,3639149.3828152274,PASQUOTANK - SOUTH,SOUTH,SOUTH ELIZABETH CITY,6507626.822242963,3609469.199519624,0.9918441975930532,0.5546521486423464,0.5521339592069935,1,1,True,True
PASQUOTANK,PASQUOTANK - 4-B,4-B,4 B ELIZABETH CITY,2727329.1704500197,PASQUOTANK - SOUTH,SOUTH,SOUTH ELIZABETH CITY,6507626.822242963,2726022.941116611,0.9995210591564959,0.41889662938248223,0.41881256413543944,1,2,True,False
PASQUOTANK,PASQUOTANK - MH,MH,MH MT HERMON,86296342.02882189,PASQUOTANK - MH,MH,MT HERMON,86246066.91709214,86148604.92992373,0.9982880259414841,0.9988699544147085,0.9971618440829253,1,1,True,True
PASQUOTANK,PASQUOTANK - NEW,NEW,NEW NEWLAND,161264549.39040273,PASQUOTANK - NEW,NEW,NEWLAND,161301669.4857324,161147329.78569928,0.9992731223003037,0.9990431611741826,0.9983176733140295,1,1,True,True
PASQUOTANK,PASQUOTANK - NIX,NIX,NIX NIXONTON,111815377.94990073,PASQUOTANK - NIX,NIX,NIXONTON,111667029.08164418,111567536.46446785,0.9977834758512024,0.9991090242303878,0.9968964436910908,1,1,True,True
PASQUOTANK,PASQUOTANK - PRO,PRO,PRO PROVIDENCE,120940000.37485832,PASQUOTANK - PRO,PRO,PROVIDENCE,120978496.37588552,120619931.69319038,0.9973534919739054,0.9970361287878711,0.9944052646950846,1,1,True,True
PASQUOTANK,PASQUOTANK - SAL,SAL,SAL SALEM,243927862.1531874,PASQUOTANK - SAL,SAL,SALEM,243575724.1742956,243373112.8003227,0.9977257647077795,0.9991681791169472,0.9968977214687894,1,1,True,True
PENDER,PENDER - CF11,CF11,CF11 CAPE FEAR,49205133.780296765,PENDER - CF11,CF11,CAPE FEAR,49083720.92457541,49061561.58770988,0.9970821704656279,0.9995485399955806,0.9966333405930331,1,1,True,True
PENDER,PENDER - CL05,CL05,CL05 COLUMBIA,255047149.6549986,PENDER - CL05,CL05,COLUMBIA,255526446.46327144,255014905.3960494,0.999873575301693,0.997998089535145,0.9978721704801568,1,1,True,True
PENDER,PENDER - CS04,CS04,CS04 CASWELL,127830665.70978606,PENDER - CS04,CS04,CASWELL,127847740.58998737,127667054.37792395,0.9987200932502882,0.9985867078195548,0.9973104139691008,1,1,True,True
PENDER,PENDER - CT03,CT03,CT03 CANETUCK,118282257.21459082,PENDER - CT03,CT03,CANETUCK,118208620.99012981,118077564.46754307,0.9982694551839978,0.9988913116362496,0.9971645986499483,1,1,True,True
PENDER,PENDER - GR06,GR06,GR06 GRADY,135215362.96262786,PENDER - GR06,GR06,GRADY,135298356.32255772,135160905.48258027,0.9995972537524258,0.9989840908366266,0.9985821623161458,1,1,True,True
PENDER,PENDER - LC09,LC09,LC09 LONG CREEK,105583476.32916623,PENDER - LC09,LC09,LONG CREEK,105583449.51020823,105583433.67198178,0.9999995959861719,0.9999998499932847,0.9999994459795777,1,1,True,True
PENDER,PENDER - LT18,LT18,LT18 LOWER TOPSAIL,159690347.48446536,PENDER - LT18,LT18,LOWER TOPSAIL,159065991.5807515,158997064.06502515,0.9956585765491702,0.9995666734602326,0.9952290035419497,1,1,True,True
PENDER,PENDER - LU16,LU16,LU16 LOWER UNION,108260492.89031138,PENDER - LU16,LU16,LOWER UNION,108203834.81919289,108203428.74224797,0.9994728996096367,0.9999962471113376,0.9994691506762226,1,1,True,True
PENDER,PENDER - MH07,MH07,MH07 MIDDLE HOLLY,112891956.28664303,PENDER - NB02,NB02,NORTH BURGAW,178837341.84910375,112890922.79157521,0.9999908452727563,0.6312491654389962,0.6312455174920844,1,1,True,True
PENDER,PENDER - MT19,MT19,MT19 MIDDLE TOPSAIL,24420191.615409266,PENDER - MT19,MT19,MIDDLE TOPSAIL,24420509.303262528,24419774.66560016,0.9999829260222166,0.9999699171850494,0.9999528442345084,1,1,True,True
PENDER,PENDER - NB01,NB01,NB01 NORTH BURGAW,65945862.916255124,PENDER - NB02,NB02,NORTH BURGAW,178837341.84910375,65945827.071385,0.9999994564500556,0.3687475243678561,0.3687474504587702,1,2,True,False
PENDER,PENDER - PL10,PL10,PL10 PENDERLEA,35104642.888401486,PENDER - UU18,UU18,UPPER UNION,123900975.22579136,35104636.443906814,0.9999998164204463,0.28332816896665874,0.2833281542298354,1,2,True,False
PENDER,PENDER - RP20,RP20,RP20 ROCKY POINT,241292824.73379788,PENDER - RP20,RP20,ROCKY POINT,241401141.11057144,241289880.55408126,0.9999877983121965,0.9995391050929655,0.9995269146498932,1,1,True,True
PENDER,PENDER - SB02,SB02,SB02 SOUTH BURGAW,144374675.0764219,PENDER - SB02,SB02,SOUTH BURGAW,144374658.86143336,144374620.8547144,0.9999996244375444,0.9999997367493765,0.9999993611871186,1,1,True,True
PENDER,PENDER - SC13,SC13,SC13 SURF CITY,138127011.53846344,PENDER - SC13,SC13,SURF CITY,138123025.846638,138021407.46756533,0.9992354567747329,0.9992642908128475,0.9985008717072982,1,1,True,True
PENDER,PENDER - SH12,SH12,SH12 SCOTTS HILL,21928776.774780985,PENDER - SH12,SH12,SCOTTS HILL,21505995.949421115,21375951.17667452,0.9747899482135165,0.9939530922886602,0.9690432070733354,1,1,True,True
PENDER,PENDER - SP15,SP15,SP15 SLOOP POINT,154105539.9488497,PENDER - SP15,SP15,SLOOP POINT,156353119.2138538,154090397.16737926,0.9999017375918122,0.9855281298009816,0.985432690759119,1,1,True,True
PENDER,PENDER - UH08,UH08,UH08 UPPER HOLLY,271904623.7299302,PENDER - UH08,UH08,UPPER HOLLY,273782606.1502988,271120513.8453924,0.9971162318838805,0.9902766200441347,0.9874485799327296,1,1,True,True
PENDER,PENDER - UT14,UT14,UT14 UPPER TOPSAIL,57950280.87276565,PENDER - UT14,UT14,UPPER TOPSAIL,57961291.27391434,57946325.12740359,0.9999317389786125,0.9997417906643932,0.9996735648885179,1,1,True,True
PENDER,PENDER - UU17,UU17,UU17 UPPER UNION,88742479.92950328,PENDER - UU18,UU18,UPPER UNION,123900975.22579136,88491523.7540466,0.9971720851653455,0.714211680681155,0.7127679992995827,1,1,True,True
PERQUIMANS,PERQUIMANS - BELVID,BELVID,BELVID ERE,69712440.59748608,PERQUIMANS - BELVID,BELVID,BELVIDERE,69750426.66110703,69687846.37592496,0.9996472046976074,0.9991027970984876,0.9987506344585725,1,1,True,True
PERQUIMANS,PERQUIMANS - BETHEL,BETHEL,BETHEL,245461518.79822716,PERQUIMANS - BETHEL,BETHEL,BETHEL,245968042.66562963,245318274.332236,0.9994164280140835,0.9973583221366813,0.9967778284018289,1,1,True,True
PERQUIMANS,PERQUIMANS - EAST H,EAST H,EAST H ERTFORD,30571809.278125506,PERQUIMANS - EAST H,EAST H,EAST HERTFORD,30075303.79696575,30041364.524329543,0.9826492194501716,0.99887152353089,0.9815595418129995,1,1,True,True
PERQUIMANS,PERQUIMANS - NEW HO,NEW HO,NEW HO PE,198940397.4471564,PERQUIMANS - NEW HO,NEW HO,NEW HOPE,198976903.8276831,198901249.34862062,0.999803216948201,0.9996197826099054,0.9994231491556227,1,1,True,True
PERQUIMANS,PERQUIMANS - NICANO,NICANO,NICANO R,93413241.44988139,PERQUIMANS - NICANO,NICANO,NICANOR,93448432.38220583,93375109.70497124,0.9995917950783175,0.9992153674987858,0.998807802776951,1,1,True,True
PERQUIMANS,PERQUIMANS - PARKVI,PARKVI,PARKVI LLE,120432986.33468829,PERQUIMANS - PARKVI,PARKVI,PARKVILLE,120468720.71132094,120381818.02118671,0.9995751304102068,0.9992786285965262,0.9988543716331552,1,1,True,True
PERQUIMANS,PERQUIMANS - WEST H,WEST H,WEST H ERTFORD,93486116.65765487,PERQUIMANS - WEST H,WEST H,WEST HERTFORD,93241895.12925267,93231985.48026344,0.9972816158540198,0.9998937210684586,0.9971759139205052,1,1,True,True
PERSON,PERSON - ALVI,ALVI,ALVI ALLENSVILLE,125281548.60266386,PERSON - ALVI,ALVI,ALLENSVILLE,125313923.37067455,125269927.20994042,0.9999072377947665,0.9996489124308717,0.9995562153464995,1,1,True,True
PERSON,PERSON - BFRK,BFRK,BFRK BUSHY FORK,90765567.21276712,PERSON - SWST,SWST,SOUTH WEST,130023718.89675032,90737991.62799601,0.9996961889225408,0.6978572248041109,0.6977092537966908,1,1,True,True
PERSON,PERSON - CUCL,CUCL,CUCL CUNNINGHAM/CHUB LAKE,155661556.71749493,PERSON - CUCL,CUCL,CUNNINGHAM/CHUB LAKE,156005234.7050924,155644587.99765846,0.999890989656057,0.9976882397048041,0.9975797327625097,1,1,True,True
PERSON,PERSON - FLRI,FLRI,FLRI FLAT RIVER,122418590.96765096,PERSON - FLHE,FLHE,FLAT RIVER,120444379.37853438,120203126.90143196,0.9819025521474558,0.9979969801966084,0.9799713054058485,1,1,True,True
PERSON,PERSON - HLWY,HLWY,HLWY HOLLOWAY,78305712.16915074,PERSON - HLWY,HLWY,HOLLOWAY,78271533.8420331,78255745.23647325,0.9993618992626035,0.9997982841936927,0.9991604407782416,1,1,True,True
PERSON,PERSON - HUML,HUML,HUML HURDLE MILLS,38892814.205181085,PERSON - SWST,SWST,SOUTH WEST,130023718.89675032,38890134.47008708,0.9999310994807455,0.2991003087749635,0.29909414456829103,1,2,True,False
PERSON,PERSON - MTTZ,MTTZ,MTTZ MT TIRZAH,120610478.05082463,PERSON - MTTZ,MTTZ,MT TIRZAH,120522590.25749278,120473482.85789055,0.9988641518121141,0.9995925460986416,0.9984576228084855,1,1,True,True
PERSON,PERSON - OLHI,OLHI,OLHI OLIVE HILL,99145726.09667584,PERSON - OLHI,OLHI,OLIVE HILL,99053975.6283104,99045940.81081492,0.9989935492956739,0.9999188844521937,0.9989125969366935,1,1,True,True
PERSON,PERSON - ROX1,ROX1,ROX1 ROXBORO 1,19567746.014523134,PERSON - RCOB,RCOB,ROXBORO CENTRAL,47656338.21731677,19285117.305680726,0.9855563993608338,0.40467056486251685,0.40228479131362527,1,2,True,False
PERSON,PERSON - ROX2,ROX2,ROX2 ROXBORO 2,12669300.86794486,PERSON - PNTH,PNTH,PIEDMONT NORTH,38054171.12034282,12667255.228740208,0.999838535746686,0.3328742909333428,0.33285639791197247,1,2,True,False
PERSON,PERSON - ROX3,ROX3,ROX3 ROXBORO 3,25384413.384600088,PERSON - PNTH,PNTH,PIEDMONT NORTH,38054171.12034282,25378749.788128413,0.9997768868484032,0.6669111175190349,0.6668118760094434,1,1,True,True
PERSON,PERSON - ROX4,ROX4,ROX4 ROXBORO 4,32148064.853031985,PERSON - ROXL,ROXL,ROXBORO 4,34146090.09475686,32143181.265736733,0.9998480907850106,0.9413429524884996,0.9412083404998037,1,1,True,True
PERSON,PERSON - RX1A,RX1A,RX1A ROXBORO 1A,27906306.9079587,PERSON - RCOB,RCOB,ROXBORO CENTRAL,47656338.21731677,27900523.76141306,0.9997927656079784,0.5854525296128378,0.58538149295569,1,1,True,True
PERSON,PERSON - WDSD,WDSD,WDSD WOODSDALE,97801163.01338258,PERSON - WDSD,WDSD,WOODSDALE,97872032.71970047,97787463.02551576,0.9998599199902669,0.999135915625387,0.9989960775760333,1,1,True,True
PITT,PITT - 0101,0101,0101 ARTHUR,85372311.18457724,PITT - 0101,0101,ARTHUR,85405992.93878335,85344253.07529499,0.9996713441525369,0.9992771015081738,0.9989489205806232,1,1,True,True
PITT,PITT - 0200A,0200A,0200A AYDEN A,54625491.39579455,PITT - 0200A,0200A,AYDEN A,54704673.740162425,54528900.2073208,0.9982317561635485,0.996786864433622,0.9950299555736524,1,1,True,True
PITT,PITT - 0200B,0200B,0200B AYDEN B,33993166.20543685,PITT - 0200B,0200B,AYDEN B,33948529.058975875,33942765.870974764,0.9985173392158444,0.9998302374753528,0.9983480796758841,1,1,True,True
PITT,PITT - 0301,0301,0301 BELVOIR,140471045.65292686,PITT - 0301,0301,BELVOIR,140429479.21223906,140356978.01380238,0.9991879633372537,0.9994837180993379,0.998672519359722,1,1,True,True
PITT,PITT - 0401,0401,0401 BETHEL,107802077.37960626,PITT - 0401,0401,BETHEL,107980783.66744533,107782981.86589523,0.9998228650673976,0.9981681759028599,0.9979916892786765,1,1,True,True
PITT,PITT - 0501,0501,0501 CAROLINA,152231652.8491153,PITT - 0501,0501,CAROLINA,152286766.8351356,152125558.43241256,0.9993030725560873,0.9989414155538704,0.9982459623290091,1,1,True,True
PITT,PITT - 0601,0601,0601 CHICOD,165917944.61124095,PITT - 0601,0601,CHICOD,166690953.19743335,165544795.4488907,0.997751001778472,0.9931240554657749,0.990905844586403,1,1,True,True
PITT,PITT - 0701,0701,0701 FALKLAND,108754055.42499648,PITT - 0701,0701,FALKLAND,108778261.54315884,108722826.20656213,0.9997128454813725,0.9994903822159842,0.9992035202588996,1,1,True,True
PITT,PITT - 0800A,0800A,0800A FARMVILLE A,50050164.89716155,PITT - 0800A,0800A,FARMVILLE A,50013735.277021095,49957408.56985231,0.9981467328329521,0.9988737752368064,0.9970246762504291,1,1,True,True
PITT,PITT - 0800B,0800B,0800B FARMVILLE B,44654918.41668744,PITT - 0800B,0800B,FARMVILLE B,44695993.69208921,44618929.618384264,0.9991940686585216,0.9982758169728625,0.9974726612657421,1,1,True,True
PITT,PITT - 0901,0901,0901 FOUNTAIN,69090399.73670825,PITT - 0901,0901,FOUNTAIN,68773114.56778733,68715813.96477345,0.9945783238574059,0.9991668168095338,0.993754146951716,1,1,True,True
PITT,PITT - 1001,1001,1001 GRIFTON,115051802.22640274,PITT - 1001,1001,GRIFTON,116290244.98577453,114957257.76681839,0.9991782444276857,0.988537411550563,0.9877343793347608,1,1,True,True
PITT,PITT - 1101,1101,1101 GRIMESLAND,63091529.05874796,PITT - 1101,1101,GRIMESLAND,63418940.34308333,62971479.810888164,0.9980972208210707,0.9929443707230916,0.9910683222426334,1,1,True,True
PITT,PITT - 1102A,1102A,1102A SIMPSON A,11263484.757982943,PITT - 1102A,1102A,SIMPSON A,11256091.941170068,11230039.501140447,0.9970306474806749,0.9976854808786403,0.9947298373858414,1,1,True,True
PITT,PITT - 1102B,1102B,1102B SIMPSON B,44652258.00401473,PITT - 1102B,1102B,SIMPSON B,44647617.475920774,44606833.969565935,0.9989827158473216,0.9990865468604941,0.9980711193982261,1,1,True,True
PITT,PITT - 1201,1201,1201 PACTOLUS,177595194.3678132,PITT - 1201,1201,PACTOLUS,177530381.61161047,177344959.7427796,0.9985909831292207,0.9989555485255672,0.9975494713479646,1,1,True,True
PITT,PITT - 1301,1301,1301 SWIFT CREEK,81414042.47336082,PITT - 1301,1301,SWIFT CREEK,80983259.09231672,80834189.6827846,0.9928777300210102,0.9981592564784015,0.9910630898787323,1,1,True,True
PITT,PITT - 1403A1,1403A1,1403A1 WINTERVILLE WEST,38601617.62683213,PITT - 1403A1,1403A1,WINTERVILLE WEST,38691316.49296026,38589678.68181205,0.9996907138676028,0.9973731105488048,0.9970654469531565,1,1,True,True
PITT,PITT - 1403A2,1403A2,1403A2 WINTERVILLE SOUTH,24883225.677367274,PITT - 1403A2,1403A2,WINTERVILLE SOUTH,24812724.503644563,24806858.912548296,0.9969309941641353,0.9997636055204093,0.9966960482796154,1,1,True,True
PITT,PITT - 1403B,1403B,1403B WINTERVILLE NORTH,6710473.16455871,PITT - 1403B,1403B,WINTERVILLE NORTH,6724902.258562882,6707551.6246058885,0.9995646298135501,0.9974199425820798,0.996986815571138,1,1,True,True
PITT,PITT - 1501,1501,1501 GREENVILLE 1,16044545.83327046,PITT - 1501,1501,GREENVILLE 1,16088663.245639246,16015350.766690435,0.9981803743849523,0.9954432212403549,0.9936401261542842,1,1,True,True
PITT,PITT - 1503,1503,1503 GREENVILLE 3,4277180.789684534,PITT - 1503,1503,GREENVILLE 3,4277142.938732212,4273715.7143018115,0.9991898693197446,0.9991987117383043,0.9983898783092503,1,1,True,True
PITT,PITT - 1504A,1504A,1504A GREENVILLE 4A,6600485.273524036,PITT - 1504A,1504A,GREENVILLE 4A,6582533.333794089,6573228.311677227,0.9958704609256319,0.9985864071406838,0.9944685107502148,1,1,True,True
PITT,PITT - 1504B,1504B,1504B GREENVILLE 4B,7559861.305107388,PITT - 1504B,1504B,GREENVILLE 4B,7569137.856925375,7547577.361927324,0.998375109980951,0.9971515256551545,0.995535871889143,1,1,True,True
PITT,PITT - 1505A,1505A,1505A GREENVILLE 5A,4398148.895139984,PITT - 1505A,1505A,GREENVILLE 5A,4395547.087851446,4392506.686636065,0.9987171401790982,0.9993082997054487,0.9980272128430171,1,1,True,True
PITT,PITT - 1505B,1505B,1505B GREENVILLE 5B,3944919.8413403174,PITT - 1505B,1505B,GREENVILLE 5B,3914895.6215468133,3909586.2375420034,0.9910432644465828,0.9986437993453546,0.9897112330741837,1,1,True,True
PITT,PITT - 1506,1506,1506 GREENVILLE 6,3565609.2239916795,PITT - 1506,1506,GREENVILLE 6,3596321.973923453,3561300.7367534786,0.9987916546745474,0.9902619294312607,0.9890769894793683,1,1,True,True
PITT,PITT - 1507,1507,1507 GREENVILLE 7,3262815.580660375,PITT - 1507,1507,GREENVILLE 7,3265970.3287693607,3257407.897415733,0.9983426328853231,0.9973782886886011,0.9957295932946407,1,1,True,True
PITT,PITT - 1507B,1507B,1507B GREENVILLE 7B,997571.498091224,PITT - 1507B,1507B,GREENVILLE 7B,999527.0895749718,996289.7540635371,0.9987151356768519,0.9967611327944985,0.995484572690217,1,1,True,True
PITT,PITT - 1508A,1508A,1508A GREENVILLE 8A,1164928.227338403,PITT - 1508A,1508A,GREENVILLE 8A,1151295.2399050165,1149708.0312625149,0.9869346490893582,0.9986213713151176,0.9855917854149469,1,1,True,True
PITT,PITT - 1508B,1508B,1508B GREENVILLE 8B,2167066.670894624,PITT - 1508B,1508B,GREENVILLE 8B,2220974.7997701233,2164358.8085817513,0.9987504480830047,0.9745084945609325,0.9733217987832518,1,1,True,True
PITT,PITT - 1509,1509,1509 GREENVILLE 9,12036322.256705299,PITT - 1509,1509,GREENVILLE 9,11986971.360961016,11980925.123386139,0.9953975033122515,0.9994955992307974,0.9948977337038623,1,1,True,True
PITT,PITT - 1510A,1510A,1510A GREENVILLE 10A,3035641.2950783996,PITT - 1510A,1510A,GREENVILLE 10A,3036390.10949342,3034105.507494326,0.9994940813374218,0.9992475927279729,0.9987424349004553,1,1,True,True
PITT,PITT - 1510B,1510B,1510B GREENVILLE 10B,2691932.2637039833,PITT - 1510B,1510B,GREENVILLE 10B,2730009.201643922,2689554.571404543,0.9991167339789714,0.9851815040714813,0.9843242102230245,1,1,True,True
PITT,PITT - 1511A,1511A,1511A GREENVILLE 11A,4660332.720536065,PITT - 1511A,1511A,GREENVILLE 11A,4675624.878013555,4656416.8767622635,0.999159750170509,0.9958918857366821,0.9950585225346089,1,1,True,True
PITT,PITT - 1511B,1511B,1511B GREENVILLE 11B,3848927.9260451747,PITT - 1511B,1511B,GREENVILLE 11B,3838556.474875106,3836664.3768105586,0.9968137752978874,0.9995070808318356,0.9963239914588227,1,1,True,True
PITT,PITT - 1512A,1512A,1512A GREENVILLE 12A,12228648.351072697,PITT - 1512A,1512A,GREENVILLE 12A,12235312.798202286,12207938.768582808,0.9983064700287932,0.9977627029181061,0.9960767359412531,1,1,True,True
PITT,PITT - 1512B,1512B,1512B GREENVILLE 12B,3882641.661344426,PITT - 1512B,1512B,GREENVILLE 12B,3838663.5826680167,3837355.3342953883,0.9883362074074699,0.9996591917097046,0.988003301663316,1,1,True,True
PITT,PITT - 1513A,1513A,1513A GREENVILE 13A,11760361.57346922,PITT - 1513A,1513A,GREENVILE 13A,11768558.155667854,11752919.891078906,0.9993672233337535,0.998671182622196,0.998040085997227,1,1,True,True
PITT,PITT - 1513B,1513B,1513B GREENVILLE 13B,11633536.459580556,PITT - 1513B,1513B,GREENVILLE 13B,11632886.927311165,11627968.300502978,0.9995213700410943,0.9995771791783998,0.99909895378657,1,1,True,True
POLK,POLK - CG05,CG05,CG05 COOPERS GAP,127245566.60287403,POLK - CG05,CG05,COOPERS GAP,127150920.2081531,126954927.33789562,0.997715918340122,0.9984585807956669,0.9961815271466568,1,1,True,True
POLK,POLK - CL07,CL07,CL07 COLUMBUS 1,60165665.16707058,POLK - CL07,CL07,COLUMBUS 1,60166070.95668523,60151795.69709096,0.9997694786562883,0.9997627357185324,0.9995323237382033,1,1,True,True
POLK,POLK - CL08,CL08,CL08 COLUMBUS 2,53023584.60851062,POLK - CL08,CL08,COLUMBUS 2,53005634.13374305,52989005.71683947,0.9993478582799247,0.9996862896336336,0.9990345568832805,1,1,True,True
POLK,POLK - GC09,GC09,GC09 GREEN CREEK,133719359.10654847,POLK - GC09,GC09,GREEN CREEK,133720905.26639788,133436200.11482957,0.9978824383125163,0.9978709002081528,0.9957623364154583,1,1,True,True
POLK,POLK - SA04,SA04,SA04 SALUDA,85584720.81159051,POLK - SA04,SA04,SALUDA,85558965.2121093,85402208.0056939,0.9978674604045458,0.9981678459290995,0.9960431051557009,1,1,True,True
POLK,POLK - TR123,TR123,TR123 TRYON,45127138.29741262,POLK - TR123,TR123,TRYON,45074266.084515765,44908160.574269064,0.9951475380135923,0.9963148482565363,0.9914979983543343,1,1,True,True
POLK,POLK - WO06,WO06,WO06 WHITE OAK,112937408.94326721,POLK - WO06,WO06,WHITE OAK,112893888.59849048,112868473.23906462,0.9993896114241719,0.9997748739126504,0.9991647600508319,1,1,True,True
RANDOLPH,RANDOLPH - 01,01,01 ARCHDALE 1,7977272.204512746,RANDOLPH - AR,AR,ARCHDALE,23518415.291085754,7955687.359243143,0.9972942072532773,0.3382748055417921,0.3379646267272666,1,2,True,False
RANDOLPH,RANDOLPH - 02,02,02 ARCHDALE 2,6032824.497731986,RANDOLPH - AR,AR,ARCHDALE,23518415.291085754,6001633.379096883,0.9948297652870841,0.2551886810746002,0.2548506872972415,1,3,True,False
RANDOLPH,RANDOLPH - 03,03,03 ARCHDALE 3,9445569.951537853,RANDOLPH - AR,AR,ARCHDALE,23518415.291085754,9444449.82451045,0.999881412446983,0.40157679450835293,0.4015576692572325,1,1,True,True
RANDOLPH,RANDOLPH - 04,04,04 ASHEBORO ARMORY,16373485.314599453,RANDOLPH - AS,AS,ASHEBORO SOUTH,27321787.07868794,16369193.336255662,0.9997378702053152,0.5991260121130316,0.5990319102163115,1,1,True,True
RANDOLPH,RANDOLPH - 05,05,05 ASHEBORO EASTSIDE,14821876.11025279,RANDOLPH - AE,AE,ASHEBORO EAST,18794949.70931432,14817556.485751035,0.9997085642553194,0.7883796825701435,0.7881985316895933,1,1,True,True
RANDOLPH,RANDOLPH - 06,06,06 ASHEBORO LINDLEY PARK,3974142.2616965733,RANDOLPH - AE,AE,ASHEBORO EAST,18794949.70931432,3971033.129174864,0.999217659480468,0.21128192363328946,0.21124697834954795,1,2,True,False
RANDOLPH,RANDOLPH - 07,07,07 ASHEBORO LOFLIN,9266438.504774375,RANDOLPH - AW,AW,ASHEBORO WEST,28257757.50920178,9263359.62155813,0.9996677382346347,0.32781651617406776,0.32778080212952776,1,2,True,False
RANDOLPH,RANDOLPH - 08,08,08 ASHEBORO MCCRARY,6844100.06587921,RANDOLPH - AW,AW,ASHEBORO WEST,28257757.50920178,6841787.564612975,0.9996621175546858,0.242120683581669,0.2421008710197342,1,3,True,False
RANDOLPH,RANDOLPH - 09,09,09 ASHEBORO NORTH 1,10533663.836954633,RANDOLPH - AN,AN,ASHEBORO NORTH,16173664.888548397,10478081.492245205,0.9947233606872443,0.6478483117122148,0.6456295440969666,1,1,True,True
RANDOLPH,RANDOLPH - 10,10,10 ASHEBORO NORTH 2,5692945.7598012965,RANDOLPH - AN,AN,ASHEBORO NORTH,16173664.888548397,5688173.835427181,0.9991617829195193,0.3516935632476617,0.35158982917828974,1,2,True,False
RANDOLPH,RANDOLPH - 11,11,11 ASHEBORO SOUTHPOINTE,10955416.754848583,RANDOLPH - AS,AS,ASHEBORO SOUTH,27321787.07868794,10944873.106079143,0.9990375857892605,0.40059140621209843,0.40043687511377124,1,2,True,False
RANDOLPH,RANDOLPH - 12,12,12 ASHEBORO WESTSIDE,12126709.08709238,RANDOLPH - AW,AW,ASHEBORO WEST,28257757.50920178,12126117.496272406,0.9999512158809348,0.4291252585179022,0.4291162747459678,1,1,True,True
RANDOLPH,RANDOLPH - 13,13,13 BACK CREEK,90521360.87661967,RANDOLPH - BC,BC,BACK CREEK,90565790.01732735,90510720.66529092,0.9998824563481403,0.9993919409080858,0.9992745401513475,1,1,True,True
RANDOLPH,RANDOLPH - 14,14,14 BROWER,82920019.29756843,RANDOLPH - SO,SO,SOUTHERN,207057517.87695655,82916664.83104452,0.9999595457580411,0.4004523268762333,0.4004458393930612,1,2,True,False
RANDOLPH,RANDOLPH - 15,15,15 CEDAR GROVE EAST,40682623.72576656,RANDOLPH - UG,UG,UNION GROVE,232240515.26278168,40680048.52026491,0.9999367001125834,0.17516344413133583,0.17516150184808385,1,3,True,False
RANDOLPH,RANDOLPH - 16,16,16 CEDAR GROVE WEST,64904429.278688945,RANDOLPH - UG,UG,UNION GROVE,232240515.26278168,64904244.89113242,0.9999971590913198,0.27946994871972636,0.2794697268344967,1,2,True,False
RANDOLPH,RANDOLPH - 17,17,17 COLERIDGE,126547328.1751352,RANDOLPH - SE,SE,SOUTHEAST,167371386.9901378,126542148.62120652,0.9999590702229485,0.7560560433705608,0.7560326468274808,1,1,True,True
RANDOLPH,RANDOLPH - 18,18,18 CONCORD,132504885.51922953,RANDOLPH - SW,SW,SOUTHWEST,263767848.58280542,132392245.1501724,0.9991499153513039,0.5019271524619123,0.5017128991841591,1,1,True,True
RANDOLPH,RANDOLPH - 19,19,19 FALLS,54587871.02396445,RANDOLPH - DR,DR,DEEP RIVER,95491734.14445972,54583282.75076772,0.9999159470206356,0.5716021731074046,0.5715747095688758,1,1,True,True
RANDOLPH,RANDOLPH - 20,20,20 FRANKLINVILLE,40903906.4831748,RANDOLPH - DR,DR,DEEP RIVER,95491734.14445972,40896941.64146156,0.9998297267348754,0.42827729549442195,0.4282460606859464,1,2,True,False
RANDOLPH,RANDOLPH - 21,21,21 GRANT,108018925.40701176,RANDOLPH - GR,GR,GRANT,108015658.10667625,108003341.90686966,0.9998557336125741,0.9998859776441447,0.9997417441516572,1,1,True,True
RANDOLPH,RANDOLPH - 22,22,22 LEVEL CROSS,43335290.38764811,RANDOLPH - LC,LC,LEVEL CROSS,43284073.69623325,43256182.72728783,0.9981745210507962,0.9993556297602403,0.9975325004771718,1,1,True,True
RANDOLPH,RANDOLPH - 23,23,23 LIBERTY,59013011.04218269,RANDOLPH - LB,LB,LIBERTY,59350856.36819049,59006608.63004504,0.9998915084652591,0.9941997848184386,0.9940925481147841,1,1,True,True
RANDOLPH,RANDOLPH - 24,24,24 NEW HOPE,131441491.44333482,RANDOLPH - SW,SW,SOUTHWEST,263767848.58280542,131350010.87263219,0.999304020597316,0.4979758207012751,0.49780317146268277,1,2,True,False
RANDOLPH,RANDOLPH - 25,25,25 NEW MARKET NORTH,44322281.42275,RANDOLPH - NM,NM,NEW MARKET,88275844.58694811,44319755.15835596,0.9999430023836104,0.5020598258304151,0.5020454583715522,1,1,True,True
RANDOLPH,RANDOLPH - 26,26,26 NEW MARKET SOUTH,43864216.86564536,RANDOLPH - NM,NM,NEW MARKET,88275844.58694811,43855699.10859999,0.9998058153626348,0.49680293985070756,0.49675500784294624,1,2,True,False
RANDOLPH,RANDOLPH - 27,27,27 PLEASANT GROVE,40155389.2898411,RANDOLPH - SE,SE,SOUTHEAST,167371386.9901378,40153491.96182699,0.9999527503518788,0.2399065496433569,0.23990383008498017,1,2,True,False
RANDOLPH,RANDOLPH - 28,28,28 PROSPECT,22493550.34217043,RANDOLPH - TR,TR,TRINITY,79125224.3497518,22476091.123481266,0.9992238122295692,0.28405721826622243,0.28399455401388307,1,3,True,False
RANDOLPH,RANDOLPH - 29,29,29 PROVIDENCE 1,54042968.15133505,RANDOLPH - PR,PR,PROVIDENCE,131689762.78795382,53935953.48137868,0.9980198224927858,0.40956830918000875,0.40923575311697835,1,2,True,False
RANDOLPH,RANDOLPH - 30,30,30 PROVIDENCE 2,77845082.18851286,RANDOLPH - PR,PR,PROVIDENCE,131689762.78795382,77688730.01410191,0.9979914958014647,0.5899375043996085,0.5892379160074456,1,1,True,True
RANDOLPH,RANDOLPH - 31,31,31 RAMSEUR,80178509.74402134,RANDOLPH - RM,RM,RAMSEUR,80574763.11099945,80158100.33299221,0.999745450357031,0.994828867477609,0.9945769433160913,1,1,True,True
RANDOLPH,RANDOLPH - 32,32,32 RANDLEMAN EAST,30151074.029218998,RANDOLPH - RN,RN,RANDLEMAN,43893332.25967454,30082780.572404437,0.997734957741526,0.6853610565366425,0.6842963626142926,1,1,True,True
RANDOLPH,RANDOLPH - 33,33,33 RANDLEMAN WEST,13801016.302395565,RANDOLPH - RN,RN,RANDLEMAN,43893332.25967454,13799921.503127094,0.9999206725617532,0.3143967612549045,0.31438891968212873,1,2,True,False
RANDOLPH,RANDOLPH - 34,34,34 RICHLAND,124057699.39901999,RANDOLPH - SO,SO,SOUTHERN,207057517.87695655,124047297.03145966,0.9999161489564072,0.5990958372502778,0.5990657407722934,1,1,True,True
RANDOLPH,RANDOLPH - 35,35,35 STALEY,80955613.23403962,RANDOLPH - ST,ST,STALEY,81081698.13626672,80917938.7057823,0.9995346273500714,0.9979803157278574,0.9975168205556174,1,1,True,True
RANDOLPH,RANDOLPH - 36,36,36 TABERNACLE,101255341.32727924,RANDOLPH - TB,TB,TABERNACLE,101507423.26646255,101243415.44605072,0.9998822197320932,0.9973991279463493,0.9972819595086361,1,1,True,True
RANDOLPH,RANDOLPH - 37,37,37 TRINITY EAST,30521128.75530658,RANDOLPH - TR,TR,TRINITY,79125224.3497518,30495366.938924428,0.9991559350052651,0.3854063882855845,0.38528094741506047,1,1,True,True
RANDOLPH,RANDOLPH - 38,38,38 TRINITY TABERNACLE,58611163.666175105,RANDOLPH - TT,TT,TRINITY TABERNACLE,58636981.91562611,58599649.61109636,0.9998035518430529,0.9993633317522469,0.9991671336357392,1,1,True,True
RANDOLPH,RANDOLPH - 39,39,39 TRINITY WEST,26076282.338615205,RANDOLPH - TR,TR,TRINITY,79125224.3497518,26066042.13056177,0.9996072980066537,0.329427718464896,0.329385090189514,1,2,True,False
RANDOLPH,RANDOLPH - 40,40,40 UNION,126650034.84914938,RANDOLPH - UG,UG,UNION GROVE,232240515.26278168,126637842.4535555,0.9999037316049032,0.5452874676507841,0.5452588421049938,1,1,True,True
RICHMOND,RICHMOND - 01,01,01 ROCKINGHAM 1,53104369.24777897,RICHMOND - 01,01,ROCKINGHAM 1,53068353.54902674,52987067.98738054,0.9977911184699114,0.9984682855937653,0.9962661581820097,1,1,True,True
RICHMOND,RICHMOND - 02,02,02 ROCKINGHAM 2,74106588.03748274,RICHMOND - 02,02,ROCKINGHAM 2,74117782.76359081,74041897.24908037,0.999127057524634,0.998976149694703,0.9981049930504909,1,1,True,True
RICHMOND,RICHMOND - 03,03,03 ROCKINGHAM 3,24523377.163316403,RICHMOND - 03,03,ROCKINGHAM 3,24517630.75023333,24517081.853239235,0.9997432935098929,0.9999776121518557,0.9997209171543563,1,1,True,True
RICHMOND,RICHMOND - 04,04,04 WOLF PIT 1,16245484.350363063,RICHMOND - 04,04,WOLF PIT 1,16229150.224887375,16228023.730853936,0.9989252016663488,0.999930588230571,0.9988559390188767,1,1,True,True
RICHMOND,RICHMOND - 05,05,05 WOLF PIT 2,6460553.137614064,RICHMOND - 05,05,WOLF PIT 2,6461411.059845185,6460547.491543926,0.999999126070165,0.9998663498896355,0.9998654761933864,1,1,True,True
RICHMOND,RICHMOND - 06,06,06 WOLF PIT 3,18083876.532443758,RICHMOND - 06,06,WOLF PIT 3,18050322.0038258,18034290.375439357,0.9972579907347056,0.9991118369864513,0.9963746895946771,1,1,True,True
RICHMOND,RICHMOND - 07,07,07 WOLF PIT 4,105447846.6056057,RICHMOND - 07,07,WOLF PIT 4,104766804.3802927,104683440.89490378,0.992750864666199,0.9992042948538707,0.9919666495308842,1,1,True,True
RICHMOND,RICHMOND - 08,08,08 MARKS CREEK 1,128405334.64150326,RICHMOND - 08,08,MARKS CREEK 1,129366359.92596939,128060272.5061333,0.9973127118407242,0.9899039640553888,0.9872705924507926,1,1,True,True
RICHMOND,RICHMOND - 09,09,09 MARKS CREEK 2,106019945.2943977,RICHMOND - 09,09,MARKS CREEK 2,106172882.52238262,105793348.79687245,0.9978626993543901,0.9964253233359266,0.9943032594837986,1,1,True,True
RICHMOND,RICHMOND - 10,10,10 BEAVER DAM 1,187111984.53150037,RICHMOND - 10,10,BEAVER DAM 1,187165506.643857,186396103.14063007,0.9961740484306082,0.9958891810941908,0.9920945607777676,1,1,True,True
RICHMOND,RICHMOND - 11,11,11 BEAVER DAM 2,61276494.24357289,RICHMOND - 11,11,BEAVER DAM 2,61276507.88323215,61276485.1736569,0.9999998519837647,0.9999996293918171,0.9999994813756915,1,1,True,True
RICHMOND,RICHMOND - 12,12,12 MINERAL SPRINGS 1,96977419.19911326,RICHMOND - 12,12,MINERAL SPRINGS 1,96902226.88918275,96901127.32334438,0.9992133026801606,0.9999886528321003,0.9992019733587104,1,1,True,True
RICHMOND,RICHMOND - 13,13,13 MINERAL SPRINGS 2,107002584.86160149,RICHMOND - 13,13,MINERAL SPRINGS 2,106983548.11042918,106912291.7938866,0.9991561599392046,0.9993339507073645,0.9984912338767348,1,1,True,True
RICHMOND,RICHMOND - 14,14,14 STEELES 1,80703340.62609346,RICHMOND - 14,14,STEELES 1,80693175.34559517,80422018.93948826,0.9965141258785235,0.9966396612235721,0.9931771346169349,1,1,True,True
RICHMOND,RICHMOND - 15,15,15 STEELES 2,102339893.72716086,RICHMOND - 15,15,STEELES 2,102315036.70975064,102266306.63840441,0.9992809540241205,0.9995237252224767,0.9988053637644024,1,1,True,True
RICHMOND,RICHMOND - 16,16,16 BLACK JACK 1,74154144.36184111,RICHMOND - 16,16,BLACK JACK 1,74337993.94752139,74062656.98909684,0.9987662540842241,0.9962961475847879,0.9950715183733391,1,1,True,True
ROBESON,ROBESON - 01,01,01 ALFORDSVILLE,109770633.50395663,ROBESON - 01,01,ALFORDSVILLE,109473683.33710897,109461443.13008626,0.9971833051882749,0.9998881904157274,0.9970721245488683,1,1,True,True
ROBESON,ROBESON - 02,02,02 BACK SWAMP,96116275.5354267,ROBESON - 02,02,BACK SWAMP,96121135.80885097,96101944.46399517,0.9998508985980605,0.9998003420923577,0.9996513002185855,1,1,True,True
ROBESON,ROBESON - 03,03,03 BRITTS,65415760.748151526,ROBESON - 03,03,BRITTS,65525752.620241396,65381558.83768908,0.9994771610072055,0.9977994334015818,0.9972788923620866,1,1,True,True
ROBESON,ROBESON - 04,04,04 BURNT SWAMP,46227711.721108794,ROBESON - 04,04,BURNT SWAMP,46217617.607784644,46209348.35820778,0.9996027628836183,0.9998210801420566,0.9994239851319523,1,1,True,True
ROBESON,ROBESON - 05,05,05 FAIRMONT 1,74554650.80536677,ROBESON - 05A,05A,FAIRMONT,90153654.41824147,74543031.13504346,0.9998441456006059,0.8268442540246111,0.8267376979503617,1,1,True,True
ROBESON,ROBESON - 06,06,06 FAIRMONT 2,15597913.753098683,ROBESON - 05A,05A,FAIRMONT,90153654.41824147,15597894.626533555,0.9999987737741449,0.17301455750392206,0.17301452079799456,1,2,True,False
ROBESON,ROBESON - 07,07,07 GADDYS,50091621.74409004,ROBESON - 07,07,GADDYS,50017042.6830527,50006903.88015661,0.9983087418417745,0.9997972930354891,0.9981067198878057,1,1,True,True
ROBESON,ROBESON - 08,08,08 EAST HOWELLSVILLE,99262283.37449744,ROBESON - 08,08,EAST HOWELLSVILLE,98618712.7202518,98378514.2680513,0.9910966272747136,0.9975643724646673,0.9887041253844879,1,1,True,True
ROBESON,ROBESON - 09,09,09 WEST HOWELLSVILLE,85271736.68933333,ROBESON - 09,09,WEST HOWELLSVILLE,85109767.26130396,85001603.22233318,0.9968320867207816,0.9987291230789211,0.9955692440171049,1,1,True,True
ROBESON,ROBESON - 10,10,10 LUMBER BRIDGE,61041818.00621615,ROBESON - 10,10,LUMBER BRIDGE,61756138.38690457,61030987.89151547,0.9998225787656,0.9882578393932924,0.988084559952612,1,1,True,True
ROBESON,ROBESON - 11,11,11 LUMBERTON 1,18285285.534276485,ROBESON - 11,11,LUMBERTON 1,18278410.143533107,18272873.800403245,0.9993212173881576,0.9996971102472049,0.9990187386262136,1,1,True,True
ROBESON,ROBESON - 11A,11A,11A LUMBERTON 1,22395340.236631684,ROBESON - 11A,11A,LUMBERTON 1A,22397262.231649186,22390221.045578893,0.9997714171341582,0.9996856229124137,0.9994571837299959,1,1,True,True
ROBESON,ROBESON - 12,12,12 LUMBERTON 2,19223409.219726816,ROBESON - 12,12,LUMBERTON 2,19227882.06241794,19216163.1443479,0.9996230598175332,0.9993905247581611,0.9990140438206028,1,1,True,True
ROBESON,ROBESON - 13,13,13 LUMBERTON 3,5234000.053196946,ROBESON - 13,13,LUMBERTON 3,5234004.119970124,5230763.143144297,0.9993815609438766,0.9993807844335734,0.9987631107979678,1,1,True,True
ROBESON,ROBESON - 14,14,14 LUMBERTON 4,8113959.3165404005,ROBESON - 14,14,LUMBERTON 4,8113964.423496238,8110659.1178139495,0.9995932690074347,0.9995926398601506,0.9991862401047447,1,1,True,True
ROBESON,ROBESON - 15,15,15 LUMBERTON 5,9422144.24242457,ROBESON - 15,15,LUMBERTON 5,9464446.326974422,9416930.6328432,0.9994466642149358,0.9949795590265225,0.9944317637522505,1,1,True,True
ROBESON,ROBESON - 16,16,16 LUMBERTON 6,4500153.383797346,ROBESON - 16,16,LUMBERTON 6,4473948.022259488,4469148.589412645,0.9931102805303632,0.9989272488587343,0.9920522525565068,1,1,True,True
ROBESON,ROBESON - 17,17,17 LUMBERTON 7,10546252.497688273,ROBESON - 17,17,LUMBERTON 7,10546259.568029286,10540179.758845732,0.9994241804049474,0.9994235103787901,0.9988483543094845,1,1,True,True
ROBESON,ROBESON - 18A,18A,18A LUMBERTON 8A,2876050.204118664,ROBESON - 18A,18A,LUMBERTON 8A,2876057.4835989526,2873855.0619741697,0.999236751103527,0.9992342219731899,0.998472141142183,1,1,True,True
ROBESON,ROBESON - 19,19,19 MAXTON,115168391.70733675,ROBESON - 19,19,MAXTON,114709653.25071241,114684717.72913942,0.9958002888550668,0.9997826205479107,0.9955847312339573,1,1,True,True
ROBESON,ROBESON - 20,20,20 ORRUM,87492096.75462453,ROBESON - 20,20,ORRUM,87475870.77088718,87442693.8115892,0.9994353439354198,0.9996207301624367,0.9990565022098277,1,1,True,True
ROBESON,ROBESON - 21,21,21 PARKTON,69971500.76465127,ROBESON - 21,21,PARKTON,69516532.50625373,68897088.63380405,0.9846450037643041,0.9910892581934527,0.9760046276189558,1,1,True,True
ROBESON,ROBESON - 22,22,22 NORTH PEMBROKE,29877996.19321778,ROBESON - 22,22,NORTH PEMBROKE,29884486.14237404,29868713.916215356,0.9996893273249519,0.999472226958043,0.9991618820748985,1,1,True,True
ROBESON,ROBESON - 23,23,23 SOUTH PEMBROKE,62063599.76217881,ROBESON - 23,23,SOUTH PEMBROKE,62049613.32360756,62036024.53190499,0.9995556939916556,0.9997810011863942,0.9993368897185048,1,1,True,True
ROBESON,ROBESON - 24,24,24 PHILADELPHUS,59455179.755482055,ROBESON - 24,24,PHILADELPHUS,59455209.623263374,59444720.76196058,0.999824086083593,0.9998235838142822,0.9996477319550668,1,1,True,True
ROBESON,ROBESON - 25,25,25 RAFT SWAMP,45066322.28682591,ROBESON - 25,25,RAFT SWAMP,45067575.25499069,45055977.3718334,0.9997704513155817,0.9997426557099718,0.9995132251428848,1,1,True,True
ROBESON,ROBESON - 26,26,26 RED SPRINGS 1,31624137.763723966,ROBESON - 26A,26A,RED SPRINGS,49346358.40031052,31615871.000303082,0.9997385932390427,0.6406930931726896,0.6405857788488734,1,1,True,True
ROBESON,ROBESON - 27,27,27 RED SPRINGS 2,17672529.220005665,ROBESON - 26A,26A,RED SPRINGS,49346358.40031052,17659522.39302655,0.9992640087438989,0.35786880664562726,0.35777450361665136,1,2,True,False
ROBESON,ROBESON - 28,28,28 RENNERT,49731273.453713074,ROBESON - 28,28,RENNERT,49731301.823431276,49721043.123913616,0.9997942877974162,0.9997937174547716,0.9995880901043821,1,1,True,True
ROBESON,ROBESON - 29,29,29 ROWLAND,98604515.05330692,ROBESON - 29,29,ROWLAND,98597690.96193723,98574081.12472458,0.9996913536001278,0.9997605437106862,0.9994520450849594,1,1,True,True
ROBESON,ROBESON - 30,30,30 SADDLETREE,89319550.82125504,ROBESON - 30,30,SADDLETREE,89319551.71516164,89309273.96565303,0.9998849428203845,0.999884932813575,0.9997699021095251,1,1,True,True
ROBESON,ROBESON - 31,31,31 NORTH ST PAULS,71513190.65467826,ROBESON - 32A,32A,ST PAULS,148578572.76408666,71301102.45614046,0.9970342786191442,0.47988819067034977,0.4792041516238104,1,2,True,False
ROBESON,ROBESON - 32,32,32 SOUTH ST PAULS,77460958.34253603,ROBESON - 32A,32A,ST PAULS,148578572.76408666,77146462.31385995,0.9959399414181611,0.5192300671534464,0.5181333351469602,1,1,True,True
ROBESON,ROBESON - 33,33,33 SHANNON,26824770.759675533,ROBESON - 33,33,SHANNON,26967261.003344126,26819452.400282953,0.9998017370049411,0.9945189612306996,0.9943228654406964,1,1,True,True
ROBESON,ROBESON - 34,34,34 OXENDINE,89348209.78662318,ROBESON - 34,34,OXENDINE,89396194.41288899,89264736.80014545,0.9990657564748406,0.9985294943078182,0.9975979951036026,1,1,True,True
ROBESON,ROBESON - 35,35,35 PROSPECT,58242491.829400726,ROBESON - 35,35,PROSPECT,58259868.984321214,58230235.473386995,0.9997895633303322,0.9994913563753088,0.9992811337032365,1,1,True,True
ROBESON,ROBESON - 36,36,36 SMYRNA,47739703.93900407,ROBESON - 36,36,SMYRNA,47733342.55136858,47725662.49478565,0.999705874920457,0.9998391049909261,0.9995450745363691,1,1,True,True
ROBESON,ROBESON - 37,37,37 STERLINGS,113157547.62868486,ROBESON - 37,37,STERLINGS,113155213.14497823,113068182.09266531,0.9992102556312656,0.9992308701482325,0.9984423396652887,1,1,True,True
ROBESON,ROBESON - 38,38,38 THOMPSON,58998038.98893214,ROBESON - 38,38,THOMPSON,58998708.9007319,58989487.402105495,0.9998550530327246,0.9998436999927928,0.9996987983291176,1,1,True,True
ROBESON,ROBESON - 39,39,39 UNION,113358504.56119442,ROBESON - 39,39,UNION,113352320.17007329,113339796.23884399,0.999834963222011,0.999889513234396,0.9997245129201435,1,1,True,True
ROBESON,ROBESON - 40,40,40 WHITEHOUSE,59873193.12122488,ROBESON - 40,40,WHITEHOUSE,59762907.13634992,59754195.83758848,0.9980125114858086,0.9998542356926922,0.9978673259704277,1,1,True,True
ROBESON,ROBESON - 41,41,41 WISHARTS,186533973.87536427,ROBESON - 41,41,WISHARTS,183595450.39268622,183307765.85862094,0.9827044481510967,0.9984330519440979,0.9811911928160506,1,1,True,True
ROCKINGHAM,ROCKINGHAM - DR,DR,DR DRAPER,41243667.4322143,ROCKINGHAM - DR,DR,DRAPER,41198257.09430705,41181546.67110609,0.9984938109296342,0.9995943900451248,0.9980894216580999,1,1,True,True
ROCKINGHAM,ROCKINGHAM - EC,EC,EC EDEN CENTRAL,27046023.22884531,ROCKINGHAM - EC,EC,EDEN CENTRAL,27047113.966993023,27033860.452106107,0.9995502933412321,0.9995099841371952,0.9990607179982368,1,1,True,True
ROCKINGHAM,ROCKINGHAM - ED-1,ED-1,ED 1 EDEN 1,35349113.06968541,ROCKINGHAM - ED-1,ED-1,EDEN 1,35299736.66252729,35291170.49775647,0.9983608479280737,0.9997573306324431,0.9981189733562905,1,1,True,True
ROCKINGHAM,ROCKINGHAM - HO,HO,HO HOGANS,71970751.47938621,ROCKINGHAM - HO,HO,HOGANS,71970754.75112629,71970736.72155161,0.9999997949467764,0.9999997494874864,0.9999995444343656,1,1,True,True
ROCKINGHAM,ROCKINGHAM - HU,HU,HU HUNTSVILLE,110087689.50658949,ROCKINGHAM - HU,HU,HUNTSVILLE,110088703.02516283,109844573.24929841,0.9977916126827557,0.9977824266327434,0.995583812210074,1,1,True,True
ROCKINGHAM,ROCKINGHAM - IR,IR,IR IRONWORKS,92976592.93699867,ROCKINGHAM - IR,IR,IRONWORKS,92904366.85364816,92850870.63685851,0.998647806978415,0.9994241797387854,0.9980735424574996,1,1,True,True
ROCKINGHAM,ROCKINGHAM - LI,LI,LI LINCOLN,212918871.08505183,ROCKINGHAM - LI,LI,LINCOLN,212895641.14372107,212168051.43063548,0.9964736819682064,0.9965824114144525,0.9930801129961203,1,1,True,True
ROCKINGHAM,ROCKINGHAM - LK-2,LK-2,LK 2 LEAKSVILLE 2,22870272.413306136,ROCKINGHAM - LK-2,LK-2,LEAKSVILLE 2,22893469.74402254,22870265.787374463,0.9999997102819086,0.9989864377524452,0.9989861486213506,1,1,True,True
ROCKINGHAM,ROCKINGHAM - MA,MA,MA MATRIMONY,155911345.60466677,ROCKINGHAM - MA,MA,MATRIMONY,155914260.29116282,155853377.9089543,0.9996282009145154,0.9996095137026284,0.9992380048714122,1,1,True,True
ROCKINGHAM,ROCKINGHAM - MC,MC,MC MCCOY,31990813.76522497,ROCKINGHAM - MC,MC,MCCOY,31990798.15573516,31990786.444998723,0.9999991459977715,0.9999996339342213,0.9999987799326181,1,1,True,True
ROCKINGHAM,ROCKINGHAM - MS,MS,MS MOSS STREET,96410631.13596027,ROCKINGHAM - MS,MS,MOSS STREET,96411790.32845214,96410607.31359264,0.9999997529072536,0.9999877295623755,0.9999874824756931,1,1,True,True
ROCKINGHAM,ROCKINGHAM - NB,NB,NB NEW BETHEL,116067444.55050492,ROCKINGHAM - NB,NB,NEW BETHEL,116010956.90986079,115983207.32411121,0.9992742389847563,0.9997608020269055,0.9990353880453323,1,1,True,True
ROCKINGHAM,ROCKINGHAM - RC,RC,RC ROCK CENTRAL,146081623.71602345,ROCKINGHAM - RC,RC,ROCK CENTRAL,146081672.86185017,146081599.29419044,0.9999998328206355,0.9999994963936386,0.9999993292144428,1,1,True,True
ROCKINGHAM,ROCKINGHAM - SE,SE,SE SOUTHEAST,161525628.5139105,ROCKINGHAM - SE,SE,SOUTHEAST,162167016.51567954,161289652.58972484,0.9985390806006655,0.9945897510800548,0.9931445853711558,1,1,True,True
ROCKINGHAM,ROCKINGHAM - WS,WS,WS WESTERN,160849544.34772104,ROCKINGHAM - WS,WS,WESTERN,160566975.2583362,160497353.8324362,0.9978104351074599,0.9995664025819259,0.9973787339801511,1,1,True,True
ROWAN,ROWAN - 01,01,01 BARNHARDT MILL,27504898.524179347,ROWAN - 01,01,BARNHARDT MILL,27625725.422394335,27460443.82804269,0.9983837534940339,0.9940171129689988,0.9924201328075981,1,1,True,True
ROWAN,ROWAN - 02,02,02 BLACKWELDER PARK,5610080.20159652,ROWAN - 02,02,BLACKWELDER PARK,5645170.871984998,5560007.195965623,0.9910744581482726,0.9849138887111438,0.9762544529160911,1,1,True,True
ROWAN,ROWAN - 03,03,03 BOSTIAN CROSS ROAD,23998470.29248122,ROWAN - 03,03,BOSTIAN CROSS ROAD,23990551.024647094,23978306.867394544,0.9991598037357825,0.9994896258431092,0.998650286629035,1,1,True,True
ROWAN,ROWAN - 04,04,04 BRADSHAW,105837693.72823551,ROWAN - 04,04,BRADSHAW,105867442.27965094,105691039.79845642,0.9986143506664491,0.998333741919177,0.9969527032486751,1,1,True,True
ROWAN,ROWAN - 05A,05A,05A CHINA GROVE,29939016.715319443,ROWAN - 05A,05A,CHINA GROVE,30061962.519870635,29918029.96344289,0.9992990166618995,0.9952121370541726,0.9945178477411063,1,1,True,True
ROWAN,ROWAN - 07,07,07 CLEVELAND,74214490.76665258,ROWAN - 07,07,CLEVELAND,73960784.93370053,73919439.84154509,0.9960243488561391,0.9994409862984485,0.9954697699733316,1,1,True,True
ROWAN,ROWAN - 08,08,08 SOUTH LOCKE,23310032.295370936,ROWAN - 08,08,SOUTH LOCKE,23397207.888844687,23239119.38309376,0.9969578372359759,0.99324327473167,0.9902420215078681,1,1,True,True
ROWAN,ROWAN - 09,09,09 EAST ENOCHVILLE,21411463.788277466,ROWAN - 09,09,EAST ENOCHVILLE,21424583.390889414,21327251.954050966,0.9960669744460626,0.9954570207941669,0.9915595797363413,1,1,True,True
ROWAN,ROWAN - 10,10,10 FAITH,23286690.294763748,ROWAN - 10,10,FAITH,23371695.219096106,23145743.515468482,0.9939473245226713,0.9903322501209494,0.9843956930510833,1,1,True,True
ROWAN,ROWAN - 11,11,11 FRANKLIN,48495669.72651607,ROWAN - 11,11,FRANKLIN,48564117.294085324,48420249.6547742,0.9984448081206592,0.9970375732675234,0.995491574901223,1,1,True,True
ROWAN,ROWAN - 12,12,12 MILFORD HILLS COUNTY,19774974.463223808,ROWAN - 12,12,MILFORD HILLS COUNTY,19752669.018281206,19734285.52826062,0.9979424026544833,0.9990693161514743,0.9970155430360368,1,1,True,True
ROWAN,ROWAN - 13,13,13 ROCK GROVE,37894133.70283323,ROWAN - 13,13,ROCK GROVE,37844799.90245989,37726765.140223764,0.9955832593001869,0.9968810837277421,0.9924917904878838,1,1,True,True
ROWAN,ROWAN - 14A,14A,14A GRANITE QUARRY,28363374.35146692,ROWAN - 14A,14A,GRANITE QUARRY,28275086.34643279,28150912.786636274,0.9925092987104457,0.9956083755757591,0.988183078246125,1,1,True,True
ROWAN,ROWAN - 15,15,15 HATTERS SHOP,82430691.42633656,ROWAN - 15,15,HATTERS SHOP,82346363.5231781,82256192.30530076,0.9978830807067567,0.9989049763217296,0.9967926857471878,1,1,True,True
ROWAN,ROWAN - 16,16,16 WEST KANNAPOLIS,6110160.928316064,ROWAN - 16,16,WEST KANNAPOLIS,6184851.496581258,6073202.370177325,0.9939512954613906,0.9819479697344958,0.9761150399585189,1,1,True,True
ROWAN,ROWAN - 17,17,17 EAST KANNAPOLIS,6481870.432908344,ROWAN - 17,17,EAST KANNAPOLIS,6478435.345755224,6470003.303970293,0.998169181402053,0.9986984447115836,0.9968723844840619,1,1,True,True
ROWAN,ROWAN - 18,18,18 EAST SPENCER,5468432.159845177,ROWAN - 18,18,EAST SPENCER,5464007.614832213,5397484.689190149,0.9870259941823917,0.9878252501952074,0.9751632318286482,1,1,True,True
ROWAN,ROWAN - 19A,19A,19A LANDIS,25104676.5196485,ROWAN - 19A,19A,LANDIS,25011255.183644027,24964504.41553799,0.9944164943132885,0.9981308107984677,0.9925681008048576,1,1,True,True
ROWAN,ROWAN - 21,21,21 NORTH LOCKE,35657879.93302899,ROWAN - 21,21,NORTH LOCKE,35625989.83562257,35575436.683777854,0.997687937437504,0.998581003585361,0.9962754904204354,1,1,True,True
ROWAN,ROWAN - 22,22,22 MORGAN 1,89861709.00069065,ROWAN - 22,22,MORGAN 1,90074146.8940667,89673078.69088705,0.997900882234477,0.9955473549624473,0.9934668693867977,1,1,True,True
ROWAN,ROWAN - 23,23,23 MORGAN 2,68514725.34496379,ROWAN - 23,23,MORGAN 2,68430780.80644019,68359940.30745503,0.9977408500620935,0.9989647860487588,0.9967103058243004,1,1,True,True
ROWAN,ROWAN - 24,24,24 MT ULLA,74047074.84139818,ROWAN - 24,24,MT ULLA,74048207.00189683,73581109.2867778,0.9937071713417654,0.9936919780500956,0.9874780429316086,1,1,True,True
ROWAN,ROWAN - 25,25,25 ROCKWELL,43382868.45399449,ROWAN - 25,25,ROCKWELL,43427826.56441147,43374620.819492824,0.9998098872943265,0.9987748467025,0.9985851995017117,1,1,True,True
ROWAN,ROWAN - 26,26,26 GOLD KNOB,28785846.664780512,ROWAN - 26,26,GOLD KNOB,28779075.19066,28770290.527316734,0.9994595907619138,0.9996947551898361,0.9991546757265383,1,1,True,True
ROWAN,ROWAN - 27,27,27 SCOTCH IRISH,91511986.56746627,ROWAN - 27,27,SCOTCH IRISH,91255629.64619172,91217073.1959469,0.996777325216277,0.9995774896256341,0.9963575331093376,1,1,True,True
ROWAN,ROWAN - 28,28,28 SPENCER,11416340.329274265,ROWAN - 28,28,SPENCER,11438841.13254128,11359680.186236147,0.9950369258970996,0.9930796358312962,0.9881848484822682,1,1,True,True
ROWAN,ROWAN - 29,29,29 STEELE,56925936.455712095,ROWAN - 29,29,STEELE,56926000.54471629,56885738.17975313,0.9992938495444825,0.9992927245094,0.9985875722342753,1,1,True,True
ROWAN,ROWAN - 30,30,30 SUMNER,35032730.82089088,ROWAN - 30,30,SUMNER,35061602.11918155,34978367.454099216,0.9984482121285491,0.9976260450164427,0.9960816104592379,1,1,True,True
ROWAN,ROWAN - 31,31,31 TRADING FORD,43326823.27553232,ROWAN - 31,31,TRADING FORD,43142125.23850581,43018782.565297425,0.9928903001201832,0.9971410153642988,0.9900717667234644,1,1,True,True
ROWAN,ROWAN - 32,32,32 UNITY,64402478.318391606,ROWAN - 32,32,UNITY,64436565.16528673,64370614.897893,0.9995052454295146,0.9989765086449819,0.9984827660602555,1,1,True,True
ROWAN,ROWAN - 33,33,33 BOSTIAN SCHOOL,25772360.264185674,ROWAN - 33,33,BOSTIAN SCHOOL,25762924.362066884,25738402.143810768,0.9986823822099795,0.9990481585897826,0.9977330462829829,1,1,True,True
ROWAN,ROWAN - 34,34,34 WEST WARD 2,7791312.876408098,ROWAN - 34,34,WEST WARD 2,7808311.586187167,7716863.126269009,0.9904445179753311,0.9882883182991916,0.9789543025623856,1,1,True,True
ROWAN,ROWAN - 35,35,35 WEST WARD 1,2222305.9114136654,ROWAN - 35,35,WEST WARD 1,2251162.359382046,2206446.5842072917,0.9928635715160001,0.9801365836682571,0.973279875203891,1,1,True,True
ROWAN,ROWAN - 36,36,36 SOUTH WARD,8539157.532050472,ROWAN - 36,36,SOUTH WARD,8539168.21713701,8481638.35630545,0.9932640690221334,0.9932628261478553,0.9866170501125999,1,1,True,True
ROWAN,ROWAN - 38,38,38 EAST WARD,6235157.095461895,ROWAN - 38,38,EAST WARD,6252283.517219284,6209739.385887697,0.9959234852971552,0.9931954251251697,0.9891740880219466,1,1,True,True
ROWAN,ROWAN - 39,39,39 WEST INNES,4878948.816612431,ROWAN - 39,39,WEST INNES,5225610.046722815,4830180.571472714,0.9900043540170651,0.9243285527020734,0.9157819754652146,1,1,True,True
ROWAN,ROWAN - 40,40,40 NORTH WARD,4974024.155412062,ROWAN - 40,40,NORTH WARD,5019944.8338050805,4967864.749737536,0.9987616856126795,0.9896253672516818,0.9884125981143395,1,1,True,True
ROWAN,ROWAN - 41,41,41 MILFORD HILLS CITY,5916595.183479624,ROWAN - 41,41,MILFORD HILLS CITY,5883326.485340027,5842126.202017819,0.9874135412086772,0.9929971108309439,0.9805852239425558,1,1,True,True
ROWAN,ROWAN - 42,42,42 WEST WARD 3,3335135.3651005793,ROWAN - 42,42,WEST WARD 3,3308635.0221203584,3303587.5095895394,0.990540757103546,0.9984744426335715,0.9890439028692316,1,1,True,True
ROWAN,ROWAN - 44,44,44 WEST ENOCHVILLE,28498967.19976448,ROWAN - 44,44,WEST ENOCHVILLE,29226652.274537362,28494617.728715982,0.9998473814500712,0.9749531852315793,0.9748081156000382,1,1,True,True
ROWAN,ROWAN - 45,45,45 ELLIS,20173905.173871096,ROWAN - 45,45,ELLIS,19836065.74087897,19726026.12306466,0.977799090114366,0.9944525482395666,0.9724945677800579,1,1,True,True
RUTHERFORD,RUTHERFORD - 03A,03A,03A BOSTIC SUNSHINE,85580224.62461746,RUTHERFORD - 03A,03A,BOSTIC SUNSHINE,85744003.78114444,85564890.70091538,0.9998208239839363,0.9979110716513048,0.9977326433583203,1,1,True,True
RUTHERFORD,RUTHERFORD - 04A,04A,04A CAMP CREEK MT VERNON,171933245.9612168,RUTHERFORD - 04A,04A,CAMP CREEK MT VERNON,176599461.54345164,171908105.39395872,0.9998537771614935,0.9734350483943088,0.9732964906338772,1,1,True,True
RUTHERFORD,RUTHERFORD - 05A,05A,05A CAROLEEN CLIFFSIDE,59742872.468534395,RUTHERFORD - 05A,05A,CAROLEEN CLIFFSIDE,59652668.64403402,59624119.52971906,0.9980122660008041,0.9995214109449936,0.9975355772168458,1,1,True,True
RUTHERFORD,RUTHERFORD - 06A,06A,06A CHIMNEY ROCK,169984018.14002952,RUTHERFORD - 06A,06A,CHIMNEY ROCK,169579552.95144317,169371528.5876709,0.9963967815382851,0.9987732933590653,0.9951788937716487,1,1,True,True
RUTHERFORD,RUTHERFORD - 09A,09A,09A DANIELTOWN SULPHUR SPRINGS,119302670.59487934,RUTHERFORD - 09A,09A,DANIELTOWN SULPHUR SPRINGS,119207693.55847271,119083752.36068296,0.9981650181583968,0.9989602919569202,0.9971291203288816,1,1,True,True
RUTHERFORD,RUTHERFORD - 10A,10A,10A DUNCAN CREEK GOLDEN VALLEY,221932248.17683113,RUTHERFORD - 10A,10A,DUNCAN CREEK GOLDEN VALLEY,222719068.8638349,221394537.33544922,0.9975771396640227,0.994052904696744,0.9916587421343871,1,1,True,True
RUTHERFORD,RUTHERFORD - 11,11,11 ELLENBORO,136486108.25975662,RUTHERFORD - 11,11,ELLENBORO,136292708.85697848,136278783.99199426,0.998480986303985,0.9998978311818659,0.9983791276259663,1,1,True,True
RUTHERFORD,RUTHERFORD - 13,13,13 FOREST CITY 1,29338886.889322955,RUTHERFORD - 13,13,FOREST CITY 1,29326185.386082325,29318761.741427384,0.9993140452815579,0.9997468595196679,0.9990612519240326,1,1,True,True
RUTHERFORD,RUTHERFORD - 14,14,14 FOREST CITY 2,20242204.51544511,RUTHERFORD - 14,14,FOREST CITY 2,20194116.967860993,20183086.433013704,0.9970794642260284,0.9994537748362632,0.9965364240772151,1,1,True,True
RUTHERFORD,RUTHERFORD - 16A,16A,16A GILKEY MORGAN,144872716.33899423,RUTHERFORD - 16A,16A,GILKEY MORGAN,142966960.3963727,142888797.341025,0.9863057789754768,0.999453278889535,0.9857739251949826,1,1,True,True
RUTHERFORD,RUTHERFORD - 18,18,18 GREEN HILL,115393736.4526133,RUTHERFORD - 18,18,GREEN HILL,115559753.41195007,115355129.23967202,0.999665430601971,0.9982292782198262,0.9978958924339024,1,1,True,True
RUTHERFORD,RUTHERFORD - 19,19,19 HAYNES,45649754.53206284,RUTHERFORD - 19,19,HAYNES,45647622.807529114,45636500.77268595,0.9997096641698789,0.9997563501851989,0.9994661557978562,1,1,True,True
RUTHERFORD,RUTHERFORD - 27,27,27 RUTHERFORDTON 1,25585197.34184734,RUTHERFORD - 27,27,RUTHERFORDTON 1,25585124.713841125,25578077.795783967,0.9997217318292194,0.9997245697202584,0.9994464547940123,1,1,True,True
RUTHERFORD,RUTHERFORD - 28,28,28 RUTHERFORDTON 2,20406742.541600626,RUTHERFORD - 28,28,RUTHERFORDTON 2,20394705.10905877,20377927.288634066,0.9985879543044257,0.9991773442991704,0.997767619265284,1,1,True,True
RUTHERFORD,RUTHERFORD - 29,29,29 SANDY MUSH,21101750.66521106,RUTHERFORD - 29,29,SANDY MUSH,21122793.44374394,21091787.576331805,0.999527854866768,0.9985321133071384,0.9980613529414328,1,1,True,True
RUTHERFORD,RUTHERFORD - 30,30,30 SPINDALE,22637047.129469827,RUTHERFORD - 30,30,SPINDALE,22661093.97095105,22622184.738504816,0.9993434483358183,0.998282994082452,0.9976286943512753,1,1,True,True
RUTHERFORD,RUTHERFORD - 34,34,34 UNION,55833990.00489709,RUTHERFORD - 34,34,UNION,55916275.16530009,55772370.66233362,0.9988963829638888,0.9974264290219429,0.9963284820314013,1,1,True,True
SAMPSON,SAMPSON - AUTR,AUTR,AUTR AUTRYVILLE,85790723.54076466,SAMPSON - AUTR,AUTR,AUTRYVILLE,85828220.01895946,85767022.7528842,0.9997237371722456,0.9992869796663411,0.9990111106058215,1,1,True,True
SAMPSON,SAMPSON - CLCE,CLCE,"CLCE CLINTON, CENTRAL",3355139.2352027916,SAMPSON - CLCE,CLCE,"CLINTON, CENTRAL",3419067.3492093147,3346523.575463482,0.9974321006863405,0.9787825841562879,0.9763223631609866,1,1,True,True
SAMPSON,SAMPSON - CLEA,CLEA,"CLEA CLINTON, EAST",87777030.30716875,SAMPSON - CLEA,CLEA,"CLINTON, EAST",87818986.9448727,87756783.2942592,0.9997693358633951,0.9992916833502925,0.999061345826824,1,1,True,True
SAMPSON,SAMPSON - CLEM,CLEM,CLEM CLEMENT,91988393.13268675,SAMPSON - CLEM,CLEM,CLEMENT,92206815.65831295,91838116.63079019,0.9983663536585556,0.9960013907335329,0.99438077231233,1,1,True,True
SAMPSON,SAMPSON - CLNE,CLNE,"CLNE CLINTON, NORTHEAST",7436855.22438292,SAMPSON - CLNE,CLNE,"CLINTON, NORTHEAST",7424203.9649450015,7416597.108432907,0.9972759835523497,0.9989753976927341,0.9962569528651883,1,1,True,True
SAMPSON,SAMPSON - CLSW,CLSW,"CLSW CLINTON, SOUTHWEST",36851802.947202474,SAMPSON - CLSW,CLSW,"CLINTON, SOUTHWEST",36767850.54807709,36751323.191344224,0.9972734100417772,0.9995504943452906,0.9968263517325973,1,1,True,True
SAMPSON,SAMPSON - CLWE,CLWE,"CLWE CLINTON, WEST",67022034.40131658,SAMPSON - CLWE,CLWE,"CLINTON, WEST",67028815.77836937,66981617.29001922,0.9993969578563469,0.9992958477961746,0.9986936543647124,1,1,True,True
SAMPSON,SAMPSON - GARL,GARL,GARL GARLAND,146434648.35484532,SAMPSON - GARL,GARL,GARLAND,146597087.69287902,146343830.6403434,0.9993798072005347,0.9982724278052085,0.997654375348247,1,1,True,True
SAMPSON,SAMPSON - GIDD,GIDD,GIDD GIDDENSVILLE,157911175.60224286,SAMPSON - GIDD,GIDD,GIDDENSVILLE,157982242.3688538,157717158.2707363,0.9987713514843607,0.9983220639602103,0.9970975326481122,1,1,True,True
SAMPSON,SAMPSON - HARR,HARR,HARR HARRELLS,299427488.2460498,SAMPSON - HARR,HARR,HARRELLS,300571132.8901439,298544322.4425364,0.9970504852153464,0.9932568027138247,0.9903468742567905,1,1,True,True
SAMPSON,SAMPSON - HERR,HERR,HERR HERRING,67620667.5132252,SAMPSON - HERR,HERR,HERRING,67623131.714744,67610374.75390299,0.9998477867832316,0.9998113521140247,0.9996591963168734,1,1,True,True
SAMPSON,SAMPSON - INGO,INGO,INGO INGOLD,202810392.07155147,SAMPSON - INGO,INGO,INGOLD,203420382.26518294,202687821.44820988,0.9993956393353929,0.9963987835986953,0.9957987666574584,1,1,True,True
SAMPSON,SAMPSON - KEEN,KEEN,KEEN KEENER,111007591.57208198,SAMPSON - KEEN,KEEN,KEENER,111004735.01097038,110988444.6903268,0.9998275173662987,0.9998532466147324,0.9996808145977726,1,1,True,True
SAMPSON,SAMPSON - KFRK,KFRK,KFRK KITTY FORK,80507815.59257802,SAMPSON - KFRK,KFRK,KITTY FORK,80511088.80992176,80491926.95232959,0.9998026447478238,0.9997619972866421,0.9995647359561918,1,1,True,True
SAMPSON,SAMPSON - LAKE,LAKE,LAKE LAKEWOOD,158149161.8354938,SAMPSON - LAKE,LAKE,LAKEWOOD,158119538.26786026,157985413.59037578,0.9989645961874376,0.9991517513967358,0.9981181024910163,1,1,True,True
SAMPSON,SAMPSON - MING,MING,MING MINGO,126909959.41777195,SAMPSON - MING,MING,MINGO,127210681.0621431,126829305.87924427,0.9993644821974753,0.9970020191723324,0.9963703049946333,1,1,True,True
SAMPSON,SAMPSON - NGRV,NGRV,NGRV NEWTON GROVE,118403355.31474724,SAMPSON - NGRV,NGRV,NEWTON GROVE,119300849.59206694,117954589.97350541,0.9962098595935149,0.9887154230404487,0.985010181779682,1,1,True,True
SAMPSON,SAMPSON - PLVW,PLVW,PLVW PLAINVIEW,99525305.94841187,SAMPSON - PLVW,PLVW,PLAINVIEW,99715321.6466023,99101566.93866162,0.9957423993253546,0.9938449307708612,0.9896394702437714,1,1,True,True
SAMPSON,SAMPSON - ROSE,ROSE,ROSE ROSEBORO,75665966.52950157,SAMPSON - ROSE,ROSE,ROSEBORO,75623537.00686318,75398523.19348499,0.9964654738678015,0.997024553171088,0.993510992384473,1,1,True,True
SAMPSON,SAMPSON - ROWA,ROWA,ROWA ROWAN,128075710.07251203,SAMPSON - ROWA,ROWA,ROWAN,128317742.66683044,128058902.70282479,0.9998687700448607,0.9979828201570089,0.9978521190621353,1,1,True,True
SAMPSON,SAMPSON - SBRG,SBRG,SBRG SALEMBURG,52496105.8721279,SAMPSON - SBRG,SBRG,SALEMBURG,52495286.34007931,52480204.7247965,0.9996970985358393,0.9997127053430072,0.9994099778714463,1,1,True,True
SAMPSON,SAMPSON - TURK,TURK,TURK TURKEY,125750687.94962785,SAMPSON - TURK,TURK,TURKEY,125559256.3647071,124684983.17795794,0.9915252569266516,0.9930369674680958,0.9846793401474006,1,1,True,True
SAMPSON,SAMPSON - WBRK,WBRK,WBRK WESTBROOK,120753027.85931587,SAMPSON - WBRK,WBRK,WESTBROOK,120325556.820604,120067267.41924825,0.9943209669171479,0.9978534119585183,0.9921986648621486,1,1,True,True
SCOTLAND,SCOTLAND - 01,01,01,10686862.073249884,SCOTLAND - 01-16,01-16,01 16/01,65991229.45717428,10684304.070800645,0.9997606404544472,0.1619049100719413,0.16189863443339333,1,2,True,False
SCOTLAND,SCOTLAND - 02,02,02,24632978.16329318,SCOTLAND - 02-25,02-25,02 25/02,107504517.7917685,24632968.857630603,0.9999996222274662,0.22913426676024512,0.22913424692623227,1,2,True,False
SCOTLAND,SCOTLAND - 03,03,03,21102205.72618331,SCOTLAND - 03,03,03,21094515.67667604,21088057.856595393,0.999329554939825,0.9996938626048767,0.9990238278409528,1,1,True,True
SCOTLAND,SCOTLAND - 04,04,04,27048160.949145168,SCOTLAND - 04,04,04,27067258.43250165,27040160.916195508,0.9997042300596812,0.9989988821227049,0.9987037039997019,1,1,True,True
SCOTLAND,SCOTLAND - 05,05,05,82625831.84520552,SCOTLAND - 02-25,02-25,02 25/02,107504517.7917685,82512642.39584997,0.9986300960991522,0.7675272080720673,0.7667199433172772,1,1,True,True
SCOTLAND,SCOTLAND - 06,06,06,55244991.71318602,SCOTLAND - 01-16,01-16,01 16/01,65991229.45717428,55192809.54624036,0.9990554407679781,0.836365832251365,0.8357050035568303,1,1,True,True
SCOTLAND,SCOTLAND - 07,07,07,183489664.03297317,SCOTLAND - 07,07,07,183601093.52690464,183310773.0841783,0.9990250625301558,0.9984187433900887,0.9974468852369326,1,1,True,True
SCOTLAND,SCOTLAND - 08,08,08,254165430.54310754,SCOTLAND - 06-89,06-89,06 89/06,331855875.79258204,252883451.3923299,0.9949561230729204,0.7620279459821534,0.7590955144840126,1,1,True,True
SCOTLAND,SCOTLAND - 09,09,09,78706821.07270837,SCOTLAND - 06-89,06-89,06 89/06,331855875.79258204,78622942.90575932,0.99893429609015,0.23691894174837683,0.23685907447935492,1,2,True,False
SCOTLAND,SCOTLAND - 10,10,10,92951621.6388315,SCOTLAND - 05-10,05-10,05 10/05,93297908.533201,92883701.43673025,0.9992692951354292,0.9955603817600762,0.9948361482449983,1,1,True,True
STANLY,STANLY - 0002,0002,0002 ALBEMARLE NUMBER 2,5617283.463031873,STANLY - 0212,0212,NORTH ALBEMARLE 2,28538636.280853324,5617280.116484881,0.9999994042410333,0.1968307126242586,0.1968306895431574,1,2,True,False
STANLY,STANLY - 0003,0003,0003 ALBEMARLE NUMBER 3,4017530.712871034,STANLY - 0003,0003,ALBEMARLE NUMBER 3,4017341.736968368,4017258.3138569663,0.9999321974034461,0.9999792342506902,0.999911434469955,1,1,True,True
STANLY,STANLY - 0007,0007,0007 ALBEMARLE NUMBER 7,9320769.545081938,STANLY - 0107,0107,ALBEMARLE 7 1,9617796.60574247,9314900.142801471,0.9993702878016587,0.9685066678619354,0.9679159828526827,1,1,True,True
STANLY,STANLY - 0008,0008,0008 ALBEMARLE NUMBER 8,3614705.488398767,STANLY - 0108,0108,ALBEMARLE 8 1,3912185.9929380785,3608223.552386411,0.9982067872380863,0.9223036836437857,0.920778085259403,1,1,True,True
STANLY,STANLY - 0010,0010,0010 ALBEMARLE NUMBER 10,7351678.891042156,STANLY - 0110,0110,ALBEMARLE 10 1,12551110.188267408,7330771.401664974,0.9971560932289008,0.5840735434318528,0.5831022187234483,1,1,True,True
STANLY,STANLY - 0011,0011,0011 ALBEMARLE NUMBER 11,9914111.322215207,STANLY - 0011,0011,ALBEMARLE NUMBER 11,9910369.156812076,9886549.153654352,0.997219905277935,0.9975964565213647,0.9948296914079701,1,1,True,True
STANLY,STANLY - 0012,0012,0012 NORTH ALBEMARLE,22914094.393410325,STANLY - 0212,0212,NORTH ALBEMARLE 2,28538636.280853324,22894326.102403633,0.9991372868302237,0.8022221481467046,0.8016668453868226,1,1,True,True
STANLY,STANLY - 0013,0013,0013 SOUTH ALBEMARLE,60255693.729655325,STANLY - 0113,0113,SOUTH ALBEMARLE 1,49538484.05324763,49509840.84937133,0.8216624485563704,0.9994217989423029,0.8212720478946288,1,1,True,True
STANLY,STANLY - 0014,0014,0014 EAST ALBEMARLE,45342599.03118185,STANLY - 0014,0014,EAST ALBEMARLE,45344555.2146054,45341248.75430257,0.9999702205672341,0.9999270814260459,0.9998973063360046,1,1,True,True
STANLY,STANLY - 0015,0015,0015 BADIN,46298409.257661596,STANLY - 0015,0015,BADIN,46298391.78951298,46298369.6592506,0.9999991447133578,0.9999995220079679,0.9999986667221433,1,1,True,True
STANLY,STANLY - 0016,0016,0016 PALMERVILLE,47847854.51029788,STANLY - 0016,0016,PALMERVILLE,47843309.042486005,47840507.777934544,0.9998464563889327,0.9999414491888725,0.9997879235561047,1,1,True,True
STANLY,STANLY - 0017,0017,0017 NEW LONDON,55103849.076570824,STANLY - 0017,0017,NEW LONDON,55062879.43171406,55059545.15320026,0.9991959922199083,0.9999394459834247,0.9991355355330466,1,1,True,True
STANLY,STANLY - 0018,0018,0018 RICHFIELD,43460134.26119707,STANLY - 0018,0018,RICHFIELD,43255854.86035517,43195631.69333293,0.993913903572537,0.9986077453048459,0.9925385324460638,1,1,True,True
STANLY,STANLY - 0019,0019,0019 RIDENHOUR,83573640.21685496,STANLY - 0019,0019,RIDENHOUR,83566035.81035005,83557033.58875859,0.9998012934694087,0.9998922741577465,0.9996936104322537,1,1,True,True
STANLY,STANLY - 0020,0020,0020 ALMOND,83347894.34457272,STANLY - 0120,0120,ALMOND 1,88258851.8599621,83331429.85748468,0.9998024606714121,0.9441707896869582,0.9439946896352225,1,1,True,True
STANLY,STANLY - 0021,0021,0021 ENDY,47657622.737666234,STANLY - 0021,0021,ENDY,47680842.1408987,47657050.053447545,0.9999879833658124,0.9995010136905542,0.9994890090455747,1,1,True,True
STANLY,STANLY - 0022,0022,0022 BIG LICK NUMBER 1,47556376.59934266,STANLY - 0022,0022,BIG LICK NUMBER 1,47636972.92677628,47517000.78870482,0.9991720182769689,0.9974815331306657,0.9966577149272288,1,1,True,True
STANLY,STANLY - 0023,0023,0023 BIG LICK NUMBER 2,79137898.48493084,STANLY - 0023,0023,BIG LICK NUMBER 2,79198458.18555142,79135636.56457222,0.9999714179880698,0.9992067822730586,0.9991782455860146,1,1,True,True
STANLY,STANLY - 0024,0024,0024 FURR NUMBER 1,47758671.535047375,STANLY - 0024,0024,FURR NUMBER 1,47770769.45752538,47681389.139658935,0.9983818143825101,0.9981289747081442,0.9965168338772243,1,1,True,True
STANLY,STANLY - 0025,0025,0025 FURR NUMBER 2,82801800.12178692,STANLY - 0025,0025,FURR NUMBER 2,82969378.45357677,82675194.6770163,0.9984709819764256,0.9964543090228756,0.9949361063965998,1,1,True,True
STANLY,STANLY - 0026,0026,0026 TYSON,100116053.87739892,STANLY - 0026,0026,TYSON,100000484.2339467,99982044.36409478,0.9986614582965061,0.9998156021943976,0.9984775537634328,1,1,True,True
STANLY,STANLY - 0027,0027,0027 EAST CENTER,52430280.25093032,STANLY - 0027,0027,EAST CENTER,52430277.887989275,52430268.20127202,0.9999997701774959,0.9999998152457388,0.9999995854233196,1,1,True,True
STANLY,STANLY - 0028,0028,0028 WEST CENTER,63090514.6768156,STANLY - 0028,0028,WEST CENTER,63034141.236338675,63017443.75064912,0.998841808050849,0.9997351040981592,0.9985775253131943,1,1,True,True
STOKES,STOKES - 01,01,01 DANBURY,81172315.40096048,STOKES - 01,01,DANBURY,81172345.25718066,81153693.39951822,0.9997705867899632,0.9997702190616355,0.9995409112569633,1,1,True,True
STOKES,STOKES - 02,02,02 SANDY RIDGE,144816443.92538917,STOKES - 02,02,SANDY RIDGE,145104180.0940636,144796744.6535751,0.9998639707530436,0.9978812778495477,0.9977458243692765,1,1,True,True
STOKES,STOKES - 03,03,03 LAWSONVILLE,109680448.06357934,STOKES - 03,03,LAWSONVILLE,109643712.35759385,109626507.08425486,0.9995081987694543,0.9998430801642061,0.9993514332303449,1,1,True,True
STOKES,STOKES - 04,04,04 CHESTNUT GROVE,28476716.13883775,STOKES - 04,04,CHESTNUT GROVE,28476550.325403076,28465616.464343116,0.9996102192949313,0.999616039831545,0.9992265583312532,1,1,True,True
STOKES,STOKES - 05,05,05 FRANCISCO,84183699.38851842,STOKES - 0506,0506,FRANCISCO,130446623.2890647,84170900.62899457,0.9998479662973139,0.6452516631455848,0.6451883605436011,1,1,True,True
STOKES,STOKES - 06,06,06 FRANS,46072938.31009692,STOKES - 0506,0506,FRANCISCO,130446623.2890647,46066809.32476185,0.9998669721194291,0.3531468133343672,0.3531302216442548,1,2,True,False
STOKES,STOKES - 07,07,07 REYNOLDS,47461228.85235463,STOKES - 07,07,REYNOLDS,47637549.522470504,47446512.34588785,0.9996899257178409,0.9959897774235313,0.9956821847060853,1,1,True,True
STOKES,STOKES - 08,08,08 FLINTY KNOLL,69521214.69099316,STOKES - 08,08,FLINTY KNOLL,69700721.48727205,69505272.32960084,0.9997706835033999,0.9971958804227457,0.9969678480381332,1,1,True,True
STOKES,STOKES - 09,09,09 PINNACLE,66018181.98522971,STOKES - 09,09,PINNACLE,66256410.59680456,65997181.10502367,0.999681892479094,0.996087480600807,0.9957718570212397,1,1,True,True
STOKES,STOKES - 10,10,10 EAST KING,18140006.479356516,STOKES - 10,10,EAST KING,18161405.99234638,18138018.579013795,0.9998904134711868,0.9987122465439933,0.9986029420588891,1,1,True,True
STOKES,STOKES - 11,11,11 WEST KING,20531404.79341919,STOKES - 11,11,WEST KING,20607837.94461514,20528755.492687337,0.9998709634942904,0.9961625061231391,0.9960344580073861,1,1,True,True
STOKES,STOKES - 12,12,12 MOUNT OLIVE,55392834.88720587,STOKES - 12,12,MOUNT OLIVE,55392746.593434535,55381393.79538244,0.9997934553837744,0.9997950490136295,0.9995885890430337,1,1,True,True
STOKES,STOKES - 13,13,13 MIZPAH,27978060.51999098,STOKES - 13,13,MIZPAH,27967311.7467807,27960257.503179297,0.9993636793801713,0.9997477682637046,0.9991117685018241,1,1,True,True
STOKES,STOKES - 14,14,14 WILSON ST,88612916.79974324,STOKES - 140,140,WILSON ST,90515878.48958899,88597014.71377185,0.9998205443794688,0.9788008048108615,0.9786288765173055,1,1,True,True
STOKES,STOKES - 15,15,15 GERMANTON,49155901.84156478,STOKES - 150,150,GERMANTON,47255393.95701157,47247643.740992695,0.9611794712520456,0.9998359929868339,0.9610279497880505,1,1,True,True
STOKES,STOKES - 16,16,16 EAST WALNUT COVE,37631857.72593023,STOKES - 1618,1618,EAST WALNUT COVE,53068210.63840515,37597383.01380489,0.9990838955552921,0.7084727855247466,0.7080128390047471,1,1,True,True
STOKES,STOKES - 17,17,17 WEST WALNUT COVE,37065824.45003213,STOKES - 17,17,WEST WALNUT COVE,37062891.41131495,37040669.48865669,0.9993213435354892,0.9994004266312727,0.9987225834556608,1,1,True,True
STOKES,STOKES - 18,18,18 FREEMAN,45316415.62837916,STOKES - 1819,1819,PINE HALL,72370191.38992126,29819910.345886126,0.6580377095670287,0.4120468631238004,0.3393767089829391,1,2,True,False
STOKES,STOKES - 19,19,19 PINE HALL,42284432.04130821,STOKES - 1819,1819,PINE HALL,72370191.38992126,42266138.20747396,0.9995673624321979,0.5840268955452869,0.5838793017539703,1,1,True,True
STOKES,STOKES - 20,20,20 MITCHELL,80563164.43484518,STOKES - 20,20,MITCHELL,80571916.62237838,80508627.25887267,0.999323050722311,0.999214498473428,0.9985386119080358,1,1,True,True
SURRY,SURRY - 01,01,01 BRYAN,179919904.55094656,SURRY - 01,01,BRYAN,182096527.7681068,179566926.62079307,0.9980381385203907,0.9861084602857718,0.9842006747760967,1,1,True,True
SURRY,SURRY - 02,02,02 DOBSON 1,4367795.703124535,SURRY - 29,29,DOBSON COMBINED,105125162.0334198,4279576.26103446,0.9798022966076534,0.04070934282768536,0.04067520880916274,1,2,True,False
SURRY,SURRY - 03,03,03 DOBSON 2,99146426.94351865,SURRY - 29,29,DOBSON COMBINED,105125162.0334198,99113304.47103131,0.9996659236897542,0.9428123824391605,0.9425154179408826,1,1,True,True
SURRY,SURRY - 04,04,04 DOBSON 3,75318504.52817914,SURRY - 04,04,DOBSON 3,68569047.0292976,68460171.04891782,0.9089422510148831,0.9984121701394907,0.9076302343702558,1,1,True,True
SURRY,SURRY - 05,05,05 ELDORA,79269526.59847435,SURRY - 05,05,ELDORA,79245157.56369364,79235388.40662307,0.9995693402835089,0.9998767223465646,0.9994461687821086,1,1,True,True
SURRY,SURRY - 06,06,06 ELKIN 1,6756982.271731161,SURRY - 30,30,ELKIN,68103902.54014714,6731554.459572903,0.9962368094016409,0.09884241884089774,0.09880552802681579,1,3,True,False
SURRY,SURRY - 07,07,07 ELKIN 2,9399745.618708676,SURRY - 30,30,ELKIN,68103902.54014714,9398872.509860655,0.9999071135663201,0.13800784036303992,0.13800607109112956,1,2,True,False
SURRY,SURRY - 08,08,08 ELKIN 3,52027234.5677181,SURRY - 30,30,ELKIN,68103902.54014714,51915127.47288597,0.9978452228767566,0.7622929896312782,0.7610402272235127,1,1,True,True
SURRY,SURRY - 09,09,09 FRANKLIN,108856825.09877934,SURRY - 09,09,FRANKLIN,108451405.30068327,106920027.39858487,0.9822078432065516,0.985879593741984,0.9685820086928556,1,1,True,True
SURRY,SURRY - 10,10,10 LONGHILL,30768121.031385172,SURRY - 10,10,LONGHILL,31622161.808286294,30743077.961876623,0.999186070885414,0.972200387445386,0.9714310657320453,1,1,True,True
SURRY,SURRY - 11,11,11 MARSH,63250510.68866794,SURRY - 11,11,MARSH,66077130.19515846,63130134.63195632,0.9980968366041479,0.9554006726003655,0.953663335772152,1,1,True,True
SURRY,SURRY - 12,12,12 MT AIRY 1,8397993.15704227,SURRY - 12,12,MT AIRY 1,6637467.116980976,6582194.59835353,0.7837818482662047,0.9916726489708643,0.7786570126736319,1,1,True,True
SURRY,SURRY - 13,13,13 MT AIRY 2,3637827.25199441,SURRY - 34,34,MT AIRY COMBINED,28436925.441939447,3628424.6526084794,0.9974153254856245,0.12759553278770402,0.12755335758405403,1,3,True,False
SURRY,SURRY - 14,14,14 MT AIRY 4,19908153.655737434,SURRY - 34,34,MT AIRY COMBINED,28436925.441939447,19886497.704978455,0.9989122069714015,0.6993195430209688,0.6987873861513245,1,1,True,True
SURRY,SURRY - 15,15,15 MT AIRY 5,33757787.46833189,SURRY - 15,15,MT AIRY 5,33950163.88220377,33735716.91413552,0.9993462085091604,0.993683477675916,0.9930379168109357,1,1,True,True
SURRY,SURRY - 16,16,16 MT AIRY 6,15474350.15382087,SURRY - 16,16,MT AIRY 6,15444803.548638452,15411016.236520719,0.9959071678829425,0.9978123831739698,0.9937374020812496,1,1,True,True
SURRY,SURRY - 17,17,17 MT AIRY 7,28334126.05215334,SURRY - 17,17,MT AIRY 7,29863011.950483665,28323541.717749666,0.9996264457077592,0.9484489295558459,0.948112890314387,1,1,True,True
SURRY,SURRY - 18,18,18 MT AIRY 8,26750538.277861148,SURRY - 18,18,MT AIRY 8,27006660.880931083,26742902.592888914,0.9997145595765992,0.9902335838849147,0.9899536909150193,1,1,True,True
SURRY,SURRY - 19,19,19 MT AIRY 9,15305202.884806981,SURRY - 19,19,MT AIRY 9,23115422.775732454,15295915.37538768,0.9993931795945991,0.6617190403043797,0.6614532760312721,1,1,True,True
SURRY,SURRY - 20,20,20 PILOT 1,4711406.903460532,SURRY - 32,32,PILOT,58834005.51975133,4711406.9034605315,0.9999999999999998,0.08007965566578416,0.08007965566578416,1,2,True,False
SURRY,SURRY - 21,21,21 PILOT 2,54390632.487226,SURRY - 32,32,PILOT,58834005.51975133,54106693.20540817,0.9947796289759175,0.9196500004957823,0.9152329869892909,1,1,True,True
SURRY,SURRY - 22,22,22 ROCKFORD,70632474.89634244,SURRY - 22,22,ROCKFORD,72673911.53659213,70438827.9482574,0.9972583864805923,0.9692450352392367,0.9666692477842455,1,1,True,True
SURRY,SURRY - 23,23,23 SHOALS,75583359.3072424,SURRY - 23,23,SHOALS,75452209.05696972,75409489.56033067,0.9976996292767969,0.9994338204649941,0.9971360508573713,1,1,True,True
SURRY,SURRY - 24,24,24 SILOAM,52537536.99651169,SURRY - 24,24,SILOAM,52489906.94273145,52460302.49972395,0.998529917822511,0.9994359974187076,0.9979675718163568,1,1,True,True
SURRY,SURRY - 25,25,25 STEWARTS CREEK 1,80997372.02978763,SURRY - 25,25,STEWARTS CREEK 1,66215087.74452534,66183290.725795865,0.8171041734719031,0.9995197919414959,0.8167835299676822,1,1,True,True
SURRY,SURRY - 26,26,26 STEWARTS CREEK 2,68909316.67075686,SURRY - 26,26,STEWARTS CREEK 2,77044097.26071195,62206158.274620935,0.9027249329990736,0.8074097885022853,0.7427844385672647,1,1,True,True
SURRY,SURRY - 27,27,27 NORTH WESTFIELD,69735355.06842156,SURRY - 27,27,NORTH WESTFIELD,69543690.78058799,69513336.62523843,0.996816271416912,0.9995635239515067,0.9963825695841033,1,1,True,True
SURRY,SURRY - 28,28,28 SOUTH WESTFIELD,44953154.92179942,SURRY - 28,28,SOUTH WESTFIELD,43937322.753845125,43895778.72792356,0.9764782650802757,0.9990544707024068,0.9755766735749414,1,1,True,True
SURRY,SURRY - 33,33,33 MT AIRY 3,5886268.225675954,SURRY - 34,34,MT AIRY COMBINED,28436925.441939447,4744323.258079162,0.8059984826013165,0.16683671614801657,0.16039568761049072,1,2,True,False
SWAIN,SWAIN - ALARKA,ALARKA,ALARKA,68363411.7006496,SWAIN - ALARKA,ALARKA,ALARKA,68377017.03395383,68168193.9568405,0.9971444119163636,0.9969460048687173,0.9941078073037594,1,1,True,True
SWAIN,SWAIN - ALMOND,ALMOND,ALMOND,573214916.5606763,SWAIN - ALMOND,ALMOND,ALMOND,572730122.2368522,571642626.1965901,0.9972570665580022,0.9981012068371491,0.9953686658004751,1,1,True,True
SWAIN,SWAIN - BC1,BC1,BC1,173264140.3134958,SWAIN - BC1,BC1,BC1,173092753.31406227,172947150.13239318,0.9981704801667034,0.9991588141104619,0.9973323681043064,1,1,True,True
SWAIN,SWAIN - BC2,BC2,BC2,174721337.79756945,SWAIN - BC2,BC2,BC2,174632683.28000653,174574041.18627873,0.9991569626632474,0.999664197487971,0.9988217260057668,1,1,True,True
SWAIN,SWAIN - WHCH,WHCH,WHCH,410635291.140759,SWAIN - WHCH,WHCH,WHCH,410394782.51967967,409342230.1004255,0.9968510718191285,0.9974352685168367,0.9943024466321271,1,1,True,True
TRANSYLVANIA,TRANSYLVANIA - B1,B1,B1 BREVARD 1,6513466.659024144,TRANSYLVANIA - B1,B1,BREVARD 1,6506563.5286245365,6503062.268594818,0.9984026339622218,0.9994618879821406,0.9978662392339869,1,1,True,True
TRANSYLVANIA,TRANSYLVANIA - B2,B2,B2 BREVARD 2,11424046.629262837,TRANSYLVANIA - B2,B2,BREVARD 2,11424016.686068535,11420383.85467202,0.9996793802835648,0.999682000517301,0.9993615846495831,1,1,True,True
TRANSYLVANIA,TRANSYLVANIA - B3,B3,B3 BREVARD 3,16483750.628606826,TRANSYLVANIA - B3,B3,BREVARD 3,16483762.38677663,16477619.909322146,0.9996280749798507,0.999627361926825,0.9992557139903683,1,1,True,True
TRANSYLVANIA,TRANSYLVANIA - B4,B4,B4 BREVARD 4,6271704.711938429,TRANSYLVANIA - B4,B4,BREVARD 4,6271709.398997427,6268193.609877838,0.999440167829664,0.9994394209144717,0.9988802160531259,1,1,True,True
TRANSYLVANIA,TRANSYLVANIA - BD,BD,BD BOYD,124425773.43390632,TRANSYLVANIA - BD,BD,BOYD,124420996.72669618,124272936.41773026,0.9987716611120183,0.9988100054423198,0.9975845864568713,1,1,True,True
TRANSYLVANIA,TRANSYLVANIA - CC,CC,CC CATHEYS CREEK,75956186.52040642,TRANSYLVANIA - CC.1,CC.1,CATHEYS CREEK,75754502.98063815,75742352.13910179,0.9971847667569884,0.9998396023858876,0.997025270913008,1,1,True,True
TRANSYLVANIA,TRANSYLVANIA - CM,CM,CM CEDAR MOUNTAIN,62368702.06875595,TRANSYLVANIA - CM,CM,CEDAR MOUNTAIN,62253668.29823988,62118347.50010273,0.9959858942009532,0.9978263000103245,0.9938295912950804,1,1,True,True
TRANSYLVANIA,TRANSYLVANIA - DR,DR,DR DUNNS ROCK,48186569.2930514,TRANSYLVANIA - DR,DR,DUNNS ROCK,48193524.5324349,48173416.972985506,0.9997270542340148,0.999582774664346,0.9993100565795676,1,1,True,True
TRANSYLVANIA,TRANSYLVANIA - EF,EF,EF EAST FORK,61195884.76140301,TRANSYLVANIA - EF,EF,EAST FORK,61056962.910957664,60893917.69716702,0.9950655658397075,0.9973296212910487,0.9924214408853832,1,1,True,True
TRANSYLVANIA,TRANSYLVANIA - LR,LR,LR LITTLE RIVER,44193838.50470983,TRANSYLVANIA - LR,LR,LITTLE RIVER,44162407.53157509,44147601.11953316,0.9989537594664526,0.9996647281507163,0.9986191886828117,1,1,True,True
TRANSYLVANIA,TRANSYLVANIA - PF,PF,PF PISGAH FOREST,122946925.75441827,TRANSYLVANIA - PF,PF,PISGAH FOREST,122998049.10971785,122852013.75729984,0.9992280246412342,0.998812701880436,0.9980425578573312,1,1,True,True
TRANSYLVANIA,TRANSYLVANIA - RE,RE,RE ROSMAN EASTATOE,80834986.22088724,TRANSYLVANIA - RE.1,RE.1,ROSMAN EASTATOE,81008503.02586865,80719204.22444776,0.9985676746931941,0.996428784749565,0.9950066641850959,1,1,True,True
TRANSYLVANIA,TRANSYLVANIA - TC1,TC1,TRANSYLVANIA COUNTY 1,147456930.44005933,TRANSYLVANIA - TC1,TC1,TRANSYLVANIA COUNTY 1,147370493.5253721,147187398.72344485,0.9981721325962088,0.998757588459214,0.9969342560203449,1,1,True,True
TRANSYLVANIA,TRANSYLVANIA - TC7,TC7,TRANSYLVANIA COUNTY 7,158628328.13406608,TRANSYLVANIA - TC7,TC7,TRANSYLVANIA COUNTY 7,158492906.7425575,158366231.1066126,0.9983477287409096,0.9992007488628456,0.9975511155291735,1,1,True,True
TRANSYLVANIA,TRANSYLVANIA - WC,WC,WC WILLIAMSON CREEK,18637099.667893287,TRANSYLVANIA - WC,WC,WILLIAMSON CREEK,18637096.49809641,18631364.107691005,0.9996922503874268,0.9996924204150581,0.9993848600592535,1,1,True,True
TYRRELL,TYRRELL - 1,1,1 ALLIGATOR,534033653.97277707,TYRRELL - 1,1,ALLIGATOR,534271216.75509435,533298109.7817263,0.9986226632243513,0.9981786273659318,0.9968062998654501,1,1,True,True
TYRRELL,TYRRELL - 14,14,14 KILKENNY,109395368.99625076,TYRRELL - 14,14,KILKENNY,109139896.0015594,109000631.0007553,0.9963916388863865,0.9987239771531199,0.9951248022948253,1,1,True,True
TYRRELL,TYRRELL - 15,15,15 SCUPPERNONG,69219258.64066185,TYRRELL - 15,15,SCUPPERNONG,69281384.41440521,69194491.06649666,0.9996421866594415,0.9987457908261647,0.9983888743081254,1,1,True,True
TYRRELL,TYRRELL - 16,16,16 SOUTH FORK,102484224.08347389,TYRRELL - 16,16,SOUTH FORK,107366466.48076679,102455118.25813915,0.9997159970171503,0.9542562181320604,0.9539976002559865,1,1,True,True
TYRRELL,TYRRELL - 2,2,2 COLUMBIA,326607230.9592513,TYRRELL - 2,2,COLUMBIA,315909627.4919581,315882149.85694027,0.9671621443566597,0.9999130205836525,0.967080783350905,1,1,True,True
TYRRELL,TYRRELL - 3,3,3 GUMNECK,397278038.5200496,TYRRELL - 3,3,GUMNECK,410710619.4946165,396444324.165203,0.9979014335704225,0.965264362175567,0.9633089112343763,1,1,True,True
UNION,UNION - 001,001,001 BENTON HEIGHTS CHURCH OF GOD,5214993.347450106,UNION - 001,001,BENTON HEIGHTS CHURCH OF GOD,5221369.281974867,5205293.4493037695,0.9981399979827242,0.9969211461969192,0.9950725693104219,1,1,True,True
UNION,UNION - 002,002,002 MONROE MIDDLE SCHOOL,3763771.2416263274,UNION - 002,002,MONROE MIDDLE SCHOOL,3768134.2061574953,3758411.170925906,0.9985758776619735,0.9974196685416085,0.9960028809306769,1,1,True,True
UNION,UNION - 003,003,003 ST LUKES LUTHERAN CHURCH,5609606.391894648,UNION - 003,003,ST LUKES LUTHERAN CHURCH,5606383.656104421,5585604.68964324,0.9957213215019706,0.9962936952346176,0.9920466067840041,1,1,True,True
UNION,UNION - 004,004,004 SUTTON PARK RECREATION CENTER,13306088.506306712,UNION - 004,004,SUTTON PARK RECREATION CENTER,13306578.314044263,13284072.540627059,0.9983454216714989,0.9983086731324873,0.9966596823218945,1,1,True,True
UNION,UNION - 005,005,005 SPCC CONFERENCE CENTER,20513566.70027845,UNION - 0005,0005,005,22047279.85486792,20508799.07395802,0.9997675866712947,0.9302190206212577,0.9300179083803078,1,1,True,True
UNION,UNION - 006,006,006 BENTON HEIGHTS PRESBYTERIAN CHURCH,28607201.940604366,UNION - 006,006,BENTON HEIGHTS PRESBYTERIAN CHURCH,28607139.612413332,28600443.402068,0.9997637469560847,0.9997659252048245,0.9995297827366716,1,1,True,True
UNION,UNION - 007,007,007 MT CARMEL METHODIST CHURCH,49142124.369644836,UNION - 007,007,MT CARMEL METHODIST CHURCH,49139992.97135716,49128899.73363115,0.9997308900218841,0.9997742523542387,0.9995052638479552,1,1,True,True
UNION,UNION - 008,008,008 WINGATE COMMUNITY CENTER,14620938.757240828,UNION - 008,008,WINGATE COMMUNITY CENTER,14621955.396601181,14613171.427292597,0.9994687529934161,0.9993992616534293,0.9988686525666833,1,1,True,True
UNION,UNION - 009,009,009 BEAVER LANE VFD,5078547.7432830725,UNION - 009,009,BEAVER LANE VFD,5089102.548444044,5066133.351744787,0.997555523317723,0.9954865918930481,0.9930641045293354,1,1,True,True
UNION,UNION - 010,010,010 ELLEN FITZGERALD SENIOR CENTER,2238602.100453532,UNION - 010,010,ELLEN FITZGERALD SENIOR CENTER,2255865.3743177215,2236241.8490862087,0.9989456583790193,0.991301109784777,0.9902650220824736,1,1,True,True
UNION,UNION - 011,011,011 EUTO BAPTIST CHURCH,149411591.6844189,UNION - 011,011,EUTO BAPTIST CHURCH,149534341.92252642,149165246.71972942,0.998351232578997,0.9975317027643842,0.9958910579175682,1,1,True,True
UNION,UNION - 012,012,012 BETHLEHEM PRESBYTERIAN CHURCH,83869763.5289533,UNION - 012,012,BETHLEHEM PRESBYTERIAN CHURCH,83854024.04205066,83727039.85912937,0.9982982702726393,0.9984856518888394,0.9967890679092674,1,1,True,True
UNION,UNION - 013,013,013 UNIONVILLE VFD,40333542.9725411,UNION - 013,013,UNIONVILLE VFD,40333556.263457276,40325825.8530197,0.9998086674526298,0.9998083379906527,0.9996170787716013,1,1,True,True
UNION,UNION - 014,014,014 INDIAN TRAIL LIBRARY,13751665.480259331,UNION - 014,014,INDIAN TRAIL LIBRARY,13775804.459423631,13708435.18572252,0.9968563593552455,0.9951095942237315,0.9919965778936751,1,1,True,True
UNION,UNION - 015,015,015 STALLINGS UNITED METHODIST CHURCH,8643209.249910375,UNION - 015,015,STALLINGS UNITED METHODIST CHURCH,8632208.39813828,8539094.706930041,0.9879541799845453,0.9892132248303551,0.9774243425388625,1,1,True,True
UNION,UNION - 016,016,016 HEMBY BRIDGE ELEMENTARY SCHOOL,19618894.189927056,UNION - 016,016,HEMBY BRIDGE ELEMENTARY SCHOOL,19637140.608428355,19590699.9602897,0.9985629042409623,0.9976350605689139,0.9962047492000216,1,1,True,True
UNION,UNION - 017A,017A,017A WESLEY CHAPEL ELEMENTARY SCHOOL,11543334.648350224,UNION - 017A,017A,WESLEY CHAPEL ELEMENTARY SCHOOL,11541173.752651714,11535998.319564661,0.9993644532529765,0.9995515678736001,0.9989165908169637,1,1,True,True
UNION,UNION - 017B,017B,017B SILER PRESBYTERIAN CHURCH,18763969.2826684,UNION - 017B,017B,SILER PRESBYTERIAN CHURCH,18762307.235173285,18754000.316254996,0.9994687176117575,0.9995572549359646,0.9990264427640295,1,1,True,True
UNION,UNION - 018,018,018 PROVIDENCE VFD,12819791.831948375,UNION - 018,018,PROVIDENCE VFD,12796867.305138944,12789292.924698029,0.9976209514436623,0.9994081066670221,0.9970318702170919,1,1,True,True
UNION,UNION - 019,019,019 MINERAL SPRINGS VFD,42390683.512208596,UNION - 0019,0019,019,36743849.25928479,36736698.293953165,0.8666219850730392,0.9998053833369183,0.8664758176131385,1,1,True,True
UNION,UNION - 020A,020A,020A WAXHAW VFD,17229953.02355685,UNION - 0020A,0020A,0020A,13247495.435467793,13198784.196854033,0.7660371551105571,0.9963229850615125,0.763877577374488,1,1,True,True
UNION,UNION - 020B,020B,020B WAXHAW BIBLE CHURCH,23576074.837463453,UNION - 0020B,0020B,0020B,20514555.749138504,20504110.396053683,0.8696999198302391,0.9994908321090376,0.8693147709118282,1,1,True,True
UNION,UNION - 021,021,021 WALKERSVILLE PRESBYTERIAN CHURCH,74535903.89455996,UNION - 021,021,WALKERSVILLE PRESBYTERIAN CHURCH,74600577.98969819,74529202.98662838,0.9999100982535737,0.9990432379347026,0.9989535081274239,1,1,True,True
UNION,UNION - 022,022,022 TIRZAH PRESBYTERIAN CHURCH,45219207.149793565,UNION - 022,022,TIRZAH PRESBYTERIAN CHURCH,45217365.31694424,45186687.931317694,0.9992808538555719,0.9993215574279589,0.9986033864008438,1,1,True,True
UNION,UNION - 023,023,023 GRIFFITH ROAD VFD,31873967.725412555,UNION - 023,023,GRIFFITH ROAD VFD,31888268.469517644,31866342.108255792,0.9997607572040464,0.999312400380635,0.9990734864387778,1,1,True,True
UNION,UNION - 024,024,024 PROSPECT ELEMENTARY SCHOOL,109074159.94046551,UNION - 024,024,PROSPECT ELEMENTARY SCHOOL,109248624.91485065,109045958.67782158,0.9997414487293844,0.9981449081195573,0.9978873151083467,1,1,True,True
UNION,UNION - 025,025,025 ROCK REST ELEMENTARY SCHOOL,71929431.67424397,UNION - 025,025,ROCK REST ELEMENTARY SCHOOL,71910718.65205616,71898614.46802104,0.999571563329424,0.9998316776099306,0.999403385127298,1,1,True,True
UNION,UNION - 026,026,026 UNION BAPTIST CHURCH,131294438.83001538,UNION - 026,026,UNION BAPTIST CHURCH,131055139.73563865,130994510.47110571,0.9977156050051901,0.9995373759117328,0.9972550916483627,1,1,True,True
UNION,UNION - 027,027,027 ALLENS CROSSROADS VFD,115623105.0372697,UNION - 027,027,ALLENS CROSSROADS VFD,115661589.13295145,115596847.51668774,0.9997729042082593,0.999440249639063,0.9992134079812359,1,1,True,True
UNION,UNION - 028A,028A,028A SANDY RIDGE ELEMENTARY SCHOOL,16500416.516957216,UNION - 028A,028A,SANDY RIDGE ELEMENTARY SCHOOL,17027029.768893115,16489651.86947375,0.9993476135906991,0.9684397157511813,0.9678278459343327,1,1,True,True
UNION,UNION - 028B,028B,028B MARVIN ELEMENTARY SCHOOL,8634238.493906097,UNION - 028B,028B,MARVIN ELEMENTARY SCHOOL,8633765.313009862,8580443.988304518,0.9937696294074403,0.9938240938023881,0.987670205150421,1,1,True,True
UNION,UNION - 028C,028C,028C MARVIN AME ZION CHURCH,7890963.628067808,UNION - 028C,028C,MARVIN AME ZION CHURCH,7865135.749426104,7841630.6877192,0.993748172888146,0.9970114868381491,0.9907968551130137,1,1,True,True
UNION,UNION - 028D,028D,028D KENSINGTON ELEMENTARY SCHOOL,13375621.349966852,UNION - 028D,028D,KENSINGTON ELEMENTARY SCHOOL,12806683.102016356,12801301.304384077,0.957062178230382,0.9995797664711925,0.9566772508144081,1,1,True,True
UNION,UNION - 029A,029A,029A SHILOH ELEMENTARY SCHOOL,5818520.853544918,UNION - 029A,029A,SHILOH ELEMENTARY SCHOOL,5815310.149439444,5811616.88021699,0.9988134487266258,0.9993649058902198,0.9981798603886891,1,1,True,True
UNION,UNION - 029B,029B,029B BRANDON OAKS CLUBHOUSE,2652905.8385592448,UNION - 029B,029B,BRANDON OAKS CLUBHOUSE,2653589.136309226,2650458.1949966555,0.9990773726202364,0.9988201107436981,0.9978996582737725,1,1,True,True
UNION,UNION - 029C,029C,029C STALLINGS VFD,7840138.663549322,UNION - 029C,029C,STALLINGS VFD,7829150.282128824,7815894.4318731995,0.9969076782035962,0.9983068596491393,0.9952249843216424,1,1,True,True
UNION,UNION - 030,030,030 GRACE UNITED METHODIST CHURCH,14156908.088600628,UNION - 0030,0030,030,12617730.235455511,12604144.52755456,0.8903176066886824,0.9989232843270991,0.8894640305806618,1,1,True,True
UNION,UNION - 031,031,031 GRACE BAPTIST CHURCH,22649858.073437657,UNION - 031,031,GRACE BAPTIST CHURCH,22654947.90592828,22642246.55393262,0.9996639484680054,0.9994393563804074,0.9991036814898363,1,1,True,True
UNION,UNION - 032,032,032 FAIRVIEW ELEMENTARY SCHOOL,39997478.71630713,UNION - 032,032,FAIRVIEW ELEMENTARY SCHOOL,40021449.20791635,39950557.629107974,0.9988268988770027,0.998228660375588,0.9970597090637875,1,1,True,True
UNION,UNION - 033,033,033 WAXHAW ELEMENTARY SCHOOL,45078698.7803846,UNION - 033,033,WAXHAW ELEMENTARY SCHOOL,45236791.08673805,45067295.51537237,0.9997470365090221,0.9962531477743264,0.9960020761276873,1,1,True,True
UNION,UNION - 034,034,034 MIDWAY BAPTIST CHURCH,69912498.59784772,UNION - 034,034,MIDWAY BAPTIST CHURCH,69904844.52637285,69889021.78258912,0.9996641971646066,0.9997736531153036,0.9994380022530456,1,1,True,True
UNION,UNION - 035,035,035 ROCK HILL AME ZION CHURCH,4610076.436202184,UNION - 035,035,ROCK HILL AME ZION CHURCH,4592263.516284371,4586981.698631683,0.9949903785999855,0.9988498443885117,0.9938517112513447,1,1,True,True
UNION,UNION - 036,036,036 CROSSROADS AME ZION CHURCH,113486694.67106321,UNION - 036,036,CROSSROADS AME ZION CHURCH,113554858.89869249,113430798.69110581,0.999507466667177,0.9989074865770617,0.9984160285904596,1,1,True,True
UNION,UNION - 037A,037A,037A NEXT LEVEL CHURCH,11651334.520879474,UNION - 037A,037A,NEXT LEVEL CHURCH,11636213.260133935,11629614.666168062,0.9981358483294348,0.9994329260027848,0.9975708859882528,1,1,True,True
UNION,UNION - 037B,037B,037B LIFELINE COMMUNITY CHURCH,2291601.3361563976,UNION - 037B,037B,LIFELINE COMMUNITY CHURCH,2280019.645226365,2278623.5020754887,0.9943367836821583,0.99938766178888,0.993731359340121,1,1,True,True
UNION,UNION - 038A,038A,038A SARDIS ELEMENTARY SCHOOL,10516071.792124305,UNION - 038A,038A,SARDIS ELEMENTARY SCHOOL,10607742.755588809,10444472.483449299,0.9931914397228984,0.9846083869206302,0.9780071113556275,1,1,True,True
UNION,UNION - 038B,038B,038B LAKE PARK COMMUNITY CENTER,2092640.0767502633,UNION - 038B,038B,LAKE PARK COMMUNITY CENTER,2009023.732672782,1934838.381520599,0.9245920514555372,0.9630739299164537,0.8929369005022163,1,1,True,True
UNION,UNION - 039,039,039 PORTER RIDGE ELEMENTARY SCHOOL,36383738.827741906,UNION - 039,039,PORTER RIDGE ELEMENTARY SCHOOL,36383738.55376453,36377566.13663881,0.9998303447830824,0.99983035231202,0.9996607546485687,1,1,True,True
UNION,UNION - 040,040,040 SPIRIT OF JOY LUTHERAN CHURCH,12222498.387004558,UNION - 040,040,SPIRIT OF JOY LUTHERAN CHURCH,12242775.06134551,12217214.312162798,0.9995676763723382,0.9979121768508664,0.9974816561806645,1,1,True,True
UNION,UNION - 041,041,041 WEDDINGTON ELEMENTARY SCHOOL,23732223.37107381,UNION - 041,041,WEDDINGTON ELEMENTARY SCHOOL,23731972.27751531,23689150.821154013,0.9981850604873248,0.9981956216760851,0.9963872200071743,1,1,True,True
UNION,UNION - 042,042,042 NEW SALEM BAPTIST CHURCH,11848251.400409928,UNION - 042,042,NEW SALEM BAPTIST CHURCH,11810787.330902264,11798397.780161267,0.9957923225492215,0.9989509970509265,0.9947521241688361,1,1,True,True
UNION,UNION - 043,043,043 THE BAZEMORE CENTER,3416823.5625184905,UNION - 043,043,THE BAZEMORE CENTER,3416531.6189312516,3414734.6487722415,0.9993886386850162,0.9994740367251241,0.9988633181518349,1,1,True,True
VANCE,VANCE - CC,CC,CC,73140650.24595903,VANCE - CC,CC,COMMUNITY COLLEGE,71479336.41776389,71478943.79467854,0.9772806716143148,0.9999945071806059,0.977275425545384,1,1,True,True
VANCE,VANCE - EH1,EH1,EH1,3133689.970956631,VANCE - EH1,EH1,CENTRAL HENDERSON,3157619.570466133,3098729.509017189,0.9888436755826329,0.9813498554418162,0.9706035487174082,1,1,True,True
VANCE,VANCE - HTOP,HTOP,HTOP,16155991.926621296,VANCE - HTOP,HTOP,SOUTH HENDERSON,16158626.793757789,16155979.523272783,0.999999232275643,0.9998361698355439,0.9998354023627191,1,1,True,True
VANCE,VANCE - KITT,KITT,KITT,124040778.58380856,VANCE - KITT,KITT,KITTRELL,123541814.74712914,123498312.22640753,0.995626709509611,0.9996478720924518,0.9952776542451094,1,1,True,True
VANCE,VANCE - MIDD,MIDD,MIDD,116631437.61213732,VANCE - MIDD,MIDD,MIDDLEBURG,116476948.02530427,116439340.84738222,0.9983529589561099,0.9996771277187493,0.9980311491956544,1,1,True,True
VANCE,VANCE - NH,NH,NH,210549786.53054625,VANCE - NH,NH,NEW HOPE,209849259.3357152,209796069.38915437,0.996420242671286,0.9997465325980697,0.996168586496495,1,1,True,True
VANCE,VANCE - NH1,NH1,NH1,4358354.448387656,VANCE - NH1,NH1,CENTRAL HENDERSON,4378246.257409413,4353692.081133076,0.9989302459655833,0.9943917781612253,0.9933339829704625,1,1,True,True
VANCE,VANCE - NV,NV,NV,28745156.012814295,VANCE - NV,NV,NORTHERN VANCE,28644841.279771104,28618381.45352168,0.9955897070366883,0.999076279530021,0.9946741126254719,1,1,True,True
VANCE,VANCE - SCRK,SCRK,SCRK,87762922.63907015,VANCE - SCRK,SCRK,SANDY CREEK,87842769.30594726,87757623.33179319,0.99993961792614,0.999030700251975,0.9989704351745144,1,1,True,True
VANCE,VANCE - SH1,SH1,SH1,4147469.6911831754,VANCE - SH1,SH1,SOUTH HENDERSON,4021090.8515446736,4018320.981717714,0.9688608430966934,0.9993111645746836,0.9682142253830975,1,1,True,True
VANCE,VANCE - SH2,SH2,SH2,8608063.364175616,VANCE - SH2,SH2,SOUTH HENDERSON,8785076.844719721,8605271.894679662,0.9996757145738993,0.9795329109559091,0.9792217619783131,1,1,True,True
VANCE,VANCE - WH,WH,WH,21556054.89275659,VANCE - WH,WH,WEST HENDERSON,21556541.18389665,21556037.533080492,0.9999991946728573,0.999976635824279,0.9999758305347672,1,1,True,True
WAKE,WAKE - 01-01,01-01,01 01,1440463.0931692836,WAKE - 01-01,01-01,01 01,1439849.160495427,1439844.0370771058,0.9995702381441681,0.9999964416978794,0.99956668289983,1,1,True,True
WAKE,WAKE - 01-02,01-02,01 02,2273046.5194033296,WAKE - 01-02,01-02,01 02,2272370.269483792,2271547.1114401594,0.9993403531558326,0.9996377535586136,0.9989785843798178,1,1,True,True
WAKE,WAKE - 01-03,01-03,01 03,2083640.9449282284,WAKE - 01-03,01-03,01 03,2083283.2572511318,2083276.7092596139,0.9998251926899876,0.9999968568885219,0.9998220506772896,1,1,True,True
WAKE,WAKE - 01-04,01-04,01 04,1075157.7258163048,WAKE - 01-04,01-04,01 04,1074618.1233776892,1074616.8013850348,0.9994968882999382,0.9999987698023832,0.999495659339863,1,1,True,True
WAKE,WAKE - 01-05,01-05,01 05,1231460.0517372722,WAKE - 01-05,01-05,01 05,1232008.3065171046,1231453.7930045752,0.9999949176323761,0.9995499108978436,0.9995448331042152,1,1,True,True
WAKE,WAKE - 01-06,01-06,01 06,1705444.616574375,WAKE - 01-06,01-06,01 06,1706409.178845037,1705202.2797393654,0.9998579040136195,0.999292725847567,0.999150830777481,1,1,True,True
WAKE,WAKE - 01-07,01-07,01 07,1299759.6567798532,WAKE - 01-07,01-07,01 07,1299204.604705593,1299203.7741423894,0.9995723189017569,0.9999993607140857,0.9995716801625464,1,1,True,True
WAKE,WAKE - 01-09,01-09,01 09,758958.8951803627,WAKE - 01-09,01-09,01 09,758392.5140355132,758385.104309428,0.9992439763542157,0.9999902296951143,0.9992342208168365,1,1,True,True
WAKE,WAKE - 01-10,01-10,01 10,1220564.335990773,WAKE - 01-10,01-10,01 10,1221090.5023126514,1220561.1465253555,0.9999973868928302,0.9995664893091107,0.9995638784670667,1,1,True,True
WAKE,WAKE - 01-11,01-11,01 11,4647904.58939958,WAKE - 01-11,01-11,01 11,4641761.864172423,4641746.374515264,0.998675055658767,0.9999966629789265,0.9986717274745551,1,1,True,True
WAKE,WAKE - 01-12,01-12,01 12,2748929.854565914,WAKE - 01-12,01-12,01 12,2749428.22916663,2748924.6886388604,0.9999981207497729,0.9998168562749054,0.9998149777129606,1,1,True,True
WAKE,WAKE - 01-13,01-13,01 13,3081276.80103734,WAKE - 01-13,01-13,01 13,3080464.333505166,3080364.806979768,0.9997040207302165,0.9999676910638712,0.9996717309164992,1,1,True,True
WAKE,WAKE - 01-14,01-14,01 14,3656669.5835120557,WAKE - 01-14,01-14,01 14,3657178.947352475,3656565.192586308,0.9999714519118111,0.9998321780872628,0.9998036395801224,1,1,True,True
WAKE,WAKE - 01-15,01-15,01 15,1889612.4468690855,WAKE - 01-15,01-15,01 15,1889602.1205112245,1889600.3053477313,0.9999935745970692,0.9999990393938102,0.9999926140032239,1,1,True,True
WAKE,WAKE - 01-16,01-16,01 16,5441076.360663042,WAKE - 01-16,01-16,01 16,5437061.8225585865,5436703.209358667,0.9991962709187484,0.9999340428320252,0.9991304197280638,1,1,True,True
WAKE,WAKE - 01-17,01-17,01 17,1424530.5846697618,WAKE - 01-17,01-17,01 17,1425942.2243450093,1424527.9631067752,0.9999981597004551,0.999008191766757,0.999006355115847,1,1,True,True
WAKE,WAKE - 01-18,01-18,01 18,4556603.061847696,WAKE - 01-18,01-18,01 18,4555978.930090842,4555678.354021236,0.999797062018809,0.9999340260185093,0.9997311148109714,1,1,True,True
WAKE,WAKE - 01-19,01-19,01 19,2888033.2542347284,WAKE - 01-19,01-19,01 19,2888007.028269476,2888003.8534861617,0.9999898198026205,0.9999989007009737,0.9999887205259761,1,1,True,True
WAKE,WAKE - 01-20,01-20,01 20,2561343.4755993974,WAKE - 01-20,01-20,01 20,2561381.4147684625,2561326.903482396,0.9999935299122671,0.9999787180129628,0.9999722482006187,1,1,True,True
WAKE,WAKE - 01-21,01-21,01 21,10140434.579609338,WAKE - 01-21,01-21,01 21,10008106.651735699,9996490.016501693,0.9858048920904147,0.9988392774339598,0.9846768702157253,1,1,True,True
WAKE,WAKE - 01-22,01-22,01 22,5720758.1601608265,WAKE - 01-22,01-22,01 22,5720020.034945304,5719953.496306012,0.9998593431443374,0.9999883674114978,0.9998477138279926,1,1,True,True
WAKE,WAKE - 01-23,01-23,01 23,7430964.089379332,WAKE - 01-23,01-23,01 23,7430881.618558117,7430875.071526706,0.9999880206859358,0.999999118942846,0.9999871396498906,1,1,True,True
WAKE,WAKE - 01-25,01-25,01 25,816202.7199775256,WAKE - 01-25,01-25,01 25,816218.5685780764,816201.1771737788,0.9999981097787239,0.9999786927117721,0.999976802571046,1,1,True,True
WAKE,WAKE - 01-26,01-26,01 26,2599477.6780630117,WAKE - 01-26,01-26,01 26,2599484.690197743,2599472.8726610285,0.9999981513970965,0.9999954538925507,0.9999936053064552,1,1,True,True
WAKE,WAKE - 01-27,01-27,01 27,4013164.221295083,WAKE - 01-27,01-27,01 27,4013149.2009004042,4013142.5358358636,0.9999945964186803,0.9999983391934346,0.9999929356300635,1,1,True,True
WAKE,WAKE - 01-28,01-28,01 28,7268341.870476216,WAKE - 01-28,01-28,01 28,7269235.680317986,7268320.091246467,0.9999970035490712,0.9998740460329278,0.9998710503367799,1,1,True,True
WAKE,WAKE - 01-29,01-29,01 29,2956742.768820128,WAKE - 01-29,01-29,01 29,2956577.5137112364,2956570.2972751297,0.9999416683971237,0.9999975591926566,0.9999392278745243,1,1,True,True
WAKE,WAKE - 01-30,01-30,01 30,1741048.590223688,WAKE - 01-30,01-30,01 30,1741043.7703627283,1741040.3300017568,0.9999952556051694,0.9999980239664102,0.9999932795903299,1,1,True,True
WAKE,WAKE - 01-31,01-31,01 31,4409657.461995049,WAKE - 01-31,01-31,01 31,4415413.727093611,4409653.210903782,0.9999990359588463,0.9986953620779676,0.998694400550621,1,1,True,True
WAKE,WAKE - 01-32,01-32,01 32,3543668.567225348,WAKE - 01-32,01-32,01 32,3570286.659650089,3542143.2643597308,0.9995695695472978,0.9921173289505227,0.9916936561982173,1,1,True,True
WAKE,WAKE - 01-33,01-33,01 33,2485142.341362545,WAKE - 01-33,01-33,01 33,2485608.9219787344,2485138.9550349484,0.9999986373707694,0.9998109248242432,0.999809562710242,1,1,True,True
WAKE,WAKE - 01-34,01-34,01 34,1347224.407686249,WAKE - 01-34,01-34,01 34,1347217.5093745205,1347216.2969109293,0.9999939796404568,0.9999991000238767,0.99999307967517,1,1,True,True
WAKE,WAKE - 01-35,01-35,01 35,4433944.857055075,WAKE - 01-35,01-35,01 35,4433947.84258906,4433940.18996085,0.9999989474171703,0.9999982740824924,0.9999972215032963,1,1,True,True
WAKE,WAKE - 01-36,01-36,01 36,2984157.918706017,WAKE - 01-36,01-36,01 36,2982825.0005328176,2982463.292870196,0.999432125952451,0.9998787365458728,0.9993110001756147,1,1,True,True
WAKE,WAKE - 01-37,01-37,01 37,2097165.7627746454,WAKE - 01-37,01-37,01 37,2097098.219236854,2097096.5996402984,0.9999670206639959,0.9999992276963755,0.9999662484113105,1,1,True,True
WAKE,WAKE - 01-38,01-38,01 38,3829865.918866048,WAKE - 01-38,01-38,01 38,3829865.1570563894,3829861.678483384,0.9999988928117188,0.9999990917244178,0.999997984538148,1,1,True,True
WAKE,WAKE - 01-39,01-39,01 39,2889751.618585907,WAKE - 01-39,01-39,01 39,2889761.84629152,2889729.7596109835,0.9999924356907415,0.9999888964273724,0.9999813322860942,1,1,True,True
WAKE,WAKE - 01-40,01-40,01 40,7892870.269327766,WAKE - 01-40,01-40,01 40,7893467.685889721,7892665.445858979,0.9999740495584244,0.999898366590874,0.9998724214238256,1,1,True,True
WAKE,WAKE - 01-41,01-41,01 41,2001131.213846581,WAKE - 01-41,01-41,01 41,1997052.9645720222,1997047.9785295893,0.9979595364418193,0.9999975032998516,0.9979570499201146,1,1,True,True
WAKE,WAKE - 01-42,01-42,01 42,5109137.434781402,WAKE - 01-42,01-42,01 42,5113926.133367298,5108299.454919798,0.9998359840829688,0.998899734118022,0.9987360788951374,1,1,True,True
WAKE,WAKE - 01-43,01-43,01 43,2321969.043642987,WAKE - 01-43,01-43,01 43,2321969.5152309807,2321966.99225487,0.9999991165308071,0.9999989134327155,0.9999980299654423,1,1,True,True
WAKE,WAKE - 01-44,01-44,01 44,2960601.9889906878,WAKE - 01-44,01-44,01 44,2960600.413335898,2960598.374187551,0.9999987790310382,0.9999993112382415,0.9999980902709615,1,1,True,True
WAKE,WAKE - 01-45,01-45,01 45,2160182.4646353507,WAKE - 01-45,01-45,01 45,2160186.8553941236,2160178.5552002313,0.9999981902292128,0.9999961576500331,0.9999943478931532,1,1,True,True
WAKE,WAKE - 01-46,01-46,01 46,4189126.9958168548,WAKE - 01-46,01-46,01 46,4189105.650698914,4188944.7793342243,0.9999565025164402,0.9999615976826312,0.9999181035397429,1,1,True,True
WAKE,WAKE - 01-47,01-47,01 47,2921700.086204523,WAKE - 01-47,01-47,01 47,2922143.447511558,2921658.5672360756,0.9999857894488747,0.9998340669155392,0.9998198610799905,1,1,True,True
WAKE,WAKE - 01-48,01-48,01 48,2873348.026181833,WAKE - 01-48,01-48,01 48,2873207.5148961646,2873189.0223168344,0.9999446625109282,0.9999935637856875,0.9999382270089215,1,1,True,True
WAKE,WAKE - 01-49,01-49,01 49,2901890.7838179306,WAKE - 01-49,01-49,01 49,2905582.431905634,2901878.9478235305,0.999995921281922,0.9987253901175076,0.9987213217903307,1,1,True,True
WAKE,WAKE - 01-50,01-50,01 50,3382289.658924426,WAKE - 01-50,01-50,01 50,3386253.9652798553,3374646.6349181966,0.9977402810589973,0.9965722209613715,0.9943279497201423,1,1,True,True
WAKE,WAKE - 01-51,01-51,01 51,1214159.0234443594,WAKE - 01-51,01-51,01 51,1214225.7192183458,1214157.3448238063,0.9999986174623582,0.9999436888928827,0.9999423065109406,1,1,True,True
WAKE,WAKE - 02-01,02-01,02 01,9812926.33162256,WAKE - 02-01,02-01,02 01,9812738.570586266,9812684.46938682,0.9999753526901592,0.9999944866360133,0.9999698395979474,1,1,True,True
WAKE,WAKE - 02-02,02-02,02 02,38870513.98355609,WAKE - 02-02,02-02,02 02,38909083.1891867,38852665.79158908,0.9995408295353501,0.9985500198675127,0.9980921797087613,1,1,True,True
WAKE,WAKE - 02-03,02-03,02 03,20091838.562675808,WAKE - 02-03,02-03,02 03,20092178.71521833,20091695.712391388,0.9999928901337738,0.9999759606544522,0.9999688511300536,1,1,True,True
WAKE,WAKE - 02-04,02-04,02 04,16921070.519936837,WAKE - 02-04,02-04,02 04,16919494.757547323,16916466.483505875,0.9997279110428895,0.9998210186483201,0.9995490270669461,1,1,True,True
WAKE,WAKE - 02-05,02-05,02 05,2970442.3934624637,WAKE - 02-05,02-05,02 05,2970443.768306984,2970439.6416307655,0.9999990735953324,0.9999986107543046,0.9999976843522109,1,1,True,True
WAKE,WAKE - 02-06,02-06,02 06,9679834.67176352,WAKE - 02-06,02-06,02 06,9679766.157114293,9679762.126216805,0.9999925054973379,0.9999995835749105,0.9999920890784901,1,1,True,True
WAKE,WAKE - 03-00,03-00,03 00,101776336.62892452,WAKE - 03-02,03-02,03 02,85329137.82177219,85267642.93398057,0.8377943808772124,0.9992793213506966,0.8372884778088027,1,1,True,True
WAKE,WAKE - 04-01,04-01,04 01,2253128.9493684634,WAKE - 04-01,04-01,04 01,2253129.6072413283,2253127.123231475,0.9999991895106629,0.9999988975290878,0.9999980870415377,1,1,True,True
WAKE,WAKE - 04-02,04-02,04 02,5791634.418725977,WAKE - 04-02,04-02,04 02,5787751.263990856,5785978.142840397,0.9990233713876532,0.9996936424753615,0.9987176118743759,1,1,True,True
WAKE,WAKE - 04-03,04-03,04 03,2901365.524565582,WAKE - 04-03,04-03,04 03,2885425.339468861,2885423.8430642877,0.9945054556668859,0.9999994813920315,0.9945049427422882,1,1,True,True
WAKE,WAKE - 04-04,04-04,04 04,1672850.5467045663,WAKE - 04-04,04-04,04 04,1672850.6672799143,1672849.1242940694,0.999999149708562,0.9999990776308519,0.9999982273409824,1,1,True,True
WAKE,WAKE - 04-05,04-05,04 05,19100313.585234646,WAKE - 04-05,04-05,04 05,19099679.854519308,19086907.516778078,0.9992981231225999,0.9993312800089574,0.998630341206894,1,1,True,True
WAKE,WAKE - 04-06,04-06,04 06,4085007.2512763855,WAKE - 04-06,04-06,04 06,4085005.6912579257,4084999.7900827588,0.9999981735176542,0.9999985554058886,0.99999672892882,1,1,True,True
WAKE,WAKE - 04-07,04-07,04 07,5246718.606310068,WAKE - 04-07,04-07,04 07,5247661.9817131385,5246705.07037314,0.9999974201138001,0.9998176499661501,0.9998150710207478,1,1,True,True
WAKE,WAKE - 04-08,04-08,04 08,2801503.3063984327,WAKE - 04-08,04-08,04 08,2788779.686708067,2788524.556681314,0.9953672195611991,0.9999085155317328,0.9952765807459273,1,1,True,True
WAKE,WAKE - 04-09,04-09,04 09,4230157.706915515,WAKE - 04-09,04-09,04 09,4221845.929006135,4219079.053407819,0.9973810306198315,0.9993446289502641,0.9967290867493347,1,1,True,True
WAKE,WAKE - 04-10,04-10,04 10,3353247.681847326,WAKE - 04-10,04-10,04 10,3354323.166591166,3344467.1825888795,0.9973814939749368,0.9970617070828323,0.9944585462975835,1,1,True,True
WAKE,WAKE - 04-11,04-11,04 11,2328396.0902737966,WAKE - 04-11,04-11,04 11,2331753.136761625,2328214.0041450015,0.999921797614437,0.9984822009839607,0.9984042357999952,1,1,True,True
WAKE,WAKE - 04-12,04-12,04 12,4116809.827032515,WAKE - 04-12,04-12,04 12,4116807.276878123,4116803.6189442226,0.9999984920147995,0.9999991114634097,0.9999976034808891,1,1,True,True
WAKE,WAKE - 04-13,04-13,04 13,4518606.71074213,WAKE - 04-13,04-13,04 13,4550548.358406646,4518574.0979268085,0.9999927825505938,0.9929735368220473,0.9929664204422313,1,1,True,True
WAKE,WAKE - 04-14,04-14,04 14,2091701.231870244,WAKE - 04-14,04-14,04 14,2082552.9025924986,2082547.9497764627,0.9956240011937092,0.999997621757397,0.9956216437199135,1,1,True,True
WAKE,WAKE - 04-15,04-15,04 15,3069330.998884023,WAKE - 04-15,04-15,04 15,3069326.070891781,3069322.3362974836,0.9999971776955491,0.9999987832526714,0.9999959609550886,1,1,True,True
WAKE,WAKE - 04-16,04-16,04 16,1939695.1954500433,WAKE - 04-16,04-16,04 16,1939693.861070768,1939692.1579045437,0.9999984340088552,0.999999121940705,0.9999975559523102,1,1,True,True
WAKE,WAKE - 04-17,04-17,04 17,1891579.2089709847,WAKE - 04-17,04-17,04 17,1882691.8689761572,1881237.8205024875,0.9945329339530419,0.9992276758094991,0.9937690281479318,1,1,True,True
WAKE,WAKE - 04-18,04-18,04 18,6315951.56547983,WAKE - 04-18,04-18,04 18,6325933.127960424,6313378.742364023,0.9995926467945275,0.9980154096885864,0.997609671409152,1,1,True,True
WAKE,WAKE - 04-19,04-19,04 19,1639118.1447388057,WAKE - 04-19,04-19,04 19,1615886.8941831607,1615884.5945629654,0.9858255792906603,0.9999985768680942,0.98582419621694,1,1,True,True
WAKE,WAKE - 04-20,04-20,04 20,3570336.023129318,WAKE - 04-20,04-20,04 20,3580434.646218987,3570221.9941389794,0.9999680621124735,0.9971476501907967,0.9971158942365885,1,1,True,True
WAKE,WAKE - 04-21,04-21,04 21,1414744.133292615,WAKE - 04-21,04-21,04 21,1412685.918892796,1411815.3535315453,0.9979298166416471,0.9993837516537767,0.9973161163656092,1,1,True,True
WAKE,WAKE - 05-01,05-01,05 01,4129351.192293996,WAKE - 05-01,05-01,05 01,4112836.1399669535,4112805.008834037,0.9959930306991479,0.999992430738338,0.9959855219753257,1,1,True,True
WAKE,WAKE - 05-03,05-03,05 03,9958208.403529499,WAKE - 05-03,05-03,05 03,9971362.02767794,9946797.433303965,0.9988541141374899,0.9975364855567584,0.9963962353339032,1,1,True,True
WAKE,WAKE - 05-05,05-05,05 05,40196654.22724042,WAKE - 05-05,05-05,05 05,39798422.53388557,39785515.52438326,0.9897718178101863,0.9996756904248826,0.9894541074481565,1,1,True,True
WAKE,WAKE - 05-06,05-06,05 06,6810049.405805447,WAKE - 05-06,05-06,05 06,6810051.730793227,6810037.687324681,0.9999982792370411,0.9999979378323247,0.9999962170764628,1,1,True,True
WAKE,WAKE - 05-07,05-07,05 07,14571600.343214327,WAKE - 05-07,05-07,05 07,14531075.17944424,14520163.84460632,0.9964700858247213,0.9992491034074783,0.995724479100554,1,1,True,True
WAKE,WAKE - 05-08,05-08,05 08,18848238.1671259,WAKE - 05-08,05-08,05 08,18738055.418260973,18737731.214122448,0.9941370141854323,0.9999826980905282,0.9941199145611793,1,1,True,True
WAKE,WAKE - 06-04,06-04,06 04,6013407.597243358,WAKE - 06-04,06-04,06 04,6044254.549378436,6013354.863021224,0.9999912305591661,0.9948877589279574,0.9948790789205363,1,1,True,True
WAKE,WAKE - 06-05,06-05,06 05,7516369.813090021,WAKE - 06-05,06-05,06 05,7519601.486429915,7516358.208888739,0.9999984561428495,0.9995686902361743,0.9995671477104969,1,1,True,True
WAKE,WAKE - 06-06,06-06,06 06,7585739.482013073,WAKE - 06-06,06-06,06 06,7585415.319549985,7585387.89454707,0.9999536515237788,0.9999963845087237,0.9999500363676391,1,1,True,True
WAKE,WAKE - 06-07,06-07,06 07,8207520.965789192,WAKE - 06-07,06-07,06 07,8207524.16744973,8207507.6745360065,0.9999983806007635,0.999997990512926,0.9999963711201978,1,1,True,True
WAKE,WAKE - 06-08,06-08,06 08,4508092.561681083,WAKE - 06-08,06-08,06 08,4509616.443532774,4500665.085477562,0.9983524126663558,0.9980150511318874,0.9963739926930598,1,1,True,True
WAKE,WAKE - 06-09,06-09,06 09,35539282.58723264,WAKE - 06-12,06-12,06 12,21754143.46686946,21747503.160035312,0.6119285921615093,0.9996947566865017,0.6118142782463902,1,1,True,True
WAKE,WAKE - 06-10,06-10,06 10,45783950.41798251,WAKE - 06-10,06-10,06 10,45862987.84357128,45690019.22597622,0.9979483816676205,0.9962285793898771,0.9941923911523588,1,1,True,True
WAKE,WAKE - 07-01,07-01,07 01,2925713.8363653864,WAKE - 07-01,07-01,07 01,2925725.077089959,2925710.439660897,0.999998839016842,0.9999949969909421,0.999993836019401,1,1,True,True
WAKE,WAKE - 07-02,07-02,07 02,1846952.1115750342,WAKE - 07-02,07-02,07 02,1848854.432280252,1845126.6699681422,0.9990116464875013,0.9979837448275946,0.996999370881287,1,1,True,True
WAKE,WAKE - 07-03,07-03,07 03,2032960.6205075698,WAKE - 07-03,07-03,07 03,2032030.2831120396,2032015.435973655,0.9995350699249261,0.9999926934462995,0.9995277701636945,1,1,True,True
WAKE,WAKE - 07-04,07-04,07 04,3537936.811117346,WAKE - 07-04,07-04,07 04,3537905.824374073,3537897.5221418585,0.9999888949470878,0.999997653348442,0.9999865483476488,1,1,True,True
WAKE,WAKE - 07-05,07-05,07 05,2472363.465926197,WAKE - 07-05,07-05,07 05,2472352.899084948,2472311.3232234167,0.9999789097745947,0.9999831836864606,0.9999620941703616,1,1,True,True
WAKE,WAKE - 07-06,07-06,07 06,3479336.793644397,WAKE - 07-06,07-06,07 06,3479570.6510417564,3479331.044209452,0.9999983475486031,0.9999311389661731,0.9999294867423469,1,1,True,True
WAKE,WAKE - 07-07,07-07,07 07,3181233.4229767187,WAKE - 07-07,07-07,07 07,3181215.8186580664,3181212.354143966,0.9999933771496927,0.999998910946538,0.9999922881106561,1,1,True,True
WAKE,WAKE - 07-09,07-09,07 09,3356694.9007061296,WAKE - 07-09,07-09,07 09,3364686.270849414,3356677.2365661636,0.9999947376391097,0.9976196787341993,0.9976144413956465,1,1,True,True
WAKE,WAKE - 07-10,07-10,07 10,17466518.036549147,WAKE - 07-10,07-10,07 10,17467863.051429395,17466401.10974031,0.9999933056600867,0.9999163067809279,0.9999096135615057,1,1,True,True
WAKE,WAKE - 07-11,07-11,07 11,1689196.1403188799,WAKE - 07-11,07-11,07 11,1689196.4359370582,1689194.4341768012,0.9999989899680458,0.9999988149630118,0.9999978049334515,1,1,True,True
WAKE,WAKE - 07-12,07-12,07 12,3742062.9798080223,WAKE - 07-12,07-12,07 12,3741173.4774579518,3741155.3502864745,0.999757452098897,0.9999951546829928,0.9997526091320419,1,1,True,True
WAKE,WAKE - 07-13,07-13,07 13,2169655.7414223785,WAKE - 07-13,07-13,07 13,2169657.927945267,2169653.082633775,0.999998774557386,0.9999977667855244,0.999996541348384,1,1,True,True
WAKE,WAKE - 08-02,08-02,08 02,5552548.127523764,WAKE - 08-02,08-02,08 02,5552562.077874427,5551593.630143875,0.9998280974143822,0.9998255854293984,0.9996537427980302,1,1,True,True
WAKE,WAKE - 08-03,08-03,08 03,12483083.426755989,WAKE - 08-03,08-03,08 03,12552886.405450847,12472645.28016486,0.9991638166441509,0.9936077550059608,0.9927822232481943,1,1,True,True
WAKE,WAKE - 08-04,08-04,08 04,6488449.818624938,WAKE - 08-04,08-04,08 04,6504145.009961833,6439077.279366351,0.9923907033823604,0.9899959594234409,0.9825375809258825,1,1,True,True
WAKE,WAKE - 08-05,08-05,08 05,3342552.147234634,WAKE - 08-05,08-05,08 05,3342640.1368883587,3342548.21162277,0.9999988225727855,0.999972499203676,0.9999713218412212,1,1,True,True
WAKE,WAKE - 08-06,08-06,08 06,1384262.813109278,WAKE - 08-06,08-06,08 06,1383452.5398872632,1383363.5854461864,0.9993503923860587,0.9999357011256171,0.9992861770199368,1,1,True,True
WAKE,WAKE - 08-07,08-07,08 07,8759933.1033989,WAKE - 08-07,08-07,08 07,8759925.16841587,8759917.262424044,0.9999981916557273,0.9999990974818078,0.9999972891407993,1,1,True,True
WAKE,WAKE - 08-08,08-08,08 08,6236539.981901688,WAKE - 08-08,08-08,08 08,6235866.02354614,6190432.225950785,0.992606837110849,0.9927141158222771,0.9854278994533489,1,1,True,True
WAKE,WAKE - 08-09,08-09,08 09,2268992.460039474,WAKE - 08-09,08-09,08 09,2268236.5242614676,2265981.664678574,0.998673069472938,0.9990058975072594,0.9976816021318767,1,1,True,True
WAKE,WAKE - 08-10,08-10,08 10,3445279.1394673316,WAKE - 08-10,08-10,08 10,3445302.7192622516,3445266.691334182,0.9999963869014249,0.9999895428846155,0.9999859298616051,1,1,True,True
WAKE,WAKE - 08-11,08-11,08 11,5453474.599024866,WAKE - 08-11,08-11,08 11,5453456.346296002,5453442.288138983,0.9999940751744055,0.9999974221564956,0.9999914973614477,1,1,True,True
WAKE,WAKE - 09-01,09-01,09 01,67122092.36916462,WAKE - 09-01,09-01,09 01,67152889.65755014,67062151.85086613,0.9991069927026587,0.9986487877566144,0.9977581910389988,1,1,True,True
WAKE,WAKE - 09-02,09-02,09 02,31231826.46282817,WAKE - 09-02,09-02,09 02,31204708.22119809,31121522.24198325,0.9964682110098106,0.9973341850010208,0.9938211680286616,1,1,True,True
WAKE,WAKE - 09-03,09-03,09 03,40985232.710209906,WAKE - 09-03,09-03,09 03,41034639.90783683,40823874.57167558,0.9960630176318573,0.9948637215622064,0.9909669994091005,1,1,True,True
WAKE,WAKE - 10-01,10-01,10 01,24651066.326882277,WAKE - 10-01,10-01,10 01,24658698.113241863,24650487.07332498,0.9999765018863842,0.9996670124319145,0.9996435299646689,1,1,True,True
WAKE,WAKE - 10-02,10-02,10 02,35851233.69393123,WAKE - 10-02,10-02,10 02,35851864.99270649,35850440.861110575,0.9999778854801087,0.9999602773357479,0.9999381645726974,1,1,True,True
WAKE,WAKE - 10-03,10-03,10 03,16055705.716803888,WAKE - 10-03,10-03,10 03,16033701.36670312,15994927.69044594,0.9962145527932579,0.9975817389029272,0.9938145434727108,1,1,True,True
WAKE,WAKE - 10-04,10-04,10 04,60795413.35264883,WAKE - 10-05,10-05,10 05,40768271.72688981,40747226.62899241,0.6702352098937916,0.999483787342314,0.6700032798214746,1,1,True,True
WAKE,WAKE - 11-01,11-01,11 01,13800910.36347583,WAKE - 11-01,11-01,11 01,13803979.962287659,13793871.721027428,0.9994899870904872,0.9992677299381884,0.9987584634993721,1,1,True,True
WAKE,WAKE - 11-02,11-02,11 02,5417101.446674193,WAKE - 11-02,11-02,11 02,5417074.919720093,5416912.817147137,0.999965178882302,0.9999700756265404,0.9999352565927754,1,1,True,True
WAKE,WAKE - 12-01,12-01,12 01,20145060.742261477,WAKE - 12-01,12-01,12 01,20146027.03329637,20145036.02718356,0.9999987731445323,0.9999508088561991,0.9999495821214294,1,1,True,True
WAKE,WAKE - 12-02,12-02,12 02,16264323.504964473,WAKE - 12-02,12-02,12 02,16205393.31184372,16162144.215028895,0.9937175813119808,0.9973311911668805,0.9910821561061433,1,1,True,True
WAKE,WAKE - 12-04,12-04,12 04,41492957.49637558,WAKE - 12-04,12-04,12 04,41320823.25859133,41320791.03971014,0.9958507065522991,0.9999992202749449,0.9958499332844335,1,1,True,True
WAKE,WAKE - 12-05,12-05,12 05,23310419.401693437,WAKE - 12-11,12-11,12 11,12467999.706319967,12467764.325424414,0.5348580010756334,0.9999811211981795,0.5348526003111992,1,1,True,True
WAKE,WAKE - 12-06,12-06,12 06,14833491.610512389,WAKE - 12-06,12-06,12 06,14717562.557919811,14716291.29288792,0.9920989392988627,0.9999136225834347,0.9920139213784359,1,1,True,True
WAKE,WAKE - 12-07,12-07,12 07,22849803.4149387,WAKE - 12-07,12-07,12 07,22850444.33535826,22849197.985722456,0.9999735039638964,0.9999454562188153,0.9999189630729824,1,1,True,True
WAKE,WAKE - 12-08,12-08,12 08,14938039.839022059,WAKE - 12-08,12-08,12 08,14952380.812052341,14936770.223528745,0.9999150078921334,0.9989559797386237,0.9988711649975568,1,1,True,True
WAKE,WAKE - 12-09,12-09,12 09,12653643.613435082,WAKE - 12-09,12-09,12 09,12619081.02526566,12617815.12988052,0.9971685243674382,0.9998996840274973,0.9970687756468073,1,1,True,True
WAKE,WAKE - 13-01,13-01,13 01,11087960.400551943,WAKE - 13-01,13-01,13 01,11107602.46434309,11087909.842013748,0.9999954402309922,0.9982271041484824,0.998222560533097,1,1,True,True
WAKE,WAKE - 13-02,13-02,13 02,1671367.9166739467,WAKE - 13-02,13-02,13 02,1668673.9030458003,1668667.8678341515,0.9983845275400713,0.9999963832288395,0.9983809224450394,1,1,True,True
WAKE,WAKE - 13-05,13-05,13 05,5425420.565657324,WAKE - 13-05,13-05,13 05,5421012.339160967,5419793.7876791265,0.9989628863034481,0.9997752169879716,0.998738569248429,1,1,True,True
WAKE,WAKE - 13-06,13-06,13 06,5118023.82122263,WAKE - 13-06,13-06,13 06,5118013.819836896,5117524.145695301,0.9999023694408655,0.9999043234037983,0.9998067115247777,1,1,True,True
WAKE,WAKE - 13-07,13-07,13 07,4390988.4377506375,WAKE - 13-07,13-07,13 07,4391786.7086764965,4390471.612614746,0.9998822986798489,0.9997005555713459,0.9995829247265041,1,1,True,True
WAKE,WAKE - 13-08,13-08,13 08,5198466.956842148,WAKE - 13-08,13-08,13 08,5196904.765220785,5196386.99496283,0.9995998893718887,0.9999003694927374,0.9995003385711577,1,1,True,True
WAKE,WAKE - 13-09,13-09,13 09,5797771.119502784,WAKE - 13-09,13-09,13 09,5797817.364532098,5797763.353402791,0.9999986605024874,0.999990684230649,0.9999893447580933,1,1,True,True
WAKE,WAKE - 13-10,13-10,13 10,9093532.375336563,WAKE - 13-10,13-10,13 10,9093110.154080763,9090391.163663272,0.9996545663947036,0.9997009834510504,0.9993557563599388,1,1,True,True
WAKE,WAKE - 13-11,13-11,13 11,3199941.013841,WAKE - 13-11,13-11,13 11,3202638.461504558,3199832.4745824235,0.9999660808564573,0.9991238514881207,0.9990899917539486,1,1,True,True
WAKE,WAKE - 14-01,14-01,14 01,58019182.894096725,WAKE - 14-01,14-01,14 01,59244540.692846864,57946890.337028764,0.998753988707495,0.978096709998213,0.976904651886688,1,1,True,True
WAKE,WAKE - 14-02,14-02,14 02,70065304.27087906,WAKE - 14-02,14-02,14 02,69969728.28728049,69957910.22869508,0.998467229346942,0.999831097549259,0.9982988442332307,1,1,True,True
WAKE,WAKE - 15-01,15-01,15 01,25225853.13423916,WAKE - 15-01,15-01,15 01,25081337.754339505,25075935.586684678,0.9940569880131824,0.999784614054173,0.9938441542701344,1,1,True,True
WAKE,WAKE - 15-02,15-02,15 02,23720619.44637088,WAKE - 15-02,15-02,15 02,23719505.38658865,23719396.943037406,0.9999484624195317,0.9999954280854731,0.9999438909762425,1,1,True,True
WAKE,WAKE - 15-03,15-03,15 03,37888588.1525444,WAKE - 15-03,15-03,15 03,37541969.40679112,37541491.47664552,0.9908390179517531,0.9999872694439543,0.9908265195746464,1,1,True,True
WAKE,WAKE - 15-04,15-04,15 04,14499286.858440978,WAKE - 15-04,15-04,15 04,14500093.061925959,14496906.797955925,0.9998358498243196,0.9997802590675503,0.9996161810190508,1,1,True,True
WAKE,WAKE - 16-01,16-01,16 01,41768283.61938402,WAKE - 16-01,16-01,16 01,41570544.997766815,41535554.60027171,0.9944280923479387,0.9991582886994389,0.9935957308870275,1,1,True,True
WAKE,WAKE - 16-02,16-02,16 02,15633655.949695757,WAKE - 16-02,16-02,16 02,15761017.335757067,15609469.872873947,0.998452948120412,0.9903846649201188,0.9888671982798212,1,1,True,True
WAKE,WAKE - 16-03,16-03,16 03,2925934.758037183,WAKE - 16-03,16-03,16 03,2939650.044409153,2925639.1590551157,0.9998989728047574,0.9952338254069785,0.9951337588950788,1,1,True,True
WAKE,WAKE - 16-04,16-04,16 04,5760386.920688042,WAKE - 16-04,16-04,16 04,5764266.394402711,5760215.136444692,0.999970178349872,0.9992971771807853,0.9992673974339747,1,1,True,True
WAKE,WAKE - 16-05,16-05,16 05,9970952.88686617,WAKE - 16-05,16-05,16 05,9989460.338311978,9956489.044045173,0.9985494021499138,0.9966993918439866,0.9952583470017432,1,1,True,True
WAKE,WAKE - 16-06,16-06,16 06,2469026.38650721,WAKE - 16-06,16-06,16 06,2469025.914533854,2469024.0753165674,0.9999990639263091,0.9999992550838468,0.9999983190115505,1,1,True,True
WAKE,WAKE - 16-07,16-07,16 07,6078486.172288245,WAKE - 16-07,16-07,16 07,6078073.710961471,6078060.911241631,0.9999300383295182,0.9999978941157266,0.9999279327398968,1,1,True,True
WAKE,WAKE - 16-08,16-08,16 08,27857851.272252202,WAKE - 16-11,16-11,16 11,21418701.232446786,21415328.30472906,0.7687358258696637,0.9998425241716983,0.7686427613885025,1,1,True,True
WAKE,WAKE - 16-09,16-09,16 09,28059255.749024425,WAKE - 16-09,16-09,16 09,28018421.511663392,28010501.48277704,0.9982624533350611,0.9997173277986751,0.9979807624542568,1,1,True,True
WAKE,WAKE - 17-01,17-01,17 01,5163941.301525732,WAKE - 17-01,17-01,17 01,5163826.193561313,5163814.169395662,0.9999753807948917,0.9999976714619742,0.9999730523715178,1,1,True,True
WAKE,WAKE - 17-02,17-02,17 02,9130099.410765214,WAKE - 17-02,17-02,17 02,9128043.525387628,9128013.034956444,0.9997714837796498,0.9999966596969987,0.9997681450030983,1,1,True,True
WAKE,WAKE - 17-03,17-03,17 03,8866702.660491321,WAKE - 17-03,17-03,17 03,8866478.827949371,8866441.5119577,0.9999705472774242,0.999995791340351,0.999966338865684,1,1,True,True
WAKE,WAKE - 17-04,17-04,17 04,52185967.133521944,WAKE - 17-14,17-14,17 14,28735599.37161714,28732957.082783546,0.550587804749656,0.9999080482435942,0.5505599287049692,1,1,True,True
WAKE,WAKE - 17-05,17-05,17 05,5125952.622731758,WAKE - 17-05,17-05,17 05,5126473.432254465,5125937.622038972,0.9999970735795098,0.9998954817141698,0.9998925559053756,1,1,True,True
WAKE,WAKE - 17-06,17-06,17 06,24715429.748790447,WAKE - 17-06,17-06,17 06,24717176.111731924,24715083.22857535,0.9999859795998444,0.9999153267692428,0.999901308743275,1,1,True,True
WAKE,WAKE - 17-07,17-07,17 07,12812271.275579855,WAKE - 17-07,17-07,17 07,12811958.149103962,12811930.411807343,0.9999733955233089,0.9999978350462673,0.9999712306847695,1,1,True,True
WAKE,WAKE - 17-08,17-08,17 08,15082902.541284427,WAKE - 17-12,17-12,17 12,7899727.340398002,7899389.667224,0.5237314002130591,0.9999572550849603,0.5237196752758626,1,1,True,True
WAKE,WAKE - 17-09,17-09,17 09,5645308.377462841,WAKE - 17-09,17-09,17 09,5645470.604575169,5645282.074714733,0.9999953407774477,0.9999666051116655,0.9999619462002955,1,1,True,True
WAKE,WAKE - 17-10,17-10,17 10,2508423.2635976425,WAKE - 17-10,17-10,17 10,2508498.017375449,2508329.7189798555,0.9999627078016918,0.9999329086989792,0.9998956215043742,1,1,True,True
WAKE,WAKE - 17-11,17-11,17 11,4377406.2391303945,WAKE - 17-11,17-11,17 11,4357910.0328627005,4357874.103035264,0.995537965857377,0.9999917552617732,0.9955297945313059,1,1,True,True
WAKE,WAKE - 18-01,18-01,18 01,9345839.767844671,WAKE - 18-01,18-01,18 01,9345834.272593973,9345814.966303647,0.9999973462479947,0.99999793423575,0.9999952804947088,1,1,True,True
WAKE,WAKE - 18-02,18-02,18 02,19328973.640416164,WAKE - 18-02,18-02,18 02,19328931.812597584,19328827.49221162,0.9999924389050727,0.9999946028892349,0.9999870418759232,1,1,True,True
WAKE,WAKE - 18-03,18-03,18 03,3260049.599061999,WAKE - 18-03,18-03,18 03,3260140.2332479595,3260032.1242487296,0.9999946397093853,0.9999668391567554,0.9999614792216374,1,1,True,True
WAKE,WAKE - 18-04,18-04,18 04,27700398.220139433,WAKE - 18-04,18-04,18 04,27669067.59788033,27667699.1383696,0.998819544704377,0.9999505419000518,0.9987702032987814,1,1,True,True
WAKE,WAKE - 18-05,18-05,18 05,10057076.474544114,WAKE - 18-05,18-05,18 05,10046590.594744597,10043075.138849236,0.9986078125456919,0.9996500846867196,0.9982588706796429,1,1,True,True
WAKE,WAKE - 18-06,18-06,18 06,13798253.429157062,WAKE - 18-06,18-06,18 06,13802482.490982179,13798221.945564969,0.999997718291503,0.9996913203534223,0.9996890400533405,1,1,True,True
WAKE,WAKE - 18-07,18-07,18 07,19524585.80809199,WAKE - 18-07,18-07,18 07,19524957.407092717,19524580.597644687,0.9999997331340416,0.9999807011385391,0.9999804342828812,1,1,True,True
WAKE,WAKE - 18-08,18-08,18 08,7136518.808581184,WAKE - 18-08,18-08,18 08,7121726.112965922,7121409.289742304,0.9978827886194721,0.9999555131412536,0.9978384899333045,1,1,True,True
WAKE,WAKE - 19-03,19-03,19 03,7194070.7716645235,WAKE - 19-03,19-03,19 03,7127676.573007556,7125979.725028926,0.9905351158201293,0.9997619353289603,0.9903015358050584,1,1,True,True
WAKE,WAKE - 19-04,19-04,19 04,19060975.82744982,WAKE - 19-21,19-21,19 21,9695383.999437345,9690555.86321739,0.5083976786362618,0.9995020170196213,0.5082689343540358,1,1,True,True
WAKE,WAKE - 19-05,19-05,19 05,14353525.590422474,WAKE - 19-05,19-05,19 05,14293794.778554201,14283748.249141322,0.9951386618680145,0.999297140502678,0.9944426170573685,1,1,True,True
WAKE,WAKE - 19-07,19-07,19 07,10540242.071562521,WAKE - 19-07,19-07,19 07,10504164.287283638,10497698.670888484,0.9959637169255515,0.9993844711279904,0.9953531454062058,1,1,True,True
WAKE,WAKE - 19-09,19-09,19 09,55778655.98561081,WAKE - 19-09,19-09,19 09,55726026.459223464,55719490.82746819,0.9989392867738174,0.9998827185038922,0.9988222539352639,1,1,True,True
WAKE,WAKE - 19-10,19-10,19 10,22240754.289979782,WAKE - 19-19,19-19,19 19,14484528.866617026,14483965.841808883,0.6512353696715405,0.9999611292287566,0.6512188840621732,1,1,True,True
WAKE,WAKE - 19-11,19-11,19 11,6519992.863433514,WAKE - 19-11,19-11,19 11,6519690.780634344,6518991.363093971,0.9998463954853142,0.9998927222833252,0.9997391507210243,1,1,True,True
WAKE,WAKE - 19-12,19-12,19 12,15678126.987624636,WAKE - 19-23,19-23,19 23,10745499.19134463,10744828.96440825,0.6853388145720192,0.9999376271940051,0.6853095181580287,1,1,True,True
WAKE,WAKE - 19-13,19-13,19 13,6920672.937039001,WAKE - 19-13,19-13,19 13,6924045.8009087015,6920536.789663492,0.9999803274368334,0.9994932137443763,0.9994735611155304,1,1,True,True
WAKE,WAKE - 19-14,19-14,19 14,3322043.2305516438,WAKE - 19-14,19-14,19 14,3318676.312283078,3318535.930589174,0.9989442340996004,0.9999576994919979,0.9989020228614311,1,1,True,True
WAKE,WAKE - 19-15,19-15,19 15,3987155.251297362,WAKE - 19-15,19-15,19 15,3981257.0495087965,3980642.466424996,0.998366558495497,0.9998456308959311,0.9982126932465567,1,1,True,True
WAKE,WAKE - 19-16,19-16,19 16,18443970.740674112,WAKE - 19-16,19-16,19 16,18445768.926436596,18440199.058408022,0.9997955059504745,0.999698040886732,0.9994936703036248,1,1,True,True
WAKE,WAKE - 19-17,19-17,19 17,6078841.274024735,WAKE - 19-17,19-17,19 17,6077332.773729638,6075519.214954303,0.9994535045544571,0.9997015863960625,0.9991554169761346,1,1,True,True
WAKE,WAKE - 20-01,20-01,20 01,13919702.553328848,WAKE - 20-01,20-01,20 01,13916831.502858792,13912748.137643028,0.9995003904961923,0.9997065880107174,0.9992072715735395,1,1,True,True
WAKE,WAKE - 20-03,20-03,20 03,5770559.493607198,WAKE - 20-03,20-03,20 03,5769884.750293403,5769828.169101787,0.9998732662740552,0.9999901937050626,0.9998634624645247,1,1,True,True
WAKE,WAKE - 20-04,20-04,20 04,4873546.265595019,WAKE - 20-04,20-04,20 04,4872280.308269134,4870525.548560059,0.9993801809051686,0.9996398483670783,0.999020475511307,1,1,True,True
WAKE,WAKE - 20-05,20-05,20 05,8002249.701681175,WAKE - 20-05,20-05,20 05,8012162.81644848,7998341.364255553,0.9995115951674438,0.9982749411726192,0.9977882195307137,1,1,True,True
WAKE,WAKE - 20-06A,20-06A,20 06A,11694201.418331385,WAKE - 20-06A,20-06A,20 06A,11696242.754870739,11689725.252621062,0.9996172320323382,0.999442769581115,0.9990604279929619,1,1,True,True
WAKE,WAKE - 20-06B,20-06B,20 06B,2809117.22603245,WAKE - 20-06B,20-06B,20 06B,2809027.4360693432,2808875.99639274,0.9999141261754851,0.9999460882173458,0.9998602236514057,1,1,True,True
WAKE,WAKE - 20-08,20-08,20 08,7272945.151912712,WAKE - 20-08,20-08,20 08,7278601.117146119,7271214.373900448,0.9997620251526566,0.998985142457076,0.9987476503284145,1,1,True,True
WAKE,WAKE - 20-09,20-09,20 09,5530258.218605438,WAKE - 20-09,20-09,20 09,5530269.677491824,5530252.960236204,0.9999990491638859,0.9999969771355476,0.9999960263051821,1,1,True,True
WAKE,WAKE - 20-10,20-10,20 10,3522242.7334138304,WAKE - 20-10,20-10,20 10,3525260.1894391365,3519058.653340093,0.9990960077670026,0.9982408288280048,0.997340012919043,1,1,True,True
WAKE,WAKE - 20-11,20-11,20 11,12286111.578962484,WAKE - 20-11,20-11,20 11,12294769.491880411,12284277.666776622,0.9998507329048677,0.9991466432037853,0.9989976307371533,1,1,True,True
WAKE,WAKE - 20-12,20-12,20 12,20002483.380247053,WAKE - 20-12,20-12,20 12,20002499.435013205,19986048.288527988,0.9991783474378338,0.9991775454593229,0.9983572433307891,1,1,True,True
WAKE,WAKE - 20-13,20-13,20 13,21817886.043980397,WAKE - 20-15,20-15,20 15,7401988.83347977,7396840.968456366,0.33902647367145683,0.9993045294799527,0.338946500257444,1,1,True,True
WAKE,WAKE - 20-14,20-14,20 14,19628462.9487616,WAKE - 20-14,20-14,20 14,19010480.427617174,18398675.325340718,0.9373467180476058,0.9678174833820787,0.9090134221022389,1,1,True,True
WARREN,WARREN - 001,001,001 RIVER,88910956.27458948,WARREN - 001,001,RIVER,89648611.16470984,88855086.64462611,0.9993716226626691,0.9911485018030475,0.9905311959611997,1,1,True,True
WARREN,WARREN - 002,002,002 SIXPOUND,101231041.13916902,WARREN - 002,002,SIXPOUND,100994870.22191,100985966.71401654,0.9975790585338784,0.9999118419789649,0.9974913268282459,1,1,True,True
WARREN,WARREN - 003,003,003 HAWTREE,97999493.03484564,WARREN - 003,003,HAWTREE,98112382.83108762,97974660.83713491,0.9997466089166207,0.9985962832623297,0.9983436029683977,1,1,True,True
WARREN,WARREN - 004,004,004 SMITH CREEK,63383187.00082343,WARREN - 004,004,SMITH CREEK,63416727.663906,63374557.2546492,0.999863848023702,0.9993350270376564,0.999199056063609,1,1,True,True
WARREN,WARREN - 005,005,005 NUTBUSH,87452616.06024629,WARREN - 005,005,NUTBUSH,87605512.94999084,87438936.24956068,0.9998435745972861,0.9980985591565996,0.9979427280092832,1,1,True,True
WARREN,WARREN - 006,006,006 SANDY CREEK,86145774.751969,WARREN - 006,006,SANDY CREEK,86031928.1986341,85985386.73087712,0.9981381789001995,0.9994590209852146,0.9975992118796141,1,1,True,True
WARREN,WARREN - 007,007,007 SHOCCO,92833249.77045043,WARREN - 007,007,SHOCCO,92863400.78415875,92816287.94704297,0.9998172871955965,0.9994926651757533,0.9993101377005389,1,1,True,True
WARREN,WARREN - 008,008,008 FISHING CREEK,126395468.77287482,WARREN - 008,008,FISHING CREEK,127229543.4394833,126384802.44558416,0.9999156114740962,0.9933604965398548,0.9932772248430137,1,1,True,True
WARREN,WARREN - 009,009,009 JUDKINS,139875578.07947302,WARREN - 009,009,JUDKINS,139976789.983455,139845133.3740464,0.9997823443817381,0.9990594397155116,0.998842193296686,1,1,True,True
WARREN,WARREN - 010,010,010 WEST WARRENTON,59852062.57747374,WARREN - 010,010,WEST WARRENTON,59852124.62990079,59844406.71814428,0.9998720869590827,0.9998710503293871,0.9997431702729226,1,1,True,True
WARREN,WARREN - 011,011,011 FORK,106307163.19041191,WARREN - 011,011,FORK,106365513.97566277,106205164.37511349,0.9990405273526514,0.9984924662650907,0.9975358829283181,1,1,True,True
WARREN,WARREN - 012,012,012 ROANOKE,34585824.223439075,WARREN - 012,012,ROANOKE,34270664.40102546,34240095.05018619,0.9900037318463388,0.9991080023870691,0.9891294705993933,1,1,True,True
WARREN,WARREN - 013,013,013 NORLINA,2898938.5968930796,WARREN - 013,013,NORLINA,2898939.828810481,2897237.5229815366,0.9994132080226307,0.9994127833175335,0.9988266800839449,1,1,True,True
WARREN,WARREN - 014,014,014 EAST WARRENTON,61466524.8618125,WARREN - 014,014,EAST WARRENTON,61466550.94314059,61454935.94086453,0.999811459636379,0.9998110353989635,0.9996225662768046,1,1,True,True
WASHINGTON,WASHINGTON - LM,LM,LM LEES MILL,312201362.52000505,WASHINGTON - LM,LM,LEES MILL,312041727.39072436,311995622.16678375,0.9993410011040291,0.9998522466071248,0.9991934423712655,1,1,True,True
WASHINGTON,WASHINGTON - P1,P1,P1 PLYMOUTH 1,18931321.20138611,WASHINGTON - P1,P1,PLYMOUTH 1,18845922.980384473,18836868.233439814,0.9950107566745326,0.9995195381540037,0.9945350760104594,1,1,True,True
WASHINGTON,WASHINGTON - P2,P2,P2 PLYMOUTH 2,8804695.26501918,WASHINGTON - P2,P2,PLYMOUTH 2,8822188.874312822,8775411.010162994,0.9966740183533062,0.9946977031645708,0.9914068406584932,1,1,True,True
WASHINGTON,WASHINGTON - P3,P3,P3 PLYMOUTH 3,188926126.51799792,WASHINGTON - P3,P3,PLYMOUTH 3,188693720.04829836,188425698.42962134,0.997351197012294,0.9985795943892122,0.9959383008691237,1,1,True,True
WASHINGTON,WASHINGTON - SC,SC,SC SCUPPERNONG,247737633.87700984,WASHINGTON - SC,SC,SCUPPERNONG,243440406.37991962,243152676.53239816,0.9814926893711761,0.9988180686526114,0.9803540770227638,1,1,True,True
WASHINGTON,WASHINGTON - SK,SK,SK SKINNERSVILLE,321156509.7448871,WASHINGTON - SK,SK,SKINNERSVILLE,320895021.68618447,320808498.904997,0.9989163824200027,0.9997303704472172,0.9986473368226523,1,1,True,True
WATAUGA,WATAUGA - 01,01,01 BALD MOUNTAIN,30539870.310891304,WATAUGA - 01,01,BALD MOUNTAIN,30388818.965882514,30360888.05558123,0.9941393904594858,0.9990808820068776,0.9932310091879326,1,1,True,True
WATAUGA,WATAUGA - 02,02,02 BEAVER DAM,69420066.64827013,WATAUGA - 02,02,BEAVER DAM,69379380.67414974,69338592.78509928,0.9988263643769798,0.99941210358677,0.9982398467016321,1,1,True,True
WATAUGA,WATAUGA - 03,03,03 BLOWING ROCK,51392711.69779586,WATAUGA - 03,03,BLOWING ROCK,51399026.38275225,51351235.00885321,0.9991929460895829,0.9990701891210322,0.9982646347233955,1,1,True,True
WATAUGA,WATAUGA - 04,04,04 BLUE RIDGE,72178616.21969642,WATAUGA - 04,04,BLUE RIDGE,72081910.61878432,72070762.31527214,0.9985057360465877,0.9998453384015978,0.9983515362777197,1,1,True,True
WATAUGA,WATAUGA - 05,05,05 BOONE 1,1481400.2220007118,WATAUGA - 05,05,BOONE 1,1481405.033484655,1479580.2825082426,0.9987714734577188,0.9987682295286118,0.9975427257932651,1,1,True,True
WATAUGA,WATAUGA - 06,06,06 BOONE 2,1155207.8188473615,WATAUGA - 06,06,BOONE 2,1155210.1068257848,1153963.537824883,0.9989228942167998,0.9989209157766745,0.9978461320657748,1,1,True,True
WATAUGA,WATAUGA - 07,07,07 BRUSHY FORK,32432339.324235156,WATAUGA - 07,07,BRUSHY FORK,32420542.993053623,32408050.83407408,0.9992511027367389,0.9996146838446778,0.9988663633787204,1,1,True,True
WATAUGA,WATAUGA - 08,08,08 COVE CREEK,62713726.78032372,WATAUGA - 08,08,COVE CREEK,62729449.35076326,62688830.3292287,0.9996030143259986,0.9993524728503923,0.9989560010260256,1,1,True,True
WATAUGA,WATAUGA - 09,09,09 ELK,60515182.13913897,WATAUGA - 09,09,ELK,60419573.84300516,60411813.73631552,0.9982918600065389,0.9998715630350223,0.9981638614153671,1,1,True,True
WATAUGA,WATAUGA - 10,10,10 LAUREL CREEK,55466638.65211365,WATAUGA - 10,10,LAUREL CREEK,55246375.904933654,55215946.545397475,0.9954803082932695,0.9994492062323049,0.9949344807514273,1,1,True,True
WATAUGA,WATAUGA - 11,11,11 MEAT CAMP,77919471.7209484,WATAUGA - 11,11,MEAT CAMP,78093199.68985124,77907033.58947825,0.9998403719738413,0.9976161035645569,0.9974572356441483,1,1,True,True
WATAUGA,WATAUGA - 12,12,12 BOONE 3,1494297.8827228625,WATAUGA - 12,12,BOONE 3,1494299.7900261339,1492787.5904306665,0.9989892963714544,0.9989880212755428,0.997979361201404,1,1,True,True
WATAUGA,WATAUGA - 13,13,13 NEW RIVER I,15298910.857521484,WATAUGA - 13,13,NEW RIVER I,15298751.373858064,15292637.826673685,0.9995899687954116,0.9996003891405918,0.9991906855092392,1,1,True,True
WATAUGA,WATAUGA - 14,14,14 NEW RIVER II,29792936.421107467,WATAUGA - 14,14,NEW RIVER II,29619368.71918983,29607083.873987664,0.99376185870057,0.9995852428416475,0.9933522589699433,1,1,True,True
WATAUGA,WATAUGA - 15,15,15 NEW RIVER III,19598021.147943344,WATAUGA - 15,15,NEW RIVER III,19598031.33461921,19591260.818431817,0.9996550504022578,0.9996545308009875,0.9993098194599191,1,1,True,True
WATAUGA,WATAUGA - 16,16,16 NORTH FORK,31560003.538687415,WATAUGA - 16,16,NORTH FORK,31578583.906675745,31487688.469628226,0.9977086482588463,0.9971216113643303,0.994843416415065,1,1,True,True
WATAUGA,WATAUGA - 17,17,17 SHAWNEEHAW,31741054.020209014,WATAUGA - 17,17,SHAWNEEHAW,31784602.649356373,31702291.88947424,0.9987788013999127,0.997410357436581,0.9961954717405417,1,1,True,True
WATAUGA,WATAUGA - 18,18,18 STONY FORK,68682694.43968026,WATAUGA - 18,18,STONY FORK,68684383.57824048,68456411.34765851,0.9967053841747505,0.9966808724384594,0.9934080550290231,1,1,True,True
WATAUGA,WATAUGA - 19,19,19 WATAUGA,84745095.25183962,WATAUGA - 19,19,WATAUGA,84783405.57810473,84669281.10077107,0.9991053859713857,0.9986539290730834,0.9977617207769713,1,1,True,True
WATAUGA,WATAUGA - 20,20,20 BEECH MOUNTAIN,13694866.482481727,WATAUGA - 20,20,BEECH MOUNTAIN,13850625.173429936,13665390.893963538,0.9978476906981244,0.9866262874673889,0.9845311016348522,1,1,True,True
WAYNE,WAYNE - 01,01,01,95180853.34889185,WAYNE - 01,01,01,95291235.81799605,95136338.77349032,0.9995323158614857,0.9983744880295017,0.9979083227531708,1,1,True,True
WAYNE,WAYNE - 02,02,02,164242063.91678426,WAYNE - 02,02,02,165364766.27764016,164145516.55768418,0.9994121642361424,0.9926269074882075,0.9920477055927117,1,1,True,True
WAYNE,WAYNE - 03,03,03,61541200.619260035,WAYNE - 03,03,03,61563249.076657355,61516389.92040573,0.9995968440881126,0.9992388453021173,0.9988363027611655,1,1,True,True
WAYNE,WAYNE - 04,04,04,59689442.7868542,WAYNE - 04,04,04,59689454.26747753,59680662.71390532,0.9998529040892502,0.9998527117783184,0.9997056591921818,1,1,True,True
WAYNE,WAYNE - 05,05,05,20447420.927260514,WAYNE - 05,05,05,20444325.407773312,20433336.27478557,0.9993111770660442,0.9994624849307299,0.9987744020484073,1,1,True,True
WAYNE,WAYNE - 06,06,06,31814603.146092176,WAYNE - 06,06,06,31826061.32512643,31803723.95233145,0.9996580440211443,0.9992981420928344,0.9989566658725892,1,1,True,True
WAYNE,WAYNE - 07,07,07,70390551.27542204,WAYNE - 07,07,07,70787589.4182143,70309633.46843769,0.998850445045277,0.9932480261906809,0.9921139335560568,1,1,True,True
WAYNE,WAYNE - 08,08,08,75679604.62783922,WAYNE - 08,08,08,75639115.11497617,75570244.71332961,0.9985549618678983,0.9990894869467752,0.9976470771710352,1,1,True,True
WAYNE,WAYNE - 09,09,09,45498132.93135049,WAYNE - 09,09,09,45491551.22867069,45476776.12999707,0.9995306004889113,0.9996752122476688,0.9992061175259728,1,1,True,True
WAYNE,WAYNE - 10,10,10,10561188.665213061,WAYNE - 10,10,10,10561053.126254212,10556372.251075672,0.9995439515105667,0.999556779506496,0.9991011350954485,1,1,True,True
WAYNE,WAYNE - 11,11,11,11844697.687605046,WAYNE - 11,11,11,11851840.330505976,11840379.432367947,0.9996354271463072,0.9990329857795561,0.9986691175509325,1,1,True,True
WAYNE,WAYNE - 12,12,12,8238196.377294121,WAYNE - 12,12,12,8238213.060514896,8233910.205343539,0.999479719618921,0.9994776955706596,0.9989579583959064,1,1,True,True
WAYNE,WAYNE - 13,13,13,14446633.527906682,WAYNE - 13,13,13,14446638.316760065,14441823.653977567,0.999667059185808,0.9996667278105169,0.9993340088422547,1,1,True,True
WAYNE,WAYNE - 14,14,14,47798566.027070284,WAYNE - 14,14,14,47768418.11313793,47758769.4788055,0.9991674112515793,0.9997980122701661,0.9989657596932366,1,1,True,True
WAYNE,WAYNE - 15,15,15,144225203.6330265,WAYNE - 15,15,15,145037521.44167343,144091325.09252608,0.9990717396326853,0.9934761960922791,0.992560002247134,1,1,True,True
WAYNE,WAYNE - 16,16,16,40707119.54253686,WAYNE - 16,16,16,40707169.91616707,40694587.627253756,0.9996921443859468,0.9996909073035726,0.9993832419426749,1,1,True,True
WAYNE,WAYNE - 17,17,17,24256436.851897344,WAYNE - 17,17,17,24256746.862648435,24245674.015769254,0.9995562894833316,0.9995435147614031,0.9991002091570866,1,1,True,True
WAYNE,WAYNE - 18,18,18,2407315.8839271003,WAYNE - 18,18,18,2407301.82876727,2404509.306362879,0.9988341465351681,0.9988399782814851,0.9976768265054372,1,1,True,True
WAYNE,WAYNE - 19,19,19,5471277.068862158,WAYNE - 1920,1920,1920,7103124.180713375,5465685.329201435,0.9989779827286491,0.769476245965407,0.7688709733830243,1,1,True,True
WAYNE,WAYNE - 20,20,20,1629675.776727954,WAYNE - 1920,1920,1920,7103124.180713375,1628642.3183479214,0.9993658503152648,0.22928535063065095,0.22925199595595674,1,2,True,False
WAYNE,WAYNE - 21,21,21,3416596.7975186734,WAYNE - 21,21,21,3414310.909883612,3410601.770067973,0.9982453219370063,0.9989136490748685,0.9971627779958473,1,1,True,True
WAYNE,WAYNE - 22,22,22,6307453.495443545,WAYNE - 22,22,22,6307463.189508365,6303996.079753037,0.9994518523691048,0.9994503162918026,0.9989027709459486,1,1,True,True
WAYNE,WAYNE - 23,23,23,15405619.413354548,WAYNE - 23,23,23,15405621.51252666,15399224.969079379,0.9995849278043553,0.9995847916007752,0.9991700639450218,1,1,True,True
WAYNE,WAYNE - 24,24,24,200775972.3323707,WAYNE - 24,24,24,201299511.2769468,200052581.24348423,0.996397023605549,0.9938055983069574,0.9902470408093577,1,1,True,True
WAYNE,WAYNE - 25,25,25,55059458.06976193,WAYNE - 2530,2530,2530,61113285.08271745,54719367.6537006,0.9938232153387628,0.8953759821557192,0.8904208631271686,1,1,True,True
WAYNE,WAYNE - 26,26,26,48077829.43486651,WAYNE - 26,26,26,48105133.776844405,48066457.41571914,0.999763466460923,0.9991960034597412,0.9989598500671507,1,1,True,True
WAYNE,WAYNE - 27,27,27,13982411.537304683,WAYNE - 27,27,27,13983977.00266355,13977924.939173197,0.9996791255843447,0.9995672144276838,0.9992466176470417,1,1,True,True
WAYNE,WAYNE - 28,28,28,153818424.30377373,WAYNE - 28,28,28,153651203.1227862,153497554.85179037,0.9979139725722994,0.9990000190830068,0.9969181572018604,1,1,True,True
WAYNE,WAYNE - 29,29,29,2738234.244709303,WAYNE - 29,29,29,2738236.337394866,2735857.7697467073,0.9991321140741748,0.9991313504916738,0.9982649710351956,1,1,True,True
WAYNE,WAYNE - 30,30,30,6642780.613566963,WAYNE - 2530,2530,2530,61113285.08271745,6366948.070017747,0.9584763430263125,0.10418271675953956,0.103714604741175,1,2,True,False
WILKES,WILKES - 101,101,101 ANTIOCH,56647735.6269689,WILKES - 101,101,ANTIOCH,56642124.67477242,56631025.23525216,0.999705012185716,0.9998040426699388,0.9995091704373313,1,1,True,True
WILKES,WILKES - 102,102,102 BOOMER,87167522.4311833,WILKES - 102,102,BOOMER,87282405.13047107,86906636.04953493,0.9970070689819787,0.9956947900281342,0.9927275356959093,1,1,True,True
WILKES,WILKES - 103,103,103 BRUSHY MOUNTAIN,64372429.520338275,WILKES - 103,103,BRUSHY MOUNTAIN,64667855.51249154,64290726.1279237,0.9987307704086458,0.9941682095133804,0.9929137312324199,1,1,True,True
WILKES,WILKES - 104,104,104 CRICKET,13570439.022920787,WILKES - 104,104,CRICKET,13560963.534494808,13538657.241498802,0.997658013762981,0.9983551100230256,0.9960208130763212,1,1,True,True
WILKES,WILKES - 105,105,105 EDWARDS 1,46594156.45151944,WILKES - 105,105,EDWARDS 1,46594177.377345696,46584331.913299136,0.9997891465589569,0.9997886975454717,0.9995779331933231,1,1,True,True
WILKES,WILKES - 106,106,106 EDWARDS 2,54594533.9097454,WILKES - 106,106,EDWARDS 2,54594558.38489397,54584258.08019618,0.9998117791505243,0.999811330927431,0.99962318108748,1,1,True,True
WILKES,WILKES - 107,107,107 EDWARDS 3,64943443.35130413,WILKES - 107,107,EDWARDS 3,64958866.96042777,64873694.10842846,0.9989260002353376,0.9986888186942794,0.9976176319915737,1,1,True,True
WILKES,WILKES - 108,108,108 FAIRPLAINS,23350095.47168448,WILKES - 108,108,FAIRPLAINS,23356216.354664583,23335331.950025164,0.9993677318502951,0.9991058309992386,0.9984746926963532,1,1,True,True
WILKES,WILKES - 109,109,109 FERGUSON,132635944.85270958,WILKES - 109,109,FERGUSON,131790887.76469614,131410806.38185638,0.9907631489170323,0.9971160268415646,0.9879321319458877,1,1,True,True
WILKES,WILKES - 110,110,110 JOBS CABIN,95753061.50702606,WILKES - 113A,113A,MOUNT PLEASANT,256078997.16118768,94899340.49745005,0.9910841387613141,0.37058619234484164,0.3693548302181494,1,2,True,False
WILKES,WILKES - 111,111,111 MILLERS CREEK,17424512.182880078,WILKES - 111,111,MILLERS CREEK,17412143.679900505,17390485.348763067,0.9980471858402761,0.9987561364335376,0.9968081725895256,1,1,True,True
WILKES,WILKES - 112,112,112 MORAVIAN FALLS,76025460.28936476,WILKES - 112,112,MORAVIAN FALLS,76003023.14618942,75928117.17813677,0.9987195985284734,0.9990144343612678,0.9977365538728422,1,1,True,True
WILKES,WILKES - 113,113,113 MOUNT PLEASANT,160921568.89338574,WILKES - 113A,113A,MOUNT PLEASANT,256078997.16118768,160881940.3345252,0.9997537399173209,0.6282512120010328,0.6281540043494456,1,1,True,True
WILKES,WILKES - 114,114,114 MULBERRY 1,79586327.3634879,WILKES - 114,114,MULBERRY 1,79795075.70628648,79509659.89660291,0.9990366754011046,0.9964231400602447,0.995466691195364,1,1,True,True
WILKES,WILKES - 115A,115A,115A MULBERRY,66130323.488691,WILKES - 115A,115A,MULBERRY,64364236.64869465,64352665.3184878,0.9731188647442924,0.9998202211226398,0.9729486204574406,1,1,True,True
WILKES,WILKES - 117,117,117 NEW CASTLE,85580395.66668263,WILKES - 117,117,NEW CASTLE,85651995.8783714,85437117.42023751,0.9983258052813502,0.9974912615178398,0.9958254494990255,1,1,True,True
WILKES,WILKES - 118,118,118 NORTH WILKESBORO,13984368.423790807,WILKES - 118,118,NORTH WILKESBORO,13982036.514750194,13969714.565983294,0.9989521258763046,0.9991187300395117,0.9980727010560079,1,1,True,True
WILKES,WILKES - 119,119,119 REDDIES RIVER,71044993.5442651,WILKES - 119,119,REDDIES RIVER,71043332.92517173,71030663.02218252,0.9997982894871592,0.9998216595074086,0.9996200209272035,1,1,True,True
WILKES,WILKES - 120,120,120 ROCK CREEK 1,31015152.146097835,WILKES - 120A,120A,ROCK CREEK,83576352.52216008,31006032.485965572,0.9997059611350831,0.3709904961184372,0.3709500189021392,1,2,True,False
WILKES,WILKES - 121,121,121 ROCK CREEK 2,50801141.19123435,WILKES - 120A,120A,ROCK CREEK,83576352.52216008,50792546.70576697,0.9998308210157124,0.6077382557739576,0.6076757660818035,1,1,True,True
WILKES,WILKES - 122,122,122 SOMERS,78546754.76586877,WILKES - 122,122,SOMERS,78843119.93998823,78323641.28059459,0.9971594818151401,0.9934112366457715,0.9906079736886703,1,1,True,True
WILKES,WILKES - 123,123,123 TRAPHILL 1,86852597.71684697,WILKES - 123A,123A,TRAPHILL,148303162.4690763,86790329.62215027,0.9992830600772621,0.5852223794637388,0.5849767650884452,1,1,True,True
WILKES,WILKES - 124,124,124 TRAPHILL 2,63230628.507002264,WILKES - 123A,123A,TRAPHILL,148303162.4690763,61048533.06076358,0.9654898978902758,0.4116468728270931,0.40567783121399453,1,2,True,False
WILKES,WILKES - 125,125,125 UNION,156258541.4648668,WILKES - 125,125,UNION,156822354.83638448,155859652.4009751,0.9974472495381549,0.9938611913051951,0.9913396468217442,1,1,True,True
WILKES,WILKES - 126,126,126 WALNUT GROVE,143626778.18232995,WILKES - 126,126,WALNUT GROVE,144098514.58052212,143455525.9072873,0.998807657755678,0.9955378535642329,0.9943561221035822,1,1,True,True
WILKES,WILKES - 127,127,127 WILKESBORO 1,15367323.831967521,WILKES - 127,127,WILKESBORO 1,15266569.209357208,15076418.015238307,0.981069845347824,0.9875446020968253,0.9690787219621766,1,1,True,True
WILKES,WILKES - 128,128,128 WILKESBORO 2,95300603.20218842,WILKES - 128,128,WILKESBORO 2,94704498.41000445,94689239.60550462,0.9935848926854457,0.9998388798340521,0.9934258329307281,1,1,True,True
WILKES,WILKES - 129,129,129 WILKESBORO 3,29358445.96796929,WILKES - 129,129,WILKESBORO 3,29481851.148455992,29197918.938045554,0.994532168695207,0.9903692543259683,0.9850059520305847,1,1,True,True
WILSON,WILSON - PRBL,PRBL,PRBL BLACK CREEK,99905219.19277242,WILSON - PRBL,PRBL,BLACK CREEK,99452735.36029537,99439440.22090973,0.9953377914024297,0.9998663170063903,0.9952053519365214,1,1,True,True
WILSON,WILSON - PRCR,PRCR,PRCR CROSSROADS,73230699.62561107,WILSON - PRCR,PRCR,CROSSROADS,73256654.92034812,73217772.73311552,0.9998234771405758,0.9994692333785254,0.9992928978377348,1,1,True,True
WILSON,WILSON - PRGA,PRGA,PRGA GARDNERS,109313584.7024978,WILSON - PRGA,PRGA,GARDNERS,109604986.71142007,109302489.53908783,0.9998985015134197,0.9972401148760806,0.9971391758364407,1,1,True,True
WILSON,WILSON - PROL,PROL,PROL OLDFIELDS,132860098.02242568,WILSON - PROL,PROL,OLDFIELDS,132779310.51972345,132660791.02507475,0.9984998731724758,0.9991073948630642,0.9976099428770282,1,1,True,True
WILSON,WILSON - PRSA,PRSA,PRSA SARATOGA,108800933.0179105,WILSON - PRSA,PRSA,SARATOGA,108248326.95861328,108173097.39818685,0.9942295015096948,0.9993050279617237,0.9935425242449724,1,1,True,True
WILSON,WILSON - PRSP,PRSP,PRSP SPRING HILL,94893319.95825505,WILSON - PRSP,PRSP,SPRING HILL,94632299.73608086,94566592.84211886,0.9965569007778426,0.9993056610254084,0.9958673332793424,1,1,True,True
WILSON,WILSON - PRST,PRST,PRST STANTONSBURG,60845227.18526921,WILSON - PRST,PRST,STANTONSBURG,60393448.89342824,60377426.31849932,0.9923116259333625,0.999734696805324,0.9920503860238635,1,1,True,True
WILSON,WILSON - PRTA,PRTA,PRTA TAYLORS,55634838.37358722,WILSON - PRTA,PRTA,TAYLORS,55623514.49966572,55598323.787699275,0.9993436740906345,0.9995471211736072,0.9988913894069378,1,1,True,True
WILSON,WILSON - PRTO,PRTO,PRTO TOISNOT,121599759.81246287,WILSON - PRTO,PRTO,TOISNOT,121485163.10826617,121419460.09727593,0.9985172691503256,0.9994591684341594,0.9979780397783539,1,1,True,True
WILSON,WILSON - PRWA,PRWA,PRWA WILSON A,1218351.9980892788,WILSON - PRWA,PRWA,WILSON A,1218317.8756864031,1216916.4200880523,0.9988217050544688,0.9988496798525908,0.9976740925873173,1,1,True,True
WILSON,WILSON - PRWB,PRWB,PRWB WILSON B,2495723.531714133,WILSON - PRWB,PRWB,WILSON B,2494857.682567363,2492968.8871760475,0.9988962541310842,0.9992429245946519,0.9981408484098964,1,1,True,True
WILSON,WILSON - PRWC,PRWC,PRWC WILSON C,1917581.996248907,WILSON - PRWC,PRWC,WILSON C,1917581.7429953974,1916038.31149217,0.9991949837035617,0.9991951156664558,0.9983913942177398,1,1,True,True
WILSON,WILSON - PRWD,PRWD,PRWD WILSON D,2358306.9367665537,WILSON - PRWD,PRWD,WILSON D,2358307.9555279287,2356740.1702061784,0.999335639252063,0.9993352075507885,0.9986717295402225,1,1,True,True
WILSON,WILSON - PRWE,PRWE,PRWE WILSON E,9693908.699462252,WILSON - PRWE,PRWE,WILSON E,9699759.367612872,9689729.164877295,0.9995688493966125,0.9989659328282857,0.9985356732494146,1,1,True,True
WILSON,WILSON - PRWH,PRWH,PRWH WILSON H,14345057.470742762,WILSON - PRWH,PRWH,WILSON H,14342493.618004162,14337414.052829301,0.9994671741170051,0.9996458380732006,0.9991133894361791,1,1,True,True
WILSON,WILSON - PRWI,PRWI,PRWI WILSON I,9562981.143621912,WILSON - PRWI,PRWI,WILSON I,9562982.303315727,9559061.330700213,0.9995901055473362,0.99958998432799,0.9991804258638849,1,1,True,True
WILSON,WILSON - PRWJ,PRWJ,PRWJ WILSON J,10297182.274429727,WILSON - PRWJ,PRWJ,WILSON J,10305451.843725849,10293249.224539118,0.999618046006588,0.9988159064375076,0.9984348562747588,1,1,True,True
WILSON,WILSON - PRWK,PRWK,PRWK WILSON K,2150567.524253454,WILSON - PRWK,PRWK,WILSON K,2150570.6507514273,2148824.2423191415,0.9991893851671002,0.9991879325463334,0.9983786331939768,1,1,True,True
WILSON,WILSON - PRWL,PRWL,PRWL WILSON L,2800317.1891761203,WILSON - PRWL,PRWL,WILSON L,2801615.367744561,2798622.794952166,0.9993949277494336,0.9989318402422942,0.9983280595387867,1,1,True,True
WILSON,WILSON - PRWM,PRWM,PRWM WILSON M,12611030.523118764,WILSON - PRWM,PRWM,WILSON M,12611034.825220218,12608161.204749007,0.9997724755035287,0.9997721344432842,0.9995447136132005,1,1,True,True
WILSON,WILSON - PRWN,PRWN,PRWN WILSON N,18659717.340585217,WILSON - PRWN,PRWN,WILSON N,18680424.726138763,18655161.651271526,0.9997558543234852,0.9986476177475833,0.9984041319007073,1,1,True,True
WILSON,WILSON - PRWP,PRWP,PRWP WILSON P,2744660.000078115,WILSON - PRWP,PRWP,WILSON P,2743368.3851815923,2741081.5818059957,0.9986962252985734,0.9991664249730554,0.9978648215391933,1,1,True,True
WILSON,WILSON - PRWQ,PRWQ,PRWQ WILSON Q,711711.1395701487,WILSON - PRWQ,PRWQ,WILSON Q,714904.8594114529,710282.3009682756,0.9979923897176374,0.9935340229090305,0.991552265289441,1,1,True,True
WILSON,WILSON - PRWR,PRWR,PRWR WILSON R,19312150.857972275,WILSON - PRWR,PRWR,WILSON R,19267786.927720327,19261292.78534915,0.9973665246819398,0.9996629533845511,0.9970312506393029,1,1,True,True
YADKIN,YADKIN - BNVL,BNVL,BNVL BOONVILLE,105563727.61959258,YADKIN - BNVL,BNVL,BOONVILLE,105761965.61417067,105544475.6682281,0.9998176272115565,0.9979435901679816,0.9977619666065919,1,1,True,True
YADKIN,YADKIN - DCRK,DCRK,DCRK DEEP CREEK,81257094.85199815,YADKIN - DCRK,DCRK,DEEP CREEK,81288178.74576394,81219347.64959432,0.9995354596115874,0.9991532459303228,0.9986894917293485,1,1,True,True
YADKIN,YADKIN - EBND,EBND,EBND EAST BEND,82905833.48865888,YADKIN - EBND,EBND,EAST BEND,82880508.32965381,82783292.47859997,0.9985219253591404,0.998827036018322,0.9973524242439171,1,1,True,True
YADKIN,YADKIN - FBSH,FBSH,FBSH FORBUSH,110422850.72067346,YADKIN - FBSH,FBSH,FORBUSH,110400918.88587315,110230339.33923142,0.998256598338246,0.9984549082710256,0.9967168851964701,1,1,True,True
YADKIN,YADKIN - NBCK,NBCK,NBCK NORTH BUCK SHOALS,58301088.22486309,YADKIN - NBCK,NBCK,NORTH BUCK SHOALS,58199818.27224736,58189930.5502444,0.9980933859383556,0.9998301073388802,0.9979241404442972,1,1,True,True
YADKIN,YADKIN - NFAL,NFAL,NFAL NORTH FALL CREEK,57410060.21781729,YADKIN - NFAL,NFAL,NORTH FALL CREEK,57518714.84672948,57352759.19983422,0.9990018993576096,0.9971147539137917,0.9961224016367698,1,1,True,True
YADKIN,YADKIN - NKNB,NKNB,NKNB NORTH KNOBS,59377305.97957487,YADKIN - NKNB,NKNB,NORTH KNOBS,59341156.498740576,59280214.4473212,0.9983648376993213,0.9989730221819881,0.9973412139672987,1,1,True,True
YADKIN,YADKIN - NLIB,NLIB,NLIB NORTH LIBERTY,63709015.71567684,YADKIN - NLIB,NLIB,NORTH LIBERTY,63703128.73668428,63692612.13023,0.9997425233263681,0.9998349122458687,0.9995775205667705,1,1,True,True
YADKIN,YADKIN - SBCK,SBCK,SBCK SOUTH BUCK SHOALS,56612946.06954433,YADKIN - SBCK,SBCK,SOUTH BUCK SHOALS,56519664.5681164,56484091.40810576,0.9977239364777045,0.9993706056063414,0.997097403009196,1,1,True,True
YADKIN,YADKIN - SFAL,SFAL,SFAL SOUTH FALL CREEK,61682588.00855216,YADKIN - SFAL,SFAL,SOUTH FALL CREEK,61682619.31573018,61673746.35990731,0.999856658922229,0.9998561514423139,0.9997128515974366,1,1,True,True
YADKIN,YADKIN - SKNB,SKNB,SKNB SOUTH KNOBS,51705477.51166274,YADKIN - SKNB,SKNB,SOUTH KNOBS,51648290.52962653,51637930.68161832,0.9986936233200983,0.9997994154714129,0.9984935624746668,1,1,True,True
YADKIN,YADKIN - SLIB,SLIB,SLIB SOUTH LIBERTY,85187805.48030418,YADKIN - SLIB,SLIB,SOUTH LIBERTY,85727726.79610671,85169561.68742491,0.9997858403233139,0.9934890947241687,0.9932777144208442,1,1,True,True
YANCEY,YANCEY - 01-BUR,01-BUR,01 BUR NSVILLE,64691528.60860324,YANCEY - 01 BUR,01 BUR,BURNSVILLE,64691552.9333209,64678322.97822893,0.9997958677023353,0.9997954917683671,0.9995914429471169,1,1,True,True
YANCEY,YANCEY - 02-CAN,02-CAN,02 CAN E RIVER,65838930.2930839,YANCEY - 02 CAN,02 CAN,CANE RIVER,65960087.27609737,65807584.41922781,0.9995239006205515,0.9976879524699351,0.9972140515526026,1,1,True,True
YANCEY,YANCEY - 03-EGY,03-EGY,03 EGY PT,60527208.59240304,YANCEY - 03 EGY,03 EGY,EGYPT,60579972.20381557,60480569.63251186,0.9992294546374135,0.9983591512559749,0.9975911315445204,1,1,True,True
YANCEY,YANCEY - 04-RAM,04-RAM,04 RAM SEYTOWN,91765277.2984422,YANCEY - 04 RAM,04 RAM,RAMSEYTOWN,91744333.14753649,91615425.30679028,0.9983670076954645,0.9985949231268714,0.9969665128215032,1,1,True,True
YANCEY,YANCEY - 05-GRE,05-GRE,05 GRE EN MOUNTAIN,31108608.5566812,YANCEY - 05 GRE,05 GRE,GREEN MOUNTAIN,31214411.49347302,31007192.63748489,0.9967399403605106,0.9933614363983296,0.9901444476903848,1,1,True,True
YANCEY,YANCEY - 06-JAC,06-JAC,06 JAC KS CREEK,56358807.80626653,YANCEY - 06 JAC,06 JAC,JACKS CREEK,56358843.40683635,56347664.382576846,0.9998022771573168,0.9998016456054853,0.9996040011856612,1,1,True,True
YANCEY,YANCEY - 07-BRU,07-BRU,07 BRU SH CREEK,32231647.409960892,YANCEY - 07 BRU,07 BRU,BRUSH CREEK,32111329.63726721,31922980.61878041,0.9904234869768063,0.9941344995484644,0.9846694674762161,1,1,True,True
YANCEY,YANCEY - 08-CRA,08-CRA,08 CRA BTREE,75882309.0548029,YANCEY - 08 CRA,08 CRA,CRABTREE,76079793.98601256,75792471.51412383,0.9988160937404503,0.9962234062839135,0.9950484201510722,1,1,True,True
YANCEY,YANCEY - 09-SOU,09-SOU,09 SOU TH TOE,156609443.95764765,YANCEY - 09 SOU,09 SOU,SOUTH TOE,156342499.38367692,156284985.28912404,0.9979282305056179,0.9996321275738868,0.99756188051504,1,1,True,True
YANCEY,YANCEY - 10-PEN,10-PEN,10 PEN SACOLA,106099597.66326547,YANCEY - 10 PEN,10 PEN,PENSACOLA,106047425.97312184,105986777.1918983,0.998936655050048,0.9994280975642077,0.9983659678796866,1,1,True,True
YANCEY,YANCEY - 11-PRI,11-PRI,11 PRI CES CREEK,70010626.1738217,YANCEY - 11 PRI,11 PRI,PRICES CREEK,70004759.64348558,69945072.52663715,0.9990636614644498,0.9991473848756514,0.9982126415859816,1,1,True,True
