county,old_precinct_key,old_precinct_id,old_precinct_name,old_area_m2,new_precinct_key,new_precinct_id,new_precinct_name,new_area_m2,intersection_area_m2,old_share,new_share,jaccard,rank_for_old,rank_for_new,is_best_for_old,is_best_for_new
ALAMANCE,ALAMANCE - 01,01,PATTERSON,133284073.83777294,ALAMANCE - 01,01,PATTERSON,131421260.91276057,131392609.364707,0.9858087735570857,0.9997819869642508,0.9855969037047105,1,1,True,True
ALAMANCE,ALAMANCE - 02,02,COBLE,79851473.342558,ALAMANCE - 02,02,COBLE,79167667.50627524,78465134.25434801,0.9826385283805262,0.9911260079517747,0.9740686723299469,1,1,True,True
ALAMANCE,ALAMANCE - 035,035,BOONE 5,27365636.758195452,ALAMANCE - 035,035,BOONE 5,27465414.042358804,27230272.398060985,0.9950534913062482,0.9914386273611179,0.9865762479945558,1,1,True,True
ALAMANCE,ALAMANCE - 03C,03C,BOONE CENTRAL,5222219.910443976,ALAMANCE - 03C,03C,CENTRAL BOONE,5311655.779701654,5144980.323846554,0.9852094343168221,0.968620810013321,0.9547374692078991,1,1,True,True
ALAMANCE,ALAMANCE - 03N,03N,BOONE NORTH,6147451.253117003,ALAMANCE - 03N,03N,NORTH BOONE,5040544.0553672435,5000927.399980035,0.8134960643151689,0.9921404009265579,0.8082871359963887,1,1,True,True
ALAMANCE,ALAMANCE - 03S,03S,BOONE SOUTH,22856056.17414907,ALAMANCE - 03SE,03SE,SOUTH BOONE E,12305429.608294616,12209352.777464043,0.5341845804208869,0.992192322097734,0.5319485023381108,1,1,True,True
ALAMANCE,ALAMANCE - 03W,03W,BOONE WEST,5864405.949338726,ALAMANCE - 03W,03W,WEST BOONE,6116397.853379159,5776703.249364997,0.9850449132049568,0.944461656655234,0.9311105130691488,1,1,True,True
ALAMANCE,ALAMANCE - 04,04,MORTON,96345213.11251292,ALAMANCE - 04,04,MORTON,95964288.6077592,95519606.53915636,0.9914307463060733,0.9953661713638038,0.986875813435045,1,1,True,True
ALAMANCE,ALAMANCE - 05,05,FAUCETTE,93431795.91294943,ALAMANCE - 05,05,FAUCETTE,92295545.501452,92236731.28038763,0.9872092297821692,0.9993627620840765,0.9865881840772159,1,1,True,True
ALAMANCE,ALAMANCE - 063,063,GRAHAM 3,5736975.421188998,ALAMANCE - 063,063,GRAHAM 3,6210770.069962104,5663299.86033431,0.9871577694785698,0.911851476795834,0.9011614059581335,1,1,True,True
ALAMANCE,ALAMANCE - 064,064,GRAHAM 4,17060593.41797711,ALAMANCE - 064,064,GRAHAM 4,17014673.25824032,16968918.5504938,0.994626513554522,0.9973108676815547,0.991966165179161,1,1,True,True
ALAMANCE,ALAMANCE - 06E,06E,GRAHAM EAST,6297391.475144962,ALAMANCE - 06E,06E,EAST GRAHAM,6911058.251711685,6187052.948316501,0.9824786933980596,0.8952395889275182,0.8811712460441359,1,1,True,True
ALAMANCE,ALAMANCE - 06N,06N,GRAHAM NORTH,4268764.316121419,ALAMANCE - 06N,06N,NORTH GRAHAM,4256901.863443664,4177705.5958214835,0.9786685997266134,0.98139579671726,0.960842564084257,1,1,True,True
ALAMANCE,ALAMANCE - 06S,06S,GRAHAM SOUTH,13395406.438624818,ALAMANCE - 06S,06S,SOUTH GRAHAM,13344627.84728599,13295273.315846773,0.9925248163811351,0.99630154306257,0.9888813453396376,1,1,True,True
ALAMANCE,ALAMANCE - 06W,06W,GRAHAM WEST,1991345.0737079594,ALAMANCE - 06W,06W,WEST GRAHAM,1978939.1163386654,1958506.0382389752,0.9835091185839345,0.9896747313088164,0.9735198866133388,1,1,True,True
ALAMANCE,ALAMANCE - 07,07,ALBRIGHT,53672028.33852919,ALAMANCE - 07,07,ALBRIGHT,55613247.221049614,53663845.24306477,0.999847535192581,0.9649471650120262,0.964805200759678,1,1,True,True
ALAMANCE,ALAMANCE - 08N,08N,NEWLIN NORTH,87411231.8998796,ALAMANCE - 08N,08N,NORTH NEWLIN,88160868.96592107,87076881.5170829,0.9961749723058512,0.9877044377902264,0.9839727180510636,1,1,True,True
ALAMANCE,ALAMANCE - 08S,08S,NEWLIN SOUTH,84318128.97916125,ALAMANCE - 08S,08S,SOUTH NEWLIN,84542147.67423077,84100337.52051285,0.9974170269041166,0.9947740841003903,0.992218002760334,1,1,True,True
ALAMANCE,ALAMANCE - 09N,09N,THOMPSON NORTH,15054050.205480188,ALAMANCE - 09N,09N,NORTH THOMPSON,14857032.680280136,14724899.52390386,0.9781354069447367,0.9911063562139392,0.9696247683199176,1,1,True,True
ALAMANCE,ALAMANCE - 09S,09S,THOMPSON SOUTH,76483551.38025314,ALAMANCE - 09S,09S,SOUTH THOMPSON,76415320.60628778,76027330.42241406,0.9940350447958296,0.9949226126279997,0.9890178975920687,1,1,True,True
ALAMANCE,ALAMANCE - 103,103,MELVILLE 3,30698035.133507807,ALAMANCE - 103,103,MELVILLE 3,30991202.846574683,30579877.46179962,0.9961509695589861,0.9867276727911668,0.9829799440534281,1,1,True,True
ALAMANCE,ALAMANCE - 10N,10N,MELVILLE NORTH,20966981.022066176,ALAMANCE - 10N,10N,NORTH MELVILLE,20958336.653767273,20800180.99708757,0.9920446331876268,0.9924538068410466,0.9846175820492917,1,1,True,True
ALAMANCE,ALAMANCE - 10S,10S,MELVILLE SOUTH,22373290.005878724,ALAMANCE - 10S1,10S1,SOUTH MELVILLE,18629359.99561547,18550738.865010366,0.8291466681983759,0.9957797191839328,0.8262431982846149,1,1,True,True
ALAMANCE,ALAMANCE - 11,11,PLEASANT GROVE,114455873.99890693,ALAMANCE - 11,11,PLEASANT GROVE,115118020.16152072,113742296.73347254,0.9937654814864181,0.9880494519787787,0.9819626013981194,1,1,True,True
ALAMANCE,ALAMANCE - 1210,1210,BURLINGTON 10,3144238.436753565,ALAMANCE - 1210,1210,BURLINGTON 10,3105875.2575208647,3095642.7606443446,0.9845445321381556,0.9967054385549639,0.9813508590747919,1,1,True,True
ALAMANCE,ALAMANCE - 124,124,BURLINGTON 04,2611639.417881527,ALAMANCE - 124,124,BURLINGTON 4,2584837.736437625,2556733.790830423,0.9789765667208219,0.9891273849762291,0.9685539231553937,1,1,True,True
ALAMANCE,ALAMANCE - 125,125,BURLINGTON 05,3367952.0967158303,ALAMANCE - 125,125,BURLINGTON 5,3348689.2753708395,3333402.9963392853,0.9897418076669693,0.9954351455824872,0.985269917790794,1,1,True,True
ALAMANCE,ALAMANCE - 126,126,BURLINGTON 06,3103392.8631575713,ALAMANCE - 126,126,BURLINGTON 6,3118655.6322920755,3088479.812147985,0.9951945977621368,0.9903240935511971,0.9856110155191591,1,1,True,True
ALAMANCE,ALAMANCE - 127,127,BURLINGTON 07,14244353.812015198,ALAMANCE - 127,127,BURLINGTON 7,14269489.488048393,14156641.901670402,0.9938423384098469,0.9920916871992856,0.9860307387799663,1,1,True,True
ALAMANCE,ALAMANCE - 128,128,BURLINGTON 08,3311965.421871178,ALAMANCE - 128,128,BURLINGTON 8,3313329.8491997914,3280926.026659144,0.9906281040837385,0.9902201639995266,0.9810298405719734,1,1,True,True
ALAMANCE,ALAMANCE - 129,129,BURLINGTON 09,16716721.154316962,ALAMANCE - 129,129,BURLINGTON 9,16698305.335216701,16607632.899088616,0.9934743031111591,0.9945699617830764,0.9881147133086716,1,1,True,True
ALAMANCE,ALAMANCE - 12E,12E,BURLINGTON EAST,2875986.417662831,ALAMANCE - 12E,12E,EAST BURLINGTON,2897152.1344448924,2846230.012347757,0.9896534958815085,0.9824233869213457,0.9724355830336857,1,1,True,True
ALAMANCE,ALAMANCE - 12N,12N,BURLINGTON NORTH,7130637.614473495,ALAMANCE - 12N,12N,NORTH BURLINGTON,7177199.0957971625,7109993.837262901,0.9971049184761974,0.9906362833694252,0.9877950884320781,1,1,True,True
ALAMANCE,ALAMANCE - 12S,12S,BURLINGTON SOUTH,2453899.8447642447,ALAMANCE - 12S,12S,SOUTH BURLINGTON,2442863.5729977824,2418606.922842678,0.9856176192370405,0.9900704032663856,0.975970213261851,1,1,True,True
ALAMANCE,ALAMANCE - 12W,12W,BURLINGTON WEST,2601491.6144053037,ALAMANCE - 12W,12W,WEST BURLINGTON,2631983.973186111,2577250.380143957,0.9906817941956395,0.9792044352854106,0.9702680228009006,1,1,True,True
ALAMANCE,ALAMANCE - 13,13,HAW RIVER,39947513.72098666,ALAMANCE - 13,13,HAW RIVER,37821845.95440202,37602426.86483698,0.9412957994700514,0.9941986150060055,0.9361538019890574,1,1,True,True
ALEXANDER,ALEXANDER - B1,B1,BETHLEHEM 1,27997868.125716183,ALEXANDER - B1,B1,BETHLEHEM 1,28052257.11226887,27895978.499873366,0.9963608077091687,0.994429018250829,0.9908301878000499,1,1,True,True
ALEXANDER,ALEXANDER - B2,B2,BETHLEHEM 2,35561433.31270041,ALEXANDER - B2,B2,BETHLEHEM 2,35360312.664125115,35265799.67091474,0.9916866781159777,0.9973271448669552,0.9890580204589499,1,1,True,True
ALEXANDER,ALEXANDER - E,E,ELLENDALE,117022961.52175887,ALEXANDER - E,E,ELLENDALE,117124820.3043466,116694818.9573997,0.9971959130063704,0.9963286915119309,0.9935451274042906,1,1,True,True
ALEXANDER,ALEXANDER - G1,G1,GWALTNEY 1,65008204.1825448,ALEXANDER - G1G2,G1G2,GWALTNEY 1 2,110930319.56800745,64836228.99020978,0.9973545617126708,0.5844770775266809,0.5835723657199637,1,1,True,True
ALEXANDER,ALEXANDER - G2,G2,GWALTNEY 2,45428744.48007999,ALEXANDER - G1G2,G1G2,GWALTNEY 1 2,110930319.56800745,45146947.976701766,0.9937969559448909,0.4069847463931966,0.40595350193429014,1,2,True,False
ALEXANDER,ALEXANDER - L,L,LITTLE RIVER,66640743.39770212,ALEXANDER - LRSL,LRSL,LITTLE RIVER AND SUGAR LOAF,120200420.09275365,66388768.66375046,0.9962189087170306,0.5523172765329857,0.5511618823292297,1,1,True,True
ALEXANDER,ALEXANDER - M,M,MILLERS,60971920.27905958,ALEXANDER - M,M,MILLERS,61458789.25996235,60770983.94202718,0.9967044446671067,0.9888086744594684,0.9855863507927954,1,1,True,True
ALEXANDER,ALEXANDER - S1,S1,SHARPES 1,60180294.96386069,ALEXANDER - S1S2,S1S2,SHARPES 1 2,73579466.9663933,59964703.6260134,0.9964175759195472,0.8149651811612292,0.8125842705996962,1,1,True,True
ALEXANDER,ALEXANDER - S2,S2,SHARPES 2,13260975.816899002,ALEXANDER - S1S2,S1S2,SHARPES 1 2,73579466.9663933,13209644.123521518,0.996129116432588,0.17952894561678318,0.17940378705601073,1,2,True,False
ALEXANDER,ALEXANDER - SL,SL,SUGAR LOAF,53486167.74153528,ALEXANDER - LRSL,LRSL,LITTLE RIVER AND SUGAR LOAF,120200420.09275365,53348614.890314706,0.9974282537517871,0.4438305194702964,0.4433231970356708,1,2,True,False
ALEXANDER,ALEXANDER - T1,T1,TAYLORSVILLE 1,34084678.98099328,ALEXANDER - T1T4T5,T1T4T5,TAYLORSVILLE 1 4 5,66056032.59232724,33988891.98357455,0.9971897345000038,0.5145463729761229,0.5138013163411621,1,1,True,True
ALEXANDER,ALEXANDER - T2,T2,TAYLORSVILLE 2,25049649.561078567,ALEXANDER - T2T3,T2T3,TAYLORSVILLE 2 3,39163963.853231564,24936310.88214965,0.995475438542461,0.636715705682893,0.634878397306731,1,1,True,True
ALEXANDER,ALEXANDER - T3,T3,TAYLORSVILLE 3,14201677.776765948,ALEXANDER - T2T3,T2T3,TAYLORSVILLE 2 3,39163963.853231564,14099291.146425147,0.9927905257427889,0.36000674495724627,0.3590680308403957,1,2,True,False
ALEXANDER,ALEXANDER - T4,T4,TAYLORSVILLE 4,16244313.749973696,ALEXANDER - T1T4T5,T1T4T5,TAYLORSVILLE 1 4 5,66056032.59232724,16179058.17542661,0.9959828666478945,0.24492930532594376,0.24468758283405692,1,2,True,False
ALEXANDER,ALEXANDER - T5,T5,TAYLORSVILLE 5,15580035.052763378,ALEXANDER - T1T4T5,T1T4T5,TAYLORSVILLE 1 4 5,66056032.59232724,15519185.28566546,0.9960943754688713,0.2349397121901641,0.23472348864394324,1,3,True,False
ALEXANDER,ALEXANDER - W,W,WITTENBURG,30803951.08917225,ALEXANDER - W,W,WITTENBURG,30878095.809401993,30624081.364808407,0.9941608229462788,0.9917736363614675,0.9860298586368859,1,1,True,True
ALLEGHANY,ALLEGHANY - 01,01,CHERRY LANE,105221328.05440284,ALLEGHANY - 01,01,CHERRY LANE,105280654.27551942,102211681.26055415,0.9713969890943345,0.9708496016092969,0.9438673662480618,1,1,True,True
ALLEGHANY,ALLEGHANY - 02,02,CRANBERRY,62294901.140090756,ALLEGHANY - 06A,06A,PRATHERS CREEK,215267078.06276658,61205193.22695975,0.9825072695648006,0.2843221256950114,0.282890101879116,1,3,True,False
ALLEGHANY,ALLEGHANY - 03,03,GAP CIVIL,128565262.30105597,ALLEGHANY - 03A,03A,GAP CIVIL,188162063.90180933,127869161.38449256,0.9945856220871437,0.6795692964508506,0.6770645129770584,1,1,True,True
ALLEGHANY,ALLEGHANY - 04,04,GLADE CREEK,100374408.43084055,ALLEGHANY - 04,04,GLADE CREEK,103197977.63553542,100237113.63215894,0.9986321732717736,0.9713088950848109,0.9700183806644495,1,1,True,True
ALLEGHANY,ALLEGHANY - 05,05,PINEY CREEK,73944324.09088244,ALLEGHANY - 06A,06A,PRATHERS CREEK,215267078.06276658,73584122.47510591,0.9951287455770937,0.3418271067610747,0.3412560905317965,1,2,True,False
ALLEGHANY,ALLEGHANY - 06,06,PRATHERS CREEK,82399859.47377902,ALLEGHANY - 06A,06A,PRATHERS CREEK,215267078.06276658,79344751.86106446,0.9629233880709864,0.3685874894345409,0.363429633207338,1,1,True,True
ALLEGHANY,ALLEGHANY - 07,07,WHITEHEAD,57185864.291865714,ALLEGHANY - 03A,03A,GAP CIVIL,188162063.90180933,55909249.74741127,0.9776760470395474,0.2971334847633634,0.2951311221444701,1,2,True,False
ANSON,ANSON - ANS,ANS,ANSONVILLE,176397185.24460286,ANSON - ANS,ANS,ANSONVILLE,172811717.27835673,172464304.68344837,0.9777044029602802,0.9979896467648154,0.9757826083038224,1,1,True,True
ANSON,ANSON - BURN,BURN,BURNSVILLE,126733482.22616377,ANSON - BURN,BURN,BURNSVILLE,126824354.80726622,126019399.50883998,0.9943654770248522,0.9936529911809958,0.9880895669946,1,1,True,True
ANSON,ANSON - GULL,GULL,GULLEDGE,135438525.29433578,ANSON - GULL,GULL,GULLEDGE,134358560.4103112,133957204.31990574,0.989062779802048,0.9970127985207659,0.9861404688693514,1,1,True,True
ANSON,ANSON - LILE,LILE,LILESVILLE,300027203.19066715,ANSON - LILE,LILE,LILESVILLE,297246242.83480567,295966963.5671682,0.9864670950489823,0.9956962306556438,0.9822787785792978,1,1,True,True
ANSON,ANSON - MM,MM,MORVEN/MCFARLAN,111718136.74084817,ANSON - MM,MM,MORVEN/MCFARLAN,112229805.24291414,111067861.5492751,0.9941793229770605,0.9896467458789214,0.9839456272688972,1,1,True,True
ANSON,ANSON - PEAC,PEAC,PEACHLAND,91553283.38514687,ANSON - PEAC,PEAC,PEACHLAND,91427066.36226496,90455419.37764032,0.9880084693097456,0.9893724361582964,0.9776329365084577,1,1,True,True
ANSON,ANSON - POLK,POLK,POLKTON,61814456.019250125,ANSON - POLK,POLK,POLKTON,63629089.24171774,61105150.4364706,0.988525247515587,0.960333570143381,0.9497462689759927,1,1,True,True
ANSON,ANSON - W1,W1,WADESBORO 1,109073236.08741029,ANSON - WADES,WADES,WADESBORO,233515579.8193728,106849682.45271038,0.9796141224514694,0.4575698226874623,0.4532539035294583,1,1,True,True
ANSON,ANSON - W2,W2,WADESBORO 2,77464036.02252518,ANSON - WADES,WADES,WADESBORO,233515579.8193728,75338240.41151194,0.9725576445514007,0.32262618395649234,0.31971567078960894,1,2,True,False
ANSON,ANSON - W3,W3,WADESBORO 3,43709726.8395328,ANSON - WADES,WADES,WADESBORO,233515579.8193728,43600404.29847153,0.997498896722402,0.18671304215417656,0.18662567156991372,1,3,True,False
ANSON,ANSON - WS,WS,WHITE STORE,157236620.5948937,ANSON - WS,WS,WHITE STORE,159039574.02274278,156200878.64495355,0.9934128452645351,0.9821510124430836,0.9757961600501196,1,1,True,True
ASHE,ASHE - 02,02,CLIFTON,77712516.13677238,ASHE - 02,02,CLIFTON,74921859.96693093,65811643.12536869,0.8468602793601689,0.8784037549844157,0.7580001327738789,1,1,True,True
ASHE,ASHE - 03,03,CRESTON,66852717.610308886,ASHE - 03,03,CRESTON,74911127.57922038,60742468.912922174,0.9086013416387355,0.8108604272267227,0.7497091718801134,1,1,True,True
ASHE,ASHE - 04,04,ELK,41971053.692911655,ASHE - 04,04,ELK,30438641.12924516,28558139.53804974,0.6804246504507658,0.9382199230507484,0.6512457620494008,1,1,True,True
ASHE,ASHE - 06,06,HELTON,52435246.024226554,ASHE - 06,06,HELTON,47489147.20112627,45812271.81844178,0.8736923213304887,0.9646892925749418,0.846617553097646,1,1,True,True
ASHE,ASHE - 07,07,HORSE CREEK,39707533.19039081,ASHE - 07,07,HORSE CREEK,47130598.83747973,31774413.454428997,0.8002112169012398,0.674178012547572,0.5770480867914813,1,1,True,True
ASHE,ASHE - 08,08,HURRICANE,50448434.99637155,ASHE - 08,08,HURRICANE,35994243.01634791,35151551.867530786,0.6967818103784393,0.9765881686014514,0.6853339848305935,1,1,True,True
ASHE,ASHE - 09,09,JEFFERSON,77289497.99603948,ASHE - 09,09,JEFFERSON,85526979.75728229,68600109.82910226,0.8875734945596039,0.8020873649903583,0.7281124430977746,1,1,True,True
ASHE,ASHE - 10,10,LAUREL,34608298.88832989,ASHE - 10,10,LAUREL,30034231.49308211,27144482.355115328,0.784334487017176,0.9037848150490421,0.7238905432111936,1,1,True,True
ASHE,ASHE - 11,11,NEW RIVER,148795845.74841237,ASHE - 11,11,NEW RIVER,152483453.9794707,138084737.8445373,0.9280147382475604,0.905571943977135,0.8461356570401075,1,1,True,True
ASHE,ASHE - 12,12,NORTH FORK,71979078.35576138,ASHE - 12,12,NORTH FORK,68132951.415084,67232183.75082567,0.9340517451269122,0.986779265457464,0.9225072145783259,1,1,True,True
ASHE,ASHE - 13,13,OBIDS,58581150.19053607,ASHE - 13,13,0BIDS,58265792.36429697,50339485.01655056,0.8593119946061256,0.8639629356074227,0.7568998557428626,1,1,True,True
ASHE,ASHE - 14,14,OLD FIELDS,49985390.334456764,ASHE - 14,14,OLD FIELDS,57924577.64662286,42389285.149944045,0.8480334927128408,0.7318013677811501,0.6469603691279078,1,1,True,True
ASHE,ASHE - 15,15,PEAK CREEK,104624276.17575291,ASHE - 15,15,PEAK CREEK,97850114.5712897,94309421.29365164,0.9014105018535672,0.9638151340634512,0.8719035540826389,1,1,True,True
ASHE,ASHE - 16,16,PINE SWAMP,86791089.69742289,ASHE - 16,16,PINE SWAMP,93401013.40747854,82490382.89376333,0.9504475998785937,0.8831850949398627,0.8443083982093423,1,1,True,True
ASHE,ASHE - 17,17,PINEY CREEK,31759183.521699995,ASHE - 17,17,PINEY CREEK,44192066.69892687,28128975.79918701,0.8856958107870567,0.6365164134735991,0.5881982013506267,1,1,True,True
ASHE,ASHE - 18,18,POND MOUNTAIN,44334199.670424655,ASHE - 18,18,POND MOUNTAIN,43301064.47202085,38534777.11439803,0.8691885136274284,0.8899267855019459,0.7848145598308621,1,1,True,True
ASHE,ASHE - 20,20,WEST JEFFERSON,67494634.92313202,ASHE - 20,20,WEST JEFFERSON,70084460.11839993,52483765.39510148,0.7775990707242724,0.7488645172758123,0.6167643466823687,1,1,True,True
AVERY,AVERY - 01,01,ALTAMONT,42072073.30885018,AVERY - 01,01,ALTAMONT,42093428.819598176,41801637.08986963,0.9935720729283941,0.9930679980721198,0.9867285964536736,1,1,True,True
AVERY,AVERY - 02,02,BANNER ELK,71888802.0042424,AVERY - 02,02,BANNER ELK,71942230.56642534,70712371.48173158,0.9836354134481,0.9829049075207891,0.9670906226759575,1,1,True,True
AVERY,AVERY - 03,03,BEECH MOUNTAIN,34740725.2754073,AVERY - 03,03,BEECH MOUNTAIN,35378687.905010946,34638904.57267825,0.9970691255890065,0.9790895769136788,0.9762798204398301,1,1,True,True
AVERY,AVERY - 04,04,CAREYS FLAT,113027603.16675816,AVERY - 04,04,CAREYS FLAT,113617573.56329666,112703449.71355388,0.9971320859319114,0.991954379757692,0.9891323632231084,1,1,True,True
AVERY,AVERY - 05,05,CRANBERRY,22077882.098833743,AVERY - 05,05,CRANBERRY,23629786.501090307,22023534.91872598,0.9975383879728827,0.9320242871305582,0.9298856025377708,1,1,True,True
AVERY,AVERY - 06,06,ELK PARK,24921765.22071399,AVERY - 06,06,ELK PARK,23894053.19498256,23824503.53671965,0.9559717510265949,0.9970892482035022,0.9533113264384986,1,1,True,True
AVERY,AVERY - 07,07,FRANK,6632733.263379864,AVERY - 07,07,FRANK,7975234.540362671,6621473.644424451,0.9983024164385473,0.8302544095616455,0.8290838899192052,1,1,True,True
AVERY,AVERY - 08,08,HEATON,14214506.771115297,AVERY - 08,08,HEATON,14216519.103290562,14048380.235065661,0.9883128877614512,0.9881729931917032,0.9767591156275006,1,1,True,True
AVERY,AVERY - 09,09,HUGHES,11340004.759195728,AVERY - 09,09,HUGHES,11323288.4072902,11309129.435804244,0.9972773094855673,0.9987495707097913,0.9960336757558158,1,1,True,True
AVERY,AVERY - 10,10,INGALLS,56551477.154184654,AVERY - 10,10,INGALLS,56577994.77962008,56474118.65124075,0.9986320692785268,0.9981640189125836,0.996801103146964,1,1,True,True
AVERY,AVERY - 11,11,LINVILLE,44269075.6238897,AVERY - 11,11,LINVILLE,42496930.03181459,42242165.09828944,0.9542138502547263,0.9940050979368527,0.9487538489366585,1,1,True,True
AVERY,AVERY - 12,12,MINNEAPOLIS,23412840.49134849,AVERY - 12,12,MINNEAPOLIS,22138605.015709884,22061593.692414336,0.9422860801775219,0.9965214012698226,0.9391968015166746,1,1,True,True
AVERY,AVERY - 13,13,MONTEZUMA,17351185.29921433,AVERY - 13,13,MONTEZUMA,17524544.908524193,16989848.747973472,0.9791751085006729,0.9694887277620181,0.9499027926687743,1,1,True,True
AVERY,AVERY - 14,14,NEWLAND 1,21981001.123375412,AVERY - 14,14,NEWLAND 1,21997976.75401666,21713184.84147764,0.9878160107269652,0.9870537224525878,0.9751812929570737,1,1,True,True
AVERY,AVERY - 15,15,NEWLAND 2,19767369.737774655,AVERY - 15,15,NEWLAND 2,19645193.5427093,19630484.004980985,0.9930751670753603,0.9992512398670782,0.992336737285766,1,1,True,True
AVERY,AVERY - 16,16,PINEOLA,29073597.84381956,AVERY - 16,16,PINEOLA,29039370.008607544,28826676.515306532,0.9915070253829793,0.9926756850015008,0.9843061445874687,1,1,True,True
AVERY,AVERY - 17,17,PLUMTREE,36180868.10742889,AVERY - 17,17,PLUMTREE,36514367.39912095,36127369.32144396,0.9985213515102489,0.9894014848060518,0.9879539904944924,1,1,True,True
AVERY,AVERY - 18,18,PYATTE,14521837.98029558,AVERY - 18,18,PYATTE,14435379.954166967,14401512.019939778,0.991714136976389,0.9976538245384103,0.9894066357558691,1,1,True,True
AVERY,AVERY - 19,19,ROARING CREEK,36243141.71532017,AVERY - 19,19,ROARING CREEK,36606554.7289408,36197449.166943684,0.9987392773856254,0.9888242538794922,0.987591535467593,1,1,True,True
BEAUFORT,BEAUFORT - AUROR,AUROR,AURORA,380593609.22695345,BEAUFORT - AUROR,AUROR,AURORA,380417810.5887825,380075849.36789787,0.9986395991774344,0.9991010904027986,0.9977431325750717,1,1,True,True
BEAUFORT,BEAUFORT - BEADM,BEADM,BEAVER DAM,47501767.96467501,BEAUFORT - BEADM,BEADM,BEAVER DAM,47507632.47712023,47356864.15118586,0.9969495069405226,0.9968264399197966,0.9937952486385961,1,1,True,True
BEAUFORT,BEAUFORT - BELHV,BELHV,BELHAVEN,148218118.54360753,BEAUFORT - BELHV,BELHV,BELHAVEN,148168683.54132923,147662849.72561967,0.9962537048544137,0.996586094958666,0.9928652875554721,1,1,True,True
BEAUFORT,BEAUFORT - BLCK,BLCK,BLOUNTS CREEK,149153958.31043923,BEAUFORT - BLCK,BLCK,BLOUNTS CREEK,150352943.5228518,148826817.80589482,0.9978066924388053,0.989849711743588,0.9877006557736957,1,1,True,True
BEAUFORT,BEAUFORT - CHOCO,CHOCO,CHOCOWINITY,226390506.6511588,BEAUFORT - CHOCO,CHOCO,CHOCOWINITY,225436476.42674616,225143002.97630978,0.9944895936967388,0.9986981989113384,0.9932020907494444,1,1,True,True
BEAUFORT,BEAUFORT - EDWAR,EDWAR,EDWARD,158743824.7583957,BEAUFORT - EDWAR,EDWAR,EDWARD,158369747.46653393,158156593.15111765,0.9963007593638883,0.9986540717603827,0.9949647638791458,1,1,True,True
BEAUFORT,BEAUFORT - GILEA,GILEA,GILEAD,75638519.0594829,BEAUFORT - GILEA,GILEA,GILEAD,74521771.87944916,74164041.60013479,0.980506262183841,0.9951996541374103,0.9758908136308891,1,1,True,True
BEAUFORT,BEAUFORT - HB,HB,HUNTERS BRIDGE,146999436.46679235,BEAUFORT - HB,HB,HUNTERS BRIDGE,147191243.74966648,146568260.98473445,0.9970668222108776,0.995767528359285,0.992859091102313,1,1,True,True
BEAUFORT,BEAUFORT - NCRK,NCRK,NORTH CREEK,234513967.37849048,BEAUFORT - NCRK,NCRK,NORTH CREEK,233330968.36372364,232878238.75140598,0.9930250268443732,0.9980597105669577,0.9911116840550224,1,1,True,True
BEAUFORT,BEAUFORT - OLDF,OLDF,OLD FORD,106716862.00100423,BEAUFORT - OLDF,OLDF,OLD FORD,107919133.41996929,106534757.36618079,0.9982935720615386,0.9871720981264631,0.9855091327648073,1,1,True,True
BEAUFORT,BEAUFORT - PANTE,PANTE,PANTEGO,218767438.3056379,BEAUFORT - PANTE,PANTE,PANTEGO,218542610.2648,218106080.26370466,0.9969768899473547,0.998002540554602,0.9949914773372519,1,1,True,True
BEAUFORT,BEAUFORT - PINET,PINET,PINETOWN,204828100.277565,BEAUFORT - PINET,PINET,PINETOWN,216572288.23681414,204629198.22189847,0.9990289317950174,0.9448540248978838,0.9439870581777979,1,1,True,True
BEAUFORT,BEAUFORT - PSJW3,PSJW3,P S JONES WASH W3,8162585.11647707,BEAUFORT - PSJW3,PSJW3,P S JONES WASH W3,8141203.5876117805,8087380.1492777625,0.9907866238298088,0.9933887615320272,0.9842962524717962,1,1,True,True
BEAUFORT,BEAUFORT - RVRD,RVRD,RIVER ROAD,17911441.979902063,BEAUFORT - RVRD,RVRD,RIVER ROAD,18260846.397455156,17873794.730719317,0.9978981452623977,0.9788042865970452,0.9767904984902069,1,1,True,True
BEAUFORT,BEAUFORT - SURBA,SURBA,SURRY BATH,137933317.65765658,BEAUFORT - SURBA,SURBA,SURRY BATH,138249616.45433542,137891043.39050856,0.9996935166364015,0.9974063359232154,0.9971014400852891,1,1,True,True
BEAUFORT,BEAUFORT - TCRK,TCRK,TRANTERS CREEK,116463085.89595309,BEAUFORT - TCRK,TCRK,TRANTERS CREEK,116221564.11646885,115764452.97815882,0.9940012501607727,0.9960668991009969,0.990115103417371,1,1,True,True
BEAUFORT,BEAUFORT - WASH1,WASH1,WASHINGTON WARD 1,3197654.395152008,BEAUFORT - WASH1,WASH1,WASHINGTON WARD 1,3193846.8140664706,3136315.9909688924,0.9808176880290405,0.9819869810774272,0.9634831140746536,1,1,True,True
BEAUFORT,BEAUFORT - WASH2,WASH2,WASHINGTON WARD 2,8724476.231852386,BEAUFORT - WASH2,WASH2,WASHINGTON WARD 2,8772388.186794614,8643748.860041883,0.9907470236991679,0.9853358829986141,0.9763510713062216,1,1,True,True
BEAUFORT,BEAUFORT - WASH4,WASH4,WASHINGTON WARD 4,8589731.417491209,BEAUFORT - WASH4,WASH4,WASHINGTON WARD 4,8597991.96981201,8501346.859202718,0.9897104398271972,0.9887595718920631,0.9786988661728847,1,1,True,True
BEAUFORT,BEAUFORT - WASHP,WASHP,WASHINGTON PARK,10636765.4052404,BEAUFORT - WASHP,WASHP,WASHINGTON PARK,10621304.425682327,10564398.757259695,0.9931965550405905,0.9946423088782735,0.987911324790818,1,1,True,True
BEAUFORT,BEAUFORT - WDPD,WDPD,WOODARDS POND,73328341.61898942,BEAUFORT - WDPD,WDPD,WOODARDS POND,73375872.08430351,73166468.72706869,0.9977924921204162,0.9971461551149371,0.9949512151987311,1,1,True,True
BERTIE,BERTIE - C1,C1,COLERAIN 1,118672544.0493412,BERTIE - C1,C1,COLERAIN 1,123090680.93419805,118385975.99957082,0.997585220304612,0.9617785448994122,0.9595446241061334,1,1,True,True
BERTIE,BERTIE - C2,C2,COLERAIN 2,113081844.19822842,BERTIE - C2,C2,COLERAIN 2,107180222.08813919,107042955.23053628,0.9465971835663894,0.9987192892967695,0.9454495290795084,1,1,True,True
BERTIE,BERTIE - IW,IW,INDIAN WOODS,103765820.33182107,BERTIE - IW,IW,INDIAN WOODS,99536888.06784995,99383803.9428531,0.9577701368817283,0.9984620362564228,0.9563592347545452,1,1,True,True
BERTIE,BERTIE - M1,M1,MITCHELLS 1,112002624.69514437,BERTIE - M1,M1,MITCHELLS 1,122350084.52303754,111365676.90191597,0.9943130994031427,0.9102214954411961,0.9055074734670789,1,1,True,True
BERTIE,BERTIE - M2,M2,MITCHELLS 2,50142713.61044419,BERTIE - M2,M2,MITCHELLS 2,49866365.406668544,49563766.80186741,0.9884540192005845,0.9939318095005844,0.9825247307496792,1,1,True,True
BERTIE,BERTIE - MH,MH,MERRY HILL,234710224.70472598,BERTIE - MH,MH,MERRY HILL,232565402.26869988,232162862.6597485,0.9891467785513726,0.9982691337360391,0.9874532475404303,1,1,True,True
BERTIE,BERTIE - RX,RX,ROXOBEL,152599735.65432623,BERTIE - RX,RX,ROXOBEL,152643874.1190447,151928754.2705877,0.995602997732195,0.9953151094167115,0.9909591198605647,1,1,True,True
BERTIE,BERTIE - SN,SN,SNAKEBITE,172279943.08687693,BERTIE - SN,SN,SNAKEBITE,176870371.52184746,170096020.00521442,0.9873234049040682,0.9616987771420141,0.9499689487027814,1,1,True,True
BERTIE,BERTIE - W1,W1,WINDSOR 1,338010201.3525343,BERTIE - W1,W1,WINDSOR 1,339610921.6962004,336480198.6396189,0.9954735013712805,0.9907814417718224,0.9863378286332264,1,1,True,True
BERTIE,BERTIE - W2,W2,WINDSOR 2,62824136.21754002,BERTIE - W2,W2,WINDSOR 2,59086425.82232188,58785127.29453124,0.9357092804424246,0.9949007149510674,0.9312431277771048,1,1,True,True
BERTIE,BERTIE - WD,WD,WOODVILLE,268091332.79030144,BERTIE - WD,WD,WOODVILLE,266899860.80835733,264091117.06862205,0.9850789069529214,0.989476413621092,0.9748654206797179,1,1,True,True
BERTIE,BERTIE - WH,WH,WHITES,193581535.9520525,BERTIE - WH,WH,WHITES,190279308.8593836,189058160.73412633,0.9766332300460383,0.9935823388650223,0.9705110667730652,1,1,True,True
BLADEN,BLADEN - P10,P10,ABBOTTS,72633472.85383761,BLADEN - P10,P10,ABBOTTS,72852555.72912955,72041606.30722085,0.991851325244935,0.9888686208219809,0.9808996255255625,1,1,True,True
BLADEN,BLADEN - P15,P15,BETHEL,112347376.43391208,BLADEN - P15,P15,BETHEL,112860222.11065471,111917424.73696326,0.9961730152443592,0.9916463271464495,0.9878828937717795,1,1,True,True
BLADEN,BLADEN - P201,P201,BLADENBORO 1,79723273.62128456,BLADEN - P201,P201,BLADENBORO 1,80452123.6901908,78614384.66715732,0.9860907749549414,0.9771573584544474,0.9638721016129267,1,1,True,True
BLADEN,BLADEN - P202,P202,BLADENBORO 2,85778515.81455876,BLADEN - P202,P202,BLADENBORO 2,87766549.62960619,85612741.97165807,0.9980674200138987,0.9754598116590244,0.9736208323714539,1,1,True,True
BLADEN,BLADEN - P25,P25,BROWN MARSH,87518188.38739575,BLADEN - P25,P25,BROWN MARSH,81978336.02900852,80966962.52560513,0.9251444073226026,0.9876629173950845,0.9145754344235606,1,1,True,True
BLADEN,BLADEN - P30,P30,CARVERS CREEK,193504548.43568575,BLADEN - P30,P30,CARVERS CREEK,192592725.20336902,192012992.631561,0.9922918824586675,0.9969898521805751,0.9893278921652972,1,1,True,True
BLADEN,BLADEN - P35,P35,CENTRAL,86929044.20175084,BLADEN - P35,P35,CENTRAL,87329046.94091772,83181709.58475126,0.9568920301446947,0.9525090734246496,0.9133181200425091,1,1,True,True
BLADEN,BLADEN - P40,P40,COLLY,245192573.82783931,BLADEN - P40,P40,COLLY,251384713.8881224,240769520.63903943,0.9819609006922636,0.9577731156166989,0.9412127058934814,1,1,True,True
BLADEN,BLADEN - P45,P45,CYPRESS CREEK,117050777.62734461,BLADEN - P45,P45,CYPRESS CREEK,116823010.93944249,116534013.15288335,0.9955851256613905,0.9975261912508919,0.9931330850244245,1,1,True,True
BLADEN,BLADEN - P501,P501,ELIZABETHTOWN 1,88034670.41561224,BLADEN - P501,P501,ELIZABETHTOWN 1,87365548.30712306,85954163.68458569,0.9763671889585721,0.9838450665063553,0.9609609238543323,1,1,True,True
BLADEN,BLADEN - P502,P502,ELIZABETHTOWN 2,96680199.55910437,BLADEN - P502,P502,ELIZABETHTOWN 2,72540136.43984437,71890157.21315825,0.7435871827013452,0.9910397297470603,0.7386214441399309,1,1,True,True
BLADEN,BLADEN - P55,P55,FRENCHES CREEK,209857423.15549904,BLADEN - P55,P55,FRENCHES CREEK,205125564.32144752,204799296.93401146,0.9758973204500866,0.9984094260093063,0.9743824385468968,1,1,True,True
BLADEN,BLADEN - P60,P60,HOLLOW,118771403.31642762,BLADEN - P60,P60,HOLLOW,119880996.71844044,118486035.92436601,0.9975973392239769,0.9883637871534325,0.986016651177106,1,1,True,True
BLADEN,BLADEN - P65,P65,LAKE CREEK,204451458.60722208,BLADEN - P65,P65,LAKE CREEK,202389275.33073223,199735187.0784937,0.9769320719898167,0.9868862208834862,0.964412542818236,1,1,True,True
BLADEN,BLADEN - P70,P70,TURNBULL,126784770.16872464,BLADEN - P70,P70,TURNBULL,126768137.57563034,126593653.21587592,0.9984925874567239,0.9986235945160091,0.9971203256197357,1,1,True,True
BLADEN,BLADEN - P75,P75,WHITES CREEK,159194047.5401906,BLADEN - P75,P75,WHITES CREEK,187205054.67208922,157738967.28716555,0.9908597069079628,0.8425999370768228,0.8361012110469317,1,1,True,True
BLADEN,BLADEN - P80,P80,WHITE OAK,213217711.87505367,BLADEN - P80,P80,WHITE OAK,214031024.89434698,213178735.26828963,0.9998171980816167,0.9960179155032404,0.995836566419528,1,1,True,True
BRUNSWICK,BRUNSWICK - 01,01,HOOD CREEK,107202384.5262374,BRUNSWICK - NB01,NB01,HOOD CREEK,108551974.68435511,106891903.45036916,0.9971037857297639,0.9847071300286055,0.9818986968822893,1,1,True,True
BRUNSWICK,BRUNSWICK - 02,02,LELAND,88689886.76236339,BRUNSWICK - NB02,NB02,LELAND,85000719.47623235,83555534.4562818,0.9421089315421202,0.9829979672071523,0.9270035825574929,1,1,True,True
BRUNSWICK,BRUNSWICK - 03,03,WOODBURN,14898529.618089495,BRUNSWICK - NB05,NB05,WOODBURN,18862349.447515544,13187467.22851613,0.8851522644559616,0.6991423451893009,0.6409956371330837,1,1,True,True
BRUNSWICK,BRUNSWICK - 04,04,BELVILLE,160981690.57449743,BRUNSWICK - NB07,NB07,BELVILLE 1,125848132.63052997,125736890.24779376,0.7810632985594504,0.9991160585349105,0.7805239369573955,1,1,True,True
BRUNSWICK,BRUNSWICK - 05,05,TOWNCREEK,278861376.31583244,BRUNSWICK - NB03,NB03,TOWN CREEK,272434692.17222095,271656852.20263433,0.9741644963229386,0.9971448571274656,0.9714547759473146,1,1,True,True
BRUNSWICK,BRUNSWICK - 06,06,BOLIVIA,92973102.86221202,BRUNSWICK - SB01,SB01,BOLIVIA,113243083.01774448,91798297.65644875,0.9873640314284837,0.8106305057242617,0.8023072185804276,1,1,True,True
BRUNSWICK,BRUNSWICK - 07,07,SOUTHPORT 1,219415042.62351924,BRUNSWICK - SB04,SB04,SOUTHPORT 1,316543089.35907227,218930468.1291812,0.9977915165316651,0.691629277304602,0.6905721269498171,1,1,True,True
BRUNSWICK,BRUNSWICK - 08,08,SOUTHPORT 2,24913553.855199166,BRUNSWICK - SB05,SB05,SOUTHPORT 2,14060600.654946238,13831094.174391968,0.5551634365285698,0.9836773345473308,0.550095890861947,1,1,True,True
BRUNSWICK,BRUNSWICK - 09,09,OAK ISLAND 1,19636287.780874368,BRUNSWICK - SB08,SB08,OAK ISLAND 1,27132887.46047872,19288637.942900755,0.982295541710678,0.7108951441676173,0.7019017762795732,1,1,True,True
BRUNSWICK,BRUNSWICK - 10,10,MOSQUITO,141926613.8869058,BRUNSWICK - CB06,CB06,MOSQUITO 1,100750257.7454068,100059517.80768661,0.7050088427207812,0.9931440380086602,0.7015942669272074,1,1,True,True
BRUNSWICK,BRUNSWICK - 11,11,SUPPLY,265729323.27222985,BRUNSWICK - CB01,CB01,SUPPLY,236987192.36964753,236848103.29841074,0.8913133875547812,0.9994130945649593,0.8908470969181342,1,1,True,True
BRUNSWICK,BRUNSWICK - 12,12,SECESSION 1,28784419.776849292,BRUNSWICK - CB05,CB05,SECESSION 1,36282142.8323333,28558016.088178284,0.992134505735179,0.7871094113749104,0.7822282399478194,1,1,True,True
BRUNSWICK,BRUNSWICK - 13,13,SHALLOTTE,113281539.71259879,BRUNSWICK - CB02,CB02,SHALLOTTE,135240394.23060226,113079315.95033675,0.9982148568709863,0.836135657498321,0.8348872579847375,1,1,True,True
BRUNSWICK,BRUNSWICK - 14,14,FRYING PAN,28332456.920815475,BRUNSWICK - CB03,CB03,FRYING PAN,18662435.129100185,18311351.64822606,0.6463029909267402,0.9811876918287752,0.6383923111230521,1,1,True,True
BRUNSWICK,BRUNSWICK - 15,15,GRISSETTOWN,121443354.91998899,BRUNSWICK - WB06,WB06,GRISSETTOWN,114336600.0929223,113129573.68136542,0.9315419007972814,0.9894432193140611,0.922374414601745,1,1,True,True
BRUNSWICK,BRUNSWICK - 16,16,SHINGLETREE 1,83004022.5340963,BRUNSWICK - WB05,WB05,SHINGLETREE 1,66667311.74901449,66631176.85063259,0.8027463587473957,0.9994579817689675,0.8023970439219348,1,1,True,True
BRUNSWICK,BRUNSWICK - 17,17,LONGWOOD,145795297.8907644,BRUNSWICK - WB03,WB03,LONGWOOD,76686150.50051624,75941393.45315085,0.5208768358911626,0.9902882457587909,0.5182295958959059,1,1,True,True
BRUNSWICK,BRUNSWICK - 18,18,WACCAMAW,332149684.475187,BRUNSWICK - WB01,WB01,WACCAMAW,331522467.95961225,330699695.4589552,0.9956345314055534,0.9975181998803253,0.9931743257759796,1,1,True,True
BRUNSWICK,BRUNSWICK - 19,19,SHINGLETREE 2,14469980.591733566,BRUNSWICK - WB04,WB04,SHINGLETREE 2,29777397.237187427,14463110.833671035,0.9995252406857784,0.485707690247985,0.48559566149395705,1,2,True,False
BRUNSWICK,BRUNSWICK - 20,20,SECESSION 2,101875011.00416866,BRUNSWICK - CB04,CB04,SECESSION 2,102161680.75992817,101749495.73274575,0.9987679483890533,0.9959653656428087,0.9947432296566179,1,1,True,True
BRUNSWICK,BRUNSWICK - 21,21,BOILING SPRING LAKES,82918988.76428236,BRUNSWICK - SB02,SB02,BOILING SPRING LAKES,83959734.49491493,82014646.68770882,0.9890936673245696,0.9768330876829545,0.9664236034975374,1,1,True,True
BRUNSWICK,BRUNSWICK - 22,22,OAK ISLAND 2,241053919.8338194,BRUNSWICK - SB07,SB07,OAK ISLAND 2,143224116.56425983,142841405.81004244,0.592570350685507,0.9973278888821375,0.591631043980947,1,1,True,True
BRUNSWICK,BRUNSWICK - 23,23,OAK ISLAND 3,11207783.71108693,BRUNSWICK - SB06,SB06,OAK ISLAND 3,11878474.236469654,11032493.78997667,0.9843599835945387,0.9287803778792035,0.915273739036861,1,1,True,True
BUNCOMBE,BUNCOMBE - 01.1,01.1,ASHEVILLE 01,2509226.1732294364,BUNCOMBE - 01.1,01.1,STEPHENS LEE COMMUNITY CENTER,2490452.5274440967,2433774.2593563334,0.9699302061017503,0.9772417793701408,0.9485054159331677,1,1,True,True
BUNCOMBE,BUNCOMBE - 02.1,02.1,ASHEVILLE 02,3396229.1879688883,BUNCOMBE - 02.1,02.1,MONTFORD COMMUNITY CENTER,3426927.186978265,3337824.480228067,0.9828030723168744,0.9739992413352775,0.9576776562615114,1,1,True,True
BUNCOMBE,BUNCOMBE - 03.1,03.1,ASHEVILLE 03,1766639.0068035107,BUNCOMBE - 03.1,03.1,ST MARKS LUTHERAN CHURCH,1737385.6695166852,1690627.090895966,0.9569737135799589,0.9730868169105327,0.9322980820559861,1,1,True,True
BUNCOMBE,BUNCOMBE - 04.1,04.1,ASHEVILLE 04,1317798.790730266,BUNCOMBE - 04.1,04.1,NORTH ASHEVILLE COMMUNITY CENTER,1332464.1598490386,1270042.9540057168,0.9637609041224837,0.9531535573531721,0.9201742889964017,1,1,True,True
BUNCOMBE,BUNCOMBE - 05.1,05.1,ASHEVILLE 05,5537428.173067348,BUNCOMBE - 05.1,05.1,ST EUGENES CHURCH,5509647.525055451,5366069.504815601,0.969054466641176,0.9739406160581197,0.9445632203565233,1,1,True,True
BUNCOMBE,BUNCOMBE - 06.1,06.1,ASHEVILLE 06,2969366.76391545,BUNCOMBE - 06.1,06.1,TRINITY PRESBYTERIAN CHURCH,2857685.6809538775,2809346.0759004997,0.9461094904275332,0.9830843520070961,0.9309540864509206,1,1,True,True
BUNCOMBE,BUNCOMBE - 07.1,07.1,ASHEVILLE 07,3172210.143708544,BUNCOMBE - 07.1,07.1,KENILWORTH PRESBYTERIAN CHURCH,3201028.908767696,3092532.9577209475,0.9748827529142039,0.9661059133987902,0.9426424886596307,1,1,True,True
BUNCOMBE,BUNCOMBE - 08.1,08.1,ASHEVILLE 08,6890562.415146797,BUNCOMBE - 08.3,08.3,FAITH TABERNACLE CHRISTIAN CENTER,7478158.867963914,3517686.4785876344,0.5105078898719609,0.4703947242492053,0.324179817128717,1,2,True,False
BUNCOMBE,BUNCOMBE - 09.1,09.1,ASHEVILLE 09,7164499.319376226,BUNCOMBE - 09.1,09.1,MURPHY OAKLEY COMMUNITY CENTER,6951797.649723705,6864090.951792566,0.9580698728282084,0.9873835945247019,0.9464831715220771,1,1,True,True
BUNCOMBE,BUNCOMBE - 10.1,10.1,ASHEVILLE 10,3819120.927820778,BUNCOMBE - 10.1,10.1,W C REID RECREATION CENTER,3785821.7328379224,3732345.479766339,0.9772786854110027,0.985874598212659,0.9637835554345716,1,1,True,True
BUNCOMBE,BUNCOMBE - 11.1,11.1,ASHEVILLE 11,1742853.83623581,BUNCOMBE - 11.1,11.1,ASHEVILLE SENIOR OPPORTUNITY CENTER,1728084.3980908587,1700771.0477906133,0.9758540919667213,0.9841944349880014,0.9607968449120108,1,1,True,True
BUNCOMBE,BUNCOMBE - 12.1,12.1,ASHEVILLE 12,2321711.726447467,BUNCOMBE - 12.1,12.1,HALL FLETCHER SCHOOL,2340674.4025148847,2288972.758467864,0.9858987799360869,0.9779116463223286,0.9644222902439318,1,1,True,True
BUNCOMBE,BUNCOMBE - 13.1,13.1,ASHEVILLE 13,2628323.32778986,BUNCOMBE - 13.1,13.1,WEST ASHEVILLE CHURCH OF GOD,2497679.710082955,2473200.779378296,0.9409804163850702,0.9901993315612728,0.9322974494080276,1,1,True,True
BUNCOMBE,BUNCOMBE - 14.1,14.1,ASHEVILLE 14,6567256.184618884,BUNCOMBE - 14.2,14.2,ASHEVILLE PRE SCHOOL,4501115.676068118,4397389.661986432,0.6695931357582062,0.9769554880286271,0.6591817413098467,1,1,True,True
BUNCOMBE,BUNCOMBE - 15.1,15.1,ASHEVILLE 15,1721381.221524727,BUNCOMBE - 15.1,15.1,VANCE ELEMENTARY SCHOOL,1713492.1604168701,1691433.5950462052,0.9826025600232844,0.9871265443284559,0.9701703538945868,1,1,True,True
BUNCOMBE,BUNCOMBE - 16.1,16.1,ASHEVILLE 16,3618591.3013797738,BUNCOMBE - 16.2,16.2,WEST ASHEVILLE LIBRARY,3898456.8197622322,3566862.4174452377,0.9857046901331986,0.914942137966987,0.9029606922295328,1,1,True,True
BUNCOMBE,BUNCOMBE - 17.1,17.1,ASHEVILLE 17,2618874.301294971,BUNCOMBE - 17.1,17.1,BETH ISRAEL SYNAGOGUE,2568183.226419071,2476114.9672593023,0.9454882832806915,0.964150432020326,0.9133778794796571,1,1,True,True
BUNCOMBE,BUNCOMBE - 18.1,18.1,ASHEVILLE 18,4338596.7155079795,BUNCOMBE - 18.2,18.2,TC ROBERSON HIGH SCHOOL,6493722.341626601,4163311.105613126,0.9595985473210016,0.6411285987583918,0.6242774241502166,1,1,True,True
BUNCOMBE,BUNCOMBE - 19.1,19.1,ASHEVILLE 19,1831417.1978997288,BUNCOMBE - 19.1,19.1,SKYLAND FIRE DEPARTMENT,1856812.1779163955,1745584.5093981079,0.9531331863651527,0.9400975123703138,0.8985607918223044,1,1,True,True
BUNCOMBE,BUNCOMBE - 20.1,20.1,ASHEVILLE 20,2174656.975232577,BUNCOMBE - 20.1,20.1,ASHEVILLE APOSTOLIC CHURCH,2180355.2011700827,2006342.2655861098,0.9226017199202343,0.920190556341192,0.854246165604674,1,1,True,True
BUNCOMBE,BUNCOMBE - 21.1,21.1,ASHEVILLE 21,4114366.657821385,BUNCOMBE - 21.1,21.1,HAW CREEK ELEMENTARY SCHOOL,4491822.140461027,3853770.171524395,0.9366618223483806,0.8579525304020287,0.8109071347010821,1,1,True,True
BUNCOMBE,BUNCOMBE - 22.1,22.1,ASHEVILLE 22,9301098.720558904,BUNCOMBE - 27.2,27.2,BEAVERDAM COMMUNITY CENTER,12374117.147031972,6314020.205040454,0.6788467034635499,0.5102602577635141,0.4110370275689944,1,1,True,True
BUNCOMBE,BUNCOMBE - 23.1,23.1,ASHEVILLE 23,10908593.746434802,BUNCOMBE - 23.2,23.2,ASHEVILLE APOSTOLIC CHURCH,6860710.218285505,6563745.017924611,0.601704048248181,0.956715093494343,0.5857579304244842,1,1,True,True
BUNCOMBE,BUNCOMBE - 24.1,24.1,ASHEVILLE 24,10285509.327739319,BUNCOMBE - 24.1,24.1,CROSSROADS ASSEMBLY,9682675.089348467,9535627.316184118,0.9270933516600077,0.9848133112174641,0.914025892593307,1,1,True,True
BUNCOMBE,BUNCOMBE - 25.1,25.1,ASHEVILLE 25,4715041.325145909,BUNCOMBE - 25.1,25.1,CHARLES C BELL SCHOOL,4765308.87860907,4507401.699128288,0.9559622892570946,0.9458781820757731,0.9063841491490872,1,1,True,True
BUNCOMBE,BUNCOMBE - 26.1,26.1,ASHEVILLE 26,2512738.465149677,BUNCOMBE - 26.1,26.1,ASHEVILLE SCHOOL ATHLETIC CENTER,2431899.9126406945,2396220.7330535813,0.9536291843691123,0.9853286809207659,0.9402778771377845,1,1,True,True
BUNCOMBE,BUNCOMBE - 27.1,27.1,ASHEVILLE 27,9098407.960623706,BUNCOMBE - 27.2,27.2,BEAVERDAM COMMUNITY CENTER,12374117.147031972,5977640.48894024,0.6569985116968162,0.4830761191212759,0.38578154249178265,1,2,True,False
BUNCOMBE,BUNCOMBE - 28.1,28.1,ASHEVILLE 28,2357774.8236424257,BUNCOMBE - 28.1,28.1,COVENANT REFORMED PRESBYTERIAN,2368371.403096898,2302771.245987204,0.9766714034335776,0.9723015752411489,0.9502331518139693,1,1,True,True
BUNCOMBE,BUNCOMBE - 29.1,29.1,ASHEVILLE 29,2875657.185556646,BUNCOMBE - 29.2,29.2,NEW HOPE PRESBYTERIAN,3789401.17305627,2691850.890633486,0.9360819864598777,0.7103631333027811,0.6775007125420572,1,1,True,True
BUNCOMBE,BUNCOMBE - 30.1,30.1,AVERYS CREEK,36916860.11127563,BUNCOMBE - 30.2,30.2,AVERYS CREEK ELEMENTARY SCHOOL,22289960.34156085,21572282.822906494,0.5843477142390451,0.9678026560991134,0.5732044069474761,1,1,True,True
BUNCOMBE,BUNCOMBE - 31.1,31.1,BILTMORE,7546513.169442413,BUNCOMBE - 31.1,31.1,BILTMORE FOREST TOWN HALL,8472823.720269019,7417816.153107972,0.98294616156564,0.8754833569076603,0.8623842667194561,1,1,True,True
BUNCOMBE,BUNCOMBE - 32.1,32.1,BLACK MOUNTAIN 1,63693806.14867634,BUNCOMBE - 32.1,32.1,BLACK MOUNTAIN 1 OWEN MIDDLE SCHOOL,65176718.10541325,63213562.238253735,0.9924601159914732,0.969879491876464,0.9627853665085387,1,1,True,True
BUNCOMBE,BUNCOMBE - 33.2,33.2,33 2,6214412.588672833,BUNCOMBE - 33.2,33.2,BLACK MOUNTAIN PRIMARY SCHOOL,6025847.258747966,5942421.319238666,0.9562321835647135,0.9861553179284147,0.9435652077529436,1,1,True,True
BUNCOMBE,BUNCOMBE - 33.3,33.3,33 3,3540625.056875194,BUNCOMBE - 33.3,33.3,BLACK MOUNTAIN ELEMENTARY SCHOOL,3502648.0612382833,3423636.994269168,0.9669583588415107,0.9774424762100755,0.9458511510911279,1,1,True,True
BUNCOMBE,BUNCOMBE - 34.1,34.1,BLACK MOUNTAIN 3,1676686.137861479,BUNCOMBE - 34.1,34.1,BLACK MOUNTAIN 3 LAKE TOMAHAWK,1652109.0281032224,1632794.9306492158,0.9738226456215329,0.9883094292655848,0.9627327264760006,1,1,True,True
BUNCOMBE,BUNCOMBE - 35.1,35.1,BLACK MOUNTAIN 4,5297982.987163781,BUNCOMBE - 35.1,35.1,BLACK MOUNTAIN 4 CARVER COMMUNITY CENTER,5148184.836407256,4937904.563084854,0.9320348092941515,0.9591544825983462,0.8964539873224964,1,1,True,True
BUNCOMBE,BUNCOMBE - 36.1,36.1,BLACK MOUNTAIN 5,66034460.705197155,BUNCOMBE - 36.1,36.1,BLACK MOUNTAIN 5 MONTREAT CTR WALKUP BLDG,65419038.180117264,64899863.78291394,0.9828181087546322,0.9920638637979683,0.9751512998960609,1,1,True,True
BUNCOMBE,BUNCOMBE - 37.1,37.1,BROAD RIVER,111371752.60138059,BUNCOMBE - 37.1,37.1,BROAD RIVER COMMUNITY CENTER,111269466.08096585,110705372.59639138,0.9940166156190942,0.9949303838290731,0.9890073329269446,1,1,True,True
BUNCOMBE,BUNCOMBE - 38.2,38.2,38 2,30348812.864512313,BUNCOMBE - 38.2,38.2,CANE CREEK MIDDLE SCHOOL,30283113.133356445,30145823.96452572,0.9933114714933725,0.9954664776957985,0.9888382559224804,1,1,True,True
BUNCOMBE,BUNCOMBE - 38.3,38.3,38 3,27019143.361841455,BUNCOMBE - 38.3,38.3,TRINITY OF FAIRVIEW CHURCH,27186267.14322365,26970068.799050603,0.9981837113733162,0.9920475163789841,0.9902599750784358,1,1,True,True
BUNCOMBE,BUNCOMBE - 39.1,39.1,FAIRVIEW 2,66515283.05744056,BUNCOMBE - 39.3,39.3,FAIRVIEW COMMUNITY CENTER,37786040.83058778,37635273.574204326,0.5658139279314749,0.9960099747666231,0.5645343228980853,1,1,True,True
BUNCOMBE,BUNCOMBE - 40.1,40.1,FLAT CREEK,55063074.88148928,BUNCOMBE - 40.2,40.2,FLAT CREEK NORTH BUNCOMBE ELEMENTARY,30159349.76334412,30035355.104076054,0.5454718097149553,0.995888682606189,0.544246240179396,1,1,True,True
BUNCOMBE,BUNCOMBE - 41.1,41.1,FRENCH BROAD,49640657.3442499,BUNCOMBE - 41.1,41.1,FRENCH BROAD FIRE DEPT,49847254.60462009,49483780.31054144,0.996839747052088,0.9927082384584334,0.9895938333345989,1,1,True,True
BUNCOMBE,BUNCOMBE - 42.1,42.1,HAZEL 1,8390641.052693361,BUNCOMBE - 42.1,42.1,HAZEL 1 EMMA ELEMENTARY SCHOOL,8313092.304924764,8178363.716420796,0.9747007010621166,0.983793204314097,0.959297257552366,1,1,True,True
BUNCOMBE,BUNCOMBE - 43.1,43.1,HAZEL 2,6945426.269067674,BUNCOMBE - 43.2,43.2,HAZEL 2 JOHNSTON SCHOOL,6620636.391802637,6538391.447252976,0.9413952713561328,0.9875774865613383,0.9303781079831547,1,1,True,True
BUNCOMBE,BUNCOMBE - 44.1,44.1,LOWER HOMINY 1,36206797.056249686,BUNCOMBE - 44.1,44.1,LOWER HOMINY 1 OAK FOREST PRESBYTERIAN,37142270.420113795,35967851.32930336,0.9934005284539501,0.9683805250048891,0.9621905073340448,1,1,True,True
BUNCOMBE,BUNCOMBE - 45.1,45.1,LOWER HOMINY 2,17699681.475077543,BUNCOMBE - 45.1,45.1,ENKA MIDDLE SCHOOL,17902399.729302235,17518350.107798945,0.9897551056196165,0.9785475898588787,0.9687353795650727,1,1,True,True
BUNCOMBE,BUNCOMBE - 46.1,46.1,LOWER HOMINY 3,39500367.472188815,BUNCOMBE - 46.1,46.1,LOWER HOMINY 3 ARBORETUM MAIN BLDG ROOM 1,38895801.95561168,38466823.112701856,0.9738345634324883,0.9889710760199936,0.9633722227542763,1,1,True,True
BUNCOMBE,BUNCOMBE - 47.1 & 49.1,47.1 & 49.1,UPPER HOMINY 1 & 3,136889176.14572233,BUNCOMBE - 47.1,47.1,UPPER HOMINY 1 PISGAH ELEMENTARY,98429303.2090282,98293139.19654183,0.7180490230425965,0.9986166313481138,0.7173354876043595,1,1,True,True
BUNCOMBE,BUNCOMBE - 48.1,48.1,UPPER HOMINY 2,22064600.1763781,BUNCOMBE - 48.1,48.1,HOMINY VALLEY ELEMENTARY,21717632.066941556,21611398.322082967,0.9794602281177829,0.9951084103215702,0.9747670475029871,1,1,True,True
BUNCOMBE,BUNCOMBE - 50.1 & 51.1,50.1 & 51.1,IVY 1 & 2,158172769.00926995,BUNCOMBE - 50.1,50.1,IVY 1 BARNARDSVILLE SCHOOL,129752907.79394946,129516389.0895997,0.8188286131730373,0.9981771606635178,0.8176060315588688,1,1,True,True
BUNCOMBE,BUNCOMBE - 52.1,52.1,LEICESTER 1,58338032.940577574,BUNCOMBE - 52.1,52.1,LEICESTER 1 LEICESTER SCHOOL,58338945.15918743,58085751.156788915,0.9956755178213562,0.9956599489122124,0.9913728417621442,1,1,True,True
BUNCOMBE,BUNCOMBE - 53.1 & 63.1,53.1 & 63.1,LEICESTER 2 & SANDY MUSH,143976836.63286695,BUNCOMBE - 53.1,53.1,LEICESTER 2 COMMUNITY CENTER,80788802.34782243,80640650.23444122,0.5600946104967597,0.99816618010076,0.5595188657840603,1,1,True,True
BUNCOMBE,BUNCOMBE - 54.1,54.1,LIMESTONE 1,44797394.994252704,BUNCOMBE - 54.2,54.2,LUTHERAN CHURCH OF THE NATIVITY,41725248.04331949,41322639.34333288,0.9224339796685584,0.9903509573012335,0.9142176098671291,1,1,True,True
BUNCOMBE,BUNCOMBE - 55.1,55.1,LIMESTONE 2,8363136.940748713,BUNCOMBE - 55.1,55.1,LIMESTONE 2 GLEN ARDEN SCHOOL,8318805.019912248,8222057.326314682,0.98313077790863,0.9883700010559225,0.9718876416983228,1,1,True,True
BUNCOMBE,BUNCOMBE - 56.1,56.1,LIMESTONE 3,5214820.91392042,BUNCOMBE - 56.2,56.2,LIMESTONE 3 ARDEN FIRST BAPTIST,4334340.351100544,4226613.9470052775,0.8105003061030864,0.9751458364205492,0.7940960773987092,1,1,True,True
BUNCOMBE,BUNCOMBE - 57.1,57.1,LIMESTONE 4,28345091.432912126,BUNCOMBE - 57.1,57.1,LIMESTONE 4 SKYLAND FIRE BISHOP SUBSTATION,28219764.952597335,27556105.93583332,0.972165004337834,0.9764824753898975,0.9499239198060998,1,1,True,True
BUNCOMBE,BUNCOMBE - 58.1,58.1,NORTH BUNCOMBE,19938170.473427083,BUNCOMBE - 58.1,58.1,NORTH BUNCOMBE MIDDLE SCHOOL,20138697.528302953,19552285.602713905,0.9806459237958933,0.9708813380425967,0.9526276940792308,1,1,True,True
BUNCOMBE,BUNCOMBE - 59.1,59.1,REEMS CREEK,69029423.75102213,BUNCOMBE - 59.1,59.1,REEMS CREEK FIRE DEPARTMENT,68860101.19190973,68659487.5883552,0.9946408916290359,0.9970866495970514,0.991758638475099,1,1,True,True
BUNCOMBE,BUNCOMBE - 60.2,60.2,60 2,8518414.401991576,BUNCOMBE - 60.2,60.2,REYNOLDS FIRE DEPARTMENT,8637249.57965494,8472578.765307473,0.9946192290582404,0.9809348088382963,0.9757567217426983,1,1,True,True
BUNCOMBE,BUNCOMBE - 60.3,60.3,60 3,15973300.257393943,BUNCOMBE - 60.4,60.4,COVENANT COMMUNITY CHURCH,10629626.683311671,10541326.969610512,0.6599341901640519,0.9916930559904058,0.6563061580777119,1,1,True,True
BUNCOMBE,BUNCOMBE - 61.1 & 65.1,61.1 & 65.1,RICEVILLE 1 & SWANNANOA 2,79576947.13202482,BUNCOMBE - 65.1,65.1,SWANNANOA 2 WILLIAMS ELEMENTARY,45599287.67714715,45419534.31382585,0.5707624626321872,0.9960579786992729,0.5694760945693349,1,1,True,True
BUNCOMBE,BUNCOMBE - 62.1 & 66.1,62.1 & 66.1,RICEVILLE 2 & SWANNANOA 3,18624381.640545934,BUNCOMBE - 62.1,62.1,RICEVILLE 2 GRASSY BRANCH BAPTIST,9612149.24394513,9486654.147825114,0.5093674695310332,0.9869441169778895,0.5059582140758119,1,1,True,True
BUNCOMBE,BUNCOMBE - 64.1,64.1,SWANNANOA 1,25482360.972132683,BUNCOMBE - 64.1,64.1,FIRST BAPTIST OF SWANNANOA,25436676.7240786,25324195.212724403,0.9937931277411364,0.9955779792865898,0.9894257106314646,1,1,True,True
BUNCOMBE,BUNCOMBE - 67.1,67.1,WEAVERVILLE,6508657.468050063,BUNCOMBE - 67.1,67.1,WEAVERVILLE TOWN HALL,6493736.550198409,5926115.281859254,0.9104973354258673,0.9125894215216028,0.837462104394597,1,1,True,True
BUNCOMBE,BUNCOMBE - 68.1,68.1,WEST BUNCOMBE 1,42650350.13333602,BUNCOMBE - 68.1,68.1,WEST BUNCOMBE 1 WEST BUNCOMBE SCHOOL,32243372.7091208,32026787.00648086,0.7509149844340514,0.9932827838888371,0.7471209775531114,1,1,True,True
BUNCOMBE,BUNCOMBE - 69.1,69.1,WEST BUNCOMBE 2,16906975.072484206,BUNCOMBE - 69.1,69.1,WEST BUNCOMBE 2 FIRE TRAIN CENTER,16979660.5409017,16869076.12096201,0.997758383663564,0.9934872420050268,0.991274696496405,1,1,True,True
BUNCOMBE,BUNCOMBE - 70.1,70.1,WOODFIN,9864431.783412805,BUNCOMBE - 70.1,70.1,WOODFIN COMMUNITY CENTER,9975031.009950051,9660552.413126929,0.9793318688027522,0.9684734216355386,0.9490752990501343,1,1,True,True
BUNCOMBE,BUNCOMBE - 71.1,71.1,WOODLAND HILLS,25752028.870004058,BUNCOMBE - 71.1,71.1,WOODLAND HILLS BAPTIST CHURCH,25473383.169541758,25205310.523579143,0.978769892299176,0.9894763626732099,0.9686860947914614,1,1,True,True
BURKE,BURKE - 0001,0001,DREXEL 1,21257359.232192375,BURKE - 0001,0001,DREXEL 01,20987681.565561727,20887750.32711518,0.9826126612887337,0.9952385765843466,0.9780149947312258,1,1,True,True
BURKE,BURKE - 0003,0003,DREXEL 3,10135891.504055778,BURKE - 0003,0003,DREXEL 03,10065149.724745644,10015682.168269558,0.9881402306113756,0.9950852637239496,0.9833410986049769,1,1,True,True
BURKE,BURKE - 0011,0011,ICARD 1,32343374.171224825,BURKE - 0011,0011,ICARD 01,32467144.933096025,32267746.983206764,0.9976617409297591,0.9938584698377343,0.9915488103814952,1,1,True,True
BURKE,BURKE - 0012,0012,ICARD 2,50695195.38784767,BURKE - 0012,0012,ICARD 02,50659525.265371166,50358594.47286211,0.9933602994837999,0.9940597391915403,0.9874984286994688,1,1,True,True
BURKE,BURKE - 0013,0013,ICARD 3,25944708.464575764,BURKE - 0013,0013,ICARD 03,25816995.59290785,25502082.454709888,0.982939642182905,0.987802099703481,0.9711519396767003,1,1,True,True
BURKE,BURKE - 0014,0014,ICARD 4,26764985.489480224,BURKE - 0014,0014,ICARD 04,26752142.72317355,26653096.395656455,0.9958195720349728,0.9962976301172579,0.9921480356047152,1,1,True,True
BURKE,BURKE - 0015,0015,ICARD 5,13242049.069608875,BURKE - 0015,0015,ICARD 05,13116337.002773553,12998525.86081398,0.9816098545236634,0.9910179845230677,0.9729537326714255,1,1,True,True
BURKE,BURKE - 0018,0018,JONAS RIDGE,75161721.59475571,BURKE - 0018,0018,JONAS RIDGE,63023972.60597986,62527494.96197909,0.8319061037359454,0.9921224000412557,0.8264470419743868,1,1,True,True
BURKE,BURKE - 0019,0019,LINVILLE 1,80795104.66689014,BURKE - 0019,0019,LINVILLE 01,81007484.41083357,80377210.95686118,0.9948277347773495,0.9922195651604743,0.9871272668522888,1,1,True,True
BURKE,BURKE - 0020,0020,LINVILLE 2,39745492.304973304,BURKE - 0020,0020,LINVILLE 02,40336719.94194817,39436823.313334465,0.9922338616598236,0.9776903865780654,0.9702656155602964,1,1,True,True
BURKE,BURKE - 0021,0021,LOVELADY 1,9096468.923912546,BURKE - 0021,0021,LOVELADY 01,9093978.335285572,8970214.099831551,0.9861204578241235,0.9863905288872524,0.9728836510732889,1,1,True,True
BURKE,BURKE - 0022,0022,LOVELADY 2,26189482.29166792,BURKE - 0022,0022,LOVELADY 02,26277427.701226942,26099141.89229104,0.9965505083922327,0.9932152488073412,0.9898123266524546,1,1,True,True
BURKE,BURKE - 0024,0024,LOVELADY 4,23385100.127532464,BURKE - 0024,0024,LOVELADY 04,23433550.060802568,23186363.27246975,0.991501560652771,0.9894515859657864,0.9811307451968958,1,1,True,True
BURKE,BURKE - 0029,0029,LOWER FORK,155262965.17545718,BURKE - 0071,0071,LOWER FORK,153956580.20569345,153782576.9215264,0.9904652841567347,0.9988697898853393,0.989356511809946,1,1,True,True
BURKE,BURKE - 0031,0031,MORGANTON 01,7231955.008630084,BURKE - 0031,0031,MORGANTON 01,7280365.429950117,7075507.234252536,0.9783671532537391,0.9718615504031114,0.9514165597349042,1,1,True,True
BURKE,BURKE - 0034,0034,MORGANTON 04,6207943.403625092,BURKE - 0034,0034,MORGANTON 04,6183740.116178768,6087181.58848265,0.9805472106798004,0.9843850928593381,0.9655293399532647,1,1,True,True
BURKE,BURKE - 0035,0035,MORGANTON 05,4998193.976345562,BURKE - 0035,0035,MORGANTON 05,5017289.975925565,4898076.295123912,0.9799692285462576,0.976239427783988,0.9571401426820134,1,1,True,True
BURKE,BURKE - 0036,0036,MORGANTON 06,29587353.576533794,BURKE - 0036,0036,MORGANTON 06,29490773.27750832,29434038.34188191,0.9948182173760386,0.9980761801295431,0.9929142645019383,1,1,True,True
BURKE,BURKE - 0037,0037,MORGANTON 07,56128992.53300031,BURKE - 0072,0072,PILOT MOUNTAIN,99231937.61511612,35612958.63301421,0.6344841948138662,0.3588860551241443,0.2973992643250981,1,2,True,False
BURKE,BURKE - 0038,0038,MORGANTON 08,19044440.40652526,BURKE - 0038,0038,MORGANTON 08,19323875.15072127,18870166.976358667,0.990849117829323,0.9765208494246731,0.9677927572495395,1,1,True,True
BURKE,BURKE - 0039,0039,MORGANTON 09,11098307.57705678,BURKE - 0039,0039,MORGANTON 09,11092609.523860117,10996034.754493393,0.9907848271591595,0.9912937736464091,0.9822376345032656,1,1,True,True
BURKE,BURKE - 0040,0040,MORGANTON 10,20708489.90892051,BURKE - 0040,0040,MORGANTON 10,20832081.764777217,20539510.541235507,0.9918400922313406,0.9859557375568491,0.9780225109428745,1,1,True,True
BURKE,BURKE - 0047,0047,QUAKER MEADOW 1,62026319.45787393,BURKE - 0047-A,0047-A,QUAKER MEADOWS 1 A,38542229.905181915,38281995.82460461,0.6171895440387105,0.9932480792829707,0.6146109176031397,1,1,True,True
BURKE,BURKE - 0048,0048,QUAKER MEADOW 2,32759749.94931939,BURKE - 0048,0048,QUAKER MEADOWS 02,32557221.26353289,32190806.690836247,0.9826328571077826,0.988745520702436,0.9717637751102114,1,1,True,True
BURKE,BURKE - 0051,0051,SILVER CREEK 1,35818384.174252786,BURKE - 0051,0051,SILVER CREEK 01,35843343.82072218,35597480.713453285,0.9938326793379392,0.9931406202362528,0.9870573600379132,1,1,True,True
BURKE,BURKE - 0052,0052,SILVER CREEK 2,40245784.529646195,BURKE - 0052,0052,SILVER CREEK 02,40329644.031077534,40046194.88728411,0.9950407317264479,0.9929716923964168,0.9880817192338857,1,1,True,True
BURKE,BURKE - 0053,0053,SILVER CREEK 3,63473619.83570842,BURKE - 0072,0072,PILOT MOUNTAIN,99231937.61511612,63328847.9865434,0.9977191808259914,0.6381901785710616,0.6372604640255837,1,1,True,True
BURKE,BURKE - 0062,0062,UPPER CREEK,203718776.13864145,BURKE - 0062,0062,UPPER CREEK,214944351.48341638,202333183.35707754,0.9931985023284209,0.9413282180280423,0.9352990130170873,1,1,True,True
BURKE,BURKE - 0064,0064,UPPER FORK,68832005.78403133,BURKE - 0064,0064,UPPER FORK,68638342.78274606,68459811.49453662,0.9945927147515865,0.9973989568953533,0.9920196885712155,1,1,True,True
BURKE,BURKE - 0066,0066,CHESTERFIELD,81672879.5609915,BURKE - 0066,0066,CHESTERFIELD,81447227.08215523,81226532.91832075,0.9945349466668746,0.9972903415899983,0.9918547844944882,1,1,True,True
CABARRUS,CABARRUS - 01-01,01-01,01 01,33033119.478564955,CABARRUS - 01-08,01-08,01 08,20170308.0197524,20107260.788817633,0.6087000291288004,0.9968742554217304,0.6075404733517421,1,1,True,True
CABARRUS,CABARRUS - 01-02,01-02,01 02,38628488.918121256,CABARRUS - 01-02,01-02,01 02,38694014.94936249,38509366.33068777,0.9969161986199878,0.9952279798589947,0.9921734952290262,1,1,True,True
CABARRUS,CABARRUS - 01-04,01-04,01 04,18925048.551815465,CABARRUS - 01-04,01-04,01 04,18900028.31621973,18821692.708132476,0.9945386748467245,0.9958552650410568,0.9904389949578761,1,1,True,True
CABARRUS,CABARRUS - 01-05,01-05,01 05,15706959.999255896,CABARRUS - 01-10,01-10,01 10,10938974.745531414,10397483.369492121,0.6619666294422787,0.9504988914742223,0.639906113471274,1,1,True,True
CABARRUS,CABARRUS - 01-06,01-06,01 06,9133290.213489927,CABARRUS - 01-11,01-11,01 11,14105049.279397717,9040218.476403698,0.9898096157123354,0.6409207296856544,0.6367193564492125,1,1,True,True
CABARRUS,CABARRUS - 02-01,02-01,02 01,10533221.476551004,CABARRUS - 02-01,02-01,02 01,10480637.570620209,10360628.945238704,0.9836144591000461,0.9885494919013402,0.9725340433000947,1,1,True,True
CABARRUS,CABARRUS - 02-02,02-02,02 02,11174146.281679869,CABARRUS - 02-02,02-02,02 02,11165869.191083757,11077350.796770182,0.9913375498700617,0.9920724134593785,0.9835461780533816,1,1,True,True
CABARRUS,CABARRUS - 02-03,02-03,02 03,25790425.367542762,CABARRUS - 02-03,02-03,02 03,25324473.839041468,25169398.26283393,0.9759202457556053,0.993876454168676,0.9700871961347382,1,1,True,True
CABARRUS,CABARRUS - 02-04,02-04,02 04,43468738.39166425,CABARRUS - 02-08,02-08,02 08,23299731.352733828,23253849.30542076,0.5349556984124484,0.9980307907152035,0.5343916382777777,1,1,True,True
CABARRUS,CABARRUS - 02-05,02-05,02 05,9807440.841615427,CABARRUS - 02-05,02-05,02 05,9780730.253667649,9705429.482177874,0.9895985750936479,0.9923011094737494,0.9820584066781428,1,1,True,True
CABARRUS,CABARRUS - 02-06,02-06,02 06,6808140.099846568,CABARRUS - 02-06,02-06,02 06,7009429.1817091815,6753926.584110962,0.9920369565049304,0.9635487297218235,0.9561534853049883,1,1,True,True
CABARRUS,CABARRUS - 02-07,02-07,02 07,7549364.518301823,CABARRUS - 02-07,02-07,02 07,7518184.118250065,7435806.178122594,0.9849578941507022,0.9890428408200989,0.974326140933872,1,1,True,True
CABARRUS,CABARRUS - 03-00,03-00,03 00,56970657.56943009,CABARRUS - 03-00,03-00,03 00,55967481.01905074,55724928.71246887,0.9781338515279896,0.9956661921857926,0.9739871060063161,1,1,True,True
CABARRUS,CABARRUS - 04-01,04-01,04 01,6998999.858105028,CABARRUS - 04-01,04-01,04 01,6989424.6043380415,6881471.349954052,0.9832078138971706,0.984554772317454,0.9682730758222217,1,1,True,True
CABARRUS,CABARRUS - 04-02,04-02,04 02,4793429.188929603,CABARRUS - 04-12,04-12,04 12,7988628.2953401245,4736561.241254134,0.9881362704164264,0.5929129590391675,0.5887220748336075,1,1,True,True
CABARRUS,CABARRUS - 04-03,04-03,04 03,5786680.513006785,CABARRUS - 04-03,04-03,04 03,5827263.250397462,5741496.740640918,0.992191763090375,0.985281854264831,0.9777009002184593,1,1,True,True
CABARRUS,CABARRUS - 04-04,04-04,04 04,2225484.6184163215,CABARRUS - 04-11,04-11,04 11,6440393.2885606075,2176760.4506345782,0.9781062662134166,0.3379856404889013,0.3354478425270374,1,2,True,False
CABARRUS,CABARRUS - 04-05,04-05,04 05,4354095.688388263,CABARRUS - 04-11,04-11,04 11,6440393.2885606075,4222744.219831902,0.9698326637821358,0.6556655829283465,0.642560594773377,1,1,True,True
CABARRUS,CABARRUS - 04-06,04-06,04 06,3170311.9370118477,CABARRUS - 04-12,04-12,04 12,7988628.2953401245,3132872.5347243133,0.9881906250768425,0.39216651706673605,0.39033716793222745,1,2,True,False
CABARRUS,CABARRUS - 04-07,04-07,04 07,4302172.075042269,CABARRUS - 04-13,04-13,04 13,10566993.357881913,4223039.634593566,0.9816063981011439,0.3996443918878404,0.39667384310410525,1,2,True,False
CABARRUS,CABARRUS - 04-08,04-08,04 08,11892704.842014024,CABARRUS - 04-08,04-08,04 08,12088303.196052419,11777220.59754298,0.9902894887239557,0.9742658176698425,0.9650463558907918,1,1,True,True
CABARRUS,CABARRUS - 04-09,04-09,04 09,22529868.30800482,CABARRUS - 04-09,04-09,04 09,22431986.1216792,22253482.104418617,0.9877324536562869,0.9920424336796432,0.9799681714597979,1,1,True,True
CABARRUS,CABARRUS - 04-10,04-10,04 10,6397146.865098264,CABARRUS - 04-13,04-13,04 13,10566993.357881913,6316075.283651804,0.9873269157085054,0.5977173515435824,0.593166487961914,1,1,True,True
CABARRUS,CABARRUS - 05-00,05-00,05 00,59375457.52706149,CABARRUS - 05-00,05-00,05 00,59305649.624762475,59141536.45821437,0.9960603070933726,0.997232756616166,0.9933147950050982,1,1,True,True
CABARRUS,CABARRUS - 06-00,06-00,06 00,66601373.50552687,CABARRUS - 06-00,06-00,06 00,66531898.457414836,66462418.61453468,0.9979136332529139,0.9989556912625209,0.9968736753258113,1,1,True,True
CABARRUS,CABARRUS - 07-00,07-00,07 00,69354142.60706916,CABARRUS - 07-00,07-00,07 00,69129257.78368145,69067796.24712773,0.9958712436030858,0.9991109186106691,0.9949894854221029,1,1,True,True
CABARRUS,CABARRUS - 08-00,08-00,08 00,81165606.17030568,CABARRUS - 08-00,08-00,08 00,80921687.922618,80803465.27401188,0.9955382468833666,0.9985390486575222,0.9940902938274461,1,1,True,True
CABARRUS,CABARRUS - 09-00,09-00,09 00,76602085.747795,CABARRUS - 09-00,09-00,09 00,75999612.74098451,75906953.27751674,0.9909254106661414,0.9987807903208196,0.9897282149960079,1,1,True,True
CABARRUS,CABARRUS - 10-00,10-00,10 00,118014999.61550425,CABARRUS - 10-00,10-00,10 00,117620087.78353731,117290920.9130104,0.9938645197233156,0.9972014400198995,0.9911001479473424,1,1,True,True
CABARRUS,CABARRUS - 11-01,11-01,11 01,21139969.988194983,CABARRUS - 11-01,11-01,11 01,21215842.901021212,20952803.388020426,0.9911463166561223,0.9876017411031958,0.9789652892902657,1,1,True,True
CABARRUS,CABARRUS - 11-02,11-02,11 02,30399158.224124208,CABARRUS - 11-02,11-02,11 02,30437564.570468307,30287376.67557753,0.9963228735571378,0.995065705912736,0.9914247119261778,1,1,True,True
CABARRUS,CABARRUS - 12-01,12-01,12 01,1064332.2737966424,CABARRUS - 12-13,12-13,12 13,7281464.43074035,1054321.541269614,0.9905943540626475,0.14479526080201077,0.14459646610071736,1,3,True,False
CABARRUS,CABARRUS - 12-02,12-02,12 02,4198597.237616903,CABARRUS - 12-13,12-13,12 13,7281464.43074035,4100446.6333496612,0.9766230007994404,0.5631348847957971,0.5556450592473815,1,1,True,True
CABARRUS,CABARRUS - 12-03,12-03,12 03,9593641.853178661,CABARRUS - 12-03,12-03,12 03,9759985.990136644,9455648.660005478,0.9856161825420383,0.9688178517429507,0.955311027118524,1,1,True,True
CABARRUS,CABARRUS - 12-04,12-04,12 04,4759533.871911083,CABARRUS - 12-04,12-04,12 04,4705485.8374437615,4653199.534351555,0.9776586656548296,0.9888882243197631,0.9670352101943157,1,1,True,True
CABARRUS,CABARRUS - 12-05,12-05,12 05,6119595.497563668,CABARRUS - 12-05,12-05,12 05,6150942.210899728,6061687.0005542,0.9905372018407881,0.985489180797803,0.9762977539196537,1,1,True,True
CABARRUS,CABARRUS - 12-06,12-06,12 06,2895045.988797596,CABARRUS - 12-14,12-14,12 14,6621255.729267406,2873336.1553171184,0.9925010402029936,0.43395637818614086,0.43253816810824375,1,2,True,False
CABARRUS,CABARRUS - 12-07,12-07,12 07,2119962.026660901,CABARRUS - 12-13,12-13,12 13,7281464.43074035,2080532.01505633,0.9814006047708901,0.2857298878331251,0.28419095937544,1,2,True,False
CABARRUS,CABARRUS - 12-08,12-08,12 08,4589317.466072556,CABARRUS - 12-08,12-08,12 08,4700054.479914655,4573300.065408908,0.9965098512399589,0.9730312882441208,0.9697265396319856,1,1,True,True
CABARRUS,CABARRUS - 12-09,12-09,12 09,13624926.908970859,CABARRUS - 12-09,12-09,12 09,13648354.683967657,13564002.901309602,0.9955284892118472,0.9938196372668171,0.9894031047448164,1,1,True,True
CABARRUS,CABARRUS - 12-10,12-10,12 10,3746645.034110381,CABARRUS - 12-14,12-14,12 14,6621255.729267406,3672316.2729823985,0.9801612481429987,0.5546253495012967,0.5484683642257406,1,1,True,True
CABARRUS,CABARRUS - 12-11,12-11,12 11,3922560.895324945,CABARRUS - 12-11,12-11,12 11,3868458.2890868126,3816640.9234438287,0.9729972396330786,0.9866051636670959,0.9603114431574803,1,1,True,True
CABARRUS,CABARRUS - 12-12,12-12,12 12,6037532.269255462,CABARRUS - 12-12,12-12,12 12,6087098.824296572,6008928.200220695,0.9952622913205076,0.9871579834117592,0.9825408959570169,1,1,True,True
CALDWELL,CALDWELL - PR01,PR01,GAMEWELL 1,46446339.593251996,CALDWELL - 1,1,GAMEWELL,71299048.89602968,46018776.97535754,0.9907944819411221,0.6454332517459446,0.641585821552772,1,1,True,True
CALDWELL,CALDWELL - PR02,PR02,GAMEWELL 2,25147182.544323795,CALDWELL - 1,1,GAMEWELL,71299048.89602968,24170435.652997777,0.9611587942464557,0.3390008145584635,0.3344195022647717,1,2,True,False
CALDWELL,CALDWELL - PR05,PR05,HUDSON 1,25445052.46762796,CALDWELL - 13,13,HUDSON,38566077.60297482,24182830.339863423,0.9503942021982317,0.6270492578689949,0.6071770701574587,1,1,True,True
CALDWELL,CALDWELL - PR06,PR06,HUDSON 2,12497301.234861484,CALDWELL - 13,13,HUDSON,38566077.60297482,12310598.357250948,0.9850605443445882,0.319207944452753,0.3176700666270489,1,2,True,False
CALDWELL,CALDWELL - PR07,PR07,GLOBE JOHN'S RIVER / MULBERRY / WILSON CREEK,355724622.9185476,CALDWELL - 2,2,COLLETTSVILLE,355467273.1586549,353773948.0204516,0.9945163343428643,0.9952363402595221,0.9898046529109368,1,1,True,True
CALDWELL,CALDWELL - PR08,PR08,KINGS CREEK,87700373.96978456,CALDWELL - 3,3,KINGS CREEK,96615603.26058334,85810864.15375237,0.9784549400361373,0.888167762326243,0.8711310659276154,1,1,True,True
CALDWELL,CALDWELL - PR09,PR09,LENOIR 1,3963406.9632698055,CALDWELL - 6,6,FREEDMAN,63678307.57114875,3941800.620114743,0.9945485428684725,0.06190178053508266,0.06188078409992344,1,3,True,False
CALDWELL,CALDWELL - PR12,PR12,LENOIR 4,26880785.208380654,CALDWELL - 6,6,FREEDMAN,63678307.57114875,26718031.125157624,0.9939453374608905,0.4195782228556429,0.41850856537765607,1,2,True,False
CALDWELL,CALDWELL - PR13,PR13,LITTLE RIVER,131303523.79594067,CALDWELL - 4,4,OAK HILL,130829689.97970958,129695500.14147976,0.9877533853778369,0.9913307916696453,0.9792943156639997,1,1,True,True
CALDWELL,CALDWELL - PR14,PR14,LOVELADY RHODHISS,19482393.668697353,CALDWELL - 5,5,GRANITE FALLS,19398871.332281075,19333557.037656173,0.9923604545944311,0.9966330878994896,0.9890447040610646,1,1,True,True
CALDWELL,CALDWELL - PR15,PR15,LOVELADY 2,23503009.26682463,CALDWELL - 14,14,GRACE CHAPEL,37907349.006698586,23403484.153787762,0.9957654310600409,0.6173864637606852,0.6157697704909457,1,1,True,True
CALDWELL,CALDWELL - PR16,PR16,LOWER CREEK 1,3957923.878741826,CALDWELL - 6,6,FREEDMAN,63678307.57114875,3925297.5191660402,0.9917566985684027,0.061642616911265186,0.06161104973652048,1,4,True,False
CALDWELL,CALDWELL - PR17,PR17,LOWER CREEK 2,10587007.45614119,CALDWELL - 7,7,LENOIR,28486589.68551182,10542166.108210333,0.9957644926466122,0.3700746991687826,0.36949307224910993,1,2,True,False
CALDWELL,CALDWELL - PR18,PR18,LOWER CREEK 3,64611103.98816268,CALDWELL - 8,8,HIBRITEN,55034422.08721987,54484790.007620186,0.8432728531863853,0.9900129399246055,0.8361598302229123,1,1,True,True
CALDWELL,CALDWELL - PR19,PR19,LOWER CREEK 4,28011557.0981805,CALDWELL - 6,6,FREEDMAN,63678307.57114875,27555812.161276802,0.9837301105644962,0.43273468175152535,0.42965961269665576,1,1,True,True
CALDWELL,CALDWELL - PR21,PR21,NORTH CATAWBA 1,32174043.684572347,CALDWELL - 9,9,BATON,32341042.753134318,31916620.42945073,0.9919990394230411,0.9868766654519062,0.9790835072229315,1,1,True,True
CALDWELL,CALDWELL - PR22,PR22,NORTH CATAWBA 2,16482053.354055125,CALDWELL - 10,10,CAJAHS MOUNTAIN,16329785.042205848,15830797.296990046,0.9604869585678869,0.9694430916312663,0.9322630576325345,1,1,True,True
CALDWELL,CALDWELL - PR23,PR23,PATTERSON,93604044.9259717,CALDWELL - 12,12,PATTERSON,219735930.88084128,93512930.87379916,0.9990266013371046,0.42556959391638816,0.4253932035628037,1,2,True,False
CALDWELL,CALDWELL - PR24,PR24,SAWMILLS 1,14779198.840572074,CALDWELL - 11,11,SAWMILLS,28030665.981282417,14569064.508638412,0.9857817508106869,0.5197544902560275,0.5158870976407991,1,1,True,True
CALDWELL,CALDWELL - PR25,PR25,SAWMILLS 2,13366240.574190287,CALDWELL - 11,11,SAWMILLS,28030665.981282417,13272955.85050608,0.9930208705158027,0.47351553685414205,0.4719449265768379,1,2,True,False
CALDWELL,CALDWELL - PR27,PR27,YADKIN VALLEY,125287681.7517874,CALDWELL - 12,12,PATTERSON,219735930.88084128,124957260.54835622,0.9973626999972289,0.568670130767636,0.5678162943351964,1,1,True,True
CALDWELL,CALDWELL - PR28,PR28,LOVELADY 1,49244339.83471509,CALDWELL - 15,15,DUDLEY SHOALS,35517002.947512515,34451792.86727113,0.6996091933185818,0.97000844688907,0.6847962847115234,1,1,True,True
CALDWELL,CALDWELL - PR29,PR29,LENOIR 29,18223152.928373463,CALDWELL - 7,7,LENOIR,28486589.68551182,17689647.214479245,0.9707237427029684,0.6209815709697303,0.6095654397759597,1,1,True,True
CAMDEN,CAMDEN - CH,CH,COURTHOUSE,147262041.99927846,CAMDEN - CH,CH,COURTHOUSE,147069284.8454722,146794850.86732817,0.9968274843564061,0.9981339816914703,0.9949732762343612,1,1,True,True
CAMDEN,CAMDEN - SH,SH,SHILOH,337989363.06938446,CAMDEN - SH,SH,SHILOH,350730845.3857999,337442079.1009394,0.9983807657037636,0.9621112130293444,0.9606122639096821,1,1,True,True
CAMDEN,CAMDEN - SM,SM,SOUTH MILLS,306514535.9540569,CAMDEN - SM,SM,SOUTH MILLS,305761958.5330841,305634219.81889844,0.997127979159558,0.9995822282314043,0.9967126031450335,1,1,True,True
CARTERET,CARTERET - ABCH,ABCH,ATLANTIC BEACH,72669624.41275345,CARTERET - ABCH,ABCH,ATLANTIC BEACH,72658912.50854,72634614.9565126,0.9995182381012182,0.9996655943340117,0.9991841545116115,1,1,True,True
CARTERET,CARTERET - ATLN,ATLN,ATLANTIC,98433606.21064135,CARTERET - ASCI,ASCI,ATLANTIC/SEA LEVEL/CEDAR ISLAND,1081744613.5697494,98430441.63952278,0.9999678507042421,0.09099231038895866,0.09099204419785266,1,2,True,False
CARTERET,CARTERET - BCRK,BCRK,BROAD CREEK,24715313.393988147,CARTERET - BCRK,BCRK,BROAD CREEK,24783940.529865403,24601852.163793113,0.9954092740647734,0.9926529695367503,0.9881292996307176,1,1,True,True
CARTERET,CARTERET - BETT,BETT,BETTIE,32907253.162681866,CARTERET - OTBEG,OTBEG,OTWAY/STRAITS/BETTIE/GLOUCESTER,86492871.93060802,32258588.980019677,0.9802881091455606,0.37296239863442476,0.37018614106238174,1,2,True,False
CARTERET,CARTERET - BFT1,BFT1,BEAUFORT 1,19687994.756687112,CARTERET - BFT1,BFT1,BEAUFORT 1,19708333.380414475,19634983.974900648,0.9973074565265994,0.9962782542745741,0.9936056886483464,1,1,True,True
CARTERET,CARTERET - BFT2,BFT2,BEAUFORT 2,40154677.428297535,CARTERET - BFT2,BFT2,BEAUFORT 2,37200703.13448711,37172076.78978694,0.9257222114699715,0.9992304891497165,0.925062732516428,1,1,True,True
CARTERET,CARTERET - BOGU,BOGU,BOGUE,58260492.70226567,CARTERET - BOGE,BOGE,BOGUE,58568772.777442366,57747384.10062274,0.9911928550919554,0.9859756549801573,0.977412749098153,1,1,True,True
CARTERET,CARTERET - CCCP,CCCP,CAPE CARTERET/CEDAR POINT,23618726.66473812,CARTERET - CAPE,CAPE,CAPE CARTERET/CEDAR POINT,23847128.121032383,22951643.130014066,0.9717561600930847,0.9624489378145065,0.9362586671076795,1,1,True,True
CARTERET,CARTERET - CDIS,CDIS,CEDAR ISLAND,921246787.3489597,CARTERET - ASCI,ASCI,ATLANTIC/SEA LEVEL/CEDAR ISLAND,1081744613.5697494,892404877.7543168,0.9686925262690573,0.8249681732265689,0.8035437664159557,1,1,True,True
CARTERET,CARTERET - DAVI,DAVI,DAVIS,487912532.3385569,CARTERET - DASW,DASW,DAVIS/STACY/WILLISTON,622389787.2266039,487887353.0033339,0.9999483937518426,0.7838935712254876,0.7838618593932385,1,1,True,True
CARTERET,CARTERET - EMIS,EMIS,EMERALD ISLE,161436274.1380457,CARTERET - ISLE,ISLE,EMERALD ISLE,161840473.23885107,160274369.9683556,0.9928027069759021,0.9903231667632104,0.9832640021356976,1,1,True,True
CARTERET,CARTERET - HAIS,HAIS,HARKERS ISLAND,274889247.10702354,CARTERET - HAIS,HAIS,HARKERS ISLAND,274770054.79506797,274749811.33177066,0.9994927565311473,0.9999263258024518,0.9994191570534036,1,1,True,True
CARTERET,CARTERET - HARL,HARL,HARLOWE,69516920.93729024,CARTERET - WIHA,WIHA,WIREGRASS/HARLOWE,103047771.78697398,69394847.16090627,0.9982439703206348,0.6734240436014775,0.6726272272869692,1,1,True,True
CARTERET,CARTERET - IBSP,IBSP,INDIAN BEACH/SALTER PATH,43753969.54933705,CARTERET - IBPK,IBPK,INDIAN BEACH/SALTER PATH/PINE KNOLL,106670756.83919524,42993868.98604204,0.982627849058634,0.40305206656454806,0.40020037096944405,1,2,True,False
CARTERET,CARTERET - MARS,MARS,MARSHALLBERG,9963934.05778268,CARTERET - MASM,MASM,MARSHALLBERG/SMYRNA,125908795.15240622,9935415.227061754,0.9971377941126929,0.07890962037271056,0.0788917510849317,1,2,True,False
CARTERET,CARTERET - MCRK,MCRK,MILL CREEK,33513883.063461132,CARTERET - MCRK,MCRK,MILL CREEK,33623697.050169244,33344917.916419324,0.9949583536255151,0.9917088494660786,0.9867502513362595,1,1,True,True
CARTERET,CARTERET - MERR,MERR,MERRIMON,198384473.72303784,CARTERET - MERR,MERR,MERRIMON,197149582.6236311,197004144.1522511,0.9930421491920088,0.9992622937901033,0.992314669233961,1,1,True,True
CARTERET,CARTERET - MHD1,MHD1,MOREHEAD 1,22224495.13774474,CARTERET - MHD1,MHD1,MOREHEAD 1,22329920.212857943,22215682.819431584,0.9996034862318115,0.9948841109893183,0.9944916430881736,1,1,True,True
CARTERET,CARTERET - MHD2,MHD2,MOREHEAD 2,7641701.725324573,CARTERET - MHD2,MHD2,MOREHEAD 2,7685468.96842588,7539689.84487979,0.9866506330511807,0.9810318506072964,0.9681808522165668,1,1,True,True
CARTERET,CARTERET - MHD3,MHD3,MOREHEAD 3,16189610.439607652,CARTERET - MHD3,MHD3,MOREHEAD 3,16055464.035303054,15896997.41100754,0.9819258758762819,0.9901300501843439,0.9724077852623035,1,1,True,True
CARTERET,CARTERET - MHD4,MHD4,MOREHEAD 4,12646174.585535355,CARTERET - MHD4,MHD4,MOREHEAD 4,12780758.265286885,12631947.897003697,0.9988750203917056,0.9883566870451369,0.9872577375117437,1,1,True,True
CARTERET,CARTERET - NPT1,NPT1,NEWPORT 1,63904217.91491513,CARTERET - NPT1,NPT1,NEWPORT 1,63729436.208149076,63518271.38073942,0.9939605467875442,0.9966865417305755,0.9906869251021223,1,1,True,True
CARTERET,CARTERET - NPT2,NPT2,NEWPORT 2,65774028.06035729,CARTERET - NPT2,NPT2,NEWPORT 2,64925826.933036566,64758228.55240313,0.9845562216894788,0.9974186176972949,0.9820538565325412,1,1,True,True
CARTERET,CARTERET - NRIV,NRIV,NORTH RIVER,58217610.18326506,CARTERET - NRIV,NRIV,NORTH RIVER,61705202.36947046,58101422.72695894,0.9980042558267099,0.9415968264566531,0.9398271842593452,1,1,True,True
CARTERET,CARTERET - OTST,OTST,OTWAY/STRAITS,52309925.10932315,CARTERET - OTBEG,OTBEG,OTWAY/STRAITS/BETTIE/GLOUCESTER,86492871.93060802,52249894.50770446,0.9988524051316603,0.6040948039004161,0.6036758211343631,1,1,True,True
CARTERET,CARTERET - PELE,PELE,PELETIER,31044671.256875202,CARTERET - PELE,PELE,PELETIER,31317121.94765463,30853102.249094393,0.993829246694362,0.9851831946966318,0.9791934007265396,1,1,True,True
CARTERET,CARTERET - PKNL,PKNL,PINE KNOLL SHORES,63661887.668051615,CARTERET - IBPK,IBPK,INDIAN BEACH/SALTER PATH/PINE KNOLL,106670756.83919524,63638957.734692395,0.9996398169423002,0.5965923522097747,0.5964641363490935,1,1,True,True
CARTERET,CARTERET - SLVL,SLVL,SEA LEVEL,90665114.47258346,CARTERET - ASCI,ASCI,ATLANTIC/SEA LEVEL/CEDAR ISLAND,1081744613.5697494,90655302.68317133,0.9998917798817196,0.08380471836509497,0.08380395823485738,1,3,True,False
CARTERET,CARTERET - SMYR,SMYR,SMYRNA,117745478.31652479,CARTERET - MASM,MASM,MARSHALLBERG/SMYRNA,125908795.15240622,115754555.50767016,0.9830913013618867,0.9193524198810349,0.9050415227868657,1,1,True,True
CARTERET,CARTERET - STAC,STAC,STACY,93168079.67682028,CARTERET - DASW,DASW,DAVIS/STACY/WILLISTON,622389787.2266039,93031044.87577865,0.9985291657666769,0.14947392580191435,0.1494410225936374,1,2,True,False
CARTERET,CARTERET - STEL,STEL,STELLA,98335203.79746015,CARTERET - STEL,STEL,STELLA,102745051.30731365,97638742.41120811,0.9929174765561422,0.9503011694370329,0.9439028864596395,1,1,True,True
CARTERET,CARTERET - WILD,WILD,WILDWOOD,32341014.150278706,CARTERET - WILD,WILD,WILDWOOD,32070862.17123637,31933272.549125794,0.9873924299572592,0.9957098246571626,0.9832095238118861,1,1,True,True
CARTERET,CARTERET - WILL,WILL,WILLISTON,41423660.006767355,CARTERET - DASW,DASW,DAVIS/STACY/WILLISTON,622389787.2266039,41367817.1281518,0.9986519086288745,0.0664660924345957,0.06646012941107626,1,3,True,False
CARTERET,CARTERET - WIRE,WIRE,WIREGRASS,33590302.48743473,CARTERET - WIHA,WIHA,WIREGRASS/HARLOWE,103047771.78697398,33463818.23487736,0.996234500936552,0.3247408231597244,0.3243427141559001,1,2,True,False
CASWELL,CASWELL - ANDE,ANDE,ANDERSON,64410919.13014318,CASWELL - ANDE,ANDE,ANDERSON,67095194.401582986,64266460.51749762,0.9977572341057006,0.9578399927250434,0.9557821558641628,1,1,True,True
CASWELL,CASWELL - HIGH,HIGH,HIGHTOWERS,94778906.90647635,CASWELL - PH,PH,PROSPECT HILL,181195578.3841638,94556126.01088569,0.9976494675570536,0.5218456590061568,0.5212048349807658,1,1,True,True
CASWELL,CASWELL - LEAS,LEAS,LEASBURG,89190670.46564524,CASWELL - LEAS,LEAS,LEASBURG,89288590.57888728,89078805.06276542,0.9987457723739961,0.9976504779080758,0.9964021333507818,1,1,True,True
CASWELL,CASWELL - LOCU,LOCU,LOCUST HILL,128912435.62717421,CASWELL - LOCU,LOCU,LOCUST HILL,128717211.85121122,127833882.09565708,0.991633440743945,0.9931374387088557,0.9848848436519767,1,1,True,True
CASWELL,CASWELL - MILT,MILT,MILTON,172637760.6272225,CASWELL - MILT,MILT,MILTON,172706250.53064874,172281696.68536547,0.9979375083379013,0.9975417574987656,0.995489383176692,1,1,True,True
CASWELL,CASWELL - PELH,PELH,PELHAM,162334422.94511518,CASWELL - PELH,PELH,PELHAM,163241033.0272817,161488600.59255564,0.9947896303370881,0.9892647552994033,0.9841653691194768,1,1,True,True
CASWELL,CASWELL - PROS,PROS,PROSPECT HILL,88318298.09438689,CASWELL - PH,PH,PROSPECT HILL,181195578.3841638,86229194.3217975,0.9763457424150459,0.47589016846193527,0.47046590750039047,1,2,True,False
CASWELL,CASWELL - PROVI,PROVI,PROVIDENCE,41267786.08194262,CASWELL - PROVI,PROVI,PROVIDENCE,40746752.84037361,40569083.28327316,0.98306905058386,0.9956396634157211,0.9788548022392995,1,1,True,True
CASWELL,CASWELL - STON,STON,STONEY CREEK,111808978.77567552,CASWELL - STON,STON,STONEY CREEK,111972300.86723237,111212375.33895546,0.9946640829452791,0.993213272189718,0.9879493455729644,1,1,True,True
CASWELL,CASWELL - YAN2 & YAN4,YAN2 & YAN4,YANCEYVILLE 2 & 4,155964823.76220644,CASWELL - YANC,YANC,YANCEYVILLE 2,155374191.9776063,155248107.55012286,0.9954046291029295,0.9991885111299461,0.994600578282607,1,1,True,True
CATAWBA,CATAWBA - 01,01,BALLS CREEK,70193645.31203918,CATAWBA - 01,01,BALLS CREEK,70507477.72674496,69870739.99307372,0.9953997927087271,0.9909692169653416,0.9864515337716385,1,1,True,True
CATAWBA,CATAWBA - 02,02,BANOAK,84206548.07650132,CATAWBA - 02,02,BANOAK,87042998.7531414,84105515.83923885,0.9988001855013616,0.9662525078871259,0.9651322630290122,1,1,True,True
CATAWBA,CATAWBA - 03,03,BLACKBURN,77136336.58135831,CATAWBA - 03,03,BLACKBURN,77615784.72939962,76903107.83830684,0.9969764088704748,0.9908178871916652,0.9878494846376058,1,1,True,True
CATAWBA,CATAWBA - 04,04,BROOKFORD,7512625.273930102,CATAWBA - 04,04,BROOKFORD,7539819.074801329,7422383.7999989,0.9879880240740407,0.984424656130688,0.9727817692392849,1,1,True,True
CATAWBA,CATAWBA - 05,05,CATAWBA,61705473.65265995,CATAWBA - 05,05,CATAWBA,61668670.68591625,61463522.22261909,0.9960789308351669,0.9966733762700675,0.9927783007494155,1,1,True,True
CATAWBA,CATAWBA - 06,06,CLAREMONT,28446551.45652649,CATAWBA - 06,06,CLAREMONT,28421234.20708425,28251118.248378124,0.9931298101828955,0.9940144767300879,0.9872260049868731,1,1,True,True
CATAWBA,CATAWBA - 07,07,CONOVER WEST,21255438.88859656,CATAWBA - 07,07,CONOVER WEST,21168782.72968205,21045318.143846046,0.9901144951251398,0.9941676105134337,0.9843965182318422,1,1,True,True
CATAWBA,CATAWBA - 08,08,CONOVER EAST,11612295.997057855,CATAWBA - 08,08,CONOVER EAST,11639865.887882825,11562850.096768752,0.9957419359356986,0.9933834468664929,0.9891814254170943,1,1,True,True
CATAWBA,CATAWBA - 09,09,MAIDEN EAST,37707210.26068326,CATAWBA - 09,09,EAST MAIDEN,39034551.42439428,37601608.82157132,0.9971994364371726,0.9632904042563826,0.9606914145864406,1,1,True,True
CATAWBA,CATAWBA - 10,10,NEWTON EAST,1805294.7464418127,CATAWBA - 10,10,EAST NEWTON,1822988.6580237863,1789742.6786375607,0.9913853026853899,0.9817629258196998,0.9734582723651661,1,1,True,True
CATAWBA,CATAWBA - 11,11,COLLEGE PARK,1703082.555094719,CATAWBA - 11,11,COLLEGE PARK,1689462.268408816,1650793.757582062,0.9692975555669708,0.9771119417403898,0.9477782387397073,1,1,True,True
CATAWBA,CATAWBA - 12,12,KENWORTH,4922475.900474033,CATAWBA - 12,12,KENWORTH,4869811.481878432,4827450.553360705,0.9806956196364157,0.9913013206619269,0.9723281387962643,1,1,True,True
CATAWBA,CATAWBA - 13,13,GREENMONT,4459755.89498848,CATAWBA - 13,13,GREENMONT,4039992.2269626902,3958797.449744233,0.8876713306647154,0.9799022441982518,0.8717992630869577,1,1,True,True
CATAWBA,CATAWBA - 14,14,OAKWOOD,3173459.5884335525,CATAWBA - 14,14,OAKWOOD,3156386.9634676576,3091481.9679273968,0.9741677439961917,0.9794369333381877,0.9546429649171323,1,1,True,True
CATAWBA,CATAWBA - 15,15,RIDGEVIEW,1102709.3082002886,CATAWBA - 15,15,RIDGEVIEW,1099985.2670859697,1069271.4719062345,0.9696766536335607,0.9720779940434104,0.9434001025014578,1,1,True,True
CATAWBA,CATAWBA - 16,16,HIGHLAND,4741035.990511875,CATAWBA - 16,16,HIGHLAND,4764629.761925324,4678099.656521821,0.986725193793929,0.9818390704572737,0.9690389657181452,1,1,True,True
CATAWBA,CATAWBA - 17,17,LONGVIEW NORTH,5316387.12727823,CATAWBA - 17,17,LONGVIEW NORTH,5064604.869900943,4842258.607403923,0.9108175329366879,0.9560980040479705,0.8742537808992484,1,1,True,True
CATAWBA,CATAWBA - 19,19,LONGVIEW SOUTH,14130880.830591025,CATAWBA - 19,19,LONGVIEW SOUTH,14545633.182143606,14103244.45221027,0.9980442564966703,0.9695861483378793,0.9677474497838646,1,1,True,True
CATAWBA,CATAWBA - 20,20,MAIDEN,32604897.126269445,CATAWBA - 20,20,MAIDEN,32980117.226527207,32321380.001446754,0.9913044619118192,0.9800262315456355,0.971673138901465,1,1,True,True
CATAWBA,CATAWBA - 21,21,MONOGRAM,54984352.406155735,CATAWBA - 21,21,MONOGRAM,55156197.242185995,54769012.507753104,0.9960836149017094,0.9929802133977295,0.9891185135188552,1,1,True,True
CATAWBA,CATAWBA - 22,22,MOUNT OLIVE,27445898.069663193,CATAWBA - 22,22,MOUNT OLIVE,27390478.646835323,27247178.95926087,0.9927596061933214,0.994768266395702,0.9876031626223327,1,1,True,True
CATAWBA,CATAWBA - 23,23,MOUNTAIN VIEW 1,26205025.427831765,CATAWBA - 23,23,MOUNTAIN VIEW 1,26044125.495487083,25854760.026032716,0.9866336553359326,0.9927290524887395,0.9795550928470601,1,1,True,True
CATAWBA,CATAWBA - 24,24,MOUNTAIN VIEW 2,49374939.90555167,CATAWBA - 24,24,MOUNTAIN VIEW 2,49137819.41513076,48793920.70089137,0.988232508115013,0.9930013436018796,0.9813970329039117,1,1,True,True
CATAWBA,CATAWBA - 25,25,NEWTON NORTH,9078836.494076489,CATAWBA - 25,25,NORTH NEWTON,9166435.616937611,9024951.783436608,0.9940647999691328,0.9845650109362497,0.9788110892897565,1,1,True,True
CATAWBA,CATAWBA - 26,26,OAKLAND HEIGHTS,3243302.3919498012,CATAWBA - 26,26,OAKLAND HEIGHTS,4099314.880751337,3199864.0548810908,0.986606756996656,0.7805850850605085,0.7724003547005599,1,1,True,True
CATAWBA,CATAWBA - 27,27,OXFORD,66337560.580860384,CATAWBA - 27,27,OXFORD,66237737.42172803,66077708.04697985,0.9960828747453897,0.9975840150799643,0.993685757500249,1,1,True,True
CATAWBA,CATAWBA - 28,28,ST STEPHENS 1,12832123.124161098,CATAWBA - 28,28,ST STEPHENS 1,12848902.286294654,12732456.765459243,0.9922330577927361,0.9909373175824041,0.9833099792369117,1,1,True,True
CATAWBA,CATAWBA - 29,29,ST STEPHENS 2,13939885.291360993,CATAWBA - 29,29,ST STEPHENS 2,22807321.423004635,13883070.853602054,0.9959243253031538,0.608711150078276,0.6071985811379975,1,1,True,True
CATAWBA,CATAWBA - 30,30,SANDY RIDGE,7337552.626642038,CATAWBA - 30,30,SANDY RIDGE,7288529.115989567,7239186.490036903,0.9865941490834457,0.9932300982588632,0.9800039451614107,1,1,True,True
CATAWBA,CATAWBA - 31,31,SHERRILLS FORD,86801851.50868304,CATAWBA - 31,31,SHERRILLS FORD,86247427.16121002,85790854.4945018,0.9883528174041298,0.9947062459514902,0.983181341002221,1,1,True,True
CATAWBA,CATAWBA - 32,32,NEWTON SOUTH,21735791.57257863,CATAWBA - 32,32,SOUTH NEWTON,21849424.025470536,21578109.49403749,0.9927455101869826,0.9875825316440028,0.9805064506007002,1,1,True,True
CATAWBA,CATAWBA - 33,33,SPRINGS,50756088.2643546,CATAWBA - 33,33,SPRINGS,41806652.530315734,41677154.17402043,0.8211262057263345,0.9969024461788373,0.8190365276659186,1,1,True,True
CATAWBA,CATAWBA - 34,34,STARTOWN,66195047.286404334,CATAWBA - 34,34,STARTOWN,61250771.11844583,60374345.1221298,0.9120674068093001,0.9856911842853177,0.9001493804622308,1,1,True,True
CATAWBA,CATAWBA - 35,35,SWEETWATER,28599038.043036785,CATAWBA - 35,35,SWEETWATER,37707861.93640557,28426058.16196995,0.9939515489714539,0.7538496404253996,0.7504072454075855,1,1,True,True
CATAWBA,CATAWBA - 36,36,VIEWMONT 1,5509801.085036891,CATAWBA - 36,36,VIEWMONT 1,5503540.5052417,5428016.274101782,0.9851564857473323,0.9862771553933349,0.971835294603268,1,1,True,True
CATAWBA,CATAWBA - 37,37,VIEWMONT 2,4758435.340129656,CATAWBA - 37,37,VIEWMONT 2,4752018.745540314,4699064.367210237,0.9875230052158698,0.9888564458253087,0.9766542812321896,1,1,True,True
CATAWBA,CATAWBA - 38,38,FALLING CREEK,8424531.861130714,CATAWBA - 38,38,FALLING CREEK,8435276.592794139,8345912.023998875,0.9906677500390761,0.9894058519821859,0.9802693857847924,1,1,True,True
CATAWBA,CATAWBA - 39,39,NORTHWEST,7428687.783127641,CATAWBA - 39,39,NORTHWEST,7433075.752153494,7347629.316385697,0.9890884542319778,0.9885045654562256,0.9778411061528497,1,1,True,True
CATAWBA,CATAWBA - 40,40,NEWTON WEST,11008487.207739133,CATAWBA - 40,40,WEST NEWTON,7546112.964129008,7489604.720258341,0.6803482239587866,0.9925116090708842,0.6768737278756594,1,1,True,True
CATAWBA,CATAWBA - 41,41,LAKE NORMAN,35259864.45554309,CATAWBA - 41,41,LAKE NORMAN,36114639.36271732,34832722.07198207,0.9878858756221375,0.9645042200792782,0.9532299851670386,1,1,True,True
CHATHAM,CHATHAM - 15,15,BYNUM,41486816.623424895,CHATHAM - 15,15,BYNUM,41418991.04923915,41312792.96933201,0.9958053264083264,0.9974360051460236,0.993262769337622,1,1,True,True
CHATHAM,CHATHAM - 18,18,GOLDSTON,191932214.4362942,CHATHAM - GLD118,GLD118,GOLDSTON,239624722.51531148,191613579.66995683,0.9983398578124407,0.7996402777585404,0.7985783888363208,1,1,True,True
CHATHAM,CHATHAM - 20,20,THREE RIVERS,179310384.02747574,CHATHAM - MON113,MON113,MONCURE,215327138.97447926,178831335.62722722,0.9973283845057455,0.8305099695232678,0.8286663964675993,1,1,True,True
CHATHAM,CHATHAM - 21,21,HADLEY,94872725.11563829,CHATHAM - 21,21,HADLEY,94707109.92708175,94586553.4468643,0.996983625500109,0.9987270598763888,0.9957183482646509,1,1,True,True
CHATHAM,CHATHAM - 24,24,HARPERS CROSSROADS,69206511.68770224,CHATHAM - CRD118,CRD118,CROSSROADS,141662572.7074724,69176731.66843441,0.9995696933924049,0.48832045293488785,0.48821782077290155,1,2,True,False
CHATHAM,CHATHAM - 3,3,ALBRIGHT,134201102.16300072,CHATHAM - 3,3,ALBRIGHT,134205266.00898175,134079746.473815,0.9990957176414369,0.9990647197468514,0.9981621273487603,1,1,True,True
CHATHAM,CHATHAM - 30,30,HICKORY MOUNTAIN,132349993.279927,CHATHAM - 30,30,HICKORY MOUNTAIN,132219710.35606392,131954466.51636545,0.9970115090015532,0.9979939160433481,0.9950173855010042,1,1,True,True
CHATHAM,CHATHAM - 42,42,NEW HOPE,115658668.51453164,CHATHAM - 42,42,JORDAN LAKE,112080910.6113113,106657983.35864103,0.9221788969949992,0.9516159600855082,0.8808769217388537,1,1,True,True
CHATHAM,CHATHAM - 45,45,OAKLAND,75326096.25673644,CHATHAM - GLD118,GLD118,GOLDSTON,239624722.51531148,47396803.06685738,0.6292215503284981,0.19779596432846713,0.1771485393031157,1,2,True,False
CHATHAM,CHATHAM - 6,6,BENNETT,72106845.93297982,CHATHAM - CRD118,CRD118,CROSSROADS,141662572.7074724,71980143.12856117,0.998242846393026,0.5081098115957368,0.5076557649984226,1,1,True,True
CHATHAM,CHATHAM - 75,75,WILLIAMS EAST,68010636.01389033,CHATHAM - 75,75,EAST WILLIAMS,64419148.347201474,64334129.384830035,0.9459421813330873,0.9986802221924262,0.9447611511667962,1,1,True,True
CHATHAM,CHATHAM - 78,78,WILLIAMS WEST,53779698.39620378,CHATHAM - 78,78,WEST WILLIAMS,48439809.034651525,47996659.6555447,0.892467996044632,0.9908515457030431,0.8851740848144666,1,1,True,True
CHATHAM,CHATHAM - 85,85,SILER CITY WEST,92699776.65668042,CHATHAM - 85,85,WEST SILER CITY,92770403.60544573,92476603.51713823,0.9975925169661548,0.9968330407447936,0.9944407641264583,1,1,True,True
CHATHAM,CHATHAM - 9,9,BONLEE,90204090.57283667,CHATHAM - 9,9,BONLEE,90206320.35229696,89869625.00110318,0.9962921241197658,0.9962674971124104,0.9925871979563946,1,1,True,True
CHATHAM,CHATHAM - ESC114,ESC114,EAST SILER CITY,104602880.79064143,CHATHAM - ESC114,ESC114,EAST SILER CITY,104533223.84556465,104299047.19812423,0.9970953611389985,0.9977597873783517,0.9948681291414977,1,1,True,True
CHATHAM,CHATHAM - MCH110,MCH110,MANNS CHAPEL,83127218.37729332,CHATHAM - WCL108,WCL108,WEST CHAPEL,66387749.589763515,66317020.525916845,0.7977774526860835,0.9989346066965106,0.7970992382093814,1,1,True,True
CHATHAM,CHATHAM - NWM117,NWM117,NORTH WILLIAMS,44902810.17322067,CHATHAM - NWM117,NWM117,NORTH WILLIAMS,48057216.82916142,44158632.21640999,0.9834269179603708,0.9188761882193364,0.9048641418975042,1,1,True,True
CHATHAM,CHATHAM - PIT113,PIT113,PITTSBORO,192654724.6622143,CHATHAM - WPP114,WPP114,WEST PITTSBORO,102770301.79143848,102691272.78539717,0.5330327245565766,0.9992310131948267,0.5328141585524001,1,1,True,True
CHEROKEE,CHEROKEE - ANNW,ANNW,ANDREWS NORTH WARD,75408582.26095642,CHEROKEE - ANNW,ANNW,ANDREWS NORTH WARD,79514987.6858865,75267473.68912978,0.998128746522003,0.9465822215361969,0.9449053773061545,1,1,True,True
CHEROKEE,CHEROKEE - ANSW,ANSW,ANDREWS SOUTH WARD,51497651.76169016,CHEROKEE - ANSW,ANSW,ANDREWS SOUTH WARD,53297014.13009143,51228356.378129125,0.9947707249874767,0.9611862355569682,0.9563540375144293,1,1,True,True
CHEROKEE,CHEROKEE - BEAV,BEAV,BEAVERDAM,245071686.96907964,CHEROKEE - UNKA,UNKA,UNAKA,206356604.80716932,206122776.8351883,0.8410713590966326,0.9988668743014089,0.840269640430682,1,1,True,True
CHEROKEE,CHEROKEE - BELL,BELL,BELLVIEW,23740310.42640615,CHEROKEE - BELL,BELL,BELLVIEW,24095725.6231388,23691503.94519501,0.9979441515155232,0.9832243409364017,0.9812368217699566,1,1,True,True
CHEROKEE,CHEROKEE - BRAS & MURS,BRAS & MURS,BRASSTOWN & MURPHY SOUTH,101578123.29969887,CHEROKEE - MURS,MURS,MURPHY SOUTH,63716882.391887024,63354164.43304502,0.6236989065659656,0.994307349242056,0.6214797097109207,1,1,True,True
CHEROKEE,CHEROKEE - HANG & MURN,HANG & MURN,HANGING DOG & MURPHY NORTH,178639738.23612142,CHEROKEE - HANG,HANG,HANGING DOG,115127940.290676,114748971.47843768,0.6423485200519351,0.9967082811411244,0.6409887177178618,1,1,True,True
CHEROKEE,CHEROKEE - HIWA,HIWA,HIWASSEE DAM,184507456.64622098,CHEROKEE - HIWA,HIWA,HIWASSEE DAM,184298265.60890964,184125257.2282801,0.9979285421581973,0.999061258769539,0.9969936842075325,1,1,True,True
CHEROKEE,CHEROKEE - HOTH,HOTH,HOT HOUSE,75031070.13305038,CHEROKEE - HOTH,HOTH,HOT HOUSE,75227199.73237729,74829057.98525521,0.9973076200641021,0.9947074761716709,0.9920434818294183,1,1,True,True
CHEROKEE,CHEROKEE - MARB,MARB,MARBLE,72918553.1365791,CHEROKEE - MARB,MARB,MARBLE,73078293.45767294,72765801.874136,0.997905179739963,0.9957238795714636,0.9936469178098145,1,1,True,True
CHEROKEE,CHEROKEE - NOTL,NOTL,NOTLA,93214555.15353072,CHEROKEE - RGER,RGER,RANGER,57137409.011691585,57053054.800176285,0.6120616539574321,0.9985236605408895,0.6115082715163115,1,1,True,True
CHEROKEE,CHEROKEE - PCHT,PCHT,PEACHTREE,63548934.417767435,CHEROKEE - PCHT,PCHT,PEACHTREE,65000638.4499687,63363782.664633825,0.9970864695870991,0.9748178506493475,0.9720490074172367,1,1,True,True
CHEROKEE,CHEROKEE - TOPT,TOPT,TOPTON,43535269.23570935,CHEROKEE - TOPT,TOPT,TOPTON,37692626.15489629,37606428.13150495,0.8638152190559711,0.9977131329868842,0.8621082804971257,1,1,True,True
CHOWAN,CHOWAN - 1,1,EDENTON EAST,62850752.27734522,CHOWAN - 1,1,EAST EDENTON,62968599.91151706,62770596.44722597,0.9987246639504721,0.996855520615524,0.9955881874092776,1,1,True,True
CHOWAN,CHOWAN - 2,2,EDENTON WEST,96192093.71124178,CHOWAN - 2,2,WEST EDENTON,96369883.87191372,96067402.57098955,0.9987037277655423,0.9968612465972648,0.9955730937089203,1,1,True,True
CHOWAN,CHOWAN - 3,3,ROCKY HOCK,83388111.62091523,CHOWAN - 3,3,ROCKY HOCK,83284611.93123229,83129712.21410288,0.9969012440527848,0.9981401160005727,0.9950528581945725,1,1,True,True
CHOWAN,CHOWAN - 4,4,CENTER HILL,84863729.00982793,CHOWAN - 4,4,CENTER HILL,84995909.77101168,84738276.3169632,0.9985217159989493,0.9969688723287676,0.9954995298967894,1,1,True,True
CHOWAN,CHOWAN - 5,5,WARDVILLE,97191270.5980676,CHOWAN - 5,5,WARDVILLE,97332545.66275218,96938985.01744218,0.9974042362130573,0.9959565359908119,0.9933816944938432,1,1,True,True
CHOWAN,CHOWAN - 6,6,YEOPIM,179789747.01858485,CHOWAN - 6,6,YEOPIM,180194883.05257225,179640251.55982432,0.9991684984197399,0.9969220463791632,0.9960956534530173,1,1,True,True
CLAY,CLAY - BRAS,BRAS,BRASSTOWN,38496087.40453648,CLAY - BRAS,BRAS,BRASSTOWN,38566802.11060371,38359618.73233113,0.9964549988997253,0.9946279347279452,0.9911208524879872,1,1,True,True
CLAY,CLAY - HAY1,HAY1,HAYESVILLE 1,39303345.735275015,CLAY - HAY1,HAY1,HAYESVILLE ONE,39316469.73421927,39220807.315714985,0.9978999645445973,0.9975668614412493,0.9954770222293725,1,1,True,True
CLAY,CLAY - HAY2,HAY2,HAYESVILLE 2,34626062.455627024,CLAY - HAY2,HAY2,HAYESVILLE TWO,35095037.36051325,34532291.102894686,0.9972918851846783,0.9839650759781858,0.9813429998241524,1,1,True,True
CLAY,CLAY - HAYC,HAYC,HAYESVILLE CENTRAL,7967446.652964087,CLAY - HAYC,HAYC,HAYESVILLE CENTRAL,7559977.335558802,7519380.535538578,0.9437628970808588,0.9946300368085399,0.9389784882768556,1,1,True,True
CLAY,CLAY - HIAW,HIAW,HIAWASSEE,42357398.525635354,CLAY - HIAW,HIAW,HIAWASSEE,43414120.602818,42274730.00868773,0.9980483098626184,0.9737552994668672,0.9719046132873618,1,1,True,True
CLAY,CLAY - SHCR,SHCR,SHOOTING CREEK,178582644.39746493,CLAY - SHCR,SHCR,SHOOTING CREEK,178872158.2998037,178393859.88402998,0.9989428731214508,0.9973260320649117,0.9962745481022939,1,1,True,True
CLAY,CLAY - SWEE,SWEE,SWEETWATER,45636573.22359913,CLAY - SWEE,SWEE,SWEETWATER,45659914.18012535,45588509.681649886,0.9989468196546276,0.9984361666078965,0.9973862759549083,1,1,True,True
CLAY,CLAY - TUSQ,TUSQ,TUSQUITTEE,160654764.75448498,CLAY - TUSQ,TUSQ,TUSQUITTEE,159539817.43116823,159386687.32437846,0.9921068171738049,0.9990401762440537,0.9911620785899702,1,1,True,True
CLAY,CLAY - WARN,WARN,WARNE,23733855.397588827,CLAY - WARN,WARN,WARNE,23798243.165424127,23565475.298053283,0.9929054889433324,0.9902191155139961,0.9832622241993978,1,1,True,True
CLEVELAND,CLEVELAND - B SPGS,B SPGS,BOILING SPRINGS,51475225.09031048,CLEVELAND - BR,BR,BROAD RIVER,98145311.82690957,51372007.99461628,0.9979948199252532,0.5234280378589724,0.5228781393264937,1,1,True,True
CLEVELAND,CLEVELAND - BETHWR,BETHWR,BETHWARE,28697288.666193143,CLEVELAND - BETHWR,BETHWR,BETHWR,28621884.69623271,28572517.98166632,0.9956521786438379,0.9982752109062585,0.993942342272981,1,1,True,True
CLEVELAND,CLEVELAND - CASAR,CASAR,CASAR,93759078.82307823,CLEVELAND - CASAR,CASAR,CASAR,92862786.26413645,92227615.9245967,0.9836659775489969,0.9931601197304905,0.9770469784203833,1,1,True,True
CLEVELAND,CLEVELAND - FALSTN,FALSTN,FALLSTON,45152520.56156604,CLEVELAND - FALSTN,FALSTN,FALSTN,45181142.15973966,45050313.1456995,0.9977363962278213,0.9971043446936865,0.9948538164227977,1,1,True,True
CLEVELAND,CLEVELAND - GROVER,GROVER,GROVER,55785834.21816769,CLEVELAND - GROVER,GROVER,GROVER,55381400.6315226,55363125.8174634,0.9924226569947638,0.9996700189260146,0.9920976569214854,1,1,True,True
CLEVELAND,CLEVELAND - H SPGS,H SPGS,HOLLY SPRINGS,45651845.39003553,CLEVELAND - BR,BR,BROAD RIVER,98145311.82690957,45622489.277099736,0.9993569567082122,0.46484634291610577,0.4647073449237845,1,2,True,False
CLEVELAND,CLEVELAND - KINGST,KINGST,KINGSTOWN,20650215.110307656,CLEVELAND - KINGST,KINGST,KINGST,21106681.994554337,20454879.464166366,0.9905407452126836,0.969118664385234,0.9602320216414206,1,1,True,True
CLEVELAND,CLEVELAND - KM 1,KM 1,KINGS MOUNTAIN 1,22270331.335188344,CLEVELAND - KM N,KM N,KM N,33173607.83090013,21725061.94559351,0.9755158833791898,0.654889937095034,0.6442996842252092,1,1,True,True
CLEVELAND,CLEVELAND - KM 2,KM 2,KINGS MOUNTAIN 2,11419151.816318618,CLEVELAND - KM N,KM N,KM N,33173607.83090013,11322905.01024141,0.9915714575280744,0.3413226884443511,0.3403352714879829,1,2,True,False
CLEVELAND,CLEVELAND - KM 3,KM 3,KINGS MOUNTAIN 3,9495858.569086872,CLEVELAND - KM S,KM S,KM S,44588164.71442857,9462580.740593467,0.9964955429515622,0.21222180372746785,0.21206353271728678,1,2,True,False
CLEVELAND,CLEVELAND - KM 4,KM 4,KINGS MOUNTAIN 4,35607914.05359863,CLEVELAND - KM S,KM S,KM S,44588164.71442857,35016575.1590804,0.9833930487018105,0.7853334036812053,0.7750544464181797,1,1,True,True
CLEVELAND,CLEVELAND - LATT,LATT,LATTIMORE,72146924.49529289,CLEVELAND - LATT,LATT,LATT,71994645.69810924,71500681.46410468,0.9910426808112885,0.9931388754092093,0.9843035061225389,1,1,True,True
CLEVELAND,CLEVELAND - LAWNDL,LAWNDL,LAWNDALE,47769303.09233634,CLEVELAND - LAWNDL,LAWNDL,LAWNDL,47776788.520028256,47403245.23663148,0.9923369647031006,0.9921814903226452,0.9846373616273252,1,1,True,True
CLEVELAND,CLEVELAND - MRB-YO,MRB-YO,MOORESBORO YOUNG,54790787.059286356,CLEVELAND - MRB-YO,MRB-YO,MRB YO,54527565.15148208,54507555.982246794,0.9948306806264146,0.9996330448795998,0.9944675088278129,1,1,True,True
CLEVELAND,CLEVELAND - MULLS,MULLS,MULLS,96688871.742974,CLEVELAND - MULLS,MULLS,MULLS,97204906.64310095,96152209.17249623,0.9944495932075372,0.9891703257895219,0.9837391597672273,1,1,True,True
CLEVELAND,CLEVELAND - OAKGRV,OAKGRV,OAK GROVE,48637211.990868434,CLEVELAND - OAKGRV,OAKGRV,OAKGRV,50059882.58077053,48557737.38395992,0.998365971163737,0.969993033955145,0.9684555229178767,1,1,True,True
CLEVELAND,CLEVELAND - POLKVL,POLKVL,POLKVILLE,126052291.82775794,CLEVELAND - POLKVL,POLKVL,POLKVL,125877680.66386455,125057047.5073262,0.992104512294059,0.9934807095887815,0.9856874311268944,1,1,True,True
CLEVELAND,CLEVELAND - RIPPY,RIPPY,RIPPY,56525993.439265124,CLEVELAND - RIPPY,RIPPY,RIPPY,56497238.81090455,56440410.767543435,0.9984859589984271,0.9989941447660599,0.9974831457436861,1,1,True,True
CLEVELAND,CLEVELAND - S 1,S 1,SHELBY 1,6737938.575348608,CLEVELAND - S C,S C,SHELBY CENTRAL,21316912.77044333,6732998.385649457,0.9992668099235535,0.31585241531714675,0.3157792335514007,1,2,True,False
CLEVELAND,CLEVELAND - S 2,S 2,SHELBY 2,9210772.256183522,CLEVELAND - S C,S C,SHELBY CENTRAL,21316912.77044333,9203299.389610972,0.9991886818645925,0.43173697283087253,0.43158567596130165,1,1,True,True
CLEVELAND,CLEVELAND - S 3,S 3,SHELBY 3,5331107.304182755,CLEVELAND - S C,S C,SHELBY CENTRAL,21316912.77044333,5311844.929329585,0.9963867966345272,0.24918453185653833,0.2489595671743708,1,3,True,False
CLEVELAND,CLEVELAND - S 4,S 4,SHELBY 4,48246849.18731641,CLEVELAND - S 4A,S 4A,SHELBY 4,65223628.14455324,48077186.45917816,0.9964834443907509,0.7371130344455246,0.7352005965378842,1,1,True,True
CLEVELAND,CLEVELAND - S 5,S 5,SHELBY 5,31529942.762828123,CLEVELAND - S 5,S 5,S 5,31525803.961393066,31458559.62440327,0.9977360206784451,0.9978670064347244,0.9956126640331399,1,1,True,True
CLEVELAND,CLEVELAND - S 6,S 6,SHELBY 6,28688949.10928375,CLEVELAND - S S,S S,SHELBY SOUTH,36421594.527339675,28623764.421613466,0.9977278816515036,0.7859009138143909,0.784496879073344,1,1,True,True
CLEVELAND,CLEVELAND - S 7,S 7,SHELBY 7,7764567.219788789,CLEVELAND - S S,S S,SHELBY SOUTH,36421594.527339675,7741392.582398731,0.9970153343085246,0.21254952406292088,0.2124143672692169,1,2,True,False
CLEVELAND,CLEVELAND - S 8,S 8,SHELBY 8,16710586.262610642,CLEVELAND - S 4A,S 4A,SHELBY 4,65223628.14455324,16644140.48854351,0.9960237317217409,0.25518575034887025,0.25492604755340453,1,2,True,False
CLEVELAND,CLEVELAND - SHANGI,SHANGI,SHANGHAI,66134232.84190178,CLEVELAND - SHANGI,SHANGI,SHANGI,65331135.622954495,65294785.62295267,0.9873069183254025,0.9994436037326581,0.9867645533507933,1,1,True,True
CLEVELAND,CLEVELAND - WACO,WACO,WACO,70737055.60420926,CLEVELAND - WACO,WACO,WACO,69759560.7536334,69389933.25551215,0.9809559171329582,0.9947014073178206,0.9758567019031423,1,1,True,True
COLUMBUS,COLUMBUS - P01,P01,BOGUE,187870743.46627343,COLUMBUS - P01A,P01A,BOGUE,189106399.33257356,185600572.6014755,0.9879163151062663,0.981461088871284,0.9698186795283299,1,1,True,True
COLUMBUS,COLUMBUS - P02,P02,BOLTON,283761153.2372156,COLUMBUS - P02B,P02B,BOLTON,286832596.2702142,279614654.25894755,0.9853873621143565,0.9748356982256406,0.9609441324991748,1,1,True,True
COLUMBUS,COLUMBUS - P03,P03,BUG HILL 1,86972281.22797826,COLUMBUS - P34,P34,BUG HILL,124301588.21105221,86742866.64106026,0.9973622103079413,0.6978419816630111,0.6965563971389952,1,1,True,True
COLUMBUS,COLUMBUS - P04,P04,BUG HILL 2,36785195.50660049,COLUMBUS - P34,P34,BUG HILL,124301588.21105221,36502488.00338412,0.992314639100786,0.2936606726328097,0.2929942959030871,1,2,True,False
COLUMBUS,COLUMBUS - P05,P05,BUG HILL 3,53944508.46664914,COLUMBUS - P513,P513,NAKINA,116642165.89794788,53581526.31697584,0.9932711936767816,0.4593666956069316,0.457941613775559,1,2,True,False
COLUMBUS,COLUMBUS - P06,P06,CERRO GORDO,54109217.65072781,COLUMBUS - P06,P06,CERRO GORDO,54523590.09190829,53807858.07031454,0.9944305315527101,0.9868729843286682,0.9814483805623903,1,1,True,True
COLUMBUS,COLUMBUS - P07,P07,CHADBOURN,110500109.59885198,COLUMBUS - P07,P07,CHADBOURN,109132670.52067241,108799169.59681588,0.9846068930772014,0.9969440780449577,0.9816441879291139,1,1,True,True
COLUMBUS,COLUMBUS - P08,P08,CHERRY GROVE,75829375.79290934,COLUMBUS - P89,P89,CHERRY BLUFF,152200062.18757638,75725249.59822021,0.998626835660978,0.4975375733085701,0.4971974205210876,1,2,True,False
COLUMBUS,COLUMBUS - P09,P09,FAIR BLUFF,76249511.35075958,COLUMBUS - P89,P89,CHERRY BLUFF,152200062.18757638,76078339.62283729,0.9977551104933005,0.49985748053818685,0.49929594758698653,1,1,True,True
COLUMBUS,COLUMBUS - P10,P10,LEES EAST,120871331.26008916,COLUMBUS - P112,P112,LEES SE,197110058.50307027,120539220.81362723,0.9972523637904898,0.611532570834023,0.6105039336578502,1,1,True,True
COLUMBUS,COLUMBUS - P11,P11,LEES NORTH,59823744.37951033,COLUMBUS - P11,P11,NORTH LEES,58485177.05094529,57276523.339335024,0.9574212368918898,0.9793340163686701,0.9384609671378453,1,1,True,True
COLUMBUS,COLUMBUS - P12,P12,LEES SOUTH,76806005.23319286,COLUMBUS - P112,P112,LEES SE,197110058.50307027,73258177.99004169,0.9538079446733427,0.3716612868282447,0.36508995257078347,1,2,True,False
COLUMBUS,COLUMBUS - P13,P13,LEES WEST,63738854.12224064,COLUMBUS - P513,P513,NAKINA,116642165.89794788,62630580.72969332,0.9826122793104841,0.5369463113749948,0.5318925441558744,1,1,True,True
COLUMBUS,COLUMBUS - P14,P14,RANSOM,210216086.39184707,COLUMBUS - P14,P14,RANSOM,207945935.5801209,206056884.58988306,0.9802146359331836,0.99091566283819,0.9714846473458748,1,1,True,True
COLUMBUS,COLUMBUS - P15,P15,TATUM,197454092.003974,COLUMBUS - P15,P15,TATUM,198209232.9469414,196680207.30479816,0.9960806854326409,0.9922858001143037,0.9884266043845252,1,1,True,True
COLUMBUS,COLUMBUS - P16,P16,WACCAMAW,137660557.33132067,COLUMBUS - P16B,P16B,WACCAMAW,141524992.8155372,137597370.83460733,0.9995409978142014,0.972247855994954,0.9718139713567324,1,1,True,True
COLUMBUS,COLUMBUS - P17,P17,WELCHES CREEK,102598622.22695315,COLUMBUS - P17,P17,WELCHES CREEK,99336349.10471909,98527685.24605429,0.9603217188249006,0.9918593358226573,0.9528118276353997,1,1,True,True
COLUMBUS,COLUMBUS - P18,P18,WESTERN PRONG,54490772.25636339,COLUMBUS - P82,P82,NW WHITEVILLE,107513527.60336587,54162469.26192731,0.9939750717260619,0.5037735294273022,0.5022398911599267,1,1,True,True
COLUMBUS,COLUMBUS - P19,P19,WHITEVILLE 1,7824006.71070365,COLUMBUS - P19,P19,WHITEVILLE 1,7766251.791172499,7601890.215817569,0.9716109017925286,0.9788364349013573,0.9516198982819184,1,1,True,True
COLUMBUS,COLUMBUS - P20,P20,WHITEVILLE 2,6097916.604870034,COLUMBUS - P20A,P20A,WHITEVILLE 2,6188562.700535971,5714909.569684016,0.9371905094798879,0.9234631442271832,0.86964147068526,1,1,True,True
COLUMBUS,COLUMBUS - P21,P21,WHITEVILLE NORTH,49988784.58094889,COLUMBUS - P82,P82,NW WHITEVILLE,107513527.60336587,49802320.41013514,0.9962698798865214,0.46321910851873127,0.4624171236201982,1,2,True,False
COLUMBUS,COLUMBUS - P22,P22,WHITEVILLE SOUTH,61247470.72874304,COLUMBUS - P22A,P22A,SOUTH WHITEVILLE,59292152.99822091,58608401.90093285,0.9569113826838943,0.9884681013808255,0.9463466111740493,1,1,True,True
COLUMBUS,COLUMBUS - P23,P23,WHITEVILLE WEST,59373788.413880564,COLUMBUS - P23,P23,WEST WHITEVILLE,60987396.05825239,58794435.42844562,0.9902422769219911,0.9640423961089903,0.9549706025037233,1,1,True,True
COLUMBUS,COLUMBUS - P24,P24,WILLIAMS 1,97510706.2349722,COLUMBUS - P24,P24,WILLIAMS 1,98209716.2178932,97238513.33308452,0.997208584447827,0.9901109287124513,0.9873743736508597,1,1,True,True
COLUMBUS,COLUMBUS - P25,P25,WILLIAMS 2,100804672.11034843,COLUMBUS - P25B,P25B,WILLIAMS 2,99409001.88167702,97292352.41468965,0.9651571735503098,0.9787076680489485,0.9453080365042097,1,1,True,True
COLUMBUS,COLUMBUS - P26,P26,WILLIAMS SOUTH,97301680.89073706,COLUMBUS - P26B,P26B,SOUTH WILLIAMS,98716687.49653533,96322396.87524746,0.9899355899453652,0.9757458370817811,0.9661613745709821,1,1,True,True
CRAVEN,CRAVEN - 03,03,TRENT WOODS,8903354.259871822,CRAVEN - 03,03,TRENT WOODS,9173038.060560815,8850339.163697768,0.9940454917746003,0.9648209355796221,0.9592768449677925,1,1,True,True
CRAVEN,CRAVEN - 04,04,RHEMS,30703908.20723457,CRAVEN - CLR4,CLR4,CLARKS RHEMS,76728634.26948628,30330576.52815919,0.9878409068788379,0.39529670789697824,0.39338266093492535,1,2,True,False
CRAVEN,CRAVEN - 05,05,RIVER BEND,7120816.09750505,CRAVEN - 05,05,RIVER BEND,7425394.872286811,7072981.621200035,0.9932824446453863,0.9525394599010406,0.9464424670082945,1,1,True,True
CRAVEN,CRAVEN - 06,06,CLARKS,46662954.58680037,CRAVEN - CLR4,CLR4,CLARKS RHEMS,76728634.26948628,45695741.02990839,0.9792723464371976,0.5955500376745378,0.5881362042926879,1,1,True,True
CRAVEN,CRAVEN - 07,07,JASPER,190083365.2918428,CRAVEN - 07,07,JASPER,189928862.0082726,189886227.5502092,0.9989628879869056,0.9997755240693142,0.9987388773759909,1,1,True,True
CRAVEN,CRAVEN - 08,08,COVE CITY,110562078.41780959,CRAVEN - CFB8,CFB8,COVE FORT BARNWELL,146554532.23094603,110250548.14556567,0.997182304487198,0.7522834433521906,0.7506877100567126,1,1,True,True
CRAVEN,CRAVEN - 09,09,DOVER,46331817.04925545,CRAVEN - DFB9,DFB9,DOVER FORT BARNWELL WEST,100156038.86617002,46197312.8838108,0.9970969373961385,0.461253394271516,0.4606347865645516,1,2,True,False
CRAVEN,CRAVEN - 10,10,FORT BARNWELL,89894071.66114886,CRAVEN - DFB9,DFB9,DOVER FORT BARNWELL WEST,100156038.86617002,53342100.899456084,0.5933884172087168,0.5325899616570559,0.3901900191851253,1,1,True,True
CRAVEN,CRAVEN - 11,11,BRIDGETON,84774887.60002741,CRAVEN - 11,11,BRIDGETON,84883784.58229603,84415629.14373887,0.9957622066338377,0.9944847482842465,0.9902934730465781,1,1,True,True
CRAVEN,CRAVEN - 12,12,TRUITT,97327609.33731525,CRAVEN - TE13,TE13,TRUITT ERNUL,241996199.51611993,96931136.42145257,0.9959264085642071,0.4005481764394228,0.39989301429337665,1,2,True,False
CRAVEN,CRAVEN - 13,13,ERNUL,143843829.8105084,CRAVEN - TE13,TE13,TRUITT ERNUL,241996199.51611993,143794364.50859824,0.9996561180137145,0.5942009204942896,0.5940794875078751,1,1,True,True
CRAVEN,CRAVEN - 14,14,VANCEBORO,205457713.73495007,CRAVEN - VE14,VE14,VAN EP,290878091.01919264,204201405.3664753,0.9938853190486903,0.7020171393829787,0.6989981522015026,1,1,True,True
CRAVEN,CRAVEN - 15,15,EPWORTH,86850196.27274756,CRAVEN - VE14,VE14,VAN EP,290878091.01919264,85616514.7605883,0.9857952939071668,0.2943381347856108,0.2930950506330559,1,2,True,False
CRAVEN,CRAVEN - 16,16,GRANTHAM 1,42459397.06813161,CRAVEN - 16,16,GRANTHAM 1A,42366851.72862911,42200731.304116964,0.9939079265869089,0.9960790000263368,0.9900344626056422,1,1,True,True
CRAVEN,CRAVEN - 17,17,CROATAN,138655995.86411408,CRAVEN - 17,17,CROATAN,137681876.32576466,136996442.58774915,0.9880311466805134,0.995021612456866,0.9831709275477065,1,1,True,True
CRAVEN,CRAVEN - 18,18,HAVELOCK EAST,43219385.22604219,CRAVEN - 02,02,HAVELOCK,305704202.9474564,43148485.2890345,0.998359533884231,0.14114456024162267,0.14111183311526176,1,2,True,False
CRAVEN,CRAVEN - 19,19,HARLOWE,195036505.64064682,CRAVEN - 19,19,HARLOWE,196293722.3744103,194830162.6932743,0.998942029100169,0.9925440321604151,0.9915017706188854,1,1,True,True
CRAVEN,CRAVEN - 20,20,FAIRFIELD HARBOUR,44789336.5713109,CRAVEN - 20,20,FAIRFIELD HARBOUR,46570822.868095286,44479906.45367229,0.9930914333337812,0.9551024378429989,0.9487983451626839,1,1,True,True
CRAVEN,CRAVEN - 21,21,BRICES CREEK,36460528.7492708,CRAVEN - 21,21,BRICES CREEK,36317546.985152714,36187814.83294845,0.9925202972727653,0.9964278382497227,0.9890012790668462,1,1,True,True
CRAVEN,CRAVEN - 22,22,HAVELOCK WEST,266992092.94890505,CRAVEN - 02,02,HAVELOCK,305704202.9474564,260145662.97266912,0.9743571807665999,0.8509718232999964,0.8323312627435389,1,1,True,True
CRAVEN,CRAVEN - 23,23,GRANTHAM 2,31151753.463810638,CRAVEN - 23,23,GRANTHAM 2B,31466651.656804856,31033134.554078575,0.9961922236618281,0.9862229668585495,0.9825191932012984,1,1,True,True
CRAVEN,CRAVEN - N1,N1,GEORGE STREET,8372275.060490423,CRAVEN - N1,N1,GEORGE STREET,8439711.668599961,8343268.1949006375,0.9965353663872474,0.9885726577534464,0.9851866207640927,1,1,True,True
CRAVEN,CRAVEN - N2,N2,FORT TOTTEN,4245007.432990179,CRAVEN - N2,N2,FORT TOTTEN,4213095.04532713,4152415.93833426,0.978188143102803,0.9855974986702066,0.9644027496601292,1,1,True,True
CRAVEN,CRAVEN - N3,N3,GROVER C FIELDS,5015528.940597216,CRAVEN - N3N5,N3N5,GLENBURNIE GROVER C,13009928.022784498,4983812.950657933,0.9936764416445564,0.3830776728302955,0.3821460657717378,1,2,True,False
CRAVEN,CRAVEN - N4,N4,H J MACDONALD,18835840.968772996,CRAVEN - N4,N4,H J MACDONALD,19689339.89311913,18735748.08843489,0.9946860413344939,0.9515681170694049,0.9467551850988063,1,1,True,True
CRAVEN,CRAVEN - N5,N5,GLENBURNIE PARK,7971872.411743472,CRAVEN - N3N5,N3N5,GLENBURNIE GROVER C,13009928.022784498,7946750.248575459,0.9968486496182496,0.6108219995266835,0.6096447758321205,1,1,True,True
CRAVEN,CRAVEN - N6,N6,NEW BERN WEST,13311525.29949961,CRAVEN - N6,N6,WEST NEW BERN,13314910.95831927,12998590.261640364,0.9764914214698589,0.97624312339233,0.9538257377787653,1,1,True,True
CUMBERLAND,CUMBERLAND - AH49,AH49,ARRAN HILLS,3794484.4171486953,CUMBERLAND - AH49,AH49,ARRAN HILLS,3758588.1616649223,3700910.318901438,0.9753394432655037,0.9846543860932252,0.9607358333306057,1,1,True,True
CUMBERLAND,CUMBERLAND - AL51,AL51,ALDERMAN,78946205.76887736,CUMBERLAND - AL51-3,AL51-3,ALDERMAN3,37034900.282273345,36923744.52523954,0.467707651883073,0.996998621403417,0.4670500483770601,1,1,True,True
CUMBERLAND,CUMBERLAND - AU50,AU50,AUMAN,20475712.287156496,CUMBERLAND - G5A-2,G5A-2,AUMAN G5A 2,13787223.283132195,13560410.640151957,0.6622680788818175,0.9835490701555745,0.655012404811165,1,1,True,True
CUMBERLAND,CUMBERLAND - BD52 & CC56,BD52 & CC56,BEAVER DAM & CEDAR CREEK,299853706.69250137,CUMBERLAND - G6B,G6B,BEAVER DAM G6,182843865.0131359,174232271.32755658,0.5810575872127904,0.9529019270897569,0.5648358862860847,1,1,True,True
CUMBERLAND,CUMBERLAND - BR54,BR54,BLACK RIVER,97178435.9597302,CUMBERLAND - G7A,G7A,BLACK RIVER G7,90828706.03893824,90657148.18674299,0.9328936743158784,0.9981111934797167,0.9312496553609172,1,1,True,True
CUMBERLAND,CUMBERLAND - BW55,BW55,BRENTWOOD,2896153.412201125,CUMBERLAND - G5C,G5C,BRENTWOOD G5,3401539.2682754486,2811492.6399622764,0.9707678564670699,0.8265354059509885,0.8064633719491077,1,1,True,True
CUMBERLAND,CUMBERLAND - CC01,CC01,CROSS CREEK 01,8081324.179803317,CUMBERLAND - CC01,CC01,CROSS CREEK 01,8086900.316727213,7980121.7840780765,0.9874770033383683,0.986796111183877,0.9745996190230883,1,1,True,True
CUMBERLAND,CUMBERLAND - CC02,CC02,CROSS CREEK 02,7724670.094987408,CUMBERLAND - G1A,G1A,CROSS CREEK 02 G1,24180882.220449224,7399173.018869341,0.957862656642219,0.3059926826247898,0.3019284460314288,1,2,True,False
CUMBERLAND,CUMBERLAND - CC03,CC03,CROSS CREEK 03,7806994.060556926,CUMBERLAND - CC03,CC03,CROSS CREEK 03,7844453.895975864,7742229.963226226,0.9917043490966766,0.9869686361721015,0.9788869101570273,1,1,True,True
CUMBERLAND,CUMBERLAND - CC04,CC04,CROSS CREEK 04,1502073.111445281,CUMBERLAND - CC04,CC04,CROSS CREEK 04,1502997.223787964,1480254.6264388326,0.985474418761511,0.984868503421574,0.9707760865142111,1,1,True,True
CUMBERLAND,CUMBERLAND - CC05,CC05,CROSS CREEK 05,4627712.953069648,CUMBERLAND - CC519,CC519,CROSS CREEK 519,11572880.823269235,4526557.350447862,0.9781413403018684,0.3911348798603761,0.3877456935468122,1,2,True,False
CUMBERLAND,CUMBERLAND - CC06,CC06,CROSS CREEK 06,2021582.5643862686,CUMBERLAND - CC06,CC06,CROSS CREEK 06,2069989.5157952297,1993470.1348369159,0.9860938504097717,0.9630339282520871,0.9501302542806221,1,1,True,True
CUMBERLAND,CUMBERLAND - CC07,CC07,CROSS CREEK 07,1059242.1379194218,CUMBERLAND - CC07,CC07,CROSS CREEK 07,1066798.0890218888,1048622.3261170434,0.9899741414902187,0.9829623214628083,0.9732735323172241,1,1,True,True
CUMBERLAND,CUMBERLAND - CC08,CC08,CROSS CREEK 08,1918920.1797351122,CUMBERLAND - CC08,CC08,CROSS CREEK 08,1938832.9453441116,1893901.9372919055,0.9869623329269172,0.9768257455289777,0.9643815932029834,1,1,True,True
CUMBERLAND,CUMBERLAND - CC09,CC09,CROSS CREEK 09,6729110.287168145,CUMBERLAND - G2A,G2A,CROSS CREEK 09 G2,7597716.2303033825,5432559.536406145,0.807322113112871,0.7150253275765235,0.6107933962372937,1,1,True,True
CUMBERLAND,CUMBERLAND - CC10,CC10,CROSS CREEK 10,1538163.5121684156,CUMBERLAND - CC10,CC10,CROSS CREEK 10,1524936.429995863,1492591.1705029937,0.9703722385137218,0.9787891095939278,0.9503870321743764,1,1,True,True
CUMBERLAND,CUMBERLAND - CC11,CC11,CROSS CREEK 11,4794927.963131198,CUMBERLAND - G3B,G3B,CROSS CREEK 11 G3,4462529.278420163,3666415.9496624777,0.7646446365522088,0.8216004245378244,0.6557662085203114,1,1,True,True
CUMBERLAND,CUMBERLAND - CC12,CC12,CROSS CREEK 12,2004826.1887225837,CUMBERLAND - CC12,CC12,CROSS CREEK 12,2082859.2945840037,1985167.6919440674,0.9901944134164358,0.9530973585714787,0.9441859184732961,1,1,True,True
CUMBERLAND,CUMBERLAND - CC13,CC13,CROSS CREEK 13,3932674.966531244,CUMBERLAND - CC13,CC13,CROSS CREEK 13,3892900.9569824003,3823183.8886799715,0.9721586251640197,0.9820912298892726,0.9552247394573009,1,1,True,True
CUMBERLAND,CUMBERLAND - CC14,CC14,CROSS CREEK 14,6108302.65559567,CUMBERLAND - CC14,CC14,CROSS CREEK 14,6096438.385651834,6037112.882262602,0.9883454083160315,0.9902688258887589,0.9788386599584205,1,1,True,True
CUMBERLAND,CUMBERLAND - CC15,CC15,CROSS CREEK 15,4261301.136706167,CUMBERLAND - CC15,CC15,CROSS CREEK 15,4306254.630821338,4219038.322167804,0.9900821807277789,0.9797465974191827,0.9702245363347768,1,1,True,True
CUMBERLAND,CUMBERLAND - CC16,CC16,CROSS CREEK 16,3037856.3628725484,CUMBERLAND - CC16,CC16,CROSS CREEK 16,3077120.303279712,3001697.115848565,0.9880971176037462,0.9754890352025698,0.9641591984747256,1,1,True,True
CUMBERLAND,CUMBERLAND - CC17,CC17,CROSS CREEK 17,8053012.7674044855,CUMBERLAND - CC17,CC17,CROSS CREEK 17,7989266.034769897,7769837.234879975,0.9648360755529041,0.9725345483633977,0.9392435318731646,1,1,True,True
CUMBERLAND,CUMBERLAND - CC18,CC18,CROSS CREEK 18,4077908.3298224094,CUMBERLAND - CC18,CC18,CROSS CREEK 18,4034130.101293179,3957036.4220192595,0.9703593366924916,0.9808896398137465,0.9523548757272142,1,1,True,True
CUMBERLAND,CUMBERLAND - CC19,CC19,CROSS CREEK 19,7023513.861655358,CUMBERLAND - CC519,CC519,CROSS CREEK 519,11572880.823269235,7000994.397979075,0.9967937041031232,0.6049482842597317,0.6037734122780585,1,1,True,True
CUMBERLAND,CUMBERLAND - CC20,CC20,CROSS CREEK 20,2905706.891916834,CUMBERLAND - G4B,G4B,CROSS CREEK 20 G4,3479432.699482304,2215093.013029665,0.7623250022883123,0.6366247616627972,0.5311914318942181,1,1,True,True
CUMBERLAND,CUMBERLAND - CC21,CC21,CROSS CREEK 21,5184924.536568952,CUMBERLAND - CC21,CC21,CROSS CREEK 21,5196844.950646895,5101674.169235536,0.9839437649002881,0.9816868153052147,0.9662087257900066,1,1,True,True
CUMBERLAND,CUMBERLAND - CC22,CC22,CROSS CREEK 22,8096904.777939961,CUMBERLAND - CC22A,CC22A,CROSS CREEK 22,12599481.350036189,8031488.800587096,0.9919208661646743,0.637445985073348,0.6341534868362677,1,1,True,True
CUMBERLAND,CUMBERLAND - CC23,CC23,CROSS CREEK 23,7548482.120350768,CUMBERLAND - G2C-1,G2C-1,CROSS CREEK 23 G2C 1,4287072.659904148,3315922.326576957,0.4392833252710772,0.7734700551240704,0.38920955153945175,1,1,True,True
CUMBERLAND,CUMBERLAND - CC24,CC24,CROSS CREEK 24,4684982.65259897,CUMBERLAND - CC24,CC24,CROSS CREEK 24,4768695.083532506,4594739.467861143,0.9807377761179618,0.9635213380968569,0.9456262282370512,1,1,True,True
CUMBERLAND,CUMBERLAND - CC25,CC25,CROSS CREEK 25,2410131.1341065005,CUMBERLAND - CC25,CC25,CROSS CREEK 25,2320316.5477617164,2274044.534980446,0.9435356038514869,0.9800578878662455,0.9257619368635109,1,1,True,True
CUMBERLAND,CUMBERLAND - CC26,CC26,CROSS CREEK 26,3492680.0350919147,CUMBERLAND - CC26,CC26,CROSS CREEK 26,3351770.9776664586,3313263.7337314626,0.9486307650406544,0.9885113737807333,0.938286041471156,1,1,True,True
CUMBERLAND,CUMBERLAND - CC27,CC27,CROSS CREEK 27,3980017.6046812357,CUMBERLAND - CC27,CC27,CROSS CREEK 27,3912601.713935597,3898668.3094374915,0.9795605689914381,0.9964388390342727,0.9761432477456883,1,1,True,True
CUMBERLAND,CUMBERLAND - CC28,CC28,CROSS CREEK 28,7205098.045557298,CUMBERLAND - G5B-1,G5B-1,CROSS CREEK 28 G5B 1,4720421.2090827925,4504662.454203173,0.6252048793396742,0.9542924782931514,0.6070272712900148,1,1,True,True
CUMBERLAND,CUMBERLAND - CC29,CC29,CROSS CREEK 29,3762529.313818833,CUMBERLAND - CC29,CC29,CROSS CREEK 29,3755574.196989667,3699836.1717226347,0.9833375006897775,0.9851585876504024,0.9689830080385142,1,1,True,True
CUMBERLAND,CUMBERLAND - CC30,CC30,CROSS CREEK 30,2723202.7311042477,CUMBERLAND - G4A,G4A,CROSS CREEK 30 G4,3357541.377866693,2673666.9826493366,0.9818097463368712,0.7963169122127469,0.7847392012331457,1,1,True,True
CUMBERLAND,CUMBERLAND - CC31,CC31,CROSS CREEK 31,3608691.2350683264,CUMBERLAND - CC31,CC31,CROSS CREEK 31,3644542.9871649626,3496094.1998204067,0.9687983737279237,0.9592682023871443,0.9305200708423881,1,1,True,True
CUMBERLAND,CUMBERLAND - CC32,CC32,CROSS CREEK 32,2707717.188287052,CUMBERLAND - CC32,CC32,CROSS CREEK 32,2707596.3115685116,2650409.5592734963,0.97883544512645,0.9788791438181983,0.9585901052010989,1,1,True,True
CUMBERLAND,CUMBERLAND - CC33,CC33,CROSS CREEK 33,3477697.1531592505,CUMBERLAND - CC33,CC33,CROSS CREEK 33,3476621.385420804,3413881.685515578,0.981650079108901,0.9819538301845796,0.964254363853614,1,1,True,True
CUMBERLAND,CUMBERLAND - CC34,CC34,CROSS CREEK 34,2596779.043061333,CUMBERLAND - CC34,CC34,CROSS CREEK 34,2584298.226116356,2517471.562372499,0.969459288074299,0.974141272447382,0.9451367204765574,1,1,True,True
CUMBERLAND,CUMBERLAND - CL57,CL57,CLIFFDALE WEST,7431484.7091181725,CUMBERLAND - CL57-2,CL57-2,CLIFFDALE WEST 2 CL57,4227587.306431015,4154504.9755636584,0.5590410447142851,0.9827129931163849,0.5535968901907058,1,1,True,True
CUMBERLAND,CUMBERLAND - CU01A,CU01A,CUMBERLAND 1A,5326965.650234539,CUMBERLAND - G8B,G8B,CUMBERLAND 1A G8,6434065.74680854,5195660.94221379,0.9753509377303816,0.8075237566216927,0.7913736137146712,1,1,True,True
CUMBERLAND,CUMBERLAND - CU02,CU02,CUMBERLAND 2,2668319.521098629,CUMBERLAND - CU02,CU02,CUMBERLAND 2,2616393.629098161,2515817.620056591,0.942847211574104,0.9615592975296162,0.908599689902062,1,1,True,True
CUMBERLAND,CUMBERLAND - CU03,CU03,CUMBERLAND 3,5428353.381095689,CUMBERLAND - G8C,G8C,CUMBERLAND 3 G8,5198011.4904442625,4469328.468480994,0.8233304198738218,0.8598150420977639,0.7258895637291554,1,1,True,True
CUMBERLAND,CUMBERLAND - CU04,CU04,CUMBERLAND 4,5950562.510166714,CUMBERLAND - G8A,G8A,CUMBERLAND 4 G8,5140532.068434854,4969118.590496414,0.8350670347562145,0.9666545260964338,0.8116854100949247,1,1,True,True
CUMBERLAND,CUMBERLAND - EO61-1,EO61-1,EASTOVER 1,77131524.49731728,CUMBERLAND - EO01,EO01,EASTOVER 1,78510063.12405969,76513601.1320387,0.9919887054054004,0.9745706230185265,0.9669600419106853,1,1,True,True
CUMBERLAND,CUMBERLAND - EO61-2,EO61-2,EASTOVER 2,49213251.48782903,CUMBERLAND - EO02,EO02,EASTOVER 2,49452507.29916467,48893542.59715773,0.9935036015502783,0.9886969390929875,0.9823461027066408,1,1,True,True
CUMBERLAND,CUMBERLAND - HM01A,HM01A,HOPE MILLS 1A,6137168.009474435,CUMBERLAND - G8D,G8D,HOPE MILLS 1A G8,6076351.388646113,4896648.92063711,0.7978678297673721,0.8058534813813895,0.6692272243585295,1,1,True,True
CUMBERLAND,CUMBERLAND - HM02,HM02,HOPE MILLS 2,59268918.84104438,CUMBERLAND - G9B-2,G9B-2,HOPE MILLS 2 G9B 2,31015283.626990627,30713028.609567717,0.5181978887102392,0.9902546428058495,0.5155686319449998,1,1,True,True
CUMBERLAND,CUMBERLAND - HM03,HM03,HOPE MILLS 3,5256200.751281009,CUMBERLAND - G9A-3,G9A-3,HOPE MILLS 3A,7808720.529765603,4906399.178129926,0.9334497311454797,0.6283230600234073,0.601383328529058,1,1,True,True
CUMBERLAND,CUMBERLAND - HM04,HM04,HOPE MILLS 4,2366026.3387575992,CUMBERLAND - G10B,G10B,HOPE MILLS 4 G10,5566886.286518307,2319734.6775137577,0.9804348495680106,0.4167023643237712,0.41326583605613026,1,2,True,False
CUMBERLAND,CUMBERLAND - JV64,JV64,JUDSON VANDER,75323222.31688933,CUMBERLAND - G1B,G1B,JUDSON VANDER G1,58786239.26262945,58225612.0861952,0.7730101062489938,0.9904632923713723,0.7672991351251627,1,1,True,True
CUMBERLAND,CUMBERLAND - LI65,LI65,LINDEN,125493519.61191976,CUMBERLAND - LI65,LI65,LINDEN,125249097.08078226,125156180.56172562,0.9973119006364843,0.9992581461964815,0.9965740283544469,1,1,True,True
CUMBERLAND,CUMBERLAND - LO66,LO66,LONG HILL,52665040.488401584,CUMBERLAND - LO66A,LO66A,LONG HILL,47797177.00417157,46276528.350260034,0.8786953911191145,0.9681853877316056,0.8540359840901812,1,1,True,True
CUMBERLAND,CUMBERLAND - LR63,LR63,LAKE RIM,6964449.694170799,CUMBERLAND - LR63,LR63,LAKE RIM,6832093.865856347,6774795.4898965,0.9727682426318566,0.9916133505942888,0.9648303274672241,1,1,True,True
CUMBERLAND,CUMBERLAND - MA67,MA67,MANCHESTER,208211009.03516904,CUMBERLAND - G11B,G11B,MANCHESTER G11,187485592.15698367,186809718.05090857,0.8972134514719845,0.996395061090832,0.8943104288869705,1,1,True,True
CUMBERLAND,CUMBERLAND - MB62,MB62,MONTIBELLO,9259721.673020924,CUMBERLAND - MB62,MB62,MONTIBELLO,9242446.144078823,9140751.85909275,0.9871519017386016,0.9889970378619708,0.9764283416201041,1,1,True,True
CUMBERLAND,CUMBERLAND - MR02,MR02,MORGANTON RD 2,5578557.372125156,CUMBERLAND - MR02,MR02,MORGANTON RD 2,5658521.765714609,5508755.459548788,0.987487461736048,0.9735326093338961,0.9616697255474056,1,1,True,True
CUMBERLAND,CUMBERLAND - PM02,PM02,PEARCES MILL 2,13936631.634671833,CUMBERLAND - G3A-2C,G3A-2C,PEARCES MILL 2C,8506355.641300911,7480192.844606007,0.5367288912190685,0.8793651664747504,0.4999195089471498,1,1,True,True
CUMBERLAND,CUMBERLAND - PM03,PM03,PEARCES MILL 3,38832558.30110822,CUMBERLAND - G3C,G3C,PEARCES MILL 3 G3,38547648.78605725,37789936.10537496,0.9731508239130487,0.9803434786674627,0.9545258258716236,1,1,True,True
CUMBERLAND,CUMBERLAND - PM04,PM04,PEARCES MILL 4,4426732.374558189,CUMBERLAND - G4C,G4C,PEARCES MILL 4 G4,3214026.063669721,3100824.374347086,0.7004770363278545,0.9647788514840532,0.6830108831352587,1,1,True,True
CUMBERLAND,CUMBERLAND - SH77,SH77,SHERWOOD,48047704.87237527,CUMBERLAND - SH77,SH77,SHERWOOD,48339004.81481376,47831277.929647386,0.995495582082375,0.9894965383108015,0.9850860387461843,1,1,True,True
CUMBERLAND,CUMBERLAND - SL78,SL78,SPRING LAKE,9552276.467688812,CUMBERLAND - SL78-3,SL78-3,SPRING LAKE 3,27631642.268896915,9212560.269915637,0.9644361007638036,0.33340617905601644,0.32935691274676815,1,2,True,False
CUMBERLAND,CUMBERLAND - SP80-1,SP80-1,STONEY POINT 1,18162968.206639703,CUMBERLAND - G10C,G10C,STONEY POINT 1 G10,14735363.763124865,14659353.101149406,0.8071011816114116,0.9948416161828543,0.803737599936287,1,1,True,True
CUMBERLAND,CUMBERLAND - SP80-2,SP80-2,STONEY POINT 2,12205611.54480262,CUMBERLAND - G10A,G10A,STONEY POINT 2 G10,11944588.882248042,11732509.589150462,0.9612389797991225,0.9822447390037199,0.9448221688159214,1,1,True,True
CUMBERLAND,CUMBERLAND - ST79,ST79,STEDMAN,113119911.3447183,CUMBERLAND - G6A,G6A,STEDMAN G6,104403808.58992822,104196558.67958772,0.9211159860447748,0.9980149200193019,0.9194314719052974,1,1,True,True
CUMBERLAND,CUMBERLAND - WA81,WA81,WADE,72880923.8095359,CUMBERLAND - G7B,G7B,WADE G7,77262761.69405484,70995876.07225904,0.9741352381563771,0.918888666617802,0.8970036768213369,1,1,True,True
CUMBERLAND,CUMBERLAND - WE82,WE82,WESTAREA,10736442.604538016,CUMBERLAND - G2E-2,G2E-2,WESTAREA G2E 2,4875423.728227498,3391033.061674623,0.3158432626688957,0.695536070442735,0.27747969278791434,1,1,True,True
CURRITUCK,CURRITUCK - CB,CB,CAROVA BEACH,154643872.51940548,CURRITUCK - CB,CB,CAROVA BEACH,154297499.2459654,154289878.4766295,0.9977109080559815,0.9999506098972885,0.9976617438058829,1,1,True,True
CURRITUCK,CURRITUCK - CH,CH,COURTHOUSE,101739317.43849567,CURRITUCK - CH,CH,COURTHOUSE,101438743.01058942,101358846.08153217,0.9962603311429379,0.9992123627848098,0.9954785716145983,1,1,True,True
CURRITUCK,CURRITUCK - CI,CI,CHURCHS ISLAND,19053639.478231285,CURRITUCK - CO,CO,COINJOCK,89231697.7786341,19041799.981527045,0.9993786228233317,0.21339726190984198,0.21336895155531985,1,2,True,False
CURRITUCK,CURRITUCK - CJ,CJ,COINJOCK,69965477.25115672,CURRITUCK - CO,CO,COINJOCK,89231697.7786341,69889055.91067491,0.9989077278754568,0.7832312692744635,0.7825610549188641,1,1,True,True
CURRITUCK,CURRITUCK - GW,GW,GIBBS WOODS,43032135.92116158,CURRITUCK - GW,GW,GIBBS WOODS,42980394.51355096,42965071.210637674,0.99844152029435,0.9996434815667303,0.9980861120511589,1,1,True,True
CURRITUCK,CURRITUCK - IR,IR,INDIAN RIDGE,93165305.84883386,CURRITUCK - IR,IR,INDIAN RIDGE,93209140.41293757,92914045.88188897,0.9973030736640035,0.9968340601603957,0.9941541605238928,1,1,True,True
CURRITUCK,CURRITUCK - KI,KI,KNOTTS ISLAND,91377291.00084126,CURRITUCK - KI,KI,KNOTTS ISLAND,91324866.32817857,91311487.77230336,0.9992798732834256,0.9998535058805655,0.9991335900612481,1,1,True,True
CURRITUCK,CURRITUCK - MY,MY,MOYOCK,148308525.97329184,CURRITUCK - WM,WM,WEST MOYOCK,105374998.64778295,104902626.4645902,0.7073270115534801,0.995517227148238,0.7050812823717184,1,1,True,True
CURRITUCK,CURRITUCK - PB,PB,POPLAR BRANCH,235178439.09049448,CURRITUCK - PB,PB,POPLAR BRANCH,235606829.6844634,234889080.60099328,0.9987696215238937,0.9969536151204471,0.9957307170549587,1,1,True,True
CURRITUCK,CURRITUCK - PP,PP,POWELLS POINT,165757395.85830373,CURRITUCK - PP,PP,POWELLS POINT,167284010.55678692,164826709.9262011,0.9943852524511292,0.9853106066598537,0.9798591524200607,1,1,True,True
CURRITUCK,CURRITUCK - WH,WH,WHALEHEAD,239216596.42737052,CURRITUCK - WH,WH,WHALEHEAD,239232144.25373828,239199132.32057083,0.999926994585407,0.999862008789536,0.9997890235210286,1,1,True,True
DARE,DARE - 055PND,055PND,PRECINCTS NOT DEFINED,302824588.71708244,DARE - NGHD,NGHD,NAGS HEAD,218827262.07425478,138891218.04674602,0.45865237903949346,0.6347071051851665,0.36286704055959024,1,1,True,True
DARE,DARE - AVON,AVON,AVON,601643016.6533307,DARE - CHCA,CHCA,CHICAMACOMICO,874217798.0209578,315654195.1006,0.5246536340709849,0.3610704286908521,0.2720672247298377,1,2,True,False
DARE,DARE - BUX,BUX,BUXTON,26413133.129987612,DARE - BUX,BUX,BUXTON,147719027.52728528,26381736.257904578,0.9988113158734891,0.17859402880940026,0.17855607769081558,1,2,True,False
DARE,DARE - CHCA,CHCA,CHICAMACOMICO,36121218.23336198,DARE - CHCA,CHCA,CHICAMACOMICO,874217798.0209578,36119782.63948287,0.9999602562164477,0.04131668643815115,0.04131661859020195,1,3,True,False
DARE,DARE - COL,COL,COLINGTON,75213972.39793968,DARE - COL,COL,COLINGTON,54331167.62409261,54304473.22598302,0.7219998026253772,0.9995086724751753,0.7217436465998257,1,1,True,True
DARE,DARE - DUCK,DUCK,DUCK,6214063.950096002,DARE - DUCK,DUCK,DUCK,92253170.45186555,6213441.595154161,0.9998998473548326,0.06735206567666002,0.06735161131169962,1,3,True,False
DARE,DARE - EL,EL,EAST LAKE,500792494.02852345,DARE - EL,EL,EAST LAKE,500948651.31066597,500060594.1601919,0.9985385166969178,0.9982272491438982,0.9967709391663708,1,1,True,True
DARE,DARE - FRCO,FRCO,FRISCO,6970980.5611529695,DARE - FRCO,FRCO,FRISCO,29502114.566092692,6861158.724453233,0.9842458552657946,0.23256498137048406,0.23170246724581714,1,2,True,False
DARE,DARE - HAT,HAT,HATTERAS,264823777.09007797,DARE - BUX,BUX,BUXTON,147719027.52728528,121231249.83410439,0.4577808351131116,0.820688112177774,0.41615668120100036,1,1,True,True
DARE,DARE - KDH,KDH,KILL DEVIL HILLS,14356489.53550399,DARE - KDH,KDH,KILL DEVIL HILLS,57064703.71239231,14295459.170121916,0.995748935334704,0.25051315857471945,0.25024552245856874,1,2,True,False
DARE,DARE - KTHK,KTHK,KITTY HAWK,21303096.302581694,DARE - KTHK,KTHK,KITTY HAWK,74366845.61982723,21294469.444764804,0.9995950420683286,0.28634358856129033,0.28631037538841214,1,2,True,False
DARE,DARE - MATO,MATO,MANTEO,203317148.79641572,DARE - MATO,MATO,MANTEO,119333555.97502254,119317148.48532094,0.5868523594376924,0.9998625073260615,0.5868050048631711,1,1,True,True
DARE,DARE - MH,MH,MANNS HARBOR,1562508547.2407415,DARE - AVON,AVON,AVON,943469293.2184564,655076871.3522592,0.4192469042867444,0.6943277073889662,0.35392324186222357,1,1,True,True
DARE,DARE - NGHD,NGHD,NAGS HEAD,42501991.107897386,DARE - NGHD,NGHD,NAGS HEAD,218827262.07425478,42445259.71049028,0.9986652061249769,0.1939669642079939,0.1939166909250745,1,2,True,False
DARE,DARE - SOSH,SOSH,SOUTHERN SHORES,58588369.21774014,DARE - DUCK,DUCK,DUCK,92253170.45186555,29396758.01882008,0.5017507469711062,0.3186530920816241,0.24205863454347867,1,2,True,False
DARE,DARE - STPT,STPT,STUMPY POINT,308590726.15002215,DARE - STPT,STPT,STUMPY POINT,309072260.84071875,307682696.64364463,0.9970574958045366,0.995504079876679,0.9925879361527182,1,1,True,True
DARE,DARE - WAN,WAN,WANCHESE,12286121.296338746,DARE - WAN,WAN,WANCHESE,94784091.37061378,12282183.108989168,0.9996794604859752,0.1295806388116841,0.1295752550851218,1,3,True,False
DAVIDSON,DAVIDSON - 02,02,ABBOTTS CREEK,36111834.02522641,DAVIDSON - 88,88,ABBOTTS CREEK 2 88,18323457.363136437,18069060.862174854,0.500363976239824,0.9861163482458619,0.4968637277147268,1,1,True,True
DAVIDSON,DAVIDSON - 04,04,ARCADIA,30228425.677595254,DAVIDSON - 04,04,ARCADIA 04,30280383.893173277,30048799.046887778,0.9940576915045691,0.9923519844694667,0.986499956174651,1,1,True,True
DAVIDSON,DAVIDSON - 06,06,BOONE,91785727.9514281,DAVIDSON - 06,06,BOONE 06,91599201.98749441,91405058.08774127,0.9958526246707083,0.9978805066469941,0.9937506570527734,1,1,True,True
DAVIDSON,DAVIDSON - 08,08,CENTRAL,8212767.788915521,DAVIDSON - 08,08,CENTRAL 08,9093967.188707005,7970782.510399502,0.9705354778394418,0.8764912325940336,0.8537728248278461,1,1,True,True
DAVIDSON,DAVIDSON - 10,10,COTTON GROVE,55189327.90102902,DAVIDSON - 10,10,COTTON GROVE 10,55232155.40713949,54821640.48501725,0.9933377080316842,0.9925674651098412,0.9860035155025659,1,1,True,True
DAVIDSON,DAVIDSON - 12,12,DENTON,4263054.1520101195,DAVIDSON - 12,12,DENTON 12,4243899.370269654,4180706.870558458,0.9806835009560381,0.9851098025193794,0.9663588803692109,1,1,True,True
DAVIDSON,DAVIDSON - 14,14,EMMONS,83310904.04374442,DAVIDSON - 14,14,EMMONS 14,82436328.69891003,82295153.25548542,0.9878077089677763,0.9982874608118437,0.9861366398681354,1,1,True,True
DAVIDSON,DAVIDSON - 16,16,GUMTREE,23302239.522678476,DAVIDSON - 16,16,GUMTREE 16,23607553.139728423,23225545.71964921,0.996708736816707,0.9838184237977486,0.9806326448032268,1,1,True,True
DAVIDSON,DAVIDSON - 18,18,HEALING SPRINGS,98170930.66836102,DAVIDSON - 18,18,HEALING SPRINGS 18,98303463.11513014,98007585.85929352,0.9983361183605429,0.9969901644717226,0.9953362754964328,1,1,True,True
DAVIDSON,DAVIDSON - 20,20,HOLLY GROVE,54489645.191038914,DAVIDSON - 20,20,HOLLY GROVE 20,55342653.625536084,54324768.615555175,0.9969741668365487,0.9816075857715786,0.9786918715139858,1,1,True,True
DAVIDSON,DAVIDSON - 22,22,LEXINGTON 1,17470724.79661193,DAVIDSON - 22,22,LEXINGTON 1 22,17497741.182380516,17217745.668058034,0.9855198263667369,0.9839981908862371,0.9699744780188966,1,1,True,True
DAVIDSON,DAVIDSON - 24,24,LEXINGTON 2,11289102.910351286,DAVIDSON - 24,24,LEXINGTON 2 24,11373847.56180221,11065133.632475143,0.9801605778904913,0.9728575640169604,0.9540703897494917,1,1,True,True
DAVIDSON,DAVIDSON - 26,26,LEXINGTON 3,10823759.73592503,DAVIDSON - 26,26,LEXINGTON 3 26,10785974.661073158,10688388.467714626,0.9874931381042121,0.9909524918771855,0.9786695281811095,1,1,True,True
DAVIDSON,DAVIDSON - 28,28,LEXINGTON 4,23740479.28207471,DAVIDSON - 28,28,LEXINGTON 4 28,23979120.989430618,23602032.94306793,0.9941683427128065,0.9842743173726469,0.9786241133548494,1,1,True,True
DAVIDSON,DAVIDSON - 30,30,WARD 1,8735047.628355665,DAVIDSON - 30,30,DUNBAR 30,8619508.409070728,8555351.878239013,0.9794281888591742,0.9925568225254935,0.9722870072637471,1,1,True,True
DAVIDSON,DAVIDSON - 32,32,WARD 2,4964335.528681612,DAVIDSON - 32,32,ROBBINS 32,4806192.237221608,4739583.6692678975,0.9547266984442927,0.986141093683715,0.9420863317558457,1,1,True,True
DAVIDSON,DAVIDSON - 34,34,WARD 3,4142608.9560425254,DAVIDSON - 34,34,WESLEY HEIGHTS 34,4199864.511869959,4003951.3638113714,0.9665289208558041,0.9533525075618788,0.9228837073404609,1,1,True,True
DAVIDSON,DAVIDSON - 36,36,WARD 4,3135495.9701503892,DAVIDSON - 36,36,GRIMES 36,3076914.976548448,3030025.800972508,0.9663625244038114,0.9847609778192381,0.9521241654365981,1,1,True,True
DAVIDSON,DAVIDSON - 38,38,WARD 5,3676809.9972846764,DAVIDSON - 38,38,EASTSIDE 38,3748813.3143238863,3556783.694559135,0.9673558593416084,0.9487758915518618,0.9193412099289135,1,1,True,True
DAVIDSON,DAVIDSON - 40,40,WARD 6,13109862.604038917,DAVIDSON - 40,40,MUNICIPAL 40,13197550.313482543,12844801.974965734,0.9797815860410679,0.9732716807181676,0.954109275665311,1,1,True,True
DAVIDSON,DAVIDSON - 42,42,LIBERTY,42863710.30470029,DAVIDSON - 42,42,LIBERTY 42,42897712.42926566,42752160.14797922,0.997397561808623,0.9966069920039107,0.9940221612148429,1,1,True,True
DAVIDSON,DAVIDSON - 44,44,MIDWAY,49511443.23956016,DAVIDSON - 44,44,MIDWAY 44,49443920.973389745,49075837.07591457,0.9912019093941997,0.9925555277528804,0.9838873760989602,1,1,True,True
DAVIDSON,DAVIDSON - 46,46,NORTH DAVIDSON,25955547.37923927,DAVIDSON - 46,46,NORTH DAVIDSON 46,26024294.361860514,25880820.970686443,0.997120985064927,0.9944869440385544,0.9916395407457488,1,1,True,True
DAVIDSON,DAVIDSON - 48,48,REEDS YADKIN COLLEGE,44582626.68455654,DAVIDSON - 48,48,REEDS/YADKIN COLLEGE 48,44608987.43285258,44381358.2248434,0.9954854957035796,0.9948972343666885,0.9904285824934673,1,1,True,True
DAVIDSON,DAVIDSON - 50,50,REEDY CREEK,54649665.02650094,DAVIDSON - 50,50,REEDY CREEK 50,54536350.674958795,54355962.385927044,0.9946257192897436,0.996692329303314,0.9913534475905508,1,1,True,True
DAVIDSON,DAVIDSON - 52,52,SILVER HILL,84982471.77440882,DAVIDSON - 52,52,SILVER HILL 52,83727331.18554947,83313144.01226567,0.9803567991458935,0.9950531425351906,0.9756019150971333,1,1,True,True
DAVIDSON,DAVIDSON - 54,54,SILVER VALLEY,48810930.11496024,DAVIDSON - 54,54,SILVER VALLEY 54,48793296.162197396,48639459.77777727,0.9964870504049171,0.996847181958998,0.9933563101621814,1,1,True,True
DAVIDSON,DAVIDSON - 56,56,SOUTH DAVIDSON,126671959.34697138,DAVIDSON - 56,56,SOUTH DAVIDSON 56,127555754.04511756,126450783.75662342,0.9982539498758195,0.9913373544238286,0.9896213981457727,1,1,True,True
DAVIDSON,DAVIDSON - 58,58,SOUTHMONT,46604350.48823648,DAVIDSON - 58,58,SOUTHMONT 58,46643549.12605268,46269230.02972821,0.9928092451670825,0.9919749010669646,0.9848986878277649,1,1,True,True
DAVIDSON,DAVIDSON - 60,60,THOMASVILLE 01,11177207.64944082,DAVIDSON - 60,60,THOMASVILLE 1 60,11131006.426180841,10952001.939088544,0.9798513441446584,0.9839183915417327,0.9644062480882845,1,1,True,True
DAVIDSON,DAVIDSON - 62,62,THOMASVILLE 02,2927366.6021334482,DAVIDSON - 62,62,THOMASVILLE 2 62,2904017.0889249993,2839342.6600542287,0.9699306735223842,0.9777293222145909,0.9489651480819633,1,1,True,True
DAVIDSON,DAVIDSON - 64,64,THOMASVILLE 03,3797468.868368424,DAVIDSON - 64,64,THOMASVILLE 3 64,3733570.9418702736,3665042.103950059,0.9651276234226873,0.9816452294633817,0.9480197305829503,1,1,True,True
DAVIDSON,DAVIDSON - 66,66,THOMASVILLE 04,4444920.639216078,DAVIDSON - 66,66,THOMASVILLE 4 66,4513114.39354032,4336657.256383029,0.9756433485273331,0.9609012487230866,0.9383905549886086,1,1,True,True
DAVIDSON,DAVIDSON - 68,68,THOMASVILLE 05,6072347.033703563,DAVIDSON - 68,68,THOMASVILLE 5 68,6014372.906577557,5864726.370624813,0.965808827801444,0.9751185138871112,0.9425799472416961,1,1,True,True
DAVIDSON,DAVIDSON - 70,70,THOMASVILLE 07,40741821.39115238,DAVIDSON - 70,70,THOMASVILLE 7 70,40759792.53046372,40424316.70122355,0.9922069097775343,0.991769442177866,0.984103615297142,1,1,True,True
DAVIDSON,DAVIDSON - 72,72,THOMASVILLE 08,37966519.581600584,DAVIDSON - 72,72,THOMASVILLE 8 72,37929903.136114776,37559093.41698407,0.9892688039592135,0.9902238158162433,0.9797003104300128,1,1,True,True
DAVIDSON,DAVIDSON - 74,74,THOMASVILLE 09,35149420.65929524,DAVIDSON - 74,74,THOMASVILLE 9 74,35167733.32193497,34861911.76027231,0.9918203801476626,0.9913039160396524,0.9832653671638193,1,1,True,True
DAVIDSON,DAVIDSON - 76,76,THOMASVILLE 10,19853732.655656368,DAVIDSON - 76,76,THOMASVILLE 10 76,19956189.373681802,19636175.964269947,0.9890420257409662,0.9839642026130555,0.9733529856545038,1,1,True,True
DAVIDSON,DAVIDSON - 78,78,TYRO,59765407.79363321,DAVIDSON - 78,78,TYRO 78,59818675.95486274,59510556.88232922,0.9957358123919445,0.9948491158051371,0.9906286510347276,1,1,True,True
DAVIDSON,DAVIDSON - 80,80,WALLBURG,47949791.11994602,DAVIDSON - 80A,80A,WALLBURG 80A,49513317.19545333,47642883.2839246,0.9935993915958113,0.9622236194730155,0.9562960274431805,1,1,True,True
DAVIDSON,DAVIDSON - 82,82,WELCOME,44199701.7281341,DAVIDSON - 82,82,WELCOME 82,43956950.81170204,43733156.11942706,0.9894445982559635,0.9949087757876189,0.984460018760143,1,1,True,True
DAVIDSON,DAVIDSON - 84,84,WEST ARCADIA,43100489.33760955,DAVIDSON - 84,84,WEST ARCADIA 84,44113520.54543212,42955512.97272468,0.9966363174267174,0.9737493730178526,0.9705596884541152,1,1,True,True
DAVIE,DAVIE - 01,01,CALAHALN NORTH,57247695.54282235,DAVIE - 01,01,NORTH CALAHALN,56562278.77156076,56411413.93551046,0.985391872993624,0.9973327659470793,0.9828018954335036,1,1,True,True
DAVIE,DAVIE - 02,02,CALAHALN SOUTH,57878904.82258794,DAVIE - 02,02,SOUTH CALAHALN,57628718.64930567,57418791.251214,0.9920504098551226,0.9963572433499838,0.9884652360212696,1,1,True,True
DAVIE,DAVIE - 03,03,CLARKSVILLE,101458921.21458739,DAVIE - 03,03,CLARKSVILLE,101250606.01482925,100912220.63130592,0.9946116065818875,0.9966579421413658,0.9913054087933871,1,1,True,True
DAVIE,DAVIE - 04,04,COOLEEMEE,25143834.868137326,DAVIE - 04,04,COOLEEMEE,25187617.671708718,24967793.21639274,0.9929986156579612,0.9912725189741589,0.9843923898357002,1,1,True,True
DAVIE,DAVIE - 05,05,FARMINGTON,88637931.01838169,DAVIE - 05,05,FARMINGTON,88645858.97952442,88170129.03623253,0.9947223273741336,0.9946333652945731,0.989412039464445,1,1,True,True
DAVIE,DAVIE - 06,06,FULTON,72776638.01509424,DAVIE - 06,06,FULTON,72580204.5258435,72321789.63252386,0.9937500770168026,0.9964395954102385,0.9902339596195757,1,1,True,True
DAVIE,DAVIE - 07,07,JERUSALEM,59079658.099166915,DAVIE - 07,07,JERUSALEM,59046449.4915956,58673802.01639295,0.9931303583021296,0.9936889096904008,0.9869054101358141,1,1,True,True
DAVIE,DAVIE - 08,08,MOCKSVILLE NORTH CITY,9561877.401277496,DAVIE - 08,08,NORTH MOCKS CITY,9495929.9916843,9121332.829812974,0.953926979715755,0.9605518193374039,0.917964693800058,1,1,True,True
DAVIE,DAVIE - 09,09,MOCKSVILLE SOUTH,34550821.26707292,DAVIE - 09,09,SOUTH MOCKSVILLE,34478393.26540532,34193011.54745166,0.9896439590580077,0.9917228823351231,0.981536695091271,1,1,True,True
DAVIE,DAVIE - 10,10,SHADY GROVE EAST,37549817.509928085,DAVIE - 10,10,EAST SHADY GROVE,37500057.23628481,37334222.73416096,0.9942584334608251,0.9955777533597099,0.9898867112845061,1,1,True,True
DAVIE,DAVIE - 11,11,SHADY GROVE WEST,38341896.413243555,DAVIE - 11,11,WEST SHADY GROVE,38195245.21103988,37771769.01743348,0.9851304330473036,0.9889128557424735,0.9743687852689206,1,1,True,True
DAVIE,DAVIE - 12,12,SMITH GROVE,36051767.20334108,DAVIE - 12,12,SMITH GROVE,36168676.92790632,35699461.22495654,0.9902277750658534,0.9870270150084548,0.9775054881890156,1,1,True,True
DAVIE,DAVIE - 13,13,HILLSDALE,10166997.618571639,DAVIE - 13,13,HILLSDALE,10269738.379792435,10138628.56929341,0.9972096925422301,0.9872333835926135,0.9845137700421476,1,1,True,True
DAVIE,DAVIE - 14,14,MOCKSVILLE NORTH COUNTY,62790458.73465932,DAVIE - 14,14,NORTH MOCKS COUNTY,63479514.218835466,62189665.44475903,0.9904317741579317,0.9796808657100008,0.970495739838343,1,1,True,True
DUPLIN,DUPLIN - ALBE,ALBE,ALBERTSON,100007306.47245617,DUPLIN - ALBE,ALBE,ALBERTSON,100055915.96692212,99336118.6392598,0.9932886120337495,0.9928060492904759,0.9861905573735253,1,1,True,True
DUPLIN,DUPLIN - BEUL,BEUL,BEULAVILLE,122269391.2997643,DUPLIN - BEUL,BEUL,BEULAVILLE,123814147.14744367,121444569.2103844,0.9932540590853379,0.980861815942265,0.9743707762829008,1,1,True,True
DUPLIN,DUPLIN - CALY,CALY,CALYPSO,62224094.29070388,DUPLIN - CALY,CALY,CALYPSO,62469156.10983277,61823490.40922001,0.9935619170347053,0.9896642480734403,0.983358142575363,1,1,True,True
DUPLIN,DUPLIN - CFRK,CFRK,CEDAR FORK,53448283.79109652,DUPLIN - CFRK,CFRK,CEDAR FORK,53585166.09335103,53335504.73721485,0.9978899405952402,0.9953408494488709,0.9932503858569619,1,1,True,True
DUPLIN,DUPLIN - CHAR,CHAR,CHARITY,100216312.73086587,DUPLIN - CHAR,CHAR,CHARITY,99459556.66605641,98915722.25762622,0.9870221679704738,0.9945321050418899,0.9816948969008549,1,1,True,True
DUPLIN,DUPLIN - CHIN,CHIN,CHINQUAPIN,57586942.05291892,DUPLIN - CHIN,CHIN,CHINQUAPIN,57150836.71272901,56681915.26804458,0.984284166642454,0.9917950204816515,0.9763340316242911,1,1,True,True
DUPLIN,DUPLIN - CYCK,CYCK,CYPRESS CREEK,190650741.38044298,DUPLIN - CYCK,CYCK,CYPRESS CREEK,191458711.37605688,189042477.82737097,0.9915643467136447,0.9873798714546865,0.9791549170787223,1,1,True,True
DUPLIN,DUPLIN - FAIS,FAIS,FAISON,141535217.8654169,DUPLIN - FAIS,FAIS,FAISON,142022295.46693534,140622342.06445876,0.9935501862029408,0.9901427209166429,0.9838190336016039,1,1,True,True
DUPLIN,DUPLIN - GLIS,GLIS,GLISSON,78839346.55248027,DUPLIN - GLIS,GLIS,GLISSON,78164003.82823077,77387964.06798258,0.9815906327492002,0.9900716477887498,0.9720227163629331,1,1,True,True
DUPLIN,DUPLIN - HALL,HALL,HALLSVILLE,94494264.09370863,DUPLIN - HALL,HALL,HALLSVILLE,94775189.71136543,93983158.2489992,0.9945911442391616,0.9916430506256084,0.9863239797552126,1,1,True,True
DUPLIN,DUPLIN - KENA,KENA,KENANSVILLE,286835822.1879027,DUPLIN - KENA,KENA,KENANSVILLE,287466368.13641423,285679402.4868623,0.9959683567686227,0.9937837401253703,0.9898019647975612,1,1,True,True
DUPLIN,DUPLIN - LOCK,LOCK,LOCKLIN,29110164.34562425,DUPLIN - LOCK,LOCK,LOCKLIN,28588861.98533292,28015886.531657975,0.9624090815505559,0.9799580880844819,0.9438316404897104,1,1,True,True
DUPLIN,DUPLIN - MAGN,MAGN,MAGNOLIA,141319239.47954166,DUPLIN - MAGN,MAGN,MAGNOLIA,141309023.95447767,140282329.15951127,0.9926626386906044,0.9927344003501352,0.9855028868543781,1,1,True,True
DUPLIN,DUPLIN - ROCK,ROCK,ROCKFISH,128622497.94900869,DUPLIN - ROCK,ROCK,ROCKFISH,127641027.82216406,126759284.44291475,0.98551409329002,0.9930920065883692,0.9788041159332725,1,1,True,True
DUPLIN,DUPLIN - ROSE,ROSE,ROSE HILL,68163936.11942108,DUPLIN - ROSE,ROSE,ROSE HILL,68835335.19971368,67849239.08797476,0.9953832326980797,0.9856745651215624,0.9811888281000815,1,1,True,True
DUPLIN,DUPLIN - SMCA,SMCA,SMITH/CABIN,96524838.51293893,DUPLIN - SMCA,SMCA,SMITH/CABIN,96809578.25792481,96305606.83830069,0.9977287537796932,0.9947941987901092,0.9925465117549622,1,1,True,True
DUPLIN,DUPLIN - WALL,WALL,WALLACE,88018848.13384141,DUPLIN - WALL,WALL,WALLACE,88310308.69275832,87690829.85226505,0.9962733177207956,0.9929852035434672,0.9893105256561986,1,1,True,True
DUPLIN,DUPLIN - WARS,WARS,WARSAW,138855170.60527146,DUPLIN - WARS,WARS,WARSAW,139673172.27078736,138262052.23975,0.9957285107717916,0.9898969858842929,0.9857111898556187,1,1,True,True
DUPLIN,DUPLIN - WOLF,WOLF,WOLFSCRAPE,142781180.12027693,DUPLIN - WOLF,WOLF,WOLFSCRAPE,142765079.3740605,142070625.0244326,0.9950234681122136,0.9951356847719857,0.9902073306686303,1,1,True,True
DURHAM,DURHAM - 01,01,01,1410329.465987645,DURHAM - 01,01,BROGDEN MIDDLE SCHOOL,1378782.9824411913,1310523.5247544749,0.9292321803946167,0.9504929647696548,0.8863339253872965,1,1,True,True
DURHAM,DURHAM - 02,02,02,1770728.576555293,DURHAM - 02,02,GEORGE WATTS ELEMENTARY,1757071.1629393934,1670837.5586873037,0.9435876174414526,0.9509219625983559,0.899769298457573,1,1,True,True
DURHAM,DURHAM - 03,03,03,1527490.1147548102,DURHAM - 03,03,E K POWE ELEMENTARY,1490640.366568711,1477927.3318669477,0.9675527963100315,0.9914714273228578,0.9595664912050087,1,1,True,True
DURHAM,DURHAM - 04,04,04,2965006.4668755033,DURHAM - 04,04,SCHOOL OF SCIENCE AND MATH,2993640.6422195067,2891436.843317728,0.9751873648912132,0.9658596968986886,0.9426927379512372,1,1,True,True
DURHAM,DURHAM - 05,05,05,5889785.931876496,DURHAM - 05,05,PATTERSON REC CENTER,6028009.657551158,5798509.90290785,0.9845026576475988,0.961927772568211,0.9475795378668802,1,1,True,True
DURHAM,DURHAM - 06,06,06,5311913.390554857,DURHAM - 06,06,LAKEWOOD SCHOOL,5310592.245658856,5197889.365868082,0.9785342839193271,0.9787777192114678,0.9582040658401996,1,1,True,True
DURHAM,DURHAM - 07,07,07,1741144.7888158406,DURHAM - 07,07,SCHOOL OF THE ARTS,1728012.6170033813,1662930.9478980023,0.9550790712982394,0.9623372720401546,0.9206658116457138,1,1,True,True
DURHAM,DURHAM - 08,08,08,1982016.0725424716,DURHAM - 08,08,MOREHEAD MONTESSORI,1976053.8633685706,1900980.8232546959,0.9591147365501299,0.9620086063919847,0.9241120433523341,1,1,True,True
DURHAM,DURHAM - 09,09,09,3384848.7705243626,DURHAM - 09,09,FOREST HILLS CLUB HOUSE,3367072.686683389,3219092.0898204567,0.9510298119823452,0.9560506675581467,0.9111937642777063,1,1,True,True
DURHAM,DURHAM - 10,10,10,1558473.0590939336,DURHAM - 10,10,C C SPAULDING SCHOOL,1567437.5238878515,1462521.783694063,0.9384325094104259,0.933065440507283,0.879242293996646,1,1,True,True
DURHAM,DURHAM - 12,12,12,782309.454771202,DURHAM - 12,12,MONUMENT OF FAITH CHURCH,811928.9112264552,724563.4261874368,0.9261851838405124,0.8923976177827577,0.8331428135040321,1,1,True,True
DURHAM,DURHAM - 13,13,13,1578313.4954750864,DURHAM - 13,13,BURTON ELEMENTARY,1540932.66159321,1485787.371068069,0.9413765866716066,0.9642130432434829,0.9095958733714034,1,1,True,True
DURHAM,DURHAM - 14,14,14,3813338.8509296807,DURHAM - 14,14,Y E SMITH SCHOOL,3826121.0027372492,3706714.888342414,0.9720392111072762,0.9687918614415459,0.9425261289569917,1,1,True,True
DURHAM,DURHAM - 15,15,15,1356830.0657822115,DURHAM - 15,15,MT CALVARY CHURCH,1376563.6422754915,1295425.7746325475,0.9547443024014474,0.9410576706000885,0.9008725052351614,1,1,True,True
DURHAM,DURHAM - 16,16,16,2416354.783721573,DURHAM - 16,16,HOLY INFANT CATHOLIC,2490674.4160779533,2352657.5742613007,0.973639132014311,0.944586558192545,0.9210318305840004,1,1,True,True
DURHAM,DURHAM - 17,17,17,2586759.5810282286,DURHAM - 17,17,COUNTY MAIN LIBRARY,2508057.405095011,2457592.642503947,0.9500661215400087,0.97987894436206,0.9318860750129353,1,1,True,True
DURHAM,DURHAM - 18,18,18,4221859.2643107185,DURHAM - 18,18,FIRST UNITED ANTIOCH,4135531.562637283,4039192.7484038756,0.9567331584330616,0.9767046115416489,0.9353884826343313,1,1,True,True
DURHAM,DURHAM - 19,19,19,8680755.154766843,DURHAM - 19,19,AMERICAN LEGION POST 7,8799672.946491355,8581634.217866836,0.9885815306234531,0.9752219508667699,0.9643592525368558,1,1,True,True
DURHAM,DURHAM - 20,20,20,1661994.5387186424,DURHAM - 20,20,COUNTY AGRICULTURAL BUILDING,1662123.4922424722,1602838.154873562,0.9644063909555993,0.9643315688361249,0.9311897368583618,1,1,True,True
DURHAM,DURHAM - 21,21,21,2691702.18992445,DURHAM - 21,21,CLUB BOULEVARD SCHOOL,2705650.2126642107,2591462.1920977947,0.9627596254140326,0.9577964586730607,0.9235793269489475,1,1,True,True
DURHAM,DURHAM - 22,22,22,7855337.327092456,DURHAM - 22,22,VFW POST 2740,7874187.4274532655,7598199.805613182,0.9672658842297673,0.9649503362241726,0.9344356366683703,1,1,True,True
DURHAM,DURHAM - 23,23,23,12937638.00035231,DURHAM - 23,23,THE RIVER CHURCH,12733744.82943693,12419715.104564827,0.9599677394147695,0.9753387766852252,0.9372190249627242,1,1,True,True
DURHAM,DURHAM - 24,24,24,7009883.35202377,DURHAM - 24,24,DPS STAFF DEVELOPMENT CENTER,7061917.412263734,6785556.954677065,0.967998554885804,0.9608660875718057,0.9312832691279178,1,1,True,True
DURHAM,DURHAM - 25,25,25,32381828.295811832,DURHAM - 25,25,NORTHERN HIGH SCHOOL,32638929.069046408,31951922.199487574,0.9867238473258206,0.978951304802143,0.9662246051214798,1,1,True,True
DURHAM,DURHAM - 26,26,26,53794888.11679099,DURHAM - 26,26,BAHAMA VFD ROUGEMONT STATION,53951703.652911164,53626255.1987725,0.996865261292999,0.9939677816991215,0.9908706892184674,1,1,True,True
DURHAM,DURHAM - 27,27,27,6611991.488207378,DURHAM - 27,27,CREEKSIDE ELEMENTARY,6021292.662706164,6016017.716397896,0.9098647097667302,0.9991239511839478,0.9091394121624546,1,1,True,True
DURHAM,DURHAM - 28,28,28,127437995.38026917,DURHAM - 28,28,BAHAMA RURITAN CLUB,127497795.116521,126887958.31593709,0.9956838848359879,0.9952168835545228,0.9909418703529647,1,1,True,True
DURHAM,DURHAM - 29,29,29,62985732.36737563,DURHAM - 29,29,GLENN ELEMENTARY,62816276.17923477,62152393.838791184,0.9867694079712553,0.9894313642765241,0.976477141677904,1,1,True,True
DURHAM,DURHAM - 30-1,30-1,30 1,21080005.672784053,DURHAM - 30-4,30-4,30 4,10723814.663430538,10533790.78216721,0.49970531059994744,0.982280197184745,0.49524100356328743,1,1,True,True
DURHAM,DURHAM - 30-2,30-2,30 2,18759326.89480704,DURHAM - 30-2,30-2,SOUTHERN HIGH SCHOOL,18833982.421070177,18615865.017726857,0.9923525040165542,0.9884189440944097,0.9809468928090206,1,1,True,True
DURHAM,DURHAM - 31,31,31,15023306.918725207,DURHAM - 31,31,BETHESDA RURITAN CLUB,15104607.492214486,14816452.803204061,0.9862311196436172,0.9809227290971347,0.9676707020392172,1,1,True,True
DURHAM,DURHAM - 32,32,32,78094562.52206929,DURHAM - 32,32,NEAL MIDDLE SCHOOL,77537943.10794647,76813746.78407034,0.9835991687944088,0.9906601040103951,0.9745617402350377,1,1,True,True
DURHAM,DURHAM - 33,33,33,50988379.99927919,DURHAM - 33-2,33-2,33 2,28668936.716698244,28258732.24109918,0.5542190640592751,0.9856916745935631,0.5497959239502211,1,1,True,True
DURHAM,DURHAM - 34,34,34,10693112.382807143,DURHAM - 34-2,34-2,IVY COMMUNITY CENTER,6030650.063943015,5832311.887285587,0.5454269700431686,0.967111642268338,0.5354945014387787,1,1,True,True
DURHAM,DURHAM - 35,35,35,18846992.10836187,DURHAM - 35-4,35-4,35 4,9668514.183731547,9399921.077549797,0.4987491385099759,0.9722198156740887,0.4917412138864626,1,1,True,True
DURHAM,DURHAM - 36,36,36,3476531.167197386,DURHAM - 36,36,YATES BAPTIST CHURCH,3484689.7781718634,3375569.644206734,0.9709591204177116,0.9686858397988082,0.9414104609425713,1,1,True,True
DURHAM,DURHAM - 37,37,37,15561650.786190787,DURHAM - 37,37,COLE MILL CHURCH,15296745.830773681,15064768.853470774,0.9680701013313485,0.984834880577265,0.9538510770965715,1,1,True,True
DURHAM,DURHAM - 38,38,38,14730845.655341242,DURHAM - 38,38,HOPE VALLEY BAPTIST,14636068.596885435,14220867.418967122,0.9653802471150591,0.9716316458091302,0.9389161129318041,1,1,True,True
DURHAM,DURHAM - 39,39,39,6269217.938750245,DURHAM - 56,56,56,9258264.078900471,6241577.838198791,0.9955911405822074,0.674162865198813,0.6721561753792709,1,1,True,True
DURHAM,DURHAM - 40,40,40,2088208.4435900098,DURHAM - 40,40,ROGERS HERR MIDDLE SCHOOL,2080535.1851971403,1994478.7314469097,0.955114771980348,0.9586373475620522,0.9173117470123987,1,1,True,True
DURHAM,DURHAM - 41,41,41,2300406.102349323,DURHAM - 41,41,WHITE ROCK BAPTIST CHURCH,2264370.5368119366,2149768.022950611,0.9345167450021669,0.949388798344516,0.890169918450965,1,1,True,True
DURHAM,DURHAM - 42,42,42,2369833.2781464634,DURHAM - 42,42,SHEPHARD MAGNET SCHOOL,2275258.879936682,2199097.981963147,0.9279547224871215,0.9665264912730921,0.8990610049004716,1,1,True,True
DURHAM,DURHAM - 43,43,43,20494713.23332986,DURHAM - 43,43,FOREST VIEW ELEMENTARY,20363588.599460118,20141628.714982226,0.982771921991403,0.9891001586781332,0.9722424348950498,1,1,True,True
DURHAM,DURHAM - 44,44,44,28585748.578561883,DURHAM - 44,44,NORTH REGIONAL LIBRARY,28496066.336069997,27931320.11798228,0.9771064781185965,0.9801816078251872,0.9581765356927167,1,1,True,True
DURHAM,DURHAM - 45,45,45,20058311.542256467,DURHAM - 45,45,TEMPLE BAPTIST CHURCH,20545698.63193362,19556986.31983606,0.9750066090376415,0.9518774060785244,0.9292043594938141,1,1,True,True
DURHAM,DURHAM - 46,46,46,5134791.820779624,DURHAM - 46,46,EDISON JOHNSON CENTER,5115084.841645575,4958992.639246047,0.9657631336051155,0.9694839465557502,0.937271090713933,1,1,True,True
DURHAM,DURHAM - 47,47,47,4868969.13468311,DURHAM - 47,47,HOLMES RECREATION CENTER,5081572.885110301,4768455.273558453,0.9793562336617279,0.9383817533210386,0.9201805193676026,1,1,True,True
DURHAM,DURHAM - 48,48,48,3138165.637571127,DURHAM - 48,48,CHRIST THE KING MORAVIAN,3141395.704776372,2873532.2313615987,0.9156725817652032,0.9147310626905433,0.8436605025169129,1,1,True,True
DURHAM,DURHAM - 50,50,50,8542791.452818993,DURHAM - 50,50,MCMANNEN UNITED METHODIST,8430345.794776082,8281445.647870995,0.9694074464545476,0.982337599129403,0.9528002176393248,1,1,True,True
DURHAM,DURHAM - 51,51,51,4223871.181133562,DURHAM - 51,51,SOUTHWEST ELEMENTARY,4349607.7339644665,4093660.587800595,0.9691726883351537,0.9411562692963608,0.9138005804512618,1,1,True,True
DURHAM,DURHAM - 52,52,52,6442285.889289542,DURHAM - 52,52,EVANGEL ASSEMBLY OF GOD,6559659.5374953225,6367452.924741191,0.9883840975339572,0.9706986907391352,0.9597498109734504,1,1,True,True
DURHAM,DURHAM - 53-1,53-1,53 1,6271455.658280073,DURHAM - 53-1,53-1,TRIANGLE PRESBYTERIAN,6300153.284150741,5980902.687904609,0.953670569289308,0.949326535109984,0.907475232081113,1,1,True,True
DURHAM,DURHAM - 53-2,53-2,53 2,26198680.22795929,DURHAM - 53-2,53-2,TRIANGLE CHURCH,26337361.595416993,25864213.62298445,0.9872334559579113,0.9820351036029791,0.9697203142079508,1,1,True,True
DURHAM,DURHAM - 54,54,54,6528857.855002983,DURHAM - 54,54,WATERFORD VILLAGE APTS,6462077.677936905,6296449.224527503,0.9644028656103476,0.9743691639648813,0.9405425501603158,1,1,True,True
DURHAM,DURHAM - 55,55,55,2165915.3980581067,DURHAM - 55-11,55-11,055 11,1607249.0066961886,1526523.6342558574,0.7047937493885919,0.9497741967150021,0.6794693901674295,1,1,True,True
EDGECOMBE,EDGECOMBE - 0101,0101,TARBORO 1,26622381.97547178,EDGECOMBE - 0101,0101,TARBORO 1,26598410.438749813,26464745.348860864,0.9940787932967022,0.9949746963189117,0.9891126773776312,1,1,True,True
EDGECOMBE,EDGECOMBE - 0102,0102,TARBORO 2,31241862.1617969,EDGECOMBE - 0102,0102,TARBORO 2,31191859.731312715,31103919.05233838,0.9955846706977921,0.997180652909706,0.9927901305481915,1,1,True,True
EDGECOMBE,EDGECOMBE - 0103,0103,TARBORO 3,20787710.30455813,EDGECOMBE - 0103,0103,TARBORO 3,20794326.685642164,20738408.595821958,0.9976283242351437,0.9973108968294311,0.994951944231324,1,1,True,True
EDGECOMBE,EDGECOMBE - 0104,0104,TARBORO 4,17749228.43150359,EDGECOMBE - 0104,0104,TARBORO 4,17660521.220043555,17599428.420450766,0.991560195890716,0.9965407136725131,0.9881589552535749,1,1,True,True
EDGECOMBE,EDGECOMBE - 0201,0201,CONETOE,107144029.08720273,EDGECOMBE - 0201,0201,CONETOE,106855717.09678079,106765146.3285495,0.9964637995987172,0.99915240128753,0.9956221823225211,1,1,True,True
EDGECOMBE,EDGECOMBE - 0301,0301,SPEED,148692322.94700775,EDGECOMBE - 0301,0301,SPEED,149168673.15371504,148600374.92091584,0.9993816222366458,0.9961902306913089,0.9955765542601103,1,1,True,True
EDGECOMBE,EDGECOMBE - 0401,0401,LAWRENCE,87264042.72462185,EDGECOMBE - 0401,0401,LAWRENCE,87010422.18304968,86891726.85412681,0.9957334560848854,0.9986358492931667,0.9943809130915877,1,1,True,True
EDGECOMBE,EDGECOMBE - 0501,0501,LEGGETT,91410626.97795019,EDGECOMBE - 0501,0501,LEGGETT,91524659.56978603,91134448.03815708,0.9969786998632038,0.9957365421137522,0.9927409108430688,1,1,True,True
EDGECOMBE,EDGECOMBE - 0601,0601,WHITAKERS,142345345.9485143,EDGECOMBE - 0601,0601,WHITAKERS,142327128.3716699,141579617.17199704,0.9946206265374196,0.9947479359119731,0.9894247692977223,1,1,True,True
EDGECOMBE,EDGECOMBE - 0701,0701,BATTLEBORO,137805888.3334126,EDGECOMBE - 0701,0701,BATTLEBORO,138350992.29088008,137518323.00597188,0.9979132580550915,0.9939814722603685,0.9919197470632017,1,1,True,True
EDGECOMBE,EDGECOMBE - 0801,0801,OLD SPARTA,100814603.74678914,EDGECOMBE - 0801,0801,OLD SPARTA,100718983.06227879,100572605.21540463,0.9975995686895489,0.9985466707226021,0.9961532032263536,1,1,True,True
EDGECOMBE,EDGECOMBE - 0901,0901,MACCLESFIELD,66280474.17354166,EDGECOMBE - 0901,0901,MACCLESFIELD,66983574.92808704,66006129.770844504,0.9958608563665546,0.9854076889999986,0.9813882205635414,1,1,True,True
EDGECOMBE,EDGECOMBE - 1001,1001,PINETOPS,61655908.29646511,EDGECOMBE - 1001,1001,PINETOPS,61575649.06846617,61344470.589500956,0.994948777569432,0.9962456184796661,0.9912321582061479,1,1,True,True
EDGECOMBE,EDGECOMBE - 1101,1101,LEWIS,65237501.60819876,EDGECOMBE - 1101,1101,LEWIS,65072148.75374472,64900229.297603734,0.994830085422023,0.9973580178396815,0.992215314576242,1,1,True,True
EDGECOMBE,EDGECOMBE - 1201,1201,ROCKY MOUNT 1,4706772.904916707,EDGECOMBE - 1201,1201,ROCKY MOUNT 1,4661323.112289671,4639301.202581709,0.9856649760466418,0.9952756096976199,0.9810747525424058,1,1,True,True
EDGECOMBE,EDGECOMBE - 1202,1202,ROCKY MOUNT 2,3665429.1458340297,EDGECOMBE - 1202,1202,ROCKY MOUNT 2,3624627.785939866,3598340.4469404537,0.9816969047212859,0.992747575598967,0.9747066064589192,1,1,True,True
EDGECOMBE,EDGECOMBE - 1203,1203,WEST EDGECOMBE,84391896.11084977,EDGECOMBE - 1203,1203,WEST EDGECOMBE,84534113.03092782,84152472.67998733,0.9971629570859748,0.9954853687197159,0.9926738483762223,1,1,True,True
EDGECOMBE,EDGECOMBE - 1204,1204,ROCKY MOUNT 4,4618435.845705381,EDGECOMBE - 1204,1204,ROCKY MOUNT 4,4502748.688728256,4484904.652855311,0.9710873556954919,0.9960370793249878,0.9673498510466363,1,1,True,True
EDGECOMBE,EDGECOMBE - 1205,1205,ROCKY MOUNT 5,3511664.9505756344,EDGECOMBE - 1205,1205,ROCKY MOUNT 5,3557514.8657503123,3457569.1005655834,0.9845953840211369,0.9719057350548416,0.9573482229071444,1,1,True,True
EDGECOMBE,EDGECOMBE - 1301,1301,TEMPERANCE HALL,73992586.0080838,EDGECOMBE - 1301,1301,TEMPERANCE HALL,74299785.76228864,73826918.63309097,0.9977610273686781,0.9936356865050655,0.9914250907328351,1,1,True,True
EDGECOMBE,EDGECOMBE - 1401,1401,SHARPSBURG,32105897.42684505,EDGECOMBE - 1401,1401,SHARPSBURG,31767481.205205873,31742354.98115867,0.9886767704744983,0.999209058348539,0.9879036325155239,1,1,True,True
FORSYTH,FORSYTH - 011,011,011,11384450.632570682,FORSYTH - 017,017,017,7459511.267900936,7430166.976419354,0.6526592469171764,0.9960661911447397,0.6509812928881155,1,1,True,True
FORSYTH,FORSYTH - 012,012,012,32082210.805980947,FORSYTH - 012,012,UNION CROSS ELEMENTARY SCHOOL,31825160.345883638,31583321.639046762,0.9844496637107946,0.992401021575115,0.9770843107551442,1,1,True,True
FORSYTH,FORSYTH - 013,013,013,12392740.983810587,FORSYTH - 013,013,SEDGE GARDEN ELEMENTARY,12128883.281452522,12066834.943320934,0.9737018597487509,0.9948842497127108,0.9688509882750272,1,1,True,True
FORSYTH,FORSYTH - 014,014,014,12887627.071812754,FORSYTH - 014,014,BEESONS CROSSROADS FIRE,12935756.233733764,12839231.589156229,0.9962448104381936,0.9925381521703526,0.9888386911675467,1,1,True,True
FORSYTH,FORSYTH - 015,015,015,18072569.575949583,FORSYTH - 015,015,SOUTHEAST MIDDLE SCHOOL,17906247.500607595,17895303.602741253,0.9901914350107562,0.9993888223724167,0.9895921845416165,1,1,True,True
FORSYTH,FORSYTH - 021,021,021,78923229.27332787,FORSYTH - 021,021,BELEWS CREEK FIRE,78861897.31658234,78622335.69498965,0.9961875156261516,0.9969622640369532,0.9931728632376251,1,1,True,True
FORSYTH,FORSYTH - 031,031,031,22936114.3141856,FORSYTH - 031,031,RURAL HALL ELEMENTARY,23003765.88269389,22813131.328520115,0.9946380200246289,0.9917128980034876,0.9864391859995361,1,1,True,True
FORSYTH,FORSYTH - 032,032,032,21945273.02331737,FORSYTH - 032,032,NORTHWEST MIDDLE SCHOOL,22083625.02566513,21712057.511317242,0.9893728589408602,0.983174523479906,0.9729001502104523,1,1,True,True
FORSYTH,FORSYTH - 033,033,033,14959597.026131863,FORSYTH - 033,033,ST ANDREWS PRESBYTERIAN,14661815.115156736,14534581.527062267,0.9715891077595763,0.9913221120921829,0.96339528816322,1,1,True,True
FORSYTH,FORSYTH - 034,034,034,14667583.941846061,FORSYTH - 034,034,KINGSWOOD UNITED METHODIST CHURCH,14501668.075501654,14343334.59653965,0.9778934726678918,0.9890817057639401,0.9674500531352539,1,1,True,True
FORSYTH,FORSYTH - 042,042,042,19952252.07311911,FORSYTH - 042,042,FELLOWSHIP BAPTIST,19892384.398644377,19759202.443596303,0.9903244190773384,0.9933048772646306,0.9837578025890111,1,1,True,True
FORSYTH,FORSYTH - 043,043,043,24028917.596094687,FORSYTH - 043,043,FRIEDLAND MORAVIAN,23592153.634462677,23454049.078831863,0.9760759711724903,0.9941461658070472,0.9704980999141123,1,1,True,True
FORSYTH,FORSYTH - 051,051,051,9689763.089013128,FORSYTH - 051,051,CLEMMONS ELEMENTARY,9580871.638945727,9548830.735901572,0.9854555419139861,0.9966557423738034,0.9822076996926671,1,1,True,True
FORSYTH,FORSYTH - 052,052,052,4518511.514908104,FORSYTH - 052,052,CLEMMONS PRESBYTERIAN,4511651.614155707,4460841.224398485,0.9872368831374347,0.9887379624796827,0.9762589105057184,1,1,True,True
FORSYTH,FORSYTH - 053,053,053,12750028.083223287,FORSYTH - 053,053,VFW POST 9010,12585706.33885919,12399364.60368886,0.972497042575472,0.985194177414184,0.9584887242523623,1,1,True,True
FORSYTH,FORSYTH - 054,054,054,9392838.078220036,FORSYTH - 054,054,CLEMMONS CIVIC CENTER,9474602.99886716,9342116.576652631,0.9945999812681732,0.9860166782470601,0.98076622756804,1,1,True,True
FORSYTH,FORSYTH - 055,055,055,12046982.327910207,FORSYTH - 055,055,HOLY FAMILY CATHOLIC CHURCH,12024220.243627062,11930925.739986673,0.9903663353390453,0.9922411181972622,0.982755657513521,1,1,True,True
FORSYTH,FORSYTH - 061,061,061,7807640.182738464,FORSYTH - 061,061,KERNERSVILLE LIBRARY,7877783.805905894,7733746.916553084,0.9905357746443352,0.9817160647078398,0.9725931833546059,1,1,True,True
FORSYTH,FORSYTH - 062,062,062,6464129.316531924,FORSYTH - 062,062,PINEY GROVE FIRE STATION,6500737.173014203,6282745.641782038,0.9719399681120241,0.9664666444081005,0.9402322683051015,1,1,True,True
FORSYTH,FORSYTH - 063,063,063,21818258.45312296,FORSYTH - 063,063,CASH ELEMENTARY SCHOOL,21837257.16574862,21641301.546023607,0.9918895035788696,0.9910265461345409,0.9830603751925758,1,1,True,True
FORSYTH,FORSYTH - 064,064,064,2848467.5542281163,FORSYTH - 064,064,KERNERSVILLE ELEMENTARY,2883955.6545455614,2751213.115185786,0.9658572768722709,0.9539720594695856,0.922851133874532,1,1,True,True
FORSYTH,FORSYTH - 065,065,065,9153554.583125614,FORSYTH - 065,065,KERNERSVILLE 7TH DAY ADVENTIST CHURCH,9083501.292780962,9012520.998516208,0.9845924789841316,0.9921858001692403,0.9770163068716003,1,1,True,True
FORSYTH,FORSYTH - 066,066,066,13882929.429740807,FORSYTH - 066,066,PINEY GROVE ELEMENTARY,14024005.031607565,13718336.984482763,0.988144256866606,0.9782039405693395,0.9668564498253193,1,1,True,True
FORSYTH,FORSYTH - 067,067,067,4443943.624197031,FORSYTH - 067,067,KERNERSVILLE RECREATION,4376833.875752668,4332600.409045904,0.9749449532741888,0.989893729585714,0.9653363317206892,1,1,True,True
FORSYTH,FORSYTH - 068,068,068,9786889.92572443,FORSYTH - 068,068,GOOD SHEPHERD MORAVIAN,9676770.751562424,9537471.525934275,0.974515050063599,0.9856047818839092,0.9608391881827744,1,1,True,True
FORSYTH,FORSYTH - 071,071,071,7689584.7460082285,FORSYTH - 071,071,LEWISVILLE ELEMENTARY SCHOOL,7752065.001779583,7658297.007577517,0.9959311537015112,0.9879041269415904,0.9839329223784611,1,1,True,True
FORSYTH,FORSYTH - 072,072,072,16912063.16372577,FORSYTH - 076,076,076,11548869.925025366,11494342.727419123,0.6796534885272324,0.9952785685560379,0.6774692193674631,1,1,True,True
FORSYTH,FORSYTH - 073,073,073,46687138.432357535,FORSYTH - 073,073,UNITY MORAVIAN CHURCH,46654152.15002793,46472615.346748635,0.9954050924341891,0.9961088821698973,0.9915495821698188,1,1,True,True
FORSYTH,FORSYTH - 074,074,074,8096117.060792563,FORSYTH - 074,074,MEADOWLARK MIDDLE SCHOOL,8010522.742631978,7870465.237160627,0.972128389209599,0.9825158095206489,0.9555971857855874,1,1,True,True
FORSYTH,FORSYTH - 075,075,075,10544029.209876627,FORSYTH - 075,075,NEW HOPE AME ZION CHURCH,10806795.577878293,10540998.407548623,0.9997125574799086,0.9754046268004032,0.9751311479757048,1,1,True,True
FORSYTH,FORSYTH - 081,081,081,17495964.228913177,FORSYTH - 081,081,OAK SUMMIT UNITED METHODIST CHURCH,17491841.533131223,17347042.781014655,0.9914882400335261,0.9917219263710852,0.9833499151748172,1,1,True,True
FORSYTH,FORSYTH - 082,082,082,22168308.088088915,FORSYTH - 085,085,085,11311931.834230945,11177688.963493412,0.5042193079903654,0.9881326308622811,0.5011843256912158,1,1,True,True
FORSYTH,FORSYTH - 083,083,083,10907346.786117159,FORSYTH - 083,083,IBRAHAM ELEMENTARY,10927093.30388439,10786261.823795237,0.9888987702787594,0.9871117161561079,0.9762932461714331,1,1,True,True
FORSYTH,FORSYTH - 091,091,091,47044941.25431788,FORSYTH - 091,091,TOBACCOVILLE COMMUNITY CENTER,47320978.406971,46959078.52151596,0.9981748785201419,0.9923522315548376,0.990554894452115,1,1,True,True
FORSYTH,FORSYTH - 092,092,092,30323602.074483972,FORSYTH - 092,092,MACEDONIA BAPTIST CHURCH,30272395.578812826,30126981.26211529,0.9935159150325966,0.9951964714414835,0.9887743298085193,1,1,True,True
FORSYTH,FORSYTH - 101,101,101,9522264.009228209,FORSYTH - 101,101,BETHANIA MORAVIAN CHURCH,9454820.241864078,9373484.121823085,0.9843755763061245,0.9913973911761059,0.9760385684171937,1,1,True,True
FORSYTH,FORSYTH - 111,111,111,46959442.31560812,FORSYTH - 111,111,PROVIDENCE MORAVIAN CHURCH,47394522.39713532,46946316.52849664,0.9997204867335675,0.9905430871339307,0.9902688348100033,1,1,True,True
FORSYTH,FORSYTH - 112,112,112,38124376.91075389,FORSYTH - 112,112,WALKERTOWN LIBRARY,38073411.991127826,37972266.47812507,0.9960101529531906,0.9973434082286525,0.9933746897472306,1,1,True,True
FORSYTH,FORSYTH - 122,122,122,24467024.87546529,FORSYTH - 121,121,FLAT ROCK MIDDLE SCHOOL,17287658.80729641,17241719.195943486,0.7046921022765176,0.9973426354681679,0.7033714426998489,1,1,True,True
FORSYTH,FORSYTH - 123,123,123,6955605.433309333,FORSYTH - 123,123,FORSYTH FRIENDS MEETING,6864344.131947796,6742441.138795447,0.969353595951105,0.982241130280023,0.9526574512559431,1,1,True,True
FORSYTH,FORSYTH - 131,131,131,15375915.183221316,FORSYTH - 131,131,VIENNA ELEMENTARY SCHOOL,15350402.061137877,15259407.096917529,0.9924226893218737,0.9940721445693779,0.9865840656895223,1,1,True,True
FORSYTH,FORSYTH - 132,132,132,25141987.65676464,FORSYTH - 132,132,PFAFFTOWN CHRISTIAN CHURCH,25047372.411343314,24985899.510266233,0.9937917340255947,0.9975457345358413,0.9913678105006181,1,1,True,True
FORSYTH,FORSYTH - 133,133,133,37418438.27314044,FORSYTH - 134,134,GRACE BAPTIST CHURCH,27167952.087118044,26982491.743978575,0.7211014940553263,0.9931735619032026,0.7175450614659674,1,1,True,True
FORSYTH,FORSYTH - 201,201,201,5807898.699074806,FORSYTH - 208,208,BROWN & DOUGLAS RECREATION CENTER,3578359.498653999,3557076.72508867,0.612455021926486,0.9940523657353783,0.6102189032515417,1,1,True,True
FORSYTH,FORSYTH - 203,203,203,1393249.5875927142,FORSYTH - 203,203,MARTIN LUTHER KING REC,1406603.802936306,1378035.2404879348,0.9890799557808827,0.9796896877509261,0.9692063928485612,1,1,True,True
FORSYTH,FORSYTH - 204,204,204,4199943.053586356,FORSYTH - 204,204,HOME AND GARDEN BUILDING (FAIRGROUNDS),4232639.45087437,4164751.1153240525,0.9916208534703219,0.9839607563227969,0.9758471541132103,1,1,True,True
FORSYTH,FORSYTH - 205,205,205,1592737.5489489222,FORSYTH - 205,205,PAISLEY MIDDLE SCHOOL,1584375.1877528164,1560038.8530300655,0.9794701293126196,0.9846397905553746,0.9647294837808489,1,1,True,True
FORSYTH,FORSYTH - 206,206,206,5198659.134610329,FORSYTH - 206,206,NORTH HILLS ELEMENTARY SCHOOL,5212037.456609763,5134136.457603104,0.987588592493464,0.9850536379189165,0.9730082340753589,1,1,True,True
FORSYTH,FORSYTH - 207,207,207,7104662.435223163,FORSYTH - 207,207,NEW HOPE UNITED METHODIST CHURCH VOTING DISTRICT,7148883.591858403,6974686.878338258,0.9817055971244294,0.9756330185990815,0.9582115460418594,1,1,True,True
FORSYTH,FORSYTH - 301,301,301,1244783.5836434863,FORSYTH - 301,301,ASHLEY ELEMENTARY SCHOOL,1249883.618703649,1219994.9571968652,0.9800859950497864,0.9760868443593305,0.9571048258393994,1,1,True,True
FORSYTH,FORSYTH - 302,302,302,2941876.946821794,FORSYTH - 302,302,HANES LOWRANCE MIDDLE SCHOOL,2943158.563749503,2897835.467773319,0.9850294625354558,0.9846005252539152,0.9700841678681301,1,1,True,True
FORSYTH,FORSYTH - 303,303,303,1086551.2534394276,FORSYTH - 303,303,JOHN WESLEY AME ZION CHURCH,1092935.891963269,1055535.5270977123,0.9714548888112398,0.965779909745325,0.9391289713071015,1,1,True,True
FORSYTH,FORSYTH - 304,304,304,5308191.3634712575,FORSYTH - 304,304,FORSYTH TECH CC MAZIE WOODRUFF CTR,5312229.935203213,5250338.794842883,0.9891012654467412,0.9883493107197434,0.9777017003177758,1,1,True,True
FORSYTH,FORSYTH - 305,305,305,3112938.410905011,FORSYTH - 305,305,CARVER HIGH SCHOOL,3148356.7757002865,3052110.149294924,0.9804595357887589,0.9694295681009804,0.9510545866974707,1,1,True,True
FORSYTH,FORSYTH - 306,306,306,4375756.172756363,FORSYTH - 306,306,MINERAL SPRINGS ELEM SCHOOL,4405783.320077415,4325488.372605991,0.9885122026534885,0.9817751029412828,0.9706998990588055,1,1,True,True
FORSYTH,FORSYTH - 401,401,401,11038150.831014382,FORSYTH - 401,401,WINSTON LAKE FAMILY YMCA,10706795.412137404,10665337.566328827,0.9662250253332247,0.9961278940884982,0.9626095900516118,1,1,True,True
FORSYTH,FORSYTH - 402,402,402,2022353.845979542,FORSYTH - 402,402,FOURTEENTH STREET REC,2027782.1161859296,1986668.5282179303,0.9823545628117679,0.9797248493120503,0.9627816245286266,1,1,True,True
FORSYTH,FORSYTH - 403,403,403,3171400.6441681674,FORSYTH - 403,403,LEAP ACADEMY AT KENNEDY,3128628.411943479,3096598.880529518,0.9764136506132705,0.989762436698558,0.9666509681194478,1,1,True,True
FORSYTH,FORSYTH - 404,404,404,2432981.743004629,FORSYTH - 404,404,EAST WINSTON HERITAGE CENTER,2428770.911769429,2385863.6694540386,0.9806336098961427,0.9823337630949592,0.9636391952952021,1,1,True,True
FORSYTH,FORSYTH - 405,405,405,3353708.493100729,FORSYTH - 405,405,SIMS RECREATION CENTER,3376141.7252161377,3310384.0026098164,0.9870816170874601,0.9805228192539484,0.9680996371316164,1,1,True,True
FORSYTH,FORSYTH - 501,501,501,4902644.358782091,FORSYTH - 501,501,ST ANDREWS METHODIST,5010981.73001235,4864557.340444837,0.9922313315937288,0.9707793008522599,0.9634563486652706,1,1,True,True
FORSYTH,FORSYTH - 502,502,502,2739972.793935057,FORSYTH - 502,502,FOREST PARK ELEMENTARY,2772453.640088168,2717054.906189779,0.9916357243414946,0.9800181568061757,0.9719834659314976,1,1,True,True
FORSYTH,FORSYTH - 503,503,503,3034003.66278303,FORSYTH - 503,503,TRINITY MORAVIAN CHURCH,2995936.392753696,2971644.962180554,0.9794467286353651,0.9918918737287293,0.971667177780242,1,1,True,True
FORSYTH,FORSYTH - 504,504,504,2450127.573883854,FORSYTH - 504,504,HILL MIDDLE SCHOOL,2578890.9930547564,2413735.717391954,0.9851469544362488,0.935958799302652,0.9229348625944456,1,1,True,True
FORSYTH,FORSYTH - 505,505,505,7182481.534099136,FORSYTH - 505,505,EASTON ELEMENTARY SCHOOL,7143544.289144834,7074207.925923349,0.9849253203559588,0.9902938428859682,0.9755082140903052,1,1,True,True
FORSYTH,FORSYTH - 506,506,506,4756547.385809951,FORSYTH - 506,506,COVENANT PRESBYTERIAN,4745998.444967959,4704859.2261200035,0.9891332608513167,0.9913318094548526,0.9806516377189415,1,1,True,True
FORSYTH,FORSYTH - 507,507,507,13978136.283194039,FORSYTH - 508,508,LINVILLE FOREST CHURCH OF CHRIST,9326249.787654031,8968147.58366366,0.6415839280695878,0.961602765083086,0.6255579238361968,1,1,True,True
FORSYTH,FORSYTH - 601,601,601,2171199.301139438,FORSYTH - 601,601,PIEDMONT BAPTIST COLLEGE,2121494.7775999554,2101371.4111605636,0.9678390233719083,0.9905145340672686,0.958951158700123,1,1,True,True
FORSYTH,FORSYTH - 602,602,602,7203176.522065488,FORSYTH - 602,602,FIRST ALLIANCE CHURCH,7157861.405858061,7096296.870721953,0.9851621501963571,0.991399032246458,0.9768134631154316,1,1,True,True
FORSYTH,FORSYTH - 603,603,603,3387388.637269124,FORSYTH - 603,603,LATHAM ELEMENTARY,3494660.317353141,3375749.3311946574,0.9965639295277763,0.965973520926192,0.9627669320212487,1,1,True,True
FORSYTH,FORSYTH - 604,604,604,3612726.6515612095,FORSYTH - 604,604,WSFC SCHOOLS ADMINISTRATION BLDG,3556986.9439766086,3502116.824955643,0.9693832837981896,0.9845739891978287,0.9548805509499169,1,1,True,True
FORSYTH,FORSYTH - 605,605,605,6800508.206901102,FORSYTH - 605,605,PARKLAND HIGH SCHOOL,6758486.279562874,6652277.828643974,0.9782030439862266,0.9842851717787656,0.9631606678278971,1,1,True,True
FORSYTH,FORSYTH - 606,606,606,2800583.978216263,FORSYTH - 606,606,PHILO MIDDLE SCHOOL,2731340.65803054,2725744.8757690247,0.9732773225051068,0.9979512690059136,0.9713365174100397,1,1,True,True
FORSYTH,FORSYTH - 607,607,607,2929666.072336182,FORSYTH - 607,607,SHEPHERDS CENTER,2902524.3440220375,2859376.619307634,0.9760076912204203,0.9851344141856142,0.9618418153684917,1,1,True,True
FORSYTH,FORSYTH - 701,701,701,2210109.932806751,FORSYTH - 701,701,FIRST CHRISTIAN CHURCH,2223161.67407987,2160263.367216818,0.9774461148515675,0.9717077225662931,0.9503983881425068,1,1,True,True
FORSYTH,FORSYTH - 702,702,702,1952526.054978294,FORSYTH - 702,702,MILLER PARK RECREATION,1900464.2220369005,1889530.8334615026,0.967736552679451,0.9942469905780812,0.9623477783893591,1,1,True,True
FORSYTH,FORSYTH - 703,703,703,1161405.041852815,FORSYTH - 703,703,ARDMORE BAPTIST CHURCH,1160159.9917839891,1135307.3303436378,0.9775291904471648,0.9785782464346705,0.9570494903357969,1,1,True,True
FORSYTH,FORSYTH - 704,704,704,1684241.4711810455,FORSYTH - 704,704,PARKWAY UNITED CHURCH OF CHRIST,1698376.299606213,1668175.8177547755,0.9904611935395438,0.9822180267950984,0.9730138805831993,1,1,True,True
FORSYTH,FORSYTH - 705,705,705,6611250.622050544,FORSYTH - 705,705,FORSYTH TECH WEST CAMPUS,6572735.60122797,6510574.2813498415,0.9847719672939161,0.9905425497616982,0.9755990395923663,1,1,True,True
FORSYTH,FORSYTH - 706,706,706,1954644.7740942494,FORSYTH - 706,706,SOUTH FORK ELEMENTARY,1972054.836748085,1939023.8711066768,0.99200831619402,0.9832504831884512,0.9755232366847467,1,1,True,True
FORSYTH,FORSYTH - 707,707,707,2618711.2346891696,FORSYTH - 707,707,GREEK ORTHODOX CHURCH,2649711.710396863,2586251.113427485,0.9876045434747839,0.9760499994318728,0.9642376684823549,1,1,True,True
FORSYTH,FORSYTH - 708,708,708,9713070.849609906,FORSYTH - 708,708,LITTLE CREEK RECREATION,9675456.575596187,9610251.342615897,0.9894143151444079,0.9932607590690083,0.9828165273147215,1,1,True,True
FORSYTH,FORSYTH - 709,709,709,14383980.950698588,FORSYTH - 709,709,WARD ELEMENTARY SCHOOL,14443382.24494867,14313765.534825008,0.9951184991057591,0.9910258755237892,0.9862313858584723,1,1,True,True
FORSYTH,FORSYTH - 801,801,801,2617814.04041294,FORSYTH - 801,801,POLO PARK RECREATION CTR,2623164.284508083,2575986.186311194,0.9840218390397403,0.9820148137592778,0.9666017955516132,1,1,True,True
FORSYTH,FORSYTH - 802,802,802,2882847.7561292336,FORSYTH - 802,802,SUMMIT SCHOOL,2878821.0808082707,2831719.9716902007,0.9822648336769328,0.9836387507955702,0.9664741952591,1,1,True,True
FORSYTH,FORSYTH - 803,803,803,2351899.2820022125,FORSYTH - 803,803,WHITAKER ELEMENTARY,2348739.6592388763,2323320.1341822627,0.9878484814215259,0.9891773764892908,0.9772858933701997,1,1,True,True
FORSYTH,FORSYTH - 804,804,804,2108240.3560430696,FORSYTH - 804,804,SHERWOOD FOREST ELEM SCHOOL,2140355.820674358,2072885.607356892,0.9832302096936734,0.9684771042899735,0.9527395953066198,1,1,True,True
FORSYTH,FORSYTH - 805,805,805,3144392.4174160413,FORSYTH - 805,805,MESSIAH MORAVIAN CHURCH,3019114.088967479,2996612.970614548,0.9530022251729847,0.9925471122687429,0.9462310421139316,1,1,True,True
FORSYTH,FORSYTH - 806,806,806,3519726.697088577,FORSYTH - 806,806,TRINITY UNITED METHODIST CHURCH,3474600.8625973254,3448795.6096734335,0.9798475581999546,0.9925731748927841,0.9727159868524959,1,1,True,True
FORSYTH,FORSYTH - 807,807,807,2595732.0518193366,FORSYTH - 807,807,CALVARY BAPTIST CHURCH BOY SCOUT HUT,2697384.942487273,2557491.6674420927,0.9852679769660966,0.9481374449594933,0.9348837511946145,1,1,True,True
FORSYTH,FORSYTH - 808,808,808,3391944.824798523,FORSYTH - 808,808,W S FIRST SEVENTH DAY ADVENTIST CHURCH,3510938.1673424444,3323225.1639609854,0.979740336477431,0.9465348022567012,0.9283639172994991,1,1,True,True
FORSYTH,FORSYTH - 809,809,809,5576009.8752583135,FORSYTH - 809,809,JEFFERSON MIDDLE,5573547.082019079,5454071.329542769,0.978131576442035,0.978563785194934,0.9576130440894686,1,1,True,True
FORSYTH,FORSYTH - 901,901,901,2369538.595782992,FORSYTH - 901,901,REYNOLDS HIGH GIRLS GYM,2352689.77539207,2323987.9459285797,0.9807765739982132,0.9878004190081936,0.9690387675329628,1,1,True,True
FORSYTH,FORSYTH - 902,902,902,1411836.2570654014,FORSYTH - 902,902,BRUNSON ELEMENTARY,1433077.7736554525,1387968.3276317192,0.9830944067952374,0.9685226811461394,0.9526561797662298,1,1,True,True
FORSYTH,FORSYTH - 903,903,903,4496826.95016792,FORSYTH - 903,903,ARTS COUNCIL THEATER,4541266.505410333,4437727.735326523,0.9868575741303119,0.9772004638000309,0.9646467270614504,1,1,True,True
FORSYTH,FORSYTH - 904,904,904,4039814.075449597,FORSYTH - 904,904,MISSION HISPANA,3995826.409515308,3955584.4275444034,0.9791501177202518,0.9899289964461229,0.9694926667368409,1,1,True,True
FORSYTH,FORSYTH - 905,905,905,3994213.9895036933,FORSYTH - 905,905,BETHABARA MORAVIAN CH,3902582.8741439544,3855293.592729699,0.9652195908534044,0.9878825683042981,0.9539256396182613,1,1,True,True
FORSYTH,FORSYTH - 906,906,906,6007707.710205505,FORSYTH - 906,906,MT TABOR HIGH SCHOOL,5979259.447551075,5921274.836528861,0.98561300285468,0.9903023758157938,0.9761910962424768,1,1,True,True
FORSYTH,FORSYTH - 907,907,907,3463670.2009920045,FORSYTH - 907,907,ST ANNES EPISCOPAL,3499866.8304488454,3430900.9782232647,0.9905391619677432,0.9802947210375041,0.9712013710266987,1,1,True,True
FORSYTH,FORSYTH - 908,908,908,6242622.683165595,FORSYTH - 908,908,OLD TOWN BAPTIST CHURCH,6250200.161149425,6185173.038739731,0.9907971941695615,0.9895959936109092,0.9805828207635587,1,1,True,True
FORSYTH,FORSYTH - 909,909,909,2951159.002958872,FORSYTH - 909,909,OLD TOWN RECREATION CTR,2999179.4081195164,2930449.0477289613,0.992982433271421,0.9770836115357137,0.9703829164386125,1,1,True,True
FRANKLIN,FRANKLIN - 01,01,LOUISBURG CITY,6071753.835070923,FRANKLIN - 01,01,LOUISBURG CITY,6004392.839923685,5940040.678383268,0.9783072304534368,0.9892824864634882,0.9680472732484823,1,1,True,True
FRANKLIN,FRANKLIN - 02,02,LOUISBURG COUNTRY WEST,33114893.84504593,FRANKLIN - 02,02,WEST LOUISBURG COUNTRY,56855117.462257564,32773467.244503655,0.9896896362663908,0.576438299793503,0.5729973336941392,1,1,True,True
FRANKLIN,FRANKLIN - 03,03,FRANKLINTON WEST,66193494.24605483,FRANKLIN - 03,03,WEST FRANKLINTON,66568245.128273875,65632663.681616805,0.9915274065702998,0.9859455293608199,0.9777084371316981,1,1,True,True
FRANKLIN,FRANKLIN - 05 & 17,05 & 17,HARRIS EAST & HARRIS WEST,153874990.4313512,FRANKLIN - 05,05,EAST HARRIS,94194485.12857962,93969515.20585866,0.6106873829362258,0.9976116444352994,0.6097958428408867,1,1,True,True
FRANKLIN,FRANKLIN - 06,06,DUNN,47847985.73612613,FRANKLIN - 06,06,BUNN,48283815.49073668,47610415.52391473,0.9950348962750164,0.9860532983986914,0.9812253882316885,1,1,True,True
FRANKLIN,FRANKLIN - 07,07,PEARCES,32579309.513277,FRANKLIN - 07,07,PEARCES,32707509.895986605,32428884.16365789,0.9953827950356711,0.9914812918129574,0.9869422384960962,1,1,True,True
FRANKLIN,FRANKLIN - 08,08,CYPRESS CREEK,94433140.85681283,FRANKLIN - 08,08,CYPRESS CREEK,94929920.52909926,94165621.74913014,0.9971671056870985,0.991948810494002,0.9891612853077917,1,1,True,True
FRANKLIN,FRANKLIN - 09,09,CEDAR ROCK,118185252.74602862,FRANKLIN - 09,09,CEDAR ROCK,118288250.11764911,117451403.09329347,0.9937906833916738,0.9929253579833728,0.9868033190464547,1,1,True,True
FRANKLIN,FRANKLIN - 10,10,GOLD MINE,102803240.47702338,FRANKLIN - 10,10,GOLD MINE,100946747.78140673,100710512.22360224,0.9796433629551894,0.9976598002115329,0.9773973636042321,1,1,True,True
FRANKLIN,FRANKLIN - 11,11,SANDY CREEK,136528494.91881207,FRANKLIN - 11,11,SANDY CREEK,137957557.7727786,135095753.98666605,0.9895059201158117,0.9792559115113791,0.9691905049479111,1,1,True,True
FRANKLIN,FRANKLIN - 12,12,HAYESVILLE,86414346.48831978,FRANKLIN - 12,12,HAYESVILLE,85642532.12379059,84930809.8607336,0.9828322878332858,0.9916896167662552,0.9748036503643063,1,1,True,True
FRANKLIN,FRANKLIN - 13,13,PILOT,47234589.637660995,FRANKLIN - 13,13,PILOT,46920158.63358488,46742070.73926009,0.9895729188677399,0.9962044481623445,0.9858559603120226,1,1,True,True
FRANKLIN,FRANKLIN - 14,14,YOUNGSVILLE EAST,58968107.71880005,FRANKLIN - 14,14,EAST YOUNGSVILLE,58993587.089593805,57706131.2577305,0.9785990002072389,0.9781763426267326,0.9576896780528941,1,1,True,True
FRANKLIN,FRANKLIN - 15,15,FRANKLINTON EAST,119839143.94143693,FRANKLIN - 15,15,EAST FRANKLINTON,119376360.45494576,117976170.91029716,0.9844543863560126,0.9882707971719656,0.9730849512121172,1,1,True,True
FRANKLIN,FRANKLIN - 16,16,LOUISBURG COUNTRY EAST,111836192.36102696,FRANKLIN - 16,16,EAST LOUISBURG COUNTRY,88075604.78571026,86784657.9466091,0.7759979673346971,0.9853427422696436,0.7671426906065596,1,1,True,True
FRANKLIN,FRANKLIN - 18,18,YOUNGSVILLE WEST 1,27456662.908661395,FRANKLIN - 18,18,WEST YOUNGSVILLE 1,27736585.652391843,27361347.26835273,0.9965285060086964,0.9864713563254763,0.9830929975139285,1,1,True,True
FRANKLIN,FRANKLIN - 19,19,YOUNGSVILLE WEST 2,37603223.141078815,FRANKLIN - 19,19,WEST YOUNGSVILLE 2,37910270.136196755,37475675.494333275,0.9966080661153165,0.9885362293567903,0.9852214895234842,1,1,True,True
GASTON,GASTON - 01,01,YORK CHESTER,1796824.731510473,GASTON - 01,01,YORK CHESTER,1828397.0497356378,1788985.4032726374,0.9956371213617226,0.9784447002533181,0.974267487961989,1,1,True,True
GASTON,GASTON - 02,02,VICTORY,5249821.501165663,GASTON - 02,02,VICTORY,5234822.364976026,5175684.121918082,0.9858781142880535,0.9887029131201065,0.9748960947668639,1,1,True,True
GASTON,GASTON - 03,03,PLEASANT RIDGE,2892314.400640025,GASTON - 03,03,PLEASANT RIDGE,2883044.6670718994,2856651.9245065623,0.9876699171689043,0.9908455311612836,0.9787387991826237,1,1,True,True
GASTON,GASTON - 04,04,FOREST HEIGHTS,24761784.998813573,GASTON - 04-1,04-1,FOREST HEIGHTS,26499575.568875246,24597530.098250166,0.9933665969326816,0.9282235496307683,0.9225054939665617,1,1,True,True
GASTON,GASTON - 05,05,HEALTH CENTER,14288182.389420273,GASTON - 05,05,HEALTH CENTER,14220775.443323612,14152922.850300526,0.9905334677684476,0.9952286291775361,0.9858517945664506,1,1,True,True
GASTON,GASTON - 06,06,MYRTLE,5710253.99764961,GASTON - 06-1,06-1,MYRTLE,7666914.321798979,5670494.775811215,0.9930372235885199,0.739605861994383,0.7357901880368051,1,1,True,True
GASTON,GASTON - 07,07,HIGHLAND,3595463.2884317716,GASTON - 07,07,HIGHLAND,3535946.3188988026,3490544.100990028,0.9708190074477145,0.9871598113166735,0.9587127277597226,1,1,True,True
GASTON,GASTON - 08,08,WOOD HILL,5516002.691545528,GASTON - 08,08,WOODHILL,5547496.430902586,5473765.559334501,0.9923428006524063,0.9867091628653667,0.9792533933022531,1,1,True,True
GASTON,GASTON - 09,09,GRIER,3113804.5725743244,GASTON - 09,09,GRIER,3118681.1834426178,3098345.0302376994,0.9950351597294226,0.9934792458706952,0.9885787848493488,1,1,True,True
GASTON,GASTON - 10,10,SHERWOOD,3193695.3958529136,GASTON - 10,10,SHERWOOD,3195595.225183929,3173646.763371592,0.9937224343600973,0.9931316514559275,0.9869397557215335,1,1,True,True
GASTON,GASTON - 11,11,ARMSTRONG,3374327.021908589,GASTON - 11,11,ARMSTRONG,3410297.4755353536,3359872.900528504,0.9957164432237189,0.9852140244748198,0.9810559409782104,1,1,True,True
GASTON,GASTON - 12,12,FLINT GROVE,10625687.850337777,GASTON - 12,12,FLINT GROVES,10627008.9390998,10465533.303787405,0.9849276066823964,0.984805166134915,0.9701839893044523,1,1,True,True
GASTON,GASTON - 13,13,RANLO,12915066.82770381,GASTON - 13,13,RANLO,12925036.461043993,12776078.778495152,0.989238301972196,0.9884752601667469,0.9779588800119351,1,1,True,True
GASTON,GASTON - 14,14,GARDNER PARK,3833397.2741851867,GASTON - 14-1,14-1,GARDNER PARK,6872956.687039354,3814388.20262663,0.9950411944813111,0.5549850488392565,0.5534543171326816,1,1,True,True
GASTON,GASTON - 15,15,ROBINSON 1,13063239.15996636,GASTON - 15,15,ROBINSON 1,13179531.547003748,12985050.591200218,0.9940146109392408,0.9852437125621704,0.9794331512365133,1,1,True,True
GASTON,GASTON - 16,16,GASTON DAY,10320880.238651235,GASTON - 16,16,GASTON DAY,10028298.457662307,9994510.135507915,0.9683776872130462,0.996630702377174,0.965217773685101,1,1,True,True
GASTON,GASTON - 17,17,ROBINSON 2,11012697.25876393,GASTON - 17,17,ROBINSON 2,10958041.824235894,10922107.92022055,0.9917741007116773,0.9967207732374348,0.9885485142281736,1,1,True,True
GASTON,GASTON - 18,18,ASHBROOK,9676851.828634055,GASTON - 18-1,18-1,ASHBROOK,6430005.282745547,6360392.014075261,0.6572790538400821,0.9891736840625796,0.6525844960789329,1,1,True,True
GASTON,GASTON - 19,19,SOUTH GASTONIA,42840331.47570368,GASTON - 19-1,19-1,SOUTH GASTONIA,40971154.6668445,40827266.25651836,0.9530100456779377,0.9964880557676207,0.9498198726130078,1,1,True,True
GASTON,GASTON - 20,20,BESSEMER CITY 1,36817887.86049136,GASTON - 20,20,BESSEMER CITY 1,36825691.30745925,36619992.08103556,0.9946250099895558,0.9944142467087367,0.9890989761491231,1,1,True,True
GASTON,GASTON - 21,21,BESSEMER CITY 2,24905631.635098185,GASTON - 21-1,21-1,BESSEMER CITY 2,23092335.069621943,22883777.639473602,0.9188194049744439,0.9909685430460128,0.9111891918955327,1,1,True,True
GASTON,GASTON - 22,22,CROWDERS MOUNTAIN,63227755.4546592,GASTON - 22,22,CROWDERS MOUNTAIN,64147597.661484174,63032526.6817381,0.9969122931611719,0.9826171046088046,0.9796356513184423,1,1,True,True
GASTON,GASTON - 23,23,BELMONT 1,7439711.5918382425,GASTON - 23,23,BELMONT 1,6971780.178954344,6926632.895859648,0.9310351362892253,0.9935242818999109,0.9254193047055556,1,1,True,True
GASTON,GASTON - 24,24,BELMONT 2,8342515.539357948,GASTON - 24,24,BELMONT 2,8275496.106235893,8222648.542194719,0.9856317921617616,0.9936139702849535,0.9794273863944644,1,1,True,True
GASTON,GASTON - 25,25,BELMONT 3,10056934.664432488,GASTON - 25-1,25-1,BELMONT 3,9392702.226265807,9250173.614194097,0.919780621316792,0.9848256009145971,0.9069274885770789,1,1,True,True
GASTON,GASTON - 26,26,CATAWBA HEIGHTS,6304740.411669576,GASTON - 26-1,26-1,CATAWBA HEIGHTS,6797963.863724626,6260110.601390281,0.9929212295249003,0.9208802410374018,0.9148739351824172,1,1,True,True
GASTON,GASTON - 27,27,SOUTHPOINT,27902661.51591956,GASTON - 27,27,SOUTH POINT,28263461.47164381,27673988.41034491,0.9918046131389946,0.9791436352588905,0.9712851922464343,1,1,True,True
GASTON,GASTON - 28,28,CRAMERTON,9999236.843653882,GASTON - 28-1,28-1,CRAMERTON,10540952.268785866,9771310.929643484,0.9772056690351271,0.926985596792667,0.907365722202482,1,1,True,True
GASTON,GASTON - 29,29,NEW HOPE,27591928.554372426,GASTON - 29-1,29-1,NEW HOPE,27470236.63161298,27243555.42022037,0.9873740926276482,0.9917481158086662,0.9793284297674592,1,1,True,True
GASTON,GASTON - 30,30,MCADENVILLE,12305857.383931676,GASTON - 30-1,30-1,MCADENVILLE,11193736.336903471,10764258.443171741,0.8747264093298471,0.9616323021370595,0.8452277233761759,1,1,True,True
GASTON,GASTON - 31,31,UNION,41390662.32426633,GASTON - 31,31,UNION,41930194.8557801,41270142.44909953,0.9970882351622545,0.9842583033789651,0.9814373599392613,1,1,True,True
GASTON,GASTON - 32,32,LOWELL,6822711.541579497,GASTON - 32-1,32-1,LOWELL,8348885.934104348,6759090.033106559,0.9906750405487303,0.8095798752617239,0.8034572425930382,1,1,True,True
GASTON,GASTON - 33,33,TRYON,46735614.18906076,GASTON - 33,33,TRYON,46477957.967915446,46380196.77821169,0.9923951483891643,0.9978966117708691,0.9903235972874526,1,1,True,True
GASTON,GASTON - 34,34,LANDERS CHAPEL,46569734.90419166,GASTON - 34,34,LANDERS CHAPEL,47060196.068228364,46323099.625209615,0.9947039578496754,0.9843371574153644,0.97920529247075,1,1,True,True
GASTON,GASTON - 35,35,CHERRYVILLE 1,22481558.026957147,GASTON - 35,35,CHERRYVILLE 1,22427909.175629962,22331198.2325085,0.9933118605806432,0.9956879197983133,0.9890571443764117,1,1,True,True
GASTON,GASTON - 36,36,CHERRYVILLE 2,38217816.56760663,GASTON - 36,36,CHERRYVILLE 2,37839888.02012886,37767450.66763522,0.9882158129265516,0.9980856879794382,0.9863463101196461,1,1,True,True
GASTON,GASTON - 37,37,CHERRYVILLE 3,15819223.212503148,GASTON - 37,37,CHERRYVILLE 3,15759549.859448953,15669585.035370864,0.990540737991862,0.9942914090262452,0.9849393318716558,1,1,True,True
GASTON,GASTON - 38,38,HIGH SHOALS,42722964.87376572,GASTON - 38,38,HIGH SHOALS,42059739.8891428,41984658.46024013,0.9827187458616912,0.9982148860382742,0.9809947436227354,1,1,True,True
GASTON,GASTON - 39,39,ALEXIS,47522314.16154171,GASTON - 39,39,ALEXIS,45649980.01631799,45538533.78927103,0.9582558129318524,0.997558679609342,0.9560138317398182,1,1,True,True
GASTON,GASTON - 40,40,DALLAS 1,34207597.36148182,GASTON - 40,40,DALLAS 1,34502159.89146614,34124753.40348141,0.9975782000376999,0.9890613663268635,0.9866921961903371,1,1,True,True
GASTON,GASTON - 41,41,DALLAS 2,26451698.952565257,GASTON - 41,41,DALLAS 2,26466411.323061183,26357463.89193192,0.9964374666140605,0.9958835586056832,0.9923502429561607,1,1,True,True
GASTON,GASTON - 42,42,LUCIA,38746570.77951549,GASTON - 42,42,LUCIA,38761714.455108814,38488446.820738286,0.9933381470002587,0.9929500632721753,0.9863815019552049,1,1,True,True
GASTON,GASTON - 43,43,STANLEY 1,52752402.14575361,GASTON - 43,43,STANLEY 1,53758880.400208645,52729687.47427157,0.9995694097224374,0.9808553876443253,0.9804411231013712,1,1,True,True
GASTON,GASTON - 44,44,STANLEY 2,25920746.852197785,GASTON - 44,44,STANLEY 2,26386993.470910057,25308718.171399638,0.976388462713363,0.9591361061767364,0.9373938814964964,1,1,True,True
GASTON,GASTON - 45,45,MT HOLLY 1,17437114.504118174,GASTON - 45,45,MOUNT HOLLY 1,17344124.572103657,17291262.04847341,0.9916355165523334,0.9969521365341627,0.9886383510418715,1,1,True,True
GASTON,GASTON - 46,46,MT HOLLY 2,15105821.100806903,GASTON - 46,46,MOUNT HOLLY 2,15101075.740566656,15045834.081816858,0.9960288806156429,0.9963418726123332,0.9923996965405865,1,1,True,True
GATES,GATES - 1,1,1,156383091.6683806,GATES - 1,1,1,156406598.7796705,155980004.80151546,0.9974224395836866,0.997272532095938,0.9947089949093428,1,1,True,True
GATES,GATES - 2,2,2,134117821.92469637,GATES - 2,2,2,133916284.73349681,133739449.84335111,0.997178808334975,0.9986795116777798,0.9958657553125406,1,1,True,True
GATES,GATES - 3,3,3,172034748.56622365,GATES - 3,3,3,172568485.26226693,171765963.72024077,0.998437613050718,0.9953495475097525,0.9938016471369971,1,1,True,True
GATES,GATES - 4N,4N,4 NORTH,175227116.69055316,GATES - 4N,4N,4 NORTH,175108371.94468248,174768708.3051476,0.9973839186875676,0.9980602661325514,0.9954543107560553,1,1,True,True
GATES,GATES - 4S,4S,4 SOUTH,70329123.80613552,GATES - 4S,4S,4 SOUTH,70363434.8269615,70080788.27283674,0.99646895169655,0.9959830478028845,0.9924802609435442,1,1,True,True
GATES,GATES - 5,5,5,187020608.0007976,GATES - 5,5,5,187111032.81417346,186677927.60426083,0.9981676864373401,0.9976853037290283,0.9958614551125088,1,1,True,True
GRAHAM,GRAHAM - EAST & WEST,EAST & WEST,EAST WARD & WEST WARD,428508690.6776423,GRAHAM - WEST,WEST,WEST WARD,294697881.99284345,294258208.4373085,0.6867030117218148,0.9985080532219582,0.6859991387619538,1,1,True,True
GRAHAM,GRAHAM - STEC,STEC,STECOAH,179269177.59297395,GRAHAM - STEC,STEC,STECOAH,179352995.1158745,179032624.97633624,0.9986804613050951,0.9982137452495216,0.9968989133097796,1,1,True,True
GRAHAM,GRAHAM - TAPO,TAPO,TAPOCO,173372867.21906364,GRAHAM - TAPO,TAPO,TAPOCO,173098459.7852323,172781729.07223323,0.9965903652843009,0.9981702280113176,0.9947730383935566,1,1,True,True
GRANVILLE,GRANVILLE - ANTI,ANTI,ANTIOCH,26392945.21187169,GRANVILLE - ANTI,ANTI,VOTING DISTRICT 00ANTI,26471506.977628708,25733768.93017456,0.9750245273346518,0.9721308632682825,0.9485116421212463,1,1,True,True
GRANVILLE,GRANVILLE - BERE,BERE,BEREA,171698505.9250755,GRANVILLE - BERE,BERE,VOTING DISTRICT 00BERE,171655711.52485007,171633018.06970534,0.9996185880883627,0.999867796678927,0.9994864855892392,1,1,True,True
GRANVILLE,GRANVILLE - BRAS,BRAS,BRASSFIELD,209157386.22140154,GRANVILLE - WILT,WILT,VOTING DISTRICT 00WILT,109246071.38711862,108970575.14536794,0.5209979772362339,0.9974782045866487,0.5203126360281094,1,1,True,True
GRANVILLE,GRANVILLE - BTNR,BTNR,BUTNER,66973585.88566284,GRANVILLE - BTNR,BTNR,VOTING DISTRICT 00BTNR,67200847.88648963,66766285.19429934,0.9969047395533307,0.9935333748627053,0.990477955601874,1,1,True,True
GRANVILLE,GRANVILLE - CORI,CORI,CORINTH,134474480.24912137,GRANVILLE - CORI,CORI,VOTING DISTRICT 00CORI,134686428.6042924,133734794.96751614,0.9944994375123449,0.992934450436932,0.9875111315694511,1,1,True,True
GRANVILLE,GRANVILLE - CRDL,CRDL,CREDLE,3668569.9026702237,GRANVILLE - CRDL,CRDL,VOTING DISTRICT 00CRDL,3773255.625431253,3627625.038082343,0.9888390120198941,0.9614045265400577,0.9510839945553426,1,1,True,True
GRANVILLE,GRANVILLE - CRDM,CRDM,CREEDMOOR,74252046.30475275,GRANVILLE - CRDM,CRDM,VOTING DISTRICT 00CRDM,73973200.81012383,73846279.11392437,0.9945352726150739,0.9982842205716467,0.9928381785692293,1,1,True,True
GRANVILLE,GRANVILLE - EAOX,EAOX,OXFORD EAST,4527200.772762109,GRANVILLE - EAOX,EAOX,VOTING DISTRICT 00EAOX,5601242.770416396,4444899.876382969,0.9818207982128156,0.7935560122227189,0.7820648765929283,1,1,True,True
GRANVILLE,GRANVILLE - OKHL,OKHL,OAK HILL,153549605.6431079,GRANVILLE - OKHL,OKHL,VOTING DISTRICT 00OKHL,153565040.08253366,153504277.68654913,0.9997047992642578,0.9996043214265964,0.9993093542193956,1,1,True,True
GRANVILLE,GRANVILLE - SALM,SALM,SALEM,92990590.00656104,GRANVILLE - SALM,SALM,VOTING DISTRICT 00SALM,92958272.34566799,92147558.75476561,0.9909342305308962,0.9912787364648118,0.9823697029862758,1,1,True,True
GRANVILLE,GRANVILLE - SASS,SASS,SASSAFRAS FORK,175209373.26417947,GRANVILLE - SASS,SASS,VOTING DISTRICT 00SASS,175741453.74232936,175113132.3960155,0.9994507093634833,0.9964247402480515,0.9958793692326162,1,1,True,True
GRANVILLE,GRANVILLE - SOOX,SOOX,OXFORD SOUTH,3429802.7652190933,GRANVILLE - SOOX,SOOX,VOTING DISTRICT 00SOOX,3838997.4254804505,3379308.810875407,0.9852778839483906,0.8802581602285098,0.8688305181507311,1,1,True,True
GRANVILLE,GRANVILLE - TYHO,TYHO,TALLY HO,194625569.0387761,GRANVILLE - TYHO,TYHO,VOTING DISTRICT 00TYHO,194708855.54542983,194531446.93426362,0.9995163939405427,0.9990888518620827,0.9986061264619547,1,1,True,True
GRANVILLE,GRANVILLE - WOEL,WOEL,OXFORD WEST,78751573.40850511,GRANVILLE - WOEL,WOEL,VOTING DISTRICT 00WOEL,78960979.83868505,78641967.90921463,0.9986082119436277,0.9959598787892178,0.9945793062372201,1,1,True,True
GREENE,GREENE - ARBA,ARBA,ARBA,39960954.03529884,GREENE - ARBA,ARBA,ARBA,41312962.62477387,39705518.312989876,0.99360786726755,0.9610910423833883,0.9551851861469737,1,1,True,True
GREENE,GREENE - BEAR,BEAR,BEAR GARDEN,68035395.18667059,GREENE - BEAR,BEAR,BEAR GARDENS,66690309.48538971,66506395.87445988,0.9775264138906586,0.997242273842347,0.9748910835754347,1,1,True,True
GREENE,GREENE - BULL,BULL,BULL HEAD,84840039.32932921,GREENE - BULL,BULL,BULL HEAD,85983002.33811691,84489308.21894537,0.9958659718553126,0.9826280302088337,0.9786361002138796,1,1,True,True
GREENE,GREENE - CAST,CAST,CASTORIA,91046653.42458892,GREENE - CAST,CAST,CASTORIA,91303970.983252,90673760.65129738,0.9959043769401101,0.9930976678761296,0.9890582742019841,1,1,True,True
GREENE,GREENE - HOOK,HOOK,HOOKERTON,30141272.82672455,GREENE - HOOK,HOOK,HOOKERTON,30582313.467673797,29936889.981743805,0.9932191700677109,0.978895531019515,0.9723969625619935,1,1,True,True
GREENE,GREENE - MAUR,MAUR,MAURY,138425875.13476464,GREENE - MAUR,MAUR,MAURY,138516158.31211394,138117112.20332143,0.9977694709811831,0.9971191367588079,0.9949014266754461,1,1,True,True
GREENE,GREENE - SH#1,SH#1,SNOW HILL 1,16757200.892269911,GREENE - SH#1,SH#1,SNOW HILL,17586788.99392299,16709321.284342673,0.9971427442903471,0.9501064287583412,0.9475268099219926,1,1,True,True
GREENE,GREENE - SHIN,SHIN,SHINE,81078557.86362095,GREENE - SHIN,SHIN,SHINE,81398159.43990888,80527110.80827376,0.9931986079935615,0.9892989148940382,0.9826418240694706,1,1,True,True
GREENE,GREENE - SUGG,SUGG,SUGG,42269629.25136386,GREENE - SUGG,SUGG,SUGG,42270437.10414351,42147827.94584397,0.9971184676166528,0.9970994111558994,0.9942345468654536,1,1,True,True
GREENE,GREENE - WALS,WALS,WALSTONBURG,96109996.33836247,GREENE - WALS,WALS,WALSTONBURG,96424695.26722573,96028379.69473484,0.9991507996385695,0.9958898955149139,0.9950476584727432,1,1,True,True
GUILFORD,GUILFORD - CG1,CG1,CENTER GROVE 1,8221177.674823826,GUILFORD - CG1,CG1,CG1,7607091.290263486,7503054.399439993,0.9126495857664064,0.9863236962915573,0.9012445673652857,1,1,True,True
GUILFORD,GUILFORD - CG2,CG2,CENTER GROVE 2,7481631.557721984,GUILFORD - CG2,CG2,CG2,8137549.318148998,7244743.236038224,0.9683373446211393,0.89028563180323,0.865102057907605,1,1,True,True
GUILFORD,GUILFORD - CG3,CG3,CENTER GROVE 3,9399421.686050046,GUILFORD - CG3B,CG3B,CG3B,6650385.989577534,6581030.741156516,0.7001527286432541,0.9895712446571204,0.6950243718592933,1,1,True,True
GUILFORD,GUILFORD - FEN1,FEN1,FENTRESS 1,18794070.95616488,GUILFORD - FEN1,FEN1,FEN1,18970870.029215436,18558860.36257101,0.9874848512521595,0.9782819835879996,0.9663012837991704,1,1,True,True
GUILFORD,GUILFORD - FEN2,FEN2,FENTRESS 2,10851347.399033917,GUILFORD - FEN2,FEN2,FEN2,11230371.13044016,10730475.400084507,0.9888611068741406,0.955487158478612,0.9453127977060211,1,1,True,True
GUILFORD,GUILFORD - FR1,FR1,FRIENDSHIP 1,6553335.084486345,GUILFORD - FR1,FR1,FR1,6531508.453688472,6453367.128135866,0.9847454837786134,0.9880362513335678,0.9731418358612486,1,1,True,True
GUILFORD,GUILFORD - FR2,FR2,FRIENDSHIP 2,4964973.806929338,GUILFORD - FR2,FR2,FR2,4892070.093997349,4831137.177425142,0.9730438397645911,0.9875445536549093,0.9612468840367363,1,1,True,True
GUILFORD,GUILFORD - FR3,FR3,FRIENDSHIP 3,4455190.154260764,GUILFORD - FR3,FR3,FR3,3680611.1767037623,3531851.4236878958,0.7927498718119081,0.9595828665745967,0.7671350676743327,1,1,True,True
GUILFORD,GUILFORD - FR4,FR4,FRIENDSHIP 4,13259220.54227621,GUILFORD - FR4,FR4,FR4,13386583.946641428,12845242.61661815,0.968778109969729,0.9595609057410726,0.9307767854293777,1,1,True,True
GUILFORD,GUILFORD - FR5,FR5,FRIENDSHIP 5,12356960.431314377,GUILFORD - FR5A,FR5A,FR5A,8640140.14888633,8555621.654971216,0.6923726674150382,0.9902179255823751,0.687669183574444,1,1,True,True
GUILFORD,GUILFORD - G01,G01,GB 01,1048291.8089011395,GUILFORD - G01,G01,G01,1074848.9274948526,996885.489975162,0.9509618233306013,0.9274656786406256,0.8851328268109759,1,1,True,True
GUILFORD,GUILFORD - G02,G02,GB 02,2741170.446545033,GUILFORD - G02,G02,G02,2680082.412557358,2622780.5893796463,0.9568104722146684,0.9786193801693457,0.9372187167105628,1,1,True,True
GUILFORD,GUILFORD - G03,G03,GB 03,2969678.239627043,GUILFORD - G03,G03,G03,2948268.576152259,2852578.4151012185,0.9605681777361407,0.9675436078568106,0.9305825735236931,1,1,True,True
GUILFORD,GUILFORD - G04,G04,GB 04,2432152.917058572,GUILFORD - G04,G04,G04,2428865.551245216,2341739.7411837135,0.9628258670576505,0.9641290107569622,0.9295278509578351,1,1,True,True
GUILFORD,GUILFORD - G05,G05,GB 05,1258942.671099564,GUILFORD - G05,G05,G05,1273161.6520364264,1206882.255587131,0.9586475089711882,0.9479410989615645,0.910701900564778,1,1,True,True
GUILFORD,GUILFORD - G06,G06,GB 06,6402902.445308407,GUILFORD - G06,G06,G06,7241804.089635388,5612538.982771153,0.8765616891264092,0.7750194445060905,0.6987577072210106,1,1,True,True
GUILFORD,GUILFORD - G07,G07,GB 07,2826533.9369718535,GUILFORD - G07,G07,G07,3080110.9554377645,2765640.429668582,0.9784564740204363,0.8979028579428275,0.8804955428987554,1,1,True,True
GUILFORD,GUILFORD - G08,G08,GB 08,4374084.4008243345,GUILFORD - G08,G08,G08,4109961.7791730654,3932800.005504123,0.8991138819275989,0.9568945447213896,0.864114981858126,1,1,True,True
GUILFORD,GUILFORD - G09,G09,GB 09,3752201.940502097,GUILFORD - G09,G09,G09,3715418.465449002,3662178.4682832304,0.9760078285640404,0.9856705246903225,0.9623530008521333,1,1,True,True
GUILFORD,GUILFORD - G10,G10,GB 10,4790432.87949496,GUILFORD - G10,G10,G10,4739669.336787753,4628318.419375706,0.9661587033578591,0.9765066063685546,0.9442110486994845,1,1,True,True
GUILFORD,GUILFORD - G11,G11,GB 11,2019946.3306357518,GUILFORD - G11,G11,G11,2054925.4042027986,1964140.1392772896,0.9723724385583562,0.9558206518154713,0.9305494565996718,1,1,True,True
GUILFORD,GUILFORD - G12,G12,GB 12,1127874.0913751738,GUILFORD - G12,G12,G12,1158090.0136264157,1075479.0462823568,0.9535453066140267,0.9286661948794698,0.8884694928992182,1,1,True,True
GUILFORD,GUILFORD - G13,G13,GB 13,1796719.3599473985,GUILFORD - G13,G13,G13,1965208.3807102807,1743164.8446024267,0.9701931662012371,0.8870127268500649,0.8634817134833636,1,1,True,True
GUILFORD,GUILFORD - G14,G14,GB 14,914856.3991461238,GUILFORD - G14,G14,G14,905909.5922541938,869816.7426448012,0.9507686052768936,0.9601584419482941,0.9146826119092144,1,1,True,True
GUILFORD,GUILFORD - G15,G15,GB 15,1625084.8491499578,GUILFORD - G15,G15,G15,1640816.222279629,1565374.992554437,0.9632573913745158,0.9540221331915042,0.9205239554984586,1,1,True,True
GUILFORD,GUILFORD - G16,G16,GB 16,1802235.1454470332,GUILFORD - G16,G16,G16,1781847.366370769,1736914.8885886492,0.9637559743391966,0.97478320610949,0.9403125448638149,1,1,True,True
GUILFORD,GUILFORD - G17,G17,GB 17,3829585.3750385977,GUILFORD - G17,G17,G17,3628294.9242631807,3556773.2744168793,0.9287619744947013,0.9802878069894426,0.911734349180492,1,1,True,True
GUILFORD,GUILFORD - G18,G18,GB 18,1854774.8538710768,GUILFORD - G18,G18,G18,1850217.5805612819,1760010.7597579136,0.948908033815866,0.9512452904182204,0.9048983765117006,1,1,True,True
GUILFORD,GUILFORD - G19,G19,GB 19,2593940.047527918,GUILFORD - G19,G19,G19,2598036.9826036994,2501588.488579687,0.9643971883481871,0.9628763968065791,0.929824242834704,1,1,True,True
GUILFORD,GUILFORD - G20,G20,GB 20,3243927.066325582,GUILFORD - G20,G20,G20,3311365.131929746,3141564.8935619015,0.9684449832962407,0.948721982746466,0.9202741206781989,1,1,True,True
GUILFORD,GUILFORD - G21,G21,GB 21,4895445.139183281,GUILFORD - G21,G21,G21,4821877.027850151,4749558.163981544,0.9701994464131456,0.9850019269568866,0.956075643098929,1,1,True,True
GUILFORD,GUILFORD - G22,G22,GB 22,1957848.0285162968,GUILFORD - G22,G22,G22,1975045.082340138,1908669.5668423392,0.9748813692596835,0.9663929111840052,0.9429144189566092,1,1,True,True
GUILFORD,GUILFORD - G23,G23,GB 23,1424847.7849350302,GUILFORD - G23,G23,G23,1397055.623501985,1372407.481493956,0.9631958557289224,0.982357078992858,0.9468170665289963,1,1,True,True
GUILFORD,GUILFORD - G24,G24,GB 24,1391076.205353415,GUILFORD - G24,G24,G24,1341637.7027932482,1314597.535687127,0.9450219410180637,0.979845403084734,0.9270025797721594,1,1,True,True
GUILFORD,GUILFORD - G25,G25,GB 25,1556789.5884876645,GUILFORD - G25,G25,G25,1789265.541255786,1548958.5171285667,0.9949697303880962,0.8656951589429475,0.8619227849273718,1,1,True,True
GUILFORD,GUILFORD - G26,G26,GB 26,4675777.350553114,GUILFORD - G26,G26,G26,4579710.611903327,4469069.073233391,0.9557916765871517,0.9758409323107966,0.9336978598542236,1,1,True,True
GUILFORD,GUILFORD - G27,G27,GB 27,2827925.4709399254,GUILFORD - G27,G27,G27,2930797.609442979,2731173.8604734903,0.9657870720212872,0.9318875693339231,0.9021071705500493,1,1,True,True
GUILFORD,GUILFORD - G28,G28,GB 28,1300932.513072169,GUILFORD - G28,G28,G28,1290496.0007937888,1254503.753057347,0.9643111694509195,0.9721097564701456,0.9383503020009791,1,1,True,True
GUILFORD,GUILFORD - G29,G29,GB 29,3755331.544059535,GUILFORD - G29,G29,G29,3782472.568337584,3714334.1009509633,0.9890828698804438,0.9819857338934865,0.9714563184310385,1,1,True,True
GUILFORD,GUILFORD - G30,G30,GB 30,2562106.552181792,GUILFORD - G30,G30,G30,2480883.176038903,2448003.2997665717,0.9554650635751061,0.9867467051290867,0.9433588063984163,1,1,True,True
GUILFORD,GUILFORD - G31,G31,GB 31,2312029.0521099158,GUILFORD - G31,G31,G31,2319687.658497587,2238348.9074825644,0.9681318257830228,0.9649354727921845,0.9352298065345531,1,1,True,True
GUILFORD,GUILFORD - G32,G32,GB 32,2902326.9877228816,GUILFORD - G32,G32,G32,2920250.55576378,2808844.0530530266,0.9677903506168337,0.9618503616099422,0.9320147458191042,1,1,True,True
GUILFORD,GUILFORD - G33,G33,GB 33,2033625.8113165614,GUILFORD - G33,G33,G33,2009675.9112165573,1984160.1691498577,0.9756761337845727,0.9873035538097018,0.963586095326858,1,1,True,True
GUILFORD,GUILFORD - G34,G34,GB 34,2096184.854086228,GUILFORD - G34,G34,G34,2126261.6473079068,2059959.5159125754,0.98271844293549,0.9688175105451967,0.9525881680410889,1,1,True,True
GUILFORD,GUILFORD - G35,G35,GB 35,1660782.707829388,GUILFORD - G35,G35,G35,1706988.3655161047,1640379.4160515515,0.9877146530478371,0.960978674014328,0.9496279602399497,1,1,True,True
GUILFORD,GUILFORD - G36,G36,GB 36,2608396.4378235927,GUILFORD - G36,G36,G36,2591635.2705614218,2536671.744419172,0.972502380250041,0.9787919516428162,0.9524329338652265,1,1,True,True
GUILFORD,GUILFORD - G37,G37,GB 37,2183478.750882281,GUILFORD - G37,G37,G37,2156039.5018986436,2116819.4416007916,0.9694710519831923,0.981809210701699,0.9523644998383182,1,1,True,True
GUILFORD,GUILFORD - G38,G38,GB 38,2568481.7289919425,GUILFORD - G38,G38,G38,2530009.4007769665,2502383.155300334,0.9742655075387473,0.9890805759582757,0.9638979502817381,1,1,True,True
GUILFORD,GUILFORD - G39,G39,GB 39,3008335.550636391,GUILFORD - G39,G39,G39,2983030.6136620697,2913081.3343662657,0.9683365719459137,0.9765509348192938,0.9463326155008313,1,1,True,True
GUILFORD,GUILFORD - G40A,G40A,GB 40A,5222846.929114854,GUILFORD - G40A1,G40A1,G40A1,3538616.5084613385,3450577.332281863,0.6606698184177211,0.9751204528750258,0.6497178180571491,1,1,True,True
GUILFORD,GUILFORD - G40B,G40B,GB 40B,2226661.9121784745,GUILFORD - G40B,G40B,G40B,2203278.0354026696,2120979.52197119,0.952537747365567,0.9626472410158444,0.9185863466719636,1,1,True,True
GUILFORD,GUILFORD - G41,G41,GB 41,4530985.881831992,GUILFORD - G41B,G41B,G41B,2715906.875015784,2531138.22196855,0.5586285828251458,0.9319679718229806,0.536740876406404,1,1,True,True
GUILFORD,GUILFORD - G42,G42,GB 42,4851775.452736401,GUILFORD - G42A,G42A,G42A,3752951.974132673,3710331.287389236,0.7647368109949543,0.9886434233538822,0.7580774382891612,1,1,True,True
GUILFORD,GUILFORD - G43,G43,GB 43,4566492.221099905,GUILFORD - G43,G43,G43,4374572.41913523,4351833.934297508,0.952992740070694,0.9948021240342806,0.9482709005383037,1,1,True,True
GUILFORD,GUILFORD - G44,G44,GB 44,1540711.4342690927,GUILFORD - G44,G44,G44,1557067.9320967884,1491570.3556038262,0.9681049432280102,0.9579353121705092,0.9286278097121127,1,1,True,True
GUILFORD,GUILFORD - G45,G45,GB 45,1168822.5535514925,GUILFORD - G45,G45,G45,1181623.897786106,1132511.6574901624,0.9689337821630848,0.9584366562084937,0.929862307252572,1,1,True,True
GUILFORD,GUILFORD - G46,G46,GB 46,2766949.1899189004,GUILFORD - G46,G46,G46,2804337.402687349,2693791.6377943316,0.9735602112279073,0.9605804334431788,0.936158596312954,1,1,True,True
GUILFORD,GUILFORD - G47,G47,GB 47,2656217.7435625647,GUILFORD - G47,G47,G47,2599684.656882198,2536795.111557374,0.9550403455083395,0.9758087792846969,0.9329514587103276,1,1,True,True
GUILFORD,GUILFORD - G48,G48,GB 48,2484617.141168698,GUILFORD - G48,G48,G48,2505936.4456396145,2442787.459777661,0.9831645364197393,0.9748002444468079,0.9587957991358728,1,1,True,True
GUILFORD,GUILFORD - G49,G49,GB 49,3328919.9983050018,GUILFORD - G49,G49,G49,3339615.8652891503,3275945.0933425725,0.9840864589748619,0.9809347019193583,0.9656175221804435,1,1,True,True
GUILFORD,GUILFORD - G50,G50,GB 50,6553508.539315377,GUILFORD - G50,G50,G50,6493016.951707607,6431768.058238711,0.9814236175406916,0.9905669592541587,0.9723361927621677,1,1,True,True
GUILFORD,GUILFORD - G51,G51,GB 51,3168670.338974873,GUILFORD - G51,G51,G51,3193855.891125617,3090946.1471391306,0.9754710387888165,0.9677788392793709,0.9447869435435848,1,1,True,True
GUILFORD,GUILFORD - G52,G52,GB 52,3918598.9515327415,GUILFORD - G52,G52,G52,4005228.6254540593,3861380.633073211,0.985398271380349,0.9640849484929114,0.9505061078664379,1,1,True,True
GUILFORD,GUILFORD - G53,G53,GB 53,4728541.403658153,GUILFORD - G53,G53,G53,4959001.565040867,4598392.239494003,0.9724758328089373,0.9272818689776131,0.9035677039599739,1,1,True,True
GUILFORD,GUILFORD - G54,G54,GB 54,3395906.3043991853,GUILFORD - G54,G54,G54,3335223.9822422136,3277534.9418465104,0.9651429244678122,0.9827030985916215,0.9490211257049184,1,1,True,True
GUILFORD,GUILFORD - G55,G55,GB 55,2470985.937413788,GUILFORD - G55,G55,G55,2543013.441315322,2437493.1820262657,0.9864455904501922,0.9585058192871846,0.9460459226317894,1,1,True,True
GUILFORD,GUILFORD - G56,G56,GB 56,2440607.0657682274,GUILFORD - G56,G56,G56,2426935.301555767,2343175.1699956134,0.960078827460927,0.9654872828680435,0.9282227928153522,1,1,True,True
GUILFORD,GUILFORD - G57,G57,GB 57,2751828.0236538528,GUILFORD - G57,G57,G57,2676216.699734488,2643130.4136148025,0.9604998535138389,0.9876369181453176,0.9490885964924842,1,1,True,True
GUILFORD,GUILFORD - G58,G58,GB 58,2258055.677300105,GUILFORD - G58,G58,G58,2275402.5168777276,2195769.565077236,0.9724160423283527,0.9650026967932853,0.9392908609569776,1,1,True,True
GUILFORD,GUILFORD - G59,G59,GB 59,2487006.392669886,GUILFORD - G59,G59,G59,2529460.584189143,2432639.681218522,0.9781396977460122,0.9617227073725451,0.9414869505105576,1,1,True,True
GUILFORD,GUILFORD - G60,G60,GB 60,3660975.000884641,GUILFORD - G60,G60,G60,3594041.0340929506,3535418.265161043,0.9657040171830569,0.9836888982691588,0.9504840264853183,1,1,True,True
GUILFORD,GUILFORD - G61,G61,GB 61,2883068.2659438346,GUILFORD - G61,G61,G61,2862310.5415355936,2812908.3001768603,0.9756648267417956,0.982740432723198,0.9592281638202436,1,1,True,True
GUILFORD,GUILFORD - G62,G62,GB 62,2438598.783560948,GUILFORD - G62,G62,G62,2480455.9213198633,2410709.4515959555,0.9885633782182622,0.9718815927650932,0.9610756128722554,1,1,True,True
GUILFORD,GUILFORD - G63,G63,GB 63,1592132.8112069957,GUILFORD - G63,G63,G63,1650703.5788298005,1564580.644056145,0.9826948060130968,0.9478265293186625,0.9322659241913797,1,1,True,True
GUILFORD,GUILFORD - G64,G64,GB 64,16784379.126548633,GUILFORD - G64,G64,G64,17666534.879444048,16626609.532394899,0.990600212676072,0.9411358620043165,0.9328055160313848,1,1,True,True
GUILFORD,GUILFORD - G65,G65,GB 65,2499424.5780890686,GUILFORD - G65,G65,G65,2517050.1097765546,2418241.810565745,0.9675194169750095,0.9607444051959771,0.9307255834122218,1,1,True,True
GUILFORD,GUILFORD - G66,G66,GB 66,1701369.0332292595,GUILFORD - G66,G66,G66,1720280.443379907,1648721.8847896599,0.9690560087721395,0.9584029691986424,0.9299431586473432,1,1,True,True
GUILFORD,GUILFORD - G67,G67,GB 67,933178.3257453225,GUILFORD - G67,G67,G67,902093.920262906,838767.2653402927,0.8988284899034443,0.929800374994039,0.8417090547586477,1,1,True,True
GUILFORD,GUILFORD - G68,G68,GB 68,1695718.9422567426,GUILFORD - G68,G68,G68,1682620.1658399499,1617184.5711093082,0.953686681683866,0.9611108935580973,0.9182525083094921,1,1,True,True
GUILFORD,GUILFORD - G69,G69,GB 69,1906191.6768869273,GUILFORD - G69,G69,G69,1904919.8996772692,1832402.580957648,0.961289781702443,0.9619315653472322,0.9260596606303637,1,1,True,True
GUILFORD,GUILFORD - G70,G70,GB 70,1483415.1856376515,GUILFORD - G70,G70,G70,1457714.3019486265,1386021.965760502,0.9343452724361287,0.950818664471983,0.8912708261697823,1,1,True,True
GUILFORD,GUILFORD - G71,G71,GB 71,2148426.179248614,GUILFORD - G71,G71,G71,2188823.5644862885,2031016.2420943137,0.9453507231068267,0.9279031325537599,0.8806637492038457,1,1,True,True
GUILFORD,GUILFORD - G72,G72,GB 72,4155599.440007029,GUILFORD - G72,G72,G72,4095226.9797677984,3976265.39905666,0.9568452052370895,0.9709511630737783,0.9302160806184044,1,1,True,True
GUILFORD,GUILFORD - G73,G73,GB 73,2800867.8006056324,GUILFORD - G73,G73,G73,2701046.737451221,2608447.5019340976,0.9312997569432132,0.9657172775897604,0.901495496361146,1,1,True,True
GUILFORD,GUILFORD - G74,G74,GB 74,2592580.742386526,GUILFORD - G74,G74,G74,2753228.6930445656,2519513.77529679,0.9718168981605271,0.9151124211591265,0.891454425959479,1,1,True,True
GUILFORD,GUILFORD - G75,G75,GB 75,6298712.522777576,GUILFORD - G75,G75,G75,6294735.397694105,6020179.107493571,0.9557793097753287,0.9563831880366075,0.9158577381785251,1,1,True,True
GUILFORD,GUILFORD - GIB,GIB,GIBSONVILLE,13199758.546385258,GUILFORD - GIB,GIB,GIB,13556960.740414893,13096250.27530906,0.9921583208728811,0.9660166851606791,0.9586969718457384,1,1,True,True
GUILFORD,GUILFORD - GR,GR,GREENE,92674857.79750592,GUILFORD - GR,GR,GR,96749735.38234115,91632838.35265984,0.9887561797275926,0.9471120307517115,0.9370200843065847,1,1,True,True
GUILFORD,GUILFORD - H01,H01,HP 01,7700979.919125901,GUILFORD - H01,H01,H01,7625077.573431088,7574375.508902907,0.983559960998137,0.9933506165622699,0.9771267093870647,1,1,True,True
GUILFORD,GUILFORD - H02,H02,HP 02,3381866.8121999567,GUILFORD - H02,H02,H02,3406574.7941041663,3331611.819155573,0.9851398662824062,0.9779946193818103,0.9637766463195556,1,1,True,True
GUILFORD,GUILFORD - H03,H03,HP 03,6278174.731264009,GUILFORD - H03,H03,H03,6273804.79593184,6192882.605080614,0.9864145026485711,0.987101576557865,0.9738619619939158,1,1,True,True
GUILFORD,GUILFORD - H04,H04,HP 04,11056591.572650215,GUILFORD - H04,H04,H04,10831035.435465042,10631770.185949529,0.9615775454931761,0.9816023822742708,0.9445544976205448,1,1,True,True
GUILFORD,GUILFORD - H05,H05,HP 05,5370049.13915453,GUILFORD - H05,H05,H05,5462836.595736802,5256293.43729787,0.9788166366994233,0.9621912252326718,0.9425636942414072,1,1,True,True
GUILFORD,GUILFORD - H06,H06,HP 06,6363286.382044291,GUILFORD - H06,H06,H06,6227439.159047242,6114602.026119447,0.9609188804347117,0.9818806526975274,0.9441762517319442,1,1,True,True
GUILFORD,GUILFORD - H07,H07,HP 07,2516479.69898526,GUILFORD - H07,H07,H07,2474344.798042087,2443897.6145589654,0.9711572938754235,0.9876948501650967,0.9595476145708729,1,1,True,True
GUILFORD,GUILFORD - H08,H08,HP 08,1878180.6712278328,GUILFORD - H08,H08,H08,1858678.451832334,1844923.2678769222,0.9822927560375919,0.9925994816683587,0.9751510669996953,1,1,True,True
GUILFORD,GUILFORD - H09,H09,HP 09,2274532.438885433,GUILFORD - H09,H09,H09,2281709.9099002257,2237416.790653749,0.9836820756665613,0.9805877517320273,0.9648922415950314,1,1,True,True
GUILFORD,GUILFORD - H10,H10,HP 10,4858403.392709599,GUILFORD - H10,H10,H10,4871947.516607682,4821528.199022511,0.9924100181260326,0.9896510959091206,0.9822168131904244,1,1,True,True
GUILFORD,GUILFORD - H11,H11,HP 11,2253320.596633169,GUILFORD - H11,H11,H11,2260438.9549541846,2218518.8764742366,0.9845553623346222,0.9814548946840294,0.9665735277913289,1,1,True,True
GUILFORD,GUILFORD - H12,H12,HP 12,1856891.5239311848,GUILFORD - H12,H12,H12,1868674.9766738692,1843643.86471757,0.9928656795279196,0.9866048872764095,0.9796597530419401,1,1,True,True
GUILFORD,GUILFORD - H13,H13,HP 13,3088564.5899000224,GUILFORD - H13,H13,H13,3100294.6275070994,3066445.8659658735,0.9928385101589005,0.9890820823153691,0.9820755681019806,1,1,True,True
GUILFORD,GUILFORD - H14,H14,HP 14,2297114.703330386,GUILFORD - H14,H14,H14,2290755.3308980456,2263984.261643513,0.9855773672778116,0.9883134314287343,0.9742235562315205,1,1,True,True
GUILFORD,GUILFORD - H15,H15,HP 15,3330255.329848981,GUILFORD - H15,H15,H15,3356183.971228672,3294394.5937958434,0.9892318358500266,0.9815893949907019,0.9712120205030502,1,1,True,True
GUILFORD,GUILFORD - H16,H16,HP 16,2443950.769417761,GUILFORD - H16,H16,H16,2450809.277202145,2402141.3258889574,0.9828926817790343,0.9801420894861523,0.9637018714135873,1,1,True,True
GUILFORD,GUILFORD - H17,H17,HP 17,1504005.2391717709,GUILFORD - H17,H17,H17,1500972.3287671367,1470214.6256543251,0.9775329150209253,0.9795081478030476,0.9579424842417856,1,1,True,True
GUILFORD,GUILFORD - H18,H18,HP 18,2452357.903727942,GUILFORD - H18,H18,H18,2532259.452008698,2401114.2161342655,0.9791043193508668,0.9482101900062403,0.9294024765550776,1,1,True,True
GUILFORD,GUILFORD - H19A,H19A,HP 19A,1122171.877653648,GUILFORD - H19A,H19A,H19A,1133643.3389830098,1096267.2086075863,0.9769155959421958,0.9670300798406724,0.9454263221675091,1,1,True,True
GUILFORD,GUILFORD - H19B,H19B,HP 19B,2422764.8647075384,GUILFORD - H19B,H19B,H19B,2434818.019129637,2405042.3583640414,0.9926850076944481,0.9877708886119384,0.9806330755330008,1,1,True,True
GUILFORD,GUILFORD - H20A,H20A,HP 20A,3819657.1754120383,GUILFORD - H20A,H20A,H20A,4071652.0953596584,3563896.973922317,0.9330410584656379,0.875295062165057,0.8235630740609234,1,1,True,True
GUILFORD,GUILFORD - H20B,H20B,HP 20B,3616317.6823254647,GUILFORD - H20B,H20B,H20B,3037811.9379720394,3019944.6215581265,0.8350883099452032,0.9941183599318394,0.8309826336869701,1,1,True,True
GUILFORD,GUILFORD - H21,H21,HP 21,1298214.0151272346,GUILFORD - H21,H21,H21,1811618.382042057,1265083.025397589,0.974479562426848,0.6983165096677738,0.6857750135361744,1,1,True,True
GUILFORD,GUILFORD - H22,H22,HP 22,3134552.586360319,GUILFORD - H22,H22,H22,2771715.068566089,2696250.2375653535,0.8601706825075474,0.9727732363775126,0.8399487874997054,1,1,True,True
GUILFORD,GUILFORD - H23,H23,HP 23,4132629.964772079,GUILFORD - H23,H23,H23,4149090.733348449,4023308.4811484665,0.9735467524178294,0.96968438140217,0.9447907520820598,1,1,True,True
GUILFORD,GUILFORD - H24,H24,HP 24,3819435.648344791,GUILFORD - H24,H24,H24,4114894.376259609,3703194.3713244023,0.9695658501090957,0.8999488280159849,0.8752246854703575,1,1,True,True
GUILFORD,GUILFORD - H25,H25,HP 25,6970203.729774959,GUILFORD - H25,H25,H25,7157716.407182735,6375219.647771703,0.9146389251921527,0.8906778761693045,0.8223224483732224,1,1,True,True
GUILFORD,GUILFORD - H26,H26,HP 26,4268962.369061743,GUILFORD - H26,H26,H26,4238400.923344796,4125709.879218209,0.9664432530767381,0.9734118960983864,0.9415874534485644,1,1,True,True
GUILFORD,GUILFORD - H27,H27,HP 27,4865428.833986711,GUILFORD - H27-A,H27-A,H27 A,2746042.266160705,2674755.1677998914,0.549747053973084,0.9740400578537046,0.541808604030409,1,1,True,True
GUILFORD,GUILFORD - HP,HP,HP,21747119.905889284,GUILFORD - H29B,H29B,H29B,8814690.483353825,8683645.679954646,0.3993009519206748,0.9851333630322413,0.3969092378332799,1,1,True,True
GUILFORD,GUILFORD - JAM1,JAM1,JAMESTOWN 1,6589912.53460313,GUILFORD - JAM1,JAM1,JAM1,7771439.88036665,6297948.088151934,0.9556952471040984,0.810396552646921,0.7810532416445705,1,1,True,True
GUILFORD,GUILFORD - JAM2,JAM2,JAMESTOWN 2,4585157.994630551,GUILFORD - JAM2,JAM2,JAM2,4548246.835285964,4286499.264563551,0.9348640264050346,0.9424508870776895,0.8843785394138163,1,1,True,True
GUILFORD,GUILFORD - JAM3,JAM3,JAMESTOWN 3,7359014.617945995,GUILFORD - JAM3,JAM3,JAM3,7338523.856856699,7233278.57335084,0.9829140107578357,0.9856585213104508,0.9690550260641263,1,1,True,True
GUILFORD,GUILFORD - JAM4,JAM4,JAMESTOWN 4,21194935.624071606,GUILFORD - JAM4,JAM4,JAM4,21206537.632843766,20944986.29539234,0.9882071201766052,0.9876664761603352,0.9761610245401332,1,1,True,True
GUILFORD,GUILFORD - JAM5,JAM5,JAMESTOWN 5,37100347.46983393,GUILFORD - JAM5,JAM5,JAM5,37173248.85579882,36682015.22715555,0.988724303916061,0.9867852920106918,0.9758040006633695,1,1,True,True
GUILFORD,GUILFORD - JEF1,JEF1,JEFFERSON 1,49054398.28522925,GUILFORD - JEF1,JEF1,JEF1,46393357.02341774,45317590.575640485,0.9238231873141953,0.9768120585187606,0.903998437208459,1,1,True,True
GUILFORD,GUILFORD - JEF2,JEF2,JEFFERSON 2,30079195.05934049,GUILFORD - JEF2,JEF2,JEF2,29843331.153778594,29286988.092298497,0.9736626274247326,0.9813578766186208,0.9559808604241364,1,1,True,True
GUILFORD,GUILFORD - JEF3,JEF3,JEFFERSON 3,15437836.267340071,GUILFORD - JEF3,JEF3,JEF3,15748533.413361566,15239394.813065697,0.9871457728377264,0.9676707292715968,0.9556291986133205,1,1,True,True
GUILFORD,GUILFORD - JEF4,JEF4,JEFFERSON 4,32770505.178416893,GUILFORD - JEF4,JEF4,JEF4,32339963.74219101,31831630.053561777,0.9713499953771395,0.9842815628155435,0.9565126409828731,1,1,True,True
GUILFORD,GUILFORD - MON1,MON1,MONROE 1,14231761.565847164,GUILFORD - MON1,MON1,MON1,14320460.173007289,14020223.783111759,0.9851362193108234,0.9790344453831555,0.9647829449061617,1,1,True,True
GUILFORD,GUILFORD - MON2,MON2,MONROE 2,28352582.987412713,GUILFORD - MON2A,MON2A,MON2A,23319414.557170358,23072952.65869186,0.8137866193332447,0.9894310426244078,0.8067735391427167,1,1,True,True
GUILFORD,GUILFORD - MON3,MON3,MONROE 3,55683791.447396405,GUILFORD - MON3,MON3,MON3,55749911.05554311,55469586.32038198,0.9961531871044237,0.9949717456072379,0.9911634472960783,1,1,True,True
GUILFORD,GUILFORD - NCGR,NCGR,CENTER GROVE NORTH,65350218.44256863,GUILFORD - NCGR2,NCGR2,NCGR2,35792328.066077374,35663391.34105413,0.5457271940474995,0.9963976435177613,0.5446525882897355,1,1,True,True
GUILFORD,GUILFORD - NCLAY1,NCLAY1,CLAY NORTH 1,13999405.175041685,GUILFORD - NCLAY1,NCLAY1,NCLAY1,13460854.484051067,13320228.017322153,0.9514852846083506,0.9895529316585708,0.9420225042476784,1,1,True,True
GUILFORD,GUILFORD - NCLAY2,NCLAY2,CLAY NORTH 2,34268102.71724169,GUILFORD - NCLAY2,NCLAY2,NCLAY2,32813838.66242619,32074364.071546223,0.9359830725442612,0.9774645509022171,0.9162120471588608,1,1,True,True
GUILFORD,GUILFORD - NDRI,NDRI,DEEP RIVER NORTH,36564038.48034846,GUILFORD - NDRI,NDRI,NDRI,35903284.27255801,35711315.27479923,0.9766786372351202,0.994653163306692,0.9715776474381702,1,1,True,True
GUILFORD,GUILFORD - NMAD,NMAD,MADISON NORTH,56994729.87023701,GUILFORD - NMAD,NMAD,NMAD,55710626.06221239,55561082.49419737,0.9748459659462603,0.9973157083561037,0.9722948451559997,1,1,True,True
GUILFORD,GUILFORD - NWASH,NWASH,WASHINGTON NORTH,53051047.77279839,GUILFORD - NWASH,NWASH,NWASH,54647171.51847488,53006461.58702091,0.9991595606939108,0.9699763064425159,0.9691855557770744,1,1,True,True
GUILFORD,GUILFORD - OR1,OR1,OAK RIDGE 1,31807550.866498332,GUILFORD - OR1,OR1,OR1,31744619.562418014,31278411.09568314,0.9833643346815326,0.9853137799992157,0.9691592098933101,1,1,True,True
GUILFORD,GUILFORD - OR2,OR2,OAK RIDGE 2,19981065.044959508,GUILFORD - OR2,OR2,OR2,20532022.645714436,19707389.804571826,0.9863032706328775,0.9598367459761822,0.9472111876495165,1,1,True,True
GUILFORD,GUILFORD - PG1,PG1,PLEASANT GARDEN 1,18278654.31840074,GUILFORD - PG1,PG1,PG1,18239587.64669736,17819040.465031534,0.9748551591729309,0.976943163967746,0.9529305550810875,1,1,True,True
GUILFORD,GUILFORD - PG2,PG2,PLEASANT GARDEN 2,45276321.68071454,GUILFORD - PG2,PG2,PG2,45249532.71952183,45183009.28416686,0.9979390464356687,0.9985298536502617,0.9964749492120862,1,1,True,True
GUILFORD,GUILFORD - RC1,RC1,ROCK CREEK 1,30393416.644901086,GUILFORD - RC1,RC1,RC1,31497602.91601393,29505694.099753883,0.9707922753299231,0.9367599870513534,0.911082216392708,1,1,True,True
GUILFORD,GUILFORD - RC2,RC2,ROCK CREEK 2,50310290.68328044,GUILFORD - RC2,RC2,RC2,51605070.151690446,49567662.46740199,0.9852390394531104,0.9605192342864838,0.946892872335162,1,1,True,True
GUILFORD,GUILFORD - SCLAY,SCLAY,CLAY SOUTH,52348793.34403457,GUILFORD - SCLAY,SCLAY,SCLAY,49092417.98830336,49070832.07009581,0.937382295473439,0.9995603003662867,0.9369959271132257,1,1,True,True
GUILFORD,GUILFORD - SDRI,SDRI,DEEP RIVER SOUTH,39792641.34680776,GUILFORD - SDRI,SDRI,SDRI,38800827.98222644,37943646.1894447,0.953534244152119,0.9779081571874088,0.9334270916542015,1,1,True,True
GUILFORD,GUILFORD - SF1,SF1,SUMMERFIELD 1,29144302.233613256,GUILFORD - SF1,SF1,SF1,29752821.94074968,28956269.738914084,0.9935482245142824,0.9732276755656366,0.9671156780559657,1,1,True,True
GUILFORD,GUILFORD - SF2,SF2,SUMMERFIELD 2,26001216.060145184,GUILFORD - SF2,SF2,SF2,26597054.463004455,25605618.545869436,0.9847854225986714,0.9627238452846698,0.9486144068919854,1,1,True,True
GUILFORD,GUILFORD - SF3,SF3,SUMMERFIELD 3,15633666.349047244,GUILFORD - SF3,SF3,SF3,15366715.395701485,15189786.459146213,0.9716074348786341,0.988486222852493,0.9607346329950256,1,1,True,True
GUILFORD,GUILFORD - SF4,SF4,SUMMERFIELD 4,17190898.460711595,GUILFORD - SF4,SF4,SF4,17141274.7856417,16944496.33232602,0.9856667102683024,0.9885201972562444,0.9745118002886443,1,1,True,True
GUILFORD,GUILFORD - SMAD,SMAD,MADISON SOUTH,31494371.32546765,GUILFORD - SMAD,SMAD,SMAD,31671228.62721954,30926180.91549974,0.9819589854931173,0.9764755664995113,0.959266073617117,1,1,True,True
GUILFORD,GUILFORD - STOK,STOK,STOKESDALE,50491498.40416935,GUILFORD - STOK,STOK,STOK,49651184.72117478,48952144.83395473,0.9695126185819927,0.9859209827288989,0.9562732971336779,1,1,True,True
GUILFORD,GUILFORD - SUM1,SUM1,SUMNER 1,15301226.717053901,GUILFORD - SUM1,SUM1,SUM1,15225061.149718067,15036054.269887501,0.9826698569944818,0.987585804879735,0.970679633450569,1,1,True,True
GUILFORD,GUILFORD - SUM2,SUM2,SUMNER 2,13316597.087525258,GUILFORD - SUM2,SUM2,SUM2,12769685.6339055,12527641.643202398,0.9407539749729352,0.9810454229146849,0.9239599729001252,1,1,True,True
GUILFORD,GUILFORD - SUM3,SUM3,SUMNER 3,17228351.700163692,GUILFORD - SUM3,SUM3,SUM3,17223587.956680983,17046564.731291562,0.9894483829889308,0.9897220471231284,0.9793850924903217,1,1,True,True
GUILFORD,GUILFORD - SUM4,SUM4,SUMNER 4,36427581.15873728,GUILFORD - SUM4,SUM4,SUM4,36378946.35037894,36289211.87405907,0.9962015242221204,0.9975333404256517,0.9937535452146136,1,1,True,True
GUILFORD,GUILFORD - SWASH,SWASH,WASHINGTON SOUTH,39811952.12103009,GUILFORD - SWASH,SWASH,SWASH,40259020.44632559,39141802.62542085,0.9831671279626792,0.9722492547379725,0.9563302329597771,1,1,True,True
HALIFAX,HALIFAX - BUTWD,BUTWD,BUTTERWOOD,81153774.57365948,HALIFAX - BUTWD,BUTWD,BUTTERWOOD,82560954.9207154,79160288.57297178,0.9754356958605996,0.9588102348015555,0.9362049788319763,1,1,True,True
HALIFAX,HALIFAX - CONC,CONC,CONOCONNARA,131410055.02749813,HALIFAX - CONC,CONC,CONOCONNARA,131433931.89788596,131233982.84041603,0.9986601315474279,0.998478710523358,0.9971429129026599,1,1,True,True
HALIFAX,HALIFAX - ENF 1,ENF 1,ENFIELD 1,61052460.52402582,HALIFAX - ENF1,ENF1,ENFIELD 1,161118504.23012158,60802595.678856604,0.9959073746901504,0.3773781042059189,0.3767937671259942,1,2,True,False
HALIFAX,HALIFAX - ENF 2,ENF 2,ENFIELD 2,163679880.6164773,HALIFAX - ENF 2,ENF 2,ENFIELD 2,167214346.51406625,163141233.71507403,0.9967091440965467,0.9756413675985057,0.9725086294646695,1,1,True,True
HALIFAX,HALIFAX - ENF 3,ENF 3,ENFIELD 3,101345760.34648356,HALIFAX - ENF1,ENF1,ENFIELD 1,161118504.23012158,99055603.69643396,0.9774025411401528,0.6147996728852155,0.6061833146596324,1,1,True,True
HALIFAX,HALIFAX - FAUCT,FAUCT,FAUCETT,168703990.98033822,HALIFAX - FAUCT,FAUCT,FAUCETT,169561363.69700328,166787491.51645932,0.988639868845176,0.9836408948355669,0.9726473635840547,1,1,True,True
HALIFAX,HALIFAX - HAL,HAL,HALIFAX,191393225.76276624,HALIFAX - HAL,HAL,HALIFAX,189250715.75035268,188680042.09042585,0.9858240349859435,0.9969845627390935,0.9828933599382852,1,1,True,True
HALIFAX,HALIFAX - HOB,HOB,HOBGOOD,47213024.24060837,HALIFAX - HPR,HPR,HOBGOOD,241108546.78060243,47140747.417466275,0.9984691337971964,0.19551670003785543,0.1954581077926727,1,3,True,False
HALIFAX,HALIFAX - HOL,HOL,HOLLISTER,168298573.0262925,HALIFAX - HOL,HOL,HOLLISTER,167842754.36726856,166124318.30910036,0.9870809676036144,0.9897616309703309,0.9771041097810012,1,1,True,True
HALIFAX,HALIFAX - LIT 1,LIT 1,LITTLETON 1,104073044.03224756,HALIFAX - LIT,LIT,LITTLETON,165636856.63669685,101615494.99838829,0.9763863058228817,0.6134835993734705,0.6045144369500426,1,1,True,True
HALIFAX,HALIFAX - LIT 2,LIT 2,LITTLETON 2,64194435.17561121,HALIFAX - LIT,LIT,LITTLETON,165636856.63669685,63221506.33891241,0.9848440315108741,0.3816874313038955,0.37945854236159293,1,2,True,False
HALIFAX,HALIFAX - PAL,PAL,PALMYRA,108835540.94710864,HALIFAX - HPR,HPR,HOBGOOD,241108546.78060243,107668250.29885244,0.9892747292097949,0.4465550961858915,0.44440358329364116,1,1,True,True
HALIFAX,HALIFAX - RINGW,RINGW,RINGWOOD,125691255.22720793,HALIFAX - RINGW,RINGW,RINGWOOD,125543661.3483515,125063280.3482375,0.9950038299972798,0.9961735941507947,0.9912154909595725,1,1,True,True
HALIFAX,HALIFAX - ROSEN,ROSEN,ROSENEATH,89174265.0494289,HALIFAX - HPR,HPR,HOBGOOD,241108546.78060243,85574945.32798897,0.959637237049895,0.35492290286108436,0.34970246993377613,1,2,True,False
HALIFAX,HALIFAX - RR 1,RR 1,ROANOKE RAPIDS 01,2298359.2492370326,HALIFAX - RR1-2,RR1-2,ROANOKE RAPIDS 1 2,3922914.3578631007,2224663.155095145,0.9679353459793756,0.5670944996889937,0.556637476134081,1,1,True,True
HALIFAX,HALIFAX - RR 10,RR 10,ROANOKE RAPIDS 10,5494885.761763099,HALIFAX - RR 10,RR 10,ROANOKE RAPIDS 10,5472314.696112935,5431459.232044833,0.9884571704548204,0.9925341530345243,0.9811620540895659,1,1,True,True
HALIFAX,HALIFAX - RR 11,RR 11,ROANOKE RAPIDS 11,29559501.060035802,HALIFAX - RR 11,RR 11,ROANOKE RAPIDS 11,29665983.756748993,29484003.72443782,0.9974459198264326,0.993865700399375,0.9913428195754713,1,1,True,True
HALIFAX,HALIFAX - RR 2,RR 2,ROANOKE RAPIDS 02,1635357.665530419,HALIFAX - RR1-2,RR1-2,ROANOKE RAPIDS 1 2,3922914.3578631007,1621062.4067162576,0.9912586346611065,0.4132291094927921,0.41172875323928637,1,2,True,False
HALIFAX,HALIFAX - RR 3,RR 3,ROANOKE RAPIDS 03,2069175.2159688866,HALIFAX - RR3-4,RR3-4,ROANOKE RAPIDS 3 4,3230176.3485537856,2006701.5983488178,0.969807478294768,0.6212359270252407,0.6094488083957061,1,1,True,True
HALIFAX,HALIFAX - RR 4,RR 4,ROANOKE RAPIDS 04,1153174.1713949258,HALIFAX - RR3-4,RR3-4,ROANOKE RAPIDS 3 4,3230176.3485537856,1121960.398658566,0.9729322998115693,0.34733719698024845,0.34401293832788676,1,2,True,False
HALIFAX,HALIFAX - RR 5,RR 5,ROANOKE RAPIDS 05,1860697.3866647047,HALIFAX - RRCE,RRCE,ROANOKE RAPIDS CENTRAL,5253221.975738828,1792287.8218978452,0.9632344489452509,0.34117877184235545,0.336792919287218,1,2,True,False
HALIFAX,HALIFAX - RR 6,RR 6,ROANOKE RAPIDS 06,1498385.6298279227,HALIFAX - RRCE,RRCE,ROANOKE RAPIDS CENTRAL,5253221.975738828,1455779.3130948688,0.971565185967549,0.2771212257578596,0.27489171338207585,1,3,True,False
HALIFAX,HALIFAX - RR 7,RR 7,ROANOKE RAPIDS 07,4495767.811105907,HALIFAX - RR7-9,RR7-9,ROANOKE RAPIDS 7 9,37965251.384272054,4468067.053921473,0.9938384813566207,0.11768833053934338,0.11760252368086148,1,2,True,False
HALIFAX,HALIFAX - RR 8,RR 8,ROANOKE RAPIDS 08,1968002.5019331845,HALIFAX - RRCE,RRCE,ROANOKE RAPIDS CENTRAL,5253221.975738828,1955714.146445454,0.9937559248651059,0.3722885032229001,0.3714196769964149,1,1,True,True
HALIFAX,HALIFAX - RR 9,RR 9,ROANOKE RAPIDS 09,33479725.776929665,HALIFAX - RR7-9,RR7-9,ROANOKE RAPIDS 7 9,37965251.384272054,33322984.072777793,0.9953183097975109,0.8777232563402063,0.8741144251163669,1,1,True,True
HALIFAX,HALIFAX - SN 1,SN 1,SCOTLAND NECK 1,61099944.549660444,HALIFAX - SN,SN,SCOTLAND NECK,124077104.4348046,60918624.625733376,0.9970324044438421,0.4909739383686425,0.4902575011724153,1,2,True,False
HALIFAX,HALIFAX - SN 2,SN 2,SCOTLAND NECK 2,63071192.589078,HALIFAX - SN,SN,SCOTLAND NECK,124077104.4348046,62899922.08314909,0.9972844891796359,0.5069422144373089,0.5062434185811473,1,1,True,True
HALIFAX,HALIFAX - WEL 1,WEL 1,WELDON 1,23505293.291150276,HALIFAX - WEL1-2,WEL1-2,WELDON 1 2,32999619.311544638,23483054.32060886,0.9990538739395443,0.7116159158961423,0.7111366695358913,1,1,True,True
HALIFAX,HALIFAX - WEL 2,WEL 2,WELDON 2,7269081.771842585,HALIFAX - WEL1-2,WEL1-2,WELDON 1 2,32999619.311544638,7235655.042370203,0.9954015196799871,0.2192648034530165,0.21904292548091733,1,2,True,False
HALIFAX,HALIFAX - WEL 3,WEL 3,WELDON 3,47508003.63950955,HALIFAX - WEL 3,WEL 3,WELDON 3,47535290.67895255,47150274.772337236,0.9924701347190515,0.9919004196436777,0.9844915860217937,1,1,True,True
HARNETT,HARNETT - PR01,PR01,ANDERSON CREEK,153520554.72618088,HARNETT - PR01,PR01,ANDERSON CREEK,152345183.34152365,152155214.5757323,0.9911064667992907,0.998753037269544,0.989881571665318,1,1,True,True
HARNETT,HARNETT - PR07,PR07,BARBEQUE,169058397.21413088,HARNETT - PR07,PR07,BARBECUE,168992707.50031033,168897736.0371397,0.9990496705301916,0.9994380144292887,0.9984887522952651,1,1,True,True
HARNETT,HARNETT - PR08,PR08,BLACK RIVER,76007690.79102409,HARNETT - PR08,PR08,BLACK RIVER,76283099.91400537,75916641.58129875,0.9988021053030586,0.9951960744500455,0.9940096544749617,1,1,True,True
HARNETT,HARNETT - PR16,PR16,JOHNSONVILLE,173886082.4745055,HARNETT - PR16,PR16,JOHNSONVILLE,174627679.24953955,173641889.23331526,0.9985956711559935,0.9943549039850915,0.9929663745238405,1,1,True,True
HARNETT,HARNETT - PR17,PR17,LILLINGTON,74479478.33111875,HARNETT - PR31,PR31,CENTRAL HARNETT LILLINGTON,74480890.92696926,74472670.84703767,0.9999085991976097,0.999889635048275,0.9997982544187402,1,1,True,True
HARNETT,HARNETT - PR20,PR20,STEWARTS CREEK,129925368.27228971,HARNETT - PR20,PR20,STEWARTS CREEK,130013437.1275018,129851580.1899756,0.9994320733256691,0.9987550753129658,0.9981885614097754,1,1,True,True
HARNETT,HARNETT - PR23,PR23,BOONE TRAIL,247845817.20972833,HARNETT - PR23,PR23,BOONE TRAIL,247880897.44790944,247690871.7001303,0.9993748310488254,0.9992333989842075,0.998609187876785,1,1,True,True
HARNETT,HARNETT - PR24,PR24,COATS/GROVE,138899653.8522832,HARNETT - PR24,PR24,COATS/GROVE,138965769.46936488,138820112.0691576,0.9994273435468011,0.9989518469133553,0.9983803899512729,1,1,True,True
HARNETT,HARNETT - PR25,PR25,EAST AVERASBORO,52971878.83266195,HARNETT - PR25,PR25,,52814860.20169247,52559034.49335603,0.9922063489458228,0.9951561793904314,0.9874375561860398,1,1,True,True
HARNETT,HARNETT - PR26,PR26,ERWIN/DUKE,48780926.27356969,HARNETT - PR26,PR26,ERWIN/DUKE,48761290.235821605,48752484.78434138,0.9994169547115853,0.9998194171762552,0.999236582383391,1,1,True,True
HARNETT,HARNETT - PR27,PR27,NEILLS CREEK,85060298.55604719,HARNETT - PR32,PR32,CENTRAL HARNETT NEILLS CREEK,85059400.57942292,85057960.94697225,0.9999725182122022,0.99998307497536,0.9999555941178015,1,1,True,True
HARNETT,HARNETT - PR28,PR28,NORTHWEST,168285151.66435492,HARNETT - PR28,PR28,NORTHWEST HARNETT,168210700.44045874,167745381.37489966,0.9967925257569258,0.9972337130495227,0.9940439315477642,1,1,True,True
HARNETT,HARNETT - PR29,PR29,WEST AVERASBORO,38650349.87220847,HARNETT - PR29,PR29,WEST AVERASBORO,38728659.718145706,38598293.463691875,0.9986531452188995,0.9966338557697945,0.9952960470772482,1,1,True,True
HAYWOOD,HAYWOOD - AC,AC,ALLENS CREEK,56517347.64165684,HAYWOOD - AC,AC,ALLENS CREEK,56230264.26592913,56072449.63523254,0.9921281159681248,0.997193421856418,0.989365488991023,1,1,True,True
HAYWOOD,HAYWOOD - BC,BC,BIG CREEK,289033806.44872457,HAYWOOD - BC,BC,BIG CREEK,288940032.2584455,288386263.7261582,0.9977596298145102,0.9980834482229448,0.9958516477962414,1,1,True,True
HAYWOOD,HAYWOOD - BE-1,BE-1,BEAVERDAM 1,11170825.549629029,HAYWOOD - BE1,BE1,BEAVERDAM 1,11359951.760817317,11060799.129047351,0.990150556009235,0.9736660297447916,0.9643260827631552,1,1,True,True
HAYWOOD,HAYWOOD - BE-2,BE-2,BEAVERDAM 2,18924132.403487306,HAYWOOD - BE2,BE2,BEAVERDAM 2,19028808.991610635,18254295.440108273,0.9646040859841164,0.9592978440298693,0.9266776752990202,1,1,True,True
HAYWOOD,HAYWOOD - BE-3,BE-3,BEAVERDAM 3,33984845.80852675,HAYWOOD - BE3,BE3,BEAVERDAM 3,33985913.98335357,33673331.89275629,0.9908337404993522,0.9908025986663068,0.981803416623447,1,1,True,True
HAYWOOD,HAYWOOD - BE-4,BE-4,BEAVERDAM 4,22198294.530751128,HAYWOOD - BE4,BE4,BEAVERDAM 4,21976500.147139024,21914653.438204512,0.987222392596256,0.997185779877577,0.9844795323730836,1,1,True,True
HAYWOOD,HAYWOOD - BE-7,BE-7,BEAVERDAM 7,21254591.090073496,HAYWOOD - BE7,BE7,BEAVERDAM 7,21199760.218973003,21128728.34095953,0.9940783264857659,0.9966494018196536,0.9907672274136101,1,1,True,True
HAYWOOD,HAYWOOD - BE56,BE56,BEAVERDAM 5/6,10825453.914469285,HAYWOOD - BE5-6,BE5-6,BEAVERDAM 5/6,10976466.916894909,10759691.444143046,0.9939251997333487,0.9802508881598136,0.9744129619870899,1,1,True,True
HAYWOOD,HAYWOOD - CE,CE,CECIL,143853641.15593633,HAYWOOD - CE,CE,CECIL,141605556.75836974,139987188.85590398,0.9731223188446017,0.9885712966389639,0.9622963878893285,1,1,True,True
HAYWOOD,HAYWOOD - CL-N,CL-N,CLYDE NORTH,17333253.70842352,HAYWOOD - CLN,CLN,CLYDE NORTH,18013089.176717423,17141374.88964487,0.98893001729471,0.9516066190246103,0.9415767659622177,1,1,True,True
HAYWOOD,HAYWOOD - CL-S,CL-S,CLYDE SOUTH,21124168.851182014,HAYWOOD - CLS,CLS,CLYDE SOUTH,20898414.553010628,20541557.24696001,0.9724196673333539,0.9829241924000781,0.9562651754438508,1,1,True,True
HAYWOOD,HAYWOOD - CR,CR,CRABTREE,90064011.10125463,HAYWOOD - CR,CR,CRABTREE,89478059.38972197,89025237.93948069,0.9884662791599844,0.9949393018430471,0.9835213565259628,1,1,True,True
HAYWOOD,HAYWOOD - EF,EF,EAST FORK,123389107.158421,HAYWOOD - EF,EF,EAST FORK,125538558.16625775,122238298.98331258,0.9906733406083336,0.9737111909587614,0.9648662907819735,1,1,True,True
HAYWOOD,HAYWOOD - FC-1,FC-1,FINES CREEK 1,161665904.0942093,HAYWOOD - FC-1,FC-1,FINES CREEK 1,161571126.32988712,161328769.98090512,0.9979146245140983,0.9985000021075103,0.996420871543552,1,1,True,True
HAYWOOD,HAYWOOD - FC-2,FC-2,FINES CREEK 2,9324502.818250187,HAYWOOD - FC-2,FC-2,FINES CREEK 2,9284204.894494968,9260767.015808493,0.9931646969619712,0.9974755104015022,0.9906745577497369,1,1,True,True
HAYWOOD,HAYWOOD - HA,HA,HAZELWOOD,2875507.2290902375,HAYWOOD - HA,HA,HAZELWOOD,2889385.2298535234,2846736.5127634252,0.9899945595560492,0.9852395185489821,0.9755258338710809,1,1,True,True
HAYWOOD,HAYWOOD - ID,ID,IRON DUFF,26074910.990931947,HAYWOOD - ID,ID,IRON DUFF,25919331.673427206,25844007.35736113,0.9911446051090599,0.997093894355953,0.9882896675291124,1,1,True,True
HAYWOOD,HAYWOOD - IH,IH,IVY HILL,100368602.67881398,HAYWOOD - IH,IH,IVY HILL,100020328.3899475,99532837.63298471,0.9916730429285364,0.9951260832191811,0.986879763455892,1,1,True,True
HAYWOOD,HAYWOOD - JC,JC,JONATHAN CREEK,73401689.9170883,HAYWOOD - JC,JC,JONATHAN CREEK,73386364.85765956,73132377.79135823,0.9963309819428644,0.9965390428209114,0.9928953311752278,1,1,True,True
HAYWOOD,HAYWOOD - LJ,LJ,LAKE JUNALUSKA,14919870.05522375,HAYWOOD - LJ,LJ,LAKE JUNALUSKA,14923450.511861676,14707125.766158076,0.9857408752034548,0.9855043747736719,0.9716527806088366,1,1,True,True
HAYWOOD,HAYWOOD - P,P,PIGEON,49931776.66079115,HAYWOOD - P,P,PIGEON,47723215.51121748,46948611.64837674,0.9402551799291985,0.9837688249933899,0.925891597143207,1,1,True,True
HAYWOOD,HAYWOOD - PC,PC,PIGEON CENTER,14312454.29488849,HAYWOOD - PC,PC,PIGEON CENTER,14372502.236085994,14267078.504236478,0.9968296289569136,0.9926649006472359,0.9895407963486811,1,1,True,True
HAYWOOD,HAYWOOD - SA,SA,SAUNOOK,38079234.53486016,HAYWOOD - SA,SA,SAUNOOK,37847262.61880333,37666515.305059746,0.9891615670629466,0.9952242962571939,0.9844885827209128,1,1,True,True
HAYWOOD,HAYWOOD - WC,WC,WAYNESVILLE CENTER,1468783.3558354687,HAYWOOD - WC,WC,WAYNESVILLE CENTER,1543858.8215607007,1432896.8915954365,0.9755672175222742,0.9281268932005766,0.9070429926107596,1,1,True,True
HAYWOOD,HAYWOOD - WE,WE,WAYNESVILLE EAST,17665980.728373755,HAYWOOD - WE,WE,WAYNESVILLE EAST,19375700.9780257,17266348.909414247,0.9773784526823552,0.8911341545266566,0.873125579562764,1,1,True,True
HAYWOOD,HAYWOOD - WO,WO,WHITE OAK,30795479.662647452,HAYWOOD - WO,WO,WHITE OAK,30819380.680911563,30759066.37824734,0.99881757696912,0.9980429748641386,0.9968651726423544,1,1,True,True
HAYWOOD,HAYWOOD - WS-1,WS-1,WAYNESVILLE SOUTH 1,14865490.57663269,HAYWOOD - WS-1,WS-1,WAYNESVILLE SOUTH 1,15582117.891273096,14754856.636899158,0.9925576664178551,0.9469095754411374,0.9402338605613885,1,1,True,True
HAYWOOD,HAYWOOD - WS-2,WS-2,WAYNESVILLE SOUTH 2,9181066.076092971,HAYWOOD - WS-2,WS-2,WAYNESVILLE SOUTH 2,10165445.478612605,9034576.840293517,0.984044419832583,0.8887536566205232,0.8761282039214918,1,1,True,True
HAYWOOD,HAYWOOD - WW,WW,WAYNESVILLE WEST,11881559.950333212,HAYWOOD - WW,WW,WAYNESVILLE WEST,11497993.204580821,11094909.120990567,0.9337922938880948,0.9649430925537802,0.9031526750268464,1,1,True,True
HENDERSON,HENDERSON - AR,AR,ARMORY,4131561.1025020457,HENDERSON - AR,AR,ARMORY,4179690.569047944,4011196.503418778,0.9708670412715485,0.9596874307210866,0.9328244281949595,1,1,True,True
HENDERSON,HENDERSON - AT,AT,ATKINSON,38729309.12518039,HENDERSON - AT,AT,ATKINSON,38481466.40099328,38238166.735817105,0.9873185863508221,0.9936774845677426,0.9811549168163153,1,1,True,True
HENDERSON,HENDERSON - BC,BC,BAT CAVE,53914462.63367083,HENDERSON - BC,BC,BAT CAVE,54314355.4023711,53759383.76687453,0.997123612863398,0.989782229184435,0.9869642394524594,1,1,True,True
HENDERSON,HENDERSON - BK,BK,BRICKTON,7438060.06736512,HENDERSON - BK,BK,BRICKTON,7537517.126836327,7337858.5104837045,0.9865285362078406,0.9735113548675379,0.9607395629963059,1,1,True,True
HENDERSON,HENDERSON - CB,CB,CRAB CREEK,57892479.59664119,HENDERSON - CB,CB,CRAB CREEK,57842433.205063194,57648337.02330052,0.9957828274925914,0.9966443980481499,0.9924554210808504,1,1,True,True
HENDERSON,HENDERSON - CC,CC,CLEAR CREEK,39168821.90522151,HENDERSON - CC,CC,CLEAR CREEK,39818947.56004125,39125924.48657452,0.9989048070235356,0.9825956456427748,0.981538223017345,1,1,True,True
HENDERSON,HENDERSON - ED,ED,EDNEYVILLE,84160315.52510014,HENDERSON - ED,ED,EDNEYVILLE,83376510.82883368,83180279.57171781,0.9883551297631478,0.997646444362265,0.9860560056644452,1,1,True,True
HENDERSON,HENDERSON - EF,EF,EAST FLAT ROCK,15643383.52185735,HENDERSON - EF,EF,EAST FLAT ROCK,15794221.05713259,15484001.77816374,0.9898115555710236,0.9803586844931009,0.9705645785140058,1,1,True,True
HENDERSON,HENDERSON - ES,ES,ETOWAH SOUTH,33952072.03717506,HENDERSON - ES,ES,ETOWAH SOUTH,33900545.28577306,33699840.106713556,0.9925709414675685,0.9940795884736481,0.9867379128012549,1,1,True,True
HENDERSON,HENDERSON - EV,EV,ETOWAH VALLEY,18739157.873382263,HENDERSON - EV,EV,ETOWAH VALLEY,18670331.75513493,18460255.33148287,0.9851165914827178,0.9887481151161504,0.9741953179803161,1,1,True,True
HENDERSON,HENDERSON - FL,FL,FLETCHER,14050054.139404494,HENDERSON - FL,FL,FLETCHER,14218440.41616692,13938141.64857857,0.992034728854741,0.9802862508556396,0.9726307327558634,1,1,True,True
HENDERSON,HENDERSON - FR,FR,FLAT ROCK,20570506.576376185,HENDERSON - FR,FR,FLAT ROCK,20529260.717675034,20006592.617190756,0.9725862872121465,0.9745403350041594,0.9484865566082046,1,1,True,True
HENDERSON,HENDERSON - GM,GM,GRIMESDALE,9243869.380511433,HENDERSON - GM,GM,GRIMESDALE,9261279.785605999,9030657.653279139,0.9769347966251231,0.9750982436914069,0.9531548622997086,1,1,True,True
HENDERSON,HENDERSON - GR,GR,GREEN RIVER,113938432.13573362,HENDERSON - GR,GR,GREEN RIVER,113791378.4630318,113355603.92174588,0.9948847091972143,0.9961704080997007,0.9910941217878775,1,1,True,True
HENDERSON,HENDERSON - HC,HC,HOOPERS CREEK,46092569.38940444,HENDERSON - HC,HC,HOOPERS CREEK,45994585.06210954,45703761.44876928,0.9915646286204965,0.9936770032179323,0.9853475239740396,1,1,True,True
HENDERSON,HENDERSON - HS,HS,HORSE SHOE,22448730.550860293,HENDERSON - HS,HS,HORSE SHOE,22430634.768106226,22141548.411071178,0.9863162801525388,0.9871119850140802,0.9737763524422997,1,1,True,True
HENDERSON,HENDERSON - HV-1,HV-1,HENDERSONVILLE 1,3469315.458869685,HENDERSON - HV-1,HV-1,HENDERSONVILLE 1,3503018.4814095614,3304796.856168308,0.9525789439871294,0.9434140509696962,0.9010943258040528,1,1,True,True
HENDERSON,HENDERSON - HV-2,HV-2,HENDERSONVILLE 2,7829672.931665916,HENDERSON - HV-2,HV-2,HENDERSONVILLE 2,7688014.823197193,7188519.295239515,0.9181123347013189,0.9350293229858843,0.8630536565668613,1,1,True,True
HENDERSON,HENDERSON - HV-3,HV-3,HENDERSONVILLE 3,3447423.100809702,HENDERSON - HV-3,HV-3,HENDERSONVILLE 3,3442504.737568013,3306132.6596197374,0.9590156365904784,0.9603857980324475,0.9225227711717419,1,1,True,True
HENDERSON,HENDERSON - LJ,LJ,LONG JOHN MOUNTAIN,8379189.6872715885,HENDERSON - LJ,LJ,LONG JOHN MOUNTAIN,8229947.514667972,8132752.610907078,0.9705893904348697,0.9881900943368512,0.9594600768246232,1,1,True,True
HENDERSON,HENDERSON - LP,LP,LAUREL PARK,6980209.941949315,HENDERSON - LP,LP,LAUREL PARK,6692229.44227434,6302833.144868923,0.9029575324075101,0.9418136660190357,0.8552469345256073,1,1,True,True
HENDERSON,HENDERSON - MG,MG,MOORES GROVE,4847529.847295354,HENDERSON - MG,MG,MOORES GROVE,4911204.847307958,4729648.59980951,0.975682202853972,0.963032238902035,0.9404588648235161,1,1,True,True
HENDERSON,HENDERSON - NB,NB,BLUE RIDGE NORTH,43313928.46628325,HENDERSON - NB,NB,NORTH BLUE RIDGE,43121802.4759792,42890527.22429026,0.9902248247391696,0.9946366979483807,0.9849655889102725,1,1,True,True
HENDERSON,HENDERSON - NE,NE,NORTHEAST,9136779.147359954,HENDERSON - NE,NE,NORTHEAST,9129872.23076548,8705982.192313781,0.95285023878785,0.9535710875533076,0.9106038524200526,1,1,True,True
HENDERSON,HENDERSON - NM,NM,MILLS RIVER NORTH,101566081.23146985,HENDERSON - NM,NM,NORTH MILLS RIVER,101533094.16038655,101031240.64244333,0.9947340629613579,0.9950572419555099,0.9898430970557508,1,1,True,True
HENDERSON,HENDERSON - NW,NW,NORTHWEST,6849595.041435649,HENDERSON - NW,NW,NORTHWEST,6823093.656980551,6688229.974098595,0.9764416631405363,0.9802342324959911,0.9575874435068765,1,1,True,True
HENDERSON,HENDERSON - PR,PR,PARK RIDGE,16543655.958395721,HENDERSON - PR,PR,PARK RIDGE,16691296.469330503,16340090.796112366,0.9876952734755072,0.9789587541109547,0.9671633395053442,1,1,True,True
HENDERSON,HENDERSON - PV,PV,PISGAH VIEW,8372471.307264672,HENDERSON - PV,PV,PISGAH VIEW,8634728.655460807,8210187.111139202,0.9806169301548208,0.9508332500925649,0.9332926130327001,1,1,True,True
HENDERSON,HENDERSON - RG,RG,RUGBY,10133723.29808506,HENDERSON - RG,RG,RUGBY,10182430.23084221,9990271.395117514,0.9858441069735293,0.9811283916149355,0.9674981048259924,1,1,True,True
HENDERSON,HENDERSON - RR,RR,RAVEN ROCK,32019730.585770518,HENDERSON - RR,RR,RAVEN ROCK,31901372.453575358,31766985.13443756,0.9921065715822956,0.9957874126157624,0.9879600873637507,1,1,True,True
HENDERSON,HENDERSON - SB,SB,BLUE RIDGE SOUTH,40713535.631525986,HENDERSON - SB,SB,SOUTH BLUE RIDGE,40998708.705942236,40534174.01061441,0.9955945456927427,0.9886695286268736,0.9843631255391904,1,1,True,True
HENDERSON,HENDERSON - SE,SE,SOUTHEAST,7200265.348843876,HENDERSON - SE,SE,SOUTHEAST,7213884.333883118,7001338.015997829,0.9723722219656824,0.9705364948967959,0.9444915547256989,1,1,True,True
HENDERSON,HENDERSON - SM,SM,MILLS RIVER SOUTH,73346821.97542734,HENDERSON - SM,SM,SOUTH MILLS RIVER,73405933.50633788,73047791.97784482,0.9959230681094444,0.9951210820244913,0.9910837548133292,1,1,True,True
HENDERSON,HENDERSON - SW,SW,SOUTHWEST,7088581.6191387065,HENDERSON - SW,SW,SOUTHWEST,7221405.657004756,6864915.134716499,0.9684469338945999,0.9506341923968138,0.9220750322240305,1,1,True,True
HERTFORD,HERTFORD - A1,A1,AHOSKIE 1,24572836.74385638,HERTFORD - A1,A1,AHOSKIE 1,25527371.38134516,24497154.186901875,0.9969200724465226,0.9596426447888737,0.9568059437728453,1,1,True,True
HERTFORD,HERTFORD - A2,A2,AHOSKIE 2,78699863.04695007,HERTFORD - A2,A2,AHOSKIE 2,78756770.809268,78600372.09962137,0.9987358180373281,0.99801415537941,0.9967549862081317,1,1,True,True
HERTFORD,HERTFORD - A3,A3,AHOSKIE 3,24892597.462195117,HERTFORD - A3,A3,AHOSKIE 3,24757891.753787998,24739104.214359146,0.9938337793768174,0.999241149463949,0.9930842549599874,1,1,True,True
HERTFORD,HERTFORD - BR,BR,BRYANTVILLE,36419692.31435272,HERTFORD - BR,BR,BRYANTVILLE,36396083.98329282,36269344.705682844,0.9958718045344215,0.9965177770864538,0.9924182232242672,1,1,True,True
HERTFORD,HERTFORD - CM,CM,COMO,124917539.77637994,HERTFORD - CM,CM,COMO,124954927.08896889,124673740.86074105,0.9980483211879186,0.9977496987531541,0.9958067852555672,1,1,True,True
HERTFORD,HERTFORD - CO,CO,COFIELD,53949787.25381042,HERTFORD - CO,CO,COFIELD,54257884.84546957,53831895.851843424,0.9978147939414039,0.9921488094340685,0.9899977447104713,1,1,True,True
HERTFORD,HERTFORD - HV,HV,HARRELLSVILLE,183231223.17525125,HERTFORD - HV,HV,HARRELLSVILLE,183127748.87232593,182978285.17633998,0.9986195693368846,0.9991838282460942,0.997805648447703,1,1,True,True
HERTFORD,HERTFORD - M1,M1,MURFREESBORO 1,30763876.677532144,HERTFORD - M1,M1,MURFREESBORO 1,30639836.53538105,30516206.475031193,0.9919493175357242,0.9959650548328777,0.9879789500006673,1,1,True,True
HERTFORD,HERTFORD - M2,M2,MURFREESBORO 2,94768563.68666391,HERTFORD - M2,M2,MURFREESBORO 2,94707331.77456066,94518462.61401975,0.9973609278972395,0.9980057598815001,0.9953771893360744,1,1,True,True
HERTFORD,HERTFORD - ML,ML,MILLENNIUM,47536176.11826907,HERTFORD - ML,ML,MILLENNIUM,47618762.90895151,47496317.800234534,0.9991615161064834,0.9974286373429924,0.9965944581993151,1,1,True,True
HERTFORD,HERTFORD - SJ,SJ,ST JOHN,107265541.28690003,HERTFORD - SJ,SJ,ST JOHN,107292996.97216274,107099873.18299207,0.9984555328587319,0.9982000336031179,0.9966611171577031,1,1,True,True
HERTFORD,HERTFORD - UN,UN,UNION,59593690.709773436,HERTFORD - UN,UN,UNION,58744920.822352216,58539170.71583312,0.9823048382910882,0.996497567727748,0.9789250520865064,1,1,True,True
HERTFORD,HERTFORD - WN,WN,WINTON,66881089.64574385,HERTFORD - WN,WN,WINTON,66644670.055620134,66538722.65301442,0.9948809597071029,0.998410264428989,0.993307445513502,1,1,True,True
HOKE,HOKE - 01,01,ALLENDALE,61838285.077666394,HOKE - 01,01,ALLENDALE,61662419.18351655,61571743.80701545,0.9956897046818782,0.9985294872030364,0.9942318320131273,1,1,True,True
HOKE,HOKE - 02,02,ANTIOCH,91278269.47180673,HOKE - 02,02,ANTIOCH,91325817.68927257,91032308.55673382,0.9973053727190907,0.9967861318960495,0.9941087739494223,1,1,True,True
HOKE,HOKE - 03,03,BLUE SPRINGS,79977353.43280958,HOKE - 03,03,BLUE SPRINGS,79928593.96419418,79704325.40392862,0.9965861832486076,0.9971941385536442,0.9937994198023893,1,1,True,True
HOKE,HOKE - 04,04,BUCHAN,60941558.67492407,HOKE - 04,04,BUCHAN,60649538.029903114,60526362.441343054,0.9931869771202315,0.9979690597395923,0.9911835885534506,1,1,True,True
HOKE,HOKE - 05,05,MCCAIN,80704706.67794953,HOKE - 05,05,MCCAIN,253941072.0026043,80605842.39673853,0.9987749874167127,0.3174194775231628,0.31729594793585947,1,2,True,False
HOKE,HOKE - 06,06,PUPPY CREEK,60838465.30528042,HOKE - 06B,06B,PUPPY CREEK,24300248.36576702,24290180.95128639,0.3992569639848911,0.999585707342201,0.3991909067578545,1,1,True,True
HOKE,HOKE - 093PND,093PND,PRECINCTS NOT DEFINED,362642876.80816513,HOKE - 14,14,WAYSIDE,205869811.04609323,189163236.80264923,0.5216240243503112,0.9188488386978532,0.49865166874042555,1,1,True,True
HOKE,HOKE - 12,12,ROCKFISH,29366478.89620805,HOKE - 12,12,ROCKFISH,29418686.656483077,29271185.019465927,0.9967550118255945,0.9949861243386049,0.9917735422544597,1,1,True,True
HOKE,HOKE - 13,13,STONEWALL,85912435.63667355,HOKE - 13,13,STONEWALL,84749157.21658054,84529926.52295966,0.9839079278399164,0.9974131814306941,0.9814035896949623,1,1,True,True
HOKE,HOKE - 61,61,RAEFORD 1,11937984.462022688,HOKE - 61,61,RAEFORD 1,11883597.899389228,11814700.197400814,0.9896729414404862,0.9942022859935411,0.9839940157665307,1,1,True,True
HOKE,HOKE - 62,62,RAEFORD 2,2800090.469022223,HOKE - 62,62,RAEFORD 2,2780338.3517227015,2723906.650060594,0.9727923723163732,0.9797032970368005,0.953574482290132,1,1,True,True
HOKE,HOKE - 63,63,RAEFORD 3,43995452.3970348,HOKE - 63,63,RAEFORD 3,44182272.412812166,43890657.31396812,0.9976180473808756,0.9933997261136917,0.9910490758515991,1,1,True,True
HOKE,HOKE - 64,64,RAEFORD 4,39911972.90121613,HOKE - 64,64,RAEFORD 4,39815831.81785317,39682879.458321944,0.9942600321096329,0.9966608167288971,0.9909590091611359,1,1,True,True
HOKE,HOKE - 65,65,RAEFORD 5,4016053.375927446,HOKE - 65,65,RAEFORD 5,3990333.531145158,3951262.8283132743,0.9838671099337146,0.990208662376984,0.974387651665191,1,1,True,True
HYDE,HYDE - 095PND,095PND,PRECINCTS NOT DEFINED,203036874.82810813,HYDE - FF,FF,FAIRFIELD,296535918.9232493,74304935.33610202,0.3659676864067618,0.2505765089298809,0.17472502063287018,1,2,True,False
HYDE,HYDE - BM,BM,BURGESS MILL,392064814.7332511,HYDE - BM,BM,BURGESS MILL,391104734.22890735,390791986.2326221,0.9967535253029656,0.9992003471988089,0.9959590541164374,1,1,True,True
HYDE,HYDE - ENG,ENG,ENGELHARD,470489808.552498,HYDE - ENG,ENG,ENGELHARD,495662360.690676,465793722.82874125,0.9900187301863038,0.9397399515663958,0.9309200757309442,1,1,True,True
HYDE,HYDE - FF,FF,FAIRFIELD,219344201.46557522,HYDE - FF,FF,FAIRFIELD,296535918.9232493,219125409.46255836,0.9990025174973627,0.7389506480638972,0.7384058328125542,1,1,True,True
HYDE,HYDE - LL,LL,LAKE LANDING,1147025859.1618235,HYDE - LL,LL,LAKE LANDING,1257791790.8480196,1146584254.2511916,0.9996150000393587,0.9115850990553449,0.9112651580511095,1,1,True,True
HYDE,HYDE - OCK,OCK,OCRACOKE,375944851.07799643,HYDE - OCK,OCK,OCRACOKE,376480972.5538616,375586341.6712596,0.9990463776649451,0.9976237022643315,0.99667460457482,1,1,True,True
HYDE,HYDE - SLAD,SLAD,SLADESVILLE,347651352.4649962,HYDE - SLAD,SLAD,SLADESVILLE,347817545.16435176,347346567.9709528,0.9991233041612456,0.9986459073156404,0.9977715830863143,1,1,True,True
HYDE,HYDE - SQ,SQ,SWAN QUARTER,532845435.1055473,HYDE - SQ,SQ,SWAN QUARTER,613505221.8729577,532778466.38901824,0.999874318682085,0.8684171664627558,0.8683223825335917,1,1,True,True
IREDELL,IREDELL - BA,BA,BARRINGER,77248427.81006558,IREDELL - BA-1,BA-1,BARRINGER,77511364.56981671,76292051.6491998,0.9876194741048029,0.9842692368095437,0.9722728211463346,1,1,True,True
IREDELL,IREDELL - BE,BE,BETHANY,67758976.29913078,IREDELL - BE,BE,BETHANY,67749786.8235126,67392529.31913574,0.9945919050137754,0.9947268099114834,0.9893754477609619,1,1,True,True
IREDELL,IREDELL - CC1,CC1,CODDLE CREEK 1,17800964.123154104,IREDELL - CC1,CC1,CODDLE CREEK 1,17886468.690157574,17602614.228035368,0.9888573509981553,0.9841302122269443,0.9733365112308325,1,1,True,True
IREDELL,IREDELL - CC2,CC2,CODDLE CREEK 2,28405201.434673693,IREDELL - CC2,CC2,CODDLE CREEK 2,29236356.87952407,28154020.843229238,0.9911572325222857,0.9629797911978268,0.9547769416468845,1,1,True,True
IREDELL,IREDELL - CC3,CC3,CODDLE CREEK 3,45985479.19628644,IREDELL - CC3-1,CC3-1,CODDLE CREEK 3,46069548.84742276,45493563.93788823,0.9893028132576699,0.9874974918586216,0.9770647210425834,1,1,True,True
IREDELL,IREDELL - CC4,CC4,CODDLE CREEK 4,30839968.398399364,IREDELL - CC4-1,CC4-1,CODDLE CREEK 4,24673446.58507497,23692056.624708995,0.7682257101774023,0.9602248531844911,0.7445331640967776,1,1,True,True
IREDELL,IREDELL - CD,CD,CONCORD,90006424.9667587,IREDELL - CD,CD,CONCORD,90167837.20591284,89730792.82362884,0.9969376392492908,0.9951529902920269,0.9921201991637065,1,1,True,True
IREDELL,IREDELL - CH-A,CH-A,CHAMBERSBURG A,54866963.01415184,IREDELL - CH-A,CH-A,CHAMBERSBURG A,55135573.967026904,54380366.408362195,0.9911313369820718,0.9863027170241059,0.977674295129697,1,1,True,True
IREDELL,IREDELL - CH-B,CH-B,CHAMBERSBURG B,62101199.43310785,IREDELL - CH-B,CH-B,CHAMBERSBURG B,61996206.89040201,61397102.341076374,0.9886621015623073,0.9903364321887508,0.979215385594905,1,1,True,True
IREDELL,IREDELL - CS,CS,COOL SPRINGS,79277414.1347565,IREDELL - CS,CS,COOL SPRINGS,78854383.23205209,78742515.53026491,0.9932528247757632,0.9985813381932369,0.9918532289080231,1,1,True,True
IREDELL,IREDELL - DV1-A,DV1-A,DAVIDSON 1A,43385411.597483106,IREDELL - DV1A1A,DV1A1A,DAVIDSON 1A,28922103.95979358,28365533.790999554,0.6538034963034697,0.9807562351076621,0.6455224059277277,1,1,True,True
IREDELL,IREDELL - DV1-B,DV1-B,DAVIDSON 1B,48485849.664290495,IREDELL - DV1B-1,DV1B-1,DAVIDSON 1 B,49782347.45106605,48069275.55741272,0.9914083364577072,0.9655887682810216,0.9575758615038596,1,1,True,True
IREDELL,IREDELL - DV2-A,DV2-A,DAVIDSON 2A,15562399.957010206,IREDELL - DV2A-1,DV2A-1,DAVIDSON 2 A,18509347.703687247,11463654.855743485,0.7366251277059352,0.6193440762615211,0.5070597929088262,1,1,True,True
IREDELL,IREDELL - DV2-B,DV2-B,DAVIDSON 2B,25991517.216076616,IREDELL - DV2B-1,DV2B-1,DAVIDSON 2 B,29000368.29508156,25151745.367427304,0.9676905414305754,0.8672905499511543,0.8428829504914858,1,1,True,True
IREDELL,IREDELL - EM,EM,EAGLE MILLS,98693436.05276741,IREDELL - EM,EM,EAGLE MILLS,99749301.91441312,98433001.16482931,0.9973611731605043,0.9868039101595596,0.9842341787116387,1,1,True,True
IREDELL,IREDELL - FT,FT,FALLSTOWN,90061749.51292782,IREDELL - FT,FT,FALLSTOWN,89472262.35287397,89113788.46890575,0.9894743212390518,0.9959934635099041,0.9855515184666627,1,1,True,True
IREDELL,IREDELL - NH,NH,NEW HOPE,94882773.43608479,IREDELL - NH,NH,NEW HOPE,93846062.86019017,93267627.44702923,0.982977458072054,0.9938363379823117,0.9770212274843424,1,1,True,True
IREDELL,IREDELL - OL,OL,OLIN,77933978.42128097,IREDELL - OL,OL,OLIN,77964827.8618413,77403811.01451138,0.9931972238873306,0.992804231565494,0.9860986773696149,1,1,True,True
IREDELL,IREDELL - SB,SB,SHARPESBURG,90530065.9638542,IREDELL - SB,SB,SHARPESBURG,90065958.58339652,89742431.72959726,0.991299749692313,0.9964078897411646,0.9877697617276804,1,1,True,True
IREDELL,IREDELL - SH-A,SH-A,SHILOH A,80582194.2771395,IREDELL - SH-A,SH-A,SHILOH A,79905837.0023213,79683745.47455822,0.988850529442133,0.9972205844266843,0.9861326621579227,1,1,True,True
IREDELL,IREDELL - SH-B,SH-B,SHILOH B,56686950.35005803,IREDELL - SH-B,SH-B,SHILOH B,56604088.15088717,56321196.12810389,0.993547823269809,0.9950022687048825,0.9886142173170793,1,1,True,True
IREDELL,IREDELL - ST1,ST1,STATESVILLE 1,10649637.892330317,IREDELL - ST1,ST1,STATESVILLE 1,10717256.542615036,10483574.24947756,0.9844066394997004,0.9781956984785906,0.9632698543111868,1,1,True,True
IREDELL,IREDELL - ST2,ST2,STATESVILLE 2,12020625.506260594,IREDELL - ST2,ST2,STATESVILLE 2,12152481.599191524,11848249.687426275,0.9856599959174718,0.9749654497081905,0.9613295542143552,1,1,True,True
IREDELL,IREDELL - ST3,ST3,STATESVILLE 3,22556389.23833422,IREDELL - ST3,ST3,STATESVILLE 3,22943942.25912851,22520289.065408636,0.9983995588769042,0.9815352920202142,0.9799933630233786,1,1,True,True
IREDELL,IREDELL - ST4,ST4,STATESVILLE 4,9877175.61734202,IREDELL - ST4,ST4,STATESVILLE 4,9734742.792302255,9520265.20140443,0.9638651341471607,0.9779678214952507,0.9433801385120054,1,1,True,True
IREDELL,IREDELL - ST5,ST5,STATESVILLE 5,11384141.787028566,IREDELL - ST5,ST5,STATESVILLE 5,11533273.28268882,11219110.768840756,0.9855034291319306,0.9727603338490544,0.9590373510800225,1,1,True,True
IREDELL,IREDELL - ST6,ST6,STATESVILLE 6,28016422.470526766,IREDELL - ST6,ST6,STATESVILLE 6,28214656.24415177,27785918.61516714,0.9917725449920626,0.9848044354935744,0.9768241246652156,1,1,True,True
IREDELL,IREDELL - TB,TB,TURNERSBURG,93981283.93334886,IREDELL - TB,TB,TURNERSBURG,94607229.0268904,93780035.12287349,0.9978586288455252,0.9912565465395694,0.9891524182441102,1,1,True,True
IREDELL,IREDELL - UG,UG,UNION GROVE,80677443.82836087,IREDELL - UG,UG,UNION GROVE,80629929.24528588,79638909.19839118,0.9871273235654424,0.9877090299325465,0.975148856969265,1,1,True,True
JACKSON,JACKSON - BCK,BCK,BARKERS CREEK,58069312.21477512,JACKSON - BCK,BCK,BARKERS CREEK,60781083.56391673,57808245.351683676,0.9955042198170719,0.9510894173331601,0.9470217701587776,1,1,True,True
JACKSON,JACKSON - CAN,CAN,CANADA,170830201.05573443,JACKSON - CAN,CAN,CANADA,168261449.90110937,166797484.39347368,0.9763934208510061,0.9912994598079591,0.9680971081056611,1,1,True,True
JACKSON,JACKSON - CAS,CAS,CASHIERS,157494076.9869588,JACKSON - CAS,CAS,CASHIERS,156643459.53308624,154438521.40578315,0.9805989174981566,0.985923841736671,0.9670599489626472,1,1,True,True
JACKSON,JACKSON - CFK,CFK,CANEY FORK,134149164.66993499,JACKSON - CFK,CFK,CANEY FORK,131996256.53388967,130839986.50910018,0.9753321001366142,0.9912401301737477,0.9669972740141652,1,1,True,True
JACKSON,JACKSON - CUL,CUL,CULLOWHEE,83166827.46350086,JACKSON - CUL,CUL,CULLOWHEE,79841358.06072775,77110162.93173267,0.9271745151704115,0.9657922260425766,0.8976942728652408,1,1,True,True
JACKSON,JACKSON - DIL,DIL,DILLSBORO,20287771.2666184,JACKSON - SDC,SDC,SSW SND,79284943.58658136,18520703.596815594,0.9128998623564754,0.2335967304635901,0.22850393604954236,1,3,True,False
JACKSON,JACKSON - GCK,GCK,GREENS CREEK,34231697.70058164,JACKSON - GCK,GCK,GREENS CREEK,31896566.23039163,31038712.676893108,0.9067243158193034,0.9731051440677918,0.8845571279080969,1,1,True,True
JACKSON,JACKSON - HAM,HAM,HAMBURG,122584899.86419159,JACKSON - GLV,GLV,GLENVILLE,172328551.48367113,119562887.88535489,0.9753476000536387,0.6938077692638412,0.6818506055780023,1,1,True,True
JACKSON,JACKSON - MNT,MNT,MOUNTAIN,46444553.879962355,JACKSON - GLV,GLV,GLENVILLE,172328551.48367113,45568163.76720384,0.9811304008856758,0.2644260824737543,0.26308812755110883,1,2,True,False
JACKSON,JACKSON - QUA,QUA,QUALLA,154421725.88934335,JACKSON - QUA,QUA,QUALLA,154730945.60027468,153762410.1471077,0.9957304211020921,0.9937405187474969,0.9895241105759223,1,1,True,True
JACKSON,JACKSON - RIV,RIV,RIVER,53375832.159605496,JACKSON - RIV,RIV,RIVER,57740474.42493909,52393328.13403584,0.9815927174187795,0.9073934472454953,0.8922116949192643,1,1,True,True
JACKSON,JACKSON - SAV,SAV,SAVANNAH,60392837.86816839,JACKSON - SAV,SAV,SAVANNAH,60511256.11954474,58796725.08088184,0.9735711577129277,0.9716659155897259,0.9466948305133354,1,1,True,True
JACKSON,"JACKSON - SC1, SC2, & SC3","SC1, SC2, & SC3","SCOTTS CREEK 1, 2, & 3",98620616.18407793,JACKSON - SCC,SCC,SCOTTS CREEK COMBINED,100821418.0453749,97606126.0832864,0.9897132046011763,0.9681090384917871,0.9584647287987162,1,1,True,True
JACKSON,JACKSON - SNW,SNW,SYLVA NORTH WD,28848772.66241681,JACKSON - SDC,SDC,SSW SND,79284943.58658136,28680726.16182321,0.9941749168132714,0.3617424048552555,0.36097730406816697,1,2,True,False
JACKSON,JACKSON - SSW,SSW,SYLVA SOUTH WD,31470126.44731789,JACKSON - SDC,SDC,SSW SND,79284943.58658136,29870750.818308644,0.9491779725865843,0.37675187074692124,0.36930212318027406,1,1,True,True
JACKSON,JACKSON - WEB,WEB,WEBSTER,26383128.535614338,JACKSON - WEB,WEB,WEBSTER,26878284.148537304,24892748.411173854,0.9435101063761777,0.9261286276165995,0.8774734041632382,1,1,True,True
JOHNSTON,JOHNSTON - PR01,PR01,BANNER NORTH,32140001.468467735,JOHNSTON - PR35,PR35,BANNER,99471076.36257169,32038261.56300985,0.9968344772616858,0.32208620570496804,0.3217571096590201,1,3,True,False
JOHNSTON,JOHNSTON - PR02,PR02,BANNER SOUTH,33667200.092486575,JOHNSTON - PR35,PR35,BANNER,99471076.36257169,32935516.272065178,0.978267161557498,0.3311064630688759,0.3286887128849287,1,1,True,True
JOHNSTON,JOHNSTON - PR03,PR03,BANNER WEST,33154354.286829755,JOHNSTON - PR35,PR35,BANNER,99471076.36257169,32934665.438731622,0.9933737557909429,0.3310979094936592,0.33036826800489494,1,2,True,False
JOHNSTON,JOHNSTON - PR04,PR04,BENTONVILLE,139630869.09835997,JOHNSTON - PR04,PR04,BENTONVILLE,138677501.7446875,137217933.20804447,0.9827191801791639,0.9894750877519399,0.9725530341256959,1,1,True,True
JOHNSTON,JOHNSTON - PR05,PR05,BEULAH NORTH,52494728.009610794,JOHNSTON - PR36,PR36,BEULAH,106990805.42778142,51897051.274463184,0.9886145379201091,0.4850608523504722,0.48236623689766084,1,2,True,False
JOHNSTON,JOHNSTON - PR06,PR06,BEULAH SOUTH,54648721.068249114,JOHNSTON - PR36,PR36,BEULAH,106990805.42778142,54457063.765638806,0.9964929224533735,0.5089882588312433,0.5080781163110691,1,1,True,True
JOHNSTON,JOHNSTON - PR07,PR07,BOON HILL NORTH,98875232.1917551,JOHNSTON - PR07,PR07,NORTH BOON HILL,97939883.43722168,97756277.84282877,0.9886831684323504,0.998125323535732,0.9868506437948399,1,1,True,True
JOHNSTON,JOHNSTON - PR08,PR08,BOON HILL SOUTH,76405992.50802565,JOHNSTON - PR08,PR08,SOUTH BOON HILL,76769115.15438434,76275535.7803679,0.9982925851314077,0.99357059967379,0.9918850510295243,1,1,True,True
JOHNSTON,JOHNSTON - PR09,PR09,CLAYTON EAST,37320694.44270426,JOHNSTON - PR09,PR09,EAST CLAYTON,39100909.32302239,37220369.703683056,0.9973118201437751,0.9519054760644127,0.9494693367248225,1,1,True,True
JOHNSTON,JOHNSTON - PR10,PR10,CLAYTON NORTH,35779760.198879875,JOHNSTON - PR10B,PR10B,NORTH CLAYTON 2,23402405.16604002,23320579.30885136,0.6517813193611465,0.9965035278806558,0.6502941412683289,1,1,True,True
JOHNSTON,JOHNSTON - PR11A,PR11A,CLAYTON WEST 1,19757097.63093764,JOHNSTON - PR11A,PR11A,WEST CLAYTON 1,19674039.01051676,19640098.612355947,0.9940781272245938,0.9982748637357755,0.9923733451211311,1,1,True,True
JOHNSTON,JOHNSTON - PR11B,PR11B,CLAYTON WEST 2,17565395.118934788,JOHNSTON - PR11B,PR11B,WEST CLAYTON 2,17816103.485584494,17511377.408525374,0.9969247654240817,0.9828960312615111,0.9799249381952175,1,1,True,True
JOHNSTON,JOHNSTON - PR12,PR12,CLEVELAND NORTH,49753589.24887327,JOHNSTON - PR12A,PR12A,NORTH CLEVELAND 1,25446080.295497134,25322136.02466849,0.5089509401624113,0.9951291409368626,0.5076862113613957,1,1,True,True
JOHNSTON,JOHNSTON - PR13,PR13,ELEVATION NORTH,64939588.91502264,JOHNSTON - PR13,PR13,NORTH ELEVATION,65403254.99133107,64736864.623467684,0.9968782633992304,0.9898110519430308,0.986752508400632,1,1,True,True
JOHNSTON,JOHNSTON - PR14,PR14,ELEVATION SOUTH,70345802.38515277,JOHNSTON - PR14,PR14,SOUTH ELEVATION,69008923.90185015,68741339.0382564,0.9771917684851796,0.9961224599883006,0.9734887634848116,1,1,True,True
JOHNSTON,JOHNSTON - PR15,PR15,INGRAMS EAST,113986849.53811254,JOHNSTON - PR37,PR37,INGRAMS,157631586.14918151,113550051.78383687,0.9961679987117319,0.7203508799078748,0.7183603006480371,1,1,True,True
JOHNSTON,JOHNSTON - PR16,PR16,INGRAMS WEST,42581883.98352954,JOHNSTON - PR37,PR37,INGRAMS,157631586.14918151,42542240.165924415,0.9990689980363373,0.2698839820444534,0.26981612419010065,1,2,True,False
JOHNSTON,JOHNSTON - PR17,PR17,MEADOW NORTH,60985586.99014117,JOHNSTON - PR38,PR38,MEADOW,119124173.4524171,60287912.03815812,0.9885600026757825,0.5060930144647718,0.5031462361912971,1,1,True,True
JOHNSTON,JOHNSTON - PR18,PR18,MEADOW SOUTH,58302666.86776679,JOHNSTON - PR38,PR38,MEADOW,119124173.4524171,57422705.434215486,0.9849070123061935,0.48204074597128166,0.4785060572186141,1,2,True,False
JOHNSTON,JOHNSTON - PR19,PR19,MICRO,60133485.257548705,JOHNSTON - PR19,PR19,MICRO,60162548.92946029,59648423.74213852,0.9919335871963401,0.9914543981850807,0.9835247144050263,1,1,True,True
JOHNSTON,JOHNSTON - PR20,PR20,ONEALS NORTH,101519838.77059142,JOHNSTON - PR20,PR20,NORTH ONEALS,101833136.23337848,100890600.5971946,0.9938018205996294,0.9907443129903826,0.984659990375191,1,1,True,True
JOHNSTON,JOHNSTON - PR21,PR21,ONEALS SOUTH,92030161.06815572,JOHNSTON - PR21,PR21,SOUTH ONEALS,92241078.98679718,91402548.20018221,0.9931803567364322,0.9909093562670165,0.9842127241667056,1,1,True,True
JOHNSTON,JOHNSTON - PR22,PR22,PINE LEVEL,51427209.09617509,JOHNSTON - PR22,PR22,PINE LEVEL,51426727.387477264,51332719.11284796,0.998162646097508,0.998171995781085,0.99634134697168,1,1,True,True
JOHNSTON,JOHNSTON - PR23,PR23,PLEASANT GROVE NORTH,61536263.73155109,JOHNSTON - PR23B,PR23B,NORTH PLEASANT GROVE 2,31941607.3894663,31693114.256853763,0.5150315006954828,0.992220393620689,0.5129600870087163,1,1,True,True
JOHNSTON,JOHNSTON - PR24,PR24,SELMA EAST,30602211.1425135,JOHNSTON - PR24,PR24,EAST SELMA,30501572.56360962,30287891.382827338,0.9897288546169953,0.9929944208503788,0.9828659532253984,1,1,True,True
JOHNSTON,JOHNSTON - PR25,PR25,SELMA WEST,42334608.0402199,JOHNSTON - PR25,PR25,WEST SELMA,42489720.50971192,42261128.29936512,0.9982643103537188,0.9946200585081619,0.9929029784080307,1,1,True,True
JOHNSTON,JOHNSTON - PR26,PR26,SMITHFIELD EAST,74676941.29300606,JOHNSTON - PR26,PR26,EAST SMITHFIELD,74259791.65098199,74149552.49559942,0.9929377289927107,0.9985154933385662,0.9914741009225605,1,1,True,True
JOHNSTON,JOHNSTON - PR27,PR27,SMITHFIELD NORTH,42482969.93079858,JOHNSTON - PR27B,PR27B,NORTH SMITHFIELD 2,34645263.656611964,34079272.35891181,0.8021866741996679,0.9836632417259109,0.7916398302394132,1,1,True,True
JOHNSTON,JOHNSTON - PR28,PR28,SMITHFIELD SOUTH,59130327.1178572,JOHNSTON - PR28,PR28,SOUTH SMITHFIELD,58885517.81057857,58667827.10552407,0.9921782943731854,0.9963031537609169,0.9885389480164738,1,1,True,True
JOHNSTON,JOHNSTON - PR29A,PR29A,ARCHER'S LODGE,55876636.13098329,JOHNSTON - PR29A,PR29A,ARCHERS LODGE,55749085.65311559,55472507.09439708,0.9927674773470817,0.9950388682526661,0.9878776736280146,1,1,True,True
JOHNSTON,JOHNSTON - PR29B,PR29B,FLOWERS PLANTATION,42718612.01366949,JOHNSTON - PR29B,PR29B,FLOWERS PLANTATION,42648287.15126762,42533554.246800594,0.9956679826861022,0.997309788689518,0.993000997892906,1,1,True,True
JOHNSTON,JOHNSTON - PR30,PR30,WILSONS MILLS,54454735.133185804,JOHNSTON - PR30,PR30,WILSONS MILLS,52252030.44735884,52113947.799968004,0.9570140718251097,0.9973573725995214,0.9545934780180811,1,1,True,True
JOHNSTON,JOHNSTON - PR31A,PR31A,CLEVELAND SOUTHEAST,21830606.798892163,JOHNSTON - PR31A,PR31A,SOUTHEAST CLEVELAND,21841038.136354983,21717957.4891306,0.9948398452320034,0.9943647070960647,0.9892623980566125,1,1,True,True
JOHNSTON,JOHNSTON - PR31B,PR31B,CLEVELAND SOUTHWEST,30021728.557571948,JOHNSTON - PR31B,PR31B,SOUTHWEST CLEVELAND,30001933.227569766,29860469.280542493,0.9946285812051024,0.9952848389484023,0.9899638201755145,1,1,True,True
JOHNSTON,JOHNSTON - PR32,PR32,WILDERS NORTH,58069096.9897253,JOHNSTON - PR32,PR32,NORTH WILDERS,58838799.99000167,58008240.37031629,0.9989519964565701,0.9858841509373659,0.9848655104221445,1,1,True,True
JOHNSTON,JOHNSTON - PR33,PR33,PLEASANT GROVE SOUTH,55788090.27275639,JOHNSTON - PR33,PR33,SOUTH PLEASANT GROVE,55926426.61286082,55472739.56861079,0.9943473472097036,0.9918877877288569,0.9863262189588896,1,1,True,True
JOHNSTON,JOHNSTON - PR34,PR34,CLAYTON SOUTH,34141346.660577975,JOHNSTON - PR34,PR34,SOUTH CLAYTON,34333904.23537953,34090041.63049324,0.9984972757344696,0.9928973237877502,0.9914158546283014,1,1,True,True
JONES,JONES - P01,P01,BEAVER CREEK,138906693.26435846,JONES - P01,P01,BEAVER CREEK,138152993.03700474,137432019.71479893,0.9893837113611723,0.9947813412771108,0.9842749870033519,1,1,True,True
JONES,JONES - P02,P02,CHINQUAPIN,102845998.0884333,JONES - P02,P02,CHINQUAPIN,102854966.7930572,102066831.0126761,0.9924239436610143,0.9923374066906577,0.984876576880333,1,1,True,True
JONES,JONES - P03,P03,CYPRESS CREEK,112521149.42982556,JONES - P03,P03,CYPRESS CREEK,112398278.77281733,110345705.56622417,0.9806663558395472,0.9817383928917464,0.9630978467583577,1,1,True,True
JONES,JONES - P04,P04,POLLOCKSVILLE,276988756.2191425,JONES - P04,P04,POLLOCKSVILLE,271519363.262061,270055787.62433726,0.9749702165191133,0.9946096822703906,0.9698456673839415,1,1,True,True
JONES,JONES - P05,P05,TRENTON,232120629.91371,JONES - P05,P05,TRENTON,236066190.30231738,230267114.07490098,0.9920148595172344,0.9754345329164256,0.9678354004788231,1,1,True,True
JONES,JONES - P06,P06,TUCKAHOE,127730566.52666183,JONES - P06,P06,TUCKAHOE,127352283.42332065,125596749.24416888,0.9832943880191156,0.986215133863628,0.9699631741133271,1,1,True,True
JONES,JONES - P07,P07,WHITE OAK,234787440.33874276,JONES - P07,P07,WHITE OAK,238525345.02334931,228968703.47454992,0.9752170011487932,0.9599344818142328,0.9370748892536359,1,1,True,True
LEE,LEE - 01,01,SANFORD WEST 1,10563956.753107807,LEE - A1,A1,A1,31023917.88723375,10432395.831774078,0.9875462457478327,0.33626945086993604,0.33484947850986846,1,2,True,False
LEE,LEE - 02,02,SANFORD WEST 2,8544469.468793783,LEE - D1,D1,D1,102541229.01302242,6122490.02918009,0.7165441987405682,0.05970759360025373,0.05832986738341578,1,3,True,False
LEE,LEE - 03,03,SANFORD WEST 3,23976295.09508336,LEE - B2,B2,B2,12336467.70735718,12129572.555565286,0.5058985346761355,0.9832289795831504,0.5015704062094358,1,1,True,True
LEE,LEE - 04,04,SANFORD EAST,48870720.79494723,LEE - A2,A2,A2,58270273.09470011,48620204.996674925,0.9948739082584146,0.8343912326900885,0.8308193706273427,1,1,True,True
LEE,LEE - 05,05,JONESBORO WEST,30298316.631408654,LEE - A1,A1,A1,31023917.88723375,20446116.841467876,0.6748268258663742,0.6590436744896554,0.5001971322948098,1,1,True,True
LEE,LEE - 06,06,CAPE FEAR,112371408.65701479,LEE - E1,E1,E1,108373136.1893362,107907094.13679306,0.9602717935676333,0.9956996533557088,0.9563056720817318,1,1,True,True
LEE,LEE - 07,07,GREENWOOD,127906433.39622843,LEE - C1,C1,C1,97644778.95038643,97326713.75075363,0.7609211762574524,0.9967426297334913,0.7590336855791385,1,1,True,True
LEE,LEE - 08,08,JONESBORO EAST,32897934.040649552,LEE - E2,E2,E2,37155080.907371305,32817810.479740944,0.9975644804682992,0.883265752039585,0.8813651206802939,1,1,True,True
LEE,LEE - 09,09,POCKET EAST,49342549.46577584,LEE - C2,C2,C2,79084078.4421838,49139685.01198658,0.9958886507489857,0.621360025683441,0.6197702070120094,1,1,True,True
LEE,LEE - 10,10,POCKET WEST,83562328.77617235,LEE - D1,D1,D1,102541229.01302242,83319199.32413687,0.9970904418821701,0.8125434045027448,0.8106213880048849,1,1,True,True
LEE,LEE - 11,11,DEEP RIVER,84596453.17564549,LEE - B1,B1,B1,96679199.71106736,84426820.99511859,0.9979948074161609,0.8732676857838514,0.8717381443445803,1,1,True,True
LEE,LEE - 12,12,CUMNOCK,47490737.963235945,LEE - D2,D2,D2,48224895.48147293,36128821.49868044,0.7607551082202363,0.7491736609892796,0.6063224448289768,1,1,True,True
LEE,LEE - 13,13,SANFORD WEST 4,11242065.3003719,LEE - D2,D2,D2,48224895.48147293,9613127.392975293,0.855103322754875,0.19933951742142125,0.19282624302911755,1,2,True,False
LENOIR,LENOIR - C,C,CONTENTNEA,97307872.73287454,LENOIR - C,C,CONTENTNEA,96848967.41513185,96610910.66711342,0.9928375572686252,0.9975419794926875,0.9904145788680738,1,1,True,True
LENOIR,LENOIR - FC,FC,FALLING CREEK,80805732.67223205,LENOIR - FC,FC,FALLING CREEK,80693643.6615437,80500407.28939173,0.9962214885906822,0.9976053086292339,0.9938448382630757,1,1,True,True
LENOIR,LENOIR - I,I,INSTITUTE,57815474.70938321,LENOIR - I,I,INSTITUTE,56326607.00600881,56169921.68748898,0.9715378446658821,0.9972182716686074,0.9689120029416428,1,1,True,True
LENOIR,LENOIR - K1,K1,KINSTON 1,3843247.0451043467,LENOIR - K1,K1,KINSTON 1,3740824.139430914,3728686.377446638,0.9701916982402575,0.9967553240858517,0.9671372804579627,1,1,True,True
LENOIR,LENOIR - K2,K2,KINSTON 2,1329479.2956432565,LENOIR - K2,K2,KINSTON 2,1344488.6187711533,1309028.0219493096,0.9846170799643392,0.973625216065976,0.959037118905791,1,1,True,True
LENOIR,LENOIR - K3,K3,KINSTON 3,2872164.0466763373,LENOIR - K3,K3,KINSTON 3,2893738.092952488,2860720.677834288,0.9960157676734059,0.9885900471785571,0.9846960389411319,1,1,True,True
LENOIR,LENOIR - K4,K4,KINSTON 4,6104546.422888927,LENOIR - K4,K4,KINSTON 4,6082485.712456122,6041053.653719615,0.9895991012647153,0.9931883015110649,0.9829278888268953,1,1,True,True
LENOIR,LENOIR - K5,K5,KINSTON 5,1691306.1017262286,LENOIR - K5,K5,KINSTON 5,1674171.3075746165,1659113.6009656554,0.9809658933248594,0.9910058746432733,0.972309417757967,1,1,True,True
LENOIR,LENOIR - K6,K6,KINSTON 6,11220644.799981335,LENOIR - K6,K6,KINSTON 6,11270431.094409611,11166979.601901215,0.9952172803758826,0.9908209817670851,0.9861254543823758,1,1,True,True
LENOIR,LENOIR - K7,K7,KINSTON 7,28174049.21456184,LENOIR - K7,K7,KINSTON 7,28047060.29054222,28007911.9456361,0.994103180992533,0.9986041907957349,0.9927237735673472,1,1,True,True
LENOIR,LENOIR - K8,K8,KINSTON 8,2974619.25273203,LENOIR - K8,K8,KINSTON 8,2974167.5725340527,2939966.0091013913,0.9883503599330195,0.9885004584985368,0.9771156837610993,1,1,True,True
LENOIR,LENOIR - K9,K9,KINSTON 9,11413103.829857232,LENOIR - K9,K9,KINSTON 9,11381910.620142644,11307396.590481097,0.9907380813359815,0.9934532933750437,0.9843116935781121,1,1,True,True
LENOIR,LENOIR - MH,MH,MOSELEY HALL,120881129.26648472,LENOIR - MH,MH,MOSELEY HALL,120123936.11149211,119875815.21716881,0.9916834492247365,0.9979344591731242,0.9896520869899286,1,1,True,True
LENOIR,LENOIR - N,N,NEUSE,85824121.76423438,LENOIR - N,N,NEUSE,86097195.59449463,85792842.9168245,0.9996355471309593,0.996465010555006,0.996103129339573,1,1,True,True
LENOIR,LENOIR - PH1,PH1,PINK HILL 1,53390825.438648105,LENOIR - PH1,PH1,PINK HILL 1,53153859.36790939,53115715.366290435,0.994847240699176,0.9992823850972902,0.9941369995105963,1,1,True,True
LENOIR,LENOIR - PH2,PH2,PINK HILL 2,41498929.26921011,LENOIR - PH2,PH2,PINK HILL 2,41277603.54782313,41095084.271087416,0.9902685441471782,0.9955782491945238,0.9859322481508279,1,1,True,True
LENOIR,LENOIR - SH,SH,SANDHILL,62416062.382338926,LENOIR - SH,SH,SANDHILL,62126092.932904586,61999495.611960344,0.9933259684369892,0.9979622520109068,0.9913153023248497,1,1,True,True
LENOIR,LENOIR - SW,SW,SOUTHWEST,52069365.39835862,LENOIR - SW,SW,SOUTHWEST,52809598.84644072,51593765.07215272,0.990866024147456,0.9769770306753628,0.9682569620315469,1,1,True,True
LENOIR,LENOIR - T1,T1,TRENT 1,69882406.58926098,LENOIR - T1,T1,TRENT 1,69911496.27021018,69787599.27223215,0.9986433306799797,0.9982278022272737,0.9968759339687988,1,1,True,True
LENOIR,LENOIR - T2,T2,TRENT 2,65832308.93206735,LENOIR - T2,T2,TRENT 2,65855420.905021146,65764275.88254029,0.9989665705087564,0.9986159829938327,0.9975854106170218,1,1,True,True
LENOIR,LENOIR - V,V,VANCE,80020453.91581507,LENOIR - V,V,VANCE,79794640.39795372,79572139.87917444,0.9943975069535063,0.9972115856695435,0.9916402061695435,1,1,True,True
LENOIR,LENOIR - W,W,WOODINGTON,104043474.90083353,LENOIR - W,W,WOODINGTON,105102417.36040394,103940678.74898435,0.9990119884793626,0.9889466042685212,0.9879803032468396,1,1,True,True
LINCOLN,LINCOLN - AS25,AS25,ASBURY,10093886.970428126,LINCOLN - AS25,AS25,ASBURY,10358005.298165975,10057330.319344686,0.9963783375828817,0.9709717295786161,0.9675569175929458,1,1,True,True
LINCOLN,LINCOLN - BC13,BC13,BOGER CITY,8577558.969071796,LINCOLN - BC13,BC13,BOGER CITY,8577922.328428183,8452038.514652194,0.9853664131168095,0.9853246731602132,0.9711143883554861,1,1,True,True
LINCOLN,LINCOLN - BS26,BS26,BUFFALO SHOALS,18521452.01201809,LINCOLN - BS26,BS26,BUFFALO SHOALS,18882810.75575979,18019098.317006912,0.9728771969559832,0.9542593287660089,0.9295303304115266,1,1,True,True
LINCOLN,LINCOLN - CF19,CF19,COWANS FORD,14485454.511481434,LINCOLN - CF19,CF19,COWANS FORD,14532077.934974179,14376810.806204498,0.9924998069483547,0.9893155590367431,0.9819741922200708,1,1,True,True
LINCOLN,LINCOLN - CR06,CR06,CROUSE,18088636.542022284,LINCOLN - HC33,HC33,HOWARDS CREEK,79570790.85024574,18088636.542022273,0.9999999999999993,0.22732759532408756,0.2273275953240875,1,2,True,False
LINCOLN,LINCOLN - DN29,DN29,DENVER,20860422.2228535,LINCOLN - DN29,DN29,DENVER,20083434.418076318,19758542.397898667,0.9471784505038601,0.9838228853982649,0.9326527882114461,1,1,True,True
LINCOLN,LINCOLN - DV08,DV08,DANIELS/VALE,90967410.35006991,LINCOLN - DV08,DV08,DANIELS/VALE,89982479.11110532,89742200.56850247,0.9865313327393572,0.9973297185743664,0.98393240370453,1,1,True,True
LINCOLN,LINCOLN - DW28,DW28,DENVER WEST,54135357.901906535,LINCOLN - DW28,DW28,DENVER WEST,53074582.74447735,52988296.122434475,0.9788112275612818,0.9983742383344153,0.9772535781173113,1,1,True,True
LINCOLN,LINCOLN - HG17,HG17,HICKORY GROVE,27049724.307745345,LINCOLN - ST36,ST36,STARTOWN,53685492.03758615,25587418.3251831,0.9459400781344182,0.47661700310521327,0.4639789664101307,1,2,True,False
LINCOLN,LINCOLN - HV07,HV07,HEAVNERS,60720209.17578881,LINCOLN - HC33,HC33,HOWARDS CREEK,79570790.85024574,60590889.584761776,0.9978702380511791,0.7614715015060661,0.7602359551234036,1,1,True,True
LINCOLN,LINCOLN - IS20,IS20,IRON STATION SOUTH,32614107.32626682,LINCOLN - IS20,IS20,IRON STATION SOUTH,32699051.327222724,32469806.062272612,0.9955754955194499,0.9929892380468157,0.9886264190628269,1,1,True,True
LINCOLN,LINCOLN - IS23,IS23,IRON STATION,38646540.78284172,LINCOLN - IS23,IS23,IRON STATION,38971520.7172063,38428750.13052092,0.9943645498947865,0.9860726351782895,0.9805926357869719,1,1,True,True
LINCOLN,LINCOLN - LI14,LI14,LITHIA,9809355.09503748,LINCOLN - LI14,LI14,LITHIA,9770850.157689283,9693622.874067837,0.9882018522269428,0.9920961551579347,0.9804826888402195,1,1,True,True
LINCOLN,LINCOLN - LM16,LM16,LOVE MEMORIAL,16083255.681582166,LINCOLN - LB34,LB34,LABORATORY,30604330.5360731,15524725.06642383,0.9652725401985656,0.5072721668629526,0.49818034971446623,1,1,True,True
LINCOLN,LINCOLN - LN11,LN11,LINCOLNTON NORTH,3843665.4890258326,LINCOLN - LN11,LN11,LINCOLNTON/NORTH,3828876.53670564,3800063.214156873,0.9886560693188703,0.9924747318769495,0.9812999370838956,1,1,True,True
LINCOLN,LINCOLN - LS12,LS12,LINCOLNTON SOUTH,4923555.029458925,LINCOLN - LS12,LS12,LINCOLNTON/SOUTH,4911469.8041849425,4846742.035429725,0.9843988756966039,0.9868211001317642,0.971625353150569,1,1,True,True
LINCOLN,LINCOLN - LS15,LS15,LONG SHOALS,14603145.160914179,LINCOLN - LB34,LB34,LABORATORY,30604330.5360731,14567761.0078589,0.9975769498511878,0.4760032568164818,0.47545354634218745,1,2,True,False
LINCOLN,LINCOLN - LW18,LW18,LOWESVILLE WEST,28030336.579865515,LINCOLN - LW18,LW18,LOWESVILLE WEST,27526492.968637988,27459436.436359186,0.9796327760146692,0.997563927509574,0.97729480905083,1,1,True,True
LINCOLN,LINCOLN - LW31,LW31,LOWESVILLE,30429107.768368356,LINCOLN - LW31,LW31,LOWESVILLE,30531070.694221444,30260272.921393916,0.9944515347521972,0.9911304200386664,0.9856796751634291,1,1,True,True
LINCOLN,LINCOLN - NB03,NB03,NORTH BROOK III,39722282.41788746,LINCOLN - NB35,NB35,NORTH BROOK 3A,133242923.5940835,37928695.91917523,0.9548468418847817,0.28465823847218114,0.2808773411954368,1,2,True,False
LINCOLN,LINCOLN - NB09,NB09,NORTH BROOK,95188571.77321796,LINCOLN - NB35,NB35,NORTH BROOK 3A,133242923.5940835,94921691.30493361,0.9971962971676875,0.712395741135993,0.7109716920908058,1,1,True,True
LINCOLN,LINCOLN - OB21,OB21,ORE BANK,29956764.149724707,LINCOLN - OB21,OB21,ORE BANK,30377411.251318328,29770321.521501075,0.9937762761260934,0.9800150932943338,0.9740369011981163,1,1,True,True
LINCOLN,LINCOLN - OG10,OG10,OAK GROVE,28640007.497633662,LINCOLN - ST36,ST36,STARTOWN,53685492.03758615,27892406.651778396,0.9738966253442135,0.5195520352547097,0.5124163477446508,1,1,True,True
LINCOLN,LINCOLN - PC22,PC22,PUMPKIN CENTER,33599595.87303043,LINCOLN - PC22,PC22,PUMPKIN CENTER,33082952.849004783,32593538.100387413,0.9700574442488888,0.9852064369570901,0.9561303630117469,1,1,True,True
LINCOLN,LINCOLN - SL24,SL24,SALEM,22872596.86061543,LINCOLN - SL24,SL24,SALEM,22581581.950948473,22456853.01146183,0.9818234959638767,0.994476518972073,0.9764984505877705,1,1,True,True
LINCOLN,LINCOLN - TE27,TE27,TRIANGLE EAST,10562716.06825029,LINCOLN - TA37,TA37,TRIANGLE A,22669611.328637924,10422132.63063643,0.9866905976923465,0.4597402434275714,0.45690677950966996,1,2,True,False
LINCOLN,LINCOLN - TR30,TR30,TRIANGLE,12167148.183549477,LINCOLN - TA37,TA37,TRIANGLE A,22669611.328637924,12077225.485193083,0.99260938578212,0.5327495610803102,0.530644672727864,1,1,True,True
LINCOLN,LINCOLN - WP32,WP32,WESTPORT,20014030.519201476,LINCOLN - WP32,WP32,WESTPORT,20044672.845108792,19830646.781190027,0.990837241012723,0.9893225464155684,0.9803535351852911,1,1,True,True
MACON,MACON - 01,01,FRANKLIN NORTH,18718953.919783786,MACON - 01,01,NORTH FRANKLIN,19612492.81698489,18659813.45130484,0.9968406103924194,0.9514248711487097,0.948564523368445,1,1,True,True
MACON,MACON - 02,02,FRANKLIN SOUTH,10275239.192479001,MACON - 02,02,SOUTH FRANKLIN,10173344.544071171,10052000.139691664,0.9782740772642317,0.9880723193976336,0.9668560874871465,1,1,True,True
MACON,MACON - 03,03,FRANKLIN EAST,28852980.460717123,MACON - 03,03,EAST FRANKLIN,29668784.118893035,28450704.870815564,0.9860577457344745,0.9589440792990974,0.9461158052403076,1,1,True,True
MACON,MACON - 04,04,IOTLA,31320979.001248132,MACON - 04,04,IOTLA,30446140.697115574,29935172.50782519,0.9557546878286365,0.9832173084144358,0.9404128603456243,1,1,True,True
MACON,MACON - 05,05,UNION,43545194.8383306,MACON - 05,05,UNION,43691995.63855417,43199449.27406459,0.9920600753872006,0.9887268512849765,0.9809642387220828,1,1,True,True
MACON,MACON - 06,06,MILLSHOAL,72078038.19990516,MACON - 06,06,MILLSHOAL,71455743.49986401,70933985.80497226,0.9841275869390351,0.9926981699533678,0.977054892933328,1,1,True,True
MACON,MACON - 07,07,ELLIJAY,65519301.22347607,MACON - 07,07,ELLIJAY,65799143.5112879,64921368.74963609,0.9908739491619344,0.9866597843860806,0.9777745147117273,1,1,True,True
MACON,MACON - 08,08,SUGARFORK,75188878.07809374,MACON - 08,08,SUGARFORK,75725773.3301137,74960581.59081632,0.9969636933930534,0.9898952271380359,0.9869198815947148,1,1,True,True
MACON,MACON - 09,09,HIGHLANDS,148906515.88281488,MACON - 09,09,HIGHLANDS,148850805.3482786,148068114.97507355,0.9943696157097576,0.9947417793852459,0.989170286078117,1,1,True,True
MACON,MACON - 10,10,FLATS,37393388.57633578,MACON - 10,10,FLATS,37212306.31457844,37137612.37856956,0.9931598550571561,0.9979927625184678,0.9911799560688429,1,1,True,True
MACON,MACON - 11,11,SMITHBRIDGE,192575356.5172944,MACON - 11,11,SMITHBRIDGE,191892326.68310136,191495560.30654994,0.9943928640181564,0.9979323489197843,0.9923483114288578,1,1,True,True
MACON,MACON - 12,12,CARTOOGECHAYE,195125207.95536023,MACON - 12,12,CARTOOGECHAYE,195101862.1458137,194408001.32837698,0.996324377385687,0.9964435971558377,0.992794024334488,1,1,True,True
MACON,MACON - 13,13,NANTAHALA,193615982.50728592,MACON - 13,13,NANTAHALA,194292275.9216775,193316062.64224425,0.9984509550236619,0.9949755425180835,0.9934420127214474,1,1,True,True
MACON,MACON - 14,14,BURNINGTOWN,113222030.58284742,MACON - 14,14,BURNINGTOWN,112914844.80741385,112539250.16124427,0.9939695444597813,0.9966736468813274,0.9906831232991096,1,1,True,True
MACON,MACON - 15,15,COWEE,119091830.80340686,MACON - 15,15,COWEE,119111600.88001052,118278917.43676864,0.993174062728281,0.9930092162552605,0.9862780614937859,1,1,True,True
MADISON,MADISON - BEECH,BEECH,BEECH GLEN,114915085.4865677,MADISON - BEECH,BEECH,BEECH GLEN,115005016.2723862,114743590.68455687,0.9985076389119435,0.9977268331738666,0.9962412441060963,1,1,True,True
MADISON,MADISON - EBBS C,EBBS C,EBBS CHAPEL,96144418.19914539,MADISON - EBBS C,EBBS C,EBBS CHAPEL,96247957.73911348,95654793.1554698,0.9949074002126528,0.993837120313228,0.988806939390345,1,1,True,True
MADISON,MADISON - GRAPEV,GRAPEV,GRAPEVINE,52357504.59117823,MADISON - GRAPEV,GRAPEV,GRAPEVINE,52574384.020073056,52110319.655266814,0.9952789015091246,0.9911731849368114,0.9865348698500352,1,1,True,True
MADISON,MADISON - HOT SP,HOT SP,HOT SPRINGS,137906644.71675295,MADISON - HOT SP,HOT SP,HOT SPRINGS,127816334.89002159,119151713.63777655,0.8640027018458957,0.9322103762425951,0.8129268233446174,1,1,True,True
MADISON,MADISON - LAUREL,LAUREL,LAUREL,192125445.25112766,MADISON - LAUREL,LAUREL,LAUREL,200979363.79306656,191443230.9340142,0.9964491204367972,0.9525516815304929,0.9493292313194985,1,1,True,True
MADISON,MADISON - MARS H,MARS H,MARS HILL,61947672.387004584,MADISON - MARS H,MARS H,MARS HILL,61771522.690327495,61407759.411819726,0.9912843702696065,0.9941111492373049,0.9854974252472121,1,1,True,True
MADISON,MADISON - NORTH,NORTH,MARSHALL NORTH,70651978.51209278,MADISON - NORTH,NORTH,NORTH MARSHALL,76809836.62895185,70019003.04426186,0.9910409378313081,0.9115890114765545,0.9041381782050588,1,1,True,True
MADISON,MADISON - REVERE,REVERE,REVERE RICE COVE,33585535.37748587,MADISON - REVERE,REVERE,RICE COVE,27378568.204325456,27241913.8017804,0.8111204271599037,0.9950087089461651,0.8078334763987388,1,1,True,True
MADISON,MADISON - SANDY,SANDY,SANDY MUSH,45086161.33389911,MADISON - SANDY,SANDY,SANDY MUSH,43034886.849886045,42688531.95930601,0.946821168543564,0.991951764813785,0.9396030752156608,1,1,True,True
MADISON,MADISON - SOUTH,SOUTH,MARSHALL SOUTH,86177941.38048483,MADISON - SOUTH,SOUTH,SOUTH MARSHALL,91995128.12021361,85669323.0550495,0.9940980450764108,0.9312376079644354,0.9261173341274879,1,1,True,True
MADISON,MADISON - SPRING,SPRING,SPRING CREEK,170638115.69961667,MADISON - SPRING,SPRING,SPRING CREEK,169397460.13212648,167179874.80149817,0.9797334793346745,0.9869089812273535,0.9671643677650316,1,1,True,True
MADISON,MADISON - WALNUT,WALNUT,WALNUT,108066766.98034738,MADISON - WALNUT,WALNUT,WALNUT,106328604.03407207,90095530.7479248,0.8337024717720041,0.8473310786536281,0.7248241876639829,1,1,True,True
MARTIN,MARTIN - BG,BG,BEAR GRASS,78419797.67336921,MARTIN - BG,BG,BEAR GRASS,78392862.75482495,78076201.78305055,0.9956185057789897,0.9959605892597039,0.9916143439334912,1,1,True,True
MARTIN,MARTIN - CR,CR,CROSS ROADS,63185042.157997906,MARTIN - CR,CR,CROSS ROADS,63127669.7945578,62813446.71338427,0.9941189333436791,0.9950224191357587,0.9891995832833022,1,1,True,True
MARTIN,MARTIN - GN,GN,GOOSENEST,176341214.89502922,MARTIN - GSN,GSN,GOOSE NEST,221708087.92797258,175631891.57880744,0.9959775522889303,0.7921762946053004,0.789649922622197,1,1,True,True
MARTIN,MARTIN - GR,GR,GRIFFINS,160757689.59161812,MARTIN - GRF,GRF,GRIFFINS,175117866.7063686,148516130.38461873,0.9238508637558968,0.8480923915870063,0.7926803237179548,1,1,True,True
MARTIN,MARTIN - HM,HM,HAMILTON,105497151.75376426,MARTIN - HMT,HMT,HAMILTON,148124855.78621244,105274423.89406429,0.9978887784551774,0.7107141022031179,0.7096470418105462,1,1,True,True
MARTIN,MARTIN - HS,HS,HASSELL,45803265.16367667,MARTIN - GSN,GSN,GOOSE NEST,221708087.92797258,45642249.99796915,0.996484635644814,0.20586641842672504,0.20571701675242973,1,2,True,False
MARTIN,MARTIN - J,J,JAMESVILLE,163838582.96754572,MARTIN - JMV,JMV,JAMESVILLE,246206518.65171665,162202998.55816984,0.990017098660455,0.658808708422631,0.6544610320635763,1,1,True,True
MARTIN,MARTIN - PP,PP,POPLAR POINT,41681361.69147049,MARTIN - HMT,HMT,HAMILTON,148124855.78621244,41545309.20475975,0.9967358915066687,0.28047493436700316,0.28021755490855266,1,2,True,False
MARTIN,MARTIN - R1,R1,ROBERSONVILLE 1,48429908.93712176,MARTIN - RBV,RBV,ROBERSONVILLE,135617909.51458213,48085482.24297291,0.9928881407851494,0.3545658712413834,0.3536676669717672,1,2,True,False
MARTIN,MARTIN - R2,R2,ROBERSONVILLE 2,87719616.99317406,MARTIN - RBV,RBV,ROBERSONVILLE,135617909.51458213,87486691.02205895,0.9973446535780789,0.6450968853243684,0.6439908205884374,1,1,True,True
MARTIN,MARTIN - W,W,WILLIAMS,118235817.25699544,MARTIN - JMV,JMV,JAMESVILLE,246206518.65171665,82800005.58888684,0.7002954562314574,0.3363030598958901,0.2939899179745511,1,2,True,False
MARTIN,MARTIN - W1,W1,WILLIAMSTON 1,53747129.64423748,MARTIN - WM1,WM1,WILLIAMSTON 1,63099213.804870844,53592297.876592875,0.9971192551366097,0.8493338449877152,0.8472548655430079,1,1,True,True
MARTIN,MARTIN - W2,W2,WILLIAMSTON 2,51606997.49503063,MARTIN - WM2,WM2,WILLIAMSTON 2,51443609.42562534,51304330.26951405,0.9941351514289176,0.9972925858495085,0.9914593588132468,1,1,True,True
MCDOWELL,MCDOWELL - CCREEK,CCREEK,CROOKED CREEK,106383061.32298504,MCDOWELL - CCREEK,CCREEK,CROOKED CREEK,82067522.71235636,82039684.60712773,0.7711724365409129,0.9996607902333521,0.7709706904833832,1,1,True,True
MCDOWELL,MCDOWELL - DYSART,DYSART,DYSARTSVILLE,104930161.12135889,MCDOWELL - DYSART,DYSART,DYSARTSVILLE,104185850.75734952,102831456.2163476,0.9799990309498907,0.9870002065428604,0.967510806960676,1,1,True,True
MCDOWELL,MCDOWELL - FORT#1,FORT#1,OLD FORT 1,131413499.87940559,MCDOWELL - FORT 1,FORT 1,OLD FORT 1,127082635.52964592,120757433.47616568,0.9189119351282884,0.9502276449719624,0.8767138921855501,1,1,True,True
MCDOWELL,MCDOWELL - FORT#2,FORT#2,OLD FORT 2,60969706.18682312,MCDOWELL - FORT 2,FORT 2,OLD FORT 2,66855411.004357465,52392027.04817984,0.8593124409627366,0.7836617300096332,0.6945496591596436,1,1,True,True
MCDOWELL,MCDOWELL - GLENWD,GLENWD,GLENWOOD,101101240.6344571,MCDOWELL - GLENWD,GLENWD,GLENWOOD,96450082.77658421,92781345.0122872,0.9177072845994896,0.9619623160635826,0.8855718635271811,1,1,True,True
MCDOWELL,MCDOWELL - HIGGIN,HIGGIN,HIGGINS,29566346.305909947,MCDOWELL - HIGGIN,HIGGIN,HIGGINS,34578125.792212695,28250601.41934352,0.9554985633681959,0.8170078849590456,0.7870592077450596,1,1,True,True
MCDOWELL,MCDOWELL - M.COVE,M.COVE,MONTFORD COVE,92431799.57287952,MCDOWELL - M.COVE,M.COVE,MONTFORD COVE,103733262.79697423,88670011.80209152,0.9593020173990884,0.8547886127484069,0.8248752973626088,1,1,True,True
MCDOWELL,MCDOWELL - MAR #1,MAR #1,MARION 1,38899908.58853038,MCDOWELL - MAR 1,MAR 1,MARION 1,68710926.1094744,36625793.71317238,0.941539325981128,0.5330417706030909,0.5159649583212657,1,1,True,True
MCDOWELL,MCDOWELL - MAR #2,MAR #2,MARION 2,11526045.460986756,MCDOWELL - WEST M,WEST M,WEST MARION 7,51428974.251661986,6692557.844086045,0.5806464903109179,0.1301320499090018,0.11895245287561065,1,2,True,False
MCDOWELL,MCDOWELL - MAR #3,MAR #3,MARION 3,16570297.606070125,MCDOWELL - MAR 3,MAR 3,MARION 3,8316211.7668833705,8049252.733484942,0.4857639207720864,0.9678989615847077,0.4780620089033106,1,1,True,True
MCDOWELL,MCDOWELL - MAR #4,MAR #4,MARION 4,15896558.289555985,MCDOWELL - MAR 4,MAR 4,MARION 4,15237010.163518451,14864195.40181341,0.935057459046287,0.975532288965872,0.9136304979288244,1,1,True,True
MCDOWELL,MCDOWELL - MAR #5,MAR #5,MARION 5,8089537.910766039,MCDOWELL - MAR 5,MAR 5,MARION 5,8149159.173587126,7946321.968771318,0.9822961529354945,0.9751094314769014,0.9582685127014726,1,1,True,True
MCDOWELL,MCDOWELL - N.COVE,N.COVE,NORTH COVE,112920066.32968283,MCDOWELL - N.COVE,N.COVE,NORTH COVE,110171697.33358242,109744289.79802312,0.9718758885388211,0.996120532351742,0.9682111656806504,1,1,True,True
MCDOWELL,MCDOWELL - NEBO,NEBO,NEBO,78395710.91247317,MCDOWELL - NEBO,NEBO,NEBO,53066842.26275957,52563960.11377841,0.670495356212341,0.9905236089516851,0.6662217673873627,1,1,True,True
MCDOWELL,MCDOWELL - PLEASA,PLEASA,PLEASANT GARDENS,100702265.76308814,MCDOWELL - PLEASA,PLEASA,PLEASANT GARDENS,117013643.57141075,97134373.83394155,0.964569894211314,0.8301115226333643,0.8055493192280055,1,1,True,True
MCDOWELL,MCDOWELL - T.COVE,T.COVE,TURKEY COVE,104395091.17791797,MCDOWELL - T.COVE,T.COVE,TURKEY COVE 17,101394584.92022444,92744196.93731354,0.8883961486201674,0.9146858977753409,0.8204149128809224,1,1,True,True
MCDOWELL,MCDOWELL - WEST M,WEST M,WEST MARION,42037747.815423936,MCDOWELL - WEST M,WEST M,WEST MARION 7,51428974.251661986,39155443.64870505,0.9314353333253179,0.7613498853214965,0.720944982128306,1,1,True,True
MECKLENBURG,MECKLENBURG - 001,001,001,1591726.81710978,MECKLENBURG - 001,001,001,1648487.3983296584,1546588.1140928324,0.971641677119627,0.938186191571694,0.9131815533919422,1,1,True,True
MECKLENBURG,MECKLENBURG - 002,002,002,2319151.853897527,MECKLENBURG - 002,002,002,2255286.1942157657,2209400.2974157417,0.9526759938995204,0.9796540692184834,0.9341924021145521,1,1,True,True
MECKLENBURG,MECKLENBURG - 003,003,003,2498856.8621214977,MECKLENBURG - 003,003,003,2499615.10827613,2471374.069257581,0.9890018538954712,0.9887018449660334,0.9779494764103412,1,1,True,True
MECKLENBURG,MECKLENBURG - 004,004,004,4089114.1143478337,MECKLENBURG - 004,004,004,4109665.757910647,4042285.3072555973,0.9885479334196314,0.9836043964097689,0.9725226976816204,1,1,True,True
MECKLENBURG,MECKLENBURG - 005,005,005,1487456.256361333,MECKLENBURG - 005,005,005,1470175.6479491715,1436017.8418183774,0.9654185362944481,0.9767661733627253,0.9437464316453814,1,1,True,True
MECKLENBURG,MECKLENBURG - 006,006,006,2622190.6869829968,MECKLENBURG - 006,006,006,2705999.3795616585,2610559.6589260525,0.9955643851094877,0.9647303242726293,0.9606014311613571,1,1,True,True
MECKLENBURG,MECKLENBURG - 007,007,007,1733479.25374736,MECKLENBURG - 007,007,007,1721364.9749616238,1711850.9971378911,0.9875232100051304,0.9944730037138436,0.9821328999624797,1,1,True,True
MECKLENBURG,MECKLENBURG - 008,008,008,1844580.509191885,MECKLENBURG - 008,008,008,1843677.3834627718,1808740.3874070204,0.9805700420197078,0.981050374447761,0.9623429323520505,1,1,True,True
MECKLENBURG,MECKLENBURG - 009,009,009,2905605.735772185,MECKLENBURG - 009,009,009,2890755.4114784044,2869960.8727521375,0.9877323813822336,0.9928065381651808,0.9807137108897425,1,1,True,True
MECKLENBURG,MECKLENBURG - 010,010,010,1463638.1402401512,MECKLENBURG - 010,010,010,1460965.102603876,1443505.5766072613,0.9862448489969067,0.9880493202982764,0.9746187638489632,1,1,True,True
MECKLENBURG,MECKLENBURG - 011,011,011,4231781.242998398,MECKLENBURG - 011,011,011,4257008.839441903,4210075.415158986,0.9948707585309792,0.9889750230612465,0.9839579739571784,1,1,True,True
MECKLENBURG,MECKLENBURG - 012,012,012,2861289.259098034,MECKLENBURG - 012,012,012,2836612.04342893,2826808.239282274,0.9879491317747339,0.9965438332783764,0.9845756222501655,1,1,True,True
MECKLENBURG,MECKLENBURG - 013,013,013,3445724.5908623356,MECKLENBURG - 013,013,013,3452888.5999844405,3408104.616407394,0.9890821296180474,0.98702999466092,0.9763919909449803,1,1,True,True
MECKLENBURG,MECKLENBURG - 014,014,014,3429807.565011429,MECKLENBURG - 014,014,014,3416908.3646760117,3376401.8215743764,0.9844289388180661,0.9881452650236712,0.9729383901246476,1,1,True,True
MECKLENBURG,MECKLENBURG - 015,015,015,2352031.4435173566,MECKLENBURG - 015,015,015,2354197.356044045,2323060.9135300675,0.9876827624617276,0.9867740729408095,0.9747785404236198,1,1,True,True
MECKLENBURG,MECKLENBURG - 016,016,016,4829565.972532833,MECKLENBURG - 016,016,016,4820085.086187666,4693722.439433387,0.9718725173500002,0.97378414602755,0.9470924220269655,1,1,True,True
MECKLENBURG,MECKLENBURG - 017,017,017,3289859.6093249316,MECKLENBURG - 017,017,017,3262841.2902521724,3224514.814681808,0.9801375127200239,0.9882536500672388,0.968850518700264,1,1,True,True
MECKLENBURG,MECKLENBURG - 018,018,018,1437917.95177096,MECKLENBURG - 018,018,018,1451436.2350915563,1421287.9339430165,0.9884346545590715,0.9792286423477377,0.9681360981607903,1,1,True,True
MECKLENBURG,MECKLENBURG - 019,019,019,2744655.402168395,MECKLENBURG - 019,019,019,2755211.031529717,2705089.806581642,0.9855844943028205,0.9818085713310144,0.9679091274541811,1,1,True,True
MECKLENBURG,MECKLENBURG - 020,020,020,2303225.1892146957,MECKLENBURG - 020,020,020,2289880.628207853,2268048.774132003,0.9847273226919309,0.9904659422823554,0.9754809159099765,1,1,True,True
MECKLENBURG,MECKLENBURG - 021,021,021,1952635.0968752054,MECKLENBURG - 021,021,021,1958287.133734605,1933428.3411074497,0.9901636737972742,0.9873058489743801,0.9777164679856482,1,1,True,True
MECKLENBURG,MECKLENBURG - 022,022,022,4623598.848764409,MECKLENBURG - 022,022,022,4552805.657133165,4541363.611127307,0.9822140197869721,0.9974868143146125,0.9797893296370573,1,1,True,True
MECKLENBURG,MECKLENBURG - 023,023,023,3771568.8088974855,MECKLENBURG - 023,023,023,3725526.3382825493,3695856.177521193,0.979925427530931,0.9920359814782482,0.9722767253048795,1,1,True,True
MECKLENBURG,MECKLENBURG - 024,024,024,3616746.4620759576,MECKLENBURG - 024,024,024,3580803.101302113,3558490.2884415598,0.9838926576011746,0.9937687685613209,0.9778599411529628,1,1,True,True
MECKLENBURG,MECKLENBURG - 025,025,025,2252574.639331981,MECKLENBURG - 025,025,025,2265884.7515232023,2224355.657648229,0.9874725653077047,0.9816720184700233,0.9695968083094376,1,1,True,True
MECKLENBURG,MECKLENBURG - 026,026,026,6777343.28011824,MECKLENBURG - 026,026,026,6843813.719737726,6756673.8437071275,0.9969502155111801,0.9872673512753152,0.9842946205869643,1,1,True,True
MECKLENBURG,MECKLENBURG - 027,027,027,7117295.75994153,MECKLENBURG - 027,027,027,7072816.972938499,7033400.398421908,0.9882124665955554,0.9944270331513732,0.9827697509312353,1,1,True,True
MECKLENBURG,MECKLENBURG - 028,028,028,3013109.8374911635,MECKLENBURG - 028,028,028,3037714.7330872514,2984050.513032455,0.9903557035667493,0.9823340159395886,0.9730258757374188,1,1,True,True
MECKLENBURG,MECKLENBURG - 029,029,029,2309382.2459240262,MECKLENBURG - 029,029,029,2229784.0270497845,2212223.420728235,0.9579286515399202,0.9921245259143847,0.9506995062613449,1,1,True,True
MECKLENBURG,MECKLENBURG - 030,030,030,3247321.45908181,MECKLENBURG - 030,030,030,3261640.206260715,3222303.777781821,0.9922959024490717,0.9879396788145461,0.9804195897533329,1,1,True,True
MECKLENBURG,MECKLENBURG - 031,031,031,5219284.292547445,MECKLENBURG - 031,031,031,5296302.535336824,5192692.641304345,0.9949051153850597,0.9804373157799812,0.975539332417345,1,1,True,True
MECKLENBURG,MECKLENBURG - 032,032,032,1869381.1505806965,MECKLENBURG - 032,032,032,1877030.8543483496,1842711.2771126607,0.9857333142255387,0.9817160292510995,0.9679626898216918,1,1,True,True
MECKLENBURG,MECKLENBURG - 033,033,033,3280762.203569621,MECKLENBURG - 033,033,033,3267822.8784880284,3235401.459459831,0.9861737177841066,0.9900785874162193,0.9765234372742072,1,1,True,True
MECKLENBURG,MECKLENBURG - 034,034,034,4257734.009611793,MECKLENBURG - 034,034,034,4290975.139599848,4243144.934119567,0.9965735117648752,0.9888533016565693,0.985502647770596,1,1,True,True
MECKLENBURG,MECKLENBURG - 035,035,035,2005675.1161725956,MECKLENBURG - 035,035,035,1989335.019768653,1968763.7502871072,0.9815965379498122,0.9896592231689874,0.9716309745083264,1,1,True,True
MECKLENBURG,MECKLENBURG - 036,036,036,3230927.1300442447,MECKLENBURG - 036,036,036,3234043.8575569442,3187054.3135384666,0.9864209823558672,0.9854703442228596,0.972280454459619,1,1,True,True
MECKLENBURG,MECKLENBURG - 037,037,037,1999674.8886856784,MECKLENBURG - 037,037,037,1994934.7058661338,1965174.194801387,0.9827468484604677,0.9850819623433109,0.968335427204561,1,1,True,True
MECKLENBURG,MECKLENBURG - 038,038,038,1844280.327541465,MECKLENBURG - 038,038,038,1792195.4857196012,1784783.6565440116,0.9677398982633155,0.995864385757777,0.9638662939029412,1,1,True,True
MECKLENBURG,MECKLENBURG - 039,039,039,20002178.011003494,MECKLENBURG - 039,039,039,20053884.51864868,19821338.913173113,0.9909590296751234,0.9884039620723198,0.9795705288028104,1,1,True,True
MECKLENBURG,MECKLENBURG - 040,040,040,3029634.236312494,MECKLENBURG - 040,040,040,3075232.125233358,3018399.0988202314,0.9962915861731423,0.9815191100708166,0.9779462543706754,1,1,True,True
MECKLENBURG,MECKLENBURG - 041,041,041,8881726.81708923,MECKLENBURG - 041,041,041,8931781.658826381,8839596.622524606,0.9952565311417187,0.989678986811027,0.9850327000018788,1,1,True,True
MECKLENBURG,MECKLENBURG - 042,042,042,2499118.2816959666,MECKLENBURG - 042,042,042,2504406.539615698,2467021.621572244,0.9871568063189307,0.985072344504742,0.9726073366773932,1,1,True,True
MECKLENBURG,MECKLENBURG - 043,043,043,2881941.871040448,MECKLENBURG - 043,043,043,2864323.512546749,2845789.964800552,0.9874557128985935,0.9935295200891193,0.9811460377730182,1,1,True,True
MECKLENBURG,MECKLENBURG - 044,044,044,2521124.9197151866,MECKLENBURG - 044,044,044,2576835.7313619866,2489773.436265647,0.9875644863114988,0.9662134865499079,0.9545992028971599,1,1,True,True
MECKLENBURG,MECKLENBURG - 045,045,045,1880959.3798510893,MECKLENBURG - 045,045,045,1877241.027367161,1851743.3947910557,0.9844675087761084,0.98641749663235,0.97130089098286,1,1,True,True
MECKLENBURG,MECKLENBURG - 046,046,046,2589683.027399105,MECKLENBURG - 046,046,046,2601621.900352766,2537942.675016397,0.980020584822432,0.9755232590378586,0.9565006332625389,1,1,True,True
MECKLENBURG,MECKLENBURG - 047,047,047,2835081.5877137906,MECKLENBURG - 047,047,047,2826631.007637038,2795541.803267088,0.9860533874516861,0.9890013219674048,0.975357718035601,1,1,True,True
MECKLENBURG,MECKLENBURG - 048,048,048,3020119.114818192,MECKLENBURG - 048,048,048,3054172.1252415916,2993034.5766378683,0.9910319635912922,0.9799822845286144,0.9713681473434701,1,1,True,True
MECKLENBURG,MECKLENBURG - 049,049,049,1806999.184439746,MECKLENBURG - 049,049,049,1810321.657269965,1783145.7836338936,0.986799440192748,0.9849883729076889,0.9721786237266485,1,1,True,True
MECKLENBURG,MECKLENBURG - 050,050,050,2905509.0704104416,MECKLENBURG - 050,050,050,2917015.5861296635,2875738.059931127,0.9897535991945435,0.9858493981332118,0.9758894869551766,1,1,True,True
MECKLENBURG,MECKLENBURG - 051,051,051,2315178.73930457,MECKLENBURG - 051,051,051,2324170.5105401617,2287682.4918440096,0.988123488267338,0.9843006274579778,0.9727919502459145,1,1,True,True
MECKLENBURG,MECKLENBURG - 052,052,052,6126727.669047011,MECKLENBURG - 052,052,052,6165889.4319614805,6082050.337656173,0.9927077987134056,0.9864027574236541,0.9793068119878361,1,1,True,True
MECKLENBURG,MECKLENBURG - 053,053,053,10128261.853900045,MECKLENBURG - 053,053,053,10204863.609116806,10066467.191829357,0.9938987890556075,0.9864381903973898,0.9805008529484265,1,1,True,True
MECKLENBURG,MECKLENBURG - 054,054,054,3789952.2509848974,MECKLENBURG - 054,054,054,3808839.977342882,3759943.9338107253,0.9920821384579782,0.987162484162365,0.9794458247232573,1,1,True,True
MECKLENBURG,MECKLENBURG - 055,055,055,2020144.8127820448,MECKLENBURG - 055,055,055,1852966.5325224542,1851786.7213289624,0.9166603847467609,0.9993632852116947,0.9161253464012488,1,1,True,True
MECKLENBURG,MECKLENBURG - 056,056,056,5287150.306483665,MECKLENBURG - 056,056,056,5370006.103609042,5235739.75040794,0.990276320305727,0.9749969831298952,0.9657512194815101,1,1,True,True
MECKLENBURG,MECKLENBURG - 057,057,057,2841397.7380891885,MECKLENBURG - 057,057,057,2857299.7925573615,2801641.7566901087,0.9860083011729941,0.9805207573905161,0.9670651776455006,1,1,True,True
MECKLENBURG,MECKLENBURG - 058,058,058,1881288.0663091154,MECKLENBURG - 058,058,058,1927123.5783623266,1857034.246944763,0.9871078651915676,0.963630079459084,0.9516530472824867,1,1,True,True
MECKLENBURG,MECKLENBURG - 059,059,059,1585412.263745255,MECKLENBURG - 059,059,059,1578451.7679609067,1557297.6426467213,0.982266681202454,0.9865981807340791,0.9693328910972902,1,1,True,True
MECKLENBURG,MECKLENBURG - 060,060,060,3996043.6330376742,MECKLENBURG - 060,060,060,3986540.035551415,3939280.2318966547,0.9857950997652472,0.9881451576471567,0.9742727187250447,1,1,True,True
MECKLENBURG,MECKLENBURG - 061,061,061,3084936.656659956,MECKLENBURG - 061,061,061,3053477.2392870826,3008592.5763969063,0.9752526263065294,0.9853004756961424,0.9612665610027056,1,1,True,True
MECKLENBURG,MECKLENBURG - 062,062,062,2601560.7405056963,MECKLENBURG - 062,062,062,2631957.2700006096,2585721.690398843,0.9939117123578001,0.9824330052281753,0.9765561160285545,1,1,True,True
MECKLENBURG,MECKLENBURG - 063,063,063,2692276.6773616066,MECKLENBURG - 063,063,063,2713381.0093071354,2670367.16224723,0.9918620863529346,0.9841475093573795,0.9762645460894822,1,1,True,True
MECKLENBURG,MECKLENBURG - 064,064,064,1803976.3268644642,MECKLENBURG - 064,064,064,1785370.2782910925,1776486.6615497211,0.984761626355417,0.9950242160691314,0.9799359668217024,1,1,True,True
MECKLENBURG,MECKLENBURG - 065,065,065,1669013.9496506625,MECKLENBURG - 065,065,065,1683284.0375562168,1649252.6547919407,0.9881598983262795,0.9797827449170832,0.9684138310360071,1,1,True,True
MECKLENBURG,MECKLENBURG - 066,066,066,1998710.5505998523,MECKLENBURG - 066,066,066,1989248.3033338822,1964283.604938011,0.9827754220582319,0.987450184899476,0.9706515933882243,1,1,True,True
MECKLENBURG,MECKLENBURG - 067,067,067,2700806.363733548,MECKLENBURG - 067,067,067,2695479.4037815565,2658455.3599580764,0.9843191261898071,0.9862643937210063,0.9710080480588358,1,1,True,True
MECKLENBURG,MECKLENBURG - 068,068,068,1952918.5703323747,MECKLENBURG - 068,068,068,1985152.4901711415,1930859.5170505887,0.9887045708833464,0.9726504772860688,0.9619611462222893,1,1,True,True
MECKLENBURG,MECKLENBURG - 069,069,069,6249296.561070526,MECKLENBURG - 069,069,069,6236559.187630575,6127621.307314772,0.9805297680200169,0.9825323744971638,0.9637300045794985,1,1,True,True
MECKLENBURG,MECKLENBURG - 070,070,070,3575976.230343375,MECKLENBURG - 070,070,070,3585075.9929786106,3519681.1777777122,0.9842574309952119,0.9817591550837488,0.9665813051610147,1,1,True,True
MECKLENBURG,MECKLENBURG - 071,071,071,3247068.414859658,MECKLENBURG - 071,071,071,3230921.4330844884,3174081.2440908463,0.9775221333696579,0.9824074369585094,0.9607049179232628,1,1,True,True
MECKLENBURG,MECKLENBURG - 072,072,072,1972664.3181221804,MECKLENBURG - 072,072,072,1961443.4007888103,1923845.1573560317,0.9752521702158528,0.9808313390956588,0.9570118820040688,1,1,True,True
MECKLENBURG,MECKLENBURG - 073,073,073,1418821.6583773405,MECKLENBURG - 073,073,073,1375176.6901714501,1345219.2662379888,0.9481242820725416,0.9782155819338921,0.9285192495272399,1,1,True,True
MECKLENBURG,MECKLENBURG - 074,074,074,3151463.9506023554,MECKLENBURG - 074,074,074,3136213.8916823226,3098775.9133551833,0.9832814088712322,0.9880626833436233,0.9717376019761869,1,1,True,True
MECKLENBURG,MECKLENBURG - 075,075,075,3486046.3648248487,MECKLENBURG - 075,075,075,3481074.8848353717,3451499.5678290753,0.9900899777626712,0.9915039698987415,0.9817608036912917,1,1,True,True
MECKLENBURG,MECKLENBURG - 076,076,076,3464322.723942514,MECKLENBURG - 076,076,076,3411535.9207477914,3382423.1456660144,0.9763591371812799,0.9914663729891504,0.968222583932269,1,1,True,True
MECKLENBURG,MECKLENBURG - 077,077,077,8777249.92102414,MECKLENBURG - 077,077,077,8888060.555821365,8612848.385429366,0.9812695847703979,0.9690357453503459,0.951437111633571,1,1,True,True
MECKLENBURG,MECKLENBURG - 078.1,078.1,078 1,10095292.354460577,MECKLENBURG - 078.1,078.1,078 1,10154649.159982758,10000831.325957527,0.9906430616185858,0.9848524718479302,0.9757755690043021,1,1,True,True
MECKLENBURG,MECKLENBURG - 079,079,079,8609734.366072865,MECKLENBURG - 079,079,079,8617880.412940187,8490628.496192155,0.9861661388358214,0.9852339658186766,0.971802887328192,1,1,True,True
MECKLENBURG,MECKLENBURG - 080,080,080,6781384.250452349,MECKLENBURG - 080,080,080,6716245.518325227,6649000.743858812,0.980478394719381,0.9899877432587987,0.9708513513677551,1,1,True,True
MECKLENBURG,MECKLENBURG - 081,081,081,10456792.1273066,MECKLENBURG - 081,081,081,10455509.335688377,10376103.550082615,0.9922836204218618,0.9924053641906548,0.9848053003414496,1,1,True,True
MECKLENBURG,MECKLENBURG - 082,082,082,3630719.4645997714,MECKLENBURG - 082,082,082,3616158.2970146975,3562514.9219655693,0.9812145930581501,0.9851656452391995,0.9669283610256633,1,1,True,True
MECKLENBURG,MECKLENBURG - 083,083,083,4891976.579352352,MECKLENBURG - 083,083,083,4942601.076823185,4845042.154333997,0.990405836116131,0.9802616231873008,0.9710407216354681,1,1,True,True
MECKLENBURG,MECKLENBURG - 084,084,084,3173924.1337613296,MECKLENBURG - 084,084,084,3170259.870730213,3132794.515821245,0.9870413985316836,0.9881822448516379,0.9755261785820956,1,1,True,True
MECKLENBURG,MECKLENBURG - 085,085,085,4255003.56558387,MECKLENBURG - 085,085,085,4283354.094927211,4236078.85570601,0.9955523633326819,0.9889630326670426,0.9846128175084508,1,1,True,True
MECKLENBURG,MECKLENBURG - 086,086,086,2910400.5479729148,MECKLENBURG - 086,086,086,2935904.1866952754,2841445.842875946,0.9763074862169759,0.9678264896220424,0.9456170639617522,1,1,True,True
MECKLENBURG,MECKLENBURG - 087,087,087,4532559.386335739,MECKLENBURG - 087,087,087,4452035.561707894,4381663.064480581,0.9667083629813956,0.9841931861837337,0.9519287218060698,1,1,True,True
MECKLENBURG,MECKLENBURG - 088,088,088,3265865.739870507,MECKLENBURG - 088,088,088,3365784.81071334,3244476.650620146,0.9934507138523065,0.9639584326047618,0.9578712951983116,1,1,True,True
MECKLENBURG,MECKLENBURG - 089,089,089,14852926.051784314,MECKLENBURG - 089,089,089,14683396.597512214,14620954.294227324,0.9843820835875553,0.9957474210500131,0.9802610264907189,1,1,True,True
MECKLENBURG,MECKLENBURG - 090,090,090,3296527.5829320573,MECKLENBURG - 090,090,090,3225292.851974301,3188307.3254736317,0.9671714388137561,0.9885326610022314,0.9564406140932188,1,1,True,True
MECKLENBURG,MECKLENBURG - 091,091,091,7537041.728968042,MECKLENBURG - 091,091,091,7633029.165803187,7238653.898104893,0.9604104844323313,0.9483330589819913,0.9126558219227889,1,1,True,True
MECKLENBURG,MECKLENBURG - 092,092,092,4479110.832469768,MECKLENBURG - 092,092,092,4477745.953548641,4421363.209221804,0.9871073466569876,0.9874082306339524,0.9748361747972287,1,1,True,True
MECKLENBURG,MECKLENBURG - 093,093,093,3789380.7699195747,MECKLENBURG - 093,093,093,3793916.308454244,3726014.215127509,0.9832778602522411,0.98210237448427,0.9659686227915564,1,1,True,True
MECKLENBURG,MECKLENBURG - 094,094,094,2374155.6292584827,MECKLENBURG - 094,094,094,2257207.2085464136,2235332.3270444255,0.941527294797681,0.990308873098064,0.9329314952399993,1,1,True,True
MECKLENBURG,MECKLENBURG - 095,095,095,2223489.249144214,MECKLENBURG - 095,095,095,2201203.9213095256,2180483.3133924995,0.98065835678393,0.9905866931653023,0.971604017570714,1,1,True,True
MECKLENBURG,MECKLENBURG - 096,096,096,2547475.1518632877,MECKLENBURG - 096,096,096,2396351.8551596953,2361751.7652309313,0.9270951135690122,0.9855613482409669,0.914671937906733,1,1,True,True
MECKLENBURG,MECKLENBURG - 097,097,097,1945623.1177648602,MECKLENBURG - 097,097,097,1953577.9069289817,1922119.4076615334,0.9879197004349292,0.9838969824771919,0.9722003336143118,1,1,True,True
MECKLENBURG,MECKLENBURG - 098,098,098,6152838.960290379,MECKLENBURG - 098,098,098,6070534.6437562965,6041083.232886352,0.981836721532079,0.9951484650696728,0.9771594134541645,1,1,True,True
MECKLENBURG,MECKLENBURG - 099,099,099,4189848.67334565,MECKLENBURG - 099,099,099,4157139.4875223194,4093594.095282731,0.9770267172952434,0.9847141544250992,0.9624300105190182,1,1,True,True
MECKLENBURG,MECKLENBURG - 100,100,100,2854934.643988591,MECKLENBURG - 100,100,100,2865671.0324440966,2802496.7562597375,0.9816325435542744,0.977954805185549,0.9603811348116641,1,1,True,True
MECKLENBURG,MECKLENBURG - 101,101,101,2896785.2795631154,MECKLENBURG - 101,101,101,2860610.1069530826,2822412.188150514,0.9743256457641837,0.9866469328659213,0.9616450921157386,1,1,True,True
MECKLENBURG,MECKLENBURG - 102,102,102,4251579.391836099,MECKLENBURG - 102,102,102,4154382.836188053,4070505.3839517,0.9574101783840381,0.979809888605905,0.9388873030801816,1,1,True,True
MECKLENBURG,MECKLENBURG - 103,103,103,4350442.138538227,MECKLENBURG - 103,103,103,4276531.413585923,4209562.998405705,0.9676172821873552,0.984340483278699,0.9529481009778954,1,1,True,True
MECKLENBURG,MECKLENBURG - 104,104,104,3228603.4916206165,MECKLENBURG - 104,104,104,3252907.7182090892,3192872.7673189817,0.988933071405526,0.9815442194827586,0.9708798407408296,1,1,True,True
MECKLENBURG,MECKLENBURG - 105,105,105,5202293.340361262,MECKLENBURG - 105,105,105,5201234.317393598,5124001.997070996,0.9849506096315536,0.9851511553585796,0.9705421142715455,1,1,True,True
MECKLENBURG,MECKLENBURG - 106,106,106,2133745.6430255664,MECKLENBURG - 106,106,106,2112136.7988521247,2098890.0280510355,0.9836645876285859,0.9937282609685658,0.9775954561060206,1,1,True,True
MECKLENBURG,MECKLENBURG - 107.1,107.1,107 1,3954281.6484928196,MECKLENBURG - 107.1,107.1,107 1,3916199.9632904236,3875664.7485276577,0.9801185380927211,0.9896493500988882,0.970173322380835,1,1,True,True
MECKLENBURG,MECKLENBURG - 108,108,108,2716824.451224608,MECKLENBURG - 108,108,108,2728154.246298861,2686065.535727472,0.9886783573803337,0.9845724593363852,0.9735955349819337,1,1,True,True
MECKLENBURG,MECKLENBURG - 109,109,109,1882002.022199973,MECKLENBURG - 109,109,109,1865998.9083335665,1838124.7331363545,0.9766858438269221,0.9850620624306232,0.962431353216185,1,1,True,True
MECKLENBURG,MECKLENBURG - 110,110,110,1931356.101584562,MECKLENBURG - 110,110,110,1990797.300838838,1892667.527035527,0.9799681816743719,0.9507083047772049,0.9325847250224405,1,1,True,True
MECKLENBURG,MECKLENBURG - 111,111,111,2345686.8285301747,MECKLENBURG - 111,111,111,2310190.6837172676,2260767.1756545235,0.9637975317750058,0.9786063079506415,0.9439094062240572,1,1,True,True
MECKLENBURG,MECKLENBURG - 112,112,112,3095113.919578363,MECKLENBURG - 112,112,112,3081203.254481564,3038402.229232537,0.9816770264942133,0.986108989990591,0.968286993961104,1,1,True,True
MECKLENBURG,MECKLENBURG - 113,113,113,5282548.143908356,MECKLENBURG - 113,113,113,5146141.261643569,5086809.262265352,0.9629461244250611,0.9884705847815635,0.9522507292976644,1,1,True,True
MECKLENBURG,MECKLENBURG - 114,114,114,3328057.771648599,MECKLENBURG - 114,114,114,3243282.200805022,3195034.9222277408,0.9600298857327337,0.9851239344620379,0.9463110929547046,1,1,True,True
MECKLENBURG,MECKLENBURG - 115,115,115,1454664.9604900116,MECKLENBURG - 115,115,115,1483982.8174954192,1433938.1577730507,0.9857514937941594,0.9662767930111004,0.9529666977012213,1,1,True,True
MECKLENBURG,MECKLENBURG - 116,116,116,2890976.1356631536,MECKLENBURG - 116,116,116,2848993.5697921375,2806335.1560355267,0.97072235270866,0.9850268480038292,0.9566069354448338,1,1,True,True
MECKLENBURG,MECKLENBURG - 117,117,117,2032292.0041255734,MECKLENBURG - 117,117,117,2018952.850639365,1998429.6795125967,0.9833378645665899,0.9898347447191405,0.9735068717362441,1,1,True,True
MECKLENBURG,MECKLENBURG - 118,118,118,3003593.765071083,MECKLENBURG - 118,118,118,3037487.882877654,2979566.9100600616,0.9920006309473569,0.9809312909051939,0.9732329141472214,1,1,True,True
MECKLENBURG,MECKLENBURG - 119,119,119,2157092.496747525,MECKLENBURG - 119,119,119,2166890.9789409083,2114042.500878374,0.9800425823491288,0.9756109197111686,0.9566058663897449,1,1,True,True
MECKLENBURG,MECKLENBURG - 120,120,120,1828542.0948159778,MECKLENBURG - 120,120,120,1817969.6460848076,1784661.9692566418,0.9760026713720517,0.9816786397397242,0.9585424111208823,1,1,True,True
MECKLENBURG,MECKLENBURG - 121,121,121,7013944.284164213,MECKLENBURG - 121,121,121,7264274.969079435,6997373.660578438,0.9976374743062635,0.9632583692609284,0.9610660700767581,1,1,True,True
MECKLENBURG,MECKLENBURG - 122,122,122,17123577.393027466,MECKLENBURG - 122,122,122,17007538.19658739,16902020.472054753,0.9870612947348882,0.9937958261029329,0.9810161448831989,1,1,True,True
MECKLENBURG,MECKLENBURG - 123,123,123,4263462.528145968,MECKLENBURG - 123,123,123,4245558.30954368,4211442.651109409,0.9877986784935622,0.9919643882036474,0.9799571917644683,1,1,True,True
MECKLENBURG,MECKLENBURG - 124,124,124,2735725.1666830843,MECKLENBURG - 124,124,124,2808766.626881678,2711905.643197662,0.9912931592049131,0.9655147626872966,0.9573956445583135,1,1,True,True
MECKLENBURG,MECKLENBURG - 125,125,125,2548755.5291366316,MECKLENBURG - 125,125,125,2573514.6604976454,2487082.1801052233,0.9758025639076103,0.9664146151101745,0.9437968642509501,1,1,True,True
MECKLENBURG,MECKLENBURG - 126,126,126,10036928.786443532,MECKLENBURG - 126,126,126,10087486.99972368,9984703.893842906,0.9947967258001109,0.9898108313910501,0.9847127807843593,1,1,True,True
MECKLENBURG,MECKLENBURG - 127,127,127,23645530.515545636,MECKLENBURG - 127,127,127,23736543.85324243,23376323.19768941,0.9886148751164946,0.9848242162894404,0.9737801175675339,1,1,True,True
MECKLENBURG,MECKLENBURG - 128,128,128,3187070.0237156274,MECKLENBURG - 128,128,128,3177442.0242007906,3098512.1135904687,0.9722133779721871,0.9751592916537399,0.9487177513461746,1,1,True,True
MECKLENBURG,MECKLENBURG - 129,129,129,4037516.4772812086,MECKLENBURG - 129,129,129,4145224.469408016,3961588.618587112,0.9811944151506659,0.9556994193737525,0.9385088029666762,1,1,True,True
MECKLENBURG,MECKLENBURG - 130,130,130,1984012.7172161462,MECKLENBURG - 130,130,130,1909168.3968338878,1898858.646002374,0.9570798763158859,0.9945998735110998,0.9521322035053136,1,1,True,True
MECKLENBURG,MECKLENBURG - 131,131,131,2419001.8780033467,MECKLENBURG - 131,131,131,2417142.866556474,2367567.3981191698,0.9787373129587518,0.9794900545088877,0.9590817162495947,1,1,True,True
MECKLENBURG,MECKLENBURG - 132,132,132,5308025.7379213255,MECKLENBURG - 132,132,132,5325348.72821764,5266311.65182938,0.992141318043367,0.98891395110419,0.9812278771525487,1,1,True,True
MECKLENBURG,MECKLENBURG - 133,133,133,10970783.206741039,MECKLENBURG - 133,133,133,10834105.269282999,10707391.451732077,0.9759915267629097,0.9883041733118302,0.964847427153532,1,1,True,True
MECKLENBURG,MECKLENBURG - 134,134,134,14474496.542514011,MECKLENBURG - 134,134,134,14545673.092214612,14352189.689594304,0.9915501825876657,0.9866982159303533,0.9784707739769735,1,1,True,True
MECKLENBURG,MECKLENBURG - 135,135,135,13407163.252390288,MECKLENBURG - 135,135,135,13428011.947425993,13312412.67465455,0.9929328392627095,0.9913911848437399,0.9844447574882883,1,1,True,True
MECKLENBURG,MECKLENBURG - 136,136,136,7773263.723994932,MECKLENBURG - 136,136,136,6824935.62032086,6817512.812412879,0.8770463803213329,0.9989123988384769,0.876209674359613,1,1,True,True
MECKLENBURG,MECKLENBURG - 137,137,137,9104000.577069174,MECKLENBURG - 137,137,137,9081057.66633324,9012673.548091741,0.9899684728483581,0.9924695866104867,0.9825878272091463,1,1,True,True
MECKLENBURG,MECKLENBURG - 138,138,138,8254146.389529526,MECKLENBURG - 138,138,138,8033634.072271892,7874238.045834268,0.9539736363075441,0.98015891376136,0.9359004396163271,1,1,True,True
MECKLENBURG,MECKLENBURG - 139.1,139.1,139 1,4185729.7231411682,MECKLENBURG - 139.1,139.1,139 1,4220060.993395288,4129000.479488259,0.9864469883616048,0.978421991044787,0.9654437675526636,1,1,True,True
MECKLENBURG,MECKLENBURG - 140,140,140,7636248.557592291,MECKLENBURG - 140,140,140,7504080.825630792,7417388.205115027,0.9713392838346436,0.988447269888184,0.9604356726347768,1,1,True,True
MECKLENBURG,MECKLENBURG - 141,141,141,7365716.171095711,MECKLENBURG - 141,141,141,7350273.561318218,7231409.0178388925,0.9817659070568233,0.983828555156795,0.96617423121069,1,1,True,True
MECKLENBURG,MECKLENBURG - 142,142,142,23102467.827720944,MECKLENBURG - 142,142,142,28862997.91553405,22924919.34434988,0.9923147395033693,0.7942667428878447,0.7894107441867622,1,1,True,True
MECKLENBURG,MECKLENBURG - 143,143,143,7269775.8188959155,MECKLENBURG - 143,143,143,7434648.363278833,7238228.643412684,0.9956605022948256,0.9735804963101814,0.9694667928041998,1,1,True,True
MECKLENBURG,MECKLENBURG - 144,144,144,4455141.446825327,MECKLENBURG - 144,144,144,4528300.85416665,4394093.22863913,0.9862971313223512,0.9703624759375182,0.9574545669471997,1,1,True,True
MECKLENBURG,MECKLENBURG - 145,145,145,10109521.505181167,MECKLENBURG - 145,145,145,10006315.01797383,9874665.110113338,0.9767687921780012,0.9868433176824818,0.9642124627987778,1,1,True,True
MECKLENBURG,MECKLENBURG - 146,146,146,5410074.378699975,MECKLENBURG - 146,146,146,5344134.625487686,5297341.204806321,0.9791623615495018,0.9912439667110566,0.9707659044638931,1,1,True,True
MECKLENBURG,MECKLENBURG - 147,147,147,6711405.733631976,MECKLENBURG - 147,147,147,6738847.058620951,6646033.178939182,0.9902594840354829,0.9862270387093839,0.976751715352479,1,1,True,True
MECKLENBURG,MECKLENBURG - 148,148,148,12586006.426330214,MECKLENBURG - 148,148,148,12519949.314383747,12461756.224218868,0.9901279088932123,0.9953519707864933,0.9855709891291878,1,1,True,True
MECKLENBURG,MECKLENBURG - 149,149,149,10040203.257585613,MECKLENBURG - 149,149,149,9983674.278692083,9950880.319039034,0.9911034730816736,0.9967152414293963,0.9878768061217528,1,1,True,True
MECKLENBURG,MECKLENBURG - 150,150,150,10267915.05071392,MECKLENBURG - 150,150,150,10250759.680692274,10029218.22183722,0.9767531355978543,0.9783878009283219,0.9561237241117401,1,1,True,True
MECKLENBURG,MECKLENBURG - 151,151,151,7122096.21107918,MECKLENBURG - 151,151,151,7107610.702565096,6996806.8706427915,0.9824083617065594,0.9844105373016115,0.9673584356267807,1,1,True,True
MECKLENBURG,MECKLENBURG - 200,200,200,33342471.89044328,MECKLENBURG - 200,200,200,33886574.97440859,33074941.04810226,0.9919762744879842,0.9760485110425211,0.9684030735737164,1,1,True,True
MECKLENBURG,MECKLENBURG - 201,201,201,20650114.376745377,MECKLENBURG - 201,201,201,20771947.10746475,20559391.509234272,0.9956066651324087,0.9897671798830023,0.9854631039025515,1,1,True,True
MECKLENBURG,MECKLENBURG - 202,202,202,32248557.753679737,MECKLENBURG - 202,202,202,31054209.047532007,30560505.139173586,0.9476549423574289,0.9841018682007727,0.9333657355321263,1,1,True,True
MECKLENBURG,MECKLENBURG - 203,203,203,16164078.459297124,MECKLENBURG - 203,203,203,16228321.869059054,16101805.914539684,0.9961474732435722,0.9922040026356277,0.9884111963946084,1,1,True,True
MECKLENBURG,MECKLENBURG - 204.1,204.1,204 1,6855977.197705367,MECKLENBURG - 204.1,204.1,204 1,6900856.283297405,6814435.552725615,0.9939408134272011,0.9874768105545163,0.9815679860368799,1,1,True,True
MECKLENBURG,MECKLENBURG - 205,205,205,15531431.945189843,MECKLENBURG - 205,205,205,15565939.2356522,15456284.291667378,0.9951615759713811,0.992955455991138,0.9881847982293871,1,1,True,True
MECKLENBURG,MECKLENBURG - 206,206,206,10380053.704030948,MECKLENBURG - 206,206,206,12541152.66320115,10177416.308355711,0.9804781939040889,0.8115216026529023,0.7986177001767909,1,1,True,True
MECKLENBURG,MECKLENBURG - 207,207,207,13173776.770560458,MECKLENBURG - 207,207,207,13092505.66816609,12969069.941430783,0.9844610370514904,0.9905720318276863,0.9753224552941666,1,1,True,True
MECKLENBURG,MECKLENBURG - 208,208,208,17529006.763857193,MECKLENBURG - 208,208,208,16434037.412467694,16306867.476312164,0.9302790338318004,0.992261795871351,0.9235786293586659,1,1,True,True
MECKLENBURG,MECKLENBURG - 209,209,209,49525388.192656524,MECKLENBURG - 209,209,209,49665569.16505674,49313321.292963825,0.9957180164067014,0.992907604241436,0.9886860160924018,1,1,True,True
MECKLENBURG,MECKLENBURG - 210,210,210,14880780.25004943,MECKLENBURG - 210,210,210,14714669.426313948,14633655.283902796,0.9833930101786287,0.9944943280705799,0.9780681982421079,1,1,True,True
MECKLENBURG,MECKLENBURG - 211,211,211,22897922.443440452,MECKLENBURG - 211,211,211,22832372.307529204,22605074.657922335,0.9872107268141259,0.9900449394156071,0.977507438500818,1,1,True,True
MECKLENBURG,MECKLENBURG - 212,212,212,26227864.74266125,MECKLENBURG - 212,212,212,26184551.58630348,26055457.60331491,0.9934265659428269,0.9950698417514204,0.9885608531138499,1,1,True,True
MECKLENBURG,MECKLENBURG - 213,213,213,9910745.919502994,MECKLENBURG - 213,213,213,10061148.432380607,9873405.94839191,0.9962323753010757,0.9813398554597933,0.977711272607695,1,1,True,True
MECKLENBURG,MECKLENBURG - 214,214,214,3884019.2258317415,MECKLENBURG - 214,214,214,3815663.41380131,3756140.092588043,0.9670755663635229,0.984400269426813,0.9524786528302094,1,1,True,True
MECKLENBURG,MECKLENBURG - 215,215,215,5593497.740518137,MECKLENBURG - 215,215,215,6511731.111198122,5581019.384466783,0.9977691318330276,0.8570715358423188,0.8554322807203907,1,1,True,True
MECKLENBURG,MECKLENBURG - 216,216,216,9876988.144359402,MECKLENBURG - 216,216,216,9923315.812032145,9782836.546991019,0.9904675801983065,0.9858435156451644,0.9765778262288801,1,1,True,True
MECKLENBURG,MECKLENBURG - 217,217,217,7561183.832782154,MECKLENBURG - 217,217,217,7841480.603817524,7469814.480115252,0.9879159990435938,0.9526025577973971,0.9416306272135295,1,1,True,True
MECKLENBURG,MECKLENBURG - 218,218,218,7649173.294030859,MECKLENBURG - 218,218,218,7691889.1474660775,7639314.793903457,0.9987111678937781,0.9931649621367802,0.9918936770526972,1,1,True,True
MECKLENBURG,MECKLENBURG - 219,219,219,12306684.118515212,MECKLENBURG - 219,219,219,12212827.30767519,12156853.471724164,0.9878252626501048,0.9954167995222655,0.983352731791166,1,1,True,True
MECKLENBURG,MECKLENBURG - 220,220,220,7911581.941624345,MECKLENBURG - 220,220,220,7953760.731838488,7886833.578264581,0.9968718818129712,0.991585470593049,0.9885096932472202,1,1,True,True
MECKLENBURG,MECKLENBURG - 221,221,221,24147789.654605977,MECKLENBURG - 221,221,221,24168784.556213245,24107157.08065159,0.9983173377549014,0.9974501210262221,0.9957760218279432,1,1,True,True
MECKLENBURG,MECKLENBURG - 222,222,222,15652225.502327327,MECKLENBURG - 222,222,222,15474548.006761434,15390462.365791079,0.9832762991756459,0.9945661972851411,0.9780222458518236,1,1,True,True
MECKLENBURG,MECKLENBURG - 223.1,223.1,223 1,16996826.625171714,MECKLENBURG - 223.1,223.1,223 1,17052552.311692387,16934080.936502676,0.9963083880272031,0.9930525722470015,0.9894119831360856,1,1,True,True
MECKLENBURG,MECKLENBURG - 224,224,224,24627996.748555638,MECKLENBURG - 224,224,224,24647585.543805655,24541332.114220954,0.9964810522260701,0.9956890937899026,0.9922003674043097,1,1,True,True
MECKLENBURG,MECKLENBURG - 225,225,225,12893450.430360822,MECKLENBURG - 225,225,225,12954858.638027547,12709240.9511774,0.9857129416071857,0.9810404965648051,0.9672863279039907,1,1,True,True
MECKLENBURG,MECKLENBURG - 226,226,226,4953512.338263429,MECKLENBURG - 226,226,226,4952599.914917521,4847981.247427255,0.9786957044558063,0.9788760107241554,0.9584530811702202,1,1,True,True
MECKLENBURG,MECKLENBURG - 227,227,227,11004657.138317186,MECKLENBURG - 227,227,227,11069503.730855256,10966557.683263613,0.996537878956636,0.9907000304535162,0.9873018958019542,1,1,True,True
MECKLENBURG,MECKLENBURG - 228,228,228,9471585.176352542,MECKLENBURG - 228,228,228,9598565.523362072,9220571.630139736,0.9734982538256105,0.9606197517428692,0.9361386476526563,1,1,True,True
MECKLENBURG,MECKLENBURG - 229,229,229,31721550.317098096,MECKLENBURG - 229,229,229,31708000.33635608,31503208.227564298,0.9931169161862776,0.9935413111322264,0.9867465495207353,1,1,True,True
MECKLENBURG,MECKLENBURG - 230,230,230,24001620.476995584,MECKLENBURG - 230,230,230,23507351.500126176,23275757.642606452,0.9697577571862351,0.9901480242247418,0.9604899012284496,1,1,True,True
MECKLENBURG,MECKLENBURG - 231,231,231,5269555.850683723,MECKLENBURG - 231,231,231,5295976.4629372,5215087.189653528,0.9896635195501102,0.9847262777979171,0.974701556379388,1,1,True,True
MECKLENBURG,MECKLENBURG - 232,232,232,4973308.471166301,MECKLENBURG - 232,232,232,4892764.140142289,4826619.643698424,0.9705047800034258,0.9864811598210533,0.9577665819525105,1,1,True,True
MECKLENBURG,MECKLENBURG - 233,233,233,5690842.690312134,MECKLENBURG - 233,233,233,5705062.488869431,5440651.871749559,0.9560362441596761,0.9536533355005775,0.9135886570869729,1,1,True,True
MECKLENBURG,MECKLENBURG - 234,234,234,7243548.599629799,MECKLENBURG - 234,234,234,7168908.468419055,7136911.99560565,0.9852784029046759,0.9955367720268213,0.9809453346165584,1,1,True,True
MECKLENBURG,MECKLENBURG - 235,235,235,6416434.500593771,MECKLENBURG - 235,235,235,6505367.074393473,6355211.271681365,0.9904583723395383,0.9769181660319902,0.9678099254162242,1,1,True,True
MECKLENBURG,MECKLENBURG - 236,236,236,35632442.05321181,MECKLENBURG - 236,236,236,35607356.206251174,35522115.67321918,0.9969037659605853,0.9976060976687444,0.9945246472093366,1,1,True,True
MECKLENBURG,MECKLENBURG - 237,237,237,7190948.9587414805,MECKLENBURG - 237,237,237,7198822.466879976,7045430.303127921,0.9797636366982325,0.9786920479762108,0.9593005261629066,1,1,True,True
MECKLENBURG,MECKLENBURG - 238.1,238.1,238 1,3615432.601257448,MECKLENBURG - 238.1,238.1,238 1,3573401.4831005633,3522875.8115250985,0.974399525605827,0.9858606227667358,0.9609699700162584,1,1,True,True
MECKLENBURG,MECKLENBURG - 239,239,239,7998341.664400841,MECKLENBURG - 239,239,239,8105888.566997453,7889886.518944565,0.9864402960004834,0.9733524528165457,0.9605011422863575,1,1,True,True
MECKLENBURG,MECKLENBURG - 240,240,240,15996797.625697084,MECKLENBURG - 240,240,240,11129624.665126475,10158197.128738308,0.6350144176619631,0.9127169544690906,0.5986599677753187,1,1,True,True
MECKLENBURG,MECKLENBURG - 241,241,241,36201233.464912824,MECKLENBURG - 241,241,241,36151897.29271704,35916124.211037666,0.9921243221131818,0.9934782653377677,0.9857045793570203,1,1,True,True
MECKLENBURG,MECKLENBURG - 242,242,242,18523307.014540054,MECKLENBURG - 242,242,242,17658870.14291605,17583385.627805278,0.9492573660849558,0.9957254051646643,0.9454047377096114,1,1,True,True
MECKLENBURG,MECKLENBURG - 243,243,243,32482819.827157333,MECKLENBURG - 243,243,243,32303081.326982707,32181206.818552796,0.990714691328849,0.9962271553231639,0.9870114556917584,1,1,True,True
MITCHELL,MITCHELL - 01,01,BAKERSVILLE,44199089.63311841,MITCHELL - 01,01,BAKERSVILLE,43829635.49238212,40920881.24499987,0.9258308617817734,0.933634988867571,0.8686638545547665,1,1,True,True
MITCHELL,MITCHELL - 02,02,BRADSHAW,52907111.7816749,MITCHELL - 02,02,BRADSHAW,57088308.21310427,51897744.4384478,0.9809218967122544,0.9090783395563121,0.8932843515938581,1,1,True,True
MITCHELL,MITCHELL - 03,03,CANE CREEK,44847202.09658391,MITCHELL - 03,03,CANE CREEK,46337647.00160581,44035041.966184035,0.9818905061535212,0.9503081147961187,0.9339389627384644,1,1,True,True
MITCHELL,MITCHELL - 04,04,GRASSY CREEK,147659473.48833635,MITCHELL - 04,04,GRASSY CREEK,147377903.48154777,146882129.89759064,0.9947355657420306,0.9966360385631404,0.9914068708340673,1,1,True,True
MITCHELL,MITCHELL - 05,05,HARRELL,94743480.39387816,MITCHELL - 05,05,HARRELL,93048516.33887231,91816372.57480277,0.9691049156426754,0.9867580503961803,0.9566634588768078,1,1,True,True
MITCHELL,MITCHELL - 06,06,LITTLE ROCK CREEK,58435287.68435704,MITCHELL - 06,06,LITTLE ROCK CREEK,59154545.77282183,55380996.66534022,0.9477320786796701,0.9362086369156885,0.8902432439084895,1,1,True,True
MITCHELL,MITCHELL - 07,07,POPLAR,51565425.07709961,MITCHELL - 07,07,POPLAR,46878929.81625773,46680937.02980591,0.9052759084213792,0.9957765079700444,0.9018132680662055,1,1,True,True
MITCHELL,MITCHELL - 08,08,RED HILL,25436679.119799837,MITCHELL - 08,08,RED HILL,24050556.716742467,23217258.91033086,0.9127472497877529,0.965352244597668,0.8837944157904962,1,1,True,True
MITCHELL,MITCHELL - 09,09,SNOW CREEK,55545845.652614,MITCHELL - 09,09,SNOW CREEK,56902441.92765731,54595677.18646142,0.9828939778485871,0.9594610589097636,0.9437029170303964,1,1,True,True
MONTGOMERY,MONTGOMERY - BIS,BIS,BISCOE,48406284.94392104,MONTGOMERY - BIS,BIS,BISCOE,48465736.89390422,48163233.33534994,0.9949789245579851,0.9937584038138844,0.988799656409076,1,1,True,True
MONTGOMERY,MONTGOMERY - CAN,CAN,CANDOR,105077222.19472882,MONTGOMERY - CAN,CAN,CANDOR,104956002.24910115,104693502.17746116,0.9963482093525793,0.9974989513127894,0.9938653712483354,1,1,True,True
MONTGOMERY,MONTGOMERY - CHE,CHE,CHEEKS CREEK,155447718.19354266,MONTGOMERY - CHE,CHE,CHEEKS CREEK,155370611.44284323,155108105.0678829,0.9978152582128165,0.9983104502677657,0.996133076666682,1,1,True,True
MONTGOMERY,MONTGOMERY - ELD,ELD,ELDORADO,127353978.18541798,MONTGOMERY - ELD,ELD,ELDORADO,127014000.84868044,126986860.58402576,0.9971173448476205,0.9997863206853312,0.9969048955540343,1,1,True,True
MONTGOMERY,MONTGOMERY - LIT,LIT,LITTLE RIVER,94915951.22027096,MONTGOMERY - LIT,LIT,LITTLE RIVER,95008269.34144382,94808754.87094118,0.9988706181842817,0.9979000304722359,0.9967753843435982,1,1,True,True
MONTGOMERY,MONTGOMERY - MTG,MTG,MT GILEAD,122752724.13755102,MONTGOMERY - MTG,MTG,MT GILEAD,122564177.97649224,122451872.32680267,0.9975491231427888,0.999083699237871,0.9966373063095872,1,1,True,True
MONTGOMERY,MONTGOMERY - OPH,OPH,OPHIR,91019834.36373416,MONTGOMERY - OPH,OPH,OPHIR,91658462.01173426,90999837.85361949,0.999780306015118,0.9928143660316877,0.9925978176425411,1,1,True,True
MONTGOMERY,MONTGOMERY - PEE,PEE,PEE DEE,82512312.53862578,MONTGOMERY - PEE,PEE,PEE DEE,82425533.62772349,82407526.5604933,0.9987300564617745,0.9997815353272506,0.9985121462518372,1,1,True,True
MONTGOMERY,MONTGOMERY - ROC,ROC,ROCKY SPRINGS,95519181.41928317,MONTGOMERY - ROC,ROC,ROCKY SPRINGS,95185298.81726755,94849193.91174878,0.9929858328182958,0.9964689410056483,0.9895040487423505,1,1,True,True
MONTGOMERY,MONTGOMERY - STA,STA,STAR,72754605.8950574,MONTGOMERY - STA,STA,STAR,72820197.60795304,72546266.73130554,0.9971364127234451,0.99623825688963,0.9933961426352139,1,1,True,True
MONTGOMERY,MONTGOMERY - T1,T1,TROY 1,70029792.03315236,MONTGOMERY - T1,T1,TROY 1,69788301.17816927,69740789.08972338,0.9958731429147731,0.9993191969478582,0.9951979455246888,1,1,True,True
MONTGOMERY,MONTGOMERY - T2,T2,TROY 2,63406861.84872339,MONTGOMERY - T2,T2,TROY 2,63413080.11023478,63233087.87943307,0.9972593822778218,0.997161591417909,0.9944364884029395,1,1,True,True
MONTGOMERY,MONTGOMERY - UWH,UWH,UWHARRIE,109201010.98807499,MONTGOMERY - UWH,UWH,UWHARRIE,109327452.06610908,109152304.68061778,0.9995539756727845,0.9983979560285976,0.9979533593401227,1,1,True,True
MONTGOMERY,MONTGOMERY - WAD,WAD,WADEVILLE,60839630.749755405,MONTGOMERY - WAD,WAD,WADEVILLE,60965899.77574727,60765879.55037768,0.9987877770054017,0.9967191458486575,0.9955148592697739,1,1,True,True
MOORE,MOORE - BEN,BEN,BENSALEM,252770632.5229854,MOORE - BEN,BEN,BENSALEM,252888705.92391136,252534484.13186827,0.9990657601764886,0.9985992976999547,0.997667672008117,1,1,True,True
MOORE,MOORE - CAM,CAM,CAMERON,115184020.2506969,MOORE - CAM,CAM,CAMERON,115244582.02609392,114949743.02081132,0.9979660613566389,0.997441623718017,0.9954180683929751,1,1,True,True
MOORE,MOORE - CAR,CAR,CARTHAGE,332140805.0202724,MOORE - CAR,CAR,CARTHAGE,332194900.6857912,331887238.8019972,0.9992365701098975,0.9990738512747822,0.9983118342903019,1,1,True,True
MOORE,MOORE - DHR,DHR,DEEP RIVER/HIGH FALLS/RITTER,174281868.03199655,MOORE - DHR,DHR,DEEP RIVER/HIGH FALLS/RITTER,174196024.20340776,173958054.825523,0.9981420143694231,0.9986338989137497,0.9967809815050485,1,1,True,True
MOORE,MOORE - EAB,EAB,ABERDEEN EAST,25970182.708852857,MOORE - EAB,EAB,EAST ABERDEEN,25888028.19612396,25502541.840344034,0.9819931621678807,0.9851094740449315,0.967630219434134,1,1,True,True
MOORE,MOORE - EUR,EUR,EUREKA,37644995.632249534,MOORE - EUR-WP,EUR-WP,EUREKA/WHISPERING PINES,37386406.957515374,37066165.546479195,0.9846239831869055,0.9914342822138514,0.976318559639666,1,1,True,True
MOORE,MOORE - EWD,EWD,EASTWOOD,55562872.46730519,MOORE - EWD,EWD,EASTWOOD,55172983.77182963,54720186.49992343,0.9848336500623214,0.9917931342307177,0.9768728420936631,1,1,True,True
MOORE,MOORE - KWD,KWD,KNOLLWOOD,39904283.64982816,MOORE - EKWD,EKWD,EAST KNOLLWOOD,22348940.104924668,22152163.217875488,0.5551324617744612,0.9911952474647413,0.5524084131766075,1,1,True,True
MOORE,MOORE - LTR,LTR,LITTLE RIVER,87760155.29319622,MOORE - LTR,LTR,LITTLE RIVER,87864566.58176713,87460283.0230058,0.9965830476349025,0.995398787309955,0.9920131536238308,1,1,True,True
MOORE,MOORE - NSP,NSP,SOUTHERN PINES NORTH,31958810.667063244,MOORE - NSP,NSP,NORTH SOUTHERN PINES,31955065.119341522,31756220.29411853,0.9936608913562136,0.9937773612890359,0.9875166521930059,1,1,True,True
MOORE,MOORE - PBF,PBF,PINEBLUFF,91455176.48677275,MOORE - PBF,PBF,PINEBLUFF,91351176.73486924,90775528.11124319,0.9925685084033723,0.9936985089387872,0.9863600375455748,1,1,True,True
MOORE,MOORE - PDN,PDN,PINEDENE,18788872.716536824,MOORE - PDN,PDN,PINEDENE,18742707.899227247,18288188.288462304,0.9733520772838145,0.9757495227899442,0.9503619724322591,1,1,True,True
MOORE,MOORE - PHA,PHA,PINEHURST A,37040727.095239595,MOORE - PHA2,PHA2,PINEHURST A2,26904931.103712022,26792167.827139664,0.7233164661765763,0.9958088249273829,0.721121153329558,1,1,True,True
MOORE,MOORE - PHB1,PHB1,PINEHURST B 1,7526339.510743558,MOORE - PHB1A,PHB1A,PINEHURST B1,6833158.27419734,6615066.532507345,0.8789221537328463,0.9680833177077823,0.85417073467192,1,1,True,True
MOORE,MOORE - PHB2,PHB2,PINEHURST B 2,14361629.637146633,MOORE - PHB2,PHB2,PINEHURST B2,13894584.4370239,13656158.871901633,0.9508780839591987,0.9828403961123909,0.9353498108540999,1,1,True,True
MOORE,MOORE - PHC,PHC,PINEHURST C,10621221.216175102,MOORE - PHC,PHC,PINEHURST C,11397670.187115522,10516967.064451337,0.9901843536066272,0.9227295483896547,0.9143658708428485,1,1,True,True
MOORE,MOORE - RBN,RBN,ROBBINS,55242146.51066163,MOORE - RBN,RBN,ROBBINS,55293637.48413536,55115233.58240119,0.9977026068631141,0.9967735184398865,0.9944909094600707,1,1,True,True
MOORE,MOORE - SLS,SLS,SEVEN LAKES,26279027.63737855,MOORE - SLS,SLS,SEVEN LAKES,26452523.176286116,25955168.398478188,0.9876761330986343,0.9811982102995077,0.9693306584894555,1,1,True,True
MOORE,MOORE - SSP,SSP,SOUTHERN PINES SOUTH,14151186.31719617,MOORE - SSP,SSP,SOUTH SOUTHERN PINES,14124567.07185586,13818427.989802502,0.9764854818574957,0.9783257723584774,0.9558080494279951,1,1,True,True
MOORE,MOORE - TLT,TLT,TAYLORTOWN,4507030.698833553,MOORE - TLT,TLT,TAYLORTOWN,4220424.625108846,4041476.819915052,0.8967049682978664,0.9575995732445572,0.8624616643976533,1,1,True,True
MOORE,MOORE - VSS,VSS,VASS,65130878.22315433,MOORE - VSS,VSS,VASS,65013762.053331666,64762826.1838729,0.9943490392065589,0.9961402653602337,0.9905327204922244,1,1,True,True
MOORE,MOORE - WAB,WAB,ABERDEEN WEST,73678882.24640532,MOORE - WAB,WAB,WEST ABERDEEN,50738328.44066092,49765022.05349937,0.6754312841917106,0.9808171373185885,0.6666250911647466,1,1,True,True
MOORE,MOORE - WEM,WEM,WESTMOORE,136961495.90613663,MOORE - WEM,WEM,WESTMOORE,136976712.79595226,136702699.58723813,0.9981104447115863,0.997999563552658,0.996117553459384,1,1,True,True
MOORE,MOORE - WND,WND,WEST END,118776570.53969328,MOORE - WND,WND,WEST END,141236113.23809075,117592285.80670834,0.9900293068944167,0.8325936129980829,0.8256702514662981,1,1,True,True
NASH,NASH - 0001,0001,BAILEY,82080838.17341521,NASH - P01A,P01A,BAILEY,82177200.57566449,81959567.81237023,0.9985225496748854,0.9973516649171581,0.9958820240463534,1,1,True,True
NASH,NASH - 0002,0002,WHITAKERS SOUTH,51901840.92960522,NASH - P16A,P16A,ROCKY MOUNT BATTLEBORO,61022283.645586446,51465074.84646169,0.9915847670271287,0.8433816594830764,0.8373880669099175,1,1,True,True
NASH,NASH - 0003,0003,CASTALIA,82992462.75039183,NASH - P09A,P09A,CASTALIA,84224267.27101865,82208275.75684062,0.9905511058768104,0.9760640064971899,0.9670599997146837,1,1,True,True
NASH,NASH - 0004,0004,COOPERS,80163225.28949893,NASH - P05A,P05A,COOPERS,80383983.70803323,79710144.44200523,0.9943480212297165,0.9916172446929791,0.9860593637371924,1,1,True,True
NASH,NASH - 0005,0005,DRYWELLS,82070153.71618311,NASH - P02A,P02A,MIDDLESEX,82257453.47648591,81672433.504332,0.9951538995135002,0.9928879396646878,0.9881103609108538,1,1,True,True
NASH,NASH - 0006,0006,FERRELLS,79704811.61231431,NASH - P03A,P03A,SAMARIA,77627341.25990017,77340439.74845228,0.9703358954618401,0.9963041177658355,0.9668556495194955,1,1,True,True
NASH,NASH - 0007,0007,GRIFFINS,151467070.01776847,NASH - P10A,P10A,GRIFFINS,153786585.59395394,151044150.02046388,0.9972078419602691,0.9821672640503837,0.9794736676013694,1,1,True,True
NASH,NASH - 0008,0008,JACKSONS,105273142.30749983,NASH - P04A,P04A,STANHOPE,107320303.10349749,104892677.04740131,0.9963859228312271,0.9773796198306016,0.9739269147392279,1,1,True,True
NASH,NASH - 0011,0011,MANNINGS 1,115819859.98580687,NASH - P06A,P06A,SPRING HOPE,114856183.94098076,114514548.88457395,0.9887298162733673,0.9970255405962088,0.9858219269901682,1,1,True,True
NASH,NASH - 0012,0012,MANNINGS 2,45907846.05915529,NASH - P07A,P07A,MOMEYER,45954440.04449277,45801523.28860284,0.9976839956634983,0.9966724269571801,0.9943717925931154,1,1,True,True
NASH,NASH - 0015,0015,NASHVILLE,119631882.76005438,NASH - P08A,P08A,NASHVILLE,117316775.93024121,116747398.27172065,0.9758886642775727,0.9951466646265567,0.9712660072379694,1,1,True,True
NASH,NASH - 0021,0021,WHITAKERS NORTH 1,71350028.46609508,NASH - P13A,P13A,WHITAKERS,71208276.79471356,70902410.2481012,0.9937264465394492,0.9957046208617836,0.989484678623125,1,1,True,True
NASH,NASH - 0022,0022,WHITAKERS NORTH 2,67664013.21880978,NASH - P12A,P12A,SALEM,67236186.6141063,67080902.55570969,0.9913822631061736,0.9976904689837953,0.9891123212545455,1,1,True,True
NASH,NASH - 0025,0025,OAK LEVEL,61157686.88143951,NASH - P15A,P15A,OAK LEVEL,59843575.465661004,59520081.38513078,0.9732232270412157,0.9945943390244814,0.9681024413299408,1,1,True,True
NASH,NASH - 0026,0026,RED OAK,62218241.722657345,NASH - P11A,P11A,RED OAK,62203404.73577956,61573576.59450913,0.9896386476007815,0.9898746998826553,0.9797210435868907,1,1,True,True
NASH,NASH - 0031,0031,ROCKY MOUNT 01,9121255.859910067,NASH - P21A,P21A,ROCKY MOUNT DOWNTOWN,12912227.827348944,9035092.242639918,0.9905535357637694,0.6997314765081051,0.6950931029531465,1,1,True,True
NASH,NASH - 0032,0032,ROCKY MOUNT 02,3720828.6086738477,NASH - P21A,P21A,ROCKY MOUNT DOWNTOWN,12912227.827348944,3702963.16119809,0.9951985298559276,0.28677957132656623,0.2863833293768944,1,2,True,False
NASH,NASH - 0033,0033,ROCKY MOUNT 03,2636223.52806989,NASH - P22A,P22A,ROCKY MOUNT EDWARDS,2647825.873711446,2596616.6880275244,0.9849759173982625,0.9806599118951347,0.9662071443643943,1,1,True,True
NASH,NASH - 0034,0034,ROCKY MOUNT 04,6829178.237707782,NASH - P23A,P23A,ROCKY MOUNT SOUTH,6948322.856755869,6683750.90399806,0.97870500246915,0.9619229045321972,0.9422027453097245,1,1,True,True
NASH,NASH - 0035,0035,ROCKY MOUNT 05,49337970.45710757,NASH - P24A,P24A,SHARPSBURG,49092609.686148964,48878326.472589016,0.9906837678919496,0.9956351227826373,0.9863996660463209,1,1,True,True
NASH,NASH - 0036,0036,ROCKY MOUNT 06,7759752.036031257,NASH - P20A,P20A,ROCKY MOUNT SUNSET,7953854.908420511,7655637.50562597,0.9865827503350819,0.9625065573576371,0.9500703078791453,1,1,True,True
NASH,NASH - 0037,0037,ROCKY MOUNT 07,8348025.502800436,NASH - P19A,P19A,ROCKY MOUNT WINSTEAD,12379985.844354114,8297914.252657766,0.993997233222891,0.6702684766349734,0.6675663262784591,1,1,True,True
NASH,NASH - 0038,0038,ROCKY MOUNT 08,10657816.114777258,NASH - P18A,P18A,ROCKY MOUNT HUNTER HILL,10647100.230458654,10550361.040906256,0.989917721162217,0.9909140341070847,0.9810132304269991,1,1,True,True
NASH,NASH - 0039,0039,ROCKY MOUNT 09,3044066.817010989,NASH - P19A,P19A,ROCKY MOUNT WINSTEAD,12379985.844354114,2977477.595455962,0.9781249146099847,0.2405073505648505,0.2392206353707052,1,2,True,False
NASH,NASH - 0040,0040,ROCKY MOUNT 10,15387787.65851995,NASH - P16A,P16A,ROCKY MOUNT BATTLEBORO,61022283.645586446,8832883.228341404,0.5740190483750789,0.14474848695670306,0.13070806110544742,1,2,True,False
NASH,NASH - 0041,0041,STONY CREEK,29331012.276606936,NASH - P14A,P14A,DORTCHES,29354858.229383677,29097124.314179264,0.9920259157705849,0.9912200592763747,0.9833848357600182,1,1,True,True
NEW HANOVER,NEW HANOVER - CF01,CF01,CAPE FEAR 1,71525100.62732205,NEW HANOVER - CF01,CF01,CF01,71838787.76259942,70980648.49999213,0.9923879571988754,0.9880546527950455,0.9806227050340646,1,1,True,True
NEW HANOVER,NEW HANOVER - CF02,CF02,CAPE FEAR 2,85301194.25889271,NEW HANOVER - CF02,CF02,CF02,85105512.2621133,84510608.5118969,0.9907318326095604,0.9930098094188754,0.9838701695498985,1,1,True,True
NEW HANOVER,NEW HANOVER - CF03,CF03,CAPE FEAR 3,45519379.47412768,NEW HANOVER - CF05,CF05,CF05,22127877.94547084,21168381.25124332,0.4650410769170307,0.9566385580853264,0.455440901250871,1,1,True,True
NEW HANOVER,NEW HANOVER - FP01,FP01,FEDERAL POINT 1,26682792.09456075,NEW HANOVER - FP07,FP07,FP07,16780926.45315921,16758464.113136977,0.6280626125536978,0.9986614362392368,0.627534336143039,1,1,True,True
NEW HANOVER,NEW HANOVER - FP02,FP02,FEDERAL POINT 2,17947295.11687099,NEW HANOVER - FP08,FP08,FP08,67550456.29175416,17842526.47515369,0.9941624272050436,0.2641362835225099,0.2637272508176431,1,2,True,False
NEW HANOVER,NEW HANOVER - FP03,FP03,FEDERAL POINT 3,103025464.9387261,NEW HANOVER - FP03,FP03,FP03,107087771.23287295,101899229.54244925,0.9890683784155047,0.9515487003726999,0.9416454737847263,1,1,True,True
NEW HANOVER,NEW HANOVER - FP04,FP04,FEDERAL POINT 4,29045624.560683317,NEW HANOVER - FP04,FP04,FP04,29075212.43522645,29002510.097401217,0.9985156296711051,0.997499507940408,0.9960225461610137,1,1,True,True
NEW HANOVER,NEW HANOVER - FP05,FP05,FEDERAL POINT 5,53937394.09181737,NEW HANOVER - FP08,FP08,FP08,67550456.29175416,48751129.38493425,0.9038465837252988,0.7216994830408757,0.6702409555394667,1,1,True,True
NEW HANOVER,NEW HANOVER - H01,H01,HARNETT 1,2690764.9379816013,NEW HANOVER - H01,H01,H01,2596617.5266480236,2499845.3507516393,0.9290463523829121,0.9627314477764819,0.8967935667317042,1,1,True,True
NEW HANOVER,NEW HANOVER - H02 & H08,H02 & H08,HARNETT 2 & 8,23594310.493807845,NEW HANOVER - H08,H08,H08,12488936.268602056,12010832.307570646,0.5090562960389455,0.9617177995988823,0.49894589219969654,1,1,True,True
NEW HANOVER,NEW HANOVER - H03,H03,HARNETT 3,13621262.128420793,NEW HANOVER - W33,W33,W33,13704416.81007093,13406220.392151728,0.9842127892230794,0.9782408531459678,0.9631280087167458,1,1,True,True
NEW HANOVER,NEW HANOVER - H04,H04,HARNETT 4,6243994.066855877,NEW HANOVER - H04,H04,H04,6581246.747946557,6124674.1100071855,0.9808904435892948,0.9306252059183424,0.9140531510005077,1,1,True,True
NEW HANOVER,NEW HANOVER - H05,H05,HARNETT 5,7870135.357398587,NEW HANOVER - H05,H05,H05,8183633.976604932,7770526.439070262,0.9873434300930181,0.9495202817335616,0.9381019653333338,1,1,True,True
NEW HANOVER,NEW HANOVER - H06,H06,HARNETT 6,6610519.912015037,NEW HANOVER - H06,H06,H06,6397562.595786704,6249388.786990792,0.9453702386754986,0.9768390216465415,0.9246444720150673,1,1,True,True
NEW HANOVER,NEW HANOVER - H07,H07,HARNETT 7,32263470.10651152,NEW HANOVER - H11,H11,H11,29352608.12684039,25163818.85546583,0.7799476861104034,0.8572941370908611,0.6903226105850538,1,1,True,True
NEW HANOVER,NEW HANOVER - H09,H09,HARNETT 9,49758251.55585453,NEW HANOVER - H12,H12,H12,40141863.82662545,39054463.59705844,0.7848841624432704,0.9729110677505274,0.7680983963363437,1,1,True,True
NEW HANOVER,NEW HANOVER - M02,M02,MASONBORO 2,11192015.554455748,NEW HANOVER - M02,M02,M02,11377752.987697298,11071386.2606547,0.9892218436246702,0.9730731782124405,0.9628646873629598,1,1,True,True
NEW HANOVER,NEW HANOVER - M03,M03,MASONBORO 3,16748728.630480383,NEW HANOVER - M03,M03,M03,16188937.27971489,16102115.768369343,0.9613933166882713,0.9946369851309304,0.9564353782752573,1,1,True,True
NEW HANOVER,NEW HANOVER - M04,M04,MASONBORO 4,6997410.372430473,NEW HANOVER - M04,M04,M04,7411249.160943189,6826587.879510538,0.975587755494094,0.9211116414067174,0.9003591882480217,1,1,True,True
NEW HANOVER,NEW HANOVER - M05,M05,MASONBORO 5,83160713.16053325,NEW HANOVER - M07,M07,M07,79145670.66103975,79064899.95227505,0.9507482192901394,0.9989794677574896,0.9498256911952603,1,1,True,True
NEW HANOVER,NEW HANOVER - W01,W01,WILMINGTON 01,3640290.8742324454,NEW HANOVER - W25,W25,W25,4930416.845713393,3446923.7556865965,0.9468814099679272,0.6991140634860161,0.6727301111308518,1,1,True,True
NEW HANOVER,NEW HANOVER - W02,W02,WILMINGTON 02,1456980.1385577,NEW HANOVER - W25,W25,W25,4930416.845713393,1435610.0325688736,0.9853326030854607,0.29117416995218626,0.28991756845988104,1,2,True,False
NEW HANOVER,NEW HANOVER - W03,W03,WILMINGTON 03,3176082.6328664576,NEW HANOVER - W03,W03,W03,3648327.027791161,3100654.929855856,0.9762513411237896,0.8498840444501251,0.8326689468047359,1,1,True,True
NEW HANOVER,NEW HANOVER - W04,W04,WILMINGTON 04,1859449.5216786673,NEW HANOVER - W26,W26,W26,5238522.61544438,1813276.4976993885,0.975168444509537,0.3461427258810392,0.3431184350849658,1,2,True,False
NEW HANOVER,NEW HANOVER - W05,W05,WILMINGTON 05,10965338.6600573,NEW HANOVER - W30,W30,W30,13703758.916217232,10684135.383004261,0.9743552583489865,0.7796499813172061,0.7639731330947461,1,1,True,True
NEW HANOVER,NEW HANOVER - W06,W06,WILMINGTON 06,1660900.0372940071,NEW HANOVER - W29,W29,W29,3241965.8520642743,1626625.7888761566,0.9793640510276035,0.5017405682544208,0.4964916303407634,1,1,True,True
NEW HANOVER,NEW HANOVER - W07,W07,WILMINGTON 07,1599935.8776363516,NEW HANOVER - W29,W29,W29,3241965.8520642743,1582601.2448564041,0.9891654203007456,0.4881609853628489,0.48556469469922,1,2,True,False
NEW HANOVER,NEW HANOVER - W08,W08,WILMINGTON 08,2769251.6325622317,NEW HANOVER - W08,W08,W08,2796370.4840932987,2733000.3877343815,0.9869093713255992,0.977338447562872,0.9648306937104836,1,1,True,True
NEW HANOVER,NEW HANOVER - W09,W09,WILMINGTON 09,2681953.603991727,NEW HANOVER - W27,W27,W27,3836896.882289384,2624112.588926712,0.9784332529172294,0.6839153277846152,0.6737584551477028,1,1,True,True
NEW HANOVER,NEW HANOVER - W10,W10,WILMINGTON 10,1126376.2028929524,NEW HANOVER - W27,W27,W27,3836896.882289384,1115750.485804318,0.9905664581146658,0.29079501483463804,0.28999192518965,1,2,True,False
NEW HANOVER,NEW HANOVER - W11,W11,WILMINGTON 11,4618224.281978082,NEW HANOVER - W31,W31,W31,8555396.878672656,4583568.691598278,0.9924959057283028,0.5357517315210051,0.533590302051307,1,1,True,True
NEW HANOVER,NEW HANOVER - W12,W12,WILMINGTON 12,2090548.6286413977,NEW HANOVER - W12,W12,W12,2106341.4842744456,2037742.736361384,0.9747406534550066,0.9674322760933082,0.943771952988771,1,1,True,True
NEW HANOVER,NEW HANOVER - W13,W13,WILMINGTON 13,2660516.9340046044,NEW HANOVER - W34,W34,W34,7123353.850942298,2636600.043363828,0.9910104347260152,0.3701346442329341,0.36889606378333983,1,2,True,False
NEW HANOVER,NEW HANOVER - W14,W14,WILMINGTON 14,3795853.315490814,NEW HANOVER - W31,W31,W31,8555396.878672656,3749570.179802033,0.9878069219640548,0.4382695780191284,0.4359113770265482,1,2,True,False
NEW HANOVER,NEW HANOVER - W15,W15,WILMINGTON 15,8590644.758751819,NEW HANOVER - W15,W15,W15,8221752.883370228,8095745.932504411,0.9423909566574471,0.9846739554626257,0.9287678574528637,1,1,True,True
NEW HANOVER,NEW HANOVER - W16,W16,WILMINGTON 16,5990760.167468917,NEW HANOVER - W16,W16,W16,5742533.919272894,5705452.827268511,0.9523754361341847,0.9935427299993941,0.9465167680555413,1,1,True,True
NEW HANOVER,NEW HANOVER - W17,W17,WILMINGTON 17,3890605.7220527334,NEW HANOVER - W17,W17,W17,3925490.167341645,3835214.482627392,0.9857628237394057,0.9770026975318121,0.9634083738611304,1,1,True,True
NEW HANOVER,NEW HANOVER - W18,W18,WILMINGTON 18,2840110.7043961687,NEW HANOVER - W35,W35,W35,6807607.575902481,2607909.257287964,0.9182421140314062,0.3830874838496012,0.3704517052612672,1,1,True,True
NEW HANOVER,NEW HANOVER - W19,W19,WILMINGTON 19,3033612.536980647,NEW HANOVER - W26,W26,W26,5238522.61544438,3001882.001948284,0.9895403468156996,0.5730398095634902,0.5695897172751059,1,1,True,True
NEW HANOVER,NEW HANOVER - W20,W20,WILMINGTON 20,2259179.849532211,NEW HANOVER - W30,W30,W30,13703758.916217232,2199370.9115200127,0.973526260857637,0.16049398745020568,0.15979656836175396,1,2,True,False
NEW HANOVER,NEW HANOVER - W21,W21,WILMINGTON 21,3328083.9567996906,NEW HANOVER - W21,W21,W21,3530010.8118116427,3170719.6470594336,0.9527162440061819,0.8982181120947285,0.8598852957832448,1,1,True,True
NEW HANOVER,NEW HANOVER - W22,W22,WILMINGTON 22,2588691.0523690893,NEW HANOVER - W35,W35,W35,6807607.575902481,2520418.5688435375,0.9736266390448288,0.3702355843432128,0.3665594145127071,1,2,True,False
NEW HANOVER,NEW HANOVER - W23,W23,WILMINGTON 23,1708934.9336059534,NEW HANOVER - W35,W35,W35,6807607.575902481,1544121.7343606113,0.9035579436031678,0.22682296491743767,0.22146135239921375,1,3,True,False
NEW HANOVER,NEW HANOVER - W24,W24,WILMINGTON 24,4760317.987897732,NEW HANOVER - W34,W34,W34,7123353.850942298,4398551.062919663,0.9240036220484015,0.6174831624204391,0.5876392906136935,1,1,True,True
NEW HANOVER,NEW HANOVER - WB,WB,WRIGHTSVILLE BEACH,72482574.60592882,NEW HANOVER - WB,WB,WB,72166318.27276573,72088084.9496565,0.9945574552446975,0.9989159302430598,0.9934851472458267,1,1,True,True
NORTHAMPTON,NORTHAMPTON - CONWAY,CONWAY,CONWAY,36343669.86317291,NORTHAMPTON - COMIPE,COMIPE,CONWAY/MILWAUKEE/PENDLETON,99154188.48158483,36323184.87311264,0.9994363532869027,0.36633031271148647,0.36625464548161846,1,2,True,False
NORTHAMPTON,NORTHAMPTON - CREEKS,CREEKS,CREEKSVILLE,80229070.79693735,NORTHAMPTON - CREEKS,CREEKS,CREEKSVILLE,80185766.91066472,80126504.6389487,0.9987215836233695,0.9992609377698906,0.9979844091473874,1,1,True,True
NORTHAMPTON,NORTHAMPTON - GALATI,GALATI,GALATIA,142819771.63793567,NORTHAMPTON - GALATI,GALATI,GALATIA,142969063.6364865,142724103.1976678,0.9993301456852179,0.9982866192686165,0.9976190576521416,1,1,True,True
NORTHAMPTON,NORTHAMPTON - GARYSB,GARYSB,GARYSBURG,189409279.43969256,NORTHAMPTON - GAPL,GAPL,GARYSBURG/PLEASA PLEASANT HILL,248426160.63864738,188987588.46545935,0.9977736519800896,0.7607394808164127,0.7594503518537798,1,1,True,True
NORTHAMPTON,NORTHAMPTON - GASTON,GASTON,GASTON,117246735.93379726,NORTHAMPTON - GASTON,GASTON,GASTON,117385319.90518032,117100757.22242762,0.9987549443470046,0.9975758239362251,0.9963367936950396,1,1,True,True
NORTHAMPTON,NORTHAMPTON - JACKSO,JACKSO,JACKSON,32239489.255069632,NORTHAMPTON - JARE,JARE,JACKSON/REHOBOTH,143493599.28695217,31634369.02244102,0.981230464668932,0.22045839800268724,0.2195326171385055,1,2,True,False
NORTHAMPTON,NORTHAMPTON - LAKE G,LAKE G,LAKE GASTON,61095533.89779976,NORTHAMPTON - LAKE G,LAKE G,LAKE GASTON,61315156.268663794,60920137.64454129,0.9971291477123047,0.9935575696424608,0.9907235363159632,1,1,True,True
NORTHAMPTON,NORTHAMPTON - LASKER,LASKER,LASKER,34663403.37832161,NORTHAMPTON - LASKER,LASKER,LASKER,34715197.94526333,34633168.6791724,0.9991277631102974,0.997637079119633,0.9967689576241842,1,1,True,True
NORTHAMPTON,NORTHAMPTON - MILWAU,MILWAU,MILWAUKEE,23366841.780512057,NORTHAMPTON - COMIPE,COMIPE,CONWAY/MILWAUKEE/PENDLETON,99154188.48158483,23319604.593311477,0.9979784522168513,0.235185270036701,0.23507328081323325,1,3,True,False
NORTHAMPTON,NORTHAMPTON - NEWTOW,NEWTOW,NEWTOWN,46931999.09514434,NORTHAMPTON - NEWTOW,NEWTOW,NEWTOWN,47082565.63075989,46863573.446714,0.9985420257020882,0.9953487627296416,0.9939043098632991,1,1,True,True
NORTHAMPTON,NORTHAMPTON - PENDLE,PENDLE,PENDLETON,39552508.803479046,NORTHAMPTON - COMIPE,COMIPE,CONWAY/MILWAUKEE/PENDLETON,99154188.48158483,39457232.222338215,0.9975911368450932,0.39793812875253687,0.3975561197977364,1,1,True,True
NORTHAMPTON,NORTHAMPTON - PLEASA,PLEASA,PLEASANT HILL,58651590.39908771,NORTHAMPTON - GAPL,GAPL,GARYSBURG/PLEASA PLEASANT HILL,248426160.63864738,58627502.35904933,0.9995893028667342,0.23599568663916595,0.23597280610844043,1,2,True,False
NORTHAMPTON,NORTHAMPTON - POTECA,POTECA,POTECASI,23730645.806478087,NORTHAMPTON - WOPO,WOPO,WOODLAND/POTECASI,78969879.4353774,23701376.63518299,0.9987666087331216,0.3001318579266452,0.3000206591236745,1,2,True,False
NORTHAMPTON,NORTHAMPTON - REHOBE,REHOBE,REHOBETH,112304185.15202145,NORTHAMPTON - JARE,JARE,JACKSON/REHOBOTH,143493599.28695217,111805820.38474293,0.9955623669179924,0.779169391111018,0.776472639421977,1,1,True,True
NORTHAMPTON,NORTHAMPTON - RICH S,RICH S,RICH SQUARE,176024220.8312592,NORTHAMPTON - RICH S,RICH S,RICH SQUARE,175753726.72930026,175547644.50850704,0.9972925525788351,0.9988274375478216,0.9961263271314711,1,1,True,True
NORTHAMPTON,NORTHAMPTON - SEABOA,SEABOA,SEABOARD,122940476.33159696,NORTHAMPTON - SEABOA,SEABOA,SEABOARD,123146991.71089129,122694472.80149396,0.9979990029529455,0.9963253758527882,0.9943390430053499,1,1,True,True
NORTHAMPTON,NORTHAMPTON - SEVERN,SEVERN,SEVERN,73253051.33201312,NORTHAMPTON - SEVERN,SEVERN,SEVERN,73327032.15020487,73023706.7228624,0.9968691459948714,0.9958633887333509,0.9927583431925169,1,1,True,True
NORTHAMPTON,NORTHAMPTON - WOODLA,WOODLA,WOODLAND,55279797.73030011,NORTHAMPTON - WOPO,WOPO,WOODLAND/POTECASI,78969879.4353774,55179823.86923152,0.9981914937251336,0.6987451958108439,0.6978617206023288,1,1,True,True
ONSLOW,ONSLOW - 133PND1,133PND1,PRECINCTS NOT DEFINED 1,208914977.57790658,ONSLOW - ML23,ML23,MILLS,124894088.74769527,61406916.58235655,0.2939325714905111,0.4916719213701755,0.22542743014413108,1,2,True,False
ONSLOW,ONSLOW - 133PND2,133PND2,PRECINCTS NOT DEFINED 2,546981417.4512749,ONSLOW - JA01,JA01,JACKSONVILLE,522956222.9841342,441529764.6981828,0.8072116357362621,0.8442958421618749,0.7026165357653983,1,1,True,True
ONSLOW,ONSLOW - BC21,BC21,BEAR CREEK,35604592.99761415,ONSLOW - BC21,BC21,BEAR CREEK,35590779.461467154,35427740.798370786,0.9950328824358358,0.9954190757953788,0.9904972499838983,1,1,True,True
ONSLOW,ONSLOW - BM08,BM08,BRYNN MARR,15268503.933579639,ONSLOW - BM08,BM08,BRYNN MARR,15352754.658863591,15177323.064792532,0.9940281726891019,0.9885732822565638,0.9827367536998052,1,1,True,True
ONSLOW,ONSLOW - CL10,CL10,CATHERINE LAKE,76868709.10056831,ONSLOW - CL10,CL10,CATHERINE LAKE,77641687.3690336,76553655.64113957,0.9959014082177892,0.98598650074769,0.9820017464505068,1,1,True,True
ONSLOW,ONSLOW - CR07,CR07,CROSS ROADS,64109530.78583492,ONSLOW - CR07,CR07,CROSS ROADS,64365143.821774535,64023887.96511526,0.998664117180864,0.9946981264020134,0.9933763620334547,1,1,True,True
ONSLOW,ONSLOW - EN03,EN03,NORTHWOODS EAST,34507441.09302601,ONSLOW - EN03,EN03,EAST NORTHWOODS,53879463.61066799,34277317.49428073,0.9933311891158517,0.6361852029925167,0.6334795599460352,1,1,True,True
ONSLOW,ONSLOW - FS16,FS16,FOLKSTONE,83173132.87036897,ONSLOW - FS16,FS16,FOLKSTONE,188070567.17519268,82802427.60772176,0.9955429686263594,0.4402731849614146,0.4394070711607795,1,2,True,False
ONSLOW,ONSLOW - GB12,GB12,GUM BRANCH,66290499.24787151,ONSLOW - GB12,GB12,GUM BRANCH,126254972.94854349,66234666.98100222,0.9991577636689607,0.5246103613518402,0.5243784715649971,1,1,True,True
ONSLOW,ONSLOW - HM05,HM05,HALF MOON,26036905.611538723,ONSLOW - HM05,HM05,HALF MOON,46253687.15382094,25541999.269728724,0.9809921213682676,0.5522154198169419,0.5463693634358399,1,1,True,True
ONSLOW,ONSLOW - HN14,HN14,HAWS RUN,154902251.78183717,ONSLOW - HN14,HN14,HAWS RUN,153443984.7706349,153388747.92816916,0.9902292972745186,0.9996400194993091,0.9898763156910915,1,1,True,True
ONSLOW,ONSLOW - HR17,HR17,HOLLY RIDGE,174092957.2276875,ONSLOW - HR17,HR17,HOLLY RIDGE,170324745.49322098,169987684.6489865,0.9764190772327915,0.9980210694385102,0.9745322882377742,1,1,True,True
ONSLOW,ONSLOW - HU20,HU20,HUBERT,36624506.88800058,ONSLOW - HU20,HU20,HUBERT,36533463.46686731,36270809.7918555,0.9903426113769477,0.9928106001980891,0.9832909131050082,1,1,True,True
ONSLOW,ONSLOW - JA01,JA01,JACKSONVILLE,81176286.55893897,ONSLOW - JA01,JA01,JACKSONVILLE,522956222.9841342,80867110.57358247,0.9961913016908945,0.15463456981567628,0.15454320261351254,1,2,True,False
ONSLOW,ONSLOW - ML23,ML23,MILLS,63802159.01207514,ONSLOW - ML23,ML23,MILLS,124894088.74769527,63142919.77073711,0.9896674461876241,0.5055717240412815,0.5029171331583696,1,1,True,True
ONSLOW,ONSLOW - MT24,MT24,MORTONS,108153049.17842431,ONSLOW - MT24,MT24,MORTONS,121335348.20385428,107819619.70978974,0.9969170590088079,0.8886084830666419,0.8861732793931847,1,1,True,True
ONSLOW,ONSLOW - NE22,NE22,NORTHEAST,75437664.77785306,ONSLOW - NE22B,NE22B,0NE22B,73473157.26249525,49417336.677504465,0.6550751116571198,0.6725903516157975,0.4966891701228866,1,1,True,True
ONSLOW,ONSLOW - NM13,NM13,NINE MILE,73610498.16449755,ONSLOW - NM13,NM13,NINE MILE,72225800.58862813,71966493.24379227,0.977666162277133,0.9964097684937716,0.974234232073338,1,1,True,True
ONSLOW,ONSLOW - NR02,NR02,NEW RIVER,8546035.425782582,ONSLOW - NR02,NR02,NEW RIVER,8682280.303293193,8543785.415255332,0.9997367187923816,0.9840485583049733,0.9837936084647975,1,1,True,True
ONSLOW,ONSLOW - RL09,RL09,RICHLANDS,182534404.02891368,ONSLOW - RL09,RL09,RICHLANDS,190151516.43183106,180977956.50161722,0.9914731278436151,0.9517565775842627,0.944029412049893,1,1,True,True
ONSLOW,ONSLOW - SF18,SF18,SNEADS FERRY,51351551.62472897,ONSLOW - SF18,SF18,SNEADS FERRY,51427208.48357015,51297406.72690104,0.9989456034702979,0.997476010063611,0.9964269265973977,1,1,True,True
ONSLOW,ONSLOW - SW19,SW19,SWANSBORO,98941991.39195919,ONSLOW - SW19,SW19,SWANSBORO,98939942.07849763,97601170.44316494,0.9864484135610069,0.9864688455722914,0.9732790965761032,1,1,True,True
ONSLOW,ONSLOW - TL06,TL06,TAR LANDING,46485672.41107497,ONSLOW - TL06,TL06,TAR LANDING,46446765.46271813,46398702.41424958,0.9981291010258748,0.9989652013872283,0.9970981688024736,1,1,True,True
ONSLOW,ONSLOW - VR15,VR15,VERONA,25223764.360918272,ONSLOW - VR15,VR15,VERONA,25267710.863377664,25114276.88850998,0.9956593523931768,0.993927666194326,0.9896394612282629,1,1,True,True
ONSLOW,ONSLOW - WN04,WN04,NORTHWOODS WEST,14527327.475060957,ONSLOW - WN04,WN04,WEST NORTHWOODS,14662782.119795775,14501408.165090702,0.9982158239349427,0.9889943154452792,0.9872491611616678,1,1,True,True
ORANGE,ORANGE - BC,BC,BOOKER CREEK,1888885.0284237822,ORANGE - CF1,CF1,CEDAR FALLS,6206306.668104631,1655526.3825273504,0.8764569349722876,0.26674904593990006,0.2570826746116634,1,2,True,False
ORANGE,ORANGE - BP,BP,BATTLE PARK,1271809.0991564044,ORANGE - EA1,EA1,EAST FRANKLIN,2022815.233064784,1258935.9729089404,0.9898780986423177,0.6223682481377778,0.6184325646653835,1,1,True,True
ORANGE,ORANGE - CA,CA,CARR,62952746.79280294,ORANGE - CA,CA,CARR,62599581.743393,62272386.86699967,0.9891925299456346,0.9947732098636928,0.9840778171468029,1,1,True,True
ORANGE,ORANGE - CB,CB,CARRBORO,3043348.6641177633,ORANGE - CB1,CB1,CARRBORO,4356178.413356535,2958769.474133965,0.9722085113082773,0.6792121886151503,0.666275833634419,1,1,True,True
ORANGE,ORANGE - CC,CC,COUNTRY CLUB,1864704.966202998,ORANGE - UNC,UNC,UNC,6354102.424576059,1863183.7573505389,0.9991842093628588,0.2932253263882269,0.2931551433522269,1,2,True,False
ORANGE,ORANGE - CF,CF,CEDAR FALLS,4310578.548695056,ORANGE - CF1,CF1,CEDAR FALLS,6206306.668104631,4282281.024845235,0.9934353304248713,0.6899886283178169,0.6868569187393444,1,1,True,True
ORANGE,ORANGE - CG,CG,CEDAR GROVE,71057054.279956,ORANGE - CG,CG,CEDAR GROVE,70293181.52003054,70015039.52433313,0.9853355199398296,0.9960431155670746,0.9814936129674484,1,1,True,True
ORANGE,ORANGE - CH,CH,COKER HILLS,2032977.3393317456,ORANGE - CH,CH,COKER HILLS,1985013.2314878264,1943802.8391951537,0.9561360087929439,0.979239235467572,0.9371393001504484,1,1,True,True
ORANGE,ORANGE - CO,CO,COLONIAL HEIGHTS,6219744.994090591,ORANGE - CO,CO,COLONIAL HEIGHTS,6232698.5599119505,6181539.5505584655,0.9938573939014502,0.9917918364153636,0.9857493508373704,1,1,True,True
ORANGE,ORANGE - CP,CP,CAMERON PARK,28102287.320079025,ORANGE - HN,HN,HILLSBOROUGH NORTH,21882145.97292642,20496536.982964188,0.7293547585473391,0.9366785601523466,0.6950830526348766,1,1,True,True
ORANGE,ORANGE - CS1,CS1,COLES STORE,43385297.65857122,ORANGE - CS1,CS1,COLES STORE,43579344.32368505,43228061.4693634,0.9963758185907765,0.9919392349799367,0.9883731412569037,1,1,True,True
ORANGE,ORANGE - CW,CW,CALDWELL,113225078.19077873,ORANGE - CW,CW,CALDWELL,112743019.77940762,112018370.62122487,0.989342400209955,0.9935725585530651,0.983050799921425,1,1,True,True
ORANGE,ORANGE - CX,CX,CHEEKS,64947270.99270591,ORANGE - CX,CX,CHEEKS,63911426.835029885,63222337.032898076,0.9734410093997397,0.9892180501006415,0.9632212430319643,1,1,True,True
ORANGE,ORANGE - DA,DA,DOGWOOD ACRES,4527295.319004369,ORANGE - DA,DA,DOGWOOD ACRES,4548032.532476437,4492453.80644229,0.9923041219741455,0.9877796111533343,0.9802699708288695,1,1,True,True
ORANGE,ORANGE - DM,DM,DAMASCUS,8534785.93522784,ORANGE - DM,DM,DAMASCUS,8515248.261595689,8409778.79023118,0.9853532184702272,0.9876140462233869,0.9733252542297162,1,1,True,True
ORANGE,ORANGE - EA,EA,FRANKLIN EAST,946125.7765579213,ORANGE - EA1,EA1,EAST FRANKLIN,2022815.233064784,700392.3879373972,0.7402740790822536,0.3462463484004058,0.30874030260681595,1,2,True,False
ORANGE,ORANGE - EF,EF,EFLAND,67386816.51893295,ORANGE - EF,EF,EFLAND,66622989.436590366,65391701.28805021,0.9703930926856859,0.9815185695065206,0.9529802900406793,1,1,True,True
ORANGE,ORANGE - EH,EH,ESTES HILLS,4096667.2625283655,ORANGE - EH,EH,ESTES HILLS,4101250.305063451,3994559.172162109,0.9750753273764202,0.9739857055860209,0.9503256197485742,1,1,True,True
ORANGE,ORANGE - ENO,ENO,ENO,42467104.01928398,ORANGE - ENO,ENO,ENO,41038346.86945127,40502291.10712265,0.9537332964529646,0.9869376862563717,0.9418445368389121,1,1,True,True
ORANGE,ORANGE - ES,ES,EASTSIDE,2050259.4924855332,ORANGE - ES,ES,EASTSIDE,2333030.2853900753,2039978.4324313293,0.9949854835000714,0.8743900347998489,0.8705537300441653,1,1,True,True
ORANGE,ORANGE - GB,GB,GRADY BROWN,18143951.78562288,ORANGE - GB,GB,GRADY BROWN,18780153.797491003,16651281.924076965,0.9177318216460046,0.8866424686203341,0.8213597772135905,1,1,True,True
ORANGE,ORANGE - GL,GL,GLENWOOD,5123055.369051016,ORANGE - GL,GL,GLENWOOD,4980500.349643,4933407.658727333,0.9629815224193423,0.9905445863648934,0.9542101312199411,1,1,True,True
ORANGE,ORANGE - GR,GR,GREENWOOD,2493040.247807152,ORANGE - UNC,UNC,UNC,6354102.424576059,2456350.838591673,0.9852832663861922,0.3865771551133847,0.3843578233300654,1,1,True,True
ORANGE,ORANGE - H,H,HILLSBOROUGH,4712996.873159961,ORANGE - H,H,HILLSBOROUGH,4573261.86814062,2895075.477397554,0.6142748563837832,0.6330438887757422,0.4529795748071794,1,1,True,True
ORANGE,ORANGE - HF,HF,HOGAN FARM,21856424.76692885,ORANGE - HF,HF,HOGAN FARMS,15108003.0980188,15000529.412873907,0.6863212795704511,0.9928863077107134,0.6829629742463873,1,1,True,True
ORANGE,ORANGE - KM,KM,KINGS MILL,17510908.09954607,ORANGE - KM,KM,KINGS MILL,17736955.767576322,17373121.919952966,0.9921314086733928,0.9794872438996294,0.9719369360017027,1,1,True,True
ORANGE,ORANGE - LC,LC,LIONS CLUB,1689064.2710314167,ORANGE - CB1,CB1,CARRBORO,4356178.413356535,1196596.1856167647,0.7084373319234741,0.2746894346539769,0.24678973522198888,1,2,True,False
ORANGE,ORANGE - LI,LI,LINCOLN,1120173.163654578,ORANGE - WW1,WW1,WESTWOOD,2642755.4402498603,988451.4194194706,0.8824094805080283,0.37402303836559964,0.35626583089129243,1,2,True,False
ORANGE,ORANGE - MF,MF,MASON FARM,1529837.2480910094,ORANGE - UNC,UNC,UNC,6354102.424576059,1497134.4945908065,0.9786233773945492,0.23561699112690873,0.2344105468771714,1,3,True,False
ORANGE,ORANGE - NC,NC,CARRBORO NORTH,4921906.798771099,ORANGE - NC,NC,NORTH CARRBORO,4768811.768090603,4760255.24656806,0.9671567222192422,0.9982057330130333,0.965478280098949,1,1,True,True
ORANGE,ORANGE - NS,NS,NORTHSIDE,1200974.2151176964,ORANGE - NS,NS,NORTHSIDE,1193593.5626813532,1175638.6563876963,0.9789041609627587,0.9849572694968947,0.9644848381556982,1,1,True,True
ORANGE,ORANGE - OG,OG,ORANGE GROVE,121538608.91431466,ORANGE - OG,OG,ORANGE GROVE,124275808.7396032,121311272.09246506,0.9981295094301279,0.9761455050890091,0.9743631098267129,1,1,True,True
ORANGE,ORANGE - OW,OW,OWASA,1318555.8740232452,ORANGE - OW1,OW1,OWASA,1733565.4856578119,1301421.2163141214,0.987004981702564,0.7507193856136847,0.7433718568225146,1,1,True,True
ORANGE,ORANGE - PA,PA,PATTERSON,47453655.55172901,ORANGE - PA,PA,PATTERSON,44136902.910804,43780381.257304266,0.9225923851025445,0.9919223681321675,0.9157125912621851,1,1,True,True
ORANGE,ORANGE - RF,RF,RIDGEFIELD,3255058.4704079865,ORANGE - RF,RF,RIDGEFIELD,3310595.096297311,3221821.2837668513,0.9897890661739882,0.973184938070576,0.9635116271249179,1,1,True,True
ORANGE,ORANGE - SJ,SJ,ST JOHN,34939938.0334324,ORANGE - SJ,SJ,ST JOHN,35339015.34130368,34740254.44394704,0.9942849472344715,0.9830566615517209,0.977533097415948,1,1,True,True
ORANGE,ORANGE - SM,SM,ST MARYS,52476677.727035195,ORANGE - SM,SM,ST MARYS,51064962.317215145,50385924.056027666,0.960158421577622,0.986702462307339,0.9478928675740406,1,1,True,True
ORANGE,ORANGE - TH,TH,TOWN HALL,1688721.235276198,ORANGE - TH1,TH1,TOWN HALL,1750541.675523942,1627791.7983420189,0.963919778077396,0.9298789175383763,0.8986021290359666,1,1,True,True
ORANGE,ORANGE - TO,TO,TOLARS,69738032.62780283,ORANGE - TO,TO,TOLARS,69487254.02470472,68472840.98777552,0.9818579390276215,0.9854014516594863,0.9677805529471214,1,1,True,True
ORANGE,ORANGE - WC,WC,WHITE CROSS,68782259.2726705,ORANGE - WC,WC,WHITE CROSS,68853090.16124173,68242030.38253118,0.9921458106225077,0.9911251655186492,0.9834092289490087,1,1,True,True
ORANGE,ORANGE - WD,WD,WEAVER DAIRY,4531988.771882275,ORANGE - WD,WD,WEAVER DAIRY,4162105.9344968423,3987552.8886674587,0.879868218872772,0.9580613639882077,0.8472362603178196,1,1,True,True
ORANGE,ORANGE - WH,WH,HILLSBOROUGH WEST,17175445.54345157,ORANGE - WH,WH,WEST HILLSBOROUGH,14415567.128086884,13880507.49505806,0.8081599665023094,0.9628832061704788,0.7837443007267471,1,1,True,True
ORANGE,ORANGE - WW,WW,WESTWOOD,1629368.7220474056,ORANGE - WW1,WW1,WESTWOOD,2642755.4402498603,1613615.7673382338,0.9903318662645143,0.6105808137833874,0.6069628256197777,1,1,True,True
PAMLICO,PAMLICO - 1AL,1AL,ALLIANCE,110555088.86235085,PAMLICO - 1CR,1CR,CROSSROADS,110548054.5207891,110074723.47617216,0.995654968114794,0.9957183231611921,0.9914103395185236,1,1,True,True
PAMLICO,PAMLICO - 1RB,1RB,REELSBORO,152655577.36213848,PAMLICO - 1RB,1RB,REELSBORO,150393317.34023088,149695366.45966873,0.9806085637117118,0.9953591629408426,0.9761455649247118,1,1,True,True
PAMLICO,PAMLICO - 2OT,2OT,ORIENTAL,217323078.10694507,PAMLICO - 2OT,2OT,ORIENTAL,217546778.4702819,217136925.07368377,0.9991434272195902,0.9981160217610204,0.9972626720921646,1,1,True,True
PAMLICO,PAMLICO - 2SW,2SW,STONEWALL,114761409.66836102,PAMLICO - 3CH,3CH,COURTHOUSE,260881544.07337815,114454633.74462628,0.9973268372650592,0.43872261700671944,0.4382073200895486,1,2,True,False
PAMLICO,PAMLICO - 3BY,3BY,BAYBORO,146053107.3401783,PAMLICO - 3CH,3CH,COURTHOUSE,260881544.07337815,145845401.32460198,0.9985778733547068,0.5590483674980858,0.558603624143513,1,1,True,True
PAMLICO,PAMLICO - 4HB,4HB,HOBUCKEN,463262026.8677051,PAMLICO - 4BR,4BR,BAY RIVER,507809486.74864966,451699505.198818,0.975041076111794,0.8895058422222735,0.8697032144167559,1,1,True,True
PAMLICO,PAMLICO - 4VM,4VM,VANDEMERE,54691083.61436046,PAMLICO - 4BR,4BR,BAY RIVER,507809486.74864966,54600269.31200223,0.9983395044245497,0.10752116834522178,0.1075019431943963,1,2,True,False
PAMLICO,PAMLICO - 5AP,5AP,ARAPAHOE,207259107.27733666,PAMLICO - 5AP,5AP,ARAPAHOE,207428826.24182206,207240491.09175485,0.9999101791673893,0.9990920492899688,0.9990023914817777,1,1,True,True
PASQUOTANK,PASQUOTANK - 1-A,1-A,ELIZABETH CITY 1 A,1711352.7724291482,PASQUOTANK - EAST,EAST,EAST ELIZABETH CITY,6500426.4982901905,1669220.8841737187,0.9753809448675937,0.25678636388131987,0.2551327455642386,1,2,True,False
PASQUOTANK,PASQUOTANK - 1-B,1-B,ELIZABETH CITY 1 B,4852012.477722708,PASQUOTANK - EAST,EAST,EAST ELIZABETH CITY,6500426.4982901905,4768542.8270711005,0.9827969010725248,0.7335738398588727,0.7242737004345866,1,1,True,True
PASQUOTANK,PASQUOTANK - 2-A,2-A,ELIZABETH CITY 2 A,5230092.145277678,PASQUOTANK - NORTH,NORTH,NORTH ELIZABETH CITY,6652390.020459097,5043218.023189204,0.9642694398305763,0.7581061855482069,0.737391906216192,1,1,True,True
PASQUOTANK,PASQUOTANK - 2-B,2-B,ELIZABETH CITY 2 B,1145416.620270305,PASQUOTANK - NORTH,NORTH,NORTH ELIZABETH CITY,6652390.020459097,1022695.854418339,0.8928592761095038,0.15373359819149032,0.15094894927543762,1,2,True,False
PASQUOTANK,PASQUOTANK - 3-A,3-A,ELIZABETH CITY 3 A,4035620.274373018,PASQUOTANK - WEST,WEST,WEST ELIZABETH CITY,5932537.6307846205,3859455.99011881,0.9563476560535474,0.6505573551007328,0.6317964182566074,1,1,True,True
PASQUOTANK,PASQUOTANK - 3-B,3-B,ELIZABETH CITY 3 B,1908960.2756105552,PASQUOTANK - WEST,WEST,WEST ELIZABETH CITY,5932537.6307846205,1894158.1630168103,0.9922459818662226,0.3192829579685775,0.3184883064946346,1,2,True,False
PASQUOTANK,PASQUOTANK - 4-A,4-A,ELIZABETH CITY 4 A,3649655.769869916,PASQUOTANK - SOUTH,SOUTH,SOUTH ELIZABETH CITY,6507626.822242963,3549959.587660751,0.9726834012587662,0.5455075536180173,0.5372765317010726,1,1,True,True
PASQUOTANK,PASQUOTANK - 4-B,4-B,ELIZABETH CITY 4 B,2708947.2066869996,PASQUOTANK - SOUTH,SOUTH,SOUTH ELIZABETH CITY,6507626.822242963,2697874.8294019387,0.995912664057192,0.41457122590076095,0.4138670533528029,1,2,True,False
PASQUOTANK,PASQUOTANK - MH,MH,MT HERMON,86277013.57328965,PASQUOTANK - MH,MH,MT HERMON,86246066.91709214,85928087.26707512,0.995955744273437,0.9963131112944235,0.9922985621753933,1,1,True,True
PASQUOTANK,PASQUOTANK - NEW,NEW,NEWLAND,161336219.34262285,PASQUOTANK - NEW,NEW,NEWLAND,161301669.4857324,161124070.4737979,0.9986850511950176,0.9988989635848113,0.9975869068991738,1,1,True,True
PASQUOTANK,PASQUOTANK - NIX,NIX,NIXONTON,111813736.9536338,PASQUOTANK - NIX,NIX,NIXONTON,111667029.08164418,111434425.84656923,0.9966076519987712,0.9979169927149679,0.994538738694107,1,1,True,True
PASQUOTANK,PASQUOTANK - PRO,PRO,PROVIDENCE,121093580.90257977,PASQUOTANK - PRO,PRO,PROVIDENCE,120978496.37588552,120379615.1384597,0.994104016424335,0.9950496885366713,0.9892117639954111,1,1,True,True
PASQUOTANK,PASQUOTANK - SAL,SAL,SALEM,243878700.103431,PASQUOTANK - SAL,SAL,SALEM,243575724.1742956,243322052.66404325,0.9977175233460255,0.9989585517558768,0.9966808213745518,1,1,True,True
PENDER,PENDER - CL05,CL05,COLUMBIA,254608657.50643623,PENDER - CL05,CL05,COLUMBIA,255526446.46327144,254519395.87569326,0.999649416356784,0.9960589183565274,0.99571109214494,1,1,True,True
PENDER,PENDER - CS04,CS04,CASWELL,127857460.4361871,PENDER - CS04,CS04,CASWELL,127847740.58998737,127675136.63393664,0.9985740073232453,0.9986499256439403,0.9972277780224039,1,1,True,True
PENDER,PENDER - CT03,CT03,CANETUCK,118082271.10582508,PENDER - CT03,CT03,CANETUCK,118208620.99012981,117869925.89787167,0.9982017181244498,0.9971347682646055,0.9953467674018989,1,1,True,True
PENDER,PENDER - GR06,GR06,GRADY,135655084.06499746,PENDER - GR06,GR06,GRADY,135298356.32255772,135112232.77554774,0.9959982974969842,0.9986243473160439,0.9946336251769654,1,1,True,True
PENDER,PENDER - LC09,LC09,LONG CREEK,105528363.06953067,PENDER - LC09,LC09,LONG CREEK,105583449.51020823,105519633.03775325,0.9999172731242721,0.9993955826149741,0.9993129557080166,1,1,True,True
PENDER,PENDER - LT14,LT14,TOPSAIL LOWER,184625582.40858856,PENDER - LT18,LT18,LOWER TOPSAIL,159065991.5807515,158975626.62123856,0.8610704136841396,0.9994319027051922,0.8606491690965496,1,1,True,True
PENDER,PENDER - LU16,LU16,UNION LOWER,107942534.68866132,PENDER - LU16,LU16,LOWER UNION,108203834.81919289,107801999.04989767,0.9986980513365838,0.9962863075050281,0.9949940047113999,1,1,True,True
PENDER,PENDER - MH07,MH07,HOLLY MIDDLE,112897723.66449822,PENDER - NB02,NB02,NORTH BURGAW,178837341.84910375,112859791.3140042,0.9996640113789472,0.6310750883852382,0.630941262390853,1,1,True,True
PENDER,PENDER - NB01,NB01,BURGAW NORTH,66248186.47385999,PENDER - NB02,NB02,NORTH BURGAW,178837341.84910375,65765895.76416199,0.9927199409467865,0.3677414072708193,0.36675234510418875,1,2,True,False
PENDER,PENDER - PL10,PL10,PENDERLEA,35092624.38369495,PENDER - UU18,UU18,UPPER UNION,123900975.22579136,35081068.81126296,0.9996707122184524,0.2831379555111076,0.2831115512311524,1,2,True,False
PENDER,PENDER - RP11,RP11,ROCKY POINT,290560612.18835765,PENDER - RP20,RP20,ROCKY POINT,241401141.11057144,241389980.3376916,0.8307732370181307,0.9999537666937758,0.8307413272723267,1,1,True,True
PENDER,PENDER - SB02,SB02,BURGAW SOUTH,144329782.03118223,PENDER - SB02,SB02,SOUTH BURGAW,144374658.86143336,144162416.19143498,0.998840392901646,0.9985299174268382,0.9973737152877831,1,1,True,True
PENDER,PENDER - SC13,SC13,SURF CITY,138050461.12653428,PENDER - SC13,SC13,SURF CITY,138123025.846638,137949446.91112107,0.9992682804925901,0.9987433019624863,0.9980134197292534,1,1,True,True
PENDER,PENDER - SH12,SH12,SCOTTS HILL,22137252.152866364,PENDER - SH12,SH12,SCOTTS HILL,21505995.949421115,21313393.4809831,0.9627840589159757,0.9910442432477442,0.9544797242275148,1,1,True,True
PENDER,PENDER - UH08,UH08,HOLLY UPPER,271501678.3057102,PENDER - UH08,UH08,UPPER HOLLY,273782606.1502988,271091142.93905747,0.9984879085491676,0.990169341839913,0.9886868119285099,1,1,True,True
PENDER,PENDER - UT15,UT15,TOPSAIL UPPER,212067712.42072976,PENDER - SP15,SP15,SLOOP POINT,156353119.2138538,154099603.11155787,0.7266528287240323,0.9855870089856432,0.7190123170416695,1,1,True,True
PENDER,PENDER - UU17,UU17,UNION UPPER,88354782.26469794,PENDER - UU18,UU18,UPPER UNION,123900975.22579136,88001797.87211289,0.9960049203502357,0.7102591219459129,0.7082413964302989,1,1,True,True
PERQUIMANS,PERQUIMANS - BELVID,BELVID,BELVIDERE,69547780.72009952,PERQUIMANS - BELVID,BELVID,BELVIDERE,69750426.66110703,69507559.26521789,0.9994216716268272,0.9965180514655608,0.9959437423435255,1,1,True,True
PERQUIMANS,PERQUIMANS - BETHEL,BETHEL,BETHEL,245392417.4225733,PERQUIMANS - BETHEL,BETHEL,BETHEL,245968042.66562963,245224676.4996179,0.9993164380353834,0.9969777937086638,0.9962983558274888,1,1,True,True
PERQUIMANS,PERQUIMANS - EAST H,EAST H,HERTFORD EAST,30701057.863548428,PERQUIMANS - EAST H,EAST H,EAST HERTFORD,30075303.79696575,30038943.399905104,0.9784334967678929,0.998791021453811,0.9772760726102009,1,1,True,True
PERQUIMANS,PERQUIMANS - NEW HO,NEW HO,NEW HOPE,198961347.0489877,PERQUIMANS - NEW HO,NEW HO,NEW HOPE,198976903.8276831,198900847.89264214,0.9996959250766901,0.9996177650090142,0.999313922462114,1,1,True,True
PERQUIMANS,PERQUIMANS - NICANO,NICANO,NICANOR,93423270.81497806,PERQUIMANS - NICANO,NICANO,NICANOR,93448432.38220583,93363866.48585592,0.9993641377720569,0.9990950528094037,0.9984603405389805,1,1,True,True
PERQUIMANS,PERQUIMANS - PARKVI,PARKVI,PARKVILLE,120404564.47378062,PERQUIMANS - PARKVI,PARKVI,PARKVILLE,120468720.71132094,120345959.76093875,0.9995132683457808,0.9989809724079634,0.9984952319933608,1,1,True,True
PERQUIMANS,PERQUIMANS - WEST H,WEST H,HERTFORD WEST,93494444.82037233,PERQUIMANS - WEST H,WEST H,WEST HERTFORD,93241895.12925267,93228422.17167181,0.9971546689302063,0.9998555053223426,0.9970109952940552,1,1,True,True
PERSON,PERSON - ALVI,ALVI,ALLENSVILLE,121553676.07383674,PERSON - ALVI,ALVI,ALLENSVILLE,125313923.37067455,120340012.8455965,0.9900154132113371,0.9603083967743522,0.951097038048054,1,1,True,True
PERSON,PERSON - BFRK,BFRK,BUSHY FORK,90672072.47742334,PERSON - SWST,SWST,SOUTH WEST,130023718.89675032,90444663.63663813,0.9974919637924695,0.695601267246161,0.6943867988528285,1,1,True,True
PERSON,PERSON - CUCL,CUCL,CUNNINGHAM/CHUB LAKE,155415218.5263678,PERSON - CUCL,CUCL,CUNNINGHAM/CHUB LAKE,156005234.7050924,154958364.1837846,0.9970604272418425,0.9932895167057262,0.9903892062732665,1,1,True,True
PERSON,PERSON - FLRI,FLRI,FLAT RIVER,118476276.03147097,PERSON - FLHE,FLHE,FLAT RIVER,120444379.37853438,115020893.00514816,0.970834810629894,0.9549710297701713,0.9283382855029515,1,1,True,True
PERSON,PERSON - HLWY,HLWY,HOLLOWAY,80594558.1988457,PERSON - HLWY,HLWY,HOLLOWAY,78271533.8420331,78094646.32929856,0.9689816294621372,0.9977400786205168,0.9668595831274329,1,1,True,True
PERSON,PERSON - HUML,HUML,HURDLE MILLS,41774794.250848435,PERSON - SWST,SWST,SOUTH WEST,130023718.89675032,39044992.83926694,0.9346543421569083,0.3002913096976708,0.29411644036694085,1,2,True,False
PERSON,PERSON - MTTZ,MTTZ,MT TIRZAH,124652905.29460582,PERSON - MTTZ,MTTZ,MT TIRZAH,120522590.25749278,120484561.07939614,0.9665603925928707,0.9996844643148194,0.9662656037418087,1,1,True,True
PERSON,PERSON - OLHI,OLHI,OLIVE HILL,100293472.86255236,PERSON - OLHI,OLHI,OLIVE HILL,99053975.6283104,98510401.93138738,0.9822214658614066,0.9945123485102434,0.976926688082681,1,1,True,True
PERSON,PERSON - ROX1,ROX1,ROXBORO 1,18823236.547831368,PERSON - RCOB,RCOB,ROXBORO CENTRAL,47656338.21731677,18533060.10774706,0.9845841367744093,0.3888897217246277,0.386536127603308,1,2,True,False
PERSON,PERSON - ROX2,ROX2,ROXBORO 2,13308258.665988425,PERSON - PNTH,PNTH,PIEDMONT NORTH,38054171.12034282,12595150.097759545,0.9464160874742122,0.3309794886328897,0.3248912536277984,1,2,True,False
PERSON,PERSON - ROX3,ROX3,ROXBORO 3,27066356.652726553,PERSON - PNTH,PNTH,PIEDMONT NORTH,38054171.12034282,25342923.643489964,0.9363256373456906,0.6659696663302768,0.6371153868627414,1,1,True,True
PERSON,PERSON - ROX4,ROX4,ROXBORO 4,30603448.93853689,PERSON - ROXL,ROXL,ROXBORO 4,34146090.09475686,30391971.005057547,0.9930897352810113,0.890057131598919,0.8845786459647089,1,1,True,True
PERSON,PERSON - RX1A,RX1A,ROXBORO 1A,26939328.29841094,PERSON - RCOB,RCOB,ROXBORO CENTRAL,47656338.21731677,26733885.925818685,0.9923738865974482,0.5609723055915458,0.5585643826100181,1,1,True,True
PERSON,PERSON - WDSD,WDSD,WOODSDALE,96421730.4307075,PERSON - WDSD,WDSD,WOODSDALE,97872032.71970047,96048956.4248967,0.9961339212214337,0.9813728575554883,0.9776491972064273,1,1,True,True
PITT,PITT - 0101,0101,ARTHUR,87581682.31860206,PITT - 0101,0101,ARTHUR,85405992.93878335,85034489.57225013,0.9709163756744724,0.9956501487337135,0.9668153451162779,1,1,True,True
PITT,PITT - 0200A,0200A,AYDEN A,54473041.74242924,PITT - 0200A,0200A,AYDEN A,54704673.740162425,54326696.15469694,0.9973134309549982,0.9930905796594125,0.9904409584430252,1,1,True,True
PITT,PITT - 0200B,0200B,AYDEN B,33923976.626616746,PITT - 0200B,0200B,AYDEN B,33948529.058975875,33725053.37998704,0.9941362049379072,0.9934172205635003,0.9876301481633755,1,1,True,True
PITT,PITT - 0301,0301,BELVOIR,140238274.14421937,PITT - 0301,0301,BELVOIR,140429479.21223906,140044404.43154073,0.9986175691774467,0.997257877883914,0.9958830130429757,1,1,True,True
PITT,PITT - 0401,0401,BETHEL,107866009.4446671,PITT - 0401,0401,BETHEL,107980783.66744533,107674824.06245118,0.9982275660034129,0.997166536539164,0.9954041237154347,1,1,True,True
PITT,PITT - 0501,0501,CAROLINA,152538321.92445838,PITT - 0501,0501,CAROLINA,152286766.8351356,151862526.46887702,0.9955696676936302,0.9972142007143807,0.9928084636830989,1,1,True,True
PITT,PITT - 0601,0601,CHICOD,165670103.9617206,PITT - 0601,0601,CHICOD,166690953.19743335,165058285.86227113,0.9963070096244352,0.9902054232467646,0.9865842901631989,1,1,True,True
PITT,PITT - 0701,0701,FALKLAND,108871813.50267234,PITT - 0701,0701,FALKLAND,108778261.54315884,108635792.9359983,0.9978321242286623,0.9986902842062427,0.9965280771793437,1,1,True,True
PITT,PITT - 0800A,0800A,FARMVILLE A,50149135.07807448,PITT - 0800A,0800A,FARMVILLE A,50013735.277021095,49933273.489945255,0.9956956069572653,0.9983912062030527,0.9941006220694826,1,1,True,True
PITT,PITT - 0800B,0800B,FARMVILLE B,44547988.76076177,PITT - 0800B,0800B,FARMVILLE B,44695993.69208921,44482718.63956327,0.9985348357352557,0.9952283183590191,0.9937770931829288,1,1,True,True
PITT,PITT - 0901,0901,FOUNTAIN,69013260.83878194,PITT - 0901,0901,FOUNTAIN,68773114.56778733,68588640.02964565,0.9938472577012667,0.9973176358334062,0.9911977560542957,1,1,True,True
PITT,PITT - 1001,1001,GRIFTON,115357928.54578468,PITT - 1001,1001,GRIFTON,116290244.98577453,114942500.45175846,0.9963987902759424,0.9884105108370789,0.9848921429309037,1,1,True,True
PITT,PITT - 1101,1101,GRIMESLAND,63027055.13037596,PITT - 1101,1101,GRIMESLAND,63418940.34308333,62834350.954872265,0.9969425165890256,0.9907821009772703,0.9877806403277684,1,1,True,True
PITT,PITT - 1102A,1102A,SIMPSON A,11320129.04926527,PITT - 1102A,1102A,SIMPSON A,11256091.941170068,11152846.825007927,0.9852225868159868,0.99082762323711,0.9763180881146105,1,1,True,True
PITT,PITT - 1102B,1102B,SIMPSON B,44691510.66561371,PITT - 1102B,1102B,SIMPSON B,44647617.475920774,44446949.62600919,0.994527796533119,0.99550551941501,0.9900822614486814,1,1,True,True
PITT,PITT - 1201,1201,PACTOLUS,177362883.64209437,PITT - 1201,1201,PACTOLUS,177530381.61161047,176937161.45553493,0.9975997109552046,0.9966584865604956,0.9942741927875055,1,1,True,True
PITT,PITT - 1301,1301,SWIFT CREEK,81489598.03063889,PITT - 1301,1301,SWIFT CREEK,80983259.09231672,80593443.17688742,0.9890028313378779,0.9951864629826157,0.9842943334935469,1,1,True,True
PITT,PITT - 1402,1402,WINTERVILLE EAST,23017657.159467313,PITT - 1513A,1513A,GREENVILE 13A,11768558.155667854,11583116.970781207,0.5032274523220533,0.9842426589193225,0.4992056146501548,1,1,True,True
PITT,PITT - 1403A,1403A,WINTERVILLE CENTRAL A,63661636.99355798,PITT - 1403A1,1403A1,WINTERVILLE WEST,38691316.49296026,38528071.96204854,0.605200773677046,0.9957808483735253,0.603652855153007,1,1,True,True
PITT,PITT - 1403B,1403B,WINTERVILLE CENTRAL B,6701787.002289208,PITT - 1403B,1403B,WINTERVILLE NORTH,6724902.258562882,6650567.572457018,0.9923573474038053,0.9889463544230381,0.9814710948663923,1,1,True,True
PITT,PITT - 1501,1501,GREENVILLE 01,16194668.90618264,PITT - 1501,1501,GREENVILLE 1,16088663.245639246,16013678.391997295,0.9888240682638317,0.9953392738416428,0.9842666985047102,1,1,True,True
PITT,PITT - 1503,1503,GREENVILLE 03,4325159.834976269,PITT - 1503,1503,GREENVILLE 3,4277142.938732212,4235494.289812714,0.9792688481848794,0.9902625071183981,0.9699290237785047,1,1,True,True
PITT,PITT - 1504,1504,GREENVILLE 04,14184941.657399856,PITT - 1504B,1504B,GREENVILLE 4B,7569137.856925375,7529938.452025678,0.5308402835832277,0.994821153262015,0.5293773746369432,1,1,True,True
PITT,PITT - 1505A,1505A,GREENVILLE 05A,4386144.40456295,PITT - 1505A,1505A,GREENVILLE 5A,4395547.087851446,4292459.4381600795,0.9786407017732,0.9765472539297136,0.9561678670836894,1,1,True,True
PITT,PITT - 1505B,1505B,GREENVILLE 05B,3880184.002752058,PITT - 1505B,1505B,GREENVILLE 5B,3914895.6215468133,3813882.6747876923,0.9829128392062487,0.9741977931153092,0.9579738764885696,1,1,True,True
PITT,PITT - 1506,1506,GREENVILLE 06,3649188.785595524,PITT - 1506,1506,GREENVILLE 6,3596321.973923453,3544466.4046464493,0.9713025587049795,0.9855809436271271,0.9576935764036604,1,1,True,True
PITT,PITT - 1507A,1507A,GREENVILLE 07A,1590445.9196229703,PITT - 1507,1507,GREENVILLE 7,3265970.3287693607,1529987.018239278,0.9619861947911913,0.46846323273726354,0.45994876559237124,1,2,True,False
PITT,PITT - 1507B,1507B,GREENVILLE 07B,969018.5463625619,PITT - 1507B,1507B,GREENVILLE 7B,999527.0895749718,953521.2015808519,0.9840071742281065,0.9539723450480138,0.9394071406617808,1,1,True,True
PITT,PITT - 1507C,1507C,GREENVILLE 07C,1735220.7111295841,PITT - 1507,1507,GREENVILLE 7,3265970.3287693607,1673637.5475230913,0.964509895939172,0.5124472603992484,0.5029633787579246,1,1,True,True
PITT,PITT - 1508A,1508A,GREENVILLE 08A,1158560.9597452895,PITT - 1508A,1508A,GREENVILLE 8A,1151295.2399050165,1121179.5708930432,0.9677346379249093,0.9738419234544409,0.9432166358526064,1,1,True,True
PITT,PITT - 1508B,1508B,GREENVILLE 08B,2200543.2601334387,PITT - 1508B,1508B,GREENVILLE 8B,2220974.7997701233,2146868.8131657653,0.9756085472437298,0.9666335761162044,0.9438241154079959,1,1,True,True
PITT,PITT - 1509,1509,GREENVILLE 09,11934868.217391215,PITT - 1509,1509,GREENVILLE 9,11986971.360961016,11827384.074784216,0.9909941072955982,0.986686604866969,0.9779178625523893,1,1,True,True
PITT,PITT - 1510A,1510A,GREENVILLE 10A,3050521.594198154,PITT - 1510A,1510A,GREENVILLE 10A,3036390.10949342,2991304.178773895,0.9805877737312577,0.9851514696420062,0.9663060173797201,1,1,True,True
PITT,PITT - 1510B,1510B,GREENVILLE 10B,2750562.4817708614,PITT - 1510B,1510B,GREENVILLE 10B,2730009.201643922,2675437.9113498833,0.9726875608466049,0.9800105837514476,0.9537648214831673,1,1,True,True
PITT,PITT - 1511A,1511A,GREENVILLE 11A,4680322.413249666,PITT - 1511A,1511A,GREENVILLE 11A,4675624.878013555,4605154.663804286,0.9839396215028723,0.9849281719453918,0.9693444915248708,1,1,True,True
PITT,PITT - 1511B,1511B,GREENVILLE 11B,3928458.1485752235,PITT - 1511B,1511B,GREENVILLE 11B,3838556.474875106,3779473.9353787205,0.9620756521867143,0.9846081359273715,0.94782078254015,1,1,True,True
PITT,PITT - 1512A,1512A,GREENVILLE 12A,9903690.398872444,PITT - 1512A,1512A,GREENVILLE 12A,12235312.798202286,9828026.358642977,0.9923600155919573,0.8032509279278085,0.7983140970554315,1,1,True,True
PITT,PITT - 1512B,1512B,GREENVILLE 12B,3826256.298599663,PITT - 1512B,1512B,GREENVILLE 12B,3838663.5826680167,3796844.001628666,0.9923130353338429,0.9891056926092272,0.981584674079094,1,1,True,True
POLK,POLK - CG05,CG05,COOPERS GAP,127782261.17436723,POLK - CG05,CG05,COOPERS GAP,127150920.2081531,126764991.2688276,0.9920390365909123,0.9969647963326281,0.9890518946735505,1,1,True,True
POLK,POLK - CL07,CL07,COLUMBUS 1,59906886.34821104,POLK - CL07,CL07,COLUMBUS 1,60166070.95668523,58724045.95608105,0.9802553518596394,0.9760325881734521,0.9572141487921471,1,1,True,True
POLK,POLK - CL08,CL08,COLUMBUS 2,54642026.10358766,POLK - CL08,CL08,COLUMBUS 2,53005634.13374305,52761753.21627514,0.9655892538876947,0.9953989623659147,0.961298739146908,1,1,True,True
POLK,POLK - GC09,GC09,GREEN CREEK,133359408.64861712,POLK - GC09,GC09,GREEN CREEK,133720905.26639788,132932073.18997686,0.9967956107261526,0.9941009068488617,0.9909341521850142,1,1,True,True
POLK,POLK - SA04,SA04,SALUDA,86449461.35316673,POLK - SA04,SA04,SALUDA,85558965.2121093,84719428.52732275,0.9799879282211328,0.9901876246083009,0.9705625042286169,1,1,True,True
POLK,POLK - TR123,TR123,123,44001944.13043906,POLK - TR123,TR123,TRYON,45074266.084515765,43223729.03041832,0.9823140746301163,0.9589447102560111,0.9426693586430234,1,1,True,True
POLK,POLK - WO06,WO06,WHITE OAK,111835800.80338325,POLK - WO06,WO06,WHITE OAK,112893888.59849048,110021707.82228675,0.9837789601535039,0.9745585805231788,0.9591460533716326,1,1,True,True
RANDOLPH,RANDOLPH - 01,01,ARCHDALE 1,7956978.12082977,RANDOLPH - AR,AR,ARCHDALE,23518415.291085754,7386059.427172421,0.9282493070877248,0.31405429897192,0.30661119281464383,1,2,True,False
RANDOLPH,RANDOLPH - 02,02,ARCHDALE 2,6064787.848381568,RANDOLPH - AR,AR,ARCHDALE,23518415.291085754,5962289.617964666,0.9830994532736617,0.2535157894003415,0.25241570833139276,1,3,True,False
RANDOLPH,RANDOLPH - 03,03,ARCHDALE 3,9528958.974070977,RANDOLPH - AR,AR,ARCHDALE,23518415.291085754,9424828.576931385,0.9890722168682918,0.40074250157933483,0.3989759910435559,1,1,True,True
RANDOLPH,RANDOLPH - 04,04,ASHEBORO ARMORY,16495359.440122444,RANDOLPH - AS,AS,ASHEBORO SOUTH,27321787.07868794,16286505.717672002,0.987338637681187,0.5960995768968609,0.5915774295016977,1,1,True,True
RANDOLPH,RANDOLPH - 05,05,ASHEBORO EASTSIDE,14829973.44538962,RANDOLPH - AE,AE,ASHEBORO EAST,18794949.70931432,14736912.549465362,0.9937248103466303,0.784088958863354,0.7802257663587975,1,1,True,True
RANDOLPH,RANDOLPH - 06,06,ASHEBORO LINDLEY PARK,3960118.451853104,RANDOLPH - AE,AE,ASHEBORO EAST,18794949.70931432,3947378.938496852,0.9967830473984204,0.21002338391683095,0.20988112318118946,1,2,True,False
RANDOLPH,RANDOLPH - 07,07,ASHEBORO LOFLIN,9266577.369163593,RANDOLPH - AW,AW,ASHEBORO WEST,28257757.50920178,9240092.98463876,0.9971419453515852,0.3269931445065958,0.32668695945102183,1,2,True,False
RANDOLPH,RANDOLPH - 08,08,ASHEBORO MCCRARY,6807930.557505256,RANDOLPH - AW,AW,ASHEBORO WEST,28257757.50920178,6793132.79715368,0.9978263937584877,0.24039886374357847,0.24027303978672163,1,3,True,False
RANDOLPH,RANDOLPH - 09,09,ASHEBORO NORTH 1,10431735.745098034,RANDOLPH - AN,AN,ASHEBORO NORTH,16173664.888548397,10300602.892982692,0.9874294311781275,0.6368750041480044,0.6317528777001176,1,1,True,True
RANDOLPH,RANDOLPH - 10,10,ASHEBORO NORTH 2,5670518.288970667,RANDOLPH - AN,AN,ASHEBORO NORTH,16173664.888548397,5623076.090725051,0.9916335340390503,0.3476686409340912,0.34665180746528274,1,2,True,False
RANDOLPH,RANDOLPH - 11,11,ASHEBORO SOUTHPOINTE,11128015.55908635,RANDOLPH - AS,AS,ASHEBORO SOUTH,27321787.07868794,10892146.473803662,0.9788040298802336,0.3986615678701325,0.3952493785753902,1,2,True,False
RANDOLPH,RANDOLPH - 12,12,ASHEBORO WESTSIDE,12123888.717436023,RANDOLPH - AW,AW,ASHEBORO WEST,28257757.50920178,12096567.429801589,0.9977464913881021,0.4280795256262814,0.4276660325639479,1,1,True,True
RANDOLPH,RANDOLPH - 13,13,BACK CREEK,90767136.52203892,RANDOLPH - BC,BC,BACK CREEK,90565790.01732735,90438815.82821946,0.9963828241542053,0.9985979894937856,0.9949909308824832,1,1,True,True
RANDOLPH,RANDOLPH - 14,14,BROWER,83044012.6233457,RANDOLPH - SO,SO,SOUTHERN,207057517.87695655,83007755.74976756,0.9995634017139491,0.40089225738277573,0.40082207130445496,1,2,True,False
RANDOLPH,RANDOLPH - 15,15,CEDAR GROVE EAST,40848207.88511599,RANDOLPH - UG,UG,UNION GROVE,232240515.26278168,40790238.226649016,0.9985808518545046,0.175637907883965,0.17559407776799443,1,3,True,False
RANDOLPH,RANDOLPH - 16,16,CEDAR GROVE WEST,65196091.69195941,RANDOLPH - UG,UG,UNION GROVE,232240515.26278168,64811883.771981865,0.9941068872380746,0.2790722527404264,0.27861133109683733,1,2,True,False
RANDOLPH,RANDOLPH - 17,17,COLERIDGE,127780955.12733392,RANDOLPH - SE,SE,SOUTHEAST,167371386.9901378,127081617.15749127,0.9945270563274021,0.759279225934714,0.75611988457687,1,1,True,True
RANDOLPH,RANDOLPH - 18,18,CONCORD,132163238.00220937,RANDOLPH - SW,SW,SOUTHWEST,263767848.58280542,132045019.52223001,0.999105511625121,0.5006107462743956,0.5003864773611308,1,1,True,True
RANDOLPH,RANDOLPH - 19,19,FALLS,54564785.87379602,RANDOLPH - DR,DR,DEEP RIVER,95491734.14445972,54419373.24567379,0.9973350462978346,0.569885694643981,0.5690192052161388,1,1,True,True
RANDOLPH,RANDOLPH - 20,20,FRANKLINVILLE,40836745.12830013,RANDOLPH - DR,DR,DEEP RIVER,95491734.14445972,40759973.15865445,0.998120027210678,0.42684294639568315,0.4265000554679435,1,2,True,False
RANDOLPH,RANDOLPH - 21,21,GRANT,108026447.44067156,RANDOLPH - GR,GR,GRANT,108015658.10667625,107580274.63980785,0.9958697817855322,0.9959692559902897,0.9918721981700308,1,1,True,True
RANDOLPH,RANDOLPH - 22,22,LEVEL CROSS,43103656.40455022,RANDOLPH - LC,LC,LEVEL CROSS,43284073.69623325,42942431.50526825,0.996259600397498,0.9921069769596403,0.9884252817565197,1,1,True,True
RANDOLPH,RANDOLPH - 23,23,LIBERTY,59217735.51395596,RANDOLPH - LB,LB,LIBERTY,59350856.36819049,59121305.977080055,0.9983716105312204,0.9961323154347362,0.9945164876238941,1,1,True,True
RANDOLPH,RANDOLPH - 24,24,NEW HOPE,130828810.62785394,RANDOLPH - SW,SW,SOUTHWEST,263767848.58280542,130577904.97130051,0.9980821834628831,0.4950486030533316,0.4945781421759109,1,2,True,False
RANDOLPH,RANDOLPH - 25,25,NEW MARKET NORTH,43604475.89444336,RANDOLPH - NM,NM,NEW MARKET,88275844.58694811,43389361.69666991,0.9950666945683696,0.49152021031000337,0.4903253653542887,1,2,True,False
RANDOLPH,RANDOLPH - 26,26,NEW MARKET SOUTH,44911964.71780696,RANDOLPH - NM,NM,NEW MARKET,88275844.58694811,44586880.51468844,0.9927617461146244,0.5050858558568894,0.5032326536929852,1,1,True,True
RANDOLPH,RANDOLPH - 27,27,PLEASANT GROVE,40191928.80599699,RANDOLPH - SE,SE,SOUTHEAST,167371386.9901378,40161529.231399186,0.999243639817722,0.23995457021435612,0.2399109953098882,1,2,True,False
RANDOLPH,RANDOLPH - 28,28,PROSPECT,23015250.057504214,RANDOLPH - TR,TR,TRINITY,79125224.3497518,22606851.384176426,0.9822553014932537,0.28570979191476176,0.28424269541469555,1,3,True,False
RANDOLPH,RANDOLPH - 29,29,PROVIDENCE 1,54067837.92222475,RANDOLPH - PR,PR,PROVIDENCE,131689762.78795382,53961803.400117114,0.9980388614344046,0.40976460324411196,0.4094349326873232,1,2,True,False
RANDOLPH,RANDOLPH - 30,30,PROVIDENCE 2,77723540.00700928,RANDOLPH - PR,PR,PROVIDENCE,131689762.78795382,77428594.33118083,0.9962051950309796,0.5879621368583976,0.5866482203309777,1,1,True,True
RANDOLPH,RANDOLPH - 31,31,RAMSEUR,80131981.06722698,RANDOLPH - RM,RM,RAMSEUR,80574763.11099945,80011979.01290359,0.9985024449324083,0.993015380047465,0.9915386561814712,1,1,True,True
RANDOLPH,RANDOLPH - 32,32,RANDLEMAN EAST,30154271.675300702,RANDOLPH - RN,RN,RANDLEMAN,43893332.25967454,29885209.238198094,0.9910771369310506,0.6808598869048291,0.6767117010613339,1,1,True,True
RANDOLPH,RANDOLPH - 33,33,RANDLEMAN WEST,13651828.684587851,RANDOLPH - RN,RN,RANDLEMAN,43893332.25967454,13629848.077695599,0.9983899148311854,0.3105220628286074,0.3103666395161254,1,2,True,False
RANDOLPH,RANDOLPH - 34,34,RICHLAND,123837996.87013954,RANDOLPH - SO,SO,SOUTHERN,207057517.87695655,123488883.58486418,0.9971808871743828,0.5963989371216513,0.5953950599017837,1,1,True,True
RANDOLPH,RANDOLPH - 35,35,STALEY,81087523.69513662,RANDOLPH - ST,ST,STALEY,81081698.13626672,80869486.65168488,0.9973110901219343,0.9973827449417105,0.9947078729459267,1,1,True,True
RANDOLPH,RANDOLPH - 36,36,TABERNACLE,101259945.25811952,RANDOLPH - TB,TB,TABERNACLE,101507423.26646255,101081808.67905591,0.9982407991767177,0.9958070594867788,0.9940625673164663,1,1,True,True
RANDOLPH,RANDOLPH - 37,37,TRINITY EAST,29605927.13606621,RANDOLPH - TR,TR,TRINITY,79125224.3497518,29216064.695575636,0.9868316084580361,0.3692383173086988,0.367427941978438,1,1,True,True
RANDOLPH,RANDOLPH - 38,38,TRINITY TABERNACLE,59315611.284592144,RANDOLPH - TT,TT,TRINITY TABERNACLE,58636981.91562611,58136570.89195577,0.9801225956016971,0.9914659484966264,0.9719230508566475,1,1,True,True
RANDOLPH,RANDOLPH - 39,39,TRINITY WEST,25875011.225780386,RANDOLPH - TR,TR,TRINITY,79125224.3497518,25492417.378687546,0.9852137707785168,0.3221781371008209,0.32062780688527615,1,2,True,False
RANDOLPH,RANDOLPH - 40,40,UNION,126843414.82674618,RANDOLPH - UG,UG,UNION GROVE,232240515.26278168,125968202.15986115,0.9931000543616673,0.5424040762970548,0.5403676675040433,1,1,True,True
RICHMOND,RICHMOND - 01,01,ROCKINGHAM 1,52699622.72383096,RICHMOND - 01,01,ROCKINGHAM 1,53068353.54902674,52416787.259033404,0.9946330647132003,0.9877221310551609,0.9824858307366164,1,1,True,True
RICHMOND,RICHMOND - 02,02,ROCKINGHAM 2,74580890.51155601,RICHMOND - 02,02,ROCKINGHAM 2,74117782.76359081,73833087.69863398,0.9899732651649398,0.9961588831405696,0.9862086448676254,1,1,True,True
RICHMOND,RICHMOND - 03,03,ROCKINGHAM 3,24338200.43127501,RICHMOND - 03,03,ROCKINGHAM 3,24517630.75023333,24197496.653367184,0.9942188093032951,0.9869426984961384,0.9813110705328438,1,1,True,True
RICHMOND,RICHMOND - 04,04,WOLF PIT 1,16153917.609262418,RICHMOND - 04,04,WOLF PIT 1,16229150.224887375,16041792.858815672,0.9930589747231064,0.9884555036169183,0.9816732710898939,1,1,True,True
RICHMOND,RICHMOND - 05,05,WOLF PIT 2,6533404.6640681,RICHMOND - 05,05,WOLF PIT 2,6461411.059845185,6287991.621154958,0.9624371892555738,0.9731607481579446,0.9375512947430491,1,1,True,True
RICHMOND,RICHMOND - 06,06,WOLF PIT 3,18337977.651204232,RICHMOND - 06,06,WOLF PIT 3,18050322.0038258,18012990.894674473,0.9822779391102368,0.9979318314020429,0.9802823522365633,1,1,True,True
RICHMOND,RICHMOND - 07,07,WOLF PIT 4,105551904.38253999,RICHMOND - 07,07,WOLF PIT 4,104766804.3802927,104680895.81164001,0.9917480544193378,0.999180002013416,0.9909415282954144,1,1,True,True
RICHMOND,RICHMOND - 08,08,MARKS CREEK 1,128241780.33702421,RICHMOND - 08,08,MARKS CREEK 1,129366359.92596939,127895797.52539556,0.9973021053612996,0.9886325749490411,0.9859955870515941,1,1,True,True
RICHMOND,RICHMOND - 09,09,MARKS CREEK 2,106193549.91220759,RICHMOND - 09,09,MARKS CREEK 2,106172882.52238262,105774734.47394572,0.9960561122722792,0.9962500024584624,0.9923355805158446,1,1,True,True
RICHMOND,RICHMOND - 10,10,BEAVER DAM 1,187144531.68545705,RICHMOND - 10,10,BEAVER DAM 1,187165506.643857,186195359.1254482,0.9949281309399722,0.9948166329586849,0.9897970743881309,1,1,True,True
RICHMOND,RICHMOND - 11,11,BEAVER DAM 2,61269930.410518676,RICHMOND - 11,11,BEAVER DAM 2,61276507.88323215,61070640.482275456,0.9967473452816423,0.996640353569936,0.9934094823715443,1,1,True,True
RICHMOND,RICHMOND - 12,12,MINERAL SPRINGS 1,96636443.03682496,RICHMOND - 12,12,MINERAL SPRINGS 1,96902226.88918275,96421274.29611954,0.9977734203169769,0.9950367230093358,0.9928321663770566,1,1,True,True
RICHMOND,RICHMOND - 13,13,MINERAL SPRINGS 2,106834977.37780806,RICHMOND - 13,13,MINERAL SPRINGS 2,106983548.11042918,106388268.00548345,0.9958186973658928,0.9944357790009798,0.9903007820916967,1,1,True,True
RICHMOND,RICHMOND - 14,14,STEELES 1,80810378.17950128,RICHMOND - 14,14,STEELES 1,80693175.34559517,80376705.00701734,0.9946334470614575,0.9960781027983787,0.9907534493849519,1,1,True,True
RICHMOND,RICHMOND - 15,15,STEELES 2,102750757.74722266,RICHMOND - 15,15,STEELES 2,102315036.70975064,102074777.67914599,0.9934211670755787,0.9976517720334087,0.9911036988725158,1,1,True,True
RICHMOND,RICHMOND - 16,16,BLACK JACK 1,74043882.24433371,RICHMOND - 16,16,BLACK JACK 1,74337993.94752139,73851298.85717858,0.9973990641587426,0.9934529429098344,0.9908859088203803,1,1,True,True
ROBESON,ROBESON - 01,01,ALFORDSVILLE,109748950.38321027,ROBESON - 01,01,ALFORDSVILLE,109473683.33710897,109356713.39865524,0.9964260525209083,0.9989315245921384,0.9953651967642202,1,1,True,True
ROBESON,ROBESON - 02,02,BACK SWAMP,96346807.38649976,ROBESON - 02,02,BACK SWAMP,96121135.80885097,96006150.50024083,0.9964642638868938,0.9988037458396372,0.9952764490256859,1,1,True,True
ROBESON,ROBESON - 03,03,BRITTS,65493321.54318659,ROBESON - 03,03,BRITTS,65525752.620241396,65009443.99948046,0.992611803275437,0.9921205236091948,0.9848478750451578,1,1,True,True
ROBESON,ROBESON - 04,04,BURNT SWAMP,46334005.783206955,ROBESON - 04,04,BURNT SWAMP,46217617.607784644,46171419.31238461,0.9964909904059867,0.9990004180701809,0.9954984077718046,1,1,True,True
ROBESON,ROBESON - 05,05,FAIRMONT 1,74499132.00507809,ROBESON - 05A,05A,FAIRMONT,90153654.41824147,74385258.29965983,0.9984714760782649,0.8250942103197638,0.8240533428339547,1,1,True,True
ROBESON,ROBESON - 06,06,FAIRMONT 2,15635492.621478463,ROBESON - 05A,05A,FAIRMONT,90153654.41824147,15619595.919326995,0.9989832938087521,0.17325527201442611,0.17322472747448814,1,2,True,False
ROBESON,ROBESON - 07,07,GADDYS,50124310.805346265,ROBESON - 07,07,GADDYS,50017042.6830527,49994377.50665457,0.9974077788481465,0.9995468509295571,0.9969569755283871,1,1,True,True
ROBESON,ROBESON - 08,08,HOWELLSVILLE EAST,97883350.41194326,ROBESON - 08,08,EAST HOWELLSVILLE,98618712.7202518,97104143.62799118,0.9920394348919119,0.9846421733717318,0.9769233009337215,1,1,True,True
ROBESON,ROBESON - 09,09,HOWELLSVILLE WEST,86522559.26397811,ROBESON - 09,09,WEST HOWELLSVILLE,85109767.26130396,84589993.63751197,0.9776640260886189,0.9938929027711216,0.9718259016170887,1,1,True,True
ROBESON,ROBESON - 10,10,LUMBER BRIDGE,61083653.94607188,ROBESON - 10,10,LUMBER BRIDGE,61756138.38690457,60971610.262594976,0.998165733772642,0.9872963539365999,0.9855083537646775,1,1,True,True
ROBESON,ROBESON - 11,11,LUMBERTON 1,40792496.89892454,ROBESON - 11A,11A,LUMBERTON 1A,22397262.231649186,22373245.974171426,0.5484647343262109,0.9989277145916601,0.5481420200799798,1,1,True,True
ROBESON,ROBESON - 12,12,LUMBERTON 2,19368997.356685136,ROBESON - 12,12,LUMBERTON 2,19227882.06241794,19017737.981024444,0.9818648653209994,0.9890708669466912,0.9713264517328459,1,1,True,True
ROBESON,ROBESON - 13,13,LUMBERTON 3,5081729.915621649,ROBESON - 13,13,LUMBERTON 3,5234004.119970124,5069038.521357954,0.9975025445125132,0.9684819509440676,0.9661392599601217,1,1,True,True
ROBESON,ROBESON - 14,14,LUMBERTON 4,8137602.84952504,ROBESON - 14,14,LUMBERTON 4,8113964.423496238,8047782.915917892,0.9889623596447213,0.9918435053293185,0.9809842099213132,1,1,True,True
ROBESON,ROBESON - 15,15,LUMBERTON 5,9480015.931392252,ROBESON - 15,15,LUMBERTON 5,9464446.326974422,9381409.422833933,0.989598487041378,0.9912264382646635,0.9810057085511553,1,1,True,True
ROBESON,ROBESON - 16,16,LUMBERTON 6,4546173.481734681,ROBESON - 16,16,LUMBERTON 6,4473948.022259488,4421505.47713619,0.9725773763145261,0.9882782399656015,0.9614861191525051,1,1,True,True
ROBESON,ROBESON - 17,17,LUMBERTON 7,10627336.662754001,ROBESON - 17,17,LUMBERTON 7,10546259.568029286,10495502.606376708,0.9875948169742907,0.9951872072439363,0.982900410461608,1,1,True,True
ROBESON,ROBESON - 18A,18A,LUMBERTON 8A,2822516.3576606363,ROBESON - 18A,18A,LUMBERTON 8A,2876057.4835989526,2796138.458939664,0.9906544744552571,0.972212299262085,0.9633766443078233,1,1,True,True
ROBESON,ROBESON - 19,19,MAXTON,115285037.97775187,ROBESON - 19,19,MAXTON,114709653.25071241,114618859.400133,0.9942214654277389,0.9992084898872375,0.993439072843916,1,1,True,True
ROBESON,ROBESON - 20,20,ORRUM,87451615.491711,ROBESON - 20,20,ORRUM,87475870.77088718,87054467.83347559,0.9954586584135423,0.9951826379812175,0.9906848471774389,1,1,True,True
ROBESON,ROBESON - 21,21,PARKTON,70011385.02284858,ROBESON - 21,21,PARKTON,69516532.50625373,68823200.37131271,0.9830286938167543,0.9900263705633094,0.9733890911086175,1,1,True,True
ROBESON,ROBESON - 22,22,PEMBROKE NORTH,29848247.996460617,ROBESON - 22,22,NORTH PEMBROKE,29884486.14237404,29799937.225066945,0.9983814536987431,0.9971708090644661,0.9955614007911283,1,1,True,True
ROBESON,ROBESON - 23,23,PEMBROKE SOUTH,62039778.658336915,ROBESON - 23,23,SOUTH PEMBROKE,62049613.32360756,61925030.24490424,0.9981504058216486,0.9979922021745151,0.9961500209211771,1,1,True,True
ROBESON,ROBESON - 24,24,PHILADELPHUS,59319792.55976204,ROBESON - 24,24,PHILADELPHUS,59455209.623263374,59243829.5448686,0.9987194322229481,0.9964447172966983,0.9951732331053724,1,1,True,True
ROBESON,ROBESON - 25,25,RAFT SWAMP,44976297.27441496,ROBESON - 25,25,RAFT SWAMP,45067575.25499069,44919439.91266856,0.9987358372033276,0.9967130394416832,0.9954571682748983,1,1,True,True
ROBESON,ROBESON - 26,26,RED SPRINGS 1,31611896.567956865,ROBESON - 26A,26A,RED SPRINGS,49346358.40031052,31557583.68860192,0.9982818848202231,0.6395119054702796,0.6388088030210999,1,1,True,True
ROBESON,ROBESON - 27,27,RED SPRINGS 2,17701105.99874521,ROBESON - 26A,26A,RED SPRINGS,49346358.40031052,17685636.03405937,0.9991260453054778,0.35839799748927537,0.358285675791553,1,2,True,False
ROBESON,ROBESON - 28,28,RENNERT,49650396.991263166,ROBESON - 28,28,RENNERT,49731301.823431276,49607607.0842485,0.999138175933977,0.9975127387651755,0.9966551946924709,1,1,True,True
ROBESON,ROBESON - 29,29,ROWLAND,99147954.21430695,ROBESON - 29,29,ROWLAND,98597690.96193723,98560138.75497887,0.9940713304274789,0.9996191370549148,0.9936949692666751,1,1,True,True
ROBESON,ROBESON - 30,30,SADDLETREE,89457405.3027046,ROBESON - 30,30,SADDLETREE,89319551.71516164,89163344.83628835,0.9967128437783187,0.9982511457360262,0.9949754581438229,1,1,True,True
ROBESON,ROBESON - 31,31,ST PAULS NORTH,71583421.26585512,ROBESON - 32A,32A,ST PAULS,148578572.76408666,71277149.10022882,0.9957214651072791,0.4797269739116609,0.47874012384455944,1,2,True,False
ROBESON,ROBESON - 32,32,ST PAULS SOUTH,77447541.98818985,ROBESON - 32A,32A,ST PAULS,148578572.76408666,76992610.06279299,0.9941259346169278,0.5181945729485637,0.5166127591457355,1,1,True,True
ROBESON,ROBESON - 33,33,SHANNON,26885915.692468256,ROBESON - 33,33,SHANNON,26967261.003344126,26795787.71841951,0.9966477625281703,0.9936414274737301,0.9903316148061465,1,1,True,True
ROBESON,ROBESON - 34,34,OXENDINE,89428624.02422893,ROBESON - 34,34,OXENDINE,89396194.41288899,89211421.91977839,0.9975712239026322,0.9979331056056234,0.995514347037573,1,1,True,True
ROBESON,ROBESON - 35,35,PROSPECT,58221328.82923612,ROBESON - 35,35,PROSPECT,58259868.984321214,58080979.64154573,0.9975893853590659,0.9969294585467806,0.9945336072285622,1,1,True,True
ROBESON,ROBESON - 36,36,SMYRNA,47533239.74342923,ROBESON - 36,36,SMYRNA,47733342.55136858,47480400.655253015,0.9988883760403998,0.9947009389538695,0.9936010584273439,1,1,True,True
ROBESON,ROBESON - 37,37,STERLINGS,113081543.74477541,ROBESON - 37,37,STERLINGS,113155213.14497823,112843342.33186504,0.9978935429688863,0.997243867034976,0.9951489931918159,1,1,True,True
ROBESON,ROBESON - 38,38,THOMPSON,58752733.170985445,ROBESON - 38,38,THOMPSON,58998708.9007319,58675766.15304898,0.9986899840435938,0.9945262743253198,0.9932305511633931,1,1,True,True
ROBESON,ROBESON - 39,39,UNION,113083714.46845804,ROBESON - 39,39,UNION,113352320.17007329,112759132.12779126,0.9971297163150993,0.9947668645741701,0.9919265007870697,1,1,True,True
ROBESON,ROBESON - 40,40,WHITEHOUSE,59896050.53439666,ROBESON - 40,40,WHITEHOUSE,59762907.13634992,59742366.45239966,0.9974341533268751,0.9996562971091184,0.9970922116494855,1,1,True,True
ROBESON,ROBESON - 41,41,WISHARTS,186229419.87565914,ROBESON - 41,41,WISHARTS,183595450.39268622,182823722.5608502,0.9817123560977485,0.995796585208482,0.977660965198036,1,1,True,True
ROCKINGHAM,ROCKINGHAM - AV,AV,AYERS VALLEY,122051977.25971219,ROCKINGHAM - WS,WS,WESTERN,160566975.2583362,121592825.26404104,0.9962380617997353,0.7572716934376471,0.755112399071965,1,1,True,True
ROCKINGHAM,ROCKINGHAM - CO,CO,COURTLAND,41678730.21103823,ROCKINGHAM - MS,MS,MOSS STREET,96411790.32845214,41459057.771910906,0.9947293874353891,0.4300206191656613,0.42904305269215803,1,2,True,False
ROCKINGHAM,ROCKINGHAM - DR,DR,DRAPER,41209266.89031391,ROCKINGHAM - DR,DR,DRAPER,41198257.09430705,41106092.117610365,0.9974963210828729,0.9977628913649015,0.9952703879606591,1,1,True,True
ROCKINGHAM,ROCKINGHAM - EC,EC,EDEN CENTRAL,27039994.097439256,ROCKINGHAM - EC,EC,EDEN CENTRAL,27047113.966993023,26951461.90421432,0.9967258797133642,0.9964635020617936,0.9932124610220757,1,1,True,True
ROCKINGHAM,ROCKINGHAM - HO,HO,HOGANS,71827765.20365508,ROCKINGHAM - HO,HO,HOGANS,71970754.75112629,71646639.96295977,0.9974783394668932,0.9954965765012843,0.9929975486582042,1,1,True,True
ROCKINGHAM,ROCKINGHAM - HU,HU,HUNTSVILLE,109741968.51505268,ROCKINGHAM - HU,HU,HUNTSVILLE,110088703.02516283,109386723.24050975,0.9967629041163573,0.9936235075410723,0.9904274967033317,1,1,True,True
ROCKINGHAM,ROCKINGHAM - IR,IR,IRONWORKS,92904107.29490189,ROCKINGHAM - IR,IR,IRONWORKS,92904366.85364816,92474321.57612656,0.9953738781708426,0.9953710972682367,0.9907876059020334,1,1,True,True
ROCKINGHAM,ROCKINGHAM - LI,LI,LINCOLN,212565553.6595181,ROCKINGHAM - LI,LI,LINCOLN,212895641.14372107,211698886.95184204,0.9959228261928823,0.9943786815669414,0.9903471247092377,1,1,True,True
ROCKINGHAM,ROCKINGHAM - LK-1,LK-1,LEAKSVILLE 1,9637221.95761363,ROCKINGHAM - ED-1,ED-1,EDEN 1,35299736.66252729,9580033.855369303,0.9940659141715474,0.27139108563206543,0.27095212378070016,1,2,True,False
ROCKINGHAM,ROCKINGHAM - LK-2,LK-2,LEAKSVILLE 2,23001843.530978758,ROCKINGHAM - LK-2,LK-2,LEAKSVILLE 2,22893469.74402254,22823000.28495854,0.9922248299020315,0.996921853268555,0.9891942907851582,1,1,True,True
ROCKINGHAM,ROCKINGHAM - LK-3,LK-3,LEAKSVILLE 3,25660193.594574247,ROCKINGHAM - ED-1,ED-1,EDEN 1,35299736.66252729,25550209.769963127,0.9957138349636467,0.7238073760784213,0.7215592051692,1,1,True,True
ROCKINGHAM,ROCKINGHAM - MA,MA,MATRIMONY,155725489.9892142,ROCKINGHAM - MA,MA,MATRIMONY,155914260.29116282,155537422.01287162,0.998792310903272,0.9975830416179542,0.9963811798266985,1,1,True,True
ROCKINGHAM,ROCKINGHAM - MC,MC,MCCOY,32150051.08791071,ROCKINGHAM - MC,MC,MCCOY,31990798.15573516,31833955.117206454,0.9901681036263387,0.9950972452214173,0.9853610499547859,1,1,True,True
ROCKINGHAM,ROCKINGHAM - MD,MD,MADISON,38884685.72408269,ROCKINGHAM - WS,WS,WESTERN,160566975.2583362,38764670.00638463,0.9969135479569087,0.24142367970758719,0.2412433624584221,1,2,True,False
ROCKINGHAM,ROCKINGHAM - NB,NB,NEW BETHEL,116169005.47338122,ROCKINGHAM - NB,NB,NEW BETHEL,116010956.90986079,115754893.20592034,0.9964352602850184,0.9977927627634395,0.9942437142091741,1,1,True,True
ROCKINGHAM,ROCKINGHAM - RC,RC,ROCK CENTRAL,145807093.6029047,ROCKINGHAM - RC,RC,ROCK CENTRAL,146081672.86185017,145551494.65661272,0.9982470060956836,0.9963706726870603,0.994630368997451,1,1,True,True
ROCKINGHAM,ROCKINGHAM - RD-1,RD-1,REIDSVILLE 1,40959769.05398758,ROCKINGHAM - SE,SE,SOUTHEAST,162167016.51567954,40849231.80777468,0.9973013215463397,0.25189605559417233,0.25172447366141704,1,2,True,False
ROCKINGHAM,ROCKINGHAM - VA,VA,VANCE,54844381.2734307,ROCKINGHAM - MS,MS,MOSS STREET,96411790.32845214,54565484.07211674,0.9949147534380324,0.5659627716301612,0.564330293497177,1,1,True,True
ROCKINGHAM,ROCKINGHAM - WM,WM,WILLIAMSBURG,120482879.28495507,ROCKINGHAM - SE,SE,SOUTHEAST,162167016.51567954,120178912.24686979,0.9974770935099719,0.7410811077926563,0.7396946188061959,1,1,True,True
ROWAN,ROWAN - 01,01,BARNHARDT MILL,27563034.3059929,ROWAN - 01,01,BARNHARDT MILL,27625725.422394335,27412677.109285604,0.9945449693586672,0.992288046382448,0.9869166032230148,1,1,True,True
ROWAN,ROWAN - 02,02,BLACKWELDER PARK,5611052.944616059,ROWAN - 02,02,BLACKWELDER PARK,5645170.871984998,5430131.162259904,0.9677561797862282,0.9619073160757169,0.9320365267815971,1,1,True,True
ROWAN,ROWAN - 03,03,BOSTIAN CROSS ROAD,23884937.064103585,ROWAN - 03,03,BOSTIAN CROSS ROAD,23990551.024647094,23623449.1403075,0.989052182842505,0.9846980636683815,0.9740809500812704,1,1,True,True
ROWAN,ROWAN - 04,04,BRADSHAW,104720352.27261257,ROWAN - 04,04,BRADSHAW,105867442.27965094,104417277.52695546,0.9971058658696245,0.9863020705755331,0.9834865690826893,1,1,True,True
ROWAN,ROWAN - 05,05,CHINA GROVE NORTH,22278730.64077598,ROWAN - 05A,05A,CHINA GROVE,30061962.519870635,21628314.692022298,0.9708055203305324,0.7194578423722741,0.7042214172411858,1,1,True,True
ROWAN,ROWAN - 06,06,CHINA GROVE SOUTH,8235731.589656893,ROWAN - 05A,05A,CHINA GROVE,30061962.519870635,8216236.291652603,0.9976328395611176,0.27331004375452067,0.27313291601081824,1,2,True,False
ROWAN,ROWAN - 07,07,CLEVELAND,73765015.69697715,ROWAN - 07,07,CLEVELAND,73960784.93370053,73366819.52813622,0.9946018289960555,0.9919691846686491,0.9866571386577089,1,1,True,True
ROWAN,ROWAN - 08,08,LOCKE SOUTH,23162093.99000015,ROWAN - 08,08,SOUTH LOCKE,23397207.888844687,23113774.775430575,0.9979138667432039,0.9878860283346352,0.9858500802084599,1,1,True,True
ROWAN,ROWAN - 09,09,ENOCHVILLE EAST,21295968.303483307,ROWAN - 09,09,EAST ENOCHVILLE,21424583.390889414,21067563.81418209,0.9892747544489979,0.9833359851067563,0.9729633587176153,1,1,True,True
ROWAN,ROWAN - 10,10,FAITH,23312381.034877297,ROWAN - 10,10,FAITH,23371695.219096106,23075280.767423842,0.9898294272430288,0.9873173747606432,0.9774018662057675,1,1,True,True
ROWAN,ROWAN - 11,11,FRANKLIN,49561061.905914396,ROWAN - 11,11,FRANKLIN,48564117.294085324,48356912.864955716,0.9757037279942748,0.9957333842212172,0.9716414982071719,1,1,True,True
ROWAN,ROWAN - 12,12,MILFORD HILLS COUNTY,19785662.877908688,ROWAN - 12,12,MILFORD HILLS COUNTY,19752669.018281206,19632194.20470222,0.9922434404066482,0.9939008336813883,0.9862382401332127,1,1,True,True
ROWAN,ROWAN - 13,13,ROCK GROVE,38552538.15109409,ROWAN - 13,13,ROCK GROVE,37844799.90245989,37706936.65283621,0.9780662561063084,0.9963571415365122,0.974581169688684,1,1,True,True
ROWAN,ROWAN - 14,14,GRANITE QUARRY NORTH,15384680.519938441,ROWAN - 14A,14A,GRANITE QUARRY,28275086.34643279,15333034.439045409,0.9966430189547258,0.5422807290906766,0.5412920278886159,1,1,True,True
ROWAN,ROWAN - 15,15,HATTERS SHOP,82240927.41117086,ROWAN - 15,15,HATTERS SHOP,82346363.5231781,82004339.07299715,0.9971232287180949,0.995846514216931,0.9929935564748755,1,1,True,True
ROWAN,ROWAN - 16,16,KANNAPOLIS WEST,6105319.701059007,ROWAN - 16,16,WEST KANNAPOLIS,6184851.496581258,6061677.007340389,0.9928516939561662,0.9800844871847036,0.9732170926290201,1,1,True,True
ROWAN,ROWAN - 17,17,KANNAPOLIS EAST,6506977.093870967,ROWAN - 17,17,EAST KANNAPOLIS,6478435.345755224,6463366.041001678,0.9932978013845528,0.9976739283562629,0.9910027690641376,1,1,True,True
ROWAN,ROWAN - 18,18,SPENCER EAST,5451041.060502444,ROWAN - 18,18,EAST SPENCER,5464007.614832213,5277707.96813676,0.9682018369625514,0.9659042117383335,0.9362052503582142,1,1,True,True
ROWAN,ROWAN - 19,19,LANDIS WEST,16982138.860075854,ROWAN - 19A,19A,LANDIS,25011255.183644027,15566594.91328689,0.9166451317791993,0.6223835948651861,0.5890457953858085,1,1,True,True
ROWAN,ROWAN - 20,20,LANDIS EAST,9333152.905090934,ROWAN - 19A,19A,LANDIS,25011255.183644027,9286240.022095926,0.9949735225092672,0.371282446798936,0.3705873469042247,1,2,True,False
ROWAN,ROWAN - 21,21,LOCKE NORTH,35946212.35291019,ROWAN - 21,21,NORTH LOCKE,35625989.83562257,35563477.26271288,0.989352561364749,0.9982453098651259,0.9876350061263139,1,1,True,True
ROWAN,ROWAN - 22,22,MORGAN 1,89977161.65688889,ROWAN - 22,22,MORGAN 1,90074146.8940667,89577635.69771582,0.9955596959070949,0.9944877502205509,0.9900961558510237,1,1,True,True
ROWAN,ROWAN - 23,23,MORGAN 2,68306528.65008093,ROWAN - 23,23,MORGAN 2,68430780.80644019,68085558.43088132,0.9967650205102415,0.9949551594839265,0.9917526853095557,1,1,True,True
ROWAN,ROWAN - 24,24,MT ULLA,73875381.44167939,ROWAN - 24,24,MT ULLA,74048207.00189683,73382028.86525375,0.9933218270173655,0.9910034535120341,0.9844445069350826,1,1,True,True
ROWAN,ROWAN - 25,25,ROCKWELL,43550555.86204443,ROWAN - 25,25,ROCKWELL,43427826.56441147,43282878.73963797,0.9938536462484111,0.9966623283677687,0.9905568099148737,1,1,True,True
ROWAN,ROWAN - 26,26,GOLD KNOB,28830089.88400487,ROWAN - 26,26,GOLD KNOB,28779075.19066,28681451.78364478,0.9948443414169668,0.9966078337692067,0.9914870040055411,1,1,True,True
ROWAN,ROWAN - 27,27,SCOTCH IRISH,91228715.20873867,ROWAN - 27,27,SCOTCH IRISH,91255629.64619172,90868895.54891388,0.9960558508469456,0.995762079569477,0.9918512241902675,1,1,True,True
ROWAN,ROWAN - 28,28,SPENCER,11509429.923212912,ROWAN - 28,28,SPENCER,11438841.13254128,11310022.52397277,0.9826744330022841,0.9887384913317796,0.9717976457615302,1,1,True,True
ROWAN,ROWAN - 29,29,STEELE,56897088.04230842,ROWAN - 29,29,STEELE,56926000.54471629,56653228.014434054,0.9957140156682003,0.9952082962500067,0.9909632006623381,1,1,True,True
ROWAN,ROWAN - 30,30,SUMNER,34954513.217588246,ROWAN - 30,30,SUMNER,35061602.11918155,34759547.42626714,0.99442229991568,0.9913850287876844,0.9859027547577185,1,1,True,True
ROWAN,ROWAN - 31,31,TRADING FORD,43321808.890904546,ROWAN - 31,31,TRADING FORD,43142125.23850581,42975066.04645128,0.9919961134280784,0.996127701379314,0.9881854355112744,1,1,True,True
ROWAN,ROWAN - 32,32,UNITY,64294597.99626006,ROWAN - 32,32,UNITY,64436565.16528673,63451933.92083624,0.9868937033330104,0.9847193710290919,0.9720080132512541,1,1,True,True
ROWAN,ROWAN - 33,33,BOSTIAN SCHOOL,25025408.432330664,ROWAN - 33,33,BOSTIAN SCHOOL,25762924.362066884,24945062.986495033,0.9967894451731772,0.9682543268738519,0.9652440721284881,1,1,True,True
ROWAN,ROWAN - 34,34,WARD WEST 2,7927691.975882641,ROWAN - 34,34,WEST WARD 2,7808311.586187167,7675289.987996996,0.9681619835062344,0.9829641021977805,0.9521849297169515,1,1,True,True
ROWAN,ROWAN - 35,35,WARD WEST 1,2207991.877090936,ROWAN - 35,35,WEST WARD 1,2251162.359382046,2171235.2050219784,0.9833528952482447,0.9644951622316535,0.949000019307928,1,1,True,True
ROWAN,ROWAN - 36,36,WARD SOUTH,8517191.306322478,ROWAN - 36,36,SOUTH WARD,8539168.21713701,8417109.853949696,0.9882494769961913,0.9857060594095852,0.9742871401964356,1,1,True,True
ROWAN,ROWAN - 38,38,WARD EAST,6231313.812409303,ROWAN - 38,38,EAST WARD,6252283.517219284,6169589.800285475,0.9900945428232313,0.9867738376377105,0.9771274062651204,1,1,True,True
ROWAN,ROWAN - 39,39,INNES WEST,4915082.93720512,ROWAN - 39,39,WEST INNES,5225610.046722815,4732995.954537762,0.9629534262201284,0.9057307974034552,0.875233196093366,1,1,True,True
ROWAN,ROWAN - 40,40,WARD NORTH,4931807.047030385,ROWAN - 40,40,NORTH WARD,5019944.8338050805,4901049.061214511,0.9937633436339741,0.9763153228716963,0.970369716106624,1,1,True,True
ROWAN,ROWAN - 41,41,MILFORD HILLS CITY,5745221.015642584,ROWAN - 41,41,MILFORD HILLS CITY,5883326.485340027,5637841.387409067,0.9813097480599695,0.9582744390367157,0.9410979741828814,1,1,True,True
ROWAN,ROWAN - 42,42,WARD WEST 3,3334927.945115708,ROWAN - 42,42,WEST WARD 3,3308635.0221203584,3276543.947604942,0.9824931757232493,0.9903008115730908,0.9731290285268142,1,1,True,True
ROWAN,ROWAN - 44,44,ENOCHVILLE WEST,28472769.57891592,ROWAN - 44,44,WEST ENOCHVILLE,29226652.274537362,28449900.08110202,0.9991967940543854,0.9734231554767544,0.9726620593159545,1,1,True,True
ROWAN,ROWAN - 45,45,ELLIS,20216530.558295872,ROWAN - 45,45,ELLIS,19836065.74087897,19607749.534498155,0.9698869683874664,0.9884898442380995,0.9590558325130214,1,1,True,True
ROWAN,ROWAN - 46,46,GRANITE QUARRY SOUTH,12848440.840393182,ROWAN - 14A,14A,GRANITE QUARRY,28275086.34643279,12643867.417563641,0.984077957366905,0.44717343256349784,0.44396132257204757,1,2,True,False
RUTHERFORD,RUTHERFORD - 03,03,BOSTIC,15693394.738051105,RUTHERFORD - 03A,03A,BOSTIC SUNSHINE,85744003.78114444,15591616.243701091,0.9935145648185835,0.1818391439184202,0.18162355599096072,1,2,True,False
RUTHERFORD,RUTHERFORD - 04,04,CAMP CREEK,94955855.49436371,RUTHERFORD - 04A,04A,CAMP CREEK MT VERNON,176599461.54345164,94770669.97484195,0.9980497725121044,0.536641896563903,0.5360797532439748,1,1,True,True
RUTHERFORD,RUTHERFORD - 05,05,CAROLEEN,18274389.989046935,RUTHERFORD - 05A,05A,CAROLEEN CLIFFSIDE,59652668.64403402,18240378.767345324,0.9981388587130954,0.305776408364751,0.3056021679942125,1,2,True,False
RUTHERFORD,RUTHERFORD - 06,06,CHIMNEY ROCK 1,106897644.40392607,RUTHERFORD - 06A,06A,CHIMNEY ROCK,169579552.95144317,105973714.81815745,0.9913568760946926,0.6249203572821165,0.6215340193712997,1,1,True,True
RUTHERFORD,RUTHERFORD - 07,07,CHIMNEY ROCK 2,63378446.63217301,RUTHERFORD - 06A,06A,CHIMNEY ROCK,169579552.95144317,63229138.71634938,0.9976441846754281,0.3728582698555303,0.3725302720660838,1,2,True,False
RUTHERFORD,RUTHERFORD - 08,08,CLIFFSIDE,41427349.79707121,RUTHERFORD - 05A,05A,CAROLEEN CLIFFSIDE,59652668.64403402,41268155.36365692,0.9961572624318454,0.6918073625493071,0.6899660575732313,1,1,True,True
RUTHERFORD,RUTHERFORD - 09,09,DANIELTOWN,27943383.71465636,RUTHERFORD - 09A,09A,DANIELTOWN SULPHUR SPRINGS,119207693.55847271,27730371.85241314,0.9923770197475585,0.23262233354771755,0.2322074028512877,1,2,True,False
RUTHERFORD,RUTHERFORD - 10,10,DUNCAN CREEK,77881205.2311504,RUTHERFORD - 10A,10A,DUNCAN CREEK GOLDEN VALLEY,222719068.8638349,77536647.14852062,0.9955758506611815,0.34813654503882946,0.3475987914745483,1,2,True,False
RUTHERFORD,RUTHERFORD - 11,11,ELLENBORO,136444203.1092079,RUTHERFORD - 11,11,ELLENBORO,136292708.85697848,136140051.26610443,0.9977708701713034,0.9988799284117668,0.9966557838032564,1,1,True,True
RUTHERFORD,RUTHERFORD - 13,13,FOREST CITY 1,28969376.409587737,RUTHERFORD - 13,13,FOREST CITY 1,29326185.386082325,28635630.47580637,0.9884793538851976,0.9764526173048172,0.9654651646690992,1,1,True,True
RUTHERFORD,RUTHERFORD - 14,14,FOREST CITY 2,20072400.852169048,RUTHERFORD - 14,14,FOREST CITY 2,20194116.967860993,19889211.96494001,0.9908735936185112,0.9849012955898869,0.976047182408655,1,1,True,True
RUTHERFORD,RUTHERFORD - 16,16,GILKEY,50137307.31471695,RUTHERFORD - 16A,16A,GILKEY MORGAN,142966960.3963727,49978440.372892834,0.9968313627050832,0.34958035223193334,0.3491923247003987,1,2,True,False
RUTHERFORD,RUTHERFORD - 17,17,GOLDEN VALLEY,143893782.25661755,RUTHERFORD - 10A,10A,DUNCAN CREEK GOLDEN VALLEY,222719068.8638349,143709161.89884654,0.9987169677877967,0.6452485754001912,0.6447141471757971,1,1,True,True
RUTHERFORD,RUTHERFORD - 18,18,GREEN HILL,115470034.93995792,RUTHERFORD - 18,18,GREEN HILL,115559753.41195007,114571187.27917698,0.9922157496423352,0.9914454115417759,0.9837932640769463,1,1,True,True
RUTHERFORD,RUTHERFORD - 19,19,HAYNES,45053044.4284478,RUTHERFORD - 19,19,HAYNES,45647622.807529114,44695343.14817719,0.9920604415348956,0.97913846108992,0.9715254491605697,1,1,True,True
RUTHERFORD,RUTHERFORD - 22,22,MORGAN,94713071.1345037,RUTHERFORD - 16A,16A,GILKEY MORGAN,142966960.3963727,92290248.28403659,0.9744193402088459,0.6455355001474742,0.6347780856605865,1,1,True,True
RUTHERFORD,RUTHERFORD - 23,23,MT VERNON,77162348.43360299,RUTHERFORD - 04A,04A,CAMP CREEK MT VERNON,176599461.54345164,76804442.37496944,0.9953616489661208,0.434907568254799,0.4340279436551949,1,2,True,False
RUTHERFORD,RUTHERFORD - 27,27,RUTHERFORDTON 1,25593919.322997794,RUTHERFORD - 27,27,RUTHERFORDTON 1,25585124.713841125,25267234.844391003,0.9872358557326059,0.9875752073517098,0.9751243016931147,1,1,True,True
RUTHERFORD,RUTHERFORD - 28,28,RUTHERFORDTON 2,20297822.74580123,RUTHERFORD - 28,28,RUTHERFORDTON 2,20394705.10905877,20004435.97508932,0.9855458994599507,0.9808641933343716,0.9669541343563997,1,1,True,True
RUTHERFORD,RUTHERFORD - 29,29,SANDY MUSH,21092978.192476913,RUTHERFORD - 29,29,SANDY MUSH,21122793.44374394,20961551.665620998,0.9937691811153159,0.9923664557648412,0.986230108402769,1,1,True,True
RUTHERFORD,RUTHERFORD - 30,30,SPINDALE,23033683.57307256,RUTHERFORD - 30,30,SPINDALE,22661093.97095105,22177573.073035717,0.9628322366537293,0.978662949876332,0.9430361121533464,1,1,True,True
RUTHERFORD,RUTHERFORD - 32,32,SULPHER SPRINGS,91986586.97492974,RUTHERFORD - 09A,09A,DANIELTOWN SULPHUR SPRINGS,119207693.55847271,90876376.69388027,0.9879307373220398,0.7623365068237344,0.7553021935545813,1,1,True,True
RUTHERFORD,RUTHERFORD - 33,33,SUNSHINE,69610922.04709364,RUTHERFORD - 03A,03A,BOSTIC SUNSHINE,85744003.78114444,69463878.2495974,0.9978876332453007,0.8101310317500344,0.8087441032314482,1,1,True,True
RUTHERFORD,RUTHERFORD - 34,34,UNION,55708581.58502874,RUTHERFORD - 34,34,UNION,55916275.16530009,55419738.25957161,0.9948151017807506,0.9911199931636967,0.9860265354424123,1,1,True,True
SAMPSON,SAMPSON - AUTR,AUTR,AUTRYVILLE,85477469.94481996,SAMPSON - AUTR,AUTR,AUTRYVILLE,85828220.01895946,85370191.62749165,0.9987449521213303,0.9946634289821387,0.9934217323487912,1,1,True,True
SAMPSON,SAMPSON - CLCE,CLCE,CLINTON CENTRAL,3266416.936198911,SAMPSON - CLCE,CLCE,"CLINTON, CENTRAL",3419067.3492093147,3193795.4387802263,0.9777672297085278,0.9341130526483533,0.91468500747555,1,1,True,True
SAMPSON,SAMPSON - CLEA,CLEA,CLINTON EAST,88134372.6741545,SAMPSON - CLEA,CLEA,"CLINTON, EAST",87818986.9448727,87526189.96230562,0.9930993698213815,0.9966659034366806,0.9898110535719553,1,1,True,True
SAMPSON,SAMPSON - CLEM,CLEM,CLEMENT,92141749.08862592,SAMPSON - CLEM,CLEM,CLEMENT,92206815.65831295,91846627.9157912,0.9967970960421983,0.9960936971963495,0.9929157276290044,1,1,True,True
SAMPSON,SAMPSON - CLNE,CLNE,CLINTON NORTHEAST,7386419.5296563525,SAMPSON - CLNE,CLNE,"CLINTON, NORTHEAST",7424203.9649450015,7333532.788673567,0.9928400030934547,0.9877870844201535,0.9808002974819593,1,1,True,True
SAMPSON,SAMPSON - CLSW,CLSW,CLINTON SOUTHWEST,37011856.329888836,SAMPSON - CLSW,CLSW,"CLINTON, SOUTHWEST",36767850.54807709,36631867.05754455,0.9897333095385052,0.9963015654027768,0.9861102889058659,1,1,True,True
SAMPSON,SAMPSON - CLWE,CLWE,CLINTON WEST,67095026.31535148,SAMPSON - CLWE,CLWE,"CLINTON, WEST",67028815.77836937,66774353.642123364,0.9952206193090837,0.9962036904085045,0.9914604427933041,1,1,True,True
SAMPSON,SAMPSON - GARL,GARL,GARLAND,146173855.34741718,SAMPSON - GARL,GARL,GARLAND,146597087.69287902,145743954.38096073,0.9970589749758281,0.9941804211437979,0.9912734778146919,1,1,True,True
SAMPSON,SAMPSON - GIDD,GIDD,GIDDENSVILLE,158238367.5203566,SAMPSON - GIDD,GIDD,GIDDENSVILLE,157982242.3688538,157546054.19683045,0.9956248706658511,0.9972390050585246,0.9928879492327849,1,1,True,True
SAMPSON,SAMPSON - HARR,HARR,HARRELLS,300005327.2992205,SAMPSON - HARR,HARR,HARRELLS,300571132.8901439,298605544.83556277,0.9953341413092255,0.9934604895830116,0.9888553157038455,1,1,True,True
SAMPSON,SAMPSON - HERR,HERR,HERRING,68078210.74757127,SAMPSON - HERR,HERR,HERRING,67623131.714744,67521421.68010569,0.9918213322390314,0.9984959283597311,0.9903417443941104,1,1,True,True
SAMPSON,SAMPSON - INGO,INGO,INGOLD,203637429.84149912,SAMPSON - INGO,INGO,INGOLD,203420382.26518294,202793109.63651684,0.9958538064164361,0.9969163727760162,0.9927956577134842,1,1,True,True
SAMPSON,SAMPSON - KEEN,KEEN,KEENER,111044820.54484484,SAMPSON - KEEN,KEEN,KEENER,111004735.01097038,110664606.03042628,0.9965760265759985,0.9969359056574434,0.9935328471392945,1,1,True,True
SAMPSON,SAMPSON - KFRK,KFRK,KITTY FORK,80039973.17104381,SAMPSON - KFRK,KFRK,KITTY FORK,80511088.80992176,79897182.76163201,0.9982160112784313,0.9923748882624217,0.9906179781428276,1,1,True,True
SAMPSON,SAMPSON - LAKE,LAKE,LAKEWOOD,158263069.30665392,SAMPSON - LAKE,LAKE,LAKEWOOD,158119538.26786026,157628574.45783275,0.9959908849765087,0.9968949832803344,0.9929106767446881,1,1,True,True
SAMPSON,SAMPSON - MING,MING,MINGO,126962092.78466757,SAMPSON - MING,MING,MINGO,127210681.0621431,126630595.90941465,0.9973890090500072,0.9954399650415748,0.9928527014143602,1,1,True,True
SAMPSON,SAMPSON - NGRV,NGRV,NEWTON GROVE,118360026.16809857,SAMPSON - NGRV,NGRV,NEWTON GROVE,119300849.59206694,117764076.61004986,0.9949649423260323,0.9871185076445652,0.9822120143724976,1,1,True,True
SAMPSON,SAMPSON - PLVW,PLVW,PLAINVIEW,99702153.93882847,SAMPSON - PLVW,PLVW,PLAINVIEW,99715321.6466023,99060406.52725126,0.9935633545894008,0.9934321515637075,0.987079509763517,1,1,True,True
SAMPSON,SAMPSON - ROSE,ROSE,ROSEBORO,74996407.89302301,SAMPSON - ROSE,ROSE,ROSEBORO,75623537.00686318,74453299.30062543,0.9927582052573466,0.9845254830366961,0.9775052940147864,1,1,True,True
SAMPSON,SAMPSON - ROWA,ROWA,ROWAN,128408992.1930792,SAMPSON - ROWA,ROWA,ROWAN,128317742.66683044,127901417.50501682,0.996047202930312,0.9967555136712888,0.9928282742177857,1,1,True,True
SAMPSON,SAMPSON - SBRG,SBRG,SALEMBURG,52662260.37115,SAMPSON - SBRG,SBRG,SALEMBURG,52495286.34007931,52302829.6647049,0.993174795310495,0.9963338294008414,0.9895584081675487,1,1,True,True
SAMPSON,SAMPSON - TURK,TURK,TURKEY,126174140.92566106,SAMPSON - TURK,TURK,TURKEY,125559256.3647071,125031045.66043055,0.9909403364521103,0.9957931360891286,0.9868091953463621,1,1,True,True
SAMPSON,SAMPSON - WBRK,WBRK,WESTBROOK,120654807.59499261,SAMPSON - WBRK,WBRK,WESTBROOK,120325556.820604,119841456.46510725,0.9932588585063633,0.9959767453541187,0.9892895560366749,1,1,True,True
SCOTLAND,SCOTLAND - 01,01,01,10689663.822717233,SCOTLAND - 01-16,01-16,01 16/01,65991229.45717428,10656019.27533024,0.9968526094042833,0.16147629560751825,0.16139401151441923,1,2,True,False
SCOTLAND,SCOTLAND - 02,02,02,24479608.841233425,SCOTLAND - 02-25,02-25,02 25/02,107504517.7917685,24468272.57781639,0.9995369099444947,0.22760227272690392,0.22757827478408313,1,2,True,False
SCOTLAND,SCOTLAND - 03,03,03,21169874.131471016,SCOTLAND - 03,03,03,21094515.67667604,21057739.22630689,0.9947030906056533,0.998256587118053,0.9929780822785472,1,1,True,True
SCOTLAND,SCOTLAND - 04,04,04,27133429.346455727,SCOTLAND - 04,04,04,27067258.43250165,26979826.44078594,0.9943389792824013,0.9967698246228468,0.9911452141653027,1,1,True,True
SCOTLAND,SCOTLAND - 05,05,05,82569135.74940708,SCOTLAND - 02-25,02-25,02 25/02,107504517.7917685,82435007.16026223,0.9983755602147523,0.7668050501834275,0.7658495338982608,1,1,True,True
SCOTLAND,SCOTLAND - 06,06,06,55244791.9163131,SCOTLAND - 01-16,01-16,01 16/01,65991229.45717428,55081130.012220085,0.9970375143354521,0.8346734932096632,0.8326085778211899,1,1,True,True
SCOTLAND,SCOTLAND - 07,07,07,183347507.02783775,SCOTLAND - 07,07,07,183601093.52690464,183086546.32772923,0.9985766880371659,0.9971974720341193,0.9957821209898676,1,1,True,True
SCOTLAND,SCOTLAND - 08,08,08,254271425.82593316,SCOTLAND - 06-89,06-89,06 89/06,331855875.79258204,252763562.1386869,0.9940698657651037,0.7616666769422225,0.7582215226319822,1,1,True,True
SCOTLAND,SCOTLAND - 09,09,09,78751985.32090962,SCOTLAND - 06-89,06-89,06 89/06,331855875.79258204,78605263.81748971,0.9981369167669611,0.23686566835604234,0.23676099059974523,1,2,True,False
SCOTLAND,SCOTLAND - 10,10,10,92816104.86454038,SCOTLAND - 05-10,05-10,05 10/05,93297908.533201,92711900.10284549,0.9988772986988953,0.993718954266301,0.9926103043314319,1,1,True,True
STANLY,STANLY - 0001,0001,ALBEMARLE 01,3105966.141513767,STANLY - 0003,0003,ALBEMARLE NUMBER 3,4017341.736968368,2997925.706248236,0.9652151922001071,0.7462461255562938,0.7267025407793566,1,1,True,True
STANLY,STANLY - 0002,0002,ALBEMARLE 02,5688984.393969764,STANLY - 0212,0212,NORTH ALBEMARLE 2,28538636.280853324,5671585.919792213,0.9969417258032921,0.1987335997409694,0.1986125163541138,1,2,True,False
STANLY,STANLY - 0006,0006,ALBEMARLE 06,972465.5162868174,STANLY - 0003,0003,ALBEMARLE NUMBER 3,4017341.736968368,959125.175825227,0.986281939834198,0.23874622539555665,0.23795604748781976,1,2,True,False
STANLY,STANLY - 0007,0007,ALBEMARLE 07,9118044.219234908,STANLY - 0107,0107,ALBEMARLE 7 1,9617796.60574247,8941345.3383031,0.9806209668780664,0.9296667110806354,0.9128949368007864,1,1,True,True
STANLY,STANLY - 0008,0008,ALBEMARLE 08,3584870.8199756113,STANLY - 0108,0108,ALBEMARLE 8 1,3912185.9929380785,3502871.056911711,0.9771261595795918,0.8953743669740587,0.8769925263611039,1,1,True,True
STANLY,STANLY - 0010,0010,ALBEMARLE 10,7408381.563206014,STANLY - 0110,0110,ALBEMARLE 10 1,12551110.188267408,7085089.726767868,0.9563613410459598,0.5644990459402471,0.5503237908193183,1,1,True,True
STANLY,STANLY - 0011,0011,ALBEMARLE 11,10110457.137815071,STANLY - 0011,0011,ALBEMARLE NUMBER 11,9910369.156812076,9834559.966865098,0.9727117016382905,0.9923505180536218,0.9654724950654006,1,1,True,True
STANLY,STANLY - 0012,0012,ALBEMARLE NORTH,22755946.935995426,STANLY - 0212,0212,NORTH ALBEMARLE 2,28538636.280853324,22611436.211621985,0.9936495402814965,0.7923096250675468,0.7883178302402326,1,1,True,True
STANLY,STANLY - 0013,0013,ALBEMARLE SOUTH,60411868.214899994,STANLY - 0113,0113,SOUTH ALBEMARLE 1,49538484.05324763,49186262.9849929,0.8141821208048916,0.9928899506114047,0.8094626870122207,1,1,True,True
STANLY,STANLY - 0014,0014,ALBEMARLE EAST,45486306.309052974,STANLY - 0014,0014,EAST ALBEMARLE,45344555.2146054,45191834.96859264,0.9935261540372265,0.9966320047624246,0.9902015529202067,1,1,True,True
STANLY,STANLY - 0015,0015,BADIN,46470843.205027886,STANLY - 0015,0015,BADIN,46298391.78951298,46126918.06375089,0.9925991198446819,0.9962963351612372,0.9889499728796951,1,1,True,True
STANLY,STANLY - 0016,0016,PALMERVILLE,47343686.51938372,STANLY - 0016,0016,PALMERVILLE,47843309.042486005,47169294.40530739,0.9963164652586797,0.9859120397257625,0.9823313750800209,1,1,True,True
STANLY,STANLY - 0017,0017,NEW LONDON,54982563.15873237,STANLY - 0017,0017,NEW LONDON,55062879.43171406,54723135.18320552,0.9952816318370264,0.9938298859047161,0.9891694281725321,1,1,True,True
STANLY,STANLY - 0018,0018,RICHFIELD,43302941.73921286,STANLY - 0018,0018,RICHFIELD,43255854.86035517,42898038.084788404,0.9906495115998597,0.9917278995705455,0.9825307563144364,1,1,True,True
STANLY,STANLY - 0019,0019,RIDENHOUR,83357438.89035523,STANLY - 0019,0019,RIDENHOUR,83566035.81035005,83081196.37748174,0.9966860484612916,0.9941981281250599,0.9909224562957637,1,1,True,True
STANLY,STANLY - 0020,0020,ALMOND,83073865.99247654,STANLY - 0120,0120,ALMOND 1,88258851.8599621,82882555.12616943,0.9976970992739831,0.9390849006021164,0.9370537325371565,1,1,True,True
STANLY,STANLY - 0021,0021,ENDY,47743949.090384975,STANLY - 0021,0021,ENDY,47680842.1408987,47628206.06486594,0.9975757550909766,0.9988960749502449,0.9964771729828497,1,1,True,True
STANLY,STANLY - 0022,0022,BIG LICK 1,47634382.372582965,STANLY - 0022,0022,BIG LICK NUMBER 1,47636972.92677628,47227655.872890964,0.9914614931603248,0.9914075763270163,0.9830145562619238,1,1,True,True
STANLY,STANLY - 0023,0023,BIG LICK 2,78989702.91818461,STANLY - 0023,0023,BIG LICK NUMBER 2,79198458.18555142,78608102.96162844,0.995168991115824,0.9925458747878669,0.9877864479723861,1,1,True,True
STANLY,STANLY - 0024,0024,FURR 1,47724532.49183511,STANLY - 0024,0024,FURR NUMBER 1,47770769.45752538,47051564.82074495,0.9858989153805687,0.9849446712927682,0.971262078642396,1,1,True,True
STANLY,STANLY - 0025,0025,FURR 2,82108506.74660444,STANLY - 0025,0025,FURR NUMBER 2,82969378.45357677,81904794.12750271,0.9975189827805491,0.9871689490036408,0.9847511144672075,1,1,True,True
STANLY,STANLY - 0026,0026,TYSON,100169852.23635323,STANLY - 0026,0026,TYSON,100000484.2339467,99915014.40113465,0.9974559427858865,0.999145305810599,0.996605589997548,1,1,True,True
STANLY,STANLY - 0027,0027,CENTER EAST,52287176.356707625,STANLY - 0027,0027,EAST CENTER,52430277.887989275,52260004.531856745,0.99948033482119,0.9967523850150805,0.996236088828865,1,1,True,True
STANLY,STANLY - 0028,0028,CENTER WEST,63197972.64921979,STANLY - 0028,0028,WEST CENTER,63034141.236338675,62915064.18073854,0.9955234565821988,0.998110911749338,0.9936512278137498,1,1,True,True
STOKES,STOKES - 01,01,DANBURY,82982679.9736799,STOKES - 01,01,DANBURY,81172345.25718066,80361554.11275457,0.9684135790534038,0.9900114855391052,0.9590431454914408,1,1,True,True
STOKES,STOKES - 02,02,SANDY RIDGE,144701799.8742176,STOKES - 02,02,SANDY RIDGE,145104180.0940636,144569846.5236648,0.9990881015255685,0.9963175866466947,0.9954123887413617,1,1,True,True
STOKES,STOKES - 03,03,LAWSONVILLE,109747717.86356331,STOKES - 03,03,LAWSONVILLE,109643712.35759385,109358788.37999976,0.996456149693727,0.9974013650991236,0.9938758767409182,1,1,True,True
STOKES,STOKES - 04,04,CHESTNUT GROVE,28329927.314371027,STOKES - 04,04,CHESTNUT GROVE,28476550.325403076,28113672.63682561,0.9923665643351045,0.9872569646101497,0.9798161118767104,1,1,True,True
STOKES,STOKES - 05,05,FRANCISCO,84158921.89479339,STOKES - 0506,0506,FRANCISCO,130446623.2890647,83962653.73351498,0.9976678864598127,0.6436552485337774,0.6426882687714308,1,1,True,True
STOKES,STOKES - 06,06,FRANS,46077605.699282594,STOKES - 0506,0506,FRANCISCO,130446623.2890647,45995498.625728406,0.9982180698778047,0.3526001476006332,0.35237834994601847,1,2,True,False
STOKES,STOKES - 07,07,REYNOLDS,47338960.11886116,STOKES - 07,07,REYNOLDS,47637549.522470504,47042318.088469565,0.9937336597667804,0.9875049946949901,0.9813937935427788,1,1,True,True
STOKES,STOKES - 08,08,FLINTY KNOLL,68983771.7776873,STOKES - 08,08,FLINTY KNOLL,69700721.48727205,68593642.80126002,0.9943446267669368,0.9841166825480538,0.9786390427204945,1,1,True,True
STOKES,STOKES - 09,09,PINNACLE,66002851.88515079,STOKES - 09,09,PINNACLE,66256410.59680456,65779512.2251595,0.996616211972478,0.9928022304958962,0.9894668973795556,1,1,True,True
STOKES,STOKES - 10,10,KING EAST,18207257.221502364,STOKES - 10,10,EAST KING,18161405.99234638,18074156.042072468,0.992689663368258,0.9951958592682372,0.9879553394013395,1,1,True,True
STOKES,STOKES - 11,11,KING WEST,20627944.094769895,STOKES - 11,11,WEST KING,20607837.94461514,20496248.456130095,0.9936156682394155,0.9945850948175665,0.9882694986293581,1,1,True,True
STOKES,STOKES - 12,12,MOUNT OLIVE,53943286.16866287,STOKES - 12,12,MOUNT OLIVE,55392746.593434535,53734799.775408864,0.9961350817115194,0.9700692433578988,0.9664318017601063,1,1,True,True
STOKES,STOKES - 13,13,MIZPAH,27852301.87301042,STOKES - 13,13,MIZPAH,27967311.7467807,27611007.71725244,0.9913366530041885,0.9872599829131138,0.9788150400856054,1,1,True,True
STOKES,STOKES - 14,14,WILSON STORE,88832564.10265735,STOKES - 140,140,WILSON ST,90515878.48958899,88057353.1370686,0.9912733469598728,0.972838739527859,0.9645777442529387,1,1,True,True
STOKES,STOKES - 15,15,GERMANTON,49480733.96879969,STOKES - 150,150,GERMANTON,47255393.95701157,47087025.725196116,0.9516234289266418,0.9964370579162112,0.9483963181234063,1,1,True,True
STOKES,STOKES - 16,16,WALNUT COVE EAST,37696259.189367734,STOKES - 1618,1618,EAST WALNUT COVE,53068210.63840515,37572645.65973192,0.9967208011539065,0.7080066429174232,0.7063612923112823,1,1,True,True
STOKES,STOKES - 17,17,WALNUT COVE WEST,37092085.25263461,STOKES - 17,17,WEST WALNUT COVE,37062891.41131495,36901452.88224038,0.9948605647513254,0.9956442003597894,0.9905493262454368,1,1,True,True
STOKES,STOKES - 18,18,FREEMAN,45585131.31651552,STOKES - 1819,1819,PINE HALL,72370191.38992126,29889301.181513794,0.6556809274932347,0.41300569485126953,0.3393965193835288,1,2,True,False
STOKES,STOKES - 19,19,PINE HALL,42554096.55595523,STOKES - 1819,1819,PINE HALL,72370191.38992126,42270251.001875006,0.9933297713486411,0.5840837254958792,0.5818018210668051,1,1,True,True
STOKES,STOKES - 20,20,MITCHELL,80548410.14426154,STOKES - 20,20,MITCHELL,80571916.62237838,80237894.93808344,0.9961449865289461,0.9958543659093972,0.9920311880355027,1,1,True,True
SURRY,SURRY - 01,01,BRYAN,181813617.94111773,SURRY - 01,01,BRYAN,182096527.7681068,178777893.82763347,0.9833030982614986,0.9817754133966823,0.9656766555293577,1,1,True,True
SURRY,SURRY - 02,02,DOBSON 1,4301482.267527285,SURRY - 29,29,DOBSON COMBINED,105125162.0334198,4201908.957831775,0.976851395983378,0.03997053489911357,0.0399327111076141,1,2,True,False
SURRY,SURRY - 03,03,DOBSON 2,99557416.66674012,SURRY - 29,29,DOBSON COMBINED,105125162.0334198,98411758.67765804,0.9884924897869029,0.936138948792987,0.9260468551651361,1,1,True,True
SURRY,SURRY - 04,04,DOBSON 3,75226078.53651276,SURRY - 04,04,DOBSON 3,68569047.0292976,68128367.39423577,0.9056482634698027,0.9935731987805877,0.9003738106468694,1,1,True,True
SURRY,SURRY - 05,05,ELDORA,79083596.93176508,SURRY - 05,05,ELDORA,79245157.56369364,78965697.21810603,0.9985091761347075,0.9964734710084588,0.9949931356870743,1,1,True,True
SURRY,SURRY - 06,06,ELKIN 1,6717023.966366919,SURRY - 30,30,ELKIN,68103902.54014714,6691567.675280235,0.9962101830789726,0.09825527503854227,0.09821856230668786,1,3,True,False
SURRY,SURRY - 07,07,ELKIN 2,9199832.201645149,SURRY - 30,30,ELKIN,68103902.54014714,9198994.922448242,0.9999089897317087,0.13507294852927773,0.13507128794338946,1,2,True,False
SURRY,SURRY - 08,08,ELKIN 3,52172793.488329686,SURRY - 30,30,ELKIN,68103902.54014714,51999166.6603454,0.9966720810526827,0.7635269745326558,0.7615853581927648,1,1,True,True
SURRY,SURRY - 09,09,FRANKLIN,110802886.06042966,SURRY - 09,09,FRANKLIN,108451405.30068327,107315363.83496284,0.9685249874848495,0.9895248801749434,0.9586956584865693,1,1,True,True
SURRY,SURRY - 10,10,LONGHILL,30903339.59026602,SURRY - 10,10,LONGHILL,31622161.808286294,30665501.385191992,0.9923038024942475,0.9697471529968701,0.9625078899037218,1,1,True,True
SURRY,SURRY - 11,11,MARSH,63679902.2910473,SURRY - 11,11,MARSH,66077130.19515846,63026378.440861695,0.9897373609777432,0.953830444129665,0.9444891458434488,1,1,True,True
SURRY,SURRY - 12,12,MT AIRY 1,9309282.776726017,SURRY - 12,12,MT AIRY 1,6637467.116980976,6521802.5327767655,0.7005698171594718,0.9825739876121872,0.6919723031888715,1,1,True,True
SURRY,SURRY - 13,13,MT AIRY 2,3704121.1716111284,SURRY - 34,34,MT AIRY COMBINED,28436925.441939447,3684602.591693659,0.9947305773722894,0.12957106066957297,0.12948218649046864,1,3,True,False
SURRY,SURRY - 14,14,MT AIRY 4,19949230.418945394,SURRY - 34,34,MT AIRY COMBINED,28436925.441939447,19907127.97975614,0.9978895206328726,0.7000450178905994,0.6990100948265641,1,1,True,True
SURRY,SURRY - 15,15,MT AIRY 5,32923308.076481994,SURRY - 15,15,MT AIRY 5,33950163.88220377,32665710.74014835,0.9921758367738978,0.9621665112866005,0.9549210347751895,1,1,True,True
SURRY,SURRY - 16,16,MT AIRY 6,15293706.780080663,SURRY - 16,16,MT AIRY 6,15444803.548638452,15167916.63907055,0.9917750390524063,0.9820724874423986,0.9741386193356443,1,1,True,True
SURRY,SURRY - 17,17,MT AIRY 7,28066779.347325515,SURRY - 17,17,MT AIRY 7,29863011.950483665,27900725.48434442,0.9940836153330532,0.9342904034799656,0.9291239913242317,1,1,True,True
SURRY,SURRY - 18,18,MT AIRY 8,26303803.393147964,SURRY - 18,18,MT AIRY 8,27006660.880931083,26085467.658619925,0.9916994614328316,0.9658901473835444,0.9581440184204784,1,1,True,True
SURRY,SURRY - 19,19,MT AIRY 9,14198431.795970092,SURRY - 19,19,MT AIRY 9,23115422.775732454,14143040.95890807,0.9960988059908318,0.6118443558711819,0.6103817153446245,1,1,True,True
SURRY,SURRY - 20,20,PILOT 1,4469855.758174367,SURRY - 32,32,PILOT,58834005.51975133,4469855.758174367,1.0,0.07597401738478912,0.07597401738478912,1,2,True,False
SURRY,SURRY - 21,21,PILOT 2,55292339.05200092,SURRY - 32,32,PILOT,58834005.51975133,54165517.39043861,0.9796206548523374,0.9206498335771911,0.9033484015597253,1,1,True,True
SURRY,SURRY - 22,22,ROCKFORD,70595985.9289883,SURRY - 22,22,ROCKFORD,72673911.53659213,70290497.88924628,0.9956727279076562,0.967203999386413,0.9631553328377918,1,1,True,True
SURRY,SURRY - 23,23,SHOALS,75028516.33599333,SURRY - 23,23,SHOALS,75452209.05696972,74693545.148843,0.9955354150194007,0.9899451067422839,0.9855696558210201,1,1,True,True
SURRY,SURRY - 24,24,SILOAM,52540176.99196711,SURRY - 24,24,SILOAM,52489906.94273145,52314777.93072655,0.9957099676067893,0.9966635678703724,0.992402053528528,1,1,True,True
SURRY,SURRY - 25,25,STEWARTS CREEK 1,80657431.69712391,SURRY - 25,25,STEWARTS CREEK 1,66215087.74452534,65363954.32813165,0.8103897304042524,0.9871459293435119,0.8019274322532701,1,1,True,True
SURRY,SURRY - 26,26,STEWARTS CREEK 2,68589196.2152138,SURRY - 26,26,STEWARTS CREEK 2,77044097.26071195,61842320.739036486,0.9016335538470592,0.8026873302151404,0.7380546939492707,1,1,True,True
SURRY,SURRY - 27,27,WESTFIELD NORTH,70506845.06973991,SURRY - 27,27,NORTH WESTFIELD,69543690.78058799,69044767.1180627,0.9792633190404275,0.9928257523159161,0.9723825028696378,1,1,True,True
SURRY,SURRY - 28,28,WESTFIELD SOUTH,45024999.46436926,SURRY - 28,28,SOUTH WESTFIELD,43937322.753845125,43501989.50899132,0.9661741260744894,0.9900919487677318,0.9569219342771235,1,1,True,True
SURRY,SURRY - 33,33,MT AIRY 3,6955276.758870396,SURRY - 34,34,MT AIRY COMBINED,28436925.441939447,4609639.563102957,0.6627542976236084,0.16210049052295056,0.1497484019558661,1,2,True,False
SWAIN,"SWAIN - ALARKA, ALMOND, BC1, & WHCH","ALARKA, ALMOND, BC1, & WHCH","ALARKA, ALMOND, BRYSON CITY 1, & WHITTIER",490155702.90729326,SWAIN - ALMOND,ALMOND,ALMOND,572730122.2368522,206139061.84022552,0.42055832589020004,0.3599235553302657,0.24060675881082996,1,2,True,False
SWAIN,SWAIN - BC2,BC2,BC2,910107509.2694664,SWAIN - ALMOND,ALMOND,ALMOND,572730122.2368522,365523138.39908916,0.4016263295008858,0.6382118282368381,0.32714436325136764,1,1,True,True
TRANSYLVANIA,TRANSYLVANIA - B1,B1,BREVARD 1,6590346.694047125,TRANSYLVANIA - B1,B1,BREVARD 1,6506563.5286245365,6423172.263052446,0.974633439065401,0.987183516274724,0.9624549693016317,1,1,True,True
TRANSYLVANIA,TRANSYLVANIA - B2,B2,BREVARD 2,11480387.888302892,TRANSYLVANIA - B2,B2,BREVARD 2,11424016.686068535,11388535.228440715,0.9919991675581132,0.9968941346460839,0.988942726452954,1,1,True,True
TRANSYLVANIA,TRANSYLVANIA - B3,B3,BREVARD 3,16947356.859242924,TRANSYLVANIA - B3,B3,BREVARD 3,16483762.38677663,16439939.968756406,0.9700592313774418,0.9973414796335951,0.9675573249206788,1,1,True,True
TRANSYLVANIA,TRANSYLVANIA - B4,B4,BREVARD 4,6186926.377372439,TRANSYLVANIA - B4,B4,BREVARD 4,6271709.398997427,6158629.285714937,0.9954263086496401,0.9819698098096563,0.9775591969389711,1,1,True,True
TRANSYLVANIA,TRANSYLVANIA - BD,BD,BOYD,124367880.37161416,TRANSYLVANIA - BD,BD,BOYD,124420996.72669618,124109110.11615615,0.997919316026897,0.9974932959970967,0.9954230194697128,1,1,True,True
TRANSYLVANIA,TRANSYLVANIA - BG & GL,BG & GL,BALSAM GROVE & GLOUCESTER,147927407.53644216,TRANSYLVANIA - TC1,TC1,TRANSYLVANIA COUNTY 1,147370493.5253721,146894235.3208374,0.993015680915315,0.9967682933459628,0.9898288872272604,1,1,True,True
TRANSYLVANIA,TRANSYLVANIA - CC,CC,CATHEYS CREEK,75096692.8262764,TRANSYLVANIA - CC.1,CC.1,CATHEYS CREEK,75754502.98063815,74729151.41435681,0.9951057576827006,0.98646481032892,0.9817018448556392,1,1,True,True
TRANSYLVANIA,TRANSYLVANIA - CM,CM,CEDAR MOUNTAIN,62200575.165117785,TRANSYLVANIA - CM,CM,CEDAR MOUNTAIN,62253668.29823988,61917272.41132408,0.9954453354644768,0.9945963684372104,0.9900906834743581,1,1,True,True
TRANSYLVANIA,TRANSYLVANIA - DR,DR,DUNNS ROCK,48316075.01912643,TRANSYLVANIA - DR,DR,DUNNS ROCK,48193524.5324349,47876918.66168092,0.9909107609160789,0.9934305308892505,0.9844597868270769,1,1,True,True
TRANSYLVANIA,TRANSYLVANIA - EF & RE,EF & RE,EAST FORK & ROSMAN EASTATOE,141636970.92493537,TRANSYLVANIA - RE.1,RE.1,ROSMAN EASTATOE,81008503.02586865,80416157.3764025,0.5677624765007251,0.9926878583439939,0.5653979032820285,1,1,True,True
TRANSYLVANIA,TRANSYLVANIA - LR,LR,LITTLE RIVER,43848653.33935531,TRANSYLVANIA - LR,LR,LITTLE RIVER,44162407.53157509,43667668.04623086,0.9958725005367037,0.9887972709596844,0.9847615453977554,1,1,True,True
TRANSYLVANIA,"TRANSYLVANIA - LT, QB, & SW","LT, QB, & SW","LAKE TOXAWAY, QUEBEC, & SAPPHIRE WHITEWATER",158903030.67335296,TRANSYLVANIA - TC7,TC7,TRANSYLVANIA COUNTY 7,158492906.7425575,158310623.12366548,0.9962718926934424,0.9988498941521207,0.9951303414018695,1,1,True,True
TRANSYLVANIA,TRANSYLVANIA - PF,PF,PISGAH FOREST,123117002.05333933,TRANSYLVANIA - PF,PF,PISGAH FOREST,122998049.10971785,122776404.68175724,0.9972335472282331,0.9981979841992218,0.9954414790855683,1,1,True,True
TRANSYLVANIA,TRANSYLVANIA - WC,WC,WILLIAMSON CREEK,19029962.952573586,TRANSYLVANIA - WC,WC,WILLIAMSON CREEK,18637096.49809641,18563513.750897404,0.9754886962818232,0.9960518127270241,0.9717313237363252,1,1,True,True
TYRRELL,TYRRELL - 1,1,ALLIGATOR,548537834.8165435,TYRRELL - 1,1,ALLIGATOR,534271216.75509435,533590163.75554633,0.9727499725410986,0.9987252672833764,0.971543724356074,1,1,True,True
TYRRELL,TYRRELL - 14,14,KILKENNY,109308608.76734246,TYRRELL - 14,14,KILKENNY,109139896.0015594,108971018.27706525,0.996911583688749,0.9984526490249565,0.9953737683335545,1,1,True,True
TYRRELL,TYRRELL - 15,15,SCUPPERNONG,69951363.12883145,TYRRELL - 15,15,SCUPPERNONG,69281384.41440521,69119758.04826123,0.9881116672588834,0.9976671025339617,0.9858338454276664,1,1,True,True
TYRRELL,TYRRELL - 16,16,SOUTH FORK,101247041.01207864,TYRRELL - 16,16,SOUTH FORK,107366466.48076679,101221345.18706621,0.9997462066569495,0.9427649852405138,0.9425394089641036,1,1,True,True
TYRRELL,TYRRELL - 2,2,COLUMBIA,314820821.3300509,TYRRELL - 2,2,COLUMBIA,315909627.4919581,314699292.2941831,0.9996139739571405,0.9961687296225064,0.9957856552870428,1,1,True,True
TYRRELL,TYRRELL - 3,3,GUMNECK,410904462.387709,TYRRELL - 3,3,GUMNECK,410710619.4946165,410278808.34785146,0.9984773734599474,0.9989486243445656,0.9974291953939871,1,1,True,True
UNION,UNION - 001,001,01,5189095.0343404105,UNION - 001,001,BENTON HEIGHTS CHURCH OF GOD,5221369.281974867,5138611.570808694,0.9902712393591508,0.9841501899795005,0.9747259301179347,1,1,True,True
UNION,UNION - 002,002,02,3825093.1696310677,UNION - 002,002,MONROE MIDDLE SCHOOL,3768134.2061574953,3740101.7183462987,0.9777805539589075,0.9925606450626443,0.9706669470076427,1,1,True,True
UNION,UNION - 003,003,03,5585045.488716762,UNION - 003,003,ST LUKES LUTHERAN CHURCH,5606383.656104421,5520768.70699325,0.9884912697929914,0.9847290242047652,0.973567147516931,1,1,True,True
UNION,UNION - 004,004,04,13366098.546357408,UNION - 004,004,SUTTON PARK RECREATION CENTER,13306578.314044263,13221053.890581692,0.9891483176431282,0.9935727711930041,0.9828593858335465,1,1,True,True
UNION,UNION - 005,005,05,20340558.471660424,UNION - 0005,0005,005,22047279.85486792,20293693.628861073,0.997695990360115,0.9204624680436637,0.9185100354214532,1,1,True,True
UNION,UNION - 006,006,06,28572587.9236837,UNION - 006,006,BENTON HEIGHTS PRESBYTERIAN CHURCH,28607139.612413332,28522874.420140594,0.998260097976568,0.9970543999360155,0.9953247240625578,1,1,True,True
UNION,UNION - 007,007,07,49248150.89933749,UNION - 007,007,MT CARMEL METHODIST CHURCH,49139992.97135716,49041128.88630544,0.9957963495227423,0.9979881135695451,0.9938013252031446,1,1,True,True
UNION,UNION - 008,008,08,14549092.18716638,UNION - 008,008,WINGATE COMMUNITY CENTER,14621955.396601181,14494263.3092331,0.9962314571089429,0.9912670991051058,0.9875639675635176,1,1,True,True
UNION,UNION - 009,009,09,5323952.589686597,UNION - 009,009,BEAVER LANE VFD,5089102.548444044,4817851.977379024,0.9049389332865255,0.9466997238741136,0.8610682827702418,1,1,True,True
UNION,UNION - 010,010,10,2219653.5490486696,UNION - 010,010,ELLEN FITZGERALD SENIOR CENTER,2255865.3743177215,2178811.3236940913,0.9815997296640806,0.9658427974023339,0.9486672678772734,1,1,True,True
UNION,UNION - 011,011,11,149308101.10361448,UNION - 011,011,EUTO BAPTIST CHURCH,149534341.92252642,148952087.45546576,0.9976155771487466,0.9961062157389751,0.9937403036263598,1,1,True,True
UNION,UNION - 012,012,12,83877879.82363966,UNION - 012,012,BETHLEHEM PRESBYTERIAN CHURCH,83854024.04205066,83613800.23580977,0.9968516182289641,0.997135214332464,0.9940048173661914,1,1,True,True
UNION,UNION - 013,013,13,40268909.392344415,UNION - 013,013,UNIONVILLE VFD,40333556.263457276,40150489.525953725,0.9970592730675442,0.9954611803554398,0.9925470488035867,1,1,True,True
UNION,UNION - 014,014,14,13749142.556572797,UNION - 014,014,INDIAN TRAIL LIBRARY,13775804.459423631,13618433.044006202,0.990493260795808,0.9885762449749513,0.9792844613276729,1,1,True,True
UNION,UNION - 015,015,15,8717148.292167543,UNION - 015,015,STALLINGS UNITED METHODIST CHURCH,8632208.39813828,8483492.374086525,0.973195830763719,0.9827719608711222,0.9568714421409251,1,1,True,True
UNION,UNION - 016,016,16,19597920.714034826,UNION - 016,016,HEMBY BRIDGE ELEMENTARY SCHOOL,19637140.608428355,19441919.658052415,0.9920399179964693,0.9900585857040637,0.9822553684345182,1,1,True,True
UNION,UNION - 017A,017A,17A,11722117.175604945,UNION - 017A,017A,WESLEY CHAPEL ELEMENTARY SCHOOL,11541173.752651714,11446557.923074333,0.9764923649539964,0.991801888472943,0.9686736526969297,1,1,True,True
UNION,UNION - 017B,017B,17B,18604390.029312484,UNION - 017B,017B,SILER PRESBYTERIAN CHURCH,18762307.235173285,18503810.189489525,0.9945937577279078,0.9862225342308029,0.9809638426992072,1,1,True,True
UNION,UNION - 018,018,18,12821721.265606306,UNION - 018,018,PROVIDENCE VFD,12796867.305138944,12704027.399440704,0.990820743664011,0.9927451067918038,0.9836979538777021,1,1,True,True
UNION,UNION - 019,019,19,42567135.53826538,UNION - 0019,0019,019,36743849.25928479,36658240.34336669,0.8611864500587094,0.9976701157433454,0.8594579507713521,1,1,True,True
UNION,UNION - 020A,020A,20A,17174302.271998774,UNION - 0020A,0020A,0020A,13247495.435467793,13097212.841100404,0.7626052362228587,0.9886557730780542,0.7559899958426853,1,1,True,True
UNION,UNION - 020B,020B,20B,23549651.91281172,UNION - 0020B,0020B,0020B,20514555.749138504,20390320.88789007,0.865843833419768,0.9939440628026444,0.8613000933261227,1,1,True,True
UNION,UNION - 021,021,21,74613609.47900814,UNION - 021,021,WALKERSVILLE PRESBYTERIAN CHURCH,74600577.98969819,74440900.95021233,0.9976852945461055,0.9978595736951541,0.9955547551303708,1,1,True,True
UNION,UNION - 022 & 033,022 & 033,22 & 33,90285004.25878383,UNION - 022,022,TIRZAH PRESBYTERIAN CHURCH,45217365.31694424,45150877.376483895,0.5000927645422486,0.9985295927793602,0.4997247558116323,1,1,True,True
UNION,UNION - 023,023,23,31818881.553455845,UNION - 023,023,GRIFFITH ROAD VFD,31888268.469517644,31702202.11010006,0.9963330124234643,0.9941650529066686,0.9905406562885986,1,1,True,True
UNION,UNION - 024,024,24,109151544.49028939,UNION - 024,024,PROSPECT ELEMENTARY SCHOOL,109248624.91485065,108939975.9740563,0.9980616992895422,0.9971748025109248,0.9952474279395919,1,1,True,True
UNION,UNION - 025,025,25,71875818.23436049,UNION - 025,025,ROCK REST ELEMENTARY SCHOOL,71910718.65205616,71668328.12343621,0.99711321392895,0.996629285130736,0.9937618994251123,1,1,True,True
UNION,UNION - 026,026,26,131389030.05117278,UNION - 026,026,UNION BAPTIST CHURCH,131055139.73563865,130924640.52104749,0.9964655380289783,0.9990042419179103,0.9954768029657837,1,1,True,True
UNION,UNION - 027,027,27,115590481.61107533,UNION - 027,027,ALLENS CROSSROADS VFD,115661589.13295145,115276239.24798608,0.9972814166122556,0.9966682985435863,0.9939677755353838,1,1,True,True
UNION,UNION - 028,028,28,46547458.88725074,UNION - 028A,028A,SANDY RIDGE ELEMENTARY SCHOOL,17027029.768893115,16776208.318470282,0.3604108305698564,0.9852692187758395,0.3584791619995723,1,1,True,True
UNION,UNION - 029A,029A,29A,5861548.285022984,UNION - 029A,029A,SHILOH ELEMENTARY SCHOOL,5815310.149439444,5774589.171344723,0.9851644805348694,0.9929976257416561,0.9783676267413223,1,1,True,True
UNION,UNION - 029B,029B,29B,2610605.4141792567,UNION - 029B,029B,BRANDON OAKS CLUBHOUSE,2653589.136309226,2582497.8728236216,0.9892333244989949,0.9732093930771504,0.9630089392035123,1,1,True,True
UNION,UNION - 029C,029C,29C,7829142.272105233,UNION - 029C,029C,STALLINGS VFD,7829150.282128824,7728060.115179173,0.9870889870929783,0.9870879771997219,0.9745061288645145,1,1,True,True
UNION,UNION - 030,030,30,14188284.671625543,UNION - 0030,0030,030,12617730.235455511,12556538.61069353,0.8849934224821931,0.9951503460907704,0.8811929890979094,1,1,True,True
UNION,UNION - 031,031,31,22689864.35412587,UNION - 031,031,GRACE BAPTIST CHURCH,22654947.90592828,22525574.597895194,0.9927593328163374,0.9942894016543189,0.9871308994361919,1,1,True,True
UNION,UNION - 032,032,32,40064748.24006835,UNION - 032,032,FAIRVIEW ELEMENTARY SCHOOL,40021449.20791635,39925557.46873159,0.9965258543370163,0.9976039913325829,0.9941464451103628,1,1,True,True
UNION,UNION - 034,034,34,70010105.37992382,UNION - 034,034,MIDWAY BAPTIST CHURCH,69904844.52637285,69765399.24260302,0.996504702628387,0.9980052128759513,0.9945238220707598,1,1,True,True
UNION,UNION - 035,035,35,4660628.865200822,UNION - 035,035,ROCK HILL AME ZION CHURCH,4592263.516284371,4467266.179949914,0.9585114603965411,0.9727808877057663,0.9334757859936422,1,1,True,True
UNION,UNION - 036,036,36,113344133.39269981,UNION - 036,036,CROSSROADS AME ZION CHURCH,113554858.89869249,113080259.30929123,0.9976719211174844,0.9958205259202103,0.9935118441976861,1,1,True,True
UNION,UNION - 037,037,37,13896111.957983896,UNION - 037A,037A,NEXT LEVEL CHURCH,11636213.260133935,11471311.166565076,0.8255050910103188,0.9858285431967958,0.8158238889817694,1,1,True,True
UNION,UNION - 038A,038A,38A,10599429.089706907,UNION - 038A,038A,SARDIS ELEMENTARY SCHOOL,10607742.755588809,10400483.433843153,0.98123053098615,0.9804615056642036,0.962411706330042,1,1,True,True
UNION,UNION - 038B,038B,38B,2061065.7711530037,UNION - 038B,038B,LAKE PARK COMMUNITY CENTER,2009023.732672782,1875050.5970494868,0.9097480649540572,0.9333143091121882,0.854222032812732,1,1,True,True
UNION,UNION - 039,039,39,36471156.86207376,UNION - 039,039,PORTER RIDGE ELEMENTARY SCHOOL,36383738.55376453,36336856.89698171,0.9963176390154022,0.9987114667528313,0.9950385719161419,1,1,True,True
UNION,UNION - 040,040,40,12097112.614941137,UNION - 040,040,SPIRIT OF JOY LUTHERAN CHURCH,12242775.06134551,12014418.531290427,0.9931641469925166,0.981347649621034,0.9747635883026757,1,1,True,True
UNION,UNION - 041,041,41,23583678.314798545,UNION - 041,041,WEDDINGTON ELEMENTARY SCHOOL,23731972.27751531,23096665.01381592,0.9793495614008173,0.9732299003104219,0.9536594726048959,1,1,True,True
UNION,UNION - 042,042,42,11733895.458305748,UNION - 042,042,NEW SALEM BAPTIST CHURCH,11810787.330902264,11582277.551112555,0.9870786383147916,0.9806524515777347,0.9682231391248688,1,1,True,True
UNION,UNION - 043,043,43,3390270.4011758175,UNION - 043,043,THE BAZEMORE CENTER,3416531.6189312516,3366147.1653406266,0.9928845687863646,0.9852527477540554,0.9783449103235107,1,1,True,True
VANCE,VANCE - DABN,DABN,DABNEY,44990297.61197037,VANCE - CC,CC,COMMUNITY COLLEGE,71479336.41776389,44457577.234466754,0.9881592164137656,0.6219640453099989,0.6173629696602199,1,1,True,True
VANCE,VANCE - EH1,EH1,HENDERSON EAST 1,3180633.7748367623,VANCE - EH1,EH1,CENTRAL HENDERSON,3157619.570466133,3052825.337862718,0.9598166761652388,0.9668122678287223,0.9292017146470088,1,1,True,True
VANCE,VANCE - EH2,EH2,HENDERSON EAST 2,6535652.865450619,VANCE - NV,NV,NORTHERN VANCE,28644841.279771104,6424571.926132581,0.9830038495610371,0.22428373274560937,0.22341734955270312,1,2,True,False
VANCE,VANCE - HTOP,HTOP,HILLTOP,16063163.721836641,VANCE - HTOP,HTOP,SOUTH HENDERSON,16158626.793757789,16018884.254180409,0.9972434155299035,0.9913518307365473,0.9886426543322141,1,1,True,True
VANCE,VANCE - KITT,KITT,KITTRELL,123976098.38005695,VANCE - KITT,KITT,KITTRELL,123541814.74712914,123363382.63625598,0.9950577913661821,0.9985556945942685,0.9936277165920101,1,1,True,True
VANCE,VANCE - MIDD,MIDD,MIDDLEBURG,116592879.27859268,VANCE - MIDD,MIDD,MIDDLEBURG,116476948.02530427,116379740.5041174,0.998171940037899,0.9991654355403804,0.997340422788487,1,1,True,True
VANCE,VANCE - NH1,NH1,HENDERSON NORTH 1,4294717.635740044,VANCE - NH1,NH1,CENTRAL HENDERSON,4378246.257409413,4236625.937671389,0.9864736862826038,0.9676536422549653,0.9549826862130575,1,1,True,True
VANCE,VANCE - NH2,NH2,HENDERSON NORTH 2,22248746.340655282,VANCE - NV,NV,NORTHERN VANCE,28644841.279771104,22140315.847398028,0.9951264448074039,0.7729250663725425,0.7700103147276085,1,1,True,True
VANCE,VANCE - SCRK,SCRK,SANDY CREEK,87818088.43232098,VANCE - SCRK,SCRK,SANDY CREEK,87842769.30594726,87691716.61094984,0.9985609818702837,0.9982804197068137,0.9968463427877845,1,1,True,True
VANCE,VANCE - SH1,SH1,HENDERSON SOUTH 1,4289440.063886839,VANCE - SH1,SH1,SOUTH HENDERSON,4021090.8515446736,3946310.7051289454,0.9200060255773874,0.9814030199325137,0.9042418839940599,1,1,True,True
VANCE,VANCE - SH2,SH2,HENDERSON SOUTH 2,8616529.335546056,VANCE - SH2,SH2,SOUTH HENDERSON,8785076.844719721,8564975.01039658,0.99401681081305,0.9749459409162216,0.9692579497491193,1,1,True,True
VANCE,VANCE - TWNS,TWNS,TOWNSVILLE,102506509.72432187,VANCE - NH,NH,NEW HOPE,209849259.3357152,102066721.94779085,0.9957096600234094,0.48638113982811493,0.4853639471451434,1,2,True,False
VANCE,VANCE - WATK,WATK,WATKINS,28134919.334534522,VANCE - CC,CC,COMMUNITY COLLEGE,71479336.41776389,26881013.894777052,0.9554324139035881,0.3760669200630218,0.36958360727870243,1,2,True,False
VANCE,VANCE - WH1,WH1,HENDERSON WEST 1,6085702.298224736,VANCE - WH,WH,WEST HENDERSON,21556541.18389665,6066799.773691664,0.9968939452495753,0.2814366053411081,0.281190035100938,1,2,True,False
VANCE,VANCE - WH2,WH2,HENDERSON WEST 2,15495254.393864535,VANCE - WH,WH,WEST HENDERSON,21556541.18389665,15367809.644945532,0.9917752399747973,0.7129070250113095,0.7087170086053468,1,1,True,True
VANCE,VANCE - WMSB,WMSB,WILLIAMSBORO,108011300.6497431,VANCE - NH,NH,NEW HOPE,209849259.3357152,107677594.49545574,0.9969104514779478,0.5131187731436972,0.5123040977389648,1,1,True,True
WAKE,WAKE - 01-01,01-01,01 01,1446819.7072712309,WAKE - 01-01,01-01,01 01,1439849.160495427,1437784.2114715173,0.9937549262328235,0.9985658573963406,0.9923386276641182,1,1,True,True
WAKE,WAKE - 01-02,01-02,01 02,2288528.105328181,WAKE - 01-02,01-02,01 02,2272370.269483792,2265497.5556989936,0.9899365231409799,0.9969755308467577,0.9869725308255567,1,1,True,True
WAKE,WAKE - 01-03,01-03,01 03,2061345.723813293,WAKE - 01-03,01-03,01 03,2083283.2572511318,2056850.2179961705,0.997819140299859,0.987311836178322,0.9851859087661997,1,1,True,True
WAKE,WAKE - 01-04,01-04,01 04,1092410.3963315159,WAKE - 01-04,01-04,01 04,1074618.1233776892,1045074.0337360221,0.9566679676846205,0.9725073595922563,0.9314763181587755,1,1,True,True
WAKE,WAKE - 01-05,01-05,01 05,1317175.4168623788,WAKE - 01-05,01-05,01 05,1232008.3065171046,1229179.9531190973,0.9331938156324736,0.9977042740839929,0.931194274450161,1,1,True,True
WAKE,WAKE - 01-06,01-06,01 06,1674509.9703798047,WAKE - 01-06,01-06,01 06,1706409.178845037,1637588.6695127843,0.9779509817677311,0.9596693980638143,0.9393449426658688,1,1,True,True
WAKE,WAKE - 01-07,01-07,01 07,1301532.3508727755,WAKE - 01-07,01-07,01 07,1299204.604705593,1254613.2056202868,0.9639508420816233,0.9656779240746218,0.9320192186337662,1,1,True,True
WAKE,WAKE - 01-09,01-09,01 09,776296.5811970148,WAKE - 01-09,01-09,01 09,758392.5140355132,692508.9782138298,0.8920675357683681,0.9131273916838817,0.8222813198978132,1,1,True,True
WAKE,WAKE - 01-10,01-10,01 10,1216124.6577945333,WAKE - 01-10,01-10,01 10,1221090.5023126514,1128632.3556612288,0.9280564689051092,0.9242823144752056,0.8624844769674955,1,1,True,True
WAKE,WAKE - 01-11,01-11,01 11,4776897.633193741,WAKE - 01-11,01-11,01 11,4641761.864172423,4574771.144698142,0.9576866610891847,0.9855678250124482,0.9444419052677692,1,1,True,True
WAKE,WAKE - 01-12,01-12,01 12,2703886.376977508,WAKE - 01-12,01-12,01 12,2749428.22916663,2605113.043771435,0.9634698654325538,0.9475108373936576,0.914651925687885,1,1,True,True
WAKE,WAKE - 01-13,01-13,01 13,3070632.6265703174,WAKE - 01-13,01-13,01 13,3080464.333505166,2997003.1126615116,0.9760213861887331,0.9729062856089988,0.9501946542011556,1,1,True,True
WAKE,WAKE - 01-14,01-14,01 14,3610028.860227126,WAKE - 01-14,01-14,01 14,3657178.947352475,3518008.4733598456,0.9745097919074556,0.9619459490508719,0.9383359378228356,1,1,True,True
WAKE,WAKE - 01-15,01-15,01 15,1894696.032595473,WAKE - 01-15,01-15,01 15,1889602.1205112245,1817166.0098164217,0.9590804955279049,0.9616659454873995,0.9237640775758881,1,1,True,True
WAKE,WAKE - 01-16,01-16,01 16,5286417.9158692155,WAKE - 01-16,01-16,01 16,5437061.8225585865,5260172.969543814,0.9950354007679534,0.9674660949631189,0.9628185258610931,1,1,True,True
WAKE,WAKE - 01-17,01-17,01 17,1437253.013538546,WAKE - 01-17,01-17,01 17,1425942.2243450093,1360041.5877759664,0.9462784735636188,0.9537844974053464,0.904792126658922,1,1,True,True
WAKE,WAKE - 01-18,01-18,01 18,4440226.611387888,WAKE - 01-18,01-18,01 18,4555978.930090842,4383360.041675978,0.9871928676869637,0.9621115700788762,0.9502507816191574,1,1,True,True
WAKE,WAKE - 01-19,01-19,01 19,2930328.4753569993,WAKE - 01-19,01-19,01 19,2888007.028269476,2832311.8860702375,0.9665509890406329,0.980715025395,0.9485229351227309,1,1,True,True
WAKE,WAKE - 01-20,01-20,01 20,2511197.1805695044,WAKE - 01-20,01-20,01 20,2561381.4147684625,2388250.8385865856,0.95104074545232,0.9324073427004517,0.8897016515885107,1,1,True,True
WAKE,WAKE - 01-21,01-21,01 21,9916487.342941305,WAKE - 01-21,01-21,01 21,10008106.651735699,9613313.487954635,0.9694272937077388,0.9605526622048343,0.9323103451300061,1,1,True,True
WAKE,WAKE - 01-22,01-22,01 22,5869211.643772455,WAKE - 01-22,01-22,01 22,5720020.034945304,5649591.014609526,0.9625808979991447,0.9876872773337321,0.9511671385692734,1,1,True,True
WAKE,WAKE - 01-23,01-23,01 23,7531196.427521772,WAKE - 01-23,01-23,01 23,7430881.618558117,7309050.830230149,0.9705032793355621,0.9836048002670769,0.9550535525462133,1,1,True,True
WAKE,WAKE - 01-25,01-25,01 25,875091.5997058717,WAKE - 01-25,01-25,01 25,816218.5685780764,754352.8410485764,0.8620272909740226,0.924204459551471,0.8051090686001716,1,1,True,True
WAKE,WAKE - 01-26,01-26,01 26,2528506.8665153463,WAKE - 01-26,01-26,01 26,2599484.690197743,2464856.0454062046,0.9748267161335172,0.9482094873267759,0.9255466103550329,1,1,True,True
WAKE,WAKE - 01-27,01-27,01 27,4143369.3777801255,WAKE - 01-27,01-27,01 27,4013149.2009004042,3813508.895319267,0.920388347650147,0.9502534554318726,0.8780797588201116,1,1,True,True
WAKE,WAKE - 01-28,01-28,01 28,7515173.419158122,WAKE - 01-28,01-28,01 28,7269235.680317986,7159332.206650604,0.9526502992465368,0.984881013836853,0.9389193456379277,1,1,True,True
WAKE,WAKE - 01-29,01-29,01 29,3005276.792931575,WAKE - 01-29,01-29,01 29,2956577.5137112364,2948357.9489803975,0.9810603655260471,0.9972199055520377,0.9783844408783209,1,1,True,True
WAKE,WAKE - 01-30,01-30,01 30,1751450.5874827385,WAKE - 01-30,01-30,01 30,1741043.7703627283,1670530.88557426,0.9537984671181733,0.9594996484357325,0.9168849491213042,1,1,True,True
WAKE,WAKE - 01-31,01-31,01 31,4496820.7967804745,WAKE - 01-31,01-31,01 31,4415413.727093611,4307584.331231508,0.9579177214078776,0.9755788692687062,0.9354856831718232,1,1,True,True
WAKE,WAKE - 01-32,01-32,01 32,3636998.9516575905,WAKE - 01-32,01-32,01 32,3570286.659650089,3356361.2084162277,0.9228381016955036,0.9400817156640224,0.8715728633613572,1,1,True,True
WAKE,WAKE - 01-33,01-33,01 33,2508625.6188684674,WAKE - 01-33,01-33,01 33,2485608.9219787344,2483034.4023104073,0.9897987103513664,0.9989642297927231,0.988783954016983,1,1,True,True
WAKE,WAKE - 01-34,01-34,01 34,1364440.3900679941,WAKE - 01-34,01-34,01 34,1347217.5093745205,1310436.6762617908,0.9604206133156816,0.9726986675449266,0.9352104111634457,1,1,True,True
WAKE,WAKE - 01-35,01-35,01 35,4318162.201888749,WAKE - 01-35,01-35,01 35,4433947.84258906,4183533.5477661365,0.9688226963628817,0.9435234008804438,0.9157192729020343,1,1,True,True
WAKE,WAKE - 01-36,01-36,01 36,2988398.881414079,WAKE - 01-36,01-36,01 36,2982825.0005328176,2867224.404657813,0.9594517058917758,0.961244593345451,0.9237193580850529,1,1,True,True
WAKE,WAKE - 01-37,01-37,01 37,2137067.470126384,WAKE - 01-37,01-37,01 37,2097098.219236854,2039860.5443767214,0.9545138714109416,0.9727062498384259,0.9296157141304321,1,1,True,True
WAKE,WAKE - 01-38,01-38,01 38,3762090.0559902578,WAKE - 01-38,01-38,01 38,3829865.1570563894,3742222.648530807,0.9947190505373956,0.9771160328284393,0.9720734066111538,1,1,True,True
WAKE,WAKE - 01-39,01-39,01 39,2854385.627642359,WAKE - 01-39,01-39,01 39,2889761.84629152,2771476.754789614,0.9709538640995662,0.9590675295081139,0.9323187855758985,1,1,True,True
WAKE,WAKE - 01-40,01-40,01 40,8000728.690535707,WAKE - 01-40,01-40,01 40,7893467.685889721,7676392.35592938,0.9594616506631459,0.9724993705430147,0.9341172333610863,1,1,True,True
WAKE,WAKE - 01-41,01-41,01 41,1961941.3485988167,WAKE - 01-41,01-41,01 41,1997052.9645720222,1857559.6141219733,0.9467967100283651,0.9301504001522849,0.883948292546386,1,1,True,True
WAKE,WAKE - 01-42,01-42,01 42,5115101.810469167,WAKE - 01-42,01-42,01 42,5113926.133367298,5071274.88673193,0.9914318570067294,0.9916597843764153,0.983233363556736,1,1,True,True
WAKE,WAKE - 01-43,01-43,01 43,2307847.7565970737,WAKE - 01-43,01-43,01 43,2321969.5152309807,2252790.892601721,0.9761436325953605,0.9702069203856977,0.947734914635214,1,1,True,True
WAKE,WAKE - 01-44,01-44,01 44,3071381.1235861527,WAKE - 01-44,01-44,01 44,2960600.413335898,2908497.8406113368,0.9469674141955288,0.9824013492365037,0.9311711292255802,1,1,True,True
WAKE,WAKE - 01-45,01-45,01 45,2130981.4148788378,WAKE - 01-45,01-45,01 45,2160186.8553941236,2096376.2688666289,0.9837609348581876,0.9704606171599667,0.9551594262797375,1,1,True,True
WAKE,WAKE - 01-46,01-46,01 46,4146769.406717428,WAKE - 01-46,01-46,01 46,4189105.650698914,4116827.1618915475,0.9927793803105192,0.9827460811843436,0.9757716109974306,1,1,True,True
WAKE,WAKE - 01-47,01-47,01 47,2870747.912174287,WAKE - 01-47,01-47,01 47,2922143.447511558,2865803.760960236,0.9982777480415179,0.9807197396146655,0.9790632033725079,1,1,True,True
WAKE,WAKE - 01-48,01-48,01 48,2797172.415941706,WAKE - 01-48,01-48,01 48,2873207.5148961646,2617859.8108104886,0.9358950474024144,0.9111279979737544,0.857606078870663,1,1,True,True
WAKE,WAKE - 01-49,01-49,01 49,2840238.3253645278,WAKE - 01-49,01-49,01 49,2905582.431905634,2741032.8982768958,0.9650714427019431,0.943367797168013,0.9122217696910094,1,1,True,True
WAKE,WAKE - 01-50,01-50,01 50,3394702.4378099963,WAKE - 01-50,01-50,01 50,3386253.9652798553,3322441.5392147815,0.9787136280958304,0.9811554518003199,0.960655561703203,1,1,True,True
WAKE,WAKE - 01-51,01-51,01 51,1188402.0594798839,WAKE - 01-51,01-51,01 51,1214225.7192183458,1150656.5519944578,0.9682384364918168,0.9476463344354042,0.9190758760678084,1,1,True,True
WAKE,WAKE - 02-01,02-01,02 01,9812802.248438435,WAKE - 02-01,02-01,02 01,9812738.570586266,9700463.258868841,0.9885517931855327,0.9885582081994959,0.9773690129950491,1,1,True,True
WAKE,WAKE - 02-02,02-02,02 02,39314655.49348044,WAKE - 02-02,02-02,02 02,38909083.1891867,38575152.85784084,0.9811901534845644,0.9914176766971816,0.9729263239872402,1,1,True,True
WAKE,WAKE - 02-03,02-03,02 03,20184021.59733873,WAKE - 02-03,02-03,02 03,20092178.71521833,19778940.477388363,0.9799306041168835,0.9844099416857808,0.9649553470289792,1,1,True,True
WAKE,WAKE - 02-04,02-04,02 04,17161207.13482019,WAKE - 02-04,02-04,02 04,16919494.757547323,16863069.383810386,0.9826272272884068,0.9966650674535203,0.9794069756936372,1,1,True,True
WAKE,WAKE - 02-05,02-05,02 05,2868891.925111781,WAKE - 02-05,02-05,02 05,2970443.768306984,2854916.905945807,0.9951287746172491,0.9611078776869013,0.9566073360512497,1,1,True,True
WAKE,WAKE - 02-06,02-06,02 06,9690293.892474659,WAKE - 02-06,02-06,02 06,9679766.157114293,9627191.109527668,0.9934880424012738,0.9945685622221375,0.9881269232661064,1,1,True,True
WAKE,WAKE - 03-00,03-00,03 00,102226172.35992919,WAKE - 03-02,03-02,03 02,85329137.82177219,85211985.04575698,0.8335632947865173,0.9986270484033262,0.8326091118553013,1,1,True,True
WAKE,WAKE - 04-01,04-01,04 01,2307491.130776552,WAKE - 04-01,04-01,04 01,2253129.6072413283,1976031.5077152278,0.8563549741793476,0.8770163515513997,0.7645437366013619,1,1,True,True
WAKE,WAKE - 04-02,04-02,04 02,5765730.8956116475,WAKE - 04-02,04-02,04 02,5787751.263990856,5128694.230976931,0.8895132852767077,0.8861289984740149,0.7982666957964618,1,1,True,True
WAKE,WAKE - 04-03,04-03,04 03,2474477.844078201,WAKE - 04-03,04-03,04 03,2885425.339468861,2394653.9414085587,0.9677411123883478,0.8299136729177538,0.8075725667099614,1,1,True,True
WAKE,WAKE - 04-04,04-04,04 04,1725842.0216687466,WAKE - 04-04,04-04,04 04,1672850.6672799143,1391618.8023900033,0.8063419391332372,0.8318846562991787,0.6933570366839271,1,1,True,True
WAKE,WAKE - 04-05,04-05,04 05,18078752.28298224,WAKE - 04-05,04-05,04 05,19099679.854519308,17738897.63551124,0.981201432369262,0.928753663444988,0.912516584885047,1,1,True,True
WAKE,WAKE - 04-06,04-06,04 06,4111320.7177509586,WAKE - 04-06,04-06,04 06,4085005.6912579257,3433213.2153210533,0.8350633412027134,0.8404427006474595,0.7207918593811318,1,1,True,True
WAKE,WAKE - 04-07,04-07,04 07,5511415.616884067,WAKE - 04-07,04-07,04 07,5247661.9817131385,4990758.153184648,0.9055310831387131,0.9510441355743301,0.8652014161860797,1,1,True,True
WAKE,WAKE - 04-08,04-08,04 08,2903789.66090044,WAKE - 04-08,04-08,04 08,2788779.686708067,2445877.820395777,0.8423054373839638,0.8770423250188477,0.7533446894770297,1,1,True,True
WAKE,WAKE - 04-09,04-09,04 09,4128165.9370921245,WAKE - 04-09,04-09,04 09,4221845.929006135,3792474.1352235656,0.9186825803555223,0.8982976164922134,0.8321322519244848,1,1,True,True
WAKE,WAKE - 04-10,04-10,04 10,3512562.3806104767,WAKE - 04-10,04-10,04 10,3354323.166591166,3139361.244766701,0.8937524532222217,0.9359149637204097,0.8422108053637549,1,1,True,True
WAKE,WAKE - 04-11,04-11,04 11,2309578.687384559,WAKE - 04-11,04-11,04 11,2331753.136761625,1882270.0298404477,0.8149841527902176,0.8072338362776146,0.6822137995332883,1,1,True,True
WAKE,WAKE - 04-12,04-12,04 12,4132759.583576465,WAKE - 04-12,04-12,04 12,4116807.276878123,3515682.6442410736,0.8506864658211314,0.8539828094423461,0.7426634204951378,1,1,True,True
WAKE,WAKE - 04-13,04-13,04 13,4515831.844877311,WAKE - 04-13,04-13,04 13,4550548.358406646,4207843.362760367,0.9317980623068768,0.9246892970573164,0.8660721325943262,1,1,True,True
WAKE,WAKE - 04-14,04-14,04 14,2161513.070733581,WAKE - 04-14,04-14,04 14,2082552.9025924986,1841535.5844762002,0.8519659720823312,0.8842683334400465,0.7664983523300055,1,1,True,True
WAKE,WAKE - 04-15,04-15,04 15,3186580.562048617,WAKE - 04-15,04-15,04 15,3069326.070891781,2791770.945096401,0.8761024209918619,0.9095713132509453,0.8059069264789507,1,1,True,True
WAKE,WAKE - 04-16,04-16,04 16,1956917.09438926,WAKE - 04-16,04-16,04 16,1939693.861070768,1663986.566499549,0.8503102002994498,0.8578604077145346,0.7453051998927188,1,1,True,True
WAKE,WAKE - 04-17,04-17,04 17,1931564.564991452,WAKE - 04-17,04-17,04 17,1882691.8689761572,1679147.5878503234,0.8693199379839288,0.8918865670586208,0.786445895207576,1,1,True,True
WAKE,WAKE - 04-18,04-18,04 18,6329336.2874681195,WAKE - 04-18,04-18,04 18,6325933.127960424,5900901.352901528,0.9323096585316727,0.9328112127552741,0.8736422561334065,1,1,True,True
WAKE,WAKE - 04-19,04-19,04 19,1668748.7545355987,WAKE - 04-19,04-19,04 19,1615886.8941831607,1473707.7010824766,0.88312137886365,0.9120116676405396,0.8137859394163288,1,1,True,True
WAKE,WAKE - 04-20,04-20,04 20,3703101.588832191,WAKE - 04-20,04-20,04 20,3580434.646218987,3340080.2626598286,0.9019683048212445,0.9328700542508218,0.846993166918603,1,1,True,True
WAKE,WAKE - 04-21,04-21,04 21,1501358.541446732,WAKE - 04-21,04-21,04 21,1412685.918892796,1089236.9258355345,0.7255008685573062,0.771039699106814,0.5969051010804838,1,1,True,True
WAKE,WAKE - 05-01,05-01,05 01,4226286.8408843875,WAKE - 05-01,05-01,05 01,4112836.1399669535,3927530.089234697,0.9293098734426712,0.9549444606043203,0.8902748249273381,1,1,True,True
WAKE,WAKE - 05-03,05-03,05 03,10037949.018170483,WAKE - 05-03,05-03,05 03,9971362.02767794,9343379.24711425,0.9308056088152133,0.9370213638998794,0.8760021555944244,1,1,True,True
WAKE,WAKE - 05-04,05-04,05 04,33298845.78141312,WAKE - 05-08,05-08,05 08,18738055.418260973,18585116.265219413,0.5581309450549582,0.9918380456441326,0.5555792105454173,1,1,True,True
WAKE,WAKE - 05-05,05-05,05 05,40062503.53147339,WAKE - 05-05,05-05,05 05,39798422.53388557,39277750.36095937,0.9804117790617476,0.9869172660679483,0.9678333368253708,1,1,True,True
WAKE,WAKE - 05-06,05-06,05 06,6823610.990434659,WAKE - 05-06,05-06,05 06,6810051.730793227,6649024.899946789,0.9744144133168487,0.9763545363219022,0.95194984623086,1,1,True,True
WAKE,WAKE - 06-01,06-01,06 01,86129051.72120596,WAKE - 06-10,06-10,06 10,45862987.84357128,45706259.79840235,0.5306718103242386,0.9965826900396568,0.5297079069361765,1,1,True,True
WAKE,WAKE - 06-04,06-04,06 04,5999723.157865155,WAKE - 06-04,06-04,06 04,6044254.549378436,5938235.537317553,0.9897515903767998,0.9824595388571472,0.9725657212593182,1,1,True,True
WAKE,WAKE - 06-05,06-05,06 05,7562985.968641617,WAKE - 06-05,06-05,06 05,7519601.486429915,7441295.672814861,0.9839097551772117,0.9895864410160077,0.9738269241457044,1,1,True,True
WAKE,WAKE - 06-06,06-06,06 07,8245367.1897522155,WAKE - 06-07,06-07,06 07,8207524.16744973,8143380.628731222,0.9876310467837324,0.9921847883222938,0.9800072344608338,1,1,True,True
WAKE,WAKE - 06-07,06-07,06 06,7605100.916640514,WAKE - 06-06,06-06,06 06,7585415.319549985,7526078.055833293,0.9896092291642952,0.9921774535451261,0.9819477799588093,1,1,True,True
WAKE,WAKE - 07-01,07-01,07 01,2831782.1617476433,WAKE - 07-01,07-01,07 01,2925725.077089959,2746305.787107772,0.9698153425095668,0.9386752735630772,0.912029909367278,1,1,True,True
WAKE,WAKE - 07-02,07-02,07 02,1848605.398322747,WAKE - 07-02,07-02,07 02,1848854.432280252,1828210.675705584,0.9889675088930999,0.9888342985720042,0.9780454739892163,1,1,True,True
WAKE,WAKE - 07-03,07-03,07 03,2093180.5278206146,WAKE - 07-03,07-03,07 03,2032030.2831120396,2014785.5823971725,0.9625474514111472,0.9915135611618657,0.9546822863728378,1,1,True,True
WAKE,WAKE - 07-04,07-04,07 04,3544035.13540312,WAKE - 07-04,07-04,07 04,3537905.824374073,3456132.058002592,0.9751968944883135,0.9768863925636153,0.9532030373445873,1,1,True,True
WAKE,WAKE - 07-05,07-05,07 05,2487054.573206122,WAKE - 07-05,07-05,07 05,2472352.899084948,2467045.0085508325,0.9919545132339036,0.9978531015794387,0.989841985041208,1,1,True,True
WAKE,WAKE - 07-06,07-06,07 06,3508543.912475237,WAKE - 07-06,07-06,07 06,3479570.6510417564,3446884.3839446804,0.9824258923163779,0.9906062355459603,0.9733579036539707,1,1,True,True
WAKE,WAKE - 07-07,07-07,07 07,3134850.3077268833,WAKE - 07-07,07-07,07 07,3181215.8186580664,3100654.609511965,0.9890917604165559,0.9746759686426794,0.9643103513317569,1,1,True,True
WAKE,WAKE - 07-09,07-09,07 09,3370622.827841633,WAKE - 07-09,07-09,07 09,3364686.270849414,3312668.2700606263,0.9828059795648754,0.9845400145507011,0.9678690917113262,1,1,True,True
WAKE,WAKE - 07-10,07-10,07 10,17899116.18678339,WAKE - 07-10,07-10,07 10,17467863.051429395,17342865.107456714,0.9689229862792104,0.9928441193061419,0.962203467068771,1,1,True,True
WAKE,WAKE - 07-11,07-11,07 11,1683417.3194904863,WAKE - 07-11,07-11,07 11,1689196.4359370582,1679152.8249907685,0.9974667633210471,0.9940542078276893,0.9915509680862155,1,1,True,True
WAKE,WAKE - 07-12,07-12,07 12,3735921.600584397,WAKE - 07-12,07-12,07 12,3741173.4774579518,3696613.460624422,0.9894783284655047,0.9880892941474054,0.9778154835068906,1,1,True,True
WAKE,WAKE - 07-13,07-13,07 13,2169471.303340923,WAKE - 07-13,07-13,07 13,2169657.927945267,2161808.887826983,0.9964680724275355,0.9963823605476291,0.9928758964298378,1,1,True,True
WAKE,WAKE - 08-01,08-01,08 01,8968378.995807372,WAKE - 08-11,08-11,08 11,5453456.346296002,5323364.326055229,0.5935704020251429,0.9761450331716449,0.585083396613093,1,1,True,True
WAKE,WAKE - 08-02,08-02,08 02,5514299.020583448,WAKE - 08-02,08-02,08 02,5552562.077874427,5264053.198078681,0.9546187427321833,0.9480404044566414,0.9071562058317824,1,1,True,True
WAKE,WAKE - 08-03,08-03,08 03,12587253.330695845,WAKE - 08-03,08-03,08 03,12552886.405450847,12327801.802807998,0.9793877567193204,0.9820690958738294,0.9621820675467905,1,1,True,True
WAKE,WAKE - 08-04,08-04,08 04,6637160.404482495,WAKE - 08-04,08-04,08 04,6504145.009961833,6349407.785974603,0.9566452216050776,0.9762094443235456,0.9348503368719328,1,1,True,True
WAKE,WAKE - 08-05,08-05,08 05,3281892.1052197386,WAKE - 08-05,08-05,08 05,3342640.1368883587,3206439.1897122837,0.9770093247771767,0.959253481799311,0.9380783789560154,1,1,True,True
WAKE,WAKE - 08-06,08-06,08 06,1340359.7199604812,WAKE - 08-06,08-06,08 06,1383452.5398872632,1293881.8141589053,0.9653243042823264,0.9352556570277019,0.9048564691100096,1,1,True,True
WAKE,WAKE - 08-07,08-07,08 07,8677826.817226548,WAKE - 08-07,08-07,08 07,8759925.16841587,8533176.941036323,0.9833310943814785,0.9741152780394638,0.9582913163503805,1,1,True,True
WAKE,WAKE - 08-08,08-08,08 08,6201710.315215256,WAKE - 08-08,08-08,08 08,6235866.02354614,6036045.4290297255,0.9732872259803736,0.967956239957384,0.9429065506586353,1,1,True,True
WAKE,WAKE - 08-09,08-09,08 09,2335495.3560498324,WAKE - 08-09,08-09,08 09,2268236.5242614676,2201485.959472957,0.9426205681678024,0.9705716030605563,0.9164282225962427,1,1,True,True
WAKE,WAKE - 09-01,09-01,09 01,67089267.08276697,WAKE - 09-01,09-01,09 01,67152889.65755014,66887333.84661482,0.9969900813508213,0.9960455043366037,0.9930593084948759,1,1,True,True
WAKE,WAKE - 09-02,09-02,09 02,31168448.2415486,WAKE - 09-02,09-02,09 02,31204708.22119809,30978764.81804721,0.9939142487289907,0.9927593169098312,0.9867611122599202,1,1,True,True
WAKE,WAKE - 09-03,09-03,09 03,41091113.13230995,WAKE - 09-03,09-03,09 03,41034639.90783683,40702979.4435747,0.9905543155405526,0.9919175490510691,0.9826232265369851,1,1,True,True
WAKE,WAKE - 10-01,10-01,10 01,24729101.76279865,WAKE - 10-01,10-01,10 01,24658698.113241863,24509508.461757053,0.9911200453963944,0.9939498163771795,0.9851765160884531,1,1,True,True
WAKE,WAKE - 10-02,10-02,10 02,35740608.635392465,WAKE - 10-02,10-02,10 02,35851864.99270649,35638408.56730424,0.9971405056603591,0.9940461556059725,0.9912205617652206,1,1,True,True
WAKE,WAKE - 10-03,10-03,10 03,15957269.66342604,WAKE - 10-03,10-03,10 03,16033701.36670312,15898813.324863352,0.9963366954500575,0.9915872175267099,0.9879851798656444,1,1,True,True
WAKE,WAKE - 10-04,10-04,10 04,60475613.410557985,WAKE - 10-05,10-05,10 05,40768271.72688981,40661374.81574888,0.6723598575132453,0.9973779386122363,0.6711734888474097,1,1,True,True
WAKE,WAKE - 11-01,11-01,11 01,13562065.271248253,WAKE - 11-01,11-01,11 01,13803979.962287659,13378862.483484305,0.9864915273522286,0.9692032674659938,0.9565087353588015,1,1,True,True
WAKE,WAKE - 11-02,11-02,11 02,5607260.742570555,WAKE - 11-02,11-02,11 02,5417074.919720093,5373519.493655296,0.9583145390153367,0.9919596042679345,0.9509280311542994,1,1,True,True
WAKE,WAKE - 12-01,12-01,12 01,20202491.755489033,WAKE - 12-01,12-01,12 01,20146027.03329637,20075489.587627962,0.9937135394287904,0.9964986919975921,0.990256038623069,1,1,True,True
WAKE,WAKE - 12-02,12-02,12 02,16390438.962437175,WAKE - 12-02,12-02,12 02,16205393.31184372,16142131.544620946,0.984850471766785,0.9960962522781512,0.9810638840368989,1,1,True,True
WAKE,WAKE - 12-04,12-04,12 04,41622534.281999856,WAKE - 12-04,12-04,12 04,41320823.25859133,41275972.8149139,0.9916737057686602,0.9989145801041583,0.9906062760276342,1,1,True,True
WAKE,WAKE - 12-05,12-05,12 05,23264097.363571372,WAKE - 12-11,12-11,12 11,12467999.706319967,12427534.789431743,0.5341937232815956,0.9967544980877957,0.5332661750893292,1,1,True,True
WAKE,WAKE - 12-06,12-06,12 06,14816502.441131148,WAKE - 12-06,12-06,12 06,14717562.557919811,14641714.057574464,0.9882031279479653,0.9948463952473888,0.9831700928290653,1,1,True,True
WAKE,WAKE - 12-07,12-07,12 07,22897724.712338034,WAKE - 12-07,12-07,12 07,22850444.33535826,22765876.27330289,0.994241854127799,0.9962990626871746,0.990583337214656,1,1,True,True
WAKE,WAKE - 12-08,12-08,12 08,14991245.235211886,WAKE - 12-08,12-08,12 08,14952380.812052341,14880408.147654863,0.9926065456326012,0.9951865415078605,0.9878638314088758,1,1,True,True
WAKE,WAKE - 12-09,12-09,12 09,12587727.262109574,WAKE - 12-09,12-09,12 09,12619081.02526566,12491575.929090563,0.9923615017217257,0.9898958493158251,0.9824103545344665,1,1,True,True
WAKE,WAKE - 13-01,13-01,13 01,11002052.071372936,WAKE - 13-01,13-01,13 01,11107602.46434309,10793193.264544295,0.981016377174574,0.9716942336739102,0.9537604561984017,1,1,True,True
WAKE,WAKE - 13-02,13-02,13 02,1642196.0862453608,WAKE - 13-02,13-02,13 02,1668673.9030458003,1638683.7298800193,0.9978611833295913,0.9820275410845459,0.9799648338559362,1,1,True,True
WAKE,WAKE - 13-03,13-03,13 03,10938814.469040483,WAKE - 13-09,13-09,13 09,5797817.364532098,5579536.399889073,0.5100677423207537,0.9623511830541007,0.5000886147342914,1,1,True,True
WAKE,WAKE - 13-04,13-04,13 04,12232404.477773493,WAKE - 13-10,13-10,13 10,9093110.154080763,8923680.671403905,0.7295115762087822,0.9813672682057171,0.7195452462806441,1,1,True,True
WAKE,WAKE - 13-05,13-05,13 05,5302482.100741493,WAKE - 13-05,13-05,13 05,5421012.339160967,5283308.029111117,0.9963839441103075,0.974598045266364,0.9711630503379379,1,1,True,True
WAKE,WAKE - 13-06,13-06,13 06,5113461.31826831,WAKE - 13-06,13-06,13 06,5118013.819836896,5073666.745760186,0.9922176838678812,0.9913351007563079,0.9836865505299278,1,1,True,True
WAKE,WAKE - 13-07,13-07,13 07,4400156.298303692,WAKE - 13-07,13-07,13 07,4391786.7086764965,4361818.398248945,0.9912871503974697,0.9931762828171175,0.9845814245613601,1,1,True,True
WAKE,WAKE - 14-01,14-01,14 01,57875179.92036253,WAKE - 14-01,14-01,14 01,59244540.692846864,57638628.97396333,0.9959127393344659,0.9728935071467701,0.9690243972579167,1,1,True,True
WAKE,WAKE - 14-02,14-02,14 02,69725779.84550573,WAKE - 14-02,14-02,14 02,69969728.28728049,69455336.13583253,0.9961213239884527,0.9926483614551714,0.9888263960806476,1,1,True,True
WAKE,WAKE - 15-01,15-01,15 01,24978756.546605434,WAKE - 15-01,15-01,15 01,25081337.754339505,24853337.534538507,0.9949789729591655,0.9909095670241294,0.985979186646537,1,1,True,True
WAKE,WAKE - 15-02,15-02,15 02,23527233.597784244,WAKE - 15-02,15-02,15 02,23719505.38658865,23320371.447923537,0.9912075446949195,0.9831727545680278,0.9746724575887814,1,1,True,True
WAKE,WAKE - 15-03,15-03,15 03,37520109.86541561,WAKE - 15-03,15-03,15 03,37541969.40679112,37442641.468916595,0.9979352833246786,0.9973542161094895,0.9953003993494536,1,1,True,True
WAKE,WAKE - 15-04,15-04,15 04,14389044.576438742,WAKE - 15-04,15-04,15 04,14500093.061925959,14296952.519780546,0.99359984909568,0.9859903973527718,0.9797677594956213,1,1,True,True
WAKE,WAKE - 16-01,16-01,16 01,41446344.64421614,WAKE - 16-01,16-01,16 01,41570544.997766815,41229056.025054865,0.9947573514377075,0.9917853140311176,0.9866282230135311,1,1,True,True
WAKE,WAKE - 16-02,16-02,16 02,15914575.615765315,WAKE - 16-02,16-02,16 02,15761017.335757067,15391397.684571357,0.9671258634961221,0.976548490283863,0.9451739820271249,1,1,True,True
WAKE,WAKE - 16-03,16-03,16 03,2905915.1511467956,WAKE - 16-03,16-03,16 03,2939650.044409153,2840726.6427120245,0.9775669608216039,0.9663485788435027,0.9453841172343266,1,1,True,True
WAKE,WAKE - 16-04,16-04,16 04,5727247.55321511,WAKE - 16-04,16-04,16 04,5764266.394402711,5697096.244682973,0.9947354626717313,0.9883471468659114,0.983204272932795,1,1,True,True
WAKE,WAKE - 16-05,16-05,16 05,9848444.303232023,WAKE - 16-05,16-05,16 05,9989460.338311978,9645303.996956537,0.9793733609064712,0.9655480546796388,0.9463045137629762,1,1,True,True
WAKE,WAKE - 16-06,16-06,16 06,2450065.382963847,WAKE - 16-06,16-06,16 06,2469025.914533854,2422533.0659442833,0.9887626194749718,0.9811695582796877,0.9703491131616528,1,1,True,True
WAKE,WAKE - 16-07,16-07,16 07,6054881.1960283965,WAKE - 16-07,16-07,16 07,6078073.710961471,5917420.719042553,0.9772975765278419,0.9735684363897743,0.9520373535258092,1,1,True,True
WAKE,WAKE - 16-08,16-08,16 08,27873574.547330998,WAKE - 16-11,16-11,16 11,21418701.232446786,21236214.509348232,0.7618762521214446,0.9914800285452365,0.7569207346909639,1,1,True,True
WAKE,WAKE - 16-09,16-09,16 09,28322776.379305985,WAKE - 16-09,16-09,16 09,28018421.511663392,27958285.621690914,0.9871308252858506,0.9978537017173703,0.9850393559491368,1,1,True,True
WAKE,WAKE - 17-01,17-01,17 01,4928149.037292868,WAKE - 17-01,17-01,17 01,5163826.193561313,4880801.9564607255,0.9903925225325265,0.9451909831021258,0.9366032752055857,1,1,True,True
WAKE,WAKE - 17-02,17-02,17 02,9178542.87203586,WAKE - 17-02,17-02,17 02,9128043.525387628,9081610.134623563,0.9894392019775143,0.9949131058988795,0.984458916305889,1,1,True,True
WAKE,WAKE - 17-03,17-03,17 03,8714452.701903408,WAKE - 17-03,17-03,17 03,8866478.827949371,8647151.159773577,0.9922770202063141,0.9752632727792212,0.967916246154249,1,1,True,True
WAKE,WAKE - 17-04,17-04,17 04,52315483.00870737,WAKE - 17-14,17-14,17 14,28735599.37161714,28582467.971300036,0.5463481617199785,0.9946710211839759,0.5447536263962007,1,1,True,True
WAKE,WAKE - 17-05,17-05,17 05,5096060.422648351,WAKE - 17-05,17-05,17 05,5126473.432254465,5089114.406528837,0.9986369831706383,0.9927125291451674,0.9913692924782964,1,1,True,True
WAKE,WAKE - 17-06,17-06,17 06,24612072.076872837,WAKE - 17-06,17-06,17 06,24717176.111731924,24532565.915262796,0.9967696274672968,0.9925310967711436,0.9893487219311147,1,1,True,True
WAKE,WAKE - 17-07,17-07,17 07,12506100.79460495,WAKE - 17-07,17-07,17 07,12811958.149103962,12458325.025970323,0.9961798030082056,0.9723981986970219,0.9687855989606001,1,1,True,True
WAKE,WAKE - 17-08,17-08,17 08,15271544.893909663,WAKE - 17-12,17-12,17 12,7899727.340398002,7869547.442609631,0.5153078812444202,0.9961796279177845,0.514291529205862,1,1,True,True
WAKE,WAKE - 17-09,17-09,17 09,5513819.029995522,WAKE - 17-09,17-09,17 09,5645470.604575169,5362099.600021887,0.9724837849867265,0.9498056009141851,0.9249480469099748,1,1,True,True
WAKE,WAKE - 17-10,17-10,17 10,2505873.156636893,WAKE - 17-10,17-10,17 10,2508498.017375449,2489837.3023738237,0.9936006919501901,0.9925610006974813,0.9862562472801462,1,1,True,True
WAKE,WAKE - 17-11,17-11,17 11,4373646.447034526,WAKE - 17-11,17-11,17 11,4357910.0328627005,4337576.040393573,0.9917527840721078,0.9953340036127891,0.9871632566674666,1,1,True,True
WAKE,WAKE - 18-01,18-01,18 01,9334995.914233562,WAKE - 18-01,18-01,18 01,9345834.272593973,9125225.48512249,0.9775285997938978,0.9763949604672102,0.9549605461906814,1,1,True,True
WAKE,WAKE - 18-02,18-02,18 02,19529519.512605518,WAKE - 18-02,18-02,18 02,19328931.812597584,18966721.87565219,0.9711822077040828,0.9812607369896497,0.953497880802938,1,1,True,True
WAKE,WAKE - 18-03,18-03,18 03,3420901.285712226,WAKE - 18-03,18-03,18 03,3260140.2332479595,2932820.5485519352,0.8573239341343131,0.8995995076046384,0.7824566832388479,1,1,True,True
WAKE,WAKE - 18-04,18-04,18 04,26842112.90724626,WAKE - 18-04,18-04,18 04,27669067.59788033,26402820.506617907,0.9836342093431191,0.9542360042750617,0.9393226964511174,1,1,True,True
WAKE,WAKE - 18-05,18-05,18 05,9928691.132727785,WAKE - 18-05,18-05,18 05,10046590.594744597,9536737.066639733,0.9605230880034066,0.9492510893823453,0.9136079191597787,1,1,True,True
WAKE,WAKE - 18-06,18-06,18 06,13662404.177759778,WAKE - 18-06,18-06,18 06,13802482.490982179,13391300.270982489,0.9801569399316554,0.9702095459807079,0.9515200953407584,1,1,True,True
WAKE,WAKE - 18-07,18-07,18 07,19789083.828642167,WAKE - 18-07,18-07,18 07,19524957.407092717,19268227.402120687,0.9736796088676118,0.9868511874510534,0.9612095354198293,1,1,True,True
WAKE,WAKE - 18-08,18-08,18 08,7149778.337398526,WAKE - 18-08,18-08,18 08,7121726.112965922,6344184.593094356,0.8873260531602315,0.8908211987461914,0.8002937571991809,1,1,True,True
WAKE,WAKE - 19-03,19-03,19 03,7213464.230581872,WAKE - 19-03,19-03,19 03,7127676.573007556,7098024.815868896,0.9839966746873764,0.9958399126510664,0.979968404192669,1,1,True,True
WAKE,WAKE - 19-04,19-04,19 04,19149291.788029738,WAKE - 19-21,19-21,19 21,9695383.999437345,9647789.338819927,0.5038196422935484,0.995090997878972,0.5025705269772966,1,1,True,True
WAKE,WAKE - 19-05,19-05,19 05,14271787.803729778,WAKE - 19-05,19-05,19 05,14293794.778554201,14232694.141675778,0.9972607733108403,0.9957253732948442,0.9930094830956366,1,1,True,True
WAKE,WAKE - 19-06,19-06,19 06,14173761.062168915,WAKE - 19-13,19-13,19 13,6924045.8009087015,6751719.64179664,0.47635342603718694,0.9751119267452787,0.4706314368269798,1,1,True,True
WAKE,WAKE - 19-07,19-07,19 07,10492974.644767385,WAKE - 19-07,19-07,19 07,10504164.287283638,10427664.083423864,0.9937757820299232,0.9927171546667082,0.9865829885368698,1,1,True,True
WAKE,WAKE - 19-08,19-08,19 08,24608956.35414523,WAKE - 19-16,19-16,19 16,18445768.926436596,18342946.04341739,0.7453768367681156,0.994425665667326,0.7422754091227532,1,1,True,True
WAKE,WAKE - 19-09,19-09,19 09,55761334.144726254,WAKE - 19-09,19-09,19 09,55726026.459223464,55596397.712289184,0.9970421003197487,0.9976738203821309,0.9947296456505438,1,1,True,True
WAKE,WAKE - 19-10,19-10,19 10,22234132.298714336,WAKE - 19-19,19-19,19 19,14484528.866617026,14435673.196827188,0.6492573221605736,0.9966270446046446,0.6478338191104015,1,1,True,True
WAKE,WAKE - 19-11,19-11,19 11,6526355.95915148,WAKE - 19-11,19-11,19 11,6519690.780634344,6500227.111870303,0.9959964109459064,0.997014633144588,0.9930348652060648,1,1,True,True
WAKE,WAKE - 19-12,19-12,19 12,15895046.253327072,WAKE - 19-23,19-23,19 23,10745499.19134463,10699010.520214757,0.6731034530947209,0.9956736611020064,0.6711405501988839,1,1,True,True
WAKE,WAKE - 20-01,20-01,20 01,13956710.124691855,WAKE - 20-01,20-01,20 01,13916831.502858792,13863993.422948448,0.9933568368967286,0.9962032967130852,0.9896103157983399,1,1,True,True
WAKE,WAKE - 20-02,20-02,20 02,41305498.951369904,WAKE - 20-14,20-14,20 14,19010480.427617174,18933812.404966865,0.45838478860304194,0.9959670654856817,0.45753554705952304,1,1,True,True
WAKE,WAKE - 20-03,20-03,20 03,5800954.731798349,WAKE - 20-03,20-03,20 03,5769884.750293403,5692551.9052467765,0.9813129335491355,0.9865971594939233,0.9684030988327579,1,1,True,True
WAKE,WAKE - 20-04,20-04,20 04,5130832.2224744735,WAKE - 20-04,20-04,20 04,4872280.308269134,4773448.907449334,0.930345936189513,0.979715575753705,0.9127640420670958,1,1,True,True
WAKE,WAKE - 20-05,20-05,20 05,8548480.337034993,WAKE - 20-05,20-05,20 05,8012162.81644848,7857532.928588629,0.919173071563031,0.9807006058910329,0.9028419410468362,1,1,True,True
WAKE,WAKE - 20-06,20-06,20 06,14509096.291711386,WAKE - 20-06A,20-06A,20 06A,11696242.754870739,11602648.061190631,0.799680960682498,0.991997883795535,0.7945554742477191,1,1,True,True
WAKE,WAKE - 20-07,20-07,20 07,32218108.69043436,WAKE - 20-12,20-12,20 12,20002499.435013205,19830172.860473763,0.6154977329988769,0.9913847479361607,0.6122231053164516,1,1,True,True
WAKE,WAKE - 20-08,20-08,20 08,7293430.166730219,WAKE - 20-08,20-08,20 08,7278601.117146119,7228908.842822008,0.9911535008311272,0.9931728262719259,0.9844461808788901,1,1,True,True
WAKE,WAKE - 20-09,20-09,20 09,5734406.210513255,WAKE - 20-09,20-09,20 09,5530269.677491824,5487569.555002227,0.9569551499406362,0.9922788353950647,0.9498820410580662,1,1,True,True
WAKE,WAKE - 20-10,20-10,20 10,3535798.14255167,WAKE - 20-10,20-10,20 10,3525260.1894391365,3344588.083309735,0.9459216698654792,0.9487492847561569,0.8999367301532113,1,1,True,True
WARREN,WARREN - 001,001,RIVER,89141111.33159055,WARREN - 001,001,RIVER,89648611.16470984,88829302.67393212,0.9965020779637966,0.9908608903123729,0.9874265021142674,1,1,True,True
WARREN,WARREN - 002,002,SIXPOUND,101154029.40087889,WARREN - 002,002,SIXPOUND,100994870.22191,100803398.98450251,0.9965336979806626,0.9981041488841287,0.9946509548981488,1,1,True,True
WARREN,WARREN - 003,003,HAWTREE,98217541.33457579,WARREN - 003,003,HAWTREE,98112382.83108762,97909708.52657524,0.9968658062112151,0.9979342637630022,0.9948129852266835,1,1,True,True
WARREN,WARREN - 004,004,SMITH CREEK,63283655.57916235,WARREN - 004,004,SMITH CREEK,63416727.663906,63194690.10376784,0.998594179261923,0.9964987540619423,0.9951027534673076,1,1,True,True
WARREN,WARREN - 005,005,NUTBUSH,87445534.55888449,WARREN - 005,005,NUTBUSH,87605512.94999084,87338215.1166445,0.9987727281583748,0.9969488468893627,0.9957290482433504,1,1,True,True
WARREN,WARREN - 006,006,SANDY CREEK,86188101.62132654,WARREN - 006,006,SANDY CREEK,86031928.1986341,85888649.21538737,0.9965255945970961,0.9983345836104485,0.994871721197026,1,1,True,True
WARREN,WARREN - 007,007,SHOCCO,92675142.39211994,WARREN - 007,007,SHOCCO,92863400.78415875,92559091.4086784,0.998747765793005,0.996723042954375,0.9954789972307796,1,1,True,True
WARREN,WARREN - 008,008,FISHING CREEK,126416267.3102593,WARREN - 008,008,FISHING CREEK,127229543.4394833,126210064.77953887,0.9983688607873988,0.9919870917368391,0.9903819671526745,1,1,True,True
WARREN,WARREN - 009,009,JUDKINS,139657231.9508414,WARREN - 009,009,JUDKINS,139976789.983455,139479057.96247858,0.998724205070701,0.9964441817744553,0.9951774379573518,1,1,True,True
WARREN,WARREN - 010,010,WARRENTON WEST,59819919.125936374,WARREN - 010,010,WEST WARRENTON,59852124.62990079,59649464.9075637,0.9971505441521272,0.9966139928433577,0.9937837735753917,1,1,True,True
WARREN,WARREN - 011,011,FORK,106391128.40241586,WARREN - 011,011,FORK,106365513.97566277,106068426.95288557,0.9969668387357478,0.9972069234503471,0.9941906566733972,1,1,True,True
WARREN,WARREN - 012,012,ROANOKE,34605819.773134544,WARREN - 012,012,ROANOKE,34270664.40102546,34239489.0904593,0.9894141885649063,0.9990903208002812,0.9885236582364948,1,1,True,True
WARREN,WARREN - 013,013,NORLINA,2907858.6806284874,WARREN - 013,013,NORLINA,2898939.828810481,2886903.343431456,0.9927935503411389,0.9958479699166561,0.9887010249682466,1,1,True,True
WARREN,WARREN - 014,014,WARRENTON EAST,61532133.71032061,WARREN - 014,014,EAST WARRENTON,61466550.94314059,61227232.48541992,0.9950448455706722,0.9961065253532437,0.9911897864867922,1,1,True,True
WASHINGTON,WASHINGTON - LM,LM,LEES MILL,312647300.3266187,WASHINGTON - LM,LM,LEES MILL,312041727.39072436,311857178.5292819,0.9974728014714621,0.9994085763369354,0.9968843624416472,1,1,True,True
WASHINGTON,WASHINGTON - P1,P1,PLYMOUTH 1,18939462.1736699,WASHINGTON - P1,P1,PLYMOUTH 1,18845922.980384473,18775190.913664076,0.9913265087202847,0.9962468239526386,0.9876380365316354,1,1,True,True
WASHINGTON,WASHINGTON - P2,P2,PLYMOUTH 2,8822453.804265069,WASHINGTON - P2,P2,PLYMOUTH 2,8822188.874312822,8762139.72940081,0.9931635714731539,0.9931933961324662,0.9864494027792668,1,1,True,True
WASHINGTON,WASHINGTON - P3,P3,PLYMOUTH 3,188874003.98978582,WASHINGTON - P3,P3,PLYMOUTH 3,188693720.04829836,188276511.2097307,0.9968365536419326,0.997788962778089,0.994639467921087,1,1,True,True
WASHINGTON,WASHINGTON - SC,SC,SCUPPERNONG,249026441.5915238,WASHINGTON - SC,SC,SCUPPERNONG,243440406.37991962,242977804.60370344,0.975710864480239,0.9980997329773833,0.9739017045552611,1,1,True,True
WASHINGTON,WASHINGTON - SK,SK,SKINNERSVILLE,320864194.6434097,WASHINGTON - SK,SK,SKINNERSVILLE,320895021.68618447,320204126.10263264,0.9979428413896083,0.9978469731941573,0.9957986542107752,1,1,True,True
WATAUGA,WATAUGA - 01,01,BALD MOUNTAIN,30591540.40984598,WATAUGA - 01,01,BALD MOUNTAIN,30388818.965882514,30190774.631163757,0.9868994573887742,0.9934829867873082,0.9805515365546887,1,1,True,True
WATAUGA,WATAUGA - 02,02,BEAVER DAM,69555688.37295121,WATAUGA - 02,02,BEAVER DAM,69379380.67414974,69253874.92474447,0.9956608373050894,0.9981910223443083,0.9938675104094561,1,1,True,True
WATAUGA,WATAUGA - 03,03,BLOWING ROCK,50847833.45472545,WATAUGA - 03,03,BLOWING ROCK,51399026.38275225,50434788.56210868,0.9918768438190283,0.9812401539775638,0.9734177252644388,1,1,True,True
WATAUGA,WATAUGA - 04,04,BLUE RIDGE,71542558.40982981,WATAUGA - 04,04,BLUE RIDGE,72081910.61878432,71261301.9151351,0.9960686827400896,0.9886156083183043,0.9847731208804612,1,1,True,True
WATAUGA,WATAUGA - 05,05,BOONE 1,1518293.8393856208,WATAUGA - 05,05,BOONE 1,1481405.033484655,1438650.688214092,0.9475443098657659,0.9711393276624736,0.921592749253253,1,1,True,True
WATAUGA,WATAUGA - 06,06,BOONE 2,1150933.1171502804,WATAUGA - 06,06,BOONE 2,1155210.1068257848,1122157.8558418716,0.9749983201633327,0.9713885372118738,0.9477801719883124,1,1,True,True
WATAUGA,WATAUGA - 07,07,BRUSHY FORK,32318797.81699096,WATAUGA - 07,07,BRUSHY FORK,32420542.993053623,32016640.069235157,0.9906507120262701,0.9875417594361389,0.9784229096135172,1,1,True,True
WATAUGA,WATAUGA - 08,08,COVE CREEK,62565866.85515572,WATAUGA - 08,08,COVE CREEK,62729449.35076326,62368603.02522956,0.996847101465359,0.9942475770269246,0.9911307912450903,1,1,True,True
WATAUGA,WATAUGA - 09,09,ELK,60335035.286695115,WATAUGA - 09,09,ELK,60419573.84300516,59874093.10180229,0.9923602897934416,0.9909717876756255,0.9834688831212517,1,1,True,True
WATAUGA,WATAUGA - 10,10,LAUREL CREEK,55250665.238612495,WATAUGA - 10,10,LAUREL CREEK,55246375.904933654,54525075.1597507,0.9868673060183407,0.9869439264862523,0.9741497230155604,1,1,True,True
WATAUGA,WATAUGA - 11,11,MEAT CAMP,78125360.54464956,WATAUGA - 11,11,MEAT CAMP,78093199.68985124,77710835.77314019,0.9946941074112233,0.9951037488766037,0.9898495505545748,1,1,True,True
WATAUGA,WATAUGA - 12,12,BOONE 3,1485247.3520158126,WATAUGA - 12,12,BOONE 3,1494299.7900261339,1384918.141801734,0.9324494939661669,0.9268007337252675,0.8684892483412203,1,1,True,True
WATAUGA,WATAUGA - 13,13,NEW RIVER 1,15941267.924932012,WATAUGA - 13,13,NEW RIVER I,15298751.373858064,15174748.453281524,0.9519160285580761,0.9918945724689381,0.9445684793745015,1,1,True,True
WATAUGA,WATAUGA - 14,14,NEW RIVER 2,29550928.728056915,WATAUGA - 14,14,NEW RIVER II,29619368.71918983,29288348.468954075,0.9911143144934889,0.9888241963097176,0.980135147484195,1,1,True,True
WATAUGA,WATAUGA - 15,15,NEW RIVER 3,19859951.57647491,WATAUGA - 15,15,NEW RIVER III,19598031.33461921,19384501.89569697,0.9760598771378108,0.9891045465089626,0.9656771479161139,1,1,True,True
WATAUGA,WATAUGA - 16,16,NORTH FORK,31629951.050459463,WATAUGA - 16,16,NORTH FORK,31578583.906675745,31425441.020636667,0.9935342919280356,0.9951504194585906,0.9887470704841872,1,1,True,True
WATAUGA,WATAUGA - 17,17,SHAWNEEHAW,32925580.895131215,WATAUGA - 17,17,SHAWNEEHAW,31784602.649356373,31448602.166368406,0.9551419082485736,0.9894288285842463,0.9454932947672949,1,1,True,True
WATAUGA,WATAUGA - 18,18,STONY FORK,67306239.73139064,WATAUGA - 18,18,STONY FORK,68684383.57824048,65809767.45554687,0.9777662177858105,0.9581474569190964,0.9377167983299396,1,1,True,True
WATAUGA,WATAUGA - 19,19,WATAUGA,83973486.41926911,WATAUGA - 19,19,WATAUGA,84783405.57810473,83289437.69058523,0.9918539915650457,0.982379005923002,0.9745164210883674,1,1,True,True
WATAUGA,WATAUGA - 20,20,BEECH MOUNTAIN,13490365.127621295,WATAUGA - 20,20,BEECH MOUNTAIN,13850625.173429936,13309277.017049294,0.9865764855985086,0.9609152547554947,0.9485140372860728,1,1,True,True
WAYNE,WAYNE - 01,01,01,94991207.6050382,WAYNE - 01,01,01,95291235.81799605,94937314.69059263,0.9994326536549609,0.9962859005409542,0.9957227595445028,1,1,True,True
WAYNE,WAYNE - 02,02,02,164432141.6059373,WAYNE - 02,02,02,165364766.27764016,163943565.07114354,0.9970287041814206,0.9914056589049296,0.9884851416986501,1,1,True,True
WAYNE,WAYNE - 03,03,03,61448974.826659866,WAYNE - 03,03,03,61563249.076657355,61335637.08703058,0.9981555796504499,0.9963027943937242,0.9944719747499708,1,1,True,True
WAYNE,WAYNE - 04,04,04,59699254.8235653,WAYNE - 04,04,04,59689454.26747753,59523259.866138145,0.9970519739660523,0.9972156823449141,0.9942840258747416,1,1,True,True
WAYNE,WAYNE - 05,05,05,20394970.250775505,WAYNE - 05,05,05,20444325.407773312,20237668.21112279,0.9922872140670695,0.9898917087001585,0.9823334716040255,1,1,True,True
WAYNE,WAYNE - 06,06,06,31980486.162085634,WAYNE - 06,06,06,31826061.32512643,31733719.307678282,0.9922838304221934,0.9970985408308994,0.9894269108431202,1,1,True,True
WAYNE,WAYNE - 07,07,07,70388971.12370901,WAYNE - 07,07,07,70787589.4182143,70110899.85163641,0.9960495050910193,0.9904405620796041,0.9865650888294494,1,1,True,True
WAYNE,WAYNE - 08,08,08,75762525.98574193,WAYNE - 08,08,08,75639115.11497617,75367630.1632686,0.9947877157297046,0.9964107862539785,0.9912357540268513,1,1,True,True
WAYNE,WAYNE - 09,09,09,45455703.14006251,WAYNE - 09,09,09,45491551.22867069,45278988.21653744,0.9961123706967955,0.9953274178085341,0.9914759641988378,1,1,True,True
WAYNE,WAYNE - 10,10,10,10582681.254681474,WAYNE - 10,10,10,10561053.126254212,10450860.068556653,0.9875436873744537,0.9895660919057755,0.9773667737268548,1,1,True,True
WAYNE,WAYNE - 11,11,11,11833848.158978127,WAYNE - 11,11,11,11851840.330505976,11722049.052388888,0.9905525991978849,0.9890488502631095,0.9798062800223454,1,1,True,True
WAYNE,WAYNE - 12,12,12,8197183.723238781,WAYNE - 12,12,12,8238213.060514896,8124230.583752706,0.9911002190570335,0.9861641746911719,0.9775078957934634,1,1,True,True
WAYNE,WAYNE - 13,13,13,14395557.023587808,WAYNE - 13,13,13,14446638.316760065,14325615.093567919,0.9951414224607436,0.9916227415306893,0.986845031683382,1,1,True,True
WAYNE,WAYNE - 14,14,14,47700099.150968544,WAYNE - 14,14,14,47768418.11313793,47519399.94342587,0.996211764529655,0.9947869705644791,0.9910380544780247,1,1,True,True
WAYNE,WAYNE - 15,15,15,145216258.71139526,WAYNE - 15,15,15,145037521.44167343,144408379.19441077,0.9944367144274796,0.9956622104334866,0.9901469518078636,1,1,True,True
WAYNE,WAYNE - 16,16,16,40656221.386629745,WAYNE - 16,16,16,40707169.91616707,40440184.4004733,0.9946862502517881,0.9934413147304613,0.9881968560527745,1,1,True,True
WAYNE,WAYNE - 17,17,17,24196842.730127428,WAYNE - 17,17,17,24256746.862648435,23887326.534795057,0.9872084057087749,0.9847704092413881,0.9723630524682024,1,1,True,True
WAYNE,WAYNE - 18,18,18,2381481.5112956837,WAYNE - 18,18,18,2407301.82876727,2333483.9453556496,0.9798455013350407,0.9693358420911345,0.950386722851705,1,1,True,True
WAYNE,WAYNE - 19,19,19,5459052.108265094,WAYNE - 1920,1920,1920,7103124.180713375,5141899.693174645,0.941903391138129,0.723892693180853,0.6929525640705088,1,1,True,True
WAYNE,WAYNE - 20,20,20,1685435.0262538113,WAYNE - 1920,1920,1920,7103124.180713375,1642348.6536016336,0.9744360524250258,0.23121497130248547,0.22982091576187316,1,2,True,False
WAYNE,WAYNE - 21,21,21,3386132.6675739707,WAYNE - 21,21,21,3414310.909883612,3263498.7604388115,0.9637834901421564,0.9558294035237871,0.9226886279751341,1,1,True,True
WAYNE,WAYNE - 22,22,22,6352388.3491880875,WAYNE - 22,22,22,6307463.189508365,6241815.428816155,0.9825934885756685,0.9895920501285832,0.972542896604639,1,1,True,True
WAYNE,WAYNE - 23,23,23,15538608.700996758,WAYNE - 23,23,23,15405621.51252666,15228442.65857233,0.9800390080995776,0.9884990778327079,0.9689901066252816,1,1,True,True
WAYNE,WAYNE - 24,24,24,200575441.55094108,WAYNE - 24,24,24,201299511.2769468,199839811.09501663,0.9963324001670583,0.9927486153708444,0.9891339169066079,1,1,True,True
WAYNE,WAYNE - 25,25,25,54707627.61001289,WAYNE - 2530,2530,2530,61113285.08271745,54487357.27846201,0.9959736815289982,0.8915795837961061,0.8883776084793275,1,1,True,True
WAYNE,WAYNE - 26,26,26,48889683.82281011,WAYNE - 26,26,26,48105133.776844405,47762164.956555225,0.9769374890960365,0.9928704320441103,0.9701318615268604,1,1,True,True
WAYNE,WAYNE - 27,27,27,13834754.735043058,WAYNE - 27,27,27,13983977.00266355,13786566.653683703,0.9965168821361686,0.9858831040023702,0.9824974671500379,1,1,True,True
WAYNE,WAYNE - 28,28,28,152493602.79978088,WAYNE - 28,28,28,153651203.1227862,152107573.28969762,0.9974685527589633,0.9899536755865489,0.9874727732367734,1,1,True,True
WAYNE,WAYNE - 29,29,29,2768520.49117133,WAYNE - 29,29,29,2738236.337394866,2709129.608844388,0.9785477902307976,0.9893702643000603,0.9683669038342354,1,1,True,True
WAYNE,WAYNE - 30,30,30,6424763.967643003,WAYNE - 2530,2530,2530,61113285.08271745,6386426.383093554,0.9940328415576777,0.10450144145335112,0.10443592671028278,1,2,True,False
WILKES,WILKES - 101,101,ANTIOCH,56667708.63495172,WILKES - 101,101,ANTIOCH,56642124.67477242,56579658.28567873,0.9984461988777382,0.9988971743300175,0.9973467958048273,1,1,True,True
WILKES,WILKES - 102,102,BOOMER,87322721.4267567,WILKES - 102,102,BOOMER,87282405.13047107,86837399.7811237,0.9944422065906401,0.9949015457504617,0.9894001242922283,1,1,True,True
WILKES,WILKES - 103,103,BRUSHY MOUNTAIN,64290163.9812107,WILKES - 103,103,BRUSHY MOUNTAIN,64667855.51249154,64215103.15793767,0.9988324680071594,0.99299880364107,0.9918475532506198,1,1,True,True
WILKES,WILKES - 104,104,CRICKET,13572256.337320594,WILKES - 104,104,CRICKET,13560963.534494808,13487618.249183515,0.9937638896559635,0.9945914399721874,0.9884223958886247,1,1,True,True
WILKES,WILKES - 105,105,EDWARDS 1,46569420.63342469,WILKES - 105,105,EDWARDS 1,46594177.377345696,46382550.58799318,0.9959872800028483,0.9954580850813474,0.9914816606994141,1,1,True,True
WILKES,WILKES - 106,106,EDWARDS 2,54532850.16690256,WILKES - 106,106,EDWARDS 2,54594558.38489397,54396158.29539609,0.9974934031306247,0.9963659365444602,0.993877502168605,1,1,True,True
WILKES,WILKES - 107,107,EDWARDS 3,65105411.38460755,WILKES - 107,107,EDWARDS 3,64958866.96042777,64837364.76875323,0.9958828826950982,0.9981295518632036,0.9940277902759682,1,1,True,True
WILKES,WILKES - 108,108,FAIRPLAINS,23175655.09060931,WILKES - 108,108,FAIRPLAINS,23356216.354664583,23010254.477725595,0.9928631742128949,0.985187588961947,0.978259892143971,1,1,True,True
WILKES,WILKES - 109 & 113,109 & 113,FERGUSON & MT PLEASANT,296355458.0358411,WILKES - 113A,113A,MOUNT PLEASANT,256078997.16118768,161116823.61311418,0.5436607264834946,0.6291684417668192,0.4117290165561173,1,1,True,True
WILKES,WILKES - 110,110,JOBS CABIN,95521054.21939014,WILKES - 113A,113A,MOUNT PLEASANT,256078997.16118768,93671325.93364114,0.9806353866080603,0.36579074024833114,0.3631674826885926,1,2,True,False
WILKES,WILKES - 111,111,MILLERS CREEK,17339646.54835352,WILKES - 111,111,MILLERS CREEK,17412143.679900505,17225749.712593812,0.9934314211398662,0.9892951740616606,0.9828660214040887,1,1,True,True
WILKES,WILKES - 112,112,MORAVIAN FALLS,76073673.55568327,WILKES - 112,112,MORAVIAN FALLS,76003023.14618942,75670953.80604064,0.9947061876885983,0.995630840374467,0.9903830646500854,1,1,True,True
WILKES,WILKES - 114,114,MULBERRY 1,79534028.13984205,WILKES - 114,114,MULBERRY 1,79795075.70628648,78780920.31505951,0.9905309985876942,0.9872905015472394,0.9780595522017225,1,1,True,True
WILKES,WILKES - 115A,115A,MULBERRY,66492239.486453034,WILKES - 115A,115A,MULBERRY,64364236.64869465,64203186.72352732,0.9655741364615629,0.9974978352334642,0.9632410836776212,1,1,True,True
WILKES,WILKES - 117,117,NEW CASTLE,85601901.92284612,WILKES - 117,117,NEW CASTLE,85651995.8783714,85433759.12788017,0.9980357586550179,0.9974520529468907,0.9954977986352611,1,1,True,True
WILKES,WILKES - 118,118,NORTH WILKESBORO,13882533.079358397,WILKES - 118,118,NORTH WILKESBORO,13982036.514750194,13787665.59303781,0.9931664138109173,0.9860985256684651,0.9794529814218406,1,1,True,True
WILKES,WILKES - 119,119,REDDIES RIVER,70724671.66704634,WILKES - 119,119,REDDIES RIVER,71043332.92517173,70441783.95639177,0.9960001551935606,0.991532647132229,0.9876001185601821,1,1,True,True
WILKES,WILKES - 120,120,ROCK CREEK 1,30938225.873558477,WILKES - 120A,120A,ROCK CREEK,83576352.52216008,30898958.85226186,0.9987307927268649,0.36970934863505883,0.36953572814470453,1,2,True,False
WILKES,WILKES - 121,121,ROCK CREEK 2,50677397.81810508,WILKES - 120A,120A,ROCK CREEK,83576352.52216008,50613841.403228275,0.9987458626998781,0.605600027708892,0.6051398434846429,1,1,True,True
WILKES,WILKES - 122,122,SOMERS,78546620.67922261,WILKES - 122,122,SOMERS,78843119.93998823,78320412.55713302,0.9971200782397321,0.9933702854066015,0.9905283689225635,1,1,True,True
WILKES,WILKES - 123,123,TRAPHILL 1,86568772.18353958,WILKES - 123A,123A,TRAPHILL,148303162.4690763,85945051.36380847,0.9927950829843268,0.5795227150447951,0.577095615417795,1,1,True,True
WILKES,WILKES - 124,124,TRAPHILL 2,62841950.225428455,WILKES - 123A,123A,TRAPHILL,148303162.4690763,60570304.58123771,0.9638514457931074,0.4084222047110265,0.40226054637024566,1,2,True,False
WILKES,WILKES - 125,125,UNION,160926868.8625006,WILKES - 125,125,UNION,156822354.83638448,154004607.45228514,0.956985048804187,0.9820322339436929,0.940517074591043,1,1,True,True
WILKES,WILKES - 126,126,WALNUT GROVE,145013262.99598628,WILKES - 126,126,WALNUT GROVE,144098514.58052212,142872593.7760792,0.9852381142546505,0.9914924813207712,0.9769788784588381,1,1,True,True
WILKES,WILKES - 127,127,WILKESBORO 1,15325141.725640517,WILKES - 127,127,WILKESBORO 1,15266569.209357208,14928212.367432084,0.974099465746256,0.9778367466006876,0.9530573455884173,1,1,True,True
WILKES,WILKES - 128,128,WILKESBORO 2,95365490.74715507,WILKES - 128,128,WILKESBORO 2,94704498.41000445,94614630.79396762,0.9921265024978666,0.9990510734173601,0.9911924528529301,1,1,True,True
WILKES,WILKES - 129,129,WILKESBORO 3,29242571.732438844,WILKES - 129,129,WILKESBORO 3,29481851.148455992,28863239.313477386,0.9870280759697799,0.9790171983481097,0.9665805525863698,1,1,True,True
WILSON,WILSON - PRBL,PRBL,BLACK CREEK,99948954.83020477,WILSON - PRBL,PRBL,BLACK CREEK,99452735.36029537,99397386.12054719,0.9944814959736739,0.9994434618661049,0.9939310817164307,1,1,True,True
WILSON,WILSON - PRCR,PRCR,CROSSROADS,73205454.94057404,WILSON - PRCR,PRCR,CROSSROADS,73256654.92034812,73144067.44213758,0.9991614354628862,0.9984631092105836,0.9976271191795703,1,1,True,True
WILSON,WILSON - PRGA,PRGA,GARDNERS,109298651.34764989,WILSON - PRGA,PRGA,GARDNERS,109604986.71142007,109213654.3901422,0.9992223421198736,0.9964296120731422,0.995657495216489,1,1,True,True
WILSON,WILSON - PROL,PROL,OLDFIELDS,133267703.09520099,WILSON - PROL,PROL,OLDFIELDS,132779310.51972345,132593639.27568069,0.994942031686111,0.9986016553082253,0.9935577869962465,1,1,True,True
WILSON,WILSON - PRSA,PRSA,SARATOGA,108415208.79897757,WILSON - PRSA,PRSA,SARATOGA,108248326.95861328,107740009.20328537,0.9937720952330208,0.9953041513932843,0.9891344194550106,1,1,True,True
WILSON,WILSON - PRSP,PRSP,SPRING HILL,94864628.08203292,WILSON - PRSP,PRSP,SPRING HILL,94632299.73608086,94524769.97715469,0.9964174412344257,0.99886370975633,0.9952892734673503,1,1,True,True
WILSON,WILSON - PRST,PRST,STANTONSBURG,62712301.381419644,WILSON - PRST,PRST,STANTONSBURG,60393448.89342824,60371711.373003356,0.9626773383075086,0.9996400682388044,0.9623437679098369,1,1,True,True
WILSON,WILSON - PRTA,PRTA,TAYLORS,54999744.85239181,WILSON - PRTA,PRTA,TAYLORS,55623514.49966572,54922903.39508465,0.9986028761130913,0.9874044078141577,0.9860422335094448,1,1,True,True
WILSON,WILSON - PRTO,PRTO,TOISNOT,121673812.04474564,WILSON - PRTO,PRTO,TOISNOT,121485163.10826617,121322972.84646225,0.9971165594930619,0.9986649376956478,0.9957891801243078,1,1,True,True
WILSON,WILSON - PRWA,PRWA,WILSON A,1211604.1492923792,WILSON - PRWA,PRWA,WILSON A,1218317.8756864031,1196759.1616844388,0.9877476586584732,0.9823045245972295,0.9704794048754813,1,1,True,True
WILSON,WILSON - PRWB,PRWB,WILSON B,2496749.8648593402,WILSON - PRWB,PRWB,WILSON B,2494857.682567363,2469319.1894433857,0.9890134467204628,0.9897635471143601,0.9789995587252033,1,1,True,True
WILSON,WILSON - PRWC,PRWC,WILSON C,1931880.789672,WILSON - PRWC,PRWC,WILSON C,1917581.7429953974,1897022.0658399987,0.9819560689156602,0.9892783307775537,0.9716158305828132,1,1,True,True
WILSON,WILSON - PRWD,PRWD,WILSON D,2337712.4262085077,WILSON - PRWD,PRWD,WILSON D,2358307.9555279287,2324558.216769386,0.994373042085225,0.9856890027108494,0.9802215068447797,1,1,True,True
WILSON,WILSON - PRWE,PRWE,WILSON E,9757461.105066286,WILSON - PRWE,PRWE,WILSON E,9699759.367612872,9674236.228229187,0.9914706422151264,0.9973686832408538,0.9888839628580124,1,1,True,True
WILSON,WILSON - PRWF,PRWF,WILSON F,18714790.374847513,WILSON - PRWR,PRWR,WILSON R,19267786.927720327,18693344.823196743,0.9988540853933586,0.9701863993681007,0.9691077570446814,1,1,True,True
WILSON,WILSON - PRWG,PRWG,WILSON G,503866.24208383675,WILSON - PRWR,PRWR,WILSON R,19267786.927720327,502938.5114717852,0.9981587760112391,0.026102557255717508,0.02610130049615423,1,2,True,False
WILSON,WILSON - PRWH,PRWH,WILSON H,14301183.615481582,WILSON - PRWH,PRWH,WILSON H,14342493.618004162,14287586.530845208,0.9990492336157649,0.9961717196032056,0.9952282154512491,1,1,True,True
WILSON,WILSON - PRWI,PRWI,WILSON I,9630565.583057294,WILSON - PRWI,PRWI,WILSON I,9562982.303315727,9533776.113099849,0.9899497626465757,0.9969459119248029,0.9869566628352514,1,1,True,True
WILSON,WILSON - PRWJ,PRWJ,WILSON J,10366287.130058395,WILSON - PRWJ,PRWJ,WILSON J,10305451.843725849,10209388.994524352,0.9848645774937975,0.9906784437346159,0.9758217814126845,1,1,True,True
WILSON,WILSON - PRWK,PRWK,WILSON K,2169160.590941161,WILSON - PRWK,PRWK,WILSON K,2150570.6507514273,2126383.694898188,0.9802795163153813,0.9887532381952725,0.96946956628279,1,1,True,True
WILSON,WILSON - PRWL,PRWL,WILSON L,2767179.408759401,WILSON - PRWL,PRWL,WILSON L,2801615.367744561,2741122.3369930927,0.9905835264298998,0.9784078030667829,0.9693917508589688,1,1,True,True
WILSON,WILSON - PRWM,PRWM,WILSON M,12600534.129607186,WILSON - PRWM,PRWM,WILSON M,12611034.825220218,12537971.592564315,0.9950349297577894,0.9942064046552478,0.9892985577952306,1,1,True,True
WILSON,WILSON - PRWN,PRWN,WILSON N,18748673.66018608,WILSON - PRWN,PRWN,WILSON N,18680424.726138763,18656742.48036618,0.9950966568896488,0.9987322426486672,0.9938412937528115,1,1,True,True
WILSON,WILSON - PRWP,PRWP,WILSON P,2713133.835041759,WILSON - PRWP,PRWP,WILSON P,2743368.3851815923,2659389.0825291337,0.9801908951860466,0.9693882516449209,0.9507620720416707,1,1,True,True
WILSON,WILSON - PRWQ,PRWQ,WILSON Q,703620.8893723653,WILSON - PRWQ,PRWQ,WILSON Q,714904.8594114529,679159.1803023265,0.9652345326304071,0.9499993899348311,0.9185689605863313,1,1,True,True
YADKIN,YADKIN - BNVL,BNVL,BOONVILLE,105554529.560821,YADKIN - BNVL,BNVL,BOONVILLE,105761965.61417067,105386584.1801293,0.9984089230335216,0.9964506953718051,0.9948708838737775,1,1,True,True
YADKIN,YADKIN - DCRK,DCRK,DEEP CREEK,81201010.53255388,YADKIN - DCRK,DCRK,DEEP CREEK,81288178.74576394,80961606.16473453,0.9970517070385057,0.9959825329332227,0.993057847083971,1,1,True,True
YADKIN,YADKIN - EBND,EBND,EAST BEND,83081935.4878316,YADKIN - EBND,EBND,EAST BEND,82880508.32965381,82726196.1386462,0.9957182106182698,0.9981381365279054,0.9938722425095255,1,1,True,True
YADKIN,YADKIN - FBSH,FBSH,FORBUSH,110292051.45952584,YADKIN - FBSH,FBSH,FORBUSH,110400918.88587315,109970489.80018988,0.9970844530038145,0.9961012182685887,0.9932083282336491,1,1,True,True
YADKIN,YADKIN - NBCK,NBCK,BUCK SHOALS NORTH,58234515.62040266,YADKIN - NBCK,NBCK,NORTH BUCK SHOALS,58199818.27224736,58032828.23169498,0.9965366349052792,0.9971307463578111,0.9936871930768297,1,1,True,True
YADKIN,YADKIN - NFAL,NFAL,FALL CREEK NORTH,57446260.312371336,YADKIN - NFAL,NFAL,NORTH FALL CREEK,57518714.84672948,57289732.826546624,0.9972752362821605,0.9960189997152574,0.9933158580628977,1,1,True,True
YADKIN,YADKIN - NKNB,NKNB,KNOBS NORTH,59268762.833225206,YADKIN - NKNB,NKNB,NORTH KNOBS,59341156.498740576,59073587.08314909,0.9967069373351809,0.9954909976249424,0.9922275164057189,1,1,True,True
YADKIN,YADKIN - NLIB,NLIB,LIBERTY NORTH,63566368.81835155,YADKIN - NLIB,NLIB,NORTH LIBERTY,63703128.73668428,63382119.73054105,0.9971014690435281,0.9949608596546315,0.9920914253932643,1,1,True,True
YADKIN,YADKIN - SBCK,SBCK,BUCK SHOALS SOUTH,56717143.58222452,YADKIN - SBCK,SBCK,SOUTH BUCK SHOALS,56519664.5681164,56440021.679941475,0.9951139658173848,0.9985908817969198,0.9937185743661061,1,1,True,True
YADKIN,YADKIN - SFAL,SFAL,FALL CREEK SOUTH,61739737.587383725,YADKIN - SFAL,SFAL,SOUTH FALL CREEK,61682619.31573018,61555572.26881583,0.9970170699493622,0.9979403104420057,0.994969637305028,1,1,True,True
YADKIN,YADKIN - SKNB,SKNB,KNOBS SOUTH,51840466.65148642,YADKIN - SKNB,SKNB,SOUTH KNOBS,51648290.52962653,51533944.74367752,0.9940872077817202,0.9977860683330182,0.9918993511089137,1,1,True,True
YADKIN,YADKIN - SLIB,SLIB,LIBERTY SOUTH,85161672.45908634,YADKIN - SLIB,SLIB,SOUTH LIBERTY,85727726.79610671,85019284.37550443,0.9983280262180112,0.991736134304748,0.9900916575530815,1,1,True,True
YANCEY,YANCEY - 01 BUR,01 BUR,BURNSVILLE,63336606.12024294,YANCEY - 01 BUR,01 BUR,BURNSVILLE,64691552.9333209,61411937.49296848,0.9696120656730403,0.9493038071951557,0.9218766248564103,1,1,True,True
YANCEY,YANCEY - 02 CAN,02 CAN,CANE RIVER,62766350.83870807,YANCEY - 02 CAN,02 CAN,CANE RIVER,65960087.27609737,62213795.6658565,0.9911966337780018,0.9432036589860843,0.9353679747967919,1,1,True,True
YANCEY,YANCEY - 03 EGY,03 EGY,EGYPT,61284031.46577315,YANCEY - 03 EGY,03 EGY,EGYPT,60579972.20381557,59686636.35861617,0.9739345622513572,0.9852536108436324,0.9599415179497826,1,1,True,True
YANCEY,YANCEY - 04 RAM,04 RAM,RAMSEYTOWN,90844420.83716501,YANCEY - 04 RAM,04 RAM,RAMSEYTOWN,91744333.14753649,90056637.3706355,0.9913282130122048,0.9816043594301681,0.9732473509305393,1,1,True,True
YANCEY,YANCEY - 05 GRE,05 GRE,GREEN MOUNTAIN,29557298.308222868,YANCEY - 05 GRE,05 GRE,GREEN MOUNTAIN,31214411.49347302,28446505.27712545,0.9624189931192597,0.9113260162881386,0.8800100632156318,1,1,True,True
YANCEY,YANCEY - 06 JAC,06 JAC,JACKS CREEK,58260471.17662526,YANCEY - 06 JAC,06 JAC,JACKS CREEK,56358843.40683635,55119047.48325922,0.9460796723761066,0.9780017500602799,0.9263663874052044,1,1,True,True
YANCEY,YANCEY - 07 BRU,07 BRU,BRUSH CREEK,33668759.61899966,YANCEY - 07 BRU,07 BRU,BRUSH CREEK,32111329.63726721,31862523.86319318,0.9463527680780018,0.9922517760278206,0.9394107004419553,1,1,True,True
YANCEY,YANCEY - 08 CRA,08 CRA,CRABTREE,72955775.49919438,YANCEY - 08 CRA,08 CRA,CRABTREE,76079793.98601256,72316113.15805598,0.9912321905049797,0.9505298236132376,0.942604609314252,1,1,True,True
YANCEY,YANCEY - 09 SOU,09 SOU,SOUTH TOE,157510522.60762548,YANCEY - 09 SOU,09 SOU,SOUTH TOE,156342499.38367692,155551748.73491028,0.9875641713309865,0.9949421900514327,0.9826310650260623,1,1,True,True
YANCEY,YANCEY - 10 PEN,10 PEN,PENSACOLA,107942054.67391372,YANCEY - 10 PEN,10 PEN,PENSACOLA,106047425.97312184,105362023.81005453,0.976098001176156,0.9935368335744328,0.9699391560659754,1,1,True,True
YANCEY,YANCEY - 11 PRI,11 PRI,PRICES CREEK,72824053.94570285,YANCEY - 11 PRI,11 PRI,PRICES CREEK,70004759.64348558,69584060.22008264,0.955509291915609,0.9939904168581474,0.9500210870999095,1,1,True,True
